"","x"
"1","AAACAGCCAGAATGAC-1"
"2","AAACAGCCAGCAAGGC-1"
"3","AAACATGCACCTGGTG-1"
"4","AAACATGCAGGATGGC-1"
"5","AAACATGCAGTAATAG-1"
"6","AAACATGCATAAGTCT-1"
"7","AAACATGCATAGCTGC-1"
"8","AAACATGCATCAATCG-1"
"9","AAACATGCATGCAACC-1"
"10","AAACCAACAACTAGGG-1"
"11","AAACCAACAATGAAGC-1"
"12","AAACCAACAGAACCGA-1"
"13","AAACCAACAGGCCAAA-1"
"14","AAACCGAAGAGGAGGA-1"
"15","AAACCGAAGCTGTCAG-1"
"16","AAACCGAAGGAACACA-1"
"17","AAACCGAAGGTAGCTT-1"
"18","AAACCGAAGGTGCTGC-1"
"19","AAACCGAAGTTTGAGC-1"
"20","AAACCGCGTCGTTACT-1"
"21","AAACCGCGTGTGCAAC-1"
"22","AAACCGCGTTGCAGTA-1"
"23","AAACCGGCACAGCCTG-1"
"24","AAACCGGCAGATTCAT-1"
"25","AAACCGGCATAAGTTC-1"
"26","AAACCGGCATGAGTTT-1"
"27","AAACGCGCAACAGGAT-1"
"28","AAACGCGCAGGGAGGA-1"
"29","AAACGCGCAGTAAAGC-1"
"30","AAACGCGCAGTCTAAT-1"
"31","AAACGCGCATAGGCGA-1"
"32","AAACGCGCATATAACC-1"
"33","AAACGTACACAATGCC-1"
"34","AAACGTACATAGTCAT-1"
"35","AAAGCAAGTACCTTAC-1"
"36","AAAGCAAGTCCAAGAC-1"
"37","AAAGCAAGTTGCATCT-1"
"38","AAAGCACCACCAGGTT-1"
"39","AAAGCCCGTAAGCTTG-1"
"40","AAAGCCCGTATTGTCC-1"
"41","AAAGCCCGTCTCACTG-1"
"42","AAAGCCCGTGGATTCA-1"
"43","AAAGCCCGTTCCGCAC-1"
"44","AAAGCCCGTTCTTTAG-1"
"45","AAAGCCGCACAGCCAT-1"
"46","AAAGCCGCACCTACTT-1"
"47","AAAGCCGCAGATTCAT-1"
"48","AAAGCCGCAGGAACAT-1"
"49","AAAGCCGCAGTAAGTA-1"
"50","AAAGCCGCATTTAAGC-1"
"51","AAAGCGGGTAGCCTCC-1"
"52","AAAGCGGGTATTACCC-1"
"53","AAAGCGGGTTAACACG-1"
"54","AAAGCTTGTATTCGTC-1"
"55","AAAGCTTGTCTAACCT-1"
"56","AAAGCTTGTGCTGGTG-1"
"57","AAAGGACGTAGGTTGC-1"
"58","AAAGGACGTCAATACG-1"
"59","AAAGGACGTTGGATAT-1"
"60","AAAGGACGTTGGTTCT-1"
"61","AAAGGAGCAGTAATAG-1"
"62","AAAGGAGCATACCCGG-1"
"63","AAAGGAGCATCCAGGT-1"
"64","AAAGGAGCATGAATCT-1"
"65","AAAGGAGCATGCTATG-1"
"66","AAAGGCTCAATGAATG-1"
"67","AAAGGCTCAGGCCTTG-1"
"68","AAAGGTTAGCCTAATA-1"
"69","AAAGGTTAGCTTCCCG-1"
"70","AAAGGTTAGTTACCGG-1"
"71","AAATCCGGTACGGTAC-1"
"72","AAATCCGGTAGTTAAC-1"
"73","AAATGCCTCCTCCATA-1"
"74","AAATGGCCAACATAAG-1"
"75","AAATGGCCAAGCCAGA-1"
"76","AAATGGCCATAAGGAC-1"
"77","AACAAAGGTAACGTGC-1"
"78","AACAAAGGTAATCCCT-1"
"79","AACAAAGGTCTAACCT-1"
"80","AACAAAGGTGCATTTC-1"
"81","AACAAAGGTGTTAAAC-1"
"82","AACAAAGGTTAAGCCA-1"
"83","AACAAAGGTTTGGCTT-1"
"84","AACAAGCCAAACCTAT-1"
"85","AACAAGCCAACCTAAT-1"
"86","AACAAGCCACCAGGTT-1"
"87","AACAAGCCACCTAATG-1"
"88","AACAAGCCACCTACGG-1"
"89","AACAAGCCAGGCTTCG-1"
"90","AACAAGCCATAAGTCT-1"
"91","AACAGATAGGTAACGA-1"
"92","AACAGATAGGTGCGGA-1"
"93","AACAGCAAGCTGGAAA-1"
"94","AACAGCAAGCTTAACA-1"
"95","AACAGCAAGGAATAAC-1"
"96","AACAGCAAGGGTTATC-1"
"97","AACAGCAAGTCTATGA-1"
"98","AACAGCAAGTTGTCCC-1"
"99","AACAGCAAGTTTGTCT-1"
"100","AACAGGATCCTCCTAA-1"
"101","AACATAGCACCTGCTC-1"
"102","AACATAGCACTAAGAA-1"
"103","AACATAGCAGGACACA-1"
"104","AACATAGCAGTAAAGC-1"
"105","AACATAGCATAAGTCT-1"
"106","AACATCATCTTGCAAA-1"
"107","AACATTGTCAAGCGCC-1"
"108","AACATTGTCATTGTTC-1"
"109","AACATTGTCCATCAGG-1"
"110","AACATTGTCCGGTATG-1"
"111","AACATTGTCGGTTTGG-1"
"112","AACATTGTCGTTATCT-1"
"113","AACCCGCAGACAACGA-1"
"114","AACCCGCAGAGGAAGG-1"
"115","AACCCGCAGCAGGCCT-1"
"116","AACCCGCAGCATGTCG-1"
"117","AACCCGCAGCGAGTAA-1"
"118","AACCCGCAGCTGTACG-1"
"119","AACCCGCAGCTTTGGG-1"
"120","AACCCGCAGGACCGCT-1"
"121","AACCGCTCAAGACTCC-1"
"122","AACCGCTCACAACAGG-1"
"123","AACCGCTCATCCGTAA-1"
"124","AACCGCTCATGAATAG-1"
"125","AACCGGCTCAAGACTC-1"
"126","AACCGGCTCATCACTT-1"
"127","AACCGGCTCATTAGTG-1"
"128","AACCGGCTCCCTCTAA-1"
"129","AACCGGCTCGTTACTT-1"
"130","AACCTAATCAAACCTA-1"
"131","AACCTAATCAATACGC-1"
"132","AACCTAATCACAGCCA-1"
"133","AACCTAATCCCTGATC-1"
"134","AACCTAATCGATTCTT-1"
"135","AACCTAATCGCATTAA-1"
"136","AACCTAATCTGCAAGT-1"
"137","AACCTCACAACCGCCA-1"
"138","AACCTCACACAAAGCG-1"
"139","AACCTCACAGTAATAG-1"
"140","AACCTCCTCCTGGTGA-1"
"141","AACCTCCTCGACAAAG-1"
"142","AACCTCCTCTAATTGG-1"
"143","AACCTTAAGGACAACA-1"
"144","AACCTTAAGGCATTGT-1"
"145","AACCTTGCAAAGCGCA-1"
"146","AACCTTGCAAGTTATC-1"
"147","AACCTTGCATTATGAC-1"
"148","AACGACAAGCTCCTTA-1"
"149","AACGACAAGGACCGCT-1"
"150","AACGACAAGGAGTAAT-1"
"151","AACGACAAGTATCGCG-1"
"152","AACGCCCAGCTTAGTA-1"
"153","AACGCCCAGGTAAGCA-1"
"154","AACGCCCAGGTCTTGG-1"
"155","AACGCCCAGTGTGATC-1"
"156","AACGCCCAGTTAGACC-1"
"157","AACGCTAGTCCAAGAC-1"
"158","AACGCTAGTGCGCGTA-1"
"159","AACGCTAGTGGATTAT-1"
"160","AACGCTAGTTGGCCGA-1"
"161","AACGGTAAGCATTTCT-1"
"162","AACGGTAAGCTGTACG-1"
"163","AACGGTAAGGAGCATA-1"
"164","AACGGTAAGGAGGCAT-1"
"165","AACGGTAAGGCATTGT-1"
"166","AACGGTAAGGCGCACT-1"
"167","AACGGTAAGGGATTAG-1"
"168","AACTACTCAAATACCT-1"
"169","AACTAGCTCAGGTCCA-1"
"170","AACTAGCTCCAGCACA-1"
"171","AACTAGCTCGCAACAT-1"
"172","AACTAGCTCTGTAAGC-1"
"173","AACTAGCTCTGTTGCC-1"
"174","AACTAGTGTCAAACTG-1"
"175","AACTAGTGTCATAGAT-1"
"176","AACTAGTGTCATCCTG-1"
"177","AACTAGTGTGCATCGG-1"
"178","AACTAGTGTTCGCTCA-1"
"179","AACTCACAGAGCAAGC-1"
"180","AACTCACAGCGCAATT-1"
"181","AACTCACAGCTAAAGG-1"
"182","AACTCACAGGCCTAAT-1"
"183","AACTCACAGGCGCTTA-1"
"184","AACTCACAGGTTTGAC-1"
"185","AACTCACAGTTAGTTG-1"
"186","AACTGTTCAATTGAGA-1"
"187","AACTGTTCACAAAGCG-1"
"188","AACTGTTCATATAACC-1"
"189","AACTTAGTCTAGCTAA-1"
"190","AAGAACAGTCCTAAGA-1"
"191","AAGAACAGTTACAAAC-1"
"192","AAGAATCAGCCACAAT-1"
"193","AAGAATCAGGCGCTTA-1"
"194","AAGAATCAGTATTGGC-1"
"195","AAGAATCAGTATTGTG-1"
"196","AAGACAAGTACCTTAC-1"
"197","AAGACAAGTCGTTACT-1"
"198","AAGACAAGTGTTAAAC-1"
"199","AAGACAAGTTAGTGAT-1"
"200","AAGACAAGTTCCATTA-1"
"201","AAGACATAGCATCCAG-1"
"202","AAGACATAGCCTCTGT-1"
"203","AAGACATAGGCTAAGA-1"
"204","AAGACCAAGATGGACA-1"
"205","AAGACCAAGCATGTCG-1"
"206","AAGACCAAGGAAGCAC-1"
"207","AAGACCAAGGGTTATC-1"
"208","AAGACCAAGTAGAGGC-1"
"209","AAGACCAAGTGTTGCG-1"
"210","AAGCAAGTCCCTGATC-1"
"211","AAGCAAGTCGATATTG-1"
"212","AAGCAAGTCTACCTCA-1"
"213","AAGCATGAGCCTAATA-1"
"214","AAGCATGAGGAAACTG-1"
"215","AAGCATGAGGAAGCTA-1"
"216","AAGCATGAGGCATGTT-1"
"217","AAGCATGAGGTTTGAC-1"
"218","AAGCCACGTGAGCGAA-1"
"219","AAGCCACGTTACATCC-1"
"220","AAGCCACGTTATCCGT-1"
"221","AAGCCTCCAATCTCTC-1"
"222","AAGCCTCCATCAGTAT-1"
"223","AAGCCTGTCATTAGCA-1"
"224","AAGCCTGTCCATCAGG-1"
"225","AAGCCTGTCCCTCTAA-1"
"226","AAGCCTGTCCTAAGTA-1"
"227","AAGCCTGTCGGTTCCT-1"
"228","AAGCCTGTCTCAATGA-1"
"229","AAGCCTTAGACTCGCA-1"
"230","AAGCCTTAGTTGCGTG-1"
"231","AAGCGAATCAAACCTA-1"
"232","AAGCGAATCAGCACGC-1"
"233","AAGCGAATCGGCTAGC-1"
"234","AAGCGAGGTAATGGCC-1"
"235","AAGCGAGGTTACTTCA-1"
"236","AAGCGAGGTTCAAGCA-1"
"237","AAGCGCTGTAGGATTT-1"
"238","AAGCGCTGTAGGTTTG-1"
"239","AAGCGCTGTGAGAAAC-1"
"240","AAGCGCTGTTTAACGG-1"
"241","AAGCGGGTCGTAACGT-1"
"242","AAGCGTTTCAAACTCA-1"
"243","AAGCGTTTCATGGTTA-1"
"244","AAGCGTTTCCTTAGGG-1"
"245","AAGCGTTTCGTAATCA-1"
"246","AAGCTAGAGAAAGCAT-1"
"247","AAGCTAGAGCATCCAG-1"
"248","AAGCTAGAGCTGTACG-1"
"249","AAGCTAGAGGAGGGTT-1"
"250","AAGCTATGTAACTACG-1"
"251","AAGCTATGTCCAAGAC-1"
"252","AAGCTATGTCGTTACT-1"
"253","AAGCTATGTCGTTATC-1"
"254","AAGCTATGTGGTTAGC-1"
"255","AAGCTATGTTAGTGAT-1"
"256","AAGCTTGGTACTGAAT-1"
"257","AAGCTTGGTATTGCAG-1"
"258","AAGCTTGGTGTTTCAC-1"
"259","AAGCTTGGTTTAGCTC-1"
"260","AAGGATCCAAGCGATG-1"
"261","AAGGATGTCAAGCGCC-1"
"262","AAGGATTAGATAACCC-1"
"263","AAGGATTAGGAAGTAT-1"
"264","AAGGCCCTCATTGACA-1"
"265","AAGGTATAGCGATAAG-1"
"266","AAGGTATAGGAAGTAT-1"
"267","AAGGTATAGTAATCCA-1"
"268","AAGGTATAGTGAACGA-1"
"269","AAGGTATAGTTTGAGC-1"
"270","AAGGTCAAGCTGGACC-1"
"271","AAGGTCAAGCTTAGCG-1"
"272","AAGGTCAAGGCCTAAT-1"
"273","AAGGTCAAGGTTTGCG-1"
"274","AAGGTCAAGTAACAGG-1"
"275","AAGGTCAAGTACTGGT-1"
"276","AAGGTCAAGTTTGAGC-1"
"277","AAGGTGCAGGCCTAAT-1"
"278","AAGGTGCAGTTAGTTG-1"
"279","AAGTAGCCAAGGTCGA-1"
"280","AAGTAGCCAGTCTAAT-1"
"281","AAGTCTATCCGCACAA-1"
"282","AAGTCTATCGCAGGCT-1"
"283","AAGTCTATCGGTCAAT-1"
"284","AAGTCTATCTTGCAGG-1"
"285","AAGTGAAGTACGCGCA-1"
"286","AAGTGAAGTGGACATC-1"
"287","AAGTGAAGTTTGACCT-1"
"288","AAGTGCAAGCCTGGTA-1"
"289","AAGTGCAAGGAAACTG-1"
"290","AAGTGTTGTATTCGCT-1"
"291","AAGTGTTGTCAGGCAT-1"
"292","AAGTGTTGTCTAACCT-1"
"293","AAGTTACGTAACGTGC-1"
"294","AAGTTACGTAAGTCGC-1"
"295","AAGTTACGTCCAAATG-1"
"296","AAGTTACGTTGGATAT-1"
"297","AAGTTACGTTTAAAGC-1"
"298","AAGTTAGCAATTTAGC-1"
"299","AAGTTAGCATGGTTAT-1"
"300","AAGTTAGCATTAAACC-1"
"301","AAGTTAGCATTAAAGG-1"
"302","AAGTTTGTCCATAAGC-1"
"303","AATAACCGTACCGTAA-1"
"304","AATAACCGTCCTAAGA-1"
"305","AATAACCGTGCCTCAC-1"
"306","AATAACCGTGTGAGGA-1"
"307","AATACCGGTGAGCGAA-1"
"308","AATACCGGTTGTCCAT-1"
"309","AATAGAGGTGCATCGG-1"
"310","AATAGAGGTTTATCTG-1"
"311","AATAGCTGTCACACCC-1"
"312","AATAGCTGTTAAATGC-1"
"313","AATAGCTGTTGTAACG-1"
"314","AATATCCCACTTAACG-1"
"315","AATATCCCACTTGTTC-1"
"316","AATCAGGAGAGCCGGA-1"
"317","AATCAGGAGCCGCTTT-1"
"318","AATCAGGAGCTGTCAG-1"
"319","AATCAGGAGGAGCAAC-1"
"320","AATCAGGAGTCTATGA-1"
"321","AATCATCCATTGTCCT-1"
"322","AATCATGTCAGCAAAG-1"
"323","AATCATGTCCACCCTG-1"
"324","AATCATGTCGCATCCT-1"
"325","AATCCATCAGGCTTGT-1"
"326","AATCCATCAGTTAAAG-1"
"327","AATCCATCATCCCGCT-1"
"328","AATCCATCATCTTGAG-1"
"329","AATCCCTGTGCAATGC-1"
"330","AATCCCTGTTCACTGT-1"
"331","AATCCCTGTTCATTTG-1"
"332","AATCCCTGTTGGATCA-1"
"333","AATCCGTAGATAACCC-1"
"334","AATCCGTAGCAACATC-1"
"335","AATCCGTAGCACCACA-1"
"336","AATCCGTAGGCAAGTA-1"
"337","AATCCGTAGGGTGAAC-1"
"338","AATCCTAAGACAAGTG-1"
"339","AATCCTAAGGAACACA-1"
"340","AATCCTAAGTTATCTC-1"
"341","AATCGCCCAACTAACT-1"
"342","AATCGCCCATGCTTAG-1"
"343","AATCGCCCATGTTGCA-1"
"344","AATCGCCCATTAGGTT-1"
"345","AATCTCAAGCCTGTTC-1"
"346","AATCTTGAGACTTACA-1"
"347","AATCTTGAGTATTGTG-1"
"348","AATGAAGGTGCGCATG-1"
"349","AATGAAGGTTGCACAA-1"
"350","AATGAAGGTTGCGCGA-1"
"351","AATGCAACAGGTTTGC-1"
"352","AATGCATGTCAAGACC-1"
"353","AATGCATGTCATAACG-1"
"354","AATGCATGTGAACAAA-1"
"355","AATGCATGTGGAAACG-1"
"356","AATGCATGTTAGCATG-1"
"357","AATGCATGTTTACGTC-1"
"358","AATGCGCGTAATCCCT-1"
"359","AATGGCGCAGCAAGTG-1"
"360","AATGTCATCAGCACGC-1"
"361","AATGTCATCCCTCAAC-1"
"362","AATGTCATCCTTGAGG-1"
"363","AATGTCATCGGCCAGT-1"
"364","AATGTCCAGAATGACG-1"
"365","AATGTCCAGCCGCAAC-1"
"366","AATGTCCAGCCTGAGC-1"
"367","AATGTCCAGTTTGGTA-1"
"368","AATTACCCAAGTTATC-1"
"369","AATTACCCAGTAGCCT-1"
"370","AATTACCCATGACTAT-1"
"371","AATTACCCATGGTTAT-1"
"372","AATTAGCGTAACAGGG-1"
"373","AATTAGCGTAACCACA-1"
"374","AATTAGCGTCGCGCAA-1"
"375","AATTAGCGTTATAGCG-1"
"376","AATTAGGCACATTAAC-1"
"377","AATTAGGCAGAATGAC-1"
"378","AATTCGTCAACCTAAT-1"
"379","AATTCGTCAGTAATAG-1"
"380","AATTCGTCATTGTTGG-1"
"381","AATTGACGTAATCCCT-1"
"382","AATTGACGTATTTGCC-1"
"383","AATTGACGTCATGCCC-1"
"384","AATTGACGTCGTTACT-1"
"385","AATTGACGTGCGCATG-1"
"386","AATTGACGTGGGTGAA-1"
"387","AATTGACGTTACATCC-1"
"388","AATTGCCAGACAACGA-1"
"389","AATTGCCAGACCATAC-1"
"390","AATTGCCAGCCGCAGT-1"
"391","AATTGCCAGGATTTGC-1"
"392","AATTGCCAGTTGTCAA-1"
"393","AATTGCTCAGACAAAC-1"
"394","AATTGCTCAGTAGGAT-1"
"395","AATTGGACAAGTGTCC-1"
"396","AATTGGACAGACAAAC-1"
"397","AATTGGACAGCTTAAT-1"
"398","AATTGGACATGAGCAG-1"
"399","AATTGGACATGTTGGC-1"
"400","AATTGGACATTGCAGC-1"
"401","AATTGGGAGCCTCTGT-1"
"402","AATTGGGAGGCATGTT-1"
"403","AATTGGGAGGCCATCA-1"
"404","AATTGGGAGGCTATGT-1"
"405","AATTGGGAGGTGTCCA-1"
"406","AATTGTGTCCAATAGC-1"
"407","AATTGTGTCCGTAAAC-1"
"408","AATTGTGTCGCTCCAT-1"
"409","AATTGTGTCTTGTCTG-1"
"410","AATTTCCTCTCACATT-1"
"411","AATTTGCCAAGGTATA-1"
"412","AATTTGCCACGTGCTG-1"
"413","AATTTGCCAGGGAGGA-1"
"414","AATTTGCCAGGTTACC-1"
"415","AATTTGCCAGTATGTT-1"
"416","AATTTGCCATGTTGCA-1"
"417","ACAAACTGTAATCCCT-1"
"418","ACAAACTGTTTGGTTC-1"
"419","ACAAAGGTCCTCCTAA-1"
"420","ACAAAGGTCTATCGCC-1"
"421","ACAAAGGTCTTAGTGA-1"
"422","ACAACAACAATGAAGC-1"
"423","ACAACAACAGGCATGA-1"
"424","ACAACACTCAATAGCC-1"
"425","ACAACACTCAGCTAAC-1"
"426","ACAACACTCCGTTAAA-1"
"427","ACAACACTCGCTAGAT-1"
"428","ACAACACTCTGTAAGC-1"
"429","ACAACACTCTGTTGCC-1"
"430","ACAACAGAGCATGGTT-1"
"431","ACAACAGAGCGAAGTA-1"
"432","ACAACATGTACAATGT-1"
"433","ACAACATGTGACCTGG-1"
"434","ACACAATGTAGCAGCT-1"
"435","ACACAATGTCCTTTAA-1"
"436","ACACAATGTCGCAAAC-1"
"437","ACACAATGTTTATTCG-1"
"438","ACACCTTGTACCGAAC-1"
"439","ACACCTTGTTCACTGT-1"
"440","ACACCTTGTTTATTCG-1"
"441","ACACGGACACTAAGCC-1"
"442","ACACGGACATCAATCG-1"
"443","ACACTAATCGCTAAAC-1"
"444","ACACTAGGTAGCTGGT-1"
"445","ACACTAGGTATCTGGA-1"
"446","ACACTAGGTTTGGCGG-1"
"447","ACACTTAAGAATCTCA-1"
"448","ACACTTAAGTCGCAAT-1"
"449","ACACTTGCAAACTCAT-1"
"450","ACACTTGCAAATATCC-1"
"451","ACACTTGCAAGGGTTG-1"
"452","ACACTTGCAATGAGGT-1"
"453","ACACTTGCACCAGGTT-1"
"454","ACACTTGCAGAATGAC-1"
"455","ACACTTGCAGCAAATA-1"
"456","ACACTTGCAGCTCAAC-1"
"457","ACACTTGCAGTAGGTG-1"
"458","ACACTTGCATAATCAC-1"
"459","ACAGCCGGTAGCTAGC-1"
"460","ACAGCCGGTCCTTCTC-1"
"461","ACAGCCGGTGGAGCAA-1"
"462","ACAGCCGGTTGCGGAT-1"
"463","ACAGCCGGTTTAACCC-1"
"464","ACAGCCGGTTTGTGGA-1"
"465","ACAGCGCTCTTTAGGA-1"
"466","ACAGCGCTCTTTGACT-1"
"467","ACAGGAATCGATCAGT-1"
"468","ACAGGAATCGCTAAGT-1"
"469","ACAGGAATCTCCATAT-1"
"470","ACAGGATCAAACAACA-1"
"471","ACAGGATCAAGCCAGA-1"
"472","ACAGGATCAAGTCGCT-1"
"473","ACAGGATCAAGTTATC-1"
"474","ACAGGATCAGCCTAAC-1"
"475","ACAGGATCAGCTAATT-1"
"476","ACAGGATCATCCCTCA-1"
"477","ACAGGATCATTATGCG-1"
"478","ACAGGCTGTCACGAAC-1"
"479","ACAGGCTGTTTGAGGC-1"
"480","ACAGGTAAGCGGCTGT-1"
"481","ACAGGTAAGGAATAAC-1"
"482","ACAGTATGTTTAACGG-1"
"483","ACATAGCTCACGCCAA-1"
"484","ACATAGCTCCTGTTCA-1"
"485","ACATAGCTCGCTCACT-1"
"486","ACATAGCTCTATGACA-1"
"487","ACATAGCTCTCAATTC-1"
"488","ACATCAATCCAATTAG-1"
"489","ACATCAATCTCACATT-1"
"490","ACATCATCAACTAACT-1"
"491","ACATCATCACAAAGCG-1"
"492","ACATCATCACCTACGG-1"
"493","ACATCATCAGTAGCCT-1"
"494","ACATCATCAGTATGTT-1"
"495","ACATCATCATGTCGCG-1"
"496","ACATTAGTCGCTTCTA-1"
"497","ACATTAGTCGTGCTAG-1"
"498","ACATTAGTCGTTAGTA-1"
"499","ACATTGCAGCAGCTAT-1"
"500","ACATTGCAGCCTGTGA-1"
"501","ACATTGCAGGGTCTAT-1"
"502","ACCAAACTCACCTGTC-1"
"503","ACCAAACTCACTAAGC-1"
"504","ACCAAACTCCCTCAAC-1"
"505","ACCAAACTCCTGAGTG-1"
"506","ACCAAACTCTCGCCTG-1"
"507","ACCAAGCGTCACACCC-1"
"508","ACCAAGCGTCATAAGT-1"
"509","ACCAAGTTCACTTCAT-1"
"510","ACCAAGTTCCATAATG-1"
"511","ACCAAGTTCCGCAAGC-1"
"512","ACCAAGTTCGTTAGTA-1"
"513","ACCAAGTTCGTTTCTG-1"
"514","ACCAATATCATCCTCA-1"
"515","ACCAATATCATTTGTC-1"
"516","ACCAATATCCGGTATG-1"
"517","ACCAATATCGCGACAC-1"
"518","ACCAATATCGCTAAGT-1"
"519","ACCAATATCTAGCTAA-1"
"520","ACCAATATCTTGCATT-1"
"521","ACCACATAGACTTATG-1"
"522","ACCACATAGCCGCAAC-1"
"523","ACCACATAGGAAGCTA-1"
"524","ACCACATAGTTGTCCC-1"
"525","ACCAGCTCAAAGGCCA-1"
"526","ACCAGCTCAATAGCAA-1"
"527","ACCAGGACAAAGGCCA-1"
"528","ACCAGGACAAATTCGT-1"
"529","ACCAGGACAACCGCCA-1"
"530","ACCAGGACACAAGCCT-1"
"531","ACCAGGACACCAGGTT-1"
"532","ACCAGGACACCCTCAC-1"
"533","ACCAGGACACCTCACC-1"
"534","ACCAGGACAGACAAAC-1"
"535","ACCAGGCTCCCTCACG-1"
"536","ACCAGGCTCCGGTATG-1"
"537","ACCAGGCTCCTCGATC-1"
"538","ACCAGGCTCTGCAAAC-1"
"539","ACCAGGCTCTTGCATT-1"
"540","ACCAGGGAGACTCGCA-1"
"541","ACCAGGGAGATGGAGC-1"
"542","ACCAGGGAGGCGTAAA-1"
"543","ACCAGGGAGTTGGATC-1"
"544","ACCATAATCAGGCCTA-1"
"545","ACCATAATCCGGTTAG-1"
"546","ACCATAATCCGTGACA-1"
"547","ACCATAATCCTAGTCC-1"
"548","ACCATTAAGTAGGCGG-1"
"549","ACCCAACCAATAACCT-1"
"550","ACCCAACCACGGTTTA-1"
"551","ACCCAACCAGGTATTT-1"
"552","ACCCAGGGTCACAGAC-1"
"553","ACCCAGGGTTGCGCGA-1"
"554","ACCCGCTGTCCGTGAG-1"
"555","ACCCGCTGTGGGTGAA-1"
"556","ACCCGCTGTTTGGCGG-1"
"557","ACCCGGTAGCCACATG-1"
"558","ACCCGGTAGGCGGGTA-1"
"559","ACCCGTAAGATAGACG-1"
"560","ACCCGTAAGCATGACT-1"
"561","ACCCGTAAGCCTGTGA-1"
"562","ACCCGTAAGCTTAGTA-1"
"563","ACCCGTAAGGCACAGG-1"
"564","ACCCGTAAGGCGCACT-1"
"565","ACCCGTAAGGGCCACT-1"
"566","ACCCTCCCACAAACTT-1"
"567","ACCCTCCCACATGCTA-1"
"568","ACCCTCCCAGCAACAG-1"
"569","ACCCTCCCAGCGCTTG-1"
"570","ACCCTCCCATCCAGGT-1"
"571","ACCCTCCCATCCCTCA-1"
"572","ACCGAAGCACTATGGC-1"
"573","ACCGAAGCATGACTAT-1"
"574","ACCGCAATCAAGCTAC-1"
"575","ACCGGCTAGCACCACA-1"
"576","ACCGGCTAGGATTGCT-1"
"577","ACCGGCTAGGTCCGTA-1"
"578","ACCGGCTAGGTGAGAC-1"
"579","ACCGGCTAGTAGCGCC-1"
"580","ACCGGCTAGTGTTGCG-1"
"581","ACCGGCTAGTTAGACC-1"
"582","ACCGGTTCAAACTAAG-1"
"583","ACCGGTTCAATGCCCG-1"
"584","ACCGGTTCAGGTTATT-1"
"585","ACCTAAATCCTCCTAA-1"
"586","ACCTAAATCGCTTCTA-1"
"587","ACCTAAGGTGGATTAT-1"
"588","ACCTAAGGTTACCGGG-1"
"589","ACCTAAGGTTGAAGCC-1"
"590","ACCTACCTCAAGCTTA-1"
"591","ACCTACCTCAATCTAG-1"
"592","ACCTACCTCCTAATTC-1"
"593","ACCTACCTCGCTATAA-1"
"594","ACCTACCTCGTGCCTT-1"
"595","ACCTCACTCAAACCTA-1"
"596","ACCTCACTCCTCAGTC-1"
"597","ACCTCACTCGCCTAAG-1"
"598","ACCTCACTCTACCTCA-1"
"599","ACCTCACTCTTACTCG-1"
"600","ACCTCACTCTTTAGGA-1"
"601","ACCTCACTCTTTGAGA-1"
"602","ACCTGGATCTTTGACT-1"
"603","ACCTGGTCAAATATCC-1"
"604","ACCTGGTCACCGTTCC-1"
"605","ACCTGGTCAGTTTGTG-1"
"606","ACCTGGTCATAGCGGA-1"
"607","ACCTGTTGTACCGAAC-1"
"608","ACCTTCATCACAGACT-1"
"609","ACCTTCATCCGCCAAA-1"
"610","ACCTTCCAGATGGACA-1"
"611","ACCTTCCAGCCAGGTC-1"
"612","ACCTTCCAGCCGGTAC-1"
"613","ACCTTCCAGCTGTCAG-1"
"614","ACCTTCCAGTTAACCA-1"
"615","ACCTTGCTCCTCATGC-1"
"616","ACCTTGCTCGTTAGCG-1"
"617","ACCTTGCTCTAGCTAA-1"
"618","ACCTTGTGTACAATGT-1"
"619","ACCTTGTGTCCTAACT-1"
"620","ACCTTGTGTCGACTAA-1"
"621","ACCTTGTGTTGCACGG-1"
"622","ACGAACAAGCCACATG-1"
"623","ACGAACAAGGACCGCT-1"
"624","ACGAACAAGGCATGTT-1"
"625","ACGAACAAGGTAACGA-1"
"626","ACGAATCTCAAGCCTG-1"
"627","ACGAATCTCATCCACC-1"
"628","ACGAATCTCCATAAGC-1"
"629","ACGAATCTCCGGTTAG-1"
"630","ACGAATCTCCTTGAGG-1"
"631","ACGAATCTCGCTAAAC-1"
"632","ACGACAAAGCTCCTTA-1"
"633","ACGACAAAGGAGCATA-1"
"634","ACGACAAAGGGTTATC-1"
"635","ACGACAAAGTTTGAGC-1"
"636","ACGACTTAGCACTTGG-1"
"637","ACGACTTAGCGTGCAC-1"
"638","ACGACTTAGGATTGCT-1"
"639","ACGACTTAGGGCTAAA-1"
"640","ACGACTTAGTTATCTC-1"
"641","ACGAGTAAGACAGGTA-1"
"642","ACGATTCAGGATTTGC-1"
"643","ACGCAAGCAAGCCAGA-1"
"644","ACGCAAGCAGGCTAAG-1"
"645","ACGCAAGCATTATCCC-1"
"646","ACGCACGGTATTGGAT-1"
"647","ACGCACGGTCCTCCAA-1"
"648","ACGCACGGTTACTAGG-1"
"649","ACGCACGGTTTGACCT-1"
"650","ACGCCACAGCCTGATG-1"
"651","ACGCCTAAGACTAAGG-1"
"652","ACGCCTAAGGCACAGG-1"
"653","ACGCCTAAGGCGCTTA-1"
"654","ACGCCTTTCGTTTCGC-1"
"655","ACGCTTGAGTGGCGGA-1"
"656","ACGGTACGTCCTTTAA-1"
"657","ACGGTACGTCTAACCT-1"
"658","ACGGTTAGTAGCTGGT-1"
"659","ACGGTTAGTAGGTTGC-1"
"660","ACGGTTTAGGCAAGTA-1"
"661","ACGGTTTAGTAAGTCC-1"
"662","ACGGTTTAGTTACTTC-1"
"663","ACGGTTTAGTTGCGTG-1"
"664","ACGTACCCAATATAGG-1"
"665","ACGTACCCAATGAATG-1"
"666","ACGTACCCACAGGAAT-1"
"667","ACGTACCCACCGGTAT-1"
"668","ACGTACCCAGCTACGT-1"
"669","ACGTACCCAGTAGGTG-1"
"670","ACGTACCCATCAATCG-1"
"671","ACGTCAAGTTCCAGGG-1"
"672","ACGTCAAGTTCTTTAG-1"
"673","ACGTCCAAGACAGGCG-1"
"674","ACGTCCAAGCCTGTTC-1"
"675","ACGTCCAAGCGGATAA-1"
"676","ACGTCCAAGGAGCACG-1"
"677","ACGTCCAAGGCCTGGT-1"
"678","ACGTCCTTCATTGCGG-1"
"679","ACGTCCTTCATTGTCT-1"
"680","ACGTCCTTCCGGTTAG-1"
"681","ACGTCCTTCGGTTCCT-1"
"682","ACGTTACAGTTGTCTT-1"
"683","ACGTTGTAGACAACGA-1"
"684","ACGTTGTAGACAGGTA-1"
"685","ACGTTGTAGCACAGCC-1"
"686","ACGTTGTAGGGCTAAA-1"
"687","ACGTTGTAGGTCCAAT-1"
"688","ACTAAAGCACAAAGAC-1"
"689","ACTAAAGCACAATGCC-1"
"690","ACTAAAGCACCTGTAA-1"
"691","ACTAAAGCACTTAACG-1"
"692","ACTAAAGCATTAGGTT-1"
"693","ACTAACCAGAGGATAT-1"
"694","ACTAACCAGCTGGCTA-1"
"695","ACTAACCAGTGTTGCG-1"
"696","ACTAACCAGTTGTCAA-1"
"697","ACTAACGGTTATAGCG-1"
"698","ACTAACTCAACAACAA-1"
"699","ACTAACTCAACTAGCC-1"
"700","ACTAACTCACCGTTCC-1"
"701","ACTAATCCACCTCGCT-1"
"702","ACTAATCCACCTGCCT-1"
"703","ACTAATCCACTGGCTG-1"
"704","ACTAATCCAGCCAGTT-1"
"705","ACTAATCCATATTGAC-1"
"706","ACTAGGCGTATTGTCC-1"
"707","ACTATCCGTAGCTGGT-1"
"708","ACTATCCGTCCTCCAA-1"
"709","ACTATCCGTGAGGTAG-1"
"710","ACTATCCGTGTTGTAG-1"
"711","ACTATCCGTTTATGGG-1"
"712","ACTATGTCACCCACAG-1"
"713","ACTATGTCAGCAACAG-1"
"714","ACTATGTCATGATTGT-1"
"715","ACTCACCTCGATTATG-1"
"716","ACTCACCTCTAATCCT-1"
"717","ACTCACTGTAAATTGC-1"
"718","ACTCACTGTAGTTAAC-1"
"719","ACTCACTGTGCTCCGT-1"
"720","ACTCACTGTTCCGCAC-1"
"721","ACTCAGTAGCAGGCCT-1"
"722","ACTCAGTAGCTGTACG-1"
"723","ACTCAGTAGGATTGAG-1"
"724","ACTCAGTAGGGATGCG-1"
"725","ACTCCTCAGTGAGGGT-1"
"726","ACTCGCGCAACTAGCC-1"
"727","ACTCGCGCAAGGTAAC-1"
"728","ACTCGCGCAATGAGGT-1"
"729","ACTCGCGCAGAAATTG-1"
"730","ACTCGCTTCAGGTCCA-1"
"731","ACTCGCTTCATGCTTT-1"
"732","ACTCGCTTCGATCAGT-1"
"733","ACTCGCTTCTAAATCG-1"
"734","ACTCGCTTCTTAGGGT-1"
"735","ACTCGCTTCTTGAGCG-1"
"736","ACTGAAACACAGAAAC-1"
"737","ACTGAAACACAGGGAC-1"
"738","ACTGAATGTGCTGTAA-1"
"739","ACTGAATGTGGTTAGC-1"
"740","ACTTACAAGCACGTTG-1"
"741","ACTTACAAGCTCCTTA-1"
"742","ACTTACTTCATTCATC-1"
"743","ACTTACTTCGGGATTT-1"
"744","ACTTACTTCTCACTAT-1"
"745","ACTTAGGGTCCTTCTC-1"
"746","ACTTAGTCAATTGCGC-1"
"747","ACTTAGTCACTTAGGC-1"
"748","ACTTAGTCAGAACCGA-1"
"749","ACTTAGTCAGCTAACC-1"
"750","ACTTATCTCAATCTAG-1"
"751","ACTTATCTCACGCCAA-1"
"752","ACTTATCTCCACAATA-1"
"753","ACTTATCTCCTCATGC-1"
"754","ACTTATGAGACTTATG-1"
"755","ACTTATGAGATGGACA-1"
"756","ACTTATGAGCTTAGTA-1"
"757","ACTTATGAGGTCCTGA-1"
"758","ACTTATGAGTAGGCGG-1"
"759","ACTTCGCTCCCTCATA-1"
"760","ACTTCGCTCCCTGGAA-1"
"761","ACTTCGCTCCTGGTCT-1"
"762","ACTTCGCTCTGGCAAT-1"
"763","ACTTGAATCAAACACC-1"
"764","ACTTGAATCATCCTAT-1"
"765","ACTTGAATCGAGGAAC-1"
"766","ACTTGAATCGCACACA-1"
"767","ACTTGAATCGCAGGCT-1"
"768","ACTTGCACAAGGTAAC-1"
"769","ACTTGCACAAGTCGCT-1"
"770","ACTTGCACAAGTTATC-1"
"771","ACTTGCACACTTAGGC-1"
"772","ACTTGCACAGTAGCCT-1"
"773","ACTTGTAAGACAAAGT-1"
"774","ACTTGTAAGACAGGTA-1"
"775","ACTTGTAAGCACTTGG-1"
"776","ACTTGTAAGTAACAGG-1"
"777","ACTTGTAAGTCCTTCA-1"
"778","ACTTGTCGTCAAAGAA-1"
"779","ACTTGTCGTCTTGCAT-1"
"780","ACTTGTCGTGGATTAT-1"
"781","ACTTGTCGTTAACACG-1"
"782","ACTTTGTTCAGCACGC-1"
"783","ACTTTGTTCATTACTC-1"
"784","ACTTTGTTCCGCAAAT-1"
"785","ACTTTGTTCTGCAACG-1"
"786","ACTTTGTTCTTGCTAT-1"
"787","AGAAACCCAAGGTCCT-1"
"788","AGAAACCCAAGGTGCA-1"
"789","AGAAACCCACCTACTT-1"
"790","AGAAACCCAGCACGTT-1"
"791","AGAAACCCAGTCTAAT-1"
"792","AGAAACCCATGTCGCG-1"
"793","AGAAACTAGCTGGCTA-1"
"794","AGAAACTAGGCTAAGA-1"
"795","AGAAACTAGTAGAGGC-1"
"796","AGAAAGGCAACACTTG-1"
"797","AGAAAGGCATTAGGCC-1"
"798","AGAACCAAGAATCGCT-1"
"799","AGAACCAAGCGGCTGT-1"
"800","AGAACCAAGGTCCTGA-1"
"801","AGAACCGCACCTACGG-1"
"802","AGAAGGTGTACCGGAT-1"
"803","AGAATCGAGGGCCACT-1"
"804","AGAATCTGTTATGTGG-1"
"805","AGAATCTGTTGCGCGA-1"
"806","AGAATCTGTTTAACCC-1"
"807","AGACAATAGGACCGCT-1"
"808","AGACAATAGGTCGAGG-1"
"809","AGACAATAGGTGAAAT-1"
"810","AGACAATAGTTTCCGC-1"
"811","AGACACGCAGAGGCTA-1"
"812","AGACACGCAGCCAGAA-1"
"813","AGACACGCAGGCTTGT-1"
"814","AGACCCGGTAGCAGCT-1"
"815","AGACCCGGTCTTTATG-1"
"816","AGACCCGGTGTCACGG-1"
"817","AGACCCGGTTTGGCTT-1"
"818","AGACTATGTATTACCC-1"
"819","AGACTATGTATTCGTC-1"
"820","AGACTATGTGGGTGAA-1"
"821","AGAGAAGCAATGCCTA-1"
"822","AGAGAAGCAATTGCGC-1"
"823","AGAGAAGCAGTCTAAT-1"
"824","AGAGAGGAGAGAGCCG-1"
"825","AGAGAGGAGCATGGTT-1"
"826","AGAGATTAGCGGATTT-1"
"827","AGAGATTAGGCTAGAA-1"
"828","AGAGATTAGTAGCCAT-1"
"829","AGAGGAACAGTCTAAT-1"
"830","AGAGGAACATGAGTTT-1"
"831","AGAGGATGTACGGGTT-1"
"832","AGAGGATGTCATTGTC-1"
"833","AGAGGATGTGGAAGGC-1"
"834","AGAGGATGTTATGTGG-1"
"835","AGATGAAGTCGCGCAA-1"
"836","AGATGAAGTGCGCGTA-1"
"837","AGATGAAGTGCTCCGT-1"
"838","AGATGAAGTTAGCATG-1"
"839","AGATGAAGTTATCCTA-1"
"840","AGATGCTTCATTACAG-1"
"841","AGATGCTTCGAGCTAT-1"
"842","AGATGCTTCGCACACA-1"
"843","AGCAAATAGCCGCAGT-1"
"844","AGCAAATAGCGTGCAC-1"
"845","AGCAAATAGGTGTCCA-1"
"846","AGCAAATAGTTAGAGG-1"
"847","AGCAACAAGAGAGGCT-1"
"848","AGCAACAAGAGCCGCT-1"
"849","AGCAACAAGCACGATT-1"
"850","AGCAACAAGGGTCCAC-1"
"851","AGCAAGGGTAACCACA-1"
"852","AGCAAGGGTCCCGAAG-1"
"853","AGCAAGGGTGTGTGGT-1"
"854","AGCAAGGGTTCCGGCT-1"
"855","AGCAATACAAAGGCCA-1"
"856","AGCAATACAAGACTCC-1"
"857","AGCAATACAAGTCGCT-1"
"858","AGCAATACAATTTGGT-1"
"859","AGCAATACACCGGTAT-1"
"860","AGCAATACAGTTTCTC-1"
"861","AGCAATACATTGTGCA-1"
"862","AGCAATTGTCTAACAG-1"
"863","AGCAATTGTGAACAAA-1"
"864","AGCACAGCACATTGCA-1"
"865","AGCACTAGTAGGTTGC-1"
"866","AGCACTAGTTAGGTTG-1"
"867","AGCACTAGTTGCATCT-1"
"868","AGCACTAGTTGCTGGG-1"
"869","AGCACTTAGGAGCATA-1"
"870","AGCAGGTAGCTCATAA-1"
"871","AGCAGGTAGGAAGTAT-1"
"872","AGCATCCCAAAGCGGC-1"
"873","AGCATCCCAATTGACT-1"
"874","AGCATCCCACCGTTCC-1"
"875","AGCATCCCACTTCACT-1"
"876","AGCATTTCAACACTTG-1"
"877","AGCATTTCAACAGGAT-1"
"878","AGCATTTCAAGTGTTT-1"
"879","AGCATTTCAATCATGT-1"
"880","AGCATTTCACAACAAA-1"
"881","AGCATTTCAGCGCTTG-1"
"882","AGCATTTCAGGTTATT-1"
"883","AGCATTTCAGTTATGT-1"
"884","AGCCAGTGTTGTCATC-1"
"885","AGCCAGTGTTTGCAGA-1"
"886","AGCCGCTAGCTAAGTC-1"
"887","AGCCGCTAGCTCCTTA-1"
"888","AGCCGCTAGGGCCATC-1"
"889","AGCCGGTTCAAACACC-1"
"890","AGCCGGTTCACATTGA-1"
"891","AGCCGGTTCACGAATC-1"
"892","AGCCGGTTCGTACCGA-1"
"893","AGCCGGTTCTTGAGCG-1"
"894","AGCCTAAGTTAGAGGG-1"
"895","AGCCTAGTCCGTTAAA-1"
"896","AGCCTAGTCCTTAAGA-1"
"897","AGCCTAGTCCTTCAAT-1"
"898","AGCCTCCGTAATTAGC-1"
"899","AGCCTCCGTAGCAGCT-1"
"900","AGCCTCCGTGCAATGC-1"
"901","AGCCTCCGTTACGCGG-1"
"902","AGCCTCCGTTGGATCA-1"
"903","AGCCTGGGTCGCAAAC-1"
"904","AGCCTGGGTGAGGTAG-1"
"905","AGCCTGGGTGCATTTC-1"
"906","AGCCTGGGTTGAAGCC-1"
"907","AGCGATTTCCCTGACT-1"
"908","AGCGATTTCCTAAGAC-1"
"909","AGCGCCTAGCATGAAG-1"
"910","AGCGCCTAGGGTTAGA-1"
"911","AGCGCTCAGAAGGTGC-1"
"912","AGCGCTCAGATTCCTT-1"
"913","AGCGCTCAGCGCCTTT-1"
"914","AGCGCTCAGGATAAAC-1"
"915","AGCGCTCAGTTCCCAC-1"
"916","AGCGGACCACCGGTAT-1"
"917","AGCGGACCACCTAAGC-1"
"918","AGCGGACCACCTGTAA-1"
"919","AGCGGACCAGGTCCTG-1"
"920","AGCGGACCAGTCTATG-1"
"921","AGCGGACCATTTGCTC-1"
"922","AGCGGATAGATAGACG-1"
"923","AGCGGATAGCCTCTGT-1"
"924","AGCGGATAGGACCTCA-1"
"925","AGCGGATAGTGATTCA-1"
"926","AGCGTGCTCACCAATA-1"
"927","AGCGTGCTCCAACTGG-1"
"928","AGCGTGCTCTTAAGTG-1"
"929","AGCGTGCTCTTGTTCG-1"
"930","AGCTAAACAATACTGT-1"
"931","AGCTAAACAGTAGCCT-1"
"932","AGCTAAACATATAACC-1"
"933","AGCTAAACATGGCCTG-1"
"934","AGCTAAACATTCCTCG-1"
"935","AGCTAACTCCACCCTG-1"
"936","AGCTACGTCACTTTAC-1"
"937","AGCTACGTCATCCTGC-1"
"938","AGCTACGTCATTACAG-1"
"939","AGCTACGTCATTTAGG-1"
"940","AGCTACGTCCAGGGAG-1"
"941","AGCTACGTCTAAGGAG-1"
"942","AGCTACGTCTGTAAGC-1"
"943","AGCTAGTTCAAACACC-1"
"944","AGCTAGTTCAGCCAAT-1"
"945","AGCTATATCCTAATGA-1"
"946","AGCTATATCTATGACA-1"
"947","AGCTCATAGCTTGCTC-1"
"948","AGCTCATAGGCAACAA-1"
"949","AGCTCATAGGCAAGTA-1"
"950","AGCTCATAGGCGCACT-1"
"951","AGCTCATAGGGCTTAT-1"
"952","AGCTCATAGTAACTCA-1"
"953","AGCTCATAGTTTAACG-1"
"954","AGCTGCTCAGCATGGA-1"
"955","AGCTGCTCAGGCAAGC-1"
"956","AGCTGCTCATGCTCCC-1"
"957","AGCTTAATCATAGACC-1"
"958","AGCTTAATCCGTCCAT-1"
"959","AGCTTAATCTAATCTC-1"
"960","AGCTTAATCTAGCTTT-1"
"961","AGCTTCCTCATGAAGG-1"
"962","AGCTTCCTCGCATCCT-1"
"963","AGCTTCCTCGTAACGT-1"
"964","AGCTTCCTCTCAATTC-1"
"965","AGCTTGGTCAAGTGTC-1"
"966","AGCTTGGTCGCGCTAA-1"
"967","AGCTTGGTCGGTCAAT-1"
"968","AGCTTGGTCGGTTAGT-1"
"969","AGCTTTAAGACTAAGG-1"
"970","AGCTTTAAGCCTGTTC-1"
"971","AGCTTTAAGGCGCATC-1"
"972","AGCTTTAAGTCAGTAC-1"
"973","AGGAAACGTCGACTAA-1"
"974","AGGAAACGTGATTTGG-1"
"975","AGGAACCAGACAGGCG-1"
"976","AGGAACCAGAGGAGTC-1"
"977","AGGAACCAGCTTATGA-1"
"978","AGGAACCAGGAAGCTA-1"
"979","AGGAACCAGGCACAGG-1"
"980","AGGAACCAGGCTAGAA-1"
"981","AGGAACCAGGGATGCG-1"
"982","AGGAACGGTTAGGATT-1"
"983","AGGAACGGTTTATCGC-1"
"984","AGGACGTAGGCATGAA-1"
"985","AGGACTAAGCACGATT-1"
"986","AGGACTAAGGACCGCT-1"
"987","AGGACTAAGGTCCACA-1"
"988","AGGAGCTAGCTGTAAC-1"
"989","AGGAGCTAGGTGTCCA-1"
"990","AGGAGCTAGTTCCTGC-1"
"991","AGGATATAGCAAACCT-1"
"992","AGGATATAGGACCTCA-1"
"993","AGGATATAGGCTAGAA-1"
"994","AGGATATAGGGATTAG-1"
"995","AGGATATAGGGTGAAC-1"
"996","AGGATATAGTAGGCGG-1"
"997","AGGATCCGTGTCACGG-1"
"998","AGGATCCGTGTGAGGA-1"
"999","AGGATCCGTTAGGTTG-1"
"1000","AGGATGCAGAGCCGCT-1"
"1001","AGGATGCAGCAAGACA-1"
"1002","AGGATGCAGCTCAATA-1"
"1003","AGGATGCAGTGAACAG-1"
"1004","AGGATGCAGTGTGATC-1"
"1005","AGGATGCAGTTTGAGC-1"
"1006","AGGATGTCAATAATCC-1"
"1007","AGGATGTCATTATCCC-1"
"1008","AGGATTGAGAAACTGG-1"
"1009","AGGATTGAGAGGCTAA-1"
"1010","AGGATTGAGGAACCAA-1"
"1011","AGGATTGAGGAAGTAT-1"
"1012","AGGCAATCAAAGCTAA-1"
"1013","AGGCAATCACAATACT-1"
"1014","AGGCAATCAGCACCAT-1"
"1015","AGGCAGGTCAATGTCA-1"
"1016","AGGCAGGTCACAGCCA-1"
"1017","AGGCAGGTCAGGCTAT-1"
"1018","AGGCAGGTCATAGACC-1"
"1019","AGGCAGGTCCACCCTG-1"
"1020","AGGCAGGTCCTGCGAA-1"
"1021","AGGCAGGTCGTTAGTA-1"
"1022","AGGCCCAGTACCTTAC-1"
"1023","AGGCGGATCATCCACC-1"
"1024","AGGCGGATCATTGTTC-1"
"1025","AGGCGGATCCCTCATA-1"
"1026","AGGCGGATCGGTTCCT-1"
"1027","AGGCTAAAGCTGGAAA-1"
"1028","AGGCTAAAGGAGCATA-1"
"1029","AGGCTAAAGGCATGTT-1"
"1030","AGGCTAAAGGCATTGT-1"
"1031","AGGCTAAAGGCTAGAA-1"
"1032","AGGCTAAAGTCAGTAC-1"
"1033","AGGCTAAAGTTTGGTA-1"
"1034","AGGCTAGCAAATGCCC-1"
"1035","AGGCTAGCACTAGGTC-1"
"1036","AGGCTAGCAGAGGCTA-1"
"1037","AGGCTAGCATGAGCAG-1"
"1038","AGGCTAGCATTTGCTC-1"
"1039","AGGGCCTTCATTACGA-1"
"1040","AGGGCCTTCCTTTACG-1"
"1041","AGGGCCTTCTACCTAT-1"
"1042","AGGGCCTTCTCAATGA-1"
"1043","AGGGCCTTCTCACTAT-1"
"1044","AGGGCCTTCTTGCAGG-1"
"1045","AGGGCTACAAGGTCCT-1"
"1046","AGGGCTACAATAACGA-1"
"1047","AGGGCTACACTAAGTT-1"
"1048","AGGGCTACAGCACGTT-1"
"1049","AGGGCTACATGTCGCG-1"
"1050","AGGGTTGCACAATTAC-1"
"1051","AGGGTTGCACGTTACA-1"
"1052","AGGTAACCAACCTAAT-1"
"1053","AGGTAACCAATAATGG-1"
"1054","AGGTAACCACAGCCAT-1"
"1055","AGGTAACCAGGTTAAA-1"
"1056","AGGTAACCATAATGAG-1"
"1057","AGGTAACCATTGTCAG-1"
"1058","AGGTACGCAAGCGATG-1"
"1059","AGGTACGCAGCAAGTG-1"
"1060","AGGTATTGTGAGCAAG-1"
"1061","AGGTATTGTTTCCACG-1"
"1062","AGGTCAAAGCACGATT-1"
"1063","AGGTCAAAGCGATAGA-1"
"1064","AGGTCAAAGGACCTTG-1"
"1065","AGGTCAAAGGAGTAAT-1"
"1066","AGGTCAAAGGTGTTAC-1"
"1067","AGGTCATTCCGCATGA-1"
"1068","AGGTCATTCCTCGATC-1"
"1069","AGGTCCGGTGGTGAGA-1"
"1070","AGGTCCGGTTAGGTTG-1"
"1071","AGGTCTTAGATGGACA-1"
"1072","AGGTCTTAGCAGCTAT-1"
"1073","AGGTCTTAGGCCGGAA-1"
"1074","AGGTCTTAGGCTACAT-1"
"1075","AGGTCTTAGGGACGCA-1"
"1076","AGGTCTTAGTTAGTGC-1"
"1077","AGGTGAATCACTTTAC-1"
"1078","AGGTGAATCCGGGACT-1"
"1079","AGGTGAGGTACAATGT-1"
"1080","AGGTGAGGTTACTTCA-1"
"1081","AGGTGAGGTTGTAAAC-1"
"1082","AGGTGAGGTTTAGTCC-1"
"1083","AGGTGAGGTTTCGCGC-1"
"1084","AGGTTAACAAGGTGCA-1"
"1085","AGGTTAACAATCATGT-1"
"1086","AGGTTAACAATTAGCT-1"
"1087","AGGTTAACACCCACAG-1"
"1088","AGGTTAACACGGTTTA-1"
"1089","AGGTTAACATAGGCGA-1"
"1090","AGGTTAGAGACACTTA-1"
"1091","AGGTTAGAGCTTTGGG-1"
"1092","AGGTTAGAGGACTTAC-1"
"1093","AGGTTGCGTATTGGAT-1"
"1094","AGGTTGCGTCAATACG-1"
"1095","AGGTTGCGTCCGTAGG-1"
"1096","AGGTTGCGTCTAGCTT-1"
"1097","AGGTTTATCCCGTTTA-1"
"1098","AGGTTTATCCGCACAA-1"
"1099","AGGTTTATCCTCATCA-1"
"1100","AGGTTTATCGAGGTGG-1"
"1101","AGGTTTATCGGTTCCT-1"
"1102","AGGTTTGGTCACCAAA-1"
"1103","AGGTTTGGTTAGACCA-1"
"1104","AGGTTTGGTTAGCGTA-1"
"1105","AGTAAACAGAGGCTAA-1"
"1106","AGTAAACAGGTATTGC-1"
"1107","AGTAAACAGTTCCTGC-1"
"1108","AGTAAACAGTTGTCAA-1"
"1109","AGTAACACAAACATAG-1"
"1110","AGTAACACAATAACGA-1"
"1111","AGTAACACATCCTGAA-1"
"1112","AGTAACCTCACTAAGC-1"
"1113","AGTAACCTCGATTCTT-1"
"1114","AGTAACCTCGGGCCAT-1"
"1115","AGTAACGAGCGCATTG-1"
"1116","AGTAACGAGGATCACT-1"
"1117","AGTAACGAGGTTAGCT-1"
"1118","AGTAACGAGTGTGATC-1"
"1119","AGTAACGAGTTGCCTC-1"
"1120","AGTAAGTAGATAGACG-1"
"1121","AGTAAGTAGATTCCTT-1"
"1122","AGTAAGTAGGAGTCGG-1"
"1123","AGTAAGTAGGCATTGT-1"
"1124","AGTAAGTAGGCGCTAC-1"
"1125","AGTAATCGTTCGGGAT-1"
"1126","AGTAATGCAATTATGC-1"
"1127","AGTACGCGTCGCGCAA-1"
"1128","AGTAGCTTCCACCCTG-1"
"1129","AGTAGGATCCCTCTAA-1"
"1130","AGTATAGCAAGTCGCT-1"
"1131","AGTATAGCATCATGGC-1"
"1132","AGTCAAGAGCCTCTCG-1"
"1133","AGTCAAGAGCCTGGTA-1"
"1134","AGTCAAGAGTCTGGGC-1"
"1135","AGTCAAGAGTTGCCTC-1"
"1136","AGTCAATGTAACCAGC-1"
"1137","AGTCAATGTCAGGAAG-1"
"1138","AGTCAATGTGGAAACG-1"
"1139","AGTCAGGCAGCTAACC-1"
"1140","AGTCAGGCAGGATGGC-1"
"1141","AGTCAGGCATAGTCAT-1"
"1142","AGTCCTGAGGTGTCCA-1"
"1143","AGTCCTGAGTAACGGA-1"
"1144","AGTCCTTGTGATGGCT-1"
"1145","AGTCCTTGTGCGCGTA-1"
"1146","AGTCCTTGTGGTTCCC-1"
"1147","AGTCTTGCACCCACCT-1"
"1148","AGTCTTGCAGTCTATG-1"
"1149","AGTCTTGCATGTCAAT-1"
"1150","AGTGAACCAAATATCC-1"
"1151","AGTGAACCAACAACAA-1"
"1152","AGTGAACCACATGCTA-1"
"1153","AGTGAACCAGCGCTTG-1"
"1154","AGTGAACCATGAAGTA-1"
"1155","AGTGAGTCACCGTTCC-1"
"1156","AGTGAGTCACTAAATC-1"
"1157","AGTGAGTCAGAAATTG-1"
"1158","AGTGAGTCAGGAACTG-1"
"1159","AGTGAGTCATCCAGGT-1"
"1160","AGTGATGAGCATTAGC-1"
"1161","AGTGATGAGGGACTAA-1"
"1162","AGTGATGAGTTATTCC-1"
"1163","AGTGCACGTAACGTGC-1"
"1164","AGTGCACGTCCTAATC-1"
"1165","AGTGCACGTTAAGGCC-1"
"1166","AGTGCACGTTGGGTTA-1"
"1167","AGTGCCGGTCGTAAAT-1"
"1168","AGTGCCGGTCTAGCTT-1"
"1169","AGTGCGGAGCGCAATT-1"
"1170","AGTGCGGAGGCGCTAC-1"
"1171","AGTGCGGAGGTGTTAC-1"
"1172","AGTGCGGAGTCCTGAG-1"
"1173","AGTGGACAGCATGACT-1"
"1174","AGTGGACAGGGACGCA-1"
"1175","AGTGGACAGTAACTCA-1"
"1176","AGTGGACAGTTATCCT-1"
"1177","AGTGTGGCAATAACGA-1"
"1178","AGTGTGGCAATGAGGT-1"
"1179","AGTGTGGCAGGCATGA-1"
"1180","AGTGTGGCATGTTGTG-1"
"1181","AGTGTTTCAAACCTAT-1"
"1182","AGTGTTTCAACACCTA-1"
"1183","AGTGTTTCACCTAATG-1"
"1184","AGTGTTTCACTAAGAA-1"
"1185","AGTTACATCAAACACC-1"
"1186","AGTTACATCGCGCTAA-1"
"1187","AGTTACATCTGTAAGC-1"
"1188","AGTTACTCAATAGCAA-1"
"1189","AGTTACTCACAATGTT-1"
"1190","AGTTATGTCACTTTAC-1"
"1191","AGTTGCAGTACCGTAA-1"
"1192","AGTTGCAGTATCTGGA-1"
"1193","AGTTGCAGTGATGATT-1"
"1194","AGTTGCAGTGTTTGCT-1"
"1195","AGTTGCAGTTAGTACG-1"
"1196","AGTTGCGTCAAGCCTG-1"
"1197","AGTTGCGTCATAGCCG-1"
"1198","AGTTGCGTCATCCACC-1"
"1199","AGTTGCGTCCAGCACA-1"
"1200","AGTTGCGTCCCTGATC-1"
"1201","AGTTGGCGTAGGTTGC-1"
"1202","AGTTGGCGTTTGTCTA-1"
"1203","AGTTGTCAGCTTTGTT-1"
"1204","AGTTGTCAGGCATGAA-1"
"1205","AGTTGTCAGTAGCGCC-1"
"1206","AGTTTGATCAAAGGCA-1"
"1207","AGTTTGATCACGCCAA-1"
"1208","AGTTTGATCTAATCCT-1"
"1209","AGTTTGATCTACCTGC-1"
"1210","AGTTTGCAGAGAGGCT-1"
"1211","AGTTTGCAGCATGGTT-1"
"1212","AGTTTGCAGCGATAAG-1"
"1213","AGTTTGCAGTGTTGTA-1"
"1214","ATAACGACATAGCTGC-1"
"1215","ATAAGCCTCACCAATA-1"
"1216","ATAAGCCTCCCTTGCG-1"
"1217","ATAAGCCTCCTAGTCC-1"
"1218","ATAAGCCTCGCATTAA-1"
"1219","ATAAGCCTCGGTTTCC-1"
"1220","ATAAGCCTCTGGCAAT-1"
"1221","ATAAGTCGTAATTAGC-1"
"1222","ATAAGTCGTATTTGGG-1"
"1223","ATAAGTCGTCATAAGT-1"
"1224","ATAAGTCGTCATCCTG-1"
"1225","ATAATGGCAGCTTACA-1"
"1226","ATAATGGCAGTAATAG-1"
"1227","ATAATGGCATTGTGTG-1"
"1228","ATACCGGTCAAACACC-1"
"1229","ATACCGGTCCTAGTTT-1"
"1230","ATACCGGTCGTTCACC-1"
"1231","ATACCTGCACTAGCGT-1"
"1232","ATACCTGCAGGTTATT-1"
"1233","ATACCTGCATTGCGGT-1"
"1234","ATAGATGCAAGCGAGC-1"
"1235","ATAGATGCAATGCGCT-1"
"1236","ATAGATGCACAACAGG-1"
"1237","ATAGATGCATTATCCC-1"
"1238","ATAGCATGTCATGAGC-1"
"1239","ATAGCATGTTAGCATG-1"
"1240","ATAGCATGTTAGCTGA-1"
"1241","ATAGGTACAACTAGGG-1"
"1242","ATAGGTACACTGACCG-1"
"1243","ATAGGTACATCCATCT-1"
"1244","ATAGGTACATCCTGAA-1"
"1245","ATATAGGCAATTAGGA-1"
"1246","ATATAGGCATAGCGAG-1"
"1247","ATATAGGCATTGGGAG-1"
"1248","ATATGCATCTGTGCAG-1"
"1249","ATATGCTCAACAGGTG-1"
"1250","ATATGCTCATAATCAC-1"
"1251","ATATGGTGTCACAGCG-1"
"1252","ATATGGTGTTCTTTAG-1"
"1253","ATATGTCCAAGCGAGC-1"
"1254","ATATGTCCACACCAAC-1"
"1255","ATATGTCCAGAAATGC-1"
"1256","ATATGTCCAGACAAAC-1"
"1257","ATATGTCCAGGCCATT-1"
"1258","ATATGTCCATGTTGTG-1"
"1259","ATCAAGACAATTAACC-1"
"1260","ATCAAGACAGCAAGGC-1"
"1261","ATCAAGACATTGGGAG-1"
"1262","ATCAAGCTCACGCATG-1"
"1263","ATCAAGCTCCTGATGG-1"
"1264","ATCAAGCTCGGGACCT-1"
"1265","ATCAAGCTCGGTCAAT-1"
"1266","ATCAATCCAAACTAAG-1"
"1267","ATCAATCCAAAGCTAA-1"
"1268","ATCAATCCAACCCTAA-1"
"1269","ATCAATCCAGGTATTT-1"
"1270","ATCACAATCCTCACAC-1"
"1271","ATCACAATCCTGAGTG-1"
"1272","ATCACAATCTAAGTCA-1"
"1273","ATCACACAGCTAATTG-1"
"1274","ATCACACAGGAGGGTT-1"
"1275","ATCACACAGGCTGGCT-1"
"1276","ATCACACAGTCTATGA-1"
"1277","ATCACACAGTGAACAG-1"
"1278","ATCACCCTCCTTTACG-1"
"1279","ATCACCCTCTGTGCCT-1"
"1280","ATCACCCTCTTAGGGT-1"
"1281","ATCACTAAGACACCGC-1"
"1282","ATCACTAAGAGGAGTC-1"
"1283","ATCACTAAGCAGGTTT-1"
"1284","ATCACTAAGCCTAATA-1"
"1285","ATCACTAAGGAGTAAT-1"
"1286","ATCACTAAGGGTCCAC-1"
"1287","ATCAGGTTCCCTGACT-1"
"1288","ATCAGGTTCCCTGGAA-1"
"1289","ATCAGGTTCTCAATTC-1"
"1290","ATCAGGTTCTCACAAA-1"
"1291","ATCATCAAGCAACATC-1"
"1292","ATCATCAAGCGAAGTA-1"
"1293","ATCATCAAGCTCATAA-1"
"1294","ATCATCAAGGTCGATT-1"
"1295","ATCATCAAGGTGCTGC-1"
"1296","ATCATCAAGTTATCCT-1"
"1297","ATCATGTCAGTAATAG-1"
"1298","ATCATGTCATCGTTCT-1"
"1299","ATCCAACAGGCAGGTG-1"
"1300","ATCCAACAGGGTCCAC-1"
"1301","ATCCACCTCAATCTCT-1"
"1302","ATCCACCTCGGTTACG-1"
"1303","ATCCATAAGCGCTCAA-1"
"1304","ATCCATAAGCTTGCTC-1"
"1305","ATCCATAAGTGTGATC-1"
"1306","ATCCCGCGTGCTTTAC-1"
"1307","ATCCCGCGTTATCCGT-1"
"1308","ATCCCGCGTTGCTGGG-1"
"1309","ATCCCGCGTTTGGTTC-1"
"1310","ATCCGTGAGCCTTAAA-1"
"1311","ATCCGTGAGGCATTGT-1"
"1312","ATCCGTGAGTAACGGA-1"
"1313","ATCCTCATCACCATTT-1"
"1314","ATCCTCATCAGGAAGC-1"
"1315","ATCCTCATCCTCACAC-1"
"1316","ATCCTCATCCTGGCTT-1"
"1317","ATCCTCATCTAGCTAA-1"
"1318","ATCCTGACAGAATGAC-1"
"1319","ATCCTGACAGCAACAG-1"
"1320","ATCCTGACAGTTAGCC-1"
"1321","ATCCTGACATGAAATG-1"
"1322","ATCCTTAGTGATCAGC-1"
"1323","ATCCTTAGTTGCGGAT-1"
"1324","ATCCTTAGTTTATGGG-1"
"1325","ATCCTTAGTTTGAGGC-1"
"1326","ATCGAGGCACAACCTA-1"
"1327","ATCGAGGCACCTAATG-1"
"1328","ATCGAGGCAGTTTGTG-1"
"1329","ATCGCCCGTCAAGTGC-1"
"1330","ATCGCCCGTCCTTCTC-1"
"1331","ATCGCCCGTGTGCAAC-1"
"1332","ATCGCCCGTTTACTTG-1"
"1333","ATCGCTTGTCCGTAGG-1"
"1334","ATCGCTTGTGAACAAA-1"
"1335","ATCGCTTGTGAGAAAC-1"
"1336","ATCGCTTGTTAGGCGT-1"
"1337","ATCGGCCAGGACAACA-1"
"1338","ATCGGCCAGGGATTAG-1"
"1339","ATCGGCCAGTAAGGGC-1"
"1340","ATCTATGAGACAAGTG-1"
"1341","ATCTATGAGCCGCTAA-1"
"1342","ATCTATGAGCGAGTAA-1"
"1343","ATCTATGAGTTTGAGC-1"
"1344","ATCTTTGGTAATCGTG-1"
"1345","ATCTTTGGTGATGGCT-1"
"1346","ATCTTTGGTGTGCACG-1"
"1347","ATCTTTGGTTTGCTGT-1"
"1348","ATGAAGCCACCTCGCT-1"
"1349","ATGAAGCCATCACTTC-1"
"1350","ATGAAGCCATCCTAGA-1"
"1351","ATGAAGCCATTAAACC-1"
"1352","ATGAAGTAGCCACATG-1"
"1353","ATGAAGTAGGAACACA-1"
"1354","ATGAATGCAAGACTCC-1"
"1355","ATGAATGCACGTAATT-1"
"1356","ATGAATGCATGTTGCA-1"
"1357","ATGACAACACGAATTT-1"
"1358","ATGACAACAGTAGGAT-1"
"1359","ATGACCAGTACCTTAC-1"
"1360","ATGACGAAGGGTCTAT-1"
"1361","ATGACGAAGGGTGAGT-1"
"1362","ATGACTCAGCATGGTT-1"
"1363","ATGACTCAGTGAGCGG-1"
"1364","ATGAGCCGTATGGTGC-1"
"1365","ATGAGCCGTATTTGCC-1"
"1366","ATGAGCCGTCTCAGCC-1"
"1367","ATGAGCCGTCTTGCAT-1"
"1368","ATGAGCCGTGGATTAT-1"
"1369","ATGATGACAATGCGCT-1"
"1370","ATGATGACAGTTATGT-1"
"1371","ATGATGACATAAGTCT-1"
"1372","ATGATGACATTGTGTG-1"
"1373","ATGATGGAGATGGAGC-1"
"1374","ATGATGGAGCACTAGT-1"
"1375","ATGATGGAGGATCACT-1"
"1376","ATGATGGAGTCACTAA-1"
"1377","ATGATGGAGTGAACAG-1"
"1378","ATGATGGAGTTGCCTC-1"
"1379","ATGCAAACAATTATGC-1"
"1380","ATGCAAACAGCTTAAT-1"
"1381","ATGCAAACAGGCTAAG-1"
"1382","ATGCAAACAGGTTACC-1"
"1383","ATGCAAACATAATCCG-1"
"1384","ATGCAAACATCGCTTT-1"
"1385","ATGCAAACATTGTCAG-1"
"1386","ATGCAGGCAATCCTGA-1"
"1387","ATGCAGGCACCATATG-1"
"1388","ATGCAGGCACCGGTAT-1"
"1389","ATGCAGGCACTAAGAA-1"
"1390","ATGCATTCAAGTTATC-1"
"1391","ATGCATTCAATAACCT-1"
"1392","ATGCATTCACCTGTAA-1"
"1393","ATGCATTCAGCTTACA-1"
"1394","ATGCATTCATATAACC-1"
"1395","ATGCCTGAGACTTACA-1"
"1396","ATGCCTGAGAGGCTAA-1"
"1397","ATGCCTGAGCGAGCGA-1"
"1398","ATGCCTGAGGACTTAC-1"
"1399","ATGCGATTCCACCCTG-1"
"1400","ATGCGATTCCAGGGAG-1"
"1401","ATGCGATTCCATTACT-1"
"1402","ATGCGATTCGATTATG-1"
"1403","ATGCTTAAGTGCTGTG-1"
"1404","ATGGACAAGCAATAGG-1"
"1405","ATGGACAAGCGTGCAC-1"
"1406","ATGGACAAGCTATTGA-1"
"1407","ATGGACAAGTAAAGGT-1"
"1408","ATGGACAAGTAGCCAT-1"
"1409","ATGGCCCAGCCGCAGT-1"
"1410","ATGGCCCAGGGTGAGT-1"
"1411","ATGGCCCAGGGTTAGA-1"
"1412","ATGGCCGGTAACCACA-1"
"1413","ATGGCCGGTATACTGG-1"
"1414","ATGGCCGGTGAGACTC-1"
"1415","ATGGCCGGTTAATCGG-1"
"1416","ATGGCCGGTTAGGATT-1"
"1417","ATGGCTAGTGTGAGAG-1"
"1418","ATGGCTAGTTCTTTAG-1"
"1419","ATGGCTAGTTTAACCC-1"
"1420","ATGGCTGTCACATTGA-1"
"1421","ATGGCTGTCGGTACGC-1"
"1422","ATGGCTGTCGTGCTTC-1"
"1423","ATGGCTGTCTAGCTTT-1"
"1424","ATGGCTGTCTCGCCCA-1"
"1425","ATGGCTTAGACTCGCA-1"
"1426","ATGGCTTAGAGGATAT-1"
"1427","ATGGCTTAGCCGCTTT-1"
"1428","ATGGCTTAGGACCTGC-1"
"1429","ATGGTCTAGGAAGCTA-1"
"1430","ATGGTGCGTAACCTAG-1"
"1431","ATGGTGCGTCAATGTG-1"
"1432","ATGGTGCGTCATAGAT-1"
"1433","ATGGTGCGTCGCATAA-1"
"1434","ATGGTGCGTTGGCCGA-1"
"1435","ATGGTGCGTTTATGGG-1"
"1436","ATGGTTATCACCTGCT-1"
"1437","ATGGTTATCCAACTGG-1"
"1438","ATGGTTATCCTGTTCA-1"
"1439","ATGTAACGTCTAACAG-1"
"1440","ATGTAACGTTCACCAT-1"
"1441","ATGTAACGTTGCAATG-1"
"1442","ATGTAACGTTTGAGGC-1"
"1443","ATGTAAGCAATTGCGC-1"
"1444","ATGTAAGCAGGACCTT-1"
"1445","ATGTAAGCATAATGTC-1"
"1446","ATGTCAATCCTTAAGA-1"
"1447","ATGTCAATCCTTAGGG-1"
"1448","ATGTCAATCTCCTCAA-1"
"1449","ATGTCAATCTTAGCGG-1"
"1450","ATGTCAATCTTGTCTG-1"
"1451","ATGTCATCAAACTAAG-1"
"1452","ATGTCATCAACTGGCT-1"
"1453","ATGTCATCACCTAAGC-1"
"1454","ATGTCATCATCTTGAG-1"
"1455","ATGTCCACACACTAAT-1"
"1456","ATGTCCACACTAAATC-1"
"1457","ATGTCCACATAAGGAC-1"
"1458","ATGTGAGAGAGAGCCG-1"
"1459","ATGTGAGAGCAGGTTT-1"
"1460","ATGTGAGAGGCTCATG-1"
"1461","ATGTGAGAGGGATTAG-1"
"1462","ATGTGAGAGGTGAGAC-1"
"1463","ATGTGAGAGTTATCCT-1"
"1464","ATGTTCAAGGCCCAGT-1"
"1465","ATGTTCAAGGTCCGTA-1"
"1466","ATGTTGTCAACAACAA-1"
"1467","ATGTTGTCAAGGATTA-1"
"1468","ATGTTGTCAATAGCCC-1"
"1469","ATGTTGTCAATTGCGC-1"
"1470","ATGTTTGAGACTTACA-1"
"1471","ATGTTTGAGCACAGGG-1"
"1472","ATGTTTGAGCTAATCA-1"
"1473","ATGTTTGAGGTAAGCA-1"
"1474","ATTAACCCAAACCTTG-1"
"1475","ATTAACCCAAGTGTTT-1"
"1476","ATTAACCCACAGAAAC-1"
"1477","ATTAACCCACCATATG-1"
"1478","ATTAACCCAGTAATAG-1"
"1479","ATTACCCGTAACCACA-1"
"1480","ATTACCCGTTCAAGCA-1"
"1481","ATTACCGCAAACGGGC-1"
"1482","ATTACCGCAATATACC-1"
"1483","ATTACCGCACTGGCTG-1"
"1484","ATTACCGCAGTCTATG-1"
"1485","ATTACCGCATAAGGAC-1"
"1486","ATTACCGCATAATCGT-1"
"1487","ATTACCGCATGTCAAT-1"
"1488","ATTACGTCAAGTGAAC-1"
"1489","ATTACGTCACAGAACG-1"
"1490","ATTACGTCACAGCCAT-1"
"1491","ATTACGTCACAGGAAT-1"
"1492","ATTACGTCATTAAACC-1"
"1493","ATTACTGAGAACAAGT-1"
"1494","ATTACTGAGATTGAGG-1"
"1495","ATTACTGAGCGCAATT-1"
"1496","ATTACTGAGGAACCAA-1"
"1497","ATTAGCGGTTCATCTA-1"
"1498","ATTAGCTCAATCGCAC-1"
"1499","ATTAGCTCATCTAGCA-1"
"1500","ATTAGCTCATTAAACC-1"
"1501","ATTAGCTCATTGTCCT-1"
"1502","ATTAGGTGTAGTAAGA-1"
"1503","ATTAGGTGTCAATGTG-1"
"1504","ATTAGGTGTCATAGAT-1"
"1505","ATTAGGTGTGCAATAT-1"
"1506","ATTAGGTGTTTGGGCG-1"
"1507","ATTAGTCCAAGTCGCT-1"
"1508","ATTAGTCCAGCTAATT-1"
"1509","ATTAGTCCATAGCGGA-1"
"1510","ATTAGTCCATAGTCAT-1"
"1511","ATTATCCTCAGTTCCC-1"
"1512","ATTATCCTCCTTGAGG-1"
"1513","ATTATCCTCGATCAGT-1"
"1514","ATTATCCTCGTGCTAG-1"
"1515","ATTATCCTCGTTTCTG-1"
"1516","ATTATCCTCTACCTAT-1"
"1517","ATTATGGTCAAGTGAG-1"
"1518","ATTATGGTCATTGCGG-1"
"1519","ATTATGGTCGCTAGCA-1"
"1520","ATTATGGTCGGTACGC-1"
"1521","ATTATGGTCGTTATCT-1"
"1522","ATTATGGTCTGTGCAG-1"
"1523","ATTCAACCAAGCGAGC-1"
"1524","ATTCACTTCATGCTCC-1"
"1525","ATTCACTTCTTGGATA-1"
"1526","ATTCATGAGACTCGCA-1"
"1527","ATTCATGAGGAGGTTA-1"
"1528","ATTCATGAGGCAAGTA-1"
"1529","ATTCCGGAGGAAGCAC-1"
"1530","ATTCCTAGTCGCAATA-1"
"1531","ATTCCTAGTTATCCGT-1"
"1532","ATTCCTCCAGGCTTCG-1"
"1533","ATTCCTCCATGGCCCA-1"
"1534","ATTCCTCCATTGACAT-1"
"1535","ATTCGTTTCCTAATTC-1"
"1536","ATTGAAGCAACACCTA-1"
"1537","ATTGAAGCACAAAGGT-1"
"1538","ATTGAAGCAGGTTACC-1"
"1539","ATTGAAGCATAGTCAT-1"
"1540","ATTGACTCAACTGGCT-1"
"1541","ATTGACTCAATTAGGA-1"
"1542","ATTGACTCACTCGCTC-1"
"1543","ATTGACTCATGAATCT-1"
"1544","ATTGCACAGCCGCTAA-1"
"1545","ATTGCACAGCCTGACA-1"
"1546","ATTGCACAGGAGCACG-1"
"1547","ATTGCACAGTATCGCG-1"
"1548","ATTGCAGGTCGCGCAA-1"
"1549","ATTGCAGGTGCAACTA-1"
"1550","ATTGCAGGTGCTAGAC-1"
"1551","ATTGCAGGTGGATTAT-1"
"1552","ATTGCAGGTGGATTGC-1"
"1553","ATTGCGCCATTAGCCA-1"
"1554","ATTGCTCGTAATAGCT-1"
"1555","ATTGCTCGTCGACTAA-1"
"1556","ATTGCTCGTCTAACCT-1"
"1557","ATTGCTCGTGAGCGAA-1"
"1558","ATTGGCTAGAGAGGAG-1"
"1559","ATTGGCTAGCGTGCGT-1"
"1560","ATTGGCTAGGACCTCA-1"
"1561","ATTGGCTAGGTATTGC-1"
"1562","ATTGGCTAGTAACCCG-1"
"1563","ATTGGTTCACATTGCA-1"
"1564","ATTGGTTCAGGCTTGT-1"
"1565","ATTGTCCGTAGGATTT-1"
"1566","ATTGTCCGTAGGTTAT-1"
"1567","ATTGTCCGTATCTGGA-1"
"1568","ATTGTCCGTCGCATAA-1"
"1569","ATTGTCCGTTAACAGT-1"
"1570","ATTGTGATCAGAAACG-1"
"1571","ATTGTGATCATGCATA-1"
"1572","ATTGTGATCGTGCCTT-1"
"1573","ATTGTGATCTGTGCCT-1"
"1574","ATTTAGCCAAGTGTTT-1"
"1575","ATTTAGCCAATTGAAG-1"
"1576","ATTTAGCCAGGAATCG-1"
"1577","ATTTAGCCAGGCCATT-1"
"1578","ATTTAGCCAGTCTATG-1"
"1579","ATTTAGCCAGTTTACG-1"
"1580","ATTTAGCCATACTCCT-1"
"1581","ATTTAGGTCACTTCAT-1"
"1582","ATTTAGGTCCAATTAG-1"
"1583","ATTTAGGTCCCTTGCG-1"
"1584","ATTTAGGTCGAAGTGA-1"
"1585","ATTTGCAAGCACCACA-1"
"1586","ATTTGCAAGTGACCTG-1"
"1587","ATTTGCGCAAATACCT-1"
"1588","ATTTGCGCAACATAAG-1"
"1589","ATTTGCGCATTAAGCT-1"
"1590","ATTTGTGAGGGTGGAT-1"
"1591","ATTTGTGAGTGAGCGG-1"
"1592","ATTTGTGAGTGTTGCG-1"
"1593","CAAACAACAAAGCTAA-1"
"1594","CAAACAACACAAACTT-1"
"1595","CAAACAACAGCAAATA-1"
"1596","CAAACAACATGCTCCC-1"
"1597","CAAACACTCAAGCTAC-1"
"1598","CAAACACTCGCTATGG-1"
"1599","CAAACATGTTAGGTGC-1"
"1600","CAAACATGTTAGTGAT-1"
"1601","CAAACCGTCGCAGGCT-1"
"1602","CAAACCGTCTATGACA-1"
"1603","CAAACGCGTGCAACTA-1"
"1604","CAAACGCGTGGAAACG-1"
"1605","CAAACTGGTAATGACT-1"
"1606","CAAACTGGTTTACCGT-1"
"1607","CAAACTGGTTTACTTG-1"
"1608","CAAACTGGTTTGTTGC-1"
"1609","CAAAGCGCAACTAGAA-1"
"1610","CAAAGCGCAAGCTACC-1"
"1611","CAAAGCGCACTATGGC-1"
"1612","CAAAGCGCACTGACTA-1"
"1613","CAAAGCGCATGTCAGC-1"
"1614","CAAAGGATCATCACTT-1"
"1615","CAAAGGATCATTGCAA-1"
"1616","CAAAGGATCCTCATGC-1"
"1617","CAAAGTGAGATGGAGC-1"
"1618","CAAATCATCTATGACA-1"
"1619","CAACAATGTATTGAGT-1"
"1620","CAACAATGTCAGGAAG-1"
"1621","CAACAGGCAGTACCGT-1"
"1622","CAACAGGCATCACAGC-1"
"1623","CAACAGGCATGCTTAG-1"
"1624","CAACCCGCACAACAAA-1"
"1625","CAACCCGCACATTAAC-1"
"1626","CAACCCGCACTTCACT-1"
"1627","CAACCCGCAGAGAGCC-1"
"1628","CAACCCGCATGGCCCA-1"
"1629","CAACCCGCATTAAGCT-1"
"1630","CAACCCTTCATGCAAC-1"
"1631","CAACCCTTCGCCTGTT-1"
"1632","CAACCCTTCTGGTCCT-1"
"1633","CAACTAATCATAGACC-1"
"1634","CAACTAATCCGCCTCA-1"
"1635","CAACTAATCTCACAAA-1"
"1636","CAACTAGGTATTGGAT-1"
"1637","CAACTAGGTGATGGCT-1"
"1638","CAAGAACCAACAGCCT-1"
"1639","CAAGAACCAAGATTCT-1"
"1640","CAAGAACCAAGCTACC-1"
"1641","CAAGAACCAGTAGGAT-1"
"1642","CAAGACAAGACAAACG-1"
"1643","CAAGACAAGCACAGAA-1"
"1644","CAAGACAAGCCGGTAC-1"
"1645","CAAGACAAGTTAGCTA-1"
"1646","CAAGCTAGTACGGTAC-1"
"1647","CAAGCTAGTGGAAACG-1"
"1648","CAAGCTAGTGTTGCAA-1"
"1649","CAAGCTAGTGTTGCTT-1"
"1650","CAAGGCCTCATAGACC-1"
"1651","CAAGGCCTCATTAGTG-1"
"1652","CAAGGCCTCATTTGTC-1"
"1653","CAAGGCTGTCAGTAAT-1"
"1654","CAAGGCTGTTGTGACA-1"
"1655","CAAGGCTGTTTAGCGA-1"
"1656","CAAGGGAGTTCATTTG-1"
"1657","CAAGGTAAGCGCCTTT-1"
"1658","CAAGGTAAGCTCCTAC-1"
"1659","CAAGGTAAGTTAGTGC-1"
"1660","CAAGGTAAGTTGTCAA-1"
"1661","CAAGGTTTCAAACACC-1"
"1662","CAAGGTTTCAATCATG-1"
"1663","CAAGGTTTCCCTCAAC-1"
"1664","CAAGGTTTCCGCACAA-1"
"1665","CAAGTAACACGAACAG-1"
"1666","CAAGTAACAGGTTCAC-1"
"1667","CAAGTAACAGTTAAAG-1"
"1668","CAAGTAACATGAGTTT-1"
"1669","CAAGTATGTGCTGTAA-1"
"1670","CAAGTATGTGGATTAT-1"
"1671","CAAGTGAAGACCATAC-1"
"1672","CAAGTTATCAAACCGT-1"
"1673","CAAGTTATCCCGTTAC-1"
"1674","CAAGTTATCCCTTGCG-1"
"1675","CAAGTTATCCGGTATG-1"
"1676","CAAGTTATCCTAATGA-1"
"1677","CAAGTTATCCTCATGC-1"
"1678","CAATAAGCACAATGTT-1"
"1679","CAATAAGCAGTTTGGC-1"
"1680","CAATAGCTCACCATTT-1"
"1681","CAATAGCTCCAGCACA-1"
"1682","CAATAGCTCCTCAGTC-1"
"1683","CAATAGCTCCTCATCA-1"
"1684","CAATAGCTCGATTTGA-1"
"1685","CAATAGCTCGTTACTT-1"
"1686","CAATATGTCACGCGGT-1"
"1687","CAATATGTCGCTCCAT-1"
"1688","CAATATGTCTCGCCTG-1"
"1689","CAATCCCTCATGAAGG-1"
"1690","CAATCCCTCGATAACC-1"
"1691","CAATCCCTCTATTGTC-1"
"1692","CAATCCCTCTGCAACG-1"
"1693","CAATCCCTCTTGCAAA-1"
"1694","CAATCCTGTAGCAGCT-1"
"1695","CAATCCTGTATTCGCT-1"
"1696","CAATCCTGTATTTGGG-1"
"1697","CAATCCTGTTATAGCG-1"
"1698","CAATCGCCAGTTAAAG-1"
"1699","CAATCTAAGTTCCCAC-1"
"1700","CAATGAACAGCACGTT-1"
"1701","CAATGAACAGGCTTCG-1"
"1702","CAATGACTCTCGCCCA-1"
"1703","CAATGCCCAGTTTGTG-1"
"1704","CAATGTCAGAACCTGT-1"
"1705","CAATGTCAGTCACGAT-1"
"1706","CAATGTGGTAGGTGTC-1"
"1707","CAATGTGGTCAAAGGG-1"
"1708","CACAAGCGTATTGGTG-1"
"1709","CACAAGCGTGCTCCGT-1"
"1710","CACAAGCGTTAAGCGC-1"
"1711","CACAAGCGTTAGAGGG-1"
"1712","CACAAGCGTTTATCTG-1"
"1713","CACAATATCATGGCCA-1"
"1714","CACAATATCATTTGCT-1"
"1715","CACAGGCTCAATGAGG-1"
"1716","CACAGGCTCACATTGA-1"
"1717","CACAGGCTCATCCACC-1"
"1718","CACAGGCTCCTAAGGT-1"
"1719","CACAGGCTCGATTTGA-1"
"1720","CACAGGGAGACAACGA-1"
"1721","CACAGGGAGTACCGCA-1"
"1722","CACAGGGAGTTGTCTT-1"
"1723","CACATAATCCCATAGG-1"
"1724","CACATAATCGGTCATG-1"
"1725","CACATACAGATGGAGC-1"
"1726","CACATACAGGCATGAA-1"
"1727","CACATACAGTGAACGA-1"
"1728","CACATTAAGATGGACA-1"
"1729","CACATTAAGCTTCCCG-1"
"1730","CACATTAAGTTATGGC-1"
"1731","CACCAACCAATCGCAC-1"
"1732","CACCAACCACCCACAG-1"
"1733","CACCAACCAGGACACA-1"
"1734","CACCAACCAGGCATGA-1"
"1735","CACCGGTAGTTATCTC-1"
"1736","CACCTCAGTTTAGCTC-1"
"1737","CACCTGTTCATGTCAA-1"
"1738","CACCTGTTCATTTGCT-1"
"1739","CACCTGTTCGCTAAGT-1"
"1740","CACCTGTTCTGCAACG-1"
"1741","CACGCAATCCAAGTTA-1"
"1742","CACGCAATCCAGGAAA-1"
"1743","CACGCAATCCGGTTGA-1"
"1744","CACGCAATCGAGCTAT-1"
"1745","CACGCAATCGTTTCTG-1"
"1746","CACGCAATCTCCATGC-1"
"1747","CACGCTAAGACAAACG-1"
"1748","CACTAAGGTAGCCTCC-1"
"1749","CACTAAGGTGGTTCTT-1"
"1750","CACTAAGGTTTGCGAA-1"
"1751","CACTAGCCAACCGCCA-1"
"1752","CACTAGCCACGAACAG-1"
"1753","CACTAGCCATAATCCG-1"
"1754","CACTAGCCATCAGTAT-1"
"1755","CACTAGCCATTGCGTA-1"
"1756","CACTGACCAAATACCT-1"
"1757","CACTGACCACATAACT-1"
"1758","CACTGACCACTAAGAA-1"
"1759","CACTGACCAGGCTGTT-1"
"1760","CACTGACCAGTCTAAT-1"
"1761","CACTGACCAGTCTATG-1"
"1762","CACTTAAAGCTGGCTA-1"
"1763","CACTTTGTCATGCATA-1"
"1764","CACTTTGTCGGTTAGT-1"
"1765","CAGAACCGTCCGTAGG-1"
"1766","CAGAACCGTGTGTCCC-1"
"1767","CAGAACCGTTATCCGT-1"
"1768","CAGAATCTCAACCAAC-1"
"1769","CAGAATCTCCAAGTTA-1"
"1770","CAGAATCTCCTAGTCC-1"
"1771","CAGAATCTCCTCACAC-1"
"1772","CAGAATCTCGTTTCCA-1"
"1773","CAGATTCAGGCATTGT-1"
"1774","CAGATTCAGGCTAGAA-1"
"1775","CAGATTCAGGTTAGCT-1"
"1776","CAGATTCAGTCATCCC-1"
"1777","CAGCAAGCAAACTGTT-1"
"1778","CAGCAAGCAACTAGGG-1"
"1779","CAGCAAGCAATAATCC-1"
"1780","CAGCAAGCAATTTAGC-1"
"1781","CAGCAAGCATTCAGCA-1"
"1782","CAGCATGTCGGCTAGC-1"
"1783","CAGCATTAGCATCCAG-1"
"1784","CAGCATTAGCATGTCG-1"
"1785","CAGCATTAGCATGTTA-1"
"1786","CAGCCAATCAATCATG-1"
"1787","CAGCCAATCGCTCACT-1"
"1788","CAGCCAATCGGTCATG-1"
"1789","CAGCCAATCTAACTGA-1"
"1790","CAGCCTAAGCTGTACG-1"
"1791","CAGCCTAAGGAACGGT-1"
"1792","CAGCCTAAGGGCCATC-1"
"1793","CAGCCTAAGGTAAGCA-1"
"1794","CAGCCTTTCATCGTTT-1"
"1795","CAGCCTTTCCATTACT-1"
"1796","CAGCTAAGTAGACAAA-1"
"1797","CAGCTAAGTCGCAAAC-1"
"1798","CAGCTAAGTCGTAAAT-1"
"1799","CAGCTAAGTGCATCGG-1"
"1800","CAGCTAAGTGCTGTAA-1"
"1801","CAGCTATAGCATGTCG-1"
"1802","CAGCTATAGCGATACT-1"
"1803","CAGCTATAGCGCTCAA-1"
"1804","CAGCTATAGTAGCTTA-1"
"1805","CAGCTCAAGCAAGGAC-1"
"1806","CAGCTCAAGGATTGCT-1"
"1807","CAGCTCAAGGCAATAG-1"
"1808","CAGCTCAAGGGCTTAT-1"
"1809","CAGCTCAAGTATTGTG-1"
"1810","CAGCTCAAGTTCCCAC-1"
"1811","CAGGAAGGTAATGACT-1"
"1812","CAGGAAGGTAGTTGGC-1"
"1813","CAGGAAGGTGACATGC-1"
"1814","CAGGAAGGTGTGAGAG-1"
"1815","CAGGAAGGTTTCCGGC-1"
"1816","CAGGAAGGTTTGGGTA-1"
"1817","CAGGACACACAATGCC-1"
"1818","CAGGACACATAAGCAA-1"
"1819","CAGGACCTCATGCATA-1"
"1820","CAGGATGCAATAGCCC-1"
"1821","CAGGATGCAGCAAATA-1"
"1822","CAGGATGCAGCTACGT-1"
"1823","CAGGATGCATAGCGGA-1"
"1824","CAGGCTATCATTGTCT-1"
"1825","CAGGCTATCCAAGTGT-1"
"1826","CAGGCTGGTGCATTAG-1"
"1827","CAGGCTGGTGGATTGC-1"
"1828","CAGGCTGGTGTGTCCC-1"
"1829","CAGGCTGGTTTATGGG-1"
"1830","CAGGGCTTCAAGCGCC-1"
"1831","CAGGGCTTCCTAGTCC-1"
"1832","CAGGGCTTCGGTCAAT-1"
"1833","CAGGGCTTCTCACATT-1"
"1834","CAGGGTGAGCCACAAT-1"
"1835","CAGGGTGAGCCTCTGT-1"
"1836","CAGGGTGAGTAAGTCC-1"
"1837","CAGGGTGAGTCACGAT-1"
"1838","CAGGTCCAGCCTAACG-1"
"1839","CAGGTCCAGTCATCCC-1"
"1840","CAGGTCCAGTTCCCAC-1"
"1841","CAGGTGGAGTCACGAT-1"
"1842","CAGGTTAGTAATAGCT-1"
"1843","CAGGTTAGTCGACTAA-1"
"1844","CAGGTTAGTTAATGCG-1"
"1845","CAGGTTAGTTATCGAG-1"
"1846","CAGGTTAGTTCCGCAC-1"
"1847","CAGGTTTAGCACAGAA-1"
"1848","CAGGTTTAGGAAGCTA-1"
"1849","CAGGTTTAGTAACCAC-1"
"1850","CAGGTTTAGTAGCTTA-1"
"1851","CAGTACCCAAGTAAGC-1"
"1852","CAGTACCCACTAGCGT-1"
"1853","CAGTACCCATCCATCT-1"
"1854","CAGTATGGTTTAGCTC-1"
"1855","CATAACGGTTTGCGAA-1"
"1856","CATAAGCTCATGCGTG-1"
"1857","CATAAGCTCCAACTGG-1"
"1858","CATAAGCTCCGGAACC-1"
"1859","CATAAGCTCTTGTCCA-1"
"1860","CATAATCCAGTTATCG-1"
"1861","CATAATGTCGTAACGT-1"
"1862","CATAGACTCACCGGTA-1"
"1863","CATAGCTAGTATGTGC-1"
"1864","CATAGCTAGTCATTAG-1"
"1865","CATAGCTAGTGAGGTA-1"
"1866","CATAGCTAGTTAGTGC-1"
"1867","CATAGGCGTTAGCGTA-1"
"1868","CATAGGCGTTCCGGCT-1"
"1869","CATAGGCGTTCGCGCT-1"
"1870","CATAGGTTCATGAGCT-1"
"1871","CATAGGTTCCCGCATT-1"
"1872","CATAGGTTCTTAATGG-1"
"1873","CATAGTCAGAGGAGTC-1"
"1874","CATATCGCACCTAAGC-1"
"1875","CATATCGCAGCTAACC-1"
"1876","CATATCGCATGTTGTG-1"
"1877","CATCAATCAATAATCC-1"
"1878","CATCAATCAATTAAGG-1"
"1879","CATCAATCATAGCTGC-1"
"1880","CATCAATCATGACTAT-1"
"1881","CATCACACAGTCTAGC-1"
"1882","CATCACACATTTAAGC-1"
"1883","CATCAGCCACTTAACG-1"
"1884","CATCAGCCAGCACCAT-1"
"1885","CATCAGCCAGGATTAA-1"
"1886","CATCATAAGGTAAGCA-1"
"1887","CATCATAAGGTCGAGG-1"
"1888","CATCATAAGTAACAGG-1"
"1889","CATCATGCAATCTCTC-1"
"1890","CATCATGCAATGCGCT-1"
"1891","CATCATGCAGCATGTC-1"
"1892","CATCATGCAGTATGTT-1"
"1893","CATCATGCATAAACCT-1"
"1894","CATCATGCATCCTGAA-1"
"1895","CATCATGCATGTCGCG-1"
"1896","CATCATGCATGTTGTG-1"
"1897","CATCCCAGTGTGTCCC-1"
"1898","CATCCCAGTTATCCTA-1"
"1899","CATCCCAGTTTCCGGC-1"
"1900","CATCCTCAGCATGTTA-1"
"1901","CATCCTCAGGAACGGT-1"
"1902","CATCCTGGTCGTTATC-1"
"1903","CATCCTGGTCTTACTA-1"
"1904","CATCCTGGTTGTTCAC-1"
"1905","CATCCTTCAACTGGGA-1"
"1906","CATCGCTTCAAACTCA-1"
"1907","CATCGCTTCAGCACCA-1"
"1908","CATCGCTTCATGCTAA-1"
"1909","CATCGCTTCATTAGCA-1"
"1910","CATCGCTTCCAGGTTG-1"
"1911","CATCGCTTCGCTCCAT-1"
"1912","CATCGCTTCTCACATT-1"
"1913","CATGAGGCACATACTG-1"
"1914","CATGAGGCACGTTACA-1"
"1915","CATGCAAGTGGATGTC-1"
"1916","CATGCAAGTGTGTGGT-1"
"1917","CATGCAAGTTGGTGAC-1"
"1918","CATGCAAGTTTAACGG-1"
"1919","CATGCATAGAATGACG-1"
"1920","CATGCATAGCCTTAAA-1"
"1921","CATGCATAGCTATGAC-1"
"1922","CATGCATAGGACACTT-1"
"1923","CATGCATAGGATTTGC-1"
"1924","CATGCATAGGGTGAAC-1"
"1925","CATGCATAGGTTAGCT-1"
"1926","CATGCATAGTCAATCA-1"
"1927","CATGCGCAGGATTTGC-1"
"1928","CATGCGGGTCATGCAA-1"
"1929","CATGCGGGTGGGAACA-1"
"1930","CATGCGGGTGTTAAAC-1"
"1931","CATGCGGGTTCACTGT-1"
"1932","CATGCGGGTTTGCGCC-1"
"1933","CATGGATTCATGCATA-1"
"1934","CATGGATTCATGCGTG-1"
"1935","CATGGATTCCTAATAG-1"
"1936","CATGGATTCCTCAGTC-1"
"1937","CATGGATTCTCCTCTT-1"
"1938","CATGGATTCTTTGACT-1"
"1939","CATGGCGGTAAGCTCA-1"
"1940","CATGGCGGTATTTGCC-1"
"1941","CATGGCGGTCTCACTG-1"
"1942","CATTATCTCAATCTCT-1"
"1943","CATTATCTCATTTGCT-1"
"1944","CATTATCTCCTTCGTA-1"
"1945","CATTATCTCGCATTAA-1"
"1946","CATTATGAGTAAGGGC-1"
"1947","CATTATGAGTTTAACG-1"
"1948","CATTCATTCAAGCTAC-1"
"1949","CATTCATTCATTGACA-1"
"1950","CATTCATTCGCTAGTG-1"
"1951","CATTCATTCGTTTCTG-1"
"1952","CATTCCTCAATGCCTA-1"
"1953","CATTCCTCAGCAAATA-1"
"1954","CATTGCGAGAATCTCA-1"
"1955","CATTGCGAGAGAGGAG-1"
"1956","CATTGCGAGGACCGCT-1"
"1957","CATTGCGAGGAGGCAT-1"
"1958","CATTGCGAGTAACGAG-1"
"1959","CATTGCGAGTTTGGTA-1"
"1960","CATTGTAAGATGGAGC-1"
"1961","CATTGTAAGCGGGCAA-1"
"1962","CATTGTAAGGACAATG-1"
"1963","CATTGTAAGGATTTGC-1"
"1964","CATTGTAAGGGATGAC-1"
"1965","CATTGTAAGTAGCGGG-1"
"1966","CATTGTAAGTCAGTAC-1"
"1967","CATTGTGCAATAGTCT-1"
"1968","CATTGTGCAGGAACCA-1"
"1969","CATTGTGCATCAGTAT-1"
"1970","CATTTGTTCGGTACGC-1"
"1971","CATTTGTTCTCGACCT-1"
"1972","CATTTGTTCTTTGTAC-1"
"1973","CCAAACCCAATAATCC-1"
"1974","CCAAACCCACCTGCTC-1"
"1975","CCAAACCCAGGAACTG-1"
"1976","CCAAACTAGAGGCTAA-1"
"1977","CCAAATCAGCAAGGGT-1"
"1978","CCAAATCAGCTATATG-1"
"1979","CCAAATCAGCTCAAAC-1"
"1980","CCAAATCAGTCATTGA-1"
"1981","CCAACATAGAGAGCCG-1"
"1982","CCAACATAGCTCCTTA-1"
"1983","CCAACATAGTACTGGT-1"
"1984","CCAACCAAGAGAAGGG-1"
"1985","CCAACCAAGAGCCGCT-1"
"1986","CCAACCAAGATGGACA-1"
"1987","CCAACCAAGCGAAGTA-1"
"1988","CCAACCAAGGCTAGAA-1"
"1989","CCAACCCGTAACCAGC-1"
"1990","CCAACCCGTGGAGCAA-1"
"1991","CCAACCCGTGGTTATG-1"
"1992","CCAACCCGTTAGCAGC-1"
"1993","CCAAGGCTCATTAGCA-1"
"1994","CCAAGGCTCCTCATCA-1"
"1995","CCAAGTTAGCTAAGTC-1"
"1996","CCAAGTTAGGTAACGA-1"
"1997","CCAAGTTAGTAAGTCC-1"
"1998","CCAAGTTAGTTGCGTG-1"
"1999","CCAATATCAAATATCC-1"
"2000","CCAATATCAACAGCCT-1"
"2001","CCAATATCACAGAACG-1"
"2002","CCAATATCACAGGATG-1"
"2003","CCAATATCACCTCGCT-1"
"2004","CCAATATCAGGAACTG-1"
"2005","CCAATATCATCACTTC-1"
"2006","CCAATATCATCCCTCA-1"
"2007","CCACAATAGCTATGAC-1"
"2008","CCACAATAGGTAGCTT-1"
"2009","CCACAATAGTCGCTAG-1"
"2010","CCACACAAGCAAGGAC-1"
"2011","CCACACAAGGATCACT-1"
"2012","CCACACAAGGCCGGAA-1"
"2013","CCACACAAGGCGAATA-1"
"2014","CCACACAAGTAATCCA-1"
"2015","CCACAGGGTGAGACTC-1"
"2016","CCACAGGGTGCTCCGT-1"
"2017","CCACAGGGTTTATCTG-1"
"2018","CCACATTGTAGGTTAT-1"
"2019","CCACATTGTTGTAAAC-1"
"2020","CCACTTGGTACTGAAT-1"
"2021","CCACTTGGTCGAAGTC-1"
"2022","CCACTTGGTGCTTACT-1"
"2023","CCACTTGGTGGATGTC-1"
"2024","CCAGACTCACTTCACT-1"
"2025","CCAGACTCAGCCTTGG-1"
"2026","CCAGACTCATCACAGC-1"
"2027","CCAGCCTGTAAAGCGG-1"
"2028","CCAGCCTGTAATGACT-1"
"2029","CCAGCCTGTCATGCAA-1"
"2030","CCAGCCTGTCGCGCAA-1"
"2031","CCAGCCTGTGTCCAGG-1"
"2032","CCAGCCTGTTACAAAC-1"
"2033","CCAGCCTGTTAGTACG-1"
"2034","CCAGCCTGTTGTCATC-1"
"2035","CCAGCTAAGAGCCGCT-1"
"2036","CCAGCTAAGCATGTTA-1"
"2037","CCAGCTAAGGCGCATC-1"
"2038","CCAGCTGCAATTTGGT-1"
"2039","CCAGCTGCAGACAAAC-1"
"2040","CCAGCTGCATGTTTGG-1"
"2041","CCAGGAACAATAGCAA-1"
"2042","CCAGGAACATGTTGTG-1"
"2043","CCAGGATGTCGCAATA-1"
"2044","CCAGGATGTTTACCGT-1"
"2045","CCAGTTTGTAGGATTT-1"
"2046","CCAGTTTGTATTACCC-1"
"2047","CCAGTTTGTGTGCACG-1"
"2048","CCAGTTTGTTAGTGAT-1"
"2049","CCAGTTTGTTGGCGTG-1"
"2050","CCATAAATCATTTGCT-1"
"2051","CCATAAATCCCGCATT-1"
"2052","CCATAAATCCTCCCTC-1"
"2053","CCATAAATCGCAACAT-1"
"2054","CCATAAATCTAAGTCA-1"
"2055","CCATAAGGTACCAGGT-1"
"2056","CCATAAGGTTTGCAGA-1"
"2057","CCATAATCACAATTAC-1"
"2058","CCATAATCACCTCAGG-1"
"2059","CCATAATCACTGACCG-1"
"2060","CCATAGCCAGAATGAC-1"
"2061","CCATAGCCAGCTACGT-1"
"2062","CCATAGCCAGTAGGAT-1"
"2063","CCATATTTCAGTGAAG-1"
"2064","CCATATTTCATTGACA-1"
"2065","CCATATTTCTCAATTC-1"
"2066","CCATCACTCCAAACAC-1"
"2067","CCATCACTCCCTCACG-1"
"2068","CCATCACTCCGTCCAT-1"
"2069","CCATCACTCCTACCTA-1"
"2070","CCATCACTCCTTCGTA-1"
"2071","CCATCACTCTAACCAA-1"
"2072","CCATCATGTAACCTAG-1"
"2073","CCATCATGTACCGAAC-1"
"2074","CCATCATGTGTCCTGC-1"
"2075","CCATCATGTTATCCGT-1"
"2076","CCATTATTCGTTTCCA-1"
"2077","CCATTGTGTAACCAGC-1"
"2078","CCATTGTGTAACGGGA-1"
"2079","CCATTGTGTCATTACC-1"
"2080","CCATTGTGTCTCAGCC-1"
"2081","CCATTGTGTGCATTTC-1"
"2082","CCATTGTGTGGGAACA-1"
"2083","CCATTGTGTTGGTTAG-1"
"2084","CCCAAACCAACTAACT-1"
"2085","CCCAAACCAATATACC-1"
"2086","CCCAAACCAATTAAGG-1"
"2087","CCCAAACCAATTGAGA-1"
"2088","CCCAAACCACATTGCA-1"
"2089","CCCAAACCACCCACAG-1"
"2090","CCCAAACCACCTGGTG-1"
"2091","CCCAAATAGCTGCACA-1"
"2092","CCCAAATAGGCGTAAA-1"
"2093","CCCAACCGTACGCGCA-1"
"2094","CCCAACCGTATACTGG-1"
"2095","CCCAACCGTCAATAGT-1"
"2096","CCCAACCGTCAATGTG-1"
"2097","CCCAACCGTTCCAGGG-1"
"2098","CCCAATTGTCCGCTGT-1"
"2099","CCCAATTGTTTCAGGA-1"
"2100","CCCAGCACACAACAGG-1"
"2101","CCCAGCACACGTGCTG-1"
"2102","CCCAGCACAGGAAGCC-1"
"2103","CCCAGCACATACCCGG-1"
"2104","CCCAGCACATGACTAT-1"
"2105","CCCAGTTTCACAGCCA-1"
"2106","CCCAGTTTCATTGACA-1"
"2107","CCCAGTTTCCATAAGC-1"
"2108","CCCAGTTTCCTCCCTC-1"
"2109","CCCAGTTTCTTGCTAT-1"
"2110","CCCATAACATGGCCCA-1"
"2111","CCCGCAACAAGATTCT-1"
"2112","CCCGCAACAATTAAGG-1"
"2113","CCCGCAACAGTTTGTG-1"
"2114","CCCGCTTCAAATATCC-1"
"2115","CCCGCTTCACGGTTTA-1"
"2116","CCCGCTTCATTGTGGC-1"
"2117","CCCGTAAAGGATCCGC-1"
"2118","CCCGTAAAGGTGCGGA-1"
"2119","CCCGTAAAGTTAACCA-1"
"2120","CCCGTTGTCACAGACT-1"
"2121","CCCGTTGTCATTGACA-1"
"2122","CCCGTTGTCCTAGTAA-1"
"2123","CCCGTTGTCTAGCTAA-1"
"2124","CCCTAATGTGATCAGC-1"
"2125","CCCTAATGTTACAACG-1"
"2126","CCCTAATGTTACCTGT-1"
"2127","CCCTCACCACAGGAAT-1"
"2128","CCCTCACCACATTGCA-1"
"2129","CCCTCACCACCTGTAA-1"
"2130","CCCTCACCAGTTTACG-1"
"2131","CCCTCAGTCACGTTAA-1"
"2132","CCCTCAGTCATAGCCG-1"
"2133","CCCTCAGTCCACCCTG-1"
"2134","CCCTCAGTCCAGCACA-1"
"2135","CCCTCAGTCCATAAGC-1"
"2136","CCCTCATAGGAACACA-1"
"2137","CCCTCATAGGAGCATA-1"
"2138","CCCTCATAGGCACAGG-1"
"2139","CCCTCATAGTATTGCA-1"
"2140","CCCTCATAGTTTCCGC-1"
"2141","CCCTGGACAAATACCT-1"
"2142","CCCTGGACACTAAGTT-1"
"2143","CCCTTAATCGCTCACT-1"
"2144","CCCTTAATCGGTAACT-1"
"2145","CCCTTAATCTCGCCCA-1"
"2146","CCGACAGGTACGATTG-1"
"2147","CCGACAGGTCTTGCTG-1"
"2148","CCGACAGGTTCGCGCT-1"
"2149","CCGACAGGTTGTGACA-1"
"2150","CCGATGCAGCATGGTT-1"
"2151","CCGATGCAGGTAAGCA-1"
"2152","CCGATGCAGTCCTTCA-1"
"2153","CCGATGCAGTGTTGCG-1"
"2154","CCGATGCAGTTAGTGC-1"
"2155","CCGCAAATCAAAGGCA-1"
"2156","CCGCAAATCATTATGG-1"
"2157","CCGCAAATCCAACTGG-1"
"2158","CCGCAAATCGATTCTT-1"
"2159","CCGCAAGGTACCGTAA-1"
"2160","CCGCAAGGTATTGTCC-1"
"2161","CCGCAAGGTCCTTAGT-1"
"2162","CCGCAAGGTGACCTGG-1"
"2163","CCGCACACACAACAAA-1"
"2164","CCGCACACACAGGGAC-1"
"2165","CCGCACACATAAGTTC-1"
"2166","CCGCACACATCCAGGT-1"
"2167","CCGCACACATTCCTCG-1"
"2168","CCGCCAACAAGACTCC-1"
"2169","CCGCCAACAAGGACCA-1"
"2170","CCGCCAACACCTACTT-1"
"2171","CCGCTAAAGATGCCTG-1"
"2172","CCGCTAAAGTTGTCTT-1"
"2173","CCGCTAGCACCACAAC-1"
"2174","CCGCTAGCAGGACCTT-1"
"2175","CCGCTAGCAGGATTAA-1"
"2176","CCGCTAGCAGTAAGTA-1"
"2177","CCGCTTAGTAACGAGG-1"
"2178","CCGCTTAGTAATAGCT-1"
"2179","CCGCTTAGTGTTAAAC-1"
"2180","CCGCTTAGTTTGAGGC-1"
"2181","CCGCTTAGTTTGCGCC-1"
"2182","CCGGTAGGTCATGCAA-1"
"2183","CCGGTAGGTGATTTGG-1"
"2184","CCGGTAGGTTAGGCGT-1"
"2185","CCGGTTAAGCAAGGGT-1"
"2186","CCGGTTAAGGGTTATC-1"
"2187","CCGGTTAAGGTTAGCT-1"
"2188","CCGTGCTGTAATCGGC-1"
"2189","CCGTGCTGTACCAGGT-1"
"2190","CCGTGCTGTAGTAAGA-1"
"2191","CCGTGCTGTCTCACTG-1"
"2192","CCGTGCTGTGCAACTA-1"
"2193","CCGTGCTGTGCCTCAC-1"
"2194","CCGTTAACAATTTAGC-1"
"2195","CCGTTAACAGTCTAAT-1"
"2196","CCGTTACTCACAAGCT-1"
"2197","CCGTTACTCATTACTC-1"
"2198","CCGTTACTCTGGCATG-1"
"2199","CCGTTATGTGTGAGAG-1"
"2200","CCGTTATGTTCATCTA-1"
"2201","CCGTTGCGTAGGATTT-1"
"2202","CCGTTGCGTCCTAAGA-1"
"2203","CCGTTGCGTGAGCAAG-1"
"2204","CCGTTTGGTAACGGGA-1"
"2205","CCGTTTGGTATTGGAT-1"
"2206","CCGTTTGGTCAAGTGC-1"
"2207","CCGTTTGGTCATCAAG-1"
"2208","CCGTTTGGTCGAAGTC-1"
"2209","CCGTTTGGTTTAACGG-1"
"2210","CCTAAAGGTATTTGCC-1"
"2211","CCTAAAGGTGATGAGG-1"
"2212","CCTAAAGGTTGAGCCG-1"
"2213","CCTAAATCAAACTCAT-1"
"2214","CCTAAATCACTTACAG-1"
"2215","CCTAAATCAGCACCAT-1"
"2216","CCTAAATCAGGCGAGT-1"
"2217","CCTAAGCCAAGGTGGC-1"
"2218","CCTAAGCCAATTGAGA-1"
"2219","CCTAAGCCAGATAGAC-1"
"2220","CCTAAGCCAGCGCTTG-1"
"2221","CCTAAGCCATCATGTG-1"
"2222","CCTAAGGTCATAGCCG-1"
"2223","CCTAAGGTCCAATAGC-1"
"2224","CCTAAGGTCGTTTCGC-1"
"2225","CCTAAGTAGGATCACT-1"
"2226","CCTAATAAGCACTAAC-1"
"2227","CCTAATAAGGAACCAA-1"
"2228","CCTAATAAGGACAATG-1"
"2229","CCTAATAAGTCAGGCC-1"
"2230","CCTAATCGTAATGGCC-1"
"2231","CCTAATCGTGTGAGGA-1"
"2232","CCTAATCGTTTGCGAA-1"
"2233","CCTACTGGTATTGGAT-1"
"2234","CCTACTGGTGAGCGAA-1"
"2235","CCTACTGGTTCATTTG-1"
"2236","CCTACTTCACCTATAG-1"
"2237","CCTACTTCACTAAGCC-1"
"2238","CCTAGTTGTAGTTACG-1"
"2239","CCTATAGCAATAAGCA-1"
"2240","CCTATAGCACCGTTCC-1"
"2241","CCTATATTCATGCGTG-1"
"2242","CCTATATTCGTCCTTA-1"
"2243","CCTATATTCGTTTCGC-1"
"2244","CCTATTGTCCGGAACC-1"
"2245","CCTATTTAGCTCCTAC-1"
"2246","CCTATTTAGGCATTGT-1"
"2247","CCTATTTAGGTTTGAC-1"
"2248","CCTATTTAGTCGCTAG-1"
"2249","CCTATTTAGTGAGGTA-1"
"2250","CCTATTTAGTGTTGTA-1"
"2251","CCTCAAACAACTGGGA-1"
"2252","CCTCAAACAATTGAAG-1"
"2253","CCTCAAACAGTATGTT-1"
"2254","CCTCAAACAGTCTAAT-1"
"2255","CCTCAATGTCGAAGTC-1"
"2256","CCTCAATGTTAGGCTA-1"
"2257","CCTCAATGTTTGTTGC-1"
"2258","CCTCAGTTCCAAACAC-1"
"2259","CCTCAGTTCCCTTGCG-1"
"2260","CCTCAGTTCCTGATTT-1"
"2261","CCTCAGTTCTCTAGCC-1"
"2262","CCTCAGTTCTTCAATC-1"
"2263","CCTCAGTTCTTTGTAC-1"
"2264","CCTCCTCTCCATCAGG-1"
"2265","CCTCCTCTCCTGGTGA-1"
"2266","CCTCCTCTCGTTAGTA-1"
"2267","CCTCCTGAGATAAAGC-1"
"2268","CCTCCTGAGCACAGGG-1"
"2269","CCTCCTGAGGCATGTT-1"
"2270","CCTCCTGAGGCCTGGT-1"
"2271","CCTCCTGAGTAAAGGT-1"
"2272","CCTGAATAGAATCTCA-1"
"2273","CCTGAATAGCAAGGTA-1"
"2274","CCTGAATAGCCACAAT-1"
"2275","CCTGAATAGGCTATGT-1"
"2276","CCTGAATAGGTTACAC-1"
"2277","CCTGAATAGTTAGGCT-1"
"2278","CCTGAATAGTTAGTTG-1"
"2279","CCTGACTTCAATTACG-1"
"2280","CCTGACTTCGATCAGT-1"
"2281","CCTGACTTCGGCTATG-1"
"2282","CCTGACTTCTAACTGA-1"
"2283","CCTGACTTCTGCAACG-1"
"2284","CCTGAGTCACAATGCC-1"
"2285","CCTGAGTCACTCAACA-1"
"2286","CCTGAGTCACTTACAG-1"
"2287","CCTGAGTCAGCAGGTA-1"
"2288","CCTGAGTCAGGAACCA-1"
"2289","CCTGAGTCAGGAATCG-1"
"2290","CCTGAGTCAGTAAAGC-1"
"2291","CCTGAGTCATTAAAGG-1"
"2292","CCTGATGAGCCTAACG-1"
"2293","CCTGATGAGGACAATG-1"
"2294","CCTGATGAGGCGAAAC-1"
"2295","CCTGATGAGTCCTGAG-1"
"2296","CCTGCTCCAAATACCT-1"
"2297","CCTGCTCCAAGGTGGC-1"
"2298","CCTGCTCCACAAAGGT-1"
"2299","CCTGCTCCAGGAAGCC-1"
"2300","CCTGCTCCAGGCTAAG-1"
"2301","CCTGCTCCAGTTATCG-1"
"2302","CCTGGATCACATTAAC-1"
"2303","CCTGGATCATATAACC-1"
"2304","CCTGGTAAGCTTAACA-1"
"2305","CCTGGTAAGGACCTTG-1"
"2306","CCTGTAACAAGCTTAT-1"
"2307","CCTGTAACACACCAAC-1"
"2308","CCTGTAACACATTGCA-1"
"2309","CCTGTAACAGAGGGAG-1"
"2310","CCTGTAACATTAGGCC-1"
"2311","CCTGTATGTACCAGGT-1"
"2312","CCTGTATGTCCTGATT-1"
"2313","CCTGTTGGTACGGTAC-1"
"2314","CCTGTTGGTCACGGAT-1"
"2315","CCTGTTGGTGCATTTC-1"
"2316","CCTGTTGGTGCGCGTA-1"
"2317","CCTGTTGGTGCTCACC-1"
"2318","CCTGTTGGTTGGTTCT-1"
"2319","CCTTAACGTACTAAAC-1"
"2320","CCTTAACGTGTAACCA-1"
"2321","CCTTAACGTTATCCGT-1"
"2322","CCTTACTCAAACCTAT-1"
"2323","CCTTACTCACCGGTAT-1"
"2324","CCTTACTCAGCTTAAT-1"
"2325","CCTTACTCATAAGTTC-1"
"2326","CCTTACTCATCATGGC-1"
"2327","CCTTACTCATCCTGAA-1"
"2328","CCTTAGTGTCATAGAT-1"
"2329","CCTTAGTGTTAGGTTG-1"
"2330","CCTTAGTGTTTATCTG-1"
"2331","CCTTATGTCATTAGTG-1"
"2332","CCTTATGTCCTACCTA-1"
"2333","CCTTCAATCATAACCA-1"
"2334","CCTTCAATCATCAGTA-1"
"2335","CCTTCAATCATTACAG-1"
"2336","CCTTCAATCGCTATAA-1"
"2337","CCTTCAATCTCACTCA-1"
"2338","CCTTCAGGTACCCACC-1"
"2339","CCTTCAGGTCACAAAT-1"
"2340","CCTTCAGGTTTGTGGA-1"
"2341","CCTTCGGTCTTGGACG-1"
"2342","CCTTCGTAGAGGCTAA-1"
"2343","CCTTCGTAGCCAAATC-1"
"2344","CCTTCGTAGGCAAGTA-1"
"2345","CCTTCGTAGGCGCATC-1"
"2346","CCTTGCGTCACGTTAA-1"
"2347","CCTTGCGTCCTAAGAC-1"
"2348","CCTTGCGTCCTAGTTT-1"
"2349","CCTTGCGTCGGTTTCC-1"
"2350","CCTTGTTCAACAACAA-1"
"2351","CCTTGTTCATGAAATG-1"
"2352","CCTTTAGTCAAGCTTA-1"
"2353","CCTTTAGTCCGTCCAT-1"
"2354","CCTTTAGTCCGTTATT-1"
"2355","CCTTTAGTCCTAAGGT-1"
"2356","CGAAATGAGCACAGAA-1"
"2357","CGAAATGAGGACTTAC-1"
"2358","CGAAATGAGGATCCGC-1"
"2359","CGAACAAAGACAACAG-1"
"2360","CGAACCGGTCACAAAT-1"
"2361","CGAACCGGTGCATTTC-1"
"2362","CGAAGAATCAGGTTTA-1"
"2363","CGAAGAATCCATAAGC-1"
"2364","CGAAGAATCCGCAAGC-1"
"2365","CGAAGCCTCACTTCAT-1"
"2366","CGAAGCCTCCTGCGAA-1"
"2367","CGAAGCGAGACAAAGT-1"
"2368","CGAAGCGAGCCACAAT-1"
"2369","CGAAGGCCAGGTATTT-1"
"2370","CGAAGGCCATAATCAC-1"
"2371","CGAAGGCCATACCCGG-1"
"2372","CGAAGGCCATATTGAC-1"
"2373","CGAAGTAAGATTGAGG-1"
"2374","CGAAGTAAGGCATTAC-1"
"2375","CGAAGTAAGGTCATTA-1"
"2376","CGAAGTAAGTAGCGCC-1"
"2377","CGAATATGTAAGCTTG-1"
"2378","CGAATATGTCAGTAAT-1"
"2379","CGAATCTAGCTCAATA-1"
"2380","CGAATCTAGCTGTAAC-1"
"2381","CGACAAGCAGCAGGTA-1"
"2382","CGACAAGCATGAGTTT-1"
"2383","CGACAAGCATTATGAC-1"
"2384","CGACAAGCATTGTGAT-1"
"2385","CGACCTGCACATTAAC-1"
"2386","CGACCTGCAGGCCAAA-1"
"2387","CGACTAAGTCACAGCG-1"
"2388","CGACTAAGTGATCATG-1"
"2389","CGACTAAGTTAACAGT-1"
"2390","CGACTAAGTTTGAGGC-1"
"2391","CGAGCTGGTAGCCATA-1"
"2392","CGAGCTGGTGCTAGAC-1"
"2393","CGAGCTGGTTCAAGCA-1"
"2394","CGAGGAAGTAATCGCA-1"
"2395","CGAGGAAGTTGTTCAC-1"
"2396","CGAGGAAGTTTGCAGA-1"
"2397","CGAGGCAAGGACCTGC-1"
"2398","CGAGGCAAGGTCCTAG-1"
"2399","CGAGGCAAGGTGAAGC-1"
"2400","CGAGGCAAGTCTTGAA-1"
"2401","CGAGGTGAGAGAGCCG-1"
"2402","CGAGGTGAGCCAGGTC-1"
"2403","CGAGGTGAGCCAGTAT-1"
"2404","CGAGGTGAGTAACAGG-1"
"2405","CGAGGTGAGTTAGACC-1"
"2406","CGAGGTGAGTTTCCTG-1"
"2407","CGAGTCGGTAGGATTT-1"
"2408","CGAGTCGGTTTGTCTA-1"
"2409","CGATATTCAAGTGAAC-1"
"2410","CGATATTCACAGACTC-1"
"2411","CGATATTCAGGTTTGC-1"
"2412","CGATATTCATAAGTTC-1"
"2413","CGATATTCATGCAACC-1"
"2414","CGATCCTTCCTGGTGA-1"
"2415","CGATCCTTCTGGCAAT-1"
"2416","CGATCCTTCTTTAAGG-1"
"2417","CGATGTCCAAGACTCC-1"
"2418","CGATGTCCAATAACCT-1"
"2419","CGATGTCCACAATTAC-1"
"2420","CGATGTCCACCCACCT-1"
"2421","CGATGTCCAGATTCAT-1"
"2422","CGATGTCCAGTTATCG-1"
"2423","CGATTATCAACGTGCT-1"
"2424","CGATTATCAACTAGCC-1"
"2425","CGATTATCAATGAGGT-1"
"2426","CGATTATCACACTAAT-1"
"2427","CGATTATCAGAAATTG-1"
"2428","CGATTATCATGGTTAT-1"
"2429","CGATTATCATTATGGT-1"
"2430","CGATTCCTCGCTTCTA-1"
"2431","CGATTCCTCTGTGCCT-1"
"2432","CGATTCCTCTTTAAGG-1"
"2433","CGATTTGCAACATAAG-1"
"2434","CGATTTGCAACTAACT-1"
"2435","CGATTTGCATCCATCT-1"
"2436","CGATTTGCATGCTATG-1"
"2437","CGATTTGCATTGTGGC-1"
"2438","CGCAAATTCAAGCGCC-1"
"2439","CGCAAATTCATGCTTT-1"
"2440","CGCAAATTCCATAATG-1"
"2441","CGCAAATTCTTGACCC-1"
"2442","CGCAATAGTAAGGTTT-1"
"2443","CGCAATAGTCAACAAT-1"
"2444","CGCAATAGTCACCTAT-1"
"2445","CGCAATAGTCTTTGAC-1"
"2446","CGCAATAGTGACATAT-1"
"2447","CGCAATAGTGCCTCAC-1"
"2448","CGCAATAGTTGTAACG-1"
"2449","CGCAATCCAAACATAG-1"
"2450","CGCAATCCAAGGTGGC-1"
"2451","CGCAATCCAATATACC-1"
"2452","CGCAATCCACTAGCGT-1"
"2453","CGCAATCCAGCAAGAT-1"
"2454","CGCAATGTCAGCAAGA-1"
"2455","CGCAATGTCCCGCATT-1"
"2456","CGCAATGTCCTAATAG-1"
"2457","CGCAATGTCGCAAACT-1"
"2458","CGCAATGTCGTCATTT-1"
"2459","CGCAATTAGGGTGAGT-1"
"2460","CGCAATTAGTCCTGAG-1"
"2461","CGCACAATCAACCAAC-1"
"2462","CGCACAATCACATTGA-1"
"2463","CGCACAATCATGTCAA-1"
"2464","CGCACAATCCCGAAGC-1"
"2465","CGCACAATCCTACCTA-1"
"2466","CGCACAATCCTGGTGA-1"
"2467","CGCACAATCTACCTGC-1"
"2468","CGCACACAGCATGAAG-1"
"2469","CGCACACAGCGGTTAT-1"
"2470","CGCACACAGGTCCTAG-1"
"2471","CGCACACAGTAACCCG-1"
"2472","CGCACACAGTCTCACC-1"
"2473","CGCACCACACAAACTT-1"
"2474","CGCACCACACAAGCCT-1"
"2475","CGCACCACAGGTTATT-1"
"2476","CGCACCACATTCCTCG-1"
"2477","CGCATTACAAACTGTT-1"
"2478","CGCATTACACCTGCTC-1"
"2479","CGCATTACAGCATTAT-1"
"2480","CGCATTACAGGTATTT-1"
"2481","CGCATTACATTGCAGC-1"
"2482","CGCATTTGTAAGGTCC-1"
"2483","CGCATTTGTCTCACTG-1"
"2484","CGCATTTGTTTCCGGC-1"
"2485","CGCCAAATCTCACTAT-1"
"2486","CGCCACACAATTGAAG-1"
"2487","CGCCACACACTAAGAA-1"
"2488","CGCCACACATAAACCT-1"
"2489","CGCCACACATGGCCCA-1"
"2490","CGCCACACATTATGGT-1"
"2491","CGCCTCATCACGCATG-1"
"2492","CGCCTCATCCGTTAAA-1"
"2493","CGCCTCATCGTTAGCG-1"
"2494","CGCCTCATCTCATCAT-1"
"2495","CGCCTGTGTCAATGTG-1"
"2496","CGCCTGTGTGATGAGG-1"
"2497","CGCCTGTGTGGTTAGC-1"
"2498","CGCCTGTGTTCACTGT-1"
"2499","CGCCTGTGTTCCTCCT-1"
"2500","CGCGATTCAATCTCTC-1"
"2501","CGCGATTCAGTATGTT-1"
"2502","CGCGGATTCAGAAACG-1"
"2503","CGCGGATTCAGCTAAC-1"
"2504","CGCGGATTCCCTCTAA-1"
"2505","CGCGGATTCCCTGGAA-1"
"2506","CGCGGATTCCGTAAAC-1"
"2507","CGCGGATTCCTGAGTG-1"
"2508","CGCGGATTCGCAACAT-1"
"2509","CGCGGATTCTCGCCCA-1"
"2510","CGCTAACCAAGCTACC-1"
"2511","CGCTAACCAATAGCAA-1"
"2512","CGCTAACCAGTAAGTA-1"
"2513","CGCTAACCAGTAGGTG-1"
"2514","CGCTAACCATCACAGC-1"
"2515","CGCTAATAGCATGACT-1"
"2516","CGCTAATAGCTAAGTC-1"
"2517","CGCTAATAGGCTTAAC-1"
"2518","CGCTAATAGGTCCTAG-1"
"2519","CGCTAATAGTAAAGGT-1"
"2520","CGCTACTTCAGTGAAG-1"
"2521","CGCTACTTCTACCTGC-1"
"2522","CGCTATGAGGATCACT-1"
"2523","CGCTATGAGTCACGAT-1"
"2524","CGCTCAGCAAGCTTAT-1"
"2525","CGCTCAGCAATAATCC-1"
"2526","CGCTCAGCAGTCTATG-1"
"2527","CGCTCAGCATTGTGTG-1"
"2528","CGCTCCATCATTAGTG-1"
"2529","CGCTCCATCATTGACA-1"
"2530","CGCTCCATCCAACTGG-1"
"2531","CGCTCCATCCACAATA-1"
"2532","CGCTCCATCTAGCGTG-1"
"2533","CGCTGTGCACTAGCGT-1"
"2534","CGCTGTGCAGAAACGT-1"
"2535","CGCTGTGCATTGCGGT-1"
"2536","CGCTTAACAATTATGC-1"
"2537","CGCTTAACACAATTAC-1"
"2538","CGCTTAACAGTTTACG-1"
"2539","CGCTTAACATTGTCCT-1"
"2540","CGCTTACTCCAAGTTA-1"
"2541","CGCTTACTCGTTAAGC-1"
"2542","CGCTTCTAGACACCGC-1"
"2543","CGCTTCTAGACAGGTA-1"
"2544","CGCTTCTAGGCGGATG-1"
"2545","CGCTTCTAGGCTATGT-1"
"2546","CGCTTCTAGTTAGACC-1"
"2547","CGCTTCTAGTTATTCC-1"
"2548","CGCTTCTAGTTTGTCT-1"
"2549","CGCTTGCGTCACCTAT-1"
"2550","CGCTTGCGTCCAAGAC-1"
"2551","CGCTTGCGTCCGTAGG-1"
"2552","CGCTTGCGTTGGCGTG-1"
"2553","CGGAATCGTCCCGAAG-1"
"2554","CGGAATCGTTATGTGG-1"
"2555","CGGACAACAACCCTAA-1"
"2556","CGGACAACAAGGTAAC-1"
"2557","CGGACAACACTATGGC-1"
"2558","CGGACAACAGCCAGAA-1"
"2559","CGGACAACAGGAACCA-1"
"2560","CGGACCTAGCATTTCT-1"
"2561","CGGACCTAGTATGTGC-1"
"2562","CGGACCTAGTGTGATC-1"
"2563","CGGACCTAGTTTCCTG-1"
"2564","CGGACCTAGTTTGGTA-1"
"2565","CGGAGCAAGCACTAAC-1"
"2566","CGGAGCAAGCTAATTG-1"
"2567","CGGAGCAAGGTGCGGA-1"
"2568","CGGAGCAAGTAAGTCC-1"
"2569","CGGAGCAAGTCTCACC-1"
"2570","CGGAGTCTCCTAAATG-1"
"2571","CGGAGTCTCCTCCCTC-1"
"2572","CGGAGTCTCGGGACTC-1"
"2573","CGGAGTCTCTAAATCG-1"
"2574","CGGAGTCTCTAATTGG-1"
"2575","CGGAGTCTCTTTGAGA-1"
"2576","CGGATAAAGCGCATTG-1"
"2577","CGGATAAAGCGGATAA-1"
"2578","CGGATAAAGGCGGGTA-1"
"2579","CGGATAAAGTGCTGTG-1"
"2580","CGGATTAGTAGCTGCG-1"
"2581","CGGATTAGTCACACCC-1"
"2582","CGGATTAGTGCATTTC-1"
"2583","CGGATTAGTGCTGGTG-1"
"2584","CGGATTAGTGTTGCAA-1"
"2585","CGGATTAGTTAAGCGC-1"
"2586","CGGATTAGTTAGGCTA-1"
"2587","CGGATTAGTTCACCCA-1"
"2588","CGGCAATGTACCCACC-1"
"2589","CGGCAATGTCAAGACC-1"
"2590","CGGCAATGTCACAGCG-1"
"2591","CGGCCATAGCACCACA-1"
"2592","CGGCCATAGGACAATG-1"
"2593","CGGCCATAGGTCCACA-1"
"2594","CGGCCATAGGTTTACA-1"
"2595","CGGCTAATCACAAGCT-1"
"2596","CGGCTAATCATCCTGC-1"
"2597","CGGCTAATCCAAATCA-1"
"2598","CGGCTAATCCAGGTCA-1"
"2599","CGGCTAATCCTCATGC-1"
"2600","CGGCTAATCCTCCATA-1"
"2601","CGGCTAATCGGCTATG-1"
"2602","CGGCTAATCTCACATT-1"
"2603","CGGCTCACAATAGCAA-1"
"2604","CGGCTCACACATTGCA-1"
"2605","CGGCTCACAGAGAGCC-1"
"2606","CGGCTCACAGATAGAC-1"
"2607","CGGCTCACAGGTTTGC-1"
"2608","CGGGACAAGAAGGTGC-1"
"2609","CGGGACAAGGCGGATG-1"
"2610","CGGGACAAGGTCCGTA-1"
"2611","CGGGACAAGTGAGCGG-1"
"2612","CGGGCTTAGGCGAAAC-1"
"2613","CGGGCTTAGGCGAATA-1"
"2614","CGGGCTTAGTGTTGCG-1"
"2615","CGGGTATGTAGGTTTG-1"
"2616","CGGGTATGTCCTCCAA-1"
"2617","CGGGTATGTGGATTAT-1"
"2618","CGGGTATGTGTCACGG-1"
"2619","CGGGTATGTTCGCTCA-1"
"2620","CGGGTCTAGACAGGCG-1"
"2621","CGGGTCTAGATGGAGC-1"
"2622","CGGGTCTAGCGAGGTG-1"
"2623","CGGGTCTAGGCTACAT-1"
"2624","CGGGTCTAGTAACTCA-1"
"2625","CGGGTCTAGTATCGCG-1"
"2626","CGGTAACGTACTAAAC-1"
"2627","CGGTAACGTCCCGGAA-1"
"2628","CGGTGAACATCCTGAA-1"
"2629","CGGTGAGAGGTGTCCA-1"
"2630","CGGTGAGAGTTGTCAA-1"
"2631","CGGTTATAGGCTACTG-1"
"2632","CGGTTATAGGTGTTAC-1"
"2633","CGGTTCCGTAGGATTT-1"
"2634","CGGTTCCGTATACTGG-1"
"2635","CGGTTCCGTCGCGCAA-1"
"2636","CGGTTCCGTGTAACCA-1"
"2637","CGGTTCCGTGTTTGCT-1"
"2638","CGGTTCCGTTGTCCAT-1"
"2639","CGGTTGGGTCATCCTG-1"
"2640","CGGTTGGGTCCTTCAG-1"
"2641","CGGTTTCTCCTACCTA-1"
"2642","CGGTTTCTCTCACACC-1"
"2643","CGGTTTCTCTTTAGGA-1"
"2644","CGGTTTGAGGACGTAA-1"
"2645","CGGTTTGAGTATTGCA-1"
"2646","CGGTTTGAGTTAGGCT-1"
"2647","CGTAACCCACAATACT-1"
"2648","CGTAACCCACAGACTC-1"
"2649","CGTAACCCATTGTGAT-1"
"2650","CGTAACTAGCGCTCAA-1"
"2651","CGTAACTAGGTCGATT-1"
"2652","CGTAACTAGTGAACCT-1"
"2653","CGTAATGGTGGTTAGC-1"
"2654","CGTACGGGTATTGTGG-1"
"2655","CGTAGCGGTGCTGGTG-1"
"2656","CGTAGCGGTGTTGCTT-1"
"2657","CGTAGTTAGCGAGGTG-1"
"2658","CGTAGTTAGCTGTCAG-1"
"2659","CGTAGTTAGGCATGTT-1"
"2660","CGTAGTTAGTCACGAT-1"
"2661","CGTAGTTAGTTCCCAC-1"
"2662","CGTATTGCAAGCCAGA-1"
"2663","CGTATTGCACTCGCTC-1"
"2664","CGTATTGCAGTCTAGC-1"
"2665","CGTCAATAGCTATTAG-1"
"2666","CGTCAATAGTTGTCCC-1"
"2667","CGTCAATAGTTTGGTA-1"
"2668","CGTCATTGTATTCGCT-1"
"2669","CGTCATTGTCAGGAAG-1"
"2670","CGTCATTGTTCCTGAT-1"
"2671","CGTCCTAGTAAGTCGC-1"
"2672","CGTGACATCATTCATC-1"
"2673","CGTGACATCGACCTGA-1"
"2674","CGTGACATCGCACACA-1"
"2675","CGTGACATCTGTTGCC-1"
"2676","CGTGACATCTTGCATT-1"
"2677","CGTGAGGAGAGCCGGA-1"
"2678","CGTGAGGAGCGGGCAA-1"
"2679","CGTGAGGAGCGGTTAT-1"
"2680","CGTGAGGAGGCCTTAG-1"
"2681","CGTGAGGAGTAGGCGG-1"
"2682","CGTGAGGAGTTAGTTG-1"
"2683","CGTGCACAGCCATCAG-1"
"2684","CGTGCTGCAACAGGTG-1"
"2685","CGTGCTGCAAGTGAAC-1"
"2686","CGTGCTGCAATATGGA-1"
"2687","CGTGCTGCAATTATGC-1"
"2688","CGTGCTGCACTGGCCA-1"
"2689","CGTGCTGCATTAGGCC-1"
"2690","CGTGCTTTCACAAGCT-1"
"2691","CGTGCTTTCCGGGACT-1"
"2692","CGTGGTTCAACACTTG-1"
"2693","CGTGGTTCAACTAGCC-1"
"2694","CGTGGTTCAATCGCAC-1"
"2695","CGTGGTTCACCACAAC-1"
"2696","CGTGGTTCATTGCGTA-1"
"2697","CGTGTGTCAATAATCC-1"
"2698","CGTGTTACAATATAGG-1"
"2699","CGTGTTACACATAACT-1"
"2700","CGTGTTACAGCCAGAA-1"
"2701","CGTGTTACATAATGTC-1"
"2702","CGTGTTACATAGACTT-1"
"2703","CGTGTTACATAGCTTG-1"
"2704","CGTTAAATCCTAAGAC-1"
"2705","CGTTAAATCCTAAGTA-1"
"2706","CGTTAAATCCTAGTCC-1"
"2707","CGTTAAATCGTCATTT-1"
"2708","CGTTAAATCTGTGCAG-1"
"2709","CGTTAACAGGAACGGT-1"
"2710","CGTTAACAGGCGTAAA-1"
"2711","CGTTAGGTCAAGCTAC-1"
"2712","CGTTAGGTCATAGACC-1"
"2713","CGTTAGGTCCTCAGCT-1"
"2714","CGTTAGGTCGATATTG-1"
"2715","CGTTAGGTCGTCAAGT-1"
"2716","CGTTAGGTCTAGCTAA-1"
"2717","CGTTAGGTCTTTAAGG-1"
"2718","CGTTAGTAGCCTCTGT-1"
"2719","CGTTAGTAGGACTAAG-1"
"2720","CGTTATCGTACTGAAT-1"
"2721","CGTTATCGTCATAACG-1"
"2722","CGTTATCGTCCTTCTC-1"
"2723","CGTTATCGTCGCAATA-1"
"2724","CGTTATCGTTATCCTA-1"
"2725","CGTTATTTCAGCACGC-1"
"2726","CGTTATTTCCTAGTCC-1"
"2727","CGTTGCAAGCCTAATA-1"
"2728","CGTTGCAAGGACACTT-1"
"2729","CGTTGCAAGTCATTAG-1"
"2730","CGTTGCAAGTCGCTAG-1"
"2731","CGTTGCAAGTCTTGAA-1"
"2732","CGTTGCAAGTGAGCAA-1"
"2733","CGTTGCGCAGTCTATG-1"
"2734","CGTTGCGCATCATGTG-1"
"2735","CGTTGCGCATGAGTTT-1"
"2736","CGTTGCGCATGCTATG-1"
"2737","CGTTTCTCAATATGGA-1"
"2738","CGTTTCTCAATTGAAG-1"
"2739","CGTTTCTCACACAATT-1"
"2740","CGTTTCTCACGCAACT-1"
"2741","CGTTTCTCAGGGAGCT-1"
"2742","CGTTTCTCATCCTAGA-1"
"2743","CGTTTCTCATGGTTAT-1"
"2744","CGTTTGGAGCATGCAT-1"
"2745","CGTTTGGAGCCTCTGT-1"
"2746","CGTTTGGAGCGGATAA-1"
"2747","CGTTTGGAGCTTACTT-1"
"2748","CGTTTGGAGTCACTAA-1"
"2749","CGTTTGTGTTAGTACG-1"
"2750","CTAAAGCTCAAGTGTC-1"
"2751","CTAAAGCTCACAAGCT-1"
"2752","CTAAAGCTCACAGCGC-1"
"2753","CTAAAGCTCCTCACTA-1"
"2754","CTAAAGCTCCTGAGTG-1"
"2755","CTAAATGTCACCGGTA-1"
"2756","CTAAATGTCGCAATCG-1"
"2757","CTAAATGTCGTTAAGC-1"
"2758","CTAAATGTCGTTATAG-1"
"2759","CTAAATGTCGTTATCT-1"
"2760","CTAACCACATAGCAGG-1"
"2761","CTAACCCTCACATTGA-1"
"2762","CTAACCCTCCCTCTAA-1"
"2763","CTAACCCTCCGTAAAC-1"
"2764","CTAACCCTCCTAAGGT-1"
"2765","CTAACCCTCGGTCAGC-1"
"2766","CTAACCCTCGTTAAGC-1"
"2767","CTAACCTGTAGACAAA-1"
"2768","CTAACCTGTAGTCAAT-1"
"2769","CTAACCTGTCCTTCTC-1"
"2770","CTAACCTGTCTATCGT-1"
"2771","CTAACCTGTGAGGTAG-1"
"2772","CTAACCTGTGGGAACA-1"
"2773","CTAAGGTTCAATTGGC-1"
"2774","CTAAGGTTCATAACCA-1"
"2775","CTAAGGTTCATTCATC-1"
"2776","CTAATAGTCTATTGTC-1"
"2777","CTAATCCGTACCGTAA-1"
"2778","CTAATCCGTATTGTCC-1"
"2779","CTAATCCGTCATCCTG-1"
"2780","CTAATCCGTGAGGTGA-1"
"2781","CTAATCGCAAGGCCAA-1"
"2782","CTAATCGCAAGGTCCT-1"
"2783","CTAATCGCAGTTATCG-1"
"2784","CTAATCGCATCACAGC-1"
"2785","CTAATCTTCATTTAGG-1"
"2786","CTAATCTTCTGTAAGC-1"
"2787","CTAATGTCAAGATTCT-1"
"2788","CTAATGTCAATGAGGT-1"
"2789","CTAATGTCATAGACCC-1"
"2790","CTAATGTCATCCTGAA-1"
"2791","CTAATTGAGCAACATC-1"
"2792","CTAATTGAGCATTTCT-1"
"2793","CTAATTGAGTACCGCA-1"
"2794","CTAATTGAGTTGCGTG-1"
"2795","CTACAACAGAAACTGG-1"
"2796","CTACAACAGGTCCGTA-1"
"2797","CTACCGGCAGCAAATA-1"
"2798","CTACCGGCATAATGTC-1"
"2799","CTACCGGCATGGAGGC-1"
"2800","CTACCTCAGAGCCGCT-1"
"2801","CTACCTCAGATTGAGG-1"
"2802","CTACCTCAGCTCAATA-1"
"2803","CTACCTCAGGAAACTG-1"
"2804","CTACCTCAGTAGGCGG-1"
"2805","CTACGAAGTCGAAGTC-1"
"2806","CTACGAAGTTTGCGAA-1"
"2807","CTACTAAAGCGATAGA-1"
"2808","CTACTAAAGCTTACTT-1"
"2809","CTACTAAAGGACAACA-1"
"2810","CTACTAAAGTCAATCA-1"
"2811","CTACTTAGTAAGCACC-1"
"2812","CTACTTAGTAATGGCC-1"
"2813","CTACTTAGTCCTTAGT-1"
"2814","CTACTTAGTGAGCGAA-1"
"2815","CTACTTAGTGCAACTA-1"
"2816","CTACTTAGTGCATCGG-1"
"2817","CTACTTAGTGGTGAGA-1"
"2818","CTACTTAGTTGGATAT-1"
"2819","CTACTTAGTTTACGTC-1"
"2820","CTAGATTCAGTAAAGC-1"
"2821","CTAGATTCATCCAGGT-1"
"2822","CTAGCGGGTAACTACG-1"
"2823","CTAGCGGGTAGCAGCT-1"
"2824","CTAGCGGGTAGGTTGC-1"
"2825","CTAGCGGGTGAGCAAG-1"
"2826","CTAGCTGAGCATCCAG-1"
"2827","CTAGCTGAGCATGACT-1"
"2828","CTAGCTGAGCATTATG-1"
"2829","CTAGCTGAGCCGCTAA-1"
"2830","CTAGCTGAGCCTAATA-1"
"2831","CTAGCTGAGCGATACT-1"
"2832","CTAGCTGAGCGCTAAT-1"
"2833","CTAGCTGAGGACCAGG-1"
"2834","CTAGCTGAGGTGAGAC-1"
"2835","CTAGCTGAGTTGTCCC-1"
"2836","CTAGCTTGTATTTGGG-1"
"2837","CTAGCTTGTCACCAAA-1"
"2838","CTAGCTTGTTAACACG-1"
"2839","CTAGGACGTCCAAATG-1"
"2840","CTAGGCGGTAAGCTTG-1"
"2841","CTAGGCGGTTACCTGT-1"
"2842","CTAGGCGGTTGTTCAC-1"
"2843","CTAGTAATCCACAATA-1"
"2844","CTAGTAATCCCGTTTA-1"
"2845","CTAGTAATCGATATTG-1"
"2846","CTAGTAGGTCAATACG-1"
"2847","CTAGTAGGTTAGAGGG-1"
"2848","CTAGTAGGTTGGTTGA-1"
"2849","CTAGTCGAGGATTGCT-1"
"2850","CTAGTCGAGGTCTTGG-1"
"2851","CTAGTCGAGGTGTCCA-1"
"2852","CTAGTCGAGTTGCCTC-1"
"2853","CTAGTGAGTGACATAT-1"
"2854","CTAGTGAGTGAGGTGA-1"
"2855","CTATAACCAGGTTCAC-1"
"2856","CTATGACAGATACTTG-1"
"2857","CTATGACAGGACGTAA-1"
"2858","CTATGACAGGATTTGC-1"
"2859","CTATGACAGGCCGGAA-1"
"2860","CTATGACAGTAACGGA-1"
"2861","CTATGAGGTAACGTGC-1"
"2862","CTATGAGGTAATGGAA-1"
"2863","CTATGAGGTATTCGTC-1"
"2864","CTATGAGGTATTGAGT-1"
"2865","CTATGAGGTTAGCAGC-1"
"2866","CTATGATCATTGACAT-1"
"2867","CTATGGCCAAACCTTG-1"
"2868","CTATGGCCACGTAATT-1"
"2869","CTATGGCCAGTCTAGC-1"
"2870","CTATGGCCATTGCGAC-1"
"2871","CTATGTTTCAGGAAGC-1"
"2872","CTATGTTTCCAAGTTA-1"
"2873","CTATGTTTCCCGCCTA-1"
"2874","CTATGTTTCCCGTTGT-1"
"2875","CTATGTTTCCTCATCA-1"
"2876","CTATGTTTCTAAGGTC-1"
"2877","CTATGTTTCTTAGCCC-1"
"2878","CTATTACTCCTGGTCT-1"
"2879","CTATTACTCCTTCTAG-1"
"2880","CTATTACTCGATTATG-1"
"2881","CTATTACTCGCTTGCT-1"
"2882","CTATTACTCGGTTCCT-1"
"2883","CTATTCAGTAGGATTT-1"
"2884","CTATTCAGTGCCGCAA-1"
"2885","CTATTCAGTTAAGTGT-1"
"2886","CTATTCAGTTGACTTC-1"
"2887","CTATTGAAGAGGGACT-1"
"2888","CTATTGAAGTCACCAG-1"
"2889","CTATTGAAGTGAGGGT-1"
"2890","CTATTGAAGTTATTCC-1"
"2891","CTCAATAAGAGAGGAG-1"
"2892","CTCAATAAGGTCGATT-1"
"2893","CTCAATAAGTTATGGC-1"
"2894","CTCACAACAAATATCC-1"
"2895","CTCACAACACAACAAA-1"
"2896","CTCACAACACAGCCAT-1"
"2897","CTCACAACAGGCTAAG-1"
"2898","CTCACAACATAAACCT-1"
"2899","CTCACAACATAACGGG-1"
"2900","CTCACAACATAGACTT-1"
"2901","CTCACAACATCGCTCC-1"
"2902","CTCACAACATTAGCCA-1"
"2903","CTCACACTCGCTCCAT-1"
"2904","CTCACACTCGGGATTT-1"
"2905","CTCACACTCTAAGGAG-1"
"2906","CTCACTCAGGCCAATT-1"
"2907","CTCAGGATCAAGCGCC-1"
"2908","CTCAGGATCAGCACGC-1"
"2909","CTCAGGATCCAGCACA-1"
"2910","CTCAGGATCTGGCAAT-1"
"2911","CTCATCATCAGGCCTA-1"
"2912","CTCATCATCCTTAGGG-1"
"2913","CTCATCATCGAGGAGT-1"
"2914","CTCATCATCGCTAAGT-1"
"2915","CTCATCATCGGTTTCC-1"
"2916","CTCATGACAAGCCAGA-1"
"2917","CTCATGACACTTCATC-1"
"2918","CTCATGACAGGCCATT-1"
"2919","CTCATGACAGTTTACG-1"
"2920","CTCATGCTCATGTTTC-1"
"2921","CTCATGCTCCCTGACT-1"
"2922","CTCATGCTCTAATCAG-1"
"2923","CTCATTAGTGGACCTG-1"
"2924","CTCATTAGTGTCCAAA-1"
"2925","CTCATTGTCAGCTAAC-1"
"2926","CTCATTGTCCTAAATG-1"
"2927","CTCATTGTCGACAAAG-1"
"2928","CTCATTTAGCCGCAAC-1"
"2929","CTCATTTAGCCTGTGA-1"
"2930","CTCATTTAGGCTATGT-1"
"2931","CTCCAAACAACCGCCA-1"
"2932","CTCCAAACAGTCTAAT-1"
"2933","CTCCAAACATTAAGTC-1"
"2934","CTCCAACTCACACAGT-1"
"2935","CTCCAACTCCTAGTAA-1"
"2936","CTCCAACTCTCATCAT-1"
"2937","CTCCAACTCTCGACCT-1"
"2938","CTCCAACTCTGCAAAC-1"
"2939","CTCCAACTCTTGAGGT-1"
"2940","CTCCAACTCTTGGATA-1"
"2941","CTCCATCAGGACACTT-1"
"2942","CTCCATCAGTGATTCA-1"
"2943","CTCCCTGAGAGGAGGA-1"
"2944","CTCCCTGAGGACTAAG-1"
"2945","CTCCCTGAGGCTACTG-1"
"2946","CTCCCTGAGTTAGTGC-1"
"2947","CTCCGGACACATAACT-1"
"2948","CTCCGGACACTAAGTT-1"
"2949","CTCCGGACAGTATGTT-1"
"2950","CTCCGGACATGTCAGC-1"
"2951","CTCCGTCCAGGTTAAA-1"
"2952","CTCCTAATCCATTACT-1"
"2953","CTCCTCACACAATACT-1"
"2954","CTCCTCACATTAAACC-1"
"2955","CTCCTGAGTACCGAAC-1"
"2956","CTCGACAAGAATCGCT-1"
"2957","CTCGACAAGGAGGCAT-1"
"2958","CTCGACAAGGTAAGCA-1"
"2959","CTCGCTAGTCGCAATA-1"
"2960","CTCGCTAGTTGTTGGA-1"
"2961","CTCGCTCCAATTGCGC-1"
"2962","CTCGCTCCAGTAGGAT-1"
"2963","CTCGCTCCATGTTTGG-1"
"2964","CTCGTTATCCCTGGTT-1"
"2965","CTCGTTATCCTGGTGA-1"
"2966","CTCGTTATCGCAGGCT-1"
"2967","CTCGTTATCGGTTTCC-1"
"2968","CTCGTTATCTGGCAAT-1"
"2969","CTCTAAGCACAGCCTG-1"
"2970","CTCTAAGCACAGGGAC-1"
"2971","CTCTAAGCATGTCAAT-1"
"2972","CTCTAGCTCATAATCG-1"
"2973","CTCTAGCTCCCGCAAA-1"
"2974","CTCTAGCTCCGGGACT-1"
"2975","CTCTAGCTCCTTGAGG-1"
"2976","CTCTAGCTCGCATCCT-1"
"2977","CTCTATGTCATTTGCT-1"
"2978","CTCTATGTCCATAATG-1"
"2979","CTCTATGTCCGCCAAA-1"
"2980","CTCTATGTCCGGAACC-1"
"2981","CTCTATGTCGCTTCTA-1"
"2982","CTCTCACAGCTCCCTG-1"
"2983","CTCTCACAGGCTGGCT-1"
"2984","CTCTCACAGTTAGGCT-1"
"2985","CTCTGTTCAGAAATGC-1"
"2986","CTCTGTTCAGCTTAGC-1"
"2987","CTCTGTTCAGTCTATG-1"
"2988","CTCTGTTCATAAACCT-1"
"2989","CTCTGTTCATAAGTCT-1"
"2990","CTCTTGATCACTAGGT-1"
"2991","CTCTTGATCTGTTGCC-1"
"2992","CTGAAACTCAGCACCA-1"
"2993","CTGAAACTCAGGATGA-1"
"2994","CTGAAACTCCCAGTAG-1"
"2995","CTGAAACTCCCTCAGT-1"
"2996","CTGAAACTCCTAAGAC-1"
"2997","CTGAAACTCTAAGGTC-1"
"2998","CTGAAACTCTAAGTGC-1"
"2999","CTGAATATCAGCACGC-1"
"3000","CTGAATATCCCTGGTT-1"
"3001","CTGAATATCGTAATCA-1"
"3002","CTGACATAGCAACATC-1"
"3003","CTGACATAGCCAAATC-1"
"3004","CTGACATAGCTTACTT-1"
"3005","CTGACATAGGACAATG-1"
"3006","CTGACATAGGCTAAGA-1"
"3007","CTGACATAGGGCTTTG-1"
"3008","CTGACATAGGTATTGC-1"
"3009","CTGACCAAGCAACAAG-1"
"3010","CTGACCAAGCATGACT-1"
"3011","CTGACCAAGCGCCTAA-1"
"3012","CTGACCAAGTAGCGCC-1"
"3013","CTGATCACAAACGCGA-1"
"3014","CTGATCACACATTAAC-1"
"3015","CTGATCACATCACAGC-1"
"3016","CTGATCACATGAATAG-1"
"3017","CTGCAATAGCGCATTG-1"
"3018","CTGCAATAGTCACTCC-1"
"3019","CTGCTACTCATGCATA-1"
"3020","CTGCTACTCCCAGTAG-1"
"3021","CTGCTACTCCCGTTGT-1"
"3022","CTGCTACTCCTACCTA-1"
"3023","CTGCTATGTCAATACG-1"
"3024","CTGCTATGTGTTGCAA-1"
"3025","CTGCTATGTTTGACCT-1"
"3026","CTGCTCCCACACCAAC-1"
"3027","CTGCTCCCAGGCTAGA-1"
"3028","CTGCTCCCATCACTTC-1"
"3029","CTGGACCAGCATGTCG-1"
"3030","CTGGACCAGGAGTAAT-1"
"3031","CTGGACCAGGGACGCA-1"
"3032","CTGGACCAGGGATGCG-1"
"3033","CTGGACCAGTCCTTCA-1"
"3034","CTGGATGTCAATCATG-1"
"3035","CTGGATGTCATAGCCG-1"
"3036","CTGGATGTCCGCTAGA-1"
"3037","CTGGATGTCGTCATTT-1"
"3038","CTGGCTAAGATGCCTG-1"
"3039","CTGGCTAAGCCGCAGT-1"
"3040","CTGGCTAAGGATAAAC-1"
"3041","CTGGCTAAGTCTATGA-1"
"3042","CTGGTAAGTCGTAATG-1"
"3043","CTGGTAAGTGATGAAA-1"
"3044","CTGGTAAGTGGTTAGC-1"
"3045","CTGGTAAGTTATAGCG-1"
"3046","CTGGTAAGTTCGGTAA-1"
"3047","CTGGTCAAGCATTAGC-1"
"3048","CTGGTCAAGCCTGTGA-1"
"3049","CTGGTCAAGGACTAAG-1"
"3050","CTGGTCAAGTGCTGTG-1"
"3051","CTGGTTACATCAATCG-1"
"3052","CTGGTTACATCCCTCA-1"
"3053","CTGGTTACATTGCAGC-1"
"3054","CTGGTTTGTGCAATGC-1"
"3055","CTGGTTTGTGCACGCA-1"
"3056","CTGGTTTGTTATGTGG-1"
"3057","CTGTAACAGAAAGGAA-1"
"3058","CTGTAACAGAAGCTAG-1"
"3059","CTGTAACAGCAAACCT-1"
"3060","CTGTAACAGGGTCCAC-1"
"3061","CTGTAACAGTAAACCC-1"
"3062","CTGTAACAGTGAGAGC-1"
"3063","CTGTAACAGTGCACGC-1"
"3064","CTGTACCTCACAGGAA-1"
"3065","CTGTACCTCCAGGAAA-1"
"3066","CTGTACCTCCTAATTC-1"
"3067","CTGTACCTCCTGATGG-1"
"3068","CTGTACCTCCTTTACG-1"
"3069","CTGTACCTCGGTAACT-1"
"3070","CTGTACCTCGTACCGA-1"
"3071","CTGTATTTCTAAGTCA-1"
"3072","CTGTATTTCTACCTAT-1"
"3073","CTGTATTTCTGTGCCT-1"
"3074","CTGTGTGAGCAAGGAC-1"
"3075","CTGTGTGAGCCTGACA-1"
"3076","CTGTGTGAGGAATAAC-1"
"3077","CTGTGTGAGGGTGAAC-1"
"3078","CTGTGTGAGGTGAGAC-1"
"3079","CTGTTAAAGCAACATC-1"
"3080","CTGTTAAAGCATGACT-1"
"3081","CTGTTAAAGCTCAATA-1"
"3082","CTGTTAAAGGCTATGT-1"
"3083","CTGTTAAAGTAAACCC-1"
"3084","CTGTTAAAGTTATGTG-1"
"3085","CTGTTAAAGTTGGATC-1"
"3086","CTGTTCATCCGTGACA-1"
"3087","CTGTTGGAGACAACGA-1"
"3088","CTGTTGGAGGCGCTTA-1"
"3089","CTGTTGGAGTGAGAGC-1"
"3090","CTGTTTAGTAAGCTTG-1"
"3091","CTGTTTAGTATTGGTG-1"
"3092","CTGTTTAGTGGATTCA-1"
"3093","CTGTTTAGTGGTGAGA-1"
"3094","CTGTTTAGTTAAGGTT-1"
"3095","CTGTTTAGTTGTCCAT-1"
"3096","CTTAACAAGGTATTGC-1"
"3097","CTTAACAAGTGATTCA-1"
"3098","CTTAACAAGTTGCGTG-1"
"3099","CTTAAGATCAGAAACG-1"
"3100","CTTAAGATCCCTCGCA-1"
"3101","CTTAAGATCTTTGAGA-1"
"3102","CTTAAGGGTTTACGTC-1"
"3103","CTTAAGGGTTTATGGG-1"
"3104","CTTAAGGGTTTGTTGC-1"
"3105","CTTAATGAGCACCACA-1"
"3106","CTTAATGAGGGCCACT-1"
"3107","CTTAATGAGGGCTTAT-1"
"3108","CTTAATGAGTCACTAA-1"
"3109","CTTACCGGTAGTTAAC-1"
"3110","CTTACCGGTCGTTACT-1"
"3111","CTTACCGGTGGTTATG-1"
"3112","CTTACCTCACAAAGGT-1"
"3113","CTTACCTCAGAGGGAG-1"
"3114","CTTACCTCAGCATGAG-1"
"3115","CTTACCTCAGGCGAGT-1"
"3116","CTTACCTCATGATTGT-1"
"3117","CTTACTAGTAGCCATA-1"
"3118","CTTACTAGTCATGAGC-1"
"3119","CTTACTAGTCTCAGCC-1"
"3120","CTTACTAGTTACGCGG-1"
"3121","CTTAGGAGTACTTCAC-1"
"3122","CTTAGGAGTATTGGAT-1"
"3123","CTTAGGAGTTCCATTA-1"
"3124","CTTAGTTTCAATGTCA-1"
"3125","CTTAGTTTCCCTGACT-1"
"3126","CTTAGTTTCCGGTATG-1"
"3127","CTTAGTTTCCTAAATG-1"
"3128","CTTAGTTTCGCCTGTT-1"
"3129","CTTATGTTCACTCAAA-1"
"3130","CTTATGTTCTTGGACG-1"
"3131","CTTATTGGTCACAGCG-1"
"3132","CTTATTGGTCCTTTAA-1"
"3133","CTTATTGGTCTAACCT-1"
"3134","CTTATTGGTTCATCTA-1"
"3135","CTTATTGGTTGCGCGA-1"
"3136","CTTCAAGCACAGCCAT-1"
"3137","CTTCAAGCACGGTTTA-1"
"3138","CTTCAAGCAGCAAGTG-1"
"3139","CTTCAAGCATTAAGTC-1"
"3140","CTTCAATTCAGGTCCA-1"
"3141","CTTCAATTCGTTTCGC-1"
"3142","CTTCACTCAAGTCGCT-1"
"3143","CTTCACTCACACCAAC-1"
"3144","CTTCACTCACTAGCGT-1"
"3145","CTTCACTCAGCTACGT-1"
"3146","CTTCACTCAGGAACCA-1"
"3147","CTTCACTCATAGTCAT-1"
"3148","CTTCAGGAGCAGCTCA-1"
"3149","CTTCAGGAGCTCCTAC-1"
"3150","CTTCAGGAGTTATCTC-1"
"3151","CTTCATCCAAACGCGA-1"
"3152","CTTCATCCAAACTAAG-1"
"3153","CTTCATCCAATTGCGC-1"
"3154","CTTCATCCATAGCAGG-1"
"3155","CTTCGCGTCAGGTCCA-1"
"3156","CTTCGCGTCATTGCAA-1"
"3157","CTTCGCGTCCACCCTG-1"
"3158","CTTCGCGTCTCGCCTG-1"
"3159","CTTCTAAGTATTTGCC-1"
"3160","CTTCTCAAGAAACTGG-1"
"3161","CTTCTCAAGGCTAGAA-1"
"3162","CTTGAACAGATGCCTG-1"
"3163","CTTGAATCAATTGAAG-1"
"3164","CTTGAATCACGTAAGG-1"
"3165","CTTGACGAGCATGTCG-1"
"3166","CTTGACGAGCTTACTT-1"
"3167","CTTGACGAGGCTAGAA-1"
"3168","CTTGCAACAAAGCTCC-1"
"3169","CTTGCAACAACATAAG-1"
"3170","CTTGCAACAAGTAAGC-1"
"3171","CTTGCAACACACAATT-1"
"3172","CTTGCAACACGAACAG-1"
"3173","CTTGCAACATATTGAC-1"
"3174","CTTGCATGTCTTGCTG-1"
"3175","CTTGCATGTTTACGTC-1"
"3176","CTTGCGCGTGCAACTA-1"
"3177","CTTGCGCGTTGCTGGG-1"
"3178","CTTGCTCAGCATTTCT-1"
"3179","CTTGCTCAGCGTGCGT-1"
"3180","CTTGCTCAGCTATATG-1"
"3181","CTTGCTCAGCTTCTCA-1"
"3182","CTTGCTCAGGACTTAC-1"
"3183","CTTGCTCAGGAGGACT-1"
"3184","CTTGCTCAGGAGGTTA-1"
"3185","CTTGCTCAGGCGAATA-1"
"3186","CTTGCTCAGGCTGGCT-1"
"3187","CTTGCTCAGTGCACGC-1"
"3188","CTTGGACCAAAGCGGC-1"
"3189","CTTGGACCATGACTAT-1"
"3190","CTTGGACCATTAAGTC-1"
"3191","CTTGTAAAGACAACGA-1"
"3192","CTTGTAAAGAGGAAGG-1"
"3193","CTTGTAAAGCACCACA-1"
"3194","CTTGTAAAGCTTACTT-1"
"3195","CTTGTAAAGGCGGATG-1"
"3196","CTTGTAAAGTTATCTC-1"
"3197","CTTGTCCAGATTCCTT-1"
"3198","CTTGTCCAGCGCAATT-1"
"3199","CTTGTCCAGGACACTT-1"
"3200","CTTGTCCAGGCAAGTA-1"
"3201","CTTGTCCAGGGACCTC-1"
"3202","CTTGTTCCAATAGCCC-1"
"3203","CTTGTTCCAATTAGCT-1"
"3204","CTTGTTCCATCCAGGT-1"
"3205","CTTGTTTAGTTAGCCG-1"
"3206","CTTGTTTAGTTATTCC-1"
"3207","CTTTAGGCAAACTAAG-1"
"3208","CTTTAGGCATTATGAC-1"
"3209","CTTTAGTTCCAATTAG-1"
"3210","CTTTAGTTCCACCTTA-1"
"3211","CTTTAGTTCCCTCACG-1"
"3212","CTTTAGTTCTAATCTC-1"
"3213","CTTTAGTTCTTGATGA-1"
"3214","CTTTATCAGCACCACA-1"
"3215","CTTTATGGTGGTGAGA-1"
"3216","CTTTATGGTGTAACCA-1"
"3217","CTTTCTTGTGGTGAGA-1"
"3218","CTTTCTTGTTAAGGCC-1"
"3219","CTTTCTTGTTAGGTGC-1"
"3220","CTTTGAGCAACTGGCT-1"
"3221","CTTTGAGCACCTCGCT-1"
"3222","CTTTGAGCACCTGCCT-1"
"3223","CTTTGAGCACTAAGAA-1"
"3224","CTTTGAGCAGCAAGTG-1"
"3225","CTTTGAGCAGTCTATG-1"
"3226","CTTTGGGAGACTTATG-1"
"3227","CTTTGGGAGCAAGGTA-1"
"3228","CTTTGGGAGCATGTCG-1"
"3229","CTTTGGGAGCTGGAAA-1"
"3230","CTTTGGGAGGCGCACT-1"
"3231","CTTTGGGAGGCGTAAA-1"
"3232","CTTTGGTGTAGTTGGC-1"
"3233","CTTTGGTGTGGTTATG-1"
"3234","CTTTGGTGTTGCTGGG-1"
"3235","CTTTGTCCACAACAAA-1"
"3236","CTTTGTCCATAGCGAG-1"
"3237","GAAACCCGTGTGCAAC-1"
"3238","GAAACCCGTTAGAGCC-1"
"3239","GAAACTGAGAATGACG-1"
"3240","GAAACTGAGATGCCTG-1"
"3241","GAAACTGAGCATGCAT-1"
"3242","GAAACTGAGGCTGGCT-1"
"3243","GAAACTGAGTAAACCC-1"
"3244","GAAACTGAGTTATGGC-1"
"3245","GAAAGCCAGTGAGCAA-1"
"3246","GAAAGCCAGTTGTCAA-1"
"3247","GAAAGGCTCATTTAGG-1"
"3248","GAAAGGCTCGAGGAGT-1"
"3249","GAAAGGCTCTGTAAGC-1"
"3250","GAACACAAGAGCAAGC-1"
"3251","GAACACAAGCTTCTCA-1"
"3252","GAACACAAGGAAACTG-1"
"3253","GAACACAAGTCAATTG-1"
"3254","GAACACAAGTTCCTGC-1"
"3255","GAACCAAAGACACTTA-1"
"3256","GAACCAAAGCGATACT-1"
"3257","GAACCAAAGCTTAGTA-1"
"3258","GAACCAAAGTCAGTAC-1"
"3259","GAACCAAAGTTGGCCA-1"
"3260","GAACCAGCAAACTCAT-1"
"3261","GAACCAGCACAGCCTG-1"
"3262","GAACCAGCACCTACTT-1"
"3263","GAACCAGCACCTCGCT-1"
"3264","GAACCAGCACTAAGCC-1"
"3265","GAACCAGCATCCGTAA-1"
"3266","GAACCGCTCACATTGA-1"
"3267","GAACCGCTCACCATTT-1"
"3268","GAACCGCTCAGGATGA-1"
"3269","GAACCGCTCATTAGTG-1"
"3270","GAACCGCTCCTGGTGA-1"
"3271","GAACCGCTCGTAATCA-1"
"3272","GAACCGCTCGTTACTT-1"
"3273","GAACCTGTCCCGCATT-1"
"3274","GAACCTGTCCGTGACA-1"
"3275","GAACCTGTCCGTTATT-1"
"3276","GAACCTTAGGCGAAAC-1"
"3277","GAACCTTAGGCGCTAC-1"
"3278","GAACCTTAGGGACGCA-1"
"3279","GAACGAATCACAGCGC-1"
"3280","GAACGAATCGCACAAT-1"
"3281","GAACGAATCGTCCTTA-1"
"3282","GAACTTATCATGACCG-1"
"3283","GAACTTATCCACCTGT-1"
"3284","GAACTTATCGGGATTT-1"
"3285","GAACTTATCTTGACCC-1"
"3286","GAAGCCTGTCACAGAC-1"
"3287","GAAGCCTGTCATCATC-1"
"3288","GAAGCCTGTTGCTTCG-1"
"3289","GAAGCTAAGCACAGAA-1"
"3290","GAAGCTAAGTGTTGCG-1"
"3291","GAAGCTAAGTTAGTTG-1"
"3292","GAAGGAACAAACTGTT-1"
"3293","GAAGGAACAAATTGCT-1"
"3294","GAAGGAACAACTAGCC-1"
"3295","GAAGGAACAATTAGGA-1"
"3296","GAAGGAACACAGACTC-1"
"3297","GAAGGAACAGCAACCT-1"
"3298","GAAGGAACATATAACC-1"
"3299","GAAGGATGTAAGCTCA-1"
"3300","GAAGGATGTAATTAGC-1"
"3301","GAAGGATGTGCTGTAA-1"
"3302","GAAGGATGTTATCCGT-1"
"3303","GAAGGATGTTTCCACG-1"
"3304","GAAGGATGTTTGAGCA-1"
"3305","GAAGGCCCAAATTGCT-1"
"3306","GAAGGCCCACCTGTAA-1"
"3307","GAAGGCCCAGTTTGGC-1"
"3308","GAAGGCCCATAGCTGC-1"
"3309","GAAGGCTAGACACCGC-1"
"3310","GAAGGCTAGCTAAAGG-1"
"3311","GAAGGCTAGGCTACTG-1"
"3312","GAAGGCTAGTAACCAC-1"
"3313","GAAGGCTAGTGAACGA-1"
"3314","GAAGTAAGTAGGTTTG-1"
"3315","GAAGTAAGTATTCGCT-1"
"3316","GAAGTAAGTGCTCCAC-1"
"3317","GAAGTAAGTGTTGTGA-1"
"3318","GAAGTAAGTTTAACGG-1"
"3319","GAAGTAAGTTTAGCTC-1"
"3320","GAAGTATAGCGGTTAT-1"
"3321","GAAGTATAGTCACTCC-1"
"3322","GAAGTATAGTGCTGTG-1"
"3323","GAAGTATAGTTAACCA-1"
"3324","GAAGTATAGTTAGCCG-1"
"3325","GAAGTATAGTTGCCTC-1"
"3326","GAAGTATAGTTTAACG-1"
"3327","GAAGTCAAGGCATTAC-1"
"3328","GAAGTCAAGGTCCACA-1"
"3329","GAAGTCAAGTTAGAGG-1"
"3330","GAAGTGATCCACCTTA-1"
"3331","GAAGTGATCCCGTTAC-1"
"3332","GAAGTGATCCCTCAGT-1"
"3333","GAAGTGATCCTAGTAA-1"
"3334","GAAGTGATCTCCATGC-1"
"3335","GAAGTGATCTGCAACG-1"
"3336","GAATTTGTCAGGAACA-1"
"3337","GAATTTGTCCATAAGC-1"
"3338","GACAATACAAGGCCAA-1"
"3339","GACAATACAGGACCTT-1"
"3340","GACAATACAGTTTGGC-1"
"3341","GACAATACATAATGAG-1"
"3342","GACAATACATCAATCG-1"
"3343","GACACCGGTAATCCCT-1"
"3344","GACACCGGTCAAGTAT-1"
"3345","GACACCGGTGTTTGCT-1"
"3346","GACACCGGTTATAGCG-1"
"3347","GACACCGGTTCCTCCT-1"
"3348","GACACCGGTTGTGATG-1"
"3349","GACATAGAGAAAGCAT-1"
"3350","GACATAGAGGAGGGTT-1"
"3351","GACATAGAGGGACGCA-1"
"3352","GACATAGAGGGTCTAT-1"
"3353","GACATAGAGGTATTGC-1"
"3354","GACATAGAGTTATTCC-1"
"3355","GACATTATCGGGCCAT-1"
"3356","GACCGAACACCTGCTC-1"
"3357","GACCGAACACCTGGTG-1"
"3358","GACCGAACAGTATGTT-1"
"3359","GACCGTTCAAATTGCT-1"
"3360","GACCGTTCAGACAAAC-1"
"3361","GACCGTTCATCATGTG-1"
"3362","GACCGTTCATTATGGT-1"
"3363","GACCTAAGTATTTGGG-1"
"3364","GACCTAGTCATTTGCT-1"
"3365","GACCTAGTCCTCATGC-1"
"3366","GACCTAGTCGTACCGA-1"
"3367","GACCTAGTCGTTAGTA-1"
"3368","GACCTCAAGGATTTGC-1"
"3369","GACCTCAAGGTCCTGA-1"
"3370","GACCTCAAGTGGCGGA-1"
"3371","GACCTGATCAAACCTA-1"
"3372","GACCTGATCCCGTTAC-1"
"3373","GACCTGATCCGCCAAA-1"
"3374","GACCTGATCGATTATG-1"
"3375","GACCTGATCGCGCTAA-1"
"3376","GACCTGATCGCTATAA-1"
"3377","GACCTGCAGGTCCACA-1"
"3378","GACCTGCAGGTGAAAT-1"
"3379","GACCTTTGTCACGGAT-1"
"3380","GACCTTTGTCCAAATG-1"
"3381","GACGCAACACTTAGGC-1"
"3382","GACGCAACATGTTTGG-1"
"3383","GACGCAACATTCCTCG-1"
"3384","GACGCCTAGCAAACCT-1"
"3385","GACGCCTAGGACCAGG-1"
"3386","GACGCCTAGGGCTTAT-1"
"3387","GACGTAAAGACCATAC-1"
"3388","GACGTAAAGCCTGATG-1"
"3389","GACGTAAAGGCAACAA-1"
"3390","GACGTAAAGTTTGCGG-1"
"3391","GACTAATGTAATCACG-1"
"3392","GACTAATGTACCCACC-1"
"3393","GACTAATGTTCGCTTG-1"
"3394","GACTAATGTTGGTTCT-1"
"3395","GACTAATGTTTATTCG-1"
"3396","GACTAATGTTTGTCTA-1"
"3397","GACTATTCAAGCGAGC-1"
"3398","GACTATTCACGTTACA-1"
"3399","GACTATTCAGAAACGT-1"
"3400","GACTATTCAGTTATCG-1"
"3401","GACTATTCATCTAGCA-1"
"3402","GACTATTCATGCAACC-1"
"3403","GACTCACCAAGGTCCT-1"
"3404","GACTCACCATTGACAT-1"
"3405","GACTTACAGAATCTCA-1"
"3406","GACTTACAGATTCCTT-1"
"3407","GACTTACAGCATGGTT-1"
"3408","GACTTAGGTATTCGCT-1"
"3409","GACTTAGGTATTGAGT-1"
"3410","GACTTAGGTGCGCAAT-1"
"3411","GACTTAGGTTAGGTTG-1"
"3412","GACTTAGGTTCATCTA-1"
"3413","GACTTGGTCCCAGTAG-1"
"3414","GACTTGGTCCTTAGGG-1"
"3415","GAGAAACGTCGACTAA-1"
"3416","GAGAAACGTCGTTATC-1"
"3417","GAGAAACGTGTGCACG-1"
"3418","GAGAACCAGCAAGGAC-1"
"3419","GAGAACCAGGACCTGC-1"
"3420","GAGAACCAGGTCGATT-1"
"3421","GAGAACCAGTAAGAAC-1"
"3422","GAGAGGCGTAGTTGGC-1"
"3423","GAGATAAGTAGCAGCT-1"
"3424","GAGATAAGTTCGGGAT-1"
"3425","GAGCAAATCAAGCCTG-1"
"3426","GAGCAAATCAATAGCC-1"
"3427","GAGCAAATCACGTTAA-1"
"3428","GAGCAAATCTCAATGA-1"
"3429","GAGCAAATCTGTAATG-1"
"3430","GAGCAAATCTTAGGGT-1"
"3431","GAGCAAGGTTACCGGG-1"
"3432","GAGCATGCAATTGAAG-1"
"3433","GAGCATGCATCCAGGT-1"
"3434","GAGCATGCATGTTTGG-1"
"3435","GAGCATGCATTAAACC-1"
"3436","GAGCCACTCCCTCAAC-1"
"3437","GAGCCACTCCTCCCTC-1"
"3438","GAGCCACTCGGTCAGC-1"
"3439","GAGCCACTCGGTTTCC-1"
"3440","GAGCCACTCTTGGACG-1"
"3441","GAGCCTTCAAAGCGGC-1"
"3442","GAGCCTTCAGTTTGGC-1"
"3443","GAGCGAAGTAATCACG-1"
"3444","GAGCGAAGTGCCTCAC-1"
"3445","GAGCGAAGTTAGGACC-1"
"3446","GAGCGATAGCCACAAT-1"
"3447","GAGCGATAGCCACATG-1"
"3448","GAGCGATAGGGATGCG-1"
"3449","GAGCGGTCAACCCTCC-1"
"3450","GAGCGGTCAGAGGCTA-1"
"3451","GAGCGGTCATGGTTAT-1"
"3452","GAGCTAGCACCTGCTC-1"
"3453","GAGCTAGCAGAGGCTA-1"
"3454","GAGCTAGCAGCAAGGC-1"
"3455","GAGCTAGCAGCATGAG-1"
"3456","GAGCTAGCAGTTAGCC-1"
"3457","GAGCTAGCATCTTGAG-1"
"3458","GAGCTGCTCACTCGCT-1"
"3459","GAGCTGCTCAGGTTTA-1"
"3460","GAGCTGCTCCAAGTGT-1"
"3461","GAGCTGCTCGACCTGA-1"
"3462","GAGCTGCTCGTGCCTT-1"
"3463","GAGCTGCTCTTAGCCC-1"
"3464","GAGCTTAGTTCGCTCA-1"
"3465","GAGCTTAGTTGCCTCA-1"
"3466","GAGCTTAGTTTGGTTC-1"
"3467","GAGCTTGTCAAGTGTC-1"
"3468","GAGCTTGTCGGGATTT-1"
"3469","GAGCTTGTCGTGCTTC-1"
"3470","GAGGACTAGCAGGTGG-1"
"3471","GAGGACTAGCTCGCTT-1"
"3472","GAGGACTAGGACCGCT-1"
"3473","GAGGACTAGGAGTCTT-1"
"3474","GAGGACTAGGCTCATG-1"
"3475","GAGGACTAGTAACAGG-1"
"3476","GAGGACTAGTACTGGT-1"
"3477","GAGGACTAGTTAGCCG-1"
"3478","GAGGACTAGTTGCCTC-1"
"3479","GAGGAGGCAACTAGGG-1"
"3480","GAGGAGGCATAGACCC-1"
"3481","GAGGCAAGTTGCCTCA-1"
"3482","GAGGCCTTCCGTTAAA-1"
"3483","GAGGCCTTCGCGCTAA-1"
"3484","GAGGCTTGTCACAGCG-1"
"3485","GAGGCTTGTCCGTGAG-1"
"3486","GAGGCTTGTGCTAGAC-1"
"3487","GAGGCTTGTGGATGTC-1"
"3488","GAGGCTTGTTCATCTA-1"
"3489","GAGGGAGCACCAACCG-1"
"3490","GAGGGAGCAGTAGCCT-1"
"3491","GAGGTACAGGACACTT-1"
"3492","GAGGTACAGGAGTCGG-1"
"3493","GAGGTACAGGTTTGCG-1"
"3494","GAGGTAGGTAAGCTCA-1"
"3495","GAGGTAGGTATTTGCC-1"
"3496","GAGGTAGGTGCTGTAA-1"
"3497","GAGGTAGGTGTAATAC-1"
"3498","GAGGTGAGTACGATTG-1"
"3499","GAGGTGAGTCACTCGC-1"
"3500","GAGGTGAGTGGAGCAA-1"
"3501","GAGGTGAGTTAACGAT-1"
"3502","GAGGTGAGTTCCGGCT-1"
"3503","GAGGTGAGTTGCGCGA-1"
"3504","GAGGTTAAGACACTTA-1"
"3505","GAGGTTAAGGTTAGCT-1"
"3506","GAGGTTAAGTAGCGGG-1"
"3507","GAGTAACCAGCAGGTA-1"
"3508","GAGTAACCAGTAGGTG-1"
"3509","GAGTAACCATAGCTTG-1"
"3510","GAGTAATAGCTACTGG-1"
"3511","GAGTAATAGGGCCACT-1"
"3512","GAGTAATAGGGTGAGT-1"
"3513","GAGTATCTCCAATAGC-1"
"3514","GAGTATCTCCGCACAA-1"
"3515","GAGTATCTCTTAGTCT-1"
"3516","GAGTCAAAGATTGAGG-1"
"3517","GAGTCAAAGCTTAGCG-1"
"3518","GAGTCAAAGGCGCTTA-1"
"3519","GAGTCAAAGTCATTGA-1"
"3520","GAGTCAAAGTGGCGGA-1"
"3521","GAGTCATTCAACCAAC-1"
"3522","GAGTCATTCATGGCTG-1"
"3523","GAGTCATTCGGCTATG-1"
"3524","GAGTCATTCTTAGCGG-1"
"3525","GAGTGAGGTCCGCTGT-1"
"3526","GAGTGAGGTGACATGC-1"
"3527","GAGTGATCAATTTGGT-1"
"3528","GAGTGATCAGCAAGGC-1"
"3529","GAGTGATCATTGTGAT-1"
"3530","GAGTGTTTCCTCAGTC-1"
"3531","GAGTTACTCAGGATGA-1"
"3532","GAGTTACTCCCGTTGT-1"
"3533","GAGTTACTCTTACTCG-1"
"3534","GAGTTGCGTTAGTACG-1"
"3535","GAGTTTGGTAGCTAAT-1"
"3536","GAGTTTGGTTGCAATG-1"
"3537","GATAAAGGTTAGGCTA-1"
"3538","GATAACGAGGTTAGAG-1"
"3539","GATAACGAGTTAGCCG-1"
"3540","GATAAGCCAAGCTACC-1"
"3541","GATAAGCCAGGCAAGC-1"
"3542","GATAATCGTAATGGAA-1"
"3543","GATAATCGTCAACAAT-1"
"3544","GATAATCGTCAGGCAT-1"
"3545","GATAATCGTGCTGGTG-1"
"3546","GATAATCGTGGATTCA-1"
"3547","GATAATCGTTTGGCTT-1"
"3548","GATAATCGTTTGGGCG-1"
"3549","GATAGACCAAATGCCC-1"
"3550","GATAGACCAAGGCCAA-1"
"3551","GATAGACCAAGGTATA-1"
"3552","GATAGACCACCAAAGG-1"
"3553","GATAGACCATTCCTGT-1"
"3554","GATCAAGAGCAAGGAC-1"
"3555","GATCAAGAGCAAGGGT-1"
"3556","GATCAAGAGCCAGTAT-1"
"3557","GATCAAGAGGCATTGT-1"
"3558","GATCAAGAGGGCCACT-1"
"3559","GATCAAGAGGGCCATC-1"
"3560","GATCAAGAGGGTTAGA-1"
"3561","GATCACTAGGAACGGT-1"
"3562","GATCACTAGGCATTAC-1"
"3563","GATCACTAGTACTGGT-1"
"3564","GATCAGGCAATGAATG-1"
"3565","GATCAGGCAGCACGAA-1"
"3566","GATCAGTTCACGAATC-1"
"3567","GATCAGTTCATGGTTA-1"
"3568","GATCCGTCAATAAGCA-1"
"3569","GATCCGTCAGCAAGAT-1"
"3570","GATCCGTCAGGCCAAA-1"
"3571","GATCGAGCAACAGCCT-1"
"3572","GATCGAGCAATATAGG-1"
"3573","GATCGAGCACCAGGTT-1"
"3574","GATCGAGCATCAGCAC-1"
"3575","GATCGAGCATCCCGCT-1"
"3576","GATCGAGCATCGTTCT-1"
"3577","GATCGAGCATTGCGGT-1"
"3578","GATCGATTCACAGCCA-1"
"3579","GATCGATTCATTACGA-1"
"3580","GATCGATTCCTCACTA-1"
"3581","GATCGATTCCTTGAGG-1"
"3582","GATCGATTCGAGGAAC-1"
"3583","GATCGATTCGATATTG-1"
"3584","GATCGATTCTGGCTTC-1"
"3585","GATCGATTCTTGTCTG-1"
"3586","GATCGCTCAAACTGTT-1"
"3587","GATCGCTCAACTAACT-1"
"3588","GATCGCTCAAGGATTA-1"
"3589","GATCGCTCACTTCATC-1"
"3590","GATCGCTCAGCAAGAT-1"
"3591","GATCGCTCAGGACACA-1"
"3592","GATGACTTCAATCTAG-1"
"3593","GATGACTTCACACAGT-1"
"3594","GATGACTTCATTTGCT-1"
"3595","GATGACTTCCTTCGTA-1"
"3596","GATGAGGGTGGTTATG-1"
"3597","GATGCAGCAATCCTAG-1"
"3598","GATGCAGCACACTAAT-1"
"3599","GATGCAGCACCTGGTG-1"
"3600","GATGCAGCAGCCGCTA-1"
"3601","GATGCAGCATTCCTGT-1"
"3602","GATGCATTCATAACTG-1"
"3603","GATGCATTCCCGTTTA-1"
"3604","GATGCATTCGTTAACA-1"
"3605","GATGCGACACCCACAG-1"
"3606","GATGCGACATGCTATG-1"
"3607","GATGCGACATGCTCCC-1"
"3608","GATGCTTAGGGACGCA-1"
"3609","GATGCTTAGTTTCCGC-1"
"3610","GATGGACAGGCACAGG-1"
"3611","GATGGACAGGGACGCA-1"
"3612","GATGGACAGGGTGAGT-1"
"3613","GATGGACAGTCACCAG-1"
"3614","GATGGCTGTAACCTAG-1"
"3615","GATGGCTGTACTGAAT-1"
"3616","GATGGCTGTCCTCCAA-1"
"3617","GATGGCTGTGATCATG-1"
"3618","GATGGCTGTTTAGCTC-1"
"3619","GATTAAGCATAAGTTC-1"
"3620","GATTAAGCATCCGTAA-1"
"3621","GATTACGGTAAGCTCA-1"
"3622","GATTACGGTGACCTGG-1"
"3623","GATTACTCAATCTCTC-1"
"3624","GATTACTCACGTTACA-1"
"3625","GATTACTCAGCACGAA-1"
"3626","GATTAGCTCCCGCCTA-1"
"3627","GATTAGCTCCTGGCTT-1"
"3628","GATTAGCTCTCAATGA-1"
"3629","GATTAGTGTATGGTGC-1"
"3630","GATTAGTGTATTGTCC-1"
"3631","GATTATGTCATGGCCA-1"
"3632","GATTATGTCGCCTAAG-1"
"3633","GATTATGTCTAAGGAG-1"
"3634","GATTATGTCTTTGTAC-1"
"3635","GATTCAATCATCCTCA-1"
"3636","GATTCAATCGTTTCTG-1"
"3637","GATTCAGGTGGATTAT-1"
"3638","GATTCAGGTTCATTTG-1"
"3639","GATTCATCACAAAGAC-1"
"3640","GATTCATCAGCCAGTT-1"
"3641","GATTCCTGTAAGCTCA-1"
"3642","GATTCCTGTATTCGCT-1"
"3643","GATTCCTGTCACTCGC-1"
"3644","GATTCCTGTGTCCAAA-1"
"3645","GATTCCTGTTACAACG-1"
"3646","GATTCCTGTTGTTGTC-1"
"3647","GATTCGCCAACAGCCT-1"
"3648","GATTCGCCAGCACGTT-1"
"3649","GATTCGCCATTAAACC-1"
"3650","GATTGATGTAACGGGA-1"
"3651","GATTGATGTAATTAGC-1"
"3652","GATTGATGTCAACAAT-1"
"3653","GATTGATGTCAGGAAG-1"
"3654","GATTGATGTGATGATT-1"
"3655","GATTGCAGTAAATTGC-1"
"3656","GATTGCAGTAGCTGCG-1"
"3657","GATTGCAGTGTTAAAC-1"
"3658","GATTGCAGTTTAACGG-1"
"3659","GATTGCGTCAATCATG-1"
"3660","GATTGCGTCCCTCAAC-1"
"3661","GATTGCGTCCTCAGTC-1"
"3662","GATTGCGTCCTTAATC-1"
"3663","GATTGGCGTACCGTAA-1"
"3664","GATTGGCGTTAGAGGG-1"
"3665","GATTGGCGTTGAAGCC-1"
"3666","GATTGGTTCGAGGTGG-1"
"3667","GATTGGTTCGATATTG-1"
"3668","GATTGGTTCTTAGGAC-1"
"3669","GATTGTTCAAGGTCCT-1"
"3670","GATTTGCAGATAGACG-1"
"3671","GATTTGCAGCCATCAG-1"
"3672","GCAAACAAGCTCCTTA-1"
"3673","GCAAACAAGGGTCTAT-1"
"3674","GCAAACAAGTATTGCA-1"
"3675","GCAAACAAGTTAGCCG-1"
"3676","GCAAACCGTAACGAGG-1"
"3677","GCAAACCGTTAAGCCA-1"
"3678","GCAAACTTCATAGACC-1"
"3679","GCAAACTTCCAGCACA-1"
"3680","GCAAACTTCTTAGCGG-1"
"3681","GCAACAGCATGAAATG-1"
"3682","GCAAGCCTCAGCACCA-1"
"3683","GCAAGCCTCATCAGTA-1"
"3684","GCAAGCCTCGCTATAA-1"
"3685","GCAAGCCTCTAGCTAA-1"
"3686","GCAAGCCTCTGTAAGC-1"
"3687","GCAAGTCGTCTAACCT-1"
"3688","GCAAGTCGTTAGGCGT-1"
"3689","GCAAGTCGTTGAGGTC-1"
"3690","GCAAGTGCAAGATTCT-1"
"3691","GCAAGTGCAAGGTAAC-1"
"3692","GCAAGTGCACACAATT-1"
"3693","GCAAGTGCACCAAAGG-1"
"3694","GCAAGTGCAGAAATGC-1"
"3695","GCAAGTGCAGAGGCTA-1"
"3696","GCAATAGAGAACCTAC-1"
"3697","GCAATAGAGCATGGTT-1"
"3698","GCAATAGAGCTTATGA-1"
"3699","GCAATAGAGGAACCGG-1"
"3700","GCAATAGAGGACCGCT-1"
"3701","GCAATAGAGGACGTAA-1"
"3702","GCAATCTAGCAGCTCA-1"
"3703","GCAATCTAGTACCGCA-1"
"3704","GCAATCTAGTGAAGTG-1"
"3705","GCAATGAAGCCGCAAC-1"
"3706","GCAATGAAGGGCTTAT-1"
"3707","GCAATGTTCCATTACT-1"
"3708","GCAATGTTCGGTAACT-1"
"3709","GCAATGTTCGTTTCGC-1"
"3710","GCACATTAGCCTGTGA-1"
"3711","GCACATTAGCGGGCAA-1"
"3712","GCACATTAGGAACCGG-1"
"3713","GCACATTAGGAAGCTA-1"
"3714","GCACATTAGTGAACCT-1"
"3715","GCACATTAGTTAGACC-1"
"3716","GCACCTAAGTAAAGGT-1"
"3717","GCACCTAAGTATTGCA-1"
"3718","GCACGAACACAAACTT-1"
"3719","GCACGAACACCTGGTG-1"
"3720","GCACGAACAGCTAACC-1"
"3721","GCACGAACAGGCTTCG-1"
"3722","GCACGAACATAGTCAT-1"
"3723","GCACGAACATCACAGC-1"
"3724","GCACGAACATCGCTCC-1"
"3725","GCACGAACATTAAGCT-1"
"3726","GCACGCTAGGAACCAA-1"
"3727","GCACGCTAGTAAGTGG-1"
"3728","GCACGCTAGTCACCAG-1"
"3729","GCACGGTTCTATCGCC-1"
"3730","GCACTAAGTAGGATCC-1"
"3731","GCACTAAGTCCGCTGT-1"
"3732","GCACTAAGTTACGCAA-1"
"3733","GCACTTACATCCATCT-1"
"3734","GCACTTACATGTTGTG-1"
"3735","GCAGCAACAAGTAAGC-1"
"3736","GCAGCAACACCCACAG-1"
"3737","GCAGCAACATAGACCC-1"
"3738","GCAGCAACATTGTGTG-1"
"3739","GCAGCCAGTCATTACC-1"
"3740","GCAGCCAGTCGAAGTC-1"
"3741","GCAGCCAGTGAATCGC-1"
"3742","GCAGCCAGTGGCTTCC-1"
"3743","GCAGCCAGTTAGGTGC-1"
"3744","GCAGCCAGTTCCTCCT-1"
"3745","GCAGCTATCACCATTT-1"
"3746","GCAGCTATCCTAGTTT-1"
"3747","GCAGCTATCTTAATGG-1"
"3748","GCAGGACCAAGTTATC-1"
"3749","GCAGGATAGAGGATAT-1"
"3750","GCAGGATAGATTGAGG-1"
"3751","GCAGGATAGGAGTCTT-1"
"3752","GCAGGATAGTCAATTG-1"
"3753","GCAGGATAGTTATGGC-1"
"3754","GCAGGCAAGAACCTGT-1"
"3755","GCAGGCTTCAACCAAC-1"
"3756","GCAGGCTTCACGCATG-1"
"3757","GCAGGCTTCGATCAGT-1"
"3758","GCAGGTGAGCACCACA-1"
"3759","GCAGGTGAGCGCCTAA-1"
"3760","GCAGGTGAGTACTGGT-1"
"3761","GCAGGTGAGTTTCCTG-1"
"3762","GCAGGTTGTAGGTTGC-1"
"3763","GCAGGTTGTCAAGTAT-1"
"3764","GCAGGTTGTCCAAGAC-1"
"3765","GCAGGTTGTCGTAAAT-1"
"3766","GCAGGTTGTGAGGTAG-1"
"3767","GCAGGTTGTGCTTAGA-1"
"3768","GCAGGTTGTTCCTGAT-1"
"3769","GCATATATCATAACCA-1"
"3770","GCATATATCCACCTTA-1"
"3771","GCATATATCCTTCGTA-1"
"3772","GCATCCTTCACAGCGC-1"
"3773","GCATCCTTCCCGTTGT-1"
"3774","GCATCCTTCCTGGTGA-1"
"3775","GCATGAAAGGACAACA-1"
"3776","GCATGAAAGGTTTGAC-1"
"3777","GCATGAGCACAAAGCG-1"
"3778","GCATGAGCACTTGTTC-1"
"3779","GCATGAGCATTCCTCG-1"
"3780","GCATTAGGTTACTAGG-1"
"3781","GCATTAGGTTTACCGT-1"
"3782","GCATTGCCAAGCTTTG-1"
"3783","GCATTGCCAATTGACT-1"
"3784","GCATTGCCAGGAACCA-1"
"3785","GCATTGCCAGGAACTG-1"
"3786","GCATTGCCAGGTCCTG-1"
"3787","GCATTGCCATACTCCT-1"
"3788","GCCAACATCAATCTAG-1"
"3789","GCCAACATCTTTAGGA-1"
"3790","GCCAATAGTCATTACC-1"
"3791","GCCAATAGTGTTTGCT-1"
"3792","GCCAATAGTGTTTGTC-1"
"3793","GCCAATTAGCACTTGG-1"
"3794","GCCAATTAGCTAAGTC-1"
"3795","GCCACAATCAAAGGCA-1"
"3796","GCCACAATCACCGGTA-1"
"3797","GCCACAATCAGGATGA-1"
"3798","GCCACAATCAGGTCCA-1"
"3799","GCCACAATCGCACAAT-1"
"3800","GCCACAATCTCTAGCC-1"
"3801","GCCACACAGCCTGAGC-1"
"3802","GCCACACAGCGCCTTT-1"
"3803","GCCACACAGGCCAATT-1"
"3804","GCCACTAAGCGAGTAA-1"
"3805","GCCACTAAGGAACACA-1"
"3806","GCCACTAAGGAGGTTA-1"
"3807","GCCACTAAGGCACAGG-1"
"3808","GCCACTAAGGCTAAGA-1"
"3809","GCCACTAAGGTACCGC-1"
"3810","GCCAGGAAGCAAGATG-1"
"3811","GCCAGGTTCCCTGATC-1"
"3812","GCCAGGTTCGGTAACT-1"
"3813","GCCAGGTTCTTAATGG-1"
"3814","GCCATGATCGATATTG-1"
"3815","GCCATGATCGCAATCG-1"
"3816","GCCATGATCTAGCGAT-1"
"3817","GCCATTACAACATAAG-1"
"3818","GCCATTACACATAACT-1"
"3819","GCCATTACACCTGTAA-1"
"3820","GCCATTACAGGGAGGA-1"
"3821","GCCATTACATTCCTGT-1"
"3822","GCCCAAATCCCATAGG-1"
"3823","GCCCAAATCGCACAAT-1"
"3824","GCCCATAAGCCGCAGT-1"
"3825","GCCCATAAGCTGGACC-1"
"3826","GCCCATAAGGGATGCG-1"
"3827","GCCCATAAGGTACCGC-1"
"3828","GCCCATAAGGTCCTGA-1"
"3829","GCCCGTTGTAACCACA-1"
"3830","GCCCGTTGTCCAAATG-1"
"3831","GCCCGTTGTCTATCGT-1"
"3832","GCCCGTTGTTACAAAC-1"
"3833","GCCCGTTGTTGGCGTG-1"
"3834","GCCCTCATCAAAGGCA-1"
"3835","GCCCTCATCGCTAAGT-1"
"3836","GCCCTCATCGTACCGA-1"
"3837","GCCCTCATCTGGCAAT-1"
"3838","GCCGTGAGTATTTGGG-1"
"3839","GCCGTGAGTGATTTGG-1"
"3840","GCCTAATAGAATCGCT-1"
"3841","GCCTAATAGGATCACT-1"
"3842","GCCTACTTCATGCTTT-1"
"3843","GCCTACTTCCTTGCGT-1"
"3844","GCCTACTTCTAATCAG-1"
"3845","GCCTACTTCTCGCCTG-1"
"3846","GCCTATTGTACGTTTC-1"
"3847","GCCTATTGTAGTAAGA-1"
"3848","GCCTATTGTGCATCGG-1"
"3849","GCCTATTGTGTTGTGA-1"
"3850","GCCTCAAAGAAAGCAT-1"
"3851","GCCTCAAAGACAAGTG-1"
"3852","GCCTCAAAGCCAAATC-1"
"3853","GCCTCAAAGGCTTAGT-1"
"3854","GCCTCAAAGGTAGCTT-1"
"3855","GCCTCAAAGTAACTCA-1"
"3856","GCCTCAAAGTCTCACC-1"
"3857","GCCTCCATCAATGTCA-1"
"3858","GCCTCCATCATTATGG-1"
"3859","GCCTCGACACATACTG-1"
"3860","GCCTCGACACCTATAG-1"
"3861","GCCTCGACACGAATTT-1"
"3862","GCCTCGACATGTCAAT-1"
"3863","GCCTGACAGCTTTGGG-1"
"3864","GCCTGACAGGATTGCT-1"
"3865","GCCTGACAGTAACAGG-1"
"3866","GCCTGACAGTAACCCG-1"
"3867","GCCTGAGGTAATCGCA-1"
"3868","GCCTGAGGTGTTTGTC-1"
"3869","GCCTGAGGTTACATCC-1"
"3870","GCCTGAGGTTAGCTGA-1"
"3871","GCCTGAGGTTCGCTCA-1"
"3872","GCCTGCTGTCCTAACT-1"
"3873","GCCTGCTGTGTTGCTT-1"
"3874","GCCTGTGCAATACTGT-1"
"3875","GCCTGTGCACAGACTC-1"
"3876","GCCTTAACAACCCTCC-1"
"3877","GCCTTAACAGCAAGGC-1"
"3878","GCCTTAACATCCTGAA-1"
"3879","GCCTTAACATCGCTTT-1"
"3880","GCCTTAACATTGACAT-1"
"3881","GCCTTAACATTGTGGC-1"
"3882","GCCTTACTCAATAGCC-1"
"3883","GCCTTACTCACAGGAA-1"
"3884","GCCTTACTCCTAGTAA-1"
"3885","GCCTTACTCTTGACCC-1"
"3886","GCCTTACTCTTGGATA-1"
"3887","GCCTTAGAGAATCGCT-1"
"3888","GCCTTAGAGATAACCC-1"
"3889","GCCTTAGAGCGATAAG-1"
"3890","GCCTTAGAGGAGGACT-1"
"3891","GCCTTAGAGGCGTAAA-1"
"3892","GCCTTAGAGTTAGAGG-1"
"3893","GCCTTGCGTGCATCGG-1"
"3894","GCCTTGCGTTGACTTC-1"
"3895","GCCTTGCGTTGTGACA-1"
"3896","GCCTTTATCATGAAGG-1"
"3897","GCCTTTGGTAGCTAAT-1"
"3898","GCCTTTGGTGAGAAAC-1"
"3899","GCCTTTGGTTATCCGT-1"
"3900","GCGAAGCCAACCTGGT-1"
"3901","GCGAAGCCACGAATTT-1"
"3902","GCGAAGCCATAGTCAT-1"
"3903","GCGAAGCCATGCTATG-1"
"3904","GCGAAGCCATTAAACC-1"
"3905","GCGAAGTAGAGAGGCT-1"
"3906","GCGAAGTAGGCGCTAC-1"
"3907","GCGAAGTAGTAAGAAC-1"
"3908","GCGAGTGAGCAGGCCT-1"
"3909","GCGAGTGAGGTTAGCT-1"
"3910","GCGAGTGAGTAACCAC-1"
"3911","GCGATATTCCTTAAGA-1"
"3912","GCGATATTCTTAGCCC-1"
"3913","GCGATTAGTAAACAAG-1"
"3914","GCGATTAGTAGCTAAT-1"
"3915","GCGATTAGTTTCCGGC-1"
"3916","GCGATTTAGACACTTA-1"
"3917","GCGATTTAGCGGTTAT-1"
"3918","GCGATTTAGCTCCCTG-1"
"3919","GCGATTTAGGAGGGTT-1"
"3920","GCGATTTAGTAGCCAT-1"
"3921","GCGCAAACAAAGCGCA-1"
"3922","GCGCAAACAAGGTATA-1"
"3923","GCGCAAACACGAATCC-1"
"3924","GCGCAATGTCACTCGC-1"
"3925","GCGCAATGTTGAATCG-1"
"3926","GCGCCTTGTCAAAGGG-1"
"3927","GCGCCTTGTTCACCCA-1"
"3928","GCGCGATTCATCCTGC-1"
"3929","GCGCGATTCCCGTTGT-1"
"3930","GCGCGATTCGAAGTAG-1"
"3931","GCGCGATTCGCTCACT-1"
"3932","GCGCGATTCGGTCAGC-1"
"3933","GCGCGATTCGTTACAA-1"
"3934","GCGCGATTCTCCATGC-1"
"3935","GCGCTAGGTAGCTGGT-1"
"3936","GCGCTAGGTCATTAGG-1"
"3937","GCGCTAGGTTTGGTTC-1"
"3938","GCGCTTAAGCCACAAT-1"
"3939","GCGCTTAAGCTCAATA-1"
"3940","GCGCTTAAGGATGATG-1"
"3941","GCGCTTAAGGGCCACT-1"
"3942","GCGCTTAAGTAGCGCC-1"
"3943","GCGCTTAAGTCATGCG-1"
"3944","GCGCTTGCAACACTTG-1"
"3945","GCGCTTGCAATGCCCG-1"
"3946","GCGGAACCAAAGCTAA-1"
"3947","GCGGAACCAACAGCCT-1"
"3948","GCGGAACCAGATTCAT-1"
"3949","GCGGAACCAGGAACAT-1"
"3950","GCGGAACCAGGAATCG-1"
"3951","GCGGAACCAGGTTACC-1"
"3952","GCGGAACCATCTAGCA-1"
"3953","GCGGAACCATGGCCTG-1"
"3954","GCGGATACAGAACCGA-1"
"3955","GCGGATACAGGGAGGA-1"
"3956","GCGGATACATATTGAC-1"
"3957","GCGGATACATGCATAT-1"
"3958","GCGGGTTTCAAGCCTG-1"
"3959","GCGGGTTTCATAATCG-1"
"3960","GCGGGTTTCCGCAACA-1"
"3961","GCGGGTTTCGTCAAGT-1"
"3962","GCGGTTATCAAGCTAC-1"
"3963","GCGGTTATCTAACTGA-1"
"3964","GCGGTTGGTGCTTAGA-1"
"3965","GCGGTTGGTTCATCTA-1"
"3966","GCGGTTGGTTGCACAA-1"
"3967","GCGTAACGTCAAACTG-1"
"3968","GCGTGCTAGACTCGCA-1"
"3969","GCGTGCTAGGTAACGA-1"
"3970","GCGTGCTAGTCCTGAG-1"
"3971","GCGTGCTAGTTATCCT-1"
"3972","GCGTTTCTCCCTGGTT-1"
"3973","GCGTTTCTCCTTAATC-1"
"3974","GCGTTTCTCCTTAGGG-1"
"3975","GCTAACAGTAAGGTCC-1"
"3976","GCTAACAGTGGCTTCC-1"
"3977","GCTAACAGTTAAGGCC-1"
"3978","GCTAACAGTTTGTCTA-1"
"3979","GCTAACCCAAGGTACG-1"
"3980","GCTAACCCACAAAGGT-1"
"3981","GCTAACCCATTAAGTC-1"
"3982","GCTAAGAAGCACTTGG-1"
"3983","GCTAAGAAGCATCCAG-1"
"3984","GCTAAGAAGGAAGCAC-1"
"3985","GCTAAGAAGGGATGCG-1"
"3986","GCTAAGAAGGTGCTGC-1"
"3987","GCTAAGCGTACGCGCA-1"
"3988","GCTAAGCGTGATCATG-1"
"3989","GCTAAGCGTTAGGCTA-1"
"3990","GCTAAGTTCCTGATGG-1"
"3991","GCTAAGTTCGCTATAA-1"
"3992","GCTAAGTTCGCTATGG-1"
"3993","GCTAAGTTCGTGCCTT-1"
"3994","GCTAAGTTCGTTACTT-1"
"3995","GCTAATATCGTAACGT-1"
"3996","GCTAATATCGTTAGTA-1"
"3997","GCTAATATCTTTGTAC-1"
"3998","GCTAGCCAGGATCACT-1"
"3999","GCTAGCGGTAATCGGC-1"
"4000","GCTAGCGGTAATCGTG-1"
"4001","GCTAGCGGTATTGGAT-1"
"4002","GCTAGCGGTTAGGTTG-1"
"4003","GCTAGCGGTTTAAAGC-1"
"4004","GCTAGCTCAAACGGGC-1"
"4005","GCTAGCTCACCTCACC-1"
"4006","GCTAGCTCAGGCCAAA-1"
"4007","GCTAGCTCATGCATAT-1"
"4008","GCTAGCTCATTGACAT-1"
"4009","GCTAGTGTCACTAATG-1"
"4010","GCTAGTGTCAGGTCCA-1"
"4011","GCTAGTGTCATCCTAT-1"
"4012","GCTAGTGTCTTAGGGT-1"
"4013","GCTAGTGTCTTAGTCT-1"
"4014","GCTATAGGTAGGTTTG-1"
"4015","GCTATAGGTCACGAAC-1"
"4016","GCTATAGGTGTTGCTT-1"
"4017","GCTATAGGTTCCGGGA-1"
"4018","GCTATAGGTTGCGCGA-1"
"4019","GCTATCCTCATTGACA-1"
"4020","GCTATCCTCCGTGACA-1"
"4021","GCTATCCTCTCAATAG-1"
"4022","GCTATTGCAAACGCGA-1"
"4023","GCTATTGCAAGACTCC-1"
"4024","GCTATTGCACAAAGGT-1"
"4025","GCTATTGCACTAGCGT-1"
"4026","GCTATTGCAGGTTAAA-1"
"4027","GCTATTGCATGGAGGC-1"
"4028","GCTCAACCAATAATCC-1"
"4029","GCTCAACCAGAAATTG-1"
"4030","GCTCAACCAGGTTAAA-1"
"4031","GCTCAACCATGGCCCA-1"
"4032","GCTCACAAGCCAGGTC-1"
"4033","GCTCATTGTGTTTGTC-1"
"4034","GCTCATTGTTCACCAT-1"
"4035","GCTCCTTAGCCACATG-1"
"4036","GCTCCTTAGCTTTGTT-1"
"4037","GCTCCTTAGTGAGCAA-1"
"4038","GCTCGATCAGCAACCT-1"
"4039","GCTCGATCAGGCCAAA-1"
"4040","GCTCGATCATCAATCG-1"
"4041","GCTCTGGCAACTAGCC-1"
"4042","GCTCTGGCAGCTCAAC-1"
"4043","GCTCTGGCATCCTAGA-1"
"4044","GCTCTGGCATTAAACC-1"
"4045","GCTCTGTTCACGCGGT-1"
"4046","GCTCTGTTCATTACTC-1"
"4047","GCTGACATCATTGTTC-1"
"4048","GCTGACATCCGTCCAT-1"
"4049","GCTGACATCTAAATCG-1"
"4050","GCTGACATCTCCATAT-1"
"4051","GCTGACCAGTGGCGGA-1"
"4052","GCTGAGGAGCTTCCCG-1"
"4053","GCTGAGGAGGGTGAAC-1"
"4054","GCTGAGGAGGTCCTGA-1"
"4055","GCTGAGGAGGTTTGCG-1"
"4056","GCTGAGGAGTGCTGTG-1"
"4057","GCTGATCCAACTAACT-1"
"4058","GCTGATCCAGAAACGT-1"
"4059","GCTGATCCAGCTTAGC-1"
"4060","GCTGCAATCATTTGCT-1"
"4061","GCTGCAATCTATCGCC-1"
"4062","GCTGCAATCTGTAATG-1"
"4063","GCTGCACAGTTATGGC-1"
"4064","GCTGCATCACCCACCT-1"
"4065","GCTGCATCAGAGGCTA-1"
"4066","GCTGCATCAGGTTAAA-1"
"4067","GCTGCATCATAATCAC-1"
"4068","GCTGCATCATAGACTT-1"
"4069","GCTGCATCATTAGCCA-1"
"4070","GCTGCATCATTGTTGG-1"
"4071","GCTGGATGTGGGTGAA-1"
"4072","GCTGGATGTTAGAGGG-1"
"4073","GCTGGATGTTCACCCA-1"
"4074","GCTGGTTCACCTATAG-1"
"4075","GCTGGTTCATCAATCG-1"
"4076","GCTGTAAGTGCTGGTG-1"
"4077","GCTGTAAGTTACTTCA-1"
"4078","GCTGTGATCAAGCGCC-1"
"4079","GCTGTGATCCCGTTAC-1"
"4080","GCTGTGATCCGCAACA-1"
"4081","GCTGTGATCCTAAGGT-1"
"4082","GCTGTGATCGTCAAGT-1"
"4083","GCTGTGATCTATCGCC-1"
"4084","GCTGTGCAGAATCGCT-1"
"4085","GCTGTGCAGCACGTTG-1"
"4086","GCTGTGCAGCAGGTTT-1"
"4087","GCTGTGCAGGAAGCTA-1"
"4088","GCTGTGCAGGAGTCTT-1"
"4089","GCTGTGCAGTCAATCA-1"
"4090","GCTTAAATCCCTTGCG-1"
"4091","GCTTAAATCGCTAGAT-1"
"4092","GCTTAAATCTGTTCAT-1"
"4093","GCTTAACAGCCACAAT-1"
"4094","GCTTAACAGCCTTAAA-1"
"4095","GCTTAACAGCTTTGGG-1"
"4096","GCTTAACAGTTTGGGT-1"
"4097","GCTTACCTCCTGCGAA-1"
"4098","GCTTACCTCCTTAGTT-1"
"4099","GCTTACCTCGTTTCTG-1"
"4100","GCTTACCTCTAATCTC-1"
"4101","GCTTAGTAGCAAACCT-1"
"4102","GCTTAGTAGCACCACA-1"
"4103","GCTTAGTAGCCTGATG-1"
"4104","GCTTAGTAGGAAACTG-1"
"4105","GCTTAGTAGGACTAAG-1"
"4106","GCTTAGTAGGAGCATA-1"
"4107","GCTTAGTAGGCTTAGT-1"
"4108","GCTTATCGTCAATACG-1"
"4109","GCTTATCGTCATAAGT-1"
"4110","GCTTATCGTCGCAAAC-1"
"4111","GCTTATCGTGTTGTGA-1"
"4112","GCTTATCGTTACGCGG-1"
"4113","GCTTATCGTTGTCCAT-1"
"4114","GCTTATCGTTTAGCGA-1"
"4115","GCTTCGCGTGCATTTC-1"
"4116","GCTTCGCGTGTTTGCT-1"
"4117","GCTTCGCGTTAGCATG-1"
"4118","GCTTGACCAACCCTAA-1"
"4119","GCTTGACCACCGGCTA-1"
"4120","GCTTTACGTGAGCAAG-1"
"4121","GCTTTACGTGTCCAGG-1"
"4122","GCTTTACGTTGCTGGG-1"
"4123","GCTTTATTCACTAAGC-1"
"4124","GCTTTATTCATCGTTT-1"
"4125","GCTTTATTCCCGAACA-1"
"4126","GCTTTATTCCGCCAAA-1"
"4127","GCTTTATTCCGCCTCA-1"
"4128","GCTTTATTCGCATCCT-1"
"4129","GCTTTATTCGCTCCAT-1"
"4130","GCTTTCATCATCCTCA-1"
"4131","GCTTTCATCTACTAAG-1"
"4132","GGAAACTCAAATTCGT-1"
"4133","GGAAACTCAATGAATG-1"
"4134","GGAAACTCAGGTTCAC-1"
"4135","GGAAACTCATTCCTCG-1"
"4136","GGAACAATCCCGTTTA-1"
"4137","GGAACAATCGTAATCA-1"
"4138","GGAACAATCTATTGTC-1"
"4139","GGAACAATCTCAATTC-1"
"4140","GGAACCACAACAGCCT-1"
"4141","GGAACCACAGGGAGGA-1"
"4142","GGAACCACATCAGCAC-1"
"4143","GGAACCTGTCAAGTAT-1"
"4144","GGAACCTGTGATTTGG-1"
"4145","GGAACCTGTTTGAGGC-1"
"4146","GGAACCTGTTTGTGGA-1"
"4147","GGAACGGTCCGCAAGC-1"
"4148","GGAACGGTCCTAATTC-1"
"4149","GGAACGGTCCTTGTTG-1"
"4150","GGAACGGTCGGTTACG-1"
"4151","GGAACGGTCTTGATGA-1"
"4152","GGAACTAAGATAAAGC-1"
"4153","GGAACTAAGCTGCACA-1"
"4154","GGAACTAAGCTGGAAA-1"
"4155","GGAACTAAGCTTATGA-1"
"4156","GGAACTAAGCTTTGTT-1"
"4157","GGAACTAAGTTATGGC-1"
"4158","GGAAGCTAGCACAGGG-1"
"4159","GGAAGCTAGCACGTTG-1"
"4160","GGAAGCTAGGACCTCA-1"
"4161","GGAAGCTAGGAGGACT-1"
"4162","GGAAGTATCAGAAACG-1"
"4163","GGAAGTATCTAAGGAG-1"
"4164","GGAAGTATCTGGTCCT-1"
"4165","GGAAGTATCTGTAATG-1"
"4166","GGAATCTTCAACAAGG-1"
"4167","GGAATCTTCATTTGTC-1"
"4168","GGAATCTTCCTTCTAG-1"
"4169","GGAATCTTCGGGATTT-1"
"4170","GGAATCTTCGTTACTT-1"
"4171","GGACAGCCAATTGAAG-1"
"4172","GGACAGCCACGAATTT-1"
"4173","GGACAGCCACGTAAGG-1"
"4174","GGACAGCCATCATGTG-1"
"4175","GGACATAAGACCATAC-1"
"4176","GGACATAAGTTCCTGC-1"
"4177","GGACCGAAGCACGATT-1"
"4178","GGACCGAAGCTAAGTC-1"
"4179","GGACCGAAGCTACTGG-1"
"4180","GGACCGAAGCTTAACA-1"
"4181","GGACCGAAGGCGGATG-1"
"4182","GGACCGAAGTTATTCC-1"
"4183","GGACCTCAGAACCTAC-1"
"4184","GGACCTCAGCCAGTAT-1"
"4185","GGACCTCAGCTACTGG-1"
"4186","GGACCTCAGGAACCAA-1"
"4187","GGACCTCAGGCGAATA-1"
"4188","GGACCTCAGGTAGCTT-1"
"4189","GGACGAAGTCGTTATC-1"
"4190","GGACGAAGTTCGCGCT-1"
"4191","GGACGGATCCAAATCA-1"
"4192","GGACGGATCCTGAGTG-1"
"4193","GGACGGATCGCTCCAT-1"
"4194","GGACTAAAGCACTTGG-1"
"4195","GGACTAAAGGCTGTGC-1"
"4196","GGAGCAAGTAAGCACC-1"
"4197","GGAGCAAGTAGGTTTG-1"
"4198","GGAGCAAGTCCTAAGA-1"
"4199","GGAGCAAGTGGATTAT-1"
"4200","GGAGCAAGTGGTTCCC-1"
"4201","GGAGCAAGTTGAATCG-1"
"4202","GGAGCAAGTTTCAGGA-1"
"4203","GGAGCATAGGCCCAGT-1"
"4204","GGAGCATAGGTTACAC-1"
"4205","GGAGCGATCAAATCGC-1"
"4206","GGAGCGATCACGCGGT-1"
"4207","GGAGGTTAGGCGCTTA-1"
"4208","GGAGGTTAGTTGGATC-1"
"4209","GGAGTCTGTACGGGTT-1"
"4210","GGAGTCTGTAGTTGGC-1"
"4211","GGAGTCTGTGATGAAA-1"
"4212","GGAGTCTGTTTACCGT-1"
"4213","GGAGTCTGTTTAGTCC-1"
"4214","GGAGTGAGTCCTAGTT-1"
"4215","GGAGTGAGTGTTAGCA-1"
"4216","GGAGTGAGTTACCTGT-1"
"4217","GGAGTGAGTTGAATCG-1"
"4218","GGATAACCACAACAGG-1"
"4219","GGATAACCACCTATAG-1"
"4220","GGATAACCACCTCAGG-1"
"4221","GGATAACCAGTAAGTA-1"
"4222","GGATACTTCATAACTG-1"
"4223","GGATACTTCGATCAGT-1"
"4224","GGATATTGTAGCTAGC-1"
"4225","GGATATTGTGATTTGG-1"
"4226","GGATATTGTGTGTCCC-1"
"4227","GGATATTGTTGGTTCT-1"
"4228","GGATGAATCACTCGCT-1"
"4229","GGATGAATCAGTATTG-1"
"4230","GGATGAATCCGGAACC-1"
"4231","GGATGGCCACCAGCAT-1"
"4232","GGATGGCCACCTCAGG-1"
"4233","GGATGGCCAGCCTAAC-1"
"4234","GGATGGCCAGTCTAGC-1"
"4235","GGATGTAAGACAAACG-1"
"4236","GGATGTAAGACAGGCG-1"
"4237","GGATGTAAGCAACATC-1"
"4238","GGATGTAAGCGGTTAT-1"
"4239","GGATGTAAGGAACACA-1"
"4240","GGATGTAAGGCATGTT-1"
"4241","GGATGTAAGGCGTAAA-1"
"4242","GGATGTAAGTTCCTCA-1"
"4243","GGATTATGTAACGGGA-1"
"4244","GGATTATGTACTTAGG-1"
"4245","GGATTATGTATTTGCC-1"
"4246","GGATTATGTTCCGCAC-1"
"4247","GGATTATGTTGAAGCC-1"
"4248","GGATTCAGTCCTAAGA-1"
"4249","GGATTCAGTTATCCGT-1"
"4250","GGATTCAGTTTGAGGC-1"
"4251","GGATTGCGTATTGGAT-1"
"4252","GGATTGCGTGATCATG-1"
"4253","GGATTGCGTTGGATAT-1"
"4254","GGATTTATCCCGCCTA-1"
"4255","GGATTTATCGGGCCAT-1"
"4256","GGCAAATCAAGGAATC-1"
"4257","GGCAAATCACGGTACT-1"
"4258","GGCAAATCAGGTTCAC-1"
"4259","GGCAAATCATGCATAT-1"
"4260","GGCAAGCCAGAACCGA-1"
"4261","GGCAAGCCAGGGAGCT-1"
"4262","GGCAATCGTAGCTGCG-1"
"4263","GGCAATCGTGGGTACT-1"
"4264","GGCAGGATCCAATAGC-1"
"4265","GGCAGGATCGCATCCT-1"
"4266","GGCATGGAGGACTAAG-1"
"4267","GGCATGGAGGTGAAAT-1"
"4268","GGCATGGAGTAAGTGG-1"
"4269","GGCATTAGTAGCTGCG-1"
"4270","GGCATTAGTATTGGTG-1"
"4271","GGCATTAGTTTGCAGA-1"
"4272","GGCATTGTCACGAATC-1"
"4273","GGCATTGTCCAATTAG-1"
"4274","GGCATTGTCCTCCATA-1"
"4275","GGCATTGTCGCAAACT-1"
"4276","GGCATTGTCTTAATGG-1"
"4277","GGCATTGTCTTGAGCG-1"
"4278","GGCCAACTCATCCACC-1"
"4279","GGCCAACTCCGGGACT-1"
"4280","GGCCAACTCCTAGTCC-1"
"4281","GGCCAACTCCTTGTTG-1"
"4282","GGCCAGTTCCCTGTTA-1"
"4283","GGCCATCAGATAGACG-1"
"4284","GGCCATCAGCAAGGGT-1"
"4285","GGCCATCAGGCCTTAG-1"
"4286","GGCCGTTAGAACAAGT-1"
"4287","GGCCGTTAGACTATTG-1"
"4288","GGCCGTTAGCTTCCCG-1"
"4289","GGCCGTTAGTCTCACC-1"
"4290","GGCCTAATCAGTGAAG-1"
"4291","GGCCTAATCCCGCCTA-1"
"4292","GGCCTAATCCTCAGTC-1"
"4293","GGCCTAATCGGCCATA-1"
"4294","GGCCTAATCTTGCTAT-1"
"4295","GGCCTCTGTAATCACG-1"
"4296","GGCCTCTGTCACACCC-1"
"4297","GGCCTCTGTGAGCGAA-1"
"4298","GGCCTCTGTGAGGTAG-1"
"4299","GGCCTTAAGCAAGACA-1"
"4300","GGCCTTAAGGAGTCGG-1"
"4301","GGCCTTAAGGCAACAA-1"
"4302","GGCCTTAAGGTCCTAG-1"
"4303","GGCCTTAAGTCATGCG-1"
"4304","GGCCTTCGTACAAAGA-1"
"4305","GGCCTTCGTATTTGGG-1"
"4306","GGCCTTCGTTGTTGCT-1"
"4307","GGCGATACAAGGTAAC-1"
"4308","GGCGATACATTAGGTT-1"
"4309","GGCGCTAGTTCTTTAG-1"
"4310","GGCGGTAAGAGGGACT-1"
"4311","GGCGGTAAGCTATTGA-1"
"4312","GGCGGTAAGCTGTAAC-1"
"4313","GGCGGTAAGTCTGGGC-1"
"4314","GGCGGTAAGTTGGCCA-1"
"4315","GGCGGTTTCTCACACC-1"
"4316","GGCGGTTTCTTAGGGT-1"
"4317","GGCGTTATCACAGGAA-1"
"4318","GGCGTTATCCAACTGG-1"
"4319","GGCGTTATCCTTGTTG-1"
"4320","GGCGTTATCGAAGTGA-1"
"4321","GGCGTTATCGACCTGA-1"
"4322","GGCGTTATCTAACCAA-1"
"4323","GGCGTTATCTCAATAG-1"
"4324","GGCGTTATCTCCATGC-1"
"4325","GGCTAGACAAACATAG-1"
"4326","GGCTAGACAGGCATGA-1"
"4327","GGCTAGACATGGTTAT-1"
"4328","GGCTAGACATTTGCTC-1"
"4329","GGCTAGTGTCCTAAGA-1"
"4330","GGCTAGTGTGGGTACT-1"
"4331","GGCTATGTCACCTGCT-1"
"4332","GGCTATGTCTTTGACT-1"
"4333","GGCTATTAGAGGAGGA-1"
"4334","GGCTATTAGCCTGATG-1"
"4335","GGCTATTAGTAAGGGC-1"
"4336","GGCTATTAGTCATCCC-1"
"4337","GGCTCAATCAAACCTA-1"
"4338","GGCTCAATCCGCAAAT-1"
"4339","GGCTCAATCCGTTATT-1"
"4340","GGCTCAATCGTTTCCA-1"
"4341","GGCTCACAGACTATTG-1"
"4342","GGCTCACAGGACCAGG-1"
"4343","GGCTGAGAGAGCCGGA-1"
"4344","GGCTGAGAGGCCTGGT-1"
"4345","GGCTGAGAGTAGCTTA-1"
"4346","GGCTGAGAGTTAACCA-1"
"4347","GGCTGGTTCATCAGTA-1"
"4348","GGCTGGTTCATGAAGG-1"
"4349","GGCTGGTTCATTGACA-1"
"4350","GGCTGGTTCCACCTTA-1"
"4351","GGCTGGTTCCGCAAGC-1"
"4352","GGCTGTCAGCTAATCA-1"
"4353","GGCTGTCAGCTCATAA-1"
"4354","GGCTGTCAGGGCCACT-1"
"4355","GGCTGTCAGGTATTGC-1"
"4356","GGCTGTCAGGTGTCCA-1"
"4357","GGCTTAAGTCAACAAT-1"
"4358","GGCTTAAGTGATGAAA-1"
"4359","GGCTTAAGTTAAGCGC-1"
"4360","GGCTTAAGTTGTTCAC-1"
"4361","GGCTTCAAGAAACTGG-1"
"4362","GGCTTCAAGCTTGCTC-1"
"4363","GGCTTCAAGGGCTTAT-1"
"4364","GGGAATATCCGTGACA-1"
"4365","GGGAATATCTACTAAG-1"
"4366","GGGAATATCTGCAAGT-1"
"4367","GGGAGTAGTTACCGGG-1"
"4368","GGGATTAAGAGGAAGG-1"
"4369","GGGATTAAGTCAATTG-1"
"4370","GGGATTAAGTCTGGGC-1"
"4371","GGGATTAAGTGGCGGA-1"
"4372","GGGATTAAGTTTGGTA-1"
"4373","GGGCAATAGGGCCATC-1"
"4374","GGGCAATAGTAACCAC-1"
"4375","GGGCAATAGTAAGTCC-1"
"4376","GGGCAATAGTCTTGAA-1"
"4377","GGGCATGAGAGAGGCT-1"
"4378","GGGCATGAGATGCCTG-1"
"4379","GGGCATGAGGGCCACT-1"
"4380","GGGCATGAGTCACCTC-1"
"4381","GGGCATGAGTGAGCGG-1"
"4382","GGGCATTGTAATCGGC-1"
"4383","GGGCATTGTACCGTTT-1"
"4384","GGGCATTGTGACATGC-1"
"4385","GGGCATTGTTAACGGC-1"
"4386","GGGCATTGTTGTCATC-1"
"4387","GGGCCTAGTATTCGCT-1"
"4388","GGGCCTAGTGTCCAGG-1"
"4389","GGGCGAATCGTTACAA-1"
"4390","GGGCGAATCTACCTGC-1"
"4391","GGGCGAATCTATGACA-1"
"4392","GGGCTAACAGTTTACG-1"
"4393","GGGTATTTCCACCTGT-1"
"4394","GGGTATTTCCTGGCTT-1"
"4395","GGGTATTTCGTGCCTT-1"
"4396","GGGTATTTCGTTAAGC-1"
"4397","GGGTCAACAAACCTAT-1"
"4398","GGGTCAACAACTAGAA-1"
"4399","GGGTCAACAAGGTAAC-1"
"4400","GGGTCAACAATATAGG-1"
"4401","GGGTCAACAATCTCTC-1"
"4402","GGGTCAACACTGACTA-1"
"4403","GGGTCAACAGGCTTCG-1"
"4404","GGGTCAACATGTCAAT-1"
"4405","GGGTCACTCAGGCTAT-1"
"4406","GGGTCACTCAGTATTG-1"
"4407","GGGTCACTCCCAGTAG-1"
"4408","GGGTCACTCCTTAATC-1"
"4409","GGGTCACTCTAGCTTT-1"
"4410","GGGTCACTCTTGCATT-1"
"4411","GGGTGAAGTTATCGAG-1"
"4412","GGGTGAAGTTTAACCC-1"
"4413","GGGTGTTGTAGCTGGT-1"
"4414","GGGTGTTGTCATGCCC-1"
"4415","GGGTGTTGTTACTTCA-1"
"4416","GGGTTACGTCACGAAC-1"
"4417","GGGTTACGTCATTGTC-1"
"4418","GGGTTACGTCTTGCTG-1"
"4419","GGGTTATTCAAGGACA-1"
"4420","GGGTTATTCACACAGT-1"
"4421","GGGTTATTCAGGCTAT-1"
"4422","GGGTTATTCATCCACC-1"
"4423","GGGTTATTCCCTCGCA-1"
"4424","GGGTTTCCAAGGTATA-1"
"4425","GGGTTTCCATTGCGTA-1"
"4426","GGGTTTGTCAATACGC-1"
"4427","GGGTTTGTCCACCCTG-1"
"4428","GGGTTTGTCGTGCCTT-1"
"4429","GGTAAACCAAATACCT-1"
"4430","GGTAAACCACCTACTT-1"
"4431","GGTAAACCACTAAATC-1"
"4432","GGTAAACCACTTAACG-1"
"4433","GGTAAACCATTAAAGG-1"
"4434","GGTAACCGTAAGCTTG-1"
"4435","GGTAACCGTATGGTGC-1"
"4436","GGTAACTTCATTACTC-1"
"4437","GGTAACTTCCTCACTA-1"
"4438","GGTAAGGGTAGCCTCC-1"
"4439","GGTAAGGGTCATGAGC-1"
"4440","GGTAAGGGTCCGTGAG-1"
"4441","GGTAAGGGTGCAACTA-1"
"4442","GGTAATTGTATTGGAT-1"
"4443","GGTAATTGTCACAAAT-1"
"4444","GGTAATTGTCCTAATC-1"
"4445","GGTAATTGTTATTGCC-1"
"4446","GGTACAAAGCTGAGGG-1"
"4447","GGTACCGGTTAAGCGC-1"
"4448","GGTACCGGTTAGACCA-1"
"4449","GGTACCGGTTAGGCTA-1"
"4450","GGTACCGGTTGCGCGA-1"
"4451","GGTACTAGTGCTAGCG-1"
"4452","GGTACTAGTGGGTGAA-1"
"4453","GGTACTAGTTCACCAT-1"
"4454","GGTACTTAGACAGGTA-1"
"4455","GGTACTTAGATTCCTT-1"
"4456","GGTACTTAGGACTAAG-1"
"4457","GGTACTTAGGGACGCA-1"
"4458","GGTAGGAGTTACATCC-1"
"4459","GGTAGGAGTTTATGGG-1"
"4460","GGTAGGAGTTTGCAGA-1"
"4461","GGTATGTTCAACCAAC-1"
"4462","GGTATGTTCCCGTTAC-1"
"4463","GGTATGTTCGTGCCTT-1"
"4464","GGTATTGGTAGTTACG-1"
"4465","GGTATTGGTGGATTAT-1"
"4466","GGTATTTCAAGATTCT-1"
"4467","GGTATTTCAAGTTATC-1"
"4468","GGTATTTCAATAGCAA-1"
"4469","GGTATTTCACAAACTT-1"
"4470","GGTATTTCACGTAATT-1"
"4471","GGTATTTCAGGCCTTG-1"
"4472","GGTATTTCATAATGAG-1"
"4473","GGTATTTCATCCTAGA-1"
"4474","GGTCAAGCAATTAGCT-1"
"4475","GGTCAAGCATAGGCGA-1"
"4476","GGTCAATTCCTGAATA-1"
"4477","GGTCAATTCGTTAACA-1"
"4478","GGTCAGGAGCAAGGGT-1"
"4479","GGTCAGGAGCCAGGTC-1"
"4480","GGTCAGGAGCTTTGGG-1"
"4481","GGTCAGGAGGCAATAG-1"
"4482","GGTCAGGAGGTCCTAG-1"
"4483","GGTCAGGAGGTTTGAC-1"
"4484","GGTCAGGAGTTAGCCG-1"
"4485","GGTCATTAGCATTAGC-1"
"4486","GGTCATTAGGAAGTAT-1"
"4487","GGTCATTAGGCTCATG-1"
"4488","GGTCATTAGGTCTTGG-1"
"4489","GGTCCATCAACCCTCC-1"
"4490","GGTCCATCAAGGCCAA-1"
"4491","GGTCCATCAATTAGCT-1"
"4492","GGTCCATCACCAAAGG-1"
"4493","GGTCCATCACGAACAG-1"
"4494","GGTCCATCACGTAATT-1"
"4495","GGTCCATCACTAAATC-1"
"4496","GGTCCATCACTAAGCC-1"
"4497","GGTCCGTAGGCATTAC-1"
"4498","GGTCCGTAGGCATTGT-1"
"4499","GGTCCGTAGGTAGCTT-1"
"4500","GGTCCGTAGTATGTGC-1"
"4501","GGTCCGTAGTCAATTG-1"
"4502","GGTCCTGCAAGGGTTG-1"
"4503","GGTCCTGCACAGGGAC-1"
"4504","GGTCCTGCATGTTTGG-1"
"4505","GGTCTTGAGAATCTCA-1"
"4506","GGTCTTGAGCCTAATA-1"
"4507","GGTCTTGAGGCTTAAC-1"
"4508","GGTCTTGAGGGATTAG-1"
"4509","GGTCTTGAGTAAGGGC-1"
"4510","GGTCTTGAGTCACCTC-1"
"4511","GGTCTTGAGTGAAGTG-1"
"4512","GGTCTTTGTCCTTCAG-1"
"4513","GGTCTTTGTTACCGGG-1"
"4514","GGTGAGCCAATTAGGA-1"
"4515","GGTGAGCCACAAAGCG-1"
"4516","GGTGAGGTCACCTGTC-1"
"4517","GGTGAGGTCAGGGCCT-1"
"4518","GGTGAGGTCATAATCG-1"
"4519","GGTGAGGTCATGCTCC-1"
"4520","GGTGAGGTCCCTCACG-1"
"4521","GGTGAGGTCCTAACGG-1"
"4522","GGTGAGGTCCTTAAGA-1"
"4523","GGTGAGTAGACAAAGT-1"
"4524","GGTGAGTAGATAACCC-1"
"4525","GGTGAGTAGGACGTAA-1"
"4526","GGTGAGTAGGCGGATG-1"
"4527","GGTGATTTCAATTGGC-1"
"4528","GGTGATTTCCATAATG-1"
"4529","GGTGATTTCCGCAAGC-1"
"4530","GGTGATTTCTCGCCTG-1"
"4531","GGTGATTTCTTGATGA-1"
"4532","GGTGCTGGTCAAAGGG-1"
"4533","GGTGCTGGTCACAAAT-1"
"4534","GGTGCTGGTCCGGTTC-1"
"4535","GGTGCTGGTGAACAAA-1"
"4536","GGTGCTGGTGGCTTCC-1"
"4537","GGTGCTGGTTAGGACC-1"
"4538","GGTGCTTCAAAGCTAA-1"
"4539","GGTGCTTCAACTCGCG-1"
"4540","GGTGCTTCAATAGTCT-1"
"4541","GGTGCTTCAATTGAAG-1"
"4542","GGTGCTTCAGGATGGC-1"
"4543","GGTGCTTCAGGATTAA-1"
"4544","GGTGCTTCAGTTGCGT-1"
"4545","GGTGTGACACTAGGTC-1"
"4546","GGTGTGACATGCTTAG-1"
"4547","GGTGTGACATTGCGAC-1"
"4548","GGTGTTGTCGCTTCTA-1"
"4549","GGTGTTGTCGTGCTAG-1"
"4550","GGTGTTGTCTAACCAA-1"
"4551","GGTTAATGTAATCCCT-1"
"4552","GGTTAATGTAGCAGCT-1"
"4553","GGTTAATGTCTCAGCC-1"
"4554","GGTTAATGTTGTAACG-1"
"4555","GGTTACCCAATATGGA-1"
"4556","GGTTACCCAGGCTGTT-1"
"4557","GGTTACCCAGTTGCGT-1"
"4558","GGTTAGCGTTACGCGG-1"
"4559","GGTTAGCGTTAGCATG-1"
"4560","GGTTATATCAAACCTA-1"
"4561","GGTTATATCATCACTT-1"
"4562","GGTTATATCCCGCATT-1"
"4563","GGTTATATCCTACCTA-1"
"4564","GGTTATATCCTCCCTC-1"
"4565","GGTTATATCGATTTGA-1"
"4566","GGTTATATCGGTACGC-1"
"4567","GGTTATGGTCACCAAA-1"
"4568","GGTTATGGTCTAACCT-1"
"4569","GGTTATGGTGCGCAAT-1"
"4570","GGTTATGGTGCTCACC-1"
"4571","GGTTCCCGTTCACTGT-1"
"4572","GGTTCTTGTAAAGCGG-1"
"4573","GGTTCTTGTGAGACTC-1"
"4574","GGTTCTTGTGTAATAC-1"
"4575","GGTTCTTGTTAGTACG-1"
"4576","GGTTCTTGTTGAGGTC-1"
"4577","GGTTCTTGTTTACCGT-1"
"4578","GGTTGACGTAATGACT-1"
"4579","GGTTGAGCACACTAAT-1"
"4580","GGTTGCATCATGACCG-1"
"4581","GGTTGCATCATGGCTG-1"
"4582","GGTTGCGGTGAACAAA-1"
"4583","GGTTGCGGTTGTCCAT-1"
"4584","GGTTGCGGTTGTTGGA-1"
"4585","GGTTGCTCAAGTTATC-1"
"4586","GGTTGCTCACGTAATT-1"
"4587","GGTTGCTCAGCAAGAT-1"
"4588","GGTTGCTCAGGACCAA-1"
"4589","GGTTGCTCAGTAGCCT-1"
"4590","GGTTGCTCAGTTTGGC-1"
"4591","GGTTGGTGTTGCACGG-1"
"4592","GGTTTAATCATCCTAT-1"
"4593","GGTTTAATCCGTTATT-1"
"4594","GGTTTAATCTTTAGGA-1"
"4595","GGTTTCCTCACTAGGT-1"
"4596","GGTTTCCTCATTCATC-1"
"4597","GGTTTCCTCCGCCTCA-1"
"4598","GGTTTCCTCCGTTAAA-1"
"4599","GGTTTCCTCTAACCTT-1"
"4600","GGTTTCCTCTGTGAGT-1"
"4601","GGTTTCTGTCAAAGAA-1"
"4602","GGTTTCTGTTGCCTCA-1"
"4603","GGTTTGTAGCACTAGT-1"
"4604","GGTTTGTAGGTCCTGA-1"
"4605","GGTTTGTAGTAACGGA-1"
"4606","GGTTTGTAGTATCGCG-1"
"4607","GTAAAGCCAGGCCATT-1"
"4608","GTAAAGCCATAGCTGC-1"
"4609","GTAAGCAAGTGAACAG-1"
"4610","GTAAGCGCATAGACTT-1"
"4611","GTAAGCTTCAAGCTTA-1"
"4612","GTAAGCTTCATTATGG-1"
"4613","GTAAGCTTCCAGCACA-1"
"4614","GTAAGCTTCTACCTAT-1"
"4615","GTAAGGTCAAATTGCT-1"
"4616","GTAAGGTCACGTAATT-1"
"4617","GTAAGGTCACTCGCTC-1"
"4618","GTAAGGTCAGCAAGAT-1"
"4619","GTAAGGTCAGGAACCA-1"
"4620","GTAAGGTCAGGCAAGC-1"
"4621","GTAAGGTCAGGCATGA-1"
"4622","GTAATAGCAAAGGCCA-1"
"4623","GTAATAGCAAGATTCT-1"
"4624","GTAATAGCACTTCACT-1"
"4625","GTACAATGTACAAAGA-1"
"4626","GTACAATGTGCTTACT-1"
"4627","GTACAATGTTAGCAGC-1"
"4628","GTACACCCAACTCGCG-1"
"4629","GTACACCCAATTATGC-1"
"4630","GTACACCCATAGACCC-1"
"4631","GTACACCCATATTGAC-1"
"4632","GTACACCCATGTCGCG-1"
"4633","GTACCGGGTAGCCTAA-1"
"4634","GTACCGGGTATTACCC-1"
"4635","GTACCGGGTATTGAGT-1"
"4636","GTACCGGGTTATGTGG-1"
"4637","GTACCGGGTTCGGTAA-1"
"4638","GTACCTTGTTAAGCGC-1"
"4639","GTACGTAGTAGGTTGC-1"
"4640","GTACGTAGTCACACCC-1"
"4641","GTACGTAGTGCTTAGA-1"
"4642","GTACGTAGTGGGTGAA-1"
"4643","GTACGTAGTTAGCAGC-1"
"4644","GTACGTAGTTAGGACC-1"
"4645","GTACGTAGTTTAGCGA-1"
"4646","GTACGTAGTTTCCGGC-1"
"4647","GTACGTAGTTTCCTCC-1"
"4648","GTACTAATCATTTAGG-1"
"4649","GTACTAATCCTGATTT-1"
"4650","GTACTAATCGCAACAT-1"
"4651","GTACTAATCGTTACAA-1"
"4652","GTACTAGGTCTATCGT-1"
"4653","GTACTAGGTTAGGACC-1"
"4654","GTACTAGGTTCCTCCT-1"
"4655","GTACTGGTCCTGATTT-1"
"4656","GTACTGGTCGCAATCG-1"
"4657","GTACTGGTCTAACCTT-1"
"4658","GTACTGGTCTAATCCT-1"
"4659","GTACTGGTCTCGCCCA-1"
"4660","GTACTGGTCTGGTCCT-1"
"4661","GTACTTAAGAGAGGCT-1"
"4662","GTACTTAAGGTCGAGG-1"
"4663","GTACTTAAGTAAGTGG-1"
"4664","GTACTTCGTCTAGCTT-1"
"4665","GTACTTCGTGGTTCCC-1"
"4666","GTAGCCATCATTATGG-1"
"4667","GTAGCCATCTAAGTGC-1"
"4668","GTAGCCATCTCGCCTG-1"
"4669","GTAGCCATCTTTAGGA-1"
"4670","GTAGCGCTCAGTTCCC-1"
"4671","GTAGCGCTCATAGCCG-1"
"4672","GTAGCGCTCATCACTT-1"
"4673","GTAGCGCTCCTTCGTA-1"
"4674","GTAGCTGTCAGGTTTA-1"
"4675","GTAGCTGTCCCTCGCA-1"
"4676","GTAGCTGTCCTGGTGA-1"
"4677","GTAGCTGTCGTGCTAG-1"
"4678","GTAGGAGGTGCATTTC-1"
"4679","GTAGGATCAAACGGGC-1"
"4680","GTAGGATCACCCTCAC-1"
"4681","GTAGGATCACCTCACC-1"
"4682","GTAGGATCATCATGTG-1"
"4683","GTAGGCGAGCAGCTAT-1"
"4684","GTAGGCGAGCAGGCCT-1"
"4685","GTAGGCGAGCTATATG-1"
"4686","GTAGGCGAGTTACTTC-1"
"4687","GTAGGTGCAACCTAAT-1"
"4688","GTAGGTGCATTGCGGT-1"
"4689","GTAGGTGCATTGTCCT-1"
"4690","GTAGTTATCCTAATTC-1"
"4691","GTAGTTATCCTTTACG-1"
"4692","GTAGTTATCGAGGTGG-1"
"4693","GTAGTTATCGTTTCTG-1"
"4694","GTAGTTTCAGCTAACC-1"
"4695","GTAGTTTCAGGCTGTT-1"
"4696","GTAGTTTCAGTAAGTA-1"
"4697","GTAGTTTCATCCAGGT-1"
"4698","GTATCGCCAATCCCTT-1"
"4699","GTATCGCCACAGAACG-1"
"4700","GTATCGCCAGGCGATA-1"
"4701","GTATGTGGTCTAGCTT-1"
"4702","GTATGTGGTGGAGCAA-1"
"4703","GTATGTGGTTTGCGAA-1"
"4704","GTATGTTCAACCTGGT-1"
"4705","GTATGTTCATCAGCAC-1"
"4706","GTATGTTCATGTCAGC-1"
"4707","GTATTCAAGGTCCACA-1"
"4708","GTATTGATCAGGTTTA-1"
"4709","GTATTGATCCAGGGAG-1"
"4710","GTATTGCAGGACCTTG-1"
"4711","GTATTGCAGGTAAGGC-1"
"4712","GTATTGCAGTTATCTC-1"
"4713","GTATTGTCAATATACC-1"
"4714","GTATTGTCATGGCCCA-1"
"4715","GTCAAACTCGTTAACA-1"
"4716","GTCAATATCTTGAGCG-1"
"4717","GTCAATATCTTTGAGA-1"
"4718","GTCAGGCTCACCTGCT-1"
"4719","GTCAGGCTCTCACTAT-1"
"4720","GTCAGGCTCTGGTCCT-1"
"4721","GTCATCACACTAAGCC-1"
"4722","GTCATCACATGAATCT-1"
"4723","GTCATCACATGCATAT-1"
"4724","GTCATCCTCACACAGT-1"
"4725","GTCATCCTCGAAGTGA-1"
"4726","GTCATCCTCGATTTGA-1"
"4727","GTCATCCTCTAATCCT-1"
"4728","GTCATCCTCTCCTCAA-1"
"4729","GTCATGAGTAGGATTT-1"
"4730","GTCATGAGTGATTTGG-1"
"4731","GTCATGCCAAACAACA-1"
"4732","GTCATGCCAACCTGGT-1"
"4733","GTCATGCCACCTATAG-1"
"4734","GTCATGCCAGGCGAGT-1"
"4735","GTCATGCCAGTTTGGC-1"
"4736","GTCATTAAGCATGTCG-1"
"4737","GTCATTAAGGCACAGG-1"
"4738","GTCCAAGTCAGTGAAG-1"
"4739","GTCCAAGTCCTTAGTT-1"
"4740","GTCCAAGTCTCAATAG-1"
"4741","GTCCAGGGTAGTTGGC-1"
"4742","GTCCAGGGTGTGAGAG-1"
"4743","GTCCAGGGTTTGGCGG-1"
"4744","GTCCATTGTCGAAGTC-1"
"4745","GTCCATTGTTCTTTAG-1"
"4746","GTCCGTAAGCAGGTTT-1"
"4747","GTCCGTAAGTAAGTGG-1"
"4748","GTCCTCCCAAATGCCC-1"
"4749","GTCCTCCCAAGCTTTG-1"
"4750","GTCCTCCCACCTAAGC-1"
"4751","GTCCTCCCAGCTTACA-1"
"4752","GTCCTCCCATAAGTTC-1"
"4753","GTCCTCCCATGAATAG-1"
"4754","GTCGAAGCAAGGGTTG-1"
"4755","GTCGAAGCAATCATGT-1"
"4756","GTCGAAGCAGACAAAC-1"
"4757","GTCGAAGCAGTTTGGC-1"
"4758","GTCGAGGAGGAAGCAC-1"
"4759","GTCGAGGAGTAACTCA-1"
"4760","GTCGCAATCAGGAACA-1"
"4761","GTCGCAATCAGGGCCT-1"
"4762","GTCGCAATCATGCATA-1"
"4763","GTCGCAATCATGCTCC-1"
"4764","GTCGCAATCGTTCACC-1"
"4765","GTCGCAATCTGTTGCC-1"
"4766","GTCGGTTCAACTAGCC-1"
"4767","GTCGGTTCACAATTAC-1"
"4768","GTCGGTTCACGTGCTG-1"
"4769","GTCTAACAGCACAGGG-1"
"4770","GTCTAACAGCACGATT-1"
"4771","GTCTAACAGCCAAATC-1"
"4772","GTCTAACAGCCTTAAA-1"
"4773","GTCTAACAGCTAAGTC-1"
"4774","GTCTAACAGCTGCACA-1"
"4775","GTCTAACAGTCTGGGC-1"
"4776","GTCTAATCACAAAGAC-1"
"4777","GTCTAATCAGGCCTTG-1"
"4778","GTCTAATCAGGTTAAA-1"
"4779","GTCTAATCATAGCTGC-1"
"4780","GTCTAGCCAATATACC-1"
"4781","GTCTAGCCAATGAGGT-1"
"4782","GTCTAGCCATTGCGTA-1"
"4783","GTCTATCGTTAGGTTG-1"
"4784","GTCTATCGTTCATCTA-1"
"4785","GTCTATGCAATAAGCA-1"
"4786","GTCTATGCACCATATG-1"
"4787","GTCTATGCAGCCGCTA-1"
"4788","GTCTATGCAGGCTACT-1"
"4789","GTCTATGCATAGCGAG-1"
"4790","GTCTATGCATGGAGGC-1"
"4791","GTCTCACTCATTAGCA-1"
"4792","GTCTCACTCCGCAACA-1"
"4793","GTCTCACTCGGTCATG-1"
"4794","GTCTCACTCGTACCGA-1"
"4795","GTCTTGCTCACTTCAT-1"
"4796","GTCTTGCTCCTTGTTG-1"
"4797","GTCTTTAGTGGCTTCC-1"
"4798","GTCTTTAGTGTTTGCT-1"
"4799","GTCTTTAGTTGCTGGG-1"
"4800","GTCTTTGTCAAAGGCA-1"
"4801","GTCTTTGTCCAGGGAG-1"
"4802","GTCTTTGTCGTGCTTC-1"
"4803","GTGAACAAGCAAGACA-1"
"4804","GTGAACAAGCCACAAT-1"
"4805","GTGAATCTCACTAAGC-1"
"4806","GTGAATCTCACTTTAC-1"
"4807","GTGAGCGAGCGGATTT-1"
"4808","GTGAGCGAGGACCTGC-1"
"4809","GTGAGCGAGGCTCATG-1"
"4810","GTGAGCGAGGGACCTC-1"
"4811","GTGAGCGAGGGTCTAT-1"
"4812","GTGAGGAGTCACAGAC-1"
"4813","GTGAGGAGTCATAAGT-1"
"4814","GTGAGGAGTCATCAAG-1"
"4815","GTGAGGAGTTACAACG-1"
"4816","GTGATCAGTACCGAAC-1"
"4817","GTGATCAGTGGCTTCC-1"
"4818","GTGATCAGTTACGCAA-1"
"4819","GTGATCAGTTAGTACG-1"
"4820","GTGATCAGTTGCACGG-1"
"4821","GTGATGAAGCGGTTAT-1"
"4822","GTGATGAAGCTGCACA-1"
"4823","GTGATGAAGGCTCATG-1"
"4824","GTGATGAAGGTCGAGG-1"
"4825","GTGATGAAGTAGGCGG-1"
"4826","GTGATGAAGTTAGACC-1"
"4827","GTGATGAAGTTGGCCA-1"
"4828","GTGCAAGCAAACAACA-1"
"4829","GTGCAAGCAAGGATTA-1"
"4830","GTGCAAGCAATCCCTT-1"
"4831","GTGCAAGCACGAATTT-1"
"4832","GTGCAAGCAGAACCGA-1"
"4833","GTGCAAGCAGTATGTT-1"
"4834","GTGCACGGTAAACAAG-1"
"4835","GTGCACGGTCTTACTA-1"
"4836","GTGCATTAGAAAGCAT-1"
"4837","GTGCATTAGCACTAGT-1"
"4838","GTGCATTAGCCTCTCG-1"
"4839","GTGCATTAGCGAGCGA-1"
"4840","GTGCATTAGCGATAGA-1"
"4841","GTGCATTAGTCATTTC-1"
"4842","GTGCATTAGTTAGAGG-1"
"4843","GTGCCTTTCCCATAGG-1"
"4844","GTGCCTTTCCCGAAGC-1"
"4845","GTGCCTTTCCTGAGTG-1"
"4846","GTGCCTTTCGGTTACG-1"
"4847","GTGCCTTTCGTCAAGT-1"
"4848","GTGCCTTTCGTTATAG-1"
"4849","GTGCCTTTCTCCTCTT-1"
"4850","GTGCGCAGTAAGGTCC-1"
"4851","GTGCGCAGTGCGCAAT-1"
"4852","GTGCGGTTCAATCTCT-1"
"4853","GTGCGGTTCTTGTTCG-1"
"4854","GTGCTCAAGCAGGTTT-1"
"4855","GTGCTCAAGGATTGAG-1"
"4856","GTGCTCAAGGCAGGTG-1"
"4857","GTGCTCCGTAAGCTCA-1"
"4858","GTGCTCCGTGGATGTC-1"
"4859","GTGCTCCGTGTTGCTT-1"
"4860","GTGCTGATCAGTGAAG-1"
"4861","GTGCTGATCCAAGTGT-1"
"4862","GTGCTGATCCGGTTAG-1"
"4863","GTGCTGATCGAGCAAA-1"
"4864","GTGCTGATCGATAACC-1"
"4865","GTGCTGATCTCACATT-1"
"4866","GTGCTGGGTACCGAAC-1"
"4867","GTGCTGGGTACTGATG-1"
"4868","GTGCTGGGTATTACCC-1"
"4869","GTGCTGGGTCCCGAAG-1"
"4870","GTGCTGGGTCTCACTG-1"
"4871","GTGCTGGGTGAATCGC-1"
"4872","GTGCTGGGTTACAAAC-1"
"4873","GTGCTTACAAGTGTTT-1"
"4874","GTGCTTACAATAATGG-1"
"4875","GTGCTTACACATAACT-1"
"4876","GTGCTTACAGAAATGC-1"
"4877","GTGCTTACAGCAGGTA-1"
"4878","GTGCTTACAGGACACA-1"
"4879","GTGCTTACAGTCTATG-1"
"4880","GTGCTTCTCAAACTCA-1"
"4881","GTGCTTCTCCTGAATA-1"
"4882","GTGCTTCTCGAAGTGA-1"
"4883","GTGCTTCTCTCTAGCC-1"
"4884","GTGGACACAGGCCATT-1"
"4885","GTGGACACATTGTTGG-1"
"4886","GTGGATGCAAGGCCAA-1"
"4887","GTGGCTTCAAAGCCTC-1"
"4888","GTGGCTTCAGCCAGTT-1"
"4889","GTGGCTTCATTGCGTA-1"
"4890","GTGGTTAGTAAGTCGC-1"
"4891","GTGGTTAGTCAAAGAA-1"
"4892","GTGGTTAGTGCTCCGT-1"
"4893","GTGTAACTCAAACACC-1"
"4894","GTGTAACTCATCACTT-1"
"4895","GTGTAACTCCACCCTG-1"
"4896","GTGTAACTCCATCAGG-1"
"4897","GTGTAACTCGCACAAT-1"
"4898","GTGTAACTCGGCTATG-1"
"4899","GTGTAACTCTAACCAA-1"
"4900","GTGTAACTCTGCAAGT-1"
"4901","GTGTAACTCTTTGAGA-1"
"4902","GTGTCCAAGATTGAGG-1"
"4903","GTGTCCAAGGACAATG-1"
"4904","GTGTCCAAGGCGGGTA-1"
"4905","GTGTGAGCAACTGGGA-1"
"4906","GTGTGAGCAAGGTCCT-1"
"4907","GTGTGAGCAATTAAGG-1"
"4908","GTGTGAGCACCAGGTT-1"
"4909","GTGTGCGGTAAGGTCC-1"
"4910","GTGTGCGGTCGCATAA-1"
"4911","GTGTGCGGTTCCTGTG-1"
"4912","GTGTGCGGTTGTCCAT-1"
"4913","GTGTGTTAGGAGGTTA-1"
"4914","GTGTGTTAGTATTGGC-1"
"4915","GTGTTACAGACTTACA-1"
"4916","GTGTTACAGGTCCTGA-1"
"4917","GTGTTACAGGTTTACA-1"
"4918","GTGTTACAGTAAAGGT-1"
"4919","GTGTTACAGTTGGATC-1"
"4920","GTGTTCCTCTAATCCT-1"
"4921","GTGTTCCTCTACCTCA-1"
"4922","GTGTTCCTCTCACACC-1"
"4923","GTGTTCCTCTGTGCAG-1"
"4924","GTTAAACGTCCTTCTC-1"
"4925","GTTAAACGTCTAACCT-1"
"4926","GTTAAACGTTCGGTAA-1"
"4927","GTTAACCAGCGAAGTA-1"
"4928","GTTAACCAGGGCTTAT-1"
"4929","GTTAACCAGGTTTGAC-1"
"4930","GTTAACCAGTCATGCG-1"
"4931","GTTAACGGTGTAATAC-1"
"4932","GTTAACGGTGTCCTGC-1"
"4933","GTTAAGCTCATTACGA-1"
"4934","GTTAAGCTCCAATTAG-1"
"4935","GTTAAGCTCGAGCAAA-1"
"4936","GTTAAGCTCGCTAGCA-1"
"4937","GTTAAGCTCGGGATTT-1"
"4938","GTTAAGTGTAATCCCT-1"
"4939","GTTAAGTGTGCATCGG-1"
"4940","GTTAAGTGTTCACCCA-1"
"4941","GTTAATGTCAAACCTA-1"
"4942","GTTAATGTCGGTACGC-1"
"4943","GTTAATGTCGTGCCTT-1"
"4944","GTTAATGTCTATCGCC-1"
"4945","GTTACAGGTGATGATT-1"
"4946","GTTACCTGTGAGGTGA-1"
"4947","GTTACGCCAAGCTAAA-1"
"4948","GTTACGCCAAGGACCA-1"
"4949","GTTACGCCAGCACGAA-1"
"4950","GTTACGCCAGCTACGT-1"
"4951","GTTACGCCAGGAACTG-1"
"4952","GTTACGCCATAATCGT-1"
"4953","GTTACGCCATACTCCT-1"
"4954","GTTACGCCATATAACC-1"
"4955","GTTACGTAGCACAGCC-1"
"4956","GTTACGTAGCGCAATT-1"
"4957","GTTACTAAGGTCCAAT-1"
"4958","GTTACTCGTACGCGCA-1"
"4959","GTTACTCGTAGGTTGC-1"
"4960","GTTACTCGTTCCGGCT-1"
"4961","GTTAGACTCAAGCTTA-1"
"4962","GTTAGACTCAATGACC-1"
"4963","GTTAGACTCATTGTTC-1"
"4964","GTTAGACTCCAAACAC-1"
"4965","GTTAGACTCCCTGATC-1"
"4966","GTTAGACTCCGCAACA-1"
"4967","GTTAGACTCGTCATTT-1"
"4968","GTTAGGCGTAAGGTTT-1"
"4969","GTTCACCTCGCTCCAT-1"
"4970","GTTCACCTCTTGTCCA-1"
"4971","GTTCACCTCTTTAAGG-1"
"4972","GTTCATTTCAAGCTTA-1"
"4973","GTTCATTTCACGCATG-1"
"4974","GTTCATTTCATCCTAT-1"
"4975","GTTCATTTCGGTACGC-1"
"4976","GTTCCCAGTGCATTTC-1"
"4977","GTTCCCAGTGCTCCAC-1"
"4978","GTTCCCAGTGGATTCA-1"
"4979","GTTCCCAGTGTCACGG-1"
"4980","GTTCCCAGTTATCGAG-1"
"4981","GTTCCCAGTTCGCGCT-1"
"4982","GTTCCCAGTTGCATCT-1"
"4983","GTTCCCAGTTTAACCC-1"
"4984","GTTCCTGGTTCGCGCT-1"
"4985","GTTCCTGGTTTCAGGA-1"
"4986","GTTCCTTCAAGTAAGC-1"
"4987","GTTCCTTCAGATAGAC-1"
"4988","GTTCGCGCACCCTCAC-1"
"4989","GTTCGCGCACCTGGTG-1"
"4990","GTTCGCGCATAAGTTC-1"
"4991","GTTCGCTTCAAGCTAC-1"
"4992","GTTCGCTTCAATTGGC-1"
"4993","GTTCGCTTCCGCAAAT-1"
"4994","GTTCGCTTCGGGACCT-1"
"4995","GTTCTCATCAAGCTAC-1"
"4996","GTTCTCATCCTCGATC-1"
"4997","GTTCTCATCGGTTTCC-1"
"4998","GTTCTCATCTAATCTC-1"
"4999","GTTCTCATCTTGCAGG-1"
"5000","GTTCTCATCTTGGACG-1"
"5001","GTTCTTAGTATACTGG-1"
"5002","GTTCTTAGTGCAACTA-1"
"5003","GTTCTTAGTGGATTCA-1"
"5004","GTTCTTAGTTACGCAA-1"
"5005","GTTCTTGTCACCGGTA-1"
"5006","GTTCTTGTCATGTCAA-1"
"5007","GTTCTTGTCATTACTC-1"
"5008","GTTCTTGTCCTGAGTG-1"
"5009","GTTCTTGTCTCATCAT-1"
"5010","GTTCTTGTCTTGCAGG-1"
"5011","GTTGCATAGAGGAGGA-1"
"5012","GTTGCATAGCACTAGT-1"
"5013","GTTGCATAGCCAGGTC-1"
"5014","GTTGCATAGCTCCTAC-1"
"5015","GTTGCATAGCTTAACA-1"
"5016","GTTGCATAGGATCACT-1"
"5017","GTTGCCCGTCAGTAAT-1"
"5018","GTTGCCCGTGAGCAAG-1"
"5019","GTTGCCCGTGTCACGG-1"
"5020","GTTGCCCGTGTTTCAC-1"
"5021","GTTGCCCGTTGGATCA-1"
"5022","GTTGCGGGTCCTAACT-1"
"5023","GTTGCGGGTGACATAT-1"
"5024","GTTGCGGGTGTTCCCA-1"
"5025","GTTGCTGAGATGGAGC-1"
"5026","GTTGCTGAGCACCACA-1"
"5027","GTTGCTGAGCCATCAG-1"
"5028","GTTGCTGAGTAGGCGG-1"
"5029","GTTGCTGAGTTAGAGG-1"
"5030","GTTGGAGCAATGAGGT-1"
"5031","GTTGGCCAGGCCGGAA-1"
"5032","GTTGGCCAGTAGGCGG-1"
"5033","GTTGGCGGTCAATACG-1"
"5034","GTTGTGAGTATTGTGG-1"
"5035","GTTGTGAGTCTTTGAC-1"
"5036","GTTGTGAGTGATCATG-1"
"5037","GTTGTGAGTGATGAAA-1"
"5038","GTTGTGAGTTAGTACG-1"
"5039","GTTGTTGCAAACCCTA-1"
"5040","GTTGTTGCAATATGGA-1"
"5041","GTTGTTGCACAACAGG-1"
"5042","GTTGTTGCACCTCAGG-1"
"5043","GTTGTTGCAGTAAGTA-1"
"5044","GTTTAACCAAGCGATG-1"
"5045","GTTTAACCACAAAGGT-1"
"5046","GTTTAACCAGGATTAA-1"
"5047","GTTTAACCATTAGGCC-1"
"5048","GTTTACCGTCATTACC-1"
"5049","GTTTACCGTGATTACG-1"
"5050","GTTTACCGTGTTGTGA-1"
"5051","GTTTAGCAGCGCAATT-1"
"5052","GTTTAGCAGCTATGAC-1"
"5053","GTTTATCTCAGGCTAT-1"
"5054","GTTTATCTCGGTCAAT-1"
"5055","GTTTATCTCGTTACTT-1"
"5056","GTTTCAGCAACTAGCC-1"
"5057","GTTTCAGCACGTAATT-1"
"5058","GTTTCAGCATATTGAC-1"
"5059","GTTTCCTCAGGAACAT-1"
"5060","GTTTCCTCAGGTCCTG-1"
"5061","GTTTCCTCAGTAGGAT-1"
"5062","GTTTCTAGTATTGGTG-1"
"5063","GTTTCTAGTCAAAGAA-1"
"5064","GTTTCTAGTGGTTCTT-1"
"5065","GTTTGCTGTAATCGTG-1"
"5066","GTTTGCTGTCAATAGT-1"
"5067","GTTTGCTGTGAAGCCT-1"
"5068","GTTTGCTGTTCTTTAG-1"
"5069","GTTTGTAAGCATGCAT-1"
"5070","GTTTGTAAGCGATACT-1"
"5071","GTTTGTAAGCTCCTTA-1"
"5072","GTTTGTAAGGCAAGTA-1"
"5073","GTTTGTAAGGCTATGT-1"
"5074","GTTTGTCGTCACAGAC-1"
"5075","GTTTGTCGTGCTCCAC-1"
"5076","GTTTGTCGTGCTCCGT-1"
"5077","GTTTGTTTCAAGCCTG-1"
"5078","GTTTGTTTCAATCATG-1"
"5079","GTTTGTTTCATGGTTA-1"
"5080","GTTTGTTTCCGTTATT-1"
"5081","GTTTGTTTCTAACCTT-1"
"5082","TAAACAGCAAACCCTA-1"
"5083","TAAACAGCATAGCGGA-1"
"5084","TAAAGCCTCAGCAAAG-1"
"5085","TAAAGCCTCAGCAAGA-1"
"5086","TAAAGCCTCTGGCATG-1"
"5087","TAACAAGCAATAATGG-1"
"5088","TAACAAGCACAGGGAC-1"
"5089","TAACAAGCACCACAAC-1"
"5090","TAACAAGCACCTCAGG-1"
"5091","TAACAAGCAGGCTGTT-1"
"5092","TAACAAGCATAACGGG-1"
"5093","TAACCAGGTAACAGGG-1"
"5094","TAACCAGGTAATAGCT-1"
"5095","TAACCAGGTCAATGTG-1"
"5096","TAACCGGTCATGACCG-1"
"5097","TAACCGGTCCCATAGG-1"
"5098","TAACCTAAGCGTGCGT-1"
"5099","TAACCTAAGGAACCAA-1"
"5100","TAACCTAAGGTTAGCT-1"
"5101","TAACCTAAGTAGAGGC-1"
"5102","TAACCTAAGTATTGTG-1"
"5103","TAAGCCAGTAAGCACC-1"
"5104","TAAGCCAGTAGGATCC-1"
"5105","TAAGCCAGTATTGTGG-1"
"5106","TAAGCCAGTGTGTGGT-1"
"5107","TAAGCCAGTTCACCCA-1"
"5108","TAAGCCTAGACTAAGG-1"
"5109","TAAGCCTAGTTACCGG-1"
"5110","TAAGCTATCAAACACC-1"
"5111","TAAGCTATCAATCTAG-1"
"5112","TAAGCTATCATAACTG-1"
"5113","TAAGCTATCCATAAGC-1"
"5114","TAAGCTGGTAAAGCGG-1"
"5115","TAAGCTGGTCCCGGAA-1"
"5116","TAAGCTGGTCCTAAGA-1"
"5117","TAAGCTGGTGCTCCGT-1"
"5118","TAAGCTGGTGCTGTAA-1"
"5119","TAAGGACCAATAATCC-1"
"5120","TAAGGACCACTCGCTC-1"
"5121","TAAGGACCATGGCCTG-1"
"5122","TAAGGCTTCAAATCGC-1"
"5123","TAAGGCTTCAGGATGA-1"
"5124","TAAGGCTTCATTGCAA-1"
"5125","TAAGGCTTCCACCCTG-1"
"5126","TAAGGCTTCCGCACAA-1"
"5127","TAAGGCTTCTTAAGTG-1"
"5128","TAAGTAGCAATTGACT-1"
"5129","TAAGTAGCAGAAATGC-1"
"5130","TAAGTAGCAGGAATCG-1"
"5131","TAAGTAGCAGTTTACG-1"
"5132","TAAGTAGCATCAGTAT-1"
"5133","TAAGTAGCATCGTTCT-1"
"5134","TAAGTGCTCCATCAGG-1"
"5135","TAAGTGCTCCCTCACG-1"
"5136","TAAGTGCTCGGGACCT-1"
"5137","TAATCACCAATCCCTT-1"
"5138","TAATCACCAGTTTGTG-1"
"5139","TAATGCATCATCACTT-1"
"5140","TAATGCATCCCTCATA-1"
"5141","TAATGCATCCGTTAAA-1"
"5142","TAATGCATCTCACAAA-1"
"5143","TAATGCATCTTGCTAT-1"
"5144","TAATGGACAATAGCAA-1"
"5145","TAATGGACACCGGTAT-1"
"5146","TAATGGACAGTAGGTG-1"
"5147","TAATGGACATTGCGGT-1"
"5148","TAATGGTGTGTTGCTT-1"
"5149","TAATTGCCACAGAACG-1"
"5150","TAATTGCCAGCAATAA-1"
"5151","TAATTGCCAGTAAAGC-1"
"5152","TAATTGCCATGAAGTA-1"
"5153","TAATTGCCATGGAGGC-1"
"5154","TACAACATCATTATGG-1"
"5155","TACAACATCGTAATCA-1"
"5156","TACAAGCTCCGGTATG-1"
"5157","TACAAGCTCGAGGTGG-1"
"5158","TACAAGCTCTAACTGA-1"
"5159","TACAAGCTCTCAATTC-1"
"5160","TACAATGTCCAAGTTA-1"
"5161","TACAATGTCCGCAAAT-1"
"5162","TACAGCTAGCGCAATT-1"
"5163","TACAGCTAGCTTTGGG-1"
"5164","TACAGCTAGGCATGAA-1"
"5165","TACAGCTAGGCATGTT-1"
"5166","TACAGCTAGTGAAGTG-1"
"5167","TACAGCTAGTGAGAGC-1"
"5168","TACAGGTTCAAGGACA-1"
"5169","TACAGGTTCAGCTAAC-1"
"5170","TACAGGTTCCGCACAA-1"
"5171","TACATCAAGCTAAAGG-1"
"5172","TACCAAATCAATGTGC-1"
"5173","TACCAAATCCGCAAAT-1"
"5174","TACCAGGTCATGCATA-1"
"5175","TACCCGGCATTGACAT-1"
"5176","TACCGAAGTACCGAAC-1"
"5177","TACCGAAGTGACATGC-1"
"5178","TACCGAAGTTTGTTGC-1"
"5179","TACCGCAAGGAATAAC-1"
"5180","TACCGCAAGGCAACAA-1"
"5181","TACCGCAAGTCACTAA-1"
"5182","TACCGCAAGTGAACCT-1"
"5183","TACCGCAAGTTATCTC-1"
"5184","TACCGCAAGTTATGGC-1"
"5185","TACCGTTGTATTGCAG-1"
"5186","TACCGTTGTTAAGCCA-1"
"5187","TACCTCATCCCTGGTT-1"
"5188","TACCTCATCGCTATGG-1"
"5189","TACCTCATCTAATCCT-1"
"5190","TACCTCATCTTAGGGT-1"
"5191","TACCTGCTCACGCCAA-1"
"5192","TACCTGCTCCAGGTTG-1"
"5193","TACCTGCTCCTCATCA-1"
"5194","TACCTGCTCTTTGAGA-1"
"5195","TACCTTAGTAGGATTT-1"
"5196","TACCTTAGTGGTTCTT-1"
"5197","TACCTTAGTTACGCGG-1"
"5198","TACCTTTAGAACCTGT-1"
"5199","TACCTTTAGCGTGCAC-1"
"5200","TACCTTTAGGAGTCGG-1"
"5201","TACCTTTAGTATTGCA-1"
"5202","TACGCACCAATCCCTT-1"
"5203","TACGCACCACATTAAC-1"
"5204","TACGCACCACTGACCG-1"
"5205","TACGCACCAGGTCCTG-1"
"5206","TACGCACCATCACAGC-1"
"5207","TACGCTTGTGATTTGG-1"
"5208","TACGGATTCATAACTG-1"
"5209","TACGGATTCCCGCATT-1"
"5210","TACGGATTCCTTGAGG-1"
"5211","TACGGATTCTGTTGCC-1"
"5212","TACGGTTAGCAATAGG-1"
"5213","TACGGTTAGCAGCTAT-1"
"5214","TACGGTTAGTTGTCCC-1"
"5215","TACGGTTAGTTTGGGT-1"
"5216","TACGTAATCAGCAAGA-1"
"5217","TACGTAATCATAACGC-1"
"5218","TACGTAATCGAGCTAT-1"
"5219","TACGTAATCTCAATAG-1"
"5220","TACGTAATCTGGCTTC-1"
"5221","TACGTAATCTGTAATG-1"
"5222","TACGTAATCTTGCAGG-1"
"5223","TACGTACAGCGAGGTG-1"
"5224","TACGTACAGTTGTCTT-1"
"5225","TACGTTAAGCCTAATA-1"
"5226","TACGTTAAGGCAAGTA-1"
"5227","TACGTTAAGGCGTAAA-1"
"5228","TACGTTAAGGTCCAAT-1"
"5229","TACGTTAAGTTGTCCC-1"
"5230","TACTAAGTCATCAGTA-1"
"5231","TACTAAGTCGAAGTAG-1"
"5232","TACTAAGTCGCATTAA-1"
"5233","TACTAAGTCTAGCGAT-1"
"5234","TACTAAGTCTATTGTC-1"
"5235","TACTCAAAGGTTAGCT-1"
"5236","TACTCAAAGTTGCGTG-1"
"5237","TACTCGCTCCTAAGGT-1"
"5238","TACTGACAGGTCCACA-1"
"5239","TACTGACAGTAAGTCC-1"
"5240","TACTGACAGTGGACAA-1"
"5241","TACTGACAGTTATTCC-1"
"5242","TACTGACAGTTGCCTC-1"
"5243","TACTGAGGTAGCTAGC-1"
"5244","TACTGAGGTATTGGAT-1"
"5245","TACTGAGGTCAGTAAT-1"
"5246","TACTGAGGTTGCTTCG-1"
"5247","TACTGAGGTTGTTCAC-1"
"5248","TACTGAGGTTTAGCGA-1"
"5249","TACTGAGGTTTCAGGA-1"
"5250","TACTGCACAAAGCGGC-1"
"5251","TACTGCACAGGATTAA-1"
"5252","TACTGCACATCCTAGA-1"
"5253","TACTGGCCACTTGTTC-1"
"5254","TACTGGCCAGGCCAAA-1"
"5255","TACTTCGTCGGTTTGG-1"
"5256","TACTTGTTCCTAAGTA-1"
"5257","TAGACCAGTCATAACG-1"
"5258","TAGACCAGTGTGTGGT-1"
"5259","TAGAGCCGTAAAGCAA-1"
"5260","TAGAGCCGTATGTGGC-1"
"5261","TAGAGCCGTGAAACAA-1"
"5262","TAGAGCCGTTATTGCC-1"
"5263","TAGCAGGCAAATACCT-1"
"5264","TAGCAGGCAAGGACCA-1"
"5265","TAGCAGGCACATAGCC-1"
"5266","TAGCAGGCAGCAAGTG-1"
"5267","TAGCAGGCAGCCGCTA-1"
"5268","TAGCAGGCAGGACCTT-1"
"5269","TAGCATATCCTCCTAA-1"
"5270","TAGCATATCTGTAAGC-1"
"5271","TAGCCGGGTAAACAAG-1"
"5272","TAGCCGGGTGTTTGTC-1"
"5273","TAGCCGGGTTGTCATC-1"
"5274","TAGCCGGGTTGTGATG-1"
"5275","TAGCCTCTCAAACCGT-1"
"5276","TAGCCTCTCAATGACC-1"
"5277","TAGCCTCTCACTCGCT-1"
"5278","TAGCCTCTCCTGGTCT-1"
"5279","TAGCCTGAGGCTATGT-1"
"5280","TAGCCTGAGGTAACGA-1"
"5281","TAGCCTGAGTATTGTG-1"
"5282","TAGCCTTGTCGCATAA-1"
"5283","TAGCCTTGTGAGAAAC-1"
"5284","TAGCCTTGTGCAACTA-1"
"5285","TAGCCTTGTGTTCCCA-1"
"5286","TAGCCTTGTTGGATCA-1"
"5287","TAGCGCGGTGTTAGCA-1"
"5288","TAGCGCGGTTAGCCAA-1"
"5289","TAGCGGACACCAGGTT-1"
"5290","TAGCGGACACTTCATC-1"
"5291","TAGCGGACAGCATGAG-1"
"5292","TAGCGGACATTGTTGG-1"
"5293","TAGCTAATCACTTCAT-1"
"5294","TAGCTAATCAGTGAAG-1"
"5295","TAGCTAATCCAGCACA-1"
"5296","TAGCTAGGTTATGTGG-1"
"5297","TAGCTAGGTTTAGCGA-1"
"5298","TAGCTAGGTTTGGCGG-1"
"5299","TAGCTTAAGACTAAGG-1"
"5300","TAGCTTAAGTGAGCGG-1"
"5301","TAGCTTGCACCATATG-1"
"5302","TAGCTTGCATAAACCT-1"
"5303","TAGGAACCACAATGTT-1"
"5304","TAGGAACCACCAACCG-1"
"5305","TAGGAACCACCATATG-1"
"5306","TAGGAACCACTAAGAA-1"
"5307","TAGGAACCAGCAAATA-1"
"5308","TAGGAACCAGCATGTC-1"
"5309","TAGGAACCAGTTTGGC-1"
"5310","TAGGAACCATAGCTGC-1"
"5311","TAGGAGGGTACAAAGA-1"
"5312","TAGGAGGGTACCGGAT-1"
"5313","TAGGAGGGTATTGTCC-1"
"5314","TAGGAGGGTGCGCAAT-1"
"5315","TAGGAGGGTTCCGGGA-1"
"5316","TAGGAGGGTTCGGTAA-1"
"5317","TAGGAGGGTTGAGGTC-1"
"5318","TAGGAGGGTTTCGCGC-1"
"5319","TAGGAGTCACCAGGTT-1"
"5320","TAGGAGTCATGAATCT-1"
"5321","TAGGCTAGTACAATGT-1"
"5322","TAGGCTAGTCGCAAAC-1"
"5323","TAGGCTAGTTTACGTC-1"
"5324","TAGGCTGTCAGAAACG-1"
"5325","TAGGCTGTCATGCTTT-1"
"5326","TAGGCTTAGACAACAG-1"
"5327","TAGGCTTAGCCTCTGT-1"
"5328","TAGGCTTAGGAACACA-1"
"5329","TAGGCTTAGGTAAGGC-1"
"5330","TAGGCTTAGTCAATTG-1"
"5331","TAGGCTTAGTCACGAT-1"
"5332","TAGGGTTTCCGTAAAC-1"
"5333","TAGGGTTTCTCGCCCA-1"
"5334","TAGGTGCGTGTAACCA-1"
"5335","TAGGTGCGTTGGTGAC-1"
"5336","TAGGTTATCAAAGGCA-1"
"5337","TAGGTTATCATTTGCT-1"
"5338","TAGGTTATCCCTCTAA-1"
"5339","TAGTAACGTGGATTAT-1"
"5340","TAGTAACGTTAAGGCC-1"
"5341","TAGTAACGTTCACCCA-1"
"5342","TAGTAAGCAAACCTAT-1"
"5343","TAGTAAGCAGCACGAA-1"
"5344","TAGTAAGCAGGCCATT-1"
"5345","TAGTAAGCAGGTTTGC-1"
"5346","TAGTAAGCATAAGCAA-1"
"5347","TAGTAAGCATCCTAGA-1"
"5348","TAGTACGGTAAAGCGG-1"
"5349","TAGTACGGTCCCGGAA-1"
"5350","TAGTACGGTCGAAGTC-1"
"5351","TAGTACGGTCGTTATC-1"
"5352","TAGTAGGAGCCATCAG-1"
"5353","TAGTAGGAGGAGGGTT-1"
"5354","TAGTAGGAGGCATTAC-1"
"5355","TAGTAGGAGGCTGTGC-1"
"5356","TAGTAGGAGGTCGATT-1"
"5357","TAGTAGGAGGTTTACA-1"
"5358","TAGTAGGAGTTAGTTG-1"
"5359","TAGTCAATCAGCCAAT-1"
"5360","TAGTCAATCCAAATCA-1"
"5361","TAGTCAATCCCTGGTT-1"
"5362","TAGTGAGAGACTTATG-1"
"5363","TAGTGAGAGAGGATAT-1"
"5364","TAGTGAGAGCAGCTCA-1"
"5365","TAGTGGCGTAAATTGC-1"
"5366","TAGTGGCGTCATCATC-1"
"5367","TAGTGGCGTGAGGTGA-1"
"5368","TAGTGGCGTTCGCTCA-1"
"5369","TAGTGTGGTAATAACC-1"
"5370","TAGTGTGGTATTGCAG-1"
"5371","TAGTGTGGTATTTGCC-1"
"5372","TAGTGTGGTCGACTCC-1"
"5373","TAGTGTGGTCTTGCAT-1"
"5374","TAGTGTGGTGCATTTC-1"
"5375","TAGTGTGGTGTCACGG-1"
"5376","TAGTGTGGTTACAAAC-1"
"5377","TAGTTGTCACAATGTT-1"
"5378","TAGTTGTCAGCTTACA-1"
"5379","TAGTTGTCATGTTGCA-1"
"5380","TAGTTTGAGACAGGCG-1"
"5381","TAGTTTGAGGCTACAT-1"
"5382","TATAACCCACAGGGAC-1"
"5383","TATAACCCACTTGTTC-1"
"5384","TATAACCCAGATAGAC-1"
"5385","TATAACCCATCTTGAG-1"
"5386","TATAGCCAGCTGTAAC-1"
"5387","TATAGCCAGGATTTGC-1"
"5388","TATAGCTCACAGCCAT-1"
"5389","TATAGCTCACTGGCCA-1"
"5390","TATAGGTGTACCAGGT-1"
"5391","TATAGGTGTGATGGCT-1"
"5392","TATAGGTGTTCGGTAA-1"
"5393","TATATCCTCCTAGTTT-1"
"5394","TATATCCTCGTTATCT-1"
"5395","TATCACAAGTCCTTTG-1"
"5396","TATCACAAGTCGCTAG-1"
"5397","TATCACGCATAGCTTG-1"
"5398","TATCCAGCACAAACTT-1"
"5399","TATCCGGAGCCTAACG-1"
"5400","TATCCGGAGGATGATG-1"
"5401","TATCCGGAGTAGCGGG-1"
"5402","TATCCGGAGTCATTGA-1"
"5403","TATCCGGAGTCCTGAG-1"
"5404","TATCCGGAGTTATGTG-1"
"5405","TATCGAGGTCCTAATC-1"
"5406","TATCGCACAATAATGG-1"
"5407","TATCGCACACGGTTTA-1"
"5408","TATCGCACATAATGAG-1"
"5409","TATCGCACATAATTGC-1"
"5410","TATCGCACATGACTAT-1"
"5411","TATCGCGAGAATCTCA-1"
"5412","TATCGCGAGCTGAGGG-1"
"5413","TATCGCGAGGCCGGAA-1"
"5414","TATCGCGAGTTAGAGG-1"
"5415","TATGAAGCAACAACAA-1"
"5416","TATGAAGCAACTAGAA-1"
"5417","TATGAAGCAGTAGGAT-1"
"5418","TATGAAGCATAAGTTC-1"
"5419","TATGACATCACATTGA-1"
"5420","TATGACATCATGCTCC-1"
"5421","TATGACATCCAATAGC-1"
"5422","TATGACATCCATAATG-1"
"5423","TATGACATCCGCCAAA-1"
"5424","TATGACATCCGTTATT-1"
"5425","TATGACATCCTAAGTA-1"
"5426","TATGACATCGTTAACA-1"
"5427","TATGACATCTGTAAGC-1"
"5428","TATGACTCAACAGGTG-1"
"5429","TATGACTCAATAGCCC-1"
"5430","TATGACTCATCATGGC-1"
"5431","TATGACTCATCCATCT-1"
"5432","TATGACTCATGGCCCA-1"
"5433","TATGCATCAATTTGGT-1"
"5434","TATGCATCACAATACT-1"
"5435","TATGCATCACCAGCAT-1"
"5436","TATGCATCACTTAACG-1"
"5437","TATGGATGTAAGCTCA-1"
"5438","TATGGATGTGGAAACG-1"
"5439","TATGGATGTTGCACAA-1"
"5440","TATGGTCAGAGCCGCT-1"
"5441","TATGGTCAGAGCCGGA-1"
"5442","TATGGTCAGCATTAGC-1"
"5443","TATGGTCAGCTAAGTC-1"
"5444","TATGGTCAGGATTGCT-1"
"5445","TATGTGATCACCTGCT-1"
"5446","TATGTGATCCACCTGT-1"
"5447","TATTACCTCCTGGTCT-1"
"5448","TATTACCTCTGGCATG-1"
"5449","TATTAGCCAAGCGAGC-1"
"5450","TATTAGCCAGTAATAG-1"
"5451","TATTAGCCATAATCCG-1"
"5452","TATTAGGTCATTATGG-1"
"5453","TATTAGGTCGGGACTC-1"
"5454","TATTAGGTCTTTGACT-1"
"5455","TATTCGTTCACCGGTA-1"
"5456","TATTCGTTCGCCTAAG-1"
"5457","TATTGACCAAGTAAGC-1"
"5458","TATTGACCACTTAGGC-1"
"5459","TATTGACCAGTAAAGC-1"
"5460","TATTTGCTCCATTACT-1"
"5461","TATTTGCTCCGCACAA-1"
"5462","TATTTGCTCCTTAAGA-1"
"5463","TATTTGCTCTAACTGA-1"
"5464","TATTTGGAGGAACCAA-1"
"5465","TATTTGGAGGACTAAG-1"
"5466","TCAAACCAGCATGCAT-1"
"5467","TCAAACCAGCTAATTG-1"
"5468","TCAAACCAGGAACCAA-1"
"5469","TCAAACCAGGCGAAAC-1"
"5470","TCAAACCAGGCTTAGT-1"
"5471","TCAAACCAGTAACTCA-1"
"5472","TCAAACCAGTTAGACC-1"
"5473","TCAACAATCCAGCACA-1"
"5474","TCAAGAACAACCCTCC-1"
"5475","TCAAGAACACCATATG-1"
"5476","TCAAGAACAGAAATGC-1"
"5477","TCAAGACTCCAACTGG-1"
"5478","TCAAGACTCCTAAGTA-1"
"5479","TCAAGACTCCTACCTA-1"
"5480","TCAAGCTAGATAAAGC-1"
"5481","TCAAGGAAGGAACGGT-1"
"5482","TCAAGGAAGGCAACAA-1"
"5483","TCAAGGAAGGCTCATG-1"
"5484","TCAAGGAAGTCACTCC-1"
"5485","TCAAGGTTCATGACCG-1"
"5486","TCAAGGTTCCAATTAG-1"
"5487","TCAAGGTTCGAGCAAA-1"
"5488","TCAAGGTTCGTTACTT-1"
"5489","TCAAGGTTCTAATCTC-1"
"5490","TCAAGGTTCTCAATTC-1"
"5491","TCAAGGTTCTTGGATA-1"
"5492","TCAAGTATCTACCTGC-1"
"5493","TCAATCGCAATAATGG-1"
"5494","TCAATCGCACCCTCAC-1"
"5495","TCACATAAGCAGGTGG-1"
"5496","TCACCTCAGCACTTGG-1"
"5497","TCACCTCAGCTAAGTC-1"
"5498","TCACCTGGTAGTTACG-1"
"5499","TCACGGATCCTAAATG-1"
"5500","TCACGGATCCTAGTAA-1"
"5501","TCACGGATCGGTAACT-1"
"5502","TCACTGACAAGGTAAC-1"
"5503","TCACTGACACAGAACG-1"
"5504","TCACTGACACAGCCTG-1"
"5505","TCACTGACACTTAGGC-1"
"5506","TCACTGACAGCGCTTG-1"
"5507","TCACTGACAGTAGGTG-1"
"5508","TCACTGACAGTTTACG-1"
"5509","TCAGCAAGTAATCACG-1"
"5510","TCAGCAAGTCATGAGC-1"
"5511","TCAGCAAGTCCTTCAG-1"
"5512","TCAGCAAGTCGCGCAA-1"
"5513","TCAGCAAGTTTCGCGC-1"
"5514","TCAGCAAGTTTGTTGC-1"
"5515","TCAGCCTTCCTGATTT-1"
"5516","TCAGCCTTCGTGCCTT-1"
"5517","TCAGCCTTCTTTGAGA-1"
"5518","TCAGCGATCAATAGCC-1"
"5519","TCAGCGATCCCGTTGT-1"
"5520","TCAGCGATCTAACTGA-1"
"5521","TCAGCGATCTTAGCGG-1"
"5522","TCAGGAGCAATAGCAA-1"
"5523","TCAGGTCCAAGGTGCA-1"
"5524","TCAGGTCCAGTAAGTA-1"
"5525","TCAGGTTAGGGTGGAT-1"
"5526","TCAGGTTAGTTCCTCA-1"
"5527","TCAGTAATCATGGTTA-1"
"5528","TCAGTAATCATTAGGC-1"
"5529","TCAGTAGGTCAAAGGG-1"
"5530","TCAGTAGGTGTTTGAG-1"
"5531","TCAGTGAGTATGGTGC-1"
"5532","TCAGTGAGTATTGGAT-1"
"5533","TCAGTGAGTCATAACG-1"
"5534","TCATAACCACACTAAT-1"
"5535","TCATAACCACGGTTTA-1"
"5536","TCATAACCAGTCTATG-1"
"5537","TCATACTTCAAGTGTC-1"
"5538","TCATACTTCCTAATTC-1"
"5539","TCATACTTCTAAGGAG-1"
"5540","TCATACTTCTTAGTCT-1"
"5541","TCATACTTCTTGAGGT-1"
"5542","TCATCCATCCCTGATC-1"
"5543","TCATCCATCCTTCGTA-1"
"5544","TCATCCATCGGCTAGC-1"
"5545","TCATCCATCTACCTGC-1"
"5546","TCATCCATCTGTGCCT-1"
"5547","TCATCCATCTTTAGGA-1"
"5548","TCATGAGGTCCTAACT-1"
"5549","TCATGAGGTGTTAGCA-1"
"5550","TCATGCCTCATGGTGT-1"
"5551","TCATGCCTCTCACATT-1"
"5552","TCATGTTTCATGCTCC-1"
"5553","TCATGTTTCCAGGTCA-1"
"5554","TCATGTTTCCGCCAAA-1"
"5555","TCATGTTTCCTGGTCT-1"
"5556","TCATGTTTCGAAGCGG-1"
"5557","TCATGTTTCGACCTGA-1"
"5558","TCATTACTCCAGGTCA-1"
"5559","TCATTACTCGTACCGA-1"
"5560","TCATTGCGTTAGACCA-1"
"5561","TCATTGCGTTTAGCTC-1"
"5562","TCATTGTTCACCATTT-1"
"5563","TCATTGTTCGTCCTTA-1"
"5564","TCATTGTTCTAGCTTT-1"
"5565","TCATTTGGTCCGCTGT-1"
"5566","TCATTTGGTTATGTGG-1"
"5567","TCCACAACAAGCTTTG-1"
"5568","TCCACAACAAGTAAGC-1"
"5569","TCCACAACACATACTG-1"
"5570","TCCACAACAGGCGATA-1"
"5571","TCCAGCAAGAACCTGT-1"
"5572","TCCAGCAAGGTCCACA-1"
"5573","TCCAGCAAGTAGCTTA-1"
"5574","TCCAGCAAGTCACTAA-1"
"5575","TCCAGGATCTTACTCG-1"
"5576","TCCAGGATCTTGACCC-1"
"5577","TCCAGGTCAAACCTAT-1"
"5578","TCCAGGTCAGAACCGA-1"
"5579","TCCAGGTCAGGCCAAA-1"
"5580","TCCATAAAGCAAGGAC-1"
"5581","TCCATAAAGGAATAAC-1"
"5582","TCCATAAAGGCAAGTA-1"
"5583","TCCATAAAGGCTTAAC-1"
"5584","TCCATAAAGTGAGGGT-1"
"5585","TCCATATTCCTTGCAC-1"
"5586","TCCATCATCAAGCGCC-1"
"5587","TCCATCATCAAGGACA-1"
"5588","TCCATCATCCATTACT-1"
"5589","TCCATCATCGATTCTT-1"
"5590","TCCATCATCGCTAAGT-1"
"5591","TCCATCATCGGCTAGC-1"
"5592","TCCATCATCGTTTCCA-1"
"5593","TCCATCATCTAATTGG-1"
"5594","TCCATGCTCACCGGTA-1"
"5595","TCCATGCTCCTTAGGG-1"
"5596","TCCATTGTCGTTAACA-1"
"5597","TCCATTGTCTTAGGAC-1"
"5598","TCCCGGACAAGGTGCA-1"
"5599","TCCCGGACATAGACCC-1"
"5600","TCCCGTTAGCGATAAG-1"
"5601","TCCCGTTAGGCTACAT-1"
"5602","TCCCTCACACTTACAG-1"
"5603","TCCCTCACACTTCATC-1"
"5604","TCCCTCACAGTTATCG-1"
"5605","TCCCTCACATTGTGTG-1"
"5606","TCCCTGGTCCAGGAAA-1"
"5607","TCCCTGGTCCGTCCAT-1"
"5608","TCCCTGGTCGGTTCCT-1"
"5609","TCCCTGGTCGTTAGTA-1"
"5610","TCCCTGGTCTTAGGAC-1"
"5611","TCCCTGGTCTTGGATA-1"
"5612","TCCGCCATCTACTAAG-1"
"5613","TCCGGAATCCTAAGAC-1"
"5614","TCCGGAATCTACTAAG-1"
"5615","TCCGGTAAGCATTATG-1"
"5616","TCCGGTAAGGCTTAAC-1"
"5617","TCCGGTAAGGTGAGAC-1"
"5618","TCCGGTAAGTATCGCG-1"
"5619","TCCGGTAAGTTCCCAC-1"
"5620","TCCGGTTTCAGCACGC-1"
"5621","TCCGGTTTCATGAGCT-1"
"5622","TCCGGTTTCCAATAGC-1"
"5623","TCCTAGTGTAGCTGCG-1"
"5624","TCCTAGTGTATTGTGG-1"
"5625","TCCTAGTGTTTGCGCC-1"
"5626","TCCTCAATCAAAGGCA-1"
"5627","TCCTCAATCACCGGTA-1"
"5628","TCCTCAATCATGGCCA-1"
"5629","TCCTCAATCATGGTGT-1"
"5630","TCCTCAATCCTAATAG-1"
"5631","TCCTCAATCCTCCTAA-1"
"5632","TCCTCAATCGTGCCTT-1"
"5633","TCCTCAATCTTCAATC-1"
"5634","TCCTCACAGACTTATG-1"
"5635","TCCTCACAGATGCCTG-1"
"5636","TCCTCACAGCACGTTG-1"
"5637","TCCTCACAGCAGCTAT-1"
"5638","TCCTCACAGGAACGCG-1"
"5639","TCCTCACAGGAGGCAT-1"
"5640","TCCTCACAGGCGGGTA-1"
"5641","TCCTCTAAGAGGAGTC-1"
"5642","TCCTCTAAGCGGATAA-1"
"5643","TCCTCTAAGCTGCACA-1"
"5644","TCCTCTAAGGACTAAG-1"
"5645","TCCTCTAAGGGATTAG-1"
"5646","TCCTGGTTCAAAGGCA-1"
"5647","TCCTGGTTCACTAAGC-1"
"5648","TCCTGGTTCATTAGCA-1"
"5649","TCCTGGTTCGCTAGCA-1"
"5650","TCCTGTTCAATTAACC-1"
"5651","TCCTGTTCAATTGACT-1"
"5652","TCCTGTTCAGGTCCTG-1"
"5653","TCCTGTTCATAAGTCT-1"
"5654","TCCTGTTCATAATGTC-1"
"5655","TCCTTAGTCAGCCAAT-1"
"5656","TCCTTAGTCAGTTCCC-1"
"5657","TCCTTAGTCATCCTGC-1"
"5658","TCCTTAGTCCGGCTAA-1"
"5659","TCCTTAGTCCGGTTGA-1"
"5660","TCCTTAGTCTGGCATG-1"
"5661","TCCTTCAAGAACAAGT-1"
"5662","TCCTTCAAGACACCGC-1"
"5663","TCCTTCAAGATAGACG-1"
"5664","TCCTTCAAGCAAGATG-1"
"5665","TCCTTGCAGCGGATTT-1"
"5666","TCCTTGCAGGCAATAG-1"
"5667","TCCTTTACACCTGGTG-1"
"5668","TCCTTTACAGGCTGTT-1"
"5669","TCCTTTACATCCCTCA-1"
"5670","TCGACAAGTGCTAGAC-1"
"5671","TCGATTAAGGTCCAAT-1"
"5672","TCGCATTGTCTTTATG-1"
"5673","TCGCATTGTGTCACGG-1"
"5674","TCGCATTGTTAAGGTT-1"
"5675","TCGCATTGTTACTTGC-1"
"5676","TCGCATTGTTGTGACA-1"
"5677","TCGCCCATCCTGATGG-1"
"5678","TCGCCCATCCTTTACG-1"
"5679","TCGCCCATCGCTCCAT-1"
"5680","TCGCCCATCGTTAGCG-1"
"5681","TCGCGCACAACTAGGG-1"
"5682","TCGCGCACAATTGCGC-1"
"5683","TCGCGCACACATGCTA-1"
"5684","TCGCGCACACCGGCTA-1"
"5685","TCGCGCACAGGGAGCT-1"
"5686","TCGCGCACATCACTTC-1"
"5687","TCGCGCACATTGTTGG-1"
"5688","TCGCTAACAATGCCCG-1"
"5689","TCGCTAACAATTGAAG-1"
"5690","TCGGTAAGTTGCAATG-1"
"5691","TCGGTTACATAAGGAC-1"
"5692","TCGGTTACATTATGAC-1"
"5693","TCGGTTCTCAGGCCTA-1"
"5694","TCGGTTCTCATCAGTA-1"
"5695","TCGGTTCTCATTCATC-1"
"5696","TCGGTTTGTAGCTAGC-1"
"5697","TCGGTTTGTGAATCGC-1"
"5698","TCGGTTTGTGTGAGGA-1"
"5699","TCGTAATCAACTCGCG-1"
"5700","TCGTAATCAACTGGGA-1"
"5701","TCGTAATCACAATGCC-1"
"5702","TCGTAATCACTATGGC-1"
"5703","TCGTAATCAGTAAGTA-1"
"5704","TCGTAATCATCCCGCT-1"
"5705","TCGTCAACACATAACT-1"
"5706","TCGTCAACAGGAACAT-1"
"5707","TCGTGCTTCAAATCGC-1"
"5708","TCGTGCTTCAAGGACA-1"
"5709","TCGTGCTTCCAGCACA-1"
"5710","TCGTGCTTCCTGATGG-1"
"5711","TCGTGCTTCGCTATAA-1"
"5712","TCGTGCTTCGGTAACT-1"
"5713","TCGTGCTTCGTCCTTA-1"
"5714","TCGTGCTTCTAGCGTG-1"
"5715","TCGTTAAAGCAAGATG-1"
"5716","TCGTTAAAGCGCAATT-1"
"5717","TCGTTAAAGTTTGGTA-1"
"5718","TCGTTACGTACCCACC-1"
"5719","TCGTTACGTTGGATAT-1"
"5720","TCGTTAGCAATTGAAG-1"
"5721","TCGTTAGCAGCGCTTG-1"
"5722","TCGTTAGCATTAGCGC-1"
"5723","TCGTTATTCAAAGGCA-1"
"5724","TCGTTATTCATTACTC-1"
"5725","TCGTTTCCAAGTCGCT-1"
"5726","TCGTTTCCAATCCCTT-1"
"5727","TCGTTTCCAGATTCAT-1"
"5728","TCGTTTCCATCCGTAA-1"
"5729","TCTAACCGTCATCAAG-1"
"5730","TCTAACCGTGTGCAAC-1"
"5731","TCTAACCGTTGGTTCT-1"
"5732","TCTAACTTCCCGTTTA-1"
"5733","TCTAACTTCCGGTTGA-1"
"5734","TCTAACTTCCTGAGTG-1"
"5735","TCTAACTTCGATATTG-1"
"5736","TCTAACTTCGTCCTTA-1"
"5737","TCTAACTTCTTGAGGT-1"
"5738","TCTAAGGGTCATTGTC-1"
"5739","TCTAAGGGTGGATGTC-1"
"5740","TCTAATCTCACGCGGT-1"
"5741","TCTAATCTCCCATAAA-1"
"5742","TCTAATCTCCGTGACA-1"
"5743","TCTAATCTCGTGCTTC-1"
"5744","TCTACCTCAATCCCTT-1"
"5745","TCTACCTCATAATCCG-1"
"5746","TCTACTAGTGCTGGTG-1"
"5747","TCTACTAGTTAGAGCC-1"
"5748","TCTACTAGTTAGCGTA-1"
"5749","TCTAGCACAACCCTCC-1"
"5750","TCTAGCACACAATTAC-1"
"5751","TCTAGCACACAGAACG-1"
"5752","TCTAGCACAGGAACCA-1"
"5753","TCTAGCACATTAAAGG-1"
"5754","TCTAGCCTCAAACACC-1"
"5755","TCTAGCGAGGACCTGC-1"
"5756","TCTAGCGAGTTTGTCT-1"
"5757","TCTATGTTCCTCACTA-1"
"5758","TCTATGTTCGCATCCT-1"
"5759","TCTATGTTCTTCAATC-1"
"5760","TCTATGTTCTTGAGGT-1"
"5761","TCTCAAGCATCAGCAC-1"
"5762","TCTCAAGCATGCTCCC-1"
"5763","TCTCAATTCCTGATTT-1"
"5764","TCTCAATTCGGCTATG-1"
"5765","TCTCACCAGATTGAGG-1"
"5766","TCTCACCAGGCCGGAA-1"
"5767","TCTCACCAGGCTTAGT-1"
"5768","TCTCACCAGTCATTAG-1"
"5769","TCTCCTCGTAGCAGCT-1"
"5770","TCTCGCCCAACCCTCC-1"
"5771","TCTCGCCCAGCAAGTG-1"
"5772","TCTCGCCCAGTAGGTG-1"
"5773","TCTGGCTTCAATGACC-1"
"5774","TCTGGCTTCACCATTT-1"
"5775","TCTGGCTTCATTAGCA-1"
"5776","TCTGGCTTCCCGCATT-1"
"5777","TCTGGCTTCCCTGATC-1"
"5778","TCTGGCTTCCGCCTCA-1"
"5779","TCTGTGACAAAGCTCC-1"
"5780","TCTGTGACAACCTAAT-1"
"5781","TCTGTGACAAGCTAAA-1"
"5782","TCTGTGACAAGGTAAC-1"
"5783","TCTGTGACACAGAAAC-1"
"5784","TCTGTGACAGCACGAA-1"
"5785","TCTGTGACAGCATTAT-1"
"5786","TCTGTGACATTGTGGC-1"
"5787","TCTTAGCGTCATGAGC-1"
"5788","TCTTAGTTCACTCAAA-1"
"5789","TCTTAGTTCCCTCAAC-1"
"5790","TCTTAGTTCGTCAAGT-1"
"5791","TCTTCAAGTAAGTCGC-1"
"5792","TCTTCAAGTAGGTTAT-1"
"5793","TCTTCAAGTATTGCAG-1"
"5794","TCTTCAAGTGACATAT-1"
"5795","TCTTCAAGTGATTTGG-1"
"5796","TCTTCAAGTGCTTACT-1"
"5797","TCTTCAAGTTGGGTTA-1"
"5798","TCTTGACGTCACCTAT-1"
"5799","TCTTGACGTGATTTGG-1"
"5800","TCTTGACGTTCCATTA-1"
"5801","TCTTGACGTTCCTGAT-1"
"5802","TCTTGACGTTGACTTC-1"
"5803","TCTTGTCCATAGCGAG-1"
"5804","TCTTGTCCATCAGCAC-1"
"5805","TCTTTGTAGCATTTCT-1"
"5806","TCTTTGTAGGATTGAG-1"
"5807","TCTTTGTAGTCTTGAA-1"
"5808","TCTTTGTAGTTAGTGC-1"
"5809","TGAAACTGTATGGTGC-1"
"5810","TGAAACTGTGCACGCA-1"
"5811","TGAACAACAAACGCGA-1"
"5812","TGAACAACAAGCTTAT-1"
"5813","TGAACAACAGCAAGGC-1"
"5814","TGAACAGAGGCAGGTG-1"
"5815","TGAACAGAGGGCTTAT-1"
"5816","TGAACAGAGGGTCCAC-1"
"5817","TGAACAGAGGTTACAC-1"
"5818","TGAAGCAAGGCCAATT-1"
"5819","TGAAGCAAGTAAGTGG-1"
"5820","TGAAGGATCATAACTG-1"
"5821","TGAAGGATCCCTGACT-1"
"5822","TGAAGGATCGTTAAGC-1"
"5823","TGACCAAGTAGACAAA-1"
"5824","TGACCAAGTCAATACG-1"
"5825","TGACCAAGTCCTAATC-1"
"5826","TGACCAAGTCGTTACT-1"
"5827","TGACCAAGTTACGCGG-1"
"5828","TGACCAAGTTGCTTCG-1"
"5829","TGACCTTGTACGTTTC-1"
"5830","TGACCTTGTAGGTTGC-1"
"5831","TGACCTTGTGGACCTG-1"
"5832","TGACCTTGTGTTTGAG-1"
"5833","TGACTCCTCGCTATAA-1"
"5834","TGACTCCTCTACCTAT-1"
"5835","TGACTTAAGCTTGCTC-1"
"5836","TGACTTAAGGGATGAC-1"
"5837","TGACTTAAGTTGGCCA-1"
"5838","TGACTTAAGTTGTCTT-1"
"5839","TGACTTCGTGCTCCGT-1"
"5840","TGAGAACCAAGGATTA-1"
"5841","TGAGAACCAGAGGGAG-1"
"5842","TGAGAACCAGGCGATA-1"
"5843","TGAGAACCATCCGTAA-1"
"5844","TGAGCAAAGCCATCAG-1"
"5845","TGAGCAAAGGCGCACT-1"
"5846","TGAGCAAAGGCGTAAA-1"
"5847","TGAGCAAAGGTTTGAC-1"
"5848","TGAGCAAAGTGAGGTA-1"
"5849","TGAGCACGTAGCTAAT-1"
"5850","TGAGCACGTCCTAAGA-1"
"5851","TGAGCACGTTACTTCA-1"
"5852","TGAGCACGTTGGGTTA-1"
"5853","TGAGCCGGTACCTTAC-1"
"5854","TGAGCCGGTGTTGCAA-1"
"5855","TGAGCCGGTGTTTGCT-1"
"5856","TGAGCCGGTTATCCGT-1"
"5857","TGAGCTTAGCTGTAAC-1"
"5858","TGAGCTTAGGACAATG-1"
"5859","TGAGCTTAGTTTAACG-1"
"5860","TGAGGAGGTAATGGCC-1"
"5861","TGAGGAGGTTTGGCTT-1"
"5862","TGAGGCACAAAGGTAC-1"
"5863","TGAGGCACACAGGAAT-1"
"5864","TGAGGCACACTTCATC-1"
"5865","TGAGGCACAGCAAATA-1"
"5866","TGAGGCACATAATGTC-1"
"5867","TGAGGCACATTAGCCA-1"
"5868","TGAGGGAGTACGCGCA-1"
"5869","TGAGGGAGTCCTAGTT-1"
"5870","TGAGGGAGTTAGAGCC-1"
"5871","TGAGGGCCAAGCGATG-1"
"5872","TGAGGGCCACAGACTC-1"
"5873","TGAGGGCCATCCTAGA-1"
"5874","TGAGGTGCAATTTGGT-1"
"5875","TGAGGTGCATCCGTAA-1"
"5876","TGAGTGAAGTCAATTG-1"
"5877","TGAGTTTCAATCCTGA-1"
"5878","TGAGTTTCACTTAGGC-1"
"5879","TGAGTTTCAGCAAGGC-1"
"5880","TGAGTTTCAGCATGTC-1"
"5881","TGAGTTTCATGCTATG-1"
"5882","TGAGTTTCATGTCAGC-1"
"5883","TGATCAATCCCTCATA-1"
"5884","TGATCACAGAATGACG-1"
"5885","TGATCACAGCCATCAG-1"
"5886","TGATCACAGCGATACT-1"
"5887","TGATCACAGCGCTCAA-1"
"5888","TGATCACAGGACACTT-1"
"5889","TGATCACAGTAAGTGG-1"
"5890","TGATCACAGTTCCTCA-1"
"5891","TGATCAGGTCCGTAGG-1"
"5892","TGATCCTGTAGGTGTC-1"
"5893","TGATCCTGTCATAAGT-1"
"5894","TGATCCTGTCCGCTGT-1"
"5895","TGATCGAGTAATCGCA-1"
"5896","TGATCGAGTCCTAAGA-1"
"5897","TGATCGAGTGACATAT-1"
"5898","TGATCGAGTGCTCACC-1"
"5899","TGATGAACAAACTAAG-1"
"5900","TGATGAACAGTATGTT-1"
"5901","TGATGACTCGGGCCAT-1"
"5902","TGATGATGTACCTTAC-1"
"5903","TGATGATGTGTCCAAA-1"
"5904","TGATGATGTTATCCTA-1"
"5905","TGATTAGTCAAATCGC-1"
"5906","TGATTAGTCATCGTTT-1"
"5907","TGATTAGTCATTACAG-1"
"5908","TGATTAGTCCGCCTCA-1"
"5909","TGATTAGTCTAGCGAT-1"
"5910","TGATTAGTCTTTAGGA-1"
"5911","TGATTCAAGACAACAG-1"
"5912","TGATTGCAGATGCCTG-1"
"5913","TGCAAGCGTGATGGCT-1"
"5914","TGCAAGCGTGTTGTAG-1"
"5915","TGCAAGCGTTACGCAA-1"
"5916","TGCAAGCGTTGAATCG-1"
"5917","TGCAATATCAATTACG-1"
"5918","TGCAATATCATTTGTC-1"
"5919","TGCAATATCCTGATTT-1"
"5920","TGCAATATCTTTGAGA-1"
"5921","TGCACACCACAATTAC-1"
"5922","TGCACACCATGAATAG-1"
"5923","TGCACCTTCGAAGCGG-1"
"5924","TGCACCTTCTCAATGA-1"
"5925","TGCACCTTCTGGCAAT-1"
"5926","TGCACTTGTCAATGTG-1"
"5927","TGCACTTGTCGACTCC-1"
"5928","TGCAGGCTCAAGCTTA-1"
"5929","TGCAGGCTCCCGTTAC-1"
"5930","TGCAGGCTCCCTCTAA-1"
"5931","TGCAGGCTCGCAACAT-1"
"5932","TGCAGGCTCGCACAAT-1"
"5933","TGCAGGCTCGCTCACT-1"
"5934","TGCATCCTCCAAACAC-1"
"5935","TGCATCCTCCCTGACT-1"
"5936","TGCATCCTCGATAACC-1"
"5937","TGCATCCTCTACCTAT-1"
"5938","TGCATGAGTAACCTAG-1"
"5939","TGCATGAGTAACGAGG-1"
"5940","TGCATGAGTAGCCTAA-1"
"5941","TGCATGAGTCAATGTG-1"
"5942","TGCATGAGTCATGCAA-1"
"5943","TGCATGAGTGCATTAG-1"
"5944","TGCATGAGTGTGAGGA-1"
"5945","TGCATGAGTTGCCTCA-1"
"5946","TGCATGAGTTGGGTTA-1"
"5947","TGCATTAAGATTCCTT-1"
"5948","TGCATTAAGCAAGGGT-1"
"5949","TGCATTAAGCGAGTAA-1"
"5950","TGCATTAAGCTCCTTA-1"
"5951","TGCATTAAGTTCCCAC-1"
"5952","TGCATTAAGTTTGGGT-1"
"5953","TGCCATTGTCAATGTG-1"
"5954","TGCCATTGTCCTGATT-1"
"5955","TGCCATTGTCGTTACT-1"
"5956","TGCCATTGTGCACGCA-1"
"5957","TGCCATTGTGGTTATG-1"
"5958","TGCCATTGTTAGGTGC-1"
"5959","TGCCGGTAGACTTACA-1"
"5960","TGCCGGTAGAGAGGCT-1"
"5961","TGCCGGTAGGCTACAT-1"
"5962","TGCCGGTAGGTACCGC-1"
"5963","TGCCTGTTCACCTGTC-1"
"5964","TGCGATTAGCAACATC-1"
"5965","TGCGATTAGCACTTGG-1"
"5966","TGCGATTAGCTTACTT-1"
"5967","TGCGATTAGCTTTGTT-1"
"5968","TGCGATTAGGGTGAGT-1"
"5969","TGCGATTAGGTGAGAC-1"
"5970","TGCGATTAGTAACGAG-1"
"5971","TGCGCAGGTAACTACG-1"
"5972","TGCGCAGGTGACATGC-1"
"5973","TGCGCAGGTTACCGGG-1"
"5974","TGCGCAGGTTAGCCAA-1"
"5975","TGCGGTTCAAATACCT-1"
"5976","TGCGGTTCAACGTGCT-1"
"5977","TGCGGTTCAAGGTGCA-1"
"5978","TGCGGTTCAATAGCCC-1"
"5979","TGCGGTTCACAGGAAT-1"
"5980","TGCGGTTCACGTTACA-1"
"5981","TGCGGTTCACTTACAG-1"
"5982","TGCGGTTCAGTTATCG-1"
"5983","TGCGGTTCATGAAGTA-1"
"5984","TGCGGTTCATGACTAT-1"
"5985","TGCTAACAGAAACTGG-1"
"5986","TGCTAACAGCAGGTGG-1"
"5987","TGCTAACAGGTGTCCA-1"
"5988","TGCTAACAGTAGGATG-1"
"5989","TGCTAGCCAACCTGGT-1"
"5990","TGCTAGCCAAGGTCCT-1"
"5991","TGCTAGCCACTAAGCC-1"
"5992","TGCTAGCCAGGCTAGA-1"
"5993","TGCTAGCCATCGCTCC-1"
"5994","TGCTATGCAATTGAAG-1"
"5995","TGCTCAACAAGTTATC-1"
"5996","TGCTCAACAATAATCC-1"
"5997","TGCTCAACACCTATAG-1"
"5998","TGCTCAACAGGCCAAA-1"
"5999","TGCTCAACATATAACC-1"
"6000","TGCTCCGTCCGCAAAT-1"
"6001","TGCTCTCAGCTCCCTG-1"
"6002","TGCTGGATCAATTACG-1"
"6003","TGCTGGATCCGTGACA-1"
"6004","TGCTGGATCGGGACCT-1"
"6005","TGCTGGATCTGGCTTC-1"
"6006","TGCTTAAAGCCAAATC-1"
"6007","TGCTTAAAGCCTGACA-1"
"6008","TGCTTAAAGGCATTAC-1"
"6009","TGCTTAAAGGTCCGTA-1"
"6010","TGCTTAAAGTTTCCTG-1"
"6011","TGCTTCATCGGTTTCC-1"
"6012","TGCTTCATCTAAGTCA-1"
"6013","TGCTTCATCTCAATTC-1"
"6014","TGCTTCCAGGCGCATC-1"
"6015","TGCTTCCAGTACCGCA-1"
"6016","TGCTTCCAGTATCGCG-1"
"6017","TGCTTCCAGTCTATGA-1"
"6018","TGCTTGCTCCGTCCAT-1"
"6019","TGCTTGCTCCTAATGA-1"
"6020","TGCTTGCTCTAACTGA-1"
"6021","TGCTTGCTCTGCAAAC-1"
"6022","TGCTTGTGTCTTTATG-1"
"6023","TGCTTTAGTCATAGAT-1"
"6024","TGGAACAAGCGAAGTA-1"
"6025","TGGAACAAGCGAGTAA-1"
"6026","TGGAACAAGGAGTCGG-1"
"6027","TGGAACAAGGTCAAAG-1"
"6028","TGGAACAAGTGAAGTG-1"
"6029","TGGACAAAGACAACGA-1"
"6030","TGGACAAAGCTCAATA-1"
"6031","TGGACAAAGCTGTCAG-1"
"6032","TGGACAAAGGACAACA-1"
"6033","TGGACCGGTAGCTAAT-1"
"6034","TGGACCGGTCCTAGTT-1"
"6035","TGGACCGGTGATCATG-1"
"6036","TGGACCGGTGGCTTCC-1"
"6037","TGGACCGGTTAGAGGG-1"
"6038","TGGACCGGTTTCGCGC-1"
"6039","TGGACGGAGAGGATAT-1"
"6040","TGGACGGAGATAACCC-1"
"6041","TGGACGGAGCATTTCT-1"
"6042","TGGACGGAGCTAAGTC-1"
"6043","TGGACGGAGTAAGTGG-1"
"6044","TGGACGGAGTAGAGGC-1"
"6045","TGGACTAGTACAATGT-1"
"6046","TGGACTAGTGCTCCAC-1"
"6047","TGGATTCAGAGGAAGG-1"
"6048","TGGATTCAGAGGAGGA-1"
"6049","TGGATTCAGCGCCTTT-1"
"6050","TGGATTCAGCTTAACA-1"
"6051","TGGATTCAGGACAATG-1"
"6052","TGGATTCAGGCGGGTA-1"
"6053","TGGATTCAGTGAGGGT-1"
"6054","TGGATTGGTCCGTGAG-1"
"6055","TGGATTGGTTCATTTG-1"
"6056","TGGCCAATCTCACAAA-1"
"6057","TGGCCATCACAAACTT-1"
"6058","TGGCCATCAGGAACAT-1"
"6059","TGGCCATCATAGGCGA-1"
"6060","TGGCCATCATCCCTCA-1"
"6061","TGGCCTGCAACTAGCC-1"
"6062","TGGCCTGCAGTAAGTA-1"
"6063","TGGCCTGCATGTCAAT-1"
"6064","TGGCCTTTCCGCCTAT-1"
"6065","TGGCCTTTCGTCAAGT-1"
"6066","TGGCGGTTCATGACCG-1"
"6067","TGGCGGTTCATTGCAA-1"
"6068","TGGCGGTTCCCTTGCG-1"
"6069","TGGCTAAGTCCCGGAA-1"
"6070","TGGCTAAGTTCCTGAT-1"
"6071","TGGCTATAGGAACGGT-1"
"6072","TGGCTATAGGATCACT-1"
"6073","TGGCTATAGTACTGGT-1"
"6074","TGGCTTTGTACCGTAA-1"
"6075","TGGCTTTGTCATTGTC-1"
"6076","TGGGCATGTCAAGTAT-1"
"6077","TGGGCATGTCTTGCAT-1"
"6078","TGGGCATGTGTTGTAG-1"
"6079","TGGGCATGTTCCTGTG-1"
"6080","TGGGCATGTTTGAGGC-1"
"6081","TGGGCCTAGCACTTGG-1"
"6082","TGGGCCTAGCTTCTCA-1"
"6083","TGGGCCTAGGAACACA-1"
"6084","TGGGCCTAGGACCGCT-1"
"6085","TGGGCCTAGGGACTAA-1"
"6086","TGGGCCTAGGGCTTTG-1"
"6087","TGGGCCTAGTGAAGTG-1"
"6088","TGGTAAACAACCCTCC-1"
"6089","TGGTAAACACCAAAGG-1"
"6090","TGGTAAACATAAGGAC-1"
"6091","TGGTAAACATTGTGAT-1"
"6092","TGGTCAAGTTACATCC-1"
"6093","TGGTCAAGTTAGCGTA-1"
"6094","TGGTCAGTCAAGCTTA-1"
"6095","TGGTCATAGCTATTGA-1"
"6096","TGGTCCTTCATCGTTT-1"
"6097","TGGTGATTCAAGCGCC-1"
"6098","TGGTGATTCAATGACC-1"
"6099","TGGTGATTCACGCCAA-1"
"6100","TGGTGATTCCCTGATC-1"
"6101","TGGTGATTCTGCAAGT-1"
"6102","TGGTGCATCCTTAAGA-1"
"6103","TGGTGCATCGTTAGTA-1"
"6104","TGGTTAATCCTCACAC-1"
"6105","TGGTTAATCCTTAAGA-1"
"6106","TGGTTAATCGCTCCAT-1"
"6107","TGGTTCCTCAAGCTTA-1"
"6108","TGGTTCCTCCGCAAAT-1"
"6109","TGGTTCCTCCTAAGTA-1"
"6110","TGGTTCCTCCTCAGTC-1"
"6111","TGGTTCTGTATTGCAG-1"
"6112","TGGTTCTGTTTAACCC-1"
"6113","TGGTTGAGTACCGTTT-1"
"6114","TGGTTGAGTAGCTAAT-1"
"6115","TGGTTGAGTAGTAAGA-1"
"6116","TGGTTGAGTCACGGAT-1"
"6117","TGGTTGAGTCATTGTC-1"
"6118","TGGTTGAGTGTTGTGA-1"
"6119","TGGTTGAGTTCAAGCA-1"
"6120","TGTAAAGCAAACGCGA-1"
"6121","TGTAAAGCAAGGTATA-1"
"6122","TGTAAAGCAATTAGGA-1"
"6123","TGTAAAGCACAGGATG-1"
"6124","TGTAAAGCAGACAAAC-1"
"6125","TGTAAAGCAGGAATCG-1"
"6126","TGTAAAGCAGGCTACT-1"
"6127","TGTAAAGCATAATCCG-1"
"6128","TGTAAAGCATTGCAGC-1"
"6129","TGTAACTCAAGGTACG-1"
"6130","TGTAACTCACAATACT-1"
"6131","TGTAACTCACATACTG-1"
"6132","TGTAACTCAGCTTAGC-1"
"6133","TGTAACTCATAGACTT-1"
"6134","TGTAAGCTCATTGTTC-1"
"6135","TGTAAGTGTAGCTGCG-1"
"6136","TGTAAGTGTAGGTGTC-1"
"6137","TGTAAGTGTCTAACAG-1"
"6138","TGTAAGTGTTAAATGC-1"
"6139","TGTAAGTGTTTATCTG-1"
"6140","TGTAATGTCAATGTGC-1"
"6141","TGTAATGTCAGGCTAT-1"
"6142","TGTAATGTCATCCTCA-1"
"6143","TGTAATGTCTATCGCC-1"
"6144","TGTATCCGTCAAGTGC-1"
"6145","TGTATCCGTCGACTCC-1"
"6146","TGTATCCGTGCATTAG-1"
"6147","TGTATCCGTTTATCTG-1"
"6148","TGTATCGCAAAGCGCA-1"
"6149","TGTATCGCAATAGTCT-1"
"6150","TGTATCGCAGGCTTCG-1"
"6151","TGTATCGCATAATCGT-1"
"6152","TGTATCGCATGGAGGC-1"
"6153","TGTCAATCAATTGACT-1"
"6154","TGTCAATCACTAGCGT-1"
"6155","TGTCAATCACTAGGTC-1"
"6156","TGTCAATCACTCGCTC-1"
"6157","TGTCAGTAGTGGACAA-1"
"6158","TGTCATAAGACAGGTA-1"
"6159","TGTCATAAGGCCTAAT-1"
"6160","TGTCATAAGGCTGTCA-1"
"6161","TGTCATAAGGTTTACA-1"
"6162","TGTCCTGGTTAGCCAA-1"
"6163","TGTCCTGGTTCTTTAG-1"
"6164","TGTCCTGGTTTCGCCA-1"
"6165","TGTCCTTCACAGAAAC-1"
"6166","TGTCCTTCACCTAATG-1"
"6167","TGTCCTTCAGCAAGGC-1"
"6168","TGTCCTTCATTGCGTA-1"
"6169","TGTGAAACAGTAGGAT-1"
"6170","TGTGATCAGCCTCTGT-1"
"6171","TGTGATCAGGGACTAA-1"
"6172","TGTGCAAGTCTATCGT-1"
"6173","TGTGCAAGTTAGCCAA-1"
"6174","TGTGCACCAACTGGCT-1"
"6175","TGTGCACCACCTCGCT-1"
"6176","TGTGCACCATTAGGCC-1"
"6177","TGTGCGCAGACAAACG-1"
"6178","TGTGCGCAGTATTGCA-1"
"6179","TGTGCGCAGTGAGGTA-1"
"6180","TGTGCGGGTGAAGCCT-1"
"6181","TGTGCGGGTGGACCTG-1"
"6182","TGTGCGGGTTCACCCA-1"
"6183","TGTGCGGGTTGGTTAG-1"
"6184","TGTGCTGAGCATTTCT-1"
"6185","TGTGCTGAGCTATGAC-1"
"6186","TGTGCTGAGTAAACCC-1"
"6187","TGTGGAGCAATAATCC-1"
"6188","TGTGGAGCACGAATCC-1"
"6189","TGTGGAGCAGGAACCA-1"
"6190","TGTGGAGCAGGTATTT-1"
"6191","TGTGGAGCAGTTTGGC-1"
"6192","TGTGGAGCATCTAGCA-1"
"6193","TGTGGCCAGCACCACA-1"
"6194","TGTGGCCAGGCAAGTA-1"
"6195","TGTGGCCAGGCTATGT-1"
"6196","TGTGGCCAGGTACCGC-1"
"6197","TGTGGCCAGGTTACGT-1"
"6198","TGTGGCGGTAAGCTTG-1"
"6199","TGTGGCGGTAATCGGC-1"
"6200","TGTGGCGGTAGGATTT-1"
"6201","TGTGGCGGTCATTACC-1"
"6202","TGTGGCGGTCCTAGTT-1"
"6203","TGTGGCGGTCGACTAA-1"
"6204","TGTGGCTCAACGTGCT-1"
"6205","TGTGGCTCACATTAAC-1"
"6206","TGTGGCTCAGCAAGTG-1"
"6207","TGTGGCTCAGCTCAAC-1"
"6208","TGTGGCTCAGTAGGAT-1"
"6209","TGTGTGAGTAGGTTTG-1"
"6210","TGTGTGAGTCCTAACT-1"
"6211","TGTGTGAGTGTCCAGG-1"
"6212","TGTGTTAAGACAACAG-1"
"6213","TGTGTTAAGCATCCAG-1"
"6214","TGTGTTAAGGCACAGG-1"
"6215","TGTGTTAAGGCTACTG-1"
"6216","TGTTACTTCCTTAGTT-1"
"6217","TGTTAGCAGGACAACA-1"
"6218","TGTTATGAGCACAGCC-1"
"6219","TGTTATGAGTCACCTC-1"
"6220","TGTTCATTCCGCCAAA-1"
"6221","TGTTCATTCTATGACA-1"
"6222","TGTTCATTCTTCAATC-1"
"6223","TGTTCCTCAATTGCGC-1"
"6224","TGTTCCTCAGCACCAT-1"
"6225","TGTTCCTCATGGCCTG-1"
"6226","TGTTGCACAAATATCC-1"
"6227","TGTTGCACACCAACCG-1"
"6228","TGTTGCACAGGTTAAA-1"
"6229","TGTTGCACAGGTTCAC-1"
"6230","TGTTGGCCAGCTCATA-1"
"6231","TGTTGTAAGCCAGTAT-1"
"6232","TGTTGTAAGCTGAGGG-1"
"6233","TGTTGTAAGGAGGGTT-1"
"6234","TGTTGTAAGGCGGATG-1"
"6235","TGTTGTAAGGGATGAC-1"
"6236","TGTTGTAAGTAGAGGC-1"
"6237","TGTTGTGCAACCCTCC-1"
"6238","TGTTGTGCAAGTGAAC-1"
"6239","TGTTGTGCAATAGTCT-1"
"6240","TGTTGTGCAATATGGA-1"
"6241","TGTTGTGCAGGCTTCG-1"
"6242","TGTTGTGCATTGTCCT-1"
"6243","TGTTGTTTCGTTTCTG-1"
"6244","TGTTTGTTCAAGACTC-1"
"6245","TGTTTGTTCTCCATAT-1"
"6246","TTAAAGGCAAACCTTG-1"
"6247","TTAAAGGCAATAATGG-1"
"6248","TTAAAGGCACTAAGAA-1"
"6249","TTAACCAAGAAGGTGC-1"
"6250","TTAACCAAGCACGATT-1"
"6251","TTAACCAAGCATGTTA-1"
"6252","TTAACCAAGCTATTAG-1"
"6253","TTAACTGAGAAACTGG-1"
"6254","TTAACTGAGCTAATCA-1"
"6255","TTAACTGAGCTTGCTC-1"
"6256","TTAACTGAGGAGCATA-1"
"6257","TTAAGCCAGATAGACG-1"
"6258","TTAAGCCAGGAATAAC-1"
"6259","TTAAGCCAGTACCGCA-1"
"6260","TTAAGGACAGTTTGTG-1"
"6261","TTAAGGTGTAGCTGCG-1"
"6262","TTAAGGTGTCCTTAGT-1"
"6263","TTAAGGTGTCCTTCTC-1"
"6264","TTAAGGTGTCTAACAG-1"
"6265","TTAAGGTGTGACATAT-1"
"6266","TTAAGTGTCATGAAGG-1"
"6267","TTAAGTGTCGCAGGCT-1"
"6268","TTAAGTGTCTTGCAAA-1"
"6269","TTAATCGAGAACAAGT-1"
"6270","TTAATCGAGGAGCACG-1"
"6271","TTAATCGAGGTGTTAC-1"
"6272","TTAATCGAGTAAGAAC-1"
"6273","TTAATCGAGTCACTCC-1"
"6274","TTAATCGAGTGAACGA-1"
"6275","TTACACCGTAATAACC-1"
"6276","TTACACCGTTGCAATG-1"
"6277","TTACAGCAGACAAACG-1"
"6278","TTACAGCAGCTAATTG-1"
"6279","TTACCGTGTCAGGCAT-1"
"6280","TTACCGTGTTAAGGCC-1"
"6281","TTACCGTGTTGGCCGA-1"
"6282","TTACCTGTCACCTGTC-1"
"6283","TTACCTGTCCCGTTGT-1"
"6284","TTACCTGTCTTGCTAT-1"
"6285","TTACGTTTCACGCATG-1"
"6286","TTACGTTTCATCCTAT-1"
"6287","TTACGTTTCTCATCAT-1"
"6288","TTACGTTTCTGCAAGT-1"
"6289","TTAGAAGCACGTAATT-1"
"6290","TTAGAAGCAGAAATTG-1"
"6291","TTAGAAGCAGCAAGGC-1"
"6292","TTAGAAGCAGTTTGGC-1"
"6293","TTAGACTCACAACAAA-1"
"6294","TTAGACTCACCTCGCT-1"
"6295","TTAGACTCATTCCTCG-1"
"6296","TTAGCAATCATGTGGT-1"
"6297","TTAGCAATCCTAGTTT-1"
"6298","TTAGCAATCGAGGTGG-1"
"6299","TTAGCAGGTACCTTAC-1"
"6300","TTAGCAGGTCCTAGTT-1"
"6301","TTAGCAGGTCGCAATA-1"
"6302","TTAGCAGGTTAGGCGT-1"
"6303","TTAGCAGGTTTGTCTA-1"
"6304","TTAGCCTGTTAGCTGA-1"
"6305","TTAGCGGTCCACCTTA-1"
"6306","TTAGCGGTCCTAGTAA-1"
"6307","TTAGCGGTCTAAGGTC-1"
"6308","TTAGCGGTCTCAATAG-1"
"6309","TTAGCGGTCTTGGACG-1"
"6310","TTAGCTGCAAATGCCC-1"
"6311","TTAGCTGCACAGAACG-1"
"6312","TTAGCTGCACCTCACC-1"
"6313","TTAGCTGCAGAAATGC-1"
"6314","TTAGCTGCAGCAAGTG-1"
"6315","TTAGCTGCATCGCTCC-1"
"6316","TTAGGAACAACTAGGG-1"
"6317","TTAGGAACATAATGTC-1"
"6318","TTAGGATGTAAAGCGG-1"
"6319","TTAGGATGTAGGTTAT-1"
"6320","TTAGGATGTCAGGCCA-1"
"6321","TTAGGATGTTAAGTGT-1"
"6322","TTAGGCCCAACAGGAT-1"
"6323","TTAGGCCCAACCTGGT-1"
"6324","TTAGGCCCAATCTCTC-1"
"6325","TTAGGCCCACCAACCG-1"
"6326","TTAGGCCCATGCAACC-1"
"6327","TTAGGCGTCATCCTGC-1"
"6328","TTAGGCGTCCTAAGTA-1"
"6329","TTAGGCGTCGGTTTCC-1"
"6330","TTAGGCGTCGTTCACC-1"
"6331","TTAGGCTAGAGAAGGG-1"
"6332","TTAGGCTAGCCTCTCG-1"
"6333","TTAGGCTAGGCGCACT-1"
"6334","TTAGGCTAGGGCCACT-1"
"6335","TTAGTCAAGAAAGGAA-1"
"6336","TTAGTCAAGCTGTCAG-1"
"6337","TTAGTCAAGGAACGCG-1"
"6338","TTAGTCAAGGGATGCG-1"
"6339","TTAGTCAAGGGTCTAT-1"
"6340","TTAGTCAAGTGGACAA-1"
"6341","TTATAGCCATCCAGGT-1"
"6342","TTATCCGTCACACAGT-1"
"6343","TTATCCGTCATTGTCT-1"
"6344","TTATCCGTCCAGCACA-1"
"6345","TTATCCGTCCTTCAAT-1"
"6346","TTATCCTAGAAAGCAT-1"
"6347","TTATCCTAGGACTTAC-1"
"6348","TTATGACCAATTATGC-1"
"6349","TTATGACCATCCTAGA-1"
"6350","TTATGACCATGCTATG-1"
"6351","TTATGACCATGTTGGC-1"
"6352","TTATGCGCAGGAACCA-1"
"6353","TTATGCGCATTAGCCA-1"
"6354","TTATTGCTCAATAGCC-1"
"6355","TTATTGCTCTGCAAGT-1"
"6356","TTATTGCTCTGTGCCT-1"
"6357","TTCAACCGTTAACGAT-1"
"6358","TTCAACCGTTAGAGCC-1"
"6359","TTCACTGTCCTCATGC-1"
"6360","TTCACTGTCCTGATTT-1"
"6361","TTCACTGTCTAACCAA-1"
"6362","TTCAGCACAAACTCAT-1"
"6363","TTCAGCACAATAACGA-1"
"6364","TTCAGCACACGGTACT-1"
"6365","TTCAGCACATTGGGAG-1"
"6366","TTCAGGTAGACAACAG-1"
"6367","TTCAGGTAGATTGAGG-1"
"6368","TTCAGGTAGGAGTAAT-1"
"6369","TTCAGTTTCAGGCCTA-1"
"6370","TTCAGTTTCATGCTCC-1"
"6371","TTCAGTTTCCAATTAG-1"
"6372","TTCAGTTTCCCGTTTA-1"
"6373","TTCAGTTTCCGGCTAA-1"
"6374","TTCATCCCAAACTGCC-1"
"6375","TTCATCCCAAGGTATA-1"
"6376","TTCATCCCACAACCTA-1"
"6377","TTCATCCCACCAACCG-1"
"6378","TTCATCCCAGTTTGGC-1"
"6379","TTCATCCCATAATGTC-1"
"6380","TTCATCCCATCCGTAA-1"
"6381","TTCATCCCATTGTGCA-1"
"6382","TTCATTCAGCCAGGTC-1"
"6383","TTCATTCAGCTTATGA-1"
"6384","TTCATTCAGCTTCTCA-1"
"6385","TTCATTCAGGGATTAG-1"
"6386","TTCATTCAGGTTTGCG-1"
"6387","TTCCACGGTGTGTCCC-1"
"6388","TTCCACGGTTCCGGGA-1"
"6389","TTCCCACAGACAAGTG-1"
"6390","TTCCCACAGACTTACA-1"
"6391","TTCCCACAGTATTGGC-1"
"6392","TTCCCGCCAACCGCCA-1"
"6393","TTCCCGCCACGAATCC-1"
"6394","TTCCCGCCAGCTAATT-1"
"6395","TTCCCGCCATCATGGC-1"
"6396","TTCCTCAAGAGGGACT-1"
"6397","TTCCTCAAGTATGTGC-1"
"6398","TTCCTTCTCACGCCAA-1"
"6399","TTCCTTCTCATTTAGG-1"
"6400","TTCCTTGAGACTCGCA-1"
"6401","TTCCTTGAGAGCCGCT-1"
"6402","TTCCTTGAGTAACAGG-1"
"6403","TTCCTTGAGTCACTAA-1"
"6404","TTCCTTGAGTCTCACC-1"
"6405","TTCGCAACACTTACAG-1"
"6406","TTCGCAACAGGATGGC-1"
"6407","TTCGCAACATAACGGG-1"
"6408","TTCGCAACATTTGCTC-1"
"6409","TTCGGTACAATGAATG-1"
"6410","TTCGGTACACAAAGGT-1"
"6411","TTCGGTACAGCTCATA-1"
"6412","TTCGGTACATGAGTTT-1"
"6413","TTCGTGCTCCCGCCTA-1"
"6414","TTCGTGCTCCGCAACA-1"
"6415","TTCGTGCTCTCCTCAA-1"
"6416","TTCGTTAGTAAGCTTG-1"
"6417","TTCGTTAGTAGGTGTC-1"
"6418","TTCGTTAGTCATTGTC-1"
"6419","TTCGTTAGTTACTTCA-1"
"6420","TTCGTTAGTTTCAGGA-1"
"6421","TTCTTAGGTAACCAGC-1"
"6422","TTCTTAGGTAACTACG-1"
"6423","TTCTTAGGTTAGGTGC-1"
"6424","TTCTTAGGTTCCAGGG-1"
"6425","TTGACATCAAGGTGGC-1"
"6426","TTGACATCACATTAAC-1"
"6427","TTGACATCAGGCAAGC-1"
"6428","TTGACTAAGCTCGCTT-1"
"6429","TTGACTAAGTATTGGC-1"
"6430","TTGACTAAGTGAGCAA-1"
"6431","TTGAGCTAGTAAGGGC-1"
"6432","TTGAGGCGTAAGCTCA-1"
"6433","TTGAGGCGTCATAACG-1"
"6434","TTGAGGCGTGAGAAAC-1"
"6435","TTGATGTCAAGCTACC-1"
"6436","TTGATGTCAGCAGGTA-1"
"6437","TTGATGTCAGTACCGT-1"
"6438","TTGATGTCATCTAGCA-1"
"6439","TTGCAACAGACCATAC-1"
"6440","TTGCAACAGTAACAGG-1"
"6441","TTGCAAGGTCACAAAT-1"
"6442","TTGCAATCAAACCTAT-1"
"6443","TTGCAATCAAAGCGGC-1"
"6444","TTGCAATCAATCCTGA-1"
"6445","TTGCAATCACGGTTTA-1"
"6446","TTGCAATCATTTGCTC-1"
"6447","TTGCACACAAGCTAAA-1"
"6448","TTGCACACACATTGCA-1"
"6449","TTGCACACAGTTGCGT-1"
"6450","TTGCACACATAGTCAT-1"
"6451","TTGCAGCCAAGGAATC-1"
"6452","TTGCAGCCAAGGACCA-1"
"6453","TTGCAGCCACGTGCTG-1"
"6454","TTGCAGCCAGTAATAG-1"
"6455","TTGCAGCCATGAATAG-1"
"6456","TTGCATTTCATGAAGG-1"
"6457","TTGCATTTCCGGAACC-1"
"6458","TTGCATTTCGCAATCG-1"
"6459","TTGCATTTCGTTATCT-1"
"6460","TTGCCCGTCATTTGTC-1"
"6461","TTGCCCGTCCCTCAGT-1"
"6462","TTGCGAGTCATCCTCA-1"
"6463","TTGCGAGTCATGCATA-1"
"6464","TTGCGAGTCCCTCATA-1"
"6465","TTGCGAGTCGCTCACT-1"
"6466","TTGCGTCTCAAGGACA-1"
"6467","TTGCGTCTCAATCTAG-1"
"6468","TTGCGTCTCACAGCCA-1"
"6469","TTGCGTCTCATGCTAA-1"
"6470","TTGCGTCTCCGCCTAT-1"
"6471","TTGCGTCTCCGGTTGA-1"
"6472","TTGCGTCTCGTGCTTC-1"
"6473","TTGCGTCTCGTTACAA-1"
"6474","TTGCTCTCACTTACAG-1"
"6475","TTGCTCTCATTCAGCA-1"
"6476","TTGCTTAGTAGCTAGC-1"
"6477","TTGCTTAGTGTGTGGT-1"
"6478","TTGCTTAGTTAGGACC-1"
"6479","TTGCTTAGTTCAAGAT-1"
"6480","TTGCTTTAGCATGTCG-1"
"6481","TTGCTTTAGGCATGAA-1"
"6482","TTGCTTTAGTGAGGGT-1"
"6483","TTGGAGGCACAATGCC-1"
"6484","TTGGAGGCATGAGTTT-1"
"6485","TTGGATATCATAACGC-1"
"6486","TTGGATATCATAGACC-1"
"6487","TTGGATATCGCCTAAG-1"
"6488","TTGGATATCGCTAGCA-1"
"6489","TTGGATCAGAACCTAC-1"
"6490","TTGGATCAGCAAGGTA-1"
"6491","TTGGATCAGCACGATT-1"
"6492","TTGGATCAGGACAATG-1"
"6493","TTGGATCAGGTGTTAC-1"
"6494","TTGGATCAGTAAGAAC-1"
"6495","TTGGATTCAATCCTGA-1"
"6496","TTGGATTCAGGGAGGA-1"
"6497","TTGGATTCAGTTAGCC-1"
"6498","TTGGCGGGTAACGTGC-1"
"6499","TTGGCGGGTCCGGTTC-1"
"6500","TTGGCGGGTGGTTAGC-1"
"6501","TTGGCTGAGCCGCTAA-1"
"6502","TTGGCTGAGCGAAGTA-1"
"6503","TTGGCTGAGCGAGTAA-1"
"6504","TTGGCTGAGGAGCACG-1"
"6505","TTGGCTGAGGTCCAAT-1"
"6506","TTGGCTTGTACTGAAT-1"
"6507","TTGGCTTGTCAAAGAA-1"
"6508","TTGGCTTGTTAGCAGC-1"
"6509","TTGGCTTGTTCGGGAT-1"
"6510","TTGGGCCAGCTAAGTC-1"
"6511","TTGGGCCAGGCATGTT-1"
"6512","TTGGGCCAGTTCCTCA-1"
"6513","TTGGGCGGTCCTAGTT-1"
"6514","TTGGGCGGTCTTTGAC-1"
"6515","TTGGGCGGTGCATTTC-1"
"6516","TTGGGCGGTGGATTCA-1"
"6517","TTGGGTTAGCGGCTGT-1"
"6518","TTGGGTTAGTAAAGGT-1"
"6519","TTGGGTTAGTAGCGCC-1"
"6520","TTGGGTTAGTATTGTG-1"
"6521","TTGGTGAGTATTGTGG-1"
"6522","TTGGTGAGTGCGCAAT-1"
"6523","TTGGTGAGTTGTCCAT-1"
"6524","TTGGTGAGTTGTTGCT-1"
"6525","TTGTAAGTCAGCACCA-1"
"6526","TTGTAAGTCCTAGTTT-1"
"6527","TTGTAAGTCTAGCTAA-1"
"6528","TTGTCAAAGACACTTA-1"
"6529","TTGTCAAAGCACTTGG-1"
"6530","TTGTCAAAGTTAGTTG-1"
"6531","TTGTCCATCACCTGCT-1"
"6532","TTGTCCATCGCTAGAT-1"
"6533","TTGTCCATCTCGCCCA-1"
"6534","TTGTCCCAGATTGAGG-1"
"6535","TTGTCCCAGCCTTAAA-1"
"6536","TTGTCCGGTAACAGGG-1"
"6537","TTGTCCGGTAGGTTTG-1"
"6538","TTGTCCGGTCAAGACC-1"
"6539","TTGTCCGGTCCAAGAC-1"
"6540","TTGTCCGGTTAACAGT-1"
"6541","TTGTCCGGTTCTTTAG-1"
"6542","TTGTGAGGTAGGTTTG-1"
"6543","TTGTGAGGTTATCCGT-1"
"6544","TTGTGAGGTTTACGTC-1"
"6545","TTGTGCCTCAGCACCA-1"
"6546","TTGTGCCTCATTACAG-1"
"6547","TTGTGCCTCCTCCTAA-1"
"6548","TTGTGCGAGCATGTCG-1"
"6549","TTGTGCGAGGAACGCG-1"
"6550","TTGTGCGAGGAAGTAT-1"
"6551","TTGTGTGCAAACGGGC-1"
"6552","TTGTGTGCAATCCTAG-1"
"6553","TTGTGTGCAATCGCAC-1"
"6554","TTGTGTGCACAATTAC-1"
"6555","TTGTGTGCAGATTCAT-1"
"6556","TTGTGTGCATAAGGAC-1"
"6557","TTGTTCCCATACTCCT-1"
"6558","TTGTTGCGTACGGGTT-1"
"6559","TTGTTGCGTATTCGCT-1"
"6560","TTGTTGCGTGCTTTAC-1"
"6561","TTGTTGCGTGTCCTGC-1"
"6562","TTGTTGCGTGTGAGAG-1"
"6563","TTGTTGCGTGTGAGGA-1"
"6564","TTGTTGTTCGTGCTAG-1"
"6565","TTGTTTGGTAACAGGG-1"
"6566","TTGTTTGGTTGTGATG-1"
"6567","TTTAACCTCAGCATTA-1"
"6568","TTTAACCTCAGGGCCT-1"
"6569","TTTAACCTCATGTTTC-1"
"6570","TTTAACCTCTCAATTC-1"
"6571","TTTAACCTCTTAGCGG-1"
"6572","TTTAACGAGCGGATTT-1"
"6573","TTTAACGAGCTCAAAC-1"
"6574","TTTAACGAGCTCCTAC-1"
"6575","TTTAACGAGGCGCACT-1"
"6576","TTTAACGAGGGTTAGA-1"
"6577","TTTAAGCCAACTCGCG-1"
"6578","TTTAAGCCAAGTTATC-1"
"6579","TTTAAGCCACCAGCAT-1"
"6580","TTTAAGCCACCAGGTT-1"
"6581","TTTAAGCCATCCTAGA-1"
"6582","TTTAAGCCATTGACAT-1"
"6583","TTTAAGGTCCGCCAAA-1"
"6584","TTTAAGGTCCGCCTAT-1"
"6585","TTTAAGGTCCTGATTT-1"
"6586","TTTAAGGTCGCGACAC-1"
"6587","TTTACGAAGCAAACCT-1"
"6588","TTTACGAAGGCTACAT-1"
"6589","TTTACGAAGTTTGGGT-1"
"6590","TTTACGCGTGGACATC-1"
"6591","TTTACGCGTTAATCGG-1"
"6592","TTTAGCAAGCCGCTTT-1"
"6593","TTTAGCTTCACTTCAT-1"
"6594","TTTAGCTTCATAACCA-1"
"6595","TTTAGCTTCCCGCCTA-1"
"6596","TTTAGCTTCCTAGTCC-1"
"6597","TTTAGCTTCTAGCTTT-1"
"6598","TTTAGGATCAAACCGT-1"
"6599","TTTAGGATCATCAGTA-1"
"6600","TTTAGGATCCAGGTTG-1"
"6601","TTTAGGATCTAACCAA-1"
"6602","TTTATGGAGCTAATCA-1"
"6603","TTTATGGAGTAGGCGG-1"
"6604","TTTCACCCACCAAAGG-1"
"6605","TTTCACCCACCTGCCT-1"
"6606","TTTCACCCAGGTTAAA-1"
"6607","TTTCACCCATGACTAT-1"
"6608","TTTCAGTTCCACAATA-1"
"6609","TTTCAGTTCTTCAATC-1"
"6610","TTTCATCAGACTTACA-1"
"6611","TTTCATCAGGATCCGC-1"
"6612","TTTCCACCACCGGCTA-1"
"6613","TTTCCGGGTCAAGTAT-1"
"6614","TTTCCGGGTGCTGGTG-1"
"6615","TTTCCGGGTTATCCTA-1"
"6616","TTTCCGGGTTTGGGCG-1"
"6617","TTTCCTGAGACAGGTA-1"
"6618","TTTCCTGAGCAAGGGT-1"
"6619","TTTCCTGAGCAGGTGG-1"
"6620","TTTCCTGAGGAACCGG-1"
"6621","TTTCCTGAGGAGCATA-1"
"6622","TTTCCTGAGTAGCGGG-1"
"6623","TTTCCTGAGTTAGGCT-1"
"6624","TTTCGTCCAACTGGGA-1"
"6625","TTTCGTCCAAGTGTTT-1"
"6626","TTTCGTCCACAGGGAC-1"
"6627","TTTCGTCCAGTTATCG-1"
"6628","TTTCGTCCATAATCAC-1"
"6629","TTTCGTCCATCCCGCT-1"
"6630","TTTCTCACAAACGGGC-1"
"6631","TTTCTCACAACACTTG-1"
"6632","TTTCTCACATAGACCC-1"
"6633","TTTCTTGCAATCTCTC-1"
"6634","TTTCTTGCACAATACT-1"
"6635","TTTCTTGCAGCAACAG-1"
"6636","TTTGACCGTTCATTTG-1"
"6637","TTTGACCGTTTGGCTT-1"
"6638","TTTGACTTCCTGGTCT-1"
"6639","TTTGACTTCGGTCAGC-1"
"6640","TTTGACTTCTCACTAT-1"
"6641","TTTGACTTCTCCTCAA-1"
"6642","TTTGAGTCATGTCAAT-1"
"6643","TTTGCATTCAAGGACA-1"
"6644","TTTGCATTCCTAATAG-1"
"6645","TTTGCATTCTGTGCAG-1"
"6646","TTTGCGACAACACCTA-1"
"6647","TTTGCGACAATTGACT-1"
"6648","TTTGCGACACAGGAAT-1"
"6649","TTTGCGACACCTGGTG-1"
"6650","TTTGCGACAGTTTCTC-1"
"6651","TTTGCGGAGTTACTTC-1"
"6652","TTTGGCTGTTAACGGC-1"
"6653","TTTGGCTGTTGTGATG-1"
"6654","TTTGGCTGTTTAGCTC-1"
"6655","TTTGGTAAGACTTACA-1"
"6656","TTTGGTAAGGCACAGG-1"
"6657","TTTGGTAAGGGACTAA-1"
"6658","TTTGGTAAGGTAACGA-1"
"6659","TTTGGTGCAATAGTCT-1"
"6660","TTTGGTGCAATGAATG-1"
"6661","TTTGGTGCAATTGCGC-1"
"6662","TTTGGTGCAGCATTAT-1"
"6663","TTTGTCCCAAATTGCT-1"
"6664","TTTGTCCCAAGGTATA-1"
"6665","TTTGTCTAGACTTATG-1"
"6666","TTTGTCTAGCCGCAAC-1"
"6667","TTTGTCTAGGGACCTC-1"
"6668","TTTGTCTAGGGACGCA-1"
"6669","TTTGTCTAGGGACTAA-1"
"6670","TTTGTCTAGTAAGAAC-1"
"6671","TTTGTCTAGTAGCGGG-1"
"6672","TTTGTGAAGAATGACG-1"
"6673","TTTGTGAAGCACCACA-1"
"6674","TTTGTGGCAGGTTAAA-1"
"6675","TTTGTGTTCATGAGCT-1"
"6676","TTTGTGTTCCCTCATA-1"
"6677","TTTGTGTTCTTAGGGT-1"
"6678","TTTGTGTTCTTGCATT-1"
"6679","TTTGTTGGTCAGGAAG-1"
"6680","TTTGTTGGTCCTAAGA-1"
"6681","TTTGTTGGTCGACTCC-1"
"6682","TTTGTTGGTGATCAGC-1"
