"","x"
"1","AAACAGCCAACAACAA-1"
"2","AAACAGCCAATTGAGA-1"
"3","AAACAGCCAGAACCGA-1"
"4","AAACAGCCATAGCAGG-1"
"5","AAACATGCAATAGCCC-1"
"6","AAACATGCACATAGCC-1"
"7","AAACATGCAGCAAGAT-1"
"8","AAACATGCAGGCCAAA-1"
"9","AAACATGCAGTTGCGT-1"
"10","AAACCAACAATCATGT-1"
"11","AAACCAACAATTGACT-1"
"12","AAACCAACAGAGGGAG-1"
"13","AAACCGAAGGACCTTG-1"
"14","AAACCGAAGGATCCGC-1"
"15","AAACCGAAGGGCTAAA-1"
"16","AAACCGAAGTAGCTTA-1"
"17","AAACCGCGTAATGGCC-1"
"18","AAACCGCGTATTGTGG-1"
"19","AAACCGCGTTGGCCGA-1"
"20","AAACCGCGTTTATTCG-1"
"21","AAACCGGCAACCCTAA-1"
"22","AAACCGGCAACTGGGA-1"
"23","AAACCGGCACAAGCCT-1"
"24","AAACCGGCATGTTGCA-1"
"25","AAACGCGCAGTTATGT-1"
"26","AAACGCGCATCGCTTT-1"
"27","AAACGCGCATTGCGAC-1"
"28","AAACGGATCACTAGGT-1"
"29","AAACGGATCATTGTTC-1"
"30","AAACGGATCCACCCTG-1"
"31","AAACGGATCCCGCAAA-1"
"32","AAACGGATCCTGATGG-1"
"33","AAACGGATCTGTTCAT-1"
"34","AAACGGATCTTGACCC-1"
"35","AAACGTACAATTAAGG-1"
"36","AAACGTACATCCTAGA-1"
"37","AAACGTACATTAAGCT-1"
"38","AAACGTACATTATGCG-1"
"39","AAACGTACATTGCGGT-1"
"40","AAAGCACCATGACTAT-1"
"41","AAAGCACCATTGCAGC-1"
"42","AAAGCCCGTAATCGCA-1"
"43","AAAGCCCGTGAGCACT-1"
"44","AAAGCCCGTTAAGCCA-1"
"45","AAAGCCCGTTCACTGT-1"
"46","AAAGCCGCATGCTCCC-1"
"47","AAAGCCGCATTAGGCC-1"
"48","AAAGCGGGTGGATTAT-1"
"49","AAAGCTTGTGGATTCA-1"
"50","AAAGCTTGTGTGTGGT-1"
"51","AAAGCTTGTGTTGTGA-1"
"52","AAAGGACGTAACTACG-1"
"53","AAAGGACGTTAAGCGC-1"
"54","AAAGGACGTTAGAGCC-1"
"55","AAAGGAGCACCTGCTC-1"
"56","AAAGGAGCAGGCCATT-1"
"57","AAAGGCTCAATTGACT-1"
"58","AAAGGCTCACGTAAGG-1"
"59","AAAGGCTCAGAGAGCC-1"
"60","AAAGGTTAGCAGCTAT-1"
"61","AAAGGTTAGCGATAAG-1"
"62","AAAGGTTAGCGATAGA-1"
"63","AAAGGTTAGTCACTCC-1"
"64","AAATCCGGTGTTTGAG-1"
"65","AAATCCGGTTAATGCG-1"
"66","AAATCCGGTTGACTTC-1"
"67","AAATGCCTCATCCTAT-1"
"68","AAATGCCTCCTAATTC-1"
"69","AAATGCCTCCTTGTTG-1"
"70","AAATGCCTCGCGACAC-1"
"71","AAATGCCTCGGTACGC-1"
"72","AAATGCCTCGTTCACC-1"
"73","AAATGCCTCTTTGAGA-1"
"74","AAATGGCCATAATGAG-1"
"75","AAATGGCCATTGCGAC-1"
"76","AACAAAGGTTGTTGTC-1"
"77","AACAAGCCAATTGAGA-1"
"78","AACAAGCCAGATTCAT-1"
"79","AACAAGCCATGCTTAG-1"
"80","AACAGATAGATGCCTG-1"
"81","AACAGATAGGAATAAC-1"
"82","AACAGCAAGCGAGCGA-1"
"83","AACAGCAAGGCATTGT-1"
"84","AACAGCAAGGCCTAAT-1"
"85","AACAGCAAGGCTTAAC-1"
"86","AACAGGATCAATCTCT-1"
"87","AACAGGATCATGAAGG-1"
"88","AACAGGATCCTCCATA-1"
"89","AACAGGATCCTGAGTG-1"
"90","AACAGGATCGATTTGA-1"
"91","AACAGGATCTAAGGAG-1"
"92","AACAGGATCTCCTCTT-1"
"93","AACAGGATCTTGCAGG-1"
"94","AACATAGCAATAACGA-1"
"95","AACATAGCACGAATTT-1"
"96","AACATAGCAGGTTAAA-1"
"97","AACATAGCATGTTTGG-1"
"98","AACATCATCAGTGAAG-1"
"99","AACATCATCTGTAAGC-1"
"100","AACATTGTCAAACCGT-1"
"101","AACATTGTCCACCTTA-1"
"102","AACATTGTCTGGCATG-1"
"103","AACCCGCAGGACAACA-1"
"104","AACCCGCAGGAGTCTT-1"
"105","AACCCGCAGGCGCATC-1"
"106","AACCCGCAGTAACCCG-1"
"107","AACCGCTCAAGCTTTG-1"
"108","AACCGCTCAAGGTAAC-1"
"109","AACCGCTCACACAATT-1"
"110","AACCGCTCAGGAATCG-1"
"111","AACCGCTCATCCTAGA-1"
"112","AACCGGCTCCCTCATA-1"
"113","AACCTAATCAGGCTAT-1"
"114","AACCTCACAAATGCCC-1"
"115","AACCTCACAATCCTGA-1"
"116","AACCTCACATGTTGCA-1"
"117","AACCTCACATTGCAGC-1"
"118","AACCTCCTCAAGGACA-1"
"119","AACCTCCTCCAAACAC-1"
"120","AACCTCCTCTCCTCTT-1"
"121","AACCTTAAGACAAAGT-1"
"122","AACCTTAAGGTCGAGG-1"
"123","AACCTTAAGTAACAGG-1"
"124","AACCTTAAGTGAGCGG-1"
"125","AACCTTGCAATAAGCA-1"
"126","AACCTTGCAGATAGAC-1"
"127","AACCTTGCAGGTATTT-1"
"128","AACCTTGCAGGTCCTG-1"
"129","AACCTTGCATGGCCTG-1"
"130","AACCTTGCATTGTCCT-1"
"131","AACGACAAGACAAACG-1"
"132","AACGACAAGCAAGGGT-1"
"133","AACGACAAGCTGGACC-1"
"134","AACGCCCAGTAAGAAC-1"
"135","AACGCCCAGTGTTGTA-1"
"136","AACGCTAGTATTGGAT-1"
"137","AACGCTAGTCATAACG-1"
"138","AACGGTAAGGAGTCTT-1"
"139","AACGGTAAGGCGCTAC-1"
"140","AACTACTCACAAAGAC-1"
"141","AACTACTCAGGAACCA-1"
"142","AACTAGCTCAAACACC-1"
"143","AACTAGCTCAAGCTTA-1"
"144","AACTAGCTCAATCTAG-1"
"145","AACTAGCTCATCCACC-1"
"146","AACTAGCTCCAGCACA-1"
"147","AACTAGCTCCCTGTTA-1"
"148","AACTAGCTCGGTTCCT-1"
"149","AACTAGCTCTTGGACG-1"
"150","AACTAGTGTAGCTAAT-1"
"151","AACTAGTGTCATAAGT-1"
"152","AACTAGTGTCTTTGAC-1"
"153","AACTAGTGTGCTCCAC-1"
"154","AACTAGTGTTTGCTGT-1"
"155","AACTCACAGCGGATAA-1"
"156","AACTCACAGCTAAAGG-1"
"157","AACTGTTCAACCTGGT-1"
"158","AACTGTTCAAGACTCC-1"
"159","AACTGTTCACATTAAC-1"
"160","AACTGTTCACCTACGG-1"
"161","AACTGTTCACGGTACT-1"
"162","AACTGTTCACTAAGTT-1"
"163","AACTGTTCAGGCTTCG-1"
"164","AACTTAGTCCCATAAA-1"
"165","AACTTAGTCGATTCTT-1"
"166","AACTTAGTCGCTCACT-1"
"167","AACTTAGTCTTAGTCT-1"
"168","AAGAACAGTAATCCCT-1"
"169","AAGAACAGTTTAGCGA-1"
"170","AAGAATCAGACTTATG-1"
"171","AAGAATCAGCAGCTCA-1"
"172","AAGAATCAGCTGTAAC-1"
"173","AAGAATCAGGGATGAC-1"
"174","AAGAATCAGTGACCTG-1"
"175","AAGAATCAGTTCCCAC-1"
"176","AAGACAAGTATTACCC-1"
"177","AAGACAAGTATTCGTC-1"
"178","AAGACAAGTCATCAAG-1"
"179","AAGACAAGTTAATGAC-1"
"180","AAGACAAGTTTGCTGT-1"
"181","AAGACATAGCTCCTTA-1"
"182","AAGACATAGCTGCACA-1"
"183","AAGACATAGCTGGCTA-1"
"184","AAGACATAGGGTCCAC-1"
"185","AAGACATAGTGTGATC-1"
"186","AAGACATAGTTAGCCG-1"
"187","AAGACATAGTTCCCAC-1"
"188","AAGACCAAGCATGAAG-1"
"189","AAGACCAAGGACCTCA-1"
"190","AAGACCAAGGGCTAAA-1"
"191","AAGACCAAGTTAGAGG-1"
"192","AAGCAAGTCCGTGACA-1"
"193","AAGCAAGTCGCAATCG-1"
"194","AAGCAAGTCTAACTGA-1"
"195","AAGCAAGTCTACTAAG-1"
"196","AAGCATGAGACAAGTG-1"
"197","AAGCATGAGCCTAACG-1"
"198","AAGCCACGTAGTTAAC-1"
"199","AAGCCACGTCACACCC-1"
"200","AAGCCACGTCAGTAAT-1"
"201","AAGCCACGTCCTTTAA-1"
"202","AAGCCACGTGCGCGTA-1"
"203","AAGCCACGTTTGAGCA-1"
"204","AAGCCTCCAAACCTTG-1"
"205","AAGCCTCCAAACTCAT-1"
"206","AAGCCTCCAACCCTAA-1"
"207","AAGCCTCCAACCTAAT-1"
"208","AAGCCTCCAATAACGA-1"
"209","AAGCCTCCAGTTGCGT-1"
"210","AAGCCTCCATCGTTCT-1"
"211","AAGCCTCCATGATTGT-1"
"212","AAGCCTGTCACTAATG-1"
"213","AAGCCTGTCAGCACGC-1"
"214","AAGCCTGTCCCGTTAC-1"
"215","AAGCCTGTCCCTCTAA-1"
"216","AAGCCTGTCGCAATCG-1"
"217","AAGCCTGTCTTCAATC-1"
"218","AAGCCTTAGCACTAGT-1"
"219","AAGCCTTAGGAACACA-1"
"220","AAGCGAATCAGCACGC-1"
"221","AAGCGAATCCGCAAAT-1"
"222","AAGCGAATCGGCCAGT-1"
"223","AAGCGAATCTAACCTT-1"
"224","AAGCGAGGTAATCGCA-1"
"225","AAGCGAGGTCACACCC-1"
"226","AAGCGCTGTAACGTGC-1"
"227","AAGCGCTGTAAGCACC-1"
"228","AAGCGCTGTAGGTTGC-1"
"229","AAGCGCTGTGCTCCGT-1"
"230","AAGCGCTGTGGGTACT-1"
"231","AAGCGCTGTTGCAGTA-1"
"232","AAGCGGGTCATGCTTT-1"
"233","AAGCGGGTCATGGTGT-1"
"234","AAGCGGGTCCAGGTTG-1"
"235","AAGCGGGTCCGCCAAA-1"
"236","AAGCGGGTCGACAAAG-1"
"237","AAGCGGGTCGCTCACT-1"
"238","AAGCGTTTCAAACCTA-1"
"239","AAGCGTTTCATTCATC-1"
"240","AAGCGTTTCCTTAAGA-1"
"241","AAGCTAGAGAACCTGT-1"
"242","AAGCTAGAGCTACTGG-1"
"243","AAGCTAGAGGACAACA-1"
"244","AAGCTAGAGGCGAATA-1"
"245","AAGCTATGTCAGGCAT-1"
"246","AAGCTATGTTATAGCG-1"
"247","AAGCTATGTTTAGCTC-1"
"248","AAGCTCCCACGAACAG-1"
"249","AAGCTCCCATCGCTTT-1"
"250","AAGCTTGGTCTAACCT-1"
"251","AAGCTTGGTGATGGCT-1"
"252","AAGCTTGGTGCACGCA-1"
"253","AAGCTTGGTGCTAGCG-1"
"254","AAGCTTGGTGTGCAAC-1"
"255","AAGGAAGCAATTAGGA-1"
"256","AAGGATCCAAACGCGA-1"
"257","AAGGATCCAACAGGAT-1"
"258","AAGGATCCAAGCTTAT-1"
"259","AAGGATCCAAGGGTTG-1"
"260","AAGGATCCAATAATGG-1"
"261","AAGGATCCAATGCGCT-1"
"262","AAGGATCCACAATGTT-1"
"263","AAGGATCCACATAACT-1"
"264","AAGGATCCATCCCGCT-1"
"265","AAGGATGTCATCCACC-1"
"266","AAGGATGTCCTTGAGG-1"
"267","AAGGATGTCGTAATCA-1"
"268","AAGGATGTCGTTACTT-1"
"269","AAGGATTAGAACAAGT-1"
"270","AAGGATTAGGCCAATT-1"
"271","AAGGATTAGGTCCAAT-1"
"272","AAGGATTAGGTTAGAG-1"
"273","AAGGATTAGTAAGAAC-1"
"274","AAGGCCCTCACGCCAA-1"
"275","AAGGCCCTCATTGTTC-1"
"276","AAGGCCCTCATTTGCT-1"
"277","AAGGCCCTCCTTTACG-1"
"278","AAGGCCCTCGGTTTGG-1"
"279","AAGGCCCTCGTTAGTA-1"
"280","AAGGCCCTCTAAGTGC-1"
"281","AAGGCCCTCTCACTCA-1"
"282","AAGGTATAGAAAGGAA-1"
"283","AAGGTATAGAATCTCA-1"
"284","AAGGTATAGCATTAGC-1"
"285","AAGGTATAGCTACTGG-1"
"286","AAGGTATAGCTCATAA-1"
"287","AAGGTATAGGCCTTAG-1"
"288","AAGGTATAGGCTGGCT-1"
"289","AAGGTATAGTCCTGAG-1"
"290","AAGGTATAGTCCTTCA-1"
"291","AAGGTATAGTTAGAGG-1"
"292","AAGGTCAAGACTCGCA-1"
"293","AAGGTCAAGATGGACA-1"
"294","AAGGTCAAGCGCTCAA-1"
"295","AAGGTCAAGCGGCTGT-1"
"296","AAGGTCAAGGCGAAAC-1"
"297","AAGGTCAAGTAACAGG-1"
"298","AAGGTGCAGTAAGAAC-1"
"299","AAGTCTATCAGGGCCT-1"
"300","AAGTCTATCCAAATCA-1"
"301","AAGTCTATCCCTCAGT-1"
"302","AAGTCTATCCTGTTCA-1"
"303","AAGTCTATCTAATTGG-1"
"304","AAGTCTATCTCAATGA-1"
"305","AAGTGAAGTTCCGGCT-1"
"306","AAGTGCAAGCCTGAGC-1"
"307","AAGTGCAAGCGGCTGT-1"
"308","AAGTGCAAGGGTTATC-1"
"309","AAGTGCAAGTAGCGGG-1"
"310","AAGTGCAAGTCACTCC-1"
"311","AAGTGTTGTACTGATG-1"
"312","AAGTGTTGTTAGAGGG-1"
"313","AAGTTACGTGATTTGG-1"
"314","AAGTTACGTTAAGGTT-1"
"315","AAGTTACGTTCCTGTG-1"
"316","AAGTTAGCAAGCTTTG-1"
"317","AAGTTAGCACAAAGCG-1"
"318","AAGTTAGCAGCACCAT-1"
"319","AAGTTAGCAGTTTCTC-1"
"320","AAGTTTGTCAAGCTTA-1"
"321","AAGTTTGTCATGACCG-1"
"322","AAGTTTGTCATTAGCA-1"
"323","AAGTTTGTCGTCAAGT-1"
"324","AAGTTTGTCTCAATAG-1"
"325","AATAACCGTCGCAAAC-1"
"326","AATAACCGTTAATGAC-1"
"327","AATAACCGTTGACTTC-1"
"328","AATAACCGTTGAGCCG-1"
"329","AATACCGGTTGTCATC-1"
"330","AATAGAGGTAGTTAAC-1"
"331","AATAGAGGTCAATACG-1"
"332","AATAGAGGTGGAAACG-1"
"333","AATAGAGGTTACGCGG-1"
"334","AATAGAGGTTAGGTTG-1"
"335","AATAGAGGTTCATCTA-1"
"336","AATAGCTGTAATTAGC-1"
"337","AATAGCTGTAGTTGGC-1"
"338","AATAGCTGTCTATCGT-1"
"339","AATAGCTGTTCGCTTG-1"
"340","AATATCCCAATAACGA-1"
"341","AATATCCCAATAGCAA-1"
"342","AATATCCCACAATGTT-1"
"343","AATATCCCACACTAAT-1"
"344","AATATCCCAGCCGCTA-1"
"345","AATATCCCATAGCTGC-1"
"346","AATCAGGAGCCTGATG-1"
"347","AATCAGGAGGGTGAAC-1"
"348","AATCAGGAGGTGCGGA-1"
"349","AATCAGGAGTTATTCC-1"
"350","AATCATCCAACTAACT-1"
"351","AATCATCCAATTAGCT-1"
"352","AATCATCCAATTTGGT-1"
"353","AATCATCCACGGTACT-1"
"354","AATCATCCAGGCTTGT-1"
"355","AATCATCCATCACTTC-1"
"356","AATCATGTCTACTAAG-1"
"357","AATCATGTCTTGAGCG-1"
"358","AATCCATCACAATTAC-1"
"359","AATCCATCAGCAAGTG-1"
"360","AATCCATCAGTTTCTC-1"
"361","AATCCATCATGAAGTA-1"
"362","AATCCATCATTCCTGT-1"
"363","AATCCCTGTCCTTTAA-1"
"364","AATCCCTGTGTGCACG-1"
"365","AATCCCTGTTTGGGCG-1"
"366","AATCCGTAGAGAGCCG-1"
"367","AATCCGTAGATGGACA-1"
"368","AATCCGTAGTAAGAAC-1"
"369","AATCCGTAGTTAGGCT-1"
"370","AATCCTAAGGTCGATT-1"
"371","AATCCTAAGGTCTTGG-1"
"372","AATCCTAAGTCAGTAC-1"
"373","AATCCTAAGTGAAGTG-1"
"374","AATCGCCCAATTGCGC-1"
"375","AATCGCCCACCTCACC-1"
"376","AATCGCCCAGGCGAGT-1"
"377","AATCGCCCATCCTAGA-1"
"378","AATCGCCCATCGCTTT-1"
"379","AATCTCAAGATAGACG-1"
"380","AATCTCAAGCGCCTAA-1"
"381","AATCTTGAGAGCCGCT-1"
"382","AATCTTGAGCGCTCAA-1"
"383","AATCTTGAGCTGCACA-1"
"384","AATCTTGAGTGACCTG-1"
"385","AATGAAGGTACGGTAC-1"
"386","AATGAAGGTAGCTAAT-1"
"387","AATGAAGGTATTTGCC-1"
"388","AATGAAGGTGCATTTC-1"
"389","AATGCAACAATTTAGC-1"
"390","AATGCAACACCTGCTC-1"
"391","AATGCAACATTAAGCT-1"
"392","AATGCATGTGATTACG-1"
"393","AATGCGCGTATTGAGT-1"
"394","AATGCGCGTGTCCTGC-1"
"395","AATGGCGCAACCTAAT-1"
"396","AATGGCGCAGGAACTG-1"
"397","AATGGCGCATTAAGCT-1"
"398","AATGTCATCATTAGTG-1"
"399","AATGTCATCCTTAAGA-1"
"400","AATGTCATCTAAGTCA-1"
"401","AATGTCCAGACCATAC-1"
"402","AATGTCCAGCCTGGTA-1"
"403","AATGTCCAGCGAGTAA-1"
"404","AATGTCCAGCTTAGCG-1"
"405","AATGTCCAGGAACCAA-1"
"406","AATGTCCAGTCATCCC-1"
"407","AATTACCCAACTAGCC-1"
"408","AATTACCCAACTCGCG-1"
"409","AATTACCCACAGAAAC-1"
"410","AATTACCCAGAGGGAG-1"
"411","AATTAGCGTGAGCACT-1"
"412","AATTAGCGTTAGGTTG-1"
"413","AATTAGCGTTAGTACG-1"
"414","AATTAGCGTTCCAGGG-1"
"415","AATTAGCGTTGTTGCT-1"
"416","AATTAGGCAAACTAAG-1"
"417","AATTAGGCAAGTTATC-1"
"418","AATTAGGCAGAATGAC-1"
"419","AATTAGGCATTGTTGG-1"
"420","AATTCGTCACATTGCA-1"
"421","AATTCGTCAGCAGGTA-1"
"422","AATTCGTCAGTTTGGC-1"
"423","AATTCGTCAGTTTGTG-1"
"424","AATTCGTCATAATCAC-1"
"425","AATTCGTCATAATCGT-1"
"426","AATTCGTCATCATGTG-1"
"427","AATTCGTCATTGCGAC-1"
"428","AATTGACGTATCTGGA-1"
"429","AATTGACGTCAAGTGC-1"
"430","AATTGACGTCGACTAA-1"
"431","AATTGACGTGTTTGTC-1"
"432","AATTGACGTTGCACAA-1"
"433","AATTGACGTTGGCCGA-1"
"434","AATTGCCAGACAACGA-1"
"435","AATTGCCAGCCGCTTT-1"
"436","AATTGCCAGCTCAATA-1"
"437","AATTGCCAGCTGTACG-1"
"438","AATTGCCAGGGTGGAT-1"
"439","AATTGCTCAGCAGGTA-1"
"440","AATTGCTCAGGAACCA-1"
"441","AATTGCTCATAGACCC-1"
"442","AATTGCTCATAGCAGG-1"
"443","AATTGGACAAAGCGCA-1"
"444","AATTGGACAATAGTCT-1"
"445","AATTGGACACTCGCTC-1"
"446","AATTGGACAGCATGGA-1"
"447","AATTGGACAGCGCTTG-1"
"448","AATTGGACATTGTGGC-1"
"449","AATTGGGAGCCTAACG-1"
"450","AATTGGGAGCCTTAAA-1"
"451","AATTGGGAGCTTCCCG-1"
"452","AATTGGGAGCTTTGGG-1"
"453","AATTGGGAGGCTACTG-1"
"454","AATTGGGAGGCTTAGT-1"
"455","AATTGGGAGTAAAGGT-1"
"456","AATTGGGAGTTACCGG-1"
"457","AATTGTGTCCGCAACA-1"
"458","AATTTCCTCCCGTTGT-1"
"459","AATTTGCCAAACGCGA-1"
"460","AATTTGCCAAGTTATC-1"
"461","AATTTGCCACAGCCAT-1"
"462","AATTTGCCACATGCTA-1"
"463","AATTTGCCACTAAGAA-1"
"464","AATTTGCCAGCCGCTA-1"
"465","AATTTGCCATGGAGGC-1"
"466","AATTTGGTCAGGAACA-1"
"467","AATTTGGTCATTACAG-1"
"468","AATTTGGTCATTTGTC-1"
"469","AATTTGGTCCTAAGTA-1"
"470","AATTTGGTCCTGGTCT-1"
"471","AATTTGGTCGAGCAAA-1"
"472","AATTTGGTCTTTGACT-1"
"473","ACAAACTGTTCCTCCT-1"
"474","ACAAAGGTCATCCACC-1"
"475","ACAAAGGTCTCACTCA-1"
"476","ACAACAACAAGCCACT-1"
"477","ACAACAACACGTTACA-1"
"478","ACAACAACAGCCTGCA-1"
"479","ACAACAACAGGTTACC-1"
"480","ACAACACTCATTAGTG-1"
"481","ACAACACTCCCTGATC-1"
"482","ACAACACTCCCTGGTT-1"
"483","ACAACACTCTCACAAA-1"
"484","ACAACACTCTTGAGGT-1"
"485","ACAACAGAGAGGCTAA-1"
"486","ACAACAGAGCACGTTG-1"
"487","ACAACAGAGCTATTAG-1"
"488","ACAACAGAGGCTAAGA-1"
"489","ACAACAGAGGGTCTAT-1"
"490","ACAACATGTTATTGCC-1"
"491","ACACAATGTCCTCCAA-1"
"492","ACACAATGTCGAAGTC-1"
"493","ACACAATGTGCTAGCG-1"
"494","ACACCTTGTCTCACTG-1"
"495","ACACCTTGTTAATGAC-1"
"496","ACACGGACAAGCTTTG-1"
"497","ACACGGACACCTGTAA-1"
"498","ACACGGACAGCATGTC-1"
"499","ACACGGACATATAACC-1"
"500","ACACTAATCATTTGCT-1"
"501","ACACTAATCCCGCAAA-1"
"502","ACACTAATCCCTCAGT-1"
"503","ACACTAATCCGTTAAA-1"
"504","ACACTAATCGGTTAGT-1"
"505","ACACTAATCGTCCTTA-1"
"506","ACACTAGGTACCAGGT-1"
"507","ACACTAGGTGTTTGTC-1"
"508","ACACTAGGTTCATTTG-1"
"509","ACACTAGGTTCCGGGA-1"
"510","ACACTAGGTTTGCAGA-1"
"511","ACACTTAAGCTGGACC-1"
"512","ACACTTAAGGTCCTGA-1"
"513","ACACTTAAGTTTGGTA-1"
"514","ACACTTGCACACAATT-1"
"515","ACACTTGCACATAGCC-1"
"516","ACACTTGCAGCCAGAA-1"
"517","ACACTTGCAGGCTGTT-1"
"518","ACACTTGCATGCTATG-1"
"519","ACAGCCGGTAGGTTGC-1"
"520","ACAGCCGGTCTTTATG-1"
"521","ACAGCCGGTTTATCTG-1"
"522","ACAGCCGGTTTATTCG-1"
"523","ACAGCGCTCCAAACAC-1"
"524","ACAGCGCTCCAGGGAG-1"
"525","ACAGCGCTCCATCAGG-1"
"526","ACAGCGCTCGAAGTAG-1"
"527","ACAGGAATCGCTAGAT-1"
"528","ACAGGAATCGTTAGCG-1"
"529","ACAGGATCAAGTCGCT-1"
"530","ACAGGATCAATATACC-1"
"531","ACAGGATCAATCATGT-1"
"532","ACAGGATCACATAACT-1"
"533","ACAGGATCACTGGCCA-1"
"534","ACAGGATCAGGAAGCC-1"
"535","ACAGGATCAGGTTAAA-1"
"536","ACAGGCTGTTAGCGTA-1"
"537","ACAGGTAAGCTTATGA-1"
"538","ACAGGTAAGGATCCGC-1"
"539","ACAGGTAAGTATCGCG-1"
"540","ACAGTATGTAGCCATA-1"
"541","ACAGTATGTCCTTTAA-1"
"542","ACAGTATGTTAAGCCA-1"
"543","ACAGTATGTTTAACCC-1"
"544","ACATAGCTCAAGCGCC-1"
"545","ACATAGCTCAGGAAGC-1"
"546","ACATAGCTCCCATAGG-1"
"547","ACATAGCTCCGGTTGA-1"
"548","ACATAGCTCGCTTGCT-1"
"549","ACATAGCTCTTTAAGG-1"
"550","ACATCAATCATGACCG-1"
"551","ACATCAATCATGTTTC-1"
"552","ACATCAATCCTAGTCC-1"
"553","ACATCAATCGATTCTT-1"
"554","ACATCAATCGATTTGA-1"
"555","ACATCAATCGTGCCTT-1"
"556","ACATCATCAAACCTTG-1"
"557","ACATCATCAAAGCTAA-1"
"558","ACATCATCACAGAACG-1"
"559","ACATCATCACCTGCTC-1"
"560","ACATCATCATGATTGT-1"
"561","ACATTAGTCACTTTAC-1"
"562","ACATTAGTCCATCAGG-1"
"563","ACATTAGTCCCTGTTA-1"
"564","ACATTAGTCGATTTAG-1"
"565","ACATTAGTCGGTTTCC-1"
"566","ACATTGCAGGACAATG-1"
"567","ACATTGCAGTGCACGC-1"
"568","ACATTGCAGTTAGAGG-1"
"569","ACCAAACTCATTGTCT-1"
"570","ACCAAACTCCCAGTAG-1"
"571","ACCAAACTCCCTGGTT-1"
"572","ACCAAACTCGATATTG-1"
"573","ACCAAGCGTGCTTTAC-1"
"574","ACCAAGCGTGGGAACA-1"
"575","ACCAAGTTCGGCTAGC-1"
"576","ACCAAGTTCTAACTGA-1"
"577","ACCAATATCATGAAGG-1"
"578","ACCAATATCTTGACCC-1"
"579","ACCAATATCTTTAAGG-1"
"580","ACCACACCAGAAATGC-1"
"581","ACCACATAGACAAACG-1"
"582","ACCACATAGCACAGGG-1"
"583","ACCACATAGCTGGAAA-1"
"584","ACCACATAGGCTACTG-1"
"585","ACCACATAGTGAGCAA-1"
"586","ACCAGCTCAACAGCCT-1"
"587","ACCAGCTCAAGGACCA-1"
"588","ACCAGCTCACAATTAC-1"
"589","ACCAGCTCACGTAAGG-1"
"590","ACCAGCTCAGTCTAAT-1"
"591","ACCAGCTCATCCAGGT-1"
"592","ACCAGCTCATCGCTTT-1"
"593","ACCAGCTCATCGTTCT-1"
"594","ACCAGGACAAACCTTG-1"
"595","ACCAGGACACATAACT-1"
"596","ACCAGGACACCAGGTT-1"
"597","ACCAGGACACGGTACT-1"
"598","ACCAGGACAGCGCTTG-1"
"599","ACCAGGACAGTTGCGT-1"
"600","ACCAGGACATGTCAAT-1"
"601","ACCAGGACATTGTGTG-1"
"602","ACCAGGCTCCAATTAG-1"
"603","ACCAGGCTCCCTCGCA-1"
"604","ACCAGGCTCCCTTGCG-1"
"605","ACCAGGCTCCTCATGC-1"
"606","ACCAGGCTCGTTAGTA-1"
"607","ACCAGGCTCTAATCAG-1"
"608","ACCAGGCTCTGGCAAT-1"
"609","ACCAGGGAGATAACCC-1"
"610","ACCAGGGAGCAACATC-1"
"611","ACCAGGGAGCAATAGG-1"
"612","ACCAGGGAGCTTACTT-1"
"613","ACCAGGGAGGTCCTAG-1"
"614","ACCATAATCACAGCCA-1"
"615","ACCATAATCCTACCTA-1"
"616","ACCATAATCCTGATGG-1"
"617","ACCATAATCGAGCTAT-1"
"618","ACCATAATCGCTCACT-1"
"619","ACCATAATCTAAGTCA-1"
"620","ACCATAATCTCAATGA-1"
"621","ACCATTAAGCAAGATG-1"
"622","ACCATTAAGCGAGCGA-1"
"623","ACCATTAAGGGACCTC-1"
"624","ACCATTAAGTTGTCAA-1"
"625","ACCCAACCAATGCCTA-1"
"626","ACCCAACCACATACTG-1"
"627","ACCCAACCAGTTTCTC-1"
"628","ACCCAACCATATTGAC-1"
"629","ACCCAACCATGCTTAG-1"
"630","ACCCAACCATGTTGGC-1"
"631","ACCCAGGGTAATCCCT-1"
"632","ACCCAGGGTCATGCAA-1"
"633","ACCCAGGGTCCCGAAG-1"
"634","ACCCAGGGTGTTAAAC-1"
"635","ACCCAGGGTTCAAGCA-1"
"636","ACCCAGGGTTTAACCC-1"
"637","ACCCGCTGTCAAGTGC-1"
"638","ACCCGCTGTCCTTTAA-1"
"639","ACCCGCTGTGCTCCGT-1"
"640","ACCCGCTGTGTCACGG-1"
"641","ACCCGCTGTTAATGCG-1"
"642","ACCCGGTAGAACCTGT-1"
"643","ACCCGGTAGCTTCCCG-1"
"644","ACCCGGTAGCTTTGGG-1"
"645","ACCCGGTAGGAAGTAT-1"
"646","ACCCGGTAGGTTTACA-1"
"647","ACCCGTAAGACACCGC-1"
"648","ACCCGTAAGTAACTCA-1"
"649","ACCCGTAAGTGATTCA-1"
"650","ACCCTCCCAACTAACT-1"
"651","ACCCTCCCAGGCAAGC-1"
"652","ACCCTCCCAGTTAAAG-1"
"653","ACCCTGTTCATCCTAT-1"
"654","ACCCTGTTCCGCCTAT-1"
"655","ACCCTGTTCTCACTCA-1"
"656","ACCGAAGCAACCCTCC-1"
"657","ACCGAAGCAGCTCATA-1"
"658","ACCGAAGCATTAAGTC-1"
"659","ACCGCAATCATTACTC-1"
"660","ACCGCAATCATTAGCA-1"
"661","ACCGCAATCCATCAGG-1"
"662","ACCGCAATCCCGTTAC-1"
"663","ACCGCAATCGGGACTC-1"
"664","ACCGCAATCTCGACCT-1"
"665","ACCGGCTAGCCGCAGT-1"
"666","ACCGGCTAGCTTTGTT-1"
"667","ACCGGCTAGGGTTAGA-1"
"668","ACCGGTTCAATTGAAG-1"
"669","ACCGGTTCAGCATGTC-1"
"670","ACCGGTTCAGGGAGGA-1"
"671","ACCGGTTCAGGTATTT-1"
"672","ACCGGTTCATTAAACC-1"
"673","ACCGGTTCATTGACAT-1"
"674","ACCTAAATCATGCGTG-1"
"675","ACCTAAATCCAAGTTA-1"
"676","ACCTAAGGTACCGAAC-1"
"677","ACCTAAGGTCCGCTGT-1"
"678","ACCTAAGGTGATTTGG-1"
"679","ACCTAAGGTTAGAGCC-1"
"680","ACCTAAGGTTCCTGTG-1"
"681","ACCTAAGGTTGCAATG-1"
"682","ACCTACCTCACCAATA-1"
"683","ACCTACCTCATGTGGT-1"
"684","ACCTACCTCGATCAGT-1"
"685","ACCTACCTCGCTTGCT-1"
"686","ACCTACCTCTAACTGA-1"
"687","ACCTACCTCTCCTCAA-1"
"688","ACCTCACTCAAACACC-1"
"689","ACCTCACTCATCGTTT-1"
"690","ACCTCACTCATTAGCA-1"
"691","ACCTCACTCATTCATC-1"
"692","ACCTCACTCCAGGGAG-1"
"693","ACCTCACTCCGTTAAA-1"
"694","ACCTCACTCCTCCTAA-1"
"695","ACCTCACTCGGTCAAT-1"
"696","ACCTCACTCGTTAACA-1"
"697","ACCTCACTCTTAATGG-1"
"698","ACCTGGATCAAATCGC-1"
"699","ACCTGGATCGGCTATG-1"
"700","ACCTGGATCTACTAAG-1"
"701","ACCTGGTCAACTAGCC-1"
"702","ACCTGGTCAAGTAAGC-1"
"703","ACCTGGTCAATAACCT-1"
"704","ACCTGGTCAATTGAAG-1"
"705","ACCTGGTCACAGCCTG-1"
"706","ACCTGGTCAGATTCAT-1"
"707","ACCTGGTCAGGCTTCG-1"
"708","ACCTGGTCAGGCTTGT-1"
"709","ACCTGGTCATAAGCAA-1"
"710","ACCTGGTCATAAGGAC-1"
"711","ACCTGGTCATGATTGT-1"
"712","ACCTGTTGTAGGATTT-1"
"713","ACCTGTTGTGCCTCAC-1"
"714","ACCTGTTGTGTCCAGG-1"
"715","ACCTGTTGTTATGTGG-1"
"716","ACCTGTTGTTGTTCAC-1"
"717","ACCTTCATCAGCTAAC-1"
"718","ACCTTCATCATAATCG-1"
"719","ACCTTCATCCACCTGT-1"
"720","ACCTTCATCCGCAAGC-1"
"721","ACCTTCATCTTAATGG-1"
"722","ACCTTCATCTTGGATA-1"
"723","ACCTTCCAGACTTATG-1"
"724","ACCTTCCAGCCTAATA-1"
"725","ACCTTCCAGGCGAATA-1"
"726","ACCTTCCAGGTGAGAC-1"
"727","ACCTTCCAGTAAACCC-1"
"728","ACCTTCCAGTAATCCA-1"
"729","ACCTTCCAGTCAGGCC-1"
"730","ACCTTCCAGTCATTTC-1"
"731","ACCTTGCTCAAACACC-1"
"732","ACCTTGCTCAAACCGT-1"
"733","ACCTTGCTCACAGCGC-1"
"734","ACCTTGCTCCTCACAC-1"
"735","ACCTTGCTCGGTTTGG-1"
"736","ACCTTGTGTCAGGCAT-1"
"737","ACCTTGTGTTAATGAC-1"
"738","ACCTTGTGTTGCACGG-1"
"739","ACCTTGTGTTTAACGG-1"
"740","ACGAACAAGCCAAATC-1"
"741","ACGAACAAGCCACATG-1"
"742","ACGAACAAGGCGGATG-1"
"743","ACGAACAAGGTAGCTT-1"
"744","ACGAACAAGTTGCGTG-1"
"745","ACGAAGTCAGCATGGA-1"
"746","ACGAAGTCAGTGAACG-1"
"747","ACGAATCTCAATCTCT-1"
"748","ACGAATCTCATCGTTT-1"
"749","ACGAATCTCGATAACC-1"
"750","ACGAATCTCGCTATGG-1"
"751","ACGAATCTCTTAGCCC-1"
"752","ACGACAAAGCCTAATA-1"
"753","ACGACAAAGGGTGAAC-1"
"754","ACGACAAAGTTATGTG-1"
"755","ACGACAAAGTTGTCTT-1"
"756","ACGACAAAGTTTGCGG-1"
"757","ACGACTTAGGAACGGT-1"
"758","ACGACTTAGGTAGCTT-1"
"759","ACGACTTAGTTGTCAA-1"
"760","ACGAGTAAGACAACGA-1"
"761","ACGAGTAAGCGGCTGT-1"
"762","ACGAGTAAGCTATTAG-1"
"763","ACGAGTAAGGAAACTG-1"
"764","ACGAGTAAGGAGGACT-1"
"765","ACGAGTAAGGATCACT-1"
"766","ACGAGTAAGGATTGCT-1"
"767","ACGAGTAAGGCGCTTA-1"
"768","ACGAGTAAGTTTCCTG-1"
"769","ACGATTCAGAGCCGCT-1"
"770","ACGATTCAGCGATACT-1"
"771","ACGATTCAGTTATCCT-1"
"772","ACGCAAGCAATATAGG-1"
"773","ACGCAAGCACAAACTT-1"
"774","ACGCAAGCACAACAAA-1"
"775","ACGCAAGCACAACAGG-1"
"776","ACGCAAGCACACAATT-1"
"777","ACGCAAGCACGAATCC-1"
"778","ACGCAAGCATAGCTTG-1"
"779","ACGCAAGCATTGCGTA-1"
"780","ACGCACGGTATCTGGA-1"
"781","ACGCACGGTCCTTTAA-1"
"782","ACGCACGGTGTGTGGT-1"
"783","ACGCACGGTTTATCTG-1"
"784","ACGCACGGTTTGTCTA-1"
"785","ACGCCACAGCTGGCTA-1"
"786","ACGCCACAGGAGGGTT-1"
"787","ACGCCACAGGGATGCG-1"
"788","ACGCCACAGGTCCTGA-1"
"789","ACGCCACAGTGCTGTG-1"
"790","ACGCCTAAGATGGACA-1"
"791","ACGCCTAAGATGGAGC-1"
"792","ACGCCTAAGGAACCAA-1"
"793","ACGCCTAAGGTAACGA-1"
"794","ACGCCTAAGTTCCCAC-1"
"795","ACGCCTTTCAATGTCA-1"
"796","ACGCCTTTCGATATTG-1"
"797","ACGCTTGAGAAGGTGC-1"
"798","ACGCTTGAGAATCTCA-1"
"799","ACGCTTGAGACAAACG-1"
"800","ACGCTTGAGCACTAAC-1"
"801","ACGCTTGAGCCTGATG-1"
"802","ACGCTTGAGGACTTAC-1"
"803","ACGCTTGAGTTTCCGC-1"
"804","ACGGGAAGTACCTTAC-1"
"805","ACGGGAAGTCAATACG-1"
"806","ACGGGAAGTCACAGAC-1"
"807","ACGGGAAGTTCACTGT-1"
"808","ACGGGAAGTTCGCGCT-1"
"809","ACGGGAAGTTTAACGG-1"
"810","ACGGTACGTATGGTGC-1"
"811","ACGGTACGTGGAAACG-1"
"812","ACGGTACGTGGTTCTT-1"
"813","ACGGTACGTTGTGACA-1"
"814","ACGGTTAGTAATGGCC-1"
"815","ACGGTTAGTCACACCC-1"
"816","ACGGTTAGTCCAAGAC-1"
"817","ACGGTTAGTGCCTCAC-1"
"818","ACGGTTTAGCTGTACG-1"
"819","ACGGTTTAGCTTGCTC-1"
"820","ACGGTTTAGGATCCGC-1"
"821","ACGGTTTAGGCCAATT-1"
"822","ACGTACCCACCAGGTT-1"
"823","ACGTACCCACTGGCCA-1"
"824","ACGTACCCATCATGGC-1"
"825","ACGTACCCATGAATAG-1"
"826","ACGTACCCATGCTCCC-1"
"827","ACGTACCCATTATGCG-1"
"828","ACGTCAAGTTAGGATT-1"
"829","ACGTCCAAGACAGGTA-1"
"830","ACGTCCAAGCGGATAA-1"
"831","ACGTCCAAGCGGTTAT-1"
"832","ACGTCCAAGGGCCACT-1"
"833","ACGTCCAAGGTCGAGG-1"
"834","ACGTCCAAGTCAATTG-1"
"835","ACGTCCAAGTCTGGGC-1"
"836","ACGTCCAAGTGTTGCG-1"
"837","ACGTCCTTCAGCAAAG-1"
"838","ACGTCCTTCAGGGCCT-1"
"839","ACGTCCTTCGGCCATA-1"
"840","ACGTCCTTCTCGACCT-1"
"841","ACGTCCTTCTGGCAAT-1"
"842","ACGTCCTTCTGTAATG-1"
"843","ACGTTACAGCCTCTGT-1"
"844","ACGTTACAGCTTATGA-1"
"845","ACGTTACAGGGTTAGA-1"
"846","ACGTTGTAGACAAACG-1"
"847","ACGTTGTAGAGCCGCT-1"
"848","ACGTTGTAGGTAAGGC-1"
"849","ACGTTGTAGTCATGCG-1"
"850","ACTAAAGCACAAAGAC-1"
"851","ACTAAAGCACTTACAG-1"
"852","ACTAAAGCAGAGAGCC-1"
"853","ACTAAAGCAGTTTACG-1"
"854","ACTAACCAGAGGAGGA-1"
"855","ACTAACCAGGAGCACG-1"
"856","ACTAACCAGGGCCACT-1"
"857","ACTAACCAGGTGCGGA-1"
"858","ACTAACCAGTCACCAG-1"
"859","ACTAACGGTCAAGTGC-1"
"860","ACTAACGGTCCTAAGA-1"
"861","ACTAACGGTGCGCGTA-1"
"862","ACTAACTCAGCAAGAT-1"
"863","ACTAACTCAGGTCCTG-1"
"864","ACTAACTCATCCAGGT-1"
"865","ACTAATCCACAGAAAC-1"
"866","ACTAATCCACCTGCCT-1"
"867","ACTAATCCAGCAAGTG-1"
"868","ACTAATCCAGCCGCTA-1"
"869","ACTAATCCAGGCCTTG-1"
"870","ACTAATCCATGGTTAT-1"
"871","ACTATCCGTCATAACG-1"
"872","ACTATGTCAAGCGATG-1"
"873","ACTATGTCACAATGCC-1"
"874","ACTATGTCACGAATCC-1"
"875","ACTATGTCATAAGCAA-1"
"876","ACTATGTCATCAATCG-1"
"877","ACTATGTCATGGCCTG-1"
"878","ACTATGTCATTGCAGC-1"
"879","ACTCACCTCATTCATC-1"
"880","ACTCACCTCATTTGTC-1"
"881","ACTCACCTCCACCCTG-1"
"882","ACTCACCTCCGCCTCA-1"
"883","ACTCACCTCCTTAATC-1"
"884","ACTCACCTCGCGACAC-1"
"885","ACTCACCTCGTAATCA-1"
"886","ACTCACTGTAATCGTG-1"
"887","ACTCACTGTACAATGT-1"
"888","ACTCACTGTCTATCGT-1"
"889","ACTCACTGTCTTTGAC-1"
"890","ACTCACTGTGATTACG-1"
"891","ACTCACTGTGCTGGTG-1"
"892","ACTCAGTAGGCTAAGA-1"
"893","ACTCCTCAGCTGAGGG-1"
"894","ACTCCTCAGGTCAAAG-1"
"895","ACTCCTCAGGTTACGT-1"
"896","ACTCCTCAGTCATCCC-1"
"897","ACTCCTCAGTTTGAGC-1"
"898","ACTCGCGCAATCCCTT-1"
"899","ACTCGCGCAGAGGGAG-1"
"900","ACTCGCGCAGCAACCT-1"
"901","ACTCGCGCAGGCTTCG-1"
"902","ACTCGCTTCATGCATA-1"
"903","ACTCGCTTCATTGTCT-1"
"904","ACTCGCTTCGGTCAGC-1"
"905","ACTCGCTTCTCAATTC-1"
"906","ACTGAAACAAACCTAT-1"
"907","ACTGAAACAAAGCTCC-1"
"908","ACTGAAACACCTGGTG-1"
"909","ACTGAAACACTTAGGC-1"
"910","ACTGAAACAGTTAGCC-1"
"911","ACTGAATGTCACGAAC-1"
"912","ACTGAATGTGCGCATG-1"
"913","ACTGAATGTGTGCACG-1"
"914","ACTGAATGTTAGAGCC-1"
"915","ACTTACAAGACTTACA-1"
"916","ACTTACAAGGACCTGC-1"
"917","ACTTACAAGGAGTCGG-1"
"918","ACTTACAAGGTGTTAC-1"
"919","ACTTACAAGTGAACAG-1"
"920","ACTTACTTCAGAAACG-1"
"921","ACTTACTTCATAGACC-1"
"922","ACTTACTTCATTTGTC-1"
"923","ACTTACTTCCGTGACA-1"
"924","ACTTACTTCGCAGGCT-1"
"925","ACTTACTTCGGTTCCT-1"
"926","ACTTACTTCTCACATT-1"
"927","ACTTACTTCTTGCATT-1"
"928","ACTTAGGGTAACGGGA-1"
"929","ACTTAGGGTTAGCCAA-1"
"930","ACTTAGGGTTCATCTA-1"
"931","ACTTAGTCAAACGGGC-1"
"932","ACTTAGTCACCTAAGC-1"
"933","ACTTAGTCAGCTTAAT-1"
"934","ACTTAGTCAGGCCAAA-1"
"935","ACTTAGTCATAGGCGA-1"
"936","ACTTAGTCATGGTTAT-1"
"937","ACTTATCTCATGCTAA-1"
"938","ACTTATCTCATTGTTC-1"
"939","ACTTATCTCGACCTGA-1"
"940","ACTTATCTCGATTTAG-1"
"941","ACTTATCTCGCACAAT-1"
"942","ACTTATCTCGCCTGTT-1"
"943","ACTTATCTCGCTCACT-1"
"944","ACTTATCTCTAGCGAT-1"
"945","ACTTATCTCTCAATGA-1"
"946","ACTTATGAGCCTGATG-1"
"947","ACTTATGAGCTGTAAC-1"
"948","ACTTATGAGGACACTT-1"
"949","ACTTCGCTCAATTACG-1"
"950","ACTTCGCTCATTAGCA-1"
"951","ACTTCGCTCCGCCTAT-1"
"952","ACTTCGCTCCGTAAAC-1"
"953","ACTTCGCTCCGTTAAA-1"
"954","ACTTCGCTCGCTAAGT-1"
"955","ACTTCGCTCGCTATAA-1"
"956","ACTTGAATCCAGGTCA-1"
"957","ACTTGAATCCTGATTT-1"
"958","ACTTGAATCTTGCAAA-1"
"959","ACTTGCACAATATAGG-1"
"960","ACTTGCACACAATTAC-1"
"961","ACTTGCACAGTCTAGC-1"
"962","ACTTGCACAGTCTATG-1"
"963","ACTTGCACATGAATAG-1"
"964","ACTTGTAAGCAGGTGG-1"
"965","ACTTGTAAGCATGGTT-1"
"966","ACTTGTAAGCCTGTTC-1"
"967","ACTTGTAAGGTTTGAC-1"
"968","ACTTGTCGTAACGGGA-1"
"969","ACTTGTCGTACCGAAC-1"
"970","ACTTGTCGTACCGGAT-1"
"971","ACTTGTCGTATTACCC-1"
"972","ACTTGTCGTTATGTGG-1"
"973","ACTTTGTTCACAAGCT-1"
"974","ACTTTGTTCCCGTTGT-1"
"975","ACTTTGTTCTACTAAG-1"
"976","AGAAACCCAAACGGGC-1"
"977","AGAAACCCAACTAACT-1"
"978","AGAAACCCAATTAGCT-1"
"979","AGAAACCCACTCGCTC-1"
"980","AGAAACCCAGCCGCTA-1"
"981","AGAAACCCATTCCTGT-1"
"982","AGAAACTAGCAGGTTT-1"
"983","AGAAACTAGCGAGCGA-1"
"984","AGAAACTAGGCCAATT-1"
"985","AGAAACTAGGTAACGA-1"
"986","AGAAACTAGTCACCAG-1"
"987","AGAAACTAGTGACCTG-1"
"988","AGAAACTAGTTACCGG-1"
"989","AGAAAGGCAAGGTACG-1"
"990","AGAAAGGCACCTGTAA-1"
"991","AGAAAGGCATTGACAT-1"
"992","AGAACAAGTAGCCTCC-1"
"993","AGAACAAGTAGGTTGC-1"
"994","AGAACAAGTGTGCAAC-1"
"995","AGAACAAGTTAGGCGT-1"
"996","AGAACCAAGCTTCTCA-1"
"997","AGAACCAAGGACCTGC-1"
"998","AGAACCAAGGTCCGTA-1"
"999","AGAACCAAGTCAGTAC-1"
"1000","AGAACCGCAAGTAAGC-1"
"1001","AGAACCGCAATTATGC-1"
"1002","AGAACCGCACGTAATT-1"
"1003","AGAACCGCAGGCTAGA-1"
"1004","AGAACCGCATCCCGCT-1"
"1005","AGAACCGCATTGTCAG-1"
"1006","AGAAGGTGTATTCGTC-1"
"1007","AGAATCGAGACAGGTA-1"
"1008","AGAATCGAGCCTGGTA-1"
"1009","AGAATCGAGGAGCAAC-1"
"1010","AGAATCGAGGGACGCA-1"
"1011","AGAATCGAGTTCCTCA-1"
"1012","AGAATCTGTATGGTGC-1"
"1013","AGAATCTGTGTTTGTC-1"
"1014","AGAATCTGTTTATGGG-1"
"1015","AGACAATAGCATTTCT-1"
"1016","AGACAATAGCTTCTCA-1"
"1017","AGACAATAGGAAGCAC-1"
"1018","AGACAATAGGCCATCA-1"
"1019","AGACAATAGGCCTAAT-1"
"1020","AGACAATAGTAAGGGC-1"
"1021","AGACAATAGTTCCCAC-1"
"1022","AGACACGCAATCATGT-1"
"1023","AGACACGCACAAAGCG-1"
"1024","AGACACGCACATAACT-1"
"1025","AGACACGCACATAGCC-1"
"1026","AGACACGCAGGCGATA-1"
"1027","AGACACGCATGTTGCA-1"
"1028","AGACCCGGTCATAAGT-1"
"1029","AGACCCGGTTCATCTA-1"
"1030","AGACTATGTGCATTAG-1"
"1031","AGACTATGTGGCTTCC-1"
"1032","AGAGAAGCACAGACTC-1"
"1033","AGAGAAGCACATAGCC-1"
"1034","AGAGAAGCATCCAGGT-1"
"1035","AGAGAGGAGGATCCGC-1"
"1036","AGAGAGGAGGCCATCA-1"
"1037","AGAGATTAGCTAATTG-1"
"1038","AGAGATTAGGATCACT-1"
"1039","AGAGATTAGGCCTTAG-1"
"1040","AGAGATTAGGCTTAGT-1"
"1041","AGAGGAACAACCGCCA-1"
"1042","AGAGGAACAAGCTACC-1"
"1043","AGAGGAACAGCTACGT-1"
"1044","AGAGGAACAGGATTAA-1"
"1045","AGAGGAACAGTTATCG-1"
"1046","AGAGGAACAGTTATGT-1"
"1047","AGAGGATGTAGGTGTC-1"
"1048","AGAGGATGTGTTGTAG-1"
"1049","AGAGGATGTGTTTGCT-1"
"1050","AGAGGATGTTCCAGGG-1"
"1051","AGATGAAGTATACTGG-1"
"1052","AGATGAAGTGGAAACG-1"
"1053","AGATGAAGTGGATTAT-1"
"1054","AGATGAAGTTGGATCA-1"
"1055","AGATGCTTCCTGGTCT-1"
"1056","AGATGCTTCTAGCGAT-1"
"1057","AGCAAATAGAGGATAT-1"
"1058","AGCAAATAGCCGGTAC-1"
"1059","AGCAAATAGCGTGCGT-1"
"1060","AGCAAATAGCTCCTTA-1"
"1061","AGCAAATAGTGAACCT-1"
"1062","AGCAACAAGCACGTTG-1"
"1063","AGCAACAAGGACCGCT-1"
"1064","AGCAACAAGGAGGTTA-1"
"1065","AGCAACAAGTATTGCA-1"
"1066","AGCAAGGGTCTTGCAT-1"
"1067","AGCAAGGGTTGGATCA-1"
"1068","AGCAAGGGTTGGCCGA-1"
"1069","AGCAAGGGTTTAGCGA-1"
"1070","AGCAAGGGTTTGTCTA-1"
"1071","AGCAATACAATGAATG-1"
"1072","AGCAATACAATTGACT-1"
"1073","AGCAATACACTATGGC-1"
"1074","AGCAATTGTTAGCAGC-1"
"1075","AGCAATTGTTAGTACG-1"
"1076","AGCACAGCAATAAGCA-1"
"1077","AGCACAGCAGCCGCTA-1"
"1078","AGCACAGCATAGCTGC-1"
"1079","AGCACAGCATGCATAT-1"
"1080","AGCACTAGTCATGCAA-1"
"1081","AGCACTAGTTTCGCGC-1"
"1082","AGCACTTAGGTACCGC-1"
"1083","AGCACTTAGTACTGGT-1"
"1084","AGCACTTAGTAGCGGG-1"
"1085","AGCACTTAGTCCTTCA-1"
"1086","AGCAGGTAGCGGCTGT-1"
"1087","AGCAGGTAGCTAAAGG-1"
"1088","AGCAGGTAGGCACAGG-1"
"1089","AGCATCCCAAACGCGA-1"
"1090","AGCATCCCAGTCTATG-1"
"1091","AGCATTTCAACAACAA-1"
"1092","AGCATTTCAAGGAATC-1"
"1093","AGCATTTCAATCGCAC-1"
"1094","AGCATTTCACATAGCC-1"
"1095","AGCATTTCAGCCAGTT-1"
"1096","AGCCAGTGTATTGCAG-1"
"1097","AGCCAGTGTGCACGCA-1"
"1098","AGCCAGTGTGCCTCAC-1"
"1099","AGCCAGTGTGTCCTGC-1"
"1100","AGCCAGTGTTAAGGTT-1"
"1101","AGCCGCTAGAACCTAC-1"
"1102","AGCCGCTAGCCGCAGT-1"
"1103","AGCCGCTAGCCTGAGC-1"
"1104","AGCCGCTAGTAAAGGT-1"
"1105","AGCCGGTTCACAGCCA-1"
"1106","AGCCGGTTCATTAGGC-1"
"1107","AGCCGGTTCCAGCACA-1"
"1108","AGCCGGTTCGTTAAGC-1"
"1109","AGCCTAAGTAACGGGA-1"
"1110","AGCCTAAGTAACTACG-1"
"1111","AGCCTAAGTGCTCACC-1"
"1112","AGCCTAAGTTACTTGC-1"
"1113","AGCCTAAGTTAGTGAT-1"
"1114","AGCCTCCGTCAAGTGC-1"
"1115","AGCCTCCGTCATGAGC-1"
"1116","AGCCTCCGTGATGAGG-1"
"1117","AGCCTCCGTGGATTGC-1"
"1118","AGCCTCCGTTATGTGG-1"
"1119","AGCCTCCGTTCAAGCA-1"
"1120","AGCCTCCGTTGGTTAG-1"
"1121","AGCCTGGGTAAGGTCC-1"
"1122","AGCCTGGGTAATAGCT-1"
"1123","AGCCTGGGTGCATTAG-1"
"1124","AGCCTGGGTTCAAGAT-1"
"1125","AGCCTGGGTTCCGCAC-1"
"1126","AGCGATTTCATTGCGG-1"
"1127","AGCGATTTCCGCAAGC-1"
"1128","AGCGATTTCCTAAATG-1"
"1129","AGCGATTTCCTAAGGT-1"
"1130","AGCGATTTCGTTAAGC-1"
"1131","AGCGCCTAGCATGCAT-1"
"1132","AGCGCCTAGTAACTCA-1"
"1133","AGCGCTCAGATTGAGG-1"
"1134","AGCGCTCAGGCTGGCT-1"
"1135","AGCGGACCAAACTCAT-1"
"1136","AGCGGACCAACAGCCT-1"
"1137","AGCGGACCACAGAAAC-1"
"1138","AGCGGACCACAGGGAC-1"
"1139","AGCGGACCAGATAGAC-1"
"1140","AGCGGACCAGCTCAAC-1"
"1141","AGCGGACCAGGAACTG-1"
"1142","AGCGGACCATTAGGTT-1"
"1143","AGCGGATAGCTTCCCG-1"
"1144","AGCGGATAGGTCAAAG-1"
"1145","AGCGTGCTCATCCTCA-1"
"1146","AGCGTGCTCATTACGA-1"
"1147","AGCGTGCTCCTTAGTT-1"
"1148","AGCGTGCTCGCAATCG-1"
"1149","AGCGTGCTCTAAATCG-1"
"1150","AGCTAAACAATGAATG-1"
"1151","AGCTAAACACAAGCCT-1"
"1152","AGCTAAACACTAAGTT-1"
"1153","AGCTAAACATAATTGC-1"
"1154","AGCTAAACATCGCTCC-1"
"1155","AGCTAACTCACACAGT-1"
"1156","AGCTAACTCAGGTCCA-1"
"1157","AGCTAACTCGCAAACT-1"
"1158","AGCTAACTCTTAGCCC-1"
"1159","AGCTACGTCACCTGTC-1"
"1160","AGCTACGTCCCTTGCG-1"
"1161","AGCTACGTCGCTAGTG-1"
"1162","AGCTACGTCTTGCTAT-1"
"1163","AGCTACTAGAAACTGG-1"
"1164","AGCTACTAGCCTCTGT-1"
"1165","AGCTACTAGCGCTCAA-1"
"1166","AGCTACTAGTCACTCC-1"
"1167","AGCTACTAGTTCCCAC-1"
"1168","AGCTAGTTCAGCATTA-1"
"1169","AGCTAGTTCGATTATG-1"
"1170","AGCTAGTTCTCCATAT-1"
"1171","AGCTAGTTCTGTAAGC-1"
"1172","AGCTATATCGGGCCAT-1"
"1173","AGCTATATCTACTAAG-1"
"1174","AGCTATATCTTGGACG-1"
"1175","AGCTCATAGAACCTGT-1"
"1176","AGCTCATAGATAACCC-1"
"1177","AGCTCATAGCATGGTT-1"
"1178","AGCTCATAGGCGAATA-1"
"1179","AGCTCATAGGTGTCCA-1"
"1180","AGCTGCTCAAACTAAG-1"
"1181","AGCTGCTCAAATACCT-1"
"1182","AGCTGCTCACAGAACG-1"
"1183","AGCTGCTCACCTAAGC-1"
"1184","AGCTGCTCAGTCTAAT-1"
"1185","AGCTTAATCATAGCCG-1"
"1186","AGCTTAATCATGGTGT-1"
"1187","AGCTTAATCCTGATGG-1"
"1188","AGCTTAATCCTTAAGA-1"
"1189","AGCTTAATCGGTTACG-1"
"1190","AGCTTAATCGGTTCCT-1"
"1191","AGCTTAATCGTCAAGT-1"
"1192","AGCTTAATCGTTCACC-1"
"1193","AGCTTAATCTGGTCCT-1"
"1194","AGCTTAATCTGTGAGT-1"
"1195","AGCTTCCTCACCGGTA-1"
"1196","AGCTTCCTCATGCTTT-1"
"1197","AGCTTCCTCCAGCACA-1"
"1198","AGCTTCCTCCCTGTTA-1"
"1199","AGCTTCCTCCTGGTGA-1"
"1200","AGCTTGGTCGCAAACT-1"
"1201","AGCTTGGTCTTAAGTG-1"
"1202","AGCTTTAAGAGGAGTC-1"
"1203","AGCTTTAAGGGCTAAA-1"
"1204","AGCTTTAAGTCTTGAA-1"
"1205","AGGAAACGTCATGAGC-1"
"1206","AGGAAACGTGTCCAGG-1"
"1207","AGGAAACGTTCCGGCT-1"
"1208","AGGAACCAGCGAGGTG-1"
"1209","AGGAACCAGCTTAACA-1"
"1210","AGGAACCAGTTAGGCT-1"
"1211","AGGAACCAGTTGTCAA-1"
"1212","AGGACGTAGAACCTGT-1"
"1213","AGGACGTAGAGAGCCG-1"
"1214","AGGACGTAGGCCTAAT-1"
"1215","AGGACGTAGGGCCACT-1"
"1216","AGGACGTAGTTGGCCA-1"
"1217","AGGACTAAGACACTTA-1"
"1218","AGGACTAAGCACGATT-1"
"1219","AGGACTAAGCTTCCCG-1"
"1220","AGGACTAAGGGTCCAC-1"
"1221","AGGACTAAGGGTGAAC-1"
"1222","AGGAGCTAGCCGCAAC-1"
"1223","AGGAGCTAGTGATTCA-1"
"1224","AGGATATAGCATCCAG-1"
"1225","AGGATATAGGACAATG-1"
"1226","AGGATATAGGAGGTTA-1"
"1227","AGGATATAGTGAAGTG-1"
"1228","AGGATCCGTATACTGG-1"
"1229","AGGATCCGTTCGCTCA-1"
"1230","AGGATGCAGACAACGA-1"
"1231","AGGATGCAGGCCTGGT-1"
"1232","AGGATGTCACTCAACA-1"
"1233","AGGATGTCAGGCGAGT-1"
"1234","AGGATGTCAGGTTCAC-1"
"1235","AGGATGTCATGCATAT-1"
"1236","AGGATGTCATTGTGTG-1"
"1237","AGGATTGAGGACGTAA-1"
"1238","AGGATTGAGGCTACTG-1"
"1239","AGGATTGAGTTATCTC-1"
"1240","AGGCAATCAAACCCTA-1"
"1241","AGGCAATCAACTGGCT-1"
"1242","AGGCAATCAATAAGCA-1"
"1243","AGGCAATCAATTTGGT-1"
"1244","AGGCAATCATAAGGAC-1"
"1245","AGGCAGGTCAAGCTTA-1"
"1246","AGGCAGGTCCAAGTTA-1"
"1247","AGGCAGGTCCAGCACA-1"
"1248","AGGCCCAGTAGGTTAT-1"
"1249","AGGCCCAGTAGGTTGC-1"
"1250","AGGCCCAGTCACCTAT-1"
"1251","AGGCCCAGTCAGGCAT-1"
"1252","AGGCCCAGTCTTGCAT-1"
"1253","AGGCCCAGTTAATGAC-1"
"1254","AGGCCCAGTTTCCGGC-1"
"1255","AGGCGGATCCCGAACA-1"
"1256","AGGCGGATCCTAGTAA-1"
"1257","AGGCGGATCGCTAGCA-1"
"1258","AGGCGGATCGGTTAGT-1"
"1259","AGGCGGATCTATCGCC-1"
"1260","AGGCGGATCTTGCTAT-1"
"1261","AGGCTAAAGCCACAAT-1"
"1262","AGGCTAAAGCGCATTG-1"
"1263","AGGCTAAAGTAAGAAC-1"
"1264","AGGCTAAAGTCAATCA-1"
"1265","AGGCTAAAGTCGCTAG-1"
"1266","AGGCTAAAGTTGCGTG-1"
"1267","AGGCTAGCAGCCAGAA-1"
"1268","AGGGCCTTCGATTATG-1"
"1269","AGGGCCTTCGCTAGAT-1"
"1270","AGGGCCTTCGCTATAA-1"
"1271","AGGGCCTTCGTTAAGC-1"
"1272","AGGGCCTTCTATCGCC-1"
"1273","AGGGCTACAAGCGAGC-1"
"1274","AGGGCTACACAACCTA-1"
"1275","AGGGCTACATCCCGCT-1"
"1276","AGGGTTGCAAGTGTTT-1"
"1277","AGGGTTGCACATTAAC-1"
"1278","AGGGTTGCACCTAAGC-1"
"1279","AGGTAACCACTTGTTC-1"
"1280","AGGTACGCAATATAGG-1"
"1281","AGGTACGCAGTTGCGT-1"
"1282","AGGTATTGTCTAACAG-1"
"1283","AGGTATTGTGTAACCA-1"
"1284","AGGTATTGTTGGCCGA-1"
"1285","AGGTCAAAGCCGCAAC-1"
"1286","AGGTCAAAGCTGGACC-1"
"1287","AGGTCAAAGTTTGAGC-1"
"1288","AGGTCATTCAGCATTA-1"
"1289","AGGTCATTCGCTTCTA-1"
"1290","AGGTCATTCGTTACTT-1"
"1291","AGGTCATTCTGTTGCC-1"
"1292","AGGTCCGGTCCGGTTC-1"
"1293","AGGTCCGGTGAATCGC-1"
"1294","AGGTCCGGTGTAACCA-1"
"1295","AGGTCCGGTTCCTGTG-1"
"1296","AGGTCTTAGACAACGA-1"
"1297","AGGTCTTAGAGGAAGG-1"
"1298","AGGTCTTAGGGCCACT-1"
"1299","AGGTCTTAGTGACCTG-1"
"1300","AGGTGAATCACACAGT-1"
"1301","AGGTGAATCATTGTTC-1"
"1302","AGGTGAATCCCAGTAG-1"
"1303","AGGTGAATCCTAAGGT-1"
"1304","AGGTGAATCCTCAGCT-1"
"1305","AGGTGAATCCTTAAGA-1"
"1306","AGGTGAATCGGTTTCC-1"
"1307","AGGTGAATCTAACCTT-1"
"1308","AGGTGAGGTATTGTCC-1"
"1309","AGGTGAGGTGGGTACT-1"
"1310","AGGTGAGGTTAGTTGG-1"
"1311","AGGTGAGGTTCACTGT-1"
"1312","AGGTGAGGTTCGGTAA-1"
"1313","AGGTTAACAAGACTCC-1"
"1314","AGGTTAACACAGCCTG-1"
"1315","AGGTTAACACCTAATG-1"
"1316","AGGTTAACAGAACCGA-1"
"1317","AGGTTAACAGGCCAAA-1"
"1318","AGGTTAACAGTCTATG-1"
"1319","AGGTTACTCCGCCTAT-1"
"1320","AGGTTACTCCGGTTAG-1"
"1321","AGGTTACTCGTTAACA-1"
"1322","AGGTTACTCTCGCCTG-1"
"1323","AGGTTACTCTGTGCAG-1"
"1324","AGGTTAGAGCTACTGG-1"
"1325","AGGTTAGAGTCATGCG-1"
"1326","AGGTTGCGTTCACCCA-1"
"1327","AGGTTGCGTTTATTCG-1"
"1328","AGGTTTATCACTCAAA-1"
"1329","AGGTTTATCTAGCTTT-1"
"1330","AGGTTTGGTATACTGG-1"
"1331","AGGTTTGGTCATTACC-1"
"1332","AGGTTTGGTGACCTGG-1"
"1333","AGGTTTGGTGCGCAAT-1"
"1334","AGGTTTGGTGCTGTAA-1"
"1335","AGGTTTGGTTAGGTGC-1"
"1336","AGTAAACAGTAACAGG-1"
"1337","AGTAAACAGTGAGGGT-1"
"1338","AGTAACACAATTGACT-1"
"1339","AGTAACACACAAACTT-1"
"1340","AGTAACACAGCATTAT-1"
"1341","AGTAACACAGCCGCTA-1"
"1342","AGTAACACAGTTGCGT-1"
"1343","AGTAACCTCGGCTATG-1"
"1344","AGTAACCTCTAAGTCA-1"
"1345","AGTAACCTCTACCTGC-1"
"1346","AGTAACCTCTCGACCT-1"
"1347","AGTAACCTCTTAGGGT-1"
"1348","AGTAACGAGCTAATTG-1"
"1349","AGTAACGAGGCTAATC-1"
"1350","AGTAACGAGGGACTAA-1"
"1351","AGTAACGAGGTTTGCG-1"
"1352","AGTAAGTAGATAACCC-1"
"1353","AGTAAGTAGGCGGATG-1"
"1354","AGTAATCGTAAGGTCC-1"
"1355","AGTAATCGTCAATACG-1"
"1356","AGTAATCGTCGCAAAC-1"
"1357","AGTAATCGTGCATTAG-1"
"1358","AGTAATCGTTGCGGAT-1"
"1359","AGTAATGCACAAAGGT-1"
"1360","AGTAATGCACAATGTT-1"
"1361","AGTAATGCACCTCGCT-1"
"1362","AGTAATGCACCTGGTG-1"
"1363","AGTAATGCACTCAACA-1"
"1364","AGTAATGCAGAGGCTA-1"
"1365","AGTAATGCAGCAGGTA-1"
"1366","AGTAATGCAGGAACTG-1"
"1367","AGTAATGCAGGACACA-1"
"1368","AGTAATGCAGGACCTT-1"
"1369","AGTAATGCATAATCAC-1"
"1370","AGTAATGCATCGTTCT-1"
"1371","AGTAATGCATGCAACC-1"
"1372","AGTAATGCATTAGCGC-1"
"1373","AGTACGCGTAGCTGGT-1"
"1374","AGTACGCGTCAATACG-1"
"1375","AGTACGCGTCACGAAC-1"
"1376","AGTACGCGTCATTGAG-1"
"1377","AGTACGCGTTAGAGGG-1"
"1378","AGTACGCGTTCCAGGG-1"
"1379","AGTACGCGTTGGTGAC-1"
"1380","AGTACGCGTTTAGCGA-1"
"1381","AGTAGCTTCGTAATCA-1"
"1382","AGTAGCTTCTAGCGTG-1"
"1383","AGTAGGATCATAATCG-1"
"1384","AGTAGGATCCGCCTAT-1"
"1385","AGTAGGATCTAAGTGC-1"
"1386","AGTAGGATCTGTGCCT-1"
"1387","AGTATAGCAAACGGGC-1"
"1388","AGTATAGCAAGCGAGC-1"
"1389","AGTATAGCAAGGTGCA-1"
"1390","AGTATAGCATTATGGT-1"
"1391","AGTCAAGAGGACCTGC-1"
"1392","AGTCAAGAGGCAAGTA-1"
"1393","AGTCAAGAGGCTAGAA-1"
"1394","AGTCAAGAGGTCCTAG-1"
"1395","AGTCAAGAGTAGGATG-1"
"1396","AGTCAAGAGTCAGGCC-1"
"1397","AGTCAAGAGTGGCGGA-1"
"1398","AGTCAAGAGTTTGCGG-1"
"1399","AGTCAATGTACCGAAC-1"
"1400","AGTCAATGTTAAATGC-1"
"1401","AGTCAATGTTAGAGGG-1"
"1402","AGTCAATGTTTGCGAA-1"
"1403","AGTCAGGCACGGTACT-1"
"1404","AGTCAGGCAGGAACCA-1"
"1405","AGTCAGGCATTGTGAT-1"
"1406","AGTCCTGAGAAACTGG-1"
"1407","AGTCCTGAGACAACGA-1"
"1408","AGTCCTGAGACAGGTA-1"
"1409","AGTCCTGAGGCCCAGT-1"
"1410","AGTCCTGAGGGTGAGT-1"
"1411","AGTCCTGAGGGTTAGA-1"
"1412","AGTCCTTGTACCGTTT-1"
"1413","AGTCCTTGTACGGGTT-1"
"1414","AGTCCTTGTTTGAGGC-1"
"1415","AGTCGCATCGGTAACT-1"
"1416","AGTCGCATCTAAGTGC-1"
"1417","AGTCGCATCTTAGTGA-1"
"1418","AGTCTTGCAATAATCC-1"
"1419","AGTCTTGCAATAGCCC-1"
"1420","AGTCTTGCAATTAGCT-1"
"1421","AGTCTTGCACTAAGCC-1"
"1422","AGTCTTGCAGTAAGTA-1"
"1423","AGTGAACCAAAGCTAA-1"
"1424","AGTGAACCACTAGCGT-1"
"1425","AGTGAACCACTCAACA-1"
"1426","AGTGAACCAGTCTAGC-1"
"1427","AGTGAACCATTGTGTG-1"
"1428","AGTGAGTCAACTGGCT-1"
"1429","AGTGAGTCAGTCTAGC-1"
"1430","AGTGAGTCATGCTTAG-1"
"1431","AGTGAGTCATTCCTCG-1"
"1432","AGTGATGAGGACCTCA-1"
"1433","AGTGATGAGGCGAATA-1"
"1434","AGTGCACGTAATGGAA-1"
"1435","AGTGCACGTAGGTGTC-1"
"1436","AGTGCACGTGCTGGTG-1"
"1437","AGTGCACGTTATAGCG-1"
"1438","AGTGCACGTTGAGCCG-1"
"1439","AGTGCACGTTGCCTCA-1"
"1440","AGTGCCGGTATTGGAT-1"
"1441","AGTGCCGGTCATAGAT-1"
"1442","AGTGCCGGTCCTAACT-1"
"1443","AGTGCCGGTTATAGCG-1"
"1444","AGTGCCGGTTATGTGG-1"
"1445","AGTGCGGAGGTCGATT-1"
"1446","AGTGCGGAGTAACAGG-1"
"1447","AGTGCGGAGTGAAGTG-1"
"1448","AGTGGACAGCATGGTT-1"
"1449","AGTGGACAGCTTGCTC-1"
"1450","AGTGGACAGGATTGCT-1"
"1451","AGTGGACAGGCTGGCT-1"
"1452","AGTGGACAGGCTGTCA-1"
"1453","AGTGGACAGTCCTTCA-1"
"1454","AGTGTGGCAAGCGAGC-1"
"1455","AGTGTGGCACTTCACT-1"
"1456","AGTGTGGCAGGCTGTT-1"
"1457","AGTGTTTCATTGGGAG-1"
"1458","AGTTACATCATTACTC-1"
"1459","AGTTACTCAATTAACC-1"
"1460","AGTTACTCACCTAAGC-1"
"1461","AGTTACTCAGTTATGT-1"
"1462","AGTTACTCATCACAGC-1"
"1463","AGTTACTCATCCCTCA-1"
"1464","AGTTATGTCACAGACT-1"
"1465","AGTTATGTCGGTCAGC-1"
"1466","AGTTATGTCGTTAAGC-1"
"1467","AGTTATGTCTATCGCC-1"
"1468","AGTTATGTCTCTAGCC-1"
"1469","AGTTATGTCTGTGCCT-1"
"1470","AGTTGCAGTAACAGGG-1"
"1471","AGTTGCAGTAACTACG-1"
"1472","AGTTGCAGTCCTCCAA-1"
"1473","AGTTGCAGTTAGTACG-1"
"1474","AGTTGCAGTTATGTGG-1"
"1475","AGTTGCGTCACAGCCA-1"
"1476","AGTTGCGTCACTTTAC-1"
"1477","AGTTGCGTCAGCAAAG-1"
"1478","AGTTGCGTCAGGCCTA-1"
"1479","AGTTGCGTCATGGCTG-1"
"1480","AGTTGCGTCTGTTCAT-1"
"1481","AGTTGGCGTGCGCATG-1"
"1482","AGTTGTCAGCGGATAA-1"
"1483","AGTTTGATCAAGTGTC-1"
"1484","AGTTTGATCAGTTCCC-1"
"1485","AGTTTGATCCCTGTTA-1"
"1486","AGTTTGATCCTGAATA-1"
"1487","AGTTTGATCCTTCGTA-1"
"1488","AGTTTGCAGACTCGCA-1"
"1489","AGTTTGCAGCCTCTGT-1"
"1490","AGTTTGCAGTTAGTTG-1"
"1491","ATAACGACAGCATGTC-1"
"1492","ATAACGACAGGAATCG-1"
"1493","ATAACGACAGGCCATT-1"
"1494","ATAACGACAGGCTACT-1"
"1495","ATAACGACAGGTTAAA-1"
"1496","ATAACGACAGTAGCCT-1"
"1497","ATAACGACATGGCCCA-1"
"1498","ATAACGACATGGTTAT-1"
"1499","ATAACGACATTCAGCA-1"
"1500","ATAAGCCTCATTTGTC-1"
"1501","ATAAGCCTCGCCTGTT-1"
"1502","ATAAGCCTCTAATCTC-1"
"1503","ATAAGCCTCTCCATAT-1"
"1504","ATAAGCCTCTCCATGC-1"
"1505","ATAAGTCGTATTGTCC-1"
"1506","ATAATGGCAATTAGGA-1"
"1507","ATAATGGCACATTGCA-1"
"1508","ATAATGGCACCCTCAC-1"
"1509","ATAATGGCAGTTATGT-1"
"1510","ATAATGGCATCGCTCC-1"
"1511","ATACCGGTCACAGACT-1"
"1512","ATACCGGTCGCATTAA-1"
"1513","ATACCGGTCTAATTGG-1"
"1514","ATACCTGCAATAACGA-1"
"1515","ATACCTGCACTAGCGT-1"
"1516","ATACCTGCAGGTTACC-1"
"1517","ATACCTGCAGTTATCG-1"
"1518","ATAGATGCAAAGGTAC-1"
"1519","ATAGATGCAACAGCCT-1"
"1520","ATAGATGCAATTGCGC-1"
"1521","ATAGATGCACAACCTA-1"
"1522","ATAGATGCACATGCTA-1"
"1523","ATAGATGCACCAAAGG-1"
"1524","ATAGATGCACCTGCCT-1"
"1525","ATAGATGCACTAGCGT-1"
"1526","ATAGATGCATTTAAGC-1"
"1527","ATAGCATGTAACTACG-1"
"1528","ATAGCATGTCACAGCG-1"
"1529","ATAGCATGTGATTACG-1"
"1530","ATAGCATGTGCATTAG-1"
"1531","ATAGGTACAATAGTCT-1"
"1532","ATAGGTACAATCCCTT-1"
"1533","ATAGGTACACAAGCCT-1"
"1534","ATAGGTACACCCACCT-1"
"1535","ATAGGTACACTTAACG-1"
"1536","ATAGGTACAGCTACGT-1"
"1537","ATAGGTACATTGGGAG-1"
"1538","ATATAGGCAAGGACCA-1"
"1539","ATATAGGCACCGGTAT-1"
"1540","ATATAGGCACGGTACT-1"
"1541","ATATAGGCAGGTATTT-1"
"1542","ATATAGGCAGTAGGAT-1"
"1543","ATATGCATCACAAGCT-1"
"1544","ATATGCATCACATTGA-1"
"1545","ATATGCATCGCTTCTA-1"
"1546","ATATGCTCAATTAGCT-1"
"1547","ATATGCTCACAGCCAT-1"
"1548","ATATGCTCACATAGCC-1"
"1549","ATATGCTCATTGCAGC-1"
"1550","ATATGGTGTCATAAGT-1"
"1551","ATATGGTGTGAATCGC-1"
"1552","ATATGGTGTGGGTGAA-1"
"1553","ATATGGTGTTAGGCTA-1"
"1554","ATATGGTGTTGTTGCT-1"
"1555","ATATGGTGTTTACGTC-1"
"1556","ATATGTCCAATTAACC-1"
"1557","ATATGTCCACGTTACA-1"
"1558","ATATGTCCAGGAACAT-1"
"1559","ATATGTCCATTGTTGG-1"
"1560","ATCAAGACAACCCTCC-1"
"1561","ATCAAGACAAGGCCAA-1"
"1562","ATCAAGACAAGGTACG-1"
"1563","ATCAAGACAGGCGATA-1"
"1564","ATCAAGCTCACAAGCT-1"
"1565","ATCAAGCTCCTGATGG-1"
"1566","ATCAAGCTCTTAGTGA-1"
"1567","ATCAATCCAAATACCT-1"
"1568","ATCAATCCAATAGTCT-1"
"1569","ATCAATCCAATCCCTT-1"
"1570","ATCAATCCAGCTTAGC-1"
"1571","ATCAATCCATCCCGCT-1"
"1572","ATCACAATCATGACCG-1"
"1573","ATCACAATCCATAAGC-1"
"1574","ATCACAATCGAGGAAC-1"
"1575","ATCACAATCGCTAGCA-1"
"1576","ATCACACAGAGAGCCG-1"
"1577","ATCACACAGGTCCAAT-1"
"1578","ATCACACAGTAAAGGT-1"
"1579","ATCACCCTCGGGATTT-1"
"1580","ATCACTAAGATAGACG-1"
"1581","ATCACTAAGCAAGGTA-1"
"1582","ATCACTAAGCATTTCT-1"
"1583","ATCACTAAGCCTGACA-1"
"1584","ATCACTAAGGTCATTA-1"
"1585","ATCACTAAGTGGCGGA-1"
"1586","ATCAGGTTCACATTGA-1"
"1587","ATCAGGTTCCCTCGCA-1"
"1588","ATCAGGTTCCGGAACC-1"
"1589","ATCAGGTTCTGCAAGT-1"
"1590","ATCAGGTTCTGGCAAT-1"
"1591","ATCATCAAGGCAAGTA-1"
"1592","ATCATCAAGTCATTGA-1"
"1593","ATCATCAAGTGAACGA-1"
"1594","ATCATCAAGTTAGGCT-1"
"1595","ATCATGTCAACTAGAA-1"
"1596","ATCCAACAGCACAGAA-1"
"1597","ATCCAACAGCACAGGG-1"
"1598","ATCCAACAGCCTGACA-1"
"1599","ATCCAACAGTTCCCGT-1"
"1600","ATCCACCTCAATCATG-1"
"1601","ATCCACCTCCGCATGA-1"
"1602","ATCCACCTCCTGAGTG-1"
"1603","ATCCACCTCGGGACCT-1"
"1604","ATCCATAAGACTTACA-1"
"1605","ATCCATAAGGAAGTAT-1"
"1606","ATCCATAAGGCTACTG-1"
"1607","ATCCATAAGGTCCAAT-1"
"1608","ATCCATAAGGTTTGCG-1"
"1609","ATCCATAAGTAACAGG-1"
"1610","ATCCATAAGTATTGTG-1"
"1611","ATCCATAAGTTTCCTG-1"
"1612","ATCCCGCGTAGCTGCG-1"
"1613","ATCCCGCGTCTATCGT-1"
"1614","ATCCCGCGTTAGGCTA-1"
"1615","ATCCCGCGTTCGGGAT-1"
"1616","ATCCGTGAGAACAAGT-1"
"1617","ATCCGTGAGCGGATAA-1"
"1618","ATCCGTGAGCTATTGA-1"
"1619","ATCCGTGAGGCCCAGT-1"
"1620","ATCCGTGAGGTCGATT-1"
"1621","ATCCGTGAGTTATGTG-1"
"1622","ATCCGTGAGTTTCCGC-1"
"1623","ATCCTCATCGGTCAAT-1"
"1624","ATCCTCATCGTTATAG-1"
"1625","ATCCTCATCTTTGTAC-1"
"1626","ATCCTGACAATAAGCA-1"
"1627","ATCCTGACACAACCTA-1"
"1628","ATCCTGACACGTGCTG-1"
"1629","ATCCTGACAGCCTTGG-1"
"1630","ATCCTGACAGTTAGCC-1"
"1631","ATCCTGACATAAAGCA-1"
"1632","ATCCTGACATCGTTCT-1"
"1633","ATCCTTAGTACCCACC-1"
"1634","ATCCTTAGTCAATAGT-1"
"1635","ATCCTTAGTTAGGACC-1"
"1636","ATCGAGGCAAACATAG-1"
"1637","ATCGAGGCAATTGACT-1"
"1638","ATCGAGGCACGGTACT-1"
"1639","ATCGAGGCAGGTCCTG-1"
"1640","ATCGAGGCAGGTTAAA-1"
"1641","ATCGAGGCATATTGAC-1"
"1642","ATCGAGGCATGTCAAT-1"
"1643","ATCGCCCGTACCGAAC-1"
"1644","ATCGCCCGTAGCCTCC-1"
"1645","ATCGCCCGTATACTGG-1"
"1646","ATCGCCCGTCCTTCTC-1"
"1647","ATCGCCCGTCTTACTA-1"
"1648","ATCGCCCGTGATGGCT-1"
"1649","ATCGCCCGTGTTGCTT-1"
"1650","ATCGCCCGTTAGCTGA-1"
"1651","ATCGCCCGTTCATCTA-1"
"1652","ATCGCCCGTTCGCGCT-1"
"1653","ATCGCTTGTGATTTGG-1"
"1654","ATCGGCCAGCAGGTGG-1"
"1655","ATCGGCCAGCTGTCAG-1"
"1656","ATCGGCCAGCTTAACA-1"
"1657","ATCGGCCAGGCCCAGT-1"
"1658","ATCGGCCAGTGTGATC-1"
"1659","ATCTATGAGTGCTGTG-1"
"1660","ATCTATGAGTTAACCA-1"
"1661","ATCTATGAGTTACCGG-1"
"1662","ATCTTTGGTCGACTAA-1"
"1663","ATGAAGCCACCTAAGC-1"
"1664","ATGAAGCCAGCGCTTG-1"
"1665","ATGAAGTAGACAGGCG-1"
"1666","ATGAAGTAGCAGGTGG-1"
"1667","ATGAAGTAGGAGCAAC-1"
"1668","ATGAAGTAGGCATTGT-1"
"1669","ATGAAGTAGTGCTGTG-1"
"1670","ATGAATGCAGGAACTG-1"
"1671","ATGAATGCATTGTGAT-1"
"1672","ATGACAACAAGGGTTG-1"
"1673","ATGACAACACCTATAG-1"
"1674","ATGACAACAGAGAGCC-1"
"1675","ATGACAACAGTAAGTA-1"
"1676","ATGACAACATATAACC-1"
"1677","ATGACAACATGACTAT-1"
"1678","ATGACAACATTATGGT-1"
"1679","ATGACAACATTGGGAG-1"
"1680","ATGACCAGTACCCACC-1"
"1681","ATGACCAGTCACACCC-1"
"1682","ATGACCAGTCCTCCAA-1"
"1683","ATGACCAGTGATGAAA-1"
"1684","ATGACCAGTTTAGCGA-1"
"1685","ATGACGAAGACAACAG-1"
"1686","ATGACGAAGCATGACT-1"
"1687","ATGACGAAGGAATAAC-1"
"1688","ATGACGAAGGCTGTGC-1"
"1689","ATGACTCAGCATGTCG-1"
"1690","ATGACTCAGGTCGATT-1"
"1691","ATGACTCAGTCTCACC-1"
"1692","ATGAGCCGTCCTTCTC-1"
"1693","ATGAGCCGTCTCAGCC-1"
"1694","ATGAGCCGTGACATAT-1"
"1695","ATGATGGAGAACAAGT-1"
"1696","ATGATGGAGCACTAGT-1"
"1697","ATGATGGAGCCTTAAA-1"
"1698","ATGATGGAGGTAACGA-1"
"1699","ATGATGGAGTTGTCAA-1"
"1700","ATGCAAACAGCAACAG-1"
"1701","ATGCAGGCAATATAGG-1"
"1702","ATGCAGGCAGCAAGAT-1"
"1703","ATGCAGGCATGTGGGA-1"
"1704","ATGCAGGCATTGTCCT-1"
"1705","ATGCATTCACAACAGG-1"
"1706","ATGCATTCACATTGCA-1"
"1707","ATGCATTCACCTATAG-1"
"1708","ATGCATTCAGGCGATA-1"
"1709","ATGCATTCATGGCCTG-1"
"1710","ATGCCTGAGCGATACT-1"
"1711","ATGCCTGAGCTTACTT-1"
"1712","ATGCCTGAGGTTAGAG-1"
"1713","ATGCCTGAGTGAACAG-1"
"1714","ATGCCTGAGTTCCTCA-1"
"1715","ATGCCTGAGTTTGGGT-1"
"1716","ATGCGATTCCCAGTAG-1"
"1717","ATGCTTAAGACAAGTG-1"
"1718","ATGCTTAAGCTCATAA-1"
"1719","ATGCTTAAGGAAGCTA-1"
"1720","ATGCTTAAGGACCTTG-1"
"1721","ATGCTTAAGGCTACTG-1"
"1722","ATGCTTAAGGTCCGTA-1"
"1723","ATGCTTAAGTAACGAG-1"
"1724","ATGCTTAAGTTTGGGT-1"
"1725","ATGGACAAGCATCCAG-1"
"1726","ATGGACAAGCATGGTT-1"
"1727","ATGGACAAGCGATACT-1"
"1728","ATGGACAAGCGGCTGT-1"
"1729","ATGGACAAGCTTTGTT-1"
"1730","ATGGACAAGGCTAATC-1"
"1731","ATGGACAAGGGTTATC-1"
"1732","ATGGACAAGTAACCCG-1"
"1733","ATGGACAAGTGAACAG-1"
"1734","ATGGCCCAGAACAAGT-1"
"1735","ATGGCCCAGCGCCTAA-1"
"1736","ATGGCCCAGTAAGTCC-1"
"1737","ATGGCCGGTAGCTGGT-1"
"1738","ATGGCCGGTCAATAGT-1"
"1739","ATGGCCGGTGTCACGG-1"
"1740","ATGGCCGGTTACTTCA-1"
"1741","ATGGCCGGTTCACCCA-1"
"1742","ATGGCCGGTTGCTTCG-1"
"1743","ATGGCTAGTAAATTGC-1"
"1744","ATGGCTAGTCGCGCAA-1"
"1745","ATGGCTAGTGACATGC-1"
"1746","ATGGCTAGTTTGGCTT-1"
"1747","ATGGCTAGTTTGGGCG-1"
"1748","ATGGCTGTCAAGCTTA-1"
"1749","ATGGCTGTCGCATTAA-1"
"1750","ATGGCTGTCGTTACTT-1"
"1751","ATGGCTGTCTAAGTCA-1"
"1752","ATGGCTGTCTCAATTC-1"
"1753","ATGGCTTAGCCGCAGT-1"
"1754","ATGGCTTAGCGGTTAT-1"
"1755","ATGGCTTAGGAAGTAT-1"
"1756","ATGGCTTAGGAGGCAT-1"
"1757","ATGGCTTAGGATCACT-1"
"1758","ATGGCTTAGGCAAGTA-1"
"1759","ATGGCTTAGGCCAATT-1"
"1760","ATGGCTTAGGTCCACA-1"
"1761","ATGGTCTAGCCTGTTC-1"
"1762","ATGGTCTAGTCATTAG-1"
"1763","ATGGTCTAGTTTGGTA-1"
"1764","ATGGTGCGTGTGTCCC-1"
"1765","ATGGTTATCACAGACT-1"
"1766","ATGGTTATCCTGGTGA-1"
"1767","ATGGTTATCGCTCACT-1"
"1768","ATGGTTATCGGTCAGC-1"
"1769","ATGGTTATCTGGTCCT-1"
"1770","ATGTAACGTAGTAAGA-1"
"1771","ATGTAACGTCAGGCCA-1"
"1772","ATGTAACGTGAGCACT-1"
"1773","ATGTAACGTGTGTCCC-1"
"1774","ATGTAACGTTCCAGGG-1"
"1775","ATGTAAGCACAGAACG-1"
"1776","ATGTAAGCATGTTGGC-1"
"1777","ATGTCAATCCGCCTAT-1"
"1778","ATGTCATCAAGCTTAT-1"
"1779","ATGTCATCACAAGCCT-1"
"1780","ATGTCATCACACAATT-1"
"1781","ATGTCATCACTATGGC-1"
"1782","ATGTCATCACTCGCTC-1"
"1783","ATGTCATCATTCCTCG-1"
"1784","ATGTCCACAAGGTCCT-1"
"1785","ATGTCCACAAGGTGGC-1"
"1786","ATGTCCACAATACTGT-1"
"1787","ATGTCCACACCTCGCT-1"
"1788","ATGTCCACACTGGCTG-1"
"1789","ATGTCCACAGCGCTTG-1"
"1790","ATGTCCACAGTAATAG-1"
"1791","ATGTCCACATGGCCCA-1"
"1792","ATGTCCACATGTCAAT-1"
"1793","ATGTGAGAGAACAAGT-1"
"1794","ATGTGAGAGATAGACG-1"
"1795","ATGTGAGAGCAATAGG-1"
"1796","ATGTTCAAGAAGCTAG-1"
"1797","ATGTTCAAGCACAGAA-1"
"1798","ATGTTCAAGCCTCTGT-1"
"1799","ATGTTCAAGGCCCAGT-1"
"1800","ATGTTGTCACATAACT-1"
"1801","ATGTTGTCACCAAAGG-1"
"1802","ATGTTGTCACCACAAC-1"
"1803","ATGTTGTCACTAAGAA-1"
"1804","ATGTTGTCAGGAACCA-1"
"1805","ATGTTTGAGATAGACG-1"
"1806","ATGTTTGAGCGGATTT-1"
"1807","ATGTTTGAGCTCAAAC-1"
"1808","ATGTTTGAGCTCCTAC-1"
"1809","ATGTTTGAGGACACTT-1"
"1810","ATGTTTGAGGAGTCGG-1"
"1811","ATGTTTGAGGCGTAAA-1"
"1812","ATGTTTGAGTCCTTCA-1"
"1813","ATTAACCCACAATACT-1"
"1814","ATTAACCCAGCTTACA-1"
"1815","ATTAACCCATTAAGTC-1"
"1816","ATTAACCCATTGTCCT-1"
"1817","ATTAACCCATTGTGGC-1"
"1818","ATTACCCGTACGCGCA-1"
"1819","ATTACCCGTCCTAACT-1"
"1820","ATTACCCGTGAGACTC-1"
"1821","ATTACCCGTGATCAGC-1"
"1822","ATTACCCGTGGCTTCC-1"
"1823","ATTACCGCACCTCAGG-1"
"1824","ATTACCGCAGCTTAAT-1"
"1825","ATTACCGCAGTTTGGC-1"
"1826","ATTACGTCAAATGCCC-1"
"1827","ATTACTGAGCCATCAG-1"
"1828","ATTACTGAGCTCAAAC-1"
"1829","ATTACTGAGGAACACA-1"
"1830","ATTACTGAGGCATGAA-1"
"1831","ATTACTGAGGCGAAAC-1"
"1832","ATTACTGAGGCGGGTA-1"
"1833","ATTAGCGGTCATGCCC-1"
"1834","ATTAGCGGTCCTTTAA-1"
"1835","ATTAGCGGTGGAAACG-1"
"1836","ATTAGCTCAAATACCT-1"
"1837","ATTAGCTCAACCCTAA-1"
"1838","ATTAGCTCAACTGGCT-1"
"1839","ATTAGCTCAGCACCAT-1"
"1840","ATTAGCTCAGCATGTC-1"
"1841","ATTAGGTGTGGCTTCC-1"
"1842","ATTAGGTGTGGTGAGA-1"
"1843","ATTAGGTGTTAACAGT-1"
"1844","ATTAGTCCAACAGCCT-1"
"1845","ATTAGTCCATAAACCT-1"
"1846","ATTAGTCCATAGCAGG-1"
"1847","ATTATCCTCATGCATA-1"
"1848","ATTATCCTCCTCCCTC-1"
"1849","ATTATCCTCTTAGTGA-1"
"1850","ATTATGGTCCGGAACC-1"
"1851","ATTATGGTCGGTTAGT-1"
"1852","ATTCAACCAACGTGCT-1"
"1853","ATTCAACCAATTATGC-1"
"1854","ATTCAACCAGTTTCTC-1"
"1855","ATTCACTTCATGTCAA-1"
"1856","ATTCACTTCCTAAGTA-1"
"1857","ATTCACTTCCTGTTCA-1"
"1858","ATTCACTTCTCACTCA-1"
"1859","ATTCATGAGCGCAATT-1"
"1860","ATTCATGAGCGCTCAA-1"
"1861","ATTCATGAGCTCGCTT-1"
"1862","ATTCATGAGGACAATG-1"
"1863","ATTCATGAGGACCTTG-1"
"1864","ATTCATGAGGGTGAAC-1"
"1865","ATTCATGAGGTTTGAC-1"
"1866","ATTCATGAGTAGCGGG-1"
"1867","ATTCCGGAGACTATTG-1"
"1868","ATTCCGGAGCTAATTG-1"
"1869","ATTCCGGAGGATAAAC-1"
"1870","ATTCCGGAGTTACCGG-1"
"1871","ATTCCTAGTAATGGCC-1"
"1872","ATTCCTAGTGATTACG-1"
"1873","ATTCCTAGTGGATGTC-1"
"1874","ATTCCTCCACAACAGG-1"
"1875","ATTCCTCCAGCTAACC-1"
"1876","ATTCCTCCATATTGAC-1"
"1877","ATTCCTCCATGTTTGG-1"
"1878","ATTCGTTTCACAGCCA-1"
"1879","ATTCGTTTCAGCTAAC-1"
"1880","ATTCGTTTCATGTTTC-1"
"1881","ATTCGTTTCCTAGTCC-1"
"1882","ATTCGTTTCGAAGTAG-1"
"1883","ATTCGTTTCTCCATAT-1"
"1884","ATTGAAGCAACTAACT-1"
"1885","ATTGAAGCACTTCATC-1"
"1886","ATTGAAGCAGTAGCCT-1"
"1887","ATTGAAGCATCGCTTT-1"
"1888","ATTGACTCACAAAGAC-1"
"1889","ATTGACTCACTGGCCA-1"
"1890","ATTGACTCAGTTTCTC-1"
"1891","ATTGACTCAGTTTGGC-1"
"1892","ATTGCACAGGATAAAC-1"
"1893","ATTGCACAGGATGATG-1"
"1894","ATTGCACAGGCGTAAA-1"
"1895","ATTGCACAGTGAACAG-1"
"1896","ATTGCACAGTTTGCGG-1"
"1897","ATTGCAGGTATACTGG-1"
"1898","ATTGCAGGTGAATCGC-1"
"1899","ATTGCAGGTGTGTCCC-1"
"1900","ATTGCAGGTTCACCAT-1"
"1901","ATTGCAGGTTCCGGCT-1"
"1902","ATTGCAGGTTTACGTC-1"
"1903","ATTGCGCCACAGGAAT-1"
"1904","ATTGCGCCACGTTACA-1"
"1905","ATTGCGCCAGCATTAT-1"
"1906","ATTGCGCCAGTAAGTA-1"
"1907","ATTGCGCCATAAACCT-1"
"1908","ATTGCGCCATAAAGCA-1"
"1909","ATTGCTCGTACGTTTC-1"
"1910","ATTGCTCGTCACCTAT-1"
"1911","ATTGCTCGTCAGGCAT-1"
"1912","ATTGCTCGTGCTGTAA-1"
"1913","ATTGCTCGTTCAAGCA-1"
"1914","ATTGCTCGTTTACGTC-1"
"1915","ATTGGCTAGAAGGTGC-1"
"1916","ATTGGCTAGAGGCTAA-1"
"1917","ATTGGCTAGCCACATG-1"
"1918","ATTGGCTAGCTTGCTC-1"
"1919","ATTGGCTAGGGCTTAT-1"
"1920","ATTGGTTCACAAGCCT-1"
"1921","ATTGGTTCATCAGTAT-1"
"1922","ATTGGTTCATGTTGGC-1"
"1923","ATTGTCCGTACCTTAC-1"
"1924","ATTGTCCGTGTGAGAG-1"
"1925","ATTGTCCGTTCCGCAC-1"
"1926","ATTGTGATCACGAATC-1"
"1927","ATTGTGATCACGTTAA-1"
"1928","ATTGTGATCCGGGACT-1"
"1929","ATTGTGATCGGCTATG-1"
"1930","ATTTAGCCAACCCTCC-1"
"1931","ATTTAGCCACTTACAG-1"
"1932","ATTTAGCCAGGTTAAA-1"
"1933","ATTTAGCCATGTTGCA-1"
"1934","ATTTAGGTCCGCTAGA-1"
"1935","ATTTGCAAGAATCGCT-1"
"1936","ATTTGCAAGCATTATG-1"
"1937","ATTTGCAAGCCTAACG-1"
"1938","ATTTGCAAGCTATGAC-1"
"1939","ATTTGCAAGGACTTAC-1"
"1940","ATTTGCAAGGTTTGCG-1"
"1941","ATTTGCAAGTTATTCC-1"
"1942","ATTTGCGCAATAATCC-1"
"1943","ATTTGCGCAATGCGCT-1"
"1944","ATTTGCGCAGAGAGCC-1"
"1945","ATTTGCGCAGGCGAGT-1"
"1946","ATTTGCGCATTGTCAG-1"
"1947","ATTTGTGAGGAAGCTA-1"
"1948","ATTTGTGAGGAGTCGG-1"
"1949","ATTTGTGAGGGACCTC-1"
"1950","ATTTGTGAGTCCTGAG-1"
"1951","ATTTGTGAGTGAACAG-1"
"1952","CAAACAACAGTATGTT-1"
"1953","CAAACAACATTGACAT-1"
"1954","CAAACACTCATAATCG-1"
"1955","CAAACACTCCAGGTTG-1"
"1956","CAAACACTCCTAAGAC-1"
"1957","CAAACACTCGAAGTAG-1"
"1958","CAAACACTCTACCTGC-1"
"1959","CAAACATGTGCATTAG-1"
"1960","CAAACATGTGCTAGAC-1"
"1961","CAAACATGTGTAATAC-1"
"1962","CAAACATGTGTCACGG-1"
"1963","CAAACATGTTCATTTG-1"
"1964","CAAACATGTTGCACAA-1"
"1965","CAAACATGTTGTGACA-1"
"1966","CAAACCGTCAAATCGC-1"
"1967","CAAACCGTCCTGGTGA-1"
"1968","CAAACCGTCTAATCAG-1"
"1969","CAAACCGTCTTGGATA-1"
"1970","CAAACGCGTAGCTGGT-1"
"1971","CAAACGCGTCATGCAA-1"
"1972","CAAACGCGTTAGGACC-1"
"1973","CAAACTGGTACAAAGA-1"
"1974","CAAACTGGTACTGAAT-1"
"1975","CAAACTGGTCACAAAT-1"
"1976","CAAACTGGTCAGGCCA-1"
"1977","CAAACTGGTGATGGCT-1"
"1978","CAAACTGGTGCTCCAC-1"
"1979","CAAAGCGCACAACAGG-1"
"1980","CAAAGCGCACAACCTA-1"
"1981","CAAAGCGCACGTAAGG-1"
"1982","CAAAGCGCAGGCTAGA-1"
"1983","CAAAGCGCAGTTTGGC-1"
"1984","CAAAGGATCAAACACC-1"
"1985","CAAAGGATCAATGTGC-1"
"1986","CAAAGGATCACAGCGC-1"
"1987","CAAAGGATCAGCCAAT-1"
"1988","CAAAGGATCCTAAGTA-1"
"1989","CAAAGGATCGCTATAA-1"
"1990","CAAAGGATCTAAATCG-1"
"1991","CAAAGGATCTCACACC-1"
"1992","CAAAGTGAGGAACGCG-1"
"1993","CAAAGTGAGGCTAGAA-1"
"1994","CAAAGTGAGTCACTAA-1"
"1995","CAAATCATCTAAGTGC-1"
"1996","CAAATCATCTCCTCAA-1"
"1997","CAAATCATCTTAGCCC-1"
"1998","CAACAATGTAACGGGA-1"
"1999","CAACAATGTCAGGCAT-1"
"2000","CAACAATGTTTGCTGT-1"
"2001","CAACAGGCAAACCCTA-1"
"2002","CAACAGGCAACGTGCT-1"
"2003","CAACAGGCAATAGTCT-1"
"2004","CAACAGGCACCAGGTT-1"
"2005","CAACAGGCACCTCAGG-1"
"2006","CAACAGGCATATAACC-1"
"2007","CAACCCGCAACCCTAA-1"
"2008","CAACCCGCAATCCCTT-1"
"2009","CAACCCGCAGGCCAAA-1"
"2010","CAACCCGCATCCATCT-1"
"2011","CAACCCGCATGTCAAT-1"
"2012","CAACCCTTCAAACCGT-1"
"2013","CAACCCTTCACGCATG-1"
"2014","CAACCCTTCACTAAGC-1"
"2015","CAACCCTTCATGCATA-1"
"2016","CAACCCTTCATTGTTC-1"
"2017","CAACCCTTCCAAACAC-1"
"2018","CAACCCTTCGTCAAGT-1"
"2019","CAACTAATCCTACCTA-1"
"2020","CAACTAATCCTGTTCA-1"
"2021","CAACTAATCTAATCCT-1"
"2022","CAACTAATCTTGTCTG-1"
"2023","CAACTAATCTTTAAGG-1"
"2024","CAACTAGGTAATGGCC-1"
"2025","CAACTAGGTCAATAGT-1"
"2026","CAACTAGGTCACAAAT-1"
"2027","CAACTAGGTCTTGCAT-1"
"2028","CAAGAACCAAACCTAT-1"
"2029","CAAGAACCACCAACCG-1"
"2030","CAAGAACCAGCCAGAA-1"
"2031","CAAGAACCAGCGCTTG-1"
"2032","CAAGAACCAGGCATGA-1"
"2033","CAAGAACCAGGTTACC-1"
"2034","CAAGAACCATAGCAGG-1"
"2035","CAAGACAAGCACAGCC-1"
"2036","CAAGACAAGCCGCTAA-1"
"2037","CAAGACAAGGTCGATT-1"
"2038","CAAGACAAGTAACGAG-1"
"2039","CAAGACAAGTTTCCGC-1"
"2040","CAAGCTAGTAAGGTCC-1"
"2041","CAAGCTAGTAATCGGC-1"
"2042","CAAGCTAGTCCTAATC-1"
"2043","CAAGCTAGTTATCCGT-1"
"2044","CAAGGCCTCCACCTTA-1"
"2045","CAAGGCTGTTAATGCG-1"
"2046","CAAGGCTGTTAGCAGC-1"
"2047","CAAGGCTGTTATCGAG-1"
"2048","CAAGGCTGTTGAGGTC-1"
"2049","CAAGGGAGTACCGAAC-1"
"2050","CAAGGGAGTCAAGTGC-1"
"2051","CAAGGGAGTCAATAGT-1"
"2052","CAAGGTAAGGACCGCT-1"
"2053","CAAGGTAAGTAAGTCC-1"
"2054","CAAGGTTTCACAAGCT-1"
"2055","CAAGGTTTCACATTGA-1"
"2056","CAAGGTTTCATGCTTT-1"
"2057","CAAGGTTTCCTGGCTT-1"
"2058","CAAGTAACAAGGTACG-1"
"2059","CAAGTAACACTTACAG-1"
"2060","CAAGTAACAGCATGAG-1"
"2061","CAAGTAACATTAGCCA-1"
"2062","CAAGTGAAGGCCTAAT-1"
"2063","CAAGTTATCACTAATG-1"
"2064","CAAGTTATCATAAGCC-1"
"2065","CAAGTTATCCGCACAA-1"
"2066","CAAGTTATCCGGAACC-1"
"2067","CAAGTTATCGGTCAAT-1"
"2068","CAAGTTATCTCACAAA-1"
"2069","CAATAAGCACTGACCG-1"
"2070","CAATAAGCAGCAAGGC-1"
"2071","CAATAAGCAGCATGAG-1"
"2072","CAATAAGCATAGGCGA-1"
"2073","CAATAGCTCATGCAAC-1"
"2074","CAATAGCTCCCGCATT-1"
"2075","CAATAGCTCGGTTTCC-1"
"2076","CAATAGCTCGTACCGA-1"
"2077","CAATATGTCAAACACC-1"
"2078","CAATATGTCATTGCAA-1"
"2079","CAATATGTCGCTCCAT-1"
"2080","CAATATGTCTTTAAGG-1"
"2081","CAATCCCTCAGTGAAG-1"
"2082","CAATCCCTCATCCTAT-1"
"2083","CAATCCCTCATTGCGG-1"
"2084","CAATCCCTCTAACCAA-1"
"2085","CAATCCTGTAAGGTTT-1"
"2086","CAATCCTGTAGGATTT-1"
"2087","CAATCCTGTGTTTGCT-1"
"2088","CAATCCTGTTAGGTTG-1"
"2089","CAATCCTGTTGGTTCT-1"
"2090","CAATCGCCAAGCTTTG-1"
"2091","CAATCGCCACCTACTT-1"
"2092","CAATCGCCAGTCTAGC-1"
"2093","CAATCTAAGCTGGAAA-1"
"2094","CAATCTAAGGATAAAC-1"
"2095","CAATCTAAGGCATTGT-1"
"2096","CAATCTAAGGTTACAC-1"
"2097","CAATCTAAGGTTACGT-1"
"2098","CAATGAACAGCAAGGC-1"
"2099","CAATGAACAGTTGCGT-1"
"2100","CAATGACTCACGCATG-1"
"2101","CAATGACTCAGGAAGC-1"
"2102","CAATGACTCATTGTTC-1"
"2103","CAATGACTCCCTCAGT-1"
"2104","CAATGACTCGAGGAAC-1"
"2105","CAATGACTCGCTAAAC-1"
"2106","CAATGACTCTAATTGG-1"
"2107","CAATGCCCAAGGACCA-1"
"2108","CAATGCCCAATGAATG-1"
"2109","CAATGCCCAATTAGCT-1"
"2110","CAATGCCCACCTGCTC-1"
"2111","CAATGCCCAGCAAATA-1"
"2112","CAATGTCAGGCACAGG-1"
"2113","CAATGTCAGTAACGGA-1"
"2114","CAATGTGGTAAGCTCA-1"
"2115","CAATGTGGTAATCGCA-1"
"2116","CAATGTGGTAGGTTAT-1"
"2117","CAATGTGGTCGAAGTC-1"
"2118","CAATGTGGTCGACTAA-1"
"2119","CAATGTGGTGCTAGCG-1"
"2120","CAATGTGGTTAGGTTG-1"
"2121","CAATGTGGTTGAGGTC-1"
"2122","CACAAGCGTAGGTTGC-1"
"2123","CACAAGCGTGAGGTGA-1"
"2124","CACAAGCGTGTCACGG-1"
"2125","CACAAGCGTTACTAGG-1"
"2126","CACAAGCGTTGCGCGA-1"
"2127","CACAATATCACTTCAT-1"
"2128","CACAATATCCTCACAC-1"
"2129","CACAATATCTAATTGG-1"
"2130","CACAATATCTAGCTAA-1"
"2131","CACAGGCTCATGGCTG-1"
"2132","CACAGGCTCGCGCTAA-1"
"2133","CACAGGCTCGTGCTTC-1"
"2134","CACAGGCTCTCACAAA-1"
"2135","CACAGGCTCTTGAGGT-1"
"2136","CACAGGCTCTTGGATA-1"
"2137","CACAGGGAGCACTAGT-1"
"2138","CACAGGGAGCTAATCA-1"
"2139","CACAGGGAGTTAGTTG-1"
"2140","CACATAATCAATTGGC-1"
"2141","CACATACAGATGCCTG-1"
"2142","CACATACAGCAAGATG-1"
"2143","CACATACAGCTCATAA-1"
"2144","CACATACAGGAGTCGG-1"
"2145","CACATACAGGCGGGTA-1"
"2146","CACATACAGGCTTAAC-1"
"2147","CACATACAGTGAGAGC-1"
"2148","CACATACAGTTAGTTG-1"
"2149","CACATACAGTTGTCTT-1"
"2150","CACATTAAGCCGCAAC-1"
"2151","CACATTAAGCCTAATA-1"
"2152","CACATTAAGGAGGGTT-1"
"2153","CACATTAAGGCTACTG-1"
"2154","CACATTAAGGTTACAC-1"
"2155","CACATTAAGTAACAGG-1"
"2156","CACATTAAGTAGCGCC-1"
"2157","CACATTAAGTCACGAT-1"
"2158","CACATTAAGTTGTCAA-1"
"2159","CACCAACCAAGGTCCT-1"
"2160","CACCAACCAGTAGCCT-1"
"2161","CACCAACCATTGTCCT-1"
"2162","CACCGGTAGATAACCC-1"
"2163","CACCGGTAGCTAAGTC-1"
"2164","CACCGGTAGCTATTGA-1"
"2165","CACCGGTAGGAGGTTA-1"
"2166","CACCGGTAGTGAGCAA-1"
"2167","CACCTCAGTAATCGCA-1"
"2168","CACCTCAGTACCGAAC-1"
"2169","CACCTCAGTATTCGTC-1"
"2170","CACCTCAGTCAAGTAT-1"
"2171","CACCTCAGTCTAACAG-1"
"2172","CACCTCAGTTGTCATC-1"
"2173","CACCTGTTCCGCAACA-1"
"2174","CACCTGTTCCTGGTCT-1"
"2175","CACCTGTTCGGTTTGG-1"
"2176","CACCTGTTCTAACCAA-1"
"2177","CACCTGTTCTTGTCCA-1"
"2178","CACGCAATCGCTAGCA-1"
"2179","CACGCTAAGGAGGTTA-1"
"2180","CACGCTAAGTGAGGGT-1"
"2181","CACTAGCCAAGGCCAA-1"
"2182","CACTAGCCAATCCCTT-1"
"2183","CACTAGCCAATGCCCG-1"
"2184","CACTAGCCAGAACCGA-1"
"2185","CACTAGCCATCAGCAC-1"
"2186","CACTGACCAAACTAAG-1"
"2187","CACTGACCAAGGTATA-1"
"2188","CACTGACCAGGATGGC-1"
"2189","CACTGACCAGGCTTCG-1"
"2190","CACTGACCAGTTATCG-1"
"2191","CACTTAAAGATAAAGC-1"
"2192","CACTTAAAGGAATAAC-1"
"2193","CACTTAAAGGACCTTG-1"
"2194","CACTTAAAGGCCTAAT-1"
"2195","CACTTAAAGTGAACAG-1"
"2196","CACTTTGTCAATGACC-1"
"2197","CACTTTGTCAGGCTAT-1"
"2198","CACTTTGTCATAATCG-1"
"2199","CACTTTGTCCCTCATA-1"
"2200","CACTTTGTCCCTGGTT-1"
"2201","CACTTTGTCCTAGTCC-1"
"2202","CACTTTGTCGTAACGT-1"
"2203","CAGAACCGTCCCGAAG-1"
"2204","CAGAACCGTCGCGCAA-1"
"2205","CAGAACCGTTAGTTGG-1"
"2206","CAGAATCTCATTAGCA-1"
"2207","CAGAATCTCCGGTATG-1"
"2208","CAGATTCAGCTTAGTA-1"
"2209","CAGATTCAGGAGCACG-1"
"2210","CAGATTCAGGCATTGT-1"
"2211","CAGCAAGCAGCAAATA-1"
"2212","CAGCAAGCAGCACGAA-1"
"2213","CAGCATGTCAGCTAAC-1"
"2214","CAGCATGTCATGCATA-1"
"2215","CAGCATGTCCACAATA-1"
"2216","CAGCATGTCCCGAAGC-1"
"2217","CAGCATGTCCTTAGTT-1"
"2218","CAGCATGTCCTTTACG-1"
"2219","CAGCATGTCGATCAGT-1"
"2220","CAGCATGTCGGTAACT-1"
"2221","CAGCATTAGCAGGTTT-1"
"2222","CAGCATTAGCGTGCGT-1"
"2223","CAGCATTAGCTATTGA-1"
"2224","CAGCATTAGGACTTAC-1"
"2225","CAGCATTAGGCGGATG-1"
"2226","CAGCATTAGGCGTAAA-1"
"2227","CAGCATTAGTAACGAG-1"
"2228","CAGCCAATCAATGTGC-1"
"2229","CAGCCAATCATGACCG-1"
"2230","CAGCCAATCATGTTTC-1"
"2231","CAGCCAATCCATTACT-1"
"2232","CAGCCAATCCCGTTTA-1"
"2233","CAGCCAATCCTAGTAA-1"
"2234","CAGCCTAAGATTGAGG-1"
"2235","CAGCCTAAGCAGCTCA-1"
"2236","CAGCCTAAGCATGGTT-1"
"2237","CAGCCTAAGGTTAGAG-1"
"2238","CAGCCTAAGTACCGCA-1"
"2239","CAGCCTAAGTTAGCCG-1"
"2240","CAGCTAAGTGTCCAAA-1"
"2241","CAGCTAAGTTAAGCCA-1"
"2242","CAGCTAAGTTACTTCA-1"
"2243","CAGCTATAGAGAAGGG-1"
"2244","CAGCTATAGAGGATAT-1"
"2245","CAGCTATAGATAACCC-1"
"2246","CAGCTATAGGCTAATC-1"
"2247","CAGCTCAAGACACCGC-1"
"2248","CAGCTCAAGGGATGAC-1"
"2249","CAGCTCAAGGTCCGTA-1"
"2250","CAGCTCAAGTAATCCA-1"
"2251","CAGGAAGGTATTACCC-1"
"2252","CAGGAAGGTTCATTTG-1"
"2253","CAGGAAGGTTGACTTC-1"
"2254","CAGGACACAATTTGGT-1"
"2255","CAGGACCTCAAGTGTC-1"
"2256","CAGGACCTCATGCATA-1"
"2257","CAGGATGCAGGTCCTG-1"
"2258","CAGGATGCATACCCGG-1"
"2259","CAGGATGCATGTTGTG-1"
"2260","CAGGCTATCAAGCTTA-1"
"2261","CAGGCTATCATGCTAA-1"
"2262","CAGGCTATCCCTGACT-1"
"2263","CAGGCTATCCGCATGA-1"
"2264","CAGGCTGGTAATAGCT-1"
"2265","CAGGCTGGTCCGTGAG-1"
"2266","CAGGCTGGTCCTTTAA-1"
"2267","CAGGCTGGTGAGCAAG-1"
"2268","CAGGGCTTCCTAGTCC-1"
"2269","CAGGGCTTCCTCATCA-1"
"2270","CAGGGCTTCGATATTG-1"
"2271","CAGGGCTTCGTTAACA-1"
"2272","CAGGGCTTCTGTGAGT-1"
"2273","CAGGGCTTCTTACTCG-1"
"2274","CAGGGTGAGAAAGGAA-1"
"2275","CAGGGTGAGAGGAAGG-1"
"2276","CAGGGTGAGCGGTTAT-1"
"2277","CAGGGTGAGGCACAGG-1"
"2278","CAGGGTGAGGCAGGTG-1"
"2279","CAGGTCCAGATAACCC-1"
"2280","CAGGTCCAGCACTAGT-1"
"2281","CAGGTCCAGGCGTAAA-1"
"2282","CAGGTCCAGTAGCGCC-1"
"2283","CAGGTCCAGTTTGAGC-1"
"2284","CAGGTCCAGTTTGGTA-1"
"2285","CAGGTGGAGCTGAGGG-1"
"2286","CAGGTGGAGCTGTAAC-1"
"2287","CAGGTGGAGGGTGGAT-1"
"2288","CAGGTTTAGCACAGGG-1"
"2289","CAGGTTTAGGCACAGG-1"
"2290","CAGGTTTAGGGTGAAC-1"
"2291","CAGGTTTAGTGTTGTA-1"
"2292","CAGTACCCACAAAGCG-1"
"2293","CAGTACCCATCCCTCA-1"
"2294","CAGTACCCATTTAAGC-1"
"2295","CAGTATGGTAACGGGA-1"
"2296","CAGTATGGTAGCCATA-1"
"2297","CAGTATGGTGGAGCAA-1"
"2298","CAGTATGGTTACAACG-1"
"2299","CAGTATGGTTACTAGG-1"
"2300","CAGTATGGTTGCCTCA-1"
"2301","CAGTATGGTTTGCTGT-1"
"2302","CATAACGGTAGGATTT-1"
"2303","CATAACGGTTCACCAT-1"
"2304","CATAACGGTTCCGGCT-1"
"2305","CATAACGGTTGCACGG-1"
"2306","CATAAGCTCATGAAGG-1"
"2307","CATAAGCTCCGCCTCA-1"
"2308","CATAAGCTCCTAAGAC-1"
"2309","CATAAGCTCGATATTG-1"
"2310","CATAAGCTCGCATTAA-1"
"2311","CATAAGCTCTAAATCG-1"
"2312","CATAAGCTCTCGACCT-1"
"2313","CATAAGCTCTTGACCC-1"
"2314","CATAATCCACCTGCCT-1"
"2315","CATAATCCACCTGGTG-1"
"2316","CATAATCCAGCATGAG-1"
"2317","CATAATCCAGCTCATA-1"
"2318","CATAATCCAGGGAGCT-1"
"2319","CATAATCCAGTAAGTA-1"
"2320","CATAATGTCACGCGGT-1"
"2321","CATAATGTCAGGCCTA-1"
"2322","CATAATGTCATTGACA-1"
"2323","CATAGACTCCATAATG-1"
"2324","CATAGACTCCCGAACA-1"
"2325","CATAGCTAGCTTAACA-1"
"2326","CATAGCTAGGGTGAAC-1"
"2327","CATAGCTAGTTATTCC-1"
"2328","CATAGGCGTATTGTCC-1"
"2329","CATAGGCGTTCGGGAT-1"
"2330","CATAGGCGTTGGCCGA-1"
"2331","CATAGGTTCAAGCTTA-1"
"2332","CATAGGTTCAGGGCCT-1"
"2333","CATAGGTTCCTGGTGA-1"
"2334","CATAGGTTCGCGACAC-1"
"2335","CATAGGTTCGGCCAGT-1"
"2336","CATAGGTTCTAATTGG-1"
"2337","CATAGTCAGAATCGCT-1"
"2338","CATAGTCAGCTTATGA-1"
"2339","CATAGTCAGGACAACA-1"
"2340","CATAGTCAGTAACCAC-1"
"2341","CATAGTCAGTAAGTGG-1"
"2342","CATAGTCAGTCATCCC-1"
"2343","CATAGTCAGTGAACCT-1"
"2344","CATATCGCAACACCTA-1"
"2345","CATATCGCAAGGCCAA-1"
"2346","CATATCGCAAGGTAAC-1"
"2347","CATATCGCAATGCCTA-1"
"2348","CATATCGCACAATGTT-1"
"2349","CATATCGCACAGGGAC-1"
"2350","CATATCGCAGCACGAA-1"
"2351","CATATCGCATGACTAT-1"
"2352","CATCAATCAATCATGT-1"
"2353","CATCAATCAATGCGCT-1"
"2354","CATCAATCAGCATGAG-1"
"2355","CATCAATCAGCTAATT-1"
"2356","CATCAATCAGGCTACT-1"
"2357","CATCAATCATCAATCG-1"
"2358","CATCAATCATCAGCAC-1"
"2359","CATCAATCATCGCTCC-1"
"2360","CATCACACAACGTGCT-1"
"2361","CATCACACAATATGGA-1"
"2362","CATCACACACCTGCTC-1"
"2363","CATCACACATCATGTG-1"
"2364","CATCACACATTAAGCT-1"
"2365","CATCACACATTAGCGC-1"
"2366","CATCAGCCACAAACTT-1"
"2367","CATCATAAGCCTGGTA-1"
"2368","CATCATAAGGTTTGCG-1"
"2369","CATCATGCAAGCGATG-1"
"2370","CATCATGCAGGCTTGT-1"
"2371","CATCATGCAGTACCGT-1"
"2372","CATCATGCATCAGTAT-1"
"2373","CATCATGCATCTTGAG-1"
"2374","CATCCCAGTACGGTAC-1"
"2375","CATCCCAGTAGTTAAC-1"
"2376","CATCCCAGTATTTGCC-1"
"2377","CATCCCAGTCCTCCAA-1"
"2378","CATCCCAGTCCTTCAG-1"
"2379","CATCCCAGTTAGTACG-1"
"2380","CATCCCAGTTCAAGAT-1"
"2381","CATCCTCAGCAGGTTT-1"
"2382","CATCCTCAGGCATTGT-1"
"2383","CATCCTCAGGCGCACT-1"
"2384","CATCCTCAGTCAATTG-1"
"2385","CATCCTGGTAAACAAG-1"
"2386","CATCCTGGTCAGTAAT-1"
"2387","CATCCTGGTGCATTTC-1"
"2388","CATCCTGGTTGTCATC-1"
"2389","CATCGCTTCAGCACCA-1"
"2390","CATCGCTTCCGCAACA-1"
"2391","CATCGCTTCCGGTTAG-1"
"2392","CATCGCTTCCTAAGTA-1"
"2393","CATCGCTTCCTGAATA-1"
"2394","CATCGCTTCGGTTTCC-1"
"2395","CATGAGGCAGGAACCA-1"
"2396","CATGAGGCAGGCGATA-1"
"2397","CATGAGGCATAAGCAA-1"
"2398","CATGAGGCATCGCTTT-1"
"2399","CATGCAAGTGAGCAAG-1"
"2400","CATGCATAGCCTTAAA-1"
"2401","CATGCATAGCTTGCTC-1"
"2402","CATGCATAGGCCTGGT-1"
"2403","CATGCATAGGGATGAC-1"
"2404","CATGCATAGTGCACGC-1"
"2405","CATGCGCAGACTATTG-1"
"2406","CATGCGCAGCAACATC-1"
"2407","CATGCGCAGGTGCGGA-1"
"2408","CATGCGCAGTGACCTG-1"
"2409","CATGCGCAGTGAGCAA-1"
"2410","CATGCGCAGTTGTCAA-1"
"2411","CATGCGGGTAGGTTAT-1"
"2412","CATGCGGGTCGCATAA-1"
"2413","CATGCGGGTTCGCTTG-1"
"2414","CATGCGGGTTTAGCGA-1"
"2415","CATGGATTCACGCATG-1"
"2416","CATGGATTCATGGTTA-1"
"2417","CATGGATTCATTGTTC-1"
"2418","CATGGATTCCTTGAGG-1"
"2419","CATGGATTCCTTGTTG-1"
"2420","CATGGATTCGACAAAG-1"
"2421","CATGGCGGTAGTTAAC-1"
"2422","CATGGCGGTATACTGG-1"
"2423","CATGGCGGTGGTTCTT-1"
"2424","CATGGCGGTTCGCTTG-1"
"2425","CATTATCTCAAACTCA-1"
"2426","CATTATCTCCGGTATG-1"
"2427","CATTATCTCCTAAATG-1"
"2428","CATTATCTCGAGCTAT-1"
"2429","CATTATCTCTCCATGC-1"
"2430","CATTATCTCTGGCTTC-1"
"2431","CATTATCTCTTAATGG-1"
"2432","CATTATGAGCAGCTAT-1"
"2433","CATTATGAGGAAACTG-1"
"2434","CATTATGAGGCGCATC-1"
"2435","CATTATGAGTTGCGTG-1"
"2436","CATTCATTCATTTGCT-1"
"2437","CATTCATTCCCGTTGT-1"
"2438","CATTCATTCCGCTAGA-1"
"2439","CATTCATTCCTTGAGG-1"
"2440","CATTCATTCGCAATCG-1"
"2441","CATTCATTCTAACCAA-1"
"2442","CATTCCTCAACTAGCC-1"
"2443","CATTCCTCACAATGTT-1"
"2444","CATTCCTCACATAGCC-1"
"2445","CATTCCTCACCGGCTA-1"
"2446","CATTCCTCACTTCACT-1"
"2447","CATTCCTCAGAAATTG-1"
"2448","CATTCCTCAGCAACAG-1"
"2449","CATTCCTCAGCAAGTG-1"
"2450","CATTCCTCATTAGGTT-1"
"2451","CATTGCGAGCCGCAAC-1"
"2452","CATTGCGAGGAAGCTA-1"
"2453","CATTGCGAGGCCCAGT-1"
"2454","CATTGCGAGGCCTGGT-1"
"2455","CATTGCGAGGTCCTGA-1"
"2456","CATTGCGAGTTCCTGC-1"
"2457","CATTGTAAGAACCTAC-1"
"2458","CATTGTAAGATAACCC-1"
"2459","CATTGTAAGCATTAGC-1"
"2460","CATTGTAAGCTTTGGG-1"
"2461","CATTGTAAGTTTGAGC-1"
"2462","CATTGTGCAAACGGGC-1"
"2463","CATTGTGCACAAAGCG-1"
"2464","CATTGTGCACAGACTC-1"
"2465","CATTGTGCACATTAAC-1"
"2466","CATTGTGCAGCACGAA-1"
"2467","CATTGTGCAGGACCAA-1"
"2468","CATTGTGCAGTTATCG-1"
"2469","CATTTGTTCAATGACC-1"
"2470","CATTTGTTCACAAGCT-1"
"2471","CATTTGTTCATTACAG-1"
"2472","CATTTGTTCCAATTAG-1"
"2473","CATTTGTTCCAGGGAG-1"
"2474","CATTTGTTCGATATTG-1"
"2475","CATTTGTTCGGCTATG-1"
"2476","CATTTGTTCTCGCCTG-1"
"2477","CCAAACCCAAGATTCT-1"
"2478","CCAAACCCAATGCCTA-1"
"2479","CCAAACCCAATGCGCT-1"
"2480","CCAAACCCACTAAGCC-1"
"2481","CCAAACCCAGGTCCTG-1"
"2482","CCAAACCCATTAAGCT-1"
"2483","CCAAACCCATTCAGCA-1"
"2484","CCAAACTAGCATGTCG-1"
"2485","CCAAACTAGGCATTAC-1"
"2486","CCAAACTAGGCCCAGT-1"
"2487","CCAAACTAGGCCTAAT-1"
"2488","CCAAACTAGGTTACGT-1"
"2489","CCAAACTAGTAACCAC-1"
"2490","CCAAACTAGTAGCCAT-1"
"2491","CCAAATCAGAAGGTGC-1"
"2492","CCAAATCAGCACTAGT-1"
"2493","CCAAATCAGCGCTCAA-1"
"2494","CCAACATAGCCGGTAC-1"
"2495","CCAACATAGGCATTAC-1"
"2496","CCAACCAAGCGCCTTT-1"
"2497","CCAACCAAGGACCGCT-1"
"2498","CCAACCAAGGCACAGG-1"
"2499","CCAACCAAGTTCCTGC-1"
"2500","CCAACCCGTGCTCCGT-1"
"2501","CCAACCCGTGTTTGCT-1"
"2502","CCAACCCGTTACATCC-1"
"2503","CCAACCCGTTCGCGCT-1"
"2504","CCAAGGCTCCCTGTTA-1"
"2505","CCAAGGCTCTTTAAGG-1"
"2506","CCAAGTTAGACTATTG-1"
"2507","CCAAGTTAGACTCGCA-1"
"2508","CCAAGTTAGGATCACT-1"
"2509","CCAAGTTAGGCAAGTA-1"
"2510","CCAAGTTAGGCTAAGA-1"
"2511","CCAAGTTAGGGTGAGT-1"
"2512","CCAAGTTAGTTAGTGC-1"
"2513","CCAATATCAATAACCT-1"
"2514","CCAATATCAGTCTAGC-1"
"2515","CCAATATCAGTTTACG-1"
"2516","CCAATATCATGAATAG-1"
"2517","CCACAATAGACAACGA-1"
"2518","CCACAATAGGCCAATT-1"
"2519","CCACAATAGTAACCAC-1"
"2520","CCACACAAGATAGACG-1"
"2521","CCACACAAGCACTAAC-1"
"2522","CCACACAAGCGGGCAA-1"
"2523","CCACACAAGGATTGCT-1"
"2524","CCACACAAGTGATTCA-1"
"2525","CCACACAAGTTGGGCC-1"
"2526","CCACAGGGTAATCGGC-1"
"2527","CCACAGGGTTGCGCGA-1"
"2528","CCACATTGTGATCATG-1"
"2529","CCACATTGTGGATGTC-1"
"2530","CCACATTGTTGTTGGA-1"
"2531","CCACTTGGTAGGTGTC-1"
"2532","CCACTTGGTGATGATT-1"
"2533","CCACTTGGTGCGCGTA-1"
"2534","CCACTTGGTTAACGAT-1"
"2535","CCACTTGGTTGTTGTC-1"
"2536","CCACTTGGTTTGGCTT-1"
"2537","CCAGACTCACAATGCC-1"
"2538","CCAGACTCACTGACCG-1"
"2539","CCAGACTCATTGACAT-1"
"2540","CCAGCCTGTAAGGTCC-1"
"2541","CCAGCCTGTACAAAGA-1"
"2542","CCAGCCTGTAGCAGCT-1"
"2543","CCAGCCTGTGTGCACG-1"
"2544","CCAGCTAAGACTTATG-1"
"2545","CCAGCTAAGGCATGAA-1"
"2546","CCAGCTAAGGCCAATT-1"
"2547","CCAGCTGCAATAACCT-1"
"2548","CCAGCTGCAGGGAGCT-1"
"2549","CCAGCTGCATGAATCT-1"
"2550","CCAGGAACAAGCCAGA-1"
"2551","CCAGGAACAATTGCGC-1"
"2552","CCAGGAACAGGCCATT-1"
"2553","CCAGGAACATGAAATG-1"
"2554","CCAGGATGTGAGGTGA-1"
"2555","CCAGGATGTGTTGCTT-1"
"2556","CCAGTTTGTACCCACC-1"
"2557","CCAGTTTGTACTGAAT-1"
"2558","CCAGTTTGTATTGGTG-1"
"2559","CCAGTTTGTCAGGCAT-1"
"2560","CCAGTTTGTCATTGAG-1"
"2561","CCAGTTTGTCGTAATG-1"
"2562","CCATAAATCAAGGACA-1"
"2563","CCATAAATCATAGCCG-1"
"2564","CCATAAATCCCGTTGT-1"
"2565","CCATAAATCGCTAAGT-1"
"2566","CCATAAGGTGATGATT-1"
"2567","CCATAAGGTGTTGTAG-1"
"2568","CCATAAGGTTGGCGTG-1"
"2569","CCATAATCAAAGCGGC-1"
"2570","CCATAATCACGAATTT-1"
"2571","CCATAATCAGGTTATT-1"
"2572","CCATAATCATCACTTC-1"
"2573","CCATAATCATTGCGTA-1"
"2574","CCATAGCCAAAGCTCC-1"
"2575","CCATAGCCAGTAGGAT-1"
"2576","CCATAGCCATAAGTTC-1"
"2577","CCATAGCCATTAAACC-1"
"2578","CCATATTTCAATTGGC-1"
"2579","CCATATTTCTTAGTCT-1"
"2580","CCATCACTCCAGCACA-1"
"2581","CCATCACTCGTGCTTC-1"
"2582","CCATCATGTCTAACCT-1"
"2583","CCATCATGTTTCGCGC-1"
"2584","CCATTGTGTCACAGAC-1"
"2585","CCATTGTGTGCATTAG-1"
"2586","CCATTGTGTGCTCACC-1"
"2587","CCATTGTGTTAGAGGG-1"
"2588","CCATTGTGTTTGCTGT-1"
"2589","CCCAAACCACAAGCCT-1"
"2590","CCCAAACCAGGCTACT-1"
"2591","CCCAAACCATTGTTGG-1"
"2592","CCCAAATAGGTTTGAC-1"
"2593","CCCAAATAGTCGCTAG-1"
"2594","CCCAACCGTATTCGCT-1"
"2595","CCCAACCGTATTGTGG-1"
"2596","CCCAACCGTCCAAGAC-1"
"2597","CCCAACCGTTGTGATG-1"
"2598","CCCAACCGTTTGCAGA-1"
"2599","CCCAATTGTCCTCCAA-1"
"2600","CCCAATTGTTACAAAC-1"
"2601","CCCAATTGTTGGCCGA-1"
"2602","CCCAGCACAAGGGTTG-1"
"2603","CCCAGCACAATATACC-1"
"2604","CCCAGCACAATTGAAG-1"
"2605","CCCAGCACACAATGTT-1"
"2606","CCCAGCACACAGCCTG-1"
"2607","CCCAGCACACATTGCA-1"
"2608","CCCAGCACACCCTCAC-1"
"2609","CCCAGCACACCTATAG-1"
"2610","CCCAGCACAGACAAAC-1"
"2611","CCCAGTTTCATCCTAT-1"
"2612","CCCAGTTTCATGCAAC-1"
"2613","CCCAGTTTCCTAATAG-1"
"2614","CCCAGTTTCTAAGGAG-1"
"2615","CCCATAACAGTTATGT-1"
"2616","CCCGCAACAAAGCTAA-1"
"2617","CCCGCAACAAAGCTCC-1"
"2618","CCCGCAACAAGGTGGC-1"
"2619","CCCGCAACACATAGCC-1"
"2620","CCCGCAACACCAGGTT-1"
"2621","CCCGCAACACCCTCAC-1"
"2622","CCCGCAACACCTACTT-1"
"2623","CCCGCAACAGCCAGTT-1"
"2624","CCCGCAACATCAATCG-1"
"2625","CCCGCTTCAAACCTTG-1"
"2626","CCCGCTTCAAGTAAGC-1"
"2627","CCCGCTTCATGTCAAT-1"
"2628","CCCGTAAAGACAAGTG-1"
"2629","CCCGTAAAGAGGAGGA-1"
"2630","CCCGTAAAGTAGGCGG-1"
"2631","CCCGTTGTCAAGCCTG-1"
"2632","CCCGTTGTCACAGCCA-1"
"2633","CCCGTTGTCCTCCATA-1"
"2634","CCCGTTGTCTCATCAT-1"
"2635","CCCGTTGTCTTAGGAC-1"
"2636","CCCTAATGTAAATTGC-1"
"2637","CCCTAATGTCAATAGT-1"
"2638","CCCTCACCAATAGTCT-1"
"2639","CCCTCACCACGAACAG-1"
"2640","CCCTCACCAGATTCAT-1"
"2641","CCCTCACCAGGAACAT-1"
"2642","CCCTCACCATCACTTC-1"
"2643","CCCTCACCATCCATCT-1"
"2644","CCCTCACCATGACTAT-1"
"2645","CCCTCAGTCCCGCCTA-1"
"2646","CCCTCAGTCCTCAGTC-1"
"2647","CCCTCAGTCTCCTCTT-1"
"2648","CCCTCATAGACACCGC-1"
"2649","CCCTCATAGCAATAGG-1"
"2650","CCCTCATAGCTCATAA-1"
"2651","CCCTCATAGGAACCAA-1"
"2652","CCCTCATAGGCATTAC-1"
"2653","CCCTGGACAACATAAG-1"
"2654","CCCTGGACAATGCGCT-1"
"2655","CCCTGGACAGCATTAT-1"
"2656","CCCTGGACAGGGAGCT-1"
"2657","CCCTTAATCCATCAGG-1"
"2658","CCCTTAATCCTAATTC-1"
"2659","CCCTTAATCCTGAGTG-1"
"2660","CCCTTAATCGCGACAC-1"
"2661","CCCTTAATCTAAGTCA-1"
"2662","CCCTTAATCTTGAGGT-1"
"2663","CCGACAGGTAAGGTCC-1"
"2664","CCGACAGGTCATCATC-1"
"2665","CCGACAGGTTCAAGCA-1"
"2666","CCGATGCAGAAAGGAA-1"
"2667","CCGATGCAGAACCTAC-1"
"2668","CCGATGCAGTAAGTGG-1"
"2669","CCGATGCAGTCGCTAG-1"
"2670","CCGATGCAGTGAGGTA-1"
"2671","CCGCAAATCAAGTGTC-1"
"2672","CCGCAAATCGCTATGG-1"
"2673","CCGCAAATCTTAGCGG-1"
"2674","CCGCAAGGTACCTTAC-1"
"2675","CCGCAAGGTCATCAAG-1"
"2676","CCGCAAGGTGGACCTG-1"
"2677","CCGCAAGGTTAGGACC-1"
"2678","CCGCACACACATTAAC-1"
"2679","CCGCACACAGTCTAGC-1"
"2680","CCGCCAACAATTGCGC-1"
"2681","CCGCCAACAGGTATTT-1"
"2682","CCGCTAAAGGAACCGG-1"
"2683","CCGCTAAAGGCAAGTA-1"
"2684","CCGCTAAAGGTACCGC-1"
"2685","CCGCTAAAGTCAATTG-1"
"2686","CCGCTAGCAAACGGGC-1"
"2687","CCGCTAGCATAACGGG-1"
"2688","CCGCTAGCATGAATCT-1"
"2689","CCGCTAGCATGTCGCG-1"
"2690","CCGCTTAGTAACGTGC-1"
"2691","CCGCTTAGTATTCGTC-1"
"2692","CCGCTTAGTCAGGCCA-1"
"2693","CCGCTTAGTGAGACTC-1"
"2694","CCGCTTAGTGGATGTC-1"
"2695","CCGCTTAGTTGGATAT-1"
"2696","CCGCTTAGTTGTTGCT-1"
"2697","CCGGTAGGTCTAACCT-1"
"2698","CCGGTAGGTGCTCCGT-1"
"2699","CCGGTAGGTTACAAAC-1"
"2700","CCGGTAGGTTAGTGAT-1"
"2701","CCGGTAGGTTGAGCCG-1"
"2702","CCGGTAGGTTTCCGGC-1"
"2703","CCGGTTAAGACTTATG-1"
"2704","CCGGTTAAGCCTTAAA-1"
"2705","CCGGTTAAGCGGTTAT-1"
"2706","CCGGTTAAGGGCTTAT-1"
"2707","CCGGTTAAGGTACCGC-1"
"2708","CCGGTTAAGTAACGAG-1"
"2709","CCGGTTAAGTATTGCA-1"
"2710","CCGTGCTGTAATTAGC-1"
"2711","CCGTGCTGTCAAGTGC-1"
"2712","CCGTGCTGTTGGTTAG-1"
"2713","CCGTGCTGTTTGGCGG-1"
"2714","CCGTTAACAATGAGGT-1"
"2715","CCGTTAACACCGGTAT-1"
"2716","CCGTTAACAGGAACTG-1"
"2717","CCGTTAACAGTAGGAT-1"
"2718","CCGTTAACATAAAGCA-1"
"2719","CCGTTACTCACAGCGC-1"
"2720","CCGTTACTCCCATAGG-1"
"2721","CCGTTACTCGATAACC-1"
"2722","CCGTTACTCGGGCCAT-1"
"2723","CCGTTACTCTGGTCCT-1"
"2724","CCGTTATGTAATGGAA-1"
"2725","CCGTTATGTATTCGTC-1"
"2726","CCGTTATGTTACTTCA-1"
"2727","CCGTTATGTTAGAGGG-1"
"2728","CCGTTATGTTTACGTC-1"
"2729","CCGTTATGTTTATGGG-1"
"2730","CCGTTATGTTTATTCG-1"
"2731","CCGTTGCGTGCACGCA-1"
"2732","CCGTTGCGTTAGGCGT-1"
"2733","CCGTTTGGTTATTGCC-1"
"2734","CCTAAATCAAACATAG-1"
"2735","CCTAAATCACTAAGTT-1"
"2736","CCTAAATCATCCTAGA-1"
"2737","CCTAAATCATCGCTTT-1"
"2738","CCTAAGCCACAATGCC-1"
"2739","CCTAAGCCAGCACGAA-1"
"2740","CCTAAGCCATGAAATG-1"
"2741","CCTAAGCCATGGAGGC-1"
"2742","CCTAAGGTCAGCATTA-1"
"2743","CCTAAGGTCATTTGTC-1"
"2744","CCTAAGGTCGATTCTT-1"
"2745","CCTAAGGTCGCCTAAG-1"
"2746","CCTAAGGTCGGTCAAT-1"
"2747","CCTAAGTAGACACCGC-1"
"2748","CCTAAGTAGATTGAGG-1"
"2749","CCTAAGTAGGCAGGTG-1"
"2750","CCTAAGTAGGCCATCA-1"
"2751","CCTAATAAGGTTAGCT-1"
"2752","CCTAATAAGTAAAGGT-1"
"2753","CCTAATAAGTAGAGGC-1"
"2754","CCTAATCGTAGGATTT-1"
"2755","CCTAATCGTCATCATC-1"
"2756","CCTAATCGTTTGGCTT-1"
"2757","CCTACTGGTAGGTGTC-1"
"2758","CCTACTGGTAGTTAAC-1"
"2759","CCTACTGGTCCACAAA-1"
"2760","CCTACTGGTCCTAATC-1"
"2761","CCTACTGGTGCTGTAA-1"
"2762","CCTACTGGTTAGTGAT-1"
"2763","CCTACTTCACTGGCCA-1"
"2764","CCTACTTCATCGCTCC-1"
"2765","CCTAGTTGTACGCGCA-1"
"2766","CCTAGTTGTGACCTGG-1"
"2767","CCTAGTTGTGCAACTA-1"
"2768","CCTATAGCAATCCTGA-1"
"2769","CCTATAGCAATGAATG-1"
"2770","CCTATAGCACCTATAG-1"
"2771","CCTATAGCAGTAGCCT-1"
"2772","CCTATAGCATTGTGAT-1"
"2773","CCTATATTCACGTTAA-1"
"2774","CCTATATTCATGAAGG-1"
"2775","CCTATATTCATGGCTG-1"
"2776","CCTATATTCCCAGTAG-1"
"2777","CCTATATTCCCGAACA-1"
"2778","CCTATATTCCCGCCTA-1"
"2779","CCTATATTCCTCAGTC-1"
"2780","CCTATATTCTGTGCCT-1"
"2781","CCTATATTCTTAGTGA-1"
"2782","CCTATATTCTTGAGGT-1"
"2783","CCTATTGTCATCCTAT-1"
"2784","CCTATTGTCCAAACAC-1"
"2785","CCTATTGTCCCGTTTA-1"
"2786","CCTATTGTCCGGTATG-1"
"2787","CCTATTGTCGAAGTGA-1"
"2788","CCTATTGTCGTTAACA-1"
"2789","CCTATTGTCTAATTGG-1"
"2790","CCTATTTAGGGTGGAT-1"
"2791","CCTCAAACAAATTCGT-1"
"2792","CCTCAAACAGCAAGAT-1"
"2793","CCTCAAACAGGCTAGA-1"
"2794","CCTCAAACATGAAATG-1"
"2795","CCTCAATGTCTCAGCC-1"
"2796","CCTCAATGTTAACACG-1"
"2797","CCTCAGTTCATCCTCA-1"
"2798","CCTCAGTTCCAAGTGT-1"
"2799","CCTCAGTTCCTCCCTC-1"
"2800","CCTCAGTTCGGTTTGG-1"
"2801","CCTCAGTTCTCACAAA-1"
"2802","CCTCAGTTCTTAGCCC-1"
"2803","CCTCAGTTCTTTAGGA-1"
"2804","CCTCCTCTCAATCATG-1"
"2805","CCTCCTCTCACCGGTA-1"
"2806","CCTCCTCTCAGCAAGA-1"
"2807","CCTCCTCTCAGCCAAT-1"
"2808","CCTCCTCTCATAATCG-1"
"2809","CCTCCTCTCATTGACA-1"
"2810","CCTCCTCTCCAGGTCA-1"
"2811","CCTCCTCTCGTACCGA-1"
"2812","CCTCCTCTCTTGCATT-1"
"2813","CCTCCTGAGAAGGTGC-1"
"2814","CCTCCTGAGAGGAAGG-1"
"2815","CCTCCTGAGCATTATG-1"
"2816","CCTCCTGAGCTATATG-1"
"2817","CCTCCTGAGCTCCCTG-1"
"2818","CCTCCTGAGGGTCTAT-1"
"2819","CCTCCTGAGTAGGATG-1"
"2820","CCTCCTGAGTCATGCG-1"
"2821","CCTGAATAGCATGGTT-1"
"2822","CCTGAATAGGAAGCAC-1"
"2823","CCTGAATAGGAGCATA-1"
"2824","CCTGAATAGGATTGAG-1"
"2825","CCTGAATAGGCGCATC-1"
"2826","CCTGACTTCAAGTGTC-1"
"2827","CCTGACTTCAATTACG-1"
"2828","CCTGACTTCGGGACCT-1"
"2829","CCTGACTTCTGTAAGC-1"
"2830","CCTGAGTCAAACAACA-1"
"2831","CCTGAGTCAACAACAA-1"
"2832","CCTGAGTCAACAGCCT-1"
"2833","CCTGAGTCACCTGCTC-1"
"2834","CCTGAGTCACGTTACA-1"
"2835","CCTGAGTCAGGCTTCG-1"
"2836","CCTGAGTCATGATTGT-1"
"2837","CCTGAGTCATGCAACC-1"
"2838","CCTGAGTCATTGTCCT-1"
"2839","CCTGAGTCATTGTGGC-1"
"2840","CCTGAGTCATTGTGTG-1"
"2841","CCTGATGAGCACGATT-1"
"2842","CCTGATGAGCAGCTCA-1"
"2843","CCTGATGAGCCTCTCG-1"
"2844","CCTGATGAGCTCCTTA-1"
"2845","CCTGATGAGGACCGCT-1"
"2846","CCTGATGAGGCATGAA-1"
"2847","CCTGATGAGGGTGGAT-1"
"2848","CCTGATGAGTGAACGA-1"
"2849","CCTGATGAGTGAAGTG-1"
"2850","CCTGCTCCACAACCTA-1"
"2851","CCTGCTCCAGGAATCG-1"
"2852","CCTGCTCCAGTTATCG-1"
"2853","CCTGCTCCATGCTCCC-1"
"2854","CCTGGATCAACATAAG-1"
"2855","CCTGGATCAATTATGC-1"
"2856","CCTGGATCACCAAAGG-1"
"2857","CCTGGATCAGGCTTCG-1"
"2858","CCTGGATCATCCTAGA-1"
"2859","CCTGGTAAGGAATAAC-1"
"2860","CCTGGTAAGTTTCCGC-1"
"2861","CCTGGTAAGTTTGGTA-1"
"2862","CCTGTAACAACTAGGG-1"
"2863","CCTGTATGTGCGCAAT-1"
"2864","CCTGTATGTGCTGTAA-1"
"2865","CCTGTATGTGTCCAAA-1"
"2866","CCTGTATGTGTGAGGA-1"
"2867","CCTGTATGTTTGAGGC-1"
"2868","CCTGTATGTTTGTCTA-1"
"2869","CCTGTTGGTCTTGCAT-1"
"2870","CCTGTTGGTGTGCACG-1"
"2871","CCTGTTGGTTCGGTAA-1"
"2872","CCTGTTGGTTGTAACG-1"
"2873","CCTGTTGGTTTAACGG-1"
"2874","CCTTAACGTCAAGTAT-1"
"2875","CCTTAACGTCATCATC-1"
"2876","CCTTAACGTCCTTAGT-1"
"2877","CCTTAACGTGTGTCCC-1"
"2878","CCTTAACGTGTTTGTC-1"
"2879","CCTTAACGTTAATGCG-1"
"2880","CCTTAACGTTTCCTCC-1"
"2881","CCTTACTCAAGGTAAC-1"
"2882","CCTTACTCAATTGAGA-1"
"2883","CCTTACTCACAGGGAC-1"
"2884","CCTTACTCACCCACCT-1"
"2885","CCTTACTCACGAACAG-1"
"2886","CCTTACTCACTAAGTT-1"
"2887","CCTTACTCACTCGCTC-1"
"2888","CCTTACTCAGCCAGTT-1"
"2889","CCTTACTCAGTAAGTA-1"
"2890","CCTTACTCATAATTGC-1"
"2891","CCTTACTCATAGCGAG-1"
"2892","CCTTACTCATCTAGCA-1"
"2893","CCTTACTCATCTTGAG-1"
"2894","CCTTACTCATTATGCG-1"
"2895","CCTTAGTGTAGGTTAT-1"
"2896","CCTTAGTGTGGACCTG-1"
"2897","CCTTAGTGTGTCCAAA-1"
"2898","CCTTAGTGTTAGTTGG-1"
"2899","CCTTATGTCATAACCA-1"
"2900","CCTTATGTCATTGCGG-1"
"2901","CCTTATGTCCAAGTTA-1"
"2902","CCTTATGTCCCATAGG-1"
"2903","CCTTATGTCCTAATTC-1"
"2904","CCTTATGTCGTGCCTT-1"
"2905","CCTTATGTCTCTAGCC-1"
"2906","CCTTCAATCACAGGAA-1"
"2907","CCTTCAATCATTGACA-1"
"2908","CCTTCAGGTGAGCGAA-1"
"2909","CCTTCAGGTTACTAGG-1"
"2910","CCTTCGTAGAACCTGT-1"
"2911","CCTTCGTAGACAAAGT-1"
"2912","CCTTCGTAGACTTACA-1"
"2913","CCTTCGTAGCTAAAGG-1"
"2914","CCTTCGTAGGAACACA-1"
"2915","CCTTCGTAGGCTGTGC-1"
"2916","CCTTCGTAGGTTTGAC-1"
"2917","CCTTCGTAGTTAGCCG-1"
"2918","CCTTGCGTCACCATTT-1"
"2919","CCTTGCGTCATTACGA-1"
"2920","CCTTGCGTCCAGGGAG-1"
"2921","CCTTGCGTCCGCAACA-1"
"2922","CCTTGCGTCCTCCCTC-1"
"2923","CCTTGCGTCGCAAACT-1"
"2924","CCTTGCGTCGTACCGA-1"
"2925","CCTTGTTCAATGCCCG-1"
"2926","CCTTGTTCACCAGGTT-1"
"2927","CCTTGTTCAGAAATGC-1"
"2928","CCTTGTTCAGCAAGGC-1"
"2929","CCTTGTTCAGGTTACC-1"
"2930","CCTTGTTCAGTACCGT-1"
"2931","CCTTGTTCATAGGCGA-1"
"2932","CCTTTAGTCAAGGACA-1"
"2933","CCTTTAGTCACGCGGT-1"
"2934","CCTTTAGTCCCGCAAA-1"
"2935","CCTTTAGTCTAATTGG-1"
"2936","CGAAATGAGAATCTCA-1"
"2937","CGAAATGAGAATGACG-1"
"2938","CGAAATGAGCGAGCGA-1"
"2939","CGAAATGAGGCCATCA-1"
"2940","CGAAATGAGGGCTTTG-1"
"2941","CGAACAAAGGTCCTGA-1"
"2942","CGAACAAAGTAAAGGT-1"
"2943","CGAACCGGTAAATTGC-1"
"2944","CGAACCGGTATTCGCT-1"
"2945","CGAACCGGTCCGTAGG-1"
"2946","CGAACCGGTGATGATT-1"
"2947","CGAACCGGTTACAAAC-1"
"2948","CGAACCGGTTCCAGGG-1"
"2949","CGAACCGGTTCCGGCT-1"
"2950","CGAACCGGTTGTTGTC-1"
"2951","CGAAGAATCCATCAGG-1"
"2952","CGAAGAATCCGCAAGC-1"
"2953","CGAAGAATCGCTCACT-1"
"2954","CGAAGAATCGCTTGCT-1"
"2955","CGAAGAATCTAACCTT-1"
"2956","CGAAGAATCTCACAAA-1"
"2957","CGAAGCCTCAAACCTA-1"
"2958","CGAAGCCTCATGTTTC-1"
"2959","CGAAGCCTCCGCCAAA-1"
"2960","CGAAGCCTCTCCTCAA-1"
"2961","CGAAGCCTCTTGTCCA-1"
"2962","CGAAGCCTCTTGTTCG-1"
"2963","CGAAGCGAGCCTCTCG-1"
"2964","CGAAGCGAGCGATACT-1"
"2965","CGAAGCGAGCGTGCGT-1"
"2966","CGAAGCGAGCTCCCTG-1"
"2967","CGAAGCGAGGACAATG-1"
"2968","CGAAGGCCAAGCTACC-1"
"2969","CGAAGGCCAATTGACT-1"
"2970","CGAAGGCCACGGTTTA-1"
"2971","CGAAGGCCAGGCCATT-1"
"2972","CGAAGGCCATGTCAAT-1"
"2973","CGAAGTAAGGAAGCAC-1"
"2974","CGAAGTAAGGCGCTAC-1"
"2975","CGAATATGTAAACAAG-1"
"2976","CGAATATGTAACCACA-1"
"2977","CGAATATGTAACTACG-1"
"2978","CGAATATGTCCGTAGG-1"
"2979","CGAATATGTGCTAGCG-1"
"2980","CGAATATGTGTTGTGA-1"
"2981","CGAATCTAGCTCCCTG-1"
"2982","CGAATCTAGTAACAGG-1"
"2983","CGAATCTAGTTAGACC-1"
"2984","CGAATCTAGTTATGTG-1"
"2985","CGACAAGCACCAGCAT-1"
"2986","CGACAAGCACCCTCAC-1"
"2987","CGACAAGCACCTAATG-1"
"2988","CGACAAGCAGGAAGCC-1"
"2989","CGACAAGCATCGCTCC-1"
"2990","CGACCTGCACCAGCAT-1"
"2991","CGACCTGCACGGTACT-1"
"2992","CGACCTGCACTATGGC-1"
"2993","CGACCTGCAGCACGAA-1"
"2994","CGACCTGCAGGCCATT-1"
"2995","CGACCTGCAGGTTCAC-1"
"2996","CGACTAAGTCCAAGAC-1"
"2997","CGACTAAGTGTTTGCT-1"
"2998","CGACTAAGTTTGGGTA-1"
"2999","CGAGCGAAGCATCCAG-1"
"3000","CGAGCGAAGCCGCAAC-1"
"3001","CGAGCGAAGGTAGCTT-1"
"3002","CGAGCGAAGGTCCTAG-1"
"3003","CGAGCGAAGGTGTCCA-1"
"3004","CGAGCGAAGTAAACCC-1"
"3005","CGAGCGAAGTCACCAG-1"
"3006","CGAGCTGGTTGTCATC-1"
"3007","CGAGGAAGTCCTAATC-1"
"3008","CGAGGAAGTTAAATGC-1"
"3009","CGAGGAAGTTTACGTC-1"
"3010","CGAGGCAAGCATTAGC-1"
"3011","CGAGGCAAGCGCTCAA-1"
"3012","CGAGGCAAGCGGATAA-1"
"3013","CGAGGCAAGGAAGTAT-1"
"3014","CGAGGCAAGGACCTTG-1"
"3015","CGAGGCAAGGAGGTTA-1"
"3016","CGAGGCAAGGCGGATG-1"
"3017","CGAGGCAAGTAAACCC-1"
"3018","CGAGGCAAGTGAGGTA-1"
"3019","CGAGGTGAGGTGCTGC-1"
"3020","CGAGGTGAGTGAAGTG-1"
"3021","CGAGTCGGTACCAGGT-1"
"3022","CGAGTCGGTACCGGAT-1"
"3023","CGAGTCGGTACTGAAT-1"
"3024","CGAGTCGGTACTGATG-1"
"3025","CGAGTCGGTGAAACAA-1"
"3026","CGAGTCGGTGAGCGAA-1"
"3027","CGAGTCGGTTGTTGGA-1"
"3028","CGAGTCGGTTTCCGGC-1"
"3029","CGATATTCAAGCTACC-1"
"3030","CGATATTCAATTAACC-1"
"3031","CGATATTCAGCAAGGC-1"
"3032","CGATATTCAGCTTAAT-1"
"3033","CGATATTCATAATCGT-1"
"3034","CGATATTCATTAAGTC-1"
"3035","CGATATTCATTAGGTT-1"
"3036","CGATCCTTCAAGCCTG-1"
"3037","CGATCCTTCAGGAACA-1"
"3038","CGATCCTTCATTGACA-1"
"3039","CGATCCTTCTTGAGGT-1"
"3040","CGATCCTTCTTTGACT-1"
"3041","CGATGTCCAAGCTAAA-1"
"3042","CGATGTCCAAGTCGCT-1"
"3043","CGATGTCCACAGACTC-1"
"3044","CGATGTCCAGCTCAAC-1"
"3045","CGATGTCCAGGGAGCT-1"
"3046","CGATGTCCAGTAGCCT-1"
"3047","CGATGTCCATGTCAGC-1"
"3048","CGATTATCAAACTCAT-1"
"3049","CGATTATCAAGCTTTG-1"
"3050","CGATTATCAGCACCAT-1"
"3051","CGATTATCAGGAAGCC-1"
"3052","CGATTATCATAATCGT-1"
"3053","CGATTCCTCGACCTGA-1"
"3054","CGATTCCTCGCTAAGT-1"
"3055","CGATTCCTCTAATCTC-1"
"3056","CGATTCCTCTGTTCAT-1"
"3057","CGATTCCTCTTGTCCA-1"
"3058","CGATTGAGTCAATACG-1"
"3059","CGATTGAGTTCGCTTG-1"
"3060","CGATTTGCAACCTAAT-1"
"3061","CGATTTGCAAGACTCC-1"
"3062","CGATTTGCAATAAGCA-1"
"3063","CGATTTGCACGAATCC-1"
"3064","CGATTTGCAGGCTACT-1"
"3065","CGATTTGCAGTAATAG-1"
"3066","CGATTTGCATTGTCAG-1"
"3067","CGCAAATTCACAGCCA-1"
"3068","CGCAAATTCATGGTGT-1"
"3069","CGCAAATTCCACCCTG-1"
"3070","CGCAAATTCCTACCTA-1"
"3071","CGCAAATTCGAGGTGG-1"
"3072","CGCAAATTCGGGACTC-1"
"3073","CGCAATAGTACAATGT-1"
"3074","CGCAATAGTCGCAAAC-1"
"3075","CGCAATAGTTGCTGGG-1"
"3076","CGCAATAGTTTGCGCC-1"
"3077","CGCAATCCAAAGCTCC-1"
"3078","CGCAATCCAAGTAAGC-1"
"3079","CGCAATCCACAAAGGT-1"
"3080","CGCAATCCACTCAACA-1"
"3081","CGCAATCCATTTAAGC-1"
"3082","CGCAATGTCACGCCAA-1"
"3083","CGCAATGTCACGCGGT-1"
"3084","CGCAATGTCACTAAGC-1"
"3085","CGCAATGTCATGCTCC-1"
"3086","CGCAATGTCCGTGACA-1"
"3087","CGCAATGTCGCAAACT-1"
"3088","CGCAATGTCGGGCCAT-1"
"3089","CGCAATGTCTAACCAA-1"
"3090","CGCAATGTCTTAGTGA-1"
"3091","CGCAATTAGCAACATC-1"
"3092","CGCAATTAGCAGCTCA-1"
"3093","CGCAATTAGCCTGACA-1"
"3094","CGCAATTAGCCTGTTC-1"
"3095","CGCAATTAGCTAATTG-1"
"3096","CGCAATTAGCTTTGGG-1"
"3097","CGCAATTAGCTTTGTT-1"
"3098","CGCAATTAGGCTGTCA-1"
"3099","CGCACAATCAGGTTTA-1"
"3100","CGCACAATCCAAACAC-1"
"3101","CGCACAATCCTACCTA-1"
"3102","CGCACAATCGGCCAGT-1"
"3103","CGCACACAGGTTAGCT-1"
"3104","CGCACACAGTAAGAAC-1"
"3105","CGCACACAGTAGCGGG-1"
"3106","CGCACCACAATACTGT-1"
"3107","CGCACCACAATGCCCG-1"
"3108","CGCACCACACAGCCTG-1"
"3109","CGCATATAGTTAGCTA-1"
"3110","CGCATGATCGCTAGTG-1"
"3111","CGCATGATCTGCAAAC-1"
"3112","CGCATTACACCTCGCT-1"
"3113","CGCATTACAGATAGAC-1"
"3114","CGCATTACATAGGCGA-1"
"3115","CGCATTACATCTAGCA-1"
"3116","CGCATTACATTAGGTT-1"
"3117","CGCATTTGTAACGGGA-1"
"3118","CGCATTTGTAGTTAAC-1"
"3119","CGCATTTGTGTCACGG-1"
"3120","CGCATTTGTTGGCGTG-1"
"3121","CGCATTTGTTGTAACG-1"
"3122","CGCCAAATCAGGCCTA-1"
"3123","CGCCAAATCATAGACC-1"
"3124","CGCCAAATCCCGCCTA-1"
"3125","CGCCAAATCTGTAATG-1"
"3126","CGCCACACAAAGCGGC-1"
"3127","CGCCACACAATTATGC-1"
"3128","CGCCACACACAGGAAT-1"
"3129","CGCCACACACATACTG-1"
"3130","CGCCACACACGAATTT-1"
"3131","CGCCACACAGATTCAT-1"
"3132","CGCCTCATCAAAGGCA-1"
"3133","CGCCTCATCACCGGTA-1"
"3134","CGCCTCATCCGGAACC-1"
"3135","CGCCTCATCCTCACTA-1"
"3136","CGCCTCATCCTGAGTG-1"
"3137","CGCCTCATCTAGCTAA-1"
"3138","CGCCTGTGTATTCGCT-1"
"3139","CGCCTGTGTGAACAAA-1"
"3140","CGCCTGTGTGGATTAT-1"
"3141","CGCCTGTGTTGAGGTC-1"
"3142","CGCGATTCAAGGGTTG-1"
"3143","CGCGATTCAATTGAGA-1"
"3144","CGCGATTCACAACCTA-1"
"3145","CGCGATTCACCGGCTA-1"
"3146","CGCGATTCACGAACAG-1"
"3147","CGCGATTCATTGTTGG-1"
"3148","CGCGGATTCATTGTCT-1"
"3149","CGCGGATTCCCTCTAA-1"
"3150","CGCGGATTCGCTATGG-1"
"3151","CGCGGATTCTTAAGTG-1"
"3152","CGCTAACCAAATACCT-1"
"3153","CGCTAACCAATAAGCA-1"
"3154","CGCTAACCATTGCGTA-1"
"3155","CGCTAACCATTGTGAT-1"
"3156","CGCTAACCATTGTGTG-1"
"3157","CGCTAATAGACAAGTG-1"
"3158","CGCTAATAGCATGACT-1"
"3159","CGCTAATAGCCGCAGT-1"
"3160","CGCTAATAGCCTGACA-1"
"3161","CGCTAATAGGCATGTT-1"
"3162","CGCTAATAGGCTTAAC-1"
"3163","CGCTAATAGGTCCTGA-1"
"3164","CGCTAATAGTAAGTCC-1"
"3165","CGCTACTTCAACCAAC-1"
"3166","CGCTACTTCGTAATCA-1"
"3167","CGCTACTTCTCCATGC-1"
"3168","CGCTATGAGCGATAGA-1"
"3169","CGCTCAGCACCAGCAT-1"
"3170","CGCTCCATCAAACCGT-1"
"3171","CGCTCCATCATCCTCA-1"
"3172","CGCTCCATCCCGTTGT-1"
"3173","CGCTCCATCCGTCCAT-1"
"3174","CGCTCCATCTCACTCA-1"
"3175","CGCTGTGCAAAGCGGC-1"
"3176","CGCTGTGCAGGTTACC-1"
"3177","CGCTTAACAAATGCCC-1"
"3178","CGCTTAACACTAAGTT-1"
"3179","CGCTTAACAGGCCAAA-1"
"3180","CGCTTAACATAAAGCA-1"
"3181","CGCTTAACATCAGTAT-1"
"3182","CGCTTACTCAGCAAAG-1"
"3183","CGCTTACTCCCTCGCA-1"
"3184","CGCTTACTCGGTAACT-1"
"3185","CGCTTCTAGCTTTGTT-1"
"3186","CGCTTCTAGGCCTTAG-1"
"3187","CGCTTCTAGGCTACAT-1"
"3188","CGCTTCTAGTCAATCA-1"
"3189","CGCTTGCGTAAACAAG-1"
"3190","CGCTTGCGTACCAGGT-1"
"3191","CGCTTGCGTATACTGG-1"
"3192","CGCTTGCGTGGTTCTT-1"
"3193","CGCTTGCGTTAAGCCA-1"
"3194","CGCTTGCGTTACTTGC-1"
"3195","CGCTTGCGTTGACTTC-1"
"3196","CGGAATCGTAAACAAG-1"
"3197","CGGAATCGTAGGTGTC-1"
"3198","CGGAATCGTCCTTCAG-1"
"3199","CGGAATCGTGAGCAAG-1"
"3200","CGGACAACAAGGTGGC-1"
"3201","CGGACAACAATGCCTA-1"
"3202","CGGACAACAGCAACCT-1"
"3203","CGGACCTAGGAGCATA-1"
"3204","CGGACCTAGTAATCCA-1"
"3205","CGGAGCAAGAGAGCCG-1"
"3206","CGGAGCAAGCATTTCT-1"
"3207","CGGAGTCTCCAAGTGT-1"
"3208","CGGAGTCTCCCTGTTA-1"
"3209","CGGAGTCTCGGCCATA-1"
"3210","CGGATAAAGACAGGTA-1"
"3211","CGGATAAAGCGCCTAA-1"
"3212","CGGATAAAGCTATATG-1"
"3213","CGGATAAAGGGCTTTG-1"
"3214","CGGATAAAGGTGAAAT-1"
"3215","CGGATAAAGTTAGCTA-1"
"3216","CGGATAAAGTTTCCGC-1"
"3217","CGGATTAGTAGCCTCC-1"
"3218","CGGATTAGTCCTAAGA-1"
"3219","CGGATTAGTCTAACCT-1"
"3220","CGGCAATGTACTGATG-1"
"3221","CGGCAATGTAGTAAGA-1"
"3222","CGGCAATGTGCTTTAC-1"
"3223","CGGCAATGTGGGTGAA-1"
"3224","CGGCAATGTTGGCCGA-1"
"3225","CGGCCATAGACACCGC-1"
"3226","CGGCCATAGAGAAGGG-1"
"3227","CGGCCATAGCCGCTAA-1"
"3228","CGGCCATAGCCTGTTC-1"
"3229","CGGCCATAGCTCCCTG-1"
"3230","CGGCCATAGTATTGGC-1"
"3231","CGGCCATAGTTACCGG-1"
"3232","CGGCCATAGTTAGCCG-1"
"3233","CGGCCATAGTTGTCTT-1"
"3234","CGGCTAATCCACCTGT-1"
"3235","CGGCTAATCCTAAATG-1"
"3236","CGGCTAATCTCACAAA-1"
"3237","CGGCTAATCTTGGATA-1"
"3238","CGGCTCACAATAATGG-1"
"3239","CGGCTCACAATCGCAC-1"
"3240","CGGCTCACAATTAACC-1"
"3241","CGGCTCACACCTGCCT-1"
"3242","CGGCTCACACCTGTAA-1"
"3243","CGGCTCACAGCAAGTG-1"
"3244","CGGCTCACAGGCATGA-1"
"3245","CGGCTCACAGGCTGTT-1"
"3246","CGGCTCACATGTGGGA-1"
"3247","CGGCTCACATTAAGTC-1"
"3248","CGGGACAAGGTAACGA-1"
"3249","CGGGACAAGGTTAGCT-1"
"3250","CGGGACAAGTACTGGT-1"
"3251","CGGGCTTAGGAACGCG-1"
"3252","CGGGCTTAGGACCTTG-1"
"3253","CGGGTATGTAAATTGC-1"
"3254","CGGGTATGTAGCTGCG-1"
"3255","CGGGTATGTATACTGG-1"
"3256","CGGGTATGTGAACAAA-1"
"3257","CGGGTATGTTAGAGCC-1"
"3258","CGGGTATGTTATGTGG-1"
"3259","CGGGTCTAGCAGGTTT-1"
"3260","CGGTAACGTACCCACC-1"
"3261","CGGTAACGTCTTACTA-1"
"3262","CGGTAACGTGGATTCA-1"
"3263","CGGTGAACAAGCTACC-1"
"3264","CGGTGAACAATCTCTC-1"
"3265","CGGTGAACACCTCAGG-1"
"3266","CGGTGAACATCAATCG-1"
"3267","CGGTGAACATGGTTAT-1"
"3268","CGGTGAGAGCCATCAG-1"
"3269","CGGTGAGAGCGGCTGT-1"
"3270","CGGTGAGAGGCGTAAA-1"
"3271","CGGTGAGAGGTCCTAG-1"
"3272","CGGTGAGAGTAGCGCC-1"
"3273","CGGTGAGAGTCACTCC-1"
"3274","CGGTTATAGAGGCTAA-1"
"3275","CGGTTATAGCTCCTAC-1"
"3276","CGGTTATAGTCCTTCA-1"
"3277","CGGTTGGGTCTCACTG-1"
"3278","CGGTTGGGTTGGTGAC-1"
"3279","CGGTTTCTCATGCTAA-1"
"3280","CGGTTTCTCCTAAGAC-1"
"3281","CGGTTTCTCTAACCAA-1"
"3282","CGGTTTGAGAGGATAT-1"
"3283","CGGTTTGAGCAAGATG-1"
"3284","CGGTTTGAGCACAGGG-1"
"3285","CGGTTTGAGCGGTTAT-1"
"3286","CGGTTTGAGGTACCGC-1"
"3287","CGGTTTGAGTCATTAG-1"
"3288","CGGTTTGAGTTTGAGC-1"
"3289","CGTAACCCAATTAGCT-1"
"3290","CGTAACCCACCTCAGG-1"
"3291","CGTAACCCACTAGCGT-1"
"3292","CGTAACCCAGTTAAAG-1"
"3293","CGTAACCCATGTCAAT-1"
"3294","CGTAACTAGACAACGA-1"
"3295","CGTAACTAGTGAGCAA-1"
"3296","CGTAATGGTCTTACTA-1"
"3297","CGTAATGGTGAAACAA-1"
"3298","CGTAATGGTGGATGTC-1"
"3299","CGTACGGGTCACAAAT-1"
"3300","CGTACGGGTGTGAGAG-1"
"3301","CGTACGGGTTTAAAGC-1"
"3302","CGTAGCGGTAACGTGC-1"
"3303","CGTAGCGGTGATGGCT-1"
"3304","CGTAGTTAGCACAGGG-1"
"3305","CGTAGTTAGCTTTGTT-1"
"3306","CGTAGTTAGGCGGGTA-1"
"3307","CGTAGTTAGTAACCAC-1"
"3308","CGTAGTTAGTTTCCGC-1"
"3309","CGTATTGCACATTAAC-1"
"3310","CGTATTGCACCAGGTT-1"
"3311","CGTATTGCACGTTACA-1"
"3312","CGTATTGCAGCGCTTG-1"
"3313","CGTATTGCAGTTATGT-1"
"3314","CGTATTGCATCTAGCA-1"
"3315","CGTATTGCATTGTGCA-1"
"3316","CGTCAATAGCTGCACA-1"
"3317","CGTCAATAGCTGTAAC-1"
"3318","CGTCATTGTTACGCGG-1"
"3319","CGTCATTGTTAGAGGG-1"
"3320","CGTCATTGTTGTGATG-1"
"3321","CGTCATTGTTTGAGCA-1"
"3322","CGTCCTAGTCACGAAC-1"
"3323","CGTCCTAGTCCTTTAA-1"
"3324","CGTCCTAGTTACATCC-1"
"3325","CGTCCTAGTTATTGCC-1"
"3326","CGTCCTAGTTGTCCAT-1"
"3327","CGTCCTAGTTTACCGT-1"
"3328","CGTCCTAGTTTGTCTA-1"
"3329","CGTGACATCCTGAGTG-1"
"3330","CGTGACATCGTTTCGC-1"
"3331","CGTGACATCTCATCAT-1"
"3332","CGTGAGGAGCGGTTAT-1"
"3333","CGTGAGGAGCTCAATA-1"
"3334","CGTGAGGAGCTTAGTA-1"
"3335","CGTGCACAGTAGAGGC-1"
"3336","CGTGCACAGTCACCAG-1"
"3337","CGTGCTGCAAGGGTTG-1"
"3338","CGTGCTGCACACTAAT-1"
"3339","CGTGCTGCATATTGAC-1"
"3340","CGTGCTGCATTGCGTA-1"
"3341","CGTGCTTTCACGAATC-1"
"3342","CGTGCTTTCATTTGTC-1"
"3343","CGTGCTTTCCTACCTA-1"
"3344","CGTGCTTTCTTGTTCG-1"
"3345","CGTGGTTCAAGATTCT-1"
"3346","CGTGGTTCAATTAACC-1"
"3347","CGTGGTTCACTTCATC-1"
"3348","CGTGGTTCAGAGGCTA-1"
"3349","CGTGGTTCAGCAGGTA-1"
"3350","CGTGGTTCAGCCAGAA-1"
"3351","CGTGGTTCAGGAACCA-1"
"3352","CGTGGTTCATGAGCAG-1"
"3353","CGTGTGTCATCTAGCA-1"
"3354","CGTGTGTCATGCATAT-1"
"3355","CGTGTTACAAAGGCCA-1"
"3356","CGTGTTACATTAAGTC-1"
"3357","CGTTAAATCAAGTGTC-1"
"3358","CGTTAAATCATTCATC-1"
"3359","CGTTAAATCCGCAAAT-1"
"3360","CGTTAAATCCTGTTCA-1"
"3361","CGTTAAATCGGCCATA-1"
"3362","CGTTAAATCGTTAGTA-1"
"3363","CGTTAAATCGTTTCCA-1"
"3364","CGTTAACAGGCATGAA-1"
"3365","CGTTAACAGGCCAATT-1"
"3366","CGTTAACAGGTGAAGC-1"
"3367","CGTTAACAGGTGCTGC-1"
"3368","CGTTAACAGTGAAGTG-1"
"3369","CGTTAGGTCATAAGCC-1"
"3370","CGTTAGGTCATGGTTA-1"
"3371","CGTTAGGTCCCTGGAA-1"
"3372","CGTTAGGTCTAATCTC-1"
"3373","CGTTAGTAGCATTATG-1"
"3374","CGTTAGTAGCGGTTAT-1"
"3375","CGTTAGTAGCTATATG-1"
"3376","CGTTAGTAGGAACCAA-1"
"3377","CGTTAGTAGTCACTCC-1"
"3378","CGTTAGTAGTGAACAG-1"
"3379","CGTTATCGTGACCTGG-1"
"3380","CGTTATCGTGCACGCA-1"
"3381","CGTTATCGTTAAGCGC-1"
"3382","CGTTATCGTTTATCGC-1"
"3383","CGTTATTTCATTACTC-1"
"3384","CGTTATTTCCCGAACA-1"
"3385","CGTTATTTCCTGGTCT-1"
"3386","CGTTGCAAGCTCAATA-1"
"3387","CGTTGCAAGGCGTAAA-1"
"3388","CGTTGCAAGTAATCCA-1"
"3389","CGTTGCAAGTGACCTG-1"
"3390","CGTTGCGCAAATTCGT-1"
"3391","CGTTGCGCAACAGGAT-1"
"3392","CGTTGCGCACAAGCCT-1"
"3393","CGTTTCTCATCGCTTT-1"
"3394","CGTTTGGAGCATGTCG-1"
"3395","CGTTTGGAGCTAAGTC-1"
"3396","CGTTTGGAGGAACACA-1"
"3397","CGTTTGGAGTCGCTAG-1"
"3398","CGTTTGGAGTGCTGTG-1"
"3399","CTAAAGCTCAATGAGG-1"
"3400","CTAAAGCTCACGTTAA-1"
"3401","CTAAAGCTCCTGATTT-1"
"3402","CTAAAGCTCGCTCACT-1"
"3403","CTAAAGCTCTTAGTCT-1"
"3404","CTAAATGTCTAATCAG-1"
"3405","CTAACCACAAGTGAAC-1"
"3406","CTAACCACACAATGCC-1"
"3407","CTAACCACACGGTTTA-1"
"3408","CTAACCACAGCAGGTA-1"
"3409","CTAACCACAGGTTCAC-1"
"3410","CTAACCACAGTTTACG-1"
"3411","CTAACCACATTATGCG-1"
"3412","CTAACCACATTGTCAG-1"
"3413","CTAACCCTCAGGGCCT-1"
"3414","CTAACCCTCCCAGTAG-1"
"3415","CTAACCCTCCTAAGAC-1"
"3416","CTAACCCTCCTCACTA-1"
"3417","CTAACCCTCCTCATCA-1"
"3418","CTAACCCTCGAGGAAC-1"
"3419","CTAACCCTCTAATCCT-1"
"3420","CTAACCCTCTATTGTC-1"
"3421","CTAACCTGTGCAATGC-1"
"3422","CTAACCTGTGTGTGGT-1"
"3423","CTAACCTGTTGCATCT-1"
"3424","CTAAGGTTCAGGGCCT-1"
"3425","CTAAGGTTCCAGGAAA-1"
"3426","CTAAGGTTCCTAGTAA-1"
"3427","CTAAGGTTCCTGATGG-1"
"3428","CTAAGGTTCCTGGTCT-1"
"3429","CTAAGGTTCTCGCCTG-1"
"3430","CTAAGGTTCTGTTCAT-1"
"3431","CTAAGTCAGAGGAGGA-1"
"3432","CTAAGTCAGGACACTT-1"
"3433","CTAAGTCAGGGCCATC-1"
"3434","CTAAGTCAGGTGTCCA-1"
"3435","CTAAGTCAGTCATCCC-1"
"3436","CTAAGTCAGTTTGTCT-1"
"3437","CTAATAGTCCTCGATC-1"
"3438","CTAATAGTCGCGCTAA-1"
"3439","CTAATCCGTGAAGCCT-1"
"3440","CTAATCCGTGACCTGG-1"
"3441","CTAATCCGTGTCACGG-1"
"3442","CTAATCGCAATGCCCG-1"
"3443","CTAATCGCACGAACAG-1"
"3444","CTAATCGCAGCACGAA-1"
"3445","CTAATGTCACTGACCG-1"
"3446","CTAATGTCAGGCTTCG-1"
"3447","CTAATGTCATCGCTTT-1"
"3448","CTAATGTCATCTTGAG-1"
"3449","CTAATTGAGCAAGGAC-1"
"3450","CTAATTGAGCGCCTTT-1"
"3451","CTAATTGAGCGGTTAT-1"
"3452","CTAATTGAGGGATGCG-1"
"3453","CTAATTGAGTTGTCTT-1"
"3454","CTACAACAGAGAGGAG-1"
"3455","CTACAACAGCACAGGG-1"
"3456","CTACAACAGGTAAGGC-1"
"3457","CTACCGGCAACTAGAA-1"
"3458","CTACCGGCAATATGGA-1"
"3459","CTACCTCAGCTAATCA-1"
"3460","CTACCTCAGGAACCGG-1"
"3461","CTACCTCAGGAGCACG-1"
"3462","CTACCTCAGGTCGAGG-1"
"3463","CTACCTCAGTCACCTC-1"
"3464","CTACGAAGTCATCAAG-1"
"3465","CTACGAAGTCATCATC-1"
"3466","CTACGAAGTGCTCCAC-1"
"3467","CTACGAAGTTACTTCA-1"
"3468","CTACTAAAGCTGGAAA-1"
"3469","CTACTAAAGGCAGGTG-1"
"3470","CTACTAAAGGCCGGAA-1"
"3471","CTACTAAAGGCTAATC-1"
"3472","CTACTAAAGGGACTAA-1"
"3473","CTACTAAAGTCAGTAC-1"
"3474","CTACTTAGTAGACAAA-1"
"3475","CTACTTAGTAGTTGGC-1"
"3476","CTACTTAGTCACAGCG-1"
"3477","CTACTTAGTTTACCGT-1"
"3478","CTAGATTCACATAACT-1"
"3479","CTAGCGGGTAACGTGC-1"
"3480","CTAGCGGGTGAGACTC-1"
"3481","CTAGCGGGTGCTCCGT-1"
"3482","CTAGCGGGTTAGCTGA-1"
"3483","CTAGCGGGTTCATTTG-1"
"3484","CTAGCGGGTTTAGCGA-1"
"3485","CTAGCTGAGAACCTAC-1"
"3486","CTAGCTGAGGCCGGAA-1"
"3487","CTAGCTTGTAACAGGG-1"
"3488","CTAGCTTGTCAATACG-1"
"3489","CTAGCTTGTCCGTGAG-1"
"3490","CTAGCTTGTGTGAGAG-1"
"3491","CTAGCTTGTTACAACG-1"
"3492","CTAGCTTGTTGGTTCT-1"
"3493","CTAGCTTGTTTGACCT-1"
"3494","CTAGGACGTAATCGGC-1"
"3495","CTAGGACGTGCTTAGA-1"
"3496","CTAGGACGTTCCTCCT-1"
"3497","CTAGGCGGTAAACAAG-1"
"3498","CTAGGCGGTCATTACC-1"
"3499","CTAGGCGGTCGACTAA-1"
"3500","CTAGTAATCACACAGT-1"
"3501","CTAGTAATCACTCAAA-1"
"3502","CTAGTAATCCTTCTAG-1"
"3503","CTAGTAATCTATTGTC-1"
"3504","CTAGTAGGTAACCACA-1"
"3505","CTAGTAGGTTAGGCGT-1"
"3506","CTAGTAGGTTTAACGG-1"
"3507","CTAGTCGAGACAACAG-1"
"3508","CTAGTCGAGACTAAGG-1"
"3509","CTAGTCGAGCGATAAG-1"
"3510","CTAGTCGAGCTTTGTT-1"
"3511","CTAGTCGAGTGAGAGC-1"
"3512","CTAGTGAGTAATCGTG-1"
"3513","CTAGTGAGTCTTTGAC-1"
"3514","CTAGTGAGTGCAATGC-1"
"3515","CTAGTGAGTTACTTGC-1"
"3516","CTAGTGAGTTTATCTG-1"
"3517","CTAGTTGCAACGTGCT-1"
"3518","CTAGTTGCAAGGTACG-1"
"3519","CTATAACCACAAGCCT-1"
"3520","CTATAACCACTAAATC-1"
"3521","CTATAACCAGATTCAT-1"
"3522","CTATAACCAGTAAAGC-1"
"3523","CTATAACCATAAAGCA-1"
"3524","CTATAACCATAGCAGG-1"
"3525","CTATAACCATGCAACC-1"
"3526","CTATGAGGTACCGAAC-1"
"3527","CTATGAGGTCATTACC-1"
"3528","CTATGAGGTGGTGAGA-1"
"3529","CTATGAGGTGTTGCTT-1"
"3530","CTATGAGGTTATAGCG-1"
"3531","CTATGAGGTTCGCGCT-1"
"3532","CTATGAGGTTTGGTTC-1"
"3533","CTATGATCACGTTACA-1"
"3534","CTATGGCCAAACCCTA-1"
"3535","CTATGGCCACAAGCCT-1"
"3536","CTATGGCCACCCACCT-1"
"3537","CTATGGCCAGGCCAAA-1"
"3538","CTATGGCCATAATTGC-1"
"3539","CTATGGCCATCTTGAG-1"
"3540","CTATGGCCATGACTAT-1"
"3541","CTATGTTTCATGCATA-1"
"3542","CTATGTTTCCTAGTTT-1"
"3543","CTATGTTTCGGTAACT-1"
"3544","CTATGTTTCGTACCGA-1"
"3545","CTATGTTTCTGGCATG-1"
"3546","CTATTACTCAAGACTC-1"
"3547","CTATTACTCAATGACC-1"
"3548","CTATTACTCCAATTAG-1"
"3549","CTATTACTCCCTCAGT-1"
"3550","CTATTACTCGGTAACT-1"
"3551","CTATTACTCGTGCTTC-1"
"3552","CTATTCAGTACCGGAT-1"
"3553","CTATTCAGTACCTTAC-1"
"3554","CTATTCAGTCCCGGAA-1"
"3555","CTATTCAGTCGAAGTC-1"
"3556","CTATTCAGTGATTTGG-1"
"3557","CTATTCAGTGTTGCAA-1"
"3558","CTATTCAGTTCTTTAG-1"
"3559","CTATTCAGTTGCGCGA-1"
"3560","CTATTGAAGCGGGCAA-1"
"3561","CTATTGAAGCTGAGGG-1"
"3562","CTATTGAAGTCACGAT-1"
"3563","CTATTGAAGTTGTCTT-1"
"3564","CTCAATAAGCTTACTT-1"
"3565","CTCAATAAGGTTAGCT-1"
"3566","CTCAATAAGTAACGAG-1"
"3567","CTCAATAAGTGAACAG-1"
"3568","CTCAATAAGTTATTCC-1"
"3569","CTCACAACAGCCGCTA-1"
"3570","CTCACAACATATTGAC-1"
"3571","CTCACTCAGAAAGCAT-1"
"3572","CTCACTCAGAGCAAGC-1"
"3573","CTCACTCAGAGGCTAA-1"
"3574","CTCACTCAGCGAGCGA-1"
"3575","CTCACTCAGCTGGAAA-1"
"3576","CTCACTCAGTGAACAG-1"
"3577","CTCACTCAGTGATTCA-1"
"3578","CTCACTCAGTTTCCTG-1"
"3579","CTCATCATCATGCATA-1"
"3580","CTCATCATCCAAACAC-1"
"3581","CTCATCATCCTAGTCC-1"
"3582","CTCATCATCCTGGCTT-1"
"3583","CTCATCATCTAAGTCA-1"
"3584","CTCATCATCTCCTCTT-1"
"3585","CTCATCATCTGTAAGC-1"
"3586","CTCATCATCTTAGTCT-1"
"3587","CTCATGACAATCCTAG-1"
"3588","CTCATGACACATTAAC-1"
"3589","CTCATGACAGGACACA-1"
"3590","CTCATGCTCATAAGCC-1"
"3591","CTCATGCTCTTGCAAA-1"
"3592","CTCATTGTCCTCACTA-1"
"3593","CTCATTTAGCAAGGGT-1"
"3594","CTCATTTAGCACTAGT-1"
"3595","CTCATTTAGCAGCTCA-1"
"3596","CTCATTTAGGACCTCA-1"
"3597","CTCATTTAGGGTTATC-1"
"3598","CTCCAAACAAACAACA-1"
"3599","CTCCAAACAAGGTATA-1"
"3600","CTCCAAACAATAAGCA-1"
"3601","CTCCAAACAGGCTGTT-1"
"3602","CTCCAAACAGTAAGTA-1"
"3603","CTCCAAACATAGCAGG-1"
"3604","CTCCAAACATCAGTAT-1"
"3605","CTCCAACTCCCAGTAG-1"
"3606","CTCCAACTCCTCATCA-1"
"3607","CTCCCTGAGCATTATG-1"
"3608","CTCCCTGAGCTCATAA-1"
"3609","CTCCCTGAGCTTATGA-1"
"3610","CTCCCTGAGGAACCAA-1"
"3611","CTCCCTGAGGACAATG-1"
"3612","CTCCCTGAGGTGCGGA-1"
"3613","CTCCCTGAGTCATGCG-1"
"3614","CTCCGGACAAATTCGT-1"
"3615","CTCCGGACAGCTCATA-1"
"3616","CTCCGGACATTAAACC-1"
"3617","CTCCGTCCAACCCTAA-1"
"3618","CTCCGTCCAACCCTCC-1"
"3619","CTCCGTCCAATATACC-1"
"3620","CTCCGTCCAGGCAAGC-1"
"3621","CTCCGTCCATGTTGCA-1"
"3622","CTCCGTCCATTTGCTC-1"
"3623","CTCCTAATCAATGAGG-1"
"3624","CTCCTAATCCATAAGC-1"
"3625","CTCCTAATCCCGAAGC-1"
"3626","CTCCTAATCCGCACAA-1"
"3627","CTCCTAATCGTAACGT-1"
"3628","CTCCTAATCTAAGGAG-1"
"3629","CTCCTCACAAATTCGT-1"
"3630","CTCCTCACAAGTTATC-1"
"3631","CTCCTCACACTCGCTC-1"
"3632","CTCCTCACAGAAATTG-1"
"3633","CTCCTCACAGGTCCTG-1"
"3634","CTCCTCACAGTCTATG-1"
"3635","CTCCTCACATTGTCCT-1"
"3636","CTCCTGAGTAGGTTTG-1"
"3637","CTCCTGAGTCACAGCG-1"
"3638","CTCCTGAGTGAGCACT-1"
"3639","CTCCTGAGTGATGGCT-1"
"3640","CTCCTGAGTGCTCCGT-1"
"3641","CTCCTGAGTGTGCACG-1"
"3642","CTCCTGAGTTTGGCTT-1"
"3643","CTCGACAAGAAAGGAA-1"
"3644","CTCGACAAGAAGGTGC-1"
"3645","CTCGACAAGCTGGCTA-1"
"3646","CTCGACAAGGACAACA-1"
"3647","CTCGACAAGGGTCTAT-1"
"3648","CTCGCTAGTATTACCC-1"
"3649","CTCGCTAGTGCTTTAC-1"
"3650","CTCGCTAGTGTTGCTT-1"
"3651","CTCGCTAGTTAGTTGG-1"
"3652","CTCGCTAGTTGGATCA-1"
"3653","CTCGCTCCAATTTGGT-1"
"3654","CTCGCTCCACCTAAGC-1"
"3655","CTCGCTCCAGAAATTG-1"
"3656","CTCGCTCCAGAGGGAG-1"
"3657","CTCGCTCCAGTGAACG-1"
"3658","CTCGCTCCATAGCGAG-1"
"3659","CTCGCTCCATCCATCT-1"
"3660","CTCGCTCCATGCTCCC-1"
"3661","CTCGTTATCCGCCTCA-1"
"3662","CTCGTTATCCTTGAGG-1"
"3663","CTCGTTATCCTTGTTG-1"
"3664","CTCGTTATCGAAGTGA-1"
"3665","CTCGTTATCGGTACGC-1"
"3666","CTCGTTATCTGGCATG-1"
"3667","CTCTAAGCACAAACTT-1"
"3668","CTCTAAGCACACTAAT-1"
"3669","CTCTAAGCATAATCGT-1"
"3670","CTCTAAGCATGGCCCA-1"
"3671","CTCTAAGCATTGTGGC-1"
"3672","CTCTAGCTCAGGAACA-1"
"3673","CTCTAGCTCCTCATGC-1"
"3674","CTCTAGCTCTATGACA-1"
"3675","CTCTATGTCAAGTGTC-1"
"3676","CTCTATGTCAGCAAAG-1"
"3677","CTCTATGTCAGGCTAT-1"
"3678","CTCTATGTCATCCTAT-1"
"3679","CTCTATGTCTATTGTC-1"
"3680","CTCTATGTCTCACTCA-1"
"3681","CTCTCACAGAGGAGTC-1"
"3682","CTCTCACAGATGGACA-1"
"3683","CTCTCACAGGCTACTG-1"
"3684","CTCTCACAGGTGAAGC-1"
"3685","CTCTCACAGTAACAGG-1"
"3686","CTCTCACAGTCAATCA-1"
"3687","CTCTGTTCAAGGTATA-1"
"3688","CTCTGTTCACGAATTT-1"
"3689","CTCTGTTCAGGCTTGT-1"
"3690","CTCTGTTCATAATGTC-1"
"3691","CTCTGTTCATGGTTAT-1"
"3692","CTCTTGATCACGCGGT-1"
"3693","CTCTTGATCCCGTTTA-1"
"3694","CTCTTGATCCGTGACA-1"
"3695","CTCTTGATCCTAAATG-1"
"3696","CTCTTGATCCTTAGTT-1"
"3697","CTCTTGATCTTGTCTG-1"
"3698","CTGAAACTCGGTAACT-1"
"3699","CTGAATATCATTTGCT-1"
"3700","CTGAATATCTTGCTAT-1"
"3701","CTGACATAGACCATAC-1"
"3702","CTGACATAGATAACCC-1"
"3703","CTGACATAGATGGAGC-1"
"3704","CTGACATAGCGAGCGA-1"
"3705","CTGACATAGCGCAATT-1"
"3706","CTGACATAGGCACAGG-1"
"3707","CTGACATAGTGTTGCG-1"
"3708","CTGACCAAGATACTTG-1"
"3709","CTGACCAAGCCTGGTA-1"
"3710","CTGACCAAGCTTATGA-1"
"3711","CTGACCAAGCTTGCTC-1"
"3712","CTGACCAAGGAGGTTA-1"
"3713","CTGACCAAGTAGCTTA-1"
"3714","CTGATCACAAACGGGC-1"
"3715","CTGATCACAACTGGCT-1"
"3716","CTGATCACAAGCCACT-1"
"3717","CTGATCACACAGAAAC-1"
"3718","CTGATCACACGTGCTG-1"
"3719","CTGATCACACTAAGAA-1"
"3720","CTGATCACACTTCACT-1"
"3721","CTGATCACAGAGGCTA-1"
"3722","CTGATCACAGCATGAG-1"
"3723","CTGATCACAGGACCAA-1"
"3724","CTGATCACATTTAAGC-1"
"3725","CTGCAATAGCCACAAT-1"
"3726","CTGCAATAGCCTCTCG-1"
"3727","CTGCAATAGCTGGACC-1"
"3728","CTGCAATAGTTAGCTA-1"
"3729","CTGCTACTCAATTACG-1"
"3730","CTGCTACTCTTGCAGG-1"
"3731","CTGCTACTCTTTGACT-1"
"3732","CTGCTATGTAAAGCGG-1"
"3733","CTGCTATGTAACGTGC-1"
"3734","CTGCTATGTTGGTTAG-1"
"3735","CTGCTATGTTTCGCGC-1"
"3736","CTGCTCCCAATGCGCT-1"
"3737","CTGCTCCCAGCCTGCA-1"
"3738","CTGCTCCCAGCTAACC-1"
"3739","CTGCTCCCAGGACCTT-1"
"3740","CTGCTCCCAGTACCGT-1"
"3741","CTGCTCCCATCCTGAA-1"
"3742","CTGCTCCCATTTGCTC-1"
"3743","CTGGACCAGAACCTAC-1"
"3744","CTGGACCAGACAACGA-1"
"3745","CTGGACCAGGAGCATA-1"
"3746","CTGGACCAGGCAGGTG-1"
"3747","CTGGATGTCACAAGCT-1"
"3748","CTGGATGTCACTAATG-1"
"3749","CTGGATGTCCCTCAGT-1"
"3750","CTGGATGTCCTAATTC-1"
"3751","CTGGATGTCTGCAAAC-1"
"3752","CTGGCTAAGAAAGGAA-1"
"3753","CTGGCTAAGCCTGACA-1"
"3754","CTGGCTAAGGCATGTT-1"
"3755","CTGGCTAAGGGTCCAC-1"
"3756","CTGGCTAAGTAACTCA-1"
"3757","CTGGCTAAGTCGCTAG-1"
"3758","CTGGTAAGTATTCGTC-1"
"3759","CTGGTAAGTCCTTCTC-1"
"3760","CTGGTAAGTGATCAGC-1"
"3761","CTGGTAAGTGATGATT-1"
"3762","CTGGTAAGTTCCGGGA-1"
"3763","CTGGTAAGTTTATTCG-1"
"3764","CTGGTCAAGAAACTGG-1"
"3765","CTGGTCAAGACACTTA-1"
"3766","CTGGTCAAGAGAGGAG-1"
"3767","CTGGTCAAGCGAGCGA-1"
"3768","CTGGTCAAGTAAGTGG-1"
"3769","CTGGTCAAGTCTTGAA-1"
"3770","CTGGTCAAGTTACCGG-1"
"3771","CTGGTTACAATAAGCA-1"
"3772","CTGGTTACAATTATGC-1"
"3773","CTGGTTACACAGCCAT-1"
"3774","CTGGTTACACGTAAGG-1"
"3775","CTGGTTACAGATTCAT-1"
"3776","CTGGTTACAGCATGGA-1"
"3777","CTGGTTACAGTTAAAG-1"
"3778","CTGGTTACATTATGAC-1"
"3779","CTGGTTTGTGATGAAA-1"
"3780","CTGTAACAGGCCTAAT-1"
"3781","CTGTAACAGTCATCCC-1"
"3782","CTGTAACAGTGGCGGA-1"
"3783","CTGTAACAGTTAGGCT-1"
"3784","CTGTAACAGTTTCCTG-1"
"3785","CTGTAACAGTTTGCGG-1"
"3786","CTGTACCTCAAGCTAC-1"
"3787","CTGTACCTCAATCTAG-1"
"3788","CTGTACCTCAGCACGC-1"
"3789","CTGTACCTCAGTATTG-1"
"3790","CTGTACCTCATGCTAA-1"
"3791","CTGTATTTCACCGGTA-1"
"3792","CTGTATTTCACGTTAA-1"
"3793","CTGTATTTCAGCACGC-1"
"3794","CTGTATTTCATCACTT-1"
"3795","CTGTATTTCCGGAACC-1"
"3796","CTGTATTTCGAGCAAA-1"
"3797","CTGTATTTCTACCTGC-1"
"3798","CTGTGTGAGCCACAAT-1"
"3799","CTGTGTGAGCTGTCAG-1"
"3800","CTGTGTGAGGAGCATA-1"
"3801","CTGTGTGAGGTGCTGC-1"
"3802","CTGTGTGAGTTATGTG-1"
"3803","CTGTTAAAGATAACCC-1"
"3804","CTGTTAAAGCTTATGA-1"
"3805","CTGTTAAAGGACGTAA-1"
"3806","CTGTTAAAGGTAAGGC-1"
"3807","CTGTTAAAGTCATTAG-1"
"3808","CTGTTCATCATCAGTA-1"
"3809","CTGTTCATCATGGCCA-1"
"3810","CTGTTCATCCAAGTTA-1"
"3811","CTGTTCATCCAATTAG-1"
"3812","CTGTTCATCTCCTCAA-1"
"3813","CTGTTGGAGCTTAACA-1"
"3814","CTGTTGGAGCTTTGTT-1"
"3815","CTGTTGGAGGCTGTCA-1"
"3816","CTGTTGGAGTAACGGA-1"
"3817","CTGTTGGAGTTCCTGC-1"
"3818","CTGTTGGAGTTGCCTC-1"
"3819","CTGTTTAGTAGGATTT-1"
"3820","CTGTTTAGTCCACAAA-1"
"3821","CTGTTTAGTGCTCCAC-1"
"3822","CTGTTTAGTGGAAACG-1"
"3823","CTGTTTAGTTTACCGT-1"
"3824","CTTAACAAGCATGGTT-1"
"3825","CTTAACAAGCGGTTAT-1"
"3826","CTTAACAAGTATCGCG-1"
"3827","CTTAACAAGTGATTCA-1"
"3828","CTTAAGATCCATAATG-1"
"3829","CTTAAGATCCTGGTGA-1"
"3830","CTTAAGATCGAGCTAT-1"
"3831","CTTAAGATCGATTCTT-1"
"3832","CTTAAGATCGTTAGCG-1"
"3833","CTTAAGGGTAATAGCT-1"
"3834","CTTAAGGGTACGTTTC-1"
"3835","CTTAAGGGTCAAGTGC-1"
"3836","CTTAAGGGTCCTTAGT-1"
"3837","CTTAAGGGTCCTTCTC-1"
"3838","CTTAAGGGTTACCGGG-1"
"3839","CTTAAGGGTTTGCAGA-1"
"3840","CTTAATGAGAACCTAC-1"
"3841","CTTAATGAGAGAGGCT-1"
"3842","CTTAATGAGCGATAGA-1"
"3843","CTTAATGAGGTTACAC-1"
"3844","CTTAATGAGGTTAGCT-1"
"3845","CTTACCGGTAACTACG-1"
"3846","CTTACCGGTACCGAAC-1"
"3847","CTTACCGGTAGGTTGC-1"
"3848","CTTACCGGTTTCCTCC-1"
"3849","CTTACCTCAACAACAA-1"
"3850","CTTACCTCAATCATGT-1"
"3851","CTTACTAGTACGCGCA-1"
"3852","CTTACTAGTAGGATCC-1"
"3853","CTTACTAGTTTACGTC-1"
"3854","CTTACTAGTTTGAGGC-1"
"3855","CTTAGGAGTAAAGCAA-1"
"3856","CTTAGGAGTCAAAGAA-1"
"3857","CTTAGGAGTGCAACTA-1"
"3858","CTTAGGAGTTGAGCCG-1"
"3859","CTTAGTTTCCCGAAGC-1"
"3860","CTTAGTTTCCGGTTAG-1"
"3861","CTTAGTTTCTTGCAAA-1"
"3862","CTTATGTTCAAACTCA-1"
"3863","CTTATGTTCAAGTGTC-1"
"3864","CTTATGTTCACTAAGC-1"
"3865","CTTATGTTCATAGCCG-1"
"3866","CTTATGTTCATGCTTT-1"
"3867","CTTATGTTCCGTAAAC-1"
"3868","CTTATTGGTAACCACA-1"
"3869","CTTATTGGTACCGGAT-1"
"3870","CTTATTGGTCTTGCAT-1"
"3871","CTTATTGGTGAGCGAA-1"
"3872","CTTATTGGTGCTGGTG-1"
"3873","CTTATTGGTTACTTGC-1"
"3874","CTTATTGGTTAGACCA-1"
"3875","CTTATTGGTTTAGCTC-1"
"3876","CTTCAAGCAATTTAGC-1"
"3877","CTTCAAGCACTAAGCC-1"
"3878","CTTCAAGCACTCAACA-1"
"3879","CTTCAAGCACTTCATC-1"
"3880","CTTCAATTCAATTACG-1"
"3881","CTTCAATTCACGAATC-1"
"3882","CTTCAATTCCGTTAAA-1"
"3883","CTTCAATTCCTCATGC-1"
"3884","CTTCAATTCCTTCGTA-1"
"3885","CTTCAATTCTACCTGC-1"
"3886","CTTCACTCAAAGCTAA-1"
"3887","CTTCACTCAATTGCGC-1"
"3888","CTTCACTCACATTGCA-1"
"3889","CTTCACTCAGCTAACC-1"
"3890","CTTCACTCATGCAACC-1"
"3891","CTTCAGGAGACAAAGT-1"
"3892","CTTCAGGAGCGATAAG-1"
"3893","CTTCAGGAGGACCTGC-1"
"3894","CTTCAGGAGGTTTACA-1"
"3895","CTTCAGGAGTTATGTG-1"
"3896","CTTCAGGAGTTTCCTG-1"
"3897","CTTCATCCAGAGAGCC-1"
"3898","CTTCATCCAGCTAACC-1"
"3899","CTTCGCGTCACTCAAA-1"
"3900","CTTCGCGTCATGGCTG-1"
"3901","CTTCGCGTCATTGCGG-1"
"3902","CTTCGCGTCCGGTTAG-1"
"3903","CTTCGCGTCCTCGATC-1"
"3904","CTTCGCGTCGATTTAG-1"
"3905","CTTCGCGTCTAATCCT-1"
"3906","CTTCGCGTCTGTTCAT-1"
"3907","CTTCTAAGTCCTAAGA-1"
"3908","CTTCTAAGTGCTCCGT-1"
"3909","CTTCTAAGTGTGTCCC-1"
"3910","CTTCTCAAGCACAGAA-1"
"3911","CTTCTCAAGCACAGGG-1"
"3912","CTTCTCAAGCCTAACG-1"
"3913","CTTCTCAAGGATCACT-1"
"3914","CTTCTCAAGTAACTCA-1"
"3915","CTTGAACAGCCAGTAT-1"
"3916","CTTGAACAGGGTCTAT-1"
"3917","CTTGAACAGGTAGCTT-1"
"3918","CTTGAACAGTCTCACC-1"
"3919","CTTGAATCAAACCTTG-1"
"3920","CTTGAATCAATCGCAC-1"
"3921","CTTGAATCACAAAGCG-1"
"3922","CTTGAATCAGGAATCG-1"
"3923","CTTGACGAGCAAGATG-1"
"3924","CTTGACGAGCAAGGGT-1"
"3925","CTTGACGAGCACAGAA-1"
"3926","CTTGACGAGGACAACA-1"
"3927","CTTGACGAGTAGCCAT-1"
"3928","CTTGACGAGTCGCTAG-1"
"3929","CTTGCAACAAAGCGGC-1"
"3930","CTTGCAACAAAGGTAC-1"
"3931","CTTGCAACAATTTAGC-1"
"3932","CTTGCAACAGGAACAT-1"
"3933","CTTGCAACAGGCATCT-1"
"3934","CTTGCAACATAAACCT-1"
"3935","CTTGCAACATAAGGAC-1"
"3936","CTTGCAACATTCCTCG-1"
"3937","CTTGCATGTAAGTCGC-1"
"3938","CTTGCATGTACAATGT-1"
"3939","CTTGCATGTCCACAAA-1"
"3940","CTTGCATGTTAACGAT-1"
"3941","CTTGCATGTTGGCCGA-1"
"3942","CTTGCATGTTGGCGTG-1"
"3943","CTTGCGCGTGGAAACG-1"
"3944","CTTGCGCGTTAAGCCA-1"
"3945","CTTGCGCGTTTGGCGG-1"
"3946","CTTGCTCAGCACAGCC-1"
"3947","CTTGCTCAGCCAAATC-1"
"3948","CTTGCTCAGTAAGTGG-1"
"3949","CTTGCTCAGTGAACAG-1"
"3950","CTTGGACCAAATACCT-1"
"3951","CTTGGACCAAGGAATC-1"
"3952","CTTGGACCACATAGCC-1"
"3953","CTTGGACCACTGGCCA-1"
"3954","CTTGGACCATAGACCC-1"
"3955","CTTGGACCATTAAGTC-1"
"3956","CTTGTAAAGACAGGCG-1"
"3957","CTTGTAAAGGCGCATC-1"
"3958","CTTGTAAAGGTCCTAG-1"
"3959","CTTGTAAAGGTGTTAC-1"
"3960","CTTGTAAAGGTTTACA-1"
"3961","CTTGTCCAGCCGCTTT-1"
"3962","CTTGTCCAGCGGATAA-1"
"3963","CTTGTCCAGCTTACTT-1"
"3964","CTTGTCCAGGAGCAAC-1"
"3965","CTTGTCCAGGGCTTAT-1"
"3966","CTTGTCCAGTAACCCG-1"
"3967","CTTGTCCAGTCATTTC-1"
"3968","CTTGTCCAGTTCCTGC-1"
"3969","CTTGTTCCAAACTAAG-1"
"3970","CTTGTTCCAAAGGCCA-1"
"3971","CTTGTTCCAACAGCCT-1"
"3972","CTTGTTCCAACCTGGT-1"
"3973","CTTGTTCCACAATGCC-1"
"3974","CTTGTTCCACATAGCC-1"
"3975","CTTGTTCCACTGACCG-1"
"3976","CTTGTTCCAGTAGGTG-1"
"3977","CTTGTTTAGTAGCGCC-1"
"3978","CTTTAGGCAGGCCTTG-1"
"3979","CTTTAGGCAGTAAGTA-1"
"3980","CTTTAGGCAGTTATGT-1"
"3981","CTTTAGTTCCATAATG-1"
"3982","CTTTAGTTCGAGGAAC-1"
"3983","CTTTAGTTCGCTAGAT-1"
"3984","CTTTAGTTCTTACTCG-1"
"3985","CTTTAGTTCTTGCAAA-1"
"3986","CTTTATCAGCTAATTG-1"
"3987","CTTTATGGTCATTACC-1"
"3988","CTTTATGGTGCGCGTA-1"
"3989","CTTTATGGTTGGCGTG-1"
"3990","CTTTCTTGTAATGGAA-1"
"3991","CTTTCTTGTAATGGCC-1"
"3992","CTTTCTTGTCAGGCAT-1"
"3993","CTTTCTTGTCCTTTAA-1"
"3994","CTTTCTTGTGCATTTC-1"
"3995","CTTTCTTGTGCCGCAA-1"
"3996","CTTTCTTGTGGAGCAA-1"
"3997","CTTTCTTGTTAATCGG-1"
"3998","CTTTGAGCAAACCTAT-1"
"3999","CTTTGAGCAGCAAGGC-1"
"4000","CTTTGAGCATAAGTTC-1"
"4001","CTTTGGGAGGGCCACT-1"
"4002","CTTTGGGAGTAACGGA-1"
"4003","CTTTGGGAGTCATCCC-1"
"4004","CTTTGGTGTCATGAGC-1"
"4005","CTTTGTCCAACCTGGT-1"
"4006","CTTTGTCCAATATAGG-1"
"4007","CTTTGTCCACAACAGG-1"
"4008","CTTTGTCCATCATGGC-1"
"4009","GAAACTGAGACAGGTA-1"
"4010","GAAACTGAGCTGTAAC-1"
"4011","GAAACTGAGGAGTCGG-1"
"4012","GAAAGCCAGACACTTA-1"
"4013","GAAAGCCAGACAGGCG-1"
"4014","GAAAGCCAGCAAGGGT-1"
"4015","GAAAGCCAGCCTGTGA-1"
"4016","GAAAGCCAGCTATTAG-1"
"4017","GAAAGCCAGTAAGTGG-1"
"4018","GAAAGGCTCAAGCCTG-1"
"4019","GAAAGGCTCATGCGTG-1"
"4020","GAAAGGCTCATTGCGG-1"
"4021","GAAAGGCTCCCTGTTA-1"
"4022","GAAAGGCTCCTACCTA-1"
"4023","GAAAGGCTCGCTATGG-1"
"4024","GAACACAAGAAAGCAT-1"
"4025","GAACACAAGCAACATC-1"
"4026","GAACACAAGCTATGAC-1"
"4027","GAACACAAGGGCCACT-1"
"4028","GAACCAAAGGCACAGG-1"
"4029","GAACCAAAGTAGCGGG-1"
"4030","GAACCAAAGTGAGGTA-1"
"4031","GAACCAGCAACTAGCC-1"
"4032","GAACCAGCACAGCCAT-1"
"4033","GAACCAGCAGGCGAGT-1"
"4034","GAACCAGCATGAATAG-1"
"4035","GAACCAGCATGGAGGC-1"
"4036","GAACCAGCATGGCCTG-1"
"4037","GAACCAGCATTAGCGC-1"
"4038","GAACCGCTCATTGTTC-1"
"4039","GAACCGCTCCACCTGT-1"
"4040","GAACCGCTCCCGTTTA-1"
"4041","GAACCGCTCGAAGTGA-1"
"4042","GAACCTGTCGCACACA-1"
"4043","GAACCTGTCGGCTATG-1"
"4044","GAACCTGTCGTGCTTC-1"
"4045","GAACCTTAGAGGATAT-1"
"4046","GAACCTTAGCGGATTT-1"
"4047","GAACCTTAGGATCCGC-1"
"4048","GAACCTTAGGCTACAT-1"
"4049","GAACGAATCCAACTGG-1"
"4050","GAACGAATCCTCACAC-1"
"4051","GAACGAATCGATAACC-1"
"4052","GAACGAATCGGCCATA-1"
"4053","GAACTTATCACAGACT-1"
"4054","GAACTTATCCGTTAAA-1"
"4055","GAACTTATCGCGCTAA-1"
"4056","GAACTTATCTTAGGAC-1"
"4057","GAAGCCTGTAAACAAG-1"
"4058","GAAGCCTGTCCAAGAC-1"
"4059","GAAGCCTGTGATGGCT-1"
"4060","GAAGCCTGTTAAGCCA-1"
"4061","GAAGCCTGTTGCAATG-1"
"4062","GAAGCCTGTTTAAAGC-1"
"4063","GAAGCTAAGGCGAATA-1"
"4064","GAAGCTAAGTAGCGGG-1"
"4065","GAAGGAACAAATTGCT-1"
"4066","GAAGGAACAGCATTAT-1"
"4067","GAAGGAACAGGCTTCG-1"
"4068","GAAGGAACATGGCCCA-1"
"4069","GAAGGATGTCATTGTC-1"
"4070","GAAGGATGTCCTTAGT-1"
"4071","GAAGGATGTCGAAGTC-1"
"4072","GAAGGATGTGTTTGTC-1"
"4073","GAAGGATGTTGCATCT-1"
"4074","GAAGGCCCAACTCGCG-1"
"4075","GAAGGCCCAGCACGAA-1"
"4076","GAAGGCCCAGGAAGCC-1"
"4077","GAAGGCTAGATAACCC-1"
"4078","GAAGGCTAGCAAACCT-1"
"4079","GAAGGCTAGCTTAGCG-1"
"4080","GAAGGCTAGTAACCCG-1"
"4081","GAAGTAAGTTGACTTC-1"
"4082","GAAGTAAGTTTGGGTA-1"
"4083","GAAGTATAGATAAAGC-1"
"4084","GAAGTATAGCAAGGAC-1"
"4085","GAAGTATAGGATAAAC-1"
"4086","GAAGTCAAGGATTTGC-1"
"4087","GAAGTCAAGGCGAATA-1"
"4088","GAAGTCAAGGTAAGGC-1"
"4089","GAAGTGATCACGAATC-1"
"4090","GAAGTGATCCTAGTTT-1"
"4091","GAAGTGATCGCTAAAC-1"
"4092","GAAGTGATCTGCAAAC-1"
"4093","GAATTTGTCACTTTAC-1"
"4094","GACAATACAAACTGTT-1"
"4095","GACAATACACATTAAC-1"
"4096","GACAATACACTTAACG-1"
"4097","GACAATACACTTGTTC-1"
"4098","GACAATACAGCAAGAT-1"
"4099","GACACCGGTGAAACAA-1"
"4100","GACACCGGTGCATTAG-1"
"4101","GACACCGGTGTCACGG-1"
"4102","GACACCGGTGTCCAGG-1"
"4103","GACACCGGTGTTTGCT-1"
"4104","GACACCGGTTTGAGGC-1"
"4105","GACATAGAGCTACTGG-1"
"4106","GACATAGAGGAGTCGG-1"
"4107","GACATAGAGGCACAGG-1"
"4108","GACATAGAGGTCCACA-1"
"4109","GACATTATCACCAATA-1"
"4110","GACATTATCATTGCAA-1"
"4111","GACATTATCTGCAACG-1"
"4112","GACCGAACAAATTCGT-1"
"4113","GACCGAACAATAGCCC-1"
"4114","GACCGAACAGCCTGCA-1"
"4115","GACCGAACAGGCCTTG-1"
"4116","GACCGAACAGGTTACC-1"
"4117","GACCGAACATTAGCCA-1"
"4118","GACCGTTCAAACGGGC-1"
"4119","GACCGTTCACTAGCGT-1"
"4120","GACCTAAGTAGACAAA-1"
"4121","GACCTAAGTGTTCCCA-1"
"4122","GACCTAAGTTAAGCGC-1"
"4123","GACCTAAGTTGCGGAT-1"
"4124","GACCTAAGTTGTAACG-1"
"4125","GACCTAGTCCCTGATC-1"
"4126","GACCTCAAGACTTATG-1"
"4127","GACCTCAAGAGAAGGG-1"
"4128","GACCTCAAGAGAGGAG-1"
"4129","GACCTCAAGTAGCCAT-1"
"4130","GACCTGATCCCTCAAC-1"
"4131","GACCTGATCCGCAACA-1"
"4132","GACCTGATCGGTACGC-1"
"4133","GACCTGATCGTAATCA-1"
"4134","GACCTGCAGCCACAAT-1"
"4135","GACCTGCAGCTCCTAC-1"
"4136","GACCTGCAGGAAGCTA-1"
"4137","GACCTGCAGGCGAATA-1"
"4138","GACCTGCAGGTGTTAC-1"
"4139","GACCTGCAGGTTACAC-1"
"4140","GACCTGCAGTAGCTTA-1"
"4141","GACCTGCAGTCATGCG-1"
"4142","GACCTGCAGTGTTGCG-1"
"4143","GACCTGCAGTTGGCCA-1"
"4144","GACCTTTGTTGCTGGG-1"
"4145","GACGCAACAATACTGT-1"
"4146","GACGCAACAATTAACC-1"
"4147","GACGCAACAGCACCAT-1"
"4148","GACGCAACAGGCAAGC-1"
"4149","GACGCAACAGGCTAGA-1"
"4150","GACGCAACAGTTAGCC-1"
"4151","GACGCAACATAGCAGG-1"
"4152","GACGCAACATCCTGAA-1"
"4153","GACGCAACATGCATAT-1"
"4154","GACGCAACATGCTATG-1"
"4155","GACGCCTAGAAAGGAA-1"
"4156","GACGCCTAGAACAAGT-1"
"4157","GACGCCTAGAACCTAC-1"
"4158","GACGCCTAGCATGGTT-1"
"4159","GACGCCTAGCCGCAGT-1"
"4160","GACGTAAAGCCTGGTA-1"
"4161","GACGTAAAGCTAAAGG-1"
"4162","GACGTAAAGCTCCTTA-1"
"4163","GACGTAAAGGGCCACT-1"
"4164","GACGTAAAGTTATGTG-1"
"4165","GACTAATGTAAGCTTG-1"
"4166","GACTAATGTACCAGGT-1"
"4167","GACTAATGTCTCAGCC-1"
"4168","GACTAATGTGGTGAGA-1"
"4169","GACTAATGTTGAGCCG-1"
"4170","GACTAATGTTGTAAAC-1"
"4171","GACTATTCACCTACTT-1"
"4172","GACTCACCACACAATT-1"
"4173","GACTCACCACCTCAGG-1"
"4174","GACTCACCAGAGAGCC-1"
"4175","GACTTACAGCCTGTGA-1"
"4176","GACTTACAGGAACCAA-1"
"4177","GACTTAGGTAGACAAA-1"
"4178","GACTTAGGTAGCTAGC-1"
"4179","GACTTAGGTCCTTCTC-1"
"4180","GACTTAGGTTAAGCCA-1"
"4181","GACTTAGGTTCACCAT-1"
"4182","GACTTAGGTTGCATCT-1"
"4183","GACTTAGGTTTGAGCA-1"
"4184","GACTTGGTCAAACCTA-1"
"4185","GACTTGGTCCATTACT-1"
"4186","GACTTGGTCCTCGATC-1"
"4187","GACTTGGTCGTTCACC-1"
"4188","GACTTGGTCTAGCGAT-1"
"4189","GAGAAACGTAATCCCT-1"
"4190","GAGAAACGTAGCTAGC-1"
"4191","GAGAAACGTGTCCTGC-1"
"4192","GAGAAACGTTAGTTGG-1"
"4193","GAGAAACGTTGGATCA-1"
"4194","GAGAAACGTTGTCATC-1"
"4195","GAGAACCAGCACCACA-1"
"4196","GAGAACCAGCTTACTT-1"
"4197","GAGAACCAGGACCTTG-1"
"4198","GAGAACCAGGAGCATA-1"
"4199","GAGAACCAGGAGGGTT-1"
"4200","GAGAACCAGGCTGTGC-1"
"4201","GAGAACCAGGGCCATC-1"
"4202","GAGAGGCGTAATCGCA-1"
"4203","GAGAGGCGTAATGGCC-1"
"4204","GAGAGGCGTCATGAGC-1"
"4205","GAGAGGCGTGATCAGC-1"
"4206","GAGAGGCGTGATCATG-1"
"4207","GAGAGGCGTGCTCACC-1"
"4208","GAGATAAGTCTCACTG-1"
"4209","GAGATAAGTGAACAAA-1"
"4210","GAGATAAGTTAGAGCC-1"
"4211","GAGCAAATCCTCATCA-1"
"4212","GAGCAAATCCTTAGTT-1"
"4213","GAGCAAATCCTTGCGT-1"
"4214","GAGCAAATCGAGCAAA-1"
"4215","GAGCAAATCTAACCTT-1"
"4216","GAGCAAATCTTCAATC-1"
"4217","GAGCAAATCTTTGAGA-1"
"4218","GAGCAAGGTACTTAGG-1"
"4219","GAGCAAGGTGTTTCAC-1"
"4220","GAGCAAGGTTAGGTGC-1"
"4221","GAGCATGCACTTAGGC-1"
"4222","GAGCATGCACTTCACT-1"
"4223","GAGCATGCAGCACCAT-1"
"4224","GAGCATGCAGTTTGTG-1"
"4225","GAGCCACTCAGGTCCA-1"
"4226","GAGCCACTCATAACCA-1"
"4227","GAGCCACTCCAAATCA-1"
"4228","GAGCCACTCCTCAGTC-1"
"4229","GAGCCACTCGCCTAAG-1"
"4230","GAGCCACTCTCACTAT-1"
"4231","GAGCCTTCACTAAATC-1"
"4232","GAGCCTTCAGCAAGGC-1"
"4233","GAGCCTTCAGCTTAGC-1"
"4234","GAGCCTTCAGGAACTG-1"
"4235","GAGCGAAGTACCAGGT-1"
"4236","GAGCGAAGTGCTTTAC-1"
"4237","GAGCGAAGTTGCACGG-1"
"4238","GAGCGAAGTTTGGGCG-1"
"4239","GAGCGATAGAAAGCAT-1"
"4240","GAGCGATAGACAGGCG-1"
"4241","GAGCGATAGCGGATAA-1"
"4242","GAGCGATAGTAGCTTA-1"
"4243","GAGCGATAGTCAGTAC-1"
"4244","GAGCGATAGTGAGCGG-1"
"4245","GAGCGGTCAATATACC-1"
"4246","GAGCGGTCATAATCAC-1"
"4247","GAGCGGTCATTGTCCT-1"
"4248","GAGCTAGCAAGGTGCA-1"
"4249","GAGCTAGCAATATAGG-1"
"4250","GAGCTGCTCACGTTAA-1"
"4251","GAGCTGCTCACTTTAC-1"
"4252","GAGCTGCTCATCCTGC-1"
"4253","GAGCTGCTCCGCCTCA-1"
"4254","GAGCTGCTCCGGTTGA-1"
"4255","GAGCTGCTCCTCCTAA-1"
"4256","GAGCTGCTCCTTCTAG-1"
"4257","GAGCTTAGTGAAGCCT-1"
"4258","GAGCTTAGTGAGACTC-1"
"4259","GAGCTTAGTTACTTCA-1"
"4260","GAGCTTAGTTGAAGCC-1"
"4261","GAGCTTGTCACACAGT-1"
"4262","GAGCTTGTCATTACGA-1"
"4263","GAGCTTGTCCCGCAAA-1"
"4264","GAGCTTGTCGAGCTAT-1"
"4265","GAGCTTGTCGATTTGA-1"
"4266","GAGCTTGTCTAGCGAT-1"
"4267","GAGCTTGTCTTGTTCG-1"
"4268","GAGGACTAGCAACATC-1"
"4269","GAGGACTAGCAAGGTA-1"
"4270","GAGGACTAGCCGCAGT-1"
"4271","GAGGACTAGCGAGTAA-1"
"4272","GAGGACTAGGCCTGGT-1"
"4273","GAGGAGGCAACCCTAA-1"
"4274","GAGGAGGCACATGCTA-1"
"4275","GAGGAGGCACCTGGTG-1"
"4276","GAGGAGGCACTAAGAA-1"
"4277","GAGGAGGCAGGCGAGT-1"
"4278","GAGGAGGCATAGCAGG-1"
"4279","GAGGAGGCATAGCGGA-1"
"4280","GAGGCAAGTAAGGTTT-1"
"4281","GAGGCAAGTTCACCCA-1"
"4282","GAGGCCTTCATGAAGG-1"
"4283","GAGGCCTTCATTGACA-1"
"4284","GAGGCCTTCCGTCCAT-1"
"4285","GAGGCCTTCTTGACCC-1"
"4286","GAGGCCTTCTTGTCTG-1"
"4287","GAGGCTACAATCCTGA-1"
"4288","GAGGCTACACAAAGAC-1"
"4289","GAGGCTACACAATGCC-1"
"4290","GAGGCTACACATGCTA-1"
"4291","GAGGCTACACCTACTT-1"
"4292","GAGGCTACAGCAGGTA-1"
"4293","GAGGCTACAGGACCAA-1"
"4294","GAGGCTACAGGCCTTG-1"
"4295","GAGGCTACATGATTGT-1"
"4296","GAGGCTACATGCTCCC-1"
"4297","GAGGCTTGTAATCACG-1"
"4298","GAGGCTTGTATACTGG-1"
"4299","GAGGCTTGTGATTTGG-1"
"4300","GAGGCTTGTTAGGATT-1"
"4301","GAGGGAGCAGTAGCCT-1"
"4302","GAGGGAGCATTAGCCA-1"
"4303","GAGGTACAGAAGCTAG-1"
"4304","GAGGTACAGGCATGTT-1"
"4305","GAGGTACAGGCTAGAA-1"
"4306","GAGGTACAGGCTATGT-1"
"4307","GAGGTACAGTACTGGT-1"
"4308","GAGGTACAGTAGCCAT-1"
"4309","GAGGTAGGTACCTTAC-1"
"4310","GAGGTAGGTCCTAAGA-1"
"4311","GAGGTGAGTGGTGAGA-1"
"4312","GAGGTGAGTGTTGTAG-1"
"4313","GAGGTGAGTTGTCCAT-1"
"4314","GAGGTGAGTTGTTGCT-1"
"4315","GAGGTTAAGCAAGGGT-1"
"4316","GAGGTTAAGCACCACA-1"
"4317","GAGGTTAAGCCAGTAT-1"
"4318","GAGGTTAAGCCTAACG-1"
"4319","GAGTAACCAACTAGCC-1"
"4320","GAGTAACCAAGGACCA-1"
"4321","GAGTAACCACGAATCC-1"
"4322","GAGTAACCAGGCCAAA-1"
"4323","GAGTAACCAGTTAGCC-1"
"4324","GAGTAATAGCCTCTCG-1"
"4325","GAGTAATAGCTGTAAC-1"
"4326","GAGTAATAGCTTCCCG-1"
"4327","GAGTATCTCAGGTTTA-1"
"4328","GAGTATCTCATCCACC-1"
"4329","GAGTATCTCGCAACAT-1"
"4330","GAGTATCTCTGCAACG-1"
"4331","GAGTATCTCTTAGCCC-1"
"4332","GAGTATCTCTTGCAGG-1"
"4333","GAGTCAAAGACAAACG-1"
"4334","GAGTCAAAGCACTTGG-1"
"4335","GAGTCAAAGCTCAATA-1"
"4336","GAGTCAAAGGAAGCAC-1"
"4337","GAGTCAAAGGCGGGTA-1"
"4338","GAGTCAAAGTATTGCA-1"
"4339","GAGTCATTCATGGCTG-1"
"4340","GAGTCATTCGTTATAG-1"
"4341","GAGTGAGGTCCCGAAG-1"
"4342","GAGTGAGGTCCGTAGG-1"
"4343","GAGTGAGGTCGTTATC-1"
"4344","GAGTGAGGTTATTGCC-1"
"4345","GAGTGAGGTTGAATCG-1"
"4346","GAGTGAGGTTTACTTG-1"
"4347","GAGTGATCAGCACGAA-1"
"4348","GAGTGATCAGGCGAGT-1"
"4349","GAGTGATCATATAACC-1"
"4350","GAGTGATCATTAGGCC-1"
"4351","GAGTGTTTCAAACACC-1"
"4352","GAGTGTTTCCCAGTAG-1"
"4353","GAGTGTTTCCTTGCAC-1"
"4354","GAGTGTTTCTGCAACG-1"
"4355","GAGTGTTTCTTGAGCG-1"
"4356","GAGTTACTCCGTTAAA-1"
"4357","GAGTTACTCGTAACGT-1"
"4358","GAGTTACTCTTAGCGG-1"
"4359","GAGTTACTCTTGACCC-1"
"4360","GAGTTGCGTAATCGCA-1"
"4361","GAGTTGCGTAGCTAGC-1"
"4362","GAGTTGCGTTAGTGAT-1"
"4363","GAGTTGCGTTCCTCCT-1"
"4364","GAGTTGCGTTCCTGTG-1"
"4365","GAGTTGCGTTGCTGGG-1"
"4366","GAGTTTGGTAGGATCC-1"
"4367","GAGTTTGGTATTGTCC-1"
"4368","GAGTTTGGTTCACCCA-1"
"4369","GAGTTTGGTTGGATAT-1"
"4370","GAGTTTGGTTTATTCG-1"
"4371","GATAAAGGTTCGCTTG-1"
"4372","GATAACGAGCAAGGAC-1"
"4373","GATAACGAGCACCACA-1"
"4374","GATAACGAGCCACATG-1"
"4375","GATAACGAGGAAACTG-1"
"4376","GATAACGAGTGAGGTA-1"
"4377","GATAACGAGTTAGAGG-1"
"4378","GATAAGCCAAAGGTAC-1"
"4379","GATAAGCCAAGCTTAT-1"
"4380","GATAAGCCAATAATCC-1"
"4381","GATAAGCCAATCCCTT-1"
"4382","GATAAGCCACCTCAGG-1"
"4383","GATAATCGTAATAACC-1"
"4384","GATAATCGTCAATAGT-1"
"4385","GATAATCGTTAATCGG-1"
"4386","GATAATCGTTACTTCA-1"
"4387","GATAGACCACCTGGTG-1"
"4388","GATAGACCATTGCGAC-1"
"4389","GATCAAGAGCCACATG-1"
"4390","GATCAAGAGCGAGGTG-1"
"4391","GATCAAGAGGCCTAAT-1"
"4392","GATCAAGAGTAATCCA-1"
"4393","GATCACTAGCAAACCT-1"
"4394","GATCACTAGCGGATAA-1"
"4395","GATCAGGCAAGGTGGC-1"
"4396","GATCAGGCACAGACTC-1"
"4397","GATCAGGCAGTATGTT-1"
"4398","GATCAGGCATAGCAGG-1"
"4399","GATCAGGCATCACAGC-1"
"4400","GATCAGGCATCCTAGA-1"
"4401","GATCAGTTCATAGCCG-1"
"4402","GATCAGTTCGCGACAC-1"
"4403","GATCAGTTCGGCCAGT-1"
"4404","GATCAGTTCTAAGGTC-1"
"4405","GATCAGTTCTAATCTC-1"
"4406","GATCAGTTCTCAATGA-1"
"4407","GATCAGTTCTCACACC-1"
"4408","GATCCGTCAACATAAG-1"
"4409","GATCCGTCACACTAAT-1"
"4410","GATCCGTCACAGAAAC-1"
"4411","GATCGAGCACAAAGAC-1"
"4412","GATCGAGCACCTGCTC-1"
"4413","GATCGAGCACGAATCC-1"
"4414","GATCGAGCACGGTTTA-1"
"4415","GATCGAGCACGTAATT-1"
"4416","GATCGAGCACTAAGTT-1"
"4417","GATCGAGCAGTATGTT-1"
"4418","GATCGAGCATAATCAC-1"
"4419","GATCGAGCATGTTTGG-1"
"4420","GATCGAGCATTGGGAG-1"
"4421","GATCGATTCACGTTAA-1"
"4422","GATCGATTCAGCAAAG-1"
"4423","GATCGATTCGAGCAAA-1"
"4424","GATCGCTCAACCCTCC-1"
"4425","GATCGCTCACAGGATG-1"
"4426","GATCGCTCACCCACAG-1"
"4427","GATCGCTCACCTGGTG-1"
"4428","GATCGCTCAGGACCTT-1"
"4429","GATCGCTCATCCATCT-1"
"4430","GATGACTTCGCTATAA-1"
"4431","GATGACTTCTAACCTT-1"
"4432","GATGAGGGTACAATGT-1"
"4433","GATGAGGGTGCACGCA-1"
"4434","GATGAGGGTGGGTGAA-1"
"4435","GATGAGGGTTGTCATC-1"
"4436","GATGCAGCAATTGCGC-1"
"4437","GATGCAGCAGGTTATT-1"
"4438","GATGCATTCCGCAACA-1"
"4439","GATGCATTCGTTTCGC-1"
"4440","GATGCATTCTAACTGA-1"
"4441","GATGCATTCTCCTCAA-1"
"4442","GATGCATTCTTGTTCG-1"
"4443","GATGCTTAGACTTACA-1"
"4444","GATGCTTAGCAATAGG-1"
"4445","GATGCTTAGCTCAAAC-1"
"4446","GATGCTTAGGAGGTTA-1"
"4447","GATGCTTAGGCCTGGT-1"
"4448","GATGCTTAGGCGCTAC-1"
"4449","GATGCTTAGGTGTCCA-1"
"4450","GATGCTTAGTGAGGTA-1"
"4451","GATGGACAGACAACGA-1"
"4452","GATGGACAGCGAGTAA-1"
"4453","GATGGACAGGCAGGTG-1"
"4454","GATGGACAGTGAGAGC-1"
"4455","GATGGACAGTGAGGGT-1"
"4456","GATGGACAGTTTGCGG-1"
"4457","GATGGCTGTAATGGCC-1"
"4458","GATGGCTGTCTAACAG-1"
"4459","GATGGCTGTGCATCGG-1"
"4460","GATGGCTGTTACTTCA-1"
"4461","GATGGCTGTTCCGCAC-1"
"4462","GATTAAGCACACAATT-1"
"4463","GATTAAGCAGAAACGT-1"
"4464","GATTAAGCAGCAACCT-1"
"4465","GATTAAGCATCGCTTT-1"
"4466","GATTAAGCATGTCGCG-1"
"4467","GATTACGGTTGTAAAC-1"
"4468","GATTACGGTTGTTGCT-1"
"4469","GATTACTCACTATGGC-1"
"4470","GATTACTCATAAACCT-1"
"4471","GATTACTCATTAAGTC-1"
"4472","GATTAGCTCTGGCATG-1"
"4473","GATTAGTGTTGGTTCT-1"
"4474","GATTATGTCTTAGCCC-1"
"4475","GATTCAATCCCTGTTA-1"
"4476","GATTCAATCCGGAACC-1"
"4477","GATTCAATCTTTAAGG-1"
"4478","GATTCAGGTTAATGAC-1"
"4479","GATTCAGGTTCATCTA-1"
"4480","GATTCAGGTTCATTTG-1"
"4481","GATTCATCAATTAACC-1"
"4482","GATTCATCACCTAATG-1"
"4483","GATTCCTGTACTGAAT-1"
"4484","GATTCCTGTCATTGTC-1"
"4485","GATTCCTGTGAGCGAA-1"
"4486","GATTCCTGTTAGTTGG-1"
"4487","GATTCCTGTTGACTTC-1"
"4488","GATTCGCCAATGCCCG-1"
"4489","GATTCGCCACACTAAT-1"
"4490","GATTGATGTAGTTAAC-1"
"4491","GATTGATGTGAGACTC-1"
"4492","GATTGATGTGCAACTA-1"
"4493","GATTGATGTGCTCACC-1"
"4494","GATTGCAGTGATTACG-1"
"4495","GATTGCAGTGCTGTAA-1"
"4496","GATTGCGTCACTTTAC-1"
"4497","GATTGCGTCAGCTAAC-1"
"4498","GATTGCGTCAGGAAGC-1"
"4499","GATTGCGTCCTCAGTC-1"
"4500","GATTGGCGTCTAACAG-1"
"4501","GATTGGCGTGCATTAG-1"
"4502","GATTGGCGTGGATGTC-1"
"4503","GATTGGCGTGGATTCA-1"
"4504","GATTGGCGTGTGTGGT-1"
"4505","GATTGGCGTGTTGCAA-1"
"4506","GATTGGCGTTATTGCC-1"
"4507","GATTGGCGTTCCGGCT-1"
"4508","GATTGGTTCATGGTGT-1"
"4509","GATTGGTTCCTAAATG-1"
"4510","GATTGGTTCCTAGTCC-1"
"4511","GATTTGCAGACACTTA-1"
"4512","GATTTGCAGGCTGTGC-1"
"4513","GCAAACAAGACTATTG-1"
"4514","GCAAACAAGATGCCTG-1"
"4515","GCAAACAAGCCTGTGA-1"
"4516","GCAAACAAGGCGTAAA-1"
"4517","GCAAACAAGGTATTGC-1"
"4518","GCAAACCGTAAAGCGG-1"
"4519","GCAAACCGTATTGTCC-1"
"4520","GCAAACCGTATTTGGG-1"
"4521","GCAAACCGTGCGCAAT-1"
"4522","GCAAACCGTGGAAACG-1"
"4523","GCAAACCGTTTAACGG-1"
"4524","GCAAACCGTTTCCGGC-1"
"4525","GCAAACTTCACCAATA-1"
"4526","GCAAACTTCGCTAGAT-1"
"4527","GCAAACTTCGGTTTGG-1"
"4528","GCAACAGCAACCGCCA-1"
"4529","GCAACAGCAAGTCGCT-1"
"4530","GCAACAGCACGTAATT-1"
"4531","GCAACAGCAGTCTAGC-1"
"4532","GCAACAGCATTGTTGG-1"
"4533","GCAAGCCTCAGCATTA-1"
"4534","GCAAGCCTCCTACCTA-1"
"4535","GCAAGCCTCCTAGTAA-1"
"4536","GCAAGCCTCTATGACA-1"
"4537","GCAAGCCTCTCACAAA-1"
"4538","GCAAGCCTCTGTTGCC-1"
"4539","GCAAGTCGTTAGCATG-1"
"4540","GCAAGTCGTTAGCCAA-1"
"4541","GCAAGTCGTTATCCTA-1"
"4542","GCAAGTCGTTGCTGGG-1"
"4543","GCAAGTCGTTTACGTC-1"
"4544","GCAAGTGCAAACCCTA-1"
"4545","GCAAGTGCAATACTGT-1"
"4546","GCAAGTGCAATTAGCT-1"
"4547","GCAAGTGCACTTCATC-1"
"4548","GCAAGTGCAGGACCAA-1"
"4549","GCAAGTGCAGGGAGGA-1"
"4550","GCAAGTGCATAATTGC-1"
"4551","GCAAGTGCATGAATAG-1"
"4552","GCAATAGAGAGAGCCG-1"
"4553","GCAATAGAGAGGAGTC-1"
"4554","GCAATAGAGCATGCAT-1"
"4555","GCAATAGAGGTTAGAG-1"
"4556","GCAATAGAGTAATCCA-1"
"4557","GCAATCTAGCCTGGTA-1"
"4558","GCAATCTAGCTAAAGG-1"
"4559","GCAATCTAGCTTTGTT-1"
"4560","GCAATCTAGGCATGAA-1"
"4561","GCAATCTAGGGTTATC-1"
"4562","GCAATCTAGTTTAACG-1"
"4563","GCAATGAAGAATCTCA-1"
"4564","GCAATGAAGCAGGTGG-1"
"4565","GCAATGAAGCTAATTG-1"
"4566","GCAATGAAGGATAAAC-1"
"4567","GCAATGAAGTCTGGGC-1"
"4568","GCAATGTTCACGAATC-1"
"4569","GCAATGTTCCTGGTCT-1"
"4570","GCAATGTTCGGTAACT-1"
"4571","GCACATTAGCTCATAA-1"
"4572","GCACATTAGCTTATGA-1"
"4573","GCACATTAGCTTCCCG-1"
"4574","GCACATTAGCTTTGGG-1"
"4575","GCACATTAGGACACTT-1"
"4576","GCACATTAGTGTTGCG-1"
"4577","GCACATTAGTTATCTC-1"
"4578","GCACCTAAGCATGGTT-1"
"4579","GCACCTAAGCCTGGTA-1"
"4580","GCACCTAAGGCATTGT-1"
"4581","GCACCTAAGGCGTAAA-1"
"4582","GCACCTAAGGTTACAC-1"
"4583","GCACCTAAGTTTCCGC-1"
"4584","GCACGAACAAACTCAT-1"
"4585","GCACGAACAACCCTCC-1"
"4586","GCACGAACATTGGGAG-1"
"4587","GCACGCTAGCAATAGG-1"
"4588","GCACGCTAGCTGGCTA-1"
"4589","GCACGCTAGTGAGCGG-1"
"4590","GCACGCTAGTTCCTGC-1"
"4591","GCACGGTTCAATGTCA-1"
"4592","GCACGGTTCACAGGAA-1"
"4593","GCACGGTTCACTCGCT-1"
"4594","GCACGGTTCACTTCAT-1"
"4595","GCACGGTTCCGGCTAA-1"
"4596","GCACGGTTCCGGGACT-1"
"4597","GCACGGTTCCGTAAAC-1"
"4598","GCACGGTTCCTCACAC-1"
"4599","GCACGGTTCCTGGTCT-1"
"4600","GCACGGTTCCTTGAGG-1"
"4601","GCACGGTTCGTTAGTA-1"
"4602","GCACGGTTCTAATCTC-1"
"4603","GCACGGTTCTCACTAT-1"
"4604","GCACTAAGTAACCTAG-1"
"4605","GCACTTACAAACATAG-1"
"4606","GCACTTACAATAACGA-1"
"4607","GCACTTACAATTTGGT-1"
"4608","GCACTTACATGACTAT-1"
"4609","GCACTTACATTGGGAG-1"
"4610","GCAGCAACAACATAAG-1"
"4611","GCAGCAACAATAGTCT-1"
"4612","GCAGCAACAGAACCGA-1"
"4613","GCAGCAACAGGCCATT-1"
"4614","GCAGCAACATGACTAT-1"
"4615","GCAGCCAGTCGTTACT-1"
"4616","GCAGCCAGTGATTACG-1"
"4617","GCAGCCAGTGCCGCAA-1"
"4618","GCAGCCAGTGGGTGAA-1"
"4619","GCAGCTATCACAAGCT-1"
"4620","GCAGCTATCACTTCAT-1"
"4621","GCAGCTATCCTCATCA-1"
"4622","GCAGCTATCTAAGGAG-1"
"4623","GCAGCTATCTAGCGAT-1"
"4624","GCAGCTATCTTTGTAC-1"
"4625","GCAGGAAGTACCTTAC-1"
"4626","GCAGGAAGTGCATTAG-1"
"4627","GCAGGAAGTTTGGTTC-1"
"4628","GCAGGACCAACAACAA-1"
"4629","GCAGGACCAGGAAGCC-1"
"4630","GCAGGACCATAATCGT-1"
"4631","GCAGGACCATCGCTCC-1"
"4632","GCAGGATAGCAACATC-1"
"4633","GCAGGATAGTAAGTCC-1"
"4634","GCAGGCAAGCTCAAAC-1"
"4635","GCAGGCAAGCTCATAA-1"
"4636","GCAGGCAAGGCGGATG-1"
"4637","GCAGGCTTCAAACACC-1"
"4638","GCAGGCTTCATAAGCC-1"
"4639","GCAGGCTTCCGCTAGA-1"
"4640","GCAGGCTTCCTAGTTT-1"
"4641","GCAGGCTTCGGTTACG-1"
"4642","GCAGGCTTCTAAGTCA-1"
"4643","GCAGGCTTCTGCAAGT-1"
"4644","GCAGGTGAGCTTGCTC-1"
"4645","GCAGGTGAGGGTGAGT-1"
"4646","GCAGGTGAGGTAAGCA-1"
"4647","GCAGGTGAGGTGAAAT-1"
"4648","GCAGGTGAGGTTAGAG-1"
"4649","GCAGGTGAGTAACCCG-1"
"4650","GCAGGTGAGTAACGGA-1"
"4651","GCAGGTGAGTTATCTC-1"
"4652","GCAGGTTGTCATCCTG-1"
"4653","GCAGGTTGTGACATGC-1"
"4654","GCATATATCATGTTTC-1"
"4655","GCATATATCCCTGGAA-1"
"4656","GCATATATCCTAGTCC-1"
"4657","GCATATATCTAACCAA-1"
"4658","GCATATATCTCACTCA-1"
"4659","GCATCCTTCAGTATTG-1"
"4660","GCATCCTTCATAACCA-1"
"4661","GCATCCTTCCGTTAAA-1"
"4662","GCATCCTTCCTGGTGA-1"
"4663","GCATCCTTCCTTGTTG-1"
"4664","GCATCCTTCGATCAGT-1"
"4665","GCATCCTTCGCTATAA-1"
"4666","GCATCCTTCGGCTATG-1"
"4667","GCATCCTTCGTCAAGT-1"
"4668","GCATGAAAGGAGTCTT-1"
"4669","GCATGAAAGGTCCTAG-1"
"4670","GCATGAGCAATTAAGG-1"
"4671","GCATGAGCACAGCCAT-1"
"4672","GCATGAGCATAAACCT-1"
"4673","GCATTAGGTACTTAGG-1"
"4674","GCATTAGGTGCCTCAC-1"
"4675","GCATTAGGTTTAAAGC-1"
"4676","GCATTGCCAAGGTCGA-1"
"4677","GCATTGCCACGGTACT-1"
"4678","GCATTGCCATTTAAGC-1"
"4679","GCCAACATCAGCCAAT-1"
"4680","GCCAACATCATTGTTC-1"
"4681","GCCAACATCCACCTTA-1"
"4682","GCCAACATCCAGGTCA-1"
"4683","GCCAACATCCATAAGC-1"
"4684","GCCAACATCTTACTCG-1"
"4685","GCCAATAGTGTCACGG-1"
"4686","GCCAATAGTGTGCACG-1"
"4687","GCCAATAGTTATCGAG-1"
"4688","GCCAATTAGACAGGTA-1"
"4689","GCCAATTAGCTATTAG-1"
"4690","GCCAATTAGGGATGAC-1"
"4691","GCCAATTAGTACTGGT-1"
"4692","GCCAATTAGTTAGTGC-1"
"4693","GCCACAATCCCGAACA-1"
"4694","GCCACAATCGATTCTT-1"
"4695","GCCACAATCGTAATCA-1"
"4696","GCCACACAGGCGAATA-1"
"4697","GCCACACAGGGTTAGA-1"
"4698","GCCACACAGTTCCTCA-1"
"4699","GCCACTAAGAAAGCAT-1"
"4700","GCCACTAAGAAGCTAG-1"
"4701","GCCACTAAGCCACAAT-1"
"4702","GCCACTAAGGTTACAC-1"
"4703","GCCACTAAGTCAGTAC-1"
"4704","GCCAGGAAGCGGATAA-1"
"4705","GCCAGGAAGCTAATCA-1"
"4706","GCCAGGAAGGCCCAGT-1"
"4707","GCCAGGAAGGCTGGCT-1"
"4708","GCCAGGAAGGGCTTTG-1"
"4709","GCCAGGTTCAAGCCTG-1"
"4710","GCCAGGTTCAGCACGC-1"
"4711","GCCAGGTTCAGGAAGC-1"
"4712","GCCAGGTTCATGGTGT-1"
"4713","GCCAGGTTCCACCTGT-1"
"4714","GCCAGGTTCCAGGTCA-1"
"4715","GCCAGGTTCGCTAAAC-1"
"4716","GCCAGGTTCGCTAGAT-1"
"4717","GCCAGGTTCGTACCGA-1"
"4718","GCCAGGTTCTTAGCCC-1"
"4719","GCCATGATCAAGCTTA-1"
"4720","GCCATGATCAGCCAAT-1"
"4721","GCCATGATCTAGCTTT-1"
"4722","GCCATTACACAATTAC-1"
"4723","GCCATTACACGGTTTA-1"
"4724","GCCATTACAGTTGCGT-1"
"4725","GCCATTACATTTAAGC-1"
"4726","GCCCAAATCCAATTAG-1"
"4727","GCCCAAATCGGTTTGG-1"
"4728","GCCCATAAGACACCGC-1"
"4729","GCCCATAAGCGAAGTA-1"
"4730","GCCCATAAGGAACGCG-1"
"4731","GCCCATAAGGCGGATG-1"
"4732","GCCCATAAGGTTAGCT-1"
"4733","GCCCATAAGTGACCTG-1"
"4734","GCCCATAAGTTACCGG-1"
"4735","GCCCATAAGTTGGCCA-1"
"4736","GCCCGTTGTCCTTCAG-1"
"4737","GCCCGTTGTCGAAGTC-1"
"4738","GCCCGTTGTTAACGAT-1"
"4739","GCCCTCATCAAGACTC-1"
"4740","GCCCTCATCTTAGCGG-1"
"4741","GCCGTGAGTGAGACTC-1"
"4742","GCCTAATAGCCTAATA-1"
"4743","GCCTAATAGTAACGGA-1"
"4744","GCCTACTTCAATCATG-1"
"4745","GCCTACTTCACTCGCT-1"
"4746","GCCTACTTCGCTCCAT-1"
"4747","GCCTATTGTAATCGCA-1"
"4748","GCCTATTGTACTTCAC-1"
"4749","GCCTATTGTCATCATC-1"
"4750","GCCTATTGTCATTGTC-1"
"4751","GCCTATTGTTGCGGAT-1"
"4752","GCCTATTGTTGTTGTC-1"
"4753","GCCTCAAAGCGCCTTT-1"
"4754","GCCTCAAAGGACTTAC-1"
"4755","GCCTCAAAGGCCTTAG-1"
"4756","GCCTCAAAGTAACCCG-1"
"4757","GCCTCAAAGTTTGAGC-1"
"4758","GCCTCCATCAAAGGCA-1"
"4759","GCCTCCATCCTGAATA-1"
"4760","GCCTCCATCTTAGTCT-1"
"4761","GCCTCGACACAGCCTG-1"
"4762","GCCTCGACATCGCTCC-1"
"4763","GCCTGACAGAGAGCCG-1"
"4764","GCCTGACAGCCAGTAT-1"
"4765","GCCTGACAGCGAGGTG-1"
"4766","GCCTGACAGCTAAAGG-1"
"4767","GCCTGACAGGCAAGTA-1"
"4768","GCCTGACAGGCTACTG-1"
"4769","GCCTGACAGGGACCTC-1"
"4770","GCCTGACAGTTGTCCC-1"
"4771","GCCTGACAGTTTCCGC-1"
"4772","GCCTGAGGTGCATTAG-1"
"4773","GCCTGCTGTAGGTTAT-1"
"4774","GCCTGCTGTCAGGCAT-1"
"4775","GCCTGCTGTGGTTAGC-1"
"4776","GCCTGCTGTGTTTGCT-1"
"4777","GCCTGCTGTTGAGGTC-1"
"4778","GCCTGTGCAACTAGCC-1"
"4779","GCCTGTGCAATCATGT-1"
"4780","GCCTGTGCAATGCCCG-1"
"4781","GCCTGTGCACTTCATC-1"
"4782","GCCTGTGCATCTTGAG-1"
"4783","GCCTGTGCATGCTTAG-1"
"4784","GCCTTAACAAATACCT-1"
"4785","GCCTTAACAGCCAGTT-1"
"4786","GCCTTAACAGCCTAAC-1"
"4787","GCCTTAACAGTTATCG-1"
"4788","GCCTTAACATCTTGAG-1"
"4789","GCCTTAACATTAGGTT-1"
"4790","GCCTTACTCAAGCTTA-1"
"4791","GCCTTACTCAGGTTTA-1"
"4792","GCCTTACTCATGTTTC-1"
"4793","GCCTTACTCCTCAGCT-1"
"4794","GCCTTACTCGAGGTGG-1"
"4795","GCCTTACTCGATTATG-1"
"4796","GCCTTACTCGCAAACT-1"
"4797","GCCTTACTCTTAGGGT-1"
"4798","GCCTTACTCTTGCAAA-1"
"4799","GCCTTAGAGATGCCTG-1"
"4800","GCCTTAGAGCATTATG-1"
"4801","GCCTTAGAGGAGCATA-1"
"4802","GCCTTGCGTTACGCGG-1"
"4803","GCCTTGCGTTCCTGTG-1"
"4804","GCCTTGCGTTTACGTC-1"
"4805","GCCTTTATCAAGTGTC-1"
"4806","GCCTTTATCTAAGTGC-1"
"4807","GCCTTTGGTACCGGAT-1"
"4808","GCCTTTGGTGCAACTA-1"
"4809","GCCTTTGGTTATCGAG-1"
"4810","GCGAAGCCAACTGGCT-1"
"4811","GCGAAGCCACAATGTT-1"
"4812","GCGAAGCCACAATTAC-1"
"4813","GCGAAGCCACCATATG-1"
"4814","GCGAAGCCACTAAATC-1"
"4815","GCGAAGCCAGTTTACG-1"
"4816","GCGAAGCCATTGTCAG-1"
"4817","GCGAAGTAGCCGCTTT-1"
"4818","GCGAGTGAGCCGCAAC-1"
"4819","GCGAGTGAGGGTGAGT-1"
"4820","GCGATATTCAGGAACA-1"
"4821","GCGATATTCATAGCCG-1"
"4822","GCGATATTCCTAATGA-1"
"4823","GCGATATTCCTGATTT-1"
"4824","GCGATATTCCTTGCAC-1"
"4825","GCGATATTCTTAGGGT-1"
"4826","GCGATTAGTAAGCACC-1"
"4827","GCGATTAGTGCATTAG-1"
"4828","GCGATTAGTTGCAGTA-1"
"4829","GCGATTAGTTTAGTCC-1"
"4830","GCGATTTAGCACAGAA-1"
"4831","GCGATTTAGCACTTGG-1"
"4832","GCGATTTAGGGTGAGT-1"
"4833","GCGATTTAGGTTTACA-1"
"4834","GCGATTTAGTATTGGC-1"
"4835","GCGATTTAGTCTCACC-1"
"4836","GCGATTTAGTTTCCGC-1"
"4837","GCGCAAACAACTCGCG-1"
"4838","GCGCAAACACAGACTC-1"
"4839","GCGCAAACAGTAAAGC-1"
"4840","GCGCAAACAGTGAACG-1"
"4841","GCGCAAACAGTTTACG-1"
"4842","GCGCAAACATCCTGAA-1"
"4843","GCGCAATGTCATGAGC-1"
"4844","GCGCAATGTTAATGCG-1"
"4845","GCGCAATGTTGGCGTG-1"
"4846","GCGCCTTGTCAAGTGC-1"
"4847","GCGCCTTGTTGGTTAG-1"
"4848","GCGCGATTCACAGACT-1"
"4849","GCGCGATTCCTAATTC-1"
"4850","GCGCTAGGTACTGATG-1"
"4851","GCGCTAGGTAGGTTAT-1"
"4852","GCGCTAGGTGTCCTGC-1"
"4853","GCGCTAGGTTAGGACC-1"
"4854","GCGCTAGGTTCCGCAC-1"
"4855","GCGCTAGGTTCCGGGA-1"
"4856","GCGCTTAAGACAAGTG-1"
"4857","GCGCTTAAGCTTTGGG-1"
"4858","GCGCTTAAGGGATGCG-1"
"4859","GCGCTTGCAAACGGGC-1"
"4860","GCGCTTGCAAACTGTT-1"
"4861","GCGCTTGCACCTATAG-1"
"4862","GCGCTTGCAGAACCGA-1"
"4863","GCGCTTGCAGAATGAC-1"
"4864","GCGCTTGCAGTAGGTG-1"
"4865","GCGCTTGCATTGCAGC-1"
"4866","GCGGAACCAACATAAG-1"
"4867","GCGGAACCACTAGCGT-1"
"4868","GCGGAACCAGCATGGA-1"
"4869","GCGGAACCAGGATGGC-1"
"4870","GCGGAACCAGGTATTT-1"
"4871","GCGGAACCATAAACCT-1"
"4872","GCGGAACCATAAAGCA-1"
"4873","GCGGAACCATAAGTTC-1"
"4874","GCGGAACCATAATTGC-1"
"4875","GCGGAACCATCAGCAC-1"
"4876","GCGGAACCATGAATAG-1"
"4877","GCGGAACCATTGTCAG-1"
"4878","GCGGAACCATTTGCTC-1"
"4879","GCGGATACAATTAACC-1"
"4880","GCGGATACAGGCTGTT-1"
"4881","GCGGATACATATTGAC-1"
"4882","GCGGGTTTCAGTTCCC-1"
"4883","GCGGGTTTCATTGCAA-1"
"4884","GCGGGTTTCCTGAGTG-1"
"4885","GCGGGTTTCGACAAAG-1"
"4886","GCGGGTTTCTCATCAT-1"
"4887","GCGGGTTTCTTGAGCG-1"
"4888","GCGGTTATCTAATTGG-1"
"4889","GCGGTTGGTACGCGCA-1"
"4890","GCGGTTGGTACGTTTC-1"
"4891","GCGGTTGGTATCTGGA-1"
"4892","GCGGTTGGTATTGTCC-1"
"4893","GCGGTTGGTGTGTGGT-1"
"4894","GCGTAACGTAGGATCC-1"
"4895","GCGTAACGTGACATGC-1"
"4896","GCGTAACGTGTGAGAG-1"
"4897","GCGTAACGTTCACTGT-1"
"4898","GCGTAACGTTGTCCAT-1"
"4899","GCGTGCTAGATTGAGG-1"
"4900","GCGTGCTAGCCTGTGA-1"
"4901","GCGTGCTAGCTTCTCA-1"
"4902","GCGTGCTAGGGCTTAT-1"
"4903","GCGTGCTAGGTGAAGC-1"
"4904","GCGTTTCTCCTTTACG-1"
"4905","GCGTTTCTCGTAACGT-1"
"4906","GCGTTTCTCGTTACAA-1"
"4907","GCGTTTCTCTCAATTC-1"
"4908","GCTAACCCAATGCCCG-1"
"4909","GCTAACCCACAAACTT-1"
"4910","GCTAACCCACCCTCAC-1"
"4911","GCTAACCCAGAATGAC-1"
"4912","GCTAACCCAGGAACTG-1"
"4913","GCTAACCCATCACAGC-1"
"4914","GCTAAGAAGATAGACG-1"
"4915","GCTAAGAAGCCTGAGC-1"
"4916","GCTAAGAAGGTGAAGC-1"
"4917","GCTAAGCGTAATCGCA-1"
"4918","GCTAAGCGTGCATCGG-1"
"4919","GCTAAGCGTTGGTTAG-1"
"4920","GCTAAGTTCCACCCTG-1"
"4921","GCTAAGTTCCATAAGC-1"
"4922","GCTAAGTTCTCAATTC-1"
"4923","GCTAATATCAAGTGAG-1"
"4924","GCTAATATCCCGAACA-1"
"4925","GCTAATATCGGGACCT-1"
"4926","GCTAATATCTGTAATG-1"
"4927","GCTAGCCAGCGCCTAA-1"
"4928","GCTAGCCAGGAGCAAC-1"
"4929","GCTAGCCAGGCCGGAA-1"
"4930","GCTAGCCAGGGACCTC-1"
"4931","GCTAGCCAGGGATGCG-1"
"4932","GCTAGCCAGTCAATTG-1"
"4933","GCTAGCCAGTGAACAG-1"
"4934","GCTAGCCAGTGAGCAA-1"
"4935","GCTAGCGGTAACCTAG-1"
"4936","GCTAGCGGTCGTAAAT-1"
"4937","GCTAGCTCACCTCAGG-1"
"4938","GCTAGCTCAGCTAACC-1"
"4939","GCTAGCTCAGCTCAAC-1"
"4940","GCTAGCTCATCTTGAG-1"
"4941","GCTAGTGTCAAGTGAG-1"
"4942","GCTATAGGTAATTAGC-1"
"4943","GCTATAGGTATTGGAT-1"
"4944","GCTATAGGTGTAATAC-1"
"4945","GCTATAGGTTTCGCCA-1"
"4946","GCTATCCTCCGCCTCA-1"
"4947","GCTATCCTCGCTCACT-1"
"4948","GCTATTGCAAGACTCC-1"
"4949","GCTATTGCACAAAGCG-1"
"4950","GCTATTGCACCATATG-1"
"4951","GCTATTGCACTTACAG-1"
"4952","GCTATTGCATAGCGGA-1"
"4953","GCTCAACCAACTAGGG-1"
"4954","GCTCAACCAAGCTTAT-1"
"4955","GCTCAACCACCATATG-1"
"4956","GCTCAACCACCTCAGG-1"
"4957","GCTCAACCACTTCACT-1"
"4958","GCTCAACCAGCTAATT-1"
"4959","GCTCAACCAGCTTACA-1"
"4960","GCTCAACCAGTCTAGC-1"
"4961","GCTCAACCATAAGTTC-1"
"4962","GCTCAACCATAATTGC-1"
"4963","GCTCAACCATAGTCAT-1"
"4964","GCTCACAAGACACTTA-1"
"4965","GCTCACAAGCAAGATG-1"
"4966","GCTCACAAGCAGGCCT-1"
"4967","GCTCACAAGGATTGCT-1"
"4968","GCTCACAAGGGCTAAA-1"
"4969","GCTCACAAGTTCCCGT-1"
"4970","GCTCACAAGTTTCCGC-1"
"4971","GCTCATTGTAAGCTTG-1"
"4972","GCTCATTGTAAGGTTT-1"
"4973","GCTCATTGTCACACCC-1"
"4974","GCTCATTGTCCCGGAA-1"
"4975","GCTCATTGTTATAGCG-1"
"4976","GCTCATTGTTCGCTCA-1"
"4977","GCTCCTTAGCTGTACG-1"
"4978","GCTCCTTAGGCCAATT-1"
"4979","GCTCCTTAGGCCTAAT-1"
"4980","GCTCCTTAGGGTGAAC-1"
"4981","GCTCCTTAGTAAACCC-1"
"4982","GCTCCTTAGTAGCCAT-1"
"4983","GCTCGATCAAGGGTTG-1"
"4984","GCTCGATCAATTGAGA-1"
"4985","GCTCGATCATAGCGAG-1"
"4986","GCTCTGGCAATATACC-1"
"4987","GCTCTGGCAGCAAATA-1"
"4988","GCTCTGGCATTGTGGC-1"
"4989","GCTCTGTTCAGGTCCA-1"
"4990","GCTGACATCCCTGATC-1"
"4991","GCTGACATCGTGCCTT-1"
"4992","GCTGACATCTCAATTC-1"
"4993","GCTGACATCTTGCAGG-1"
"4994","GCTGACATCTTGGATA-1"
"4995","GCTGACCAGGTCCTAG-1"
"4996","GCTGACCAGTAAAGGT-1"
"4997","GCTGACCAGTGCACGC-1"
"4998","GCTGAGGAGACAGGCG-1"
"4999","GCTGAGGAGATTGAGG-1"
"5000","GCTGAGGAGCACAGCC-1"
"5001","GCTGAGGAGCACCACA-1"
"5002","GCTGAGGAGCGGATAA-1"
"5003","GCTGAGGAGGCCTAAT-1"
"5004","GCTGAGGAGTAACAGG-1"
"5005","GCTGAGGAGTAGCCAT-1"
"5006","GCTGATCCAAGGTAAC-1"
"5007","GCTGATCCAATCCTGA-1"
"5008","GCTGATCCATGGAGGC-1"
"5009","GCTGCAATCACCGGTA-1"
"5010","GCTGCAATCTTAATGG-1"
"5011","GCTGCAATCTTGCAAA-1"
"5012","GCTGCACAGCATGCAT-1"
"5013","GCTGCATCAGCAGGTA-1"
"5014","GCTGCATCATTTAAGC-1"
"5015","GCTGCATCATTTGCTC-1"
"5016","GCTGGATGTAGGTTGC-1"
"5017","GCTGGATGTGAGCAAG-1"
"5018","GCTGGATGTTTAGTCC-1"
"5019","GCTGGTTCAGTACCGT-1"
"5020","GCTGTAAGTCTATCGT-1"
"5021","GCTGTAAGTCTCAGCC-1"
"5022","GCTGTAAGTGTGAGGA-1"
"5023","GCTGTAAGTGTTTGTC-1"
"5024","GCTGTACCAAGGAATC-1"
"5025","GCTGTACCAGTCTAGC-1"
"5026","GCTGTACCATCCAGGT-1"
"5027","GCTGTACCATGAAGTA-1"
"5028","GCTGTACCATTCCTCG-1"
"5029","GCTGTGATCACACAGT-1"
"5030","GCTGTGATCATGCAAC-1"
"5031","GCTGTGATCCAGGGAG-1"
"5032","GCTGTGATCGCTATAA-1"
"5033","GCTGTGATCTGTGCCT-1"
"5034","GCTGTGCAGATGGAGC-1"
"5035","GCTGTGCAGCTGGACC-1"
"5036","GCTGTGCAGGGTCTAT-1"
"5037","GCTGTGCAGGTGTCCA-1"
"5038","GCTGTGCAGTTTAACG-1"
"5039","GCTTAAATCCCGTTAC-1"
"5040","GCTTAACAGCAGGTGG-1"
"5041","GCTTAACAGCCTGGTA-1"
"5042","GCTTAACAGGATGATG-1"
"5043","GCTTAACAGGCATTGT-1"
"5044","GCTTAACAGTGAGGTA-1"
"5045","GCTTAACAGTTATGTG-1"
"5046","GCTTAACAGTTTGCGG-1"
"5047","GCTTACCTCCCTGTTA-1"
"5048","GCTTAGTAGCAAACCT-1"
"5049","GCTTAGTAGCCGCAAC-1"
"5050","GCTTATCGTATTGTCC-1"
"5051","GCTTATCGTCCCGAAG-1"
"5052","GCTTATCGTGAGGTGA-1"
"5053","GCTTGACCAGCCAGTT-1"
"5054","GCTTGACCAGTAAAGC-1"
"5055","GCTTGACCAGTAGGAT-1"
"5056","GCTTGACCATAAGCAA-1"
"5057","GCTTGTTGTATTGGAT-1"
"5058","GCTTGTTGTCACAAAT-1"
"5059","GCTTGTTGTGATGAAA-1"
"5060","GCTTGTTGTTGTGACA-1"
"5061","GCTTGTTGTTTGGTTC-1"
"5062","GCTTTACGTGAGACTC-1"
"5063","GCTTTACGTTGAGGTC-1"
"5064","GCTTTATTCACTAATG-1"
"5065","GCTTTATTCATCCTAT-1"
"5066","GCTTTATTCCAAGTGT-1"
"5067","GCTTTATTCCGTTAAA-1"
"5068","GCTTTATTCGTACCGA-1"
"5069","GCTTTATTCTATTGTC-1"
"5070","GCTTTATTCTCAATGA-1"
"5071","GCTTTATTCTCACTCA-1"
"5072","GCTTTATTCTGCAAGT-1"
"5073","GCTTTCATCCAAACAC-1"
"5074","GCTTTCATCCTCGATC-1"
"5075","GCTTTCATCGCACACA-1"
"5076","GCTTTCATCTCGACCT-1"
"5077","GCTTTGTGTCACACCC-1"
"5078","GCTTTGTGTTCATTTG-1"
"5079","GCTTTGTGTTGCCTCA-1"
"5080","GCTTTGTGTTTATCTG-1"
"5081","GGAAACTCAGCAACAG-1"
"5082","GGAAACTCAGTAGCCT-1"
"5083","GGAACAATCAATGTCA-1"
"5084","GGAACAATCAGAAACG-1"
"5085","GGAACAATCAGGCCTA-1"
"5086","GGAACAATCCGCAAAT-1"
"5087","GGAACAATCCTGATGG-1"
"5088","GGAACAATCTTAGGGT-1"
"5089","GGAACCACAAACGGGC-1"
"5090","GGAACCACACCGGTAT-1"
"5091","GGAACCACAGCACCAT-1"
"5092","GGAACCACAGCTCATA-1"
"5093","GGAACCACAGTTTACG-1"
"5094","GGAACCTGTAATCGCA-1"
"5095","GGAACCTGTACCAGGT-1"
"5096","GGAACCTGTGGATGTC-1"
"5097","GGAACCTGTTATGTGG-1"
"5098","GGAACGGTCAATCATG-1"
"5099","GGAACGGTCATCCTGC-1"
"5100","GGAACGGTCATGTTTC-1"
"5101","GGAACGGTCCAGGTTG-1"
"5102","GGAACGGTCTTTGTAC-1"
"5103","GGAACTAAGCACCACA-1"
"5104","GGAACTAAGCGCATTG-1"
"5105","GGAACTAAGCTGGACC-1"
"5106","GGAACTAAGGACGTAA-1"
"5107","GGAACTAAGTCATCCC-1"
"5108","GGAACTAAGTGACCTG-1"
"5109","GGAAGCTAGAGGCTAA-1"
"5110","GGAAGCTAGCACAGAA-1"
"5111","GGAAGCTAGCACGTTG-1"
"5112","GGAAGCTAGCGGTTAT-1"
"5113","GGAAGCTAGGTCGAGG-1"
"5114","GGAAGCTAGTCAATTG-1"
"5115","GGAAGCTAGTTGCGTG-1"
"5116","GGAAGTATCCTCAGCT-1"
"5117","GGAAGTATCGGCCAGT-1"
"5118","GGAATCTTCACAAGCT-1"
"5119","GGAATCTTCAGTGAAG-1"
"5120","GGAATCTTCATCACTT-1"
"5121","GGAATCTTCTTGATGA-1"
"5122","GGACAGCCAACAGGTG-1"
"5123","GGACAGCCAAGGTGGC-1"
"5124","GGACAGCCAATTTAGC-1"
"5125","GGACAGCCAATTTGGT-1"
"5126","GGACAGCCACATAACT-1"
"5127","GGACAGCCACCTCACC-1"
"5128","GGACAGCCAGCACCAT-1"
"5129","GGACAGCCAGGTTAAA-1"
"5130","GGACAGCCAGTAATAG-1"
"5131","GGACAGCCATTGTGTG-1"
"5132","GGACATAAGAAGCTAG-1"
"5133","GGACATAAGAATCGCT-1"
"5134","GGACATAAGGGCCACT-1"
"5135","GGACATAAGGTAACGA-1"
"5136","GGACCGAAGACAGGCG-1"
"5137","GGACCGAAGAGCCGCT-1"
"5138","GGACCGAAGCCAGTAT-1"
"5139","GGACCGAAGCTGTCAG-1"
"5140","GGACCGAAGTAGCGCC-1"
"5141","GGACCGAAGTCCTTTG-1"
"5142","GGACCGAAGTTCCCGT-1"
"5143","GGACCTCAGCGAAGTA-1"
"5144","GGACGAAGTAATCGGC-1"
"5145","GGACGAAGTCACACCC-1"
"5146","GGACGAAGTCCTAACT-1"
"5147","GGACGAAGTGCTGGTG-1"
"5148","GGACGGATCCCGAACA-1"
"5149","GGACGGATCCCTCTAA-1"
"5150","GGACGGATCGCTTGCT-1"
"5151","GGACGGATCTAATCTC-1"
"5152","GGACTAAAGCAAACCT-1"
"5153","GGACTAAAGCGGTTAT-1"
"5154","GGACTAAAGGAGGTTA-1"
"5155","GGACTAAAGGGATGCG-1"
"5156","GGACTAAAGTTATGGC-1"
"5157","GGAGCATAGCACTAGT-1"
"5158","GGAGCATAGGCTACTG-1"
"5159","GGAGCATAGTAACGGA-1"
"5160","GGAGCGATCGAAGTAG-1"
"5161","GGAGGTTAGCACAGGG-1"
"5162","GGAGGTTAGCACTAAC-1"
"5163","GGAGGTTAGCATGAAG-1"
"5164","GGAGGTTAGCTATGAC-1"
"5165","GGAGTCTGTATTGCAG-1"
"5166","GGAGTCTGTGCTCACC-1"
"5167","GGAGTCTGTTCCGGGA-1"
"5168","GGAGTGAGTTAGCTGA-1"
"5169","GGAGTGAGTTAGGTTG-1"
"5170","GGAGTGAGTTGGTTAG-1"
"5171","GGATAACCAAAGCTAA-1"
"5172","GGATAACCACGTGCTG-1"
"5173","GGATAACCAGACAAAC-1"
"5174","GGATAACCAGCAGGTA-1"
"5175","GGATAACCAGTTAAAG-1"
"5176","GGATAACCATAATCGT-1"
"5177","GGATAACCATGAATAG-1"
"5178","GGATAACCATTGTGAT-1"
"5179","GGATACTTCATAACGC-1"
"5180","GGATACTTCATTCATC-1"
"5181","GGATATTGTGACATAT-1"
"5182","GGATATTGTGTTTGTC-1"
"5183","GGATGAATCATTAGTG-1"
"5184","GGATGAATCCTAATGA-1"
"5185","GGATGAATCCTGGCTT-1"
"5186","GGATGAATCGGCCAGT-1"
"5187","GGATGGCCAACTAACT-1"
"5188","GGATGGCCAATGAATG-1"
"5189","GGATGGCCACAAGCCT-1"
"5190","GGATGGCCACAGCCTG-1"
"5191","GGATGGCCAGCATTAT-1"
"5192","GGATGGCCAGGCTAAG-1"
"5193","GGATGGCCAGGTTTGC-1"
"5194","GGATTATGTAAACAAG-1"
"5195","GGATTATGTAACTACG-1"
"5196","GGATTATGTTACATCC-1"
"5197","GGATTCAGTTGCGCGA-1"
"5198","GGATTGCGTCCGCTGT-1"
"5199","GGATTTATCCCTGACT-1"
"5200","GGATTTATCTAAGTCA-1"
"5201","GGCAAATCACAGGGAC-1"
"5202","GGCAAATCACCTCAGG-1"
"5203","GGCAAATCAGCCTAAC-1"
"5204","GGCAAATCATTGCGGT-1"
"5205","GGCAAGCCACAACAAA-1"
"5206","GGCAAGCCACCTATAG-1"
"5207","GGCAAGCCATAGGCGA-1"
"5208","GGCAAGCCATGCTTAG-1"
"5209","GGCAATCGTAAGCACC-1"
"5210","GGCAATCGTTCGCGCT-1"
"5211","GGCAGGATCAGGAAGC-1"
"5212","GGCAGGATCCCTCATA-1"
"5213","GGCAGGATCCGCACAA-1"
"5214","GGCAGGATCCGGTTGA-1"
"5215","GGCATGGAGAAGGTGC-1"
"5216","GGCATGGAGCCTAACG-1"
"5217","GGCATGGAGGAACGCG-1"
"5218","GGCATTAGTAGGTTGC-1"
"5219","GGCATTAGTTACGCAA-1"
"5220","GGCATTAGTTCACCAT-1"
"5221","GGCATTAGTTCCTGTG-1"
"5222","GGCATTGTCAATTACG-1"
"5223","GGCATTGTCACGAATC-1"
"5224","GGCATTGTCCCTGATC-1"
"5225","GGCATTGTCCTAGTAA-1"
"5226","GGCATTGTCCTGTTCA-1"
"5227","GGCCAACTCCCGAACA-1"
"5228","GGCCAACTCCGGTATG-1"
"5229","GGCCAACTCGCTAGAT-1"
"5230","GGCCAACTCGCTCACT-1"
"5231","GGCCAACTCGGGACTC-1"
"5232","GGCCATCAGACAACGA-1"
"5233","GGCCATCAGGACGTAA-1"
"5234","GGCCATCAGGCTTAGT-1"
"5235","GGCCATCAGGTTACAC-1"
"5236","GGCCATCAGTTGGGCC-1"
"5237","GGCCGTTAGCCTTAAA-1"
"5238","GGCCGTTAGGTAGCTT-1"
"5239","GGCCGTTAGTACCGCA-1"
"5240","GGCCTAATCAAACACC-1"
"5241","GGCCTAATCAAACCGT-1"
"5242","GGCCTAATCAAGCGCC-1"
"5243","GGCCTAATCCTAAGAC-1"
"5244","GGCCTAATCTTAATGG-1"
"5245","GGCCTAATCTTAGGGT-1"
"5246","GGCCTCTGTCTCACTG-1"
"5247","GGCCTCTGTGCATTTC-1"
"5248","GGCCTCTGTGGATTAT-1"
"5249","GGCCTCTGTTACCGGG-1"
"5250","GGCCTCTGTTAGCAGC-1"
"5251","GGCCTCTGTTCACCCA-1"
"5252","GGCCTTAAGGAGTCTT-1"
"5253","GGCCTTAAGGCTGTCA-1"
"5254","GGCCTTCGTCCAAGAC-1"
"5255","GGCCTTCGTTTGTGGA-1"
"5256","GGCGATACAATCCTAG-1"
"5257","GGCGATACACCTGTAA-1"
"5258","GGCGATACAGGCTAGA-1"
"5259","GGCGCTAGTACCGAAC-1"
"5260","GGCGCTAGTAGACAAA-1"
"5261","GGCGCTAGTGATCATG-1"
"5262","GGCGCTAGTTACCGGG-1"
"5263","GGCGGTAAGCAAGACA-1"
"5264","GGCGGTAAGCCTAACG-1"
"5265","GGCGGTAAGGAATAAC-1"
"5266","GGCGGTAAGTTTGTCT-1"
"5267","GGCGGTTTCATCACTT-1"
"5268","GGCGGTTTCCTAAGAC-1"
"5269","GGCGGTTTCGACCTGA-1"
"5270","GGCGGTTTCGCATTAA-1"
"5271","GGCGGTTTCTCACACC-1"
"5272","GGCGTTATCAAGCTTA-1"
"5273","GGCGTTATCAATGTCA-1"
"5274","GGCGTTATCAATGTGC-1"
"5275","GGCGTTATCATGCTTT-1"
"5276","GGCGTTATCCCTCACG-1"
"5277","GGCGTTATCCTAAATG-1"
"5278","GGCGTTATCGCCTAAG-1"
"5279","GGCGTTATCTGTAATG-1"
"5280","GGCTAGACAACCGCCA-1"
"5281","GGCTAGACAATCCCTT-1"
"5282","GGCTAGACACCTACGG-1"
"5283","GGCTAGACAGTAATAG-1"
"5284","GGCTAGTGTGAGCACT-1"
"5285","GGCTAGTGTTTCCTCC-1"
"5286","GGCTATGTCATTGACA-1"
"5287","GGCTATGTCCCTCAAC-1"
"5288","GGCTATGTCGTTTCGC-1"
"5289","GGCTATGTCTAACCTT-1"
"5290","GGCTATTAGTTCCCGT-1"
"5291","GGCTATTAGTTCCTCA-1"
"5292","GGCTCAATCATAGACC-1"
"5293","GGCTCAATCATGAGCT-1"
"5294","GGCTCAATCCTTGCGT-1"
"5295","GGCTCAATCGCTATGG-1"
"5296","GGCTCAATCGTGCTTC-1"
"5297","GGCTCAATCGTTTCCA-1"
"5298","GGCTCAATCTTGCAGG-1"
"5299","GGCTCACAGGTAGCTT-1"
"5300","GGCTCACAGGTGAAAT-1"
"5301","GGCTCACAGTAACTCA-1"
"5302","GGCTCACAGTTTGCGG-1"
"5303","GGCTGAGAGCCAAATC-1"
"5304","GGCTGGTTCACTAAGC-1"
"5305","GGCTGGTTCAGCCAAT-1"
"5306","GGCTGGTTCATTGTTC-1"
"5307","GGCTGGTTCCACCCTG-1"
"5308","GGCTGGTTCCACCTGT-1"
"5309","GGCTGGTTCCAGCACA-1"
"5310","GGCTGGTTCGAGGAAC-1"
"5311","GGCTGTCAGCCGGTAC-1"
"5312","GGCTGTCAGCGTGCGT-1"
"5313","GGCTGTCAGCTTCTCA-1"
"5314","GGCTTAAGTTGCGGAT-1"
"5315","GGCTTAAGTTTACGTC-1"
"5316","GGCTTCAAGCAACATC-1"
"5317","GGCTTCAAGCAGGCCT-1"
"5318","GGCTTCAAGCTAATCA-1"
"5319","GGGAATATCAGGATGA-1"
"5320","GGGAATATCCATCAGG-1"
"5321","GGGAATATCCGTGACA-1"
"5322","GGGAATATCCTAATGA-1"
"5323","GGGAATATCGTTTCGC-1"
"5324","GGGAATATCTAATCAG-1"
"5325","GGGAATATCTCACACC-1"
"5326","GGGATAATCTGGCAAT-1"
"5327","GGGATTAAGGTAAGGC-1"
"5328","GGGCAATAGACAAAGT-1"
"5329","GGGCAATAGCTGTCAG-1"
"5330","GGGCAATAGGACCGCT-1"
"5331","GGGCAATAGGAGGTTA-1"
"5332","GGGCAATAGGCCCAGT-1"
"5333","GGGCAATAGGCTGTGC-1"
"5334","GGGCAATAGGTCCGTA-1"
"5335","GGGCAATAGGTCCTGA-1"
"5336","GGGCAATAGTAACTCA-1"
"5337","GGGCATGAGGAAGCTA-1"
"5338","GGGCATGAGGTAAGGC-1"
"5339","GGGCATGAGGTTAGCT-1"
"5340","GGGCATTGTCACCAAA-1"
"5341","GGGCATTGTGTCCAAA-1"
"5342","GGGCATTGTTAGTTGG-1"
"5343","GGGCATTGTTCAAGCA-1"
"5344","GGGCCTAGTAGCTGGT-1"
"5345","GGGCCTAGTCATGCCC-1"
"5346","GGGCCTAGTTGTGATG-1"
"5347","GGGCGAATCACTTCAT-1"
"5348","GGGCGAATCAGCCAAT-1"
"5349","GGGCGAATCTGGCAAT-1"
"5350","GGGCGAATCTTTAGGA-1"
"5351","GGGCTAACAAACCTAT-1"
"5352","GGGCTAACAAGGGTTG-1"
"5353","GGGCTAACAATAATGG-1"
"5354","GGGCTAACAGGAAGCC-1"
"5355","GGGCTAACAGTAAAGC-1"
"5356","GGGCTAACAGTTTGTG-1"
"5357","GGGCTAACATCCCTCA-1"
"5358","GGGTATTTCACGCGGT-1"
"5359","GGGTATTTCTCAATTC-1"
"5360","GGGTCAACAAACCTAT-1"
"5361","GGGTCAACAAAGGTAC-1"
"5362","GGGTCAACACTAGGTC-1"
"5363","GGGTCAACAGATTCAT-1"
"5364","GGGTCAACATTCCTCG-1"
"5365","GGGTCACTCAAGTGAG-1"
"5366","GGGTCACTCCCTGGAA-1"
"5367","GGGTCACTCGACAAAG-1"
"5368","GGGTCACTCGCAAACT-1"
"5369","GGGTCACTCGTGCCTT-1"
"5370","GGGTCACTCTAAGGAG-1"
"5371","GGGTGAAGTAGGTTTG-1"
"5372","GGGTGAAGTCACCAAA-1"
"5373","GGGTGAAGTCACCTAT-1"
"5374","GGGTGAAGTCCTAACT-1"
"5375","GGGTGAAGTGGATTAT-1"
"5376","GGGTGAAGTTGCAATG-1"
"5377","GGGTGAAGTTTATCGC-1"
"5378","GGGTGAAGTTTGAGGC-1"
"5379","GGGTGTTGTACCGGAT-1"
"5380","GGGTGTTGTGAACAAA-1"
"5381","GGGTGTTGTTACTTCA-1"
"5382","GGGTTACGTTTAGCGA-1"
"5383","GGGTTATTCACCATTT-1"
"5384","GGGTTATTCGCACACA-1"
"5385","GGGTTTCCACTTAGGC-1"
"5386","GGGTTTCCAGCAAATA-1"
"5387","GGGTTTCCAGCCTAAC-1"
"5388","GGGTTTCCATCAGCAC-1"
"5389","GGGTTTCCATTAAAGG-1"
"5390","GGGTTTGTCAATCTAG-1"
"5391","GGGTTTGTCAGCAAAG-1"
"5392","GGGTTTGTCGGCCATA-1"
"5393","GGGTTTGTCGGTTTCC-1"
"5394","GGGTTTGTCTAACCAA-1"
"5395","GGGTTTGTCTCACAAA-1"
"5396","GGTAAACCAAACAACA-1"
"5397","GGTAAACCAAACCCTA-1"
"5398","GGTAAACCACTAAGTT-1"
"5399","GGTAAACCAGACAAAC-1"
"5400","GGTAAACCAGCAAGTG-1"
"5401","GGTAAACCAGGCATCT-1"
"5402","GGTAAACCATAAAGCA-1"
"5403","GGTAAACCATGCTTAG-1"
"5404","GGTAACCGTAAAGCGG-1"
"5405","GGTAACCGTACGCGCA-1"
"5406","GGTAACCGTTAAGGTT-1"
"5407","GGTAACTTCACTTCAT-1"
"5408","GGTAACTTCCAGGGAG-1"
"5409","GGTAACTTCCGCACAA-1"
"5410","GGTAACTTCCTTTACG-1"
"5411","GGTAACTTCGGTACGC-1"
"5412","GGTAACTTCGTCCTTA-1"
"5413","GGTAACTTCTTGCAGG-1"
"5414","GGTAAGGGTATACTGG-1"
"5415","GGTAAGGGTGGGTACT-1"
"5416","GGTAAGGGTTAGTACG-1"
"5417","GGTAAGGGTTGCGCGA-1"
"5418","GGTAAGGGTTTCCGGC-1"
"5419","GGTAATTGTCATCAAG-1"
"5420","GGTAATTGTTGTAAAC-1"
"5421","GGTACAAAGCAAGGTA-1"
"5422","GGTACAAAGGAATAAC-1"
"5423","GGTACAAAGGACGTAA-1"
"5424","GGTACAAAGGCACAGG-1"
"5425","GGTACAAAGGCCTAAT-1"
"5426","GGTACAAAGGCTGTGC-1"
"5427","GGTACAAAGTTAGGCT-1"
"5428","GGTACCGGTAATCACG-1"
"5429","GGTACCGGTGACATAT-1"
"5430","GGTACCGGTTGTTCAC-1"
"5431","GGTACCGGTTTGTTGC-1"
"5432","GGTACTAGTAACTACG-1"
"5433","GGTACTAGTACGCGCA-1"
"5434","GGTACTAGTCGAAGTC-1"
"5435","GGTACTAGTGTCCAAA-1"
"5436","GGTACTAGTGTGTCCC-1"
"5437","GGTACTAGTTACTTCA-1"
"5438","GGTACTAGTTAGTTGG-1"
"5439","GGTACTAGTTCGCTTG-1"
"5440","GGTACTAGTTGCGCGA-1"
"5441","GGTACTTAGAGCCGCT-1"
"5442","GGTACTTAGGTCCTAG-1"
"5443","GGTACTTAGGTGAAGC-1"
"5444","GGTACTTAGTAGCGCC-1"
"5445","GGTAGGAGTAGCAGCT-1"
"5446","GGTAGGAGTAGGTTAT-1"
"5447","GGTAGGAGTCAATACG-1"
"5448","GGTATGTTCACAAGCT-1"
"5449","GGTATGTTCCTTGCAC-1"
"5450","GGTATGTTCGATTATG-1"
"5451","GGTATGTTCGGTACGC-1"
"5452","GGTATGTTCTTAGGGT-1"
"5453","GGTATTGGTGATTACG-1"
"5454","GGTATTGGTGTAATAC-1"
"5455","GGTATTGGTTAGACCA-1"
"5456","GGTATTGGTTTGGGCG-1"
"5457","GGTATTTCAGAATGAC-1"
"5458","GGTATTTCATAAGGAC-1"
"5459","GGTATTTCATAGACTT-1"
"5460","GGTCAAGCAAGGTGCA-1"
"5461","GGTCAAGCAATACTGT-1"
"5462","GGTCAAGCAATATAGG-1"
"5463","GGTCAAGCACCTGCTC-1"
"5464","GGTCAAGCACGTAATT-1"
"5465","GGTCAAGCAGGAAGCC-1"
"5466","GGTCAAGCAGTTATCG-1"
"5467","GGTCAATTCAGCAAAG-1"
"5468","GGTCAATTCAGCAAGA-1"
"5469","GGTCAATTCATGCGTG-1"
"5470","GGTCAATTCCCTCGCA-1"
"5471","GGTCAATTCTTGCAGG-1"
"5472","GGTCAGGAGCTCAATA-1"
"5473","GGTCAGGAGGAACACA-1"
"5474","GGTCAGGAGTTTCCTG-1"
"5475","GGTCATTAGGCCCAGT-1"
"5476","GGTCCATCACCATATG-1"
"5477","GGTCCGTAGGAACACA-1"
"5478","GGTCCGTAGTAACTCA-1"
"5479","GGTCCGTAGTAGAGGC-1"
"5480","GGTCCGTAGTCTCACC-1"
"5481","GGTCCTGCAAGCGAGC-1"
"5482","GGTCCTGCATAACGGG-1"
"5483","GGTCCTGCATGGTTAT-1"
"5484","GGTCCTGCATGTCAGC-1"
"5485","GGTCGGTTCACGAATC-1"
"5486","GGTCGGTTCCATAAGC-1"
"5487","GGTCGGTTCCGTTAAA-1"
"5488","GGTCTTGAGCTGTCAG-1"
"5489","GGTCTTGAGCTTTGTT-1"
"5490","GGTCTTGAGGAGTCGG-1"
"5491","GGTCTTTGTAAAGCAA-1"
"5492","GGTCTTTGTAACCTAG-1"
"5493","GGTCTTTGTCACAAAT-1"
"5494","GGTCTTTGTCTTTGAC-1"
"5495","GGTCTTTGTTAGCAGC-1"
"5496","GGTGAGCCAATGCGCT-1"
"5497","GGTGAGCCACACCAAC-1"
"5498","GGTGAGCCACCAGGTT-1"
"5499","GGTGAGCCAGGTTAAA-1"
"5500","GGTGAGCCATCGCTCC-1"
"5501","GGTGAGCCATGTTGGC-1"
"5502","GGTGAGGTCAACAAGG-1"
"5503","GGTGAGGTCAATTACG-1"
"5504","GGTGAGGTCACAAGCT-1"
"5505","GGTGAGGTCACACAGT-1"
"5506","GGTGAGGTCATGCTAA-1"
"5507","GGTGAGGTCCCTCATA-1"
"5508","GGTGAGGTCGAGGAAC-1"
"5509","GGTGAGGTCGCTAGTG-1"
"5510","GGTGAGGTCGGTTTGG-1"
"5511","GGTGAGGTCTCACTAT-1"
"5512","GGTGAGGTCTTAGTGA-1"
"5513","GGTGAGGTCTTTAAGG-1"
"5514","GGTGAGTAGCGATACT-1"
"5515","GGTGAGTAGCGATAGA-1"
"5516","GGTGAGTAGGACCGCT-1"
"5517","GGTGAGTAGTTCCTGC-1"
"5518","GGTGAGTAGTTTGGTA-1"
"5519","GGTGATTTCAGGTTTA-1"
"5520","GGTGATTTCATGGTTA-1"
"5521","GGTGATTTCGAGCTAT-1"
"5522","GGTGATTTCGTTTCGC-1"
"5523","GGTGCTGGTAATCCCT-1"
"5524","GGTGCTGGTTGGTTCT-1"
"5525","GGTGCTTCAACCCTCC-1"
"5526","GGTGCTTCAAGGGTTG-1"
"5527","GGTGCTTCAATAGCCC-1"
"5528","GGTGCTTCACTAAGCC-1"
"5529","GGTGCTTCATAAGTTC-1"
"5530","GGTGCTTCATCCTAGA-1"
"5531","GGTGCTTCATTTAAGC-1"
"5532","GGTGTCCAGCAAGGTA-1"
"5533","GGTGTCCAGCACCACA-1"
"5534","GGTGTCCAGCTAATTG-1"
"5535","GGTGTCCAGGCAATAG-1"
"5536","GGTGTGACAATATGGA-1"
"5537","GGTGTGACACATACTG-1"
"5538","GGTGTGACACGGTTTA-1"
"5539","GGTGTGACATAATCAC-1"
"5540","GGTGTTGTCCCTGGTT-1"
"5541","GGTGTTGTCTGTAATG-1"
"5542","GGTTAATGTAAGCTCA-1"
"5543","GGTTAATGTAATCCCT-1"
"5544","GGTTAATGTCATTGTC-1"
"5545","GGTTAATGTGTTTGCT-1"
"5546","GGTTAATGTTACTTGC-1"
"5547","GGTTAATGTTTGCGCC-1"
"5548","GGTTACCCAACCCTCC-1"
"5549","GGTTACCCAGCTAACC-1"
"5550","GGTTACCCAGTTATCG-1"
"5551","GGTTACTAGCCACAAT-1"
"5552","GGTTACTAGGAAACTG-1"
"5553","GGTTACTAGGTTACAC-1"
"5554","GGTTAGCGTGGTGAGA-1"
"5555","GGTTAGCGTTAGAGCC-1"
"5556","GGTTAGCGTTCATCTA-1"
"5557","GGTTAGCGTTGCTGGG-1"
"5558","GGTTATATCATAACCA-1"
"5559","GGTTATATCGGGACTC-1"
"5560","GGTTATATCTCACTAT-1"
"5561","GGTTATATCTTGCAGG-1"
"5562","GGTTATGGTGCATTTC-1"
"5563","GGTTATGGTTAAATGC-1"
"5564","GGTTCCCGTAATCCCT-1"
"5565","GGTTCCCGTAGGTGTC-1"
"5566","GGTTCCCGTAGTTAAC-1"
"5567","GGTTCCCGTCATGCAA-1"
"5568","GGTTCCCGTGCTGTAA-1"
"5569","GGTTCCCGTTGGATCA-1"
"5570","GGTTCTTGTAACGTGC-1"
"5571","GGTTCTTGTAGCCATA-1"
"5572","GGTTCTTGTGAAGCCT-1"
"5573","GGTTCTTGTTCATCTA-1"
"5574","GGTTGACGTTGCATCT-1"
"5575","GGTTGAGCAGGAACCA-1"
"5576","GGTTGAGCATTATGGT-1"
"5577","GGTTGCATCAGAAACG-1"
"5578","GGTTGCATCCCTCAGT-1"
"5579","GGTTGCATCCCTGGTT-1"
"5580","GGTTGCATCGGTCAGC-1"
"5581","GGTTGCATCTTAAGTG-1"
"5582","GGTTGCATCTTGTCTG-1"
"5583","GGTTGCGGTAGCAGCT-1"
"5584","GGTTGCGGTCGAAGTC-1"
"5585","GGTTGCGGTGAGGTAG-1"
"5586","GGTTGCGGTGATGGCT-1"
"5587","GGTTGCGGTGCAACTA-1"
"5588","GGTTGCGGTGTGAGAG-1"
"5589","GGTTGCGGTGTGCAAC-1"
"5590","GGTTGCTCATAATCAC-1"
"5591","GGTTGCTCATGTTTGG-1"
"5592","GGTTGGTGTCAAGACC-1"
"5593","GGTTGGTGTCATCAAG-1"
"5594","GGTTGGTGTCCGCTGT-1"
"5595","GGTTGGTGTTTATGGG-1"
"5596","GGTTTAATCAAGCCTG-1"
"5597","GGTTTAATCCTCCTAA-1"
"5598","GGTTTAATCTAATCCT-1"
"5599","GGTTTCCTCAGGCCTA-1"
"5600","GGTTTCCTCAGTGAAG-1"
"5601","GGTTTCCTCATGCTAA-1"
"5602","GGTTTCCTCGTACCGA-1"
"5603","GGTTTCCTCTCTAGCC-1"
"5604","GGTTTCTGTAGACAAA-1"
"5605","GGTTTCTGTATACTGG-1"
"5606","GGTTTCTGTATTGTCC-1"
"5607","GGTTTCTGTTGTAAAC-1"
"5608","GGTTTGTAGGGATGAC-1"
"5609","GGTTTGTAGGGCTTTG-1"
"5610","GGTTTGTAGGTTTGCG-1"
"5611","GGTTTGTAGTAAGAAC-1"
"5612","GGTTTGTAGTGCTGTG-1"
"5613","GGTTTGTAGTTACCGG-1"
"5614","GGTTTGTAGTTTGCGG-1"
"5615","GTAAAGCCAATATACC-1"
"5616","GTAAAGCCAATTATGC-1"
"5617","GTAAAGCCAGAGGCTA-1"
"5618","GTAAAGCCAGGACCTT-1"
"5619","GTAAAGCCAGGGAGGA-1"
"5620","GTAAGCAAGACTAAGG-1"
"5621","GTAAGCAAGCGTGCGT-1"
"5622","GTAAGCAAGCTTGCTC-1"
"5623","GTAAGCAAGTCATTTC-1"
"5624","GTAAGCAAGTTGCGTG-1"
"5625","GTAAGCGCAATAGTCT-1"
"5626","GTAAGCGCAATTTGGT-1"
"5627","GTAAGCGCAGCATGGA-1"
"5628","GTAAGCGCAGTAAAGC-1"
"5629","GTAAGCGCATAATTGC-1"
"5630","GTAAGCGCATTGTCCT-1"
"5631","GTAAGCTTCATGAAGG-1"
"5632","GTAAGCTTCCACCCTG-1"
"5633","GTAAGCTTCCACCTTA-1"
"5634","GTAAGCTTCCTCAGTC-1"
"5635","GTAAGCTTCTATTGTC-1"
"5636","GTAAGGTCAAGTTATC-1"
"5637","GTAAGGTCAATAAGCA-1"
"5638","GTAAGGTCACGGTACT-1"
"5639","GTAAGGTCAGAACCGA-1"
"5640","GTAAGGTCATAATCCG-1"
"5641","GTAAGGTCATTATGCG-1"
"5642","GTAATAGCACAGGAAT-1"
"5643","GTAATAGCACGTAAGG-1"
"5644","GTAATAGCACTCGCTC-1"
"5645","GTAATAGCATTGTTGG-1"
"5646","GTACAATGTAAATTGC-1"
"5647","GTACAATGTATGGTGC-1"
"5648","GTACAATGTGAACAAA-1"
"5649","GTACAATGTGAGCGAA-1"
"5650","GTACAATGTGTCCAGG-1"
"5651","GTACAATGTTAGAGGG-1"
"5652","GTACAATGTTGGTGAC-1"
"5653","GTACAATGTTGTGACA-1"
"5654","GTACACCCAAAGCTCC-1"
"5655","GTACACCCAAGGGTTG-1"
"5656","GTACACCCAATTATGC-1"
"5657","GTACACCCAGTAGGTG-1"
"5658","GTACCGGGTGCTGTAA-1"
"5659","GTACCGGGTTTGAGCA-1"
"5660","GTACCTTGTGATGAAA-1"
"5661","GTACGTAGTAAATTGC-1"
"5662","GTACGTAGTCAAAGGG-1"
"5663","GTACGTAGTCCGTAGG-1"
"5664","GTACGTAGTTTACCGT-1"
"5665","GTACTAATCACTTTAC-1"
"5666","GTACTAATCCCTGATC-1"
"5667","GTACTAATCCGCAACA-1"
"5668","GTACTAATCCTTGCGT-1"
"5669","GTACTAATCTTGACCC-1"
"5670","GTACTAGGTTATCGAG-1"
"5671","GTACTGGTCGAAGTGA-1"
"5672","GTACTGGTCGTTAACA-1"
"5673","GTACTTAAGCGAGCGA-1"
"5674","GTACTTAAGTAACTCA-1"
"5675","GTACTTAAGTCACTCC-1"
"5676","GTACTTCGTAGGTGTC-1"
"5677","GTACTTCGTGACCTGG-1"
"5678","GTACTTCGTGGGTACT-1"
"5679","GTACTTCGTTGTCCAT-1"
"5680","GTAGCCATCGCTAGTG-1"
"5681","GTAGCGCTCAGCATTA-1"
"5682","GTAGCGCTCATTTGTC-1"
"5683","GTAGCGCTCCAAGTTA-1"
"5684","GTAGCTGTCAAGCGCC-1"
"5685","GTAGCTGTCACCTGTC-1"
"5686","GTAGCTGTCCTAAGAC-1"
"5687","GTAGCTGTCTTTGACT-1"
"5688","GTAGCTGTCTTTGTAC-1"
"5689","GTAGGAGGTATTGTGG-1"
"5690","GTAGGAGGTGAGGTAG-1"
"5691","GTAGGAGGTGCGCGTA-1"
"5692","GTAGGAGGTTCCAGGG-1"
"5693","GTAGGATCACACCAAC-1"
"5694","GTAGGCGAGATGCCTG-1"
"5695","GTAGGCGAGCTATTAG-1"
"5696","GTAGGCGAGGCCTGGT-1"
"5697","GTAGGCGAGGCGCACT-1"
"5698","GTAGGCGAGGCGTAAA-1"
"5699","GTAGGCGAGTCCTTCA-1"
"5700","GTAGGTGCAAGACTCC-1"
"5701","GTAGGTGCAGCCAGAA-1"
"5702","GTAGGTGCAGGAACAT-1"
"5703","GTAGGTGCAGGCCTTG-1"
"5704","GTAGTTATCAGGCTAT-1"
"5705","GTAGTTATCCATAATG-1"
"5706","GTAGTTATCGCTAGCA-1"
"5707","GTAGTTATCTGTTGCC-1"
"5708","GTAGTTTCAAATACCT-1"
"5709","GTAGTTTCAACACTTG-1"
"5710","GTAGTTTCAAGCGATG-1"
"5711","GTAGTTTCACAGAAAC-1"
"5712","GTAGTTTCACATAACT-1"
"5713","GTAGTTTCACGAATTT-1"
"5714","GTAGTTTCAGCAAGTG-1"
"5715","GTAGTTTCATAGTCAT-1"
"5716","GTAGTTTCATGGCCTG-1"
"5717","GTATCGCCAGCTACGT-1"
"5718","GTATCGCCAGGAACCA-1"
"5719","GTATCGCCATTAAGTC-1"
"5720","GTATGTTCAAGACTCC-1"
"5721","GTATGTTCAATAGCAA-1"
"5722","GTATGTTCACAAGCCT-1"
"5723","GTATGTTCACAGAAAC-1"
"5724","GTATGTTCAGCAAGGC-1"
"5725","GTATGTTCAGCCAGTT-1"
"5726","GTATGTTCATGTGGGA-1"
"5727","GTATTCAAGCAGGTTT-1"
"5728","GTATTCAAGCGGATAA-1"
"5729","GTATTCAAGCTCATAA-1"
"5730","GTATTCAAGGCGGATG-1"
"5731","GTATTGATCAACCAAC-1"
"5732","GTATTGATCTAATCTC-1"
"5733","GTATTGATCTGCAAAC-1"
"5734","GTATTGATCTTAGGGT-1"
"5735","GTATTGCAGTACTGGT-1"
"5736","GTATTGCAGTGAACCT-1"
"5737","GTATTGTCACCCACCT-1"
"5738","GTATTGTCAGCAATAA-1"
"5739","GTATTGTCAGCATGGA-1"
"5740","GTATTGTCATTCCTCG-1"
"5741","GTCAAACTCATGGCTG-1"
"5742","GTCAAACTCATTGCAA-1"
"5743","GTCAAACTCCCTCAGT-1"
"5744","GTCAAACTCGCTCACT-1"
"5745","GTCAATATCAAACCTA-1"
"5746","GTCAATATCAATGTCA-1"
"5747","GTCAATATCCGCTAGA-1"
"5748","GTCAATATCCGGTATG-1"
"5749","GTCAATATCCTACCTA-1"
"5750","GTCAATATCCTTAATC-1"
"5751","GTCAATATCCTTTACG-1"
"5752","GTCAATATCTGGCATG-1"
"5753","GTCAGGCTCAATAGCC-1"
"5754","GTCAGGCTCACAGACT-1"
"5755","GTCAGGCTCATAACCA-1"
"5756","GTCAGGCTCCCGTTAC-1"
"5757","GTCAGGCTCGAGCAAA-1"
"5758","GTCAGGCTCGCTCACT-1"
"5759","GTCAGGCTCGTTACAA-1"
"5760","GTCAGGCTCTCATCAT-1"
"5761","GTCATCACAAGATTCT-1"
"5762","GTCATCACACCGTTCC-1"
"5763","GTCATCACACGGTACT-1"
"5764","GTCATCCTCATTAGGC-1"
"5765","GTCATCCTCCCGTTGT-1"
"5766","GTCATCCTCGAGCAAA-1"
"5767","GTCATCCTCGCATTAA-1"
"5768","GTCATCCTCGCTATGG-1"
"5769","GTCATCCTCGGTAACT-1"
"5770","GTCATGAGTCAGTAAT-1"
"5771","GTCATGAGTCTCACTG-1"
"5772","GTCATGAGTGGATTAT-1"
"5773","GTCATGCCACCTAAGC-1"
"5774","GTCATGCCAGCACGAA-1"
"5775","GTCATGCCATGTTGGC-1"
"5776","GTCATTAAGAGGAAGG-1"
"5777","GTCATTAAGGAGCAAC-1"
"5778","GTCATTAAGTAATCCA-1"
"5779","GTCATTAAGTCCTTCA-1"
"5780","GTCCAAGTCATTAGGC-1"
"5781","GTCCAAGTCCGTTAAA-1"
"5782","GTCCAAGTCCTAAGAC-1"
"5783","GTCCAAGTCGACCTGA-1"
"5784","GTCCAAGTCGCTTGCT-1"
"5785","GTCCAAGTCGGTCAGC-1"
"5786","GTCCAGGGTTAGGCGT-1"
"5787","GTCCAGGGTTCATTTG-1"
"5788","GTCCAGGGTTTACCGT-1"
"5789","GTCCATTGTCTCACTG-1"
"5790","GTCCATTGTCTTTGAC-1"
"5791","GTCCATTGTTAGACCA-1"
"5792","GTCCGTAAGCGGCTGT-1"
"5793","GTCCGTAAGGAGGTTA-1"
"5794","GTCCGTAAGGCTTAAC-1"
"5795","GTCCGTAAGTAAACCC-1"
"5796","GTCCGTAAGTTAACCA-1"
"5797","GTCCTAGAGCCGCAAC-1"
"5798","GTCCTAGAGCTATGAC-1"
"5799","GTCCTCAGTTCCTGTG-1"
"5800","GTCCTCAGTTGACTTC-1"
"5801","GTCCTCCCAACAACAA-1"
"5802","GTCCTCCCAACTCGCG-1"
"5803","GTCCTCCCAATACTGT-1"
"5804","GTCCTCCCACCTATAG-1"
"5805","GTCCTCCCACGTAATT-1"
"5806","GTCCTCCCACTTACAG-1"
"5807","GTCCTCCCAGCTTAGC-1"
"5808","GTCCTCCCAGTTTCTC-1"
"5809","GTCGAAGCACATAGCC-1"
"5810","GTCGAGGAGCTGGACC-1"
"5811","GTCGAGGAGTCTCACC-1"
"5812","GTCGAGGAGTGAGAGC-1"
"5813","GTCGCAATCACAAGCT-1"
"5814","GTCGCAATCACTTTAC-1"
"5815","GTCGCAATCATGCTAA-1"
"5816","GTCGCAATCATGCTTT-1"
"5817","GTCGCAATCCACCTGT-1"
"5818","GTCGCAATCCTTGCGT-1"
"5819","GTCGCAATCTGTGCCT-1"
"5820","GTCGCAATCTTGCTAT-1"
"5821","GTCGGTTCAATAATCC-1"
"5822","GTCGGTTCACAGACTC-1"
"5823","GTCGGTTCATGCTTAG-1"
"5824","GTCGGTTCATTTGCTC-1"
"5825","GTCTAACAGCACAGCC-1"
"5826","GTCTAACAGCCTAACG-1"
"5827","GTCTAACAGGAACACA-1"
"5828","GTCTAACAGGACAATG-1"
"5829","GTCTAACAGGATAAAC-1"
"5830","GTCTAACAGGCCTAAT-1"
"5831","GTCTAACAGGCTTAAC-1"
"5832","GTCTAACAGTCACTCC-1"
"5833","GTCTAATCAAACTAAG-1"
"5834","GTCTAATCACAACAAA-1"
"5835","GTCTAATCAGAGGCTA-1"
"5836","GTCTAATCAGCAACAG-1"
"5837","GTCTAATCAGCTCATA-1"
"5838","GTCTAATCAGGATGGC-1"
"5839","GTCTAATCAGTTGCGT-1"
"5840","GTCTAATCATCAGCAC-1"
"5841","GTCTAGCCAACCTAAT-1"
"5842","GTCTAGCCAAGCTACC-1"
"5843","GTCTAGCCAATTGAAG-1"
"5844","GTCTAGCCAGCCTGCA-1"
"5845","GTCTAGCCAGGGAGCT-1"
"5846","GTCTAGCCAGTAAAGC-1"
"5847","GTCTAGCCATCCCGCT-1"
"5848","GTCTAGCCATTGTGGC-1"
"5849","GTCTATCGTACGTTTC-1"
"5850","GTCTATCGTAGCAGCT-1"
"5851","GTCTATCGTAGGTTTG-1"
"5852","GTCTATGCAAATACCT-1"
"5853","GTCTATGCAATCCTGA-1"
"5854","GTCTATGCACACTAAT-1"
"5855","GTCTATGCACTGGCCA-1"
"5856","GTCTATGCAGGACCAA-1"
"5857","GTCTATGCATAAAGCA-1"
"5858","GTCTCACTCTAATTGG-1"
"5859","GTCTTGCTCTCTAGCC-1"
"5860","GTCTTTAGTTACTTGC-1"
"5861","GTCTTTAGTTCATTTG-1"
"5862","GTCTTTGTCAAATCGC-1"
"5863","GTCTTTGTCAATCATG-1"
"5864","GTCTTTGTCCACCCTG-1"
"5865","GTCTTTGTCCGCCTCA-1"
"5866","GTCTTTGTCTGGCATG-1"
"5867","GTCTTTGTCTGTGCCT-1"
"5868","GTCTTTGTCTTGTTCG-1"
"5869","GTGAACAAGGTTAGAG-1"
"5870","GTGAACAAGTAAGAAC-1"
"5871","GTGAACAAGTACCGCA-1"
"5872","GTGAACAAGTTTAACG-1"
"5873","GTGAATCTCCTCAGCT-1"
"5874","GTGAATCTCGACAAAG-1"
"5875","GTGAATCTCGGCCAGT-1"
"5876","GTGAATCTCGGGACCT-1"
"5877","GTGAATCTCTCACATT-1"
"5878","GTGAGCGAGCCACATG-1"
"5879","GTGAGGAGTATTCGTC-1"
"5880","GTGAGGAGTCATAACG-1"
"5881","GTGATCAGTCACAAAT-1"
"5882","GTGATCAGTTCCGGCT-1"
"5883","GTGATCAGTTCCGGGA-1"
"5884","GTGATGAAGGCTGTCA-1"
"5885","GTGATGAAGTATTGTG-1"
"5886","GTGATGAAGTCGCTAG-1"
"5887","GTGCAAGCAAAGCGGC-1"
"5888","GTGCAAGCAACTAACT-1"
"5889","GTGCAAGCACATTAAC-1"
"5890","GTGCAAGCACGCAACT-1"
"5891","GTGCAAGCAGCAATAA-1"
"5892","GTGCAAGCAGCATGAG-1"
"5893","GTGCAAGCAGGAACTG-1"
"5894","GTGCAAGCATTGCAGC-1"
"5895","GTGCACGGTAGGTTTG-1"
"5896","GTGCACGGTCCTTAGT-1"
"5897","GTGCACGGTCTCACTG-1"
"5898","GTGCACGGTTAGCCAA-1"
"5899","GTGCACGGTTGTGACA-1"
"5900","GTGCACGGTTTAGTCC-1"
"5901","GTGCATTAGACTAAGG-1"
"5902","GTGCATTAGCACGATT-1"
"5903","GTGCATTAGCCGGTAC-1"
"5904","GTGCATTAGCGGCTGT-1"
"5905","GTGCATTAGCTAAGTC-1"
"5906","GTGCATTAGGCATTGT-1"
"5907","GTGCATTAGGCCCAGT-1"
"5908","GTGCATTAGGCGGATG-1"
"5909","GTGCATTAGTTGGGCC-1"
"5910","GTGCCTTTCACAGGAA-1"
"5911","GTGCCTTTCATGCTTT-1"
"5912","GTGCCTTTCGTTAAGC-1"
"5913","GTGCCTTTCTCATCAT-1"
"5914","GTGCGCAGTAATGACT-1"
"5915","GTGCGCAGTATTTGCC-1"
"5916","GTGCGCAGTTGCGGAT-1"
"5917","GTGCGGTTCACATTGA-1"
"5918","GTGCGGTTCATGGTTA-1"
"5919","GTGCGGTTCATTAGTG-1"
"5920","GTGCGGTTCCCTGGTT-1"
"5921","GTGCGGTTCCGCATGA-1"
"5922","GTGCGGTTCGAAGTGA-1"
"5923","GTGCGGTTCTTGATGA-1"
"5924","GTGCTCAAGACTAAGG-1"
"5925","GTGCTCAAGCTGAGGG-1"
"5926","GTGCTCAAGTCATGCG-1"
"5927","GTGCTCAAGTGTTGTA-1"
"5928","GTGCTCCGTCCGTAGG-1"
"5929","GTGCTCCGTCCTTCTC-1"
"5930","GTGCTCCGTGAACAAA-1"
"5931","GTGCTCCGTGTCCAAA-1"
"5932","GTGCTCCGTTACTTCA-1"
"5933","GTGCTCCGTTCTTTAG-1"
"5934","GTGCTCCGTTTGCGCC-1"
"5935","GTGCTGATCCACCTTA-1"
"5936","GTGCTGATCCTAATGA-1"
"5937","GTGCTGATCCTGATTT-1"
"5938","GTGCTGATCGCTCACT-1"
"5939","GTGCTGATCTTGCTAT-1"
"5940","GTGCTGGGTACCTTAC-1"
"5941","GTGCTGGGTCACCAAA-1"
"5942","GTGCTGGGTGTGCACG-1"
"5943","GTGCTGGGTTGTCCAT-1"
"5944","GTGCTGGGTTTAGTCC-1"
"5945","GTGCTGGGTTTATCGC-1"
"5946","GTGCTGGGTTTCCTCC-1"
"5947","GTGCTTACAATGAGGT-1"
"5948","GTGCTTACACACAATT-1"
"5949","GTGCTTACACCTGGTG-1"
"5950","GTGCTTACAGAATGAC-1"
"5951","GTGCTTACAGTTTGTG-1"
"5952","GTGCTTACATGAATAG-1"
"5953","GTGCTTCTCAAACCTA-1"
"5954","GTGCTTCTCAATCTCT-1"
"5955","GTGCTTCTCATTACAG-1"
"5956","GTGCTTCTCCAGGGAG-1"
"5957","GTGCTTCTCGCTATAA-1"
"5958","GTGCTTCTCTCCTCTT-1"
"5959","GTGGACACACGAATTT-1"
"5960","GTGGACACAGCGCTTG-1"
"5961","GTGGACACATAGGCGA-1"
"5962","GTGGACACATCTAGCA-1"
"5963","GTGGACACATGCTATG-1"
"5964","GTGGATGCAGCACCAT-1"
"5965","GTGGATGCAGGCTACT-1"
"5966","GTGGATGCAGTTTCTC-1"
"5967","GTGGATGCATCCGTAA-1"
"5968","GTGGATGCATGCTTAG-1"
"5969","GTGGCTTCAGGCTTCG-1"
"5970","GTGGTTAGTAATAGCT-1"
"5971","GTGGTTAGTATACTGG-1"
"5972","GTGGTTAGTATTGAGT-1"
"5973","GTGGTTAGTCTTGCAT-1"
"5974","GTGGTTAGTGCGCAAT-1"
"5975","GTGGTTAGTTAGCCAA-1"
"5976","GTGGTTAGTTTAACGG-1"
"5977","GTGTAACTCCCTGGAA-1"
"5978","GTGTCCAAGCCTGTTC-1"
"5979","GTGTCCAAGTAACAGG-1"
"5980","GTGTCCAAGTTAGCTA-1"
"5981","GTGTGAGCACCTAATG-1"
"5982","GTGTGAGCACCTGCTC-1"
"5983","GTGTGCGGTAACTACG-1"
"5984","GTGTGCGGTCCTAAGA-1"
"5985","GTGTGCGGTCTAACAG-1"
"5986","GTGTGCGGTTTCAGGA-1"
"5987","GTGTGTTAGCTCAAAC-1"
"5988","GTGTTACAGAAAGCAT-1"
"5989","GTGTTACAGCATGAAG-1"
"5990","GTGTTACAGCGCCTAA-1"
"5991","GTGTTACAGCTCAATA-1"
"5992","GTGTTACAGTAGGCGG-1"
"5993","GTGTTCCTCATGCAAC-1"
"5994","GTGTTCCTCCCGAACA-1"
"5995","GTGTTCCTCCGGAACC-1"
"5996","GTGTTCCTCGCAATCG-1"
"5997","GTGTTCCTCTACTAAG-1"
"5998","GTGTTCCTCTCGCCTG-1"
"5999","GTGTTCCTCTTAGTCT-1"
"6000","GTTAAACGTCCGTGAG-1"
"6001","GTTAACCAGCGAAGTA-1"
"6002","GTTAACCAGTTACCGG-1"
"6003","GTTAACGGTAACCACA-1"
"6004","GTTAACGGTGCTCCAC-1"
"6005","GTTAACGGTTAGTGAT-1"
"6006","GTTAACGGTTGGTTCT-1"
"6007","GTTAAGCTCACAGACT-1"
"6008","GTTAAGCTCAGGCCTA-1"
"6009","GTTAAGCTCGAGCAAA-1"
"6010","GTTAAGCTCTAAGTCA-1"
"6011","GTTAAGTGTCTTGCAT-1"
"6012","GTTAAGTGTTCATTTG-1"
"6013","GTTAAGTGTTGTTCAC-1"
"6014","GTTAATGTCTAAGTGC-1"
"6015","GTTAATGTCTGGTCCT-1"
"6016","GTTACAGGTATCTGGA-1"
"6017","GTTACAGGTTGTGACA-1"
"6018","GTTACCTGTAACAGGG-1"
"6019","GTTACCTGTGGAGCAA-1"
"6020","GTTACCTGTGGTGAGA-1"
"6021","GTTACCTGTGGTTCTT-1"
"6022","GTTACCTGTTGTCCAT-1"
"6023","GTTACCTGTTTCCTCC-1"
"6024","GTTACGCCACAAAGGT-1"
"6025","GTTACGCCAGATTCAT-1"
"6026","GTTACGCCAGCATGGA-1"
"6027","GTTACGCCAGTAGGTG-1"
"6028","GTTACGCCAGTGAACG-1"
"6029","GTTACGCCATTTAAGC-1"
"6030","GTTACGTAGAATGACG-1"
"6031","GTTACGTAGCTTGCTC-1"
"6032","GTTACGTAGGAGTAAT-1"
"6033","GTTACGTAGTCATCCC-1"
"6034","GTTACTCGTTAGTTGG-1"
"6035","GTTACTCGTTGGCGTG-1"
"6036","GTTAGACTCAGCATTA-1"
"6037","GTTAGACTCAGGATGA-1"
"6038","GTTAGACTCATAACTG-1"
"6039","GTTAGACTCATCCTAT-1"
"6040","GTTAGACTCTATTGTC-1"
"6041","GTTAGACTCTTGAGGT-1"
"6042","GTTAGGCGTAGGTGTC-1"
"6043","GTTAGGCGTCACAGAC-1"
"6044","GTTAGGCGTTATCGAG-1"
"6045","GTTCACCTCATCCACC-1"
"6046","GTTCACCTCATGACCG-1"
"6047","GTTCACCTCATGCTAA-1"
"6048","GTTCACCTCCAAATCA-1"
"6049","GTTCACCTCCATTACT-1"
"6050","GTTCACCTCCCTCAGT-1"
"6051","GTTCACCTCCTTGCAC-1"
"6052","GTTCACCTCGTTAACA-1"
"6053","GTTCACCTCTAACCTT-1"
"6054","GTTCATTTCCCGAACA-1"
"6055","GTTCATTTCTTGACCC-1"
"6056","GTTCCCAGTAGCAGCT-1"
"6057","GTTCCCAGTGTTAAAC-1"
"6058","GTTCCTGGTGCAATGC-1"
"6059","GTTCCTGGTGCGCAAT-1"
"6060","GTTCCTGGTGGGTACT-1"
"6061","GTTCCTTCAACTAGAA-1"
"6062","GTTCCTTCACAGGATG-1"
"6063","GTTCCTTCAGCCAGTT-1"
"6064","GTTCCTTCAGCTTACA-1"
"6065","GTTCCTTCATCAGCAC-1"
"6066","GTTCCTTCATCATGGC-1"
"6067","GTTCCTTCATGAATCT-1"
"6068","GTTCCTTCATGACTAT-1"
"6069","GTTCGCGCAAACATAG-1"
"6070","GTTCGCGCAAACGCGA-1"
"6071","GTTCGCGCACATAACT-1"
"6072","GTTCGCGCACTAGCGT-1"
"6073","GTTCGCGCACTTACAG-1"
"6074","GTTCGCTTCAAGCCTG-1"
"6075","GTTCGCTTCCAGGTTG-1"
"6076","GTTCGCTTCCGCCTCA-1"
"6077","GTTCGCTTCCTAAGAC-1"
"6078","GTTCGCTTCGCAACAT-1"
"6079","GTTCGCTTCTGTAAGC-1"
"6080","GTTCTCATCATCAGTA-1"
"6081","GTTCTCATCGAAGTAG-1"
"6082","GTTCTCATCTAACTGA-1"
"6083","GTTCTTGTCAATGTCA-1"
"6084","GTTCTTGTCAGCAAAG-1"
"6085","GTTCTTGTCATTGCGG-1"
"6086","GTTCTTGTCGGGACTC-1"
"6087","GTTGCATAGCCTAATA-1"
"6088","GTTGCATAGCGGATTT-1"
"6089","GTTGCATAGCTACTGG-1"
"6090","GTTGCATAGCTTGCTC-1"
"6091","GTTGCATAGGCATGTT-1"
"6092","GTTGCATAGGTACCGC-1"
"6093","GTTGCATAGTATTGCA-1"
"6094","GTTGCATAGTTGCGTG-1"
"6095","GTTGCCCGTAATCACG-1"
"6096","GTTGCCCGTTCAAGAT-1"
"6097","GTTGCGGGTCAATACG-1"
"6098","GTTGCGGGTGACCTGG-1"
"6099","GTTGCGGGTGTAATAC-1"
"6100","GTTGCGGGTTGAAGCC-1"
"6101","GTTGCTGAGCATTAGC-1"
"6102","GTTGCTGAGCTCCCTG-1"
"6103","GTTGCTGAGGAGGGTT-1"
"6104","GTTGCTGAGGCAACAA-1"
"6105","GTTGCTGAGGCGAAAC-1"
"6106","GTTGGAGCAAACGCGA-1"
"6107","GTTGGAGCACCAGCAT-1"
"6108","GTTGGAGCAGGAACCA-1"
"6109","GTTGGAGCATAGACCC-1"
"6110","GTTGGCCAGCTGGACC-1"
"6111","GTTGGCCAGTTTGGTA-1"
"6112","GTTGGCGGTAAAGCGG-1"
"6113","GTTGGCGGTACAAAGA-1"
"6114","GTTGGCGGTATCTGGA-1"
"6115","GTTGGCGGTGAGCACT-1"
"6116","GTTGGCGGTGCTTTAC-1"
"6117","GTTGGCGGTTACTTCA-1"
"6118","GTTGGCGGTTCATCTA-1"
"6119","GTTGTGAGTCACAGCG-1"
"6120","GTTGTGAGTGGAGCAA-1"
"6121","GTTGTGAGTGTCACGG-1"
"6122","GTTGTGAGTTACGCAA-1"
"6123","GTTGTTGCAACAACAA-1"
"6124","GTTGTTGCAAGTTATC-1"
"6125","GTTGTTGCAATCTCTC-1"
"6126","GTTGTTGCACCCTCAC-1"
"6127","GTTGTTGCATGAATCT-1"
"6128","GTTTAACCAAATTCGT-1"
"6129","GTTTAACCAATTTGGT-1"
"6130","GTTTAACCACGAACAG-1"
"6131","GTTTAACCAGAAATGC-1"
"6132","GTTTAACCAGGCTACT-1"
"6133","GTTTAACCATAGTCAT-1"
"6134","GTTTACCGTACCGTTT-1"
"6135","GTTTACCGTCACGAAC-1"
"6136","GTTTACCGTGTTAAAC-1"
"6137","GTTTACCGTGTTGTGA-1"
"6138","GTTTACCGTTTATTCG-1"
"6139","GTTTAGCAGCGAGCGA-1"
"6140","GTTTAGCAGCGCCTTT-1"
"6141","GTTTAGCAGGCCTGGT-1"
"6142","GTTTAGCAGGTAAGCA-1"
"6143","GTTTAGCAGGTTTACA-1"
"6144","GTTTAGCAGTGAACAG-1"
"6145","GTTTAGCAGTTAGCCG-1"
"6146","GTTTATCTCACCAATA-1"
"6147","GTTTATCTCAGGATGA-1"
"6148","GTTTATCTCATCACTT-1"
"6149","GTTTATCTCATCCTAT-1"
"6150","GTTTATCTCCTTTACG-1"
"6151","GTTTATCTCGGTACGC-1"
"6152","GTTTATCTCGGTTCCT-1"
"6153","GTTTATCTCTTAGGAC-1"
"6154","GTTTCAGCACCGGTAT-1"
"6155","GTTTCAGCACTAAATC-1"
"6156","GTTTCAGCAGTTTCTC-1"
"6157","GTTTCAGCATAACGGG-1"
"6158","GTTTCAGCATCCAGGT-1"
"6159","GTTTCCTCACAGAACG-1"
"6160","GTTTCCTCAGAAACGT-1"
"6161","GTTTCCTCATAAGCAA-1"
"6162","GTTTCCTCATAAGTCT-1"
"6163","GTTTCTAGTATTGAGT-1"
"6164","GTTTCTAGTTCAAGCA-1"
"6165","GTTTGCTGTACCTTAC-1"
"6166","GTTTGCTGTGGCTTCC-1"
"6167","GTTTGCTGTTAGCAGC-1"
"6168","GTTTGCTGTTAGCTGA-1"
"6169","GTTTGCTGTTCGGTAA-1"
"6170","GTTTGTAAGGTTAGCT-1"
"6171","GTTTGTAAGTCAGTAC-1"
"6172","GTTTGTAAGTTTGCGG-1"
"6173","GTTTGTCGTACAATGT-1"
"6174","GTTTGTCGTGTGTCCC-1"
"6175","GTTTGTCGTTAACAGT-1"
"6176","GTTTGTTTCAATGTGC-1"
"6177","GTTTGTTTCAGGAACA-1"
"6178","GTTTGTTTCATGACCG-1"
"6179","GTTTGTTTCATTACTC-1"
"6180","GTTTGTTTCGTGCCTT-1"
"6181","GTTTGTTTCGTTAAGC-1"
"6182","TAAACAGCAAACCTTG-1"
"6183","TAAACAGCAAGGATTA-1"
"6184","TAAACAGCAATTAGCT-1"
"6185","TAAACAGCACACCAAC-1"
"6186","TAAACAGCAGCATGTC-1"
"6187","TAAACAGCAGTAGCCT-1"
"6188","TAAACAGCATAATGTC-1"
"6189","TAAACAGCATAGCAGG-1"
"6190","TAAACAGCATAGCTGC-1"
"6191","TAAACAGCATTAGCGC-1"
"6192","TAAAGCCTCACGCCAA-1"
"6193","TAAAGCCTCCAAGTTA-1"
"6194","TAAAGCCTCCTCAGCT-1"
"6195","TAACAAGCAACCCTCC-1"
"6196","TAACAAGCAATATACC-1"
"6197","TAACAAGCAGCATTAT-1"
"6198","TAACAAGCATAAGTCT-1"
"6199","TAACCAGGTCAAAGAA-1"
"6200","TAACCAGGTCATTGTC-1"
"6201","TAACCAGGTGGAAGGC-1"
"6202","TAACCGGTCAATGTGC-1"
"6203","TAACCGGTCAGGCCTA-1"
"6204","TAACCGGTCATTGCAA-1"
"6205","TAACCGGTCGCTAGAT-1"
"6206","TAACCGGTCGTTCACC-1"
"6207","TAACCTAAGCTATATG-1"
"6208","TAACCTAAGGAGGTTA-1"
"6209","TAACCTAAGGGTGAAC-1"
"6210","TAACCTAAGTAACAGG-1"
"6211","TAAGCCAGTCACAGCG-1"
"6212","TAAGCCAGTCATGCAA-1"
"6213","TAAGCCAGTTAACGAT-1"
"6214","TAAGCCTAGAAGGTGC-1"
"6215","TAAGCCTAGGTGTCCA-1"
"6216","TAAGCCTAGGTTTGCG-1"
"6217","TAAGCCTAGTTTGGTA-1"
"6218","TAAGCTATCATGGTTA-1"
"6219","TAAGCTATCGAGCAAA-1"
"6220","TAAGCTATCGCATTAA-1"
"6221","TAAGCTATCGCTTCTA-1"
"6222","TAAGCTATCTTGCAGG-1"
"6223","TAAGGACCACTTCATC-1"
"6224","TAAGGCTTCCAGGTCA-1"
"6225","TAAGGCTTCCTTAGGG-1"
"6226","TAAGGCTTCGCTCACT-1"
"6227","TAAGGCTTCGTCAAGT-1"
"6228","TAAGGCTTCGTTTCCA-1"
"6229","TAAGGCTTCTTTGTAC-1"
"6230","TAAGTAGCACATTGCA-1"
"6231","TAAGTGCTCAAGCTTA-1"
"6232","TAAGTGCTCAGCCAAT-1"
"6233","TAAGTGCTCATTGTCT-1"
"6234","TAAGTGCTCGCAAACT-1"
"6235","TAAGTGCTCTTTGAGA-1"
"6236","TAATCACCAATAACGA-1"
"6237","TAATCACCACCAAAGG-1"
"6238","TAATCACCAGCTAACC-1"
"6239","TAATCCGCAAGCTACC-1"
"6240","TAATCCGCAGGCATCT-1"
"6241","TAATCCGCAGTACCGT-1"
"6242","TAATCCGCATCTTGAG-1"
"6243","TAATCCGCATGTCAGC-1"
"6244","TAATGCATCATGCATA-1"
"6245","TAATGCATCCAAACAC-1"
"6246","TAATGCATCCAATTAG-1"
"6247","TAATGGACACCTCGCT-1"
"6248","TAATGGACAGTTTACG-1"
"6249","TAATGGACATTGTGTG-1"
"6250","TAATGGTGTCAAAGGG-1"
"6251","TAATGGTGTTGAGCCG-1"
"6252","TAATGGTGTTGGCCGA-1"
"6253","TAATTGCCAACTCGCG-1"
"6254","TAATTGCCACTGACTA-1"
"6255","TAATTGCCAGCATGGA-1"
"6256","TAATTGCCATAAAGCA-1"
"6257","TAATTGCCATGAGCAG-1"
"6258","TAATTGCCATTGGGAG-1"
"6259","TACAACATCGACAAAG-1"
"6260","TACAACATCGCTTGCT-1"
"6261","TACAACATCTGCAACG-1"
"6262","TACAACATCTTTAGGA-1"
"6263","TACAAGCTCGAAGTGA-1"
"6264","TACAAGCTCGCCTAAG-1"
"6265","TACAAGCTCGGGACCT-1"
"6266","TACAAGCTCGGTCAAT-1"
"6267","TACAAGCTCTTAGCCC-1"
"6268","TACAATGTCACTAAGC-1"
"6269","TACAATGTCATAATCG-1"
"6270","TACAATGTCCGGTTGA-1"
"6271","TACAATGTCCTAAGTA-1"
"6272","TACAGCTAGCTATGAC-1"
"6273","TACAGCTAGGGCCACT-1"
"6274","TACAGGTTCCCATAGG-1"
"6275","TACAGGTTCGGGATTT-1"
"6276","TACAGGTTCTAATCTC-1"
"6277","TACATCAAGACAGGTA-1"
"6278","TACATCAAGCAAGACA-1"
"6279","TACATCAAGCATGACT-1"
"6280","TACATCAAGCCGCAAC-1"
"6281","TACATCAAGGAAACTG-1"
"6282","TACATCAAGGTCCTGA-1"
"6283","TACCAAATCATTATGG-1"
"6284","TACCAAATCCTCCATA-1"
"6285","TACCAAATCGCAAACT-1"
"6286","TACCAAATCGTAACGT-1"
"6287","TACCAGGTCATCACTT-1"
"6288","TACCAGGTCATCCTGC-1"
"6289","TACCAGGTCCTGATGG-1"
"6290","TACCAGGTCTGGCATG-1"
"6291","TACCCGGCAAACCCTA-1"
"6292","TACCCGGCAAGGTAAC-1"
"6293","TACCCGGCAATATGGA-1"
"6294","TACCCGGCACCACAAC-1"
"6295","TACCCGGCACCAGGTT-1"
"6296","TACCCGGCACCTATAG-1"
"6297","TACCCGGCATAATCCG-1"
"6298","TACCCGGCATCTTGAG-1"
"6299","TACCCGGCATTAGCGC-1"
"6300","TACCGAAGTTCAAGCA-1"
"6301","TACCGAAGTTCCGGCT-1"
"6302","TACCGAAGTTCGCTCA-1"
"6303","TACCGAAGTTTACTTG-1"
"6304","TACCGCAAGATGGAGC-1"
"6305","TACCGCAAGCAAGACA-1"
"6306","TACCGCAAGCGCTCAA-1"
"6307","TACCGCAAGGACGTAA-1"
"6308","TACCGCAAGTTATTCC-1"
"6309","TACCGTTGTAACTACG-1"
"6310","TACCGTTGTACTTAGG-1"
"6311","TACCGTTGTAGGTTGC-1"
"6312","TACCGTTGTCAAAGAA-1"
"6313","TACCGTTGTGTCCAGG-1"
"6314","TACCGTTGTGTTTGCT-1"
"6315","TACCGTTGTTCCTCCT-1"
"6316","TACCGTTGTTGCACAA-1"
"6317","TACCGTTGTTTAGCGA-1"
"6318","TACCTCATCAATCATG-1"
"6319","TACCTCATCATCACTT-1"
"6320","TACCTCATCATTAGCA-1"
"6321","TACCTCATCCGCTAGA-1"
"6322","TACCTCATCCTAGTAA-1"
"6323","TACCTCATCGTACCGA-1"
"6324","TACCTCATCTTGTTCG-1"
"6325","TACCTGCTCACAGCCA-1"
"6326","TACCTGCTCGGTCAAT-1"
"6327","TACCTGCTCTATCGCC-1"
"6328","TACCTTAGTATTACCC-1"
"6329","TACCTTAGTATTGTCC-1"
"6330","TACCTTAGTCCTAATC-1"
"6331","TACCTTAGTCCTTCAG-1"
"6332","TACCTTAGTGAAGCCT-1"
"6333","TACCTTAGTGCCTCAC-1"
"6334","TACCTTAGTTAAATGC-1"
"6335","TACCTTAGTTAACGGC-1"
"6336","TACCTTTAGACAAGTG-1"
"6337","TACCTTTAGGTAGCTT-1"
"6338","TACCTTTAGGTCCACA-1"
"6339","TACCTTTAGGTTACGT-1"
"6340","TACCTTTAGTTATGGC-1"
"6341","TACGCACCACAATGTT-1"
"6342","TACGCACCACATTAAC-1"
"6343","TACGCACCAGCTTAAT-1"
"6344","TACGCTTGTAGCCATA-1"
"6345","TACGCTTGTCATTGTC-1"
"6346","TACGCTTGTCCAAGAC-1"
"6347","TACGCTTGTTAGCAGC-1"
"6348","TACGGATTCAGGCTAT-1"
"6349","TACGGATTCCCTTGCG-1"
"6350","TACGGATTCCGGGACT-1"
"6351","TACGGATTCCTAAGGT-1"
"6352","TACGGTTAGAGGAGTC-1"
"6353","TACGGTTAGGGTCCAC-1"
"6354","TACGGTTAGTTGTCCC-1"
"6355","TACGTAATCACAGGAA-1"
"6356","TACGTAATCACGTTAA-1"
"6357","TACGTAATCCATCAGG-1"
"6358","TACGTAATCCCTCAAC-1"
"6359","TACGTAATCTAAGGTC-1"
"6360","TACGTACAGACAACAG-1"
"6361","TACGTACAGCTATGAC-1"
"6362","TACGTACAGGCTACAT-1"
"6363","TACGTACAGGGTGAGT-1"
"6364","TACGTACAGGTCGATT-1"
"6365","TACGTACAGTAGGATG-1"
"6366","TACGTACAGTGAACCT-1"
"6367","TACGTTAAGCACAGAA-1"
"6368","TACGTTAAGCTATGAC-1"
"6369","TACGTTAAGCTGAGGG-1"
"6370","TACGTTAAGCTTAACA-1"
"6371","TACGTTAAGGAGGTTA-1"
"6372","TACTAAGTCTCACATT-1"
"6373","TACTAAGTCTCTAGCC-1"
"6374","TACTCAAAGCATTATG-1"
"6375","TACTCAAAGGAGGGTT-1"
"6376","TACTCAAAGTAAGTCC-1"
"6377","TACTCGCTCAAAGGCA-1"
"6378","TACTCGCTCATTGTTC-1"
"6379","TACTCGCTCCGCCAAA-1"
"6380","TACTCGCTCCTAATGA-1"
"6381","TACTGACAGAGGAGGA-1"
"6382","TACTGACAGCACAGCC-1"
"6383","TACTGACAGCCTAATA-1"
"6384","TACTGACAGGTCCACA-1"
"6385","TACTGACAGGTCCGTA-1"
"6386","TACTGACAGTAACAGG-1"
"6387","TACTGACAGTAACTCA-1"
"6388","TACTGACAGTTGGCCA-1"
"6389","TACTGAGGTAACCTAG-1"
"6390","TACTGAGGTACCGGAT-1"
"6391","TACTGAGGTGCTAGCG-1"
"6392","TACTGCACAATCGCAC-1"
"6393","TACTGCACACATACTG-1"
"6394","TACTGGCCACCGGTAT-1"
"6395","TACTGGCCAGAAATTG-1"
"6396","TACTGGCCAGGCTTCG-1"
"6397","TACTGGCCATAGACTT-1"
"6398","TACTGGCCATTGTGAT-1"
"6399","TACTTCGTCCAAGTTA-1"
"6400","TACTTCGTCCAGGTTG-1"
"6401","TACTTCGTCGTTATCT-1"
"6402","TACTTGTTCACTTCAT-1"
"6403","TACTTGTTCAGTTCCC-1"
"6404","TACTTGTTCCTGAGTG-1"
"6405","TACTTGTTCCTTGCGT-1"
"6406","TACTTGTTCGTTTCGC-1"
"6407","TAGACCAGTAGGTGTC-1"
"6408","TAGACCAGTTAGCATG-1"
"6409","TAGAGCCGTCAAAGGG-1"
"6410","TAGAGCCGTCCGGTTC-1"
"6411","TAGAGCCGTTGTGACA-1"
"6412","TAGCAGGCAGTAATAG-1"
"6413","TAGCAGGCATTGTTGG-1"
"6414","TAGCATATCACTAATG-1"
"6415","TAGCATATCAGGATGA-1"
"6416","TAGCATATCGAAGTAG-1"
"6417","TAGCATATCGATTTGA-1"
"6418","TAGCATATCGCGACAC-1"
"6419","TAGCATATCGTTAACA-1"
"6420","TAGCATATCTCACAAA-1"
"6421","TAGCCGGGTAATCACG-1"
"6422","TAGCCGGGTACAATGT-1"
"6423","TAGCCTCTCCCGTTTA-1"
"6424","TAGCCTCTCCGTCCAT-1"
"6425","TAGCCTGAGCCACAAT-1"
"6426","TAGCCTGAGCCGGTAC-1"
"6427","TAGCCTGAGCTTATGA-1"
"6428","TAGCCTGAGGATCACT-1"
"6429","TAGCCTGAGTATCGCG-1"
"6430","TAGCCTTGTAGCTGCG-1"
"6431","TAGCCTTGTCCTTCAG-1"
"6432","TAGCCTTGTTAGTGAT-1"
"6433","TAGCCTTGTTGAAGCC-1"
"6434","TAGCCTTGTTGTCATC-1"
"6435","TAGCCTTGTTGTCCAT-1"
"6436","TAGCGCGGTTACTTCA-1"
"6437","TAGCGGACACGTTACA-1"
"6438","TAGCGGACAGTTATCG-1"
"6439","TAGCGGACATCCTGAA-1"
"6440","TAGCGGACATGAATAG-1"
"6441","TAGCGGCTCGAAGTAG-1"
"6442","TAGCGGCTCGCTTCTA-1"
"6443","TAGCGGCTCTAACTGA-1"
"6444","TAGCTAATCAAGCTTA-1"
"6445","TAGCTAATCACGAATC-1"
"6446","TAGCTAATCATAACTG-1"
"6447","TAGCTAATCATCCACC-1"
"6448","TAGCTAATCGTTACAA-1"
"6449","TAGCTAGGTCATGCCC-1"
"6450","TAGCTAGGTCATTACC-1"
"6451","TAGCTAGGTCCTTCTC-1"
"6452","TAGCTTAAGAATCTCA-1"
"6453","TAGCTTAAGCAAACCT-1"
"6454","TAGCTTAAGCAAGGAC-1"
"6455","TAGCTTAAGCACGATT-1"
"6456","TAGCTTAAGTATTGCA-1"
"6457","TAGCTTAAGTCAGGCC-1"
"6458","TAGCTTGCAAATTCGT-1"
"6459","TAGCTTGCACGGTACT-1"
"6460","TAGCTTGCAGGCTACT-1"
"6461","TAGCTTGCAGTAAGTA-1"
"6462","TAGGAACCAAGGTACG-1"
"6463","TAGGAACCACCCACCT-1"
"6464","TAGGAACCACTTAACG-1"
"6465","TAGGAACCATAGCGAG-1"
"6466","TAGGAGGGTATACTGG-1"
"6467","TAGGAGTCAAGGTCGA-1"
"6468","TAGGAGTCACCCTCAC-1"
"6469","TAGGAGTCAGCTAACC-1"
"6470","TAGGAGTCAGGACCAA-1"
"6471","TAGGCTAGTCCGGTTC-1"
"6472","TAGGCTAGTGGTTAGC-1"
"6473","TAGGCTAGTTTAGTCC-1"
"6474","TAGGCTGTCAGTATTG-1"
"6475","TAGGCTGTCCCGTTAC-1"
"6476","TAGGCTGTCTACCTGC-1"
"6477","TAGGCTTAGCGAGCGA-1"
"6478","TAGGCTTAGCTGTCAG-1"
"6479","TAGGCTTAGGCACAGG-1"
"6480","TAGGCTTAGGCTAATC-1"
"6481","TAGGGTTTCCTAATGA-1"
"6482","TAGGGTTTCGCATTAA-1"
"6483","TAGGTGCGTGGGTGAA-1"
"6484","TAGGTGCGTGTGAGAG-1"
"6485","TAGGTGCGTTACAACG-1"
"6486","TAGGTGCGTTGAAGCC-1"
"6487","TAGGTGCGTTGAGCCG-1"
"6488","TAGGTGCGTTGTGATG-1"
"6489","TAGGTGCGTTGTTGCT-1"
"6490","TAGGTTATCAAGCGCC-1"
"6491","TAGGTTATCGACAAAG-1"
"6492","TAGGTTATCGGCCATA-1"
"6493","TAGGTTATCTCACACC-1"
"6494","TAGGTTATCTTCAATC-1"
"6495","TAGGTTGGTGCTCACC-1"
"6496","TAGGTTGGTGGATGTC-1"
"6497","TAGGTTGGTGTTTGTC-1"
"6498","TAGGTTGGTTAACAGT-1"
"6499","TAGGTTGGTTAGGACC-1"
"6500","TAGGTTGGTTGCTTCG-1"
"6501","TAGTAACGTATTGCAG-1"
"6502","TAGTAACGTGTGTCCC-1"
"6503","TAGTAACGTGTTGTAG-1"
"6504","TAGTAACGTGTTTCAC-1"
"6505","TAGTAACGTTGCAATG-1"
"6506","TAGTAAGCAAACTCAT-1"
"6507","TAGTAAGCAATATAGG-1"
"6508","TAGTAAGCACACAATT-1"
"6509","TAGTAAGCACAGAACG-1"
"6510","TAGTAAGCAGATAGAC-1"
"6511","TAGTAAGCAGCTTACA-1"
"6512","TAGTAAGCATGCATAT-1"
"6513","TAGTACGGTATTCGCT-1"
"6514","TAGTACGGTCACGAAC-1"
"6515","TAGTACGGTGATTTGG-1"
"6516","TAGTACGGTGCGCGTA-1"
"6517","TAGTACGGTGTGCAAC-1"
"6518","TAGTACGGTTAGCATG-1"
"6519","TAGTACGGTTGGTGAC-1"
"6520","TAGTACGGTTGTCATC-1"
"6521","TAGTAGGAGAACCTAC-1"
"6522","TAGTAGGAGCCATCAG-1"
"6523","TAGTAGGAGGTCGAGG-1"
"6524","TAGTCAATCATGCTCC-1"
"6525","TAGTCAATCTAACCAA-1"
"6526","TAGTGAGAGGAACACA-1"
"6527","TAGTGAGAGGCCTTAG-1"
"6528","TAGTGGCGTCGCAAAC-1"
"6529","TAGTGGCGTGTAACCA-1"
"6530","TAGTGGCGTTGCACAA-1"
"6531","TAGTGTGGTCAAGTAT-1"
"6532","TAGTGTGGTTAACACG-1"
"6533","TAGTGTGGTTGCCTCA-1"
"6534","TAGTTGTCAACAGGTG-1"
"6535","TAGTTGTCATAATGTC-1"
"6536","TAGTTTGAGCAATAGG-1"
"6537","TAGTTTGAGCCACATG-1"
"6538","TAGTTTGAGTGAGAGC-1"
"6539","TAGTTTGAGTTAACCA-1"
"6540","TATAACCCAACCCTCC-1"
"6541","TATAACCCACCTCACC-1"
"6542","TATAACCCAGATAGAC-1"
"6543","TATAACCCATGAATAG-1"
"6544","TATAGCCAGCTGGCTA-1"
"6545","TATAGCCAGGAAACTG-1"
"6546","TATAGCCAGTGGACAA-1"
"6547","TATAGCCAGTTTCCTG-1"
"6548","TATAGCTCAAAGCGGC-1"
"6549","TATAGCTCAATGAGGT-1"
"6550","TATAGCTCACAAGCCT-1"
"6551","TATAGCTCATGTTGGC-1"
"6552","TATAGCTCATTTGCTC-1"
"6553","TATAGGTGTTAGGCGT-1"
"6554","TATAGGTGTTGTGATG-1"
"6555","TATAGGTGTTTGCGCC-1"
"6556","TATATCCTCAGCATTA-1"
"6557","TATATCCTCAGTGAAG-1"
"6558","TATATCCTCATAGCCG-1"
"6559","TATATCCTCATCCACC-1"
"6560","TATATCCTCCACCTGT-1"
"6561","TATCACAAGCTTGCTC-1"
"6562","TATCACAAGGACCTTG-1"
"6563","TATCACAAGGAGCATA-1"
"6564","TATCACAAGGGCTAAA-1"
"6565","TATCACGCACAACAGG-1"
"6566","TATCACGCACCTACGG-1"
"6567","TATCACGCACGTTACA-1"
"6568","TATCACGCAGCAAGAT-1"
"6569","TATCACGCAGCTTAAT-1"
"6570","TATCACGCATAAGTCT-1"
"6571","TATCCAGCAACACCTA-1"
"6572","TATCCAGCAAGGTGCA-1"
"6573","TATCCAGCAATTAGCT-1"
"6574","TATCCAGCAGGCCATT-1"
"6575","TATCCAGCAGTTAGCC-1"
"6576","TATCCAGCATAGCAGG-1"
"6577","TATCCGGAGATTGAGG-1"
"6578","TATCCGGAGGCGGGTA-1"
"6579","TATCCGGAGGTTACGT-1"
"6580","TATCGAGGTCCTTCTC-1"
"6581","TATCGCACAAACCTTG-1"
"6582","TATCGCACACCCACCT-1"
"6583","TATCGCACAGCTTAGC-1"
"6584","TATCGCACATTGCAGC-1"
"6585","TATCGCGAGCGCATTG-1"
"6586","TATCGCGAGGCTGGCT-1"
"6587","TATCGCGAGGGCTTTG-1"
"6588","TATCGCGAGTAACCCG-1"
"6589","TATCGCGAGTAGGCGG-1"
"6590","TATGAAGCAACTAACT-1"
"6591","TATGAAGCACCCACAG-1"
"6592","TATGAAGCACTAAGAA-1"
"6593","TATGACATCACGCCAA-1"
"6594","TATGACATCAGCATTA-1"
"6595","TATGACATCATTAGCA-1"
"6596","TATGACATCGGCTAGC-1"
"6597","TATGACATCGGTTAGT-1"
"6598","TATGACATCTAGCGAT-1"
"6599","TATGACATCTTGACCC-1"
"6600","TATGACTCAACTAGCC-1"
"6601","TATGACTCAAGGGTTG-1"
"6602","TATGACTCAGTGAACG-1"
"6603","TATGACTCATTGTTGG-1"
"6604","TATGCATCAATACTGT-1"
"6605","TATGCATCACAATGCC-1"
"6606","TATGCATCACTAAATC-1"
"6607","TATGCATCACTGGCCA-1"
"6608","TATGCATCACTGGCTG-1"
"6609","TATGCATCAGCCGCTA-1"
"6610","TATGCATCAGGCAAGC-1"
"6611","TATGCATCATGTGGGA-1"
"6612","TATGCATCATTTGCTC-1"
"6613","TATGGATGTCCCGGAA-1"
"6614","TATGGATGTGTCACGG-1"
"6615","TATGGATGTTAGGCGT-1"
"6616","TATGGATGTTCATCTA-1"
"6617","TATGGCCCAAGGTAAC-1"
"6618","TATGGCCCAATCCCTT-1"
"6619","TATGGCCCAATTGCGC-1"
"6620","TATGGCCCACAGGAAT-1"
"6621","TATGGCCCATGTTGGC-1"
"6622","TATGGCCCATTGCGGT-1"
"6623","TATGGGCGTGGATGTC-1"
"6624","TATGGGCGTGTTGCTT-1"
"6625","TATGGGCGTTACATCC-1"
"6626","TATGGTCAGCTAATCA-1"
"6627","TATGGTCAGGCATTGT-1"
"6628","TATGGTCAGTATTGCA-1"
"6629","TATGTGATCCAGGTCA-1"
"6630","TATGTGATCCTGATTT-1"
"6631","TATGTGATCCTTAGGG-1"
"6632","TATTACCTCCATAATG-1"
"6633","TATTAGCCAATTATGC-1"
"6634","TATTAGCCACGGTACT-1"
"6635","TATTAGCCAGCAAGTG-1"
"6636","TATTAGCCAGTAGCCT-1"
"6637","TATTAGGTCACAGCCA-1"
"6638","TATTAGGTCCTCATCA-1"
"6639","TATTAGGTCCTCCCTC-1"
"6640","TATTAGGTCGATTTGA-1"
"6641","TATTAGGTCTGTTGCC-1"
"6642","TATTCGTTCAGCAAAG-1"
"6643","TATTCGTTCGCCTGTT-1"
"6644","TATTGACCAAGGAATC-1"
"6645","TATTGACCAAGTGTTT-1"
"6646","TATTGACCACGAATTT-1"
"6647","TATTGACCACGTAAGG-1"
"6648","TATTGACCACTGGCCA-1"
"6649","TATTGACCAGAGAGCC-1"
"6650","TATTGACCAGCAACCT-1"
"6651","TATTGACCATAATTGC-1"
"6652","TATTGACCATCAGCAC-1"
"6653","TATTGACCATCGCTCC-1"
"6654","TATTTGCTCACAGGAA-1"
"6655","TATTTGCTCACGAATC-1"
"6656","TATTTGCTCACGCATG-1"
"6657","TATTTGCTCATCCTGC-1"
"6658","TATTTGCTCCACCTGT-1"
"6659","TATTTGCTCCGGTTGA-1"
"6660","TATTTGCTCCTCCTAA-1"
"6661","TATTTGCTCCTGAGTG-1"
"6662","TATTTGCTCGTACCGA-1"
"6663","TATTTGGAGCCTCTGT-1"
"6664","TATTTGGAGCGATACT-1"
"6665","TATTTGGAGTGACCTG-1"
"6666","TATTTGGAGTGTGATC-1"
"6667","TATTTGGAGTTTGGTA-1"
"6668","TCAAACCAGACAACAG-1"
"6669","TCAAACCAGCCTGGTA-1"
"6670","TCAAACCAGTAGGATG-1"
"6671","TCAAACCAGTGTGATC-1"
"6672","TCAACAATCCAATTAG-1"
"6673","TCAACAATCCTAAGTA-1"
"6674","TCAACAATCCTCAGCT-1"
"6675","TCAACAATCCTTTACG-1"
"6676","TCAACAATCTCCTCAA-1"
"6677","TCAACAATCTTAGGAC-1"
"6678","TCAACAATCTTTAGGA-1"
"6679","TCAAGAACAACAGGTG-1"
"6680","TCAAGAACAGCAACCT-1"
"6681","TCAAGACTCTAGCTAA-1"
"6682","TCAAGCTAGAGCCGCT-1"
"6683","TCAAGCTAGAGGAGGA-1"
"6684","TCAAGCTAGCATCCAG-1"
"6685","TCAAGCTAGCGCCTAA-1"
"6686","TCAAGCTAGGTTACGT-1"
"6687","TCAAGCTAGTGAGCGG-1"
"6688","TCAAGGAAGACTATTG-1"
"6689","TCAAGGAAGGCAGGTG-1"
"6690","TCAAGGAAGGGTCCAC-1"
"6691","TCAAGGAAGTGTTGCG-1"
"6692","TCAAGGTTCACTAGGT-1"
"6693","TCAAGGTTCAGGGCCT-1"
"6694","TCAAGGTTCTCCATAT-1"
"6695","TCAAGTATCACGCGGT-1"
"6696","TCAAGTATCCACCCTG-1"
"6697","TCAAGTATCCCGCAAA-1"
"6698","TCAAGTATCCTAGTTT-1"
"6699","TCAAGTATCTGTGCAG-1"
"6700","TCAAGTATCTTGTTCG-1"
"6701","TCAATCGCAACAGGTG-1"
"6702","TCAATCGCAATCCTGA-1"
"6703","TCAATCGCACCAGCAT-1"
"6704","TCAATCGCACGTTACA-1"
"6705","TCACATAAGCAAGACA-1"
"6706","TCACATAAGGCCTGGT-1"
"6707","TCACATAAGGCTAGAA-1"
"6708","TCACATAAGTCAGTAC-1"
"6709","TCACCGGCAATGCCCG-1"
"6710","TCACCTCAGCAGGTTT-1"
"6711","TCACCTCAGCCTGAGC-1"
"6712","TCACCTCAGCTGGAAA-1"
"6713","TCACCTCAGGATTGAG-1"
"6714","TCACCTCAGGTTTACA-1"
"6715","TCACCTGGTCCACAAA-1"
"6716","TCACCTGGTGTCCTGC-1"
"6717","TCACCTGGTTCCATTA-1"
"6718","TCACGGATCTCAATTC-1"
"6719","TCACGGATCTTGCAGG-1"
"6720","TCACTGACAACAGGTG-1"
"6721","TCACTGACAAGATTCT-1"
"6722","TCACTGACAAGCGATG-1"
"6723","TCACTGACAATTAACC-1"
"6724","TCACTGACAATTAGCT-1"
"6725","TCACTGACAGTAGCCT-1"
"6726","TCACTGACATTGCGAC-1"
"6727","TCAGCAAGTCTCACTG-1"
"6728","TCAGCAAGTGGAGCAA-1"
"6729","TCAGCAAGTGTTGTAG-1"
"6730","TCAGCAAGTTGAGGTC-1"
"6731","TCAGCAAGTTTGCTGT-1"
"6732","TCAGCCTTCAGGATGA-1"
"6733","TCAGCCTTCCGTGACA-1"
"6734","TCAGCCTTCTTTGAGA-1"
"6735","TCAGCGATCACGCATG-1"
"6736","TCAGCGATCATTGACA-1"
"6737","TCAGCGATCCCGCATT-1"
"6738","TCAGCGATCTCATCAT-1"
"6739","TCAGCGATCTGTTCAT-1"
"6740","TCAGGAGCAACAACAA-1"
"6741","TCAGGAGCACCAAAGG-1"
"6742","TCAGGAGCACGAATCC-1"
"6743","TCAGGAGCACTAAATC-1"
"6744","TCAGGAGCACTGACTA-1"
"6745","TCAGGAGCATAGCTTG-1"
"6746","TCAGGAGCATCCAGGT-1"
"6747","TCAGGTCCAGCCAGAA-1"
"6748","TCAGGTCCAGGCAAGC-1"
"6749","TCAGGTCCATGAATAG-1"
"6750","TCAGGTTAGGACTTAC-1"
"6751","TCAGGTTAGGGCCATC-1"
"6752","TCAGTAATCCAAATCA-1"
"6753","TCAGTAATCCGGGACT-1"
"6754","TCAGTAATCCTGCGAA-1"
"6755","TCAGTAATCGCAGGCT-1"
"6756","TCAGTAATCTACCTGC-1"
"6757","TCAGTAATCTTAGTCT-1"
"6758","TCAGTAGGTATCTGGA-1"
"6759","TCAGTAGGTGAATCGC-1"
"6760","TCAGTAGGTGATTACG-1"
"6761","TCAGTAGGTTTAACCC-1"
"6762","TCAGTAGGTTTCAGGA-1"
"6763","TCAGTAGGTTTCCTCC-1"
"6764","TCAGTGAGTACCGTTT-1"
"6765","TCATAACCAACTAGGG-1"
"6766","TCATAACCAATGAAGC-1"
"6767","TCATAACCATGCATAT-1"
"6768","TCATAACCATTGTGCA-1"
"6769","TCATACTTCATAGACC-1"
"6770","TCATACTTCCTTAAGA-1"
"6771","TCATACTTCGCACAAT-1"
"6772","TCATACTTCTCACTCA-1"
"6773","TCATACTTCTGGCTTC-1"
"6774","TCATACTTCTTGCTAT-1"
"6775","TCATCCATCAGCAAAG-1"
"6776","TCATCCATCATGACCG-1"
"6777","TCATCCATCGAGCAAA-1"
"6778","TCATGAGGTACAAAGA-1"
"6779","TCATGAGGTTATAGCG-1"
"6780","TCATGAGGTTTAGCTC-1"
"6781","TCATGCCTCAAACACC-1"
"6782","TCATGCCTCAGTGAAG-1"
"6783","TCATGCCTCATTATGG-1"
"6784","TCATGCCTCCGCAAGC-1"
"6785","TCATGCCTCCTTGCAC-1"
"6786","TCATGCCTCTCGCCTG-1"
"6787","TCATGTTTCCGGCTAA-1"
"6788","TCATGTTTCGATTATG-1"
"6789","TCATGTTTCGTAATCA-1"
"6790","TCATGTTTCGTACCGA-1"
"6791","TCATTACTCATGGCCA-1"
"6792","TCATTACTCCAAACAC-1"
"6793","TCATTACTCCGCCAAA-1"
"6794","TCATTGCGTGGTTCTT-1"
"6795","TCATTGCGTTTCCTCC-1"
"6796","TCATTGCGTTTGGTTC-1"
"6797","TCATTGTTCACCATTT-1"
"6798","TCATTGTTCATTGTTC-1"
"6799","TCATTTGGTGAGGTGA-1"
"6800","TCCACAACAAATTCGT-1"
"6801","TCCACAACACAAAGAC-1"
"6802","TCCACAACACACTAAT-1"
"6803","TCCACAACAGATTCAT-1"
"6804","TCCAGCAAGAGGCTAA-1"
"6805","TCCAGCAAGCTACTGG-1"
"6806","TCCAGCAAGGAACGGT-1"
"6807","TCCAGCAAGGCACAGG-1"
"6808","TCCAGCAAGGCTAGAA-1"
"6809","TCCAGCAAGGTCCAAT-1"
"6810","TCCAGCAAGTAGGATG-1"
"6811","TCCAGCAAGTCATTTC-1"
"6812","TCCAGGATCAAAGGCA-1"
"6813","TCCAGGATCCCTGTTA-1"
"6814","TCCAGGATCGTGCCTT-1"
"6815","TCCAGGATCTATTGTC-1"
"6816","TCCAGGATCTGTTGCC-1"
"6817","TCCAGGTCAGACAAAC-1"
"6818","TCCAGGTCAGTTATGT-1"
"6819","TCCATAAAGCATGTTA-1"
"6820","TCCATAAAGCTGTAAC-1"
"6821","TCCATAAAGCTTGCTC-1"
"6822","TCCATAAAGGATCCGC-1"
"6823","TCCATAAAGGCCTAAT-1"
"6824","TCCATAAAGGGCCATC-1"
"6825","TCCATAAAGGTTTGAC-1"
"6826","TCCATAAAGTAAACCC-1"
"6827","TCCATAAAGTACTGGT-1"
"6828","TCCATAAAGTCAATCA-1"
"6829","TCCATAAAGTCATTAG-1"
"6830","TCCATAAAGTGAGGTA-1"
"6831","TCCATATTCCAAGTGT-1"
"6832","TCCATCATCACCTGCT-1"
"6833","TCCATCATCATGCATA-1"
"6834","TCCATCATCCCTGTTA-1"
"6835","TCCATCATCCTAATTC-1"
"6836","TCCATCATCTAATCTC-1"
"6837","TCCATGCTCAGTGAAG-1"
"6838","TCCATGCTCATGAAGG-1"
"6839","TCCATGCTCGTGCTTC-1"
"6840","TCCATGCTCTTGTCCA-1"
"6841","TCCATTGTCAACCAAC-1"
"6842","TCCATTGTCAATCTCT-1"
"6843","TCCATTGTCACAGGAA-1"
"6844","TCCATTGTCCTAATGA-1"
"6845","TCCATTGTCTAGCTAA-1"
"6846","TCCATTGTCTCCATGC-1"
"6847","TCCATTGTCTGCAACG-1"
"6848","TCCATTGTCTTGTCCA-1"
"6849","TCCCGGACAATACTGT-1"
"6850","TCCCGGACAATTGAAG-1"
"6851","TCCCGGACACCTGCTC-1"
"6852","TCCCGGACAGGCTTCG-1"
"6853","TCCCGGACATCCTGAA-1"
"6854","TCCCGGACATTGCAGC-1"
"6855","TCCCGGACATTGCGGT-1"
"6856","TCCCGTTAGACAAACG-1"
"6857","TCCCGTTAGACTTATG-1"
"6858","TCCCGTTAGCAGCTCA-1"
"6859","TCCCGTTAGGCCGGAA-1"
"6860","TCCCGTTAGTAGCCAT-1"
"6861","TCCCGTTAGTATTGCA-1"
"6862","TCCCTCACAAACCCTA-1"
"6863","TCCCTCACAGATTCAT-1"
"6864","TCCCTCACATCCCTCA-1"
"6865","TCCCTCACATGAATCT-1"
"6866","TCCCTCACATTCCTCG-1"
"6867","TCCCTGGTCCACCCTG-1"
"6868","TCCCTGGTCCACCTTA-1"
"6869","TCCCTGGTCCTGTTCA-1"
"6870","TCCGCCATCATTGTTC-1"
"6871","TCCGCCATCCTCGATC-1"
"6872","TCCGCCATCGCAACAT-1"
"6873","TCCGCCATCGGTCAGC-1"
"6874","TCCGGAATCCCTTGCG-1"
"6875","TCCGGAATCCTAATAG-1"
"6876","TCCGGAATCGATTTAG-1"
"6877","TCCGGAATCTATGACA-1"
"6878","TCCGGAATCTCTAGCC-1"
"6879","TCCGGTAAGAATCTCA-1"
"6880","TCCGGTAAGCCTCTGT-1"
"6881","TCCGGTAAGCGATAAG-1"
"6882","TCCGGTAAGGCAGGTG-1"
"6883","TCCGGTAAGGCCAATT-1"
"6884","TCCGGTAAGGCGAAAC-1"
"6885","TCCGGTAAGGTAAGGC-1"
"6886","TCCGGTTTCCTAAGGT-1"
"6887","TCCGGTTTCCTCCTAA-1"
"6888","TCCGGTTTCGCACACA-1"
"6889","TCCTAGTGTAAGCTTG-1"
"6890","TCCTAGTGTGAATCGC-1"
"6891","TCCTAGTGTGAGGTAG-1"
"6892","TCCTAGTGTTAATGAC-1"
"6893","TCCTCAATCACCATTT-1"
"6894","TCCTCAATCCGTAAAC-1"
"6895","TCCTCAATCCTAAGGT-1"
"6896","TCCTCAATCGATTCTT-1"
"6897","TCCTCAATCGCTTCTA-1"
"6898","TCCTCACAGTGATTCA-1"
"6899","TCCTCTAAGCAGGTGG-1"
"6900","TCCTCTAAGCGGTTAT-1"
"6901","TCCTCTAAGCTGGAAA-1"
"6902","TCCTCTAAGGTCAAAG-1"
"6903","TCCTCTAAGGTTAGCT-1"
"6904","TCCTCTAAGTTAGTGC-1"
"6905","TCCTGGTTCCTAGTAA-1"
"6906","TCCTGTTCAGCAATAA-1"
"6907","TCCTGTTCATGATTGT-1"
"6908","TCCTGTTCATTAGGTT-1"
"6909","TCCTGTTCATTTGCTC-1"
"6910","TCCTTAGTCAAACCGT-1"
"6911","TCCTTAGTCACGTTAA-1"
"6912","TCCTTAGTCACTTCAT-1"
"6913","TCCTTAGTCGATTCTT-1"
"6914","TCCTTAGTCTTTGACT-1"
"6915","TCCTTCAAGCTTCCCG-1"
"6916","TCCTTCAAGTAAGAAC-1"
"6917","TCCTTCAAGTCAATCA-1"
"6918","TCCTTGCAGAAACTGG-1"
"6919","TCCTTGCAGGTCCACA-1"
"6920","TCCTTGCAGTAATCCA-1"
"6921","TCCTTGCAGTTACCGG-1"
"6922","TCCTTGCAGTTTGAGC-1"
"6923","TCCTTTACAATCTCTC-1"
"6924","TCCTTTACACAAAGAC-1"
"6925","TCCTTTACACCTGTAA-1"
"6926","TCCTTTACAGCAAGTG-1"
"6927","TCCTTTACAGTTTACG-1"
"6928","TCGACAAGTAATAGCT-1"
"6929","TCGATTAAGGCTGTCA-1"
"6930","TCGATTAAGTCATGCG-1"
"6931","TCGCATTGTAGGTTGC-1"
"6932","TCGCATTGTCAGGCAT-1"
"6933","TCGCATTGTGATGGCT-1"
"6934","TCGCATTGTGCTCCAC-1"
"6935","TCGCATTGTTTCAGGA-1"
"6936","TCGCCCATCAAACCGT-1"
"6937","TCGCCCATCCTAAGTA-1"
"6938","TCGCCCATCGCTTCTA-1"
"6939","TCGCGAGGTCATGCCC-1"
"6940","TCGCGAGGTGAGCAAG-1"
"6941","TCGCGAGGTTCGCTTG-1"
"6942","TCGCGAGGTTCGGTAA-1"
"6943","TCGCGCACAAATATCC-1"
"6944","TCGCGCACAGCATGAG-1"
"6945","TCGCGCACATGATTGT-1"
"6946","TCGCGCACATGGCCCA-1"
"6947","TCGCGCACATGTCAAT-1"
"6948","TCGCTAACAAAGCTAA-1"
"6949","TCGCTAACAAATTCGT-1"
"6950","TCGCTAACAGAAACGT-1"
"6951","TCGCTAACAGCCTGCA-1"
"6952","TCGCTAACATCCTAGA-1"
"6953","TCGCTAACATGTCAAT-1"
"6954","TCGCTAACATGTTGTG-1"
"6955","TCGGTAAGTCAGGCAT-1"
"6956","TCGGTAAGTCATGAGC-1"
"6957","TCGGTAAGTTAGGCGT-1"
"6958","TCGGTAAGTTGGATCA-1"
"6959","TCGGTTACAATATAGG-1"
"6960","TCGGTTACACCTGGTG-1"
"6961","TCGGTTCTCAAATCGC-1"
"6962","TCGGTTCTCAAGCTTA-1"
"6963","TCGGTTCTCACGCGGT-1"
"6964","TCGGTTCTCCTGATTT-1"
"6965","TCGGTTCTCGAGCTAT-1"
"6966","TCGGTTCTCTTTGACT-1"
"6967","TCGGTTTGTGCATTTC-1"
"6968","TCGGTTTGTGTTTGCT-1"
"6969","TCGGTTTGTTTGGGCG-1"
"6970","TCGTAATCAAGCGAGC-1"
"6971","TCGTAATCACTGACTA-1"
"6972","TCGTAATCAGTTATGT-1"
"6973","TCGTCAACAAACGCGA-1"
"6974","TCGTCAACACGGTACT-1"
"6975","TCGTCAACACTTAACG-1"
"6976","TCGTGCTTCACAGCCA-1"
"6977","TCGTGCTTCCTAAGGT-1"
"6978","TCGTGCTTCGCACAAT-1"
"6979","TCGTGCTTCTCCTCTT-1"
"6980","TCGTTAAAGAATGACG-1"
"6981","TCGTTAAAGCACAGGG-1"
"6982","TCGTTAAAGCTGGACC-1"
"6983","TCGTTAAAGCTTGCTC-1"
"6984","TCGTTAAAGGTCCTAG-1"
"6985","TCGTTACGTATTGTGG-1"
"6986","TCGTTACGTGAGGTGA-1"
"6987","TCGTTACGTGATGAGG-1"
"6988","TCGTTACGTTGCACAA-1"
"6989","TCGTTACGTTGTGATG-1"
"6990","TCGTTAGCAATCATGT-1"
"6991","TCGTTAGCACTCAACA-1"
"6992","TCGTTAGCAGAAATGC-1"
"6993","TCGTTAGCAGCACCAT-1"
"6994","TCGTTATTCAAGCTAC-1"
"6995","TCGTTATTCATTACGA-1"
"6996","TCGTTATTCATTAGGC-1"
"6997","TCGTTATTCGAAGTGA-1"
"6998","TCGTTATTCGACCTGA-1"
"6999","TCGTTATTCGGTTCCT-1"
"7000","TCGTTATTCTTAGTCT-1"
"7001","TCGTTATTCTTGACCC-1"
"7002","TCGTTTCCAGTAATAG-1"
"7003","TCGTTTCCATCCCTCA-1"
"7004","TCTAACCGTCGCAAAC-1"
"7005","TCTAACCGTGTTTCAC-1"
"7006","TCTAACCGTTACAAAC-1"
"7007","TCTAACCGTTTATGGG-1"
"7008","TCTAAGGGTCATCCTG-1"
"7009","TCTAATCTCATGCATA-1"
"7010","TCTAATCTCATTGTTC-1"
"7011","TCTAATCTCCGCACAA-1"
"7012","TCTAATCTCCTAAGTA-1"
"7013","TCTAATCTCGAGCAAA-1"
"7014","TCTAATCTCTTAAGTG-1"
"7015","TCTACCTCAATCCTAG-1"
"7016","TCTACCTCAATGCGCT-1"
"7017","TCTACCTCACTAAGCC-1"
"7018","TCTACCTCAGTAAGTA-1"
"7019","TCTACCTCATACCCGG-1"
"7020","TCTACCTCATGAGTTT-1"
"7021","TCTACTAGTGCTGGTG-1"
"7022","TCTACTAGTTCACTGT-1"
"7023","TCTAGCACAAGTGTTT-1"
"7024","TCTAGCACAGTTAAAG-1"
"7025","TCTAGCACATAATGTC-1"
"7026","TCTAGCACATAGACTT-1"
"7027","TCTAGCACATCATGGC-1"
"7028","TCTAGCCTCCGTTATT-1"
"7029","TCTAGCCTCTTGGATA-1"
"7030","TCTAGCGAGACTTATG-1"
"7031","TCTAGCGAGCACAGGG-1"
"7032","TCTAGCGAGGGACTAA-1"
"7033","TCTAGCGAGGGATGAC-1"
"7034","TCTAGCGAGTCGCTAG-1"
"7035","TCTATGTTCAATGACC-1"
"7036","TCTATGTTCCAGGTCA-1"
"7037","TCTATGTTCCGCAACA-1"
"7038","TCTATGTTCGCAAACT-1"
"7039","TCTATGTTCGGTTCCT-1"
"7040","TCTATGTTCTATGACA-1"
"7041","TCTATGTTCTGGCAAT-1"
"7042","TCTATGTTCTTGCAGG-1"
"7043","TCTCAAGCAACTAACT-1"
"7044","TCTCAAGCAATTAGCT-1"
"7045","TCTCAAGCACTAAATC-1"
"7046","TCTCAAGCAGCAGGTA-1"
"7047","TCTCAAGCAGGCCATT-1"
"7048","TCTCAAGCATGTTTGG-1"
"7049","TCTCAATTCATTGCAA-1"
"7050","TCTCAATTCGCGACAC-1"
"7051","TCTCAATTCGTAATCA-1"
"7052","TCTCACCAGACAGGTA-1"
"7053","TCTCACCAGGACTTAC-1"
"7054","TCTCACCAGTACCGCA-1"
"7055","TCTCACCAGTAGGCGG-1"
"7056","TCTCACCAGTTCCCAC-1"
"7057","TCTCCTCGTAACCTAG-1"
"7058","TCTCCTCGTATTCGTC-1"
"7059","TCTCCTCGTGTCACGG-1"
"7060","TCTCCTCGTTGCGGAT-1"
"7061","TCTCGCCCAACACCTA-1"
"7062","TCTCGCCCAATTAAGG-1"
"7063","TCTCGCCCACAGCCTG-1"
"7064","TCTCGCCCACCTATAG-1"
"7065","TCTCGCCCACCTCAGG-1"
"7066","TCTCGCCCAGCACCAT-1"
"7067","TCTCGCCCAGGTTCAC-1"
"7068","TCTCGCCCAGTAGGAT-1"
"7069","TCTCGCCCATAGCTGC-1"
"7070","TCTCGCCCATCCCTCA-1"
"7071","TCTGGCTTCAAGCTTA-1"
"7072","TCTGGCTTCGGCTATG-1"
"7073","TCTGGCTTCTCCATAT-1"
"7074","TCTGGCTTCTCCTCTT-1"
"7075","TCTGTGACAAACGCGA-1"
"7076","TCTGTGACAATATAGG-1"
"7077","TCTGTGACAATCGCAC-1"
"7078","TCTGTGACAGGCAAGC-1"
"7079","TCTGTGACATAGACTT-1"
"7080","TCTTAGTTCATGCTCC-1"
"7081","TCTTAGTTCATGGCTG-1"
"7082","TCTTAGTTCATTAGGC-1"
"7083","TCTTAGTTCCCTGTTA-1"
"7084","TCTTAGTTCCTTGAGG-1"
"7085","TCTTAGTTCGGGATTT-1"
"7086","TCTTCAAGTAACAGGG-1"
"7087","TCTTCAAGTCCTCCAA-1"
"7088","TCTTCAAGTCGTTACT-1"
"7089","TCTTCAAGTGTTTCAC-1"
"7090","TCTTCAAGTGTTTGTC-1"
"7091","TCTTCAAGTTAGGTTG-1"
"7092","TCTTCAAGTTTAACGG-1"
"7093","TCTTGACGTTTAGCTC-1"
"7094","TCTTGACGTTTGACCT-1"
"7095","TCTTGTCCAGAAACGT-1"
"7096","TCTTGTCCAGTAAGTA-1"
"7097","TCTTGTCCAGTAGGAT-1"
"7098","TCTTGTCCATGTTTGG-1"
"7099","TCTTGTCCATTGTTGG-1"
"7100","TCTTTGTAGAGCCGCT-1"
"7101","TCTTTGTAGTATCGCG-1"
"7102","TGAAACTGTGAGAAAC-1"
"7103","TGAAACTGTGCATTAG-1"
"7104","TGAAACTGTTAGCTGA-1"
"7105","TGAACAACAAGACTCC-1"
"7106","TGAACAACAATTAGCT-1"
"7107","TGAACAACAGCTTAAT-1"
"7108","TGAACAACAGGCTAAG-1"
"7109","TGAACAGAGTAAACCC-1"
"7110","TGAACAGAGTACCGCA-1"
"7111","TGAACAGAGTTGCGTG-1"
"7112","TGAAGCAAGACTCGCA-1"
"7113","TGAAGCAAGCATGCAT-1"
"7114","TGAAGCAAGGCCAATT-1"
"7115","TGAAGCAAGTTTGCGG-1"
"7116","TGAAGGATCATTGTCT-1"
"7117","TGAAGGATCCCGCCTA-1"
"7118","TGAAGGATCCCTGTTA-1"
"7119","TGAAGGATCGAAGCGG-1"
"7120","TGAAGGATCGTTACAA-1"
"7121","TGAAGGATCTTGCTAT-1"
"7122","TGAAGTGAGACCATAC-1"
"7123","TGAAGTGAGCTTTGTT-1"
"7124","TGAAGTGAGGAATAAC-1"
"7125","TGAAGTGAGGAGCATA-1"
"7126","TGAAGTGAGGTAAGGC-1"
"7127","TGAAGTGAGTTTGTCT-1"
"7128","TGACCAAGTACAAAGA-1"
"7129","TGACCAAGTCATTACC-1"
"7130","TGACCAAGTCCGTAGG-1"
"7131","TGACCAAGTGTGAGGA-1"
"7132","TGACCAAGTTACAAAC-1"
"7133","TGACCTTGTAAAGCAA-1"
"7134","TGACCTTGTCCTAATC-1"
"7135","TGACCTTGTCGCAAAC-1"
"7136","TGACCTTGTTCAAGAT-1"
"7137","TGACCTTGTTGCACAA-1"
"7138","TGACCTTGTTTACCGT-1"
"7139","TGACCTTGTTTGTCTA-1"
"7140","TGACTCCTCCCATAGG-1"
"7141","TGACTCCTCCTCGATC-1"
"7142","TGACTCCTCGCAAACT-1"
"7143","TGACTCCTCGCGCTAA-1"
"7144","TGACTCCTCGGGCCAT-1"
"7145","TGACTCCTCTCATCAT-1"
"7146","TGACTCCTCTTGAGGT-1"
"7147","TGACTTAAGAGAGGAG-1"
"7148","TGACTTAAGTTTGTCT-1"
"7149","TGACTTCGTAACAGGG-1"
"7150","TGACTTCGTAATCACG-1"
"7151","TGACTTCGTATTGTCC-1"
"7152","TGACTTCGTCCGGTTC-1"
"7153","TGACTTCGTTAACAGT-1"
"7154","TGACTTCGTTGGTGAC-1"
"7155","TGACTTCGTTGTTGTC-1"
"7156","TGAGAACCAACACTTG-1"
"7157","TGAGAACCAAGCCACT-1"
"7158","TGAGAACCAAGGTAAC-1"
"7159","TGAGAACCAAGGTGCA-1"
"7160","TGAGAACCACAGGGAC-1"
"7161","TGAGAACCACTCAACA-1"
"7162","TGAGAACCAGCTTAAT-1"
"7163","TGAGAACCAGTCTAGC-1"
"7164","TGAGAACCATAAACCT-1"
"7165","TGAGAACCATTGACAT-1"
"7166","TGAGCAAAGAAGCTAG-1"
"7167","TGAGCAAAGACAAACG-1"
"7168","TGAGCAAAGCCAAATC-1"
"7169","TGAGCAAAGCCGCTAA-1"
"7170","TGAGCAAAGCGTGCGT-1"
"7171","TGAGCAAAGGAACACA-1"
"7172","TGAGCAAAGGAACGGT-1"
"7173","TGAGCAAAGGAAGTAT-1"
"7174","TGAGCAAAGTAGCGGG-1"
"7175","TGAGCACGTAACCTAG-1"
"7176","TGAGCACGTTATCGAG-1"
"7177","TGAGCACGTTGCAATG-1"
"7178","TGAGCCGGTAAGCTTG-1"
"7179","TGAGCCGGTGCTTTAC-1"
"7180","TGAGCCGGTTAGACCA-1"
"7181","TGAGCCGGTTGGTGAC-1"
"7182","TGAGCTTAGCAAACCT-1"
"7183","TGAGCTTAGCCTTAAA-1"
"7184","TGAGGAGGTAACGAGG-1"
"7185","TGAGGAGGTAGGATTT-1"
"7186","TGAGGAGGTCATCAAG-1"
"7187","TGAGGAGGTTGCCTCA-1"
"7188","TGAGGAGGTTTGAGCA-1"
"7189","TGAGGCACAAATTCGT-1"
"7190","TGAGGCACAGCATGAG-1"
"7191","TGAGGCACAGCATGTC-1"
"7192","TGAGGCACATGAATCT-1"
"7193","TGAGGGAGTCCTCCAA-1"
"7194","TGAGGGAGTGGGTACT-1"
"7195","TGAGGGAGTTTGCAGA-1"
"7196","TGAGGGCCAAGGTCGA-1"
"7197","TGAGGGCCAGCGCTTG-1"
"7198","TGAGGGCCAGGTTACC-1"
"7199","TGAGGTGCAATAATGG-1"
"7200","TGAGGTGCACAATGCC-1"
"7201","TGAGGTGCACGCAACT-1"
"7202","TGAGGTGCACGTAAGG-1"
"7203","TGAGGTGCAGCCAGTT-1"
"7204","TGAGGTGCAGGATAAC-1"
"7205","TGAGGTGCATCTAGCA-1"
"7206","TGAGGTGCATGAAATG-1"
"7207","TGAGTGAAGCCTGAGC-1"
"7208","TGAGTGAAGGTCCTGA-1"
"7209","TGAGTTTCACAACCTA-1"
"7210","TGAGTTTCACTGGCTG-1"
"7211","TGAGTTTCAGGCTAAG-1"
"7212","TGAGTTTCATAATCCG-1"
"7213","TGAGTTTCATAGTCAT-1"
"7214","TGAGTTTCATCGCTCC-1"
"7215","TGAGTTTCATCTAGCA-1"
"7216","TGAGTTTCATTAGGTT-1"
"7217","TGATCAATCAAAGGCA-1"
"7218","TGATCAATCGAAGTGA-1"
"7219","TGATCACAGAATCTCA-1"
"7220","TGATCACAGCTAATTG-1"
"7221","TGATCACAGCTCAAAC-1"
"7222","TGATCACAGCTGAGGG-1"
"7223","TGATCACAGGAACCGG-1"
"7224","TGATCACAGGCAGGTG-1"
"7225","TGATCACAGGCCTAAT-1"
"7226","TGATCACAGGCTTAGT-1"
"7227","TGATCACAGGTTACAC-1"
"7228","TGATCACAGTCATTTC-1"
"7229","TGATCAGGTCATCAAG-1"
"7230","TGATCAGGTGGAAGGC-1"
"7231","TGATCAGGTGGTTAGC-1"
"7232","TGATCCTGTAGCCTCC-1"
"7233","TGATCGAGTGAGACTC-1"
"7234","TGATCGAGTGGGTACT-1"
"7235","TGATGAACAACTCGCG-1"
"7236","TGATGAACAATCCTGA-1"
"7237","TGATGAACACTTAACG-1"
"7238","TGATGAACAGTTTACG-1"
"7239","TGATGAACATCCCGCT-1"
"7240","TGATGAACATTGTGTG-1"
"7241","TGATGACTCAATCATG-1"
"7242","TGATGACTCCCTTGCG-1"
"7243","TGATGACTCCGCATGA-1"
"7244","TGATGACTCCTGAATA-1"
"7245","TGATGACTCGCTAGCA-1"
"7246","TGATGACTCTAAGGAG-1"
"7247","TGATGACTCTCGACCT-1"
"7248","TGATGACTCTTGATGA-1"
"7249","TGATGATGTAAACAAG-1"
"7250","TGATGATGTTGGCCGA-1"
"7251","TGATGATGTTTAGTCC-1"
"7252","TGATGATGTTTGGGCG-1"
"7253","TGATTAGTCACTAAGC-1"
"7254","TGATTAGTCCTCACTA-1"
"7255","TGATTAGTCCTCAGCT-1"
"7256","TGATTAGTCCTCATGC-1"
"7257","TGATTAGTCGATCAGT-1"
"7258","TGATTAGTCTATTGTC-1"
"7259","TGATTCAAGCAAGATG-1"
"7260","TGATTCAAGCGAGCGA-1"
"7261","TGATTCAAGGAGTCGG-1"
"7262","TGATTCAAGGATGATG-1"
"7263","TGATTCAAGGCCTGGT-1"
"7264","TGATTCAAGTCACGAT-1"
"7265","TGATTGCAGGCGAATA-1"
"7266","TGATTGCAGGGTCTAT-1"
"7267","TGATTGCAGTTCCCAC-1"
"7268","TGCAAGCGTATTGAGT-1"
"7269","TGCAATATCTTAATGG-1"
"7270","TGCACACCAAGGTCGA-1"
"7271","TGCACACCATTGCGAC-1"
"7272","TGCACCTTCACGCCAA-1"
"7273","TGCACCTTCATGGCCA-1"
"7274","TGCACCTTCCCAGTAG-1"
"7275","TGCACCTTCGCACAAT-1"
"7276","TGCACTTGTAACGTGC-1"
"7277","TGCACTTGTACTTCAC-1"
"7278","TGCACTTGTGAGCACT-1"
"7279","TGCACTTGTGCATTAG-1"
"7280","TGCACTTGTGTGTGGT-1"
"7281","TGCACTTGTTAATGAC-1"
"7282","TGCACTTGTTAGGTTG-1"
"7283","TGCAGGCTCAACCAAC-1"
"7284","TGCAGGCTCACTCGCT-1"
"7285","TGCAGGCTCGCTAAGT-1"
"7286","TGCAGGCTCGTTTCGC-1"
"7287","TGCATCCTCATGCATA-1"
"7288","TGCATCCTCCGGTATG-1"
"7289","TGCATCCTCCTAAGAC-1"
"7290","TGCATCCTCTAATCTC-1"
"7291","TGCATCCTCTCAATTC-1"
"7292","TGCATCCTCTCTAGCC-1"
"7293","TGCATGAGTTGCTTCG-1"
"7294","TGCATGAGTTGGCCGA-1"
"7295","TGCATTAAGCGGATAA-1"
"7296","TGCATTAAGTTGGCCA-1"
"7297","TGCCATTGTAACAGGG-1"
"7298","TGCCATTGTCCTTCAG-1"
"7299","TGCCATTGTCTATCGT-1"
"7300","TGCCATTGTGCCTCAC-1"
"7301","TGCCATTGTTAAGCGC-1"
"7302","TGCCATTGTTACGCGG-1"
"7303","TGCCATTGTTTGTCTA-1"
"7304","TGCCGGTAGAATCGCT-1"
"7305","TGCCGGTAGCAAGGAC-1"
"7306","TGCCGGTAGCGCTCAA-1"
"7307","TGCCGGTAGCGGCTGT-1"
"7308","TGCCGGTAGGCGAATA-1"
"7309","TGCCGGTAGTAACGAG-1"
"7310","TGCCGGTAGTCACTCC-1"
"7311","TGCCGGTAGTTATCTC-1"
"7312","TGCCTGTTCAAGCTTA-1"
"7313","TGCCTGTTCAATGACC-1"
"7314","TGCCTGTTCACGCATG-1"
"7315","TGCCTGTTCACTAAGC-1"
"7316","TGCCTGTTCATGAGCT-1"
"7317","TGCCTGTTCATGCATA-1"
"7318","TGCCTGTTCATTCATC-1"
"7319","TGCCTGTTCCCTCGCA-1"
"7320","TGCCTGTTCCTCGATC-1"
"7321","TGCCTGTTCGACAAAG-1"
"7322","TGCCTGTTCGTTATAG-1"
"7323","TGCCTGTTCTAGCTAA-1"
"7324","TGCCTGTTCTTGTTCG-1"
"7325","TGCGATTAGGTCTTGG-1"
"7326","TGCGCAGGTCCAAGAC-1"
"7327","TGCGCAGGTGTCCTGC-1"
"7328","TGCGCAGGTTAGGTTG-1"
"7329","TGCGGTTCACATACTG-1"
"7330","TGCGGTTCAGAAATTG-1"
"7331","TGCGGTTCAGGTCCTG-1"
"7332","TGCTAACAGCTCATAA-1"
"7333","TGCTAACAGGATGATG-1"
"7334","TGCTAACAGGCCCAGT-1"
"7335","TGCTAACAGTCACCTC-1"
"7336","TGCTAGCCAAAGGCCA-1"
"7337","TGCTAGCCAACACTTG-1"
"7338","TGCTAGCCAGCAACAG-1"
"7339","TGCTAGCCAGCAAGAT-1"
"7340","TGCTAGCCAGCGCTTG-1"
"7341","TGCTAGCCAGGAATCG-1"
"7342","TGCTAGCCATCGTTCT-1"
"7343","TGCTAGCCATCTAGCA-1"
"7344","TGCTAGCCATTGTCAG-1"
"7345","TGCTATGCAGGCAAGC-1"
"7346","TGCTCAACAATAGCAA-1"
"7347","TGCTCAACAGACAAAC-1"
"7348","TGCTCAACAGCCTAAC-1"
"7349","TGCTCAACAGGGAGCT-1"
"7350","TGCTCAACATAGTCAT-1"
"7351","TGCTCAACATTGTTGG-1"
"7352","TGCTCACTCATGTTTC-1"
"7353","TGCTCACTCCACCTTA-1"
"7354","TGCTCACTCGAAGTGA-1"
"7355","TGCTCCGTCAAACTCA-1"
"7356","TGCTCCGTCAATGTGC-1"
"7357","TGCTCCGTCCGCCTCA-1"
"7358","TGCTCCGTCCTAAGGT-1"
"7359","TGCTCCGTCCTCACTA-1"
"7360","TGCTCTCAGCAGGCCT-1"
"7361","TGCTGGATCAATCTCT-1"
"7362","TGCTGGATCATTACGA-1"
"7363","TGCTGGATCATTTGCT-1"
"7364","TGCTGGATCCGGTATG-1"
"7365","TGCTGGATCCTAGTAA-1"
"7366","TGCTGGATCTAGCTAA-1"
"7367","TGCTGGATCTGTTGCC-1"
"7368","TGCTTAAAGATGGACA-1"
"7369","TGCTTAAAGGTCTTGG-1"
"7370","TGCTTAAAGTGATTCA-1"
"7371","TGCTTCATCTAGCTTT-1"
"7372","TGCTTCATCTTAGCGG-1"
"7373","TGCTTCCAGCAAGGGT-1"
"7374","TGCTTCCAGCTTTGTT-1"
"7375","TGCTTCCAGGCATTGT-1"
"7376","TGCTTGCTCAATCTCT-1"
"7377","TGCTTGCTCATAAGCC-1"
"7378","TGCTTGCTCCAGGTTG-1"
"7379","TGCTTGCTCCTGGTGA-1"
"7380","TGCTTGCTCGCACACA-1"
"7381","TGCTTGTGTCACAAAT-1"
"7382","TGCTTGTGTGACCTGG-1"
"7383","TGCTTGTGTTGGATCA-1"
"7384","TGCTTTAGTGGGTACT-1"
"7385","TGCTTTAGTTGGCCGA-1"
"7386","TGGAACAAGCCTCTGT-1"
"7387","TGGAACAAGCGCCTTT-1"
"7388","TGGAACAAGGCCCAGT-1"
"7389","TGGAACAAGGTCCTGA-1"
"7390","TGGAACAAGGTTACGT-1"
"7391","TGGAACAAGGTTTGAC-1"
"7392","TGGAACAAGTAGCGCC-1"
"7393","TGGACAAAGACACCGC-1"
"7394","TGGACAAAGAGCCGCT-1"
"7395","TGGACAAAGCGCCTAA-1"
"7396","TGGACAAAGGCTGTCA-1"
"7397","TGGACAAAGGTCCTGA-1"
"7398","TGGACAAAGTCAATTG-1"
"7399","TGGACCGGTAATCCCT-1"
"7400","TGGACCGGTCCTTAGT-1"
"7401","TGGACCGGTCTCACTG-1"
"7402","TGGACCGGTGAAACAA-1"
"7403","TGGACCGGTTTAGTCC-1"
"7404","TGGACGGAGCATGCAT-1"
"7405","TGGACGGAGCCTGTGA-1"
"7406","TGGACGGAGCGAAGTA-1"
"7407","TGGACGGAGCTCCCTG-1"
"7408","TGGACGGAGCTGTCAG-1"
"7409","TGGACGGAGGACAACA-1"
"7410","TGGACGGAGGAGGTTA-1"
"7411","TGGACGGAGGTGCTGC-1"
"7412","TGGACGGAGTCATGCG-1"
"7413","TGGACTAGTAATAGCT-1"
"7414","TGGACTAGTATACTGG-1"
"7415","TGGACTAGTCAATAGT-1"
"7416","TGGACTAGTGGGTACT-1"
"7417","TGGATTCAGCATGCAT-1"
"7418","TGGATTCAGCTACTGG-1"
"7419","TGGATTCAGGAACCAA-1"
"7420","TGGATTCAGGTTTACA-1"
"7421","TGGATTGGTAGCAGCT-1"
"7422","TGGATTGGTGTCCAGG-1"
"7423","TGGCCAATCAAGCTAC-1"
"7424","TGGCCAATCCGGGACT-1"
"7425","TGGCCAATCCTAAGTA-1"
"7426","TGGCCAATCTGGCATG-1"
"7427","TGGCCATCAAGGAATC-1"
"7428","TGGCCATCAATCCTGA-1"
"7429","TGGCCATCACAAGCCT-1"
"7430","TGGCCATCATAGCTGC-1"
"7431","TGGCCATCATGTTGTG-1"
"7432","TGGCCATCATTAGCGC-1"
"7433","TGGCCTGCACAGCCAT-1"
"7434","TGGCCTGCACGAATTT-1"
"7435","TGGCCTGCACGTGCTG-1"
"7436","TGGCCTGCACTAAATC-1"
"7437","TGGCCTGCACTGGCTG-1"
"7438","TGGCCTGCAGATTCAT-1"
"7439","TGGCCTGCAGCTTAGC-1"
"7440","TGGCCTGCAGTAGCCT-1"
"7441","TGGCCTGCATCAGCAC-1"
"7442","TGGCCTGCATTAGCCA-1"
"7443","TGGCCTGCATTGTGTG-1"
"7444","TGGCCTTTCAAGCCTG-1"
"7445","TGGCCTTTCAGCACGC-1"
"7446","TGGCCTTTCATGCCTC-1"
"7447","TGGCCTTTCCCGCCTA-1"
"7448","TGGCCTTTCCTGGTCT-1"
"7449","TGGCCTTTCGGTTCCT-1"
"7450","TGGCGGTTCAAATCGC-1"
"7451","TGGCGGTTCACTAGGT-1"
"7452","TGGCGGTTCATAACTG-1"
"7453","TGGCGGTTCGATAACC-1"
"7454","TGGCGGTTCGATCAGT-1"
"7455","TGGCTAAGTATTGAGT-1"
"7456","TGGCTAAGTGTGTCCC-1"
"7457","TGGCTAAGTTATTGCC-1"
"7458","TGGCTAAGTTTAACCC-1"
"7459","TGGCTATAGACTAAGG-1"
"7460","TGGCTATAGAGGAGGA-1"
"7461","TGGCTATAGCACCACA-1"
"7462","TGGCTATAGGTGTTAC-1"
"7463","TGGCTATAGTAGGCGG-1"
"7464","TGGCTATAGTTTGAGC-1"
"7465","TGGCTTTGTGCTCCAC-1"
"7466","TGGCTTTGTTATCGAG-1"
"7467","TGGCTTTGTTCACCCA-1"
"7468","TGGCTTTGTTTGACCT-1"
"7469","TGGCTTTGTTTGCAGA-1"
"7470","TGGGCATGTAATCGCA-1"
"7471","TGGGCATGTGGATTAT-1"
"7472","TGGGCATGTGTGTGGT-1"
"7473","TGGGCATGTGTTTGCT-1"
"7474","TGGGCCTAGACACCGC-1"
"7475","TGGGCCTAGATTGAGG-1"
"7476","TGGGCCTAGCTATATG-1"
"7477","TGGGCCTAGGTGAAGC-1"
"7478","TGGTAAACAACTAACT-1"
"7479","TGGTAAACAACTGGGA-1"
"7480","TGGTAAACAAGCTTAT-1"
"7481","TGGTAAACACCTCGCT-1"
"7482","TGGTAAACATTAGGCC-1"
"7483","TGGTCAAGTAAGGTCC-1"
"7484","TGGTCAGTCCATAATG-1"
"7485","TGGTCAGTCGCTTCTA-1"
"7486","TGGTCAGTCGTAATCA-1"
"7487","TGGTCATAGCATCCAG-1"
"7488","TGGTCATAGTAGGATG-1"
"7489","TGGTCCTTCAAGTGTC-1"
"7490","TGGTCCTTCCAGGAAA-1"
"7491","TGGTCCTTCCTAAGTA-1"
"7492","TGGTCCTTCCTAATTC-1"
"7493","TGGTCCTTCCTTGCAC-1"
"7494","TGGTCCTTCGTACCGA-1"
"7495","TGGTCCTTCTTCAATC-1"
"7496","TGGTGATTCAAACCGT-1"
"7497","TGGTGATTCATGCTCC-1"
"7498","TGGTGATTCCCATAGG-1"
"7499","TGGTGATTCCCTCAGT-1"
"7500","TGGTGATTCCTAATGA-1"
"7501","TGGTGATTCGAGGAGT-1"
"7502","TGGTGATTCGCTTCTA-1"
"7503","TGGTGATTCGTGCTTC-1"
"7504","TGGTGCATCACCAATA-1"
"7505","TGGTGCATCCCGAACA-1"
"7506","TGGTGCATCCTCACTA-1"
"7507","TGGTGCATCGCTTGCT-1"
"7508","TGGTTAATCCGGGACT-1"
"7509","TGGTTAATCCTCACTA-1"
"7510","TGGTTAATCTTGAGGT-1"
"7511","TGGTTCCTCAACCAAC-1"
"7512","TGGTTCCTCCGCCTCA-1"
"7513","TGGTTCCTCCTAAGGT-1"
"7514","TGGTTCCTCGCTATGG-1"
"7515","TGGTTCCTCGGTACGC-1"
"7516","TGGTTCCTCGTTTCCA-1"
"7517","TGGTTCCTCTCACAAA-1"
"7518","TGGTTCCTCTCGCCTG-1"
"7519","TGGTTCTGTTGAGCCG-1"
"7520","TGGTTCTGTTTGACCT-1"
"7521","TGGTTGAGTCATCATC-1"
"7522","TGGTTGAGTGCGCGTA-1"
"7523","TGGTTGAGTGCTCCGT-1"
"7524","TGGTTGAGTTACATCC-1"
"7525","TGGTTGAGTTGGATAT-1"
"7526","TGTAAAGCAAGGTGGC-1"
"7527","TGTAAAGCACAGAACG-1"
"7528","TGTAACTCACTATGGC-1"
"7529","TGTAACTCAGGAATCG-1"
"7530","TGTAACTCAGGCTAAG-1"
"7531","TGTAAGCTCACTTCAT-1"
"7532","TGTAAGCTCCCTCAAC-1"
"7533","TGTAAGCTCGCACAAT-1"
"7534","TGTAAGTGTGGACATC-1"
"7535","TGTAATGTCACAAGCT-1"
"7536","TGTAATGTCCAAGTTA-1"
"7537","TGTAATGTCGCCTGTT-1"
"7538","TGTAATGTCTAAGTGC-1"
"7539","TGTAATGTCTTTAGGA-1"
"7540","TGTATCCGTTACTTGC-1"
"7541","TGTCAATCAAACAACA-1"
"7542","TGTCAATCAACGTGCT-1"
"7543","TGTCAATCAGCAATAA-1"
"7544","TGTCAATCAGGCCTTG-1"
"7545","TGTCAGTAGCGTGCGT-1"
"7546","TGTCAGTAGCTATATG-1"
"7547","TGTCAGTAGGTTTGCG-1"
"7548","TGTCAGTAGTTAGGCT-1"
"7549","TGTCAGTAGTTCCTGC-1"
"7550","TGTCATAAGCGAGCGA-1"
"7551","TGTCATAAGGATCACT-1"
"7552","TGTCATAAGTAGCCAT-1"
"7553","TGTCATAAGTGAACGA-1"
"7554","TGTCATAAGTTTGGGT-1"
"7555","TGTCCTGGTCATGCAA-1"
"7556","TGTCCTGGTGCACGCA-1"
"7557","TGTCCTGGTTGTTCAC-1"
"7558","TGTCCTTCAAGACTCC-1"
"7559","TGTCCTTCAATGAATG-1"
"7560","TGTCCTTCACAACAAA-1"
"7561","TGTCCTTCACAGAAAC-1"
"7562","TGTCCTTCAGTAGGAT-1"
"7563","TGTCCTTCAGTATGTT-1"
"7564","TGTCCTTCAGTTAGCC-1"
"7565","TGTCCTTCAGTTTGTG-1"
"7566","TGTCCTTCATTAAACC-1"
"7567","TGTCCTTCATTGACAT-1"
"7568","TGTGAAACAAGCGAGC-1"
"7569","TGTGAAACAAGCTAAA-1"
"7570","TGTGAAACAATCGCAC-1"
"7571","TGTGAAACACAAACTT-1"
"7572","TGTGAAACACAATGCC-1"
"7573","TGTGAAACACCATATG-1"
"7574","TGTGAAACAGTTTCTC-1"
"7575","TGTGAAACATATTGAC-1"
"7576","TGTGATCAGACAAACG-1"
"7577","TGTGATCAGAGGGACT-1"
"7578","TGTGATCAGGTAACGA-1"
"7579","TGTGATCAGGTCCACA-1"
"7580","TGTGATCAGTTAGGCT-1"
"7581","TGTGATCAGTTATGGC-1"
"7582","TGTGCAAGTTTACTTG-1"
"7583","TGTGCGCAGACTATTG-1"
"7584","TGTGCGCAGCTTCCCG-1"
"7585","TGTGCGCAGGCCATCA-1"
"7586","TGTGCGCAGTCACCAG-1"
"7587","TGTGCGGGTAATGACT-1"
"7588","TGTGCGGGTGGAGCAA-1"
"7589","TGTGCGGGTGGATTAT-1"
"7590","TGTGCGGGTGGTTAGC-1"
"7591","TGTGCTGAGCTCAATA-1"
"7592","TGTGCTGAGCTGTCAG-1"
"7593","TGTGCTGAGGCATGTT-1"
"7594","TGTGGAGCAACTGGGA-1"
"7595","TGTGGAGCACAAGCCT-1"
"7596","TGTGGAGCAGCAAATA-1"
"7597","TGTGGAGCAGCGCTTG-1"
"7598","TGTGGAGCAGTAGCCT-1"
"7599","TGTGGAGCAGTTAAAG-1"
"7600","TGTGGAGCATTGGGAG-1"
"7601","TGTGGCCAGCCTGAGC-1"
"7602","TGTGGCCAGCGCCTTT-1"
"7603","TGTGGCCAGTCCTGAG-1"
"7604","TGTGGCCAGTTAGGCT-1"
"7605","TGTGGCGGTAGCTGGT-1"
"7606","TGTGGCGGTGATGATT-1"
"7607","TGTGGCGGTTCATCTA-1"
"7608","TGTGGCGGTTGCTGGG-1"
"7609","TGTGGCGGTTTGGCTT-1"
"7610","TGTGGCGGTTTGGGCG-1"
"7611","TGTGGCTCAAGGTGCA-1"
"7612","TGTGGCTCAATAATGG-1"
"7613","TGTGGCTCACATGCTA-1"
"7614","TGTGGCTCACATTGCA-1"
"7615","TGTGTGAGTATCTGGA-1"
"7616","TGTGTGAGTTGAGCCG-1"
"7617","TGTGTGAGTTTAACCC-1"
"7618","TGTGTGAGTTTGGGCG-1"
"7619","TGTGTTAAGCCGGTAC-1"
"7620","TGTGTTAAGCTTGCTC-1"
"7621","TGTGTTAAGGCTAATC-1"
"7622","TGTGTTAAGGTGCTGC-1"
"7623","TGTGTTAAGTCTCACC-1"
"7624","TGTGTTAAGTTAGTTG-1"
"7625","TGTGTTAAGTTATTCC-1"
"7626","TGTGTTAAGTTTCCGC-1"
"7627","TGTTACTTCAATTACG-1"
"7628","TGTTACTTCAGGCCTA-1"
"7629","TGTTACTTCGTTAGTA-1"
"7630","TGTTAGCAGATTGAGG-1"
"7631","TGTTAGCAGGCTAAGA-1"
"7632","TGTTAGCAGTCAGTAC-1"
"7633","TGTTATGAGCCAGTAT-1"
"7634","TGTTATGAGGCTAGAA-1"
"7635","TGTTATGAGTAACCCG-1"
"7636","TGTTATGAGTAGCTTA-1"
"7637","TGTTCCTCAATGCCTA-1"
"7638","TGTTCCTCAATTGCGC-1"
"7639","TGTTCCTCAGCACGTT-1"
"7640","TGTTCCTCAGCCGCTA-1"
"7641","TGTTCCTCAGCTCATA-1"
"7642","TGTTCCTCATAAGGAC-1"
"7643","TGTTGCACACTTCACT-1"
"7644","TGTTGCACAGGCTGTT-1"
"7645","TGTTGCACAGGTCCTG-1"
"7646","TGTTGCACATAGCTGC-1"
"7647","TGTTGCACATGAGTTT-1"
"7648","TGTTGGCCAACCTAAT-1"
"7649","TGTTGGCCAAGTGTCC-1"
"7650","TGTTGGCCAGTAGCCT-1"
"7651","TGTTGGCCATCACAGC-1"
"7652","TGTTGTAAGCTGTCAG-1"
"7653","TGTTGTAAGGGCCACT-1"
"7654","TGTTGTGCAAACCTAT-1"
"7655","TGTTGTGCAATAGCAA-1"
"7656","TGTTGTGCACCTATAG-1"
"7657","TGTTGTGCAGAATGAC-1"
"7658","TGTTGTGCAGCACCAT-1"
"7659","TGTTGTGCATGAGCAG-1"
"7660","TGTTGTTTCAGTGAAG-1"
"7661","TGTTGTTTCATTTGCT-1"
"7662","TGTTGTTTCCGCAAAT-1"
"7663","TGTTGTTTCCGCAAGC-1"
"7664","TGTTGTTTCCGGGACT-1"
"7665","TGTTGTTTCCGTTATT-1"
"7666","TGTTGTTTCGGCTATG-1"
"7667","TTAAAGGCAATGAATG-1"
"7668","TTAAAGGCAATTAGCT-1"
"7669","TTAAAGGCACCTCAGG-1"
"7670","TTAAAGGCAGCAAGGC-1"
"7671","TTAAAGGCATCCCTCA-1"
"7672","TTAAAGGCATTATGAC-1"
"7673","TTAACCAAGAACCTAC-1"
"7674","TTAACCAAGCGAGCGA-1"
"7675","TTAACCAAGCTTAGTA-1"
"7676","TTAACCAAGCTTATGA-1"
"7677","TTAACCAAGCTTCTCA-1"
"7678","TTAACCAAGGCAATAG-1"
"7679","TTAACCAAGGCGCTAC-1"
"7680","TTAACCAAGTAGCCAT-1"
"7681","TTAACTGAGATAAAGC-1"
"7682","TTAACTGAGCAGCTAT-1"
"7683","TTAACTGAGCATGCAT-1"
"7684","TTAACTGAGCTCATAA-1"
"7685","TTAACTGAGGGACTAA-1"
"7686","TTAAGCCAGCACAGGG-1"
"7687","TTAAGCCAGCTCGCTT-1"
"7688","TTAAGCCAGGCTACTG-1"
"7689","TTAAGGACAAAGCTAA-1"
"7690","TTAAGGACACAGGAAT-1"
"7691","TTAAGGACACTGGCCA-1"
"7692","TTAAGGACAGCAATAA-1"
"7693","TTAAGGACAGGATGGC-1"
"7694","TTAAGGACAGGCATCT-1"
"7695","TTAAGGACATAAGTTC-1"
"7696","TTAAGGACATTTAAGC-1"
"7697","TTAAGGTGTAGCTAGC-1"
"7698","TTAAGGTGTGTTTGCT-1"
"7699","TTAAGTGTCCTAGTTT-1"
"7700","TTAAGTGTCCTCAGTC-1"
"7701","TTAAGTGTCGGGCCAT-1"
"7702","TTAAGTGTCTGCAACG-1"
"7703","TTAAGTGTCTTAGTGA-1"
"7704","TTAATCGAGCTCATAA-1"
"7705","TTAATCGAGGCCCAGT-1"
"7706","TTAATCGAGGGTCTAT-1"
"7707","TTACACCGTAGTTGGC-1"
"7708","TTACACCGTATTGTGG-1"
"7709","TTACACCGTTAGCTGA-1"
"7710","TTACACCGTTGGTGAC-1"
"7711","TTACACCGTTTAGTCC-1"
"7712","TTACAGCAGCAAGACA-1"
"7713","TTACAGCAGGCACAGG-1"
"7714","TTACAGCAGGCGCACT-1"
"7715","TTACAGCAGGGACCTC-1"
"7716","TTACAGCAGTAAGTCC-1"
"7717","TTACCGTGTCCTAACT-1"
"7718","TTACCGTGTGTTTGCT-1"
"7719","TTACCGTGTTCACCAT-1"
"7720","TTACCGTGTTGTTCAC-1"
"7721","TTACCTGTCATGAGCT-1"
"7722","TTACCTGTCGGTTTGG-1"
"7723","TTACCTGTCTCCTCTT-1"
"7724","TTACCTGTCTTTGAGA-1"
"7725","TTACCTGTCTTTGTAC-1"
"7726","TTACGTTTCAGCACCA-1"
"7727","TTACGTTTCAGCACGC-1"
"7728","TTACGTTTCCGCCTAT-1"
"7729","TTACGTTTCTTAGCCC-1"
"7730","TTAGAAGCAAGGTCCT-1"
"7731","TTAGAAGCAATTGAAG-1"
"7732","TTAGAAGCACAATACT-1"
"7733","TTAGAAGCACCACAAC-1"
"7734","TTAGAAGCACTTAACG-1"
"7735","TTAGAAGCAGAAATGC-1"
"7736","TTAGAAGCATGCTCCC-1"
"7737","TTAGACTCAAGGTGGC-1"
"7738","TTAGACTCACTGACTA-1"
"7739","TTAGACTCAGAGAGCC-1"
"7740","TTAGACTCAGTACCGT-1"
"7741","TTAGACTCATGAATCT-1"
"7742","TTAGCAATCATTTGCT-1"
"7743","TTAGCAATCCTGGCTT-1"
"7744","TTAGCAATCGCTTGCT-1"
"7745","TTAGCAATCTAGCGTG-1"
"7746","TTAGCCTGTCAATGTG-1"
"7747","TTAGCCTGTTAGGTTG-1"
"7748","TTAGCCTGTTGTTGTC-1"
"7749","TTAGCCTGTTTGAGCA-1"
"7750","TTAGCGGTCAAGCGCC-1"
"7751","TTAGCGGTCCGTCCAT-1"
"7752","TTAGCGGTCTAACTGA-1"
"7753","TTAGCTGCACGGTTTA-1"
"7754","TTAGCTGCAGAAATGC-1"
"7755","TTAGGAACACAACAGG-1"
"7756","TTAGGAACACAGCCAT-1"
"7757","TTAGGAACAGCACCAT-1"
"7758","TTAGGAACAGCATTAT-1"
"7759","TTAGGATGTCCTCCAA-1"
"7760","TTAGGATGTGAGACTC-1"
"7761","TTAGGATGTTAATGAC-1"
"7762","TTAGGATGTTACAAAC-1"
"7763","TTAGGATGTTATGTGG-1"
"7764","TTAGGCCCAAACTGTT-1"
"7765","TTAGGCCCAAAGCTAA-1"
"7766","TTAGGCCCAACCCTAA-1"
"7767","TTAGGCCCAATTTGGT-1"
"7768","TTAGGCCCACAAAGGT-1"
"7769","TTAGGCCCACTTCATC-1"
"7770","TTAGGCCCAGCAAGAT-1"
"7771","TTAGGCCCAGGAATCG-1"
"7772","TTAGGCCCAGTGAACG-1"
"7773","TTAGGCCCATCGCTTT-1"
"7774","TTAGGCCCATGTCGCG-1"
"7775","TTAGGCCCATTATGAC-1"
"7776","TTAGGCGTCACTCAAA-1"
"7777","TTAGGCGTCCCATAAA-1"
"7778","TTAGGCGTCCGTTAAA-1"
"7779","TTAGGCGTCGGGCCAT-1"
"7780","TTAGGCGTCTTCAATC-1"
"7781","TTAGGCGTCTTGGACG-1"
"7782","TTAGGCTAGCGATAGA-1"
"7783","TTAGGCTAGCTAATTG-1"
"7784","TTAGGCTAGGCAGGTG-1"
"7785","TTAGGCTAGGCTGGCT-1"
"7786","TTAGTCAAGAATCTCA-1"
"7787","TTAGTCAAGCCATCAG-1"
"7788","TTAGTCAAGCGAGGTG-1"
"7789","TTAGTCAAGCTGGCTA-1"
"7790","TTAGTCAAGGCCAATT-1"
"7791","TTATAGCCACAAAGAC-1"
"7792","TTATAGCCACCTATAG-1"
"7793","TTATAGCCATGAGCAG-1"
"7794","TTATAGCCATGTTGTG-1"
"7795","TTATCCGTCATGAAGG-1"
"7796","TTATCCGTCCTCAGTC-1"
"7797","TTATCCGTCGACAAAG-1"
"7798","TTATCCGTCGCTATGG-1"
"7799","TTATCCGTCTCCTCTT-1"
"7800","TTATCCTAGCTGAGGG-1"
"7801","TTATCCTAGGAGCAAC-1"
"7802","TTATCCTAGGCTAATC-1"
"7803","TTATCCTAGGTTAGAG-1"
"7804","TTATCCTAGTCCTGAG-1"
"7805","TTATCCTAGTTATTCC-1"
"7806","TTATCCTAGTTTGAGC-1"
"7807","TTATGACCAATGCCCG-1"
"7808","TTATGACCACCTGTAA-1"
"7809","TTATGACCACTATGGC-1"
"7810","TTATGACCATGGCCCA-1"
"7811","TTATGACCATTAGCCA-1"
"7812","TTATTGCTCATTACGA-1"
"7813","TTATTGCTCATTCATC-1"
"7814","TTATTGCTCATTTGCT-1"
"7815","TTATTGCTCGCTAGAT-1"
"7816","TTATTGCTCTAGCGTG-1"
"7817","TTATTGCTCTGTGCCT-1"
"7818","TTCAACCGTTAGCTGA-1"
"7819","TTCAACCGTTCATTTG-1"
"7820","TTCACTGTCAAGCTAC-1"
"7821","TTCACTGTCACAGCCA-1"
"7822","TTCACTGTCATGCTTT-1"
"7823","TTCACTGTCATGGCCA-1"
"7824","TTCACTGTCATTTGCT-1"
"7825","TTCACTGTCCCGTTGT-1"
"7826","TTCACTGTCCTGAATA-1"
"7827","TTCACTGTCCTTCGTA-1"
"7828","TTCACTGTCGCAAACT-1"
"7829","TTCACTGTCGCACAAT-1"
"7830","TTCAGCACAATTAGCT-1"
"7831","TTCAGTTTCAGCAAAG-1"
"7832","TTCAGTTTCCGGTTAG-1"
"7833","TTCAGTTTCCTGATGG-1"
"7834","TTCAGTTTCGGTCAAT-1"
"7835","TTCATCCCAAGGTATA-1"
"7836","TTCATCCCAATGCGCT-1"
"7837","TTCATCCCACTAAGAA-1"
"7838","TTCATCCCAGCAAGTG-1"
"7839","TTCATCCCAGCAATAA-1"
"7840","TTCATCCCAGCACGTT-1"
"7841","TTCATCCCAGGCTTCG-1"
"7842","TTCATCCCAGTGAACG-1"
"7843","TTCATCCCATAATCGT-1"
"7844","TTCATCCCATGTTGTG-1"
"7845","TTCATCCCATTAAGCT-1"
"7846","TTCATTCAGAAAGGAA-1"
"7847","TTCATTCAGCTTAGTA-1"
"7848","TTCATTCAGGAACACA-1"
"7849","TTCATTCAGTTAGAGG-1"
"7850","TTCCACGGTGCTCCGT-1"
"7851","TTCCACGGTTCTTTAG-1"
"7852","TTCCACGGTTTGACCT-1"
"7853","TTCCCACAGCCGCAGT-1"
"7854","TTCCCACAGCGAGCGA-1"
"7855","TTCCCACAGGACTTAC-1"
"7856","TTCCCACAGGAGTCGG-1"
"7857","TTCCCACAGTAACCAC-1"
"7858","TTCCCACAGTAAGTGG-1"
"7859","TTCCCACAGTGAGCAA-1"
"7860","TTCCCGCCAAATACCT-1"
"7861","TTCCCGCCAATCGCAC-1"
"7862","TTCCCGCCACAGCCAT-1"
"7863","TTCCCGCCATCGCTTT-1"
"7864","TTCCTCAAGACACTTA-1"
"7865","TTCCTCAAGCATTATG-1"
"7866","TTCCTCAAGGTTACGT-1"
"7867","TTCCTTCTCCGGTTGA-1"
"7868","TTCCTTCTCCTGGTCT-1"
"7869","TTCCTTCTCGCCTAAG-1"
"7870","TTCCTTCTCGGTAACT-1"
"7871","TTCCTTCTCTCCATGC-1"
"7872","TTCCTTCTCTTGCTAT-1"
"7873","TTCCTTCTCTTGGATA-1"
"7874","TTCCTTGAGCAAGGGT-1"
"7875","TTCCTTGAGGAACCGG-1"
"7876","TTCCTTGAGGCTGGCT-1"
"7877","TTCCTTGAGTAGGATG-1"
"7878","TTCCTTGAGTGAACCT-1"
"7879","TTCGCAACAACTGGCT-1"
"7880","TTCGCAACAAGCTACC-1"
"7881","TTCGCAACACTGGCCA-1"
"7882","TTCGCAACATTGTTGG-1"
"7883","TTCGGTACAACAACAA-1"
"7884","TTCGGTACAACGTGCT-1"
"7885","TTCGGTACAATTATGC-1"
"7886","TTCGGTACACCCACCT-1"
"7887","TTCGGTACACTAAGCC-1"
"7888","TTCGGTACACTGACTA-1"
"7889","TTCGGTACACTGGCTG-1"
"7890","TTCGGTACAGAAACGT-1"
"7891","TTCGGTACAGTAAGTA-1"
"7892","TTCGGTACATGACTAT-1"
"7893","TTCGTGCTCGATTATG-1"
"7894","TTCGTGCTCGCACACA-1"
"7895","TTCGTGCTCGTACCGA-1"
"7896","TTCGTGCTCGTTAAGC-1"
"7897","TTCGTGCTCTTAGGGT-1"
"7898","TTCGTTAGTAATCGCA-1"
"7899","TTCGTTAGTGGATTAT-1"
"7900","TTCGTTAGTTACGCGG-1"
"7901","TTCTTAGGTGCTCCAC-1"
"7902","TTCTTAGGTTACATCC-1"
"7903","TTGACATCAAGCCACT-1"
"7904","TTGACATCATGAATCT-1"
"7905","TTGACATCATTGTCAG-1"
"7906","TTGACTAAGCACTAGT-1"
"7907","TTGACTAAGCGCCTTT-1"
"7908","TTGACTAAGGACAATG-1"
"7909","TTGACTAAGTATTGGC-1"
"7910","TTGAGCTAGGCGTAAA-1"
"7911","TTGAGCTAGTATTGGC-1"
"7912","TTGAGCTAGTCTCACC-1"
"7913","TTGAGCTAGTTGCGTG-1"
"7914","TTGAGGCGTACCAGGT-1"
"7915","TTGAGGCGTAGCCTCC-1"
"7916","TTGAGGCGTCAGTAAT-1"
"7917","TTGAGGCGTTAATGCG-1"
"7918","TTGAGGCGTTACCTGT-1"
"7919","TTGAGGCGTTGGCCGA-1"
"7920","TTGATGTCAGAATGAC-1"
"7921","TTGATGTCAGCTTAGC-1"
"7922","TTGATGTCAGTTTGGC-1"
"7923","TTGATGTCATCAGCAC-1"
"7924","TTGATGTCATGAATAG-1"
"7925","TTGCAACAGAGGGACT-1"
"7926","TTGCAACAGGTAAGGC-1"
"7927","TTGCAACAGGTTTGCG-1"
"7928","TTGCAAGGTGAACAAA-1"
"7929","TTGCAAGGTGTGTGGT-1"
"7930","TTGCAATCAAGTTATC-1"
"7931","TTGCAATCAATCATGT-1"
"7932","TTGCAATCACCCACAG-1"
"7933","TTGCAATCAGCAAGTG-1"
"7934","TTGCAATCAGTTTGGC-1"
"7935","TTGCACACACCCACCT-1"
"7936","TTGCACACAGCCTGCA-1"
"7937","TTGCACACAGGAAGCC-1"
"7938","TTGCAGCCACAATGCC-1"
"7939","TTGCAGCCACCACAAC-1"
"7940","TTGCAGCCATGCTCCC-1"
"7941","TTGCATTTCACCTGTC-1"
"7942","TTGCATTTCCTTGCGT-1"
"7943","TTGCATTTCGTTAGCG-1"
"7944","TTGCATTTCTCATCAT-1"
"7945","TTGCATTTCTTTGACT-1"
"7946","TTGCCCGTCAATTACG-1"
"7947","TTGCCCGTCACAGCCA-1"
"7948","TTGCCCGTCCCGCCTA-1"
"7949","TTGCCCGTCCGCAAGC-1"
"7950","TTGCCCGTCGGGACTC-1"
"7951","TTGCCCGTCGGGCCAT-1"
"7952","TTGCCCGTCTCGACCT-1"
"7953","TTGCCCGTCTGGTCCT-1"
"7954","TTGCGAGTCAATCTAG-1"
"7955","TTGCGAGTCCGCAACA-1"
"7956","TTGCGAGTCCTCATCA-1"
"7957","TTGCGAGTCGCACAAT-1"
"7958","TTGCGAGTCTTAGTGA-1"
"7959","TTGCTCTCAAGTTATC-1"
"7960","TTGCTCTCACAAAGAC-1"
"7961","TTGCTCTCACCATATG-1"
"7962","TTGCTCTCAGGCATCT-1"
"7963","TTGCTTAGTATTTGCC-1"
"7964","TTGCTTAGTCATCCTG-1"
"7965","TTGCTTAGTTGCGGAT-1"
"7966","TTGCTTTAGACAAACG-1"
"7967","TTGCTTTAGCATTATG-1"
"7968","TTGCTTTAGCGGATAA-1"
"7969","TTGCTTTAGCTTAGCG-1"
"7970","TTGCTTTAGGCGCATC-1"
"7971","TTGCTTTAGGTCAAAG-1"
"7972","TTGCTTTAGGTCTTGG-1"
"7973","TTGCTTTAGGTGTTAC-1"
"7974","TTGCTTTAGTAAGGGC-1"
"7975","TTGCTTTAGTGTTGCG-1"
"7976","TTGGAGGCAAGTGTTT-1"
"7977","TTGGAGGCACAGGAAT-1"
"7978","TTGGAGGCAGGTATTT-1"
"7979","TTGGATATCATAAGCC-1"
"7980","TTGGATATCATCACTT-1"
"7981","TTGGATATCATGCGTG-1"
"7982","TTGGATATCCTAATGA-1"
"7983","TTGGATATCGCAGGCT-1"
"7984","TTGGATATCTCCATAT-1"
"7985","TTGGATCAGAGGAGGA-1"
"7986","TTGGATCAGCATTAGC-1"
"7987","TTGGATCAGGAGTCTT-1"
"7988","TTGGATCAGGCACAGG-1"
"7989","TTGGATCAGGCCTAAT-1"
"7990","TTGGATTCACATACTG-1"
"7991","TTGGATTCACGTTACA-1"
"7992","TTGGATTCAGGTCCTG-1"
"7993","TTGGCGGGTCATGCCC-1"
"7994","TTGGCGGGTTCGCTTG-1"
"7995","TTGGCGGGTTTGGCTT-1"
"7996","TTGGCTACACATAACT-1"
"7997","TTGGCTACACTTAACG-1"
"7998","TTGGCTACAGCATTAT-1"
"7999","TTGGCTGAGACTAAGG-1"
"8000","TTGGCTTGTACCAGGT-1"
"8001","TTGGCTTGTGCTCCGT-1"
"8002","TTGGCTTGTGTTTGTC-1"
"8003","TTGGGCCAGACTAAGG-1"
"8004","TTGGGCCAGGGACTAA-1"
"8005","TTGGGCCAGGTTAGCT-1"
"8006","TTGGGCCAGTTAGAGG-1"
"8007","TTGGGCGGTAGTCAAT-1"
"8008","TTGGGCGGTGGACCTG-1"
"8009","TTGGGCGGTGTTAAAC-1"
"8010","TTGGGCGGTTCATTTG-1"
"8011","TTGGGCGGTTTACTTG-1"
"8012","TTGGGTTAGATGCCTG-1"
"8013","TTGGGTTAGCCTTAAA-1"
"8014","TTGGGTTAGGACCTCA-1"
"8015","TTGGGTTAGGGTTATC-1"
"8016","TTGGGTTAGTATTGTG-1"
"8017","TTGGGTTAGTTCCCGT-1"
"8018","TTGGTGAGTAGTAAGA-1"
"8019","TTGGTGAGTTACTTCA-1"
"8020","TTGGTGAGTTGGATCA-1"
"8021","TTGTAAGTCATGTGGT-1"
"8022","TTGTAAGTCCTCCCTC-1"
"8023","TTGTAAGTCGAGGAGT-1"
"8024","TTGTAAGTCGGGACTC-1"
"8025","TTGTCAAAGACAACGA-1"
"8026","TTGTCCATCAAGCGCC-1"
"8027","TTGTCCATCACACAGT-1"
"8028","TTGTCCATCACCAATA-1"
"8029","TTGTCCATCCTTGCAC-1"
"8030","TTGTCCATCGTTAACA-1"
"8031","TTGTCCATCGTTACTT-1"
"8032","TTGTCCCAGCGCAATT-1"
"8033","TTGTCCCAGGTTACAC-1"
"8034","TTGTCCCAGTATCGCG-1"
"8035","TTGTCCCAGTGAACAG-1"
"8036","TTGTCCGGTGACCTGG-1"
"8037","TTGTGAGGTCGACTAA-1"
"8038","TTGTGAGGTCGTTACT-1"
"8039","TTGTGAGGTGATGATT-1"
"8040","TTGTGAGGTTGCACGG-1"
"8041","TTGTGAGGTTGTTCAC-1"
"8042","TTGTGCCTCCTAATGA-1"
"8043","TTGTGCCTCGCTAGCA-1"
"8044","TTGTGCCTCGTTAAGC-1"
"8045","TTGTGCGAGCCTAATA-1"
"8046","TTGTGCGAGCGATACT-1"
"8047","TTGTGCGAGCTATTGA-1"
"8048","TTGTGCGAGTGAACAG-1"
"8049","TTGTGCGAGTTCCTGC-1"
"8050","TTGTGTGCAACCTGGT-1"
"8051","TTGTGTGCACATTAAC-1"
"8052","TTGTGTGCAGGACCAA-1"
"8053","TTGTGTGCAGGTTACC-1"
"8054","TTGTGTGCATAAGGAC-1"
"8055","TTGTGTGCATGGCCCA-1"
"8056","TTGTGTGCATTAAGTC-1"
"8057","TTGTGTGCATTGTCCT-1"
"8058","TTGTTCCCACCTACGG-1"
"8059","TTGTTCCCACCTGGTG-1"
"8060","TTGTTCCCACGAACAG-1"
"8061","TTGTTGCGTGTCCAAA-1"
"8062","TTGTTGCGTTAAGCTG-1"
"8063","TTGTTGCGTTACAAAC-1"
"8064","TTGTTGCGTTTACCGT-1"
"8065","TTGTTGTTCACTAGGT-1"
"8066","TTGTTGTTCATAGCCG-1"
"8067","TTGTTGTTCATCACTT-1"
"8068","TTGTTGTTCCAATTAG-1"
"8069","TTGTTGTTCCGCCTAT-1"
"8070","TTGTTGTTCCTTCGTA-1"
"8071","TTGTTTGGTCCCGAAG-1"
"8072","TTGTTTGGTCCGGTTC-1"
"8073","TTTAACCTCATGCATA-1"
"8074","TTTAACCTCCTGAATA-1"
"8075","TTTAACCTCGATTATG-1"
"8076","TTTAACCTCGGTTCCT-1"
"8077","TTTAACGAGCAATAGG-1"
"8078","TTTAACGAGCCACATG-1"
"8079","TTTAACGAGCGAGGTG-1"
"8080","TTTAACGAGCTAAAGG-1"
"8081","TTTAACGAGTAAGAAC-1"
"8082","TTTAAGCCAGACAAAC-1"
"8083","TTTAAGCCAGGGAGCT-1"
"8084","TTTAAGCCATGAAATG-1"
"8085","TTTAAGCCATGGAGGC-1"
"8086","TTTAAGGTCATTGCGG-1"
"8087","TTTAAGGTCGTTCACC-1"
"8088","TTTAAGGTCTTAAGTG-1"
"8089","TTTACGAAGCAACATC-1"
"8090","TTTACGAAGCCGCAAC-1"
"8091","TTTACGAAGCCTGAGC-1"
"8092","TTTACGAAGTTAGACC-1"
"8093","TTTACGCGTAATCGTG-1"
"8094","TTTAGCAAGGCTAATC-1"
"8095","TTTAGCAAGGTCGATT-1"
"8096","TTTAGCAAGTACCGCA-1"
"8097","TTTAGCAAGTCTTGAA-1"
"8098","TTTAGCTTCATCCTGC-1"
"8099","TTTAGCTTCCCTCAGT-1"
"8100","TTTAGCTTCCGCTAGA-1"
"8101","TTTAGGATCATTACGA-1"
"8102","TTTAGGATCATTGCGG-1"
"8103","TTTAGGATCCAAGTGT-1"
"8104","TTTAGGATCCGTTAAA-1"
"8105","TTTAGGATCTGCAAAC-1"
"8106","TTTATGGAGGAGCACG-1"
"8107","TTTATGGAGTAGCGCC-1"
"8108","TTTCACCCAAAGCGCA-1"
"8109","TTTCACCCAAGACTCC-1"
"8110","TTTCACCCAGCAACAG-1"
"8111","TTTCACCCAGTTATCG-1"
"8112","TTTCAGTTCCGGTTAG-1"
"8113","TTTCAGTTCCTCATGC-1"
"8114","TTTCAGTTCGAGCTAT-1"
"8115","TTTCAGTTCGGTACGC-1"
"8116","TTTCAGTTCTGTGCCT-1"
"8117","TTTCATCAGACACCGC-1"
"8118","TTTCATCAGCTTCTCA-1"
"8119","TTTCATCAGGACCTTG-1"
"8120","TTTCATCAGGCTAAGA-1"
"8121","TTTCATCAGGGTTAGA-1"
"8122","TTTCATCAGGTAAGCA-1"
"8123","TTTCATCAGTTCCTGC-1"
"8124","TTTCCACCAAGGAATC-1"
"8125","TTTCCACCAAGTGAAC-1"
"8126","TTTCCACCAATACTGT-1"
"8127","TTTCCACCACCTAATG-1"
"8128","TTTCCACCACTAAGTT-1"
"8129","TTTCCGGGTCCAAATG-1"
"8130","TTTCCGGGTGATTACG-1"
"8131","TTTCCTGAGACAGGCG-1"
"8132","TTTCCTGAGAGAGGAG-1"
"8133","TTTCCTGAGCATGGTT-1"
"8134","TTTCCTGAGCCGCTAA-1"
"8135","TTTCCTGAGCGTGCGT-1"
"8136","TTTCCTGAGGACCTTG-1"
"8137","TTTCCTGAGGGCTTTG-1"
"8138","TTTCCTGAGTACTGGT-1"
"8139","TTTCCTGAGTCATCCC-1"
"8140","TTTCGTCCAACTAGCC-1"
"8141","TTTCGTCCAATAAGCA-1"
"8142","TTTCGTCCATCCTAGA-1"
"8143","TTTCTCACAAACGCGA-1"
"8144","TTTCTCACAAGCTAAA-1"
"8145","TTTCTCACAATAACGA-1"
"8146","TTTCTCACACGAATTT-1"
"8147","TTTCTCACACTAAGTT-1"
"8148","TTTCTCACAGCATGAG-1"
"8149","TTTCTCACAGGCTGTT-1"
"8150","TTTCTTGCAATAACCT-1"
"8151","TTTCTTGCATAGACCC-1"
"8152","TTTCTTGCATCGTTCT-1"
"8153","TTTGACCGTAACAGGG-1"
"8154","TTTGACCGTACCAGGT-1"
"8155","TTTGACCGTCCCGGAA-1"
"8156","TTTGACCGTCCTTAGT-1"
"8157","TTTGACCGTGATCATG-1"
"8158","TTTGACCGTGCTCCGT-1"
"8159","TTTGACCGTTAGTTGG-1"
"8160","TTTGACCGTTGAAGCC-1"
"8161","TTTGACCGTTGCACGG-1"
"8162","TTTGACTTCGCCTGTT-1"
"8163","TTTGACTTCGTTATCT-1"
"8164","TTTGAGTCACATGCTA-1"
"8165","TTTGAGTCACTTAACG-1"
"8166","TTTGAGTCAGCAACCT-1"
"8167","TTTGAGTCATAAAGCA-1"
"8168","TTTGCATTCACTAAGC-1"
"8169","TTTGCATTCATTACGA-1"
"8170","TTTGCATTCCAAATCA-1"
"8171","TTTGCATTCCCTCAGT-1"
"8172","TTTGCATTCCCTGATC-1"
"8173","TTTGCATTCCTAGTTT-1"
"8174","TTTGCATTCCTTGCGT-1"
"8175","TTTGCATTCGGCTATG-1"
"8176","TTTGCATTCTAATCAG-1"
"8177","TTTGCATTCTCACATT-1"
"8178","TTTGCGACAGCAAGTG-1"
"8179","TTTGCGGAGGTGAAGC-1"
"8180","TTTGCGGAGTACCGCA-1"
"8181","TTTGCGGAGTGATTCA-1"
"8182","TTTGGCTGTAATCCCT-1"
"8183","TTTGGCTGTTAGGCTA-1"
"8184","TTTGGTAAGGTGTTAC-1"
"8185","TTTGGTGCAACTAACT-1"
"8186","TTTGGTGCAAGCGATG-1"
"8187","TTTGGTGCACAATGCC-1"
"8188","TTTGGTGCACCATATG-1"
"8189","TTTGGTGCACGTAATT-1"
"8190","TTTGTCCCAAACAACA-1"
"8191","TTTGTCCCAAGCGAGC-1"
"8192","TTTGTCCCACAATTAC-1"
"8193","TTTGTCCCAGGAACCA-1"
"8194","TTTGTCCCATTTGCTC-1"
"8195","TTTGTCTAGCGGATTT-1"
"8196","TTTGTCTAGGCTGTGC-1"
"8197","TTTGTCTAGTATTGGC-1"
"8198","TTTGTGAAGAACAAGT-1"
"8199","TTTGTGAAGGATAAAC-1"
"8200","TTTGTGAAGGCGCTAC-1"
"8201","TTTGTGAAGGGCTAAA-1"
"8202","TTTGTGAAGTATCGCG-1"
"8203","TTTGTGAAGTGAGCAA-1"
"8204","TTTGTGGCAGAACCGA-1"
"8205","TTTGTGGCAGCAAGAT-1"
"8206","TTTGTGGCAGGACCTT-1"
"8207","TTTGTGGCATGAGCAG-1"
"8208","TTTGTGTTCTTTAGGA-1"
"8209","TTTGTTGGTCAGGCAT-1"
"8210","TTTGTTGGTGCACGCA-1"
"8211","TTTGTTGGTGCTGTAA-1"
"8212","TTTGTTGGTGTTTCAC-1"
"8213","TTTGTTGGTTAGGATT-1"
"8214","TTTGTTGGTTCCGGCT-1"
