"","x"
"1","AAACAGCCAAGTAAGC-1"
"2","AAACAGCCACAATGCC-1"
"3","AAACAGCCAGCAACCT-1"
"4","AAACAGCCAGCAAGTG-1"
"5","AAACATGCAAAGGCCA-1"
"6","AAACCAACAGCAATAA-1"
"7","AAACCGAAGCCGGTAC-1"
"8","AAACCGAAGTTAGACC-1"
"9","AAACCGCGTCACCTAT-1"
"10","AAACCGCGTGAGGTAG-1"
"11","AAACCGGCACTGGCTG-1"
"12","AAACCGGCAGTAGCCT-1"
"13","AAACCGGCATTCAGCA-1"
"14","AAACCGGCATTCCTCG-1"
"15","AAACGCGCACAATGTT-1"
"16","AAACGCGCAGGATGGC-1"
"17","AAACGCGCAGTAAAGC-1"
"18","AAACGCGCATCCCGCT-1"
"19","AAACGGATCATCGTTT-1"
"20","AAACGTACACGTAATT-1"
"21","AAACGTACATGTTGGC-1"
"22","AAAGCAAGTACCAGGT-1"
"23","AAAGCAAGTAGCAGCT-1"
"24","AAAGCAAGTGGACCTG-1"
"25","AAAGCAAGTTGTAACG-1"
"26","AAAGCACCACAGGGAC-1"
"27","AAAGCACCACCATATG-1"
"28","AAAGCACCACCTCACC-1"
"29","AAAGCACCAGAAATTG-1"
"30","AAAGCACCAGAGGGAG-1"
"31","AAAGCACCAGCTCAAC-1"
"32","AAAGCCCGTCCCGAAG-1"
"33","AAAGCCCGTGGGTACT-1"
"34","AAAGCGGGTAATTAGC-1"
"35","AAAGCGGGTCGACTAA-1"
"36","AAAGCTTGTGCGCGTA-1"
"37","AAAGGACGTCCCGGAA-1"
"38","AAAGGACGTTTAGCTC-1"
"39","AAAGGCTCAAACTAAG-1"
"40","AAAGGCTCACAACAAA-1"
"41","AAAGGCTCACAGCCAT-1"
"42","AAAGGCTCACCTAAGC-1"
"43","AAAGGCTCAGAACCGA-1"
"44","AAAGGTTAGGAAGTAT-1"
"45","AAAGGTTAGGTAACGA-1"
"46","AAAGGTTAGGTCCAAT-1"
"47","AAATCCGGTGAGACTC-1"
"48","AAATCCGGTGCTCACC-1"
"49","AAATGCCTCCCTCATA-1"
"50","AAATGCCTCGATTCTT-1"
"51","AAATGCCTCGTCAAGT-1"
"52","AAATGGCCAAACGGGC-1"
"53","AAATGGCCAATGCGCT-1"
"54","AAATGGCCAGGAATCG-1"
"55","AAATGGCCAGTACCGT-1"
"56","AACAAAGGTCCGGTTC-1"
"57","AACAAAGGTGAGACTC-1"
"58","AACAAAGGTGCTGGTG-1"
"59","AACAAAGGTTGAGGTC-1"
"60","AACAAGCCACCTGCTC-1"
"61","AACAAGCCATGGCCCA-1"
"62","AACAGATAGGTTTGAC-1"
"63","AACAGCAAGATGCCTG-1"
"64","AACAGCAAGCACCACA-1"
"65","AACAGCAAGGATCCGC-1"
"66","AACAGCAAGGGACTAA-1"
"67","AACAGCAAGTCACCAG-1"
"68","AACAGGATCATTAGCA-1"
"69","AACAGGATCGAAGTAG-1"
"70","AACAGGATCTCGCCCA-1"
"71","AACATAGCAAGCGATG-1"
"72","AACATAGCAATAATCC-1"
"73","AACATAGCATGTCAAT-1"
"74","AACATCATCAAGCTAC-1"
"75","AACATCATCTACCTGC-1"
"76","AACATCATCTCCTCTT-1"
"77","AACATTGTCATGCTAA-1"
"78","AACATTGTCGCTTGCT-1"
"79","AACCCGCAGCAAGACA-1"
"80","AACCCGCAGCGAGGTG-1"
"81","AACCCGCAGTTGCCTC-1"
"82","AACCGCTCACAAAGGT-1"
"83","AACCGGCTCTAAGGTC-1"
"84","AACCGGCTCTAATCAG-1"
"85","AACCGGCTCTTAGTCT-1"
"86","AACCTAATCAGGCTAT-1"
"87","AACCTAATCCGTGACA-1"
"88","AACCTAATCCTAAGAC-1"
"89","AACCTAATCGCCTAAG-1"
"90","AACCTCCTCCGGCTAA-1"
"91","AACCTCCTCCTAAGAC-1"
"92","AACCTTAAGTAGAGGC-1"
"93","AACCTTGCACTTCACT-1"
"94","AACGACAAGCGCTAAT-1"
"95","AACGACAAGGCTACTG-1"
"96","AACGCCCAGCACAGGG-1"
"97","AACGCCCAGGCGAAAC-1"
"98","AACGCTAGTCCGGTTC-1"
"99","AACGCTAGTTTACCGT-1"
"100","AACGGTAAGAATCTCA-1"
"101","AACGGTAAGCTAATTG-1"
"102","AACGGTAAGTCTGGGC-1"
"103","AACGGTAAGTTCCCGT-1"
"104","AACTACTCAAAGGCCA-1"
"105","AACTAGCTCATTAGTG-1"
"106","AACTAGCTCATTGTTC-1"
"107","AACTAGCTCCGCCTCA-1"
"108","AACTAGCTCGTGCCTT-1"
"109","AACTAGCTCTTAGCGG-1"
"110","AACTAGTGTAATCGGC-1"
"111","AACTAGTGTCAAGTAT-1"
"112","AACTAGTGTCATCAAG-1"
"113","AACTAGTGTCTTTATG-1"
"114","AACTAGTGTGTGTCCC-1"
"115","AACTAGTGTTAGACCA-1"
"116","AACTCACAGGCGGATG-1"
"117","AACTCACAGTAATCCA-1"
"118","AACTCACAGTTCCTCA-1"
"119","AACTGTTCAAGCCACT-1"
"120","AACTGTTCACAGGGAC-1"
"121","AACTGTTCATCATGGC-1"
"122","AACTGTTCATTGTGAT-1"
"123","AAGAACAGTAAGCTCA-1"
"124","AAGAACAGTGGATTAT-1"
"125","AAGAATCAGCCACATG-1"
"126","AAGAATCAGTTAGCTA-1"
"127","AAGAATCAGTTGGGCC-1"
"128","AAGAATCAGTTTGAGC-1"
"129","AAGACAAGTGGACATC-1"
"130","AAGACAAGTTAGCAGC-1"
"131","AAGACATAGCGAGTAA-1"
"132","AAGACATAGCTTCTCA-1"
"133","AAGACATAGTCTATGA-1"
"134","AAGACATAGTTTAACG-1"
"135","AAGACCAAGCTTCTCA-1"
"136","AAGACCAAGGGTCTAT-1"
"137","AAGACCAAGTCAATCA-1"
"138","AAGCAAGTCTCACTAT-1"
"139","AAGCATGAGAGAGGCT-1"
"140","AAGCATGAGCAATAGG-1"
"141","AAGCATGAGGAACACA-1"
"142","AAGCATGAGGGTGAGT-1"
"143","AAGCCACGTAGCTAAT-1"
"144","AAGCCACGTCACCAAA-1"
"145","AAGCCACGTCTAACAG-1"
"146","AAGCCACGTTGTGACA-1"
"147","AAGCCTCCAACGTGCT-1"
"148","AAGCCTCCAATTAGGA-1"
"149","AAGCCTCCACTGGCCA-1"
"150","AAGCCTCCAGAAATGC-1"
"151","AAGCCTCCATAAGGAC-1"
"152","AAGCCTGTCAATTGGC-1"
"153","AAGCCTGTCCGTTAAA-1"
"154","AAGCCTTAGCACCACA-1"
"155","AAGCCTTAGGACCTTG-1"
"156","AAGCGAATCATTAGCA-1"
"157","AAGCGAGGTAACGAGG-1"
"158","AAGCGAGGTAATCCCT-1"
"159","AAGCGAGGTTCACTGT-1"
"160","AAGCGCTGTTTGTGGA-1"
"161","AAGCGGGTCAAACCTA-1"
"162","AAGCGGGTCCCATAAA-1"
"163","AAGCGTTTCCACCTTA-1"
"164","AAGCTAGAGGTAGCTT-1"
"165","AAGCTATGTCATAGAT-1"
"166","AAGCTATGTGATTTGG-1"
"167","AAGCTATGTTATCCTA-1"
"168","AAGCTATGTTTATTCG-1"
"169","AAGCTCCCAACCTAAT-1"
"170","AAGCTCCCAAGGCCAA-1"
"171","AAGCTCCCAATGCCCG-1"
"172","AAGCTCCCACCCACAG-1"
"173","AAGCTCCCAGTTTGTG-1"
"174","AAGCTTGGTCTCACTG-1"
"175","AAGCTTGGTGCAATGC-1"
"176","AAGCTTGGTGTTAAAC-1"
"177","AAGGATGTCACAGACT-1"
"178","AAGGATGTCCCTGTTA-1"
"179","AAGGATGTCCTCACAC-1"
"180","AAGGATGTCTAACCAA-1"
"181","AAGGATTAGACTTATG-1"
"182","AAGGATTAGAGGAAGG-1"
"183","AAGGCCCTCATAAGCC-1"
"184","AAGGTATAGCAAGGAC-1"
"185","AAGGTATAGGTTAGCT-1"
"186","AAGGTCAAGAGAGCCG-1"
"187","AAGGTCAAGCATTTCT-1"
"188","AAGGTCAAGCCTGATG-1"
"189","AAGGTGCAGTATTGTG-1"
"190","AAGTAGCCAGCATGTC-1"
"191","AAGTAGCCAGGTTTGC-1"
"192","AAGTAGCCATAGACCC-1"
"193","AAGTGAAGTCATGCAA-1"
"194","AAGTGAAGTTAGAGGG-1"
"195","AAGTGCAAGCCAAATC-1"
"196","AAGTGCAAGGATTTGC-1"
"197","AAGTGTTGTATTGTCC-1"
"198","AAGTGTTGTCTTTGAC-1"
"199","AAGTTAGCACAATACT-1"
"200","AAGTTAGCAGAAATGC-1"
"201","AAGTTAGCAGCTAACC-1"
"202","AAGTTAGCAGCTTAGC-1"
"203","AAGTTAGCATAGCGGA-1"
"204","AAGTTTGTCTTTGACT-1"
"205","AATAACCGTTTGCGAA-1"
"206","AATACCGGTCATGCCC-1"
"207","AATACCGGTGCATTAG-1"
"208","AATAGAGGTCGTTACT-1"
"209","AATAGCTGTAAGCTTG-1"
"210","AATAGCTGTAGCCATA-1"
"211","AATATCCCAAGCTTAT-1"
"212","AATCAGGAGCCACATG-1"
"213","AATCAGGAGGAGCACG-1"
"214","AATCAGGAGTCCTTCA-1"
"215","AATCATCCAAATTCGT-1"
"216","AATCATCCATTGCGGT-1"
"217","AATCATGTCACTTCAT-1"
"218","AATCATGTCTAAGGTC-1"
"219","AATCCATCAGGAATCG-1"
"220","AATCCATCATAAACCT-1"
"221","AATCCCTGTTCACCAT-1"
"222","AATCCGTAGGAAGTAT-1"
"223","AATCCGTAGGACGTAA-1"
"224","AATCCGTAGGCCTTAG-1"
"225","AATCCGTAGTAATCCA-1"
"226","AATCCTAAGCCTGGTA-1"
"227","AATCCTAAGCTTATGA-1"
"228","AATCCTAAGTAGGATG-1"
"229","AATCGCCCAAATTCGT-1"
"230","AATCGCCCAACCTAAT-1"
"231","AATCGCCCACTTCACT-1"
"232","AATCGCCCAGCTTACA-1"
"233","AATCGCCCAGGCCAAA-1"
"234","AATCGCCCAGTAGCCT-1"
"235","AATCTCAAGCTGGACC-1"
"236","AATCTCAAGGACCGCT-1"
"237","AATCTCAAGGCCGGAA-1"
"238","AATCTTGAGCACCACA-1"
"239","AATCTTGAGGACAACA-1"
"240","AATCTTGAGTAATCCA-1"
"241","AATCTTGAGTCAATCA-1"
"242","AATGAAGGTGATTACG-1"
"243","AATGAAGGTGTGAGAG-1"
"244","AATGAAGGTTGCATCT-1"
"245","AATGCAACACCCTCAC-1"
"246","AATGCAACATGTGGGA-1"
"247","AATGCATGTTAGAGCC-1"
"248","AATGTCATCAATGTCA-1"
"249","AATGTCATCTCGCCTG-1"
"250","AATGTCCAGATAGACG-1"
"251","AATGTCCAGCTTATGA-1"
"252","AATGTCCAGGTGTTAC-1"
"253","AATGTCCAGTTAGGCT-1"
"254","AATTACCCAGGATGGC-1"
"255","AATTACCCATCGTTCT-1"
"256","AATTACCCATTATGGT-1"
"257","AATTAGCGTAACGGGA-1"
"258","AATTAGCGTAATCCCT-1"
"259","AATTAGCGTAATCGTG-1"
"260","AATTAGCGTTTATTCG-1"
"261","AATTAGGCACCTGCTC-1"
"262","AATTAGGCACTGGCTG-1"
"263","AATTAGGCAGCACGTT-1"
"264","AATTAGGCAGCTTACA-1"
"265","AATTAGGCATGATTGT-1"
"266","AATTCGTCAAGTCGCT-1"
"267","AATTCGTCATTGCGAC-1"
"268","AATTGACGTACTGATG-1"
"269","AATTGCCAGGTTACAC-1"
"270","AATTGCTCACTTCACT-1"
"271","AATTGGACAAACTCAT-1"
"272","AATTGGACACAGCCTG-1"
"273","AATTGGGAGTCACCAG-1"
"274","AATTGGGAGTCTATGA-1"
"275","AATTGGGAGTTATCCT-1"
"276","AATTTCCTCTACTAAG-1"
"277","AATTTCCTCTGCAACG-1"
"278","AATTTGCCACAAGCCT-1"
"279","AATTTGCCACAGGAAT-1"
"280","AATTTGGTCATTACAG-1"
"281","AATTTGGTCGTCATTT-1"
"282","ACAAACTGTACTTAGG-1"
"283","ACAAACTGTTAGCGTA-1"
"284","ACAAAGGTCATAATCG-1"
"285","ACAAAGGTCCTAATGA-1"
"286","ACAAAGGTCTATTGTC-1"
"287","ACAACAACAACTGGCT-1"
"288","ACAACAACAGCAACCT-1"
"289","ACAACAACATGCTCCC-1"
"290","ACAACACTCATCCTAT-1"
"291","ACAACACTCGGCTAGC-1"
"292","ACAACACTCTGGCTTC-1"
"293","ACAACACTCTTAGTGA-1"
"294","ACAACAGAGACACTTA-1"
"295","ACAACATGTGCTAGCG-1"
"296","ACACAATGTGTGTCCC-1"
"297","ACACCTTGTCGCATAA-1"
"298","ACACGGACAATATGGA-1"
"299","ACACGGACAGTTTGGC-1"
"300","ACACGGACAGTTTGTG-1"
"301","ACACTAATCATAGCCG-1"
"302","ACACTAATCCGCATGA-1"
"303","ACACTAATCGCGCTAA-1"
"304","ACACTAATCGCTCACT-1"
"305","ACACTAATCGTTAACA-1"
"306","ACACTAGGTCCTAAGA-1"
"307","ACACTAGGTGTCCTGC-1"
"308","ACACTTAAGACCATAC-1"
"309","ACACTTAAGCACGTTG-1"
"310","ACACTTAAGCGTGCGT-1"
"311","ACACTTAAGTTGTCCC-1"
"312","ACACTTGCAATTATGC-1"
"313","ACACTTGCACAGCCTG-1"
"314","ACAGCCGGTAGGATTT-1"
"315","ACAGCCGGTGGACATC-1"
"316","ACAGCCGGTGGATTCA-1"
"317","ACAGCCGGTGTCCAGG-1"
"318","ACAGCGCTCAATGAGG-1"
"319","ACAGCGCTCACAAGCT-1"
"320","ACAGCGCTCATCCTAT-1"
"321","ACAGCGCTCGTTAACA-1"
"322","ACAGGAATCTCCATGC-1"
"323","ACAGGATCAAACTAAG-1"
"324","ACAGGATCACATAACT-1"
"325","ACAGGATCAGTATGTT-1"
"326","ACAGGCTGTAGCAGCT-1"
"327","ACAGGCTGTAGGATTT-1"
"328","ACAGGCTGTGGCTTCC-1"
"329","ACAGGTAAGCTCATAA-1"
"330","ACAGGTAAGGCATTAC-1"
"331","ACAGGTAAGGCGCTAC-1"
"332","ACAGGTAAGTAAGTCC-1"
"333","ACAGGTAAGTTTGGGT-1"
"334","ACAGTATGTCACTCGC-1"
"335","ACATAGCTCCGCAAAT-1"
"336","ACATAGCTCGTTTCGC-1"
"337","ACATCAATCAATGAGG-1"
"338","ACATCATCAAGGATTA-1"
"339","ACATCATCATAGCGGA-1"
"340","ACATTAGTCATGACCG-1"
"341","ACATTAGTCGCTAGTG-1"
"342","ACATTGCAGGGCCACT-1"
"343","ACATTGCAGTGTTGTA-1"
"344","ACCAAACTCCCTGACT-1"
"345","ACCAAACTCCGGCTAA-1"
"346","ACCAAACTCGCTAAAC-1"
"347","ACCAAACTCGTTATAG-1"
"348","ACCAAGCGTGGGAACA-1"
"349","ACCAAGCGTGTTGTAG-1"
"350","ACCAAGTTCCCGAAGC-1"
"351","ACCAAGTTCGCTCACT-1"
"352","ACCAATATCAAACCTA-1"
"353","ACCAATATCTTAGCCC-1"
"354","ACCACACCAGCAGGTA-1"
"355","ACCACACCAGCTACGT-1"
"356","ACCACACCAGGAATCG-1"
"357","ACCACACCATCCCGCT-1"
"358","ACCACATAGCTCAAAC-1"
"359","ACCACATAGTAAGTCC-1"
"360","ACCAGCTCAGGCCATT-1"
"361","ACCAGCTCATGCTATG-1"
"362","ACCAGGACAAGCTAAA-1"
"363","ACCAGGCTCACAGCGC-1"
"364","ACCAGGCTCACTCGCT-1"
"365","ACCAGGCTCCTTAAGA-1"
"366","ACCAGGGAGCGCCTAA-1"
"367","ACCAGGGAGGCTGTCA-1"
"368","ACCATAATCAATTGGC-1"
"369","ACCATTAAGACTATTG-1"
"370","ACCATTAAGCCTAACG-1"
"371","ACCATTAAGGCGCATC-1"
"372","ACCATTAAGGTCCAAT-1"
"373","ACCATTAAGGTCTTGG-1"
"374","ACCATTAAGGTGAAGC-1"
"375","ACCCAACCAGGTATTT-1"
"376","ACCCAACCAGTAAAGC-1"
"377","ACCCAACCAGTGAACG-1"
"378","ACCCAGGGTGCAATGC-1"
"379","ACCCAGGGTGTGCAAC-1"
"380","ACCCAGGGTTTCCTCC-1"
"381","ACCCGCTGTAAAGCGG-1"
"382","ACCCGCTGTGGAAGGC-1"
"383","ACCCGCTGTTGACTTC-1"
"384","ACCCGGTAGGCGCATC-1"
"385","ACCCGGTAGGCTGTCA-1"
"386","ACCCGTAAGGACACTT-1"
"387","ACCCTCCCACAACAAA-1"
"388","ACCCTGTTCCCGTTAC-1"
"389","ACCCTGTTCGTGCTAG-1"
"390","ACCCTGTTCTCATCAT-1"
"391","ACCGAAGCAGAGGCTA-1"
"392","ACCGAAGCAGTAATAG-1"
"393","ACCGAAGCAGTTTGTG-1"
"394","ACCGAAGCATCAGTAT-1"
"395","ACCGCAATCCGGAACC-1"
"396","ACCGGCTAGATACTTG-1"
"397","ACCGGCTAGCACCACA-1"
"398","ACCGGCTAGGGTGAAC-1"
"399","ACCGGTTCAACTCGCG-1"
"400","ACCGGTTCAGCCAGTT-1"
"401","ACCTAAATCATTGACA-1"
"402","ACCTAAATCTTTGACT-1"
"403","ACCTAAGGTGTTTCAC-1"
"404","ACCTAAGGTTAAGTGT-1"
"405","ACCTAAGGTTACTTGC-1"
"406","ACCTACCTCAATTGGC-1"
"407","ACCTACCTCCAAACAC-1"
"408","ACCTACCTCGCTAAGT-1"
"409","ACCTCACTCCCTGACT-1"
"410","ACCTCACTCCTCCCTC-1"
"411","ACCTGGTCAATATACC-1"
"412","ACCTGGTCACCGGTAT-1"
"413","ACCTGGTCAGGCATCT-1"
"414","ACCTGGTCAGTTAAAG-1"
"415","ACCTGTTGTACTTAGG-1"
"416","ACCTGTTGTCCTCCAA-1"
"417","ACCTGTTGTCTAACCT-1"
"418","ACCTGTTGTGGTGAGA-1"
"419","ACCTGTTGTTTGAGCA-1"
"420","ACCTTCATCCCATAGG-1"
"421","ACCTTCATCCTCCATA-1"
"422","ACCTTCCAGCTTCCCG-1"
"423","ACCTTCCAGTAAGAAC-1"
"424","ACCTTCCAGTTAGTTG-1"
"425","ACCTTGCTCCTGGTCT-1"
"426","ACCTTGTGTTAGGATT-1"
"427","ACGAACAAGCGCTCAA-1"
"428","ACGAAGTCAACAGCCT-1"
"429","ACGAAGTCATAATGAG-1"
"430","ACGAATCTCATGCGTG-1"
"431","ACGAATCTCCGTTATT-1"
"432","ACGAATCTCGTCAAGT-1"
"433","ACGACTTAGTGGCGGA-1"
"434","ACGAGTAAGGCATTGT-1"
"435","ACGAGTAAGTTAGGCT-1"
"436","ACGAGTAAGTTTGCGG-1"
"437","ACGAGTAAGTTTGTCT-1"
"438","ACGATTCAGATAAAGC-1"
"439","ACGATTCAGCGAAGTA-1"
"440","ACGATTCAGGAGTCGG-1"
"441","ACGCAAGCAAATTCGT-1"
"442","ACGCAAGCAAGGAATC-1"
"443","ACGCAAGCACAAAGGT-1"
"444","ACGCAAGCAGGCCTTG-1"
"445","ACGCAAGCAGTTAAAG-1"
"446","ACGCAAGCATAATCGT-1"
"447","ACGCAAGCATTAGCGC-1"
"448","ACGCACGGTAATGACT-1"
"449","ACGCACGGTAGCCATA-1"
"450","ACGCCACAGTAACTCA-1"
"451","ACGCCACAGTTTGCGG-1"
"452","ACGCCTAAGGAATAAC-1"
"453","ACGCCTAAGTTAGCCG-1"
"454","ACGCCTTTCTTGTCTG-1"
"455","ACGCTTGAGCTCAAAC-1"
"456","ACGCTTGAGTCAATCA-1"
"457","ACGGGAAGTCATCAAG-1"
"458","ACGGGAAGTGTGTCCC-1"
"459","ACGGGAAGTTGCACGG-1"
"460","ACGGGAAGTTTGTCTA-1"
"461","ACGGTACGTCCTAATC-1"
"462","ACGGTTAGTTCCTCCT-1"
"463","ACGGTTTAGGGCTTAT-1"
"464","ACGTCCAAGCTTACTT-1"
"465","ACGTCCAAGGCATGTT-1"
"466","ACGTCCAAGTGGACAA-1"
"467","ACGTCCAAGTTTCCGC-1"
"468","ACGTCCTTCCTCCTAA-1"
"469","ACGTCCTTCGGTTAGT-1"
"470","ACGTCCTTCGGTTCCT-1"
"471","ACGTCCTTCTGTAAGC-1"
"472","ACGTCCTTCTTAGCGG-1"
"473","ACGTTACAGAGGAAGG-1"
"474","ACGTTACAGGCAAGTA-1"
"475","ACGTTACAGTCCTGAG-1"
"476","ACGTTACAGTGGACAA-1"
"477","ACGTTGTAGGCGCTTA-1"
"478","ACTAAAGCACGGTACT-1"
"479","ACTAAAGCATAAGTCT-1"
"480","ACTAACCAGCAGCTAT-1"
"481","ACTAACGGTGTTTGCT-1"
"482","ACTAACGGTTGCATCT-1"
"483","ACTAACGGTTGTGATG-1"
"484","ACTAATCCAGCACCAT-1"
"485","ACTATCCGTGCGCATG-1"
"486","ACTATGTCAGCACCAT-1"
"487","ACTATGTCAGGAATCG-1"
"488","ACTCACCTCACTAAGC-1"
"489","ACTCACCTCGTCAAGT-1"
"490","ACTCACTGTGTCCAAA-1"
"491","ACTCACTGTTAGAGGG-1"
"492","ACTCACTGTTGGTTGA-1"
"493","ACTCAGTAGTCATCCC-1"
"494","ACTCAGTAGTTAGCCG-1"
"495","ACTCAGTAGTTATCTC-1"
"496","ACTCCTCAGCCGCAAC-1"
"497","ACTCCTCAGGCAGGTG-1"
"498","ACTCCTCAGTGAAGTG-1"
"499","ACTCGCGCACGTAATT-1"
"500","ACTCGCGCAGACAAAC-1"
"501","ACTCGCGCATATTGAC-1"
"502","ACTCGCGCATCCATCT-1"
"503","ACTCGCTTCCATCAGG-1"
"504","ACTCGCTTCTCGCCTG-1"
"505","ACTGAATGTAATGACT-1"
"506","ACTGAATGTGAACAAA-1"
"507","ACTTACAAGGGCTAAA-1"
"508","ACTTACAAGTGGCGGA-1"
"509","ACTTACTTCACCAATA-1"
"510","ACTTACTTCGGGACTC-1"
"511","ACTTAGGGTCCGCTGT-1"
"512","ACTTAGTCATAGCTGC-1"
"513","ACTTAGTCATCCAGGT-1"
"514","ACTTATCTCATTTAGG-1"
"515","ACTTATCTCGATTATG-1"
"516","ACTTATGAGAGGAGGA-1"
"517","ACTTATGAGGGCTTTG-1"
"518","ACTTATGAGTCAATTG-1"
"519","ACTTCGCTCCGCCTCA-1"
"520","ACTTGAATCAATAGCC-1"
"521","ACTTGAATCATGTTTC-1"
"522","ACTTGAATCCGTTAAA-1"
"523","ACTTGAATCCTTCTAG-1"
"524","ACTTGAATCGCTAGTG-1"
"525","ACTTGAATCGGCCATA-1"
"526","ACTTGTCGTACGGTAC-1"
"527","ACTTGTCGTAGCTAGC-1"
"528","ACTTTGTTCAGGATGA-1"
"529","ACTTTGTTCTTGATGA-1"
"530","AGAAACCCACCTAAGC-1"
"531","AGAAACCCATAGCGAG-1"
"532","AGAAACTAGCTTACTT-1"
"533","AGAAACTAGGGCTTTG-1"
"534","AGAAAGGCAATGCCCG-1"
"535","AGAAAGGCACAGGGAC-1"
"536","AGAAAGGCACCTACTT-1"
"537","AGAAAGGCACCTCGCT-1"
"538","AGAAAGGCAGGAACTG-1"
"539","AGAACAAGTCATTAGG-1"
"540","AGAACAAGTCGCAAAC-1"
"541","AGAACAAGTTACTTGC-1"
"542","AGAACCAAGCACGATT-1"
"543","AGAACCAAGCTTTGTT-1"
"544","AGAACCAAGGACCTTG-1"
"545","AGAACCGCACAGAAAC-1"
"546","AGAACCGCAGATAGAC-1"
"547","AGAACCGCAGCTCAAC-1"
"548","AGAAGGTGTACCGTTT-1"
"549","AGAAGGTGTCCTTAGT-1"
"550","AGAATCGAGCGCATTG-1"
"551","AGAATCTGTGAATCGC-1"
"552","AGAATCTGTTCCGGGA-1"
"553","AGAATCTGTTTGCGAA-1"
"554","AGACAATAGGTCGATT-1"
"555","AGACAATAGTCAATTG-1"
"556","AGACAATAGTGTTGTA-1"
"557","AGACAATAGTTAGGCT-1"
"558","AGACACGCATCACTTC-1"
"559","AGACACGCATGCTTAG-1"
"560","AGACCCGGTGGATTGC-1"
"561","AGACCCGGTTAGCATG-1"
"562","AGACTATGTCTTTGAC-1"
"563","AGACTATGTGGTTAGC-1"
"564","AGACTATGTTGGTTGA-1"
"565","AGAGAAGCAGTAAAGC-1"
"566","AGAGAGGAGTAACGGA-1"
"567","AGAGATTAGCGTGCGT-1"
"568","AGAGGAACATAGGCGA-1"
"569","AGAGGATGTAACCTAG-1"
"570","AGATGAAGTCCTAGTT-1"
"571","AGATGAAGTGTCCTGC-1"
"572","AGATGAAGTTAAATGC-1"
"573","AGATGAAGTTAAGGTT-1"
"574","AGCAAATAGATGCCTG-1"
"575","AGCAAATAGGCATGTT-1"
"576","AGCAAATAGGGCCATC-1"
"577","AGCAACAAGCGAGTAA-1"
"578","AGCAACAAGCTTGCTC-1"
"579","AGCAACAAGGGACCTC-1"
"580","AGCAACAAGTGAGGGT-1"
"581","AGCAAGGGTCAAGACC-1"
"582","AGCAAGGGTTTAACCC-1"
"583","AGCAAGGGTTTAACGG-1"
"584","AGCAATACAGGATTAA-1"
"585","AGCAATACATGGCCCA-1"
"586","AGCAATTGTAATGGCC-1"
"587","AGCAATTGTACCTTAC-1"
"588","AGCAATTGTGATCAGC-1"
"589","AGCAATTGTGCTCCGT-1"
"590","AGCACAGCAAGCTTAT-1"
"591","AGCACAGCAATATGGA-1"
"592","AGCACAGCAGGCTTGT-1"
"593","AGCACAGCAGTTGCGT-1"
"594","AGCACTAGTCACAGAC-1"
"595","AGCACTAGTGTTCCCA-1"
"596","AGCATCCCAATGAGGT-1"
"597","AGCATCCCACCCACCT-1"
"598","AGCATCCCACCTATAG-1"
"599","AGCATCCCAGTTAGCC-1"
"600","AGCATCCCATTGCGAC-1"
"601","AGCATTTCAAACTCAT-1"
"602","AGCCAGTGTCACGAAC-1"
"603","AGCCAGTGTTACTTCA-1"
"604","AGCCGCTAGTCATGCG-1"
"605","AGCCGGTTCATGTGGT-1"
"606","AGCCGGTTCATTGACA-1"
"607","AGCCGGTTCGTTAGCG-1"
"608","AGCCTAAGTGAACAAA-1"
"609","AGCCTAGTCCTTGAGG-1"
"610","AGCCTAGTCCTTGTTG-1"
"611","AGCCTAGTCTGCAAGT-1"
"612","AGCCTCCGTAATGGCC-1"
"613","AGCCTCCGTATTGCAG-1"
"614","AGCGATTTCACAAGCT-1"
"615","AGCGATTTCCTGGTCT-1"
"616","AGCGCCTAGAGAGGAG-1"
"617","AGCGCCTAGCAATAGG-1"
"618","AGCGCCTAGCACGTTG-1"
"619","AGCGCCTAGCCTGACA-1"
"620","AGCGCCTAGCCTGGTA-1"
"621","AGCGCCTAGCGCAATT-1"
"622","AGCGCTCAGGACCAGG-1"
"623","AGCGCTCAGGTCTTGG-1"
"624","AGCGGACCAGAGAGCC-1"
"625","AGCGGATAGATGCCTG-1"
"626","AGCGTGCTCCGCAAGC-1"
"627","AGCGTGCTCGAAGTGA-1"
"628","AGCGTGCTCTGTAAGC-1"
"629","AGCTAAACAAACCTTG-1"
"630","AGCTAAACATAAGGAC-1"
"631","AGCTACGTCGTCAAGT-1"
"632","AGCTAGTTCATGGTGT-1"
"633","AGCTAGTTCCCGAACA-1"
"634","AGCTCATAGGAGTCGG-1"
"635","AGCTGCTCACCAGCAT-1"
"636","AGCTGCTCACCGGCTA-1"
"637","AGCTGCTCACGGTACT-1"
"638","AGCTTAATCACTAGGT-1"
"639","AGCTTAATCACTTTAC-1"
"640","AGCTTCCTCATAGACC-1"
"641","AGCTTCCTCATTGCGG-1"
"642","AGCTTCCTCCGGTTAG-1"
"643","AGCTTCCTCGCATTAA-1"
"644","AGCTTGGTCCACCCTG-1"
"645","AGCTTGGTCCCTGTTA-1"
"646","AGGAAACGTGAGCACT-1"
"647","AGGAAACGTGATCAGC-1"
"648","AGGAACCAGTAAGGGC-1"
"649","AGGAACGGTACCGTAA-1"
"650","AGGAACGGTCAGTAAT-1"
"651","AGGAACGGTCATGAGC-1"
"652","AGGAACGGTCTAACCT-1"
"653","AGGAACGGTTTGCTGT-1"
"654","AGGACGTAGGTAAGCA-1"
"655","AGGACTAAGGCATGTT-1"
"656","AGGACTAAGGCGAATA-1"
"657","AGGACTAAGGTTAGAG-1"
"658","AGGAGCTAGGATTGAG-1"
"659","AGGAGCTAGGCATGTT-1"
"660","AGGATATAGCGCCTAA-1"
"661","AGGATATAGGTCCTAG-1"
"662","AGGATATAGTAACCAC-1"
"663","AGGATCCGTAATGGCC-1"
"664","AGGATGCAGAACAAGT-1"
"665","AGGATGTCAATGCGCT-1"
"666","AGGATTGAGACAGGTA-1"
"667","AGGATTGAGCCACAAT-1"
"668","AGGATTGAGGCTATGT-1"
"669","AGGCAGGTCAGTTCCC-1"
"670","AGGCAGGTCCGTGACA-1"
"671","AGGCAGGTCGGCTATG-1"
"672","AGGCCCAGTGATGATT-1"
"673","AGGCCCAGTTATGTGG-1"
"674","AGGCGGATCAAACTCA-1"
"675","AGGCGGATCAATGTGC-1"
"676","AGGCGGATCCATAAGC-1"
"677","AGGCGGATCCTTGCGT-1"
"678","AGGCTAAAGAGGAGGA-1"
"679","AGGCTAAAGCACAGAA-1"
"680","AGGCTAAAGGCAGGTG-1"
"681","AGGCTAAAGTTACCGG-1"
"682","AGGCTAAAGTTAGACC-1"
"683","AGGCTAAAGTTTGCGG-1"
"684","AGGCTAGCACCACAAC-1"
"685","AGGGCCTTCCCTCAGT-1"
"686","AGGGCCTTCCCTGACT-1"
"687","AGGGCCTTCCTTCTAG-1"
"688","AGGGCCTTCTTGACCC-1"
"689","AGGGCTACAATTGAGA-1"
"690","AGGGTTGCAGTTTGGC-1"
"691","AGGGTTGCATAGACCC-1"
"692","AGGTAACCACATGCTA-1"
"693","AGGTAACCATGGCCTG-1"
"694","AGGTACGCAAGTGTTT-1"
"695","AGGTACGCAATTGAAG-1"
"696","AGGTATTGTAATGACT-1"
"697","AGGTATTGTCTCAGCC-1"
"698","AGGTATTGTTGGTTGA-1"
"699","AGGTCAAAGCAAGACA-1"
"700","AGGTCAAAGCGGCTGT-1"
"701","AGGTCAAAGCTTATGA-1"
"702","AGGTCAAAGCTTCCCG-1"
"703","AGGTCAAAGGCATGTT-1"
"704","AGGTCAAAGGTCTTGG-1"
"705","AGGTCATTCGCACACA-1"
"706","AGGTCATTCGTCAAGT-1"
"707","AGGTCATTCTCATCAT-1"
"708","AGGTCCGGTCATCCTG-1"
"709","AGGTCCGGTTATAGCG-1"
"710","AGGTCTTAGGGTGAAC-1"
"711","AGGTCTTAGGTTTGCG-1"
"712","AGGTGAATCAGGATGA-1"
"713","AGGTGAATCCTAATTC-1"
"714","AGGTGAATCGGTCAAT-1"
"715","AGGTGAGGTTTCCGGC-1"
"716","AGGTTACTCAATAGCC-1"
"717","AGGTTACTCCCGTTTA-1"
"718","AGGTTACTCCTTAGGG-1"
"719","AGGTTACTCGGCCAGT-1"
"720","AGGTTACTCGGTTACG-1"
"721","AGGTTAGAGGCTACAT-1"
"722","AGGTTGCGTGGTTATG-1"
"723","AGGTTTGGTTGAGCCG-1"
"724","AGGTTTGGTTGCTTCG-1"
"725","AGTAAACAGCGCCTTT-1"
"726","AGTAAACAGGTGCTGC-1"
"727","AGTAAACAGTCACCTC-1"
"728","AGTAAACAGTTGTCAA-1"
"729","AGTAACACATAAAGCA-1"
"730","AGTAACACATCTAGCA-1"
"731","AGTAACCTCTCTAGCC-1"
"732","AGTAACGAGCCTCTGT-1"
"733","AGTAACGAGCTATGAC-1"
"734","AGTAAGTAGGCAACAA-1"
"735","AGTAATCGTCATAAGT-1"
"736","AGTAATCGTCGTAAAT-1"
"737","AGTAATCGTTAGAGGG-1"
"738","AGTAATGCAAGCCACT-1"
"739","AGTAATGCAGCAAGAT-1"
"740","AGTACGCGTACCGTTT-1"
"741","AGTACGCGTAGCTAGC-1"
"742","AGTACGCGTCCTTCTC-1"
"743","AGTACGCGTTAACACG-1"
"744","AGTAGCTTCATAACCA-1"
"745","AGTAGCTTCCGGTATG-1"
"746","AGTAGCTTCGCAAACT-1"
"747","AGTAGCTTCGCTATGG-1"
"748","AGTAGGATCTTAGTGA-1"
"749","AGTATAGCAAACATAG-1"
"750","AGTATAGCAAGGTGGC-1"
"751","AGTCAAGAGTAGCTTA-1"
"752","AGTCAAGAGTCGCTAG-1"
"753","AGTCAATGTAAGCTCA-1"
"754","AGTCAATGTCAGGAAG-1"
"755","AGTCAATGTCGAAGTC-1"
"756","AGTCAATGTCTTGCTG-1"
"757","AGTCAATGTGGGAACA-1"
"758","AGTCAGGCAAAGCGGC-1"
"759","AGTCAGGCACAAAGCG-1"
"760","AGTCAGGCAGCACCAT-1"
"761","AGTCCTGAGTTCCCAC-1"
"762","AGTCCTTGTAGGATCC-1"
"763","AGTCCTTGTGGATGTC-1"
"764","AGTCGCATCCTCACTA-1"
"765","AGTCGCATCTCACATT-1"
"766","AGTCTTGCACAAGCCT-1"
"767","AGTCTTGCAGGAACTG-1"
"768","AGTGAACCAGCACCAT-1"
"769","AGTGATGAGGACGTAA-1"
"770","AGTGATGAGTCGCTAG-1"
"771","AGTGCACGTGCATTTC-1"
"772","AGTGCACGTGCGCATG-1"
"773","AGTGCACGTTTAGCTC-1"
"774","AGTGCCGGTGTTAGCA-1"
"775","AGTGCCGGTTACTAGG-1"
"776","AGTGCGGAGGACACTT-1"
"777","AGTGTGGCAGGGAGGA-1"
"778","AGTGTGGCATCGCTCC-1"
"779","AGTGTGGCATCGTTCT-1"
"780","AGTGTTTCATCATGTG-1"
"781","AGTGTTTCATTGTGTG-1"
"782","AGTTACATCGGTACGC-1"
"783","AGTTACATCTGTAAGC-1"
"784","AGTTACATCTTGTTCG-1"
"785","AGTTACTCAAGGTGGC-1"
"786","AGTTACTCAATCCTAG-1"
"787","AGTTACTCATCCTAGA-1"
"788","AGTTATGTCACGAATC-1"
"789","AGTTATGTCATAATCG-1"
"790","AGTTATGTCATAGACC-1"
"791","AGTTATGTCCATAAGC-1"
"792","AGTTATGTCCATTACT-1"
"793","AGTTATGTCCCTCAAC-1"
"794","AGTTATGTCTGTAATG-1"
"795","AGTTATGTCTTGCTAT-1"
"796","AGTTGCAGTTAGGCGT-1"
"797","AGTTGCAGTTCCGCAC-1"
"798","AGTTGCAGTTGCCTCA-1"
"799","AGTTGCGTCTTAGGAC-1"
"800","AGTTGGCGTAGCTAAT-1"
"801","AGTTGGCGTATCTGGA-1"
"802","AGTTGGCGTCTTGCAT-1"
"803","AGTTGTCAGCGGATTT-1"
"804","AGTTGTCAGGGTTAGA-1"
"805","AGTTTGATCATGAGCT-1"
"806","AGTTTGATCCCTCACG-1"
"807","ATAACGACACAGGGAC-1"
"808","ATAACGACAGGCAAGC-1"
"809","ATAAGCCTCATCCTGC-1"
"810","ATAAGTCGTAAGGTCC-1"
"811","ATAAGTCGTAATCACG-1"
"812","ATAAGTCGTGATTACG-1"
"813","ATAATGGCATGAGTTT-1"
"814","ATACCGGTCGCTAAGT-1"
"815","ATACCGGTCGGGATTT-1"
"816","ATACCGGTCTCGCCTG-1"
"817","ATACCTGCACCTAAGC-1"
"818","ATAGATGCACTTCACT-1"
"819","ATAGATGCAGTAGCCT-1"
"820","ATAGATGCATATAACC-1"
"821","ATAGCATGTCATGCCC-1"
"822","ATAGCATGTCCTCCAA-1"
"823","ATAGCATGTTGTTCAC-1"
"824","ATAGCATGTTTGCTGT-1"
"825","ATAGGTACACTAGCGT-1"
"826","ATAGGTACATAATGTC-1"
"827","ATATAGGCAACAACAA-1"
"828","ATATAGGCAGCCGCTA-1"
"829","ATATGCATCGATTTAG-1"
"830","ATATGCTCAAGCTTTG-1"
"831","ATATGCTCACCTCAGG-1"
"832","ATATGCTCAGGACACA-1"
"833","ATATGCTCAGGCCTTG-1"
"834","ATATGCTCAGTTGCGT-1"
"835","ATATGCTCATTATGAC-1"
"836","ATATGGTGTGCTCCAC-1"
"837","ATATGGTGTTGGGTTA-1"
"838","ATATGGTGTTTGGCTT-1"
"839","ATATGTCCAGGGAGCT-1"
"840","ATATGTCCATAGACTT-1"
"841","ATCAAGACAGCAAATA-1"
"842","ATCAAGCTCAAGCCTG-1"
"843","ATCAATCCATCATGGC-1"
"844","ATCACAATCGCTTGCT-1"
"845","ATCACACAGCTACTGG-1"
"846","ATCACCCTCTTTGAGA-1"
"847","ATCACTAAGAGGAAGG-1"
"848","ATCAGGTTCAGAAACG-1"
"849","ATCAGGTTCCCGAAGC-1"
"850","ATCAGGTTCGAGGAAC-1"
"851","ATCAGGTTCTTAGCCC-1"
"852","ATCATCAAGCGATAGA-1"
"853","ATCATCAAGGACACTT-1"
"854","ATCATCAAGGCCGGAA-1"
"855","ATCCAACAGGATCACT-1"
"856","ATCCAACAGGGCTAAA-1"
"857","ATCCAACAGTTATTCC-1"
"858","ATCCAACAGTTCCCGT-1"
"859","ATCCACCTCACCATTT-1"
"860","ATCCACCTCTCACACC-1"
"861","ATCCATAAGCCACATG-1"
"862","ATCCATAAGCCGCTAA-1"
"863","ATCCCGCGTGCTCCAC-1"
"864","ATCCCGCGTTCGCGCT-1"
"865","ATCCCGCGTTGGGTTA-1"
"866","ATCCCGCGTTTGGCGG-1"
"867","ATCCGTGAGCAAGGAC-1"
"868","ATCCGTGAGCCTGACA-1"
"869","ATCCGTGAGTGAAGTG-1"
"870","ATCCTCATCCGCCTCA-1"
"871","ATCCTGACAAATACCT-1"
"872","ATCCTGACATAACGGG-1"
"873","ATCCTGACATGCAACC-1"
"874","ATCCTTAGTTAGCATG-1"
"875","ATCGAGGCACTTCATC-1"
"876","ATCGCTTGTGACATGC-1"
"877","ATCGCTTGTTCCAGGG-1"
"878","ATCGGCCAGCATTATG-1"
"879","ATCGGCCAGCTACTGG-1"
"880","ATCGGCCAGCTATTAG-1"
"881","ATCGGCCAGGGTCCAC-1"
"882","ATCGGCCAGGTCGAGG-1"
"883","ATCTATGAGTCTGGGC-1"
"884","ATCTATGAGTGACCTG-1"
"885","ATCTTTGGTAATGGCC-1"
"886","ATCTTTGGTCCGCTGT-1"
"887","ATGAAGCCAGCAAATA-1"
"888","ATGAAGTAGATAAAGC-1"
"889","ATGAAGTAGATTGAGG-1"
"890","ATGAAGTAGGTTAGAG-1"
"891","ATGAATGCAAGCCACT-1"
"892","ATGAATGCAAGTGTTT-1"
"893","ATGAATGCACTTAGGC-1"
"894","ATGAATGCATCCCTCA-1"
"895","ATGACAACACAATGCC-1"
"896","ATGACAACACAGCCAT-1"
"897","ATGACAACAGGACCTT-1"
"898","ATGACAACAGGCTAGA-1"
"899","ATGACAACATCAATCG-1"
"900","ATGACCAGTAATTAGC-1"
"901","ATGACCAGTCCTAACT-1"
"902","ATGACCAGTTAAGTGT-1"
"903","ATGACGAAGAGGCTAA-1"
"904","ATGACGAAGGAACGCG-1"
"905","ATGACGAAGTCATTAG-1"
"906","ATGACGAAGTTATCCT-1"
"907","ATGACTCAGCGCAATT-1"
"908","ATGACTCAGGTCCTGA-1"
"909","ATGAGCCGTATACTGG-1"
"910","ATGAGCCGTCGTTATC-1"
"911","ATGAGCCGTTAATGCG-1"
"912","ATGATGACAATCCTGA-1"
"913","ATGATGACAGCCAGAA-1"
"914","ATGATGGAGGAGGACT-1"
"915","ATGATGGAGGAGGTTA-1"
"916","ATGATGGAGGGACGCA-1"
"917","ATGCAAACATTAGGTT-1"
"918","ATGCAAACATTATGCG-1"
"919","ATGCAGGCAACACTTG-1"
"920","ATGCAGGCAGCACGTT-1"
"921","ATGCAGGCATCCTAGA-1"
"922","ATGCATTCAAGGTGCA-1"
"923","ATGCCTGAGACAAACG-1"
"924","ATGCCTGAGTGCACGC-1"
"925","ATGCGATTCATTTGCT-1"
"926","ATGCGATTCCCGTTAC-1"
"927","ATGCGATTCCGGTTAG-1"
"928","ATGCGATTCCTTAGGG-1"
"929","ATGCGATTCGTTACAA-1"
"930","ATGCGATTCTTTGTAC-1"
"931","ATGCTTAAGGACCTCA-1"
"932","ATGGACAAGATAACCC-1"
"933","ATGGCCCAGCAGCTCA-1"
"934","ATGGCCCAGCTTAGCG-1"
"935","ATGGCCCAGGTGCGGA-1"
"936","ATGGCCCAGTCGCTAG-1"
"937","ATGGCCCAGTGAGGTA-1"
"938","ATGGCCGGTCCTTTAA-1"
"939","ATGGCCGGTGTAACCA-1"
"940","ATGGCCGGTTCCGCAC-1"
"941","ATGGCTAGTCTTTGAC-1"
"942","ATGGCTAGTGCATTAG-1"
"943","ATGGCTGTCACCGGTA-1"
"944","ATGGCTGTCGATCAGT-1"
"945","ATGGCTGTCGGTAACT-1"
"946","ATGGTCTAGACAACAG-1"
"947","ATGGTCTAGCCTCTCG-1"
"948","ATGGTGCGTCACAGAC-1"
"949","ATGGTGCGTCACAGCG-1"
"950","ATGTAACGTACGTTTC-1"
"951","ATGTAACGTCTAACAG-1"
"952","ATGTAACGTGAGACTC-1"
"953","ATGTAAGCAGTTTGTG-1"
"954","ATGTCAATCAAACCTA-1"
"955","ATGTCAATCACTTCAT-1"
"956","ATGTCAATCATTAGTG-1"
"957","ATGTCAATCGCACACA-1"
"958","ATGTCATCAAAGCGCA-1"
"959","ATGTCATCAACAGGAT-1"
"960","ATGTCCACAATTAGGA-1"
"961","ATGTGAGAGGCGAATA-1"
"962","ATGTGAGAGGTATTGC-1"
"963","ATGTGAGAGTGAGAGC-1"
"964","ATGTTCAAGAGCCGCT-1"
"965","ATGTTGTCACAATTAC-1"
"966","ATGTTGTCAGCAACAG-1"
"967","ATGTTGTCAGTTGCGT-1"
"968","ATGTTGTCATCACAGC-1"
"969","ATGTTTGAGGGATGAC-1"
"970","ATTAACCCACATAGCC-1"
"971","ATTAACCCACCAGCAT-1"
"972","ATTAACCCACCTATAG-1"
"973","ATTACCCGTGATTTGG-1"
"974","ATTACCCGTTGGATCA-1"
"975","ATTACCCGTTTACCGT-1"
"976","ATTACCGCAAGGTGCA-1"
"977","ATTACGTCAATCCCTT-1"
"978","ATTACTGAGCACGATT-1"
"979","ATTACTGAGCCGCTAA-1"
"980","ATTACTGAGCGGTTAT-1"
"981","ATTACTGAGGATCACT-1"
"982","ATTAGCGGTGCGCGTA-1"
"983","ATTAGCGGTGGATTCA-1"
"984","ATTAGCGGTTAGGCGT-1"
"985","ATTAGCTCATCAATCG-1"
"986","ATTAGGTGTTTCGCGC-1"
"987","ATTAGTCCATCTAGCA-1"
"988","ATTATCCTCGATTATG-1"
"989","ATTATCCTCTCCATAT-1"
"990","ATTATCCTCTTGCAGG-1"
"991","ATTATCCTCTTTAGGA-1"
"992","ATTATGGTCACCTGTC-1"
"993","ATTATGGTCATTTGCT-1"
"994","ATTATGGTCCGGTTAG-1"
"995","ATTCAACCACCCACAG-1"
"996","ATTCAACCAGGTTACC-1"
"997","ATTCAACCATGTCAGC-1"
"998","ATTCATGAGCAAGGAC-1"
"999","ATTCATGAGGATGATG-1"
"1000","ATTCATGAGGGTTATC-1"
"1001","ATTCATGAGTAGCGGG-1"
"1002","ATTCCTAGTGGAAGGC-1"
"1003","ATTCCTCCAAGGCCAA-1"
"1004","ATTCCTCCACCTCAGG-1"
"1005","ATTCCTCCAGCACCAT-1"
"1006","ATTCGTTTCGCTCCAT-1"
"1007","ATTGAAGCACAGAAAC-1"
"1008","ATTGAAGCAGGCTTGT-1"
"1009","ATTGAAGCAGTTGCGT-1"
"1010","ATTGACTCAAAGCTAA-1"
"1011","ATTGACTCAACAGGAT-1"
"1012","ATTGCACAGGTCAAAG-1"
"1013","ATTGCACAGTAACAGG-1"
"1014","ATTGCGCCAAGTCGCT-1"
"1015","ATTGCGCCAATTTAGC-1"
"1016","ATTGCGCCACCGGCTA-1"
"1017","ATTGCGCCAGTTATCG-1"
"1018","ATTGCGCCATTGTGAT-1"
"1019","ATTGCTCGTAATCACG-1"
"1020","ATTGGTTCAAGGATTA-1"
"1021","ATTGGTTCAATCCTGA-1"
"1022","ATTGGTTCATGCTTAG-1"
"1023","ATTGTCCGTCCCGAAG-1"
"1024","ATTGTCCGTCGTAAAT-1"
"1025","ATTGTGATCACGCCAA-1"
"1026","ATTTAGCCAAAGCTCC-1"
"1027","ATTTAGGTCTCTAGCC-1"
"1028","ATTTGCAAGCTAGAAG-1"
"1029","ATTTGCAAGCTATGAC-1"
"1030","ATTTGCAAGCTCCTTA-1"
"1031","ATTTGCAAGCTGTAAC-1"
"1032","ATTTGCAAGTTATGGC-1"
"1033","ATTTGCGCAGAATGAC-1"
"1034","ATTTGTGAGTTAACCA-1"
"1035","CAAACAACATAGCAGG-1"
"1036","CAAACACTCAATGAGG-1"
"1037","CAAACACTCCTGAATA-1"
"1038","CAAACACTCCTTGTTG-1"
"1039","CAAACACTCGTCCTTA-1"
"1040","CAAACCGTCCACCTTA-1"
"1041","CAAACCGTCCGGCTAA-1"
"1042","CAAACCGTCGTAACGT-1"
"1043","CAAACGCGTAATCACG-1"
"1044","CAAACTGGTAGGTTGC-1"
"1045","CAAACTGGTTCGCTCA-1"
"1046","CAAAGCGCAGGAAGCC-1"
"1047","CAAAGCGCATATTGAC-1"
"1048","CAAAGCGCATTTGCTC-1"
"1049","CAAAGTGAGCTGGACC-1"
"1050","CAAAGTGAGCTGGCTA-1"
"1051","CAAAGTGAGGAAGTAT-1"
"1052","CAACAATGTGCCTCAC-1"
"1053","CAACAATGTTGGTTAG-1"
"1054","CAACAATGTTTATCGC-1"
"1055","CAACAGGCAAATTCGT-1"
"1056","CAACCCGCACAGCCTG-1"
"1057","CAACCCGCAGGCCTTG-1"
"1058","CAACCCTTCAAGTGTC-1"
"1059","CAACCCTTCACCGGTA-1"
"1060","CAACCCTTCATCACTT-1"
"1061","CAACCCTTCATGTCAA-1"
"1062","CAACCCTTCTTGTCCA-1"
"1063","CAACTAATCAAGCGCC-1"
"1064","CAACTAATCACTTCAT-1"
"1065","CAACTAATCCAGGTCA-1"
"1066","CAACTAATCCGTTAAA-1"
"1067","CAACTAATCCTGAATA-1"
"1068","CAACTAGGTGACCTGG-1"
"1069","CAACTAGGTTAACAGT-1"
"1070","CAAGAACCAATAACCT-1"
"1071","CAAGAACCAATAGTCT-1"
"1072","CAAGAACCAGGCTAAG-1"
"1073","CAAGAACCATGCATAT-1"
"1074","CAAGACAAGAAGGTGC-1"
"1075","CAAGACAAGACTTACA-1"
"1076","CAAGACAAGCATGGTT-1"
"1077","CAAGCTAGTACCGAAC-1"
"1078","CAAGCTAGTCATTACC-1"
"1079","CAAGGCCTCAACCAAC-1"
"1080","CAAGGCCTCAATCATG-1"
"1081","CAAGGCCTCCAAGTTA-1"
"1082","CAAGGCTGTTAGTGAT-1"
"1083","CAAGGCTGTTTGGGCG-1"
"1084","CAAGGGAGTAACGGGA-1"
"1085","CAAGGTAAGGCGCTAC-1"
"1086","CAAGGTAAGTTATGTG-1"
"1087","CAAGGTAAGTTTGGGT-1"
"1088","CAAGGTTTCCTTTACG-1"
"1089","CAAGGTTTCGGTTAGT-1"
"1090","CAAGTATGTCCTTCTC-1"
"1091","CAAGTATGTTAAGTGT-1"
"1092","CAAGTATGTTACTAGG-1"
"1093","CAAGTGAAGACAACGA-1"
"1094","CAAGTGAAGCGTGCGT-1"
"1095","CAAGTGAAGGTCCACA-1"
"1096","CAAGTTATCATTAGTG-1"
"1097","CAAGTTATCTATGACA-1"
"1098","CAAGTTATCTGTTCAT-1"
"1099","CAAGTTATCTTAGGAC-1"
"1100","CAATAAGCACCGGTAT-1"
"1101","CAATAAGCAGGCCAAA-1"
"1102","CAATAAGCATGATTGT-1"
"1103","CAATAAGCATTGCGGT-1"
"1104","CAATAGCTCATTACTC-1"
"1105","CAATATGTCGCACAAT-1"
"1106","CAATCCCTCTGCAAGT-1"
"1107","CAATCCTGTACTGAAT-1"
"1108","CAATCCTGTTACATCC-1"
"1109","CAATCTAAGGGCTTAT-1"
"1110","CAATCTAAGTCAGGCC-1"
"1111","CAATGACTCCATAAGC-1"
"1112","CAATGACTCCTAGTAA-1"
"1113","CAATGACTCGCCTGTT-1"
"1114","CAATGCCCAAGGTATA-1"
"1115","CAATGCCCACGTGCTG-1"
"1116","CAATGTCAGCATGACT-1"
"1117","CAATGTCAGGCGCATC-1"
"1118","CAATGTGGTAGGATCC-1"
"1119","CAATGTGGTTTGACCT-1"
"1120","CACAAGCGTATTGGAT-1"
"1121","CACAAGCGTCCTAAGA-1"
"1122","CACAAGCGTCGAAGTC-1"
"1123","CACAAGCGTGCATTAG-1"
"1124","CACAAGCGTTGTAAAC-1"
"1125","CACAAGCGTTTGCTGT-1"
"1126","CACAATATCAAGTGTC-1"
"1127","CACAATATCATTACTC-1"
"1128","CACAATATCGTTCACC-1"
"1129","CACAATATCTCACTCA-1"
"1130","CACAGGCTCTCATCAT-1"
"1131","CACAGGGAGCGGCTGT-1"
"1132","CACAGGGAGTAAACCC-1"
"1133","CACATAATCACTAAGC-1"
"1134","CACATACAGGACCTCA-1"
"1135","CACATACAGTAGGCGG-1"
"1136","CACCAACCAATATACC-1"
"1137","CACCAACCAGTGAACG-1"
"1138","CACCGGTAGCAAGGTA-1"
"1139","CACCGGTAGGAACGCG-1"
"1140","CACCGGTAGGAACGGT-1"
"1141","CACCGGTAGGCATGTT-1"
"1142","CACCGGTAGGCTTAAC-1"
"1143","CACCTCAGTTAGGCTA-1"
"1144","CACCTCAGTTGCACGG-1"
"1145","CACCTGTTCAAGTGAG-1"
"1146","CACCTGTTCGGCCAGT-1"
"1147","CACGCAATCCACCCTG-1"
"1148","CACGCAATCTTGACCC-1"
"1149","CACGCTAAGTAGCTTA-1"
"1150","CACTAAGGTACAATGT-1"
"1151","CACTAAGGTAGGATCC-1"
"1152","CACTAAGGTCAGGCAT-1"
"1153","CACTAAGGTGTCCAAA-1"
"1154","CACTAAGGTTTGTCTA-1"
"1155","CACTAGCCAATCCCTT-1"
"1156","CACTAGCCATTATGCG-1"
"1157","CACTGACCAATTAACC-1"
"1158","CACTGACCAGGCGAGT-1"
"1159","CACTGACCATGGAGGC-1"
"1160","CACTTAAAGGATAAAC-1"
"1161","CACTTAAAGGCCCAGT-1"
"1162","CACTTAAAGTACTGGT-1"
"1163","CACTTAAAGTAGCGGG-1"
"1164","CACTTTGTCATCACTT-1"
"1165","CAGAACCGTGACCTGG-1"
"1166","CAGAACCGTGGAGCAA-1"
"1167","CAGAATCTCCCGCAAA-1"
"1168","CAGAATCTCGAGGAAC-1"
"1169","CAGCAAGCAAAGGTAC-1"
"1170","CAGCAAGCAACACCTA-1"
"1171","CAGCAAGCACAGGATG-1"
"1172","CAGCAAGCACCCACCT-1"
"1173","CAGCAAGCACTTGTTC-1"
"1174","CAGCAAGCAGCATGAG-1"
"1175","CAGCAAGCAGGTTATT-1"
"1176","CAGCATGTCAATCTCT-1"
"1177","CAGCATGTCCGCAAAT-1"
"1178","CAGCATGTCCTACCTA-1"
"1179","CAGCATGTCGGCTATG-1"
"1180","CAGCATTAGAACCTGT-1"
"1181","CAGCCAATCATTACAG-1"
"1182","CAGCCAATCCTTGCGT-1"
"1183","CAGCCAATCGGGATTT-1"
"1184","CAGCCTAAGTAGGCGG-1"
"1185","CAGCCTTTCGCTAGAT-1"
"1186","CAGCCTTTCGTCCTTA-1"
"1187","CAGCTAAGTAATGACT-1"
"1188","CAGCTAAGTATGGTGC-1"
"1189","CAGCTAAGTGCTGGTG-1"
"1190","CAGCTATAGCACCACA-1"
"1191","CAGCTATAGGCAATAG-1"
"1192","CAGCTATAGTTATCTC-1"
"1193","CAGCTCAAGCACTTGG-1"
"1194","CAGCTCAAGCATGCAT-1"
"1195","CAGCTCAAGCCGCTAA-1"
"1196","CAGCTCAAGGCCGGAA-1"
"1197","CAGGAAGGTGTGAGAG-1"
"1198","CAGGACACACTTCATC-1"
"1199","CAGGACACATGTCGCG-1"
"1200","CAGGATGCACACAATT-1"
"1201","CAGGCTATCCTGGTCT-1"
"1202","CAGGCTGGTTAAATGC-1"
"1203","CAGGCTGGTTCTTTAG-1"
"1204","CAGGGCTTCAAGTGTC-1"
"1205","CAGGGCTTCCGGTTAG-1"
"1206","CAGGGTGAGCTGAGGG-1"
"1207","CAGGGTGAGTAGCGGG-1"
"1208","CAGGGTGAGTGAGCGG-1"
"1209","CAGGTCCAGTTACCGG-1"
"1210","CAGGTGGAGACTCGCA-1"
"1211","CAGGTGGAGGATCACT-1"
"1212","CAGGTGGAGTGTGATC-1"
"1213","CAGGTTTAGACTCGCA-1"
"1214","CAGTACCCAGGACCTT-1"
"1215","CAGTACCCAGTTGCGT-1"
"1216","CAGTACCCATCGTTCT-1"
"1217","CAGTATGGTAGCCTCC-1"
"1218","CAGTATGGTATACTGG-1"
"1219","CATAACGGTCCACAAA-1"
"1220","CATAAGCTCAGGTCCA-1"
"1221","CATAAGCTCGAGGTGG-1"
"1222","CATAATCCACAAAGCG-1"
"1223","CATAATCCAGGCCAAA-1"
"1224","CATAATCCATCACTTC-1"
"1225","CATAATCCATGCTATG-1"
"1226","CATAATCCATTAGGCC-1"
"1227","CATAATGTCAATCATG-1"
"1228","CATAATGTCATCACTT-1"
"1229","CATAATGTCCGGGACT-1"
"1230","CATAGACTCAGCAAGA-1"
"1231","CATAGACTCCTTCGTA-1"
"1232","CATAGGCGTCACCTAT-1"
"1233","CATAGGCGTGATTTGG-1"
"1234","CATAGGCGTTGCGGAT-1"
"1235","CATAGGTTCAAGACTC-1"
"1236","CATAGGTTCCCTCATA-1"
"1237","CATAGGTTCCGTAAAC-1"
"1238","CATAGGTTCCTAGTAA-1"
"1239","CATAGGTTCGATTTAG-1"
"1240","CATAGGTTCTAAGGAG-1"
"1241","CATAGTCAGGCCAATT-1"
"1242","CATAGTCAGGCGAAAC-1"
"1243","CATAGTCAGGCGCTTA-1"
"1244","CATATCGCAGCATGGA-1"
"1245","CATCAATCAGCATGAG-1"
"1246","CATCACACAGGCTAAG-1"
"1247","CATCATAAGCATGTCG-1"
"1248","CATCATGCAAGGTGCA-1"
"1249","CATCCCAGTACTTCAC-1"
"1250","CATCCCAGTCGACTAA-1"
"1251","CATCCCAGTGCATTAG-1"
"1252","CATCCCAGTTAACGAT-1"
"1253","CATCCCAGTTGCACAA-1"
"1254","CATCCTCAGACTTACA-1"
"1255","CATCCTCAGCGAGTAA-1"
"1256","CATCCTCAGGGCCATC-1"
"1257","CATCCTGGTAAACAAG-1"
"1258","CATCCTGGTTGCACGG-1"
"1259","CATCCTGGTTTAGTCC-1"
"1260","CATCCTGGTTTGAGGC-1"
"1261","CATGAGGCAGTTATCG-1"
"1262","CATGAGGCATAGCAGG-1"
"1263","CATGCAAGTAACCACA-1"
"1264","CATGCATAGCATGTCG-1"
"1265","CATGCATAGGACCTCA-1"
"1266","CATGCATAGGCTACTG-1"
"1267","CATGCGCAGCATGAAG-1"
"1268","CATGGATTCAGTTCCC-1"
"1269","CATGGATTCCTTCGTA-1"
"1270","CATTATCTCATGACCG-1"
"1271","CATTATCTCATGTGGT-1"
"1272","CATTCATTCATTACTC-1"
"1273","CATTCATTCGGGACCT-1"
"1274","CATTCATTCTCACAAA-1"
"1275","CATTCCTCAGCTCATA-1"
"1276","CATTCCTCAGGAACAT-1"
"1277","CATTGCGAGTGTTGCG-1"
"1278","CATTGCGAGTTGTCCC-1"
"1279","CATTGTAAGATAAAGC-1"
"1280","CATTGTAAGCACAGGG-1"
"1281","CATTGTAAGCAGGCCT-1"
"1282","CATTGTAAGCCGGTAC-1"
"1283","CATTGTAAGCTACTGG-1"
"1284","CATTGTGCAGGACACA-1"
"1285","CATTTGTTCCATAAGC-1"
"1286","CCAAACCCAAGTAAGC-1"
"1287","CCAAACCCAGGCCAAA-1"
"1288","CCAAACTAGATTGAGG-1"
"1289","CCAAATCAGACAACGA-1"
"1290","CCAAATCAGACTCGCA-1"
"1291","CCAAATCAGTGACCTG-1"
"1292","CCAACATAGCAAACCT-1"
"1293","CCAACATAGTAATCCA-1"
"1294","CCAACCAAGCCTCTCG-1"
"1295","CCAACCAAGCTTCCCG-1"
"1296","CCAACCAAGTTGCGTG-1"
"1297","CCAACCCGTGACATGC-1"
"1298","CCAACCCGTGCTCCAC-1"
"1299","CCAACCCGTTGAATCG-1"
"1300","CCAAGGCTCAGGAAGC-1"
"1301","CCAAGGCTCCCGCCTA-1"
"1302","CCAAGGCTCGATCAGT-1"
"1303","CCAAGTTAGAGAGCCG-1"
"1304","CCAATATCAATTAGGA-1"
"1305","CCAATATCAATTGCGC-1"
"1306","CCAATATCAGCCTAAC-1"
"1307","CCAATATCATTGCGTA-1"
"1308","CCACAATAGAGGAGGA-1"
"1309","CCACAATAGGACAATG-1"
"1310","CCACACAAGAGGGACT-1"
"1311","CCACACAAGCACAGAA-1"
"1312","CCACAGGGTTCCTGAT-1"
"1313","CCACATTGTCAGGCAT-1"
"1314","CCACATTGTCTTGCTG-1"
"1315","CCACATTGTGGGAACA-1"
"1316","CCACATTGTTTCGCCA-1"
"1317","CCACTTGGTTCGCGCT-1"
"1318","CCAGACTCAAACGCGA-1"
"1319","CCAGACTCACAACAAA-1"
"1320","CCAGACTCAGGTTACC-1"
"1321","CCAGACTCATAAACCT-1"
"1322","CCAGCCTGTCAGTAAT-1"
"1323","CCAGCCTGTGTGTCCC-1"
"1324","CCAGCCTGTTACTTGC-1"
"1325","CCAGCTAAGCGCCTAA-1"
"1326","CCAGCTGCAAAGGCCA-1"
"1327","CCAGCTGCATCGCTTT-1"
"1328","CCAGGAACAGAGGGAG-1"
"1329","CCAGGATGTCGCGCAA-1"
"1330","CCAGGATGTGAGCGAA-1"
"1331","CCAGTTTGTAGCTGCG-1"
"1332","CCAGTTTGTCATAACG-1"
"1333","CCAGTTTGTGAGGTAG-1"
"1334","CCAGTTTGTGCACGCA-1"
"1335","CCAGTTTGTTTATCTG-1"
"1336","CCATAAGGTGACCTGG-1"
"1337","CCATAAGGTGAGAAAC-1"
"1338","CCATAAGGTTCACCAT-1"
"1339","CCATATTTCCGCTAGA-1"
"1340","CCATATTTCCTAATAG-1"
"1341","CCATATTTCTCCTCTT-1"
"1342","CCATCACTCCGGGACT-1"
"1343","CCATCACTCGCTATGG-1"
"1344","CCATCATGTAATGACT-1"
"1345","CCATCATGTCCGGTTC-1"
"1346","CCATCATGTTCCGGCT-1"
"1347","CCATTGTGTTACTAGG-1"
"1348","CCATTGTGTTTAGCTC-1"
"1349","CCCAAACCACCTACGG-1"
"1350","CCCAAACCAGCCTGCA-1"
"1351","CCCAAACCATAGCGAG-1"
"1352","CCCAAATAGTACTGGT-1"
"1353","CCCAACCGTATTGTCC-1"
"1354","CCCAATTGTAGTTAAC-1"
"1355","CCCAATTGTGTAACCA-1"
"1356","CCCAATTGTTAACACG-1"
"1357","CCCAATTGTTATCCGT-1"
"1358","CCCAATTGTTTGTCTA-1"
"1359","CCCAGCACACAATTAC-1"
"1360","CCCAGCACACAGAACG-1"
"1361","CCCAGTTTCATTGCAA-1"
"1362","CCCAGTTTCTAACCTT-1"
"1363","CCCAGTTTCTATCGCC-1"
"1364","CCCATAACACAGGAAT-1"
"1365","CCCATAACACCAACCG-1"
"1366","CCCATAACAGGCAAGC-1"
"1367","CCCGCAACAATCCCTT-1"
"1368","CCCGCAACACTGACCG-1"
"1369","CCCGCAACATGAATCT-1"
"1370","CCCGCTTCAGCGCTTG-1"
"1371","CCCGTAAAGCGTGCGT-1"
"1372","CCCGTAAAGGCCAATT-1"
"1373","CCCGTTGTCTAAGGTC-1"
"1374","CCCGTTGTCTTTAAGG-1"
"1375","CCCTAATGTTGTTGTC-1"
"1376","CCCTCACCAATCATGT-1"
"1377","CCCTCACCATTATGAC-1"
"1378","CCCTCAGTCAATGTCA-1"
"1379","CCCTCAGTCAGGGCCT-1"
"1380","CCCTCAGTCTATGACA-1"
"1381","CCCTCAGTCTTGGATA-1"
"1382","CCCTCATAGCAAGGGT-1"
"1383","CCCTCATAGCATGTCG-1"
"1384","CCCTCATAGCATGTTA-1"
"1385","CCCTCATAGCCTGACA-1"
"1386","CCCTCATAGTCATCCC-1"
"1387","CCCTGGACACAGCCAT-1"
"1388","CCCTGGACACATGCTA-1"
"1389","CCCTGTTAGCTCAAAC-1"
"1390","CCCTGTTAGGACCTGC-1"
"1391","CCCTGTTAGGTCATTA-1"
"1392","CCCTTAATCATCCTAT-1"
"1393","CCCTTAATCCTAGTAA-1"
"1394","CCCTTAATCGAAGTGA-1"
"1395","CCGATGCAGCATGTTA-1"
"1396","CCGATGCAGGAATAAC-1"
"1397","CCGATGCAGGACCTTG-1"
"1398","CCGATGCAGTCACGAT-1"
"1399","CCGCAAATCATTAGTG-1"
"1400","CCGCAAGGTGCAATGC-1"
"1401","CCGCAAGGTTCCAGGG-1"
"1402","CCGCAAGGTTTGGCTT-1"
"1403","CCGCACACAGTTTCTC-1"
"1404","CCGCTAAAGTTGTCAA-1"
"1405","CCGCTAGCAAACTCAT-1"
"1406","CCGCTAGCAAAGGTAC-1"
"1407","CCGCTAGCAACCTGGT-1"
"1408","CCGCTAGCAACTAGAA-1"
"1409","CCGCTAGCAATCGCAC-1"
"1410","CCGCTAGCAATGCCCG-1"
"1411","CCGCTAGCATGCAACC-1"
"1412","CCGCTTAGTCTATCGT-1"
"1413","CCGGTAGGTCCTAACT-1"
"1414","CCGGTAGGTTAGGTGC-1"
"1415","CCGGTTAAGGCATTAC-1"
"1416","CCGGTTAAGTGAAGTG-1"
"1417","CCGTGCTGTGCTGGTG-1"
"1418","CCGTGCTGTTATGTGG-1"
"1419","CCGTTAACATCATGGC-1"
"1420","CCGTTACTCCTAAATG-1"
"1421","CCGTTGCGTAACCACA-1"
"1422","CCGTTGCGTCTCACTG-1"
"1423","CCGTTGCGTGTTTCAC-1"
"1424","CCGTTTGGTAAAGCGG-1"
"1425","CCGTTTGGTTTCCTCC-1"
"1426","CCTAAAGGTCACAGCG-1"
"1427","CCTAAAGGTTCCAGGG-1"
"1428","CCTAAATCAAATATCC-1"
"1429","CCTAAATCACGGTTTA-1"
"1430","CCTAAGCCACATAGCC-1"
"1431","CCTAAGCCACCTCACC-1"
"1432","CCTAAGGTCTAAGTGC-1"
"1433","CCTAAGTAGTAACGAG-1"
"1434","CCTAATAAGCCTAATA-1"
"1435","CCTAATAAGGCTAATC-1"
"1436","CCTAATAAGTTAGTGC-1"
"1437","CCTAATCGTTGCTGGG-1"
"1438","CCTACTGGTCTATCGT-1"
"1439","CCTACTTCAATTAAGG-1"
"1440","CCTACTTCACAGGATG-1"
"1441","CCTAGTTGTGGATTAT-1"
"1442","CCTAGTTGTTCGCGCT-1"
"1443","CCTAGTTGTTTACTTG-1"
"1444","CCTAGTTGTTTGTCTA-1"
"1445","CCTATAGCACCTCAGG-1"
"1446","CCTATAGCATGTGGGA-1"
"1447","CCTATTGTCTCGCCTG-1"
"1448","CCTATTTAGTGAGGTA-1"
"1449","CCTCAAACACAAAGCG-1"
"1450","CCTCAAACACAGCCTG-1"
"1451","CCTCAAACAGTATGTT-1"
"1452","CCTCAAACATAATTGC-1"
"1453","CCTCAAACATTGTGCA-1"
"1454","CCTCAGTTCAGGATGA-1"
"1455","CCTCCTCTCAACCAAC-1"
"1456","CCTCCTCTCCAGGTCA-1"
"1457","CCTCCTCTCGGTAACT-1"
"1458","CCTCCTGAGCTATGAC-1"
"1459","CCTCCTGAGGCCATCA-1"
"1460","CCTCCTGAGTAACCAC-1"
"1461","CCTGAATAGGTTTGAC-1"
"1462","CCTGAATAGTTCCCAC-1"
"1463","CCTGACTTCGCTTGCT-1"
"1464","CCTGACTTCGTCAAGT-1"
"1465","CCTGAGTCAAGCGAGC-1"
"1466","CCTGAGTCAATGAAGC-1"
"1467","CCTGAGTCACATTGCA-1"
"1468","CCTGAGTCATGCTTAG-1"
"1469","CCTGAGTCATTAAAGG-1"
"1470","CCTGATGAGGAGCAAC-1"
"1471","CCTGATGAGGCCGGAA-1"
"1472","CCTGCTCCACAGAAAC-1"
"1473","CCTGCTCCAGCAATAA-1"
"1474","CCTGGTAAGTCCTTCA-1"
"1475","CCTGTAACATTAGGCC-1"
"1476","CCTGTATGTAAGCTCA-1"
"1477","CCTGTATGTCATCAAG-1"
"1478","CCTGTATGTTCCTCCT-1"
"1479","CCTGTTGGTACCTTAC-1"
"1480","CCTGTTGGTATGGTGC-1"
"1481","CCTGTTGGTTCCAGGG-1"
"1482","CCTGTTGGTTCGGGAT-1"
"1483","CCTTAACGTTTGTCTA-1"
"1484","CCTTACTCATGGCCCA-1"
"1485","CCTTAGTGTGAAACAA-1"
"1486","CCTTATGTCCGCATGA-1"
"1487","CCTTATGTCCTTAATC-1"
"1488","CCTTATGTCGAAGTGA-1"
"1489","CCTTCAATCGGCTAGC-1"
"1490","CCTTCAATCGTAACGT-1"
"1491","CCTTCAATCTGCAAAC-1"
"1492","CCTTCAGGTACCTTAC-1"
"1493","CCTTCAGGTAGGATTT-1"
"1494","CCTTCAGGTGGTTCTT-1"
"1495","CCTTCAGGTTACTTGC-1"
"1496","CCTTCAGGTTAGCAGC-1"
"1497","CCTTCGGTCATTTGTC-1"
"1498","CCTTCGGTCGATTATG-1"
"1499","CCTTCGTAGGTGAAAT-1"
"1500","CCTTCGTAGTAAGTCC-1"
"1501","CCTTCGTAGTGCTGTG-1"
"1502","CCTTGCGTCAGTTCCC-1"
"1503","CCTTGCGTCATGCTCC-1"
"1504","CCTTGCGTCCCTGATC-1"
"1505","CCTTGTTCAAACCTTG-1"
"1506","CCTTGTTCAATAACCT-1"
"1507","CCTTGTTCACTGACCG-1"
"1508","CCTTGTTCAGTTTACG-1"
"1509","CGAAATGAGACTAAGG-1"
"1510","CGAAATGAGGGATGCG-1"
"1511","CGAACAAAGAAAGCAT-1"
"1512","CGAACAAAGTGCTGTG-1"
"1513","CGAACAAAGTTTCCGC-1"
"1514","CGAACCGGTCTTGCAT-1"
"1515","CGAAGAATCATTTGTC-1"
"1516","CGAAGAATCCCGCCTA-1"
"1517","CGAAGCCTCCCGAACA-1"
"1518","CGAAGCCTCGATTTAG-1"
"1519","CGAAGCCTCGTTTCTG-1"
"1520","CGAAGGCCAGCATTAT-1"
"1521","CGAAGGCCATTGTGAT-1"
"1522","CGAAGTAAGGACCTCA-1"
"1523","CGAAGTAAGGATAAAC-1"
"1524","CGAAGTAAGGTCCACA-1"
"1525","CGAATATGTAAGCACC-1"
"1526","CGAATATGTAGGTTTG-1"
"1527","CGAATATGTTGTTGGA-1"
"1528","CGAATCTAGCCTCTGT-1"
"1529","CGAATCTAGCCTGGTA-1"
"1530","CGAATCTAGGAACGCG-1"
"1531","CGAATCTAGGAGGGTT-1"
"1532","CGAATCTAGGTGTTAC-1"
"1533","CGAATCTAGTGAGCGG-1"
"1534","CGAATCTAGTTCCCGT-1"
"1535","CGACAAGCAACAGCCT-1"
"1536","CGACAAGCAAGACTCC-1"
"1537","CGACCTGCAAGATTCT-1"
"1538","CGACCTGCACTAAGTT-1"
"1539","CGACCTGCATTCCTGT-1"
"1540","CGACTAAGTAACGGGA-1"
"1541","CGACTAAGTTAGAGCC-1"
"1542","CGAGCGAAGTTCCCGT-1"
"1543","CGAGCTGGTACCGGAT-1"
"1544","CGAGCTGGTCCACAAA-1"
"1545","CGAGCTGGTCCCGGAA-1"
"1546","CGAGCTGGTGGCTTCC-1"
"1547","CGAGCTGGTGTCCAAA-1"
"1548","CGAGCTGGTTAGGATT-1"
"1549","CGAGCTGGTTATCCGT-1"
"1550","CGAGCTGGTTTGCGCC-1"
"1551","CGAGGAAGTAGGATCC-1"
"1552","CGAGGAAGTTAATGCG-1"
"1553","CGAGGCAAGATGGACA-1"
"1554","CGAGGCAAGCTAATCA-1"
"1555","CGAGGCAAGTGATTCA-1"
"1556","CGAGGTGAGGTGTCCA-1"
"1557","CGAGGTGAGTCTCACC-1"
"1558","CGAGGTGAGTTAGGCT-1"
"1559","CGAGTCGGTACGCGCA-1"
"1560","CGATATTCACTAAGAA-1"
"1561","CGATATTCATTTAAGC-1"
"1562","CGATCCTTCTGTGCCT-1"
"1563","CGATGTCCACTATGGC-1"
"1564","CGATGTCCATCTAGCA-1"
"1565","CGATTATCACTATGGC-1"
"1566","CGATTATCAGTCTATG-1"
"1567","CGATTATCATCAGTAT-1"
"1568","CGATTATCATTAGGCC-1"
"1569","CGATTCCTCCTAATGA-1"
"1570","CGATTGAGTGAGGTAG-1"
"1571","CGATTGAGTGCGCATG-1"
"1572","CGATTGAGTTGGCGTG-1"
"1573","CGATTTGCAACCGCCA-1"
"1574","CGATTTGCATTGCGGT-1"
"1575","CGCAAATTCAAACTCA-1"
"1576","CGCAAATTCATGCTTT-1"
"1577","CGCAAATTCGGGACCT-1"
"1578","CGCAAATTCTTGCAAA-1"
"1579","CGCAATAGTAATTAGC-1"
"1580","CGCAATAGTATTACCC-1"
"1581","CGCAATCCAAGTGTCC-1"
"1582","CGCAATCCAGGCATGA-1"
"1583","CGCAATCCATTCCTCG-1"
"1584","CGCAATGTCACGCCAA-1"
"1585","CGCAATGTCTACCTAT-1"
"1586","CGCAATTAGATAGACG-1"
"1587","CGCAATTAGGATAAAC-1"
"1588","CGCAATTAGGCGCTAC-1"
"1589","CGCAATTAGGCTTAGT-1"
"1590","CGCAATTAGTGAACGA-1"
"1591","CGCACAATCCGCACAA-1"
"1592","CGCACAATCGAGGAGT-1"
"1593","CGCACACAGGCGCACT-1"
"1594","CGCACCACACCCTCAC-1"
"1595","CGCACCACATGAGTTT-1"
"1596","CGCATATAGTGAGCAA-1"
"1597","CGCATATAGTGTTGCG-1"
"1598","CGCATGATCATCAGTA-1"
"1599","CGCATGATCATCCTCA-1"
"1600","CGCATGATCCCGAAGC-1"
"1601","CGCATGATCTACTAAG-1"
"1602","CGCATGATCTCATCAT-1"
"1603","CGCATTTGTCCGTAGG-1"
"1604","CGCATTTGTTAAGCTG-1"
"1605","CGCATTTGTTAATGAC-1"
"1606","CGCATTTGTTCACTGT-1"
"1607","CGCCAAATCCCTGGAA-1"
"1608","CGCCACACAGAAATGC-1"
"1609","CGCCTCATCAGAAACG-1"
"1610","CGCCTCATCCTAAGAC-1"
"1611","CGCCTCATCGTTATAG-1"
"1612","CGCCTGTGTACGCGCA-1"
"1613","CGCGATTCATGAGCAG-1"
"1614","CGCGGATTCACCGGTA-1"
"1615","CGCGGATTCCGGGACT-1"
"1616","CGCGGATTCGCCTGTT-1"
"1617","CGCTAACCAGTCTAAT-1"
"1618","CGCTAACCATCGCTCC-1"
"1619","CGCTAATAGCATGAAG-1"
"1620","CGCTAATAGCGATAGA-1"
"1621","CGCTAATAGGACCGCT-1"
"1622","CGCTAATAGGTAGCTT-1"
"1623","CGCTACTTCCCTCTAA-1"
"1624","CGCTACTTCCTAGTTT-1"
"1625","CGCTACTTCTAGCGTG-1"
"1626","CGCTACTTCTCGCCTG-1"
"1627","CGCTATGAGGTGTTAC-1"
"1628","CGCTATGAGTAGCGGG-1"
"1629","CGCTATGAGTCACGAT-1"
"1630","CGCTATGAGTCATTAG-1"
"1631","CGCTATGAGTTATCTC-1"
"1632","CGCTCAGCAATAGCCC-1"
"1633","CGCTCAGCATAAGTCT-1"
"1634","CGCTCAGCATTGTCCT-1"
"1635","CGCTCCATCTGTAATG-1"
"1636","CGCTCCATCTTCAATC-1"
"1637","CGCTGTGCACCTCGCT-1"
"1638","CGCTTAACACCAGGTT-1"
"1639","CGCTTACTCCGCACAA-1"
"1640","CGCTTACTCTCTAGCC-1"
"1641","CGCTTACTCTGTAAGC-1"
"1642","CGCTTCTAGCTGGCTA-1"
"1643","CGCTTCTAGGTGAAGC-1"
"1644","CGCTTGCGTAACAGGG-1"
"1645","CGCTTGCGTAAGCTTG-1"
"1646","CGCTTGCGTGATGGCT-1"
"1647","CGCTTGCGTGGTTAGC-1"
"1648","CGCTTGCGTTATGTGG-1"
"1649","CGGAATCGTCCACAAA-1"
"1650","CGGAATCGTGTTTGCT-1"
"1651","CGGACAACACAATACT-1"
"1652","CGGACAACACCCTCAC-1"
"1653","CGGACAACAGCTCATA-1"
"1654","CGGACAACAGTTATCG-1"
"1655","CGGACCTAGCAACATC-1"
"1656","CGGACCTAGCCTGGTA-1"
"1657","CGGACCTAGCGGGCAA-1"
"1658","CGGACCTAGCTTAACA-1"
"1659","CGGAGTCTCCTACCTA-1"
"1660","CGGAGTCTCCTTGCAC-1"
"1661","CGGAGTCTCGCTATGG-1"
"1662","CGGATAAAGACTTATG-1"
"1663","CGGATAAAGCTCAATA-1"
"1664","CGGATTAGTAAGGTCC-1"
"1665","CGGATTAGTGCTGTAA-1"
"1666","CGGCAATGTACCGAAC-1"
"1667","CGGCAATGTCTTACTA-1"
"1668","CGGCAATGTGGATTAT-1"
"1669","CGGCCATAGCCTTAAA-1"
"1670","CGGCCATAGGGCCATC-1"
"1671","CGGCCATAGTGACCTG-1"
"1672","CGGCTAATCGCAACAT-1"
"1673","CGGCTCACAGTAGGTG-1"
"1674","CGGGACAAGACAAACG-1"
"1675","CGGGACAAGGCGCACT-1"
"1676","CGGGACAAGGGACCTC-1"
"1677","CGGGCTTAGCCGCTTT-1"
"1678","CGGGCTTAGCGATAAG-1"
"1679","CGGGCTTAGTCTTGAA-1"
"1680","CGGGCTTAGTGAGGGT-1"
"1681","CGGGTATGTAACGTGC-1"
"1682","CGGGTATGTACCGTTT-1"
"1683","CGGGTATGTATTTGGG-1"
"1684","CGGGTATGTCATAGAT-1"
"1685","CGGGTATGTGCTCCAC-1"
"1686","CGGGTCTAGGAGGCAT-1"
"1687","CGGGTCTAGTCACCTC-1"
"1688","CGGTAACGTATTGGTG-1"
"1689","CGGTAACGTCTTGCAT-1"
"1690","CGGTAACGTTTACTTG-1"
"1691","CGGTGAACAATAAGCA-1"
"1692","CGGTGAACACGTGCTG-1"
"1693","CGGTGAACAGTACCGT-1"
"1694","CGGTGAACAGTTTCTC-1"
"1695","CGGTGAGAGAGGGACT-1"
"1696","CGGTTATAGAATCTCA-1"
"1697","CGGTTATAGCATTATG-1"
"1698","CGGTTATAGCGCTAAT-1"
"1699","CGGTTCCGTACGCGCA-1"
"1700","CGGTTCCGTGATGAAA-1"
"1701","CGGTTCCGTTAGGACC-1"
"1702","CGGTTCCGTTTGGGTA-1"
"1703","CGGTTGGGTAAACAAG-1"
"1704","CGGTTTCTCCTCCATA-1"
"1705","CGGTTTCTCTAAATCG-1"
"1706","CGGTTTCTCTGTTCAT-1"
"1707","CGGTTTGAGTAAACCC-1"
"1708","CGTAACCCAAATATCC-1"
"1709","CGTAACCCACCATATG-1"
"1710","CGTAACCCAGTTTGTG-1"
"1711","CGTAACTAGCGCAATT-1"
"1712","CGTAATGGTACGGGTT-1"
"1713","CGTAATGGTATACTGG-1"
"1714","CGTAATGGTCCTTAGT-1"
"1715","CGTAATGGTCCTTCAG-1"
"1716","CGTAATGGTGCATTAG-1"
"1717","CGTACGGGTGGAAACG-1"
"1718","CGTACGGGTTCAAGCA-1"
"1719","CGTACGGGTTTAGTCC-1"
"1720","CGTAGCGGTACTGAAT-1"
"1721","CGTAGCGGTGCATCGG-1"
"1722","CGTAGTTAGACAGGCG-1"
"1723","CGTAGTTAGTGAGCAA-1"
"1724","CGTAGTTAGTTTGGTA-1"
"1725","CGTATTGCACAAACTT-1"
"1726","CGTATTGCATCAATCG-1"
"1727","CGTATTGCATGGAGGC-1"
"1728","CGTCAATAGACAAAGT-1"
"1729","CGTCAATAGTTGTCTT-1"
"1730","CGTCATTGTGAGGTGA-1"
"1731","CGTCATTGTGGACCTG-1"
"1732","CGTCCTAGTCAATACG-1"
"1733","CGTCCTAGTTTATCTG-1"
"1734","CGTGAGGAGAGGATAT-1"
"1735","CGTGAGGAGGATAAAC-1"
"1736","CGTGAGGAGGCCAATT-1"
"1737","CGTGAGGAGTCATGCG-1"
"1738","CGTGCACAGCGTGCAC-1"
"1739","CGTGCACAGGAGTCTT-1"
"1740","CGTGCTGCAAACTAAG-1"
"1741","CGTGCTGCAACGTGCT-1"
"1742","CGTGCTGCACAGGGAC-1"
"1743","CGTGCTGCACATAGCC-1"
"1744","CGTGCTGCACCGGCTA-1"
"1745","CGTGCTGCAGATTCAT-1"
"1746","CGTGCTGCATCGTTCT-1"
"1747","CGTGCTTTCCCTCAAC-1"
"1748","CGTGCTTTCGGGACCT-1"
"1749","CGTGGTTCAGGTATTT-1"
"1750","CGTGGTTCAGTAGCCT-1"
"1751","CGTGGTTCATTCAGCA-1"
"1752","CGTGTGTCAAAGCTAA-1"
"1753","CGTGTGTCAAATTCGT-1"
"1754","CGTGTGTCACAAACTT-1"
"1755","CGTGTGTCACGAATCC-1"
"1756","CGTGTTACAGGAACCA-1"
"1757","CGTGTTACATTAGCCA-1"
"1758","CGTTAAATCATTACAG-1"
"1759","CGTTAAATCCGCCTCA-1"
"1760","CGTTAAATCGGCTAGC-1"
"1761","CGTTAAATCTCCATAT-1"
"1762","CGTTAAATCTGTGCCT-1"
"1763","CGTTAACAGCAGGCCT-1"
"1764","CGTTAACAGCGAGGTG-1"
"1765","CGTTAACAGCTCCTAC-1"
"1766","CGTTAACAGCTTAACA-1"
"1767","CGTTAACAGTCACGAT-1"
"1768","CGTTAACAGTGAGCAA-1"
"1769","CGTTAACAGTTTAACG-1"
"1770","CGTTAGGTCTGTAAGC-1"
"1771","CGTTAGTAGGAAGCAC-1"
"1772","CGTTATCGTAACCTAG-1"
"1773","CGTTATCGTTAGCCAA-1"
"1774","CGTTATTTCAGGAAGC-1"
"1775","CGTTATTTCGATTTGA-1"
"1776","CGTTATTTCTAATCCT-1"
"1777","CGTTATTTCTCATCAT-1"
"1778","CGTTGCAAGAGAAGGG-1"
"1779","CGTTGCAAGGGACCTC-1"
"1780","CGTTGCAAGTGCACGC-1"
"1781","CGTTGCGCAGCTCATA-1"
"1782","CGTTTCTCACTAAATC-1"
"1783","CGTTTCTCAGGAATCG-1"
"1784","CGTTTCTCATCGCTTT-1"
"1785","CGTTTGGAGACAAGTG-1"
"1786","CGTTTGGAGGCATGAA-1"
"1787","CGTTTGGAGGGATGAC-1"
"1788","CTAAAGCTCAAAGGCA-1"
"1789","CTAAAGCTCAAGCTAC-1"
"1790","CTAAAGCTCCTAAGGT-1"
"1791","CTAAAGCTCGATTTAG-1"
"1792","CTAAAGCTCGCTAGAT-1"
"1793","CTAAAGCTCGGGACTC-1"
"1794","CTAAATGTCATCCTCA-1"
"1795","CTAAATGTCATTGCGG-1"
"1796","CTAAATGTCCCTGGTT-1"
"1797","CTAAATGTCGATTCTT-1"
"1798","CTAAATGTCGGGACTC-1"
"1799","CTAAATGTCGGTCAGC-1"
"1800","CTAAATGTCTTGCAGG-1"
"1801","CTAACCACAATAGCAA-1"
"1802","CTAACCACAGTCTAAT-1"
"1803","CTAACCCTCATCGTTT-1"
"1804","CTAACCCTCATGCCTC-1"
"1805","CTAACCTGTGCTTACT-1"
"1806","CTAACCTGTTAGAGCC-1"
"1807","CTAACCTGTTTAACCC-1"
"1808","CTAAGGTTCGAAGCGG-1"
"1809","CTAAGGTTCGAGGAGT-1"
"1810","CTAAGTCAGATGCCTG-1"
"1811","CTAAGTCAGCCTCTCG-1"
"1812","CTAAGTCAGCCTCTGT-1"
"1813","CTAAGTCAGGCCAATT-1"
"1814","CTAAGTCAGTAAGAAC-1"
"1815","CTAATAGTCGTAACGT-1"
"1816","CTAATCCGTAATCACG-1"
"1817","CTAATCGCATCAGTAT-1"
"1818","CTAATCGCATTAAAGG-1"
"1819","CTAATCGCATTATGGT-1"
"1820","CTAATCTTCAGAAACG-1"
"1821","CTAATTGAGTTGTCAA-1"
"1822","CTACAACAGCAGGCCT-1"
"1823","CTACAACAGGAACGCG-1"
"1824","CTACCGGCACTGGCTG-1"
"1825","CTACCTCAGCTTCTCA-1"
"1826","CTACCTCAGTAAGAAC-1"
"1827","CTACCTCAGTGAGGTA-1"
"1828","CTACGAAGTTTATCTG-1"
"1829","CTACTAAAGCCGCAGT-1"
"1830","CTACTAAAGTAGAGGC-1"
"1831","CTACTTAGTAATCGCA-1"
"1832","CTACTTAGTTTGTTGC-1"
"1833","CTAGATTCAAGGGTTG-1"
"1834","CTAGATTCAATAGTCT-1"
"1835","CTAGATTCAGCTTACA-1"
"1836","CTAGATTCATGTTGTG-1"
"1837","CTAGCGGGTTCGGGAT-1"
"1838","CTAGCTGAGGAACACA-1"
"1839","CTAGCTGAGGACAATG-1"
"1840","CTAGCTGAGGTAGCTT-1"
"1841","CTAGCTGAGGTCATTA-1"
"1842","CTAGCTTGTCAGGAAG-1"
"1843","CTAGCTTGTCCTAGTT-1"
"1844","CTAGCTTGTGACATAT-1"
"1845","CTAGCTTGTTAGGACC-1"
"1846","CTAGCTTGTTAGGCGT-1"
"1847","CTAGCTTGTTATCCTA-1"
"1848","CTAGGACGTGAGACTC-1"
"1849","CTAGGACGTTTGCAGA-1"
"1850","CTAGGCGGTAATGGAA-1"
"1851","CTAGGCGGTCATTGAG-1"
"1852","CTAGTAGGTTAAGCCA-1"
"1853","CTAGTCGAGGGTTAGA-1"
"1854","CTAGTCGAGTGCTGTG-1"
"1855","CTAGTGAGTATTACCC-1"
"1856","CTAGTGAGTGAGAAAC-1"
"1857","CTAGTGAGTTCAAGCA-1"
"1858","CTATAACCAACTAGAA-1"
"1859","CTATAACCAATGAAGC-1"
"1860","CTATAACCAGGTTCAC-1"
"1861","CTATGACAGCCTGAGC-1"
"1862","CTATGACAGGCTAGAA-1"
"1863","CTATGAGGTGAAGCCT-1"
"1864","CTATGATCACATACTG-1"
"1865","CTATGATCACTCAACA-1"
"1866","CTATGATCACTTAACG-1"
"1867","CTATGATCAGGCATCT-1"
"1868","CTATGATCATGGAGGC-1"
"1869","CTATGGCCAAACGGGC-1"
"1870","CTATGGCCACATTAAC-1"
"1871","CTATGGCCACCCTCAC-1"
"1872","CTATGTTTCACAGGAA-1"
"1873","CTATGTTTCCGTAAAC-1"
"1874","CTATGTTTCCTGTTCA-1"
"1875","CTATGTTTCGGCCAGT-1"
"1876","CTATTACTCAAGCTAC-1"
"1877","CTATTACTCGCTTCTA-1"
"1878","CTATTCAGTGCATTAG-1"
"1879","CTATTCAGTGGCTTCC-1"
"1880","CTATTGAAGCCTGACA-1"
"1881","CTATTGAAGGCATGTT-1"
"1882","CTATTGAAGTCTTGAA-1"
"1883","CTATTGAAGTTACCGG-1"
"1884","CTCAATAAGACAAAGT-1"
"1885","CTCAATAAGCAGCTCA-1"
"1886","CTCAATAAGCCTCTGT-1"
"1887","CTCAATAAGGAGGGTT-1"
"1888","CTCAATAAGTTGGGCC-1"
"1889","CTCACAACAAGGACCA-1"
"1890","CTCACAACAATGAATG-1"
"1891","CTCACACTCCTGCGAA-1"
"1892","CTCACACTCTAAGTCA-1"
"1893","CTCACACTCTTAGCGG-1"
"1894","CTCACTCAGCAGGTTT-1"
"1895","CTCACTCAGCCTAATA-1"
"1896","CTCACTCAGCGAGGTG-1"
"1897","CTCACTCAGGCCTGGT-1"
"1898","CTCAGGATCATTGCAA-1"
"1899","CTCAGGATCCATCAGG-1"
"1900","CTCAGGATCCGGGACT-1"
"1901","CTCAGGATCGCTAAGT-1"
"1902","CTCAGGATCTACTAAG-1"
"1903","CTCAGGATCTTAGGAC-1"
"1904","CTCATCATCCCTCAAC-1"
"1905","CTCATCATCGATTATG-1"
"1906","CTCATGACAATGCCCG-1"
"1907","CTCATGCTCAAGCGCC-1"
"1908","CTCATGCTCCAAGTTA-1"
"1909","CTCATGCTCGCTAAGT-1"
"1910","CTCATTGTCATTAGGC-1"
"1911","CTCATTGTCCGCCTCA-1"
"1912","CTCATTTAGACAACAG-1"
"1913","CTCATTTAGGGTTAGA-1"
"1914","CTCCAAACACTTCATC-1"
"1915","CTCCAAACATTATGGT-1"
"1916","CTCCAAACATTTGCTC-1"
"1917","CTCCAACTCAAGGACA-1"
"1918","CTCCAACTCCCGCATT-1"
"1919","CTCCAACTCCCTCTAA-1"
"1920","CTCCAACTCTTAGTGA-1"
"1921","CTCCATCAGCTTTGTT-1"
"1922","CTCCATCAGGCATGAA-1"
"1923","CTCCATCAGTGCACGC-1"
"1924","CTCCCTGAGACAGGCG-1"
"1925","CTCCCTGAGCAAACCT-1"
"1926","CTCCCTGAGGTGCTGC-1"
"1927","CTCCGGACACAACAGG-1"
"1928","CTCCGGACACCTAAGC-1"
"1929","CTCCGGACACCTACTT-1"
"1930","CTCCGGACAGACAAAC-1"
"1931","CTCCGGACATTGCAGC-1"
"1932","CTCCGTCCAATTGAGA-1"
"1933","CTCCGTCCACCTAATG-1"
"1934","CTCCTAATCAGCATTA-1"
"1935","CTCCTAATCATGAGCT-1"
"1936","CTCCTAATCCCTCAAC-1"
"1937","CTCCTCACAAGCGAGC-1"
"1938","CTCCTCACACCTGCTC-1"
"1939","CTCCTCACATGAATCT-1"
"1940","CTCCTGAGTACCAGGT-1"
"1941","CTCCTGAGTCATAACG-1"
"1942","CTCCTGAGTGCCGCAA-1"
"1943","CTCCTGAGTGTAACCA-1"
"1944","CTCCTGAGTTAGCTGA-1"
"1945","CTCGACAAGGAACGGT-1"
"1946","CTCGCTAGTTTCGCCA-1"
"1947","CTCGCTCCACGTTACA-1"
"1948","CTCGTTATCTCCTCTT-1"
"1949","CTCTAAGCAGCCAGAA-1"
"1950","CTCTAAGCATAGTCAT-1"
"1951","CTCTAAGCATTGTCAG-1"
"1952","CTCTAGCTCGCCTAAG-1"
"1953","CTCTATGTCATGACCG-1"
"1954","CTCTCACAGCACCACA-1"
"1955","CTCTCACAGCACGATT-1"
"1956","CTCTCACAGGCGAATA-1"
"1957","CTCTGTTCACGAATCC-1"
"1958","CTCTTGATCTTTGAGA-1"
"1959","CTGAAACTCACTTCAT-1"
"1960","CTGAAACTCGCTAAGT-1"
"1961","CTGAATATCAGGCTAT-1"
"1962","CTGAATATCCAGGAAA-1"
"1963","CTGAATATCCTGCGAA-1"
"1964","CTGAATATCGTTAACA-1"
"1965","CTGACATAGAGAAGGG-1"
"1966","CTGACATAGCACAGCC-1"
"1967","CTGACATAGCCTGATG-1"
"1968","CTGACATAGCTAATCA-1"
"1969","CTGACATAGCTGTCAG-1"
"1970","CTGACCAAGACAAACG-1"
"1971","CTGATCACACCGGTAT-1"
"1972","CTGCTACTCCAAATCA-1"
"1973","CTGCTACTCGTACCGA-1"
"1974","CTGCTCCCACGAACAG-1"
"1975","CTGCTCCCAGTAGGAT-1"
"1976","CTGGACCAGGCCCAGT-1"
"1977","CTGGACCAGGTCCACA-1"
"1978","CTGGATGTCAGGTTTA-1"
"1979","CTGGATGTCATGAGCT-1"
"1980","CTGGTAAGTCATGCCC-1"
"1981","CTGGTTACAACTGGGA-1"
"1982","CTGGTTACAGAGAGCC-1"
"1983","CTGGTTTGTGCTAGCG-1"
"1984","CTGGTTTGTTTGTGGA-1"
"1985","CTGTAACAGAGCAAGC-1"
"1986","CTGTAACAGGTATTGC-1"
"1987","CTGTAACAGTCCTTCA-1"
"1988","CTGTAACAGTGAACAG-1"
"1989","CTGTAACAGTTAGTTG-1"
"1990","CTGTACCTCACTAATG-1"
"1991","CTGTACCTCCTTCGTA-1"
"1992","CTGTACCTCGCATTAA-1"
"1993","CTGTACCTCGCCTGTT-1"
"1994","CTGTATTTCGAGGAGT-1"
"1995","CTGTGTGAGCACAGCC-1"
"1996","CTGTTCATCAAGCTTA-1"
"1997","CTGTTCATCACGCCAA-1"
"1998","CTGTTCATCATGAAGG-1"
"1999","CTGTTCATCCAAGTTA-1"
"2000","CTGTTCATCCGTCCAT-1"
"2001","CTGTTCATCGATTTAG-1"
"2002","CTGTTTAGTCCTAACT-1"
"2003","CTGTTTAGTGCCTCAC-1"
"2004","CTGTTTAGTTACATCC-1"
"2005","CTGTTTAGTTCGCTCA-1"
"2006","CTTAACAAGACAGGTA-1"
"2007","CTTAACAAGTATTGCA-1"
"2008","CTTAACAAGTGAAGTG-1"
"2009","CTTAAGATCCACCCTG-1"
"2010","CTTAAGATCCTGGTGA-1"
"2011","CTTAAGATCGATCAGT-1"
"2012","CTTAAGATCTCGCCTG-1"
"2013","CTTAAGGGTGCATTTC-1"
"2014","CTTAAGGGTTAGACCA-1"
"2015","CTTAATGAGCGCTCAA-1"
"2016","CTTAATGAGGCTAATC-1"
"2017","CTTACCTCAGCTTAGC-1"
"2018","CTTACCTCATGCTCCC-1"
"2019","CTTACTAGTCCTAAGA-1"
"2020","CTTACTAGTGCTAGAC-1"
"2021","CTTACTAGTGGTTATG-1"
"2022","CTTAGGAGTTCCATTA-1"
"2023","CTTAGTTTCAAGTGAG-1"
"2024","CTTAGTTTCACCTGTC-1"
"2025","CTTATGTTCACAAGCT-1"
"2026","CTTATGTTCAGCAAAG-1"
"2027","CTTATTGGTAATCGCA-1"
"2028","CTTATTGGTCAAGACC-1"
"2029","CTTCAAGCACGGTTTA-1"
"2030","CTTCAAGCAGGCTTGT-1"
"2031","CTTCAATTCCTGGTGA-1"
"2032","CTTCAATTCGTGCTTC-1"
"2033","CTTCACTCAGCAACAG-1"
"2034","CTTCACTCAGCAATAA-1"
"2035","CTTCACTCAGCCTGCA-1"
"2036","CTTCACTCATCATGGC-1"
"2037","CTTCACTCATTTGCTC-1"
"2038","CTTCAGGAGCTCAAAC-1"
"2039","CTTCATCCAGATTCAT-1"
"2040","CTTCATCCAGCTTACA-1"
"2041","CTTCATCCAGGTCCTG-1"
"2042","CTTCTAAGTCAACAAT-1"
"2043","CTTCTAAGTGGACCTG-1"
"2044","CTTCTAAGTGTGAGGA-1"
"2045","CTTCTAAGTTAGGACC-1"
"2046","CTTCTCAAGCCTAATA-1"
"2047","CTTCTCAAGGCATGTT-1"
"2048","CTTCTCAAGGCTAATC-1"
"2049","CTTCTCAAGGTTACAC-1"
"2050","CTTGAATCAGTAAGTA-1"
"2051","CTTGAATCATGAATAG-1"
"2052","CTTGCAACAACCTGGT-1"
"2053","CTTGCAACAGTTTGTG-1"
"2054","CTTGCAACATGAGCAG-1"
"2055","CTTGCAACATGAGTTT-1"
"2056","CTTGCAACATGTTGCA-1"
"2057","CTTGCATGTTAGAGGG-1"
"2058","CTTGCATGTTCCTCCT-1"
"2059","CTTGCGCGTAAAGCAA-1"
"2060","CTTGCGCGTACGGGTT-1"
"2061","CTTGCGCGTGTGAGGA-1"
"2062","CTTGCTCAGAATGACG-1"
"2063","CTTGCTCAGGACCTCA-1"
"2064","CTTGCTCAGGTCGAGG-1"
"2065","CTTGCTCAGTTCCTCA-1"
"2066","CTTGCTCAGTTTGAGC-1"
"2067","CTTGGACCACAACAAA-1"
"2068","CTTGGACCACCGTTCC-1"
"2069","CTTGGACCACCTACGG-1"
"2070","CTTGGACCAGTAGGAT-1"
"2071","CTTGTAAAGTTAGCCG-1"
"2072","CTTGTCCAGAATCGCT-1"
"2073","CTTGTCCAGGCGCACT-1"
"2074","CTTGTCCAGGGATGAC-1"
"2075","CTTGTTCCAAGTGTCC-1"
"2076","CTTGTTCCAATTAGCT-1"
"2077","CTTGTTCCACACAATT-1"
"2078","CTTGTTCCATGTGGGA-1"
"2079","CTTGTTTAGTCCTTCA-1"
"2080","CTTTAGGCACAGACTC-1"
"2081","CTTTAGGCACGGTTTA-1"
"2082","CTTTAGGCAGACAAAC-1"
"2083","CTTTAGGCAGCTCATA-1"
"2084","CTTTAGTTCATCCTCA-1"
"2085","CTTTAGTTCCTAAGAC-1"
"2086","CTTTAGTTCGGCCATA-1"
"2087","CTTTATCAGCCTTAAA-1"
"2088","CTTTATCAGCTATTAG-1"
"2089","CTTTATCAGGCCAATT-1"
"2090","CTTTGAGCAAGCGAGC-1"
"2091","CTTTGAGCATGTTTGG-1"
"2092","CTTTGGTGTGATGAAA-1"
"2093","CTTTGGTGTGCATTTC-1"
"2094","CTTTGTCCAAAGCGCA-1"
"2095","CTTTGTCCAAGCCAGA-1"
"2096","CTTTGTCCACAACCTA-1"
"2097","CTTTGTCCAGACAAAC-1"
"2098","CTTTGTCCAGCCAGTT-1"
"2099","GAAACCCGTTATAGCG-1"
"2100","GAAACTGAGGAGTCTT-1"
"2101","GAAACTGAGTGAGGGT-1"
"2102","GAAAGCCAGAACCTAC-1"
"2103","GAAAGCCAGCTTATGA-1"
"2104","GAAAGCCAGGGCCACT-1"
"2105","GAAAGCCAGTAGCGCC-1"
"2106","GAAAGCCAGTTATGGC-1"
"2107","GAACACAAGCCATCAG-1"
"2108","GAACACAAGGTCAAAG-1"
"2109","GAACCAAAGAGAGCCG-1"
"2110","GAACCAAAGGATTTGC-1"
"2111","GAACCAAAGGTCGAGG-1"
"2112","GAACCAAAGGTTACAC-1"
"2113","GAACCAAAGTGTGATC-1"
"2114","GAACCAAAGTTAACCA-1"
"2115","GAACCAGCAAGCGATG-1"
"2116","GAACCAGCAATGAAGC-1"
"2117","GAACCAGCAGCATGGA-1"
"2118","GAACCAGCAGGAACCA-1"
"2119","GAACCGCTCACCTGTC-1"
"2120","GAACCGCTCCTCATGC-1"
"2121","GAACCTTAGACAACAG-1"
"2122","GAACCTTAGGAGGTTA-1"
"2123","GAACGAATCAATACGC-1"
"2124","GAACGAATCGAGGTGG-1"
"2125","GAACGAATCTAGCGAT-1"
"2126","GAAGCCTGTGTTCCCA-1"
"2127","GAAGCCTGTGTTGTAG-1"
"2128","GAAGCCTGTTGCGTAA-1"
"2129","GAAGCTAAGACAACAG-1"
"2130","GAAGCTAAGCAAGGAC-1"
"2131","GAAGGAACAAGGTAAC-1"
"2132","GAAGGAACATATTGAC-1"
"2133","GAAGGAACATGTTGCA-1"
"2134","GAAGGATGTCCGTGAG-1"
"2135","GAAGGATGTGAGCGAA-1"
"2136","GAAGGATGTGCGCATG-1"
"2137","GAAGGCCCAATAGCAA-1"
"2138","GAAGTAAGTATTGAGT-1"
"2139","GAAGTAAGTGGATGTC-1"
"2140","GAAGTAAGTTTCGCGC-1"
"2141","GAAGTATAGCCGCAGT-1"
"2142","GAAGTCAAGGCGCACT-1"
"2143","GAAGTGATCATGAGCT-1"
"2144","GAAGTGATCATTTGTC-1"
"2145","GAAGTGATCTTAGGAC-1"
"2146","GAATTTGTCGCACACA-1"
"2147","GAATTTGTCTAGCGTG-1"
"2148","GACAATACAGCAATAA-1"
"2149","GACACCGGTTAGTTGG-1"
"2150","GACATAGAGCGAAGTA-1"
"2151","GACATAGAGGTCCTGA-1"
"2152","GACATTATCAGCAAGA-1"
"2153","GACCGAACAGGAACCA-1"
"2154","GACCGTTCAAACATAG-1"
"2155","GACCGTTCAATGCGCT-1"
"2156","GACCGTTCACTTGTTC-1"
"2157","GACCTAAGTAGGTTTG-1"
"2158","GACCTAAGTCACCAAA-1"
"2159","GACCTAAGTCATAGAT-1"
"2160","GACCTAGTCACTCAAA-1"
"2161","GACCTAGTCACTTCAT-1"
"2162","GACCTCAAGCAGGCCT-1"
"2163","GACCTCAAGTAGGCGG-1"
"2164","GACCTGATCCCGTTAC-1"
"2165","GACCTGATCGCTCCAT-1"
"2166","GACCTGCAGCCTGACA-1"
"2167","GACCTTTGTACGTTTC-1"
"2168","GACCTTTGTGATTACG-1"
"2169","GACCTTTGTGGTTAGC-1"
"2170","GACGCAACACGAATCC-1"
"2171","GACGCCTAGCTATTGA-1"
"2172","GACGCCTAGGCTAATC-1"
"2173","GACGCCTAGGCTACTG-1"
"2174","GACGCCTAGGGATTAG-1"
"2175","GACGTAAAGGTAACGA-1"
"2176","GACTAATGTATTCGTC-1"
"2177","GACTAATGTCTTACTA-1"
"2178","GACTATTCACAAAGAC-1"
"2179","GACTATTCAGTTGCGT-1"
"2180","GACTTACAGACTTACA-1"
"2181","GACTTAGGTTGGTTCT-1"
"2182","GACTTGGTCTGTAAGC-1"
"2183","GACTTGGTCTGTGCAG-1"
"2184","GAGAAACGTAATTAGC-1"
"2185","GAGAAACGTGGGAACA-1"
"2186","GAGAAACGTGTTGTGA-1"
"2187","GAGAACCAGCAAGGTA-1"
"2188","GAGAACCAGCGGGCAA-1"
"2189","GAGAGGCGTAGTTGGC-1"
"2190","GAGAGGCGTATTCGTC-1"
"2191","GAGAGGCGTCGCAAAC-1"
"2192","GAGAGGCGTGATGAAA-1"
"2193","GAGAGGCGTTGTTGCT-1"
"2194","GAGATAAGTACCTTAC-1"
"2195","GAGATAAGTTAAATGC-1"
"2196","GAGATAAGTTCCATTA-1"
"2197","GAGATAAGTTGCGTAA-1"
"2198","GAGCAAATCACCTGTC-1"
"2199","GAGCAAATCGCCTAAG-1"
"2200","GAGCAAGGTATTTGGG-1"
"2201","GAGCAAGGTTTGCTGT-1"
"2202","GAGCCACTCCGCCTAT-1"
"2203","GAGCCACTCCTCAGTC-1"
"2204","GAGCCACTCGGTACGC-1"
"2205","GAGCCTTCAATATGGA-1"
"2206","GAGCCTTCATTGTTGG-1"
"2207","GAGCGAAGTGGGTGAA-1"
"2208","GAGCGATAGAAAGCAT-1"
"2209","GAGCGGTCAGCATGTC-1"
"2210","GAGCGGTCATTAGGTT-1"
"2211","GAGCTAGCAGGAAGCC-1"
"2212","GAGCTAGCAGTCTAAT-1"
"2213","GAGCTAGCATAAGTTC-1"
"2214","GAGCTAGCATTCCTCG-1"
"2215","GAGCTGCTCACGCCAA-1"
"2216","GAGCTGCTCGATCAGT-1"
"2217","GAGCTTGTCAGGAACA-1"
"2218","GAGCTTGTCGCAATCG-1"
"2219","GAGCTTGTCGCTAGTG-1"
"2220","GAGGACTAGCGCATTG-1"
"2221","GAGGACTAGGTTTGAC-1"
"2222","GAGGAGGCAAGCCACT-1"
"2223","GAGGAGGCAGTTGCGT-1"
"2224","GAGGAGGCATAAGCAA-1"
"2225","GAGGAGGCATCGCTTT-1"
"2226","GAGGCAAGTTTACTTG-1"
"2227","GAGGCCTTCATGTTTC-1"
"2228","GAGGCCTTCGCTAAGT-1"
"2229","GAGGCCTTCTAAGGTC-1"
"2230","GAGGCCTTCTTGCATT-1"
"2231","GAGGCTACAGGCATGA-1"
"2232","GAGGCTTGTAGCCTCC-1"
"2233","GAGGGAGCAAGTCGCT-1"
"2234","GAGGGAGCAATCGCAC-1"
"2235","GAGGTACAGATAGACG-1"
"2236","GAGGTACAGCGCAATT-1"
"2237","GAGGTACAGTCTTGAA-1"
"2238","GAGGTAGGTGACATGC-1"
"2239","GAGGTAGGTGTCCTGC-1"
"2240","GAGGTAGGTTCAAGCA-1"
"2241","GAGGTGAGTAACGGGA-1"
"2242","GAGGTGAGTGCTGTAA-1"
"2243","GAGGTGAGTGGAGCAA-1"
"2244","GAGGTGAGTTACTAGG-1"
"2245","GAGGTTAAGGCGCATC-1"
"2246","GAGGTTAAGGTCCTAG-1"
"2247","GAGGTTAAGTAAGGGC-1"
"2248","GAGTAACCACACAATT-1"
"2249","GAGTAACCACCTATAG-1"
"2250","GAGTAATAGAATGACG-1"
"2251","GAGTAATAGTTTCCTG-1"
"2252","GAGTATCTCCTTAGTT-1"
"2253","GAGTCAAAGGAAGTAT-1"
"2254","GAGTCAAAGTAACTCA-1"
"2255","GAGTCATTCTCCATAT-1"
"2256","GAGTGAGGTAACCTAG-1"
"2257","GAGTGATCAAATTCGT-1"
"2258","GAGTGATCAATCATGT-1"
"2259","GAGTGATCAATTAAGG-1"
"2260","GAGTGATCAATTTGGT-1"
"2261","GAGTGATCACATACTG-1"
"2262","GAGTGATCACCGGCTA-1"
"2263","GAGTGATCATTGTCCT-1"
"2264","GAGTGTTTCTCACAAA-1"
"2265","GAGTTACTCAATGAGG-1"
"2266","GAGTTACTCATTACGA-1"
"2267","GAGTTACTCCCTGGTT-1"
"2268","GAGTTACTCGCTATAA-1"
"2269","GAGTTACTCTGGCAAT-1"
"2270","GAGTTGCGTTCACCCA-1"
"2271","GAGTTTGGTTGGATCA-1"
"2272","GATAACGAGGTCCACA-1"
"2273","GATAAGCCAACACTTG-1"
"2274","GATAAGCCAAGGTGGC-1"
"2275","GATAAGCCAGGGAGCT-1"
"2276","GATAAGCCATAATTGC-1"
"2277","GATAAGCCATGCAACC-1"
"2278","GATAATCGTTAGGATT-1"
"2279","GATAATCGTTGAAGCC-1"
"2280","GATAATCGTTTGTTGC-1"
"2281","GATCAAGAGCGGGCAA-1"
"2282","GATCAAGAGCTTATGA-1"
"2283","GATCAAGAGCTTCCCG-1"
"2284","GATCACTAGAGAAGGG-1"
"2285","GATCACTAGCTATATG-1"
"2286","GATCAGGCAGGTTAAA-1"
"2287","GATCAGGCATAGGCGA-1"
"2288","GATCAGGCATTGACAT-1"
"2289","GATCAGTTCCTGTTCA-1"
"2290","GATCAGTTCGTCAAGT-1"
"2291","GATCAGTTCTTAGCGG-1"
"2292","GATCCGTCAGGCGATA-1"
"2293","GATCCGTCATCCATCT-1"
"2294","GATCCGTCATCGCTCC-1"
"2295","GATCGAGCATAAGTCT-1"
"2296","GATCGATTCCGTGACA-1"
"2297","GATCGCTCACGCAACT-1"
"2298","GATCGCTCATGTTGGC-1"
"2299","GATGACTTCATCCTGC-1"
"2300","GATGACTTCATTATGG-1"
"2301","GATGACTTCCTCCTAA-1"
"2302","GATGACTTCGCGACAC-1"
"2303","GATGAGGGTCACAGAC-1"
"2304","GATGAGGGTCCTTCAG-1"
"2305","GATGCAGCAACTAACT-1"
"2306","GATGCAGCAGAGGGAG-1"
"2307","GATGCAGCAGCAACCT-1"
"2308","GATGCATTCAATTACG-1"
"2309","GATGCATTCACAGCGC-1"
"2310","GATGCGACAATCATGT-1"
"2311","GATGCTTAGCATTATG-1"
"2312","GATGCTTAGCTCAAAC-1"
"2313","GATGGACAGACACCGC-1"
"2314","GATGGACAGCTGGCTA-1"
"2315","GATGGCTGTCAATACG-1"
"2316","GATGGCTGTTTGCTGT-1"
"2317","GATTACGGTAGGATCC-1"
"2318","GATTACGGTGAGACTC-1"
"2319","GATTACTCAGGCATGA-1"
"2320","GATTACTCATTTAAGC-1"
"2321","GATTAGCTCGCTAGCA-1"
"2322","GATTAGCTCTCAATTC-1"
"2323","GATTAGTGTAGCCTAA-1"
"2324","GATTAGTGTTCGCTTG-1"
"2325","GATTCAATCATTCATC-1"
"2326","GATTCAATCCGCCAAA-1"
"2327","GATTCAATCGGTACGC-1"
"2328","GATTCAATCTAATCTC-1"
"2329","GATTCAATCTAGCGAT-1"
"2330","GATTCAATCTTGATGA-1"
"2331","GATTCAGGTGAGCGAA-1"
"2332","GATTCAGGTTAACGGC-1"
"2333","GATTCATCAAGCTTAT-1"
"2334","GATTCATCACCGTTCC-1"
"2335","GATTCATCAGGTTATT-1"
"2336","GATTCGCCAATCGCAC-1"
"2337","GATTCGCCAGGACACA-1"
"2338","GATTGATGTGGATTGC-1"
"2339","GATTGATGTTCGGTAA-1"
"2340","GATTGCAGTATACTGG-1"
"2341","GATTGCAGTCATTACC-1"
"2342","GATTGCAGTCGTAAAT-1"
"2343","GATTGCAGTGACCTGG-1"
"2344","GATTGCAGTTAAATGC-1"
"2345","GATTGCAGTTCCAGGG-1"
"2346","GATTGCGTCCACCTGT-1"
"2347","GATTGCGTCCATTACT-1"
"2348","GATTGCGTCGCACAAT-1"
"2349","GATTGGTTCATAGCCG-1"
"2350","GATTGGTTCCCTTGCG-1"
"2351","GATTGGTTCGCTAGCA-1"
"2352","GATTGTTCACAATGCC-1"
"2353","GATTGTTCATAGACCC-1"
"2354","GATTGTTCATCAATCG-1"
"2355","GATTTGCAGGATAAAC-1"
"2356","GATTTGCAGGTAAGGC-1"
"2357","GCAAACAAGCCTGTGA-1"
"2358","GCAAACAAGTCGCTAG-1"
"2359","GCAAACCGTAGACAAA-1"
"2360","GCAAACCGTCATGAGC-1"
"2361","GCAAACCGTTAGCGTA-1"
"2362","GCAAACCGTTGGTTCT-1"
"2363","GCAAACTTCGTTAACA-1"
"2364","GCAACAGCAACACCTA-1"
"2365","GCAACAGCAAGACTCC-1"
"2366","GCAACAGCACATACTG-1"
"2367","GCAACAGCACGAATCC-1"
"2368","GCAACAGCAGCATGAG-1"
"2369","GCAACAGCAGTCTAGC-1"
"2370","GCAACAGCATCAGTAT-1"
"2371","GCAAGCCTCCTGAGTG-1"
"2372","GCAAGTCGTGATGAGG-1"
"2373","GCAAGTGCACTTCATC-1"
"2374","GCAAGTGCAGAAACGT-1"
"2375","GCAATCTAGATAAAGC-1"
"2376","GCAATCTAGTACTGGT-1"
"2377","GCAATCTAGTTAGTGC-1"
"2378","GCAATGAAGAATGACG-1"
"2379","GCAATGAAGCATGCAT-1"
"2380","GCAATGAAGGAACGCG-1"
"2381","GCAATGAAGTCAATTG-1"
"2382","GCAATGTTCCACCTGT-1"
"2383","GCAATGTTCCGCAACA-1"
"2384","GCAATGTTCGATTTGA-1"
"2385","GCAATGTTCTAAGTCA-1"
"2386","GCACGAACATTTAAGC-1"
"2387","GCACGCTAGCTTACTT-1"
"2388","GCACGCTAGGTGAAAT-1"
"2389","GCACGGTTCCTCAGCT-1"
"2390","GCACGGTTCTACCTGC-1"
"2391","GCACTAAGTAGGTTTG-1"
"2392","GCACTAAGTGCGCAAT-1"
"2393","GCACTAAGTTACCGGG-1"
"2394","GCACTAAGTTTCAGGA-1"
"2395","GCACTTACACTTCATC-1"
"2396","GCACTTACAGCTAACC-1"
"2397","GCACTTACATAATCCG-1"
"2398","GCAGCAACAACAGCCT-1"
"2399","GCAGCAACACAAACTT-1"
"2400","GCAGCAACAGTGAACG-1"
"2401","GCAGCAACATTGTCAG-1"
"2402","GCAGCTATCTTTAAGG-1"
"2403","GCAGGAAGTGCGCGTA-1"
"2404","GCAGGAAGTTTACTTG-1"
"2405","GCAGGAAGTTTATGGG-1"
"2406","GCAGGATAGAGAGGAG-1"
"2407","GCAGGATAGATGCCTG-1"
"2408","GCAGGATAGATGGACA-1"
"2409","GCAGGATAGCCAGTAT-1"
"2410","GCAGGCTTCCTTTACG-1"
"2411","GCAGGCTTCGTTATCT-1"
"2412","GCAGGCTTCTCCATGC-1"
"2413","GCAGGTGAGCCTAACG-1"
"2414","GCAGGTTGTGGACCTG-1"
"2415","GCAGGTTGTTTGTGGA-1"
"2416","GCATATATCATGCGTG-1"
"2417","GCATATATCGCATTAA-1"
"2418","GCATATATCTCGCCTG-1"
"2419","GCATCCTTCGCTATGG-1"
"2420","GCATCCTTCTCCATGC-1"
"2421","GCATGAAAGCGTGCGT-1"
"2422","GCATGAAAGGGTTAGA-1"
"2423","GCATGAGCAAACTCAT-1"
"2424","GCATGAGCATTGTCAG-1"
"2425","GCATTAGGTAATCGCA-1"
"2426","GCATTAGGTACCGTTT-1"
"2427","GCATTGCCAAGGTATA-1"
"2428","GCATTGCCATTGTGCA-1"
"2429","GCCAACATCCCTCGCA-1"
"2430","GCCAATAGTATACTGG-1"
"2431","GCCAATAGTATTGCAG-1"
"2432","GCCAATAGTCACCAAA-1"
"2433","GCCAATTAGAATCGCT-1"
"2434","GCCAATTAGTTAGACC-1"
"2435","GCCACAATCATAATCG-1"
"2436","GCCACAATCGCATTAA-1"
"2437","GCCACAATCTTAGTGA-1"
"2438","GCCACACAGCTCCCTG-1"
"2439","GCCACTAAGCCTGATG-1"
"2440","GCCACTAAGGAGGCAT-1"
"2441","GCCACTAAGGCTAATC-1"
"2442","GCCACTAAGTTGCCTC-1"
"2443","GCCAGGAAGACAAAGT-1"
"2444","GCCAGGAAGCCAGGTC-1"
"2445","GCCAGGAAGCTTACTT-1"
"2446","GCCAGGTTCGCTCACT-1"
"2447","GCCAGGTTCTTTGAGA-1"
"2448","GCCATGATCCCGTTGT-1"
"2449","GCCATGATCGGGACTC-1"
"2450","GCCATTACAACTCGCG-1"
"2451","GCCATTACAGCATGTC-1"
"2452","GCCATTACATAACGGG-1"
"2453","GCCATTACATCCCGCT-1"
"2454","GCCCAAATCGAAGCGG-1"
"2455","GCCCAAATCGCTTGCT-1"
"2456","GCCCATAAGCATGAAG-1"
"2457","GCCCATAAGGGACGCA-1"
"2458","GCCCATAAGGTTTGCG-1"
"2459","GCCCATAAGTAGCCAT-1"
"2460","GCCGTGAGTACTGATG-1"
"2461","GCCGTGAGTTTCCGGC-1"
"2462","GCCTAATAGATGGACA-1"
"2463","GCCTAATAGCATTTCT-1"
"2464","GCCTAATAGGTTACGT-1"
"2465","GCCTAATAGTCAGTAC-1"
"2466","GCCTACTTCATTGCGG-1"
"2467","GCCTACTTCCCATAAA-1"
"2468","GCCTACTTCCGCAAAT-1"
"2469","GCCTATTGTAATAGCT-1"
"2470","GCCTATTGTTCCGGGA-1"
"2471","GCCTATTGTTTGAGGC-1"
"2472","GCCTATTGTTTGTCTA-1"
"2473","GCCTCAAAGGTGCTGC-1"
"2474","GCCTCCATCATTTGTC-1"
"2475","GCCTCCATCGGTTTGG-1"
"2476","GCCTCGACAATAAGCA-1"
"2477","GCCTCGACAGCCAGTT-1"
"2478","GCCTGAGGTCCTTTAA-1"
"2479","GCCTGCTGTATTCGTC-1"
"2480","GCCTGCTGTTGTAAAC-1"
"2481","GCCTGCTGTTTAGCGA-1"
"2482","GCCTTAACAATAACCT-1"
"2483","GCCTTAACAATGAATG-1"
"2484","GCCTTAACAGCCTTGG-1"
"2485","GCCTTAACATCTTGAG-1"
"2486","GCCTTACTCAGCTAAC-1"
"2487","GCCTTACTCCGCAACA-1"
"2488","GCCTTGCGTATTGTCC-1"
"2489","GCCTTGCGTGAGCACT-1"
"2490","GCCTTTATCACTAATG-1"
"2491","GCCTTTATCATTACAG-1"
"2492","GCCTTTATCCTAAGGT-1"
"2493","GCCTTTATCGTCAAGT-1"
"2494","GCCTTTATCTAGCGTG-1"
"2495","GCGAAGCCAACCCTCC-1"
"2496","GCGAAGCCAGGCTTCG-1"
"2497","GCGAAGTAGCCGCTAA-1"
"2498","GCGAAGTAGGCATTGT-1"
"2499","GCGAAGTAGTGAGGTA-1"
"2500","GCGAGTGAGCTGGAAA-1"
"2501","GCGAGTGAGGCAAGTA-1"
"2502","GCGAGTGAGTAAGTCC-1"
"2503","GCGATATTCACCGGTA-1"
"2504","GCGATATTCGATTTAG-1"
"2505","GCGATTAGTTAGTTGG-1"
"2506","GCGATTTAGACCATAC-1"
"2507","GCGATTTAGAGAGGAG-1"
"2508","GCGCAAACAAGGTCCT-1"
"2509","GCGCAAACAATCATGT-1"
"2510","GCGCAAACATCAGTAT-1"
"2511","GCGCAAACATTAGCGC-1"
"2512","GCGCAAACATTCCTCG-1"
"2513","GCGCAATGTCCGTAGG-1"
"2514","GCGCAATGTTGCGCGA-1"
"2515","GCGCAATGTTGTGACA-1"
"2516","GCGCCTTGTCATAGAT-1"
"2517","GCGCCTTGTGCTCACC-1"
"2518","GCGCGATTCCTGATGG-1"
"2519","GCGCGATTCTGCAACG-1"
"2520","GCGCTAGGTTCGGGAT-1"
"2521","GCGCTTGCAACCTAAT-1"
"2522","GCGCTTGCAGCAAATA-1"
"2523","GCGGAACCAATGCCCG-1"
"2524","GCGGAACCACTCGCTC-1"
"2525","GCGGAACCATATAACC-1"
"2526","GCGGAACCATTCCTCG-1"
"2527","GCGGATACACCAAAGG-1"
"2528","GCGGATACAGTTTGGC-1"
"2529","GCGGGTTTCCAAGTGT-1"
"2530","GCGGGTTTCGATTCTT-1"
"2531","GCGGTTATCCTAGTAA-1"
"2532","GCGGTTATCTGGTCCT-1"
"2533","GCGGTTGGTACCGGAT-1"
"2534","GCGGTTGGTAGCAGCT-1"
"2535","GCGGTTGGTCATTGAG-1"
"2536","GCGGTTGGTGACATAT-1"
"2537","GCGGTTGGTTCCTCCT-1"
"2538","GCGTAACGTTGGTGAC-1"
"2539","GCGTGCTAGATGGAGC-1"
"2540","GCGTGCTAGGCATTGT-1"
"2541","GCGTTTCTCCCTCAGT-1"
"2542","GCGTTTCTCGCACACA-1"
"2543","GCGTTTCTCTGGCATG-1"
"2544","GCTAACCCAAGGATTA-1"
"2545","GCTAAGAAGCAACATC-1"
"2546","GCTAAGAAGGAAGCAC-1"
"2547","GCTAAGAAGGATCCGC-1"
"2548","GCTAAGCGTACGTTTC-1"
"2549","GCTAAGCGTATTACCC-1"
"2550","GCTAAGCGTGTTTGCT-1"
"2551","GCTAAGCGTTCACTGT-1"
"2552","GCTAATATCTGTAATG-1"
"2553","GCTAATATCTTAGTGA-1"
"2554","GCTAATATCTTTGACT-1"
"2555","GCTAGCCAGCTGTACG-1"
"2556","GCTAGCGGTGAACAAA-1"
"2557","GCTAGTGTCAAGCCTG-1"
"2558","GCTAGTGTCCTTAGGG-1"
"2559","GCTATAGGTTGCTGGG-1"
"2560","GCTATAGGTTTGCAGA-1"
"2561","GCTATCCTCGAGGTGG-1"
"2562","GCTATCCTCTGTGAGT-1"
"2563","GCTATCCTCTTGCATT-1"
"2564","GCTATTGCACCTGTAA-1"
"2565","GCTCAACCAGGATGGC-1"
"2566","GCTCACAAGCGATAAG-1"
"2567","GCTCACAAGGACCGCT-1"
"2568","GCTCATTGTCATAAGT-1"
"2569","GCTCATTGTCGCAAAC-1"
"2570","GCTCCTTAGAGGAGGA-1"
"2571","GCTCCTTAGCTGTACG-1"
"2572","GCTCGATCAAACCTTG-1"
"2573","GCTCGATCACCTCACC-1"
"2574","GCTCGATCAGCTTACA-1"
"2575","GCTCGATCATCCTGAA-1"
"2576","GCTCGATCATGAGTTT-1"
"2577","GCTCTGGCACCTGCCT-1"
"2578","GCTCTGGCAGCAAGTG-1"
"2579","GCTCTGGCATTAAGCT-1"
"2580","GCTGACATCGAGCTAT-1"
"2581","GCTGACATCTGTTGCC-1"
"2582","GCTGACCAGATGCCTG-1"
"2583","GCTGAGGAGGTTTACA-1"
"2584","GCTGAGGAGTCCTTTG-1"
"2585","GCTGATCCACGTTACA-1"
"2586","GCTGCAATCAGGAACA-1"
"2587","GCTGCACAGACAGGTA-1"
"2588","GCTGCACAGTGAGGGT-1"
"2589","GCTGCATCACAGAACG-1"
"2590","GCTGCATCAGCAACCT-1"
"2591","GCTGCATCAGCAAGAT-1"
"2592","GCTGCATCATGTTTGG-1"
"2593","GCTGGTTCAGGATAAC-1"
"2594","GCTGTAAGTATTTGCC-1"
"2595","GCTGTAAGTTATCCGT-1"
"2596","GCTGTAAGTTGGTGAC-1"
"2597","GCTGTACCAATAATCC-1"
"2598","GCTGTACCAGGCATCT-1"
"2599","GCTGTACCAGTCTATG-1"
"2600","GCTGTGATCACAGCGC-1"
"2601","GCTGTGATCACAGGAA-1"
"2602","GCTGTGATCCTACCTA-1"
"2603","GCTGTGATCGCTCACT-1"
"2604","GCTGTGATCTAAGGAG-1"
"2605","GCTGTGCAGGCAAGTA-1"
"2606","GCTGTGCAGTCAGTAC-1"
"2607","GCTTAAATCTTGCATT-1"
"2608","GCTTACCTCCAAACAC-1"
"2609","GCTTACCTCCCATAAA-1"
"2610","GCTTACCTCTTGTCTG-1"
"2611","GCTTAGTAGCGCATTG-1"
"2612","GCTTATCGTTGAAGCC-1"
"2613","GCTTATCGTTGTTCAC-1"
"2614","GCTTCGCGTAGACAAA-1"
"2615","GCTTCGCGTGCAACTA-1"
"2616","GCTTCGCGTTAGACCA-1"
"2617","GCTTGACCAGCTACGT-1"
"2618","GCTTGTTGTAAGCTCA-1"
"2619","GCTTGTTGTATTGGAT-1"
"2620","GCTTGTTGTGGTTCCC-1"
"2621","GCTTGTTGTGTTTGCT-1"
"2622","GCTTTATTCCGCCAAA-1"
"2623","GCTTTATTCTACCTGC-1"
"2624","GCTTTCATCGATTCTT-1"
"2625","GCTTTCATCTCGCCTG-1"
"2626","GCTTTGTGTGGATTAT-1"
"2627","GCTTTGTGTTTAGTCC-1"
"2628","GCTTTGTGTTTGCAGA-1"
"2629","GGAACAATCGCAACAT-1"
"2630","GGAACCACAAATATCC-1"
"2631","GGAACCACAATGAATG-1"
"2632","GGAACCACACCAAAGG-1"
"2633","GGAACCTGTAATCGGC-1"
"2634","GGAACCTGTTATCCTA-1"
"2635","GGAACCTGTTGTTGTC-1"
"2636","GGAACGGTCATGCGTG-1"
"2637","GGAACGGTCATGCTAA-1"
"2638","GGAACGGTCATGGTTA-1"
"2639","GGAACGGTCGATATTG-1"
"2640","GGAACGGTCGGGACCT-1"
"2641","GGAACGGTCGTGCTTC-1"
"2642","GGAACTAAGGACCGCT-1"
"2643","GGAACTAAGTTGGCCA-1"
"2644","GGAAGCTAGCCATCAG-1"
"2645","GGAAGCTAGTAGGCGG-1"
"2646","GGAAGTATCATTGCGG-1"
"2647","GGAAGTATCCTGTTCA-1"
"2648","GGAAGTATCGCACAAT-1"
"2649","GGAAGTATCGGTCAAT-1"
"2650","GGAATCTTCATGCTTT-1"
"2651","GGAATCTTCGAGCTAT-1"
"2652","GGAATCTTCGCGCTAA-1"
"2653","GGAATCTTCGGGACCT-1"
"2654","GGAATCTTCTGTGAGT-1"
"2655","GGACAGCCATCAATCG-1"
"2656","GGACATAAGCTTGCTC-1"
"2657","GGACATAAGGGACCTC-1"
"2658","GGACCGAAGCTAATCA-1"
"2659","GGACCGAAGGACCTCA-1"
"2660","GGACCGAAGTAACTCA-1"
"2661","GGACCGAAGTGAACGA-1"
"2662","GGACCTCAGTTGGCCA-1"
"2663","GGACGAAGTAAACAAG-1"
"2664","GGACGAAGTGCTTAGA-1"
"2665","GGACTAAAGAATCTCA-1"
"2666","GGACTAAAGGTATTGC-1"
"2667","GGACTAAAGTTAGCTA-1"
"2668","GGAGCAAGTCCTCCAA-1"
"2669","GGAGCAAGTGAGCGAA-1"
"2670","GGAGCAAGTGTTAAAC-1"
"2671","GGAGCAAGTTCACCAT-1"
"2672","GGAGCAAGTTGGCCGA-1"
"2673","GGAGCAAGTTTGGTTC-1"
"2674","GGAGCATAGTAAAGGT-1"
"2675","GGAGCATAGTCAGGCC-1"
"2676","GGAGCATAGTTTGTCT-1"
"2677","GGAGCGATCAAGTGAG-1"
"2678","GGAGCGATCCCTCTAA-1"
"2679","GGAGCGATCCTTAGGG-1"
"2680","GGAGCGATCGAGCTAT-1"
"2681","GGAGGTTAGGTAACGA-1"
"2682","GGAGTCTGTTAAGGCC-1"
"2683","GGAGTCTGTTAGTGAT-1"
"2684","GGAGTCTGTTTATGGG-1"
"2685","GGAGTGAGTGCAATGC-1"
"2686","GGAGTGAGTTGAGCCG-1"
"2687","GGATAACCAAGGAATC-1"
"2688","GGATACTTCAGGATGA-1"
"2689","GGATACTTCTTGCAAA-1"
"2690","GGATATTGTACCGTTT-1"
"2691","GGATATTGTTCATCTA-1"
"2692","GGATGAATCATCACTT-1"
"2693","GGATGAATCCGCCTAT-1"
"2694","GGATGAATCGATTATG-1"
"2695","GGATGGCCAATTAGCT-1"
"2696","GGATGGCCACATTGCA-1"
"2697","GGATGGCCAGGAACTG-1"
"2698","GGATGGCCATCAATCG-1"
"2699","GGATGGCCATTGTGAT-1"
"2700","GGATGTAAGCGGGCAA-1"
"2701","GGATGTAAGCTCAATA-1"
"2702","GGATGTAAGTTTGGTA-1"
"2703","GGATTATGTGGAGCAA-1"
"2704","GGATTCAGTCAAACTG-1"
"2705","GGATTCAGTTAGGATT-1"
"2706","GGATTCAGTTAGTACG-1"
"2707","GGATTTATCACTCGCT-1"
"2708","GGATTTATCGCAACAT-1"
"2709","GGCAAATCAATTAACC-1"
"2710","GGCAAATCACCTGTAA-1"
"2711","GGCAAATCAGTACCGT-1"
"2712","GGCAAGCCAATGAGGT-1"
"2713","GGCAAGCCATAACGGG-1"
"2714","GGCAAGCCATTAAACC-1"
"2715","GGCAATCGTACCGAAC-1"
"2716","GGCAATCGTTAGTTGG-1"
"2717","GGCAGGATCACCTGTC-1"
"2718","GGCAGGATCTGCAAAC-1"
"2719","GGCATTAGTAAAGCAA-1"
"2720","GGCATTAGTATTCGCT-1"
"2721","GGCATTAGTGCTCACC-1"
"2722","GGCCAACTCGTTAACA-1"
"2723","GGCCATCAGCCTGAGC-1"
"2724","GGCCATCAGGCTACTG-1"
"2725","GGCCATCAGTCCTTTG-1"
"2726","GGCCGTTAGCACGATT-1"
"2727","GGCCGTTAGCTAAAGG-1"
"2728","GGCCTAATCGCTATGG-1"
"2729","GGCCTCTGTACCGTTT-1"
"2730","GGCCTCTGTTGAGGTC-1"
"2731","GGCCTTAAGACTAAGG-1"
"2732","GGCCTTAAGGGACTAA-1"
"2733","GGCCTTAAGTAACCAC-1"
"2734","GGCCTTCGTAAACAAG-1"
"2735","GGCCTTCGTAAGCTTG-1"
"2736","GGCCTTCGTGAGCACT-1"
"2737","GGCGATACAACTAGAA-1"
"2738","GGCGATACACAGAAAC-1"
"2739","GGCGATACAGAGGCTA-1"
"2740","GGCGCTAGTGTTGCAA-1"
"2741","GGCGCTAGTTACGCGG-1"
"2742","GGCGGTAAGTCACTCC-1"
"2743","GGCGGTTTCTTAGTGA-1"
"2744","GGCGTTATCAGCTAAC-1"
"2745","GGCGTTATCCTCCTAA-1"
"2746","GGCTAGACAGCACGTT-1"
"2747","GGCTAGACAGGCTTCG-1"
"2748","GGCTAGTGTCATAGAT-1"
"2749","GGCTAGTGTCCTAAGA-1"
"2750","GGCTAGTGTTATAGCG-1"
"2751","GGCTATGTCACTAGGT-1"
"2752","GGCTATGTCAGTATTG-1"
"2753","GGCTATGTCATAACCA-1"
"2754","GGCTATGTCGGTTTGG-1"
"2755","GGCTATTAGCATGTCG-1"
"2756","GGCTATTAGCGGATAA-1"
"2757","GGCTATTAGCTTACTT-1"
"2758","GGCTCAATCCGTAAAC-1"
"2759","GGCTCAATCGCTTCTA-1"
"2760","GGCTCACAGCCTGAGC-1"
"2761","GGCTCACAGGTCAAAG-1"
"2762","GGCTGAGAGCAGCTCA-1"
"2763","GGCTGGTTCATGGCCA-1"
"2764","GGCTGGTTCCTTTACG-1"
"2765","GGCTGGTTCTGTGCAG-1"
"2766","GGCTGTCAGCAACATC-1"
"2767","GGCTGTCAGCGGTTAT-1"
"2768","GGCTGTCAGTTAGACC-1"
"2769","GGCTTAAGTGCAATGC-1"
"2770","GGCTTAAGTGGATTCA-1"
"2771","GGCTTCAAGAGCCGCT-1"
"2772","GGCTTCAAGCCTAATA-1"
"2773","GGCTTCAAGGCCTGGT-1"
"2774","GGCTTCAAGGGCTAAA-1"
"2775","GGGAATATCAGTATTG-1"
"2776","GGGATTAAGCGCCTTT-1"
"2777","GGGATTAAGCTTACTT-1"
"2778","GGGATTAAGGCGCATC-1"
"2779","GGGATTAAGTGAGGTA-1"
"2780","GGGCAATAGTTTGCGG-1"
"2781","GGGCATTGTGAGGTGA-1"
"2782","GGGCATTGTGCCGCAA-1"
"2783","GGGCCTAGTCTCAGCC-1"
"2784","GGGCCTAGTGAGGTAG-1"
"2785","GGGCCTAGTGCAATAT-1"
"2786","GGGCGAATCACGCGGT-1"
"2787","GGGCGAATCCAAGTTA-1"
"2788","GGGCGAATCGCACACA-1"
"2789","GGGCTAACAAGCCAGA-1"
"2790","GGGCTAACAGCATGAG-1"
"2791","GGGCTAACAGTTATCG-1"
"2792","GGGCTAACAGTTTCTC-1"
"2793","GGGCTAACATAGACTT-1"
"2794","GGGCTAACATCTTGAG-1"
"2795","GGGTATTTCCGGTTAG-1"
"2796","GGGTATTTCGCGCTAA-1"
"2797","GGGTATTTCGTCCTTA-1"
"2798","GGGTATTTCTTGATGA-1"
"2799","GGGTCAACATTGTTGG-1"
"2800","GGGTCACTCCTGAATA-1"
"2801","GGGTCACTCTCGCCTG-1"
"2802","GGGTCACTCTGTGCCT-1"
"2803","GGGTCACTCTTGTCTG-1"
"2804","GGGTGAAGTACGTTTC-1"
"2805","GGGTGTTGTAACGAGG-1"
"2806","GGGTGTTGTTTGTCTA-1"
"2807","GGGTTATTCAAGACTC-1"
"2808","GGGTTATTCAGCCAAT-1"
"2809","GGGTTATTCAGGGCCT-1"
"2810","GGGTTATTCATTATGG-1"
"2811","GGGTTATTCGTTACTT-1"
"2812","GGGTTATTCTTAGTCT-1"
"2813","GGGTTATTCTTGTTCG-1"
"2814","GGGTTTCCAAAGCGCA-1"
"2815","GGGTTTGTCACAGGAA-1"
"2816","GGGTTTGTCATTAGCA-1"
"2817","GGGTTTGTCTATCGCC-1"
"2818","GGTAAACCAACCGCCA-1"
"2819","GGTAAACCAGGGAGCT-1"
"2820","GGTAAACCATAGGCGA-1"
"2821","GGTAAACCATTGCGGT-1"
"2822","GGTAACTTCCGGCTAA-1"
"2823","GGTAAGGGTTTGCTGT-1"
"2824","GGTAATTGTGCAACTA-1"
"2825","GGTACAAAGCGAGGTG-1"
"2826","GGTACCGGTATACTGG-1"
"2827","GGTACCGGTTACGCGG-1"
"2828","GGTACCGGTTGTAACG-1"
"2829","GGTACTAGTAACGAGG-1"
"2830","GGTACTAGTAATCCCT-1"
"2831","GGTACTAGTGCAACTA-1"
"2832","GGTACTTAGCATGTTA-1"
"2833","GGTACTTAGTCATGCG-1"
"2834","GGTAGGAGTATTGGAT-1"
"2835","GGTAGGAGTTATGTGG-1"
"2836","GGTATGTTCCAACTGG-1"
"2837","GGTATTGGTCCTAAGA-1"
"2838","GGTCAAGCACCTATAG-1"
"2839","GGTCAAGCACCTGTAA-1"
"2840","GGTCAAGCATCCAGGT-1"
"2841","GGTCAAGCATCCCGCT-1"
"2842","GGTCAAGCATTCAGCA-1"
"2843","GGTCAATTCCGCCTCA-1"
"2844","GGTCAATTCTCAATTC-1"
"2845","GGTCAGGAGAGAAGGG-1"
"2846","GGTCAGGAGGTGTCCA-1"
"2847","GGTCAGGAGTTAGCCG-1"
"2848","GGTCATTAGAATGACG-1"
"2849","GGTCATTAGACAGGTA-1"
"2850","GGTCATTAGCATGCAT-1"
"2851","GGTCATTAGGACCTGC-1"
"2852","GGTCATTAGTAGGCGG-1"
"2853","GGTCATTAGTTCCCAC-1"
"2854","GGTCATTAGTTTCCGC-1"
"2855","GGTCCATCATGATTGT-1"
"2856","GGTCCATCATTAGCCA-1"
"2857","GGTCCATCATTTAAGC-1"
"2858","GGTCCTGCACCTACTT-1"
"2859","GGTCCTGCACGGTTTA-1"
"2860","GGTCGGTTCATCCTAT-1"
"2861","GGTCGGTTCCAGGTCA-1"
"2862","GGTCTTGAGCCTGATG-1"
"2863","GGTCTTGAGGAAGCAC-1"
"2864","GGTCTTTGTTTACCGT-1"
"2865","GGTGAGCCACTAGCGT-1"
"2866","GGTGAGCCAGAATGAC-1"
"2867","GGTGAGCCATTGCGTA-1"
"2868","GGTGAGGTCGATATTG-1"
"2869","GGTGAGGTCGCTTGCT-1"
"2870","GGTGAGGTCGTTTCGC-1"
"2871","GGTGAGGTCTAGCGTG-1"
"2872","GGTGAGTAGAAGGTGC-1"
"2873","GGTGAGTAGCCTCTGT-1"
"2874","GGTGAGTAGGCCTAAT-1"
"2875","GGTGAGTAGGCGAAAC-1"
"2876","GGTGATTTCATGCTCC-1"
"2877","GGTGATTTCTCCATGC-1"
"2878","GGTGCTGGTTACGCAA-1"
"2879","GGTGCTTCAAAGGCCA-1"
"2880","GGTGCTTCACATTAAC-1"
"2881","GGTGCTTCACGTAATT-1"
"2882","GGTGCTTCAGAGAGCC-1"
"2883","GGTGCTTCATAGCGAG-1"
"2884","GGTGTCCAGCGTGCAC-1"
"2885","GGTGTCCAGCTAGAAG-1"
"2886","GGTGTCCAGGCCTAAT-1"
"2887","GGTGTCCAGTCATTAG-1"
"2888","GGTGTGACACCTGGTG-1"
"2889","GGTGTTGTCACGCATG-1"
"2890","GGTGTTGTCCTAATGA-1"
"2891","GGTGTTGTCGGTCAAT-1"
"2892","GGTTAATGTAGCCTAA-1"
"2893","GGTTAATGTCCTTCTC-1"
"2894","GGTTACCCAGCAAGTG-1"
"2895","GGTTACCCAGGTTATT-1"
"2896","GGTTACTAGGAGTAAT-1"
"2897","GGTTACTAGTCAGTAC-1"
"2898","GGTTAGCGTCCTAAGA-1"
"2899","GGTTAGCGTCGTAAAT-1"
"2900","GGTTAGCGTCTTTGAC-1"
"2901","GGTTAGCGTTAGCGTA-1"
"2902","GGTTAGCGTTTATGGG-1"
"2903","GGTTATATCATTGTCT-1"
"2904","GGTTATGGTTAATGCG-1"
"2905","GGTTCTTGTCATGAGC-1"
"2906","GGTTGACGTAACGGGA-1"
"2907","GGTTGACGTGGTTAGC-1"
"2908","GGTTGCATCGTCATTT-1"
"2909","GGTTGCGGTCATGCCC-1"
"2910","GGTTGCGGTGTCCAAA-1"
"2911","GGTTGCGGTTAGAGGG-1"
"2912","GGTTGCTCAAACAACA-1"
"2913","GGTTGCTCACGTTACA-1"
"2914","GGTTGGTGTCATGCCC-1"
"2915","GGTTGGTGTCGACTAA-1"
"2916","GGTTGGTGTGTAACCA-1"
"2917","GGTTTAATCAATAGCC-1"
"2918","GGTTTAATCAATCATG-1"
"2919","GGTTTAATCACGAATC-1"
"2920","GGTTTAATCCTAAGTA-1"
"2921","GGTTTAATCGCTAGAT-1"
"2922","GGTTTAATCTCAATTC-1"
"2923","GGTTTCCTCCCTCGCA-1"
"2924","GGTTTCCTCTAATCTC-1"
"2925","GGTTTCTGTCCTTTAA-1"
"2926","GGTTTCTGTTACTTCA-1"
"2927","GGTTTCTGTTGGATCA-1"
"2928","GGTTTGTAGGGCCACT-1"
"2929","GTAAAGCCAGGCTTCG-1"
"2930","GTAAGCAAGGCTGTGC-1"
"2931","GTAAGCGCAACTAGCC-1"
"2932","GTAAGCGCATGTTGTG-1"
"2933","GTAAGCTTCATTAGGC-1"
"2934","GTAAGCTTCCCGAACA-1"
"2935","GTAAGCTTCCTCATGC-1"
"2936","GTAAGCTTCTAACCAA-1"
"2937","GTAAGCTTCTTGAGCG-1"
"2938","GTAAGGTCAAGGGTTG-1"
"2939","GTAAGGTCAAGGTCGA-1"
"2940","GTAAGGTCAATGCCTA-1"
"2941","GTAATAGCACGGTACT-1"
"2942","GTAATAGCAGGTTAAA-1"
"2943","GTACAATGTGTGTGGT-1"
"2944","GTACAATGTTCGCTCA-1"
"2945","GTACACCCAGGCATGA-1"
"2946","GTACACCCATCCCTCA-1"
"2947","GTACACCCATTCCTCG-1"
"2948","GTACCGGGTCATTACC-1"
"2949","GTACCGGGTTCATCTA-1"
"2950","GTACCTTGTTCCTGAT-1"
"2951","GTACGTAGTTAACAGT-1"
"2952","GTACGTAGTTTAGCGA-1"
"2953","GTACGTAGTTTCGCGC-1"
"2954","GTACTAATCATCCACC-1"
"2955","GTACTAATCATTGACA-1"
"2956","GTACTAATCCAAGTTA-1"
"2957","GTACTAGGTTATAGCG-1"
"2958","GTACTGGTCCGCCAAA-1"
"2959","GTACTTAAGAATCGCT-1"
"2960","GTACTTAAGGTAAGCA-1"
"2961","GTACTTAAGTGAACGA-1"
"2962","GTACTTCGTAGCAGCT-1"
"2963","GTACTTCGTCTTTGAC-1"
"2964","GTACTTCGTGTGAGAG-1"
"2965","GTACTTCGTTTGGGTA-1"
"2966","GTAGCCATCCCGTTTA-1"
"2967","GTAGCGCTCACTTCAT-1"
"2968","GTAGCGCTCAGTGAAG-1"
"2969","GTAGCGCTCTAATCCT-1"
"2970","GTAGCGCTCTCATCAT-1"
"2971","GTAGCTGTCAATCTAG-1"
"2972","GTAGCTGTCGCTAGTG-1"
"2973","GTAGCTGTCGCTCACT-1"
"2974","GTAGCTGTCGTTACAA-1"
"2975","GTAGGAGGTCAATAGT-1"
"2976","GTAGGAGGTTTATCTG-1"
"2977","GTAGGAGGTTTGGGCG-1"
"2978","GTAGGATCAAACAACA-1"
"2979","GTAGGATCACAACCTA-1"
"2980","GTAGGCGAGAGCAAGC-1"
"2981","GTAGGCGAGGCTGTCA-1"
"2982","GTAGGCGAGGTTAGAG-1"
"2983","GTAGGTGCACGTGCTG-1"
"2984","GTAGGTGCATCCTGAA-1"
"2985","GTAGTTATCCGTGACA-1"
"2986","GTAGTTATCCTGAATA-1"
"2987","GTAGTTATCGCACACA-1"
"2988","GTAGTTTCATTCCTCG-1"
"2989","GTATCGCCAATCTCTC-1"
"2990","GTATCGCCATTATGCG-1"
"2991","GTATGTTCAATATAGG-1"
"2992","GTATGTTCAGGGAGCT-1"
"2993","GTATTCAAGCCACATG-1"
"2994","GTATTCAAGCCTGTGA-1"
"2995","GTATTCAAGGAACACA-1"
"2996","GTATTCAAGGTAACGA-1"
"2997","GTATTGATCATAGACC-1"
"2998","GTATTGATCTCGCCTG-1"
"2999","GTATTGCAGCCTCTCG-1"
"3000","GTATTGCAGGCAGGTG-1"
"3001","GTATTGCAGGTTAGCT-1"
"3002","GTATTGCAGTCATCCC-1"
"3003","GTATTGTCAACTAGGG-1"
"3004","GTATTGTCAAGGACCA-1"
"3005","GTATTGTCAGGATAAC-1"
"3006","GTATTGTCATCATGGC-1"
"3007","GTATTGTCATCTAGCA-1"
"3008","GTATTGTCATTCCTCG-1"
"3009","GTCAATATCACACAGT-1"
"3010","GTCAATATCGATAACC-1"
"3011","GTCAATATCGTTCACC-1"
"3012","GTCAATATCTTAAGTG-1"
"3013","GTCAGGCTCGGGACTC-1"
"3014","GTCATCCTCATGCTTT-1"
"3015","GTCATCCTCTATTGTC-1"
"3016","GTCATGAGTGGTTCTT-1"
"3017","GTCATGAGTGTTTGCT-1"
"3018","GTCATGCCAAGTGAAC-1"
"3019","GTCATGCCAGAAACGT-1"
"3020","GTCATGCCAGTAAGTA-1"
"3021","GTCATTAAGGAAGTAT-1"
"3022","GTCATTAAGGTAAGGC-1"
"3023","GTCATTAAGTTGGCCA-1"
"3024","GTCCAAGTCATCCTCA-1"
"3025","GTCCAAGTCATGAGCT-1"
"3026","GTCCAAGTCATGCATA-1"
"3027","GTCCAAGTCGGTTCCT-1"
"3028","GTCCAGGGTTCGCGCT-1"
"3029","GTCCATTGTGCATTAG-1"
"3030","GTCCATTGTTCATTTG-1"
"3031","GTCCTAGAGCGAAGTA-1"
"3032","GTCCTAGAGGTGCTGC-1"
"3033","GTCCTAGAGTTTCCTG-1"
"3034","GTCCTCAGTTAACACG-1"
"3035","GTCCTCAGTTCTTTAG-1"
"3036","GTCCTCAGTTGCTTCG-1"
"3037","GTCCTCCCACTAAGCC-1"
"3038","GTCCTCCCATGAGTTT-1"
"3039","GTCGAAGCACAATTAC-1"
"3040","GTCGAAGCATAAGCAA-1"
"3041","GTCGAGGAGCCGGTAC-1"
"3042","GTCGAGGAGGTTTGAC-1"
"3043","GTCGCAATCCTCAGCT-1"
"3044","GTCGCAATCGATAACC-1"
"3045","GTCGGTTCAATTGAGA-1"
"3046","GTCTAACAGACAAACG-1"
"3047","GTCTAACAGCAAGATG-1"
"3048","GTCTAACAGGCCTTAG-1"
"3049","GTCTAATCATAATGAG-1"
"3050","GTCTATCGTAACTACG-1"
"3051","GTCTATCGTTAATGCG-1"
"3052","GTCTATGCAAATTCGT-1"
"3053","GTCTCACTCATGGTGT-1"
"3054","GTCTCACTCTGGCATG-1"
"3055","GTCTTGCTCGATCAGT-1"
"3056","GTCTTTGTCACATTGA-1"
"3057","GTCTTTGTCACTAAGC-1"
"3058","GTGAACAAGCTTAGCG-1"
"3059","GTGAACAAGTAGAGGC-1"
"3060","GTGAACAAGTCCTTCA-1"
"3061","GTGAATCTCACTAATG-1"
"3062","GTGAATCTCTCGCCCA-1"
"3063","GTGAGCGAGCCTAATA-1"
"3064","GTGAGCGAGGTAGCTT-1"
"3065","GTGAGGAGTCTAACCT-1"
"3066","GTGATCAGTCTTGCAT-1"
"3067","GTGATGAAGACTTACA-1"
"3068","GTGATGAAGGTACCGC-1"
"3069","GTGCAAGCAATAGTCT-1"
"3070","GTGCAAGCACAGGGAC-1"
"3071","GTGCACGGTGATGAGG-1"
"3072","GTGCACGGTTAGTGAT-1"
"3073","GTGCATTAGCGCCTAA-1"
"3074","GTGCATTAGGCTACTG-1"
"3075","GTGCATTAGGTCCGTA-1"
"3076","GTGCATTAGTAGAGGC-1"
"3077","GTGCCTTTCGCAGGCT-1"
"3078","GTGCCTTTCTCACATT-1"
"3079","GTGCGCAGTGTTTGCT-1"
"3080","GTGCGGTTCCAAACAC-1"
"3081","GTGCTCAAGACTTATG-1"
"3082","GTGCTCAAGATAGACG-1"
"3083","GTGCTCAAGCTATTGA-1"
"3084","GTGCTCAAGTTCCCGT-1"
"3085","GTGCTCCGTCAATAGT-1"
"3086","GTGCTCCGTGATCAGC-1"
"3087","GTGCTGATCATTAGGC-1"
"3088","GTGCTGATCGTTATAG-1"
"3089","GTGCTGGGTCATCCTG-1"
"3090","GTGCTGGGTGTAACCA-1"
"3091","GTGCTGGGTGTTTGTC-1"
"3092","GTGCTTACAAGGTGGC-1"
"3093","GTGCTTACAGATTCAT-1"
"3094","GTGCTTACAGGCCTTG-1"
"3095","GTGCTTACATTTAAGC-1"
"3096","GTGCTTCTCAGCACGC-1"
"3097","GTGCTTCTCCAAGTGT-1"
"3098","GTGCTTCTCCCTGATC-1"
"3099","GTGCTTCTCCTAAATG-1"
"3100","GTGCTTCTCCTGGTGA-1"
"3101","GTGCTTCTCGTACCGA-1"
"3102","GTGCTTCTCGTTTCCA-1"
"3103","GTGGACACAGAAATGC-1"
"3104","GTGGACACAGCAACCT-1"
"3105","GTGGACACAGGCTTCG-1"
"3106","GTGGATGCAGTGAACG-1"
"3107","GTGGATGCATCGTTCT-1"
"3108","GTGGCTTCAAGTCGCT-1"
"3109","GTGGCTTCAGCATGAG-1"
"3110","GTGGTTAGTCCTCCAA-1"
"3111","GTGTAACTCACCTGCT-1"
"3112","GTGTAACTCATGCAAC-1"
"3113","GTGTAACTCCACCTTA-1"
"3114","GTGTCCAAGAGGAGTC-1"
"3115","GTGTCCAAGCATTATG-1"
"3116","GTGTCCAAGCTACTGG-1"
"3117","GTGTCCAAGGGATTAG-1"
"3118","GTGTGAGCAACCTAAT-1"
"3119","GTGTGAGCACATGCTA-1"
"3120","GTGTGAGCAGTAGGAT-1"
"3121","GTGTGAGCATCCATCT-1"
"3122","GTGTGAGCATTAGGCC-1"
"3123","GTGTGAGCATTGACAT-1"
"3124","GTGTGCGGTATTCGTC-1"
"3125","GTGTGCGGTGCTCCGT-1"
"3126","GTGTTACAGGATAAAC-1"
"3127","GTGTTCCTCACAGCGC-1"
"3128","GTGTTCCTCATGTGGT-1"
"3129","GTGTTCCTCATTGCGG-1"
"3130","GTGTTCCTCGTCAAGT-1"
"3131","GTTAAACGTGGAAACG-1"
"3132","GTTAAACGTTACTTCA-1"
"3133","GTTAACCAGAAACTGG-1"
"3134","GTTAACCAGACTCGCA-1"
"3135","GTTAACCAGTTTGAGC-1"
"3136","GTTAACGGTACCCACC-1"
"3137","GTTAACGGTGATTACG-1"
"3138","GTTAACGGTGCGCATG-1"
"3139","GTTAACGGTGTTGTAG-1"
"3140","GTTAAGCTCGCATCCT-1"
"3141","GTTAAGCTCTTAGTCT-1"
"3142","GTTAAGTGTAATGGCC-1"
"3143","GTTAAGTGTTAGGCTA-1"
"3144","GTTACAGGTGCGCAAT-1"
"3145","GTTACAGGTGCTGGTG-1"
"3146","GTTACAGGTTAGGACC-1"
"3147","GTTACCTGTACGTTTC-1"
"3148","GTTACCTGTTAGCAGC-1"
"3149","GTTACCTGTTTGCGCC-1"
"3150","GTTACGCCAAGATTCT-1"
"3151","GTTACGCCAATATGGA-1"
"3152","GTTACGCCACCTGCCT-1"
"3153","GTTACGCCACTTAGGC-1"
"3154","GTTACGCCATTGTGGC-1"
"3155","GTTACGTAGCACGTTG-1"
"3156","GTTACGTAGTCAGGCC-1"
"3157","GTTACGTAGTTATGGC-1"
"3158","GTTACTAAGCAACATC-1"
"3159","GTTACTAAGGATGATG-1"
"3160","GTTACTAAGGTGTTAC-1"
"3161","GTTACTAAGGTTTGAC-1"
"3162","GTTACTAAGTGTTGTA-1"
"3163","GTTACTCGTGGGTACT-1"
"3164","GTTAGACTCGGTTCCT-1"
"3165","GTTAGGCGTAGTAAGA-1"
"3166","GTTAGGCGTGTGTGGT-1"
"3167","GTTAGGCGTTCCGCAC-1"
"3168","GTTCACCTCGCGCTAA-1"
"3169","GTTCATTTCCAAGTTA-1"
"3170","GTTCATTTCCCTGACT-1"
"3171","GTTCCCAGTCACAGCG-1"
"3172","GTTCCCAGTCATTGTC-1"
"3173","GTTCCTGGTGAACAAA-1"
"3174","GTTCCTGGTGGTGAGA-1"
"3175","GTTCCTGGTTCAAGAT-1"
"3176","GTTCCTGGTTCGCTTG-1"
"3177","GTTCCTGGTTTACCGT-1"
"3178","GTTCCTTCAGTTGCGT-1"
"3179","GTTCGCGCAGGAACAT-1"
"3180","GTTCGCTTCATGCATA-1"
"3181","GTTCGCTTCTTGTCCA-1"
"3182","GTTCTCATCACCTGCT-1"
"3183","GTTCTCATCATCGTTT-1"
"3184","GTTCTCATCCTTCTAG-1"
"3185","GTTCTCATCGAGGTGG-1"
"3186","GTTCTCATCTCGCCCA-1"
"3187","GTTCTTAGTAATCCCT-1"
"3188","GTTCTTAGTAGGTGTC-1"
"3189","GTTCTTAGTCTTGCTG-1"
"3190","GTTCTTAGTTGTAAAC-1"
"3191","GTTCTTGTCTCACATT-1"
"3192","GTTGCATAGGTAACGA-1"
"3193","GTTGCATAGGTAGCTT-1"
"3194","GTTGCATAGTCAATCA-1"
"3195","GTTGCCCGTTGGATAT-1"
"3196","GTTGCGGGTACTAAAC-1"
"3197","GTTGCTGAGCTTTGTT-1"
"3198","GTTGCTGAGGCCGGAA-1"
"3199","GTTGCTGAGGTAAGGC-1"
"3200","GTTGCTGAGTAACGAG-1"
"3201","GTTGGAGCACGGTACT-1"
"3202","GTTGGAGCAGGCCAAA-1"
"3203","GTTGGCCAGATTGAGG-1"
"3204","GTTGGCCAGCCGCTAA-1"
"3205","GTTGGCCAGTAGAGGC-1"
"3206","GTTGGCGGTAACCAGC-1"
"3207","GTTGGCGGTACCTTAC-1"
"3208","GTTGGCGGTGTCCTGC-1"
"3209","GTTGGCGGTTAGGCGT-1"
"3210","GTTGTGAGTGCCGCAA-1"
"3211","GTTGTGAGTGCTGTAA-1"
"3212","GTTGTGAGTGGTTAGC-1"
"3213","GTTGTTGCAATAACCT-1"
"3214","GTTGTTGCAGGCCAAA-1"
"3215","GTTTAACCACCAACCG-1"
"3216","GTTTAACCATGCATAT-1"
"3217","GTTTACCGTGATGAGG-1"
"3218","GTTTACCGTTACCTGT-1"
"3219","GTTTACCGTTAGTACG-1"
"3220","GTTTAGCAGTTGTCCC-1"
"3221","GTTTATCTCAGGCCTA-1"
"3222","GTTTATCTCTGTGCAG-1"
"3223","GTTTCAGCAGGCTAGA-1"
"3224","GTTTCAGCATCATGTG-1"
"3225","GTTTCCTCAGCTCAAC-1"
"3226","GTTTCTAGTTGCTTCG-1"
"3227","GTTTGCTGTAAGCTCA-1"
"3228","GTTTGCTGTAAGTCGC-1"
"3229","GTTTGTAAGAGGATAT-1"
"3230","GTTTGTAAGGCCTAAT-1"
"3231","GTTTGTCGTCAACAAT-1"
"3232","GTTTGTCGTTGGCGTG-1"
"3233","GTTTGTCGTTTAACGG-1"
"3234","GTTTGTTTCCGTCCAT-1"
"3235","GTTTGTTTCCTTAATC-1"
"3236","TAAACAGCAAACCCTA-1"
"3237","TAAACAGCAATCTCTC-1"
"3238","TAAACAGCACAACAGG-1"
"3239","TAAACAGCACAACCTA-1"
"3240","TAAACAGCACGGTTTA-1"
"3241","TAAACAGCAGCCAGAA-1"
"3242","TAAACAGCAGGCTTCG-1"
"3243","TAAACAGCATCCCGCT-1"
"3244","TAAAGCCTCCGGCTAA-1"
"3245","TAAAGCCTCTACTAAG-1"
"3246","TAAAGCCTCTTTGTAC-1"
"3247","TAACAAGCAATGAATG-1"
"3248","TAACAAGCAGCACGAA-1"
"3249","TAACCAGGTACCTTAC-1"
"3250","TAACCAGGTTAGCATG-1"
"3251","TAACCAGGTTGAATCG-1"
"3252","TAACCGGTCGGCCATA-1"
"3253","TAACCTAAGCTGTCAG-1"
"3254","TAACCTAAGGACCGCT-1"
"3255","TAACCTAAGGGCTTTG-1"
"3256","TAACCTAAGGTACCGC-1"
"3257","TAACCTAAGTAAAGGT-1"
"3258","TAAGCCTAGGAAGCAC-1"
"3259","TAAGCCTAGTGTTGCG-1"
"3260","TAAGCTATCATGGCTG-1"
"3261","TAAGCTATCCGTAAAC-1"
"3262","TAAGGACCAATTAAGG-1"
"3263","TAAGGACCACACCAAC-1"
"3264","TAAGGACCATGGCCCA-1"
"3265","TAAGGCTTCACCATTT-1"
"3266","TAAGGCTTCAGGATGA-1"
"3267","TAAGGCTTCCGCAAGC-1"
"3268","TAAGGCTTCCGGTATG-1"
"3269","TAAGGCTTCTAAGGTC-1"
"3270","TAAGGCTTCTAATCAG-1"
"3271","TAAGTAGCAAGCTTTG-1"
"3272","TAAGTAGCAGAATGAC-1"
"3273","TAATCACCAAGTAAGC-1"
"3274","TAATCACCAATATGGA-1"
"3275","TAATCACCACAAACTT-1"
"3276","TAATCACCAGGCGATA-1"
"3277","TAATCACCAGTAGCCT-1"
"3278","TAATCCGCAATTTGGT-1"
"3279","TAATCCGCAGCCGCTA-1"
"3280","TAATGCATCAGGCCTA-1"
"3281","TAATGGACAATACTGT-1"
"3282","TAATGGACAGCTTAAT-1"
"3283","TAATGGTGTAATCGTG-1"
"3284","TAATGGTGTCAGTAAT-1"
"3285","TAATGGTGTGATGGCT-1"
"3286","TAATGGTGTGCCTCAC-1"
"3287","TACAACATCTCGACCT-1"
"3288","TACAATGTCCTGAATA-1"
"3289","TACAATGTCCTGGCTT-1"
"3290","TACAATGTCGCTAAGT-1"
"3291","TACAATGTCGCTAGTG-1"
"3292","TACAGCTAGCAGCTAT-1"
"3293","TACAGCTAGCCTGTTC-1"
"3294","TACAGCTAGCTAAAGG-1"
"3295","TACAGGTTCAGGTCCA-1"
"3296","TACAGGTTCATAACCA-1"
"3297","TACATCAAGACACCGC-1"
"3298","TACATCAAGCAAGACA-1"
"3299","TACATCAAGGAGCACG-1"
"3300","TACCAAATCAAGCTTA-1"
"3301","TACCAAATCGCACACA-1"
"3302","TACCAAATCGTTATAG-1"
"3303","TACCAAATCTCTAGCC-1"
"3304","TACCAGGTCATGGCCA-1"
"3305","TACCAGGTCCTAGTCC-1"
"3306","TACCAGGTCGGTTTCC-1"
"3307","TACCCGGCATGACTAT-1"
"3308","TACCGAAGTTAACAGT-1"
"3309","TACCGAAGTTGGCCGA-1"
"3310","TACCGAAGTTTGGGTA-1"
"3311","TACCGCAAGGAGCAAC-1"
"3312","TACCGTTGTCTTGCAT-1"
"3313","TACCGTTGTTGAAGCC-1"
"3314","TACCTCATCCCAGTAG-1"
"3315","TACCTGCTCACTAAGC-1"
"3316","TACCTGCTCCAGGTTG-1"
"3317","TACCTGCTCGTTATAG-1"
"3318","TACCTGCTCTAACCAA-1"
"3319","TACCTGCTCTGTTGCC-1"
"3320","TACCTTAGTCGCGCAA-1"
"3321","TACCTTAGTTTGTTGC-1"
"3322","TACCTTTAGAAAGGAA-1"
"3323","TACGCACCACTTACAG-1"
"3324","TACGCACCATTCCTGT-1"
"3325","TACGCTTGTCGCGCAA-1"
"3326","TACGCTTGTTCGCTCA-1"
"3327","TACGGATTCCAACTGG-1"
"3328","TACGGATTCGTCAAGT-1"
"3329","TACGGATTCTCACTAT-1"
"3330","TACGGTTAGCCACAAT-1"
"3331","TACGGTTAGTGAGAGC-1"
"3332","TACGTAATCACAGCCA-1"
"3333","TACGTAATCCAACTGG-1"
"3334","TACGTACAGCAGGTTT-1"
"3335","TACGTACAGCGCCTTT-1"
"3336","TACGTACAGGGCTTAT-1"
"3337","TACGTACAGGTAACGA-1"
"3338","TACGTACAGTAACGAG-1"
"3339","TACGTACAGTCGCTAG-1"
"3340","TACGTTAAGCGGATAA-1"
"3341","TACGTTAAGCGTGCGT-1"
"3342","TACGTTAAGTGAACAG-1"
"3343","TACTAAGTCAGGAAGC-1"
"3344","TACTCAAAGCCAAATC-1"
"3345","TACTCGCTCCATAAGC-1"
"3346","TACTCGCTCTAATTGG-1"
"3347","TACTGACAGCATTAGC-1"
"3348","TACTGACAGGTCCGTA-1"
"3349","TACTGACAGTTAGACC-1"
"3350","TACTGAGGTTAATGCG-1"
"3351","TACTGCACAATGAATG-1"
"3352","TACTGCACACCTCAGG-1"
"3353","TACTGCACATGCTATG-1"
"3354","TACTGCACATTTGCTC-1"
"3355","TACTGGCCACAAAGCG-1"
"3356","TACTGGCCAGGAACAT-1"
"3357","TACTGGCCATAGACCC-1"
"3358","TACTGGCCATCCATCT-1"
"3359","TACTTGTTCCGTGACA-1"
"3360","TACTTGTTCGCTAGCA-1"
"3361","TAGACCAGTGCAACTA-1"
"3362","TAGAGCCGTAAGCACC-1"
"3363","TAGAGCCGTACGCGCA-1"
"3364","TAGAGCCGTAGCTGGT-1"
"3365","TAGAGCCGTATGGTGC-1"
"3366","TAGCAGGCAAACCTTG-1"
"3367","TAGCATATCATTGCAA-1"
"3368","TAGCATATCGATTTGA-1"
"3369","TAGCATATCTTAAGTG-1"
"3370","TAGCCTCTCAAACTCA-1"
"3371","TAGCCTCTCAGCACCA-1"
"3372","TAGCCTCTCCCTCTAA-1"
"3373","TAGCCTCTCTGTGCCT-1"
"3374","TAGCCTGAGTGAACGA-1"
"3375","TAGCCTGAGTGAAGTG-1"
"3376","TAGCCTGAGTTCCTCA-1"
"3377","TAGCCTTGTGTCCTGC-1"
"3378","TAGCGCGGTTAGGCGT-1"
"3379","TAGCGGACAAGGGTTG-1"
"3380","TAGCGGACACAAAGGT-1"
"3381","TAGCGGACACAACAAA-1"
"3382","TAGCGGACAGGAACAT-1"
"3383","TAGCGGCTCACCTGTC-1"
"3384","TAGCGGCTCCCTTGCG-1"
"3385","TAGCGGCTCGAGCTAT-1"
"3386","TAGCGGCTCGGGACCT-1"
"3387","TAGCTAATCCCGCATT-1"
"3388","TAGCTAATCTTAGCCC-1"
"3389","TAGCTAGGTCATCAAG-1"
"3390","TAGCTTAAGAGAGGAG-1"
"3391","TAGCTTAAGCATGTCG-1"
"3392","TAGCTTAAGCCACAAT-1"
"3393","TAGCTTAAGCCACATG-1"
"3394","TAGCTTAAGCGCTCAA-1"
"3395","TAGCTTAAGCGGTTAT-1"
"3396","TAGCTTAAGCTCGCTT-1"
"3397","TAGCTTAAGTTAGTGC-1"
"3398","TAGCTTGCAATAATGG-1"
"3399","TAGCTTGCACAAACTT-1"
"3400","TAGGAGGGTCTAACCT-1"
"3401","TAGGAGGGTCTTGCAT-1"
"3402","TAGGAGGGTGCTCACC-1"
"3403","TAGGAGGGTTCGGGAT-1"
"3404","TAGGCTAGTAAGTCGC-1"
"3405","TAGGCTAGTAGTTACG-1"
"3406","TAGGCTAGTCAAGTGC-1"
"3407","TAGGCTAGTCTTTGAC-1"
"3408","TAGGCTAGTTAAGTGT-1"
"3409","TAGGCTGTCGTTAGTA-1"
"3410","TAGGCTGTCTCACTCA-1"
"3411","TAGGCTTAGACTTATG-1"
"3412","TAGGCTTAGGAGGACT-1"
"3413","TAGGGTTTCACCGGTA-1"
"3414","TAGGGTTTCACGCCAA-1"
"3415","TAGGGTTTCTACCTAT-1"
"3416","TAGGGTTTCTCCATAT-1"
"3417","TAGGTGCGTTGTGACA-1"
"3418","TAGGTTATCAGTTCCC-1"
"3419","TAGGTTATCATTGCAA-1"
"3420","TAGGTTATCCCGTTGT-1"
"3421","TAGGTTGGTCATTGTC-1"
"3422","TAGGTTGGTGCTGGTG-1"
"3423","TAGGTTGGTGGTGAGA-1"
"3424","TAGGTTGGTTACCGGG-1"
"3425","TAGGTTGGTTACGCGG-1"
"3426","TAGTAACGTAGCTGCG-1"
"3427","TAGTAACGTGGTTCTT-1"
"3428","TAGTAAGCAATAGCCC-1"
"3429","TAGTAAGCACATAACT-1"
"3430","TAGTACGGTGCGCGTA-1"
"3431","TAGTACGGTTGAGCCG-1"
"3432","TAGTAGGAGCTCCTTA-1"
"3433","TAGTCAATCACCGGTA-1"
"3434","TAGTCAATCACTAGGT-1"
"3435","TAGTCAATCCTGTTCA-1"
"3436","TAGTGAGAGGAACCGG-1"
"3437","TAGTGAGAGGGATGCG-1"
"3438","TAGTGTGGTACTGATG-1"
"3439","TAGTGTGGTTTGCGCC-1"
"3440","TAGTTGTCAGCACGAA-1"
"3441","TAGTTGTCATAATGTC-1"
"3442","TAGTTTGAGATGGAGC-1"
"3443","TAGTTTGAGGCGCTTA-1"
"3444","TAGTTTGAGGCGGGTA-1"
"3445","TATAACCCACCTGTAA-1"
"3446","TATAACCCAGTTTACG-1"
"3447","TATAACCCATGTCAGC-1"
"3448","TATAGGTGTTAAATGC-1"
"3449","TATATCCTCACCTGTC-1"
"3450","TATATCCTCATGTTTC-1"
"3451","TATATCCTCGACAAAG-1"
"3452","TATCACAAGGAGCATA-1"
"3453","TATCACAAGGGTGGAT-1"
"3454","TATCACGCAAGTCGCT-1"
"3455","TATCACGCACATACTG-1"
"3456","TATCCGGAGCACTTGG-1"
"3457","TATCCGGAGCTCGCTT-1"
"3458","TATCGAGGTAGTAAGA-1"
"3459","TATCGAGGTGTGCACG-1"
"3460","TATCGCACAACAGCCT-1"
"3461","TATCGCACAATTGAAG-1"
"3462","TATCGCACAGGCATCT-1"
"3463","TATCGCGAGAAGGTGC-1"
"3464","TATCGCGAGGTTACAC-1"
"3465","TATCGCGAGTCAGGCC-1"
"3466","TATGAAGCATCTTGAG-1"
"3467","TATGACATCCCGTTAC-1"
"3468","TATGACATCTCGCCTG-1"
"3469","TATGACTCACAATGCC-1"
"3470","TATGACTCAGAAACGT-1"
"3471","TATGACTCATAATGTC-1"
"3472","TATGCATCATGGCCCA-1"
"3473","TATGCATCATGTCAGC-1"
"3474","TATGCATCATTGTTGG-1"
"3475","TATGGATGTCATGCCC-1"
"3476","TATGGATGTGTTTGTC-1"
"3477","TATGGATGTTTGGGCG-1"
"3478","TATGGCCCAGCACGTT-1"
"3479","TATGGCCCAGTAGGTG-1"
"3480","TATGGGCGTCACGGAT-1"
"3481","TATGGGCGTCGTAATG-1"
"3482","TATGGTCAGCCGCTTT-1"
"3483","TATGTGATCCTGATTT-1"
"3484","TATTACCTCAGCAAGA-1"
"3485","TATTACCTCTCAATAG-1"
"3486","TATTAGCCAACTAACT-1"
"3487","TATTCGTTCGCGACAC-1"
"3488","TATTGACCACTAAGAA-1"
"3489","TATTGACCAGCTACGT-1"
"3490","TATTGACCAGTATGTT-1"
"3491","TATTTGCTCAGCAAGA-1"
"3492","TATTTGGAGACCATAC-1"
"3493","TATTTGGAGTGAACAG-1"
"3494","TCAAACCAGGCCTAAT-1"
"3495","TCAAACCAGTTGTCTT-1"
"3496","TCAACAATCTAACCTT-1"
"3497","TCAAGACTCAGTTCCC-1"
"3498","TCAAGACTCCAAGTTA-1"
"3499","TCAAGACTCCATAATG-1"
"3500","TCAAGACTCTAGCGTG-1"
"3501","TCAAGCTAGGCAAGTA-1"
"3502","TCAAGCTAGGTCCAAT-1"
"3503","TCAAGGAAGCCGCAAC-1"
"3504","TCAAGGAAGGTAAGCA-1"
"3505","TCAAGGTTCACAGACT-1"
"3506","TCAAGGTTCCCGTTTA-1"
"3507","TCAAGTATCGAAGTAG-1"
"3508","TCAATCGCACGGTTTA-1"
"3509","TCACATAAGAGGCTAA-1"
"3510","TCACATAAGGCCTAAT-1"
"3511","TCACATAAGTTCCCAC-1"
"3512","TCACCTCAGCGATACT-1"
"3513","TCACCTGGTCAGGAAG-1"
"3514","TCACCTGGTTGTGACA-1"
"3515","TCACCTGGTTTAACGG-1"
"3516","TCACGGATCATCCTGC-1"
"3517","TCACGGATCCCGCCTA-1"
"3518","TCACGGATCCGTCCAT-1"
"3519","TCACTGACAGAGGCTA-1"
"3520","TCACTGACAGTAATAG-1"
"3521","TCACTGACATAAGCAA-1"
"3522","TCAGCAAGTACTGAAT-1"
"3523","TCAGCAAGTGAAGCCT-1"
"3524","TCAGCAAGTGCTCACC-1"
"3525","TCAGCAAGTTGCTGGG-1"
"3526","TCAGCCTTCATTAGGC-1"
"3527","TCAGCCTTCCTGAATA-1"
"3528","TCAGCCTTCGTTAACA-1"
"3529","TCAGCCTTCTGGTCCT-1"
"3530","TCAGCGATCAACAAGG-1"
"3531","TCAGGAGCAGGCCAAA-1"
"3532","TCAGGTCCAAATACCT-1"
"3533","TCAGGTCCATCACTTC-1"
"3534","TCAGGTTAGGAGTAAT-1"
"3535","TCAGGTTAGTAAGGGC-1"
"3536","TCAGTAATCGCCTGTT-1"
"3537","TCAGTGAGTCAATGTG-1"
"3538","TCAGTGAGTGTCCAGG-1"
"3539","TCAGTGAGTGTGAGAG-1"
"3540","TCAGTGAGTGTGTGGT-1"
"3541","TCATAACCAACGTGCT-1"
"3542","TCATAACCAGTTTGTG-1"
"3543","TCATACTTCACCATTT-1"
"3544","TCATACTTCCTAAGAC-1"
"3545","TCATCCATCGTTTCCA-1"
"3546","TCATCCATCTAACCAA-1"
"3547","TCATCCATCTTTGTAC-1"
"3548","TCATGCCTCAAGGACA-1"
"3549","TCATGCCTCATTAGGC-1"
"3550","TCATGCCTCCCGCCTA-1"
"3551","TCATTACTCACTCAAA-1"
"3552","TCATTACTCCTCCCTC-1"
"3553","TCATTACTCCTTTACG-1"
"3554","TCATTACTCGTCAAGT-1"
"3555","TCATTGCGTGGATTCA-1"
"3556","TCATTGTTCACGTTAA-1"
"3557","TCATTTGGTATTTGCC-1"
"3558","TCATTTGGTCACGAAC-1"
"3559","TCATTTGGTGTGAGAG-1"
"3560","TCCAGCAAGCTTAGCG-1"
"3561","TCCAGCAAGGAGTCGG-1"
"3562","TCCAGGATCCTTCTAG-1"
"3563","TCCAGGATCGTACCGA-1"
"3564","TCCAGGTCACAATTAC-1"
"3565","TCCATAAAGAAGGTGC-1"
"3566","TCCATAAAGGCGCTAC-1"
"3567","TCCATAAAGGTCCACA-1"
"3568","TCCATATTCAAGCGCC-1"
"3569","TCCATCATCGGGCCAT-1"
"3570","TCCATCATCTCAATGA-1"
"3571","TCCATGCTCCGCCTCA-1"
"3572","TCCATTGTCACTTCAT-1"
"3573","TCCATTGTCATTACGA-1"
"3574","TCCATTGTCGCTATGG-1"
"3575","TCCCGGACAAAGCTCC-1"
"3576","TCCCGGACAATAATGG-1"
"3577","TCCCGGACATAAAGCA-1"
"3578","TCCCGTTAGAAACTGG-1"
"3579","TCCCGTTAGCATGGTT-1"
"3580","TCCCGTTAGGCTGTCA-1"
"3581","TCCCGTTAGGGCTTTG-1"
"3582","TCCCTCACAGTTTGGC-1"
"3583","TCCCTGGTCAGCAAAG-1"
"3584","TCCCTGGTCCGTAAAC-1"
"3585","TCCCTGGTCCTGATGG-1"
"3586","TCCCTGGTCGTTACAA-1"
"3587","TCCGCCATCGCTAAGT-1"
"3588","TCCGGAATCACCAATA-1"
"3589","TCCGGTAAGGCGGATG-1"
"3590","TCCGGTTTCGCAGGCT-1"
"3591","TCCGGTTTCGGTTAGT-1"
"3592","TCCGGTTTCTCAATAG-1"
"3593","TCCTAGTGTATGGTGC-1"
"3594","TCCTAGTGTGATCAGC-1"
"3595","TCCTCAATCGTAATCA-1"
"3596","TCCTCACAGGAACGGT-1"
"3597","TCCTGGTTCATCCTAT-1"
"3598","TCCTGGTTCTAAGGTC-1"
"3599","TCCTGGTTCTTAGCCC-1"
"3600","TCCTTAGTCAAGCGCC-1"
"3601","TCCTTAGTCATTAGCA-1"
"3602","TCCTTAGTCTCACATT-1"
"3603","TCCTTAGTCTGTTGCC-1"
"3604","TCCTTCAAGGAACCGG-1"
"3605","TCCTTCAAGGCGAATA-1"
"3606","TCCTTGCAGATAAAGC-1"
"3607","TCGACAAGTGCGCAAT-1"
"3608","TCGACAAGTGTTTGAG-1"
"3609","TCGACAAGTTAGGTTG-1"
"3610","TCGACAAGTTGTTCAC-1"
"3611","TCGATTAAGGCTGTCA-1"
"3612","TCGATTAAGGGTTAGA-1"
"3613","TCGATTAAGTATTGTG-1"
"3614","TCGATTAAGTTGGCCA-1"
"3615","TCGCATTGTAGGATTT-1"
"3616","TCGCATTGTTAATGAC-1"
"3617","TCGCATTGTTAGCCAA-1"
"3618","TCGCCCATCCATAAGC-1"
"3619","TCGCCCATCCGGGACT-1"
"3620","TCGCCCATCCTAGTCC-1"
"3621","TCGCGAGGTTAGCTGA-1"
"3622","TCGCGCACAATAATGG-1"
"3623","TCGCGCACAGGTTAAA-1"
"3624","TCGCTAACATGCTCCC-1"
"3625","TCGGTAAGTCCCGGAA-1"
"3626","TCGGTTCTCAATGACC-1"
"3627","TCGGTTCTCACCAATA-1"
"3628","TCGGTTCTCAGGGCCT-1"
"3629","TCGGTTCTCATGCATA-1"
"3630","TCGGTTCTCCAAGTGT-1"
"3631","TCGGTTCTCGCATTAA-1"
"3632","TCGGTTCTCTCAATGA-1"
"3633","TCGGTTTGTACGCGCA-1"
"3634","TCGGTTTGTGTTCCCA-1"
"3635","TCGTGCTTCATAACTG-1"
"3636","TCGTGCTTCCAAGTTA-1"
"3637","TCGTGCTTCCCATAGG-1"
"3638","TCGTGCTTCCCTCATA-1"
"3639","TCGTGCTTCGGGACCT-1"
"3640","TCGTTAAAGCATTATG-1"
"3641","TCGTTAAAGGCCCAGT-1"
"3642","TCGTTACGTCAAGTGC-1"
"3643","TCGTTACGTTGGCGTG-1"
"3644","TCGTTAGCAATCCTGA-1"
"3645","TCGTTATTCATGCTTT-1"
"3646","TCGTTATTCCCGCATT-1"
"3647","TCGTTATTCGCTAGTG-1"
"3648","TCGTTTCCAGTTATGT-1"
"3649","TCGTTTCCATATTGAC-1"
"3650","TCTAACCGTACCGTTT-1"
"3651","TCTAACCGTCTTACTA-1"
"3652","TCTAACCGTGAGCGAA-1"
"3653","TCTAACCGTTTCGCCA-1"
"3654","TCTAACTTCTCAATTC-1"
"3655","TCTAAGGGTATTTGCC-1"
"3656","TCTAAGGGTGCTCACC-1"
"3657","TCTAAGGGTTGAGCCG-1"
"3658","TCTAATCTCATTACTC-1"
"3659","TCTAATCTCCAAACAC-1"
"3660","TCTAATCTCCTAAGGT-1"
"3661","TCTAATCTCTAAATCG-1"
"3662","TCTACCTCACGCAACT-1"
"3663","TCTACCTCAGGACCAA-1"
"3664","TCTACTAGTAGCCATA-1"
"3665","TCTACTAGTCATGCAA-1"
"3666","TCTACTAGTGTGTCCC-1"
"3667","TCTAGCACATTAAGTC-1"
"3668","TCTAGCCTCGGTCAAT-1"
"3669","TCTAGCCTCTGTTGCC-1"
"3670","TCTATGTTCACGCCAA-1"
"3671","TCTATGTTCAGCATTA-1"
"3672","TCTATGTTCGCTATAA-1"
"3673","TCTCAAGCATAGTCAT-1"
"3674","TCTCAATTCTACCTGC-1"
"3675","TCTCAATTCTTAATGG-1"
"3676","TCTCACCAGCCTAACG-1"
"3677","TCTCACCAGCTTCTCA-1"
"3678","TCTCACCAGTAGCCAT-1"
"3679","TCTCCTCGTTAAGGTT-1"
"3680","TCTCGCCCACCTGGTG-1"
"3681","TCTCGCCCACGAATCC-1"
"3682","TCTGGCTTCACGCCAA-1"
"3683","TCTGGCTTCCAAATCA-1"
"3684","TCTGTGACACGAATTT-1"
"3685","TCTGTGACATTAAACC-1"
"3686","TCTTAGCGTGGACATC-1"
"3687","TCTTAGTTCCTTGCAC-1"
"3688","TCTTAGTTCTTGTTCG-1"
"3689","TCTTCAAGTTAGAGCC-1"
"3690","TCTTGACGTAGTTAAC-1"
"3691","TCTTGTCCAACTGGGA-1"
"3692","TCTTGTCCACCTGCCT-1"
"3693","TCTTGTCCATAAGTTC-1"
"3694","TCTTGTCCATTGTCCT-1"
"3695","TCTTTGTAGGCATGTT-1"
"3696","TCTTTGTAGTTGGATC-1"
"3697","TGAAACTGTAATCACG-1"
"3698","TGAAACTGTGGATTGC-1"
"3699","TGAAACTGTTATCCGT-1"
"3700","TGAACAACAATAACGA-1"
"3701","TGAACAACATAGGCGA-1"
"3702","TGAACAACATTCCTGT-1"
"3703","TGAACAGAGCTCCTAC-1"
"3704","TGAACAGAGGGACTAA-1"
"3705","TGAAGCAAGACCATAC-1"
"3706","TGAAGGATCTTGAGCG-1"
"3707","TGAAGTGAGTTATTCC-1"
"3708","TGACCAAGTAACGAGG-1"
"3709","TGACCAAGTGCATTTC-1"
"3710","TGACCAAGTTAAATGC-1"
"3711","TGACTTAAGGCGCTAC-1"
"3712","TGACTTAAGGGCTAAA-1"
"3713","TGACTTAAGTAACCAC-1"
"3714","TGACTTAAGTTAGCCG-1"
"3715","TGACTTAAGTTCCTGC-1"
"3716","TGACTTCGTGAACAAA-1"
"3717","TGACTTCGTTTACCGT-1"
"3718","TGAGAACCAATACTGT-1"
"3719","TGAGAACCAATTTGGT-1"
"3720","TGAGAACCAGGGAGGA-1"
"3721","TGAGAACCAGGTTAAA-1"
"3722","TGAGAACCATGTCGCG-1"
"3723","TGAGCAAAGGCATTGT-1"
"3724","TGAGCACGTGCTCACC-1"
"3725","TGAGCACGTTGACTTC-1"
"3726","TGAGCCGGTACGGGTT-1"
"3727","TGAGCCGGTCGACTAA-1"
"3728","TGAGCCGGTGTTGTAG-1"
"3729","TGAGCTTAGACAGGCG-1"
"3730","TGAGCTTAGTTATTCC-1"
"3731","TGAGGAGGTCCGCTGT-1"
"3732","TGAGGAGGTGATCAGC-1"
"3733","TGAGGCACAAGTTATC-1"
"3734","TGAGGCACAATCCTAG-1"
"3735","TGAGGCACAGGCTGTT-1"
"3736","TGAGGCACATGTTGCA-1"
"3737","TGAGGGCCAAACATAG-1"
"3738","TGAGGGCCAAGCCACT-1"
"3739","TGAGGGCCACAGCCAT-1"
"3740","TGAGGTGCAAGGTATA-1"
"3741","TGAGGTGCATAATGTC-1"
"3742","TGAGTGAAGCCTAATA-1"
"3743","TGAGTGAAGCTTAGCG-1"
"3744","TGAGTGAAGGTGAAGC-1"
"3745","TGAGTGAAGTCAGTAC-1"
"3746","TGAGTGAAGTGTTGCG-1"
"3747","TGAGTGAAGTTTGCGG-1"
"3748","TGAGTTTCATCCAGGT-1"
"3749","TGATCAATCTCCTCTT-1"
"3750","TGATCACAGCACCACA-1"
"3751","TGATCACAGCATTATG-1"
"3752","TGATCACAGCCGCAAC-1"
"3753","TGATCACAGGAGGCAT-1"
"3754","TGATCACAGGATGATG-1"
"3755","TGATCACAGGTTAGAG-1"
"3756","TGATCAGGTAGGTTTG-1"
"3757","TGATCAGGTTTACCGT-1"
"3758","TGATCCTGTATTCGCT-1"
"3759","TGATCCTGTCGCGCAA-1"
"3760","TGATCGAGTAGGATCC-1"
"3761","TGATCGAGTAGTTAAC-1"
"3762","TGATCGAGTTGGCCGA-1"
"3763","TGATCGAGTTGTGACA-1"
"3764","TGATCGAGTTTACTTG-1"
"3765","TGATGAACAGCCTAAC-1"
"3766","TGATGACTCATAGCCG-1"
"3767","TGATGACTCTGTTGCC-1"
"3768","TGATGATGTTTGCGAA-1"
"3769","TGATGATGTTTGTCTA-1"
"3770","TGATTAGTCCAGGTCA-1"
"3771","TGATTAGTCCTAATTC-1"
"3772","TGATTAGTCCTGGTCT-1"
"3773","TGATTAGTCGGTTTCC-1"
"3774","TGATTCAAGGATTTGC-1"
"3775","TGATTGCAGCATTTCT-1"
"3776","TGATTGCAGTTGCCTC-1"
"3777","TGCAAGCGTGAGCAAG-1"
"3778","TGCAATATCACAGGAA-1"
"3779","TGCAATATCACGCATG-1"
"3780","TGCAATATCATTAGTG-1"
"3781","TGCAATATCATTGACA-1"
"3782","TGCACACCAATCGCAC-1"
"3783","TGCACACCACCTCAGG-1"
"3784","TGCACCTTCATCAGTA-1"
"3785","TGCACCTTCATGTGGT-1"
"3786","TGCACCTTCCTCATCA-1"
"3787","TGCACTTGTCCTAAGA-1"
"3788","TGCAGGCTCCTCACTA-1"
"3789","TGCATCCTCTAATTGG-1"
"3790","TGCATGAGTTTGACCT-1"
"3791","TGCCATTGTCCCGAAG-1"
"3792","TGCCATTGTCGCAAAC-1"
"3793","TGCCATTGTGATCAGC-1"
"3794","TGCCGGTAGCTTAACA-1"
"3795","TGCCGGTAGGGCCATC-1"
"3796","TGCCTGTTCGAGCAAA-1"
"3797","TGCCTGTTCGCAGGCT-1"
"3798","TGCGATTAGCCGGTAC-1"
"3799","TGCGATTAGGCGCATC-1"
"3800","TGCGATTAGTATGTGC-1"
"3801","TGCGATTAGTTATTCC-1"
"3802","TGCGCAGGTCATTACC-1"
"3803","TGCGCAGGTGTTTGTC-1"
"3804","TGCGCGAGTCAATAGT-1"
"3805","TGCGCGAGTTGCAATG-1"
"3806","TGCGGTTCACCTGGTG-1"
"3807","TGCGGTTCAGGCTAAG-1"
"3808","TGCTAACAGATGCCTG-1"
"3809","TGCTAACAGCTAATCA-1"
"3810","TGCTAACAGGAGTCTT-1"
"3811","TGCTAGCCAAATATCC-1"
"3812","TGCTAGCCAGAGGCTA-1"
"3813","TGCTAGCCAGGTTAAA-1"
"3814","TGCTCAACAACAGGAT-1"
"3815","TGCTCAACACACTAAT-1"
"3816","TGCTCAACAGGCCTTG-1"
"3817","TGCTCACTCTGGTCCT-1"
"3818","TGCTCCGTCAATGTCA-1"
"3819","TGCTCCGTCAGCACCA-1"
"3820","TGCTCCGTCCCAGTAG-1"
"3821","TGCTCCGTCTTGTCTG-1"
"3822","TGCTCTCAGCATTAGC-1"
"3823","TGCTCTCAGTCAATCA-1"
"3824","TGCTCTCAGTCATTGA-1"
"3825","TGCTGGATCTAAGTGC-1"
"3826","TGCTTAAAGGTCGATT-1"
"3827","TGCTTCATCAAGTGTC-1"
"3828","TGCTTCATCCCGAACA-1"
"3829","TGCTTCATCTTACTCG-1"
"3830","TGCTTCCAGCAGGCCT-1"
"3831","TGCTTGCTCAGCTAAC-1"
"3832","TGCTTGCTCTTGTCCA-1"
"3833","TGCTTGTGTAGTTAAC-1"
"3834","TGCTTGTGTGGTTATG-1"
"3835","TGCTTGTGTTATGTGG-1"
"3836","TGCTTGTGTTCATCTA-1"
"3837","TGCTTTAGTACTGAAT-1"
"3838","TGCTTTAGTACTTAGG-1"
"3839","TGCTTTAGTCACCTAT-1"
"3840","TGCTTTAGTGCGCAAT-1"
"3841","TGGAACAAGCAGGTGG-1"
"3842","TGGAACAAGTTTGAGC-1"
"3843","TGGACAAAGGTATTGC-1"
"3844","TGGACCGGTCAAGACC-1"
"3845","TGGACCGGTCACCAAA-1"
"3846","TGGACCGGTCACGAAC-1"
"3847","TGGACCGGTCCGTAGG-1"
"3848","TGGACGGAGGCTTAAC-1"
"3849","TGGACGGAGTTAGTTG-1"
"3850","TGGACTAGTCGTTACT-1"
"3851","TGGATTCAGACAACGA-1"
"3852","TGGATTCAGGTGAAAT-1"
"3853","TGGATTCAGTCTGGGC-1"
"3854","TGGATTGGTAATCGTG-1"
"3855","TGGCCAATCAAGTGAG-1"
"3856","TGGCCATCATCGCTTT-1"
"3857","TGGCCTGCAAGCCACT-1"
"3858","TGGCCTGCACTAAGAA-1"
"3859","TGGCCTGCATTGTGCA-1"
"3860","TGGCCTTTCCCTCATA-1"
"3861","TGGCCTTTCTGTGCAG-1"
"3862","TGGCGGTTCGTTTCGC-1"
"3863","TGGCGGTTCTGGCATG-1"
"3864","TGGCTAAGTCGAAGTC-1"
"3865","TGGCTAAGTGTTTCAC-1"
"3866","TGGCTAAGTTAGTGAT-1"
"3867","TGGCTAAGTTTGGGTA-1"
"3868","TGGCTATAGCACGTTG-1"
"3869","TGGCTATAGCCTGGTA-1"
"3870","TGGCTATAGCTGCACA-1"
"3871","TGGCTTTGTAGCTAGC-1"
"3872","TGGCTTTGTTAACGAT-1"
"3873","TGGGCCTAGTTATCTC-1"
"3874","TGGTAAACAGAAATGC-1"
"3875","TGGTAAACATCCCTCA-1"
"3876","TGGTCAAGTAGCTGCG-1"
"3877","TGGTCAAGTTTCCTCC-1"
"3878","TGGTCAGTCCCATAAA-1"
"3879","TGGTCAGTCTTAGTCT-1"
"3880","TGGTCCTTCAATCTCT-1"
"3881","TGGTGATTCCTTGAGG-1"
"3882","TGGTTAATCAGGAAGC-1"
"3883","TGGTTCCTCCTCGATC-1"
"3884","TGGTTCCTCCTTGCGT-1"
"3885","TGGTTCTGTCAGTAAT-1"
"3886","TGGTTCTGTGATGATT-1"
"3887","TGGTTCTGTTAGGCGT-1"
"3888","TGGTTCTGTTTCCGGC-1"
"3889","TGGTTCTGTTTCGCGC-1"
"3890","TGGTTGAGTGATGGCT-1"
"3891","TGGTTGAGTGCGCATG-1"
"3892","TGTAAAGCAAGGTGGC-1"
"3893","TGTAAAGCAGAACCGA-1"
"3894","TGTAAAGCAGGCTAGA-1"
"3895","TGTAAAGCATTGTGGC-1"
"3896","TGTAACTCAACCTAAT-1"
"3897","TGTAACTCAATGAAGC-1"
"3898","TGTAACTCAGGCATCT-1"
"3899","TGTAACTCATGCTCCC-1"
"3900","TGTAAGCTCTTGGACG-1"
"3901","TGTAAGTGTCAAGTGC-1"
"3902","TGTAAGTGTTTATCGC-1"
"3903","TGTAATGTCACGAATC-1"
"3904","TGTAATGTCATCAGTA-1"
"3905","TGTAATGTCATGCAAC-1"
"3906","TGTAATGTCGGTTCCT-1"
"3907","TGTAATGTCTAGCTTT-1"
"3908","TGTATCCGTCATTACC-1"
"3909","TGTATCCGTGGTTATG-1"
"3910","TGTATCGCAAGGCCAA-1"
"3911","TGTATCGCACAATGTT-1"
"3912","TGTATCGCACCTACTT-1"
"3913","TGTATCGCATCAGCAC-1"
"3914","TGTATCGCATGTCAGC-1"
"3915","TGTATCGCATTATGGT-1"
"3916","TGTCAATCAACCTGGT-1"
"3917","TGTCAGTAGCTATGAC-1"
"3918","TGTCAGTAGGCGCACT-1"
"3919","TGTCATAAGCCTGACA-1"
"3920","TGTCCTGGTCCTTCTC-1"
"3921","TGTCCTGGTTGCTTCG-1"
"3922","TGTCCTGGTTTATCTG-1"
"3923","TGTCCTTCACTAAGAA-1"
"3924","TGTCCTTCATCGTTCT-1"
"3925","TGTCCTTCATGTTGCA-1"
"3926","TGTGAAACAAGGTGGC-1"
"3927","TGTGAAACAATGAAGC-1"
"3928","TGTGATCAGCCTGTTC-1"
"3929","TGTGATCAGCTCCCTG-1"
"3930","TGTGCAAGTAACTACG-1"
"3931","TGTGCAAGTCATTGAG-1"
"3932","TGTGCAAGTGAAGCCT-1"
"3933","TGTGCGCAGACAGGTA-1"
"3934","TGTGCGCAGACTTATG-1"
"3935","TGTGCGCAGTAAAGGT-1"
"3936","TGTGCGGGTACTGATG-1"
"3937","TGTGCGGGTGGATGTC-1"
"3938","TGTGCGGGTTCCTCCT-1"
"3939","TGTGCTGAGCCTGATG-1"
"3940","TGTGCTGAGGTTTACA-1"
"3941","TGTGCTGAGTTGGCCA-1"
"3942","TGTGGAGCAAACTCAT-1"
"3943","TGTGGCCAGCAATAGG-1"
"3944","TGTGGCCAGCAGGTTT-1"
"3945","TGTGGCCAGCCTCTCG-1"
"3946","TGTGGCCAGGCATTAC-1"
"3947","TGTGGCCAGTAGGCGG-1"
"3948","TGTGGCCAGTCATGCG-1"
"3949","TGTGGCGGTCGTTACT-1"
"3950","TGTGGCGGTTTATCGC-1"
"3951","TGTGGCTCAATGAAGC-1"
"3952","TGTGGCTCAATTGAGA-1"
"3953","TGTGTGAGTACGGGTT-1"
"3954","TGTGTGAGTGTCCTGC-1"
"3955","TGTGTGAGTTAGCCAA-1"
"3956","TGTGTGAGTTGTTGGA-1"
"3957","TGTGTTAAGAGGAAGG-1"
"3958","TGTTACTTCTAAGTGC-1"
"3959","TGTTAGCAGCTCCTTA-1"
"3960","TGTTAGCAGGTAGCTT-1"
"3961","TGTTATGAGGCCAATT-1"
"3962","TGTTATGAGGCTAAGA-1"
"3963","TGTTATGAGGTCATTA-1"
"3964","TGTTATGAGTCCTTCA-1"
"3965","TGTTATGAGTTGGATC-1"
"3966","TGTTCATTCCTGAGTG-1"
"3967","TGTTCCTCACAAAGGT-1"
"3968","TGTTCCTCACTTAACG-1"
"3969","TGTTCCTCAGATAGAC-1"
"3970","TGTTGGCCAATTATGC-1"
"3971","TGTTGGCCATAATTGC-1"
"3972","TGTTGTAAGCACAGGG-1"
"3973","TGTTGTAAGCTGCACA-1"
"3974","TGTTGTAAGTACCGCA-1"
"3975","TGTTGTTTCCTCACTA-1"
"3976","TTAAAGGCAGCAAGTG-1"
"3977","TTAAAGGCATAATCAC-1"
"3978","TTAACCAAGGTGCGGA-1"
"3979","TTAACTGAGACACCGC-1"
"3980","TTAAGCCAGGAACCAA-1"
"3981","TTAAGCCAGTTAGCTA-1"
"3982","TTAAGGACACGAATTT-1"
"3983","TTAAGGACAGGTTATT-1"
"3984","TTAAGGACATGTCGCG-1"
"3985","TTAAGGTGTACCCACC-1"
"3986","TTAAGGTGTCTCAGCC-1"
"3987","TTAATCGAGACAAAGT-1"
"3988","TTAATCGAGCAAGATG-1"
"3989","TTAATCGAGCTTAGTA-1"
"3990","TTACACCGTGATTACG-1"
"3991","TTACAGCAGCTGTACG-1"
"3992","TTACAGCAGTCAATTG-1"
"3993","TTACAGCAGTTATCTC-1"
"3994","TTACCGTGTCATGCCC-1"
"3995","TTACCGTGTGCCGCAA-1"
"3996","TTACCTGTCTAAGTGC-1"
"3997","TTACCTGTCTTAGGAC-1"
"3998","TTACGTTTCGTTACAA-1"
"3999","TTAGAAGCAAACCTAT-1"
"4000","TTAGAAGCAGGCTAGA-1"
"4001","TTAGACTCAAATATCC-1"
"4002","TTAGACTCACAGAACG-1"
"4003","TTAGACTCACCAGCAT-1"
"4004","TTAGACTCACCTGTAA-1"
"4005","TTAGACTCAGGAACAT-1"
"4006","TTAGACTCATAAGTCT-1"
"4007","TTAGCAATCCTTGCGT-1"
"4008","TTAGCAATCGGCCATA-1"
"4009","TTAGCAATCGTTAGCG-1"
"4010","TTAGCAATCTAACCTT-1"
"4011","TTAGCAGGTCCGTGAG-1"
"4012","TTAGCAGGTGTAACCA-1"
"4013","TTAGCCTGTCAAGTGC-1"
"4014","TTAGCCTGTGACATGC-1"
"4015","TTAGCCTGTGGATTAT-1"
"4016","TTAGCGGTCATGGCTG-1"
"4017","TTAGCGGTCCCGTTGT-1"
"4018","TTAGCGGTCGAAGCGG-1"
"4019","TTAGCGGTCTGTAATG-1"
"4020","TTAGCTGCAAATTGCT-1"
"4021","TTAGCTGCAAGGACCA-1"
"4022","TTAGCTGCAATAATCC-1"
"4023","TTAGCTGCACAAACTT-1"
"4024","TTAGCTGCACATGCTA-1"
"4025","TTAGCTGCACTAGGTC-1"
"4026","TTAGGAACAAAGCGGC-1"
"4027","TTAGGAACAATGCCTA-1"
"4028","TTAGGAACATCATGTG-1"
"4029","TTAGGCCCACACCAAC-1"
"4030","TTAGGCCCAGGATGGC-1"
"4031","TTAGGCCCATTGCGGT-1"
"4032","TTAGGCGTCAAGTGAG-1"
"4033","TTAGGCGTCCTCCTAA-1"
"4034","TTAGGCGTCTTTAAGG-1"
"4035","TTAGTCAAGAACCTAC-1"
"4036","TTAGTCAAGATGGAGC-1"
"4037","TTAGTCAAGCGCCTAA-1"
"4038","TTATAGCCAGCCAGTT-1"
"4039","TTATAGCCAGTTATCG-1"
"4040","TTATCCGTCAACCAAC-1"
"4041","TTATCCGTCCTAGTAA-1"
"4042","TTATCCGTCCTTGTTG-1"
"4043","TTATCCTAGCTCAAAC-1"
"4044","TTATCCTAGTTATTCC-1"
"4045","TTATGACCAGAGAGCC-1"
"4046","TTATGACCAGGCATCT-1"
"4047","TTATGACCAGGGAGGA-1"
"4048","TTATGACCATCAGTAT-1"
"4049","TTATTGCTCTCCATGC-1"
"4050","TTCAACCGTAATGGCC-1"
"4051","TTCAACCGTCCTTCAG-1"
"4052","TTCAACCGTCGACTAA-1"
"4053","TTCACTGTCATGCATA-1"
"4054","TTCACTGTCCTTGAGG-1"
"4055","TTCACTGTCGGTTACG-1"
"4056","TTCAGCACAACTGGCT-1"
"4057","TTCAGCACATTGCGAC-1"
"4058","TTCAGGTAGGTGAGAC-1"
"4059","TTCAGGTAGTATTGGC-1"
"4060","TTCAGTTTCGCCTGTT-1"
"4061","TTCAGTTTCTGGCTTC-1"
"4062","TTCATCCCACCTAAGC-1"
"4063","TTCATCCCAGGCCAAA-1"
"4064","TTCATCCCATAAACCT-1"
"4065","TTCATTCAGCGGATAA-1"
"4066","TTCATTCAGTTTGAGC-1"
"4067","TTCCACGGTCAATAGT-1"
"4068","TTCCCGCCACAGGGAC-1"
"4069","TTCCCGCCAGTCTAGC-1"
"4070","TTCCTCAAGGAACCAA-1"
"4071","TTCCTTGAGACTTATG-1"
"4072","TTCGGTACACCTGCCT-1"
"4073","TTCGGTACATTAAGCT-1"
"4074","TTCGTGCTCCAGGTCA-1"
"4075","TTCGTTAGTCCCGAAG-1"
"4076","TTCGTTAGTGTTTGAG-1"
"4077","TTCTTAGGTAACCTAG-1"
"4078","TTCTTAGGTAAGGTTT-1"
"4079","TTCTTAGGTTCCATTA-1"
"4080","TTCTTAGGTTGACTTC-1"
"4081","TTGACATCAGAGGGAG-1"
"4082","TTGACATCAGCCAGTT-1"
"4083","TTGACATCATTATGCG-1"
"4084","TTGACGTAGTTCCCAC-1"
"4085","TTGACTAAGTTCCTCA-1"
"4086","TTGAGCTAGACAAACG-1"
"4087","TTGAGCTAGACACTTA-1"
"4088","TTGAGCTAGCTTACTT-1"
"4089","TTGAGGCGTCCCGAAG-1"
"4090","TTGAGGCGTCGACTAA-1"
"4091","TTGAGGCGTGCTAGCG-1"
"4092","TTGAGGCGTTAGGTTG-1"
"4093","TTGATGTCAACCCTAA-1"
"4094","TTGATGTCACCAACCG-1"
"4095","TTGATGTCACGTGCTG-1"
"4096","TTGATGTCAGAATGAC-1"
"4097","TTGATGTCATTGACAT-1"
"4098","TTGCAACAGACTTACA-1"
"4099","TTGCAACAGCCTCTGT-1"
"4100","TTGCAACAGGAACCAA-1"
"4101","TTGCAACAGGAGCAAC-1"
"4102","TTGCAACAGGGATGAC-1"
"4103","TTGCAATCAAACGGGC-1"
"4104","TTGCAATCAATTAGCT-1"
"4105","TTGCAATCACAGGATG-1"
"4106","TTGCAATCAGGTTAAA-1"
"4107","TTGCACACAGAAATGC-1"
"4108","TTGCACACAGGCGATA-1"
"4109","TTGCACACAGGTTTGC-1"
"4110","TTGCAGCCACAGAAAC-1"
"4111","TTGCAGCCACTTAACG-1"
"4112","TTGCAGCCAGGTTTGC-1"
"4113","TTGCAGCCATTTAAGC-1"
"4114","TTGCATTTCATGCATA-1"
"4115","TTGCCCGTCAATGAGG-1"
"4116","TTGCCCGTCATTGCGG-1"
"4117","TTGCCCGTCCCTGATC-1"
"4118","TTGCGAGTCATGCTAA-1"
"4119","TTGCGAGTCTGCAAAC-1"
"4120","TTGCGAGTCTGCAAGT-1"
"4121","TTGCGTCTCAGGAACA-1"
"4122","TTGCGTCTCCAGGTTG-1"
"4123","TTGCTCTCAGTAAGTA-1"
"4124","TTGCTTAGTTTAAAGC-1"
"4125","TTGCTTTAGACACTTA-1"
"4126","TTGCTTTAGGAACCGG-1"
"4127","TTGCTTTAGGCATGAA-1"
"4128","TTGCTTTAGGCTTAGT-1"
"4129","TTGGAGGCAAACTCAT-1"
"4130","TTGGAGGCAAGTAAGC-1"
"4131","TTGGATATCAGGATGA-1"
"4132","TTGGATATCCCGAAGC-1"
"4133","TTGGATATCTGTGAGT-1"
"4134","TTGGATCAGTCATCCC-1"
"4135","TTGGATTCAATAACGA-1"
"4136","TTGGATTCAATTGAAG-1"
"4137","TTGGATTCAGTTTGGC-1"
"4138","TTGGCGGGTATTCGTC-1"
"4139","TTGGCTACAATTTGGT-1"
"4140","TTGGCTACAGCATGGA-1"
"4141","TTGGCTACATGTTGCA-1"
"4142","TTGGCTGAGAGAAGGG-1"
"4143","TTGGCTGAGCCTGTTC-1"
"4144","TTGGCTTGTTGTTGGA-1"
"4145","TTGGGCCAGCTCCCTG-1"
"4146","TTGGGCCAGGTGAAGC-1"
"4147","TTGGGCCAGGTTAGCT-1"
"4148","TTGGGCCAGTATCGCG-1"
"4149","TTGGGCCAGTTATGTG-1"
"4150","TTGGGCGGTATTGGAT-1"
"4151","TTGGTGAGTAACGAGG-1"
"4152","TTGGTGAGTATTTGCC-1"
"4153","TTGGTGAGTCATAACG-1"
"4154","TTGGTGAGTCCTAACT-1"
"4155","TTGGTGAGTCGCAAAC-1"
"4156","TTGGTGAGTGCTCACC-1"
"4157","TTGGTGAGTTCGGTAA-1"
"4158","TTGTAAGTCCTTAATC-1"
"4159","TTGTAAGTCGAGGTGG-1"
"4160","TTGTCAAAGACAAGTG-1"
"4161","TTGTCAAAGGAGCAAC-1"
"4162","TTGTCAAAGTGAACCT-1"
"4163","TTGTCCATCAGCAAAG-1"
"4164","TTGTCCATCATGGTTA-1"
"4165","TTGTCCATCCCATAGG-1"
"4166","TTGTCCCAGCCAGGTC-1"
"4167","TTGTCCGGTGCCTCAC-1"
"4168","TTGTCCGGTTGAGGTC-1"
"4169","TTGTCCGGTTTGGGCG-1"
"4170","TTGTGAGGTAATGACT-1"
"4171","TTGTGAGGTTTGTCTA-1"
"4172","TTGTGCCTCCCGCCTA-1"
"4173","TTGTGCCTCGGTCATG-1"
"4174","TTGTGCCTCTGGTCCT-1"
"4175","TTGTGTGCAATAGCCC-1"
"4176","TTGTGTGCAGTAATAG-1"
"4177","TTGTGTGCATCACTTC-1"
"4178","TTGTTCCCAAAGCGCA-1"
"4179","TTGTTCCCAATAACGA-1"
"4180","TTGTTGCGTTCGGGAT-1"
"4181","TTGTTGTTCATAGCCG-1"
"4182","TTGTTGTTCCATTACT-1"
"4183","TTGTTGTTCCCGCAAA-1"
"4184","TTGTTGTTCGCTTGCT-1"
"4185","TTGTTTGGTCATCCTG-1"
"4186","TTGTTTGGTTGTGACA-1"
"4187","TTTAACCTCCGGCTAA-1"
"4188","TTTAACCTCCGTCCAT-1"
"4189","TTTAACGAGACAAGTG-1"
"4190","TTTAACGAGGTAGCTT-1"
"4191","TTTAAGCCAAGTTATC-1"
"4192","TTTAAGCCACATAGCC-1"
"4193","TTTAAGCCAGGACCTT-1"
"4194","TTTAAGCCATCGTTCT-1"
"4195","TTTAAGGTCAATTACG-1"
"4196","TTTAAGGTCCCTTGCG-1"
"4197","TTTAAGGTCTCGACCT-1"
"4198","TTTACGAAGTAACGGA-1"
"4199","TTTACGCGTTAATGCG-1"
"4200","TTTAGCAAGCTAATTG-1"
"4201","TTTAGCTTCAATGTCA-1"
"4202","TTTAGCTTCAGCAAAG-1"
"4203","TTTAGCTTCAGGGCCT-1"
"4204","TTTAGCTTCCAAATCA-1"
"4205","TTTAGCTTCTGCAACG-1"
"4206","TTTAGCTTCTTGTTCG-1"
"4207","TTTAGGATCGATAACC-1"
"4208","TTTATGGAGCTGTCAG-1"
"4209","TTTCACCCACTGACTA-1"
"4210","TTTCACCCAGCATGAG-1"
"4211","TTTCAGTTCTCACTAT-1"
"4212","TTTCATCAGACAGGCG-1"
"4213","TTTCATCAGCAGGCCT-1"
"4214","TTTCATCAGCGCTAAT-1"
"4215","TTTCATCAGTGGACAA-1"
"4216","TTTCCACCAGCAAGGC-1"
"4217","TTTCCACCAGGCTAGA-1"
"4218","TTTCCACCATTGTGTG-1"
"4219","TTTCCGGGTATACTGG-1"
"4220","TTTCCGGGTCAGGCAT-1"
"4221","TTTCCGGGTGTTTGTC-1"
"4222","TTTCCTGAGGGTTAGA-1"
"4223","TTTCCTGAGTAACTCA-1"
"4224","TTTCGTCCAAACCCTA-1"
"4225","TTTCGTCCATTGGGAG-1"
"4226","TTTCTCACACAGACTC-1"
"4227","TTTCTCACAGCCAGAA-1"
"4228","TTTCTCACAGGCTAAG-1"
"4229","TTTCTCACATGGAGGC-1"
"4230","TTTCTCACATTGTCAG-1"
"4231","TTTCTTGCACAATACT-1"
"4232","TTTCTTGCAGACAAAC-1"
"4233","TTTCTTGCATTGCGAC-1"
"4234","TTTGACCGTCCTAATC-1"
"4235","TTTGACCGTGAGCACT-1"
"4236","TTTGACCGTGATGAAA-1"
"4237","TTTGACCGTTTGACCT-1"
"4238","TTTGACCGTTTGGGTA-1"
"4239","TTTGACTTCCTTTACG-1"
"4240","TTTGACTTCTTAAGTG-1"
"4241","TTTGAGTCAAAGCGCA-1"
"4242","TTTGAGTCACTTCACT-1"
"4243","TTTGAGTCATTGTGTG-1"
"4244","TTTGCATTCCCTGTTA-1"
"4245","TTTGCGACATAGTCAT-1"
"4246","TTTGGCTGTCGCAATA-1"
"4247","TTTGGTAAGCGGATTT-1"
"4248","TTTGGTAAGCTATTAG-1"
"4249","TTTGGTAAGTTTGGTA-1"
"4250","TTTGGTGCAAGCGAGC-1"
"4251","TTTGGTGCAGTTTGTG-1"
"4252","TTTGTCTAGGAAGCAC-1"
"4253","TTTGTCTAGGTCATTA-1"
"4254","TTTGTCTAGTATTGCA-1"
"4255","TTTGTGAAGATAACCC-1"
"4256","TTTGTGAAGCTACTGG-1"
"4257","TTTGTGAAGTGCTGTG-1"
"4258","TTTGTGGCAAAGGTAC-1"
"4259","TTTGTGGCACAAAGGT-1"
"4260","TTTGTGGCAGGCATCT-1"
"4261","TTTGTGGCAGGTCCTG-1"
"4262","TTTGTGGCATCGCTTT-1"
"4263","TTTGTGTTCACATTGA-1"
"4264","TTTGTGTTCTACCTCA-1"
"4265","TTTGTTGGTAGTAAGA-1"
"4266","TTTGTTGGTGATTACG-1"
"4267","TTTGTTGGTTCGCTCA-1"
