"","p_val","avg_log2FC","pct.1","pct.2","p_val_adj","cluster","gene"
"1",0,2.4035499355721,0.769,0.157,0,1,"XIST"
"2",0,-5.88435706987361,0.01,0.549,0,1,"USP9Y"
"3",0,2.53842560288325,0.759,0.231,0,1,"CDH4"
"4",0,-5.67616198230891,0.025,0.543,0,1,"TTTY14"
"5",0,-5.8126233367029,0.011,0.525,0,1,"UTY"
"6",0,2.54410509614193,0.747,0.245,0,1,"AC007614.1"
"7",0,4.71820932609649,0.524,0.032,0,1,"AC244502.1"
"8",0,1.87932242736216,0.865,0.379,0,1,"KCNH8"
"9",0,2.28947851529415,0.794,0.319,0,1,"EBF1"
"10",0,2.52883839657908,0.617,0.142,0,1,"RFTN1"
"11",0,2.80130707953192,0.71,0.237,0,1,"GRIK4"
"12",0,2.0967010107734,0.862,0.399,0,1,"SORCS3"
"13",0,-6.06811884034756,0.011,0.471,0,1,"NLGN4Y"
"14",0,1.73307141215191,0.928,0.476,0,1,"SEMA6D"
"15",0,1.47336820192415,0.793,0.357,0,1,"PLCH1"
"16",0,-3.49481237129552,0.239,0.675,0,1,"ATP6V0C"
"17",0,-3.66869480149277,0.205,0.637,0,1,"BEX1"
"18",0,2.07290123544152,0.677,0.246,0,1,"MAPK4"
"19",0,1.88471457390223,0.785,0.359,0,1,"KIF26B"
"20",0,-3.46636852579671,0.15,0.575,0,1,"ATP6V0B"
"21",0,1.35851688261208,0.898,0.475,0,1,"ARHGAP24"
"22",0,-3.11537955599518,0.227,0.647,0,1,"UBB"
"23",0,1.65287594284771,0.912,0.497,0,1,"ST6GALNAC5"
"24",0,2.23795377025429,0.748,0.334,0,1,"KLHL29"
"25",0,-3.05528384807957,0.222,0.635,0,1,"SELENOW"
"26",0,-3.52087984117424,0.166,0.579,0,1,"RNASEK"
"27",0,-3.52692301023122,0.309,0.719,0,1,"TUBA1B"
"28",0,-3.16283274509364,0.24,0.649,0,1,"OAZ1"
"29",0,2.51332275464627,0.551,0.146,0,1,"LINC01876"
"30",0,-3.16675436542936,0.236,0.639,0,1,"RPL41"
"31",0,-3.68732654407309,0.171,0.573,0,1,"TUBB2A"
"32",0,-3.13967276963531,0.201,0.6,0,1,"COX7C"
"33",0,-3.17399082946963,0.173,0.568,0,1,"CHCHD2"
"34",0,1.59551529316132,0.826,0.431,0,1,"NKAIN3"
"35",0,-3.03788419599808,0.293,0.686,0,1,"PPIA"
"36",0,-2.9794790306186,0.196,0.589,0,1,"RPL7A"
"37",0,-2.81244281993844,0.252,0.64,0,1,"RPL15"
"38",0,-3.07739969222327,0.212,0.6,0,1,"BEX2"
"39",0,-2.45875091202181,0.324,0.711,0,1,"FTL"
"40",0,-2.86373680168037,0.227,0.613,0,1,"RPS15"
"41",0,-3.27604480431308,0.166,0.552,0,1,"PRDX2"
"42",0,-3.33925792352745,0.154,0.539,0,1,"TPI1"
"43",0,2.10420733526668,0.548,0.164,0,1,"AC007091.1"
"44",0,1.79418507749184,0.546,0.162,0,1,"ABCC4"
"45",0,-2.88089798545325,0.239,0.623,0,1,"COX4I1"
"46",0,-3.16214043408124,0.195,0.579,0,1,"COX6A1"
"47",0,-3.26984595003089,0.229,0.612,0,1,"NDUFA4"
"48",0,-2.74203298078466,0.211,0.592,0,1,"GABARAP"
"49",0,-3.15491633831892,0.318,0.699,0,1,"BEX3"
"50",0,-3.24579139201996,0.151,0.531,0,1,"ATP5MC3"
"51",0,2.41557830890725,0.692,0.263,0,2,"COL6A1"
"52",0,-3.16442374492937,0.254,0.671,0,2,"CPNE4"
"53",0,-3.74423436087208,0.202,0.619,0,2,"VAV3"
"54",0,-4.29218426062535,0.029,0.442,0,2,"AC119673.2"
"55",0,1.52734264260204,0.889,0.478,0,2,"UNC5D"
"56",0,1.67501613472802,0.694,0.295,0,2,"GABRG3"
"57",0,2.14708892832451,0.617,0.23,0,2,"GRM8"
"58",0,-2.77603624446156,0.121,0.503,0,2,"MTRNR2L12"
"59",0,1.3845820920182,0.863,0.484,0,2,"TTTY14"
"60",0,2.34341742399765,0.618,0.241,0,2,"PNMA3"
"61",0,-2.95394870677386,0.081,0.457,0,2,"ZIC1"
"62",0,-1.95791012578743,0.243,0.605,0,2,"DDAH1"
"63",0,-1.70677085821035,0.247,0.609,0,2,"NCALD"
"64",0,-2.60602823800394,0.111,0.472,0,2,"MIR2052HG"
"65",0,0.907640114302958,0.909,0.55,0,2,"GRM7"
"66",0,1.30172861412051,0.797,0.441,0,2,"KLHL1"
"67",0,-4.47372647602323,0.101,0.456,0,2,"NWD2"
"68",0,1.21159112687849,0.86,0.509,0,2,"DAB1"
"69",0,-3.3393721032988,0.072,0.417,0,2,"OSBPL3"
"70",0,1.67665297375119,0.569,0.228,0,2,"ADAMTS19"
"71",0,0.938946158753451,0.921,0.581,0,2,"SNTG1"
"72",0,1.63371224328013,0.67,0.332,0,2,"DLGAP2"
"73",0,2.07648885776903,0.533,0.197,0,2,"LINC02223"
"74",0,1.84036018341399,0.742,0.407,0,2,"ADGRL2"
"75",0,2.31100337926982,0.557,0.225,0,2,"PTCH2"
"76",0,0.62832006357111,0.88,0.548,0,2,"BRINP3"
"77",0,1.99087634463637,0.655,0.324,0,2,"LPCAT4"
"78",0,1.05947947311349,0.87,0.543,0,2,"PCDH7"
"79",0,-3.01022587986785,0.363,0.69,0,2,"MSI2"
"80",0,0.725515452713267,0.964,0.638,0,2,"RBFOX1"
"81",0,0.578080719358525,0.847,0.522,0,2,"LHFPL3"
"82",0,-2.19430320581027,0.279,0.603,0,2,"SNCA"
"83",0,1.31485683314099,0.636,0.321,0,2,"HTR2C"
"84",0,-1.47103956326881,0.407,0.713,0,2,"PSD3"
"85",0,-2.05388955452579,0.434,0.735,0,2,"FAT3"
"86",0,1.2204114174157,0.876,0.577,0,2,"PCDH15"
"87",0,1.96747638280302,0.516,0.218,0,2,"PDE7B"
"88",0,-2.11626745464016,0.403,0.701,0,2,"TMTC2"
"89",0,0.984267873793297,0.771,0.475,0,2,"CACNA1A"
"90",0,0.773305872306635,0.957,0.666,0,2,"FRMD4A"
"91",0,1.23987322837163,0.541,0.251,0,2,"CDH4"
"92",0,1.07503640364876,0.71,0.421,0,2,"NLGN4Y"
"93",0,2.27335060289948,0.51,0.223,0,2,"FAM153B"
"94",0,4.15882128541653,0.303,0.018,0,2,"EBF2"
"95",0,1.01727022300634,0.833,0.549,0,2,"GABRB1"
"96",0,1.40269019431498,0.678,0.396,0,2,"CSMD2"
"97",0,3.08002002845753,0.317,0.043,0,2,"BNC2"
"98",0,1.37928291080103,0.805,0.535,0,2,"CACNA2D1"
"99",0,1.27604107445377,0.903,0.633,0,2,"CNTN5"
"100",0,1.12813585678076,0.926,0.664,0,2,"SCN1A"
"101",0,2.35232969014568,0.602,0.202,0,3,"CBLN2"
"102",0,1.61503271694737,0.622,0.235,0,3,"PCDH11Y"
"103",0,1.49318478123712,0.665,0.283,0,3,"HIST1H4C"
"104",0,1.86041399921032,0.501,0.157,0,3,"RFTN1"
"105",0,0.860466214976223,0.812,0.47,0,3,"UTY"
"106",0,1.04919926277444,0.673,0.334,0,3,"EBF1"
"107",0,1.38389583147307,0.709,0.37,0,3,"PLCH1"
"108",0,1.3479299766609,0.746,0.414,0,3,"SORCS3"
"109",0,1.13165141571186,0.727,0.397,0,3,"TOMM7"
"110",0,1.55321140612514,0.649,0.322,0,3,"HTR2C"
"111",0,0.876828306472401,0.902,0.581,0,3,"MGAT4C"
"112",0,1.97672667442503,0.444,0.134,0,3,"HTR4"
"113",0,1.28523134315451,0.877,0.568,0,3,"NDUFA4"
"114",0,1.41389926990656,0.747,0.438,0,3,"SV2B"
"115",0,1.14280967340016,0.94,0.65,0,3,"KCNH7"
"116",0,1.03235036748333,0.804,0.516,0,3,"ATP5IF1"
"117",0,1.13291350243248,0.826,0.541,0,3,"NTRK3"
"118",0,1.02520951084602,0.822,0.541,0,3,"COX6C"
"119",0,1.83408819579737,0.416,0.157,0,3,"LGI2"
"120",0,0.890737178975603,0.956,0.701,0,3,"CDH18"
"121",0,1.06998225882775,0.843,0.593,0,3,"TOMM20"
"122",0,1.11531579113781,0.868,0.619,0,3,"RMST"
"123",0,0.921414254916825,0.859,0.612,0,3,"SCOC"
"124",0,2.37552460317984,0.295,0.061,0,3,"BVES"
"125",0,2.40303399745324,0.276,0.059,0,3,"MSC-AS1"
"126",0,1.02492499196591,0.922,0.718,0,3,"GRID1"
"127",0,1.11183456555049,0.934,0.733,0,3,"ZNF483"
"128",0,2.13192732873442,0.272,0.076,0,3,"POPDC3"
"129",0,0.998257388356353,0.975,0.787,0,3,"MEG8"
"130",0,2.53041868244599,0.221,0.045,0,3,"MMRN1"
"131",0,1.41456765274095,0.968,0.802,0,3,"PLCG2"
"132",0,2.81101592842893,0.199,0.038,0,3,"LINC01497"
"133",0,1.0062447740708,0.977,0.823,0,3,"GRIK2"
"134",0,0.784353556322117,0.902,0.755,0,3,"KANSL1"
"135",0,0.667846032763185,0.992,0.91,0,3,"NLGN1"
"136",0,-1.85384289736182,0.852,0.897,0,3,"MT-ATP6"
"137",5.73584137423255e-308,1.06406810770613,0.712,0.396,2.09937530138286e-303,3,"KCNH8"
"138",1.15804932570055e-303,0.841937099044028,0.91,0.695,4.23857633699657e-299,3,"EIF4A2"
"139",7.3536237296295e-303,0.996447920539016,0.886,0.647,2.69149982128169e-298,3,"THSD7A"
"140",1.0657329661604e-301,1.06161201025159,0.483,0.201,3.90068922944367e-297,3,"ARL17B"
"141",6.71698897344396e-300,1.29151643934075,0.558,0.264,2.45848513417022e-295,3,"AC007614.1"
"142",4.45782461386657e-299,0.970051932132226,0.77,0.476,1.6316083869213e-294,3,"COX7A2"
"143",2.26579182891872e-297,0.906382874892495,0.82,0.543,8.29302467302539e-293,3,"UQCRB"
"144",1.85335212670289e-295,1.17910444907318,0.72,0.44,6.78345411894525e-291,3,"UHMK1"
"145",4.90770548701728e-294,1.65762124450758,0.391,0.147,1.79626928530319e-289,3,"RGS4"
"146",2.16299009520549e-290,2.52231499747304,0.191,0.043,7.91676004746162e-286,3,"SLC17A8"
"147",7.26856235033635e-288,0.807282468649527,0.833,0.492,2.66036650584661e-283,3,"USP9Y"
"148",1.21636176965208e-283,0.849730359691335,0.826,0.528,4.45200571310357e-279,3,"EPHA5"
"149",1.44157093126942e-280,0.569836011541,0.996,0.92,5.27629376553921e-276,3,"LRP1B"
"150",1.88041236360616e-280,1.12397999692874,0.569,0.287,6.8824972920349e-276,3,"OBI1-AS1"
"151",0,4.18716320542607,0.951,0.093,0,4,"ST18"
"152",0,4.92288700759367,0.942,0.129,0,4,"TF"
"153",0,4.39207646449358,0.886,0.082,0,4,"MOBP"
"154",0,-3.97580475792683,0.111,0.901,0,4,"RIMS2"
"155",0,4.20680559252671,0.919,0.133,0,4,"TMEM144"
"156",0,-4.13213031351699,0.101,0.885,0,4,"MEG3"
"157",0,4.56012469618665,0.983,0.2,0,4,"PLP1"
"158",0,-3.76527615071213,0.13,0.912,0,4,"FGF14"
"159",0,-3.70730683983972,0.125,0.903,0,4,"RALYL"
"160",0,-4.02164820648622,0.157,0.932,0,4,"FAM155A"
"161",0,-3.24669593950129,0.121,0.894,0,4,"CNTN1"
"162",0,-4.09507587979924,0.108,0.879,0,4,"DSCAM"
"163",0,-3.79907268461238,0.117,0.872,0,4,"KCND2"
"164",0,4.1989208889732,0.84,0.096,0,4,"UGT8"
"165",0,-3.96664146024213,0.091,0.834,0,4,"MEG8"
"166",0,-3.86300356876123,0.097,0.834,0,4,"AGBL4"
"167",0,-3.89382053105966,0.104,0.84,0,4,"SLC8A1"
"168",0,-4.16104093066542,0.093,0.829,0,4,"ATRNL1"
"169",0,4.14750313873454,0.814,0.082,0,4,"AC012494.1"
"170",0,-3.28891008635007,0.123,0.849,0,4,"PAM"
"171",0,4.23749357305664,0.803,0.079,0,4,"ANLN"
"172",0,-3.68601344123417,0.178,0.901,0,4,"SYT1"
"173",0,-3.7936271805304,0.112,0.835,0,4,"OPCML"
"174",0,-3.57863023006668,0.079,0.801,0,4,"UNC80"
"175",0,3.53077884378982,0.86,0.139,0,4,"ZEB2"
"176",0,-3.71610667328334,0.123,0.843,0,4,"FGF12"
"177",0,-3.87069303436162,0.074,0.79,0,4,"PAK3"
"178",0,-4.3020819222367,0.099,0.814,0,4,"DLGAP1"
"179",0,-3.93707947500441,0.083,0.797,0,4,"FRMPD4"
"180",0,-3.58371623604206,0.229,0.942,0,4,"NRG3"
"181",0,-3.29096997976713,0.12,0.83,0,4,"SNAP25"
"182",0,-3.62687238489668,0.096,0.803,0,4,"ATP8A2"
"183",0,-3.93339358691979,0.084,0.79,0,4,"NRCAM"
"184",0,4.67105138125511,0.777,0.073,0,4,"PPP1R14A"
"185",0,-4.21781067603862,0.07,0.774,0,4,"LRFN5"
"186",0,-3.89633936828905,0.071,0.768,0,4,"MYT1L"
"187",0,-3.01618982148206,0.18,0.877,0,4,"GPM6A"
"188",0,-3.86035905698578,0.075,0.77,0,4,"GABRB3"
"189",0,-3.31460952574273,0.135,0.83,0,4,"PTPRN2"
"190",0,4.39496822536638,0.767,0.073,0,4,"CLDN11"
"191",0,-3.22598395121841,0.184,0.875,0,4,"CSMD3"
"192",0,-3.48452638065096,0.098,0.788,0,4,"DCLK1"
"193",0,-3.870225775572,0.069,0.758,0,4,"SLC4A10"
"194",0,-3.12975235993568,0.096,0.785,0,4,"CELF4"
"195",0,-3.40457268704792,0.095,0.781,0,4,"STXBP5L"
"196",0,4.42294492638703,0.763,0.077,0,4,"SELENOP"
"197",0,-4.18007844892056,0.065,0.751,0,4,"ZEB1"
"198",0,3.81894660095138,0.855,0.17,0,4,"ENPP2"
"199",0,-3.27687927231391,0.088,0.769,0,4,"GABBR2"
"200",0,-3.69911500550129,0.072,0.752,0,4,"CHL1"
"201",0,5.26189929706376,0.939,0.037,0,5,"CASQ2"
"202",0,3.89488977662637,0.978,0.083,0,5,"AC016766.1"
"203",0,3.98363833546298,0.988,0.102,0,5,"CCBE1"
"204",0,3.62133509436129,0.983,0.125,0,5,"IL1RAPL2"
"205",0,4.12639243607327,0.923,0.067,0,5,"MIR31HG"
"206",0,3.25559284091607,0.988,0.135,0,5,"PTPN3"
"207",0,3.18555562546503,0.977,0.134,0,5,"PRKCH"
"208",0,3.52707143450109,0.921,0.08,0,5,"MRVI1"
"209",0,3.40347980004757,0.973,0.136,0,5,"MYO1B"
"210",0,3.29253696221751,0.992,0.156,0,5,"CNKSR3"
"211",0,2.86490365006629,0.993,0.162,0,5,"CLMN"
"212",0,3.10358245686354,0.968,0.139,0,5,"NPL"
"213",0,3.66647028478088,0.904,0.078,0,5,"RASSF3"
"214",0,2.80123016393073,0.972,0.152,0,5,"RGS16"
"215",0,3.61812041743228,0.995,0.177,0,5,"THSD4"
"216",0,4.00842396784741,0.929,0.111,0,5,"CD226"
"217",0,3.14831690340622,0.978,0.161,0,5,"PTK2B"
"218",0,3.51268222252201,0.873,0.06,0,5,"ATP10A"
"219",0,2.44030572547336,0.904,0.101,0,5,"PVALB"
"220",0,3.15682232820822,0.943,0.142,0,5,"IL1RAP"
"221",0,3.34399082273414,0.958,0.157,0,5,"TRPC3"
"222",0,3.39178132854202,0.893,0.105,0,5,"COL4A3"
"223",0,3.46318275509844,0.882,0.104,0,5,"DPYS"
"224",0,3.22044487276828,0.88,0.105,0,5,"MAMDC2"
"225",0,3.82882122024696,0.832,0.058,0,5,"ADGRG6"
"226",0,3.2572630327502,0.826,0.053,0,5,"CYP2J2"
"227",0,3.88251989543915,0.818,0.05,0,5,"ABHD12B"
"228",0,2.81491275998849,0.982,0.217,0,5,"KITLG"
"229",0,3.65025632772548,0.836,0.071,0,5,"MIR222HG"
"230",0,2.55965934215349,0.973,0.211,0,5,"TANC1"
"231",0,4.36618939279693,0.792,0.033,0,5,"SLC7A2"
"232",0,3.00652833898774,0.843,0.089,0,5,"STUM"
"233",0,3.09682542928096,0.844,0.09,0,5,"TSPAN14"
"234",0,2.38411157645588,0.97,0.219,0,5,"LYPD6B"
"235",0,2.67630701445617,0.952,0.204,0,5,"U91319.1"
"236",0,3.50810020004408,0.829,0.083,0,5,"LINC02653"
"237",0,3.50323728114087,0.818,0.074,0,5,"COL4A4"
"238",0,3.39908584578456,0.82,0.077,0,5,"GDNF-AS1"
"239",0,2.51543581819407,0.93,0.188,0,5,"GABRA4"
"240",0,2.83271616675406,0.9,0.158,0,5,"AP000943.2"
"241",0,2.53191784066199,0.991,0.251,0,5,"PPFIBP1"
"242",0,2.4922287537979,0.977,0.239,0,5,"IPCEF1"
"243",0,2.73615638988801,0.806,0.071,0,5,"UACA"
"244",0,2.54365293371964,0.949,0.214,0,5,"TGFBR1"
"245",0,2.87618953623755,0.992,0.258,0,5,"B3GLCT"
"246",0,2.83083658182806,0.985,0.252,0,5,"ILDR2"
"247",0,1.45416371195874,0.836,0.104,0,5,"CFAP299"
"248",0,4.25709066517135,0.768,0.041,0,5,"FAM20A"
"249",0,2.23218265216903,0.917,0.192,0,5,"ADAM12"
"250",0,3.16770943286146,0.809,0.086,0,5,"CTSC"
"251",0,2.46901408943521,0.791,0.186,0,6,"GPR151"
"252",0,2.06566842555068,0.766,0.187,0,6,"GNG8"
"253",0,2.0573166255471,0.885,0.317,0,6,"AMIGO2"
"254",0,1.67628825844178,0.976,0.412,0,6,"NWD2"
"255",0,1.94115308818615,0.722,0.171,0,6,"POU4F1"
"256",0,1.68867268634365,0.919,0.385,0,6,"CADPS2"
"257",0,1.84263178174704,0.826,0.3,0,6,"NECAB2"
"258",0,1.94372705157209,0.801,0.283,0,6,"HIST1H4C"
"259",0,1.8004648777419,0.917,0.413,0,6,"NRN1"
"260",0,1.79090512317414,0.681,0.179,0,6,"CHRNB3"
"261",0,1.31834994916636,0.871,0.376,0,6,"NRP2"
"262",0,1.52034323461285,0.705,0.216,0,6,"IRX2"
"263",0,1.31593647376623,0.726,0.244,0,6,"EGFR"
"264",0,0.862794985261056,0.76,0.278,0,6,"CSGALNACT1"
"265",0,2.23324379495239,0.658,0.179,0,6,"SSTR2"
"266",0,1.71175357396316,0.689,0.212,0,6,"LRRC55"
"267",0,1.73338492828478,0.671,0.197,0,6,"TP53I11"
"268",0,1.03505940044311,0.926,0.452,0,6,"DACH1"
"269",0,1.14543287093869,0.7,0.227,0,6,"CDC14A"
"270",0,1.26036716767065,0.888,0.416,0,6,"ZIC1"
"271",0,-3.82895737223541,0.057,0.525,0,6,"TTTY14"
"272",0,-3.22483171323245,0.065,0.53,0,6,"USP9Y"
"273",0,1.28649046046896,0.898,0.434,0,6,"TTC39C"
"274",0,1.75642616813599,0.924,0.461,0,6,"ITM2C"
"275",0,0.982988796408746,0.842,0.389,0,6,"TLE4"
"276",0,1.78199283072136,0.909,0.458,0,6,"PRKD1"
"277",0,-3.98611676824289,0.228,0.676,0,6,"RBFOX1"
"278",0,-3.12903507992039,0.061,0.507,0,6,"UTY"
"279",0,1.50880264154577,0.864,0.427,0,6,"DUT"
"280",0,1.99771585331267,0.966,0.532,0,6,"TSPAN13"
"281",0,1.42277256221973,0.718,0.287,0,6,"COX17"
"282",0,1.49549180806261,0.865,0.434,0,6,"NDUFB4"
"283",0,0.843217889172834,0.716,0.285,0,6,"OBI1-AS1"
"284",0,1.4121419571208,0.825,0.394,0,6,"C3orf70"
"285",0,1.4308048398117,0.798,0.369,0,6,"LHX9"
"286",0,1.25921699308259,0.758,0.329,0,6,"AP1S2"
"287",0,1.24365966965037,0.812,0.384,0,6,"RGMB"
"288",0,1.29297126538356,0.709,0.281,0,6,"PDE2A"
"289",0,1.07925125697993,0.772,0.345,0,6,"SYTL2"
"290",0,1.7203980038311,0.62,0.196,0,6,"MAOA"
"291",0,1.20480483040415,0.83,0.409,0,6,"UBL5"
"292",0,1.70704063673521,0.739,0.319,0,6,"ADCYAP1"
"293",0,1.17023096182819,0.646,0.227,0,6,"CACNB3"
"294",0,1.37604414822151,0.739,0.321,0,6,"NDUFA7"
"295",0,1.30105953574387,0.851,0.438,0,6,"SRP9"
"296",0,1.3051592413784,0.797,0.385,0,6,"NDUFB7"
"297",0,1.23298795547185,0.977,0.567,0,6,"SNCA"
"298",0,1.3991689723407,0.81,0.4,0,6,"ATP5PD"
"299",0,1.4289280005934,0.59,0.183,0,6,"NR4A2"
"300",0,1.33007824301293,0.859,0.452,0,6,"RAN"
"301",0,1.34171872781948,0.735,0.235,0,7,"TTTY10"
"302",0,1.07943112660018,0.96,0.487,0,7,"TTTY14"
"303",0,0.763041075952193,0.89,0.419,0,7,"NLGN4Y"
"304",0,1.0703851984796,0.863,0.399,0,7,"AC119673.2"
"305",0,1.1978525164515,0.911,0.49,0,7,"KCNB2"
"306",0,0.769049513071933,0.654,0.243,0,7,"KDM5D"
"307",0,1.13552583570631,0.904,0.495,0,7,"SCN9A"
"308",0,1.04523391932926,0.9,0.514,0,7,"DAB1"
"309",0,1.16704456638355,0.845,0.46,0,7,"AC006115.2"
"310",0,1.71385298053279,0.542,0.16,0,7,"SHOX2"
"311",0,1.09689576239502,0.926,0.55,0,7,"GABRB1"
"312",0,1.03043394823273,0.922,0.55,0,7,"IQCJ-SCHIP1"
"313",0,1.37516683226644,0.54,0.169,0,7,"RAB3B"
"314",0,0.696831382927225,0.571,0.201,0,7,"ARL17B"
"315",0,1.19364487025622,0.551,0.19,0,7,"AC108169.1"
"316",0,1.1932118620294,0.592,0.231,0,7,"ARHGEF28"
"317",0,0.846570367937273,0.962,0.606,0,7,"STMN2"
"318",0,1.006952172434,0.954,0.619,0,7,"RMST"
"319",0,1.15411385013643,0.45,0.141,0,7,"PDGFC"
"320",0,1.73613210834155,0.397,0.108,0,7,"PRLR"
"321",0,0.962841734066324,0.984,0.756,0,7,"PEG3"
"322",0,2.08503299346422,0.264,0.057,0,7,"PRDM8"
"323",0,2.25888018450754,0.255,0.057,0,7,"FGF10"
"324",0,2.28464862337414,0.212,0.038,0,7,"TFAP2D"
"325",0,0.982663632980768,0.994,0.825,0,7,"GRIK2"
"326",0,0.667010466860222,0.996,0.849,0,7,"AHI1"
"327",0,1.89086732435588,0.155,0.021,0,7,"IGLL1"
"328",6.6570141593201e-308,1.18212598187741,0.812,0.452,2.43653375245275e-303,7,"MIR137HG"
"329",7.66807436268246e-308,1.32230611092025,0.678,0.315,2.80659189748541e-303,7,"NXPH1"
"330",8.56579330925054e-308,0.764443070750693,0.95,0.492,3.13516600911879e-303,7,"USP9Y"
"331",1.65290940872731e-305,1.07184486276938,0.512,0.183,6.04981372688284e-301,7,"HS3ST4"
"332",3.13477642682778e-304,1.11809728194347,0.508,0.181,1.14735951998324e-299,7,"DIRAS3"
"333",7.97479518189841e-304,0.844046583390887,0.987,0.823,2.91885478452664e-299,7,"NOVA1"
"334",3.39429139467883e-303,1.0161208106843,0.62,0.254,1.2423445933664e-298,7,"SEMA5A"
"335",1.79428458882291e-302,0.686215544521867,0.932,0.47,6.56726102355073e-298,7,"UTY"
"336",9.65277230038456e-299,1.0722945027282,0.543,0.201,3.53301118966375e-294,7,"AC107398.3"
"337",2.46909384565118e-295,0.898544904468625,0.93,0.557,9.03713038446788e-291,7,"GABRG2"
"338",2.85124882339997e-294,1.04069104663621,0.461,0.151,1.04358558185262e-289,7,"RTP5"
"339",3.35466914599856e-291,1.08719673141699,0.502,0.178,1.22784245412693e-286,7,"AL583808.1"
"340",3.51548377082239e-288,1.02638710988222,0.625,0.26,1.2867022149587e-283,7,"FAR2"
"341",1.84965864830124e-284,0.77811678230223,0.966,0.682,6.76993561864737e-280,7,"AL513166.1"
"342",2.23165922550854e-280,1.87481283043802,0.158,0.025,8.16809593128379e-276,7,"LINC01060"
"343",9.6848662206507e-280,0.915489708455366,0.759,0.362,3.54475788542036e-275,7,"SCN7A"
"344",1.3556956887336e-277,1.13536923781708,0.719,0.357,4.96198179033383e-273,7,"ARPP21"
"345",8.09762224721893e-274,1.07925767778919,0.545,0.213,2.9638107187046e-269,7,"DIRC3"
"346",5.19889773489617e-272,0.788624550783188,0.838,0.412,1.90284855994935e-267,7,"GABRA1"
"347",6.06322862293221e-269,0.698644482570692,0.998,0.888,2.21920230827942e-264,7,"NEGR1"
"348",6.1716530828574e-268,2.25512943424858,0.226,0.051,2.25888674485664e-263,7,"COL12A1"
"349",2.82188540257146e-267,0.887826593932041,0.699,0.321,1.03283827619518e-262,7,"AC093879.1"
"350",7.25270919684322e-267,1.17947550654906,0.421,0.143,2.65456409313659e-262,7,"AC110023.1"
"351",0,3.68152255186312,0.839,0.188,0,8,"GNG8"
"352",0,2.54146727523102,0.784,0.189,0,8,"GPR151"
"353",0,2.05054611998111,0.868,0.305,0,8,"AC008415.1"
"354",0,1.98646874380553,0.902,0.359,0,8,"AC109466.1"
"355",0,1.26567929848794,0.916,0.387,0,8,"CADPS2"
"356",0,3.57311031481247,0.587,0.059,0,8,"C5orf17"
"357",0,2.24187475347908,0.834,0.321,0,8,"AMIGO2"
"358",0,-2.61924672060349,0.246,0.749,0,8,"NTM"
"359",0,1.40266585858855,0.919,0.417,0,8,"NWD2"
"360",0,2.46881389979899,0.728,0.255,0,8,"HSPA1B"
"361",0,2.71309574141299,0.698,0.227,0,8,"CACNB3"
"362",0,-2.70102023778237,0.232,0.7,0,8,"FRMD4A"
"363",0,2.69213449854386,0.666,0.2,0,8,"TP53I11"
"364",0,2.63990753297291,0.712,0.249,0,8,"GSDME"
"365",0,-2.62542947855917,0.105,0.567,0,8,"CACNA2D1"
"366",0,2.73030942690329,0.615,0.157,0,8,"AC009041.2"
"367",0,-3.02020717324385,0.267,0.724,0,8,"PDE4B"
"368",0,2.52266192137096,0.737,0.282,0,8,"PDE2A"
"369",0,-3.49159454835478,0.073,0.522,0,8,"GABRB2"
"370",0,-2.95608701555187,0.163,0.612,0,8,"PLCB1"
"371",0,-3.50441332224355,0.23,0.673,0,8,"RBFOX1"
"372",0,2.37845221584279,0.746,0.305,0,8,"NECAB2"
"373",0,3.33558010758003,0.56,0.121,0,8,"ROBO3"
"374",0,1.85706023647805,0.725,0.287,0,8,"SHROOM3"
"375",0,-3.13707581254501,0.14,0.578,0,8,"PCDH7"
"376",0,-2.07394302826243,0.316,0.752,0,8,"MIR99AHG"
"377",0,2.0583361909726,0.761,0.326,0,8,"BAIAP3"
"378",0,-3.26387331393425,0.242,0.675,0,8,"CADPS"
"379",0,2.6091713556746,0.613,0.184,0,8,"NR4A2"
"380",0,2.39911007809625,0.702,0.276,0,8,"HSPA1A"
"381",0,2.30033685364829,0.645,0.22,0,8,"IRX2"
"382",0,1.91040670626204,0.658,0.24,0,8,"AC132153.1"
"383",0,3.44677019460851,0.493,0.08,0,8,"NEUROD1"
"384",0,-2.28077721526755,0.309,0.717,0,8,"LRRTM4"
"385",0,3.03422814486438,0.499,0.098,0,8,"PPP1R1B"
"386",0,1.72182715964297,0.781,0.381,0,8,"NRP2"
"387",0,2.79888544987727,0.55,0.155,0,8,"RPRM"
"388",0,-3.00357910890514,0.393,0.787,0,8,"RORA"
"389",0,2.13866024882655,0.57,0.179,0,8,"POU4F1"
"390",0,2.17917233589228,0.92,0.535,0,8,"TSPAN13"
"391",0,2.31591319152815,0.6,0.217,0,8,"LRRC55"
"392",0,1.85436698089232,0.65,0.268,0,8,"METRN"
"393",0,1.8947579596484,0.801,0.421,0,8,"ZIC1"
"394",0,2.52962000287117,0.576,0.197,0,8,"CHRNA3"
"395",0,-1.77232182390336,0.377,0.754,0,8,"LRFN5"
"396",0,2.31920903319882,0.842,0.467,0,8,"ITM2C"
"397",0,1.81446347140555,0.834,0.46,0,8,"VAT1L"
"398",0,1.4819609857492,0.645,0.274,0,8,"MCC"
"399",0,1.89830555474568,0.622,0.252,0,8,"SYT6"
"400",0,1.651712276329,0.795,0.426,0,8,"OPRM1"
"401",0,2.05860206091599,0.869,0.187,0,9,"GNG8"
"402",0,1.77094979934413,0.94,0.358,0,9,"AC109466.1"
"403",0,1.67920067601691,0.965,0.386,0,9,"CADPS2"
"404",0,1.75943608382176,0.881,0.305,0,9,"AC008415.1"
"405",0,-5.04932647031635,0.115,0.677,0,9,"RBFOX1"
"406",0,2.22162897448638,0.875,0.32,0,9,"AMIGO2"
"407",0,1.88892168552357,0.97,0.416,0,9,"NWD2"
"408",0,2.52281993075387,0.742,0.191,0,9,"GPR151"
"409",0,2.11543530843336,0.746,0.228,0,9,"CDC14A"
"410",0,-3.43653609955934,0.2,0.701,0,9,"FRMD4A"
"411",0,-2.91971095602715,0.25,0.748,0,9,"NTM"
"412",0,1.99437129356759,0.796,0.303,0,9,"THSD7B"
"413",0,-4.06818177955243,0.091,0.579,0,9,"PCDH7"
"414",0,-5.22084267895399,0.028,0.51,0,9,"CACNA1A"
"415",0,2.38413436796804,0.764,0.288,0,9,"HIST1H4C"
"416",0,-4.43586140243475,0.047,0.522,0,9,"GABRB2"
"417",0,2.61201091926787,0.982,0.533,0,9,"TSPAN13"
"418",0,-3.43242669005396,0.163,0.611,0,9,"PLCB1"
"419",0,-3.03024381298561,0.134,0.581,0,9,"CACNA1B"
"420",0,-3.05379735899339,0.28,0.723,0,9,"PDE4B"
"421",0,1.18776253870174,0.896,0.456,0,9,"DACH1"
"422",0,-2.35252222819855,0.311,0.751,0,9,"MIR99AHG"
"423",0,1.64465946989773,0.904,0.465,0,9,"ITM2C"
"424",0,-3.43129831858734,0.24,0.674,0,9,"CADPS"
"425",0,1.45722415079834,0.675,0.248,0,9,"EGFR"
"426",0,1.46242928152685,0.977,0.581,0,9,"VAV3"
"427",0,1.33227930324901,0.665,0.284,0,9,"CSGALNACT1"
"428",0,1.95172869531099,0.559,0.187,0,9,"CHRNB3"
"429",0,1.60449046839358,0.809,0.438,0,9,"NDUFB4"
"430",0,1.29783936121255,0.791,0.421,0,9,"PLD5"
"431",0,2.03299542471914,0.587,0.218,0,9,"LRRC55"
"432",0,1.52467499689108,0.808,0.44,0,9,"TTC39C"
"433",0,1.74488375040505,0.787,0.42,0,9,"NRN1"
"434",0,1.31882345906907,0.937,0.571,0,9,"SNCA"
"435",0,-2.36901595925683,0.463,0.829,0,9,"PTPRD"
"436",0,1.61020354225583,0.762,0.403,0,9,"TOMM7"
"437",0,1.33812154067867,0.757,0.404,0,9,"CD63"
"438",0,2.37965845274279,0.485,0.136,0,9,"AC004594.1"
"439",0,1.3172650731115,0.771,0.423,0,9,"ZIC1"
"440",0,2.02210811017456,0.541,0.205,0,9,"MCUB"
"441",0,1.22242843170752,0.854,0.518,0,9,"RPS27A"
"442",0,1.18935654716944,0.832,0.496,0,9,"RPS23"
"443",0,1.23480851829684,0.954,0.618,0,9,"PCSK2"
"444",0,1.77303348700029,0.763,0.428,0,9,"OPRM1"
"445",0,-3.0729433649984,0.449,0.784,0,9,"RORA"
"446",0,1.03733959322301,0.844,0.51,0,9,"ASIC2"
"447",0,1.50517481167356,0.773,0.442,0,9,"RPL27"
"448",0,1.35016994040471,0.83,0.502,0,9,"RPL21"
"449",0,1.15548152957183,0.895,0.574,0,9,"NDUFA4"
"450",0,1.65611396044461,0.722,0.401,0,9,"C3orf70"
"451",0,4.21353376271362,0.939,0.112,0,10,"KIT"
"452",0,3.302255810242,0.943,0.132,0,10,"OTX2-AS1"
"453",0,2.94150581287718,0.924,0.153,0,10,"MEIS2"
"454",0,3.81987793330527,0.905,0.136,0,10,"GAD1"
"455",0,3.61907384188544,0.959,0.256,0,10,"SYNPR"
"456",0,3.02833014032089,0.828,0.131,0,10,"GAD2"
"457",0,3.21415298644007,0.813,0.128,0,10,"RORB"
"458",0,2.50990957611759,0.973,0.308,0,10,"ZFPM2"
"459",0,3.71373524550435,0.835,0.182,0,10,"NR2F2"
"460",0,-5.37764522452579,0.038,0.687,0,10,"ENOX1"
"461",0,-5.01818791043324,0.134,0.777,0,10,"TENM2"
"462",0,-5.26147333216961,0.033,0.665,0,10,"PARD3"
"463",0,-5.49782969501407,0.028,0.654,0,10,"RMST"
"464",0,-5.76935857967217,0.033,0.633,0,10,"DGKB"
"465",0,2.1461435900109,0.917,0.32,0,10,"NELL1"
"466",0,0.941353734451915,0.873,0.287,0,10,"ADARB2"
"467",0,2.71097054954172,0.937,0.355,0,10,"SPHKAP"
"468",0,2.16877596267196,0.937,0.355,0,10,"CHRM2"
"469",0,-4.60867198129949,0.042,0.623,0,10,"TMEM163"
"470",0,-4.11331151154445,0.056,0.63,0,10,"HECW2"
"471",0,2.61128238752837,0.804,0.233,0,10,"NR2F2-AS1"
"472",0,-4.35159390727546,0.065,0.636,0,10,"ALCAM"
"473",0,-3.8379269985065,0.124,0.693,0,10,"TCF7L2"
"474",0,-3.949205584865,0.118,0.686,0,10,"KCNH7"
"475",0,2.77026460796195,0.846,0.28,0,10,"PCBP3"
"476",0,-6.45178488504138,0.017,0.582,0,10,"SRGAP1"
"477",0,2.82494049907262,0.728,0.164,0,10,"SEMA3C"
"478",0,-4.98206031435971,0.035,0.593,0,10,"PRR16"
"479",0,-3.78640915790575,0.07,0.619,0,10,"NELL2"
"480",0,2.91118616485371,0.784,0.238,0,10,"SLC6A1"
"481",0,-5.47642233180432,0.019,0.563,0,10,"EPHA5"
"482",0,2.35006195452229,0.897,0.355,0,10,"UNC13C"
"483",0,-3.26778421643433,0.132,0.673,0,10,"NEBL"
"484",0,-5.07861859516182,0.046,0.586,0,10,"BRINP3"
"485",0,-4.47690040297387,0.03,0.569,0,10,"SLC17A6"
"486",0,2.33957515542623,0.988,0.449,0,10,"GRIK1"
"487",0,-4.16164234118595,0.039,0.575,0,10,"NTRK3"
"488",0,3.28260946397026,0.698,0.169,0,10,"HPCA"
"489",0,-4.96711945957167,0.05,0.579,0,10,"SGCD"
"490",0,-3.01870986556889,0.103,0.631,0,10,"ARFGEF3"
"491",0,2.35655560374848,0.751,0.224,0,10,"PDZRN3"
"492",0,-4.95338619685076,0.037,0.561,0,10,"KIRREL3"
"493",0,-3.48270852897749,0.142,0.661,0,10,"ZNF804A"
"494",0,-2.64966102022713,0.137,0.654,0,10,"ENAH"
"495",0,-3.67733551227676,0.135,0.652,0,10,"FSTL5"
"496",0,-5.35075641126517,0.045,0.559,0,10,"LHFPL3"
"497",0,-2.89764678257799,0.346,0.857,0,10,"NKAIN2"
"498",0,-6.38049313603258,0.016,0.526,0,10,"SEMA6D"
"499",0,3.00653297954283,0.67,0.163,0,10,"GREM2"
"500",0,-4.70210017498679,0.056,0.563,0,10,"PEX5L"
"501",0,3.0459802160792,0.858,0.225,0,11,"CDC14A"
"502",0,2.43587232259741,0.971,0.388,0,11,"CADPS2"
"503",0,2.6247934283374,0.816,0.245,0,11,"EGFR"
"504",0,4.05326839749081,0.658,0.09,0,11,"F13A1"
"505",0,2.35872138835028,0.864,0.302,0,11,"THSD7B"
"506",0,3.13961862757947,0.725,0.169,0,11,"AL137139.2"
"507",0,1.31100933099706,0.906,0.361,0,11,"AC109466.1"
"508",0,2.05838824339278,0.959,0.418,0,11,"NWD2"
"509",0,3.18720413609167,0.707,0.176,0,11,"PDE11A"
"510",0,-2.97266835559794,0.147,0.67,0,11,"LINGO2"
"511",0,-4.12453208243371,0.17,0.674,0,11,"RBFOX1"
"512",0,-2.99030829512715,0.341,0.833,0,11,"PTPRD"
"513",0,-2.18677067859467,0.264,0.752,0,11,"MIR99AHG"
"514",0,-4.72562307784257,0.034,0.521,0,11,"GABRB2"
"515",0,-2.72867544113118,0.139,0.623,0,11,"BASP1"
"516",0,2.10857072177467,0.763,0.282,0,11,"CSGALNACT1"
"517",0,1.82597825092848,0.698,0.22,0,11,"NFIB"
"518",0,-2.60104438696484,0.167,0.644,0,11,"SLC2A13"
"519",0,1.87750882147478,0.932,0.456,0,11,"DACH1"
"520",0,1.37226257204849,0.785,0.31,0,11,"AC008415.1"
"521",0,2.53167449109895,0.669,0.199,0,11,"CABLES1"
"522",0,2.75298219691874,0.776,0.311,0,11,"SORCS2"
"523",0,-2.71990877447185,0.235,0.698,0,11,"FRMD4A"
"524",0,-2.66709435918081,0.267,0.717,0,11,"LRRTM4"
"525",0,2.15658899315661,0.633,0.188,0,11,"AC092957.1"
"526",0,-3.37902460625795,0.296,0.736,0,11,"KCNIP4"
"527",0,2.95874262206711,0.943,0.508,0,11,"ASIC2"
"528",0,-2.89147132166197,0.242,0.673,0,11,"HS6ST3"
"529",0,2.2560878036662,0.674,0.244,0,11,"PDGFD"
"530",0,1.96674700785169,0.937,0.513,0,11,"ST6GALNAC5"
"531",0,1.88840105700201,0.733,0.31,0,11,"POU6F2"
"532",0,2.11332609400882,0.667,0.251,0,11,"SYT6"
"533",0,2.36971668710155,0.597,0.186,0,11,"CHRNB3"
"534",0,1.60825569638636,0.83,0.421,0,11,"PLD5"
"535",0,2.11367257376735,0.861,0.457,0,11,"GUCY1A1"
"536",0,2.63447339774162,0.562,0.161,0,11,"ONECUT1"
"537",0,2.17371430926459,0.979,0.582,0,11,"VAV3"
"538",0,1.88366967438896,0.675,0.285,0,11,"PDE2A"
"539",0,3.13335698206536,0.542,0.154,0,11,"FRMD6"
"540",0,2.17456118765784,0.686,0.299,0,11,"RASGRP1"
"541",0,2.79720873919901,0.527,0.149,0,11,"MME"
"542",0,2.9107879724042,0.488,0.112,0,11,"SCUBE1"
"543",0,1.50666254661531,0.716,0.34,0,11,"EBF1"
"544",0,1.90202483253788,0.665,0.29,0,11,"SHROOM3"
"545",0,1.98077488056182,0.795,0.422,0,11,"SLC35F4"
"546",0,1.68210384012098,0.694,0.324,0,11,"AC013287.1"
"547",0,2.58265716507643,0.537,0.175,0,11,"GPR39"
"548",0,1.72650138807497,0.783,0.421,0,11,"EPHA7"
"549",0,1.99443033546659,0.712,0.35,0,11,"SYTL2"
"550",0,1.65536170949715,0.921,0.574,0,11,"RGS6"
"551",0,1.34603382735402,0.826,0.181,0,12,"XIST"
"552",0,1.63119043586634,0.668,0.133,0,12,"ZNF727"
"553",0,1.289378431136,0.777,0.244,0,12,"TMEM196"
"554",0,2.41017465195442,0.618,0.087,0,12,"BX890604.2"
"555",0,-9.4911569799982,0.002,0.527,0,12,"USP9Y"
"556",0,1.152494041287,0.79,0.273,0,12,"SMIM17"
"557",0,1.20970799006483,0.856,0.339,0,12,"RFK"
"558",0,-8.23113889780095,0.006,0.522,0,12,"TTTY14"
"559",0,0.992080033018156,0.799,0.289,0,12,"HIST1H4C"
"560",0,1.22910699575888,0.928,0.421,0,12,"AUXG01000058.1"
"561",0,1.18033883592309,0.87,0.363,0,12,"SCN7A"
"562",0,1.22742497717262,0.739,0.237,0,12,"MEST"
"563",0,0.883255325716352,0.837,0.335,0,12,"ALDOC"
"564",0,-8.80194798110861,0.002,0.504,0,12,"UTY"
"565",0,1.03619887336418,0.889,0.396,0,12,"SLC7A14"
"566",0,1.18028438576807,0.82,0.328,0,12,"FABP5"
"567",0,1.19003695724251,0.904,0.414,0,12,"GABRA1"
"568",0,1.28861106291415,0.708,0.223,0,12,"PCDH19"
"569",0,0.989145141651343,0.821,0.338,0,12,"DLGAP2"
"570",0,0.945375348913144,0.753,0.277,0,12,"PIP5K1B"
"571",0,1.14703931942529,0.817,0.344,0,12,"BEX5"
"572",0,1.33012905134457,0.672,0.2,0,12,"AC107398.3"
"573",0,1.2292335052403,0.776,0.305,0,12,"GABRG3"
"574",0,1.21868779146924,0.757,0.287,0,12,"NME1"
"575",0,0.972237682298145,0.951,0.491,0,12,"GLRB"
"576",0,1.18924207658427,0.674,0.222,0,12,"PLCXD3"
"577",0,1.10145929310612,0.652,0.204,0,12,"GSTM3"
"578",0,0.828156885243723,0.675,0.23,0,12,"ITGB3BP"
"579",0,1.14929038811293,0.628,0.183,0,12,"HS3ST4"
"580",0,1.24746002178895,0.958,0.516,0,12,"DAB1"
"581",0,1.1023132538847,0.629,0.19,0,12,"KCNH1"
"582",0,0.828787927679271,0.637,0.204,0,12,"ANKRD55"
"583",0,1.3228282442109,0.622,0.191,0,12,"CNR1"
"584",0,1.17801326540934,0.603,0.173,0,12,"VAMP1"
"585",0,1.07765506799453,0.96,0.534,0,12,"NAP1L3"
"586",0,1.26782838194607,0.631,0.214,0,12,"DIRC3"
"587",0,1.02596277819558,0.97,0.56,0,12,"GABRG2"
"588",0,0.953109908658315,0.591,0.186,0,12,"NRG4"
"589",0,1.37402146872227,0.49,0.1,0,12,"ZNF98"
"590",0,1.28784818561209,0.995,0.609,0,12,"STMN2"
"591",0,1.04572595287002,0.503,0.119,0,12,"FAM118A"
"592",0,1.36267880876755,0.517,0.14,0,12,"RBP4"
"593",0,1.69125352898756,0.464,0.088,0,12,"RND3"
"594",0,1.50217011997235,0.522,0.153,0,12,"GLRA2"
"595",0,0.915133333142967,0.502,0.14,0,12,"CD83"
"596",0,1.08026088253025,0.503,0.144,0,12,"GABRG1"
"597",0,1.50835619476714,0.446,0.096,0,12,"ADRA1A"
"598",0,1.3145635660661,0.972,0.622,0,12,"RMST"
"599",0,1.35259875482529,0.443,0.095,0,12,"ZNF676"
"600",0,0.901570044150726,0.464,0.122,0,12,"HAP1"
"601",0,4.4517187141719,0.859,0.054,0,13,"C5orf17"
"602",0,1.97200305896706,0.803,0.328,0,13,"BAIAP3"
"603",0,1.13739727858718,0.919,0.493,0,13,"TTTY14"
"604",0,1.31191036462054,0.871,0.484,0,13,"GRIN1"
"605",0,1.41505949563879,0.79,0.41,0,13,"PODXL2"
"606",0,1.59776588160123,0.8,0.42,0,13,"CLIP3"
"607",0,1.54723447183695,0.612,0.238,0,13,"ATN1"
"608",0,2.16070202561971,0.519,0.153,0,13,"RTP5"
"609",0,1.84004640251624,0.539,0.186,0,13,"PHYHIP"
"610",0,1.76790216281084,0.494,0.15,0,13,"WASHC1"
"611",0,2.03877361016994,0.45,0.126,0,13,"CACNA1I"
"612",0,1.41265342464068,0.87,0.549,0,13,"DKK3"
"613",0,2.17796312936427,0.348,0.063,0,13,"NLRP1"
"614",0,2.15880932424848,0.347,0.081,0,13,"GPX3"
"615",0,1.39175420516914,0.91,0.648,0,13,"SLC22A17"
"616",0,2.16189577497493,0.318,0.069,0,13,"PNMA6F"
"617",0,1.03268210761192,0.93,0.717,0,13,"LINC00486"
"618",0,1.13884409108872,0.955,0.759,0,13,"PEG3"
"619",0,3.94991974740035,0.204,0.01,0,13,"AC114930.1"
"620",0,1.10777371171379,1,0.955,0,13,"MT-CO2"
"621",5.38269026737173e-299,1.31798563480413,0.998,0.891,1.97011846476073e-294,13,"MT-ATP6"
"622",3.59149010774537e-291,1.32613269910793,0.992,0.856,1.31452129433588e-286,13,"MT-ND3"
"623",2.72143775604882e-287,1.4028877251689,0.639,0.257,9.96073433091429e-283,13,"SEMA5A"
"624",3.10715249894004e-284,1.54640414820944,0.627,0.263,1.13724888613704e-279,13,"CDIP1"
"625",6.5381646519301e-281,1.1913348765313,0.883,0.62,2.39303364425294e-276,13,"ATP1A3"
"626",1.81636688931255e-279,2.03273794307613,0.327,0.08,6.64808445157285e-275,13,"TLE2"
"627",1.07560189502746e-274,1.42408509842758,0.721,0.368,3.93681049598999e-270,13,"SYN1"
"628",9.52610519727597e-274,1.52739797006126,0.639,0.278,3.48664976325498e-269,13,"ACHE"
"629",2.57038887886335e-269,1.25555017918104,0.798,0.452,9.40788033552775e-265,13,"RHBDD2"
"630",6.75872819730826e-269,1.14428761773274,0.86,0.586,2.47376210749679e-264,13,"GDI1"
"631",7.94778635393921e-267,0.981520172751265,0.995,0.909,2.90896928340529e-262,13,"MT-ND4"
"632",4.96057278915961e-266,1.09696794540633,0.992,0.882,1.81561924656031e-261,13,"MT-CYB"
"633",5.08516127576833e-265,1.01943779167377,0.959,0.809,1.86121987854397e-260,13,"GNAS"
"634",4.83395526870181e-264,1.31836647754709,0.759,0.407,1.76927596789755e-259,13,"TSPYL2"
"635",5.18776644943738e-257,1.28980019991739,0.611,0.252,1.89877439815858e-252,13,"PNMA3"
"636",9.30168222603527e-256,1.38671342643135,0.677,0.308,3.40450871155117e-251,13,"GABRG3"
"637",1.86900373316658e-252,1.38526953927939,0.514,0.186,6.84074056376299e-248,13,"HS3ST4"
"638",1.76752742675407e-251,1.37443648396799,0.757,0.443,6.46932713466257e-247,13,"TMEM130"
"639",6.35184673851889e-250,1.17425693797002,0.975,0.817,2.3248394247653e-245,13,"MT-ND1"
"640",1.06938327245974e-248,1.5339061239195,0.557,0.22,3.91404971552989e-244,13,"POU2F2"
"641",4.12310905254125e-247,0.93784372563024,0.999,0.958,1.50909914432062e-242,13,"MT-CO3"
"642",1.78462353014672e-244,1.23107686742194,0.788,0.475,6.53190058269001e-240,13,"PRKAR1B"
"643",2.02256833665187e-242,1.07783578888189,0.851,0.533,7.40280236897949e-238,13,"JUND"
"644",4.48931592045534e-241,1.09173466270128,0.891,0.584,1.64313452004586e-236,13,"ANKRD30BL"
"645",1.41317363440501e-238,0.946178971843809,0.609,0.261,5.17235681928576e-234,13,"HSPA1B"
"646",1.97528168880108e-237,1.22836323505908,0.769,0.439,7.22972850918083e-233,13,"TSPYL4"
"647",3.07882312378232e-236,1.05285637633991,0.904,0.555,1.12688005153557e-231,13,"CACNA1B"
"648",4.96356732656375e-235,1.27759439688744,0.693,0.353,1.8167152771956e-230,13,"CADM3"
"649",7.03785387940242e-232,1.37905791750229,0.617,0.285,2.57592489840008e-227,13,"MBOAT7"
"650",3.94649677260505e-231,0.991955217029499,0.89,0.632,1.44445728374117e-226,13,"GPI"
"651",0,5.88971277240617,0.057,0.001,0,14,"FOXG1"
"652",6.54143916155592e-260,0.997379181300926,0.99,0.955,2.39423214752108e-255,14,"MT-CO2"
"653",5.0076082938627e-247,5.96517737871289,0.049,0.002,1.83283471163669e-242,14,"DLX6-AS1"
"654",4.79118471183701e-200,0.94511260379383,0.987,0.959,1.75362151637946e-195,14,"MT-CO3"
"655",2.15108593317128e-197,5.66952943719672,0.043,0.002,7.87318962400021e-193,14,"LINC01551"
"656",4.12173510707459e-195,1.07538915380594,0.986,0.843,1.50859626654037e-190,14,"MEG3"
"657",1.47835468461102e-177,-1.38488434874347,0.655,0.815,5.4109259811448e-173,14,"PLCG2"
"658",1.99148199920773e-145,0.750778717299556,0.97,0.925,7.2890232653002e-141,14,"MT-CO1"
"659",4.01436913351747e-143,-1.22268125157331,0.792,0.891,1.46929924655873e-138,14,"IL1RAPL1"
"660",4.12427226805764e-140,0.807392215546591,0.94,0.883,1.50952489283178e-135,14,"MT-CYB"
"661",1.11024172533101e-137,1.71859480634077,0.53,0.294,4.06359573888402e-133,14,"ENC1"
"662",1.15257359751498e-136,-2.17398854871607,0.348,0.602,4.21853462426459e-132,14,"VAV3"
"663",4.53900078440621e-135,6.20772153726245,0.053,0.005,1.66131967710052e-130,14,"SLC22A10"
"664",7.48696182081994e-135,-1.7634976840288,0.501,0.704,2.74030289603831e-130,14,"KCTD8"
"665",1.71164968963446e-132,1.1233823474288,0.757,0.523,6.26480902903108e-128,14,"DAB1"
"666",1.48123752183387e-126,-0.750820147828263,0.835,0.908,5.42147745366415e-122,14,"DNM3"
"667",3.38282415482345e-125,5.00358712486615,0.032,0.002,1.23814746890693e-120,14,"AL133166.1"
"668",1.2931551830694e-124,-2.50864054596178,0.199,0.479,4.73307728555231e-120,14,"GUCY1A1"
"669",2.41670201529874e-123,-1.91548165981635,0.253,0.537,8.84537104619491e-119,14,"SYT9"
"670",3.2294714501804e-123,3.03005046241803,0.156,0.039,1.18201884548053e-118,14,"CRYM"
"671",2.30547372751806e-120,1.02797192512524,0.79,0.615,8.43826439008886e-116,14,"STMN2"
"672",1.13357935023645e-115,-1.6771632327911,0.173,0.46,4.14901377980043e-111,14,"FOXP2"
"673",1.67905953142492e-114,0.879084973020249,0.935,0.893,6.14552579096836e-110,14,"MT-ATP6"
"674",4.42349210112303e-114,-1.34901117401304,0.545,0.703,1.61904234393204e-109,14,"OLFM3"
"675",8.28418107847469e-113,-1.6438838659098,0.35,0.612,3.03209311653252e-108,14,"ST6GALNAC3"
"676",3.77733396889086e-112,5.54454002995482,0.023,0.001,1.38254200595374e-107,14,"DLX1"
"677",9.03212689594905e-109,0.824488942865536,0.765,0.498,3.30584876518631e-104,14,"TTTY14"
"678",4.09673448858162e-108,0.875426526190873,0.776,0.603,1.49944579016576e-103,14,"BASP1"
"679",1.04874469756766e-105,-1.34153881497198,0.389,0.641,3.8385104675674e-101,14,"SPOCK1"
"680",6.61814113820855e-104,-0.978220978054784,0.704,0.782,2.42230583799571e-99,14,"CDK14"
"681",9.2166173065158e-104,0.929352544605424,0.802,0.686,3.37337410035785e-99,14,"TUBA1B"
"682",9.64193123981642e-104,0.654894616843976,0.945,0.911,3.52904325308521e-99,14,"MT-ND4"
"683",7.62079141776792e-101,-1.20062452654411,0.567,0.722,2.78928586681724e-96,14,"FAT3"
"684",8.11439715746946e-100,-0.64251185373133,0.832,0.89,2.9699505036054e-95,14,"AKAP6"
"685",2.78545065650162e-98,0.557508569776196,0.89,0.793,1.01950279478616e-93,14,"SNAP25"
"686",4.80848162236189e-98,1.53028830066242,0.259,0.1,1.75995235860068e-93,14,"CRABP1"
"687",4.67778190616552e-95,5.75888128751655,0.016,0,1.71211495547564e-90,14,"FEZF2"
"688",8.44314470417431e-93,1.38842994958745,0.41,0.219,3.09027539317484e-88,14,"CBLN2"
"689",1.49382940597897e-92,-3.67351498794295,0.157,0.385,5.46756500882363e-88,14,"AC109466.1"
"690",8.38318394667745e-92,2.15849039952648,0.166,0.052,3.06832915632341e-87,14,"PCDH8"
"691",2.03085004627439e-91,0.921214918190634,0.668,0.431,7.4331142543689e-87,14,"NLGN4Y"
"692",5.00692796858806e-91,-7.05619023808336,0.002,0.206,1.83258570578291e-86,14,"XIST"
"693",9.03510571984614e-91,-4.42978743398158,0.037,0.252,3.30693904452088e-86,14,"CDC14A"
"694",5.24196110921746e-89,1.53319067310102,0.352,0.181,1.91861018558468e-84,14,"VAMP1"
"695",1.58995173858915e-87,3.75176493201615,0.055,0.008,5.81938235841016e-83,14,"KCNJ4"
"696",3.50181674532114e-87,-3.0721442706642,0.331,0.56,1.28169994695499e-82,14,"QKI"
"697",3.53260613922883e-87,-1.94955877027884,0.179,0.426,1.29296917301914e-82,14,"PTPRZ1"
"698",2.39470611421795e-86,-1.13916487199922,0.472,0.651,8.76486384864911e-82,14,"CPNE4"
"699",3.6315116829364e-86,-1.71697529145911,0.721,0.801,1.32916959107155e-81,14,"KCNMA1"
"700",8.63591940390826e-85,-5.57420703511485,0.018,0.217,3.16083286102446e-80,14,"GNG8"
"701",0,2.6180055484896,0.865,0.245,0,15,"EGFR"
"702",0,2.62399322773959,0.818,0.229,0,15,"CDC14A"
"703",0,2.28007631942989,0.976,0.39,0,15,"CADPS2"
"704",0,2.65945326458019,0.877,0.303,0,15,"THSD7B"
"705",0,2.06081614454838,0.923,0.362,0,15,"AC109466.1"
"706",0,2.04166227600372,0.864,0.309,0,15,"AC008415.1"
"707",0,2.22122422652438,0.97,0.419,0,15,"NWD2"
"708",0,-4.26570168580012,0.165,0.672,0,15,"RBFOX1"
"709",0,2.09214579654301,0.933,0.458,0,15,"DACH1"
"710",0,2.35598340011035,0.706,0.244,0,15,"PDGFD"
"711",0,3.05118217091308,0.629,0.173,0,15,"GPR39"
"712",0,2.23984462820646,0.72,0.274,0,15,"MCC"
"713",0,2.58542863688437,0.615,0.175,0,15,"AL137139.2"
"714",0,1.694563626247,0.681,0.242,0,15,"AC132153.1"
"715",0,1.76002917118607,0.736,0.312,0,15,"POU6F2"
"716",0,1.90807779760653,0.839,0.422,0,15,"SLC35F4"
"717",0,2.21329126105334,0.729,0.314,0,15,"SORCS2"
"718",0,1.58068912144456,0.699,0.286,0,15,"CSGALNACT1"
"719",0,1.88904736344233,0.852,0.441,0,15,"TTC39C"
"720",0,2.30302837151785,0.869,0.465,0,15,"PRKD1"
"721",0,2.01447681765551,0.823,0.422,0,15,"PLD5"
"722",0,2.07092983348524,0.983,0.583,0,15,"VAV3"
"723",0,1.56611137151969,0.913,0.515,0,15,"ST6GALNAC5"
"724",0,2.06798991256654,0.594,0.203,0,15,"CABLES1"
"725",0,1.75899040511655,0.643,0.254,0,15,"SYT6"
"726",0,1.92415570339148,0.578,0.195,0,15,"CECR2"
"727",0,3.18125944312724,0.561,0.183,0,15,"PDE11A"
"728",0,1.8828251860883,0.724,0.351,0,15,"SYTL2"
"729",0,1.73703346807877,0.9,0.534,0,15,"EPHA5"
"730",0,1.65158414013989,0.94,0.574,0,15,"RGS6"
"731",0,2.7556834041115,0.516,0.151,0,15,"MME"
"732",0,1.57899013301691,0.79,0.43,0,15,"MAML3"
"733",0,2.249327137736,0.647,0.292,0,15,"SHROOM3"
"734",0,2.04265531124443,0.865,0.512,0,15,"MYO16"
"735",0,1.54005675350756,0.968,0.62,0,15,"PCSK2"
"736",0,1.70252027598753,0.822,0.48,0,15,"KCND3"
"737",0,1.53567311187728,0.945,0.603,0,15,"DGKB"
"738",0,3.07531093253292,0.428,0.09,0,15,"ACOXL"
"739",0,1.83632061795264,0.995,0.661,0,15,"MSI2"
"740",0,2.36215259594061,0.963,0.631,0,15,"SGCZ"
"741",0,1.77413444058264,0.882,0.553,0,15,"SRGAP1"
"742",0,2.47827927842441,0.834,0.513,0,15,"ASIC2"
"743",0,1.83002647497094,0.989,0.674,0,15,"MTUS2"
"744",0,2.32184379731128,0.407,0.099,0,15,"F13A1"
"745",0,2.78464654169737,0.381,0.076,0,15,"LINC01307"
"746",0,1.79185489205434,0.958,0.654,0,15,"CA10"
"747",0,1.19246738411601,0.953,0.651,0,15,"THSD7A"
"748",0,2.46062216475699,0.999,0.698,0,15,"TRPM3"
"749",0,1.52613754648918,0.935,0.635,0,15,"ZNF804A"
"750",0,-2.13914890912041,0.53,0.829,0,15,"CALM1"
"751",0,1.17371629964264,0.97,0.761,0,16,"CSMD1"
"752",0,3.3923304776205,0.221,0.03,0,16,"EBF2"
"753",0,1.50965201949589,0.974,0.826,0,16,"NOVA1"
"754",0,0.910040972764025,1,1,0,16,"MALAT1"
"755",2.94608738253242e-292,1.24548491695466,0.967,0.749,1.07829744288069e-287,16,"TENM2"
"756",2.81193073784264e-289,1.60686003640403,0.82,0.493,1.02919476935778e-284,16,"UNC5D"
"757",7.58617943278731e-270,-2.83159616627182,0.198,0.659,2.77661753419448e-265,16,"CPNE4"
"758",9.75040458993947e-262,-3.48000549850814,0.142,0.607,3.56874558396375e-257,16,"VAV3"
"759",1.01531353583891e-237,3.04405851969742,0.185,0.031,3.71614907252398e-233,16,"TFAP2B"
"760",8.9219700438278e-237,0.953228380573683,0.953,0.852,3.26553025574141e-232,16,"AHI1"
"761",2.12046953729681e-210,-2.68787330789029,0.306,0.681,7.76113055346004e-206,16,"MSI2"
"762",8.20770010706165e-201,-1.73046793590569,0.366,0.727,3.00410031618564e-196,16,"FAT3"
"763",9.93820586504488e-200,1.34735913521296,0.761,0.499,3.63748272866508e-195,16,"TTTY14"
"764",1.32044916939232e-196,2.21225789151315,0.538,0.281,4.83297600489283e-192,16,"COL6A1"
"765",5.19428360026334e-194,-3.81342339718541,0.028,0.429,1.90115974053238e-189,16,"AC119673.2"
"766",8.40570687105037e-189,0.902897295377586,0.911,0.804,3.07657277187315e-184,16,"LINC00632"
"767",1.93394137979135e-185,1.06744832343954,0.86,0.594,7.07841884417432e-181,16,"SNTG1"
"768",7.68692247385821e-184,-1.83501098266375,0.171,0.595,2.81349049465684e-179,16,"DDAH1"
"769",1.8182438774923e-183,-2.68758877280577,0.061,0.461,6.65495441600955e-179,16,"MIR2052HG"
"770",5.92979917728123e-183,1.59829333965361,0.595,0.311,2.1703657968767e-178,16,"GABRG3"
"771",7.02862029218537e-182,2.68527715574777,0.226,0.055,2.57254531314277e-177,16,"BNC2"
"772",2.06059234489126e-180,-2.65439271620978,0.09,0.492,7.54197404153649e-176,16,"MTRNR2L12"
"773",3.13653015655925e-178,-4.31319525845609,0.075,0.445,1.14800140260225e-173,16,"NWD2"
"774",1.86387632988525e-177,1.30084590488712,0.836,0.644,6.82197375501301e-173,16,"CNTN5"
"775",5.42927274714764e-177,-2.06760751969239,0.22,0.594,1.98716811818351e-172,16,"SNCA"
"776",6.60240971201431e-175,-1.02871847494246,0.748,0.886,2.41654797869436e-170,16,"MAP1B"
"777",2.15305199103227e-170,-1.87977998597162,0.33,0.693,7.88038559237721e-166,16,"TMTC2"
"778",3.24076755317635e-169,-1.38128002134049,0.518,0.819,1.18615333213807e-164,16,"PLCG2"
"779",3.62991256189276e-169,-1.34434808641017,0.412,0.747,1.32858429677837e-164,16,"RCAN2"
"780",1.24425366110049e-167,-1.83511220694732,0.399,0.727,4.55409282499391e-163,16,"CDH8"
"781",2.37324059681282e-167,-2.66789026755753,0.067,0.446,8.6862979083946e-163,16,"ZIC1"
"782",1.19172419273607e-165,0.920590943703061,0.848,0.563,4.36182971783331e-161,16,"GRM7"
"783",1.12348300524575e-164,0.638142340386834,0.984,0.843,4.11206014749996e-160,16,"MEG3"
"784",2.84917849356313e-163,-2.0542834893393,0.147,0.539,1.04282782042904e-158,16,"SYT9"
"785",9.56372871190251e-161,-3.36668435161799,0.049,0.406,3.50042034584344e-156,16,"OSBPL3"
"786",3.86578125580867e-159,-2.03001763244982,0.319,0.673,1.41491459743853e-154,16,"GABBR1"
"787",4.82503166046152e-159,-1.10833134105632,0.565,0.866,1.76600983804552e-154,16,"HSP90AA1"
"788",1.27043365757206e-158,-2.64910002758451,0.115,0.48,4.64991423007951e-154,16,"GUCY1A1"
"789",7.62888275960559e-157,3.5529962378798,0.105,0.015,2.79224737884324e-152,16,"SHOX"
"790",1.865520290388e-152,-1.44561162938062,0.214,0.598,6.82799081484912e-148,16,"NCALD"
"791",1.9169080763552e-152,-1.25220424310588,0.316,0.706,7.01607525026767e-148,16,"PSD3"
"792",2.24215714071938e-148,0.71617481458884,0.965,0.859,8.20651935074699e-144,16,"GRID2"
"793",7.24804367757551e-147,-1.8270593504133,0.199,0.559,2.65285646642941e-142,16,"PCP4"
"794",3.02706064500808e-145,-1.58938839077101,0.201,0.582,1.10793446667941e-140,16,"ZNF608"
"795",4.52796420683978e-144,-1.46981609627163,0.271,0.636,1.65728017934543e-139,16,"SCOC"
"796",2.0938880214424e-141,1.22285514072927,0.749,0.584,7.66383954728132e-137,16,"ZFHX3"
"797",6.46061860610402e-141,1.4212551973842,0.694,0.455,2.36465101602013e-136,16,"KLHL1"
"798",6.01541343846996e-140,-1.17554391793515,0.598,0.85,2.20170147261439e-135,16,"MT-ND2"
"799",3.00467294493665e-139,2.05473954174177,0.466,0.257,1.09974034457626e-134,16,"PNMA3"
"800",3.05717731647596e-139,1.58572854359807,0.561,0.346,1.11895746960337e-134,16,"DLGAP2"
"801",0,4.65608997429773,0.933,0.092,0,17,"CTXN3"
"802",0,4.10547937489494,0.915,0.083,0,17,"ITGA8"
"803",0,5.28012336548555,0.852,0.029,0,17,"LINC01239"
"804",0,4.21438069902208,0.88,0.064,0,17,"TPBG"
"805",0,3.11509925383591,0.898,0.117,0,17,"SULF1"
"806",0,4.3593791010308,0.966,0.193,0,17,"CBLN4"
"807",0,3.38335130413076,0.928,0.161,0,17,"GOLIM4"
"808",0,3.61877330959351,0.885,0.123,0,17,"PRSS23"
"809",0,2.69426190097843,0.92,0.173,0,17,"ADCY2"
"810",0,4.74339103717137,0.793,0.046,0,17,"BTNL9"
"811",0,2.88107996192419,0.951,0.205,0,17,"TMEM132C"
"812",0,3.52039237819684,0.934,0.194,0,17,"NEFH"
"813",0,2.95654330255147,0.858,0.12,0,17,"LMO1"
"814",0,4.6547830372531,0.773,0.041,0,17,"GPR83"
"815",0,2.36302806345305,0.944,0.212,0,17,"LGALS1"
"816",0,3.04019797514972,0.888,0.157,0,17,"CBLN1"
"817",0,3.4471136858021,0.871,0.146,0,17,"AL355612.1"
"818",0,3.08778788387613,0.906,0.191,0,17,"MAL2"
"819",0,3.25848794612616,0.79,0.077,0,17,"S100A10"
"820",0,2.06237889926246,0.856,0.166,0,17,"RGS16"
"821",0,3.42755428694211,0.797,0.108,0,17,"RSPO3"
"822",0,3.595745796723,0.804,0.115,0,17,"PVALB"
"823",0,3.61810121259841,0.755,0.071,0,17,"HMCN1"
"824",0,1.84902236936973,0.887,0.206,0,17,"CBLN2"
"825",0,2.33051297137873,0.879,0.199,0,17,"ZNF423"
"826",0,1.8803563547457,0.984,0.311,0,17,"NXPH1"
"827",0,2.3357889511372,0.895,0.232,0,17,"HLF"
"828",0,2.19913138521098,0.967,0.306,0,17,"EPHA4"
"829",0,2.28223682117733,0.916,0.255,0,17,"CDH9"
"830",0,6.13764219090462,0.672,0.011,0,17,"DMRTA1"
"831",0,1.84119133433901,0.862,0.204,0,17,"SPON1"
"832",0,2.91847113675095,0.95,0.299,0,17,"EMB"
"833",0,1.55649285981224,0.834,0.186,0,17,"ENPP2"
"834",0,2.45186233426818,0.948,0.3,0,17,"OLFM2"
"835",0,2.85729797979753,0.951,0.306,0,17,"RIMS3"
"836",0,1.95507449476207,0.831,0.186,0,17,"LYPD6"
"837",0,3.24174411526312,0.729,0.086,0,17,"AL391117.1"
"838",0,3.5365686959719,0.699,0.056,0,17,"ITIH5"
"839",0,2.27859337258106,0.73,0.089,0,17,"SLC7A11"
"840",0,2.7868178875068,0.767,0.126,0,17,"AR"
"841",0,2.32541989150467,0.858,0.219,0,17,"LYNX1"
"842",0,2.2607001591615,0.929,0.291,0,17,"CPLX2"
"843",0,2.3529191154747,0.96,0.322,0,17,"ETV1"
"844",0,4.17129290378204,0.678,0.045,0,17,"LINC01151"
"845",0,2.42512209291963,0.736,0.104,0,17,"AC007368.1"
"846",0,2.24600365880569,0.959,0.329,0,17,"LRRN1"
"847",0,2.94561828068168,0.736,0.107,0,17,"GADD45A"
"848",0,1.37161644636297,0.888,0.259,0,17,"PDZD2"
"849",0,3.9583948559599,0.664,0.035,0,17,"GAL"
"850",0,3.01019035957878,0.718,0.09,0,17,"CRHR1"
"851",0,4.55818709718758,0.854,0.232,0,18,"IFI6"
"852",0,3.62496052816631,0.621,0.178,0,18,"ISG15"
"853",0,7.318005492666,0.48,0.062,0,18,"TTR"
"854",0,2.80957809623214,0.508,0.163,0,18,"IFIT1"
"855",0,2.99057212955376,0.313,0.064,0,18,"IRF9"
"856",0,4.5403279318642,0.205,0.026,0,18,"IFITM3"
"857",5.24919927349515e-275,3.29719306655805,0.122,0.012,1.92125942609196e-270,18,"IFI44L"
"858",2.86710301742669e-274,2.36786883854107,0.671,0.312,1.04938837540834e-269,18,"B2M"
"859",3.97088468181164e-269,4.51182703766736,0.213,0.036,1.45338350238988e-264,18,"IFI27"
"860",8.84460184640158e-251,1.2130560742152,0.869,0.846,3.23721272180144e-246,18,"MEG3"
"861",1.46913062654082e-249,-1.77224746142914,0.407,0.789,5.37716500620205e-245,18,"GALNT13"
"862",1.6582753783542e-229,4.90586205217366,0.049,0.002,6.0694537123142e-225,18,"NEK2"
"863",5.11652152275762e-229,2.33592473580428,0.544,0.256,1.87269804254452e-224,18,"STAT1"
"864",1.99737231644573e-221,2.91697640521654,0.23,0.049,7.31058241542301e-217,18,"IFIT3"
"865",1.08767651820424e-207,2.65640253056576,0.379,0.127,3.98100482427934e-203,18,"PVALB"
"866",1.56131728939817e-207,-2.29166344611138,0.395,0.722,5.71457741092625e-203,18,"CACNA1E"
"867",3.27089179614787e-205,-3.38575622725506,0.386,0.715,1.19717910630808e-200,18,"TRPM3"
"868",1.93752661764246e-195,-2.35466638473702,0.217,0.601,7.09154117323317e-191,18,"PRKCA"
"869",3.24500861499423e-195,-1.00175655198508,0.757,0.91,1.18770560317404e-190,18,"DNM3"
"870",3.11182699210888e-189,2.01051867908343,0.688,0.442,1.13895979738177e-184,18,"TMSB10"
"871",9.47215376617872e-187,4.8125628670926,0.08,0.007,3.46690299995907e-182,18,"FOLR1"
"872",3.81734454578246e-186,-3.7894220243053,0.041,0.428,1.39718627720184e-181,18,"AC119673.2"
"873",2.75173349612547e-181,2.60451840633879,0.276,0.078,1.00716197691688e-176,18,"HLA-B"
"874",7.18633480062089e-174,-1.48895409856305,0.463,0.739,2.63027040037525e-169,18,"CEP112"
"875",2.02094307935419e-166,-4.45584272763274,0.095,0.445,7.39685376474427e-162,18,"NWD2"
"876",5.17550481953745e-165,4.05970127415488,0.1,0.013,1.8942865189989e-160,18,"SOD3"
"877",7.84644210571389e-164,-0.877701342745578,0.82,0.924,2.87187627511234e-159,18,"ANK3"
"878",7.56101748061658e-163,1.90750802033877,0.741,0.51,2.76740800808048e-158,18,"CLU"
"879",1.31581345586763e-162,-2.19521385696365,0.18,0.545,4.81600882982111e-158,18,"BACH2"
"880",8.9540011980864e-162,-1.96012847385492,0.477,0.725,3.2772539785116e-157,18,"CDH8"
"881",7.27749767558191e-161,-2.09469068413747,0.306,0.652,2.66363692423973e-156,18,"PLCL1"
"882",4.50382053850672e-160,-1.39775877085695,0.778,0.862,1.64844335529884e-155,18,"CCSER1"
"883",6.43095048917634e-160,2.37450241926705,0.308,0.104,2.35379218854343e-155,18,"ZDHHC11"
"884",2.12355055617708e-155,-2.18486402097291,0.262,0.594,7.77240739066374e-151,18,"RGS6"
"885",8.30838788500276e-155,-3.06998488351547,0.076,0.423,3.04095304978986e-150,18,"KCNH8"
"886",1.98577200041657e-154,-1.9612253222097,0.234,0.581,7.26812409872467e-150,18,"ZNF608"
"887",2.24918881167207e-152,-1.71330688135423,0.361,0.692,8.23225596960093e-148,18,"TMTC2"
"888",2.7837930022014e-146,2.09184542521886,0.39,0.164,1.01889607673573e-141,18,"PTPN3"
"889",3.10537901027215e-144,2.95559651739991,0.188,0.047,1.13659977154971e-139,18,"TARID"
"890",1.62406329365218e-138,-1.26378682011125,0.403,0.701,5.94423406109633e-134,18,"PGAP1"
"891",1.82544415061594e-138,0.702839488499166,0.987,0.956,6.68130813566938e-134,18,"MT-CO2"
"892",3.44755346857716e-136,-2.53204687467232,0.347,0.601,1.26183904503393e-131,18,"VAV3"
"893",8.01297804271097e-136,-1.03523252506239,0.853,0.917,2.93283009341264e-131,18,"NLGN1"
"894",3.04452750691879e-135,-2.01498451608857,0.417,0.678,1.11432751280735e-130,18,"MSI2"
"895",1.06658633739054e-134,-3.80912195292287,0.112,0.415,3.90381265348312e-130,18,"CADPS2"
"896",3.79000093247175e-133,3.16808648393859,0.193,0.052,1.38717824129399e-128,18,"GABRD"
"897",7.71337312994041e-133,-0.838774974769851,0.77,0.887,2.82317169928949e-128,18,"PPFIA2"
"898",5.32671693808476e-132,-2.1469876291873,0.253,0.574,1.9496316665084e-127,18,"LCORL"
"899",6.90819861148444e-132,1.57518405715834,0.554,0.338,2.52846977378942e-127,18,"LPCAT4"
"900",4.75852298098482e-131,3.55798295647951,0.093,0.014,1.74166699627025e-126,18,"FOXJ1"
"901",0,2.51142471617534,0.754,0.202,0,19,"ARL17B"
"902",0,-4.31325040003562,0.237,0.768,0,19,"FTH1"
"903",0,1.60866001624652,0.704,0.187,0,19,"XIST"
"904",0,-4.18429295767242,0.203,0.685,0,19,"BEX3"
"905",0,-4.02978659114668,0.193,0.654,0,19,"DYNLL1"
"906",0,-3.75723391853073,0.255,0.695,0,19,"FTL"
"907",0,-3.7900577048495,0.235,0.67,0,19,"PPIA"
"908",0,2.05234360912898,0.753,0.318,0,19,"NXPH1"
"909",0,-3.05243155079982,0.373,0.779,0,19,"EEF1A1"
"910",0,1.68982957112527,0.858,0.47,0,19,"MTRNR2L12"
"911",0,-3.21011789350131,0.334,0.717,0,19,"EIF4A2"
"912",0,1.79214010334666,0.775,0.406,0,19,"PRKAG2"
"913",0,3.74154553137709,0.394,0.029,0,19,"AL355075.4"
"914",0,3.19142995866442,0.4,0.037,0,19,"MTRNR2L1"
"915",0,1.68491844023608,0.848,0.487,0,19,"HECW1"
"916",0,-3.26627723426246,0.391,0.737,0,19,"VAMP2"
"917",0,2.22041229618129,0.472,0.129,0,19,"SULF1"
"918",0,1.79937549856897,0.451,0.11,0,19,"AL627171.2"
"919",0,3.39636777611134,0.417,0.077,0,19,"AC019211.1"
"920",0,-3.11910165473819,0.451,0.762,0,19,"PEBP1"
"921",0,3.48444427877408,0.369,0.061,0,19,"AC067956.1"
"922",0,-2.90413484028792,0.638,0.846,0,19,"CALM2"
"923",0,1.01240607443741,0.978,0.803,0,19,"FGF12"
"924",0,-2.33127933582448,0.68,0.835,0,19,"ATP1B1"
"925",0,2.09652388177408,0.997,0.857,0,19,"MT-ND3"
"926",0,-2.4771056812292,0.707,0.823,0,19,"CALM1"
"927",0,1.05344046747427,0.981,0.869,0,19,"CTNND2"
"928",0,1.35531694961213,0.989,0.881,0,19,"CTNNA2"
"929",0,1.05313941522698,0.995,0.891,0,19,"FAM155A"
"930",0,0.96018477017041,0.997,0.905,0,19,"NRG3"
"931",0,-1.57067771766578,0.816,0.904,0,19,"RTN4"
"932",0,0.867111557264574,0.995,0.932,0,19,"NRXN1"
"933",0,0.867711254043042,0.985,0.932,0,19,"ANK2"
"934",3.2538822835568e-305,-3.68038980211017,0.319,0.699,1.19095345460462e-300,19,"TUBA1A"
"935",5.69355213087594e-305,-3.72351837330925,0.343,0.699,2.0838970154219e-300,19,"TUBA1B"
"936",4.13018211216786e-303,1.70565604742746,0.864,0.497,1.51168795487456e-298,19,"KCNB2"
"937",8.57213195973138e-303,-2.78816748720425,0.454,0.764,3.13748601858128e-298,19,"ACTB"
"938",2.2530697048068e-302,-4.21049593026344,0.23,0.667,8.24646042656336e-298,19,"PCSK1N"
"939",3.97738767079118e-302,-3.5445461553902,0.197,0.656,1.45576366138628e-297,19,"RPLP1"
"940",2.15404102765787e-301,1.06387775838963,0.96,0.764,7.88400556533056e-297,19,"ATP8A2"
"941",4.17159170828789e-301,2.66102797768602,0.346,0.079,1.52684428115045e-296,19,"GRID2IP"
"942",2.04014863737683e-296,-3.42925682571501,0.228,0.664,7.46714802766294e-292,19,"EIF1"
"943",2.608129107381e-294,3.0840988098995,0.217,0.033,9.54601334592521e-290,19,"AC093843.1"
"944",9.26492553908444e-294,2.42501297341921,0.53,0.188,3.3910553965603e-289,19,"ADAMTSL1"
"945",3.80825427539652e-292,-3.4370472903446,0.222,0.66,1.39385914733788e-287,19,"RPS28"
"946",7.10721962255317e-292,-4.37107998311699,0.168,0.619,2.60131345405069e-287,19,"BEX1"
"947",6.69212606151775e-290,-2.33095024819218,0.615,0.792,2.44938505977611e-285,19,"HSP90AB1"
"948",1.59201395779656e-289,1.49619005048057,0.857,0.506,5.82693028693119e-285,19,"KIF9-AS1"
"949",1.96652330228048e-289,-3.88488036423838,0.175,0.624,7.19767193867677e-285,19,"RPL15"
"950",4.43890132613942e-289,1.18015779263573,0.979,0.884,1.62468227438029e-284,19,"PDE4D"
"951",0,3.37128446357508,0.953,0.15,0,20,"PTPN3"
"952",0,4.00404382368176,0.9,0.167,0,20,"RGS16"
"953",0,2.54328152469296,0.905,0.176,0,20,"PTK2B"
"954",0,1.77235765347762,0.892,0.178,0,20,"CLMN"
"955",0,2.96756804722896,0.89,0.179,0,20,"ADAMTSL1"
"956",0,2.16181449308166,0.945,0.264,0,20,"PPFIBP1"
"957",0,2.81018313471673,0.872,0.203,0,20,"LINC01902"
"958",0,2.46599135789165,0.86,0.196,0,20,"CDH6"
"959",0,2.33698874868704,0.924,0.271,0,20,"STXBP6"
"960",0,4.21684183326286,0.684,0.043,0,20,"CA12"
"961",0,2.35701337498549,0.789,0.155,0,20,"CPNE7"
"962",0,2.11602929910469,0.752,0.122,0,20,"CCBE1"
"963",0,1.49288214479472,0.942,0.314,0,20,"NXPH1"
"964",0,2.10157046667159,0.789,0.162,0,20,"RHOBTB1"
"965",0,2.07269096284522,0.932,0.308,0,20,"NECAB1"
"966",0,1.79127120398856,0.857,0.234,0,20,"TOX3"
"967",0,1.75007281637191,0.846,0.224,0,20,"PROX1"
"968",0,2.90243800634396,0.726,0.109,0,20,"CALB1"
"969",0,1.66853900476584,0.913,0.299,0,20,"RPH3A"
"970",0,1.71690842955513,0.85,0.237,0,20,"CACNA1G"
"971",0,1.50495230347762,0.943,0.331,0,20,"AL033504.1"
"972",0,1.81202203924739,0.83,0.224,0,20,"CAMK2A"
"973",0,2.35023863884022,0.778,0.175,0,20,"CNKSR3"
"974",0,1.85384673966983,0.949,0.348,0,20,"GALNT17"
"975",0,1.82971886200906,0.864,0.267,0,20,"ILDR2"
"976",0,1.3573860415349,0.83,0.233,0,20,"KITLG"
"977",0,1.70354342399534,0.882,0.289,0,20,"MARCH3"
"978",0,1.31116830042514,0.941,0.348,0,20,"SAMD5"
"979",0,1.59457601415565,0.787,0.195,0,20,"THSD4"
"980",0,1.28578577697446,0.946,0.355,0,20,"TOX"
"981",0,2.29170435292266,0.783,0.195,0,20,"RGS8"
"982",0,-5.65203197086598,0.135,0.721,0,20,"TRPM3"
"983",0,2.07724424863347,0.754,0.169,0,20,"ITGA9"
"984",0,1.87841809740361,0.815,0.233,0,20,"NR2F1"
"985",0,3.00692683181437,0.65,0.072,0,20,"AC019211.1"
"986",0,1.91784666660205,0.734,0.159,0,20,"NPL"
"987",0,2.05281636381965,0.736,0.161,0,20,"SHOX2"
"988",0,1.6398990738612,0.853,0.278,0,20,"NMT2"
"989",0,1.45147373907094,0.898,0.325,0,20,"ETV1"
"990",0,1.56405812253664,0.956,0.386,0,20,"PDE10A"
"991",0,1.03325415655478,0.922,0.353,0,20,"SASH1"
"992",0,1.80830119715157,0.738,0.179,0,20,"NSMF"
"993",0,1.65104891580257,0.77,0.212,0,20,"HRH3"
"994",0,0.724647490071301,0.885,0.329,0,20,"CPNE9"
"995",0,2.1313905078335,0.703,0.151,0,20,"NT5DC3"
"996",0,0.896112914267324,0.897,0.346,0,20,"WLS"
"997",0,1.41531202769444,0.742,0.193,0,20,"PLEKHG1"
"998",0,-5.39415638641749,0.107,0.654,0,20,"SGCZ"
"999",0,0.951960076097976,0.978,0.436,0,20,"RNF220"
"1000",0,1.5971880103864,0.646,0.105,0,20,"FBXO32"
"1001",0,2.66204122406244,0.886,0.194,0,21,"GNG8"
"1002",0,2.30925110393151,0.765,0.197,0,21,"GPR151"
"1003",0,2.37353050876946,0.881,0.326,0,21,"AMIGO2"
"1004",0,1.59784231920599,0.858,0.312,0,21,"AC008415.1"
"1005",0,1.64329716679232,0.898,0.366,0,21,"AC109466.1"
"1006",0,1.48170681112018,0.909,0.394,0,21,"CADPS2"
"1007",0,2.970695315763,0.709,0.198,0,21,"CHRNA3"
"1008",0,2.3683608150506,0.723,0.233,0,21,"CACNB3"
"1009",0,1.40904451322732,0.898,0.424,0,21,"NWD2"
"1010",0,2.13618164778715,0.683,0.225,0,21,"IRX2"
"1011",0,2.27823670602888,0.712,0.255,0,21,"GSDME"
"1012",0,2.20218262343847,0.92,0.469,0,21,"ITM2C"
"1013",0,2.64389180288913,0.575,0.128,0,21,"SLC5A7"
"1014",0,2.02203776302019,0.634,0.189,0,21,"CHRNB3"
"1015",0,1.94374973790574,0.729,0.287,0,21,"PDE2A"
"1016",0,1.83262629808937,0.86,0.425,0,21,"ZIC1"
"1017",0,1.74749936234567,0.718,0.294,0,21,"HIST1H4C"
"1018",0,2.68350599553336,0.525,0.102,0,21,"PPP1R1B"
"1019",0,2.15780575616962,0.605,0.183,0,21,"POU4F1"
"1020",0,2.02580756377392,0.722,0.301,0,21,"RASGRP1"
"1021",0,1.93705077121483,0.625,0.206,0,21,"TP53I11"
"1022",0,1.85338108056717,0.686,0.268,0,21,"ZCCHC12"
"1023",0,1.8276052982352,0.67,0.255,0,21,"SYT6"
"1024",0,2.21681238663156,0.616,0.203,0,21,"MAOA"
"1025",0,3.02761277098665,0.494,0.085,0,21,"NEUROD1"
"1026",0,1.92389933456487,0.697,0.295,0,21,"ZIC2"
"1027",0,2.23705890365307,0.93,0.54,0,21,"TSPAN13"
"1028",0,3.21217451783992,0.45,0.061,0,21,"CYP1B1"
"1029",0,1.25884412787882,0.897,0.513,0,21,"ASIC2"
"1030",0,1.55868247136792,0.917,0.549,0,21,"H3F3B"
"1031",0,1.48943705397669,0.937,0.575,0,21,"SNCA"
"1032",0,2.69359054508497,0.445,0.094,0,21,"CRABP2"
"1033",0,2.57417791557299,0.462,0.118,0,21,"PPP1R17"
"1034",0,2.4214631347345,0.438,0.095,0,21,"LINC02143"
"1035",0,1.6524902530116,0.904,0.564,0,21,"NEFL"
"1036",0,2.89912986269683,0.406,0.073,0,21,"ENO3"
"1037",0,1.56810041084165,0.901,0.587,0,21,"MARCKS"
"1038",0,1.33707087134375,0.927,0.623,0,21,"PCSK2"
"1039",0,1.72644341416056,0.895,0.592,0,21,"THY1"
"1040",0,3.08322542127899,0.351,0.049,0,21,"SLC17A7"
"1041",0,2.55447926599469,0.358,0.067,0,21,"EZR"
"1042",0,1.25686456157267,0.94,0.649,0,21,"PCSK1N"
"1043",0,2.02993968656893,0.937,0.657,0,21,"GABBR1"
"1044",0,1.3284570952252,0.968,0.7,0,21,"TRPM3"
"1045",8.41906883993658e-308,1.33007007132493,0.921,0.694,3.08146338610519e-303,21,"SEC62"
"1046",2.30350608073425e-307,1.61892301233137,0.646,0.235,8.43106260609544e-303,21,"HLA-A"
"1047",8.94333720420957e-307,1.48774046768139,0.945,0.795,3.27335085011274e-302,21,"KCNMA1"
"1048",3.28098722104613e-304,1.6552339836776,0.792,0.386,1.20087413277509e-299,21,"NRP2"
"1049",5.43680341067529e-304,-1.61526838622163,0.845,0.941,1.98992441634126e-299,21,"MAGI2"
"1050",9.01254556703394e-303,1.65747090663393,0.812,0.424,3.29868180299009e-298,21,"NRN1"
"1051",0,2.65211893967966,0.863,0.317,0,22,"NXPH1"
"1052",0,1.92493217902776,0.834,0.34,0,22,"CHRM3"
"1053",0,2.08599787097047,0.681,0.19,0,22,"C8orf34"
"1054",0,1.72259280812837,0.786,0.313,0,22,"NECAB1"
"1055",0,2.83093830314154,0.57,0.111,0,22,"AC007368.1"
"1056",0,1.81649853181308,0.859,0.406,0,22,"CACNA2D3"
"1057",0,2.14537438422984,0.656,0.211,0,22,"SPON1"
"1058",0,1.50152253294208,0.936,0.495,0,22,"NTNG1"
"1059",0,1.83525578410782,0.763,0.327,0,22,"LINC01322"
"1060",0,2.64755518932285,0.815,0.379,0,22,"GPC5"
"1061",0,1.98369594344595,0.637,0.208,0,22,"GABRA4"
"1062",0,1.51560105265306,0.885,0.457,0,22,"MIR137HG"
"1063",0,1.42192929590405,0.927,0.502,0,22,"SCN9A"
"1064",0,2.5675383913696,0.548,0.128,0,22,"SULF1"
"1065",0,2.00501984057118,0.577,0.16,0,22,"SYT17"
"1066",0,1.86277307337706,0.539,0.146,0,22,"GABRG1"
"1067",0,1.81398995670339,0.832,0.443,0,22,"FOXP2"
"1068",0,2.40003570000129,0.507,0.132,0,22,"MLIP"
"1069",0,3.69196239859035,0.434,0.059,0,22,"SLITRK6"
"1070",0,2.22785898059224,0.444,0.088,0,22,"ANOS1"
"1071",0,2.14909358818875,0.463,0.116,0,22,"CALB1"
"1072",0,5.23153326007361,0.322,0.018,0,22,"AC069410.1"
"1073",0,2.60475774339357,0.34,0.065,0,22,"GRB14"
"1074",0,3.58953447667557,0.288,0.029,0,22,"CPA6"
"1075",0,3.3944848210047,0.284,0.031,0,22,"AL161629.1"
"1076",0,1.21272077599845,0.979,0.735,0,22,"LRFN5"
"1077",0,2.98289653022332,0.275,0.039,0,22,"FAM9B"
"1078",0,-2.80085175493182,0.67,0.865,0,22,"MT-ND3"
"1079",0,1.27010197276422,0.996,0.828,0,22,"GRIK2"
"1080",0,4.19423934752687,0.159,0.009,0,22,"LINC02046"
"1081",0,-2.89055560350878,0.768,0.897,0,22,"MT-ATP6"
"1082",0,4.99109238572242,0.123,0.006,0,22,"LINC02045"
"1083",0,5.00753104410471,0.109,0.004,0,22,"AGTR1"
"1084",0,-2.36043465505935,0.819,0.914,0,22,"MT-ND4"
"1085",0,4.8784036772203,0.088,0.003,0,22,"NPY2R"
"1086",3.49541059739029e-303,1.85579948032515,0.665,0.24,1.27935523275082e-298,22,"TOX3"
"1087",5.7939740042172e-302,2.6055272299289,0.328,0.065,2.12065242528354e-297,22,"SEL1L3"
"1088",9.98887585936809e-300,1.37045603941447,0.917,0.498,3.65602845328731e-295,22,"KCNB2"
"1089",1.28605679534997e-295,1.24270044028622,0.958,0.631,4.70709647666041e-291,22,"MARCH1"
"1090",1.0258674408851e-292,1.41999782844194,0.616,0.194,3.75477742038354e-288,22,"COL21A1"
"1091",3.10192841869609e-291,1.26153378896166,0.934,0.557,1.13533682052696e-286,22,"GABRB1"
"1092",9.9736821315877e-290,0.889888989745771,0.998,0.86,3.65046739698241e-285,22,"RIMS2"
"1093",1.62937009118461e-289,2.02652134819468,0.584,0.201,5.96365747074478e-285,22,"LINC02082"
"1094",7.06848814080498e-288,2.04601516827769,0.558,0.178,2.58713734441603e-283,22,"NDST4"
"1095",2.46524887550848e-285,1.63597038059486,0.782,0.363,9.02305740924861e-281,22,"TMEM132B"
"1096",5.39629006491739e-281,1.35381330146099,0.985,0.813,1.97509612666041e-276,22,"PTPRD"
"1097",1.71352661463374e-279,2.32425751659262,0.361,0.08,6.27167876222096e-275,22,"ADAMTS12"
"1098",3.18872041934529e-275,1.67538497216237,0.672,0.265,1.16710356068457e-270,22,"FAR2"
"1099",1.0983147659831e-274,3.14236998191018,0.222,0.033,4.01994187497476e-270,22,"GBX2"
"1100",1.20121577650186e-271,1.63821510506204,0.62,0.224,4.39656986357445e-267,22,"MEF2C-AS1"
"1101",0,3.65188979436112,0.961,0.142,0,23,"OTX2-AS1"
"1102",0,3.23214336062369,0.935,0.134,0,23,"RORB"
"1103",0,3.33976474470659,0.961,0.162,0,23,"MEIS2"
"1104",0,2.45797999366005,0.908,0.124,0,23,"KIT"
"1105",0,2.79715669084514,0.916,0.138,0,23,"GAD2"
"1106",0,2.36787734687973,0.909,0.146,0,23,"GAD1"
"1107",0,3.19271250275249,0.953,0.237,0,23,"NR2F2-AS1"
"1108",0,3.15720269213543,0.941,0.227,0,23,"PDZRN3"
"1109",0,4.10954426988614,0.793,0.08,0,23,"MYO3B"
"1110",0,3.82912556934132,0.763,0.055,0,23,"LINC02253"
"1111",0,2.38929742603075,0.97,0.265,0,23,"SYNPR"
"1112",0,2.72598863960663,0.866,0.165,0,23,"GREM2"
"1113",0,2.64317886650464,0.843,0.169,0,23,"SEMA3C"
"1114",0,1.63437086766323,0.965,0.292,0,23,"ADARB2"
"1115",0,1.85530766890836,0.907,0.238,0,23,"RELN"
"1116",0,2.64015190534696,0.896,0.229,0,23,"NPAS2"
"1117",0,3.17961078542169,0.95,0.285,0,23,"PCBP3"
"1118",0,3.1342358687787,0.978,0.316,0,23,"ZFPM2"
"1119",0,2.53156859061792,0.783,0.122,0,23,"SMAD9"
"1120",0,3.08823768687397,0.712,0.051,0,23,"LINC01210"
"1121",0,2.47682171646243,0.902,0.253,0,23,"KCNIP4-IT1"
"1122",0,2.91337996106996,0.826,0.177,0,23,"TRPC5"
"1123",0,1.90776044910968,0.885,0.243,0,23,"SLC6A1"
"1124",0,2.04307578688413,0.743,0.102,0,23,"SLC6A11"
"1125",0,2.52498810342454,0.868,0.228,0,23,"FRMD3"
"1126",0,2.6762257566385,0.83,0.19,0,23,"COL21A1"
"1127",0,2.85435271238516,0.703,0.064,0,23,"IGF1"
"1128",0,2.3954977309229,0.793,0.158,0,23,"FBN2"
"1129",0,2.8391185969183,0.96,0.327,0,23,"NELL1"
"1130",0,2.31678904188519,0.822,0.19,0,23,"LYPD6"
"1131",0,2.35760063296587,0.862,0.233,0,23,"SH3RF3"
"1132",0,2.51933689025935,0.863,0.235,0,23,"ADAMTS19"
"1133",0,2.05387717100483,0.819,0.193,0,23,"FOXO1"
"1134",0,1.90770351413059,0.809,0.187,0,23,"XIST"
"1135",0,2.02019855213561,0.847,0.236,0,23,"LYPD6B"
"1136",0,3.05478771606003,0.966,0.36,0,23,"UNC13C"
"1137",0,1.61062819440665,0.938,0.332,0,23,"DSCAML1"
"1138",0,2.03381644577691,0.817,0.213,0,23,"ALK"
"1139",0,2.57066444380205,0.966,0.362,0,23,"SPHKAP"
"1140",0,2.62693170964261,0.693,0.089,0,23,"TSPAN18"
"1141",0,1.81046801216639,0.812,0.209,0,23,"SPON1"
"1142",0,2.57241357644428,0.965,0.362,0,23,"CHRM2"
"1143",0,1.86335042701654,0.794,0.192,0,23,"NR2F2"
"1144",0,2.14048271356416,0.913,0.312,0,23,"GALNT18"
"1145",0,1.8647319071223,0.95,0.35,0,23,"SAMD5"
"1146",0,2.67964106289,0.752,0.154,0,23,"PPARG"
"1147",0,2.28213496651917,0.955,0.357,0,23,"TOX"
"1148",0,2.20083440430063,0.757,0.161,0,23,"HS3ST2"
"1149",0,1.86705077114877,0.762,0.167,0,23,"DISC1"
"1150",0,2.0345182705607,0.786,0.192,0,23,"EPB41L4A"
"1151",0,-2.8183559130629,0.199,0.935,0,24,"ANK3"
"1152",0,-2.81658527374595,0.172,0.903,0,24,"MDGA2"
"1153",0,5.40619293951117,0.861,0.137,0,24,"LINC01088"
"1154",0,-3.57206696389469,0.138,0.861,0,24,"MEG3"
"1155",0,-3.2360041178395,0.169,0.877,0,24,"RIMS2"
"1156",0,-2.38398287210027,0.209,0.901,0,24,"IL1RAPL1"
"1157",0,-2.79584389801446,0.184,0.873,0,24,"CCSER1"
"1158",0,-2.76125884778844,0.12,0.796,0,24,"SCN2A"
"1159",0,-2.43565510545739,0.203,0.876,0,24,"GRIA4"
"1160",0,-3.23732092173181,0.205,0.878,0,24,"SYT1"
"1161",0,-3.10100832339273,0.138,0.81,0,24,"MEG8"
"1162",0,-2.77604779743161,0.266,0.934,0,24,"CNTNAP2"
"1163",0,-2.60935337391125,0.142,0.809,0,24,"PTPRN2"
"1164",0,-2.20950431394297,0.255,0.918,0,24,"DNM3"
"1165",0,-3.15687087083581,0.12,0.782,0,24,"ATP8A2"
"1166",0,-3.0135119755166,0.107,0.767,0,24,"PAK3"
"1167",0,-2.74121331967749,0.153,0.813,0,24,"OPCML"
"1168",0,6.73768831676429,0.737,0.08,0,24,"HPSE2"
"1169",0,-2.81570793444326,0.163,0.82,0,24,"FGF12"
"1170",0,-2.54321641712797,0.196,0.843,0,24,"ATP1B1"
"1171",0,6.75611022410153,0.68,0.033,0,24,"AC012405.1"
"1172",0,4.01911781163974,0.741,0.1,0,24,"SLC1A3"
"1173",0,5.72022981451396,0.678,0.054,0,24,"AQP4"
"1174",0,6.06245801251578,0.688,0.074,0,24,"MIR4300HG"
"1175",0,5.35711386375093,0.648,0.036,0,24,"ATP1A2"
"1176",0,-2.45764486330535,0.28,0.886,0,24,"FGF14"
"1177",0,5.08975923333672,0.657,0.081,0,24,"GFAP"
"1178",0,-2.10674302266777,0.357,0.926,0,24,"NLGN1"
"1179",0,3.67450733223602,0.872,0.32,0,24,"NFIA"
"1180",0,5.57180854856656,0.622,0.073,0,24,"RFX4"
"1181",0,3.72033797700242,0.752,0.211,0,24,"CDH20"
"1182",0,5.33972302393577,0.586,0.045,0,24,"GJA1"
"1183",0,4.08398619819745,0.82,0.292,0,24,"OBI1-AS1"
"1184",0,4.59591676288697,0.586,0.058,0,24,"GRAMD2B"
"1185",0,3.49537562330901,0.679,0.158,0,24,"FBXL7"
"1186",0,-2.75763378528699,0.387,0.903,0,24,"ROBO1"
"1187",0,6.05108034859405,0.568,0.053,0,24,"LINC00299"
"1188",0,4.3053910625219,0.726,0.216,0,24,"GLIS3"
"1189",0,4.23992240190474,0.561,0.056,0,24,"ZFP36L1"
"1190",0,4.53098229266867,0.573,0.071,0,24,"WDR49"
"1191",0,4.44724425958886,0.578,0.076,0,24,"BMPR1B"
"1192",0,4.87942939725883,0.545,0.056,0,24,"ITPKB"
"1193",0,3.77486545389537,0.671,0.184,0,24,"ADCY2"
"1194",0,5.27958404640152,0.558,0.071,0,24,"NHSL1"
"1195",0,5.29281019177061,0.598,0.115,0,24,"APOE"
"1196",0,6.93382513910066,0.498,0.017,0,24,"LINC01748"
"1197",0,4.62974656220995,0.548,0.077,0,24,"TNC"
"1198",0,3.13062133420085,0.914,0.448,0,24,"NEAT1"
"1199",0,6.41279127074117,0.477,0.019,0,24,"SLC14A1"
"1200",0,5.06459716864618,0.511,0.06,0,24,"EFEMP1"
"1201",0,2.45817637980772,0.902,0.198,0,25,"GPR151"
"1202",0,2.35326882552418,0.901,0.199,0,25,"GNG8"
"1203",0,2.95045612045551,0.919,0.243,0,25,"AC132153.1"
"1204",0,2.86965262457644,0.948,0.314,0,25,"AC008415.1"
"1205",0,3.39441188035644,0.889,0.272,0,25,"GPR149"
"1206",0,2.43373161791757,0.902,0.292,0,25,"SHROOM3"
"1207",0,3.00443564951366,0.97,0.368,0,25,"AC109466.1"
"1208",0,1.67280124097593,0.983,0.396,0,25,"CADPS2"
"1209",0,2.03894876767156,0.905,0.33,0,25,"AMIGO2"
"1210",0,3.38297297489206,0.664,0.093,0,25,"LINC02143"
"1211",0,1.78562003780327,0.987,0.425,0,25,"NWD2"
"1212",0,2.90552089525315,0.688,0.127,0,25,"SYT10"
"1213",0,2.51236658649145,0.813,0.256,0,25,"GSDME"
"1214",0,2.64648215634967,0.685,0.129,0,25,"SLC5A7"
"1215",0,2.14174858991741,0.831,0.277,0,25,"MCC"
"1216",0,2.35735258609595,0.815,0.276,0,25,"MINAR1"
"1217",0,3.2185811640713,0.705,0.167,0,25,"LHFPL2"
"1218",0,2.19016851177113,0.719,0.19,0,25,"NR4A2"
"1219",0,3.0661308358186,0.609,0.086,0,25,"NEUROD1"
"1220",0,2.1290384001641,0.712,0.19,0,25,"CHRNB3"
"1221",0,2.29176889975143,0.756,0.235,0,25,"CACNB3"
"1222",0,2.42978740776417,0.95,0.43,0,25,"OPRM1"
"1223",0,1.91808962877578,0.677,0.165,0,25,"AC009041.2"
"1224",0,2.42003084082616,0.906,0.405,0,25,"PDZRN4"
"1225",0,1.64308205045929,0.699,0.206,0,25,"CABLES1"
"1226",0,1.80868370424374,0.876,0.387,0,25,"NRP2"
"1227",0,1.9037973147159,0.931,0.445,0,25,"TTC39C"
"1228",0,1.95568622403679,0.71,0.224,0,25,"KCNIP1"
"1229",0,2.42877275463288,0.688,0.202,0,25,"CHRNA3"
"1230",0,3.55694036618951,0.562,0.077,0,25,"LINC00616"
"1231",0,1.90735456763918,0.908,0.425,0,25,"PLD5"
"1232",0,1.96740401090242,0.709,0.227,0,25,"IRX2"
"1233",0,2.36593048227106,0.823,0.343,0,25,"PTPDC1"
"1234",0,2.43104355169348,0.668,0.191,0,25,"CHRNA6"
"1235",0,2.08725838729469,0.671,0.205,0,25,"MAOA"
"1236",0,2.11660181308319,0.648,0.191,0,25,"SSTR2"
"1237",0,2.49225079695212,0.56,0.105,0,25,"PPP1R1B"
"1238",0,1.90420634070112,0.882,0.427,0,25,"ZIC1"
"1239",0,2.1226855743484,0.616,0.161,0,25,"RPRM"
"1240",0,3.49332052090845,0.49,0.056,0,25,"AC091973.1"
"1241",0,2.24266360152506,0.973,0.542,0,25,"TSPAN13"
"1242",0,2.96722133873242,0.544,0.119,0,25,"PPP1R17"
"1243",0,1.81898021108245,0.938,0.515,0,25,"ASIC2"
"1244",0,2.75374371580523,0.524,0.105,0,25,"LINC02240"
"1245",0,2.41140138278607,0.977,0.558,0,25,"LCORL"
"1246",0,1.82777639739359,0.961,0.553,0,25,"SGCD"
"1247",0,3.02390480043127,0.478,0.071,0,25,"AC114321.1"
"1248",0,2.67668987369701,0.474,0.078,0,25,"LINC01307"
"1249",0,2.81971773884589,0.458,0.074,0,25,"ENO3"
"1250",0,3.21016604023257,0.426,0.045,0,25,"MEGF6"
"1251",0,-4.80212651089511,0.086,0.922,0,26,"NRG3"
"1252",0,-5.47028248354228,0.046,0.874,0,26,"CCSER1"
"1253",0,3.69522345638036,0.949,0.121,0,26,"ST18"
"1254",0,-4.47669199845485,0.084,0.909,0,26,"FAM155A"
"1255",0,-4.41309491118716,0.057,0.879,0,26,"RALYL"
"1256",0,-3.91224864514488,0.059,0.877,0,26,"RIMS2"
"1257",0,-5.37531679453798,0.043,0.861,0,26,"MEG3"
"1258",0,-4.2719808460521,0.074,0.888,0,26,"FGF14"
"1259",0,-4.04679287042959,0.065,0.87,0,26,"CNTN1"
"1260",0,-5.74257670413314,0.055,0.856,0,26,"ROBO2"
"1261",0,-5.30639038787751,0.041,0.827,0,26,"PAM"
"1262",0,-4.12071796128398,0.078,0.855,0,26,"DSCAM"
"1263",0,-4.21916700029033,0.074,0.849,0,26,"KCND2"
"1264",0,3.82821435149441,0.995,0.224,0,26,"PLP1"
"1265",0,-3.26376154586645,0.106,0.875,0,26,"GRID2"
"1266",0,-4.51551648936729,0.044,0.811,0,26,"AGBL4"
"1267",0,-3.37476893697889,0.121,0.884,0,26,"MAP2"
"1268",0,-3.91753603251815,0.049,0.811,0,26,"MEG8"
"1269",0,-4.23603808708239,0.049,0.81,0,26,"PTPRN2"
"1270",0,-3.98887168426506,0.061,0.821,0,26,"FGF12"
"1271",0,-4.41373094246908,0.056,0.813,0,26,"OPCML"
"1272",0,3.95416165783761,0.863,0.108,0,26,"MOBP"
"1273",0,-4.05834095303319,0.128,0.879,0,26,"SYT1"
"1274",0,-5.34642069888098,0.061,0.811,0,26,"KCNMA1"
"1275",0,-4.86120755417562,0.046,0.792,0,26,"DLGAP1"
"1276",0,-4.18273977600644,0.062,0.806,0,26,"ATRNL1"
"1277",0,3.24828722470886,0.895,0.155,0,26,"TF"
"1278",0,-5.05375147477775,0.033,0.765,0,26,"CELF4"
"1279",0,-4.38825073952786,0.044,0.775,0,26,"FRMPD4"
"1280",0,-4.1032361877014,0.052,0.782,0,26,"ATP8A2"
"1281",0,-3.89529690194736,0.049,0.778,0,26,"UNC80"
"1282",0,-4.5584322196473,0.047,0.775,0,26,"CACNA1C"
"1283",0,-5.99556111422061,0.04,0.767,0,26,"TENM2"
"1284",0,-3.20279298408181,0.07,0.795,0,26,"SCN2A"
"1285",0,-4.36116185893013,0.037,0.76,0,26,"STXBP5L"
"1286",0,-3.37264386382111,0.117,0.837,0,26,"PLEKHA5"
"1287",0,-3.84283145087708,0.047,0.767,0,26,"PAK3"
"1288",0,-4.14715567523935,0.035,0.753,0,26,"LRFN5"
"1289",0,-5.84527309501887,0.032,0.747,0,26,"GALNTL6"
"1290",0,-4.55268956971781,0.036,0.749,0,26,"GABRB3"
"1291",0,-4.17429386250697,0.035,0.747,0,26,"MYT1L"
"1292",0,-4.00119869546011,0.055,0.767,0,26,"DCLK1"
"1293",0,-4.27376029528227,0.037,0.748,0,26,"SCN3A"
"1294",0,-2.93824823072473,0.133,0.844,0,26,"GRIK2"
"1295",0,-3.85034720290516,0.078,0.788,0,26,"GRIP1"
"1296",0,3.53205692487336,0.866,0.159,0,26,"TMEM144"
"1297",0,-2.74089126317683,0.148,0.855,0,26,"GPM6A"
"1298",0,-3.64602328524356,0.062,0.768,0,26,"NRCAM"
"1299",0,-3.50439732158849,0.087,0.792,0,26,"CDK14"
"1300",0,-3.21089563221413,0.09,0.795,0,26,"TMEM178B"
"1301",0,3.03530700129567,0.965,0.128,0,27,"KIT"
"1302",0,2.99661667331923,0.98,0.147,0,27,"OTX2-AS1"
"1303",0,3.04811012980773,0.975,0.15,0,27,"GAD1"
"1304",0,2.66643612426477,0.976,0.167,0,27,"MEIS2"
"1305",0,2.9909080212866,0.924,0.139,0,27,"RORB"
"1306",0,2.67698592535574,0.928,0.143,0,27,"GAD2"
"1307",0,2.75036006711277,0.993,0.269,0,27,"SYNPR"
"1308",0,2.46089590901,0.918,0.232,0,27,"PDZRN3"
"1309",0,3.30680656489357,0.974,0.289,0,27,"PCBP3"
"1310",0,1.24306030162807,0.98,0.296,0,27,"ADARB2"
"1311",0,2.41607803346703,0.925,0.242,0,27,"NR2F2-AS1"
"1312",0,2.66366227376108,0.999,0.32,0,27,"ZFPM2"
"1313",0,3.92352940899362,0.73,0.06,0,27,"LINC02253"
"1314",0,2.80881555278013,0.992,0.33,0,27,"NELL1"
"1315",0,2.66995455328612,0.847,0.194,0,27,"COL21A1"
"1316",0,2.25641901557951,0.841,0.195,0,27,"NR2F2"
"1317",0,2.50855227997621,0.993,0.365,0,27,"CHRM2"
"1318",0,2.56356669026301,0.989,0.365,0,27,"SPHKAP"
"1319",0,2.63311685292046,0.982,0.364,0,27,"UNC13C"
"1320",0,2.47159449025523,0.844,0.24,0,27,"ADAMTS19"
"1321",0,2.34859905672765,0.966,0.365,0,27,"GULP1"
"1322",0,2.74611352423442,0.98,0.392,0,27,"NYAP2"
"1323",0,2.58100923244587,0.757,0.171,0,27,"GREM2"
"1324",0,2.35675509665862,0.833,0.247,0,27,"EPHA3"
"1325",0,1.88748987384578,0.947,0.361,0,27,"TOX"
"1326",0,1.97166757369043,0.826,0.248,0,27,"SLC6A1"
"1327",0,2.69043762161535,0.673,0.109,0,27,"OTX2"
"1328",0,2.09865137143031,0.98,0.434,0,27,"ZMAT4"
"1329",0,2.38738327499412,0.8,0.264,0,27,"IGSF3"
"1330",0,1.90429891927342,0.927,0.391,0,27,"CDH12"
"1331",0,2.33240935669215,0.996,0.46,0,27,"GRIK1"
"1332",0,2.15907203801266,0.709,0.175,0,27,"SEMA3C"
"1333",0,2.19506956787465,0.845,0.329,0,27,"PTCHD4"
"1334",0,1.96581889781039,0.887,0.377,0,27,"BTBD11"
"1335",0,2.18643029368217,0.739,0.239,0,27,"GRIP2"
"1336",0,2.09651440381486,0.686,0.187,0,27,"AC009264.1"
"1337",0,2.21634166165043,0.733,0.234,0,27,"FRMD3"
"1338",0,2.08317637239649,0.898,0.4,0,27,"GRK3"
"1339",0,2.36926176123077,0.949,0.458,0,27,"MIR124-2HG"
"1340",0,2.82663450633145,0.56,0.07,0,27,"IGF1"
"1341",0,2.2397051768335,0.939,0.45,0,27,"RALGAPA2"
"1342",0,1.93814498728908,0.937,0.452,0,27,"CACHD1"
"1343",0,3.31354255416054,0.54,0.058,0,27,"LINC01210"
"1344",0,3.15830950959747,0.582,0.104,0,27,"VASH2"
"1345",0,2.4402550578157,0.632,0.159,0,27,"AC016717.2"
"1346",0,3.11335651455739,0.554,0.087,0,27,"NXPH2"
"1347",0,2.52661488573554,0.603,0.139,0,27,"HTR2A"
"1348",0,2.76676252092997,0.526,0.069,0,27,"SHISA8"
"1349",0,3.87992114580405,0.489,0.041,0,27,"CASR"
"1350",0,2.00359126894433,0.552,0.109,0,27,"SLC6A11"
"1351",0,4.11282950649158,0.922,0.123,0,28,"ST18"
"1352",0,-4.57714986400981,0.11,0.871,0,28,"CCSER1"
"1353",0,-4.04068553332135,0.1,0.858,0,28,"MEG3"
"1354",0,4.29512903407132,0.917,0.162,0,28,"ZEB2"
"1355",0,-3.92150516747416,0.125,0.874,0,28,"RIMS2"
"1356",0,-3.39988674904811,0.138,0.882,0,28,"MAP2"
"1357",0,-3.82900000045552,0.081,0.824,0,28,"PAM"
"1358",0,-2.89691669055853,0.124,0.867,0,28,"CNTN1"
"1359",0,-4.24925848901524,0.066,0.807,0,28,"SNAP25"
"1360",0,-3.41197807476702,0.121,0.853,0,28,"DSCAM"
"1361",0,-3.51434942056068,0.147,0.876,0,28,"RALYL"
"1362",0,-3.74016611074391,0.156,0.885,0,28,"FGF14"
"1363",0,-3.21893936697136,0.148,0.862,0,28,"SNRPN"
"1364",0,2.4774511437061,0.941,0.227,0,28,"PLP1"
"1365",0,4.10662171580885,0.818,0.107,0,28,"AC012494.1"
"1366",0,4.13502368523075,0.865,0.173,0,28,"PDE1C"
"1367",0,4.15049243821232,0.776,0.094,0,28,"C10orf90"
"1368",0,3.40835379545567,0.843,0.161,0,28,"TMEM144"
"1369",0,-3.87084464345595,0.195,0.876,0,28,"SYT1"
"1370",0,3.25955204409562,0.768,0.112,0,28,"MOBP"
"1371",0,-2.79696411383219,0.261,0.917,0,28,"NRG3"
"1372",0,4.13423747227279,0.803,0.16,0,28,"DOCK5"
"1373",0,2.63566895971312,0.795,0.159,0,28,"TF"
"1374",0,3.37164945225299,0.756,0.122,0,28,"UGT8"
"1375",0,-3.39782310853197,0.273,0.904,0,28,"FAM155A"
"1376",0,3.33624371818309,0.9,0.283,0,28,"PTPRK"
"1377",0,3.27481344844229,0.801,0.194,0,28,"ENPP2"
"1378",0,4.30975825593779,0.674,0.067,0,28,"BCAS1"
"1379",0,4.04879259144832,0.912,0.318,0,28,"NCKAP5"
"1380",0,4.2205260034745,0.762,0.169,0,28,"CREB5"
"1381",0,3.59034102921103,0.689,0.11,0,28,"COL4A5"
"1382",0,4.23929359663683,0.643,0.066,0,28,"AC079352.1"
"1383",0,4.25859785571539,0.94,0.365,0,28,"PIP4K2A"
"1384",0,4.26768280172811,0.624,0.05,0,28,"LINC01608"
"1385",0,3.49061452014912,0.786,0.213,0,28,"CDH20"
"1386",0,3.70383334789777,0.747,0.185,0,28,"LINC00609"
"1387",0,4.26939692314639,0.636,0.075,0,28,"AL033523.1"
"1388",0,4.49841073834066,0.69,0.134,0,28,"SLC7A14-AS1"
"1389",0,4.39138939092476,0.607,0.053,0,28,"AC090015.1"
"1390",0,3.84569103637747,0.661,0.108,0,28,"DOCK1"
"1391",0,3.5847857400733,0.713,0.16,0,28,"FBXL7"
"1392",0,3.54715881373386,0.624,0.074,0,28,"CNDP1"
"1393",0,3.56539123529561,0.854,0.306,0,28,"DOCK10"
"1394",0,4.13706831801212,0.948,0.406,0,28,"CTNNA3"
"1395",0,2.89754136764563,0.632,0.107,0,28,"ANLN"
"1396",0,3.79924160157297,0.59,0.07,0,28,"SLC5A11"
"1397",0,3.70095855558549,0.585,0.069,0,28,"ABCA8"
"1398",0,3.47710337622423,0.946,0.436,0,28,"SLC44A1"
"1399",0,3.70514356482602,0.556,0.059,0,28,"LINC00639"
"1400",0,2.94736092472225,0.597,0.1,0,28,"CLDN11"
"1401",0,3.08799485077998,0.864,0.15,0,29,"OTX2-AS1"
"1402",0,2.60150020255667,0.827,0.171,0,29,"MEIS2"
"1403",0,2.69408693487352,0.911,0.272,0,29,"SYNPR"
"1404",0,2.9557986296315,0.767,0.132,0,29,"KIT"
"1405",0,2.04814268634738,0.911,0.323,0,29,"ZFPM2"
"1406",0,2.81176190986401,0.738,0.155,0,29,"GAD1"
"1407",0,2.76033083187551,0.687,0.148,0,29,"GAD2"
"1408",0,2.41884173957184,0.984,0.461,0,29,"GRIK1"
"1409",0,3.25674512971941,0.704,0.198,0,29,"NR2F2"
"1410",0,2.80992506084154,0.296,0.032,0,29,"SST"
"1411",6.8373604738575e-294,3.77610235839361,0.42,0.071,2.50254230703658e-289,29,"SHISA8"
"1412",9.81621341501232e-280,3.22892754308059,0.525,0.114,3.59283227202866e-275,29,"LINC02055"
"1413",1.90982534708504e-270,3.40595314944961,0.62,0.181,6.99015175286595e-266,29,"HPCA"
"1414",5.48298312982105e-262,1.77300598308476,0.996,0.628,2.0068266553458e-257,29,"NRXN3"
"1415",1.14674118741223e-258,2.55970014083998,0.587,0.145,4.19718742004752e-254,29,"RORB"
"1416",9.92031451015139e-244,3.61471409077818,0.348,0.057,3.63093431386051e-239,29,"NPPC"
"1417",3.85232687555377e-240,4.32096792185083,0.247,0.03,1.40999015972143e-235,29,"AL137100.3"
"1418",3.23213178692345e-223,2.12208509118337,0.626,0.177,1.18299255533185e-218,29,"SEMA3C"
"1419",5.17269736151612e-223,3.11403015879196,0.471,0.113,1.89325896128852e-218,29,"OTX2"
"1420",1.32608218658763e-214,2.94587173036869,0.624,0.217,4.85359341112937e-210,29,"NRGN"
"1421",1.70372979240064e-211,4.39763641150083,0.209,0.024,6.23582141316559e-207,29,"PRL"
"1422",1.50946920006013e-207,1.33586085904554,0.983,0.777,5.52480821914007e-203,29,"DLGAP1"
"1423",7.23652223246996e-192,-2.47914643984791,0.292,0.814,2.64863950230633e-187,29,"FGF12"
"1424",7.88419993127619e-190,3.31737140696237,0.338,0.066,2.8856960168464e-185,29,"GATA3"
"1425",2.85771968327964e-189,-1.93389811652164,0.491,0.887,1.04595398127718e-184,29,"MAP1B"
"1426",8.86699613354452e-189,2.00513573782773,0.783,0.369,3.24540925483863e-184,29,"SPHKAP"
"1427",1.01055902565281e-188,2.87457753273447,0.545,0.175,3.69874708979185e-184,29,"GREM2"
"1428",7.17501274300575e-180,-2.34467496879608,0.355,0.846,2.62612641406754e-175,29,"NKAIN2"
"1429",4.42293447946619e-172,3.18900398290957,0.302,0.058,1.61883824882942e-167,29,"CPLX3"
"1430",4.44338510437589e-172,-4.29865542316221,0.139,0.69,1.62632338205262e-167,29,"MTUS2"
"1431",9.15178214072945e-172,3.17586243965357,0.343,0.074,3.34964378132838e-167,29,"IGF1"
"1432",1.90106800999182e-171,2.0381014634531,0.691,0.286,6.95809902337106e-167,29,"PTPRT"
"1433",7.37138712677238e-171,2.78697656602517,0.645,0.302,2.69800140226996e-166,29,"VSTM2L"
"1434",4.81810117674113e-170,3.95095376640842,0.221,0.033,1.76347321169902e-165,29,"DMBX1"
"1435",5.54764069564046e-170,-3.48876632039034,0.091,0.672,2.03049197101137e-165,29,"ENOX1"
"1436",8.36820689110175e-168,-1.36540901518263,0.672,0.936,3.06284740421215e-163,29,"ANK2"
"1437",2.67063052689981e-166,-3.09998670402881,0.116,0.681,9.77477479150599e-162,29,"TCF7L2"
"1438",3.22808132271714e-165,-2.46314625491941,0.176,0.762,1.1815100449277e-160,29,"TENM2"
"1439",1.69383949913395e-163,1.15074426350597,0.952,0.842,6.19962195078019e-159,29,"GPM6A"
"1440",1.04385618115283e-162,3.33033700868856,0.397,0.105,3.82061800863748e-158,29,"KCNIP2"
"1441",2.77343719129143e-161,2.26263774586713,0.75,0.465,1.01510574638458e-156,29,"SLC12A5"
"1442",5.30520024768193e-161,1.5245379161216,0.789,0.369,1.94175634265406e-156,29,"CHRM2"
"1443",2.42456448133675e-157,1.26449585101921,0.915,0.591,8.87414845814064e-153,29,"PLCB1"
"1444",1.9531524259362e-156,-3.43411114623991,0.096,0.651,7.14873319416907e-152,29,"PARD3"
"1445",2.39860496105458e-156,1.9751503839043,0.742,0.369,8.77913401795587e-152,29,"UNC13C"
"1446",2.03285906653107e-155,3.60478859262026,0.233,0.038,7.44046746941038e-151,29,"GSTT2B"
"1447",4.75740913831043e-151,1.15615471389471,0.994,0.718,1.741259318713e-146,29,"KCNIP4"
"1448",4.12570486276391e-150,0.864379682342435,0.996,0.864,1.51004923682022e-145,29,"SYT1"
"1449",4.63350859145166e-148,-2.70795069601605,0.149,0.695,1.69591047955722e-143,29,"SHTN1"
"1450",2.04172083997679e-146,3.95521693428089,0.204,0.032,7.47290244639906e-142,29,"UNCX"
"1451",0,2.35402593846581,0.952,0.493,0,30,"RPS26"
"1452",0,2.40265743725867,0.975,0.539,0,30,"TUBB2A"
"1453",0,2.3463140212534,0.972,0.545,0,30,"RNASEK"
"1454",0,2.2443221078144,0.984,0.602,0,30,"BEX1"
"1455",0,2.34849939562971,0.991,0.651,0,30,"PCSK1N"
"1456",0,3.00812582921817,0.991,0.664,0,30,"CALY"
"1457",0,2.01210076560863,0.985,0.669,0,30,"BEX3"
"1458",0,1.97263963567301,0.993,0.686,0,30,"TUBA1B"
"1459",0,3.74420204745583,0.337,0.031,0,30,"TFAP2B"
"1460",0,2.08525093201202,0.993,0.757,0,30,"UCHL1"
"1461",0,5.58460462341053,0.223,0.006,0,30,"EN1"
"1462",0,2.08683963269302,0.985,0.769,0,30,"GAPDH"
"1463",0,2.18973909114008,0.994,0.811,0,30,"GNAS"
"1464",0,4.86690830881756,0.178,0.007,0,30,"EN2"
"1465",0,5.79718206710296,0.172,0.01,0,30,"GRP"
"1466",9.34725636806076e-308,2.16505368724729,0.953,0.535,3.42118930327392e-303,30,"NDUFA13"
"1467",1.68007845311165e-307,1.99280638352962,0.987,0.64,6.14925514623395e-303,30,"ATP6V0C"
"1468",9.28266634345726e-305,2.26106481205187,0.959,0.631,3.39754870836879e-300,30,"MDH1"
"1469",9.19755684103685e-302,2.21553592634077,0.939,0.498,3.3663977793879e-297,30,"COX6B1"
"1470",2.52625290751277e-301,1.96947476551482,0.974,0.649,9.24633826678748e-297,30,"BSCL2"
"1471",1.23681826927378e-294,2.40233055116724,0.898,0.437,4.52687854736897e-290,30,"ISCU"
"1472",2.25232959699599e-294,2.67997280150433,0.834,0.344,8.24375155796503e-290,30,"ALDOC"
"1473",9.21343657332098e-292,2.12036552151554,0.953,0.547,3.37220992020121e-287,30,"COX6A1"
"1474",2.81367099477483e-291,2.24738034720491,0.921,0.487,1.02983172079754e-286,30,"TUBB4B"
"1475",1.24413760896229e-290,1.96968642965975,0.975,0.605,4.55366806256286e-286,30,"MIF"
"1476",3.63096652839538e-278,2.22917794443699,0.936,0.573,1.32897005905799e-273,30,"SCG5"
"1477",8.59692640387938e-278,1.83216528766988,0.974,0.655,3.14656103308389e-273,30,"PPIA"
"1478",5.24714916366763e-277,2.07357680587192,0.947,0.592,1.92050906539399e-272,30,"COX4I1"
"1479",6.26961450296637e-276,2.24899792029094,0.892,0.436,2.29474160423072e-271,30,"PGAM1"
"1480",1.68939889490192e-273,2.07576343882892,0.956,0.581,6.18336889523052e-269,30,"NDUFA4"
"1481",1.48619904046892e-272,2.06134778431721,0.942,0.537,5.43963710802028e-268,30,"COX5B"
"1482",4.13651415726992e-271,1.98348437008884,0.956,0.535,1.51400554670236e-266,30,"CHCHD2"
"1483",6.42917614601839e-270,1.90199377946795,0.961,0.606,2.35314276120419e-265,30,"RPL41"
"1484",8.51441798966562e-269,1.88075394490703,0.965,0.616,3.11636212839751e-264,30,"STMN2"
"1485",1.35908296594721e-268,1.98307271306715,0.947,0.576,4.97437956366337e-264,30,"FAIM2"
"1486",3.11699148487145e-268,1.9361450622641,0.953,0.587,1.1408500533778e-263,30,"TUBB3"
"1487",2.88839720925278e-266,3.89839213847233,0.321,0.044,1.05718226255861e-261,30,"SLC32A1"
"1488",1.36259608163818e-265,2.3657041889949,0.844,0.387,4.98723791840389e-261,30,"TUBA4A"
"1489",1.02752799791595e-264,2.12435642918519,0.912,0.507,3.76085522517217e-260,30,"TPI1"
"1490",1.64751574290169e-258,1.84715795699274,0.956,0.581,6.03007237059449e-254,30,"RPS15"
"1491",2.80556967382516e-258,1.54395749782635,0.787,0.282,1.02686655631675e-253,30,"CST3"
"1492",7.09805729340741e-257,1.85859967847429,0.956,0.587,2.59795994996005e-252,30,"SOD1"
"1493",6.06953093335365e-256,1.91928844370131,0.949,0.567,2.22150901691677e-251,30,"COX7C"
"1494",1.57367180155881e-254,2.01243658737527,0.927,0.527,5.7597961608854e-250,30,"ATP5IF1"
"1495",3.23585478816723e-254,2.15726864574682,0.918,0.52,1.18435521101709e-249,30,"CHCHD10"
"1496",5.17535774942217e-254,1.89685384681866,0.937,0.556,1.89423268986601e-249,30,"RPL7A"
"1497",2.99225825291332e-252,2.15735666538086,0.895,0.511,1.0951964431488e-247,30,"TMEM59L"
"1498",1.52573807757695e-251,1.91997231272517,0.926,0.524,5.58435393773941e-247,30,"RPL32"
"1499",4.15253562688251e-251,1.79870988748223,0.969,0.652,1.51986956479527e-246,30,"SLC22A17"
"1500",1.11818002336774e-249,1.87508130860472,0.947,0.568,4.09265070352826e-245,30,"BEX2"
"1501",0,6.14845462013225,0.897,0.04,0,31,"ARMC3"
"1502",0,6.52725278022268,0.845,0.025,0,31,"DNAH11"
"1503",0,5.71208370060292,0.94,0.124,0,31,"CFAP299"
"1504",0,7.05863314869866,0.826,0.016,0,31,"AC020718.1"
"1505",0,6.53723497679095,0.825,0.022,0,31,"ADGB"
"1506",0,6.16429091927153,0.856,0.055,0,31,"CAPS"
"1507",0,4.41407095966593,0.94,0.141,0,31,"LINC01088"
"1508",0,5.43053235905178,0.951,0.167,0,31,"CFAP54"
"1509",0,5.19398621015282,0.851,0.071,0,31,"WDR49"
"1510",0,3.57761464469708,0.882,0.103,0,31,"SLC1A3"
"1511",0,7.03471234994367,0.791,0.019,0,31,"ANXA1"
"1512",0,6.70158869100052,0.784,0.021,0,31,"AC019330.1"
"1513",0,5.42091276175557,0.848,0.097,0,31,"SPAG17"
"1514",0,6.36638747067626,0.77,0.025,0,31,"DTHD1"
"1515",0,5.9930192028229,0.769,0.036,0,31,"SPAG6"
"1516",0,5.64506999998312,0.788,0.06,0,31,"DNAH12"
"1517",0,5.01241496601294,0.89,0.163,0,31,"CFAP47"
"1518",0,5.21486491038261,0.923,0.203,0,31,"DNAH9"
"1519",0,5.38368399699965,0.753,0.036,0,31,"VIM"
"1520",0,4.86485068568638,0.901,0.195,0,31,"CFAP43"
"1521",0,5.11295746961812,0.75,0.049,0,31,"SERPINI2"
"1522",0,5.12789423076817,0.785,0.089,0,31,"AGBL1"
"1523",0,5.83095646064234,0.733,0.037,0,31,"TTC29"
"1524",0,5.90198953960679,0.72,0.025,0,31,"LMNTD1"
"1525",0,4.60893490588465,0.912,0.218,0,31,"LRRIQ1"
"1526",0,4.64387590251593,0.904,0.216,0,31,"DCDC1"
"1527",0,4.61439557722199,0.751,0.067,0,31,"SOX9"
"1528",0,5.58913035050579,0.722,0.041,0,31,"MUSK"
"1529",0,4.26159770187752,0.744,0.068,0,31,"TMEM123"
"1530",0,3.7218271576114,0.733,0.057,0,31,"ZFP36L1"
"1531",0,5.13651268830038,0.763,0.091,0,31,"SPATA17"
"1532",0,4.83999307371406,0.778,0.106,0,31,"TTC6"
"1533",0,3.77378629332105,0.859,0.193,0,31,"C8orf34"
"1534",0,3.87535229041777,0.773,0.108,0,31,"EYA4"
"1535",0,5.98797840532802,0.689,0.034,0,31,"AL357093.2"
"1536",0,6.02977743268593,0.675,0.022,0,31,"CFAP157"
"1537",0,4.47224695458941,0.862,0.211,0,31,"CFAP44"
"1538",0,4.25930399797574,0.694,0.048,0,31,"GJA1"
"1539",0,3.77088776511185,0.704,0.061,0,31,"GRAMD2B"
"1540",0,4.71227745280724,0.779,0.138,0,31,"ZBBX"
"1541",0,5.62308576911214,0.691,0.05,0,31,"DYNLRB2"
"1542",0,3.82347318717617,0.741,0.102,0,31,"MT2A"
"1543",0,3.55857067797392,0.806,0.17,0,31,"ITGB8"
"1544",0,2.62300582674332,0.895,0.26,0,31,"SOX6"
"1545",0,3.59050917147231,0.851,0.218,0,31,"GLIS3"
"1546",0,5.38065277604218,0.667,0.039,0,31,"PLTP"
"1547",0,6.43863540057079,0.641,0.015,0,31,"C11orf88"
"1548",0,5.10176668826652,0.701,0.077,0,31,"NEK5"
"1549",0,2.74837983960807,0.947,0.323,0,31,"NFIA"
"1550",0,4.12187409653899,0.907,0.288,0,31,"DNAH7"
"1551",0,7.20706825486664,0.887,0.05,0,32,"VCAN"
"1552",0,8.74351769371824,0.731,0.014,0,32,"BX284613.2"
"1553",0,4.41565391368351,0.93,0.261,0,32,"SOX6"
"1554",0,8.34496210441131,0.566,0.008,0,32,"PDGFRA"
"1555",0,4.90287620381439,0.962,0.413,0,32,"PTPRZ1"
"1556",0,4.66836535919178,0.598,0.071,0,32,"OLIG1"
"1557",0,7.87150909884038,0.534,0.014,0,32,"AC004852.2"
"1558",0,3.39395113682964,0.618,0.101,0,32,"APOD"
"1559",0,3.96854702351275,0.774,0.263,0,32,"SEMA5A"
"1560",0,5.11459104050486,0.595,0.135,0,32,"MEGF11"
"1561",0,3.57660245302225,0.944,0.537,0,32,"LHFPL3"
"1562",0,4.21272459916697,0.902,0.523,0,32,"TNR"
"1563",0,6.33484422024106,0.408,0.036,0,32,"ADAMTS17"
"1564",0,3.2957779896686,0.957,0.59,0,32,"PCDH15"
"1565",0,5.5408653509749,0.408,0.047,0,32,"CALCRL"
"1566",0,5.31414282215487,0.387,0.032,0,32,"PRRX1"
"1567",0,5.71068542784171,0.382,0.044,0,32,"BCAN"
"1568",0,6.10927986108864,0.361,0.031,0,32,"COL9A1"
"1569",0,5.40735228071108,0.333,0.017,0,32,"OLIG2"
"1570",0,6.63418206132858,0.305,0.013,0,32,"AC013265.1"
"1571",0,4.50872752330753,0.303,0.031,0,32,"GPR37L1"
"1572",0,2.89841460237697,0.979,0.776,0,32,"LRRC4C"
"1573",0,8.12196013417588,0.182,0.002,0,32,"GPR17"
"1574",0,8.43990308161664,0.175,0.002,0,32,"AL512308.1"
"1575",0,7.02225684009299,0.144,0.006,0,32,"NEU4"
"1576",0,7.12251638537009,0.134,0.005,0,32,"VCAN-AS1"
"1577",0,6.3536977151464,0.123,0.004,0,32,"KLRC3"
"1578",0,7.92528778341022,0.121,0.003,0,32,"BEST3"
"1579",0,7.87438767631922,0.108,0.002,0,32,"MROH9"
"1580",0,7.69070560244742,0.102,0.002,0,32,"CSPG4"
"1581",1.08186726691643e-303,6.09194967417668,0.287,0.029,3.95974238364083e-299,32,"FERMT1"
"1582",1.48223139987583e-298,3.39617984243023,0.456,0.072,5.42511514668554e-294,32,"BCAS1"
"1583",2.16277020031169e-298,3.98604047568391,0.902,0.543,7.9159552101608e-294,32,"MMP16"
"1584",1.50028953328016e-294,2.51748758056592,0.972,0.84,5.4912097207587e-290,32,"DSCAM"
"1585",3.00438243602648e-294,2.50207260046104,0.969,0.765,1.09963401541005e-289,32,"CSMD1"
"1586",6.78005691205542e-289,7.17717802038058,0.12,0.005,2.4815686303814e-284,32,"COL20A1"
"1587",4.23027496829852e-276,2.43678583678745,0.954,0.528,1.54832294114694e-271,32,"ERBB4"
"1588",1.11572558822145e-267,-4.14305620403758,0.131,0.874,4.08366722544933e-263,32,"SYT1"
"1589",8.0180286928142e-263,5.19381075008551,0.282,0.032,2.93467868185692e-258,32,"ASCL1"
"1590",8.17937904334319e-260,4.67881903251403,0.415,0.071,2.99373452365404e-255,32,"RAB31"
"1591",1.05637080650755e-256,4.17181894112931,0.326,0.043,3.86642278889829e-252,32,"C5orf64"
"1592",5.11660242835159e-254,3.19097602184393,0.648,0.19,1.87272765480096e-249,32,"LRMDA"
"1593",2.64916414392304e-249,6.31622203669109,0.1,0.004,9.69620568317274e-245,32,"VIPR2"
"1594",6.3282653978485e-247,-3.8053136757985,0.069,0.848,2.31620841826653e-242,32,"NKAIN2"
"1595",6.64011371724043e-246,3.35448096068535,0.598,0.159,2.43034802164717e-241,32,"PREX2"
"1596",6.24537817428069e-245,4.49006793375197,0.534,0.131,2.28587086556848e-240,32,"LINC00511"
"1597",1.18396763144864e-243,2.76763055730142,0.872,0.486,4.33343992786518e-239,32,"LUZP2"
"1598",6.55043524534765e-242,-4.12830519489061,0.126,0.85,2.39752480414969e-237,32,"ROBO2"
"1599",7.4526785784547e-240,4.67910776253297,0.311,0.042,2.7277548865002e-235,32,"PLEKHH2"
"1600",1.48817225125879e-236,4.84635657221166,0.275,0.033,5.44685925683229e-232,32,"LRP4"
"1601",0,6.16870923547701,0.934,0.188,0,33,"LRMDA"
"1602",0,8.29730992320432,0.728,0.018,0,33,"DOCK8"
"1603",0,7.36619111461781,0.681,0.059,0,33,"ADAM28"
"1604",0,7.97770515271198,0.643,0.023,0,33,"ARHGAP15"
"1605",0,6.01038661585391,0.83,0.239,0,33,"MEF2C"
"1606",0,7.38033068285687,0.624,0.042,0,33,"CD74"
"1607",0,6.41616127930975,0.674,0.1,0,33,"DLEU1"
"1608",0,8.23624007801175,0.584,0.013,0,33,"APBB1IP"
"1609",0,6.81061050935689,0.588,0.031,0,33,"PTPRC"
"1610",0,5.91314520845749,0.548,0.051,0,33,"ZFP36L2"
"1611",0,5.10269825715452,0.543,0.061,0,33,"ZFP36L1"
"1612",0,7.93657652408821,0.448,0.016,0,33,"HLA-DRA"
"1613",0,5.68460184963423,0.496,0.064,0,33,"A2M"
"1614",0,7.8624597977211,0.435,0.012,0,33,"C3"
"1615",0,7.38274603380767,0.434,0.014,0,33,"INPP5D"
"1616",0,8.44180033529828,0.423,0.01,0,33,"LNCAROD"
"1617",0,8.20364301202236,0.412,0.012,0,33,"FYB1"
"1618",0,7.06715318394311,0.421,0.027,0,33,"CPED1"
"1619",0,6.84643342718407,0.435,0.054,0,33,"P2RY12"
"1620",0,7.52570055542895,0.394,0.014,0,33,"SRGN"
"1621",0,8.68010169062903,0.385,0.006,0,33,"OLR1"
"1622",0,6.43845618889688,0.439,0.062,0,33,"RUNX1"
"1623",0,6.26892841571195,0.434,0.058,0,33,"PALD1"
"1624",0,7.72165649832835,0.389,0.018,0,33,"SAMSN1"
"1625",0,6.12726192333223,0.407,0.041,0,33,"MAF"
"1626",0,6.59029091895237,0.403,0.04,0,33,"TBXAS1"
"1627",0,8.01861050258614,0.366,0.008,0,33,"CSF1R"
"1628",0,6.46418084893279,0.384,0.038,0,33,"LPAR6"
"1629",0,8.31001796206244,0.339,0.007,0,33,"RGS1"
"1630",0,7.35308284042588,0.342,0.022,0,33,"HLA-DRB1"
"1631",0,8.38932401917124,0.324,0.007,0,33,"CX3CR1"
"1632",0,6.62997666869243,0.344,0.027,0,33,"DOCK2"
"1633",0,7.24710317701383,0.333,0.017,0,33,"LYN"
"1634",0,7.26914585447829,0.324,0.024,0,33,"CCDC26"
"1635",0,7.6389323458539,0.308,0.015,0,33,"BLNK"
"1636",0,6.32230553439448,0.314,0.028,0,33,"IL13RA1"
"1637",0,8.42134860544366,0.285,0.004,0,33,"ITGAX"
"1638",0,7.8565957492728,0.269,0.008,0,33,"TMEM156"
"1639",0,7.4519541774491,0.265,0.012,0,33,"SYK"
"1640",0,6.14770436960723,0.265,0.017,0,33,"IFI16"
"1641",0,6.6864826767653,0.262,0.018,0,33,"PLA2G4A"
"1642",0,7.8902197285385,0.251,0.008,0,33,"WDFY4"
"1643",0,7.98476838474386,0.253,0.011,0,33,"GPR183"
"1644",0,6.53718066740471,0.258,0.018,0,33,"SLCO2B1"
"1645",0,7.8745414972128,0.244,0.005,0,33,"C1QC"
"1646",0,7.40071505972678,0.249,0.015,0,33,"CYBB"
"1647",0,7.68581959619934,0.237,0.006,0,33,"TYROBP"
"1648",0,7.36067367911324,0.237,0.011,0,33,"MSR1"
"1649",0,7.64060858151969,0.228,0.005,0,33,"C1QB"
"1650",0,6.29903964394748,0.237,0.018,0,33,"SP100"
"1651",0,3.40740547910094,0.985,0.152,0,34,"OTX2-AS1"
"1652",0,2.93343137400307,0.963,0.133,0,34,"KIT"
"1653",0,3.07056112739091,0.987,0.172,0,34,"MEIS2"
"1654",0,3.44387610148681,0.971,0.176,0,34,"SEMA3C"
"1655",0,3.20409800194525,0.936,0.144,0,34,"RORB"
"1656",0,2.4660831595459,0.936,0.156,0,34,"GAD1"
"1657",0,2.67164283508703,0.923,0.148,0,34,"GAD2"
"1658",0,2.8585732719988,0.969,0.246,0,34,"NR2F2-AS1"
"1659",0,2.91760985446935,0.919,0.199,0,34,"NR2F2"
"1660",0,2.65459403545088,0.982,0.274,0,34,"SYNPR"
"1661",0,2.61108138686574,0.923,0.236,0,34,"PDZRN3"
"1662",0,2.73621205933039,1,0.325,0,34,"ZFPM2"
"1663",0,2.77419659357959,0.783,0.112,0,34,"OTX2"
"1664",0,2.68227969233041,0.842,0.174,0,34,"GREM2"
"1665",0,2.74801287794973,0.792,0.161,0,34,"AC016717.2"
"1666",0,3.44611538126265,0.719,0.09,0,34,"MYO3B"
"1667",0,3.00899807414519,0.682,0.073,0,34,"IGF1"
"1668",0,3.38915181300525,0.673,0.065,0,34,"LINC02253"
"1669",0,2.49312964171951,0.732,0.13,0,34,"ZFPM2-AS1"
"1670",0,3.14542280305865,0.667,0.094,0,34,"AC012409.2"
"1671",0,3.53387871930829,0.654,0.114,0,34,"LINC02055"
"1672",0,2.9175227922506,0.59,0.056,0,34,"CPLX3"
"1673",0,3.17120780704721,0.614,0.083,0,34,"AP003049.2"
"1674",0,3.39735116736364,0.575,0.048,0,34,"AL161757.4"
"1675",0,2.76371401523095,0.588,0.065,0,34,"GATA3"
"1676",0,2.93216432570911,0.583,0.061,0,34,"LINC01210"
"1677",0,3.36663336622813,0.406,0.029,0,34,"AL137100.3"
"1678",0,3.22115430068614,0.404,0.032,0,34,"DMBX1"
"1679",0,2.70440638133041,0.41,0.04,0,34,"SOX14"
"1680",0,3.53825631067757,0.39,0.024,0,34,"HGF"
"1681",0,3.19308350431904,0.379,0.036,0,34,"LINC02254"
"1682",0,5.17420888010077,0.169,0.005,0,34,"UGT2B4"
"1683",4.4866976787377e-306,2.70361987363984,0.989,0.37,1.64217621739479e-301,34,"SPHKAP"
"1684",1.11718956515111e-304,2.95598242003104,0.987,0.395,4.08902552740957e-300,34,"NYAP2"
"1685",7.91630778739611e-300,2.6648480167533,0.991,0.368,2.89744781326485e-295,34,"UNC13C"
"1686",7.06555704446521e-289,2.31928090297325,0.803,0.174,2.58606453384471e-284,34,"DISC1"
"1687",1.51599503107624e-285,2.10080882757749,0.656,0.111,5.54869341324214e-281,34,"SLC6A11"
"1688",2.62550427049671e-283,2.61601622242065,0.925,0.294,9.60960818044502e-279,34,"PCBP3"
"1689",3.96528672700539e-283,2.48658598810156,0.7,0.132,1.45133459495124e-278,34,"SMAD9"
"1690",7.80843715148831e-283,2.48509328995886,0.625,0.106,2.85796608181624e-278,34,"SYNDIG1L"
"1691",1.2824745844922e-275,2.13051271538936,0.522,0.072,4.69398522669991e-271,34,"SHISA8"
"1692",2.4637549522375e-275,2.51912330812393,0.603,0.098,9.01758950068449e-271,34,"TSPAN18"
"1693",3.14294519473852e-274,2.8939695821343,0.515,0.075,1.15034937072625e-269,34,"DLGAP1-AS4"
"1694",2.8225675599467e-272,2.31501856396946,0.98,0.335,1.03308795261609e-267,34,"NELL1"
"1695",1.62588936414358e-271,3.47733975911418,0.379,0.042,5.95091766170191e-267,34,"AC022523.1"
"1696",2.69407901149004e-267,2.35821681401579,0.985,0.37,9.8605985899547e-263,34,"CHRM2"
"1697",1.64648583798003e-262,2.63119635079318,1,0.63,6.0263028155907e-258,34,"NRXN3"
"1698",5.35034278874731e-262,2.56987045052142,0.787,0.19,1.9582789641094e-257,34,"AC009264.1"
"1699",3.09371365229565e-256,2.88950603075398,0.397,0.047,1.13233013387673e-251,34,"SYNPR-AS1"
"1700",5.3296068300909e-253,2.59518545003992,0.998,0.463,1.95068939588157e-248,34,"GRIK1"
"1701",1.16542924679342e-256,3.01624200199931,0.852,0.156,4.2655875861886e-252,35,"OTX2-AS1"
"1702",2.96358567571949e-242,3.01536297299819,0.786,0.137,1.08470199317009e-237,35,"KIT"
"1703",5.7242852014977e-200,3.00274218971865,0.762,0.159,2.09514562660017e-195,35,"GAD1"
"1704",3.73665957641144e-196,2.96474734999296,0.917,0.277,1.36765477156235e-191,35,"SYNPR"
"1705",5.84440900357064e-182,2.80958647102152,0.728,0.151,2.13911213939689e-177,35,"GAD2"
"1706",5.11175487835632e-169,4.30261181942415,0.431,0.059,1.8709534030272e-164,35,"NPPC"
"1707",7.45881324870906e-164,2.4275434692952,0.769,0.176,2.73000023716e-159,35,"MEIS2"
"1708",5.74614602874194e-135,2.2061217490317,0.986,0.465,2.10314690797984e-130,35,"GRIK1"
"1709",5.62621087362049e-133,3.87656432026033,0.39,0.059,2.05924944185384e-128,35,"CPLX3"
"1710",6.03329630965593e-133,2.06918213222215,0.907,0.327,2.20824678229717e-128,35,"ZFPM2"
"1711",2.11468513322833e-131,1.98043115992432,0.993,0.778,7.73995905612903e-127,35,"DLGAP1"
"1712",5.80775385993699e-129,2.02226616874331,0.997,0.631,2.12569599027554e-124,35,"NRXN3"
"1713",4.90812590699789e-125,2.69295877649772,0.676,0.18,1.7964231632203e-120,35,"SEMA3C"
"1714",4.32265170340152e-119,2.84737701156074,0.676,0.202,1.58213374996199e-114,35,"NR2F2"
"1715",7.05840401578257e-116,1.35386533311669,0.997,0.865,2.58344645381658e-111,35,"SYT1"
"1716",2.16729602359968e-114,2.12862868053632,0.855,0.337,7.9325201759772e-110,35,"NELL1"
"1717",4.05487303476675e-114,1.94126649528435,0.962,0.594,1.48412407945498e-109,35,"PLCB1"
"1718",1.62399559075716e-113,2.50363157208846,0.838,0.372,5.9439862617303e-109,35,"SPHKAP"
"1719",4.96011312818503e-111,2.95256470336623,0.693,0.247,1.815451006047e-106,35,"IFI6"
"1720",2.70905021060132e-109,2.89002615438038,0.707,0.255,9.91539467582188e-105,35,"SLC6A1"
"1721",5.87029700041374e-101,2.46112793282295,0.572,0.149,2.14858740512143e-96,35,"RORB"
"1722",5.64648437416411e-100,1.65913949396553,0.986,0.733,2.0666697457878e-95,35,"GALNTL6"
"1723",1.94419475400162e-92,2.69342230575556,0.71,0.297,7.11594721912132e-88,35,"PCBP3"
"1724",4.75386687580172e-91,2.36312579114617,0.69,0.25,1.73996281521219e-86,35,"NR2F2-AS1"
"1725",5.3266656234308e-89,3.49907983693366,0.369,0.074,1.94961288483191e-84,35,"SHISA8"
"1726",7.40198169988709e-86,1.55059424981765,0.938,0.658,2.70919932197567e-81,35,"CADPS"
"1727",1.71446534940995e-84,-3.91996194629668,0.176,0.758,6.27511462537535e-80,35,"TENM2"
"1728",5.53683716559363e-82,1.31375256974416,0.952,0.842,2.02653777097892e-77,35,"GPM6A"
"1729",1.02807098419032e-81,3.11172049137864,0.445,0.116,3.762842609235e-77,35,"OTX2"
"1730",1.1001865109089e-81,-4.77171056590434,0.038,0.668,4.02679264857768e-77,35,"ENOX1"
"1731",1.19494700748749e-81,-2.5884799077298,0.317,0.81,4.37362554210498e-77,35,"FGF12"
"1732",4.34085868990134e-79,-2.49259209399047,0.314,0.842,1.58879768909079e-74,35,"NKAIN2"
"1733",3.37498989726643e-76,2.05499965570486,0.759,0.371,1.23528005229849e-71,35,"UNC13C"
"1734",9.20661664211436e-76,1.78548268879471,0.783,0.373,3.36971375718028e-71,35,"CHRM2"
"1735",2.55094522487118e-75,2.41236578319304,0.762,0.467,9.33671461755102e-71,35,"SLC12A5"
"1736",4.62252796351389e-75,-5.32374416736424,0.041,0.636,1.69189145992572e-70,35,"RMST"
"1737",5.96663877787312e-74,-4.33639547690284,0.121,0.686,2.18384945908934e-69,35,"MTUS2"
"1738",3.04366688930012e-73,3.35955815212283,0.407,0.107,1.11401251815274e-68,35,"KCNIP2"
"1739",2.93674955820121e-72,-3.41593692109813,0.107,0.677,1.07487970579722e-67,35,"TCF7L2"
"1740",4.08805238799849e-72,-4.03653850536855,0.055,0.647,1.49626805453133e-67,35,"PARD3"
"1741",2.62188680137e-70,1.24912450357036,0.993,0.72,9.59636788169435e-66,35,"KCNIP4"
"1742",5.92160788215967e-70,-1.72385761825057,0.548,0.884,2.16736770094926e-65,35,"MAP1B"
"1743",7.82332555634556e-70,3.59815950712557,0.4,0.108,2.86341538687804e-65,35,"SYNDIG1L"
"1744",1.58184922803492e-69,-3.67875877358822,0.086,0.658,5.78972635953061e-65,35,"NEBL"
"1745",2.57686566181036e-69,-4.59555293085185,0.028,0.606,9.43158600879209e-65,35,"TMEM163"
"1746",3.20335000667464e-69,-1.31753035997815,0.728,0.934,1.17245813594298e-64,35,"ANK2"
"1747",1.87061634676843e-68,-1.95538229325538,0.317,0.848,6.84664289080711e-64,35,"NCAM2"
"1748",6.45429876929513e-68,-4.55189830926428,0.052,0.616,2.36233789254971e-63,35,"DGKB"
"1749",7.23216235509586e-68,1.71172348280884,0.838,0.627,2.64704374358864e-63,35,"CACNA1D"
"1750",4.20694049017303e-67,0.954637678045331,0.755,0.304,1.53978228880823e-62,35,"ADARB2"
"1751",0,4.19355977594204,0.952,0.103,0,36,"PPP1R14A"
"1752",0,3.54151785263015,0.96,0.117,0,36,"MOBP"
"1753",0,3.18723535391601,0.96,0.131,0,36,"ST18"
"1754",0,4.11468933194345,0.938,0.11,0,36,"ANLN"
"1755",0,3.40777925082187,0.978,0.164,0,36,"TF"
"1756",0,4.57876036490923,0.915,0.106,0,36,"SELENOP"
"1757",0,3.70387717263061,0.904,0.102,0,36,"APOD"
"1758",0,3.78224769943554,0.956,0.167,0,36,"TMEM144"
"1759",0,4.16578809510234,0.864,0.078,0,36,"ERMN"
"1760",0,3.85649151967003,0.982,0.198,0,36,"SPP1"
"1761",0,3.7387952619513,0.879,0.103,0,36,"CLDN11"
"1762",0,4.58584726777362,0.812,0.062,0,36,"HAPLN2"
"1763",0,3.6094672829101,0.827,0.085,0,36,"RNASE1"
"1764",0,3.90337335196931,0.875,0.136,0,36,"FAM107B"
"1765",0,3.56581706902194,0.812,0.075,0,36,"MAG"
"1766",0,5.08437669118664,0.82,0.084,0,36,"MYLK"
"1767",0,3.33821394975601,0.864,0.128,0,36,"UGT8"
"1768",0,4.21419928865548,0.728,0.059,0,36,"S100A1"
"1769",0,3.35594297832244,0.728,0.075,0,36,"SLC5A11"
"1770",0,3.75663980129845,0.739,0.087,0,36,"HSPA2"
"1771",0,3.70019084290701,0.713,0.062,0,36,"NKX6-2"
"1772",0,4.16214827614011,0.743,0.097,0,36,"LRP2"
"1773",0,4.13557446955479,0.695,0.052,0,36,"CMTM5"
"1774",0,4.42445667983894,0.673,0.072,0,36,"SCRG1"
"1775",0,3.55342761208961,0.665,0.064,0,36,"SHROOM4"
"1776",0,3.22325675642591,0.651,0.068,0,36,"MOG"
"1777",0,3.72323149575971,0.629,0.05,0,36,"KLK6"
"1778",0,3.48019544987496,0.618,0.062,0,36,"CARNS1"
"1779",0,3.88903114717642,0.588,0.049,0,36,"RASSF2"
"1780",0,4.42137798591583,0.434,0.027,0,36,"TMEM125"
"1781",0,4.37148197901118,0.43,0.03,0,36,"ENPP6"
"1782",0,4.83717031786424,0.305,0.013,0,36,"GPIHBP1"
"1783",0,6.63219558969238,0.265,0.008,0,36,"AC104423.1"
"1784",2.7295980816493e-300,3.58399035189813,0.669,0.077,9.9906019386446e-296,36,"EVI2A"
"1785",1.57837472815384e-298,3.61632721898177,0.794,0.115,5.77700934251588e-294,36,"TSC22D4"
"1786",3.04888161737521e-296,4.00208491928686,0.776,0.114,1.1159211607755e-291,36,"CDKN1C"
"1787",1.59853406602424e-290,3.30298787149231,0.739,0.097,5.85079453505533e-286,36,"PMP22"
"1788",1.93541872754779e-288,4.55422836726931,0.691,0.092,7.08382608469765e-284,36,"SNORC"
"1789",1.26126516010698e-287,4.29382929500245,0.971,0.22,4.61635661250756e-283,36,"S100B"
"1790",2.42411456774035e-284,3.5026365406464,0.794,0.119,8.87250172938646e-280,36,"GPR37"
"1791",2.58031439283289e-284,3.23649254389585,0.673,0.081,9.44420870920767e-280,36,"AL033523.1"
"1792",1.02766383475455e-282,3.82617064794564,1,0.234,3.76135240158513e-278,36,"PLP1"
"1793",8.32214677168736e-277,3.8142139758846,0.559,0.057,3.04598893990529e-272,36,"PRR5L"
"1794",1.0542992765517e-271,3.032986224299,0.636,0.073,3.85884078210687e-267,36,"BCAS1"
"1795",1.42291109488469e-266,3.19821766301685,0.629,0.074,5.20799689838745e-262,36,"ABCA8"
"1796",2.33815658928195e-266,2.59379878659344,0.787,0.114,8.55788693243088e-262,36,"AC012494.1"
"1797",2.81203559015115e-263,3.0129544343327,0.908,0.17,1.02923314635122e-258,36,"ZEB2"
"1798",1.46571760847939e-259,3.27136791255399,0.717,0.101,5.36467301879541e-255,36,"C10orf90"
"1799",6.49189694594409e-258,3.20440536129183,0.618,0.074,2.376099201185e-253,36,"OLIG1"
"1800",1.17552590519062e-255,4.37112981885868,0.353,0.025,4.30254236558818e-251,36,"LINC01445"
"1801",0,3.07928892724393,0.966,0.137,0,37,"KIT"
"1802",0,3.27833323316782,0.916,0.114,0,37,"OTX2"
"1803",0,3.39315332979974,0.836,0.074,0,37,"IGF1"
"1804",0,2.92934547734657,0.756,0.067,0,37,"GATA3"
"1805",0,2.88510347828601,0.668,0.058,0,37,"CPLX3"
"1806",0,4.62541923645776,0.5,0.021,0,37,"AC005040.2"
"1807",0,3.11621389705234,0.433,0.025,0,37,"PRL"
"1808",1.0583602676587e-301,2.59807447003364,0.672,0.063,3.87370441565759e-297,37,"LINC01210"
"1809",6.63827594761319e-297,2.93783687115174,0.529,0.04,2.4296753795859e-292,37,"SOX14"
"1810",1.19183616279104e-293,2.93867724524893,0.475,0.033,4.36223953943148e-289,37,"DMBX1"
"1811",5.44006466335307e-284,2.8542955175101,0.971,0.151,1.99111806743386e-279,37,"GAD2"
"1812",1.08957085882951e-277,2.73772923460162,0.571,0.05,3.98793830040187e-273,37,"AL161757.4"
"1813",1.41206581238154e-274,2.96067142191038,0.962,0.156,5.16830207989768e-270,37,"OTX2-AS1"
"1814",1.89795521592125e-273,3.04954523414951,0.66,0.068,6.94670588579337e-269,37,"LINC02253"
"1815",3.11116947399197e-272,2.99425044716218,0.929,0.148,1.1387191391758e-267,37,"RORB"
"1816",2.13674739903929e-255,2.66220368362045,0.954,0.159,7.8207091552237e-251,37,"GAD1"
"1817",4.36123552105376e-242,2.75033332305299,0.962,0.175,1.59625581306089e-237,37,"MEIS2"
"1818",3.9535788966281e-241,2.40745350574552,0.803,0.113,1.44704941195485e-236,37,"SLC6A11"
"1819",1.29299961556523e-231,3.13628822379091,0.403,0.03,4.73250789293029e-227,37,"RORB-AS1"
"1820",5.41432954214446e-229,2.49881583557708,0.567,0.058,1.98169875572029e-224,37,"NPPC"
"1821",3.38565520261165e-228,2.36836404046972,0.639,0.073,1.23918366070789e-223,37,"SHISA8"
"1822",1.53503892234427e-227,3.02262757203101,0.92,0.177,5.61839595967225e-223,37,"GREM2"
"1823",1.52045895756066e-222,2.92667745043841,0.95,0.202,5.56503183056778e-218,37,"NR2F2"
"1824",5.76783292368965e-217,2.89748851028483,0.542,0.057,2.11108452839965e-212,37,"SERTM1"
"1825",2.87734319879891e-212,2.93649239399968,0.58,0.067,1.05313638419239e-207,37,"AL359546.1"
"1826",9.90977646040339e-211,2.71574386474245,0.878,0.163,3.62707728227225e-206,37,"AC016717.2"
"1827",2.93484343361393e-201,2.46507751004559,0.702,0.1,1.07418204513703e-196,37,"TSPAN18"
"1828",3.90327937431897e-198,2.43455122852131,0.832,0.143,1.42863928379449e-193,37,"HTR2A"
"1829",2.16881925823819e-196,2.824058457511,0.887,0.18,7.9380953670776e-192,37,"SEMA3C"
"1830",2.60117589828079e-188,2.37876249761415,0.626,0.084,9.52056390529751e-184,37,"SERPINF1"
"1831",1.49755883234775e-186,2.684110129024,0.378,0.032,5.481215082276e-182,37,"UNCX"
"1832",5.19917565991976e-184,2.67624283692098,0.987,0.277,1.90295028328723e-179,37,"SYNPR"
"1833",4.24337286441761e-179,2.52904483120524,0.95,0.239,1.55311690210549e-174,37,"PDZRN3"
"1834",1.84897130456339e-176,3.29750765277914,0.332,0.027,6.76741987183246e-172,37,"TMEM215"
"1835",7.37579823908045e-173,2.46456123487999,0.971,0.249,2.69961591348584e-168,37,"NR2F2-AS1"
"1836",1.00390818503178e-172,2.68801138147365,0.324,0.026,3.6744043480348e-168,37,"HGF"
"1837",1.26504693452621e-168,2.3262075438633,0.437,0.046,4.63019828505939e-164,37,"SLC32A1"
"1838",2.70914762361752e-167,2.37842749472288,0.95,0.254,9.9157512172025e-163,37,"SLC6A1"
"1839",1.64574289070677e-165,2.61441324274429,0.433,0.046,6.02358355427586e-161,37,"CASR"
"1840",1.93473660898307e-164,2.06106899239915,0.739,0.132,7.08132946253892e-160,37,"ZFPM2-AS1"
"1841",4.82249518102525e-163,2.58769379744718,0.412,0.043,1.76508146120705e-158,37,"HRH1"
"1842",4.28445189850032e-162,2.36621667724266,0.786,0.157,1.5681522393701e-157,37,"PPP1R14C"
"1843",3.5816206900533e-158,2.50890682081627,0.987,0.327,1.31090898876641e-153,37,"ZFPM2"
"1844",1.53582957279289e-157,2.39561745506982,0.866,0.191,5.62128981937925e-153,37,"PRSS12"
"1845",2.07890851590965e-157,2.22916173842442,0.731,0.134,7.60901305908092e-153,37,"SMAD9"
"1846",1.55991194773759e-156,2.20861504896447,0.84,0.184,5.70943371991437e-152,37,"HPCA"
"1847",5.17143095765614e-156,2.00424565014323,0.655,0.107,1.89279544481172e-151,37,"KCNIP2"
"1848",9.25943325000068e-155,2.35856225739542,0.613,0.097,3.38904516383275e-150,37,"AC012409.2"
"1849",8.23705517422091e-153,2.7693585236357,0.987,0.398,3.0148445643166e-148,37,"NYAP2"
"1850",1.74210336377748e-152,2.01151076228465,0.962,0.249,6.37627252176194e-148,37,"RELN"
"1851",0,4.76009564548582,0.986,0.103,0,38,"ITGA8"
"1852",0,5.21074688758429,0.841,0.049,0,38,"LINC01239"
"1853",0,5.45844649403158,0.817,0.06,0,38,"LINC01151"
"1854",0,4.15288868083577,0.817,0.07,0,38,"ITIH5"
"1855",0,5.38414958462665,0.731,0.034,0,38,"AC037486.1"
"1856",0,5.12010097356386,0.635,0.034,0,38,"AL159156.1"
"1857",0,5.42142021716968,0.505,0.017,0,38,"SMILR"
"1858",0,4.48960106712075,0.365,0.017,0,38,"AC005323.2"
"1859",2.9557308164629e-275,3.70130435502828,0.668,0.064,1.08182703613358e-270,38,"BTNL9"
"1860",2.96049897836557e-261,3.93518342104555,0.433,0.028,1.08357223107158e-256,38,"DMRTA1"
"1861",5.73284428016906e-247,3.65719815098641,0.731,0.087,2.09827833498468e-242,38,"HMCN1"
"1862",1.23938782135304e-245,4.62057375802993,0.923,0.163,4.53628336493425e-241,38,"AL355612.1"
"1863",2.28414421307967e-242,4.44783031178237,0.385,0.024,8.36019623429291e-238,38,"AC073648.7"
"1864",1.94186569437494e-237,3.56619874885201,0.707,0.084,7.10742262798171e-233,38,"AC019211.1"
"1865",3.72626986460269e-235,4.41506522606454,0.356,0.021,1.36385203314323e-230,38,"AC104088.1"
"1866",7.69293885453258e-231,3.36293396727578,0.865,0.135,2.81569255014747e-226,38,"SULF1"
"1867",3.25594683177361e-205,3.45159557189565,0.966,0.223,1.19170909989746e-200,38,"TMEM132C"
"1868",2.2541952186206e-197,3.5580232055757,0.582,0.067,8.25057991967327e-193,38,"AC067956.1"
"1869",3.95575276507671e-195,4.0301292250789,0.361,0.026,1.44784506954573e-190,38,"ERVMER61-1"
"1870",6.93086558747143e-194,3.76751502692883,0.462,0.043,2.53676611367042e-189,38,"EGFLAM"
"1871",4.92769628640312e-193,3.05881069782266,0.923,0.191,1.8035861177864e-188,38,"ADCY2"
"1872",5.64510009972182e-193,4.79555473291641,0.173,0.006,2.06616308749918e-188,38,"AC005323.1"
"1873",2.22590204427891e-191,5.40836224520792,0.197,0.008,8.14702407226523e-187,38,"AC006487.1"
"1874",1.02174053626766e-189,3.40054625604829,0.942,0.215,3.73967253679324e-185,38,"ZNF423"
"1875",2.40103928661847e-180,5.10663607472451,0.183,0.007,8.78804389295225e-176,38,"AL353730.1"
"1876",1.48940465745949e-177,3.70680288349005,0.476,0.049,5.45136998676748e-173,38,"LINC00378"
"1877",1.23515273044568e-172,2.89944647977826,0.861,0.179,4.52078250870425e-168,38,"GOLIM4"
"1878",4.43760833262799e-169,3.34717180477843,0.803,0.16,1.62420902582517e-164,38,"SVIL"
"1879",5.72383591896417e-169,2.83651987756507,0.856,0.169,2.09498118470008e-164,38,"FBN2"
"1880",3.40441179049382e-167,3.51430959858164,0.995,0.363,1.24604875943864e-162,38,"TLL1"
"1881",6.63075458714499e-165,2.34161471512979,0.688,0.104,2.42692248644094e-160,38,"SLC7A11"
"1882",6.03467930413972e-164,3.19862320006618,0.635,0.095,2.20875297210818e-159,38,"SOX13"
"1883",3.92725658817132e-162,4.47171691769043,0.264,0.017,1.43741518383659e-157,38,"CYP24A1"
"1884",5.04371682826405e-159,4.13891695215568,1,0.448,1.84605079631292e-154,38,"KIAA1217"
"1885",1.88595899683315e-158,3.78477240194711,0.99,0.414,6.90279852430902e-154,38,"CACNA2D3"
"1886",2.19321632520301e-155,2.91121001713987,0.702,0.119,8.02739107187554e-151,38,"AC007368.1"
"1887",2.44185815147699e-153,3.54392404536251,0.418,0.043,8.93744502022095e-149,38,"COL6A5"
"1888",4.66738118424072e-150,3.21490152599176,0.596,0.09,1.70830818724394e-145,38,"PRKCQ"
"1889",7.34237453204283e-150,4.42089973040379,0.188,0.009,2.687382502473e-145,38,"AL355076.2"
"1890",1.80451883321248e-148,3.02148582610387,1,0.456,6.60471938144099e-144,38,"SEZ6L"
"1891",2.33579128677128e-148,3.31000346894447,0.346,0.031,8.54922968871156e-144,38,"LRAT"
"1892",8.55336970000849e-148,2.9078585215753,0.736,0.142,3.13061884390011e-143,38,"PRSS23"
"1893",1.25489347764738e-147,2.95760364775533,0.514,0.066,4.59303561753719e-143,38,"AC107208.1"
"1894",3.92255310734031e-147,2.63786199271829,0.87,0.211,1.43569366281763e-142,38,"CBLN4"
"1895",2.35437075444948e-146,2.75132488081497,0.938,0.274,8.61723239836054e-142,38,"PDZD2"
"1896",3.45401530248246e-146,2.42822337469614,0.587,0.083,1.26420414086161e-141,38,"LINC00616"
"1897",3.02342572612239e-141,2.68683425793841,0.707,0.13,1.10660405001806e-136,38,"TRHDE"
"1898",2.04915468448461e-140,4.313621748096,0.255,0.018,7.50011106068212e-136,38,"ABCB4"
"1899",4.37426471006462e-140,3.21328145759512,0.582,0.091,1.60102462653075e-135,38,"CYP27C1"
"1900",3.03490292287978e-138,2.41584593964955,0.99,0.327,1.11080481880323e-133,38,"NXPH1"
"1901",6.33603430791516e-257,3.09639741150547,0.941,0.137,2.31905191704003e-252,39,"KIT"
"1902",2.7793796208798e-238,3.21799878186628,0.931,0.152,1.01728073503822e-233,39,"GAD2"
"1903",1.2103996248772e-214,2.82865614413828,0.926,0.156,4.43018366701305e-210,39,"OTX2-AS1"
"1904",1.97787481168079e-204,2.6732349520369,0.926,0.159,7.23921959823288e-200,39,"GAD1"
"1905",3.89022665123434e-173,2.76624798194396,0.828,0.148,1.42386185661828e-168,39,"RORB"
"1906",2.56039648874453e-162,2.86953597796801,0.583,0.076,9.37130718845384e-158,39,"IGF1"
"1907",1.32821206399428e-160,3.15606196398598,0.701,0.115,4.86138897542545e-156,39,"OTX2"
"1908",2.46998348173583e-154,2.88770879618022,0.961,0.278,9.04038654150132e-150,39,"SYNPR"
"1909",4.01936153632005e-153,2.23555055450188,0.887,0.176,1.4711265159085e-148,39,"MEIS2"
"1910",2.62753345075121e-152,3.33047433056737,0.456,0.051,9.61703518309451e-148,39,"AL161757.4"
"1911",1.96890747354902e-151,2.70513763521713,0.5,0.059,7.20639824393676e-147,39,"CPLX3"
"1912",1.33462321050543e-143,3.02553103397652,0.799,0.178,4.88485441277092e-139,39,"GREM2"
"1913",2.42036927531266e-135,2.42553519264409,0.853,0.202,8.85879358457186e-131,39,"NR2F2"
"1914",1.66786851420466e-134,2.68228295776833,0.809,0.181,6.10456554884049e-130,39,"SEMA3C"
"1915",1.79766334425568e-126,2.93059174818646,0.495,0.069,6.57962760631021e-122,39,"LINC02253"
"1916",8.5056984467308e-124,2.46786781683728,0.632,0.114,3.11317068848794e-119,39,"SLC6A11"
"1917",1.74478156179689e-120,2.35344694903145,0.956,0.328,6.38607499433279e-116,39,"ZFPM2"
"1918",2.35050947378258e-117,2.6062483282213,0.799,0.201,8.60309972499162e-113,39,"COL21A1"
"1919",4.09935369554826e-117,2.75116511918193,0.887,0.297,1.50040444610762e-112,39,"PCBP3"
"1920",4.18194922969266e-114,2.60654537025157,0.941,0.371,1.53063523755981e-109,39,"UNC13C"
"1921",1.4743712972596e-113,2.49613806224149,0.941,0.373,5.39634638509984e-109,39,"SPHKAP"
"1922",2.31662231070992e-112,2.28990094915455,0.657,0.133,8.47906931942937e-108,39,"ZFPM2-AS1"
"1923",4.70377416535775e-106,2.43883189266081,0.936,0.398,1.72162838226259e-101,39,"NYAP2"
"1924",8.19904506878948e-106,2.67978001450207,0.441,0.064,3.00093248562764e-101,39,"LINC01210"
"1925",6.10653061598722e-102,5.81078185049747,0.054,0.001,2.23505127075748e-97,39,"AL589642.1"
"1926",1.20145200259724e-101,2.1305705649415,0.853,0.25,4.39743447470617e-97,39,"RELN"
"1927",1.2778362972013e-99,2.63052106513755,0.73,0.193,4.67700863138647e-95,39,"AC009264.1"
"1928",1.91171295401985e-97,2.21716374755641,0.897,0.338,6.99706058300806e-93,39,"NELL1"
"1929",2.25966098531134e-96,2.09463615402342,0.995,0.779,8.27058517233803e-92,39,"DLGAP1"
"1930",1.85498194641845e-95,1.42917148361732,1,0.865,6.78941942208615e-91,39,"SYT1"
"1931",1.80230669004776e-94,2.3337652760447,0.809,0.255,6.59662271624381e-90,39,"SLC6A1"
"1932",2.7213410573621e-94,2.10323858154066,0.99,0.631,9.96038040405101e-90,39,"NRXN3"
"1933",1.33132036193849e-93,1.99122848377734,0.98,0.466,4.87276565673105e-89,39,"GRIK1"
"1934",1.44013905921898e-93,1.87801366411917,0.824,0.24,5.27105297064739e-89,39,"PDZRN3"
"1935",2.76124087608431e-93,1.93789317613323,0.838,0.25,1.01064177305562e-88,39,"NR2F2-AS1"
"1936",8.04109164038382e-90,1.13306939773369,0.941,0.304,2.94311995129688e-85,39,"ADARB2"
"1937",7.19211269543599e-88,2.0691295086296,0.912,0.373,2.63238516765653e-83,39,"CHRM2"
"1938",2.1178807078253e-87,2.98269145226335,0.441,0.078,7.75165517871137e-83,39,"MAB21L1"
"1939",1.62007330405182e-83,2.03307756179173,0.794,0.254,5.92963030016006e-79,39,"EPHA3"
"1940",1.07665549964796e-81,1.58037822043771,0.971,0.843,3.94066679426149e-77,39,"GPM6A"
"1941",2.29240117736043e-81,2.37553561114965,0.598,0.145,8.3904175492569e-77,39,"HTR2A"
"1942",5.50111843230294e-81,2.13381119722214,0.696,0.192,2.0134643574072e-76,39,"PRSS12"
"1943",1.18203759172395e-80,2.81852384816532,0.436,0.08,4.32637578946882e-76,39,"TSPAN12"
"1944",3.00554052526461e-80,2.32215868509799,0.765,0.27,1.1000578876521e-75,39,"IGSF3"
"1945",1.61373151730051e-79,2.04219441938223,0.917,0.541,5.90641872647161e-75,39,"B4GALT6"
"1946",7.22716243643466e-79,2.96112900001454,0.363,0.058,2.64521372335945e-74,39,"SERTM1"
"1947",7.45933531559017e-79,1.69235271908438,0.98,0.716,2.73019131885916e-74,39,"ZEB1"
"1948",2.755012225178e-77,2.789127271514,0.304,0.042,1.0083620245374e-72,39,"SOX14"
"1949",4.519035077357e-77,1.6025251780861,0.966,0.81,1.65401202866344e-72,39,"PLCG2"
"1950",5.46757182316419e-77,1.78496402524895,0.971,0.627,2.00118596299633e-72,39,"CACNA1D"
"1951",0,6.61099101658987,0.774,0.029,0,40,"IFITM3"
"1952",0,7.32089297234237,0.749,0.032,0,40,"COBLL1"
"1953",0,7.83427964457739,0.713,0.015,0,40,"EPAS1"
"1954",0,6.33970702388801,0.738,0.06,0,40,"IGFBP7"
"1955",0,7.70087353175551,0.728,0.052,0,40,"RGS5"
"1956",0,6.18583976546051,0.718,0.066,0,40,"A2M"
"1957",0,5.25121667148418,0.682,0.042,0,40,"VIM"
"1958",0,6.18114377960905,0.672,0.039,0,40,"IFI27"
"1959",0,7.70759517731204,0.641,0.015,0,40,"CLDN5"
"1960",0,5.50879163812793,0.636,0.046,0,40,"ATP1A2"
"1961",0,6.39765650545266,0.579,0.019,0,40,"HLA-E"
"1962",0,8.23143204847979,0.559,0.006,0,40,"GNG11"
"1963",0,5.8878477378388,0.574,0.022,0,40,"ID3"
"1964",0,7.99781454432186,0.564,0.013,0,40,"ABCG2"
"1965",0,9.15052946544197,0.559,0.013,0,40,"FLT1"
"1966",0,6.95989112666471,0.574,0.029,0,40,"DCN"
"1967",0,6.63110108849728,0.554,0.024,0,40,"ID1"
"1968",0,6.79110878965694,0.544,0.028,0,40,"ADIRF"
"1969",0,7.57452774194976,0.513,0.007,0,40,"BST2"
"1970",0,6.85088263770496,0.513,0.023,0,40,"RAMP2"
"1971",0,7.61074675715311,0.492,0.008,0,40,"IFITM2"
"1972",0,8.35830578685393,0.477,0.005,0,40,"ADGRF5"
"1973",0,7.22553004810449,0.492,0.021,0,40,"NDUFA4L2"
"1974",0,8.5916849218905,0.462,0.005,0,40,"HIGD1B"
"1975",0,6.97130779005727,0.467,0.018,0,40,"KLF2"
"1976",0,5.14294745548376,0.462,0.016,0,40,"SRGN"
"1977",0,7.66011108100483,0.446,0.009,0,40,"MUSTN1"
"1978",0,6.89281013323982,0.456,0.019,0,40,"MECOM"
"1979",0,8.02276709135073,0.436,0.007,0,40,"VWF"
"1980",0,5.73066877333553,0.441,0.013,0,40,"IFI44L"
"1981",0,5.9595524694222,0.436,0.015,0,40,"S100A11"
"1982",0,7.07475334316866,0.426,0.013,0,40,"MYL9"
"1983",0,8.60005735389652,0.385,0.004,0,40,"CAVIN2"
"1984",0,6.40789485119829,0.359,0.014,0,40,"EMP2"
"1985",0,7.17918559346596,0.349,0.008,0,40,"PLAC9"
"1986",0,6.3609869000777,0.349,0.01,0,40,"XAF1"
"1987",0,8.08755494281011,0.344,0.006,0,40,"CFH"
"1988",0,7.90840289168742,0.338,0.004,0,40,"TM4SF1"
"1989",0,7.83078753037981,0.333,0.007,0,40,"SOX18"
"1990",0,8.20955343466982,0.328,0.003,0,40,"ICAM2"
"1991",0,7.99436256290133,0.328,0.007,0,40,"NOTCH3"
"1992",0,7.94365652967526,0.318,0.004,0,40,"COL1A2"
"1993",0,7.03816386375932,0.297,0.006,0,40,"BGN"
"1994",0,8.79942945522692,0.292,0.004,0,40,"FOXQ1"
"1995",0,7.14767142330707,0.287,0.003,0,40,"TNFSF10"
"1996",0,6.86812025348336,0.287,0.008,0,40,"ENG"
"1997",0,6.69603590147055,0.287,0.01,0,40,"MGP"
"1998",0,6.7360848543024,0.282,0.01,0,40,"PRELP"
"1999",0,8.24427046280621,0.272,0.003,0,40,"TGM2"
"2000",0,7.65528321923865,0.256,0.004,0,40,"GGT5"
"2001",3.46627563114252e-177,4.72444100143564,0.508,0.055,1.26869154375448e-172,41,"AC104170.1"
"2002",3.01755244242748e-176,4.20918182365958,1,0.323,1.10445436945288e-171,41,"AC008415.1"
"2003",1.73469086314229e-169,3.81526613075249,0.974,0.28,6.34914202818711e-165,41,"GPR149"
"2004",3.78986965037184e-163,4.2592138945155,1,0.377,1.3871301907326e-158,41,"AC109466.1"
"2005",3.73332513809535e-149,3.97534651486236,0.87,0.23,1.36643433379428e-144,41,"KCNIP1"
"2006",5.57774513467447e-149,4.11728038242112,0.788,0.174,2.0415104967422e-144,41,"LHFPL2"
"2007",7.59284477089681e-145,4.2680899067655,0.544,0.076,2.77905711459594e-140,41,"AC114321.1"
"2008",7.57959914863133e-137,3.4169517418164,0.927,0.3,2.77420908439055e-132,41,"SHROOM3"
"2009",2.36470961172112e-131,3.17375841317853,0.876,0.253,8.65507364986046e-127,41,"AC132153.1"
"2010",4.58965052616859e-121,3.15639078505745,1,0.697,1.67985798908296e-116,41,"EPHA6"
"2011",2.31258364473033e-120,3.01524518174314,0.979,0.438,8.46428739807749e-116,41,"OPRM1"
"2012",2.99514583973586e-120,3.02178766235345,0.974,0.412,1.09625332880172e-115,41,"PDZRN4"
"2013",1.03153014300945e-117,4.11337322996437,0.404,0.05,3.77550347642888e-113,41,"MEGF6"
"2014",2.59710297383646e-114,2.51151689181136,1,0.861,9.50565659453882e-110,41,"GRID2"
"2015",7.86527301036215e-112,2.5804775519686,0.984,0.433,2.87876857452265e-107,41,"NWD2"
"2016",1.46126110789656e-109,2.67402873123111,0.953,0.432,5.34836178101221e-105,41,"PLD5"
"2017",4.20881859305111e-108,3.12543830622961,0.979,0.52,1.54046969324264e-103,41,"ASIC2"
"2018",2.09589264694277e-106,2.43930342939361,1,0.684,7.67117667707523e-102,41,"DPP10"
"2019",3.04398372758887e-106,2.98108555493085,0.855,0.285,1.1141284841348e-101,41,"MCC"
"2020",1.29764851020355e-104,2.94215985952704,0.953,0.564,4.74952331219603e-100,41,"LCORL"
"2021",1.58831552809654e-104,2.65090263633215,0.969,0.507,5.81339366438616e-100,41,"SEMA6D"
"2022",2.14164784668824e-103,2.33398509701048,0.995,0.682,7.83864528366364e-99,41,"MTUS2"
"2023",1.4434649287053e-101,2.35073817112722,0.99,0.629,5.28322598555426e-97,41,"PCSK2"
"2024",3.45111619832653e-101,3.79309942820153,0.513,0.093,1.26314303974949e-96,41,"AC008574.1"
"2025",1.2207129293501e-99,3.63675209387553,0.487,0.084,4.46793139271432e-95,41,"LINC00616"
"2026",1.46094506193067e-96,2.3533279351104,0.964,0.559,5.34720502117243e-92,41,"SGCD"
"2027",1.02717237304615e-95,2.31225178438899,0.99,0.621,3.7595536025862e-91,41,"GPC6"
"2028",7.95848382741767e-92,2.36186462053798,0.964,0.642,2.91288466567314e-87,41,"PARD3"
"2029",1.84442976696171e-89,3.3011321126947,0.513,0.101,6.75079739005656e-85,41,"LINC02143"
"2030",1.88405733535446e-89,1.82466253410316,0.99,0.852,6.89583825313086e-85,41,"CADM1"
"2031",6.66415983666e-89,1.84720721558011,1,0.845,2.43914914181593e-84,41,"NCAM2"
"2032",1.14840791006729e-88,1.96461569200169,0.979,0.779,4.20328779163728e-84,41,"CDK14"
"2033",1.03213699215446e-87,1.96569243488986,1,0.705,3.77772460498454e-83,41,"TRPM3"
"2034",6.81728799148562e-87,2.01376284432596,0.99,0.669,2.49519557776365e-82,41,"MSI2"
"2035",7.21209709071119e-84,1.79750893603458,1,0.754,2.6396996561712e-79,41,"TENM2"
"2036",4.44609547981201e-83,1.96178064502113,0.99,0.697,1.627315406566e-78,41,"KCTD8"
"2037",6.95737935904414e-83,2.30781096060807,0.943,0.584,2.54647041920375e-78,41,"RGS6"
"2038",8.65250288907668e-83,2.30677890049544,0.922,0.47,3.16690258243095e-78,41,"DACH1"
"2039",5.62435019816748e-82,1.77854513294163,0.995,0.839,2.05856841603128e-77,41,"NKAIN2"
"2040",2.00207638973518e-81,2.18678768211801,0.969,0.689,7.32779979406975e-77,41,"CNNM2"
"2041",2.4411549015838e-80,1.82750170258615,0.984,0.712,8.93487105528688e-76,41,"CACNA1E"
"2042",1.24798771564046e-79,1.95174797429465,0.964,0.735,4.56775983801566e-75,41,"GABBR2"
"2043",5.37400122203693e-79,2.15449867785019,0.943,0.593,1.96693818727774e-74,41,"VAV3"
"2044",4.3733325381455e-77,1.81125477394481,0.943,0.405,1.60068344228663e-72,41,"CADPS2"
"2045",9.47251462329867e-77,2.62754233317564,0.86,0.429,3.46703507727355e-72,41,"SLC35F3"
"2046",2.04412321364846e-75,1.80796955907494,0.788,0.266,7.48169537427471e-71,41,"SOX6"
"2047",2.64111207217393e-74,2.89575306769407,0.777,0.35,9.6667342953638e-70,41,"PTPDC1"
"2048",2.69152103414247e-72,2.49015570277627,0.85,0.452,9.85123613706484e-68,41,"TTC39C"
"2049",3.03977600520175e-72,2.92802594890716,0.637,0.198,1.11258841566389e-67,41,"CHRNB3"
"2050",6.33145625134359e-72,2.73254221080091,0.819,0.408,2.31737630255427e-67,41,"MCTP1"
"2051",2.5192622111025e-167,2.73820755281843,0.566,0.051,9.22075161885626e-163,42,"GAL"
"2052",6.91894458799542e-164,3.60182256805606,0.414,0.028,2.5324029086522e-159,42,"DMRTA1"
"2053",5.75993653311924e-143,3.15470966609421,0.483,0.043,2.10819437048697e-138,42,"COL6A5"
"2054",1.76318089792468e-140,1.59820377757869,0.924,0.138,6.45341840449411e-136,42,"KIT"
"2055",1.47774592879916e-139,2.78673576427253,0.366,0.026,5.4086978739978e-135,42,"FZD5"
"2056",2.99169674608662e-133,3.07454215956014,0.752,0.113,1.09499092603516e-128,42,"CTXN3"
"2057",3.08627132548974e-131,3.44201519794448,0.297,0.018,1.1296061678425e-126,42,"SMILR"
"2058",1.17674055819848e-126,3.11262003716596,0.49,0.05,4.30698811706225e-122,42,"LINC01239"
"2059",1.05475275304432e-124,0.851294372519256,0.966,0.157,3.86050055141752e-120,42,"OTX2-AS1"
"2060",6.23646348127146e-122,3.55134745134966,0.317,0.022,2.28260799878017e-117,42,"TMEM100"
"2061",1.21303620079319e-113,3.11370993996377,0.51,0.06,4.43983379852315e-109,42,"GPR83"
"2062",2.44591310201307e-109,2.66885702029245,0.669,0.104,8.95228654467804e-105,42,"ITGA8"
"2063",5.74881583849241e-109,1.69499121649058,0.517,0.06,2.10412408504661e-104,42,"CPLX3"
"2064",6.19952548867317e-102,2.90805718076905,0.49,0.06,2.26908832410927e-97,42,"MATN3"
"2065",1.333305431782e-98,2.88566851981798,0.483,0.061,4.88003121086529e-94,42,"LINC01151"
"2066",1.97984463039803e-94,3.49684350927659,0.179,0.009,7.24642933171984e-90,42,"TCIM"
"2067",8.87365341704254e-94,1.23123805135114,0.855,0.16,3.24784588717174e-89,42,"GAD1"
"2068",3.35192024197895e-93,3.5391628119732,0.241,0.017,1.22683632776672e-88,42,"CLEC3A"
"2069",4.35923442835875e-92,2.27418548407349,0.828,0.184,1.59552339312359e-87,42,"RGS16"
"2070",1.21524736141495e-91,2.69540981305208,0.359,0.036,4.44792686751485e-87,42,"AC037486.1"
"2071",1.7078134715655e-91,3.35637534730759,0.241,0.017,6.25076808727689e-87,42,"CYP24A1"
"2072",3.55886056197128e-89,1.00044874473663,0.821,0.149,1.30257855428711e-84,42,"RORB"
"2073",3.35705937378822e-87,2.10521525984182,0.559,0.085,1.22871730140023e-82,42,"AC019211.1"
"2074",1.24529757109534e-83,2.15442996411847,0.345,0.036,4.55791363996606e-79,42,"FAM114A1"
"2075",4.19381022481765e-82,2.30570072991754,0.49,0.072,1.53497648038551e-77,42,"ITIH5"
"2076",1.09350276736668e-81,1.75163311298455,0.372,0.042,4.00232947883879e-77,42,"SOX14"
"2077",3.37460047539847e-80,2.98276788011655,0.241,0.019,1.23513752000059e-75,42,"CACNA2D3-AS1"
"2078",1.25156506939606e-79,0.665278344843775,0.89,0.177,4.58085331049652e-75,42,"MEIS2"
"2079",3.67727015740744e-79,2.46904178627624,0.662,0.133,1.3459176503127e-74,42,"PVALB"
"2080",2.48824818726821e-78,0.67669559907094,0.807,0.153,9.10723719022038e-74,42,"GAD2"
"2081",4.23054102079974e-78,2.30158875784226,0.683,0.143,1.54842031902291e-73,42,"PRSS23"
"2082",1.78488710094906e-77,2.83432459455204,0.786,0.212,6.53286527818366e-73,42,"CBLN4"
"2083",3.29474072099437e-77,2.08555996933078,0.366,0.043,1.20590805129115e-72,42,"FGL2"
"2084",6.28548341892826e-76,1.96897328754457,0.559,0.096,2.30054978616193e-71,42,"S100A10"
"2085",1.05775960832474e-75,2.26512711044142,0.255,0.022,3.87150594242938e-71,42,"ZNF467"
"2086",1.80683169738239e-75,1.54139460760967,0.497,0.075,6.61318469558928e-71,42,"SHISA8"
"2087",1.76560583232026e-74,1.11792531207084,0.648,0.116,6.4622939068754e-70,42,"OTX2"
"2088",2.40321275308198e-74,1.44169119520267,0.834,0.203,8.79599899755537e-70,42,"NR2F2"
"2089",3.61300350286704e-74,2.01080101582401,0.676,0.139,1.32239541208437e-69,42,"LMO1"
"2090",9.86231834667263e-74,2.0732206975877,0.766,0.182,3.60970713806565e-69,42,"RAB3B"
"2091",1.79808063556284e-73,1.27132847672253,0.593,0.105,6.58115493422357e-69,42,"SLC7A11"
"2092",4.89388068016233e-73,1.78500438067669,0.676,0.138,1.79120926774622e-68,42,"CPNE6"
"2093",6.33723166812472e-73,2.78707484532385,0.317,0.036,2.31949016285033e-68,42,"AL159156.1"
"2094",1.84001126741593e-72,2.61108619939789,0.503,0.086,6.73462523986905e-68,42,"TPBG"
"2095",5.64208349882274e-72,2.4012681652474,0.393,0.053,2.06505898140411e-67,42,"LRTM1"
"2096",1.45499749784891e-71,2.86553987049301,0.366,0.047,5.3254363418768e-67,42,"INHBA"
"2097",2.17398778799863e-71,2.69324615891621,0.434,0.066,7.95701270285377e-67,42,"BTNL9"
"2098",2.14212830770988e-70,1.76009672638292,0.745,0.17,7.84040381904894e-66,42,"CPNE7"
"2099",1.73988299775344e-69,2.18403810669822,0.91,0.322,6.36814576007735e-65,42,"RIMS3"
"2100",2.2385398097376e-69,2.01981659952864,0.448,0.068,8.19327955762059e-65,42,"AC067956.1"
"2101",0,3.69399805260895,0.961,0.072,0,43,"CASQ2"
"2102",0,3.46094583233899,0.898,0.062,0,43,"SLC7A2"
"2103",1.93699638204872e-258,3.46459370286758,0.811,0.062,7.08960045793652e-254,43,"ITGA4"
"2104",9.02332459670548e-231,3.07760537585978,0.772,0.062,3.30262703564017e-226,43,"PHLDB2"
"2105",2.16969632842156e-224,3.07819438696948,0.866,0.08,7.94130553165575e-220,43,"ABHD12B"
"2106",8.32388184300427e-224,3.16540039650382,0.717,0.055,3.04662399335799e-219,43,"GABRD"
"2107",2.41584234409168e-216,2.85260215059443,0.906,0.091,8.84222456360997e-212,43,"ATP10A"
"2108",2.85389189878228e-216,3.31623974619933,0.685,0.052,1.0445529738733e-211,43,"TRABD2A"
"2109",2.28634896925862e-205,3.08711540987255,0.772,0.069,8.36826586238346e-201,43,"FAM20A"
"2110",8.86826122623772e-203,3.11187629936355,0.858,0.087,3.24587229141527e-198,43,"ADGRG6"
"2111",3.31192040805695e-201,3.01865267580026,0.913,0.1,1.21219598855293e-196,43,"MIR31HG"
"2112",2.92891933027235e-198,2.9940073263993,0.976,0.117,1.07201376407298e-193,43,"AC016766.1"
"2113",3.42029373811012e-196,2.52233557762657,0.843,0.083,1.25186171108569e-191,43,"CYP2J2"
"2114",2.22960779151027e-191,2.81246387774695,0.606,0.045,8.16058747770675e-187,43,"SPATA22"
"2115",3.15598230038761e-187,2.9742362032975,0.74,0.069,1.15512108176487e-182,43,"PLEKHD1"
"2116",7.59049668126371e-185,2.69026337959357,0.906,0.103,2.77819769030933e-180,43,"COL4A4"
"2117",3.90005366421066e-182,3.07587236298975,0.646,0.053,1.42745864163774e-177,43,"FAM163A"
"2118",1.1166818007262e-181,4.02086937682988,0.37,0.018,4.08716705883797e-177,43,"SYCP1"
"2119",9.39210204342319e-180,3.27514415600743,0.504,0.034,3.43760326891332e-175,43,"LINC00200"
"2120",3.2525358028638e-179,2.59435745319041,0.929,0.112,1.19046062920618e-174,43,"MRVI1"
"2121",1.2527221056946e-176,2.84719780686025,1,0.136,4.58508817905281e-172,43,"CCBE1"
"2122",3.94917912856644e-175,2.70398687844077,0.827,0.092,1.4454390528466e-170,43,"BCHE"
"2123",2.07525304468074e-174,2.88098867680119,0.732,0.072,7.59563366883599e-170,43,"HS3ST1"
"2124",5.32062311736133e-172,2.88346066772239,0.756,0.077,1.94740126718542e-167,43,"VANGL1"
"2125",4.47363165903805e-171,2.94572275862258,0.724,0.072,1.63739392352452e-166,43,"LINC01482"
"2126",2.01998621354187e-167,2.7824736801641,0.882,0.11,7.39335154018461e-163,43,"RASSF3"
"2127",8.24258621541319e-162,2.87141397022496,0.567,0.047,3.01686898070338e-157,43,"GJC1"
"2128",1.61144453595216e-160,2.98450927048558,0.535,0.042,5.89804814603849e-156,43,"ADGRD1"
"2129",2.83559444739038e-160,2.7301132474208,0.835,0.101,1.03785592368935e-155,43,"MIR222HG"
"2130",3.14730607787735e-160,2.65448240560392,0.882,0.114,1.15194549756389e-155,43,"CTSC"
"2131",6.61048963114973e-160,3.1491504268755,0.945,0.143,2.41950530989711e-155,43,"CD226"
"2132",5.57440478133273e-159,2.92125560586277,0.811,0.098,2.04028789401559e-154,43,"COL23A1"
"2133",1.45324765274804e-154,2.93348320429668,0.567,0.048,5.31903173382309e-150,43,"FGF5"
"2134",4.96702281042791e-152,2.73987952561476,0.992,0.158,1.81798001884472e-147,43,"IL1RAPL2"
"2135",1.43788489773355e-151,2.68657179913613,0.835,0.106,5.26280251419456e-147,43,"GDNF-AS1"
"2136",2.56412941845149e-151,2.05268307371653,0.945,0.132,9.38497008447431e-147,43,"PVALB"
"2137",2.5753146527632e-151,2.8160290187248,0.661,0.066,9.42590916057858e-147,43,"AC002383.1"
"2138",9.17572095745429e-149,3.08340562345265,0.693,0.076,3.35840562763785e-144,43,"SMCO2"
"2139",1.62729790912424e-145,2.12538528677977,0.811,0.1,5.95607307718563e-141,43,"UACA"
"2140",1.69418384747751e-145,2.16606645018543,0.787,0.095,6.20088230015244e-141,43,"NOTCH2"
"2141",1.99025621421941e-145,2.09621308002553,0.819,0.103,7.28453676966445e-141,43,"AC008691.1"
"2142",6.3501740227138e-142,3.7762169973292,0.354,0.021,2.32422719405348e-137,43,"LINC02351"
"2143",1.31665851129357e-141,2.76509064018607,0.827,0.112,4.8191018171856e-137,43,"LINC02653"
"2144",4.473003215336e-140,2.78936512113991,0.898,0.134,1.63716390684513e-135,43,"DPYS"
"2145",7.62834763843374e-139,2.62912813847945,0.898,0.136,2.79205151914313e-134,43,"COL4A3"
"2146",2.6335042449619e-137,2.50136410850339,0.992,0.168,9.63888888698504e-133,43,"PTPN3"
"2147",1.86568421018258e-135,2.33304544150627,0.669,0.074,6.82859077768925e-131,43,"CARD11"
"2148",2.30526342732302e-135,2.88240562487108,0.543,0.05,8.437494670345e-131,43,"AL162718.1"
"2149",2.36315267818194e-134,3.27975763838019,0.37,0.024,8.64937511741373e-130,43,"ADRA1D"
"2150",5.57130402628456e-134,2.56725360418163,0.622,0.067,2.03915298666041e-129,43,"CARTPT"
"2151",0,6.4118855600508,0.981,0.033,0,44,"DNAH11"
"2152",0,6.04276647912298,0.971,0.048,0,44,"ARMC3"
"2153",0,6.53500259731909,0.952,0.03,0,44,"ADGB"
"2154",0,6.63595332018965,0.943,0.024,0,44,"AC020718.1"
"2155",0,6.78611316635714,0.933,0.029,0,44,"AC019330.1"
"2156",0,6.74984720040343,0.933,0.032,0,44,"DTHD1"
"2157",0,5.81675554734283,0.905,0.044,0,44,"TTC29"
"2158",0,5.52886970664748,0.905,0.055,0,44,"SERPINI2"
"2159",0,6.05884899467497,0.848,0.032,0,44,"LMNTD1"
"2160",0,5.55198676599129,0.838,0.028,0,44,"CFAP157"
"2161",0,5.79308275937234,0.829,0.04,0,44,"ARMC4"
"2162",0,6.47118307022975,0.79,0.039,0,44,"AC004949.1"
"2163",0,5.99590167394769,0.771,0.025,0,44,"VWA3B"
"2164",0,6.00691711757386,0.752,0.033,0,44,"C6orf118"
"2165",0,4.1507379917592,0.752,0.036,0,44,"PTPRC"
"2166",0,6.59513363209321,0.724,0.013,0,44,"AC013470.2"
"2167",0,5.58783904166959,0.705,0.026,0,44,"MAP3K19"
"2168",0,6.00624126111507,0.695,0.024,0,44,"FAM81B"
"2169",0,5.894254518502,0.686,0.027,0,44,"COL8A1"
"2170",0,5.50206267685425,0.676,0.022,0,44,"CFAP73"
"2171",0,5.96676102572715,0.657,0.019,0,44,"RASSF9"
"2172",0,4.89691857973284,0.657,0.027,0,44,"ANXA1"
"2173",0,5.95429785613319,0.638,0.022,0,44,"MYLK3"
"2174",0,5.40369633964462,0.638,0.022,0,44,"TEKT1"
"2175",0,6.34047103622486,0.6,0.013,0,44,"CROCC2"
"2176",0,5.2240775610261,0.581,0.015,0,44,"FOXJ1"
"2177",0,5.19322487980466,0.581,0.022,0,44,"ABCC9"
"2178",0,6.46697001065402,0.543,0.009,0,44,"AC093689.1"
"2179",0,5.08660155486693,0.543,0.02,0,44,"SLC47A2"
"2180",0,5.67085020091787,0.524,0.015,0,44,"C7orf57"
"2181",0,6.4132857401373,0.495,0.012,0,44,"ENPEP"
"2182",0,5.40796000775202,0.495,0.016,0,44,"EXPH5"
"2183",0,6.08977234466775,0.457,0.009,0,44,"FAM216B"
"2184",0,6.65385941484168,0.438,0.009,0,44,"COL4A6"
"2185",0,5.97504123693699,0.429,0.012,0,44,"LINC00880"
"2186",0,5.95935620940381,0.419,0.01,0,44,"CFAP45"
"2187",0,6.08479631532546,0.419,0.011,0,44,"CCDC114"
"2188",0,5.75299600647627,0.41,0.011,0,44,"DNAI2"
"2189",0,6.65900251714633,0.371,0.006,0,44,"AC004879.1"
"2190",0,6.05609906211618,0.352,0.007,0,44,"AL645937.2"
"2191",0,6.76639867372761,0.305,0.004,0,44,"AC097713.1"
"2192",0,7.00165004060372,0.276,0.005,0,44,"OR14J1"
"2193",0,6.70553802951411,0.248,0.004,0,44,"OR2J2"
"2194",1.340522748447e-299,6.00588663093862,0.933,0.068,4.90644731159085e-295,44,"DNAH12"
"2195",3.05256593342524e-298,5.7652917001236,0.486,0.017,1.11726965729297e-293,44,"AC063979.2"
"2196",5.73972999170974e-293,5.52408783126495,0.648,0.031,2.10079857426568e-288,44,"SPATA18"
"2197",5.85257815712899e-293,4.90516805526265,0.933,0.067,2.14210213129078e-288,44,"GRAMD2B"
"2198",3.15975901049241e-288,5.64556726046584,0.676,0.035,1.15650339543033e-283,44,"FHAD1"
"2199",1.45592889035247e-287,5.51294881588684,0.79,0.048,5.32884533157909e-283,44,"WDR63"
"2200",3.51057940799858e-283,5.61044965104916,0.971,0.078,1.28490716912156e-278,44,"WDR49"
