"","p_val","avg_log2FC","pct.1","pct.2","p_val_adj","cluster","gene"
"1",0,-3.71048038734337,0.186,0.633,0,0,"VAV3"
"2",0,-3.11554686396097,0.238,0.684,0,0,"CPNE4"
"3",0,-4.14832895500239,0.03,0.454,0,0,"AC119673.2"
"4",0,1.67941030644804,0.873,0.467,0,0,"UNC5D"
"5",0,-2.75748824432148,0.114,0.515,0,0,"MTRNR2L12"
"6",0,-1.95493446644314,0.223,0.617,0,0,"DDAH1"
"7",0,2.55282222381885,0.648,0.255,0,0,"COL6A1"
"8",0,-2.97273985540087,0.077,0.468,0,0,"ZIC1"
"9",0,-2.71402390224072,0.096,0.483,0,0,"MIR2052HG"
"10",0,1.76866079237287,0.668,0.287,0,0,"GABRG3"
"11",0,-1.65648751461422,0.24,0.619,0,0,"NCALD"
"12",0,-4.48089186874775,0.093,0.467,0,0,"NWD2"
"13",0,-1.83648986579373,0.235,0.603,0,0,"ZNF608"
"14",0,-3.37830721502907,0.066,0.427,0,0,"OSBPL3"
"15",0,1.45716462798527,0.836,0.476,0,0,"TTTY14"
"16",0,-2.1592805843937,0.2,0.559,0,0,"SYT9"
"17",0,0.964192198051165,0.896,0.541,0,0,"GRM7"
"18",0,-2.9540113864471,0.35,0.7,0,0,"MSI2"
"19",0,-2.16907211515293,0.266,0.613,0,0,"SNCA"
"20",0,-2.75057643524852,0.153,0.5,0,0,"GUCY1A1"
"21",0,2.18285029938315,0.571,0.224,0,0,"GRM8"
"22",0,-1.91829319678788,0.233,0.579,0,0,"PCP4"
"23",0,-1.54289595660356,0.313,0.656,0,0,"MT-ND5"
"24",0,-1.44312595971295,0.382,0.724,0,0,"PSD3"
"25",0,2.44914856523295,0.575,0.234,0,0,"PNMA3"
"26",0,-2.40163943882914,0.096,0.435,0,0,"PDE3A"
"27",0,1.43901385913192,0.771,0.433,0,0,"KLHL1"
"28",0,1.03278939963826,0.907,0.572,0,0,"SNTG1"
"29",0,-1.5814419140101,0.321,0.654,0,0,"SCOC"
"30",0,-2.01672571086728,0.415,0.745,0,0,"FAT3"
"31",0,-2.09146504263252,0.384,0.711,0,0,"TMTC2"
"32",0,-1.80690772979429,0.309,0.632,0,0,"ST6GALNAC3"
"33",0,0.686633655362974,0.863,0.54,0,0,"BRINP3"
"34",0,-1.3896142256811,0.243,0.566,0,0,"BTBD3"
"35",0,-1.68142060476896,0.165,0.487,0,0,"MT-ND4L"
"36",0,-2.16633290567116,0.118,0.439,0,0,"C3orf70"
"37",0,0.720796047541036,0.949,0.63,0,0,"RBFOX1"
"38",0,1.18613646021111,0.821,0.503,0,0,"DAB1"
"39",0,-1.7218715837308,0.206,0.522,0,0,"SIPA1L2"
"40",0,1.73713741851692,0.641,0.325,0,0,"DLGAP2"
"41",0,2.22971109593026,0.503,0.191,0,0,"LINC02223"
"42",0,1.08168766537382,0.844,0.536,0,0,"PCDH7"
"43",0,-2.47133616802005,0.079,0.386,0,0,"WLS"
"44",0,-2.76977720660912,0.133,0.44,0,0,"KCNH8"
"45",0,-3.61376957519936,0.272,0.579,0,0,"QKI"
"46",0,-1.61097026496171,0.226,0.532,0,0,"HIPK2"
"47",0,-3.15510927561046,0.063,0.369,0,0,"LMCD1-AS1"
"48",0,1.66401011153548,0.527,0.223,0,0,"ADAMTS19"
"49",0,-1.4961519642317,0.205,0.507,0,0,"CUX2"
"50",0,-3.91455339365774,0.035,0.337,0,0,"RASGRP1"
"51",0,2.40436625431613,0.772,0.157,0,1,"XIST"
"52",0,-5.87969380433657,0.01,0.549,0,1,"USP9Y"
"53",0,2.53797169978101,0.761,0.232,0,1,"CDH4"
"54",0,-5.62245764080654,0.026,0.542,0,1,"TTTY14"
"55",0,-5.80771863402436,0.011,0.525,0,1,"UTY"
"56",0,2.55286049705971,0.751,0.245,0,1,"AC007614.1"
"57",0,1.89279860171951,0.872,0.379,0,1,"KCNH8"
"58",0,4.66095624947315,0.525,0.032,0,1,"AC244502.1"
"59",0,2.30031630278287,0.797,0.319,0,1,"EBF1"
"60",0,2.52899695395649,0.62,0.142,0,1,"RFTN1"
"61",0,2.81120952437777,0.713,0.237,0,1,"GRIK4"
"62",0,1.74759912205946,0.935,0.476,0,1,"SEMA6D"
"63",0,2.07430476231971,0.859,0.4,0,1,"SORCS3"
"64",0,-6.05384631851994,0.011,0.47,0,1,"NLGN4Y"
"65",0,1.47855766790052,0.796,0.358,0,1,"PLCH1"
"66",0,2.06406829037773,0.681,0.246,0,1,"MAPK4"
"67",0,-3.47882796198159,0.242,0.675,0,1,"ATP6V0C"
"68",0,-3.64058473302839,0.208,0.637,0,1,"BEX1"
"69",0,1.36968374114518,0.903,0.475,0,1,"ARHGAP24"
"70",0,1.87268704905818,0.784,0.359,0,1,"KIF26B"
"71",0,-3.4306366572074,0.152,0.575,0,1,"ATP6V0B"
"72",0,1.66086016920656,0.915,0.497,0,1,"ST6GALNAC5"
"73",0,-3.09691740782941,0.229,0.646,0,1,"UBB"
"74",0,2.23068957520085,0.749,0.334,0,1,"KLHL29"
"75",0,-3.05171907194467,0.223,0.635,0,1,"SELENOW"
"76",0,-3.48542270184994,0.169,0.579,0,1,"RNASEK"
"77",0,2.53021311207229,0.555,0.146,0,1,"LINC01876"
"78",0,-3.50696024308632,0.312,0.718,0,1,"TUBA1B"
"79",0,-3.13798872702488,0.243,0.648,0,1,"OAZ1"
"80",0,-3.66775055490121,0.172,0.573,0,1,"TUBB2A"
"81",0,-3.14380426268082,0.239,0.639,0,1,"RPL41"
"82",0,-3.10982789738091,0.203,0.599,0,1,"COX7C"
"83",0,1.59360655416733,0.827,0.431,0,1,"NKAIN3"
"84",0,-3.14673763744436,0.175,0.568,0,1,"CHCHD2"
"85",0,-3.01398436716887,0.295,0.686,0,1,"PPIA"
"86",0,-2.95538451835872,0.197,0.588,0,1,"RPL7A"
"87",0,1.79821912330648,0.549,0.162,0,1,"ABCC4"
"88",0,-3.07014449090915,0.213,0.6,0,1,"BEX2"
"89",0,-2.77677315763128,0.255,0.639,0,1,"RPL15"
"90",0,-3.26146890209798,0.167,0.551,0,1,"PRDX2"
"91",0,1.64285660253881,0.838,0.455,0,1,"CUX2"
"92",0,-2.42638131901949,0.327,0.71,0,1,"FTL"
"93",0,2.0707033744331,0.546,0.164,0,1,"AC007091.1"
"94",0,-3.3293107222782,0.156,0.538,0,1,"TPI1"
"95",0,-2.83302424663329,0.231,0.612,0,1,"RPS15"
"96",0,-3.13671287434618,0.197,0.578,0,1,"COX6A1"
"97",0,-3.23598626050291,0.232,0.612,0,1,"NDUFA4"
"98",0,-2.8548229354061,0.243,0.623,0,1,"COX4I1"
"99",0,-3.1200161984336,0.321,0.699,0,1,"BEX3"
"100",0,-3.2183015869959,0.153,0.53,0,1,"ATP5MC3"
"101",0,3.10858342831025,0.858,0.218,0,2,"CDC14A"
"102",0,3.85204157690408,0.781,0.167,0,2,"PDE11A"
"103",0,2.75444020295139,0.843,0.237,0,2,"EGFR"
"104",0,2.37174648312168,0.977,0.38,0,2,"CADPS2"
"105",0,2.45536368115668,0.883,0.294,0,2,"THSD7B"
"106",0,4.00855068437915,0.661,0.083,0,2,"F13A1"
"107",0,1.73944040940583,0.93,0.353,0,2,"AC109466.1"
"108",0,3.23765426435964,0.735,0.162,0,2,"AL137139.2"
"109",0,-4.81377135299065,0.128,0.682,0,2,"RBFOX1"
"110",0,2.09990746394864,0.964,0.411,0,2,"NWD2"
"111",0,-2.68029740209645,0.208,0.76,0,2,"MIR99AHG"
"112",0,-3.27111360797469,0.132,0.677,0,2,"LINGO2"
"113",0,-3.38631646608789,0.298,0.84,0,2,"PTPRD"
"114",0,1.75440339379514,0.841,0.302,0,2,"AC008415.1"
"115",0,-3.29084482108227,0.062,0.573,0,2,"CACNA2D1"
"116",0,2.60860294991932,0.694,0.193,0,2,"CABLES1"
"117",0,-3.04686107387937,0.205,0.705,0,2,"FRMD4A"
"118",0,-4.99289434662382,0.032,0.527,0,2,"GABRB2"
"119",0,2.0267770897224,0.941,0.45,0,2,"DACH1"
"120",0,-2.87739352736899,0.237,0.724,0,2,"LRRTM4"
"121",0,-3.30799550748719,0.093,0.577,0,2,"KALRN"
"122",0,-2.73479937009769,0.173,0.649,0,2,"SLC2A13"
"123",0,2.28122399225182,0.713,0.244,0,2,"SYT6"
"124",0,-2.67147098663741,0.242,0.711,0,2,"FRMD5"
"125",0,1.9684551961361,0.74,0.277,0,2,"CSGALNACT1"
"126",0,2.79746310646317,0.617,0.154,0,2,"ONECUT1"
"127",0,-4.08608987236238,0.05,0.512,0,2,"VSNL1"
"128",0,2.15523233105166,0.642,0.182,0,2,"AC092957.1"
"129",0,-3.77048409889347,0.053,0.513,0,2,"CACNA1A"
"130",0,-2.57196425817492,0.171,0.628,0,2,"BASP1"
"131",0,3.07826965418446,0.959,0.502,0,2,"ASIC2"
"132",0,2.30645250894662,0.739,0.283,0,2,"SHROOM3"
"133",0,1.92140353584383,0.757,0.304,0,2,"POU6F2"
"134",0,2.4281090947864,0.744,0.291,0,2,"RASGRP1"
"135",0,2.56049253011111,0.75,0.306,0,2,"SORCS2"
"136",0,-2.25736437471615,0.26,0.704,0,2,"DPP10"
"137",0,-3.30149815791474,0.139,0.582,0,2,"PCDH7"
"138",0,2.22172886700337,0.68,0.238,0,2,"PDGFD"
"139",0,-3.65690196299186,0.299,0.741,0,2,"KCNIP4"
"140",0,-2.33314123040921,0.309,0.75,0,2,"NTM"
"141",0,-2.67778693486289,0.144,0.585,0,2,"CACNA1B"
"142",0,3.04586032716267,0.607,0.167,0,2,"GPR39"
"143",0,-3.53537742908192,0.095,0.532,0,2,"KCNQ3"
"144",0,-2.97422011799656,0.179,0.615,0,2,"PLCB1"
"145",0,1.88586632144391,0.943,0.507,0,2,"ST6GALNAC5"
"146",0,-3.65483424739329,0.043,0.478,0,2,"CACHD1"
"147",0,-2.66052224577705,0.218,0.652,0,2,"SPOCK3"
"148",0,-5.70862613504545,0.015,0.448,0,2,"GABRA1"
"149",0,2.0791306232636,0.877,0.452,0,2,"GUCY1A1"
"150",0,-3.40970081908233,0.065,0.487,0,2,"NR2F1-AS1"
"151",0,5.26161000805988,0.938,0.037,0,3,"CASQ2"
"152",0,3.8973810894068,0.978,0.082,0,3,"AC016766.1"
"153",0,3.98677355909262,0.988,0.102,0,3,"CCBE1"
"154",0,3.6209576911212,0.983,0.125,0,3,"IL1RAPL2"
"155",0,4.12754790661406,0.923,0.066,0,3,"MIR31HG"
"156",0,3.25416982461759,0.988,0.135,0,3,"PTPN3"
"157",0,3.18189547572101,0.977,0.134,0,3,"PRKCH"
"158",0,3.52521723182279,0.921,0.08,0,3,"MRVI1"
"159",0,3.40502386880526,0.972,0.136,0,3,"MYO1B"
"160",0,3.29213272482337,0.992,0.156,0,3,"CNKSR3"
"161",0,2.86188610129089,0.992,0.162,0,3,"CLMN"
"162",0,3.10370730517425,0.968,0.139,0,3,"NPL"
"163",0,3.66318224082022,0.903,0.078,0,3,"RASSF3"
"164",0,2.79737215652897,0.972,0.152,0,3,"RGS16"
"165",0,3.61863564222154,0.995,0.177,0,3,"THSD4"
"166",0,3.14600183483592,0.978,0.16,0,3,"PTK2B"
"167",0,4.00525033030262,0.928,0.111,0,3,"CD226"
"168",0,3.50860728096485,0.871,0.06,0,3,"ATP10A"
"169",0,2.43390010861819,0.902,0.101,0,3,"PVALB"
"170",0,3.15343830395779,0.942,0.142,0,3,"IL1RAP"
"171",0,3.3399220823183,0.957,0.157,0,3,"TRPC3"
"172",0,3.38959714464447,0.892,0.105,0,3,"COL4A3"
"173",0,3.4644434096755,0.883,0.104,0,3,"DPYS"
"174",0,3.21651840031936,0.88,0.105,0,3,"MAMDC2"
"175",0,3.83160104665569,0.832,0.057,0,3,"ADGRG6"
"176",0,3.25388198152411,0.824,0.053,0,3,"CYP2J2"
"177",0,3.87936540438896,0.817,0.05,0,3,"ABHD12B"
"178",0,2.81226654957766,0.981,0.217,0,3,"KITLG"
"179",0,3.64952579336654,0.835,0.071,0,3,"MIR222HG"
"180",0,2.55721303940611,0.973,0.211,0,3,"TANC1"
"181",0,4.36214958782289,0.789,0.033,0,3,"SLC7A2"
"182",0,3.00363305009097,0.842,0.089,0,3,"STUM"
"183",0,3.09663826478143,0.843,0.09,0,3,"TSPAN14"
"184",0,2.38188698093714,0.969,0.219,0,3,"LYPD6B"
"185",0,2.67556302260091,0.951,0.204,0,3,"U91319.1"
"186",0,3.50588580207487,0.829,0.083,0,3,"LINC02653"
"187",0,3.49984088246653,0.817,0.074,0,3,"COL4A4"
"188",0,2.51637860579457,0.93,0.188,0,3,"GABRA4"
"189",0,3.39592111039408,0.819,0.077,0,3,"GDNF-AS1"
"190",0,2.83351847767055,0.9,0.158,0,3,"AP000943.2"
"191",0,2.53213726211482,0.991,0.251,0,3,"PPFIBP1"
"192",0,2.49213213027007,0.977,0.239,0,3,"IPCEF1"
"193",0,2.54235346200135,0.95,0.213,0,3,"TGFBR1"
"194",0,2.83307112526122,0.986,0.252,0,3,"ILDR2"
"195",0,2.8758082842961,0.992,0.258,0,3,"B3GLCT"
"196",0,2.7310626672749,0.804,0.071,0,3,"UACA"
"197",0,1.44873698461047,0.833,0.104,0,3,"CFAP299"
"198",0,4.25045536957206,0.767,0.041,0,3,"FAM20A"
"199",0,2.22834783018204,0.916,0.192,0,3,"ADAM12"
"200",0,3.16622059266382,0.808,0.086,0,3,"CTSC"
"201",0,1.3513233081236,0.737,0.236,0,4,"TTTY10"
"202",0,0.774664591725978,0.894,0.42,0,4,"NLGN4Y"
"203",0,1.07842639502094,0.958,0.488,0,4,"TTTY14"
"204",0,1.08610992891711,0.869,0.4,0,4,"AC119673.2"
"205",0,1.21967310281022,0.917,0.491,0,4,"KCNB2"
"206",0,0.775671024717392,0.657,0.244,0,4,"KDM5D"
"207",0,1.12850111294849,0.906,0.496,0,4,"SCN9A"
"208",0,1.05966197320369,0.908,0.515,0,4,"DAB1"
"209",0,1.72271291340614,0.549,0.16,0,4,"SHOX2"
"210",0,1.12431762549139,0.842,0.46,0,4,"AC006115.2"
"211",0,1.11695641152302,0.932,0.551,0,4,"GABRB1"
"212",0,1.35081264690177,0.691,0.315,0,4,"NXPH1"
"213",0,1.06372719179482,0.924,0.551,0,4,"IQCJ-SCHIP1"
"214",0,1.36835576334976,0.542,0.17,0,4,"RAB3B"
"215",0,1.1904686844486,0.555,0.19,0,4,"AC108169.1"
"216",0,1.00521132472452,0.958,0.62,0,4,"RMST"
"217",0,1.71619332963591,0.392,0.109,0,4,"PRLR"
"218",0,0.940688975463384,0.984,0.756,0,4,"PEG3"
"219",0,2.02570218172113,0.262,0.057,0,4,"PRDM8"
"220",0,2.29807590863198,0.26,0.057,0,4,"FGF10"
"221",0,0.992770691044424,0.995,0.825,0,4,"GRIK2"
"222",0,0.667586057995865,0.997,0.849,0,4,"AHI1"
"223",0,1.89208846692672,0.156,0.021,0,4,"IGLL1"
"224",9.99108020989521e-306,0.69848383232913,0.575,0.202,3.65683526762375e-301,4,"ARL17B"
"225",1.71777783137264e-304,2.24053732916858,0.209,0.038,6.28723864060701e-300,4,"TFAP2D"
"226",4.50600684646636e-303,1.19267566335752,0.819,0.452,1.64924356587515e-298,4,"MIR137HG"
"227",7.17884354020207e-303,1.19694893540758,0.595,0.232,2.62752852414936e-298,4,"ARHGEF28"
"228",1.2676857005173e-302,1.11823680577244,0.449,0.142,4.63985643246338e-298,4,"PDGFC"
"229",1.6292753432797e-301,0.823368458598967,0.961,0.607,5.96331068393802e-297,4,"STMN2"
"230",3.86224606745316e-293,0.766275421680256,0.948,0.493,1.41362068314853e-288,4,"USP9Y"
"231",1.44184950583772e-288,0.688646631621576,0.932,0.471,5.27731337631663e-284,4,"UTY"
"232",4.08993215749623e-287,0.84441055672673,0.987,0.823,1.49695606896519e-282,4,"NOVA1"
"233",2.48566354955663e-284,1.0881322178905,0.506,0.181,9.09777715773222e-280,4,"DIRAS3"
"234",3.91267781753524e-284,1.0485914030106,0.51,0.184,1.43207920799607e-279,4,"HS3ST4"
"235",6.65992602943078e-283,1.0513233539213,0.544,0.201,2.43759952603196e-278,4,"AC107398.3"
"236",1.60858244479217e-281,0.994064226240195,0.616,0.255,5.88757260618381e-277,4,"SEMA5A"
"237",1.17621243962862e-278,1.04437153877716,0.627,0.26,4.3050551502847e-274,4,"FAR2"
"238",2.84484846125379e-277,1.08720868692567,0.502,0.179,1.0412429853035e-272,4,"AL583808.1"
"239",7.04890012471978e-277,0.882795247046238,0.932,0.558,2.57996793464869e-272,4,"GABRG2"
"240",1.18760530951026e-276,1.03305271896529,0.46,0.152,4.34675419333851e-272,4,"RTP5"
"241",1.4080639066273e-276,1.16472612632174,0.727,0.358,5.15365470464658e-272,4,"ARPP21"
"242",6.13575701968365e-274,0.928075155178717,0.765,0.363,2.24574842677441e-269,4,"SCN7A"
"243",9.56297614234954e-273,1.88441208653859,0.16,0.025,3.50014489786136e-268,4,"LINC01060"
"244",1.59403468558215e-271,0.778570669110954,0.967,0.682,5.83432635269921e-267,4,"AL513166.1"
"245",3.2261572090575e-266,1.09034426798093,0.548,0.214,1.18080580008714e-261,4,"DIRC3"
"246",1.47815273189941e-264,0.900474008025971,0.707,0.322,5.41018681402504e-260,4,"AC093879.1"
"247",1.65456365321846e-262,1.101483215483,0.514,0.194,6.0558684271449e-258,4,"LINC00937"
"248",1.95887836335578e-259,0.473454139292434,1,0.953,7.1696906977185e-255,4,"SNHG14"
"249",2.14707484045877e-258,0.777668513900425,0.84,0.413,7.85850862356316e-254,4,"GABRA1"
"250",3.1340700907778e-257,1.18471695138066,0.423,0.143,1.14710099392558e-252,4,"AC110023.1"
"251",0,2.46452868756998,0.783,0.189,0,5,"GPR151"
"252",0,2.06365833085702,0.88,0.319,0,5,"AMIGO2"
"253",0,1.68771672017563,0.973,0.414,0,5,"NWD2"
"254",0,1.93768642409073,0.743,0.19,0,5,"GNG8"
"255",0,1.89364884423767,0.722,0.173,0,5,"POU4F1"
"256",0,1.8016343372337,0.836,0.301,0,5,"NECAB2"
"257",0,1.94003018496695,0.814,0.285,0,5,"HIST1H4C"
"258",0,1.67055697967478,0.907,0.387,0,5,"CADPS2"
"259",0,2.34168042484937,0.693,0.18,0,5,"SSTR2"
"260",0,1.81588702822492,0.692,0.181,0,5,"CHRNB3"
"261",0,1.76695368506787,0.919,0.414,0,5,"NRN1"
"262",0,1.30855841269812,0.875,0.377,0,5,"NRP2"
"263",0,1.49821312824759,0.712,0.217,0,5,"IRX2"
"264",0,1.73543671224303,0.708,0.213,0,5,"LRRC55"
"265",0,-4.02353814591055,0.036,0.529,0,5,"USP9Y"
"266",0,-4.49594828470975,0.032,0.525,0,5,"TTTY14"
"267",0,0.845760659379839,0.769,0.279,0,5,"CSGALNACT1"
"268",0,1.74387747366752,0.678,0.199,0,5,"TP53I11"
"269",0,-3.84454357485164,0.031,0.507,0,5,"UTY"
"270",0,1.22937190439054,0.888,0.418,0,5,"ZIC1"
"271",0,0.979796447248064,0.922,0.454,0,5,"DACH1"
"272",0,1.30593137853583,0.903,0.436,0,5,"TTC39C"
"273",0,1.87899534416592,0.924,0.459,0,5,"PRKD1"
"274",0,1.34634673721084,0.792,0.33,0,5,"AP1S2"
"275",0,1.6465868770287,0.923,0.463,0,5,"ITM2C"
"276",0,1.1932376998772,0.704,0.246,0,5,"EGFR"
"277",0,0.944398393606297,0.847,0.39,0,5,"TLE4"
"278",0,0.923732959581282,0.684,0.229,0,5,"CDC14A"
"279",0,1.41407779442337,0.729,0.288,0,5,"COX17"
"280",0,1.23901325592161,0.826,0.385,0,5,"RGMB"
"281",0,1.52434471202698,0.622,0.183,0,5,"NR4A2"
"282",0,1.47098102455993,0.871,0.435,0,5,"NDUFB4"
"283",0,1.44652502859897,0.863,0.428,0,5,"DUT"
"284",0,1.43114422147592,0.831,0.396,0,5,"C3orf70"
"285",0,0.907295856437313,0.72,0.286,0,5,"OBI1-AS1"
"286",0,1.73002603798503,0.631,0.197,0,5,"MAOA"
"287",0,1.97017460360915,0.965,0.533,0,5,"TSPAN13"
"288",0,-3.85127317441622,0.242,0.673,0,5,"RBFOX1"
"289",0,1.39007538317486,0.799,0.37,0,5,"LHX9"
"290",0,1.16298527278711,0.657,0.228,0,5,"CACNB3"
"291",0,1.17986372083722,0.838,0.411,0,5,"UBL5"
"292",0,1.31791197114671,0.81,0.386,0,5,"NDUFB7"
"293",0,1.33576116913798,0.746,0.323,0,5,"NDUFA7"
"294",0,1.42123664367687,0.823,0.401,0,5,"ATP5PD"
"295",0,1.28003250576875,0.858,0.439,0,5,"SRP9"
"296",0,1.42642194794439,0.873,0.456,0,5,"RPL23A"
"297",0,0.941659015669647,0.683,0.267,0,5,"METRN"
"298",0,1.32495488865876,0.735,0.319,0,5,"HDDC2"
"299",0,1.21192266027978,0.699,0.283,0,5,"PDE2A"
"300",0,1.15332598759266,0.84,0.427,0,5,"ISCU"
"301",0,2.05914771694956,0.869,0.187,0,6,"GNG8"
"302",0,1.78242639533379,0.943,0.359,0,6,"AC109466.1"
"303",0,1.76735154685549,0.883,0.305,0,6,"AC008415.1"
"304",0,1.67556069301359,0.964,0.387,0,6,"CADPS2"
"305",0,-4.9797610202616,0.117,0.677,0,6,"RBFOX1"
"306",0,1.88672650300613,0.97,0.416,0,6,"NWD2"
"307",0,2.22483871161353,0.875,0.321,0,6,"AMIGO2"
"308",0,2.51372719873119,0.74,0.192,0,6,"GPR151"
"309",0,2.10870581631166,0.742,0.228,0,6,"CDC14A"
"310",0,-3.40952402608669,0.198,0.701,0,6,"FRMD4A"
"311",0,-2.94997464446676,0.25,0.748,0,6,"NTM"
"312",0,1.99317251765403,0.797,0.303,0,6,"THSD7B"
"313",0,-3.98809471708546,0.093,0.579,0,6,"PCDH7"
"314",0,-5.0459522552483,0.029,0.509,0,6,"CACNA1A"
"315",0,2.39267709823036,0.764,0.288,0,6,"HIST1H4C"
"316",0,-4.33292568018966,0.048,0.522,0,6,"GABRB2"
"317",0,2.61231822452486,0.983,0.534,0,6,"TSPAN13"
"318",0,-3.0999770120716,0.276,0.723,0,6,"PDE4B"
"319",0,-2.97386838011836,0.135,0.581,0,6,"CACNA1B"
"320",0,-2.38629688433553,0.307,0.751,0,6,"MIR99AHG"
"321",0,1.64665995484517,0.904,0.465,0,6,"ITM2C"
"322",0,1.18903077907151,0.895,0.456,0,6,"DACH1"
"323",0,-3.41301748042086,0.239,0.674,0,6,"CADPS"
"324",0,1.45686184290971,0.672,0.249,0,6,"EGFR"
"325",0,1.45855134745282,0.977,0.581,0,6,"VAV3"
"326",0,1.33138622056099,0.663,0.285,0,6,"CSGALNACT1"
"327",0,1.31263882092747,0.796,0.421,0,6,"PLD5"
"328",0,1.96063724272146,0.561,0.187,0,6,"CHRNB3"
"329",0,1.60435189352758,0.808,0.439,0,6,"NDUFB4"
"330",0,1.52453500538258,0.805,0.44,0,6,"TTC39C"
"331",0,2.03017813713027,0.584,0.219,0,6,"LRRC55"
"332",0,-2.34993999334184,0.464,0.829,0,6,"PTPRD"
"333",0,1.31708765436715,0.935,0.571,0,6,"SNCA"
"334",0,1.73427642595994,0.784,0.421,0,6,"NRN1"
"335",0,1.61310385748556,0.762,0.403,0,6,"TOMM7"
"336",0,1.33859288563393,0.756,0.404,0,6,"CD63"
"337",0,1.32818068387334,0.773,0.423,0,6,"ZIC1"
"338",0,2.38008416106794,0.484,0.136,0,6,"AC004594.1"
"339",0,-3.06397100708393,0.446,0.784,0,6,"RORA"
"340",0,1.23026748969509,0.954,0.618,0,6,"PCSK2"
"341",0,2.01409414419972,0.539,0.205,0,6,"MCUB"
"342",0,1.221157529132,0.853,0.519,0,6,"RPS27A"
"343",0,1.04133382342236,0.844,0.51,0,6,"ASIC2"
"344",0,1.76703233132532,0.76,0.428,0,6,"OPRM1"
"345",0,1.5076444283678,0.773,0.442,0,6,"RPL27"
"346",0,1.35005976007239,0.83,0.502,0,6,"RPL21"
"347",0,1.14732993975539,0.896,0.574,0,6,"NDUFA4"
"348",0,1.16829508916307,0.917,0.6,0,6,"RPL41"
"349",0,3.46134500622464,0.366,0.05,0,6,"TAC3"
"350",0,1.64769373882008,0.717,0.401,0,6,"C3orf70"
"351",0,2.66510736177249,0.727,0.207,0,7,"CBLN2"
"352",0,1.95120214025267,0.819,0.323,0,7,"HTR2C"
"353",0,1.82882415723696,0.731,0.24,0,7,"PCDH11Y"
"354",0,1.74618231554311,0.762,0.286,0,7,"OBI1-AS1"
"355",0,0.945505984732146,0.885,0.42,0,7,"NWD2"
"356",0,2.16561114241117,0.588,0.161,0,7,"RFTN1"
"357",0,2.34199043050668,0.547,0.137,0,7,"HTR4"
"358",0,1.29070154125927,0.748,0.339,0,7,"EBF1"
"359",0,1.24939843113529,0.801,0.4,0,7,"KCNH8"
"360",0,1.55286952927024,0.772,0.375,0,7,"PLCH1"
"361",0,1.19657777288342,0.587,0.198,0,7,"GPR151"
"362",0,1.25821917619253,0.838,0.449,0,7,"KLHL1"
"363",0,1.68912537816507,0.821,0.442,0,7,"SV2B"
"364",0,3.04513800334349,0.419,0.059,0,7,"MSC-AS1"
"365",0,2.77369811489986,0.407,0.062,0,7,"BVES"
"366",0,2.25048217782714,0.489,0.147,0,7,"GALR1"
"367",0,1.99161630374413,0.472,0.149,0,7,"RGS4"
"368",0,1.36064215124013,0.85,0.546,0,7,"NTRK3"
"369",0,2.26118576887933,0.419,0.118,0,7,"LGR5"
"370",0,1.40763366361553,0.956,0.656,0,7,"KCNH7"
"371",0,1.41194288875222,0.94,0.65,0,7,"THSD7A"
"372",0,2.52042294906769,0.364,0.077,0,7,"POPDC3"
"373",0,3.4403610947549,0.304,0.038,0,7,"LINC01497"
"374",0,2.94955854447244,0.272,0.044,0,7,"SLC17A8"
"375",0,2.73325047682886,0.273,0.048,0,7,"MMRN1"
"376",0,1.25055021227044,0.925,0.722,0,7,"GRID1"
"377",0,0.918990046224312,0.974,0.792,0,7,"MEG8"
"378",0,1.322427374235,0.959,0.806,0,7,"PLCG2"
"379",0,3.01000994275608,0.17,0.02,0,7,"AC027312.1"
"380",0,0.878477888278033,0.992,0.912,0,7,"NLGN1"
"381",6.61615644190663e-306,1.5400889998676,0.512,0.174,2.42157941930224e-301,7,"PCSK5"
"382",1.52674419437723e-305,2.05221933943928,0.784,0.471,5.58803642584009e-301,7,"COL25A1"
"383",1.02819826719748e-302,1.05904534402872,0.958,0.707,3.76330847776948e-298,7,"CDH18"
"384",1.05180449372963e-301,1.34520105639451,0.748,0.346,3.84970962749983e-297,7,"PCDH11X"
"385",3.87611548084163e-297,1.9518130724151,0.473,0.161,1.41869702714285e-292,7,"LGI2"
"386",5.16937254369662e-296,1.1099160724352,0.906,0.679,1.8920420447184e-291,7,"TMTC1"
"387",9.32584873125214e-296,2.32966084134802,0.21,0.036,3.4133538941256e-291,7,"BVES-AS1"
"388",4.62581080380551e-293,1.15423134634042,0.976,0.827,1.69309301230086e-288,7,"GRIK2"
"389",1.59457072645145e-291,1.51535068219297,0.808,0.465,5.83628831588497e-287,7,"PRKD1"
"390",5.38579052911987e-289,1.19041532097791,0.857,0.592,1.97125319156316e-284,7,"FLRT2"
"391",4.41296773283406e-286,1.20470636562736,0.863,0.576,1.6151903198946e-281,7,"NDUFA4"
"392",3.04913961346856e-285,1.01274346291302,0.927,0.737,1.11601558992563e-280,7,"ZNF483"
"393",8.630354223642e-282,2.3093944639509,0.253,0.054,3.15879594939521e-277,7,"WFDC1"
"394",1.12822583805188e-280,0.738227295938468,0.998,0.921,4.12941938985368e-276,7,"LRP1B"
"395",9.18354866734596e-275,1.00373937102435,0.897,0.581,3.36127064773529e-270,7,"SLIT2"
"396",2.7220107880373e-271,1.4271191350615,0.756,0.421,9.9628316852953e-267,7,"SORCS3"
"397",1.40858925031213e-268,1.21438691935385,0.904,0.613,5.15557751506741e-264,7,"GPC6"
"398",3.07330110664115e-268,1.94783726366557,0.23,0.046,1.12485893804173e-263,7,"ADAMTS9"
"399",4.44169954978325e-266,1.47912934882285,0.778,0.514,1.62570645221617e-261,7,"CLVS2"
"400",4.58310297194711e-263,0.740722720087747,0.99,0.855,1.67746151876236e-258,7,"CCSER1"
"401",0,4.18081492052328,0.939,0.113,0,8,"KIT"
"402",0,3.29867815399201,0.942,0.133,0,8,"OTX2-AS1"
"403",0,2.92796354763691,0.923,0.154,0,8,"MEIS2"
"404",0,3.79999109164478,0.905,0.137,0,8,"GAD1"
"405",0,3.60102262388633,0.958,0.257,0,8,"SYNPR"
"406",0,3.01204955203997,0.827,0.132,0,8,"GAD2"
"407",0,3.20479499196371,0.814,0.128,0,8,"RORB"
"408",0,2.51462717455865,0.975,0.308,0,8,"ZFPM2"
"409",0,3.66734106317767,0.831,0.183,0,8,"NR2F2"
"410",0,-5.32782331184214,0.039,0.686,0,8,"ENOX1"
"411",0,-4.99908977963644,0.133,0.776,0,8,"TENM2"
"412",0,-5.23559306262115,0.033,0.664,0,8,"PARD3"
"413",0,-5.45050803310708,0.028,0.653,0,8,"RMST"
"414",0,-5.76805724666717,0.033,0.632,0,8,"DGKB"
"415",0,2.14570556915939,0.917,0.321,0,8,"NELL1"
"416",0,0.944040910599996,0.874,0.287,0,8,"ADARB2"
"417",0,2.17396405807283,0.939,0.356,0,8,"CHRM2"
"418",0,2.71235224693399,0.938,0.356,0,8,"SPHKAP"
"419",0,-4.62026291471379,0.042,0.622,0,8,"TMEM163"
"420",0,-4.12921925916534,0.055,0.629,0,8,"HECW2"
"421",0,2.61585673876086,0.807,0.234,0,8,"NR2F2-AS1"
"422",0,-4.39065339940207,0.062,0.635,0,8,"ALCAM"
"423",0,-3.84545153984766,0.124,0.692,0,8,"TCF7L2"
"424",0,-3.9174297425486,0.119,0.685,0,8,"KCNH7"
"425",0,2.77525504727716,0.847,0.281,0,8,"PCBP3"
"426",0,-6.74102512961843,0.016,0.581,0,8,"SRGAP1"
"427",0,2.79756688767183,0.728,0.165,0,8,"SEMA3C"
"428",0,-4.93900982633986,0.036,0.592,0,8,"PRR16"
"429",0,-3.84762353574624,0.067,0.619,0,8,"NELL2"
"430",0,2.89433713714035,0.784,0.239,0,8,"SLC6A1"
"431",0,-5.41866984273204,0.02,0.562,0,8,"EPHA5"
"432",0,-5.08660184021696,0.045,0.586,0,8,"BRINP3"
"433",0,-3.28777110262973,0.132,0.672,0,8,"NEBL"
"434",0,2.34688043148324,0.896,0.356,0,8,"UNC13C"
"435",0,-4.70937380529879,0.029,0.568,0,8,"SLC17A6"
"436",0,2.34141350327978,0.988,0.45,0,8,"GRIK1"
"437",0,-4.10800311422755,0.041,0.574,0,8,"NTRK3"
"438",0,-3.05893685270074,0.1,0.631,0,8,"ARFGEF3"
"439",0,2.36465144241867,0.753,0.224,0,8,"PDZRN3"
"440",0,-4.94477226688281,0.049,0.578,0,8,"SGCD"
"441",0,-4.92162334316746,0.037,0.56,0,8,"KIRREL3"
"442",0,3.24717847303923,0.691,0.17,0,8,"HPCA"
"443",0,-3.68386926131584,0.131,0.651,0,8,"FSTL5"
"444",0,-3.44399871591053,0.144,0.661,0,8,"ZNF804A"
"445",0,-2.62753650162246,0.138,0.654,0,8,"ENAH"
"446",0,-2.90780016527227,0.342,0.856,0,8,"NKAIN2"
"447",0,-5.36443574857099,0.045,0.558,0,8,"LHFPL3"
"448",0,-6.3902409550891,0.016,0.525,0,8,"SEMA6D"
"449",0,-4.70625305725767,0.055,0.562,0,8,"PEX5L"
"450",0,2.98991980786737,0.668,0.163,0,8,"GREM2"
"451",0,1.34143254534113,0.827,0.181,0,9,"XIST"
"452",0,1.28936995212793,0.778,0.245,0,9,"TMEM196"
"453",0,1.62773426866797,0.666,0.133,0,9,"ZNF727"
"454",0,2.41032962267478,0.62,0.087,0,9,"BX890604.2"
"455",0,-9.03989082362256,0.003,0.527,0,9,"USP9Y"
"456",0,1.2084973437258,0.857,0.339,0,9,"RFK"
"457",0,1.15124314792542,0.79,0.273,0,9,"SMIM17"
"458",0,-8.06661279136799,0.006,0.522,0,9,"TTTY14"
"459",0,0.991423100446717,0.798,0.289,0,9,"HIST1H4C"
"460",0,1.23499194743502,0.93,0.421,0,9,"AUXG01000058.1"
"461",0,1.1898632767275,0.872,0.363,0,9,"SCN7A"
"462",0,1.23733928643575,0.742,0.237,0,9,"MEST"
"463",0,0.889972591038316,0.838,0.335,0,9,"ALDOC"
"464",0,-9.4511753173207,0.002,0.504,0,9,"UTY"
"465",0,1.18201029049061,0.821,0.328,0,9,"FABP5"
"466",0,1.19399511373865,0.905,0.414,0,9,"GABRA1"
"467",0,1.0359399177961,0.887,0.396,0,9,"SLC7A14"
"468",0,1.28735664765931,0.709,0.223,0,9,"PCDH19"
"469",0,1.00195829130523,0.824,0.338,0,9,"DLGAP2"
"470",0,0.94589932663314,0.753,0.277,0,9,"PIP5K1B"
"471",0,1.33637322570511,0.675,0.2,0,9,"AC107398.3"
"472",0,1.15227253326308,0.818,0.344,0,9,"BEX5"
"473",0,1.23442938139837,0.778,0.305,0,9,"GABRG3"
"474",0,1.21146570035502,0.756,0.287,0,9,"NME1"
"475",0,1.19342908306892,0.675,0.222,0,9,"PLCXD3"
"476",0,1.10199095237034,0.652,0.204,0,9,"GSTM3"
"477",0,1.14676843179197,0.63,0.183,0,9,"HS3ST4"
"478",0,1.11627617254769,0.634,0.19,0,9,"KCNH1"
"479",0,1.2523736019055,0.958,0.516,0,9,"DAB1"
"480",0,1.33658676060236,0.624,0.191,0,9,"CNR1"
"481",0,1.17704382088581,0.605,0.173,0,9,"VAMP1"
"482",0,1.07966680318718,0.961,0.534,0,9,"NAP1L3"
"483",0,1.27400976439582,0.633,0.214,0,9,"DIRC3"
"484",0,1.03179443797714,0.973,0.56,0,9,"GABRG2"
"485",0,0.95656987699703,0.591,0.186,0,9,"NRG4"
"486",0,1.37865917730113,0.488,0.1,0,9,"ZNF98"
"487",0,1.28668677105554,0.995,0.609,0,9,"STMN2"
"488",0,1.04711692656931,0.503,0.119,0,9,"FAM118A"
"489",0,1.36112556875572,0.517,0.14,0,9,"RBP4"
"490",0,1.68677497287328,0.464,0.088,0,9,"RND3"
"491",0,1.50655088019986,0.522,0.153,0,9,"GLRA2"
"492",0,1.10268194202666,0.508,0.144,0,9,"GABRG1"
"493",0,0.912426885804128,0.502,0.14,0,9,"CD83"
"494",0,1.52229553551047,0.45,0.096,0,9,"ADRA1A"
"495",0,1.31205489867701,0.973,0.622,0,9,"RMST"
"496",0,0.914817038591338,0.468,0.122,0,9,"HAP1"
"497",0,1.34191392543297,0.441,0.095,0,9,"ZNF676"
"498",0,1.26940583068317,0.425,0.097,0,9,"RNF128"
"499",0,1.39221782337466,0.405,0.083,0,9,"PNPLA4"
"500",0,2.29364447503195,0.365,0.048,0,9,"AC133485.7"
"501",0,4.41976336261078,0.863,0.055,0,10,"C5orf17"
"502",0,1.95267343351688,0.802,0.328,0,10,"BAIAP3"
"503",0,1.15121731001756,0.92,0.494,0,10,"TTTY14"
"504",0,1.332861218007,0.876,0.484,0,10,"GRIN1"
"505",0,1.58508032566068,0.799,0.421,0,10,"CLIP3"
"506",0,2.12368545892144,0.517,0.153,0,10,"RTP5"
"507",0,1.75244382258267,0.498,0.151,0,10,"WASHC1"
"508",0,2.04165909554411,0.452,0.126,0,10,"CACNA1I"
"509",0,1.40234037790757,0.869,0.55,0,10,"DKK3"
"510",0,2.14247082895352,0.345,0.064,0,10,"NLRP1"
"511",0,1.34794835981026,0.908,0.649,0,10,"SLC22A17"
"512",0,3.91170978363459,0.203,0.011,0,10,"AC114930.1"
"513",0,1.36032073731623,0.998,0.891,0,10,"MT-ATP6"
"514",0,1.13538465733485,1,0.955,0,10,"MT-CO2"
"515",6.57096104615794e-308,1.37121260389564,0.993,0.856,2.40503745250427e-303,10,"MT-ND3"
"516",1.20336052370109e-305,1.13328366095004,0.955,0.759,4.40441985279834e-301,10,"PEG3"
"517",3.13579462473863e-305,1.82144993566908,0.538,0.187,1.14773219060059e-300,10,"PHYHIP"
"518",5.70232820832606e-302,1.39602006463083,0.79,0.411,2.08710914752942e-297,10,"PODXL2"
"519",2.78729609128941e-298,1.02234495131248,0.929,0.717,1.02017824237284e-293,10,"LINC00486"
"520",2.0819183566792e-296,1.5464947105156,0.613,0.239,7.62002937728153e-292,10,"ATN1"
"521",2.31523150905726e-296,2.13248553413098,0.343,0.082,8.47397884630048e-292,10,"GPX3"
"522",5.90652079938367e-293,2.13897913290656,0.314,0.07,2.16184567778242e-288,10,"PNMA6F"
"523",3.88504634227877e-282,2.06778068215861,0.334,0.08,1.42196581173745e-277,10,"TLE2"
"524",2.28912006090591e-274,1.39746484941838,0.639,0.258,8.37840833492174e-270,10,"SEMA5A"
"525",2.37503119650281e-273,1.52943438020884,0.63,0.263,8.69285168231995e-269,10,"CDIP1"
"526",4.50198657116283e-269,1.12490152009942,0.993,0.882,1.64777210491131e-264,10,"MT-CYB"
"527",2.54436738200096e-267,0.99995749948233,0.996,0.909,9.31263905486171e-263,10,"MT-ND4"
"528",1.33310187853626e-263,1.43388152595454,0.722,0.369,4.87928618563056e-259,10,"SYN1"
"529",1.95581766316553e-259,1.21000927352119,0.978,0.817,7.15848822895216e-255,10,"MT-ND1"
"530",4.25303033293708e-258,1.14290216797143,0.86,0.586,1.5566516321583e-253,10,"GDI1"
"531",4.84369330881515e-258,1.15744426780923,0.88,0.621,1.77284018795943e-253,10,"ATP1A3"
"532",3.87627496320244e-251,0.968532582449146,0.999,0.958,1.41875539928172e-246,10,"MT-CO3"
"533",5.07521510492055e-249,1.4898092016617,0.632,0.278,1.85757948055197e-244,10,"ACHE"
"534",1.04062877962884e-248,1.39677386142508,0.681,0.308,3.80880539631951e-244,10,"GABRG3"
"535",5.69975146005797e-248,1.21562021978921,0.795,0.453,2.08616603189582e-243,10,"RHBDD2"
"536",1.33303395548531e-247,1.28081120290576,0.614,0.253,4.87903758047177e-243,10,"PNMA3"
"537",3.02364882991192e-247,1.30098982561378,0.756,0.408,1.10668570823606e-242,10,"TSPYL2"
"538",2.88350974194768e-245,1.40022564914223,0.517,0.187,1.05539340065027e-240,10,"HS3ST4"
"539",3.70573164433925e-244,0.992873175686924,0.959,0.809,1.35633483914461e-239,10,"GNAS"
"540",1.43463591620535e-239,1.11108583026867,0.895,0.584,5.25091091690319e-235,10,"ANKRD30BL"
"541",3.18480433826391e-238,1.07586397633831,0.912,0.555,1.16567023584797e-233,10,"CACNA1B"
"542",1.71873267187861e-236,1.52178908941879,0.557,0.221,6.29073345234289e-232,10,"POU2F2"
"543",2.75171196491635e-235,1.08680387790317,0.853,0.533,1.00715409627903e-230,10,"JUND"
"544",4.44743910642621e-234,1.33988268892835,0.756,0.444,1.62780718734306e-229,10,"TMEM130"
"545",6.5633197856167e-231,1.43281015112388,0.591,0.245,2.40224067473357e-226,10,"TTTY10"
"546",6.98646996392334e-231,1.21783739716726,0.788,0.475,2.55711787149558e-226,10,"PRKAR1B"
"547",1.37819581229368e-226,1.22473093827011,0.769,0.44,5.04433449257608e-222,10,"TSPYL4"
"548",5.70906289626979e-225,0.909919821914931,0.914,0.624,2.0895741106637e-220,10,"RMST"
"549",1.70397084978653e-223,1.62285726178509,0.471,0.174,6.23670370730368e-219,10,"FBLL1"
"550",1.72949091276342e-223,0.787241685900173,0.962,0.826,6.33010968980538e-219,10,"NOVA1"
"551",0,4.65690835651028,0.932,0.092,0,11,"CTXN3"
"552",0,4.10347796382835,0.915,0.083,0,11,"ITGA8"
"553",0,5.2714966177379,0.854,0.029,0,11,"LINC01239"
"554",0,4.2214446636013,0.881,0.064,0,11,"TPBG"
"555",0,3.11314128347475,0.898,0.117,0,11,"SULF1"
"556",0,4.35802650621422,0.966,0.193,0,11,"CBLN4"
"557",0,3.38120901679568,0.925,0.161,0,11,"GOLIM4"
"558",0,3.61754234125743,0.887,0.123,0,11,"PRSS23"
"559",0,2.69264387760655,0.923,0.173,0,11,"ADCY2"
"560",0,2.87361185358779,0.951,0.205,0,11,"TMEM132C"
"561",0,4.73466907862911,0.791,0.046,0,11,"BTNL9"
"562",0,3.51790273414573,0.935,0.194,0,11,"NEFH"
"563",0,2.94995507628213,0.856,0.121,0,11,"LMO1"
"564",0,2.35694225810322,0.944,0.212,0,11,"LGALS1"
"565",0,4.6521848366091,0.772,0.041,0,11,"GPR83"
"566",0,3.03659560562812,0.886,0.157,0,11,"CBLN1"
"567",0,3.43163059781078,0.869,0.146,0,11,"AL355612.1"
"568",0,3.08804197182761,0.906,0.191,0,11,"MAL2"
"569",0,3.26266951491598,0.79,0.077,0,11,"S100A10"
"570",0,2.06234500962972,0.858,0.166,0,11,"RGS16"
"571",0,3.42516047949651,0.797,0.108,0,11,"RSPO3"
"572",0,3.59516854904562,0.803,0.115,0,11,"PVALB"
"573",0,3.61116889793383,0.755,0.071,0,11,"HMCN1"
"574",0,1.84924595929604,0.886,0.206,0,11,"CBLN2"
"575",0,2.3242502232489,0.877,0.199,0,11,"ZNF423"
"576",0,1.88310512628065,0.985,0.311,0,11,"NXPH1"
"577",0,2.27843103376165,0.917,0.255,0,11,"CDH9"
"578",0,2.33128436966018,0.894,0.232,0,11,"HLF"
"579",0,2.19525835366139,0.967,0.306,0,11,"EPHA4"
"580",0,6.10980555967698,0.671,0.011,0,11,"DMRTA1"
"581",0,1.83601690626532,0.86,0.204,0,11,"SPON1"
"582",0,2.91770302515183,0.95,0.299,0,11,"EMB"
"583",0,2.45295087104066,0.951,0.3,0,11,"OLFM2"
"584",0,1.55440421871825,0.834,0.186,0,11,"ENPP2"
"585",0,1.95604997997424,0.831,0.186,0,11,"LYPD6"
"586",0,3.243315300851,0.731,0.086,0,11,"AL391117.1"
"587",0,3.53959498282254,0.7,0.055,0,11,"ITIH5"
"588",0,2.84907042571343,0.95,0.306,0,11,"RIMS3"
"589",0,2.27942949810163,0.732,0.089,0,11,"SLC7A11"
"590",0,2.78218474792212,0.769,0.126,0,11,"AR"
"591",0,2.33043025777241,0.86,0.219,0,11,"LYNX1"
"592",0,2.26203907773973,0.928,0.291,0,11,"CPLX2"
"593",0,2.35153022081665,0.959,0.322,0,11,"ETV1"
"594",0,4.1701953681315,0.677,0.045,0,11,"LINC01151"
"595",0,2.24756796800296,0.96,0.329,0,11,"LRRN1"
"596",0,2.42357905819518,0.735,0.104,0,11,"AC007368.1"
"597",0,2.94671879539842,0.737,0.107,0,11,"GADD45A"
"598",0,3.94792581243632,0.664,0.035,0,11,"GAL"
"599",0,2.97610571138595,0.976,0.348,0,11,"TLL1"
"600",0,1.37002010611362,0.887,0.259,0,11,"PDZD2"
"601",0,2.56464129582319,0.846,0.195,0,12,"GNG8"
"602",0,2.31050546417891,0.871,0.326,0,12,"AMIGO2"
"603",0,2.22787494575152,0.732,0.197,0,12,"GPR151"
"604",0,1.502666583188,0.825,0.312,0,12,"AC008415.1"
"605",0,1.54857033766362,0.868,0.366,0,12,"AC109466.1"
"606",0,1.41982969855775,0.874,0.394,0,12,"CADPS2"
"607",0,2.3064304469085,0.708,0.232,0,12,"CACNB3"
"608",0,2.86841298743545,0.671,0.198,0,12,"CHRNA3"
"609",0,1.32524694698849,0.871,0.424,0,12,"NWD2"
"610",0,2.12977831353256,0.915,0.469,0,12,"ITM2C"
"611",0,2.06185144808747,0.667,0.225,0,12,"IRX2"
"612",0,2.17718731827521,0.686,0.255,0,12,"GSDME"
"613",0,1.76218381891389,0.855,0.424,0,12,"ZIC1"
"614",0,1.69477191663434,0.716,0.294,0,12,"HIST1H4C"
"615",0,1.86057262286964,0.707,0.287,0,12,"PDE2A"
"616",0,1.82407258094787,0.687,0.268,0,12,"ZCCHC12"
"617",0,2.51177324742925,0.542,0.128,0,12,"SLC5A7"
"618",0,1.90639903118483,0.6,0.189,0,12,"CHRNB3"
"619",0,1.88025447904131,0.613,0.206,0,12,"TP53I11"
"620",0,1.91150933605684,0.699,0.295,0,12,"ZIC2"
"621",0,2.08799748683508,0.58,0.183,0,12,"POU4F1"
"622",0,2.13555253404397,0.597,0.203,0,12,"MAOA"
"623",0,2.57252024563631,0.494,0.103,0,12,"PPP1R1B"
"624",0,2.91972878878953,0.468,0.085,0,12,"NEUROD1"
"625",0,2.14702765204712,0.918,0.54,0,12,"TSPAN13"
"626",0,3.14088597142118,0.43,0.062,0,12,"CYP1B1"
"627",0,1.49276819188516,0.913,0.549,0,12,"H3F3B"
"628",0,1.43695414190027,0.933,0.575,0,12,"SNCA"
"629",0,1.5902078234659,0.907,0.563,0,12,"NEFL"
"630",0,2.60547845347497,0.427,0.094,0,12,"CRABP2"
"631",0,2.31009436191703,0.414,0.095,0,12,"LINC02143"
"632",0,1.52826830070531,0.903,0.586,0,12,"MARCKS"
"633",0,2.77558539612872,0.385,0.073,0,12,"ENO3"
"634",0,1.67337442756688,0.893,0.592,0,12,"THY1"
"635",0,1.22431180419211,0.94,0.648,0,12,"PCSK1N"
"636",0,2.9744876747384,0.329,0.049,0,12,"SLC17A7"
"637",0,1.95455293458462,0.933,0.656,0,12,"GABBR1"
"638",0,2.44085266166559,0.336,0.067,0,12,"EZR"
"639",0,1.27047648509879,0.964,0.7,0,12,"TRPM3"
"640",0,1.32862074314089,0.925,0.694,0,12,"SEC62"
"641",1.45386397500721e-307,2.47046879068054,0.435,0.118,5.32128753492389e-303,12,"PPP1R17"
"642",4.5682748073737e-304,1.18305311299767,0.894,0.512,1.67203426224685e-299,12,"ASIC2"
"643",7.45958152254936e-302,1.59955404148395,0.789,0.386,2.73028143306829e-297,12,"NRP2"
"644",6.45680072987074e-301,1.92649389877845,0.691,0.301,2.36325363513999e-296,12,"RASGRP1"
"645",7.10679520604974e-299,1.25517350854662,0.927,0.674,2.60115811336627e-294,12,"TERF2IP"
"646",1.35410795680956e-297,1.55316367396265,0.858,0.5,4.95617053271867e-293,12,"PEG10"
"647",2.68589845471636e-297,1.76357144235475,0.654,0.255,9.83065693410737e-293,12,"SYT6"
"648",5.73986587681509e-297,1.27288870963688,0.919,0.622,2.10084830957309e-292,12,"PCSK2"
"649",3.00747891409019e-296,-1.53968858478927,0.852,0.941,1.10076735734615e-291,12,"MAGI2"
"650",4.44936064834543e-294,1.72671802478491,0.705,0.311,1.62851049090091e-289,12,"NECAB2"
"651",0,3.36390918706193,0.954,0.15,0,13,"PTPN3"
"652",0,4.00598850557855,0.902,0.167,0,13,"RGS16"
"653",0,2.54553197051501,0.907,0.175,0,13,"PTK2B"
"654",0,1.7751431822308,0.893,0.178,0,13,"CLMN"
"655",0,2.96298732763126,0.89,0.179,0,13,"ADAMTSL1"
"656",0,2.1735053725285,0.95,0.264,0,13,"PPFIBP1"
"657",0,2.80041600795449,0.871,0.203,0,13,"LINC01902"
"658",0,2.46864771987862,0.86,0.196,0,13,"CDH6"
"659",0,2.33185035505306,0.923,0.271,0,13,"STXBP6"
"660",0,4.20209317443129,0.681,0.043,0,13,"CA12"
"661",0,2.36246835166462,0.791,0.155,0,13,"CPNE7"
"662",0,2.12606966780864,0.754,0.122,0,13,"CCBE1"
"663",0,2.10807675267799,0.792,0.162,0,13,"RHOBTB1"
"664",0,1.49093553754325,0.944,0.314,0,13,"NXPH1"
"665",0,2.0752604892474,0.935,0.308,0,13,"NECAB1"
"666",0,1.78921179536835,0.857,0.234,0,13,"TOX3"
"667",0,1.74833848365305,0.845,0.224,0,13,"PROX1"
"668",0,2.90291453933932,0.727,0.109,0,13,"CALB1"
"669",0,1.67293330213429,0.914,0.299,0,13,"RPH3A"
"670",0,1.50573627039572,0.945,0.331,0,13,"AL033504.1"
"671",0,1.72008642457821,0.85,0.237,0,13,"CACNA1G"
"672",0,1.82007419439542,0.831,0.224,0,13,"CAMK2A"
"673",0,1.85559314185428,0.953,0.347,0,13,"GALNT17"
"674",0,2.34921141884799,0.778,0.175,0,13,"CNKSR3"
"675",0,1.35888204834653,0.83,0.233,0,13,"KITLG"
"676",0,1.70571684123397,0.885,0.289,0,13,"MARCH3"
"677",0,1.81210388060273,0.863,0.267,0,13,"ILDR2"
"678",0,1.32097814715758,0.944,0.348,0,13,"SAMD5"
"679",0,1.60057918003295,0.787,0.195,0,13,"THSD4"
"680",0,1.28918817553036,0.947,0.355,0,13,"TOX"
"681",0,2.29418696498104,0.785,0.195,0,13,"RGS8"
"682",0,-6.02620554686732,0.131,0.721,0,13,"TRPM3"
"683",0,2.0619124751756,0.753,0.169,0,13,"ITGA9"
"684",0,3.01460478457264,0.653,0.072,0,13,"AC019211.1"
"685",0,1.87391792881208,0.814,0.233,0,13,"NR2F1"
"686",0,1.92219225404279,0.736,0.159,0,13,"NPL"
"687",0,1.64091684932184,0.855,0.278,0,13,"NMT2"
"688",0,2.05517951982488,0.737,0.161,0,13,"SHOX2"
"689",0,1.45863429858445,0.9,0.325,0,13,"ETV1"
"690",0,1.56452967894544,0.958,0.386,0,13,"PDE10A"
"691",0,1.04840860148483,0.924,0.353,0,13,"SASH1"
"692",0,1.80578137179886,0.741,0.179,0,13,"NSMF"
"693",0,1.64850947531783,0.77,0.212,0,13,"HRH3"
"694",0,0.900130309936176,0.9,0.345,0,13,"WLS"
"695",0,0.715045341375912,0.882,0.329,0,13,"CPNE9"
"696",0,-5.53260163458079,0.103,0.655,0,13,"SGCZ"
"697",0,2.12147492965136,0.703,0.151,0,13,"NT5DC3"
"698",0,1.43003856960719,0.743,0.193,0,13,"PLEKHG1"
"699",0,3.14402366747292,0.622,0.079,0,13,"CYP27C1"
"700",0,1.60426125642772,0.789,0.246,0,13,"NETO2"
"701",5.29906952411953e-290,1.10277446239126,0.993,0.955,1.93951243652299e-285,14,"MT-CO2"
"702",2.84972998853285e-255,1.0856080754599,0.992,0.959,1.04302967310291e-250,14,"MT-CO3"
"703",1.68671980977148e-228,5.79820137783659,0.052,0.002,6.1735631757446e-224,14,"DLX6-AS1"
"704",1.75297833747171e-187,0.942216711121485,0.971,0.883,6.41607601298021e-183,14,"MT-CYB"
"705",4.38271985478763e-178,1.07173449377128,0.969,0.892,1.60411929405082e-173,14,"MT-ATP6"
"706",6.25817981262611e-154,1.16924386972326,0.848,0.615,2.29055639321928e-149,14,"STMN2"
"707",1.95475064884342e-149,0.79199706465778,0.972,0.91,7.15458284983178e-145,14,"MT-ND4"
"708",8.59049756405061e-148,0.752166394304228,0.978,0.925,3.14420801341816e-143,14,"MT-CO1"
"709",2.2346504034426e-147,-1.43951079040769,0.687,0.814,8.17904394164025e-143,14,"PLCG2"
"710",1.07231784463061e-146,-1.38333688894196,0.787,0.89,3.9247905431325e-142,14,"IL1RAPL1"
"711",8.91777356643659e-137,5.81557184044304,0.028,0.001,3.26399430305145e-132,14,"DLX1"
"712",5.11125413330906e-136,1.7548961491297,0.305,0.1,1.87077012533245e-131,14,"CRABP1"
"713",8.71629871680108e-135,1.07939353318923,0.851,0.686,3.19025249333636e-130,14,"TUBA1B"
"714",6.92860422225147e-132,1.48129886145955,0.59,0.344,2.53593843138626e-127,14,"ALDOC"
"715",5.73033172037076e-127,0.608428974341057,0.956,0.849,2.0973587129729e-122,14,"SNRPN"
"716",4.57982289569336e-126,0.950783544825915,0.826,0.602,1.67626097805273e-121,14,"BASP1"
"717",5.4073214215519e-125,1.51624913230059,0.466,0.218,1.97913371350221e-120,14,"CBLN2"
"718",1.33864842231166e-124,1.74764097358172,0.406,0.181,4.89958709050292e-120,14,"VAMP1"
"719",1.71968447852731e-121,1.18257397942603,0.753,0.588,6.2942171598578e-117,14,"TUBB3"
"720",5.42941951373285e-121,1.15396244389926,0.821,0.664,1.98722183622136e-116,14,"CALY"
"721",1.17179980707882e-108,-2.07808265337363,0.709,0.801,4.28890447388917e-104,14,"KCNMA1"
"722",1.89601621318472e-108,0.933713642782054,0.895,0.812,6.93960894187739e-104,14,"GNAS"
"723",5.37019243593457e-106,0.600210928100152,0.987,0.843,1.96554413347641e-101,14,"MEG3"
"724",1.85126951416339e-104,2.34204176313489,0.39,0.189,6.77583154878944e-100,14,"DIRAS3"
"725",2.15667418894971e-103,0.551311847288785,0.93,0.827,7.89364319897482e-99,14,"NOVA1"
"726",2.41610112803721e-102,1.4077737143694,0.526,0.296,8.84317173872901e-98,14,"ENC1"
"727",4.48419525562462e-102,-1.70439651137825,0.53,0.702,1.64126030551117e-97,14,"KCTD8"
"728",3.83829419777507e-100,1.06354323822262,0.73,0.54,1.40485405932765e-95,14,"TUBB2A"
"729",5.24001205709996e-100,-1.80045830282093,0.351,0.611,1.91789681301916e-95,14,"ST6GALNAC3"
"730",1.22195325889733e-99,0.767019443591982,0.794,0.499,4.47247112289012e-95,14,"TTTY14"
"731",6.89569353722445e-99,1.2491657371618,0.593,0.388,2.52389279155952e-94,14,"TUBA4A"
"732",1.42187605544471e-98,0.882393071842531,0.805,0.652,5.20420855053319e-94,14,"SLC22A17"
"733",2.08130459909286e-98,-0.979214617376924,0.818,0.875,7.61778296313978e-94,14,"AUTS2"
"734",8.36851193696887e-98,1.15154033717707,0.638,0.441,3.06295905404998e-93,14,"NAP1L2"
"735",3.1912758148663e-97,-1.41608014760137,0.565,0.702,1.16803886099921e-92,14,"OLFM3"
"736",1.94176466714115e-96,-2.44114420027277,0.214,0.477,7.10705285820332e-92,14,"GUCY1A1"
"737",4.078724802552e-96,1.12542154041522,0.634,0.444,1.49285406498206e-91,14,"RAB3A"
"738",2.34725846502108e-93,-1.06767880398074,0.728,0.781,8.59120070782365e-89,14,"CDK14"
"739",4.28507431515862e-93,1.06702187197008,0.72,0.543,1.56838005009121e-88,14,"NAP1L3"
"740",1.27836118297613e-92,2.29053455375365,0.246,0.091,4.67892976581092e-88,14,"PPP1R1A"
"741",1.40573854098871e-92,0.853786084388898,0.783,0.652,5.14514363387279e-88,14,"PLD3"
"742",1.51449461879667e-92,-1.42089375776378,0.392,0.64,5.54320175425767e-88,14,"SPOCK1"
"743",7.16946231629429e-92,1.79756733435445,0.219,0.073,2.62409490238687e-87,14,"PNMA6F"
"744",5.12077259234704e-90,0.565314625398457,0.915,0.793,1.87425397652494e-85,14,"SNAP25"
"745",3.53559102703112e-89,1.26152989803096,0.578,0.383,1.29406167180366e-84,14,"SPATS2L"
"746",8.06038339554024e-89,0.561788527374746,0.942,0.841,2.95018092660168e-84,14,"MT-ND2"
"747",1.36113987975676e-87,1.79613392229852,0.326,0.148,4.98190807389772e-83,14,"RBP4"
"748",3.29547735095694e-87,0.726721371736867,0.824,0.628,1.20617766522375e-82,14,"RMST"
"749",2.26991029994055e-86,1.07112551496779,0.627,0.438,8.3080986888124e-82,14,"ISCU"
"750",3.35409515245411e-86,-1.76512312124548,0.338,0.568,1.22763236674973e-81,14,"SOX5"
"751",0,3.6915966561439,0.98,0.114,0,15,"ST18"
"752",0,3.95922761935614,0.95,0.101,0,15,"MOBP"
"753",0,4.40641459342221,0.979,0.148,0,15,"TF"
"754",0,3.93196337478339,0.921,0.113,0,15,"UGT8"
"755",0,3.90879319805846,0.901,0.095,0,15,"ANLN"
"756",0,3.56509766312871,0.954,0.152,0,15,"TMEM144"
"757",0,3.65013652109283,0.884,0.099,0,15,"AC012494.1"
"758",0,-4.3507712739119,0.1,0.882,0,15,"RIMS2"
"759",0,4.3532711194176,0.872,0.091,0,15,"SELENOP"
"760",0,4.29018932441109,0.996,0.219,0,15,"PLP1"
"761",0,-4.24571704723745,0.119,0.892,0,15,"FGF14"
"762",0,-4.80910775818967,0.092,0.865,0,15,"MEG3"
"763",0,-4.03836688744593,0.105,0.874,0,15,"CNTN1"
"764",0,-4.52527225708376,0.144,0.913,0,15,"FAM155A"
"765",0,-4.18635461621999,0.117,0.883,0,15,"RALYL"
"766",0,4.23807307901797,0.853,0.089,0,15,"PPP1R14A"
"767",0,3.77034467364698,0.847,0.089,0,15,"CLDN11"
"768",0,-4.5086190456831,0.105,0.86,0,15,"DSCAM"
"769",0,3.10632133715171,0.905,0.156,0,15,"ZEB2"
"770",0,-4.35501218215851,0.109,0.853,0,15,"KCND2"
"771",0,3.57238786519766,0.929,0.186,0,15,"ENPP2"
"772",0,-4.30548589215286,0.083,0.815,0,15,"MEG8"
"773",0,4.23044804116658,0.792,0.064,0,15,"ERMN"
"774",0,-4.55271396052649,0.084,0.81,0,15,"ATRNL1"
"775",0,-4.15948234913336,0.092,0.815,0,15,"AGBL4"
"776",0,-4.16380243150674,0.102,0.825,0,15,"FGF12"
"777",0,-4.14241683043028,0.161,0.883,0,15,"SYT1"
"778",0,3.79746991478599,0.809,0.089,0,15,"APOD"
"779",0,-4.09256034863632,0.102,0.822,0,15,"SLC8A1"
"780",0,-4.22500526249567,0.098,0.817,0,15,"OPCML"
"781",0,4.21331671357225,0.777,0.061,0,15,"MAG"
"782",0,-4.90250329010579,0.085,0.796,0,15,"DLGAP1"
"783",0,3.86880772469659,0.895,0.185,0,15,"SPP1"
"784",0,-3.9938775452005,0.074,0.783,0,15,"UNC80"
"785",0,-3.67991463980625,0.121,0.83,0,15,"PAM"
"786",0,-4.35203014413875,0.074,0.779,0,15,"FRMPD4"
"787",0,3.45541953662572,0.806,0.102,0,15,"COL4A5"
"788",0,-4.08896496271072,0.068,0.772,0,15,"PAK3"
"789",0,3.61247551930817,0.876,0.177,0,15,"LINC00609"
"790",0,4.11727831038235,0.753,0.054,0,15,"MOG"
"791",0,3.46378009723125,0.785,0.087,0,15,"C10orf90"
"792",0,-3.59358725637775,0.115,0.813,0,15,"SNAP25"
"793",0,-4.39731577684861,0.076,0.772,0,15,"NRCAM"
"794",0,-4.52653573782082,0.061,0.757,0,15,"LRFN5"
"795",0,-3.89843691689773,0.095,0.786,0,15,"ATP8A2"
"796",0,3.7643409226222,0.898,0.209,0,15,"SCD"
"797",0,-4.31498672558732,0.064,0.751,0,15,"MYT1L"
"798",0,-3.51789347222361,0.172,0.858,0,15,"CSMD3"
"799",0,-3.98006137426696,0.08,0.764,0,15,"STXBP5L"
"800",0,-4.22104504201008,0.07,0.753,0,15,"GABRB3"
"801",0,3.3794136612288,0.844,0.196,0,16,"GNG8"
"802",0,2.49542139354259,0.818,0.196,0,16,"GPR151"
"803",0,2.27435373739449,0.892,0.312,0,16,"AC008415.1"
"804",0,3.54619342583184,0.627,0.065,0,16,"C5orf17"
"805",0,1.36312770828589,0.955,0.394,0,16,"CADPS2"
"806",0,2.23593764522925,0.926,0.366,0,16,"AC109466.1"
"807",0,1.49708683289765,0.957,0.423,0,16,"NWD2"
"808",0,2.06704770165362,0.844,0.328,0,16,"AMIGO2"
"809",0,2.82090363278381,0.659,0.162,0,16,"AC009041.2"
"810",0,2.18052239084198,0.734,0.243,0,16,"AC132153.1"
"811",0,2.62946476900209,0.719,0.233,0,16,"CACNB3"
"812",0,2.68013157962689,0.683,0.205,0,16,"TP53I11"
"813",0,2.42063760925407,0.759,0.287,0,16,"PDE2A"
"814",0,1.98489500206409,0.761,0.292,0,16,"SHROOM3"
"815",0,2.56111997910668,0.724,0.255,0,16,"GSDME"
"816",0,2.03053581505837,0.788,0.332,0,16,"BAIAP3"
"817",0,2.26766947475973,0.762,0.311,0,16,"NECAB2"
"818",0,3.16218248189324,0.573,0.126,0,16,"ROBO3"
"819",0,2.51865508792426,0.635,0.189,0,16,"NR4A2"
"820",0,2.26134777408991,0.664,0.226,0,16,"IRX2"
"821",0,1.78870449272275,0.821,0.386,0,16,"NRP2"
"822",0,1.99194137785886,0.694,0.262,0,16,"HSPA1B"
"823",0,1.82900913554307,0.86,0.43,0,16,"OPRM1"
"824",0,2.45387104463231,0.702,0.273,0,16,"GPR149"
"825",0,3.31400408302503,0.51,0.085,0,16,"NEUROD1"
"826",0,2.7130540310993,0.575,0.16,0,16,"RPRM"
"827",0,2.09056195000549,0.943,0.54,0,16,"TSPAN13"
"828",0,1.71500318863224,0.845,0.444,0,16,"TTC39C"
"829",0,2.22999157452213,0.62,0.222,0,16,"LRRC55"
"830",0,2.80160035397529,0.493,0.104,0,16,"PPP1R1B"
"831",0,1.79968556532069,0.848,0.464,0,16,"VAT1L"
"832",0,1.80850293159327,0.804,0.426,0,16,"ZIC1"
"833",0,1.49068066176522,0.89,0.513,0,16,"ASIC2"
"834",0,2.01951977421478,0.838,0.472,0,16,"ITM2C"
"835",0,2.8865102156872,0.472,0.109,0,16,"NT5DC2"
"836",0,2.76405038200943,0.449,0.095,0,16,"LINC02143"
"837",0,1.30093472748591,0.963,0.622,0,16,"PCSK2"
"838",0,3.74929427940855,0.379,0.044,0,16,"MEGF6"
"839",0,1.25860937645382,0.988,0.663,0,16,"MSI2"
"840",0,1.90498469204832,0.848,0.526,0,16,"EEF1A2"
"841",0,2.05639971675452,0.959,0.656,0,16,"GABBR1"
"842",0,1.20576855793842,0.998,0.7,0,16,"TRPM3"
"843",0,3.04083569351938,0.37,0.074,0,16,"ENO3"
"844",0,3.27452156284949,0.342,0.05,0,16,"SLC17A7"
"845",0,1.65085490494929,0.939,0.649,0,16,"PCSK1N"
"846",0,1.55977843606801,0.963,0.683,0,16,"CNNM2"
"847",0,1.5739509929772,0.893,0.622,0,16,"ATP1A3"
"848",0,3.12999100277317,0.295,0.049,0,16,"GIPR"
"849",0,3.22149700981063,0.287,0.047,0,16,"LRRC26"
"850",0,1.30457507690462,0.975,0.747,0,16,"CELF4"
"851",0,2.64945411254538,0.863,0.317,0,17,"NXPH1"
"852",0,2.09285121254434,0.682,0.19,0,17,"C8orf34"
"853",0,1.91373826749897,0.832,0.341,0,17,"CHRM3"
"854",0,1.71716372659438,0.785,0.314,0,17,"NECAB1"
"855",0,2.83330543404678,0.572,0.111,0,17,"AC007368.1"
"856",0,1.81425407353557,0.858,0.406,0,17,"CACNA2D3"
"857",0,1.49226205004461,0.937,0.495,0,17,"NTNG1"
"858",0,2.13927598218444,0.653,0.212,0,17,"SPON1"
"859",0,1.83699082349998,0.761,0.327,0,17,"LINC01322"
"860",0,2.64651362566167,0.813,0.38,0,17,"GPC5"
"861",0,1.98043314655033,0.637,0.208,0,17,"GABRA4"
"862",0,1.51551732796502,0.885,0.457,0,17,"MIR137HG"
"863",0,1.42602216325328,0.928,0.502,0,17,"SCN9A"
"864",0,2.56079237675599,0.547,0.129,0,17,"SULF1"
"865",0,2.00862227706772,0.576,0.161,0,17,"SYT17"
"866",0,1.87286165692499,0.542,0.146,0,17,"GABRG1"
"867",0,1.81387251852382,0.832,0.443,0,17,"FOXP2"
"868",0,2.40226890333656,0.507,0.132,0,17,"MLIP"
"869",0,3.69238908399925,0.432,0.059,0,17,"SLITRK6"
"870",0,2.23362115798096,0.443,0.088,0,17,"ANOS1"
"871",0,2.14025521008,0.462,0.116,0,17,"CALB1"
"872",0,5.21233089491348,0.322,0.018,0,17,"AC069410.1"
"873",0,2.59231005890033,0.338,0.065,0,17,"GRB14"
"874",0,3.58655132243814,0.288,0.03,0,17,"CPA6"
"875",0,3.38307115099781,0.284,0.031,0,17,"AL161629.1"
"876",0,1.21614180630765,0.979,0.735,0,17,"LRFN5"
"877",0,2.993589128234,0.276,0.039,0,17,"FAM9B"
"878",0,-2.79566697262904,0.67,0.865,0,17,"MT-ND3"
"879",0,1.26883124492082,0.996,0.828,0,17,"GRIK2"
"880",0,4.15725426038961,0.156,0.009,0,17,"LINC02046"
"881",0,-2.88848512900486,0.767,0.897,0,17,"MT-ATP6"
"882",0,4.97342716641362,0.123,0.006,0,17,"LINC02045"
"883",0,5.01800553410285,0.11,0.004,0,17,"AGTR1"
"884",0,-2.35624788914246,0.819,0.914,0,17,"MT-ND4"
"885",0,4.88887816721844,0.089,0.003,0,17,"NPY2R"
"886",5.69923203166544e-300,2.61102287622811,0.328,0.065,2.08597591590987e-295,17,"SEL1L3"
"887",1.53291178989431e-298,1.85105175113006,0.663,0.24,5.61061044219218e-294,17,"TOX3"
"888",3.89117366876683e-298,1.37219109723064,0.917,0.498,1.42420847450535e-293,17,"KCNB2"
"889",7.00322248196343e-294,1.24308613284295,0.958,0.631,2.56324946062343e-289,17,"MARCH1"
"890",4.58164389044625e-289,1.25989545564592,0.934,0.557,1.67692748034223e-284,17,"GABRB1"
"891",1.1661122020714e-288,0.891209230306875,0.998,0.86,4.26808727080155e-284,17,"RIMS2"
"892",3.4519560456619e-288,1.41575758708805,0.614,0.194,1.26345043227271e-283,17,"COL21A1"
"893",5.56467109503467e-286,2.04722173516595,0.558,0.178,2.03672526749364e-281,17,"NDST4"
"894",7.43837411517349e-283,1.63771066335293,0.781,0.363,2.72251930989465e-278,17,"TMEM132B"
"895",1.42750850503866e-282,2.01311452806869,0.581,0.201,5.224823879292e-278,17,"LINC02082"
"896",2.53704141742909e-277,1.34754770952887,0.985,0.813,9.2858252919322e-273,17,"PTPRD"
"897",8.33414682809241e-273,3.14710243039825,0.222,0.033,3.0503810805501e-268,17,"GBX2"
"898",9.13135275897972e-272,2.31843872002208,0.358,0.08,3.34216642331417e-267,17,"ADAMTS12"
"899",8.84623742411763e-270,1.6685300987191,0.669,0.265,3.23781135960129e-265,17,"FAR2"
"900",3.49685251543087e-268,1.6373329103425,0.619,0.225,1.27988298917285e-263,17,"MEF2C-AS1"
"901",0,1.37843983337842,0.975,0.807,0,18,"PLCG2"
"902",1.323200099759e-256,1.00888798499314,0.975,0.794,4.84304468512792e-252,18,"MEG8"
"903",5.38058774720181e-252,1.34473859907938,0.943,0.626,1.96934892135333e-247,18,"RMST"
"904",2.07882373692432e-235,1.46666418742235,0.707,0.295,7.60870275951672e-231,18,"HIST1H4C"
"905",2.39008743403874e-230,1.13321423863769,0.943,0.739,8.74795901732519e-226,18,"ZNF483"
"906",4.75240813946896e-215,1.25934101629622,0.889,0.579,1.73942890312703e-210,18,"NDUFA4"
"907",2.0003327345147e-210,1.30175826151705,0.89,0.601,7.32141784159724e-206,18,"TOMM20"
"908",4.16601690694165e-192,1.32440954264542,0.86,0.542,1.52480384810971e-187,18,"SYT4"
"909",4.30195241059381e-188,1.8110535067648,0.4,0.121,1.57455760180144e-183,18,"DLK1"
"910",2.89755627816021e-165,0.990167739684341,0.951,0.761,1.06053457336942e-160,18,"PEG3"
"911",4.29807244955191e-162,-1.86999870283416,0.86,0.895,1.57313749726049e-157,18,"MT-ATP6"
"912",1.36286327934836e-161,1.62406990830139,0.563,0.254,4.98821588874292e-157,18,"TMEM196"
"913",5.11742422954871e-156,2.75462016682424,0.225,0.052,1.87302844225712e-151,18,"LINC01320"
"914",3.25666619801392e-155,1.22391036580596,0.771,0.448,1.19197239513508e-150,18,"UHMK1"
"915",3.40669228712199e-154,1.48363057931124,0.659,0.343,1.24688344400952e-149,18,"DYNLT3"
"916",1.35717469176681e-151,1.07539285333644,0.828,0.525,4.96739508933569e-147,18,"ATP5IF1"
"917",2.48938681241052e-147,1.37130714766446,0.544,0.242,9.11140467210376e-143,18,"KITLG"
"918",1.79097740286371e-145,1.13891229218936,0.593,0.28,6.55515639222147e-141,18,"SKAP2"
"919",4.77741386885752e-139,0.879158218146961,0.922,0.702,1.74858125014054e-134,18,"EIF4A2"
"920",3.00563762771865e-136,1.01340236891731,0.793,0.498,1.1000934281213e-131,18,"GLRB"
"921",3.93949946407666e-136,0.682559816811191,0.905,0.614,1.4418961988467e-131,18,"STMN2"
"922",8.46622935480234e-134,0.844283752981728,0.887,0.6,3.0987246061512e-129,18,"BEX1"
"923",2.1919164763657e-133,0.984059818885715,0.845,0.584,8.02263349514611e-129,18,"RCN2"
"924",1.71182583290536e-131,1.03681453245252,0.8,0.505,6.2654537310169e-127,18,"SCN9A"
"925",1.8184120640639e-130,0.848313901292975,0.892,0.68,6.65556999568026e-126,18,"CSRNP3"
"926",2.38486165369529e-127,1.26538672689635,0.698,0.404,8.72883213869013e-123,18,"SLC7A14"
"927",4.30836324914549e-127,2.06608224953707,0.142,0.026,1.57690403281974e-122,18,"FAM157C"
"928",6.10394095980413e-127,0.793713795014482,0.869,0.503,2.23410343069791e-122,18,"USP9Y"
"929",6.50635336301395e-127,1.6670184606098,0.447,0.188,2.38139039439674e-122,18,"DIRAS3"
"930",1.87746773180239e-126,1.90322970874544,0.298,0.096,6.87171964516994e-122,18,"NTS"
"931",5.11877212999434e-126,0.926166267444768,0.763,0.447,1.87352178729923e-121,18,"RPL27"
"932",1.45011528450652e-125,1.17377518629312,0.779,0.468,5.30756695282231e-121,18,"AC006115.2"
"933",5.97199204232128e-125,2.13036325286059,0.216,0.056,2.18580880741001e-120,18,"ADAMTS3"
"934",1.48845899685422e-123,0.879655619376722,0.836,0.55,5.44790877438614e-119,18,"COX6C"
"935",8.98247577897334e-123,1.33346690677793,0.392,0.148,3.28767595986203e-118,18,"PDGFC"
"936",7.97554994261229e-122,0.955208956013959,0.493,0.21,2.91913103449552e-117,18,"ARL17B"
"937",1.92210530396001e-121,1.06369270408164,0.792,0.515,7.03509762302404e-117,18,"CISD1"
"938",1.37016808536578e-120,0.873014422851452,0.866,0.62,5.01495220924728e-116,18,"SCOC"
"939",1.47638869490441e-120,1.04246968180282,0.672,0.366,5.40373026221963e-116,18,"NDUFAB1"
"940",4.63570071673524e-120,0.912231413331224,0.737,0.419,1.69671281933226e-115,18,"UBL5"
"941",9.57442031010007e-120,0.595219547011361,0.946,0.834,3.50433357769973e-115,18,"PRKACB"
"942",1.23498191736123e-118,1.06439261018004,0.727,0.425,4.52015731573385e-114,18,"SORCS3"
"943",9.65274254092987e-118,0.938482596132231,0.724,0.409,3.53300029740574e-113,18,"TOMM7"
"944",9.31890946391781e-117,0.787100771434804,0.928,0.714,3.41081405288856e-112,18,"SERINC1"
"945",2.14202652262985e-114,0.726839937790791,0.776,0.431,7.84003127547753e-110,18,"NLGN4Y"
"946",4.64818407267796e-114,0.93493832294636,0.825,0.567,1.70128185244086e-109,18,"G3BP2"
"947",1.00056439349596e-113,0.585732476978869,0.967,0.88,3.66216573663457e-109,18,"RTN3"
"948",1.31292654888528e-113,1.22838759608789,0.595,0.317,4.805442461575e-109,18,"TMEM47"
"949",1.57807524958279e-113,0.878719421580722,0.841,0.586,5.77591322099798e-109,18,"REEP5"
"950",1.89162448447897e-111,0.681536137490154,0.979,0.891,6.92353477564148e-107,18,"NEGR1"
"951",0,3.67791799397567,0.94,0.117,0,19,"ST18"
"952",0,3.65415865267586,0.909,0.152,0,19,"TF"
"953",0,-3.97832337238071,0.107,0.863,0,19,"MEG3"
"954",0,3.37924413855427,0.972,0.222,0,19,"PLP1"
"955",0,-3.49379432009586,0.13,0.879,0,19,"RIMS2"
"956",0,3.73695785499203,0.901,0.155,0,19,"TMEM144"
"957",0,-3.61050798696156,0.179,0.924,0,19,"NRG3"
"958",0,-3.31526611644966,0.147,0.89,0,19,"FGF14"
"959",0,3.63676350899761,0.844,0.106,0,19,"MOBP"
"960",0,-3.60343394445139,0.12,0.858,0,19,"DSCAM"
"961",0,-3.57018102815917,0.173,0.91,0,19,"FAM155A"
"962",0,-3.13496107117792,0.144,0.881,0,19,"RALYL"
"963",0,-2.62586994369881,0.144,0.872,0,19,"CNTN1"
"964",0,-3.2316707943165,0.133,0.851,0,19,"KCND2"
"965",0,-2.759109611897,0.162,0.875,0,19,"CCSER1"
"966",0,-3.66933599213785,0.103,0.813,0,19,"MEG8"
"967",0,-3.54706527144841,0.104,0.813,0,19,"AGBL4"
"968",0,-3.54261405037962,0.115,0.82,0,19,"SLC8A1"
"969",0,-2.84667012947652,0.185,0.886,0,19,"MAP2"
"970",0,-2.87276691611779,0.128,0.828,0,19,"PAM"
"971",0,-3.72255266873212,0.11,0.808,0,19,"ATRNL1"
"972",0,-3.16835065746858,0.122,0.811,0,19,"PTPRN2"
"973",0,-3.76140550088333,0.081,0.77,0,19,"PAK3"
"974",0,3.27859435922873,0.847,0.159,0,19,"ZEB2"
"975",0,-3.18305153654734,0.093,0.78,0,19,"UNC80"
"976",0,-3.26663609864435,0.124,0.811,0,19,"SNAP25"
"977",0,-3.33583200238915,0.129,0.815,0,19,"OPCML"
"978",0,-3.29994678669976,0.195,0.88,0,19,"SYT1"
"979",0,-2.77260713112362,0.176,0.858,0,19,"GPM6A"
"980",0,-3.35005444149109,0.104,0.784,0,19,"ATP8A2"
"981",0,-3.59381191161085,0.097,0.777,0,19,"FRMPD4"
"982",0,-3.42187695564337,0.177,0.856,0,19,"ROBO2"
"983",0,-3.80616312044771,0.117,0.794,0,19,"DLGAP1"
"984",0,-4.05199530022011,0.079,0.755,0,19,"LRFN5"
"985",0,-3.28606607678208,0.147,0.822,0,19,"FGF12"
"986",0,-3.57362388448567,0.103,0.776,0,19,"CACNA1C"
"987",0,-3.35511865657957,0.097,0.769,0,19,"DCLK1"
"988",0,-3.45603779793485,0.099,0.77,0,19,"NRCAM"
"989",0,-3.66483932130448,0.079,0.749,0,19,"MYT1L"
"990",0,-2.70375566142591,0.145,0.813,0,19,"KCNMA1"
"991",0,3.37166245991709,0.784,0.118,0,19,"UGT8"
"992",0,3.64337817577757,0.768,0.103,0,19,"AC012494.1"
"993",0,-3.53763171310074,0.086,0.751,0,19,"GABRB3"
"994",0,-2.83495607398276,0.135,0.797,0,19,"SCN2A"
"995",0,-2.64310185732614,0.106,0.766,0,19,"CELF4"
"996",0,-3.73195094738619,0.076,0.731,0,19,"ZEB1"
"997",0,-3.54360390453967,0.084,0.738,0,19,"SLC4A10"
"998",0,-2.91538582906326,0.097,0.749,0,19,"SCN3A"
"999",0,-3.59000564399493,0.112,0.763,0,19,"RBMS3"
"1000",0,-2.91255245084997,0.138,0.789,0,19,"GRIP1"
"1001",0,3.63168794860264,0.96,0.142,0,20,"OTX2-AS1"
"1002",0,3.22268433211508,0.937,0.134,0,20,"RORB"
"1003",0,3.3363450927988,0.965,0.162,0,20,"MEIS2"
"1004",0,2.46940465045701,0.91,0.124,0,20,"KIT"
"1005",0,2.80436862630863,0.92,0.138,0,20,"GAD2"
"1006",0,2.39589778844162,0.913,0.146,0,20,"GAD1"
"1007",0,3.17291566136816,0.952,0.237,0,20,"NR2F2-AS1"
"1008",0,4.07265442370577,0.79,0.08,0,20,"MYO3B"
"1009",0,3.12811154770661,0.935,0.227,0,20,"PDZRN3"
"1010",0,2.39514778941992,0.973,0.265,0,20,"SYNPR"
"1011",0,3.82664261761289,0.76,0.055,0,20,"LINC02253"
"1012",0,2.6988119480468,0.867,0.165,0,20,"GREM2"
"1013",0,2.67883672133798,0.846,0.169,0,20,"SEMA3C"
"1014",0,1.8519883909395,0.911,0.238,0,20,"RELN"
"1015",0,1.61352415997678,0.964,0.292,0,20,"ADARB2"
"1016",0,2.62153173895547,0.893,0.229,0,20,"NPAS2"
"1017",0,3.16365777361527,0.949,0.285,0,20,"PCBP3"
"1018",0,3.04514830360065,0.714,0.051,0,20,"LINC01210"
"1019",0,2.52455847907129,0.783,0.122,0,20,"SMAD9"
"1020",0,3.11438044938068,0.976,0.316,0,20,"ZFPM2"
"1021",0,1.95177423574829,0.894,0.243,0,20,"SLC6A1"
"1022",0,2.89135103081739,0.823,0.177,0,20,"TRPC5"
"1023",0,2.04462001871335,0.746,0.102,0,20,"SLC6A11"
"1024",0,2.44172886196676,0.898,0.254,0,20,"KCNIP4-IT1"
"1025",0,2.50803922585044,0.87,0.228,0,20,"FRMD3"
"1026",0,2.87500174133517,0.706,0.064,0,20,"IGF1"
"1027",0,2.66306093219352,0.826,0.19,0,20,"COL21A1"
"1028",0,2.82230737404233,0.96,0.327,0,20,"NELL1"
"1029",0,2.29125444544376,0.822,0.19,0,20,"LYPD6"
"1030",0,2.37735121296495,0.789,0.158,0,20,"FBN2"
"1031",0,2.04970246273059,0.822,0.193,0,20,"FOXO1"
"1032",0,2.32733900492021,0.858,0.233,0,20,"SH3RF3"
"1033",0,2.50562204292416,0.86,0.235,0,20,"ADAMTS19"
"1034",0,1.88402328200544,0.801,0.187,0,20,"XIST"
"1035",0,1.99768341747689,0.804,0.192,0,20,"NR2F2"
"1036",0,2.02981061301645,0.82,0.212,0,20,"ALK"
"1037",0,1.99009636743756,0.843,0.237,0,20,"LYPD6B"
"1038",0,2.56096480481157,0.968,0.362,0,20,"SPHKAP"
"1039",0,2.06658244087595,0.71,0.104,0,20,"OTX2"
"1040",0,1.60141279855479,0.938,0.332,0,20,"DSCAML1"
"1041",0,3.06020870542469,0.965,0.36,0,20,"UNC13C"
"1042",0,2.56267820560965,0.966,0.362,0,20,"CHRM2"
"1043",0,2.59106929712951,0.692,0.089,0,20,"TSPAN18"
"1044",0,2.27813857398688,0.958,0.357,0,20,"TOX"
"1045",0,2.11711939294752,0.913,0.312,0,20,"GALNT18"
"1046",0,2.65484567212972,0.753,0.154,0,20,"PPARG"
"1047",0,1.83408165120933,0.947,0.351,0,20,"SAMD5"
"1048",0,1.75357206464643,0.803,0.209,0,20,"SPON1"
"1049",0,1.84414616319771,0.76,0.167,0,20,"DISC1"
"1050",0,2.03890662854178,0.785,0.192,0,20,"EPB41L4A"
"1051",0,2.43677244178581,0.841,0.251,0,21,"EGFR"
"1052",0,2.33902060036943,0.973,0.394,0,21,"CADPS2"
"1053",0,2.45319643821901,0.8,0.234,0,21,"CDC14A"
"1054",0,2.65300975146979,0.859,0.309,0,21,"THSD7B"
"1055",0,2.18362285410023,0.965,0.424,0,21,"NWD2"
"1056",0,1.65476971974221,0.898,0.368,0,21,"AC109466.1"
"1057",0,1.65334414403572,0.816,0.315,0,21,"AC008415.1"
"1058",0,2.46797592197375,0.726,0.248,0,21,"PDGFD"
"1059",0,1.91014123573665,0.917,0.462,0,21,"DACH1"
"1060",0,2.65016264623054,0.898,0.467,0,21,"PRKD1"
"1061",0,2.36179541487534,0.709,0.278,0,21,"MCC"
"1062",0,2.32865583644717,0.746,0.317,0,21,"SORCS2"
"1063",0,1.96688859871413,0.861,0.444,0,21,"TTC39C"
"1064",0,2.1600401373469,0.979,0.586,0,21,"VAV3"
"1065",0,1.49832009130957,0.964,0.623,0,21,"PCSK2"
"1066",0,3.12708019219927,0.431,0.092,0,21,"ACOXL"
"1067",0,1.90261293279706,0.995,0.664,0,21,"MSI2"
"1068",0,1.98149829239452,0.955,0.634,0,21,"SGCZ"
"1069",0,1.78464568547479,0.988,0.677,0,21,"MTUS2"
"1070",0,2.38009288745426,0.998,0.7,0,21,"TRPM3"
"1071",0,1.62522613451667,0.946,0.657,0,21,"CA10"
"1072",0,1.95070929410157,0.993,0.707,0,21,"CACNA1E"
"1073",0,1.96217643112111,0.968,0.684,0,21,"CNNM2"
"1074",0,1.79160692048576,0.912,0.647,0,21,"MTSS1"
"1075",0,1.41567215982514,0.958,0.712,0,21,"FAT3"
"1076",0,1.27536405092424,0.978,0.771,0,21,"GRIP1"
"1077",0,1.88556907253718,0.996,0.794,0,21,"KCNMA1"
"1078",0,1.3512225248142,0.975,0.776,0,21,"CDK14"
"1079",0,1.23265039752286,0.998,0.857,0,21,"CCSER1"
"1080",0,1.58723466338294,0.997,0.891,0,21,"ROBO1"
"1081",0,1.64601916252836,0.999,0.919,0,21,"CNTNAP2"
"1082",2.24549100936648e-299,1.69697760812693,0.931,0.714,8.21872164338225e-295,21,"CDH8"
"1083",2.8928876049445e-293,1.56547404525392,0.931,0.578,1.05882579228574e-288,21,"RGS6"
"1084",6.40037798310119e-291,2.56857296011531,0.557,0.179,2.34260234559487e-286,21,"GPR39"
"1085",1.05706584920287e-288,2.77683127278143,0.511,0.154,3.86896671466743e-284,21,"MME"
"1086",2.63742734323372e-288,1.36012509133434,0.958,0.797,9.65324781896975e-284,21,"OPCML"
"1087",9.18960280019218e-286,2.15912748974722,0.802,0.426,3.36348652089834e-281,21,"PLD5"
"1088",1.36251892335416e-285,1.64818473315506,0.887,0.537,4.98695551136857e-281,21,"EPHA5"
"1089",2.25774647996637e-275,1.53412091147444,0.895,0.519,8.2635778913249e-271,21,"ST6GALNAC5"
"1090",6.71645114294737e-275,1.31457731457274,0.953,0.654,2.45828828283017e-270,21,"THSD7A"
"1091",3.10778225402905e-273,1.40404906741616,0.925,0.667,1.13747938279717e-268,21,"TTC28"
"1092",3.79447833606116e-270,2.76212675437301,0.361,0.079,1.38881701578175e-265,21,"LINC01307"
"1093",1.37222333263354e-266,1.59968735483529,0.926,0.693,5.02247461977202e-262,21,"KCTD8"
"1094",2.87919340269896e-266,1.75423169000905,0.663,0.246,1.05381357732185e-261,21,"AC132153.1"
"1095",8.58883682817791e-264,1.07949754255209,0.997,0.961,3.1436001674814e-259,21,"CADM2"
"1096",7.29147789823871e-262,1.72952843122452,0.818,0.426,2.66875382553435e-257,21,"SLC35F4"
"1097",8.64088307965602e-262,0.794787889576546,0.998,0.92,3.1626496159849e-257,21,"ANK3"
"1098",1.7637759810024e-261,2.1818742134733,0.977,0.75,6.45559646806687e-257,21,"TENM2"
"1099",2.12436959925579e-260,1.6471151025749,0.709,0.289,7.7754051702361e-256,21,"CSGALNACT1"
"1100",1.13027796235617e-259,1.54010974189155,0.902,0.584,4.13693037001981e-255,21,"PRKCA"
"1101",0,3.58936849182622,0.852,0.237,0,22,"IFI6"
"1102",0,3.26024031940021,0.643,0.181,0,22,"ISG15"
"1103",0,1.46120376044793,0.414,0.067,0,22,"TTR"
"1104",0,1.47527538851427,0.985,0.844,0,22,"MEG3"
"1105",2.44527430315942e-285,2.63493863555385,0.537,0.165,8.94994847699381e-281,22,"IFIT1"
"1106",8.42216301715342e-241,2.70077698625347,0.318,0.066,3.08259588590832e-236,22,"IRF9"
"1107",1.71945219470709e-211,2.24503350923693,0.591,0.257,6.29336697784741e-207,22,"STAT1"
"1108",7.08675366328814e-210,2.83212803686954,0.426,0.128,2.59382270830009e-205,22,"PVALB"
"1109",3.55205418293823e-195,1.29431653188978,0.947,0.652,1.30008735149722e-190,22,"RBFOX1"
"1110",6.32452748957878e-192,1.84206400941779,0.665,0.337,2.31484030646073e-187,22,"LPCAT4"
"1111",1.48981152679506e-188,2.78027335765738,0.247,0.05,5.4528591692226e-184,22,"IFIT3"
"1112",6.5818199233256e-180,3.20638528396244,0.233,0.047,2.4090119101364e-175,22,"TARID"
"1113",1.12039393624096e-172,1.54645735411478,0.808,0.499,4.10075384603552e-168,22,"NTNG1"
"1114",1.89131746328909e-171,2.48206128986769,0.355,0.105,6.92241104738441e-167,22,"ZDHHC11"
"1115",1.54910207057312e-159,2.29188236475655,0.443,0.164,5.66986848850467e-155,22,"PTPN3"
"1116",5.32692617232041e-156,1.01060028814559,0.905,0.615,1.94970824833099e-151,22,"STMN2"
"1117",3.09671579563034e-153,-1.59477620164202,0.46,0.785,1.13342894835866e-148,22,"GALNT13"
"1118",1.35851546979613e-151,-2.62432488697178,0.201,0.598,4.97230247100083e-147,22,"PRKCA"
"1119",2.34619966015573e-151,3.32633635481462,0.23,0.053,8.587325376136e-147,22,"GABRD"
"1120",7.57520963785249e-147,1.31782571286404,0.448,0.155,2.77260247955039e-142,22,"IL1RAPL2"
"1121",1.05551615750956e-145,-3.43561471877573,0.393,0.713,3.86329468810073e-141,22,"TRPM3"
"1122",1.4872791702179e-144,5.9455177547779,0.03,0.001,5.44359049091453e-140,22,"FOXA2"
"1123",3.19942710028362e-143,-4.8796460862806,0.028,0.425,1.17102231297481e-138,22,"AC119673.2"
"1124",1.01362010470651e-141,1.74419523451755,0.605,0.328,3.70995094523629e-137,22,"PILRB"
"1125",2.31848554220876e-141,2.19463828217547,0.378,0.135,8.48588893303827e-137,22,"MEGF11"
"1126",2.58725236519563e-133,1.08580721009911,0.788,0.487,9.46960238185254e-129,22,"CACNA1A"
"1127",1.06732305942652e-132,2.22671866875193,0.438,0.18,3.90650912980701e-128,22,"RGS16"
"1128",1.14662406918152e-130,1.91865720451328,0.512,0.246,4.1967587556113e-126,22,"CORO6"
"1129",2.66232104291423e-130,1.27337138542559,0.748,0.526,9.74436124917036e-126,22,"KIF5A"
"1130",5.01705727753614e-130,1.52970729807668,0.597,0.305,1.836293134151e-125,22,"GRM1"
"1131",1.04842078851905e-128,1.51555287211838,0.356,0.114,3.83732492805858e-124,22,"AC016766.1"
"1132",2.24293400284368e-127,1.00708849001911,0.853,0.56,8.20936274380817e-123,22,"IQCJ-SCHIP1"
"1133",5.12447588575379e-127,1.34183545642013,0.735,0.523,1.87560941894474e-122,22,"ACSL6"
"1134",7.60321097462695e-127,1.03902733049062,0.847,0.625,2.78285124882321e-122,22,"GAP43"
"1135",1.78852414327506e-126,1.38815657962258,0.744,0.497,6.54617721680105e-122,22,"CIT"
"1136",1.22224170530436e-125,0.987069539442096,0.801,0.507,4.47352686558449e-121,22,"KCNQ3"
"1137",2.83855083656305e-125,1.37925772680965,0.702,0.447,1.03893799169044e-120,22,"NCDN"
"1138",3.17465813503279e-124,1.71548214221641,0.687,0.444,1.16195662400335e-119,22,"TMSB10"
"1139",9.97176017297453e-124,1.71687739672922,0.5,0.237,3.64976394091041e-119,22,"ACAA1"
"1140",4.46800888670579e-123,0.838134969773873,0.913,0.685,1.63533593262319e-118,22,"TUBA1B"
"1141",4.05987703760781e-121,-2.07725082573021,0.459,0.718,1.48595559453484e-116,22,"CACNA1E"
"1142",6.37109735655736e-119,1.8166534723976,0.528,0.28,2.33188534347356e-114,22,"UPP1"
"1143",7.19822970291551e-119,1.17679861612076,0.663,0.374,2.63462405356411e-114,22,"ZNF804B"
"1144",5.70503178179652e-118,-2.30912931153349,0.312,0.649,2.08809868245534e-113,22,"PLCL1"
"1145",8.45846134706835e-118,-2.46221173700371,0.399,0.676,3.09588143764048e-113,22,"MSI2"
"1146",1.48251598949979e-117,1.00474148580966,0.615,0.316,5.42615677316818e-113,22,"B2M"
"1147",1.55006892995041e-116,1.17086631970301,0.716,0.423,5.67340729051151e-112,22,"GABRA1"
"1148",3.20963628974384e-115,1.11148392750928,0.757,0.511,1.17475897840914e-110,22,"TMEM59L"
"1149",8.19924271452782e-115,1.21565881126861,0.725,0.464,3.00100482594433e-110,22,"AC068587.4"
"1150",3.55791661336448e-112,-4.24493685088637,0.109,0.442,1.30223305965753e-107,22,"NWD2"
"1151",0,4.97830773706418,0.908,0.137,0,23,"LINC01088"
"1152",0,3.57826331915183,0.807,0.099,0,23,"SLC1A3"
"1153",0,5.28230923707888,0.76,0.067,0,23,"WDR49"
"1154",0,5.8912374842158,0.702,0.038,0,23,"ARMC3"
"1155",0,5.18251834805318,0.692,0.044,0,23,"GJA1"
"1156",0,5.07388311059467,0.688,0.055,0,23,"AQP4"
"1157",0,4.06379675086198,0.686,0.054,0,23,"ZFP36L1"
"1158",0,-2.29673736616591,0.272,0.901,0,23,"MDGA2"
"1159",0,-3.07367949421225,0.235,0.858,0,23,"MEG3"
"1160",0,5.14264789674381,0.784,0.165,0,23,"CFAP54"
"1161",0,-2.16627211751227,0.323,0.932,0,23,"ANK3"
"1162",0,2.94434862382561,0.926,0.319,0,23,"NFIA"
"1163",0,6.20926163088014,0.63,0.024,0,23,"DNAH11"
"1164",0,4.07210740228716,0.66,0.057,0,23,"GRAMD2B"
"1165",0,5.37909913654245,0.647,0.046,0,23,"SERPINI2"
"1166",0,4.71433711836529,0.66,0.064,0,23,"SOX9"
"1167",0,4.2600620683477,0.695,0.099,0,23,"MT2A"
"1168",0,-2.5053370887408,0.282,0.874,0,23,"RIMS2"
"1169",0,5.7034324665958,0.638,0.055,0,23,"CAPS"
"1170",0,4.45971780145148,0.655,0.081,0,23,"GFAP"
"1171",0,5.23138822070101,0.696,0.123,0,23,"CFAP299"
"1172",0,3.87062950008891,0.786,0.215,0,23,"GLIS3"
"1173",0,-2.73130683222916,0.306,0.876,0,23,"SYT1"
"1174",0,6.15968323476082,0.591,0.021,0,23,"ADGB"
"1175",0,2.59121156048126,0.825,0.258,0,23,"SOX6"
"1176",0,5.09672101042089,0.594,0.034,0,23,"VIM"
"1177",0,4.71838873398036,0.718,0.161,0,23,"CFAP47"
"1178",0,6.57485853548663,0.567,0.015,0,23,"AC020718.1"
"1179",0,4.63448556180537,0.828,0.278,0,23,"CST3"
"1180",0,3.77918100944594,0.738,0.192,0,23,"AC092957.1"
"1181",0,6.56100110159103,0.561,0.018,0,23,"ANXA1"
"1182",0,3.76780551143291,0.647,0.106,0,23,"EYA4"
"1183",0,4.86710944545475,0.594,0.054,0,23,"MT1E"
"1184",0,4.17755505740707,0.678,0.141,0,23,"ID4"
"1185",0,2.31944982724531,0.762,0.225,0,23,"NFIB"
"1186",0,5.00535829966288,0.628,0.096,0,23,"SPAG17"
"1187",0,3.54817980788252,0.699,0.168,0,23,"ITGB8"
"1188",0,5.67725459861895,0.564,0.035,0,23,"SPAG6"
"1189",0,3.99921012617578,0.591,0.066,0,23,"TMEM123"
"1190",0,5.69243380532679,0.544,0.024,0,23,"LMNTD1"
"1191",0,4.35917449495232,0.617,0.1,0,23,"MGST1"
"1192",0,6.17526377798377,0.537,0.021,0,23,"AC019330.1"
"1193",0,5.88098012638344,0.538,0.025,0,23,"DTHD1"
"1194",0,4.24794447393994,0.727,0.217,0,23,"LRRIQ1"
"1195",0,5.19395416057175,0.569,0.06,0,23,"DNAH12"
"1196",0,4.4728058463779,0.701,0.194,0,23,"CFAP43"
"1197",0,3.50574147105589,0.693,0.192,0,23,"C8orf34"
"1198",0,4.16593521670449,0.586,0.087,0,23,"SOX2"
"1199",0,5.3077208869633,0.538,0.04,0,23,"MUSK"
"1200",0,4.74242502326666,0.585,0.089,0,23,"AGBL1"
"1201",0,2.45201185284325,0.897,0.198,0,24,"GPR151"
"1202",0,2.34861456082529,0.894,0.199,0,24,"GNG8"
"1203",0,2.94909821620841,0.914,0.243,0,24,"AC132153.1"
"1204",0,2.88410238653464,0.948,0.314,0,24,"AC008415.1"
"1205",0,3.41002463410831,0.896,0.272,0,24,"GPR149"
"1206",0,2.43428828289909,0.902,0.292,0,24,"SHROOM3"
"1207",0,3.01339930962657,0.97,0.368,0,24,"AC109466.1"
"1208",0,1.66752737302876,0.982,0.396,0,24,"CADPS2"
"1209",0,2.03452998024983,0.903,0.33,0,24,"AMIGO2"
"1210",0,3.39076657816956,0.662,0.093,0,24,"LINC02143"
"1211",0,1.80515071899199,0.988,0.425,0,24,"NWD2"
"1212",0,2.51352159201627,0.817,0.256,0,24,"GSDME"
"1213",0,2.90176976041809,0.686,0.127,0,24,"SYT10"
"1214",0,2.66832111548864,0.685,0.129,0,24,"SLC5A7"
"1215",0,2.14893623835459,0.832,0.277,0,24,"MCC"
"1216",0,3.22972001033159,0.709,0.167,0,24,"LHFPL2"
"1217",0,2.37201410226239,0.816,0.275,0,24,"MINAR1"
"1218",0,2.21968505318862,0.725,0.19,0,24,"NR4A2"
"1219",0,1.2079078141033,0.791,0.259,0,24,"SOX6"
"1220",0,3.09857736040032,0.613,0.086,0,24,"NEUROD1"
"1221",0,2.1367751800251,0.709,0.19,0,24,"CHRNB3"
"1222",0,2.27849670185296,0.751,0.235,0,24,"CACNB3"
"1223",0,2.4326102993579,0.945,0.43,0,24,"OPRM1"
"1224",0,1.91753180352643,0.672,0.165,0,24,"AC009041.2"
"1225",0,2.43350631418258,0.908,0.405,0,24,"PDZRN4"
"1226",0,3.58288059087796,0.569,0.077,0,24,"LINC00616"
"1227",0,1.81549971154371,0.876,0.387,0,24,"NRP2"
"1228",0,1.97613544322103,0.711,0.224,0,24,"KCNIP1"
"1229",0,1.89709871604415,0.93,0.444,0,24,"TTC39C"
"1230",0,1.61753153719881,0.948,0.463,0,24,"DACH1"
"1231",0,1.98489272275417,0.709,0.227,0,24,"IRX2"
"1232",0,1.90402803802388,0.906,0.425,0,24,"PLD5"
"1233",0,2.40500220393589,0.683,0.202,0,24,"CHRNA3"
"1234",0,2.36775981027506,0.824,0.343,0,24,"PTPDC1"
"1235",0,2.41433540020408,0.665,0.191,0,24,"CHRNA6"
"1236",0,2.10565169038846,0.666,0.205,0,24,"MAOA"
"1237",0,2.12812503697989,0.619,0.161,0,24,"RPRM"
"1238",0,1.90772944336221,0.883,0.427,0,24,"ZIC1"
"1239",0,2.50278287213485,0.558,0.105,0,24,"PPP1R1B"
"1240",0,2.49362190857281,0.653,0.21,0,24,"MPP7"
"1241",0,3.50992509158046,0.491,0.055,0,24,"AC091973.1"
"1242",0,2.24295244992345,0.973,0.541,0,24,"TSPAN13"
"1243",0,2.96150453193051,0.545,0.118,0,24,"PPP1R17"
"1244",0,1.83048353465347,0.939,0.514,0,24,"ASIC2"
"1245",0,2.77591810389503,0.524,0.105,0,24,"LINC02240"
"1246",0,2.42370250730996,0.977,0.558,0,24,"LCORL"
"1247",0,3.04419258376309,0.479,0.071,0,24,"AC114321.1"
"1248",0,1.83740601538377,0.961,0.553,0,24,"SGCD"
"1249",0,2.67872654670245,0.475,0.078,0,24,"LINC01307"
"1250",0,2.64002248890962,0.451,0.067,0,24,"EZR"
"1251",0,-4.7387626433991,0.087,0.922,0,25,"NRG3"
"1252",0,3.6940263421526,0.948,0.121,0,25,"ST18"
"1253",0,-5.43815984562571,0.048,0.874,0,25,"CCSER1"
"1254",0,-4.41307529805116,0.085,0.909,0,25,"FAM155A"
"1255",0,-4.37401752148356,0.058,0.879,0,25,"RALYL"
"1256",0,-3.84069136665041,0.061,0.877,0,25,"RIMS2"
"1257",0,-5.27243960049512,0.045,0.861,0,25,"MEG3"
"1258",0,-4.20590971372452,0.076,0.888,0,25,"FGF14"
"1259",0,-4.01930496733703,0.066,0.87,0,25,"CNTN1"
"1260",0,-5.72229594237775,0.055,0.856,0,25,"ROBO2"
"1261",0,-5.30963598648608,0.042,0.827,0,25,"PAM"
"1262",0,-4.09448377625678,0.08,0.855,0,25,"DSCAM"
"1263",0,-4.17151478684296,0.075,0.849,0,25,"KCND2"
"1264",0,3.82655588726954,0.995,0.224,0,25,"PLP1"
"1265",0,-3.28792767023113,0.106,0.875,0,25,"GRID2"
"1266",0,-4.47104482446031,0.045,0.811,0,25,"AGBL4"
"1267",0,-3.35827262930358,0.121,0.884,0,25,"MAP2"
"1268",0,-3.81226335158315,0.051,0.811,0,25,"MEG8"
"1269",0,-4.19741825140821,0.051,0.81,0,25,"PTPRN2"
"1270",0,-3.86880017804821,0.063,0.821,0,25,"FGF12"
"1271",0,3.95468311264418,0.864,0.108,0,25,"MOBP"
"1272",0,-4.39855464610967,0.058,0.813,0,25,"OPCML"
"1273",0,-4.01800210012119,0.13,0.879,0,25,"SYT1"
"1274",0,-5.3098296254783,0.063,0.811,0,25,"KCNMA1"
"1275",0,-4.78334143735929,0.048,0.792,0,25,"DLGAP1"
"1276",0,-4.17602945240993,0.063,0.806,0,25,"ATRNL1"
"1277",0,3.24329012876718,0.895,0.155,0,25,"TF"
"1278",0,-4.97444394104916,0.035,0.765,0,25,"CELF4"
"1279",0,-4.28881950220046,0.046,0.775,0,25,"FRMPD4"
"1280",0,-3.8857198558525,0.05,0.778,0,25,"UNC80"
"1281",0,-4.05396009770977,0.055,0.782,0,25,"ATP8A2"
"1282",0,-5.9874395457119,0.041,0.767,0,25,"TENM2"
"1283",0,-4.50798988363784,0.049,0.774,0,25,"CACNA1C"
"1284",0,-3.1746642980187,0.072,0.795,0,25,"SCN2A"
"1285",0,-4.35978087975964,0.038,0.76,0,25,"STXBP5L"
"1286",0,-3.37784764738685,0.117,0.837,0,25,"PLEKHA5"
"1287",0,-3.82561082651569,0.049,0.767,0,25,"PAK3"
"1288",0,-4.02433892916762,0.037,0.753,0,25,"LRFN5"
"1289",0,-5.65219208848283,0.034,0.747,0,25,"GALNTL6"
"1290",0,-3.99040644414552,0.056,0.767,0,25,"DCLK1"
"1291",0,-4.50992083286934,0.038,0.749,0,25,"GABRB3"
"1292",0,-4.08759606023627,0.037,0.747,0,25,"MYT1L"
"1293",0,-2.88609020292886,0.135,0.844,0,25,"GRIK2"
"1294",0,-3.75332025389281,0.08,0.788,0,25,"GRIP1"
"1295",0,-4.21598004080726,0.039,0.747,0,25,"SCN3A"
"1296",0,3.52828809346607,0.866,0.159,0,25,"TMEM144"
"1297",0,3.96683433282163,0.826,0.12,0,25,"UGT8"
"1298",0,-3.65307883450972,0.062,0.768,0,25,"NRCAM"
"1299",0,-3.21914157719515,0.09,0.795,0,25,"TMEM178B"
"1300",0,-2.71615706738921,0.15,0.855,0,25,"GPM6A"
"1301",0,4.11905587418923,0.927,0.123,0,26,"ST18"
"1302",0,4.29086410267559,0.92,0.162,0,26,"ZEB2"
"1303",0,-4.01699713750749,0.104,0.858,0,26,"MEG3"
"1304",0,-4.41532147061835,0.118,0.871,0,26,"CCSER1"
"1305",0,-3.9200833859684,0.129,0.874,0,26,"RIMS2"
"1306",0,-2.99874273038545,0.124,0.867,0,26,"CNTN1"
"1307",0,-3.41697741523767,0.142,0.882,0,26,"MAP2"
"1308",0,-3.77237567980583,0.086,0.825,0,26,"PAM"
"1309",0,-3.7359585458899,0.071,0.808,0,26,"PTPRN2"
"1310",0,-3.94109907772652,0.071,0.807,0,26,"SNAP25"
"1311",0,-3.42627595665775,0.12,0.853,0,26,"DSCAM"
"1312",0,-3.55566396382382,0.146,0.876,0,26,"RALYL"
"1313",0,-3.70134735466349,0.159,0.885,0,26,"FGF14"
"1314",0,4.14063465180426,0.826,0.106,0,26,"AC012494.1"
"1315",0,2.50237905767396,0.946,0.227,0,26,"PLP1"
"1316",0,-3.16663245619886,0.152,0.863,0,26,"SNRPN"
"1317",0,4.13574612713895,0.87,0.173,0,26,"PDE1C"
"1318",0,3.41939320836243,0.847,0.161,0,26,"TMEM144"
"1319",0,4.14761053729499,0.777,0.093,0,26,"C10orf90"
"1320",0,-3.80489528255161,0.2,0.876,0,26,"SYT1"
"1321",0,3.28973663416999,0.776,0.111,0,26,"MOBP"
"1322",0,-2.90349628660891,0.263,0.918,0,26,"NRG3"
"1323",0,4.16099330088794,0.813,0.159,0,26,"DOCK5"
"1324",0,3.40049781016243,0.765,0.122,0,26,"UGT8"
"1325",0,2.65685299079698,0.799,0.158,0,26,"TF"
"1326",0,-3.36408890431227,0.277,0.904,0,26,"FAM155A"
"1327",0,3.34532349202352,0.904,0.283,0,26,"PTPRK"
"1328",0,3.27191964771768,0.81,0.194,0,26,"ENPP2"
"1329",0,4.32440136406541,0.679,0.066,0,26,"BCAS1"
"1330",0,4.22229226503878,0.767,0.169,0,26,"CREB5"
"1331",0,4.04763144444329,0.915,0.318,0,26,"NCKAP5"
"1332",0,3.61417585359006,0.697,0.109,0,26,"COL4A5"
"1333",0,4.26441081381426,0.945,0.365,0,26,"PIP4K2A"
"1334",0,4.24418613626533,0.645,0.066,0,26,"AC079352.1"
"1335",0,4.2577754049254,0.621,0.049,0,26,"LINC01608"
"1336",0,3.45739586234441,0.784,0.213,0,26,"CDH20"
"1337",0,3.72642786678776,0.756,0.185,0,26,"LINC00609"
"1338",0,4.26122944700623,0.639,0.075,0,26,"AL033523.1"
"1339",0,4.41582568648162,0.614,0.053,0,26,"AC090015.1"
"1340",0,3.56480179122041,0.717,0.159,0,26,"FBXL7"
"1341",0,4.47824871656846,0.689,0.133,0,26,"SLC7A14-AS1"
"1342",0,3.82682998475923,0.661,0.107,0,26,"DOCK1"
"1343",0,3.53288364875842,0.626,0.074,0,26,"CNDP1"
"1344",0,3.54806791567635,0.854,0.306,0,26,"DOCK10"
"1345",0,4.13519580579346,0.952,0.406,0,26,"CTNNA3"
"1346",0,2.94158272620035,0.641,0.106,0,26,"ANLN"
"1347",0,3.83634178924394,0.601,0.07,0,26,"SLC5A11"
"1348",0,3.71312141055955,0.591,0.068,0,26,"ABCA8"
"1349",0,3.47723646955285,0.945,0.436,0,26,"SLC44A1"
"1350",0,2.95331321545895,0.603,0.099,0,26,"CLDN11"
"1351",0,1.74597154234028,0.743,0.192,0,27,"XIST"
"1352",0,2.38888361284411,0.735,0.208,0,27,"ARL17B"
"1353",0,-0.8099778917318,0.523,0.067,0,27,"TTR"
"1354",0,3.31380184131953,0.346,0.034,0,27,"AL355075.4"
"1355",0,2.86264951052591,0.338,0.042,0,27,"MTRNR2L1"
"1356",2.5094266745533e-248,-4.45208335231407,0.254,0.762,9.18475257153252e-244,27,"FTH1"
"1357",1.11123779290196e-241,-2.97489359871116,0.621,0.844,4.06724144580046e-237,27,"CALM2"
"1358",1.17011226519668e-205,1.45665355798163,0.981,0.772,4.28272790184636e-201,27,"GRIP1"
"1359",8.19631409211194e-199,1.7977615206723,0.456,0.114,2.99993292085389e-194,27,"AL627171.2"
"1360",1.95764795114617e-197,-3.072267042397,0.414,0.774,7.1651872659901e-193,27,"EEF1A1"
"1361",7.09449624237634e-197,1.61678131448401,0.995,0.858,2.59665656967216e-192,27,"MT-ND3"
"1362",8.57229534170847e-192,1.00355354822603,0.988,0.805,3.13754581801872e-187,27,"FGF12"
"1363",1.35945641918504e-191,3.76418843202978,0.127,0.011,4.97574643985918e-187,27,"AC131956.2"
"1364",6.76845398484066e-191,-3.13569112340508,0.46,0.758,2.47732184299153e-186,27,"PEBP1"
"1365",6.32509136284449e-190,-2.64101630533109,0.682,0.822,2.31504668971471e-185,27,"CALM1"
"1366",5.305735285696e-185,-3.88724828454361,0.259,0.69,1.94195217191759e-180,27,"FTL"
"1367",1.9935471166955e-183,-3.94172204089025,0.249,0.679,7.29658180181719e-179,27,"BEX3"
"1368",1.03716388406857e-178,0.780838786500993,0.989,0.932,3.79612353207938e-174,27,"ANK2"
"1369",3.25814680262816e-177,-3.90470418563442,0.33,0.695,1.19251431122993e-172,27,"TUBA1B"
"1370",8.320012693764e-173,-3.68157398217868,0.253,0.665,3.04520784604456e-168,27,"PPIA"
"1371",4.55778827029551e-172,-3.09036599942673,0.419,0.732,1.66819608481086e-167,27,"VAMP2"
"1372",1.59684345048751e-171,-4.02179867860616,0.214,0.649,5.84460671312932e-167,27,"DYNLL1"
"1373",5.09994073461435e-169,-2.16495057103892,0.703,0.833,1.8666293082762e-164,27,"ATP1B1"
"1374",1.37195157508165e-168,0.951366085336924,0.989,0.871,5.02147995995636e-164,27,"CTNND2"
"1375",6.7542949421462e-167,-2.91550416425511,0.38,0.711,2.47213949177493e-162,27,"EIF4A2"
"1376",1.81615130499124e-164,-2.76901498557308,0.472,0.76,6.64729539139843e-160,27,"ACTB"
"1377",2.16399741216867e-164,-7.22603164448926,0.007,0.519,7.92044692827856e-160,27,"USP9Y"
"1378",5.73054469391669e-163,-3.55283339120613,0.355,0.694,2.09743666342045e-158,27,"TUBA1A"
"1379",8.66122044780093e-163,0.857123815459582,0.998,0.893,3.17009329609962e-158,27,"FAM155A"
"1380",1.21829550815213e-162,-3.5748498969239,0.225,0.651,4.45908338938761e-158,27,"RPLP1"
"1381",2.15108669406431e-162,-6.58333956770448,0.005,0.514,7.87319240894478e-158,27,"TTTY14"
"1382",3.89278745080308e-159,-2.81391553456993,0.456,0.733,1.42479913486844e-154,27,"ITM2B"
"1383",5.35548796657168e-159,-2.95614860699523,0.591,0.762,1.9601621506449e-154,27,"UCHL1"
"1384",5.75467280406194e-159,-3.74865596172184,0.176,0.62,2.10626779301471e-154,27,"RPL13A"
"1385",7.94177609978601e-158,-3.25122058276657,0.253,0.659,2.90676947028268e-153,27,"EIF1"
"1386",1.4744691553371e-157,-3.58008916642238,0.25,0.649,5.39670455544932e-153,27,"RPL13"
"1387",4.1172122145123e-157,-4.37685052797455,0.2,0.613,1.50694084263365e-152,27,"BEX1"
"1388",9.90647549445652e-157,-3.40224607142898,0.254,0.654,3.62586909572603e-152,27,"RPS28"
"1389",3.76829839814355e-156,-4.19808848651912,0.178,0.602,1.37923489670452e-151,27,"SRP14"
"1390",7.4612925983798e-156,-2.23415710695828,0.632,0.789,2.73090770393299e-151,27,"HSP90AB1"
"1391",8.60280076930269e-155,-4.09632701190361,0.176,0.603,3.14871110957248e-150,27,"COX4I1"
"1392",2.63066870146134e-154,1.01860809928188,0.948,0.71,9.62851051421865e-150,27,"PALM2-AKAP2"
"1393",4.9625742632696e-153,-4.04180799887651,0.196,0.617,1.81635180609931e-148,27,"RPL41"
"1394",1.57965241249211e-152,1.6918087556378,0.831,0.502,5.78168579496238e-148,27,"KCNB2"
"1395",1.98748085549738e-152,-3.6508944596388,0.208,0.618,7.27437867920597e-148,27,"RPL15"
"1396",2.30444411148843e-152,0.795663826052945,0.998,0.933,8.4344958924588e-148,27,"NRXN1"
"1397",1.35928535146745e-151,-3.91664401846357,0.148,0.592,4.97512031490601e-147,27,"RPS15"
"1398",2.26739805788497e-151,-5.83976411684087,0.009,0.496,8.29890363166477e-147,27,"UTY"
"1399",6.17031393847457e-149,-3.19170611257684,0.304,0.665,2.25839660462108e-144,27,"TMSB4X"
"1400",1.01669413445255e-148,-1.29556693974783,0.849,0.902,3.72120220150976e-144,27,"RTN4"
"1401",0,3.03656668066506,0.965,0.128,0,28,"KIT"
"1402",0,2.99643727707594,0.98,0.147,0,28,"OTX2-AS1"
"1403",0,3.0478463690472,0.975,0.15,0,28,"GAD1"
"1404",0,2.66461429050707,0.976,0.167,0,28,"MEIS2"
"1405",0,2.99048186048984,0.924,0.139,0,28,"RORB"
"1406",0,2.67567878108948,0.928,0.143,0,28,"GAD2"
"1407",0,2.75000617926645,0.993,0.269,0,28,"SYNPR"
"1408",0,2.4575936336346,0.918,0.232,0,28,"PDZRN3"
"1409",0,1.23816095902351,0.98,0.296,0,28,"ADARB2"
"1410",0,3.30615436145403,0.973,0.289,0,28,"PCBP3"
"1411",0,2.41452587049742,0.925,0.242,0,28,"NR2F2-AS1"
"1412",0,2.66308530459703,0.999,0.32,0,28,"ZFPM2"
"1413",0,3.92357191427592,0.73,0.06,0,28,"LINC02253"
"1414",0,2.80739215602075,0.992,0.33,0,28,"NELL1"
"1415",0,2.66878716441482,0.847,0.194,0,28,"COL21A1"
"1416",0,2.25818244836274,0.842,0.195,0,28,"NR2F2"
"1417",0,2.5072297022049,0.993,0.365,0,28,"CHRM2"
"1418",0,2.56299034155503,0.989,0.365,0,28,"SPHKAP"
"1419",0,2.63251537650237,0.982,0.364,0,28,"UNC13C"
"1420",0,2.47335792303846,0.845,0.24,0,28,"ADAMTS19"
"1421",0,2.34863160721234,0.966,0.365,0,28,"GULP1"
"1422",0,2.74632198714598,0.98,0.392,0,28,"NYAP2"
"1423",0,2.57842477769142,0.757,0.171,0,28,"GREM2"
"1424",0,2.35757181305236,0.833,0.247,0,28,"EPHA3"
"1425",0,1.88870784363795,0.947,0.361,0,28,"TOX"
"1426",0,1.97220750246061,0.825,0.248,0,28,"SLC6A1"
"1427",0,2.69220105439859,0.673,0.109,0,28,"OTX2"
"1428",0,2.09855610516378,0.98,0.434,0,28,"ZMAT4"
"1429",0,2.38914670777735,0.801,0.264,0,28,"IGSF3"
"1430",0,1.90572546544251,0.927,0.391,0,28,"CDH12"
"1431",0,2.33321547621928,0.996,0.46,0,28,"GRIK1"
"1432",0,2.1608354707959,0.71,0.175,0,28,"SEMA3C"
"1433",0,2.1949619441619,0.845,0.329,0,28,"PTCHD4"
"1434",0,1.96493182100702,0.887,0.377,0,28,"BTBD11"
"1435",0,2.18491172506357,0.739,0.239,0,28,"GRIP2"
"1436",0,2.09651016287734,0.686,0.187,0,28,"AC009264.1"
"1437",0,2.21645123433585,0.733,0.234,0,28,"FRMD3"
"1438",0,2.08331097906413,0.898,0.4,0,28,"GRK3"
"1439",0,2.3697583950336,0.949,0.458,0,28,"MIR124-2HG"
"1440",0,2.82553363658891,0.559,0.07,0,28,"IGF1"
"1441",0,2.24088252103994,0.939,0.45,0,28,"RALGAPA2"
"1442",0,1.93565496676556,0.937,0.452,0,28,"CACHD1"
"1443",0,3.31234900060138,0.54,0.058,0,28,"LINC01210"
"1444",0,3.16007294238071,0.583,0.104,0,28,"VASH2"
"1445",0,2.43970598909443,0.631,0.159,0,28,"AC016717.2"
"1446",0,3.11511994734062,0.554,0.087,0,28,"NXPH2"
"1447",0,2.52837831851878,0.604,0.139,0,28,"HTR2A"
"1448",0,2.76524891587006,0.525,0.069,0,28,"SHISA8"
"1449",0,3.88168457858729,0.489,0.041,0,28,"CASR"
"1450",0,2.00535470172757,0.553,0.109,0,28,"SLC6A11"
"1451",0,3.39237750742123,0.765,0.203,0,29,"GNG8"
"1452",0,2.83216947120802,0.806,0.265,0,29,"HSPA1B"
"1453",0,3.02509111820038,0.534,0.072,0,29,"C5orf17"
"1454",0,3.65961912075303,0.503,0.097,0,29,"CRABP2"
"1455",0,4.7977199156526,0.209,0.013,0,29,"HSPA6"
"1456",7.73387849172912e-305,2.69783542382006,0.778,0.284,2.83067686675778e-300,29,"HSPA1A"
"1457",4.42192285850327e-279,3.43384267978673,0.346,0.052,1.61846798544078e-274,29,"SLC17A7"
"1458",2.08461406721056e-267,3.71146518329579,0.238,0.026,7.62989594739738e-263,29,"SLC18A3"
"1459",3.67842387721151e-265,2.44036816876456,0.836,0.419,1.34633992329819e-260,29,"PPDPF"
"1460",5.93597557574231e-253,2.24066116950658,0.797,0.333,2.17262642047744e-248,29,"AMIGO2"
"1461",3.36162271383547e-250,2.89965634086092,0.477,0.108,1.23038752949092e-245,29,"PPP1R1B"
"1462",6.1397252437084e-249,2.99843849736201,0.437,0.09,2.24720083644971e-244,29,"NEUROD1"
"1463",1.00393819885902e-243,2.46517883007938,0.851,0.475,3.67451420164392e-239,29,"ITM2C"
"1464",1.69129381521668e-234,1.93147837222753,0.911,0.652,6.19030449307458e-230,29,"PCSK1N"
"1465",7.35833499021771e-234,2.2406530956476,0.853,0.529,2.69322418976958e-229,29,"EEF1A2"
"1466",3.87598708832745e-226,2.98602238016268,0.503,0.132,1.41865003419873e-221,29,"ROBO3"
"1467",3.50513184476526e-225,2.20299132223722,0.65,0.205,1.28291330650253e-220,29,"GPR151"
"1468",1.04894031201324e-220,2.89323183049679,0.462,0.113,3.83922643599967e-216,29,"NT5DC2"
"1469",8.67273493782971e-215,3.04227071128668,0.326,0.057,3.17430771459505e-210,29,"TAC3"
"1470",2.67718812045211e-212,1.63281355840823,0.951,0.77,9.79877623966676e-208,29,"GAPDH"
"1471",9.36678509440096e-206,2.44565813090906,0.645,0.239,3.42833701240169e-201,29,"CACNB3"
"1472",1.48341242406229e-199,-1.80317255102682,0.723,0.942,5.42943781331039e-195,29,"MAGI2"
"1473",8.39049217716189e-199,2.03587433422967,0.867,0.545,3.07100404176302e-194,29,"TSPAN13"
"1474",2.20424836155019e-197,2.28520945760146,0.61,0.211,8.06776942810985e-193,29,"TP53I11"
"1475",1.35812174198078e-195,2.71517727567821,0.587,0.205,4.97086138782387e-191,29,"CHRNA3"
"1476",2.7136935900094e-190,2.03911051590236,0.881,0.66,9.93238990879341e-186,29,"GABBR1"
"1477",1.84909769008936e-186,1.67608007382193,0.877,0.613,6.76788245549607e-182,29,"UBB"
"1478",2.49075161383576e-186,1.75823855170819,0.857,0.625,9.11639998180028e-182,29,"ATP1A3"
"1479",1.98795378239305e-185,2.34908886781753,0.646,0.261,7.27610963893681e-181,29,"GSDME"
"1480",1.09367710897223e-184,1.6655594780175,0.885,0.605,4.00296758654925e-180,29,"MIF"
"1481",1.1686645183563e-184,2.22828330560891,0.694,0.316,4.27742900363589e-180,29,"NECAB2"
"1482",4.07247886597505e-184,1.94227045526749,0.729,0.337,1.49056798973553e-179,29,"BAIAP3"
"1483",5.77594713317857e-182,2.76619417271276,0.33,0.067,2.11405441021469e-177,29,"CYP1B1"
"1484",4.31444783628691e-179,-1.4197133290456,0.918,0.934,1.57913105255937e-174,29,"NRXN1"
"1485",1.53337815572071e-178,3.09181854358015,0.349,0.077,5.61231738775336e-174,29,"ENO3"
"1486",2.39706676626257e-178,2.63174162673902,0.44,0.119,8.77350407119764e-174,29,"FZD1"
"1487",3.21741927980362e-177,1.56775929184767,0.89,0.641,1.17760763060092e-172,29,"ATP6V0C"
"1488",5.96326878663002e-177,1.50898543793063,0.885,0.678,2.18261600859445e-172,29,"TERF2IP"
"1489",2.97098442882386e-176,1.46585291838116,0.889,0.653,1.08741001079382e-171,29,"SLC22A17"
"1490",1.3840701110929e-175,1.95719906194492,0.745,0.378,5.06583501361112e-171,29,"NDUFA3"
"1491",4.61043742629409e-175,-0.865995614574142,1,1,1.6874662023979e-170,29,"MALAT1"
"1492",1.22868320117346e-174,1.9587992168748,0.808,0.501,4.49710338461497e-170,29,"OLFM1"
"1493",1.61255336040959e-174,1.68524132908633,0.851,0.568,5.90210655443514e-170,29,"COX7C"
"1494",2.46680491458724e-174,1.78490239151647,0.799,0.456,9.02875266788076e-170,29,"C4orf48"
"1495",8.95213858781909e-174,2.50656970744692,0.592,0.232,3.27657224452766e-169,29,"LY6E"
"1496",1.43683237959876e-172,2.2918327575794,0.661,0.293,5.25895019256941e-168,29,"PDE2A"
"1497",7.49354064966372e-172,2.74791004061661,0.37,0.088,2.74271081318342e-167,29,"C5orf38"
"1498",2.65720658689374e-170,2.08921251863638,0.65,0.273,9.72564182868978e-166,29,"ZCCHC12"
"1499",6.96374417386968e-170,1.80364972815825,0.781,0.43,2.54880000507804e-165,29,"ZIC1"
"1500",2.63490291541319e-169,2.12964919574242,0.528,0.169,9.6440081607038e-165,29,"AC009041.2"
"1501",0,3.08709879904307,0.862,0.15,0,30,"OTX2-AS1"
"1502",0,2.59886904110134,0.827,0.171,0,30,"MEIS2"
"1503",0,2.69198610162818,0.909,0.272,0,30,"SYNPR"
"1504",0,2.95185572190083,0.766,0.132,0,30,"KIT"
"1505",0,2.04784876118789,0.911,0.323,0,30,"ZFPM2"
"1506",0,2.8084282820466,0.736,0.155,0,30,"GAD1"
"1507",0,2.75884664456574,0.687,0.148,0,30,"GAD2"
"1508",0,2.41345347925861,0.984,0.461,0,30,"GRIK1"
"1509",0,3.25721090917075,0.704,0.198,0,30,"NR2F2"
"1510",0,2.80992506084154,0.296,0.032,0,30,"SST"
"1511",6.8373604738575e-294,3.77610235839361,0.42,0.071,2.50254230703658e-289,30,"SHISA8"
"1512",5.2353094213774e-278,3.228463487394,0.523,0.114,1.91617560131834e-273,30,"LINC02055"
"1513",1.02296656629542e-268,3.40122065299857,0.618,0.181,3.74415992929788e-264,30,"HPCA"
"1514",9.35504411693061e-262,1.77157369722974,0.996,0.628,3.42403969723777e-257,30,"NRXN3"
"1515",1.79696078558683e-258,2.55787665523401,0.587,0.145,6.57705617132637e-254,30,"RORB"
"1516",9.92031451015139e-244,3.61471409077818,0.348,0.057,3.63093431386051e-239,30,"NPPC"
"1517",3.85232687555377e-240,4.32096792185083,0.247,0.03,1.40999015972143e-235,30,"AL137100.3"
"1518",8.01369472199565e-223,2.11022522803384,0.626,0.177,2.93309240519763e-218,30,"SEMA3C"
"1519",3.32880485305138e-221,3.10474801000228,0.47,0.113,1.21837586426533e-216,30,"OTX2"
"1520",4.6953440629853e-216,2.94987226550881,0.626,0.217,1.71854288049325e-211,30,"NRGN"
"1521",1.70372979240064e-211,4.39763641150083,0.209,0.024,6.23582141316559e-207,30,"PRL"
"1522",2.70294046317858e-206,1.33203927912733,0.982,0.777,9.89303238927992e-202,30,"DLGAP1"
"1523",8.38367030761426e-192,-2.4779195725621,0.292,0.814,3.0685071692899e-187,30,"FGF12"
"1524",8.07594586710665e-190,3.31716565997003,0.338,0.066,2.9558769468197e-185,30,"GATA3"
"1525",4.73282182766536e-189,-1.93216761808848,0.491,0.887,1.7322601171438e-184,30,"MAP1B"
"1526",8.27623638701579e-189,2.00540338316797,0.783,0.369,3.02918528001165e-184,30,"SPHKAP"
"1527",1.01055902565281e-188,2.87457753273447,0.545,0.175,3.69874708979185e-184,30,"GREM2"
"1528",3.75584792802935e-179,-2.3372407979701,0.356,0.846,1.37467790013802e-174,30,"NKAIN2"
"1529",5.49636704329092e-174,3.19150987724051,0.304,0.058,2.01172530151491e-169,30,"CPLX3"
"1530",4.00258046024157e-172,-4.30176871208279,0.139,0.69,1.46498447425302e-167,30,"MTUS2"
"1531",9.15178214072945e-172,3.17586243965357,0.343,0.074,3.34964378132838e-167,30,"IGF1"
"1532",5.41621016159764e-171,2.03010215646119,0.691,0.286,1.98238708124635e-166,30,"PTPRT"
"1533",6.17574213589657e-171,2.77990523908966,0.645,0.302,2.2603833791595e-166,30,"VSTM2L"
"1534",4.81810117674113e-170,3.95095376640842,0.221,0.033,1.76347321169902e-165,30,"DMBX1"
"1535",1.13620241515894e-169,-3.47611433473346,0.091,0.672,4.15861445972324e-165,30,"ENOX1"
"1536",1.9384926739877e-167,-1.36253750523556,0.674,0.936,7.09507703606239e-163,30,"ANK2"
"1537",2.24500559401603e-166,-3.10275818830944,0.116,0.681,8.21694497465806e-162,30,"TCF7L2"
"1538",1.25244243676237e-163,-2.42495940171254,0.177,0.762,4.58406456279394e-159,30,"TENM2"
"1539",1.27258859634363e-162,3.32817400183144,0.397,0.105,4.65780152147733e-158,30,"KCNIP2"
"1540",5.49574698566676e-162,1.14764413182306,0.95,0.842,2.01149835422389e-157,30,"GPM6A"
"1541",2.31102537843122e-161,2.26305343353524,0.75,0.465,8.45858398759609e-157,30,"SLC12A5"
"1542",1.04777828879414e-160,1.52176698192589,0.789,0.369,3.83497331481544e-156,30,"CHRM2"
"1543",1.31950079831314e-157,-3.50204321275366,0.095,0.651,4.82950487190593e-153,30,"PARD3"
"1544",3.91071549084185e-157,1.26397496426871,0.915,0.591,1.43136097680302e-152,30,"PLCB1"
"1545",2.03285906653107e-155,3.60478859262026,0.233,0.038,7.44046746941038e-151,30,"GSTT2B"
"1546",2.79550453137449e-154,1.97085294968299,0.739,0.369,1.02318261352838e-149,30,"UNC13C"
"1547",4.27891871810161e-150,1.15289594307395,0.993,0.718,1.56612704001237e-145,30,"KCNIP4"
"1548",7.43398873003916e-149,0.860288520800347,0.996,0.864,2.72091421508163e-144,30,"SYT1"
"1549",1.19713499423906e-147,-2.70167124107062,0.15,0.695,4.38163379241437e-143,30,"SHTN1"
"1550",2.04172083997679e-146,3.95521693428089,0.204,0.032,7.47290244639906e-142,30,"UNCX"
"1551",0,2.36569473175974,0.959,0.493,0,31,"RPS26"
"1552",0,2.40443745979312,0.98,0.539,0,31,"TUBB2A"
"1553",0,2.35970405299631,0.976,0.545,0,31,"RNASEK"
"1554",0,2.25217161362205,0.988,0.602,0,31,"BEX1"
"1555",0,2.35468996488723,0.995,0.652,0,31,"PCSK1N"
"1556",0,3.01491927218995,0.994,0.664,0,31,"CALY"
"1557",0,2.02636857813523,0.989,0.669,0,31,"BEX3"
"1558",0,3.76635344004825,0.341,0.031,0,31,"TFAP2B"
"1559",0,1.98924262771286,0.995,0.686,0,31,"TUBA1B"
"1560",0,2.0862826734917,0.997,0.757,0,31,"UCHL1"
"1561",0,2.10514327745949,0.992,0.769,0,31,"GAPDH"
"1562",0,5.57667182416588,0.221,0.006,0,31,"EN1"
"1563",0,2.19151265712418,0.995,0.811,0,31,"GNAS"
"1564",0,4.76613643276593,0.173,0.007,0,31,"EN2"
"1565",0,5.72717347279612,0.173,0.01,0,31,"GRP"
"1566",1.3027629402727e-302,2.17828381451498,0.958,0.535,4.76824263769211e-298,31,"NDUFA13"
"1567",2.63311339205988e-302,2.00449152414016,0.991,0.64,9.63745832627836e-298,31,"ATP6V0C"
"1568",5.9173456437127e-302,2.23312808112061,0.948,0.498,2.16580767905529e-297,31,"COX6B1"
"1569",9.80846085476717e-301,2.28155286020146,0.962,0.631,3.58999475745333e-296,31,"MDH1"
"1570",3.97103147068939e-295,1.97968730808146,0.976,0.649,1.45343722858702e-290,31,"BSCL2"
"1571",7.77689243444321e-290,2.6936156971465,0.839,0.344,2.84642039993056e-285,31,"ALDOC"
"1572",5.51275552379335e-288,2.41617334921849,0.9,0.437,2.01772364926361e-283,31,"ISCU"
"1573",5.02799443166587e-287,2.1355630232503,0.959,0.547,1.84029624193403e-282,31,"COX6A1"
"1574",3.31024512466582e-282,2.24059029466836,0.924,0.487,1.21158281807894e-277,31,"TUBB4B"
"1575",1.30349622462714e-281,1.96820315926461,0.977,0.605,4.77092653175778e-277,31,"MIF"
"1576",2.00307745817385e-279,2.25876489835209,0.945,0.573,7.33146380466211e-275,31,"SCG5"
"1577",3.93649400417229e-277,2.10935837920455,0.967,0.581,1.4407961704671e-272,31,"NDUFA4"
"1578",2.23540787370512e-273,2.08980863077545,0.953,0.592,8.1818163585481e-269,31,"COX4I1"
"1579",1.08158529024222e-271,1.83748033647217,0.977,0.655,3.95871032081556e-267,31,"PPIA"
"1580",1.07821921232601e-269,2.25860949977554,0.895,0.436,3.94639013903442e-265,31,"PGAM1"
"1581",6.52280277438691e-268,1.92065451050997,0.967,0.606,2.38741104345335e-263,31,"RPL41"
"1582",1.28303459820809e-267,3.89497843256067,0.327,0.044,4.69603493290144e-263,31,"SLC32A1"
"1583",5.67652276396506e-267,2.07204606424896,0.944,0.537,2.07766409683885e-262,31,"COX5B"
"1584",7.71679321326989e-266,1.9917553947319,0.961,0.535,2.82442348398891e-261,31,"CHCHD2"
"1585",1.84623548552797e-263,1.99177081823704,0.952,0.577,6.75740650058091e-259,31,"FAIM2"
"1586",1.20458487948252e-262,1.88170095615126,0.968,0.616,4.40890111739395e-258,31,"STMN2"
"1587",1.26129420896762e-260,2.14318850104013,0.915,0.507,4.61646293424239e-256,31,"TPI1"
"1588",9.19424150729565e-260,1.93305906049678,0.955,0.587,3.36518433408528e-255,31,"TUBB3"
"1589",4.49981528798486e-259,2.37768222304165,0.847,0.388,1.64697739355534e-254,31,"TUBA4A"
"1590",6.63154334270345e-257,1.8636147980263,0.964,0.581,2.42721117886289e-252,31,"RPS15"
"1591",5.69259980369009e-254,1.93629405232092,0.956,0.567,2.08354845414861e-249,31,"COX7C"
"1592",1.62524527453714e-252,1.5402866177213,0.791,0.282,5.94856022933337e-248,31,"CST3"
"1593",3.52328058435247e-252,1.86670631466254,0.961,0.587,1.28955592667885e-247,31,"SOD1"
"1594",7.50621663672749e-252,2.03125657312174,0.933,0.527,2.74735035120863e-247,31,"ATP5IF1"
"1595",9.57585269127862e-252,1.91690460740713,0.942,0.556,3.50485784353489e-247,31,"RPL7A"
"1596",2.89296848296115e-250,2.17356572910031,0.923,0.52,1.05885539444861e-245,31,"CHCHD10"
"1597",9.51604283656584e-250,1.94011926867692,0.932,0.525,3.48296683861146e-245,31,"RPL32"
"1598",4.07328828920457e-247,2.15853196981726,0.88,0.437,1.49086424673176e-242,31,"GNG3"
"1599",6.69153228659155e-246,2.15228045303577,0.898,0.511,2.44916773221537e-241,31,"TMEM59L"
"1600",9.29945321562644e-246,1.82155527363725,0.956,0.591,3.40369287145143e-241,31,"SRP14"
"1601",0,2.49035738249149,0.772,0.21,0,32,"ARL17B"
"1602",0,0.532274862931876,0.616,0.067,0,32,"TTR"
"1603",0,2.4933693033938,0.665,0.132,0,32,"SULF1"
"1604",0,3.19890281889889,0.636,0.113,0,32,"AC016766.1"
"1605",0,2.61063908324517,0.89,0.369,0,32,"ZNF385B"
"1606",0,3.56421872934162,0.596,0.08,0,32,"AC019211.1"
"1607",0,2.46227576256348,0.636,0.134,0,32,"MEGF11"
"1608",0,2.85361376205372,0.633,0.132,0,32,"CCBE1"
"1609",0,3.47773942520295,0.56,0.081,0,32,"GRID2IP"
"1610",0,3.66977216192974,0.534,0.064,0,32,"AC067956.1"
"1611",0,3.30232900408449,0.477,0.041,0,32,"MTRNR2L1"
"1612",0,3.75237032742574,0.454,0.034,0,32,"AL355075.4"
"1613",0,2.72028302486242,0.485,0.069,0,32,"CASQ2"
"1614",0,3.52114030464375,0.442,0.05,0,32,"FAM163A"
"1615",0,3.15354325462631,0.46,0.071,0,32,"CARD11"
"1616",0,2.26973637650663,0.42,0.058,0,32,"TGFBR2"
"1617",2.58798352941582e-307,2.37246825214821,0.972,0.654,9.47227851601484e-303,32,"RBFOX1"
"1618",1.94134084452938e-300,2.43807922849377,0.997,0.859,7.10550162506198e-296,32,"MT-ND3"
"1619",3.43192598752169e-300,2.9148985452086,0.7,0.191,1.25611923069281e-295,32,"ADAMTSL1"
"1620",1.29278181846817e-293,3.27384125600721,0.31,0.035,4.73171073377535e-289,32,"AC093843.1"
"1621",1.02399366970091e-285,2.37920300337939,0.853,0.34,3.74791923047232e-281,32,"AL033504.1"
"1622",4.47313740548343e-285,3.0266624036224,0.414,0.064,1.63721302178099e-280,32,"AC002383.1"
"1623",1.02217491649581e-284,2.72352414890893,0.849,0.357,3.74126241186631e-280,32,"GALNT17"
"1624",1.12608482320888e-282,2.50776747225336,0.849,0.357,4.1215830614268e-278,32,"SAMD5"
"1625",3.99690385006601e-280,2.10495665444187,0.905,0.323,1.46290677816266e-275,32,"NXPH1"
"1626",7.47549865141172e-280,2.6017111012778,0.538,0.107,2.7361072614032e-275,32,"RASSF3"
"1627",7.52858400822396e-278,2.54148980055742,0.512,0.1,2.75553703285005e-273,32,"AC008691.1"
"1628",1.43280318324932e-277,2.38099337276462,0.901,0.462,5.24420293101082e-273,32,"TENM4"
"1629",3.06856073984242e-277,2.55244084771988,0.653,0.166,1.12312391638972e-272,32,"AL445123.2"
"1630",1.81661340969179e-271,2.82385863163456,0.665,0.182,6.64898674081291e-267,32,"AP000943.2"
"1631",2.73502107943476e-271,2.21405003867367,0.959,0.561,1.00104506528392e-266,32,"IQCJ-SCHIP1"
"1632",2.34690106774315e-269,2.17503368696882,0.922,0.508,8.58989259804671e-265,32,"KCNQ3"
"1633",6.79319841171253e-269,3.50938930424609,0.417,0.07,2.4863785506709e-264,32,"AC040174.1"
"1634",2.50116256687584e-265,2.44785897673338,0.755,0.244,9.15450511102226e-261,32,"AL356124.1"
"1635",4.0049573686427e-263,2.40688078197098,0.633,0.155,1.46585444649692e-258,32,"IL1RAPL2"
"1636",5.83600605611485e-258,2.16231558406614,0.859,0.362,2.1360365765986e-253,32,"SASH1"
"1637",2.12046676432176e-257,3.7968644352539,0.529,0.12,7.76112040409409e-253,32,"AC138305.1"
"1638",4.2132358093708e-257,3.1566144498081,0.332,0.045,1.54208643858781e-252,32,"CCDC141"
"1639",5.05183911770543e-255,2.88627916697668,0.783,0.307,1.84902363547136e-250,32,"FSTL4"
"1640",2.79818383016622e-253,2.01350563547902,0.908,0.488,1.02416326367914e-248,32,"CACNA1A"
"1641",8.77930454867385e-252,2.48009991106234,0.469,0.088,3.21331325786011e-247,32,"ATP10A"
"1642",2.4324779103118e-251,2.47896933884243,0.508,0.103,8.90311239953221e-247,32,"GDNF-AS1"
"1643",4.92325427738454e-251,2.73095829604377,0.413,0.069,1.80196029806551e-246,32,"LINC01482"
"1644",9.62567918482225e-247,1.99852120800103,0.98,0.815,3.52309483843679e-242,32,"PTPRD"
"1645",1.20925475075296e-245,2.26117634734131,0.671,0.184,4.42599331323089e-241,32,"CNKSR3"
"1646",9.74032830402437e-245,2.48940684302435,0.682,0.205,3.56505756255596e-240,32,"THSD4"
"1647",1.66785356381654e-244,2.36577960264012,0.927,0.537,6.10451082892492e-240,32,"LHFPL3"
"1648",2.09647332488349e-243,2.27034372691348,0.781,0.281,7.67330201640607e-239,32,"STXBP6"
"1649",1.30073845662971e-241,2.61130041600929,0.509,0.111,4.76083282511039e-237,32,"EYA4"
"1650",8.58327564194045e-241,1.95112442838078,0.451,0.084,3.14156471770662e-236,32,"PAMR1"
"1651",0,7.20408180969789,0.884,0.05,0,33,"VCAN"
"1652",0,8.7328965056526,0.729,0.014,0,33,"BX284613.2"
"1653",0,4.40919244516848,0.928,0.261,0,33,"SOX6"
"1654",0,8.34243690707633,0.564,0.008,0,33,"PDGFRA"
"1655",0,4.89928179348707,0.961,0.413,0,33,"PTPRZ1"
"1656",0,4.66105772411284,0.595,0.071,0,33,"OLIG1"
"1657",0,7.87657082419752,0.533,0.014,0,33,"AC004852.2"
"1658",0,3.3869486589413,0.616,0.101,0,33,"APOD"
"1659",0,3.96258122378053,0.771,0.263,0,33,"SEMA5A"
"1660",0,5.10655968060829,0.592,0.135,0,33,"MEGF11"
"1661",0,3.57148029505587,0.941,0.537,0,33,"LHFPL3"
"1662",0,6.33006943501759,0.407,0.036,0,33,"ADAMTS17"
"1663",0,3.29116057127366,0.956,0.59,0,33,"PCDH15"
"1664",0,5.53609056575142,0.407,0.047,0,33,"CALCRL"
"1665",0,5.3093680369314,0.386,0.032,0,33,"PRRX1"
"1666",0,5.70987756530786,0.382,0.044,0,33,"BCAN"
"1667",0,6.1011738090188,0.358,0.031,0,33,"COL9A1"
"1668",0,5.40257749548761,0.332,0.017,0,33,"OLIG2"
"1669",0,6.62940727610511,0.304,0.013,0,33,"AC013265.1"
"1670",0,4.50918127479512,0.306,0.031,0,33,"GPR37L1"
"1671",0,2.89493427187085,0.977,0.776,0,33,"LRRC4C"
"1672",0,8.08478989988189,0.18,0.002,0,33,"GPR17"
"1673",0,8.43512829639317,0.175,0.002,0,33,"AL512308.1"
"1674",0,7.00418512620373,0.142,0.006,0,33,"NEU4"
"1675",0,7.10067534365932,0.132,0.005,0,33,"VCAN-AS1"
"1676",0,6.34892292992293,0.123,0.004,0,33,"KLRC3"
"1677",0,7.92051299818675,0.121,0.003,0,33,"BEST3"
"1678",0,7.84070467682845,0.106,0.002,0,33,"MROH9"
"1679",0,7.68593081722395,0.101,0.002,0,33,"CSPG4"
"1680",8.35307938688252e-308,4.20774525887421,0.9,0.523,3.05731058639287e-303,33,"TNR"
"1681",3.82956149588286e-306,6.08778926293676,0.288,0.029,1.40165780310808e-301,33,"FERMT1"
"1682",2.33661322252778e-297,3.39397181832928,0.454,0.072,8.55223805577393e-293,33,"BCAS1"
"1683",2.88299069420216e-297,3.98373864004803,0.9,0.543,1.05520342398493e-292,33,"MMP16"
"1684",1.11668695571569e-294,2.49960482064902,0.969,0.765,4.08718592661501e-290,33,"CSMD1"
"1685",1.33824496233658e-294,2.51566060099096,0.971,0.84,4.89811038664811e-290,33,"DSCAM"
"1686",7.21816366814626e-288,7.17240323515711,0.119,0.005,2.64192008417821e-283,33,"COL20A1"
"1687",1.29040842053623e-276,2.43402932773557,0.954,0.528,4.72302386000466e-272,33,"ERBB4"
"1688",7.18634728280359e-267,-4.07741525300646,0.134,0.874,2.63027496897894e-262,33,"SYT1"
"1689",3.05391259160783e-263,4.6773819480572,0.417,0.071,1.11776254765438e-258,33,"RAB31"
"1690",2.22272059999547e-258,4.16736946518444,0.327,0.043,8.13537966804342e-254,33,"C5orf64"
"1691",2.24490898285787e-258,5.18548361595213,0.279,0.032,8.2165913681581e-254,33,"ASCL1"
"1692",2.79250706504725e-254,3.18993042781833,0.647,0.19,1.02208551087794e-249,33,"LRMDA"
"1693",2.02231281698362e-248,6.31144725146762,0.1,0.004,7.40186714144174e-244,33,"VIPR2"
"1694",1.03251175448215e-247,3.35297842646646,0.6,0.159,3.7790962725801e-243,33,"PREX2"
"1695",3.65125155341944e-246,-3.78148622563321,0.072,0.848,1.33639458106705e-241,33,"NKAIN2"
"1696",3.05375079161715e-245,4.49007305334906,0.534,0.131,1.11770332723979e-240,33,"LINC00511"
"1697",8.62997545897099e-243,2.76332744716613,0.871,0.486,3.15865731773797e-238,33,"LUZP2"
"1698",1.09831691019293e-240,-4.01107491431084,0.129,0.85,4.01994972299713e-236,33,"ROBO2"
"1699",7.84097442330979e-239,4.6743329773095,0.31,0.042,2.86987504867562e-234,33,"PLEKHH2"
"1700",8.3514590107624e-238,3.55090232007727,0.377,0.061,3.05671751252915e-233,33,"ZCCHC24"
"1701",0,6.16142491955269,0.932,0.188,0,34,"LRMDA"
"1702",0,8.2927012324117,0.729,0.018,0,34,"DOCK8"
"1703",0,7.35482233966806,0.679,0.059,0,34,"ADAM28"
"1704",0,7.96930593870369,0.642,0.023,0,34,"ARHGAP15"
"1705",0,6.00288880227415,0.829,0.239,0,34,"MEF2C"
"1706",0,7.37168353950732,0.624,0.042,0,34,"CD74"
"1707",0,6.4074890038567,0.676,0.1,0,34,"DLEU1"
"1708",0,8.22878831621147,0.583,0.013,0,34,"APBB1IP"
"1709",0,6.80213291943262,0.586,0.031,0,34,"PTPRC"
"1710",0,5.90460036482829,0.547,0.051,0,34,"ZFP36L2"
"1711",0,5.09287161989856,0.54,0.061,0,34,"ZFP36L1"
"1712",0,5.67610421343884,0.496,0.064,0,34,"A2M"
"1713",0,7.91227064846009,0.447,0.016,0,34,"HLA-DRA"
"1714",0,7.37688256116848,0.437,0.014,0,34,"INPP5D"
"1715",0,7.85575218169435,0.435,0.012,0,34,"C3"
"1716",0,8.43771374559937,0.424,0.01,0,34,"LNCAROD"
"1717",0,8.19738789275056,0.414,0.012,0,34,"FYB1"
"1718",0,7.06057016116582,0.422,0.027,0,34,"CPED1"
"1719",0,6.83890439494737,0.435,0.054,0,34,"P2RY12"
"1720",0,7.51967601626688,0.394,0.014,0,34,"SRGN"
"1721",0,8.67228755275075,0.383,0.006,0,34,"OLR1"
"1722",0,6.43089833871031,0.439,0.062,0,34,"RUNX1"
"1723",0,6.26183589623729,0.433,0.058,0,34,"PALD1"
"1724",0,7.71853764197171,0.39,0.018,0,34,"SAMSN1"
"1725",0,6.12007540796803,0.408,0.041,0,34,"MAF"
"1726",0,6.58283207827293,0.403,0.04,0,34,"TBXAS1"
"1727",0,8.01172363102639,0.365,0.008,0,34,"CSF1R"
"1728",0,6.45713281605552,0.383,0.038,0,34,"LPAR6"
"1729",0,8.304862775693,0.34,0.007,0,34,"RGS1"
"1730",0,7.33701529270046,0.342,0.022,0,34,"HLA-DRB1"
"1731",0,7.24505405697975,0.335,0.016,0,34,"LYN"
"1732",0,6.62338108570276,0.346,0.027,0,34,"DOCK2"
"1733",0,8.38239505997288,0.324,0.007,0,34,"CX3CR1"
"1734",0,7.26175870688461,0.324,0.024,0,34,"CCDC26"
"1735",0,7.63111820797562,0.307,0.015,0,34,"BLNK"
"1736",0,6.31515518134552,0.314,0.028,0,34,"IL13RA1"
"1737",0,8.41764018466357,0.287,0.004,0,34,"ITGAX"
"1738",0,7.85187174895873,0.271,0.008,0,34,"TMEM156"
"1739",0,7.44570020645991,0.266,0.012,0,34,"SYK"
"1740",0,6.13691175682117,0.266,0.017,0,34,"IFI16"
"1741",0,7.88373182371963,0.251,0.008,0,34,"WDFY4"
"1742",0,6.67866853888702,0.26,0.018,0,34,"PLA2G4A"
"1743",0,7.86918346988003,0.246,0.005,0,34,"C1QC"
"1744",0,6.53011166452396,0.258,0.018,0,34,"SLCO2B1"
"1745",0,7.97695424686557,0.251,0.011,0,34,"GPR183"
"1746",0,7.3929009218485,0.248,0.015,0,34,"CYBB"
"1747",0,7.66512423764548,0.237,0.006,0,34,"TYROBP"
"1748",0,7.35349258240829,0.237,0.011,0,34,"MSR1"
"1749",0,7.62608827693753,0.228,0.005,0,34,"C1QB"
"1750",0,6.29209033743289,0.237,0.018,0,34,"SP100"
"1751",0,6.54359576202781,0.911,0.086,0,35,"HPSE2"
"1752",0,6.23116330182521,0.872,0.079,0,35,"MIR4300HG"
"1753",0,5.02736050744342,0.924,0.144,0,35,"LINC01088"
"1754",0,4.0606239863438,0.849,0.106,0,35,"SLC1A3"
"1755",0,5.95061932681938,0.756,0.057,0,35,"LINC00299"
"1756",0,4.02988315169695,0.901,0.215,0,35,"CDH20"
"1757",0,5.18442248607065,0.74,0.06,0,35,"ITPKB"
"1758",0,5.43271076310762,0.754,0.078,0,35,"RFX4"
"1759",0,3.72279977509473,0.829,0.162,0,35,"FBXL7"
"1760",0,5.70426061567051,0.7,0.039,0,35,"AC012405.1"
"1761",0,4.59576278292803,0.7,0.042,0,35,"ATP1A2"
"1762",0,4.64422772199243,0.705,0.061,0,35,"AQP4"
"1763",0,4.41526221849596,0.93,0.297,0,35,"OBI1-AS1"
"1764",0,5.3328742756005,0.707,0.075,0,35,"NHSL1"
"1765",0,3.95669416530341,0.944,0.325,0,35,"NFIA"
"1766",0,4.42887931772634,0.682,0.063,0,35,"GRAMD2B"
"1767",0,3.79060807490024,0.798,0.188,0,35,"ADCY2"
"1768",0,4.50306442171288,0.688,0.081,0,35,"BMPR1B"
"1769",0,5.79071574456238,0.661,0.054,0,35,"AC114971.1"
"1770",0,4.56136440000604,0.688,0.081,0,35,"TNC"
"1771",0,5.85968112046236,0.632,0.028,0,35,"GLI3"
"1772",0,4.23941453487576,0.818,0.22,0,35,"GLIS3"
"1773",0,6.06657367588157,0.614,0.021,0,35,"LINC01748"
"1774",0,4.13408879616042,0.649,0.061,0,35,"ZFP36L1"
"1775",0,4.74039797811657,0.684,0.098,0,35,"ATP13A4"
"1776",0,5.57981540642052,0.605,0.023,0,35,"SLC14A1"
"1777",0,4.89556711885502,0.651,0.07,0,35,"EYA1"
"1778",0,4.2334165433009,0.649,0.075,0,35,"WDR49"
"1779",0,3.97430091517771,0.659,0.091,0,35,"DAAM2"
"1780",0,4.01875081587541,0.649,0.087,0,35,"GFAP"
"1781",0,7.26450358089161,0.554,0.015,0,35,"SLC25A18"
"1782",0,4.2261541472362,0.946,0.407,0,35,"PITPNC1"
"1783",0,4.19876626646226,0.638,0.102,0,35,"SLC7A11"
"1784",0,4.04519529633303,0.653,0.12,0,35,"APOE"
"1785",0,4.1018828468897,0.643,0.111,0,35,"C1orf61"
"1786",0,4.40426034311363,0.579,0.051,0,35,"GJA1"
"1787",0,3.67003781552818,0.977,0.452,0,35,"NEAT1"
"1788",0,4.22906858015242,0.626,0.111,0,35,"SLC6A11"
"1789",0,4.45052427507076,0.591,0.078,0,35,"FKBP5"
"1790",0,5.56567768788313,0.523,0.023,0,35,"HIF3A"
"1791",0,5.37567476453804,0.55,0.057,0,35,"AC091826.2"
"1792",0,4.26082696826912,0.543,0.05,0,35,"ACSBG1"
"1793",0,4.23558278075558,0.579,0.088,0,35,"PLPP3"
"1794",0,4.62005210328335,0.554,0.065,0,35,"EFEMP1"
"1795",0,4.92956495399102,0.564,0.076,0,35,"RGMA"
"1796",0,5.93453421882912,0.506,0.021,0,35,"AC099792.1"
"1797",0,4.2603340771143,0.552,0.069,0,35,"AL392086.3"
"1798",0,5.05472995616779,0.55,0.074,0,35,"BCL6"
"1799",0,3.23853134097719,0.541,0.07,0,35,"AC079352.1"
"1800",0,4.87210927708301,0.529,0.073,0,35,"EDNRB"
"1801",0,3.41966668558607,0.981,0.152,0,36,"OTX2-AS1"
"1802",0,2.9508474188854,0.956,0.133,0,36,"KIT"
"1803",0,3.06676412519235,0.979,0.172,0,36,"MEIS2"
"1804",0,3.3969356019061,0.962,0.176,0,36,"SEMA3C"
"1805",0,3.20117551133083,0.929,0.144,0,36,"RORB"
"1806",0,2.4987925543978,0.929,0.156,0,36,"GAD1"
"1807",0,2.66097425722753,0.908,0.148,0,36,"GAD2"
"1808",0,2.85936641262912,0.964,0.246,0,36,"NR2F2-AS1"
"1809",0,2.67881287800968,0.977,0.274,0,36,"SYNPR"
"1810",0,2.84731645688822,0.895,0.199,0,36,"NR2F2"
"1811",0,2.64468187810937,0.921,0.236,0,36,"PDZRN3"
"1812",0,2.73427554954187,0.994,0.325,0,36,"ZFPM2"
"1813",0,2.71539175281247,0.828,0.174,0,36,"GREM2"
"1814",0,2.73780094976486,0.762,0.112,0,36,"OTX2"
"1815",0,3.50752905360212,0.713,0.09,0,36,"MYO3B"
"1816",0,2.63073749249991,0.987,0.368,0,36,"UNC13C"
"1817",0,2.76722299955393,0.774,0.161,0,36,"AC016717.2"
"1818",0,2.69188646335958,0.979,0.369,0,36,"SPHKAP"
"1819",0,3.35019737497691,0.663,0.065,0,36,"LINC02253"
"1820",0,2.99758200713787,0.661,0.073,0,36,"IGF1"
"1821",0,2.47224046307412,0.718,0.13,0,36,"ZFPM2-AS1"
"1822",0,3.12075476155417,0.644,0.094,0,36,"AC012409.2"
"1823",0,2.96661859849872,0.582,0.056,0,36,"CPLX3"
"1824",0,3.40155928308196,0.565,0.048,0,36,"AL161757.4"
"1825",0,3.17747348740111,0.596,0.083,0,36,"AP003049.2"
"1826",0,3.00379816581283,0.573,0.061,0,36,"LINC01210"
"1827",0,2.68765351724915,0.565,0.065,0,36,"GATA3"
"1828",0,3.34657171055278,0.387,0.029,0,36,"AL137100.3"
"1829",0,3.1171964612754,0.389,0.032,0,36,"DMBX1"
"1830",0,3.51965279776466,0.377,0.024,0,36,"HGF"
"1831",0,3.15889501425132,0.368,0.036,0,36,"LINC02254"
"1832",0,5.0765609280529,0.161,0.005,0,36,"UGT2B4"
"1833",2.46623959367092e-306,2.94796497934988,0.973,0.395,9.02668353679495e-302,36,"NYAP2"
"1834",1.47904852221049e-304,2.63887163293758,0.389,0.04,5.41346549614261e-300,36,"SOX14"
"1835",9.65610401333303e-299,3.48459809792609,0.632,0.114,3.53423062992002e-294,36,"LINC02055"
"1836",3.63050868031651e-294,2.32938852548005,0.793,0.174,1.32880248208264e-289,36,"DISC1"
"1837",6.92758189312035e-293,2.62361353597291,0.921,0.294,2.53556424870098e-288,36,"PCBP3"
"1838",5.67143847009557e-288,2.51060735858554,0.69,0.132,2.07580319443968e-283,36,"SMAD9"
"1839",6.35917678934186e-283,2.09777466828322,0.64,0.111,2.32752229666701e-278,36,"SLC6A11"
"1840",1.08389709918548e-279,2.32281806923281,0.973,0.335,3.96717177272876e-275,36,"NELL1"
"1841",1.57195074301061e-275,2.35103837179291,0.979,0.369,5.75349691449315e-271,36,"CHRM2"
"1842",8.14688865184834e-274,2.6294208288271,1,0.629,2.98184271546301e-269,36,"NRXN3"
"1843",3.50674529582004e-273,3.48978217152964,0.372,0.042,1.28350384572309e-268,36,"AC022523.1"
"1844",2.11327015826754e-270,2.56622386772604,0.586,0.098,7.73478010627502e-266,36,"TSPAN18"
"1845",3.45951431983156e-270,2.84944936520285,0.502,0.075,1.26621683620155e-265,36,"DLGAP1-AS4"
"1846",3.38571212936026e-269,2.4392366875851,0.6,0.106,1.23920449646715e-264,36,"SYNDIG1L"
"1847",4.36747780682397e-264,2.08297648720084,0.502,0.072,1.59854055207564e-259,36,"SHISA8"
"1848",1.79424076907694e-263,2.94802389013078,0.393,0.047,6.56710063889851e-259,36,"SYNPR-AS1"
"1849",4.91786902323616e-262,3.10293104842669,0.255,0.02,1.79998924119467e-257,36,"AC007159.1"
"1850",4.4936837355337e-258,2.56478695480327,0.994,0.463,1.64473318404269e-253,36,"GRIK1"
"1851",0,5.0471435542164,0.86,0.245,0,37,"IFI6"
"1852",0,8.7185473232524,0.654,0.069,0,37,"TTR"
"1853",0,6.08620575593466,0.514,0.027,0,37,"IFITM3"
"1854",0,6.12080380784422,0.498,0.037,0,37,"IFI27"
"1855",0,5.04874087673171,0.325,0.021,0,37,"FAM183A"
"1856",0,4.90904472602465,0.304,0.021,0,37,"C11orf88"
"1857",0,5.76928657299515,0.294,0.013,0,37,"SOD3"
"1858",0,4.85541414642569,0.283,0.013,0,37,"IFI44L"
"1859",0,5.31586134579186,0.283,0.014,0,37,"FOXJ1"
"1860",0,5.24670087490759,0.285,0.017,0,37,"CRIP1"
"1861",0,5.02385328152417,0.273,0.017,0,37,"ODF3B"
"1862",0,6.51170857144185,0.243,0.007,0,37,"FOLR1"
"1863",0,5.70524131501177,0.166,0.006,0,37,"FAM166B"
"1864",1.30961839934613e-306,4.53953947317409,0.407,0.042,4.79333430344675e-302,37,"VIM"
"1865",7.05783087530333e-282,5.25225856035732,0.192,0.01,2.58323667866977e-277,37,"AC007906.2"
"1866",4.68335684292972e-269,4.80547448624972,0.231,0.015,1.71415543808071e-264,37,"S100A11"
"1867",4.87734940777866e-263,5.11063026924269,0.449,0.06,1.78515865674107e-258,37,"IGFBP7"
"1868",1.28222066432184e-259,5.86738801293829,0.147,0.006,4.69305585348436e-255,37,"TMEM190"
"1869",8.59485350433568e-259,4.8257699543639,0.259,0.02,3.1458023311219e-254,37,"FBLN1"
"1870",1.37625619989791e-243,5.01882912802246,0.442,0.062,5.03723531724636e-239,37,"CAPS"
"1871",1.23416404095331e-239,5.54237692680075,0.315,0.032,4.51716380629321e-235,37,"ECRG4"
"1872",9.2968746373808e-235,4.59144268008056,0.32,0.033,3.40274908602775e-230,37,"AGT"
"1873",2.27696966342571e-232,4.87763750748829,0.367,0.044,8.33393666510444e-228,37,"PLTP"
"1874",1.62284499974351e-227,4.6832335483569,0.269,0.024,5.93977498356122e-223,37,"ID1"
"1875",3.23149434757274e-225,4.73328266341837,0.287,0.028,1.1827592461551e-220,37,"CFAP157"
"1876",2.25022338810272e-224,4.57457409301445,0.175,0.01,8.23604262279477e-220,37,"XAF1"
"1877",1.42300674789875e-221,4.47026481950828,0.25,0.021,5.20834699798422e-217,37,"CFAP73"
"1878",2.40890125803021e-220,3.36027438567552,0.278,0.026,8.81681949451638e-216,37,"ANXA1"
"1879",7.03970183345347e-220,4.64703831785125,0.208,0.015,2.57660126806231e-215,37,"CAPSL"
"1880",3.93463551603075e-217,4.44400861223687,0.222,0.017,1.44011594522242e-212,37,"CFAP126"
"1881",2.14124874208463e-215,4.30358656021779,0.255,0.023,7.83718452090396e-211,37,"ID3"
"1882",4.30800392980722e-209,4.82083805687836,0.231,0.019,1.57677251834874e-204,37,"SLC47A2"
"1883",3.39687159003889e-206,4.81834328372979,0.154,0.009,1.24328897067013e-201,37,"STOML3"
"1884",3.26164809598096e-196,7.78447611253337,0.035,0,1.19379581960999e-191,37,"MFRP"
"1885",1.31974058771223e-194,3.90426292771441,0.458,0.08,4.83038252508553e-190,37,"HLA-B"
"1886",3.34420603567883e-191,4.67581714315398,0.236,0.022,1.22401285111881e-186,37,"ZMYND10"
"1887",3.3870707745835e-191,4.7150134438649,0.145,0.008,1.23970177420531e-186,37,"BST2"
"1888",5.61191805075673e-189,3.631445832182,0.815,0.318,2.05401812575747e-184,37,"B2M"
"1889",7.41377798108276e-189,5.03680963277335,0.093,0.003,2.7135168788561e-184,37,"MMP14"
"1890",3.70999801752915e-186,4.23881350478405,0.222,0.02,1.35789637439584e-181,37,"HLA-E"
"1891",1.56659478593752e-176,4.95243836913072,0.187,0.015,5.73389357600993e-172,37,"COL6A2"
"1892",3.84447911153649e-176,4.9646355289418,0.15,0.01,1.40711779961347e-171,37,"C10orf105"
"1893",2.22757181839676e-173,5.33003895615559,0.079,0.003,8.15313561251398e-169,37,"NEK2"
"1894",1.51293713416872e-172,4.2529228152961,0.25,0.027,5.53750120477093e-168,37,"MT1G"
"1895",1.15933499663946e-168,4.62412385405254,0.311,0.043,4.24328202120008e-164,37,"PIFO"
"1896",6.64594905720316e-159,4.51036000975676,0.36,0.06,2.43248381442693e-154,37,"RARRES2"
"1897",4.15820825919118e-158,4.26125262276147,0.318,0.047,1.52194580494656e-153,37,"C1orf194"
"1898",6.54383518780665e-157,4.93484169562881,0.136,0.009,2.39510911708911e-152,37,"IFITM2"
"1899",5.60649275884771e-156,3.13491638703728,0.343,0.053,2.05203241466585e-151,37,"GJA1"
"1900",1.09727280816749e-155,3.24194122467273,0.743,0.285,4.01612820517382e-151,37,"CST3"
"1901",5.32668718025435e-259,3.01386150565399,0.853,0.156,1.94962077484489e-254,38,"OTX2-AS1"
"1902",1.53500149325527e-242,3.01222871355099,0.784,0.137,5.6182589654636e-238,38,"KIT"
"1903",2.53297754236811e-200,3.00355954429437,0.76,0.159,9.2709511028215e-196,38,"GAD1"
"1904",1.06053982191735e-197,2.96190501583771,0.918,0.277,3.88168180219969e-193,38,"SYNPR"
"1905",4.51501680208051e-184,2.80706868169049,0.729,0.151,1.65254129972949e-179,38,"GAD2"
"1906",1.15952342213035e-170,4.32263842012972,0.432,0.059,4.24397167733928e-166,38,"NPPC"
"1907",6.35598245442202e-166,2.43212301536752,0.771,0.176,2.326353138143e-161,38,"MEIS2"
"1908",6.78379639799634e-136,2.20424444545635,0.986,0.465,2.48293731963064e-131,38,"GRIK1"
"1909",1.64233593483941e-134,3.87962903983991,0.39,0.059,6.01111375510573e-130,38,"CPLX3"
"1910",8.10097049765134e-134,2.06582494959539,0.908,0.327,2.96503621184537e-129,38,"ZFPM2"
"1911",2.11120400580549e-132,1.98100233757333,0.993,0.778,7.72721778164868e-128,38,"DLGAP1"
"1912",1.01087776760939e-129,2.02054075249387,0.997,0.631,3.69991371722714e-125,38,"NRXN3"
"1913",3.21185959220508e-125,2.68681214274355,0.675,0.18,1.17557272934298e-120,38,"SEMA3C"
"1914",2.29432473558542e-119,2.84498954474323,0.675,0.202,8.3974579647162e-115,38,"NR2F2"
"1915",2.52461610359169e-115,1.3482825783471,0.997,0.865,9.24034740075595e-111,38,"SYT1"
"1916",1.03980257090803e-114,1.93908211333129,0.962,0.594,3.80578138978049e-110,38,"PLCB1"
"1917",2.23407940785044e-114,2.1295587938802,0.853,0.337,8.17695404067339e-110,38,"NELL1"
"1918",2.01259906943369e-113,2.50092309277676,0.836,0.372,7.36631385403426e-109,38,"SPHKAP"
"1919",7.36599476491966e-113,2.98574866504605,0.695,0.247,2.69602774390824e-108,38,"IFI6"
"1920",2.96584962480517e-109,2.88248297950407,0.705,0.255,1.08553062117494e-104,38,"SLC6A1"
"1921",1.72468099156401e-101,2.4615131278025,0.572,0.149,6.31250489722342e-97,38,"RORB"
"1922",1.41496933868804e-100,1.6577810608744,0.986,0.733,5.1789292765321e-96,38,"GALNTL6"
"1923",1.4379733659613e-92,2.69312635014752,0.709,0.297,5.26312631675494e-88,38,"PCBP3"
"1924",3.80944079185216e-91,2.35798905697815,0.688,0.25,1.39429342422581e-86,38,"NR2F2-AS1"
"1925",4.19341827170731e-90,3.4961823058539,0.37,0.074,1.53483302162759e-85,38,"SHISA8"
"1926",5.9364130044796e-87,1.5551485647158,0.938,0.658,2.17278652376958e-82,38,"CADPS"
"1927",1.51873769498216e-84,-3.886780655341,0.178,0.758,5.5587318374042e-80,38,"TENM2"
"1928",4.62486287312351e-84,3.11836776923919,0.449,0.116,1.69274606019194e-79,38,"OTX2"
"1929",6.23616182450473e-83,1.31569751743692,0.952,0.842,2.28249758938698e-78,38,"GPM6A"
"1930",1.76382228829695e-82,-2.59844744910904,0.315,0.81,6.45576595739568e-78,38,"FGF12"
"1931",2.73222171955638e-82,-4.78167810728358,0.038,0.668,1.00002047157483e-77,38,"ENOX1"
"1932",5.75328437286199e-80,-2.50255963536971,0.312,0.842,2.10575961331122e-75,38,"NKAIN2"
"1933",1.36746614853642e-76,1.78229136302047,0.784,0.372,5.00506285025815e-72,38,"CHRM2"
"1934",2.80593585018207e-76,2.41570498216291,0.764,0.467,1.02700058052514e-71,38,"SLC12A5"
"1935",3.93979825568803e-76,2.0501670146563,0.757,0.371,1.44200555956438e-71,38,"UNC13C"
"1936",1.28809486644124e-75,-5.33371170874348,0.041,0.636,4.71455602066158e-71,38,"RMST"
"1937",1.40655633085873e-74,-4.34636301828208,0.12,0.686,5.14813682657605e-70,38,"MTUS2"
"1938",7.16811722200115e-73,-3.42590446247738,0.106,0.677,2.62360258442464e-68,38,"TCF7L2"
"1939",1.10284695741915e-72,-4.04650604674779,0.055,0.647,4.03653014884983e-68,38,"PARD3"
"1940",1.95437771328629e-72,3.34959061074359,0.404,0.107,7.15321786839916e-68,38,"KCNIP2"
"1941",3.99295610798159e-71,1.25398459695987,0.993,0.72,1.46146186508234e-66,38,"KCNIP4"
"1942",1.34170134442062e-70,3.59486843930006,0.401,0.108,4.9107610907139e-66,38,"SYNDIG1L"
"1943",1.55746038970286e-70,-1.7259581726523,0.548,0.884,5.70046077235145e-66,38,"MAP1B"
"1944",4.13328498708092e-70,-3.68872631496746,0.086,0.658,1.51282363812149e-65,38,"NEBL"
"1945",6.0509697237302e-70,-1.32066390197854,0.729,0.934,2.21471542858249e-65,38,"ANK2"
"1946",7.93348222349652e-70,-4.60552047223109,0.027,0.606,2.90373382862196e-65,38,"TMEM163"
"1947",1.32689776061226e-68,-1.95023721484909,0.318,0.848,4.85657849361693e-64,38,"NCAM2"
"1948",1.93167476647229e-68,-4.56186585064352,0.051,0.616,7.07012281276524e-64,38,"DGKB"
"1949",9.27114903546662e-68,2.98826685124432,0.421,0.117,3.39333325847114e-63,38,"LINC02055"
"1950",1.26682584927337e-67,1.70767334782222,0.836,0.627,4.63670929092547e-63,38,"CACNA1D"
"1951",0,8.65245313572329,0.264,0.005,0,39,"SLC22A10"
"1952",0,6.91003058853994,0.225,0.002,0,39,"FOXG1"
"1953",0,7.07563612690879,0.21,0.007,0,39,"LY86-AS1"
"1954",0,7.01334340714528,0.181,0.002,0,39,"LINC01551"
"1955",0,7.50848533051206,0.178,0.002,0,39,"AL133166.1"
"1956",0,6.64546994502934,0.101,0.001,0,39,"AC079163.2"
"1957",0,8.05475860450811,0.091,0.001,0,39,"FEZF2"
"1958",0,7.1168772068117,0.083,0.001,0,39,"BX255923.2"
"1959",0,7.33582053301837,0.08,0.001,0,39,"AC007877.1"
"1960",2.36898882236084e-291,7.42578743504112,0.062,0,8.6707359887229e-287,39,"AL158058.1"
"1961",1.24211729918085e-282,8.18589924306313,0.112,0.002,4.54627352673182e-278,39,"AL136985.3"
"1962",6.23559148141242e-274,8.93621868128723,0.072,0.001,2.28228883811176e-269,39,"SLC22A9"
"1963",1.75963080474283e-201,7.14898459650444,0.192,0.009,6.44042470843923e-197,39,"LINC01331"
"1964",8.64371628946067e-190,5.77289547243219,0.098,0.002,3.1636865991055e-185,39,"TBR1"
"1965",5.41826238992332e-167,4.78755198852294,0.417,0.053,1.98313821733583e-162,39,"KIAA1211L"
"1966",1.67019491763294e-159,4.41068754322775,0.344,0.038,6.11308041802834e-155,39,"MPPED1"
"1967",3.25694963929479e-158,6.98300353655219,0.022,0,1.19207613747829e-153,39,"CSN1S1"
"1968",5.04008361696117e-158,5.08290749144154,0.355,0.041,1.84472100464396e-153,39,"KCNH3"
"1969",2.96267939171061e-151,4.16451488139369,0.862,0.35,1.08437028416e-146,39,"DLGAP2"
"1970",2.73132545653708e-147,5.15766916178747,0.185,0.012,9.99692430347135e-143,39,"SLC26A4"
"1971",9.8436802464447e-142,6.01571391943326,0.054,0.001,3.60288540700122e-137,39,"FOXG1-AS1"
"1972",8.09976717494355e-138,5.54992300432496,0.141,0.007,2.96459578370109e-133,39,"AC021613.1"
"1973",1.48987274094894e-129,6.09319165150691,0.098,0.004,5.45308321914721e-125,39,"ITPKA"
"1974",7.74180431013036e-128,4.34815971366276,0.333,0.043,2.83357779555081e-123,39,"AL591501.1"
"1975",1.60659197399148e-126,3.9179766216597,0.377,0.055,5.8802872840062e-122,39,"SLC17A7"
"1976",3.47539522207111e-126,9.21067135451119,0.025,0,1.27202940523025e-121,39,"P2RX2"
"1977",3.27754358530807e-123,6.21281784580653,0.123,0.006,1.19961372765861e-118,39,"SCHLAP1"
"1978",4.72997938267416e-123,2.26925406547037,0.982,0.846,1.73121975385257e-118,39,"MEG3"
"1979",1.59774562927523e-121,4.36452621970438,0.275,0.031,5.84790877771025e-117,39,"ICAM5"
"1980",7.12692856396815e-113,1.97283805408185,0.978,0.766,2.60852712369798e-108,39,"CSMD1"
"1981",2.08637682055834e-111,5.20752235983449,0.366,0.06,7.63634780092557e-107,39,"COL24A1"
"1982",5.75094967142913e-108,2.99873120708852,0.873,0.506,2.10490508923978e-103,39,"PHACTR1"
"1983",8.97306154467047e-102,1.80734537669508,0.989,0.656,3.28423025596484e-97,39,"RBFOX1"
"1984",3.14228385422413e-100,3.42834838476945,0.591,0.171,1.15010731348457e-95,39,"TMEM132D"
"1985",4.52211086021348e-97,4.49942750563896,0.261,0.034,1.65513779594674e-92,39,"MOXD1"
"1986",8.02367966396122e-94,3.59673687257146,0.453,0.101,2.93674699380644e-89,39,"AC007563.2"
"1987",2.26972568675177e-92,4.99271793326049,0.522,0.146,8.30742298608014e-88,39,"AC011287.1"
"1988",6.61229869326637e-92,4.24879705287822,0.167,0.015,2.42016744472243e-87,39,"CTXND1"
"1989",4.86902772114075e-86,6.64400719719093,0.036,0.001,1.78211283621473e-81,39,"AC116345.1"
"1990",7.27312899999462e-86,4.48336725076186,0.091,0.005,2.66203794528803e-81,39,"MAS1"
"1991",2.77110236704431e-85,2.01543651455785,0.895,0.715,1.01425117736189e-80,39,"CELF2"
"1992",1.05081975311359e-84,2.05668458426526,0.891,0.564,3.84610537837106e-80,39,"IQCJ-SCHIP1"
"1993",4.50815898077887e-84,4.10913438225405,0.341,0.065,1.65003126855487e-79,39,"GDA"
"1994",5.22274520930211e-84,3.44649832462938,0.609,0.225,1.91157697405667e-79,39,"SLIT3"
"1995",7.5550760482835e-80,1.4607210122088,0.949,0.778,2.76523338443224e-75,39,"DLGAP1"
"1996",9.22642569952872e-80,1.52561973822637,0.938,0.682,3.37696407028451e-75,39,"FRMD4A"
"1997",1.53457409203442e-79,4.82193384812403,0.138,0.012,5.61669463425518e-75,39,"LINC00683"
"1998",1.5781690808436e-77,2.07418416562587,0.844,0.528,5.77625665279566e-73,39,"DAB1"
"1999",1.88414195765718e-77,4.87059671463221,0.138,0.012,6.89614797922104e-73,39,"LZTS1"
"2000",4.9408231918358e-77,6.16027648833362,0.072,0.003,1.80839069644382e-72,39,"AC092661.1"
"2001",0,4.18031998121013,0.952,0.103,0,40,"PPP1R14A"
"2002",0,3.55313913840137,0.959,0.117,0,40,"MOBP"
"2003",0,4.11968040354504,0.945,0.11,0,40,"ANLN"
"2004",0,3.19631250721929,0.963,0.131,0,40,"ST18"
"2005",0,3.38700760932276,0.978,0.164,0,40,"TF"
"2006",0,4.58009260974882,0.919,0.106,0,40,"SELENOP"
"2007",0,3.69381455584598,0.904,0.102,0,40,"APOD"
"2008",0,4.18069822676022,0.875,0.078,0,40,"ERMN"
"2009",0,3.76783285411055,0.956,0.167,0,40,"TMEM144"
"2010",0,3.87093737253792,0.985,0.198,0,40,"SPP1"
"2011",0,3.69083759595798,0.875,0.103,0,40,"CLDN11"
"2012",0,4.56203774143409,0.815,0.062,0,40,"HAPLN2"
"2013",0,3.60874296674966,0.83,0.085,0,40,"RNASE1"
"2014",0,3.90402609221556,0.878,0.136,0,40,"FAM107B"
"2015",0,5.08631752124101,0.819,0.084,0,40,"MYLK"
"2016",0,3.33087321349901,0.863,0.128,0,40,"UGT8"
"2017",0,3.5189550907127,0.808,0.075,0,40,"MAG"
"2018",0,4.20925708800957,0.727,0.059,0,40,"S100A1"
"2019",0,3.79016288036832,0.745,0.087,0,40,"HSPA2"
"2020",0,3.36128280531664,0.731,0.075,0,40,"SLC5A11"
"2021",0,3.69288936159507,0.716,0.062,0,40,"NKX6-2"
"2022",0,4.16967425025112,0.701,0.052,0,40,"CMTM5"
"2023",0,4.15043361440669,0.745,0.097,0,40,"LRP2"
"2024",0,4.43969292939632,0.679,0.072,0,40,"SCRG1"
"2025",0,3.51773857698962,0.661,0.064,0,40,"SHROOM4"
"2026",0,3.71656452616063,0.631,0.05,0,40,"KLK6"
"2027",0,3.49655031843,0.62,0.062,0,40,"CARNS1"
"2028",0,3.91103871002429,0.598,0.049,0,40,"RASSF2"
"2029",0,4.39927561847771,0.432,0.027,0,40,"TMEM125"
"2030",0,4.36675193330567,0.428,0.03,0,40,"ENPP6"
"2031",0,4.85427857662254,0.31,0.013,0,40,"GPIHBP1"
"2032",0,6.68211918220697,0.269,0.008,0,40,"AC104423.1"
"2033",1.85597442195492e-306,3.21798325635013,0.649,0.068,6.79305198179722e-302,40,"MOG"
"2034",2.10667308369116e-305,3.61396066373766,0.675,0.077,7.71063415361801e-301,40,"EVI2A"
"2035",4.06193557320789e-304,4.02013893875315,0.786,0.114,1.48670903914982e-299,40,"CDKN1C"
"2036",6.19172614730645e-297,4.59045738513932,0.701,0.092,2.26623368717563e-292,40,"SNORC"
"2037",1.24822057791225e-296,3.61448355220455,0.793,0.115,4.56861213721662e-292,40,"TSC22D4"
"2038",4.64281101448832e-295,3.30860252455618,0.745,0.097,1.69931525941287e-290,40,"PMP22"
"2039",3.43775567569869e-289,4.30551496011608,0.974,0.22,1.25825295486248e-284,40,"S100B"
"2040",1.2228288393016e-288,3.5052794459975,0.801,0.119,4.4756758347278e-284,40,"GPR37"
"2041",5.40235851826493e-282,3.83265696120937,1,0.234,1.97731724127015e-277,40,"PLP1"
"2042",8.77194580943947e-278,3.76631812884202,0.561,0.057,3.21061988571294e-273,40,"PRR5L"
"2043",5.76135594764516e-275,3.20701316018368,0.664,0.081,2.1087138903976e-270,40,"AL033523.1"
"2044",2.57599944992673e-271,3.20992753886996,0.635,0.074,9.42841558667681e-267,40,"ABCA8"
"2045",4.18407851568936e-269,3.0155998429689,0.635,0.073,1.53141457752746e-264,40,"BCAS1"
"2046",5.58555776404529e-267,2.5301250696509,0.79,0.114,2.04436999721822e-262,40,"AC012494.1"
"2047",7.95710626762448e-263,3.23709648617274,0.624,0.074,2.91238046501324e-258,40,"OLIG1"
"2048",1.29576949221573e-261,3.00162659965982,0.908,0.17,4.7426459184588e-257,40,"ZEB2"
"2049",8.14249149189853e-261,3.27670773954819,0.72,0.101,2.98023331094978e-256,40,"C10orf90"
"2050",9.13279887856026e-259,3.68612561852519,0.635,0.08,3.34269571754184e-254,40,"EFHD1"
"2051",0,5.21701614377792,0.809,0.09,0,41,"HPSE2"
"2052",0,5.08787571473603,0.602,0.043,0,41,"AC012405.1"
"2053",0,4.60055854044984,0.55,0.046,0,41,"ATP1A2"
"2054",0,6.24649192747837,0.367,0.017,0,41,"FGFR3"
"2055",8.32179192190226e-267,5.28846325937246,0.371,0.024,3.04585906133544e-262,41,"LINC01748"
"2056",2.49062016396771e-198,4.0309287347871,0.761,0.148,9.11591886213822e-194,41,"LINC01088"
"2057",2.64044993040716e-197,4.37426714918013,0.518,0.064,9.66431079028325e-193,41,"AQP4"
"2058",8.27567892806703e-189,4.8805050273113,0.327,0.026,3.02898124446181e-184,41,"SLC14A1"
"2059",6.76362731323699e-177,5.3775699247808,0.247,0.016,2.47555523291787e-172,41,"ALDH1A1"
"2060",1.64005812778753e-170,4.10590033937227,0.446,0.054,6.00277675351512e-166,41,"GJA1"
"2061",1.89706540667253e-167,5.53866867805156,0.191,0.01,6.94344909496214e-163,41,"AL627316.1"
"2062",1.01297089883197e-165,3.7810455039731,0.625,0.11,3.70757478681489e-161,41,"SLC1A3"
"2063",9.71830162223872e-162,4.94489451084866,0.255,0.019,3.55699557675559e-157,41,"AC073941.1"
"2064",5.38715013441495e-160,6.05500151775177,0.131,0.005,1.97175082069722e-155,41,"SLC7A10"
"2065",7.04291463473221e-160,5.37989801361603,0.287,0.024,2.57777718545834e-155,41,"ETNPPL"
"2066",3.26801964524662e-157,4.93741499593335,0.331,0.032,1.19612787035672e-152,41,"GLI3"
"2067",2.37174504696135e-156,4.83395995024721,0.454,0.061,8.68082404638325e-152,41,"LINC00299"
"2068",1.19254734856504e-142,5.72774688874381,0.167,0.009,4.3648425504829e-138,41,"CD38"
"2069",6.5570076106907e-139,4.33654725141811,0.522,0.09,2.3999303555889e-134,41,"GFAP"
"2070",1.79617514901928e-138,4.36250260172403,0.502,0.084,6.57418066292546e-134,41,"TNC"
"2071",4.51234428569467e-132,4.63876957885174,0.482,0.082,1.65156313200711e-127,41,"RFX4"
"2072",1.13060007205273e-128,3.92580164844012,0.49,0.084,4.13810932372019e-124,41,"BMPR1B"
"2073",7.61263852431143e-128,3.81215802816426,0.849,0.3,2.78630182628323e-123,41,"OBI1-AS1"
"2074",9.94208809848914e-127,5.57909931164199,0.131,0.006,3.63890366492801e-122,41,"AC117464.1"
"2075",4.6807556729995e-123,4.65853354153059,0.426,0.067,1.71320338387455e-118,41,"EFEMP1"
"2076",5.30414234980118e-120,4.37442378066174,0.458,0.079,1.94136914145073e-115,41,"NHSL1"
"2077",4.10960242114342e-119,5.19093328296361,0.259,0.026,1.5041555821627e-114,41,"LINC02649"
"2078",6.3083685393159e-118,5.115321344699,0.243,0.023,2.30892596907501e-113,41,"ITGB4"
"2079",7.91010234647075e-116,4.90601265539299,0.259,0.026,2.89517655983176e-111,41,"HIF3A"
"2080",2.34243958476274e-115,4.80487304541995,0.243,0.023,8.5735631241901e-111,41,"ID3"
"2081",4.93479413074846e-111,5.62084973524745,0.131,0.007,1.80618399979524e-106,41,"RASL12"
"2082",1.22313637141966e-107,3.97039647566908,0.406,0.067,4.47680143303309e-103,41,"GRAMD2B"
"2083",1.8958405260194e-107,5.07928959479802,0.191,0.016,6.93896590928362e-103,41,"AC097518.2"
"2084",3.55157214693156e-107,5.25574126716777,0.586,0.152,1.29991092149842e-102,41,"AC002429.2"
"2085",1.0479790742376e-104,2.78170421870474,0.88,0.387,3.83570820961704e-100,41,"GPC5"
"2086",3.46214774019316e-101,3.95581089443962,0.279,0.034,1.2671806943881e-96,41,"AGT"
"2087",4.05924042629517e-99,3.71258481558033,0.522,0.123,1.4857225884283e-94,41,"APOE"
"2088",1.23161180219999e-97,5.24012450974322,0.211,0.021,4.5078223572322e-93,41,"AQP1"
"2089",5.98357762168329e-96,4.45051673521814,0.355,0.058,2.1900492453123e-91,41,"AC114971.1"
"2090",2.38370409967227e-92,3.84607965618565,0.41,0.079,8.72459537521046e-88,41,"WDR49"
"2091",1.59336712762144e-91,6.47781343247289,0.183,0.017,5.83188302380725e-87,41,"LINC00499"
"2092",1.73883704055047e-89,3.30290813515992,0.422,0.084,6.36431745211878e-85,41,"MIR4300HG"
"2093",4.89362446770946e-87,5.11233145721274,0.183,0.018,1.79111549142634e-82,41,"F3"
"2094",1.65673189665451e-85,2.28861722868642,0.936,0.735,6.06380441494517e-81,41,"MIR99AHG"
"2095",6.85362471830006e-84,7.24199127659248,0.052,0.001,2.50849518314501e-79,41,"AC109439.2"
"2096",6.30628516816681e-83,2.97161810524682,0.653,0.219,2.30816343440073e-78,41,"CDH20"
"2097",5.71866803371296e-81,-2.22881840362139,0.299,0.924,2.09308968701928e-76,41,"CNTNAP2"
"2098",2.83883276212552e-79,2.33323454992501,0.936,0.768,1.03904117926556e-74,41,"NPAS3"
"2099",8.99581847659989e-79,3.73679273546357,0.422,0.094,3.29255952062032e-74,41,"DAAM2"
"2100",1.55870614093515e-78,-1.99621480368934,0.287,0.924,5.70502034643675e-74,41,"ANK3"
"2101",0,3.06889422220327,0.966,0.137,0,42,"KIT"
"2102",0,3.26904660352486,0.916,0.114,0,42,"OTX2"
"2103",0,3.39514542022054,0.84,0.074,0,42,"IGF1"
"2104",0,2.94119887768278,0.764,0.067,0,42,"GATA3"
"2105",0,2.92818358610118,0.671,0.058,0,42,"CPLX3"
"2106",0,4.63546800451039,0.506,0.021,0,42,"AC005040.2"
"2107",0,3.10848406263068,0.435,0.025,0,42,"PRL"
"2108",1.57590971786815e-306,3.06880882306033,0.485,0.033,5.76798715836923e-302,42,"DMBX1"
"2109",1.31668137509506e-303,2.96267772702048,0.536,0.04,4.81918550098543e-299,42,"SOX14"
"2110",4.41068825478988e-303,2.59762737101479,0.675,0.063,1.61435600813565e-298,42,"LINC01210"
"2111",1.32826553267553e-285,2.86018687156316,0.975,0.151,4.86158467614572e-281,42,"GAD2"
"2112",1.93855513703781e-283,2.74721734418382,0.578,0.05,7.0953056570721e-279,42,"AL161757.4"
"2113",7.99644439480131e-279,3.06812003173444,0.667,0.068,2.92677861294123e-274,42,"LINC02253"
"2114",1.02966257419295e-273,3.00028360153045,0.932,0.148,3.76866798780362e-269,42,"RORB"
"2115",3.7799419262912e-273,2.95910374678511,0.962,0.156,1.38349654444184e-268,42,"OTX2-AS1"
"2116",7.94950542119449e-254,2.6530050579217,0.954,0.159,2.90959847921139e-249,42,"GAD1"
"2117",2.1608678352947e-245,2.41391928609611,0.81,0.113,7.90899236396215e-241,42,"SLC6A11"
"2118",5.81101578653071e-244,2.76693610258989,0.966,0.175,2.1268898880281e-239,42,"MEIS2"
"2119",5.32047941421165e-234,2.51485467572601,0.574,0.058,1.9473486703956e-229,42,"NPPC"
"2120",9.55658936874148e-233,3.1423887493436,0.405,0.03,3.49780727485307e-228,42,"RORB-AS1"
"2121",3.40802566510538e-229,2.36115503844832,0.641,0.073,1.24737147368522e-224,42,"SHISA8"
"2122",7.70139897784303e-229,3.0263170949532,0.924,0.177,2.81878903988033e-224,42,"GREM2"
"2123",1.10557639980122e-223,2.92750744286536,0.954,0.201,4.04652018091245e-219,42,"NR2F2"
"2124",1.98497492387234e-220,2.96243522481376,0.591,0.067,7.26520671886514e-216,42,"AL359546.1"
"2125",6.79390073291513e-218,2.89070249691482,0.544,0.057,2.48663560725427e-213,42,"SERTM1"
"2126",1.67250522235347e-211,2.71144992209158,0.882,0.163,6.12153636433595e-207,42,"AC016717.2"
"2127",4.03390332522817e-205,2.49935108421708,0.709,0.099,1.47644895606676e-200,42,"TSPAN18"
"2128",1.26164615415735e-201,2.44605967001885,0.84,0.143,4.6177510888313e-197,42,"HTR2A"
"2129",2.44416504677461e-195,2.82659482801105,0.886,0.18,8.94588848769976e-191,42,"SEMA3C"
"2130",2.21757207636614e-192,2.39762119782018,0.633,0.084,8.1165355567077e-188,42,"SERPINF1"
"2131",1.56091476942763e-183,2.69168784983757,0.987,0.277,5.71310414758207e-179,42,"SYNPR"
"2132",6.84282065583498e-183,2.65776811188701,0.376,0.032,2.50454078824216e-178,42,"UNCX"
"2133",2.98006097908514e-182,3.33233156334846,0.338,0.027,1.09073211895495e-177,42,"TMEM215"
"2134",1.13088946292185e-177,2.51303308816202,0.949,0.239,4.13916852324026e-173,42,"PDZRN3"
"2135",1.26215882996633e-171,2.44730065756921,0.97,0.249,4.61962753355978e-167,42,"NR2F2-AS1"
"2136",4.91478588434753e-170,2.63752802670007,0.439,0.046,1.79886078153004e-165,42,"CASR"
"2137",1.49112935185882e-169,2.33821330525175,0.439,0.046,5.45768254073846e-165,42,"SLC32A1"
"2138",3.36468327172096e-166,2.36912445609131,0.949,0.254,1.23150772428259e-161,42,"SLC6A1"
"2139",4.11172924064341e-165,2.06025156754057,0.743,0.132,1.50493401936789e-160,42,"ZFPM2-AS1"
"2140",8.01746400792843e-164,2.59262210133061,0.316,0.026,2.93447200154188e-159,42,"HGF"
"2141",6.28576077526801e-163,2.36808569312077,0.789,0.157,2.30065130135584e-158,42,"PPP1R14C"
"2142",1.7012768716419e-162,2.42872423723959,0.878,0.191,6.22684347789652e-158,42,"PRSS12"
"2143",4.40227068171395e-160,2.56295070355482,0.409,0.043,1.61127509221412e-155,42,"HRH1"
"2144",2.88663187073148e-157,2.1958179322562,0.844,0.184,1.05653613100643e-152,42,"HPCA"
"2145",2.96566472103435e-157,2.50552375193583,0.987,0.327,1.08546294454578e-152,42,"ZFPM2"
"2146",6.98437325587904e-157,2.00245021269638,0.658,0.107,2.55635045538429e-152,42,"KCNIP2"
"2147",3.20801824330161e-155,2.32694740213601,0.616,0.097,1.17416675723082e-150,42,"AC012409.2"
"2148",8.29443598254472e-154,2.02738092218183,0.966,0.249,3.03584651397119e-149,42,"RELN"
"2149",2.77514062335835e-153,2.15704392419721,0.726,0.134,1.01572921955539e-148,42,"SMAD9"
"2150",7.33595810501441e-153,2.16011649937296,0.646,0.108,2.68503402601632e-148,42,"SYNDIG1L"
"2151",2.88294567939559e-254,3.09997844107752,0.941,0.137,1.05518694811558e-249,43,"KIT"
"2152",8.4159726655901e-236,3.22010308474264,0.931,0.152,3.08033015533263e-231,43,"GAD2"
"2153",1.18114816649088e-212,2.8314709573517,0.926,0.156,4.32312040417327e-208,43,"OTX2-AS1"
"2154",4.22600755474332e-202,2.67319492010056,0.926,0.159,1.5467610251116e-197,43,"GAD1"
"2155",4.04762550956377e-170,2.74540240774946,0.827,0.149,1.48147141275544e-165,43,"RORB"
"2156",2.11032400474415e-161,2.87868374404427,0.584,0.076,7.72399688976405e-157,43,"IGF1"
"2157",1.55063466242291e-155,3.16425380714554,0.693,0.115,5.6754779279341e-151,43,"OTX2"
"2158",5.24091290745831e-155,2.90111575587869,0.965,0.278,1.91822653325881e-150,43,"SYNPR"
"2159",2.36469424263581e-153,2.72157376354822,0.505,0.059,8.65501739747133e-149,43,"CPLX3"
"2160",5.9550130553717e-152,2.27168940627582,0.886,0.176,2.1795943283966e-147,43,"MEIS2"
"2161",8.33333849552716e-147,3.29855204000435,0.45,0.051,3.0500852227479e-142,43,"AL161757.4"
"2162",9.17298890187946e-144,3.03756705259381,0.802,0.178,3.3574056679769e-139,43,"GREM2"
"2163",2.06672052840461e-134,2.70673124084573,0.812,0.181,7.56440380601371e-130,43,"SEMA3C"
"2164",5.81289914642076e-134,2.43148543533749,0.851,0.202,2.12757921658146e-129,43,"NR2F2"
"2165",3.15550339567316e-125,2.93340499324255,0.495,0.069,1.15494579785033e-120,43,"LINC02253"
"2166",5.03312721526795e-121,2.46532717994124,0.629,0.114,1.84217489206022e-116,43,"SLC6A11"
"2167",1.54741893803711e-119,2.36148322820538,0.955,0.328,5.66370805510961e-115,43,"ZFPM2"
"2168",2.5641240212409e-116,2.36360150804649,0.668,0.133,9.3849503301438e-112,43,"ZFPM2-AS1"
"2169",1.80436979115886e-115,2.74641542683724,0.886,0.297,6.60417387262053e-111,43,"PCBP3"
"2170",1.08208389184894e-113,2.49769471560901,0.946,0.373,3.96053525255631e-109,43,"SPHKAP"
"2171",1.63981325164872e-113,2.58215084912002,0.792,0.201,6.00188048235948e-109,43,"COL21A1"
"2172",4.97746143085768e-113,2.6141825393258,0.941,0.371,1.82180065830822e-108,43,"UNC13C"
"2173",1.60817846050836e-106,2.46283654160419,0.941,0.398,5.88609398330665e-102,43,"NYAP2"
"2174",1.54124878781454e-104,2.68487504143106,0.441,0.064,5.64112468827999e-100,43,"LINC01210"
"2175",5.65965069320046e-103,5.82504769966441,0.054,0.001,2.0714887502183e-98,43,"AL589642.1"
"2176",4.03210272754936e-102,2.1328359220354,0.856,0.25,1.47578991931034e-97,43,"RELN"
"2177",5.81442383462371e-100,2.66267092819344,0.733,0.193,2.12813726771063e-95,43,"AC009264.1"
"2178",4.42311074243651e-98,2.24258734058221,0.901,0.338,1.61890276283919e-93,43,"NELL1"
"2179",1.46071432174743e-95,2.10267757646158,0.995,0.779,5.34636048902777e-91,43,"DLGAP1"
"2180",3.5866756203498e-95,2.35357515065028,0.812,0.255,1.31275914380423e-90,43,"SLC6A1"
"2181",2.11771518110773e-94,1.42882696603234,1,0.865,7.7510493343724e-90,43,"SYT1"
"2182",2.47226923665997e-93,2.09963509354232,0.99,0.631,9.04875263309916e-89,43,"NRXN3"
"2183",4.72340813358581e-93,1.98506459393458,0.837,0.25,1.72881461097374e-88,43,"NR2F2-AS1"
"2184",5.09083395489809e-93,1.98458438287149,0.98,0.466,1.86329613583225e-88,43,"GRIK1"
"2185",6.86340468482613e-92,1.89105660666794,0.822,0.24,2.51207474869321e-87,43,"PDZRN3"
"2186",7.96307072506393e-91,3.00319849864659,0.45,0.078,2.91456351608065e-86,43,"MAB21L1"
"2187",1.97696443687434e-90,1.15396412349425,0.946,0.304,7.23588753540377e-86,43,"ADARB2"
"2188",1.0285627258928e-87,2.09434058659995,0.911,0.373,3.76464243304025e-83,43,"CHRM2"
"2189",4.20840830983188e-86,2.41756906856119,0.614,0.145,1.54031952548157e-81,43,"HTR2A"
"2190",4.04660154182206e-83,2.34139905238689,0.777,0.27,1.48109663032229e-78,43,"IGSF3"
"2191",2.27348251073539e-82,2.9849324399946,0.371,0.058,8.32117333754259e-78,43,"SERTM1"
"2192",2.75422343128645e-81,1.59161426224008,0.97,0.843,1.00807331808516e-76,43,"GPM6A"
"2193",1.07096032871086e-80,2.01389007347605,0.787,0.254,3.9198218991146e-76,43,"EPHA3"
"2194",1.43694361905228e-79,2.13868748191531,0.693,0.192,5.25935734009325e-75,43,"PRSS12"
"2195",9.59772458112799e-79,1.70324940828123,0.98,0.716,3.51286317393865e-74,43,"ZEB1"
"2196",7.21570126631622e-78,2.0470844077893,0.911,0.541,2.6410188204844e-73,43,"B4GALT6"
"2197",1.01285961047896e-77,2.11068843980734,0.866,0.372,3.70716746031404e-73,43,"GULP1"
"2198",1.58909718113329e-77,2.80685238606492,0.431,0.08,5.81625459266597e-73,43,"TSPAN12"
"2199",5.46189459354403e-77,1.78632471766132,0.97,0.627,1.99910804018305e-72,43,"CACNA1D"
"2200",4.45749110320542e-76,1.68477842088242,0.946,0.441,1.63148631868422e-71,43,"ZMAT4"
"2201",0,4.79289391017897,0.995,0.103,0,44,"ITGA8"
"2202",0,5.27527800905961,0.869,0.049,0,44,"LINC01239"
"2203",0,5.41041725747799,0.814,0.06,0,44,"LINC01151"
"2204",0,4.17293698391948,0.824,0.07,0,44,"ITIH5"
"2205",0,5.3253185410534,0.739,0.035,0,44,"AC037486.1"
"2206",0,5.12327444484312,0.638,0.034,0,44,"AL159156.1"
"2207",0,5.45052093580212,0.523,0.017,0,44,"SMILR"
"2208",0,4.50345067717773,0.377,0.017,0,44,"AC005323.2"
"2209",1.71026744119854e-285,3.74329864738305,0.693,0.064,6.25974986153077e-281,44,"BTNL9"
"2210",2.46160758475681e-268,3.99217470249209,0.447,0.028,9.00972992096839e-264,44,"DMRTA1"
"2211",1.01362869975181e-254,4.51187936625066,0.402,0.024,3.70998240396158e-250,44,"AC073648.7"
"2212",1.13963371907155e-253,3.71312422586937,0.754,0.087,4.17117337517379e-249,44,"HMCN1"
"2213",9.32873221676966e-246,4.66924233436227,0.94,0.163,3.41440927865986e-241,44,"AL355612.1"
"2214",4.8937000730579e-240,4.45703006418127,0.367,0.021,1.79114316373992e-235,44,"AC104088.1"
"2215",8.96046190769648e-236,3.59209958266804,0.719,0.084,3.27961866283599e-231,44,"AC019211.1"
"2216",7.64104509679546e-233,3.40421186408842,0.884,0.135,2.79669891587811e-228,44,"SULF1"
"2217",3.03186537069471e-205,4.09417827954718,0.377,0.026,1.10969304432797e-200,44,"ERVMER61-1"
"2218",2.896593269837e-202,4.8596037873847,0.181,0.006,1.06018210269304e-197,44,"AC005323.1"
"2219",1.29740747141502e-198,3.46033693703586,0.97,0.223,4.74864108612612e-194,44,"TMEM132C"
"2220",7.79080520394854e-195,3.77918708308001,0.472,0.043,2.85151261269721e-190,44,"EGFLAM"
"2221",2.96730681136532e-193,3.56435667275501,0.588,0.067,1.08606396602782e-188,44,"AC067956.1"
"2222",1.0590896944624e-190,5.44434402403029,0.201,0.008,3.87637419070183e-186,44,"AC006487.1"
"2223",1.05336397227174e-189,3.10854005595958,0.93,0.191,3.85541747491179e-185,44,"ADCY2"
"2224",5.56689216721063e-186,3.43487242966375,0.95,0.215,2.03753820212076e-181,44,"ZNF423"
"2225",3.32198753607351e-183,3.75394213113504,0.492,0.049,1.21588065807827e-178,44,"LINC00378"
"2226",1.69872434925701e-181,2.95419325051836,0.894,0.179,6.21750099071557e-177,44,"GOLIM4"
"2227",6.13849199796352e-179,5.10514775660674,0.186,0.007,2.24674945617463e-174,44,"AL353730.1"
"2228",7.84508895516112e-170,3.38244639322022,0.819,0.16,2.87138100847852e-165,44,"SVIL"
"2229",5.74800674301937e-168,3.24778867994129,0.653,0.095,2.10382794801252e-163,44,"SOX13"
"2230",5.88797095154643e-168,2.86469067996583,0.869,0.169,2.15505624797551e-163,44,"FBN2"
"2231",7.27993748480534e-163,3.54352839075485,1,0.363,2.6645299188136e-158,44,"TLL1"
"2232",3.48655175756939e-162,2.95157023139804,0.729,0.119,1.27611280878797e-157,44,"AC007368.1"
"2233",9.0857221319219e-159,3.24105296220719,0.623,0.09,3.32546515750474e-154,44,"PRKCQ"
"2234",4.54789890437674e-158,2.33294536698869,0.688,0.104,1.66457647799093e-153,44,"SLC7A11"
"2235",2.92213241671252e-157,4.48494878487208,0.196,0.009,1.06952968584095e-152,44,"AL355076.2"
"2236",3.26930525338003e-156,3.02342387677741,0.538,0.066,1.19659841578962e-151,44,"AC107208.1"
"2237",3.1024171899952e-154,3.80120344386554,0.995,0.414,1.13551571571014e-149,44,"CACNA2D3"
"2238",1.58036710654402e-152,4.16149551773373,1,0.448,5.78430164666175e-148,44,"KIAA1217"
"2239",1.23276480821332e-151,3.35718583355633,0.357,0.031,4.51204247454157e-147,44,"LRAT"
"2240",2.48111806497144e-151,4.44879837863723,0.261,0.017,9.08114022960196e-147,44,"CYP24A1"
"2241",7.38350399862145e-149,2.80963603056007,0.955,0.274,2.70243629853544e-144,44,"PDZD2"
"2242",5.93070948898972e-148,2.74496869901826,0.734,0.13,2.17069898006513e-143,44,"TRHDE"
"2243",1.28496173644749e-146,2.65921740086469,0.884,0.211,4.70308845157145e-142,44,"CBLN4"
"2244",1.83777701664078e-146,2.46541271113746,0.598,0.083,6.7264476586069e-142,44,"LINC00616"
"2245",1.09454011916091e-145,3.50396716238346,0.417,0.043,4.00612629014086e-141,44,"COL6A5"
"2246",7.13232529293238e-145,2.91398859087998,0.744,0.142,2.61050238046618e-140,44,"PRSS23"
"2247",2.39544493648541e-142,3.022708390117,1,0.456,8.76756801203023e-138,44,"SEZ6L"
"2248",7.89615469253138e-142,4.36274583276177,0.261,0.018,2.89007157901341e-137,44,"ABCB4"
"2249",5.59517363804408e-137,2.81873551818455,0.759,0.157,2.04788950326051e-132,44,"ADAM19"
"2250",1.60059418390008e-134,4.55438195288739,0.211,0.012,5.85833477249268e-130,44,"AL109829.1"
"2251",0,6.6132106671107,0.772,0.029,0,45,"IFITM3"
"2252",0,7.30481414994426,0.751,0.032,0,45,"COBLL1"
"2253",0,7.80750748644539,0.71,0.015,0,45,"EPAS1"
"2254",0,6.34811725004288,0.741,0.06,0,45,"IGFBP7"
"2255",0,7.69190475454372,0.731,0.052,0,45,"RGS5"
"2256",0,6.18736369045675,0.72,0.066,0,45,"A2M"
"2257",0,5.26614192948337,0.689,0.042,0,45,"VIM"
"2258",0,6.19606903760824,0.679,0.039,0,45,"IFI27"
"2259",0,7.69661654272372,0.642,0.015,0,45,"CLDN5"
"2260",0,5.49606163367518,0.637,0.046,0,45,"ATP1A2"
"2261",0,8.24635730647898,0.565,0.006,0,45,"GNG11"
"2262",0,5.90277299583799,0.58,0.022,0,45,"ID3"
"2263",0,8.01273980232105,0.57,0.013,0,45,"ABCG2"
"2264",0,6.37847762271337,0.575,0.019,0,45,"HLA-E"
"2265",0,9.15595986050313,0.56,0.013,0,45,"FLT1"
"2266",0,6.96293838857512,0.575,0.029,0,45,"DCN"
"2267",0,6.63354334745204,0.554,0.024,0,45,"ID1"
"2268",0,6.80603404765613,0.549,0.028,0,45,"ADIRF"
"2269",0,7.58945299994895,0.518,0.007,0,45,"BST2"
"2270",0,6.86580789570415,0.518,0.023,0,45,"RAMP2"
"2271",0,7.6256720151523,0.497,0.008,0,45,"IFITM2"
"2272",0,7.24045530610368,0.497,0.021,0,45,"NDUFA4L2"
"2273",0,8.32337140638966,0.477,0.005,0,45,"ADGRF5"
"2274",0,8.60661017988969,0.466,0.005,0,45,"HIGD1B"
"2275",0,6.98623304805645,0.472,0.018,0,45,"KLF2"
"2276",0,5.15787271348295,0.466,0.016,0,45,"SRGN"
"2277",0,7.67503633900401,0.451,0.009,0,45,"MUSTN1"
"2278",0,6.89628206658438,0.456,0.019,0,45,"MECOM"
"2279",0,5.74559403133472,0.446,0.013,0,45,"IFI44L"
"2280",0,8.03769234934992,0.44,0.007,0,45,"VWF"
"2281",0,5.97447772742139,0.44,0.015,0,45,"S100A11"
"2282",0,7.08967860116785,0.43,0.013,0,45,"MYL9"
"2283",0,8.55212095210861,0.383,0.004,0,45,"CAVIN2"
"2284",0,6.42282010919747,0.363,0.014,0,45,"EMP2"
"2285",0,6.37591215807689,0.352,0.01,0,45,"XAF1"
"2286",0,8.1024802008093,0.347,0.006,0,45,"CFH"
"2287",0,7.13688656446578,0.347,0.008,0,45,"PLAC9"
"2288",0,7.92332814968661,0.342,0.004,0,45,"TM4SF1"
"2289",0,8.224478692669,0.332,0.003,0,45,"ICAM2"
"2290",0,8.00928782090052,0.332,0.007,0,45,"NOTCH3"
"2291",0,7.73936300014986,0.332,0.007,0,45,"SOX18"
"2292",0,7.95858178767445,0.321,0.004,0,45,"COL1A2"
"2293",0,7.05308912175851,0.301,0.006,0,45,"BGN"
"2294",0,8.81435471322611,0.295,0.004,0,45,"FOXQ1"
"2295",0,7.16259668130626,0.29,0.003,0,45,"TNFSF10"
"2296",0,6.71096115946974,0.29,0.01,0,45,"MGP"
"2297",0,6.75957027861755,0.285,0.008,0,45,"ENG"
"2298",0,6.75101011230158,0.285,0.01,0,45,"PRELP"
"2299",0,8.2591957208054,0.275,0.003,0,45,"TGM2"
"2300",0,7.67020847723784,0.259,0.004,0,45,"GGT5"
"2301",1.01025310556605e-187,4.77445741744924,0.524,0.055,3.69762739168229e-183,46,"AC104170.1"
"2302",1.0429532837309e-174,4.21612815218218,1,0.323,3.81731331378346e-170,46,"AC008415.1"
"2303",3.71372403840924e-168,3.83050775914888,0.974,0.28,1.35926013529817e-163,46,"GPR149"
"2304",2.32881866143642e-161,4.26010867958586,1,0.377,8.52370918272344e-157,46,"AC109466.1"
"2305",3.91448541928638e-150,4.3219470065203,0.555,0.076,1.43274080831301e-145,46,"AC114321.1"
"2306",2.44048401771791e-149,3.99094586069054,0.874,0.23,8.93241555324932e-145,46,"KCNIP1"
"2307",5.73253733278542e-144,4.10895953931326,0.78,0.174,2.09816598917279e-139,46,"LHFPL2"
"2308",2.11078883681951e-131,3.40885667286448,0.916,0.3,7.7256982216431e-127,46,"SHROOM3"
"2309",1.48563564645371e-127,3.16716511022252,0.869,0.253,5.43757502958523e-123,46,"AC132153.1"
"2310",1.87910195646423e-119,3.15154740683037,1,0.697,6.87770107085473e-115,46,"EPHA6"
"2311",7.23040342060079e-119,2.99814227025783,0.979,0.438,2.6463999559741e-114,46,"OPRM1"
"2312",1.11354646442847e-116,2.99758350039038,0.969,0.412,4.07569141445463e-112,46,"PDZRN4"
"2313",8.00436187074043e-116,4.10727221943643,0.403,0.05,2.9296764883097e-111,46,"MEGF6"
"2314",7.19860889201938e-113,2.51065364105346,1,0.861,2.63476284056801e-108,46,"GRID2"
"2315",4.29946453875844e-111,2.59110295987468,0.984,0.433,1.57364701583098e-106,46,"NWD2"
"2316",5.42022427168236e-109,2.69821860578491,0.953,0.432,1.98385628567846e-104,46,"PLD5"
"2317",8.15453841427578e-107,3.1205425587203,0.979,0.52,2.98464260500908e-102,46,"ASIC2"
"2318",5.46112918015052e-106,2.44779373001998,1,0.684,1.99882789122689e-101,46,"DPP10"
"2319",2.72272427578446e-105,2.99754454679448,0.853,0.285,9.9654431217987e-101,46,"MCC"
"2320",1.80419619966439e-102,2.33117285303881,0.995,0.682,6.60353851039163e-98,46,"MTUS2"
"2321",3.90702321680817e-102,2.65400599666997,0.963,0.507,1.43000956758396e-97,46,"SEMA6D"
"2322",5.0148822993615e-102,2.94564135588443,0.948,0.564,1.8354970703893e-97,46,"LCORL"
"2323",1.95604997513001e-100,2.33950242245117,0.99,0.629,7.15933851397334e-96,46,"PCSK2"
"2324",1.82917054596114e-98,3.62505771974901,0.487,0.084,6.69494711527236e-94,46,"LINC00616"
"2325",1.46698592208885e-95,2.35068809594138,0.963,0.559,5.36931517343739e-91,46,"SGCD"
"2326",2.06625538385192e-95,3.77315755384141,0.503,0.093,7.56270133043643e-91,46,"AC008574.1"
"2327",3.27580294447968e-94,2.29659586733003,0.99,0.621,1.19897663570901e-89,46,"GPC6"
"2328",4.0576046582111e-91,2.3579950853937,0.963,0.642,1.48512388095184e-86,46,"PARD3"
"2329",8.25597535009847e-89,1.82274978739557,0.995,0.852,3.02176953788954e-84,46,"CADM1"
"2330",1.48390816311844e-88,3.30273426646546,0.513,0.101,5.43125226782979e-84,46,"LINC02143"
"2331",2.93804504817798e-87,1.84465998410028,1,0.845,1.07535386808362e-82,46,"NCAM2"
"2332",9.21523105191861e-87,1.95628304025183,0.979,0.779,3.37286671731273e-82,46,"CDK14"
"2333",1.13357847400251e-86,2.03345055827325,0.99,0.669,4.14901057269659e-82,46,"MSI2"
"2334",3.57488227395081e-86,1.95451213748797,1,0.705,1.30844266108874e-81,46,"TRPM3"
"2335",3.88650897484346e-83,2.31435234474088,0.948,0.584,1.42250114988246e-78,46,"RGS6"
"2336",1.0272830439516e-82,1.80202813647049,1,0.754,3.75995866916724e-78,46,"TENM2"
"2337",6.62819700940671e-82,1.95544889794862,0.99,0.697,2.42598638741295e-77,46,"KCTD8"
"2338",8.8484828551985e-82,2.31492440129757,0.921,0.47,3.2386332098312e-77,46,"DACH1"
"2339",1.80931009712097e-80,2.20525871553562,0.969,0.689,6.62225588647247e-76,46,"CNNM2"
"2340",3.26540667722562e-80,1.77155173226116,0.995,0.839,1.19517149793135e-75,46,"NKAIN2"
"2341",1.12395703989731e-78,1.95456160521321,0.963,0.735,4.11379516172814e-74,46,"GABBR2"
"2342",1.80132095090084e-78,2.16263374627687,0.942,0.593,6.59301481239218e-74,46,"VAV3"
"2343",5.68810006126427e-78,1.82457337745204,0.979,0.712,2.08190150342333e-73,46,"CACNA1E"
"2344",2.73265373609958e-76,1.81314276324898,0.942,0.405,1.00017859394981e-71,46,"CADPS2"
"2345",3.92657625444007e-74,1.80924719453234,0.785,0.266,1.43716617488761e-69,46,"SOX6"
"2346",4.23155468245893e-74,2.62035440434794,0.853,0.429,1.54879132932679e-69,46,"SLC35F3"
"2347",1.40769364836991e-73,2.96105154873246,0.644,0.198,5.1522995223987e-69,46,"CHRNB3"
"2348",3.86639680367314e-72,2.72709635236029,0.822,0.408,1.4151398941124e-67,46,"MCTP1"
"2349",9.36181260313149e-72,2.50985006581375,0.848,0.452,3.42651703087215e-67,46,"TTC39C"
"2350",1.8592658812243e-71,2.88745554199532,0.77,0.35,6.80509905186905e-67,46,"PTPDC1"
"2351",6.353820563915e-186,4.3909137074999,0.674,0.087,2.32556186459853e-181,47,"RNASE1"
"2352",3.89362822771511e-177,4.04365018251868,0.874,0.166,1.42510686762601e-172,47,"TF"
"2353",2.07488287639893e-153,3.53728919890247,0.949,0.235,7.59427881590772e-149,47,"PLP1"
"2354",7.22556553388122e-146,4.22858483258246,0.571,0.077,2.64462924105587e-141,47,"MAG"
"2355",5.02177864862392e-140,2.62514908344284,0.771,0.133,1.83802120318284e-135,47,"ST18"
"2356",6.17954529678539e-135,4.02957962398388,0.566,0.081,2.26177537407642e-130,47,"CNDP1"
"2357",1.22729003859019e-134,4.3865922919977,0.503,0.064,4.49200427024397e-130,47,"NKX6-2"
"2358",4.26308027970948e-131,3.9762240729954,0.629,0.105,1.56033001317647e-126,47,"APOD"
"2359",3.03448367336547e-125,3.99383828117749,0.926,0.308,1.11065136928849e-120,47,"PTGDS"
"2360",5.84275755225056e-118,3.38469609601334,0.634,0.113,2.13850769169923e-113,47,"ANLN"
"2361",3.01105701995048e-116,3.42087183310771,0.749,0.169,1.10207697987207e-111,47,"TMEM144"
"2362",1.32208878055656e-115,4.42647377200478,0.423,0.052,4.83897714571505e-111,47,"KLK6"
"2363",1.5598743985885e-114,4.54482701396796,0.44,0.057,5.70929628627378e-110,47,"MYRF"
"2364",1.88321000217802e-113,2.90504118913212,0.657,0.12,6.89273692897178e-109,47,"MOBP"
"2365",3.77490970847332e-113,3.98591701373168,0.783,0.212,1.38165470239832e-108,47,"CNP"
"2366",1.90482319350507e-112,4.46831678766202,0.463,0.064,6.97184337054791e-108,47,"HAPLN2"
"2367",1.62564313644007e-111,3.67392827832694,0.594,0.106,5.9500164436843e-107,47,"PPP1R14A"
"2368",1.81151305239272e-106,4.32459424746519,0.6,0.118,6.63031892306258e-102,47,"CDK18"
"2369",6.6339462536205e-99,3.30174120539279,0.577,0.109,2.42809066828764e-94,47,"SELENOP"
"2370",5.59702117632237e-98,4.32657742817642,0.4,0.054,2.04856572074575e-93,47,"CMTM5"
"2371",2.7052018094543e-97,3.64193782227708,0.491,0.08,9.90130914278367e-93,47,"ERMN"
"2372",3.29180532681145e-97,3.69031233246942,0.823,0.278,1.20483366766626e-92,47,"CRYAB"
"2373",5.35867584617331e-97,3.78446568713248,0.76,0.224,1.96132894645789e-92,47,"SCD"
"2374",8.64873150129491e-97,3.812098985462,0.554,0.106,3.16552221678895e-92,47,"CLDN11"
"2375",9.72408522015616e-91,3.49148686232889,0.909,0.454,3.55911243142936e-86,47,"MBP"
"2376",1.07902485708449e-89,4.23736608046741,0.417,0.063,3.94933887941495e-85,47,"CARNS1"
"2377",9.10912406670583e-87,-3.59813188834493,0.206,0.936,3.334030499655e-82,47,"NRXN1"
"2378",2.94819347705925e-83,-3.88955905897599,0.131,0.91,1.07906829453846e-78,47,"NRG3"
"2379",3.15650577098241e-81,-2.70596929218583,0.417,0.957,1.15531267723727e-76,47,"SNHG14"
"2380",7.69388857130757e-80,-3.76584006033999,0.149,0.897,2.81604015598428e-75,47,"FAM155A"
"2381",1.61125232259362e-78,3.46523296102023,0.674,0.201,5.8973446259249e-74,47,"SPP1"
"2382",1.84396228516079e-77,3.88177112991545,0.429,0.075,6.74908635991702e-73,47,"OLIG1"
"2383",3.69805863587354e-77,3.86324776116783,0.463,0.089,1.35352644131607e-72,47,"HSPA2"
"2384",7.80909213336144e-77,-4.10017738264651,0.08,0.868,2.85820581173162e-72,47,"RALYL"
"2385",1.74276466308472e-76,-4.30886344904596,0.08,0.862,6.37869294335637e-72,47,"CCSER1"
"2386",1.82941155609134e-76,3.58847925494408,0.434,0.077,6.69582923644992e-72,47,"SLC5A11"
"2387",4.02775328379271e-76,-3.8685617216885,0.097,0.865,1.47419797940097e-71,47,"RIMS2"
"2388",1.24478118025219e-74,2.68103192234256,0.543,0.116,4.55602359784105e-70,47,"AC012494.1"
"2389",1.91852589464032e-74,4.04311890401814,0.349,0.052,7.02199662697302e-70,47,"TTYH2"
"2390",4.87364807290963e-74,3.73300973211175,0.48,0.099,1.78380393116565e-69,47,"PMP22"
"2391",3.08563725011956e-73,-4.1192067628758,0.069,0.844,1.12937408991626e-68,47,"DSCAM"
"2392",4.81663712646701e-71,2.85548747010988,0.554,0.131,1.76293735465819e-66,47,"UGT8"
"2393",5.79531550088653e-71,2.29193985861209,0.931,0.552,2.12114342647948e-66,47,"QKI"
"2394",1.91285275796938e-70,-3.13182556575283,0.126,0.876,7.00123237944373e-66,47,"FGF14"
"2395",4.02709272701501e-70,-3.07197502476517,0.131,0.873,1.47395620901476e-65,47,"MAP2"
"2396",4.41442346953551e-70,-4.56733080898458,0.046,0.801,1.61572313408469e-65,47,"KCNMA1"
"2397",1.32890762142305e-68,-3.8407845434241,0.091,0.838,4.86393478517052e-64,47,"KCND2"
"2398",1.40529735434025e-68,3.67750614692546,0.394,0.07,5.14352884662074e-64,47,"MOG"
"2399",2.50130583594424e-68,4.46240449574964,0.246,0.028,9.1550294901395e-64,47,"TMEM125"
"2400",6.20785571588731e-67,-3.11236016938848,0.257,0.895,2.27213727057191e-62,47,"ROBO1"
"2401",3.19674346306663e-168,2.73396767348333,0.574,0.051,1.17004007491702e-163,48,"GAL"
"2402",1.27965579643893e-151,3.54303010503582,0.404,0.028,4.68366818054613e-147,48,"DMRTA1"
"2403",4.1673167573586e-143,3.16132963726672,0.489,0.043,1.52527960636082e-138,48,"COL6A5"
"2404",6.18912137233464e-141,1.62234261601959,0.936,0.138,2.2652803134882e-136,48,"KIT"
"2405",2.03338744152241e-138,2.81299150250377,0.369,0.026,7.44240137471616e-134,48,"FZD5"
"2406",3.33146635964099e-132,3.07903271354251,0.759,0.113,1.2193500022922e-127,48,"CTXN3"
"2407",8.54993205675626e-129,3.43606612120175,0.298,0.018,3.12936063209336e-124,48,"SMILR"
"2408",2.96970979749698e-123,3.14073806601047,0.489,0.05,1.08694348298187e-118,48,"LINC01239"
"2409",5.62341292224121e-121,0.844278142732394,0.965,0.157,2.05822536366951e-116,48,"OTX2-AS1"
"2410",1.31314995907313e-114,3.55233656733086,0.312,0.022,4.80626016520356e-110,48,"TMEM100"
"2411",4.44714383498497e-114,3.13087609527191,0.518,0.06,1.62769911504285e-109,48,"GPR83"
"2412",2.56151474607256e-108,2.69292700881225,0.674,0.104,9.37540012210019e-104,48,"ITGA8"
"2413",6.32292989696889e-103,1.65427054227117,0.511,0.06,2.31425557158958e-98,48,"CPLX3"
"2414",2.44877584975695e-99,2.93230390663795,0.489,0.06,8.96276448769543e-95,48,"MATN3"
"2415",5.45055878251183e-99,2.91809096743835,0.489,0.061,1.99495901998715e-94,48,"LINC01151"
"2416",3.42296833020039e-96,3.57962441719254,0.248,0.017,1.25284063853664e-91,48,"CLEC3A"
"2417",2.69020173152914e-92,1.25416985452773,0.858,0.16,9.84640735756982e-88,48,"GAD1"
"2418",6.14210744397817e-91,2.72874113072217,0.362,0.036,2.24807274557045e-86,48,"AC037486.1"
"2419",1.60751491391912e-90,2.14567686506115,0.574,0.085,5.88366533643536e-86,48,"AC019211.1"
"2420",2.04859164675473e-90,2.28960047617727,0.83,0.184,7.49805028628699e-86,48,"RGS16"
"2421",8.38891649164893e-90,3.51361392373933,0.177,0.009,3.07042732510843e-85,48,"TCIM"
"2422",7.00654500524106e-89,3.37630885619957,0.241,0.017,2.56446553736828e-84,48,"CYP24A1"
"2423",2.67075007529479e-85,0.960200986105707,0.816,0.149,9.77521235058645e-81,48,"RORB"
"2424",1.5102189025868e-84,1.79209471820389,0.383,0.042,5.52755220535794e-80,48,"SOX14"
"2425",8.11182411296644e-83,3.02322948533589,0.248,0.019,2.96900874358685e-78,48,"CACNA2D3-AS1"
"2426",1.46931857745534e-82,2.33793380797403,0.496,0.072,5.3778529253443e-78,48,"ITIH5"
"2427",3.83667022439843e-79,2.14802649833303,0.34,0.036,1.40425966883207e-74,48,"FAM114A1"
"2428",3.26122547988913e-78,2.30558871566076,0.262,0.022,1.19364113789422e-73,48,"ZNF467"
"2429",5.02044441940303e-78,0.663634536364112,0.816,0.153,1.8375328619457e-73,48,"GAD2"
"2430",1.03524678981054e-76,0.654782340237354,0.887,0.177,3.78910677538557e-72,48,"MEIS2"
"2431",1.63329418276369e-76,2.06837243485807,0.369,0.043,5.9780200383334e-72,48,"FGL2"
"2432",5.71462410599619e-76,2.44400234385876,0.66,0.133,2.09160956903566e-71,48,"PVALB"
"2433",7.34673467454437e-76,2.31464401524404,0.681,0.143,2.68897835822998e-71,48,"PRSS23"
"2434",7.64111200735224e-76,1.56327031997758,0.504,0.075,2.79672340581099e-71,48,"SHISA8"
"2435",1.28948910553827e-75,2.84009272946467,0.787,0.212,4.71965907518063e-71,48,"CBLN4"
"2436",4.56410857936239e-74,1.41861266710853,0.844,0.203,1.67050938113243e-69,48,"NR2F2"
"2437",1.28991218443454e-73,2.0932576589174,0.773,0.182,4.72120758624885e-69,48,"RAB3B"
"2438",1.36349484743627e-73,2.02782746120078,0.681,0.139,4.9905274911015e-69,48,"LMO1"
"2439",1.86912272264105e-72,1.29908525021878,0.596,0.105,6.8411760771385e-68,48,"SLC7A11"
"2440",6.65861437296142e-72,2.80415941312468,0.319,0.036,2.43711944664761e-67,48,"AL159156.1"
"2441",6.78571451896624e-72,1.9220037306622,0.553,0.096,2.48363937108683e-67,48,"S100A10"
"2442",1.10857816670455e-71,2.42126300320368,0.397,0.053,4.05750694795531e-67,48,"LRTM1"
"2443",1.53716896504587e-71,1.0888409572512,0.645,0.116,5.6261921289644e-67,48,"OTX2"
"2444",1.54775870444207e-71,2.72692552021576,0.44,0.066,5.6649516341284e-67,48,"BTNL9"
"2445",6.10504984414799e-71,2.85247602063595,0.369,0.047,2.23450929345661e-66,48,"INHBA"
"2446",1.1282138860809e-70,2.62845765867167,0.504,0.086,4.1293756444447e-66,48,"TPBG"
"2447",2.38651834620962e-70,1.78394904817007,0.752,0.17,8.73489579896182e-66,48,"CPNE7"
"2448",3.11983958489795e-70,1.76555133532332,0.674,0.138,1.1418924864685e-65,48,"CPNE6"
"2449",2.39001560798581e-69,2.01843677018065,0.454,0.068,8.74769612678885e-65,48,"AC067956.1"
"2450",8.54783202939e-69,2.20057828030379,0.915,0.322,3.12859200107703e-64,48,"RIMS3"
"2451",5.26951511035009e-41,1.15403202496765,1,1,1.92869522553924e-36,49,"MALAT1"
"2452",1.94643061727851e-37,1.70443536070174,0.926,0.829,7.12413070230106e-33,49,"NOVA1"
"2453",4.74224194868771e-30,-2.03821476235199,0.314,0.859,1.73570797563919e-25,49,"HSP90AA1"
"2454",1.05179240561934e-26,-2.67120391861014,0.124,0.672,3.84966538380736e-22,49,"MSI2"
"2455",2.34438516734e-25,-2.7276411276333,0.107,0.647,8.58068415098112e-21,49,"CPNE4"
"2456",6.37909438643708e-25,-3.61234825984906,0.074,0.596,2.33481233637984e-20,49,"VAV3"
"2457",1.03381884844846e-24,-2.35546903624522,0.074,0.627,3.78388036720621e-20,49,"SCOC"
"2458",1.09823696415774e-24,-2.06582204208823,0.107,0.662,4.01965711251374e-20,49,"STMN1"
"2459",8.02585704926782e-24,-1.80665372488266,0.215,0.755,2.93754393860251e-19,49,"PEBP1"
"2460",2.30232449561491e-23,-1.97801490690965,0.256,0.773,8.42673788640012e-19,49,"GAPDH"
"2461",3.67083630224462e-23,-2.34510119879148,0.058,0.585,1.34356279498455e-18,49,"DDAH1"
"2462",1.1778199308537e-22,-2.32298511236061,0.132,0.665,4.31093872891761e-18,49,"GABBR1"
"2463",1.25330998246909e-22,-2.42821075750008,0.074,0.585,4.58723986683513e-18,49,"SNCA"
"2464",1.75691868787574e-21,-2.2360697073693,0.058,0.559,6.43049808949401e-17,49,"SERPINI1"
"2465",2.66793508461248e-21,-2.21903017234138,0.19,0.69,9.76490920319014e-17,49,"TUBA1A"
"2466",2.683359410131e-21,-1.79879901037056,0.165,0.675,9.82136377702046e-17,49,"TCF7L2"
"2467",1.00008336503505e-20,-2.34584339155986,0.066,0.555,3.66040512436477e-16,49,"HINT1"
"2468",1.06912934855146e-20,-4.52135333348865,0.017,0.471,3.9131203286332e-16,49,"GUCY1A1"
"2469",1.22154766783407e-20,-1.44808545628777,0.198,0.73,4.47098661903948e-16,49,"ITM2B"
"2470",1.71671454135819e-20,-2.11403452682619,0.083,0.574,6.28334689282511e-16,49,"HSPA8"
"2471",1.96447249234056e-20,-1.63251107601465,0.041,0.521,7.19016576921568e-16,49,"RAB14"
"2472",2.15982559723504e-20,-1.30833746285373,0.116,0.649,7.90517766843996e-16,49,"RNF130"
"2473",2.35133052383316e-20,-3.02447135675906,0.074,0.55,8.60610485028176e-16,49,"TSPAN13"
"2474",3.6843683643346e-20,-1.63618669970499,0.165,0.68,1.34851566503011e-15,49,"ASTN2"
"2475",4.42294705667215e-20,-1.1528694395324,0.19,0.764,1.61884285221257e-15,49,"KANSL1"
"2476",4.43488045518709e-20,-0.901437373915392,0.083,0.593,1.62321059540303e-15,49,"DHX36"
"2477",6.21633635089143e-20,-2.98449206168261,0.041,0.505,2.27524126778977e-15,49,"SLAIN1"
"2478",1.12282986628484e-19,-3.31453528707955,0.017,0.461,4.10966959358916e-15,49,"MT-ND4L"
"2479",1.86901784103996e-19,-2.81551420804123,0.091,0.55,6.84079219999037e-15,49,"PCP4"
"2480",2.07035158289942e-19,-1.53209372167038,0.207,0.737,7.57769382857016e-15,49,"GABBR2"
"2481",2.13674166392673e-19,-3.22117106644198,0.033,0.482,7.82068816413821e-15,49,"MTRNR2L12"
"2482",2.67415245859727e-19,-2.6593507177102,0.05,0.507,9.78766541371187e-15,49,"NDUFC2"
"2483",3.12711171986983e-19,-1.83075450034501,0.091,0.58,1.14455416058956e-14,49,"TPT1"
"2484",3.47200964617648e-19,-2.43267621560242,0.256,0.684,1.27079025059705e-14,49,"MTUS2"
"2485",4.55095855232988e-19,-1.24244839448403,0.207,0.739,1.66569633973826e-14,49,"RCAN2"
"2486",5.29035208661775e-19,-1.83573218205258,0.124,0.614,1.93632176722296e-14,49,"RPL13A"
"2487",5.69327064294136e-19,-0.695706059277279,0.132,0.658,2.08379398802297e-14,49,"SHANK2"
"2488",6.02012002718081e-19,-6.79661145309013,0,0.419,2.20342413114845e-14,49,"AC119673.2"
"2489",6.66925068380055e-19,-1.66026160414407,0.116,0.603,2.44101244277784e-14,49,"H3F3A"
"2490",6.75847230917054e-19,-1.37281361094528,0.132,0.641,2.47366844987951e-14,49,"AL049828.1"
"2491",8.03769628855915e-19,-1.47108024099635,0.107,0.612,2.94187721857553e-14,49,"NFASC"
"2492",1.01640950288098e-18,-1.46480323612266,0.281,0.781,3.72016042149466e-14,49,"CDK14"
"2493",1.15764481085775e-18,-2.28115269767005,0.091,0.553,4.23709577222045e-14,49,"COX6A1"
"2494",1.24757431295746e-18,-1.43482299906707,0.066,0.536,4.5662467428556e-14,49,"BNIP3L"
"2495",1.36293797122161e-18,1.26005199200826,0.884,0.755,4.98848926846823e-14,49,"TENM2"
"2496",1.85904623277738e-18,-1.34539518335379,0.165,0.689,6.8042951165885e-14,49,"SHTN1"
"2497",1.88954464406985e-18,-1.38633189789381,0.124,0.625,6.91592235176008e-14,49,"YWHAQ"
"2498",1.93777964913919e-18,1.07185241468475,0.876,0.855,7.09246729381435e-14,49,"AHI1"
"2499",1.94689160112168e-18,-0.81753207755756,0.099,0.599,7.12581794926546e-14,49,"HOOK3"
"2500",1.95682865845911e-18,-1.7517939656997,0.207,0.684,7.16218857282619e-14,49,"TMTC2"
"2501",0,6.42571730849514,0.99,0.033,0,50,"DNAH11"
"2502",0,6.05659822756732,0.981,0.048,0,50,"ARMC3"
"2503",0,6.54883434576343,0.962,0.03,0,50,"ADGB"
"2504",0,6.64978506863398,0.952,0.024,0,50,"AC020718.1"
"2505",0,6.79994491480147,0.942,0.029,0,50,"AC019330.1"
"2506",0,6.76367894884776,0.942,0.032,0,50,"DTHD1"
"2507",0,5.83058729578716,0.913,0.044,0,50,"TTC29"
"2508",0,5.54270145509181,0.913,0.055,0,50,"SERPINI2"
"2509",0,6.0726807431193,0.856,0.032,0,50,"LMNTD1"
"2510",0,5.56581851443562,0.846,0.028,0,50,"CFAP157"
"2511",0,5.80691450781667,0.837,0.04,0,50,"ARMC4"
"2512",0,6.48501481867409,0.798,0.039,0,50,"AC004949.1"
"2513",0,6.00973342239202,0.779,0.025,0,50,"VWA3B"
"2514",0,6.0207488660182,0.76,0.033,0,50,"C6orf118"
"2515",0,4.16456974020354,0.76,0.036,0,50,"PTPRC"
"2516",0,6.60896538053755,0.731,0.013,0,50,"AC013470.2"
"2517",0,5.60167079011392,0.712,0.026,0,50,"MAP3K19"
"2518",0,6.0200730095594,0.702,0.024,0,50,"FAM81B"
"2519",0,5.90808626694633,0.692,0.027,0,50,"COL8A1"
"2520",0,5.51589442529858,0.683,0.022,0,50,"CFAP73"
"2521",0,5.98059277417149,0.663,0.019,0,50,"RASSF9"
"2522",0,4.91075032817718,0.663,0.027,0,50,"ANXA1"
"2523",0,5.96812960457753,0.644,0.022,0,50,"MYLK3"
"2524",0,5.41752808808895,0.644,0.022,0,50,"TEKT1"
"2525",0,6.3543027846692,0.606,0.013,0,50,"CROCC2"
"2526",0,5.23790930947044,0.587,0.015,0,50,"FOXJ1"
"2527",0,5.207056628249,0.587,0.022,0,50,"ABCC9"
"2528",0,6.48080175909835,0.548,0.009,0,50,"AC093689.1"
"2529",0,5.10043330331126,0.548,0.02,0,50,"SLC47A2"
"2530",0,5.68468194936221,0.529,0.015,0,50,"C7orf57"
"2531",0,6.42711748858163,0.5,0.012,0,50,"ENPEP"
"2532",0,5.42179175619635,0.5,0.016,0,50,"EXPH5"
"2533",0,6.10360409311208,0.462,0.009,0,50,"FAM216B"
"2534",0,6.66769116328601,0.442,0.009,0,50,"COL4A6"
"2535",0,5.98887298538133,0.433,0.012,0,50,"LINC00880"
"2536",0,5.97318795784815,0.423,0.01,0,50,"CFAP45"
"2537",0,6.09862806376979,0.423,0.011,0,50,"CCDC114"
"2538",0,5.7668277549206,0.413,0.011,0,50,"DNAI2"
"2539",0,6.67283426559066,0.375,0.006,0,50,"AC004879.1"
"2540",0,6.06993081056051,0.356,0.007,0,50,"AL645937.2"
"2541",0,6.78023042217194,0.308,0.004,0,50,"AC097713.1"
"2542",0,7.01548178904806,0.279,0.005,0,50,"OR14J1"
"2543",0,6.71936977795844,0.25,0.004,0,50,"OR2J2"
"2544",6.93217727177261e-303,6.01971837938295,0.942,0.068,2.53724620324149e-298,50,"DNAH12"
"2545",2.70163449352715e-301,5.77912344856794,0.49,0.017,9.8882524097587e-297,50,"AC063979.2"
"2546",3.56518043453771e-296,4.91899980370698,0.942,0.067,1.30489169084515e-291,50,"GRAMD2B"
"2547",4.81592184494826e-296,5.53791957970928,0.654,0.031,1.76267555446951e-291,50,"SPATA18"
"2548",2.85069872041908e-291,5.65939900891017,0.683,0.035,1.04338423866059e-286,50,"FHAD1"
"2549",1.17161690422387e-290,5.52678056433118,0.798,0.048,4.28823503114979e-286,50,"WDR63"
"2550",2.47659730650127e-286,5.6242813994935,0.981,0.078,9.06459380152529e-282,50,"WDR49"
"2551",7.03850792479261e-205,3.28911953542611,0.923,0.063,2.57616428555334e-200,51,"SLC7A2"
"2552",1.5599954003973e-194,3.46309084479698,0.962,0.073,5.70973916499417e-190,51,"CASQ2"
"2553",9.21712955271902e-158,3.41702490346132,0.808,0.063,3.37356158759069e-153,51,"ITGA4"
"2554",5.36946235400319e-148,3.00316195185968,0.897,0.081,1.96527691618871e-143,51,"ABHD12B"
"2555",6.17105202806344e-146,3.07195792898844,0.782,0.062,2.2586667527915e-141,51,"PHLDB2"
"2556",9.85358438867996e-137,2.95486295963706,0.718,0.055,3.60651042210075e-132,51,"GABRD"
"2557",4.00081920717461e-130,2.73131312632728,0.897,0.092,1.46433983801798e-125,51,"ATP10A"
"2558",1.19374548732927e-126,3.23025939142117,0.538,0.034,4.36922785817387e-122,51,"LINC00200"
"2559",2.43078369549539e-125,2.84039347876647,0.821,0.077,8.89691140388269e-121,51,"VANGL1"
"2560",4.99791148389397e-122,2.76412983630059,0.782,0.072,1.82928558222003e-117,51,"HS3ST1"
"2561",3.17405441343064e-121,2.43487919643002,0.846,0.084,1.16173565585975e-116,51,"CYP2J2"
"2562",7.89423391003961e-121,3.07160740800935,0.846,0.088,2.8893685534136e-116,51,"ADGRG6"
"2563",4.44803653165827e-120,2.84291238049851,0.974,0.118,1.62802585095224e-115,51,"AC016766.1"
"2564",9.92811911445301e-119,2.98694747215467,0.654,0.052,3.63379087708095e-114,51,"TRABD2A"
"2565",3.46618684893639e-117,2.83121180573089,0.897,0.1,1.26865904857921e-112,51,"MIR31HG"
"2566",8.42874873717653e-117,2.78715406764815,0.603,0.046,3.08500632529398e-112,51,"SPATA22"
"2567",4.88431148260118e-116,2.92953217172706,0.744,0.069,1.78770684574686e-111,51,"FAM20A"
"2568",1.58585370342782e-113,2.54007947479555,0.91,0.104,5.80438313991616e-109,51,"COL4A4"
"2569",2.95412132278201e-113,3.97078185158314,0.372,0.019,1.08123794535144e-108,51,"SYCP1"
"2570",3.02828821677436e-111,2.76105219948486,0.526,0.037,1.10838377022158e-106,51,"AC006230.1"
"2571",2.24845146922746e-109,2.85669159051812,0.641,0.054,8.22955722251943e-105,51,"FAM163A"
"2572",2.27478363412254e-107,2.66405304524791,0.872,0.101,8.32593557925191e-103,51,"MIR222HG"
"2573",6.84114634784749e-106,2.61752949856416,1,0.137,2.50392797477566e-101,51,"CCBE1"
"2574",1.43818886998386e-105,2.5687208701882,0.821,0.093,5.26391508302791e-101,51,"BCHE"
"2575",4.21701749196625e-105,2.53919330522963,0.91,0.113,1.54347057223457e-100,51,"MRVI1"
"2576",1.73044152358346e-104,2.93173519962793,0.705,0.069,6.33358902046781e-100,51,"PLEKHD1"
"2577",4.52588289204146e-103,2.81624022523277,0.692,0.067,1.6565183973161e-98,51,"AC002383.1"
"2578",2.23054274476939e-102,2.65324047910905,0.897,0.115,8.16400950013044e-98,51,"CTSC"
"2579",5.6260619999163e-100,2.52270451937037,0.385,0.022,2.05919495258937e-95,51,"OLFML2B"
"2580",9.96960772666844e-100,2.93489298871551,0.538,0.042,3.64897612403792e-95,51,"ADGRD1"
"2581",2.69039523857815e-99,2.80506327748642,0.821,0.099,9.84711561271989e-95,51,"COL23A1"
"2582",5.69031621078419e-98,3.08349377010325,0.564,0.047,2.08271263630912e-93,51,"CCDC68"
"2583",8.49705520255644e-98,2.71304939259303,0.705,0.072,3.11000717468768e-93,51,"LINC01482"
"2584",5.20005377842115e-97,3.78811440518865,0.372,0.022,1.90327168343993e-92,51,"LINC02351"
"2585",8.79251371067044e-97,3.48551928225966,0.397,0.025,3.21814794324249e-92,51,"ADRA1D"
"2586",2.72152738650856e-96,2.65028810348781,0.859,0.111,9.96106238735999e-92,51,"RASSF3"
"2587",5.50451991338501e-96,1.93820959910108,0.962,0.133,2.01470933349805e-91,51,"PVALB"
"2588",9.00923428547526e-95,2.99713616278114,0.936,0.143,3.2974698408268e-90,51,"CD226"
"2589",3.88774516269097e-94,2.03423183893886,0.833,0.1,1.42295360699652e-89,51,"UACA"
"2590",4.14056190828358e-93,2.71137687166551,0.551,0.047,1.51548706405087e-88,51,"GJC1"
"2591",6.36839405212656e-93,2.53874483989007,1,0.159,2.33089590701884e-88,51,"IL1RAPL2"
"2592",1.73143201305457e-91,3.24375399785611,0.397,0.026,6.33721431098104e-87,51,"LINC02645"
"2593",5.40252339566407e-90,2.61383669753142,0.821,0.106,1.97737758804701e-85,51,"GDNF-AS1"
"2594",2.62048501718495e-89,2.27415934242509,0.692,0.075,9.59123721139862e-85,51,"CARD11"
"2595",2.19946044252619e-88,2.6363388078798,0.91,0.136,8.0502451656901e-84,51,"COL4A3"
"2596",3.59863667226321e-87,2.88446506440588,0.679,0.077,1.31713700841506e-82,51,"SMCO2"
"2597",8.86627396031126e-87,2.57042966773641,0.91,0.135,3.24514493221352e-82,51,"DPYS"
"2598",1.59407655545361e-85,1.90769086178857,0.808,0.104,5.83447960061576e-81,51,"AC008691.1"
"2599",5.60035663163988e-84,1.09826418675011,0.987,0.139,2.04978653074651e-79,51,"KIT"
"2600",1.48876583839945e-82,2.39765379755545,0.987,0.169,5.44903184512583e-78,51,"PTPN3"
"2601",3.74871209484259e-188,11.4139073651493,0.015,0,1.37206611383334e-183,52,"LINC02247"
"2602",3.74871209484259e-188,10.3302247068768,0.015,0,1.37206611383334e-183,52,"AC005551.1"
"2603",1.48207077665257e-111,2.51056894930638,0.862,0.08,5.42452724962608e-107,52,"ERMN"
"2604",1.61823923239846e-111,2.70989488660638,0.969,0.106,5.92291741450159e-107,52,"PPP1R14A"
"2605",1.97470508030689e-101,2.13552897422233,0.815,0.077,7.22761806443125e-97,52,"MAG"
"2606",1.50356475176672e-100,1.96908239244317,0.938,0.105,5.50319734794138e-96,52,"APOD"
"2607",6.81846929259101e-99,2.7917618857549,0.923,0.109,2.49562794578124e-94,52,"SELENOP"
"2608",1.65218170883273e-97,2.45666060118459,0.923,0.106,6.04715027249866e-93,52,"CLDN11"
"2609",1.57264518390003e-96,3.02611434580803,0.708,0.065,5.7560386375925e-92,52,"HAPLN2"
"2610",7.47755213137993e-95,9.54352321824391,0.015,0,2.73685885560637e-90,52,"TRAJ38"
"2611",2.30453780595945e-92,3.32307000861559,0.477,0.031,8.43483882359219e-88,52,"ENPP6"
"2612",2.13749478238625e-91,2.49786691173787,0.923,0.114,7.82344465301191e-87,52,"ANLN"
"2613",3.95395952693812e-89,2.25397960006973,0.692,0.064,1.44718872645462e-84,52,"NKX6-2"
"2614",5.41296943153056e-89,2.0443373496977,0.954,0.12,1.9812009416345e-84,52,"MOBP"
"2615",2.64960559928201e-88,3.27647138435702,0.769,0.087,9.69782145393208e-84,52,"MYLK"
"2616",7.02326827822885e-87,1.82402027227585,1,0.134,2.57058642251454e-82,52,"ST18"
"2617",4.09347712739088e-86,1.99756422022728,0.754,0.077,1.49825356339634e-81,52,"SLC5A11"
"2618",1.26752075066056e-82,2.64559104022226,0.646,0.062,4.63925269949272e-78,52,"S100A1"
"2619",3.04886824934703e-82,1.98041388771366,0.785,0.088,1.11591626794351e-77,52,"RNASE1"
"2620",3.5754986705074e-82,1.96804668505587,0.954,0.131,1.30866826839241e-77,52,"UGT8"
"2621",5.63843836319448e-82,3.13949808353219,0.385,0.023,2.06372482531281e-77,52,"CHST3"
"2622",1.07625371232299e-81,2.73822876720209,0.585,0.051,3.93919621247336e-77,52,"RASSF2"
"2623",6.94030058277894e-81,2.88701599327006,0.692,0.074,2.54021941630292e-76,52,"SCRG1"
"2624",1.17905386739728e-76,3.50599252400373,0.292,0.014,4.3154550600608e-72,52,"GPIHBP1"
"2625",1.62242470505906e-72,2.03923201569814,0.985,0.167,5.93823666298665e-68,52,"TF"
"2626",3.86466729765531e-72,2.90512636556115,0.477,0.039,1.41450687761482e-67,52,"PDK4"
"2627",1.34588916378393e-70,2.27945183399116,0.631,0.066,4.92608892836557e-66,52,"SHROOM4"
"2628",7.8595780931742e-70,1.93143006475851,0.677,0.076,2.87668417788269e-65,52,"ABCA8"
"2629",1.43498002569293e-69,2.32774007304526,0.554,0.052,5.2521703920387e-65,52,"KLK6"
"2630",4.71558169267847e-69,2.29512619015367,0.969,0.17,1.72595005533725e-64,52,"TMEM144"
"2631",1.65601973658416e-67,2.31482584414568,0.477,0.041,6.06119783787167e-63,52,"SEMA3B"
"2632",4.15641399471693e-67,2.73342439863166,0.738,0.1,1.52128908620634e-62,52,"LRP2"
"2633",7.09945061954403e-65,2.38986136147876,0.985,0.201,2.59846992125931e-60,52,"SPP1"
"2634",8.66287928222067e-64,2.60981745695985,1,0.222,3.17070044608559e-59,52,"S100B"
"2635",1.00579544789536e-63,9.4722647970316,0.015,0,3.68131191884181e-59,52,"AC107884.2"
"2636",1.01617676344317e-63,8.13969336935037,0.015,0,3.71930857187836e-59,52,"POTEH-AS1"
"2637",1.41117341853459e-63,2.04600543646754,0.631,0.072,5.16503582917844e-59,52,"SLCO1A2"
"2638",4.76454412348666e-63,2.36995651017859,0.846,0.138,1.74387079463735e-58,52,"FAM107B"
"2639",7.85363311403477e-63,2.31191368763813,0.785,0.117,2.87450825606787e-58,52,"TSC22D4"
"2640",4.19066074238955e-62,1.69135703945966,0.969,0.173,1.533823738322e-57,52,"ZEB2"
"2641",5.11639682605566e-62,2.13412801064634,0.646,0.079,1.87265240230463e-57,52,"EVI2A"
"2642",8.62398851761863e-62,2.17141570040434,0.446,0.039,3.1564660373336e-57,52,"GJB1"
"2643",1.23481087290076e-61,1.34316813542911,0.8,0.117,4.51953127590407e-57,52,"AC012494.1"
"2644",1.37222922844359e-61,2.03307187714743,0.8,0.122,5.0224961990264e-57,52,"GPR37"
"2645",1.42462245336182e-61,4.56757393017346,0.138,0.004,5.2142606415496e-57,52,"MIR4527HG"
"2646",1.38141059841551e-60,3.05138730561335,0.354,0.026,5.0561009312606e-56,52,"LINC01445"
"2647",1.73763812955944e-60,1.8018449537669,0.631,0.076,6.3599293180005e-56,52,"OLIG1"
"2648",1.89906974218625e-60,1.91671060909179,0.538,0.056,6.95078516337591e-56,52,"FA2H"
"2649",1.69851386830829e-59,2.45747997775973,0.754,0.117,6.21673060939519e-55,52,"CDKN1C"
"2650",8.57018393811384e-59,1.72255071734406,0.785,0.118,3.13677302318905e-54,52,"COL4A5"
"2651",2.75992382210937e-239,12.0627546633901,0.02,0,1.01015971813025e-234,53,"AC004707.1"
"2652",8.34333311040082e-81,10.9095868450826,0.02,0,3.05374335173781e-76,53,"AC106017.1"
"2653",2.79795611913923e-75,3.68944683473772,0.961,0.14,1.02407991916615e-70,53,"KIT"
"2654",5.80630849487718e-61,10.1641393428407,0.02,0,2.12516697221e-56,53,"LY6G6E"
"2655",6.15736352141451e-60,2.693000399876,0.98,0.158,2.25365662247293e-55,53,"OTX2-AS1"
"2656",3.27717403212357e-58,3.79902736735771,0.647,0.075,1.19947846749755e-53,53,"SHISA8"
"2657",5.76616787664672e-53,3.10185001969057,0.902,0.161,2.11047510453146e-48,53,"GAD1"
"2658",1.60470429176654e-46,3.35495758791792,0.902,0.204,5.8733781782947e-42,53,"NR2F2"
"2659",5.60092606185134e-46,2.54761491344305,0.922,0.178,2.04999494789821e-41,53,"MEIS2"
"2660",1.52645097741589e-43,2.81780802172143,0.824,0.154,5.5869632224399e-39,53,"GAD2"
"2661",4.2839712254235e-41,9.25242131373622,0.02,0,1.56797630821726e-36,53,"AC136443.3"
"2662",4.39755904045643e-41,7.81262282918916,0.02,0,1.60955058439746e-36,53,"FCGR3B"
"2663",5.07788904938944e-40,3.09948051457792,0.824,0.186,1.85855817096703e-35,53,"HPCA"
"2664",5.21786860832347e-40,2.97190730908966,0.961,0.279,1.90979208933247e-35,53,"SYNPR"
"2665",1.15195877746033e-38,3.46871479772705,0.549,0.077,4.21628432138254e-34,53,"IGF1"
"2666",7.01851900492386e-33,3.25569637082217,0.451,0.06,2.56884814099218e-28,53,"CPLX3"
"2667",1.55566515627891e-32,2.66140578869375,0.725,0.15,5.69389003849642e-28,53,"RORB"
"2668",5.68391804692525e-32,2.83701914857379,0.627,0.117,2.08037084435511e-27,53,"OTX2"
"2669",1.34459779911095e-30,2.08452521828024,0.98,0.33,4.92136240452599e-26,53,"ZFPM2"
"2670",4.18403486233759e-28,3.26247771794453,0.314,0.034,1.53139859996418e-23,53,"ASCL1"
"2671",6.79505425698828e-28,2.89885611392269,0.706,0.179,2.48705780860028e-23,53,"GREM2"
"2672",7.22213524618985e-28,3.4782822742778,0.314,0.035,2.64337372145795e-23,53,"DMBX1"
"2673",8.05710208922796e-28,9.16679138043215,0.02,0,2.94897993567833e-23,53,"AC073409.2"
"2674",8.19891039491908e-28,7.99201764346491,0.02,0,3.00088319364433e-23,53,"AC005696.3"
"2675",2.08760693664497e-27,6.94437312915114,0.039,0.001,7.64085014881424e-23,53,"TRPC7-AS2"
"2676",1.02496854190894e-26,2.48514099846496,0.941,0.468,3.75148736024093e-22,53,"SLC12A5"
"2677",9.28655070371503e-26,1.44458325390028,1,0.865,3.39897042306674e-21,53,"SYT1"
"2678",1.53706621675769e-25,3.35081188712133,0.333,0.042,5.62581605995483e-21,53,"SOX14"
"2679",2.40506039825029e-25,2.85416750448356,0.549,0.116,8.80276156363589e-21,53,"SLC6A11"
"2680",3.27172275667241e-25,2.15075487104487,0.922,0.374,1.19748324616967e-20,53,"SPHKAP"
"2681",3.69781712351922e-25,7.42181035920273,0.02,0,1.35343804537927e-20,53,"AC243773.2"
"2682",7.30814988000085e-25,2.30225567868799,0.843,0.299,2.67485593757911e-20,53,"PCBP3"
"2683",8.24692476304169e-25,1.84867342954607,1,0.779,3.01845693252089e-20,53,"DLGAP1"
"2684",1.02516602898079e-24,2.82546093221939,0.353,0.048,3.75221018267258e-20,53,"SLC32A1"
"2685",8.56549924444783e-24,2.62069908071772,0.765,0.257,3.13505837846035e-19,53,"SLC6A1"
"2686",1.87135267712147e-23,2.01278979120573,0.98,0.467,6.84933793353229e-19,53,"GRIK1"
"2687",5.55390180632536e-23,8.63210131268398,0.02,0,2.03278360013314e-18,53,"LINC02753"
"2688",1.31118179493213e-22,1.53100862632905,0.98,0.843,4.79905648763109e-18,53,"GPM6A"
"2689",1.92916659955925e-22,3.62773078249597,0.373,0.06,7.0609426710468e-18,53,"NPPC"
"2690",1.93549469342261e-22,1.91413319272401,0.98,0.632,7.08410412739611e-18,53,"NRXN3"
"2691",5.8172811107451e-22,2.05860773432242,0.902,0.373,2.12918305934381e-17,53,"UNC13C"
"2692",8.24759214237897e-22,1.77915479852982,0.902,0.34,3.01870120003213e-17,53,"NELL1"
"2693",1.47434267865961e-21,1.7247175845951,1,0.659,5.39624163816205e-17,53,"CADPS"
"2694",1.66788353689664e-21,3.59060996937034,0.216,0.022,6.10462053339538e-17,53,"TMEM176A"
"2695",3.67149827969338e-21,2.93652901462859,0.569,0.146,1.34380508535058e-16,53,"HTR2A"
"2696",6.83779936993117e-21,1.85272534422896,0.882,0.374,2.50270294738851e-16,53,"CHRM2"
"2697",2.13719954873018e-20,2.10831093776745,0.863,0.4,7.82236406830732e-16,53,"NYAP2"
"2698",4.89916496540909e-20,0.935566672599918,0.902,0.306,1.79314336898938e-15,53,"ADARB2"
"2699",1.51216028070301e-19,2.63345676064351,0.627,0.183,5.53465784340109e-15,53,"SEMA3C"
"2700",3.09001388351161e-19,1.71600541777004,0.961,0.595,1.13097598150408e-14,53,"PLCB1"
"2701",4.03010308231691e-254,10.6803603663514,0.021,0,1.47505802915881e-249,54,"AP003071.3"
"2702",7.04951972280087e-128,10.5063730284201,0.021,0,2.58019471374234e-123,54,"AC091987.1"
"2703",8.34278815711372e-124,3.95033300149305,0.958,0.073,3.05354389338519e-119,54,"CASQ2"
"2704",1.158794255482e-117,3.71217863449996,0.875,0.063,4.24130285448966e-113,54,"SLC7A2"
"2705",7.82817432599453e-103,3.76763681786641,0.75,0.053,2.86519008505726e-98,54,"TRABD2A"
"2706",2.38141409454209e-99,3.52080422018428,0.812,0.063,8.71621372743349e-95,54,"ITGA4"
"2707",1.54204431376326e-96,3.51549580521752,0.75,0.056,5.64403639280492e-92,54,"GABRD"
"2708",1.76647092889853e-95,3.26363673505004,0.708,0.049,6.46546024686152e-91,54,"FGF5"
"2709",2.84366510986511e-94,3.24575238380735,0.792,0.063,1.04080986686173e-89,54,"PHLDB2"
"2710",6.10028073896248e-94,3.34269214783307,0.833,0.07,2.23276375326766e-89,54,"FAM20A"
"2711",2.4326404383004e-90,3.05788748958646,0.938,0.092,8.9037072682233e-86,54,"ATP10A"
"2712",3.29941954207331e-90,3.22083948699354,0.917,0.088,1.20762054659425e-85,54,"ADGRG6"
"2713",2.33313948272212e-88,3.30403750467666,0.958,0.101,8.53952382071124e-84,54,"MIR31HG"
"2714",9.39501721613238e-86,9.83526655882334,0.021,0,3.43867025127661e-81,54,"STPG3"
"2715",9.52652688011731e-86,9.21969297973586,0.021,0,3.48680410339174e-81,54,"SLC22A12"
"2716",2.33309569952457e-85,9.061270737833,0.042,0,8.53936356982988e-81,54,"AC118755.1"
"2717",8.37285217368037e-84,2.95356993090112,0.646,0.046,3.06454762408875e-79,54,"SPATA22"
"2718",1.68599894703134e-82,3.04771462692265,0.792,0.069,6.17092474602939e-78,54,"PLEKHD1"
"2719",2.45634674638439e-79,3.14388571688246,0.625,0.046,8.99047472644151e-75,54,"MYO5B"
"2720",1.15745186476154e-78,2.69030331961424,0.854,0.084,4.23638957021372e-74,54,"CYP2J2"
"2721",2.00130170408868e-78,3.16972597716173,0.979,0.118,7.32496436713497e-74,54,"AC016766.1"
"2722",3.61716255732599e-78,2.71783463072449,0.979,0.114,1.32391766760688e-73,54,"MRVI1"
"2723",1.59029942606513e-77,3.3168812280285,0.771,0.073,5.82065492934099e-73,54,"LINC01482"
"2724",1.78493840341904e-76,3.22274290442172,0.812,0.081,6.53305305035403e-72,54,"ABHD12B"
"2725",8.30313782107787e-76,0.467503578410478,0.708,0.058,3.03903147389271e-71,54,"LINC01608"
"2726",4.36553874589436e-73,2.57345330076698,0.875,0.096,1.5978308363848e-68,54,"NOTCH2"
"2727",1.69430613402689e-72,3.16983963016589,0.604,0.047,6.20132988115183e-68,54,"GJC1"
"2728",1.7772592065582e-72,0.717271846824287,0.75,0.066,6.50494642192367e-68,54,"LINC00639"
"2729",8.0086947613563e-72,2.96106316812514,0.896,0.104,2.93126236960402e-67,54,"COL4A4"
"2730",8.94610728762931e-72,4.17327574198946,0.375,0.019,3.27436472834521e-67,54,"SYCP1"
"2731",2.53142734292137e-71,3.37779000808725,0.646,0.054,9.2652772178265e-67,54,"FAM163A"
"2732",6.67750491218464e-71,2.91462717775346,0.917,0.111,2.4440335729087e-66,54,"RASSF3"
"2733",8.37265790707935e-71,3.10317510506672,1,0.138,3.06447652057011e-66,54,"CCBE1"
"2734",1.18657707949188e-69,2.98997813060933,0.938,0.12,4.34299076864824e-65,54,"TSPAN14"
"2735",1.84975335356885e-69,3.20953703905132,0.562,0.043,6.77028224939735e-65,54,"ADGRD1"
"2736",2.03697523518452e-69,2.91662307839051,0.833,0.093,7.45553305829886e-65,54,"BCHE"
"2737",2.89588483716357e-68,3.31903781693014,0.979,0.144,1.05992280925024e-63,54,"CD226"
"2738",2.4465551134038e-65,2.85551902524646,0.875,0.107,8.95463637056927e-61,54,"GDNF-AS1"
"2739",1.14327518816005e-64,7.13573886182743,0.021,0,4.18450151618459e-60,54,"AC093627.7"
"2740",3.0595578091884e-63,3.04785983372747,0.875,0.113,1.11982875374105e-58,54,"LINC02653"
"2741",3.25552870492544e-63,3.50148214606672,0.479,0.034,1.19155606128976e-58,54,"LINC00200"
"2742",4.70773258016567e-63,3.11669344490515,0.812,0.099,1.72307720166644e-58,54,"COL23A1"
"2743",5.11162209343177e-63,3.44777212279145,0.583,0.05,1.87090480241696e-58,54,"TARID"
"2744",1.09412086230544e-62,2.07133637937681,0.729,0.074,4.00459176812413e-58,54,"CYBRD1"
"2745",1.43653128759204e-62,2.65594169566155,0.521,0.04,5.25784816571564e-58,54,"ADARB2-AS1"
"2746",1.50483830513172e-62,3.02298501604965,1,0.16,5.50785868061259e-58,54,"IL1RAPL2"
"2747",1.91203985843228e-61,2.07948777032767,0.438,0.029,6.998257085848e-57,54,"LINC01099"
"2748",6.05817059103973e-61,3.00185333129524,0.583,0.051,2.21735101802645e-56,54,"AL162718.1"
"2749",1.38307624505573e-60,3.12888007417964,0.688,0.073,5.06219736452849e-56,54,"HS3ST1"
"2750",8.36282651604911e-60,2.32791417884285,0.833,0.104,3.06087813313913e-55,54,"AC008691.1"
"2751",6.20242584096384e-271,12.6691879225975,0.022,0,2.27014988205117e-266,55,"OR10V1"
"2752",2.71853036113647e-136,11.1051385006707,0.022,0,9.95009297479561e-132,55,"SRMS"
"2753",6.91644016530405e-69,8.63677634608544,0.022,0,2.53148626490294e-64,55,"BPIFA1"
"2754",5.47603385281393e-61,8.03074846028454,0.044,0,2.00428315046843e-56,55,"ZSCAN10"
"2755",2.14543816029527e-55,9.49876412032978,0.022,0,7.85251821049673e-51,55,"OR4F6"
"2756",2.16461029542568e-55,7.47710991663176,0.022,0,7.92269014228752e-51,55,"AP003715.1"
"2757",2.15362162324214e-46,9.89827735924509,0.022,0,7.88247050322854e-42,55,"KIR2DL4"
"2758",2.16964846859334e-46,8.87188035682203,0.022,0,7.9411303598985e-42,55,"LINC01627"
"2759",9.14514914802039e-41,3.13824953770308,0.889,0.19,3.34721603966694e-36,55,"AC007091.1"
"2760",5.8996803898911e-40,10.2404225533106,0.022,0,2.15934201950404e-35,55,"AC009446.1"
"2761",5.8996803898911e-40,11.2287763752282,0.022,0,2.15934201950404e-35,55,"AC005823.2"
"2762",2.33613585313708e-31,7.7682281311007,0.022,0,8.55049083606704e-27,55,"LINC02342"
"2763",2.39595984337475e-28,8.03553883476754,0.022,0,8.7694526227359e-24,55,"AL035415.1"
"2764",2.22286132919188e-26,2.74974224330937,0.978,0.529,8.13589475097519e-22,55,"DAB1"
"2765",6.94135676962957e-26,9.71115335856426,0.022,0,2.54060599125212e-21,55,"AC089983.2"
"2766",1.24018001257902e-25,6.97754595656464,0.067,0.002,4.53918286404048e-21,55,"AC012355.1"
"2767",4.47344936628883e-24,1.98599991314705,1,0.683,1.63732720255538e-19,55,"FRMD4A"
"2768",6.48622315232857e-24,2.19207228281646,1,0.767,2.37402253598378e-19,55,"CSMD1"
"2769",7.99378792974379e-24,7.32463817375214,0.022,0,2.92580632016553e-19,55,"PRNT"
"2770",7.99378792974379e-24,7.54170551843505,0.022,0,2.92580632016553e-19,55,"MAGEA10"
"2771",4.3739495055821e-22,8.64076421615829,0.022,0,1.6009092585381e-17,55,"AC034245.1"
"2772",4.46468620788915e-22,6.97142804331314,0.022,0,1.63411979894951e-17,55,"LINC01228"
"2773",4.47998904247084e-22,6.68644513938313,0.022,0,1.63972078943475e-17,55,"LINC01797"
"2774",1.60513540842381e-21,1.88523259963405,1,0.693,5.874956108372e-17,55,"AL513166.1"
"2775",1.79604231797046e-21,2.5292297499117,0.933,0.502,6.57369448800369e-17,55,"UNC5D"
"2776",2.74710480147675e-21,1.34934990378629,1,0.956,1.00546782838851e-16,55,"DLG2"
"2777",5.86175761720072e-21,1.32608099238835,1,0.894,2.14546190547164e-16,55,"FAM155A"
"2778",6.11219157212256e-21,1.57320097238341,1,0.805,2.23712323731258e-16,55,"DTNA"
"2779",8.10122019509599e-21,2.53932470467966,0.889,0.466,2.96512760360708e-16,55,"MIR137HG"
"2780",1.23915847218176e-20,2.33124957166315,0.956,0.668,4.53544392403246e-16,55,"TENM3"
"2781",1.35907402927945e-20,9.17327901486036,0.022,0,4.97434685456572e-16,55,"AC108134.1"
"2782",1.37209339773106e-20,6.88138607310755,0.022,0,5.02199904503544e-16,55,"FOXN3-AS2"
"2783",1.97344506471061e-19,1.79401206181705,0.978,0.633,7.22300628134729e-15,55,"RMST"
"2784",2.6928974594001e-19,7.81923552208283,0.022,0,9.85627399115031e-15,55,"PLA2G2D"
"2785",2.74124789189219e-19,7.06458738829353,0.022,0,1.00332414091146e-14,55,"AP003969.1"
"2786",3.11981117766425e-19,-4.08634541901613,0.289,0.858,1.14188208913689e-14,55,"HSP90AA1"
"2787",4.79233747557712e-19,2.11824409699875,0.911,0.565,1.75404343943598e-14,55,"GABRB1"
"2788",1.58324569687807e-18,-1.14399458635657,1,1,5.79483757514342e-14,55,"MALAT1"
"2789",1.94946226836505e-18,2.06495220571787,0.956,0.565,7.13522684844291e-14,55,"IQCJ-SCHIP1"
"2790",3.67072781118537e-18,8.46578453839252,0.022,0,1.34352308617196e-13,55,"TCL1B"
"2791",3.68094972592354e-18,8.01531355752006,0.022,0,1.34726440918528e-13,55,"AC015908.4"
"2792",3.72211915876185e-18,6.1220363454269,0.022,0,1.36233283329843e-13,55,"AC006441.4"
"2793",3.73248234310653e-18,7.11257784251302,0.022,0,1.36612586240042e-13,55,"AL358779.1"
"2794",3.74287401168787e-18,7.02580891921219,0.022,0,1.36992931701788e-13,55,"MSLNL"
"2795",5.80127016998419e-18,-3.68098293886699,0.244,0.841,2.12332289491591e-13,55,"CALM2"
"2796",6.30968954267953e-18,1.52801927355761,1,0.733,2.30940946951614e-13,55,"PWRN1"
"2797",9.32268792468072e-18,2.29972314395539,0.889,0.432,3.41219700731239e-13,55,"SORCS3"
"2798",1.98134320449768e-17,-5.80594156956546,0.067,0.755,7.25191426278195e-13,55,"FTH1"
"2799",3.07307393506311e-17,2.35823698038056,0.689,0.225,1.12477579097245e-12,55,"ALK"
"2800",4.68507144454761e-17,2.0907872862215,0.867,0.455,1.71478299941887e-12,55,"VWC2"
