cell_type,TRIPOD_test_level,peak,gene,TF,p_adj,is_unique_intersect
Astrocyte,1,chr22-41946249-41947248,SMDT1,ZNF135,0,FALSE
Astrocyte,1,chr21-33266038-33267036,GART,SP1,0,FALSE
Astrocyte,1,chr11-62761084-62762105,AHNAK,ETV1,0,FALSE
Astrocyte,1,chr11-62678453-62679766,STX5,KLF15,0,FALSE
Astrocyte,1,chr1-204493978-204495280,MDM4,SP3,0,FALSE
Astrocyte,1,chr1-230977757-230979585,GNPAT,YY1,0,FALSE
Astrocyte,1,chr1-244969581-244971418,EFCAB2,KLF9,0,FALSE
Astrocyte,1,chr1-8877728-8879442,ENO1,SP4,0,FALSE
Astrocyte,1,chr1-23559153-23559715,ID3,KLF13,0,FALSE
Astrocyte,1,chr1-32393884-32395155,MARCKSL1,SP4,0,FALSE
Astrocyte,1,chr1-36384923-36386936,TRAPPC3,SOX21,0,FALSE
Astrocyte,1,chr1-37474132-37474928,INPP5B,ELF1,0,FALSE
Astrocyte,1,chr1-67684845-67686926,SERBP1,KLF6,0,FALSE
Astrocyte,1,chr1-145884792-145886514,RNF115,HNF4G,0,FALSE
Astrocyte,1,chr1-151832458-151832895,THEM4,HEY2,0,FALSE
Astrocyte,1,chr1-154432659-154433122,KCNN3,ZNF135,0,FALSE
Astrocyte,1,chr1-155261485-155262633,PMVK,SP1,0,FALSE
Astrocyte,1,chr1-173867205-173868905,ANKRD45,ELK3,0,FALSE
Astrocyte,1,chr1-227562997-227564127,CDC42BPA,KLF6,0,FALSE
Astrocyte,1,chr2-27889813-27891355,ZNF512,CREM,0,FALSE
Astrocyte,1,chr2-85523510-85525333,ELMOD3,MZF1,0,FALSE
Astrocyte,1,chr2-39664881-39667088,MAP4K3,KLF15,0,FALSE
Astrocyte,1,chr2-55418847-55420526,PNPT1,SP1,0,FALSE
Astrocyte,1,chr2-70248086-70249134,SNRPG,ZNF135,0,FALSE
Astrocyte,1,chr2-200905397-200906276,FAM126B,NR4A1,0,FALSE
Astrocyte,1,chr2-240143642-240144320,NDUFA10,BACH1,0,FALSE
Astrocyte,1,chr2-239791356-239793147,COPS9,YY1,0,FALSE
Astrocyte,1,chr3-9915094-9916148,BRK1,ERF,0,FALSE
Astrocyte,1,chr3-24288845-24289197,NR1D2,REST,0,FALSE
Astrocyte,1,chr3-39180552-39181191,TTC21A,KLF9,0,FALSE
Astrocyte,1,chr3-49092955-49094749,WDR6,ZNF135,0,FALSE
Astrocyte,1,chr3-147404651-147405208,ZIC1,ESRRA,0,FALSE
Astrocyte,1,chr3-12954923-12955556,RAF1,SP1,0,FALSE
Astrocyte,1,chr3-45688226-45689798,LZTFL1,KLF6,0,FALSE
Astrocyte,1,chr3-113441001-113441738,NAA50,NR4A2,0,FALSE
Astrocyte,1,chr4-2468112-2469952,GRK4,ZBTB7A,0,FALSE
Astrocyte,1,chr4-52037709-52039063,DCUN1D4,YY1,0,FALSE
Astrocyte,1,chr4-87525444-87526008,HSD17B11,CEBPG,0,FALSE
Astrocyte,1,chr4-103075196-103076950,SLC9B2,SP4,0,FALSE
Astrocyte,1,chr5-80255164-80256775,ZFYVE16,ZNF148,0,FALSE
Astrocyte,1,chr5-103033704-103035306,PPIP5K2,NFYA,0,FALSE
Astrocyte,1,chr5-132495736-132497274,UQCRQ,ZNF140,0,FALSE
Astrocyte,1,chr5-134845362-134846605,TXNDC15,USF2,0,FALSE
Astrocyte,1,chr5-136192038-136193632,SMAD5,EBF1,0,FALSE
Astrocyte,1,chr5-180071018-180072372,CANX,SP1,0,FALSE
Astrocyte,1,chr5-132376788-132377599,ACSL6,ZNF410,0,FALSE
Astrocyte,1,chr5-139273250-139274444,SIL1,PPARD,0,FALSE
Astrocyte,1,chr5-141618104-141619429,DIAPH1,VEZF1,0,FALSE
Astrocyte,1,chr5-150325296-150325783,CD74,ERF,0,FALSE
Astrocyte,1,chr6-33585456-33586017,PFDN6,ZNF140,0,FALSE
Ependymal,1,chr19-36837587-36838981,ZNF420,FOXO6,0,FALSE
Ependymal,1,chr20-45833411-45834609,SDC4,KLF2,0,FALSE
Ependymal,1,chr9-121074042-121075585,STOM,ZBTB26,0,FALSE
Ependymal,1,chr9-128370434-128371699,DPM2,SPI1,0,FALSE
Ependymal,1,chr1-156500303-156501541,LAMTOR2,REL,0,FALSE
Ependymal,1,chr1-166975016-166975996,POU2F1,EGR2,0,FALSE
Ependymal,1,chr1-193121085-193122485,CDC73,SP2,0,FALSE
Ependymal,1,chr1-203628207-203628960,SNRPE,ZBTB26,0,FALSE
Ependymal,1,chr1-51235684-51237183,FAF1,ASCL1,0,FALSE
Ependymal,1,chr1-53991692-53993214,NDC1,NFYA,0,FALSE
Ependymal,1,chr1-74732386-74733975,ERICH3,ZNF460,0,FALSE
Ependymal,1,chr1-84505530-84506869,GNG5,KLF11,0,FALSE
Ependymal,1,chr1-100538018-100540243,DBT,ZBTB14,0,FALSE
Ependymal,1,chr1-154557921-154559803,UBE2Q1,MAFF,0,FALSE
Ependymal,1,chr1-154869191-154870665,DPM3,SPI1,0,FALSE
Ependymal,1,chr1-156247345-156248270,GON4L,PKNOX1,0,FALSE
Ependymal,1,chr1-160061818-160062681,KCNJ10,SOX13,0,FALSE
Ependymal,1,chr1-161529660-161531311,TSTD1,KLF11,0,FALSE
Ependymal,1,chr1-205631014-205632578,KLHDC8A,EGR2,0,FALSE
Ependymal,1,chr2-32946283-32948016,TTC27,ASCL1,0,FALSE
Ependymal,1,chr2-85132819-85134603,VAMP5,KLF6,0,FALSE
Ependymal,1,chr2-108635885-108636661,RANBP2,ZBTB14,0,FALSE
Ependymal,1,chr2-149329471-149331554,LYPD6,KLF2,0,FALSE
Ependymal,1,chr2-189580270-189582059,ANKAR,OLIG1,0,FALSE
Ependymal,1,chr2-190880082-190882057,NAB1,ZIC5,0,FALSE
Ependymal,1,chr2-74002269-74002868,CCDC142,KLF11,0,FALSE
Ependymal,1,chr2-98730181-98731786,MGAT4A,EBF3,0,FALSE
Ependymal,1,chr2-203327594-203329191,ICA1L,ZBTB14,0,FALSE
Ependymal,1,chr2-206442751-206444523,NDUFS1,SP2,0,FALSE
Ependymal,1,chr2-210170203-210172213,KANSL1L,HINFP,0,FALSE
Ependymal,1,chr2-218405959-218406865,USP37,KLF5,0,FALSE
Ependymal,1,chr2-229713277-229715583,TRIP12,REST,0,FALSE
Ependymal,1,chr3-38453053-38455647,EXOG,KLF15,0,FALSE
Ependymal,1,chr3-113018633-113019975,GTPBP8,FOXO6,0,FALSE
Ependymal,1,chr3-141076195-141077717,PXYLP1,KLF11,0,FALSE
Ependymal,1,chr3-196502850-196504239,SLC51A,SPI1,0,FALSE
Ependymal,1,chr3-33276824-33277909,SUSD5,SP2,0,FALSE
Ependymal,1,chr3-49171031-49171850,LAMB2,KLF2,0,FALSE
Ependymal,1,chr3-108221849-108222784,MYH15,KLF2,0,FALSE
Ependymal,1,chr3-126654419-126655334,TXNRD3,ZBTB14,0,FALSE
Ependymal,1,chr3-138381296-138382305,DBR1,ESR2,0,FALSE
Ependymal,1,chr3-193240440-193241723,ATP13A4,ZNF140,0,FALSE
Ependymal,1,chr4-39976412-39978295,PDS5A,KLF15,0,FALSE
Ependymal,1,chr4-102500042-102502492,UBE2D3,PKNOX1,0,FALSE
Ependymal,1,chr4-102868120-102869832,SLC9B1,TCFL5,0,FALSE
Ependymal,1,chr4-145179371-145181285,OTUD4,RFX1,0,FALSE
Ependymal,1,chr5-90473371-90475189,ADGRV1,ZBTB26,0,FALSE
Ependymal,1,chr5-139787080-139788959,PAIP2,KLF11,0,FALSE
Ependymal,1,chr5-140546932-140548387,PCDHA10,ZNF263,0,FALSE
Ependymal,1,chr2-64143657-64144821,LGALSL,RFX5,0,FALSE
Excit.Thal,1,chr16-67185344-67185672,KCTD19,GCM2,0,FALSE
Excit.Thal,1,chr19-53196738-53197406,ZNF765,FOXO6,0,FALSE
Excit.Thal,1,chr6-43476757-43478213,ZNF318,POU5F1,0,FALSE
Excit.Thal,1,chr5-139637429-139638568,NRG2,EGR4,0,FALSE
Excit.Thal,1,chr1-70010224-70010535,LRRC7,POU4F1,0,FALSE
Excit.Thal,1,chr1-76759274-76759899,ST6GALNAC5,MAFF,0,FALSE
Excit.Thal,1,chr1-93454935-93455477,FNBP1L,FOSL2,0,FALSE
Excit.Thal,1,chr1-109090139-109091276,STXBP3,SPIB,0,FALSE
Excit.Thal,1,chr1-160728152-160728501,UFC1,GCM2,0,FALSE
Excit.Thal,1,chr1-168603463-168603842,TIPRL,GATA3,0,FALSE
Excit.Thal,1,chr1-224433402-224435580,CNIH3,SP9,0,FALSE
Excit.Thal,1,chr1-8646727-8647018,ENO1,BARX2,0,FALSE
Excit.Thal,1,chr1-18548693-18548960,IFFO2,MAFA,0,FALSE
Excit.Thal,1,chr1-22451252-22452644,WNT4,MEIS1,0,FALSE
Excit.Thal,1,chr1-46394988-46395425,POMGNT1,POU5F1,0,FALSE
Excit.Thal,1,chr1-65167598-65167800,JAK1,VENTX,0,FALSE
Excit.Thal,1,chr1-68173719-68174831,DEPDC1,POU4F1,0,FALSE
Excit.Thal,1,chr1-74253192-74253812,CRYZ,SP9,0,FALSE
Excit.Thal,1,chr1-117190263-117190523,VTCN1,MAFA,0,FALSE
Excit.Thal,1,chr1-117629626-117629920,GDAP2,SPIB,0,FALSE
Excit.Thal,1,chr1-154454870-154455092,KCNN3,SPIB,0,FALSE
Excit.Thal,1,chr1-179953694-179955469,FAM163A,SP9,0,FALSE
Excit.Thal,1,chr1-179591416-179592262,TDRD5,HEY2,0,FALSE
Excit.Thal,1,chr1-205435709-205436431,ELK4,RXRG,0,FALSE
Excit.Thal,1,chr1-220076135-220076412,ZC3H11B,BARX2,0,FALSE
Excit.Thal,1,chr1-229514331-229515009,NUP133,POU4F1,0,FALSE
Excit.Thal,1,chr2-97548912-97549333,COX5B,TBX19,0,FALSE
Excit.Thal,1,chr2-99327972-99328256,LIPT1,POU4F1,0,FALSE
Excit.Thal,1,chr2-170313629-170313972,UBR3,MEOX1,0,FALSE
Excit.Thal,1,chr2-186068117-186068632,FSIP2,ONECUT3,0,FALSE
Excit.Thal,1,chr2-219733903-219734107,STK11IP,ERG,0,FALSE
Excit.Thal,1,chr2-223968308-223968634,MRPL44,POU4F1,0,FALSE
Excit.Thal,1,chr2-232192921-232193135,DIS3L2,SPIB,0,FALSE
Excit.Thal,1,chr2-232276921-232277230,EIF4E2,POU5F1,0,FALSE
Excit.Thal,1,chr2-233855235-233855642,TRPM8,BARX2,0,FALSE
Excit.Thal,1,chr2-20365349-20365790,LDAH,MAFF,0,FALSE
Excit.Thal,1,chr2-23910383-23911981,SF3B6,RXRG,0,FALSE
Excit.Thal,1,chr2-55668225-55668805,CLHC1,HES7,0,FALSE
Excit.Thal,1,chr2-68318126-68320552,WDR92,SPIB,0,FALSE
Excit.Thal,1,chr2-74147296-74148845,MOB1A,SPIB,0,FALSE
Excit.Thal,1,chr2-99327972-99328256,TXNDC9,POU4F1,0,FALSE
Excit.Thal,1,chr2-128683096-128683803,HS6ST1,ONECUT1,0,FALSE
Excit.Thal,1,chr2-164510755-164511804,GRB14,SPIB,0,FALSE
Excit.Thal,1,chr2-195656439-195658307,DNAH7,SP9,0,FALSE
Excit.Thal,1,chr3-10977795-10978592,SLC6A1,SPIB,0,FALSE
Excit.Thal,1,chr3-100201314-100201622,TMEM45A,BARX2,0,FALSE
Excit.Thal,1,chr3-113947347-113948810,ZDHHC23,SP9,0,FALSE
Excit.Thal,1,chr3-129121147-129122829,IFT122,SP9,0,FALSE
Excit.Thal,1,chr3-134485269-134486777,CEP63,MEIS1,0,FALSE
Excit.Thal,1,chr1-20522212-20523211,VWA5B1,SPIB,0,TRUE
Inhib_LHb_4.1,1,chr11-118620976-118622679,UBE4A,ESR2,0,FALSE
Inhib_LHb_4.1,1,chr19-38182929-38184113,SPRED3,ZKSCAN5,0,FALSE
Inhib_LHb_4.1,1,chr10-24722667-24725148,ENKUR,ESR2,0,FALSE
Inhib_LHb_4.1,1,chr10-73732554-73732963,ANXA7,RFX4,0,FALSE
Inhib_LHb_4.1,1,chr1-46718542-46719532,CYP4Z1,UNCX,0,FALSE
Inhib_LHb_4.1,1,chr1-70486657-70488303,CTH,ZBTB6,0,FALSE
Inhib_LHb_4.1,1,chr1-89994394-89995727,LRRC8B,ZNF460,0,FALSE
Inhib_LHb_4.1,1,chr1-149943844-149945422,RPRD2,VEZF1,0,FALSE
Inhib_LHb_4.1,1,chr1-155063523-155064217,CHRNB2,KLF6,0,FALSE
Inhib_LHb_4.1,1,chr1-155001618-155002340,MTX1,KLF16,0,FALSE
Inhib_LHb_4.1,1,chr1-156751026-156752266,BCAN,KLF15,0,FALSE
Inhib_LHb_4.1,1,chr1-161725682-161727729,NOS1AP,ZNF136,0,FALSE
Inhib_LHb_4.1,1,chr1-181088201-181090407,XPR1,ZIC4,0,FALSE
Inhib_LHb_4.1,1,chr1-233378973-233379594,NTPCR,ZNF263,0,FALSE
Inhib_LHb_4.1,1,chr1-1425583-1426418,MRPL20,ZNF148,0,FALSE
Inhib_LHb_4.1,1,chr1-1324294-1325281,CDK11B,KLF9,0,FALSE
Inhib_LHb_4.1,1,chr1-2143839-2144229,FAAP20,ZNF282,0,FALSE
Inhib_LHb_4.1,1,chr1-3899702-3901587,LRRC47,KLF15,0,FALSE
Inhib_LHb_4.1,1,chr1-15791992-15792357,ZBTB17,ELF1,0,FALSE
Inhib_LHb_4.1,1,chr1-27659685-27660279,IFI6,RELA,0,FALSE
Inhib_LHb_4.1,1,chr1-39653496-39654058,PABPC4,JUN,0,FALSE
Inhib_LHb_4.1,1,chr1-54121422-54122343,YIPF1,KLF16,0,FALSE
Inhib_LHb_4.1,1,chr1-150148820-150150978,APH1A,ZBTB6,0,FALSE
Inhib_LHb_4.1,1,chr1-155687882-155689351,RIT1,RFX1,0,FALSE
Inhib_LHb_4.1,1,chr1-156728116-156729233,MRPL24,KLF15,0,FALSE
Inhib_LHb_4.1,1,chr1-202348205-202349521,ARL8A,MEIS1,0,FALSE
Inhib_LHb_4.1,1,chr1-234213930-234215357,TARBP1,KLF16,0,FALSE
Inhib_LHb_4.1,1,chr1-235503710-235505597,B3GALNT2,EGR1,0,FALSE
Inhib_LHb_4.1,1,chr2-32039162-32040145,YIPF4,KLF6,0,FALSE
Inhib_LHb_4.1,1,chr2-42060477-42061609,MTA3,KLF9,0,FALSE
Inhib_LHb_4.1,1,chr2-61853631-61855501,COMMD1,ZNF317,0,FALSE
Inhib_LHb_4.1,1,chr2-70141905-70143001,ANXA4,ZNF740,0,FALSE
Inhib_LHb_4.1,1,chr2-113755675-113757488,RABL2A,CREB1,0,FALSE
Inhib_LHb_4.1,1,chr2-130754966-130756991,IMP4,KLF16,0,FALSE
Inhib_LHb_4.1,1,chr2-172612793-172614600,RAPGEF4,KLF15,0,FALSE
Inhib_LHb_4.1,1,chr2-218567761-218569335,PLCD4,PLAG1,0,FALSE
Inhib_LHb_4.1,1,chr2-219228401-219230422,CDK5R2,ZNF317,0,FALSE
Inhib_LHb_4.1,1,chr2-219552062-219553066,SPEG,NR2C2,0,FALSE
Inhib_LHb_4.1,1,chr2-233566022-233566944,ATG16L1,OTX2,0,FALSE
Inhib_LHb_4.1,1,chr2-238060147-238061809,TRAF3IP1,ZNF317,0,FALSE
Inhib_LHb_4.1,1,chr2-27262897-27263383,ZNF513,KLF9,0,FALSE
Inhib_LHb_4.1,1,chr2-38028570-38029407,ATL2,ZBTB6,0,FALSE
Inhib_LHb_4.1,1,chr2-99140618-99142053,TXNDC9,ZIC4,0,FALSE
Inhib_LHb_4.1,1,chr2-128026814-128028705,POLR2D,KLF9,0,FALSE
Inhib_LHb_4.1,1,chr2-128260537-128262117,SAP130,ZNF263,0,FALSE
Inhib_LHb_4.1,1,chr2-197804227-197805647,SF3B1,ZKSCAN5,0,FALSE
Inhib_LHb_4.1,1,chr3-4994795-4995645,BHLHE40,MYC,0,FALSE
Inhib_LHb_4.1,1,chr3-12642405-12643638,MKRN2,RARA,0,FALSE
Inhib_LHb_4.1,1,chr3-44975163-44976725,LARS2,ZNF740,0,FALSE
Inhib_LHb_4.1,1,chr3-49339543-49340952,WDR6,KLF9,0,FALSE
Inhib_LHb_4.2,1,chr19-639158-640225,GPX4,ZNF740,0,FALSE
Inhib_LHb_4.2,1,chr14-24398362-24400183,SDR39U1,KLF3,0,FALSE
Inhib_LHb_4.2,1,chr16-67666170-67667404,THAP11,ZBTB6,0,FALSE
Inhib_LHb_4.2,1,chr1-30823971-30825173,ZCCHC17,SRF,0,FALSE
Inhib_LHb_4.2,1,chr3-113745200-113747656,CFAP44,PKNOX1,0,FALSE
Inhib_LHb_4.2,1,chr3-161371378-161373262,SPTSSB,SP4,0,FALSE
Inhib_LHb_4.2,1,chr3-185152294-185153981,MAGEF1,EBF3,0,FALSE
Inhib_LHb_4.2,1,chr1-46219250-46220479,NSUN4,MAFK,0,FALSE
Inhib_LHb_4.2,1,chr4-2401850-2403278,RNF4,E2F6,0,FALSE
Inhib_LHb_4.2,1,chr4-55545659-55547603,EXOC1,TCF4,0,FALSE
Inhib_LHb_4.2,1,chr4-176194733-176195851,SPCS3,ETV6,0,FALSE
Inhib_LHb_4.2,1,chr4-4385950-4387999,TMEM128,KLF13,0,FALSE
Inhib_LHb_4.2,1,chr1-64663436-64664015,RAVER2,PLAG1,0,FALSE
Inhib_LHb_4.2,1,chr4-5925249-5926021,JAKMIP1,TFAP2A,0,FALSE
Inhib_LHb_4.2,1,chr3-101676028-101677466,PCNP,TFAP2A,0,FALSE
Inhib_LHb_4.2,1,chr1-110291896-110292859,KCNC4,JUN,0,FALSE
Inhib_LHb_4.2,1,chr1-111203603-111204698,CEPT1,KLF6,0,FALSE
Inhib_LHb_4.2,1,chr1-146037424-146038311,POLR3GL,UNCX,0,FALSE
Inhib_LHb_4.2,1,chr4-106315497-106317348,TBCK,SP3,0,FALSE
Inhib_LHb_4.2,1,chr1-147669348-147670963,GPR89B,SP4,0,FALSE
Inhib_LHb_4.2,1,chr5-32312139-32313690,SUB1,ZBTB7A,0,FALSE
Inhib_LHb_4.2,1,chr5-72013827-72015528,PTCD2,THAP11,0,FALSE
Inhib_LHb_4.2,1,chr3-120416808-120417875,NDUFB4,RFX1,0,FALSE
Inhib_LHb_4.2,1,chr1-151058757-151059992,MLLT11,CEBPB,0,FALSE
Inhib_LHb_4.2,1,chr5-119070367-119071819,HSD17B4,KLF9,0,FALSE
Inhib_LHb_4.2,1,chr5-176371711-176372488,FAM153B,JUN,0,FALSE
Inhib_LHb_4.2,1,chr5-176388183-176389553,FAF2,FOXP1,0,FALSE
Inhib_LHb_4.2,1,chr5-77417811-77418364,ZBED3,XBP1,0,FALSE
Inhib_LHb_4.2,1,chr5-110738038-110739625,WDR36,MNT,0,FALSE
Inhib_LHb_4.2,1,chr1-151716643-151717158,CGN,PPARD,0,FALSE
Inhib_LHb_4.2,1,chr5-133051185-133052928,KIF3A,HIC2,0,FALSE
Inhib_LHb_4.2,1,chr1-155294524-155296116,ADAM15,CREM,0,FALSE
Inhib_LHb_4.2,1,chr5-139709039-139709589,SIL1,RELA,0,FALSE
Inhib_LHb_4.2,1,chr1-193058523-193060223,CDC73,ATF2,0,FALSE
Inhib_LHb_4.2,1,chr1-225923512-225924795,H3F3A,KLF16,0,FALSE
Inhib_LHb_4.2,1,chr1-244862908-244864907,DESI2,TFDP1,0,FALSE
Inhib_LHb_4.2,1,chr5-149564492-149565260,CSNK1A1,NFIL3,0,FALSE
Inhib_LHb_4.2,1,chr6-31702582-31703550,C2,SP1,0,FALSE
Inhib_LHb_4.2,1,chr6-31814100-31815727,STK19,MAFK,0,FALSE
Inhib_LHb_4.2,1,chr1-1355039-1355680,HES4,E2F6,0,FALSE
Inhib_LHb_4.2,1,chr1-1073886-1074673,CCNL2,PLAG1,0,FALSE
Inhib_LHb_4.2,1,chr1-2160155-2161139,PANK4,SP1,0,FALSE
Inhib_LHb_4.2,1,chr1-6245045-6246228,ACOT7,SP4,0,FALSE
Inhib_LHb_4.2,1,chr1-16642796-16643183,ATP13A2,PLAG1,0,FALSE
Inhib_LHb_4.2,1,chr6-42781801-42783860,RPL7L1,TCFL5,0,FALSE
Inhib_LHb_4.2,1,chr1-30823971-30825173,SNRNP40,NFYB,0,FALSE
Inhib_LHb_4.2,1,chr1-32650183-32651795,AK2,MXI1,0,FALSE
Inhib_LHb_4.2,1,chr6-43274553-43275591,TTBK1,TFDP1,0,FALSE
Inhib_LHb_4.2,1,chr6-43307595-43309010,ABCC10,THAP11,0,FALSE
Inhib_LHb_4.2,1,chr6-47477244-47478569,CD2AP,PRDM4,0,FALSE
Inhib.Thal,1,chr1-999709-1000977,KLHL17,ZNF148,0,FALSE
Inhib.Thal,1,chr1-1032275-1033511,AGRN,KLF5,0,FALSE
Inhib.Thal,1,chr1-1686882-1687237,B3GALT6,MEF2A,0,FALSE
Inhib.Thal,1,chr1-2042897-2043747,SKI,KLF5,0,FALSE
Inhib.Thal,1,chr1-6157717-6157957,KCNAB2,REST,0,FALSE
Inhib.Thal,1,chr1-6276296-6276741,RNF207,EBF1,0,FALSE
Inhib.Thal,1,chr1-6922438-6922936,PHF13,PRDM1,0,FALSE
Inhib.Thal,1,chr1-9849645-9849963,KIF1B,ZBTB18,0,FALSE
Inhib.Thal,1,chr1-9996985-9998087,PEX14,ZBTB7B,0,FALSE
Inhib.Thal,1,chr1-11960407-11960851,VPS13D,REST,0,FALSE
Inhib.Thal,1,chr1-12519001-12519956,VPS13D,MEIS3,0,FALSE
Inhib.Thal,1,chr1-15616743-15618155,EFHD2,ETV3,0,FALSE
Inhib.Thal,1,chr1-16078900-16079276,PLEKHM2,NFATC2,0,FALSE
Inhib.Thal,1,chr1-16612537-16613994,SZRD1,KLF9,0,FALSE
Inhib.Thal,1,chr1-16612537-16613994,NECAP2,ZKSCAN5,0,FALSE
Inhib.Thal,1,chr1-17046168-17046378,CROCC,HNF4G,0,FALSE
Inhib.Thal,1,chr1-20361816-20362270,UBXN10,PBX3,0,FALSE
Inhib.Thal,1,chr1-22024126-22026167,ZBTB40,ZBTB7A,0,FALSE
Inhib.Thal,1,chr1-22282287-22282600,EPHB2,KLF15,0,FALSE
Inhib.Thal,1,chr1-24501716-24503583,RCAN3,KLF6,0,FALSE
Inhib.Thal,1,chr1-25513644-25514263,RHD,TCF3,0,FALSE
Inhib.Thal,1,chr1-25239244-25240301,TMEM50A,EHF,0,FALSE
Inhib.Thal,1,chr1-26471385-26473361,CEP85,ZNF282,0,FALSE
Inhib.Thal,1,chr1-26471385-26473361,HMGN2,EHF,0,FALSE
Inhib.Thal,1,chr1-26620132-26621648,HMGN2,ELF1,0,FALSE
Inhib.Thal,1,chr1-26190374-26190718,RPS6KA1,PLAG1,0,FALSE
Inhib.Thal,1,chr1-26306147-26307218,ARID1A,SP2,0,FALSE
Inhib.Thal,1,chr1-26864571-26865703,ZDHHC18,LEF1,0,FALSE
Inhib.Thal,1,chr1-26471385-26473361,ZDHHC18,EHF,0,FALSE
Inhib.Thal,1,chr1-27527565-27528420,GPR3,ZNF684,0,FALSE
Inhib.Thal,1,chr1-27233809-27235673,GPR3,BCL6,0,FALSE
Inhib.Thal,1,chr1-27862729-27862950,STX12,MXI1,0,FALSE
Inhib.Thal,1,chr1-27980329-27982153,PPP1R8,ZNF384,0,FALSE
Inhib.Thal,1,chr1-29470188-29470881,PTPRU,HES7,0,FALSE
Inhib.Thal,1,chr1-31782796-31783266,KPNA6,SPI1,0,FALSE
Inhib.Thal,1,chr1-32393884-32395155,TXLNA,TEAD1,0,FALSE
Inhib.Thal,1,chr1-32463993-32465520,RBBP4,TCF7L1,0,FALSE
Inhib.Thal,1,chr1-32539079-32540344,RBBP4,SOX2,0,FALSE
Inhib.Thal,1,chr1-32863421-32863684,KIAA1522,ZBTB26,0,FALSE
Inhib.Thal,1,chr1-32816785-32818532,HPCA,ZIC1,0,FALSE
Inhib.Thal,1,chr1-36160835-36161226,AGO3,ELK4,0,FALSE
Inhib.Thal,1,chr1-35930209-35931921,ADPRHL2,OVOL2,0,FALSE
Inhib.Thal,1,chr1-36223684-36224977,THRAP3,RORA,0,FALSE
Inhib.Thal,1,chr1-35930209-35931921,THRAP3,HIC2,0,FALSE
Inhib.Thal,1,chr1-36007522-36007900,SH3D21,MAFK,0,FALSE
Inhib.Thal,1,chr1-38133814-38134219,UTP11,MEF2A,0,FALSE
Inhib.Thal,1,chr1-38990532-38992390,NDUFS5,NFATC2,0,FALSE
Inhib.Thal,1,chr1-40039436-40041072,EXO5,ELF2,0,FALSE
Inhib.Thal,1,chr1-40315927-40317654,EXO5,KLF2,0,FALSE
Inhib.Thal,1,chr1-43649212-43650826,PTPRF,NFATC2,0,FALSE
LHb.1.3.4,1,chr1-1630005-1630419,SCNN1D,KLF15,0,FALSE
LHb.1.3.4,1,chr1-5765974-5766559,KCNAB2,ZNF740,0,FALSE
LHb.1.3.4,1,chr1-6485087-6485762,CAMTA1,ZNF263,0,FALSE
LHb.1.3.4,1,chr1-9057659-9058270,SPSB1,NFATC4,0,FALSE
LHb.1.3.4,1,chr1-10032228-10033806,SLC25A33,E2F6,0,FALSE
LHb.1.3.4,1,chr1-9942804-9943904,PGD,NFATC3,0,FALSE
LHb.1.3.4,1,chr1-9909328-9911053,PGD,ZBTB7C,0,FALSE
LHb.1.3.4,1,chr1-11247989-11248638,UBIAD1,CEBPA,0,FALSE
LHb.1.3.4,1,chr1-19974742-19975035,OTUD3,SPI1,0,FALSE
LHb.1.3.4,1,chr1-26045586-26046340,RPS6KA1,TFDP1,0,FALSE
LHb.1.3.4,1,chr1-27489641-27490775,TRNP1,FOXO3,0,FALSE
LHb.1.3.4,1,chr1-27106568-27106818,TMEM222,SPI1,0,FALSE
LHb.1.3.4,1,chr1-32013233-32014917,CCDC28B,E2F6,0,FALSE
LHb.1.3.4,1,chr1-31937346-31938852,HDAC1,SP4,0,FALSE
LHb.1.3.4,1,chr1-32507517-32508299,TSSK3,FOXO6,0,FALSE
LHb.1.3.4,1,chr1-36069090-36069289,AGO3,ZNF274,0,FALSE
LHb.1.3.4,1,chr1-40323786-40324612,ZNF684,GABPA,0,FALSE
LHb.1.3.4,1,chr1-42314290-42314702,RIMKLA,MAFK,0,FALSE
LHb.1.3.4,1,chr1-44047367-44048020,KDM4A,POU3F2,0,FALSE
LHb.1.3.4,1,chr1-43595669-43596303,B4GALT2,RBPJ,0,FALSE
LHb.1.3.4,1,chr1-46035081-46035617,NASP,NFATC4,0,FALSE
LHb.1.3.4,1,chr1-46042027-46042472,MAST2,SREBF1,0,FALSE
LHb.1.3.4,1,chr1-59393009-59394288,HOOK1,FOXO6,0,FALSE
LHb.1.3.4,1,chr1-64688011-64688856,CACHD1,ZNF740,0,FALSE
LHb.1.3.4,1,chr1-66393706-66394220,SGIP1,ZNF263,0,FALSE
LHb.1.3.4,1,chr1-75517221-75517642,ACADM,TFDP1,0,FALSE
LHb.1.3.4,1,chr1-75785418-75786550,RABGGTB,MEF2D,0,FALSE
LHb.1.3.4,1,chr1-77308622-77309131,AK5,ATF2,0,FALSE
LHb.1.3.4,1,chr1-77281436-77283170,MIGA1,KLF3,0,FALSE
LHb.1.3.4,1,chr1-99217421-99218074,PLPPR4,RFX1,0,FALSE
LHb.1.3.4,1,chr1-100132308-100133668,MFSD14A,ZNF148,0,FALSE
LHb.1.3.4,1,chr1-112704607-112705155,MOV10,EBF1,0,FALSE
LHb.1.3.4,1,chr1-113629896-113631246,MAGI3,SOX4,0,FALSE
LHb.1.3.4,1,chr1-150168896-150169258,MRPS21,RELA,0,FALSE
LHb.1.3.4,1,chr1-151047357-151048766,CGN,RARA,0,FALSE
LHb.1.3.4,1,chr1-154557921-154559803,HAX1,KLF9,0,FALSE
LHb.1.3.4,1,chr1-154767324-154767850,ZBTB7B,JUN,0,FALSE
LHb.1.3.4,1,chr1-155261485-155262633,MTX1,ZKSCAN5,0,FALSE
LHb.1.3.4,1,chr1-156212574-156213759,PMF1,NFIX,0,FALSE
LHb.1.3.4,1,chr1-156725777-156726133,TMEM79,SREBF1,0,FALSE
LHb.1.3.4,1,chr1-156500303-156501541,RRNAD1,KLF11,0,FALSE
LHb.1.3.4,1,chr1-161612222-161613071,NIT1,ETS2,0,FALSE
LHb.1.3.4,1,chr1-161612222-161613071,UFC1,ZIC1,0,FALSE
LHb.1.3.4,1,chr1-163068557-163069511,RGS4,RFX2,0,FALSE
LHb.1.3.4,1,chr1-165570105-165570833,UCK2,ZNF354C,0,FALSE
LHb.1.3.4,1,chr1-170631051-170631380,PRRX1,ASCL1,0,FALSE
LHb.1.3.4,1,chr1-179292983-179294136,FAM20B,RARA,0,FALSE
LHb.1.3.4,1,chr1-204072872-204073753,SNRPE,ZNF460,0,FALSE
LHb.1.3.4,1,chr1-207345692-207347160,CR2,SREBF1,0,FALSE
LHb.1.3.4,1,chr1-209879251-209879842,G0S2,SOX10,0,FALSE
LHb.2.7,1,chr1-1273321-1275132,ATAD3B,KLF6,0,FALSE
LHb.2.7,1,chr1-2652210-2654927,SKI,TEAD1,0,FALSE
LHb.2.7,1,chr1-7109923-7110808,CAMTA1,ZNF652,0,FALSE
LHb.2.7,1,chr1-20385667-20386011,VWA5B1,E2F6,0,FALSE
LHb.2.7,1,chr1-25521917-25522799,MAN1C1,KLF5,0,FALSE
LHb.2.7,1,chr1-29230541-29231357,EPB41,NRF1,0,FALSE
LHb.2.7,1,chr1-31154606-31155723,ZCCHC17,MAZ,0,FALSE
LHb.2.7,1,chr1-39845371-39846276,RLF,SPI1,0,FALSE
LHb.2.7,1,chr1-41366436-41366680,CTPS1,KLF11,0,FALSE
LHb.2.7,1,chr1-42952342-42953492,ERMAP,FOXP1,0,FALSE
LHb.2.7,1,chr1-44010881-44011512,PTPRF,SMAD5,0,FALSE
LHb.2.7,1,chr1-63073587-63074882,ATG4C,ZNF148,0,FALSE
LHb.2.7,1,chr1-74689837-74690144,FPGT,FOXP1,0,FALSE
LHb.2.7,1,chr1-93078744-93080099,FNBP1L,FOXK1,0,FALSE
LHb.2.7,1,chr1-100421812-100422557,RTCA,MEF2B,0,FALSE
LHb.2.7,1,chr1-109213412-109214971,TMEM167B,NRF1,0,FALSE
LHb.2.7,1,chr1-109672988-109673717,CELSR2,OVOL2,0,FALSE
LHb.2.7,1,chr1-113199906-113200316,MAGI3,ZNF652,0,FALSE
LHb.2.7,1,chr1-114224274-114224800,HIPK1,PBX3,0,FALSE
LHb.2.7,1,chr1-114218795-114219797,HIPK1,ZNF24,0,FALSE
LHb.2.7,1,chr1-116310985-116312786,ATP1A1,NFIL3,0,FALSE
LHb.2.7,1,chr1-149939022-149939526,BOLA1,PPARG,0,FALSE
LHb.2.7,1,chr1-151836475-151836787,RIIAD1,NFYC,0,FALSE
LHb.2.7,1,chr1-156123528-156124130,NAXE,SOX4,0,FALSE
LHb.2.7,1,chr1-160639243-160639948,KLHDC9,ZNF135,0,FALSE
LHb.2.7,1,chr1-179877323-179878105,TDRD5,SREBF1,0,FALSE
LHb.2.7,1,chr1-179877323-179878105,CEP350,NFE2L1,0,FALSE
LHb.2.7,1,chr1-203508480-203508846,ATP2B4,SP2,0,FALSE
LHb.2.7,1,chr1-203592021-203592568,SNRPE,ZEB1,0,FALSE
LHb.2.7,1,chr1-220298481-220299272,C1orf115,IRF9,0,FALSE
LHb.2.7,1,chr1-225923512-225924795,SRP9,HEY1,0,FALSE
LHb.2.7,1,chr1-229258005-229258560,URB2,ZIC1,0,FALSE
LHb.2.7,1,chr1-245091868-245092785,EFCAB2,CEBPG,0,FALSE
LHb.2.7,1,chr1-246506312-246507487,CNST,KLF5,0,FALSE
LHb.2.7,1,chr1-633694-634122,HES4,ZNF135,0,FALSE
LHb.2.7,1,chr1-1324294-1325281,NADK,KLF9,0,FALSE
LHb.2.7,1,chr1-8423211-8424369,ERRFI1,ZIC4,0,FALSE
LHb.2.7,1,chr1-27980329-27982153,AHDC1,GABPA,0,FALSE
LHb.2.7,1,chr1-31563887-31564769,ADGRB2,NEUROD1,0,FALSE
LHb.2.7,1,chr1-34781187-34781918,DLGAP3,ZNF682,0,FALSE
LHb.2.7,1,chr1-41874324-41875734,HIVEP3,MSC,0,FALSE
LHb.2.7,1,chr1-44820835-44821184,HECTD3,SOX9,0,FALSE
LHb.2.7,1,chr1-53945296-53946754,HSPB11,ZNF682,0,FALSE
LHb.2.7,1,chr1-85707524-85709105,BCL10,ELF1,0,FALSE
LHb.2.7,1,chr1-109529922-109530984,C1orf194,EBF3,0,FALSE
LHb.2.7,1,chr1-114153423-114153870,RSBN1,VEZF1,0,FALSE
LHb.2.7,1,chr1-114345631-114347002,BCL2L15,EBF3,0,FALSE
LHb.2.7,1,chr1-116909369-116911514,CD58,KLF11,0,FALSE
LHb.2.7,1,chr1-145884792-145886514,RBM8A,KLF11,0,FALSE
LHb.2.7,1,chr1-147236485-147237610,ACP6,SPI1,0,FALSE
LHb.4,1,chr11-16612629-16614391,SOX6,POU4F3,0,FALSE
LHb.4,1,chr22-40651543-40652646,MCHR1,TFAP2B,0,FALSE
LHb.4,1,chr7-134645945-134647439,BPGM,FLI1,0,FALSE
LHb.4,1,chr7-1818723-1818959,MRM2,MYF6,0,FALSE
LHb.4,1,chr1-167319439-167319743,POU2F1,IKZF1,0,FALSE
LHb.4,1,chr1-200152848-200153541,NR5A2,NOTO,0,FALSE
LHb.4,1,chr1-209957389-209957725,SERTAD4,VDR,0,FALSE
LHb.4,1,chr1-1658719-1659273,SSU72,ETS1,0,FALSE
LHb.4,1,chr1-2194506-2195469,FAAP20,FLI1,0,FALSE
LHb.4,1,chr1-23587457-23587804,ZNF436,IKZF1,0,FALSE
LHb.4,1,chr1-32924666-32925256,SYNC,NR1I3,0,FALSE
LHb.4,1,chr1-155244097-155245220,SCAMP3,NFATC2,0,FALSE
LHb.4,1,chr1-168409506-168410247,DPT,IKZF1,0,FALSE
LHb.4,1,chr1-182616158-182616499,RGS16,FLI1,0,FALSE
LHb.4,1,chr1-185249077-185249837,TRMT1L,IKZF1,0,FALSE
LHb.4,1,chr1-204340222-204340558,PPP1R15B,GCM2,0,FALSE
LHb.4,1,chr1-205704149-205704753,RAB29,ZNF354C,0,FALSE
LHb.4,1,chr2-39664881-39667088,TMEM178A,SOX18,0,FALSE
LHb.4,1,chr2-74087744-74088007,TET3,FLI1,0,FALSE
LHb.4,1,chr2-112155228-112156071,FBLN7,ETS1,0,FALSE
LHb.4,1,chr2-184685466-184686346,ZNF804A,IKZF1,0,FALSE
LHb.4,1,chr2-237858324-237860174,RAMP1,MYF6,0,FALSE
LHb.4,1,chr2-241148876-241150954,ATG4B,TFAP2A,0,FALSE
LHb.4,1,chr2-74130309-74130968,SLC4A5,ZNF354C,0,FALSE
LHb.4,1,chr2-74087744-74088007,SLC4A5,FLI1,0,FALSE
LHb.4,1,chr2-84798134-84799111,TRABD2A,VDR,0,FALSE
LHb.4,1,chr2-130797379-130799285,CCDC115,TFAP2B,0,FALSE
LHb.4,1,chr2-162490122-162491850,KCNH7,SOX18,0,FALSE
LHb.4,1,chr2-207710707-207712436,C2orf80,TFAP2B,0,FALSE
LHb.4,1,chr3-37639314-37641214,ITGA9,DRGX,0,FALSE
LHb.4,1,chr3-76131438-76131687,ROBO2,SOX18,0,FALSE
LHb.4,1,chr3-128547285-128548089,RAB7A,IKZF1,0,FALSE
LHb.4,1,chr3-47009028-47010072,CCDC12,HEY2,0,FALSE
LHb.4,1,chr3-47522132-47522895,SETD2,SOHLH2,0,FALSE
LHb.4,1,chr3-47009028-47010072,KIF9,HEY2,0,FALSE
LHb.4,1,chr3-49006531-49008124,CCDC71,TFAP2A,0,FALSE
LHb.4,1,chr3-133037554-133039097,NPHP3,PAX3,0,FALSE
LHb.4,1,chr3-170812994-170813656,RPL22L1,EMX2,0,FALSE
LHb.4,1,chr4-7569707-7570679,SORCS2,IKZF1,0,FALSE
LHb.4,1,chr4-78091778-78093129,FRAS1,IKZF1,0,FALSE
LHb.4,1,chr4-8072315-8072839,ACOX3,HEY2,0,FALSE
LHb.4,1,chr4-46992290-46994361,GABRA4,EN2,0,FALSE
LHb.4,1,chr4-155718498-155718833,CTSO,POU4F3,0,FALSE
LHb.4,1,chr5-176447092-176448884,FAM153B,FEV,0,FALSE
LHb.4,1,chr5-141494072-141494377,PCDH1,POU4F3,0,FALSE
LHb.4,1,chr5-141763396-141763787,GNPDA1,MEOX1,0,FALSE
LHb.4,1,chr6-7771051-7771631,RIOK1,MEOX1,0,FALSE
LHb.4,1,chr4-146654830-146655626,TTC29,DRGX,0,FALSE
LHb.4,1,chr3-138400568-138400951,CLDN18,DRGX,0,FALSE
LHb.4,1,chr3-138433989-138435395,NME9,ERG,0,FALSE
MHb.1,1,chr1-1504645-1505189,CPTP,NR1D1,0,FALSE
MHb.1,1,chr1-6770652-6772345,ZBTB48,POU3F3,0,FALSE
MHb.1,1,chr1-9538781-9540438,H6PD,IRF3,0,FALSE
MHb.1,1,chr1-22024126-22026167,ZBTB40,JUNB,0,FALSE
MHb.1,1,chr1-26799405-26800229,WDTC1,FOS,0,FALSE
MHb.1,1,chr1-28235459-28236923,PPP1R8,ETS1,0,FALSE
MHb.1,1,chr1-32062333-32062868,ZBTB8A,ATF2,0,FALSE
MHb.1,1,chr1-39016480-39017045,MACF1,FOXK1,0,FALSE
MHb.1,1,chr1-39788354-39789501,BMP8A,TCF3,0,FALSE
MHb.1,1,chr1-39639333-39640085,BMP8A,TCF4,0,FALSE
MHb.1,1,chr1-44005546-44005979,B4GALT2,SPI1,0,FALSE
MHb.1,1,chr1-46442302-46442930,LURAP1,NR2F1,0,FALSE
MHb.1,1,chr1-53316881-53317671,SCP2,ZNF341,0,FALSE
MHb.1,1,chr1-66964118-66964688,MIER1,NR1D1,0,FALSE
MHb.1,1,chr1-89820508-89822399,LRRC8B,TFCP2,0,FALSE
MHb.1,1,chr1-93446935-93447347,DR1,MAFG,0,FALSE
MHb.1,1,chr1-107140884-107141796,NTNG1,ZIC5,0,FALSE
MHb.1,1,chr1-108597097-108597419,TMEM167B,TCF4,0,FALSE
MHb.1,1,chr1-109703693-109704558,STRIP1,NR2C2,0,FALSE
MHb.1,1,chr1-110673161-110675659,KCNC4,ZSCAN29,0,FALSE
MHb.1,1,chr1-112923313-112924267,MOV10,SOX4,0,FALSE
MHb.1,1,chr1-150214874-150215301,VPS45,STAT3,0,FALSE
MHb.1,1,chr1-153928970-153929418,ATP8B2,NFIB,0,FALSE
MHb.1,1,chr1-155244097-155245220,AC234582.1,NR1D1,0,FALSE
MHb.1,1,chr1-161258366-161259625,DUSP12,RBPJ,0,FALSE
MHb.1,1,chr1-167713316-167715255,MPZL1,VEZF1,0,FALSE
MHb.1,1,chr1-179228759-179230141,FAM20B,TFAP2E,0,FALSE
MHb.1,1,chr1-181658413-181659631,CACNA1E,IRF3,0,FALSE
MHb.1,1,chr1-197591776-197592128,C1orf53,HIC2,0,FALSE
MHb.1,1,chr1-197902116-197903253,C1orf53,ATF6,0,FALSE
MHb.1,1,chr1-201443448-201444051,SHISA4,HIC2,0,FALSE
MHb.1,1,chr1-205485270-205485874,CDK18,FOXO3,0,FALSE
MHb.1,1,chr1-207797381-207797831,CD55,ZBTB18,0,FALSE
MHb.1,1,chr1-220271626-220272899,IARS2,NR2F1,0,FALSE
MHb.1,1,chr1-222711338-222713615,MIA3,EBF1,0,FALSE
MHb.1,1,chr1-222711338-222713615,DISP1,ARNT2,0,FALSE
MHb.1,1,chr1-224615650-224617498,CNIH4,TFDP1,0,FALSE
MHb.1,1,chr1-230307992-230308688,GALNT2,SP2,0,FALSE
MHb.1,1,chr1-233294916-233295873,MAP10,POU6F2,0,FALSE
MHb.1,1,chr1-1014916-1015521,C1orf159,MAZ,0,FALSE
MHb.1,1,chr1-1670938-1672805,ACAP3,TCF4,0,FALSE
MHb.1,1,chr1-1231195-1232639,DVL1,ETV2,0,FALSE
MHb.1,1,chr1-2137920-2138440,GNB1,TFDP1,0,FALSE
MHb.1,1,chr1-1908282-1909444,MORN1,SP2,0,FALSE
MHb.1,1,chr1-8329384-8330203,RERE,REST,0,FALSE
MHb.1,1,chr1-16946060-16947109,NBPF1,EBF1,0,FALSE
MHb.1,1,chr1-20485368-20487115,MUL1,KLF5,0,FALSE
MHb.1,1,chr1-20687292-20687689,EIF4G3,ZNF16,0,FALSE
MHb.1,1,chr1-22928254-22929332,HNRNPR,KLF11,0,FALSE
MHb.1,1,chr1-23367608-23369877,ZNF436,TCF4,0,FALSE
MHb.1.2,1,chr11-66346376-66348599,FIBP,ZBTB18,0,FALSE
MHb.1.2,1,chr17-81821306-81822097,NPB,MNT,0,FALSE
MHb.1.2,1,chr6-30555364-30557607,PPP1R11,RFX4,0,FALSE
MHb.1.2,1,chr6-35297629-35298079,RPL10A,ZNF263,0,FALSE
MHb.1.2,1,chr1-40649419-40649883,RLF,TCF3,0,FALSE
MHb.1.2,1,chr1-109041126-109042528,GPR61,SP1,0,FALSE
MHb.1.2,1,chr1-109655638-109656961,SLC6A17,ETV5,0,FALSE
MHb.1.2,1,chr1-111618953-111620625,DDX20,ESR2,0,FALSE
MHb.1.2,1,chr1-163068557-163069511,RGS4,OTX2,0,FALSE
MHb.1.2,1,chr1-201582350-201583333,RNPEP,LEF1,0,FALSE
MHb.1.2,1,chr1-206635143-206636288,DYRK3,E2F6,0,FALSE
MHb.1.2,1,chr1-219459434-219460259,LYPLAL1,MAFK,0,FALSE
MHb.1.2,1,chr1-225890466-225891140,SRP9,ERF,0,FALSE
MHb.1.2,1,chr1-1664953-1666265,SDF4,ESR2,0,FALSE
MHb.1.2,1,chr1-1246285-1247077,SLC35E2B,ZNF263,0,FALSE
MHb.1.2,1,chr1-6436824-6438345,RPL22,ZNF341,0,FALSE
MHb.1.2,1,chr1-20342218-20344360,SH2D5,ZNF410,0,FALSE
MHb.1.2,1,chr1-32239632-32241734,ZBTB8OS,GABPA,0,FALSE
MHb.1.2,1,chr1-39538707-39539499,PABPC4,ZNF263,0,FALSE
MHb.1.2,1,chr1-52055926-52056980,TXNDC12,ETV5,0,FALSE
MHb.1.2,1,chr1-91021048-91022683,ZNF644,HIC2,0,FALSE
MHb.1.2,1,chr1-107834779-107835925,VAV3,HIC2,0,FALSE
MHb.1.2,1,chr1-111203603-111204698,DRAM2,PLAG1,0,FALSE
MHb.1.2,1,chr1-155050366-155052304,FAM189B,ESR2,0,FALSE
MHb.1.2,1,chr1-193121085-193122485,UCHL5,ZNF740,0,FALSE
MHb.1.2,1,chr2-61887849-61889552,COMMD1,ZNF460,0,FALSE
MHb.1.2,1,chr2-74198057-74199641,STAMBP,ZNF140,0,FALSE
MHb.1.2,1,chr2-27442107-27443471,GTF3C2,MNT,0,FALSE
MHb.1.2,1,chr2-32277479-32278502,MEMO1,FOXP2,0,FALSE
MHb.1.2,1,chr2-39737599-39738056,MAP4K3,ETV5,0,FALSE
MHb.1.2,1,chr2-71190962-71192015,ADD2,ZKSCAN5,0,FALSE
MHb.1.2,1,chr2-96637597-96638708,LMAN2L,GLIS1,0,FALSE
MHb.1.2,1,chr2-113976157-113976811,SLC35F5,ELF1,0,FALSE
MHb.1.2,1,chr2-160005577-160006855,BAZ2B,ZNF263,0,FALSE
MHb.1.2,1,chr2-240905060-240907359,MTERF4,ZNF460,0,FALSE
MHb.1.2,1,chr3-52704685-52706513,PHF7,LEF1,0,FALSE
MHb.1.2,1,chr3-98592743-98594174,ST3GAL6,THRB,0,FALSE
MHb.1.2,1,chr3-101676028-101677466,NXPE3,MAZ,0,FALSE
MHb.1.2,1,chr3-50154544-50155572,IFRD2,FOXP2,0,FALSE
MHb.1.2,1,chr3-179322394-179323851,GNB4,ZNF263,0,FALSE
MHb.1.2,1,chr3-180516204-180517133,DNAJC19,TCF3,0,FALSE
MHb.1.2,1,chr3-184314292-184315563,PARL,SP1,0,FALSE
MHb.1.2,1,chr4-2534879-2537598,RNF4,SP4,0,FALSE
MHb.1.2,1,chr4-25312297-25313148,ZCCHC4,ZEB1,0,FALSE
MHb.1.2,1,chr4-123435120-123436604,SPRY1,ELF1,0,FALSE
MHb.1.2,1,chr4-22418234-22419064,KCNIP4,ZNF263,0,FALSE
MHb.1.2,1,chr4-49213128-49214151,FRYL,ZNF263,0,FALSE
MHb.1.2,1,chr4-83034381-83035908,TMEM150C,ZNF341,0,FALSE
MHb.1.2,1,chr4-103719056-103720858,TACR3,E2F4,0,FALSE
MHb.1.2,1,chr4-176194733-176195851,GPM6A,CENPB,0,FALSE
MHb.2,1,chr1-40039436-40041072,SMAP2,MEF2B,0,FALSE
MHb.2,1,chr18-46373280-46373945,RNF165,RORB,0,FALSE
MHb.2,1,chr1-145891616-145893258,POLR3GL,GLI2,0,FALSE
MHb.2,1,chr1-181131691-181131894,IER5,RREB1,0,FALSE
MHb.2,1,chr1-230641882-230642952,ARV1,KLF5,0,FALSE
MHb.2,1,chr1-3886039-3887159,CEP104,GLI2,0,FALSE
MHb.2,1,chr1-23483657-23484826,HMGCL,KLF2,0,FALSE
MHb.2,1,chr1-35717803-35719270,KIAA0319L,KLF11,0,FALSE
MHb.2,1,chr1-40856170-40856954,CITED4,IRF5,0,FALSE
MHb.2,1,chr1-145891616-145893258,ANKRD35,GLI2,0,FALSE
MHb.2,1,chr1-145891616-145893258,RBM8A,GLI2,0,FALSE
MHb.2,1,chr2-30404572-30405273,LBH,MEF2B,0,FALSE
MHb.2,1,chr2-32662910-32664011,TTC27,RORB,0,FALSE
MHb.2,1,chr2-169397320-169397887,CCDC173,RREB1,0,FALSE
MHb.2,1,chr3-9890048-9891115,BRPF1,KLF5,0,FALSE
MHb.2,1,chr3-32391514-32392776,GPD1L,RREB1,0,FALSE
MHb.2,1,chr3-113552525-113553047,ATP6V1A,RREB1,0,FALSE
MHb.2,1,chr4-1331759-1332432,CRIPAK,RREB1,0,FALSE
MHb.2,1,chr4-75672361-75673839,RCHY1,KLF5,0,FALSE
MHb.2,1,chr4-139300695-139302481,SETD7,KLF5,0,FALSE
MHb.2,1,chr1-43389127-43390240,KDM4A,GLI2,0,FALSE
MHb.2,1,chr5-173887478-173888515,BOD1,KLF5,0,FALSE
MHb.2,1,chr6-31493831-31494587,CCHCR1,SNAI3,0,FALSE
MHb.2,1,chr6-31971277-31972751,LSM2,KLF5,0,FALSE
MHb.2,1,chr7-44043867-44045283,STK17A,KLF2,0,FALSE
MHb.2,1,chr7-1979334-1980400,SNX8,RREB1,0,FALSE
MHb.2,1,chr7-23193556-23194693,TRA2A,SNAI3,0,FALSE
MHb.2,1,chr8-2021848-2023478,CLN8,SNAI3,0,FALSE
MHb.2,1,chr8-25060943-25061534,NEFM,KLF5,0,FALSE
MHb.2,1,chr8-76852848-76853352,ZFHX4,RREB1,0,FALSE
MHb.2,1,chr8-143193348-143194013,NAPRT,KLF2,0,FALSE
MHb.2,1,chr9-133768665-133770652,CACFD1,RREB1,0,FALSE
MHb.2,1,chr9-137076756-137077950,LRRC26,KLF5,0,FALSE
MHb.2,1,chr9-136799211-136800585,TPRN,RREB1,0,FALSE
MHb.2,1,chr10-43342406-43342967,ZNF487,KLF5,0,FALSE
MHb.2,1,chr11-1396725-1397791,BRSK2,KLF5,0,FALSE
MHb.2,1,chr11-9003515-9004785,SCUBE2,RREB1,0,FALSE
MHb.2,1,chr11-62551616-62552102,TUT1,KLF5,0,FALSE
MHb.2,1,chr11-74397272-74399050,LIPT2,KLF5,0,FALSE
MHb.2,1,chr11-102346625-102347856,TRPC6,RREB1,0,FALSE
MHb.2,1,chr12-67067500-67070851,CAND1,SNAI3,0,FALSE
MHb.2,1,chr12-49109711-49111327,FKBP11,GLI2,0,FALSE
MHb.2,1,chr12-49808628-49809626,CERS5,KLF2,0,FALSE
MHb.2,1,chr12-132566550-132567148,ZNF605,KLF5,0,FALSE
MHb.2,1,chr13-99566219-99567112,TM9SF2,KLF2,0,FALSE
MHb.2,1,chr13-46085523-46087286,RUBCNL,SNAI3,0,FALSE
MHb.2,1,chr14-51533148-51534205,FRMD6,CEBPD,0,FALSE
MHb.2,1,chr14-76924554-76924946,VASH1,SNAI3,0,FALSE
MHb.2,1,chr14-93068533-93069249,TMEM251,KLF2,0,FALSE
MHb.2,1,chr14-24171419-24173242,TM9SF1,PAX6,0,FALSE
Microglia,1,chr9-132240905-132242156,SETX,NRF1,0,FALSE
Microglia,1,chr11-13276845-13279122,FAR1,NRF1,0,FALSE
Microglia,1,chr11-65540113-65541131,EHBP1L1,KLF3,0,FALSE
Microglia,1,chr17-82292212-82293906,CSNK1D,MLXIPL,0,FALSE
Microglia,1,chr18-26089661-26091435,SS18,SP4,0,FALSE
Microglia,1,chr22-29388060-29389053,EWSR1,SP4,0,FALSE
Microglia,1,chr3-119702415-119703553,GSK3B,PRDM1,0,FALSE
Microglia,1,chr10-122878997-122880367,ACADSB,SPI1,5.361445560335466e-6,FALSE
Microglia,1,chr11-12007789-12009977,DKK3,ZEB1,6.250640620262427e-5,FALSE
Microglia,1,chr17-82458002-82459556,SLC16A3,FOXK1,6.331210404647079e-5,FALSE
Microglia,1,chr1-151006303-151007202,SETDB1,ZNF148,6.819524399745694e-5,FALSE
Microglia,1,chr1-150148820-150150978,HIST2H2BE,SPI1,9.445867223414951e-5,FALSE
Microglia,1,chr1-151539492-151540872,CDC42SE1,SP4,1.1051730698336105e-4,FALSE
Microglia,1,chr17-59106019-59107452,SKA2,ZEB1,1.2753568190152333e-4,FALSE
Microglia,1,chr1-109090139-109091276,PSMA5,GLIS3,3.9654001558754e-4,FALSE
Microglia,1,chr5-72013827-72015528,MCCC2,NFIA,5.557491354722489e-4,FALSE
Microglia,1,chr2-27889813-27891355,PPM1G,ZNF148,7.491335010671714e-4,FALSE
Microglia,1,chr3-119676706-119677865,ARHGAP31,ZNF148,8.041048915913945e-4,FALSE
Microglia,1,chr17-7887406-7888129,SAT2,NFATC3,8.579152824060274e-4,FALSE
Microglia,1,chr5-176646828-176647707,NSD1,RBPJ,9.463419464233057e-4,FALSE
Microglia,1,chr7-100874283-100875636,TSC22D4,ATF2,0.0012808372476299577,FALSE
Microglia,1,chr10-102420677-102421595,CUEDC2,RBPJ,0.0014261835423618845,FALSE
Microglia,1,chr2-200962898-200964160,ORC2,SPI1,0.0017195728297849787,FALSE
Microglia,1,chr7-135157451-135159041,AGBL3,ZNF148,0.0018381488713498377,FALSE
Microglia,1,chr15-31365192-31366822,KLF13,ZEB1,0.0021217178521696738,FALSE
Microglia,1,chr11-12007789-12009977,DKK3,NRF1,0.0023295392299319756,FALSE
Microglia,1,chr9-98807312-98808169,SEC61B,ZEB1,0.0024252428750855116,FALSE
Microglia,1,chr17-32006569-32008283,UTP6,USF2,0.0024595568745052468,FALSE
Microglia,1,chr11-134223521-134225827,THYN1,IRF2,0.0026260572822306375,FALSE
Microglia,1,chr4-25159600-25161103,PI4K2B,NRF1,0.0028244478867803027,FALSE
Microglia,1,chr8-80240058-80241002,MRPS28,RREB1,0.0032581091424477428,FALSE
Microglia,1,chr22-31345370-31346432,RNF185,RREB1,0.0037131346017396124,FALSE
Microglia,1,chr1-241423573-241425053,RGS7,MEF2A,0.0038669942842948753,FALSE
Microglia,1,chr22-31345370-31346432,RNF185,RBPJ,0.004218006606187296,FALSE
Microglia,1,chr17-64129258-64131011,POLG2,ZEB1,0.004447774311488681,FALSE
Microglia,1,chr5-72013827-72015528,MCCC2,BACH1,0.004510369415009688,FALSE
Microglia,1,chr5-119452097-119453322,DMXL1,RORA,0.004611964763776873,FALSE
Microglia,1,chr19-8389632-8391050,MYO1F,PPARD,0.004625676382009769,FALSE
Microglia,1,chr10-58268649-58269562,BICC1,PLAG1,0.0046514009317673985,FALSE
Microglia,1,chr12-95547845-95549079,LTA4H,RREB1,0.004769261212759607,FALSE
Microglia,1,chr8-144522266-144522652,GPAA1,KLF6,0.005021813901207136,FALSE
Microglia,1,chr5-140690583-140691869,ANKHD1,SMAD5,0.0050259830751011175,FALSE
Microglia,1,chr6-37172094-37172546,C6orf89,FOXO3,0.005500009547855621,FALSE
Microglia,1,chr11-64916788-64917628,VPS51,TCF4,0.005716352638868108,FALSE
Microglia,1,chr7-92527397-92529131,GATAD1,POU2F1,0.005987241551166927,FALSE
Microglia,1,chr4-56466958-56468299,AASDH,FOXP2,0.006102623674656497,FALSE
Microglia,1,chr16-19167604-19169241,CCP110,SPI1,0.00642999671886463,FALSE
Microglia,1,chr1-9835297-9836503,KIF1B,NFIC,0.006468456697558206,FALSE
Microglia,1,chr5-72013827-72015528,MCCC2,RFX3,0.006542835647563955,FALSE
Microglia,1,chr10-103192194-103193996,PDCD11,SP3,0.0018999047755657095,TRUE
Oligo,1,chr1-1371904-1372313,VWA1,ETV1,0,FALSE
Oligo,1,chr1-3795712-3797054,DFFB,KLF9,0,FALSE
Oligo,1,chr1-7942117-7942983,VAMP3,ZBTB26,0,FALSE
Oligo,1,chr1-15152349-15154267,EFHD2,MAFK,0,FALSE
Oligo,1,chr1-24501716-24503583,CLIC4,MAZ,0,FALSE
Oligo,1,chr1-29259120-29260364,PTPRU,SREBF2,0,FALSE
Oligo,1,chr1-32239632-32241734,TSSK3,ZBTB7A,0,FALSE
Oligo,1,chr1-32351044-32352171,S100PBP,ZNF740,0,FALSE
Oligo,1,chr1-32335210-32335572,S100PBP,E2F6,0,FALSE
Oligo,1,chr1-32650183-32651795,S100PBP,E2F6,0,FALSE
Oligo,1,chr1-45499380-45500607,UROD,ZKSCAN5,0,FALSE
Oligo,1,chr1-63522689-63524095,ROR1,ZNF740,0,FALSE
Oligo,1,chr1-65066414-65068178,DNAJC6,RFX7,0,FALSE
Oligo,1,chr1-86757449-86757847,SH3GLB1,ETS1,0,FALSE
Oligo,1,chr1-96487264-96487718,PTBP2,MEF2A,0,FALSE
Oligo,1,chr1-151611747-151613094,SNX27,KLF11,0,FALSE
Oligo,1,chr1-182396567-182396989,DHX9,ZNF263,0,FALSE
Oligo,1,chr1-205060901-205061995,CDK18,SREBF2,0,FALSE
Oligo,1,chr1-212950119-212951864,RPS6KC1,MZF1,0,FALSE
Oligo,1,chr1-224615650-224617498,DNAH14,HES6,0,FALSE
Oligo,1,chr1-231093188-231094159,ARV1,KLF9,0,FALSE
Oligo,1,chr1-231039082-231041177,SPRTN,PLAGL2,0,FALSE
Oligo,1,chr1-231695689-231696145,DISC1,ZNF263,0,FALSE
Oligo,1,chr1-231626371-231627657,DISC1,PRDM4,0,FALSE
Oligo,1,chr1-1434254-1434752,C1orf159,CTCF,0,FALSE
Oligo,1,chr1-1593847-1594782,ANKRD65,SP4,0,FALSE
Oligo,1,chr1-2087797-2088198,NADK,PKNOX1,0,FALSE
Oligo,1,chr1-2003480-2004203,GNB1,REST,0,FALSE
Oligo,1,chr1-25429892-25431735,RSRP1,NR2C2,0,FALSE
Oligo,1,chr1-32816785-32818532,FAM229A,KLF11,0,FALSE
Oligo,1,chr1-32741490-32742509,FAM229A,ESRRA,0,FALSE
Oligo,1,chr1-36160835-36161226,LSM10,SOX4,0,FALSE
Oligo,1,chr1-20342218-20344360,PINK1,KLF11,0,FALSE
Oligo,1,chr1-38872650-38873934,GJA9,KLF15,0,FALSE
Oligo,1,chr1-40817922-40818996,SCMH1,ZNF684,0,FALSE
Oligo,1,chr1-51517883-51519537,EPS15,E2F6,0,FALSE
Oligo,1,chr1-58652595-58652861,OMA1,CTCF,0,FALSE
Oligo,1,chr1-94236561-94238394,GCLM,NFKB1,0,FALSE
Oligo,1,chr1-151189563-151190623,POGZ,ELK4,0,FALSE
Oligo,1,chr1-153608820-153609490,GATAD2B,PPARD,0,FALSE
Oligo,1,chr1-153963197-153963805,NUP210L,ZBTB7A,0,FALSE
Oligo,1,chr1-179953694-179955469,TOR1AIP2,NR2C2,0,FALSE
Oligo,1,chr1-185156065-185157896,IVNS1ABP,ZNF740,0,FALSE
Oligo,1,chr1-201647730-201649467,PHLDA3,KLF11,0,FALSE
Oligo,1,chr1-203326926-203328077,KLHL12,KLF15,0,FALSE
Oligo,1,chr1-204151321-204152719,PLEKHA6,ZNF148,0,FALSE
Oligo,1,chr1-211698476-211699525,LPGAT1,ZNF317,0,FALSE
Oligo,1,chr1-212514070-212515668,INTS7,ETV1,0,FALSE
Oligo,1,chr2-32063004-32064421,YIPF4,ZNF354C,0,FALSE
Oligo,1,chr2-44086698-44088278,PLEKHH2,ATF3,0,FALSE
OPC,1,chr3-12967048-12968083,RPL32,TEAD1,0,FALSE
OPC,1,chr3-47380199-47381655,CSPG5,SP3,0,FALSE
OPC,1,chr4-142845127-142847529,GAB1,NRF1,0,FALSE
OPC,1,chr8-143814971-143816327,CYC1,SP3,0,FALSE
OPC,1,chr12-132828097-132829460,ZNF84,ETV5,0,FALSE
OPC,1,chr8-143814971-143816327,CYC1,ZEB1,0,FALSE
OPC,1,chr16-684144-684640,METRN,ARNT2,0,FALSE
OPC,1,chr17-16438306-16439362,NCOR1,MITF,0,FALSE
OPC,1,chr16-2214194-2215427,NME3,NRF1,0,FALSE
OPC,1,chr19-17538823-17540272,SLC27A1,RBPJ,1.2733209507719431e-5,FALSE
OPC,1,chr1-32500003-32501089,MARCKSL1,POU2F1,1.4520632608662752e-5,FALSE
OPC,1,chr9-125374551-125375060,RABEPK,RBPJ,3.9685916072167244e-5,FALSE
OPC,1,chr8-144900224-144900456,RPL8,TCF7L2,8.911673499376686e-5,FALSE
OPC,1,chr1-100538018-100540243,TRMT13,RFX7,1.0087367773169833e-4,FALSE
OPC,1,chr13-23979278-23980493,SPATA13,ZNF148,1.1012565276225998e-4,FALSE
OPC,1,chr3-196186354-196187393,PCYT1A,ETV1,1.6494752387278953e-4,FALSE
OPC,1,chr17-63848750-63850001,DCAF7,ARNT2,5.185495358357345e-4,FALSE
OPC,1,chr3-129183005-129184377,CNBP,RORA,6.310418107151402e-4,FALSE
OPC,1,chr12-6612676-6614448,PIANP,NKX2-2,7.439629982175589e-4,FALSE
OPC,1,chr11-62791510-62792171,GANAB,ZNF148,0.0012145339710333207,FALSE
OPC,1,chr6-30781247-30782203,RPP21,PRRX1,0.0016776121618030855,FALSE
OPC,1,chr6-33204393-33205097,TAP1,CREM,0.001801390502464945,FALSE
OPC,1,chr1-233326784-233328959,NTPCR,HIF1A,0.0021275795239754877,FALSE
OPC,1,chr6-30781247-30782203,RPP21,ETV5,0.0024296655757873385,FALSE
OPC,1,chr1-244862908-244864907,KIF26B,SP3,0.0030658350917946806,FALSE
OPC,1,chr3-51813441-51814479,ABHD14A,FOXO3,0.0031649655757180614,FALSE
OPC,1,chr16-89240507-89241087,VPS9D1,ETV5,0.003304330190093918,FALSE
OPC,1,chr11-118530399-118532056,TRAPPC4,PKNOX2,0.003654585388905107,FALSE
OPC,1,chr1-26997664-26997984,NUDC,SOX8,0.003993358957919333,FALSE
OPC,1,chr6-30781247-30782203,RPP21,NFIB,0.0047537159958975774,FALSE
OPC,1,chr12-55721027-55721503,SARNP,SOX4,0.005267761497432834,FALSE
OPC,1,chr14-76918750-76919173,TMEM63C,ZNF148,0.00606662414609479,FALSE
OPC,1,chr10-38355752-38356499,ZNF33A,TEAD1,0.006521239182146168,FALSE
OPC,1,chr12-30851133-30852057,IPO8,CREB1,0.00659874472655525,FALSE
OPC,1,chr2-3347813-3349802,TRAPPC12,ZEB1,0.007222721732286657,FALSE
OPC,1,chr11-119120649-119121941,TRAPPC4,NFIA,0.007240949648157868,FALSE
OPC,1,chr18-3498535-3499920,LPIN2,TCF4,0.00786544993316152,FALSE
OPC,1,chr10-6275102-6275583,PFKFB3,MAF,0.008157668229250386,FALSE
OPC,1,chr17-42049987-42050920,RAB5C,TCF4,0.010490555706238887,FALSE
OPC,1,chr4-56505010-56505870,AASDH,ZEB1,0.011170460836962954,FALSE
OPC,1,chr16-87602443-87603001,SLC7A5,ZNF148,0.011435590603635122,FALSE
OPC,1,chr7-64569257-64570502,ZNF680,VEZF1,0.011900571229039682,FALSE
OPC,1,chr15-100341060-100342355,ADAMTS17,ETV1,0.012031010994096595,FALSE
OPC,1,chr6-5151910-5152779,LYRM4,PBX3,0.013804210856709197,FALSE
OPC,1,chr3-51813441-51814479,ABHD14A,ASCL1,0.015249199106417451,FALSE
OPC,1,chr3-149751950-149752784,RNF13,ATF2,0.015374626633141897,FALSE
OPC,1,chr3-127628657-127630316,PODXL2,POU2F1,0.015660876044994453,FALSE
OPC,1,chr3-185362860-185363868,TMEM41A,MEF2C,0.01066894331797931,TRUE
OPC,1,chr11-96343000-96343719,CCDC82,ZNF148,0.011110335921942733,TRUE
OPC,1,chr11-110295703-110297114,ZC3H12C,NRF1,0.01656988211059046,TRUE
Astrocyte,2,chr11-119339779-119340366,HINFP,NR2F2,3.94404104808478e-11,FALSE
Astrocyte,2,chr11-67317043-67318348,NUDT8,CTCF,1.4477911273001385e-10,FALSE
Astrocyte,2,chr9-136631430-136631716,PMPCA,CTCF,1.5738162455587166e-10,FALSE
Astrocyte,2,chr12-6535048-6535316,USP5,YY1,3.7275259939405513e-10,FALSE
Astrocyte,2,chr11-119101190-119102787,HINFP,ETV1,7.573851349100535e-10,FALSE
Astrocyte,2,chr7-44177631-44178094,PGAM2,TGIF1,2.265317199766395e-9,FALSE
Astrocyte,2,chr1-168178423-168180351,TBX19,PKNOX1,2.285717488440994e-9,FALSE
Astrocyte,2,chr19-2145127-2146185,DOT1L,TCF7L2,2.7609015004372877e-9,FALSE
Astrocyte,2,chr8-101902320-101904849,RRM2B,ETV1,2.944636514788849e-9,FALSE
Astrocyte,2,chr6-42547147-42548393,TAF8,NR3C1,6.979675419460875e-9,FALSE
Astrocyte,2,chr5-141636350-141637913,PCDHB9,REST,7.267307768307692e-9,FALSE
Astrocyte,2,chr19-1604995-1606378,SBNO2,RREB1,8.052353750541687e-9,FALSE
Astrocyte,2,chr15-74872679-74874128,ULK3,TGIF1,1.0969068026416784e-8,FALSE
Astrocyte,2,chr4-3364846-3365193,MSANTD1,REST,1.2462215124053263e-8,FALSE
Astrocyte,2,chr11-118887330-118888157,HINFP,NR2F2,1.6818071664693093e-8,FALSE
Astrocyte,2,chr19-1873426-1873976,DOT1L,NR3C1,2.0394463087523818e-8,FALSE
Astrocyte,2,chr19-48954346-48955838,KCNJ14,TP53,2.5867353889203567e-8,FALSE
Astrocyte,2,chr7-5546516-5546970,FSCN1,ZBTB7C,2.8521151988938167e-8,FALSE
Astrocyte,2,chr11-118914162-118914415,HINFP,ZNF652,2.9922689378438445e-8,FALSE
Astrocyte,2,chr13-51819063-51819562,ALG11,NR2C2,3.169816026917013e-8,FALSE
Astrocyte,2,chr1-155192744-155193101,THBS3,VEZF1,3.702730189389102e-8,FALSE
Astrocyte,2,chr12-75390517-75391554,GLIPR1L2,CTCF,5.379372584571385e-8,FALSE
Astrocyte,2,chr16-2751684-2753252,AMDHD2,RREB1,6.119868613285384e-8,FALSE
Astrocyte,2,chr16-4425028-4426423,GLIS2,TP53,8.108127584786313e-8,FALSE
Astrocyte,2,chr19-7873675-7874914,ZNF358,ZBTB7C,8.606430018073242e-8,FALSE
Astrocyte,2,chr16-31873511-31874401,ZNF267,ZBTB7C,9.962668751231897e-8,FALSE
Astrocyte,2,chr17-48106911-48108013,SP2,ELF2,1.203219125435555e-7,FALSE
Astrocyte,2,chr22-42561924-42562778,SERHL2,ESRRA,1.3338873198918626e-7,FALSE
Astrocyte,2,chr17-3689402-3690656,TAX1BP3,KLF9,1.5264788967187836e-7,FALSE
Astrocyte,2,chr1-45622454-45623404,TMEM69,ZNF148,1.5723433115298852e-7,FALSE
Astrocyte,2,chr19-925009-926171,SBNO2,RREB1,1.7936293382233456e-7,FALSE
Astrocyte,2,chr19-1214315-1215597,SBNO2,RREB1,1.986522916292597e-7,FALSE
Astrocyte,2,chr19-1507228-1508541,SBNO2,RREB1,2.1998183552830014e-7,FALSE
Astrocyte,2,chr17-29176594-29177156,TP53I13,ZIC1,2.2635642788793686e-7,FALSE
Astrocyte,2,chr3-52001466-52001787,PCBP4,NRF1,2.26655474973927e-7,FALSE
Astrocyte,2,chr3-120418620-120419325,GTF2E1,CTCF,2.2951288487348518e-7,FALSE
Astrocyte,2,chr19-1302083-1302940,SBNO2,ZEB1,2.53255345810578e-7,FALSE
Astrocyte,2,chr6-43274553-43275591,YIPF3,NR4A1,2.825274987258716e-7,FALSE
Astrocyte,2,chr21-45834352-45835069,C21orf58,NR3C1,3.1376592653161543e-7,FALSE
Astrocyte,2,chr19-53131763-53133202,ZNF160,NFATC3,3.2109152420862484e-7,FALSE
Astrocyte,2,chr10-2915193-2916099,PITRM1,ETV6,3.8854693780934615e-7,FALSE
Astrocyte,2,chr16-2911452-2912820,AMDHD2,RREB1,3.935419945121207e-7,FALSE
Astrocyte,2,chr19-1094701-1095722,SBNO2,RREB1,3.938271017478175e-7,FALSE
Astrocyte,2,chr9-136204987-136205327,PMPCA,CTCF,4.0792376853233927e-7,FALSE
Astrocyte,2,chr9-6644937-6646008,GLDC,NRF1,4.3623771468947546e-7,FALSE
Astrocyte,2,chr9-129351994-129353513,TOR1B,NFYC,5.278681047945357e-7,FALSE
Astrocyte,2,chr19-53553629-53555026,ZNF331,SREBF1,5.46702404033031e-7,FALSE
Astrocyte,2,chr15-82648307-82648828,WHAMM,NRF1,6.664803375816739e-7,FALSE
Astrocyte,2,chr5-139863958-139864380,CXXC5,THRB,7.228293065328235e-7,FALSE
Astrocyte,2,chr19-843221-844214,SBNO2,RBPJ,8.759773016085183e-7,FALSE
Ependymal,2,chr14-73644015-73645343,ACOT2,NR2C1,2.5970162191621867e-11,FALSE
Ependymal,2,chr5-140925838-140927667,PCDHA1,THAP11,2.316487365731651e-9,FALSE
Ependymal,2,chr20-25309227-25310617,NANP,MZF1,2.339283574720344e-9,FALSE
Ependymal,2,chr16-23223099-23223658,EARS2,ZKSCAN5,1.4975153611637187e-8,FALSE
Ependymal,2,chr4-1191732-1193332,FGFRL1,CREM,5.662940562546247e-8,FALSE
Ependymal,2,chr1-109672988-109673717,ATXN7L2,ELF1,8.66410673800736e-8,FALSE
Ependymal,2,chr17-19647735-19649238,MAPK7,KLF6,1.602747869252889e-7,FALSE
Ependymal,2,chr5-160199034-160200018,PTTG1,NFATC2,2.0368923643276232e-7,FALSE
Ependymal,2,chr22-50169450-50171127,PIM3,HEY1,2.2198206861850528e-7,FALSE
Ependymal,2,chr1-100037575-100038971,GPR88,FOXA1,2.262208211277297e-7,FALSE
Ependymal,2,chr17-55731514-55732404,PCTP,TWIST1,4.0799239527275424e-7,FALSE
Ependymal,2,chr13-27170695-27172372,RASL11A,KLF15,5.268134812275962e-7,FALSE
Ependymal,2,chr1-100352043-100353546,GPR88,KLF9,6.561881013640236e-7,FALSE
Ependymal,2,chr9-137604808-137606705,ANAPC2,ZBTB7A,6.887098274001963e-7,FALSE
Ependymal,2,chr19-5903306-5905126,AC104532.2,MZF1,7.319958047148136e-7,FALSE
Ependymal,2,chr20-25309227-25310617,NANP,CTCF,7.60866040635891e-7,FALSE
Ependymal,2,chr5-177370642-177371158,RGS14,KLF3,1.1082722110001158e-6,FALSE
Ependymal,2,chr19-3699189-3700757,APBA3,TFEB,1.1572791839688067e-6,FALSE
Ependymal,2,chr7-73891243-73891790,STX1A,OTX2,1.1847329706009398e-6,FALSE
Ependymal,2,chr14-73135874-73137120,ACOT2,NFE2L1,1.474138378537939e-6,FALSE
Ependymal,2,chr17-19507018-19508693,MAPK7,KLF6,1.6068255489732624e-6,FALSE
Ependymal,2,chr7-108279549-108280101,LAMB4,ZNF135,2.1781701022675764e-6,FALSE
Ependymal,2,chr15-78564677-78566421,HYKK,ELK4,2.1988240757379844e-6,FALSE
Ependymal,2,chr11-57697716-57699250,SLC43A3,MEF2D,2.363763105186968e-6,FALSE
Ependymal,2,chr11-68342352-68343180,ALDH3B1,NR2C2,3.0079667976728923e-6,FALSE
Ependymal,2,chr2-55119662-55121156,MTIF2,RFX1,4.235724677361868e-6,FALSE
Ependymal,2,chr12-6450156-6452676,VWF,KLF2,6.008691039282997e-6,FALSE
Ependymal,2,chr20-25389469-25391219,NANP,CENPB,6.1833982396685165e-6,FALSE
Ependymal,2,chr16-87391162-87393159,C16orf95,GABPA,6.357362615138172e-6,FALSE
Ependymal,2,chr6-37169178-37171642,TMEM217,NR1D2,7.328369792473722e-6,FALSE
Ependymal,2,chr16-68186945-68188473,CENPT,ASCL1,7.434998274546775e-6,FALSE
Ependymal,2,chr14-73135874-73137120,ACOT2,MAZ,7.655695200221485e-6,FALSE
Ependymal,2,chr7-152403349-152404066,XRCC2,ZNF652,7.887037343097757e-6,FALSE
Ependymal,2,chr1-35268286-35269544,TMEM35B,MAZ,8.209081040430264e-6,FALSE
Ependymal,2,chr19-33080388-33081641,WDR88,KLF5,8.314710339847788e-6,FALSE
Ependymal,2,chr1-1599181-1600853,UBE2J2,TCFL5,8.467896915246447e-6,FALSE
Ependymal,2,chr8-1929378-1930354,KBTBD11,ZEB1,8.938868269180687e-6,FALSE
Ependymal,2,chr2-160023889-160025084,CD302,RREB1,9.168945117329041e-6,FALSE
Ependymal,2,chr15-50423558-50424739,ATP8B4,ELK4,9.356189248313589e-6,FALSE
Ependymal,2,chr1-192251693-192252383,RGS1,ZNF740,1.0222521080479704e-5,FALSE
Ependymal,2,chr22-35914463-35915873,RASD2,IRF2,1.233868373215725e-5,FALSE
Ependymal,2,chr16-57590933-57592279,PLLP,SP4,1.2566925303289659e-5,FALSE
Ependymal,2,chr19-52689622-52691138,ZNF480,TCF3,1.2755638511488912e-5,FALSE
Ependymal,2,chr9-90773429-90774863,SYK,MEF2D,1.293492079258678e-5,FALSE
Ependymal,2,chr16-1308637-1310126,CCDC154,NFYB,1.3471792663295399e-5,FALSE
Ependymal,2,chr14-73886261-73887399,ACOT2,RORC,1.3720790900483335e-5,FALSE
Ependymal,2,chr1-248825182-248826847,PGBD2,RUNX2,1.4575840814938435e-5,FALSE
Ependymal,2,chr9-127734163-127735544,AL162426.1,MTF1,1.4700648761428495e-5,FALSE
Ependymal,2,chr9-116364964-116365449,PAPPA,ZNF460,1.4732246976985845e-5,FALSE
Ependymal,2,chr19-12720826-12723010,ZNF443,KLF9,1.705747121566599e-5,FALSE
Excit.Thal,2,chr6-50711770-50712009,TFAP2B,EBF3,1.887214910681701e-29,FALSE
Excit.Thal,2,chr19-49387967-49388415,SLC17A7,TCF4,2.737353559007849e-19,FALSE
Excit.Thal,2,chr2-161732916-161733821,TBR1,TCF4,4.1316159665356804e-17,FALSE
Excit.Thal,2,chr7-98223887-98224221,TAC1,NFIB,4.2672595136382236e-17,FALSE
Excit.Thal,2,chr19-49363399-49363741,SLC17A7,NFIB,4.9801026027434504e-17,FALSE
Excit.Thal,2,chr19-49441448-49441709,SLC17A7,KLF10,5.868479065360406e-17,FALSE
Excit.Thal,2,chr19-49928813-49930305,SLC17A7,NFIB,6.650632350102734e-17,FALSE
Excit.Thal,2,chr19-49066022-49066287,SLC17A7,TCF4,1.7742574412982746e-16,FALSE
Excit.Thal,2,chr19-49458579-49459015,SLC17A7,NFIB,4.964642096291763e-16,FALSE
Excit.Thal,2,chr19-48963795-48964153,SLC17A7,NFIB,8.930335901456377e-16,FALSE
Excit.Thal,2,chr7-98224371-98224756,TAC1,NFIB,1.1075113325616573e-15,FALSE
Excit.Thal,2,chr2-161739653-161740070,TBR1,TCF4,1.6801022116772556e-15,FALSE
Excit.Thal,2,chr2-161835064-161835342,TBR1,TCF4,3.189869803083332e-15,FALSE
Excit.Thal,2,chr19-49556737-49557015,SLC17A7,TCF4,6.8634901667010616e-15,FALSE
Excit.Thal,2,chr14-29168193-29169625,FOXG1,NFIX,9.376764703896123e-15,FALSE
Excit.Thal,2,chr5-132963029-132964273,SOWAHA,EGR4,1.771052285426573e-14,FALSE
Excit.Thal,2,chr19-49465905-49466339,SLC17A7,TCF4,1.9807370383720053e-14,FALSE
Excit.Thal,2,chr19-49389979-49390881,SLC17A7,NFIB,5.017639944805487e-14,FALSE
Excit.Thal,2,chr2-160956143-160956699,TBR1,NFIB,5.2901504105014976e-14,FALSE
Excit.Thal,2,chr19-49473855-49474525,SLC17A7,TCF4,5.6356928931113987e-14,FALSE
Excit.Thal,2,chr17-36600984-36602610,LHX1,MAFF,7.654748547825123e-14,FALSE
Excit.Thal,2,chr1-40668787-40669127,COL9A2,NFIA,4.3972164470792297e-13,FALSE
Excit.Thal,2,chr13-78595859-78596663,POU4F1,NR4A2,1.003229539325127e-12,FALSE
Excit.Thal,2,chr14-28767096-28768544,FOXG1,MAFK,1.0893921352561279e-12,FALSE
Excit.Thal,2,chr19-49451324-49452120,SLC17A7,ERF,1.4385561954496596e-12,FALSE
Excit.Thal,2,chr9-133029915-133031155,BARHL1,EBF3,3.001406251893122e-12,FALSE
Excit.Thal,2,chr1-37691483-37692909,POU3F1,NFIB,3.0494137738176897e-12,FALSE
Excit.Thal,2,chr1-37740999-37742178,POU3F1,NFIB,3.874863829692589e-12,FALSE
Excit.Thal,2,chr19-49812907-49813763,SLC17A7,ERF,4.173729730198288e-12,FALSE
Excit.Thal,2,chr19-49937471-49938179,SLC17A7,TCF4,4.519062120769553e-12,FALSE
Excit.Thal,2,chr9-132509977-132510411,BARHL1,EBF3,5.039001032021315e-12,FALSE
Excit.Thal,2,chr9-133064505-133065171,BARHL1,EBF3,5.66299554015661e-12,FALSE
Excit.Thal,2,chr1-38027136-38027472,POU3F1,NFIB,6.232269926523275e-12,FALSE
Excit.Thal,2,chr2-70617527-70617886,TGFA,TCF4,6.466703680338933e-12,FALSE
Excit.Thal,2,chr9-132943761-132945305,BARHL1,EBF3,7.954912678301319e-12,FALSE
Excit.Thal,2,chr19-49113790-49115268,SLC17A7,TCF4,1.0197113043346327e-11,FALSE
Excit.Thal,2,chr9-133064054-133064406,BARHL1,EBF3,1.0239760885192048e-11,FALSE
Excit.Thal,2,chr5-135232868-135233394,CXCL14,NFIB,1.3440399725098783e-11,FALSE
Excit.Thal,2,chr19-49066022-49066287,SLC17A7,NFIB,1.4488582542193146e-11,FALSE
Excit.Thal,2,chr9-132987102-132987647,BARHL1,EBF3,1.5133304957547855e-11,FALSE
Excit.Thal,2,chr19-49452745-49453734,SLC17A7,KLF10,1.5316133631602806e-11,FALSE
Excit.Thal,2,chr7-98106045-98107623,TAC1,TCF4,1.556691254541513e-11,FALSE
Excit.Thal,2,chr17-4986306-4988209,TM4SF5,RELA,1.9141300086975342e-11,FALSE
Excit.Thal,2,chr5-135949287-135949678,CXCL14,MEIS2,1.9571115753753697e-11,FALSE
Excit.Thal,2,chr14-28767096-28768544,FOXG1,ZNF341,2.5145390757973283e-11,FALSE
Excit.Thal,2,chr5-135156895-135157321,CXCL14,MEIS1,2.969047203508277e-11,FALSE
Excit.Thal,2,chr2-199833003-199833311,SATB2,TCF4,3.31090326849205e-11,FALSE
Excit.Thal,2,chr1-28811880-28812614,OPRD1,EGR4,3.7637986602654086e-11,FALSE
Excit.Thal,2,chr5-135644708-135644973,CXCL14,MEIS1,3.985536729665038e-11,FALSE
Excit.Thal,2,chr19-49514184-49514522,SLC17A7,TCF4,3.992980548743466e-11,FALSE
Inhib_LHb_4.1,2,chr16-2513003-2514315,BRICD5,SP3,5.350549518253373e-11,FALSE
Inhib_LHb_4.1,2,chr7-129121778-129123234,SMKR1,YY1,6.913444949842432e-11,FALSE
Inhib_LHb_4.1,2,chr3-120416808-120417875,GPR156,FOXP2,5.472173384339829e-10,FALSE
Inhib_LHb_4.1,2,chr2-24049469-24050592,PFN4,IRF2,1.5248590486169347e-9,FALSE
Inhib_LHb_4.1,2,chr3-55897271-55897866,WNT5A,IRF3,5.414324404152899e-9,FALSE
Inhib_LHb_4.1,2,chr19-11496385-11496600,ZNF763,CTCF,9.968502674614007e-9,FALSE
Inhib_LHb_4.1,2,chr4-6245173-6246374,WFS1,ZNF148,1.0388836268071962e-8,FALSE
Inhib_LHb_4.1,2,chr1-151006303-151007202,PRUNE1,SP4,1.6626941703559196e-8,FALSE
Inhib_LHb_4.1,2,chr9-134215011-134216343,RXRA,STAT3,3.805778044675805e-8,FALSE
Inhib_LHb_4.1,2,chr1-23691432-23692341,ASAP3,ELK4,3.9187586791742687e-8,FALSE
Inhib_LHb_4.1,2,chr19-12180070-12181246,ZNF763,MSANTD3,4.1762154147226095e-8,FALSE
Inhib_LHb_4.1,2,chr4-6530362-6530568,WFS1,ZNF143,4.458901926092033e-8,FALSE
Inhib_LHb_4.1,2,chr2-68943339-68944542,APLF,ZBTB26,4.665553851611345e-8,FALSE
Inhib_LHb_4.1,2,chr19-54173711-54174740,CNOT3,ZNF148,5.500316818673432e-8,FALSE
Inhib_LHb_4.1,2,chr2-68318126-68320552,APLF,NR2C1,5.8332416578693217e-08,FALSE
Inhib_LHb_4.1,2,chr16-30354865-30355926,HIRIP3,ETV5,7.179491510597098e-8,FALSE
Inhib_LHb_4.1,2,chr20-46650884-46651729,SLC13A3,TFDP1,7.30078174842267e-8,FALSE
Inhib_LHb_4.1,2,chr8-124673122-124674110,TRMT12,STAT1,7.37058971473469e-8,FALSE
Inhib_LHb_4.1,2,chr1-39080572-39082587,PABPC4,SP4,7.842879555870467e-8,FALSE
Inhib_LHb_4.1,2,chr11-62621440-62622407,ASRGL1,TFDP1,9.821435321173553e-8,FALSE
Inhib_LHb_4.1,2,chr20-10201466-10202238,JAG1,THRB,1.0866104624509719e-7,FALSE
Inhib_LHb_4.1,2,chr5-55306998-55308395,DDX4,PRDM4,1.3149948546840937e-7,FALSE
Inhib_LHb_4.1,2,chr22-30208721-30209137,SEC14L6,RFX5,1.6499638900946492e-7,FALSE
Inhib_LHb_4.1,2,chr19-50214686-50215679,POLD1,RBPJ,2.266234325692516e-7,FALSE
Inhib_LHb_4.1,2,chr1-2059659-2060898,PRKCZ,CTCF,3.048547552587915e-7,FALSE
Inhib_LHb_4.1,2,chr9-130692829-130694185,PRDM12,FOXN3,3.0549087326885584e-7,FALSE
Inhib_LHb_4.1,2,chr19-2180809-2181942,DOT1L,NR2C2,3.5507599726055767e-7,FALSE
Inhib_LHb_4.1,2,chr7-101201702-101202377,IFT22,NR2C2,4.587831616180178e-7,FALSE
Inhib_LHb_4.1,2,chr11-119584070-119585668,MCAM,SP4,5.83171256844808e-7,FALSE
Inhib_LHb_4.1,2,chr10-97771152-97772250,MARVELD1,SP3,6.027467975822403e-7,FALSE
Inhib_LHb_4.1,2,chr19-50551733-50552054,POLD1,UNCX,7.115045803822468e-7,FALSE
Inhib_LHb_4.1,2,chr5-77209618-77211922,CRHBP,YY1,8.474548386080368e-7,FALSE
Inhib_LHb_4.1,2,chr11-125314140-125315765,PATE2,GABPA,9.526275155179823e-7,FALSE
Inhib_LHb_4.1,2,chr22-24061085-24061533,ZNF70,ZNF460,9.919498225009184e-7,FALSE
Inhib_LHb_4.1,2,chr7-102464373-102465393,FAM185A,HINFP,1.0178991092831816e-6,FALSE
Inhib_LHb_4.1,2,chr5-142324299-142326639,FGF1,MZF1,1.0412477669793532e-6,FALSE
Inhib_LHb_4.1,2,chr16-2090911-2091456,BRICD5,TCFL5,1.1862962687859996e-6,FALSE
Inhib_LHb_4.1,2,chr1-23958920-23960517,ASAP3,ELK4,1.2550680490794662e-6,FALSE
Inhib_LHb_4.1,2,chr4-122066918-122067395,CCNA2,SREBF1,1.2683781292861997e-6,FALSE
Inhib_LHb_4.1,2,chr17-7351107-7352481,ACAP1,ZBTB7A,1.2764895522116667e-6,FALSE
Inhib_LHb_4.1,2,chr19-2461772-2462344,ZNF555,SP3,1.306949746492726e-6,FALSE
Inhib_LHb_4.1,2,chr18-3279108-3280067,MYL12A,SCRT1,1.316596890038833e-6,FALSE
Inhib_LHb_4.1,2,chr16-4307397-4308159,VASN,NR6A1,1.38564380507628e-6,FALSE
Inhib_LHb_4.1,2,chr19-50567184-50568507,POLD1,SP3,1.4243868817512537e-6,FALSE
Inhib_LHb_4.1,2,chr22-30634284-30636098,SEC14L6,MZF1,1.457182087149388e-6,FALSE
Inhib_LHb_4.1,2,chr18-3279108-3280067,MYL12A,ZNF148,1.5237026100539112e-6,FALSE
Inhib_LHb_4.1,2,chr2-197515403-197516720,MARS2,SP4,1.6700223878840609e-6,FALSE
Inhib_LHb_4.1,2,chr16-2603028-2604214,BRICD5,SP3,1.8578857509513148e-6,FALSE
Inhib_LHb_4.1,2,chr3-9820405-9821224,THUMPD3,PKNOX1,1.924585860243656e-6,FALSE
Inhib_LHb_4.1,2,chr5-56950612-56952821,C5orf67,RBPJ,1.9382762801782476e-6,FALSE
Inhib_LHb_4.2,2,chr1-27830188-27831387,XKR8,MXI1,6.666033551633665e-10,FALSE
Inhib_LHb_4.2,2,chr11-62380464-62381080,MTA2,CUX1,2.01970845217662e-9,FALSE
Inhib_LHb_4.2,2,chr1-27603140-27604366,XKR8,MSANTD3,2.182434224013225e-9,FALSE
Inhib_LHb_4.2,2,chr22-23504527-23504972,RSPH14,GABPA,4.512463072554227e-9,FALSE
Inhib_LHb_4.2,2,chr16-70341676-70342605,IL34,MEF2D,5.29302058605844e-9,FALSE
Inhib_LHb_4.2,2,chr2-113192536-113193334,PSD4,NR1D1,3.197069959148728e-8,FALSE
Inhib_LHb_4.2,2,chr16-72062324-72063031,ZNF19,ZNF682,8.599160894370946e-8,FALSE
Inhib_LHb_4.2,2,chr14-95534264-95535815,CLMN,EBF3,1.5362363894107754e-7,FALSE
Inhib_LHb_4.2,2,chr19-8389632-8391050,ADAMTS10,ETS2,1.6812081598623973e-7,FALSE
Inhib_LHb_4.2,2,chr1-110780527-110781363,KCNA3,HEY1,2.0640146583811521e-7,FALSE
Inhib_LHb_4.2,2,chr19-40603273-40604229,ITPKC,MEF2D,2.421617059341888e-7,FALSE
Inhib_LHb_4.2,2,chr19-53254301-53255497,ZNF415,SOX15,2.7840128451432275e-7,FALSE
Inhib_LHb_4.2,2,chr8-27610244-27610747,PTK2B,TCF4,2.842281600631242e-7,FALSE
Inhib_LHb_4.2,2,chr8-143683972-143685207,ZNF696,HINFP,2.993312984717453e-7,FALSE
Inhib_LHb_4.2,2,chr1-110150000-110151600,GSTM2,HIF1A,3.3478238008405356e-7,FALSE
Inhib_LHb_4.2,2,chr10-125718414-125720381,MMP21,MTF1,3.4043193787621987e-7,FALSE
Inhib_LHb_4.2,2,chr19-34772353-34773615,ZNF181,NR2C2,4.2136090093529425e-7,FALSE
Inhib_LHb_4.2,2,chr2-200054443-200055578,FTCDNL1,SOX4,4.329682342930015e-7,FALSE
Inhib_LHb_4.2,2,chr12-57604355-57605401,STAT6,CTCF,5.173173057566355e-7,FALSE
Inhib_LHb_4.2,2,chr2-86562333-86563989,PLGLB1,ATF2,6.495661711920471e-7,FALSE
Inhib_LHb_4.2,2,chr8-102806040-102807796,ATP6V1C1,TFAP2E,7.446853177821254e-7,FALSE
Inhib_LHb_4.2,2,chr11-62726465-62728597,MTA2,STAT1,7.746588155248614e-7,FALSE
Inhib_LHb_4.2,2,chr2-241769996-241770895,D2HGDH,MXI1,8.361396428016187e-7,FALSE
Inhib_LHb_4.2,2,chr11-62621440-62622407,TUT1,SREBF2,1.085332560581851e-6,FALSE
Inhib_LHb_4.2,2,chr1-27603140-27604366,XKR8,KLF9,1.1110169471765644e-6,FALSE
Inhib_LHb_4.2,2,chr1-169081167-169081970,SLC19A2,FOXO3,1.3238503540635517e-6,FALSE
Inhib_LHb_4.2,2,chr4-2934262-2935194,RGS12,TCF4,1.3469625754848646e-6,FALSE
Inhib_LHb_4.2,2,chr16-14954819-14956756,MPV17L,ZNF652,1.425435930274057e-6,FALSE
Inhib_LHb_4.2,2,chr16-29973293-29974172,SULT1A3,RBPJ,1.5057877718323463e-6,FALSE
Inhib_LHb_4.2,2,chr19-58304863-58306080,ZNF324,STAT3,2.051504370946132e-6,FALSE
Inhib_LHb_4.2,2,chr20-59515273-59515961,CDH26,MSANTD3,2.430670327719647e-6,FALSE
Inhib_LHb_4.2,2,chr6-5143631-5144448,RPP40,HLF,2.4946443629940237e-6,FALSE
Inhib_LHb_4.2,2,chr15-43775434-43777713,ADAL,MAZ,2.580877605037494e-6,FALSE
Inhib_LHb_4.2,2,chr6-5246390-5247156,RPP40,NR6A1,2.6471805609490695e-6,FALSE
Inhib_LHb_4.2,2,chr17-28644031-28645579,PROCA1,NFE2L1,3.053750463867276e-6,FALSE
Inhib_LHb_4.2,2,chr20-31951404-31952298,PDRG1,MAZ,3.483307144594762e-6,FALSE
Inhib_LHb_4.2,2,chr19-6515829-6517286,SLC25A41,KLF9,3.640990496158754e-6,FALSE
Inhib_LHb_4.2,2,chr12-6777954-6779319,SPSB2,NR1D2,3.6904364776201703e-6,FALSE
Inhib_LHb_4.2,2,chr5-146515162-146516408,PLAC8L1,MEF2C,4.166191898705509e-6,FALSE
Inhib_LHb_4.2,2,chr8-144508392-144509982,ZNF517,ZNF148,4.244481663564254e-6,FALSE
Inhib_LHb_4.2,2,chr19-19663125-19664218,ZNF90,KLF9,4.614667194037205e-6,FALSE
Inhib_LHb_4.2,2,chr2-74130309-74130968,TET3,NFKB1,4.685325691098561e-6,FALSE
Inhib_LHb_4.2,2,chr15-43168047-43169141,ADAL,SOX15,4.75998349020559e-6,FALSE
Inhib_LHb_4.2,2,chr3-9890048-9891115,BRPF1,PPARG,5.039748378583433e-6,FALSE
Inhib_LHb_4.2,2,chr11-75813998-75815928,SERPINH1,BHLHE41,5.40384778832146e-6,FALSE
Inhib_LHb_4.2,2,chr16-21277916-21278511,CRYM,KLF13,5.5786249443407225e-6,FALSE
Inhib_LHb_4.2,2,chr1-25926806-25927837,PAQR7,NR2C2,5.6817597787818215e-6,FALSE
Inhib_LHb_4.2,2,chr7-143263067-143264281,EPHB6,TCF4,6.389150776111629e-6,FALSE
Inhib_LHb_4.2,2,chr5-41509242-41511034,FBXO4,CTCF,6.718285129756093e-6,FALSE
Inhib_LHb_4.2,2,chr17-81395014-81395471,CEP131,FOXK1,6.741202970709481e-6,FALSE
Inhib.Thal,2,chr14-101224323-101225138,DLK1,LHX9,2.9386966219364365e-12,FALSE
Inhib.Thal,2,chr14-100719580-100719874,DLK1,TCF4,4.170434690226463e-12,FALSE
Inhib.Thal,2,chr14-100773163-100773458,DLK1,NFIB,1.3055497181917421e-11,FALSE
Inhib.Thal,2,chr14-100803756-100804718,DLK1,TCF4,3.110395346202198e-11,FALSE
Inhib.Thal,2,chr14-100480806-100481044,DLK1,TCF4,3.17584573033508e-11,FALSE
Inhib.Thal,2,chr10-105036139-105036762,SORCS3,NFIB,3.9298314249314206e-11,FALSE
Inhib.Thal,2,chr14-101008137-101008453,DLK1,TCF4,4.468023205433789e-11,FALSE
Inhib.Thal,2,chr14-100471891-100472749,DLK1,ETV1,6.051976294205556e-11,FALSE
Inhib.Thal,2,chr14-100683720-100684078,DLK1,NFIB,6.239566648045318e-11,FALSE
Inhib.Thal,2,chr14-100284894-100286039,DLK1,NFIB,1.1536370244843696e-10,FALSE
Inhib.Thal,2,chr15-52678073-52680141,ONECUT1,ZIC4,3.6903112949502855e-10,FALSE
Inhib.Thal,2,chr14-101120806-101121377,DLK1,ETV1,3.8174307368412435e-10,FALSE
Inhib.Thal,2,chr5-146745972-146746541,GPR151,LHX9,7.705088807345187e-10,FALSE
Inhib.Thal,2,chr5-146151960-146152595,GPR151,LHX9,8.105638303438891e-10,FALSE
Inhib.Thal,2,chr10-104291061-104291775,SORCS3,NFIB,9.202657276465222e-10,FALSE
Inhib.Thal,2,chr5-146633080-146633885,GPR151,LHX9,9.395802117209289e-10,FALSE
Inhib.Thal,2,chr14-100292757-100293086,DLK1,NFIB,1.1242820786445975e-9,FALSE
Inhib.Thal,2,chr14-100394218-100394794,DLK1,NFIB,1.1306392134376106e-9,FALSE
Inhib.Thal,2,chr14-100726757-100727218,DLK1,NFIB,1.2422133450657827e-9,FALSE
Inhib.Thal,2,chr3-154323763-154324867,GPR149,ZIC4,1.6818985221156106e-9,FALSE
Inhib.Thal,2,chr12-57147148-57147500,TAC3,LHX9,1.6891431180057642e-9,FALSE
Inhib.Thal,2,chr2-178306187-178306649,PDE11A,LHX9,1.911679146630306e-9,FALSE
Inhib.Thal,2,chr1-116002121-116003574,NHLH2,ZIC4,2.835952517390744e-9,FALSE
Inhib.Thal,2,chr18-712470-713157,ADCYAP1,ZIC4,3.162095294680385e-9,FALSE
Inhib.Thal,2,chr15-52437895-52438796,ONECUT1,ZIC4,3.484313977179577e-9,FALSE
Inhib.Thal,2,chr14-100609920-100610384,DLK1,ZIC4,3.83625831341169e-9,FALSE
Inhib.Thal,2,chr5-33526902-33527273,ADAMTS12,NFIB,4.327321082679938e-9,FALSE
Inhib.Thal,2,chr15-52651765-52652226,ONECUT1,ETV1,4.583594789588126e-9,FALSE
Inhib.Thal,2,chr18-72726786-72727497,CBLN2,NFIB,4.766396277290939e-9,FALSE
Inhib.Thal,2,chr5-33513636-33514035,ADAMTS12,NFIB,5.818811615359594e-9,FALSE
Inhib.Thal,2,chr12-64116785-64117101,SRGAP1,ETV1,7.1301915109606616e-9,FALSE
Inhib.Thal,2,chr12-71874602-71875127,LGR5,NFIB,7.853417313753719e-9,FALSE
Inhib.Thal,2,chr10-104502069-104502517,SORCS3,LHX9,8.802651532058946e-9,FALSE
Inhib.Thal,2,chr15-52445939-52446557,ONECUT1,ETV1,9.103989253278061e-9,FALSE
Inhib.Thal,2,chr5-34007526-34008526,ADAMTS12,NFIB,9.447841263953426e-9,FALSE
Inhib.Thal,2,chr14-101102599-101104074,DLK1,ZIC4,9.937340233903155e-9,FALSE
Inhib.Thal,2,chr14-101183426-101184320,DLK1,ZIC4,9.970519104560134e-9,FALSE
Inhib.Thal,2,chr5-146706011-146707589,GPR151,ZIC4,1.0681937977198425e-8,FALSE
Inhib.Thal,2,chr14-101077190-101078032,DLK1,TCF4,1.1890596519364676e-8,FALSE
Inhib.Thal,2,chr10-104831420-104831955,SORCS3,NFIB,1.818072602555637e-8,FALSE
Inhib.Thal,2,chr18-909127-909462,ADCYAP1,ZIC4,1.8586616314550668e-8,FALSE
Inhib.Thal,2,chr18-629412-629653,ADCYAP1,ZIC4,1.9481285993410692e-8,FALSE
Inhib.Thal,2,chr12-57175694-57176156,TAC3,TCF4,2.551176741983534e-8,FALSE
Inhib.Thal,2,chr7-14740670-14740926,DGKB,ZIC4,2.634257833006415e-8,FALSE
Inhib.Thal,2,chr6-5723815-5724668,NRN1,ZIC4,3.1302779445799626e-8,FALSE
Inhib.Thal,2,chr12-57430276-57431313,TAC3,ZIC4,3.5923861914461074e-8,FALSE
Inhib.Thal,2,chr5-146628294-146628583,GPR151,ETV1,4.1658748772056326e-08,FALSE
Inhib.Thal,2,chr5-148904112-148904907,HTR4,TCF4,4.193510345952589e-8,FALSE
Inhib.Thal,2,chr15-52338060-52338434,ONECUT1,LHX9,4.797591484480076e-8,FALSE
Inhib.Thal,2,chr14-100629075-100630416,DLK1,ZIC4,5.070578361233603e-8,FALSE
LHb.1.3.4,2,chr15-36638326-36639139,MEIS2,POU3F3,5.3918059142956186e-6,FALSE
LHb.1.3.4,2,chr11-18802402-18803142,CSRP3,JUN,1.7078196149793343e-5,FALSE
LHb.1.3.4,2,chr14-23514446-23514694,CMTM5,ARNT2,1.9491181382945197e-5,FALSE
LHb.1.3.4,2,chr14-20454386-20455801,RNASE1,BHLHE41,2.1290871614145837e-5,FALSE
LHb.1.3.4,2,chr3-44370860-44371272,ZNF660,SMAD3,4.307501153412041e-5,FALSE
LHb.1.3.4,2,chr9-16581248-16581527,BNC2,MEF2C,5.809331612590014e-5,FALSE
LHb.1.3.4,2,chr1-156705650-156706919,C1orf61,RXRB,7.604622341588763e-5,FALSE
LHb.1.3.4,2,chr12-57239021-57239450,TAC3,ZIC5,9.497418596389209e-5,FALSE
LHb.1.3.4,2,chr7-114585471-114585767,FOXP2,MEF2C,9.910071392929804e-5,FALSE
LHb.1.3.4,2,chr7-114197928-114198348,FOXP2,ZBTB6,1.0965159992441299e-4,FALSE
LHb.1.3.4,2,chr6-148157406-148158407,SASH1,POU3F3,1.3233364967800193e-4,FALSE
LHb.1.3.4,2,chr7-81293845-81295455,SEMA3C,PPARG,1.5226530244857512e-4,FALSE
LHb.1.3.4,2,chr14-23183474-23183859,CMTM5,RBPJ,1.609547856012357e-4,FALSE
LHb.1.3.4,2,chr8-133784016-133785227,NDRG1,MEF2C,1.7183897190294897e-4,FALSE
LHb.1.3.4,2,chr19-5057947-5059836,PLIN3,CREB1,1.7272633209177015e-4,FALSE
LHb.1.3.4,2,chr12-57049093-57049425,TAC3,SOX9,1.8483366313014327e-4,FALSE
LHb.1.3.4,2,chr3-193945284-193945718,HES1,PRDM4,2.0534780247771404e-4,FALSE
LHb.1.3.4,2,chr1-146019034-146019790,TXNIP,ELF1,2.244302906157909e-4,FALSE
LHb.1.3.4,2,chr3-179346324-179348231,GNB4,KLF10,2.875507759182963e-4,FALSE
LHb.1.3.4,2,chr2-18961326-18962516,NT5C1B,CEBPA,3.024121044369536e-4,FALSE
LHb.1.3.4,2,chr6-118814784-118816098,PLN,MEF2C,3.089000987637458e-4,FALSE
LHb.1.3.4,2,chr12-57049093-57049425,TAC3,TCF4,3.447871014096322e-4,FALSE
LHb.1.3.4,2,chr1-222589466-222591030,TAF1A,ZNF140,3.8184545748325214e-4,FALSE
LHb.1.3.4,2,chr8-81279941-81281956,PMP2,GABPA,4.2774401556742634e-4,FALSE
LHb.1.3.4,2,chr5-176577381-176577896,KIAA1191,ZNF148,4.3890568971745666e-4,FALSE
LHb.1.3.4,2,chr19-5032509-5032875,PLIN3,MEF2C,4.435603306870913e-4,FALSE
LHb.1.3.4,2,chr16-3645905-3646912,NAA60,PBX2,5.426348933232406e-4,FALSE
LHb.1.3.4,2,chr2-177392221-177393325,TTC30B,NR2C2,5.919392726047507e-4,FALSE
LHb.1.3.4,2,chr7-8821991-8822384,NXPH1,TCF3,5.922270627139723e-4,FALSE
LHb.1.3.4,2,chr4-121676592-121676872,QRFPR,E2F6,5.949637054833274e-4,FALSE
LHb.1.3.4,2,chr1-145871697-145873404,TXNIP,ELF1,6.183345646173954e-4,FALSE
LHb.1.3.4,2,chr16-2386133-2386514,CASKIN1,NRL,7.092729171815313e-4,FALSE
LHb.1.3.4,2,chr8-24371228-24371473,ADAM7,MTF1,7.144423842026887e-4,FALSE
LHb.1.3.4,2,chr19-4375744-4376086,PLIN3,CREB1,7.17795462788402e-4,FALSE
LHb.1.3.4,2,chr9-16726659-16727407,BNC2,HLF,7.346682223389583e-4,FALSE
LHb.1.3.4,2,chr17-75524809-75526124,H3F3B,NHLH2,7.511005791434578e-4,FALSE
LHb.1.3.4,2,chr8-52721955-52722378,ST18,MEF2C,7.579185153227968e-4,FALSE
LHb.1.3.4,2,chr17-8175696-8176949,KCNAB3,RFX4,7.764502169542278e-4,FALSE
LHb.1.3.4,2,chr9-16985898-16986283,BNC2,MAF,8.011917553018003e-4,FALSE
LHb.1.3.4,2,chr8-52564163-52566068,ST18,ELF1,8.175695136077348e-4,FALSE
LHb.1.3.4,2,chr1-151070147-151071312,ANXA9,RBPJ,0.00083787884362466905,FALSE
LHb.1.3.4,2,chr1-52697846-52698821,ZYG11B,SP2,8.519035411073982e-4,FALSE
LHb.1.3.4,2,chr1-27451213-27451747,RPA2,NR6A1,8.685724927647739e-4,FALSE
LHb.1.3.4,2,chr15-36638326-36639139,MEIS2,ZNF135,8.934541270615976e-4,FALSE
LHb.1.3.4,2,chr14-99290698-99290965,BCL11B,FOXP2,9.177663467398419e-4,FALSE
LHb.1.3.4,2,chr1-40314952-40315765,COL9A2,ETV4,9.604517915084813e-4,FALSE
LHb.1.3.4,2,chr10-7918362-7919458,GATA3,POU3F3,9.821439944681938e-4,FALSE
LHb.1.3.4,2,chr17-10696947-10698030,MYH13,ELF1,0.0010234179535833319,FALSE
LHb.1.3.4,2,chr8-133195893-133196111,PHF20L1,RUNX2,0.0010288886780917535,FALSE
LHb.1.3.4,2,chr11-64546771-64547089,RPS6KA4,MAFK,0.0010364682584447123,FALSE
LHb.2.7,2,chr7-76358136-76359955,DTX2,VEZF1,1.5091564518240308e-5,FALSE
LHb.2.7,2,chr8-56019347-56019962,PENK,NEUROD1,2.9746677879882482e-5,FALSE
LHb.2.7,2,chr3-69065118-69065639,FRMD4B,GLIS3,3.2855146417724594e-5,FALSE
LHb.2.7,2,chr7-8295854-8296458,NXPH1,SOX15,6.239180792342572e-5,FALSE
LHb.2.7,2,chr1-161158829-161160107,ARHGAP30,NFYC,7.21627299572976e-5,FALSE
LHb.2.7,2,chr13-110675766-110677106,COL4A2,EBF1,7.90439706324475e-5,FALSE
LHb.2.7,2,chr6-11309974-11310481,SMIM13,FOXK2,8.190558518527682e-5,FALSE
LHb.2.7,2,chr15-101408034-101408685,LRRK1,ELF1,1.0961519442109267e-4,FALSE
LHb.2.7,2,chr13-109946658-109947292,COL4A2,EBF1,1.6507643442801567e-4,FALSE
LHb.2.7,2,chr15-65714531-65714929,PARP16,ZNF341,2.4970769240893477e-4,FALSE
LHb.2.7,2,chr8-71635387-71635722,MSC,ETV1,2.7078344417018314e-4,FALSE
LHb.2.7,2,chr18-575311-576182,COLEC12,TCF7L2,2.7616362551769656e-4,FALSE
LHb.2.7,2,chr18-433193-433648,COLEC12,EBF1,2.781414300252378e-4,FALSE
LHb.2.7,2,chr1-68193998-68194282,DIRAS3,ZNF148,3.3075568385769856e-4,FALSE
LHb.2.7,2,chr7-74013618-74014233,CLDN4,XBP1,3.6388446736620257e-4,FALSE
LHb.2.7,2,chr13-110412101-110412512,COL4A2,EBF1,4.554120093545568e-4,FALSE
LHb.2.7,2,chr13-109918216-109918537,COL4A2,EBF1,4.887548168966806e-4,FALSE
LHb.2.7,2,chr1-239053376-239053855,CHRM3,TEAD1,5.014199133720824e-4,FALSE
LHb.2.7,2,chr9-214503-215523,CBWD1,GLIS1,7.185103783720482e-4,FALSE
LHb.2.7,2,chr5-140400571-140402528,PCDHA12,SOX15,8.481000621785029e-4,FALSE
LHb.2.7,2,chr19-2417523-2417994,JSRP1,ZNF652,8.717089996620305e-4,FALSE
LHb.2.7,2,chr17-75514930-75517033,LLGL2,E2F6,9.574730480028709e-4,FALSE
LHb.2.7,2,chr2-17704923-17705485,SMC6,BHLHE40,0.0010653339448338241,FALSE
LHb.2.7,2,chr1-219291937-219293045,LYPLAL1,HES6,0.0010849456254232125,FALSE
LHb.2.7,2,chr17-18217425-18217744,TRIM16L,NR2C2,0.0011777296375851311,FALSE
LHb.2.7,2,chr5-136397884-136398315,TRPC7,NR4A1,0.001181032632363112,FALSE
LHb.2.7,2,chr16-70380226-70382046,PDPR,ZNF317,0.0012384904922149282,FALSE
LHb.2.7,2,chr7-1341769-1342579,GPER1,ZNF740,0.0012501337763412188,FALSE
LHb.2.7,2,chr6-44504435-44505083,SLC35B2,MEIS3,0.0013601139563313939,FALSE
LHb.2.7,2,chr19-2327828-2329331,SGTA,MEF2B,0.0014464854699026545,FALSE
LHb.2.7,2,chr13-110715229-110716051,COL4A2,EBF1,0.0015809153564426532,FALSE
LHb.2.7,2,chr6-41293865-41294929,FRS3,KLF10,0.0016255031290973291,FALSE
LHb.2.7,2,chr3-186241874-186242836,CRYGS,MSANTD3,0.0016714620253540163,FALSE
LHb.2.7,2,chr12-7142887-7143265,ATN1,MAZ,0.0016882419475594333,FALSE
LHb.2.7,2,chr7-82817335-82817769,CACNA2D1,NR2F2,0.0017066768586603094,FALSE
LHb.2.7,2,chr5-161547479-161548508,GABRA6,EBF1,0.0017928004989898483,FALSE
LHb.2.7,2,chr22-24139740-24140908,VPREB3,RFX5,0.0018038364775258904,FALSE
LHb.2.7,2,chr10-117351700-117351926,SLC18A2,TEAD1,0.0018127604128792742,FALSE
LHb.2.7,2,chr8-56445449-56447170,PENK,JUN,0.0019001102270423712,FALSE
LHb.2.7,2,chr11-16277022-16277434,SOX6,JUN,0.0019289200766775616,FALSE
LHb.2.7,2,chr16-29876654-29876966,TAOK2,KLF6,0.0019711413342253527,FALSE
LHb.2.7,2,chr16-1971464-1972659,CASKIN1,NFATC4,0.0020117788448966753,FALSE
LHb.2.7,2,chr11-125223903-125224496,CCDC15,ETV4,0.0020337381993512332,FALSE
LHb.2.7,2,chr19-56995389-56995600,PEG3,RFX4,0.0021264212001975953,FALSE
LHb.2.7,2,chr2-147878576-147878892,ACVR2A,ZNF135,0.0021947356428859838,FALSE
LHb.2.7,2,chr12-123165932-123166318,VPS37B,ZNF341,0.0022087379266713075,FALSE
LHb.2.7,2,chr2-85794514-85794936,ST3GAL5,ZIC5,0.0022263567333976595,FALSE
LHb.2.7,2,chr16-88299304-88300063,ZNF469,KLF9,0.002229799126686124,FALSE
LHb.2.7,2,chr8-123182285-123182927,DERL1,ZNF16,0.0022784753867489465,FALSE
LHb.2.7,2,chr12-57195292-57195509,ARHGAP9,MYC,0.0017930373723549287,TRUE
LHb.4,2,chr6-53730576-53731010,ELOVL5,RFX2,2.8978018899052012e-12,FALSE
LHb.4,2,chr7-98077716-98078454,TAC1,MYF6,1.3153199951906626e-11,FALSE
LHb.4,2,chr18-59238231-59238756,GRP,EN1,2.0525861809739048e-11,FALSE
LHb.4,2,chr2-88853011-88853288,EIF2AK3,RFX2,3.051008846875589e-11,FALSE
LHb.4,2,chr19-45294398-45295085,FOSB,RFX2,4.73324250925539e-11,FALSE
LHb.4,2,chr6-53035505-53036014,ELOVL5,EGR3,5.000719368044705e-11,FALSE
LHb.4,2,chr3-156535078-156535592,TIPARP,NR4A2,6.814619951419413e-11,FALSE
LHb.4,2,chr22-32377596-32379311,TIMP3,RFX2,8.206233802851914e-11,FALSE
LHb.4,2,chr19-45253897-45254551,FOSB,RFX2,1.0719638208745363e-10,FALSE
LHb.4,2,chr9-99905960-99907351,NR4A3,EGR3,1.6155886891443943e-10,FALSE
LHb.4,2,chr5-79794396-79794886,HOMER1,BACH2,3.7422760759768776e-10,FALSE
LHb.4,2,chr5-79947206-79947748,HOMER1,BACH2,5.535477231096114e-10,FALSE
LHb.4,2,chr19-45524807-45525066,FOSB,KLF9,1.568183087934495e-9,FALSE
LHb.4,2,chr5-151035544-151035758,SLC36A3,MEIS2,2.0725591909780915e-9,FALSE
LHb.4,2,chr19-45782007-45782589,FOSB,KLF9,2.094285607498256e-9,FALSE
LHb.4,2,chr16-80027086-80027483,MAF,MEIS2,2.155303286538146e-9,FALSE
LHb.4,2,chr6-53294154-53294527,ELOVL5,PKNOX2,2.5524729182557364e-9,FALSE
LHb.4,2,chr5-79702812-79703112,HOMER1,KLF9,6.414645832000268e-9,FALSE
LHb.4,2,chr7-105853863-105854426,NAMPT,REL,7.390463810696818e-9,FALSE
LHb.4,2,chr7-112464647-112464927,IFRD1,NR4A1,1.4766159406724473e-8,FALSE
LHb.4,2,chr5-173806829-173808269,CPEB4,RFX2,1.567357807381592e-8,FALSE
LHb.4,2,chr10-91975931-91976566,BTAF1,RFX2,1.6899244454661547e-8,FALSE
LHb.4,2,chr22-32993933-32994734,TIMP3,REL,1.7043507539192877e-8,FALSE
LHb.4,2,chr8-94466921-94467151,GEM,KLF6,1.7938076748925614e-8,FALSE
LHb.4,2,chr6-53829538-53830120,ELOVL5,BACH2,1.9534464341379593e-8,FALSE
LHb.4,2,chr6-53207435-53207977,ELOVL5,PKNOX2,2.0583084524302218e-8,FALSE
LHb.4,2,chr4-26758351-26758734,CCKAR,TLX2,2.235480678924418e-8,FALSE
LHb.4,2,chr7-151096069-151096359,TMEM176B,MEIS2,3.0078273925534714e-8,FALSE
LHb.4,2,chr10-91681304-91682524,BTAF1,NR4A2,3.6741750961572e-8,FALSE
LHb.4,2,chr1-203555845-203556269,BTG2,NR4A2,4.171791775646902e-8,FALSE
LHb.4,2,chr5-54632146-54632557,HSPB3,NFIX,4.295250043891225e-8,FALSE
LHb.4,2,chr14-67759694-67760238,ARG2,RFX2,8.85538509886398e-8,FALSE
LHb.4,2,chr6-53269852-53270176,ELOVL5,BACH2,1.1477334345281678e-7,FALSE
LHb.4,2,chr7-151096069-151096359,TMEM176A,MEIS2,1.42434944633316e-7,FALSE
LHb.4,2,chr9-99607871-99608305,NR4A3,PKNOX2,1.648373096707845e-7,FALSE
LHb.4,2,chr19-45211845-45212296,FOSB,KLF9,1.7094784787808873e-7,FALSE
LHb.4,2,chr3-156825835-156827001,TIPARP,EGR3,2.0569693383164041e-7,FALSE
LHb.4,2,chr19-53593041-53593269,ZNF331,TCF4,2.376950328185268e-7,FALSE
LHb.4,2,chr19-53917296-53918047,ZNF331,REL,2.963806584442608e-7,FALSE
LHb.4,2,chr19-53594044-53595024,ZNF331,REL,3.1271541639789765e-7,FALSE
LHb.4,2,chr6-53694926-53695316,ELOVL5,KLF9,3.155456900851559e-7,FALSE
LHb.4,2,chr5-79414081-79414620,HOMER1,IRF2,3.3183891833292485e-7,FALSE
LHb.4,2,chr19-45653688-45653903,FOSB,BACH2,3.344300430985304e-7,FALSE
LHb.4,2,chr18-45491699-45491923,SLC14A1,RREB1,3.7069363069994984e-7,FALSE
LHb.4,2,chr1-203682702-203683053,BTG2,RFX2,4.1365578074830634e-7,FALSE
LHb.4,2,chr16-79598567-79601542,MAF,MEIS2,4.854029616628538e-7,FALSE
LHb.4,2,chr3-156822640-156823159,TIPARP,EGR3,6.925668676926096e-7,FALSE
LHb.4,2,chr1-159887683-159887890,KCNJ10,KLF15,7.323031913678478e-7,FALSE
LHb.4,2,chr19-53467116-53468390,ZNF331,EGR3,7.679051038552105e-7,FALSE
LHb.4,2,chr5-79111407-79112600,HOMER1,KLF9,7.794400158866703e-7,FALSE
MHb.1,2,chr17-68518026-68518669,ABCA8,KLF3,3.0496647076959245e-9,FALSE
MHb.1,2,chr19-13181560-13182365,CACNA1A,PBX3,2.842962219140122e-8,FALSE
MHb.1,2,chr8-52007430-52008969,ST18,NR2F1,2.215253186588695e-7,FALSE
MHb.1,2,chr8-52048824-52049737,ST18,SOX2,4.1766006078365276e-7,FALSE
MHb.1,2,chr5-175750506-175750918,HRH2,FOXP2,5.809837508686315e-7,FALSE
MHb.1,2,chr8-52789064-52789412,ST18,SOX2,6.428351115709346e-7,FALSE
MHb.1,2,chr16-52734773-52735601,TOX3,POU3F2,1.107991404349372e-6,FALSE
MHb.1,2,chr20-36259101-36260133,SLA2,FOXP2,1.7329881416910527e-6,FALSE
MHb.1,2,chr3-183447138-183448182,LAMP3,NR6A1,2.6179458727424188e-6,FALSE
MHb.1,2,chr3-183447138-183448182,LAMP3,FOXP2,2.9059963075392416e-6,FALSE
MHb.1,2,chr3-182732077-182732933,LAMP3,RBPJ,3.461266830834415e-6,FALSE
MHb.1,2,chr19-35612291-35613421,MAG,POU3F2,3.8071693830117095e-6,FALSE
MHb.1,2,chr14-21026257-21026662,RNASE1,SOX2,4.190648077146882e-6,FALSE
MHb.1,2,chr16-25691388-25693470,HS3ST4,PBX3,4.84970831856025e-6,FALSE
MHb.1,2,chr4-87679911-87680213,SPARCL1,RORA,4.871329339739177e-6,FALSE
MHb.1,2,chr4-158209689-158210687,TMEM144,SOX2,6.0429930777889085e-6,FALSE
MHb.1,2,chr14-21069354-21071775,RNASE1,SOX2,6.555523594267329e-6,FALSE
MHb.1,2,chr17-78873528-78873858,USP36,IRF3,6.9716580599823855e-6,FALSE
MHb.1,2,chr2-110906700-110907269,BCL2L11,ZNF354C,6.9747906784174254e-6,FALSE
MHb.1,2,chr12-55847026-55847271,ERBB3,JDP2,7.050259593899534e-6,FALSE
MHb.1,2,chr5-93930941-93931267,NR2F1,JUNB,7.487923446676856e-6,FALSE
MHb.1,2,chr3-183635110-183637013,LAMP3,ZNF135,9.178454404579207e-6,FALSE
MHb.1,2,chr2-221571430-221574051,EPHA4,BCL6,1.1248552908581712e-5,FALSE
MHb.1,2,chr7-80997886-80998095,SEMA3C,PBX3,1.2441560720421127e-5,FALSE
MHb.1,2,chr1-161712600-161713209,HSPA6,FOS,1.6715627572112287e-5,FALSE
MHb.1,2,chr20-43513706-43515372,PTPRT,FOXP2,1.694571598789279e-5,FALSE
MHb.1,2,chr1-2642197-2643617,PRDM16,NRF1,1.8343392022990422e-5,FALSE
MHb.1,2,chr11-66015078-66015734,NPAS4,EGR1,2.156752218600989e-5,FALSE
MHb.1,2,chr5-150485426-150486713,CAMK2A,PBX3,2.877264049088748e-5,FALSE
MHb.1,2,chr7-97871607-97872990,TECPR1,KLF16,2.972978369939133e-5,FALSE
MHb.1,2,chr14-20790387-20790926,RNASE1,IRF9,3.103534542658536e-5,FALSE
MHb.1,2,chr11-124579794-124580441,NRGN,ZNF274,3.280666051496443e-5,FALSE
MHb.1,2,chr7-36018837-36019819,ANLN,PBX3,3.4108876223854696e-5,FALSE
MHb.1,2,chr3-124364046-124364937,KALRN,NR2F1,3.607838386361759e-5,FALSE
MHb.1,2,chr20-43238267-43238972,PTPRT,FOXP2,3.6261351635228114e-5,FALSE
MHb.1,2,chr1-58228397-58229088,DAB1,BCL6,4.065777126641833e-5,FALSE
MHb.1,2,chr8-138465557-138466569,FAM135B,PBX3,4.489291550207536e-5,FALSE
MHb.1,2,chr2-149329471-149331554,LYPD6B,KLF9,4.523837716355001e-5,FALSE
MHb.1,2,chr4-87058711-87059271,SPARCL1,NR2F1,4.538037763263085e-5,FALSE
MHb.1,2,chr11-124672946-124674658,NRGN,KLF3,4.9122093069202554e-5,FALSE
MHb.1,2,chr5-150129770-150130232,CAMK2A,TCF4,5.067689574763975e-5,FALSE
MHb.1,2,chr8-40796576-40797340,ZMAT4,PBX3,5.205680812953755e-5,FALSE
MHb.1,2,chr7-80748394-80748959,SEMA3C,SOX2,5.3528847352236933e-5,FALSE
MHb.1,2,chr16-58158327-58159059,TEPP,RBPJ,5.479413713828594e-5,FALSE
MHb.1,2,chr14-70187529-70189475,SLC8A3,PBX3,5.518293908698468e-5,FALSE
MHb.1,2,chr1-67572351-67573013,DIRAS3,FOXP2,6.201937268966345e-5,FALSE
MHb.1,2,chr3-182894309-182895245,LAMP3,MXI1,6.357309749538154e-5,FALSE
MHb.1,2,chr2-54287603-54287855,GPR75,RBPJ,6.36500106357208e-5,FALSE
MHb.1,2,chr7-36279165-36279680,ANLN,SOX2,6.711944401993854e-5,FALSE
MHb.1,2,chr2-157325789-157326107,ERMN,POU3F2,6.817224340311229e-5,FALSE
MHb.1.2,2,chr3-32467479-32468296,TRIM71,PLAG1,2.984931764662246e-10,FALSE
MHb.1.2,2,chr2-27356113-27357549,ABHD1,ZNF140,4.3213301687820987e-10,FALSE
MHb.1.2,2,chr1-19140474-19141474,ALDH4A1,FOXK1,3.732211656867975e-9,FALSE
MHb.1.2,2,chr14-104768345-104769163,CDCA4,ZNF263,3.825002415561475e-9,FALSE
MHb.1.2,2,chr19-57681367-57682481,ZNF256,STAT3,6.804921813968995e-9,FALSE
MHb.1.2,2,chr14-104639864-104640496,CDCA4,TCF3,7.0509155984260855e-9,FALSE
MHb.1.2,2,chr14-104825828-104827925,CDCA4,ZNF263,8.669095532840536e-9,FALSE
MHb.1.2,2,chr12-3321009-3321779,NRIP2,MNT,9.937799159647891e-9,FALSE
MHb.1.2,2,chr16-75148216-75149246,CHST5,KLF16,1.1727272360113411e-8,FALSE
MHb.1.2,2,chr2-32598753-32599562,NLRC4,MAFK,1.239859653365441e-8,FALSE
MHb.1.2,2,chr7-116671611-116673012,TES,ZBTB7A,1.3839505306138816e-8,FALSE
MHb.1.2,2,chr16-30893426-30894535,ZNF764,MZF1,1.4700945598799757e-8,FALSE
MHb.1.2,2,chr3-32467479-32468296,TRIM71,KLF16,2.8314661038679574e-8,FALSE
MHb.1.2,2,chr3-183877832-183878410,CLCN2,ZBTB18,2.8862427110205023e-8,FALSE
MHb.1.2,2,chr17-75046430-75048004,SLC25A19,MSANTD3,3.566703835910592e-8,FALSE
MHb.1.2,2,chr9-110255406-110258059,SVEP1,KLF16,4.1194227216974816e-8,FALSE
MHb.1.2,2,chr20-46021441-46022258,ZSWIM1,ZNF740,4.623709233692186e-8,FALSE
MHb.1.2,2,chr16-58571950-58572632,GINS3,ZNF148,7.122532263110933e-8,FALSE
MHb.1.2,2,chr8-144373283-144374894,EPPK1,TCF3,8.906384271283654e-8,FALSE
MHb.1.2,2,chr15-41885731-41886264,RPAP1,ELK4,9.545257070794674e-8,FALSE
MHb.1.2,2,chr2-27356113-27357549,ABHD1,THAP11,1.1020514482878097e-7,FALSE
MHb.1.2,2,chr16-1342663-1343431,IFT140,ZIC5,1.732422912187285e-7,FALSE
MHb.1.2,2,chr14-104768345-104769163,CDCA4,SP1,1.888916379696499e-7,FALSE
MHb.1.2,2,chr1-16008917-16009328,UQCRHL,ZNF140,1.9355961169238335e-7,FALSE
MHb.1.2,2,chr18-46097574-46098827,PSTPIP2,ZNF382,2.0649858944023025e-7,FALSE
MHb.1.2,2,chr3-187367462-187368802,RTP1,ZNF460,2.1135509372938698e-7,FALSE
MHb.1.2,2,chr22-20222973-20223238,GNB1L,ZNF135,2.4310815409885826e-7,FALSE
MHb.1.2,2,chr14-24481586-24483907,PCK2,HSF1,2.5760841791017196e-7,FALSE
MHb.1.2,2,chr1-205435709-205436431,PM20D1,NFYC,2.6512823318463755e-7,FALSE
MHb.1.2,2,chr3-127546967-127548262,MCM2,PPARD,2.674598459378601e-7,FALSE
MHb.1.2,2,chr16-578971-579335,RPUSD1,KLF16,2.692074510226037e-7,FALSE
MHb.1.2,2,chr3-127875376-127875887,MCM2,GABPA,2.74296740497129e-7,FALSE
MHb.1.2,2,chr20-63553308-63554182,LIME1,ZIC1,2.880963275582811e-7,FALSE
MHb.1.2,2,chr22-23970557-23972058,RGL4,ZNF460,2.9627237097856574e-7,FALSE
MHb.1.2,2,chr11-61007487-61008849,TMEM109,MAX,3.844335838577104e-7,FALSE
MHb.1.2,2,chr22-24133183-24134726,ADORA2A,ZNF274,4.691764213498382e-7,FALSE
MHb.1.2,2,chr8-94681582-94682528,CCNE2,ONECUT2,5.195654440765629e-7,FALSE
MHb.1.2,2,chr14-24080934-24081916,PCK2,PBX3,5.508953276686818e-7,FALSE
MHb.1.2,2,chr5-161547479-161548508,GABRB2,ZNF136,6.64808110609596e-7,FALSE
MHb.1.2,2,chr9-123929205-123930743,NEK6,TFDP1,6.978008176541793e-7,FALSE
MHb.1.2,2,chr11-83156230-83158299,FAM181B,EBF3,7.411931461712917e-7,FALSE
MHb.1.2,2,chr19-35142888-35143741,ZNF30,HSF1,7.682272076885873e-7,FALSE
MHb.1.2,2,chr18-46424623-46425390,PSTPIP2,TFDP1,7.929281923238417e-7,FALSE
MHb.1.2,2,chr10-22513444-22514286,SPAG6,BACH1,8.027320931132738e-7,FALSE
MHb.1.2,2,chr1-209992834-209993886,AL022397.1,MSANTD3,8.508944833293597e-7,FALSE
MHb.1.2,2,chr10-102660792-102661808,C10orf95,JUN,8.877222722706345e-7,FALSE
MHb.1.2,2,chr1-52697846-52698821,GPX7,ARNT2,8.987778718888067e-7,FALSE
MHb.1.2,2,chr1-209627557-209628122,AL022397.1,TCF3,9.93458197061656e-7,FALSE
MHb.1.2,2,chr17-41892967-41893837,TTC25,TFDP1,1.0161886500921098e-6,FALSE
MHb.1.2,2,chr5-142624865-142625821,SPRY4,NFATC3,1.021050454525875e-6,FALSE
MHb.2,2,chr5-41747103-41747857,PLCXD3,NFIA,7.943365448551865e-12,FALSE
MHb.2,2,chr4-142449832-142450206,INPP4B,NFIA,8.706616201286149e-11,FALSE
MHb.2,2,chr5-161846695-161848656,GABRB2,MEF2C,1.236228209925009e-9,FALSE
MHb.2,2,chr10-14079593-14080155,FRMD4A,NFIA,1.9450525533229107e-9,FALSE
MHb.2,2,chr5-16564519-16564757,MARCH11,EBF3,2.5850449031236994e-9,FALSE
MHb.2,2,chr5-41410280-41410752,PLCXD3,MEF2C,3.7141725273412315e-9,FALSE
MHb.2,2,chr5-161846695-161848656,GABRA1,MEF2C,5.157096496789826e-9,FALSE
MHb.2,2,chr14-24789297-24789847,STXBP6,NFIA,5.1653707272844526e-9,FALSE
MHb.2,2,chr9-214503-215523,DOCK8,ELK3,1.0669015236867158e-8,FALSE
MHb.2,2,chr5-161517552-161518011,GABRB2,MEF2C,1.2841318964221781e-8,FALSE
MHb.2,2,chr1-239385966-239388207,CHRM3,NFIA,2.5234366944854245e-8,FALSE
MHb.2,2,chr4-142791326-142791868,INPP4B,EBF3,4.085177312602932e-8,FALSE
MHb.2,2,chr5-161436335-161438169,GABRB2,MEF2C,5.9359696544513104e-8,FALSE
MHb.2,2,chr14-70566971-70568248,SLC8A3,NFIA,6.240346274019159e-8,FALSE
MHb.2,2,chr19-14107520-14107942,CACNA1A,NR2F2,9.249437195673053e-8,FALSE
MHb.2,2,chr5-161517552-161518011,GABRA1,MEF2C,1.1540180039403175e-7,FALSE
MHb.2,2,chr3-187744626-187745002,SST,RREB1,1.273801940388423e-7,FALSE
MHb.2,2,chr5-161436335-161438169,GABRA1,MEF2C,1.6893808143565388e-7,FALSE
MHb.2,2,chr7-127293812-127294066,GRM8,NFIA,1.922698334801003e-7,FALSE
MHb.2,2,chr6-146423480-146423796,GRM1,NR2F2,2.3115941485319316e-7,FALSE
MHb.2,2,chr9-137512746-137512945,CACNA1B,NFIA,2.841508855967394e-7,FALSE
MHb.2,2,chr20-7622274-7622925,PLCB1,EBF3,2.8556285322436785e-7,FALSE
MHb.2,2,chr14-78091260-78092099,NRXN3,EBF3,5.000357329749838e-7,FALSE
MHb.2,2,chr7-33918342-33919099,BMPER,NFIA,8.906486841879401e-7,FALSE
MHb.2,2,chr20-41028113-41029804,MAFB,CEBPB,9.219482176010705e-7,FALSE
MHb.2,2,chr5-161185797-161186225,GABRB2,MLXIPL,1.6013291604572037e-6,FALSE
MHb.2,2,chr5-150410560-150410835,CAMK2A,NFIA,1.6080491665841842e-6,FALSE
MHb.2,2,chr19-13381529-13382819,CACNA1A,NR2F2,2.2351216174853587e-6,FALSE
MHb.2,2,chr5-161517552-161518011,GABRA1,ZNF384,2.284222370929087e-6,FALSE
MHb.2,2,chr8-68369507-68369910,C8orf34,NFIX,2.5356029238186934e-6,FALSE
MHb.2,2,chr3-130110758-130112727,TRH,EBF3,2.5645714618620493e-6,FALSE
MHb.2,2,chr10-107653826-107654261,SORCS1,IRF9,2.6684671733782317e-6,FALSE
MHb.2,2,chr10-14113797-14114265,FRMD4A,NR2F2,2.7708639307342385e-6,FALSE
MHb.2,2,chr19-14107520-14107942,CACNA1A,MEF2C,3.101304548169977e-6,FALSE
MHb.2,2,chr2-221554750-221555569,EPHA4,MEF2C,3.3908278793162633e-6,FALSE
MHb.2,2,chr5-161517552-161518011,GABRB2,ZNF384,3.854423821535371e-6,FALSE
MHb.2,2,chr13-98966113-98966324,GPR183,SPI1,4.476233794379712e-6,FALSE
MHb.2,2,chr2-17704923-17705485,VSNL1,MEF2C,6.005626088258249e-6,FALSE
MHb.2,2,chr11-405785-406209,CD151,ZIC1,6.021571357188436e-6,FALSE
MHb.2,2,chr16-13160745-13161723,SHISA9,NFIA,6.273655654288748e-6,FALSE
MHb.2,2,chr17-51015113-51015422,CACNA1G,NFIA,6.398585542644837e-6,FALSE
MHb.2,2,chr17-51023658-51023984,CACNA1G,MEF2C,6.743254386135397e-6,FALSE
MHb.2,2,chr10-106666418-106666766,SORCS1,MEF2C,7.61088622005252e-6,FALSE
MHb.2,2,chr2-200376598-200377023,SPATS2L,NR2F2,8.791395520626917e-6,FALSE
MHb.2,2,chr3-187989492-187990157,SST,CEBPD,9.237200749593201e-6,FALSE
MHb.2,2,chr14-93787513-93789438,IFI27,ZBTB7C,9.443469327465635e-6,FALSE
MHb.2,2,chr16-12653499-12653706,SHISA9,MEF2C,9.789205682199527e-6,FALSE
MHb.2,2,chr19-45322873-45323945,PPP1R13L,GLIS2,1.0925072481377425e-5,FALSE
MHb.2,2,chr18-61699072-61699492,CDH20,MITF,1.1171053423630881e-5,FALSE
MHb.2,2,chr1-64594108-64594595,CACHD1,FOXP2,1.1466104364374635e-5,FALSE
Microglia,2,chr8-9002292-9003450,MFHAS1,NR3C2,3.268613924549533e-6,FALSE
Microglia,2,chr3-107522543-107524222,BBX,NR2C2,2.168784954337293e-5,FALSE
Microglia,2,chr10-17200852-17202035,TRDMT1,RBPJ,3.505147349260961e-5,FALSE
Microglia,2,chr17-68291095-68292761,WIPI1,KLF6,3.901701453983063e-5,FALSE
Microglia,2,chr7-23531087-23532675,CCDC126,ZNF148,5.8907412820538425e-5,FALSE
Microglia,2,chr10-88879812-88881224,STAMBPL1,TCF4,8.351538451726729e-5,FALSE
Microglia,2,chr2-20050632-20052432,LAPTM4A,REL,8.765378715645644e-5,FALSE
Microglia,2,chr9-34700909-34702428,VCP,ZNF148,1.1769176754272355e-4,FALSE
Microglia,2,chr9-133375189-133376758,SURF4,ETV5,1.3106622269235137e-4,FALSE
Microglia,2,chr20-35277374-35278379,CPNE1,ZNF148,1.3679242176913055e-4,FALSE
Microglia,2,chr5-180071018-180072372,SQSTM1,RBPJ,1.7460494818433356e-4,FALSE
Microglia,2,chr5-141849390-141850320,RNF14,KLF6,1.8278590611648646e-4,FALSE
Microglia,2,chr14-64703915-64705490,ZBTB25,NFATC2,1.9710563377523815e-4,FALSE
Microglia,2,chr4-10018734-10019421,SLC2A9,ZNF148,2.181064513380919e-4,FALSE
Microglia,2,chr19-56313912-56315721,ZSCAN5A,ATF2,3.046308815403555e-4,FALSE
Microglia,2,chr12-109097252-109098681,KCTD10,ELF1,3.9691909923321954e-4,FALSE
Microglia,2,chr9-98056128-98057265,NCBP1,KLF3,4.287261483110374e-4,FALSE
Microglia,2,chr1-156193216-156194743,SSR2,RBPJ,4.445006612243823e-4,FALSE
Microglia,2,chr15-67520555-67521947,AAGAB,NRF1,4.71088825327586e-4,FALSE
Microglia,2,chr11-62855528-62856730,TMEM179B,SP3,4.8448871676784846e-4,FALSE
Microglia,2,chr17-39952391-39953850,WIPF2,RREB1,4.952191846927554e-4,FALSE
Microglia,2,chr6-28080012-28081670,ZSCAN26,CREB1,5.097464065303493e-4,FALSE
Microglia,2,chr16-89700938-89702303,TUBB3,TCF4,5.114404895684978e-4,FALSE
Microglia,2,chr10-5684192-5685777,PFKFB3,NRF1,5.622685704982307e-4,FALSE
Microglia,2,chr6-43770940-43772119,SLC29A1,NRF1,6.153339482511857e-4,FALSE
Microglia,2,chr10-50738725-50740631,PRKG1,PBX1,6.335663684615354e-4,FALSE
Microglia,2,chr2-213151203-213152419,IKZF2,ETV6,6.39864085833073e-4,FALSE
Microglia,2,chr1-111515243-111516481,DRAM2,SP3,7.528441241062221e-4,FALSE
Microglia,2,chr6-43628654-43630436,TJAP1,ATF6,7.625412467916337e-4,FALSE
Microglia,2,chr18-9913060-9915185,RALBP1,ZNF148,7.864255191108291e-4,FALSE
Microglia,2,chr11-125110982-125112445,MSANTD2,PBX3,8.22106787214851e-4,FALSE
Microglia,2,chr14-77027561-77028964,IRF2BPL,ZNF148,8.38802605041733e-4,FALSE
Microglia,2,chr3-142224843-142225978,TFDP2,ZNF652,9.268458643888662e-4,FALSE
Microglia,2,chr8-28400954-28402883,INTS9,ZNF148,9.893072244559528e-4,FALSE
Microglia,2,chr19-18192058-18193880,PIK3R2,TCF7L2,9.89835775648521e-4,FALSE
Microglia,2,chr1-174021487-174022892,KLHL20,FOS,0.0010413394536671896,FALSE
Microglia,2,chr5-100534729-100536067,ST8SIA4,MAF,0.0010656422419122156,FALSE
Microglia,2,chr2-218405959-218406865,TMBIM1,RREB1,0.0010686536967756575,FALSE
Microglia,2,chr7-74082799-74084895,LIMK1,NFKB1,0.001125757247624474,FALSE
Microglia,2,chr14-24429621-24430954,GMPR2,FOXO3,0.0011340203258515787,FALSE
Microglia,2,chr2-27369601-27371148,ATRAID,ZNF148,0.0011491223262841937,FALSE
Microglia,2,chr3-180988789-180990069,TTC14,SP3,0.001150397131419441,FALSE
Microglia,2,chr1-112955309-112957067,ST7L,NRF1,0.0011796097420589543,FALSE
Microglia,2,chr22-38505493-38507340,SUN2,RBPJ,0.0012232309633034306,FALSE
Microglia,2,chr5-176536493-176538210,UIMC1,FOXP2,0.0012723519122542874,FALSE
Microglia,2,chr19-54159359-54160737,MBOAT7,TFCP2,0.0013143989294140213,FALSE
Microglia,2,chr10-97686543-97687782,PI4K2A,KLF6,0.0013639050634383205,FALSE
Microglia,2,chr19-54208200-54210233,MBOAT7,ZNF148,0.001383429991106089,FALSE
Microglia,2,chr3-14123983-14126106,XPC,NRF1,0.0014053860524229182,FALSE
Microglia,2,chr10-103192194-103193996,PDCD11,SP3,2.0387448707758215e-4,TRUE
Oligo,2,chr2-171159207-171161375,GAD1,ETV1,3.8731730303485154e-9,FALSE
Oligo,2,chr7-134208806-134210141,LRGUK,ZBTB7A,8.70488341131741e-8,FALSE
Oligo,2,chr3-169966013-169967541,MECOM,ZIC4,6.697893256788333e-7,FALSE
Oligo,2,chr1-50022694-50024672,AGBL4,ETV1,1.385258565148944e-6,FALSE
Oligo,2,chr11-123509422-123511646,SCN3B,ETV1,4.621050270095533e-6,FALSE
Oligo,2,chr11-123653467-123655046,SCN3B,NRF1,4.905996730275777e-6,FALSE
Oligo,2,chr7-134293992-134294453,LRGUK,ZNF135,5.09097394261997e-6,FALSE
Oligo,2,chr5-146620385-146621367,GPR151,ZIC4,1.0603060049881895e-5,FALSE
Oligo,2,chr3-129085174-129087530,KIAA1257,ETV1,1.1895735669786288e-5,FALSE
Oligo,2,chr11-33681982-33683274,KIAA1549L,ETV1,1.4543258545672288e-5,FALSE
Oligo,2,chr7-158191734-158193772,PTPRN2,ETV1,2.26281987225824e-5,FALSE
Oligo,2,chr1-181033058-181034198,CACNA1E,RBPJ,2.7180698414457246e-5,FALSE
Oligo,2,chr4-3954582-3956386,NSG1,ETV1,2.741247598923115e-5,FALSE
Oligo,2,chr20-17227711-17228959,PCSK2,ZIC4,3.223880763070233e-5,FALSE
Oligo,2,chr7-45574178-45575298,ADCY1,ETV1,3.3856824490640734e-5,FALSE
Oligo,2,chr20-17610612-17612194,PCSK2,ETV1,4.088288913728011e-5,FALSE
Oligo,2,chr3-73196815-73197706,PDZRN3,FOS,5.039539367881165e-5,FALSE
Oligo,2,chr11-124739438-124740771,PKNOX2,ETV1,5.2870744758587734e-5,FALSE
Oligo,2,chr6-42820776-42821527,CUL7,MXI1,5.94396522856916e-5,FALSE
Oligo,2,chr13-108941026-108941501,MYO16,ETV1,5.9907086101172864e-5,FALSE
Oligo,2,chr7-55191671-55192609,EGFR,NR4A2,6.054669750109609e-5,FALSE
Oligo,2,chr5-111483981-111484475,CAMK4,RBPJ,6.422241271218032e-5,FALSE
Oligo,2,chr20-63957064-63957503,ZBTB46,ETV1,6.724838102272069e-5,FALSE
Oligo,2,chr8-30383887-30385384,RBPMS,ZKSCAN5,7.204084370856084e-5,FALSE
Oligo,2,chr5-22512613-22512929,CDH12,MEF2C,7.61861585072218e-5,FALSE
Oligo,2,chr5-151686342-151687300,FAT2,TEAD1,8.560167396549429e-5,FALSE
Oligo,2,chr4-36747183-36748439,NWD2,ETV1,9.132582565510014e-5,FALSE
Oligo,2,chr7-55474552-55477142,EGFR,NR4A2,9.339961753905568e-5,FALSE
Oligo,2,chr14-92951578-92952232,CHGA,ETV1,9.409528908367413e-5,FALSE
Oligo,2,chr1-54980312-54981138,ACOT11,SP3,9.544427275896834e-5,FALSE
Oligo,2,chr3-73766393-73766929,PDZRN3,ZNF317,1.0004872706235946e-4,FALSE
Oligo,2,chr4-109015651-109017408,COL25A1,ETV1,1.0361036952705862e-4,FALSE
Oligo,2,chr10-71811769-71812315,CDH23,TCF7L2,1.0931454032240566e-4,FALSE
Oligo,2,chr1-64505153-64506611,RAVER2,THRB,1.1604320478098091e-4,FALSE
Oligo,2,chr2-46230117-46230589,EPAS1,ZBTB18,1.189842100031609e-4,FALSE
Oligo,2,chr15-26713394-26713905,GABRG3,HIC2,1.2568845434312887e-4,FALSE
Oligo,2,chr7-42105977-42106491,GLI3,HIF1A,1.2584243695894175e-4,FALSE
Oligo,2,chr9-98977873-98978452,GABBR2,ETV1,1.351024607314001e-4,FALSE
Oligo,2,chr2-165367627-165368529,SCN2A,ETV1,1.3534954940480458e-4,FALSE
Oligo,2,chr14-23953095-23954413,JPH4,RBPJ,1.3728108142814762e-4,FALSE
Oligo,2,chr20-7841388-7842484,PLCB1,FOXP2,1.3781353077432147e-4,FALSE
Oligo,2,chr20-49853203-49854575,KCNB1,ETV1,1.4616138096641237e-4,FALSE
Oligo,2,chr11-123201919-123203332,SCN3B,ETV1,1.4775770293250616e-4,FALSE
Oligo,2,chr11-125166348-125166831,PKNOX2,ETV1,1.553785369727647e-4,FALSE
Oligo,2,chr1-101944361-101944929,OLFM3,PBX1,1.5939240929256767e-4,FALSE
Oligo,2,chr6-5749070-5749524,NRN1,ETV1,1.686488922899241e-4,FALSE
Oligo,2,chr17-67376727-67379211,PITPNC1,FOS,1.7214768568617807e-4,FALSE
Oligo,2,chr11-35418148-35420390,SLC1A2,BCL6,1.772221695615023e-4,FALSE
Oligo,2,chr10-99619641-99621719,HPSE2,TCF7L2,1.783754266715528e-4,FALSE
Oligo,2,chr5-166810121-166810989,TENM2,ZIC4,1.789216352019873e-4,FALSE
OPC,2,chr5-180026850-180028037,TBC1D9B,POU6F2,5.867481140910941e-9,FALSE
OPC,2,chr19-50147243-50148443,AP2A1,PBX3,5.361299162571837e-7,FALSE
OPC,2,chr15-84569782-84571278,ZNF592,ZNF148,7.766951424939694e-7,FALSE
OPC,2,chr11-62709371-62709955,ASRGL1,ETV1,1.0894793698516543e-6,FALSE
OPC,2,chr14-67619409-67620870,TMEM229B,MAF,1.6806286690043057e-6,FALSE
OPC,2,chr20-45934168-45935534,NCOA5,NRF1,2.0358266368277122e-6,FALSE
OPC,2,chr13-75635237-75636990,UCHL3,MEF2A,5.741173626959285e-6,FALSE
OPC,2,chr5-74865331-74867090,HEXB,ZEB1,6.861359089536179e-6,FALSE
OPC,2,chr2-151827541-151828932,RIF1,ZNF148,8.388538095726072e-6,FALSE
OPC,2,chr17-1108487-1109796,NXN,ZNF148,1.4943528321929156e-5,FALSE
OPC,2,chr5-34838536-34839666,DNAJC21,RFX3,1.5736426290424902e-5,FALSE
OPC,2,chr6-109381525-109383423,MICAL1,ETV5,2.1620339215352906e-5,FALSE
OPC,2,chr12-6612676-6614448,PIANP,SP3,2.275516107345942e-5,FALSE
OPC,2,chr17-7614037-7615696,DVL2,ZNF148,3.498343855307479e-5,FALSE
OPC,2,chr12-120903222-120904811,POP5,VEZF1,5.740202790075182e-5,FALSE
OPC,2,chr19-17302615-17303690,COLGALT1,ZNF148,6.009243190956004e-5,FALSE
OPC,2,chr2-99140618-99142053,MGAT4A,ASCL1,8.689691352414412e-5,FALSE
OPC,2,chr7-1044155-1045068,MICALL2,ZNF148,9.763919074422947e-5,FALSE
OPC,2,chr5-90528819-90530302,LYSMD3,ETV1,1.0290184138378047e-4,FALSE
OPC,2,chr10-14837145-14839150,NMT2,SP3,1.1416500499191475e-4,FALSE
OPC,2,chr22-31630253-31631350,PISD,SP3,1.3027460304305017e-4,FALSE
OPC,2,chr9-137076756-137077950,ABCA2,TCF7L2,1.5815652197988193e-4,FALSE
OPC,2,chr5-103258310-103260082,PPIP5K2,VEZF1,1.75411559877119e-4,FALSE
OPC,2,chr14-69259492-69261497,SLC39A9,SOX4,1.8510081347792657e-4,FALSE
OPC,2,chr15-89367409-89368036,MESP1,NRF1,2.1128022018431457e-4,FALSE
OPC,2,chr10-89643766-89646005,KIF20B,NRF1,2.5276326131969237e-4,FALSE
OPC,2,chr17-28702032-28702675,ALDOC,POU2F1,2.5304422356888916e-4,FALSE
OPC,2,chr9-124852820-124853765,PSMB7,SP3,2.551669063427061e-4,FALSE
OPC,2,chr1-1470674-1471859,CCNL2,MEF2A,2.6145160654524545e-4,FALSE
OPC,2,chr7-44123195-44124506,MRPS24,SP3,2.7046846429658225e-4,FALSE
OPC,2,chr19-50203043-50203913,EMC10,PBX1,2.874548842790562e-4,FALSE
OPC,2,chr10-102729055-102729651,NT5C2,NFIA,2.950816900296382e-4,FALSE
OPC,2,chr10-72260196-72261210,MCU,NFIX,3.031130356861606e-4,FALSE
OPC,2,chr19-45792039-45793303,SYMPK,RBPJ,3.1696277035835366e-4,FALSE
OPC,2,chr5-66143496-66145196,MAST4,HMBOX1,3.39350282893781e-4,FALSE
OPC,2,chr3-100400404-100402003,TMEM45A,PRRX1,3.71294517637966e-4,FALSE
OPC,2,chr3-52454933-52456770,NEK4,PBX1,4.040772463431538e-4,FALSE
OPC,2,chr14-22871307-22872793,DAD1,ETV1,4.267404647401984e-4,FALSE
OPC,2,chr3-125055266-125056483,HEG1,PBX3,4.3817519939419545e-4,FALSE
OPC,2,chr17-73192864-73193637,SLC39A11,RFX3,4.602650441272466e-4,FALSE
OPC,2,chr17-781558-783016,ABR,TCF4,4.705282718477236e-4,FALSE
OPC,2,chr18-80200140-80202000,PARD6G,THRB,4.733982792683264e-4,FALSE
OPC,2,chr2-44086698-44088278,CAMKMT,TCF7L2,5.087989803180164e-4,FALSE
OPC,2,chr1-20485368-20487115,DDOST,CREM,5.395928718215086e-4,FALSE
OPC,2,chr20-33810591-33812158,CDK5RAP1,ZNF148,6.032274627338993e-4,FALSE
OPC,2,chr3-97971597-97972929,ARL6,ASCL1,6.408909119023324e-4,FALSE
OPC,2,chr10-24951538-24953360,PRTFDC1,ASCL1,6.428432601978977e-4,FALSE
OPC,2,chr22-23838534-23839544,CABIN1,ZNF148,6.557590070373525e-4,FALSE
OPC,2,chr17-36722109-36723258,ZNHIT3,SP3,6.700903723173351e-4,FALSE
OPC,2,chr12-106357346-106358666,RFX4,ELF2,6.724746384160682e-4,FALSE
Astrocyte,Intersection,chr12-76763476-76764980,CSRP2,YY1,0.03853541644981701,FALSE
Astrocyte,Intersection,chr9-35603590-35605546,CCDC107,KLF13,0,TRUE
Astrocyte,Intersection,chr9-131899389-131900308,NTNG2,NFATC2,0,TRUE
Astrocyte,Intersection,chr10-100185301-100186635,CUTC,ZNF140,0,TRUE
Astrocyte,Intersection,chr9-128190606-128191947,GLE1,ELF1,0,TRUE
Astrocyte,Intersection,chr14-22918586-22919829,MRPL52,YY1,0,TRUE
Astrocyte,Intersection,chr6-31814100-31815727,NFKBIL1,NR2C1,0.015159063249240557,TRUE
Astrocyte,Intersection,chr1-163321279-163322378,NUF2,GABPA,0.03852377041628488,TRUE
Astrocyte,Intersection,chr19-17757041-17757507,PGLS,CTCF,0.042529702151120716,TRUE
Astrocyte,Intersection,chr21-41425723-41427098,BACE2,NR1D2,0.045383161469281105,TRUE
Ependymal,Intersection,chr3-13072147-13073894,CAND2,E2F6,0,TRUE
Ependymal,Intersection,chr4-152534758-152536872,ARFIP1,SP3,0,TRUE
Ependymal,Intersection,chr3-196317507-196318604,SLC51A,MAZ,1.9760300020536955e-5,TRUE
Ependymal,Intersection,chr5-176789447-176790003,UNC5A,NR2C1,1.767552777400599e-4,TRUE
Ependymal,Intersection,chr19-56642684-56644054,ZNF583,MAX,3.61598614037328e-4,TRUE
Ependymal,Intersection,chr19-52896529-52898502,ZNF845,MEF2D,0.00043730350350107584,TRUE
Ependymal,Intersection,chr1-12229490-12230652,VPS13D,EBF1,0.0015923552644545186,TRUE
Ependymal,Intersection,chr10-102503617-102504274,LDB1,KLF9,0.0018364707921290234,TRUE
Ependymal,Intersection,chr9-121074042-121075585,TRAF1,ZBTB7A,0.006576194582139915,TRUE
Ependymal,Intersection,chr17-75073555-75074105,FADS6,ZNF460,0.010140076287988206,TRUE
Ependymal,Intersection,chr20-38252644-38253226,ACTR5,ZNF148,0.018733463473318234,TRUE
Ependymal,Intersection,chr3-52005364-52006080,GPR62,ZNF528,0.029483906200501866,TRUE
Ependymal,Intersection,chr1-85307882-85308458,MCOLN2,ZIC1,0.04597235511247065,TRUE
Ependymal,Intersection,chr5-14684330-14685037,ANKH,ZEB1,0.046148220486708386,TRUE
Ependymal,Intersection,chr19-58033483-58035048,ZNF256,RFX5,0.04699912823807741,TRUE
Ependymal,Intersection,chr1-6384943-6386218,RNF207,POU2F2,0.04913649275021793,TRUE
Excit.Thal,Intersection,chr2-66433934-66435203,MEIS1,SPI1,0.003452971639735314,FALSE
Excit.Thal,Intersection,chr1-20522212-20523211,VWA5B1,SPIB,0,TRUE
Excit.Thal,Intersection,chr12-69182133-69182662,LYZ,SPIB,0,TRUE
Excit.Thal,Intersection,chr15-31263997-31264555,TRPM1,SPIB,0,TRUE
Excit.Thal,Intersection,chr19-30567293-30567931,ZNF536,TFEB,0,TRUE
Excit.Thal,Intersection,chr10-1344755-1345665,ADARB2,PPARD,1.6691495668265236e-4,TRUE
Excit.Thal,Intersection,chr7-63899585-63901446,ZNF727,NR4A1,2.6689176084939884e-4,TRUE
Excit.Thal,Intersection,chr12-129902927-129904675,TMEM132D,PKNOX2,2.857556785315491e-4,TRUE
Excit.Thal,Intersection,chr14-24376464-24376860,NYNRIN,MZF1,3.66558360481854e-4,TRUE
Excit.Thal,Intersection,chr9-114504302-114505754,WHRN,ZNF528,4.894066424843681e-4,TRUE
Excit.Thal,Intersection,chr12-4273541-4274437,CCND2,NR2F1,6.219592774647571e-4,TRUE
Excit.Thal,Intersection,chr17-81094465-81095431,BAIAP2,ZNF528,6.254510866030626e-4,TRUE
Excit.Thal,Intersection,chr14-24398362-24400183,NYNRIN,PKNOX1,6.736591725157064e-4,TRUE
Excit.Thal,Intersection,chr6-1536618-1537294,FOXQ1,ZNF317,7.483255246710294e-4,TRUE
Excit.Thal,Intersection,chr17-81094465-81095431,BAIAP2,TEAD1,7.810678027174518e-4,TRUE
Excit.Thal,Intersection,chr17-81094465-81095431,BAIAP2,MNT,8.192525299539065e-4,TRUE
Excit.Thal,Intersection,chr10-1426130-1427246,ADARB2,ZNF682,0.0011082167329066644,TRUE
Excit.Thal,Intersection,chr16-74724223-74725467,FA2H,ZBTB14,0.001251559493028305,TRUE
Excit.Thal,Intersection,chr17-79519795-79521062,RBFOX3,PPARG,0.0013286164016579052,TRUE
Excit.Thal,Intersection,chr17-81094465-81095431,BAIAP2,RREB1,0.001537084085977516,TRUE
Excit.Thal,Intersection,chr17-81094465-81095431,BAIAP2,TFAP4,0.002419455463671184,TRUE
Excit.Thal,Intersection,chr17-75876055-75876427,CASKIN2,KLF3,0.002439353754255142,TRUE
Excit.Thal,Intersection,chr18-55589710-55590334,TCF4,SP4,0.0025028454870108844,TRUE
Excit.Thal,Intersection,chr10-80701828-80702541,SH2D4B,ONECUT2,0.0028444395981611,TRUE
Excit.Thal,Intersection,chr1-40757232-40757585,COL9A2,NFATC4,0.002884125971695595,TRUE
Excit.Thal,Intersection,chr12-120640204-120641692,CABP1,ZBTB7A,0.002955294693922695,TRUE
Excit.Thal,Intersection,chr17-81119512-81120017,BAIAP2,ZNF263,0.0030560332149880296,TRUE
Excit.Thal,Intersection,chr17-81034512-81035807,BAIAP2,SP3,0.0031097682893079783,TRUE
Excit.Thal,Intersection,chr18-55589710-55590334,TCF4,POU3F3,0.003171618860874397,TRUE
Excit.Thal,Intersection,chr19-46926689-46927506,NPAS1,EBF1,0.003454733886923287,TRUE
Excit.Thal,Intersection,chr5-759256-760180,ZDHHC11B,MNT,0.0034788876715116206,TRUE
Excit.Thal,Intersection,chr20-31869022-31871153,TTLL9,INSM1,0.003521955197087308,TRUE
Excit.Thal,Intersection,chr1-41742231-41742451,FOXO6,ZNF384,0.0037339648534410593,TRUE
Excit.Thal,Intersection,chr16-21283494-21284142,CRYM,RREB1,0.003952837856159132,TRUE
Excit.Thal,Intersection,chr19-3028485-3029727,TLE2,SCRT1,0.004123629130669433,TRUE
Excit.Thal,Intersection,chr13-27414905-27415589,RASL11A,CEBPG,0.004328183096020665,TRUE
Excit.Thal,Intersection,chr1-156601140-156602149,SEMA4A,PBX2,0.00448149046264738,TRUE
Excit.Thal,Intersection,chr18-55589710-55590334,TCF4,E2F6,0.004726070181395191,TRUE
Excit.Thal,Intersection,chr5-759256-760180,ZDHHC11B,SPI1,0.0048135597143382,TRUE
Excit.Thal,Intersection,chr7-74026806-74028196,ELN,SPI1,0.0048966623873720585,TRUE
Excit.Thal,Intersection,chr16-67013260-67014656,CBFB,SPI1,0.0049102378916500745,TRUE
Excit.Thal,Intersection,chr18-55322201-55322798,TCF4,HESX1,0.004950550940322998,TRUE
Excit.Thal,Intersection,chr8-142402186-142404301,ARC,SP2,0.004981975778095236,TRUE
Excit.Thal,Intersection,chr9-133737542-133738724,VAV2,ASCL1,0.005003180542273597,TRUE
Excit.Thal,Intersection,chr17-81386583-81387610,BAIAP2,ZNF682,0.00504346421966721,TRUE
Excit.Thal,Intersection,chr18-55589710-55590334,TCF4,ZNF341,0.005090766909647706,TRUE
Excit.Thal,Intersection,chr18-55587471-55588447,TCF4,GLI3,0.005136281610425803,TRUE
Excit.Thal,Intersection,chr8-90081999-90083129,DECR1,ETV5,0.005149273962716567,TRUE
Excit.Thal,Intersection,chr8-736843-739342,DLGAP2,MGA,0.005372905223276432,TRUE
Excit.Thal,Intersection,chr17-81094465-81095431,BAIAP2,ZNF341,0.005400041697955442,TRUE
Inhib_LHb_4.1,Intersection,chr15-90993993-90995026,PRC1,KLF9,0,TRUE
Inhib_LHb_4.1,Intersection,chr1-6392690-6394226,KLHL21,SP1,0,TRUE
Inhib_LHb_4.1,Intersection,chr17-44070321-44071207,TMEM101,ZNF682,0,TRUE
Inhib_LHb_4.1,Intersection,chr22-41413295-41414299,RBX1,KLF9,0,TRUE
Inhib_LHb_4.1,Intersection,chr19-679721-681345,MIER2,THAP1,0.0024633980654582936,TRUE
Inhib_LHb_4.1,Intersection,chr2-99180670-99181557,TXNDC9,ELF2,0.016531174274939886,TRUE
Inhib_LHb_4.1,Intersection,chr3-151228309-151228938,SIAH2,GABPA,0.028541375454585925,TRUE
Inhib_LHb_4.1,Intersection,chr3-129529154-129529704,EFCAB12,PLAG1,0.037106756647811955,TRUE
Inhib_LHb_4.1,Intersection,chr19-54114300-54115917,OSCAR,KLF9,0.041228440027206756,TRUE
Inhib_LHb_4.2,Intersection,chr19-23074809-23075801,ZNF99,ZBTB6,0.026087726643706132,FALSE
Inhib_LHb_4.2,Intersection,chr19-11137456-11138359,DNM2,HSF1,0,TRUE
Inhib_LHb_4.2,Intersection,chr18-9913060-9915185,PPP4R1,IRF9,0,TRUE
Inhib_LHb_4.2,Intersection,chr5-173144250-173145179,ERGIC1,SP3,0,TRUE
Inhib_LHb_4.2,Intersection,chr12-69878762-69879699,CNOT2,ETV6,0,TRUE
Inhib_LHb_4.2,Intersection,chr11-57711295-57712925,SERPING1,YY1,0,TRUE
Inhib_LHb_4.2,Intersection,chr3-33797845-33799232,CLASP2,IRF3,0,TRUE
Inhib_LHb_4.2,Intersection,chr3-126179643-126181425,TXNRD3,NFYC,1.2080543520597711e-5,TRUE
Inhib_LHb_4.2,Intersection,chr18-23502923-23503931,NPC1,CTCF,0.004398225103700211,TRUE
Inhib_LHb_4.2,Intersection,chr9-128127343-128129013,SH2D3C,RBPJ,0.005968032918158571,TRUE
Inhib_LHb_4.2,Intersection,chr16-71894082-71896196,ATXN1L,SREBF1,0.008522816188711285,TRUE
Inhib_LHb_4.2,Intersection,chr16-8868335-8869275,TMEM186,EGR1,0.013348306674864476,TRUE
Inhib_LHb_4.2,Intersection,chr12-56314999-56316833,RBMS2,NR1D2,0.02012771306242797,TRUE
Inhib_LHb_4.2,Intersection,chr11-134559598-134560427,GLB1L3,SCRT1,0.021549410879281375,TRUE
Inhib_LHb_4.2,Intersection,chr19-7550274-7551752,ELAVL1,ATF2,0.02341556576324514,TRUE
Inhib_LHb_4.2,Intersection,chr10-133393868-133394644,MTG1,NR2C2,0.023663628808684826,TRUE
Inhib_LHb_4.2,Intersection,chr17-42387705-42389229,DNAJC7,CREB3,0.024089474014475618,TRUE
Inhib_LHb_4.2,Intersection,chr8-4663448-4664457,CSMD1,MGA,0.027377775304413415,TRUE
Inhib_LHb_4.2,Intersection,chr17-45247381-45247986,CRHR1,KLF16,0.0287617064516667,TRUE
Inhib_LHb_4.2,Intersection,chr15-98420970-98422019,ARRDC4,CTCF,0.03398845587617263,TRUE
Inhib_LHb_4.2,Intersection,chr8-119207668-119209230,COLEC10,NR2C1,0.03628331543065381,TRUE
Inhib_LHb_4.2,Intersection,chr19-48675166-48675694,BCAT2,RBPJ,0.036364782435792394,TRUE
Inhib_LHb_4.2,Intersection,chr19-477766-478835,ARID3A,POU2F2,0.03650063201738843,TRUE
Inhib_LHb_4.2,Intersection,chr19-58058845-58060166,ZNF154,ZBTB7A,0.0365755581598003,TRUE
Inhib_LHb_4.2,Intersection,chr4-88822907-88823824,TIGD2,FOXP1,0.03907102377954609,TRUE
Inhib_LHb_4.2,Intersection,chr16-84406048-84406921,DNAAF1,FOXK2,0.041516981284475465,TRUE
Inhib.Thal,Intersection,chr5-111426719-111427887,CAMK4,TEAD1,0,TRUE
Inhib.Thal,Intersection,chr8-66368941-66369848,CRH,PRDM1,0,TRUE
Inhib.Thal,Intersection,chr10-128063841-128064841,PTPRE,NFIB,0,TRUE
Inhib.Thal,Intersection,chr6-106973378-106975734,CD24,EGR1,0,TRUE
Inhib.Thal,Intersection,chr6-106973378-106975734,CD24,SOX14,0,TRUE
Inhib.Thal,Intersection,chr16-57606842-57607414,ZNF319,NFYB,0,TRUE
Inhib.Thal,Intersection,chr19-1940153-1941362,AMH,CREB1,6.957915215759552e-4,TRUE
Inhib.Thal,Intersection,chr1-54581454-54582039,MROH7,ZIC4,0.033576311180341115,TRUE
Inhib.Thal,Intersection,chr18-32382278-32382508,KLHL14,PRDM1,0.034406818014594096,TRUE
Inhib.Thal,Intersection,chr5-122310696-122312874,SNCAIP,MYBL1,0.03837335480862739,TRUE
Inhib.Thal,Intersection,chr5-122310696-122312874,SNCAIP,RBPJ,0.040766986077792965,TRUE
Inhib.Thal,Intersection,chr11-119415983-119416211,UPK2,MZF1,0.041772727760623414,TRUE
LHb.1.3.4,Intersection,chr6-3157150-3158441,SERPINB1,ZNF460,0,TRUE
LHb.2.7,Intersection,chr5-115150591-115151714,TICAM2,MSC,0,TRUE
LHb.2.7,Intersection,chr12-72207632-72208109,TRHDE,POU3F3,0.0022848640413000924,TRUE
LHb.2.7,Intersection,chr1-155968713-155968989,C1orf61,ZKSCAN5,0.0037721484222062686,TRUE
LHb.2.7,Intersection,chr12-57195292-57195509,ARHGAP9,MYC,0.017173322704427976,TRUE
LHb.2.7,Intersection,chr2-163651184-163651423,FIGN,MEF2B,0.02617169773557182,TRUE
LHb.2.7,Intersection,chr5-149217776-149218031,ARHGEF37,ZNF24,0.03121621676358302,TRUE
LHb.2.7,Intersection,chr11-94220620-94221806,VSTM5,ZNF384,0.04500136502740637,TRUE
LHb.4,Intersection,chr7-97732598-97734068,TAC1,SOX4,0.020464318389519703,FALSE
LHb.4,Intersection,chr6-10403719-10405169,TFAP2A,INSM1,0.043462650115775964,FALSE
LHb.4,Intersection,chr15-96345569-96346241,NR2F2,CEBPA,0.001929357015911846,TRUE
LHb.4,Intersection,chr7-155381835-155382617,EN2,KLF9,0.007961576389653913,TRUE
LHb.4,Intersection,chr20-63101796-63103278,OGFR,GLI2,0.008614421022398896,TRUE
LHb.4,Intersection,chr5-2750414-2752215,C5orf38,MAZ,0.01154910543168828,TRUE
LHb.4,Intersection,chr7-155381391-155381736,EN2,HEY1,0.01545609254329463,TRUE
LHb.4,Intersection,chr7-42492969-42494138,GLI3,FOXP1,0.015677331541832987,TRUE
LHb.4,Intersection,chr5-98562743-98563282,RGMB,IKZF1,0.017885776485043112,TRUE
LHb.4,Intersection,chr7-98742003-98742604,SMURF1,TCF7L1,0.021707087147986397,TRUE
LHb.4,Intersection,chr5-136028652-136029680,TGFBI,ZBTB6,0.026411920068742774,TRUE
LHb.4,Intersection,chr5-93647277-93647584,NR2F1,NR2F2,0.029069993794597734,TRUE
LHb.4,Intersection,chr15-72998284-72998992,HIGD2B,ZBTB6,0.03354876767187655,TRUE
LHb.4,Intersection,chr7-100014997-100016246,TSC22D4,RREB1,0.036395285048682814,TRUE
LHb.4,Intersection,chr19-45541838-45542051,CCDC61,NR2C2,0.0409735784338064,TRUE
LHb.4,Intersection,chr6-151215215-151215433,AKAP12,ZNF460,0.04995485966823594,TRUE
MHb.1,Intersection,chr6-112018147-112018840,FYN,IRF2,0,TRUE
MHb.1,Intersection,chr7-128350613-128351122,RBM28,KLF16,0,TRUE
MHb.1,Intersection,chr8-91040035-91041213,OTUD6B,ELK4,0,TRUE
MHb.1,Intersection,chr8-92583408-92584432,TRIQK,SMAD5,0,TRUE
MHb.1,Intersection,chr11-61148073-61148506,VPS37C,THAP11,0,TRUE
MHb.1,Intersection,chr21-33844142-33845045,SON,KLF16,0,TRUE
MHb.1,Intersection,chr12-133129626-133131039,ZNF84,SP4,0,TRUE
MHb.1,Intersection,chr2-46541633-46544358,PIGF,ZNF740,0.04277280240516938,TRUE
MHb.1,Intersection,chr14-67513790-67515794,MPP5,SNAI3,0.046434187270695315,TRUE
MHb.1.2,Intersection,chr10-1344755-1345665,ADARB2,PRDM4,0.015351714346238068,FALSE
MHb.1.2,Intersection,chr11-63830011-63830460,KCNK4,MZF1,2.04377188585732e-6,TRUE
MHb.1.2,Intersection,chr4-2451750-2452535,POLN,RARA,0.001268698373954895,TRUE
MHb.1.2,Intersection,chr4-1951650-1952570,POLN,ZNF528,0.0013123722541822749,TRUE
MHb.1.2,Intersection,chr3-75618538-75619243,ROBO2,CTCF,0.0034747092597690325,TRUE
MHb.1.2,Intersection,chr10-116756108-116756646,SLC18A2,IRF3,0.0038550773045029417,TRUE
MHb.1.2,Intersection,chr2-130797379-130799285,PTPN18,ZIC5,0.004393819743234518,TRUE
MHb.1.2,Intersection,chr4-20408556-20409256,SLIT2,MEF2A,0.00520001350918253,TRUE
MHb.1.2,Intersection,chr4-83283815-83285013,THAP9,ATF2,0.006539681848634758,TRUE
MHb.1.2,Intersection,chr19-1884806-1885702,JSRP1,SP3,0.007999680077451495,TRUE
MHb.1.2,Intersection,chr19-8307453-8308572,MYO1F,MNT,0.00868938249302045,TRUE
MHb.1.2,Intersection,chr7-6447027-6448502,DAGLB,POU2F1,0.009252601313449162,TRUE
MHb.1.2,Intersection,chr4-2451750-2452535,POLN,PPARD,0.00941933632543848,TRUE
MHb.1.2,Intersection,chr4-2547374-2547777,POLN,MAFK,0.009892745163569524,TRUE
MHb.1.2,Intersection,chr2-25256915-25257565,ADCY3,PBX3,0.010061312927214903,TRUE
MHb.1.2,Intersection,chr7-34191028-34192176,BMPER,NFATC3,0.011428968666387228,TRUE
MHb.1.2,Intersection,chr19-2613702-2614144,JSRP1,SP4,0.012932587438943323,TRUE
MHb.1.2,Intersection,chr17-17722135-17723019,NT5M,MSANTD3,0.013508540476281725,TRUE
MHb.1.2,Intersection,chr1-218401547-218402432,TGFB2,E2F6,0.013725816517800487,TRUE
MHb.1.2,Intersection,chr22-24696987-24698022,GGT1,ZNF274,0.016522320574134476,TRUE
MHb.1.2,Intersection,chr6-33271325-33272398,DAXX,ZBTB7A,0.017982476443420038,TRUE
MHb.1.2,Intersection,chr12-39804613-39805637,LRRK2,SP1,0.028238708840952653,TRUE
MHb.1.2,Intersection,chr11-47641963-47642906,SPI1,ZIC4,0.0292715359916768,TRUE
MHb.1.2,Intersection,chr10-71284782-71285411,SLC29A3,HIC2,0.03099411805870284,TRUE
MHb.1.2,Intersection,chr11-67507777-67508935,SSH3,ZBTB7A,0.032610184378954445,TRUE
MHb.1.2,Intersection,chr11-134008186-134009094,GLB1L2,ZNF143,0.03831604034630444,TRUE
MHb.1.2,Intersection,chr16-89507385-89508951,CPNE7,ZIC5,0.03964777301038558,TRUE
MHb.1.2,Intersection,chr1-54558016-54560372,CYB5RL,ZNF384,0.041381451426691286,TRUE
MHb.1.2,Intersection,chr16-28062355-28063903,CLN3,EBF1,0.04253839198417526,TRUE
MHb.1.2,Intersection,chr1-203028752-203029239,SYT2,ZKSCAN5,0.044726294496102346,TRUE
MHb.1.2,Intersection,chr19-19515697-19516559,ZNF101,TFDP1,0.04481195981498943,TRUE
MHb.1.2,Intersection,chr2-96064877-96065852,GPAT2,JUN,0.045517351704278196,TRUE
MHb.1.2,Intersection,chr8-144337337-144338189,TMEM249,ZIC5,0.04768857908843981,TRUE
MHb.1.2,Intersection,chr10-80464571-80465606,ANXA11,YY1,0.04780107129946642,TRUE
MHb.1.2,Intersection,chr19-52335840-52336875,ZNF578,E2F6,0.04799643683141474,TRUE
MHb.1.2,Intersection,chr12-108730273-108732420,CORO1C,ZNF148,0.0485433767335463,TRUE
MHb.2,Intersection,chr3-10949016-10949594,SLC6A11,MEF2C,0.022102435247990784,TRUE
MHb.2,Intersection,chr1-52032446-52034023,ORC1,IRF7,0.04096799673200478,TRUE
Microglia,Intersection,chr10-103192194-103193996,PDCD11,SP3,0.0018999047755657095,TRUE
Microglia,Intersection,chr11-65180562-65183002,FRMD8,NR4A2,0.04688644074327676,TRUE
Oligo,Intersection,chr4-114658193-114658527,UGT8,ZNF136,0,TRUE
Oligo,Intersection,chr5-39073267-39075201,LIFR,STAT1,0,TRUE
Oligo,Intersection,chr15-40404889-40406315,BMF,ZBTB7B,0.004039775230961944,TRUE
Oligo,Intersection,chr12-10354320-10354729,KLRC3,JDP2,0.012417550142988008,TRUE
Oligo,Intersection,chr19-18708569-18710425,KLHL26,NFIB,0.01661771686003148,TRUE
Oligo,Intersection,chr14-21024569-21026151,NDRG2,ZNF263,0.030705490713742005,TRUE
OPC,Intersection,chr3-185362860-185363868,TMEM41A,MEF2C,0.01066894331797931,TRUE
OPC,Intersection,chr11-96343000-96343719,CCDC82,ZNF148,0.011110335921942733,TRUE
OPC,Intersection,chr11-110295703-110297114,ZC3H12C,NRF1,0.01656988211059046,TRUE
OPC,Intersection,chr1-23958920-23960517,SRSF10,NRF1,0.018604771931039675,TRUE
OPC,Intersection,chr16-11742102-11743396,ZC3H7A,ZNF148,0.028399498994859,TRUE
OPC,Intersection,chr4-212293-213988,ZNF595,SP3,0.02882296290562462,TRUE
OPC,Intersection,chr16-2267624-2269051,NME3,MXI1,0.03794068582257572,TRUE
OPC,Intersection,chr19-10105904-10106927,DNMT1,SOX4,0.04026174658512734,TRUE
