"peak_id","n_DARs","n_cell_types","cell_types","overlap_type"
"chr1-100213166-100213615",2,2,"Inhib.Thal; LHb.4","Shared"
"chr1-100265432-100266863",3,3,"Excit.Thal; LHb.2.7; Oligo","Shared"
"chr1-101155837-101156189",2,2,"MHb.1.2; MHb.2","Shared"
"chr1-101960020-101960498",1,1,"LHb.4","Unique"
"chr1-1040412-1041074",8,8,"Astrocyte; Inhib.Thal; LHb.1.3.4; LHb.1; LHb.4; MHb.1.2; MHb.2; Microglia","Shared"
"chr1-10490192-10490475",1,1,"LHb.1","Unique"
"chr1-107171248-107171735",2,2,"Astrocyte; Inhib.Thal","Shared"
"chr1-1081036-1081523",5,1,"LHb.4","Unique"
"chr1-108816308-108817380",3,3,"Inhib.Thal; Microglia; Oligo","Shared"
"chr1-109186047-109186406",3,1,"LHb.2.7","Unique"
"chr1-109213412-109214980",10,2,"Excit.Thal; MHb.1.2","Shared"
"chr1-109334979-109335889",2,2,"Inhib.Thal; Oligo","Shared"
"chr1-109532107-109532611",6,1,"Inhib.Thal","Unique"
"chr1-109687441-109688046",32,4,"Astrocyte; Microglia; Oligo; OPC","Shared"
"chr1-109849340-109849651",1,1,"LHb.4","Unique"
"chr1-109910465-109911476",16,4,"Inhib.Thal; LHb.1.3.4; MHb.2; Oligo","Shared"
"chr1-109983942-109985546",2,2,"Excit.Thal; OPC","Shared"
"chr1-110011501-110011940",4,4,"Inhib.Thal; LHb.2.7; MHb.2; Microglia","Shared"
"chr1-110083938-110084822",4,4,"Inhib.Thal; LHb.1; MHb.2; Oligo","Shared"
"chr1-110460289-110460608",4,2,"Astrocyte; Oligo","Shared"
"chr1-110524291-110524983",2,2,"Astrocyte; Oligo","Shared"
"chr1-110615721-110616041",2,2,"Astrocyte; Oligo","Shared"
"chr1-110630785-110631384",6,2,"Astrocyte; Oligo","Shared"
"chr1-110637306-110638345",1,1,"Inhib.Thal","Unique"
"chr1-1115644-1116926",9,9,"Astrocyte; Excit.Thal; LHb.1; LHb.4; MHb.1.2; MHb.1; MHb.2; Microglia; Oligo","Shared"
"chr1-111789133-111789494",2,2,"Excit.Thal; MHb.2","Shared"
"chr1-111794335-111794586",1,1,"LHb.2.7","Unique"
"chr1-112430267-112430677",4,1,"LHb.4","Unique"
"chr1-112804023-112804508",2,2,"Astrocyte; Thal","Shared"
"chr1-11292713-11293260",4,2,"LHb.1; LHb.2.7","Shared"
"chr1-112998886-112999269",2,1,"Oligo","Unique"
"chr1-113170782-113171095",2,2,"Inhib.Thal; LHb.2.7","Shared"
"chr1-113563345-113563947",3,1,"Inhib.Thal","Unique"
"chr1-113980002-113980528",3,3,"MHb.1.2; MHb.1; MHb.2","Shared"
"chr1-114192117-114192504",2,1,"Inhib.Thal","Unique"
"chr1-114701337-114701753",1,1,"Inhib.Thal","Unique"
"chr1-114756961-114758275",6,3,"Excit.Thal; Inhib.Thal; LHb.4","Shared"
"chr1-115088385-115090152",7,7,"Astrocyte; LHb.1; LHb.4; MHb.1.2; MHb.1; MHb.2; Oligo","Shared"
"chr1-115434574-115435282",1,1,"Excit.Thal","Unique"
"chr1-11569741-11569974",5,1,"Excit.Thal","Unique"
"chr1-115924769-115924997",2,1,"MHb.2","Unique"
"chr1-116060110-116060571",1,1,"LHb.2.7","Unique"
"chr1-116151022-116151392",6,2,"LHb.4; Oligo","Shared"
"chr1-11616859-11617412",2,2,"MHb.1; MHb.2","Shared"
"chr1-116595145-116595705",2,1,"MHb.2","Unique"
"chr1-116609689-116609950",2,1,"Excit.Thal","Unique"
"chr1-116652886-116653192",1,1,"Inhib.Thal","Unique"
"chr1-116950606-116951283",1,1,"Inhib.Thal","Unique"
"chr1-117148805-117149267",1,1,"MHb.2","Unique"
"chr1-11784809-11785433",7,7,"Astrocyte; Excit.Thal; LHb.2.7; MHb.1.2; MHb.1; MHb.2; Oligo","Shared"
"chr1-117895532-117896057",2,2,"Astrocyte; Oligo","Shared"
"chr1-11805337-11806563",3,1,"Excit.Thal","Unique"
"chr1-11838220-11838954",6,6,"Astrocyte; Excit.Thal; LHb.4; MHb.1; MHb.2; Oligo","Shared"
"chr1-11898171-11899114",6,2,"Inhib.Thal; LHb.4","Shared"
"chr1-11925897-11926723",8,4,"Inhib.Thal; LHb.1; MHb.1.2; Microglia","Shared"
"chr1-11934148-11935041",7,7,"LHb.1.3.4; LHb.1; LHb.4; MHb.1.2; MHb.1; MHb.2; Oligo","Shared"
"chr1-11954695-11955251",1,1,"Inhib.Thal","Unique"
"chr1-119582686-119583332",8,4,"Astrocyte; Inhib.Thal; LHb.4; MHb.2","Shared"
"chr1-119595508-119596305",1,1,"Oligo","Unique"
"chr1-119623509-119624028",1,1,"Inhib.Thal","Unique"
"chr1-119731866-119733078",4,4,"Excit.Thal; Inhib.Thal; LHb.4; Oligo","Shared"
"chr1-119808654-119809273",4,4,"Astrocyte; Inhib.Thal; LHb.4; MHb.2","Shared"
"chr1-121097531-121097826",3,3,"Excit.Thal; Inhib.Thal; LHb.1","Shared"
"chr1-12208655-12209139",3,3,"Inhib.Thal; LHb.4; MHb.2","Shared"
"chr1-1307789-1308728",8,4,"Excit.Thal; Inhib.Thal; MHb.1; Oligo","Shared"
"chr1-1374682-1375717",3,3,"Excit.Thal; Inhib.Thal; MHb.1","Shared"
"chr1-13892191-13893438",7,7,"Astrocyte; Inhib.Thal; LHb.1; MHb.1; MHb.2; Oligo; OPC","Shared"
"chr1-143735827-143736790",4,4,"Astrocyte; Inhib.Thal; LHb.1; LHb.4","Shared"
"chr1-144077217-144077448",1,1,"Excit.Thal","Unique"
"chr1-144103065-144104709",10,10,"Astrocyte; Inhib.Thal; LHb.1; LHb.4; MHb.1.2; MHb.1; MHb.2; Microglia; Oligo; OPC","Shared"
"chr1-145280958-145281537",2,2,"LHb.2.7; Oligo","Shared"
"chr1-145465295-145465734",2,2,"Excit.Thal; LHb.4","Shared"
"chr1-145607759-145608347",15,5,"Astrocyte; Excit.Thal; LHb.2.7; MHb.1; MHb.2","Shared"
"chr1-145879732-145880223",2,1,"Excit.Thal","Unique"
"chr1-146035392-146035790",2,2,"Inhib.Thal; Oligo","Shared"
"chr1-146037409-146038307",1,1,"Inhib.Thal","Unique"
"chr1-146369982-146370216",1,1,"Excit.Thal","Unique"
"chr1-146376311-146377385",5,1,"Inhib.Thal","Unique"
"chr1-146387052-146387648",6,2,"Inhib.Thal; MHb.2","Shared"
"chr1-147336870-147337559",2,1,"Excit.Thal","Unique"
"chr1-147772543-147772792",2,1,"Inhib.Thal","Unique"
"chr1-147928171-147928752",6,3,"Inhib.Thal; MHb.1.2; Oligo","Shared"
"chr1-148280060-148280776",2,2,"LHb.2.7; Oligo","Shared"
"chr1-148522120-148522998",3,3,"Inhib.Thal; LHb.2.7; Oligo","Shared"
"chr1-148679440-148679759",1,1,"OPC","Unique"
"chr1-149636231-149636950",15,5,"Excit.Thal; Inhib.Thal; MHb.1.2; MHb.1; Microglia","Shared"
"chr1-149708499-149708817",9,3,"LHb.7; Microglia; Oligo","Shared"
"chr1-149740155-149740482",1,1,"Inhib.Thal","Unique"
"chr1-149886364-149887163",16,4,"Astrocyte; Excit.Thal; Inhib.Thal; Oligo","Shared"
"chr1-149887479-149888254",6,6,"Astrocyte; Excit.Thal; Inhib.Thal; MHb.1; Oligo; OPC","Shared"
"chr1-150293449-150294205",4,4,"Astrocyte; Excit.Thal; Inhib.Thal; Oligo","Shared"
"chr1-150321101-150321984",4,2,"Excit.Thal; LHb.1","Shared"
"chr1-150363525-150365043",6,2,"Excit.Thal; Inhib.Thal","Shared"
"chr1-150551043-150551459",5,1,"Inhib.Thal","Unique"
"chr1-15099819-15100676",3,3,"Inhib.Thal; LHb.4; MHb.2","Shared"
"chr1-151008170-151008860",3,3,"Excit.Thal; Microglia; Oligo","Shared"
"chr1-151047356-151048766",4,4,"Excit.Thal; Inhib.Thal; LHb.1; Oligo","Shared"
"chr1-1511048-1512239",9,3,"Astrocyte; Inhib.Thal; MHb.1","Shared"
"chr1-151131152-151131547",3,3,"Excit.Thal; LHb.4; OPC","Shared"
"chr1-15128555-15128828",4,4,"Excit.Thal; Inhib.Thal; LHb.2.7; Oligo","Shared"
"chr1-151340819-151341253",14,2,"MHb.2; Oligo","Shared"
"chr1-151458255-151459785",16,4,"Excit.Thal; Inhib.Thal; MHb.2; Microglia","Shared"
"chr1-151728050-151728735",20,5,"Astrocyte; Excit.Thal; Inhib.Thal; Oligo; OPC","Shared"
"chr1-151734684-151735503",3,3,"Astrocyte; Inhib.Thal; Oligo","Shared"
"chr1-151762856-151764099",4,4,"Inhib.Thal; MHb.1.2; MHb.2; Oligo","Shared"
"chr1-152188650-152189577",16,4,"Astrocyte; Inhib.Thal; MHb.2; Oligo","Shared"
"chr1-153566365-153566859",6,2,"LHb.4; Oligo","Shared"
"chr1-15370637-15371283",2,2,"Inhib.Thal; LHb.4","Shared"
"chr1-153749393-153749711",2,1,"Astrocyte","Unique"
"chr1-153775105-153776344",9,9,"Astrocyte; Excit.Thal; Inhib.Thal; LHb.2.7; LHb.4; MHb.1.2; MHb.1; MHb.2; Oligo","Shared"
"chr1-153967154-153967941",9,3,"Excit.Thal; Inhib.Thal; LHb.2.7","Shared"
"chr1-1540233-1540956",2,2,"LHb.1; Oligo","Shared"
"chr1-154348433-154349352",9,3,"Astrocyte; Inhib.Thal; LHb.1.3.4","Shared"
"chr1-15437010-15437455",2,2,"LHb.2.7; MHb.2","Shared"
"chr1-154448135-154448796",2,1,"Inhib.Thal","Unique"
"chr1-154469909-154470152",1,1,"LHb.2.7","Unique"
"chr1-154557843-154559803",3,3,"Astrocyte; Excit.Thal; Inhib.Thal","Shared"
"chr1-154707955-154708323",1,1,"LHb.4","Unique"
"chr1-154779757-154780079",2,2,"LHb.2.7; MHb.2","Shared"
"chr1-154961333-154962321",4,4,"Excit.Thal; MHb.1; Microglia; Oligo","Shared"
"chr1-155001618-155002340",8,4,"Excit.Thal; Inhib.Thal; LHb.1; Oligo","Shared"
"chr1-155011673-155012435",5,5,"Excit.Thal; Inhib.Thal; LHb.1; LHb.2.7; MHb.2","Shared"
"chr1-155069587-155070559",2,2,"MHb.2; Oligo","Shared"
"chr1-155078493-155079461",12,6,"Astrocyte; Excit.Thal; MHb.1; Microglia; Oligo; OPC","Shared"
"chr1-155091301-155091940",6,3,"Astrocyte; Excit.Thal; MHb.2","Shared"
"chr1-155243658-155245203",4,2,"Excit.Thal; Inhib.Thal","Shared"
"chr1-155323684-155324625",12,4,"Astrocyte; Microglia; Oligo; OPC","Shared"
"chr1-155988849-155989941",24,8,"Excit.Thal; Inhib.Thal; LHb.1; LHb.2.7; LHb.4; MHb.1.2; MHb.1; MHb.2","Shared"
"chr1-156053075-156054369",8,4,"Astrocyte; Excit.Thal; LHb.1; Oligo","Shared"
"chr1-156090589-156091101",5,5,"Astrocyte; MHb.1; MHb.2; Oligo; OPC","Shared"
"chr1-156337782-156338935",3,3,"Excit.Thal; Inhib.Thal; LHb.1","Shared"
"chr1-156445646-156446126",1,1,"MHb.1","Unique"
"chr1-156510697-156510958",1,1,"Astrocyte","Unique"
"chr1-157069486-157069943",2,2,"Excit.Thal; Inhib.Thal","Shared"
"chr1-15849261-15849776",6,3,"Excit.Thal; Inhib.Thal; Oligo","Shared"
"chr1-15916530-15917134",1,1,"Inhib.Thal","Unique"
"chr1-159715301-159715606",1,1,"Inhib.Thal","Unique"
"chr1-159957898-159958272",4,4,"Inhib.Thal; MHb.1.2; MHb.1; MHb.2","Shared"
"chr1-159965275-159965556",2,1,"MHb.2","Unique"
"chr1-160004760-160005304",1,1,"Inhib.Thal","Unique"
"chr1-160081027-160081702",2,2,"MHb.1; Oligo","Shared"
"chr1-160101026-160101423",6,2,"Inhib.Thal; MHb.2","Shared"
"chr1-160204991-160205943",9,3,"Excit.Thal; MHb.1.2; OPC","Shared"
"chr1-160239668-160240011",12,3,"Inhib.Thal; LHb.2.7; Oligo","Shared"
"chr1-160261815-160262751",4,4,"Excit.Thal; Inhib.Thal; MHb.1; MHb.2","Shared"
"chr1-16078900-16079276",4,2,"Astrocyte; Oligo","Shared"
"chr1-160925853-160926165",1,1,"Inhib.Thal","Unique"
"chr1-161020338-161021577",4,4,"Inhib.Thal; LHb.4; MHb.1; Oligo","Shared"
"chr1-161421899-161422268",27,3,"Excit.Thal; Inhib.Thal; LHb.4","Shared"
"chr1-161439497-161440748",28,4,"Astrocyte; Excit.Thal; LHb.2.7; LHb.4","Shared"
"chr1-161605730-161606174",4,1,"Inhib.Thal","Unique"
"chr1-161612222-161613071",96,6,"Astrocyte; Excit.Thal; Inhib.Thal; LHb.1; Oligo; OPC","Shared"
"chr1-161620667-161621935",27,3,"Astrocyte; LHb.1; Oligo","Shared"
"chr1-16187729-16188033",3,3,"Astrocyte; Excit.Thal; Inhib.Thal","Shared"
"chr1-162069338-162070621",4,4,"Excit.Thal; Inhib.Thal; LHb.1.3.4; MHb.1.2","Shared"
"chr1-162235321-162235585",1,1,"MHb.2","Unique"
"chr1-162631209-162631778",1,1,"Oligo","Unique"
"chr1-162658072-162658673",2,1,"Inhib.Thal","Unique"
"chr1-162790025-162790584",4,4,"Excit.Thal; MHb.1.2; MHb.1; MHb.2","Shared"
"chr1-162800225-162800608",4,2,"MHb.2; Oligo","Shared"
"chr1-1630084-1630408",13,1,"LHb.4","Unique"
"chr1-164796916-164797422",2,2,"MHb.1; MHb.2","Shared"
"chr1-1658719-1659273",16,4,"Astrocyte; Inhib.Thal; LHb.1; MHb.1","Shared"
"chr1-166051136-166051390",1,1,"Inhib.Thal","Unique"
"chr1-16612537-16613987",4,4,"Excit.Thal; MHb.1; MHb.2; OPC","Shared"
"chr1-166875620-166876700",3,3,"Astrocyte; Excit.Thal; Inhib.Thal","Shared"
"chr1-167651232-167651866",3,1,"Inhib.Thal","Unique"
"chr1-168015703-168016146",1,1,"Inhib.Thal","Unique"
"chr1-168059661-168059984",2,1,"Inhib.Thal","Unique"
"chr1-168342403-168343072",14,7,"Astrocyte; Excit.Thal; Inhib.Thal; LHb.2.7; MHb.1; MHb.2; Oligo","Shared"
"chr1-168376652-168376871",1,1,"Inhib.Thal","Unique"
"chr1-16888740-16889926",12,4,"Astrocyte; Inhib.Thal; Oligo; OPC","Shared"
"chr1-16903836-16904349",2,2,"Excit.Thal; Inhib.Thal","Shared"
"chr1-16904528-16905484",8,4,"Astrocyte; Excit.Thal; Inhib.Thal; Oligo","Shared"
"chr1-169105592-169106835",6,6,"Excit.Thal; Inhib.Thal; LHb.4; MHb.2; Microglia; Oligo","Shared"
"chr1-16913119-16914651",10,5,"Excit.Thal; Inhib.Thal; LHb.1; Microglia; Oligo","Shared"
"chr1-16921495-16922080",4,4,"Astrocyte; Inhib.Thal; LHb.2.7; MHb.2","Shared"
"chr1-1692324-1693255",3,3,"LHb.2.7; Microglia; Oligo","Shared"
"chr1-16926579-16927018",4,4,"LHb.1.3.4; LHb.2.7; MHb.1.2; MHb.2","Shared"
"chr1-169336984-169337690",1,1,"Inhib.Thal","Unique"
"chr1-16946064-16947112",5,5,"Astrocyte; Excit.Thal; Inhib.Thal; MHb.2; Oligo","Shared"
"chr1-170145621-170146271",4,4,"Excit.Thal; Inhib.Thal; LHb.1; MHb.1","Shared"
"chr1-172039053-172039381",2,2,"LHb.2.7; MHb.2","Shared"
"chr1-17236922-17237369",3,3,"Astrocyte; Inhib.Thal; Oligo","Shared"
"chr1-1724077-1724609",4,4,"Astrocyte; Excit.Thal; Inhib.Thal; MHb.2","Shared"
"chr1-173190092-173190934",1,1,"Inhib.Thal","Unique"
"chr1-173224391-173224866",1,1,"LHb.2.7","Unique"
"chr1-173350168-173350766",1,1,"Excit.Thal","Unique"
"chr1-173369417-173369812",12,2,"LHb.2.7; MHb.2","Shared"
"chr1-17347751-17348112",1,1,"LHb.4","Unique"
"chr1-173823978-173825319",3,3,"Astrocyte; Excit.Thal; Inhib.Thal","Shared"
"chr1-1745993-1746550",18,2,"Astrocyte; Microglia","Shared"
"chr1-174799342-174799990",10,5,"Astrocyte; Excit.Thal; Inhib.Thal; MHb.2; Oligo","Shared"
"chr1-174800149-174800711",1,1,"Excit.Thal","Unique"
"chr1-17494093-17494785",2,2,"Excit.Thal; Inhib.Thal","Shared"
"chr1-1755418-1755985",1,1,"LHb.4","Unique"
"chr1-177023204-177023939",2,2,"Inhib.Thal; LHb.1.3.4","Shared"
"chr1-179042051-179042582",1,1,"Inhib.Thal","Unique"
"chr1-179292984-179294130",2,2,"Excit.Thal; Inhib.Thal","Shared"
"chr1-179742697-179744562",7,7,"Astrocyte; Excit.Thal; Inhib.Thal; LHb.1.3.4; LHb.1; MHb.2; Oligo","Shared"
"chr1-179846037-179846710",2,1,"Inhib.Thal","Unique"
"chr1-180424792-180425432",2,2,"Inhib.Thal; LHb.2.7","Shared"
"chr1-180988168-180988765",1,1,"Oligo","Unique"
"chr1-181045839-181046139",1,1,"Oligo","Unique"
"chr1-181142199-181142761",3,3,"Excit.Thal; Inhib.Thal; LHb.4","Shared"
"chr1-181413141-181413655",2,2,"Excit.Thal; MHb.2","Shared"
"chr1-181983986-181984387",1,1,"Inhib.Thal","Unique"
"chr1-18211766-18212133",1,1,"Inhib.Thal","Unique"
"chr1-182143741-182144597",5,5,"Astrocyte; MHb.1; MHb.2; Microglia; Oligo","Shared"
"chr1-182444336-182445106",1,1,"Inhib.Thal","Unique"
"chr1-182594750-182595058",2,1,"Inhib.Thal","Unique"
"chr1-182789102-182790011",3,3,"Inhib.Thal; MHb.1; Oligo","Shared"
"chr1-182869086-182869817",8,4,"Astrocyte; Inhib.Thal; MHb.2; Oligo","Shared"
"chr1-1833426-1833698",3,1,"MHb.2","Unique"
"chr1-183394545-183395041",1,1,"Inhib.Thal","Unique"
"chr1-183635033-183636629",6,6,"Excit.Thal; Inhib.Thal; LHb.1; LHb.4; MHb.1.2; MHb.1","Shared"
"chr1-192942856-192943080",1,1,"Inhib.Thal","Unique"
"chr1-192986691-192987375",2,1,"Oligo","Unique"
"chr1-193185862-193186705",3,3,"Astrocyte; Inhib.Thal; MHb.2","Shared"
"chr1-19439490-19439872",4,2,"LHb.1; Oligo","Shared"
"chr1-1955611-1956360",4,2,"LHb.1; LHb.4","Shared"
"chr1-19678538-19678972",1,1,"LHb.1.3.4","Unique"
"chr1-197290129-197290687",1,1,"MHb.2","Unique"
"chr1-198701490-198702467",2,2,"LHb.2.7; MHb.2","Shared"
"chr1-200185120-200185506",6,3,"Inhib.Thal; LHb.2.7; MHb.2","Shared"
"chr1-200488428-200488980",2,2,"Astrocyte; Oligo","Shared"
"chr1-200916692-200917637",2,2,"Inhib.Thal; LHb.4","Shared"
"chr1-201481706-201482452",16,8,"Excit.Thal; Inhib.Thal; LHb.1.3.4; LHb.2.7; LHb.4; MHb.2; Oligo; OPC","Shared"
"chr1-201559422-201560024",4,4,"Astrocyte; Excit.Thal; MHb.1; MHb.2","Shared"
"chr1-20166076-20166448",3,1,"MHb.2","Unique"
"chr1-201686707-201686908",1,1,"Excit.Thal","Unique"
"chr1-201895889-201896271",2,2,"Excit.Thal; Inhib.Thal","Shared"
"chr1-202315460-202315890",2,2,"Inhib.Thal; LHb.1","Shared"
"chr1-20271602-20272194",3,3,"Excit.Thal; Inhib.Thal; LHb.4","Shared"
"chr1-202863182-202863425",3,1,"Inhib.Thal","Unique"
"chr1-202888303-202889411",3,3,"Excit.Thal; Inhib.Thal; LHb.2.7","Shared"
"chr1-202966360-202968053",4,4,"Excit.Thal; Inhib.Thal; LHb.1; MHb.1","Shared"
"chr1-203039380-203039606",1,1,"Oligo","Unique"
"chr1-203046249-203046576",1,1,"Inhib.Thal","Unique"
"chr1-203055319-203056105",1,1,"Inhib.Thal","Unique"
"chr1-203101949-203102328",4,1,"Inhib.Thal","Unique"
"chr1-203216232-203216539",2,2,"LHb.4; Oligo","Shared"
"chr1-203401090-203401702",2,2,"Inhib.Thal; Oligo","Shared"
"chr1-203448505-203448807",1,1,"MHb.1","Unique"
"chr1-20358886-20359202",1,1,"Inhib.Thal","Unique"
"chr1-203649659-203650844",6,6,"Astrocyte; Excit.Thal; Inhib.Thal; LHb.1; MHb.1; MHb.2","Shared"
"chr1-20373249-20374055",3,1,"Inhib.Thal","Unique"
"chr1-20386248-20387106",2,2,"Astrocyte; Inhib.Thal","Shared"
"chr1-203871084-203871835",3,3,"Astrocyte; Inhib.Thal; MHb.2","Shared"
"chr1-2039181-2039380",6,1,"Inhib.Thal","Unique"
"chr1-204292360-204293029",9,3,"Excit.Thal; MHb.1; MHb.2","Shared"
"chr1-204806860-204807558",2,1,"Excit.Thal","Unique"
"chr1-205444810-205445450",10,5,"Inhib.Thal; LHb.1.3.4; LHb.4; MHb.1; OPC","Shared"
"chr1-205485277-205485874",9,3,"Astrocyte; Inhib.Thal; LHb.4","Shared"
"chr1-205524172-205524579",8,4,"Astrocyte; Inhib.Thal; LHb.4; Oligo","Shared"
"chr1-205591498-205592279",18,6,"Astrocyte; Inhib.Thal; LHb.4; MHb.1; Oligo; OPC","Shared"
"chr1-205613684-205613980",1,1,"Inhib.Thal","Unique"
"chr1-205700929-205701568",8,2,"Inhib.Thal; MHb.1","Shared"
"chr1-205800200-205801009",15,5,"Astrocyte; LHb.2.7; MHb.1; MHb.2; Oligo","Shared"
"chr1-205849443-205850453",5,5,"Astrocyte; Inhib.Thal; LHb.4; MHb.2; Oligo","Shared"
"chr1-2061362-2061669",4,1,"Inhib.Thal","Unique"
"chr1-206202917-206203323",12,3,"Excit.Thal; Inhib.Thal; MHb.1","Shared"
"chr1-20633254-20634111",3,3,"Astrocyte; Excit.Thal; Oligo","Shared"
"chr1-206842469-206843198",1,1,"Excit.Thal","Unique"
"chr1-207822606-207823202",20,5,"Excit.Thal; Inhib.Thal; Microglia; Oligo; OPC","Shared"
"chr1-207866509-207867032",4,2,"Excit.Thal; MHb.2","Shared"
"chr1-208127707-208128330",3,3,"Inhib.Thal; LHb.1; LHb.2.7","Shared"
"chr1-209546522-209547001",1,1,"LHb.2.7","Unique"
"chr1-209585635-209586077",2,2,"Astrocyte; Oligo","Shared"
"chr1-209590393-209590748",3,3,"LHb.2.7; LHb.4; Oligo","Shared"
"chr1-209784081-209784928",3,3,"Astrocyte; Inhib.Thal; Oligo","Shared"
"chr1-209862714-209863281",2,2,"Inhib.Thal; MHb.2","Shared"
"chr1-209879246-209879842",2,1,"Oligo","Unique"
"chr1-209992834-209993878",2,2,"Inhib.Thal; Oligo","Shared"
"chr1-211748358-211748922",1,1,"Inhib.Thal","Unique"
"chr1-211928455-211928948",1,1,"LHb.2.7","Unique"
"chr1-212152237-212152634",1,1,"LHb.4","Unique"
"chr1-212665086-212665781",10,5,"Astrocyte; Inhib.Thal; Microglia; Oligo; OPC","Shared"
"chr1-212950119-212951875",7,7,"Astrocyte; Excit.Thal; Inhib.Thal; MHb.2; Microglia; Oligo; OPC","Shared"
"chr1-213251081-213251580",1,1,"Inhib.Thal","Unique"
"chr1-21368346-21369032",3,3,"Astrocyte; Inhib.Thal; Oligo","Shared"
"chr1-2139803-2140262",2,2,"Excit.Thal; LHb.2.7","Shared"
"chr1-214392534-214392910",1,1,"Excit.Thal","Unique"
"chr1-218164269-218165654",2,2,"Inhib.Thal; LHb.2.7","Shared"
"chr1-219702917-219703440",1,1,"MHb.2","Unique"
"chr1-220252444-220253601",1,1,"Inhib.Thal","Unique"
"chr1-220300415-220300769",1,1,"Oligo","Unique"
"chr1-220451449-220451799",4,4,"Inhib.Thal; LHb.2.7; LHb.4; MHb.2","Shared"
"chr1-222304835-222305274",1,1,"Inhib.Thal","Unique"
"chr1-223832553-223832935",4,4,"Astrocyte; Excit.Thal; Inhib.Thal; Oligo","Shared"
"chr1-223870447-223871506",6,6,"Excit.Thal; Inhib.Thal; LHb.4; MHb.1.2; MHb.1; MHb.2","Shared"
"chr1-223992277-223992853",6,6,"Astrocyte; Excit.Thal; Inhib.Thal; LHb.1.3.4; MHb.2; Oligo","Shared"
"chr1-224128630-224128973",1,1,"Excit.Thal","Unique"
"chr1-22563132-22563928",2,2,"Inhib.Thal; Oligo","Shared"
"chr1-225676924-225678013",10,5,"Astrocyte; Excit.Thal; Inhib.Thal; MHb.2; Oligo","Shared"
"chr1-225888577-225889296",6,3,"Excit.Thal; Inhib.Thal; Oligo","Shared"
"chr1-225915519-225915891",2,2,"Inhib.Thal; MHb.2","Shared"
"chr1-226061639-226063319",4,4,"Astrocyte; Excit.Thal; Inhib.Thal; LHb.1","Shared"
"chr1-22618085-22618808",2,2,"Excit.Thal; MHb.2","Shared"
"chr1-226222923-226224234",4,4,"Astrocyte; Inhib.Thal; LHb.4; Oligo","Shared"
"chr1-226424529-226424916",3,3,"Inhib.Thal; LHb.4; Oligo","Shared"
"chr1-226569725-226570642",3,3,"Inhib.Thal; LHb.1; LHb.2.7","Shared"
"chr1-227786642-227788945",18,9,"Astrocyte; Inhib.Thal; LHb.1; LHb.2.7; LHb.4; MHb.1.2; MHb.2; Microglia; Oligo","Shared"
"chr1-228205602-228206254",3,1,"LHb.2.7","Unique"
"chr1-228206688-228207257",1,1,"LHb.4","Unique"
"chr1-228213497-228213849",3,3,"Astrocyte; Inhib.Thal; Oligo","Shared"
"chr1-228458344-228458732",2,1,"Inhib.Thal","Unique"
"chr1-228913563-228914131",1,1,"Inhib.Thal","Unique"
"chr1-229092417-229093227",1,1,"MHb.2","Unique"
"chr1-229227104-229227738",8,4,"Excit.Thal; Inhib.Thal; LHb.4; Oligo","Shared"
"chr1-229254762-229255145",1,1,"Excit.Thal","Unique"
"chr1-229370522-229371132",4,2,"Excit.Thal; Inhib.Thal","Shared"
"chr1-22952993-22954206",3,3,"Astrocyte; Inhib.Thal; LHb.4","Shared"
"chr1-22972600-22973051",1,1,"Inhib.Thal","Unique"
"chr1-229726400-229726695",1,1,"MHb.2","Unique"
"chr1-229887439-229887715",4,2,"Excit.Thal; Inhib.Thal","Shared"
"chr1-229893668-229894551",2,2,"MHb.1; MHb.2","Shared"
"chr1-230561577-230562591",3,3,"Excit.Thal; LHb.2.7; LHb.4","Shared"
"chr1-230641890-230642988",4,4,"Astrocyte; Excit.Thal; Inhib.Thal; MHb.1.2","Shared"
"chr1-230672119-230672728",2,2,"Excit.Thal; Inhib.Thal","Shared"
"chr1-230743473-230743774",1,1,"Inhib.Thal","Unique"
"chr1-231026063-231026306",8,2,"Excit.Thal; LHb.1.3.4","Shared"
"chr1-231557930-231558375",3,3,"Inhib.Thal; LHb.1; MHb.2","Shared"
"chr1-233000037-233000562",1,1,"Inhib.Thal","Unique"
"chr1-233046624-233047286",2,2,"Excit.Thal; Inhib.Thal","Shared"
"chr1-23343509-23345394",4,4,"Astrocyte; Excit.Thal; MHb.1; Oligo","Shared"
"chr1-233440870-233441401",1,1,"LHb.1","Unique"
"chr1-23376874-23377525",1,1,"LHb.2.7","Unique"
"chr1-23423533-23424867",1,1,"Inhib.Thal","Unique"
"chr1-234372943-234374026",3,3,"Excit.Thal; Inhib.Thal; MHb.1","Shared"
"chr1-234610619-234611386",4,4,"Astrocyte; Excit.Thal; Inhib.Thal; Microglia","Shared"
"chr1-234721656-234721963",1,1,"Inhib.Thal","Unique"
"chr1-235093047-235094104",6,3,"Astrocyte; Excit.Thal; Oligo","Shared"
"chr1-235139677-235140759",2,2,"Inhib.Thal; LHb.4","Shared"
"chr1-235367121-235368040",3,3,"Astrocyte; Excit.Thal; MHb.1.2","Shared"
"chr1-23559153-23559715",6,3,"Astrocyte; Microglia; Oligo","Shared"
"chr1-235910362-235910832",5,5,"Astrocyte; Inhib.Thal; LHb.1; LHb.2.7; LHb.4","Shared"
"chr1-236953189-236953536",2,1,"LHb.1","Unique"
"chr1-236997417-236998817",5,5,"Excit.Thal; Inhib.Thal; LHb.1; LHb.2.7; MHb.2","Shared"
"chr1-23800148-23801295",6,3,"Excit.Thal; Inhib.Thal; MHb.1","Shared"
"chr1-23919929-23920412",2,1,"Inhib.Thal","Unique"
"chr1-23979734-23981017",5,5,"Excit.Thal; Inhib.Thal; MHb.1.2; MHb.1; MHb.2","Shared"
"chr1-240420164-240420919",2,1,"Inhib.Thal","Unique"
"chr1-24199285-24199657",2,1,"Oligo","Unique"
"chr1-24289900-24290337",3,3,"Astrocyte; Oligo; OPC","Shared"
"chr1-245293180-245293434",1,1,"Inhib.Thal","Unique"
"chr1-24567771-24568325",2,2,"Inhib.Thal; MHb.1.2","Shared"
"chr1-246545181-246545886",1,1,"LHb.2.7","Unique"
"chr1-246788863-246789296",2,2,"Inhib.Thal; Oligo","Shared"
"chr1-247272572-247273462",1,1,"Astrocyte","Unique"
"chr1-247274628-247274971",3,3,"MHb.1.2; MHb.1; MHb.2","Shared"
"chr1-247447907-247448744",3,3,"Astrocyte; LHb.4; MHb.1","Shared"
"chr1-25099142-25099600",2,2,"Excit.Thal; LHb.4","Shared"
"chr1-25142260-25142693",6,3,"Excit.Thal; LHb.1; LHb.4","Shared"
"chr1-25267849-25268238",5,1,"MHb.2","Unique"
"chr1-25348876-25349167",3,3,"Inhib.Thal; MHb.2; Oligo","Shared"
"chr1-25553301-25553622",1,1,"Inhib.Thal","Unique"
"chr1-25676596-25676810",1,1,"Inhib.Thal","Unique"
"chr1-25727334-25728347",4,4,"Astrocyte; LHb.2.7; MHb.2; Oligo","Shared"
"chr1-25799652-25800967",2,2,"MHb.1.2; MHb.1","Shared"
"chr1-25858951-25859833",3,3,"Astrocyte; Microglia; Oligo","Shared"
"chr1-26233605-26234971",6,6,"Astrocyte; Excit.Thal; Inhib.Thal; MHb.1; Microglia; Oligo","Shared"
"chr1-26692236-26692691",4,2,"Excit.Thal; Inhib.Thal","Shared"
"chr1-26692842-26693380",1,1,"Inhib.Thal","Unique"
"chr1-26731102-26731623",2,2,"Inhib.Thal; LHb.2.7","Shared"
"chr1-2683852-2684422",108,9,"Astrocyte; Inhib.Thal; LHb.1.3.4; LHb.1; LHb.2.7; LHb.4; MHb.1; MHb.2; Oligo","Shared"
"chr1-26889572-26890700",5,5,"Astrocyte; Excit.Thal; MHb.1; MHb.2; Oligo","Shared"
"chr1-26949791-26950235",1,1,"Inhib.Thal","Unique"
"chr1-27102596-27103060",5,5,"Astrocyte; Inhib.Thal; LHb.4; MHb.1; Oligo","Shared"
"chr1-27391357-27393435",4,4,"Astrocyte; Excit.Thal; Microglia; Oligo","Shared"
"chr1-27503881-27505494",8,4,"Astrocyte; Inhib.Thal; MHb.2; Oligo","Shared"
"chr1-27830188-27831387",6,6,"Astrocyte; Inhib.Thal; MHb.1; MHb.2; Microglia; Oligo","Shared"
"chr1-28087795-28089015",6,6,"Excit.Thal; Inhib.Thal; LHb.1; MHb.1.2; MHb.1; Oligo","Shared"
"chr1-28335214-28335657",1,1,"Inhib.Thal","Unique"
"chr1-28450637-28451140",2,1,"LHb.2.7","Unique"
"chr1-2845545-2846163",4,2,"LHb.1; LHb.2.7","Shared"
"chr1-28592117-28593108",3,3,"Inhib.Thal; LHb.1.3.4; Oligo","Shared"
"chr1-28828298-28828610",1,1,"Inhib.Thal","Unique"
"chr1-29025740-29026020",1,1,"Inhib.Thal","Unique"
"chr1-29237227-29238587",8,4,"Astrocyte; Excit.Thal; LHb.4; Oligo","Shared"
"chr1-31064961-31066219",4,4,"Inhib.Thal; MHb.1; Microglia; Oligo","Shared"
"chr1-31198557-31198965",1,1,"MHb.2","Unique"
"chr1-31433976-31435238",4,4,"Astrocyte; Inhib.Thal; LHb.4; Oligo","Shared"
"chr1-31644159-31645467",5,5,"Excit.Thal; Inhib.Thal; LHb.1.3.4; MHb.1.2; MHb.1","Shared"
"chr1-31951847-31952511",8,2,"Inhib.Thal; LHb.4","Shared"
"chr1-32062333-32062872",5,5,"Astrocyte; Excit.Thal; Inhib.Thal; LHb.2.7; MHb.1","Shared"
"chr1-32248242-32248717",6,3,"Astrocyte; Inhib.Thal; LHb.4","Shared"
"chr1-32970736-32971214",2,1,"Excit.Thal","Unique"
"chr1-32972446-32973379",6,3,"Astrocyte; Inhib.Thal; Oligo","Shared"
"chr1-33126926-33127863",2,2,"Excit.Thal; Inhib.Thal","Shared"
"chr1-33234540-33235025",3,3,"Excit.Thal; MHb.1; MHb.2","Shared"
"chr1-33341852-33342754",4,4,"Astrocyte; Excit.Thal; MHb.1.2; OPC","Shared"
"chr1-33470361-33470852",4,2,"Excit.Thal; Inhib.Thal","Shared"
"chr1-33472038-33473162",2,2,"Astrocyte; Excit.Thal","Shared"
"chr1-33491229-33491585",3,1,"LHb.4","Unique"
"chr1-3369234-3369557",1,1,"LHb.4","Unique"
"chr1-34683540-34684680",4,4,"Excit.Thal; Inhib.Thal; LHb.4; MHb.2","Shared"
"chr1-35022127-35022479",1,1,"LHb.1.3.4","Unique"
"chr1-35191922-35193528",3,3,"Excit.Thal; Inhib.Thal; MHb.2","Shared"
"chr1-36150381-36151160",4,2,"LHb.4; Oligo","Shared"
"chr1-36257228-36257550",4,1,"LHb.2.7","Unique"
"chr1-36553751-36554523",9,3,"Excit.Thal; Inhib.Thal; LHb.1","Shared"
"chr1-36703681-36704248",3,3,"Inhib.Thal; LHb.4; MHb.2","Shared"
"chr1-36845819-36846879",2,2,"LHb.2.7; MHb.2","Shared"
"chr1-37434292-37434744",4,4,"Astrocyte; Inhib.Thal; LHb.4; Oligo","Shared"
"chr1-37763959-37766409",6,6,"Astrocyte; Excit.Thal; Inhib.Thal; MHb.1; MHb.2; Oligo","Shared"
"chr1-37931260-37932125",8,4,"Astrocyte; Excit.Thal; Inhib.Thal; Oligo","Shared"
"chr1-38028982-38029728",6,3,"Inhib.Thal; LHb.2.7; Oligo","Shared"
"chr1-38083033-38083902",8,4,"Inhib.Thal; LHb.2.7; MHb.1; MHb.2","Shared"
"chr1-38123478-38123696",1,1,"MHb.2","Unique"
"chr1-38193082-38193431",2,1,"MHb.2","Unique"
"chr1-3827619-3828230",5,5,"Astrocyte; Inhib.Thal; LHb.4; MHb.2; Oligo","Shared"
"chr1-38456412-38456860",1,1,"MHb.2","Unique"
"chr1-38899257-38899985",1,1,"Excit.Thal","Unique"
"chr1-39098262-39098987",5,5,"Excit.Thal; LHb.1; LHb.2.7; MHb.1.2; Oligo","Shared"
"chr1-3910780-3911122",4,4,"Astrocyte; Inhib.Thal; LHb.4; Oligo","Shared"
"chr1-39192100-39192358",1,1,"Inhib.Thal","Unique"
"chr1-39268057-39269683",3,3,"Astrocyte; Excit.Thal; Oligo","Shared"
"chr1-39398550-39398961",1,1,"Excit.Thal","Unique"
"chr1-39575486-39576189",8,4,"Inhib.Thal; LHb.4; MHb.2; Oligo","Shared"
"chr1-40257354-40258625",2,2,"Excit.Thal; Inhib.Thal","Shared"
"chr1-40385529-40385775",1,1,"Inhib.Thal","Unique"
"chr1-40387793-40388208",1,1,"LHb.2.7","Unique"
"chr1-40449660-40451339",5,5,"Astrocyte; Excit.Thal; Inhib.Thal; MHb.1.2; MHb.1","Shared"
"chr1-40477003-40478477",4,4,"Excit.Thal; LHb.1; LHb.2.7; MHb.2","Shared"
"chr1-40508298-40509504",3,3,"Astrocyte; MHb.2; Oligo","Shared"
"chr1-4061471-4063434",2,2,"Excit.Thal; Inhib.Thal","Shared"
"chr1-40857756-40858074",8,2,"Inhib.Thal; LHb.2.7","Shared"
"chr1-40884035-40884635",3,3,"Astrocyte; Inhib.Thal; MHb.2","Shared"
"chr1-40939541-40939856",1,1,"Inhib.Thal","Unique"
"chr1-41045464-41046047",3,1,"Excit.Thal","Unique"
"chr1-41161824-41163415",5,5,"Astrocyte; Inhib.Thal; MHb.1; MHb.2; Oligo","Shared"
"chr1-41226832-41227340",2,2,"Inhib.Thal; LHb.2.7","Shared"
"chr1-41792264-41792748",2,2,"LHb.1; Microglia","Shared"
"chr1-41917057-41918413",6,6,"Astrocyte; Inhib.Thal; LHb.1; MHb.1; Oligo; OPC","Shared"
"chr1-42348266-42348910",1,1,"Inhib.Thal","Unique"
"chr1-42922920-42923595",4,1,"Inhib.Thal","Unique"
"chr1-42984504-42985547",2,2,"Excit.Thal; LHb.4","Shared"
"chr1-43147463-43148210",8,8,"Inhib.Thal; LHb.1.3.4; LHb.1; LHb.4; MHb.1.2; MHb.1; MHb.2; Oligo","Shared"
"chr1-43227165-43227504",2,2,"Excit.Thal; LHb.4","Shared"
"chr1-43235547-43236060",1,1,"MHb.2","Unique"
"chr1-43500548-43501090",2,2,"Excit.Thal; Inhib.Thal","Shared"
"chr1-43505009-43505527",2,2,"MHb.1.2; MHb.2","Shared"
"chr1-43530640-43531800",2,2,"Inhib.Thal; MHb.1","Shared"
"chr1-4356386-4356953",2,1,"Inhib.Thal","Unique"
"chr1-43565548-43566206",20,4,"Astrocyte; MHb.1; Oligo; OPC","Shared"
"chr1-43991196-43992737",6,6,"Excit.Thal; LHb.4; MHb.1.2; MHb.1; MHb.2; Oligo","Shared"
"chr1-44293772-44294298",6,2,"LHb.1; MHb.1","Shared"
"chr1-44594972-44595463",4,4,"Excit.Thal; Inhib.Thal; Oligo; OPC","Shared"
"chr1-45521118-45522344",4,4,"Inhib.Thal; MHb.1; MHb.2; Oligo","Shared"
"chr1-45718280-45718616",2,2,"Inhib.Thal; LHb.4","Shared"
"chr1-46005642-46005943",1,1,"Inhib.Thal","Unique"
"chr1-46223517-46223907",3,3,"Astrocyte; Inhib.Thal; Oligo","Shared"
"chr1-47425372-47425595",1,1,"LHb.4","Unique"
"chr1-4769425-4769812",1,1,"Inhib.Thal","Unique"
"chr1-49015598-49016897",3,3,"Inhib.Thal; LHb.2.7; LHb.4","Shared"
"chr1-50368113-50368963",4,4,"Inhib.Thal; LHb.1; Oligo; Thal","Shared"
"chr1-51321685-51321953",1,1,"Oligo","Unique"
"chr1-51770025-51770322",3,3,"Excit.Thal; Inhib.Thal; LHb.1.3.4","Shared"
"chr1-52183502-52183881",1,1,"MHb.2","Unique"
"chr1-52432629-52433271",1,1,"Inhib.Thal","Unique"
"chr1-52726058-52727290",6,3,"Excit.Thal; Inhib.Thal; MHb.1.2","Shared"
"chr1-53046941-53047310",6,3,"Excit.Thal; LHb.2.7; MHb.1.2","Shared"
"chr1-54028294-54028806",4,2,"Inhib.Thal; LHb.4","Shared"
"chr1-54487533-54489672",12,3,"Astrocyte; Excit.Thal; Inhib.Thal","Shared"
"chr1-55021447-55022627",6,6,"Astrocyte; Inhib.Thal; LHb.4; MHb.1; MHb.2; Oligo","Shared"
"chr1-55039331-55040317",4,4,"Astrocyte; Inhib.Thal; LHb.4; Oligo","Shared"
"chr1-55079048-55079289",2,2,"Excit.Thal; LHb.4","Shared"
"chr1-56780229-56780589",1,1,"Inhib.Thal","Unique"
"chr1-56797008-56797609",2,2,"LHb.2.7; MHb.1","Shared"
"chr1-5757825-5758355",1,1,"Inhib.Thal","Unique"
"chr1-5765976-5766504",2,2,"LHb.1; MHb.1","Shared"
"chr1-58132939-58133367",1,1,"OPC","Unique"
"chr1-58816100-58816768",2,2,"Inhib.Thal; Oligo","Shared"
"chr1-59475641-59475978",1,1,"Inhib.Thal","Unique"
"chr1-5991373-5993684",6,6,"Astrocyte; LHb.1.3.4; MHb.1.2; MHb.1; MHb.2; Oligo","Shared"
"chr1-6091529-6091877",3,1,"LHb.2.7","Unique"
"chr1-61453034-61453674",2,2,"LHb.4; Oligo","Shared"
"chr1-6162794-6163146",3,3,"Excit.Thal; LHb.2.7; MHb.2","Shared"
"chr1-6276296-6276740",10,2,"Inhib.Thal; LHb.2.7","Shared"
"chr1-630189-630389",3,1,"Endo","Unique"
"chr1-6338133-6339446",2,2,"Inhib.Thal; MHb.1","Shared"
"chr1-64268892-64269779",3,1,"Inhib.Thal","Unique"
"chr1-65371522-65371823",1,1,"Inhib.Thal","Unique"
"chr1-66354242-66354615",1,1,"Excit.Thal","Unique"
"chr1-66532707-66534627",6,6,"Astrocyte; Excit.Thal; Inhib.Thal; LHb.4; Oligo; OPC","Shared"
"chr1-6657030-6657541",12,2,"Astrocyte; Excit.Thal","Shared"
"chr1-66576688-66577219",2,2,"LHb.1; Oligo","Shared"
"chr1-67148809-67149471",2,2,"Astrocyte; Inhib.Thal","Shared"
"chr1-67888621-67888898",1,1,"OPC","Unique"
"chr1-68175870-68176431",3,3,"LHb.4; MHb.1; MHb.2","Shared"
"chr1-68319805-68320673",1,1,"Inhib.Thal","Unique"
"chr1-69910882-69911824",1,1,"Inhib.Thal","Unique"
"chr1-7009014-7009949",3,3,"Excit.Thal; Inhib.Thal; LHb.4","Shared"
"chr1-7051019-7051523",2,2,"Inhib.Thal; LHb.4","Shared"
"chr1-73914543-73915506",1,1,"Inhib.Thal","Unique"
"chr1-74504636-74505486",4,4,"LHb.4; MHb.1.2; MHb.1; MHb.2","Shared"
"chr1-75991501-75991907",2,2,"LHb.4; MHb.1.2","Shared"
"chr1-76127572-76127821",2,1,"MHb.2","Unique"
"chr1-7668455-7668950",3,3,"Astrocyte; Excit.Thal; Inhib.Thal","Shared"
"chr1-77024453-77024843",1,1,"MHb.2","Unique"
"chr1-7727745-7728539",3,3,"Astrocyte; Excit.Thal; LHb.1","Shared"
"chr1-778314-779308",12,3,"Inhib.Thal; MHb.1; Oligo","Shared"
"chr1-77960110-77960491",1,1,"Inhib.Thal","Unique"
"chr1-77978184-77979673",5,5,"Astrocyte; Excit.Thal; Inhib.Thal; LHb.4; MHb.1","Shared"
"chr1-827083-827686",2,2,"Excit.Thal; MHb.1.2","Shared"
"chr1-83701134-83701892",1,1,"Inhib.Thal","Unique"
"chr1-84085602-84086546",2,2,"Astrocyte; Inhib.Thal","Shared"
"chr1-84386959-84388063",2,2,"Excit.Thal; Inhib.Thal","Shared"
"chr1-84439494-84439722",2,1,"Inhib.Thal","Unique"
"chr1-84505529-84506881",7,7,"Astrocyte; Excit.Thal; Inhib.Thal; LHb.1; LHb.2.7; Microglia; Oligo","Shared"
"chr1-8463098-8463877",1,1,"Inhib.Thal","Unique"
"chr1-85092923-85093291",4,2,"LHb.2.7; MHb.1.2","Shared"
"chr1-86377171-86377772",2,2,"Astrocyte; Inhib.Thal","Shared"
"chr1-86486912-86487867",3,3,"Inhib.Thal; MHb.1.2; MHb.2","Shared"
"chr1-88918520-88919640",1,1,"Excit.Thal","Unique"
"chr1-88936792-88937354",3,3,"Astrocyte; LHb.2.7; Oligo","Shared"
"chr1-89050297-89051105",4,4,"Excit.Thal; Inhib.Thal; LHb.4; MHb.1.2","Shared"
"chr1-8918040-8918478",2,2,"Inhib.Thal; MHb.2","Shared"
"chr1-89387711-89388174",1,1,"Excit.Thal","Unique"
"chr1-904622-904913",6,2,"Inhib.Thal; Oligo","Shared"
"chr1-91617344-91617775",9,3,"MHb.1.2; MHb.1; MHb.2","Shared"
"chr1-93078636-93080092",3,3,"Excit.Thal; Inhib.Thal; MHb.1","Shared"
"chr1-9322752-9323002",1,1,"Excit.Thal","Unique"
"chr1-94045532-94046003",4,2,"Inhib.Thal; Oligo","Shared"
"chr1-94264702-94265456",6,3,"LHb.1; LHb.2.7; MHb.2","Shared"
"chr1-94959814-94960063",1,1,"Inhib.Thal","Unique"
"chr1-98048192-98048565",1,1,"Inhib.Thal","Unique"
"chr1-98904624-98905027",2,1,"LHb.1","Unique"
"chr1-99843792-99844085",1,1,"Astrocyte","Unique"
"chr1-99849363-99850686",4,4,"Astrocyte; LHb.4; Oligo; OPC","Shared"
"chr1-999713-1000977",10,5,"Astrocyte; Excit.Thal; Inhib.Thal; LHb.1.3.4; Microglia","Shared"
"chr10-100274035-100274499",1,1,"Inhib.Thal","Unique"
"chr10-100814764-100815482",1,1,"Inhib.Thal","Unique"
"chr10-101213482-101214009",3,1,"Inhib.Thal","Unique"
"chr10-101319313-101319710",12,3,"Inhib.Thal; MHb.1; MHb.2","Shared"
"chr10-101817522-101819385",6,3,"Excit.Thal; Inhib.Thal; Oligo","Shared"
"chr10-101939627-101940015",3,1,"Inhib.Thal","Unique"
"chr10-102114548-102115321",3,3,"Excit.Thal; Inhib.Thal; Oligo","Shared"
"chr10-102121188-102121633",3,3,"Excit.Thal; Inhib.Thal; LHb.2.7","Shared"
"chr10-102139166-102139893",7,1,"Inhib.Thal","Unique"
"chr10-102225780-102226472",4,4,"Excit.Thal; Inhib.Thal; LHb.2.7; Oligo","Shared"
"chr10-102229795-102230099",2,1,"Oligo","Unique"
"chr10-102501865-102503069",6,3,"Excit.Thal; Inhib.Thal; LHb.1","Shared"
"chr10-102503617-102504274",4,4,"Excit.Thal; Inhib.Thal; Microglia; Oligo","Shared"
"chr10-102572065-102572281",4,1,"LHb.4","Unique"
"chr10-103065882-103066630",2,2,"Inhib.Thal; MHb.2","Shared"
"chr10-103458477-103459286",4,4,"LHb.1; LHb.2.7; LHb.4; Oligo","Shared"
"chr10-103547383-103548009",2,2,"Astrocyte; Inhib.Thal","Shared"
"chr10-103564930-103565461",3,3,"LHb.2.7; MHb.1; MHb.2","Shared"
"chr10-103771829-103772872",12,6,"Astrocyte; Inhib.Thal; LHb.2.7; MHb.1; Oligo; OPC","Shared"
"chr10-103859218-103859527",4,2,"Inhib.Thal; LHb.4","Shared"
"chr10-104120947-104122548",6,3,"Excit.Thal; Inhib.Thal; Oligo","Shared"
"chr10-104305503-104305917",4,2,"Excit.Thal; Oligo","Shared"
"chr10-104337632-104338911",2,1,"Oligo","Unique"
"chr10-104406592-104407002",1,1,"Inhib.Thal","Unique"
"chr10-109922826-109924074",3,3,"Astrocyte; Excit.Thal; MHb.1.2","Shared"
"chr10-110353083-110354091",2,1,"Inhib.Thal","Unique"
"chr10-110794732-110795388",4,4,"Astrocyte; Excit.Thal; Inhib.Thal; Oligo","Shared"
"chr10-111151461-111152734",3,3,"LHb.2.7; LHb.4; MHb.2","Shared"
"chr10-111316486-111316981",1,1,"Inhib.Thal","Unique"
"chr10-111989219-111989980",1,1,"Inhib.Thal","Unique"
"chr10-11267976-11268190",1,1,"Inhib.Thal","Unique"
"chr10-11270527-11270918",4,2,"Inhib.Thal; LHb.4","Shared"
"chr10-11275609-11275867",2,2,"LHb.2.7; MHb.2","Shared"
"chr10-11280247-11281023",1,1,"Excit.Thal","Unique"
"chr10-114337792-114338121",1,1,"MHb.2","Unique"
"chr10-114451296-114451674",1,1,"Inhib.Thal","Unique"
"chr10-11451510-11452054",2,2,"Excit.Thal; LHb.2.7","Shared"
"chr10-114970480-114971201",1,1,"Inhib.Thal","Unique"
"chr10-115034976-115035489",1,1,"Inhib.Thal","Unique"
"chr10-115091089-115091455",2,1,"Excit.Thal","Unique"
"chr10-115092359-115094338",6,6,"Astrocyte; Excit.Thal; Inhib.Thal; MHb.2; Oligo; OPC","Shared"
"chr10-11545220-11545558",1,1,"Excit.Thal","Unique"
"chr10-116682362-116682662",15,5,"Astrocyte; Inhib.Thal; LHb.4; MHb.2; Oligo","Shared"
"chr10-116770268-116770632",1,1,"MHb.1","Unique"
"chr10-117496502-117496910",4,2,"Astrocyte; Oligo","Shared"
"chr10-117552161-117552513",1,1,"Astrocyte","Unique"
"chr10-118020355-118020698",2,2,"Inhib.Thal; Oligo","Shared"
"chr10-118501637-118502381",8,4,"LHb.1; LHb.2.7; LHb.4; MHb.2","Shared"
"chr10-118543892-118544601",3,3,"Inhib.Thal; LHb.4; MHb.2","Shared"
"chr10-11880723-11881146",1,1,"MHb.2","Unique"
"chr10-119242059-119242570",2,2,"Inhib.Thal; LHb.4","Shared"
"chr10-1199854-1200388",1,1,"Oligo","Unique"
"chr10-120329477-120329852",1,1,"Excit.Thal","Unique"
"chr10-12053648-12054044",1,1,"Inhib.Thal","Unique"
"chr10-120542960-120543399",2,2,"Excit.Thal; LHb.4","Shared"
"chr10-120671092-120671945",1,1,"LHb.4","Unique"
"chr10-120689423-120689945",1,1,"LHb.4","Unique"
"chr10-120942694-120943415",4,4,"Astrocyte; LHb.4; MHb.2; Oligo","Shared"
"chr10-122362212-122363179",1,1,"Oligo","Unique"
"chr10-122617286-122618113",1,1,"Inhib.Thal","Unique"
"chr10-122914912-122916110",3,3,"Excit.Thal; Inhib.Thal; MHb.2","Shared"
"chr10-123202512-123203404",5,5,"Inhib.Thal; LHb.1.3.4; LHb.1; LHb.4; Oligo","Shared"
"chr10-123306310-123307009",1,1,"LHb.4","Unique"
"chr10-124152286-124153464",2,1,"MHb.1","Unique"
"chr10-125060631-125061481",2,2,"LHb.4; OPC","Shared"
"chr10-125698550-125699168",3,3,"Excit.Thal; Inhib.Thal; LHb.4","Shared"
"chr10-125982179-125982603",4,4,"LHb.1.3.4; LHb.1; LHb.4; Oligo","Shared"
"chr10-126093370-126093837",2,1,"MHb.2","Unique"
"chr10-129793837-129794288",1,1,"LHb.1","Unique"
"chr10-129951238-129951773",1,1,"LHb.4","Unique"
"chr10-1316128-1316483",4,4,"Inhib.Thal; LHb.2.7; MHb.1; Oligo","Shared"
"chr10-131624955-131625319",1,1,"LHb.4","Unique"
"chr10-131874943-131875360",10,5,"Astrocyte; Inhib.Thal; LHb.4; MHb.2; Oligo","Shared"
"chr10-131879937-131880534",3,3,"Excit.Thal; Inhib.Thal; LHb.4","Shared"
"chr10-131921111-131921718",3,3,"Astrocyte; Inhib.Thal; Oligo","Shared"
"chr10-131937887-131938176",4,2,"Inhib.Thal; LHb.2.7","Shared"
"chr10-132142422-132142757",1,1,"Astrocyte","Unique"
"chr10-132364279-132364538",3,1,"Astrocyte","Unique"
"chr10-132453092-132453438",6,3,"Inhib.Thal; MHb.2; Oligo","Shared"
"chr10-132904229-132904487",3,3,"Inhib.Thal; LHb.4; LHb.7","Shared"
"chr10-13299270-13300575",2,2,"Astrocyte; Excit.Thal","Shared"
"chr10-133101148-133101494",4,1,"LHb.4","Unique"
"chr10-133104663-133105083",1,1,"Inhib.Thal","Unique"
"chr10-133324608-133324851",3,1,"MHb.2","Unique"
"chr10-133393868-133394643",8,4,"Excit.Thal; MHb.1.2; MHb.2; Oligo","Shared"
"chr10-133464608-133465671",6,3,"Inhib.Thal; LHb.4; Oligo","Shared"
"chr10-1338600-1339310",1,1,"Inhib.Thal","Unique"
"chr10-13404227-13404679",1,1,"Inhib.Thal","Unique"
"chr10-14379376-14380218",4,2,"Inhib.Thal; LHb.4","Shared"
"chr10-14481466-14482144",3,3,"LHb.1; LHb.4; Oligo","Shared"
"chr10-1515962-1517092",3,3,"Excit.Thal; Inhib.Thal; LHb.2.7","Shared"
"chr10-15725421-15725972",2,2,"Inhib.Thal; Oligo","Shared"
"chr10-21392338-21392605",1,1,"Excit.Thal","Unique"
"chr10-21533426-21535559",8,8,"Astrocyte; Excit.Thal; Inhib.Thal; LHb.1; LHb.4; MHb.1; MHb.2; Oligo","Shared"
"chr10-22868824-22869086",1,1,"Inhib.Thal","Unique"
"chr10-23104259-23104856",1,1,"Inhib.Thal","Unique"
"chr10-23146908-23147299",4,2,"Excit.Thal; Inhib.Thal","Shared"
"chr10-23192658-23193311",2,2,"Excit.Thal; Inhib.Thal","Shared"
"chr10-23702779-23703361",3,3,"Excit.Thal; Inhib.Thal; LHb.4","Shared"
"chr10-26936533-26937626",2,2,"Inhib.Thal; LHb.4","Shared"
"chr10-26939195-26940190",30,5,"Astrocyte; Excit.Thal; Inhib.Thal; LHb.2.7; Oligo","Shared"
"chr10-27242901-27243527",4,2,"Excit.Thal; Microglia","Shared"
"chr10-27319132-27320468",5,5,"Inhib.Thal; LHb.2.7; LHb.4; MHb.2; Oligo","Shared"
"chr10-27359780-27360069",1,1,"Inhib.Thal","Unique"
"chr10-27503521-27504962",4,2,"Inhib.Thal; MHb.2","Shared"
"chr10-3043489-3044287",3,3,"Inhib.Thal; MHb.2; Oligo","Shared"
"chr10-30783393-30783597",1,1,"LHb.4","Unique"
"chr10-31495289-31495567",1,1,"Inhib.Thal","Unique"
"chr10-31847504-31847857",1,1,"Inhib.Thal","Unique"
"chr10-3196990-3197773",3,3,"MHb.2; Oligo; OPC","Shared"
"chr10-32169548-32169979",1,1,"Inhib.Thal","Unique"
"chr10-32275415-32275851",1,1,"Inhib.Thal","Unique"
"chr10-32546698-32547191",1,1,"Excit.Thal","Unique"
"chr10-34637471-34637754",3,3,"Inhib.Thal; LHb.2.7; Oligo","Shared"
"chr10-34780910-34781339",2,2,"LHb.2.7; Oligo","Shared"
"chr10-35021696-35021970",1,1,"Astrocyte","Unique"
"chr10-38355747-38356499",2,2,"Excit.Thal; MHb.1","Shared"
"chr10-38402153-38403495",2,2,"LHb.4; Oligo","Shared"
"chr10-38526773-38529801",7,7,"Inhib.Thal; LHb.1.3.4; LHb.1; LHb.2.7; MHb.1.2; MHb.1; Oligo","Shared"
"chr10-42790520-42791428",6,3,"Excit.Thal; Inhib.Thal; Oligo","Shared"
"chr10-43039532-43039752",1,1,"MHb.2","Unique"
"chr10-43624097-43624405",1,1,"LHb.2.7","Unique"
"chr10-43655292-43655609",2,1,"Inhib.Thal","Unique"
"chr10-45474792-45475475",2,2,"Inhib.Thal; MHb.1","Shared"
"chr10-45594168-45595166",4,4,"Excit.Thal; Inhib.Thal; MHb.1; Oligo","Shared"
"chr10-45672086-45673505",7,7,"Astrocyte; Excit.Thal; Inhib.Thal; LHb.1; LHb.2.7; Microglia; Oligo","Shared"
"chr10-47267193-47267680",2,2,"Excit.Thal; Inhib.Thal","Shared"
"chr10-48333359-48334920",3,3,"Excit.Thal; Inhib.Thal; LHb.1","Shared"
"chr10-49082762-49083779",12,4,"Inhib.Thal; LHb.1; LHb.4; Oligo","Shared"
"chr10-49395125-49396105",2,2,"Astrocyte; Inhib.Thal","Shared"
"chr10-49509853-49510630",1,1,"LHb.4","Unique"
"chr10-49723378-49724118",4,2,"Inhib.Thal; MHb.1.2","Shared"
"chr10-50595759-50596090",1,1,"MHb.2","Unique"
"chr10-50808358-50808747",1,1,"MHb.2","Unique"
"chr10-50920438-50920995",1,1,"Inhib.Thal","Unique"
"chr10-5513219-5513421",2,1,"Inhib.Thal","Unique"
"chr10-58243320-58243585",2,2,"Excit.Thal; Inhib.Thal","Shared"
"chr10-58268649-58269558",8,4,"Astrocyte; Excit.Thal; Inhib.Thal; OPC","Shared"
"chr10-59283117-59284088",1,1,"Excit.Thal","Unique"
"chr10-59295328-59295544",1,1,"Inhib.Thal","Unique"
"chr10-6088584-6089924",2,2,"LHb.1; MHb.1.2","Shared"
"chr10-61900232-61900497",1,1,"Inhib.Thal","Unique"
"chr10-62637388-62637822",2,2,"LHb.1; MHb.2","Shared"
"chr10-649918-651331",2,1,"Astrocyte","Unique"
"chr10-68068170-68068584",2,1,"Inhib.Thal","Unique"
"chr10-68271119-68271876",2,2,"LHb.4; MHb.2","Shared"
"chr10-68940107-68940681",8,4,"Inhib.Thal; LHb.4; MHb.2; Oligo","Shared"
"chr10-69359960-69360992",1,1,"LHb.4","Unique"
"chr10-69392081-69392858",3,3,"LHb.4; MHb.2; Oligo","Shared"
"chr10-69507706-69508194",4,4,"Inhib.Thal; LHb.1; LHb.4; MHb.1.2","Shared"
"chr10-69914580-69914925",12,3,"Excit.Thal; Inhib.Thal; Oligo","Shared"
"chr10-70203403-70204299",4,2,"Inhib.Thal; LHb.4","Shared"
"chr10-70513809-70514289",3,1,"LHb.1","Unique"
"chr10-70602561-70603002",1,1,"LHb.4","Unique"
"chr10-70690199-70691020",15,5,"Excit.Thal; LHb.2.7; MHb.1.2; MHb.2; Oligo","Shared"
"chr10-70954333-70954736",5,1,"MHb.2","Unique"
"chr10-71212247-71213141",4,4,"Inhib.Thal; MHb.1.2; MHb.1; Oligo","Shared"
"chr10-71213270-71213521",2,1,"Inhib.Thal","Unique"
"chr10-71880396-71881267",2,1,"LHb.4","Unique"
"chr10-72048369-72048884",15,3,"Excit.Thal; Inhib.Thal; Oligo","Shared"
"chr10-72635271-72635867",1,1,"LHb.4","Unique"
"chr10-72784437-72785076",2,2,"Inhib.Thal; Oligo","Shared"
"chr10-73131857-73132472",2,2,"LHb.1; LHb.2.7","Shared"
"chr10-73504741-73505041",1,1,"MHb.2","Unique"
"chr10-73732554-73733503",2,1,"Inhib.Thal","Unique"
"chr10-73863075-73863332",1,1,"Inhib.Thal","Unique"
"chr10-73910749-73911752",6,6,"Astrocyte; Inhib.Thal; LHb.4; MHb.1.2; MHb.2; Oligo","Shared"
"chr10-74176137-74177393",2,2,"Astrocyte; Excit.Thal","Shared"
"chr10-74266025-74266557",6,2,"MHb.2; Oligo","Shared"
"chr10-7444497-7445153",2,2,"Inhib.Thal; MHb.2","Shared"
"chr10-7533939-7534138",1,1,"MHb.2","Unique"
"chr10-75431128-75431956",6,6,"Astrocyte; Inhib.Thal; MHb.2; Microglia; Oligo; OPC","Shared"
"chr10-7601272-7601734",1,1,"MHb.1","Unique"
"chr10-77413161-77413750",1,1,"Inhib.Thal","Unique"
"chr10-77671174-77671701",1,1,"MHb.2","Unique"
"chr10-77671959-77672282",1,1,"Inhib.Thal","Unique"
"chr10-77838743-77839060",3,3,"LHb.2.7; MHb.1; MHb.2","Shared"
"chr10-77846572-77847214",2,2,"Astrocyte; Oligo","Shared"
"chr10-77926009-77927686",1,1,"Oligo","Unique"
"chr10-77939416-77939920",3,3,"LHb.2.7; MHb.1; MHb.2","Shared"
"chr10-78139206-78139775",5,5,"Astrocyte; Inhib.Thal; MHb.1.2; MHb.2; OPC","Shared"
"chr10-78248540-78249553",6,3,"Excit.Thal; LHb.4; Oligo","Shared"
"chr10-78365524-78366069",3,3,"LHb.1.3.4; LHb.4; MHb.2","Shared"
"chr10-78507554-78508148",2,2,"Excit.Thal; Inhib.Thal","Shared"
"chr10-79067096-79067528",3,3,"Astrocyte; Inhib.Thal; Oligo","Shared"
"chr10-79189927-79190126",1,1,"Excit.Thal","Unique"
"chr10-79483850-79484160",1,1,"LHb.4","Unique"
"chr10-80204616-80205787",6,6,"Astrocyte; Inhib.Thal; LHb.2.7; MHb.1; Oligo; OPC","Shared"
"chr10-80509147-80509899",2,2,"LHb.2.7; MHb.2","Shared"
"chr10-80552022-80552721",4,4,"Astrocyte; Inhib.Thal; LHb.1; MHb.2","Shared"
"chr10-80585741-80586265",1,1,"Inhib.Thal","Unique"
"chr10-86939365-86939772",8,2,"Astrocyte; Excit.Thal","Shared"
"chr10-87342177-87343268",16,4,"Inhib.Thal; LHb.4; OPC; Thal","Shared"
"chr10-88233963-88234489",1,1,"Astrocyte","Unique"
"chr10-88835472-88836006",1,1,"Oligo","Unique"
"chr10-89206488-89208608",5,5,"Astrocyte; Inhib.Thal; LHb.1; LHb.4; Microglia","Shared"
"chr10-89367561-89368012",1,1,"Inhib.Thal","Unique"
"chr10-89643759-89646005",4,4,"Excit.Thal; Inhib.Thal; MHb.2; Thal","Shared"
"chr10-90723359-90724404",3,3,"Inhib.Thal; LHb.1.3.4; LHb.1","Shared"
"chr10-91987314-91988139",1,1,"Inhib.Thal","Unique"
"chr10-92200714-92201362",2,2,"Inhib.Thal; Thal","Shared"
"chr10-92847945-92849314",3,3,"Astrocyte; Excit.Thal; Inhib.Thal","Shared"
"chr10-93844896-93845544",2,2,"Inhib.Thal; LHb.4","Shared"
"chr10-95414085-95415087",5,5,"Excit.Thal; Inhib.Thal; LHb.2.7; MHb.2; Oligo","Shared"
"chr10-95837191-95837758",2,1,"LHb.4","Unique"
"chr10-95860291-95860786",1,1,"Excit.Thal","Unique"
"chr10-96255622-96255997",1,1,"Excit.Thal","Unique"
"chr10-96513082-96514380",3,3,"Astrocyte; Excit.Thal; Oligo","Shared"
"chr10-96719821-96721082",4,4,"Inhib.Thal; MHb.2; Microglia; Oligo","Shared"
"chr10-96756327-96756797",2,2,"Excit.Thal; Inhib.Thal","Shared"
"chr10-97124267-97124640",1,1,"LHb.1","Unique"
"chr10-97207723-97208177",6,3,"Excit.Thal; LHb.1; MHb.2","Shared"
"chr10-97222315-97223168",6,3,"Astrocyte; Inhib.Thal; MHb.1","Shared"
"chr10-97383778-97384309",2,2,"Inhib.Thal; Oligo","Shared"
"chr10-97650667-97651193",1,1,"Excit.Thal","Unique"
"chr10-97827733-97828204",4,2,"LHb.2.7; MHb.2","Shared"
"chr10-97914638-97915257",9,3,"Astrocyte; Inhib.Thal; Oligo","Shared"
"chr10-99328954-99330849",6,3,"Astrocyte; Inhib.Thal; Oligo","Shared"
"chr11-101748331-101748871",6,3,"LHb.2.7; MHb.1; MHb.2","Shared"
"chr11-101914399-101915557",8,8,"Astrocyte; Excit.Thal; Inhib.Thal; LHb.4; MHb.1; Microglia; Oligo; OPC","Shared"
"chr11-101996055-101996425",2,2,"Inhib.Thal; LHb.4","Shared"
"chr11-102452268-102453273",6,6,"Astrocyte; Inhib.Thal; LHb.1; LHb.2.7; Oligo; OPC","Shared"
"chr11-10293426-10294979",1,1,"Excit.Thal","Unique"
"chr11-10307699-10308217",2,2,"Oligo; OPC","Shared"
"chr11-103183884-103184568",2,1,"Inhib.Thal","Unique"
"chr11-10527151-10527891",3,1,"Oligo","Unique"
"chr11-105731866-105732815",2,2,"Inhib.Thal; Oligo","Shared"
"chr11-10573277-10573763",2,2,"Excit.Thal; LHb.4","Shared"
"chr11-10693453-10694038",8,4,"Excit.Thal; Inhib.Thal; LHb.1; Oligo","Shared"
"chr11-10735469-10736136",9,3,"Astrocyte; Inhib.Thal; MHb.2","Shared"
"chr11-107396590-107397863",3,3,"Excit.Thal; Inhib.Thal; MHb.2","Shared"
"chr11-108119860-108120109",2,1,"Inhib.Thal","Unique"
"chr11-108206821-108207913",1,1,"Inhib.Thal","Unique"
"chr11-108324688-108324992",1,1,"MHb.2","Unique"
"chr11-108729078-108729808",1,1,"Inhib.Thal","Unique"
"chr11-108853659-108854281",1,1,"MHb.1","Unique"
"chr11-10930639-10932275",7,7,"Astrocyte; Excit.Thal; Inhib.Thal; MHb.1.2; MHb.1; MHb.2; Oligo","Shared"
"chr11-10933759-10934077",3,3,"Inhib.Thal; LHb.1; Oligo","Shared"
"chr11-110186949-110187745",1,1,"Inhib.Thal","Unique"
"chr11-110207954-110208159",1,1,"LHb.2.7","Unique"
"chr11-111230167-111230715",9,3,"Inhib.Thal; Microglia; Oligo","Shared"
"chr11-111976502-111977966",9,3,"Astrocyte; Inhib.Thal; LHb.1","Shared"
"chr11-111978356-111978692",1,1,"MHb.2","Unique"
"chr11-112174887-112175900",4,4,"Astrocyte; Excit.Thal; Inhib.Thal; LHb.4","Shared"
"chr11-112355387-112355973",1,1,"Inhib.Thal","Unique"
"chr11-112403880-112404390",2,2,"LHb.1; LHb.2.7","Shared"
"chr11-112588205-112588551",2,2,"Excit.Thal; Inhib.Thal","Shared"
"chr11-113305727-113306256",4,4,"Astrocyte; Inhib.Thal; LHb.2.7; Oligo","Shared"
"chr11-113457675-113458075",4,1,"LHb.2.7","Unique"
"chr11-113806477-113806716",1,1,"Inhib.Thal","Unique"
"chr11-113875037-113875973",4,4,"Astrocyte; Excit.Thal; Inhib.Thal; Oligo","Shared"
"chr11-114254628-114254869",1,1,"Inhib.Thal","Unique"
"chr11-114262753-114262999",1,1,"Inhib.Thal","Unique"
"chr11-11491271-11491895",1,1,"Inhib.Thal","Unique"
"chr11-115181558-115182048",4,2,"LHb.2.7; MHb.2","Shared"
"chr11-115555775-115556467",1,1,"Inhib.Thal","Unique"
"chr11-116703386-116703880",3,3,"Astrocyte; Inhib.Thal; LHb.1","Shared"
"chr11-116924525-116925421",2,2,"Inhib.Thal; Oligo","Shared"
"chr11-117068371-117068734",1,1,"Inhib.Thal","Unique"
"chr11-117214160-117214891",1,1,"Inhib.Thal","Unique"
"chr11-117299940-117300703",5,5,"Astrocyte; LHb.1.3.4; LHb.1; LHb.4; MHb.2","Shared"
"chr11-11738065-11738353",2,1,"Inhib.Thal","Unique"
"chr11-117449175-117450724",8,4,"Astrocyte; Inhib.Thal; LHb.1.3.4; LHb.2.7","Shared"
"chr11-117490914-117491130",1,1,"Inhib.Thal","Unique"
"chr11-117634352-117634819",1,1,"Inhib.Thal","Unique"
"chr11-117808304-117808511",1,1,"Inhib.Thal","Unique"
"chr11-117814509-117815192",2,2,"Excit.Thal; LHb.2.7","Shared"
"chr11-117842633-117842832",1,1,"LHb.2.7","Unique"
"chr11-117875266-117877132",9,3,"Astrocyte; LHb.4; Oligo","Shared"
"chr11-117907138-117907630",2,2,"Inhib.Thal; Oligo","Shared"
"chr11-118053375-118053692",2,2,"MHb.2; Oligo","Shared"
"chr11-118171474-118171976",6,2,"Astrocyte; Inhib.Thal","Shared"
"chr11-118180062-118181118",10,5,"Astrocyte; MHb.1; MHb.2; Microglia; Oligo","Shared"
"chr11-118197764-118198588",2,1,"Inhib.Thal","Unique"
"chr11-118221477-118221678",1,1,"MHb.1","Unique"
"chr11-118316559-118316970",5,5,"Excit.Thal; Inhib.Thal; Microglia; Oligo; OPC","Shared"
"chr11-118400647-118402076",3,1,"Oligo","Unique"
"chr11-118928054-118928385",42,3,"Excit.Thal; MHb.2; Oligo","Shared"
"chr11-119030052-119031123",2,2,"MHb.1.2; MHb.2","Shared"
"chr11-119044401-119044901",2,1,"Inhib.Thal","Unique"
"chr11-119084536-119085804",4,4,"Astrocyte; Inhib.Thal; MHb.1.2; MHb.1","Shared"
"chr11-119481338-119481749",15,3,"Astrocyte; Inhib.Thal; MHb.2","Shared"
"chr11-119764148-119765115",10,5,"Astrocyte; Inhib.Thal; MHb.1; MHb.2; Oligo","Shared"
"chr11-119863723-119864447",3,3,"Excit.Thal; LHb.2.7; Oligo","Shared"
"chr11-120107820-120108507",8,4,"Inhib.Thal; LHb.4; MHb.2; Oligo","Shared"
"chr11-120190775-120191208",1,1,"MHb.2","Unique"
"chr11-120662018-120662801",3,3,"Inhib.Thal; LHb.1; LHb.2.7","Shared"
"chr11-121093688-121094561",2,2,"Excit.Thal; Inhib.Thal","Shared"
"chr11-122556583-122557053",1,1,"Inhib.Thal","Unique"
"chr11-123137498-123137891",3,3,"Excit.Thal; LHb.1.3.4; LHb.1","Shared"
"chr11-124622284-124623331",4,4,"Excit.Thal; Inhib.Thal; MHb.1.2; MHb.2","Shared"
"chr11-1250946-1251634",8,2,"Excit.Thal; LHb.4","Shared"
"chr11-125110982-125112445",4,4,"Astrocyte; Excit.Thal; Inhib.Thal; Oligo","Shared"
"chr11-125184207-125184705",1,1,"MHb.2","Unique"
"chr11-125356621-125356878",1,1,"MHb.2","Unique"
"chr11-125516050-125516249",1,1,"Inhib.Thal","Unique"
"chr11-125568842-125570067",4,4,"LHb.2.7; MHb.1; MHb.2; Oligo","Shared"
"chr11-126354947-126356854",4,4,"Astrocyte; Excit.Thal; Microglia; Oligo","Shared"
"chr11-126366102-126367022",2,2,"Inhib.Thal; Oligo","Shared"
"chr11-126839608-126839820",1,1,"Oligo","Unique"
"chr11-127460970-127461541",1,1,"MHb.2","Unique"
"chr11-128936582-128937806",1,1,"Astrocyte","Unique"
"chr11-129023916-129024300",1,1,"Inhib.Thal","Unique"
"chr11-129331822-129332222",2,2,"LHb.1; LHb.4","Shared"
"chr11-129750265-129751198",10,5,"LHb.4; MHb.1; MHb.2; Microglia; Oligo","Shared"
"chr11-130213098-130213449",2,1,"Inhib.Thal","Unique"
"chr11-130249432-130250728",1,1,"Inhib.Thal","Unique"
"chr11-131447967-131448743",1,1,"LHb.4","Unique"
"chr11-131483654-131484095",2,2,"Inhib.Thal; LHb.4","Shared"
"chr11-131748136-131748919",3,3,"Astrocyte; Inhib.Thal; Oligo","Shared"
"chr11-131760478-131761225",3,3,"LHb.4; MHb.2; Oligo","Shared"
"chr11-13295030-13295615",1,1,"Oligo","Unique"
"chr11-133871896-133872391",3,1,"Excit.Thal","Unique"
"chr11-134141156-134141914",3,3,"Inhib.Thal; MHb.1.2; MHb.2","Shared"
"chr11-134300653-134301234",1,1,"LHb.4","Unique"
"chr11-134360088-134360601",12,6,"Inhib.Thal; LHb.1; LHb.4; MHb.2; Oligo; OPC","Shared"
"chr11-134510563-134511198",2,1,"MHb.2","Unique"
"chr11-134542843-134543968",4,4,"Excit.Thal; Inhib.Thal; MHb.1; MHb.2","Shared"
"chr11-134868419-134868984",2,2,"Inhib.Thal; Oligo","Shared"
"chr11-13970902-13971335",3,3,"LHb.1; LHb.2.7; LHb.4","Shared"
"chr11-14091215-14091985",1,1,"Excit.Thal","Unique"
"chr11-14259159-14259910",1,1,"Inhib.Thal","Unique"
"chr11-1531506-1532496",2,2,"LHb.2.7; Oligo","Shared"
"chr11-17507751-17508051",4,1,"LHb.2.7","Unique"
"chr11-17634752-17635312",1,1,"Inhib.Thal","Unique"
"chr11-17695492-17696339",2,2,"Inhib.Thal; Oligo","Shared"
"chr11-17730563-17731337",3,3,"Astrocyte; Inhib.Thal; Oligo","Shared"
"chr11-18455625-18456370",1,1,"Inhib.Thal","Unique"
"chr11-18490255-18492054",2,2,"Inhib.Thal; MHb.1","Shared"
"chr11-18802403-18803142",2,2,"Inhib.Thal; Oligo","Shared"
"chr11-222089-222835",24,2,"Excit.Thal; Inhib.Thal","Shared"
"chr11-2290196-2290834",3,3,"MHb.1.2; MHb.1; MHb.2","Shared"
"chr11-2525000-2525601",3,3,"Inhib.Thal; LHb.2.7; MHb.2","Shared"
"chr11-27248402-27249569",5,5,"Astrocyte; Inhib.Thal; LHb.2.7; MHb.1; MHb.2","Shared"
"chr11-27424190-27424702",1,1,"Inhib.Thal","Unique"
"chr11-27718876-27719837",7,7,"Astrocyte; Inhib.Thal; LHb.2.7; LHb.4; MHb.1; MHb.2; Oligo","Shared"
"chr11-2901584-2903000",10,10,"Astrocyte; Excit.Thal; Inhib.Thal; LHb.1.3.4; LHb.1; LHb.2.7; LHb.4; MHb.1.2; MHb.2; Oligo","Shared"
"chr11-30433984-30434408",1,1,"Excit.Thal","Unique"
"chr11-31199409-31199674",1,1,"MHb.2","Unique"
"chr11-31798463-31799445",5,5,"Inhib.Thal; LHb.4; MHb.1; MHb.2; Oligo","Shared"
"chr11-320336-321131",8,2,"Astrocyte; Inhib.Thal","Shared"
"chr11-32172851-32173760",3,3,"LHb.1; MHb.2; Oligo","Shared"
"chr11-33116313-33116901",2,2,"Excit.Thal; Inhib.Thal","Shared"
"chr11-33160994-33161942",3,3,"Excit.Thal; Inhib.Thal; MHb.1","Shared"
"chr11-33778439-33779006",2,2,"Inhib.Thal; LHb.4","Shared"
"chr11-34120562-34121046",2,1,"MHb.2","Unique"
"chr11-34192411-34193395",5,5,"Astrocyte; MHb.1.2; MHb.1; MHb.2; Oligo","Shared"
"chr11-34274652-34275452",2,2,"Astrocyte; LHb.4","Shared"
"chr11-34327809-34328526",2,2,"LHb.2.7; MHb.2","Shared"
"chr11-3434754-3435568",4,4,"Astrocyte; Inhib.Thal; LHb.4; MHb.2","Shared"
"chr11-34438450-34439408",4,4,"Astrocyte; Microglia; Oligo; OPC","Shared"
"chr11-34809805-34810498",1,1,"Inhib.Thal","Unique"
"chr11-35617669-35620090",12,4,"Excit.Thal; Inhib.Thal; MHb.1; MHb.2","Shared"
"chr11-35778745-35779505",4,2,"Inhib.Thal; MHb.2","Shared"
"chr11-36593919-36594967",2,2,"Excit.Thal; Oligo","Shared"
"chr11-406554-407482",30,6,"Astrocyte; Inhib.Thal; LHb.2.7; MHb.2; Microglia; Oligo","Shared"
"chr11-43124712-43125178",2,2,"MHb.1; MHb.2","Shared"
"chr11-43130060-43131080",8,4,"Astrocyte; LHb.2.7; MHb.2; Oligo","Shared"
"chr11-43504444-43504874",4,4,"Excit.Thal; Inhib.Thal; LHb.1.3.4; MHb.2","Shared"
"chr11-43516114-43517056",4,4,"Astrocyte; Inhib.Thal; LHb.4; MHb.2","Shared"
"chr11-44095254-44096572",3,3,"LHb.2.7; MHb.2; Microglia","Shared"
"chr11-44180525-44181091",1,1,"Inhib.Thal","Unique"
"chr11-44248035-44248488",9,3,"Astrocyte; Inhib.Thal; MHb.2","Shared"
"chr11-45146402-45147969",6,6,"Excit.Thal; Inhib.Thal; MHb.1.2; MHb.2; Microglia; Oligo","Shared"
"chr11-45332051-45332733",1,1,"Inhib.Thal","Unique"
"chr11-45771231-45772293",20,5,"Excit.Thal; Inhib.Thal; MHb.2; Oligo; OPC","Shared"
"chr11-46011187-46011500",1,1,"Inhib.Thal","Unique"
"chr11-46087749-46088089",1,1,"Inhib.Thal","Unique"
"chr11-46243080-46243830",2,2,"Astrocyte; Oligo","Shared"
"chr11-47106763-47107379",4,4,"Astrocyte; Inhib.Thal; Oligo; OPC","Shared"
"chr11-47552135-47553693",4,4,"Excit.Thal; Inhib.Thal; LHb.1.3.4; Oligo","Shared"
"chr11-47578390-47579451",3,3,"Excit.Thal; Microglia; Oligo","Shared"
"chr11-47594005-47594696",12,6,"Astrocyte; LHb.1.3.4; LHb.4; MHb.1; MHb.2; Oligo","Shared"
"chr11-518454-519059",12,6,"Astrocyte; Inhib.Thal; MHb.1.2; MHb.2; Microglia; Oligo","Shared"
"chr11-56704721-56705865",2,2,"Excit.Thal; LHb.4","Shared"
"chr11-56916299-56916902",1,1,"LHb.2.7","Unique"
"chr11-57022123-57022618",2,1,"LHb.2.7","Unique"
"chr11-57124195-57124569",1,1,"Inhib.Thal","Unique"
"chr11-57230786-57231177",6,3,"Astrocyte; Inhib.Thal; Oligo","Shared"
"chr11-57283673-57284193",8,2,"Excit.Thal; Inhib.Thal","Shared"
"chr11-57364891-57365415",1,1,"Excit.Thal","Unique"
"chr11-57597471-57598856",36,6,"Astrocyte; Inhib.Thal; LHb.1; MHb.2; Oligo; OPC","Shared"
"chr11-57800318-57800973",1,1,"Excit.Thal","Unique"
"chr11-59102181-59102512",2,2,"LHb.1; MHb.2","Shared"
"chr11-59263104-59263477",1,1,"Inhib.Thal","Unique"
"chr11-59560265-59561143",6,3,"Excit.Thal; MHb.1; Oligo","Shared"
"chr11-59668236-59670021",5,5,"Astrocyte; Excit.Thal; LHb.1.3.4; LHb.1; LHb.2.7","Shared"
"chr11-59916547-59917305",1,1,"Inhib.Thal","Unique"
"chr11-607537-608192",12,2,"Inhib.Thal; LHb.4","Shared"
"chr11-60830827-60831510",6,3,"Astrocyte; Inhib.Thal; Oligo","Shared"
"chr11-61025635-61026382",1,1,"LHb.2.7","Unique"
"chr11-61148073-61148506",2,1,"Inhib.Thal","Unique"
"chr11-61293860-61295784",4,4,"Inhib.Thal; LHb.1; Oligo; OPC","Shared"
"chr11-61626634-61627148",12,6,"Inhib.Thal; LHb.1; LHb.4; MHb.1.2; MHb.1; MHb.2","Shared"
"chr11-61628133-61628406",12,4,"Astrocyte; Inhib.Thal; LHb.4; MHb.2","Shared"
"chr11-61679995-61680902",4,4,"Excit.Thal; LHb.1.3.4; Microglia; Oligo","Shared"
"chr11-61806454-61806968",1,1,"MHb.2","Unique"
"chr11-62380464-62381080",2,2,"Astrocyte; MHb.2","Shared"
"chr11-62411362-62411924",2,1,"Inhib.Thal","Unique"
"chr11-62646037-62647064",4,2,"Astrocyte; MHb.2","Shared"
"chr11-62707187-62707895",4,4,"Astrocyte; Excit.Thal; Inhib.Thal; MHb.2","Shared"
"chr11-62709369-62709955",28,2,"Excit.Thal; Inhib.Thal","Shared"
"chr11-62791491-62792165",3,3,"Astrocyte; Excit.Thal; MHb.2","Shared"
"chr11-62821900-62822170",1,1,"LHb.2.7","Unique"
"chr11-62855528-62856730",4,4,"Excit.Thal; Inhib.Thal; MHb.1; Oligo","Shared"
"chr11-63613477-63614683",4,4,"Astrocyte; Inhib.Thal; MHb.1; Oligo","Shared"
"chr11-63784023-63784525",1,1,"Inhib.Thal","Unique"
"chr11-63838569-63840255",10,5,"Excit.Thal; Inhib.Thal; MHb.1; MHb.2; Oligo","Shared"
"chr11-63917749-63918473",2,2,"MHb.1.2; Oligo","Shared"
"chr11-64763016-64763430",2,1,"Inhib.Thal","Unique"
"chr11-64802777-64803459",6,3,"Astrocyte; Excit.Thal; Oligo","Shared"
"chr11-64844306-64844703",1,1,"Oligo","Unique"
"chr11-65121839-65122692",5,5,"Excit.Thal; Inhib.Thal; MHb.1; MHb.2; OPC","Shared"
"chr11-65416337-65416686",16,4,"Excit.Thal; Inhib.Thal; Microglia; Oligo","Shared"
"chr11-65421940-65423170",4,4,"Astrocyte; LHb.1; MHb.2; Oligo","Shared"
"chr11-65497297-65497968",91,7,"Astrocyte; Excit.Thal; Inhib.Thal; LHb.1.3.4; MHb.1.2; MHb.2; Oligo","Shared"
"chr11-65506785-65508540",9,1,"LHb.1","Unique"
"chr11-65569649-65570618",32,4,"Excit.Thal; Inhib.Thal; MHb.1; Oligo","Shared"
"chr11-65606779-65607970",16,4,"Excit.Thal; MHb.1.2; Microglia; OPC","Shared"
"chr11-65637822-65638364",6,6,"Astrocyte; Excit.Thal; Inhib.Thal; LHb.2.7; MHb.1; Microglia","Shared"
"chr11-65840974-65841383",1,1,"Inhib.Thal","Unique"
"chr11-65856987-65858477",6,3,"Excit.Thal; Inhib.Thal; MHb.2","Shared"
"chr11-65859132-65859763",6,6,"Astrocyte; Excit.Thal; Inhib.Thal; LHb.2.7; Microglia; OPC","Shared"
"chr11-65860014-65860590",2,1,"Excit.Thal","Unique"
"chr11-65945352-65946124",3,3,"Inhib.Thal; LHb.4; MHb.2","Shared"
"chr11-66022357-66022813",2,1,"Oligo","Unique"
"chr11-66256882-66258735",4,4,"Excit.Thal; Microglia; Oligo; OPC","Shared"
"chr11-66268284-66269057",20,4,"Excit.Thal; Inhib.Thal; Microglia; Oligo","Shared"
"chr11-66277718-66278266",12,4,"Astrocyte; Excit.Thal; LHb.1; Oligo","Shared"
"chr11-6630590-6630804",2,1,"Inhib.Thal","Unique"
"chr11-66386039-66386671",21,3,"Astrocyte; Inhib.Thal; Oligo","Shared"
"chr11-66466161-66467608",4,4,"Excit.Thal; Inhib.Thal; LHb.1; Oligo","Shared"
"chr11-66543708-66544004",1,1,"LHb.2.7","Unique"
"chr11-66677294-66678811",2,2,"Excit.Thal; MHb.1","Shared"
"chr11-66882200-66883466",8,4,"Astrocyte; Inhib.Thal; LHb.4; MHb.2","Shared"
"chr11-67382509-67382898",5,5,"Astrocyte; Inhib.Thal; MHb.1; MHb.2; Oligo","Shared"
"chr11-67468527-67469613",3,3,"Excit.Thal; LHb.1; MHb.2","Shared"
"chr11-67507799-67508934",3,3,"Excit.Thal; LHb.1; MHb.1","Shared"
"chr11-67711617-67711998",4,1,"LHb.1","Unique"
"chr11-67804631-67806494",25,5,"Astrocyte; Excit.Thal; LHb.1; Microglia; Oligo","Shared"
"chr11-67955274-67956026",20,5,"Inhib.Thal; LHb.1; LHb.4; MHb.1; MHb.2","Shared"
"chr11-68127717-68128982",8,8,"Excit.Thal; Inhib.Thal; LHb.1.3.4; LHb.4; MHb.1.2; MHb.1; MHb.2; Oligo","Shared"
"chr11-6823674-6824770",3,3,"Excit.Thal; Inhib.Thal; LHb.1","Shared"
"chr11-68257128-68257778",3,3,"Inhib.Thal; LHb.2.7; Oligo","Shared"
"chr11-6855885-6856643",6,3,"Astrocyte; Inhib.Thal; MHb.1","Shared"
"chr11-68782858-68783651",2,2,"Excit.Thal; Inhib.Thal","Shared"
"chr11-69066729-69067561",8,2,"Excit.Thal; Inhib.Thal","Shared"
"chr11-694562-696233",16,8,"Astrocyte; Excit.Thal; Inhib.Thal; LHb.1; LHb.2.7; MHb.1.2; MHb.2; Oligo","Shared"
"chr11-70477528-70477965",2,1,"Inhib.Thal","Unique"
"chr11-70552249-70552758",1,1,"Inhib.Thal","Unique"
"chr11-70611219-70611429",2,2,"MHb.1; MHb.2","Shared"
"chr11-71165451-71166276",1,1,"Inhib.Thal","Unique"
"chr11-71170659-71171117",1,1,"Inhib.Thal","Unique"
"chr11-71199327-71199728",1,1,"Astrocyte","Unique"
"chr11-71565998-71566569",1,1,"LHb.4","Unique"
"chr11-71568576-71569119",1,1,"LHb.4","Unique"
"chr11-71813319-71814077",3,3,"Inhib.Thal; MHb.1; MHb.2","Shared"
"chr11-72417687-72418258",4,4,"LHb.1; MHb.1.2; MHb.2; Oligo","Shared"
"chr11-72426234-72426520",1,1,"LHb.2.7","Unique"
"chr11-72446658-72447310",2,2,"Inhib.Thal; MHb.1","Shared"
"chr11-72471131-72471652",3,3,"LHb.2.7; MHb.2; Oligo","Shared"
"chr11-72482243-72482581",3,3,"Astrocyte; Inhib.Thal; MHb.2","Shared"
"chr11-72584343-72584755",1,1,"Microglia","Unique"
"chr11-72657418-72657745",2,2,"LHb.2.7; LHb.4","Shared"
"chr11-72735796-72736031",1,1,"MHb.2","Unique"
"chr11-73117988-73118224",1,1,"LHb.2.7","Unique"
"chr11-73570415-73570709",1,1,"Inhib.Thal","Unique"
"chr11-737323-738230",33,3,"Inhib.Thal; LHb.4; Oligo","Shared"
"chr11-7456242-7456547",2,2,"MHb.1; MHb.2","Shared"
"chr11-74730599-74731721",5,5,"Astrocyte; LHb.4; MHb.1.2; MHb.1; Oligo","Shared"
"chr11-75384296-75384795",2,2,"Inhib.Thal; Oligo","Shared"
"chr11-75803069-75803547",4,4,"Astrocyte; Inhib.Thal; LHb.4; MHb.2","Shared"
"chr11-77716858-77717362",2,2,"Inhib.Thal; MHb.1.2","Shared"
"chr11-77993830-77995266",9,3,"Astrocyte; Excit.Thal; Inhib.Thal","Shared"
"chr11-78270756-78271289",2,2,"MHb.2; OPC","Shared"
"chr11-78574164-78575713",4,2,"Excit.Thal; Oligo","Shared"
"chr11-797162-798456",6,3,"Excit.Thal; Inhib.Thal; Oligo","Shared"
"chr11-7986623-7987502",4,4,"Astrocyte; Inhib.Thal; LHb.1; MHb.1","Shared"
"chr11-8228236-8228522",1,1,"Inhib.Thal","Unique"
"chr11-82984298-82984696",1,1,"Inhib.Thal","Unique"
"chr11-83285597-83286624",8,8,"Astrocyte; Excit.Thal; Inhib.Thal; LHb.1; MHb.1; MHb.2; Microglia; Oligo","Shared"
"chr11-85959586-85959926",1,1,"Excit.Thal","Unique"
"chr11-86291657-86292072",2,2,"Inhib.Thal; Oligo","Shared"
"chr11-86650579-86651019",1,1,"Inhib.Thal","Unique"
"chr11-87431356-87431663",2,2,"MHb.1; MHb.2","Shared"
"chr11-87451119-87451718",4,2,"Inhib.Thal; Thal","Shared"
"chr11-876235-876970",16,4,"Astrocyte; Inhib.Thal; LHb.4; MHb.1","Shared"
"chr11-92180637-92180907",1,1,"Inhib.Thal","Unique"
"chr11-92434473-92435191",1,1,"LHb.2.7","Unique"
"chr11-92667537-92667890",1,1,"Astrocyte","Unique"
"chr11-94237495-94238769",24,4,"Inhib.Thal; MHb.1.2; MHb.1; Oligo","Shared"
"chr11-9444472-9444826",1,1,"Inhib.Thal","Unique"
"chr11-94694320-94695022",1,1,"Excit.Thal","Unique"
"chr11-94734465-94734874",6,2,"LHb.2.7; MHb.1","Shared"
"chr11-94909297-94910393",1,1,"Inhib.Thal","Unique"
"chr11-94972928-94974002",3,3,"Astrocyte; Inhib.Thal; LHb.1","Shared"
"chr11-95066786-95068221",12,3,"Excit.Thal; Inhib.Thal; Oligo","Shared"
"chr11-95229995-95231724",7,7,"Astrocyte; Excit.Thal; Inhib.Thal; LHb.4; MHb.1; MHb.2; Microglia","Shared"
"chr11-95231971-95232583",2,1,"Excit.Thal","Unique"
"chr11-95305861-95306382",1,1,"Excit.Thal","Unique"
"chr11-9689227-9689987",6,3,"Inhib.Thal; LHb.2.7; Oligo","Shared"
"chr11-9982546-9983764",1,1,"Inhib.Thal","Unique"
"chr12-100609323-100609583",1,1,"MHb.2","Unique"
"chr12-101279398-101280631",2,1,"Excit.Thal","Unique"
"chr12-102052034-102053321",12,4,"Astrocyte; Inhib.Thal; LHb.1; Oligo","Shared"
"chr12-102948869-102949175",1,1,"Inhib.Thal","Unique"
"chr12-102966463-102966937",1,1,"Excit.Thal","Unique"
"chr12-103965381-103966357",12,3,"Astrocyte; Excit.Thal; Inhib.Thal","Shared"
"chr12-104215486-104216494",5,5,"Astrocyte; Inhib.Thal; LHb.4; MHb.2; Oligo","Shared"
"chr12-104286598-104287402",2,2,"Excit.Thal; Oligo","Shared"
"chr12-104288598-104289190",4,1,"Inhib.Thal","Unique"
"chr12-104381676-104382315",4,4,"Astrocyte; Inhib.Thal; MHb.2; Oligo","Shared"
"chr12-104964223-104964711",3,3,"Excit.Thal; Inhib.Thal; MHb.2","Shared"
"chr12-105051147-105051543",2,2,"LHb.1.3.4; LHb.1","Shared"
"chr12-106246700-106248797",5,5,"Inhib.Thal; LHb.1; MHb.2; Microglia; Oligo","Shared"
"chr12-106365486-106365826",1,1,"Inhib.Thal","Unique"
"chr12-107402432-107402748",2,1,"Excit.Thal","Unique"
"chr12-107600532-107601068",2,2,"Inhib.Thal; LHb.2.7","Shared"
"chr12-107760349-107762000",2,2,"Inhib.Thal; MHb.1.2","Shared"
"chr12-108128936-108130349",5,5,"Astrocyte; Inhib.Thal; LHb.1; MHb.1; Oligo","Shared"
"chr12-108252871-108253185",1,1,"Inhib.Thal","Unique"
"chr12-108256963-108257277",3,3,"Excit.Thal; LHb.1; MHb.2","Shared"
"chr12-108822874-108823480",1,1,"MHb.2","Unique"
"chr12-109110936-109111466",4,4,"Astrocyte; Inhib.Thal; Oligo; OPC","Shared"
"chr12-109239585-109240109",2,1,"Excit.Thal","Unique"
"chr12-109679709-109680357",1,1,"Inhib.Thal","Unique"
"chr12-109713402-109714719",4,4,"Excit.Thal; Inhib.Thal; MHb.1.2; Oligo","Shared"
"chr12-109782331-109782944",2,2,"Inhib.Thal; Oligo","Shared"
"chr12-109899656-109901021",2,2,"MHb.2; Oligo","Shared"
"chr12-110431200-110431807",4,1,"Oligo","Unique"
"chr12-111068264-111068850",2,2,"Inhib.Thal; MHb.2","Shared"
"chr12-111435751-111436548",1,1,"Inhib.Thal","Unique"
"chr12-11144048-11145328",1,1,"Inhib.Thal","Unique"
"chr12-111692540-111693103",2,1,"Inhib.Thal","Unique"
"chr12-111937482-111937743",1,1,"Inhib.Thal","Unique"
"chr12-113030602-113031341",4,4,"Astrocyte; LHb.1; LHb.2.7; LHb.4","Shared"
"chr12-113071193-113072058",6,3,"Astrocyte; LHb.1; LHb.2.7","Shared"
"chr12-113103729-113104401",2,1,"LHb.1","Unique"
"chr12-113130082-113130973",2,2,"Inhib.Thal; MHb.2","Shared"
"chr12-113152982-113153530",18,3,"Astrocyte; Inhib.Thal; Oligo","Shared"
"chr12-113174306-113174895",5,5,"Astrocyte; Inhib.Thal; LHb.1; LHb.4; Oligo","Shared"
"chr12-113358150-113359798",4,4,"Inhib.Thal; MHb.1.2; MHb.1; MHb.2","Shared"
"chr12-113421998-113422903",20,4,"Inhib.Thal; LHb.1; MHb.2; Oligo","Shared"
"chr12-116192800-116193226",1,1,"Inhib.Thal","Unique"
"chr12-116708511-116709918",5,5,"Astrocyte; Inhib.Thal; LHb.1.3.4; MHb.2; Oligo","Shared"
"chr12-116861334-116861652",2,2,"Excit.Thal; LHb.4","Shared"
"chr12-116880845-116881726",1,1,"Oligo","Unique"
"chr12-116910709-116911681",2,2,"Astrocyte; Oligo","Shared"
"chr12-117018294-117018631",1,1,"Excit.Thal","Unique"
"chr12-120043527-120043744",1,1,"MHb.2","Unique"
"chr12-120194269-120195072",3,3,"Astrocyte; MHb.1; MHb.2","Shared"
"chr12-120234788-120235525",1,1,"Inhib.Thal","Unique"
"chr12-120265213-120266166",12,6,"Excit.Thal; Inhib.Thal; LHb.4; Microglia; Oligo; OPC","Shared"
"chr12-120291508-120292569",14,7,"Astrocyte; Inhib.Thal; LHb.1.3.4; LHb.1; LHb.4; Microglia; Oligo","Shared"
"chr12-120356532-120356942",6,3,"Astrocyte; Inhib.Thal; Oligo","Shared"
"chr12-120397723-120398213",2,1,"MHb.2","Unique"
"chr12-120528486-120529461",20,4,"Excit.Thal; Inhib.Thal; MHb.1; MHb.2","Shared"
"chr12-120686096-120687659",4,4,"Excit.Thal; Inhib.Thal; Microglia; Oligo","Shared"
"chr12-121132193-121133484",6,6,"Inhib.Thal; LHb.2.7; LHb.4; MHb.2; Microglia; Oligo","Shared"
"chr12-121240625-121240862",4,1,"MHb.1","Unique"
"chr12-121334663-121335059",1,1,"Oligo","Unique"
"chr12-121461635-121461858",4,1,"LHb.2.7","Unique"
"chr12-121802872-121803402",15,5,"Excit.Thal; Inhib.Thal; LHb.1; MHb.1.2; Oligo","Shared"
"chr12-121917938-121919000",12,6,"Astrocyte; Inhib.Thal; LHb.4; MHb.1.2; Oligo; OPC","Shared"
"chr12-122021352-122023138",5,5,"Excit.Thal; Inhib.Thal; MHb.1.2; MHb.1; MHb.2","Shared"
"chr12-122072311-122072833",9,3,"LHb.1; LHb.2.7; MHb.1","Shared"
"chr12-122106743-122107514",15,3,"Inhib.Thal; MHb.1; MHb.2","Shared"
"chr12-122190955-122191391",3,3,"Inhib.Thal; MHb.1; Oligo","Shared"
"chr12-122297436-122298092",2,2,"Excit.Thal; Inhib.Thal","Shared"
"chr12-122812919-122813793",1,1,"Inhib.Thal","Unique"
"chr12-122909789-122910486",7,7,"Astrocyte; Excit.Thal; LHb.1.3.4; LHb.2.7; LHb.4; MHb.2; Oligo","Shared"
"chr12-122974096-122975414",4,2,"Excit.Thal; MHb.1","Shared"
"chr12-122980109-122981146",3,3,"Inhib.Thal; MHb.1; Oligo","Shared"
"chr12-123077397-123078732",8,8,"Astrocyte; Excit.Thal; Inhib.Thal; LHb.2.7; LHb.4; MHb.1.2; MHb.1; Oligo","Shared"
"chr12-123106859-123107665",4,2,"Inhib.Thal; LHb.1.3.4","Shared"
"chr12-123231979-123233865",3,3,"Excit.Thal; MHb.1.2; Oligo","Shared"
"chr12-12332-13510",3,3,"Astrocyte; Inhib.Thal; Oligo","Shared"
"chr12-123435925-123436981",5,5,"Inhib.Thal; LHb.4; MHb.1; MHb.2; Oligo","Shared"
"chr12-123711547-123712934",5,5,"Astrocyte; Inhib.Thal; MHb.1.2; MHb.1; Oligo","Shared"
"chr12-123748793-123749261",1,1,"Inhib.Thal","Unique"
"chr12-124318141-124318479",2,2,"LHb.2.7; MHb.2","Shared"
"chr12-124395280-124395609",1,1,"MHb.2","Unique"
"chr12-124675706-124676414",3,3,"Excit.Thal; MHb.1.2; MHb.2","Shared"
"chr12-124771820-124772468",2,2,"Astrocyte; LHb.4","Shared"
"chr12-124917160-124917746",8,8,"Astrocyte; Excit.Thal; Inhib.Thal; LHb.2.7; LHb.4; MHb.1.2; MHb.1; MHb.2","Shared"
"chr12-124939132-124941059",6,6,"Excit.Thal; Inhib.Thal; MHb.1; Microglia; Oligo; OPC","Shared"
"chr12-125024928-125025560",2,2,"Inhib.Thal; LHb.4","Shared"
"chr12-125299213-125299977",1,1,"MHb.2","Unique"
"chr12-12624326-12625097",4,2,"Inhib.Thal; Oligo","Shared"
"chr12-12695927-12697035",4,2,"Excit.Thal; Inhib.Thal","Shared"
"chr12-128760027-128760493",1,1,"MHb.2","Unique"
"chr12-130053461-130054393",2,2,"Excit.Thal; OPC","Shared"
"chr12-130085650-130086396",1,1,"Inhib.Thal","Unique"
"chr12-13074442-13075038",1,1,"LHb.4","Unique"
"chr12-130915792-130916889",12,6,"Excit.Thal; Inhib.Thal; LHb.1.3.4; LHb.4; MHb.2; Oligo","Shared"
"chr12-131192935-131193346",2,2,"Inhib.Thal; MHb.2","Shared"
"chr12-131226866-131227082",1,1,"LHb.4","Unique"
"chr12-131309712-131310534",2,1,"Inhib.Thal","Unique"
"chr12-131573595-131574807",2,2,"Astrocyte; Inhib.Thal","Shared"
"chr12-131757099-131757338",2,1,"MHb.2","Unique"
"chr12-131834078-131834532",4,4,"Inhib.Thal; LHb.2.7; MHb.1.2; MHb.2","Shared"
"chr12-132077320-132077628",2,1,"LHb.4","Unique"
"chr12-132235157-132235637",3,3,"Astrocyte; Inhib.Thal; LHb.4","Shared"
"chr12-132489278-132490331",8,4,"Excit.Thal; LHb.1; Microglia; OPC","Shared"
"chr12-132776650-132777462",4,4,"Astrocyte; LHb.2.7; MHb.2; Oligo","Shared"
"chr12-14365202-14366126",8,4,"Astrocyte; Excit.Thal; Inhib.Thal; Microglia","Shared"
"chr12-16385927-16386533",2,2,"Excit.Thal; LHb.2.7","Shared"
"chr12-18072544-18072943",1,1,"MHb.1","Unique"
"chr12-19710661-19711063",1,1,"Inhib.Thal","Unique"
"chr12-2003853-2005100",2,2,"Excit.Thal; MHb.1.2","Shared"
"chr12-20687-23183",7,7,"Astrocyte; Inhib.Thal; LHb.1; LHb.2.7; LHb.4; MHb.2; Oligo","Shared"
"chr12-21463368-21464013",1,1,"Inhib.Thal","Unique"
"chr12-22034897-22035357",2,2,"Excit.Thal; Inhib.Thal","Shared"
"chr12-22443250-22443758",2,2,"Astrocyte; LHb.4","Shared"
"chr12-2313639-2314120",1,1,"LHb.2.7","Unique"
"chr12-2372189-2372965",2,2,"LHb.4; MHb.2","Shared"
"chr12-2420165-2420377",1,1,"MHb.2","Unique"
"chr12-24665322-24665545",2,2,"MHb.1; MHb.2","Shared"
"chr12-25775945-25776346",2,1,"MHb.2","Unique"
"chr12-26743856-26744417",1,1,"Inhib.Thal","Unique"
"chr12-27083783-27084368",1,1,"Inhib.Thal","Unique"
"chr12-27523227-27524622",4,4,"Astrocyte; Inhib.Thal; Oligo; OPC","Shared"
"chr12-27969921-27971301",7,7,"Astrocyte; Excit.Thal; Inhib.Thal; LHb.1.3.4; LHb.1; MHb.2; Oligo","Shared"
"chr12-2876646-2878719",2,2,"MHb.2; Oligo","Shared"
"chr12-29454891-29455399",1,1,"Oligo","Unique"
"chr12-29550222-29550911",2,2,"Inhib.Thal; MHb.2","Shared"
"chr12-29565030-29565408",1,1,"Inhib.Thal","Unique"
"chr12-30631537-30632233",1,1,"Inhib.Thal","Unique"
"chr12-31105694-31106670",2,2,"Excit.Thal; Inhib.Thal","Shared"
"chr12-31117086-31117929",3,3,"Excit.Thal; LHb.2.7; LHb.4","Shared"
"chr12-31118312-31120051",6,6,"Inhib.Thal; LHb.2.7; LHb.4; MHb.1.2; Oligo; OPC","Shared"
"chr12-31120537-31121071",2,2,"Excit.Thal; LHb.4","Shared"
"chr12-3137304-3137610",2,1,"MHb.2","Unique"
"chr12-3178791-3179238",2,2,"Excit.Thal; Thal","Shared"
"chr12-32106099-32107616",7,7,"Astrocyte; Excit.Thal; Inhib.Thal; LHb.1; Microglia; Oligo; OPC","Shared"
"chr12-32296452-32296926",2,2,"Inhib.Thal; LHb.2.7","Shared"
"chr12-32418950-32419987",9,3,"Inhib.Thal; LHb.4; MHb.2","Shared"
"chr12-32535231-32535596",4,4,"LHb.2.7; LHb.4; MHb.1.2; Oligo","Shared"
"chr12-32549681-32550049",1,1,"Inhib.Thal","Unique"
"chr12-38441811-38442393",1,1,"Inhib.Thal","Unique"
"chr12-41319767-41320209",3,3,"Inhib.Thal; MHb.1; MHb.2","Shared"
"chr12-42144018-42145503",12,6,"Astrocyte; Excit.Thal; Inhib.Thal; MHb.1; Microglia; Oligo","Shared"
"chr12-4273563-4273880",15,3,"Astrocyte; LHb.4; OPC","Shared"
"chr12-4294895-4295109",1,1,"Inhib.Thal","Unique"
"chr12-4320473-4321761",2,2,"MHb.1.2; Oligo","Shared"
"chr12-4519417-4519955",2,2,"Inhib.Thal; MHb.1","Shared"
"chr12-46195156-46196001",1,1,"Inhib.Thal","Unique"
"chr12-48454152-48454618",1,1,"Inhib.Thal","Unique"
"chr12-4857550-4858321",8,2,"Astrocyte; Oligo","Shared"
"chr12-48883039-48884132",4,4,"Astrocyte; Inhib.Thal; LHb.4; MHb.1","Shared"
"chr12-48890570-48891524",8,4,"Astrocyte; Inhib.Thal; LHb.2.7; Oligo","Shared"
"chr12-48903905-48904683",7,7,"Astrocyte; Inhib.Thal; LHb.1; LHb.4; MHb.1; MHb.2; Oligo","Shared"
"chr12-48999119-49000169",1,1,"Inhib.Thal","Unique"
"chr12-49188281-49189405",2,2,"Excit.Thal; Inhib.Thal","Shared"
"chr12-49234370-49235475",12,4,"Astrocyte; Excit.Thal; Microglia; Oligo","Shared"
"chr12-49538310-49539153",3,3,"Astrocyte; Inhib.Thal; Oligo","Shared"
"chr12-50166440-50167856",3,3,"LHb.1; LHb.4; Oligo","Shared"
"chr12-50295748-50296063",1,1,"Inhib.Thal","Unique"
"chr12-50504393-50505849",1,1,"MHb.1.2","Unique"
"chr12-50940845-50941061",1,1,"Inhib.Thal","Unique"
"chr12-51124504-51125125",2,1,"Inhib.Thal","Unique"
"chr12-51770306-51770902",1,1,"LHb.4","Unique"
"chr12-51934400-51934667",1,1,"LHb.4","Unique"
"chr12-52138404-52138829",1,1,"MHb.2","Unique"
"chr12-52496215-52496967",2,2,"Inhib.Thal; MHb.2","Shared"
"chr12-52884811-52885149",1,1,"Inhib.Thal","Unique"
"chr12-52980768-52981384",25,5,"Astrocyte; Inhib.Thal; LHb.4; MHb.2; Oligo","Shared"
"chr12-53159226-53160457",3,3,"Inhib.Thal; LHb.1.3.4; Oligo","Shared"
"chr12-53241534-53242679",3,3,"Excit.Thal; Inhib.Thal; LHb.4","Shared"
"chr12-53294893-53295853",6,3,"Excit.Thal; LHb.1; Oligo","Shared"
"chr12-53492662-53493401",4,4,"Astrocyte; Excit.Thal; LHb.1; MHb.1","Shared"
"chr12-53938978-53939385",1,1,"Oligo","Unique"
"chr12-54191519-54191911",28,4,"Astrocyte; Inhib.Thal; MHb.2; Oligo","Shared"
"chr12-54216878-54217316",12,4,"Astrocyte; LHb.4; MHb.1; MHb.2","Shared"
"chr12-54358856-54359641",6,6,"Astrocyte; Excit.Thal; Inhib.Thal; LHb.4; MHb.1.2; Oligo","Shared"
"chr12-54527140-54527427",1,1,"Inhib.Thal","Unique"
"chr12-55742881-55743880",1,1,"Excit.Thal","Unique"
"chr12-55973373-55974534",3,3,"Excit.Thal; MHb.1.2; Oligo","Shared"
"chr12-56041229-56042421",15,3,"Excit.Thal; Inhib.Thal; LHb.1","Shared"
"chr12-56375693-56375895",1,1,"Inhib.Thal","Unique"
"chr12-56448529-56449546",10,5,"Astrocyte; Excit.Thal; Inhib.Thal; MHb.2; Microglia","Shared"
"chr12-56486951-56488875",12,6,"Astrocyte; Excit.Thal; MHb.2; Microglia; Oligo; OPC","Shared"
"chr12-57342188-57342680",9,3,"Astrocyte; Excit.Thal; Oligo","Shared"
"chr12-57590831-57591916",8,4,"Astrocyte; Excit.Thal; Microglia; Oligo","Shared"
"chr12-57610919-57611891",9,3,"Excit.Thal; LHb.1; Oligo","Shared"
"chr12-57905207-57905667",3,3,"Inhib.Thal; MHb.2; Oligo","Shared"
"chr12-58261401-58261624",1,1,"Inhib.Thal","Unique"
"chr12-6039709-6040326",12,3,"Inhib.Thal; LHb.4; Oligo","Shared"
"chr12-6278255-6279234",8,4,"Astrocyte; Inhib.Thal; LHb.2.7; Oligo","Shared"
"chr12-6295976-6296197",2,1,"LHb.4","Unique"
"chr12-63821570-63822280",2,2,"Inhib.Thal; Oligo","Shared"
"chr12-63992318-63992646",1,1,"LHb.2.7","Unique"
"chr12-64097488-64098263",2,2,"LHb.2.7; MHb.2","Shared"
"chr12-64098485-64098979",1,1,"LHb.2.7","Unique"
"chr12-64135866-64136391",4,2,"Inhib.Thal; LHb.2.7","Shared"
"chr12-6423549-6424231",2,2,"Astrocyte; Inhib.Thal","Shared"
"chr12-66139614-66139856",1,1,"Inhib.Thal","Unique"
"chr12-66562-67019",4,4,"Astrocyte; Inhib.Thal; LHb.1; LHb.2.7","Shared"
"chr12-6672259-6672714",8,2,"Excit.Thal; Inhib.Thal","Shared"
"chr12-6699824-6701026",21,3,"Astrocyte; Inhib.Thal; Oligo","Shared"
"chr12-6809564-6809945",1,1,"Inhib.Thal","Unique"
"chr12-6828172-6828831",3,3,"Astrocyte; Inhib.Thal; Oligo","Shared"
"chr12-6883724-6884397",2,2,"Inhib.Thal; MHb.2","Shared"
"chr12-6913862-6914895",15,3,"Excit.Thal; Inhib.Thal; Microglia","Shared"
"chr12-69258516-69259037",4,4,"Astrocyte; Inhib.Thal; MHb.2; Oligo","Shared"
"chr12-6927413-6928080",4,4,"Astrocyte; Excit.Thal; Inhib.Thal; LHb.1","Shared"
"chr12-69330949-69332120",4,4,"Inhib.Thal; LHb.2.7; LHb.4; Oligo","Shared"
"chr12-6943330-6944834",4,4,"Excit.Thal; Inhib.Thal; LHb.1.3.4; LHb.1","Shared"
"chr12-7060446-7060980",4,4,"Excit.Thal; Inhib.Thal; LHb.1; LHb.4","Shared"
"chr12-7080591-7081373",8,2,"Excit.Thal; Inhib.Thal","Shared"
"chr12-71640012-71640661",1,1,"Inhib.Thal","Unique"
"chr12-72016986-72017375",1,1,"MHb.1.2","Unique"
"chr12-7209494-7211009",2,2,"Excit.Thal; Inhib.Thal","Shared"
"chr12-74816316-74817839",10,5,"Astrocyte; Inhib.Thal; LHb.2.7; MHb.2; Oligo","Shared"
"chr12-751151-751630",4,4,"Inhib.Thal; Microglia; Oligo; OPC","Shared"
"chr12-75151180-75151492",1,1,"Inhib.Thal","Unique"
"chr12-75390517-75391554",18,6,"Astrocyte; Excit.Thal; Inhib.Thal; LHb.2.7; MHb.2; Oligo","Shared"
"chr12-75473537-75474352",2,1,"Inhib.Thal","Unique"
"chr12-76552222-76552580",1,1,"LHb.1.3.4","Unique"
"chr12-76599830-76600200",1,1,"Inhib.Thal","Unique"
"chr12-78958375-78958659",1,1,"Inhib.Thal","Unique"
"chr12-8025891-8027363",3,3,"Astrocyte; Excit.Thal; Inhib.Thal","Shared"
"chr12-81077364-81078430",3,3,"Astrocyte; Inhib.Thal; OPC","Shared"
"chr12-8218812-8219322",2,2,"Inhib.Thal; MHb.1.2","Shared"
"chr12-8389847-8390813",18,6,"Astrocyte; Inhib.Thal; LHb.2.7; LHb.4; MHb.1; Oligo","Shared"
"chr12-85128-85669",4,4,"Astrocyte; Excit.Thal; Inhib.Thal; MHb.1.2","Shared"
"chr12-8608941-8609326",1,1,"Inhib.Thal","Unique"
"chr12-8786344-8787547",2,2,"Excit.Thal; Inhib.Thal","Shared"
"chr12-88509362-88509735",1,1,"Inhib.Thal","Unique"
"chr12-88946360-88946850",4,2,"Excit.Thal; MHb.1","Shared"
"chr12-89598594-89599002",3,3,"Excit.Thal; Inhib.Thal; LHb.4","Shared"
"chr12-9124175-9125239",4,2,"Inhib.Thal; LHb.1","Shared"
"chr12-9184164-9184760",2,2,"Excit.Thal; Inhib.Thal","Shared"
"chr12-92090507-92090854",1,1,"Inhib.Thal","Unique"
"chr12-92144577-92146641",7,7,"Astrocyte; Excit.Thal; Inhib.Thal; LHb.1.3.4; LHb.4; MHb.1; Oligo","Shared"
"chr12-9283324-9284112",4,2,"Inhib.Thal; OPC","Shared"
"chr12-93377457-93377984",8,8,"Astrocyte; Excit.Thal; Inhib.Thal; LHb.1; LHb.4; MHb.1; MHb.2; Microglia","Shared"
"chr12-93378279-93378888",4,4,"Astrocyte; LHb.4; Oligo; OPC","Shared"
"chr12-93676395-93678295",5,5,"Astrocyte; Excit.Thal; Inhib.Thal; LHb.1; MHb.2","Shared"
"chr12-94101365-94102743",2,2,"Astrocyte; Oligo","Shared"
"chr12-96291279-96291681",3,3,"Inhib.Thal; LHb.1.3.4; Oligo","Shared"
"chr12-96352024-96352601",3,3,"Inhib.Thal; MHb.2; Oligo","Shared"
"chr12-96785469-96785795",1,1,"Inhib.Thal","Unique"
"chr12-97143098-97143390",1,1,"LHb.1.3.4","Unique"
"chr12-9813669-9814759",2,2,"Inhib.Thal; Microglia","Shared"
"chr12-98397206-98397988",2,2,"MHb.2; Oligo","Shared"
"chr12-98502740-98504370",4,4,"Astrocyte; Excit.Thal; Inhib.Thal; LHb.4","Shared"
"chr12-990373-991802",5,5,"Excit.Thal; Inhib.Thal; LHb.4; MHb.1.2; Oligo","Shared"
"chr13-101257949-101258641",3,3,"Inhib.Thal; LHb.4; MHb.1","Shared"
"chr13-102591752-102592630",1,1,"Inhib.Thal","Unique"
"chr13-102772626-102774590",3,3,"MHb.1; MHb.2; Oligo","Shared"
"chr13-107847412-107847734",1,1,"LHb.4","Unique"
"chr13-108003628-108004119",1,1,"Excit.Thal","Unique"
"chr13-110811956-110812952",4,4,"Excit.Thal; Inhib.Thal; LHb.2.7; MHb.2","Shared"
"chr13-112055510-112056109",3,3,"Excit.Thal; Oligo; OPC","Shared"
"chr13-112062821-112063181",3,3,"LHb.1; Oligo; OPC","Shared"
"chr13-112066538-112067384",10,10,"Astrocyte; Excit.Thal; Inhib.Thal; LHb.1.3.4; LHb.1; LHb.2.7; MHb.1; MHb.2; Oligo; OPC","Shared"
"chr13-112068094-112068461",2,2,"Excit.Thal; Inhib.Thal","Shared"
"chr13-112072219-112073288",10,10,"Astrocyte; Excit.Thal; Inhib.Thal; LHb.1.3.4; LHb.2.7; LHb.4; MHb.1.2; MHb.2; Oligo; OPC","Shared"
"chr13-112077863-112078563",4,4,"Excit.Thal; LHb.1.3.4; LHb.1; LHb.2.7","Shared"
"chr13-112114852-112115098",1,1,"LHb.4","Unique"
"chr13-112725330-112726580",5,5,"Astrocyte; Inhib.Thal; LHb.4; MHb.2; Oligo","Shared"
"chr13-112918174-112918656",2,2,"Excit.Thal; Inhib.Thal","Shared"
"chr13-113064769-113066386",12,4,"Astrocyte; Inhib.Thal; LHb.4; MHb.2","Shared"
"chr13-113179450-113179982",1,1,"LHb.1.3.4","Unique"
"chr13-113184600-113185298",3,3,"Astrocyte; Excit.Thal; Inhib.Thal","Shared"
"chr13-113431163-113431436",2,2,"Excit.Thal; LHb.4","Shared"
"chr13-113566014-113566558",2,2,"Excit.Thal; Inhib.Thal","Shared"
"chr13-114087265-114088123",6,3,"Astrocyte; Excit.Thal; Inhib.Thal","Shared"
"chr13-19725820-19726148",1,1,"Inhib.Thal","Unique"
"chr13-20160692-20161886",4,4,"Astrocyte; Inhib.Thal; MHb.1.2; MHb.2","Shared"
"chr13-20945968-20946674",3,3,"Inhib.Thal; LHb.4; Oligo","Shared"
"chr13-21318903-21319698",5,5,"Astrocyte; Inhib.Thal; LHb.2.7; LHb.4; MHb.2","Shared"
"chr13-21670830-21671197",12,4,"Astrocyte; Inhib.Thal; LHb.2.7; Oligo","Shared"
"chr13-21673699-21674604",3,3,"Inhib.Thal; MHb.2; Oligo","Shared"
"chr13-24053423-24053721",2,2,"Excit.Thal; Inhib.Thal","Shared"
"chr13-24506670-24507557",2,2,"Excit.Thal; Inhib.Thal","Shared"
"chr13-26475399-26476774",6,3,"Inhib.Thal; LHb.1; LHb.4","Shared"
"chr13-26930112-26930787",6,6,"Astrocyte; Inhib.Thal; LHb.4; MHb.2; Oligo; Thal","Shared"
"chr13-27022487-27023133",2,2,"LHb.4; Oligo","Shared"
"chr13-27337202-27337401",2,1,"Inhib.Thal","Unique"
"chr13-27424222-27425525",1,1,"Excit.Thal","Unique"
"chr13-27449867-27451382",8,4,"Excit.Thal; Inhib.Thal; LHb.2.7; MHb.2","Shared"
"chr13-28099481-28101108",5,5,"Astrocyte; Inhib.Thal; LHb.1; MHb.2; Oligo","Shared"
"chr13-29210612-29211452",2,2,"LHb.4; MHb.2","Shared"
"chr13-30132543-30133431",2,2,"MHb.2; OPC","Shared"
"chr13-30196055-30196352",2,2,"MHb.1; MHb.2","Shared"
"chr13-30365467-30365825",4,2,"Inhib.Thal; MHb.2","Shared"
"chr13-30752003-30752647",4,4,"Excit.Thal; Inhib.Thal; LHb.1; LHb.2.7","Shared"
"chr13-35251035-35251827",1,1,"Inhib.Thal","Unique"
"chr13-35320971-35322517",5,5,"Excit.Thal; Inhib.Thal; LHb.2.7; MHb.2; Oligo","Shared"
"chr13-35992977-35993227",1,1,"Excit.Thal","Unique"
"chr13-36872600-36872954",3,3,"Astrocyte; Oligo; OPC","Shared"
"chr13-37000232-37001176",3,3,"Excit.Thal; Inhib.Thal; LHb.2.7","Shared"
"chr13-39130352-39130669",1,1,"LHb.2.7","Unique"
"chr13-40562739-40563866",2,2,"Inhib.Thal; LHb.4","Shared"
"chr13-41059891-41062129",5,5,"Astrocyte; Excit.Thal; Inhib.Thal; LHb.4; Oligo","Shared"
"chr13-41193725-41194890",3,3,"Excit.Thal; Inhib.Thal; OPC","Shared"
"chr13-42271164-42272749",6,3,"Excit.Thal; Inhib.Thal; LHb.4","Shared"
"chr13-42715861-42716421",1,1,"Excit.Thal","Unique"
"chr13-43058256-43058728",2,1,"MHb.1","Unique"
"chr13-43424516-43425440",2,2,"Astrocyte; Inhib.Thal","Shared"
"chr13-43471492-43471828",2,2,"Excit.Thal; MHb.1","Shared"
"chr13-43482715-43483043",2,2,"LHb.4; Oligo","Shared"
"chr13-43776547-43777031",2,1,"MHb.2","Unique"
"chr13-44160518-44161129",3,3,"Inhib.Thal; MHb.1; MHb.2","Shared"
"chr13-44393235-44393638",1,1,"MHb.2","Unique"
"chr13-44483397-44483946",4,2,"Inhib.Thal; Oligo","Shared"
"chr13-44575693-44578285",7,7,"Astrocyte; Excit.Thal; Inhib.Thal; LHb.2.7; LHb.4; MHb.2; Microglia","Shared"
"chr13-44764128-44764718",2,2,"LHb.2.7; MHb.1","Shared"
"chr13-44917490-44918943",4,4,"Excit.Thal; Inhib.Thal; LHb.4; MHb.2","Shared"
"chr13-45852647-45852970",1,1,"LHb.4","Unique"
"chr13-45992469-45993054",2,2,"Excit.Thal; Inhib.Thal","Shared"
"chr13-46893906-46894391",3,3,"Excit.Thal; Inhib.Thal; LHb.1","Shared"
"chr13-47016471-47016846",1,1,"MHb.2","Unique"
"chr13-48037265-48038503",4,4,"Excit.Thal; Inhib.Thal; LHb.1; Oligo","Shared"
"chr13-48595448-48595941",2,2,"Excit.Thal; Oligo","Shared"
"chr13-51286331-51286675",2,2,"Astrocyte; MHb.2","Shared"
"chr13-51614180-51614785",4,4,"Astrocyte; Excit.Thal; Inhib.Thal; Oligo","Shared"
"chr13-52128274-52129510",10,5,"Inhib.Thal; LHb.1.3.4; MHb.1; MHb.2; Oligo","Shared"
"chr13-52449902-52450900",12,6,"Astrocyte; Excit.Thal; Inhib.Thal; MHb.1.2; Microglia; Oligo","Shared"
"chr13-52723030-52723274",1,1,"Inhib.Thal","Unique"
"chr13-52815135-52815776",1,1,"Inhib.Thal","Unique"
"chr13-52848285-52848753",5,5,"Excit.Thal; Inhib.Thal; LHb.1; LHb.2.7; LHb.4","Shared"
"chr13-52925838-52926171",1,1,"LHb.4","Unique"
"chr13-52967761-52968401",3,3,"Inhib.Thal; LHb.1; LHb.4","Shared"
"chr13-60236234-60236989",1,1,"Excit.Thal","Unique"
"chr13-73860371-73860570",1,1,"Inhib.Thal","Unique"
"chr13-76684366-76684873",1,1,"MHb.2","Unique"
"chr13-77026179-77027591",5,5,"Excit.Thal; Inhib.Thal; LHb.1.3.4; LHb.4; Oligo","Shared"
"chr13-77325996-77327415",6,6,"Excit.Thal; Inhib.Thal; LHb.4; MHb.1; Oligo; OPC","Shared"
"chr13-77328886-77330032",6,3,"Inhib.Thal; LHb.2.7; OPC","Shared"
"chr13-78239492-78240091",4,4,"Excit.Thal; LHb.1; LHb.2.7; MHb.2","Shared"
"chr13-78402480-78402879",3,3,"LHb.1; MHb.1.2; MHb.2","Shared"
"chr13-78595859-78596910",10,10,"Astrocyte; Excit.Thal; Inhib.Thal; LHb.1; LHb.2.7; LHb.4; MHb.1.2; MHb.1; MHb.2; Oligo","Shared"
"chr13-78608650-78609008",5,5,"LHb.1.3.4; LHb.1; LHb.2.7; LHb.4; MHb.2","Shared"
"chr13-78609381-78609824",5,5,"LHb.1; LHb.2.7; MHb.1; MHb.2; Oligo","Shared"
"chr13-79007624-79008273",2,2,"LHb.4; MHb.2","Shared"
"chr13-79225129-79225978",1,1,"MHb.2","Unique"
"chr13-94169588-94170494",1,1,"Astrocyte","Unique"
"chr13-95620858-95621455",2,2,"Astrocyte; LHb.4","Shared"
"chr13-97901359-97901998",1,1,"Excit.Thal","Unique"
"chr13-99800753-99801302",2,2,"MHb.1; MHb.2","Shared"
"chr13-99896000-99896318",6,3,"Astrocyte; MHb.2; Oligo","Shared"
"chr13-99940396-99940848",8,2,"Excit.Thal; MHb.1","Shared"
"chr13-99970358-99971486",12,4,"Inhib.Thal; MHb.1.2; MHb.1; MHb.2","Shared"
"chr13-99971660-99972041",8,2,"Inhib.Thal; MHb.1","Shared"
"chr13-99980207-99981021",20,10,"Astrocyte; Inhib.Thal; LHb.1.3.4; LHb.2.7; LHb.4; MHb.1.2; MHb.1; MHb.2; Microglia; Oligo","Shared"
"chr13-99990418-99991987",4,2,"LHb.2.7; MHb.2","Shared"
"chr13-99996962-99998099",2,2,"MHb.1.2; MHb.2","Shared"
"chr14-100165394-100165780",2,2,"Astrocyte; Inhib.Thal","Shared"
"chr14-100471885-100472728",2,1,"Inhib.Thal","Unique"
"chr14-100522557-100523759",3,3,"Excit.Thal; Inhib.Thal; MHb.2","Shared"
"chr14-100526698-100526952",2,2,"Excit.Thal; LHb.4","Shared"
"chr14-100569447-100569661",1,1,"LHb.1.3.4","Unique"
"chr14-100764431-100765680",2,2,"Inhib.Thal; MHb.1.2","Shared"
"chr14-100823974-100824574",3,3,"Astrocyte; LHb.4; Oligo","Shared"
"chr14-101665483-101665772",6,3,"Inhib.Thal; LHb.1; LHb.4","Shared"
"chr14-101716234-101717917",2,2,"Inhib.Thal; LHb.1.3.4","Shared"
"chr14-101928369-101928707",2,2,"Astrocyte; Inhib.Thal","Shared"
"chr14-102314217-102314711",3,3,"Excit.Thal; Microglia; Oligo","Shared"
"chr14-102437895-102438355",2,2,"LHb.4; MHb.1","Shared"
"chr14-102560194-102561008",1,1,"LHb.4","Unique"
"chr14-102994359-102994897",1,1,"Inhib.Thal","Unique"
"chr14-103102702-103102964",1,1,"MHb.2","Unique"
"chr14-103104799-103105243",2,2,"Excit.Thal; Inhib.Thal","Shared"
"chr14-103355538-103355915",2,2,"Inhib.Thal; MHb.2","Shared"
"chr14-103867536-103868179",2,2,"LHb.4; Oligo","Shared"
"chr14-103920947-103921856",2,2,"Excit.Thal; Inhib.Thal","Shared"
"chr14-105162375-105162716",20,5,"Astrocyte; Inhib.Thal; MHb.1; MHb.2; Oligo","Shared"
"chr14-105390871-105391356",4,2,"LHb.2.7; MHb.2","Shared"
"chr14-105414927-105415364",6,2,"Excit.Thal; Oligo","Shared"
"chr14-105439203-105440476",6,3,"Inhib.Thal; MHb.2; Oligo","Shared"
"chr14-105465539-105465771",2,2,"MHb.1; MHb.2","Shared"
"chr14-105577345-105577754",4,2,"Inhib.Thal; LHb.4","Shared"
"chr14-105621970-105623437",4,4,"Excit.Thal; Inhib.Thal; LHb.2.7; Oligo","Shared"
"chr14-20412709-20413673",16,8,"Excit.Thal; Inhib.Thal; LHb.1.3.4; LHb.1; MHb.1.2; MHb.1; MHb.2; Oligo","Shared"
"chr14-20597020-20597295",3,1,"MHb.2","Unique"
"chr14-20609260-20610329",2,2,"LHb.1; Oligo","Shared"
"chr14-20613092-20614299",5,5,"Astrocyte; Excit.Thal; LHb.4; MHb.1; Oligo","Shared"
"chr14-21057812-21058567",2,2,"Inhib.Thal; MHb.1","Shared"
"chr14-21103326-21104733",6,6,"Excit.Thal; Inhib.Thal; LHb.4; MHb.1; MHb.2; Oligo","Shared"
"chr14-21712533-21712924",1,1,"MHb.2","Unique"
"chr14-22597849-22599051",6,6,"Astrocyte; Excit.Thal; Inhib.Thal; MHb.2; Oligo; OPC","Shared"
"chr14-22766251-22767507",4,2,"Excit.Thal; LHb.1.3.4","Shared"
"chr14-22821922-22823115",10,5,"Astrocyte; Inhib.Thal; Microglia; Oligo; OPC","Shared"
"chr14-22871299-22872779",10,10,"Astrocyte; Excit.Thal; Inhib.Thal; LHb.1; LHb.4; MHb.1; MHb.2; Microglia; Oligo; OPC","Shared"
"chr14-22929031-22929856",4,2,"Excit.Thal; LHb.1.3.4","Shared"
"chr14-22930220-22930687",18,3,"Excit.Thal; Inhib.Thal; Oligo","Shared"
"chr14-23068852-23069203",2,2,"Astrocyte; Excit.Thal","Shared"
"chr14-23182433-23182961",12,4,"Astrocyte; Excit.Thal; Inhib.Thal; Oligo","Shared"
"chr14-23237668-23238377",15,5,"Excit.Thal; Inhib.Thal; LHb.1.3.4; LHb.1; LHb.2.7","Shared"
"chr14-23430121-23430978",2,2,"Astrocyte; Excit.Thal","Shared"
"chr14-23483268-23483649",3,3,"Inhib.Thal; MHb.2; Oligo","Shared"
"chr14-23539479-23539872",2,1,"OPC","Unique"
"chr14-23578558-23579417",3,3,"Inhib.Thal; MHb.1.2; MHb.1","Shared"
"chr14-23622146-23622360",1,1,"LHb.4","Unique"
"chr14-23657936-23658527",1,1,"MHb.2","Unique"
"chr14-23953095-23954413",3,3,"Excit.Thal; MHb.1.2; OPC","Shared"
"chr14-24160636-24161746",12,4,"Excit.Thal; LHb.1; MHb.1.2; Oligo","Shared"
"chr14-24215266-24216296",12,4,"Astrocyte; Excit.Thal; Oligo; OPC","Shared"
"chr14-24481586-24483945",48,4,"Astrocyte; Inhib.Thal; LHb.2.7; Oligo","Shared"
"chr14-24678861-24679197",3,3,"Excit.Thal; Microglia; Oligo","Shared"
"chr14-24710400-24711093",12,4,"Excit.Thal; Inhib.Thal; MHb.2; Thal","Shared"
"chr14-30706566-30707016",2,2,"Inhib.Thal; MHb.2","Shared"
"chr14-34461651-34463212",8,8,"Excit.Thal; LHb.1.3.4; LHb.1; LHb.4; MHb.1; MHb.2; Microglia; Oligo","Shared"
"chr14-35021226-35021632",3,1,"Inhib.Thal","Unique"
"chr14-35196101-35196357",1,1,"LHb.2.7","Unique"
"chr14-36657599-36658129",1,1,"MHb.1","Unique"
"chr14-38240582-38240816",1,1,"Inhib.Thal","Unique"
"chr14-38726827-38727493",1,1,"Inhib.Thal","Unique"
"chr14-38867486-38867854",1,1,"OPC","Unique"
"chr14-39169863-39170730",4,4,"Astrocyte; Excit.Thal; Inhib.Thal; MHb.1","Shared"
"chr14-39203311-39204270",8,4,"LHb.2.7; MHb.1.2; MHb.1; MHb.2","Shared"
"chr14-39359137-39360120",2,2,"Inhib.Thal; LHb.2.7","Shared"
"chr14-44896606-44898079",6,6,"Astrocyte; Inhib.Thal; LHb.1; LHb.2.7; MHb.1.2; Oligo","Shared"
"chr14-49853681-49854104",6,2,"LHb.2.7; LHb.4","Shared"
"chr14-49862698-49863340",10,5,"Astrocyte; Excit.Thal; MHb.1; MHb.2; Oligo","Shared"
"chr14-50037884-50038278",2,2,"Excit.Thal; Inhib.Thal","Shared"
"chr14-50350664-50351023",4,2,"Excit.Thal; Inhib.Thal","Shared"
"chr14-50782750-50783265",2,1,"Excit.Thal","Unique"
"chr14-50955357-50956016",1,1,"Inhib.Thal","Unique"
"chr14-52769073-52769635",1,1,"Inhib.Thal","Unique"
"chr14-52950308-52951917",8,8,"Astrocyte; Excit.Thal; Inhib.Thal; LHb.4; MHb.2; Microglia; Oligo; OPC","Shared"
"chr14-53012015-53012278",1,1,"Inhib.Thal","Unique"
"chr14-53054961-53055331",2,1,"Inhib.Thal","Unique"
"chr14-54329026-54329459",2,2,"Inhib.Thal; MHb.1","Shared"
"chr14-54596456-54596848",2,2,"Excit.Thal; LHb.4","Shared"
"chr14-54627953-54628513",3,3,"Astrocyte; Inhib.Thal; Oligo","Shared"
"chr14-54654082-54654380",1,1,"Inhib.Thal","Unique"
"chr14-54704999-54705377",1,1,"Inhib.Thal","Unique"
"chr14-55255018-55255380",2,1,"Excit.Thal","Unique"
"chr14-56810330-56810688",2,2,"Inhib.Thal; MHb.1","Shared"
"chr14-57344597-57345500",1,1,"LHb.2.7","Unique"
"chr14-57774042-57775377",1,1,"Inhib.Thal","Unique"
"chr14-58944118-58944648",1,1,"LHb.2.7","Unique"
"chr14-59127026-59127409",3,3,"Inhib.Thal; MHb.1; Oligo","Shared"
"chr14-59133998-59134700",4,4,"LHb.1; MHb.1.2; MHb.1; MHb.2","Shared"
"chr14-61112535-61113011",3,3,"Inhib.Thal; MHb.1.2; MHb.2","Shared"
"chr14-61940689-61941223",1,1,"Inhib.Thal","Unique"
"chr14-64337810-64339355",5,5,"Astrocyte; Excit.Thal; Inhib.Thal; MHb.1.2; Oligo","Shared"
"chr14-64604928-64605339",1,1,"Inhib.Thal","Unique"
"chr14-64635990-64636998",3,3,"Inhib.Thal; LHb.2.7; LHb.4","Shared"
"chr14-64986246-64987545",12,4,"Astrocyte; Excit.Thal; Inhib.Thal; MHb.2","Shared"
"chr14-67050701-67051161",1,1,"Inhib.Thal","Unique"
"chr14-67265268-67265546",1,1,"Excit.Thal","Unique"
"chr14-67353190-67353974",2,1,"Inhib.Thal","Unique"
"chr14-67513796-67515784",5,5,"Astrocyte; Excit.Thal; MHb.1.2; MHb.2; Oligo","Shared"
"chr14-67657330-67657632",2,1,"Inhib.Thal","Unique"
"chr14-67722001-67723024",12,4,"Astrocyte; MHb.1; MHb.2; Oligo","Shared"
"chr14-67738869-67739412",4,2,"LHb.1; LHb.2.7","Shared"
"chr14-67807252-67807882",4,2,"Astrocyte; LHb.4","Shared"
"chr14-68911657-68911924",2,1,"Astrocyte","Unique"
"chr14-68955307-68955803",3,3,"Inhib.Thal; LHb.2.7; MHb.1","Shared"
"chr14-69535237-69535590",12,3,"Astrocyte; Inhib.Thal; Oligo","Shared"
"chr14-69547693-69548382",3,3,"Astrocyte; Inhib.Thal; Oligo","Shared"
"chr14-69581220-69581888",2,2,"Inhib.Thal; MHb.2","Shared"
"chr14-69625350-69625926",5,5,"Astrocyte; Inhib.Thal; MHb.2; Microglia; Oligo","Shared"
"chr14-70152587-70153145",2,1,"Inhib.Thal","Unique"
"chr14-70473089-70473313",1,1,"LHb.4","Unique"
"chr14-70653436-70654268",2,2,"Astrocyte; LHb.2.7","Shared"
"chr14-70712186-70712597",1,1,"Inhib.Thal","Unique"
"chr14-72293817-72294098",1,1,"MHb.2","Unique"
"chr14-72741722-72742572",2,1,"Inhib.Thal","Unique"
"chr14-73237751-73238155",2,2,"Inhib.Thal; Oligo","Shared"
"chr14-73457440-73458961",3,3,"Astrocyte; Excit.Thal; Inhib.Thal","Shared"
"chr14-73462069-73462640",1,1,"Inhib.Thal","Unique"
"chr14-73536667-73538115",38,2,"Excit.Thal; Inhib.Thal","Shared"
"chr14-73539120-73539624",4,1,"LHb.4","Unique"
"chr14-73786654-73787515",4,4,"Astrocyte; Inhib.Thal; MHb.1; Oligo","Shared"
"chr14-74042175-74042821",1,1,"Excit.Thal","Unique"
"chr14-74257102-74257810",4,4,"Astrocyte; LHb.1; MHb.2; Microglia","Shared"
"chr14-74386296-74386899",1,1,"Inhib.Thal","Unique"
"chr14-74500409-74501502",6,6,"Excit.Thal; Inhib.Thal; LHb.1.3.4; MHb.1.2; MHb.2; Oligo","Shared"
"chr14-74930876-74931343",1,1,"Inhib.Thal","Unique"
"chr14-75100856-75101187",1,1,"MHb.2","Unique"
"chr14-75295103-75295382",4,2,"Astrocyte; Inhib.Thal","Shared"
"chr14-75303350-75303844",16,4,"Astrocyte; Inhib.Thal; MHb.2; Oligo","Shared"
"chr14-75468875-75470059",3,3,"Astrocyte; LHb.4; Oligo","Shared"
"chr14-75488708-75489062",18,3,"Excit.Thal; Inhib.Thal; Oligo","Shared"
"chr14-75917159-75918231",2,2,"Inhib.Thal; Oligo","Shared"
"chr14-76100580-76101060",4,4,"LHb.2.7; MHb.1; MHb.2; Oligo","Shared"
"chr14-76809034-76809461",2,2,"MHb.1.2; MHb.2","Shared"
"chr14-76875981-76876325",2,2,"Astrocyte; Inhib.Thal","Shared"
"chr14-77027561-77028964",15,5,"Astrocyte; Excit.Thal; Inhib.Thal; LHb.4; MHb.2","Shared"
"chr14-77033362-77034241",8,4,"Excit.Thal; LHb.1.3.4; MHb.2; Oligo","Shared"
"chr14-77040108-77040871",8,2,"Inhib.Thal; MHb.2","Shared"
"chr14-77058778-77059919",6,6,"Astrocyte; Excit.Thal; LHb.1; MHb.1; MHb.2; Oligo","Shared"
"chr14-77086397-77086893",2,2,"Inhib.Thal; LHb.4","Shared"
"chr14-77468681-77469356",6,3,"Inhib.Thal; LHb.4; Oligo","Shared"
"chr14-77846693-77847596",1,1,"Inhib.Thal","Unique"
"chr14-77965793-77966521",5,5,"Astrocyte; LHb.4; MHb.1.2; MHb.1; MHb.2","Shared"
"chr14-78173365-78173566",1,1,"Inhib.Thal","Unique"
"chr14-78282124-78282774",1,1,"Inhib.Thal","Unique"
"chr14-78403011-78403994",1,1,"Inhib.Thal","Unique"
"chr14-81246357-81248230",3,3,"Inhib.Thal; LHb.1; MHb.2","Shared"
"chr14-87690272-87691041",1,1,"LHb.1","Unique"
"chr14-88562624-88563634",10,5,"Excit.Thal; Inhib.Thal; MHb.1; MHb.2; Oligo","Shared"
"chr14-89147177-89147489",1,1,"Inhib.Thal","Unique"
"chr14-89954273-89955033",12,3,"Excit.Thal; Inhib.Thal; Oligo","Shared"
"chr14-90060225-90061457",9,9,"Astrocyte; Excit.Thal; Inhib.Thal; LHb.1; LHb.2.7; LHb.4; MHb.1; MHb.2; OPC","Shared"
"chr14-90534582-90535471",2,2,"Excit.Thal; LHb.2.7","Shared"
"chr14-90697145-90697945",8,4,"Excit.Thal; Inhib.Thal; LHb.2.7; Oligo","Shared"
"chr14-91059685-91061220",5,5,"Astrocyte; Excit.Thal; Inhib.Thal; LHb.4; Oligo","Shared"
"chr14-91961862-91962432",10,2,"Inhib.Thal; LHb.4","Shared"
"chr14-92108296-92108709",3,3,"LHb.1; MHb.1; MHb.2","Shared"
"chr14-92254813-92255055",1,1,"Astrocyte","Unique"
"chr14-93139125-93139489",6,2,"Excit.Thal; Oligo","Shared"
"chr14-93565959-93566535",1,1,"Inhib.Thal","Unique"
"chr14-93748477-93748816",3,3,"LHb.2.7; MHb.1; MHb.2","Shared"
"chr14-94136540-94137048",3,3,"Excit.Thal; LHb.1; LHb.2.7","Shared"
"chr14-94228181-94228538",3,3,"LHb.2.7; MHb.1.2; MHb.2","Shared"
"chr14-95095761-95096342",2,2,"Inhib.Thal; Oligo","Shared"
"chr14-95118189-95118514",1,1,"Inhib.Thal","Unique"
"chr14-95256122-95256593",1,1,"MHb.2","Unique"
"chr14-95597439-95598236",3,3,"Astrocyte; Inhib.Thal; MHb.2","Shared"
"chr14-96126304-96127297",2,2,"LHb.2.7; LHb.4","Shared"
"chr14-96673580-96674111",10,5,"LHb.2.7; LHb.4; MHb.1.2; MHb.1; MHb.2","Shared"
"chr14-99363792-99364445",4,2,"LHb.4; MHb.1.2","Shared"
"chr14-99563118-99563454",2,2,"Inhib.Thal; Oligo","Shared"
"chr14-99644496-99645597",14,7,"LHb.1; LHb.2.7; LHb.4; MHb.1.2; MHb.1; MHb.2; Oligo","Shared"
"chr14-99682719-99683123",6,3,"LHb.1; LHb.4; Oligo","Shared"
"chr14-99792586-99793919",8,4,"Astrocyte; Inhib.Thal; MHb.1.2; Oligo","Shared"
"chr14-99812947-99813178",1,1,"Inhib.Thal","Unique"
"chr14-99899300-99899557",2,2,"MHb.1.2; MHb.1","Shared"
"chr15-100221646-100222651",1,1,"Excit.Thal","Unique"
"chr15-101014957-101015555",2,2,"Inhib.Thal; Oligo","Shared"
"chr15-101501670-101502282",2,2,"Excit.Thal; Oligo","Shared"
"chr15-101576809-101577191",1,1,"Inhib.Thal","Unique"
"chr15-22599336-22600141",1,1,"Excit.Thal","Unique"
"chr15-24426670-24427282",2,1,"Oligo","Unique"
"chr15-24476952-24477397",1,1,"Inhib.Thal","Unique"
"chr15-24486057-24486752",8,2,"Inhib.Thal; Oligo","Shared"
"chr15-27339064-27339612",1,1,"LHb.4","Unique"
"chr15-27441994-27442546",1,1,"LHb.4","Unique"
"chr15-29071316-29072067",2,2,"Inhib.Thal; Oligo","Shared"
"chr15-29382848-29383661",1,1,"Excit.Thal","Unique"
"chr15-29432263-29433136",4,4,"Excit.Thal; Inhib.Thal; MHb.2; Oligo","Shared"
"chr15-29550957-29551358",1,1,"MHb.2","Unique"
"chr15-29968025-29969256",4,4,"MHb.1.2; MHb.1; Oligo; OPC","Shared"
"chr15-30063848-30064375",1,1,"Excit.Thal","Unique"
"chr15-30953822-30954264",1,1,"Inhib.Thal","Unique"
"chr15-31278571-31279120",1,1,"Oligo","Unique"
"chr15-31974853-31975176",6,3,"Inhib.Thal; LHb.4; Oligo","Shared"
"chr15-33661996-33662547",6,2,"Inhib.Thal; LHb.4","Shared"
"chr15-34336927-34338268",3,3,"Excit.Thal; Oligo; OPC","Shared"
"chr15-34428770-34429103",1,1,"MHb.1","Unique"
"chr15-34436227-34437378",4,4,"Astrocyte; Excit.Thal; MHb.2; Oligo","Shared"
"chr15-34514180-34515217",5,5,"Astrocyte; Inhib.Thal; LHb.4; Oligo; OPC","Shared"
"chr15-34520482-34521205",1,1,"Inhib.Thal","Unique"
"chr15-34574535-34575284",1,1,"MHb.1","Unique"
"chr15-34987637-34988878",2,2,"LHb.1.3.4; LHb.1","Shared"
"chr15-36883661-36883968",2,2,"Inhib.Thal; Oligo","Shared"
"chr15-37100260-37100800",2,2,"Inhib.Thal; Oligo","Shared"
"chr15-39782292-39783145",2,2,"Excit.Thal; Oligo","Shared"
"chr15-39992888-39993286",4,2,"Inhib.Thal; Oligo","Shared"
"chr15-40081694-40082567",4,4,"Astrocyte; Inhib.Thal; MHb.2; Oligo","Shared"
"chr15-40382350-40383457",18,6,"Astrocyte; Excit.Thal; MHb.1.2; MHb.1; MHb.2; Oligo","Shared"
"chr15-40569061-40569915",8,4,"Astrocyte; Excit.Thal; MHb.1; Oligo","Shared"
"chr15-40906104-40906687",3,3,"Astrocyte; Excit.Thal; Inhib.Thal","Shared"
"chr15-41115272-41116932",2,2,"Inhib.Thal; LHb.2.7","Shared"
"chr15-41230498-41231738",8,4,"Excit.Thal; Inhib.Thal; MHb.1.2; Oligo","Shared"
"chr15-41249494-41250020",1,1,"LHb.1","Unique"
"chr15-41659864-41660948",1,1,"Astrocyte","Unique"
"chr15-41661353-41662260",6,3,"LHb.1; MHb.1; OPC","Shared"
"chr15-42704404-42705148",4,2,"Astrocyte; Oligo","Shared"
"chr15-42755281-42755642",1,1,"Inhib.Thal","Unique"
"chr15-42998772-42999736",2,1,"LHb.1.3.4","Unique"
"chr15-43370235-43371703",4,4,"Astrocyte; Inhib.Thal; Oligo; OPC","Shared"
"chr15-43467825-43468563",4,1,"Inhib.Thal","Unique"
"chr15-43518221-43518742",4,2,"Excit.Thal; Inhib.Thal","Shared"
"chr15-43637971-43638543",1,1,"Inhib.Thal","Unique"
"chr15-44219027-44219937",1,1,"Oligo","Unique"
"chr15-44287760-44288362",1,1,"Inhib.Thal","Unique"
"chr15-44812080-44812663",2,1,"MHb.2","Unique"
"chr15-45200063-45201279",6,2,"Excit.Thal; Oligo","Shared"
"chr15-45714473-45715035",1,1,"LHb.1","Unique"
"chr15-47716989-47717508",3,3,"Astrocyte; Inhib.Thal; MHb.1","Shared"
"chr15-48285568-48286135",4,4,"Astrocyte; Inhib.Thal; MHb.1; Oligo","Shared"
"chr15-51163351-51163773",2,2,"LHb.2.7; MHb.2","Shared"
"chr15-51351221-51351781",9,3,"Inhib.Thal; MHb.1; MHb.2","Shared"
"chr15-51971073-51972312",2,2,"LHb.1.3.4; Microglia","Shared"
"chr15-52139619-52140104",6,2,"LHb.2.7; Oligo","Shared"
"chr15-52162973-52164022",1,1,"Inhib.Thal","Unique"
"chr15-52191236-52191977",1,1,"MHb.1","Unique"
"chr15-52234591-52234990",2,2,"Astrocyte; Excit.Thal","Shared"
"chr15-52353688-52353963",2,2,"Inhib.Thal; LHb.1.3.4","Shared"
"chr15-55168381-55168852",1,1,"Oligo","Unique"
"chr15-55819485-55820005",1,1,"Oligo","Unique"
"chr15-56006592-56007484",1,1,"Excit.Thal","Unique"
"chr15-56732697-56733911",3,3,"Astrocyte; Inhib.Thal; LHb.1","Shared"
"chr15-58690580-58691188",2,2,"Inhib.Thal; LHb.1","Shared"
"chr15-58748648-58750327",3,3,"Excit.Thal; Inhib.Thal; LHb.1","Shared"
"chr15-58878218-58878761",1,1,"Inhib.Thal","Unique"
"chr15-58987231-58988468",3,3,"Excit.Thal; Inhib.Thal; LHb.1.3.4","Shared"
"chr15-59199848-59200526",1,1,"Inhib.Thal","Unique"
"chr15-59492706-59493436",3,3,"Astrocyte; Inhib.Thal; MHb.2","Shared"
"chr15-59528869-59529251",4,4,"Astrocyte; MHb.1; MHb.2; Oligo","Shared"
"chr15-62059737-62061120",5,5,"Excit.Thal; Inhib.Thal; LHb.4; MHb.1; Microglia","Shared"
"chr15-62686576-62686944",2,2,"Inhib.Thal; MHb.2","Shared"
"chr15-63267805-63268069",1,1,"Inhib.Thal","Unique"
"chr15-63610171-63610956",8,4,"Astrocyte; Inhib.Thal; MHb.2; Oligo","Shared"
"chr15-63833009-63834737",2,1,"Oligo","Unique"
"chr15-63978566-63979455",3,3,"Excit.Thal; Inhib.Thal; LHb.1.3.4","Shared"
"chr15-64460057-64462010",6,3,"Inhib.Thal; LHb.4; MHb.2","Shared"
"chr15-64835665-64836071",30,6,"Astrocyte; Inhib.Thal; MHb.1; MHb.2; Microglia; Oligo","Shared"
"chr15-65184345-65185925",4,4,"Astrocyte; Inhib.Thal; Microglia; OPC","Shared"
"chr15-65245113-65245799",2,2,"Excit.Thal; Inhib.Thal","Shared"
"chr15-65516893-65518074",8,4,"Astrocyte; Excit.Thal; LHb.4; MHb.1","Shared"
"chr15-65684867-65685153",3,1,"LHb.4","Unique"
"chr15-66841950-66843145",5,5,"Excit.Thal; Inhib.Thal; LHb.2.7; LHb.4; Oligo","Shared"
"chr15-67548831-67549216",3,3,"Excit.Thal; LHb.1; Oligo","Shared"
"chr15-67841056-67841549",3,1,"LHb.1.3.4","Unique"
"chr15-67863088-67864048",2,2,"Oligo; OPC","Shared"
"chr15-68126929-68127297",1,1,"Inhib.Thal","Unique"
"chr15-68166781-68167048",1,1,"LHb.4","Unique"
"chr15-68306231-68306962",2,1,"Astrocyte","Unique"
"chr15-68430872-68432396",3,3,"Astrocyte; Inhib.Thal; Oligo","Shared"
"chr15-68479407-68479927",2,2,"Excit.Thal; LHb.4","Shared"
"chr15-68550542-68551153",3,3,"Excit.Thal; Inhib.Thal; LHb.4","Shared"
"chr15-68673687-68674481",2,2,"MHb.2; Oligo","Shared"
"chr15-68693069-68693529",1,1,"MHb.2","Unique"
"chr15-68820243-68821568",4,4,"Inhib.Thal; MHb.1.2; MHb.1; Oligo","Shared"
"chr15-68875159-68876191",2,1,"MHb.2","Unique"
"chr15-69099978-69100189",1,1,"MHb.2","Unique"
"chr15-69159936-69162034",6,6,"Astrocyte; Excit.Thal; Inhib.Thal; LHb.2.7; MHb.1.2; MHb.1","Shared"
"chr15-69475774-69476156",3,3,"Astrocyte; Inhib.Thal; Oligo","Shared"
"chr15-69523466-69523877",1,1,"Oligo","Unique"
"chr15-69885615-69886023",1,1,"Inhib.Thal","Unique"
"chr15-70504920-70505124",1,1,"Oligo","Unique"
"chr15-71125276-71125737",4,2,"Excit.Thal; Inhib.Thal","Shared"
"chr15-71289799-71290309",2,2,"Excit.Thal; Inhib.Thal","Shared"
"chr15-72203409-72203819",2,2,"Inhib.Thal; Oligo","Shared"
"chr15-73774523-73775497",2,2,"Astrocyte; LHb.4","Shared"
"chr15-74050072-74050438",4,1,"LHb.2.7","Unique"
"chr15-74106994-74108767",2,2,"Excit.Thal; Inhib.Thal","Shared"
"chr15-74156630-74157447",1,1,"Inhib.Thal","Unique"
"chr15-74206602-74207083",1,1,"Inhib.Thal","Unique"
"chr15-74433229-74434587",8,4,"Astrocyte; Inhib.Thal; MHb.2; OPC","Shared"
"chr15-74768816-74769086",6,2,"Inhib.Thal; LHb.2.7","Shared"
"chr15-75201515-75202945",12,3,"Excit.Thal; MHb.2; Oligo","Shared"
"chr15-75694216-75694928",9,3,"Excit.Thal; Inhib.Thal; Oligo","Shared"
"chr15-75758143-75758987",10,5,"Astrocyte; Excit.Thal; LHb.4; MHb.2; Oligo","Shared"
"chr15-75775763-75776239",4,2,"LHb.4; MHb.1.2","Shared"
"chr15-75801731-75802574",4,4,"Astrocyte; Inhib.Thal; MHb.2; Oligo","Shared"
"chr15-76107922-76108605",4,4,"Astrocyte; Excit.Thal; Inhib.Thal; LHb.1.3.4","Shared"
"chr15-76341566-76341836",1,1,"Excit.Thal","Unique"
"chr15-76346994-76347521",3,3,"Inhib.Thal; LHb.4; Oligo","Shared"
"chr15-76512330-76512672",1,1,"Inhib.Thal","Unique"
"chr15-76904427-76906017",2,2,"Excit.Thal; MHb.1","Shared"
"chr15-77106959-77108058",3,3,"Astrocyte; LHb.4; Oligo","Shared"
"chr15-77496818-77497723",6,3,"Inhib.Thal; MHb.1; MHb.2","Shared"
"chr15-77577053-77577753",3,3,"Inhib.Thal; LHb.4; Oligo","Shared"
"chr15-77959098-77959764",4,4,"Inhib.Thal; LHb.4; MHb.1; Oligo","Shared"
"chr15-77966743-77967030",2,2,"Inhib.Thal; Oligo","Shared"
"chr15-78148851-78150273",6,3,"Excit.Thal; Inhib.Thal; MHb.2","Shared"
"chr15-78192771-78194816",3,1,"Inhib.Thal","Unique"
"chr15-78240949-78241317",3,3,"Excit.Thal; Inhib.Thal; Oligo","Shared"
"chr15-78308407-78309002",5,5,"Astrocyte; LHb.2.7; MHb.1; MHb.2; Oligo","Shared"
"chr15-78340977-78341806",2,2,"Astrocyte; LHb.1","Shared"
"chr15-78348047-78348401",1,1,"LHb.2.7","Unique"
"chr15-78395054-78395657",2,2,"LHb.2.7; MHb.2","Shared"
"chr15-78450416-78450685",1,1,"Excit.Thal","Unique"
"chr15-78482391-78482642",1,1,"Inhib.Thal","Unique"
"chr15-78692070-78692476",4,4,"Astrocyte; LHb.1; LHb.2.7; MHb.2","Shared"
"chr15-78859888-78861024",5,5,"Astrocyte; Inhib.Thal; MHb.1; MHb.2; Oligo","Shared"
"chr15-79190200-79190410",2,1,"MHb.2","Unique"
"chr15-79418482-79419476",3,3,"Excit.Thal; MHb.2; Oligo","Shared"
"chr15-79433472-79433840",2,2,"Excit.Thal; Inhib.Thal","Shared"
"chr15-79673844-79674266",2,1,"Inhib.Thal","Unique"
"chr15-80058837-80060351",2,2,"Excit.Thal; Oligo","Shared"
"chr15-80072105-80072689",2,2,"Inhib.Thal; Oligo","Shared"
"chr15-80976350-80977078",2,2,"Inhib.Thal; LHb.4","Shared"
"chr15-81274846-81275356",2,2,"LHb.2.7; LHb.4","Shared"
"chr15-81410301-81410734",1,1,"Oligo","Unique"
"chr15-81605552-81606093",2,2,"Excit.Thal; Inhib.Thal","Shared"
"chr15-82044140-82046582",5,5,"Astrocyte; Excit.Thal; Inhib.Thal; Microglia; Oligo","Shared"
"chr15-82046700-82047642",4,4,"Excit.Thal; Inhib.Thal; MHb.1; Oligo","Shared"
"chr15-82314887-82316665",5,5,"Astrocyte; Inhib.Thal; LHb.4; MHb.1; MHb.2","Shared"
"chr15-83248092-83248651",4,2,"Inhib.Thal; LHb.4","Shared"
"chr15-83283208-83283868",2,2,"Excit.Thal; Inhib.Thal","Shared"
"chr15-84857073-84858525",2,1,"Inhib.Thal","Unique"
"chr15-84905401-84905825",1,1,"Inhib.Thal","Unique"
"chr15-85858493-85859064",8,2,"Inhib.Thal; Oligo","Shared"
"chr15-85865113-85865385",1,1,"Inhib.Thal","Unique"
"chr15-88214783-88215614",3,3,"LHb.1; LHb.2.7; MHb.2","Shared"
"chr15-88401749-88402167",2,2,"LHb.4; MHb.2","Shared"
"chr15-88546094-88547203",4,4,"Inhib.Thal; MHb.1.2; Microglia; Oligo","Shared"
"chr15-89206840-89207268",8,2,"MHb.2; OPC","Shared"
"chr15-89430453-89431028",7,7,"Inhib.Thal; LHb.1.3.4; LHb.2.7; LHb.4; MHb.1.2; MHb.1; Oligo","Shared"
"chr15-89442426-89443009",3,3,"Inhib.Thal; Oligo; OPC","Shared"
"chr15-89912099-89913432",4,4,"Astrocyte; MHb.1.2; MHb.2; Oligo","Shared"
"chr15-90016675-90017071",1,1,"Inhib.Thal","Unique"
"chr15-90203943-90204158",1,1,"LHb.2.7","Unique"
"chr15-90387638-90388835",12,6,"Astrocyte; Excit.Thal; LHb.1; MHb.1.2; Oligo; OPC","Shared"
"chr15-91055825-91056551",4,4,"Astrocyte; LHb.1; LHb.2.7; Oligo","Shared"
"chr15-91099205-91100621",4,4,"Astrocyte; Inhib.Thal; LHb.1; Oligo","Shared"
"chr15-91271558-91271963",3,3,"Astrocyte; MHb.2; Oligo","Shared"
"chr15-91980478-91981315",1,1,"Inhib.Thal","Unique"
"chr15-92000701-92001021",1,1,"Inhib.Thal","Unique"
"chr15-92042439-92042786",1,1,"Excit.Thal","Unique"
"chr15-92448226-92448665",1,1,"MHb.1","Unique"
"chr15-92617318-92617882",1,1,"MHb.2","Unique"
"chr15-92643981-92644798",2,2,"LHb.4; Oligo","Shared"
"chr15-92820161-92820854",15,5,"Excit.Thal; Inhib.Thal; MHb.1.2; MHb.2; Oligo","Shared"
"chr15-92882045-92883578",8,8,"Astrocyte; Excit.Thal; Inhib.Thal; LHb.1.3.4; LHb.4; MHb.1.2; MHb.2; Oligo","Shared"
"chr15-93030641-93031021",1,1,"Oligo","Unique"
"chr15-93146139-93146705",2,2,"Astrocyte; Inhib.Thal","Shared"
"chr15-95943994-95944420",1,1,"MHb.2","Unique"
"chr15-96321462-96322404",3,3,"Astrocyte; Inhib.Thal; MHb.2","Shared"
"chr15-96322613-96323486",4,4,"Excit.Thal; Inhib.Thal; LHb.1; LHb.4","Shared"
"chr15-96330154-96331593",4,4,"Astrocyte; Inhib.Thal; LHb.1; MHb.1.2","Shared"
"chr15-96340690-96341363",4,4,"Inhib.Thal; LHb.2.7; Oligo; OPC","Shared"
"chr15-96345569-96346241",4,4,"Astrocyte; Excit.Thal; LHb.1; LHb.2.7","Shared"
"chr15-96351780-96352300",2,2,"Excit.Thal; LHb.1","Shared"
"chr15-96353696-96354725",5,5,"Astrocyte; Excit.Thal; Inhib.Thal; LHb.2.7; LHb.4","Shared"
"chr15-99014813-99015950",1,1,"Inhib.Thal","Unique"
"chr15-99414656-99415732",4,4,"Astrocyte; Excit.Thal; Inhib.Thal; Oligo","Shared"
"chr16-1026407-1026685",2,2,"MHb.1; MHb.2","Shared"
"chr16-1054731-1055378",3,3,"Inhib.Thal; Oligo; OPC","Shared"
"chr16-10668281-10668667",1,1,"Inhib.Thal","Unique"
"chr16-10838879-10839365",1,1,"Inhib.Thal","Unique"
"chr16-10906445-10907925",5,5,"Excit.Thal; Inhib.Thal; LHb.4; MHb.1; Oligo","Shared"
"chr16-10923698-10924173",3,3,"Excit.Thal; LHb.4; Oligo","Shared"
"chr16-11053988-11054222",1,1,"Excit.Thal","Unique"
"chr16-1125223-1126012",5,5,"Astrocyte; Inhib.Thal; LHb.1; MHb.1.2; MHb.2","Shared"
"chr16-11297547-11298343",4,2,"Inhib.Thal; Oligo","Shared"
"chr16-11396221-11396741",5,5,"Astrocyte; Inhib.Thal; LHb.4; MHb.2; Oligo","Shared"
"chr16-1144685-1145686",1,1,"MHb.2","Unique"
"chr16-11494399-11494793",1,1,"Inhib.Thal","Unique"
"chr16-12089627-12090392",6,2,"LHb.4; MHb.2","Shared"
"chr16-12120478-12121554",2,2,"Inhib.Thal; LHb.1.3.4","Shared"
"chr16-12951563-12952320",6,3,"Excit.Thal; Inhib.Thal; LHb.4","Shared"
"chr16-1300660-1301330",2,2,"Inhib.Thal; MHb.2","Shared"
"chr16-13113163-13113410",3,3,"Inhib.Thal; LHb.1; LHb.4","Shared"
"chr16-1333416-1333752",18,6,"Astrocyte; Excit.Thal; Inhib.Thal; LHb.4; MHb.1.2; MHb.2","Shared"
"chr16-13702365-13702958",4,2,"LHb.1; LHb.4","Shared"
"chr16-138512-139088",2,2,"Excit.Thal; Inhib.Thal","Shared"
"chr16-1407992-1408771",8,4,"Inhib.Thal; LHb.1; MHb.1; Oligo","Shared"
"chr16-1420085-1421424",12,4,"Excit.Thal; LHb.2.7; MHb.1; MHb.2","Shared"
"chr16-148660-149465",4,2,"Excit.Thal; LHb.2.7","Shared"
"chr16-14918539-14918794",1,1,"Inhib.Thal","Unique"
"chr16-14927848-14928297",3,3,"Astrocyte; Inhib.Thal; LHb.4","Shared"
"chr16-14974446-14975431",4,4,"Astrocyte; Inhib.Thal; MHb.1.2; Oligo","Shared"
"chr16-14975623-14976032",1,1,"Oligo","Unique"
"chr16-14988667-14989189",8,4,"Astrocyte; Excit.Thal; Inhib.Thal; Oligo","Shared"
"chr16-154135-154800",4,4,"Astrocyte; Inhib.Thal; LHb.2.7; Oligo","Shared"
"chr16-15482034-15482617",1,1,"LHb.4","Unique"
"chr16-15507099-15507626",1,1,"LHb.1","Unique"
"chr16-15557519-15557753",1,1,"Inhib.Thal","Unique"
"chr16-1560881-1561892",2,1,"MHb.2","Unique"
"chr16-15858032-15858607",1,1,"LHb.4","Unique"
"chr16-1611859-1612791",18,6,"Astrocyte; Excit.Thal; Inhib.Thal; LHb.1.3.4; MHb.1; Oligo","Shared"
"chr16-1732865-1734416",26,2,"Inhib.Thal; MHb.1","Shared"
"chr16-1825874-1827642",49,7,"Astrocyte; Inhib.Thal; LHb.1.3.4; MHb.1; MHb.2; Microglia; Oligo","Shared"
"chr16-18968986-18969581",4,4,"Astrocyte; Inhib.Thal; LHb.4; MHb.2","Shared"
"chr16-19099197-19099670",2,1,"Inhib.Thal","Unique"
"chr16-1958920-1960025",16,4,"MHb.1; MHb.2; Microglia; Oligo","Shared"
"chr16-19766100-19766790",3,3,"LHb.2.7; Oligo; OPC","Shared"
"chr16-19907275-19907772",3,3,"Inhib.Thal; LHb.4; Oligo","Shared"
"chr16-20030513-20030959",2,2,"LHb.1.3.4; MHb.2","Shared"
"chr16-2009294-2010559",4,4,"Astrocyte; Excit.Thal; Inhib.Thal; Oligo","Shared"
"chr16-20849900-20850222",1,1,"Inhib.Thal","Unique"
"chr16-2102401-2102949",2,2,"Astrocyte; Inhib.Thal","Shared"
"chr16-21083650-21084093",2,2,"Inhib.Thal; LHb.4","Shared"
"chr16-21101578-21102418",18,3,"Excit.Thal; Inhib.Thal; LHb.2.7","Shared"
"chr16-21283494-21284117",8,4,"Excit.Thal; Inhib.Thal; LHb.2.7; Oligo","Shared"
"chr16-21501580-21502683",3,3,"Excit.Thal; Inhib.Thal; MHb.1.2","Shared"
"chr16-2155178-2155956",4,2,"Excit.Thal; Inhib.Thal","Shared"
"chr16-21598710-21600293",8,4,"Inhib.Thal; MHb.1; MHb.2; Microglia","Shared"
"chr16-21820084-21820911",21,7,"Astrocyte; Excit.Thal; Inhib.Thal; LHb.4; MHb.1; MHb.2; Oligo","Shared"
"chr16-2195365-2197453",20,5,"Astrocyte; Excit.Thal; LHb.1; MHb.1; MHb.2","Shared"
"chr16-2214207-2215429",6,6,"Astrocyte; Inhib.Thal; MHb.1.2; MHb.1; Microglia; Oligo","Shared"
"chr16-22171902-22172438",2,2,"Inhib.Thal; LHb.4","Shared"
"chr16-22195629-22196212",2,2,"Inhib.Thal; Oligo","Shared"
"chr16-228649-229628",2,1,"LHb.1","Unique"
"chr16-24255403-24256800",4,4,"Astrocyte; LHb.2.7; MHb.1; Oligo","Shared"
"chr16-2428528-2429926",5,5,"Astrocyte; Excit.Thal; Inhib.Thal; LHb.1; MHb.1","Shared"
"chr16-24685936-24686421",2,2,"Inhib.Thal; MHb.2","Shared"
"chr16-24988668-24989294",2,2,"Astrocyte; Inhib.Thal","Shared"
"chr16-25236170-25236410",2,1,"Inhib.Thal","Unique"
"chr16-27109666-27110753",3,3,"LHb.1.3.4; LHb.4; Oligo","Shared"
"chr16-2715391-2716003",6,3,"Inhib.Thal; LHb.4; Oligo","Shared"
"chr16-27313517-27314283",4,2,"Inhib.Thal; Oligo","Shared"
"chr16-27367824-27368422",3,3,"Astrocyte; Inhib.Thal; Oligo","Shared"
"chr16-27374891-27375123",1,1,"MHb.2","Unique"
"chr16-27920221-27920990",2,2,"Astrocyte; MHb.1","Shared"
"chr16-2867766-2868724",2,2,"MHb.1.2; Oligo","Shared"
"chr16-2874504-2875173",3,1,"MHb.2","Unique"
"chr16-29201798-29202042",1,1,"Inhib.Thal","Unique"
"chr16-29290475-29290711",1,1,"LHb.4","Unique"
"chr16-2963665-2964178",1,1,"LHb.1","Unique"
"chr16-29678804-29679707",12,6,"Excit.Thal; Inhib.Thal; LHb.1; MHb.1.2; MHb.2; Oligo","Shared"
"chr16-2980197-2980949",3,3,"Excit.Thal; LHb.2.7; MHb.2","Shared"
"chr16-29815852-29816883",6,3,"Excit.Thal; Inhib.Thal; Thal","Shared"
"chr16-30075271-30076507",6,6,"Astrocyte; Excit.Thal; MHb.1.2; MHb.1; MHb.2; Oligo","Shared"
"chr16-30112753-30113673",2,2,"LHb.4; MHb.2","Shared"
"chr16-3012690-3013106",3,3,"LHb.1.3.4; LHb.2.7; MHb.2","Shared"
"chr16-30406930-30408291",2,2,"Astrocyte; LHb.1","Shared"
"chr16-30570847-30572436",20,5,"Astrocyte; Excit.Thal; Inhib.Thal; MHb.1; MHb.2","Shared"
"chr16-30604306-30605111",4,4,"Inhib.Thal; LHb.4; MHb.2; Oligo","Shared"
"chr16-30657646-30659620",5,5,"Astrocyte; Excit.Thal; Inhib.Thal; Microglia; Oligo","Shared"
"chr16-30820640-30821335",1,1,"LHb.4","Unique"
"chr16-30874475-30876292",25,5,"Astrocyte; MHb.1.2; MHb.1; MHb.2; Oligo","Shared"
"chr16-30896208-30897300",6,6,"Astrocyte; Excit.Thal; Inhib.Thal; LHb.1; LHb.4; MHb.2","Shared"
"chr16-31082031-31082689",1,1,"LHb.2.7","Unique"
"chr16-31201327-31202989",5,5,"Astrocyte; Excit.Thal; Inhib.Thal; LHb.2.7; Oligo","Shared"
"chr16-31214621-31216313",14,7,"Astrocyte; Excit.Thal; Inhib.Thal; LHb.1; LHb.2.7; LHb.4; MHb.2","Shared"
"chr16-3134335-3135434",3,3,"Excit.Thal; MHb.1; MHb.2","Shared"
"chr16-3152345-3153026",12,3,"Astrocyte; MHb.2; Oligo","Shared"
"chr16-31537306-31537776",4,2,"LHb.1.3.4; MHb.1","Shared"
"chr16-3182517-3183733",3,3,"Excit.Thal; LHb.1; LHb.4","Shared"
"chr16-31873511-31874431",6,6,"Astrocyte; Excit.Thal; Inhib.Thal; LHb.4; MHb.2; Oligo","Shared"
"chr16-3191051-3191672",1,1,"Excit.Thal","Unique"
"chr16-3215513-3216521",8,2,"Excit.Thal; LHb.2.7","Shared"
"chr16-3304851-3306128",5,5,"Excit.Thal; Inhib.Thal; MHb.1; Microglia; Oligo","Shared"
"chr16-3400559-3401700",9,3,"Inhib.Thal; MHb.1.2; MHb.1","Shared"
"chr16-3442961-3444334",3,3,"Astrocyte; MHb.2; Oligo","Shared"
"chr16-3457387-3458729",5,5,"Excit.Thal; Inhib.Thal; MHb.1.2; MHb.1; MHb.2","Shared"
"chr16-3695804-3696402",3,1,"LHb.1","Unique"
"chr16-3938424-3939407",10,5,"Excit.Thal; Inhib.Thal; LHb.4; MHb.2; Oligo","Shared"
"chr16-424722-426751",6,6,"Astrocyte; Inhib.Thal; LHb.1.3.4; MHb.1.2; MHb.1; MHb.2","Shared"
"chr16-4253229-4254285",4,4,"Excit.Thal; Inhib.Thal; MHb.1; Oligo","Shared"
"chr16-46387664-46387972",6,6,"Excit.Thal; Inhib.Thal; MHb.1.2; MHb.1; MHb.2; Oligo","Shared"
"chr16-46388574-46389061",6,6,"Excit.Thal; Inhib.Thal; MHb.1.2; MHb.1; MHb.2; Oligo","Shared"
"chr16-47121236-47121758",2,1,"MHb.2","Unique"
"chr16-4724649-4724935",5,1,"Inhib.Thal","Unique"
"chr16-48498085-48498550",1,1,"Inhib.Thal","Unique"
"chr16-49194917-49195470",3,3,"Excit.Thal; LHb.4; MHb.2","Shared"
"chr16-49213285-49213722",1,1,"LHb.4","Unique"
"chr16-4936582-4937554",3,3,"Astrocyte; Inhib.Thal; MHb.2","Shared"
"chr16-49532263-49532658",1,1,"LHb.2.7","Unique"
"chr16-49586399-49586922",2,2,"Inhib.Thal; MHb.1","Shared"
"chr16-49921667-49922166",3,3,"Inhib.Thal; LHb.2.7; MHb.2","Shared"
"chr16-50079820-50080326",2,2,"Inhib.Thal; MHb.1","Shared"
"chr16-50403374-50403836",3,3,"Inhib.Thal; LHb.1.3.4; MHb.1.2","Shared"
"chr16-5239376-5239775",9,3,"Astrocyte; Inhib.Thal; LHb.4","Shared"
"chr16-53516137-53516621",2,2,"LHb.1.3.4; LHb.2.7","Shared"
"chr16-5412537-5413237",4,4,"Astrocyte; Inhib.Thal; LHb.4; Oligo","Shared"
"chr16-55179757-55180455",1,1,"Inhib.Thal","Unique"
"chr16-56194186-56194693",24,4,"Excit.Thal; Inhib.Thal; LHb.1; MHb.1","Shared"
"chr16-56278893-56279454",1,1,"Excit.Thal","Unique"
"chr16-56318069-56318574",6,3,"Excit.Thal; Oligo; OPC","Shared"
"chr16-56356392-56356670",6,2,"Excit.Thal; Oligo","Shared"
"chr16-56391168-56392028",2,2,"Inhib.Thal; LHb.1","Shared"
"chr16-56675446-56676123",4,4,"Inhib.Thal; LHb.4; MHb.2; Oligo","Shared"
"chr16-56781427-56782151",1,1,"Inhib.Thal","Unique"
"chr16-57299471-57300271",6,3,"MHb.2; Oligo; Thal","Shared"
"chr16-57300375-57301384",2,2,"Inhib.Thal; LHb.2.7","Shared"
"chr16-57383711-57384189",2,1,"Inhib.Thal","Unique"
"chr16-57576382-57576758",2,2,"LHb.4; Oligo","Shared"
"chr16-57628086-57628728",2,1,"Oligo","Unique"
"chr16-58025437-58026479",4,4,"Excit.Thal; Inhib.Thal; Microglia; Oligo","Shared"
"chr16-58062593-58063097",1,1,"MHb.1","Unique"
"chr16-58336673-58336968",6,3,"Excit.Thal; Inhib.Thal; Oligo","Shared"
"chr16-6309274-6309801",2,2,"Inhib.Thal; LHb.4","Shared"
"chr16-6482712-6484295",4,4,"Astrocyte; LHb.2.7; LHb.4; Oligo","Shared"
"chr16-66127198-66128464",4,4,"Excit.Thal; Inhib.Thal; LHb.2.7; Oligo","Shared"
"chr16-66270236-66270798",1,1,"Inhib.Thal","Unique"
"chr16-66650769-66651549",4,4,"Astrocyte; Excit.Thal; LHb.4; Oligo","Shared"
"chr16-66657138-66657398",3,1,"Inhib.Thal","Unique"
"chr16-66671172-66671432",1,1,"Inhib.Thal","Unique"
"chr16-66707739-66707949",1,1,"Inhib.Thal","Unique"
"chr16-66728109-66728399",1,1,"Oligo","Unique"
"chr16-67013260-67014656",5,5,"Astrocyte; Excit.Thal; Inhib.Thal; LHb.1; LHb.2.7","Shared"
"chr16-67155025-67155736",7,7,"Astrocyte; Excit.Thal; LHb.4; MHb.1; MHb.2; Microglia; Oligo","Shared"
"chr16-67652652-67653798",3,3,"Astrocyte; Inhib.Thal; Oligo","Shared"
"chr16-67892883-67893887",4,4,"Excit.Thal; Inhib.Thal; LHb.1; MHb.1","Shared"
"chr16-68022152-68023642",14,7,"Astrocyte; LHb.1; LHb.4; MHb.1; MHb.2; Oligo; OPC","Shared"
"chr16-68328358-68328928",3,3,"Astrocyte; Inhib.Thal; MHb.2","Shared"
"chr16-68528471-68529133",2,2,"Astrocyte; Oligo","Shared"
"chr16-68599483-68599950",6,2,"LHb.2.7; MHb.2","Shared"
"chr16-69105849-69107195",6,6,"Astrocyte; LHb.1.3.4; LHb.1; MHb.1; MHb.2; Oligo","Shared"
"chr16-69131720-69133078",16,4,"Excit.Thal; LHb.4; MHb.1.2; MHb.1","Shared"
"chr16-70064809-70065270",3,1,"LHb.2.7","Unique"
"chr16-70407644-70408521",1,1,"Inhib.Thal","Unique"
"chr16-70714572-70715702",1,1,"Inhib.Thal","Unique"
"chr16-71454477-71455114",4,2,"Excit.Thal; LHb.4","Shared"
"chr16-71483953-71484814",6,6,"Astrocyte; Inhib.Thal; LHb.4; MHb.1.2; Microglia; Oligo","Shared"
"chr16-71625214-71625758",1,1,"Inhib.Thal","Unique"
"chr16-720439-721512",6,3,"Inhib.Thal; Microglia; Oligo","Shared"
"chr16-72072908-72073290",8,4,"Inhib.Thal; LHb.2.7; LHb.4; Oligo","Shared"
"chr16-72073435-72074285",9,3,"Astrocyte; Inhib.Thal; LHb.2.7","Shared"
"chr16-72425440-72426288",3,3,"Astrocyte; Inhib.Thal; Oligo","Shared"
"chr16-72429556-72430025",4,2,"Excit.Thal; Inhib.Thal","Shared"
"chr16-72744083-72744374",1,1,"MHb.1","Unique"
"chr16-72787226-72788816",4,4,"Astrocyte; Excit.Thal; Oligo; OPC","Shared"
"chr16-73287655-73288314",2,2,"LHb.4; OPC","Shared"
"chr16-73605857-73606183",2,2,"Excit.Thal; Inhib.Thal","Shared"
"chr16-73890709-73891551",1,1,"LHb.4","Unique"
"chr16-74398050-74398454",3,3,"Inhib.Thal; LHb.4; OPC","Shared"
"chr16-74700158-74700988",6,6,"Inhib.Thal; LHb.1; LHb.2.7; MHb.1; Microglia; Oligo","Shared"
"chr16-75087555-75087916",2,2,"Inhib.Thal; MHb.2","Shared"
"chr16-75148204-75149221",4,1,"Oligo","Unique"
"chr16-75160317-75160823",1,1,"Inhib.Thal","Unique"
"chr16-75463670-75465096",3,3,"Astrocyte; Excit.Thal; Inhib.Thal","Shared"
"chr16-75564978-75565601",2,2,"LHb.1.3.4; MHb.2","Shared"
"chr16-75612228-75612508",1,1,"Inhib.Thal","Unique"
"chr16-75622731-75623554",6,3,"Excit.Thal; Inhib.Thal; MHb.2","Shared"
"chr16-75691913-75692120",1,1,"Excit.Thal","Unique"
"chr16-76276894-76277990",1,1,"MHb.2","Unique"
"chr16-77169620-77169916",1,1,"Inhib.Thal","Unique"
"chr16-77235680-77236530",3,3,"Inhib.Thal; LHb.2.7; Oligo","Shared"
"chr16-77289584-77289875",1,1,"Inhib.Thal","Unique"
"chr16-77549894-77550165",1,1,"LHb.1","Unique"
"chr16-77696050-77696574",3,3,"Inhib.Thal; LHb.2.7; MHb.2","Shared"
"chr16-78099161-78100377",4,4,"Excit.Thal; Inhib.Thal; MHb.1.2; MHb.2","Shared"
"chr16-81415632-81416410",6,2,"Excit.Thal; Inhib.Thal","Shared"
"chr16-81745885-81746561",7,7,"Astrocyte; LHb.1; LHb.4; MHb.1; MHb.2; Microglia; Oligo","Shared"
"chr16-82094736-82095656",2,1,"Inhib.Thal","Unique"
"chr16-83649482-83649899",1,1,"LHb.4","Unique"
"chr16-83833206-83833762",1,1,"Inhib.Thal","Unique"
"chr16-83995501-83996203",6,6,"Astrocyte; Excit.Thal; LHb.2.7; MHb.1; MHb.2; Oligo","Shared"
"chr16-84013893-84014392",2,2,"LHb.2.7; MHb.2","Shared"
"chr16-84194293-84194892",6,2,"LHb.1; LHb.2.7","Shared"
"chr16-84277250-84277537",2,2,"Excit.Thal; OPC","Shared"
"chr16-84284008-84284393",2,1,"LHb.1","Unique"
"chr16-84511088-84511642",6,3,"Astrocyte; LHb.1.3.4; Oligo","Shared"
"chr16-84585536-84586186",4,4,"Excit.Thal; Inhib.Thal; LHb.4; MHb.1.2","Shared"
"chr16-84617279-84618389",6,3,"Excit.Thal; Inhib.Thal; MHb.1.2","Shared"
"chr16-84819337-84820309",6,6,"Astrocyte; Excit.Thal; Inhib.Thal; MHb.1; Microglia; Oligo","Shared"
"chr16-85111964-85112705",4,4,"Astrocyte; Inhib.Thal; MHb.1.2; MHb.2","Shared"
"chr16-85137117-85137769",12,4,"Astrocyte; LHb.1.3.4; Microglia; Oligo","Shared"
"chr16-85461753-85463767",4,4,"Astrocyte; Inhib.Thal; MHb.2; OPC","Shared"
"chr16-8559086-8559630",2,1,"LHb.2.7","Unique"
"chr16-85652469-85652802",1,1,"Inhib.Thal","Unique"
"chr16-8567254-8568030",5,5,"Astrocyte; Inhib.Thal; LHb.4; MHb.2; Oligo","Shared"
"chr16-8660785-8661300",8,4,"Astrocyte; MHb.1; MHb.2; Oligo","Shared"
"chr16-87465402-87465608",1,1,"Inhib.Thal","Unique"
"chr16-87492060-87493300",4,2,"Excit.Thal; Inhib.Thal","Shared"
"chr16-87601945-87602284",2,1,"Inhib.Thal","Unique"
"chr16-89093494-89094633",5,5,"Astrocyte; LHb.4; MHb.2; Microglia; Oligo","Shared"
"chr16-89200908-89201947",7,7,"Astrocyte; Inhib.Thal; LHb.1; LHb.2.7; MHb.1.2; MHb.1; MHb.2","Shared"
"chr16-89217091-89218173",24,4,"Astrocyte; Excit.Thal; MHb.1; MHb.2","Shared"
"chr16-89230130-89230641",4,4,"Inhib.Thal; LHb.1; LHb.2.7; MHb.1.2","Shared"
"chr16-89597997-89598427",2,2,"Inhib.Thal; Oligo","Shared"
"chr16-89605193-89606044",2,2,"Excit.Thal; LHb.4","Shared"
"chr16-896419-896708",1,1,"Oligo","Unique"
"chr16-89700956-89702303",3,3,"Astrocyte; Excit.Thal; Oligo","Shared"
"chr16-89849086-89849492",1,1,"LHb.2.7","Unique"
"chr16-901643-902480",3,3,"Inhib.Thal; LHb.4; Oligo","Shared"
"chr16-9159895-9160653",2,1,"Oligo","Unique"
"chr16-951688-952682",10,2,"Astrocyte; Inhib.Thal","Shared"
"chr17-1051342-1051661",2,1,"Inhib.Thal","Unique"
"chr17-10614369-10614843",2,2,"Inhib.Thal; LHb.4","Shared"
"chr17-10803441-10804174",1,1,"Inhib.Thal","Unique"
"chr17-1115050-1115572",2,1,"Inhib.Thal","Unique"
"chr17-1126399-1127325",2,2,"LHb.4; MHb.2","Shared"
"chr17-11304443-11304876",1,1,"Excit.Thal","Unique"
"chr17-11387666-11388449",2,2,"Excit.Thal; LHb.4","Shared"
"chr17-1216683-1217149",6,2,"LHb.2.7; MHb.2","Shared"
"chr17-1270458-1271310",3,3,"Inhib.Thal; LHb.4; MHb.2","Shared"
"chr17-13017264-13018609",4,4,"Astrocyte; MHb.1.2; MHb.2; Oligo","Shared"
"chr17-1304617-1306100",2,2,"LHb.2.7; MHb.2","Shared"
"chr17-15257281-15257630",6,6,"Astrocyte; Inhib.Thal; LHb.2.7; Microglia; Oligo; OPC","Shared"
"chr17-15260466-15261610",18,6,"Astrocyte; Inhib.Thal; LHb.2.7; MHb.2; Oligo; OPC","Shared"
"chr17-15448541-15448923",1,1,"Inhib.Thal","Unique"
"chr17-15683678-15684554",10,5,"Astrocyte; LHb.1; LHb.4; MHb.2; Oligo","Shared"
"chr17-15699333-15699887",2,2,"Excit.Thal; Inhib.Thal","Shared"
"chr17-1586986-1587431",8,4,"Inhib.Thal; LHb.1.3.4; LHb.1; MHb.1.2","Shared"
"chr17-15966255-15967135",12,4,"Astrocyte; LHb.1; MHb.2; Oligo","Shared"
"chr17-1606518-1607482",1,1,"Oligo","Unique"
"chr17-1627440-1629838",5,5,"Excit.Thal; Inhib.Thal; MHb.1.2; MHb.1; MHb.2","Shared"
"chr17-16386279-16387002",9,3,"Astrocyte; MHb.2; Oligo","Shared"
"chr17-16516320-16517032",1,1,"Astrocyte","Unique"
"chr17-16814247-16814896",6,3,"Excit.Thal; Inhib.Thal; MHb.2","Shared"
"chr17-16818426-16819664",8,2,"LHb.1; Oligo","Shared"
"chr17-16991274-16991847",3,3,"Inhib.Thal; LHb.4; Microglia","Shared"
"chr17-17079905-17080295",1,1,"Astrocyte","Unique"
"chr17-17098464-17098794",1,1,"Excit.Thal","Unique"
"chr17-17205322-17207050",14,7,"Astrocyte; Excit.Thal; LHb.1; LHb.4; MHb.1; MHb.2; Oligo","Shared"
"chr17-17653446-17654048",1,1,"Inhib.Thal","Unique"
"chr17-17981195-17981582",2,2,"Excit.Thal; Oligo","Shared"
"chr17-18033322-18033787",20,4,"Astrocyte; LHb.4; MHb.2; Oligo","Shared"
"chr17-18153706-18154187",1,1,"LHb.4","Unique"
"chr17-18362497-18363835",15,5,"Excit.Thal; LHb.4; MHb.1.2; MHb.1; MHb.2","Shared"
"chr17-1855974-1856356",1,1,"Inhib.Thal","Unique"
"chr17-18624950-18625958",2,1,"Oligo","Unique"
"chr17-18682067-18682484",18,3,"Excit.Thal; LHb.2.7; Oligo","Shared"
"chr17-18780910-18781401",10,5,"Excit.Thal; Inhib.Thal; LHb.4; MHb.1; Microglia","Shared"
"chr17-18855810-18856449",5,1,"Excit.Thal","Unique"
"chr17-19063485-19063909",6,2,"Microglia; OPC","Shared"
"chr17-1907889-1909042",6,3,"Astrocyte; Excit.Thal; Inhib.Thal","Shared"
"chr17-19111026-19111388",9,3,"Excit.Thal; Microglia; Oligo","Shared"
"chr17-19285082-19285917",1,1,"Inhib.Thal","Unique"
"chr17-19410714-19411401",4,4,"Astrocyte; Excit.Thal; Inhib.Thal; Oligo","Shared"
"chr17-19513798-19514212",2,2,"Inhib.Thal; Oligo","Shared"
"chr17-19590982-19591270",1,1,"LHb.4","Unique"
"chr17-19647735-19649238",3,3,"Inhib.Thal; LHb.1; Oligo","Shared"
"chr17-19787703-19789181",5,5,"Astrocyte; Excit.Thal; Inhib.Thal; LHb.4; Oligo","Shared"
"chr17-1999567-2000136",9,3,"Astrocyte; Excit.Thal; Inhib.Thal","Shared"
"chr17-2002672-2003193",1,1,"LHb.2.7","Unique"
"chr17-20095310-20096020",2,2,"Astrocyte; Inhib.Thal","Shared"
"chr17-2127918-2128289",4,1,"Inhib.Thal","Unique"
"chr17-213535-214335",4,4,"Inhib.Thal; LHb.2.7; LHb.4; MHb.2","Shared"
"chr17-21497111-21497842",2,1,"Excit.Thal","Unique"
"chr17-2156477-2156986",3,1,"Astrocyte","Unique"
"chr17-2233299-2233928",2,1,"LHb.4","Unique"
"chr17-2353005-2353341",2,2,"MHb.2; Oligo","Shared"
"chr17-237312-237879",3,3,"Inhib.Thal; LHb.2.7; LHb.4","Shared"
"chr17-2399514-2400087",2,2,"Excit.Thal; Microglia","Shared"
"chr17-2699344-2699674",1,1,"Inhib.Thal","Unique"
"chr17-2748494-2750103",4,4,"Astrocyte; Microglia; Oligo; OPC","Shared"
"chr17-27915584-27916230",8,4,"LHb.2.7; MHb.1; MHb.2; Oligo","Shared"
"chr17-27955109-27955466",5,1,"Inhib.Thal","Unique"
"chr17-28235302-28235704",1,1,"Inhib.Thal","Unique"
"chr17-28276119-28276635",2,1,"Excit.Thal","Unique"
"chr17-28344485-28344869",2,2,"LHb.4; Oligo","Shared"
"chr17-28356939-28357969",8,4,"Astrocyte; MHb.1; MHb.2; Oligo","Shared"
"chr17-28380936-28381790",4,4,"Astrocyte; MHb.1; Oligo; OPC","Shared"
"chr17-28384214-28385474",25,5,"Inhib.Thal; LHb.2.7; LHb.4; MHb.2; Microglia","Shared"
"chr17-28425983-28426438",3,1,"Inhib.Thal","Unique"
"chr17-28632811-28633257",3,1,"Inhib.Thal","Unique"
"chr17-28644031-28645596",4,4,"Astrocyte; Excit.Thal; MHb.1; MHb.2","Shared"
"chr17-28650625-28650842",1,1,"Inhib.Thal","Unique"
"chr17-28728008-28729130",4,1,"Excit.Thal","Unique"
"chr17-28854275-28855337",6,6,"Astrocyte; Inhib.Thal; MHb.1.2; MHb.2; Oligo; Thal","Shared"
"chr17-28952119-28952741",3,3,"Excit.Thal; Inhib.Thal; Oligo","Shared"
"chr17-28977471-28977745",2,1,"MHb.2","Unique"
"chr17-29019520-29020210",3,1,"Astrocyte","Unique"
"chr17-29048381-29049345",1,1,"Inhib.Thal","Unique"
"chr17-29051226-29051458",1,1,"Inhib.Thal","Unique"
"chr17-29111734-29112155",3,3,"Excit.Thal; LHb.4; Oligo","Shared"
"chr17-29143839-29144063",1,1,"LHb.2.7","Unique"
"chr17-29148639-29149235",6,3,"Excit.Thal; LHb.1; MHb.1.2","Shared"
"chr17-29227744-29228478",8,2,"Inhib.Thal; Oligo","Shared"
"chr17-29369850-29370399",3,3,"Inhib.Thal; LHb.1; LHb.2.7","Shared"
"chr17-29389885-29391626",9,3,"Inhib.Thal; MHb.1; MHb.2","Shared"
"chr17-29589436-29589871",6,6,"Astrocyte; Excit.Thal; Inhib.Thal; LHb.7; MHb.2; Oligo","Shared"
"chr17-30093474-30094036",4,4,"Astrocyte; Inhib.Thal; MHb.1; Oligo","Shared"
"chr17-30291175-30292519",3,3,"Astrocyte; LHb.1; MHb.1","Shared"
"chr17-30667786-30668307",4,4,"Inhib.Thal; Oligo; OPC; Thal","Shared"
"chr17-30708007-30709337",8,4,"Inhib.Thal; LHb.2.7; MHb.1.2; MHb.1","Shared"
"chr17-30709830-30710332",3,3,"Inhib.Thal; MHb.1; Oligo","Shared"
"chr17-31901087-31902152",8,4,"MHb.1.2; MHb.1; MHb.2; Microglia","Shared"
"chr17-32141925-32143257",6,3,"Inhib.Thal; MHb.1.2; MHb.1","Shared"
"chr17-32936115-32937258",4,4,"Inhib.Thal; LHb.4; MHb.2; Oligo","Shared"
"chr17-33015894-33016096",1,1,"Excit.Thal","Unique"
"chr17-33849146-33849347",1,1,"MHb.2","Unique"
"chr17-34361433-34361852",2,2,"Inhib.Thal; LHb.2.7","Shared"
"chr17-35141670-35142503",15,5,"Astrocyte; MHb.1.2; MHb.1; MHb.2; Oligo","Shared"
"chr17-35242046-35243822",18,6,"Astrocyte; Excit.Thal; LHb.2.7; MHb.1; MHb.2; Oligo","Shared"
"chr17-35740996-35741704",5,5,"Astrocyte; LHb.1; LHb.4; MHb.1; MHb.2","Shared"
"chr17-35763927-35765006",6,6,"Astrocyte; Excit.Thal; Inhib.Thal; LHb.1.3.4; MHb.1; Oligo","Shared"
"chr17-35794820-35795868",4,4,"Inhib.Thal; LHb.1.3.4; MHb.1; Oligo","Shared"
"chr17-35808868-35810082",4,4,"Excit.Thal; Inhib.Thal; MHb.2; Oligo","Shared"
"chr17-35947177-35947483",4,2,"Inhib.Thal; LHb.4","Shared"
"chr17-35997953-35998893",1,1,"Excit.Thal","Unique"
"chr17-36148950-36149868",3,3,"Astrocyte; Inhib.Thal; LHb.4","Shared"
"chr17-36152614-36153352",1,1,"Excit.Thal","Unique"
"chr17-36181830-36184258",40,8,"Astrocyte; Excit.Thal; LHb.1.3.4; LHb.1; MHb.1.2; MHb.1; MHb.2; Oligo","Shared"
"chr17-3627510-3628128",2,2,"Inhib.Thal; LHb.2.7","Shared"
"chr17-36482622-36483373",12,4,"Astrocyte; LHb.4; MHb.2; Oligo","Shared"
"chr17-36722109-36723252",5,5,"Astrocyte; LHb.4; MHb.1.2; MHb.2; Oligo","Shared"
"chr17-36936399-36936883",2,2,"Inhib.Thal; LHb.4","Shared"
"chr17-37082590-37082884",2,1,"LHb.2.7","Unique"
"chr17-37259228-37259540",1,1,"Inhib.Thal","Unique"
"chr17-3734293-3734652",1,1,"Inhib.Thal","Unique"
"chr17-3755035-3755515",4,2,"LHb.2.7; LHb.4","Shared"
"chr17-37642853-37643732",8,4,"Astrocyte; LHb.1.3.4; LHb.4; MHb.1","Shared"
"chr17-38386001-38386371",1,1,"LHb.2.7","Unique"
"chr17-38498249-38499157",2,1,"LHb.4","Unique"
"chr17-38509212-38511218",4,4,"Astrocyte; Inhib.Thal; LHb.1; Oligo","Shared"
"chr17-38635923-38636461",3,3,"Inhib.Thal; MHb.1.2; MHb.2","Shared"
"chr17-38702028-38702597",10,5,"Excit.Thal; LHb.2.7; LHb.4; Microglia; Oligo","Shared"
"chr17-38748261-38748598",8,2,"Inhib.Thal; MHb.2","Shared"
"chr17-38925052-38925858",9,3,"Astrocyte; Inhib.Thal; Oligo","Shared"
"chr17-39026998-39027816",4,4,"Astrocyte; Excit.Thal; LHb.4; MHb.2","Shared"
"chr17-39115147-39115731",4,2,"Inhib.Thal; LHb.4","Shared"
"chr17-39143518-39144053",1,1,"Inhib.Thal","Unique"
"chr17-39153388-39154606",4,4,"Astrocyte; MHb.1; Oligo; OPC","Shared"
"chr17-39239688-39239966",5,1,"Inhib.Thal","Unique"
"chr17-39617622-39618331",4,2,"Astrocyte; Oligo","Shared"
"chr17-39626691-39627441",2,2,"MHb.1.2; MHb.2","Shared"
"chr17-39636704-39637547",20,5,"Astrocyte; Excit.Thal; Inhib.Thal; MHb.1; MHb.2","Shared"
"chr17-3980296-3980958",2,1,"MHb.1.2","Unique"
"chr17-39958962-39959399",4,4,"Astrocyte; Excit.Thal; MHb.2; Oligo","Shared"
"chr17-40121086-40123433",3,3,"Excit.Thal; Inhib.Thal; MHb.1","Shared"
"chr17-40190410-40190803",1,1,"Inhib.Thal","Unique"
"chr17-40201750-40202137",9,3,"Inhib.Thal; MHb.2; Oligo","Shared"
"chr17-40308965-40309524",6,2,"LHb.1; Oligo","Shared"
"chr17-40330376-40330856",1,1,"LHb.4","Unique"
"chr17-40331205-40331404",2,1,"MHb.2","Unique"
"chr17-40348604-40348913",3,3,"LHb.2.7; LHb.4; OPC","Shared"
"chr17-40417312-40418662",6,3,"MHb.1; MHb.2; OPC","Shared"
"chr17-40474321-40474802",8,2,"Inhib.Thal; MHb.2","Shared"
"chr17-40533280-40533749",2,1,"LHb.1.3.4","Unique"
"chr17-40664791-40665240",2,2,"Inhib.Thal; LHb.2.7","Shared"
"chr17-40818619-40819299",5,5,"Astrocyte; Excit.Thal; Inhib.Thal; LHb.4; Oligo","Shared"
"chr17-40980204-40981092",4,4,"Excit.Thal; LHb.1; LHb.2.7; LHb.4","Shared"
"chr17-4142381-4144357",10,5,"Inhib.Thal; MHb.1.2; MHb.1; MHb.2; OPC","Shared"
"chr17-41548638-41549493",6,3,"Astrocyte; Excit.Thal; Oligo","Shared"
"chr17-41636743-41637100",2,2,"Excit.Thal; Inhib.Thal","Shared"
"chr17-41882729-41883273",2,2,"Inhib.Thal; Thal","Shared"
"chr17-42019694-42020330",4,4,"Excit.Thal; Inhib.Thal; MHb.1; Microglia","Shared"
"chr17-42088174-42089001",6,2,"Inhib.Thal; Oligo","Shared"
"chr17-42180746-42181538",4,4,"Astrocyte; Inhib.Thal; MHb.1; Oligo","Shared"
"chr17-42358594-42359070",3,1,"Inhib.Thal","Unique"
"chr17-42407400-42407770",2,2,"Inhib.Thal; LHb.1","Shared"
"chr17-42527103-42527527",2,1,"Astrocyte","Unique"
"chr17-42535962-42537553",5,5,"Astrocyte; Excit.Thal; LHb.1.3.4; MHb.1.2; MHb.1","Shared"
"chr17-42547910-42548824",24,4,"Astrocyte; Inhib.Thal; LHb.2.7; Oligo","Shared"
"chr17-42678058-42678450",5,1,"MHb.2","Unique"
"chr17-42679570-42680072",6,2,"LHb.2.7; Oligo","Shared"
"chr17-42990817-42991633",2,2,"Inhib.Thal; LHb.1","Shared"
"chr17-42997938-42998931",4,4,"Excit.Thal; Inhib.Thal; MHb.1; MHb.2","Shared"
"chr17-43211632-43212293",2,2,"Inhib.Thal; Microglia","Shared"
"chr17-43314647-43316390",4,4,"Astrocyte; Excit.Thal; MHb.1; MHb.2","Shared"
"chr17-43360811-43361864",10,5,"Astrocyte; Inhib.Thal; MHb.2; Microglia; Oligo","Shared"
"chr17-43425042-43425497",1,1,"Inhib.Thal","Unique"
"chr17-43482983-43484358",12,4,"Excit.Thal; Inhib.Thal; LHb.1.3.4; Oligo","Shared"
"chr17-43576493-43576892",3,3,"Inhib.Thal; LHb.4; Oligo","Shared"
"chr17-43755223-43755925",20,5,"Astrocyte; Excit.Thal; Inhib.Thal; LHb.4; Oligo","Shared"
"chr17-43900328-43900876",4,4,"Astrocyte; LHb.4; MHb.1; Oligo","Shared"
"chr17-43905966-43907965",28,4,"Inhib.Thal; MHb.1.2; MHb.1; Oligo","Shared"
"chr17-43937922-43938334",6,3,"Astrocyte; MHb.1; Oligo","Shared"
"chr17-44093260-44093754",10,2,"Inhib.Thal; LHb.2.7","Shared"
"chr17-44110806-44111541",2,2,"Excit.Thal; Inhib.Thal","Shared"
"chr17-4412885-4413527",4,4,"Astrocyte; LHb.4; Microglia; Oligo","Shared"
"chr17-44186206-44187327",4,4,"Excit.Thal; Inhib.Thal; LHb.1; Microglia","Shared"
"chr17-44218419-44220422",18,9,"Astrocyte; Excit.Thal; Inhib.Thal; LHb.1; MHb.1.2; MHb.1; MHb.2; Oligo; OPC","Shared"
"chr17-44220641-44221084",6,3,"Inhib.Thal; MHb.1; Thal","Shared"
"chr17-44221858-44222707",2,1,"Inhib.Thal","Unique"
"chr17-44300136-44300492",9,1,"Excit.Thal","Unique"
"chr17-44502624-44503904",6,3,"Inhib.Thal; LHb.2.7; MHb.1","Shared"
"chr17-44829398-44830827",4,4,"Astrocyte; Inhib.Thal; MHb.1; Oligo","Shared"
"chr17-44932029-44932309",1,1,"Inhib.Thal","Unique"
"chr17-44970186-44970708",4,4,"Inhib.Thal; LHb.2.7; LHb.4; Oligo","Shared"
"chr17-45052027-45052600",4,2,"Astrocyte; Oligo","Shared"
"chr17-45120819-45121441",2,2,"Inhib.Thal; LHb.4","Shared"
"chr17-45231036-45231414",1,1,"LHb.2.7","Unique"
"chr17-45261562-45262446",4,4,"Astrocyte; Inhib.Thal; LHb.4; MHb.2","Shared"
"chr17-45451114-45451438",3,1,"Excit.Thal","Unique"
"chr17-4554926-4555764",6,6,"Astrocyte; LHb.4; MHb.1.2; MHb.1; MHb.2; Oligo","Shared"
"chr17-45584213-45585510",5,5,"Astrocyte; Excit.Thal; LHb.4; MHb.1; MHb.2","Shared"
"chr17-45619923-45620294",14,2,"Inhib.Thal; LHb.2.7","Shared"
"chr17-46158379-46159027",2,1,"Inhib.Thal","Unique"
"chr17-46201690-46202156",1,1,"Inhib.Thal","Unique"
"chr17-46224877-46225741",5,5,"Inhib.Thal; LHb.4; MHb.1.2; MHb.2; Oligo","Shared"
"chr17-46248793-46249504",3,1,"Inhib.Thal","Unique"
"chr17-4625877-4626241",2,2,"Inhib.Thal; LHb.4","Shared"
"chr17-46266158-46267504",4,4,"Inhib.Thal; MHb.1; MHb.2; Oligo","Shared"
"chr17-46276984-46277501",4,1,"Astrocyte","Unique"
"chr17-46277617-46278161",2,1,"Inhib.Thal","Unique"
"chr17-46279501-46279741",1,1,"Inhib.Thal","Unique"
"chr17-46291256-46291842",1,1,"Microglia","Unique"
"chr17-46500889-46501393",3,1,"Inhib.Thal","Unique"
"chr17-4709722-4711261",4,4,"Astrocyte; Excit.Thal; Inhib.Thal; MHb.1","Shared"
"chr17-47177094-47177550",1,1,"LHb.4","Unique"
"chr17-47229552-47230065",6,6,"Excit.Thal; Inhib.Thal; LHb.4; MHb.1; MHb.2; Oligo","Shared"
"chr17-4738898-4740075",3,3,"Inhib.Thal; LHb.2.7; Microglia","Shared"
"chr17-47492295-47492891",6,2,"Excit.Thal; Inhib.Thal","Shared"
"chr17-47530794-47531276",6,6,"Excit.Thal; Inhib.Thal; LHb.4; MHb.1; Microglia; OPC","Shared"
"chr17-47598214-47598498",1,1,"Inhib.Thal","Unique"
"chr17-47621532-47622024",3,3,"Astrocyte; Inhib.Thal; MHb.2","Shared"
"chr17-47831016-47831970",4,4,"Astrocyte; Inhib.Thal; Microglia; Oligo","Shared"
"chr17-47840615-47841523",2,2,"Astrocyte; Oligo","Shared"
"chr17-4788727-4790691",7,7,"Astrocyte; Excit.Thal; Inhib.Thal; MHb.1; MHb.2; Oligo; OPC","Shared"
"chr17-47889760-47890261",4,2,"Astrocyte; Oligo","Shared"
"chr17-4795734-4796529",5,5,"Excit.Thal; LHb.1.3.4; LHb.4; MHb.1.2; MHb.1","Shared"
"chr17-48024957-48025759",8,2,"Excit.Thal; Inhib.Thal","Shared"
"chr17-48047580-48048908",4,4,"Excit.Thal; Inhib.Thal; MHb.1.2; Oligo","Shared"
"chr17-48131100-48131477",8,2,"Inhib.Thal; LHb.4","Shared"
"chr17-4827285-4827698",1,1,"LHb.4","Unique"
"chr17-48456940-48457541",1,1,"Inhib.Thal","Unique"
"chr17-48878859-48879229",2,2,"Inhib.Thal; Oligo","Shared"
"chr17-48891981-48893570",8,8,"Astrocyte; Excit.Thal; Inhib.Thal; LHb.1; MHb.1.2; MHb.1; MHb.2; OPC","Shared"
"chr17-48972306-48972635",2,2,"LHb.4; MHb.1","Shared"
"chr17-4908853-4909588",3,3,"Inhib.Thal; MHb.1; MHb.2","Shared"
"chr17-49193674-49194290",1,1,"Inhib.Thal","Unique"
"chr17-49361040-49362668",4,4,"Excit.Thal; Inhib.Thal; MHb.1; Oligo","Shared"
"chr17-49494879-49495494",2,2,"Inhib.Thal; Oligo","Shared"
"chr17-49496202-49496773",2,2,"Inhib.Thal; Oligo","Shared"
"chr17-49567705-49568251",9,3,"Excit.Thal; LHb.1.3.4; Oligo","Shared"
"chr17-49575484-49575972",2,2,"Astrocyte; Oligo","Shared"
"chr17-49677205-49678437",3,3,"Excit.Thal; Inhib.Thal; Oligo","Shared"
"chr17-49787828-49789451",3,3,"Excit.Thal; Inhib.Thal; MHb.2","Shared"
"chr17-50264159-50264636",2,2,"LHb.2.7; MHb.2","Shared"
"chr17-50527133-50527645",4,1,"Inhib.Thal","Unique"
"chr17-50532564-50533045",6,3,"Inhib.Thal; LHb.1; LHb.4","Shared"
"chr17-50560418-50560879",24,6,"Astrocyte; Inhib.Thal; LHb.4; MHb.1.2; MHb.1; Oligo","Shared"
"chr17-50571692-50571973",1,1,"LHb.2.7","Unique"
"chr17-50783124-50783498",3,1,"Astrocyte","Unique"
"chr17-50841897-50842121",2,2,"Inhib.Thal; LHb.4","Shared"
"chr17-50851619-50852407",8,2,"LHb.2.7; Oligo","Shared"
"chr17-510340-511213",1,1,"Oligo","Unique"
"chr17-51046405-51047095",4,1,"Astrocyte","Unique"
"chr17-5122155-5123628",15,5,"Astrocyte; Excit.Thal; Inhib.Thal; MHb.2; Oligo","Shared"
"chr17-5191329-5192261",5,5,"Inhib.Thal; MHb.1.2; MHb.1; MHb.2; Oligo","Shared"
"chr17-5438662-5439901",8,4,"Excit.Thal; LHb.4; MHb.1; MHb.2","Shared"
"chr17-5467988-5469259",3,3,"Astrocyte; MHb.1; MHb.2","Shared"
"chr17-5476495-5476978",2,2,"Inhib.Thal; LHb.4","Shared"
"chr17-55237972-55239207",15,3,"Excit.Thal; Inhib.Thal; MHb.2","Shared"
"chr17-55844308-55845850",2,2,"Astrocyte; LHb.4","Shared"
"chr17-55990312-55991234",3,3,"Excit.Thal; Inhib.Thal; LHb.1.3.4","Shared"
"chr17-56045832-56046512",2,2,"Inhib.Thal; LHb.4","Shared"
"chr17-56084221-56084553",1,1,"LHb.4","Unique"
"chr17-56270176-56270595",1,1,"LHb.4","Unique"
"chr17-56977711-56978307",4,4,"Excit.Thal; Inhib.Thal; MHb.2; Oligo","Shared"
"chr17-5706516-5707137",12,3,"Astrocyte; Inhib.Thal; LHb.2.7","Shared"
"chr17-57258336-57258856",2,1,"Astrocyte","Unique"
"chr17-57294921-57295369",8,4,"Excit.Thal; LHb.2.7; MHb.1; Oligo","Shared"
"chr17-57455595-57455947",2,2,"Excit.Thal; MHb.2","Shared"
"chr17-57541863-57542185",8,4,"LHb.1; LHb.2.7; MHb.1.2; Oligo","Shared"
"chr17-57727624-57728092",4,4,"Inhib.Thal; LHb.1; LHb.2.7; MHb.2","Shared"
"chr17-57763059-57763505",3,3,"LHb.2.7; MHb.1.2; MHb.2","Shared"
"chr17-57802730-57803461",5,5,"LHb.1; LHb.2.7; LHb.4; MHb.1.2; MHb.2","Shared"
"chr17-57834054-57834589",2,2,"Excit.Thal; Inhib.Thal","Shared"
"chr17-58006319-58008057",1,1,"Inhib.Thal","Unique"
"chr17-58254690-58255037",2,1,"Inhib.Thal","Unique"
"chr17-58517429-58518850",6,3,"Astrocyte; Excit.Thal; Inhib.Thal","Shared"
"chr17-58587654-58587967",2,2,"Astrocyte; Inhib.Thal","Shared"
"chr17-59154197-59155905",24,6,"Astrocyte; Excit.Thal; Inhib.Thal; LHb.4; MHb.2; Microglia","Shared"
"chr17-59406856-59407365",4,1,"Inhib.Thal","Unique"
"chr17-59413415-59413850",1,1,"Excit.Thal","Unique"
"chr17-59706782-59708292",4,4,"Astrocyte; MHb.1.2; MHb.2; Oligo","Shared"
"chr17-60525334-60526464",6,6,"Inhib.Thal; MHb.1.2; MHb.1; MHb.2; Microglia; Oligo","Shared"
"chr17-616432-617367",2,2,"Inhib.Thal; LHb.4","Shared"
"chr17-62447673-62448166",1,1,"Inhib.Thal","Unique"
"chr17-62965469-62967104",8,4,"Excit.Thal; Inhib.Thal; LHb.1.3.4; Oligo","Shared"
"chr17-62986229-62987781",4,4,"Astrocyte; Excit.Thal; Inhib.Thal; MHb.2","Shared"
"chr17-63118608-63119102",2,2,"Inhib.Thal; LHb.1","Shared"
"chr17-63304368-63305416",8,4,"Excit.Thal; Inhib.Thal; LHb.1; MHb.2","Shared"
"chr17-63848748-63850001",6,6,"Astrocyte; Inhib.Thal; LHb.2.7; MHb.1.2; MHb.1; MHb.2","Shared"
"chr17-63959872-63960407",4,4,"LHb.2.7; MHb.1.2; MHb.1; MHb.2","Shared"
"chr17-64145438-64146804",6,2,"Excit.Thal; MHb.1.2","Shared"
"chr17-64232558-64232811",1,1,"LHb.4","Unique"
"chr17-64533732-64534425",1,1,"Inhib.Thal","Unique"
"chr17-64938632-64939349",5,5,"Excit.Thal; Inhib.Thal; MHb.2; Microglia; Oligo","Shared"
"chr17-65055582-65057408",4,4,"Astrocyte; Excit.Thal; Inhib.Thal; MHb.1.2","Shared"
"chr17-65066961-65067252",2,1,"Inhib.Thal","Unique"
"chr17-65136947-65137642",5,5,"Excit.Thal; Inhib.Thal; LHb.1; LHb.4; MHb.1","Shared"
"chr17-6604983-6605477",1,1,"Inhib.Thal","Unique"
"chr17-66593151-66593660",2,1,"LHb.2.7","Unique"
"chr17-66992939-66993392",2,2,"LHb.1; MHb.2","Shared"
"chr17-67331435-67331995",1,1,"Excit.Thal","Unique"
"chr17-67477956-67478959",2,2,"Astrocyte; OPC","Shared"
"chr17-67800276-67800689",1,1,"Inhib.Thal","Unique"
"chr17-67824795-67826275",30,6,"Excit.Thal; Inhib.Thal; LHb.2.7; MHb.1; MHb.2; Oligo","Shared"
"chr17-68318137-68318577",2,2,"Inhib.Thal; LHb.1","Shared"
"chr17-68564509-68564888",1,1,"Excit.Thal","Unique"
"chr17-68879415-68879967",2,2,"Excit.Thal; LHb.4","Shared"
"chr17-6913712-6914587",5,5,"Astrocyte; Inhib.Thal; MHb.2; Oligo; OPC","Shared"
"chr17-7012203-7012866",3,3,"Excit.Thal; MHb.1; Oligo","Shared"
"chr17-7014296-7015427",5,5,"Astrocyte; Inhib.Thal; MHb.1; Microglia; Oligo","Shared"
"chr17-7015580-7015855",2,1,"LHb.4","Unique"
"chr17-7035297-7036813",4,4,"MHb.1.2; MHb.1; MHb.2; Oligo","Shared"
"chr17-7051892-7052450",10,5,"Astrocyte; Inhib.Thal; LHb.1; MHb.1; Oligo","Shared"
"chr17-7242053-7242645",9,3,"Astrocyte; Excit.Thal; Inhib.Thal","Shared"
"chr17-72592111-72593057",3,3,"Excit.Thal; Inhib.Thal; MHb.1.2","Shared"
"chr17-7306611-7308544",24,4,"Astrocyte; Excit.Thal; Inhib.Thal; MHb.1","Shared"
"chr17-7314744-7315739",28,4,"Excit.Thal; LHb.1.3.4; MHb.1; MHb.2","Shared"
"chr17-73156025-73156902",4,4,"Astrocyte; Inhib.Thal; LHb.1.3.4; Oligo","Shared"
"chr17-73189374-73189836",1,1,"Inhib.Thal","Unique"
"chr17-73262159-73263061",2,2,"Astrocyte; Oligo","Shared"
"chr17-73429399-73429935",5,5,"Astrocyte; Inhib.Thal; LHb.4; MHb.2; Oligo","Shared"
"chr17-7349906-7350451",2,2,"LHb.2.7; LHb.4","Shared"
"chr17-73642919-73643710",10,5,"Astrocyte; Inhib.Thal; LHb.4; MHb.2; Oligo","Shared"
"chr17-73644594-73645601",3,3,"MHb.1.2; MHb.1; MHb.2","Shared"
"chr17-73666438-73666637",1,1,"MHb.2","Unique"
"chr17-73759853-73760376",6,3,"LHb.1; LHb.2.7; MHb.2","Shared"
"chr17-73770277-73771119",2,2,"Excit.Thal; Oligo","Shared"
"chr17-73784026-73784617",2,1,"MHb.1","Unique"
"chr17-74160506-74161812",1,1,"Excit.Thal","Unique"
"chr17-7440158-7440716",10,2,"Astrocyte; Inhib.Thal","Shared"
"chr17-7455236-7456818",12,6,"Astrocyte; Excit.Thal; LHb.4; MHb.1; MHb.2; Oligo","Shared"
"chr17-7483200-7485007",12,4,"Excit.Thal; Inhib.Thal; LHb.2.7; Oligo","Shared"
"chr17-75011887-75013289",18,9,"Astrocyte; Excit.Thal; Inhib.Thal; LHb.4; MHb.1.2; MHb.1; MHb.2; Microglia; Oligo","Shared"
"chr17-75113851-75114436",4,4,"Inhib.Thal; LHb.4; MHb.2; Oligo","Shared"
"chr17-75468142-75469256",10,5,"LHb.2.7; LHb.4; MHb.1.2; MHb.2; Oligo","Shared"
"chr17-75501314-75501874",3,3,"Astrocyte; Oligo; OPC","Shared"
"chr17-75652953-75653284",6,3,"Inhib.Thal; Oligo; OPC","Shared"
"chr17-75720709-75721761",5,5,"Astrocyte; Inhib.Thal; MHb.1; MHb.2; OPC","Shared"
"chr17-75779200-75780173",7,7,"Excit.Thal; Inhib.Thal; MHb.1; MHb.2; Oligo; OPC; Thal","Shared"
"chr17-7582896-7584138",12,2,"Excit.Thal; Inhib.Thal","Shared"
"chr17-75919605-75920600",12,3,"Astrocyte; Inhib.Thal; LHb.4","Shared"
"chr17-75927420-75927856",3,1,"Inhib.Thal","Unique"
"chr17-76141013-76141560",12,4,"MHb.1.2; MHb.1; MHb.2; Oligo","Shared"
"chr17-76182028-76182458",2,1,"Oligo","Unique"
"chr17-76239298-76241133",12,6,"Inhib.Thal; MHb.1.2; MHb.1; MHb.2; Microglia; Oligo","Shared"
"chr17-76264798-76266490",24,4,"Inhib.Thal; MHb.1.2; MHb.1; MHb.2","Shared"
"chr17-76500827-76501744",5,5,"Inhib.Thal; LHb.1; MHb.2; Microglia; Oligo","Shared"
"chr17-76522974-76523598",1,1,"Oligo","Unique"
"chr17-76537127-76538052",2,2,"Astrocyte; Inhib.Thal","Shared"
"chr17-7685565-7686887",4,2,"Excit.Thal; Inhib.Thal","Shared"
"chr17-76868044-76868993",3,3,"LHb.2.7; MHb.2; Oligo","Shared"
"chr17-76909893-76910319",2,2,"Excit.Thal; Inhib.Thal","Shared"
"chr17-7703118-7703888",25,5,"Astrocyte; Inhib.Thal; LHb.2.7; LHb.4; MHb.2","Shared"
"chr17-7704808-7705326",4,1,"Inhib.Thal","Unique"
"chr17-77802753-77803246",2,1,"Astrocyte","Unique"
"chr17-77883879-77884489",3,3,"Astrocyte; Inhib.Thal; MHb.1","Shared"
"chr17-77995065-77995484",2,2,"Inhib.Thal; LHb.2.7","Shared"
"chr17-7818613-7819221",36,4,"Astrocyte; Inhib.Thal; LHb.1.3.4; LHb.2.7","Shared"
"chr17-78324245-78324964",4,4,"LHb.1.3.4; LHb.4; Oligo; OPC","Shared"
"chr17-7833700-7834355",3,3,"Excit.Thal; LHb.1; MHb.1","Shared"
"chr17-78351342-78351964",8,4,"Astrocyte; Inhib.Thal; MHb.2; Oligo","Shared"
"chr17-78414248-78414823",1,1,"MHb.2","Unique"
"chr17-7851512-7852148",24,6,"Astrocyte; Excit.Thal; Inhib.Thal; LHb.1; LHb.4; Oligo","Shared"
"chr17-78708501-78708824",3,3,"Astrocyte; Inhib.Thal; LHb.2.7","Shared"
"chr17-7887406-7888129",6,3,"Excit.Thal; Inhib.Thal; Oligo","Shared"
"chr17-7889088-7889482",8,2,"MHb.1; MHb.2","Shared"
"chr17-7897783-7898170",9,3,"Inhib.Thal; LHb.4; Oligo","Shared"
"chr17-7931551-7932832",3,3,"Excit.Thal; Inhib.Thal; OPC","Shared"
"chr17-79393262-79393661",10,5,"Astrocyte; Inhib.Thal; LHb.4; MHb.2; Oligo","Shared"
"chr17-794765-795484",4,4,"Astrocyte; Inhib.Thal; LHb.4; Oligo","Shared"
"chr17-79558153-79559004",1,1,"LHb.4","Unique"
"chr17-79572234-79572832",1,1,"LHb.4","Unique"
"chr17-79808698-79809046",2,2,"Inhib.Thal; Thal","Shared"
"chr17-79838628-79839755",6,6,"Astrocyte; Inhib.Thal; MHb.1.2; MHb.1; Microglia; Oligo","Shared"
"chr17-79965572-79966196",2,2,"Excit.Thal; Oligo","Shared"
"chr17-8002882-8003912",6,3,"Astrocyte; Inhib.Thal; MHb.2","Shared"
"chr17-80169766-80170505",1,1,"Excit.Thal","Unique"
"chr17-80260036-80260488",2,2,"Inhib.Thal; MHb.2","Shared"
"chr17-8060000-8060554",1,1,"Oligo","Unique"
"chr17-80653518-80654179",1,1,"Oligo","Unique"
"chr17-80760443-80760833",1,1,"Inhib.Thal","Unique"
"chr17-81023464-81024103",6,3,"Inhib.Thal; LHb.4; Oligo","Shared"
"chr17-81119512-81120017",2,2,"LHb.4; Oligo","Shared"
"chr17-8118545-8119031",4,4,"Astrocyte; Inhib.Thal; LHb.1.3.4; Oligo","Shared"
"chr17-8125427-8125783",8,2,"Inhib.Thal; LHb.4","Shared"
"chr17-81395037-81395472",6,3,"Astrocyte; Inhib.Thal; Oligo","Shared"
"chr17-81400344-81400756",5,1,"Inhib.Thal","Unique"
"chr17-81494680-81495376",2,2,"Inhib.Thal; LHb.4","Shared"
"chr17-8162276-8163827",12,4,"Excit.Thal; Inhib.Thal; MHb.2; Oligo","Shared"
"chr17-81690288-81690975",2,2,"MHb.1.2; MHb.2","Shared"
"chr17-81710440-81710907",1,1,"LHb.2.7","Unique"
"chr17-81832206-81833948",4,4,"Inhib.Thal; MHb.1; MHb.2; OPC","Shared"
"chr17-8185882-8186449",2,2,"Excit.Thal; Oligo","Shared"
"chr17-8186597-8186980",3,1,"MHb.1","Unique"
"chr17-82030305-82030815",16,4,"Astrocyte; LHb.1.3.4; LHb.4; Oligo","Shared"
"chr17-82188087-82188521",1,1,"Inhib.Thal","Unique"
"chr17-82255300-82255921",1,1,"MHb.2","Unique"
"chr17-82282881-82283974",2,1,"Inhib.Thal","Unique"
"chr17-82490523-82490833",1,1,"MHb.2","Unique"
"chr17-82518973-82520647",12,4,"Astrocyte; Inhib.Thal; MHb.1; Oligo","Shared"
"chr17-8253816-8254143",1,1,"MHb.2","Unique"
"chr17-82664642-82665119",2,2,"Astrocyte; Inhib.Thal","Shared"
"chr17-82854649-82855385",6,2,"Inhib.Thal; Oligo","Shared"
"chr17-82898888-82899395",2,2,"Excit.Thal; Inhib.Thal","Shared"
"chr17-8295033-8295930",3,3,"MHb.1.2; MHb.1; MHb.2","Shared"
"chr17-8300566-8300975",3,3,"Astrocyte; Inhib.Thal; Oligo","Shared"
"chr17-83125222-83126600",3,3,"Excit.Thal; Inhib.Thal; LHb.4","Shared"
"chr17-8503409-8504378",2,2,"Inhib.Thal; MHb.2","Shared"
"chr17-980793-981307",2,2,"Excit.Thal; Oligo","Shared"
"chr18-10487289-10488057",1,1,"MHb.2","Unique"
"chr18-11655126-11655603",1,1,"Oligo","Unique"
"chr18-11849700-11850398",8,4,"Excit.Thal; Inhib.Thal; MHb.2; Oligo","Shared"
"chr18-11980473-11982097",4,4,"Astrocyte; Inhib.Thal; LHb.4; Microglia","Shared"
"chr18-12968690-12968934",1,1,"Inhib.Thal","Unique"
"chr18-13162665-13163362",1,1,"LHb.2.7","Unique"
"chr18-158060-159258",4,4,"Astrocyte; Excit.Thal; Inhib.Thal; MHb.1","Shared"
"chr18-23466463-23466872",1,1,"Inhib.Thal","Unique"
"chr18-23816299-23816545",1,1,"Inhib.Thal","Unique"
"chr18-24270920-24272293",7,7,"Astrocyte; Excit.Thal; Inhib.Thal; MHb.1.2; MHb.1; Microglia; Oligo","Shared"
"chr18-24292701-24294417",4,4,"Astrocyte; Excit.Thal; Inhib.Thal; MHb.2","Shared"
"chr18-24325205-24325582",1,1,"Inhib.Thal","Unique"
"chr18-24662412-24662911",2,2,"Excit.Thal; Inhib.Thal","Shared"
"chr18-24913494-24914264",1,1,"LHb.4","Unique"
"chr18-25042932-25043147",1,1,"Inhib.Thal","Unique"
"chr18-2755096-2755418",1,1,"Inhib.Thal","Unique"
"chr18-3026718-3027515",1,1,"Inhib.Thal","Unique"
"chr18-31619784-31620076",1,1,"Inhib.Thal","Unique"
"chr18-31876316-31877342",2,2,"Excit.Thal; Inhib.Thal","Shared"
"chr18-32157986-32158599",3,3,"Excit.Thal; Inhib.Thal; MHb.2","Shared"
"chr18-32394097-32395085",1,1,"MHb.1","Unique"
"chr18-32469886-32471646",14,7,"Astrocyte; Excit.Thal; Inhib.Thal; LHb.4; MHb.2; Microglia; OPC","Shared"
"chr18-34224362-34225370",15,5,"Astrocyte; Excit.Thal; Inhib.Thal; LHb.4; Oligo","Shared"
"chr18-35005895-35006252",2,2,"Excit.Thal; Inhib.Thal","Shared"
"chr18-35026027-35026825",1,1,"Excit.Thal","Unique"
"chr18-35075090-35075370",1,1,"Inhib.Thal","Unique"
"chr18-35172048-35172322",1,1,"MHb.1","Unique"
"chr18-35289089-35290825",4,2,"Inhib.Thal; MHb.1","Shared"
"chr18-3622294-3622504",1,1,"Inhib.Thal","Unique"
"chr18-37299443-37299958",2,2,"Inhib.Thal; MHb.2","Shared"
"chr18-42178322-42178973",2,1,"Excit.Thal","Unique"
"chr18-45016004-45017277",6,6,"Excit.Thal; Inhib.Thal; LHb.1; LHb.2.7; MHb.2; Oligo","Shared"
"chr18-45576325-45576958",2,2,"Inhib.Thal; MHb.1","Shared"
"chr18-46027869-46028574",8,2,"Astrocyte; Inhib.Thal","Shared"
"chr18-47593962-47594441",1,1,"Inhib.Thal","Unique"
"chr18-48178628-48179568",1,1,"Excit.Thal","Unique"
"chr18-48645435-48645840",3,3,"Astrocyte; Inhib.Thal; MHb.2","Shared"
"chr18-48657441-48657803",1,1,"Excit.Thal","Unique"
"chr18-49061243-49061835",2,2,"Inhib.Thal; LHb.4","Shared"
"chr18-49491765-49492664",3,3,"MHb.1.2; MHb.2; Oligo","Shared"
"chr18-49703926-49704240",1,1,"Excit.Thal","Unique"
"chr18-50193809-50195394",5,5,"Astrocyte; Excit.Thal; Inhib.Thal; MHb.1; Oligo","Shared"
"chr18-50717145-50717442",3,3,"LHb.1; LHb.2.7; MHb.2","Shared"
"chr18-50799749-50800078",1,1,"MHb.2","Unique"
"chr18-50819392-50820333",4,4,"Astrocyte; Excit.Thal; Oligo; OPC","Shared"
"chr18-5417307-5417656",3,1,"Oligo","Unique"
"chr18-55321457-55322013",7,7,"Astrocyte; Inhib.Thal; LHb.2.7; MHb.1.2; MHb.1; MHb.2; Oligo","Shared"
"chr18-55950752-55951056",2,1,"Inhib.Thal","Unique"
"chr18-57062724-57063846",1,1,"Inhib.Thal","Unique"
"chr18-5721413-5722955",4,4,"Astrocyte; Excit.Thal; Inhib.Thal; Oligo","Shared"
"chr18-57434749-57435743",7,7,"Astrocyte; Excit.Thal; Inhib.Thal; LHb.1.3.4; LHb.1; LHb.4; MHb.2","Shared"
"chr18-57568362-57568617",1,1,"LHb.1","Unique"
"chr18-58220412-58220879",2,1,"LHb.4","Unique"
"chr18-58764154-58764588",2,2,"LHb.4; Oligo","Shared"
"chr18-58843132-58843585",1,1,"Inhib.Thal","Unique"
"chr18-596065-597548",5,5,"Astrocyte; Inhib.Thal; LHb.4; MHb.2; Oligo","Shared"
"chr18-60446673-60447584",3,3,"Inhib.Thal; MHb.1; MHb.2","Shared"
"chr18-63225516-63226333",3,3,"Excit.Thal; Inhib.Thal; Oligo","Shared"
"chr18-6428390-6429288",2,2,"Inhib.Thal; LHb.2.7","Shared"
"chr18-6752579-6752780",1,1,"LHb.2.7","Unique"
"chr18-6877188-6877574",6,3,"Astrocyte; Inhib.Thal; LHb.2.7","Shared"
"chr18-70532846-70533045",1,1,"LHb.1.3.4","Unique"
"chr18-72783481-72783848",2,2,"LHb.2.7; MHb.1","Shared"
"chr18-74040820-74041541",2,2,"Inhib.Thal; Oligo","Shared"
"chr18-74247510-74248215",2,2,"Inhib.Thal; MHb.2","Shared"
"chr18-74281170-74281601",12,4,"LHb.4; MHb.1.2; MHb.1; MHb.2","Shared"
"chr18-74413821-74414049",1,1,"MHb.2","Unique"
"chr18-77023073-77023711",2,2,"Inhib.Thal; LHb.2.7","Shared"
"chr18-77123567-77124141",1,1,"Excit.Thal","Unique"
"chr18-77597870-77598211",1,1,"LHb.2.7","Unique"
"chr18-79643991-79644352",1,1,"Inhib.Thal","Unique"
"chr18-79690591-79690910",1,1,"MHb.2","Unique"
"chr18-79693614-79694128",1,1,"Inhib.Thal","Unique"
"chr18-79963836-79965483",7,7,"Astrocyte; Inhib.Thal; LHb.2.7; MHb.1; MHb.2; Oligo; OPC","Shared"
"chr18-79982440-79983044",1,1,"Oligo","Unique"
"chr18-9135719-9137680",5,5,"Astrocyte; Excit.Thal; Inhib.Thal; LHb.2.7; Oligo","Shared"
"chr18-9286078-9286294",1,1,"Inhib.Thal","Unique"
"chr18-9509666-9510035",1,1,"Inhib.Thal","Unique"
"chr19-1001586-1001936",1,1,"Inhib.Thal","Unique"
"chr19-10150217-10150596",6,2,"Astrocyte; LHb.4","Shared"
"chr19-10184758-10185053",1,1,"Inhib.Thal","Unique"
"chr19-10193913-10195280",4,4,"Inhib.Thal; LHb.1; MHb.1; MHb.2","Shared"
"chr19-10308074-10308582",6,2,"Excit.Thal; Inhib.Thal","Shared"
"chr19-10332265-10333871",4,4,"Astrocyte; Inhib.Thal; MHb.1.2; Oligo","Shared"
"chr19-10390421-10390965",6,3,"Astrocyte; Inhib.Thal; Oligo","Shared"
"chr19-10431789-10432731",8,4,"Inhib.Thal; LHb.2.7; LHb.4; Microglia","Shared"
"chr19-10478887-10479714",4,4,"Astrocyte; Excit.Thal; MHb.1.2; Microglia","Shared"
"chr19-10769155-10769912",2,2,"LHb.1.3.4; Oligo","Shared"
"chr19-10863197-10863396",2,1,"MHb.2","Unique"
"chr19-11197282-11198005",8,8,"Astrocyte; Inhib.Thal; LHb.1.3.4; LHb.1; MHb.1; Microglia; Oligo; OPC","Shared"
"chr19-11293600-11294320",3,3,"LHb.1; MHb.1; Microglia","Shared"
"chr19-11324291-11325339",2,2,"Astrocyte; Inhib.Thal","Shared"
"chr19-1135971-1136991",1,1,"MHb.1","Unique"
"chr19-11480905-11481283",3,3,"Inhib.Thal; MHb.2; Oligo","Shared"
"chr19-11481691-11482852",12,4,"Excit.Thal; Inhib.Thal; MHb.2; Oligo","Shared"
"chr19-11530250-11530789",12,6,"Astrocyte; Excit.Thal; Inhib.Thal; LHb.4; MHb.1; Oligo","Shared"
"chr19-11766284-11768079",4,4,"Astrocyte; MHb.1; Microglia; Oligo","Shared"
"chr19-11797444-11799101",4,4,"Inhib.Thal; LHb.4; MHb.1; MHb.2","Shared"
"chr19-1194029-1194849",6,2,"Excit.Thal; Oligo","Shared"
"chr19-1199468-1200458",1,1,"Inhib.Thal","Unique"
"chr19-12059312-12059894",4,4,"Inhib.Thal; LHb.2.7; LHb.4; Oligo","Shared"
"chr19-12064338-12065448",12,6,"Inhib.Thal; LHb.1.3.4; LHb.1; LHb.4; MHb.1; Microglia","Shared"
"chr19-12092019-12092929",1,1,"Oligo","Unique"
"chr19-12399841-12401705",6,3,"Excit.Thal; MHb.1.2; Oligo","Shared"
"chr19-12596632-12597469",10,5,"Astrocyte; Inhib.Thal; LHb.1.3.4; LHb.2.7; MHb.2","Shared"
"chr19-12668916-12669523",16,4,"Excit.Thal; LHb.1; Oligo; Thal","Shared"
"chr19-1268887-1269605",12,4,"Excit.Thal; Inhib.Thal; LHb.1; Oligo","Shared"
"chr19-12734187-12734913",2,2,"Excit.Thal; Inhib.Thal","Shared"
"chr19-12757524-12758231",4,4,"Astrocyte; LHb.2.7; MHb.2; Oligo","Shared"
"chr19-12806150-12806884",20,4,"Astrocyte; MHb.1; MHb.2; Oligo","Shared"
"chr19-12838225-12838809",12,3,"Astrocyte; Inhib.Thal; Oligo","Shared"
"chr19-12912889-12913479",5,5,"Astrocyte; Inhib.Thal; LHb.4; MHb.1; Oligo","Shared"
"chr19-12977810-12978339",6,6,"Inhib.Thal; LHb.1.3.4; LHb.4; MHb.1; MHb.2; Oligo","Shared"
"chr19-13093780-13094120",30,6,"Astrocyte; Inhib.Thal; LHb.4; Microglia; Oligo; OPC","Shared"
"chr19-13115998-13116962",2,2,"LHb.4; Oligo","Shared"
"chr19-13149538-13150504",2,2,"Excit.Thal; Inhib.Thal","Shared"
"chr19-13151487-13152115",8,4,"Astrocyte; Excit.Thal; Inhib.Thal; LHb.4","Shared"
"chr19-13162587-13163262",9,3,"MHb.1; MHb.2; Microglia","Shared"
"chr19-13181557-13182365",3,3,"Excit.Thal; Inhib.Thal; Oligo","Shared"
"chr19-13498479-13498804",2,1,"Inhib.Thal","Unique"
"chr19-13507071-13507690",1,1,"LHb.4","Unique"
"chr19-13556661-13556967",2,1,"Excit.Thal","Unique"
"chr19-13808790-13809278",9,3,"Inhib.Thal; LHb.4; Oligo","Shared"
"chr19-1383188-1384036",12,2,"Excit.Thal; Inhib.Thal","Shared"
"chr19-1407095-1407829",5,5,"Excit.Thal; Inhib.Thal; MHb.2; Microglia; Oligo","Shared"
"chr19-14148125-14148634",1,1,"OPC","Unique"
"chr19-14183429-14183948",2,1,"Inhib.Thal","Unique"
"chr19-1445641-1446395",3,3,"Excit.Thal; Inhib.Thal; MHb.1","Shared"
"chr19-14495619-14497060",5,5,"Excit.Thal; Inhib.Thal; MHb.1.2; MHb.1; Oligo","Shared"
"chr19-1449910-1450318",3,3,"Excit.Thal; Inhib.Thal; Oligo","Shared"
"chr19-14979016-14980250",8,4,"Astrocyte; Inhib.Thal; MHb.1; MHb.2","Shared"
"chr19-15502384-15502646",1,1,"LHb.2.7","Unique"
"chr19-15563083-15564257",3,1,"LHb.1","Unique"
"chr19-15672717-15673676",1,1,"Excit.Thal","Unique"
"chr19-15871387-15871882",1,1,"MHb.2","Unique"
"chr19-1604995-1606471",5,5,"LHb.2.7; MHb.1.2; MHb.1; Oligo; OPC","Shared"
"chr19-16111078-16112120",6,6,"Excit.Thal; Inhib.Thal; MHb.1.2; MHb.1; Microglia; Oligo","Shared"
"chr19-16182597-16183036",10,2,"Inhib.Thal; Oligo","Shared"
"chr19-1625288-1625511",1,1,"LHb.4","Unique"
"chr19-16286045-16286638",3,3,"Excit.Thal; Inhib.Thal; MHb.2","Shared"
"chr19-16471074-16472521",4,4,"Inhib.Thal; MHb.1.2; MHb.1; MHb.2","Shared"
"chr19-16541749-16543308",5,5,"Astrocyte; Inhib.Thal; MHb.1; MHb.2; Oligo","Shared"
"chr19-17091650-17092306",6,6,"Astrocyte; Excit.Thal; Inhib.Thal; LHb.2.7; Microglia; Oligo","Shared"
"chr19-17135317-17136419",4,4,"Astrocyte; Inhib.Thal; MHb.2; Oligo","Shared"
"chr19-17334330-17335095",4,2,"Inhib.Thal; MHb.1.2","Shared"
"chr19-17337054-17337737",4,2,"Inhib.Thal; MHb.2","Shared"
"chr19-17390520-17391455",18,6,"Astrocyte; Inhib.Thal; LHb.2.7; LHb.4; MHb.2; Microglia","Shared"
"chr19-17468587-17470825",5,5,"Excit.Thal; Inhib.Thal; LHb.1; MHb.1.2; MHb.2","Shared"
"chr19-17511313-17512648",2,2,"Excit.Thal; Inhib.Thal","Shared"
"chr19-17555086-17556600",5,5,"Astrocyte; MHb.1.2; MHb.1; MHb.2; Oligo","Shared"
"chr19-18104172-18104736",6,6,"Astrocyte; Excit.Thal; LHb.4; MHb.1; Microglia; Oligo","Shared"
"chr19-18225361-18226438",3,3,"Excit.Thal; Inhib.Thal; LHb.2.7","Shared"
"chr19-18232680-18233457",12,3,"Excit.Thal; Inhib.Thal; LHb.2.7","Shared"
"chr19-18279473-18279792",4,4,"Excit.Thal; LHb.1; MHb.1; Microglia","Shared"
"chr19-18292641-18293008",2,2,"Inhib.Thal; OPC","Shared"
"chr19-18590412-18590939",5,5,"Astrocyte; Excit.Thal; LHb.2.7; LHb.4; Oligo","Shared"
"chr19-1863446-1864553",25,5,"Astrocyte; Excit.Thal; LHb.1; Microglia; OPC","Shared"
"chr19-18636007-18637185",6,6,"Astrocyte; Excit.Thal; Inhib.Thal; LHb.1; MHb.1; OPC","Shared"
"chr19-18708572-18710192",6,6,"Astrocyte; Inhib.Thal; LHb.2.7; LHb.4; MHb.2; Oligo","Shared"
"chr19-18895567-18896571",24,6,"LHb.1; MHb.1.2; MHb.1; MHb.2; Microglia; OPC","Shared"
"chr19-19063243-19064721",4,4,"Excit.Thal; Inhib.Thal; MHb.2; Microglia","Shared"
"chr19-19169940-19170499",30,3,"Inhib.Thal; LHb.1; Oligo","Shared"
"chr19-19203144-19203638",4,4,"Excit.Thal; LHb.1; MHb.2; Oligo","Shared"
"chr19-19231961-19232515",1,1,"Inhib.Thal","Unique"
"chr19-19278324-19278800",10,2,"LHb.2.7; MHb.2","Shared"
"chr19-19319949-19321550",12,6,"Astrocyte; Excit.Thal; LHb.4; MHb.1; MHb.2; Oligo","Shared"
"chr19-1940123-1941345",4,4,"Excit.Thal; Inhib.Thal; MHb.1.2; MHb.1","Shared"
"chr19-19405057-19406626",4,2,"Excit.Thal; Inhib.Thal","Shared"
"chr19-19618274-19619064",18,6,"Astrocyte; Excit.Thal; Inhib.Thal; MHb.1; Microglia; Oligo","Shared"
"chr19-19643261-19644101",5,5,"Astrocyte; Excit.Thal; LHb.4; MHb.2; Oligo","Shared"
"chr19-19959167-19959439",12,4,"Excit.Thal; Inhib.Thal; LHb.4; Oligo","Shared"
"chr19-20051661-20053031",8,4,"Excit.Thal; Inhib.Thal; LHb.4; Oligo","Shared"
"chr19-20166914-20167786",8,4,"Excit.Thal; LHb.4; MHb.1.2; MHb.2","Shared"
"chr19-2032177-2032946",10,5,"Astrocyte; Inhib.Thal; Microglia; Oligo; OPC","Shared"
"chr19-20664945-20665865",5,5,"Excit.Thal; Inhib.Thal; LHb.1; MHb.2; Oligo","Shared"
"chr19-21474569-21475199",6,6,"Astrocyte; Excit.Thal; LHb.4; MHb.1.2; MHb.2; Oligo","Shared"
"chr19-21793721-21794378",2,2,"Inhib.Thal; LHb.1","Shared"
"chr19-22010455-22011177",6,3,"Excit.Thal; LHb.1.3.4; LHb.4","Shared"
"chr19-22286065-22286831",9,3,"LHb.1.3.4; LHb.4; MHb.1","Shared"
"chr19-22427315-22428718",10,5,"Inhib.Thal; LHb.1; LHb.4; MHb.1; Oligo","Shared"
"chr19-22532146-22533227",12,4,"Astrocyte; LHb.1.3.4; LHb.4; OPC","Shared"
"chr19-22622943-22623550",2,2,"LHb.4; OPC","Shared"
"chr19-22633500-22634771",4,4,"Excit.Thal; Inhib.Thal; LHb.1.3.4; LHb.4","Shared"
"chr19-2278506-2278992",2,2,"MHb.2; Oligo","Shared"
"chr19-2374737-2375090",1,1,"LHb.1.3.4","Unique"
"chr19-2427057-2428085",3,3,"Inhib.Thal; MHb.1; OPC","Shared"
"chr19-2443125-2443464",1,1,"LHb.4","Unique"
"chr19-2511455-2512112",5,1,"Excit.Thal","Unique"
"chr19-2632937-2633909",2,2,"Inhib.Thal; MHb.2","Shared"
"chr19-2683651-2683925",3,1,"Inhib.Thal","Unique"
"chr19-2784934-2785851",3,3,"MHb.1.2; MHb.1; Oligo","Shared"
"chr19-29119570-29120965",10,5,"Excit.Thal; Inhib.Thal; LHb.2.7; MHb.1; MHb.2","Shared"
"chr19-29590085-29590887",4,4,"Excit.Thal; Inhib.Thal; LHb.4; MHb.1","Shared"
"chr19-29811113-29812810",5,5,"Astrocyte; Excit.Thal; Inhib.Thal; LHb.2.7; MHb.1.2","Shared"
"chr19-30223413-30223750",2,2,"Inhib.Thal; Oligo","Shared"
"chr19-30468600-30469023",2,2,"Inhib.Thal; LHb.4","Shared"
"chr19-305619-306847",2,1,"Excit.Thal","Unique"
"chr19-307052-307468",3,1,"Inhib.Thal","Unique"
"chr19-3132778-3133551",6,3,"Astrocyte; Inhib.Thal; LHb.2.7","Shared"
"chr19-313316-314366",3,3,"Excit.Thal; Inhib.Thal; LHb.4","Shared"
"chr19-32569951-32570632",3,3,"Inhib.Thal; LHb.2.7; LHb.4","Shared"
"chr19-32677632-32678056",2,1,"Inhib.Thal","Unique"
"chr19-3270358-3271338",2,2,"Astrocyte; Inhib.Thal","Shared"
"chr19-32747799-32748792",6,3,"Inhib.Thal; LHb.4; MHb.2","Shared"
"chr19-3321407-3321841",2,1,"MHb.2","Unique"
"chr19-33437979-33438641",3,3,"Inhib.Thal; LHb.1.3.4; MHb.1","Shared"
"chr19-33777831-33778398",14,7,"Astrocyte; Excit.Thal; Inhib.Thal; LHb.1; MHb.1.2; MHb.2; Oligo","Shared"
"chr19-34364613-34366384",6,6,"Astrocyte; MHb.1.2; MHb.1; MHb.2; Microglia; Oligo","Shared"
"chr19-34666378-34666907",4,2,"LHb.1.3.4; LHb.4","Shared"
"chr19-34772361-34773615",4,4,"Excit.Thal; Inhib.Thal; LHb.4; MHb.2","Shared"
"chr19-34973016-34973743",6,3,"MHb.2; Microglia; Oligo","Shared"
"chr19-35139384-35139694",2,1,"MHb.2","Unique"
"chr19-35315606-35316123",2,2,"LHb.2.7; MHb.2","Shared"
"chr19-35434101-35434730",2,2,"LHb.4; Oligo","Shared"
"chr19-35544925-35546077",5,5,"Astrocyte; MHb.1.2; MHb.1; MHb.2; Oligo","Shared"
"chr19-35644142-35645256",4,4,"Astrocyte; Excit.Thal; LHb.2.7; MHb.1.2","Shared"
"chr19-35756660-35757048",7,1,"LHb.2.7","Unique"
"chr19-35766710-35768418",3,3,"Inhib.Thal; LHb.4; MHb.2","Shared"
"chr19-35845492-35846329",4,2,"Inhib.Thal; MHb.1.2","Shared"
"chr19-35986305-35986664",1,1,"Inhib.Thal","Unique"
"chr19-36032053-36033386",40,4,"Astrocyte; Excit.Thal; MHb.2; Oligo","Shared"
"chr19-36053724-36055191",15,3,"Excit.Thal; Inhib.Thal; MHb.1","Shared"
"chr19-36139437-36141453",12,6,"Astrocyte; MHb.1.2; MHb.1; MHb.2; Oligo; OPC","Shared"
"chr19-36257055-36258485",4,4,"Inhib.Thal; MHb.2; Microglia; Oligo","Shared"
"chr19-36421093-36422069",15,5,"Astrocyte; LHb.4; MHb.1; MHb.2; Oligo","Shared"
"chr19-36527915-36529517",4,4,"Inhib.Thal; MHb.1.2; MHb.1; MHb.2","Shared"
"chr19-36915412-36916868",6,6,"Astrocyte; MHb.1.2; MHb.1; MHb.2; Microglia; Oligo","Shared"
"chr19-37037245-37037511",4,1,"LHb.1.3.4","Unique"
"chr19-37056238-37057166",2,2,"Excit.Thal; LHb.4","Shared"
"chr19-37172354-37173223",10,5,"LHb.4; MHb.1.2; MHb.1; MHb.2; Oligo","Shared"
"chr19-37293164-37293746",1,1,"LHb.4","Unique"
"chr19-37303578-37305330",18,3,"Astrocyte; Inhib.Thal; LHb.4","Shared"
"chr19-3738646-3739048",1,1,"Inhib.Thal","Unique"
"chr19-37578320-37578945",1,1,"LHb.2.7","Unique"
"chr19-3762416-3763173",18,6,"Astrocyte; Excit.Thal; Inhib.Thal; MHb.2; Oligo; OPC","Shared"
"chr19-37691821-37692512",6,6,"Astrocyte; Inhib.Thal; LHb.4; MHb.1.2; MHb.1; Oligo","Shared"
"chr19-37718348-37720026",2,2,"Astrocyte; MHb.2","Shared"
"chr19-37854902-37855600",4,4,"Inhib.Thal; LHb.4; MHb.2; Oligo","Shared"
"chr19-37856255-37856587",1,1,"LHb.4","Unique"
"chr19-37933495-37934331",10,2,"Inhib.Thal; LHb.2.7","Shared"
"chr19-3808607-3809070",1,1,"Inhib.Thal","Unique"
"chr19-38182553-38182821",1,1,"Excit.Thal","Unique"
"chr19-38209604-38209980",6,3,"Inhib.Thal; Oligo; OPC","Shared"
"chr19-38315613-38316350",1,1,"Excit.Thal","Unique"
"chr19-383834-384654",6,1,"LHb.4","Unique"
"chr19-38402618-38403766",8,4,"Excit.Thal; LHb.2.7; MHb.1.2; MHb.1","Shared"
"chr19-38543393-38545289",18,6,"Astrocyte; Inhib.Thal; LHb.2.7; LHb.4; Oligo; OPC","Shared"
"chr19-38788146-38789006",3,3,"Inhib.Thal; LHb.4; Oligo","Shared"
"chr19-38975158-38976384",5,5,"Excit.Thal; LHb.1; LHb.4; MHb.2; Oligo","Shared"
"chr19-39031049-39032848",8,8,"Astrocyte; Excit.Thal; Inhib.Thal; LHb.1; MHb.1.2; MHb.2; Microglia; Oligo","Shared"
"chr19-39263852-39265879",5,5,"Astrocyte; Inhib.Thal; LHb.4; MHb.2; Oligo","Shared"
"chr19-39310402-39311327",6,3,"Excit.Thal; LHb.1; MHb.1","Shared"
"chr19-39319814-39321213",8,4,"Astrocyte; MHb.1.2; Microglia; Oligo","Shared"
"chr19-39350616-39350861",1,1,"Inhib.Thal","Unique"
"chr19-39411864-39413003",20,5,"Astrocyte; Excit.Thal; Inhib.Thal; MHb.1; Microglia","Shared"
"chr19-39480080-39481488",14,7,"Astrocyte; LHb.4; MHb.1.2; MHb.1; MHb.2; Oligo; OPC","Shared"
"chr19-39492886-39493123",1,1,"MHb.2","Unique"
"chr19-39551411-39551673",1,1,"Microglia","Unique"
"chr19-3984965-3985616",15,3,"Excit.Thal; Inhib.Thal; MHb.1","Shared"
"chr19-3989932-3990409",2,2,"Astrocyte; Inhib.Thal","Shared"
"chr19-40341663-40342080",2,2,"Inhib.Thal; Oligo","Shared"
"chr19-40420625-40421546",5,5,"Astrocyte; Inhib.Thal; MHb.1; Microglia; Oligo","Shared"
"chr19-40465340-40466234",3,3,"Excit.Thal; MHb.1; Microglia","Shared"
"chr19-40530031-40530836",4,4,"Astrocyte; Inhib.Thal; MHb.1.2; MHb.2","Shared"
"chr19-40864684-40865305",2,2,"Inhib.Thal; LHb.4","Shared"
"chr19-41135497-41136066",2,2,"Microglia; Oligo","Shared"
"chr19-41203335-41203630",3,1,"LHb.4","Unique"
"chr19-41263168-41265556",6,6,"Astrocyte; Excit.Thal; Inhib.Thal; MHb.1; MHb.2; OPC","Shared"
"chr19-41363167-41364479",3,3,"Excit.Thal; MHb.1.2; MHb.2","Shared"
"chr19-41396859-41397962",8,4,"Excit.Thal; Inhib.Thal; MHb.1; MHb.2","Shared"
"chr19-41616587-41616887",1,1,"MHb.2","Unique"
"chr19-4198006-4198641",5,5,"Astrocyte; Excit.Thal; LHb.1; MHb.1; MHb.2","Shared"
"chr19-42038473-42038990",1,1,"LHb.2.7","Unique"
"chr19-4217248-4218130",2,2,"Inhib.Thal; LHb.4","Shared"
"chr19-426829-427399",5,5,"Inhib.Thal; LHb.4; MHb.1; MHb.2; Oligo","Shared"
"chr19-4310712-4311187",1,1,"Inhib.Thal","Unique"
"chr19-43331181-43331572",1,1,"Excit.Thal","Unique"
"chr19-43352867-43354676",3,3,"Astrocyte; Excit.Thal; Inhib.Thal","Shared"
"chr19-43474891-43475597",21,7,"Excit.Thal; Inhib.Thal; LHb.1; LHb.2.7; LHb.4; MHb.2; Microglia","Shared"
"chr19-43562551-43563217",4,4,"Astrocyte; Inhib.Thal; LHb.1; Oligo","Shared"
"chr19-43618926-43620581",4,4,"Excit.Thal; Inhib.Thal; LHb.1; Microglia","Shared"
"chr19-43668000-43669488",21,7,"Astrocyte; Excit.Thal; Inhib.Thal; LHb.1; MHb.2; Microglia; OPC","Shared"
"chr19-43797151-43798055",2,2,"Inhib.Thal; LHb.4","Shared"
"chr19-43900973-43902220",4,4,"Astrocyte; Inhib.Thal; MHb.1; Oligo","Shared"
"chr19-43950919-43951838",8,4,"Astrocyte; MHb.1; MHb.2; Oligo","Shared"
"chr19-4402170-4402944",4,4,"Astrocyte; Excit.Thal; Inhib.Thal; MHb.1.2","Shared"
"chr19-44259522-44260757",6,6,"Astrocyte; Inhib.Thal; LHb.1; MHb.1; MHb.2; Oligo","Shared"
"chr19-44356251-44357085",8,4,"Astrocyte; MHb.1.2; MHb.1; Microglia","Shared"
"chr19-44499832-44500928",3,1,"MHb.1","Unique"
"chr19-44784188-44784623",4,2,"Inhib.Thal; LHb.1.3.4","Shared"
"chr19-44796686-44797132",2,2,"LHb.1.3.4; LHb.1","Shared"
"chr19-4503067-4503618",4,1,"LHb.2.7","Unique"
"chr19-45153285-45153884",2,2,"Astrocyte; Oligo","Shared"
"chr19-4516599-4517353",4,4,"LHb.2.7; LHb.4; MHb.2; Oligo","Shared"
"chr19-45187023-45187759",1,1,"LHb.2.7","Unique"
"chr19-45385439-45386244",1,1,"Inhib.Thal","Unique"
"chr19-45439490-45440202",4,4,"Excit.Thal; Inhib.Thal; LHb.2.7; Oligo","Shared"
"chr19-45478335-45479254",3,3,"Astrocyte; Inhib.Thal; Oligo","Shared"
"chr19-45506372-45507068",4,4,"Astrocyte; MHb.1; Microglia; Oligo","Shared"
"chr19-45597704-45598072",2,2,"MHb.1.2; MHb.2","Shared"
"chr19-45670697-45671392",6,3,"MHb.1.2; MHb.2; Oligo","Shared"
"chr19-45676830-45678240",10,5,"Excit.Thal; Inhib.Thal; LHb.2.7; LHb.4; MHb.1.2","Shared"
"chr19-45885417-45887081",20,4,"Excit.Thal; MHb.1; MHb.2; OPC","Shared"
"chr19-45927566-45928055",3,3,"Astrocyte; MHb.1; Oligo","Shared"
"chr19-4592808-4593218",6,3,"Excit.Thal; Inhib.Thal; MHb.2","Shared"
"chr19-45994834-45995687",25,5,"Excit.Thal; Inhib.Thal; MHb.1; Microglia; Oligo","Shared"
"chr19-460094-460621",3,3,"Inhib.Thal; MHb.2; Oligo","Shared"
"chr19-46028780-46029227",2,2,"LHb.4; Oligo","Shared"
"chr19-46076782-46077873",6,6,"Astrocyte; Excit.Thal; Inhib.Thal; LHb.2.7; MHb.2; Microglia","Shared"
"chr19-4620109-4621005",6,3,"Excit.Thal; Inhib.Thal; LHb.4","Shared"
"chr19-46265110-46265602",8,2,"Astrocyte; LHb.4","Shared"
"chr19-46320323-46320711",2,2,"LHb.4; Oligo","Shared"
"chr19-46346602-46347570",5,5,"Excit.Thal; MHb.1; MHb.2; Microglia; Oligo","Shared"
"chr19-46495163-46496255",6,6,"Astrocyte; Excit.Thal; Inhib.Thal; MHb.1; Microglia; Oligo","Shared"
"chr19-46532914-46533884",9,3,"LHb.1.3.4; LHb.4; Oligo","Shared"
"chr19-46600387-46601556",8,4,"Excit.Thal; Inhib.Thal; MHb.1; Oligo","Shared"
"chr19-46634877-46635185",8,2,"MHb.1; MHb.2","Shared"
"chr19-46660005-46660449",1,1,"Inhib.Thal","Unique"
"chr19-46697269-46697864",5,5,"Astrocyte; Excit.Thal; Inhib.Thal; LHb.2.7; MHb.2","Shared"
"chr19-46724962-46725294",8,2,"MHb.1; MHb.2","Shared"
"chr19-46764673-46765071",2,2,"Excit.Thal; LHb.4","Shared"
"chr19-46777320-46777743",1,1,"Inhib.Thal","Unique"
"chr19-4682369-4682648",2,1,"MHb.2","Unique"
"chr19-46840486-46840865",36,4,"Astrocyte; Inhib.Thal; LHb.4; Oligo","Shared"
"chr19-47035617-47036151",2,2,"Excit.Thal; Oligo","Shared"
"chr19-47280273-47280542",8,2,"Excit.Thal; Inhib.Thal","Shared"
"chr19-47427986-47428575",5,5,"Astrocyte; Excit.Thal; LHb.4; MHb.2; Oligo","Shared"
"chr19-47497047-47497428",4,2,"LHb.2.7; Oligo","Shared"
"chr19-47514435-47515922",3,3,"Excit.Thal; Inhib.Thal; MHb.1","Shared"
"chr19-47521042-47521669",2,1,"Inhib.Thal","Unique"
"chr19-47607965-47610457",4,4,"MHb.1.2; MHb.1; MHb.2; Oligo","Shared"
"chr19-47650838-47651696",2,2,"Excit.Thal; Oligo","Shared"
"chr19-4768734-4769755",6,6,"Astrocyte; Excit.Thal; Inhib.Thal; LHb.4; Oligo; OPC","Shared"
"chr19-47963148-47963555",4,2,"Inhib.Thal; MHb.2","Shared"
"chr19-48255574-48256070",25,5,"Astrocyte; Inhib.Thal; LHb.2.7; MHb.2; Oligo","Shared"
"chr19-48259724-48260417",3,3,"Inhib.Thal; MHb.2; Microglia","Shared"
"chr19-48362985-48364508",4,4,"Excit.Thal; Inhib.Thal; MHb.1; Oligo","Shared"
"chr19-48390622-48391755",6,6,"Astrocyte; LHb.2.7; LHb.4; MHb.1.2; MHb.1; MHb.2","Shared"
"chr19-48513423-48514189",12,6,"Astrocyte; Excit.Thal; Inhib.Thal; LHb.1.3.4; Microglia; Oligo","Shared"
"chr19-4851635-4852156",3,3,"Inhib.Thal; LHb.4; Oligo","Shared"
"chr19-48568316-48568912",3,3,"Astrocyte; LHb.1; OPC","Shared"
"chr19-48588784-48589554",6,6,"Astrocyte; Excit.Thal; Inhib.Thal; MHb.2; Microglia; Oligo","Shared"
"chr19-48623933-48624534",6,3,"Excit.Thal; Inhib.Thal; Oligo","Shared"
"chr19-48638130-48638478",40,4,"Astrocyte; Excit.Thal; Inhib.Thal; Oligo","Shared"
"chr19-48659783-48660190",5,5,"Excit.Thal; Inhib.Thal; LHb.1.3.4; LHb.1; LHb.4","Shared"
"chr19-48695697-48697005",3,3,"Astrocyte; Inhib.Thal; MHb.2","Shared"
"chr19-48810701-48811218",8,4,"Astrocyte; Excit.Thal; Microglia; Oligo","Shared"
"chr19-48858482-48859561",4,4,"Inhib.Thal; LHb.4; MHb.2; Oligo","Shared"
"chr19-48872043-48872757",8,4,"Excit.Thal; Inhib.Thal; Oligo; OPC","Shared"
"chr19-49017794-49018254",5,5,"Inhib.Thal; LHb.4; MHb.1; MHb.2; Oligo","Shared"
"chr19-49084767-49086168",4,4,"Astrocyte; Inhib.Thal; MHb.1; Microglia","Shared"
"chr19-49113795-49115268",24,6,"Astrocyte; Excit.Thal; Inhib.Thal; LHb.1; MHb.1; Oligo","Shared"
"chr19-49142676-49143264",5,5,"Excit.Thal; Inhib.Thal; LHb.2.7; LHb.4; Oligo","Shared"
"chr19-49167883-49168676",20,4,"Excit.Thal; Inhib.Thal; LHb.2.7; LHb.4","Shared"
"chr19-49182003-49183080",2,2,"Excit.Thal; Inhib.Thal","Shared"
"chr19-49224692-49225126",2,2,"Inhib.Thal; LHb.2.7","Shared"
"chr19-49346928-49348195",8,4,"Inhib.Thal; LHb.1.3.4; LHb.4; MHb.1","Shared"
"chr19-49395593-49395909",14,2,"MHb.1; MHb.2","Shared"
"chr19-49403452-49404415",26,2,"LHb.1.3.4; MHb.1","Shared"
"chr19-49414923-49415611",2,2,"MHb.1; MHb.2","Shared"
"chr19-49422341-49422717",14,2,"MHb.2; Oligo","Shared"
"chr19-49452747-49453731",25,5,"Excit.Thal; Inhib.Thal; MHb.1; Microglia; Oligo","Shared"
"chr19-49463941-49464337",2,2,"Inhib.Thal; LHb.4","Shared"
"chr19-49486982-49487769",6,3,"Excit.Thal; Inhib.Thal; MHb.1","Shared"
"chr19-495090-495941",4,4,"Excit.Thal; Inhib.Thal; LHb.4; Oligo","Shared"
"chr19-49618513-49618914",2,1,"Inhib.Thal","Unique"
"chr19-49676292-49677345",10,5,"Astrocyte; Excit.Thal; Inhib.Thal; Microglia; Oligo","Shared"
"chr19-49680688-49680986",1,1,"Excit.Thal","Unique"
"chr19-49735310-49736090",2,2,"Excit.Thal; Inhib.Thal","Shared"
"chr19-49746198-49746991",9,3,"Astrocyte; Inhib.Thal; MHb.1.2","Shared"
"chr19-497534-498091",8,8,"Astrocyte; Inhib.Thal; LHb.1.3.4; LHb.1; LHb.4; MHb.1.2; MHb.1; MHb.2","Shared"
"chr19-49766198-49767187",18,6,"Astrocyte; Excit.Thal; Inhib.Thal; LHb.1; Microglia; Oligo","Shared"
"chr19-49801254-49801818",1,1,"Inhib.Thal","Unique"
"chr19-49866905-49867715",2,2,"Excit.Thal; Oligo","Shared"
"chr19-49928784-49930305",4,4,"Astrocyte; Excit.Thal; MHb.1; Oligo","Shared"
"chr19-49937461-49938179",15,3,"Inhib.Thal; MHb.2; Oligo","Shared"
"chr19-50280044-50280715",4,4,"Excit.Thal; Inhib.Thal; LHb.1; LHb.4","Shared"
"chr19-50409102-50409438",1,1,"Inhib.Thal","Unique"
"chr19-50496001-50497226",12,6,"Inhib.Thal; LHb.1; LHb.2.7; LHb.4; Oligo; OPC","Shared"
"chr19-50530998-50531785",3,3,"Inhib.Thal; LHb.7; MHb.2","Shared"
"chr19-50551733-50552035",4,2,"Inhib.Thal; OPC","Shared"
"chr19-50728247-50728667",4,4,"Inhib.Thal; LHb.2.7; LHb.4; Oligo","Shared"
"chr19-50790345-50790712",1,1,"LHb.2.7","Unique"
"chr19-50804163-50805359",5,5,"Astrocyte; Inhib.Thal; MHb.1.2; MHb.1; MHb.2","Shared"
"chr19-51107717-51109143",5,5,"Astrocyte; Excit.Thal; LHb.4; MHb.1; MHb.2","Shared"
"chr19-511125-511635",1,1,"MHb.2","Unique"
"chr19-51181544-51182277",2,2,"Inhib.Thal; LHb.4","Shared"
"chr19-51440801-51441246",2,2,"LHb.1; LHb.2.7","Shared"
"chr19-51643549-51645122",1,1,"Excit.Thal","Unique"
"chr19-51660991-51661277",8,1,"Inhib.Thal","Unique"
"chr19-51777503-51778168",3,3,"Inhib.Thal; LHb.4; Oligo","Shared"
"chr19-52007335-52008808",5,5,"Astrocyte; MHb.1.2; MHb.1; MHb.2; Oligo","Shared"
"chr19-52027871-52029002",24,6,"Inhib.Thal; MHb.1.2; MHb.1; MHb.2; Microglia; Oligo","Shared"
"chr19-52648834-52649076",1,1,"LHb.4","Unique"
"chr19-52689622-52691138",5,5,"Astrocyte; Excit.Thal; Inhib.Thal; MHb.2; Oligo","Shared"
"chr19-52735629-52736047",1,1,"Excit.Thal","Unique"
"chr19-52821504-52821905",2,1,"Inhib.Thal","Unique"
"chr19-52896521-52898455",8,8,"Astrocyte; Excit.Thal; Inhib.Thal; LHb.4; MHb.1.2; MHb.1; MHb.2; Oligo","Shared"
"chr19-52946399-52946960",6,2,"Excit.Thal; LHb.2.7","Shared"
"chr19-52992656-52993067",2,1,"Inhib.Thal","Unique"
"chr19-53019334-53019552",2,1,"LHb.4","Unique"
"chr19-53036871-53038078",15,3,"Inhib.Thal; LHb.4; MHb.2","Shared"
"chr19-5308332-5309243",2,2,"Excit.Thal; Inhib.Thal","Shared"
"chr19-53114761-53115068",1,1,"Excit.Thal","Unique"
"chr19-5338676-5339129",2,2,"Inhib.Thal; Oligo","Shared"
"chr19-53394483-53395897",3,3,"Astrocyte; Excit.Thal; LHb.2.7","Shared"
"chr19-53537216-53539038",10,5,"Astrocyte; LHb.4; MHb.1; Microglia; Oligo","Shared"
"chr19-53553629-53555031",4,4,"Astrocyte; MHb.1; Oligo; OPC","Shared"
"chr19-53746132-53746615",8,2,"Inhib.Thal; LHb.2.7","Shared"
"chr19-53866939-53867977",15,5,"Astrocyte; Inhib.Thal; LHb.1; MHb.2; Oligo","Shared"
"chr19-53881830-53882478",12,6,"Excit.Thal; Inhib.Thal; LHb.1.3.4; LHb.2.7; LHb.4; Oligo","Shared"
"chr19-53889594-53890196",18,6,"Astrocyte; Inhib.Thal; LHb.1; LHb.4; MHb.1; Oligo","Shared"
"chr19-53895993-53896267",2,1,"MHb.2","Unique"
"chr19-53925523-53926491",11,1,"LHb.4","Unique"
"chr19-53977390-53978694",28,7,"Astrocyte; Excit.Thal; Inhib.Thal; LHb.1.3.4; LHb.1; LHb.4; Oligo","Shared"
"chr19-53979792-53980525",6,6,"Excit.Thal; Inhib.Thal; LHb.1; LHb.4; MHb.1.2; OPC","Shared"
"chr19-54023738-54024411",4,4,"Inhib.Thal; LHb.1.3.4; LHb.4; MHb.2","Shared"
"chr19-54222520-54223058",6,1,"Excit.Thal","Unique"
"chr19-54231414-54232008",35,7,"Astrocyte; Inhib.Thal; LHb.4; MHb.1.2; MHb.1; MHb.2; Microglia","Shared"
"chr19-54238885-54239730",2,1,"Excit.Thal","Unique"
"chr19-54470961-54471706",1,1,"LHb.4","Unique"
"chr19-55005968-55006304",2,2,"Excit.Thal; Inhib.Thal","Shared"
"chr19-55076179-55076670",3,3,"Excit.Thal; Inhib.Thal; LHb.4","Shared"
"chr19-55116207-55116669",2,2,"Excit.Thal; LHb.1","Shared"
"chr19-55116924-55118977",12,4,"LHb.2.7; MHb.1.2; MHb.1; MHb.2","Shared"
"chr19-55146254-55147209",4,2,"Inhib.Thal; LHb.1.3.4","Shared"
"chr19-55156004-55156561",2,2,"Inhib.Thal; LHb.1","Shared"
"chr19-55165901-55167138",7,7,"Inhib.Thal; LHb.1; LHb.4; MHb.1.2; MHb.1; Microglia; Oligo","Shared"
"chr19-55274006-55274487",3,1,"MHb.2","Unique"
"chr19-55279777-55280688",5,5,"Astrocyte; Excit.Thal; Inhib.Thal; Oligo; OPC","Shared"
"chr19-55353438-55354333",12,6,"Astrocyte; Excit.Thal; Inhib.Thal; LHb.2.7; LHb.4; Oligo","Shared"
"chr19-55418043-55418492",1,1,"Astrocyte","Unique"
"chr19-55419195-55419915",9,3,"Inhib.Thal; LHb.4; Oligo","Shared"
"chr19-55549680-55550237",18,2,"LHb.1; MHb.1","Shared"
"chr19-55598901-55600721",10,5,"Excit.Thal; Inhib.Thal; MHb.1; Microglia; Oligo","Shared"
"chr19-556037-556351",3,1,"Excit.Thal","Unique"
"chr19-55640516-55641373",3,3,"Excit.Thal; MHb.1; MHb.2","Shared"
"chr19-55674787-55675523",16,4,"LHb.4; MHb.1; MHb.2; Oligo","Shared"
"chr19-5577899-5578521",3,3,"Inhib.Thal; MHb.2; Oligo","Shared"
"chr19-5605700-5606120",1,1,"Inhib.Thal","Unique"
"chr19-56066114-56066932",7,7,"Astrocyte; Excit.Thal; Inhib.Thal; LHb.2.7; MHb.2; Oligo; OPC","Shared"
"chr19-56216976-56217929",3,3,"Astrocyte; Inhib.Thal; Oligo","Shared"
"chr19-5622185-5623802",4,4,"Inhib.Thal; MHb.1.2; MHb.1; MHb.2","Shared"
"chr19-56403249-56404802",4,2,"MHb.1; OPC","Shared"
"chr19-56490311-56490613",1,1,"LHb.2.7","Unique"
"chr19-56594635-56596469",5,5,"Astrocyte; Inhib.Thal; MHb.2; Microglia; Oligo","Shared"
"chr19-56637328-56638442",5,5,"Astrocyte; Inhib.Thal; LHb.4; MHb.1; Oligo","Shared"
"chr19-56727588-56727992",3,3,"Inhib.Thal; MHb.2; Oligo","Shared"
"chr19-56764530-56765786",6,3,"Astrocyte; MHb.1; Oligo","Shared"
"chr19-56838753-56840922",3,3,"Excit.Thal; Inhib.Thal; OPC","Shared"
"chr19-56866344-56866930",2,2,"Inhib.Thal; LHb.4","Shared"
"chr19-5690006-5690465",4,4,"Astrocyte; MHb.1; MHb.2; Microglia","Shared"
"chr19-56945669-56946502",14,2,"Inhib.Thal; LHb.1","Shared"
"chr19-56966044-56967137",3,3,"Astrocyte; LHb.2.7; LHb.4","Shared"
"chr19-56983028-56983577",4,2,"Inhib.Thal; LHb.4","Shared"
"chr19-57010171-57010924",4,2,"LHb.4; MHb.2","Shared"
"chr19-57075803-57076129",3,3,"Excit.Thal; Inhib.Thal; MHb.2","Shared"
"chr19-57099008-57099474",10,2,"Inhib.Thal; Oligo","Shared"
"chr19-5711760-5712179",2,1,"LHb.4","Unique"
"chr19-57171435-57172938",4,4,"Astrocyte; Excit.Thal; LHb.2.7; Oligo","Shared"
"chr19-5719610-5720997",10,5,"Inhib.Thal; MHb.1; MHb.2; Oligo; OPC","Shared"
"chr19-57319988-57321136",5,5,"Astrocyte; Inhib.Thal; MHb.1; Microglia; Oligo","Shared"
"chr19-57350803-57352134",5,5,"Astrocyte; LHb.1; MHb.1; MHb.2; Oligo","Shared"
"chr19-57379693-57380390",2,1,"Excit.Thal","Unique"
"chr19-57389252-57390647",4,4,"MHb.1.2; MHb.1; Microglia; Oligo","Shared"
"chr19-57487336-57488060",18,6,"Astrocyte; LHb.1; MHb.1.2; MHb.1; MHb.2; Oligo","Shared"
"chr19-57527081-57528177",3,3,"Astrocyte; MHb.1; Oligo","Shared"
"chr19-57558729-57560450",6,6,"Astrocyte; MHb.1.2; MHb.1; MHb.2; Microglia; Oligo","Shared"
"chr19-57632715-57634203",4,4,"MHb.1.2; MHb.1; Microglia; Oligo","Shared"
"chr19-57681367-57682466",5,5,"Astrocyte; MHb.1; MHb.2; Microglia; Oligo","Shared"
"chr19-57746395-57747481",4,4,"Astrocyte; MHb.1; Microglia; Oligo","Shared"
"chr19-57814379-57815225",5,5,"Astrocyte; LHb.4; MHb.1; Oligo; OPC","Shared"
"chr19-57829728-57830671",6,3,"Astrocyte; LHb.4; Oligo","Shared"
"chr19-57849531-57850270",3,3,"Astrocyte; MHb.1; Oligo","Shared"
"chr19-58150171-58150941",21,3,"MHb.1; MHb.2; Oligo","Shared"
"chr19-58182622-58184035",4,4,"Excit.Thal; Inhib.Thal; MHb.1; Oligo","Shared"
"chr19-58536746-58538935",6,3,"Inhib.Thal; LHb.4; Oligo","Shared"
"chr19-58554807-58555319",6,2,"Excit.Thal; Inhib.Thal","Shared"
"chr19-58558176-58559165",8,4,"Excit.Thal; Inhib.Thal; MHb.1.2; Oligo","Shared"
"chr19-5990401-5990615",1,1,"Inhib.Thal","Unique"
"chr19-6048785-6049118",3,3,"Excit.Thal; LHb.1.3.4; Oligo","Shared"
"chr19-6110151-6110959",28,7,"Astrocyte; Excit.Thal; Inhib.Thal; MHb.1.2; MHb.1; Microglia; OPC","Shared"
"chr19-6228782-6229102",8,2,"LHb.1; MHb.2","Shared"
"chr19-6411623-6412724",2,2,"Inhib.Thal; Oligo","Shared"
"chr19-6424353-6425827",12,4,"Astrocyte; Inhib.Thal; MHb.1; MHb.2","Shared"
"chr19-6515829-6517286",5,5,"Astrocyte; Excit.Thal; MHb.1.2; MHb.2; Oligo","Shared"
"chr19-6730265-6730828",1,1,"Microglia","Unique"
"chr19-6739389-6739766",12,6,"Astrocyte; Inhib.Thal; LHb.1; Microglia; Oligo; OPC","Shared"
"chr19-6831544-6832081",4,2,"LHb.1.3.4; LHb.1","Shared"
"chr19-7197044-7197546",3,3,"MHb.1; Microglia; Oligo","Shared"
"chr19-770120-770553",6,2,"Inhib.Thal; Oligo","Shared"
"chr19-7993267-7994052",8,2,"Excit.Thal; Inhib.Thal","Shared"
"chr19-8158466-8158778",1,1,"Inhib.Thal","Unique"
"chr19-8161135-8161549",1,1,"LHb.1","Unique"
"chr19-821230-822698",4,2,"LHb.4; Oligo","Shared"
"chr19-8525263-8526883",32,8,"Excit.Thal; Inhib.Thal; LHb.4; MHb.1; Microglia; Oligo; OPC; Thal","Shared"
"chr19-8571066-8571322",1,1,"LHb.4","Unique"
"chr19-8578686-8578993",2,2,"Inhib.Thal; LHb.4","Shared"
"chr19-8591859-8593015",10,5,"Astrocyte; Excit.Thal; LHb.4; Oligo; OPC","Shared"
"chr19-867255-867593",4,2,"LHb.2.7; MHb.2","Shared"
"chr19-9054757-9055093",1,1,"LHb.4","Unique"
"chr19-9136446-9136750",4,2,"Inhib.Thal; LHb.1","Shared"
"chr19-9139721-9140934",3,3,"Astrocyte; LHb.1; Oligo","Shared"
"chr19-9406589-9407436",2,2,"Inhib.Thal; LHb.1","Shared"
"chr19-9435026-9436207",10,5,"Astrocyte; Inhib.Thal; LHb.4; MHb.2; Oligo","Shared"
"chr19-9538145-9539001",24,6,"Astrocyte; Inhib.Thal; LHb.1; MHb.1; MHb.2; Oligo","Shared"
"chr2-10008303-10008844",1,1,"Inhib.Thal","Unique"
"chr2-100606757-100607349",3,3,"Excit.Thal; Inhib.Thal; Oligo","Shared"
"chr2-100610253-100610967",4,4,"Astrocyte; Inhib.Thal; MHb.2; Oligo","Shared"
"chr2-100799305-100799699",2,2,"Excit.Thal; LHb.2.7","Shared"
"chr2-100990524-100991374",2,2,"Inhib.Thal; MHb.2","Shared"
"chr2-101001575-101002951",2,2,"Excit.Thal; MHb.1.2","Shared"
"chr2-101793238-101793963",2,1,"Inhib.Thal","Unique"
"chr2-101831283-101831867",2,2,"LHb.2.7; Oligo","Shared"
"chr2-102848352-102848851",4,4,"Excit.Thal; Inhib.Thal; LHb.2.7; LHb.4","Shared"
"chr2-10475362-10475617",2,1,"Oligo","Unique"
"chr2-104758019-104758642",2,2,"Excit.Thal; Oligo","Shared"
"chr2-104852967-104853413",4,2,"Inhib.Thal; Oligo","Shared"
"chr2-105409752-105410238",3,3,"Astrocyte; Excit.Thal; Inhib.Thal","Shared"
"chr2-105487505-105488198",1,1,"Excit.Thal","Unique"
"chr2-10550103-10550580",1,1,"Inhib.Thal","Unique"
"chr2-105691795-105692167",1,1,"Excit.Thal","Unique"
"chr2-106119149-106119426",1,1,"Inhib.Thal","Unique"
"chr2-107392013-107392815",2,2,"Excit.Thal; Oligo","Shared"
"chr2-108325296-108326673",1,1,"Excit.Thal","Unique"
"chr2-109108407-109109307",4,2,"Excit.Thal; Inhib.Thal","Shared"
"chr2-109127987-109130443",6,6,"Inhib.Thal; LHb.4; MHb.1.2; MHb.1; MHb.2; Oligo","Shared"
"chr2-109510126-109510412",8,4,"Astrocyte; Inhib.Thal; LHb.1.3.4; Oligo","Shared"
"chr2-110128175-110128563",1,1,"Excit.Thal","Unique"
"chr2-110211953-110212781",2,2,"MHb.2; Oligo","Shared"
"chr2-110826863-110827759",2,2,"Excit.Thal; Inhib.Thal","Shared"
"chr2-112137991-112138688",5,5,"Inhib.Thal; LHb.1; MHb.2; Oligo; OPC","Shared"
"chr2-112184122-112184406",1,1,"LHb.4","Unique"
"chr2-112614159-112615353",2,2,"Inhib.Thal; MHb.1.2","Shared"
"chr2-113235147-113235720",1,1,"Inhib.Thal","Unique"
"chr2-113240833-113241492",3,3,"Inhib.Thal; LHb.1; LHb.4","Shared"
"chr2-113277047-113278496",4,2,"Excit.Thal; Inhib.Thal","Shared"
"chr2-113627037-113627383",2,2,"Inhib.Thal; Oligo","Shared"
"chr2-113635415-113635691",1,1,"Inhib.Thal","Unique"
"chr2-113679432-113679651",2,1,"LHb.2.7","Unique"
"chr2-11514908-11516236",3,3,"Inhib.Thal; LHb.2.7; MHb.2","Shared"
"chr2-117836501-117836895",1,1,"Inhib.Thal","Unique"
"chr2-119242356-119242590",1,1,"Inhib.Thal","Unique"
"chr2-119836384-119838003",5,5,"Astrocyte; Excit.Thal; Inhib.Thal; LHb.1; MHb.2","Shared"
"chr2-121336747-121337235",2,2,"Inhib.Thal; MHb.2","Shared"
"chr2-122205586-122206167",6,3,"LHb.2.7; MHb.1; Oligo","Shared"
"chr2-12262582-12263592",1,1,"Inhib.Thal","Unique"
"chr2-126826493-126827757",3,3,"Inhib.Thal; LHb.2.7; MHb.1","Shared"
"chr2-127128338-127128914",2,2,"Microglia; Thal","Shared"
"chr2-127541726-127542525",2,2,"Excit.Thal; MHb.2","Shared"
"chr2-129934011-129934414",4,4,"Astrocyte; Inhib.Thal; LHb.4; Oligo","Shared"
"chr2-130141562-130141887",1,1,"Excit.Thal","Unique"
"chr2-130144941-130145345",3,3,"Astrocyte; Excit.Thal; Oligo","Shared"
"chr2-130693445-130693783",1,1,"Inhib.Thal","Unique"
"chr2-130737423-130737896",2,2,"Excit.Thal; Inhib.Thal","Shared"
"chr2-131363740-131364248",1,1,"Inhib.Thal","Unique"
"chr2-131800682-131802128",6,6,"Astrocyte; Inhib.Thal; LHb.2.7; LHb.4; MHb.2; Oligo","Shared"
"chr2-132352372-132353078",8,4,"Inhib.Thal; LHb.1; Oligo; Thal","Shared"
"chr2-132353207-132353748",4,4,"Astrocyte; LHb.4; MHb.2; Oligo","Shared"
"chr2-132669025-132671426",3,3,"Inhib.Thal; Oligo; OPC","Shared"
"chr2-134603573-134604261",2,2,"LHb.1.3.4; LHb.2.7","Shared"
"chr2-134606098-134606721",8,4,"Excit.Thal; LHb.2.7; LHb.4; MHb.1","Shared"
"chr2-134647378-134648609",2,2,"LHb.1.3.4; LHb.1","Shared"
"chr2-134975009-134976346",2,2,"Excit.Thal; Inhib.Thal","Shared"
"chr2-135073842-135074357",3,3,"Inhib.Thal; LHb.1.3.4; LHb.1","Shared"
"chr2-135198539-135198764",1,1,"Inhib.Thal","Unique"
"chr2-135618131-135618371",1,1,"Inhib.Thal","Unique"
"chr2-135791127-135791387",1,1,"Inhib.Thal","Unique"
"chr2-136145264-136145516",1,1,"Inhib.Thal","Unique"
"chr2-136423380-136423954",1,1,"Inhib.Thal","Unique"
"chr2-147433768-147434245",1,1,"LHb.4","Unique"
"chr2-151781605-151782037",1,1,"LHb.2.7","Unique"
"chr2-152518997-152519797",3,3,"Excit.Thal; Inhib.Thal; Oligo","Shared"
"chr2-156319749-156320816",5,5,"Excit.Thal; LHb.1.3.4; LHb.2.7; LHb.4; MHb.2","Shared"
"chr2-156332478-156333204",7,7,"Excit.Thal; Inhib.Thal; LHb.2.7; LHb.4; MHb.1.2; MHb.1; MHb.2","Shared"
"chr2-156333786-156334935",10,10,"Astrocyte; Excit.Thal; Inhib.Thal; LHb.1; LHb.2.7; LHb.4; MHb.2; Microglia; Oligo; OPC","Shared"
"chr2-156341471-156342942",8,8,"Astrocyte; Excit.Thal; Inhib.Thal; LHb.4; MHb.1.2; MHb.2; Oligo; OPC","Shared"
"chr2-157565731-157565965",1,1,"Inhib.Thal","Unique"
"chr2-158032467-158032814",1,1,"Excit.Thal","Unique"
"chr2-158120785-158121067",1,1,"Inhib.Thal","Unique"
"chr2-15813809-15814306",2,2,"Inhib.Thal; LHb.4","Shared"
"chr2-159030778-159031326",1,1,"Oligo","Unique"
"chr2-159797579-159798357",18,9,"Astrocyte; Inhib.Thal; LHb.1; LHb.4; MHb.1.2; MHb.2; Microglia; Oligo; OPC","Shared"
"chr2-160994157-160994773",3,3,"LHb.2.7; LHb.7; OPC","Shared"
"chr2-161278577-161278872",2,2,"MHb.1.2; MHb.1","Shared"
"chr2-162375605-162375894",1,1,"Inhib.Thal","Unique"
"chr2-164955041-164955734",6,3,"Inhib.Thal; LHb.2.7; MHb.1","Shared"
"chr2-165203586-165204268",1,1,"Inhib.Thal","Unique"
"chr2-166375146-166377108",6,6,"Astrocyte; Excit.Thal; Inhib.Thal; LHb.4; MHb.1; Microglia","Shared"
"chr2-168569937-168570663",1,1,"MHb.2","Unique"
"chr2-169109644-169110087",6,3,"Astrocyte; Microglia; OPC","Shared"
"chr2-169173682-169174196",1,1,"Excit.Thal","Unique"
"chr2-169733238-169734795",18,6,"Astrocyte; Excit.Thal; Inhib.Thal; MHb.1.2; Oligo; OPC","Shared"
"chr2-170144720-170145204",2,2,"Excit.Thal; Inhib.Thal","Shared"
"chr2-170324379-170325076",2,1,"Inhib.Thal","Unique"
"chr2-170873083-170873626",2,2,"Inhib.Thal; Oligo","Shared"
"chr2-171687098-171688455",6,2,"Excit.Thal; Inhib.Thal","Shared"
"chr2-171760850-171761976",3,3,"Excit.Thal; Inhib.Thal; Oligo","Shared"
"chr2-172172422-172173098",8,8,"Astrocyte; Excit.Thal; Inhib.Thal; LHb.1; LHb.2.7; MHb.1; MHb.2; Oligo","Shared"
"chr2-172748842-172749682",1,1,"Inhib.Thal","Unique"
"chr2-173750387-173750777",1,1,"LHb.4","Unique"
"chr2-174455309-174455668",1,1,"Inhib.Thal","Unique"
"chr2-17538800-17539302",3,3,"Inhib.Thal; Oligo; OPC","Shared"
"chr2-17594442-17595250",2,2,"Excit.Thal; LHb.4","Shared"
"chr2-176291471-176291977",2,2,"Inhib.Thal; MHb.2","Shared"
"chr2-176553632-176554683",6,3,"MHb.2; Oligo; Thal","Shared"
"chr2-177164178-177164849",3,3,"Excit.Thal; Inhib.Thal; OPC","Shared"
"chr2-177392221-177393325",5,5,"Inhib.Thal; LHb.1.3.4; LHb.2.7; Microglia; Oligo","Shared"
"chr2-177753655-177754310",2,2,"LHb.4; MHb.1","Shared"
"chr2-177830980-177831322",4,2,"MHb.1; MHb.2","Shared"
"chr2-178071760-178073339",5,5,"Astrocyte; Inhib.Thal; MHb.1; Oligo; OPC","Shared"
"chr2-178265881-178266261",1,1,"Inhib.Thal","Unique"
"chr2-179428717-179429547",2,2,"Inhib.Thal; MHb.1","Shared"
"chr2-180006576-180007527",4,4,"Astrocyte; Excit.Thal; Inhib.Thal; Oligo","Shared"
"chr2-182106209-182106589",1,1,"Inhib.Thal","Unique"
"chr2-182187784-182188259",1,1,"Inhib.Thal","Unique"
"chr2-182761829-182762455",1,1,"Inhib.Thal","Unique"
"chr2-182893390-182894443",1,1,"Inhib.Thal","Unique"
"chr2-188291488-188293238",7,7,"Astrocyte; Inhib.Thal; LHb.1; LHb.2.7; MHb.1.2; MHb.1; MHb.2","Shared"
"chr2-189460191-189460795",1,1,"Inhib.Thal","Unique"
"chr2-190119064-190119602",8,4,"Astrocyte; Inhib.Thal; LHb.2.7; MHb.2","Shared"
"chr2-190149855-190150673",2,2,"Astrocyte; Inhib.Thal","Shared"
"chr2-190158623-190159281",2,1,"Astrocyte","Unique"
"chr2-190216739-190217227",5,5,"Inhib.Thal; LHb.2.7; LHb.4; MHb.1.2; MHb.1","Shared"
"chr2-190491219-190491491",1,1,"Excit.Thal","Unique"
"chr2-191318773-191319256",1,1,"Inhib.Thal","Unique"
"chr2-196369413-196370899",4,4,"Astrocyte; Inhib.Thal; LHb.1; Oligo","Shared"
"chr2-1967598-1968343",3,3,"Astrocyte; Inhib.Thal; LHb.2.7","Shared"
"chr2-196939127-196939993",3,3,"Inhib.Thal; LHb.4; MHb.2","Shared"
"chr2-197010000-197010747",3,3,"LHb.2.7; LHb.4; Oligo","Shared"
"chr2-197328369-197328691",1,1,"Excit.Thal","Unique"
"chr2-197949883-197950248",2,2,"Excit.Thal; Inhib.Thal","Shared"
"chr2-198144582-198145036",2,2,"Inhib.Thal; LHb.4","Shared"
"chr2-199801059-199801648",1,1,"Excit.Thal","Unique"
"chr2-200129831-200130193",1,1,"MHb.1","Unique"
"chr2-200199524-200199727",1,1,"Inhib.Thal","Unique"
"chr2-200757878-200758115",1,1,"Excit.Thal","Unique"
"chr2-200766291-200767040",2,2,"LHb.2.7; MHb.1","Shared"
"chr2-200863366-200865313",1,1,"Excit.Thal","Unique"
"chr2-20106610-20107128",1,1,"Excit.Thal","Unique"
"chr2-201118337-201119043",4,4,"Excit.Thal; Inhib.Thal; MHb.1; Oligo","Shared"
"chr2-201166394-201166770",2,1,"Inhib.Thal","Unique"
"chr2-202101121-202101455",1,1,"MHb.2","Unique"
"chr2-202436136-202436409",1,1,"Inhib.Thal","Unique"
"chr2-202503202-202503762",3,3,"Inhib.Thal; LHb.4; MHb.2","Shared"
"chr2-202911272-202912342",4,2,"Inhib.Thal; Oligo","Shared"
"chr2-20305224-20305615",6,2,"Inhib.Thal; Oligo","Shared"
"chr2-20350144-20351833",3,3,"Excit.Thal; Inhib.Thal; LHb.4","Shared"
"chr2-20411256-20411756",1,1,"Microglia","Unique"
"chr2-20467285-20468008",2,1,"Inhib.Thal","Unique"
"chr2-205763607-205764056",1,1,"Oligo","Unique"
"chr2-205947922-205948298",1,1,"Oligo","Unique"
"chr2-206397427-206398222",1,1,"Excit.Thal","Unique"
"chr2-20642223-20642759",3,3,"Inhib.Thal; MHb.2; Oligo","Shared"
"chr2-206462507-206462742",1,1,"LHb.2.7","Unique"
"chr2-206899415-206900111",1,1,"Excit.Thal","Unique"
"chr2-207164030-207164669",2,2,"Excit.Thal; Inhib.Thal","Shared"
"chr2-207271761-207272485",1,1,"LHb.1.3.4","Unique"
"chr2-208007129-208007328",1,1,"Inhib.Thal","Unique"
"chr2-208074612-208075204",2,1,"LHb.4","Unique"
"chr2-20821873-20823386",4,4,"Inhib.Thal; LHb.2.7; Microglia; Oligo","Shared"
"chr2-208281476-208281916",1,1,"Inhib.Thal","Unique"
"chr2-209565984-209566469",1,1,"Inhib.Thal","Unique"
"chr2-210062915-210063507",4,2,"Excit.Thal; Inhib.Thal","Shared"
"chr2-210476204-210476958",4,4,"Excit.Thal; Inhib.Thal; LHb.2.7; OPC","Shared"
"chr2-215828525-215828841",1,1,"Inhib.Thal","Unique"
"chr2-215961919-215962376",2,2,"Excit.Thal; Inhib.Thal","Shared"
"chr2-216109024-216109746",2,2,"Excit.Thal; Inhib.Thal","Shared"
"chr2-2162075-2162600",4,4,"Astrocyte; Inhib.Thal; LHb.4; Oligo","Shared"
"chr2-217434123-217434565",10,5,"Astrocyte; LHb.4; MHb.1.2; MHb.2; Oligo","Shared"
"chr2-217831686-217831907",1,1,"Inhib.Thal","Unique"
"chr2-218095735-218096490",1,1,"Excit.Thal","Unique"
"chr2-218269606-218270844",6,3,"Excit.Thal; Inhib.Thal; MHb.1.2","Shared"
"chr2-218543335-218543534",1,1,"LHb.2.7","Unique"
"chr2-218794888-218796046",2,2,"Excit.Thal; Inhib.Thal","Shared"
"chr2-218847504-218847994",36,3,"Excit.Thal; Inhib.Thal; Oligo","Shared"
"chr2-218880440-218880663",2,1,"MHb.2","Unique"
"chr2-218896722-218897642",4,2,"LHb.1; MHb.1","Shared"
"chr2-218963118-218963521",6,3,"Astrocyte; Excit.Thal; Inhib.Thal","Shared"
"chr2-218979792-218980348",6,2,"Astrocyte; Oligo","Shared"
"chr2-219029590-219029996",2,2,"Astrocyte; Inhib.Thal","Shared"
"chr2-219041261-219041741",4,1,"Oligo","Unique"
"chr2-219177775-219178763",1,1,"Excit.Thal","Unique"
"chr2-219334908-219335820",5,5,"Excit.Thal; Inhib.Thal; MHb.1.2; MHb.1; MHb.2","Shared"
"chr2-219529790-219530490",6,6,"Astrocyte; Excit.Thal; Inhib.Thal; LHb.1; LHb.2.7; Oligo","Shared"
"chr2-219597137-219598381",8,4,"Excit.Thal; Inhib.Thal; MHb.1; Oligo","Shared"
"chr2-219832905-219833144",1,1,"Excit.Thal","Unique"
"chr2-219997299-219997581",1,1,"Excit.Thal","Unique"
"chr2-221554750-221555576",2,2,"Excit.Thal; Inhib.Thal","Shared"
"chr2-221571273-221574051",9,9,"Astrocyte; Excit.Thal; Inhib.Thal; LHb.1.3.4; LHb.1; LHb.2.7; MHb.1; MHb.2; Oligo","Shared"
"chr2-222709089-222709736",8,4,"Inhib.Thal; MHb.1; Microglia; OPC","Shared"
"chr2-223538972-223539454",4,4,"Inhib.Thal; LHb.1.3.4; LHb.1; LHb.4","Shared"
"chr2-224186564-224186815",1,1,"MHb.2","Unique"
"chr2-225581987-225583067",1,1,"Inhib.Thal","Unique"
"chr2-226799205-226800235",6,3,"Inhib.Thal; MHb.2; Oligo","Shared"
"chr2-226800849-226801618",4,4,"Inhib.Thal; MHb.1.2; MHb.2; Oligo","Shared"
"chr2-227657937-227658564",1,1,"MHb.2","Unique"
"chr2-228072685-228072967",1,1,"MHb.2","Unique"
"chr2-229560413-229560919",1,1,"Inhib.Thal","Unique"
"chr2-229908468-229908949",1,1,"Excit.Thal","Unique"
"chr2-230828034-230829227",2,1,"MHb.1","Unique"
"chr2-230987052-230987535",2,2,"Inhib.Thal; Oligo","Shared"
"chr2-231008847-231009675",6,3,"MHb.1.2; MHb.1; MHb.2","Shared"
"chr2-231556943-231558157",4,4,"Inhib.Thal; LHb.1; MHb.2; Oligo","Shared"
"chr2-231661945-231662843",3,3,"Excit.Thal; Inhib.Thal; LHb.1","Shared"
"chr2-231819216-231820132",2,2,"Inhib.Thal; LHb.4","Shared"
"chr2-232112449-232113429",1,1,"Inhib.Thal","Unique"
"chr2-232440413-232440837",4,4,"Astrocyte; LHb.1; MHb.2; OPC","Shared"
"chr2-2325991-2326506",2,2,"Inhib.Thal; MHb.2","Shared"
"chr2-232633048-232634264",12,6,"Astrocyte; Inhib.Thal; LHb.2.7; LHb.4; MHb.2; Oligo","Shared"
"chr2-232843947-232844324",3,3,"Excit.Thal; Inhib.Thal; LHb.4","Shared"
"chr2-232919961-232920409",2,2,"Inhib.Thal; LHb.4","Shared"
"chr2-233267656-233268149",1,1,"Inhib.Thal","Unique"
"chr2-234689865-234691112",1,1,"MHb.2","Unique"
"chr2-23635260-23635817",1,1,"MHb.2","Unique"
"chr2-236706202-236706420",1,1,"Inhib.Thal","Unique"
"chr2-237571953-237572319",4,4,"Astrocyte; LHb.4; MHb.2; Oligo","Shared"
"chr2-237585385-237586008",1,1,"Inhib.Thal","Unique"
"chr2-237674706-237675224",2,2,"Inhib.Thal; Oligo","Shared"
"chr2-237702416-237702651",1,1,"Inhib.Thal","Unique"
"chr2-237955429-237956566",8,4,"Inhib.Thal; MHb.1; MHb.2; Oligo","Shared"
"chr2-238024956-238025201",3,1,"Inhib.Thal","Unique"
"chr2-238069324-238069763",1,1,"Excit.Thal","Unique"
"chr2-238231201-238231800",5,5,"Astrocyte; Inhib.Thal; LHb.2.7; LHb.4; MHb.2","Shared"
"chr2-238239106-238240288",8,4,"MHb.1.2; MHb.2; Oligo; OPC","Shared"
"chr2-238380151-238380619",2,2,"Inhib.Thal; LHb.4","Shared"
"chr2-239715086-239715989",1,1,"Inhib.Thal","Unique"
"chr2-240003703-240004242",3,3,"Inhib.Thal; LHb.4; MHb.2","Shared"
"chr2-240113367-240113719",1,1,"MHb.2","Unique"
"chr2-240182786-240183662",2,2,"Astrocyte; Excit.Thal","Shared"
"chr2-240310060-240310928",3,3,"Excit.Thal; LHb.1.3.4; Oligo","Shared"
"chr2-24038795-24039234",1,1,"Inhib.Thal","Unique"
"chr2-24047030-24047742",3,3,"Excit.Thal; Inhib.Thal; MHb.2","Shared"
"chr2-24049461-24050592",10,5,"Astrocyte; LHb.1; MHb.1; Oligo; OPC","Shared"
"chr2-240553918-240554282",3,1,"Inhib.Thal","Unique"
"chr2-240560108-240561410",3,3,"Excit.Thal; Inhib.Thal; Oligo","Shared"
"chr2-241041872-241042283",1,1,"Excit.Thal","Unique"
"chr2-241063553-241064062",4,1,"LHb.4","Unique"
"chr2-241080667-241082679",5,5,"Astrocyte; Inhib.Thal; LHb.1; LHb.4; Oligo","Shared"
"chr2-241118688-241119371",2,2,"Excit.Thal; Inhib.Thal","Shared"
"chr2-241136743-241137025",2,2,"Excit.Thal; Inhib.Thal","Shared"
"chr2-241156888-241157780",12,6,"Astrocyte; Excit.Thal; Inhib.Thal; LHb.1; LHb.2.7; MHb.2","Shared"
"chr2-241217108-241217919",4,4,"Excit.Thal; LHb.4; MHb.1; MHb.2","Shared"
"chr2-241223371-241224708",4,4,"LHb.2.7; LHb.4; MHb.2; Oligo","Shared"
"chr2-241490161-241490998",4,2,"LHb.2.7; LHb.4","Shared"
"chr2-241576197-241576647",14,2,"LHb.4; Oligo","Shared"
"chr2-241627696-241628172",2,2,"LHb.1.3.4; LHb.4","Shared"
"chr2-241924796-241925662",2,2,"Excit.Thal; Inhib.Thal","Shared"
"chr2-241925829-241926495",2,2,"Excit.Thal; Inhib.Thal","Shared"
"chr2-241926685-241927204",2,2,"Excit.Thal; LHb.4","Shared"
"chr2-241932553-241933432",3,3,"Excit.Thal; Inhib.Thal; LHb.1","Shared"
"chr2-241989735-241990599",2,2,"Inhib.Thal; LHb.4","Shared"
"chr2-242013020-242014079",4,1,"Excit.Thal","Unique"
"chr2-242054866-242055833",1,1,"Excit.Thal","Unique"
"chr2-242088291-242089172",6,6,"Inhib.Thal; LHb.4; MHb.1.2; MHb.1; MHb.2; Oligo","Shared"
"chr2-24276442-24276870",1,1,"Inhib.Thal","Unique"
"chr2-24291134-24291726",2,2,"Excit.Thal; Inhib.Thal","Shared"
"chr2-24359686-24361215",6,6,"Astrocyte; Inhib.Thal; MHb.1.2; MHb.1; MHb.2; Oligo","Shared"
"chr2-24402574-24403062",18,6,"Astrocyte; Excit.Thal; LHb.4; MHb.1; MHb.2; Oligo","Shared"
"chr2-24587885-24588282",1,1,"LHb.1.3.4","Unique"
"chr2-24971069-24972730",12,6,"Astrocyte; Excit.Thal; Inhib.Thal; LHb.1.3.4; MHb.2; Oligo","Shared"
"chr2-2523744-2524964",2,2,"LHb.4; Oligo","Shared"
"chr2-25295044-25295405",4,2,"Inhib.Thal; LHb.4","Shared"
"chr2-25455112-25455530",1,1,"LHb.2.7","Unique"
"chr2-25802667-25802866",2,1,"Inhib.Thal","Unique"
"chr2-26172505-26173425",9,3,"Astrocyte; Oligo; OPC","Shared"
"chr2-26448741-26449080",3,3,"Excit.Thal; Inhib.Thal; LHb.4","Shared"
"chr2-26449337-26450277",4,4,"Excit.Thal; Inhib.Thal; LHb.4; Oligo","Shared"
"chr2-26595292-26595931",9,3,"Inhib.Thal; MHb.1; MHb.2","Shared"
"chr2-26785386-26786518",12,6,"Astrocyte; Excit.Thal; MHb.1.2; MHb.1; MHb.2; Oligo","Shared"
"chr2-26961445-26962104",4,4,"Astrocyte; Inhib.Thal; LHb.4; Oligo","Shared"
"chr2-26970165-26971559",12,6,"Astrocyte; Excit.Thal; Inhib.Thal; MHb.1.2; Microglia; Oligo","Shared"
"chr2-27133951-27135002",15,3,"Astrocyte; Excit.Thal; Oligo","Shared"
"chr2-2716865-2717830",2,2,"Inhib.Thal; LHb.1.3.4","Shared"
"chr2-27322316-27324050",14,7,"Astrocyte; Excit.Thal; MHb.1.2; MHb.1; MHb.2; Microglia; Oligo","Shared"
"chr2-27380182-27381150",5,5,"Astrocyte; Excit.Thal; Inhib.Thal; LHb.1; Oligo","Shared"
"chr2-27723154-27723778",3,3,"Inhib.Thal; LHb.2.7; MHb.1","Shared"
"chr2-28430452-28431394",3,3,"Excit.Thal; Inhib.Thal; LHb.1.3.4","Shared"
"chr2-28436448-28437659",2,2,"Inhib.Thal; LHb.4","Shared"
"chr2-28625051-28625449",4,2,"Inhib.Thal; Microglia","Shared"
"chr2-2921395-2921645",1,1,"Excit.Thal","Unique"
"chr2-29528841-29529785",2,2,"Inhib.Thal; LHb.4","Shared"
"chr2-30255991-30256238",2,2,"Excit.Thal; Inhib.Thal","Shared"
"chr2-32039207-32040135",2,2,"Excit.Thal; Oligo","Shared"
"chr2-32062461-32062756",2,1,"LHb.1","Unique"
"chr2-32627088-32628385",4,4,"Excit.Thal; Inhib.Thal; MHb.1.2; Oligo","Shared"
"chr2-33157633-33157872",1,1,"Inhib.Thal","Unique"
"chr2-33250377-33251080",3,1,"MHb.1","Unique"
"chr2-3379352-3380258",2,2,"Astrocyte; Excit.Thal","Shared"
"chr2-3460841-3461424",1,1,"Oligo","Unique"
"chr2-3483068-3483696",3,3,"Astrocyte; LHb.2.7; Oligo","Shared"
"chr2-3524863-3525543",3,3,"Inhib.Thal; LHb.1; Oligo","Shared"
"chr2-3651557-3652378",6,3,"Astrocyte; Inhib.Thal; Oligo","Shared"
"chr2-3656877-3657716",4,4,"MHb.1.2; MHb.2; Oligo; OPC","Shared"
"chr2-3672837-3673644",2,2,"Excit.Thal; Inhib.Thal","Shared"
"chr2-37009067-37009472",2,2,"Inhib.Thal; LHb.4","Shared"
"chr2-3703137-3704170",8,4,"Astrocyte; Excit.Thal; Inhib.Thal; MHb.2","Shared"
"chr2-37395862-37397451",8,2,"Inhib.Thal; Oligo","Shared"
"chr2-37481116-37481796",5,1,"Inhib.Thal","Unique"
"chr2-38444220-38444706",2,1,"LHb.2.7","Unique"
"chr2-38528042-38528352",6,2,"Oligo; OPC","Shared"
"chr2-38555071-38555582",3,3,"LHb.4; MHb.1; MHb.2","Shared"
"chr2-38581324-38581814",4,2,"MHb.1.2; Oligo","Shared"
"chr2-38777685-38778709",4,2,"Astrocyte; Oligo","Shared"
"chr2-38947333-38947924",18,3,"Inhib.Thal; MHb.2; Oligo","Shared"
"chr2-41958336-41958608",1,1,"Inhib.Thal","Unique"
"chr2-42086292-42086887",4,4,"Astrocyte; Inhib.Thal; LHb.2.7; Oligo","Shared"
"chr2-42132758-42133856",5,5,"Inhib.Thal; LHb.2.7; MHb.1.2; MHb.1; Oligo","Shared"
"chr2-42510669-42510948",1,1,"MHb.2","Unique"
"chr2-42809702-42811757",4,4,"Excit.Thal; Inhib.Thal; LHb.2.7; Oligo","Shared"
"chr2-43226321-43227916",8,8,"Astrocyte; Inhib.Thal; LHb.1.3.4; LHb.1; MHb.1; Microglia; Oligo; OPC","Shared"
"chr2-43831540-43832279",4,4,"Astrocyte; Excit.Thal; Inhib.Thal; Oligo","Shared"
"chr2-45683104-45683402",1,1,"MHb.2","Unique"
"chr2-46171023-46172311",4,4,"Excit.Thal; Inhib.Thal; LHb.4; Oligo","Shared"
"chr2-46615988-46617593",1,1,"Excit.Thal","Unique"
"chr2-47120923-47121343",1,1,"Inhib.Thal","Unique"
"chr2-47229404-47229607",1,1,"MHb.2","Unique"
"chr2-48279470-48279683",2,1,"MHb.2","Unique"
"chr2-48397877-48399058",3,3,"Excit.Thal; Inhib.Thal; Oligo","Shared"
"chr2-48728750-48729275",3,3,"Inhib.Thal; LHb.4; MHb.2","Shared"
"chr2-48781120-48781395",1,1,"LHb.2.7","Unique"
"chr2-54858013-54858326",2,2,"MHb.1; MHb.2","Shared"
"chr2-55011000-55011241",2,2,"Excit.Thal; Inhib.Thal","Shared"
"chr2-55405528-55406055",1,1,"LHb.2.7","Unique"
"chr2-55922733-55924065",8,8,"Astrocyte; Excit.Thal; Inhib.Thal; LHb.1.3.4; LHb.1; MHb.1.2; MHb.1; Oligo","Shared"
"chr2-55964941-55965614",1,1,"Inhib.Thal","Unique"
"chr2-60320452-60321093",3,3,"Inhib.Thal; LHb.4; MHb.1","Shared"
"chr2-60581284-60582154",6,3,"Inhib.Thal; LHb.1.3.4; LHb.2.7","Shared"
"chr2-60735431-60735944",12,4,"Excit.Thal; Inhib.Thal; MHb.1.2; Oligo","Shared"
"chr2-61165196-61165647",1,1,"Inhib.Thal","Unique"
"chr2-61763677-61764845",6,6,"Astrocyte; Excit.Thal; Inhib.Thal; MHb.1.2; Microglia; Oligo","Shared"
"chr2-61853638-61855501",10,5,"Astrocyte; Excit.Thal; Inhib.Thal; Microglia; Oligo","Shared"
"chr2-61895267-61895966",3,3,"Astrocyte; Inhib.Thal; LHb.4","Shared"
"chr2-62157627-62157847",2,1,"LHb.1","Unique"
"chr2-62443360-62444254",2,2,"Excit.Thal; Inhib.Thal","Shared"
"chr2-62812991-62813652",1,1,"Inhib.Thal","Unique"
"chr2-63736979-63737311",2,1,"Inhib.Thal","Unique"
"chr2-63840175-63841901",5,5,"Astrocyte; Excit.Thal; Inhib.Thal; LHb.1; Oligo","Shared"
"chr2-64138072-64138629",1,1,"Inhib.Thal","Unique"
"chr2-64327783-64328477",6,2,"MHb.2; Oligo","Shared"
"chr2-64608871-64609877",3,3,"Inhib.Thal; MHb.2; Microglia","Shared"
"chr2-64627118-64627746",5,5,"Astrocyte; LHb.1; LHb.2.7; MHb.2; Oligo","Shared"
"chr2-67108055-67108561",1,1,"Excit.Thal","Unique"
"chr2-67322462-67322911",2,2,"Excit.Thal; Inhib.Thal","Shared"
"chr2-6772941-6773521",2,2,"Astrocyte; Oligo","Shared"
"chr2-67953933-67954273",1,1,"Inhib.Thal","Unique"
"chr2-68156700-68158249",6,6,"Excit.Thal; Inhib.Thal; LHb.1.3.4; LHb.1; Microglia; Oligo","Shared"
"chr2-68774033-68775400",5,5,"Inhib.Thal; LHb.2.7; LHb.4; Microglia; Oligo","Shared"
"chr2-69106399-69106699",1,1,"Inhib.Thal","Unique"
"chr2-69124283-69124912",1,1,"LHb.2.7","Unique"
"chr2-69851151-69851679",1,1,"Inhib.Thal","Unique"
"chr2-70124847-70125475",4,1,"Excit.Thal","Unique"
"chr2-70213364-70213855",1,1,"Inhib.Thal","Unique"
"chr2-70257772-70258852",3,3,"Excit.Thal; LHb.1; OPC","Shared"
"chr2-70871338-70871969",4,4,"Inhib.Thal; LHb.4; Oligo; OPC","Shared"
"chr2-7096893-7098012",6,6,"Astrocyte; LHb.2.7; LHb.4; MHb.1; MHb.2; Oligo","Shared"
"chr2-71129669-71131116",4,4,"Astrocyte; Excit.Thal; Inhib.Thal; OPC","Shared"
"chr2-71276026-71277216",12,4,"Astrocyte; Inhib.Thal; MHb.1; Oligo","Shared"
"chr2-71331139-71332510",5,5,"Excit.Thal; Inhib.Thal; LHb.1.3.4; MHb.1.2; MHb.1","Shared"
"chr2-714361-714804",2,2,"Inhib.Thal; LHb.4","Shared"
"chr2-71608156-71608661",1,1,"LHb.4","Unique"
"chr2-73080954-73081665",1,1,"MHb.2","Unique"
"chr2-73163570-73164292",6,6,"Astrocyte; Inhib.Thal; LHb.4; MHb.1; MHb.2; Oligo","Shared"
"chr2-74020500-74021566",4,4,"Astrocyte; Inhib.Thal; LHb.2.7; Oligo","Shared"
"chr2-74031042-74031540",2,2,"Inhib.Thal; MHb.2","Shared"
"chr2-74489325-74490245",7,1,"Inhib.Thal","Unique"
"chr2-74553677-74554897",6,6,"Astrocyte; Inhib.Thal; LHb.2.7; MHb.1; MHb.2; Oligo","Shared"
"chr2-74764087-74764691",1,1,"Excit.Thal","Unique"
"chr2-74834382-74835319",2,2,"Inhib.Thal; Oligo","Shared"
"chr2-74919735-74920240",2,2,"Astrocyte; Oligo","Shared"
"chr2-80288491-80289007",4,4,"Astrocyte; Excit.Thal; Inhib.Thal; LHb.1","Shared"
"chr2-84040210-84041013",1,1,"Oligo","Unique"
"chr2-84926585-84927269",3,3,"Astrocyte; Inhib.Thal; Oligo","Shared"
"chr2-85064879-85065346",2,2,"MHb.1; MHb.2","Shared"
"chr2-85076580-85076966",1,1,"Inhib.Thal","Unique"
"chr2-85257346-85257803",2,2,"Astrocyte; Oligo","Shared"
"chr2-853329-853749",4,2,"Excit.Thal; Inhib.Thal","Shared"
"chr2-85420530-85421105",16,4,"Astrocyte; Excit.Thal; Microglia; Oligo","Shared"
"chr2-85611455-85612261",16,4,"Excit.Thal; LHb.1; LHb.4; MHb.1","Shared"
"chr2-85648676-85649022",2,2,"Inhib.Thal; LHb.2.7","Shared"
"chr2-85728930-85729603",6,2,"Microglia; Oligo","Shared"
"chr2-85988452-85989217",1,1,"Inhib.Thal","Unique"
"chr2-86194789-86195764",2,2,"Excit.Thal; Inhib.Thal","Shared"
"chr2-8684917-8686072",7,7,"Astrocyte; LHb.1; LHb.2.7; LHb.4; MHb.1.2; MHb.1; OPC","Shared"
"chr2-87417772-87418419",1,1,"MHb.1","Unique"
"chr2-87418722-87419311",2,2,"Inhib.Thal; MHb.1","Shared"
"chr2-88350463-88351279",5,5,"Excit.Thal; Inhib.Thal; LHb.2.7; LHb.4; Oligo","Shared"
"chr2-8851790-8852125",1,1,"Inhib.Thal","Unique"
"chr2-8954609-8955294",1,1,"LHb.2.7","Unique"
"chr2-9306714-9307928",4,4,"Inhib.Thal; LHb.2.7; LHb.4; MHb.2","Shared"
"chr2-937313-937843",1,1,"LHb.2.7","Unique"
"chr2-94861293-94862253",7,7,"Astrocyte; Excit.Thal; Inhib.Thal; LHb.4; MHb.1; MHb.2; Oligo","Shared"
"chr2-94870955-94872037",2,2,"Inhib.Thal; LHb.4","Shared"
"chr2-95092768-95093566",2,2,"Astrocyte; Inhib.Thal","Shared"
"chr2-95686345-95686708",1,1,"Inhib.Thal","Unique"
"chr2-9595422-9595829",1,1,"LHb.2.7","Unique"
"chr2-96345202-96345739",2,2,"Excit.Thal; Inhib.Thal","Shared"
"chr2-96536335-96537133",8,8,"Astrocyte; Inhib.Thal; LHb.1.3.4; LHb.1; LHb.4; Microglia; Oligo; OPC","Shared"
"chr2-96642480-96643036",2,2,"Astrocyte; LHb.1","Shared"
"chr2-96857143-96858427",5,5,"Excit.Thal; Inhib.Thal; MHb.1.2; Oligo; OPC","Shared"
"chr2-96916156-96916434",2,2,"Inhib.Thal; LHb.1","Shared"
"chr2-97112255-97114117",16,4,"Inhib.Thal; MHb.1; MHb.2; Oligo","Shared"
"chr2-97590117-97591063",8,4,"Astrocyte; Excit.Thal; Inhib.Thal; Oligo","Shared"
"chr2-9769433-9769803",2,2,"Inhib.Thal; LHb.2.7","Shared"
"chr2-97727792-97728473",3,3,"Excit.Thal; Inhib.Thal; Thal","Shared"
"chr2-97781757-97782216",2,1,"Inhib.Thal","Unique"
"chr2-97806753-97807039",1,1,"Inhib.Thal","Unique"
"chr2-97807215-97807555",1,1,"Inhib.Thal","Unique"
"chr2-98014404-98014675",1,1,"Excit.Thal","Unique"
"chr2-98491231-98491453",1,1,"Inhib.Thal","Unique"
"chr2-98750339-98750920",2,1,"Inhib.Thal","Unique"
"chr2-98821803-98823718",5,5,"Astrocyte; Inhib.Thal; LHb.2.7; Microglia; Oligo","Shared"
"chr2-98967087-98967540",1,1,"Excit.Thal","Unique"
"chr2-99215243-99216085",2,1,"LHb.2.7","Unique"
"chr2-99554254-99554581",1,1,"Inhib.Thal","Unique"
"chr2-99573529-99573997",2,1,"Excit.Thal","Unique"
"chr2-99601245-99601720",3,3,"Astrocyte; Inhib.Thal; LHb.4","Shared"
"chr20-10433195-10434784",8,4,"Astrocyte; Inhib.Thal; LHb.4; MHb.1","Shared"
"chr20-10434902-10435513",10,5,"Astrocyte; Excit.Thal; Inhib.Thal; LHb.1.3.4; Oligo","Shared"
"chr20-1186665-1186911",1,1,"MHb.2","Unique"
"chr20-16574753-16575267",2,2,"Astrocyte; Microglia","Shared"
"chr20-16803657-16804286",2,2,"Inhib.Thal; LHb.2.7","Shared"
"chr20-1694252-1695291",1,1,"Excit.Thal","Unique"
"chr20-17225905-17227467",6,6,"Astrocyte; Excit.Thal; Inhib.Thal; LHb.2.7; MHb.2; Oligo","Shared"
"chr20-17297139-17297581",2,2,"Inhib.Thal; LHb.4","Shared"
"chr20-17418306-17419077",3,3,"Inhib.Thal; LHb.2.7; MHb.2","Shared"
"chr20-17530725-17531683",7,7,"Inhib.Thal; LHb.4; MHb.1.2; MHb.1; MHb.2; Microglia; Oligo","Shared"
"chr20-17938826-17939477",5,5,"Astrocyte; Excit.Thal; Inhib.Thal; LHb.4; Oligo","Shared"
"chr20-18007578-18008284",3,3,"Inhib.Thal; LHb.4; Oligo","Shared"
"chr20-18037266-18037737",1,1,"Inhib.Thal","Unique"
"chr20-18377957-18378647",6,2,"Excit.Thal; Inhib.Thal","Shared"
"chr20-18431297-18431501",1,1,"Excit.Thal","Unique"
"chr20-18666925-18667589",3,3,"Inhib.Thal; LHb.2.7; MHb.2","Shared"
"chr20-19661630-19662652",2,2,"MHb.2; Oligo","Shared"
"chr20-21574418-21574886",1,1,"Inhib.Thal","Unique"
"chr20-23048441-23049939",5,5,"Inhib.Thal; LHb.4; MHb.2; Microglia; Oligo","Shared"
"chr20-23823199-23824482",2,2,"Excit.Thal; Inhib.Thal","Shared"
"chr20-24560987-24561662",1,1,"Excit.Thal","Unique"
"chr20-24617858-24618493",2,2,"Inhib.Thal; LHb.4","Shared"
"chr20-24741988-24742361",1,1,"Excit.Thal","Unique"
"chr20-24836100-24836333",3,3,"Inhib.Thal; LHb.4; Oligo","Shared"
"chr20-25115850-25116370",4,4,"Astrocyte; Inhib.Thal; Oligo; OPC","Shared"
"chr20-25389469-25391219",6,6,"Excit.Thal; Inhib.Thal; MHb.1.2; MHb.2; Microglia; Oligo","Shared"
"chr20-25565425-25566129",1,1,"Inhib.Thal","Unique"
"chr20-2576103-2576581",1,1,"MHb.1","Unique"
"chr20-25867792-25868840",4,2,"Excit.Thal; Oligo","Shared"
"chr20-2658494-2658928",2,2,"Excit.Thal; Inhib.Thal","Shared"
"chr20-2771505-2772037",6,2,"MHb.1; MHb.2","Shared"
"chr20-3032653-3032937",1,1,"LHb.1","Unique"
"chr20-3082424-3083550",3,3,"Astrocyte; Inhib.Thal; Oligo","Shared"
"chr20-3092622-3093384",3,3,"Inhib.Thal; LHb.1; Oligo","Shared"
"chr20-31053387-31054302",3,3,"MHb.1.2; MHb.1; Oligo","Shared"
"chr20-3115192-3115819",4,4,"Astrocyte; LHb.4; MHb.2; Oligo","Shared"
"chr20-31822359-31823132",8,4,"Inhib.Thal; LHb.4; MHb.2; Oligo","Shared"
"chr20-32030841-32031756",12,6,"Astrocyte; Excit.Thal; Inhib.Thal; LHb.4; MHb.2; Oligo","Shared"
"chr20-32091795-32092254",6,3,"Inhib.Thal; LHb.4; Oligo","Shared"
"chr20-32109282-32110380",8,4,"Astrocyte; Excit.Thal; Inhib.Thal; MHb.2","Shared"
"chr20-32165853-32166480",2,2,"Inhib.Thal; LHb.4","Shared"
"chr20-32423408-32423611",1,1,"Inhib.Thal","Unique"
"chr20-32652581-32653203",6,2,"Astrocyte; Oligo","Shared"
"chr20-32819452-32820556",2,2,"Excit.Thal; LHb.1","Shared"
"chr20-33099304-33099588",1,1,"MHb.2","Unique"
"chr20-33663196-33663998",4,4,"Astrocyte; Excit.Thal; Inhib.Thal; Oligo","Shared"
"chr20-33949067-33949414",3,3,"LHb.2.7; MHb.1; MHb.2","Shared"
"chr20-34025891-34026101",1,1,"LHb.2.7","Unique"
"chr20-34515130-34517083",10,5,"Astrocyte; Excit.Thal; Inhib.Thal; MHb.1.2; Microglia","Shared"
"chr20-34522965-34523620",2,2,"Inhib.Thal; Oligo","Shared"
"chr20-34863413-34863958",2,1,"Astrocyte","Unique"
"chr20-34977393-34978001",15,3,"Inhib.Thal; LHb.1; LHb.2.7","Shared"
"chr20-35269254-35269673",4,4,"LHb.1.3.4; LHb.4; MHb.2; Oligo","Shared"
"chr20-35368614-35369237",1,1,"Inhib.Thal","Unique"
"chr20-35454330-35455874",8,4,"Excit.Thal; Inhib.Thal; LHb.1; Oligo","Shared"
"chr20-35476541-35476874",5,1,"LHb.4","Unique"
"chr20-35479715-35480154",2,1,"LHb.4","Unique"
"chr20-35741514-35742891",2,2,"Excit.Thal; Inhib.Thal","Shared"
"chr20-36050326-36051832",3,3,"Excit.Thal; Microglia; OPC","Shared"
"chr20-36113445-36113889",4,2,"Excit.Thal; Inhib.Thal","Shared"
"chr20-36126967-36127585",3,3,"Excit.Thal; LHb.1.3.4; LHb.4","Shared"
"chr20-36162257-36162972",3,3,"Excit.Thal; LHb.2.7; Oligo","Shared"
"chr20-36185094-36185325",2,1,"Inhib.Thal","Unique"
"chr20-3676619-3676994",3,3,"Inhib.Thal; Oligo; OPC","Shared"
"chr20-37243262-37244189",2,2,"Inhib.Thal; LHb.4","Shared"
"chr20-37257922-37258476",1,1,"LHb.2.7","Unique"
"chr20-37437312-37437902",2,2,"Inhib.Thal; LHb.4","Shared"
"chr20-37564202-37564908",6,3,"Astrocyte; LHb.4; Oligo","Shared"
"chr20-37711911-37712347",1,1,"LHb.2.7","Unique"
"chr20-37989507-37989761",1,1,"Inhib.Thal","Unique"
"chr20-3820018-3820932",5,5,"Astrocyte; Excit.Thal; Inhib.Thal; Microglia; Oligo","Shared"
"chr20-38320963-38321358",1,1,"Inhib.Thal","Unique"
"chr20-38376283-38376912",1,1,"Excit.Thal","Unique"
"chr20-38649254-38649960",16,4,"Inhib.Thal; LHb.2.7; LHb.4; Oligo","Shared"
"chr20-38658525-38659242",3,3,"Inhib.Thal; MHb.2; Oligo","Shared"
"chr20-38723985-38724599",4,2,"Inhib.Thal; LHb.4","Shared"
"chr20-40968764-40969146",2,2,"Inhib.Thal; Oligo","Shared"
"chr20-4114248-4114484",1,1,"MHb.2","Unique"
"chr20-41408923-41409367",2,2,"LHb.4; MHb.2","Shared"
"chr20-41525011-41525555",3,3,"Astrocyte; Inhib.Thal; MHb.2","Shared"
"chr20-43389676-43390596",3,3,"Inhib.Thal; LHb.2.7; LHb.4","Shared"
"chr20-43575971-43576467",2,2,"Inhib.Thal; LHb.2.7","Shared"
"chr20-43749592-43750253",8,4,"LHb.2.7; LHb.4; MHb.2; Oligo","Shared"
"chr20-43767604-43767933",6,2,"Excit.Thal; LHb.4","Shared"
"chr20-43797951-43798868",1,1,"Excit.Thal","Unique"
"chr20-44038633-44039180",2,2,"LHb.4; OPC","Shared"
"chr20-44683379-44683865",2,2,"LHb.4; MHb.2","Shared"
"chr20-44745501-44746271",8,4,"Astrocyte; Inhib.Thal; MHb.1; Oligo","Shared"
"chr20-44785936-44786366",1,1,"Excit.Thal","Unique"
"chr20-44805809-44806491",3,3,"Astrocyte; Inhib.Thal; MHb.2","Shared"
"chr20-45341795-45342690",2,2,"Astrocyte; MHb.2","Shared"
"chr20-45425549-45425816",4,2,"Excit.Thal; LHb.4","Shared"
"chr20-45890116-45891815",6,6,"Astrocyte; Inhib.Thal; MHb.1; MHb.2; Oligo; OPC","Shared"
"chr20-45934151-45935534",10,5,"Excit.Thal; Inhib.Thal; MHb.2; Oligo; OPC","Shared"
"chr20-46013883-46014449",4,2,"Inhib.Thal; Oligo","Shared"
"chr20-46099409-46100002",6,3,"Inhib.Thal; LHb.4; Microglia","Shared"
"chr20-46132079-46132922",8,4,"Astrocyte; Inhib.Thal; LHb.4; Thal","Shared"
"chr20-46153252-46153608",2,2,"MHb.1; MHb.2","Shared"
"chr20-46206855-46207698",2,2,"Excit.Thal; LHb.4","Shared"
"chr20-46267831-46268773",5,5,"Inhib.Thal; LHb.1.3.4; LHb.4; MHb.1; MHb.2","Shared"
"chr20-46331529-46331791",2,1,"MHb.2","Unique"
"chr20-46347799-46348740",10,2,"Inhib.Thal; MHb.2","Shared"
"chr20-46688912-46689944",3,3,"Excit.Thal; Inhib.Thal; Oligo","Shared"
"chr20-46709210-46710122",5,5,"Astrocyte; Inhib.Thal; LHb.2.7; LHb.4; Oligo","Shared"
"chr20-46752696-46753118",2,1,"LHb.4","Unique"
"chr20-46971034-46971600",3,3,"Excit.Thal; Inhib.Thal; LHb.4","Shared"
"chr20-46995373-46995829",4,2,"Inhib.Thal; MHb.2","Shared"
"chr20-47358822-47359333",4,2,"Excit.Thal; Inhib.Thal","Shared"
"chr20-47983903-47984378",1,1,"Inhib.Thal","Unique"
"chr20-4823079-4823982",2,2,"Oligo; OPC","Shared"
"chr20-49333742-49334235",4,4,"Astrocyte; LHb.4; MHb.2; Oligo","Shared"
"chr20-5065504-5066269",3,3,"Excit.Thal; Inhib.Thal; MHb.2","Shared"
"chr20-51074938-51075358",1,1,"LHb.4","Unique"
"chr20-51156366-51156907",1,1,"Inhib.Thal","Unique"
"chr20-51230029-51230382",1,1,"LHb.4","Unique"
"chr20-51306373-51307285",5,5,"Astrocyte; Inhib.Thal; LHb.2.7; LHb.4; MHb.2","Shared"
"chr20-52160794-52161111",1,1,"Excit.Thal","Unique"
"chr20-5416089-5416596",2,2,"LHb.2.7; MHb.1","Shared"
"chr20-56229531-56230006",2,1,"Inhib.Thal","Unique"
"chr20-56247652-56248371",2,2,"Inhib.Thal; LHb.1","Shared"
"chr20-56411668-56412559",1,1,"Excit.Thal","Unique"
"chr20-5658897-5659888",4,4,"Astrocyte; Excit.Thal; Inhib.Thal; LHb.1.3.4","Shared"
"chr20-56925252-56925894",3,3,"Excit.Thal; Inhib.Thal; OPC","Shared"
"chr20-57718399-57719079",2,2,"Inhib.Thal; MHb.1.2","Shared"
"chr20-58150571-58151057",3,3,"Excit.Thal; Inhib.Thal; MHb.2","Shared"
"chr20-5836989-5837504",1,1,"LHb.4","Unique"
"chr20-5910940-5911934",4,4,"Astrocyte; Excit.Thal; Inhib.Thal; Oligo","Shared"
"chr20-59651935-59652452",1,1,"Inhib.Thal","Unique"
"chr20-60201988-60202401",1,1,"LHb.4","Unique"
"chr20-61640844-61641130",1,1,"LHb.4","Unique"
"chr20-61964815-61965970",12,4,"Inhib.Thal; LHb.1.3.4; LHb.4; MHb.2","Shared"
"chr20-62345446-62347238",2,1,"Oligo","Unique"
"chr20-62972329-62972977",4,4,"Astrocyte; Inhib.Thal; LHb.2.7; Oligo","Shared"
"chr20-63036258-63036688",4,1,"MHb.2","Unique"
"chr20-63082883-63083293",1,1,"MHb.2","Unique"
"chr20-63140769-63141515",4,1,"Inhib.Thal","Unique"
"chr20-63177112-63177729",2,1,"Inhib.Thal","Unique"
"chr20-63205130-63205344",1,1,"MHb.2","Unique"
"chr20-63215607-63216878",4,2,"Excit.Thal; OPC","Shared"
"chr20-63234762-63234999",2,2,"Inhib.Thal; LHb.1.3.4","Shared"
"chr20-63606326-63606911",2,1,"LHb.2.7","Unique"
"chr20-63617999-63618816",2,2,"LHb.2.7; Oligo","Shared"
"chr20-64223365-64224043",2,1,"Inhib.Thal","Unique"
"chr20-64254975-64256162",5,5,"Astrocyte; MHb.1.2; MHb.1; MHb.2; Oligo","Shared"
"chr20-64315996-64316972",3,1,"Astrocyte","Unique"
"chr20-645346-645823",4,4,"LHb.4; MHb.2; Oligo; Thal","Shared"
"chr20-844214-845635",3,3,"Astrocyte; Inhib.Thal; Oligo","Shared"
"chr20-941034-941301",1,1,"LHb.4","Unique"
"chr20-9514054-9514922",4,4,"Excit.Thal; Inhib.Thal; Oligo; OPC","Shared"
"chr20-9518751-9519102",1,1,"LHb.2.7","Unique"
"chr20-9616366-9616912",2,2,"Inhib.Thal; MHb.2","Shared"
"chr21-14538409-14538745",1,1,"MHb.2","Unique"
"chr21-16145368-16146669",1,1,"Inhib.Thal","Unique"
"chr21-17994263-17995398",2,2,"Inhib.Thal; LHb.1.3.4","Shared"
"chr21-25497637-25498315",1,1,"Inhib.Thal","Unique"
"chr21-25639083-25640482",8,8,"Astrocyte; Excit.Thal; Inhib.Thal; LHb.4; MHb.1.2; MHb.1; Oligo; OPC","Shared"
"chr21-28774254-28774480",2,2,"Inhib.Thal; LHb.4","Shared"
"chr21-28884591-28885549",5,5,"Astrocyte; Excit.Thal; Inhib.Thal; LHb.1; MHb.1.2","Shared"
"chr21-29002370-29003195",4,2,"Excit.Thal; Inhib.Thal","Shared"
"chr21-29476399-29476727",8,4,"Astrocyte; Inhib.Thal; LHb.4; Oligo","Shared"
"chr21-32048371-32049396",3,3,"Inhib.Thal; MHb.1; Oligo","Shared"
"chr21-32865924-32866532",2,2,"Excit.Thal; Inhib.Thal","Shared"
"chr21-33069869-33071450",5,5,"Excit.Thal; Inhib.Thal; LHb.1; Oligo; OPC","Shared"
"chr21-33127053-33127820",3,3,"Inhib.Thal; Oligo; OPC","Shared"
"chr21-34135301-34136168",1,1,"Inhib.Thal","Unique"
"chr21-36198536-36198872",1,1,"LHb.4","Unique"
"chr21-36849408-36849984",4,4,"Astrocyte; Excit.Thal; Inhib.Thal; LHb.1","Shared"
"chr21-37005912-37007047",4,4,"Inhib.Thal; LHb.4; MHb.1; Oligo","Shared"
"chr21-37244728-37245480",1,1,"Inhib.Thal","Unique"
"chr21-37435062-37435481",8,4,"Astrocyte; Excit.Thal; Inhib.Thal; Oligo","Shared"
"chr21-39235682-39236488",4,4,"Inhib.Thal; LHb.4; MHb.2; Oligo","Shared"
"chr21-39291430-39291969",1,1,"Inhib.Thal","Unique"
"chr21-39517798-39518584",1,1,"Oligo","Unique"
"chr21-39533429-39533731",2,1,"Inhib.Thal","Unique"
"chr21-39788300-39788769",8,4,"Inhib.Thal; LHb.1; LHb.4; Oligo","Shared"
"chr21-40186441-40187044",3,3,"Excit.Thal; Inhib.Thal; LHb.1.3.4","Shared"
"chr21-42041736-42042076",4,1,"MHb.2","Unique"
"chr21-42330466-42330947",3,3,"LHb.2.7; MHb.1.2; MHb.2","Shared"
"chr21-42557440-42557684",2,1,"MHb.2","Unique"
"chr21-42745523-42746050",1,1,"Microglia","Unique"
"chr21-43581431-43581805",1,1,"LHb.4","Unique"
"chr21-43851455-43851932",2,2,"LHb.2.7; MHb.2","Shared"
"chr21-43916975-43917368",2,2,"Inhib.Thal; MHb.2","Shared"
"chr21-43939076-43939323",2,2,"MHb.2; Oligo","Shared"
"chr21-44024876-44025304",3,3,"Excit.Thal; LHb.1.3.4; LHb.2.7","Shared"
"chr21-44413226-44415561",1,1,"Inhib.Thal","Unique"
"chr21-44627386-44628095",12,4,"LHb.2.7; LHb.4; MHb.1.2; MHb.2","Shared"
"chr21-44709368-44709848",3,3,"Excit.Thal; Inhib.Thal; LHb.1","Shared"
"chr21-45248651-45249229",6,6,"Excit.Thal; Inhib.Thal; LHb.1.3.4; LHb.1; LHb.2.7; Oligo","Shared"
"chr21-45347199-45347403",1,1,"MHb.2","Unique"
"chr21-45613423-45613757",4,2,"LHb.4; MHb.2","Shared"
"chr21-45820284-45821119",3,3,"Inhib.Thal; MHb.1; Oligo","Shared"
"chr21-45835429-45836567",2,2,"LHb.2.7; LHb.4","Shared"
"chr21-45970423-45970987",2,2,"Inhib.Thal; LHb.4","Shared"
"chr21-46081026-46081231",1,1,"LHb.1.3.4","Unique"
"chr21-46180691-46181752",1,1,"LHb.4","Unique"
"chr21-46285696-46286930",2,2,"Inhib.Thal; Microglia","Shared"
"chr22-17260799-17261275",1,1,"MHb.1.2","Unique"
"chr22-17418658-17419061",2,2,"MHb.1; MHb.2","Shared"
"chr22-17760517-17760770",2,1,"Inhib.Thal","Unique"
"chr22-18055943-18056444",2,2,"LHb.4; Oligo","Shared"
"chr22-18149348-18150240",4,4,"Inhib.Thal; LHb.4; MHb.2; Oligo","Shared"
"chr22-18528889-18529298",2,1,"MHb.1.2","Unique"
"chr22-19085207-19085648",1,1,"Inhib.Thal","Unique"
"chr22-19446845-19448450",4,4,"Astrocyte; MHb.1; Oligo; OPC","Shared"
"chr22-19514796-19515156",1,1,"MHb.2","Unique"
"chr22-19629305-19630210",18,6,"Astrocyte; Excit.Thal; Inhib.Thal; LHb.4; MHb.2; Oligo","Shared"
"chr22-19663459-19664234",2,2,"LHb.2.7; MHb.2","Shared"
"chr22-20646167-20646647",3,3,"LHb.2.7; MHb.1; MHb.2","Shared"
"chr22-20702466-20703543",12,6,"Astrocyte; Excit.Thal; Inhib.Thal; MHb.1.2; MHb.2; OPC","Shared"
"chr22-20728673-20729695",4,4,"Astrocyte; Excit.Thal; LHb.2.7; MHb.1.2","Shared"
"chr22-20833182-20833553",2,1,"Inhib.Thal","Unique"
"chr22-21044172-21044603",1,1,"LHb.4","Unique"
"chr22-21102132-21103243",8,4,"Astrocyte; Excit.Thal; Microglia; Oligo","Shared"
"chr22-21641516-21643316",4,4,"Astrocyte; MHb.1; MHb.2; OPC","Shared"
"chr22-21657384-21658485",1,1,"Oligo","Unique"
"chr22-22369297-22369664",1,1,"MHb.2","Unique"
"chr22-22733838-22734923",2,2,"Excit.Thal; Oligo","Shared"
"chr22-23036672-23037082",1,1,"MHb.2","Unique"
"chr22-23431263-23432019",7,7,"Astrocyte; Excit.Thal; Inhib.Thal; LHb.2.7; MHb.1.2; MHb.1; MHb.2","Shared"
"chr22-23599178-23599418",2,2,"Inhib.Thal; LHb.4","Shared"
"chr22-23877477-23877835",1,1,"LHb.1","Unique"
"chr22-23952842-23953318",1,1,"LHb.1","Unique"
"chr22-24002053-24002467",1,1,"Inhib.Thal","Unique"
"chr22-24521666-24522138",2,1,"LHb.4","Unique"
"chr22-24546560-24547273",3,3,"LHb.2.7; MHb.1.2; MHb.2","Shared"
"chr22-25057144-25057649",3,3,"Astrocyte; Inhib.Thal; Oligo","Shared"
"chr22-25346504-25347386",10,5,"Astrocyte; Excit.Thal; Inhib.Thal; LHb.1.3.4; LHb.4","Shared"
"chr22-25429360-25430111",1,1,"LHb.4","Unique"
"chr22-25437038-25438251",1,1,"Inhib.Thal","Unique"
"chr22-25698344-25698720",2,2,"Inhib.Thal; LHb.4","Shared"
"chr22-26168240-26168565",1,1,"LHb.4","Unique"
"chr22-26214243-26214484",1,1,"Inhib.Thal","Unique"
"chr22-26282349-26282804",1,1,"Excit.Thal","Unique"
"chr22-26298813-26299235",3,3,"Excit.Thal; Inhib.Thal; LHb.4","Shared"
"chr22-26360227-26360807",1,1,"LHb.2.7","Unique"
"chr22-26550353-26550809",3,1,"LHb.2.7","Unique"
"chr22-26672316-26673381",4,4,"Inhib.Thal; MHb.2; Oligo; OPC","Shared"
"chr22-26751049-26751588",4,4,"Astrocyte; Inhib.Thal; LHb.1.3.4; LHb.1","Shared"
"chr22-26901182-26901739",1,1,"Inhib.Thal","Unique"
"chr22-27715049-27715811",3,3,"Astrocyte; Oligo; OPC","Shared"
"chr22-28074962-28075909",1,1,"LHb.2.7","Unique"
"chr22-28903036-28903360",1,1,"Inhib.Thal","Unique"
"chr22-29023245-29023669",1,1,"LHb.4","Unique"
"chr22-29144168-29144488",1,1,"LHb.4","Unique"
"chr22-29154313-29154747",5,5,"Inhib.Thal; LHb.2.7; MHb.2; Oligo; OPC","Shared"
"chr22-29231350-29232828",1,1,"LHb.4","Unique"
"chr22-29343000-29343636",12,4,"Inhib.Thal; LHb.1; LHb.2.7; LHb.4","Shared"
"chr22-29394866-29395622",3,3,"Astrocyte; Inhib.Thal; Oligo","Shared"
"chr22-29603046-29604226",4,4,"Astrocyte; Excit.Thal; Microglia; Oligo","Shared"
"chr22-30326334-30327441",4,4,"Astrocyte; Excit.Thal; Inhib.Thal; Oligo","Shared"
"chr22-30439908-30440201",2,1,"Inhib.Thal","Unique"
"chr22-30505181-30505845",12,4,"Astrocyte; Inhib.Thal; LHb.4; Oligo","Shared"
"chr22-30756859-30757378",1,1,"MHb.2","Unique"
"chr22-30772315-30772688",2,1,"LHb.4","Unique"
"chr22-30802253-30803836",5,5,"Astrocyte; MHb.1.2; MHb.1; Microglia; Oligo","Shared"
"chr22-31159808-31160695",3,3,"Inhib.Thal; MHb.1; Oligo","Shared"
"chr22-31291675-31292652",2,2,"Excit.Thal; MHb.1","Shared"
"chr22-31586004-31586466",1,1,"Excit.Thal","Unique"
"chr22-31926798-31927461",9,3,"Excit.Thal; LHb.2.7; MHb.2","Shared"
"chr22-31943606-31945218",2,2,"Excit.Thal; Inhib.Thal","Shared"
"chr22-32143180-32143622",1,1,"LHb.4","Unique"
"chr22-32335424-32335852",1,1,"Inhib.Thal","Unique"
"chr22-32469664-32470183",1,1,"LHb.2.7","Unique"
"chr22-32576926-32577236",1,1,"Inhib.Thal","Unique"
"chr22-35575369-35575979",3,3,"LHb.2.7; MHb.1; MHb.2","Shared"
"chr22-35604218-35604846",3,3,"Excit.Thal; Inhib.Thal; OPC","Shared"
"chr22-36123231-36124507",8,4,"LHb.2.7; LHb.4; MHb.1; Oligo","Shared"
"chr22-36277532-36278003",4,4,"Inhib.Thal; LHb.2.7; MHb.2; Oligo","Shared"
"chr22-36435418-36435821",3,3,"LHb.1.3.4; LHb.1; MHb.2","Shared"
"chr22-36587559-36588010",2,2,"Excit.Thal; Inhib.Thal","Shared"
"chr22-36595400-36596291",1,1,"Inhib.Thal","Unique"
"chr22-36640274-36640950",1,1,"LHb.4","Unique"
"chr22-36663511-36663992",1,1,"MHb.2","Unique"
"chr22-36743975-36744587",2,2,"Excit.Thal; Inhib.Thal","Shared"
"chr22-36838487-36839167",8,2,"Inhib.Thal; MHb.2","Shared"
"chr22-36921890-36922770",1,1,"Excit.Thal","Unique"
"chr22-37051381-37052492",7,7,"Astrocyte; Inhib.Thal; LHb.4; MHb.1.2; MHb.1; MHb.2; Oligo","Shared"
"chr22-37166401-37167030",6,6,"Astrocyte; Excit.Thal; Inhib.Thal; LHb.2.7; MHb.1; Oligo","Shared"
"chr22-37198534-37199758",6,3,"Excit.Thal; Inhib.Thal; Microglia","Shared"
"chr22-37259484-37260034",4,4,"Excit.Thal; Inhib.Thal; LHb.2.7; LHb.4","Shared"
"chr22-37316884-37317201",6,3,"Inhib.Thal; LHb.4; Oligo","Shared"
"chr22-37330431-37330826",7,7,"Astrocyte; Excit.Thal; Inhib.Thal; LHb.2.7; LHb.4; MHb.1; MHb.2","Shared"
"chr22-37340505-37340791",9,3,"MHb.1.2; MHb.1; MHb.2","Shared"
"chr22-37426518-37427939",3,3,"Astrocyte; Inhib.Thal; OPC","Shared"
"chr22-37433517-37434143",24,4,"Inhib.Thal; LHb.1.3.4; LHb.1; LHb.2.7","Shared"
"chr22-37457339-37457675",3,1,"Inhib.Thal","Unique"
"chr22-37674866-37675756",8,4,"Astrocyte; Excit.Thal; LHb.1.3.4; Oligo","Shared"
"chr22-37791802-37792148",6,3,"Astrocyte; LHb.4; Oligo","Shared"
"chr22-37804628-37805560",9,3,"Inhib.Thal; MHb.1; OPC","Shared"
"chr22-38194433-38194909",2,1,"LHb.4","Unique"
"chr22-38272071-38273223",3,3,"Inhib.Thal; MHb.1; MHb.2","Shared"
"chr22-38352999-38354150",21,7,"Astrocyte; Inhib.Thal; LHb.2.7; LHb.4; MHb.1; MHb.2; OPC","Shared"
"chr22-38871356-38873217",6,3,"Inhib.Thal; MHb.1; Oligo","Shared"
"chr22-38923802-38924252",6,3,"Excit.Thal; Inhib.Thal; LHb.2.7","Shared"
"chr22-38966909-38967844",3,1,"Excit.Thal","Unique"
"chr22-39241150-39241356",1,1,"MHb.2","Unique"
"chr22-39348867-39351047",20,5,"Excit.Thal; LHb.4; MHb.1; MHb.2; Oligo","Shared"
"chr22-39528557-39529686",2,1,"Oligo","Unique"
"chr22-39532433-39533084",4,2,"Excit.Thal; Inhib.Thal","Shared"
"chr22-39574841-39575197",2,2,"Inhib.Thal; LHb.4","Shared"
"chr22-39690822-39691397",10,2,"Astrocyte; Inhib.Thal","Shared"
"chr22-39806274-39806978",1,1,"Excit.Thal","Unique"
"chr22-39913136-39913680",1,1,"Inhib.Thal","Unique"
"chr22-40021483-40021732",1,1,"MHb.2","Unique"
"chr22-40177478-40178031",2,2,"Inhib.Thal; MHb.1","Shared"
"chr22-41109704-41110294",1,1,"Inhib.Thal","Unique"
"chr22-41403622-41404324",3,3,"LHb.2.7; MHb.2; Oligo","Shared"
"chr22-41413293-41414240",3,3,"Excit.Thal; Microglia; Oligo","Shared"
"chr22-41446627-41448774",7,7,"Astrocyte; Excit.Thal; Inhib.Thal; LHb.1.3.4; MHb.2; Oligo; OPC","Shared"
"chr22-41596847-41597625",4,2,"Inhib.Thal; Oligo","Shared"
"chr22-41666454-41667031",4,4,"Excit.Thal; Inhib.Thal; LHb.2.7; LHb.4","Shared"
"chr22-41699270-41699765",6,2,"Astrocyte; Oligo","Shared"
"chr22-41782307-41783059",1,1,"Excit.Thal","Unique"
"chr22-41846275-41847042",2,2,"Inhib.Thal; OPC","Shared"
"chr22-41926006-41926908",2,2,"Inhib.Thal; Microglia","Shared"
"chr22-41946289-41947248",3,3,"Excit.Thal; MHb.1; Oligo","Shared"
"chr22-42001230-42001650",1,1,"Inhib.Thal","Unique"
"chr22-42122721-42122955",1,1,"LHb.4","Unique"
"chr22-42368496-42369608",10,5,"Astrocyte; Inhib.Thal; MHb.2; Oligo; OPC","Shared"
"chr22-42399405-42399964",2,2,"Astrocyte; Inhib.Thal","Shared"
"chr22-42471429-42471807",3,3,"Excit.Thal; Inhib.Thal; LHb.2.7","Shared"
"chr22-42792733-42794500",8,8,"Astrocyte; Excit.Thal; Inhib.Thal; LHb.1; LHb.2.7; LHb.4; MHb.2; Oligo","Shared"
"chr22-42833618-42834290",1,1,"Inhib.Thal","Unique"
"chr22-43552967-43554287",3,3,"Inhib.Thal; MHb.2; Oligo","Shared"
"chr22-43766531-43766830",2,1,"LHb.4","Unique"
"chr22-43772802-43773012",1,1,"Inhib.Thal","Unique"
"chr22-43923481-43924561",6,6,"Inhib.Thal; LHb.1; LHb.4; MHb.1.2; MHb.1; Oligo","Shared"
"chr22-43993160-43993426",1,1,"Oligo","Unique"
"chr22-44118409-44119497",4,4,"Excit.Thal; Inhib.Thal; MHb.2; Oligo","Shared"
"chr22-44242479-44243477",2,1,"LHb.2.7","Unique"
"chr22-44839635-44840061",1,1,"LHb.4","Unique"
"chr22-45162984-45165035",3,3,"Inhib.Thal; MHb.1; Oligo","Shared"
"chr22-45211962-45212654",1,1,"Excit.Thal","Unique"
"chr22-45248424-45248892",1,1,"Excit.Thal","Unique"
"chr22-45553633-45554405",2,2,"Inhib.Thal; Oligo","Shared"
"chr22-45631117-45631721",3,3,"Inhib.Thal; LHb.4; MHb.2","Shared"
"chr22-45645318-45646105",12,4,"Inhib.Thal; LHb.4; MHb.2; Oligo","Shared"
"chr22-45814591-45814928",4,1,"MHb.2","Unique"
"chr22-46500139-46500797",1,1,"Inhib.Thal","Unique"
"chr22-46546980-46547801",3,3,"Astrocyte; Excit.Thal; Inhib.Thal","Shared"
"chr22-46607463-46607956",1,1,"LHb.4","Unique"
"chr22-46618124-46619061",4,2,"Inhib.Thal; LHb.4","Shared"
"chr22-46942926-46943342",2,1,"Excit.Thal","Unique"
"chr22-48391222-48391654",2,2,"LHb.2.7; MHb.1","Shared"
"chr22-49523244-49523489",1,1,"LHb.4","Unique"
"chr22-49664294-49665129",3,3,"Excit.Thal; Inhib.Thal; LHb.4","Shared"
"chr22-49975759-49976306",10,2,"Inhib.Thal; Oligo","Shared"
"chr22-50001751-50002182",2,1,"LHb.2.7","Unique"
"chr22-50063700-50064237",6,3,"Excit.Thal; Inhib.Thal; LHb.1","Shared"
"chr22-50089662-50090451",8,4,"Excit.Thal; LHb.2.7; LHb.4; Oligo","Shared"
"chr22-50783159-50783770",4,4,"Astrocyte; Inhib.Thal; Microglia; Oligo","Shared"
"chr3-100259967-100261457",7,7,"Astrocyte; Endo; Excit.Thal; Inhib.Thal; LHb.1; LHb.4; Oligo","Shared"
"chr3-10164517-10165632",4,4,"Astrocyte; LHb.1; MHb.1.2; MHb.2","Shared"
"chr3-10254046-10254547",2,2,"LHb.4; MHb.2","Shared"
"chr3-10432204-10433015",6,2,"Inhib.Thal; MHb.2","Shared"
"chr3-10463961-10464382",2,2,"Inhib.Thal; LHb.1","Shared"
"chr3-10527459-10527988",4,1,"Inhib.Thal","Unique"
"chr3-10608904-10609496",10,5,"Astrocyte; Inhib.Thal; LHb.1.3.4; MHb.1; MHb.2","Shared"
"chr3-10697956-10698159",1,1,"Inhib.Thal","Unique"
"chr3-107524692-107526158",3,3,"Inhib.Thal; LHb.4; Oligo","Shared"
"chr3-10945534-10945999",2,2,"Inhib.Thal; LHb.2.7","Shared"
"chr3-10968332-10968759",1,1,"OPC","Unique"
"chr3-11059362-11059861",3,3,"Inhib.Thal; LHb.2.7; LHb.4","Shared"
"chr3-11060621-11061743",7,7,"Excit.Thal; Inhib.Thal; LHb.2.7; LHb.4; MHb.1; MHb.2; Oligo","Shared"
"chr3-111707849-111708419",3,3,"MHb.1.2; MHb.1; MHb.2","Shared"
"chr3-112085700-112087097",7,7,"Excit.Thal; Inhib.Thal; LHb.1.3.4; LHb.1; LHb.4; MHb.2; Oligo","Shared"
"chr3-112185382-112186024",1,1,"Oligo","Unique"
"chr3-115623308-115623790",1,1,"Inhib.Thal","Unique"
"chr3-115676106-115676751",2,2,"Inhib.Thal; MHb.1","Shared"
"chr3-115692912-115693248",2,2,"Astrocyte; Oligo","Shared"
"chr3-11620222-11620646",1,1,"Inhib.Thal","Unique"
"chr3-117382958-117383493",2,2,"Excit.Thal; Inhib.Thal","Shared"
"chr3-118744116-118744634",4,2,"MHb.1; MHb.2","Shared"
"chr3-119245732-119246003",1,1,"MHb.2","Unique"
"chr3-119380568-119381037",1,1,"LHb.1","Unique"
"chr3-120093817-120095902",16,8,"Astrocyte; Excit.Thal; Inhib.Thal; LHb.2.7; LHb.4; MHb.1; MHb.2; Oligo","Shared"
"chr3-120243617-120244515",1,1,"Astrocyte","Unique"
"chr3-120558704-120560177",4,1,"Excit.Thal","Unique"
"chr3-12149032-12149452",1,1,"Inhib.Thal","Unique"
"chr3-121810906-121812083",2,2,"Inhib.Thal; MHb.2","Shared"
"chr3-122076887-122077312",2,2,"Excit.Thal; Inhib.Thal","Shared"
"chr3-122415761-122416662",1,1,"Inhib.Thal","Unique"
"chr3-122794734-122795700",3,3,"LHb.1.3.4; LHb.2.7; Oligo","Shared"
"chr3-123026539-123028252",5,5,"Inhib.Thal; LHb.2.7; LHb.4; Oligo; OPC","Shared"
"chr3-123084759-123085069",1,1,"LHb.4","Unique"
"chr3-123530290-123530753",1,1,"LHb.4","Unique"
"chr3-124090268-124090593",2,2,"LHb.1; LHb.2.7","Shared"
"chr3-124771937-124772820",1,1,"Inhib.Thal","Unique"
"chr3-125903702-125904291",2,2,"Inhib.Thal; LHb.4","Shared"
"chr3-125989634-125991070",4,4,"MHb.1.2; MHb.2; Microglia; Oligo","Shared"
"chr3-126960174-126960906",3,3,"LHb.4; MHb.1; MHb.2","Shared"
"chr3-127455355-127456090",10,5,"Astrocyte; Inhib.Thal; LHb.1.3.4; MHb.1; Oligo","Shared"
"chr3-127524288-127524660",5,5,"Excit.Thal; Inhib.Thal; LHb.4; MHb.1; MHb.2","Shared"
"chr3-127762135-127762480",2,2,"Astrocyte; MHb.2","Shared"
"chr3-127875427-127875982",1,1,"MHb.2","Unique"
"chr3-127886267-127886539",1,1,"MHb.2","Unique"
"chr3-127954598-127955011",1,1,"LHb.4","Unique"
"chr3-128584229-128584766",9,3,"Excit.Thal; Inhib.Thal; LHb.2.7","Shared"
"chr3-128680245-128681435",4,4,"Excit.Thal; Inhib.Thal; LHb.2.7; MHb.1","Shared"
"chr3-128952601-128952985",1,1,"LHb.4","Unique"
"chr3-129045600-129047513",4,4,"Excit.Thal; Inhib.Thal; LHb.4; Oligo","Shared"
"chr3-129059373-129059694",2,2,"Inhib.Thal; LHb.4","Shared"
"chr3-129151839-129152149",1,1,"LHb.4","Unique"
"chr3-129195527-129196262",1,1,"Inhib.Thal","Unique"
"chr3-129315621-129316918",4,4,"Excit.Thal; Inhib.Thal; Microglia; Oligo","Shared"
"chr3-129357600-129358399",2,1,"Excit.Thal","Unique"
"chr3-129359004-129359392",7,1,"Inhib.Thal","Unique"
"chr3-129360069-129360921",2,2,"Inhib.Thal; MHb.1","Shared"
"chr3-129428032-129428977",4,4,"Excit.Thal; Inhib.Thal; LHb.1; Microglia","Shared"
"chr3-129688189-129688787",8,4,"Astrocyte; Excit.Thal; Inhib.Thal; Oligo","Shared"
"chr3-130318732-130319553",1,1,"Excit.Thal","Unique"
"chr3-130569970-130570199",2,1,"Inhib.Thal","Unique"
"chr3-131339317-131339856",3,1,"Inhib.Thal","Unique"
"chr3-131361320-131362499",5,5,"Astrocyte; Excit.Thal; LHb.4; Oligo; OPC","Shared"
"chr3-131568368-131568818",5,5,"Inhib.Thal; LHb.4; MHb.1.2; MHb.1; MHb.2","Shared"
"chr3-13174014-13175052",2,2,"Inhib.Thal; LHb.4","Shared"
"chr3-132228874-132229383",4,2,"Excit.Thal; LHb.1","Shared"
"chr3-132721515-132723330",11,11,"Astrocyte; Excit.Thal; Inhib.Thal; LHb.1; LHb.2.7; LHb.4; MHb.1; MHb.2; Microglia; Oligo; OPC","Shared"
"chr3-132859491-132859704",2,1,"Inhib.Thal","Unique"
"chr3-13347612-13347864",1,1,"LHb.4","Unique"
"chr3-134688642-134689214",1,1,"Inhib.Thal","Unique"
"chr3-135618093-135618671",2,2,"Excit.Thal; LHb.1","Shared"
"chr3-13574796-13575176",3,3,"LHb.2.7; MHb.1.2; MHb.2","Shared"
"chr3-136250121-136250755",6,2,"Oligo; OPC","Shared"
"chr3-13650346-13650789",2,2,"Inhib.Thal; LHb.4","Shared"
"chr3-136751280-136753213",4,4,"Astrocyte; Excit.Thal; Inhib.Thal; Oligo","Shared"
"chr3-137013709-137014618",2,2,"Inhib.Thal; MHb.2","Shared"
"chr3-137764029-137764392",2,2,"Inhib.Thal; Thal","Shared"
"chr3-138367949-138368206",2,2,"Astrocyte; Excit.Thal","Shared"
"chr3-139088547-139089239",1,1,"Excit.Thal","Unique"
"chr3-139396744-139397385",2,2,"Excit.Thal; LHb.2.7","Shared"
"chr3-139705206-139705511",1,1,"LHb.2.7","Unique"
"chr3-140081915-140082352",2,2,"LHb.1.3.4; MHb.2","Shared"
"chr3-141370171-141370479",2,2,"Excit.Thal; Inhib.Thal","Shared"
"chr3-141828949-141829260",1,1,"Excit.Thal","Unique"
"chr3-142097381-142097635",1,1,"Inhib.Thal","Unique"
"chr3-142357425-142358116",1,1,"Inhib.Thal","Unique"
"chr3-142645280-142646176",1,1,"Inhib.Thal","Unique"
"chr3-14297403-14298206",5,5,"Excit.Thal; Inhib.Thal; LHb.2.7; MHb.2; Oligo","Shared"
"chr3-143032001-143032293",1,1,"Inhib.Thal","Unique"
"chr3-143078977-143079333",1,1,"Inhib.Thal","Unique"
"chr3-143151584-143152333",2,2,"Inhib.Thal; LHb.4","Shared"
"chr3-14508950-14509391",8,4,"Astrocyte; LHb.1.3.4; LHb.1; Oligo","Shared"
"chr3-14532657-14533694",1,1,"Inhib.Thal","Unique"
"chr3-14626930-14627372",2,1,"Inhib.Thal","Unique"
"chr3-146518146-146518378",1,1,"Excit.Thal","Unique"
"chr3-147361112-147361794",2,1,"Inhib.Thal","Unique"
"chr3-147377481-147378313",1,1,"Astrocyte","Unique"
"chr3-147385095-147385594",2,1,"LHb.2.7","Unique"
"chr3-147397155-147397680",12,6,"Astrocyte; LHb.2.7; LHb.4; MHb.1.2; MHb.1; MHb.2","Shared"
"chr3-147409103-147409447",24,8,"Astrocyte; Excit.Thal; Inhib.Thal; LHb.4; MHb.1.2; MHb.1; MHb.2; Oligo","Shared"
"chr3-147419014-147419801",12,6,"Astrocyte; Inhib.Thal; LHb.4; MHb.1.2; MHb.1; MHb.2","Shared"
"chr3-147420495-147420811",2,1,"LHb.4","Unique"
"chr3-147424111-147424642",10,5,"Astrocyte; LHb.4; MHb.1.2; MHb.1; MHb.2","Shared"
"chr3-147427762-147428046",1,1,"LHb.4","Unique"
"chr3-147430524-147430865",4,2,"Excit.Thal; MHb.2","Shared"
"chr3-149273111-149273663",2,2,"LHb.1; MHb.1","Shared"
"chr3-149288612-149288937",2,1,"Inhib.Thal","Unique"
"chr3-149352498-149352835",2,1,"Oligo","Unique"
"chr3-14946964-14948990",5,5,"Astrocyte; Excit.Thal; Inhib.Thal; Oligo; OPC","Shared"
"chr3-149534751-149535157",2,2,"Inhib.Thal; Oligo","Shared"
"chr3-149812261-149813945",6,6,"Astrocyte; Excit.Thal; Inhib.Thal; LHb.4; Microglia; Oligo","Shared"
"chr3-150130008-150131090",9,3,"Inhib.Thal; LHb.1.3.4; LHb.2.7","Shared"
"chr3-150370019-150370682",1,1,"Inhib.Thal","Unique"
"chr3-150545411-150547195",12,6,"Excit.Thal; Inhib.Thal; LHb.1.3.4; MHb.1; MHb.2; Oligo","Shared"
"chr3-15064418-15065543",6,6,"Astrocyte; Excit.Thal; Inhib.Thal; MHb.1.2; MHb.2; Oligo","Shared"
"chr3-150865074-150865601",1,1,"Excit.Thal","Unique"
"chr3-151248817-151249223",1,1,"MHb.2","Unique"
"chr3-15331524-15333160",6,6,"Astrocyte; Excit.Thal; Inhib.Thal; MHb.2; Microglia; OPC","Shared"
"chr3-15361857-15362109",2,2,"Inhib.Thal; LHb.1.3.4","Shared"
"chr3-153937058-153938062",2,2,"LHb.4; MHb.1","Shared"
"chr3-154245464-154245940",1,1,"Inhib.Thal","Unique"
"chr3-154364774-154365060",2,1,"MHb.2","Unique"
"chr3-155963575-155964181",2,2,"Excit.Thal; Inhib.Thal","Shared"
"chr3-15600935-15602364",15,5,"Astrocyte; Excit.Thal; Inhib.Thal; LHb.1.3.4; MHb.1","Shared"
"chr3-156087384-156087912",3,3,"Inhib.Thal; LHb.1; Oligo","Shared"
"chr3-156630800-156631509",2,1,"Excit.Thal","Unique"
"chr3-157606286-157606920",6,3,"Inhib.Thal; LHb.1.3.4; Oligo","Shared"
"chr3-158556042-158556651",1,1,"Inhib.Thal","Unique"
"chr3-158644079-158644928",8,4,"Inhib.Thal; LHb.1.3.4; Oligo; OPC","Shared"
"chr3-158659537-158660014",2,2,"Inhib.Thal; MHb.1","Shared"
"chr3-158917902-158918389",4,4,"Astrocyte; Inhib.Thal; MHb.2; Oligo","Shared"
"chr3-159913531-159914004",1,1,"Excit.Thal","Unique"
"chr3-16070341-16071049",2,1,"Inhib.Thal","Unique"
"chr3-160754339-160757620",7,7,"Astrocyte; Excit.Thal; Inhib.Thal; LHb.2.7; LHb.4; MHb.2; Oligo","Shared"
"chr3-16178295-16178667",3,3,"LHb.1; MHb.2; Oligo","Shared"
"chr3-16337939-16338450",6,2,"Inhib.Thal; LHb.2.7","Shared"
"chr3-16448626-16449052",1,1,"Inhib.Thal","Unique"
"chr3-16454943-16455208",1,1,"LHb.4","Unique"
"chr3-16550326-16551176",5,5,"Inhib.Thal; LHb.1.3.4; LHb.2.7; MHb.2; Oligo","Shared"
"chr3-16892638-16892923",2,2,"Excit.Thal; Inhib.Thal","Shared"
"chr3-16923157-16923504",1,1,"LHb.1.3.4","Unique"
"chr3-170438107-170438542",1,1,"Inhib.Thal","Unique"
"chr3-170731171-170731527",2,2,"LHb.2.7; MHb.1","Shared"
"chr3-170760274-170760572",1,1,"LHb.4","Unique"
"chr3-171173400-171174379",6,6,"Excit.Thal; Inhib.Thal; MHb.1.2; MHb.1; MHb.2; Oligo","Shared"
"chr3-173396514-173396878",1,1,"Inhib.Thal","Unique"
"chr3-178615179-178616592",2,2,"Inhib.Thal; LHb.1.3.4","Shared"
"chr3-179266375-179266869",2,1,"Inhib.Thal","Unique"
"chr3-179512075-179512720",2,2,"Inhib.Thal; LHb.2.7","Shared"
"chr3-180036289-180037621",8,4,"Astrocyte; MHb.1; Oligo; OPC","Shared"
"chr3-181712229-181713328",5,5,"Excit.Thal; Inhib.Thal; LHb.4; MHb.2; Oligo","Shared"
"chr3-183115902-183116905",4,2,"Inhib.Thal; MHb.1","Shared"
"chr3-183897930-183898195",5,1,"MHb.2","Unique"
"chr3-184248467-184250144",4,4,"Astrocyte; Excit.Thal; MHb.1; MHb.2","Shared"
"chr3-184508883-184509316",1,1,"MHb.2","Unique"
"chr3-185175363-185176024",6,6,"Inhib.Thal; LHb.2.7; LHb.4; MHb.2; Oligo; OPC","Shared"
"chr3-185498328-185499403",3,3,"Excit.Thal; MHb.1; Oligo","Shared"
"chr3-185558877-185559538",4,4,"Astrocyte; Inhib.Thal; MHb.2; Oligo","Shared"
"chr3-185660138-185660726",6,3,"Astrocyte; Inhib.Thal; Oligo","Shared"
"chr3-186239107-186239690",2,2,"Inhib.Thal; MHb.1","Shared"
"chr3-186361378-186362554",4,4,"Excit.Thal; Inhib.Thal; LHb.2.7; Oligo","Shared"
"chr3-186566785-186567609",3,1,"Excit.Thal","Unique"
"chr3-186708979-186709343",1,1,"Excit.Thal","Unique"
"chr3-186996318-186996964",2,2,"Excit.Thal; Inhib.Thal","Shared"
"chr3-187744657-187745002",4,2,"Inhib.Thal; Oligo","Shared"
"chr3-187745286-187745903",8,4,"Astrocyte; Excit.Thal; Inhib.Thal; LHb.7","Shared"
"chr3-191424715-191425152",2,2,"LHb.1; MHb.1","Shared"
"chr3-19146445-19147620",6,6,"Excit.Thal; Inhib.Thal; MHb.1; MHb.2; Oligo; OPC","Shared"
"chr3-19251005-19251565",2,2,"LHb.4; Oligo","Shared"
"chr3-194203971-194204716",4,4,"Inhib.Thal; MHb.2; Oligo; OPC","Shared"
"chr3-194417248-194417979",1,1,"Inhib.Thal","Unique"
"chr3-194685596-194686340",8,8,"Astrocyte; Excit.Thal; Inhib.Thal; LHb.4; MHb.1.2; MHb.1; MHb.2; Oligo","Shared"
"chr3-19489933-19490310",3,3,"Inhib.Thal; LHb.1; Oligo","Shared"
"chr3-194971103-194971376",1,1,"LHb.4","Unique"
"chr3-195238122-195239288",1,1,"Inhib.Thal","Unique"
"chr3-195259377-195260847",6,6,"Excit.Thal; Inhib.Thal; MHb.1.2; MHb.1; Microglia; Oligo","Shared"
"chr3-195333190-195333416",1,1,"Inhib.Thal","Unique"
"chr3-195335895-195336279",1,1,"LHb.4","Unique"
"chr3-19543095-19543491",2,2,"MHb.2; Oligo","Shared"
"chr3-195678484-195679076",4,2,"Inhib.Thal; LHb.1.3.4","Shared"
"chr3-195720428-195721127",3,3,"Inhib.Thal; LHb.2.7; LHb.4","Shared"
"chr3-195895106-195896293",5,5,"Astrocyte; Excit.Thal; Inhib.Thal; LHb.1; MHb.1","Shared"
"chr3-195954261-195954866",8,4,"Excit.Thal; Inhib.Thal; MHb.1; MHb.2","Shared"
"chr3-195964667-195965503",1,1,"Inhib.Thal","Unique"
"chr3-195969877-195971079",8,4,"Astrocyte; Inhib.Thal; LHb.1.3.4; MHb.2","Shared"
"chr3-195994327-195994593",4,2,"Inhib.Thal; Oligo","Shared"
"chr3-196013660-196013993",1,1,"Inhib.Thal","Unique"
"chr3-196081057-196082482",5,5,"Astrocyte; Excit.Thal; Inhib.Thal; LHb.1.3.4; MHb.1.2","Shared"
"chr3-196219359-196219811",1,1,"Inhib.Thal","Unique"
"chr3-196338151-196338535",1,1,"Inhib.Thal","Unique"
"chr3-196502850-196504239",3,3,"Astrocyte; MHb.1.2; MHb.1","Shared"
"chr3-196631810-196633204",4,4,"Excit.Thal; Inhib.Thal; LHb.1; Oligo","Shared"
"chr3-197302450-197302852",1,1,"Inhib.Thal","Unique"
"chr3-197393390-197394019",2,1,"MHb.2","Unique"
"chr3-197455814-197457056",8,4,"Astrocyte; Excit.Thal; Inhib.Thal; Oligo","Shared"
"chr3-197509645-197510423",6,6,"Excit.Thal; Inhib.Thal; LHb.4; MHb.1; Oligo; OPC","Shared"
"chr3-197630522-197630780",2,1,"Inhib.Thal","Unique"
"chr3-197637266-197637636",2,2,"Inhib.Thal; LHb.1.3.4","Shared"
"chr3-197640739-197641387",1,1,"Inhib.Thal","Unique"
"chr3-197712133-197712708",4,4,"Excit.Thal; Inhib.Thal; MHb.1; Oligo","Shared"
"chr3-20065043-20065601",5,5,"LHb.2.7; LHb.4; MHb.1.2; MHb.1; MHb.2","Shared"
"chr3-20511643-20512598",1,1,"Astrocyte","Unique"
"chr3-2097724-2098025",1,1,"Inhib.Thal","Unique"
"chr3-21747372-21747786",2,2,"Excit.Thal; Inhib.Thal","Shared"
"chr3-23174412-23174805",2,2,"MHb.1; MHb.2","Shared"
"chr3-23686618-23687216",2,1,"Inhib.Thal","Unique"
"chr3-23697355-23697872",8,4,"Inhib.Thal; LHb.2.7; LHb.4; MHb.2","Shared"
"chr3-23810308-23811162",5,5,"Astrocyte; Excit.Thal; Inhib.Thal; MHb.2; Oligo","Shared"
"chr3-23882372-23882997",2,2,"Astrocyte; Oligo","Shared"
"chr3-25557390-25557905",1,1,"LHb.4","Unique"
"chr3-26712244-26712694",1,1,"Oligo","Unique"
"chr3-27025616-27026087",4,4,"LHb.4; MHb.1.2; MHb.1; MHb.2","Shared"
"chr3-28077526-28078006",1,1,"Excit.Thal","Unique"
"chr3-28903050-28903720",3,3,"Astrocyte; Inhib.Thal; Oligo","Shared"
"chr3-2970392-2970821",1,1,"Inhib.Thal","Unique"
"chr3-31952923-31953362",2,1,"LHb.4","Unique"
"chr3-32321103-32321466",1,1,"MHb.1.2","Unique"
"chr3-32684681-32685815",12,4,"Astrocyte; Excit.Thal; Inhib.Thal; LHb.4","Shared"
"chr3-33617951-33618536",1,1,"Inhib.Thal","Unique"
"chr3-33717291-33718549",2,2,"Astrocyte; Excit.Thal","Shared"
"chr3-33786831-33787676",5,5,"Astrocyte; Inhib.Thal; LHb.2.7; MHb.2; Oligo","Shared"
"chr3-34067015-34068000",1,1,"Inhib.Thal","Unique"
"chr3-3614512-3615230",1,1,"Excit.Thal","Unique"
"chr3-37423157-37423806",2,2,"Inhib.Thal; Oligo","Shared"
"chr3-37451528-37453514",5,5,"Astrocyte; LHb.1; MHb.1.2; MHb.2; Oligo","Shared"
"chr3-37491096-37491691",3,3,"Inhib.Thal; LHb.1.3.4; LHb.1","Shared"
"chr3-37546341-37546766",1,1,"Inhib.Thal","Unique"
"chr3-37610535-37610824",1,1,"Excit.Thal","Unique"
"chr3-3836456-3837419",1,1,"Oligo","Unique"
"chr3-38495892-38496815",1,1,"LHb.2.7","Unique"
"chr3-38538512-38539296",1,1,"MHb.1","Unique"
"chr3-38649050-38649980",3,3,"Inhib.Thal; Oligo; OPC","Shared"
"chr3-39665587-39666058",1,1,"MHb.2","Unique"
"chr3-40270696-40271042",1,1,"LHb.4","Unique"
"chr3-40308733-40310438",4,4,"Excit.Thal; Inhib.Thal; LHb.1; Oligo","Shared"
"chr3-40584423-40584913",3,3,"Inhib.Thal; LHb.1; Oligo","Shared"
"chr3-42263307-42263783",4,2,"Inhib.Thal; MHb.1","Shared"
"chr3-42273364-42273784",2,2,"Excit.Thal; LHb.4","Shared"
"chr3-42653393-42654622",2,2,"LHb.1; MHb.1","Shared"
"chr3-42772457-42773458",6,3,"MHb.1.2; Microglia; Oligo","Shared"
"chr3-42803142-42804930",2,2,"Excit.Thal; MHb.1.2","Shared"
"chr3-43202585-43203529",1,1,"Inhib.Thal","Unique"
"chr3-43855577-43856085",2,2,"LHb.2.7; Oligo","Shared"
"chr3-44337828-44338998",3,3,"Astrocyte; Excit.Thal; Inhib.Thal","Shared"
"chr3-44624629-44625502",6,6,"Excit.Thal; Inhib.Thal; MHb.1.2; MHb.2; Microglia; Oligo","Shared"
"chr3-44684992-44685809",4,4,"Astrocyte; LHb.1; MHb.1.2; Oligo","Shared"
"chr3-44914510-44915191",1,1,"Inhib.Thal","Unique"
"chr3-45034749-45036250",4,4,"Astrocyte; Inhib.Thal; LHb.1; Oligo","Shared"
"chr3-45037658-45038010",5,5,"Astrocyte; Inhib.Thal; MHb.1; Microglia; Oligo","Shared"
"chr3-45060578-45061121",1,1,"Excit.Thal","Unique"
"chr3-45145414-45146628",2,2,"Inhib.Thal; MHb.2","Shared"
"chr3-45167438-45167792",1,1,"MHb.2","Unique"
"chr3-45938768-45939743",3,3,"Astrocyte; Inhib.Thal; Oligo","Shared"
"chr3-46742078-46743535",4,1,"LHb.4","Unique"
"chr3-47303190-47303892",1,1,"Inhib.Thal","Unique"
"chr3-47476673-47476892",1,1,"LHb.4","Unique"
"chr3-47661211-47661510",1,1,"LHb.4","Unique"
"chr3-47824426-47825513",8,4,"MHb.1.2; MHb.1; MHb.2; OPC","Shared"
"chr3-48150956-48151804",6,3,"Inhib.Thal; MHb.2; Oligo","Shared"
"chr3-48232689-48233094",8,2,"MHb.2; Oligo","Shared"
"chr3-48271837-48272395",3,3,"Inhib.Thal; LHb.4; Oligo","Shared"
"chr3-48439771-48440787",9,3,"Excit.Thal; Inhib.Thal; MHb.1","Shared"
"chr3-48549224-48549566",1,1,"Inhib.Thal","Unique"
"chr3-48715239-48715540",3,3,"Excit.Thal; Inhib.Thal; MHb.1.2","Shared"
"chr3-48716605-48717738",4,4,"Astrocyte; Excit.Thal; Inhib.Thal; MHb.1","Shared"
"chr3-48918095-48919547",3,3,"Astrocyte; MHb.1; MHb.2","Shared"
"chr3-49021159-49022257",20,5,"Excit.Thal; Inhib.Thal; MHb.1; MHb.2; Oligo","Shared"
"chr3-49165804-49166515",4,2,"Astrocyte; Oligo","Shared"
"chr3-49213466-49213859",4,2,"Inhib.Thal; LHb.1.3.4","Shared"
"chr3-49448870-49449444",4,4,"Astrocyte; Inhib.Thal; MHb.2; Oligo","Shared"
"chr3-49719216-49719896",4,2,"Excit.Thal; Oligo","Shared"
"chr3-4985832-4987283",5,5,"Astrocyte; Inhib.Thal; MHb.1; MHb.2; Oligo","Shared"
"chr3-49908360-49908606",7,1,"LHb.2.7","Unique"
"chr3-49929153-49930254",12,3,"Excit.Thal; LHb.1; MHb.1.2","Shared"
"chr3-50272924-50273213",18,3,"MHb.2; Oligo; OPC","Shared"
"chr3-50320990-50321935",5,5,"Astrocyte; Excit.Thal; LHb.1.3.4; LHb.1; Oligo","Shared"
"chr3-50921882-50922470",1,1,"Inhib.Thal","Unique"
"chr3-51197234-51199029",2,2,"Excit.Thal; Inhib.Thal","Shared"
"chr3-5121767-5123129",2,2,"Excit.Thal; MHb.1","Shared"
"chr3-51801652-51802149",4,1,"MHb.2","Unique"
"chr3-51973613-51974318",4,4,"Excit.Thal; LHb.1; MHb.1.2; Oligo","Shared"
"chr3-51974900-51975304",2,2,"Excit.Thal; Inhib.Thal","Shared"
"chr3-52057102-52057742",4,4,"Excit.Thal; Inhib.Thal; MHb.1; Oligo","Shared"
"chr3-52190178-52190545",1,1,"Astrocyte","Unique"
"chr3-52197398-52198807",8,4,"Astrocyte; Excit.Thal; MHb.2; Oligo","Shared"
"chr3-53985642-53986231",1,1,"Inhib.Thal","Unique"
"chr3-54580336-54581038",1,1,"Excit.Thal","Unique"
"chr3-56173235-56173892",2,2,"Inhib.Thal; MHb.2","Shared"
"chr3-56977077-56977691",1,1,"Inhib.Thal","Unique"
"chr3-58205952-58206659",1,1,"Inhib.Thal","Unique"
"chr3-58305818-58306698",3,3,"Astrocyte; Excit.Thal; Inhib.Thal","Shared"
"chr3-58351947-58352318",4,4,"Inhib.Thal; LHb.1.3.4; MHb.2; Oligo","Shared"
"chr3-58585025-58585712",6,6,"Inhib.Thal; LHb.2.7; LHb.4; MHb.2; Oligo; OPC","Shared"
"chr3-62550515-62551044",1,1,"Excit.Thal","Unique"
"chr3-62644026-62644652",2,1,"Inhib.Thal","Unique"
"chr3-62907326-62907730",1,1,"Inhib.Thal","Unique"
"chr3-64039279-64039627",2,2,"Inhib.Thal; MHb.2","Shared"
"chr3-64187662-64187997",2,1,"Oligo","Unique"
"chr3-64211970-64212250",1,1,"MHb.2","Unique"
"chr3-64224870-64225623",2,1,"MHb.1.2","Unique"
"chr3-64267634-64268581",4,4,"Inhib.Thal; MHb.1.2; MHb.2; Oligo","Shared"
"chr3-64344948-64345179",1,1,"MHb.2","Unique"
"chr3-64399264-64399533",3,3,"Inhib.Thal; LHb.2.7; Oligo","Shared"
"chr3-66194493-66195704",8,4,"Astrocyte; Inhib.Thal; LHb.2.7; MHb.2","Shared"
"chr3-66418389-66419701",3,3,"Astrocyte; LHb.4; Oligo","Shared"
"chr3-68994728-68995222",3,1,"MHb.1","Unique"
"chr3-69012122-69014099",3,3,"Excit.Thal; MHb.1.2; Microglia","Shared"
"chr3-69550547-69550937",1,1,"Oligo","Unique"
"chr3-69671580-69672019",3,3,"LHb.4; Oligo; OPC","Shared"
"chr3-72938431-72939064",1,1,"Excit.Thal","Unique"
"chr3-73561236-73561775",1,1,"Inhib.Thal","Unique"
"chr3-74288720-74289032",2,2,"MHb.1; MHb.2","Shared"
"chr3-75658261-75659055",3,3,"Excit.Thal; LHb.4; Oligo","Shared"
"chr3-81716903-81717295",1,1,"LHb.1","Unique"
"chr3-84961476-84961991",1,1,"Inhib.Thal","Unique"
"chr3-9249234-9249849",6,3,"Excit.Thal; Inhib.Thal; MHb.1.2","Shared"
"chr3-9396103-9398591",6,3,"Astrocyte; Excit.Thal; Inhib.Thal","Shared"
"chr3-94130565-94130978",1,1,"Oligo","Unique"
"chr3-9422683-9423118",1,1,"Inhib.Thal","Unique"
"chr3-9648690-9649788",4,4,"Astrocyte; Excit.Thal; Inhib.Thal; LHb.2.7","Shared"
"chr3-9769482-9770148",3,3,"Excit.Thal; Inhib.Thal; Oligo","Shared"
"chr3-9809576-9810955",12,6,"Astrocyte; Excit.Thal; MHb.1.2; MHb.1; Microglia; Oligo","Shared"
"chr3-9915094-9916148",15,5,"Excit.Thal; LHb.4; MHb.1.2; MHb.1; Oligo","Shared"
"chr3-99645807-99646149",1,1,"Astrocyte","Unique"
"chr4-10018734-10019431",5,5,"Astrocyte; Inhib.Thal; LHb.1.3.4; MHb.1.2; Microglia","Shared"
"chr4-1009299-1010413",16,8,"Astrocyte; Inhib.Thal; LHb.1.3.4; MHb.1.2; MHb.1; MHb.2; Microglia; Oligo","Shared"
"chr4-104424786-104425363",2,2,"MHb.1.2; Oligo","Shared"
"chr4-106103901-106104495",2,2,"Astrocyte; Inhib.Thal","Shared"
"chr4-106156852-106157455",1,1,"Inhib.Thal","Unique"
"chr4-107032-108484",4,4,"Astrocyte; Inhib.Thal; MHb.1; Oligo","Shared"
"chr4-108117386-108117801",4,4,"LHb.4; MHb.1.2; MHb.1; MHb.2","Shared"
"chr4-108144472-108144834",3,1,"LHb.4","Unique"
"chr4-1082229-1082545",2,1,"LHb.2.7","Unique"
"chr4-108743012-108743448",3,3,"Astrocyte; Inhib.Thal; LHb.4","Shared"
"chr4-108812797-108813375",1,1,"LHb.2.7","Unique"
"chr4-108909735-108910026",2,1,"MHb.2","Unique"
"chr4-109091611-109092484",2,2,"LHb.2.7; MHb.2","Shared"
"chr4-109422410-109422958",4,2,"MHb.2; Oligo","Shared"
"chr4-109535225-109535584",1,1,"Inhib.Thal","Unique"
"chr4-109729311-109730727",4,4,"Astrocyte; Inhib.Thal; LHb.4; Thal","Shared"
"chr4-110193775-110194128",3,3,"Excit.Thal; Inhib.Thal; MHb.2","Shared"
"chr4-112636511-112637690",12,6,"Astrocyte; Excit.Thal; Inhib.Thal; LHb.2.7; MHb.1.2; Oligo","Shared"
"chr4-118240396-118240703",3,3,"MHb.1.2; MHb.1; MHb.2","Shared"
"chr4-118981656-118982146",3,3,"Astrocyte; MHb.1.2; Oligo","Shared"
"chr4-119204163-119204485",2,2,"Inhib.Thal; MHb.2","Shared"
"chr4-119335565-119335964",2,1,"Inhib.Thal","Unique"
"chr4-121675617-121676157",1,1,"Oligo","Unique"
"chr4-121764320-121765521",12,6,"Astrocyte; Inhib.Thal; LHb.2.7; MHb.1; MHb.2; Oligo","Shared"
"chr4-121950073-121952186",6,3,"Inhib.Thal; LHb.1; LHb.4","Shared"
"chr4-122184275-122184713",3,3,"Inhib.Thal; LHb.1; Oligo","Shared"
"chr4-123113702-123116054",7,7,"Astrocyte; Inhib.Thal; LHb.1.3.4; LHb.1; MHb.1; MHb.2; Oligo","Shared"
"chr4-1233109-1233585",2,2,"LHb.2.7; LHb.4","Shared"
"chr4-123359633-123360216",1,1,"LHb.4","Unique"
"chr4-128386787-128387742",5,5,"Astrocyte; Excit.Thal; MHb.1.2; MHb.2; Oligo","Shared"
"chr4-129133478-129133975",2,2,"Excit.Thal; Inhib.Thal","Shared"
"chr4-129215157-129215436",1,1,"Inhib.Thal","Unique"
"chr4-139082699-139084693",5,5,"Astrocyte; Excit.Thal; Inhib.Thal; LHb.4; Oligo","Shared"
"chr4-139175949-139178684",8,8,"Astrocyte; Excit.Thal; Inhib.Thal; LHb.4; MHb.2; Microglia; Oligo; OPC","Shared"
"chr4-139502358-139503341",1,1,"Oligo","Unique"
"chr4-139841866-139842158",1,1,"Excit.Thal","Unique"
"chr4-140093636-140094405",2,2,"Excit.Thal; MHb.2","Shared"
"chr4-140153719-140154416",6,6,"Excit.Thal; Inhib.Thal; LHb.1; LHb.2.7; LHb.4; MHb.2","Shared"
"chr4-140497496-140498491",4,4,"Astrocyte; Inhib.Thal; MHb.1; Oligo","Shared"
"chr4-140755579-140757190",4,4,"Excit.Thal; Inhib.Thal; LHb.1; Oligo","Shared"
"chr4-140891489-140891899",1,1,"Inhib.Thal","Unique"
"chr4-141120643-141121345",2,2,"Inhib.Thal; LHb.4","Shared"
"chr4-141615298-141615732",2,2,"Inhib.Thal; Oligo","Shared"
"chr4-145013508-145014770",3,3,"Astrocyte; Inhib.Thal; MHb.1.2","Shared"
"chr4-145680950-145681165",1,1,"MHb.2","Unique"
"chr4-145891669-145892290",1,1,"Inhib.Thal","Unique"
"chr4-146398767-146399360",1,1,"MHb.2","Unique"
"chr4-146654809-146655603",2,2,"Inhib.Thal; MHb.2","Shared"
"chr4-150579561-150580168",6,6,"Astrocyte; Inhib.Thal; LHb.1.3.4; LHb.1; LHb.2.7; MHb.2","Shared"
"chr4-150582860-150584100",5,5,"Inhib.Thal; LHb.1; LHb.2.7; LHb.4; MHb.2","Shared"
"chr4-150874159-150875318",10,5,"LHb.2.7; LHb.4; MHb.1; MHb.2; Oligo","Shared"
"chr4-151324719-151325981",5,5,"Inhib.Thal; LHb.2.7; MHb.2; Oligo; OPC","Shared"
"chr4-15172551-15172913",3,3,"MHb.1.2; MHb.1; MHb.2","Shared"
"chr4-151874498-151874816",1,1,"Inhib.Thal","Unique"
"chr4-152304807-152305197",2,2,"Excit.Thal; Inhib.Thal","Shared"
"chr4-152710128-152710386",1,1,"MHb.2","Unique"
"chr4-153094290-153094931",1,1,"LHb.1.3.4","Unique"
"chr4-153256968-153257848",7,7,"Astrocyte; Excit.Thal; Inhib.Thal; LHb.2.7; LHb.4; MHb.2; Oligo","Shared"
"chr4-153518043-153518385",2,2,"Excit.Thal; LHb.1.3.4","Shared"
"chr4-15457079-15457828",1,1,"Oligo","Unique"
"chr4-157219769-157220955",7,7,"Excit.Thal; Inhib.Thal; LHb.1.3.4; LHb.4; MHb.2; Oligo; OPC","Shared"
"chr4-15778051-15779105",2,2,"Astrocyte; Inhib.Thal","Shared"
"chr4-158858801-158859051",1,1,"Inhib.Thal","Unique"
"chr4-159540472-159540760",1,1,"Inhib.Thal","Unique"
"chr4-165086022-165086813",2,1,"Inhib.Thal","Unique"
"chr4-169136257-169136570",3,3,"Astrocyte; Inhib.Thal; MHb.2","Shared"
"chr4-170027191-170027686",3,3,"Excit.Thal; Inhib.Thal; MHb.2","Shared"
"chr4-1721063-1721792",5,5,"Astrocyte; Excit.Thal; Inhib.Thal; MHb.1; Oligo","Shared"
"chr4-173197565-173198116",1,1,"LHb.2.7","Unique"
"chr4-17511548-17512382",3,3,"Excit.Thal; Inhib.Thal; Oligo","Shared"
"chr4-17717263-17717607",4,1,"MHb.2","Unique"
"chr4-17760935-17761422",1,1,"Inhib.Thal","Unique"
"chr4-17911594-17912945",5,5,"Inhib.Thal; LHb.2.7; MHb.1.2; MHb.2; Oligo","Shared"
"chr4-1833276-1834861",1,1,"MHb.2","Unique"
"chr4-184142140-184142606",9,3,"MHb.1.2; MHb.1; MHb.2","Shared"
"chr4-184263665-184264471",3,3,"Astrocyte; Oligo; OPC","Shared"
"chr4-184489446-184490067",1,1,"Inhib.Thal","Unique"
"chr4-184563256-184563639",1,1,"Inhib.Thal","Unique"
"chr4-184777849-184778379",1,1,"LHb.4","Unique"
"chr4-185127012-185127975",3,3,"Astrocyte; MHb.2; Oligo","Shared"
"chr4-185128126-185129118",5,5,"Astrocyte; Excit.Thal; Inhib.Thal; LHb.1; Oligo","Shared"
"chr4-185203343-185204352",6,6,"Astrocyte; Excit.Thal; Inhib.Thal; LHb.4; MHb.2; OPC","Shared"
"chr4-185587337-185588115",4,4,"Excit.Thal; LHb.4; MHb.1; MHb.2","Shared"
"chr4-186021461-186021862",12,4,"Inhib.Thal; LHb.2.7; LHb.4; MHb.2","Shared"
"chr4-186669043-186669730",2,2,"Inhib.Thal; Oligo","Shared"
"chr4-187124167-187124676",2,2,"LHb.1.3.4; LHb.4","Shared"
"chr4-187188521-187189070",1,1,"Inhib.Thal","Unique"
"chr4-189615091-189615796",3,3,"Inhib.Thal; LHb.2.7; Oligo","Shared"
"chr4-2084272-2084850",4,2,"Inhib.Thal; MHb.2","Shared"
"chr4-2091848-2092931",3,3,"Inhib.Thal; MHb.1; Oligo","Shared"
"chr4-2296598-2297526",6,2,"Excit.Thal; Inhib.Thal","Shared"
"chr4-241942-242587",4,4,"Excit.Thal; MHb.2; Microglia; Oligo","Shared"
"chr4-25312335-25313148",8,4,"Astrocyte; Inhib.Thal; LHb.1.3.4; Oligo","Shared"
"chr4-3384743-3385875",2,2,"Excit.Thal; Inhib.Thal","Shared"
"chr4-37354068-37354516",4,4,"Inhib.Thal; LHb.2.7; LHb.4; MHb.1","Shared"
"chr4-37407758-37408965",4,4,"LHb.2.7; LHb.4; MHb.1; MHb.2","Shared"
"chr4-37976758-37978056",5,5,"Astrocyte; Inhib.Thal; LHb.4; MHb.2; Microglia","Shared"
"chr4-38251426-38251862",1,1,"Inhib.Thal","Unique"
"chr4-3871239-3871835",2,2,"Inhib.Thal; LHb.4","Shared"
"chr4-3879490-3880966",4,4,"Astrocyte; Inhib.Thal; MHb.1; Oligo","Shared"
"chr4-38867329-38868784",9,9,"Astrocyte; Excit.Thal; Inhib.Thal; LHb.1; LHb.2.7; LHb.4; Microglia; Oligo; OPC","Shared"
"chr4-39638224-39639742",3,3,"Excit.Thal; Inhib.Thal; LHb.4","Shared"
"chr4-39716289-39717003",2,1,"Inhib.Thal","Unique"
"chr4-39859629-39860004",2,2,"Inhib.Thal; LHb.1.3.4","Shared"
"chr4-40404452-40404741",1,1,"Inhib.Thal","Unique"
"chr4-4106925-4107798",6,6,"Astrocyte; LHb.4; MHb.1.2; MHb.1; MHb.2; Oligo","Shared"
"chr4-41256226-41258204",6,6,"Astrocyte; Excit.Thal; Inhib.Thal; MHb.2; Oligo; OPC","Shared"
"chr4-41279785-41280226",2,1,"Inhib.Thal","Unique"
"chr4-41340434-41340770",3,3,"Excit.Thal; Inhib.Thal; Oligo","Shared"
"chr4-44827924-44828261",2,2,"MHb.1.2; MHb.1","Shared"
"chr4-47122493-47122964",2,2,"Astrocyte; Microglia","Shared"
"chr4-47390564-47391083",2,2,"Excit.Thal; MHb.2","Shared"
"chr4-48410454-48411271",4,2,"Inhib.Thal; LHb.4","Shared"
"chr4-48779109-48780848",6,6,"Astrocyte; Excit.Thal; Inhib.Thal; LHb.4; MHb.1.2; Oligo","Shared"
"chr4-48830563-48831623",4,4,"Astrocyte; Excit.Thal; Microglia; Oligo","Shared"
"chr4-48899944-48900382",2,2,"Inhib.Thal; Oligo","Shared"
"chr4-49092756-49092995",1,1,"MHb.1.2","Unique"
"chr4-49118358-49119665",6,6,"Inhib.Thal; LHb.1; LHb.2.7; MHb.1.2; MHb.1; Oligo","Shared"
"chr4-49287287-49287673",1,1,"Excit.Thal","Unique"
"chr4-5019275-5019668",1,1,"Microglia","Unique"
"chr4-5050459-5050812",4,4,"Astrocyte; Excit.Thal; Oligo; OPC","Shared"
"chr4-52599852-52600784",2,2,"Excit.Thal; Inhib.Thal","Shared"
"chr4-53240802-53242498",4,4,"Astrocyte; Excit.Thal; Inhib.Thal; MHb.2","Shared"
"chr4-54149218-54149689",1,1,"Inhib.Thal","Unique"
"chr4-54944733-54945398",1,1,"Inhib.Thal","Unique"
"chr4-55124655-55126095",2,2,"MHb.2; Oligo","Shared"
"chr4-56786901-56787636",1,1,"LHb.4","Unique"
"chr4-56821276-56821855",3,3,"Astrocyte; Excit.Thal; Inhib.Thal","Shared"
"chr4-56907561-56909431",10,5,"Astrocyte; Inhib.Thal; LHb.2.7; Microglia; Oligo","Shared"
"chr4-57043660-57044136",2,2,"MHb.1; MHb.2","Shared"
"chr4-5790056-5790622",6,3,"Astrocyte; Inhib.Thal; MHb.2","Shared"
"chr4-6095469-6096090",3,3,"LHb.1.3.4; LHb.4; MHb.2","Shared"
"chr4-611896-613416",3,3,"Astrocyte; Inhib.Thal; Oligo","Shared"
"chr4-6182674-6183118",2,2,"Inhib.Thal; LHb.2.7","Shared"
"chr4-6245173-6246367",8,8,"Astrocyte; Excit.Thal; Inhib.Thal; LHb.4; MHb.2; Microglia; Oligo; OPC","Shared"
"chr4-6543006-6543420",1,1,"MHb.2","Unique"
"chr4-65670207-65670926",5,5,"Excit.Thal; Inhib.Thal; MHb.1; MHb.2; Oligo","Shared"
"chr4-6720266-6720623",4,1,"Oligo","Unique"
"chr4-67557537-67557799",1,1,"Excit.Thal","Unique"
"chr4-67700483-67701654",7,7,"Excit.Thal; LHb.1; LHb.4; MHb.1; MHb.2; Microglia; Oligo","Shared"
"chr4-67926392-67927630",5,5,"Inhib.Thal; LHb.2.7; MHb.1; MHb.2; Oligo","Shared"
"chr4-68349297-68350662",7,7,"Astrocyte; Excit.Thal; Inhib.Thal; LHb.2.7; LHb.4; MHb.2; Oligo","Shared"
"chr4-6895808-6896149",2,1,"Inhib.Thal","Unique"
"chr4-6974016-6974697",3,3,"Excit.Thal; Inhib.Thal; Oligo","Shared"
"chr4-70722437-70722847",2,1,"Astrocyte","Unique"
"chr4-7073415-7073822",3,1,"Inhib.Thal","Unique"
"chr4-7138436-7139870",1,1,"Inhib.Thal","Unique"
"chr4-7232107-7232686",5,5,"Inhib.Thal; LHb.2.7; MHb.1.2; MHb.1; MHb.2","Shared"
"chr4-73125949-73126369",2,2,"Inhib.Thal; Oligo","Shared"
"chr4-74157362-74158568",6,6,"Astrocyte; Excit.Thal; Inhib.Thal; LHb.4; MHb.2; Oligo","Shared"
"chr4-75160793-75161126",1,1,"Microglia","Unique"
"chr4-75400594-75400935",2,1,"MHb.2","Unique"
"chr4-75649635-75649894",2,1,"Inhib.Thal","Unique"
"chr4-75672378-75673844",3,3,"Excit.Thal; Inhib.Thal; LHb.1","Shared"
"chr4-75878048-75878937",2,2,"Excit.Thal; Oligo","Shared"
"chr4-76066127-76067082",1,1,"Oligo","Unique"
"chr4-77385260-77385671",4,2,"Inhib.Thal; LHb.1","Shared"
"chr4-77618513-77618996",3,3,"Inhib.Thal; MHb.2; Oligo","Shared"
"chr4-77915381-77915687",1,1,"Inhib.Thal","Unique"
"chr4-78058515-78059401",3,3,"Astrocyte; Excit.Thal; Oligo","Shared"
"chr4-78209819-78210278",1,1,"LHb.2.7","Unique"
"chr4-78289442-78289802",1,1,"Excit.Thal","Unique"
"chr4-78313136-78313576",1,1,"Excit.Thal","Unique"
"chr4-79320669-79321278",1,1,"Excit.Thal","Unique"
"chr4-8242164-8242564",4,2,"Inhib.Thal; OPC","Shared"
"chr4-82462265-82462735",3,3,"Inhib.Thal; LHb.1.3.4; LHb.2.7","Shared"
"chr4-82706354-82707021",1,1,"Inhib.Thal","Unique"
"chr4-82890638-82891640",5,5,"Astrocyte; Inhib.Thal; LHb.1; LHb.2.7; Oligo","Shared"
"chr4-82899968-82901374",4,4,"Excit.Thal; Inhib.Thal; MHb.1; Oligo","Shared"
"chr4-83283816-83285011",5,5,"Astrocyte; Inhib.Thal; LHb.1; LHb.4; Oligo","Shared"
"chr4-84664639-84665129",3,3,"Inhib.Thal; MHb.2; Oligo","Shared"
"chr4-8542161-8542402",3,1,"MHb.2","Unique"
"chr4-86114296-86115433",2,2,"Inhib.Thal; MHb.1","Shared"
"chr4-89054586-89054862",1,1,"LHb.2.7","Unique"
"chr4-8910494-8911300",5,5,"Inhib.Thal; LHb.2.7; LHb.4; MHb.1.2; MHb.2","Shared"
"chr4-8917851-8918267",8,4,"Astrocyte; Inhib.Thal; Oligo; OPC","Shared"
"chr4-89316865-89317314",1,1,"MHb.2","Unique"
"chr4-89497443-89497766",2,1,"LHb.1","Unique"
"chr4-89812820-89813415",6,3,"LHb.1.3.4; LHb.1; LHb.4","Shared"
"chr4-90207655-90208211",1,1,"Inhib.Thal","Unique"
"chr4-98586737-98588218",4,4,"Astrocyte; Inhib.Thal; LHb.2.7; Oligo","Shared"
"chr5-100902882-100903740",3,3,"Astrocyte; MHb.2; Oligo","Shared"
"chr5-102941074-102941545",2,2,"Excit.Thal; MHb.2","Shared"
"chr5-103033735-103035306",3,3,"Astrocyte; Inhib.Thal; LHb.2.7","Shared"
"chr5-103258313-103260082",5,5,"Astrocyte; Excit.Thal; Inhib.Thal; LHb.4; Oligo","Shared"
"chr5-103561713-103563315",6,6,"Astrocyte; Excit.Thal; Inhib.Thal; LHb.1.3.4; LHb.4; Oligo","Shared"
"chr5-10601113-10602416",14,7,"Astrocyte; Excit.Thal; Inhib.Thal; LHb.2.7; MHb.2; Oligo; OPC","Shared"
"chr5-1069008-1069687",2,1,"Inhib.Thal","Unique"
"chr5-107422390-107422961",1,1,"Inhib.Thal","Unique"
"chr5-107673440-107673926",2,2,"Inhib.Thal; LHb.4","Shared"
"chr5-108977727-108978074",1,1,"Inhib.Thal","Unique"
"chr5-110731158-110731758",2,1,"Inhib.Thal","Unique"
"chr5-111091976-111092914",5,5,"Astrocyte; Inhib.Thal; LHb.1.3.4; MHb.1.2; Oligo","Shared"
"chr5-11234400-11234875",1,1,"Inhib.Thal","Unique"
"chr5-115264695-115265437",2,1,"Inhib.Thal","Unique"
"chr5-115601656-115603076",3,3,"Astrocyte; LHb.1; Oligo","Shared"
"chr5-119274449-119275002",2,1,"Inhib.Thal","Unique"
"chr5-119411585-119412295",1,1,"Oligo","Unique"
"chr5-1201521-1202401",2,1,"LHb.4","Unique"
"chr5-123539009-123539430",2,2,"Inhib.Thal; LHb.2.7","Shared"
"chr5-124413877-124414204",1,1,"MHb.2","Unique"
"chr5-124651555-124652205",3,3,"Excit.Thal; Inhib.Thal; MHb.2","Shared"
"chr5-124735206-124735721",3,3,"Excit.Thal; Inhib.Thal; MHb.1.2","Shared"
"chr5-124891715-124891968",2,1,"LHb.4","Unique"
"chr5-127182914-127183504",1,1,"Excit.Thal","Unique"
"chr5-127920656-127920925",1,1,"Inhib.Thal","Unique"
"chr5-130058621-130059405",1,1,"Inhib.Thal","Unique"
"chr5-131532745-131533216",1,1,"Excit.Thal","Unique"
"chr5-132190174-132190458",2,1,"Excit.Thal","Unique"
"chr5-132410267-132411787",2,2,"Astrocyte; Excit.Thal","Shared"
"chr5-132540252-132541330",3,3,"Inhib.Thal; LHb.2.7; Oligo","Shared"
"chr5-132738260-132738524",1,1,"Excit.Thal","Unique"
"chr5-132806891-132807749",2,1,"Oligo","Unique"
"chr5-132819427-132819840",1,1,"Inhib.Thal","Unique"
"chr5-132820050-132820412",6,2,"Astrocyte; Oligo","Shared"
"chr5-133952838-133953704",2,2,"Excit.Thal; LHb.4","Shared"
"chr5-133992370-133992793",2,2,"Excit.Thal; MHb.2","Shared"
"chr5-133995853-133996352",1,1,"MHb.2","Unique"
"chr5-134039510-134039927",1,1,"Thal","Unique"
"chr5-134084181-134084516",1,1,"Inhib.Thal","Unique"
"chr5-134366706-134367426",3,1,"Excit.Thal","Unique"
"chr5-134411391-134412516",2,2,"Inhib.Thal; MHb.1.2","Shared"
"chr5-134534297-134534967",2,2,"Inhib.Thal; LHb.2.7","Shared"
"chr5-135162773-135163467",1,1,"Excit.Thal","Unique"
"chr5-135250934-135251489",2,1,"Inhib.Thal","Unique"
"chr5-135341097-135341312",1,1,"MHb.2","Unique"
"chr5-13651208-13651840",1,1,"Inhib.Thal","Unique"
"chr5-137604674-137605683",2,2,"Excit.Thal; Inhib.Thal","Shared"
"chr5-137888423-137889774",4,4,"Astrocyte; Inhib.Thal; LHb.2.7; MHb.1","Shared"
"chr5-138035950-138036532",1,1,"Astrocyte","Unique"
"chr5-138458300-138458802",4,4,"Inhib.Thal; LHb.1; LHb.2.7; LHb.4","Shared"
"chr5-138463801-138464395",15,5,"Astrocyte; Excit.Thal; Inhib.Thal; Oligo; OPC","Shared"
"chr5-138503373-138504094",2,2,"Astrocyte; Oligo","Shared"
"chr5-138632989-138633369",6,3,"Excit.Thal; Inhib.Thal; LHb.4","Shared"
"chr5-138945746-138946445",3,3,"Inhib.Thal; LHb.4; MHb.1","Shared"
"chr5-139197971-139198640",4,4,"Excit.Thal; Inhib.Thal; MHb.1; OPC","Shared"
"chr5-139261950-139263019",6,6,"Astrocyte; Inhib.Thal; MHb.1.2; MHb.1; MHb.2; Microglia","Shared"
"chr5-139341244-139342567",8,2,"Excit.Thal; Inhib.Thal","Shared"
"chr5-139513523-139513912",2,2,"Inhib.Thal; LHb.2.7","Shared"
"chr5-139633325-139633550",1,1,"Inhib.Thal","Unique"
"chr5-140244502-140244845",6,2,"Excit.Thal; Inhib.Thal","Shared"
"chr5-140363198-140363695",4,4,"Astrocyte; LHb.4; MHb.1; Oligo","Shared"
"chr5-140497924-140498174",1,1,"LHb.2.7","Unique"
"chr5-140639105-140640101",5,5,"Excit.Thal; LHb.1; MHb.1.2; MHb.2; Microglia","Shared"
"chr5-140725406-140726314",18,3,"LHb.1.3.4; LHb.1; LHb.4","Shared"
"chr5-141001418-141002447",48,4,"Astrocyte; Excit.Thal; Inhib.Thal; Oligo","Shared"
"chr5-141039608-141041446",24,3,"Excit.Thal; LHb.1.3.4; MHb.2","Shared"
"chr5-141475623-141477306",12,4,"Inhib.Thal; LHb.1.3.4; MHb.2; Oligo","Shared"
"chr5-141484547-141485925",2,2,"Excit.Thal; Inhib.Thal","Shared"
"chr5-141494742-141495373",4,2,"Excit.Thal; Inhib.Thal","Shared"
"chr5-141513143-141514406",15,3,"Excit.Thal; Inhib.Thal; MHb.2","Shared"
"chr5-141591895-141592310",2,2,"LHb.1; Oligo","Shared"
"chr5-141692021-141692631",30,3,"Astrocyte; Excit.Thal; Oligo","Shared"
"chr5-141814507-141814970",3,3,"LHb.2.7; MHb.1; MHb.2","Shared"
"chr5-141849390-141850320",5,5,"Astrocyte; LHb.1; MHb.1; MHb.2; Oligo","Shared"
"chr5-141882571-141882913",2,1,"Inhib.Thal","Unique"
"chr5-142426165-142426596",2,2,"Astrocyte; MHb.2","Shared"
"chr5-14250025-14250752",6,6,"Astrocyte; Excit.Thal; Inhib.Thal; MHb.1; MHb.2; Oligo","Shared"
"chr5-142551266-142552153",1,1,"MHb.2","Unique"
"chr5-143222227-143223182",4,2,"Excit.Thal; MHb.1","Shared"
"chr5-144598015-144599268",2,2,"Astrocyte; Inhib.Thal","Shared"
"chr5-146919376-146919703",1,1,"MHb.2","Unique"
"chr5-147382677-147383341",1,1,"Inhib.Thal","Unique"
"chr5-147645114-147645557",1,1,"LHb.1","Unique"
"chr5-147648637-147648855",1,1,"LHb.1.3.4","Unique"
"chr5-148481954-148482354",2,2,"LHb.1; LHb.2.7","Shared"
"chr5-149035290-149035755",2,2,"Astrocyte; Inhib.Thal","Shared"
"chr5-149149855-149150190",2,2,"Excit.Thal; LHb.1","Shared"
"chr5-149162723-149163193",3,3,"Excit.Thal; Inhib.Thal; Oligo","Shared"
"chr5-149234364-149235027",1,1,"Excit.Thal","Unique"
"chr5-149430900-149431475",1,1,"Inhib.Thal","Unique"
"chr5-149521253-149521835",1,1,"Inhib.Thal","Unique"
"chr5-149550676-149551988",4,2,"Excit.Thal; Inhib.Thal","Shared"
"chr5-149564515-149565260",3,3,"Astrocyte; LHb.1; Oligo","Shared"
"chr5-149960222-149961351",5,5,"Excit.Thal; Inhib.Thal; LHb.1; LHb.2.7; OPC","Shared"
"chr5-149999930-150001322",4,4,"Astrocyte; Excit.Thal; Microglia; Oligo","Shared"
"chr5-150309153-150309877",4,2,"Inhib.Thal; LHb.1.3.4","Shared"
"chr5-150427974-150428531",4,2,"LHb.1; Oligo","Shared"
"chr5-150458700-150459574",3,3,"Astrocyte; Inhib.Thal; MHb.2","Shared"
"chr5-150560241-150560577",2,2,"Inhib.Thal; LHb.4","Shared"
"chr5-150758215-150759434",3,3,"Astrocyte; Excit.Thal; Inhib.Thal","Shared"
"chr5-151123728-151124469",3,1,"LHb.2.7","Unique"
"chr5-151223123-151224250",4,4,"LHb.2.7; MHb.1; MHb.2; Oligo","Shared"
"chr5-151500573-151501118",4,4,"Astrocyte; MHb.1; MHb.2; Oligo","Shared"
"chr5-151649028-151649416",2,1,"Inhib.Thal","Unique"
"chr5-151651990-151652389",6,3,"Inhib.Thal; MHb.2; Oligo","Shared"
"chr5-151864388-151864688",1,1,"LHb.4","Unique"
"chr5-152118529-152118785",1,1,"LHb.4","Unique"
"chr5-152125649-152126160",1,1,"Inhib.Thal","Unique"
"chr5-152142411-152143125",4,2,"Inhib.Thal; Oligo","Shared"
"chr5-153764223-153764594",1,1,"Inhib.Thal","Unique"
"chr5-154940522-154941375",4,1,"MHb.2","Unique"
"chr5-155764315-155764702",1,1,"MHb.2","Unique"
"chr5-155943882-155944121",3,3,"Inhib.Thal; Oligo; Thal","Shared"
"chr5-156326584-156327474",4,4,"Astrocyte; Excit.Thal; Inhib.Thal; LHb.2.7","Shared"
"chr5-157311512-157311846",1,1,"Oligo","Unique"
"chr5-157971477-157972211",4,2,"Inhib.Thal; MHb.2","Shared"
"chr5-159735423-159735861",1,1,"Excit.Thal","Unique"
"chr5-160146881-160147266",2,1,"LHb.1","Unique"
"chr5-160421603-160422361",12,3,"Astrocyte; MHb.2; Microglia","Shared"
"chr5-163695682-163696684",3,3,"Inhib.Thal; LHb.4; MHb.2","Shared"
"chr5-16609559-16610220",2,2,"Excit.Thal; Inhib.Thal","Shared"
"chr5-168162230-168163062",3,3,"Inhib.Thal; LHb.2.7; Oligo","Shared"
"chr5-168268726-168269684",4,4,"Inhib.Thal; MHb.1; Microglia; Oligo","Shared"
"chr5-168851965-168852293",2,2,"LHb.4; MHb.2","Shared"
"chr5-169957729-169958060",2,1,"Inhib.Thal","Unique"
"chr5-169980210-169980928",2,2,"Inhib.Thal; MHb.2","Shared"
"chr5-170265523-170265911",3,3,"Astrocyte; Inhib.Thal; Oligo","Shared"
"chr5-170381457-170381697",1,1,"LHb.4","Unique"
"chr5-170403667-170403977",2,2,"LHb.2.7; MHb.2","Shared"
"chr5-171336322-171337232",3,3,"Astrocyte; Inhib.Thal; LHb.4","Shared"
"chr5-172293121-172293761",9,3,"Astrocyte; LHb.2.7; MHb.2","Shared"
"chr5-172713067-172713475",1,1,"Inhib.Thal","Unique"
"chr5-172770523-172771606",7,7,"Astrocyte; Excit.Thal; Inhib.Thal; LHb.1.3.4; MHb.1.2; Oligo; OPC","Shared"
"chr5-173283625-173284236",4,4,"LHb.1; MHb.2; Oligo; Thal","Shared"
"chr5-173328184-173328653",4,4,"Astrocyte; Inhib.Thal; LHb.1; LHb.2.7","Shared"
"chr5-173890209-173890739",1,1,"Excit.Thal","Unique"
"chr5-174045254-174045871",9,3,"Inhib.Thal; MHb.1; Oligo","Shared"
"chr5-174084414-174084793",1,1,"Excit.Thal","Unique"
"chr5-174317207-174317632",5,5,"Astrocyte; Inhib.Thal; LHb.1; LHb.4; Oligo","Shared"
"chr5-174419136-174419869",3,3,"Inhib.Thal; LHb.4; Oligo","Shared"
"chr5-175533875-175534800",21,7,"Astrocyte; Inhib.Thal; LHb.1; MHb.1.2; MHb.1; MHb.2; Oligo","Shared"
"chr5-176132339-176133897",14,7,"Astrocyte; Excit.Thal; Inhib.Thal; LHb.4; MHb.1; MHb.2; OPC","Shared"
"chr5-176198842-176199214",2,2,"Astrocyte; Inhib.Thal","Shared"
"chr5-176201616-176201979",3,1,"LHb.4","Unique"
"chr5-176629516-176630764",2,2,"Astrocyte; Oligo","Shared"
"chr5-177332143-177332789",2,2,"Inhib.Thal; LHb.4","Shared"
"chr5-177370666-177371205",5,5,"Excit.Thal; LHb.1; LHb.2.7; LHb.4; Oligo","Shared"
"chr5-177390482-177390831",9,3,"Astrocyte; LHb.2.7; Oligo","Shared"
"chr5-177957193-177957662",9,1,"LHb.4","Unique"
"chr5-177970953-177971671",6,1,"Excit.Thal","Unique"
"chr5-178768363-178768754",1,1,"MHb.2","Unique"
"chr5-178870303-178870865",2,1,"LHb.4","Unique"
"chr5-178895434-178896659",6,6,"Astrocyte; Inhib.Thal; MHb.1.2; MHb.1; Microglia; Oligo","Shared"
"chr5-179059959-179060937",7,7,"Astrocyte; Inhib.Thal; LHb.1; LHb.4; MHb.1.2; MHb.2; Oligo","Shared"
"chr5-179317422-179318498",2,2,"Inhib.Thal; MHb.2","Shared"
"chr5-179438966-179439958",4,4,"LHb.1; MHb.1.2; MHb.1; MHb.2","Shared"
"chr5-180001654-180002678",18,6,"Astrocyte; Excit.Thal; Inhib.Thal; LHb.2.7; LHb.4; MHb.2","Shared"
"chr5-180045928-180046319",6,3,"Inhib.Thal; LHb.4; MHb.1.2","Shared"
"chr5-180127067-180127476",9,3,"Astrocyte; Inhib.Thal; Oligo","Shared"
"chr5-180194389-180195286",6,3,"Inhib.Thal; LHb.4; Oligo","Shared"
"chr5-180196925-180197454",6,3,"LHb.1.3.4; LHb.2.7; Oligo","Shared"
"chr5-180281747-180282101",1,1,"LHb.2.7","Unique"
"chr5-180291225-180292835",4,4,"MHb.1.2; MHb.1; MHb.2; Oligo","Shared"
"chr5-180493907-180495207",4,4,"Excit.Thal; Inhib.Thal; MHb.2; Oligo","Shared"
"chr5-180682286-180682791",6,2,"LHb.2.7; MHb.2","Shared"
"chr5-180860392-180861877",5,5,"Astrocyte; LHb.1; MHb.1.2; MHb.1; MHb.2","Shared"
"chr5-181161148-181161694",3,3,"Astrocyte; LHb.4; MHb.2","Shared"
"chr5-181173209-181174317",4,2,"Excit.Thal; LHb.4","Shared"
"chr5-181183976-181184363",4,4,"Excit.Thal; Inhib.Thal; MHb.2; Oligo","Shared"
"chr5-2478419-2478871",1,1,"LHb.2.7","Unique"
"chr5-294843-295111",1,1,"Excit.Thal","Unique"
"chr5-32518121-32518716",1,1,"Excit.Thal","Unique"
"chr5-34486006-34486545",1,1,"Astrocyte","Unique"
"chr5-34733633-34734217",2,2,"Excit.Thal; Inhib.Thal","Shared"
"chr5-34838505-34839671",4,4,"Astrocyte; LHb.1; MHb.2; Microglia","Shared"
"chr5-34950445-34950928",4,4,"Astrocyte; Inhib.Thal; MHb.1.2; Oligo","Shared"
"chr5-35198698-35199337",2,1,"MHb.2","Unique"
"chr5-35924679-35925291",1,1,"Astrocyte","Unique"
"chr5-360093-360623",1,1,"Excit.Thal","Unique"
"chr5-3606265-3606808",3,3,"Excit.Thal; Inhib.Thal; MHb.1","Shared"
"chr5-37015157-37015632",1,1,"Inhib.Thal","Unique"
"chr5-37378743-37379591",4,4,"Excit.Thal; Inhib.Thal; LHb.1.3.4; MHb.2","Shared"
"chr5-3780860-3781477",1,1,"MHb.1","Unique"
"chr5-39005592-39006195",1,1,"Inhib.Thal","Unique"
"chr5-39023729-39024317",7,7,"Inhib.Thal; LHb.1; LHb.4; MHb.1.2; MHb.1; MHb.2; Oligo","Shared"
"chr5-41410259-41410752",1,1,"LHb.4","Unique"
"chr5-41951348-41951848",2,1,"Excit.Thal","Unique"
"chr5-42659240-42659721",1,1,"Excit.Thal","Unique"
"chr5-42915339-42915944",1,1,"Inhib.Thal","Unique"
"chr5-454984-455353",1,1,"Inhib.Thal","Unique"
"chr5-472013-473979",6,6,"Excit.Thal; Inhib.Thal; LHb.1; MHb.1; MHb.2; Oligo","Shared"
"chr5-55377595-55378142",1,1,"Inhib.Thal","Unique"
"chr5-55521015-55521494",1,1,"Inhib.Thal","Unique"
"chr5-56012185-56012493",1,1,"LHb.4","Unique"
"chr5-56487630-56488114",2,2,"Excit.Thal; Inhib.Thal","Shared"
"chr5-56909015-56910550",9,9,"Astrocyte; Excit.Thal; LHb.1; LHb.4; MHb.1; MHb.2; Microglia; Oligo; OPC","Shared"
"chr5-57138025-57138448",1,1,"LHb.2.7","Unique"
"chr5-58459274-58461119",6,6,"Astrocyte; Excit.Thal; Inhib.Thal; LHb.1; Microglia; Oligo","Shared"
"chr5-58891602-58891971",1,1,"Oligo","Unique"
"chr5-60632127-60633601",4,2,"LHb.1.3.4; LHb.4","Shared"
"chr5-611438-612783",4,4,"LHb.1; MHb.1.2; MHb.1; MHb.2","Shared"
"chr5-61543402-61543919",1,1,"Inhib.Thal","Unique"
"chr5-6159663-6160195",1,1,"LHb.4","Unique"
"chr5-6176166-6176620",2,1,"Inhib.Thal","Unique"
"chr5-61934007-61934373",2,2,"Inhib.Thal; LHb.4","Shared"
"chr5-64601314-64602065",3,1,"MHb.1","Unique"
"chr5-6574302-6574958",2,2,"Excit.Thal; Inhib.Thal","Shared"
"chr5-65983666-65984775",15,5,"Astrocyte; Inhib.Thal; LHb.1; MHb.2; Oligo","Shared"
"chr5-66197861-66199070",9,3,"LHb.1; LHb.2.7; LHb.4","Shared"
"chr5-66208608-66209136",1,1,"Inhib.Thal","Unique"
"chr5-66306201-66306666",3,3,"Astrocyte; MHb.2; Oligo","Shared"
"chr5-6648686-6649662",1,1,"Inhib.Thal","Unique"
"chr5-66810435-66811244",1,1,"LHb.1.3.4","Unique"
"chr5-66870629-66871057",3,3,"Astrocyte; LHb.2.7; MHb.1","Shared"
"chr5-6822598-6823389",1,1,"Inhib.Thal","Unique"
"chr5-6858393-6858951",1,1,"LHb.2.7","Unique"
"chr5-69093487-69094606",3,3,"Inhib.Thal; LHb.2.7; MHb.1.2","Shared"
"chr5-69166612-69167553",4,4,"Excit.Thal; Inhib.Thal; LHb.2.7; Microglia","Shared"
"chr5-694067-694412",2,1,"Inhib.Thal","Unique"
"chr5-69500150-69500869",1,1,"Inhib.Thal","Unique"
"chr5-71782576-71783314",1,1,"Oligo","Unique"
"chr5-71830644-71830987",1,1,"Inhib.Thal","Unique"
"chr5-71953401-71954048",4,2,"LHb.4; MHb.2","Shared"
"chr5-72307684-72308762",4,4,"Astrocyte; Excit.Thal; Inhib.Thal; Oligo","Shared"
"chr5-7372479-7372830",1,1,"Excit.Thal","Unique"
"chr5-73735401-73735702",2,2,"Excit.Thal; Inhib.Thal","Shared"
"chr5-74513745-74514312",1,1,"LHb.2.7","Unique"
"chr5-74919378-74919784",4,2,"Oligo; OPC","Shared"
"chr5-75611273-75612065",5,5,"Astrocyte; Inhib.Thal; LHb.1; LHb.2.7; LHb.4","Shared"
"chr5-76255466-76256608",4,4,"Astrocyte; Inhib.Thal; LHb.2.7; Oligo","Shared"
"chr5-76337664-76338321",1,1,"MHb.1","Unique"
"chr5-766024-767376",9,3,"Astrocyte; Inhib.Thal; MHb.2","Shared"
"chr5-76818529-76820266",4,4,"Astrocyte; LHb.1; LHb.2.7; Oligo","Shared"
"chr5-77180059-77181302",14,7,"Astrocyte; Excit.Thal; Inhib.Thal; LHb.2.7; MHb.1.2; MHb.2; Oligo","Shared"
"chr5-77491748-77492857",4,2,"Inhib.Thal; LHb.2.7","Shared"
"chr5-77852506-77853051",3,3,"Astrocyte; Inhib.Thal; Oligo","Shared"
"chr5-783579-785068",5,5,"Astrocyte; Inhib.Thal; LHb.2.7; MHb.1; Microglia","Shared"
"chr5-785292-785694",2,2,"Inhib.Thal; MHb.2","Shared"
"chr5-78623910-78624515",1,1,"MHb.2","Unique"
"chr5-78937907-78938163",1,1,"MHb.2","Unique"
"chr5-7899517-7899798",1,1,"Inhib.Thal","Unique"
"chr5-79235598-79237768",8,4,"Astrocyte; Excit.Thal; Inhib.Thal; LHb.4","Shared"
"chr5-79513060-79514941",10,5,"Astrocyte; Excit.Thal; Inhib.Thal; LHb.4; Oligo","Shared"
"chr5-80711210-80712230",1,1,"Oligo","Unique"
"chr5-80800971-80801250",1,1,"Astrocyte","Unique"
"chr5-80959938-80961324",7,7,"Astrocyte; Excit.Thal; Inhib.Thal; LHb.4; MHb.1; MHb.2; Oligo","Shared"
"chr5-80974841-80975155",1,1,"Inhib.Thal","Unique"
"chr5-81336275-81336739",1,1,"LHb.2.7","Unique"
"chr5-83471350-83471949",6,3,"Astrocyte; Inhib.Thal; OPC","Shared"
"chr5-87311380-87311883",6,6,"Inhib.Thal; LHb.2.7; LHb.4; MHb.1; MHb.2; Oligo","Shared"
"chr5-87424859-87425504",1,1,"MHb.1.2","Unique"
"chr5-88659604-88661570",8,8,"Astrocyte; Excit.Thal; Inhib.Thal; LHb.1.3.4; LHb.4; MHb.2; Microglia; Oligo","Shared"
"chr5-88674150-88675093",6,6,"Inhib.Thal; LHb.1.3.4; LHb.1; MHb.1; MHb.2; Oligo","Shared"
"chr5-88690708-88691284",10,5,"Astrocyte; Inhib.Thal; LHb.4; MHb.2; OPC","Shared"
"chr5-90408771-90410627",18,9,"Astrocyte; Excit.Thal; Inhib.Thal; LHb.1.3.4; LHb.1; LHb.4; MHb.1; MHb.2; Oligo","Shared"
"chr5-91383205-91383783",16,8,"Excit.Thal; Inhib.Thal; LHb.4; MHb.1.2; MHb.1; MHb.2; Oligo; Thal","Shared"
"chr5-9221782-9222567",2,2,"LHb.1; LHb.2.7","Shared"
"chr5-93572835-93573242",1,1,"Inhib.Thal","Unique"
"chr5-93611795-93612770",3,3,"Astrocyte; Excit.Thal; Oligo","Shared"
"chr5-93620433-93621812",6,3,"Astrocyte; Inhib.Thal; OPC","Shared"
"chr5-938173-938622",1,1,"Inhib.Thal","Unique"
"chr5-94884160-94884709",3,3,"Inhib.Thal; LHb.2.7; Oligo","Shared"
"chr5-95149319-95149828",2,2,"Inhib.Thal; LHb.4","Shared"
"chr5-95471519-95472273",6,3,"Astrocyte; LHb.4; Oligo","Shared"
"chr5-95495816-95496350",1,1,"Inhib.Thal","Unique"
"chr5-95554392-95555554",5,5,"Astrocyte; Inhib.Thal; LHb.1.3.4; LHb.4; Oligo","Shared"
"chr5-96528197-96529074",1,1,"MHb.1","Unique"
"chr5-96565527-96566125",2,2,"Inhib.Thal; MHb.1","Shared"
"chr5-97579922-97580420",1,1,"Excit.Thal","Unique"
"chr5-976761-977668",3,3,"Inhib.Thal; LHb.2.7; LHb.4","Shared"
"chr6-10112984-10113589",3,3,"LHb.2.7; MHb.1; Oligo","Shared"
"chr6-10198791-10199074",1,1,"Inhib.Thal","Unique"
"chr6-105136194-105137891",9,9,"Excit.Thal; Inhib.Thal; LHb.1; LHb.2.7; LHb.4; MHb.1; MHb.2; Oligo; OPC","Shared"
"chr6-10565025-10565491",1,1,"LHb.4","Unique"
"chr6-106611936-106612404",2,2,"Inhib.Thal; LHb.4","Shared"
"chr6-106863852-106864599",2,2,"Inhib.Thal; MHb.1","Shared"
"chr6-108334660-108335244",2,2,"Excit.Thal; Inhib.Thal","Shared"
"chr6-108526727-108527194",5,5,"Astrocyte; Excit.Thal; Inhib.Thal; LHb.4; Oligo","Shared"
"chr6-108557485-108558772",3,3,"Astrocyte; Excit.Thal; Inhib.Thal","Shared"
"chr6-108690857-108691457",2,2,"MHb.1; MHb.2","Shared"
"chr6-10896041-10896553",2,2,"Excit.Thal; Inhib.Thal","Shared"
"chr6-109312695-109313330",4,2,"Excit.Thal; Inhib.Thal","Shared"
"chr6-109318408-109318876",5,5,"Excit.Thal; Inhib.Thal; MHb.1; Oligo; OPC","Shared"
"chr6-110949573-110949826",1,1,"Inhib.Thal","Unique"
"chr6-111258813-111259816",2,2,"Astrocyte; Inhib.Thal","Shared"
"chr6-111308932-111309795",3,3,"Inhib.Thal; LHb.4; MHb.2","Shared"
"chr6-111686081-111686539",9,3,"Astrocyte; Inhib.Thal; Oligo","Shared"
"chr6-111782639-111783140",1,1,"Inhib.Thal","Unique"
"chr6-112043013-112043993",6,3,"Excit.Thal; Inhib.Thal; Oligo","Shared"
"chr6-112335260-112336041",3,3,"Excit.Thal; LHb.2.7; MHb.2","Shared"
"chr6-116038659-116039862",4,2,"Inhib.Thal; LHb.4","Shared"
"chr6-116405076-116405885",4,4,"Astrocyte; Excit.Thal; MHb.2; Oligo","Shared"
"chr6-116435830-116437218",4,4,"Inhib.Thal; LHb.1.3.4; LHb.1; LHb.2.7","Shared"
"chr6-116511462-116512323",2,1,"Inhib.Thal","Unique"
"chr6-11655558-11656046",1,1,"Oligo","Unique"
"chr6-116570714-116571819",3,3,"Excit.Thal; Inhib.Thal; Oligo","Shared"
"chr6-117270081-117271070",2,2,"Excit.Thal; Inhib.Thal","Shared"
"chr6-117481475-117481740",2,1,"LHb.4","Unique"
"chr6-118860814-118862423",2,2,"Inhib.Thal; LHb.2.7","Shared"
"chr6-122471133-122472233",4,4,"Excit.Thal; Inhib.Thal; Oligo; OPC","Shared"
"chr6-122678877-122680023",3,3,"Excit.Thal; Inhib.Thal; LHb.4","Shared"
"chr6-12290083-12290563",3,3,"Astrocyte; MHb.2; Oligo","Shared"
"chr6-123201830-123202413",1,1,"Inhib.Thal","Unique"
"chr6-124714347-124715700",1,1,"Inhib.Thal","Unique"
"chr6-125670459-125670920",6,3,"Inhib.Thal; LHb.4; MHb.1.2","Shared"
"chr6-125775098-125775390",2,2,"LHb.2.7; MHb.2","Shared"
"chr6-127514430-127515047",5,5,"Excit.Thal; LHb.2.7; LHb.4; MHb.1; Oligo","Shared"
"chr6-128929707-128930208",1,1,"Inhib.Thal","Unique"
"chr6-129575228-129576010",1,1,"Oligo","Unique"
"chr6-130018190-130018645",2,2,"Excit.Thal; Inhib.Thal","Shared"
"chr6-130869279-130870050",2,2,"Inhib.Thal; Oligo","Shared"
"chr6-131281252-131281882",2,2,"Inhib.Thal; MHb.2","Shared"
"chr6-131519565-131520531",2,2,"Excit.Thal; Inhib.Thal","Shared"
"chr6-131657689-131658153",2,2,"Inhib.Thal; LHb.2.7","Shared"
"chr6-132122808-132123652",3,3,"Astrocyte; Oligo; OPC","Shared"
"chr6-133891279-133891774",1,1,"Excit.Thal","Unique"
"chr6-134074010-134074845",4,4,"Astrocyte; Excit.Thal; Inhib.Thal; Oligo","Shared"
"chr6-134317434-134318125",1,1,"Inhib.Thal","Unique"
"chr6-13463052-13463350",2,1,"MHb.2","Unique"
"chr6-13558591-13558992",2,2,"LHb.4; Oligo","Shared"
"chr6-136699016-136699704",2,2,"Inhib.Thal; LHb.4","Shared"
"chr6-138122930-138123549",2,2,"Excit.Thal; LHb.4","Shared"
"chr6-138833502-138833987",1,1,"Inhib.Thal","Unique"
"chr6-139778014-139778435",4,4,"Inhib.Thal; LHb.2.7; LHb.4; MHb.1","Shared"
"chr6-14009373-14009848",1,1,"Excit.Thal","Unique"
"chr6-14100973-14101438",3,1,"Inhib.Thal","Unique"
"chr6-14252285-14252823",1,1,"LHb.4","Unique"
"chr6-142857655-142858378",1,1,"Oligo","Unique"
"chr6-142885077-142885752",7,7,"Astrocyte; Excit.Thal; Inhib.Thal; LHb.4; LHb.7; MHb.1; MHb.2","Shared"
"chr6-143164486-143164932",1,1,"Inhib.Thal","Unique"
"chr6-143298520-143299456",1,1,"Inhib.Thal","Unique"
"chr6-143536241-143537683",3,3,"Inhib.Thal; MHb.1; Oligo","Shared"
"chr6-14423433-14423719",1,1,"Excit.Thal","Unique"
"chr6-145866503-145866853",1,1,"Inhib.Thal","Unique"
"chr6-147870726-147871002",1,1,"Inhib.Thal","Unique"
"chr6-148528975-148529286",1,1,"Oligo","Unique"
"chr6-149551550-149552566",3,3,"Inhib.Thal; LHb.1; LHb.4","Shared"
"chr6-149686195-149686589",3,3,"Excit.Thal; Inhib.Thal; MHb.1","Shared"
"chr6-149918130-149918617",2,2,"Inhib.Thal; LHb.4","Shared"
"chr6-150004494-150005490",3,3,"Astrocyte; Inhib.Thal; Microglia","Shared"
"chr6-150052452-150053179",1,1,"Inhib.Thal","Unique"
"chr6-150229859-150230461",1,1,"Inhib.Thal","Unique"
"chr6-150286761-150287527",1,1,"Inhib.Thal","Unique"
"chr6-150891841-150892204",2,2,"MHb.2; Oligo","Shared"
"chr6-150986376-150986820",2,2,"Excit.Thal; Inhib.Thal","Shared"
"chr6-151119933-151120488",2,2,"LHb.4; MHb.1","Shared"
"chr6-151323989-151324556",10,5,"Astrocyte; Excit.Thal; Inhib.Thal; LHb.2.7; Oligo","Shared"
"chr6-151460752-151461471",1,1,"Excit.Thal","Unique"
"chr6-152635769-152637479",10,5,"Excit.Thal; LHb.1; MHb.1; MHb.2; Oligo","Shared"
"chr6-153230936-153231391",1,1,"Inhib.Thal","Unique"
"chr6-154038923-154040492",7,7,"Astrocyte; LHb.1.3.4; LHb.2.7; LHb.4; MHb.1; MHb.2; Oligo","Shared"
"chr6-154127519-154127900",1,1,"LHb.2.7","Unique"
"chr6-154451846-154452097",2,2,"Excit.Thal; Inhib.Thal","Shared"
"chr6-154798525-154799485",2,1,"Inhib.Thal","Unique"
"chr6-157002886-157003346",3,3,"Inhib.Thal; LHb.2.7; Oligo","Shared"
"chr6-157479364-157480223",2,2,"Excit.Thal; Inhib.Thal","Shared"
"chr6-157719463-157719665",1,1,"Inhib.Thal","Unique"
"chr6-157756434-157757015",2,1,"MHb.2","Unique"
"chr6-157855067-157855524",1,1,"LHb.2.7","Unique"
"chr6-157980807-157982343",5,5,"Astrocyte; Inhib.Thal; LHb.1; Microglia; Oligo","Shared"
"chr6-158448938-158449777",1,1,"Inhib.Thal","Unique"
"chr6-158605244-158605589",2,2,"MHb.1; Oligo","Shared"
"chr6-158643937-158645184",16,4,"Astrocyte; Excit.Thal; Inhib.Thal; LHb.4","Shared"
"chr6-159252893-159253613",3,3,"Astrocyte; LHb.2.7; MHb.1","Shared"
"chr6-160130805-160131619",2,1,"Inhib.Thal","Unique"
"chr6-160222493-160222737",2,1,"LHb.1","Unique"
"chr6-160258297-160259336",3,3,"Excit.Thal; Inhib.Thal; LHb.4","Shared"
"chr6-16040296-16040723",1,1,"LHb.4","Unique"
"chr6-160455700-160456279",5,5,"Inhib.Thal; LHb.1; LHb.4; MHb.2; Oligo","Shared"
"chr6-160634572-160635001",2,2,"Excit.Thal; LHb.4","Shared"
"chr6-16128501-16130132",7,7,"Excit.Thal; Inhib.Thal; LHb.2.7; MHb.1.2; Microglia; Oligo; OPC","Shared"
"chr6-161511671-161512054",1,1,"Inhib.Thal","Unique"
"chr6-162854704-162855250",2,2,"Inhib.Thal; Oligo","Shared"
"chr6-163219563-163220169",3,3,"Inhib.Thal; LHb.1.3.4; Oligo","Shared"
"chr6-163396535-163397139",1,1,"Astrocyte","Unique"
"chr6-163709529-163710225",3,3,"Inhib.Thal; LHb.4; MHb.1","Shared"
"chr6-164927432-164928894",4,4,"Inhib.Thal; LHb.2.7; MHb.2; Oligo","Shared"
"chr6-165742357-165743117",1,1,"Excit.Thal","Unique"
"chr6-165932772-165933090",2,2,"Excit.Thal; Inhib.Thal","Shared"
"chr6-166008292-166009327",8,4,"Inhib.Thal; LHb.4; MHb.1; MHb.2","Shared"
"chr6-166079129-166079450",1,1,"Excit.Thal","Unique"
"chr6-166635636-166635901",1,1,"Excit.Thal","Unique"
"chr6-16803199-16804054",5,5,"Astrocyte; Excit.Thal; Inhib.Thal; MHb.1; Oligo","Shared"
"chr6-16832353-16832769",1,1,"Excit.Thal","Unique"
"chr6-168683592-168683928",2,2,"LHb.4; MHb.2","Shared"
"chr6-168700899-168701239",1,1,"Inhib.Thal","Unique"
"chr6-169661332-169661617",2,1,"Inhib.Thal","Unique"
"chr6-169751060-169752673",3,3,"Excit.Thal; Inhib.Thal; Microglia","Shared"
"chr6-169789478-169790912",10,5,"Astrocyte; Inhib.Thal; MHb.1.2; MHb.2; Oligo","Shared"
"chr6-170137422-170137830",1,1,"Excit.Thal","Unique"
"chr6-170164996-170165968",1,1,"LHb.2.7","Unique"
"chr6-170174114-170174821",1,1,"Microglia","Unique"
"chr6-170224450-170225014",1,1,"Inhib.Thal","Unique"
"chr6-17311465-17312028",4,1,"LHb.2.7","Unique"
"chr6-17705978-17707198",3,3,"Excit.Thal; Inhib.Thal; LHb.4","Shared"
"chr6-17934170-17934666",2,1,"Inhib.Thal","Unique"
"chr6-17986680-17988507",8,4,"LHb.4; MHb.1.2; MHb.1; Oligo","Shared"
"chr6-18276713-18277870",3,3,"Inhib.Thal; MHb.2; Oligo","Shared"
"chr6-18693901-18694144",1,1,"LHb.4","Unique"
"chr6-20032168-20032731",2,2,"Excit.Thal; Inhib.Thal","Shared"
"chr6-20534267-20535150",3,3,"Astrocyte; Inhib.Thal; Oligo","Shared"
"chr6-22145828-22146393",2,2,"Excit.Thal; Inhib.Thal","Shared"
"chr6-24125426-24126377",10,5,"Excit.Thal; Inhib.Thal; MHb.1.2; MHb.2; Oligo","Shared"
"chr6-24613860-24614447",1,1,"Inhib.Thal","Unique"
"chr6-24864903-24865476",1,1,"LHb.2.7","Unique"
"chr6-24909750-24911481",5,5,"Excit.Thal; Inhib.Thal; MHb.1; MHb.2; Oligo","Shared"
"chr6-24930594-24930793",1,1,"Astrocyte","Unique"
"chr6-25652037-25652500",1,1,"Inhib.Thal","Unique"
"chr6-26026175-26026577",4,4,"Excit.Thal; Inhib.Thal; Microglia; Thal","Shared"
"chr6-26031645-26032333",2,2,"Excit.Thal; Inhib.Thal","Shared"
"chr6-26065953-26066374",2,2,"LHb.4; Oligo","Shared"
"chr6-26122581-26124652",5,5,"Astrocyte; Excit.Thal; Inhib.Thal; Microglia; Oligo","Shared"
"chr6-26141065-26141925",3,3,"Astrocyte; MHb.1; Oligo","Shared"
"chr6-26156145-26156875",2,2,"Excit.Thal; Inhib.Thal","Shared"
"chr6-26157741-26158456",21,7,"Astrocyte; Excit.Thal; Inhib.Thal; LHb.2.7; MHb.2; Microglia; Oligo","Shared"
"chr6-26195333-26195779",2,2,"Excit.Thal; Inhib.Thal","Shared"
"chr6-26196659-26197492",24,6,"Astrocyte; Excit.Thal; Inhib.Thal; LHb.2.7; MHb.1; Oligo","Shared"
"chr6-26198835-26199943",10,5,"Astrocyte; Excit.Thal; Inhib.Thal; LHb.1; Microglia","Shared"
"chr6-26203801-26204928",4,2,"Excit.Thal; Inhib.Thal","Shared"
"chr6-26205264-26205509",4,1,"Inhib.Thal","Unique"
"chr6-26222595-26222840",4,1,"Inhib.Thal","Unique"
"chr6-26224910-26225476",4,2,"Inhib.Thal; LHb.1","Shared"
"chr6-26234452-26235114",3,1,"Inhib.Thal","Unique"
"chr6-26251448-26252043",3,1,"Inhib.Thal","Unique"
"chr6-26285081-26287048",3,3,"Astrocyte; Inhib.Thal; MHb.1","Shared"
"chr6-26312513-26313299",3,3,"Inhib.Thal; LHb.1; MHb.1","Shared"
"chr6-26327907-26328264",2,2,"Excit.Thal; Inhib.Thal","Shared"
"chr6-26330811-26331184",4,1,"LHb.4","Unique"
"chr6-26341109-26342083",10,5,"Astrocyte; LHb.4; MHb.1; MHb.2; Oligo","Shared"
"chr6-26537110-26538885",12,3,"Excit.Thal; Inhib.Thal; LHb.4","Shared"
"chr6-26553139-26553640",3,3,"Excit.Thal; Inhib.Thal; Oligo","Shared"
"chr6-26568057-26568419",4,1,"Inhib.Thal","Unique"
"chr6-26568638-26569403",4,4,"Excit.Thal; Inhib.Thal; LHb.2.7; Oligo","Shared"
"chr6-26577017-26577680",15,3,"Excit.Thal; Inhib.Thal; LHb.4","Shared"
"chr6-26595438-26596130",6,2,"Inhib.Thal; Oligo","Shared"
"chr6-26596575-26597458",4,4,"Inhib.Thal; MHb.1.2; MHb.1; MHb.2","Shared"
"chr6-27131403-27132072",4,2,"Inhib.Thal; Oligo","Shared"
"chr6-27132286-27133479",4,4,"Inhib.Thal; LHb.1; Microglia; Oligo","Shared"
"chr6-27214705-27215247",1,1,"Excit.Thal","Unique"
"chr6-27332722-27333490",1,1,"LHb.1","Unique"
"chr6-2738348-2738686",2,2,"Inhib.Thal; Oligo","Shared"
"chr6-2746531-2747050",3,3,"Excit.Thal; LHb.4; MHb.2","Shared"
"chr6-27795619-27796192",3,3,"Astrocyte; LHb.2.7; Oligo","Shared"
"chr6-27809839-27810518",4,4,"Astrocyte; Inhib.Thal; MHb.2; Microglia","Shared"
"chr6-27814627-27815468",8,4,"Astrocyte; Inhib.Thal; LHb.1; Oligo","Shared"
"chr6-27830617-27831189",8,2,"Inhib.Thal; Oligo","Shared"
"chr6-27894966-27895761",12,4,"Excit.Thal; Inhib.Thal; LHb.1; MHb.2","Shared"
"chr6-27901907-27903788",6,6,"Astrocyte; Inhib.Thal; MHb.1; MHb.2; Microglia; Oligo","Shared"
"chr6-28090848-28091410",2,2,"Inhib.Thal; MHb.2","Shared"
"chr6-28136644-28137587",8,4,"Excit.Thal; Inhib.Thal; MHb.2; OPC","Shared"
"chr6-28399236-28400165",12,6,"Astrocyte; LHb.1.3.4; MHb.1; MHb.2; Microglia; Oligo","Shared"
"chr6-28446858-28447476",1,1,"MHb.1","Unique"
"chr6-28589183-28589745",2,1,"Inhib.Thal","Unique"
"chr6-28606305-28607354",1,1,"Inhib.Thal","Unique"
"chr6-28863523-28864488",5,5,"Astrocyte; Inhib.Thal; MHb.1.2; MHb.1; Oligo","Shared"
"chr6-29553035-29554147",5,5,"Astrocyte; Excit.Thal; MHb.1; Oligo; OPC","Shared"
"chr6-29847859-29848385",3,3,"Inhib.Thal; LHb.4; Oligo","Shared"
"chr6-29907520-29908091",2,2,"Excit.Thal; Inhib.Thal","Shared"
"chr6-29965828-29966393",3,3,"Excit.Thal; Inhib.Thal; Microglia","Shared"
"chr6-29982896-29983325",1,1,"MHb.2","Unique"
"chr6-30091627-30092235",4,1,"Excit.Thal","Unique"
"chr6-3017275-3017726",12,3,"Astrocyte; Inhib.Thal; Oligo","Shared"
"chr6-30198571-30199167",4,2,"Inhib.Thal; LHb.4","Shared"
"chr6-30306185-30306764",6,2,"LHb.2.7; MHb.1","Shared"
"chr6-30450994-30451865",3,3,"Excit.Thal; Inhib.Thal; Oligo","Shared"
"chr6-30481599-30482307",6,3,"Excit.Thal; Inhib.Thal; Oligo","Shared"
"chr6-30541485-30541990",12,4,"Astrocyte; Inhib.Thal; MHb.2; Oligo","Shared"
"chr6-30614869-30615230",3,3,"Inhib.Thal; LHb.1; Oligo","Shared"
"chr6-30690643-30691176",14,7,"Astrocyte; Excit.Thal; Inhib.Thal; LHb.2.7; LHb.4; MHb.2; Oligo","Shared"
"chr6-30719837-30720448",6,3,"Excit.Thal; Inhib.Thal; MHb.2","Shared"
"chr6-30890038-30890732",2,2,"LHb.2.7; Oligo","Shared"
"chr6-31070611-31071169",15,3,"Astrocyte; Excit.Thal; Oligo","Shared"
"chr6-31180387-31180962",12,4,"Inhib.Thal; LHb.4; Microglia; Oligo","Shared"
"chr6-3126412-3126725",3,3,"Astrocyte; MHb.2; Oligo","Shared"
"chr6-31307531-31309032",2,1,"LHb.1","Unique"
"chr6-31366561-31367548",4,4,"Astrocyte; MHb.1.2; MHb.1; Oligo","Shared"
"chr6-31462677-31463410",10,5,"Astrocyte; Inhib.Thal; LHb.4; MHb.1; Microglia","Shared"
"chr6-31497664-31498350",14,2,"Inhib.Thal; LHb.4","Shared"
"chr6-31546071-31546930",6,2,"MHb.1; Oligo","Shared"
"chr6-31547309-31547714",12,3,"Excit.Thal; Inhib.Thal; Microglia","Shared"
"chr6-31643824-31644503",6,3,"Inhib.Thal; LHb.4; MHb.2","Shared"
"chr6-31683005-31683535",28,4,"Excit.Thal; LHb.2.7; LHb.4; MHb.2","Shared"
"chr6-31702582-31703550",3,3,"Astrocyte; Excit.Thal; Oligo","Shared"
"chr6-31794865-31796249",8,4,"Excit.Thal; LHb.1; MHb.1; Microglia","Shared"
"chr6-31814074-31815727",22,11,"Astrocyte; Excit.Thal; Inhib.Thal; LHb.1.3.4; LHb.1; MHb.1.2; MHb.1; MHb.2; Microglia; Oligo; OPC","Shared"
"chr6-31862403-31863201",24,3,"Astrocyte; Excit.Thal; Oligo","Shared"
"chr6-31868140-31868650",11,1,"Inhib.Thal","Unique"
"chr6-31900430-31902578",24,4,"Excit.Thal; Inhib.Thal; MHb.1; Microglia","Shared"
"chr6-32008676-32008936",12,1,"Inhib.Thal","Unique"
"chr6-32151797-32152125",4,1,"Inhib.Thal","Unique"
"chr6-32177488-32178500",3,3,"Excit.Thal; Inhib.Thal; Oligo","Shared"
"chr6-32189862-32190481",8,4,"Excit.Thal; Inhib.Thal; LHb.1.3.4; LHb.1","Shared"
"chr6-32212411-32213097",2,2,"Excit.Thal; LHb.4","Shared"
"chr6-32244788-32245276",15,5,"Astrocyte; Inhib.Thal; LHb.4; MHb.2; Oligo","Shared"
"chr6-32584045-32584626",2,1,"LHb.4","Unique"
"chr6-32589592-32589918",10,2,"Inhib.Thal; Microglia","Shared"
"chr6-32609727-32610298",8,4,"Inhib.Thal; LHb.1.3.4; LHb.1; Microglia","Shared"
"chr6-32664813-32665328",2,1,"LHb.4","Unique"
"chr6-32816550-32817168",4,1,"LHb.4","Unique"
"chr6-32893567-32895645",6,2,"MHb.1; Oligo","Shared"
"chr6-32968115-32969616",4,4,"Astrocyte; Excit.Thal; Inhib.Thal; Oligo","Shared"
"chr6-32970704-32971057",4,4,"Astrocyte; Excit.Thal; Inhib.Thal; OPC","Shared"
"chr6-33009045-33009819",4,4,"Excit.Thal; MHb.1.2; MHb.1; Microglia","Shared"
"chr6-33073376-33073831",10,5,"Inhib.Thal; LHb.1.3.4; LHb.1; LHb.4; Microglia","Shared"
"chr6-33080200-33081781",8,4,"Excit.Thal; Inhib.Thal; LHb.1; MHb.2","Shared"
"chr6-33116564-33117765",9,3,"Astrocyte; Inhib.Thal; LHb.4","Shared"
"chr6-33161432-33161932",18,6,"Inhib.Thal; LHb.4; MHb.1; MHb.2; Microglia; OPC","Shared"
"chr6-33199964-33200998",3,3,"Astrocyte; Excit.Thal; Oligo","Shared"
"chr6-33585454-33586009",6,6,"Astrocyte; Inhib.Thal; MHb.1.2; MHb.1; MHb.2; Oligo","Shared"
"chr6-33777420-33778121",1,1,"LHb.2.7","Unique"
"chr6-34154474-34155377",6,6,"Astrocyte; LHb.2.7; LHb.4; MHb.1; MHb.2; Oligo","Shared"
"chr6-3455512-3458029",7,7,"Excit.Thal; Inhib.Thal; LHb.1; MHb.1.2; MHb.1; Microglia; Oligo","Shared"
"chr6-35160239-35160840",3,3,"Excit.Thal; Inhib.Thal; LHb.4","Shared"
"chr6-35467918-35469311",7,7,"Astrocyte; Excit.Thal; Inhib.Thal; LHb.2.7; MHb.1; Microglia; Oligo","Shared"
"chr6-35521038-35521306",2,1,"LHb.4","Unique"
"chr6-35861214-35862280",1,1,"Inhib.Thal","Unique"
"chr6-35940477-35941146",1,1,"Inhib.Thal","Unique"
"chr6-36422921-36424113",12,3,"Excit.Thal; MHb.1.2; Oligo","Shared"
"chr6-36441390-36441701",6,2,"Excit.Thal; Microglia","Shared"
"chr6-36442163-36443686",3,3,"Excit.Thal; LHb.1; MHb.1","Shared"
"chr6-3644363-3644828",1,1,"Oligo","Unique"
"chr6-36764960-36766447",7,7,"Astrocyte; Excit.Thal; LHb.1.3.4; LHb.1; MHb.2; Microglia; Oligo","Shared"
"chr6-37101960-37103045",4,4,"Astrocyte; Excit.Thal; MHb.1.2; MHb.2","Shared"
"chr6-37221732-37222928",24,8,"Astrocyte; Excit.Thal; Inhib.Thal; LHb.1; LHb.2.7; MHb.1; MHb.2; Oligo","Shared"
"chr6-37697657-37698058",8,4,"Excit.Thal; Inhib.Thal; MHb.2; Oligo","Shared"
"chr6-38702427-38703381",6,6,"Excit.Thal; LHb.1; MHb.1; MHb.2; Microglia; OPC","Shared"
"chr6-3940638-3941203",2,2,"Oligo; OPC","Shared"
"chr6-39428813-39429023",1,1,"MHb.2","Unique"
"chr6-39853649-39853872",1,1,"Oligo","Unique"
"chr6-40587255-40588171",4,4,"Inhib.Thal; MHb.2; Oligo; OPC","Shared"
"chr6-41153555-41154316",2,2,"Excit.Thal; Inhib.Thal","Shared"
"chr6-41407900-41409180",2,1,"MHb.2","Unique"
"chr6-41602757-41603312",4,4,"Astrocyte; Inhib.Thal; MHb.2; Oligo","Shared"
"chr6-41682131-41682507",3,3,"Inhib.Thal; Oligo; OPC","Shared"
"chr6-41785862-41787769",4,4,"Excit.Thal; Inhib.Thal; MHb.1.2; MHb.1","Shared"
"chr6-41823580-41824024",2,2,"Inhib.Thal; LHb.4","Shared"
"chr6-42044019-42044481",3,3,"Inhib.Thal; LHb.1.3.4; MHb.2","Shared"
"chr6-4225042-4225713",1,1,"Excit.Thal","Unique"
"chr6-42260539-42261204",3,3,"Inhib.Thal; LHb.4; Oligo","Shared"
"chr6-42451360-42453399",8,4,"Excit.Thal; Inhib.Thal; Oligo; OPC","Shared"
"chr6-42553910-42554396",4,4,"Astrocyte; Inhib.Thal; Microglia; Oligo","Shared"
"chr6-42653655-42653999",1,1,"Inhib.Thal","Unique"
"chr6-42709694-42710658",4,1,"Inhib.Thal","Unique"
"chr6-43075790-43077018",5,5,"Excit.Thal; Inhib.Thal; LHb.1; LHb.2.7; MHb.2","Shared"
"chr6-43261239-43261477",1,1,"LHb.2.7","Unique"
"chr6-43770737-43772119",3,3,"Excit.Thal; Inhib.Thal; Oligo","Shared"
"chr6-43913012-43913912",2,2,"Excit.Thal; Inhib.Thal","Shared"
"chr6-44247345-44247988",1,1,"Excit.Thal","Unique"
"chr6-44256517-44257796",5,5,"Astrocyte; Excit.Thal; LHb.1.3.4; MHb.2; Oligo","Shared"
"chr6-44296854-44298201",3,3,"Astrocyte; Oligo; OPC","Shared"
"chr6-45714702-45715016",6,3,"Excit.Thal; Inhib.Thal; Oligo","Shared"
"chr6-46325295-46326230",2,2,"Excit.Thal; Inhib.Thal","Shared"
"chr6-46510804-46511457",3,1,"Oligo","Unique"
"chr6-50714664-50715487",1,1,"LHb.4","Unique"
"chr6-52986512-52986876",1,1,"Inhib.Thal","Unique"
"chr6-5470913-5471421",1,1,"Inhib.Thal","Unique"
"chr6-5471662-5472360",1,1,"Inhib.Thal","Unique"
"chr6-5531230-5531959",3,1,"LHb.1.3.4","Unique"
"chr6-5577952-5578638",1,1,"Oligo","Unique"
"chr6-56616941-56617341",1,1,"Inhib.Thal","Unique"
"chr6-56833996-56834221",1,1,"Inhib.Thal","Unique"
"chr6-56914829-56915154",2,2,"Inhib.Thal; MHb.2","Shared"
"chr6-5713550-5713793",6,3,"Excit.Thal; Inhib.Thal; MHb.2","Shared"
"chr6-57221239-57222651",2,2,"Astrocyte; Oligo","Shared"
"chr6-5850521-5851866",6,6,"Astrocyte; Excit.Thal; Inhib.Thal; LHb.2.7; Microglia; Oligo","Shared"
"chr6-5996079-5996466",3,3,"MHb.1.2; MHb.1; MHb.2","Shared"
"chr6-62541236-62542112",1,1,"Inhib.Thal","Unique"
"chr6-62739865-62740991",2,2,"Inhib.Thal; Oligo","Shared"
"chr6-6390601-6391385",1,1,"Inhib.Thal","Unique"
"chr6-68779329-68779605",1,1,"Excit.Thal","Unique"
"chr6-70535182-70535566",2,2,"Excit.Thal; Inhib.Thal","Shared"
"chr6-72202958-72203823",2,2,"Inhib.Thal; Oligo","Shared"
"chr6-7260897-7262164",8,4,"LHb.1; MHb.1; MHb.2; Oligo","Shared"
"chr6-73129770-73130451",5,5,"Astrocyte; Inhib.Thal; LHb.4; MHb.2; Oligo","Shared"
"chr6-73653157-73654610",6,6,"Astrocyte; Excit.Thal; LHb.4; MHb.1.2; MHb.1; Oligo","Shared"
"chr6-75201806-75202824",5,5,"Astrocyte; Inhib.Thal; LHb.2.7; MHb.2; Oligo","Shared"
"chr6-75524448-75524665",1,1,"LHb.1","Unique"
"chr6-75568028-75568673",2,2,"LHb.4; MHb.1","Shared"
"chr6-79577596-79578525",5,5,"Inhib.Thal; LHb.2.7; LHb.4; MHb.1; MHb.2","Shared"
"chr6-79600306-79600957",2,2,"Astrocyte; Excit.Thal","Shared"
"chr6-79663425-79664381",1,1,"Oligo","Unique"
"chr6-8101770-8102856",4,4,"Astrocyte; Inhib.Thal; Oligo; OPC","Shared"
"chr6-82211807-82212196",1,1,"Inhib.Thal","Unique"
"chr6-83443737-83444903",2,1,"Inhib.Thal","Unique"
"chr6-85614735-85615104",2,1,"Inhib.Thal","Unique"
"chr6-87154828-87156456",5,5,"Astrocyte; Excit.Thal; Inhib.Thal; LHb.1; LHb.4","Shared"
"chr6-87407500-87408910",12,4,"Astrocyte; Excit.Thal; Inhib.Thal; Microglia","Shared"
"chr6-87613733-87614358",1,1,"Inhib.Thal","Unique"
"chr6-87796190-87796964",3,3,"LHb.2.7; MHb.1; Oligo","Shared"
"chr6-88662465-88662822",1,1,"LHb.4","Unique"
"chr6-89117310-89118524",6,6,"Astrocyte; LHb.2.7; MHb.1.2; MHb.2; Microglia; Oligo","Shared"
"chr6-89145535-89146887",5,5,"Excit.Thal; Inhib.Thal; MHb.1.2; MHb.1; Oligo","Shared"
"chr6-89242548-89243084",1,1,"Inhib.Thal","Unique"
"chr6-89352113-89353473",3,3,"Excit.Thal; Microglia; Oligo","Shared"
"chr6-89928196-89928433",1,1,"Inhib.Thal","Unique"
"chr6-95572143-95572654",2,2,"Inhib.Thal; MHb.1","Shared"
"chr6-96923671-96925304",4,4,"Astrocyte; Excit.Thal; MHb.2; Oligo","Shared"
"chr6-99393542-99394433",1,1,"Excit.Thal","Unique"
"chr6-99612985-99614640",4,2,"Inhib.Thal; LHb.4","Shared"
"chr7-100271674-100272737",11,1,"Excit.Thal","Unique"
"chr7-100455800-100456309",1,1,"Inhib.Thal","Unique"
"chr7-100469239-100469674",12,6,"Astrocyte; Inhib.Thal; LHb.1; LHb.4; Oligo; OPC","Shared"
"chr7-100545694-100545997",2,2,"Inhib.Thal; LHb.4","Shared"
"chr7-100559604-100560152",6,3,"LHb.4; MHb.2; Oligo","Shared"
"chr7-100744939-100745745",3,3,"Astrocyte; LHb.4; MHb.1","Shared"
"chr7-100793745-100794398",2,1,"LHb.2.7","Unique"
"chr7-100803213-100803905",42,7,"Excit.Thal; Inhib.Thal; LHb.1.3.4; LHb.1; LHb.4; Microglia; Oligo","Shared"
"chr7-100889248-100890620",4,2,"Excit.Thal; Inhib.Thal","Shared"
"chr7-100965430-100966625",24,8,"Astrocyte; Excit.Thal; Inhib.Thal; LHb.1.3.4; LHb.2.7; MHb.2; Oligo; OPC","Shared"
"chr7-101134504-101134734",3,1,"MHb.2","Unique"
"chr7-101282502-101283270",18,6,"Astrocyte; Inhib.Thal; LHb.2.7; LHb.4; MHb.2; Oligo","Shared"
"chr7-101340206-101340557",1,1,"Inhib.Thal","Unique"
"chr7-101411255-101411642",1,1,"LHb.1.3.4","Unique"
"chr7-101516804-101517254",3,3,"Inhib.Thal; LHb.1; LHb.4","Shared"
"chr7-102247965-102248836",1,1,"Inhib.Thal","Unique"
"chr7-103074094-103075914",3,3,"Excit.Thal; LHb.1; Oligo","Shared"
"chr7-103296852-103297849",5,5,"Inhib.Thal; LHb.2.7; LHb.4; MHb.1.2; MHb.2","Shared"
"chr7-103751328-103751714",3,3,"Excit.Thal; Inhib.Thal; LHb.2.7","Shared"
"chr7-103802963-103803218",1,1,"Inhib.Thal","Unique"
"chr7-1044134-1045070",4,4,"Excit.Thal; MHb.2; Microglia; Oligo","Shared"
"chr7-104922816-104923368",6,3,"Inhib.Thal; LHb.2.7; Oligo","Shared"
"chr7-104944847-104945430",5,5,"Astrocyte; LHb.2.7; MHb.1; MHb.2; Microglia","Shared"
"chr7-105285503-105285834",1,1,"Inhib.Thal","Unique"
"chr7-105876058-105877535",6,6,"Astrocyte; Excit.Thal; Inhib.Thal; LHb.1.3.4; MHb.1; Oligo","Shared"
"chr7-106176523-106177048",4,4,"Astrocyte; Inhib.Thal; LHb.1; MHb.2","Shared"
"chr7-107090046-107090738",6,3,"Astrocyte; Inhib.Thal; LHb.1","Shared"
"chr7-107570253-107570615",1,1,"Inhib.Thal","Unique"
"chr7-107874611-107874905",6,3,"Astrocyte; LHb.2.7; Oligo","Shared"
"chr7-108413802-108414435",1,1,"LHb.2.7","Unique"
"chr7-1114118-1114875",2,2,"Inhib.Thal; LHb.4","Shared"
"chr7-111741751-111742104",3,3,"Astrocyte; MHb.2; Oligo","Shared"
"chr7-111801021-111801263",1,1,"MHb.2","Unique"
"chr7-112391064-112391365",1,1,"Inhib.Thal","Unique"
"chr7-112392019-112392751",3,3,"Excit.Thal; Inhib.Thal; Oligo","Shared"
"chr7-112422841-112423315",2,2,"Inhib.Thal; LHb.4","Shared"
"chr7-112916326-112916694",1,1,"Inhib.Thal","Unique"
"chr7-113014022-113014376",1,1,"Inhib.Thal","Unique"
"chr7-113144905-113145187",3,3,"LHb.1; LHb.4; MHb.2","Shared"
"chr7-113331212-113332004",2,2,"Astrocyte; Inhib.Thal","Shared"
"chr7-114921674-114923435",2,2,"Astrocyte; LHb.1","Shared"
"chr7-1159832-1160966",1,1,"Excit.Thal","Unique"
"chr7-116854557-116855322",4,4,"Inhib.Thal; LHb.1; LHb.4; MHb.2","Shared"
"chr7-116997857-116998468",3,3,"Astrocyte; Inhib.Thal; Oligo","Shared"
"chr7-117492638-117493040",2,2,"LHb.1; MHb.2","Shared"
"chr7-118213828-118215078",3,3,"LHb.4; MHb.1.2; Oligo","Shared"
"chr7-118572939-118573400",2,2,"LHb.2.7; MHb.2","Shared"
"chr7-120637152-120637585",1,1,"Inhib.Thal","Unique"
"chr7-121547341-121547815",1,1,"Oligo","Unique"
"chr7-12210406-12211753",7,7,"Astrocyte; Excit.Thal; Inhib.Thal; LHb.1.3.4; LHb.4; Microglia; Oligo","Shared"
"chr7-122598977-122599241",2,1,"LHb.2.7","Unique"
"chr7-126957114-126958710",7,7,"Excit.Thal; Inhib.Thal; LHb.2.7; MHb.1.2; MHb.1; MHb.2; Oligo","Shared"
"chr7-126961495-126961903",2,2,"Excit.Thal; LHb.4","Shared"
"chr7-12699253-12699567",1,1,"LHb.2.7","Unique"
"chr7-127429055-127429507",1,1,"Inhib.Thal","Unique"
"chr7-128359310-128359712",1,1,"Inhib.Thal","Unique"
"chr7-128738668-128739945",1,1,"MHb.1.2","Unique"
"chr7-129091192-129091826",2,2,"Astrocyte; Oligo","Shared"
"chr7-129110238-129111158",2,2,"Astrocyte; Inhib.Thal","Shared"
"chr7-129144324-129145496",2,2,"Excit.Thal; Oligo","Shared"
"chr7-129188116-129189629",6,6,"Astrocyte; Inhib.Thal; LHb.1.3.4; LHb.1; MHb.1; Oligo","Shared"
"chr7-129271756-129272276",2,2,"Inhib.Thal; Oligo","Shared"
"chr7-129307123-129308441",10,5,"Astrocyte; Inhib.Thal; LHb.1.3.4; LHb.1; LHb.2.7","Shared"
"chr7-130022163-130022518",2,1,"Inhib.Thal","Unique"
"chr7-130050941-130051734",8,4,"Astrocyte; MHb.1.2; MHb.2; Oligo","Shared"
"chr7-130379611-130380379",6,2,"Inhib.Thal; LHb.4","Shared"
"chr7-130491847-130492554",4,4,"Astrocyte; Excit.Thal; Inhib.Thal; Oligo","Shared"
"chr7-130510334-130510586",1,1,"MHb.2","Unique"
"chr7-130921287-130922034",3,3,"Excit.Thal; LHb.1; Oligo","Shared"
"chr7-132318714-132319099",2,2,"Astrocyte; LHb.4","Shared"
"chr7-132576126-132577868",3,3,"MHb.1; Oligo; OPC","Shared"
"chr7-134133946-134134482",2,1,"LHb.4","Unique"
"chr7-134208820-134210141",1,1,"Inhib.Thal","Unique"
"chr7-134646281-134647394",8,4,"Excit.Thal; Inhib.Thal; LHb.1; Oligo","Shared"
"chr7-134967816-134968107",1,1,"Inhib.Thal","Unique"
"chr7-137342804-137343999",3,3,"Astrocyte; Inhib.Thal; MHb.2","Shared"
"chr7-138008312-138009131",2,2,"Inhib.Thal; LHb.2.7","Shared"
"chr7-138225964-138226291",3,3,"Inhib.Thal; LHb.4; Microglia","Shared"
"chr7-139016966-139017415",2,2,"Inhib.Thal; Oligo","Shared"
"chr7-139328283-139328637",1,1,"Inhib.Thal","Unique"
"chr7-139339910-139341983",5,5,"Astrocyte; Excit.Thal; Inhib.Thal; LHb.4; Oligo","Shared"
"chr7-139499800-139500304",5,5,"Astrocyte; Inhib.Thal; LHb.4; MHb.2; Oligo","Shared"
"chr7-139768577-139768887",3,1,"Inhib.Thal","Unique"
"chr7-140003803-140004146",2,1,"MHb.2","Unique"
"chr7-140541287-140541972",3,3,"Excit.Thal; Inhib.Thal; MHb.1","Shared"
"chr7-141144490-141145431",1,1,"Inhib.Thal","Unique"
"chr7-141409752-141410372",2,2,"Excit.Thal; Inhib.Thal","Shared"
"chr7-141646816-141647558",1,1,"LHb.4","Unique"
"chr7-142783121-142783622",2,1,"Oligo","Unique"
"chr7-144402045-144402651",2,1,"Inhib.Thal","Unique"
"chr7-144717615-144718295",2,2,"Inhib.Thal; Oligo","Shared"
"chr7-148339109-148339832",4,4,"Astrocyte; Excit.Thal; MHb.2; Oligo","Shared"
"chr7-14853915-14854669",1,1,"Inhib.Thal","Unique"
"chr7-148773279-148773744",4,4,"Excit.Thal; Inhib.Thal; LHb.1; MHb.2","Shared"
"chr7-148883275-148885269",6,6,"Astrocyte; Inhib.Thal; LHb.1; MHb.1; MHb.2; Oligo","Shared"
"chr7-149020452-149020910",2,2,"Oligo; OPC","Shared"
"chr7-149474269-149475460",2,2,"Inhib.Thal; LHb.4","Shared"
"chr7-149741617-149742035",2,2,"Astrocyte; Oligo","Shared"
"chr7-149764789-149766144",3,3,"Excit.Thal; Inhib.Thal; LHb.4","Shared"
"chr7-150354102-150354469",2,2,"Inhib.Thal; LHb.1","Shared"
"chr7-150368041-150369436",6,2,"Astrocyte; Inhib.Thal","Shared"
"chr7-150378813-150379769",3,3,"Excit.Thal; Oligo; OPC","Shared"
"chr7-150428535-150429546",4,4,"Astrocyte; LHb.1.3.4; LHb.1; LHb.2.7","Shared"
"chr7-150448526-150448964",3,3,"Inhib.Thal; LHb.1; Oligo","Shared"
"chr7-150778460-150779034",4,4,"Excit.Thal; Inhib.Thal; LHb.1; Oligo","Shared"
"chr7-150988373-150989126",6,6,"Astrocyte; Excit.Thal; Inhib.Thal; LHb.4; Oligo; OPC","Shared"
"chr7-151166717-151168456",4,4,"Astrocyte; Inhib.Thal; MHb.1; Oligo","Shared"
"chr7-151172564-151172920",1,1,"Astrocyte","Unique"
"chr7-151232078-151232835",1,1,"LHb.1","Unique"
"chr7-151303273-151303935",10,2,"Inhib.Thal; Oligo","Shared"
"chr7-151439642-151440205",2,2,"Inhib.Thal; LHb.4","Shared"
"chr7-151518995-151519519",1,1,"MHb.2","Unique"
"chr7-151519746-151521000",2,2,"Excit.Thal; LHb.1.3.4","Shared"
"chr7-151552281-151553769",6,6,"Astrocyte; Excit.Thal; Inhib.Thal; LHb.1.3.4; LHb.2.7; LHb.4","Shared"
"chr7-152984468-152984929",1,1,"LHb.4","Unique"
"chr7-154127357-154127817",2,2,"Inhib.Thal; Thal","Shared"
"chr7-154304769-154305797",4,4,"Astrocyte; Inhib.Thal; MHb.1; Oligo","Shared"
"chr7-154575958-154576282",2,2,"LHb.2.7; MHb.1","Shared"
"chr7-154987460-154987863",1,1,"Inhib.Thal","Unique"
"chr7-155002199-155003973",8,8,"Astrocyte; Excit.Thal; Inhib.Thal; MHb.1.2; MHb.1; MHb.2; Microglia; Oligo","Shared"
"chr7-155554976-155555719",3,3,"Excit.Thal; Inhib.Thal; LHb.4","Shared"
"chr7-155883573-155883787",1,1,"LHb.1.3.4","Unique"
"chr7-155961418-155962405",2,2,"Inhib.Thal; LHb.4","Shared"
"chr7-156639595-156641341",6,6,"Astrocyte; Inhib.Thal; MHb.1; MHb.2; Microglia; Oligo","Shared"
"chr7-156908441-156909228",5,5,"Astrocyte; Excit.Thal; LHb.1; LHb.4; Oligo","Shared"
"chr7-157211656-157211975",1,1,"LHb.1","Unique"
"chr7-157684118-157685938",3,3,"Inhib.Thal; MHb.1; MHb.2","Shared"
"chr7-1579489-1579809",4,4,"Inhib.Thal; LHb.4; MHb.2; Oligo","Shared"
"chr7-158144353-158144737",2,2,"Inhib.Thal; LHb.4","Shared"
"chr7-158414025-158414923",1,1,"Oligo","Unique"
"chr7-158789787-158790122",1,1,"Inhib.Thal","Unique"
"chr7-158996505-158997363",1,1,"Inhib.Thal","Unique"
"chr7-159215379-159215717",1,1,"Inhib.Thal","Unique"
"chr7-16347553-16348826",2,2,"Astrocyte; Inhib.Thal","Shared"
"chr7-16431823-16432403",3,3,"LHb.1; LHb.4; Oligo","Shared"
"chr7-1693473-1694748",6,6,"Astrocyte; Excit.Thal; Inhib.Thal; LHb.2.7; LHb.4; Oligo","Shared"
"chr7-18357933-18358145",1,1,"Excit.Thal","Unique"
"chr7-21329956-21330951",3,3,"Excit.Thal; Inhib.Thal; LHb.4","Shared"
"chr7-2171277-2172899",4,4,"Astrocyte; Excit.Thal; Inhib.Thal; Oligo","Shared"
"chr7-21886487-21886890",1,1,"Excit.Thal","Unique"
"chr7-2241663-2242429",6,6,"Astrocyte; Inhib.Thal; LHb.4; MHb.1.2; MHb.1; Oligo","Shared"
"chr7-23193556-23194693",3,3,"Astrocyte; LHb.4; Oligo","Shared"
"chr7-23622952-23623486",1,1,"Inhib.Thal","Unique"
"chr7-23842579-23843412",1,1,"Inhib.Thal","Unique"
"chr7-24141893-24142486",3,3,"Inhib.Thal; MHb.2; Oligo","Shared"
"chr7-24732565-24733773",2,2,"Inhib.Thal; Oligo","Shared"
"chr7-24923151-24923807",3,3,"Excit.Thal; Inhib.Thal; LHb.4","Shared"
"chr7-25892864-25893079",1,1,"Inhib.Thal","Unique"
"chr7-26166613-26167157",1,1,"MHb.1","Unique"
"chr7-26369542-26369822",2,2,"LHb.4; Oligo","Shared"
"chr7-266264-267385",3,3,"Excit.Thal; Inhib.Thal; Oligo","Shared"
"chr7-26658675-26658987",1,1,"Inhib.Thal","Unique"
"chr7-26863837-26865221",9,9,"Inhib.Thal; LHb.1.3.4; LHb.4; MHb.1.2; MHb.1; MHb.2; Microglia; Oligo; OPC","Shared"
"chr7-2775054-2777108",4,4,"Inhib.Thal; LHb.4; MHb.2; Oligo","Shared"
"chr7-2876016-2876505",9,3,"Inhib.Thal; MHb.2; Oligo","Shared"
"chr7-29423113-29423422",1,1,"Inhib.Thal","Unique"
"chr7-29649388-29650235",4,2,"Inhib.Thal; LHb.4","Shared"
"chr7-30026398-30027214",1,1,"Inhib.Thal","Unique"
"chr7-30327810-30328158",2,1,"Inhib.Thal","Unique"
"chr7-30445801-30446717",2,2,"Inhib.Thal; Microglia","Shared"
"chr7-30525464-30526222",3,3,"Excit.Thal; Inhib.Thal; Oligo","Shared"
"chr7-30564097-30564567",4,4,"Astrocyte; MHb.2; Microglia; Oligo","Shared"
"chr7-30983542-30984173",4,2,"Astrocyte; Oligo","Shared"
"chr7-31251247-31251810",1,1,"Inhib.Thal","Unique"
"chr7-3149224-3150304",2,2,"Excit.Thal; Inhib.Thal","Shared"
"chr7-321790-322618",8,8,"Astrocyte; Inhib.Thal; LHb.4; MHb.1.2; MHb.1; MHb.2; Microglia; Oligo","Shared"
"chr7-32521664-32522407",1,1,"MHb.2","Unique"
"chr7-32761198-32762441",3,3,"Astrocyte; Inhib.Thal; Oligo","Shared"
"chr7-32891052-32892904",4,4,"Astrocyte; Excit.Thal; Inhib.Thal; MHb.1.2","Shared"
"chr7-35919655-35919890",4,1,"MHb.2","Unique"
"chr7-35967373-35969360",6,6,"Astrocyte; Excit.Thal; Inhib.Thal; LHb.2.7; MHb.1.2; Oligo","Shared"
"chr7-36092211-36092616",1,1,"Inhib.Thal","Unique"
"chr7-36605757-36605966",1,1,"Inhib.Thal","Unique"
"chr7-36997392-36998032",1,1,"LHb.4","Unique"
"chr7-37181769-37182456",3,3,"Inhib.Thal; MHb.2; Oligo","Shared"
"chr7-37208119-37208753",1,1,"LHb.2.7","Unique"
"chr7-38585256-38586015",2,2,"Excit.Thal; Inhib.Thal","Shared"
"chr7-41927213-41927840",1,1,"Inhib.Thal","Unique"
"chr7-43076247-43076787",1,1,"LHb.1","Unique"
"chr7-43444206-43445269",7,7,"Astrocyte; Excit.Thal; Inhib.Thal; LHb.1; LHb.2.7; LHb.4; Oligo","Shared"
"chr7-43985949-43986363",1,1,"Inhib.Thal","Unique"
"chr7-44018872-44019556",16,4,"Astrocyte; Excit.Thal; Inhib.Thal; MHb.2","Shared"
"chr7-44214426-44214704",1,1,"Inhib.Thal","Unique"
"chr7-44693746-44694559",3,1,"Inhib.Thal","Unique"
"chr7-45051976-45052517",1,1,"Excit.Thal","Unique"
"chr7-45258670-45260391",6,6,"Astrocyte; Inhib.Thal; LHb.1; LHb.2.7; LHb.4; Oligo","Shared"
"chr7-45813859-45814865",2,2,"Inhib.Thal; Oligo","Shared"
"chr7-4739520-4740013",2,2,"Excit.Thal; Inhib.Thal","Shared"
"chr7-47581522-47582396",6,3,"LHb.2.7; MHb.2; Oligo","Shared"
"chr7-47586960-47587274",2,2,"Inhib.Thal; MHb.2","Shared"
"chr7-47890186-47890791",1,1,"MHb.1","Unique"
"chr7-483971-484440",1,1,"Inhib.Thal","Unique"
"chr7-50166903-50167569",5,5,"Inhib.Thal; LHb.2.7; LHb.4; MHb.1; MHb.2","Shared"
"chr7-50266714-50267971",1,1,"Inhib.Thal","Unique"
"chr7-50560818-50561403",1,1,"LHb.4","Unique"
"chr7-50801673-50802258",2,2,"Inhib.Thal; Oligo","Shared"
"chr7-51602102-51602632",2,2,"MHb.1; MHb.2","Shared"
"chr7-51647491-51648415",1,1,"Excit.Thal","Unique"
"chr7-51802541-51803070",4,4,"Excit.Thal; Inhib.Thal; MHb.1.2; MHb.1","Shared"
"chr7-5307468-5308149",1,1,"Inhib.Thal","Unique"
"chr7-5423793-5424372",8,4,"Astrocyte; Inhib.Thal; Microglia; Oligo","Shared"
"chr7-54541745-54542726",5,5,"Astrocyte; Inhib.Thal; LHb.1; MHb.2; Oligo","Shared"
"chr7-54542879-54543422",1,1,"Inhib.Thal","Unique"
"chr7-54758588-54760030",3,3,"Inhib.Thal; MHb.2; Oligo","Shared"
"chr7-54932523-54933893",2,2,"MHb.1; Oligo","Shared"
"chr7-55150223-55150436",1,1,"MHb.2","Unique"
"chr7-55191714-55192734",6,6,"Excit.Thal; Inhib.Thal; LHb.2.7; MHb.1; MHb.2; Oligo","Shared"
"chr7-5529463-5530147",8,4,"Astrocyte; Excit.Thal; Inhib.Thal; MHb.2","Shared"
"chr7-56033787-56034667",6,3,"Astrocyte; MHb.1.2; Oligo","Shared"
"chr7-56287434-56288280",8,4,"Astrocyte; Inhib.Thal; LHb.4; Oligo","Shared"
"chr7-56366346-56367522",3,3,"Inhib.Thal; LHb.2.7; LHb.4","Shared"
"chr7-5636933-5637449",9,3,"LHb.1.3.4; LHb.2.7; MHb.1","Shared"
"chr7-5661896-5662192",2,2,"LHb.2.7; MHb.2","Shared"
"chr7-5810837-5811494",3,3,"Inhib.Thal; LHb.4; MHb.1","Shared"
"chr7-5895206-5895407",3,1,"MHb.2","Unique"
"chr7-6008417-6009648",4,4,"Excit.Thal; Inhib.Thal; MHb.1.2; MHb.1","Shared"
"chr7-6026098-6026637",4,2,"LHb.2.7; Oligo","Shared"
"chr7-6270986-6271529",1,1,"Oligo","Unique"
"chr7-63899579-63901570",16,8,"Excit.Thal; Inhib.Thal; LHb.1; LHb.2.7; LHb.4; MHb.2; Oligo; OPC","Shared"
"chr7-64849163-64850113",2,2,"Inhib.Thal; Oligo","Shared"
"chr7-650146-651289",21,7,"Astrocyte; Inhib.Thal; LHb.1; LHb.2.7; LHb.4; MHb.2; Oligo","Shared"
"chr7-6526454-6527097",2,2,"Inhib.Thal; Oligo","Shared"
"chr7-65839657-65840356",2,1,"Excit.Thal","Unique"
"chr7-66453348-66453651",2,1,"Inhib.Thal","Unique"
"chr7-66771798-66772131",6,3,"Astrocyte; Excit.Thal; Inhib.Thal","Shared"
"chr7-6715556-6715776",2,1,"Inhib.Thal","Unique"
"chr7-67484101-67484833",4,4,"Astrocyte; Inhib.Thal; MHb.2; Oligo","Shared"
"chr7-69939352-69939685",1,1,"Inhib.Thal","Unique"
"chr7-711243-713311",6,6,"Astrocyte; Inhib.Thal; LHb.4; MHb.1; MHb.2; Oligo","Shared"
"chr7-7271044-7271540",2,2,"Inhib.Thal; LHb.2.7","Shared"
"chr7-72827820-72828588",3,3,"Excit.Thal; Inhib.Thal; LHb.1","Shared"
"chr7-73005479-73006001",9,3,"Excit.Thal; Inhib.Thal; Oligo","Shared"
"chr7-73636266-73636664",1,1,"LHb.2.7","Unique"
"chr7-73769203-73770790",4,4,"Astrocyte; Inhib.Thal; LHb.4; MHb.2","Shared"
"chr7-74417215-74418448",5,5,"LHb.1; LHb.2.7; MHb.2; Microglia; Oligo","Shared"
"chr7-74528706-74529055",2,2,"Excit.Thal; LHb.4","Shared"
"chr7-74612403-74612823",1,1,"MHb.2","Unique"
"chr7-74725377-74725661",1,1,"Inhib.Thal","Unique"
"chr7-74727702-74728176",2,2,"Inhib.Thal; Oligo","Shared"
"chr7-75092513-75093135",6,3,"Inhib.Thal; LHb.1; Oligo","Shared"
"chr7-75611420-75612228",4,4,"Astrocyte; Excit.Thal; Inhib.Thal; Oligo","Shared"
"chr7-75728237-75728477",1,1,"Excit.Thal","Unique"
"chr7-75866141-75867002",18,3,"Astrocyte; Inhib.Thal; Oligo","Shared"
"chr7-76177970-76178684",15,5,"Astrocyte; Excit.Thal; Inhib.Thal; Microglia; Oligo","Shared"
"chr7-76189152-76189625",3,1,"Excit.Thal","Unique"
"chr7-76216540-76217064",4,2,"LHb.2.7; MHb.1","Shared"
"chr7-76233801-76234337",2,2,"Excit.Thal; Inhib.Thal","Shared"
"chr7-76260004-76260563",8,4,"Astrocyte; LHb.4; MHb.1; MHb.2","Shared"
"chr7-767661-768682",2,2,"Astrocyte; Inhib.Thal","Shared"
"chr7-77199318-77199944",9,3,"Excit.Thal; Inhib.Thal; Oligo","Shared"
"chr7-77378965-77379594",1,1,"Inhib.Thal","Unique"
"chr7-8070834-8071072",1,1,"MHb.2","Unique"
"chr7-82442693-82444889",10,10,"Astrocyte; Inhib.Thal; LHb.1; LHb.2.7; LHb.4; MHb.1; MHb.2; Microglia; Oligo; OPC","Shared"
"chr7-82852257-82852580",1,1,"Inhib.Thal","Unique"
"chr7-85041635-85041982",3,3,"Inhib.Thal; LHb.4; Oligo","Shared"
"chr7-86838916-86839681",2,2,"Astrocyte; Inhib.Thal","Shared"
"chr7-87475281-87476251",7,7,"Astrocyte; Excit.Thal; Inhib.Thal; LHb.2.7; MHb.2; Microglia; Oligo","Shared"
"chr7-90320814-90322005",5,5,"Astrocyte; Inhib.Thal; MHb.2; Oligo; OPC","Shared"
"chr7-91752282-91753232",1,1,"Inhib.Thal","Unique"
"chr7-91837467-91838045",6,3,"Inhib.Thal; LHb.1; Oligo","Shared"
"chr7-92057366-92057708",3,3,"Inhib.Thal; LHb.2.7; LHb.4","Shared"
"chr7-92244819-92247027",5,5,"Excit.Thal; Inhib.Thal; LHb.2.7; MHb.1; Microglia","Shared"
"chr7-92754642-92755833",4,4,"Inhib.Thal; MHb.1; Oligo; OPC","Shared"
"chr7-94276761-94277344",1,1,"Inhib.Thal","Unique"
"chr7-95004623-95004911",2,1,"MHb.2","Unique"
"chr7-98456962-98457543",2,2,"LHb.2.7; MHb.2","Shared"
"chr7-98740963-98741181",1,1,"Excit.Thal","Unique"
"chr7-98741842-98742643",2,2,"LHb.1; LHb.2.7","Shared"
"chr7-98869066-98870549",4,4,"Astrocyte; Excit.Thal; Inhib.Thal; Oligo","Shared"
"chr7-99204053-99204732",1,1,"Inhib.Thal","Unique"
"chr7-99579789-99580799",4,4,"Astrocyte; MHb.1; MHb.2; Oligo","Shared"
"chr7-99631671-99632062",8,2,"Excit.Thal; MHb.2","Shared"
"chr7-99679725-99680174",3,3,"LHb.1.3.4; LHb.1; LHb.2.7","Shared"
"chr7-99918928-99919885",5,5,"Astrocyte; Inhib.Thal; LHb.1; MHb.1; MHb.2","Shared"
"chr8-100212732-100213759",3,3,"Inhib.Thal; MHb.1.2; Oligo","Shared"
"chr8-100221622-100222488",2,2,"Inhib.Thal; MHb.2","Shared"
"chr8-100415665-100417085",2,2,"Inhib.Thal; LHb.4","Shared"
"chr8-100564012-100564277",2,1,"LHb.4","Unique"
"chr8-100613658-100614145",2,2,"Inhib.Thal; MHb.2","Shared"
"chr8-1011799-1012493",1,1,"LHb.4","Unique"
"chr8-101301219-101301672",3,3,"LHb.2.7; LHb.4; Oligo","Shared"
"chr8-101317449-101317832",1,1,"LHb.1","Unique"
"chr8-104754272-104754796",2,1,"Excit.Thal","Unique"
"chr8-106570070-106570269",1,1,"LHb.1","Unique"
"chr8-109362143-109363350",6,6,"Inhib.Thal; LHb.4; MHb.1.2; MHb.1; MHb.2; Oligo","Shared"
"chr8-10938996-10939552",1,1,"LHb.2.7","Unique"
"chr8-109648598-109649005",2,2,"Excit.Thal; MHb.1","Shared"
"chr8-109768037-109768613",3,3,"LHb.2.7; MHb.1; MHb.2","Shared"
"chr8-11015660-11016790",6,6,"Excit.Thal; Inhib.Thal; MHb.1.2; MHb.2; Microglia; Oligo","Shared"
"chr8-11116116-11116670",2,1,"Inhib.Thal","Unique"
"chr8-11563782-11564885",30,5,"Astrocyte; Inhib.Thal; LHb.4; MHb.1; Oligo","Shared"
"chr8-11566948-11567345",2,1,"Inhib.Thal","Unique"
"chr8-116695105-116695682",1,1,"Inhib.Thal","Unique"
"chr8-116827879-116828602",2,1,"Inhib.Thal","Unique"
"chr8-117056042-117056515",1,1,"MHb.2","Unique"
"chr8-117330112-117330434",8,4,"Excit.Thal; Inhib.Thal; MHb.2; Oligo","Shared"
"chr8-118067238-118067850",2,2,"Inhib.Thal; MHb.2","Shared"
"chr8-119814566-119815478",1,1,"Inhib.Thal","Unique"
"chr8-120390557-120392084",1,1,"Inhib.Thal","Unique"
"chr8-120396867-120398266",4,4,"Astrocyte; Inhib.Thal; MHb.2; Oligo","Shared"
"chr8-1213524-1214436",1,1,"Inhib.Thal","Unique"
"chr8-123539938-123541993",7,7,"Excit.Thal; LHb.1.3.4; LHb.1; LHb.2.7; LHb.4; MHb.2; Oligo","Shared"
"chr8-12388460-12388814",2,2,"Inhib.Thal; Oligo","Shared"
"chr8-124030421-124030726",2,2,"Excit.Thal; Inhib.Thal","Shared"
"chr8-124101077-124101373",1,1,"LHb.2.7","Unique"
"chr8-124215042-124215890",2,2,"Excit.Thal; Inhib.Thal","Shared"
"chr8-124523171-124523566",2,1,"Oligo","Unique"
"chr8-124673119-124674109",3,3,"Excit.Thal; MHb.1.2; MHb.1","Shared"
"chr8-124687096-124687781",2,1,"Oligo","Unique"
"chr8-125016865-125017770",2,2,"Inhib.Thal; Oligo","Shared"
"chr8-125632986-125634147",2,2,"Inhib.Thal; MHb.2","Shared"
"chr8-12589286-12589527",1,1,"LHb.4","Unique"
"chr8-126876449-126877212",2,2,"Excit.Thal; Oligo","Shared"
"chr8-127289800-127290018",1,1,"MHb.2","Unique"
"chr8-129681808-129682376",2,2,"Excit.Thal; Inhib.Thal","Shared"
"chr8-131392087-131392481",2,2,"Excit.Thal; Inhib.Thal","Shared"
"chr8-132346170-132346889",3,3,"Inhib.Thal; LHb.1; LHb.2.7","Shared"
"chr8-132832842-132833222",1,1,"Inhib.Thal","Unique"
"chr8-133559578-133559903",1,1,"LHb.4","Unique"
"chr8-138358391-138359058",3,3,"Inhib.Thal; LHb.1; LHb.7","Shared"
"chr8-1389114-1390203",3,3,"Inhib.Thal; LHb.1.3.4; LHb.4","Shared"
"chr8-140014565-140014841",1,1,"Inhib.Thal","Unique"
"chr8-140141741-140142682",2,2,"Inhib.Thal; MHb.2","Shared"
"chr8-140238730-140239657",3,3,"Inhib.Thal; LHb.1; Oligo","Shared"
"chr8-140358524-140359246",3,3,"Excit.Thal; Inhib.Thal; Oligo","Shared"
"chr8-140624047-140625245",2,2,"Inhib.Thal; LHb.4","Shared"
"chr8-1407868-1410130",2,2,"Inhib.Thal; LHb.4","Shared"
"chr8-141190260-141190781",1,1,"LHb.2.7","Unique"
"chr8-141278465-141279316",1,1,"Inhib.Thal","Unique"
"chr8-141726897-141727190",4,4,"Excit.Thal; Inhib.Thal; LHb.4; Oligo","Shared"
"chr8-142075761-142076591",2,2,"Inhib.Thal; LHb.4","Shared"
"chr8-142285339-142285708",2,1,"LHb.4","Unique"
"chr8-142815493-142816701",12,6,"Astrocyte; Inhib.Thal; MHb.1.2; MHb.1; MHb.2; Oligo","Shared"
"chr8-142865392-142866332",3,3,"LHb.4; MHb.1.2; MHb.2","Shared"
"chr8-142985246-142986213",1,1,"Excit.Thal","Unique"
"chr8-143344117-143344889",3,3,"Excit.Thal; Inhib.Thal; LHb.4","Shared"
"chr8-143462149-143462943",3,3,"Inhib.Thal; LHb.1; LHb.4","Shared"
"chr8-143491023-143492007",3,3,"LHb.2.7; MHb.1; Oligo","Shared"
"chr8-143492204-143492515",10,1,"LHb.4","Unique"
"chr8-143540902-143541884",3,3,"Astrocyte; MHb.2; OPC","Shared"
"chr8-143739868-143740702",3,3,"LHb.1; LHb.4; Oligo","Shared"
"chr8-143828523-143830039",3,3,"Excit.Thal; LHb.1; MHb.1","Shared"
"chr8-143902346-143903358",10,5,"Astrocyte; Inhib.Thal; LHb.4; MHb.1; Oligo","Shared"
"chr8-143903731-143904212",28,2,"Inhib.Thal; LHb.4","Shared"
"chr8-144040987-144041213",1,1,"MHb.2","Unique"
"chr8-144082201-144082974",4,1,"Excit.Thal","Unique"
"chr8-144126269-144126926",15,3,"Astrocyte; Inhib.Thal; Oligo","Shared"
"chr8-144167816-144169080",6,2,"Astrocyte; Inhib.Thal","Shared"
"chr8-144233480-144233824",6,1,"Inhib.Thal","Unique"
"chr8-144337337-144338189",24,4,"Astrocyte; Excit.Thal; Inhib.Thal; MHb.2","Shared"
"chr8-144408866-144409918",18,6,"Astrocyte; Excit.Thal; LHb.1; LHb.4; MHb.1; Oligo","Shared"
"chr8-144413161-144413886",3,1,"Inhib.Thal","Unique"
"chr8-144427823-144428761",15,5,"Excit.Thal; Inhib.Thal; LHb.1; LHb.2.7; Oligo","Shared"
"chr8-144528515-144529209",3,1,"Excit.Thal","Unique"
"chr8-144627745-144628417",3,3,"Astrocyte; Inhib.Thal; LHb.1.3.4","Shared"
"chr8-144798473-144799435",15,3,"Inhib.Thal; MHb.1; Oligo","Shared"
"chr8-1451048-1451328",1,1,"LHb.4","Unique"
"chr8-17036662-17037729",2,1,"Inhib.Thal","Unique"
"chr8-17162666-17163426",3,3,"Astrocyte; Inhib.Thal; MHb.2","Shared"
"chr8-17303454-17303776",1,1,"MHb.1","Unique"
"chr8-1762986-1763415",6,6,"Astrocyte; Excit.Thal; Inhib.Thal; LHb.1; MHb.1; Oligo","Shared"
"chr8-1763555-1764829",4,4,"Astrocyte; Excit.Thal; Microglia; Oligo","Shared"
"chr8-17800586-17801863",6,6,"Astrocyte; Inhib.Thal; LHb.1; LHb.2.7; LHb.4; Oligo","Shared"
"chr8-17912466-17912977",3,3,"Inhib.Thal; LHb.2.7; MHb.2","Shared"
"chr8-17998467-17999828",3,3,"Astrocyte; Inhib.Thal; MHb.2","Shared"
"chr8-18807164-18807522",2,2,"LHb.1.3.4; MHb.2","Shared"
"chr8-21616613-21617189",2,1,"Excit.Thal","Unique"
"chr8-22141626-22142136",2,1,"Astrocyte","Unique"
"chr8-22355295-22355571",2,2,"LHb.4; MHb.2","Shared"
"chr8-22692677-22693043",1,1,"Inhib.Thal","Unique"
"chr8-22973403-22974755",2,2,"Inhib.Thal; MHb.2","Shared"
"chr8-23163145-23164071",3,3,"Inhib.Thal; Microglia; Oligo","Shared"
"chr8-23861732-23862330",1,1,"LHb.2.7","Unique"
"chr8-24673428-24674081",2,2,"Inhib.Thal; MHb.2","Shared"
"chr8-24891558-24892253",3,3,"Astrocyte; Inhib.Thal; Oligo","Shared"
"chr8-24941602-24942783",6,6,"Astrocyte; Inhib.Thal; MHb.1.2; MHb.1; MHb.2; Oligo","Shared"
"chr8-24957333-24957788",1,1,"Inhib.Thal","Unique"
"chr8-25384828-25385248",1,1,"LHb.1.3.4","Unique"
"chr8-25688417-25688792",2,2,"MHb.1; Oligo","Shared"
"chr8-26513353-26514256",3,3,"Excit.Thal; Inhib.Thal; Oligo","Shared"
"chr8-26576765-26578001",7,7,"Astrocyte; Excit.Thal; Inhib.Thal; LHb.4; MHb.1; Microglia; Oligo","Shared"
"chr8-26864589-26865079",2,2,"Inhib.Thal; LHb.4","Shared"
"chr8-27049247-27049514",1,1,"OPC","Unique"
"chr8-27310386-27311787",3,3,"Excit.Thal; MHb.1.2; Microglia","Shared"
"chr8-27478934-27479480",3,3,"LHb.1; LHb.4; MHb.1.2","Shared"
"chr8-27722351-27722685",1,1,"LHb.2.7","Unique"
"chr8-28411590-28412439",3,3,"Astrocyte; Excit.Thal; MHb.1.2","Shared"
"chr8-28490029-28490682",5,5,"Astrocyte; Excit.Thal; Inhib.Thal; MHb.1; MHb.2","Shared"
"chr8-28722038-28722464",2,2,"LHb.2.7; MHb.1","Shared"
"chr8-29016567-29017280",4,4,"Inhib.Thal; MHb.1.2; MHb.1; Oligo","Shared"
"chr8-29126596-29126937",4,4,"LHb.2.7; MHb.1.2; MHb.1; MHb.2","Shared"
"chr8-29804157-29804671",4,2,"Inhib.Thal; LHb.2.7","Shared"
"chr8-29958356-29958777",1,1,"LHb.2.7","Unique"
"chr8-30383892-30385389",4,2,"Astrocyte; Inhib.Thal","Shared"
"chr8-30918974-30919261",1,1,"Inhib.Thal","Unique"
"chr8-37872056-37872686",1,1,"MHb.1","Unique"
"chr8-38293326-38293782",1,1,"Oligo","Unique"
"chr8-38912422-38912973",2,2,"Excit.Thal; Inhib.Thal","Shared"
"chr8-38913193-38914019",2,2,"Inhib.Thal; MHb.2","Shared"
"chr8-40922698-40923406",6,6,"Inhib.Thal; LHb.1.3.4; LHb.1; LHb.2.7; LHb.4; Oligo","Shared"
"chr8-41834379-41835032",5,5,"Excit.Thal; LHb.1.3.4; MHb.1; MHb.2; Oligo","Shared"
"chr8-42194675-42195569",2,1,"Astrocyte","Unique"
"chr8-42692300-42692913",4,1,"Oligo","Unique"
"chr8-42706127-42706638",8,2,"MHb.1.2; MHb.2","Shared"
"chr8-42731322-42731685",1,1,"MHb.2","Unique"
"chr8-42760898-42761099",1,1,"LHb.2.7","Unique"
"chr8-42796629-42797108",3,3,"Inhib.Thal; LHb.4; MHb.2","Shared"
"chr8-42974864-42975553",4,2,"LHb.1.3.4; LHb.1","Shared"
"chr8-43092837-43094087",2,2,"Inhib.Thal; Oligo","Shared"
"chr8-43170618-43171034",2,1,"LHb.4","Unique"
"chr8-43471945-43472191",1,1,"Inhib.Thal","Unique"
"chr8-47573299-47573934",2,2,"Excit.Thal; LHb.2.7","Shared"
"chr8-4771780-4772324",1,1,"Inhib.Thal","Unique"
"chr8-49909612-49911034",5,5,"Astrocyte; Excit.Thal; Inhib.Thal; MHb.1; Oligo","Shared"
"chr8-49911365-49911944",2,2,"Inhib.Thal; Oligo","Shared"
"chr8-52485071-52485674",2,2,"Excit.Thal; MHb.2","Shared"
"chr8-56073951-56075166",6,6,"Excit.Thal; Inhib.Thal; LHb.1.3.4; MHb.1; Oligo; OPC","Shared"
"chr8-56156442-56156707",2,2,"MHb.1; MHb.2","Shared"
"chr8-56447793-56448286",9,3,"LHb.4; MHb.2; Oligo","Shared"
"chr8-57209347-57210470",7,7,"Excit.Thal; Inhib.Thal; LHb.1.3.4; LHb.1; LHb.2.7; MHb.1.2; MHb.2","Shared"
"chr8-57420537-57421001",1,1,"Inhib.Thal","Unique"
"chr8-57860871-57861525",4,4,"Astrocyte; Inhib.Thal; LHb.1; LHb.4","Shared"
"chr8-58658487-58660003",5,5,"Astrocyte; Excit.Thal; Inhib.Thal; LHb.1; Oligo","Shared"
"chr8-59117374-59118929",7,7,"Astrocyte; Excit.Thal; Inhib.Thal; LHb.1; LHb.2.7; LHb.4; Oligo","Shared"
"chr8-60792596-60793218",2,2,"Excit.Thal; MHb.2","Shared"
"chr8-61037482-61038300",6,6,"LHb.1; LHb.2.7; LHb.4; MHb.1.2; MHb.1; Oligo","Shared"
"chr8-61077560-61078383",5,5,"Excit.Thal; LHb.1.3.4; LHb.1; MHb.2; Oligo","Shared"
"chr8-61810054-61810429",1,1,"Oligo","Unique"
"chr8-62964962-62965193",1,1,"Inhib.Thal","Unique"
"chr8-63391290-63391667",3,3,"Astrocyte; MHb.2; Oligo","Shared"
"chr8-63627689-63628155",2,2,"Astrocyte; Oligo","Shared"
"chr8-64263879-64264431",1,1,"LHb.4","Unique"
"chr8-64363695-64364000",1,1,"Excit.Thal","Unique"
"chr8-64376643-64378414",5,5,"Astrocyte; Excit.Thal; Inhib.Thal; MHb.1; Oligo","Shared"
"chr8-64451744-64452107",4,2,"Excit.Thal; Inhib.Thal","Shared"
"chr8-649487-650857",5,5,"Excit.Thal; Inhib.Thal; LHb.4; MHb.2; Oligo","Shared"
"chr8-66112572-66114830",4,4,"Excit.Thal; Inhib.Thal; LHb.4; Oligo","Shared"
"chr8-67144486-67144956",1,1,"Inhib.Thal","Unique"
"chr8-67241648-67243158",3,3,"Astrocyte; Inhib.Thal; LHb.1","Shared"
"chr8-68727222-68727883",2,2,"Excit.Thal; Oligo","Shared"
"chr8-70955696-70956141",2,2,"Inhib.Thal; LHb.1","Shared"
"chr8-73568794-73569325",1,1,"Inhib.Thal","Unique"
"chr8-736847-739321",7,7,"Astrocyte; Inhib.Thal; LHb.1; LHb.2.7; LHb.4; MHb.1; Oligo","Shared"
"chr8-73739916-73740169",6,2,"LHb.1; MHb.2","Shared"
"chr8-78665248-78666771",8,8,"Astrocyte; Excit.Thal; Inhib.Thal; LHb.1.3.4; LHb.4; MHb.1; MHb.2; Oligo","Shared"
"chr8-79353095-79353410",1,1,"Excit.Thal","Unique"
"chr8-79610321-79611309",3,3,"Astrocyte; Inhib.Thal; Oligo","Shared"
"chr8-79611638-79612275",3,3,"Astrocyte; Inhib.Thal; Oligo","Shared"
"chr8-79765210-79765581",4,1,"Astrocyte","Unique"
"chr8-79803570-79803922",1,1,"MHb.2","Unique"
"chr8-79871203-79871872",4,2,"Inhib.Thal; MHb.2","Shared"
"chr8-80872971-80874754",12,4,"Inhib.Thal; MHb.1; MHb.2; Oligo","Shared"
"chr8-80998152-80998530",3,1,"Oligo","Unique"
"chr8-81235063-81235571",1,1,"Astrocyte","Unique"
"chr8-81721026-81721956",3,3,"Astrocyte; Excit.Thal; Inhib.Thal","Shared"
"chr8-836905-837237",1,1,"LHb.4","Unique"
"chr8-85219906-85220951",6,6,"Excit.Thal; Inhib.Thal; LHb.1; LHb.4; MHb.1; Oligo","Shared"
"chr8-85275993-85276403",2,1,"Inhib.Thal","Unique"
"chr8-85659751-85660306",20,4,"Excit.Thal; Inhib.Thal; MHb.1; MHb.2","Shared"
"chr8-894650-894970",1,1,"Excit.Thal","Unique"
"chr8-89736893-89737355",1,1,"Oligo","Unique"
"chr8-89950748-89951164",1,1,"Inhib.Thal","Unique"
"chr8-90009859-90010480",6,6,"Excit.Thal; Inhib.Thal; LHb.1; MHb.1; MHb.2; Oligo","Shared"
"chr8-90573646-90574290",1,1,"LHb.1","Unique"
"chr8-9368660-9369385",3,3,"Astrocyte; Inhib.Thal; LHb.2.7","Shared"
"chr8-93898195-93898666",3,3,"Inhib.Thal; LHb.4; MHb.1","Shared"
"chr8-9402243-9402943",1,1,"Inhib.Thal","Unique"
"chr8-94113368-94113767",1,1,"MHb.2","Unique"
"chr8-94886325-94886609",2,1,"Inhib.Thal","Unique"
"chr8-95154217-95154770",1,1,"Excit.Thal","Unique"
"chr8-95174484-95174900",3,3,"Inhib.Thal; Microglia; OPC","Shared"
"chr8-95480886-95481921",1,1,"Astrocyte","Unique"
"chr8-96856884-96857227",1,1,"LHb.4","Unique"
"chr8-97374841-97375294",1,1,"Oligo","Unique"
"chr8-9758662-9759345",2,2,"Excit.Thal; Inhib.Thal","Shared"
"chr8-97849666-97850038",3,3,"Inhib.Thal; LHb.4; MHb.2","Shared"
"chr9-100598566-100599089",2,1,"MHb.2","Unique"
"chr9-100884216-100885053",1,1,"Inhib.Thal","Unique"
"chr9-101028081-101030231",6,6,"Astrocyte; Excit.Thal; Inhib.Thal; LHb.1; Microglia; OPC","Shared"
"chr9-101119045-101119754",6,6,"Astrocyte; LHb.1; LHb.4; MHb.1.2; MHb.2; Oligo","Shared"
"chr9-101354898-101355316",1,1,"Inhib.Thal","Unique"
"chr9-101443278-101443824",4,4,"Inhib.Thal; MHb.1.2; MHb.1; OPC","Shared"
"chr9-104747076-104749073",3,3,"Excit.Thal; LHb.4; OPC","Shared"
"chr9-105044397-105044791",1,1,"Oligo","Unique"
"chr9-105148658-105149032",1,1,"MHb.2","Unique"
"chr9-105899796-105900417",3,3,"Inhib.Thal; MHb.1; MHb.2","Shared"
"chr9-107306352-107306679",2,2,"Inhib.Thal; LHb.4","Shared"
"chr9-108854707-108855907",4,2,"Astrocyte; MHb.1","Shared"
"chr9-109012206-109014068",8,4,"Excit.Thal; Inhib.Thal; LHb.1; Oligo","Shared"
"chr9-109258457-109259091",4,2,"Inhib.Thal; LHb.1","Shared"
"chr9-109651027-109651679",1,1,"MHb.2","Unique"
"chr9-109721022-109721347",2,2,"LHb.2.7; MHb.2","Shared"
"chr9-109779659-109781038",5,5,"Astrocyte; Excit.Thal; Inhib.Thal; Oligo; OPC","Shared"
"chr9-109843528-109843919",1,1,"Oligo","Unique"
"chr9-109867157-109867816",4,4,"Astrocyte; Excit.Thal; Inhib.Thal; Oligo","Shared"
"chr9-111597800-111598555",3,3,"Astrocyte; Inhib.Thal; Oligo","Shared"
"chr9-111957992-111958712",2,1,"LHb.4","Unique"
"chr9-112904644-112905307",6,2,"LHb.2.7; MHb.1","Shared"
"chr9-112933253-112933948",4,2,"Excit.Thal; LHb.2.7","Shared"
"chr9-113400828-113401661",5,5,"Excit.Thal; Inhib.Thal; MHb.1; Microglia; Oligo","Shared"
"chr9-113516940-113517585",6,3,"Excit.Thal; Inhib.Thal; LHb.1.3.4","Shared"
"chr9-113655260-113655658",4,2,"LHb.1; Oligo","Shared"
"chr9-113709822-113710486",2,1,"Inhib.Thal","Unique"
"chr9-113934756-113936246",2,2,"Inhib.Thal; LHb.1.3.4","Shared"
"chr9-114098033-114098828",6,6,"Astrocyte; Inhib.Thal; LHb.1.3.4; LHb.1; LHb.4; MHb.1.2","Shared"
"chr9-114290871-114291341",6,2,"Inhib.Thal; Oligo","Shared"
"chr9-114334467-114334842",1,1,"LHb.4","Unique"
"chr9-114666896-114667368",3,3,"Excit.Thal; MHb.1; MHb.2","Shared"
"chr9-115197995-115198403",1,1,"LHb.4","Unique"
"chr9-117203581-117204438",3,3,"Inhib.Thal; LHb.2.7; LHb.4","Shared"
"chr9-120792687-120794098",4,4,"Astrocyte; Excit.Thal; Inhib.Thal; Microglia","Shared"
"chr9-120817312-120817606",1,1,"Inhib.Thal","Unique"
"chr9-121074042-121075585",3,3,"Excit.Thal; Inhib.Thal; Oligo","Shared"
"chr9-121087323-121088099",1,1,"Inhib.Thal","Unique"
"chr9-121114061-121114450",2,2,"Inhib.Thal; LHb.1.3.4","Shared"
"chr9-121689758-121690627",3,1,"Inhib.Thal","Unique"
"chr9-121776062-121776381",1,1,"Excit.Thal","Unique"
"chr9-122001712-122002121",1,1,"MHb.2","Unique"
"chr9-122317964-122318657",2,2,"Excit.Thal; Inhib.Thal","Shared"
"chr9-122810007-122810692",3,3,"Inhib.Thal; LHb.4; Oligo","Shared"
"chr9-123033295-123033734",2,1,"Inhib.Thal","Unique"
"chr9-123741991-123742365",3,3,"Inhib.Thal; Oligo; OPC","Shared"
"chr9-124126830-124127093",4,2,"Excit.Thal; MHb.1.2","Shared"
"chr9-124320013-124320622",4,2,"LHb.4; Oligo","Shared"
"chr9-124419580-124420018",6,3,"Astrocyte; Inhib.Thal; Oligo","Shared"
"chr9-124477652-124478254",2,2,"LHb.4; Oligo","Shared"
"chr9-124776961-124777541",5,5,"Astrocyte; Inhib.Thal; MHb.2; Oligo; OPC","Shared"
"chr9-124834490-124835627",2,2,"Astrocyte; LHb.1","Shared"
"chr9-125951173-125951531",2,2,"LHb.1; LHb.2.7","Shared"
"chr9-126558061-126558333",2,2,"LHb.4; Oligo","Shared"
"chr9-126705107-126705695",3,3,"Astrocyte; Inhib.Thal; Oligo","Shared"
"chr9-127159150-127159661",4,2,"Excit.Thal; Inhib.Thal","Shared"
"chr9-127180547-127181311",2,1,"MHb.1","Unique"
"chr9-127250618-127251090",2,2,"Excit.Thal; Inhib.Thal","Shared"
"chr9-127734163-127735555",16,4,"Excit.Thal; Inhib.Thal; MHb.1; Oligo","Shared"
"chr9-127741605-127742279",4,4,"LHb.1.3.4; LHb.2.7; MHb.1.2; MHb.2","Shared"
"chr9-127802242-127803467",2,2,"Excit.Thal; MHb.1","Shared"
"chr9-127809588-127809997",3,1,"Oligo","Unique"
"chr9-128192810-128193307",21,3,"Astrocyte; MHb.2; Oligo","Shared"
"chr9-128203094-128204512",10,5,"Astrocyte; Excit.Thal; Inhib.Thal; Microglia; Oligo","Shared"
"chr9-128268582-128269105",4,2,"Inhib.Thal; LHb.4","Shared"
"chr9-128288426-128288625",3,1,"Inhib.Thal","Unique"
"chr9-128723828-128724441",6,3,"LHb.1; MHb.1; Microglia","Shared"
"chr9-128828970-128830221",6,6,"Astrocyte; LHb.1.3.4; LHb.1; MHb.1.2; MHb.2; Oligo","Shared"
"chr9-128835592-128836070",1,1,"Inhib.Thal","Unique"
"chr9-128881513-128883213",5,5,"Astrocyte; Excit.Thal; Inhib.Thal; MHb.1; Oligo","Shared"
"chr9-128958029-128958228",2,1,"Inhib.Thal","Unique"
"chr9-128992996-128993693",4,4,"Astrocyte; Inhib.Thal; MHb.1; MHb.2","Shared"
"chr9-129080520-129081828",3,3,"Excit.Thal; Inhib.Thal; MHb.2","Shared"
"chr9-129173984-129174346",12,2,"Inhib.Thal; Oligo","Shared"
"chr9-129252846-129253462",3,3,"Inhib.Thal; Oligo; OPC","Shared"
"chr9-129253673-129254421",24,4,"Excit.Thal; Inhib.Thal; LHb.2.7; Oligo","Shared"
"chr9-129320524-129321441",5,5,"Astrocyte; Inhib.Thal; MHb.1; MHb.2; Oligo","Shared"
"chr9-129334077-129334720",2,2,"Excit.Thal; Oligo","Shared"
"chr9-129549382-129550672",6,2,"MHb.1; MHb.2","Shared"
"chr9-129677153-129677438",1,1,"Inhib.Thal","Unique"
"chr9-129737592-129738291",6,3,"Inhib.Thal; Microglia; Oligo","Shared"
"chr9-130421859-130422178",2,2,"LHb.2.7; MHb.1.2","Shared"
"chr9-131046560-131047045",4,4,"Astrocyte; Excit.Thal; Inhib.Thal; Oligo","Shared"
"chr9-131057718-131058178",2,2,"Inhib.Thal; Oligo","Shared"
"chr9-131149452-131150007",1,1,"LHb.2.7","Unique"
"chr9-131255888-131256578",1,1,"MHb.1","Unique"
"chr9-131823220-131824636",5,5,"Astrocyte; LHb.1.3.4; LHb.1; LHb.2.7; MHb.1","Shared"
"chr9-132234504-132234860",1,1,"Inhib.Thal","Unique"
"chr9-132486670-132487123",1,1,"MHb.2","Unique"
"chr9-132531347-132532492",3,1,"LHb.2.7","Unique"
"chr9-132574897-132575381",18,6,"Astrocyte; Inhib.Thal; LHb.1; LHb.4; MHb.2; Oligo","Shared"
"chr9-132901857-132902231",15,3,"LHb.4; MHb.2; Oligo","Shared"
"chr9-132920475-132920827",1,1,"LHb.4","Unique"
"chr9-133153243-133153478",7,1,"MHb.2","Unique"
"chr9-133346887-133347254",2,2,"Excit.Thal; LHb.4","Shared"
"chr9-133417592-133418467",25,5,"Astrocyte; Inhib.Thal; LHb.4; MHb.1.2; MHb.2","Shared"
"chr9-133428670-133429057",8,2,"Inhib.Thal; Oligo","Shared"
"chr9-133608855-133609612",6,6,"Inhib.Thal; LHb.1.3.4; LHb.1; MHb.1; MHb.2; Oligo","Shared"
"chr9-133644176-133644825",2,2,"Inhib.Thal; MHb.2","Shared"
"chr9-133678976-133680000",1,1,"Inhib.Thal","Unique"
"chr9-134176034-134176621",2,2,"Inhib.Thal; LHb.2.7","Shared"
"chr9-135181123-135181398",1,1,"MHb.2","Unique"
"chr9-135512980-135513886",2,2,"Inhib.Thal; LHb.2.7","Shared"
"chr9-136238418-136238629",1,1,"MHb.2","Unique"
"chr9-136409611-136411154",12,6,"Astrocyte; LHb.1; MHb.1; MHb.2; Oligo; OPC","Shared"
"chr9-136617662-136617957",2,1,"MHb.2","Unique"
"chr9-136757791-136758643",18,3,"Astrocyte; Inhib.Thal; LHb.1","Shared"
"chr9-136766533-136766786",8,1,"LHb.2.7","Unique"
"chr9-136790639-136792023",7,7,"Astrocyte; Excit.Thal; LHb.1.3.4; LHb.1; MHb.2; Microglia; Oligo","Shared"
"chr9-136821163-136821977",7,7,"Astrocyte; Excit.Thal; Inhib.Thal; LHb.2.7; MHb.1.2; MHb.2; Oligo","Shared"
"chr9-136841064-136841682",6,2,"LHb.1.3.4; MHb.2","Shared"
"chr9-137034954-137035587",2,1,"Astrocyte","Unique"
"chr9-137064039-137064394",1,1,"Oligo","Unique"
"chr9-137106987-137107246",1,1,"Inhib.Thal","Unique"
"chr9-137114275-137115487",2,2,"MHb.1; OPC","Shared"
"chr9-137137880-137139543",8,4,"Astrocyte; Excit.Thal; Inhib.Thal; Oligo","Shared"
"chr9-137351531-137352948",27,3,"Excit.Thal; Inhib.Thal; MHb.1","Shared"
"chr9-137784974-137785473",2,2,"Excit.Thal; LHb.4","Shared"
"chr9-137798959-137801179",5,5,"Excit.Thal; Inhib.Thal; LHb.4; MHb.1; MHb.2","Shared"
"chr9-138134510-138134889",2,2,"Excit.Thal; Inhib.Thal","Shared"
"chr9-17155241-17156007",1,1,"Inhib.Thal","Unique"
"chr9-17411111-17411552",2,1,"Inhib.Thal","Unique"
"chr9-19408253-19409713",5,5,"Excit.Thal; Inhib.Thal; LHb.1; MHb.1.2; MHb.1","Shared"
"chr9-19492950-19493852",4,4,"LHb.1; LHb.2.7; MHb.1; Oligo","Shared"
"chr9-19631581-19632117",1,1,"Inhib.Thal","Unique"
"chr9-19732575-19732858",1,1,"Excit.Thal","Unique"
"chr9-20929169-20929610",1,1,"Inhib.Thal","Unique"
"chr9-23820553-23822075",7,7,"Astrocyte; Excit.Thal; LHb.4; MHb.1.2; MHb.1; MHb.2; Oligo","Shared"
"chr9-27251128-27251521",2,1,"Inhib.Thal","Unique"
"chr9-2843773-2844520",5,5,"Excit.Thal; Inhib.Thal; LHb.2.7; MHb.1; Oligo","Shared"
"chr9-2957612-2957917",1,1,"MHb.2","Unique"
"chr9-32552065-32552814",12,4,"Excit.Thal; Inhib.Thal; MHb.1.2; MHb.2","Shared"
"chr9-32723934-32724502",1,1,"Inhib.Thal","Unique"
"chr9-33081260-33081557",1,1,"Oligo","Unique"
"chr9-33246460-33246742",1,1,"Excit.Thal","Unique"
"chr9-33452819-33453260",1,1,"Inhib.Thal","Unique"
"chr9-33510772-33511260",8,2,"LHb.1.3.4; Oligo","Shared"
"chr9-33721358-33722432",6,3,"LHb.2.7; MHb.1; MHb.2","Shared"
"chr9-34363614-34364261",1,1,"LHb.2.7","Unique"
"chr9-34409131-34409579",2,1,"Inhib.Thal","Unique"
"chr9-34500628-34500987",1,1,"Inhib.Thal","Unique"
"chr9-34591638-34591985",1,1,"Oligo","Unique"
"chr9-34636886-34638414",6,3,"Astrocyte; MHb.1; Microglia","Shared"
"chr9-34809366-34810740",4,4,"Astrocyte; Inhib.Thal; MHb.2; Oligo","Shared"
"chr9-34821477-34821760",3,1,"MHb.2","Unique"
"chr9-34989098-34990136",4,4,"Excit.Thal; Inhib.Thal; Microglia; Oligo","Shared"
"chr9-36053786-36054293",1,1,"MHb.1","Unique"
"chr9-36166032-36166829",6,3,"LHb.1.3.4; MHb.1; Oligo","Shared"
"chr9-36257839-36259123",10,5,"Excit.Thal; LHb.2.7; MHb.1.2; MHb.2; Oligo","Shared"
"chr9-36985927-36986967",1,1,"MHb.1.2","Unique"
"chr9-37528928-37529488",2,2,"LHb.4; Oligo","Shared"
"chr9-37594326-37594737",4,4,"Excit.Thal; LHb.2.7; LHb.7; Oligo","Shared"
"chr9-37741479-37741819",2,1,"LHb.2.7","Unique"
"chr9-37784467-37785470",5,5,"Astrocyte; Inhib.Thal; LHb.1; MHb.1; Oligo","Shared"
"chr9-37913485-37914068",5,5,"Excit.Thal; Inhib.Thal; LHb.4; MHb.2; Oligo","Shared"
"chr9-38075299-38075552",2,1,"Inhib.Thal","Unique"
"chr9-38087973-38088302",1,1,"Oligo","Unique"
"chr9-38310927-38311950",2,2,"Astrocyte; Inhib.Thal","Shared"
"chr9-38591775-38591997",2,1,"Inhib.Thal","Unique"
"chr9-39587885-39589008",4,4,"Astrocyte; Inhib.Thal; LHb.1; LHb.2.7","Shared"
"chr9-4066149-4066537",3,3,"Inhib.Thal; MHb.1; MHb.2","Shared"
"chr9-5774570-5774840",1,1,"Inhib.Thal","Unique"
"chr9-6053219-6053640",3,3,"LHb.2.7; MHb.1; MHb.2","Shared"
"chr9-6353935-6354389",1,1,"Inhib.Thal","Unique"
"chr9-65423444-65424246",1,1,"LHb.4","Unique"
"chr9-68356465-68357119",4,4,"Excit.Thal; Inhib.Thal; MHb.1; Microglia","Shared"
"chr9-68419351-68420470",1,1,"Inhib.Thal","Unique"
"chr9-68822743-68823090",2,1,"MHb.2","Unique"
"chr9-69173652-69174735",8,8,"Astrocyte; LHb.2.7; MHb.1.2; MHb.1; MHb.2; Microglia; Oligo; OPC","Shared"
"chr9-69264407-69264823",1,1,"Inhib.Thal","Unique"
"chr9-69421864-69422550",4,2,"Astrocyte; MHb.2","Shared"
"chr9-69573660-69573861",3,1,"MHb.2","Unique"
"chr9-69758962-69760464",10,5,"Astrocyte; Excit.Thal; LHb.1; LHb.2.7; Oligo","Shared"
"chr9-70043344-70045079",6,6,"Astrocyte; Excit.Thal; LHb.1; LHb.2.7; MHb.1; Oligo","Shared"
"chr9-706656-707439",5,5,"LHb.2.7; MHb.1; MHb.2; Oligo; OPC","Shared"
"chr9-75526492-75526869",1,1,"Inhib.Thal","Unique"
"chr9-76181201-76181591",8,4,"Excit.Thal; LHb.1.3.4; LHb.2.7; LHb.7","Shared"
"chr9-76560437-76560908",1,1,"MHb.2","Unique"
"chr9-77440119-77440458",3,3,"Inhib.Thal; MHb.1.2; MHb.2","Shared"
"chr9-78438924-78439819",4,2,"Astrocyte; Excit.Thal","Shared"
"chr9-78775048-78775615",1,1,"Inhib.Thal","Unique"
"chr9-83817030-83818222",4,4,"Astrocyte; Excit.Thal; Inhib.Thal; Oligo","Shared"
"chr9-85040648-85041317",1,1,"Excit.Thal","Unique"
"chr9-8599648-8601623",1,1,"Oligo","Unique"
"chr9-87554572-87554862",1,1,"LHb.4","Unique"
"chr9-87664232-87664814",1,1,"Inhib.Thal","Unique"
"chr9-87869109-87869374",1,1,"Inhib.Thal","Unique"
"chr9-88461013-88461319",2,2,"Excit.Thal; Oligo","Shared"
"chr9-89234187-89235266",2,2,"Astrocyte; Excit.Thal","Shared"
"chr9-89603037-89603321",1,1,"Inhib.Thal","Unique"
"chr9-90307249-90307646",1,1,"Thal","Unique"
"chr9-91036304-91037762",3,3,"Astrocyte; LHb.1; Oligo","Shared"
"chr9-91681014-91682056",5,5,"Astrocyte; Inhib.Thal; LHb.4; MHb.2; Oligo","Shared"
"chr9-91923859-91924404",1,1,"Inhib.Thal","Unique"
"chr9-92133734-92134417",4,4,"Astrocyte; LHb.2.7; MHb.2; Oligo","Shared"
"chr9-92147512-92147888",4,4,"Astrocyte; Inhib.Thal; LHb.2.7; LHb.4","Shared"
"chr9-92478911-92479652",1,1,"Inhib.Thal","Unique"
"chr9-92507544-92508379",5,5,"Astrocyte; Inhib.Thal; LHb.1.3.4; LHb.2.7; LHb.4","Shared"
"chr9-92719326-92719564",1,1,"MHb.2","Unique"
"chr9-92796087-92796636",3,3,"Excit.Thal; Inhib.Thal; MHb.1","Shared"
"chr9-92877505-92878338",4,2,"Excit.Thal; Oligo","Shared"
"chr9-93453221-93453803",3,3,"Excit.Thal; Inhib.Thal; MHb.1.2","Shared"
"chr9-93619958-93620494",2,2,"Inhib.Thal; Oligo","Shared"
"chr9-94656244-94656778",1,1,"Excit.Thal","Unique"
"chr9-95312713-95313441",1,1,"Oligo","Unique"
"chr9-95510653-95511459",3,3,"Astrocyte; Inhib.Thal; LHb.4","Shared"
"chr9-96473223-96473565",2,1,"Oligo","Unique"
"chr9-96581730-96582114",1,1,"Inhib.Thal","Unique"
"chr9-96654384-96655595",1,1,"MHb.1.2","Unique"
"chr9-97220782-97222783",6,6,"Astrocyte; MHb.1.2; MHb.1; MHb.2; Microglia; Oligo","Shared"
"chr9-97860441-97861445",4,2,"Excit.Thal; Inhib.Thal","Shared"
"chr9-98040053-98040684",2,2,"Excit.Thal; LHb.4","Shared"
"chr9-98091875-98092906",2,2,"Inhib.Thal; LHb.4","Shared"
"chr9-98453977-98454237",2,1,"LHb.4","Unique"
"chr9-98974831-98975577",12,4,"Astrocyte; Inhib.Thal; LHb.4; MHb.1","Shared"
"chr9-99065418-99066004",1,1,"Inhib.Thal","Unique"
"chr9-99103531-99103839",1,1,"Inhib.Thal","Unique"
"chr9-99373794-99374240",1,1,"Inhib.Thal","Unique"
"chr9-99737393-99737907",1,1,"Inhib.Thal","Unique"
"chrX-10119269-10119912",4,4,"LHb.4; MHb.1; MHb.2; Oligo","Shared"
"chrX-101226582-101226797",1,1,"Inhib.Thal","Unique"
"chrX-101484952-101486141",4,4,"Astrocyte; Excit.Thal; Inhib.Thal; OPC","Shared"
"chrX-101493111-101493697",1,1,"Excit.Thal","Unique"
"chrX-10206297-10206702",2,2,"Excit.Thal; Inhib.Thal","Shared"
"chrX-102516052-102517167",3,3,"Inhib.Thal; LHb.1; MHb.2","Shared"
"chrX-102669221-102670056",4,2,"Inhib.Thal; LHb.4","Shared"
"chrX-102720346-102721317",6,3,"Astrocyte; LHb.2.7; MHb.2","Shared"
"chrX-103062915-103064470",1,1,"Oligo","Unique"
"chrX-103329691-103330391",20,4,"Excit.Thal; Inhib.Thal; MHb.1; MHb.2","Shared"
"chrX-103356061-103357366",3,3,"Excit.Thal; LHb.1; MHb.2","Shared"
"chrX-103686414-103687570",36,6,"Astrocyte; Excit.Thal; Inhib.Thal; MHb.2; Microglia; Oligo","Shared"
"chrX-103687764-103688193",2,2,"Excit.Thal; Inhib.Thal","Shared"
"chrX-103704583-103705243",3,3,"LHb.2.7; Oligo; OPC","Shared"
"chrX-104113265-104113508",2,2,"Inhib.Thal; LHb.4","Shared"
"chrX-104136227-104136746",2,2,"Excit.Thal; Inhib.Thal","Shared"
"chrX-107118060-107119143",3,3,"Excit.Thal; LHb.4; Oligo","Shared"
"chrX-107742362-107742962",2,1,"Oligo","Unique"
"chrX-10990371-10990908",1,1,"Inhib.Thal","Unique"
"chrX-111005187-111005666",1,1,"Inhib.Thal","Unique"
"chrX-111837197-111837531",2,2,"Excit.Thal; Inhib.Thal","Shared"
"chrX-1120129-1120637",2,2,"Inhib.Thal; LHb.4","Shared"
"chrX-11427031-11428129",6,6,"Excit.Thal; Inhib.Thal; LHb.2.7; Microglia; Oligo; OPC","Shared"
"chrX-115233200-115234267",2,2,"Inhib.Thal; LHb.1","Shared"
"chrX-11664181-11665859",3,3,"Astrocyte; Inhib.Thal; LHb.1.3.4","Shared"
"chrX-119482478-119483160",4,2,"MHb.2; Oligo","Shared"
"chrX-119573693-119575569",4,4,"Astrocyte; Excit.Thal; MHb.1; OPC","Shared"
"chrX-119627429-119627689",1,1,"Inhib.Thal","Unique"
"chrX-119636580-119637187",1,1,"Inhib.Thal","Unique"
"chrX-120485608-120486440",6,2,"MHb.2; Oligo","Shared"
"chrX-123959905-123960606",6,6,"Excit.Thal; Inhib.Thal; LHb.2.7; MHb.2; Microglia; Oligo","Shared"
"chrX-1246627-1247010",2,2,"Inhib.Thal; LHb.4","Shared"
"chrX-12583326-12584002",1,1,"Excit.Thal","Unique"
"chrX-1286615-1287014",1,1,"Inhib.Thal","Unique"
"chrX-129957145-129957570",6,3,"Excit.Thal; Inhib.Thal; Microglia","Shared"
"chrX-130013678-130014616",2,1,"Inhib.Thal","Unique"
"chrX-133922348-133922639",2,2,"MHb.1; MHb.2","Shared"
"chrX-134795812-134797425",3,3,"Inhib.Thal; MHb.1; Microglia","Shared"
"chrX-135021426-135022836",8,4,"Excit.Thal; Inhib.Thal; LHb.1; Microglia","Shared"
"chrX-135051064-135052549",2,2,"Astrocyte; LHb.1","Shared"
"chrX-137052080-137053156",5,5,"Astrocyte; Excit.Thal; Inhib.Thal; MHb.1; Oligo","Shared"
"chrX-139931210-139933368",9,9,"Astrocyte; Inhib.Thal; LHb.4; MHb.1.2; MHb.1; MHb.2; Microglia; Oligo; OPC","Shared"
"chrX-14872765-14873961",5,5,"Excit.Thal; Inhib.Thal; LHb.4; MHb.2; Oligo","Shared"
"chrX-148884467-148884947",1,1,"Inhib.Thal","Unique"
"chrX-149504938-149505606",5,5,"Excit.Thal; Inhib.Thal; LHb.1.3.4; MHb.1; MHb.2","Shared"
"chrX-150450298-150451326",2,2,"Inhib.Thal; MHb.1","Shared"
"chrX-150666982-150667287",1,1,"Excit.Thal","Unique"
"chrX-152450025-152451964",2,2,"Inhib.Thal; Oligo","Shared"
"chrX-152830319-152831840",2,2,"MHb.1.2; MHb.2","Shared"
"chrX-152941229-152942242",5,5,"Astrocyte; Excit.Thal; Inhib.Thal; LHb.2.7; Oligo","Shared"
"chrX-152991850-152992716",2,2,"Excit.Thal; LHb.4","Shared"
"chrX-153411125-153412339",3,3,"Astrocyte; Excit.Thal; Inhib.Thal","Shared"
"chrX-153592860-153593377",6,1,"MHb.2","Unique"
"chrX-153673042-153674233",4,2,"Excit.Thal; MHb.2","Shared"
"chrX-153687518-153688205",4,4,"Astrocyte; Excit.Thal; MHb.2; Oligo","Shared"
"chrX-153812248-153812606",3,3,"Excit.Thal; Inhib.Thal; MHb.2","Shared"
"chrX-153885798-153886724",2,2,"Inhib.Thal; MHb.2","Shared"
"chrX-154096582-154098340",6,3,"Excit.Thal; Inhib.Thal; LHb.1.3.4","Shared"
"chrX-154328647-154329687",9,1,"LHb.2.7","Unique"
"chrX-154377993-154379555",5,5,"Astrocyte; Excit.Thal; Inhib.Thal; Oligo; OPC","Shared"
"chrX-154428152-154429167",1,1,"LHb.2.7","Unique"
"chrX-154496061-154496397",1,1,"Inhib.Thal","Unique"
"chrX-154527071-154527685",10,5,"Astrocyte; Excit.Thal; LHb.4; MHb.2; Oligo","Shared"
"chrX-154762330-154763716",2,2,"Excit.Thal; LHb.2.7","Shared"
"chrX-154777922-154778463",2,1,"Inhib.Thal","Unique"
"chrX-155215737-155217238",4,4,"Astrocyte; Inhib.Thal; LHb.1; Oligo","Shared"
"chrX-1648471-1648937",3,3,"Astrocyte; Inhib.Thal; Oligo","Shared"
"chrX-1657502-1658379",2,2,"Excit.Thal; Inhib.Thal","Shared"
"chrX-17043754-17044298",1,1,"Inhib.Thal","Unique"
"chrX-1766846-1767676",6,3,"Astrocyte; Inhib.Thal; LHb.4","Shared"
"chrX-19515048-19515399",1,1,"MHb.1","Unique"
"chrX-21479679-21480167",2,2,"Excit.Thal; LHb.2.7","Shared"
"chrX-21839264-21840127",4,4,"Excit.Thal; Inhib.Thal; LHb.2.7; Microglia","Shared"
"chrX-23907207-23908245",6,3,"Astrocyte; Excit.Thal; Inhib.Thal","Shared"
"chrX-2593336-2593628",4,2,"Inhib.Thal; Oligo","Shared"
"chrX-2828562-2830437",5,5,"Astrocyte; Excit.Thal; LHb.1.3.4; MHb.2; Oligo","Shared"
"chrX-38211885-38212272",1,1,"Inhib.Thal","Unique"
"chrX-40155464-40156037",1,1,"Inhib.Thal","Unique"
"chrX-40631702-40632281",1,1,"Inhib.Thal","Unique"
"chrX-40735046-40736417",2,2,"Excit.Thal; Inhib.Thal","Shared"
"chrX-44181541-44181803",1,1,"MHb.2","Unique"
"chrX-46544959-46546000",2,2,"Excit.Thal; Oligo","Shared"
"chrX-46912071-46913361",1,1,"Astrocyte","Unique"
"chrX-47128873-47129842",4,2,"Excit.Thal; LHb.1","Shared"
"chrX-47321296-47322709",5,5,"Astrocyte; Excit.Thal; LHb.1; MHb.1.2; Oligo","Shared"
"chrX-47365833-47366577",9,3,"Excit.Thal; Oligo; OPC","Shared"
"chrX-47482059-47483357",9,3,"Excit.Thal; Inhib.Thal; LHb.1","Shared"
"chrX-47523230-47524518",16,8,"Astrocyte; Excit.Thal; Inhib.Thal; LHb.1.3.4; LHb.2.7; LHb.4; MHb.1; Oligo","Shared"
"chrX-47560897-47561675",18,2,"Excit.Thal; Inhib.Thal","Shared"
"chrX-47623457-47624052",10,5,"Astrocyte; Excit.Thal; Inhib.Thal; MHb.2; Oligo","Shared"
"chrX-48020940-48021899",3,3,"Excit.Thal; MHb.1; OPC","Shared"
"chrX-48026653-48027026",2,2,"Excit.Thal; Inhib.Thal","Shared"
"chrX-48481399-48481755",1,1,"Inhib.Thal","Unique"
"chrX-48737051-48738032",25,5,"Excit.Thal; Inhib.Thal; LHb.1.3.4; Microglia; Oligo","Shared"
"chrX-48822963-48823691",78,6,"Excit.Thal; Inhib.Thal; LHb.1.3.4; LHb.2.7; LHb.4; MHb.2","Shared"
"chrX-48834862-48836349",4,2,"Astrocyte; Oligo","Shared"
"chrX-48918398-48919685",5,5,"Astrocyte; Excit.Thal; Inhib.Thal; LHb.1; Oligo","Shared"
"chrX-48971368-48972259",1,1,"MHb.2","Unique"
"chrX-49017575-49018131",7,1,"Inhib.Thal","Unique"
"chrX-49029144-49030584",12,2,"Astrocyte; MHb.2","Shared"
"chrX-49042897-49044017",7,7,"Astrocyte; Excit.Thal; Inhib.Thal; LHb.4; MHb.1; MHb.2; Oligo","Shared"
"chrX-49155026-49155544",1,1,"Inhib.Thal","Unique"
"chrX-49190700-49191703",14,7,"Astrocyte; Excit.Thal; Inhib.Thal; MHb.1; MHb.2; Microglia; Oligo","Shared"
"chrX-49248168-49248534",1,1,"LHb.4","Unique"
"chrX-49308626-49308968",1,1,"OPC","Unique"
"chrX-50204147-50204868",1,1,"Inhib.Thal","Unique"
"chrX-51496146-51497292",5,1,"Inhib.Thal","Unique"
"chrX-51743221-51744097",1,1,"Oligo","Unique"
"chrX-51892240-51895166",5,5,"Excit.Thal; Inhib.Thal; LHb.4; MHb.1; Microglia","Shared"
"chrX-51903283-51903866",2,1,"Inhib.Thal","Unique"
"chrX-53081620-53082806",5,5,"Excit.Thal; Inhib.Thal; LHb.4; MHb.1; Oligo","Shared"
"chrX-53288003-53288543",8,4,"LHb.1.3.4; LHb.2.7; MHb.2; Oligo","Shared"
"chrX-53440204-53441027",1,1,"Inhib.Thal","Unique"
"chrX-54446087-54446412",1,1,"LHb.4","Unique"
"chrX-54639092-54640106",1,1,"Excit.Thal","Unique"
"chrX-54920481-54922137",2,2,"MHb.2; Oligo","Shared"
"chrX-69128458-69129238",2,2,"Astrocyte; Inhib.Thal","Shared"
"chrX-69285715-69286326",3,3,"Excit.Thal; LHb.1; MHb.1","Shared"
"chrX-70436345-70436719",1,1,"Excit.Thal","Unique"
"chrX-7077017-7077514",2,1,"Inhib.Thal","Unique"
"chrX-7086542-7087049",1,1,"Excit.Thal","Unique"
"chrX-7107885-7108493",4,2,"Excit.Thal; LHb.2.7","Shared"
"chrX-71181937-71182759",9,3,"Excit.Thal; Inhib.Thal; MHb.1","Shared"
"chrX-7191398-7191959",2,2,"Inhib.Thal; Oligo","Shared"
"chrX-72018211-72019083",3,3,"Excit.Thal; LHb.1; MHb.2","Shared"
"chrX-72094689-72095229",8,4,"Excit.Thal; Inhib.Thal; LHb.2.7; MHb.1","Shared"
"chrX-72126560-72126846",16,4,"Excit.Thal; MHb.1.2; MHb.2; Oligo","Shared"
"chrX-7229228-7229776",2,1,"LHb.2.7","Unique"
"chrX-72308873-72309390",1,1,"Inhib.Thal","Unique"
"chrX-72572282-72573258",2,2,"Inhib.Thal; LHb.7","Shared"
"chrX-7259304-7259700",1,1,"LHb.4","Unique"
"chrX-73943987-73944514",4,2,"Excit.Thal; Inhib.Thal","Shared"
"chrX-74293198-74293784",4,2,"Excit.Thal; Inhib.Thal","Shared"
"chrX-74505366-74505830",2,2,"Inhib.Thal; LHb.2.7","Shared"
"chrX-9560229-9560489",1,1,"LHb.4","Unique"
"chrY-12419924-12420357",1,1,"Inhib.Thal","Unique"
"chrY-12420619-12421895",8,1,"LHb.4","Unique"
"chrY-12525426-12526051",1,1,"Inhib.Thal","Unique"
"chrY-12526446-12526922",2,1,"Inhib.Thal","Unique"
"chrY-12537057-12537810",2,1,"Inhib.Thal","Unique"
"chrY-12546732-12547093",2,1,"Inhib.Thal","Unique"
"chrY-12661440-12663465",45,3,"Excit.Thal; LHb.4; Microglia","Shared"
"chrY-12904411-12905836",15,1,"LHb.4","Unique"
"chrY-12925403-12926218",2,1,"Inhib.Thal","Unique"
"chrY-13339779-13340145",2,1,"Astrocyte","Unique"
"chrY-13479023-13480439",15,3,"Excit.Thal; Inhib.Thal; LHb.4","Shared"
"chrY-13703504-13703952",12,3,"Excit.Thal; Inhib.Thal; LHb.4","Shared"
"chrY-13704130-13704598",2,1,"Excit.Thal","Unique"
"chrY-13751308-13752418",6,2,"Excit.Thal; LHb.4","Shared"
"chrY-14522252-14522771",2,2,"Excit.Thal; LHb.4","Shared"
"chrY-14523741-14525514",8,4,"Excit.Thal; Inhib.Thal; LHb.4; Oligo","Shared"
"chrY-19075758-19076326",14,2,"LHb.4; MHb.2","Shared"
"chrY-19076675-19078131",18,2,"Excit.Thal; LHb.4","Shared"
"chrY-19551474-19551709",1,1,"Oligo","Unique"
"chrY-19566683-19567930",40,4,"Excit.Thal; Inhib.Thal; LHb.4; Oligo","Shared"
"chrY-2841362-2841926",3,1,"Inhib.Thal","Unique"
"chrY-2867662-2867886",1,1,"Inhib.Thal","Unique"
"chrY-2934780-2936269",15,5,"Excit.Thal; Inhib.Thal; LHb.1.3; LHb.4; OPC","Shared"
"chrY-3002965-3003632",1,1,"Inhib.Thal","Unique"
