"cell_id","author_celltype","Annotated_meta_cluster","consensus_annotation"
"AAACCTGAGGCCCTCAcntl","Astrocyte1","Astrocyte1","Astrocyte1"
"AAACCTGAGTTTGCGTcntl","Astrocyte1","Astrocyte1","Astrocyte1"
"AAACCTGTCGTAGGTTcntl","Astrocyte1","Astrocyte1","Astrocyte1"
"AAACGGGCAGCTCGCAcntl","Astrocyte1","Astrocyte1","Astrocyte1"
"AAACGGGTCGCTGATAcntl","Astrocyte1","Astrocyte1","Astrocyte1"
"AAAGATGAGACCGGATcntl","Astrocyte1","Astrocyte1","Astrocyte1"
"AAATGCCCACTAAGTCcntl","Astrocyte1","Astrocyte1","Astrocyte1"
"AAATGCCTCCCTAATTcntl","Astrocyte1","Astrocyte1","Astrocyte1"
"AACACGTAGGACCACAcntl","Astrocyte1","Astrocyte1","Astrocyte1"
"AACACGTCAAGTAGTAcntl","Astrocyte1","Astrocyte1","Astrocyte1"
"AACACGTCAGGTCGTCcntl","Astrocyte1","Astrocyte1","Astrocyte1"
"AACACGTGTAAGAGAGcntl","Astrocyte1","Astrocyte1","Astrocyte1"
"AACCATGAGATGGCGTcntl","Astrocyte1","Astrocyte1","Astrocyte1"
"AACCATGCACCGAATTcntl","Astrocyte1","Astrocyte1","Astrocyte1"
"AACGTTGAGCTGAAATcntl","Astrocyte1","Astrocyte1","Astrocyte1"
"AACGTTGCAAGTACCTcntl","Astrocyte1","Astrocyte1","Astrocyte1"
"AACGTTGGTGTTTGGTcntl","Astrocyte1","Astrocyte1","Astrocyte1"
"AACGTTGGTTCCGTCTcntl","Astrocyte1","Astrocyte1","Astrocyte1"
"AACTCCCAGAGTACCGcntl","Astrocyte1","Astrocyte1","Astrocyte1"
"AACTCCCCACTGTTAGcntl","Astrocyte1","Astrocyte1","Astrocyte1"
"AACTCCCGTATATGGAcntl","Astrocyte1","Astrocyte1","Astrocyte1"
"AACTCTTAGAAGATTCcntl","Astrocyte1","Astrocyte1","Astrocyte1"
"AACTCTTAGCAAATCAcntl","Astrocyte1","Astrocyte1","Astrocyte1"
"AACTCTTTCGCTTAGAcntl","Astrocyte1","Astrocyte1","Astrocyte1"
"AACTGGTGTCAAACTCcntl","Astrocyte1","Astrocyte1","Astrocyte1"
"AACTTTCAGAGCTATAcntl","Astrocyte1","Astrocyte1","Astrocyte1"
"AACTTTCAGAGTACATcntl","Astrocyte1","Astrocyte1","Astrocyte1"
"AAGACCTAGAGCTGCAcntl","Astrocyte1","Astrocyte1","Astrocyte1"
"AAGACCTGTTGCGCACcntl","Astrocyte1","Astrocyte1","Astrocyte1"
"AAGACCTTCGGTCTAAcntl","Astrocyte1","Astrocyte1","Astrocyte1"
"AAGCCGCTCACGCATAcntl","Astrocyte1","Astrocyte1","Astrocyte1"
"AAGGCAGGTTATCACGcntl","Astrocyte1","Astrocyte1","Astrocyte1"
"AAGGTTCAGAAAGTGGcntl","Astrocyte1","Astrocyte1","Astrocyte1"
"AAGGTTCCATACTACGcntl","Astrocyte1","Astrocyte1","Astrocyte1"
"AAGGTTCGTCTGGAGAcntl","Astrocyte2","Astrocyte2","Astrocyte2"
"AATCCAGGTCGGCACTcntl","Astrocyte1","Astrocyte1","Astrocyte1"
"AATCCAGGTGATGTCTcntl","Astrocyte1","Astrocyte1","Astrocyte1"
"ACACCAAGTACCGGCTcntl","Astrocyte1","Astrocyte1","Astrocyte1"
"ACACCAATCGGGAGTAcntl","Astrocyte1","Astrocyte1","Astrocyte1"
"ACACCCTCAACGCACCcntl","Astrocyte1","Astrocyte1","Astrocyte1"
"ACACCCTTCACTCTTAcntl","Astrocyte1","Astrocyte1","Astrocyte1"
"ACACCCTTCGTTACAGcntl","Astrocyte1","Astrocyte1","Astrocyte1"
"ACACCGGAGAGTGACCcntl","Astrocyte1","Astrocyte1","Astrocyte1"
"ACACCGGAGATGCCTTcntl","Astrocyte1","Astrocyte1","Astrocyte1"
"ACACCGGCACTTACGAcntl","Astrocyte1","Astrocyte1","Astrocyte1"
"ACACTGACAGATTGCTcntl","Astrocyte1","Astrocyte1","Astrocyte1"
"ACACTGAGTCCATGATcntl","Astrocyte1","Astrocyte1","Astrocyte1"
"ACAGCCGGTTCGGCACcntl","Astrocyte1","Astrocyte1","Astrocyte1"
"ACAGCCGTCCATGCTCcntl","Astrocyte1","Astrocyte1","Astrocyte1"
"ACAGCCGTCCCGGATGcntl","Astrocyte2","Astrocyte2","Astrocyte2"
"ACAGCTAAGCAGACTGcntl","Astrocyte1","Astrocyte1","Astrocyte1"
"ACAGCTACACATAACCcntl","Astrocyte1","Astrocyte1","Astrocyte1"
"ACAGCTATCATGTCTTcntl","Astrocyte1","Astrocyte1","Astrocyte1"
"ACATACGCATCAGTCAcntl","Astrocyte1","Astrocyte1","Astrocyte1"
"ACATGGTAGTGGCACAcntl","Astrocyte1","Astrocyte1","Astrocyte1"
"ACATGGTCACCTCGTTcntl","Astrocyte1","Astrocyte1","Astrocyte1"
"ACATGGTCATACAGCTcntl","Astrocyte1","Astrocyte1","Astrocyte1"
"ACATGGTGTTACCAGTcntl","Astrocyte1","Astrocyte1","Astrocyte1"
"ACCAGTAAGAGATGAGcntl","Astrocyte1","Astrocyte1","Astrocyte1"
"ACCAGTAGTACGCTGCcntl","Astrocyte1","Astrocyte1","Astrocyte1"
"ACCCACTAGACCCACCcntl","Astrocyte1","Astrocyte1","Astrocyte1"
"ACCCACTAGAGTACATcntl","Astrocyte1","Astrocyte1","Astrocyte1"
"ACCCACTTCCACGTGGcntl","Astrocyte1","Astrocyte1","Astrocyte1"
"ACCTTTAAGACACGACcntl","Astrocyte1","Astrocyte1","Astrocyte1"
"ACCTTTACACACAGAGcntl","Astrocyte1","Astrocyte1","Astrocyte1"
"ACCTTTACATATGGTCcntl","Astrocyte1","Astrocyte1","Astrocyte1"
"ACGAGCCTCTACTATCcntl","Astrocyte1","Astrocyte1","Astrocyte1"
"ACGAGCCTCTGTTTGTcntl","Astrocyte1","Astrocyte1","Astrocyte1"
"ACGAGGACAAGACACGcntl","Astrocyte1","Astrocyte1","Astrocyte1"
"ACGAGGACAATCTACGcntl","Astrocyte1","Astrocyte1","Astrocyte1"
"ACGAGGAGTTGTACACcntl","Astrocyte1","Astrocyte1","Astrocyte1"
"ACGAGGATCTAGAGTCcntl","Astrocyte1","Astrocyte1","Astrocyte1"
"ACGATACAGTACTTGCcntl","Astrocyte1","Astrocyte1","Astrocyte1"
"ACGATACAGTATCGAAcntl","Astrocyte1","Astrocyte1","Astrocyte1"
"ACGATACTCTTTAGGGcntl","Astrocyte1","Astrocyte1","Astrocyte1"
"ACGATGTAGAGTGAGAcntl","Astrocyte1","Astrocyte1","Astrocyte1"
"ACGATGTCATTAGGCTcntl","Astrocyte1","Astrocyte1","Astrocyte1"
"ACGCAGCAGATGCCTTcntl","Astrocyte1","Astrocyte1","Astrocyte1"
"ACGCAGCGTTCAGTACcntl","Astrocyte2","Astrocyte2","Astrocyte2"
"ACGCCAGCACGCATCGcntl","Astrocyte1","Astrocyte1","Astrocyte1"
"ACGCCAGTCCAAACTGcntl","Astrocyte1","Astrocyte1","Astrocyte1"
"ACGCCGACACGGACAAcntl","Astrocyte1","Astrocyte1","Astrocyte1"
"ACGGCCAAGCACAGGTcntl","Astrocyte1","Astrocyte1","Astrocyte1"
"ACGGCCACAAATCCGTcntl","Astrocyte1","Astrocyte1","Astrocyte1"
"ACGGCCACAACGATGGcntl","Astrocyte1","Astrocyte1","Astrocyte1"
"ACGGCCATCTGACCTCcntl","Astrocyte1","Astrocyte1","Astrocyte1"
"ACGGGTCAGAAGGACAcntl","Astrocyte1","Astrocyte1","Astrocyte1"
"ACGGGTCAGTGTACGGcntl","Astrocyte1","Astrocyte1","Astrocyte1"
"ACGGGTCTCACTTCATcntl","Astrocyte1","Astrocyte1","Astrocyte1"
"ACGTCAACAGATCTGTcntl","Astrocyte1","Astrocyte1","Astrocyte1"
"ACGTCAACAGTGACAGcntl","Astrocyte1","Astrocyte1","Astrocyte1"
"ACGTCAAGTCACAAGGcntl","Astrocyte1","Astrocyte1","Astrocyte1"
"ACTATCTAGATGTCGGcntl","Astrocyte1","Astrocyte1","Astrocyte1"
"ACTGAACCAGCCTTGGcntl","Astrocyte1","Astrocyte1","Astrocyte1"
"ACTGAGTAGATGTAACcntl","Astrocyte1","Astrocyte1","Astrocyte1"
"ACTGAGTAGCTTTGGTcntl","Astrocyte1","Astrocyte1","Astrocyte1"
"ACTGAGTCATGACGGAcntl","Astrocyte1","Astrocyte1","Astrocyte1"
"ACTGAGTCATGTAGTCcntl","Astrocyte1","Astrocyte1","Astrocyte1"
"ACTGAGTGTCTAGGTTcntl","Astrocyte1","Astrocyte1","Astrocyte1"
"ACTGAGTGTGAAATCAcntl","Astrocyte1","Astrocyte1","Astrocyte1"
"ACTGATGAGCTGAACGcntl","Astrocyte1","Astrocyte1","Astrocyte1"
"ACTGATGGTGGCCCTAcntl","Astrocyte1","Astrocyte1","Astrocyte1"
"ACTGATGTCCTCAACCcntl","Astrocyte1","Astrocyte1","Astrocyte1"
"ACTGATGTCTCGATGAcntl","Astrocyte1","Astrocyte1","Astrocyte1"
"ACTGATGTCTGCTTGCcntl","Astrocyte1","Astrocyte1","Astrocyte1"
"ACTGCTCCACAGAGGTcntl","Astrocyte1","Astrocyte1","Astrocyte1"
"ACTGCTCCACGACGAAcntl","Astrocyte1","Astrocyte1","Astrocyte1"
"ACTGCTCCATCGGACCcntl","Astrocyte1","Astrocyte1","Astrocyte1"
"ACTGCTCTCACCCTCAcntl","Astrocyte1","Astrocyte1","Astrocyte1"
"ACTGTCCGTCTCTTTAcntl","Astrocyte1","Astrocyte1","Astrocyte1"
"ACTTACTCAAAGGCGTcntl","Astrocyte1","Astrocyte1","Astrocyte1"
"ACTTACTCAATAGAGTcntl","Astrocyte1","Astrocyte1","Astrocyte1"
"ACTTGTTAGCGTGAACcntl","Astrocyte1","Astrocyte1","Astrocyte1"
"ACTTGTTAGTGGCACAcntl","Astrocyte1","Astrocyte1","Astrocyte1"
"ACTTGTTGTCGACTATcntl","Astrocyte1","Astrocyte1","Astrocyte1"
"ACTTGTTTCAATCTCTcntl","Astrocyte1","Astrocyte1","Astrocyte1"
"ACTTGTTTCGTCCGTTcntl","Astrocyte1","Astrocyte1","Astrocyte1"
"ACTTTCAAGACTAAGTcntl","Astrocyte1","Astrocyte1","Astrocyte1"
"ACTTTCACAGATAATGcntl","Astrocyte1","Astrocyte1","Astrocyte1"
"ACTTTCACATCGGTTAcntl","Astrocyte1","Astrocyte1","Astrocyte1"
"ACTTTCATCCATTCTAcntl","Astrocyte1","Astrocyte1","Astrocyte1"
"ACTTTCATCGCGATCGcntl","Astrocyte1","Astrocyte1","Astrocyte1"
"AGAATAGGTAGAAAGGcntl","Astrocyte1","Astrocyte1","Astrocyte1"
"AGAATAGGTAGTGAATcntl","Astrocyte1","Astrocyte1","Astrocyte1"
"AGAATAGGTCTCCACTcntl","Astrocyte1","Astrocyte1","Astrocyte1"
"AGAATAGTCACGACTAcntl","Astrocyte1","Astrocyte1","Astrocyte1"
"AGACGTTAGATGTTAGcntl","Astrocyte1","Astrocyte1","Astrocyte1"
"AGACGTTCAAATCCGTcntl","Astrocyte1","Astrocyte1","Astrocyte1"
"AGACGTTTCGATAGAAcntl","Astrocyte1","Astrocyte1","Astrocyte1"
"AGAGCGACAGCAGTTTcntl","Astrocyte1","Astrocyte1","Astrocyte1"
"AGAGCGATCCACGACGcntl","Astrocyte1","Astrocyte1","Astrocyte1"
"AGAGCTTAGTTACGGGcntl","Astrocyte1","Astrocyte1","Astrocyte1"
"AGAGTGGAGGCCATAGcntl","Astrocyte1","Astrocyte1","Astrocyte1"
"AGAGTGGGTCCCTACTcntl","Astrocyte1","Astrocyte1","Astrocyte1"
"AGAGTGGTCCTCAACCcntl","Astrocyte1","Astrocyte1","Astrocyte1"
"AGATCTGCACGCCAGTcntl","Astrocyte1","Astrocyte1","Astrocyte1"
"AGATCTGTCAACGGGAcntl","Astrocyte1","Astrocyte1","Astrocyte1"
"AGATTGCAGTGGACGTcntl","Astrocyte1","Astrocyte1","Astrocyte1"
"AGATTGCCACAGCGTCcntl","Astrocyte1","Astrocyte1","Astrocyte1"
"AGATTGCCAGGGAGAGcntl","Astrocyte1","Astrocyte1","Astrocyte1"
"AGATTGCTCATACGGTcntl","Neuron","Neuron","Neuron"
"AGCAGCCAGAGGTTGCcntl","Astrocyte1","Astrocyte1","Astrocyte1"
"AGCAGCCAGATGGGTCcntl","Astrocyte1","Astrocyte1","Astrocyte1"
"AGCAGCCAGTGCTGCCcntl","Astrocyte1","Astrocyte1","Astrocyte1"
"AGCAGCCGTCACCTAAcntl","Astrocyte1","Astrocyte1","Astrocyte1"
"AGCATACAGGATCGCAcntl","Astrocyte1","Astrocyte1","Astrocyte1"
"AGCATACAGGGAACGGcntl","Astrocyte1","Astrocyte1","Astrocyte1"
"AGCATACCATTGTGCAcntl","Astrocyte1","Astrocyte1","Astrocyte1"
"AGCCTAAGTTCCTCCAcntl","Astrocyte1","Astrocyte1","Astrocyte1"
"AGCCTAATCAGTTCGAcntl","Astrocyte1","Astrocyte1","Astrocyte1"
"AGCGGTCCACCCTATCcntl","Astrocyte1","Astrocyte1","Astrocyte1"
"AGCGGTCTCGGTTCGGcntl","Astrocyte1","Astrocyte1","Astrocyte1"
"AGCGTATAGCTAGTCTcntl","Astrocyte1","Astrocyte1","Astrocyte1"
"AGCTCCTGTGGTGTAGcntl","Astrocyte1","Astrocyte1","Astrocyte1"
"AGCTCTCAGAGGTTATcntl","Astrocyte1","Astrocyte1","Astrocyte1"
"AGCTCTCCAACGATGGcntl","Astrocyte1","Astrocyte1","Astrocyte1"
"AGCTCTCGTTAGATGAcntl","Astrocyte1","Astrocyte1","Astrocyte1"
"AGCTTGACACCGATATcntl","Astrocyte1","Astrocyte1","Astrocyte1"
"AGCTTGACAGTTTACGcntl","Astrocyte1","Astrocyte1","Astrocyte1"
"AGCTTGAGTAGCGCTCcntl","Astrocyte1","Astrocyte1","Astrocyte1"
"AGCTTGAGTGACGCCTcntl","Astrocyte1","Astrocyte1","Astrocyte1"
"AGGCCGTCACTTGGATcntl","Astrocyte1","Astrocyte1","Astrocyte1"
"AGGGAGTAGCGCTTATcntl","Astrocyte1","Astrocyte1","Astrocyte1"
"AGGGAGTCAAGTTCTGcntl","Astrocyte1","Astrocyte1","Astrocyte1"
"AGGGAGTCAGTATAAGcntl","Astrocyte1","Astrocyte1","Astrocyte1"
"AGGGAGTGTATAGGGCcntl","Astrocyte1","Astrocyte1","Astrocyte1"
"AGGGAGTGTGCAACTTcntl","Astrocyte1","Astrocyte1","Astrocyte1"
"AGGGAGTGTGCATCTAcntl","Astrocyte1","Astrocyte1","Astrocyte1"
"AGGGATGCATCCTAGAcntl","Astrocyte1","Astrocyte1","Astrocyte1"
"AGGGATGGTATGAATGcntl","Astrocyte1","Astrocyte1","Astrocyte1"
"AGGGTGACAAGTAGTAcntl","Astrocyte1","Astrocyte1","Astrocyte1"
"AGGGTGACACGCGAAAcntl","LHb1","LHb_1_1","LHb_C"
"AGGGTGACATAGAAACcntl","Astrocyte2","Astrocyte2","Astrocyte2"
"AGGTCCGAGTATGACAcntl","Astrocyte1","Astrocyte1","Astrocyte1"
"AGTCTTTCAAGAGTCGcntl","Astrocyte1","Astrocyte1","Astrocyte1"
"AGTCTTTCATCCCACTcntl","Astrocyte1","Astrocyte1","Astrocyte1"
"AGTCTTTTCCGCAAGCcntl","Astrocyte1","Astrocyte1","Astrocyte1"
"AGTGAGGGTAAGGGCTcntl","Astrocyte1","Astrocyte1","Astrocyte1"
"AGTGAGGGTTATCGGTcntl","Astrocyte1","Astrocyte1","Astrocyte1"
"AGTGAGGTCTCGCTTGcntl","Astrocyte1","Astrocyte1","Astrocyte1"
"AGTGGGAAGTGCTGCCcntl","Astrocyte1","Astrocyte1","Astrocyte1"
"AGTGGGACATCACAACcntl","Astrocyte1","Astrocyte1","Astrocyte1"
"AGTGGGAGTGTGACCCcntl","Astrocyte1","Astrocyte1","Astrocyte1"
"AGTGTCAAGGGCTCTCcntl","Astrocyte1","Astrocyte1","Astrocyte1"
"AGTGTCACAGGTTTCAcntl","Astrocyte1","Astrocyte1","Astrocyte1"
"AGTTGGTAGTGGTAATcntl","Astrocyte2","Astrocyte2","Astrocyte2"
"AGTTGGTCACCAACCGcntl","Astrocyte1","Astrocyte1","Astrocyte1"
"AGTTGGTTCCGTAGGCcntl","Astrocyte1","Astrocyte1","Astrocyte1"
"ATAACGCAGCTAGTTCcntl","Astrocyte1","Astrocyte1","Astrocyte1"
"ATAACGCCACGAAGCAcntl","Astrocyte1","Astrocyte1","Astrocyte1"
"ATAAGAGGTACTCGCGcntl","Astrocyte1","Astrocyte1","Astrocyte1"
"ATAAGAGTCAGTACGTcntl","Astrocyte1","Astrocyte1","Astrocyte1"
"ATAGACCGTCTAGGTTcntl","Astrocyte1","Astrocyte1","Astrocyte1"
"ATAGACCGTTCGGCACcntl","Astrocyte1","Astrocyte1","Astrocyte1"
"ATAGACCTCACTATTCcntl","Astrocyte1","Astrocyte1","Astrocyte1"
"ATAGACCTCACTTCATcntl","Astrocyte1","Astrocyte1","Astrocyte1"
"ATAGACCTCAGAAATGcntl","Astrocyte1","Astrocyte1","Astrocyte1"
"ATAGACCTCCGCATAAcntl","Astrocyte1","Astrocyte1","Astrocyte1"
"ATAGACCTCGAACTGTcntl","Astrocyte1","Astrocyte1","Astrocyte1"
"ATAGACCTCGATGAGGcntl","Astrocyte1","Astrocyte1","Astrocyte1"
"ATCACGAAGACTCGGAcntl","Astrocyte1","Astrocyte1","Astrocyte1"
"ATCACGACAAACGCGAcntl","Astrocyte1","Astrocyte1","Astrocyte1"
"ATCATCTAGCTGGAACcntl","Astrocyte1","Astrocyte1","Astrocyte1"
"ATCATGGGTGATGTCTcntl","Astrocyte1","Astrocyte1","Astrocyte1"
"ATCCACCAGAGTACCGcntl","Astrocyte1","Astrocyte1","Astrocyte1"
"ATCGAGTAGTACGCGAcntl","Astrocyte1","Astrocyte1","Astrocyte1"
"ATCGAGTCAGCTCCGAcntl","Astrocyte1","Astrocyte1","Astrocyte1"
"ATCTACTGTGTGTGCCcntl","Astrocyte1","Astrocyte1","Astrocyte1"
"ATCTGCCTCGGAGGTAcntl","Astrocyte1","Astrocyte1","Astrocyte1"
"ATCTGCCTCTGCCCTAcntl","Astrocyte1","Astrocyte1","Astrocyte1"
"ATGAGGGAGTGCGATGcntl","Astrocyte1","Astrocyte1","Astrocyte1"
"ATGCGATCATGAAGTAcntl","Astrocyte1","Astrocyte1","Astrocyte1"
"ATGCGATGTCTCATCCcntl","Astrocyte1","Astrocyte1","Astrocyte1"
"ATGCGATTCGTAGGAGcntl","Astrocyte1","Astrocyte1","Astrocyte1"
"ATGCGATTCTTCAACTcntl","Astrocyte1","Astrocyte1","Astrocyte1"
"ATGGGAGAGTAGTGCGcntl","Astrocyte1","Astrocyte1","Astrocyte1"
"ATGGGAGCACTTACGAcntl","Astrocyte1","Astrocyte1","Astrocyte1"
"ATGTGTGGTCATTAGCcntl","Astrocyte1","Astrocyte1","Astrocyte1"
"ATTACTCGTTACTGACcntl","Astrocyte1","Astrocyte1","Astrocyte1"
"ATTACTCTCGAGGTAGcntl","Astrocyte1","Astrocyte1","Astrocyte1"
"ATTATCCAGGCCATAGcntl","Astrocyte1","Astrocyte1","Astrocyte1"
"ATTATCCCACCACCAGcntl","Astrocyte1","Astrocyte1","Astrocyte1"
"ATTATCCCATACCATGcntl","Astrocyte2","Astrocyte2","Astrocyte2"
"ATTATCCCATACTACGcntl","Astrocyte1","Astrocyte1","Astrocyte1"
"ATTATCCTCATCTGCCcntl","Astrocyte1","Astrocyte1","Astrocyte1"
"ATTCTACCATCGATGTcntl","Astrocyte1","Astrocyte1","Astrocyte1"
"ATTCTACGTCTGCCAGcntl","Astrocyte1","Astrocyte1","Astrocyte1"
"ATTGGACCACCAGGTCcntl","Astrocyte1","Astrocyte1","Astrocyte1"
"ATTTCTGAGGAGCGTTcntl","Astrocyte1","Astrocyte1","Astrocyte1"
"ATTTCTGAGTTGAGATcntl","Astrocyte1","Astrocyte1","Astrocyte1"
"CAACCAATCCAGATCAcntl","Astrocyte1","Astrocyte1","Astrocyte1"
"CAACCTCCAACACGCCcntl","Astrocyte1","Astrocyte1","Astrocyte1"
"CAACCTCCATTGCGGCcntl","Astrocyte1","Astrocyte1","Astrocyte1"
"CAACTAGAGAGTGACCcntl","Astrocyte1","Astrocyte1","Astrocyte1"
"CAACTAGGTAGAGTGCcntl","Astrocyte1","Astrocyte1","Astrocyte1"
"CAACTAGTCACCTCGTcntl","Astrocyte1","Astrocyte1","Astrocyte1"
"CAAGGCCAGGCTAGCAcntl","Astrocyte1","Astrocyte1","Astrocyte1"
"CAAGTTGGTACGCTGCcntl","Astrocyte1","Astrocyte1","Astrocyte1"
"CAAGTTGGTATAATGGcntl","Astrocyte1","Astrocyte1","Astrocyte1"
"CAAGTTGTCACGGTTAcntl","Astrocyte1","Astrocyte1","Astrocyte1"
"CACAAACCAGCTTAACcntl","Astrocyte1","Astrocyte1","Astrocyte1"
"CACACAAGTTGGTGGAcntl","Astrocyte1","Astrocyte1","Astrocyte1"
"CACACCTGTGTGTGCCcntl","Astrocyte1","Astrocyte1","Astrocyte1"
"CACACCTTCTAACCGAcntl","Astrocyte1","Astrocyte1","Astrocyte1"
"CACAGGCCACACCGACcntl","Astrocyte1","Astrocyte1","Astrocyte1"
"CACAGTAAGAATGTGTcntl","Astrocyte1","Astrocyte1","Astrocyte1"
"CACAGTAAGCAGGCTAcntl","Astrocyte2","Astrocyte2","Astrocyte2"
"CACAGTAAGTGGTCCCcntl","Astrocyte1","Astrocyte1","Astrocyte1"
"CACAGTAAGTTCCACAcntl","Astrocyte1","Astrocyte1","Astrocyte1"
"CACAGTACACCTCGTTcntl","Astrocyte1","Astrocyte1","Astrocyte1"
"CACAGTATCTACCAGAcntl","Astrocyte1","Astrocyte1","Astrocyte1"
"CACAGTATCTGATTCTcntl","Astrocyte1","Astrocyte1","Astrocyte1"
"CACATAGAGGAATCGCcntl","Astrocyte1","Astrocyte1","Astrocyte1"
"CACATAGAGGCGTACAcntl","Astrocyte1","Astrocyte1","Astrocyte1"
"CACATAGAGGTGCACAcntl","Astrocyte1","Astrocyte1","Astrocyte1"
"CACATAGCACGTAAGGcntl","Astrocyte1","Astrocyte1","Astrocyte1"
"CACATAGCAGACACTTcntl","Astrocyte1","Astrocyte1","Astrocyte1"
"CACATAGGTTGGAGGTcntl","Astrocyte1","Astrocyte1","Astrocyte1"
"CACATTTTCCTCGCATcntl","Astrocyte1","Astrocyte1","Astrocyte1"
"CACCACTAGTCGATAAcntl","Astrocyte1","Astrocyte1","Astrocyte1"
"CACCACTTCATGTCCCcntl","Astrocyte1","Astrocyte1","Astrocyte1"
"CACCACTTCGAGCCCAcntl","Astrocyte1","Astrocyte1","Astrocyte1"
"CACCAGGGTAGCAAATcntl","Astrocyte1","Astrocyte1","Astrocyte1"
"CACCAGGGTGTGTGCCcntl","Astrocyte1","Astrocyte1","Astrocyte1"
"CACCTTGCAGCCTATAcntl","Astrocyte1","Astrocyte1","Astrocyte1"
"CACCTTGGTCGTGGCTcntl","Astrocyte1","Astrocyte1","Astrocyte1"
"CACCTTGTCCGTTGTCcntl","Astrocyte1","Astrocyte1","Astrocyte1"
"CACTCCACACTTGGATcntl","Astrocyte1","Astrocyte1","Astrocyte1"
"CACTCCAGTATAGTAGcntl","Astrocyte1","Astrocyte1","Astrocyte1"
"CAGAATCAGGGTATCGcntl","Astrocyte1","Astrocyte1","Astrocyte1"
"CAGAATCCACCGAATTcntl","Astrocyte1","Astrocyte1","Astrocyte1"
"CAGAGAGGTTTGACTGcntl","Astrocyte1","Astrocyte1","Astrocyte1"
"CAGAGAGTCTATCCTAcntl","Astrocyte1","Astrocyte1","Astrocyte1"
"CAGATCACATGCAATCcntl","Astrocyte1","Astrocyte1","Astrocyte1"
"CAGCAGCAGGCCCGTTcntl","Astrocyte1","Astrocyte1","Astrocyte1"
"CAGCAGCCAGGCAGTAcntl","Astrocyte1","Astrocyte1","Astrocyte1"
"CAGCATACAAACCTACcntl","Astrocyte1","Astrocyte1","Astrocyte1"
"CAGCATATCCTTCAATcntl","Astrocyte1","Astrocyte1","Astrocyte1"
"CAGCCGAGTTTGCATGcntl","Astrocyte1","Astrocyte1","Astrocyte1"
"CAGCCGATCCGCATCTcntl","Astrocyte1","Astrocyte1","Astrocyte1"
"CAGCCGATCGCAGGCTcntl","Astrocyte1","Astrocyte1","Astrocyte1"
"CAGCGACAGTCAAGGCcntl","Astrocyte1","Astrocyte1","Astrocyte1"
"CAGCGACTCGGCCGATcntl","Astrocyte1","Astrocyte1","Astrocyte1"
"CAGCGACTCTGCAAGTcntl","Astrocyte1","Astrocyte1","Astrocyte1"
"CAGCTAACAAATCCGTcntl","Astrocyte1","Astrocyte1","Astrocyte1"
"CAGCTAATCTACCTGCcntl","Astrocyte1","Astrocyte1","Astrocyte1"
"CAGCTGGAGAATGTTGcntl","Astrocyte1","Astrocyte1","Astrocyte1"
"CAGCTGGAGCTCCTTCcntl","Astrocyte1","Astrocyte1","Astrocyte1"
"CAGGTGCAGAGACTTAcntl","Astrocyte1","Astrocyte1","Astrocyte1"
"CAGGTGCTCTCTAAGGcntl","Astrocyte1","Astrocyte1","Astrocyte1"
"CAGTAACAGCTGAACGcntl","Astrocyte1","Astrocyte1","Astrocyte1"
"CAGTAACAGGCTAGACcntl","Astrocyte1","Astrocyte1","Astrocyte1"
"CAGTAACCAGTGACAGcntl","Astrocyte1","Astrocyte1","Astrocyte1"
"CAGTAACCATACAGCTcntl","Astrocyte1","Astrocyte1","Astrocyte1"
"CAGTAACGTGAGGCTAcntl","Astrocyte1","Astrocyte1","Astrocyte1"
"CAGTAACTCACAACGTcntl","Astrocyte1","Astrocyte1","Astrocyte1"
"CAGTAACTCATCGCTCcntl","Astrocyte1","Astrocyte1","Astrocyte1"
"CAGTCCTCATACGCCGcntl","Astrocyte1","Astrocyte1","Astrocyte1"
"CATATGGAGGTGTTAAcntl","LHb3","LHb_1_3","LHb_C"
"CATATGGGTGCCTGCAcntl","Astrocyte1","Astrocyte1","Astrocyte1"
"CATATGGTCCGCTGTTcntl","Astrocyte1","Astrocyte1","Astrocyte1"
"CATATGGTCGTCACGGcntl","Astrocyte1","Astrocyte1","Astrocyte1"
"CATATTCAGGCGTACAcntl","Astrocyte1","Astrocyte1","Astrocyte1"
"CATATTCCATCGGAAGcntl","Astrocyte1","Astrocyte1","Astrocyte1"
"CATATTCTCATAACCGcntl","Astrocyte1","Astrocyte1","Astrocyte1"
"CATCAAGTCAGATAAGcntl","Astrocyte1","Astrocyte1","Astrocyte1"
"CATCAGAAGTTGTAGAcntl","Astrocyte1","Astrocyte1","Astrocyte1"
"CATCAGAGTCGCATCGcntl","Astrocyte1","Astrocyte1","Astrocyte1"
"CATCAGAGTTATCCGAcntl","Astrocyte1","Astrocyte1","Astrocyte1"
"CATCCACCAATGGAGCcntl","Astrocyte1","Astrocyte1","Astrocyte1"
"CATCCACCATTCACTTcntl","Astrocyte1","Astrocyte1","Astrocyte1"
"CATCCACGTGACCAAGcntl","Astrocyte1","Astrocyte1","Astrocyte1"
"CATCGAAAGTACATGAcntl","Astrocyte1","Astrocyte1","Astrocyte1"
"CATGACACATGCTGGCcntl","Astrocyte1","Astrocyte1","Astrocyte1"
"CATGACAGTAAACACAcntl","Astrocyte1","Astrocyte1","Astrocyte1"
"CATGACATCACGGTTAcntl","Astrocyte1","Astrocyte1","Astrocyte1"
"CATGACATCAGAGCTTcntl","Astrocyte1","Astrocyte1","Astrocyte1"
"CATGACATCAGATAAGcntl","Astrocyte1","Astrocyte1","Astrocyte1"
"CATGCCTAGCCCAGCTcntl","Astrocyte1","Astrocyte1","Astrocyte1"
"CATGCCTAGTCGTTTGcntl","Astrocyte1","Astrocyte1","Astrocyte1"
"CATGCCTAGTGGGCTAcntl","Astrocyte1","Astrocyte1","Astrocyte1"
"CATGCCTGTAATCGTCcntl","Astrocyte1","Astrocyte1","Astrocyte1"
"CATGGCGCAATGGTCTcntl","Astrocyte1","Astrocyte1","Astrocyte1"
"CCAATCCAGACTGTAAcntl","Astrocyte1","Astrocyte1","Astrocyte1"
"CCAATCCCAAGCCATTcntl","Astrocyte1","Astrocyte1","Astrocyte1"
"CCAATCCTCCTAGTGAcntl","Astrocyte1","Astrocyte1","Astrocyte1"
"CCACCTATCAATCTCTcntl","Astrocyte1","Astrocyte1","Astrocyte1"
"CCACGGAAGGACACCAcntl","Astrocyte1","Astrocyte1","Astrocyte1"
"CCACGGACATCACGATcntl","Astrocyte1","Astrocyte1","Astrocyte1"
"CCACTACAGTCACGCCcntl","Astrocyte1","Astrocyte1","Astrocyte1"
"CCACTACCAGTATGCTcntl","Astrocyte1","Astrocyte1","Astrocyte1"
"CCACTACCATTAGGCTcntl","Astrocyte1","Astrocyte1","Astrocyte1"
"CCACTACTCTATCCTAcntl","Astrocyte1","Astrocyte1","Astrocyte1"
"CCAGCGAAGGGCTTGAcntl","Astrocyte1","Astrocyte1","Astrocyte1"
"CCATGTCAGCGGATCAcntl","Astrocyte1","Astrocyte1","Astrocyte1"
"CCATGTCGTCAGAATAcntl","Astrocyte1","Astrocyte1","Astrocyte1"
"CCATTCGAGTGCTGCCcntl","Astrocyte1","Astrocyte1","Astrocyte1"
"CCATTCGGTGGTAACGcntl","Astrocyte1","Astrocyte1","Astrocyte1"
"CCATTCGTCAACGGGAcntl","Astrocyte1","Astrocyte1","Astrocyte1"
"CCATTCGTCGCTGATAcntl","Astrocyte1","Astrocyte1","Astrocyte1"
"CCCAATCAGCGATCCCcntl","Astrocyte1","Astrocyte1","Astrocyte1"
"CCCAATCCAAAGTCAAcntl","Astrocyte1","Astrocyte1","Astrocyte1"
"CCCAATCCATCTACGAcntl","Astrocyte1","Astrocyte1","Astrocyte1"
"CCCAGTTCATCGGAAGcntl","Astrocyte1","Astrocyte1","Astrocyte1"
"CCCAGTTTCCGCAAGCcntl","Astrocyte1","Astrocyte1","Astrocyte1"
"CCCTCCTAGCTAAACAcntl","Astrocyte1","Astrocyte1","Astrocyte1"
"CCGGGATAGGTAGCCAcntl","Astrocyte1","Astrocyte1","Astrocyte1"
"CCGGGATCATTCACTTcntl","Astrocyte1","Astrocyte1","Astrocyte1"
"CCGGGATTCCTTGCCAcntl","Astrocyte1","Astrocyte1","Astrocyte1"
"CCGGTAGAGGAATTACcntl","Astrocyte1","Astrocyte1","Astrocyte1"
"CCTAAAGAGTGGAGTCcntl","Astrocyte1","Astrocyte1","Astrocyte1"
"CCTAAAGGTACCAGTTcntl","Astrocyte1","Astrocyte1","Astrocyte1"
"CCTAAAGGTGTTGAGGcntl","Astrocyte1","Astrocyte1","Astrocyte1"
"CCTAAAGTCCTGCTTGcntl","Astrocyte1","Astrocyte1","Astrocyte1"
"CCTAAAGTCTATCCTAcntl","Astrocyte1","Astrocyte1","Astrocyte1"
"CCTAAAGTCTGAAAGAcntl","Astrocyte1","Astrocyte1","Astrocyte1"
"CCTAGCTAGACTTGAAcntl","Astrocyte1","Astrocyte1","Astrocyte1"
"CCTAGCTCAACGATGGcntl","Astrocyte1","Astrocyte1","Astrocyte1"
"CCTATTACACTTGGATcntl","Astrocyte1","Astrocyte1","Astrocyte1"
"CCTATTAGTGATGTGGcntl","Astrocyte1","Astrocyte1","Astrocyte1"
"CCTCAGTGTACTCTCCcntl","Astrocyte1","Astrocyte1","Astrocyte1"
"CCTCAGTTCCGTAGGCcntl","Astrocyte1","Astrocyte1","Astrocyte1"
"CCTTACGCACGACTCGcntl","Astrocyte1","Astrocyte1","Astrocyte1"
"CCTTACGTCACAGGCCcntl","Astrocyte1","Astrocyte1","Astrocyte1"
"CCTTACGTCTATGTGGcntl","Astrocyte1","Astrocyte1","Astrocyte1"
"CCTTCCCAGCTAACTCcntl","Astrocyte1","Astrocyte1","Astrocyte1"
"CCTTCCCCACAGGTTTcntl","Astrocyte1","Astrocyte1","Astrocyte1"
"CCTTCCCGTGCAACTTcntl","Astrocyte1","Astrocyte1","Astrocyte1"
"CCTTCGAAGGTACTCTcntl","Astrocyte1","Astrocyte1","Astrocyte1"
"CGAACATGTTACGACTcntl","Astrocyte1","Astrocyte1","Astrocyte1"
"CGAATGTCATGACGGAcntl","Astrocyte1","Astrocyte1","Astrocyte1"
"CGAATGTGTTAAGATGcntl","Astrocyte1","Astrocyte1","Astrocyte1"
"CGAATGTTCGGATGTTcntl","Astrocyte1","Astrocyte1","Astrocyte1"
"CGACCTTTCTACTTACcntl","Astrocyte1","Astrocyte1","Astrocyte1"
"CGACTTCAGAGACGAAcntl","Astrocyte1","Astrocyte1","Astrocyte1"
"CGACTTCTCTTGACGAcntl","Astrocyte1","Astrocyte1","Astrocyte1"
"CGAGAAGGTCCAACTAcntl","Astrocyte1","Astrocyte1","Astrocyte1"
"CGAGCACGTCACACGCcntl","Astrocyte1","Astrocyte1","Astrocyte1"
"CGAGCACGTTAGGGTGcntl","Astrocyte1","Astrocyte1","Astrocyte1"
"CGAGCACTCCGTAGTAcntl","Astrocyte1","Astrocyte1","Astrocyte1"
"CGAGCCACAGGGAGAGcntl","Astrocyte1","Astrocyte1","Astrocyte1"
"CGAGCCACATCCAACAcntl","Astrocyte1","Astrocyte1","Astrocyte1"
"CGATCGGAGCCAGTTTcntl","Astrocyte1","Astrocyte1","Astrocyte1"
"CGATGGCCAGACAGGTcntl","Astrocyte1","Astrocyte1","Astrocyte1"
"CGATGGCCATGCCTAAcntl","Astrocyte1","Astrocyte1","Astrocyte1"
"CGATGTACAAGTTGTCcntl","Astrocyte1","Astrocyte1","Astrocyte1"
"CGATGTATCATAGCACcntl","LHb3","LHb_1_3","LHb_C"
"CGATGTATCGTTACAGcntl","Astrocyte1","Astrocyte1","Astrocyte1"
"CGATTGAAGAAAGTGGcntl","Astrocyte1","Astrocyte1","Astrocyte1"
"CGATTGAGTTCAGACTcntl","Astrocyte1","Astrocyte1","Astrocyte1"
"CGCGTTTCATAAAGGTcntl","Astrocyte1","Astrocyte1","Astrocyte1"
"CGCTATCCACTTAACGcntl","Astrocyte1","Astrocyte1","Astrocyte1"
"CGCTGGAGTGGCTCCAcntl","Astrocyte1","Astrocyte1","Astrocyte1"
"CGCTTCAGTAATTGGAcntl","Astrocyte1","Astrocyte1","Astrocyte1"
"CGGACACGTTCACGGCcntl","Astrocyte1","Astrocyte1","Astrocyte1"
"CGGACACTCCTGTACCcntl","Astrocyte1","Astrocyte1","Astrocyte1"
"CGGACGTTCCAAAGTCcntl","Astrocyte1","Astrocyte1","Astrocyte1"
"CGGACGTTCGAGGTAGcntl","Astrocyte1","Astrocyte1","Astrocyte1"
"CGGACGTTCGTCCAGGcntl","Astrocyte1","Astrocyte1","Astrocyte1"
"CGGACTGAGGCTCTTAcntl","Astrocyte1","Astrocyte1","Astrocyte1"
"CGGACTGCATCGATGTcntl","Astrocyte1","Astrocyte1","Astrocyte1"
"CGGACTGCATTCGACAcntl","Astrocyte1","Astrocyte1","Astrocyte1"
"CGGAGCTAGGGCATGTcntl","Astrocyte1","Astrocyte1","Astrocyte1"
"CGGAGCTCAATCAGAAcntl","Astrocyte1","Astrocyte1","Astrocyte1"
"CGGAGCTCATATGGTCcntl","Astrocyte1","Astrocyte1","Astrocyte1"
"CGGGTCAAGTCACGCCcntl","Astrocyte1","Astrocyte1","Astrocyte1"
"CGGGTCATCAGTTCGAcntl","Astrocyte1","Astrocyte1","Astrocyte1"
"CGGGTCATCTTAACCTcntl","Astrocyte1","Astrocyte1","Astrocyte1"
"CGGTTAACATCCTAGAcntl","Astrocyte1","Astrocyte1","Astrocyte1"
"CGGTTAAGTTTGCATGcntl","Astrocyte1","Astrocyte1","Astrocyte1"
"CGTAGCGAGTGCTGCCcntl","Astrocyte1","Astrocyte1","Astrocyte1"
"CGTAGCGCAAAGGCGTcntl","Astrocyte1","Astrocyte1","Astrocyte1"
"CGTAGCGCAATGAATGcntl","Astrocyte1","Astrocyte1","Astrocyte1"
"CGTAGGCAGAGCTTCTcntl","Astrocyte1","Astrocyte1","Astrocyte1"
"CGTAGGCGTCCAGTATcntl","Astrocyte1","Astrocyte1","Astrocyte1"
"CGTCACTAGAGCAATTcntl","Astrocyte1","Astrocyte1","Astrocyte1"
"CGTCACTTCACAATGCcntl","Astrocyte1","Astrocyte1","Astrocyte1"
"CGTCAGGAGTACACCTcntl","Astrocyte1","Astrocyte1","Astrocyte1"
"CGTCAGGCAGCTGCTGcntl","Astrocyte1","Astrocyte1","Astrocyte1"
"CGTCAGGTCAGAGCTTcntl","Astrocyte1","Astrocyte1","Astrocyte1"
"CGTCCATAGGCCCTCAcntl","Astrocyte1","Astrocyte1","Astrocyte1"
"CGTCCATCACGGTAGAcntl","Astrocyte1","Astrocyte1","Astrocyte1"
"CGTCCATCATAAGACAcntl","Astrocyte1","Astrocyte1","Astrocyte1"
"CGTCTACCAATGGAATcntl","Astrocyte1","Astrocyte1","Astrocyte1"
"CGTCTACCATATGCTGcntl","Astrocyte1","Astrocyte1","Astrocyte1"
"CGTCTACGTATGGTTCcntl","Astrocyte1","Astrocyte1","Astrocyte1"
"CGTGAGCAGGGTGTGTcntl","Astrocyte1","Astrocyte1","Astrocyte1"
"CGTGAGCCACAGCGTCcntl","Astrocyte1","Astrocyte1","Astrocyte1"
"CGTGAGCTCGGTGTTAcntl","Astrocyte1","Astrocyte1","Astrocyte1"
"CGTGTAAAGGACAGCTcntl","Astrocyte1","Astrocyte1","Astrocyte1"
"CGTGTAAGTTCTCATTcntl","Astrocyte1","Astrocyte1","Astrocyte1"
"CGTGTCTGTTTGTTTCcntl","Astrocyte1","Astrocyte1","Astrocyte1"
"CGTTAGAAGCCGCCTAcntl","Astrocyte1","Astrocyte1","Astrocyte1"
"CGTTAGACAGGATCGAcntl","Astrocyte1","Astrocyte1","Astrocyte1"
"CGTTAGATCGGTGTCGcntl","Astrocyte1","Astrocyte1","Astrocyte1"
"CGTTCTGGTATAAACGcntl","Astrocyte1","Astrocyte1","Astrocyte1"
"CGTTGGGAGGCTATCTcntl","Astrocyte1","Astrocyte1","Astrocyte1"
"CGTTGGGCATGCTGGCcntl","Astrocyte1","Astrocyte1","Astrocyte1"
"CTAACTTTCGTTTGCCcntl","Astrocyte1","Astrocyte1","Astrocyte1"
"CTAAGACAGAAACGCCcntl","Astrocyte1","Astrocyte1","Astrocyte1"
"CTAATGGAGCGTTCCGcntl","Astrocyte1","Astrocyte1","Astrocyte1"
"CTAATGGCAGCAGTTTcntl","Astrocyte1","Astrocyte1","Astrocyte1"
"CTAATGGCAGGGCATAcntl","Astrocyte1","Astrocyte1","Astrocyte1"
"CTAATGGGTAATCACCcntl","Astrocyte1","Astrocyte1","Astrocyte1"
"CTAATGGTCCGATATGcntl","Astrocyte1","Astrocyte1","Astrocyte1"
"CTACACCGTCATCCCTcntl","Astrocyte1","Astrocyte1","Astrocyte1"
"CTACATTCAGCCTGTGcntl","Astrocyte1","Astrocyte1","Astrocyte1"
"CTACATTTCGTCCAGGcntl","Astrocyte1","Astrocyte1","Astrocyte1"
"CTACCCACAAGTCTGTcntl","Astrocyte1","Astrocyte1","Astrocyte1"
"CTACGTCGTATCTGCAcntl","Astrocyte1","Astrocyte1","Astrocyte1"
"CTACGTCTCAAACAAGcntl","Astrocyte1","Astrocyte1","Astrocyte1"
"CTAGAGTTCCTATTCAcntl","Astrocyte1","Astrocyte1","Astrocyte1"
"CTAGTGAGTTTCCACCcntl","LHb1","LHb_1_1","LHb_C"
"CTCACACCAAGCCATTcntl","Astrocyte1","Astrocyte1","Astrocyte1"
"CTCAGAACACCCATTCcntl","Astrocyte1","Astrocyte1","Astrocyte1"
"CTCAGAAGTGATGTGGcntl","Astrocyte1","Astrocyte1","Astrocyte1"
"CTCATTAGTCAGAGGTcntl","Astrocyte1","Astrocyte1","Astrocyte1"
"CTCATTATCACTATTCcntl","Astrocyte1","Astrocyte1","Astrocyte1"
"CTCCTAGAGGGTGTTGcntl","Astrocyte1","Astrocyte1","Astrocyte1"
"CTCCTAGGTTGATTGCcntl","Astrocyte1","Astrocyte1","Astrocyte1"
"CTCGAAATCCAGGGCTcntl","Astrocyte1","Astrocyte1","Astrocyte1"
"CTCGGAGCAAGCGATGcntl","Astrocyte1","Astrocyte1","Astrocyte1"
"CTCGGAGCAGCTTAACcntl","Astrocyte1","Astrocyte1","Astrocyte1"
"CTCGGAGGTCCATGATcntl","Astrocyte1","Astrocyte1","Astrocyte1"
"CTCGGAGTCCGAACGCcntl","Astrocyte1","Astrocyte1","Astrocyte1"
"CTCGGGACATCTATGGcntl","Astrocyte1","Astrocyte1","Astrocyte1"
"CTCGGGAGTAAACCTCcntl","Astrocyte1","Astrocyte1","Astrocyte1"
"CTCGTACCAAAGGTGCcntl","Astrocyte1","Astrocyte1","Astrocyte1"
"CTCGTACCATCTCGCTcntl","Astrocyte1","Astrocyte1","Astrocyte1"
"CTCGTACGTACGCACCcntl","Astrocyte1","Astrocyte1","Astrocyte1"
"CTCTAATAGTAGGCCAcntl","Astrocyte1","Astrocyte1","Astrocyte1"
"CTCTAATGTGCACTTAcntl","Astrocyte1","Astrocyte1","Astrocyte1"
"CTCTAATTCGAACTGTcntl","Astrocyte1","Astrocyte1","Astrocyte1"
"CTCTACGAGCCACGCTcntl","Astrocyte1","Astrocyte1","Astrocyte1"
"CTCTACGAGGAACTGCcntl","Astrocyte1","Astrocyte1","Astrocyte1"
"CTCTACGTCATTTGGGcntl","Astrocyte1","Astrocyte1","Astrocyte1"
"CTCTGGTCATGGTCATcntl","Astrocyte1","Astrocyte1","Astrocyte1"
"CTGAAACAGCCACGTCcntl","Astrocyte1","Astrocyte1","Astrocyte1"
"CTGAAACAGCGCCTTGcntl","Astrocyte1","Astrocyte1","Astrocyte1"
"CTGAAACAGTCGCCGTcntl","Astrocyte1","Astrocyte1","Astrocyte1"
"CTGAAACGTGCGGTAAcntl","Astrocyte1","Astrocyte1","Astrocyte1"
"CTGAAACGTTAAGAACcntl","Astrocyte1","Astrocyte1","Astrocyte1"
"CTGAAGTCAGAAGCACcntl","Astrocyte1","Astrocyte1","Astrocyte1"
"CTGAAGTGTTCACGGCcntl","Astrocyte1","Astrocyte1","Astrocyte1"
"CTGAAGTGTTGTACACcntl","Astrocyte1","Astrocyte1","Astrocyte1"
"CTGAAGTTCTTAGCCCcntl","Astrocyte1","Astrocyte1","Astrocyte1"
"CTGATAGCATAGAAACcntl","Astrocyte1","Astrocyte1","Astrocyte1"
"CTGATCCAGAAGCCCAcntl","Astrocyte1","Astrocyte1","Astrocyte1"
"CTGATCCCACAACGCCcntl","Astrocyte1","Astrocyte1","Astrocyte1"
"CTGATCCCACAACGTTcntl","Astrocyte1","Astrocyte1","Astrocyte1"
"CTGATCCCACCGGAAAcntl","Astrocyte1","Astrocyte1","Astrocyte1"
"CTGATCCTCGCGTAGCcntl","Astrocyte1","Astrocyte1","Astrocyte1"
"CTGCCTAAGGCTATCTcntl","Astrocyte1","Astrocyte1","Astrocyte1"
"CTGCCTACAAGTTGTCcntl","Astrocyte1","Astrocyte1","Astrocyte1"
"CTGCGGACAATCACACcntl","Astrocyte1","Astrocyte1","Astrocyte1"
"CTGCGGATCACAGTACcntl","Astrocyte1","Astrocyte1","Astrocyte1"
"CTGCTGTCAGGTCCACcntl","Astrocyte1","Astrocyte1","Astrocyte1"
"CTGCTGTGTAAACCTCcntl","Astrocyte1","Astrocyte1","Astrocyte1"
"CTGGTCTAGGCTATCTcntl","Astrocyte1","Astrocyte1","Astrocyte1"
"CTGTGCTAGTTTCCTTcntl","Astrocyte1","Astrocyte1","Astrocyte1"
"CTGTTTACAACTGCTAcntl","Astrocyte1","Astrocyte1","Astrocyte1"
"CTGTTTATCGTTACGAcntl","Astrocyte1","Astrocyte1","Astrocyte1"
"CTTAACTCAGGTCTCGcntl","Astrocyte1","Astrocyte1","Astrocyte1"
"CTTAACTCATAGAAACcntl","Astrocyte1","Astrocyte1","Astrocyte1"
"CTTAACTGTGCCTGTGcntl","Astrocyte1","Astrocyte1","Astrocyte1"
"CTTACCGCAAACCTACcntl","Astrocyte1","Astrocyte1","Astrocyte1"
"CTTACCGTCACTTATCcntl","Astrocyte1","Astrocyte1","Astrocyte1"
"CTTACCGTCATCGGATcntl","Astrocyte1","Astrocyte1","Astrocyte1"
"CTTAGGAAGGTGATATcntl","Astrocyte1","Astrocyte1","Astrocyte1"
"CTTAGGATCTTACCTAcntl","Astrocyte1","Astrocyte1","Astrocyte1"
"CTTCTCTAGTGGGCTAcntl","Astrocyte1","Astrocyte1","Astrocyte1"
"CTTCTCTCACCAGGCTcntl","Astrocyte1","Astrocyte1","Astrocyte1"
"CTTCTCTGTCCTGCTTcntl","Astrocyte1","Astrocyte1","Astrocyte1"
"CTTCTCTTCTTGCATTcntl","Astrocyte1","Astrocyte1","Astrocyte1"
"CTTGGCTCATCCGGGTcntl","Astrocyte1","Astrocyte1","Astrocyte1"
"CTTGGCTGTATGGTTCcntl","Astrocyte1","Astrocyte1","Astrocyte1"
"CTTGGCTGTCCTCTTGcntl","Astrocyte1","Astrocyte1","Astrocyte1"
"CTTTGCGAGAAACCGCcntl","Astrocyte1","Astrocyte1","Astrocyte1"
"CTTTGCGAGAGCAATTcntl","Astrocyte1","Astrocyte1","Astrocyte1"
"CTTTGCGCATGGTCTAcntl","Astrocyte1","Astrocyte1","Astrocyte1"
"CTTTGCGGTACGCACCcntl","Astrocyte1","Astrocyte1","Astrocyte1"
"GAAACTCAGCACAGGTcntl","Astrocyte1","Astrocyte1","Astrocyte1"
"GAAACTCCATACTCTTcntl","Astrocyte1","Astrocyte1","Astrocyte1"
"GAAATGACAAATACAGcntl","Astrocyte1","Astrocyte1","Astrocyte1"
"GAAATGACATGGAATAcntl","Astrocyte1","Astrocyte1","Astrocyte1"
"GAACATCAGGATGGTCcntl","Astrocyte1","Astrocyte1","Astrocyte1"
"GAACATCGTGATAAGTcntl","Astrocyte1","Astrocyte1","Astrocyte1"
"GAACCTATCCGCAAGCcntl","Astrocyte1","Astrocyte1","Astrocyte1"
"GAACGGAAGTACGTTCcntl","Astrocyte1","Astrocyte1","Astrocyte1"
"GAACGGAGTAAGAGAGcntl","Astrocyte1","Astrocyte1","Astrocyte1"
"GAAGCAGCACTAAGTCcntl","Astrocyte1","Astrocyte1","Astrocyte1"
"GAAGCAGCAGGGCATAcntl","Astrocyte1","Astrocyte1","Astrocyte1"
"GAATAAGAGAGTCGGTcntl","Astrocyte1","Astrocyte1","Astrocyte1"
"GAATAAGGTTCTGGTAcntl","Astrocyte1","Astrocyte1","Astrocyte1"
"GAATAAGTCTGTCAAGcntl","Astrocyte1","Astrocyte1","Astrocyte1"
"GAATGAAAGCTAACAAcntl","Astrocyte1","Astrocyte1","Astrocyte1"
"GAATGAAAGCTGTTCAcntl","Astrocyte1","Astrocyte1","Astrocyte1"
"GAATGAACAAGCCCACcntl","Astrocyte1","Astrocyte1","Astrocyte1"
"GAATGAATCACGCATAcntl","Astrocyte1","Astrocyte1","Astrocyte1"
"GACACGCTCTTGCCGTcntl","Astrocyte1","Astrocyte1","Astrocyte1"
"GACAGAGAGACCGGATcntl","Astrocyte1","Astrocyte1","Astrocyte1"
"GACAGAGCATGAAGTAcntl","Astrocyte1","Astrocyte1","Astrocyte1"
"GACAGAGGTATGAATGcntl","Astrocyte1","Astrocyte1","Astrocyte1"
"GACAGAGGTCGGCACTcntl","Astrocyte1","Astrocyte1","Astrocyte1"
"GACCAATCAAACTGTCcntl","Astrocyte1","Astrocyte1","Astrocyte1"
"GACCAATGTGCACGAAcntl","Astrocyte1","Astrocyte1","Astrocyte1"
"GACCTGGCAGCTGCACcntl","Astrocyte1","Astrocyte1","Astrocyte1"
"GACCTGGTCATGTAGCcntl","Astrocyte1","Astrocyte1","Astrocyte1"
"GACGTGCTCAACGGGAcntl","Astrocyte1","Astrocyte1","Astrocyte1"
"GACGTGCTCGGGAGTAcntl","Astrocyte1","Astrocyte1","Astrocyte1"
"GACGTGCTCTGAAAGAcntl","Astrocyte1","Astrocyte1","Astrocyte1"
"GACGTTAAGGCTCATTcntl","Astrocyte1","Astrocyte1","Astrocyte1"
"GACGTTAAGGGTCTCCcntl","Astrocyte1","Astrocyte1","Astrocyte1"
"GACGTTATCAGCTCTCcntl","Astrocyte1","Astrocyte1","Astrocyte1"
"GACTAACGTCATATGCcntl","Astrocyte1","Astrocyte1","Astrocyte1"
"GACTGCGCACAGCCCAcntl","Astrocyte1","Astrocyte1","Astrocyte1"
"GAGCAGAAGACAGACCcntl","Astrocyte1","Astrocyte1","Astrocyte1"
"GAGGTGAAGACCGGATcntl","Astrocyte1","Astrocyte1","Astrocyte1"
"GAGGTGATCAGTTCGAcntl","Astrocyte1","Astrocyte1","Astrocyte1"
"GAGTCCGCACCGCTAGcntl","Astrocyte1","Astrocyte1","Astrocyte1"
"GATCAGTTCCCTCAGTcntl","Astrocyte1","Astrocyte1","Astrocyte1"
"GATCGTACACATGTGTcntl","Astrocyte1","Astrocyte1","Astrocyte1"
"GATCGTACACCAGATTcntl","Astrocyte1","Astrocyte1","Astrocyte1"
"GATCGTAGTCGCGTGTcntl","Astrocyte1","Astrocyte1","Astrocyte1"
"GATCTAGAGTAGCGGTcntl","Astrocyte1","Astrocyte1","Astrocyte1"
"GATCTAGGTAGAGGAAcntl","Astrocyte1","Astrocyte1","Astrocyte1"
"GATGAAATCGCACTCTcntl","Astrocyte1","Astrocyte1","Astrocyte1"
"GATGAAATCTGGCGTGcntl","Astrocyte1","Astrocyte1","Astrocyte1"
"GATGAGGGTCAGATAAcntl","Astrocyte1","Astrocyte1","Astrocyte1"
"GATGAGGTCAGCGATTcntl","Astrocyte1","Astrocyte1","Astrocyte1"
"GATGAGGTCCGTCATCcntl","Astrocyte1","Astrocyte1","Astrocyte1"
"GATGCTAAGCACACAGcntl","Astrocyte1","Astrocyte1","Astrocyte1"
"GATGCTAAGCCCTAATcntl","Astrocyte1","Astrocyte1","Astrocyte1"
"GATTCAGAGAGGACGGcntl","Astrocyte1","Astrocyte1","Astrocyte1"
"GATTCAGCAGCTTAACcntl","Astrocyte1","Astrocyte1","Astrocyte1"
"GATTCAGGTCCAGTGCcntl","Astrocyte1","Astrocyte1","Astrocyte1"
"GCAAACTAGATCACGGcntl","Astrocyte1","Astrocyte1","Astrocyte1"
"GCAAACTGTAATCACCcntl","Astrocyte1","Astrocyte1","Astrocyte1"
"GCAATCAAGGTGACCAcntl","Astrocyte1","Astrocyte1","Astrocyte1"
"GCACATATCCAGTATGcntl","Astrocyte1","Astrocyte1","Astrocyte1"
"GCACTCTCACAGACTTcntl","Astrocyte1","Astrocyte1","Astrocyte1"
"GCACTCTTCAAGGTAAcntl","Astrocyte1","Astrocyte1","Astrocyte1"
"GCACTCTTCGTTTAGGcntl","Astrocyte1","Astrocyte1","Astrocyte1"
"GCAGCCACATACTACGcntl","Astrocyte1","Astrocyte1","Astrocyte1"
"GCAGCCATCCTCATTAcntl","Astrocyte1","Astrocyte1","Astrocyte1"
"GCAGCCATCCTCCTAGcntl","Astrocyte1","Astrocyte1","Astrocyte1"
"GCAGTTATCATAGCACcntl","Astrocyte1","Astrocyte1","Astrocyte1"
"GCAGTTATCTGACCTCcntl","Astrocyte1","Astrocyte1","Astrocyte1"
"GCATACATCCAAAGTCcntl","Astrocyte1","Astrocyte1","Astrocyte1"
"GCATGATAGCCAACAGcntl","Astrocyte1","Astrocyte1","Astrocyte1"
"GCATGATAGCCGGTAAcntl","Astrocyte1","Astrocyte1","Astrocyte1"
"GCATGATCATAACCTGcntl","Astrocyte1","Astrocyte1","Astrocyte1"
"GCATGCGAGTGCAAGCcntl","Astrocyte1","Astrocyte1","Astrocyte1"
"GCATGCGCAAGACGTGcntl","Astrocyte1","Astrocyte1","Astrocyte1"
"GCCAAATCATGTCGATcntl","Astrocyte1","Astrocyte1","Astrocyte1"
"GCCAAATCATTATCTCcntl","Astrocyte1","Astrocyte1","Astrocyte1"
"GCCAAATTCAGCAACTcntl","Astrocyte1","Astrocyte1","Astrocyte1"
"GCCTCTAAGGTGACCAcntl","Astrocyte1","Astrocyte1","Astrocyte1"
"GCCTCTAAGTAGGCCAcntl","Astrocyte1","Astrocyte1","Astrocyte1"
"GCCTCTATCCCAAGATcntl","Astrocyte1","Astrocyte1","Astrocyte1"
"GCGACCAAGAGTAAGGcntl","Astrocyte1","Astrocyte1","Astrocyte1"
"GCGACCACATAGACTCcntl","Astrocyte1","Astrocyte1","Astrocyte1"
"GCGACCATCACCCGAGcntl","Astrocyte1","Astrocyte1","Astrocyte1"
"GCGAGAAAGGCCCTTGcntl","Astrocyte1","Astrocyte1","Astrocyte1"
"GCGAGAAAGTCGTACTcntl","Astrocyte1","Astrocyte1","Astrocyte1"
"GCGCAACGTCCCGACAcntl","Astrocyte1","Astrocyte1","Astrocyte1"
"GCGCCAAGTCTCTCGTcntl","Astrocyte1","Astrocyte1","Astrocyte1"
"GCGCCAATCATTCACTcntl","Astrocyte1","Astrocyte1","Astrocyte1"
"GCGCGATCAGCGAACAcntl","Astrocyte1","Astrocyte1","Astrocyte1"
"GCGGGTTGTAGCCTCGcntl","Astrocyte1","Astrocyte1","Astrocyte1"
"GCTCCTAAGGCAAAGAcntl","Astrocyte1","Astrocyte1","Astrocyte1"
"GCTCCTAGTAGGAGTCcntl","Astrocyte1","Astrocyte1","Astrocyte1"
"GCTCTGTAGCCCAACCcntl","Astrocyte1","Astrocyte1","Astrocyte1"
"GCTCTGTTCACCGGGTcntl","Astrocyte1","Astrocyte1","Astrocyte1"
"GCTGCTTAGATGCCTTcntl","Astrocyte1","Astrocyte1","Astrocyte1"
"GCTGCTTAGATGTCGGcntl","Astrocyte1","Astrocyte1","Astrocyte1"
"GCTGCTTCAGGCTCACcntl","Astrocyte1","Astrocyte1","Astrocyte1"
"GCTGGGTAGATGCGACcntl","Astrocyte1","Astrocyte1","Astrocyte1"
"GCTGGGTTCCTTCAATcntl","Astrocyte1","Astrocyte1","Astrocyte1"
"GCTTCCATCATTGCGAcntl","Astrocyte1","Astrocyte1","Astrocyte1"
"GCTTCCATCTACTCATcntl","Astrocyte1","Astrocyte1","Astrocyte1"
"GCTTCCATCTCCCTGAcntl","Astrocyte1","Astrocyte1","Astrocyte1"
"GCTTGAAAGAGTTGGCcntl","Astrocyte1","Astrocyte1","Astrocyte1"
"GCTTGAACACTATCTTcntl","Astrocyte1","Astrocyte1","Astrocyte1"
"GCTTGAATCGCGTAGCcntl","Astrocyte1","Astrocyte1","Astrocyte1"
"GGAAAGCAGGATCGCAcntl","Astrocyte1","Astrocyte1","Astrocyte1"
"GGAAAGCCAGGACCCTcntl","Astrocyte1","Astrocyte1","Astrocyte1"
"GGAAAGCTCGAATGCTcntl","Astrocyte1","Astrocyte1","Astrocyte1"
"GGAACTTCACTGTCGGcntl","Astrocyte1","Astrocyte1","Astrocyte1"
"GGAACTTCATCGGACCcntl","Astrocyte1","Astrocyte1","Astrocyte1"
"GGAACTTCATGCAATCcntl","Astrocyte1","Astrocyte1","Astrocyte1"
"GGAACTTTCCGCGGTAcntl","Astrocyte1","Astrocyte1","Astrocyte1"
"GGAATAAAGGGCTCTCcntl","Astrocyte1","Astrocyte1","Astrocyte1"
"GGACAAGGTATCAGTCcntl","Astrocyte1","Astrocyte1","Astrocyte1"
"GGACAAGTCGCGGATCcntl","Astrocyte1","Astrocyte1","Astrocyte1"
"GGACAAGTCGTGGGAAcntl","Astrocyte1","Astrocyte1","Astrocyte1"
"GGACAGAAGTTGAGTAcntl","Astrocyte1","Astrocyte1","Astrocyte1"
"GGACAGATCTTTAGGGcntl","Astrocyte1","Astrocyte1","Astrocyte1"
"GGACATTGTAAACGCGcntl","Astrocyte1","Astrocyte1","Astrocyte1"
"GGAGCAAAGCCTATGTcntl","Astrocyte1","Astrocyte1","Astrocyte1"
"GGAGCAAGTAGAAGGAcntl","Astrocyte1","Astrocyte1","Astrocyte1"
"GGAGCAAGTTGACGTTcntl","Astrocyte1","Astrocyte1","Astrocyte1"
"GGAGCAATCGCCATAAcntl","Astrocyte1","Astrocyte1","Astrocyte1"
"GGATGTTAGCGGATCAcntl","Astrocyte1","Astrocyte1","Astrocyte1"
"GGATGTTGTGCCTGTGcntl","Astrocyte1","Astrocyte1","Astrocyte1"
"GGATTACTCAACGGGAcntl","Astrocyte2","Astrocyte2","Astrocyte2"
"GGATTACTCTCGCTTGcntl","Astrocyte1","Astrocyte1","Astrocyte1"
"GGCAATTAGATAGGAGcntl","Astrocyte1","Astrocyte1","Astrocyte1"
"GGCCGATAGTACTTGCcntl","Astrocyte1","Astrocyte1","Astrocyte1"
"GGCCGATTCTGCTGCTcntl","Astrocyte1","Astrocyte1","Astrocyte1"
"GGCGACTAGAATGTGTcntl","Astrocyte1","Astrocyte1","Astrocyte1"
"GGCGTGTAGGCACATGcntl","Astrocyte1","Astrocyte1","Astrocyte1"
"GGCTCGACAGCTGTGCcntl","Astrocyte1","Astrocyte1","Astrocyte1"
"GGCTCGAGTGTGAATAcntl","Astrocyte1","Astrocyte1","Astrocyte1"
"GGCTCGAGTGTTGAGGcntl","Astrocyte1","Astrocyte1","Astrocyte1"
"GGCTCGAGTTTGGCGCcntl","Astrocyte1","Astrocyte1","Astrocyte1"
"GGCTGGTTCCGCGGTAcntl","Astrocyte1","Astrocyte1","Astrocyte1"
"GGGAATGAGGAGCGTTcntl","Astrocyte1","Astrocyte1","Astrocyte1"
"GGGACCTAGCACCGTCcntl","Astrocyte1","Astrocyte1","Astrocyte1"
"GGGACCTTCAACACCAcntl","Astrocyte1","Astrocyte1","Astrocyte1"
"GGGACCTTCATAGCACcntl","Astrocyte1","Astrocyte1","Astrocyte1"
"GGGAGATCAGACAGGTcntl","Astrocyte1","Astrocyte1","Astrocyte1"
"GGGAGATCAGGTCCACcntl","Astrocyte1","Astrocyte1","Astrocyte1"
"GGGAGATGTCGAATCTcntl","Astrocyte1","Astrocyte1","Astrocyte1"
"GGGAGATGTCGACTATcntl","Astrocyte1","Astrocyte1","Astrocyte1"
"GGGATGAAGGCTCAGAcntl","Astrocyte1","Astrocyte1","Astrocyte1"
"GGGATGAGTCTGCCAGcntl","Astrocyte1","Astrocyte1","Astrocyte1"
"GGGATGATCAGTCAGTcntl","Astrocyte1","Astrocyte1","Astrocyte1"
"GGGCACTAGTTCCACAcntl","Astrocyte1","Astrocyte1","Astrocyte1"
"GGGCATCAGAGGTTGCcntl","Astrocyte1","Astrocyte1","Astrocyte1"
"GGGCATCCAGGCTCACcntl","Astrocyte1","Astrocyte1","Astrocyte1"
"GGGCATCCATACTCTTcntl","Astrocyte1","Astrocyte1","Astrocyte1"
"GGGCATCGTCGTTGTAcntl","Astrocyte1","Astrocyte1","Astrocyte1"
"GGGTCTGAGCCCTAATcntl","Astrocyte1","Astrocyte1","Astrocyte1"
"GGGTCTGCAAGCCGCTcntl","Astrocyte1","Astrocyte1","Astrocyte1"
"GGGTTGCAGAGGTAGAcntl","Astrocyte1","Astrocyte1","Astrocyte1"
"GGGTTGCGTAGGGTACcntl","Astrocyte1","Astrocyte1","Astrocyte1"
"GGTGAAGCATTTCACTcntl","Astrocyte1","Astrocyte1","Astrocyte1"
"GGTGAAGTCACTTACTcntl","Astrocyte1","Astrocyte1","Astrocyte1"
"GGTGCGTAGCTCAACTcntl","Astrocyte1","Astrocyte1","Astrocyte1"
"GGTGCGTGTAATCGTCcntl","Astrocyte1","Astrocyte1","Astrocyte1"
"GGTGCGTTCATTGCGAcntl","Astrocyte1","Astrocyte1","Astrocyte1"
"GGTGTTACAGCCAGAAcntl","Astrocyte1","Astrocyte1","Astrocyte1"
"GGTGTTAGTTCATGGTcntl","Astrocyte1","Astrocyte1","Astrocyte1"
"GTAACGTAGTCAAGCGcntl","Astrocyte1","Astrocyte1","Astrocyte1"
"GTAACGTCAGTCAGCCcntl","Astrocyte1","Astrocyte1","Astrocyte1"
"GTAACGTGTAGCAAATcntl","Astrocyte1","Astrocyte1","Astrocyte1"
"GTAACGTTCACTTACTcntl","Astrocyte1","Astrocyte1","Astrocyte1"
"GTAACGTTCTATCGCCcntl","Astrocyte1","Astrocyte1","Astrocyte1"
"GTAACTGCAAGTTGTCcntl","Astrocyte1","Astrocyte1","Astrocyte1"
"GTAACTGCATTAGCCAcntl","Astrocyte1","Astrocyte1","Astrocyte1"
"GTACTTTCAACTGCTAcntl","Astrocyte1","Astrocyte1","Astrocyte1"
"GTACTTTCAGATGAGCcntl","Astrocyte1","Astrocyte1","Astrocyte1"
"GTAGGCCAGAAACGAGcntl","Astrocyte1","Astrocyte1","Astrocyte1"
"GTAGGCCCACCAGATTcntl","Astrocyte1","Astrocyte1","Astrocyte1"
"GTAGGCCTCAGAAATGcntl","Astrocyte1","Astrocyte1","Astrocyte1"
"GTAGTCAGTGCCTGCAcntl","Astrocyte1","Astrocyte1","Astrocyte1"
"GTATCTTGTCTTCAAGcntl","Astrocyte1","Astrocyte1","Astrocyte1"
"GTATCTTGTTCTGTTTcntl","Astrocyte1","Astrocyte1","Astrocyte1"
"GTATTCTAGGCCCTCAcntl","Astrocyte1","Astrocyte1","Astrocyte1"
"GTCAAGTAGACCTTTGcntl","Astrocyte1","Astrocyte1","Astrocyte1"
"GTCAAGTGTCAATACCcntl","Astrocyte1","Astrocyte1","Astrocyte1"
"GTCACAACAAGCCTATcntl","Astrocyte1","Astrocyte1","Astrocyte1"
"GTCACGGTCACCACCTcntl","Astrocyte1","Astrocyte1","Astrocyte1"
"GTCACGGTCTAACCGAcntl","Astrocyte1","Astrocyte1","Astrocyte1"
"GTCATTTCAGTGAGTGcntl","Astrocyte1","Astrocyte1","Astrocyte1"
"GTCATTTTCTTGCCGTcntl","Astrocyte1","Astrocyte1","Astrocyte1"
"GTCGGGTGTGACTACTcntl","Astrocyte2","Astrocyte2","Astrocyte2"
"GTCGGGTGTGGCAAACcntl","Astrocyte1","Astrocyte1","Astrocyte1"
"GTCGTAACAGCTCGACcntl","Astrocyte1","Astrocyte1","Astrocyte1"
"GTCGTAATCTTGCATTcntl","Astrocyte1","Astrocyte1","Astrocyte1"
"GTCTCGTAGGACGAAAcntl","Astrocyte1","Astrocyte1","Astrocyte1"
"GTCTCGTAGTCGAGTGcntl","Astrocyte1","Astrocyte1","Astrocyte1"
"GTCTCGTCACAGGTTTcntl","Astrocyte1","Astrocyte1","Astrocyte1"
"GTCTCGTGTCTCCATCcntl","Astrocyte1","Astrocyte1","Astrocyte1"
"GTCTCGTTCCCTTGCAcntl","Astrocyte1","Astrocyte1","Astrocyte1"
"GTCTCGTTCGTAGGTTcntl","Astrocyte1","Astrocyte1","Astrocyte1"
"GTCTTCGCAATGGAGCcntl","Astrocyte1","Astrocyte1","Astrocyte1"
"GTCTTCGTCCTATTCAcntl","Astrocyte1","Astrocyte1","Astrocyte1"
"GTCTTCGTCTGCTGCTcntl","Astrocyte1","Astrocyte1","Astrocyte1"
"GTGCAGCGTTTAGCTGcntl","Astrocyte1","Astrocyte1","Astrocyte1"
"GTGCAGCTCGGGAGTAcntl","Astrocyte1","Astrocyte1","Astrocyte1"
"GTGCATAAGTGTTAGAcntl","Astrocyte1","Astrocyte1","Astrocyte1"
"GTGCATAGTCGAGATGcntl","Astrocyte1","Astrocyte1","Astrocyte1"
"GTGCATATCGTTTATCcntl","Astrocyte1","Astrocyte1","Astrocyte1"
"GTGCGGTCATCTATGGcntl","Astrocyte1","Astrocyte1","Astrocyte1"
"GTGCTTCCACCGCTAGcntl","Astrocyte1","Astrocyte1","Astrocyte1"
"GTGCTTCTCAGGCAAGcntl","Astrocyte1","Astrocyte1","Astrocyte1"
"GTGGGTCCATTTCAGGcntl","Astrocyte1","Astrocyte1","Astrocyte1"
"GTGTGCGGTACCAGTTcntl","LHb1","LHb_1_1","LHb_C"
"GTGTGCGGTCTCTTATcntl","Astrocyte1","Astrocyte1","Astrocyte1"
"GTGTTAGAGGGAGTAAcntl","Astrocyte1","Astrocyte1","Astrocyte1"
"GTGTTAGTCCCTTGCAcntl","Astrocyte1","Astrocyte1","Astrocyte1"
"GTTAAGCAGTGTTAGAcntl","Astrocyte1","Astrocyte1","Astrocyte1"
"GTTAAGCTCCCAAGATcntl","Astrocyte1","Astrocyte1","Astrocyte1"
"GTTACAGTCTTGTATCcntl","Astrocyte1","Astrocyte1","Astrocyte1"
"GTTCATTAGACAAAGGcntl","Astrocyte1","Astrocyte1","Astrocyte1"
"GTTCATTCAATCGAAAcntl","Astrocyte1","Astrocyte1","Astrocyte1"
"GTTCATTCATCCGGGTcntl","Astrocyte1","Astrocyte1","Astrocyte1"
"GTTCGGGAGACTTTCGcntl","Astrocyte1","Astrocyte1","Astrocyte1"
"TAAACCGTCTCAAACGcntl","Astrocyte1","Astrocyte1","Astrocyte1"
"TAAGAGAAGCCCGAAAcntl","Astrocyte1","Astrocyte1","Astrocyte1"
"TAAGAGACACAAGCCCcntl","Astrocyte1","Astrocyte1","Astrocyte1"
"TAAGAGACACACAGAGcntl","Astrocyte1","Astrocyte1","Astrocyte1"
"TAAGAGACATTCTCATcntl","Astrocyte1","Astrocyte1","Astrocyte1"
"TAAGAGAGTTCCGGCAcntl","Astrocyte2","Astrocyte2","Astrocyte2"
"TAAGAGATCATCACCCcntl","Astrocyte1","Astrocyte1","Astrocyte1"
"TAAGCGTTCCCTGACTcntl","Astrocyte1","Astrocyte1","Astrocyte1"
"TAAGTGCCAACTGGCCcntl","Astrocyte1","Astrocyte1","Astrocyte1"
"TAAGTGCCATACAGCTcntl","Astrocyte1","Astrocyte1","Astrocyte1"
"TAAGTGCTCAACGGGAcntl","Astrocyte1","Astrocyte1","Astrocyte1"
"TAAGTGCTCGCCGTGAcntl","Astrocyte1","Astrocyte1","Astrocyte1"
"TAAGTGCTCGGACAAGcntl","Astrocyte1","Astrocyte1","Astrocyte1"
"TACACGATCGCACTCTcntl","Astrocyte1","Astrocyte1","Astrocyte1"
"TACAGTGCACACTGCGcntl","Astrocyte1","Astrocyte1","Astrocyte1"
"TACAGTGGTCTAACGTcntl","Astrocyte1","Astrocyte1","Astrocyte1"
"TACAGTGGTTATGTGCcntl","Astrocyte1","Astrocyte1","Astrocyte1"
"TACCTTAAGGAGTTGCcntl","Astrocyte1","Astrocyte1","Astrocyte1"
"TACGGATAGATATGCAcntl","Astrocyte1","Astrocyte1","Astrocyte1"
"TACGGGCGTCCCGACAcntl","Astrocyte1","Astrocyte1","Astrocyte1"
"TACGGTAAGAATTGTGcntl","Astrocyte1","Astrocyte1","Astrocyte1"
"TACGGTACATGACGGAcntl","Astrocyte1","Astrocyte1","Astrocyte1"
"TACGGTATCGTCGTTCcntl","Astrocyte1","Astrocyte1","Astrocyte1"
"TACTCATCAGGATTGGcntl","Astrocyte1","Astrocyte1","Astrocyte1"
"TACTCATTCTGTCTCGcntl","Astrocyte1","Astrocyte1","Astrocyte1"
"TACTCGCAGCGATGACcntl","Astrocyte1","Astrocyte1","Astrocyte1"
"TACTTACAGACGCAACcntl","Astrocyte1","Astrocyte1","Astrocyte1"
"TACTTACCAGTTCATGcntl","Astrocyte1","Astrocyte1","Astrocyte1"
"TACTTACGTACATGTCcntl","Astrocyte1","Astrocyte1","Astrocyte1"
"TACTTACTCTCTTATGcntl","Astrocyte1","Astrocyte1","Astrocyte1"
"TACTTGTCACACCGACcntl","Astrocyte1","Astrocyte1","Astrocyte1"
"TACTTGTTCTAACTCTcntl","Astrocyte1","Astrocyte1","Astrocyte1"
"TAGACCAAGCTTTGGTcntl","Astrocyte1","Astrocyte1","Astrocyte1"
"TAGAGCTGTCTAGTCAcntl","Astrocyte1","Astrocyte1","Astrocyte1"
"TAGAGCTTCTATCCTAcntl","Astrocyte1","Astrocyte1","Astrocyte1"
"TAGCCGGCAGATGGCAcntl","Astrocyte1","Astrocyte1","Astrocyte1"
"TAGGCATCAATCTACGcntl","Astrocyte1","Astrocyte1","Astrocyte1"
"TAGGCATCATATGAGAcntl","Astrocyte1","Astrocyte1","Astrocyte1"
"TAGGCATTCACCATAGcntl","Astrocyte1","Astrocyte1","Astrocyte1"
"TAGTGGTCAAAGGTGCcntl","Astrocyte1","Astrocyte1","Astrocyte1"
"TAGTGGTCATGGTCATcntl","Astrocyte1","Astrocyte1","Astrocyte1"
"TAGTTGGCAGATGAGCcntl","Astrocyte1","Astrocyte1","Astrocyte1"
"TAGTTGGCAGCATGAGcntl","Astrocyte1","Astrocyte1","Astrocyte1"
"TAGTTGGGTAAGAGGAcntl","Astrocyte1","Astrocyte1","Astrocyte1"
"TATCAGGCACCAACCGcntl","Astrocyte1","Astrocyte1","Astrocyte1"
"TATCTCATCTGTACGAcntl","Astrocyte1","Astrocyte1","Astrocyte1"
"TATGCCCAGACGCACAcntl","Astrocyte1","Astrocyte1","Astrocyte1"
"TATGCCCGTCTAACGTcntl","Astrocyte1","Astrocyte1","Astrocyte1"
"TATGCCCTCATCGGATcntl","Astrocyte1","Astrocyte1","Astrocyte1"
"TATGCCCTCGTTTATCcntl","Astrocyte1","Astrocyte1","Astrocyte1"
"TATTACCCAAGTCTGTcntl","Astrocyte1","Astrocyte1","Astrocyte1"
"TATTACCCACCAACCGcntl","Astrocyte1","Astrocyte1","Astrocyte1"
"TATTACCGTATCTGCAcntl","Astrocyte1","Astrocyte1","Astrocyte1"
"TATTACCGTTTGTTTCcntl","Astrocyte1","Astrocyte1","Astrocyte1"
"TCAACGAAGCCATCGCcntl","Astrocyte1","Astrocyte1","Astrocyte1"
"TCAACGAAGGACACCAcntl","Astrocyte1","Astrocyte1","Astrocyte1"
"TCAACGAAGGATTCGGcntl","Astrocyte1","Astrocyte1","Astrocyte1"
"TCACAAGAGAATAGGGcntl","Astrocyte1","Astrocyte1","Astrocyte1"
"TCACAAGCAGGTGGATcntl","Astrocyte1","Astrocyte1","Astrocyte1"
"TCACAAGTCGAACTGTcntl","Astrocyte1","Astrocyte1","Astrocyte1"
"TCACGAAAGACGCTTTcntl","Astrocyte1","Astrocyte1","Astrocyte1"
"TCACGAAAGGGTTCCCcntl","Astrocyte1","Astrocyte1","Astrocyte1"
"TCAGATGTCATGTCTTcntl","Astrocyte1","Astrocyte1","Astrocyte1"
"TCAGCAAAGAGAGCTCcntl","Astrocyte1","Astrocyte1","Astrocyte1"
"TCAGCAAAGAGTCTGGcntl","Astrocyte1","Astrocyte1","Astrocyte1"
"TCAGCAAGTAAACACAcntl","Astrocyte1","Astrocyte1","Astrocyte1"
"TCAGCAATCAGGTTCAcntl","Astrocyte1","Astrocyte1","Astrocyte1"
"TCAGCTCAGGCAAAGAcntl","Astrocyte1","Astrocyte1","Astrocyte1"
"TCAGCTCCATACAGCTcntl","Astrocyte1","Astrocyte1","Astrocyte1"
"TCAGCTCGTCGCTTCTcntl","Astrocyte1","Astrocyte1","Astrocyte1"
"TCAGCTCGTTCCAACAcntl","Astrocyte1","Astrocyte1","Astrocyte1"
"TCAGCTCTCTTGCAAGcntl","Astrocyte1","Astrocyte1","Astrocyte1"
"TCAGGATCAAGGTTTCcntl","Astrocyte1","Astrocyte1","Astrocyte1"
"TCAGGATGTGATGTGGcntl","Astrocyte1","Astrocyte1","Astrocyte1"
"TCAGGATTCATGTCCCcntl","Astrocyte2","Astrocyte2","Astrocyte2"
"TCAGGTAAGCTCCCAGcntl","Astrocyte1","Astrocyte1","Astrocyte1"
"TCAGGTACAAACGTGGcntl","Astrocyte1","Astrocyte1","Astrocyte1"
"TCAGGTACAGATGGCAcntl","Astrocyte1","Astrocyte1","Astrocyte1"
"TCAGGTATCTACCAGAcntl","Astrocyte1","Astrocyte1","Astrocyte1"
"TCATTACAGCTGAACGcntl","Astrocyte1","Astrocyte1","Astrocyte1"
"TCATTACCAGACTCGCcntl","Astrocyte1","Astrocyte1","Astrocyte1"
"TCATTACCAGGATTGGcntl","Astrocyte1","Astrocyte1","Astrocyte1"
"TCATTACCATCTACGAcntl","Astrocyte1","Astrocyte1","Astrocyte1"
"TCCACACGTACTCAACcntl","Astrocyte1","Astrocyte1","Astrocyte1"
"TCCCGATTCACCACCTcntl","Astrocyte1","Astrocyte1","Astrocyte1"
"TCCCGATTCACTCCTGcntl","Astrocyte1","Astrocyte1","Astrocyte1"
"TCGAGGCCAGACAAATcntl","Astrocyte1","Astrocyte1","Astrocyte1"
"TCGAGGCTCTAACGGTcntl","Astrocyte1","Astrocyte1","Astrocyte1"
"TCGCGAGAGGCCCTCAcntl","Astrocyte1","Astrocyte1","Astrocyte1"
"TCGCGTTAGACATAACcntl","Astrocyte1","Astrocyte1","Astrocyte1"
"TCGCGTTAGAGATGAGcntl","Astrocyte1","Astrocyte1","Astrocyte1"
"TCGCGTTAGGCTAGACcntl","Astrocyte1","Astrocyte1","Astrocyte1"
"TCGCGTTAGGTTACCTcntl","Astrocyte1","Astrocyte1","Astrocyte1"
"TCGCGTTCACTGTGTAcntl","Astrocyte1","Astrocyte1","Astrocyte1"
"TCGCGTTGTTATCCGAcntl","Astrocyte1","Astrocyte1","Astrocyte1"
"TCGCGTTGTTGCGCACcntl","Astrocyte1","Astrocyte1","Astrocyte1"
"TCGGGACAGCGGCTTCcntl","Astrocyte1","Astrocyte1","Astrocyte1"
"TCGGGACCATACGCTAcntl","Astrocyte1","Astrocyte1","Astrocyte1"
"TCGGTAAGTTGGTTTGcntl","Astrocyte1","Astrocyte1","Astrocyte1"
"TCGTACCAGCCCGAAAcntl","Astrocyte1","Astrocyte1","Astrocyte1"
"TCGTACCTCACGGTTAcntl","Astrocyte1","Astrocyte1","Astrocyte1"
"TCGTAGATCCAAACTGcntl","Astrocyte1","Astrocyte1","Astrocyte1"
"TCGTAGATCCACTCCAcntl","Astrocyte1","Astrocyte1","Astrocyte1"
"TCTATTGAGCGATCCCcntl","Astrocyte1","Astrocyte1","Astrocyte1"
"TCTATTGTCAATCACGcntl","Astrocyte1","Astrocyte1","Astrocyte1"
"TCTCATATCAGCACATcntl","Astrocyte1","Astrocyte1","Astrocyte1"
"TCTCTAAAGATGTAACcntl","Astrocyte1","Astrocyte1","Astrocyte1"
"TCTCTAACATACGCTAcntl","Astrocyte1","Astrocyte1","Astrocyte1"
"TCTGAGAAGCTAACAAcntl","Astrocyte1","Astrocyte1","Astrocyte1"
"TCTGAGACAAAGTCAAcntl","Astrocyte2","Astrocyte2","Astrocyte2"
"TCTGGAACATCTCCCAcntl","Astrocyte1","Astrocyte1","Astrocyte1"
"TCTTCGGAGAAGGTTTcntl","Astrocyte1","Astrocyte1","Astrocyte1"
"TGAAAGATCGGAATCTcntl","Astrocyte1","Astrocyte1","Astrocyte1"
"TGACAACAGAACAATCcntl","Astrocyte1","Astrocyte1","Astrocyte1"
"TGACAACAGCTAGTCTcntl","Astrocyte1","Astrocyte1","Astrocyte1"
"TGACAACCAGTAGAGCcntl","Astrocyte1","Astrocyte1","Astrocyte1"
"TGACAACTCATCACCCcntl","Astrocyte1","Astrocyte1","Astrocyte1"
"TGACGGCAGAAACCGCcntl","Astrocyte1","Astrocyte1","Astrocyte1"
"TGACGGCAGCGTTGCCcntl","Astrocyte1","Astrocyte1","Astrocyte1"
"TGACGGCTCTCTTGATcntl","Astrocyte1","Astrocyte1","Astrocyte1"
"TGACTAGAGAGTGACCcntl","Astrocyte1","Astrocyte1","Astrocyte1"
"TGACTAGAGCTCCCAGcntl","Astrocyte1","Astrocyte1","Astrocyte1"
"TGACTAGAGGAATCGCcntl","Astrocyte1","Astrocyte1","Astrocyte1"
"TGACTTTAGAGCTGGTcntl","Astrocyte1","Astrocyte1","Astrocyte1"
"TGACTTTAGGCGTACAcntl","Astrocyte1","Astrocyte1","Astrocyte1"
"TGACTTTCATCACGTAcntl","Astrocyte1","Astrocyte1","Astrocyte1"
"TGACTTTTCCCAGGTGcntl","Astrocyte1","Astrocyte1","Astrocyte1"
"TGAGAGGAGCCCTAATcntl","Astrocyte1","Astrocyte1","Astrocyte1"
"TGAGCATAGCTACCGCcntl","Astrocyte1","Astrocyte1","Astrocyte1"
"TGAGCATGTTGGTTTGcntl","Astrocyte1","Astrocyte1","Astrocyte1"
"TGAGCCGAGTGTGAATcntl","Astrocyte1","Astrocyte1","Astrocyte1"
"TGAGCCGCAGCCTATAcntl","Astrocyte1","Astrocyte1","Astrocyte1"
"TGAGGGAAGCAACGGTcntl","Astrocyte1","Astrocyte1","Astrocyte1"
"TGAGGGACACAACGCCcntl","Astrocyte1","Astrocyte1","Astrocyte1"
"TGAGGGATCTGCTGTCcntl","Astrocyte1","Astrocyte1","Astrocyte1"
"TGATTTCAGGATCGCAcntl","Astrocyte1","Astrocyte1","Astrocyte1"
"TGATTTCGTCAAGCGAcntl","Astrocyte1","Astrocyte1","Astrocyte1"
"TGCACCTGTGAAGGCTcntl","Astrocyte1","Astrocyte1","Astrocyte1"
"TGCACCTTCAATACCGcntl","Astrocyte1","Astrocyte1","Astrocyte1"
"TGCCAAAAGAATTCCCcntl","Astrocyte1","Astrocyte1","Astrocyte1"
"TGCCAAAAGAGTAAGGcntl","Astrocyte1","Astrocyte1","Astrocyte1"
"TGCCAAACATAGGATAcntl","Neuron","LHb_2","LHb_A"
"TGCCCATCACCATCCTcntl","Astrocyte1","Astrocyte1","Astrocyte1"
"TGCCCATCAGACAAGCcntl","Astrocyte1","Astrocyte1","Astrocyte1"
"TGCCCATTCAGGCAAGcntl","Astrocyte1","Astrocyte1","Astrocyte1"
"TGCCCATTCTTGGGTAcntl","Astrocyte1","Astrocyte1","Astrocyte1"
"TGCCCTAAGTCTCGGCcntl","Astrocyte1","Astrocyte1","Astrocyte1"
"TGCCCTACACAGAGGTcntl","Astrocyte1","Astrocyte1","Astrocyte1"
"TGCCCTACACGGTAAGcntl","Astrocyte1","Astrocyte1","Astrocyte1"
"TGCCCTAGTAATCGTCcntl","Astrocyte1","Astrocyte1","Astrocyte1"
"TGCCCTAGTATGGTTCcntl","Astrocyte1","Astrocyte1","Astrocyte1"
"TGCCCTATCCTTCAATcntl","Astrocyte1","Astrocyte1","Astrocyte1"
"TGCGCAGAGGCGACATcntl","Astrocyte1","Astrocyte1","Astrocyte1"
"TGCGCAGAGGTTCCTAcntl","Astrocyte1","Astrocyte1","Astrocyte1"
"TGCGCAGCACAGACTTcntl","Astrocyte1","Astrocyte1","Astrocyte1"
"TGCGCAGGTCGTGGCTcntl","Astrocyte1","Astrocyte1","Astrocyte1"
"TGCGCAGGTTTGACACcntl","Astrocyte1","Astrocyte1","Astrocyte1"
"TGCGGGTCACAGACTTcntl","Astrocyte1","Astrocyte1","Astrocyte1"
"TGCGGGTTCACTGGGCcntl","Astrocyte1","Astrocyte1","Astrocyte1"
"TGCGTGGCAGTTTACGcntl","Astrocyte1","Astrocyte1","Astrocyte1"
"TGCGTGGTCAAGCCTAcntl","Astrocyte1","Astrocyte1","Astrocyte1"
"TGCGTGGTCAAGGCTTcntl","Astrocyte1","Astrocyte1","Astrocyte1"
"TGCTACCCAGATGGCAcntl","Astrocyte1","Astrocyte1","Astrocyte1"
"TGCTACCCAGCGTCCAcntl","Astrocyte1","Astrocyte1","Astrocyte1"
"TGCTACCCATTACGACcntl","Astrocyte1","Astrocyte1","Astrocyte1"
"TGCTACCTCTATCCTAcntl","Astrocyte1","Astrocyte1","Astrocyte1"
"TGCTGCTTCCGAGCCAcntl","Astrocyte2","Astrocyte2","Astrocyte2"
"TGGACGCCAATGTAAGcntl","Astrocyte1","Astrocyte1","Astrocyte1"
"TGGACGCGTCGAACAGcntl","Astrocyte1","Astrocyte1","Astrocyte1"
"TGGCGCACAGTGACAGcntl","Astrocyte1","Astrocyte1","Astrocyte1"
"TGGCGCAGTTCCGTCTcntl","Astrocyte1","Astrocyte1","Astrocyte1"
"TGGCTGGGTGTGAATAcntl","Astrocyte1","Astrocyte1","Astrocyte1"
"TGGGAAGCAAGTTAAGcntl","Astrocyte1","Astrocyte1","Astrocyte1"
"TGGGAAGGTCTCTCTGcntl","Astrocyte1","Astrocyte1","Astrocyte1"
"TGGGCGTCATGACATCcntl","Astrocyte1","Astrocyte1","Astrocyte1"
"TGGTTAGAGACTCGGAcntl","Astrocyte1","Astrocyte1","Astrocyte1"
"TGGTTAGCAGCGAACAcntl","Astrocyte1","Astrocyte1","Astrocyte1"
"TGGTTCCCAACAACCTcntl","Astrocyte1","Astrocyte1","Astrocyte1"
"TGTCCCACACCACCAGcntl","Astrocyte1","Astrocyte1","Astrocyte1"
"TGTCCCATCCAAAGTCcntl","Astrocyte1","Astrocyte1","Astrocyte1"
"TGTCCCATCCCATTATcntl","Astrocyte1","Astrocyte1","Astrocyte1"
"TGTGGTAAGATCTGCTcntl","Astrocyte1","Astrocyte1","Astrocyte1"
"TGTGTTTTCGCGATCGcntl","Astrocyte1","Astrocyte1","Astrocyte1"
"TTAACTCAGAAACGAGcntl","Astrocyte1","Astrocyte1","Astrocyte1"
"TTAACTCAGATGTCGGcntl","Astrocyte1","Astrocyte1","Astrocyte1"
"TTAACTCAGTCCCACGcntl","Astrocyte1","Astrocyte1","Astrocyte1"
"TTAACTCGTTCCTCCAcntl","Astrocyte1","Astrocyte1","Astrocyte1"
"TTAACTCTCGAGCCCAcntl","Astrocyte1","Astrocyte1","Astrocyte1"
"TTAGGACAGGGCATGTcntl","Astrocyte1","Astrocyte1","Astrocyte1"
"TTAGGACCAGAGCCAAcntl","Astrocyte1","Astrocyte1","Astrocyte1"
"TTAGGACGTCTTGTCCcntl","Astrocyte1","Astrocyte1","Astrocyte1"
"TTAGGCACAATAGAGTcntl","Astrocyte1","Astrocyte1","Astrocyte1"
"TTAGTTCAGGAGCGAGcntl","Astrocyte1","Astrocyte1","Astrocyte1"
"TTAGTTCTCACGCATAcntl","Astrocyte1","Astrocyte1","Astrocyte1"
"TTAGTTCTCTGGAGCCcntl","Astrocyte1","Astrocyte1","Astrocyte1"
"TTATGCTCAGCTGTGCcntl","Astrocyte1","Astrocyte1","Astrocyte1"
"TTCCCAGAGAGCCCAAcntl","Astrocyte1","Astrocyte1","Astrocyte1"
"TTCCCAGGTCCCGACAcntl","Astrocyte1","Astrocyte1","Astrocyte1"
"TTCCCAGGTTATCACGcntl","Astrocyte1","Astrocyte1","Astrocyte1"
"TTCCCAGTCGCATGGCcntl","Astrocyte1","Astrocyte1","Astrocyte1"
"TTCGAAGGTCAGTGGAcntl","Astrocyte1","Astrocyte1","Astrocyte1"
"TTCGGTCGTGATGATAcntl","Astrocyte1","Astrocyte1","Astrocyte1"
"TTCTACACACCAGATTcntl","Astrocyte1","Astrocyte1","Astrocyte1"
"TTCTACAGTCACCCAGcntl","Astrocyte1","Astrocyte1","Astrocyte1"
"TTCTACATCTTCCTTCcntl","Astrocyte1","Astrocyte1","Astrocyte1"
"TTCTCAACACCTGGTGcntl","Astrocyte1","Astrocyte1","Astrocyte1"
"TTCTCCTAGCCTTGATcntl","Astrocyte1","Astrocyte1","Astrocyte1"
"TTCTCCTGTACCGCTGcntl","Astrocyte1","Astrocyte1","Astrocyte1"
"TTCTTAGCAATGGATAcntl","Astrocyte1","Astrocyte1","Astrocyte1"
"TTGAACGAGTGAAGTTcntl","Astrocyte1","Astrocyte1","Astrocyte1"
"TTGAACGGTCTAGTCAcntl","Astrocyte1","Astrocyte1","Astrocyte1"
"TTGAACGTCAGCACATcntl","Astrocyte1","Astrocyte1","Astrocyte1"
"TTGACTTAGTAGTGCGcntl","Astrocyte1","Astrocyte1","Astrocyte1"
"TTGACTTAGTATCTCGcntl","Astrocyte1","Astrocyte1","Astrocyte1"
"TTGACTTCATTTCAGGcntl","Astrocyte1","Astrocyte1","Astrocyte1"
"TTGACTTGTTGCGCACcntl","Astrocyte1","Astrocyte1","Astrocyte1"
"TTGCCGTAGCTGAAATcntl","Astrocyte1","Astrocyte1","Astrocyte1"
"TTGCCGTAGTGTTTGCcntl","Astrocyte1","Astrocyte1","Astrocyte1"
"TTGCGTCCAAGCGCTCcntl","Astrocyte1","Astrocyte1","Astrocyte1"
"TTGCGTCCAAGTCTACcntl","Astrocyte1","Astrocyte1","Astrocyte1"
"TTGCGTCCATTCTCATcntl","Astrocyte1","Astrocyte1","Astrocyte1"
"TTGGCAACAACAACCTcntl","Astrocyte1","Astrocyte1","Astrocyte1"
"TTGGCAATCACCATAGcntl","Astrocyte1","Astrocyte1","Astrocyte1"
"TTGTAGGAGATGCGACcntl","Astrocyte1","Astrocyte1","Astrocyte1"
"TTGTAGGCACTAAGTCcntl","Astrocyte1","Astrocyte1","Astrocyte1"
"TTTATGCAGGAACTGCcntl","Astrocyte1","Astrocyte1","Astrocyte1"
"TTTATGCCATTCCTGCcntl","Astrocyte1","Astrocyte1","Astrocyte1"
"TTTATGCTCTCGGACGcntl","Astrocyte1","Astrocyte1","Astrocyte1"
"TTTGCGCTCAACTCTTcntl","Astrocyte1","Astrocyte1","Astrocyte1"
"TTTGGTTAGACCTTTGcntl","Astrocyte1","Astrocyte1","Astrocyte1"
"AAACCTGGTTCAGTACcntl","Oligo1","Oligo1","Oligo1"
"AAACGGGTCAGTTCGAcntl","Oligo2","Oligo2","Oligo2"
"AAAGATGCACAACGCCcntl","Oligo2","Oligo2","Oligo2"
"AAAGATGTCGCCGTGAcntl","Oligo1","Oligo1","Oligo1"
"AAAGCAAGTATAGGGCcntl","Oligo1","Oligo1","Oligo1"
"AACACGTAGTGGGTTGcntl","Oligo1","Oligo1","Oligo1"
"AACACGTGTCGAAAGCcntl","Oligo1","Oligo1","Oligo1"
"AACCATGTCCGAGCCAcntl","Oligo1","Oligo1","Oligo1"
"AACCGCGGTTGATTCGcntl","Oligo2","Oligo2","Oligo2"
"AACCGCGTCCAAGTACcntl","Oligo2","Oligo2","Oligo2"
"AACGTTGGTAGGACACcntl","Oligo2","Oligo2","Oligo2"
"AACTCAGAGGATCGCAcntl","Oligo2","Oligo2","Oligo2"
"AACTCAGTCGAATCCAcntl","Oligo1","Oligo1","Oligo1"
"AACTCCCAGAATAGGGcntl","Oligo1","Oligo1","Oligo1"
"AACTCCCAGATGCCAGcntl","Oligo1","Oligo1","Oligo1"
"AACTCCCTCTCTTGATcntl","Oligo1","Oligo1","Oligo1"
"AACTCTTAGAATTCCCcntl","Oligo1","Oligo1","Oligo1"
"AACTGGTGTCAGAGGTcntl","Oligo1","Oligo1","Oligo1"
"AACTTTCTCGGAAACGcntl","Oligo1","Oligo1","Oligo1"
"AAGCCGCTCTTGAGGTcntl","Oligo2","Oligo2","Oligo2"
"AAGGAGCCAAGAGGCTcntl","Oligo1","Oligo1","Oligo1"
"AAGGCAGCATATACGCcntl","Oligo1","Oligo1","Oligo1"
"AAGTCTGCAGTAAGATcntl","Oligo2","Oligo2","Oligo2"
"AAGTCTGCATCACGTAcntl","Oligo1","Oligo1","Oligo1"
"AATCGGTTCGCCATAAcntl","Oligo1","Oligo1","Oligo1"
"ACACCAAAGTGCGATGcntl","Oligo2","Oligo2","Oligo2"
"ACACCAAGTCGCATATcntl","Oligo1","Oligo1","Oligo1"
"ACACTGACAGGACCCTcntl","Oligo2","Oligo2","Oligo2"
"ACACTGAGTAAAGGAGcntl","Oligo1","Oligo1","Oligo1"
"ACAGCCGAGCCGGTAAcntl","Oligo1","Oligo1","Oligo1"
"ACAGCTAGTTATCGGTcntl","Oligo1","Oligo1","Oligo1"
"ACATACGAGTGAACATcntl","Oligo1","Oligo1","Oligo1"
"ACATCAGTCTCTGAGAcntl","Oligo1","Oligo1","Oligo1"
"ACATGGTCATGTTCCCcntl","Oligo2","Oligo2","Oligo2"
"ACCAGTACAAGCCTATcntl","Oligo1","Oligo1","Oligo1"
"ACCAGTACAGGAACGTcntl","Oligo1","Oligo1","Oligo1"
"ACCAGTAGTCCAGTATcntl","Oligo1","Oligo1","Oligo1"
"ACCAGTATCGGCTACGcntl","Oligo2","Oligo2","Oligo2"
"ACCCACTGTCGCATATcntl","Oligo2","Oligo2","Oligo2"
"ACCCACTTCAGCTGGCcntl","Oligo2","Oligo2","Oligo2"
"ACCGTAAAGGACAGAAcntl","Oligo2","Oligo2","Oligo2"
"ACCGTAATCCGAATGTcntl","Oligo1","Oligo1","Oligo1"
"ACCTTTAAGCTTTGGTcntl","Oligo1","Oligo1","Oligo1"
"ACCTTTAAGGACAGCTcntl","Oligo2","Oligo2","Oligo2"
"ACCTTTACACCAGCACcntl","Oligo1","Oligo1","Oligo1"
"ACCTTTACAGTCGATTcntl","Oligo1","Oligo1","Oligo1"
"ACCTTTAGTAGCGATGcntl","Oligo2","Oligo2","Oligo2"
"ACCTTTATCAGCATGTcntl","Oligo1","Oligo1","Oligo1"
"ACGAGCCTCGTATCAGcntl","Oligo2","Oligo2","Oligo2"
"ACGATACGTAGGACACcntl","Oligo2","Oligo2","Oligo2"
"ACGATACTCCAGAGGAcntl","Oligo1","Oligo1","Oligo1"
"ACGATACTCGACCAGCcntl","Oligo2","Oligo2","Oligo2"
"ACGATGTAGAGACTATcntl","Oligo1","Oligo1","Oligo1"
"ACGCCGAAGACTGGGTcntl","Oligo2","Oligo2","Oligo2"
"ACGCCGACAGCAGTTTcntl","Oligo2","Oligo2","Oligo2"
"ACGCCGACAGTTCATGcntl","Oligo1","Oligo1","Oligo1"
"ACGGAGAAGCGTAGTGcntl","Oligo2","Oligo2","Oligo2"
"ACGGGTCAGACATAACcntl","Oligo2","Oligo2","Oligo2"
"ACGGGTCGTCACTGGCcntl","Oligo2","Oligo2","Oligo2"
"ACTATCTGTCAGGACAcntl","Oligo1","Oligo1","Oligo1"
"ACTGAACAGTCAAGCGcntl","Oligo2","Oligo2","Oligo2"
"ACTGAACCACCAGATTcntl","Oligo2","Oligo2","Oligo2"
"ACTGAACGTCTTCGTCcntl","Oligo1","Oligo1","Oligo1"
"ACTGAACTCATCGGATcntl","Oligo1","Oligo1","Oligo1"
"ACTGAACTCGGGAGTAcntl","Oligo1","Oligo1","Oligo1"
"ACTGAGTCATACGCCGcntl","Oligo1","Oligo1","Oligo1"
"ACTGAGTGTCTTTCATcntl","Oligo1","Oligo1","Oligo1"
"ACTGCTCAGGCGATACcntl","Oligo1","Oligo1","Oligo1"
"ACTGCTCCACTTACGAcntl","Oligo1","Oligo1","Oligo1"
"ACTGTCCGTCATTAGCcntl","Oligo1","Oligo1","Oligo1"
"ACTGTCCGTCCCTACTcntl","Oligo1","Oligo1","Oligo1"
"ACTTACTCACGAAATAcntl","Oligo1","Oligo1","Oligo1"
"ACTTACTGTTGCGTTAcntl","Oligo1","Oligo1","Oligo1"
"ACTTACTTCAGTGCATcntl","Oligo1","Oligo1","Oligo1"
"ACTTTCAAGTGGTAGCcntl","Oligo1","Oligo1","Oligo1"
"ACTTTCACAAGAAAGGcntl","Oligo2","Oligo2","Oligo2"
"ACTTTCACAAGTAATGcntl","Oligo2","Oligo2","Oligo2"
"AGAATAGGTCCGTCAGcntl","Oligo2","Oligo2","Oligo2"
"AGACGTTCACTCTGTCcntl","Oligo1","Oligo1","Oligo1"
"AGAGCGACATCTCGCTcntl","Oligo1","Oligo1","Oligo1"
"AGAGCGAGTACTTGACcntl","Oligo2","Oligo2","Oligo2"
"AGAGCTTCATATACCGcntl","Oligo1","Oligo1","Oligo1"
"AGAGCTTCATGGATGGcntl","Oligo2","Oligo2","Oligo2"
"AGATCTGAGCAATATGcntl","Oligo1","Oligo1","Oligo1"
"AGATCTGGTCGTCTTCcntl","Oligo2","Oligo2","Oligo2"
"AGATCTGGTTACAGAAcntl","Oligo2","Oligo2","Oligo2"
"AGATCTGTCGGACAAGcntl","Oligo2","Oligo2","Oligo2"
"AGATTGCAGAGGTTATcntl","Oligo2","Oligo2","Oligo2"
"AGATTGCGTGGTACAGcntl","Oligo1","Oligo1","Oligo1"
"AGCAGCCCAATCACACcntl","Oligo1","Oligo1","Oligo1"
"AGCATACAGAGTAATCcntl","Oligo1","Oligo1","Oligo1"
"AGCATACCAGATCGGAcntl","Oligo1","Oligo1","Oligo1"
"AGCCTAACAATAGAGTcntl","Oligo1","Oligo1","Oligo1"
"AGCCTAACAGGGATTGcntl","Oligo2","Oligo2","Oligo2"
"AGCCTAAGTCTGCCAGcntl","Oligo2","Oligo2","Oligo2"
"AGCCTAAGTGTGACCCcntl","Oligo1","Oligo1","Oligo1"
"AGCCTAATCACTCCTGcntl","Oligo2","Oligo2","Oligo2"
"AGCGGTCCAGTCACTAcntl","Oligo1","Oligo1","Oligo1"
"AGCGGTCGTACGCACCcntl","Oligo2","Oligo2","Oligo2"
"AGCGGTCGTCACTTCCcntl","Oligo2","Oligo2","Oligo2"
"AGCGGTCGTGTGAATAcntl","Oligo2","Oligo2","Oligo2"
"AGCGTCGCACATCTTTcntl","Oligo2","Oligo2","Oligo2"
"AGCTCCTTCTACCAGAcntl","Oligo1","Oligo1","Oligo1"
"AGCTCTCCACGGATAGcntl","Oligo1","Oligo1","Oligo1"
"AGCTCTCTCCATTCTAcntl","Oligo1","Oligo1","Oligo1"
"AGCTCTCTCGCAAGCCcntl","Oligo1","Oligo1","Oligo1"
"AGCTTGATCAACCATGcntl","Oligo2","Oligo2","Oligo2"
"AGCTTGATCCACGCAGcntl","Oligo1","Oligo1","Oligo1"
"AGCTTGATCTGCTGCTcntl","Oligo1","Oligo1","Oligo1"
"AGGCCACAGACGCAACcntl","Oligo1","Oligo1","Oligo1"
"AGGCCACTCTCTAGGAcntl","Oligo1","Oligo1","Oligo1"
"AGGCCGTGTGGCTCCAcntl","Oligo2","Oligo2","Oligo2"
"AGGGAGTAGAATTGTGcntl","Oligo1","Oligo1","Oligo1"
"AGGGATGAGCTAGTTCcntl","Oligo1","Oligo1","Oligo1"
"AGGGATGCATCCAACAcntl","Oligo2","Oligo2","Oligo2"
"AGGGATGGTTGCCTCTcntl","Oligo1","Oligo1","Oligo1"
"AGGTCATCACCAGTTAcntl","Oligo1","Oligo1","Oligo1"
"AGGTCATTCGGTGTCGcntl","Oligo2","Oligo2","Oligo2"
"AGGTCCGCAAAGTGCGcntl","Oligo1","Oligo1","Oligo1"
"AGGTCCGCACGCTTTCcntl","Oligo1","Oligo1","Oligo1"
"AGGTCCGGTGCGAAACcntl","Oligo1","Oligo1","Oligo1"
"AGGTCCGTCCTAGGGCcntl","Oligo1","Oligo1","Oligo1"
"AGTAGTCAGGTCATCTcntl","Oligo1","Oligo1","Oligo1"
"AGTCTTTTCAGAGACGcntl","Oligo1","Oligo1","Oligo1"
"AGTGGGAAGTTAACGAcntl","Oligo1","Oligo1","Oligo1"
"AGTGTCAAGCACAGGTcntl","Oligo1","Oligo1","Oligo1"
"AGTTGGTAGATCCCGCcntl","Oligo2","Oligo2","Oligo2"
"AGTTGGTAGTTTGCGTcntl","Oligo2","Oligo2","Oligo2"
"ATAGACCAGACGCAACcntl","Oligo1","Oligo1","Oligo1"
"ATAGACCTCTGTCCGTcntl","Oligo2","Oligo2","Oligo2"
"ATCACGACAGTGACAGcntl","Oligo1","Oligo1","Oligo1"
"ATCATCTCACTTACGAcntl","Oligo2","Oligo2","Oligo2"
"ATCATGGAGGCTCAGAcntl","Oligo1","Oligo1","Oligo1"
"ATCATGGCACCCTATCcntl","Oligo1","Oligo1","Oligo1"
"ATCATGGCATAAAGGTcntl","Oligo2","Oligo2","Oligo2"
"ATCCACCAGGCATTGGcntl","Oligo1","Oligo1","Oligo1"
"ATCGAGTCAAGCTGGAcntl","Oligo1","Oligo1","Oligo1"
"ATCTACTAGATGCCTTcntl","Oligo1","Oligo1","Oligo1"
"ATCTACTAGGGTTCCCcntl","Oligo1","Oligo1","Oligo1"
"ATCTGCCCACGGCGTTcntl","Oligo1","Oligo1","Oligo1"
"ATGAGGGCAGTAACGGcntl","Oligo1","Oligo1","Oligo1"
"ATGCGATCAGACAAGCcntl","Oligo1","Oligo1","Oligo1"
"ATGGGAGTCATGCATGcntl","Oligo2","Oligo2","Oligo2"
"ATGTGTGAGTTACGGGcntl","Oligo1","Oligo1","Oligo1"
"ATGTGTGGTCGGCATCcntl","Oligo1","Oligo1","Oligo1"
"ATTACTCGTTCGGCACcntl","Oligo1","Oligo1","Oligo1"
"ATTACTCTCTGCGTAAcntl","Oligo2","Oligo2","Oligo2"
"ATTATCCTCTCAAGTGcntl","Oligo1","Oligo1","Oligo1"
"ATTCTACCACCTCGTTcntl","Oligo1","Oligo1","Oligo1"
"ATTGGACAGCGTGAGTcntl","Oligo2","Oligo2","Oligo2"
"ATTGGACAGTGGCACAcntl","Oligo1","Oligo1","Oligo1"
"ATTGGACGTCTAGTCAcntl","Oligo2","Oligo2","Oligo2"
"ATTGGTGGTACAAGTAcntl","Oligo1","Oligo1","Oligo1"
"ATTGGTGTCTGTTTGTcntl","Oligo1","Oligo1","Oligo1"
"ATTTCTGAGTGTTTGCcntl","Oligo2","Oligo2","Oligo2"
"ATTTCTGGTTACGCGCcntl","Oligo2","Oligo2","Oligo2"
"CAACCAACATGCGCACcntl","Oligo1","Oligo1","Oligo1"
"CAACTAGAGCCTATGTcntl","Oligo1","Oligo1","Oligo1"
"CAACTAGAGGCATGTGcntl","Oligo1","Oligo1","Oligo1"
"CAAGAAATCACTTACTcntl","Oligo1","Oligo1","Oligo1"
"CAAGAAATCGATGAGGcntl","Oligo1","Oligo1","Oligo1"
"CAAGATCAGATATACGcntl","Oligo1","Oligo1","Oligo1"
"CAAGGCCGTCTTGCGGcntl","Oligo1","Oligo1","Oligo1"
"CAAGGCCTCACAATGCcntl","Oligo1","Oligo1","Oligo1"
"CAAGTTGTCTGGCGACcntl","Oligo2","Oligo2","Oligo2"
"CACAAACGTTCCGTCTcntl","Oligo1","Oligo1","Oligo1"
"CACAAACTCTTGCATTcntl","Oligo1","Oligo1","Oligo1"
"CACACAAAGAGTCTGGcntl","Oligo1","Oligo1","Oligo1"
"CACACAATCTATCCTAcntl","Oligo1","Oligo1","Oligo1"
"CACACCTAGCAGCGTAcntl","Oligo2","Oligo2","Oligo2"
"CACACTCAGACCCACCcntl","Oligo2","Oligo2","Oligo2"
"CACACTCAGCCAGTAGcntl","Oligo1","Oligo1","Oligo1"
"CACACTCCAAGTAGTAcntl","Oligo1","Oligo1","Oligo1"
"CACAGGCAGAGCTGGTcntl","Oligo1","Oligo1","Oligo1"
"CACAGGCCAAGCGCTCcntl","Oligo1","Oligo1","Oligo1"
"CACAGGCCATATACGCcntl","Oligo2","Oligo2","Oligo2"
"CACAGTAAGAGTACATcntl","Oligo1","Oligo1","Oligo1"
"CACAGTACATGACATCcntl","Oligo1","Oligo1","Oligo1"
"CACATAGAGCCAGTAGcntl","Oligo2","Oligo2","Oligo2"
"CACATAGTCAGTCAGTcntl","Oligo2","Oligo2","Oligo2"
"CACATTTGTAAGTGTAcntl","Oligo2","Oligo2","Oligo2"
"CACCAGGAGACACGACcntl","Oligo2","Oligo2","Oligo2"
"CACCAGGGTAAGTGGCcntl","Oligo1","Oligo1","Oligo1"
"CACCTTGGTCGAGATGcntl","Oligo1","Oligo1","Oligo1"
"CACCTTGTCATATCGGcntl","Oligo2","Oligo2","Oligo2"
"CACTCCAGTACATCCAcntl","Oligo2","Oligo2","Oligo2"
"CAGAATCCAGTATAAGcntl","Oligo1","Oligo1","Oligo1"
"CAGAGAGTCACCATAGcntl","Oligo1","Oligo1","Oligo1"
"CAGATCAGTCCGCTGAcntl","Oligo1","Oligo1","Oligo1"
"CAGATCATCGAGCCCAcntl","Oligo1","Oligo1","Oligo1"
"CAGCATACACTGAAGGcntl","Oligo1","Oligo1","Oligo1"
"CAGCCGAAGGGTCTCCcntl","Oligo2","Oligo2","Oligo2"
"CAGCGACAGTTACCCAcntl","Oligo1","Oligo1","Oligo1"
"CAGCTAAAGTGAAGAGcntl","Oligo1","Oligo1","Oligo1"
"CAGCTAACACTCGACGcntl","Oligo1","Oligo1","Oligo1"
"CAGCTAAGTCAGAAGCcntl","Oligo1","Oligo1","Oligo1"
"CAGCTAAGTGCATCTAcntl","Oligo1","Oligo1","Oligo1"
"CAGCTAATCACTGGGCcntl","Oligo2","Oligo2","Oligo2"
"CAGCTGGTCGGTCTAAcntl","Oligo1","Oligo1","Oligo1"
"CAGGTGCCACTCTGTCcntl","Oligo1","Oligo1","Oligo1"
"CAGGTGCTCTGCTGCTcntl","Oligo1","Oligo1","Oligo1"
"CAGGTGCTCTGTCTATcntl","Oligo2","Oligo2","Oligo2"
"CAGTAACAGAGGTTGCcntl","Oligo1","Oligo1","Oligo1"
"CAGTAACAGTACGTAAcntl","Oligo1","Oligo1","Oligo1"
"CAGTCCTCAAAGGAAGcntl","Oligo1","Oligo1","Oligo1"
"CAGTCCTCACATCCGGcntl","Oligo1","Oligo1","Oligo1"
"CAGTCCTCACCCAGTGcntl","Oligo2","Oligo2","Oligo2"
"CAGTCCTCACTAAGTCcntl","Oligo1","Oligo1","Oligo1"
"CATATGGCAGTCACTAcntl","Oligo1","Oligo1","Oligo1"
"CATATGGTCATCATTCcntl","Oligo2","Oligo2","Oligo2"
"CATATGGTCCTAGTGAcntl","Oligo2","Oligo2","Oligo2"
"CATCAAGTCCTATGTTcntl","Oligo1","Oligo1","Oligo1"
"CATCAGACACTAGTACcntl","Oligo2","Oligo2","Oligo2"
"CATCCACGTCAGAAGCcntl","Oligo2","Oligo2","Oligo2"
"CATCGAAAGTACCGGAcntl","Oligo1","Oligo1","Oligo1"
"CATCGAAGTGTGACGAcntl","Oligo2","Oligo2","Oligo2"
"CATCGGGTCATGTCCCcntl","Oligo1","Oligo1","Oligo1"
"CATGACAGTAAGTGGCcntl","Oligo1","Oligo1","Oligo1"
"CATGACAGTATTAGCCcntl","Oligo1","Oligo1","Oligo1"
"CATGACATCCACGACGcntl","Oligo1","Oligo1","Oligo1"
"CATGCCTAGGGCTCTCcntl","Oligo2","Oligo2","Oligo2"
"CATGCCTAGGTGGGTTcntl","Oligo1","Oligo1","Oligo1"
"CATGGCGGTACACCGCcntl","Oligo1","Oligo1","Oligo1"
"CATTATCGTCTCCATCcntl","Oligo1","Oligo1","Oligo1"
"CCAATCCCACATGGGAcntl","Oligo1","Oligo1","Oligo1"
"CCAATCCGTCTTTCATcntl","Oligo1","Oligo1","Oligo1"
"CCAATCCGTTCGTTGAcntl","Oligo2","Oligo2","Oligo2"
"CCACGGAAGGTGTGGTcntl","Oligo1","Oligo1","Oligo1"
"CCACGGATCACAAACCcntl","Oligo2","Oligo2","Oligo2"
"CCACTACTCTTACCGCcntl","Oligo1","Oligo1","Oligo1"
"CCAGCGAAGCGTAATAcntl","Oligo2","Oligo2","Oligo2"
"CCAGCGAGTGGCAAACcntl","Oligo2","Oligo2","Oligo2"
"CCATGTCGTAAACCTCcntl","Oligo2","Oligo2","Oligo2"
"CCATGTCGTAACGACGcntl","Oligo1","Oligo1","Oligo1"
"CCATGTCGTAGCTAAAcntl","Oligo1","Oligo1","Oligo1"
"CCCAATCGTAGCGTGAcntl","Oligo1","Oligo1","Oligo1"
"CCCAATCTCATTGCCCcntl","Oligo2","Oligo2","Oligo2"
"CCCAGTTTCACAATGCcntl","Oligo1","Oligo1","Oligo1"
"CCCAGTTTCGTAGATCcntl","Oligo1","Oligo1","Oligo1"
"CCCATACAGATTACCCcntl","Oligo2","Oligo2","Oligo2"
"CCCATACCAATGGTCTcntl","Oligo1","Oligo1","Oligo1"
"CCCATACCATAGACTCcntl","Oligo2","Oligo2","Oligo2"
"CCCATACCATCAGTACcntl","Oligo2","Oligo2","Oligo2"
"CCCATACTCAAGATCCcntl","Oligo1","Oligo1","Oligo1"
"CCCATACTCCACGACGcntl","Oligo1","Oligo1","Oligo1"
"CCCTCCTAGAAGGCCTcntl","Oligo2","Oligo2","Oligo2"
"CCGGGATGTGGTCTCGcntl","Oligo1","Oligo1","Oligo1"
"CCGTACTAGTGAACATcntl","Oligo1","Oligo1","Oligo1"
"CCGTACTCATTCTCATcntl","Oligo1","Oligo1","Oligo1"
"CCGTTCAAGTGCCAGAcntl","Oligo1","Oligo1","Oligo1"
"CCGTTCACATAGACTCcntl","Oligo2","Oligo2","Oligo2"
"CCTAAAGAGTACGTAAcntl","Oligo1","Oligo1","Oligo1"
"CCTAAAGGTCCGAAGAcntl","Oligo1","Oligo1","Oligo1"
"CCTAAAGTCGCATGGCcntl","Oligo2","Oligo2","Oligo2"
"CCTACACAGAAACCGCcntl","Oligo2","Oligo2","Oligo2"
"CCTACACAGATAGGAGcntl","Oligo1","Oligo1","Oligo1"
"CCTACACAGGCAGGTTcntl","Oligo2","Oligo2","Oligo2"
"CCTACACCATCGGTTAcntl","Oligo2","Oligo2","Oligo2"
"CCTACCATCATGGTCAcntl","Oligo1","Oligo1","Oligo1"
"CCTAGCTAGCTAAGATcntl","Oligo2","Oligo2","Oligo2"
"CCTAGCTAGGCCCTTGcntl","Oligo1","Oligo1","Oligo1"
"CCTAGCTGTCCCGACAcntl","Oligo2","Oligo2","Oligo2"
"CCTAGCTGTCGCTTCTcntl","Oligo2","Oligo2","Oligo2"
"CCTATTAAGAAACCTAcntl","Oligo2","Oligo2","Oligo2"
"CCTATTAAGCGCTCCAcntl","Oligo2","Oligo2","Oligo2"
"CCTATTAGTTGTGGAGcntl","Oligo1","Oligo1","Oligo1"
"CCTATTATCTGGCGTGcntl","Oligo1","Oligo1","Oligo1"
"CCTCAGTAGACACTAAcntl","Oligo1","Oligo1","Oligo1"
"CCTCTGAAGGGAGTAAcntl","Oligo1","Oligo1","Oligo1"
"CCTCTGACAGAGTGTGcntl","Oligo1","Oligo1","Oligo1"
"CCTCTGACAGCTCGACcntl","Oligo1","Oligo1","Oligo1"
"CCTCTGATCAGCTGGCcntl","Oligo2","Oligo2","Oligo2"
"CCTTACGCAATCCGATcntl","Oligo2","Oligo2","Oligo2"
"CCTTACGCATTGGTACcntl","Oligo1","Oligo1","Oligo1"
"CCTTACGGTTACGCGCcntl","Oligo2","Oligo2","Oligo2"
"CCTTCCCAGTGCCATTcntl","Oligo1","Oligo1","Oligo1"
"CCTTCCCCAGAAGCACcntl","Oligo2","Oligo2","Oligo2"
"CCTTCCCCAGCCTTGGcntl","Oligo1","Oligo1","Oligo1"
"CCTTCCCTCCACGAATcntl","Oligo1","Oligo1","Oligo1"
"CCTTCGACAAGCTGAGcntl","Oligo2","Oligo2","Oligo2"
"CCTTCGAGTCCGAATTcntl","Oligo1","Oligo1","Oligo1"
"CCTTCGATCCAAAGTCcntl","Oligo1","Oligo1","Oligo1"
"CGAACATGTGACAAATcntl","Oligo1","Oligo1","Oligo1"
"CGAATGTCACCGAAAGcntl","Oligo1","Oligo1","Oligo1"
"CGAATGTCATTTCACTcntl","Oligo1","Oligo1","Oligo1"
"CGACCTTAGATGGCGTcntl","Oligo2","Oligo2","Oligo2"
"CGACTTCCATACGCTAcntl","Oligo2","Oligo2","Oligo2"
"CGACTTCGTGAGTGACcntl","Oligo1","Oligo1","Oligo1"
"CGACTTCTCGTCCGTTcntl","Oligo1","Oligo1","Oligo1"
"CGAGCACGTCACAAGGcntl","Oligo1","Oligo1","Oligo1"
"CGAGCCAAGACAGACCcntl","Oligo2","Oligo2","Oligo2"
"CGAGCCAAGATGTTAGcntl","Oligo1","Oligo1","Oligo1"
"CGAGCCACAACGATGGcntl","Oligo2","Oligo2","Oligo2"
"CGATGTACAACACGCCcntl","Oligo1","Oligo1","Oligo1"
"CGATGTATCGAATGGGcntl","Oligo1","Oligo1","Oligo1"
"CGCCAAGAGTGAACGCcntl","Oligo2","Oligo2","Oligo2"
"CGCGGTAAGTACGCGAcntl","Oligo1","Oligo1","Oligo1"
"CGCGGTATCGCAGGCTcntl","Oligo1","Oligo1","Oligo1"
"CGCGTTTTCTTTACACcntl","Oligo1","Oligo1","Oligo1"
"CGCTATCGTTGAGTTCcntl","Oligo1","Oligo1","Oligo1"
"CGCTGGAAGTGTCCCGcntl","Oligo1","Oligo1","Oligo1"
"CGCTGGAGTGCATCTAcntl","Oligo1","Oligo1","Oligo1"
"CGCTGGAGTTGCGCACcntl","Oligo1","Oligo1","Oligo1"
"CGCTTCAAGCGCTCCAcntl","Oligo2","Oligo2","Oligo2"
"CGCTTCATCGTAGGTTcntl","Oligo1","Oligo1","Oligo1"
"CGGACACAGCATGGCAcntl","Oligo1","Oligo1","Oligo1"
"CGGACTGTCGATAGAAcntl","Oligo2","Oligo2","Oligo2"
"CGGAGCTAGGATGCGTcntl","Oligo1","Oligo1","Oligo1"
"CGGAGCTCAAAGTCAAcntl","Oligo2","Oligo2","Oligo2"
"CGGAGCTCAATGACCTcntl","Oligo1","Oligo1","Oligo1"
"CGGAGCTGTCCTCCATcntl","Oligo2","Oligo2","Oligo2"
"CGGAGTCGTTGTTTGGcntl","Oligo1","Oligo1","Oligo1"
"CGGGTCATCTCTGAGAcntl","Oligo1","Oligo1","Oligo1"
"CGGTTAAAGCAGATCGcntl","Oligo1","Oligo1","Oligo1"
"CGGTTAACAGAGCCAAcntl","Oligo2","Oligo2","Oligo2"
"CGGTTAATCAACGGGAcntl","Oligo2","Oligo2","Oligo2"
"CGTAGCGAGATGGCGTcntl","Oligo1","Oligo1","Oligo1"
"CGTAGGCCAGCGTCCAcntl","Oligo2","Oligo2","Oligo2"
"CGTAGGCGTCTTGATGcntl","Oligo1","Oligo1","Oligo1"
"CGTCACTAGCGATAGCcntl","Oligo1","Oligo1","Oligo1"
"CGTCACTAGTTGTAGAcntl","Oligo1","Oligo1","Oligo1"
"CGTCAGGCACGGCCATcntl","Oligo1","Oligo1","Oligo1"
"CGTCTACGTGTCAATCcntl","Oligo1","Oligo1","Oligo1"
"CGTGTCTGTATAGGTAcntl","Oligo1","Oligo1","Oligo1"
"CGTGTCTGTCGGCTCAcntl","Oligo2","Oligo2","Oligo2"
"CGTGTCTGTTAAGAACcntl","Oligo1","Oligo1","Oligo1"
"CGTTAGACACGGTGTCcntl","Oligo1","Oligo1","Oligo1"
"CTAACTTTCATTTGGGcntl","Oligo2","Oligo2","Oligo2"
"CTAACTTTCGAACGGAcntl","Oligo1","Oligo1","Oligo1"
"CTAATGGCATAGTAAGcntl","Oligo1","Oligo1","Oligo1"
"CTAATGGGTAAGGATTcntl","Oligo1","Oligo1","Oligo1"
"CTACACCAGGTTACCTcntl","Oligo2","Oligo2","Oligo2"
"CTACACCCAGGATTGGcntl","Oligo2","Oligo2","Oligo2"
"CTACACCCATTCTCATcntl","Oligo2","Oligo2","Oligo2"
"CTACATTAGTGTTAGAcntl","Oligo1","Oligo1","Oligo1"
"CTACATTCAGCTCCGAcntl","Oligo1","Oligo1","Oligo1"
"CTACATTTCTGATACGcntl","Oligo2","Oligo2","Oligo2"
"CTACCCACATATACCGcntl","Oligo1","Oligo1","Oligo1"
"CTACCCAGTCGTGGCTcntl","Oligo2","Oligo2","Oligo2"
"CTACGTCAGCCAGAACcntl","Oligo1","Oligo1","Oligo1"
"CTACGTCGTCATCGGCcntl","Oligo2","Oligo2","Oligo2"
"CTACGTCGTGCAACGAcntl","Oligo2","Oligo2","Oligo2"
"CTACGTCGTTCGCGACcntl","Oligo2","Oligo2","Oligo2"
"CTAGAGTCATGAAGTAcntl","Oligo2","Oligo2","Oligo2"
"CTAGAGTTCCCAGGTGcntl","Oligo1","Oligo1","Oligo1"
"CTAGCCTCACGTGAGAcntl","Oligo2","Oligo2","Oligo2"
"CTAGTGACAATAGAGTcntl","Oligo1","Oligo1","Oligo1"
"CTAGTGACAATGAATGcntl","Oligo1","Oligo1","Oligo1"
"CTAGTGATCTCGATGAcntl","Oligo1","Oligo1","Oligo1"
"CTCACACAGACTGGGTcntl","Oligo1","Oligo1","Oligo1"
"CTCATTAAGTGTCCATcntl","Oligo1","Oligo1","Oligo1"
"CTCATTAGTGCCTTGGcntl","Oligo1","Oligo1","Oligo1"
"CTCCTAGAGAGTTGGCcntl","Oligo1","Oligo1","Oligo1"
"CTCCTAGAGTTTAGGAcntl","Oligo1","Oligo1","Oligo1"
"CTCCTAGTCTTGAGGTcntl","Oligo1","Oligo1","Oligo1"
"CTCGAAAAGGGATCTGcntl","Oligo1","Oligo1","Oligo1"
"CTCGAAAAGTGGCACAcntl","Oligo1","Oligo1","Oligo1"
"CTCGAAACATCGATGTcntl","Oligo1","Oligo1","Oligo1"
"CTCGAGGTCAAGGTAAcntl","Oligo1","Oligo1","Oligo1"
"CTCGGGAAGGCGTACAcntl","Oligo1","Oligo1","Oligo1"
"CTCGTACGTCGAGATGcntl","Oligo1","Oligo1","Oligo1"
"CTCGTACGTTCCAACAcntl","Oligo1","Oligo1","Oligo1"
"CTCGTCAGTATAGGTAcntl","Oligo2","Oligo2","Oligo2"
"CTCTAATTCCTAGAACcntl","Oligo1","Oligo1","Oligo1"
"CTCTACGCAAACAACAcntl","Oligo2","Oligo2","Oligo2"
"CTCTGGTCATCCGGGTcntl","Oligo1","Oligo1","Oligo1"
"CTGAAGTCAGCTCGCAcntl","Oligo1","Oligo1","Oligo1"
"CTGATAGAGGGAACGGcntl","Oligo2","Oligo2","Oligo2"
"CTGATAGGTAGGGACTcntl","Oligo1","Oligo1","Oligo1"
"CTGATAGGTCTTGATGcntl","Oligo1","Oligo1","Oligo1"
"CTGATCCCACGACTCGcntl","Oligo1","Oligo1","Oligo1"
"CTGATCCGTCCGAACCcntl","Oligo1","Oligo1","Oligo1"
"CTGATCCTCGTCGTTCcntl","Oligo1","Oligo1","Oligo1"
"CTGCCTAAGGGAGTAAcntl","Oligo1","Oligo1","Oligo1"
"CTGCCTATCGTCCGTTcntl","Oligo1","Oligo1","Oligo1"
"CTGCTGTAGGTGATATcntl","Oligo2","Oligo2","Oligo2"
"CTGCTGTGTGGAAAGAcntl","Oligo1","Oligo1","Oligo1"
"CTGCTGTTCAATACCGcntl","Oligo2","Oligo2","Oligo2"
"CTGGTCTAGAGTGACCcntl","Oligo1","Oligo1","Oligo1"
"CTGGTCTGTGCGCTTGcntl","Oligo1","Oligo1","Oligo1"
"CTGGTCTGTGTATGGGcntl","Oligo1","Oligo1","Oligo1"
"CTGTGCTAGACAGGCTcntl","Oligo1","Oligo1","Oligo1"
"CTGTGCTAGCGATGACcntl","Oligo2","Oligo2","Oligo2"
"CTGTGCTTCATGTCTTcntl","Oligo1","Oligo1","Oligo1"
"CTGTTTAAGCTCAACTcntl","Oligo1","Oligo1","Oligo1"
"CTGTTTAAGTTATCGCcntl","Oligo1","Oligo1","Oligo1"
"CTGTTTAGTTCACGGCcntl","Oligo2","Oligo2","Oligo2"
"CTGTTTATCGAGAGCAcntl","Oligo1","Oligo1","Oligo1"
"CTGTTTATCGATAGAAcntl","Oligo1","Oligo1","Oligo1"
"CTTACCGAGGCCATAGcntl","Oligo1","Oligo1","Oligo1"
"CTTAGGACAAGTTCTGcntl","Oligo1","Oligo1","Oligo1"
"CTTCTCTCATGTAGTCcntl","Oligo1","Oligo1","Oligo1"
"CTTGGCTCATTCCTCGcntl","Oligo1","Oligo1","Oligo1"
"CTTGGCTGTACGCTGCcntl","Oligo2","Oligo2","Oligo2"
"CTTTGCGTCCATTCTAcntl","Oligo2","Oligo2","Oligo2"
"CTTTGCGTCCGAAGAGcntl","Oligo2","Oligo2","Oligo2"
"GAAACTCCATTAGGCTcntl","Oligo1","Oligo1","Oligo1"
"GAAACTCGTGCACTTAcntl","Oligo1","Oligo1","Oligo1"
"GAAATGACATTACGACcntl","Oligo1","Oligo1","Oligo1"
"GAACATCAGAGGTTGCcntl","Oligo1","Oligo1","Oligo1"
"GAACATCAGTTGCAGGcntl","Oligo1","Oligo1","Oligo1"
"GAACATCCATTCCTCGcntl","Oligo1","Oligo1","Oligo1"
"GAACATCTCATTATCCcntl","Oligo1","Oligo1","Oligo1"
"GAACCTAAGTACGTAAcntl","Oligo1","Oligo1","Oligo1"
"GAACCTATCATTGCGAcntl","Oligo2","Oligo2","Oligo2"
"GAAGCAGGTATCAGTCcntl","Oligo1","Oligo1","Oligo1"
"GAAGCAGGTCCGAACCcntl","Oligo1","Oligo1","Oligo1"
"GAAGCAGTCACTGGGCcntl","Oligo2","Oligo2","Oligo2"
"GAAGCAGTCGGATGTTcntl","Oligo1","Oligo1","Oligo1"
"GAATAAGAGTGTGAATcntl","Oligo1","Oligo1","Oligo1"
"GAATAAGGTCTAGCGCcntl","Oligo2","Oligo2","Oligo2"
"GAATAAGTCACTCTTAcntl","Oligo2","Oligo2","Oligo2"
"GAATGAAAGACCTAGGcntl","Oligo1","Oligo1","Oligo1"
"GAATGAAAGGATGGTCcntl","Oligo2","Oligo2","Oligo2"
"GAATGAACACACAGAGcntl","Oligo2","Oligo2","Oligo2"
"GAATGAACAGTGGGATcntl","Oligo1","Oligo1","Oligo1"
"GAATGAAGTTGTGGCCcntl","Oligo1","Oligo1","Oligo1"
"GAATGAATCACTGGGCcntl","Oligo1","Oligo1","Oligo1"
"GACACGCGTCACCTAAcntl","Oligo1","Oligo1","Oligo1"
"GACACGCGTGGTCTCGcntl","Oligo1","Oligo1","Oligo1"
"GACAGAGGTCCGAACCcntl","Oligo1","Oligo1","Oligo1"
"GACCTGGAGGTACTCTcntl","Oligo1","Oligo1","Oligo1"
"GACCTGGCAATCCAACcntl","Oligo2","Oligo2","Oligo2"
"GACCTGGTCTACGAGTcntl","Oligo2","Oligo2","Oligo2"
"GACGCGTAGCTCCCAGcntl","Oligo1","Oligo1","Oligo1"
"GACGCGTAGTTTAGGAcntl","Oligo2","Oligo2","Oligo2"
"GACGCGTCACAACGTTcntl","Oligo2","Oligo2","Oligo2"
"GACGCGTCACATCTTTcntl","Oligo1","Oligo1","Oligo1"
"GACGGCTAGGGAACGGcntl","Oligo1","Oligo1","Oligo1"
"GACGTGCAGATCGATAcntl","Oligo2","Oligo2","Oligo2"
"GACGTGCGTAGGCTGAcntl","Oligo2","Oligo2","Oligo2"
"GACGTTACAATTGCTGcntl","Oligo1","Oligo1","Oligo1"
"GACGTTATCACTCTTAcntl","Oligo1","Oligo1","Oligo1"
"GACTAACAGCTAGTCTcntl","Oligo1","Oligo1","Oligo1"
"GACTACAGTATGCTTGcntl","Oligo2","Oligo2","Oligo2"
"GACTACAGTCCGAGTCcntl","Oligo1","Oligo1","Oligo1"
"GACTACATCTTGCAAGcntl","Oligo1","Oligo1","Oligo1"
"GAGCAGAGTGCCTGGTcntl","Oligo1","Oligo1","Oligo1"
"GAGCAGATCGCAGGCTcntl","Oligo1","Oligo1","Oligo1"
"GAGCAGATCGTGGTCGcntl","Oligo1","Oligo1","Oligo1"
"GAGGTGAAGAGTAAGGcntl","Oligo2","Oligo2","Oligo2"
"GAGGTGACAGCCAGAAcntl","Oligo2","Oligo2","Oligo2"
"GAGGTGACATGAGCGAcntl","Oligo1","Oligo1","Oligo1"
"GATCAGTAGAGACTATcntl","Oligo2","Oligo2","Oligo2"
"GATCAGTAGTGGTAGCcntl","Oligo1","Oligo1","Oligo1"
"GATCAGTGTACGCTGCcntl","Oligo1","Oligo1","Oligo1"
"GATCAGTGTACTTCTTcntl","Oligo1","Oligo1","Oligo1"
"GATCAGTTCCCGACTTcntl","Oligo2","Oligo2","Oligo2"
"GATCAGTTCGCGCCAAcntl","Oligo1","Oligo1","Oligo1"
"GATCGCGTCAGAGGTGcntl","Oligo1","Oligo1","Oligo1"
"GATCGTAGTTATCACGcntl","Oligo2","Oligo2","Oligo2"
"GATCTAGCAAATACAGcntl","Oligo1","Oligo1","Oligo1"
"GATCTAGTCGCCCTTAcntl","Oligo1","Oligo1","Oligo1"
"GATGAAAAGTACGACGcntl","Oligo1","Oligo1","Oligo1"
"GATGAAAAGTCAAGGCcntl","Oligo2","Oligo2","Oligo2"
"GATGAAACACTCTGTCcntl","Oligo1","Oligo1","Oligo1"
"GATGAAACATCTACGAcntl","Oligo1","Oligo1","Oligo1"
"GATGAGGTCTGGCGTGcntl","Oligo2","Oligo2","Oligo2"
"GATGCTATCGCCGTGAcntl","Oligo1","Oligo1","Oligo1"
"GATTCAGGTAGCTTGTcntl","Oligo1","Oligo1","Oligo1"
"GCAAACTAGACTAGATcntl","Oligo2","Oligo2","Oligo2"
"GCAAACTAGCTCCCAGcntl","Oligo2","Oligo2","Oligo2"
"GCAAACTAGGACTGGTcntl","Oligo1","Oligo1","Oligo1"
"GCAATCACACAGCCCAcntl","Oligo2","Oligo2","Oligo2"
"GCACATAAGCTAGCCCcntl","Oligo2","Oligo2","Oligo2"
"GCACATACACCCATTCcntl","Oligo2","Oligo2","Oligo2"
"GCACTCTGTACCATCAcntl","Oligo2","Oligo2","Oligo2"
"GCACTCTGTCAAAGATcntl","Oligo1","Oligo1","Oligo1"
"GCAGTTAGTAGGGACTcntl","Oligo2","Oligo2","Oligo2"
"GCATACAAGTCGCCGTcntl","Oligo1","Oligo1","Oligo1"
"GCATACACAAAGAATCcntl","Oligo1","Oligo1","Oligo1"
"GCATGATTCACGGTTAcntl","Oligo1","Oligo1","Oligo1"
"GCATGCGAGGCAATTAcntl","Oligo1","Oligo1","Oligo1"
"GCATGCGTCAGCGATTcntl","Oligo1","Oligo1","Oligo1"
"GCATGTAGTTTGTTTCcntl","Oligo1","Oligo1","Oligo1"
"GCATGTATCAACGCTAcntl","Oligo2","Oligo2","Oligo2"
"GCCAAATCACTCTGTCcntl","Oligo1","Oligo1","Oligo1"
"GCCAAATGTGAGCGATcntl","Oligo1","Oligo1","Oligo1"
"GCCTCTACAACACCTAcntl","Oligo2","Oligo2","Oligo2"
"GCCTCTATCGTTTAGGcntl","Oligo1","Oligo1","Oligo1"
"GCGACCAAGTTCGCATcntl","Oligo1","Oligo1","Oligo1"
"GCGACCACACGGTAAGcntl","Oligo2","Oligo2","Oligo2"
"GCGAGAAGTAAGTGTAcntl","Oligo1","Oligo1","Oligo1"
"GCGCAACTCTCTTATGcntl","Oligo1","Oligo1","Oligo1"
"GCGCAGTAGATGCCAGcntl","Oligo1","Oligo1","Oligo1"
"GCGCCAAAGCAGCCTCcntl","Oligo2","Oligo2","Oligo2"
"GCGCCAAGTAGCAAATcntl","Oligo2","Oligo2","Oligo2"
"GCGCGATAGCTAACAAcntl","Oligo1","Oligo1","Oligo1"
"GCGCGATAGGGAACGGcntl","Oligo1","Oligo1","Oligo1"
"GCGGGTTGTACGAAATcntl","Oligo2","Oligo2","Oligo2"
"GCTCCTAAGTACGATAcntl","Oligo1","Oligo1","Oligo1"
"GCTCTGTAGATCACGGcntl","Oligo1","Oligo1","Oligo1"
"GCTCTGTCATCCCATCcntl","Oligo2","Oligo2","Oligo2"
"GCTCTGTGTGAAGGCTcntl","Oligo1","Oligo1","Oligo1"
"GCTGCAGGTCATATGCcntl","Oligo2","Oligo2","Oligo2"
"GCTGCAGGTTTGCATGcntl","Oligo2","Oligo2","Oligo2"
"GCTGCAGTCAAGATCCcntl","Oligo1","Oligo1","Oligo1"
"GCTGCGAAGCGCCTCAcntl","Oligo2","Oligo2","Oligo2"
"GCTGCGAAGTAGGTGCcntl","Oligo1","Oligo1","Oligo1"
"GCTGCGAAGTCTCCTCcntl","Oligo1","Oligo1","Oligo1"
"GCTGCGAGTGGGTATGcntl","Oligo1","Oligo1","Oligo1"
"GCTGCGAGTGTCTGATcntl","Oligo1","Oligo1","Oligo1"
"GCTGCTTAGAAGGTGAcntl","Oligo1","Oligo1","Oligo1"
"GCTGCTTAGCCAGTTTcntl","Oligo1","Oligo1","Oligo1"
"GCTGCTTTCGACAGCCcntl","Oligo1","Oligo1","Oligo1"
"GCTGGGTAGTAGTGCGcntl","Oligo1","Oligo1","Oligo1"
"GCTGGGTCAACACCTAcntl","Oligo1","Oligo1","Oligo1"
"GCTTCCAAGATTACCCcntl","Oligo2","Oligo2","Oligo2"
"GCTTCCACATAGACTCcntl","Oligo2","Oligo2","Oligo2"
"GCTTCCAGTGCAGGTAcntl","Oligo1","Oligo1","Oligo1"
"GCTTCCATCCCTGACTcntl","Oligo2","Oligo2","Oligo2"
"GCTTCCATCCTCCTAGcntl","Oligo1","Oligo1","Oligo1"
"GCTTCCATCTGGTATGcntl","Oligo1","Oligo1","Oligo1"
"GCTTGAACAACACCCGcntl","Oligo1","Oligo1","Oligo1"
"GGAATAAAGCAAATCAcntl","Oligo2","Oligo2","Oligo2"
"GGAATAAAGTGCTGCCcntl","Oligo1","Oligo1","Oligo1"
"GGAATAATCCGTAGTAcntl","Oligo1","Oligo1","Oligo1"
"GGACAAGCATTGGCGCcntl","Oligo1","Oligo1","Oligo1"
"GGACAAGGTAAGTAGTcntl","Oligo1","Oligo1","Oligo1"
"GGACAAGGTTCCGGCAcntl","Oligo2","Oligo2","Oligo2"
"GGACAGAAGTGAATTGcntl","Oligo1","Oligo1","Oligo1"
"GGACATTGTCTACCTCcntl","Oligo1","Oligo1","Oligo1"
"GGACGTCGTTCCGGCAcntl","Oligo1","Oligo1","Oligo1"
"GGACGTCTCGGCGCATcntl","Oligo1","Oligo1","Oligo1"
"GGAGCAACAGCTCGCAcntl","Oligo2","Oligo2","Oligo2"
"GGAGCAACATGCTGGCcntl","Oligo2","Oligo2","Oligo2"
"GGAGCAAGTTTCGCTCcntl","Oligo2","Oligo2","Oligo2"
"GGAGCAATCGTGGGAAcntl","Oligo1","Oligo1","Oligo1"
"GGATGTTCATGTCTCCcntl","Oligo1","Oligo1","Oligo1"
"GGATTACCAATCACACcntl","Oligo1","Oligo1","Oligo1"
"GGATTACCACCACCAGcntl","Oligo2","Oligo2","Oligo2"
"GGATTACTCCGTACAAcntl","Oligo2","Oligo2","Oligo2"
"GGCAATTAGAGTCGGTcntl","Oligo2","Oligo2","Oligo2"
"GGCAATTCACATGGGAcntl","Oligo2","Oligo2","Oligo2"
"GGCAATTCAGGCTCACcntl","Oligo2","Oligo2","Oligo2"
"GGCGACTAGATTACCCcntl","Oligo2","Oligo2","Oligo2"
"GGCGACTCAGACAAATcntl","Oligo2","Oligo2","Oligo2"
"GGCTCGAAGCTATGCTcntl","Oligo1","Oligo1","Oligo1"
"GGCTCGACAGCTCGACcntl","Oligo1","Oligo1","Oligo1"
"GGCTCGAGTCCAAGTTcntl","Oligo1","Oligo1","Oligo1"
"GGCTCGAGTCTCTCTGcntl","Oligo1","Oligo1","Oligo1"
"GGCTGGTAGCAGCGTAcntl","Oligo1","Oligo1","Oligo1"
"GGCTGGTAGGGATGGGcntl","Oligo1","Oligo1","Oligo1"
"GGGAATGCACTTAACGcntl","Oligo2","Oligo2","Oligo2"
"GGGACCTGTCGAACAGcntl","Oligo1","Oligo1","Oligo1"
"GGGAGATTCCTAAGTGcntl","Oligo1","Oligo1","Oligo1"
"GGGCATCCACAGGTTTcntl","Oligo1","Oligo1","Oligo1"
"GGGTCTGGTGACGCCTcntl","Oligo1","Oligo1","Oligo1"
"GGTATTGCAATCGGTTcntl","Oligo1","Oligo1","Oligo1"
"GGTATTGCACAACTGTcntl","Oligo1","Oligo1","Oligo1"
"GGTGAAGAGCAGCGTAcntl","Oligo1","Oligo1","Oligo1"
"GGTGAAGAGTACCGGAcntl","Oligo2","Oligo2","Oligo2"
"GGTGAAGCAAGTCTACcntl","Oligo2","Oligo2","Oligo2"
"GGTGAAGCAGACAAATcntl","Oligo2","Oligo2","Oligo2"
"GGTGTTAAGACAGGCTcntl","Oligo1","Oligo1","Oligo1"
"GGTGTTACATCAGTCAcntl","Oligo2","Oligo2","Oligo2"
"GGTGTTAGTCGCTTCTcntl","Oligo1","Oligo1","Oligo1"
"GGTGTTATCGCTAGCGcntl","Oligo2","Oligo2","Oligo2"
"GTAACGTAGTACCGGAcntl","Oligo2","Oligo2","Oligo2"
"GTAACGTGTACAGTTCcntl","Oligo1","Oligo1","Oligo1"
"GTAACGTGTTACAGAAcntl","Oligo2","Oligo2","Oligo2"
"GTACGTATCACGCATAcntl","Oligo1","Oligo1","Oligo1"
"GTACTCCGTTGACGTTcntl","Oligo1","Oligo1","Oligo1"
"GTACTTTTCATGTAGCcntl","Oligo1","Oligo1","Oligo1"
"GTAGGCCCAGTCTTCCcntl","Oligo2","Oligo2","Oligo2"
"GTAGGCCGTAATCACCcntl","Oligo1","Oligo1","Oligo1"
"GTAGGCCGTCCCGACAcntl","Oligo2","Oligo2","Oligo2"
"GTAGGCCGTCGGCACTcntl","Oligo2","Oligo2","Oligo2"
"GTAGGCCTCCAAGTACcntl","Oligo2","Oligo2","Oligo2"
"GTAGTCAGTATGAAACcntl","Oligo1","Oligo1","Oligo1"
"GTATTCTGTAAGCACGcntl","Oligo1","Oligo1","Oligo1"
"GTATTCTTCGCGATCGcntl","Oligo1","Oligo1","Oligo1"
"GTATTCTTCGGACAAGcntl","Oligo2","Oligo2","Oligo2"
"GTCAAGTCACAAGCCCcntl","Oligo2","Oligo2","Oligo2"
"GTCAAGTGTGGTCTCGcntl","Oligo1","Oligo1","Oligo1"
"GTCAAGTTCTTTAGTCcntl","Oligo2","Oligo2","Oligo2"
"GTCACGGTCGTGGACCcntl","Oligo1","Oligo1","Oligo1"
"GTCCTCACATGGAATAcntl","Oligo2","Oligo2","Oligo2"
"GTCCTCAGTTCGAATCcntl","Oligo2","Oligo2","Oligo2"
"GTCGGGTGTGTAAGTAcntl","Oligo1","Oligo1","Oligo1"
"GTCGGGTGTTCGCTAAcntl","Oligo2","Oligo2","Oligo2"
"GTCGTAATCCTCGCATcntl","Oligo2","Oligo2","Oligo2"
"GTCTCGTTCAGCTCTCcntl","Oligo2","Oligo2","Oligo2"
"GTCTCGTTCAGTGTTGcntl","Oligo2","Oligo2","Oligo2"
"GTGAAGGGTGTTTGGTcntl","Oligo2","Oligo2","Oligo2"
"GTGCAGCTCAGTCAGTcntl","Oligo2","Oligo2","Oligo2"
"GTGCAGCTCTCTGAGAcntl","Oligo2","Oligo2","Oligo2"
"GTGCATAAGTTAGCGGcntl","Oligo1","Oligo1","Oligo1"
"GTGCATATCTTGTCATcntl","Oligo1","Oligo1","Oligo1"
"GTGCGGTAGGTGCAACcntl","Oligo2","Oligo2","Oligo2"
"GTGCTTCAGAATTGTGcntl","Oligo2","Oligo2","Oligo2"
"GTGGGTCCATTCCTGCcntl","Oligo2","Oligo2","Oligo2"
"GTGTGCGAGCTGAACGcntl","Oligo2","Oligo2","Oligo2"
"GTGTGCGCACCGCTAGcntl","Oligo1","Oligo1","Oligo1"
"GTGTGCGGTCCTCTTGcntl","Oligo1","Oligo1","Oligo1"
"GTGTTAGAGTCATGCTcntl","Oligo2","Oligo2","Oligo2"
"GTTAAGCCACTCGACGcntl","Oligo1","Oligo1","Oligo1"
"GTTAAGCGTAAGAGGAcntl","Oligo2","Oligo2","Oligo2"
"GTTAAGCGTCAGAAGCcntl","Oligo1","Oligo1","Oligo1"
"GTTCATTAGGTAGCCAcntl","Oligo2","Oligo2","Oligo2"
"GTTCGGGTCCAGAGGAcntl","Oligo1","Oligo1","Oligo1"
"GTTCGGGTCTGGCGTGcntl","Oligo1","Oligo1","Oligo1"
"GTTCTCGAGTACACCTcntl","Oligo1","Oligo1","Oligo1"
"GTTTCTAAGCGCTTATcntl","Oligo1","Oligo1","Oligo1"
"GTTTCTAGTATCTGCAcntl","Oligo1","Oligo1","Oligo1"
"TAAACCGAGGACCACAcntl","Oligo2","Oligo2","Oligo2"
"TAAACCGAGGATCGCAcntl","Oligo2","Oligo2","Oligo2"
"TAAACCGTCCTAAGTGcntl","Oligo1","Oligo1","Oligo1"
"TAAGAGACATACGCCGcntl","Oligo1","Oligo1","Oligo1"
"TAAGCGTTCTGCCAGGcntl","Oligo1","Oligo1","Oligo1"
"TAAGTGCGTAATCACCcntl","Oligo1","Oligo1","Oligo1"
"TAAGTGCTCAAACAAGcntl","Oligo2","Oligo2","Oligo2"
"TAAGTGCTCTAACCGAcntl","Oligo1","Oligo1","Oligo1"
"TACACGACACCTATCCcntl","Oligo2","Oligo2","Oligo2"
"TACACGAGTTCCAACAcntl","Oligo1","Oligo1","Oligo1"
"TACAGTGAGCTACCGCcntl","Oligo1","Oligo1","Oligo1"
"TACAGTGTCGAACGGAcntl","Oligo2","Oligo2","Oligo2"
"TACCTATAGCTGCCCAcntl","Oligo1","Oligo1","Oligo1"
"TACCTATCACCAACCGcntl","Oligo2","Oligo2","Oligo2"
"TACCTATCACTCTGTCcntl","Oligo1","Oligo1","Oligo1"
"TACCTATCAGCGTCCAcntl","Oligo1","Oligo1","Oligo1"
"TACCTATTCCGAAGAGcntl","Oligo1","Oligo1","Oligo1"
"TACGGGCGTTAAAGTGcntl","Oligo2","Oligo2","Oligo2"
"TACGGGCTCAAGGCTTcntl","Oligo2","Oligo2","Oligo2"
"TACGGGCTCCGTTGCTcntl","Oligo2","Oligo2","Oligo2"
"TACGGTACAAAGTCAAcntl","Oligo1","Oligo1","Oligo1"
"TACGGTACAACACGCCcntl","Oligo1","Oligo1","Oligo1"
"TACGGTACATCGGACCcntl","Oligo2","Oligo2","Oligo2"
"TACGGTAGTGAGGGAGcntl","Oligo2","Oligo2","Oligo2"
"TACGGTATCGAGCCCAcntl","Oligo2","Oligo2","Oligo2"
"TACGGTATCTCGTATTcntl","Oligo1","Oligo1","Oligo1"
"TACTCATGTCCCTACTcntl","Oligo1","Oligo1","Oligo1"
"TACTCATTCAGCTCTCcntl","Oligo1","Oligo1","Oligo1"
"TACTCGCGTACCCAATcntl","Oligo2","Oligo2","Oligo2"
"TACTCGCTCCAAGCCGcntl","Oligo2","Oligo2","Oligo2"
"TACTTACGTACACCGCcntl","Oligo1","Oligo1","Oligo1"
"TACTTACGTATATCCGcntl","Oligo1","Oligo1","Oligo1"
"TACTTGTGTCGTCTTCcntl","Oligo2","Oligo2","Oligo2"
"TACTTGTTCGTGGTCGcntl","Oligo1","Oligo1","Oligo1"
"TAGCCGGAGGAGTTGCcntl","Oligo2","Oligo2","Oligo2"
"TAGGCATCATGGGACAcntl","Oligo2","Oligo2","Oligo2"
"TAGTGGTAGTTACCCAcntl","Oligo2","Oligo2","Oligo2"
"TAGTGGTCATACCATGcntl","Oligo1","Oligo1","Oligo1"
"TATCAGGGTTCCGGCAcntl","Oligo1","Oligo1","Oligo1"
"TATTACCCACAACTGTcntl","Oligo2","Oligo2","Oligo2"
"TATTACCCAGCGAACAcntl","Oligo1","Oligo1","Oligo1"
"TATTACCTCAAGATCCcntl","Oligo1","Oligo1","Oligo1"
"TCAACGATCTATGTGGcntl","Oligo1","Oligo1","Oligo1"
"TCAATCTGTAACGACGcntl","Oligo1","Oligo1","Oligo1"
"TCAATCTGTGTGGCTCcntl","Oligo1","Oligo1","Oligo1"
"TCACAAGAGCTGTCTAcntl","Oligo1","Oligo1","Oligo1"
"TCACAAGCAAGTACCTcntl","Oligo2","Oligo2","Oligo2"
"TCACAAGGTATATGAGcntl","Oligo1","Oligo1","Oligo1"
"TCACGAATCAAGATCCcntl","Oligo1","Oligo1","Oligo1"
"TCAGCAAGTCGGGTCTcntl","Oligo1","Oligo1","Oligo1"
"TCAGCAATCGGTCTAAcntl","Oligo1","Oligo1","Oligo1"
"TCAGGATCACCGATATcntl","Oligo2","Oligo2","Oligo2"
"TCAGGATCAGTCGTGCcntl","Oligo2","Oligo2","Oligo2"
"TCAGGTAAGATGTGTAcntl","Oligo1","Oligo1","Oligo1"
"TCAGGTATCAACGGCCcntl","Oligo2","Oligo2","Oligo2"
"TCATTACTCCAAACTGcntl","Oligo1","Oligo1","Oligo1"
"TCATTTGCAGTGGGATcntl","Oligo1","Oligo1","Oligo1"
"TCATTTGGTATGAATGcntl","Oligo1","Oligo1","Oligo1"
"TCCCGATCACCGCTAGcntl","Oligo1","Oligo1","Oligo1"
"TCGAGGCTCGCCAAATcntl","Oligo1","Oligo1","Oligo1"
"TCGCGAGCACAACTGTcntl","Oligo2","Oligo2","Oligo2"
"TCGCGTTCATTCGACAcntl","Oligo1","Oligo1","Oligo1"
"TCGGGACCACTTCGAAcntl","Oligo1","Oligo1","Oligo1"
"TCGGGACCATTGTGCAcntl","Oligo1","Oligo1","Oligo1"
"TCGGGACGTACCAGTTcntl","Oligo2","Oligo2","Oligo2"
"TCGTACCAGGAGTTTAcntl","Oligo2","Oligo2","Oligo2"
"TCGTACCCATATGGTCcntl","Oligo1","Oligo1","Oligo1"
"TCGTAGACAGGGATTGcntl","Oligo1","Oligo1","Oligo1"
"TCGTAGACAGGGCATAcntl","Oligo2","Oligo2","Oligo2"
"TCGTAGAGTACCGAGAcntl","Oligo1","Oligo1","Oligo1"
"TCGTAGAGTAGAGTGCcntl","Oligo2","Oligo2","Oligo2"
"TCTCATATCGGCATCGcntl","Oligo1","Oligo1","Oligo1"
"TCTCATATCTGCGGCAcntl","Oligo1","Oligo1","Oligo1"
"TCTCTAAGTAGTAGTAcntl","Oligo2","Oligo2","Oligo2"
"TCTCTAAGTGACGGTAcntl","Oligo2","Oligo2","Oligo2"
"TCTGAGAGTTGTCTTTcntl","Oligo2","Oligo2","Oligo2"
"TCTGGAATCTGACCTCcntl","Oligo1","Oligo1","Oligo1"
"TCTTCGGCAAGCCATTcntl","Oligo1","Oligo1","Oligo1"
"TCTTCGGGTAGCGATGcntl","Oligo1","Oligo1","Oligo1"
"TCTTTCCCACGTTGGCcntl","Oligo1","Oligo1","Oligo1"
"TCTTTCCTCCAGAAGGcntl","Oligo1","Oligo1","Oligo1"
"TGAAAGACAGTGACAGcntl","Oligo1","Oligo1","Oligo1"
"TGAAAGATCGGCCGATcntl","Oligo1","Oligo1","Oligo1"
"TGACAACAGAATGTGTcntl","Oligo1","Oligo1","Oligo1"
"TGACGGCAGCGAGAAAcntl","Oligo2","Oligo2","Oligo2"
"TGACGGCAGGCTATCTcntl","Oligo1","Oligo1","Oligo1"
"TGACGGCCAAAGGCGTcntl","Oligo1","Oligo1","Oligo1"
"TGACGGCCAATACGCTcntl","Oligo1","Oligo1","Oligo1"
"TGACGGCTCGACAGCCcntl","Oligo1","Oligo1","Oligo1"
"TGACTAGAGAATTGTGcntl","Oligo1","Oligo1","Oligo1"
"TGACTAGAGTGAACATcntl","Oligo2","Oligo2","Oligo2"
"TGACTTTAGCGATATAcntl","Oligo1","Oligo1","Oligo1"
"TGACTTTAGTGAATTGcntl","Oligo2","Oligo2","Oligo2"
"TGACTTTGTGCAACGAcntl","Oligo2","Oligo2","Oligo2"
"TGAGAGGGTTACCAGTcntl","Oligo1","Oligo1","Oligo1"
"TGAGCATCATCGATGTcntl","Oligo1","Oligo1","Oligo1"
"TGAGCCGAGTCACGCCcntl","Oligo1","Oligo1","Oligo1"
"TGAGCCGTCGAGAACGcntl","Oligo2","Oligo2","Oligo2"
"TGATTTCCAAGCCATTcntl","Oligo1","Oligo1","Oligo1"
"TGATTTCTCCATGCTCcntl","Oligo2","Oligo2","Oligo2"
"TGATTTCTCCTCTAGCcntl","Oligo1","Oligo1","Oligo1"
"TGCACCTAGGAATCGCcntl","Oligo1","Oligo1","Oligo1"
"TGCCCATAGGTGCTTTcntl","Oligo2","Oligo2","Oligo2"
"TGCGCAGCAGTTAACCcntl","Oligo1","Oligo1","Oligo1"
"TGCGCAGTCAGTCAGTcntl","Oligo1","Oligo1","Oligo1"
"TGCGGGTTCAGTCAGTcntl","Oligo2","Oligo2","Oligo2"
"TGCTACCCAATAAGCAcntl","Oligo1","Oligo1","Oligo1"
"TGCTACCTCAACCATGcntl","Oligo1","Oligo1","Oligo1"
"TGCTGCTAGTTCGATCcntl","Oligo1","Oligo1","Oligo1"
"TGCTGCTCAGGTCTCGcntl","Oligo2","Oligo2","Oligo2"
"TGCTGCTCATTCTTACcntl","Oligo2","Oligo2","Oligo2"
"TGCTGCTGTAAGGATTcntl","Oligo1","Oligo1","Oligo1"
"TGGACGCAGGTGGGTTcntl","Oligo1","Oligo1","Oligo1"
"TGGACGCAGTACGTTCcntl","Oligo1","Oligo1","Oligo1"
"TGGCCAGAGTACTTGCcntl","Oligo2","Oligo2","Oligo2"
"TGGCGCAGTTGCGCACcntl","Oligo2","Oligo2","Oligo2"
"TGGCTGGAGTGGGTTGcntl","Oligo1","Oligo1","Oligo1"
"TGGCTGGCAGTATAAGcntl","Oligo2","Oligo2","Oligo2"
"TGGGAAGGTAGGGTACcntl","Oligo2","Oligo2","Oligo2"
"TGGGAAGTCGCGTTTCcntl","Oligo2","Oligo2","Oligo2"
"TGGTTAGCACGGCTACcntl","Oligo2","Oligo2","Oligo2"
"TGGTTCCTCACAACGTcntl","Oligo1","Oligo1","Oligo1"
"TGTCCCAGTAATCGTCcntl","Oligo2","Oligo2","Oligo2"
"TGTCCCAGTTATCGGTcntl","Oligo1","Oligo1","Oligo1"
"TGTCCCAGTTTGACACcntl","Oligo2","Oligo2","Oligo2"
"TGTGGTAAGAGGGATAcntl","Oligo1","Oligo1","Oligo1"
"TGTGGTAGTCCAGTATcntl","Oligo2","Oligo2","Oligo2"
"TGTGGTATCACGAAGGcntl","Oligo1","Oligo1","Oligo1"
"TGTGTTTCATAAAGGTcntl","Oligo1","Oligo1","Oligo1"
"TGTGTTTGTCAGAATAcntl","Oligo2","Oligo2","Oligo2"
"TGTGTTTTCGGAGCAAcntl","Oligo2","Oligo2","Oligo2"
"TGTTCCGAGTTTGCGTcntl","Oligo1","Oligo1","Oligo1"
"TGTTCCGCAAGTCTGTcntl","Oligo1","Oligo1","Oligo1"
"TGTTCCGTCCAGTAGTcntl","Oligo1","Oligo1","Oligo1"
"TGTTCCGTCCCTGACTcntl","Oligo1","Oligo1","Oligo1"
"TGTTCCGTCTCGCTTGcntl","Oligo1","Oligo1","Oligo1"
"TTAACTCAGATGCGACcntl","Oligo1","Oligo1","Oligo1"
"TTAACTCTCAAACCACcntl","Oligo2","Oligo2","Oligo2"
"TTAGGACGTTATGTGCcntl","Oligo2","Oligo2","Oligo2"
"TTAGTTCAGTTAGGTAcntl","Oligo1","Oligo1","Oligo1"
"TTAGTTCGTTGAGGTGcntl","Oligo1","Oligo1","Oligo1"
"TTATGCTTCAGAGACGcntl","Oligo1","Oligo1","Oligo1"
"TTATGCTTCTCTAGGAcntl","Oligo1","Oligo1","Oligo1"
"TTCGGTCCACCTCGTTcntl","Oligo2","Oligo2","Oligo2"
"TTCGGTCCACTGTTAGcntl","Oligo1","Oligo1","Oligo1"
"TTCGGTCTCCATGAGTcntl","Oligo1","Oligo1","Oligo1"
"TTCTACAGTACATCCAcntl","Oligo1","Oligo1","Oligo1"
"TTCTACATCCTATGTTcntl","Oligo1","Oligo1","Oligo1"
"TTCTCAACAACACCTAcntl","Oligo1","Oligo1","Oligo1"
"TTCTCAATCTGTGCAAcntl","Oligo2","Oligo2","Oligo2"
"TTCTCCTAGCATGGCAcntl","Oligo2","Oligo2","Oligo2"
"TTCTCCTGTAGGCATGcntl","Oligo2","Oligo2","Oligo2"
"TTCTTAGAGAGGTACCcntl","Oligo2","Oligo2","Oligo2"
"TTCTTAGTCTGCTTGCcntl","Oligo2","Oligo2","Oligo2"
"TTGACTTTCCCAACGGcntl","Oligo1","Oligo1","Oligo1"
"TTGCCGTCACTCAGGCcntl","Oligo2","Oligo2","Oligo2"
"TTGCCGTCAGAGTGTGcntl","Oligo1","Oligo1","Oligo1"
"TTGCGTCAGCACAGGTcntl","Oligo1","Oligo1","Oligo1"
"TTGGAACAGAGTGAGAcntl","Oligo1","Oligo1","Oligo1"
"TTGGAACCAAGCCATTcntl","Oligo1","Oligo1","Oligo1"
"TTGGAACCACTCAGGCcntl","Oligo1","Oligo1","Oligo1"
"TTGGCAACAGCTGCTGcntl","Oligo2","Oligo2","Oligo2"
"TTGTAGGGTGTCGCTGcntl","Oligo1","Oligo1","Oligo1"
"TTGTAGGTCCGTACAAcntl","Oligo2","Oligo2","Oligo2"
"TTTACTGCATCGGGTCcntl","Oligo2","Oligo2","Oligo2"
"TTTATGCCAAGCTGGAcntl","Oligo1","Oligo1","Oligo1"
"TTTCCTCGTCTCTCGTcntl","Oligo2","Oligo2","Oligo2"
"TTTGCGCAGCCAGGATcntl","Oligo1","Oligo1","Oligo1"
"TTTGCGCAGTGTGAATcntl","Oligo2","Oligo2","Oligo2"
"TTTGCGCGTTACGGAGcntl","Oligo2","Oligo2","Oligo2"
"TTTGGTTAGTGGTAGCcntl","Oligo1","Oligo1","Oligo1"
"TTTGGTTGTAAGAGAGcntl","Oligo1","Oligo1","Oligo1"
"TTTGTCACAGTCAGCCcntl","Oligo2","Oligo2","Oligo2"
"TTTGTCACATCCGTGGcntl","Oligo2","Oligo2","Oligo2"
"TTTGTCAGTTCTGAACcntl","Oligo1","Oligo1","Oligo1"
"AAACCTGCAAGCTGAGcntl","MHb1","MHb_subP_cholinergic","MHb_subP_cholinergic"
"AAACCTGCACCGCTAGcntl","MHb4","MHb_cholinergic_3","MHb_B"
"AAAGATGCACGAAGCAcntl","MHb1","MHb_subP_cholinergic","MHb_subP_cholinergic"
"AAAGATGCATTGGGCCcntl","MHb2","MHb_cholinergic_1","MHb_B"
"AAAGCAAAGGGAAACAcntl","MHb4","MHb_cholinergic_3","MHb_B"
"AAAGCAAAGTAGCGGTcntl","MHb4","MHb_cholinergic_3","MHb_B"
"AACACGTCACCGGAAAcntl","MHb2","MHb_cholinergic_1","MHb_B"
"AACACGTGTGGCAAACcntl","MHb1","MHb_subP_cholinergic","MHb_subP_cholinergic"
"AACCATGGTTAAGAACcntl","MHb2","MHb_cholinergic_1","MHb_B"
"AACCATGGTTGTGGAGcntl","MHb4","MHb_cholinergic_3","MHb_B"
"AACCGCGGTAGGCATGcntl","MHb1","MHb_subP_cholinergic","MHb_subP_cholinergic"
"AACCGCGTCGACCAGCcntl","MHb1","MHb_subP_cholinergic","MHb_subP_cholinergic"
"AACGTTGGTATATGAGcntl","MHb2","MHb_cholinergic_1","MHb_B"
"AACTCAGGTGGTCTCGcntl","MHb2","MHb_cholinergic_1","MHb_B"
"AACTCCCCAAAGCAATcntl","MHb1","MHb_subP_cholinergic","MHb_subP_cholinergic"
"AACTCCCCAGCTGTATcntl","MHb6","MHb_cholinergic_4","MHb_B"
"AACTCCCGTCTAACGTcntl","MHb1","MHb_subP_cholinergic","MHb_subP_cholinergic"
"AACTCTTTCGGATGTTcntl","MHb2","MHb_cholinergic_1","MHb_B"
"AACTGGTAGACTTTCGcntl","MHb1","MHb_subP_cholinergic","MHb_subP_cholinergic"
"AAGACCTAGCCACGCTcntl","MHb1","MHb_subP_cholinergic","MHb_subP_cholinergic"
"AAGCCGCTCGTCGTTCcntl","MHb1","MHb_subP_cholinergic","MHb_subP_cholinergic"
"AAGGAGCAGTGTTGAAcntl","MHb1","MHb_subP_cholinergic","MHb_subP_cholinergic"
"AAGGTTCGTGCAGGTAcntl","MHb1","MHb_subP_cholinergic","MHb_subP_cholinergic"
"AAGTCTGAGATCGGGTcntl","MHb1","MHb_subP_cholinergic","MHb_subP_cholinergic"
"AAGTCTGAGATCTGCTcntl","MHb2","MHb_cholinergic_1","MHb_B"
"AATCCAGCAACGATGGcntl","MHb1","MHb_subP_cholinergic","MHb_subP_cholinergic"
"AATCGGTCACAAGCCCcntl","MHb1","MHb_subP_cholinergic","MHb_subP_cholinergic"
"AATCGGTGTGGAAAGAcntl","MHb1","MHb_subP_cholinergic","MHb_subP_cholinergic"
"AATCGGTTCCCAAGATcntl","MHb2","MHb_cholinergic_1","MHb_B"
"ACACCAACACCTATCCcntl","MHb1","MHb_subP_cholinergic","MHb_subP_cholinergic"
"ACACCCTGTTGAACTCcntl","MHb2","MHb_cholinergic_1","MHb_B"
"ACACCCTTCCACGACGcntl","MHb4","MHb_cholinergic_3","MHb_B"
"ACACCGGTCGCGATCGcntl","MHb1","MHb_subP_cholinergic","MHb_subP_cholinergic"
"ACACTGAAGTTACGGGcntl","MHb1","MHb_subP_cholinergic","MHb_subP_cholinergic"
"ACACTGACAAAGGAAGcntl","MHb1","MHb_subP_cholinergic","MHb_subP_cholinergic"
"ACACTGAGTCATCGGCcntl","MHb1","MHb_subP_cholinergic","MHb_subP_cholinergic"
"ACAGCCGGTAGCCTATcntl","MHb2","MHb_cholinergic_1","MHb_B"
"ACAGCCGGTCGGCTCAcntl","MHb1","MHb_subP_cholinergic","MHb_subP_cholinergic"
"ACATGGTCAGCTGTTAcntl","MHb1","MHb_subP_cholinergic","MHb_subP_cholinergic"
"ACATGGTTCCTTTACAcntl","MHb1","MHb_subP_cholinergic","MHb_subP_cholinergic"
"ACCAGTACACAAGACGcntl","MHb6","MHb_cholinergic_4","MHb_B"
"ACCGTAATCGAGAACGcntl","MHb2","MHb_cholinergic_1","MHb_B"
"ACCTTTAAGTGTTGAAcntl","MHb4","MHb_cholinergic_3","MHb_B"
"ACGAGCCCACGAGGTAcntl","MHb2","MHb_cholinergic_1","MHb_B"
"ACGAGCCCAGTAACGGcntl","MHb1","MHb_subP_cholinergic","MHb_subP_cholinergic"
"ACGAGGAAGCCGCCTAcntl","MHb1","MHb_subP_cholinergic","MHb_subP_cholinergic"
"ACGAGGATCGGACAAGcntl","MHb1","MHb_subP_cholinergic","MHb_subP_cholinergic"
"ACGATACCAATAGCAAcntl","MHb4","MHb_cholinergic_3","MHb_B"
"ACGCAGCTCCCACTTGcntl","MHb1","MHb_subP_cholinergic","MHb_subP_cholinergic"
"ACGCCAGAGGCTAGCAcntl","MHb4","MHb_cholinergic_3","MHb_B"
"ACGCCAGAGGTGATATcntl","MHb1","MHb_subP_cholinergic","MHb_subP_cholinergic"
"ACGGCCATCATGTAGCcntl","MHb1","MHb_subP_cholinergic","MHb_subP_cholinergic"
"ACGGCCATCGGAAATAcntl","MHb2","MHb_cholinergic_1","MHb_B"
"ACGGCCATCGTACGGCcntl","MHb1","MHb_subP_cholinergic","MHb_subP_cholinergic"
"ACGGGTCGTAGCGTCCcntl","MHb1","MHb_subP_cholinergic","MHb_subP_cholinergic"
"ACGTCAAAGCGTGTCCcntl","MHb1","MHb_subP_cholinergic","MHb_subP_cholinergic"
"ACTATCTAGATGGCGTcntl","MHb1","MHb_subP_cholinergic","MHb_subP_cholinergic"
"ACTATCTGTAATTGGAcntl","MHb4","MHb_cholinergic_3","MHb_B"
"ACTATCTGTGAGTATAcntl","MHb2","MHb_cholinergic_1","MHb_B"
"ACTGAACGTCCAAGTTcntl","MHb1","MHb_subP_cholinergic","MHb_subP_cholinergic"
"ACTGAGTAGAGATGAGcntl","MHb4","MHb_cholinergic_3","MHb_B"
"ACTGAGTAGGGCATGTcntl","MHb1","MHb_subP_cholinergic","MHb_subP_cholinergic"
"ACTGCTCGTCTTCAAGcntl","MHb2","MHb_cholinergic_1","MHb_B"
"ACTTACTAGAAACCATcntl","MHb4","MHb_cholinergic_3","MHb_B"
"ACTTACTAGGTGACCAcntl","MHb1","MHb_subP_cholinergic","MHb_subP_cholinergic"
"ACTTACTGTCACACGCcntl","MHb4","MHb_cholinergic_3","MHb_B"
"ACTTACTTCATTGCGAcntl","MHb1","MHb_subP_cholinergic","MHb_subP_cholinergic"
"ACTTTCACACCAGTTAcntl","MHb2","MHb_cholinergic_1","MHb_B"
"ACTTTCATCGACGGAAcntl","Neuron","MHb_cholinergic.2","MHb_cholinergic.2"
"AGAATAGAGGCGTACAcntl","MHb2","MHb_cholinergic_1","MHb_B"
"AGAATAGGTGTGAAATcntl","MHb2","MHb_cholinergic_1","MHb_B"
"AGAATAGTCCACGTGGcntl","MHb1","MHb_subP_cholinergic","MHb_subP_cholinergic"
"AGACGTTTCCAAACACcntl","MHb2","MHb_cholinergic_1","MHb_B"
"AGACGTTTCCACGACGcntl","MHb1","MHb_subP_cholinergic","MHb_subP_cholinergic"
"AGAGCTTCATATGAGAcntl","MHb1","MHb_subP_cholinergic","MHb_subP_cholinergic"
"AGAGTGGGTAAATGACcntl","MHb1","MHb_subP_cholinergic","MHb_subP_cholinergic"
"AGAGTGGGTCTAACGTcntl","MHb1","MHb_subP_cholinergic","MHb_subP_cholinergic"
"AGAGTGGTCCTCAATTcntl","MHb2","MHb_cholinergic_1","MHb_B"
"AGATCTGCAATCGGTTcntl","MHb1","MHb_subP_cholinergic","MHb_subP_cholinergic"
"AGATCTGCACCATGTAcntl","MHb1","MHb_subP_cholinergic","MHb_subP_cholinergic"
"AGATCTGGTGGACGATcntl","MHb1","MHb_subP_cholinergic","MHb_subP_cholinergic"
"AGATCTGTCCTAGGGCcntl","MHb2","MHb_cholinergic_1","MHb_B"
"AGCAGCCAGGATCGCAcntl","MHb2","MHb_cholinergic_1","MHb_B"
"AGCAGCCCAATTGCTGcntl","MHb2","MHb_cholinergic_1","MHb_B"
"AGCAGCCGTGATGATAcntl","MHb2","MHb_cholinergic_1","MHb_B"
"AGCATACAGGACATTAcntl","MHb4","MHb_cholinergic_3","MHb_B"
"AGCATACGTAAATGTGcntl","MHb4","MHb_cholinergic_3","MHb_B"
"AGCATACGTGGTCTCGcntl","MHb1","MHb_subP_cholinergic","MHb_subP_cholinergic"
"AGCATACTCGCTTAGAcntl","MHb1","MHb_subP_cholinergic","MHb_subP_cholinergic"
"AGCCTAACAGCTCGACcntl","MHb1","MHb_subP_cholinergic","MHb_subP_cholinergic"
"AGCCTAATCACGCATAcntl","MHb1","MHb_subP_cholinergic","MHb_subP_cholinergic"
"AGCGGTCCACGTGAGAcntl","MHb1","MHb_subP_cholinergic","MHb_subP_cholinergic"
"AGCGGTCTCTTTACACcntl","MHb4","MHb_cholinergic_3","MHb_B"
"AGCGTCGCAGATGAGCcntl","MHb1","MHb_subP_cholinergic","MHb_subP_cholinergic"
"AGCGTCGCATCGATGTcntl","MHb2","MHb_cholinergic_1","MHb_B"
"AGCTCCTCAAGCCTATcntl","MHb1","MHb_subP_cholinergic","MHb_subP_cholinergic"
"AGCTCCTCAGTAAGCGcntl","MHb1","MHb_subP_cholinergic","MHb_subP_cholinergic"
"AGCTCCTGTCAGCTATcntl","MHb2","MHb_cholinergic_1","MHb_B"
"AGCTCCTGTGTCCTCTcntl","MHb1","MHb_subP_cholinergic","MHb_subP_cholinergic"
"AGCTCTCAGCGATGACcntl","MHb1","MHb_subP_cholinergic","MHb_subP_cholinergic"
"AGGCCGTCACGAAAGCcntl","MHb1","MHb_subP_cholinergic","MHb_subP_cholinergic"
"AGGCCGTGTCTGCCAGcntl","MHb2","MHb_cholinergic_1","MHb_B"
"AGGGAGTAGAGACTATcntl","MHb4","MHb_cholinergic_3","MHb_B"
"AGGGAGTCACTTCTGCcntl","MHb4","MHb_cholinergic_3","MHb_B"
"AGGGAGTCAGCTGTTAcntl","MHb1","MHb_subP_cholinergic","MHb_subP_cholinergic"
"AGGGAGTGTCGATTGTcntl","MHb1","MHb_subP_cholinergic","MHb_subP_cholinergic"
"AGGGAGTGTTTGTTGGcntl","MHb1","MHb_subP_cholinergic","MHb_subP_cholinergic"
"AGGGATGAGTCATGCTcntl","MHb1","MHb_subP_cholinergic","MHb_subP_cholinergic"
"AGGGTGACAAGGACACcntl","MHb1","MHb_subP_cholinergic","MHb_subP_cholinergic"
"AGGTCATCAGATGGGTcntl","MHb1","MHb_subP_cholinergic","MHb_subP_cholinergic"
"AGGTCATTCTCAAACGcntl","MHb4","MHb_cholinergic_3","MHb_B"
"AGGTCCGGTGGGTATGcntl","MHb1","MHb_subP_cholinergic","MHb_subP_cholinergic"
"AGTAGTCAGTTGTCGTcntl","MHb1","MHb_subP_cholinergic","MHb_subP_cholinergic"
"AGTAGTCTCACCATAGcntl","MHb1","MHb_subP_cholinergic","MHb_subP_cholinergic"
"AGTCTTTAGGTGTTAAcntl","MHb4","MHb_cholinergic_3","MHb_B"
"AGTGGGACAGACACTTcntl","MHb1","MHb_subP_cholinergic","MHb_subP_cholinergic"
"AGTGGGACAGGTCTCGcntl","MHb4","MHb_cholinergic_3","MHb_B"
"AGTGTCACATCCAACAcntl","MHb2","MHb_cholinergic_1","MHb_B"
"AGTTGGTTCGAATCCAcntl","MHb1","MHb_subP_cholinergic","MHb_subP_cholinergic"
"ATAACGCAGGTAGCTGcntl","MHb2","MHb_cholinergic_1","MHb_B"
"ATAACGCGTTGCGTTAcntl","MHb1","MHb_subP_cholinergic","MHb_subP_cholinergic"
"ATAAGAGTCTGGCGACcntl","MHb5","MHb_subP","MHb_A"
"ATAGACCAGATGGGTCcntl","MHb1","MHb_subP_cholinergic","MHb_subP_cholinergic"
"ATAGACCTCGACAGCCcntl","MHb1","MHb_subP_cholinergic","MHb_subP_cholinergic"
"ATAGACCTCTAACTCTcntl","MHb4","MHb_cholinergic_3","MHb_B"
"ATCACGACATTCGACAcntl","MHb1","MHb_subP_cholinergic","MHb_subP_cholinergic"
"ATCATCTAGAGACGAAcntl","MHb4","MHb_cholinergic_3","MHb_B"
"ATCATCTAGGTTACCTcntl","MHb3","MHb_cholinergic_2","MHb_B"
"ATCATCTGTTTCGCTCcntl","MHb1","MHb_subP_cholinergic","MHb_subP_cholinergic"
"ATCCACCGTCCGACGTcntl","MHb1","MHb_subP_cholinergic","MHb_subP_cholinergic"
"ATCCACCTCTACCAGAcntl","MHb1","MHb_subP_cholinergic","MHb_subP_cholinergic"
"ATCCACCTCTATGTGGcntl","MHb5","MHb_subP","MHb_A"
"ATCCGAACACAACTGTcntl","MHb1","MHb_subP_cholinergic","MHb_subP_cholinergic"
"ATCCGAATCCCAAGATcntl","MHb1","MHb_subP_cholinergic","MHb_subP_cholinergic"
"ATCGAGTTCGGTGTCGcntl","MHb1","MHb_subP_cholinergic","MHb_subP_cholinergic"
"ATCTACTCACGCATCGcntl","MHb1","MHb_subP_cholinergic","MHb_subP_cholinergic"
"ATCTACTCATGCTGGCcntl","MHb1","MHb_subP_cholinergic","MHb_subP_cholinergic"
"ATGAGGGCATGGTTGTcntl","MHb1","MHb_subP_cholinergic","MHb_subP_cholinergic"
"ATGAGGGTCAGAGACGcntl","MHb2","MHb_cholinergic_1","MHb_B"
"ATGCGATCACCTGGTGcntl","MHb1","MHb_subP_cholinergic","MHb_subP_cholinergic"
"ATGCGATGTGAGTATAcntl","MHb2","MHb_cholinergic_1","MHb_B"
"ATGTGTGCAGGCTCACcntl","MHb2","MHb_cholinergic_1","MHb_B"
"ATTACTCAGAGGTACCcntl","MHb4","MHb_cholinergic_3","MHb_B"
"ATTACTCGTCGAGATGcntl","Neuron","MHb_cholinergic.2","MHb_cholinergic.2"
"ATTACTCTCAGCACATcntl","MHb2","MHb_cholinergic_1","MHb_B"
"ATTATCCAGTGGAGAAcntl","MHb2","MHb_cholinergic_1","MHb_B"
"ATTCTACCAGCCAATTcntl","MHb4","MHb_cholinergic_3","MHb_B"
"ATTCTACTCACTCCTGcntl","Neuron","MHb_subP_cholinergic","MHb_subP_cholinergic"
"ATTGGACCATCACGATcntl","MHb2","MHb_cholinergic_1","MHb_B"
"ATTGGTGCAGCCAGAAcntl","MHb1","MHb_subP_cholinergic","MHb_subP_cholinergic"
"ATTTCTGAGATCGATAcntl","MHb1","MHb_subP_cholinergic","MHb_subP_cholinergic"
"ATTTCTGCATATGAGAcntl","MHb2","MHb_cholinergic_1","MHb_B"
"CAACCAAAGAAGGTTTcntl","MHb1","MHb_subP_cholinergic","MHb_subP_cholinergic"
"CAACCAACACATTCGAcntl","Neuron","MHb_cholinergic.2","MHb_cholinergic.2"
"CAACCTCGTCTTGATGcntl","MHb1","MHb_subP_cholinergic","MHb_subP_cholinergic"
"CAACCTCTCTTACCGCcntl","MHb1","MHb_subP_cholinergic","MHb_subP_cholinergic"
"CAAGATCAGAAGATTCcntl","MHb4","MHb_cholinergic_3","MHb_B"
"CAAGATCAGAGACTATcntl","MHb4","MHb_cholinergic_3","MHb_B"
"CAAGATCCACGAAATAcntl","MHb2","MHb_cholinergic_1","MHb_B"
"CAAGATCCATTTGCCCcntl","MHb4","MHb_cholinergic_3","MHb_B"
"CAAGATCTCATGCATGcntl","MHb1","MHb_subP_cholinergic","MHb_subP_cholinergic"
"CAAGGCCTCTTTAGTCcntl","MHb1","MHb_subP_cholinergic","MHb_subP_cholinergic"
"CACAAACGTACAGCAGcntl","MHb1","MHb_subP_cholinergic","MHb_subP_cholinergic"
"CACACAAAGCGCCTTGcntl","MHb1","MHb_subP_cholinergic","MHb_subP_cholinergic"
"CACACAATCCACGCAGcntl","MHb2","MHb_cholinergic_1","MHb_B"
"CACACCTAGATCCTGTcntl","MHb2","MHb_cholinergic_1","MHb_B"
"CACACCTGTCTTCTCGcntl","MHb2","MHb_cholinergic_1","MHb_B"
"CACACTCTCGTCCGTTcntl","MHb2","MHb_cholinergic_1","MHb_B"
"CACAGTATCCAGTAGTcntl","MHb1","MHb_subP_cholinergic","MHb_subP_cholinergic"
"CACATAGCAGACAGGTcntl","MHb1","MHb_subP_cholinergic","MHb_subP_cholinergic"
"CACATAGTCACATGCAcntl","MHb1","MHb_subP_cholinergic","MHb_subP_cholinergic"
"CACCACTAGGATGTATcntl","MHb2","MHb_cholinergic_1","MHb_B"
"CACCAGGCACTCAGGCcntl","MHb1","MHb_subP_cholinergic","MHb_subP_cholinergic"
"CACCTTGGTTCGCGACcntl","MHb1","MHb_subP_cholinergic","MHb_subP_cholinergic"
"CAGAGAGGTTGACGTTcntl","MHb1","MHb_subP_cholinergic","MHb_subP_cholinergic"
"CAGATCAGTGTGTGCCcntl","MHb2","MHb_cholinergic_1","MHb_B"
"CAGATCATCCTGCTTGcntl","MHb2","MHb_cholinergic_1","MHb_B"
"CAGCAGCAGAGGTTGCcntl","Neuron","MHb_cholinergic.2","MHb_cholinergic.2"
"CAGCAGCAGGCTAGGTcntl","MHb1","MHb_subP_cholinergic","MHb_subP_cholinergic"
"CAGCAGCCACCGATATcntl","MHb1","MHb_subP_cholinergic","MHb_subP_cholinergic"
"CAGCAGCGTGCTCTTCcntl","MHb1","MHb_subP_cholinergic","MHb_subP_cholinergic"
"CAGCGACCACAGACTTcntl","MHb1","MHb_subP_cholinergic","MHb_subP_cholinergic"
"CAGCGACTCAAAGACAcntl","MHb1","MHb_subP_cholinergic","MHb_subP_cholinergic"
"CAGCTAAAGATGCCTTcntl","MHb1","MHb_subP_cholinergic","MHb_subP_cholinergic"
"CAGCTGGTCAGTGCATcntl","MHb2","MHb_cholinergic_1","MHb_B"
"CAGGTGCCATGCCTTCcntl","MHb1","MHb_subP_cholinergic","MHb_subP_cholinergic"
"CAGTAACAGTACGCCCcntl","MHb2","MHb_cholinergic_1","MHb_B"
"CAGTCCTAGTCTCGGCcntl","MHb1","MHb_subP_cholinergic","MHb_subP_cholinergic"
"CAGTCCTCACGGTTTAcntl","MHb1","MHb_subP_cholinergic","MHb_subP_cholinergic"
"CATATGGCACTAAGTCcntl","MHb1","MHb_subP_cholinergic","MHb_subP_cholinergic"
"CATATTCGTCTCATCCcntl","MHb1","MHb_subP_cholinergic","MHb_subP_cholinergic"
"CATATTCTCCTACAGAcntl","MHb4","MHb_cholinergic_3","MHb_B"
"CATCAAGCAAGGGTCAcntl","MHb1","MHb_subP_cholinergic","MHb_subP_cholinergic"
"CATCAAGTCTGGTTCCcntl","MHb2","MHb_cholinergic_1","MHb_B"
"CATCAGAGTTAAGACAcntl","MHb1","MHb_subP_cholinergic","MHb_subP_cholinergic"
"CATCGAAGTGTTTGTGcntl","MHb1","MHb_subP_cholinergic","MHb_subP_cholinergic"
"CATGACAAGCCGCCTAcntl","MHb1","MHb_subP_cholinergic","MHb_subP_cholinergic"
"CATGACAGTCTACCTCcntl","MHb1","MHb_subP_cholinergic","MHb_subP_cholinergic"
"CATGCCTAGGGTCGATcntl","MHb1","MHb_subP_cholinergic","MHb_subP_cholinergic"
"CATGCCTCAAGTAGTAcntl","MHb1","MHb_subP_cholinergic","MHb_subP_cholinergic"
"CATTCGCTCCTGCTTGcntl","MHb1","MHb_subP_cholinergic","MHb_subP_cholinergic"
"CCAATCCAGTCCGTATcntl","MHb1","MHb_subP_cholinergic","MHb_subP_cholinergic"
"CCAATCCGTGAGGGTTcntl","MHb1","MHb_subP_cholinergic","MHb_subP_cholinergic"
"CCACCTAGTAGTGAATcntl","MHb4","MHb_cholinergic_3","MHb_B"
"CCACTACGTGCAGACAcntl","MHb2","MHb_cholinergic_1","MHb_B"
"CCAGCGAAGATGTAACcntl","MHb2","MHb_cholinergic_1","MHb_B"
"CCAGCGACACAGATTCcntl","MHb4","MHb_cholinergic_3","MHb_B"
"CCATTCGGTCTCTTATcntl","Neuron","MHb_subP_cholinergic","MHb_subP_cholinergic"
"CCATTCGTCTTTACACcntl","MHb1","MHb_subP_cholinergic","MHb_subP_cholinergic"
"CCCAATCAGTGCTGCCcntl","MHb1","MHb_subP_cholinergic","MHb_subP_cholinergic"
"CCCAATCTCGAATGCTcntl","MHb1","MHb_subP_cholinergic","MHb_subP_cholinergic"
"CCCAGTTGTGAGGCTAcntl","MHb2","MHb_cholinergic_1","MHb_B"
"CCCAGTTTCTTGTATCcntl","MHb1","MHb_subP_cholinergic","MHb_subP_cholinergic"
"CCCATACCATGGTCTAcntl","MHb1","MHb_subP_cholinergic","MHb_subP_cholinergic"
"CCCTCCTGTGAGGCTAcntl","MHb1","MHb_subP_cholinergic","MHb_subP_cholinergic"
"CCGGGATCACCAGTTAcntl","MHb4","MHb_cholinergic_3","MHb_B"
"CCGGTAGCAGACAGGTcntl","MHb1","MHb_subP_cholinergic","MHb_subP_cholinergic"
"CCGTACTGTTCAGCGCcntl","MHb1","MHb_subP_cholinergic","MHb_subP_cholinergic"
"CCGTGGACACAGGTTTcntl","MHb2","MHb_cholinergic_1","MHb_B"
"CCGTGGAGTCGGGTCTcntl","MHb1","MHb_subP_cholinergic","MHb_subP_cholinergic"
"CCGTGGATCAGCATGTcntl","MHb1","MHb_subP_cholinergic","MHb_subP_cholinergic"
"CCTACCAGTGGAAAGAcntl","MHb1","MHb_subP_cholinergic","MHb_subP_cholinergic"
"CCTATTACAGGACGTAcntl","MHb1","MHb_subP_cholinergic","MHb_subP_cholinergic"
"CCTATTACATTGAGCTcntl","MHb1","MHb_subP_cholinergic","MHb_subP_cholinergic"
"CCTATTAGTAGATTAGcntl","MHb4","MHb_cholinergic_3","MHb_B"
"CCTATTATCGTACCGGcntl","MHb2","MHb_cholinergic_1","MHb_B"
"CCTCAGTAGCACGCCTcntl","MHb2","MHb_cholinergic_1","MHb_B"
"CCTCTGACATAGACTCcntl","MHb1","MHb_subP_cholinergic","MHb_subP_cholinergic"
"CCTTACGAGAGCTATAcntl","MHb2","MHb_cholinergic_1","MHb_B"
"CCTTACGTCACGACTAcntl","MHb1","MHb_subP_cholinergic","MHb_subP_cholinergic"
"CCTTCCCCAACTGGCCcntl","MHb1","MHb_subP_cholinergic","MHb_subP_cholinergic"
"CCTTCCCGTGGTACAGcntl","MHb1","MHb_subP_cholinergic","MHb_subP_cholinergic"
"CCTTTCTAGATAGCATcntl","MHb4","MHb_cholinergic_3","MHb_B"
"CCTTTCTAGGTGACCAcntl","MHb2","MHb_cholinergic_1","MHb_B"
"CCTTTCTAGTGTACCTcntl","MHb2","MHb_cholinergic_1","MHb_B"
"CGAACATAGAGCAATTcntl","MHb1","MHb_subP_cholinergic","MHb_subP_cholinergic"
"CGAACATCAGTGAGTGcntl","MHb2","MHb_cholinergic_1","MHb_B"
"CGACCTTAGGCGTACAcntl","MHb2","MHb_cholinergic_1","MHb_B"
"CGACCTTGTGTCGCTGcntl","MHb2","MHb_cholinergic_1","MHb_B"
"CGACTTCAGGCATGGTcntl","MHb1","MHb_subP_cholinergic","MHb_subP_cholinergic"
"CGACTTCCACATGGGAcntl","MHb1","MHb_subP_cholinergic","MHb_subP_cholinergic"
"CGAGCCATCTAGAGTCcntl","MHb1","MHb_subP_cholinergic","MHb_subP_cholinergic"
"CGATCGGGTACGCTGCcntl","MHb1","MHb_subP_cholinergic","MHb_subP_cholinergic"
"CGATCGGTCGTGGTCGcntl","MHb1","MHb_subP_cholinergic","MHb_subP_cholinergic"
"CGATGGCAGGTTACCTcntl","MHb1","MHb_subP_cholinergic","MHb_subP_cholinergic"
"CGCCAAGGTCTAAACCcntl","MHb2","MHb_cholinergic_1","MHb_B"
"CGCGGTAGTTTACTCTcntl","MHb1","MHb_subP_cholinergic","MHb_subP_cholinergic"
"CGCTTCAAGTGGGATCcntl","MHb1","MHb_subP_cholinergic","MHb_subP_cholinergic"
"CGGACACCAGGTGGATcntl","MHb2","MHb_cholinergic_1","MHb_B"
"CGGACACGTCCAGTATcntl","MHb1","MHb_subP_cholinergic","MHb_subP_cholinergic"
"CGGACTGTCGTTGCCTcntl","MHb1","MHb_subP_cholinergic","MHb_subP_cholinergic"
"CGGAGTCGTTCAGCGCcntl","MHb1","MHb_subP_cholinergic","MHb_subP_cholinergic"
"CGGCTAGAGTTCGCGCcntl","MHb1","MHb_subP_cholinergic","MHb_subP_cholinergic"
"CGGCTAGCACGCCAGTcntl","MHb2","MHb_cholinergic_1","MHb_B"
"CGGTTAACAAAGTCAAcntl","MHb5","MHb_subP","MHb_A"
"CGTAGCGTCAGCAACTcntl","MHb4","MHb_cholinergic_3","MHb_B"
"CGTAGCGTCCCAAGTAcntl","MHb2","MHb_cholinergic_1","MHb_B"
"CGTAGCGTCCGGCACAcntl","MHb4","MHb_cholinergic_3","MHb_B"
"CGTAGGCCAAACAACAcntl","MHb1","MHb_subP_cholinergic","MHb_subP_cholinergic"
"CGTCAGGCACATTAGCcntl","MHb1","MHb_subP_cholinergic","MHb_subP_cholinergic"
"CGTCAGGCACCGAATTcntl","MHb1","MHb_subP_cholinergic","MHb_subP_cholinergic"
"CGTCAGGGTAGCAAATcntl","MHb1","MHb_subP_cholinergic","MHb_subP_cholinergic"
"CGTCTACCAATGTAAGcntl","MHb4","MHb_cholinergic_3","MHb_B"
"CGTCTACTCGCAAGCCcntl","MHb1","MHb_subP_cholinergic","MHb_subP_cholinergic"
"CGTCTACTCTGCTGCTcntl","MHb1","MHb_subP_cholinergic","MHb_subP_cholinergic"
"CGTGAGCAGGGTTCCCcntl","MHb1","MHb_subP_cholinergic","MHb_subP_cholinergic"
"CGTGAGCAGGTAGCTGcntl","MHb1","MHb_subP_cholinergic","MHb_subP_cholinergic"
"CGTGTCTCACGGATAGcntl","MHb2","MHb_cholinergic_1","MHb_B"
"CGTTAGAAGCCGTCGTcntl","MHb5","MHb_subP","MHb_A"
"CGTTAGACAAGAGGCTcntl","MHb1","MHb_subP_cholinergic","MHb_subP_cholinergic"
"CGTTAGACAGCTCCGAcntl","MHb2","MHb_cholinergic_1","MHb_B"
"CGTTGGGAGCTGTTCAcntl","MHb2","MHb_cholinergic_1","MHb_B"
"CGTTGGGGTCCGTCAGcntl","MHb2","MHb_cholinergic_1","MHb_B"
"CTAACTTGTCGTGGCTcntl","MHb2","MHb_cholinergic_1","MHb_B"
"CTAAGACCACGACTCGcntl","MHb1","MHb_subP_cholinergic","MHb_subP_cholinergic"
"CTAATGGTCAACGGGAcntl","MHb2","MHb_cholinergic_1","MHb_B"
"CTACACCTCTTGCCGTcntl","MHb4","MHb_cholinergic_3","MHb_B"
"CTACCCACACGAAACGcntl","MHb2","MHb_cholinergic_1","MHb_B"
"CTAGAGTAGCTGCAAGcntl","MHb1","MHb_subP_cholinergic","MHb_subP_cholinergic"
"CTAGAGTGTCTTCGTCcntl","MHb1","MHb_subP_cholinergic","MHb_subP_cholinergic"
"CTAGAGTTCTGTTTGTcntl","MHb1","MHb_subP_cholinergic","MHb_subP_cholinergic"
"CTAGCCTCAATGGTCTcntl","MHb2","MHb_cholinergic_1","MHb_B"
"CTAGTGACAATAGCAAcntl","MHb4","MHb_cholinergic_3","MHb_B"
"CTAGTGATCCGCAGTGcntl","MHb2","MHb_cholinergic_1","MHb_B"
"CTCACACGTTTAGCTGcntl","MHb1","MHb_subP_cholinergic","MHb_subP_cholinergic"
"CTCACACTCATGCATGcntl","MHb1","MHb_subP_cholinergic","MHb_subP_cholinergic"
"CTCAGAAAGGACAGCTcntl","Neuron","MHb_cholinergic.2","MHb_cholinergic.2"
"CTCATTAGTGACGCCTcntl","MHb1","MHb_subP_cholinergic","MHb_subP_cholinergic"
"CTCATTATCGGCGGTTcntl","MHb2","MHb_cholinergic_1","MHb_B"
"CTCGGAGAGATCCCGCcntl","MHb2","MHb_cholinergic_1","MHb_B"
"CTCGGAGAGCAATCTCcntl","MHb1","MHb_subP_cholinergic","MHb_subP_cholinergic"
"CTCGGAGGTCGAAAGCcntl","MHb4","MHb_cholinergic_3","MHb_B"
"CTCGTACAGTGACTCTcntl","MHb1","MHb_subP_cholinergic","MHb_subP_cholinergic"
"CTCGTACAGTGGTAGCcntl","MHb2","MHb_cholinergic_1","MHb_B"
"CTCGTACGTGTCTGATcntl","MHb2","MHb_cholinergic_1","MHb_B"
"CTCGTCATCAGCTGGCcntl","MHb1","MHb_subP_cholinergic","MHb_subP_cholinergic"
"CTCTAATGTAAGGATTcntl","MHb1","MHb_subP_cholinergic","MHb_subP_cholinergic"
"CTGAAACTCGTACGGCcntl","MHb1","MHb_subP_cholinergic","MHb_subP_cholinergic"
"CTGAAGTGTGCAACTTcntl","MHb1","MHb_subP_cholinergic","MHb_subP_cholinergic"
"CTGATAGAGAATGTTGcntl","MHb2","MHb_cholinergic_1","MHb_B"
"CTGATAGAGGTGCAACcntl","MHb6","MHb_cholinergic_4","MHb_B"
"CTGATAGTCCGCATAAcntl","MHb1","MHb_subP_cholinergic","MHb_subP_cholinergic"
"CTGATAGTCTAACTCTcntl","MHb2","MHb_cholinergic_1","MHb_B"
"CTGATCCAGGAGTACCcntl","MHb1","MHb_subP_cholinergic","MHb_subP_cholinergic"
"CTGATCCAGTCCATACcntl","MHb2","MHb_cholinergic_1","MHb_B"
"CTGATCCTCCACGAATcntl","MHb1","MHb_subP_cholinergic","MHb_subP_cholinergic"
"CTGCCTATCCTTGACCcntl","MHb2","MHb_cholinergic_1","MHb_B"
"CTGCGGACATTACGACcntl","MHb1","MHb_subP_cholinergic","MHb_subP_cholinergic"
"CTGGTCTAGACGCTTTcntl","MHb1","MHb_subP_cholinergic","MHb_subP_cholinergic"
"CTGGTCTTCGACGGAAcntl","MHb1","MHb_subP_cholinergic","MHb_subP_cholinergic"
"CTGTGCTAGCGTAGTGcntl","MHb1","MHb_subP_cholinergic","MHb_subP_cholinergic"
"CTGTGCTAGGAGTTGCcntl","LHb5","LHb_2","LHb_A"
"CTGTGCTCAGTATGCTcntl","MHb1","MHb_subP_cholinergic","MHb_subP_cholinergic"
"CTGTGCTTCTCTAAGGcntl","MHb1","MHb_subP_cholinergic","MHb_subP_cholinergic"
"CTGTTTACACCAACCGcntl","MHb2","MHb_cholinergic_1","MHb_B"
"CTGTTTAGTCATTAGCcntl","MHb1","MHb_subP_cholinergic","MHb_subP_cholinergic"
"CTTACCGCAATCGAAAcntl","MHb2","MHb_cholinergic_1","MHb_B"
"CTTACCGTCACTATTCcntl","MHb1","MHb_subP_cholinergic","MHb_subP_cholinergic"
"CTTACCGTCGCCAAATcntl","Neuron","MHb_cholinergic.3","MHb_cholinergic.3"
"CTTAGGATCAATCACGcntl","MHb2","MHb_cholinergic_1","MHb_B"
"CTTCTCTAGGCAATTAcntl","MHb4","MHb_cholinergic_3","MHb_B"
"CTTCTCTAGTCAATAGcntl","MHb2","MHb_cholinergic_1","MHb_B"
"CTTCTCTCAGAAGCACcntl","MHb2","MHb_cholinergic_1","MHb_B"
"CTTGGCTAGACTTGAAcntl","MHb2","MHb_cholinergic_1","MHb_B"
"CTTTGCGGTAGGACACcntl","MHb2","MHb_cholinergic_1","MHb_B"
"GAAACTCGTTGCCTCTcntl","MHb1","MHb_subP_cholinergic","MHb_subP_cholinergic"
"GAAATGAAGACTCGGAcntl","MHb4","MHb_cholinergic_3","MHb_B"
"GAAATGATCCTATTCAcntl","MHb4","MHb_cholinergic_3","MHb_B"
"GAACATCCATTTGCCCcntl","MHb1","MHb_subP_cholinergic","MHb_subP_cholinergic"
"GAACATCTCTTGTACTcntl","MHb4","MHb_cholinergic_3","MHb_B"
"GAACCTACACAGCGTCcntl","MHb2","MHb_cholinergic_1","MHb_B"
"GAACCTATCAGAGCTTcntl","MHb2","MHb_cholinergic_1","MHb_B"
"GAAGCAGCATCACCCTcntl","MHb1","MHb_subP_cholinergic","MHb_subP_cholinergic"
"GACACGCAGCGTCTATcntl","MHb1","MHb_subP_cholinergic","MHb_subP_cholinergic"
"GACACGCTCCCTTGCAcntl","MHb1","MHb_subP_cholinergic","MHb_subP_cholinergic"
"GACCTGGAGTATCGAAcntl","MHb2","MHb_cholinergic_1","MHb_B"
"GACCTGGAGTTAGCGGcntl","MHb4","MHb_cholinergic_3","MHb_B"
"GACGGCTCAGACGCAAcntl","MHb2","MHb_cholinergic_1","MHb_B"
"GACGTTATCTGCTGTCcntl","MHb1","MHb_subP_cholinergic","MHb_subP_cholinergic"
"GACTAACTCTAACTTCcntl","MHb4","MHb_cholinergic_3","MHb_B"
"GAGCAGAGTCTCTCTGcntl","MHb1","MHb_subP_cholinergic","MHb_subP_cholinergic"
"GAGGTGAAGCCACGCTcntl","MHb1","MHb_subP_cholinergic","MHb_subP_cholinergic"
"GAGTCCGTCTGCGTAAcntl","MHb1","MHb_subP_cholinergic","MHb_subP_cholinergic"
"GATCAGTCACCGAAAGcntl","MHb2","MHb_cholinergic_1","MHb_B"
"GATCAGTTCAGTCCCTcntl","MHb1","MHb_subP_cholinergic","MHb_subP_cholinergic"
"GATCGATCATTGAGCTcntl","MHb1","MHb_subP_cholinergic","MHb_subP_cholinergic"
"GATCGATGTAACGCGAcntl","MHb1","MHb_subP_cholinergic","MHb_subP_cholinergic"
"GATCGCGAGACGACGTcntl","MHb2","MHb_cholinergic_1","MHb_B"
"GATCGCGCAACACGCCcntl","MHb1","MHb_subP_cholinergic","MHb_subP_cholinergic"
"GATCGCGCAAGCGAGTcntl","MHb1","MHb_subP_cholinergic","MHb_subP_cholinergic"
"GATGAAAAGACAAGCCcntl","MHb2","MHb_cholinergic_1","MHb_B"
"GATGAAATCGTTACAGcntl","MHb1","MHb_subP_cholinergic","MHb_subP_cholinergic"
"GATGCTAAGACCTTTGcntl","MHb1","MHb_subP_cholinergic","MHb_subP_cholinergic"
"GATGCTATCACATAGCcntl","MHb2","MHb_cholinergic_1","MHb_B"
"GATGCTATCAGCTCGGcntl","MHb1","MHb_subP_cholinergic","MHb_subP_cholinergic"
"GCAATCATCCTGCCATcntl","MHb2","MHb_cholinergic_1","MHb_B"
"GCAGCCAAGTCGTACTcntl","MHb2","MHb_cholinergic_1","MHb_B"
"GCAGCCACAGTCGTGCcntl","MHb1","MHb_subP_cholinergic","MHb_subP_cholinergic"
"GCAGCCAGTGGCAAACcntl","MHb2","MHb_cholinergic_1","MHb_B"
"GCATACAGTTGGAGGTcntl","MHb1","MHb_subP_cholinergic","MHb_subP_cholinergic"
"GCATGCGAGTGACTCTcntl","MHb1","MHb_subP_cholinergic","MHb_subP_cholinergic"
"GCATGCGCATACTCTTcntl","MHb2","MHb_cholinergic_1","MHb_B"
"GCATGCGTCATGGTCAcntl","MHb1","MHb_subP_cholinergic","MHb_subP_cholinergic"
"GCATGTACACACGCTGcntl","MHb1","MHb_subP_cholinergic","MHb_subP_cholinergic"
"GCATGTAGTTTAAGCCcntl","MHb1","MHb_subP_cholinergic","MHb_subP_cholinergic"
"GCCAAATAGCTATGCTcntl","MHb1","MHb_subP_cholinergic","MHb_subP_cholinergic"
"GCCAAATTCTTGCAAGcntl","MHb2","MHb_cholinergic_1","MHb_B"
"GCCTCTAGTGTAACGGcntl","MHb1","MHb_subP_cholinergic","MHb_subP_cholinergic"
"GCGACCACAACACGCCcntl","MHb1","MHb_subP_cholinergic","MHb_subP_cholinergic"
"GCGACCACACCAACCGcntl","MHb4","MHb_cholinergic_3","MHb_B"
"GCGAGAAGTTACGGAGcntl","MHb2","MHb_cholinergic_1","MHb_B"
"GCGCAACCATCGACGCcntl","MHb1","MHb_subP_cholinergic","MHb_subP_cholinergic"
"GCGCAACGTGAAAGAGcntl","Neuron","MHb_cholinergic.2","MHb_cholinergic.2"
"GCGGGTTGTATTAGCCcntl","MHb1","MHb_subP_cholinergic","MHb_subP_cholinergic"
"GCTGCAGTCGTGACATcntl","MHb4","MHb_cholinergic_3","MHb_B"
"GCTGCGAAGGCTAGGTcntl","MHb2","MHb_cholinergic_1","MHb_B"
"GCTGCTTCATCCCACTcntl","MHb4","MHb_cholinergic_3","MHb_B"
"GCTGGGTCACCCATTCcntl","MHb4","MHb_cholinergic_3","MHb_B"
"GCTGGGTCAGCAGTTTcntl","MHb2","MHb_cholinergic_1","MHb_B"
"GCTGGGTCATTGGGCCcntl","MHb2","MHb_cholinergic_1","MHb_B"
"GCTTGAACAAGTAATGcntl","MHb2","MHb_cholinergic_1","MHb_B"
"GGAAAGCAGGCTAGCAcntl","MHb2","MHb_cholinergic_1","MHb_B"
"GGAAAGCTCGCGGATCcntl","MHb2","MHb_cholinergic_1","MHb_B"
"GGAACTTCACAGATTCcntl","MHb2","MHb_cholinergic_1","MHb_B"
"GGAACTTCAGCATACTcntl","MHb4","MHb_cholinergic_3","MHb_B"
"GGAATAAAGAGGTTATcntl","MHb4","MHb_cholinergic_3","MHb_B"
"GGAATAAAGTTGAGTAcntl","MHb4","MHb_cholinergic_3","MHb_B"
"GGACAAGAGTGTCCCGcntl","MHb2","MHb_cholinergic_1","MHb_B"
"GGACAAGGTCTGGTCGcntl","MHb1","MHb_subP_cholinergic","MHb_subP_cholinergic"
"GGACAGAAGTTCGATCcntl","MHb1","MHb_subP_cholinergic","MHb_subP_cholinergic"
"GGACATTTCATCGGATcntl","MHb1","MHb_subP_cholinergic","MHb_subP_cholinergic"
"GGACATTTCTAACCGAcntl","MHb1","MHb_subP_cholinergic","MHb_subP_cholinergic"
"GGACGTCTCCAGATCAcntl","MHb1","MHb_subP_cholinergic","MHb_subP_cholinergic"
"GGATGTTGTTACGCGCcntl","MHb2","MHb_cholinergic_1","MHb_B"
"GGATGTTTCACGCATAcntl","MHb1","MHb_subP_cholinergic","MHb_subP_cholinergic"
"GGATTACGTGAGGGTTcntl","MHb2","MHb_cholinergic_1","MHb_B"
"GGCAATTAGATGTGTAcntl","MHb4","MHb_cholinergic_3","MHb_B"
"GGCCGATGTTATGTGCcntl","MHb1","MHb_subP_cholinergic","MHb_subP_cholinergic"
"GGCCGATTCGTATCAGcntl","MHb1","MHb_subP_cholinergic","MHb_subP_cholinergic"
"GGCGACTAGGGTCGATcntl","MHb1","MHb_subP_cholinergic","MHb_subP_cholinergic"
"GGCTCGAAGTGGACGTcntl","MHb6","MHb_cholinergic_4","MHb_B"
"GGCTCGACAAAGGCGTcntl","MHb2","MHb_cholinergic_1","MHb_B"
"GGCTGGTGTTCCACGGcntl","MHb4","MHb_cholinergic_3","MHb_B"
"GGCTGGTTCCAAAGTCcntl","MHb2","MHb_cholinergic_1","MHb_B"
"GGGACCTCATGGTCATcntl","MHb1","MHb_subP_cholinergic","MHb_subP_cholinergic"
"GGGACCTTCAACTCTTcntl","MHb2","MHb_cholinergic_1","MHb_B"
"GGGAGATGTCTAGAGGcntl","Neuron","MHb_cholinergic.2","MHb_cholinergic.2"
"GGGAGATTCTACTCATcntl","MHb2","MHb_cholinergic_1","MHb_B"
"GGGATGACACGGTAGAcntl","MHb2","MHb_cholinergic_1","MHb_B"
"GGGCACTTCCATGCTCcntl","MHb1","MHb_subP_cholinergic","MHb_subP_cholinergic"
"GGGCATCAGACACGACcntl","MHb2","MHb_cholinergic_1","MHb_B"
"GGGTCTGAGAGTACCGcntl","MHb1","MHb_subP_cholinergic","MHb_subP_cholinergic"
"GGGTCTGGTATAGTAGcntl","MHb2","MHb_cholinergic_1","MHb_B"
"GGGTTGCTCTGCTGTCcntl","Neuron","MHb_cholinergic.2","MHb_cholinergic.2"
"GGTATTGTCTAACTGGcntl","MHb1","MHb_subP_cholinergic","MHb_subP_cholinergic"
"GTAACGTAGGTTACCTcntl","MHb1","MHb_subP_cholinergic","MHb_subP_cholinergic"
"GTAACTGCAATAGCAAcntl","MHb2","MHb_cholinergic_1","MHb_B"
"GTACGTATCGTTTATCcntl","MHb4","MHb_cholinergic_3","MHb_B"
"GTACTCCAGACAGGCTcntl","MHb1","MHb_subP_cholinergic","MHb_subP_cholinergic"
"GTACTCCAGACTACAAcntl","MHb4","MHb_cholinergic_3","MHb_B"
"GTACTCCGTACCGTTAcntl","MHb1","MHb_subP_cholinergic","MHb_subP_cholinergic"
"GTACTCCGTGCACTTAcntl","MHb2","MHb_cholinergic_1","MHb_B"
"GTAGTCACAAGTCTGTcntl","MHb4","MHb_cholinergic_3","MHb_B"
"GTAGTCATCCATTCTAcntl","MHb4","MHb_cholinergic_3","MHb_B"
"GTAGTCATCCCAAGATcntl","MHb1","MHb_subP_cholinergic","MHb_subP_cholinergic"
"GTATCTTAGTGTACTCcntl","MHb4","MHb_cholinergic_3","MHb_B"
"GTATCTTGTGGCCCTAcntl","MHb4","MHb_cholinergic_3","MHb_B"
"GTATTCTTCCAGTAGTcntl","MHb4","MHb_cholinergic_3","MHb_B"
"GTCACAACATCATCCCcntl","MHb1","MHb_subP_cholinergic","MHb_subP_cholinergic"
"GTCACGGAGGCGACATcntl","MHb1","MHb_subP_cholinergic","MHb_subP_cholinergic"
"GTCACGGTCGTCCGTTcntl","MHb2","MHb_cholinergic_1","MHb_B"
"GTCATTTGTCCTGCTTcntl","MHb1","MHb_subP_cholinergic","MHb_subP_cholinergic"
"GTCATTTTCTCCAACCcntl","MHb1","MHb_subP_cholinergic","MHb_subP_cholinergic"
"GTCCTCAGTGCTGTATcntl","MHb1","MHb_subP_cholinergic","MHb_subP_cholinergic"
"GTCGGGTGTCAAACTCcntl","MHb1","MHb_subP_cholinergic","MHb_subP_cholinergic"
"GTCGTAAAGACCTTTGcntl","MHb1","MHb_subP_cholinergic","MHb_subP_cholinergic"
"GTCGTAAAGCCCGAAAcntl","MHb1","MHb_subP_cholinergic","MHb_subP_cholinergic"
"GTCGTAACAATAACGAcntl","MHb4","MHb_cholinergic_3","MHb_B"
"GTCTTCGCATTGTGCAcntl","MHb1","MHb_subP_cholinergic","MHb_subP_cholinergic"
"GTCTTCGTCCTAGGGCcntl","MHb2","MHb_cholinergic_1","MHb_B"
"GTGCTTCCACAGCCCAcntl","MHb2","MHb_cholinergic_1","MHb_B"
"GTGGGTCAGACTCGGAcntl","MHb4","MHb_cholinergic_3","MHb_B"
"GTGTGCGTCCCTCTTTcntl","MHb2","MHb_cholinergic_1","MHb_B"
"GTGTTAGCACGAGGTAcntl","MHb1","MHb_subP_cholinergic","MHb_subP_cholinergic"
"GTGTTAGGTTGAGTTCcntl","MHb1","MHb_subP_cholinergic","MHb_subP_cholinergic"
"GTTACAGGTGCGCTTGcntl","MHb1","MHb_subP_cholinergic","MHb_subP_cholinergic"
"GTTACAGTCCAAACACcntl","MHb1","MHb_subP_cholinergic","MHb_subP_cholinergic"
"GTTCATTGTTCAACCAcntl","MHb2","MHb_cholinergic_1","MHb_B"
"GTTCATTTCGGAGGTAcntl","MHb1","MHb_subP_cholinergic","MHb_subP_cholinergic"
"GTTCATTTCGTAGGTTcntl","MHb1","MHb_subP_cholinergic","MHb_subP_cholinergic"
"GTTCGGGGTCGAATCTcntl","MHb1","MHb_subP_cholinergic","MHb_subP_cholinergic"
"GTTCTCGCAAGGCTCCcntl","MHb1","MHb_subP_cholinergic","MHb_subP_cholinergic"
"GTTCTCGCAGATGGGTcntl","MHb2","MHb_cholinergic_1","MHb_B"
"GTTTCTAAGGTCGGATcntl","MHb2","MHb_cholinergic_1","MHb_B"
"TAAACCGAGTACTTGCcntl","MHb1","MHb_subP_cholinergic","MHb_subP_cholinergic"
"TAAACCGCAAGTCTGTcntl","MHb1","MHb_subP_cholinergic","MHb_subP_cholinergic"
"TAAACCGCAGACACTTcntl","MHb2","MHb_cholinergic_1","MHb_B"
"TAAGAGACACGGTTTAcntl","MHb2","MHb_cholinergic_1","MHb_B"
"TAAGAGACATAAGACAcntl","MHb2","MHb_cholinergic_1","MHb_B"
"TAAGAGAGTAGCTTGTcntl","MHb1","MHb_subP_cholinergic","MHb_subP_cholinergic"
"TAAGCGTTCAACCAACcntl","MHb1","MHb_subP_cholinergic","MHb_subP_cholinergic"
"TACACGATCCAATGGTcntl","MHb2","MHb_cholinergic_1","MHb_B"
"TACAGTGCAGGGAGAGcntl","MHb1","MHb_subP_cholinergic","MHb_subP_cholinergic"
"TACAGTGCATCGACGCcntl","MHb4","MHb_cholinergic_3","MHb_B"
"TACAGTGTCGGCGCATcntl","MHb1","MHb_subP_cholinergic","MHb_subP_cholinergic"
"TACCTATAGAATTGTGcntl","MHb4","MHb_cholinergic_3","MHb_B"
"TACCTTACAAGTCTACcntl","MHb4","MHb_cholinergic_3","MHb_B"
"TACGGTATCGAACTGTcntl","MHb4","MHb_cholinergic_3","MHb_B"
"TACTCGCGTATAGGGCcntl","MHb1","MHb_subP_cholinergic","MHb_subP_cholinergic"
"TACTCGCTCTGCTTGCcntl","MHb6","MHb_cholinergic_4","MHb_B"
"TACTTACAGAACAATCcntl","MHb4","MHb_cholinergic_3","MHb_B"
"TAGACCAAGTCCGTATcntl","MHb2","MHb_cholinergic_1","MHb_B"
"TAGACCAGTCATGCATcntl","MHb1","MHb_subP_cholinergic","MHb_subP_cholinergic"
"TAGAGCTTCAGTGCATcntl","MHb4","MHb_cholinergic_3","MHb_B"
"TAGAGCTTCATTCACTcntl","MHb2","MHb_cholinergic_1","MHb_B"
"TAGCCGGGTCTAGAGGcntl","MHb1","MHb_subP_cholinergic","MHb_subP_cholinergic"
"TAGTTGGGTACAGACGcntl","MHb2","MHb_cholinergic_1","MHb_B"
"TATCAGGCACAGCCCAcntl","MHb2","MHb_cholinergic_1","MHb_B"
"TATCAGGGTCGCATATcntl","MHb4","MHb_cholinergic_3","MHb_B"
"TATCAGGGTCTGCGGTcntl","MHb1","MHb_subP_cholinergic","MHb_subP_cholinergic"
"TATCTCAAGACAAAGGcntl","MHb4","MHb_cholinergic_3","MHb_B"
"TATGCCCCAGGAACGTcntl","MHb2","MHb_cholinergic_1","MHb_B"
"TATTACCCAAAGGTGCcntl","MHb1","MHb_subP_cholinergic","MHb_subP_cholinergic"
"TCAATCTAGTGTCTCAcntl","MHb4","MHb_cholinergic_3","MHb_B"
"TCAATCTGTTCGAATCcntl","MHb1","MHb_subP_cholinergic","MHb_subP_cholinergic"
"TCAATCTGTTGTGGAGcntl","MHb2","MHb_cholinergic_1","MHb_B"
"TCAATCTTCCAAGCCGcntl","MHb2","MHb_cholinergic_1","MHb_B"
"TCACGAAAGGGTATCGcntl","MHb2","MHb_cholinergic_1","MHb_B"
"TCAGCAAAGCAGCCTCcntl","MHb1","MHb_subP_cholinergic","MHb_subP_cholinergic"
"TCAGCAAGTTATTCTCcntl","MHb1","MHb_subP_cholinergic","MHb_subP_cholinergic"
"TCAGCAATCACGCGGTcntl","MHb1","MHb_subP_cholinergic","MHb_subP_cholinergic"
"TCAGCTCAGGCATGGTcntl","MHb2","MHb_cholinergic_1","MHb_B"
"TCAGCTCCACTGTTAGcntl","MHb4","MHb_cholinergic_3","MHb_B"
"TCAGCTCGTAAGCACGcntl","MHb1","MHb_subP_cholinergic","MHb_subP_cholinergic"
"TCAGCTCGTACCCAATcntl","MHb1","MHb_subP_cholinergic","MHb_subP_cholinergic"
"TCAGCTCGTGTGAATAcntl","MHb1","MHb_subP_cholinergic","MHb_subP_cholinergic"
"TCAGGATGTGCTCTTCcntl","MHb1","MHb_subP_cholinergic","MHb_subP_cholinergic"
"TCAGGTATCGGTTCGGcntl","MHb1","MHb_subP_cholinergic","MHb_subP_cholinergic"
"TCATTACAGCCTTGATcntl","MHb4","MHb_cholinergic_3","MHb_B"
"TCATTACCACCACCAGcntl","MHb1","MHb_subP_cholinergic","MHb_subP_cholinergic"
"TCATTACGTAAGTAGTcntl","MHb4","MHb_cholinergic_3","MHb_B"
"TCATTACGTCTAAAGAcntl","MHb4","MHb_cholinergic_3","MHb_B"
"TCATTACTCAACGGCCcntl","MHb6","MHb_cholinergic_4","MHb_B"
"TCATTTGCAGCTATTGcntl","MHb2","MHb_cholinergic_1","MHb_B"
"TCATTTGTCGTTGACAcntl","MHb1","MHb_subP_cholinergic","MHb_subP_cholinergic"
"TCCACACTCTCCCTGAcntl","MHb1","MHb_subP_cholinergic","MHb_subP_cholinergic"
"TCGCGAGAGGGTCTCCcntl","MHb2","MHb_cholinergic_1","MHb_B"
"TCGCGAGCAAGGACTGcntl","MHb1","MHb_subP_cholinergic","MHb_subP_cholinergic"
"TCGCGAGCAGCTGTGCcntl","Neuron","MHb_cholinergic.2","MHb_cholinergic.2"
"TCGCGAGGTCGCATATcntl","MHb1","MHb_subP_cholinergic","MHb_subP_cholinergic"
"TCGCGAGTCAACGGGAcntl","MHb1","MHb_subP_cholinergic","MHb_subP_cholinergic"
"TCGCGTTGTCGCTTCTcntl","MHb1","MHb_subP_cholinergic","MHb_subP_cholinergic"
"TCGCGTTTCGCCATAAcntl","MHb2","MHb_cholinergic_1","MHb_B"
"TCGCGTTTCTTGTTTGcntl","MHb1","MHb_subP_cholinergic","MHb_subP_cholinergic"
"TCGGGACTCCAGTAGTcntl","MHb2","MHb_cholinergic_1","MHb_B"
"TCGGTAATCACAGTACcntl","MHb1","MHb_subP_cholinergic","MHb_subP_cholinergic"
"TCGTACCCACGGTAGAcntl","MHb1","MHb_subP_cholinergic","MHb_subP_cholinergic"
"TCGTACCGTCCAGTATcntl","MHb2","MHb_cholinergic_1","MHb_B"
"TCTCATACAGGATCGAcntl","MHb1","MHb_subP_cholinergic","MHb_subP_cholinergic"
"TCTCATAGTTCCATGAcntl","MHb2","MHb_cholinergic_1","MHb_B"
"TCTCTAACACAGATTCcntl","MHb4","MHb_cholinergic_3","MHb_B"
"TCTCTAATCAGCGATTcntl","MHb1","MHb_subP_cholinergic","MHb_subP_cholinergic"
"TCTGGAAAGAGGGCTTcntl","MHb2","MHb_cholinergic_1","MHb_B"
"TCTGGAACAAACCTACcntl","MHb1","MHb_subP_cholinergic","MHb_subP_cholinergic"
"TGAAAGATCAGCACATcntl","MHb1","MHb_subP_cholinergic","MHb_subP_cholinergic"
"TGAAAGATCTAGCACAcntl","MHb1","MHb_subP_cholinergic","MHb_subP_cholinergic"
"TGACAACCACGAGGTAcntl","MHb2","MHb_cholinergic_1","MHb_B"
"TGACAACCAGGAATGCcntl","MHb2","MHb_cholinergic_1","MHb_B"
"TGACAACGTTCATGGTcntl","MHb2","MHb_cholinergic_1","MHb_B"
"TGACGGCCAGTATGCTcntl","MHb1","MHb_subP_cholinergic","MHb_subP_cholinergic"
"TGACTTTAGGATGTATcntl","MHb4","MHb_cholinergic_3","MHb_B"
"TGACTTTGTTCAGCGCcntl","LHb5","LHb_2","LHb_A"
"TGAGAGGTCCAGTAGTcntl","MHb2","MHb_cholinergic_1","MHb_B"
"TGAGCATCAGCCTGTGcntl","MHb1","MHb_subP_cholinergic","MHb_subP_cholinergic"
"TGAGCATTCATGCAACcntl","MHb6","MHb_cholinergic_4","MHb_B"
"TGAGCATTCCAGGGCTcntl","MHb1","MHb_subP_cholinergic","MHb_subP_cholinergic"
"TGAGCCGAGCCTATGTcntl","MHb2","MHb_cholinergic_1","MHb_B"
"TGAGCCGTCCATTCTAcntl","MHb1","MHb_subP_cholinergic","MHb_subP_cholinergic"
"TGAGGGACAACGCACCcntl","MHb1","MHb_subP_cholinergic","MHb_subP_cholinergic"
"TGAGGGAGTAATCGTCcntl","MHb1","MHb_subP_cholinergic","MHb_subP_cholinergic"
"TGATTTCGTTGGAGGTcntl","MHb2","MHb_cholinergic_1","MHb_B"
"TGCACCTCAATCGAAAcntl","MHb4","MHb_cholinergic_3","MHb_B"
"TGCACCTGTAGTGAATcntl","MHb1","MHb_subP_cholinergic","MHb_subP_cholinergic"
"TGCACCTTCGGATGTTcntl","MHb1","MHb_subP_cholinergic","MHb_subP_cholinergic"
"TGCCCTACACAACGTTcntl","MHb2","MHb_cholinergic_1","MHb_B"
"TGCCCTATCATTGCGAcntl","MHb2","MHb_cholinergic_1","MHb_B"
"TGCCCTATCCACGCAGcntl","MHb2","MHb_cholinergic_1","MHb_B"
"TGCGCAGTCTGATACGcntl","MHb1","MHb_subP_cholinergic","MHb_subP_cholinergic"
"TGCGGGTAGCCTATGTcntl","MHb2","MHb_cholinergic_1","MHb_B"
"TGCGTGGTCAACGAAAcntl","MHb1","MHb_subP_cholinergic","MHb_subP_cholinergic"
"TGCTACCCAGCTCGACcntl","MHb1","MHb_subP_cholinergic","MHb_subP_cholinergic"
"TGCTACCTCGCAAACTcntl","MHb2","MHb_cholinergic_1","MHb_B"
"TGCTGCTAGACGACGTcntl","Neuron","MHb_cholinergic.2","MHb_cholinergic.2"
"TGCTGCTTCCTATTCAcntl","MHb4","MHb_cholinergic_3","MHb_B"
"TGGACGCAGTCATGCTcntl","MHb1","MHb_subP_cholinergic","MHb_subP_cholinergic"
"TGGACGCGTATAGTAGcntl","MHb2","MHb_cholinergic_1","MHb_B"
"TGGCCAGCATGAACCTcntl","MHb1","MHb_subP_cholinergic","MHb_subP_cholinergic"
"TGGCGCACATTTCAGGcntl","Neuron","LHb_2","LHb_A"
"TGGCGCAGTCAGAGGTcntl","MHb1","MHb_subP_cholinergic","MHb_subP_cholinergic"
"TGGCGCAGTCTCTCGTcntl","MHb2","MHb_cholinergic_1","MHb_B"
"TGGCGCATCCGCAAGCcntl","MHb2","MHb_cholinergic_1","MHb_B"
"TGGGAAGTCGGCTTGGcntl","MHb4","MHb_cholinergic_3","MHb_B"
"TGGGAAGTCTGTCAAGcntl","MHb2","MHb_cholinergic_1","MHb_B"
"TGGGCGTCAGGGAGAGcntl","MHb1","MHb_subP_cholinergic","MHb_subP_cholinergic"
"TGGGCGTTCCGTTGCTcntl","MHb1","MHb_subP_cholinergic","MHb_subP_cholinergic"
"TGGTTAGGTTTGACTGcntl","MHb2","MHb_cholinergic_1","MHb_B"
"TGTCCCACAGCTGTATcntl","MHb2","MHb_cholinergic_1","MHb_B"
"TGTCCCAGTACCAGTTcntl","MHb1","MHb_subP_cholinergic","MHb_subP_cholinergic"
"TGTCCCAGTCATTAGCcntl","MHb1","MHb_subP_cholinergic","MHb_subP_cholinergic"
"TGTTCCGTCCTGTACCcntl","MHb1","MHb_subP_cholinergic","MHb_subP_cholinergic"
"TTAGGACAGGGCACTAcntl","MHb1","MHb_subP_cholinergic","MHb_subP_cholinergic"
"TTAGTTCTCCCATTATcntl","MHb1","MHb_subP_cholinergic","MHb_subP_cholinergic"
"TTATGCTTCCGCAAGCcntl","MHb1","MHb_subP_cholinergic","MHb_subP_cholinergic"
"TTCCCAGAGTAGATGTcntl","MHb1","MHb_subP_cholinergic","MHb_subP_cholinergic"
"TTCTCAACACAGATTCcntl","MHb4","MHb_cholinergic_3","MHb_B"
"TTCTCCTCAGATCTGTcntl","MHb1","MHb_subP_cholinergic","MHb_subP_cholinergic"
"TTCTCCTTCGTAGGTTcntl","MHb1","MHb_subP_cholinergic","MHb_subP_cholinergic"
"TTCTCCTTCTTGAGACcntl","MHb1","MHb_subP_cholinergic","MHb_subP_cholinergic"
"TTGAACGCAACACGCCcntl","MHb1","MHb_subP_cholinergic","MHb_subP_cholinergic"
"TTGAACGCACGCTTTCcntl","MHb2","MHb_cholinergic_1","MHb_B"
"TTGACTTAGTTGTAGAcntl","MHb2","MHb_cholinergic_1","MHb_B"
"TTGCCGTAGTATCTCGcntl","MHb2","MHb_cholinergic_1","MHb_B"
"TTGCCGTCAGATGAGCcntl","MHb1","MHb_subP_cholinergic","MHb_subP_cholinergic"
"TTGCCGTTCAGAAATGcntl","MHb1","MHb_subP_cholinergic","MHb_subP_cholinergic"
"TTGCGTCAGATCACGGcntl","MHb2","MHb_cholinergic_1","MHb_B"
"TTGGAACAGTGGCACAcntl","MHb2","MHb_cholinergic_1","MHb_B"
"TTGGCAATCGTCCGTTcntl","MHb1","MHb_subP_cholinergic","MHb_subP_cholinergic"
"TTTACTGAGTGGGTTGcntl","MHb2","MHb_cholinergic_1","MHb_B"
"TTTACTGCAAGCCTATcntl","MHb4","MHb_cholinergic_3","MHb_B"
"TTTACTGGTCTAGGTTcntl","MHb2","MHb_cholinergic_1","MHb_B"
"TTTATGCCATTCTTACcntl","MHb4","MHb_cholinergic_3","MHb_B"
"TTTATGCCATTGGTACcntl","MHb1","MHb_subP_cholinergic","MHb_subP_cholinergic"
"TTTCCTCGTTCCACTCcntl","MHb2","MHb_cholinergic_1","MHb_B"
"TTTGGTTCACGGTAAGcntl","MHb1","MHb_subP_cholinergic","MHb_subP_cholinergic"
"TTTGGTTTCCTTCAATcntl","MHb1","MHb_subP_cholinergic","MHb_subP_cholinergic"
"TTTGTCAGTATCACCAcntl","MHb1","MHb_subP_cholinergic","MHb_subP_cholinergic"
"AAACGGGAGAATGTGTcntl","MHb2","MHb_cholinergic_1","MHb_B"
"AAAGATGAGAAACCTAcntl","MHb3","MHb_cholinergic_2","MHb_B"
"AAAGATGAGAGTGAGAcntl","MHb3","MHb_cholinergic_2","MHb_B"
"AAAGATGAGTACGCGAcntl","MHb3","MHb_cholinergic_2","MHb_B"
"AAAGCAACACGAAAGCcntl","MHb4","MHb_cholinergic_3","MHb_B"
"AAAGCAATCTTGTTTGcntl","MHb2","MHb_cholinergic_1","MHb_B"
"AAAGTAGAGGACACCAcntl","MHb2","MHb_cholinergic_1","MHb_B"
"AAATGCCAGTTAGGTAcntl","MHb2","MHb_cholinergic_1","MHb_B"
"AACCATGAGCCACGCTcntl","MHb3","MHb_cholinergic_2","MHb_B"
"AACCGCGGTGTTTGTGcntl","MHb2","MHb_cholinergic_1","MHb_B"
"AACTCAGAGTACTTGCcntl","MHb3","MHb_cholinergic_2","MHb_B"
"AACTCAGGTTCCACGGcntl","MHb3","MHb_cholinergic_2","MHb_B"
"AACTCTTCACCAGGCTcntl","MHb2","MHb_cholinergic_1","MHb_B"
"AACTCTTTCCGAAGAGcntl","MHb3","MHb_cholinergic_2","MHb_B"
"AACTGGTAGTCGATAAcntl","MHb3","MHb_cholinergic_2","MHb_B"
"AACTGGTGTTCTGAACcntl","MHb3","MHb_cholinergic_2","MHb_B"
"AAGGCAGGTAAGTTCCcntl","MHb3","MHb_cholinergic_2","MHb_B"
"AAGTCTGCACATCTTTcntl","MHb3","MHb_cholinergic_2","MHb_B"
"AAGTCTGCAGGATCGAcntl","MHb3","MHb_cholinergic_2","MHb_B"
"AAGTCTGTCAGCTTAGcntl","MHb3","MHb_cholinergic_2","MHb_B"
"AATCGGTGTCAGAAGCcntl","MHb3","MHb_cholinergic_2","MHb_B"
"ACACCCTTCTAGAGTCcntl","MHb4","MHb_cholinergic_3","MHb_B"
"ACACCGGAGGATGGTCcntl","MHb3","MHb_cholinergic_2","MHb_B"
"ACACCGGCACACATGTcntl","MHb3","MHb_cholinergic_2","MHb_B"
"ACACCGGTCCCAACGGcntl","MHb6","MHb_cholinergic_4","MHb_B"
"ACAGCTAAGGCGATACcntl","MHb3","MHb_cholinergic_2","MHb_B"
"ACAGCTATCATTGCGAcntl","MHb3","MHb_cholinergic_2","MHb_B"
"ACATACGAGCTCCCAGcntl","MHb2","MHb_cholinergic_1","MHb_B"
"ACATGGTAGCGTCAAGcntl","MHb3","MHb_cholinergic_2","MHb_B"
"ACATGGTAGGACAGCTcntl","MHb3","MHb_cholinergic_2","MHb_B"
"ACCAGTACAGTACACTcntl","MHb3","MHb_cholinergic_2","MHb_B"
"ACCAGTACATGAACCTcntl","MHb3","MHb_cholinergic_2","MHb_B"
"ACCAGTATCCCTCTTTcntl","MHb2","MHb_cholinergic_1","MHb_B"
"ACCAGTATCCGTAGGCcntl","MHb3","MHb_cholinergic_2","MHb_B"
"ACCCACTGTGATGATAcntl","MHb4","MHb_cholinergic_3","MHb_B"
"ACCCACTTCCCTCTTTcntl","MHb3","MHb_cholinergic_2","MHb_B"
"ACCGTAATCCGCGGTAcntl","MHb3","MHb_cholinergic_2","MHb_B"
"ACCTTTACATCACGTAcntl","MHb4","MHb_cholinergic_3","MHb_B"
"ACGAGCCCAGTCGATTcntl","MHb3","MHb_cholinergic_2","MHb_B"
"ACGAGGAAGAGGGCTTcntl","MHb3","MHb_cholinergic_2","MHb_B"
"ACGAGGACAGTGGGATcntl","MHb2","MHb_cholinergic_1","MHb_B"
"ACGATGTGTCCAGTATcntl","MHb3","MHb_cholinergic_2","MHb_B"
"ACGGAGAAGACAAGCCcntl","MHb2","MHb_cholinergic_1","MHb_B"
"ACGGCCACAATGGATAcntl","MHb4","MHb_cholinergic_3","MHb_B"
"ACGGGCTCATTACGACcntl","MHb3","MHb_cholinergic_2","MHb_B"
"ACTGAACTCCTTTCTCcntl","MHb3","MHb_cholinergic_2","MHb_B"
"ACTTACTCAATTGCTGcntl","MHb4","MHb_cholinergic_3","MHb_B"
"ACTTACTGTGCCTGTGcntl","MHb3","MHb_cholinergic_2","MHb_B"
"ACTTGTTAGGAGTCTGcntl","MHb3","MHb_cholinergic_2","MHb_B"
"ACTTGTTCACGGATAGcntl","Neuron","MHb_cholinergic.1","MHb_cholinergic.1"
"AGAATAGAGGAGTAGAcntl","MHb3","MHb_cholinergic_2","MHb_B"
"AGAATAGCAGCTCCGAcntl","MHb3","MHb_cholinergic_2","MHb_B"
"AGACGTTCATACGCTAcntl","MHb3","MHb_cholinergic_2","MHb_B"
"AGAGCTTCAAGGTGTGcntl","MHb4","MHb_cholinergic_3","MHb_B"
"AGATCTGTCTTCATGTcntl","MHb3","MHb_cholinergic_2","MHb_B"
"AGATTGCTCCATTCTAcntl","MHb2","MHb_cholinergic_1","MHb_B"
"AGCATACGTGTTGAGGcntl","MHb2","MHb_cholinergic_1","MHb_B"
"AGCATACTCTCCCTGAcntl","MHb3","MHb_cholinergic_2","MHb_B"
"AGCGGTCTCAGGCCCAcntl","MHb3","MHb_cholinergic_2","MHb_B"
"AGCTCTCCAGCCTTTCcntl","MHb2","MHb_cholinergic_1","MHb_B"
"AGCTCTCTCTCGTATTcntl","MHb3","MHb_cholinergic_2","MHb_B"
"AGCTTGACAACTTGACcntl","MHb3","MHb_cholinergic_2","MHb_B"
"AGGCCACCAGGAATGCcntl","MHb3","MHb_cholinergic_2","MHb_B"
"AGGTCATCATGAACCTcntl","MHb2","MHb_cholinergic_1","MHb_B"
"AGGTCATGTCAGAATAcntl","MHb4","MHb_cholinergic_3","MHb_B"
"AGGTCCGTCCTGCCATcntl","MHb3","MHb_cholinergic_2","MHb_B"
"AGTAGTCAGATTACCCcntl","MHb3","MHb_cholinergic_2","MHb_B"
"AGTCTTTTCGTCGTTCcntl","MHb3","MHb_cholinergic_2","MHb_B"
"AGTGAGGTCGGGAGTAcntl","MHb3","MHb_cholinergic_2","MHb_B"
"AGTGGGATCCGCATCTcntl","MHb4","MHb_cholinergic_3","MHb_B"
"ATAAGAGTCAGTTTGGcntl","MHb3","MHb_cholinergic_2","MHb_B"
"ATAGACCAGAATTCCCcntl","MHb3","MHb_cholinergic_2","MHb_B"
"ATCACGAGTCCAGTTAcntl","MHb2","MHb_cholinergic_1","MHb_B"
"ATCACGATCCGCGCAAcntl","MHb2","MHb_cholinergic_1","MHb_B"
"ATCATGGAGGGATCTGcntl","MHb4","MHb_cholinergic_3","MHb_B"
"ATCCACCCACCTATCCcntl","Neuron","MHb_cholinergic.1","MHb_cholinergic.1"
"ATCTACTAGCGTAGTGcntl","MHb3","MHb_cholinergic_2","MHb_B"
"ATCTACTGTCTAAACCcntl","MHb4","MHb_cholinergic_3","MHb_B"
"ATCTGCCCACAGACTTcntl","MHb3","MHb_cholinergic_2","MHb_B"
"ATCTGCCCACCTGGTGcntl","MHb3","MHb_cholinergic_2","MHb_B"
"ATGAGGGCATGTAGTCcntl","MHb2","MHb_cholinergic_1","MHb_B"
"ATGCGATAGCACGCCTcntl","MHb4","MHb_cholinergic_3","MHb_B"
"ATTACTCGTACCAGTTcntl","MHb3","MHb_cholinergic_2","MHb_B"
"ATTACTCTCGTAGATCcntl","MHb2","MHb_cholinergic_1","MHb_B"
"ATTCTACTCCTTTACAcntl","MHb3","MHb_cholinergic_2","MHb_B"
"ATTGGACCATCCAACAcntl","MHb3","MHb_cholinergic_2","MHb_B"
"ATTTCTGGTCATGCCGcntl","MHb3","MHb_cholinergic_2","MHb_B"
"ATTTCTGGTGACCAAGcntl","MHb3","MHb_cholinergic_2","MHb_B"
"ATTTCTGTCACCACCTcntl","MHb3","MHb_cholinergic_2","MHb_B"
"CAACTAGTCTATCCCGcntl","MHb2","MHb_cholinergic_1","MHb_B"
"CAAGATCGTGTGACGAcntl","MHb3","MHb_cholinergic_2","MHb_B"
"CAAGTTGAGACAAGCCcntl","MHb3","MHb_cholinergic_2","MHb_B"
"CAAGTTGGTAGAGTGCcntl","MHb3","MHb_cholinergic_2","MHb_B"
"CACACCTCATTGTGCAcntl","MHb3","MHb_cholinergic_2","MHb_B"
"CACACTCGTAAGTTCCcntl","MHb4","MHb_cholinergic_3","MHb_B"
"CACAGGCCAAAGTGCGcntl","MHb3","MHb_cholinergic_2","MHb_B"
"CACAGTATCCGCAAGCcntl","MHb3","MHb_cholinergic_2","MHb_B"
"CACATAGGTACCGTTAcntl","MHb3","MHb_cholinergic_2","MHb_B"
"CACATAGGTCCGAACCcntl","MHb3","MHb_cholinergic_2","MHb_B"
"CACATAGGTCCTAGCGcntl","MHb3","MHb_cholinergic_2","MHb_B"
"CACATAGGTGTAAGTAcntl","MHb4","MHb_cholinergic_3","MHb_B"
"CACATTTAGAAGGTTTcntl","MHb3","MHb_cholinergic_2","MHb_B"
"CACATTTTCCAACCAAcntl","MHb2","MHb_cholinergic_1","MHb_B"
"CACCTTGCACTATCTTcntl","MHb3","MHb_cholinergic_2","MHb_B"
"CACCTTGCAGCCAGAAcntl","MHb3","MHb_cholinergic_2","MHb_B"
"CACTCCAAGCTGTCTAcntl","MHb3","MHb_cholinergic_2","MHb_B"
"CAGAATCCACGGCCATcntl","MHb2","MHb_cholinergic_1","MHb_B"
"CAGAATCCAGGAATGCcntl","MHb3","MHb_cholinergic_2","MHb_B"
"CAGAGAGAGGCTACGAcntl","MHb4","MHb_cholinergic_3","MHb_B"
"CAGAGAGTCACGGTTAcntl","MHb2","MHb_cholinergic_1","MHb_B"
"CAGCCGAGTCCGACGTcntl","MHb2","MHb_cholinergic_1","MHb_B"
"CAGCCGAGTGTAACGGcntl","MHb3","MHb_cholinergic_2","MHb_B"
"CAGCTAAAGTTGAGATcntl","MHb3","MHb_cholinergic_2","MHb_B"
"CAGCTAAGTTGGTAAAcntl","MHb2","MHb_cholinergic_1","MHb_B"
"CAGCTAATCCAGAAGGcntl","MHb4","MHb_cholinergic_3","MHb_B"
"CAGCTGGTCTACCAGAcntl","MHb3","MHb_cholinergic_2","MHb_B"
"CAGTAACTCTTGTTTGcntl","MHb4","MHb_cholinergic_3","MHb_B"
"CATCAGAAGCGTGTCCcntl","MHb2","MHb_cholinergic_1","MHb_B"
"CATCAGAAGGTCGGATcntl","MHb3","MHb_cholinergic_2","MHb_B"
"CATCAGACAATCTGCAcntl","MHb3","MHb_cholinergic_2","MHb_B"
"CATCCACCAAGTTAAGcntl","MHb3","MHb_cholinergic_2","MHb_B"
"CATCGAACATGCCCGAcntl","MHb2","MHb_cholinergic_1","MHb_B"
"CATCGAAGTTAAGGGCcntl","MHb3","MHb_cholinergic_2","MHb_B"
"CATCGAAGTTTCGCTCcntl","MHb2","MHb_cholinergic_1","MHb_B"
"CATCGGGCACAGGCCTcntl","MHb4","MHb_cholinergic_3","MHb_B"
"CATCGGGGTAGGCATGcntl","MHb3","MHb_cholinergic_2","MHb_B"
"CATGCCTAGGCTCAGAcntl","Neuron","MHb_cholinergic.1","MHb_cholinergic.1"
"CATTATCCAGCGTCCAcntl","MHb4","MHb_cholinergic_3","MHb_B"
"CATTCGCGTCGATTGTcntl","MHb3","MHb_cholinergic_2","MHb_B"
"CCAATCCCACACATGTcntl","MHb3","MHb_cholinergic_2","MHb_B"
"CCACCTATCACGGTTAcntl","MHb2","MHb_cholinergic_1","MHb_B"
"CCACCTATCTGCGGCAcntl","MHb2","MHb_cholinergic_1","MHb_B"
"CCACGGAAGTTAGCGGcntl","MHb3","MHb_cholinergic_2","MHb_B"
"CCACGGACAAGTCTGTcntl","MHb6","MHb_cholinergic_4","MHb_B"
"CCACGGATCGTCGTTCcntl","MHb4","MHb_cholinergic_3","MHb_B"
"CCACTACCACCAGATTcntl","MHb4","MHb_cholinergic_3","MHb_B"
"CCATGTCGTCTCACCTcntl","MHb3","MHb_cholinergic_2","MHb_B"
"CCATTCGAGGAGCGAGcntl","MHb3","MHb_cholinergic_2","MHb_B"
"CCATTCGCACCGAATTcntl","MHb3","MHb_cholinergic_2","MHb_B"
"CCATTCGGTACCAGTTcntl","MHb3","MHb_cholinergic_2","MHb_B"
"CCCAGTTGTATAGGGCcntl","MHb2","MHb_cholinergic_1","MHb_B"
"CCCTCCTGTCGGCTCAcntl","MHb2","MHb_cholinergic_1","MHb_B"
"CCGGGATAGTGAACGCcntl","MHb3","MHb_cholinergic_2","MHb_B"
"CCGGGATCACTATCTTcntl","MHb3","MHb_cholinergic_2","MHb_B"
"CCGGGATCATATGCTGcntl","MHb4","MHb_cholinergic_3","MHb_B"
"CCGGTAGGTCGCGAAAcntl","MHb3","MHb_cholinergic_2","MHb_B"
"CCGGTAGTCAACGAAAcntl","MHb3","MHb_cholinergic_2","MHb_B"
"CCGTGGAAGTTATCGCcntl","MHb3","MHb_cholinergic_2","MHb_B"
"CCTACCAGTAGCGATGcntl","MHb3","MHb_cholinergic_2","MHb_B"
"CCTACCAGTTACGACTcntl","MHb2","MHb_cholinergic_1","MHb_B"
"CCTAGCTAGTCATCCAcntl","MHb2","MHb_cholinergic_1","MHb_B"
"CCTCAGTGTTATCACGcntl","MHb2","MHb_cholinergic_1","MHb_B"
"CCTTACGGTACCGTTAcntl","MHb3","MHb_cholinergic_2","MHb_B"
"CCTTCCCGTGCCTGCAcntl","MHb2","MHb_cholinergic_1","MHb_B"
"CCTTCCCGTTCATGGTcntl","MHb3","MHb_cholinergic_2","MHb_B"
"CCTTTCTAGGAGTAGAcntl","MHb4","MHb_cholinergic_3","MHb_B"
"CCTTTCTTCTTTACACcntl","MHb3","MHb_cholinergic_2","MHb_B"
"CGAACATCATTATCTCcntl","MHb3","MHb_cholinergic_2","MHb_B"
"CGAACATTCGTCGTTCcntl","MHb3","MHb_cholinergic_2","MHb_B"
"CGAATGTCATCAGTACcntl","MHb3","MHb_cholinergic_2","MHb_B"
"CGACCTTTCATGTCTTcntl","MHb3","MHb_cholinergic_2","MHb_B"
"CGACCTTTCTTACCGCcntl","MHb3","MHb_cholinergic_2","MHb_B"
"CGAGCACTCTGGAGCCcntl","MHb2","MHb_cholinergic_1","MHb_B"
"CGATGGCCAAGGCTCCcntl","MHb3","MHb_cholinergic_2","MHb_B"
"CGATGTACATGTAGTCcntl","MHb2","MHb_cholinergic_1","MHb_B"
"CGATTGACAGTATGCTcntl","MHb3","MHb_cholinergic_2","MHb_B"
"CGCGGTAGTTGACGTTcntl","MHb3","MHb_cholinergic_2","MHb_B"
"CGCGGTATCTCGAGTAcntl","MHb3","MHb_cholinergic_2","MHb_B"
"CGCGTTTCAATGTTGCcntl","MHb2","MHb_cholinergic_1","MHb_B"
"CGCGTTTTCCGCATCTcntl","MHb3","MHb_cholinergic_2","MHb_B"
"CGCTGGAAGCTTATCGcntl","MHb3","MHb_cholinergic_2","MHb_B"
"CGCTTCAAGCGTTGCCcntl","MHb3","MHb_cholinergic_2","MHb_B"
"CGGACACAGGACATTAcntl","MHb3","MHb_cholinergic_2","MHb_B"
"CGGACACTCCTTTCGGcntl","MHb3","MHb_cholinergic_2","MHb_B"
"CGGACACTCTCAAACGcntl","MHb3","MHb_cholinergic_2","MHb_B"
"CGGACGTGTTTAAGCCcntl","MHb3","MHb_cholinergic_2","MHb_B"
"CGGACTGCAAGCCGCTcntl","MHb4","MHb_cholinergic_3","MHb_B"
"CGGAGCTGTCGCCATGcntl","MHb3","MHb_cholinergic_2","MHb_B"
"CGGGTCACATAACCTGcntl","MHb6","MHb_cholinergic_4","MHb_B"
"CGGTTAATCGGCCGATcntl","MHb2","MHb_cholinergic_1","MHb_B"
"CGTAGGCCAACACGCCcntl","MHb3","MHb_cholinergic_2","MHb_B"
"CGTAGGCGTTCCTCCAcntl","MHb2","MHb_cholinergic_1","MHb_B"
"CGTAGGCGTTTGACACcntl","MHb3","MHb_cholinergic_2","MHb_B"
"CGTCACTCATACGCCGcntl","MHb3","MHb_cholinergic_2","MHb_B"
"CGTCACTTCTTTAGGGcntl","MHb4","MHb_cholinergic_3","MHb_B"
"CGTCCATGTCATCCCTcntl","MHb3","MHb_cholinergic_2","MHb_B"
"CGTGAGCCAAACGCGAcntl","MHb3","MHb_cholinergic_2","MHb_B"
"CGTGAGCCAATCGAAAcntl","Neuron","MHb_cholinergic.1","MHb_cholinergic.1"
"CGTTCTGAGGCTCTTAcntl","MHb4","MHb_cholinergic_3","MHb_B"
"CGTTCTGTCGGTGTCGcntl","MHb3","MHb_cholinergic_2","MHb_B"
"CGTTGGGTCTCTTGATcntl","MHb3","MHb_cholinergic_2","MHb_B"
"CTAACTTGTTCACGGCcntl","MHb3","MHb_cholinergic_2","MHb_B"
"CTACATTTCTAAGCCAcntl","MHb3","MHb_cholinergic_2","MHb_B"
"CTACCCATCTTTACACcntl","MHb3","MHb_cholinergic_2","MHb_B"
"CTAGCCTTCAGTTCGAcntl","MHb3","MHb_cholinergic_2","MHb_B"
"CTCCTAGAGTCTTGCAcntl","MHb2","MHb_cholinergic_1","MHb_B"
"CTCCTAGGTCCGTTAAcntl","MHb3","MHb_cholinergic_2","MHb_B"
"CTCGAAACATGTCCTCcntl","MHb3","MHb_cholinergic_2","MHb_B"
"CTCGAGGCATTCGACAcntl","MHb3","MHb_cholinergic_2","MHb_B"
"CTCGGAGCAAGCTGGAcntl","MHb4","MHb_cholinergic_3","MHb_B"
"CTCGGAGCATCCCATCcntl","MHb3","MHb_cholinergic_2","MHb_B"
"CTCGGAGGTTGGTAAAcntl","MHb3","MHb_cholinergic_2","MHb_B"
"CTCGTCATCAAGAAGTcntl","MHb3","MHb_cholinergic_2","MHb_B"
"CTCTAATGTCCCTACTcntl","MHb3","MHb_cholinergic_2","MHb_B"
"CTCTACGAGGACAGAAcntl","MHb3","MHb_cholinergic_2","MHb_B"
"CTCTGGTCATCGATTGcntl","MHb2","MHb_cholinergic_1","MHb_B"
"CTGAAGTAGGGCATGTcntl","MHb3","MHb_cholinergic_2","MHb_B"
"CTGAAGTAGTACGACGcntl","MHb4","MHb_cholinergic_3","MHb_B"
"CTGAAGTGTCTCTCTGcntl","MHb3","MHb_cholinergic_2","MHb_B"
"CTGATAGTCACCGTAAcntl","MHb4","MHb_cholinergic_3","MHb_B"
"CTGATCCTCATCTGCCcntl","MHb2","MHb_cholinergic_1","MHb_B"
"CTGCCTAGTGACTCATcntl","MHb3","MHb_cholinergic_2","MHb_B"
"CTGGTCTAGGAGTAGAcntl","MHb3","MHb_cholinergic_2","MHb_B"
"CTGTGCTTCAACGAAAcntl","MHb3","MHb_cholinergic_2","MHb_B"
"CTGTGCTTCAGCTCTCcntl","Neuron","MHb_cholinergic.1","MHb_cholinergic.1"
"CTGTTTAAGACTTTCGcntl","MHb4","MHb_cholinergic_3","MHb_B"
"CTTAACTGTCACTGGCcntl","MHb4","MHb_cholinergic_3","MHb_B"
"CTTACCGCACATCTTTcntl","MHb3","MHb_cholinergic_2","MHb_B"
"CTTACCGTCGTAGATCcntl","MHb3","MHb_cholinergic_2","MHb_B"
"CTTCTCTCAAGTTAAGcntl","MHb3","MHb_cholinergic_2","MHb_B"
"CTTTGCGGTAAGAGGAcntl","MHb3","MHb_cholinergic_2","MHb_B"
"CTTTGCGTCTACTCATcntl","MHb2","MHb_cholinergic_1","MHb_B"
"GAAACTCAGTCCGGTCcntl","MHb3","MHb_cholinergic_2","MHb_B"
"GAAACTCAGTTCGCATcntl","MHb3","MHb_cholinergic_2","MHb_B"
"GAAATGAAGCAGACTGcntl","MHb3","MHb_cholinergic_2","MHb_B"
"GAAATGAAGTCAAGGCcntl","MHb2","MHb_cholinergic_1","MHb_B"
"GAACATCGTCGCTTTCcntl","MHb3","MHb_cholinergic_2","MHb_B"
"GAACATCTCACCTCGTcntl","MHb3","MHb_cholinergic_2","MHb_B"
"GAACATCTCCGCGTTTcntl","MHb3","MHb_cholinergic_2","MHb_B"
"GAACCTATCAGCAACTcntl","MHb2","MHb_cholinergic_1","MHb_B"
"GAACGGAAGGCCCTCAcntl","MHb3","MHb_cholinergic_2","MHb_B"
"GAACGGATCAAACCACcntl","MHb2","MHb_cholinergic_1","MHb_B"
"GAAGCAGGTGAGTGACcntl","MHb3","MHb_cholinergic_2","MHb_B"
"GAATGAACAATTGCTGcntl","MHb2","MHb_cholinergic_1","MHb_B"
"GAATGAATCGCCCTTAcntl","MHb2","MHb_cholinergic_1","MHb_B"
"GACACGCAGCGAAGGGcntl","MHb2","MHb_cholinergic_1","MHb_B"
"GACACGCGTTAAGAACcntl","MHb3","MHb_cholinergic_2","MHb_B"
"GACACGCTCGGCTACGcntl","MHb3","MHb_cholinergic_2","MHb_B"
"GACAGAGCATCAGTCAcntl","MHb3","MHb_cholinergic_2","MHb_B"
"GACCTGGCATGCCTTCcntl","MHb3","MHb_cholinergic_2","MHb_B"
"GACGCGTTCGCACTCTcntl","MHb2","MHb_cholinergic_1","MHb_B"
"GACGGCTGTGCCTGCAcntl","MHb3","MHb_cholinergic_2","MHb_B"
"GACGTGCAGTACGTTCcntl","MHb4","MHb_cholinergic_3","MHb_B"
"GACGTGCCACCTCGGAcntl","MHb3","MHb_cholinergic_2","MHb_B"
"GACGTTAGTGTGCGTCcntl","MHb3","MHb_cholinergic_2","MHb_B"
"GACTAACTCCGCGTTTcntl","MHb3","MHb_cholinergic_2","MHb_B"
"GACTACAGTGGACGATcntl","MHb3","MHb_cholinergic_2","MHb_B"
"GACTGCGTCCCTCTTTcntl","MHb3","MHb_cholinergic_2","MHb_B"
"GACTGCGTCCTTTACAcntl","MHb3","MHb_cholinergic_2","MHb_B"
"GACTGCGTCTTCCTTCcntl","MHb3","MHb_cholinergic_2","MHb_B"
"GAGTCCGAGAGGGATAcntl","MHb3","MHb_cholinergic_2","MHb_B"
"GATCGATAGATCGGGTcntl","MHb3","MHb_cholinergic_2","MHb_B"
"GATCTAGCACAACGTTcntl","MHb3","MHb_cholinergic_2","MHb_B"
"GATGAAAAGTGTACGGcntl","MHb4","MHb_cholinergic_3","MHb_B"
"GATGAAATCTACGAGTcntl","MHb3","MHb_cholinergic_2","MHb_B"
"GATGAGGAGCGAAGGGcntl","MHb3","MHb_cholinergic_2","MHb_B"
"GATGCTAAGTCTTGCAcntl","MHb3","MHb_cholinergic_2","MHb_B"
"GATGCTAGTATGAAACcntl","MHb2","MHb_cholinergic_1","MHb_B"
"GCAATCACAGCTGGCTcntl","MHb4","MHb_cholinergic_3","MHb_B"
"GCACATAAGACAAGCCcntl","MHb3","MHb_cholinergic_2","MHb_B"
"GCACATAGTCAGAGGTcntl","MHb3","MHb_cholinergic_2","MHb_B"
"GCAGCCACATACAGCTcntl","MHb3","MHb_cholinergic_2","MHb_B"
"GCAGTTAAGACAATACcntl","MHb3","MHb_cholinergic_2","MHb_B"
"GCAGTTAGTACAGTGGcntl","MHb2","MHb_cholinergic_1","MHb_B"
"GCATGCGCAATCCGATcntl","MHb3","MHb_cholinergic_2","MHb_B"
"GCATGTAAGTGCGTGAcntl","MHb3","MHb_cholinergic_2","MHb_B"
"GCCAAATAGCTAGCCCcntl","MHb2","MHb_cholinergic_1","MHb_B"
"GCGCAGTAGGCACATGcntl","MHb4","MHb_cholinergic_3","MHb_B"
"GCGCAGTGTCTTCAAGcntl","MHb2","MHb_cholinergic_1","MHb_B"
"GCGCGATGTGTTTGTGcntl","MHb4","MHb_cholinergic_3","MHb_B"
"GCTCCTACAGTGACAGcntl","MHb3","MHb_cholinergic_2","MHb_B"
"GCTGCAGAGTACGACGcntl","MHb3","MHb_cholinergic_2","MHb_B"
"GCTGCGAAGTTACGGGcntl","MHb2","MHb_cholinergic_1","MHb_B"
"GCTGCTTAGGTGCACAcntl","MHb3","MHb_cholinergic_2","MHb_B"
"GCTTCCAAGCTCCTCTcntl","MHb3","MHb_cholinergic_2","MHb_B"
"GCTTGAAGTCACTGGCcntl","MHb2","MHb_cholinergic_1","MHb_B"
"GCTTGAAGTCTAGCCGcntl","MHb3","MHb_cholinergic_2","MHb_B"
"GGAAAGCAGTATCTCGcntl","MHb3","MHb_cholinergic_2","MHb_B"
"GGACATTCAAAGCGGTcntl","MHb4","MHb_cholinergic_3","MHb_B"
"GGACATTGTGTTAAGAcntl","MHb3","MHb_cholinergic_2","MHb_B"
"GGACGTCTCCGTAGTAcntl","MHb3","MHb_cholinergic_2","MHb_B"
"GGACGTCTCTTGTTTGcntl","MHb3","MHb_cholinergic_2","MHb_B"
"GGATGTTCACGTCTCTcntl","MHb3","MHb_cholinergic_2","MHb_B"
"GGCAATTCAAGAGGCTcntl","MHb3","MHb_cholinergic_2","MHb_B"
"GGCAATTTCTTACCGCcntl","MHb3","MHb_cholinergic_2","MHb_B"
"GGCCGATTCACCAGGCcntl","MHb3","MHb_cholinergic_2","MHb_B"
"GGCTCGATCTTCCTTCcntl","MHb2","MHb_cholinergic_1","MHb_B"
"GGGAATGAGCTGTTCAcntl","MHb3","MHb_cholinergic_2","MHb_B"
"GGGAATGTCTTAACCTcntl","MHb2","MHb_cholinergic_1","MHb_B"
"GGGATGACAGCAGTTTcntl","MHb2","MHb_cholinergic_1","MHb_B"
"GGGATGAGTGCAGTAGcntl","MHb3","MHb_cholinergic_2","MHb_B"
"GGGCACTAGAGTTGGCcntl","MHb3","MHb_cholinergic_2","MHb_B"
"GGGTCTGCAGCCAATTcntl","MHb3","MHb_cholinergic_2","MHb_B"
"GGTATTGAGCCTATGTcntl","MHb4","MHb_cholinergic_3","MHb_B"
"GGTGAAGCAAGGTTCTcntl","MHb2","MHb_cholinergic_1","MHb_B"
"GGTGTTACACAACGTTcntl","MHb3","MHb_cholinergic_2","MHb_B"
"GGTGTTACAGGTGGATcntl","MHb3","MHb_cholinergic_2","MHb_B"
"GTAACTGAGACCACGAcntl","MHb3","MHb_cholinergic_2","MHb_B"
"GTAACTGGTCTCTTATcntl","MHb3","MHb_cholinergic_2","MHb_B"
"GTAACTGGTCTTCGTCcntl","MHb4","MHb_cholinergic_3","MHb_B"
"GTACGTAGTCTTGTCCcntl","MHb3","MHb_cholinergic_2","MHb_B"
"GTACTCCGTTAAGGGCcntl","MHb3","MHb_cholinergic_2","MHb_B"
"GTACTTTCAAGCGATGcntl","MHb2","MHb_cholinergic_1","MHb_B"
"GTAGGCCAGGCTATCTcntl","MHb2","MHb_cholinergic_1","MHb_B"
"GTAGGCCGTCGCGAAAcntl","MHb3","MHb_cholinergic_2","MHb_B"
"GTAGGCCTCACAATGCcntl","MHb3","MHb_cholinergic_2","MHb_B"
"GTAGGCCTCAGAGGTGcntl","MHb3","MHb_cholinergic_2","MHb_B"
"GTAGTCACATCGGGTCcntl","MHb3","MHb_cholinergic_2","MHb_B"
"GTATTCTAGAACTCGGcntl","Neuron","MHb_cholinergic.1","MHb_cholinergic.1"
"GTATTCTAGATCCCATcntl","MHb2","MHb_cholinergic_1","MHb_B"
"GTCACAAGTGATGATAcntl","MHb3","MHb_cholinergic_2","MHb_B"
"GTCATTTGTGATGATAcntl","Neuron","MHb_cholinergic.1","MHb_cholinergic.1"
"GTCATTTTCCGTTGTCcntl","MHb3","MHb_cholinergic_2","MHb_B"
"GTCCTCATCTTGGGTAcntl","Neuron","MHb_cholinergic.3","MHb_cholinergic.3"
"GTCGGGTAGCCAGGATcntl","MHb2","MHb_cholinergic_1","MHb_B"
"GTCGGGTCATGCCACGcntl","MHb4","MHb_cholinergic_3","MHb_B"
"GTCGGGTTCATTATCCcntl","MHb3","MHb_cholinergic_2","MHb_B"
"GTCGTAATCCAAATGCcntl","MHb4","MHb_cholinergic_3","MHb_B"
"GTCTCGTAGTCAAGGCcntl","MHb4","MHb_cholinergic_3","MHb_B"
"GTCTCGTCATTACGACcntl","MHb2","MHb_cholinergic_1","MHb_B"
"GTCTCGTTCAGTCCCTcntl","MHb3","MHb_cholinergic_2","MHb_B"
"GTCTTCGTCTAACTGGcntl","MHb3","MHb_cholinergic_2","MHb_B"
"GTGAAGGCAATGAATGcntl","MHb3","MHb_cholinergic_2","MHb_B"
"GTGCAGCAGTTAGCGGcntl","MHb3","MHb_cholinergic_2","MHb_B"
"GTGCAGCTCACCCGAGcntl","MHb3","MHb_cholinergic_2","MHb_B"
"GTGCATACACATCTTTcntl","MHb3","MHb_cholinergic_2","MHb_B"
"GTGCATACACCGGAAAcntl","MHb2","MHb_cholinergic_1","MHb_B"
"GTGCTTCTCATCTGCCcntl","MHb2","MHb_cholinergic_1","MHb_B"
"GTGCTTCTCTGCTGCTcntl","MHb3","MHb_cholinergic_2","MHb_B"
"GTGGGTCCACAGTCGCcntl","MHb4","MHb_cholinergic_3","MHb_B"
"GTTACAGCATATGAGAcntl","MHb3","MHb_cholinergic_2","MHb_B"
"GTTCATTCACCAGTTAcntl","MHb3","MHb_cholinergic_2","MHb_B"
"GTTCGGGGTACGCTGCcntl","MHb3","MHb_cholinergic_2","MHb_B"
"GTTCGGGGTCACTGGCcntl","MHb3","MHb_cholinergic_2","MHb_B"
"GTTCTCGGTGCAGACAcntl","MHb2","MHb_cholinergic_1","MHb_B"
"GTTTCTAAGGGAGTAAcntl","MHb3","MHb_cholinergic_2","MHb_B"
"GTTTCTATCGCATGATcntl","MHb2","MHb_cholinergic_1","MHb_B"
"TAAACCGAGTGCGATGcntl","MHb3","MHb_cholinergic_2","MHb_B"
"TAAGAGAAGAGGGATAcntl","MHb4","MHb_cholinergic_3","MHb_B"
"TAAGAGACAGTTAACCcntl","MHb2","MHb_cholinergic_1","MHb_B"
"TAAGTGCCAAGCCGCTcntl","MHb3","MHb_cholinergic_2","MHb_B"
"TAAGTGCTCGTCGTTCcntl","MHb3","MHb_cholinergic_2","MHb_B"
"TACACGAAGCTACCGCcntl","MHb3","MHb_cholinergic_2","MHb_B"
"TACACGAGTCTAACGTcntl","MHb3","MHb_cholinergic_2","MHb_B"
"TACACGATCCTATTCAcntl","MHb3","MHb_cholinergic_2","MHb_B"
"TACCTATGTCTTCTCGcntl","MHb3","MHb_cholinergic_2","MHb_B"
"TACCTATTCACGGTTAcntl","MHb2","MHb_cholinergic_1","MHb_B"
"TACCTTAAGGGTATCGcntl","MHb3","MHb_cholinergic_2","MHb_B"
"TACGGATAGAAGGGTAcntl","MHb4","MHb_cholinergic_3","MHb_B"
"TACGGATCAATGGACGcntl","MHb4","MHb_cholinergic_3","MHb_B"
"TACGGTAGTGTATGGGcntl","MHb3","MHb_cholinergic_2","MHb_B"
"TACTCGCCATACCATGcntl","MHb3","MHb_cholinergic_2","MHb_B"
"TACTTACTCTTTACGTcntl","MHb3","MHb_cholinergic_2","MHb_B"
"TACTTGTGTGAGGCTAcntl","MHb2","MHb_cholinergic_1","MHb_B"
"TACTTGTGTGATGTGGcntl","MHb3","MHb_cholinergic_2","MHb_B"
"TAGAGCTTCATAGCACcntl","MHb3","MHb_cholinergic_2","MHb_B"
"TAGCCGGGTAGCGATGcntl","MHb4","MHb_cholinergic_3","MHb_B"
"TAGCCGGTCTCCAGGGcntl","MHb4","MHb_cholinergic_3","MHb_B"
"TAGGCATCATTGCGGCcntl","MHb2","MHb_cholinergic_1","MHb_B"
"TAGTGGTCACGCGAAAcntl","MHb2","MHb_cholinergic_1","MHb_B"
"TAGTGGTTCAACCATGcntl","MHb3","MHb_cholinergic_2","MHb_B"
"TAGTTGGAGTCATCCAcntl","MHb2","MHb_cholinergic_1","MHb_B"
"TATCAGGAGCGATAGCcntl","MHb2","MHb_cholinergic_1","MHb_B"
"TATTACCCACCGATATcntl","MHb3","MHb_cholinergic_2","MHb_B"
"TCAACGAAGAGAACAGcntl","MHb4","MHb_cholinergic_3","MHb_B"
"TCACAAGGTTCGAATCcntl","MHb3","MHb_cholinergic_2","MHb_B"
"TCACGAACATATGGTCcntl","MHb3","MHb_cholinergic_2","MHb_B"
"TCAGATGCACGGTAAGcntl","MHb3","MHb_cholinergic_2","MHb_B"
"TCAGCTCAGTGGGATCcntl","MHb3","MHb_cholinergic_2","MHb_B"
"TCAGGATTCCAGTAGTcntl","MHb4","MHb_cholinergic_3","MHb_B"
"TCAGGTACATCACAACcntl","MHb3","MHb_cholinergic_2","MHb_B"
"TCCACACTCCGCAGTGcntl","MHb2","MHb_cholinergic_1","MHb_B"
"TCGAGGCGTCTGATCAcntl","MHb3","MHb_cholinergic_2","MHb_B"
"TCGAGGCTCTCACATTcntl","MHb3","MHb_cholinergic_2","MHb_B"
"TCGCGAGTCATAACCGcntl","MHb3","MHb_cholinergic_2","MHb_B"
"TCGCGTTAGGCGTACAcntl","MHb3","MHb_cholinergic_2","MHb_B"
"TCGGTAACAATCTACGcntl","MHb3","MHb_cholinergic_2","MHb_B"
"TCGGTAAGTCTGGTCGcntl","MHb3","MHb_cholinergic_2","MHb_B"
"TCGTAGAAGAATTGTGcntl","Neuron","MHb_cholinergic.1","MHb_cholinergic.1"
"TCTATTGAGAGTAAGGcntl","MHb4","MHb_cholinergic_3","MHb_B"
"TCTGAGAAGTCGAGTGcntl","Neuron","MHb_cholinergic.1","MHb_cholinergic.1"
"TCTGAGACAATAACGAcntl","MHb6","MHb_cholinergic_4","MHb_B"
"TCTTTCCTCCAAATGCcntl","MHb3","MHb_cholinergic_2","MHb_B"
"TGACGGCTCACTTATCcntl","MHb3","MHb_cholinergic_2","MHb_B"
"TGACTAGAGTAGCGGTcntl","MHb3","MHb_cholinergic_2","MHb_B"
"TGACTAGGTAAATACGcntl","MHb3","MHb_cholinergic_2","MHb_B"
"TGACTTTAGGGAAACAcntl","MHb2","MHb_cholinergic_1","MHb_B"
"TGAGAGGAGTTACGGGcntl","MHb3","MHb_cholinergic_2","MHb_B"
"TGAGCATGTTGGTGGAcntl","MHb4","MHb_cholinergic_3","MHb_B"
"TGAGGGAAGGGATGGGcntl","MHb3","MHb_cholinergic_2","MHb_B"
"TGAGGGAGTAGCTCCGcntl","MHb3","MHb_cholinergic_2","MHb_B"
"TGAGGGAGTATGCTTGcntl","MHb3","MHb_cholinergic_2","MHb_B"
"TGAGGGAGTGAGCGATcntl","MHb3","MHb_cholinergic_2","MHb_B"
"TGCACCTAGCGATATAcntl","MHb3","MHb_cholinergic_2","MHb_B"
"TGCCCATGTAGCCTATcntl","MHb2","MHb_cholinergic_1","MHb_B"
"TGCGTGGCATGCAACTcntl","Neuron","MHb_cholinergic.1","MHb_cholinergic.1"
"TGCTACCAGGTTACCTcntl","MHb3","MHb_cholinergic_2","MHb_B"
"TGCTACCCACCATCCTcntl","MHb3","MHb_cholinergic_2","MHb_B"
"TGGCCAGGTAGAAAGGcntl","MHb4","MHb_cholinergic_3","MHb_B"
"TGGCGCACAGGGTATGcntl","MHb3","MHb_cholinergic_2","MHb_B"
"TGGCGCAGTATGCTTGcntl","MHb3","MHb_cholinergic_2","MHb_B"
"TGGTTCCCAGCTCCGAcntl","MHb4","MHb_cholinergic_3","MHb_B"
"TGGTTCCCAGGTCTCGcntl","MHb3","MHb_cholinergic_2","MHb_B"
"TGGTTCCGTGGTAACGcntl","MHb3","MHb_cholinergic_2","MHb_B"
"TGGTTCCTCCCGACTTcntl","MHb2","MHb_cholinergic_1","MHb_B"
"TGTCCCATCACGGTTAcntl","MHb3","MHb_cholinergic_2","MHb_B"
"TGTGTTTTCTGTTTGTcntl","MHb3","MHb_cholinergic_2","MHb_B"
"TTAACTCCATGTCGATcntl","MHb4","MHb_cholinergic_3","MHb_B"
"TTAGGACAGAGCTGGTcntl","MHb4","MHb_cholinergic_3","MHb_B"
"TTAGGACAGATGTAACcntl","MHb4","MHb_cholinergic_3","MHb_B"
"TTAGGACTCATCTGCCcntl","MHb3","MHb_cholinergic_2","MHb_B"
"TTAGGCATCTTGTACTcntl","MHb3","MHb_cholinergic_2","MHb_B"
"TTAGTTCAGTCGTTTGcntl","MHb3","MHb_cholinergic_2","MHb_B"
"TTAGTTCGTTAAAGTGcntl","MHb2","MHb_cholinergic_1","MHb_B"
"TTATGCTGTTGGACCCcntl","MHb4","MHb_cholinergic_3","MHb_B"
"TTCCCAGTCGACCAGCcntl","MHb3","MHb_cholinergic_2","MHb_B"
"TTCGGTCGTATTCTCTcntl","MHb3","MHb_cholinergic_2","MHb_B"
"TTCTTAGAGACAAGCCcntl","MHb2","MHb_cholinergic_1","MHb_B"
"TTCTTAGAGACGCTTTcntl","MHb3","MHb_cholinergic_2","MHb_B"
"TTCTTAGGTCAGAAGCcntl","MHb4","MHb_cholinergic_3","MHb_B"
"TTGAACGCACGGTAAGcntl","MHb2","MHb_cholinergic_1","MHb_B"
"TTGGCAACACGAGAGTcntl","MHb3","MHb_cholinergic_2","MHb_B"
"TTGGCAAGTACTTAGCcntl","MHb3","MHb_cholinergic_2","MHb_B"
"TTGGCAAGTGGCAAACcntl","MHb3","MHb_cholinergic_2","MHb_B"
"TTGTAGGCAGTAAGCGcntl","MHb3","MHb_cholinergic_2","MHb_B"
"TTTACTGCACGGCCATcntl","MHb2","MHb_cholinergic_1","MHb_B"
"TTTATGCGTCACTTCCcntl","MHb3","MHb_cholinergic_2","MHb_B"
"TTTGCGCTCAGAGGTGcntl","MHb2","MHb_cholinergic_1","MHb_B"
"AAACGGGAGACCACGAcntl","LHb6","LHb_1_5","LHb_A"
"AAACGGGCAGATTGCTcntl","LHb4","LHb_1_4","LHb_B"
"AAAGCAATCCCTAATTcntl","LHb5","LHb_2","LHb_A"
"AAAGTAGTCAGATAAGcntl","LHb6","LHb_1_5","LHb_A"
"AAATGCCTCCCAAGTAcntl","LHb5","LHb_2","LHb_A"
"AACCATGGTCAACATCcntl","LHb5","LHb_2","LHb_A"
"AACTCCCTCATCACCCcntl","LHb5","LHb_2","LHb_A"
"AACTCTTAGGAATTACcntl","LHb6","LHb_1_5","LHb_A"
"AACTTTCTCCAGTATGcntl","LHb5","LHb_2","LHb_A"
"AACTTTCTCCCGACTTcntl","LHb5","LHb_2","LHb_A"
"AAGCCGCAGTGACTCTcntl","LHb5","LHb_2","LHb_A"
"AAGCCGCAGTTGCAGGcntl","LHb6","LHb_1_5","LHb_A"
"AAGCCGCTCCTCGCATcntl","LHb6","LHb_1_5","LHb_A"
"AAGGTTCCAGCCACCAcntl","LHb1","LHb_1_1","LHb_C"
"AAGTCTGCAGACAGGTcntl","LHb4","LHb_1_4","LHb_B"
"AATCCAGTCAGTTAGCcntl","LHb1","LHb_1_1","LHb_C"
"AATCGGTTCTGATACGcntl","LHb6","LHb_1_5","LHb_A"
"ACACCAACAAATCCGTcntl","LHb5","LHb_2","LHb_A"
"ACACCAACATGAAGTAcntl","LHb5","LHb_2","LHb_A"
"ACACCGGTCAGGCCCAcntl","LHb1","LHb_1_1","LHb_C"
"ACACTGAAGCAGCGTAcntl","LHb6","LHb_1_5","LHb_A"
"ACATACGGTGAGGGTTcntl","LHb6","LHb_1_5","LHb_A"
"ACATCAGAGGGTGTGTcntl","LHb6","LHb_1_5","LHb_A"
"ACATCAGGTTGAGTTCcntl","LHb5","LHb_2","LHb_A"
"ACATGGTGTAAGCACGcntl","LHb6","LHb_1_5","LHb_A"
"ACCAGTACAGCATACTcntl","LHb4","LHb_1_4","LHb_B"
"ACCCACTAGGCTCATTcntl","LHb4","LHb_1_4","LHb_B"
"ACCCACTCATGATCCAcntl","LHb6","LHb_1_5","LHb_A"
"ACCCACTTCAAGATCCcntl","LHb5","LHb_2","LHb_A"
"ACCGTAAGTTCGTCTCcntl","LHb6","LHb_1_5","LHb_A"
"ACGAGCCAGACAGGCTcntl","LHb6","LHb_1_5","LHb_A"
"ACGCAGCAGCGATTCTcntl","LHb6","LHb_1_5","LHb_A"
"ACGCCAGAGTCGTTTGcntl","LHb6","LHb_1_5","LHb_A"
"ACGCCAGCATGCCTTCcntl","LHb6","LHb_1_5","LHb_A"
"ACGCCAGGTTGGAGGTcntl","LHb6","LHb_1_5","LHb_A"
"ACGGCCATCAGTACGTcntl","LHb5","LHb_2","LHb_A"
"ACGTCAATCTCTGAGAcntl","LHb6","LHb_1_5","LHb_A"
"ACTATCTAGTTATCGCcntl","LHb5","LHb_2","LHb_A"
"ACTATCTCACCAACCGcntl","LHb1","LHb_1_1","LHb_C"
"ACTGAACTCTTTACACcntl","LHb6","LHb_1_5","LHb_A"
"ACTGATGTCCGAACGCcntl","LHb4","LHb_1_4","LHb_B"
"ACTGCTCAGCGTTGCCcntl","LHb5","LHb_2","LHb_A"
"ACTTTCACATGTAAGAcntl","LHb5","LHb_2","LHb_A"
"AGACGTTCAGTTTACGcntl","LHb4","LHb_1_4","LHb_B"
"AGAGCGACAAACTGTCcntl","LHb4","LHb_1_4","LHb_B"
"AGAGCGATCACAATGCcntl","LHb5","LHb_2","LHb_A"
"AGAGTGGCAGGAATGCcntl","LHb5","LHb_2","LHb_A"
"AGATTGCAGCGAGAAAcntl","LHb5","LHb_2","LHb_A"
"AGCCTAATCACGCGGTcntl","LHb5","LHb_2","LHb_A"
"AGCGGTCGTCCGCTGAcntl","LHb5","LHb_2","LHb_A"
"AGCGTCGCAAGGACTGcntl","LHb5","LHb_2","LHb_A"
"AGCTCTCCACAAGACGcntl","LHb6","LHb_1_5","LHb_A"
"AGCTCTCGTATCAGTCcntl","LHb4","LHb_1_4","LHb_B"
"AGCTTGAGTCATTAGCcntl","LHb6","LHb_1_5","LHb_A"
"AGCTTGATCAGCTTAGcntl","LHb1","LHb_1_1","LHb_C"
"AGGCCACGTTCAGACTcntl","LHb4","LHb_1_4","LHb_B"
"AGGGAGTCATCCTTGCcntl","LHb6","LHb_1_5","LHb_A"
"AGGGAGTTCTTCATGTcntl","LHb1","LHb_1_1","LHb_C"
"AGGGTGATCCGTACAAcntl","LHb1","LHb_1_1","LHb_C"
"AGGTCATAGAGTACCGcntl","LHb6","LHb_1_5","LHb_A"
"AGGTCATCAACACCTAcntl","LHb6","LHb_1_5","LHb_A"
"AGTAGTCCAGCGTAAGcntl","LHb5","LHb_2","LHb_A"
"AGTCTTTCACAACTGTcntl","LHb5","LHb_2","LHb_A"
"AGTCTTTCACAAGTAAcntl","LHb6","LHb_1_5","LHb_A"
"AGTGTCACACGGCGTTcntl","LHb6","LHb_1_5","LHb_A"
"AGTTGGTAGTGGTCCCcntl","Neuron","Neuron","Neuron"
"ATAAGAGGTGGACGATcntl","LHb6","LHb_1_5","LHb_A"
"ATAGACCAGGCCGAATcntl","LHb5","LHb_2","LHb_A"
"ATCATCTAGTACGTAAcntl","LHb6","LHb_1_5","LHb_A"
"ATCATGGGTTGGAGGTcntl","LHb1","LHb_1_1","LHb_C"
"ATCCACCGTAGAGGAAcntl","LHb4","LHb_1_4","LHb_B"
"ATCCACCTCGTACGGCcntl","LHb5","LHb_2","LHb_A"
"ATCCGAAAGAAGCCCAcntl","LHb1","LHb_1_1","LHb_C"
"ATCCGAAAGCGCTTATcntl","LHb4","LHb_1_4","LHb_B"
"ATCCGAAGTTGGTGGAcntl","LHb1","LHb_1_1","LHb_C"
"ATCGAGTAGGCAAAGAcntl","LHb4","LHb_1_4","LHb_B"
"ATCTGCCGTAGCGCTCcntl","LHb4","LHb_1_4","LHb_B"
"ATCTGCCTCCCAAGTAcntl","LHb5","LHb_2","LHb_A"
"ATGAGGGAGACTAAGTcntl","LHb5","LHb_2","LHb_A"
"ATGAGGGCATCCTTGCcntl","LHb5","LHb_2","LHb_A"
"ATGAGGGGTCGATTGTcntl","LHb1","LHb_1_1","LHb_C"
"ATGCGATCATCTATGGcntl","LHb6","LHb_1_5","LHb_A"
"ATGCGATGTAGGACACcntl","LHb5","LHb_2","LHb_A"
"ATGGGAGAGCTAGTCTcntl","LHb4","LHb_1_4","LHb_B"
"ATGGGAGCAAACCCATcntl","LHb5","LHb_2","LHb_A"
"ATTATCCTCCTTGCCAcntl","LHb4","LHb_1_4","LHb_B"
"ATTCTACCACCGAAAGcntl","LHb5","LHb_2","LHb_A"
"ATTGGTGCAAACCCATcntl","LHb6","LHb_1_5","LHb_A"
"ATTGGTGGTTCTGGTAcntl","LHb5","LHb_2","LHb_A"
"ATTTCTGTCATGTGGTcntl","LHb6","LHb_1_5","LHb_A"
"CAACCAACACCAACCGcntl","LHb5","LHb_2","LHb_A"
"CAAGAAAAGATGGGTCcntl","LHb6","LHb_1_5","LHb_A"
"CAAGAAATCAGGCGAAcntl","LHb6","LHb_1_5","LHb_A"
"CAAGATCCATTTCAGGcntl","LHb6","LHb_1_5","LHb_A"
"CAAGATCGTAAGAGGAcntl","LHb6","LHb_1_5","LHb_A"
"CAAGATCGTGGTTTCAcntl","LHb4","LHb_1_4","LHb_B"
"CACACCTAGTTTAGGAcntl","LHb5","LHb_2","LHb_A"
"CACACCTCAGGGATTGcntl","LHb5","LHb_2","LHb_A"
"CACAGGCAGTCAATAGcntl","LHb4","LHb_1_4","LHb_B"
"CACATAGAGAGACGAAcntl","LHb6","LHb_1_5","LHb_A"
"CACATTTGTCAATGTCcntl","LHb6","LHb_1_5","LHb_A"
"CACCACTAGGTGTTAAcntl","LHb4","LHb_1_4","LHb_B"
"CAGAATCCAGCTGCACcntl","LHb6","LHb_1_5","LHb_A"
"CAGAGAGCAGCCTGTGcntl","LHb5","LHb_2","LHb_A"
"CAGAGAGGTGCGAAACcntl","LHb5","LHb_2","LHb_A"
"CAGATCACAAACCCATcntl","LHb6","LHb_1_5","LHb_A"
"CAGCAGCTCGTTACGAcntl","LHb6","LHb_1_5","LHb_A"
"CAGCATAAGTCAATAGcntl","LHb4","LHb_1_4","LHb_B"
"CAGCATACAACACGCCcntl","LHb6","LHb_1_5","LHb_A"
"CAGCATACAAGCTGGAcntl","LHb6","LHb_1_5","LHb_A"
"CAGCCGATCTGCTGTCcntl","LHb6","LHb_1_5","LHb_A"
"CAGCTAAAGAGTGACCcntl","LHb6","LHb_1_5","LHb_A"
"CAGCTGGGTGCACTTAcntl","LHb4","LHb_1_4","LHb_B"
"CAGGTGCAGTCCGGTCcntl","LHb5","LHb_2","LHb_A"
"CAGGTGCCAATCCAACcntl","LHb4","LHb_1_4","LHb_B"
"CAGGTGCTCAGATAAGcntl","LHb6","LHb_1_5","LHb_A"
"CATATGGAGCCATCGCcntl","LHb6","LHb_1_5","LHb_A"
"CATCAAGAGGTGCAACcntl","LHb6","LHb_1_5","LHb_A"
"CATCGGGAGCATGGCAcntl","LHb6","LHb_1_5","LHb_A"
"CATGGCGTCCGGCACAcntl","LHb5","LHb_2","LHb_A"
"CCACCTAAGCGAGAAAcntl","LHb4","LHb_1_4","LHb_B"
"CCATGTCCATCGGACCcntl","LHb4","LHb_1_4","LHb_B"
"CCCAATCCAAGTTGTCcntl","LHb6","LHb_1_5","LHb_A"
"CCCAATCGTGCCTGGTcntl","LHb5","LHb_2","LHb_A"
"CCCAGTTTCCTGCCATcntl","LHb5","LHb_2","LHb_A"
"CCCTCCTGTCAGAGGTcntl","LHb6","LHb_1_5","LHb_A"
"CCGGGATAGCCGCCTAcntl","LHb1","LHb_1_1","LHb_C"
"CCGGGATGTTGTCGCGcntl","LHb5","LHb_2","LHb_A"
"CCGGTAGAGCGGCTTCcntl","LHb6","LHb_1_5","LHb_A"
"CCGGTAGCAAAGCAATcntl","LHb4","LHb_1_4","LHb_B"
"CCGTACTAGTTGTAGAcntl","LHb5","LHb_2","LHb_A"
"CCGTGGAAGCTATGCTcntl","LHb5","LHb_2","LHb_A"
"CCGTGGATCATCACCCcntl","LHb5","LHb_2","LHb_A"
"CCGTTCACAATAGCAAcntl","LHb6","LHb_1_5","LHb_A"
"CCTAAAGCAGCTGTATcntl","LHb6","LHb_1_5","LHb_A"
"CCTACACCATGGAATAcntl","LHb6","LHb_1_5","LHb_A"
"CCTACACTCATGTCTTcntl","LHb6","LHb_1_5","LHb_A"
"CCTACCACACATTTCTcntl","LHb5","LHb_2","LHb_A"
"CCTAGCTAGCGAAGGGcntl","LHb5","LHb_2","LHb_A"
"CCTAGCTAGTCCTCCTcntl","LHb6","LHb_1_5","LHb_A"
"CCTAGCTCACTCTGTCcntl","LHb4","LHb_1_4","LHb_B"
"CCTATTAAGTCTCAACcntl","LHb5","LHb_2","LHb_A"
"CCTCTGATCCTCAATTcntl","LHb5","LHb_2","LHb_A"
"CCTTCGAGTAGGAGTCcntl","LHb4","LHb_1_4","LHb_B"
"CCTTTCTAGAAACCATcntl","LHb1","LHb_1_1","LHb_C"
"CGAACATCACCAGGTCcntl","LHb6","LHb_1_5","LHb_A"
"CGAACATCACGTGAGAcntl","LHb4","LHb_1_4","LHb_B"
"CGACTTCCACACAGAGcntl","LHb6","LHb_1_5","LHb_A"
"CGAGCACAGATGTAACcntl","LHb6","LHb_1_5","LHb_A"
"CGAGCACTCTCTGCTGcntl","LHb6","LHb_1_5","LHb_A"
"CGAGCCAGTGGGTATGcntl","LHb4","LHb_1_4","LHb_B"
"CGATGGCAGAGCTGCAcntl","LHb4","LHb_1_4","LHb_B"
"CGATGGCCATCGGAAGcntl","LHb1","LHb_1_1","LHb_C"
"CGATGTAAGATCCCGCcntl","LHb6","LHb_1_5","LHb_A"
"CGCCAAGAGATGAGAGcntl","LHb5","LHb_2","LHb_A"
"CGCCAAGTCCTATTCAcntl","LHb4","LHb_1_4","LHb_B"
"CGCGGTACAGGAATCGcntl","LHb6","LHb_1_5","LHb_A"
"CGCGTTTGTTCAGGCCcntl","LHb4","LHb_1_4","LHb_B"
"CGCTATCGTCTCTTTAcntl","LHb6","LHb_1_5","LHb_A"
"CGCTTCACAAGCGATGcntl","LHb6","LHb_1_5","LHb_A"
"CGGACGTAGTCATCCAcntl","LHb5","LHb_2","LHb_A"
"CGGAGCTGTCCGAAGAcntl","LHb5","LHb_2","LHb_A"
"CGGAGCTTCTCGATGAcntl","LHb5","LHb_2","LHb_A"
"CGTAGCGGTAAGGGAAcntl","LHb5","LHb_2","LHb_A"
"CGTCACTTCTGCCCTAcntl","LHb5","LHb_2","LHb_A"
"CGTCAGGCAAGGACACcntl","LHb5","LHb_2","LHb_A"
"CGTCAGGCACGCTTTCcntl","LHb6","LHb_1_5","LHb_A"
"CGTCAGGTCACATGCAcntl","LHb6","LHb_1_5","LHb_A"
"CGTCCATCATCACCCTcntl","LHb5","LHb_2","LHb_A"
"CGTGTAAAGACTGTAAcntl","LHb5","LHb_2","LHb_A"
"CGTTGGGGTCTTGATGcntl","LHb4","LHb_1_4","LHb_B"
"CTAACTTAGGCCCTTGcntl","LHb6","LHb_1_5","LHb_A"
"CTAAGACAGACATAACcntl","LHb5","LHb_2","LHb_A"
"CTACACCTCAACTCTTcntl","LHb6","LHb_1_5","LHb_A"
"CTAGCCTGTTAAGACAcntl","LHb6","LHb_1_5","LHb_A"
"CTCAGAATCAAACCACcntl","LHb6","LHb_1_5","LHb_A"
"CTCAGAATCGTTACGAcntl","LHb4","LHb_1_4","LHb_B"
"CTCCTAGAGCTGCAAGcntl","LHb5","LHb_2","LHb_A"
"CTCCTAGCACGAGGTAcntl","LHb5","LHb_2","LHb_A"
"CTCCTAGCATACGCTAcntl","LHb6","LHb_1_5","LHb_A"
"CTCCTAGTCGGAAATAcntl","LHb4","LHb_1_4","LHb_B"
"CTCGGAGGTTAAGGGCcntl","LHb4","LHb_1_4","LHb_B"
"CTCGTACCACGCATCGcntl","LHb6","LHb_1_5","LHb_A"
"CTCGTCACATTGGCGCcntl","LHb6","LHb_1_5","LHb_A"
"CTCTACGAGTGCGATGcntl","LHb5","LHb_2","LHb_A"
"CTCTGGTTCAAAGACAcntl","LHb4","LHb_1_4","LHb_B"
"CTGAAACCAGTAAGATcntl","LHb5","LHb_2","LHb_A"
"CTGATAGAGGCAGGTTcntl","LHb1","LHb_1_1","LHb_C"
"CTGATAGCACGAGAGTcntl","LHb6","LHb_1_5","LHb_A"
"CTGCTGTTCTAACTTCcntl","LHb5","LHb_2","LHb_A"
"CTGGTCTTCCAATGGTcntl","LHb6","LHb_1_5","LHb_A"
"CTGTGCTAGCGTTTACcntl","LHb5","LHb_2","LHb_A"
"CTGTGCTTCATAGCACcntl","LHb5","LHb_2","LHb_A"
"CTTAACTAGACTAGATcntl","LHb4","LHb_1_4","LHb_B"
"CTTAACTGTCAAAGATcntl","LHb1","LHb_1_1","LHb_C"
"CTTACCGGTATCACCAcntl","LHb6","LHb_1_5","LHb_A"
"CTTAGGACAAAGCAATcntl","LHb6","LHb_1_5","LHb_A"
"CTTAGGACAGATTGCTcntl","LHb6","LHb_1_5","LHb_A"
"CTTAGGAGTTCAGGCCcntl","LHb6","LHb_1_5","LHb_A"
"CTTAGGAGTTGGTTTGcntl","LHb5","LHb_2","LHb_A"
"CTTGGCTCAGTCCTTCcntl","Neuron","Neuron","Neuron"
"GAAATGAAGACGACGTcntl","LHb4","LHb_1_4","LHb_B"
"GAACATCAGCCAACAGcntl","LHb5","LHb_2","LHb_A"
"GAACATCAGTGGAGTCcntl","LHb4","LHb_1_4","LHb_B"
"GAACATCCAGGGTATGcntl","LHb6","LHb_1_5","LHb_A"
"GAACATCGTATCACCAcntl","LHb6","LHb_1_5","LHb_A"
"GAACGGATCTAACTTCcntl","LHb5","LHb_2","LHb_A"
"GAATGAAAGACAGAGAcntl","LHb6","LHb_1_5","LHb_A"
"GACACGCAGTGTCTCAcntl","LHb6","LHb_1_5","LHb_A"
"GACAGAGCATCGATTGcntl","LHb5","LHb_2","LHb_A"
"GACGTTAGTTAAGTAGcntl","LHb4","LHb_1_4","LHb_B"
"GACGTTAGTTCGCTAAcntl","LHb6","LHb_1_5","LHb_A"
"GACTAACAGATCACGGcntl","LHb6","LHb_1_5","LHb_A"
"GACTAACGTCTGGTCGcntl","LHb5","LHb_2","LHb_A"
"GACTAACTCAGTCAGTcntl","LHb6","LHb_1_5","LHb_A"
"GACTAACTCCAGAGGAcntl","LHb1","LHb_1_1","LHb_C"
"GACTACATCCTTCAATcntl","LHb5","LHb_2","LHb_A"
"GAGCAGACACACGCTGcntl","LHb6","LHb_1_5","LHb_A"
"GAGGTGAGTAGCTTGTcntl","LHb5","LHb_2","LHb_A"
"GAGGTGAGTGTAAGTAcntl","LHb6","LHb_1_5","LHb_A"
"GAGGTGATCATGCTCCcntl","LHb6","LHb_1_5","LHb_A"
"GAGTCCGTCACTTCATcntl","LHb5","LHb_2","LHb_A"
"GAGTCCGTCTGTCTATcntl","LHb4","LHb_1_4","LHb_B"
"GATCAGTAGGGTGTGTcntl","LHb5","LHb_2","LHb_A"
"GATCAGTCAAGAGTCGcntl","LHb6","LHb_1_5","LHb_A"
"GATCGCGAGTCGTTTGcntl","LHb5","LHb_2","LHb_A"
"GATCGCGGTCTCATCCcntl","LHb6","LHb_1_5","LHb_A"
"GATCGCGGTGTTTGTGcntl","LHb6","LHb_1_5","LHb_A"
"GATCTAGTCCACGAATcntl","LHb6","LHb_1_5","LHb_A"
"GCAAACTAGATGGGTCcntl","LHb6","LHb_1_5","LHb_A"
"GCAAACTTCAACCAACcntl","LHb6","LHb_1_5","LHb_A"
"GCAATCAAGCTGCGAAcntl","LHb5","LHb_2","LHb_A"
"GCAATCACACCGTTGGcntl","LHb4","LHb_1_4","LHb_B"
"GCACTCTCATTAGGCTcntl","LHb6","LHb_1_5","LHb_A"
"GCACTCTTCCAAATGCcntl","LHb6","LHb_1_5","LHb_A"
"GCAGTTACAGACACTTcntl","LHb5","LHb_2","LHb_A"
"GCATGCGGTCTAAACCcntl","LHb1","LHb_1_1","LHb_C"
"GCATGCGTCAACGGGAcntl","LHb5","LHb_2","LHb_A"
"GCGACCAGTCCGTGACcntl","LHb6","LHb_1_5","LHb_A"
"GCGACCATCCAAAGTCcntl","LHb6","LHb_1_5","LHb_A"
"GCGAGAAAGAGGGATAcntl","LHb5","LHb_2","LHb_A"
"GCGAGAACAAGTACCTcntl","LHb5","LHb_2","LHb_A"
"GCGAGAACAGCGTAAGcntl","LHb6","LHb_1_5","LHb_A"
"GCGCCAATCTACGAGTcntl","LHb5","LHb_2","LHb_A"
"GCGCCAATCTGCCAGGcntl","LHb6","LHb_1_5","LHb_A"
"GCGCCAATCTTCCTTCcntl","LHb6","LHb_1_5","LHb_A"
"GCGCGATAGCCACGCTcntl","LHb5","LHb_2","LHb_A"
"GCGCGATCAAGTTAAGcntl","LHb5","LHb_2","LHb_A"
"GCGCGATCATCCTAGAcntl","LHb4","LHb_1_4","LHb_B"
"GCGCGATGTGTCCTCTcntl","LHb4","LHb_1_4","LHb_B"
"GCGGGTTTCTTTAGTCcntl","LHb5","LHb_2","LHb_A"
"GCTCCTAAGTCGTTTGcntl","Microglia","Microglia","Microglia"
"GCTCCTACAGACGCTCcntl","LHb5","LHb_2","LHb_A"
"GCTCTGTCACATCTTTcntl","LHb4","LHb_1_4","LHb_B"
"GCTGCAGCAGATAATGcntl","LHb5","LHb_2","LHb_A"
"GCTGCGACATAGGATAcntl","LHb6","LHb_1_5","LHb_A"
"GCTGCTTAGTTTCCTTcntl","LHb4","LHb_1_4","LHb_B"
"GCTGCTTTCCCTCTTTcntl","MHb3","MHb_cholinergic_2","MHb_B"
"GCTGGGTAGAGCCCAAcntl","LHb5","LHb_2","LHb_A"
"GCTTCCAAGGATGTATcntl","LHb5","LHb_2","LHb_A"
"GGAATAAAGAAGAAGCcntl","LHb6","LHb_1_5","LHb_A"
"GGAATAATCGAGAACGcntl","LHb6","LHb_1_5","LHb_A"
"GGACAAGCAAGGTTTCcntl","LHb6","LHb_1_5","LHb_A"
"GGACAGAAGCGTTTACcntl","LHb4","LHb_1_4","LHb_B"
"GGACATTAGAAACGCCcntl","LHb5","LHb_2","LHb_A"
"GGACGTCCAGATCCATcntl","LHb6","LHb_1_5","LHb_A"
"GGAGCAAAGCTGATAAcntl","LHb6","LHb_1_5","LHb_A"
"GGAGCAATCAGTTTGGcntl","LHb6","LHb_1_5","LHb_A"
"GGATGTTGTTCCGGCAcntl","LHb4","LHb_1_4","LHb_B"
"GGCAATTAGAATTCCCcntl","LHb4","LHb_1_4","LHb_B"
"GGCCGATAGCCAGTAGcntl","LHb5","LHb_2","LHb_A"
"GGCCGATTCCGAACGCcntl","LHb5","LHb_2","LHb_A"
"GGCTCGACAGGAATCGcntl","LHb4","LHb_1_4","LHb_B"
"GGCTGGTGTCATGCATcntl","LHb5","LHb_2","LHb_A"
"GGCTGGTGTCTCACCTcntl","LHb4","LHb_1_4","LHb_B"
"GGGAATGAGAAACGCCcntl","LHb5","LHb_2","LHb_A"
"GGGAATGCATTCTTACcntl","LHb6","LHb_1_5","LHb_A"
"GGGACCTGTTAAGATGcntl","LHb5","LHb_2","LHb_A"
"GGGATGACAGTCTTCCcntl","LHb5","LHb_2","LHb_A"
"GGGCACTAGAGTCTGGcntl","LHb6","LHb_1_5","LHb_A"
"GGGCACTCATTCTTACcntl","LHb5","LHb_2","LHb_A"
"GGGCATCAGATATGGTcntl","LHb5","LHb_2","LHb_A"
"GGGCATCTCAACCATGcntl","LHb6","LHb_1_5","LHb_A"
"GGGTCTGCAGTTCCCTcntl","LHb6","LHb_1_5","LHb_A"
"GGGTTGCAGCGTCTATcntl","LHb4","LHb_1_4","LHb_B"
"GGTATTGGTAAGGATTcntl","LHb6","LHb_1_5","LHb_A"
"GGTGAAGAGGGCTTCCcntl","LHb4","LHb_1_4","LHb_B"
"GTAACGTCACTTACGAcntl","LHb4","LHb_1_4","LHb_B"
"GTAACTGGTAGCGTAGcntl","LHb6","LHb_1_5","LHb_A"
"GTAACTGTCAAACCACcntl","LHb5","LHb_2","LHb_A"
"GTACTCCAGTTGTCGTcntl","LHb5","LHb_2","LHb_A"
"GTACTTTCAATAGCAAcntl","LHb6","LHb_1_5","LHb_A"
"GTAGGCCGTTCACGGCcntl","LHb6","LHb_1_5","LHb_A"
"GTAGTCATCAACACGTcntl","LHb5","LHb_2","LHb_A"
"GTATCTTCAATGAATGcntl","LHb6","LHb_1_5","LHb_A"
"GTATCTTCAGTCAGCCcntl","LHb6","LHb_1_5","LHb_A"
"GTATCTTGTTAAAGACcntl","LHb5","LHb_2","LHb_A"
"GTATTCTCACGCATCGcntl","LHb5","LHb_2","LHb_A"
"GTCAAGTCACGACTCGcntl","LHb5","LHb_2","LHb_A"
"GTCAAGTTCACCCGAGcntl","LHb5","LHb_2","LHb_A"
"GTCACGGCATGCTAGTcntl","LHb6","LHb_1_5","LHb_A"
"GTCACGGTCGCACTCTcntl","Astrocyte1","Astrocyte1","Astrocyte1"
"GTCACGGTCTAGAGTCcntl","LHb6","LHb_1_5","LHb_A"
"GTCCTCACACATAACCcntl","LHb6","LHb_1_5","LHb_A"
"GTCCTCACAGTAAGATcntl","LHb6","LHb_1_5","LHb_A"
"GTCGGGTAGGTCATCTcntl","LHb4","LHb_1_4","LHb_B"
"GTCGTAATCAACACTGcntl","LHb6","LHb_1_5","LHb_A"
"GTCTCGTGTGATAAGTcntl","LHb5","LHb_2","LHb_A"
"GTCTCGTTCGCTGATAcntl","LHb4","LHb_1_4","LHb_B"
"GTGAAGGTCAACTCTTcntl","LHb6","LHb_1_5","LHb_A"
"GTGCATAAGCCACGTCcntl","LHb6","LHb_1_5","LHb_A"
"GTGCATAGTTCACGGCcntl","LHb4","LHb_1_4","LHb_B"
"GTGCATATCCAATGGTcntl","LHb6","LHb_1_5","LHb_A"
"GTGCTTCGTAGCGTAGcntl","LHb5","LHb_2","LHb_A"
"GTGGGTCAGGGCTTCCcntl","LHb6","LHb_1_5","LHb_A"
"GTGGGTCCAGGTGCCTcntl","LHb5","LHb_2","LHb_A"
"GTGTGCGGTTGAGGTGcntl","LHb5","LHb_2","LHb_A"
"GTGTTAGGTCGAATCTcntl","LHb5","LHb_2","LHb_A"
"GTTCATTAGATCGGGTcntl","LHb6","LHb_1_5","LHb_A"
"GTTCTCGAGGTAAACTcntl","LHb6","LHb_1_5","LHb_A"
"TAAACCGTCAACACCAcntl","LHb5","LHb_2","LHb_A"
"TAAACCGTCGAACTGTcntl","LHb5","LHb_2","LHb_A"
"TACACGACAGATTGCTcntl","LHb6","LHb_1_5","LHb_A"
"TACACGATCTTGACGAcntl","LHb4","LHb_1_4","LHb_B"
"TACGGATAGATCCCGCcntl","LHb5","LHb_2","LHb_A"
"TACGGATTCTTGCAAGcntl","LHb5","LHb_2","LHb_A"
"TACGGGCCATCCGCGAcntl","LHb4","LHb_1_4","LHb_B"
"TACGGTAAGAAACGAGcntl","LHb5","LHb_2","LHb_A"
"TACTTACAGCCTATGTcntl","LHb6","LHb_1_5","LHb_A"
"TAGACCAAGTGGGCTAcntl","LHb4","LHb_1_4","LHb_B"
"TAGACCAGTGACGGTAcntl","LHb6","LHb_1_5","LHb_A"
"TAGTGGTTCCCAAGTAcntl","LHb6","LHb_1_5","LHb_A"
"TAGTGGTTCGTACCGGcntl","LHb6","LHb_1_5","LHb_A"
"TATCAGGAGAGTACATcntl","LHb5","LHb_2","LHb_A"
"TATCAGGAGTGTACGGcntl","LHb6","LHb_1_5","LHb_A"
"TATCAGGAGTGTTTGCcntl","LHb4","LHb_1_4","LHb_B"
"TATCAGGCAAGTCTGTcntl","LHb5","LHb_2","LHb_A"
"TATCTCAGTGTGGTTTcntl","LHb4","LHb_1_4","LHb_B"
"TATCTCATCAGCTCTCcntl","LHb6","LHb_1_5","LHb_A"
"TATGCCCTCGAATGCTcntl","LHb6","LHb_1_5","LHb_A"
"TCAACGATCGTGGACCcntl","LHb4","LHb_1_4","LHb_B"
"TCAATCTAGGGTGTTGcntl","LHb6","LHb_1_5","LHb_A"
"TCACAAGCAGACGCCTcntl","LHb6","LHb_1_5","LHb_A"
"TCAGATGAGAAGCCCAcntl","LHb6","LHb_1_5","LHb_A"
"TCAGATGTCAACACGTcntl","LHb1","LHb_1_1","LHb_C"
"TCAGATGTCCGTAGGCcntl","LHb5","LHb_2","LHb_A"
"TCAGCAACACACCGCAcntl","LHb6","LHb_1_5","LHb_A"
"TCAGCTCAGAGATGAGcntl","LHb6","LHb_1_5","LHb_A"
"TCAGGATTCTCTAGGAcntl","LHb6","LHb_1_5","LHb_A"
"TCAGGTATCTGTTTGTcntl","LHb1","LHb_1_1","LHb_C"
"TCATTTGCAGCCTGTGcntl","LHb6","LHb_1_5","LHb_A"
"TCCACACCATTCTTACcntl","LHb5","LHb_2","LHb_A"
"TCCCGATTCGTCGTTCcntl","LHb4","LHb_1_4","LHb_B"
"TCGCGAGGTGGTAACGcntl","LHb6","LHb_1_5","LHb_A"
"TCGGGACGTCACAAGGcntl","LHb4","LHb_1_4","LHb_B"
"TCGGTAACACCTCGTTcntl","LHb4","LHb_1_4","LHb_B"
"TCGTACCCAGTAAGCGcntl","LHb5","LHb_2","LHb_A"
"TCGTACCGTCAGAAGCcntl","LHb4","LHb_1_4","LHb_B"
"TCGTAGATCGTTTGCCcntl","LHb5","LHb_2","LHb_A"
"TCTATTGGTTTGACTGcntl","LHb6","LHb_1_5","LHb_A"
"TCTCATAAGGCTAGCAcntl","LHb5","LHb_2","LHb_A"
"TCTCATAGTATAGTAGcntl","LHb6","LHb_1_5","LHb_A"
"TCTCTAATCACCACCTcntl","LHb4","LHb_1_4","LHb_B"
"TCTCTAATCTGTCAAGcntl","LHb1","LHb_1_1","LHb_C"
"TCTGAGAGTCTAGTGTcntl","LHb5","LHb_2","LHb_A"
"TCTGGAAGTAGGGTACcntl","LHb1","LHb_1_1","LHb_C"
"TGACAACCACAGCCCAcntl","LHb5","LHb_2","LHb_A"
"TGACAACCATTCACTTcntl","LHb4","LHb_1_4","LHb_B"
"TGACAACGTAACGTTCcntl","LHb6","LHb_1_5","LHb_A"
"TGACAACTCAATCTCTcntl","LHb6","LHb_1_5","LHb_A"
"TGACAACTCTACTATCcntl","LHb5","LHb_2","LHb_A"
"TGACTAGGTGATGTCTcntl","Astrocyte1","Astrocyte1","Astrocyte1"
"TGAGAGGAGATGTCGGcntl","LHb6","LHb_1_5","LHb_A"
"TGAGCCGAGGGCTTCCcntl","LHb6","LHb_1_5","LHb_A"
"TGAGGGAAGAGGTACCcntl","LHb6","LHb_1_5","LHb_A"
"TGCACCTCAGGTCTCGcntl","LHb6","LHb_1_5","LHb_A"
"TGCACCTTCACGGTTAcntl","LHb6","LHb_1_5","LHb_A"
"TGCCAAACAGCCTGTGcntl","LHb4","LHb_1_4","LHb_B"
"TGCCCTACAATGGACGcntl","LHb6","LHb_1_5","LHb_A"
"TGCGCAGAGTACGCCCcntl","LHb6","LHb_1_5","LHb_A"
"TGCGTGGAGACCGGATcntl","LHb5","LHb_2","LHb_A"
"TGCGTGGTCCTGTACCcntl","LHb5","LHb_2","LHb_A"
"TGCTACCTCAGCTCGGcntl","LHb5","LHb_2","LHb_A"
"TGCTGCTCATGCTGGCcntl","LHb6","LHb_1_5","LHb_A"
"TGGCCAGTCGAATGCTcntl","LHb6","LHb_1_5","LHb_A"
"TGGCGCAAGATACACAcntl","LHb5","LHb_2","LHb_A"
"TGGCGCACAAGGTTTCcntl","LHb6","LHb_1_5","LHb_A"
"TGGCTGGTCAACACACcntl","LHb4","LHb_1_4","LHb_B"
"TGGGAAGCAGCTTCGGcntl","LHb4","LHb_1_4","LHb_B"
"TGGGCGTGTTAAAGACcntl","LHb5","LHb_2","LHb_A"
"TGGTTCCCACCTGGTGcntl","LHb5","LHb_2","LHb_A"
"TGGTTCCGTGGTCTCGcntl","LHb5","LHb_2","LHb_A"
"TGTCCCACAAGCCATTcntl","LHb5","LHb_2","LHb_A"
"TGTCCCAGTTGAGTTCcntl","LHb6","LHb_1_5","LHb_A"
"TGTGGTAGTTACGACTcntl","LHb6","LHb_1_5","LHb_A"
"TGTGGTATCGTTTAGGcntl","LHb6","LHb_1_5","LHb_A"
"TTAGGCAAGAAGCCCAcntl","LHb5","LHb_2","LHb_A"
"TTAGGCACACATTCGAcntl","LHb6","LHb_1_5","LHb_A"
"TTAGGCAGTGCCTGCAcntl","LHb6","LHb_1_5","LHb_A"
"TTAGGCATCTTGAGGTcntl","LHb4","LHb_1_4","LHb_B"
"TTAGTTCAGTCTCGGCcntl","LHb5","LHb_2","LHb_A"
"TTAGTTCGTATCACCAcntl","LHb5","LHb_2","LHb_A"
"TTAGTTCTCGCGGATCcntl","LHb6","LHb_1_5","LHb_A"
"TTATGCTCATCCCATCcntl","LHb6","LHb_1_5","LHb_A"
"TTCCCAGTCGGAAATAcntl","LHb6","LHb_1_5","LHb_A"
"TTCGAAGCATTAACCGcntl","LHb6","LHb_1_5","LHb_A"
"TTCGAAGGTCTTGATGcntl","LHb4","LHb_1_4","LHb_B"
"TTCTACAGTCCAACTAcntl","LHb5","LHb_2","LHb_A"
"TTCTCAAAGCAACGGTcntl","LHb4","LHb_1_4","LHb_B"
"TTCTCAAGTCATCCCTcntl","LHb6","LHb_1_5","LHb_A"
"TTCTCAATCAGCATGTcntl","LHb4","LHb_1_4","LHb_B"
"TTGACTTCAAGGACTGcntl","LHb6","LHb_1_5","LHb_A"
"TTGCGTCCAAAGGCGTcntl","LHb5","LHb_2","LHb_A"
"TTGCGTCCAGCGAACAcntl","Oligo2","Oligo2","Oligo2"
"TTGGAACCATGGTAGGcntl","LHb6","LHb_1_5","LHb_A"
"TTGGCAAAGACAAAGGcntl","LHb6","LHb_1_5","LHb_A"
"TTGGCAAAGGAACTGCcntl","LHb5","LHb_2","LHb_A"
"TTGGCAATCGTGTAGTcntl","LHb5","LHb_2","LHb_A"
"TTGTAGGTCCGTCATCcntl","LHb6","LHb_1_5","LHb_A"
"TTTATGCAGAGACTATcntl","MHb6","MHb_cholinergic_4","MHb_B"
"TTTATGCAGTGTCCCGcntl","Oligo2","Oligo2","Oligo2"
"TTTGCGCAGGTGCTAGcntl","LHb5","LHb_2","LHb_A"
"AAACCTGCAATAGCGGcntl","OPC2","OPC2","OPC2"
"AAACGGGCAATTCCTTcntl","OPC2","OPC2","OPC2"
"AAACGGGTCCCTCAGTcntl","OPC2","OPC2","OPC2"
"AAAGCAAAGTATTGGAcntl","OPC2","OPC2","OPC2"
"AACACGTAGTCCGGTCcntl","OPC2","OPC2","OPC2"
"AACACGTGTCTTGTCCcntl","OPC1","OPC1","OPC1"
"AACACGTTCACCTCGTcntl","OPC2","OPC2","OPC2"
"AACCATGTCGGTGTCGcntl","OPC2","OPC2","OPC2"
"AACCGCGCATAGTAAGcntl","OPC2","OPC2","OPC2"
"AACGTTGTCACCGGGTcntl","OPC2","OPC2","OPC2"
"AACTCAGGTTAAAGACcntl","OPC2","OPC2","OPC2"
"AACTCTTCATCACGATcntl","OPC2","OPC2","OPC2"
"AACTTTCCAACTTGACcntl","OPC2","OPC2","OPC2"
"AAGACCTAGCACACAGcntl","OPC2","OPC2","OPC2"
"AAGACCTCAAAGCGGTcntl","OPC2","OPC2","OPC2"
"AAGACCTGTAGCGCTCcntl","OPC2","OPC2","OPC2"
"AAGACCTTCATAAAGGcntl","OPC2","OPC2","OPC2"
"AAGGCAGGTGCTTCTCcntl","OPC2","OPC2","OPC2"
"AAGGTTCAGAGACTTAcntl","OPC2","OPC2","OPC2"
"AATCCAGGTCAACATCcntl","OPC2","OPC2","OPC2"
"AATCCAGGTCACACGCcntl","OPC2","OPC2","OPC2"
"AATCGGTTCTGAAAGAcntl","OPC2","OPC2","OPC2"
"ACACCAATCGCTTAGAcntl","OPC2","OPC2","OPC2"
"ACACCCTCAAATTGCCcntl","OPC2","OPC2","OPC2"
"ACACCGGAGGACCACAcntl","OPC2","OPC2","OPC2"
"ACACCGGAGGGCTCTCcntl","OPC2","OPC2","OPC2"
"ACACTGAGTCAGAATAcntl","OPC2","OPC2","OPC2"
"ACAGCTACATCACGATcntl","OPC2","OPC2","OPC2"
"ACATCAGAGATAGCATcntl","OPC2","OPC2","OPC2"
"ACCAGTACAGGTGCCTcntl","OPC2","OPC2","OPC2"
"ACCTTTATCTTGTTTGcntl","OPC2","OPC2","OPC2"
"ACGAGCCGTGGTCTCGcntl","OPC2","OPC2","OPC2"
"ACGAGCCTCCGCAAGCcntl","OPC2","OPC2","OPC2"
"ACGATGTTCAAACAAGcntl","OPC2","OPC2","OPC2"
"ACGCAGCCAACTGCGCcntl","OPC2","OPC2","OPC2"
"ACGCCGACAATCCGATcntl","OPC2","OPC2","OPC2"
"ACGGAGACACGACGAAcntl","OPC2","OPC2","OPC2"
"ACGGAGACATTCGACAcntl","OPC2","OPC2","OPC2"
"ACGGGCTCATCACGTAcntl","OPC2","OPC2","OPC2"
"ACTGAGTAGAGTAAGGcntl","OPC2","OPC2","OPC2"
"ACTGAGTAGTGCAAGCcntl","OPC2","OPC2","OPC2"
"ACTGAGTTCTTTACACcntl","OPC2","OPC2","OPC2"
"ACTTTCATCCACTGGGcntl","OPC2","OPC2","OPC2"
"ACTTTCATCTAGAGTCcntl","OPC2","OPC2","OPC2"
"AGATTGCTCAAGAAGTcntl","OPC2","OPC2","OPC2"
"AGCAGCCAGGCTAGACcntl","OPC2","OPC2","OPC2"
"AGCAGCCCAGCTATTGcntl","OPC2","OPC2","OPC2"
"AGCCTAAAGCACCGCTcntl","OPC2","OPC2","OPC2"
"AGCCTAAAGCCGATTTcntl","OPC2","OPC2","OPC2"
"AGCGGTCCAATTGCTGcntl","OPC2","OPC2","OPC2"
"AGCTCCTTCCTGTACCcntl","OPC2","OPC2","OPC2"
"AGGCCACGTATAGTAGcntl","OPC2","OPC2","OPC2"
"AGGCCGTCATCGATTGcntl","OPC2","OPC2","OPC2"
"AGGCCGTGTTCACCTCcntl","OPC2","OPC2","OPC2"
"AGGGAGTCACAGAGGTcntl","OPC2","OPC2","OPC2"
"AGGTCCGCACATAACCcntl","OPC2","OPC2","OPC2"
"AGGTCCGCAGACGCCTcntl","OPC2","OPC2","OPC2"
"AGTCTTTCAAGACACGcntl","OPC2","OPC2","OPC2"
"AGTGAGGTCCAGTATGcntl","OPC2","OPC2","OPC2"
"ATAGACCGTCATGCCGcntl","OPC2","OPC2","OPC2"
"ATCACGACACGGACAAcntl","OPC2","OPC2","OPC2"
"ATCCACCTCCGTAGGCcntl","OPC2","OPC2","OPC2"
"ATCGAGTCAATGGACGcntl","OPC2","OPC2","OPC2"
"ATCTGCCCAGCCAGAAcntl","OPC2","OPC2","OPC2"
"ATGAGGGGTAAGAGAGcntl","OPC2","OPC2","OPC2"
"ATGAGGGGTCAAAGCGcntl","OPC2","OPC2","OPC2"
"ATGCGATAGTGGGATCcntl","OPC2","OPC2","OPC2"
"ATGCGATTCTCAAACGcntl","OPC2","OPC2","OPC2"
"ATGTGTGTCAGCTCGGcntl","OPC2","OPC2","OPC2"
"ATTACTCAGCTAAGATcntl","OPC2","OPC2","OPC2"
"ATTATCCTCTGAGGGAcntl","OPC2","OPC2","OPC2"
"ATTGGTGAGGGCTTCCcntl","OPC2","OPC2","OPC2"
"ATTTCTGTCCAAAGTCcntl","OPC2","OPC2","OPC2"
"CAACTAGAGTCTTGCAcntl","OPC2","OPC2","OPC2"
"CAACTAGCATCGACGCcntl","OPC2","OPC2","OPC2"
"CAAGAAAAGCTAAGATcntl","OPC2","OPC2","OPC2"
"CAAGTTGAGGGCACTAcntl","OPC2","OPC2","OPC2"
"CAAGTTGCAGTGGGATcntl","OPC2","OPC2","OPC2"
"CAAGTTGTCCGTACAAcntl","OPC2","OPC2","OPC2"
"CACAAACCACTCAGGCcntl","OPC2","OPC2","OPC2"
"CACAAACTCAGCTCTCcntl","OPC2","OPC2","OPC2"
"CACACAACAATGTAAGcntl","OPC2","OPC2","OPC2"
"CACACCTCATTTGCTTcntl","OPC2","OPC2","OPC2"
"CACAGTAGTGTGTGCCcntl","OPC2","OPC2","OPC2"
"CACATAGCAGCGATCCcntl","OPC2","OPC2","OPC2"
"CACCAGGAGTAGATGTcntl","OPC2","OPC2","OPC2"
"CACCAGGTCATTGCGAcntl","OPC2","OPC2","OPC2"
"CACCTTGCACTCGACGcntl","OPC2","OPC2","OPC2"
"CAGCAGCGTCAGGACAcntl","OPC2","OPC2","OPC2"
"CAGCATAAGTACGCCCcntl","OPC2","OPC2","OPC2"
"CAGCCGATCTGGGCCAcntl","OPC2","OPC2","OPC2"
"CATATGGAGGCTACGAcntl","OPC2","OPC2","OPC2"
"CATATGGAGGGATACCcntl","OPC2","OPC2","OPC2"
"CATCAAGTCACTTATCcntl","OPC2","OPC2","OPC2"
"CATCAGATCCTCATTAcntl","OPC2","OPC2","OPC2"
"CATCAGATCTACTCATcntl","OPC2","OPC2","OPC2"
"CATCCACAGGGCACTAcntl","OPC2","OPC2","OPC2"
"CATCCACGTCAAAGATcntl","OPC1","OPC1","OPC1"
"CATCGAAAGATCCCGCcntl","OPC2","OPC2","OPC2"
"CATCGAAAGGCGATACcntl","OPC2","OPC2","OPC2"
"CATGACAGTTGGGACAcntl","OPC2","OPC2","OPC2"
"CATTATCAGCGTTTACcntl","OPC2","OPC2","OPC2"
"CATTATCCATAGAAACcntl","OPC2","OPC2","OPC2"
"CATTCGCGTCCGTTAAcntl","OPC2","OPC2","OPC2"
"CATTCGCTCCCTCAGTcntl","OPC2","OPC2","OPC2"
"CCAATCCTCTGCTTGCcntl","OPC2","OPC2","OPC2"
"CCAGCGAGTGGGTCAAcntl","OPC2","OPC2","OPC2"
"CCATGTCTCCTTCAATcntl","OPC2","OPC2","OPC2"
"CCATTCGAGTCGCCGTcntl","OPC2","OPC2","OPC2"
"CCATTCGGTCTCCCTAcntl","OPC2","OPC2","OPC2"
"CCCAATCAGAGGGCTTcntl","OPC2","OPC2","OPC2"
"CCCAGTTTCAACCATGcntl","OPC2","OPC2","OPC2"
"CCCAGTTTCGATCCCTcntl","OPC2","OPC2","OPC2"
"CCCATACGTATGGTTCcntl","OPC2","OPC2","OPC2"
"CCGGTAGCAGAGCCAAcntl","OPC2","OPC2","OPC2"
"CCTACACAGCGTCAAGcntl","OPC2","OPC2","OPC2"
"CCTACCATCCAAGCCGcntl","OPC2","OPC2","OPC2"
"CCTAGCTGTCGGCACTcntl","OPC2","OPC2","OPC2"
"CCTATTACATATACCGcntl","OPC2","OPC2","OPC2"
"CCTATTACATCGGAAGcntl","OPC2","OPC2","OPC2"
"CCTATTAGTTACGGAGcntl","OPC2","OPC2","OPC2"
"CCTATTATCGCGATCGcntl","OPC2","OPC2","OPC2"
"CCTCAGTAGGTGATTAcntl","OPC2","OPC2","OPC2"
"CCTCAGTTCGTGACATcntl","OPC2","OPC2","OPC2"
"CCTCTGAAGATCCCATcntl","OPC2","OPC2","OPC2"
"CCTTCCCCAATCCGATcntl","OPC2","OPC2","OPC2"
"CCTTCGATCAGTTAGCcntl","OPC2","OPC2","OPC2"
"CCTTTCTCAGTCTTCCcntl","OPC2","OPC2","OPC2"
"CGAACATCATGCATGTcntl","OPC2","OPC2","OPC2"
"CGAACATTCGTCTGCTcntl","OPC2","OPC2","OPC2"
"CGAATGTGTCGGATCCcntl","OPC2","OPC2","OPC2"
"CGAATGTTCATTGCGAcntl","OPC2","OPC2","OPC2"
"CGACCTTTCTGACCTCcntl","OPC2","OPC2","OPC2"
"CGACTTCTCGGAGGTAcntl","OPC2","OPC2","OPC2"
"CGAGCACCACCGATATcntl","OPC2","OPC2","OPC2"
"CGAGCCATCTTCAACTcntl","OPC2","OPC2","OPC2"
"CGATGGCGTTTCGCTCcntl","OPC2","OPC2","OPC2"
"CGCCAAGGTAAGAGAGcntl","OPC2","OPC2","OPC2"
"CGCCAAGTCATGCTCCcntl","OPC2","OPC2","OPC2"
"CGCGGTAAGTGAAGAGcntl","OPC2","OPC2","OPC2"
"CGCGGTAGTAGGCTGAcntl","OPC2","OPC2","OPC2"
"CGCTATCTCCCAAGATcntl","OPC2","OPC2","OPC2"
"CGCTGGACAAACCCATcntl","OPC2","OPC2","OPC2"
"CGGACACTCGCGATCGcntl","OPC2","OPC2","OPC2"
"CGGACGTTCGTCCGTTcntl","OPC2","OPC2","OPC2"
"CGGACTGAGTGAACATcntl","OPC2","OPC2","OPC2"
"CGGACTGCACGGCCATcntl","OPC2","OPC2","OPC2"
"CGGAGCTAGAATTGTGcntl","OPC2","OPC2","OPC2"
"CGGAGTCAGTGGTAATcntl","OPC2","OPC2","OPC2"
"CGGAGTCCAAGCGAGTcntl","OPC2","OPC2","OPC2"
"CGGAGTCCACAGCCCAcntl","OPC2","OPC2","OPC2"
"CGGCTAGTCACTCTTAcntl","OPC2","OPC2","OPC2"
"CGGTTAAAGAGCCCAAcntl","OPC2","OPC2","OPC2"
"CGGTTAAGTCAGATAAcntl","OPC2","OPC2","OPC2"
"CGGTTAATCTTCAACTcntl","OPC2","OPC2","OPC2"
"CGTAGCGCAGTCCTTCcntl","OPC2","OPC2","OPC2"
"CGTAGCGGTGTAAGTAcntl","OPC2","OPC2","OPC2"
"CGTAGGCAGAGAACAGcntl","OPC2","OPC2","OPC2"
"CGTCACTCACTAGTACcntl","OPC2","OPC2","OPC2"
"CGTCACTTCCTAGTGAcntl","OPC2","OPC2","OPC2"
"CGTCACTTCTTTCCTCcntl","OPC2","OPC2","OPC2"
"CGTGAGCGTCTAAAGAcntl","OPC2","OPC2","OPC2"
"CGTTCTGAGCGCTTATcntl","OPC2","OPC2","OPC2"
"CGTTCTGAGGAATCGCcntl","OPC2","OPC2","OPC2"
"CGTTCTGGTAAATACGcntl","OPC2","OPC2","OPC2"
"CGTTGGGCAAGTCATCcntl","OPC2","OPC2","OPC2"
"CGTTGGGCAGACAAATcntl","OPC2","OPC2","OPC2"
"CTAACTTTCTGATACGcntl","OPC2","OPC2","OPC2"
"CTACCCAGTACCTACAcntl","OPC2","OPC2","OPC2"
"CTACCCAGTCATCCCTcntl","OPC2","OPC2","OPC2"
"CTACGTCCACCCAGTGcntl","OPC2","OPC2","OPC2"
"CTACGTCTCCAAACACcntl","OPC2","OPC2","OPC2"
"CTAGCCTGTCTTCGTCcntl","OPC2","OPC2","OPC2"
"CTAGTGACACTGTCGGcntl","OPC2","OPC2","OPC2"
"CTCATTAGTTCGCTAAcntl","OPC2","OPC2","OPC2"
"CTCGAAATCTTATCTGcntl","OPC2","OPC2","OPC2"
"CTCGAGGGTATCTGCAcntl","OPC2","OPC2","OPC2"
"CTCGGGAAGTAGATGTcntl","OPC2","OPC2","OPC2"
"CTCGTACCACATCCAAcntl","OPC2","OPC2","OPC2"
"CTCGTACCACCATGTAcntl","OPC2","OPC2","OPC2"
"CTCGTACGTGACAAATcntl","OPC2","OPC2","OPC2"
"CTCGTACTCTGCCCTAcntl","OPC2","OPC2","OPC2"
"CTCTAATGTAGCCTCGcntl","OPC2","OPC2","OPC2"
"CTCTAATTCCGCAAGCcntl","OPC2","OPC2","OPC2"
"CTCTACGGTGCGGTAAcntl","OPC2","OPC2","OPC2"
"CTCTACGGTTGCTCCTcntl","OPC2","OPC2","OPC2"
"CTCTGGTGTTAAGATGcntl","OPC2","OPC2","OPC2"
"CTGAAACCATGGTCTAcntl","OPC2","OPC2","OPC2"
"CTGAAACTCTTGACGAcntl","OPC2","OPC2","OPC2"
"CTGAAGTCAGTCAGCCcntl","OPC2","OPC2","OPC2"
"CTGTGCTTCTGATTCTcntl","OPC2","OPC2","OPC2"
"CTGTTTAGTTCCCGAGcntl","OPC2","OPC2","OPC2"
"CTTACCGTCTCTGAGAcntl","OPC2","OPC2","OPC2"
"CTTAGGATCAAGGCTTcntl","OPC2","OPC2","OPC2"
"CTTGGCTGTAAGGGCTcntl","OPC2","OPC2","OPC2"
"CTTTGCGAGTTTCCTTcntl","OPC2","OPC2","OPC2"
"GAAACTCAGTACATGAcntl","OPC2","OPC2","OPC2"
"GAAACTCAGTCGAGTGcntl","OPC2","OPC2","OPC2"
"GAAATGAAGTGAATTGcntl","OPC2","OPC2","OPC2"
"GAACATCCAGCTTAACcntl","OPC2","OPC2","OPC2"
"GAACATCTCTAACGGTcntl","OPC2","OPC2","OPC2"
"GAATGAATCCAGAGGAcntl","OPC2","OPC2","OPC2"
"GACACGCAGATCTGCTcntl","OPC2","OPC2","OPC2"
"GACACGCCAAGGCTCCcntl","OPC2","OPC2","OPC2"
"GACACGCCACAGACAGcntl","OPC2","OPC2","OPC2"
"GACACGCGTGGTCCGTcntl","OPC2","OPC2","OPC2"
"GACAGAGTCAGCACATcntl","OPC2","OPC2","OPC2"
"GACCAATGTCTCGTTCcntl","OPC2","OPC2","OPC2"
"GACCTGGAGTAGTGCGcntl","OPC2","OPC2","OPC2"
"GACGCGTTCCGGCACAcntl","OPC1","OPC1","OPC1"
"GACGGCTGTGAACCTTcntl","OPC2","OPC2","OPC2"
"GACTACAAGGCTACGAcntl","OPC2","OPC2","OPC2"
"GACTACACACAACGTTcntl","OPC2","OPC2","OPC2"
"GACTACATCCTTTCGGcntl","OPC2","OPC2","OPC2"
"GAGCAGAAGCGCTCCAcntl","OPC2","OPC2","OPC2"
"GAGGTGACACATCCAAcntl","OPC2","OPC2","OPC2"
"GAGTCCGAGGGTGTGTcntl","OPC2","OPC2","OPC2"
"GATCAGTCACTTCTGCcntl","OPC2","OPC2","OPC2"
"GATCGTAGTGTGACCCcntl","OPC2","OPC2","OPC2"
"GATCGTATCCTCCTAGcntl","OPC2","OPC2","OPC2"
"GATCTAGCAAGGTTCTcntl","OPC2","OPC2","OPC2"
"GATCTAGTCCAGGGCTcntl","OPC2","OPC2","OPC2"
"GATGAAACACGAAAGCcntl","OPC2","OPC2","OPC2"
"GATGAAACAGGGATTGcntl","OPC2","OPC2","OPC2"
"GATGAAATCAAGGTAAcntl","OPC2","OPC2","OPC2"
"GATGAAATCATTTGGGcntl","OPC2","OPC2","OPC2"
"GATTCAGTCACGACTAcntl","OPC2","OPC2","OPC2"
"GCAAACTGTGAGCGATcntl","OPC2","OPC2","OPC2"
"GCAAACTTCACTTATCcntl","OPC2","OPC2","OPC2"
"GCAATCAAGTGGTAGCcntl","OPC2","OPC2","OPC2"
"GCAGCCATCTTAGAGCcntl","OPC2","OPC2","OPC2"
"GCAGCCATCTTTAGTCcntl","OPC1","OPC1","OPC1"
"GCATACAAGCGTGAACcntl","OPC2","OPC2","OPC2"
"GCATGCGTCTCTAGGAcntl","OPC2","OPC2","OPC2"
"GCCTCTAGTTCGCGACcntl","OPC2","OPC2","OPC2"
"GCGACCACACCTCGGAcntl","OPC2","OPC2","OPC2"
"GCGCCAAGTTGCTCCTcntl","OPC2","OPC2","OPC2"
"GCGCGATGTGGCCCTAcntl","OPC2","OPC2","OPC2"
"GCGGGTTGTTACCGATcntl","OPC2","OPC2","OPC2"
"GCTCTGTAGCGGATCAcntl","OPC2","OPC2","OPC2"
"GCTGCAGGTACACCGCcntl","OPC2","OPC2","OPC2"
"GCTGCGAGTAGAGGAAcntl","OPC2","OPC2","OPC2"
"GCTGCTTGTACACCGCcntl","OPC2","OPC2","OPC2"
"GCTGCTTGTGCTTCTCcntl","OPC2","OPC2","OPC2"
"GCTGGGTTCATAACCGcntl","OPC2","OPC2","OPC2"
"GCTTCCAAGAATTCCCcntl","OPC1","OPC1","OPC1"
"GCTTCCAGTACTCGCGcntl","OPC2","OPC2","OPC2"
"GCTTCCATCGCAAACTcntl","OPC2","OPC2","OPC2"
"GCTTGAACAAGCCCACcntl","OPC2","OPC2","OPC2"
"GCTTGAAGTTAGTGGGcntl","OPC2","OPC2","OPC2"
"GCTTGAATCCATGAGTcntl","OPC2","OPC2","OPC2"
"GGAAAGCTCTTTACACcntl","OPC2","OPC2","OPC2"
"GGAACTTTCAACCAACcntl","OPC1","OPC1","OPC1"
"GGAACTTTCAGTCAGTcntl","OPC2","OPC2","OPC2"
"GGAATAACAACTGGCCcntl","OPC2","OPC2","OPC2"
"GGACAAGCAGACGTAGcntl","OPC2","OPC2","OPC2"
"GGACATTGTTCGTTGAcntl","OPC2","OPC2","OPC2"
"GGATGTTAGGCTAGCAcntl","OPC2","OPC2","OPC2"
"GGATTACCAAGCCGCTcntl","OPC2","OPC2","OPC2"
"GGCAATTAGGATGTATcntl","OPC2","OPC2","OPC2"
"GGCAATTTCCGTAGGCcntl","OPC2","OPC2","OPC2"
"GGCGACTTCCCTGACTcntl","OPC2","OPC2","OPC2"
"GGCGTGTCACGGTAGAcntl","OPC2","OPC2","OPC2"
"GGGATGACAACACCCGcntl","OPC2","OPC2","OPC2"
"GGGATGACATGCCTTCcntl","OPC2","OPC2","OPC2"
"GGGCACTGTCAAAGCGcntl","OPC2","OPC2","OPC2"
"GGGTCTGGTAGCTAAAcntl","OPC2","OPC2","OPC2"
"GGTATTGGTCGTTGTAcntl","OPC2","OPC2","OPC2"
"GGTGAAGTCTGTGCAAcntl","OPC2","OPC2","OPC2"
"GTAACGTCATATGAGAcntl","OPC2","OPC2","OPC2"
"GTAACGTGTAATCGTCcntl","OPC2","OPC2","OPC2"
"GTAACGTTCTAACCGAcntl","OPC2","OPC2","OPC2"
"GTAACGTTCTCCGGTTcntl","OPC2","OPC2","OPC2"
"GTAACTGGTAATAGCAcntl","OPC2","OPC2","OPC2"
"GTAACTGTCATTCACTcntl","OPC1","OPC1","OPC1"
"GTATCTTTCTCCGGTTcntl","OPC2","OPC2","OPC2"
"GTCACAAAGTCCAGGAcntl","OPC2","OPC2","OPC2"
"GTCGGGTCAATCGGTTcntl","OPC2","OPC2","OPC2"
"GTCGTAACATCGTCGGcntl","OPC2","OPC2","OPC2"
"GTCTCGTTCTCCTATAcntl","OPC2","OPC2","OPC2"
"GTGAAGGGTCAGATAAcntl","OPC2","OPC2","OPC2"
"GTGCTTCAGAGGTTATcntl","OPC2","OPC2","OPC2"
"GTGTGCGGTCTTGATGcntl","OPC2","OPC2","OPC2"
"GTGTTAGTCGGAGCAAcntl","OPC2","OPC2","OPC2"
"GTTACAGAGCCTTGATcntl","OPC2","OPC2","OPC2"
"GTTCGGGAGTCCGGTCcntl","OPC2","OPC2","OPC2"
"GTTCGGGCATCGATTGcntl","OPC2","OPC2","OPC2"
"GTTCGGGTCACAATGCcntl","OPC2","OPC2","OPC2"
"GTTCTCGCAGTATCTGcntl","OPC2","OPC2","OPC2"
"TAAACCGAGGGCTTGAcntl","OPC2","OPC2","OPC2"
"TAAGCGTAGATGGCGTcntl","OPC2","OPC2","OPC2"
"TACACGAAGAGCCTAGcntl","OPC2","OPC2","OPC2"
"TACACGAAGCTAACTCcntl","OPC2","OPC2","OPC2"
"TACACGAGTCATCCCTcntl","OPC2","OPC2","OPC2"
"TACAGTGCATGTCGATcntl","OPC2","OPC2","OPC2"
"TACCTTATCGGAAATAcntl","OPC2","OPC2","OPC2"
"TACGGATAGAATGTTGcntl","OPC2","OPC2","OPC2"
"TACGGATGTCTTGCGGcntl","OPC2","OPC2","OPC2"
"TACGGGCCATGCAATCcntl","OPC2","OPC2","OPC2"
"TACGGTAGTTAGGGTGcntl","OPC2","OPC2","OPC2"
"TACTCGCGTCTAGGTTcntl","OPC2","OPC2","OPC2"
"TAGACCAAGCCTCGTGcntl","OPC2","OPC2","OPC2"
"TAGAGCTAGTTGCAGGcntl","OPC2","OPC2","OPC2"
"TAGCCGGCATCCTTGCcntl","OPC2","OPC2","OPC2"
"TAGTGGTGTCCGTGACcntl","OPC2","OPC2","OPC2"
"TATCAGGTCGGAGCAAcntl","OPC2","OPC2","OPC2"
"TATGCCCAGATCCGAGcntl","OPC2","OPC2","OPC2"
"TATGCCCCACTGTTAGcntl","OPC2","OPC2","OPC2"
"TATGCCCCAGGTCTCGcntl","OPC2","OPC2","OPC2"
"TATTACCAGAGGGCTTcntl","OPC2","OPC2","OPC2"
"TCAACGACACCATCCTcntl","OPC2","OPC2","OPC2"
"TCAACGATCAAAGTAGcntl","OPC2","OPC2","OPC2"
"TCAACGATCACCACCTcntl","OPC2","OPC2","OPC2"
"TCAACGATCCACGTGGcntl","OPC2","OPC2","OPC2"
"TCAATCTTCTTCCTTCcntl","OPC2","OPC2","OPC2"
"TCACGAAAGATGTGGCcntl","OPC2","OPC2","OPC2"
"TCACGAACATGTCGATcntl","OPC2","OPC2","OPC2"
"TCAGCTCAGTATCTCGcntl","OPC2","OPC2","OPC2"
"TCAGCTCTCAGTGTTGcntl","OPC2","OPC2","OPC2"
"TCAGGTAAGCGTGTCCcntl","OPC2","OPC2","OPC2"
"TCATTTGCACCGAATTcntl","OPC2","OPC2","OPC2"
"TCCACACTCTGCTGTCcntl","OPC2","OPC2","OPC2"
"TCCCGATCAGATCTGTcntl","OPC2","OPC2","OPC2"
"TCGCGAGCATAGACTCcntl","OPC2","OPC2","OPC2"
"TCGCGTTTCACATAGCcntl","OPC2","OPC2","OPC2"
"TCGTACCTCAGCATGTcntl","OPC2","OPC2","OPC2"
"TCTATTGAGGATGGAAcntl","OPC2","OPC2","OPC2"
"TCTCATATCAACACTGcntl","OPC2","OPC2","OPC2"
"TCTCATATCACAGGCCcntl","OPC2","OPC2","OPC2"
"TCTCTAATCGGTCCGAcntl","OPC2","OPC2","OPC2"
"TCTTCGGAGAAACCGCcntl","OPC2","OPC2","OPC2"
"TGAGAGGAGTACTTGCcntl","OPC2","OPC2","OPC2"
"TGAGAGGCAGCCTGTGcntl","OPC2","OPC2","OPC2"
"TGAGGGAGTGGTACAGcntl","OPC2","OPC2","OPC2"
"TGATTTCCATAAAGGTcntl","OPC2","OPC2","OPC2"
"TGCACCTGTGCACGAAcntl","OPC2","OPC2","OPC2"
"TGCCCATCAATTCCTTcntl","OPC2","OPC2","OPC2"
"TGCGGGTAGCCTCGTGcntl","OPC1","OPC1","OPC1"
"TGCGTGGCAATGGATAcntl","OPC2","OPC2","OPC2"
"TGCTACCCAGGCGATAcntl","OPC2","OPC2","OPC2"
"TGGCCAGCAGTGGAGTcntl","OPC2","OPC2","OPC2"
"TGGCCAGTCAACGAAAcntl","OPC2","OPC2","OPC2"
"TGGCTGGAGCTACCTAcntl","OPC2","OPC2","OPC2"
"TGGCTGGTCCTTGCCAcntl","OPC2","OPC2","OPC2"
"TGGCTGGTCTGCTGTCcntl","OPC2","OPC2","OPC2"
"TGGGAAGAGCCGCCTAcntl","OPC2","OPC2","OPC2"
"TGGGAAGTCGAGGTAGcntl","OPC2","OPC2","OPC2"
"TGGTTCCGTCGCGGTTcntl","OPC2","OPC2","OPC2"
"TGGTTCCTCAACGCTAcntl","OPC2","OPC2","OPC2"
"TGGTTCCTCGAGCCCAcntl","OPC2","OPC2","OPC2"
"TGTGGTAGTTCCGTCTcntl","OPC2","OPC2","OPC2"
"TGTGGTATCAATCTCTcntl","OPC2","OPC2","OPC2"
"TGTGTTTAGTCGTACTcntl","OPC2","OPC2","OPC2"
"TTAACTCTCTGGAGCCcntl","OPC2","OPC2","OPC2"
"TTCGAAGAGCTAAACAcntl","OPC2","OPC2","OPC2"
"TTCGGTCAGCGCCTCAcntl","OPC2","OPC2","OPC2"
"TTCTCCTAGGACTGGTcntl","OPC2","OPC2","OPC2"
"TTCTCCTGTCCAAGTTcntl","OPC2","OPC2","OPC2"
"TTGAACGAGGTGCTTTcntl","OPC2","OPC2","OPC2"
"TTGAACGGTAAGCACGcntl","OPC2","OPC2","OPC2"
"TTGCCGTGTTCGGGCTcntl","OPC2","OPC2","OPC2"
"TTGGAACGTAGAAGGAcntl","OPC2","OPC2","OPC2"
"TTGGCAATCTGCTTGCcntl","OPC2","OPC2","OPC2"
"TTGTAGGGTTAAGGGCcntl","OPC2","OPC2","OPC2"
"TTTATGCTCCACGTGGcntl","OPC2","OPC2","OPC2"
"TTTGGTTCAATAACGAcntl","OPC2","OPC2","OPC2"
"TTTGTCATCGAACTGTcntl","OPC2","OPC2","OPC2"
"AAACGGGCACGAAGCAcntl","LHb1","LHb_1_1","LHb_C"
"AAATGCCCAGTTCCCTcntl","LHb4","LHb_1_4","LHb_B"
"AACACGTGTAGCTGCCcntl","LHb1","LHb_1_1","LHb_C"
"AACCATGTCAGCACATcntl","LHb4","LHb_1_4","LHb_B"
"AACGTTGAGCGTTTACcntl","LHb1","LHb_1_1","LHb_C"
"AACGTTGTCAACACGTcntl","LHb3","LHb_1_3","LHb_C"
"AACTGGTCACCCATTCcntl","LHb1","LHb_1_1","LHb_C"
"AAGACCTCAGATGAGCcntl","Neuron","Neuron","Neuron"
"AAGCCGCCATCCGGGTcntl","LHb1","LHb_1_1","LHb_C"
"AAGGAGCTCACATGCAcntl","LHb1","LHb_1_1","LHb_C"
"AAGGCAGCATGGATGGcntl","LHb4","LHb_1_4","LHb_B"
"AAGGCAGGTATTACCGcntl","LHb1","LHb_1_1","LHb_C"
"AAGGTTCGTTCGCGACcntl","LHb1","LHb_1_1","LHb_C"
"AAGTCTGCAAACCTACcntl","LHb1","LHb_1_1","LHb_C"
"AATCCAGGTCGCATATcntl","LHb1","LHb_1_1","LHb_C"
"AATCCAGTCTGCAAGTcntl","LHb1","LHb_1_1","LHb_C"
"AATCGGTTCACAGGCCcntl","LHb1","LHb_1_1","LHb_C"
"ACACCAACATACGCCGcntl","LHb1","LHb_1_1","LHb_C"
"ACACCGGTCATCTGCCcntl","LHb4","LHb_1_4","LHb_B"
"ACACTGATCATGGTCAcntl","LHb1","LHb_1_1","LHb_C"
"ACAGCTAAGTCTCGGCcntl","LHb1","LHb_1_1","LHb_C"
"ACAGCTACAGCTCCGAcntl","LHb1","LHb_1_1","LHb_C"
"ACATACGGTATAGGGCcntl","LHb3","LHb_1_3","LHb_C"
"ACATGGTAGGTGCTTTcntl","LHb1","LHb_1_1","LHb_C"
"ACCCACTAGGCTCTTAcntl","LHb1","LHb_1_1","LHb_C"
"ACCGTAAGTAAGGGCTcntl","LHb1","LHb_1_1","LHb_C"
"ACCTTTAGTTTACTCTcntl","LHb1","LHb_1_1","LHb_C"
"ACGATACGTCTGCGGTcntl","LHb1","LHb_1_1","LHb_C"
"ACGCAGCGTGTCCTCTcntl","LHb4","LHb_1_4","LHb_B"
"ACGCCAGAGAGTGACCcntl","LHb1","LHb_1_1","LHb_C"
"ACGCCGACATCCTTGCcntl","LHb1","LHb_1_1","LHb_C"
"ACGGAGAGTACCGGCTcntl","LHb1","LHb_1_1","LHb_C"
"ACGGAGATCCCATTTAcntl","LHb1","LHb_1_1","LHb_C"
"ACGGCCACAATGGACGcntl","LHb1","LHb_1_1","LHb_C"
"ACGGGCTCAGTCGTGCcntl","LHb1","LHb_1_1","LHb_C"
"ACGGGTCAGGCGACATcntl","LHb1","LHb_1_1","LHb_C"
"ACTATCTAGCTAGTGGcntl","LHb1","LHb_1_1","LHb_C"
"ACTATCTAGGTGACCAcntl","LHb4","LHb_1_4","LHb_B"
"ACTGAACGTTCCATGAcntl","LHb1","LHb_1_1","LHb_C"
"ACTGAACTCGTCGTTCcntl","LHb1","LHb_1_1","LHb_C"
"ACTGAACTCTAACTGGcntl","LHb3","LHb_1_3","LHb_C"
"ACTGAGTGTCATCGGCcntl","LHb1","LHb_1_1","LHb_C"
"ACTGAGTGTGCTTCTCcntl","LHb1","LHb_1_1","LHb_C"
"ACTGATGGTACCGAGAcntl","LHb1","LHb_1_1","LHb_C"
"ACTGATGGTCCTCCATcntl","LHb4","LHb_1_4","LHb_B"
"ACTGATGTCCACTGGGcntl","LHb1","LHb_1_1","LHb_C"
"ACTGCTCAGCGTTTACcntl","LHb1","LHb_1_1","LHb_C"
"ACTGTCCCAAGCCGTCcntl","LHb1","LHb_1_1","LHb_C"
"ACTTACTCAGGGTTAGcntl","LHb1","LHb_1_1","LHb_C"
"ACTTGTTAGTAATCCCcntl","LHb1","LHb_1_1","LHb_C"
"ACTTTCATCACCCGAGcntl","LHb1","LHb_1_1","LHb_C"
"AGAGCGAAGCTGATAAcntl","LHb1","LHb_1_1","LHb_C"
"AGATTGCTCGTACGGCcntl","LHb1","LHb_1_1","LHb_C"
"AGCATACCAGGATCGAcntl","LHb1","LHb_1_1","LHb_C"
"AGCTTGATCCACGAATcntl","LHb1","LHb_1_1","LHb_C"
"AGGGTGAAGACACTAAcntl","LHb1","LHb_1_1","LHb_C"
"AGTAGTCAGGCTAGACcntl","LHb1","LHb_1_1","LHb_C"
"AGTAGTCCAGGAATGCcntl","LHb1","LHb_1_1","LHb_C"
"AGTCTTTGTCCAGTGCcntl","LHb1","LHb_1_1","LHb_C"
"AGTGGGAAGCGTTGCCcntl","LHb1","LHb_1_1","LHb_C"
"AGTGGGATCGGCGGTTcntl","LHb1","LHb_1_1","LHb_C"
"ATAAGAGAGTAACCCTcntl","LHb3","LHb_1_3","LHb_C"
"ATAAGAGCAGCTCGACcntl","LHb1","LHb_1_1","LHb_C"
"ATAGACCGTTAAGATGcntl","LHb1","LHb_1_1","LHb_C"
"ATAGACCTCCCTAATTcntl","LHb1","LHb_1_1","LHb_C"
"ATCACGAGTAATTGGAcntl","LHb1","LHb_1_1","LHb_C"
"ATCACGAGTTTGTGTGcntl","LHb1","LHb_1_1","LHb_C"
"ATCACGATCTCGCATCcntl","Neuron","Neuron","Neuron"
"ATCATCTGTAACGACGcntl","LHb1","LHb_1_1","LHb_C"
"ATCTACTAGAGACTATcntl","LHb3","LHb_1_3","LHb_C"
"ATCTACTAGATAGTCAcntl","LHb1","LHb_1_1","LHb_C"
"ATCTGCCCAATAGAGTcntl","LHb1","LHb_1_1","LHb_C"
"ATCTGCCTCAGCCTAAcntl","LHb1","LHb_1_1","LHb_C"
"ATGAGGGGTCAAACTCcntl","LHb1","LHb_1_1","LHb_C"
"ATGTGTGTCGCCCTTAcntl","LHb1","LHb_1_1","LHb_C"
"ATTACTCGTAGCGCTCcntl","LHb1","LHb_1_1","LHb_C"
"ATTATCCTCTGCGTAAcntl","LHb1","LHb_1_1","LHb_C"
"ATTGGTGGTCGCCATGcntl","LHb1","LHb_1_1","LHb_C"
"ATTTCTGAGCTAGTTCcntl","LHb4","LHb_1_4","LHb_B"
"CAACCAAGTGCACTTAcntl","LHb1","LHb_1_1","LHb_C"
"CAACCAATCACGAAGGcntl","LHb1","LHb_1_1","LHb_C"
"CAACCTCCACGAAACGcntl","LHb1","LHb_1_1","LHb_C"
"CAAGAAACATTTGCTTcntl","LHb4","LHb_1_4","LHb_B"
"CAAGGCCCAAAGCAATcntl","Neuron","Neuron","Neuron"
"CAAGTTGCATCTATGGcntl","LHb4","LHb_1_4","LHb_B"
"CACAAACAGAAGGGTAcntl","LHb1","LHb_1_1","LHb_C"
"CACACAACACATAACCcntl","LHb1","LHb_1_1","LHb_C"
"CACAGTATCTCCCTGAcntl","LHb1","LHb_1_1","LHb_C"
"CACATTTTCTTGGGTAcntl","LHb1","LHb_1_1","LHb_C"
"CACCAGGAGCTAAACAcntl","LHb1","LHb_1_1","LHb_C"
"CAGAATCCAACGATCTcntl","LHb1","LHb_1_1","LHb_C"
"CAGAGAGGTGCGATAGcntl","LHb1","LHb_1_1","LHb_C"
"CAGCGACCATTGGTACcntl","LHb1","LHb_1_1","LHb_C"
"CAGCTGGAGGGATACCcntl","LHb1","LHb_1_1","LHb_C"
"CAGTAACAGCTAGTTCcntl","LHb1","LHb_1_1","LHb_C"
"CATATTCAGCATGGCAcntl","LHb1","LHb_1_1","LHb_C"
"CATATTCCAGCGTCCAcntl","LHb1","LHb_1_1","LHb_C"
"CATCAGAGTGTGACCCcntl","LHb3","LHb_1_3","LHb_C"
"CATCAGATCGTAGGTTcntl","LHb4","LHb_1_4","LHb_B"
"CATCCACAGATTACCCcntl","LHb4","LHb_1_4","LHb_B"
"CATCCACAGCCCTAATcntl","LHb1","LHb_1_1","LHb_C"
"CATCCACGTGGCAAACcntl","LHb1","LHb_1_1","LHb_C"
"CATCGAACAGCGATCCcntl","LHb1","LHb_1_1","LHb_C"
"CATCGAAGTGGTTTCAcntl","LHb1","LHb_1_1","LHb_C"
"CATCGGGGTCCCTACTcntl","LHb1","LHb_1_1","LHb_C"
"CATGACATCGCGATCGcntl","LHb3","LHb_1_3","LHb_C"
"CATGGCGTCCAGAGGAcntl","LHb1","LHb_1_1","LHb_C"
"CATTATCAGTGACTCTcntl","LHb1","LHb_1_1","LHb_C"
"CCAATCCAGTGTCCCGcntl","LHb1","LHb_1_1","LHb_C"
"CCAATCCTCGGGAGTAcntl","LHb1","LHb_1_1","LHb_C"
"CCACGGATCTTTACACcntl","LHb1","LHb_1_1","LHb_C"
"CCAGCGACACGGCTACcntl","LHb4","LHb_1_4","LHb_B"
"CCATGTCAGTATCGAAcntl","LHb4","LHb_1_4","LHb_B"
"CCATTCGGTAGGGACTcntl","LHb1","LHb_1_1","LHb_C"
"CCCAATCGTTGGTTTGcntl","LHb1","LHb_1_1","LHb_C"
"CCCATACAGAGACTATcntl","LHb1","LHb_1_1","LHb_C"
"CCCTCCTCAAGCGCTCcntl","Neuron","Neuron","Neuron"
"CCTACACTCTGCTGCTcntl","LHb1","LHb_1_1","LHb_C"
"CCTACCATCGAACTGTcntl","LHb1","LHb_1_1","LHb_C"
"CCTAGCTGTCACTTCCcntl","LHb1","LHb_1_1","LHb_C"
"CCTCAGTCATGTCTCCcntl","LHb1","LHb_1_1","LHb_C"
"CCTCAGTTCATCTGTTcntl","LHb3","LHb_1_3","LHb_C"
"CCTTACGGTCAATGTCcntl","LHb1","LHb_1_1","LHb_C"
"CCTTCCCGTGACAAATcntl","LHb1","LHb_1_1","LHb_C"
"CCTTCGATCGTGGGAAcntl","LHb1","LHb_1_1","LHb_C"
"CCTTCGATCTGGGCCAcntl","LHb1","LHb_1_1","LHb_C"
"CCTTTCTGTGTTGGGAcntl","LHb1","LHb_1_1","LHb_C"
"CGAATGTAGCAGATCGcntl","LHb1","LHb_1_1","LHb_C"
"CGAATGTCACCCATTCcntl","LHb1","LHb_1_1","LHb_C"
"CGACTTCAGAAAGTGGcntl","LHb4","LHb_1_4","LHb_B"
"CGAGAAGCAGATGGGTcntl","LHb4","LHb_1_4","LHb_B"
"CGAGAAGTCAAGCCTAcntl","LHb4","LHb_1_4","LHb_B"
"CGATCGGAGCCACGTCcntl","LHb1","LHb_1_1","LHb_C"
"CGATCGGCATATGAGAcntl","Neuron","Neuron","Neuron"
"CGATGGCAGTTCCACAcntl","LHb3","LHb_1_3","LHb_C"
"CGATGGCGTTTGGCGCcntl","LHb4","LHb_1_4","LHb_B"
"CGATTGAGTCGACTGCcntl","LHb4","LHb_1_4","LHb_B"
"CGATTGATCCATTCTAcntl","LHb4","LHb_1_4","LHb_B"
"CGATTGATCTAACTCTcntl","LHb1","LHb_1_1","LHb_C"
"CGATTGATCTGCGTAAcntl","LHb1","LHb_1_1","LHb_C"
"CGCCAAGAGAAGGTGAcntl","LHb1","LHb_1_1","LHb_C"
"CGCGTTTCATCGGTTAcntl","LHb1","LHb_1_1","LHb_C"
"CGCGTTTTCGTTACAGcntl","LHb4","LHb_1_4","LHb_B"
"CGCTTCAAGACTCGGAcntl","LHb1","LHb_1_1","LHb_C"
"CGCTTCATCACTTATCcntl","LHb1","LHb_1_1","LHb_C"
"CGGAGTCCACAACGCCcntl","LHb1","LHb_1_1","LHb_C"
"CGGCTAGAGGTTCCTAcntl","LHb1","LHb_1_1","LHb_C"
"CGGCTAGCAATGAATGcntl","LHb1","LHb_1_1","LHb_C"
"CGGTTAAAGCTGGAACcntl","LHb1","LHb_1_1","LHb_C"
"CGTCAGGGTCCGAAGAcntl","LHb1","LHb_1_1","LHb_C"
"CGTGTAAGTCCGAGTCcntl","LHb1","LHb_1_1","LHb_C"
"CGTTAGAGTCTTCGTCcntl","LHb4","LHb_1_4","LHb_B"
"CGTTAGATCGAGAACGcntl","LHb1","LHb_1_1","LHb_C"
"CGTTCTGCACAGCCCAcntl","LHb1","LHb_1_1","LHb_C"
"CGTTCTGTCCTTAATCcntl","LHb1","LHb_1_1","LHb_C"
"CTAACTTCAAATCCGTcntl","LHb4","LHb_1_4","LHb_B"
"CTAAGACTCAGGCCCAcntl","LHb3","LHb_1_3","LHb_C"
"CTAATGGTCCGTAGTAcntl","LHb1","LHb_1_1","LHb_C"
"CTCAGAAAGTGAACGCcntl","LHb1","LHb_1_1","LHb_C"
"CTCCTAGGTCGCGGTTcntl","LHb1","LHb_1_1","LHb_C"
"CTCGAAACATACCATGcntl","LHb4","LHb_1_4","LHb_B"
"CTCGAAACATTCGACAcntl","LHb1","LHb_1_1","LHb_C"
"CTCGGGACATCGGACCcntl","LHb4","LHb_1_4","LHb_B"
"CTCTAATTCGGACAAGcntl","LHb1","LHb_1_1","LHb_C"
"CTCTGGTAGTCGTTTGcntl","LHb1","LHb_1_1","LHb_C"
"CTCTGGTTCCGGCACAcntl","LHb1","LHb_1_1","LHb_C"
"CTGAAACGTCGCGGTTcntl","LHb1","LHb_1_1","LHb_C"
"CTGAAGTTCCGTACAAcntl","LHb1","LHb_1_1","LHb_C"
"CTGATAGAGATGGGTCcntl","LHb1","LHb_1_1","LHb_C"
"CTGCCTAAGTTGAGTAcntl","LHb1","LHb_1_1","LHb_C"
"CTGTGCTAGGACACCAcntl","LHb4","LHb_1_4","LHb_B"
"CTTAACTGTAAGGGAAcntl","LHb1","LHb_1_1","LHb_C"
"CTTACCGGTCCGAACCcntl","LHb1","LHb_1_1","LHb_C"
"CTTCTCTAGATGTTAGcntl","LHb1","LHb_1_1","LHb_C"
"CTTCTCTAGGGCTCTCcntl","LHb1","LHb_1_1","LHb_C"
"CTTCTCTTCACATGCAcntl","LHb1","LHb_1_1","LHb_C"
"CTTTGCGTCAGAAATGcntl","LHb1","LHb_1_1","LHb_C"
"GAAACTCAGACTAGATcntl","LHb3","LHb_1_3","LHb_C"
"GAAACTCGTAGCTTGTcntl","LHb4","LHb_1_4","LHb_B"
"GAAACTCTCTAACCGAcntl","LHb1","LHb_1_1","LHb_C"
"GAAATGAAGTACGCCCcntl","LHb1","LHb_1_1","LHb_C"
"GAAATGACAAGGACACcntl","LHb1","LHb_1_1","LHb_C"
"GAACGGATCACTGGGCcntl","LHb1","LHb_1_1","LHb_C"
"GAACGGATCGACCAGCcntl","LHb1","LHb_1_1","LHb_C"
"GAAGCAGCACTTCGAAcntl","LHb1","LHb_1_1","LHb_C"
"GAATAAGCACCGCTAGcntl","LHb1","LHb_1_1","LHb_C"
"GACAGAGAGATCGGGTcntl","LHb1","LHb_1_1","LHb_C"
"GACCAATTCAAGGTAAcntl","LHb1","LHb_1_1","LHb_C"
"GACCTGGAGGACAGCTcntl","LHb1","LHb_1_1","LHb_C"
"GACCTGGGTACCGGCTcntl","LHb1","LHb_1_1","LHb_C"
"GACGCGTGTAATCGTCcntl","LHb1","LHb_1_1","LHb_C"
"GACGGCTCATGGTTGTcntl","LHb1","LHb_1_1","LHb_C"
"GACGTGCCATGGTTGTcntl","LHb1","LHb_1_1","LHb_C"
"GACGTGCTCCTTTCTCcntl","LHb1","LHb_1_1","LHb_C"
"GACTACAGTCAGCTATcntl","LHb1","LHb_1_1","LHb_C"
"GACTGCGTCGTCGTTCcntl","LHb1","LHb_1_1","LHb_C"
"GATCAGTCAAGCCTATcntl","LHb1","LHb_1_1","LHb_C"
"GATCGTAAGAATAGGGcntl","LHb1","LHb_1_1","LHb_C"
"GATCGTAAGGATATACcntl","LHb1","LHb_1_1","LHb_C"
"GATCTAGGTTCATGGTcntl","LHb1","LHb_1_1","LHb_C"
"GATGAGGGTAGCGCTCcntl","LHb4","LHb_1_4","LHb_B"
"GCAAACTCATAAAGGTcntl","LHb3","LHb_1_3","LHb_C"
"GCAAACTGTCCGAGTCcntl","LHb4","LHb_1_4","LHb_B"
"GCAATCACACCTCGTTcntl","LHb1","LHb_1_1","LHb_C"
"GCACATAAGCCCTAATcntl","LHb1","LHb_1_1","LHb_C"
"GCACATATCGGGAGTAcntl","LHb3","LHb_1_3","LHb_C"
"GCACTCTCACAACTGTcntl","LHb1","LHb_1_1","LHb_C"
"GCACTCTGTCTAGTGTcntl","LHb4","LHb_1_4","LHb_B"
"GCAGCCAAGTTTCCTTcntl","LHb1","LHb_1_1","LHb_C"
"GCATACACAATAGCAAcntl","LHb4","LHb_1_4","LHb_B"
"GCATGATTCGCTAGCGcntl","LHb1","LHb_1_1","LHb_C"
"GCATGCGAGGAATCGCcntl","LHb1","LHb_1_1","LHb_C"
"GCATGTACACGGTGTCcntl","LHb1","LHb_1_1","LHb_C"
"GCATGTAGTCACAAGGcntl","LHb1","LHb_1_1","LHb_C"
"GCATGTAGTTTGACACcntl","LHb1","LHb_1_1","LHb_C"
"GCCTCTAAGGCTCATTcntl","LHb1","LHb_1_1","LHb_C"
"GCCTCTAGTTCCCGAGcntl","LHb1","LHb_1_1","LHb_C"
"GCCTCTATCTCCAACCcntl","LHb1","LHb_1_1","LHb_C"
"GCGACCAAGACACTAAcntl","LHb1","LHb_1_1","LHb_C"
"GCGACCATCCCTAATTcntl","LHb5","LHb_2","LHb_A"
"GCGAGAAAGACAAAGGcntl","LHb1","LHb_1_1","LHb_C"
"GCGCAACTCAACTCTTcntl","LHb1","LHb_1_1","LHb_C"
"GCGCAACTCATCTGCCcntl","LHb1","LHb_1_1","LHb_C"
"GCGCCAAAGATCTGAAcntl","LHb5","LHb_2","LHb_A"
"GCGCCAACAAACCTACcntl","LHb1","LHb_1_1","LHb_C"
"GCGCCAACAGATGGCAcntl","LHb1","LHb_1_1","LHb_C"
"GCGCGATGTATGCTTGcntl","LHb1","LHb_1_1","LHb_C"
"GCTCCTACACCTATCCcntl","LHb1","LHb_1_1","LHb_C"
"GCTGCAGAGACTTGAAcntl","LHb1","LHb_1_1","LHb_C"
"GCTGCGATCCCACTTGcntl","LHb1","LHb_1_1","LHb_C"
"GCTGGGTAGACACGACcntl","LHb1","LHb_1_1","LHb_C"
"GCTGGGTTCTTCGAGAcntl","LHb1","LHb_1_1","LHb_C"
"GCTTGAACATAACCTGcntl","LHb1","LHb_1_1","LHb_C"
"GGAAAGCAGTCCATACcntl","LHb1","LHb_1_1","LHb_C"
"GGAACTTAGCACCGCTcntl","LHb1","LHb_1_1","LHb_C"
"GGACAGAGTAAACACAcntl","LHb1","LHb_1_1","LHb_C"
"GGATGTTAGATGTAACcntl","LHb4","LHb_1_4","LHb_B"
"GGCGACTCAATCCAACcntl","LHb1","LHb_1_1","LHb_C"
"GGCGTGTGTAGGACACcntl","LHb1","LHb_1_1","LHb_C"
"GGCGTGTTCGATAGAAcntl","LHb4","LHb_1_4","LHb_B"
"GGCTCGACAACTGGCCcntl","LHb4","LHb_1_4","LHb_B"
"GGCTCGACACACCGCAcntl","LHb1","LHb_1_1","LHb_C"
"GGCTCGAGTAGCCTATcntl","LHb1","LHb_1_1","LHb_C"
"GGCTCGATCACGACTAcntl","LHb1","LHb_1_1","LHb_C"
"GGCTGGTCAGACGCTCcntl","LHb1","LHb_1_1","LHb_C"
"GGCTGGTTCCAATGGTcntl","LHb1","LHb_1_1","LHb_C"
"GGGAATGAGCGTCAAGcntl","LHb5","LHb_2","LHb_A"
"GGGAATGTCTGCTGCTcntl","LHb1","LHb_1_1","LHb_C"
"GGGACCTAGAAGAAGCcntl","LHb1","LHb_1_1","LHb_C"
"GGGCATCGTAAGAGGAcntl","LHb1","LHb_1_1","LHb_C"
"GGGTCTGAGAGCTTCTcntl","LHb1","LHb_1_1","LHb_C"
"GGTATTGAGACTAGGCcntl","LHb3","LHb_1_3","LHb_C"
"GGTATTGTCAGGATCTcntl","LHb1","LHb_1_1","LHb_C"
"GGTGTTATCCATGCTCcntl","LHb1","LHb_1_1","LHb_C"
"GTAACTGCATATGCTGcntl","LHb1","LHb_1_1","LHb_C"
"GTACTCCAGCCCAACCcntl","LHb1","LHb_1_1","LHb_C"
"GTACTCCAGCGGATCAcntl","LHb1","LHb_1_1","LHb_C"
"GTACTCCAGGTGCTTTcntl","LHb4","LHb_1_4","LHb_B"
"GTACTTTAGACTACAAcntl","LHb1","LHb_1_1","LHb_C"
"GTATTCTGTCAATGTCcntl","LHb1","LHb_1_1","LHb_C"
"GTCATTTTCGGAGCAAcntl","LHb1","LHb_1_1","LHb_C"
"GTCCTCAAGTCCTCCTcntl","LHb1","LHb_1_1","LHb_C"
"GTCCTCACAAACAACAcntl","LHb1","LHb_1_1","LHb_C"
"GTCGGGTAGGTGTTAAcntl","LHb1","LHb_1_1","LHb_C"
"GTCGTAACATGGTTGTcntl","LHb1","LHb_1_1","LHb_C"
"GTCGTAAGTACTTGACcntl","LHb1","LHb_1_1","LHb_C"
"GTCTCGTGTACAGTTCcntl","LHb1","LHb_1_1","LHb_C"
"GTCTTCGCAATAAGCAcntl","LHb1","LHb_1_1","LHb_C"
"GTGAAGGAGTCGTACTcntl","LHb2","LHb_1_2","LHb_B"
"GTGAAGGTCAAACGGGcntl","LHb1","LHb_1_1","LHb_C"
"GTGCAGCTCCAGAGGAcntl","LHb1","LHb_1_1","LHb_C"
"GTGCATATCTACTATCcntl","LHb1","LHb_1_1","LHb_C"
"GTGCGGTCAATGAATGcntl","LHb1","LHb_1_1","LHb_C"
"GTGCTTCCAGACGTAGcntl","LHb1","LHb_1_1","LHb_C"
"GTGTGCGAGTCGAGTGcntl","LHb1","LHb_1_1","LHb_C"
"GTGTGCGTCCCACTTGcntl","LHb1","LHb_1_1","LHb_C"
"GTTAAGCCATGAAGTAcntl","LHb1","LHb_1_1","LHb_C"
"GTTACAGAGGCGCTCTcntl","LHb1","LHb_1_1","LHb_C"
"GTTACAGTCTCCAGGGcntl","LHb1","LHb_1_1","LHb_C"
"GTTCGGGCATGGTCATcntl","LHb4","LHb_1_4","LHb_B"
"GTTTCTACAAGGTGTGcntl","LHb4","LHb_1_4","LHb_B"
"GTTTCTACACCAGGTCcntl","LHb1","LHb_1_1","LHb_C"
"TAAACCGTCTTCATGTcntl","LHb1","LHb_1_1","LHb_C"
"TAAGAGACAGTCGATTcntl","LHb1","LHb_1_1","LHb_C"
"TAAGAGAGTAACGTTCcntl","LHb1","LHb_1_1","LHb_C"
"TAAGAGAGTACCGCTGcntl","LHb4","LHb_1_4","LHb_B"
"TAAGCGTAGTTGTAGAcntl","LHb1","LHb_1_1","LHb_C"
"TAAGCGTTCGCAAGCCcntl","LHb1","LHb_1_1","LHb_C"
"TACACGAAGTCTCGGCcntl","LHb1","LHb_1_1","LHb_C"
"TACACGATCCCAAGATcntl","LHb4","LHb_1_4","LHb_B"
"TACAGTGCATCGATTGcntl","LHb1","LHb_1_1","LHb_C"
"TACGGATAGCACACAGcntl","LHb1","LHb_1_1","LHb_C"
"TACGGATAGCCAGAACcntl","LHb1","LHb_1_1","LHb_C"
"TACGGTAAGTGTACCTcntl","LHb1","LHb_1_1","LHb_C"
"TACGGTACATGTAAGAcntl","LHb1","LHb_1_1","LHb_C"
"TACTCGCTCACCCGAGcntl","LHb1","LHb_1_1","LHb_C"
"TAGACCATCTACTCATcntl","LHb1","LHb_1_1","LHb_C"
"TAGTGGTAGCGTCTATcntl","LHb1","LHb_1_1","LHb_C"
"TAGTTGGAGCGACGTAcntl","LHb1","LHb_1_1","LHb_C"
"TAGTTGGCACCACGTGcntl","LHb1","LHb_1_1","LHb_C"
"TAGTTGGGTAATAGCAcntl","LHb4","LHb_1_4","LHb_B"
"TATCAGGAGGCAATTAcntl","LHb1","LHb_1_1","LHb_C"
"TATGCCCTCTAACGGTcntl","LHb1","LHb_1_1","LHb_C"
"TCAACGAGTCAACATCcntl","LHb1","LHb_1_1","LHb_C"
"TCAATCTTCTCTGAGAcntl","LHb4","LHb_1_4","LHb_B"
"TCACAAGAGTGAATTGcntl","LHb1","LHb_1_1","LHb_C"
"TCACAAGAGTGCCATTcntl","LHb1","LHb_1_1","LHb_C"
"TCACGAAGTGTTGAGGcntl","LHb1","LHb_1_1","LHb_C"
"TCAGATGCAGTAGAGCcntl","LHb4","LHb_1_4","LHb_B"
"TCAGCTCCATATGAGAcntl","LHb1","LHb_1_1","LHb_C"
"TCAGCTCGTCCGAAGAcntl","LHb4","LHb_1_4","LHb_B"
"TCAGCTCTCGGAGCAAcntl","LHb1","LHb_1_1","LHb_C"
"TCAGGATGTTCCATGAcntl","LHb4","LHb_1_4","LHb_B"
"TCAGGTAAGATATGGTcntl","LHb1","LHb_1_1","LHb_C"
"TCGAGGCTCACTCTTAcntl","LHb1","LHb_1_1","LHb_C"
"TCGCGAGAGCGTAGTGcntl","LHb1","LHb_1_1","LHb_C"
"TCGCGTTCACATCCGGcntl","LHb3","LHb_1_3","LHb_C"
"TCGTACCAGCTGTTCAcntl","LHb1","LHb_1_1","LHb_C"
"TCTATTGAGTACATGAcntl","LHb1","LHb_1_1","LHb_C"
"TCTATTGGTGATGATAcntl","LHb1","LHb_1_1","LHb_C"
"TCTCATAGTTCCACGGcntl","LHb1","LHb_1_1","LHb_C"
"TCTCTAACATGTTGACcntl","LHb1","LHb_1_1","LHb_C"
"TCTCTAATCGCATGGCcntl","LHb1","LHb_1_1","LHb_C"
"TCTGAGACAATGGAATcntl","LHb1","LHb_1_1","LHb_C"
"TCTTTCCTCATGTCTTcntl","LHb1","LHb_1_1","LHb_C"
"TGAAAGATCGCCATAAcntl","LHb1","LHb_1_1","LHb_C"
"TGACAACTCAGTTCGAcntl","LHb4","LHb_1_4","LHb_B"
"TGACGGCAGAAACGAGcntl","LHb1","LHb_1_1","LHb_C"
"TGACGGCAGTACGCCCcntl","LHb3","LHb_1_3","LHb_C"
"TGACGGCTCAGTTCGAcntl","LHb4","LHb_1_4","LHb_B"
"TGACGGCTCGTTGACAcntl","LHb1","LHb_1_1","LHb_C"
"TGACTAGTCCCTAACCcntl","LHb1","LHb_1_1","LHb_C"
"TGAGAGGTCTTCGGTCcntl","LHb1","LHb_1_1","LHb_C"
"TGAGCCGGTTGAACTCcntl","LHb1","LHb_1_1","LHb_C"
"TGAGCCGTCATATCGGcntl","LHb1","LHb_1_1","LHb_C"
"TGAGGGAAGGATTCGGcntl","LHb1","LHb_1_1","LHb_C"
"TGATTTCGTATAGTAGcntl","LHb1","LHb_1_1","LHb_C"
"TGATTTCTCTTGAGGTcntl","LHb1","LHb_1_1","LHb_C"
"TGCACCTTCCGGGTGTcntl","LHb1","LHb_1_1","LHb_C"
"TGCCCATCACTTCTGCcntl","LHb1","LHb_1_1","LHb_C"
"TGCCCATTCACCCGAGcntl","LHb4","LHb_1_4","LHb_B"
"TGCTGCTAGCAAATCAcntl","LHb1","LHb_1_1","LHb_C"
"TGGCCAGAGAGCCCAAcntl","LHb1","LHb_1_1","LHb_C"
"TGGCCAGTCACATGCAcntl","LHb1","LHb_1_1","LHb_C"
"TGGCGCAAGACAAGCCcntl","LHb1","LHb_1_1","LHb_C"
"TGGCTGGTCGTATCAGcntl","LHb1","LHb_1_1","LHb_C"
"TGGGAAGCACATGACTcntl","LHb1","LHb_1_1","LHb_C"
"TGGGAAGTCGCCATAAcntl","LHb1","LHb_1_1","LHb_C"
"TGGTTAGAGCACGCCTcntl","LHb1","LHb_1_1","LHb_C"
"TGGTTAGGTTGGTTTGcntl","LHb4","LHb_1_4","LHb_B"
"TGTATTCCACGAAACGcntl","LHb4","LHb_1_4","LHb_B"
"TGTTCCGCAGTCGTGCcntl","LHb2","LHb_1_2","LHb_B"
"TTAACTCGTATAAACGcntl","LHb1","LHb_1_1","LHb_C"
"TTAGGCATCCAACCAAcntl","LHb1","LHb_1_1","LHb_C"
"TTAGTTCTCCTGCAGGcntl","Neuron","Neuron","Neuron"
"TTAGTTCTCGCCAGCAcntl","LHb1","LHb_1_1","LHb_C"
"TTATGCTCACTTAAGCcntl","LHb1","LHb_1_1","LHb_C"
"TTCCCAGAGCAGACTGcntl","LHb1","LHb_1_1","LHb_C"
"TTCGGTCAGCATGGCAcntl","LHb1","LHb_1_1","LHb_C"
"TTCTCCTTCCGGGTGTcntl","LHb1","LHb_1_1","LHb_C"
"TTGCCGTAGACAGGCTcntl","LHb3","LHb_1_3","LHb_C"
"TTGCCGTAGCTAGTTCcntl","LHb3","LHb_1_3","LHb_C"
"TTGCCGTAGTCCTCCTcntl","LHb1","LHb_1_1","LHb_C"
"TTGCGTCGTCAATACCcntl","LHb1","LHb_1_1","LHb_C"
"TTGCGTCGTCATTAGCcntl","LHb1","LHb_1_1","LHb_C"
"TTGCGTCTCTGGGCCAcntl","LHb1","LHb_1_1","LHb_C"
"TTGGAACCATCAGTCAcntl","LHb4","LHb_1_4","LHb_B"
"TTTATGCCATCTCGCTcntl","LHb1","LHb_1_1","LHb_C"
"TTTATGCGTAAGGGCTcntl","LHb1","LHb_1_1","LHb_C"
"TTTCCTCAGTGTTTGCcntl","LHb3","LHb_1_3","LHb_C"
"TTTCCTCTCCTTTCTCcntl","LHb1","LHb_1_1","LHb_C"
"TTTGCGCAGGTGTTAAcntl","LHb1","LHb_1_1","LHb_C"
"TTTGGTTAGGTTACCTcntl","LHb1","LHb_1_1","LHb_C"
"TTTGGTTTCCGTCATCcntl","LHb1","LHb_1_1","LHb_C"
"TTTGTCACACTTCTGCcntl","LHb1","LHb_1_1","LHb_C"
"AAAGATGAGTGTCCATcntl","LHb2","LHb_1_2","LHb_B"
"AAAGCAAGTTTCGCTCcntl","LHb2","LHb_1_2","LHb_B"
"AAAGTAGTCGATCCCTcntl","Neuron","Neuron","Neuron"
"AAATGCCTCAACGCTAcntl","LHb2","LHb_1_2","LHb_B"
"AACTCAGTCATAGCACcntl","LHb2","LHb_1_2","LHb_B"
"AACTCCCAGGGTGTGTcntl","LHb2","LHb_1_2","LHb_B"
"AACTCCCCACGGCGTTcntl","LHb2","LHb_1_2","LHb_B"
"AACTGGTAGTAGATGTcntl","Neuron","Neuron","Neuron"
"AAGACCTAGTTAACGAcntl","LHb2","LHb_1_2","LHb_B"
"AAGACCTCATCCGCGAcntl","LHb2","LHb_1_2","LHb_B"
"AAGGTTCCAACTGGCCcntl","LHb4","LHb_1_4","LHb_B"
"AAGGTTCCACCTATCCcntl","Neuron","Neuron","Neuron"
"AAGGTTCTCTTTACACcntl","LHb2","LHb_1_2","LHb_B"
"AAGTCTGTCCGTTGTCcntl","LHb4","LHb_1_4","LHb_B"
"AATCCAGAGAGCAATTcntl","Neuron","Neuron","Neuron"
"AATCCAGGTCGGATCCcntl","Neuron","LHb_2","LHb_A"
"AATCCAGGTTGCGCACcntl","LHb4","LHb_1_4","LHb_B"
"AATCCAGTCAGAGACGcntl","LHb2","LHb_1_2","LHb_B"
"ACACTGAGTAGCGCAAcntl","LHb2","LHb_1_2","LHb_B"
"ACACTGATCCCTTGCAcntl","LHb2","LHb_1_2","LHb_B"
"ACATACGAGCCAGGATcntl","LHb2","LHb_1_2","LHb_B"
"ACATACGCAAGGGTCAcntl","LHb2","LHb_1_2","LHb_B"
"ACCAGTAGTGCAGTAGcntl","LHb2","LHb_1_2","LHb_B"
"ACCCACTAGATGCGACcntl","LHb2","LHb_1_2","LHb_B"
"ACCTTTAAGCCCGAAAcntl","LHb2","LHb_1_2","LHb_B"
"ACCTTTAAGGGCTTCCcntl","LHb2","LHb_1_2","LHb_B"
"ACGATACTCCTAGTGAcntl","LHb4","LHb_1_4","LHb_B"
"ACGATACTCCTGTACCcntl","LHb2","LHb_1_2","LHb_B"
"ACGATGTTCCAATGGTcntl","LHb2","LHb_1_2","LHb_B"
"ACGCAGCCAGCTGCACcntl","LHb2","LHb_1_2","LHb_B"
"ACGCAGCTCTATGTGGcntl","LHb2","LHb_1_2","LHb_B"
"ACGGAGATCACTCCTGcntl","LHb4","LHb_1_4","LHb_B"
"ACGGCCACAGTACACTcntl","LHb4","LHb_1_4","LHb_B"
"ACGGGCTGTCACTTCCcntl","LHb2","LHb_1_2","LHb_B"
"ACGGGCTTCTCCAGGGcntl","LHb2","LHb_1_2","LHb_B"
"ACGTCAATCGCTAGCGcntl","LHb2","LHb_1_2","LHb_B"
"ACTGAACCAATCGGTTcntl","LHb4","LHb_1_4","LHb_B"
"ACTGAACGTCTAAACCcntl","LHb4","LHb_1_4","LHb_B"
"ACTGAACGTGGCGAATcntl","LHb2","LHb_1_2","LHb_B"
"ACTGATGAGTGGAGTCcntl","LHb2","LHb_1_2","LHb_B"
"ACTGATGGTGTAAGTAcntl","LHb2","LHb_1_2","LHb_B"
"ACTGTCCTCTCGCTTGcntl","LHb2","LHb_1_2","LHb_B"
"ACTTACTGTAAGTGTAcntl","LHb2","LHb_1_2","LHb_B"
"ACTTACTGTTAGATGAcntl","LHb2","LHb_1_2","LHb_B"
"AGAATAGGTCGCCATGcntl","LHb4","LHb_1_4","LHb_B"
"AGCCTAACACATCCAAcntl","LHb2","LHb_1_2","LHb_B"
"AGCGGTCCATATGAGAcntl","LHb2","LHb_1_2","LHb_B"
"AGCGGTCGTGTAATGAcntl","LHb2","LHb_1_2","LHb_B"
"AGCTTGACAATAAGCAcntl","LHb4","LHb_1_4","LHb_B"
"AGGCCACAGAGGTTGCcntl","LHb2","LHb_1_2","LHb_B"
"AGGCCACTCTGCAGTAcntl","LHb4","LHb_1_4","LHb_B"
"AGGCCGTCACCCATGGcntl","LHb2","LHb_1_2","LHb_B"
"AGGCCGTTCACCACCTcntl","LHb2","LHb_1_2","LHb_B"
"AGGGAGTTCTCGCTTGcntl","LHb2","LHb_1_2","LHb_B"
"AGGGATGAGTCCAGGAcntl","LHb2","LHb_1_2","LHb_B"
"AGTCTTTCACATAACCcntl","LHb2","LHb_1_2","LHb_B"
"AGTCTTTGTTATTCTCcntl","LHb2","LHb_1_2","LHb_B"
"AGTGGGAAGGGCATGTcntl","LHb2","LHb_1_2","LHb_B"
"AGTGGGAGTAGGAGTCcntl","LHb2","LHb_1_2","LHb_B"
"AGTTGGTCATCCAACAcntl","LHb2","LHb_1_2","LHb_B"
"ATCATGGCAGTGGGATcntl","LHb4","LHb_1_4","LHb_B"
"ATCCACCAGTAGTGCGcntl","LHb2","LHb_1_2","LHb_B"
"ATCCACCGTACCGTATcntl","LHb4","LHb_1_4","LHb_B"
"ATCCGAAAGGTTACCTcntl","LHb4","LHb_1_4","LHb_B"
"ATCCGAACAATGAATGcntl","LHb2","LHb_1_2","LHb_B"
"ATCTACTGTTAAAGACcntl","LHb2","LHb_1_2","LHb_B"
"ATGAGGGAGGTGCTTTcntl","LHb2","LHb_1_2","LHb_B"
"ATGAGGGCACAGGCCTcntl","LHb4","LHb_1_4","LHb_B"
"ATGAGGGCATAGACTCcntl","LHb2","LHb_1_2","LHb_B"
"ATGCGATAGGAGTACCcntl","LHb2","LHb_1_2","LHb_B"
"ATGCGATAGTCATGCTcntl","LHb2","LHb_1_2","LHb_B"
"ATTACTCTCATGCAACcntl","LHb4","LHb_1_4","LHb_B"
"ATTATCCTCAGAGACGcntl","LHb2","LHb_1_2","LHb_B"
"ATTATCCTCTGTCCGTcntl","LHb2","LHb_1_2","LHb_B"
"ATTCTACCAGGTCTCGcntl","Neuron","Neuron","Neuron"
"ATTCTACGTAGCAAATcntl","LHb2","LHb_1_2","LHb_B"
"ATTGGTGTCTCGCTTGcntl","LHb1","LHb_1_1","LHb_C"
"ATTTCTGAGAAACCATcntl","LHb2","LHb_1_2","LHb_B"
"ATTTCTGCACACCGCAcntl","LHb3","LHb_1_3","LHb_C"
"ATTTCTGGTCAAAGCGcntl","LHb2","LHb_1_2","LHb_B"
"ATTTCTGTCATTCACTcntl","LHb2","LHb_1_2","LHb_B"
"CAACCAATCTACCAGAcntl","LHb4","LHb_1_4","LHb_B"
"CAACCTCCACCTTGTCcntl","LHb2","LHb_1_2","LHb_B"
"CAACCTCCAGACGCTCcntl","LHb4","LHb_1_4","LHb_B"
"CAACCTCGTCTGGAGAcntl","LHb2","LHb_1_2","LHb_B"
"CAAGAAAAGTTCGATCcntl","LHb2","LHb_1_2","LHb_B"
"CAAGATCAGTGTACCTcntl","LHb2","LHb_1_2","LHb_B"
"CAAGGCCAGAATAGGGcntl","LHb2","LHb_1_2","LHb_B"
"CAAGGCCAGTTAGGTAcntl","LHb2","LHb_1_2","LHb_B"
"CACAAACCAAGAAAGGcntl","LHb2","LHb_1_2","LHb_B"
"CACACTCTCAGATAAGcntl","LHb2","LHb_1_2","LHb_B"
"CACACTCTCTCTTGATcntl","LHb2","LHb_1_2","LHb_B"
"CACAGGCTCGCGTTTCcntl","LHb2","LHb_1_2","LHb_B"
"CACATAGGTCTCTCGTcntl","LHb2","LHb_1_2","LHb_B"
"CACATAGGTTGTGGCCcntl","LHb2","LHb_1_2","LHb_B"
"CACATTTTCTACCAGAcntl","LHb2","LHb_1_2","LHb_B"
"CACCACTCAAGCGCTCcntl","LHb4","LHb_1_4","LHb_B"
"CACCAGGGTTAGGGTGcntl","LHb2","LHb_1_2","LHb_B"
"CAGAATCAGCGATTCTcntl","LHb2","LHb_1_2","LHb_B"
"CAGAATCCAATCGAAAcntl","LHb2","LHb_1_2","LHb_B"
"CAGATCAAGCACCGCTcntl","LHb2","LHb_1_2","LHb_B"
"CAGATCATCTAACCGAcntl","LHb4","LHb_1_4","LHb_B"
"CAGCATAAGTAGTGCGcntl","LHb2","LHb_1_2","LHb_B"
"CAGCATACACCATCCTcntl","LHb2","LHb_1_2","LHb_B"
"CAGCCGACATGTTCCCcntl","LHb2","LHb_1_2","LHb_B"
"CAGCCGATCAGGCCCAcntl","LHb2","LHb_1_2","LHb_B"
"CAGTCCTGTAGAGGAAcntl","LHb2","LHb_1_2","LHb_B"
"CATCAAGCAACTTGACcntl","LHb4","LHb_1_4","LHb_B"
"CATCAAGTCATACGGTcntl","LHb2","LHb_1_2","LHb_B"
"CATGCCTCACACCGACcntl","LHb2","LHb_1_2","LHb_B"
"CATGGCGAGCTAAACAcntl","LHb2","LHb_1_2","LHb_B"
"CATGGCGTCGTCTGAAcntl","LHb2","LHb_1_2","LHb_B"
"CCAATCCTCCGGGTGTcntl","LHb2","LHb_1_2","LHb_B"
"CCAGCGAAGTTACCCAcntl","LHb4","LHb_1_4","LHb_B"
"CCATTCGCAACGCACCcntl","LHb4","LHb_1_4","LHb_B"
"CCCAATCCAAACAACAcntl","LHb2","LHb_1_2","LHb_B"
"CCCATACCACGAAAGCcntl","LHb2","LHb_1_2","LHb_B"
"CCCATACTCGCAGGCTcntl","LHb2","LHb_1_2","LHb_B"
"CCGGTAGCAACACCCGcntl","LHb2","LHb_1_2","LHb_B"
"CCGGTAGCAGCCTTTCcntl","LHb2","LHb_1_2","LHb_B"
"CCGTACTAGCCGATTTcntl","LHb4","LHb_1_4","LHb_B"
"CCTACCAGTCTCCCTAcntl","LHb2","LHb_1_2","LHb_B"
"CCTATTAAGGGATGGGcntl","LHb4","LHb_1_4","LHb_B"
"CGACTTCAGATATGGTcntl","LHb2","LHb_1_2","LHb_B"
"CGAGCACAGCGTAGTGcntl","LHb2","LHb_1_2","LHb_B"
"CGAGCACGTAGCTAAAcntl","LHb2","LHb_1_2","LHb_B"
"CGAGCACGTCGGGTCTcntl","LHb4","LHb_1_4","LHb_B"
"CGAGCCAAGAAGCCCAcntl","LHb4","LHb_1_4","LHb_B"
"CGATCGGCACCGATATcntl","LHb2","LHb_1_2","LHb_B"
"CGATTGATCAGTTTGGcntl","LHb2","LHb_1_2","LHb_B"
"CGCTTCAGTAGTAGTAcntl","LHb2","LHb_1_2","LHb_B"
"CGGACACCAAGTTGTCcntl","LHb4","LHb_1_4","LHb_B"
"CGGACTGAGCGTGAACcntl","LHb4","LHb_1_4","LHb_B"
"CGGAGCTAGTGGTAATcntl","LHb2","LHb_1_2","LHb_B"
"CGGAGTCAGACTAGGCcntl","LHb2","LHb_1_2","LHb_B"
"CGGCTAGTCAGCACATcntl","LHb2","LHb_1_2","LHb_B"
"CGGTTAAGTTGAACTCcntl","LHb2","LHb_1_2","LHb_B"
"CGGTTAATCCAGTAGTcntl","LHb2","LHb_1_2","LHb_B"
"CGTAGGCAGCAAATCAcntl","LHb2","LHb_1_2","LHb_B"
"CGTGAGCAGCGATCCCcntl","LHb2","LHb_1_2","LHb_B"
"CGTGTCTAGAATTGTGcntl","LHb2","LHb_1_2","LHb_B"
"CGTGTCTTCGCCGTGAcntl","LHb2","LHb_1_2","LHb_B"
"CGTTCTGAGGGTGTTGcntl","LHb2","LHb_1_2","LHb_B"
"CGTTCTGGTCCAGTTAcntl","LHb2","LHb_1_2","LHb_B"
"CGTTGGGGTCACTTCCcntl","LHb2","LHb_1_2","LHb_B"
"CGTTGGGTCTTCCTTCcntl","LHb2","LHb_1_2","LHb_B"
"CTAAGACCACTTACGAcntl","LHb2","LHb_1_2","LHb_B"
"CTAAGACGTCTGCCAGcntl","LHb2","LHb_1_2","LHb_B"
"CTAAGACGTGATGTGGcntl","LHb4","LHb_1_4","LHb_B"
"CTACGTCTCACAATGCcntl","LHb2","LHb_1_2","LHb_B"
"CTAGAGTAGTGCTGCCcntl","LHb1","LHb_1_1","LHb_C"
"CTAGCCTGTCGAGATGcntl","LHb2","LHb_1_2","LHb_B"
"CTAGCCTTCTTCAACTcntl","LHb2","LHb_1_2","LHb_B"
"CTCAGAAGTGAGGCTAcntl","LHb2","LHb_1_2","LHb_B"
"CTCCTAGTCCTGCAGGcntl","LHb4","LHb_1_4","LHb_B"
"CTCGAGGGTACTCGCGcntl","LHb2","LHb_1_2","LHb_B"
"CTCGGAGAGTAGCGGTcntl","Neuron","Neuron","Neuron"
"CTCGGGAGTATAGGTAcntl","LHb4","LHb_1_4","LHb_B"
"CTCGTACCACCTCGTTcntl","LHb2","LHb_1_2","LHb_B"
"CTCGTCAAGGGTTCCCcntl","LHb4","LHb_1_4","LHb_B"
"CTCGTCAGTGCCTGGTcntl","LHb2","LHb_1_2","LHb_B"
"CTCGTCATCATACGGTcntl","LHb2","LHb_1_2","LHb_B"
"CTCTACGGTCTCCATCcntl","LHb2","LHb_1_2","LHb_B"
"CTGATCCAGCCAGGATcntl","LHb2","LHb_1_2","LHb_B"
"CTGCCTAAGACTCGGAcntl","LHb2","LHb_1_2","LHb_B"
"CTGCGGATCGACCAGCcntl","LHb2","LHb_1_2","LHb_B"
"CTGCTGTTCAGAAATGcntl","LHb2","LHb_1_2","LHb_B"
"CTGGTCTAGGATTCGGcntl","LHb2","LHb_1_2","LHb_B"
"CTGGTCTTCCTCGCATcntl","LHb2","LHb_1_2","LHb_B"
"CTGTGCTGTAAAGGAGcntl","LHb2","LHb_1_2","LHb_B"
"CTTAACTTCCTAGTGAcntl","LHb2","LHb_1_2","LHb_B"
"CTTAACTTCGGGAGTAcntl","LHb4","LHb_1_4","LHb_B"
"CTTACCGAGATGTGTAcntl","LHb2","LHb_1_2","LHb_B"
"CTTCTCTTCCTCGCATcntl","LHb2","LHb_1_2","LHb_B"
"CTTGGCTGTTGCGCACcntl","LHb2","LHb_1_2","LHb_B"
"GAACATCTCAGTCCCTcntl","LHb4","LHb_1_4","LHb_B"
"GACAGAGTCCTCGCATcntl","LHb2","LHb_1_2","LHb_B"
"GACAGAGTCGCTAGCGcntl","LHb4","LHb_1_4","LHb_B"
"GACGCGTAGACAATACcntl","LHb2","LHb_1_2","LHb_B"
"GACGCGTGTAAAGTCAcntl","LHb2","LHb_1_2","LHb_B"
"GACGGCTGTCTCTCTGcntl","LHb4","LHb_1_4","LHb_B"
"GACGTGCCATTCTTACcntl","LHb4","LHb_1_4","LHb_B"
"GACTAACTCTTGCCGTcntl","Neuron","LHb_2","LHb_A"
"GACTACAGTCGTCTTCcntl","LHb4","LHb_1_4","LHb_B"
"GACTACAGTTCGCGACcntl","LHb2","LHb_1_2","LHb_B"
"GACTGCGGTCATCGGCcntl","LHb2","LHb_1_2","LHb_B"
"GAGCAGATCGGATGGAcntl","LHb2","LHb_1_2","LHb_B"
"GAGGTGAAGTGGTAATcntl","LHb2","LHb_1_2","LHb_B"
"GAGGTGACACCTTGTCcntl","LHb4","LHb_1_4","LHb_B"
"GAGGTGATCGTTTATCcntl","LHb2","LHb_1_2","LHb_B"
"GAGTCCGCAATGACCTcntl","LHb2","LHb_1_2","LHb_B"
"GATCGATTCGCCTGTTcntl","LHb2","LHb_1_2","LHb_B"
"GATCTAGCACGCTTTCcntl","LHb2","LHb_1_2","LHb_B"
"GATGAGGAGTGTTGAAcntl","LHb2","LHb_1_2","LHb_B"
"GATGCTACAGACAAATcntl","LHb2","LHb_1_2","LHb_B"
"GATGCTATCTGGTTCCcntl","LHb2","LHb_1_2","LHb_B"
"GATTCAGGTCTAGGTTcntl","LHb2","LHb_1_2","LHb_B"
"GCAATCAAGATCTGAAcntl","LHb2","LHb_1_2","LHb_B"
"GCACATATCTCGGACGcntl","LHb4","LHb_1_4","LHb_B"
"GCACTCTCATGCCTTCcntl","LHb2","LHb_1_2","LHb_B"
"GCACTCTGTCCGAGTCcntl","LHb2","LHb_1_2","LHb_B"
"GCAGTTATCTGGTGTAcntl","LHb2","LHb_1_2","LHb_B"
"GCATACAGTCCGCTGAcntl","LHb4","LHb_1_4","LHb_B"
"GCATACATCTTTCCTCcntl","LHb2","LHb_1_2","LHb_B"
"GCATGTAAGCGTGAGTcntl","LHb2","LHb_1_2","LHb_B"
"GCATGTATCAATAAGGcntl","LHb5","LHb_2","LHb_A"
"GCCTCTACAATGGAATcntl","LHb2","LHb_1_2","LHb_B"
"GCGCAACTCGGTCTAAcntl","LHb4","LHb_1_4","LHb_B"
"GCGCAGTCATTTCAGGcntl","LHb4","LHb_1_4","LHb_B"
"GCTCCTACAAGGTGTGcntl","LHb2","LHb_1_2","LHb_B"
"GCTCTGTAGTATGACAcntl","LHb2","LHb_1_2","LHb_B"
"GCTTGAAGTTGGACCCcntl","LHb2","LHb_1_2","LHb_B"
"GGAAAGCTCGTTTAGGcntl","LHb4","LHb_1_4","LHb_B"
"GGAATAACACTTCGAAcntl","LHb2","LHb_1_2","LHb_B"
"GGAATAATCCAACCAAcntl","LHb2","LHb_1_2","LHb_B"
"GGACAAGCAGCCTTTCcntl","LHb2","LHb_1_2","LHb_B"
"GGACAGATCGCAAACTcntl","LHb2","LHb_1_2","LHb_B"
"GGACATTAGCCACGTCcntl","LHb2","LHb_1_2","LHb_B"
"GGACGTCTCAGAGCTTcntl","LHb2","LHb_1_2","LHb_B"
"GGATGTTAGACTGTAAcntl","LHb2","LHb_1_2","LHb_B"
"GGATGTTCATCACCCTcntl","LHb2","LHb_1_2","LHb_B"
"GGATTACCACAACGCCcntl","LHb2","LHb_1_2","LHb_B"
"GGCCGATAGTGCTGCCcntl","LHb2","LHb_1_2","LHb_B"
"GGCCGATCATGTAGTCcntl","LHb4","LHb_1_4","LHb_B"
"GGCCGATTCTTCGGTCcntl","LHb2","LHb_1_2","LHb_B"
"GGCGTGTAGATGAGAGcntl","LHb2","LHb_1_2","LHb_B"
"GGCGTGTTCCTCGCATcntl","LHb4","LHb_1_4","LHb_B"
"GGCTCGAGTCATCCCTcntl","LHb2","LHb_1_2","LHb_B"
"GGCTGGTGTAGAAGGAcntl","Neuron","Neuron","Neuron"
"GGGACCTGTCTAAACCcntl","LHb2","LHb_1_2","LHb_B"
"GGGAGATTCCAACCAAcntl","LHb2","LHb_1_2","LHb_B"
"GGGATGATCATCGGATcntl","LHb2","LHb_1_2","LHb_B"
"GGTATTGCAAGGGTCAcntl","LHb2","LHb_1_2","LHb_B"
"GGTATTGTCCAGAGGAcntl","LHb2","LHb_1_2","LHb_B"
"GGTGCGTCACGAAAGCcntl","LHb4","LHb_1_4","LHb_B"
"GGTGCGTGTGCACCACcntl","LHb2","LHb_1_2","LHb_B"
"GGTGCGTGTGCGATAGcntl","LHb2","LHb_1_2","LHb_B"
"GTAACGTGTGCGAAACcntl","LHb2","LHb_1_2","LHb_B"
"GTACTCCCACTATCTTcntl","LHb4","LHb_1_4","LHb_B"
"GTAGTCAGTACCCAATcntl","LHb2","LHb_1_2","LHb_B"
"GTATCTTAGTAGGTGCcntl","LHb2","LHb_1_2","LHb_B"
"GTCACAAAGACACTAAcntl","LHb2","LHb_1_2","LHb_B"
"GTCATTTGTCTCTTTAcntl","LHb4","LHb_1_4","LHb_B"
"GTCATTTTCACCCGAGcntl","LHb4","LHb_1_4","LHb_B"
"GTCCTCACACCGGAAAcntl","LHb2","LHb_1_2","LHb_B"
"GTCCTCATCAGTGCATcntl","LHb2","LHb_1_2","LHb_B"
"GTCGGGTGTTCGGGCTcntl","LHb2","LHb_1_2","LHb_B"
"GTCGGGTTCTCGAGTAcntl","LHb2","LHb_1_2","LHb_B"
"GTCGTAAAGCTCCTCTcntl","LHb2","LHb_1_2","LHb_B"
"GTCGTAACACGTTGGCcntl","LHb2","LHb_1_2","LHb_B"
"GTCGTAATCTCTGTCGcntl","LHb2","LHb_1_2","LHb_B"
"GTCTTCGAGCTGCGAAcntl","LHb2","LHb_1_2","LHb_B"
"GTCTTCGCACCCATTCcntl","LHb4","LHb_1_4","LHb_B"
"GTGAAGGAGGGTGTTGcntl","LHb2","LHb_1_2","LHb_B"
"GTGAAGGCAAGTCTACcntl","LHb2","LHb_1_2","LHb_B"
"GTGCATATCTCGCATCcntl","LHb2","LHb_1_2","LHb_B"
"GTGCGGTAGGGTATCGcntl","LHb2","LHb_1_2","LHb_B"
"GTGCTTCCAGCTGCACcntl","LHb2","LHb_1_2","LHb_B"
"GTGCTTCGTACCGTATcntl","LHb2","LHb_1_2","LHb_B"
"GTGCTTCTCCGTAGTAcntl","LHb2","LHb_1_2","LHb_B"
"GTTTCTACAGATCTGTcntl","LHb3","LHb_1_3","LHb_C"
"GTTTCTAGTACATCCAcntl","LHb2","LHb_1_2","LHb_B"
"TACACGAGTGAACCTTcntl","LHb4","LHb_1_4","LHb_B"
"TACAGTGGTTTGTGTGcntl","LHb2","LHb_1_2","LHb_B"
"TACCTTACATTGTGCAcntl","LHb2","LHb_1_2","LHb_B"
"TACGGATGTCAGGACAcntl","LHb2","LHb_1_2","LHb_B"
"TACGGATTCTGGTATGcntl","LHb4","LHb_1_4","LHb_B"
"TACGGGCTCCGAACGCcntl","LHb4","LHb_1_4","LHb_B"
"TACGGTAGTAGCTAAAcntl","LHb4","LHb_1_4","LHb_B"
"TACTCGCAGCAATATGcntl","LHb2","LHb_1_2","LHb_B"
"TACTCGCCATTACCTTcntl","LHb2","LHb_1_2","LHb_B"
"TAGCCGGGTCCTCTTGcntl","LHb2","LHb_1_2","LHb_B"
"TAGCCGGTCATTTGGGcntl","LHb2","LHb_1_2","LHb_B"
"TAGGCATAGTCCGGTCcntl","LHb2","LHb_1_2","LHb_B"
"TAGTTGGGTCGTCTTCcntl","LHb2","LHb_1_2","LHb_B"
"TAGTTGGTCAAACCACcntl","LHb2","LHb_1_2","LHb_B"
"TATCTCAGTTTCCACCcntl","LHb2","LHb_1_2","LHb_B"
"TCAGATGTCCCAAGATcntl","LHb2","LHb_1_2","LHb_B"
"TCAGATGTCTCCAGGGcntl","LHb4","LHb_1_4","LHb_B"
"TCAGCAACAATAGAGTcntl","LHb2","LHb_1_2","LHb_B"
"TCAGCTCAGAGCTATAcntl","LHb4","LHb_1_4","LHb_B"
"TCAGCTCAGGTGTGGTcntl","LHb2","LHb_1_2","LHb_B"
"TCAGCTCCAAAGTGCGcntl","LHb2","LHb_1_2","LHb_B"
"TCAGCTCCAGCTGTGCcntl","LHb2","LHb_1_2","LHb_B"
"TCAGCTCGTACGCTGCcntl","LHb2","LHb_1_2","LHb_B"
"TCAGCTCTCATGTCTTcntl","LHb1","LHb_1_1","LHb_C"
"TCAGCTCTCCTCTAGCcntl","LHb4","LHb_1_4","LHb_B"
"TCAGGTAAGCCCTAATcntl","LHb4","LHb_1_4","LHb_B"
"TCATTACGTTTGGCGCcntl","LHb2","LHb_1_2","LHb_B"
"TCATTACTCGCCATAAcntl","LHb2","LHb_1_2","LHb_B"
"TCATTTGTCTACCTGCcntl","LHb2","LHb_1_2","LHb_B"
"TCCCGATAGACATAACcntl","LHb2","LHb_1_2","LHb_B"
"TCCCGATGTAGAGCTGcntl","LHb2","LHb_1_2","LHb_B"
"TCCCGATGTGCACTTAcntl","LHb2","LHb_1_2","LHb_B"
"TCGCGAGAGCGACGTAcntl","LHb2","LHb_1_2","LHb_B"
"TCGCGTTGTCTCTTTAcntl","LHb2","LHb_1_2","LHb_B"
"TCGGTAAAGCTGAAATcntl","LHb4","LHb_1_4","LHb_B"
"TCGGTAAAGTGTCCCGcntl","LHb2","LHb_1_2","LHb_B"
"TCGGTAACACGCCAGTcntl","LHb2","LHb_1_2","LHb_B"
"TCGGTAACATCTATGGcntl","LHb2","LHb_1_2","LHb_B"
"TCTATTGCAGATCCATcntl","LHb2","LHb_1_2","LHb_B"
"TCTATTGGTCGGCTCAcntl","LHb2","LHb_1_2","LHb_B"
"TCTCATACATGACATCcntl","LHb4","LHb_1_4","LHb_B"
"TCTCTAAAGAGGTACCcntl","LHb2","LHb_1_2","LHb_B"
"TCTTCGGAGGCGATACcntl","LHb2","LHb_1_2","LHb_B"
"TGAAAGACAGTCAGCCcntl","LHb2","LHb_1_2","LHb_B"
"TGAAAGAGTGTCCTCTcntl","LHb2","LHb_1_2","LHb_B"
"TGACGGCGTCGGCTCAcntl","LHb2","LHb_1_2","LHb_B"
"TGAGAGGCAAGCCGTCcntl","LHb4","LHb_1_4","LHb_B"
"TGAGAGGCAATCAGAAcntl","LHb2","LHb_1_2","LHb_B"
"TGAGAGGGTAAGGGAAcntl","LHb2","LHb_1_2","LHb_B"
"TGAGAGGGTGGGTCAAcntl","LHb2","LHb_1_2","LHb_B"
"TGAGCATCAAGCGAGTcntl","LHb2","LHb_1_2","LHb_B"
"TGAGCCGCAGCGTAAGcntl","LHb2","LHb_1_2","LHb_B"
"TGAGCCGTCTTACCGCcntl","LHb2","LHb_1_2","LHb_B"
"TGAGGGAAGTAGGTGCcntl","LHb2","LHb_1_2","LHb_B"
"TGCCAAACAAACGTGGcntl","LHb2","LHb_1_2","LHb_B"
"TGCCAAATCTTTACACcntl","LHb2","LHb_1_2","LHb_B"
"TGCCCATCACGAAACGcntl","LHb2","LHb_1_2","LHb_B"
"TGCCCATGTACATGTCcntl","LHb2","LHb_1_2","LHb_B"
"TGCCCATGTCATTAGCcntl","LHb2","LHb_1_2","LHb_B"
"TGCCCATTCAGCTCGGcntl","LHb2","LHb_1_2","LHb_B"
"TGGACGCAGGTACTCTcntl","LHb2","LHb_1_2","LHb_B"
"TGTGGTAAGGATGCGTcntl","LHb2","LHb_1_2","LHb_B"
"TTAACTCAGCGTGAACcntl","LHb2","LHb_1_2","LHb_B"
"TTCGAAGGTACATGTCcntl","LHb2","LHb_1_2","LHb_B"
"TTCGGTCCACCACCAGcntl","LHb2","LHb_1_2","LHb_B"
"TTCTACAAGTCTCGGCcntl","LHb2","LHb_1_2","LHb_B"
"TTCTCAACAAGTAGTAcntl","LHb4","LHb_1_4","LHb_B"
"TTCTCAATCATAAAGGcntl","LHb4","LHb_1_4","LHb_B"
"TTCTCCTAGTACGCCCcntl","LHb2","LHb_1_2","LHb_B"
"TTCTTAGAGTGTGAATcntl","LHb2","LHb_1_2","LHb_B"
"TTCTTAGTCCTAGTGAcntl","LHb2","LHb_1_2","LHb_B"
"TTGAACGAGAAGGTTTcntl","LHb4","LHb_1_4","LHb_B"
"TTGAACGCAGATGAGCcntl","LHb2","LHb_1_2","LHb_B"
"TTGAACGCATCGACGCcntl","LHb4","LHb_1_4","LHb_B"
"TTGAACGTCACTCCTGcntl","LHb3","LHb_1_3","LHb_C"
"TTGAACGTCAGGTTCAcntl","LHb2","LHb_1_2","LHb_B"
"TTGAACGTCGGAGGTAcntl","LHb2","LHb_1_2","LHb_B"
"TTGACTTAGCAAATCAcntl","LHb4","LHb_1_4","LHb_B"
"TTGCGTCAGCAACGGTcntl","LHb2","LHb_1_2","LHb_B"
"TTGCGTCTCGTACGGCcntl","LHb2","LHb_1_2","LHb_B"
"TTGGAACCACGTCAGCcntl","LHb2","LHb_1_2","LHb_B"
"TTGGCAACACCCTATCcntl","LHb2","LHb_1_2","LHb_B"
"TTGTAGGTCGCGGATCcntl","LHb2","LHb_1_2","LHb_B"
"TTTATGCTCGCCCTTAcntl","LHb2","LHb_1_2","LHb_B"
"TTTCCTCTCTACGAGTcntl","LHb2","LHb_1_2","LHb_B"
"TTTGTCAAGCCAGTAGcntl","LHb2","LHb_1_2","LHb_B"
"TTTGTCATCCCTTGCAcntl","LHb2","LHb_1_2","LHb_B"
"AAAGATGCAACACCCGcntl","Oligo1","Oligo1","Oligo1"
"AAAGTAGGTGAGGGAGcntl","Oligo1","Oligo1","Oligo1"
"AACCATGAGAATGTTGcntl","Oligo1","Oligo1","Oligo1"
"AACCGCGGTAGGGTACcntl","Oligo1","Oligo1","Oligo1"
"AACCGCGGTATATGAGcntl","Oligo1","Oligo1","Oligo1"
"AACGTTGCACGTAAGGcntl","Oligo1","Oligo1","Oligo1"
"AACTCAGTCCTTTCTCcntl","Oligo1","Oligo1","Oligo1"
"AACTCCCGTTTGTTTCcntl","Oligo1","Oligo1","Oligo1"
"AAGACCTAGGCATTGGcntl","Oligo1","Oligo1","Oligo1"
"AAGACCTCAGCCTTGGcntl","Oligo1","Oligo1","Oligo1"
"AAGGCAGAGATCCGAGcntl","Oligo1","Oligo1","Oligo1"
"AAGTCTGGTCCGCTGAcntl","Oligo1","Oligo1","Oligo1"
"AATCGGTAGGCGACATcntl","Oligo1","Oligo1","Oligo1"
"AATCGGTTCTTACCGCcntl","Oligo1","Oligo1","Oligo1"
"ACACCAAAGCCACCTGcntl","Oligo1","Oligo1","Oligo1"
"ACACCAAAGGGCTCTCcntl","Oligo1","Oligo1","Oligo1"
"ACACCGGTCCTGTACCcntl","Oligo1","Oligo1","Oligo1"
"ACACTGAAGGTCGGATcntl","Oligo1","Oligo1","Oligo1"
"ACAGCCGCAATGAAACcntl","Oligo1","Oligo1","Oligo1"
"ACAGCTACAGTCGTGCcntl","Oligo3","Oligo3","Oligo3"
"ACATACGCACTCAGGCcntl","Oligo1","Oligo1","Oligo1"
"ACATCAGAGGCCATAGcntl","Oligo1","Oligo1","Oligo1"
"ACATGGTCAAGCGTAGcntl","Oligo1","Oligo1","Oligo1"
"ACCCACTTCGTAGGAGcntl","Oligo1","Oligo1","Oligo1"
"ACGAGCCGTCTAGAGGcntl","Oligo1","Oligo1","Oligo1"
"ACGCCAGCATGCGCACcntl","Oligo1","Oligo1","Oligo1"
"ACGCCGATCTGCAGTAcntl","Oligo1","Oligo1","Oligo1"
"ACGTCAAAGCGATATAcntl","Oligo3","Oligo3","Oligo3"
"ACTGAGTTCCTCGCATcntl","Oligo1","Oligo1","Oligo1"
"ACTGATGGTGAGTATAcntl","Oligo1","Oligo1","Oligo1"
"ACTGCTCTCATCATTCcntl","Oligo1","Oligo1","Oligo1"
"ACTGTCCAGTATTGGAcntl","Oligo1","Oligo1","Oligo1"
"ACTTGTTGTAGCTTGTcntl","Oligo1","Oligo1","Oligo1"
"AGAGCGAAGCGTTTACcntl","Oligo3","Oligo3","Oligo3"
"AGAGCGACAACTGGCCcntl","Oligo1","Oligo1","Oligo1"
"AGATCTGGTTATGTGCcntl","Oligo1","Oligo1","Oligo1"
"AGCATACCACGGACAAcntl","Oligo1","Oligo1","Oligo1"
"AGCTCCTCACTATCTTcntl","Oligo1","Oligo1","Oligo1"
"AGCTCTCGTCTAAAGAcntl","Oligo1","Oligo1","Oligo1"
"AGGGAGTCAATGTTGCcntl","Oligo1","Oligo1","Oligo1"
"AGGTCATTCGGCATCGcntl","Oligo1","Oligo1","Oligo1"
"AGTAGTCGTCAGAATAcntl","Oligo1","Oligo1","Oligo1"
"AGTAGTCTCTTTACGTcntl","Oligo1","Oligo1","Oligo1"
"AGTGAGGTCACGACTAcntl","Oligo1","Oligo1","Oligo1"
"AGTGGGAGTCGTGGCTcntl","Oligo1","Oligo1","Oligo1"
"AGTGTCAAGATGTTAGcntl","Oligo1","Oligo1","Oligo1"
"AGTTGGTAGTTATCGCcntl","Oligo2","Oligo2","Oligo2"
"ATAACGCCAGCTGTATcntl","Oligo3","Oligo3","Oligo3"
"ATCACGAAGACTGGGTcntl","Oligo1","Oligo1","Oligo1"
"ATCACGAAGCGTAGTGcntl","Oligo1","Oligo1","Oligo1"
"ATCACGATCACTCCTGcntl","Oligo1","Oligo1","Oligo1"
"ATCATCTAGCACCGCTcntl","Oligo3","Oligo3","Oligo3"
"ATCATCTGTTCTGGTAcntl","Oligo1","Oligo1","Oligo1"
"ATCCACCAGGAGTTGCcntl","Oligo1","Oligo1","Oligo1"
"ATCCGAAAGGGCTCTCcntl","Oligo1","Oligo1","Oligo1"
"ATCTACTCAAGAAGAGcntl","Oligo1","Oligo1","Oligo1"
"ATTACTCAGCCCGAAAcntl","Oligo1","Oligo1","Oligo1"
"ATTGGACAGACTGGGTcntl","Oligo1","Oligo1","Oligo1"
"ATTGGACCATCTACGAcntl","Oligo1","Oligo1","Oligo1"
"ATTGGACGTTACTGACcntl","Oligo1","Oligo1","Oligo1"
"ATTTCTGCATGGATGGcntl","Oligo1","Oligo1","Oligo1"
"ATTTCTGTCCAAACTGcntl","Oligo1","Oligo1","Oligo1"
"CAACTAGGTTATCCGAcntl","Oligo1","Oligo1","Oligo1"
"CAAGATCGTAGGAGTCcntl","Oligo1","Oligo1","Oligo1"
"CAAGATCTCACCGGGTcntl","Oligo1","Oligo1","Oligo1"
"CACACCTAGTTGAGTAcntl","Oligo1","Oligo1","Oligo1"
"CACACTCCAATGCCATcntl","Oligo1","Oligo1","Oligo1"
"CACAGTAGTCATGCCGcntl","Oligo1","Oligo1","Oligo1"
"CACATTTAGATATGGTcntl","Oligo1","Oligo1","Oligo1"
"CACATTTCAGTATGCTcntl","Oligo1","Oligo1","Oligo1"
"CACTCCACATTGCGGCcntl","Oligo1","Oligo1","Oligo1"
"CAGCCGACAAGCCATTcntl","Oligo1","Oligo1","Oligo1"
"CAGCCGACAGCCAATTcntl","Oligo1","Oligo1","Oligo1"
"CAGCTAAGTAGCGCTCcntl","Oligo3","Oligo3","Oligo3"
"CAGGTGCTCAATCTCTcntl","Oligo1","Oligo1","Oligo1"
"CAGTAACAGCTAACTCcntl","Oligo1","Oligo1","Oligo1"
"CATATTCGTAATAGCAcntl","Oligo1","Oligo1","Oligo1"
"CATCAAGGTAATTGGAcntl","Oligo1","Oligo1","Oligo1"
"CATCAAGGTAGCAAATcntl","Oligo1","Oligo1","Oligo1"
"CATCAGAAGGTACTCTcntl","Oligo1","Oligo1","Oligo1"
"CATCCACAGGCATTGGcntl","Oligo1","Oligo1","Oligo1"
"CATCGAATCGAATCCAcntl","Oligo1","Oligo1","Oligo1"
"CATCGGGGTAAGTGGCcntl","Oligo1","Oligo1","Oligo1"
"CATGACAAGCTGTTCAcntl","Oligo1","Oligo1","Oligo1"
"CCAGCGAAGTCCCACGcntl","Oligo1","Oligo1","Oligo1"
"CCAGCGACACCATCCTcntl","Oligo1","Oligo1","Oligo1"
"CCATGTCGTTGCTCCTcntl","Oligo1","Oligo1","Oligo1"
"CCATTCGAGATCACGGcntl","Oligo1","Oligo1","Oligo1"
"CCGGTAGCATTGAGCTcntl","Oligo1","Oligo1","Oligo1"
"CCTATTACAATAACGAcntl","Oligo1","Oligo1","Oligo1"
"CCTTCCCCAAACGTGGcntl","Oligo1","Oligo1","Oligo1"
"CCTTCGAAGGGAACGGcntl","Oligo1","Oligo1","Oligo1"
"CCTTCGATCCTCAACCcntl","Oligo1","Oligo1","Oligo1"
"CCTTCGATCGAGAACGcntl","Oligo1","Oligo1","Oligo1"
"CGAATGTCATCTCCCAcntl","Oligo1","Oligo1","Oligo1"
"CGACTTCTCTCATTCAcntl","Oligo3","Oligo3","Oligo3"
"CGAGCACAGGGATGGGcntl","Oligo2","Oligo2","Oligo2"
"CGATCGGCAGAGCCAAcntl","Oligo2","Oligo2","Oligo2"
"CGATGTACAGGGCATAcntl","Oligo3","Oligo3","Oligo3"
"CGATGTAGTCAAAGCGcntl","Oligo1","Oligo1","Oligo1"
"CGATTGAAGAGCTGCAcntl","Oligo1","Oligo1","Oligo1"
"CGATTGATCTCGATGAcntl","Oligo1","Oligo1","Oligo1"
"CGCCAAGTCGTGACATcntl","Oligo1","Oligo1","Oligo1"
"CGCGGTAAGCATCATCcntl","Oligo1","Oligo1","Oligo1"
"CGCTGGACACCTATCCcntl","Oligo1","Oligo1","Oligo1"
"CGCTGGAGTTTAGGAAcntl","Oligo1","Oligo1","Oligo1"
"CGGACTGTCGAATCCAcntl","Oligo1","Oligo1","Oligo1"
"CGGAGCTTCCTGCAGGcntl","Oligo1","Oligo1","Oligo1"
"CGGAGTCTCACGAAGGcntl","Oligo1","Oligo1","Oligo1"
"CGGGTCAAGACCTAGGcntl","Oligo3","Oligo3","Oligo3"
"CGGTTAAAGTGTACCTcntl","Oligo3","Oligo3","Oligo3"
"CGTGAGCGTACAGCAGcntl","Oligo1","Oligo1","Oligo1"
"CGTTAGAGTAATAGCAcntl","Oligo1","Oligo1","Oligo1"
"CGTTCTGAGAGCTATAcntl","Oligo1","Oligo1","Oligo1"
"CTAACTTCAGATAATGcntl","Oligo1","Oligo1","Oligo1"
"CTAGAGTCATGAGCGAcntl","Oligo1","Oligo1","Oligo1"
"CTAGCCTCACTCTGTCcntl","Oligo1","Oligo1","Oligo1"
"CTAGTGACACTGTGTAcntl","Oligo1","Oligo1","Oligo1"
"CTAGTGAGTCTAGTGTcntl","Oligo3","Oligo3","Oligo3"
"CTCACACTCCGCGTTTcntl","Oligo1","Oligo1","Oligo1"
"CTCCTAGAGTTTCCTTcntl","Oligo1","Oligo1","Oligo1"
"CTCGAAAAGTAGATGTcntl","Oligo1","Oligo1","Oligo1"
"CTCGAGGAGCTAGTGGcntl","Oligo1","Oligo1","Oligo1"
"CTCGAGGCAATAGCGGcntl","Oligo1","Oligo1","Oligo1"
"CTCGGAGAGCCACGCTcntl","Oligo1","Oligo1","Oligo1"
"CTCGGAGCAGGCAGTAcntl","Oligo1","Oligo1","Oligo1"
"CTCTAATCAATGGATAcntl","Oligo1","Oligo1","Oligo1"
"CTGATAGAGTCAATAGcntl","Oligo1","Oligo1","Oligo1"
"CTGATCCCAGCGTTCGcntl","Oligo1","Oligo1","Oligo1"
"CTGATCCCATAGACTCcntl","Oligo1","Oligo1","Oligo1"
"CTGTGCTGTATCAGTCcntl","Oligo1","Oligo1","Oligo1"
"CTGTTTAAGTTCGCATcntl","Oligo1","Oligo1","Oligo1"
"CTTGGCTCAATGTTGCcntl","Oligo3","Oligo3","Oligo3"
"CTTTGCGCAAGCCGTCcntl","Oligo1","Oligo1","Oligo1"
"GAAATGATCCAGAGGAcntl","Oligo1","Oligo1","Oligo1"
"GAACCTACAACACCTAcntl","Oligo1","Oligo1","Oligo1"
"GAATAAGAGCCAGTAGcntl","Oligo1","Oligo1","Oligo1"
"GAATGAATCTAACCGAcntl","Oligo1","Oligo1","Oligo1"
"GACAGAGCAAGGCTCCcntl","Oligo1","Oligo1","Oligo1"
"GACAGAGTCCTTCAATcntl","Oligo1","Oligo1","Oligo1"
"GACCAATCACATAACCcntl","Oligo1","Oligo1","Oligo1"
"GACGGCTCAAGTTCTGcntl","Oligo1","Oligo1","Oligo1"
"GACGTGCAGTGAATTGcntl","Oligo1","Oligo1","Oligo1"
"GACGTGCGTGTGGTTTcntl","Oligo1","Oligo1","Oligo1"
"GACGTTACAGGAATCGcntl","Oligo1","Oligo1","Oligo1"
"GACGTTAGTCATGCCGcntl","Oligo1","Oligo1","Oligo1"
"GACGTTAGTTGGTGGAcntl","Oligo1","Oligo1","Oligo1"
"GACGTTAGTTTCCACCcntl","Oligo1","Oligo1","Oligo1"
"GACGTTATCGGTTAACcntl","Oligo1","Oligo1","Oligo1"
"GACTAACCACACTGCGcntl","Oligo1","Oligo1","Oligo1"
"GACTAACGTACTTCTTcntl","Oligo1","Oligo1","Oligo1"
"GACTAACGTGAGTATAcntl","Oligo1","Oligo1","Oligo1"
"GAGCAGATCGGTGTCGcntl","Oligo1","Oligo1","Oligo1"
"GAGTCCGCATCACCCTcntl","Oligo2","Oligo2","Oligo2"
"GAGTCCGTCCAAATGCcntl","Oligo1","Oligo1","Oligo1"
"GAGTCCGTCCGTAGTAcntl","Oligo2","Oligo2","Oligo2"
"GATCGATAGGTGACCAcntl","Oligo1","Oligo1","Oligo1"
"GATCGCGCAGTCTTCCcntl","Oligo1","Oligo1","Oligo1"
"GATCGCGCATCACGTAcntl","Oligo1","Oligo1","Oligo1"
"GATCTAGAGCAAATCAcntl","Oligo1","Oligo1","Oligo1"
"GATGAAACAGCGTTCGcntl","Oligo1","Oligo1","Oligo1"
"GATGAGGCAATAACGAcntl","Oligo1","Oligo1","Oligo1"
"GATGCTAAGACTTTCGcntl","Oligo1","Oligo1","Oligo1"
"GCAATCACAGTCACTAcntl","Oligo1","Oligo1","Oligo1"
"GCACTCTCATGCCACGcntl","Oligo1","Oligo1","Oligo1"
"GCAGCCACAGCTGCTGcntl","Oligo1","Oligo1","Oligo1"
"GCAGCCAGTTATGCGTcntl","Oligo2","Oligo2","Oligo2"
"GCAGTTACACAACGTTcntl","Oligo1","Oligo1","Oligo1"
"GCATGATCAGGCTCACcntl","Oligo1","Oligo1","Oligo1"
"GCATGATTCGTAGATCcntl","Oligo1","Oligo1","Oligo1"
"GCGAGAAGTTACAGAAcntl","Oligo1","Oligo1","Oligo1"
"GCGCAACGTGTCCTCTcntl","Oligo1","Oligo1","Oligo1"
"GCGCAGTAGCTAGTGGcntl","Oligo2","Oligo2","Oligo2"
"GCGCCAATCTCTTGATcntl","Oligo1","Oligo1","Oligo1"
"GCGGGTTCATCACGTAcntl","Oligo1","Oligo1","Oligo1"
"GCTGCGAAGAATTCCCcntl","Oligo1","Oligo1","Oligo1"
"GCTGCGAGTCAATGTCcntl","Oligo1","Oligo1","Oligo1"
"GCTGCTTAGGAATCGCcntl","Oligo1","Oligo1","Oligo1"
"GCTGCTTTCCACTCCAcntl","Oligo1","Oligo1","Oligo1"
"GCTGGGTTCGTAGGAGcntl","Oligo1","Oligo1","Oligo1"
"GCTTCCACATCTACGAcntl","Oligo1","Oligo1","Oligo1"
"GCTTCCAGTGATGATAcntl","Oligo1","Oligo1","Oligo1"
"GCTTGAAGTTCATGGTcntl","Oligo1","Oligo1","Oligo1"
"GCTTGAATCGGTTAACcntl","Oligo3","Oligo3","Oligo3"
"GGAATAAGTAATCACCcntl","Oligo1","Oligo1","Oligo1"
"GGACAAGAGGTGGGTTcntl","Oligo1","Oligo1","Oligo1"
"GGACATTAGTGGACGTcntl","Oligo1","Oligo1","Oligo1"
"GGACATTGTTGTACACcntl","Oligo1","Oligo1","Oligo1"
"GGAGCAAAGACGCACAcntl","Oligo1","Oligo1","Oligo1"
"GGATGTTAGTGCGTGAcntl","Oligo1","Oligo1","Oligo1"
"GGCGACTAGCGATTCTcntl","Oligo1","Oligo1","Oligo1"
"GGCGTGTCAGCTGCTGcntl","Oligo1","Oligo1","Oligo1"
"GGCTGGTGTCCTCCATcntl","Oligo1","Oligo1","Oligo1"
"GGGAATGTCCATGAACcntl","Oligo1","Oligo1","Oligo1"
"GGGATGAAGGAATTACcntl","Oligo1","Oligo1","Oligo1"
"GGGATGATCAAACGGGcntl","Oligo1","Oligo1","Oligo1"
"GGGCACTCACGTTGGCcntl","Oligo1","Oligo1","Oligo1"
"GGGTCTGCAACTGGCCcntl","Oligo1","Oligo1","Oligo1"
"GGGTCTGCATACGCCGcntl","Oligo1","Oligo1","Oligo1"
"GGGTCTGTCAGAGCTTcntl","Oligo1","Oligo1","Oligo1"
"GGTATTGTCATATCGGcntl","Oligo1","Oligo1","Oligo1"
"GTAACTGCAAGCGAGTcntl","Oligo1","Oligo1","Oligo1"
"GTACTTTGTTCATGGTcntl","Oligo1","Oligo1","Oligo1"
"GTAGTCAAGTAGATGTcntl","Oligo1","Oligo1","Oligo1"
"GTAGTCAGTTCTGGTAcntl","Oligo1","Oligo1","Oligo1"
"GTAGTCATCGGAAATAcntl","Oligo1","Oligo1","Oligo1"
"GTCCTCATCCTAGGGCcntl","Oligo1","Oligo1","Oligo1"
"GTCCTCATCTCATTCAcntl","Oligo1","Oligo1","Oligo1"
"GTCGTAATCTAACTTCcntl","Oligo1","Oligo1","Oligo1"
"GTCTCGTCACATGGGAcntl","Oligo1","Oligo1","Oligo1"
"GTGAAGGTCCTAGGGCcntl","Oligo1","Oligo1","Oligo1"
"GTGCAGCGTTCTCATTcntl","Oligo1","Oligo1","Oligo1"
"GTGCATAAGAATGTTGcntl","Oligo2","Oligo2","Oligo2"
"GTGCATACACGGCGTTcntl","Oligo1","Oligo1","Oligo1"
"GTGCGGTCAGTAGAGCcntl","Oligo1","Oligo1","Oligo1"
"GTGCTTCGTACGCACCcntl","Oligo1","Oligo1","Oligo1"
"GTGGGTCGTAAAGGAGcntl","Oligo1","Oligo1","Oligo1"
"GTGTGCGCAGATCGGAcntl","OPC3","OPC3","OPC3"
"GTGTTAGGTCGCATATcntl","Oligo1","Oligo1","Oligo1"
"GTTACAGCATAACCTGcntl","Oligo1","Oligo1","Oligo1"
"TAAACCGTCCCAACGGcntl","Oligo2","Oligo2","Oligo2"
"TACAGTGTCGGGAGTAcntl","Oligo1","Oligo1","Oligo1"
"TACCTTAAGCGTCTATcntl","Oligo1","Oligo1","Oligo1"
"TACCTTAAGCTGCAAGcntl","Oligo1","Oligo1","Oligo1"
"TACGGATAGAGGTACCcntl","Oligo3","Oligo3","Oligo3"
"TACGGATAGTGGTAATcntl","Oligo1","Oligo1","Oligo1"
"TACGGGCCAGTCGTGCcntl","Oligo1","Oligo1","Oligo1"
"TACGGTAGTTTGGGCCcntl","Oligo1","Oligo1","Oligo1"
"TACTTACCATTACGACcntl","Oligo1","Oligo1","Oligo1"
"TAGACCAAGTACGCCCcntl","Oligo1","Oligo1","Oligo1"
"TAGACCAGTTTAAGCCcntl","Oligo1","Oligo1","Oligo1"
"TAGCCGGTCACCATAGcntl","Oligo1","Oligo1","Oligo1"
"TAGGCATTCCCAACGGcntl","Oligo3","Oligo3","Oligo3"
"TATCAGGAGTAGGCCAcntl","Oligo1","Oligo1","Oligo1"
"TATGCCCTCCCTTGCAcntl","Oligo1","Oligo1","Oligo1"
"TCACAAGAGCCCTAATcntl","Oligo1","Oligo1","Oligo1"
"TCACAAGCAAAGTCAAcntl","Oligo3","Oligo3","Oligo3"
"TCACGAAAGGCTCAGAcntl","Oligo1","Oligo1","Oligo1"
"TCAGCAAAGGCTAGGTcntl","Oligo1","Oligo1","Oligo1"
"TCATTTGCATCGATGTcntl","Oligo3","Oligo3","Oligo3"
"TCCACACGTATCTGCAcntl","Oligo1","Oligo1","Oligo1"
"TCCCGATAGTTAGCGGcntl","Oligo1","Oligo1","Oligo1"
"TCGCGAGCACGAAACGcntl","Oligo1","Oligo1","Oligo1"
"TCGTACCCAGTAACGGcntl","Oligo1","Oligo1","Oligo1"
"TCGTACCCATCGGGTCcntl","Oligo1","Oligo1","Oligo1"
"TCGTAGAAGTGTCCATcntl","Oligo1","Oligo1","Oligo1"
"TCGTAGATCGTACGGCcntl","Oligo1","Oligo1","Oligo1"
"TCTATTGTCCTAGGGCcntl","Oligo1","Oligo1","Oligo1"
"TCTCATAGTCTAGTCAcntl","Oligo1","Oligo1","Oligo1"
"TCTGAGAGTCTGATCAcntl","Oligo2","Oligo2","Oligo2"
"TCTTCGGAGCCGTCGTcntl","Oligo1","Oligo1","Oligo1"
"TCTTCGGAGCGCCTTGcntl","Oligo1","Oligo1","Oligo1"
"TCTTTCCCAAGCCGTCcntl","Oligo1","Oligo1","Oligo1"
"TGACAACAGAATAGGGcntl","Oligo1","Oligo1","Oligo1"
"TGACAACGTAGGCATGcntl","Oligo1","Oligo1","Oligo1"
"TGACAACGTCCAAGTTcntl","Oligo1","Oligo1","Oligo1"
"TGACTAGCACCTCGGAcntl","Oligo1","Oligo1","Oligo1"
"TGACTTTCAATCAGAAcntl","Oligo1","Oligo1","Oligo1"
"TGAGCCGTCGGTCTAAcntl","Oligo1","Oligo1","Oligo1"
"TGATTTCGTTCCACGGcntl","Oligo1","Oligo1","Oligo1"
"TGCCCATAGTGTCCATcntl","Oligo1","Oligo1","Oligo1"
"TGCCCTACACGACGAAcntl","Oligo1","Oligo1","Oligo1"
"TGCGGGTTCCAAACACcntl","Oligo1","Oligo1","Oligo1"
"TGCGTGGCAGCGAACAcntl","Oligo1","Oligo1","Oligo1"
"TGGACGCAGAGCTGCAcntl","Oligo1","Oligo1","Oligo1"
"TGGCCAGCAGCGTAAGcntl","Oligo3","Oligo3","Oligo3"
"TGGCCAGTCAGCGACCcntl","Oligo1","Oligo1","Oligo1"
"TGGCTGGGTGCCTGTGcntl","Oligo1","Oligo1","Oligo1"
"TGGGAAGAGATGTGGCcntl","Oligo1","Oligo1","Oligo1"
"TGGGCGTCACTTCGAAcntl","Oligo1","Oligo1","Oligo1"
"TGGGCGTGTTGGGACAcntl","Oligo1","Oligo1","Oligo1"
"TGTGGTATCGTAGGTTcntl","Oligo3","Oligo3","Oligo3"
"TGTTCCGGTGTCTGATcntl","Oligo1","Oligo1","Oligo1"
"TTAACTCCATTATCTCcntl","Oligo1","Oligo1","Oligo1"
"TTAACTCGTCTCATCCcntl","Oligo1","Oligo1","Oligo1"
"TTAACTCTCCGGCACAcntl","Oligo1","Oligo1","Oligo1"
"TTAGGCAAGAGCTGGTcntl","Oligo1","Oligo1","Oligo1"
"TTAGGCATCAACACACcntl","Oligo1","Oligo1","Oligo1"
"TTAGTTCAGCCGCCTAcntl","Oligo1","Oligo1","Oligo1"
"TTATGCTTCGCAAACTcntl","Oligo1","Oligo1","Oligo1"
"TTCGGTCCATTAACCGcntl","Oligo1","Oligo1","Oligo1"
"TTCTACATCACGAAGGcntl","Oligo1","Oligo1","Oligo1"
"TTCTCCTTCAACGCTAcntl","Oligo1","Oligo1","Oligo1"
"TTGAACGCAAGGACTGcntl","Oligo1","Oligo1","Oligo1"
"TTGAACGCACAACTGTcntl","Oligo2","Oligo2","Oligo2"
"TTGAACGTCTCAAACGcntl","Oligo1","Oligo1","Oligo1"
"TTGACTTCATCCGTGGcntl","Oligo1","Oligo1","Oligo1"
"TTGCGTCGTCTCACCTcntl","Oligo1","Oligo1","Oligo1"
"TTGTAGGCAATGGTCTcntl","Oligo1","Oligo1","Oligo1"
"TTGTAGGCACCAGTTAcntl","Oligo1","Oligo1","Oligo1"
"TTGTAGGCATAAGACAcntl","Oligo1","Oligo1","Oligo1"
"TTTCCTCCAGTCTTCCcntl","Oligo1","Oligo1","Oligo1"
"TTTGGTTCAGCTTAACcntl","Oligo1","Oligo1","Oligo1"
"AAAGATGTCGGTTAACcntl","LHb2","LHb_1_2","LHb_B"
"AACTCTTCATGCTGGCcntl","LHb3","LHb_1_3","LHb_C"
"AACTGGTAGAACAATCcntl","LHb3","LHb_1_3","LHb_C"
"AAGACCTAGAAGAAGCcntl","LHb3","LHb_1_3","LHb_C"
"AAGACCTAGCGATATAcntl","LHb2","LHb_1_2","LHb_B"
"AAGCCGCAGCTCCTTCcntl","LHb3","LHb_1_3","LHb_C"
"AAGGAGCCAATCACACcntl","LHb3","LHb_1_3","LHb_C"
"ACACCCTTCGCGCCAAcntl","LHb3","LHb_1_3","LHb_C"
"ACAGCTAGTTGTCGCGcntl","LHb3","LHb_1_3","LHb_C"
"ACATACGAGAGGTTGCcntl","LHb3","LHb_1_3","LHb_C"
"ACCAGTAAGGGATCTGcntl","LHb1","LHb_1_1","LHb_C"
"ACCGTAATCGGAGGTAcntl","LHb3","LHb_1_3","LHb_C"
"ACCTTTACATGTCGATcntl","LHb3","LHb_1_3","LHb_C"
"ACCTTTAGTCAGTGGAcntl","LHb3","LHb_1_3","LHb_C"
"ACGATACAGAGTAAGGcntl","LHb2","LHb_1_2","LHb_B"
"ACGATACGTTTAGGAAcntl","LHb3","LHb_1_3","LHb_C"
"ACGATGTGTGTTGAGGcntl","LHb3","LHb_1_3","LHb_C"
"ACGGGCTCATCATCCCcntl","LHb3","LHb_1_3","LHb_C"
"ACTATCTTCGATGAGGcntl","LHb3","LHb_1_3","LHb_C"
"ACTGAGTGTGCTAGCCcntl","LHb3","LHb_1_3","LHb_C"
"ACTGATGGTGTTAAGAcntl","LHb3","LHb_1_3","LHb_C"
"AGATCTGGTTACCAGTcntl","LHb3","LHb_1_3","LHb_C"
"AGCAGCCGTCTCCACTcntl","LHb3","LHb_1_3","LHb_C"
"AGCAGCCTCGTACGGCcntl","LHb3","LHb_1_3","LHb_C"
"AGCGGTCTCGGCCGATcntl","LHb3","LHb_1_3","LHb_C"
"AGCTCTCTCAGTTCGAcntl","LHb3","LHb_1_3","LHb_C"
"AGGCCACAGTCAATAGcntl","LHb3","LHb_1_3","LHb_C"
"AGTCTTTGTCAGAAGCcntl","LHb3","LHb_1_3","LHb_C"
"AGTGTCAGTCTTCGTCcntl","LHb3","LHb_1_3","LHb_C"
"ATCATGGAGCCAGTAGcntl","LHb3","LHb_1_3","LHb_C"
"ATCATGGCATACTCTTcntl","LHb3","LHb_1_3","LHb_C"
"ATCGAGTTCACTTCATcntl","LHb3","LHb_1_3","LHb_C"
"ATGAGGGTCGCTTGTCcntl","LHb3","LHb_1_3","LHb_C"
"ATGTGTGGTTGATTCGcntl","LHb3","LHb_1_3","LHb_C"
"ATTGGACGTCCAGTATcntl","LHb3","LHb_1_3","LHb_C"
"ATTGGACGTTGTGGAGcntl","LHb3","LHb_1_3","LHb_C"
"ATTGGTGGTGTTTGTGcntl","LHb3","LHb_1_3","LHb_C"
"ATTTCTGGTCACCTAAcntl","LHb3","LHb_1_3","LHb_C"
"CAACCAATCGCGCCAAcntl","LHb3","LHb_1_3","LHb_C"
"CAAGAAAAGATTACCCcntl","LHb2","LHb_1_2","LHb_B"
"CACACAAGTCACAAGGcntl","LHb3","LHb_1_3","LHb_C"
"CACACTCGTCTACCTCcntl","LHb2","LHb_1_2","LHb_B"
"CACATAGTCACCTCGTcntl","LHb3","LHb_1_3","LHb_C"
"CACATAGTCTGCCCTAcntl","LHb3","LHb_1_3","LHb_C"
"CAGCATATCTGCTTGCcntl","LHb3","LHb_1_3","LHb_C"
"CAGGTGCTCAAAGTAGcntl","LHb3","LHb_1_3","LHb_C"
"CAGTCCTAGCATCATCcntl","LHb3","LHb_1_3","LHb_C"
"CATATTCGTGGCCCTAcntl","LHb3","LHb_1_3","LHb_C"
"CATCCACCACGTTGGCcntl","LHb3","LHb_1_3","LHb_C"
"CATGACACACGTGAGAcntl","LHb3","LHb_1_3","LHb_C"
"CATTATCTCAGGCCCAcntl","LHb3","LHb_1_3","LHb_C"
"CCACGGAAGTGTACCTcntl","LHb1","LHb_1_1","LHb_C"
"CCAGCGACACCATGTAcntl","LHb3","LHb_1_3","LHb_C"
"CCAGCGATCACCAGGCcntl","LHb3","LHb_1_3","LHb_C"
"CCATTCGTCGTCCAGGcntl","LHb3","LHb_1_3","LHb_C"
"CCCAGTTGTAGAGTGCcntl","LHb3","LHb_1_3","LHb_C"
"CCCATACGTAATTGGAcntl","LHb3","LHb_1_3","LHb_C"
"CCGGGATAGAGACTTAcntl","LHb3","LHb_1_3","LHb_C"
"CCGTACTCACGTCAGCcntl","LHb3","LHb_1_3","LHb_C"
"CCGTGGAGTGAGGGAGcntl","LHb3","LHb_1_3","LHb_C"
"CCGTTCATCGTCACGGcntl","LHb3","LHb_1_3","LHb_C"
"CCTATTAGTAGAAGGAcntl","LHb2","LHb_1_2","LHb_B"
"CCTTACGCAGGATCGAcntl","LHb3","LHb_1_3","LHb_C"
"CCTTACGGTCTCTTATcntl","LHb3","LHb_1_3","LHb_C"
"CCTTTCTCACATTCGAcntl","LHb3","LHb_1_3","LHb_C"
"CGAATGTCAGCAGTTTcntl","Neuron","Neuron","Neuron"
"CGCTATCAGAAGGTTTcntl","LHb3","LHb_1_3","LHb_C"
"CGCTATCAGCTAGTGGcntl","LHb3","LHb_1_3","LHb_C"
"CGCTGGAGTCCGTCAGcntl","LHb3","LHb_1_3","LHb_C"
"CGGACACTCCGCGCAAcntl","LHb3","LHb_1_3","LHb_C"
"CGGAGTCTCCGCTGTTcntl","LHb3","LHb_1_3","LHb_C"
"CGGTTAATCCGCATAAcntl","LHb3","LHb_1_3","LHb_C"
"CGTCCATTCTGACCTCcntl","LHb3","LHb_1_3","LHb_C"
"CGTGTAAAGCGTGTCCcntl","LHb3","LHb_1_3","LHb_C"
"CGTGTAACACGTTGGCcntl","LHb1","LHb_1_1","LHb_C"
"CGTTAGAAGCTACCGCcntl","LHb3","LHb_1_3","LHb_C"
"CGTTGGGTCCATTCTAcntl","LHb1","LHb_1_1","LHb_C"
"CTAAGACGTAGGGTACcntl","LHb3","LHb_1_3","LHb_C"
"CTAAGACGTCCAGTATcntl","LHb3","LHb_1_3","LHb_C"
"CTACATTAGCTGTTCAcntl","LHb3","LHb_1_3","LHb_C"
"CTAGAGTAGGTGATATcntl","LHb3","LHb_1_3","LHb_C"
"CTAGAGTGTCCGTTAAcntl","LHb3","LHb_1_3","LHb_C"
"CTAGCCTCACCCATGGcntl","LHb3","LHb_1_3","LHb_C"
"CTAGCCTCACCTATCCcntl","LHb3","LHb_1_3","LHb_C"
"CTAGTGACAGCCAGAAcntl","Neuron","Neuron","Neuron"
"CTCAGAAAGTGGACGTcntl","LHb2","LHb_1_2","LHb_B"
"CTCAGAAGTGGTCTCGcntl","LHb3","LHb_1_3","LHb_C"
"CTCGTCAAGCAGCGTAcntl","LHb3","LHb_1_3","LHb_C"
"CTCGTCAGTTACGGAGcntl","LHb3","LHb_1_3","LHb_C"
"CTCTGGTGTGAACCTTcntl","LHb3","LHb_1_3","LHb_C"
"CTGAAGTGTTCCGGCAcntl","LHb3","LHb_1_3","LHb_C"
"CTGATAGCAATCGGTTcntl","LHb3","LHb_1_3","LHb_C"
"CTGCGGAGTTAGATGAcntl","LHb3","LHb_1_3","LHb_C"
"CTGCTGTAGGGTTCCCcntl","LHb3","LHb_1_3","LHb_C"
"CTGCTGTCACCGAATTcntl","LHb3","LHb_1_3","LHb_C"
"CTGTGCTGTCAATACCcntl","LHb3","LHb_1_3","LHb_C"
"CTGTTTATCGAACTGTcntl","LHb3","LHb_1_3","LHb_C"
"CTTACCGTCTCCTATAcntl","LHb3","LHb_1_3","LHb_C"
"CTTGGCTTCGACCAGCcntl","LHb3","LHb_1_3","LHb_C"
"GAAACTCTCCCGACTTcntl","LHb3","LHb_1_3","LHb_C"
"GAAATGAAGACGCACAcntl","LHb3","LHb_1_3","LHb_C"
"GAAATGACAACTGCTAcntl","LHb3","LHb_1_3","LHb_C"
"GAATAAGGTCCTCTTGcntl","LHb3","LHb_1_3","LHb_C"
"GACAGAGGTAAACACAcntl","LHb3","LHb_1_3","LHb_C"
"GACAGAGGTAAATACGcntl","LHb3","LHb_1_3","LHb_C"
"GACAGAGGTCGCGAAAcntl","LHb3","LHb_1_3","LHb_C"
"GACGCGTGTAGAGTGCcntl","LHb3","LHb_1_3","LHb_C"
"GACGGCTGTGTCTGATcntl","LHb3","LHb_1_3","LHb_C"
"GACGTGCAGCCAACAGcntl","LHb3","LHb_1_3","LHb_C"
"GACGTTATCTGAAAGAcntl","LHb3","LHb_1_3","LHb_C"
"GACTACACAGGGAGAGcntl","LHb3","LHb_1_3","LHb_C"
"GACTACACATGTCCTCcntl","LHb3","LHb_1_3","LHb_C"
"GACTACATCTCGATGAcntl","LHb3","LHb_1_3","LHb_C"
"GAGGTGATCGCCTGTTcntl","LHb3","LHb_1_3","LHb_C"
"GATCAGTTCCTCAATTcntl","LHb3","LHb_1_3","LHb_C"
"GATCGCGAGGGTGTTGcntl","LHb3","LHb_1_3","LHb_C"
"GATCGCGGTTCCCTTGcntl","LHb3","LHb_1_3","LHb_C"
"GATCGTACATCTACGAcntl","LHb3","LHb_1_3","LHb_C"
"GATCGTAGTAAGTGGCcntl","LHb3","LHb_1_3","LHb_C"
"GATGAAAAGACTAAGTcntl","LHb3","LHb_1_3","LHb_C"
"GATGCTAAGCTAGTGGcntl","LHb3","LHb_1_3","LHb_C"
"GCACTCTCATACGCTAcntl","Neuron","Neuron","Neuron"
"GCACTCTTCTCCTATAcntl","LHb3","LHb_1_3","LHb_C"
"GCATACAAGGGTTTCTcntl","LHb3","LHb_1_3","LHb_C"
"GCGACCAGTGATAAGTcntl","LHb3","LHb_1_3","LHb_C"
"GCGCAGTCAGTATGCTcntl","LHb3","LHb_1_3","LHb_C"
"GGAAAGCAGTACGACGcntl","LHb3","LHb_1_3","LHb_C"
"GGAATAATCGTTTAGGcntl","LHb3","LHb_1_3","LHb_C"
"GGACAGAGTTTGCATGcntl","LHb3","LHb_1_3","LHb_C"
"GGACATTAGTATCTCGcntl","LHb3","LHb_1_3","LHb_C"
"GGATTACAGGACAGAAcntl","Neuron","Neuron","Neuron"
"GGCGTGTAGAGGTTATcntl","LHb3","LHb_1_3","LHb_C"
"GGCGTGTCAGCGTTCGcntl","LHb3","LHb_1_3","LHb_C"
"GGGATGACAATCAGAAcntl","LHb3","LHb_1_3","LHb_C"
"GGGCACTTCTGGCGACcntl","LHb3","LHb_1_3","LHb_C"
"GGGTCTGTCCGAATGTcntl","LHb3","LHb_1_3","LHb_C"
"GGGTTGCGTTCGCTAAcntl","LHb3","LHb_1_3","LHb_C"
"GGTGAAGAGAGCAATTcntl","LHb3","LHb_1_3","LHb_C"
"GGTGTTAAGTCTTGCAcntl","LHb3","LHb_1_3","LHb_C"
"GTACTCCCAGTGAGTGcntl","LHb3","LHb_1_3","LHb_C"
"GTATTCTCATGTCTCCcntl","LHb3","LHb_1_3","LHb_C"
"GTCAAGTCAGTATAAGcntl","LHb3","LHb_1_3","LHb_C"
"GTCAAGTGTCCCTTGTcntl","LHb3","LHb_1_3","LHb_C"
"GTCCTCAAGGACACCAcntl","LHb3","LHb_1_3","LHb_C"
"GTCGGGTAGACGCACAcntl","LHb3","LHb_1_3","LHb_C"
"GTCTCGTAGTGAACGCcntl","LHb3","LHb_1_3","LHb_C"
"GTCTCGTTCTGCTGTCcntl","LHb3","LHb_1_3","LHb_C"
"GTCTTCGCAGTAACGGcntl","LHb3","LHb_1_3","LHb_C"
"GTCTTCGCATTCCTGCcntl","LHb3","LHb_1_3","LHb_C"
"GTGCAGCGTCACCCAGcntl","LHb3","LHb_1_3","LHb_C"
"GTGCATATCTTTACACcntl","LHb3","LHb_1_3","LHb_C"
"GTGTGCGCAAAGGCGTcntl","LHb3","LHb_1_3","LHb_C"
"GTTCATTTCAAACAAGcntl","LHb3","LHb_1_3","LHb_C"
"GTTCATTTCCAGAGGAcntl","LHb3","LHb_1_3","LHb_C"
"GTTCTCGAGTACGCGAcntl","LHb3","LHb_1_3","LHb_C"
"GTTCTCGTCTGCCCTAcntl","LHb3","LHb_1_3","LHb_C"
"GTTTCTAAGGCCCTCAcntl","LHb3","LHb_1_3","LHb_C"
"TAAACCGAGTGTGGCAcntl","LHb2","LHb_1_2","LHb_B"
"TAAACCGCACATCCAAcntl","LHb3","LHb_1_3","LHb_C"
"TAAGCGTTCTTTACGTcntl","LHb3","LHb_1_3","LHb_C"
"TACACGAGTGGACGATcntl","LHb3","LHb_1_3","LHb_C"
"TACCTTACAGGATCGAcntl","LHb3","LHb_1_3","LHb_C"
"TACGGTATCAATCTCTcntl","LHb3","LHb_1_3","LHb_C"
"TACTCATCAGTGGGATcntl","LHb3","LHb_1_3","LHb_C"
"TACTCATTCGCAGGCTcntl","LHb3","LHb_1_3","LHb_C"
"TACTCATTCTACGAGTcntl","LHb3","LHb_1_3","LHb_C"
"TACTCGCAGCCACTATcntl","LHb3","LHb_1_3","LHb_C"
"TACTCGCGTGGTCCGTcntl","LHb3","LHb_1_3","LHb_C"
"TAGACCATCATGCATGcntl","LHb2","LHb_1_2","LHb_B"
"TATCTCACACCAGCACcntl","LHb3","LHb_1_3","LHb_C"
"TATGCCCCAGGGCATAcntl","LHb2","LHb_1_2","LHb_B"
"TATTACCAGTTGAGTAcntl","LHb3","LHb_1_3","LHb_C"
"TCAACGATCAAACCGTcntl","LHb3","LHb_1_3","LHb_C"
"TCAACGATCAACCATGcntl","LHb3","LHb_1_3","LHb_C"
"TCAGCTCGTAGCTCCGcntl","LHb3","LHb_1_3","LHb_C"
"TCAGGATGTACAGTTCcntl","LHb3","LHb_1_3","LHb_C"
"TCAGGTAAGACTAAGTcntl","LHb3","LHb_1_3","LHb_C"
"TCCACACCAAGGTTCTcntl","LHb3","LHb_1_3","LHb_C"
"TCCCGATAGATAGGAGcntl","LHb3","LHb_1_3","LHb_C"
"TCGAGGCTCCACTCCAcntl","LHb3","LHb_1_3","LHb_C"
"TCGCGAGAGCAATATGcntl","LHb3","LHb_1_3","LHb_C"
"TCGGGACCATCACGATcntl","Neuron","Neuron","Neuron"
"TCGGGACTCGGTCTAAcntl","LHb3","LHb_1_3","LHb_C"
"TCGGTAATCAAGGCTTcntl","LHb3","LHb_1_3","LHb_C"
"TCTCATAAGCTAACAAcntl","LHb3","LHb_1_3","LHb_C"
"TCTCTAAAGCGGATCAcntl","LHb3","LHb_1_3","LHb_C"
"TCTTCGGCAGCAGTTTcntl","LHb3","LHb_1_3","LHb_C"
"TCTTTCCCATGTAAGAcntl","LHb3","LHb_1_3","LHb_C"
"TGAAAGATCATTGCGAcntl","LHb3","LHb_1_3","LHb_C"
"TGAGAGGAGTACATGAcntl","LHb3","LHb_1_3","LHb_C"
"TGCACCTTCCGAATGTcntl","LHb3","LHb_1_3","LHb_C"
"TGCACCTTCGTGGACCcntl","LHb3","LHb_1_3","LHb_C"
"TGCCCTAGTACAGCAGcntl","LHb3","LHb_1_3","LHb_C"
"TGCGGGTAGAACAACTcntl","LHb3","LHb_1_3","LHb_C"
"TGCGGGTCACCGTTGGcntl","LHb3","LHb_1_3","LHb_C"
"TGCGTGGTCGTCCAGGcntl","LHb3","LHb_1_3","LHb_C"
"TGCTGCTCAATAGCAAcntl","LHb3","LHb_1_3","LHb_C"
"TGGCTGGCAAGTTCTGcntl","LHb3","LHb_1_3","LHb_C"
"TGGTTAGTCTGCGACGcntl","LHb3","LHb_1_3","LHb_C"
"TGTATTCTCCAAACACcntl","LHb3","LHb_1_3","LHb_C"
"TGTCCCAGTGACGGTAcntl","LHb3","LHb_1_3","LHb_C"
"TGTTCCGTCATTGCCCcntl","LHb2","LHb_1_2","LHb_B"
"TTAACTCTCTCTTGATcntl","LHb3","LHb_1_3","LHb_C"
"TTCGAAGAGGTACTCTcntl","LHb3","LHb_1_3","LHb_C"
"TTCTCCTGTACAGTTCcntl","LHb3","LHb_1_3","LHb_C"
"TTCTTAGGTGCGCTTGcntl","LHb3","LHb_1_3","LHb_C"
"TTGAACGAGGACTGGTcntl","LHb3","LHb_1_3","LHb_C"
"TTGCCGTGTTTGACTGcntl","LHb3","LHb_1_3","LHb_C"
"TTGGAACCATCACAACcntl","LHb3","LHb_1_3","LHb_C"
"TTGTAGGTCACAACGTcntl","LHb3","LHb_1_3","LHb_C"
"TTTACTGGTAAGGGAAcntl","LHb3","LHb_1_3","LHb_C"
"AAACGGGTCTTATCTGcntl","MHb5","MHb_subP","MHb_A"
"AAAGTAGAGGCAATTAcntl","MHb5","MHb_subP","MHb_A"
"AAAGTAGCATGCAATCcntl","MHb5","MHb_subP","MHb_A"
"AACCATGTCCTTTCGGcntl","MHb5","MHb_subP","MHb_A"
"AACGTTGTCAGAGGTGcntl","MHb5","MHb_subP","MHb_A"
"AACTCAGCAATGAATGcntl","MHb5","MHb_subP","MHb_A"
"AACTCTTTCTCGTTTAcntl","MHb5","MHb_subP","MHb_A"
"AACTGGTCACCCAGTGcntl","MHb5","MHb_subP","MHb_A"
"AAGACCTCAGATCGGAcntl","MHb5","MHb_subP","MHb_A"
"AAGACCTGTCGAGTTTcntl","MHb5","MHb_subP","MHb_A"
"AAGGAGCGTAGTGAATcntl","MHb5","MHb_subP","MHb_A"
"AAGGTTCCACAAGTAAcntl","MHb5","MHb_subP","MHb_A"
"AATCCAGTCAGAGCTTcntl","MHb5","MHb_subP","MHb_A"
"ACACCCTTCAGCTTAGcntl","MHb5","MHb_subP","MHb_A"
"ACATCAGGTACAAGTAcntl","LHb4","LHb_1_4","LHb_B"
"ACGGGCTGTACCAGTTcntl","MHb5","MHb_subP","MHb_A"
"ACGGGCTGTTCGCTAAcntl","LHb4","LHb_1_4","LHb_B"
"ACGGGTCGTTCGCTAAcntl","MHb5","MHb_subP","MHb_A"
"ACGTCAAAGAATGTGTcntl","MHb5","MHb_subP","MHb_A"
"ACGTCAAGTGCAGGTAcntl","MHb5","MHb_subP","MHb_A"
"ACTGAACCAAAGCAATcntl","MHb5","MHb_subP","MHb_A"
"ACTGATGAGATGTTAGcntl","MHb5","MHb_subP","MHb_A"
"ACTGTCCGTCGTGGCTcntl","LHb4","LHb_1_4","LHb_B"
"ACTTACTAGCGTAATAcntl","MHb5","MHb_subP","MHb_A"
"AGAATAGTCGCCTGAGcntl","MHb5","MHb_subP","MHb_A"
"AGAGCTTCAATGACCTcntl","MHb5","MHb_subP","MHb_A"
"AGAGCTTGTACAGTTCcntl","LHb4","LHb_1_4","LHb_B"
"AGATCTGCAGCCTGTGcntl","MHb5","MHb_subP","MHb_A"
"AGCCTAAGTGATAAACcntl","Neuron","MHb_cholinergic.2","MHb_cholinergic.2"
"AGCTCCTAGGCCCTTGcntl","MHb5","MHb_subP","MHb_A"
"AGGCCACGTCAACATCcntl","MHb5","MHb_subP","MHb_A"
"AGGGAGTAGTGTCCCGcntl","MHb5","MHb_subP","MHb_A"
"AGGTCATTCAACGCTAcntl","MHb5","MHb_subP","MHb_A"
"AGGTCCGGTCGGATCCcntl","MHb5","MHb_subP","MHb_A"
"AGTGAGGAGTGCTGCCcntl","MHb5","MHb_subP","MHb_A"
"AGTTGGTAGGTACTCTcntl","MHb5","MHb_subP","MHb_A"
"ATAAGAGGTTGTTTGGcntl","MHb5","MHb_subP","MHb_A"
"ATAGACCGTTGGAGGTcntl","MHb5","MHb_subP","MHb_A"
"ATCACGACACATGTGTcntl","MHb5","MHb_subP","MHb_A"
"ATCACGAGTACTTAGCcntl","MHb5","MHb_subP","MHb_A"
"ATCATCTCACGGCGTTcntl","MHb5","MHb_subP","MHb_A"
"ATCGAGTTCCATGAGTcntl","MHb5","MHb_subP","MHb_A"
"ATGTGTGCATCGGACCcntl","MHb5","MHb_subP","MHb_A"
"ATTCTACTCATTTGGGcntl","LHb4","LHb_1_4","LHb_B"
"ATTGGACCAAGACGTGcntl","MHb5","MHb_subP","MHb_A"
"CAACCTCTCAAGATCCcntl","MHb5","MHb_subP","MHb_A"
"CAAGTTGAGGTAGCCAcntl","MHb5","MHb_subP","MHb_A"
"CACACAATCTGGCGTGcntl","MHb5","MHb_subP","MHb_A"
"CACACTCTCGGACAAGcntl","MHb5","MHb_subP","MHb_A"
"CACTCCATCACAACGTcntl","MHb5","MHb_subP","MHb_A"
"CAGAGAGGTAAGAGGAcntl","MHb5","MHb_subP","MHb_A"
"CAGATCATCACATGCAcntl","LHb4","LHb_1_4","LHb_B"
"CAGCCGAGTTACGGAGcntl","MHb5","MHb_subP","MHb_A"
"CAGCTGGTCGACCAGCcntl","MHb5","MHb_subP","MHb_A"
"CAGGTGCCAAGCTGGAcntl","MHb5","MHb_subP","MHb_A"
"CATATGGTCTTTCCTCcntl","LHb4","LHb_1_4","LHb_B"
"CATATTCTCCGTAGGCcntl","MHb5","MHb_subP","MHb_A"
"CATCAAGTCATATCGGcntl","MHb5","MHb_subP","MHb_A"
"CATCGGGGTGTATGGGcntl","MHb5","MHb_subP","MHb_A"
"CATGACAAGATCACGGcntl","MHb5","MHb_subP","MHb_A"
"CATGCCTTCGTGGTCGcntl","MHb5","MHb_subP","MHb_A"
"CATTATCCAGTCGTGCcntl","MHb5","MHb_subP","MHb_A"
"CCACGGAGTCACCCAGcntl","MHb5","MHb_subP","MHb_A"
"CCATTCGCATCTATGGcntl","MHb5","MHb_subP","MHb_A"
"CCATTCGGTCTAAAGAcntl","MHb5","MHb_subP","MHb_A"
"CCCATACGTGTGCCTGcntl","MHb5","MHb_subP","MHb_A"
"CCGGGATTCGTGGACCcntl","MHb5","MHb_subP","MHb_A"
"CCGTTCATCCATTCTAcntl","MHb5","MHb_subP","MHb_A"
"CGAACATAGCCACTATcntl","MHb5","MHb_subP","MHb_A"
"CGAACATGTGTAATGAcntl","LHb4","LHb_1_4","LHb_B"
"CGATCGGCACACATGTcntl","MHb5","MHb_subP","MHb_A"
"CGCGGTACAAAGTCAAcntl","MHb5","MHb_subP","MHb_A"
"CGCTATCAGCGTTGCCcntl","MHb5","MHb_subP","MHb_A"
"CGCTATCCACTAGTACcntl","MHb5","MHb_subP","MHb_A"
"CGCTGGAGTAGCTAAAcntl","MHb5","MHb_subP","MHb_A"
"CGGAGCTAGCTGATAAcntl","MHb5","MHb_subP","MHb_A"
"CGGGTCATCTGCCAGGcntl","MHb5","MHb_subP","MHb_A"
"CGTAGCGTCAGAAATGcntl","MHb5","MHb_subP","MHb_A"
"CGTAGCGTCCGGGTGTcntl","MHb5","MHb_subP","MHb_A"
"CGTCACTGTACGAAATcntl","MHb5","MHb_subP","MHb_A"
"CGTCTACCATTAACCGcntl","LHb4","LHb_1_4","LHb_B"
"CGTGTAAAGAGCTGCAcntl","MHb5","MHb_subP","MHb_A"
"CGTGTAACATCACCCTcntl","MHb1","MHb_subP_cholinergic","MHb_subP_cholinergic"
"CTACATTGTCAGATAAcntl","MHb5","MHb_subP","MHb_A"
"CTAGAGTCACTTGGATcntl","LHb4","LHb_1_4","LHb_B"
"CTAGAGTGTAGATTAGcntl","MHb5","MHb_subP","MHb_A"
"CTCACACTCCAAACACcntl","MHb5","MHb_subP","MHb_A"
"CTCATTACACACCGACcntl","MHb5","MHb_subP","MHb_A"
"CTCCTAGCAGCTCGACcntl","MHb5","MHb_subP","MHb_A"
"CTCGGAGAGATCTGCTcntl","MHb5","MHb_subP","MHb_A"
"CTCGTACCATGACGGAcntl","MHb5","MHb_subP","MHb_A"
"CTCTACGTCATGTAGCcntl","MHb5","MHb_subP","MHb_A"
"CTGAAACGTTCTGGTAcntl","MHb6","MHb_cholinergic_4","MHb_B"
"CTGAAGTAGCGCCTTGcntl","MHb5","MHb_subP","MHb_A"
"CTGTTTAAGATGTCGGcntl","MHb5","MHb_subP","MHb_A"
"CTGTTTATCGTTGACAcntl","MHb5","MHb_subP","MHb_A"
"CTGTTTATCTGCTTGCcntl","MHb5","MHb_subP","MHb_A"
"CTTGGCTAGTTGCAGGcntl","MHb5","MHb_subP","MHb_A"
"GAAACTCTCATTATCCcntl","MHb5","MHb_subP","MHb_A"
"GAAGCAGAGGGAAACAcntl","MHb5","MHb_subP","MHb_A"
"GAATAAGGTGACGCCTcntl","MHb5","MHb_subP","MHb_A"
"GACTGCGGTCTAGTCAcntl","MHb5","MHb_subP","MHb_A"
"GATCGATGTGACTACTcntl","MHb5","MHb_subP","MHb_A"
"GATCGCGGTGACTCATcntl","MHb5","MHb_subP","MHb_A"
"GATCGCGGTTCAACCAcntl","MHb5","MHb_subP","MHb_A"
"GATGAAAAGCCCAACCcntl","Neuron","LHb_2","LHb_A"
"GATGAAAAGTCTTGCAcntl","MHb5","MHb_subP","MHb_A"
"GATGAAACAAACTGTCcntl","MHb5","MHb_subP","MHb_A"
"GATGCTAGTGTCGCTGcntl","MHb5","MHb_subP","MHb_A"
"GATTCAGGTAGAAAGGcntl","MHb5","MHb_subP","MHb_A"
"GCAATCAGTTGCTCCTcntl","LHb4","LHb_1_4","LHb_B"
"GCACATATCGGAAACGcntl","MHb5","MHb_subP","MHb_A"
"GCAGCCACACCGAATTcntl","MHb5","MHb_subP","MHb_A"
"GCAGTTAAGTGTTTGCcntl","LHb4","LHb_1_4","LHb_B"
"GCATACAAGGTGGGTTcntl","MHb5","MHb_subP","MHb_A"
"GCCAAATCAGGACCCTcntl","MHb5","MHb_subP","MHb_A"
"GCCAAATTCGCAAGCCcntl","MHb5","MHb_subP","MHb_A"
"GCCTCTAAGCTACCGCcntl","MHb5","MHb_subP","MHb_A"
"GCCTCTAGTTGCGCACcntl","MHb5","MHb_subP","MHb_A"
"GCGAGAACACCGTTGGcntl","MHb5","MHb_subP","MHb_A"
"GCGAGAACAGGACCCTcntl","MHb5","MHb_subP","MHb_A"
"GCGAGAATCGTAGGAGcntl","LHb5","LHb_2","LHb_A"
"GCGCAGTCATAGTAAGcntl","MHb5","MHb_subP","MHb_A"
"GCGCCAACAGGTGCCTcntl","MHb5","MHb_subP","MHb_A"
"GCTCCTATCAAACCACcntl","LHb4","LHb_1_4","LHb_B"
"GCTGCTTGTCGCTTCTcntl","MHb5","MHb_subP","MHb_A"
"GCTTCCAAGTCATGCTcntl","Neuron","LHb_2","LHb_A"
"GGAAAGCCACGTAAGGcntl","MHb5","MHb_subP","MHb_A"
"GGAATAAAGACCTAGGcntl","LHb4","LHb_1_4","LHb_B"
"GGACAAGGTACTTGACcntl","MHb5","MHb_subP","MHb_A"
"GGACGTCGTACAGACGcntl","MHb5","MHb_subP","MHb_A"
"GGCGACTCACCGAATTcntl","MHb5","MHb_subP","MHb_A"
"GGCTGGTTCCAAGCCGcntl","MHb5","MHb_subP","MHb_A"
"GGGACCTAGAATTGTGcntl","MHb5","MHb_subP","MHb_A"
"GGGCACTCAAGTTAAGcntl","MHb5","MHb_subP","MHb_A"
"GGGTCTGTCCGTTGCTcntl","MHb4","MHb_cholinergic_3","MHb_B"
"GGGTTGCCACTACAGTcntl","MHb5","MHb_subP","MHb_A"
"GTATTCTAGCGTTCCGcntl","MHb5","MHb_subP","MHb_A"
"GTCAAGTAGCGAGAAAcntl","MHb5","MHb_subP","MHb_A"
"GTCATTTCACATTTCTcntl","MHb5","MHb_subP","MHb_A"
"GTCCTCATCGTGTAGTcntl","MHb5","MHb_subP","MHb_A"
"GTCGTAAAGTACACCTcntl","MHb5","MHb_subP","MHb_A"
"GTCGTAACAAGCGTAGcntl","MHb5","MHb_subP","MHb_A"
"GTGAAGGGTTACGACTcntl","MHb5","MHb_subP","MHb_A"
"GTGCGGTCATGTCTCCcntl","MHb5","MHb_subP","MHb_A"
"GTGTGCGCATGCCACGcntl","MHb5","MHb_subP","MHb_A"
"TAAGAGAAGTGTCCCGcntl","LHb4","LHb_1_4","LHb_B"
"TAAGTGCTCTGCCAGGcntl","MHb5","MHb_subP","MHb_A"
"TACCTTACAAATTGCCcntl","MHb5","MHb_subP","MHb_A"
"TACGGGCAGCCGTCGTcntl","MHb5","MHb_subP","MHb_A"
"TAGCCGGTCCTCGCATcntl","MHb5","MHb_subP","MHb_A"
"TAGGCATCAGGTCGTCcntl","MHb5","MHb_subP","MHb_A"
"TATGCCCTCAGTTGACcntl","MHb5","MHb_subP","MHb_A"
"TCAACGAAGTCATCCAcntl","MHb5","MHb_subP","MHb_A"
"TCACAAGGTCAGAAGCcntl","MHb5","MHb_subP","MHb_A"
"TCAGCAAAGCGTTGCCcntl","Oligo2","Oligo2","Oligo2"
"TCAGCAAGTCTCACCTcntl","MHb5","MHb_subP","MHb_A"
"TCAGGTAGTCGGGTCTcntl","MHb5","MHb_subP","MHb_A"
"TCGTAGACAGCCTTGGcntl","MHb5","MHb_subP","MHb_A"
"TCTCTAAAGTGACTCTcntl","MHb5","MHb_subP","MHb_A"
"TCTGGAACACAAGTAAcntl","MHb5","MHb_subP","MHb_A"
"TCTGGAACATTACCTTcntl","MHb5","MHb_subP","MHb_A"
"TCTGGAATCGTTACGAcntl","MHb5","MHb_subP","MHb_A"
"TGAAAGACAGATAATGcntl","MHb5","MHb_subP","MHb_A"
"TGACAACAGTCCATACcntl","MHb5","MHb_subP","MHb_A"
"TGACGGCGTCCATCCTcntl","MHb5","MHb_subP","MHb_A"
"TGACTAGGTAAGTTCCcntl","LHb4","LHb_1_4","LHb_B"
"TGACTTTAGTGGTAATcntl","LHb4","LHb_1_4","LHb_B"
"TGAGGGACAATCACACcntl","MHb5","MHb_subP","MHb_A"
"TGAGGGACACAAGACGcntl","MHb5","MHb_subP","MHb_A"
"TGATTTCCAGTAGAGCcntl","LHb4","LHb_1_4","LHb_B"
"TGCCAAATCCCTAATTcntl","MHb5","MHb_subP","MHb_A"
"TGCCCTAAGAGACTTAcntl","MHb4","MHb_cholinergic_3","MHb_B"
"TGCCCTACACTTGGATcntl","MHb5","MHb_subP","MHb_A"
"TGCGCAGTCGGGAGTAcntl","MHb5","MHb_subP","MHb_A"
"TGCGTGGGTATGAAACcntl","MHb5","MHb_subP","MHb_A"
"TGCGTGGGTTTGTTGGcntl","MHb5","MHb_subP","MHb_A"
"TGCTACCAGCTTTGGTcntl","MHb5","MHb_subP","MHb_A"
"TGGCGCAAGGCCATAGcntl","LHb4","LHb_1_4","LHb_B"
"TGTGGTAAGACCGGATcntl","MHb5","MHb_subP","MHb_A"
"TGTGTTTCAATCCAACcntl","MHb5","MHb_subP","MHb_A"
"TGTGTTTCACACTGCGcntl","MHb5","MHb_subP","MHb_A"
"TTAGGCAGTGATGCCCcntl","MHb5","MHb_subP","MHb_A"
"TTAGTTCAGCCTCGTGcntl","MHb5","MHb_subP","MHb_A"
"TTATGCTAGAGATGAGcntl","MHb5","MHb_subP","MHb_A"
"TTCGGTCTCGAGAGCAcntl","MHb5","MHb_subP","MHb_A"
"TTCTCAATCTACTTACcntl","MHb5","MHb_subP","MHb_A"
"TTGACTTGTCGAGATGcntl","MHb5","MHb_subP","MHb_A"
"TTTGGTTAGCAAATCAcntl","MHb5","MHb_subP","MHb_A"
"AAACGGGGTAATTGGAcntl","Microglia","Microglia","Microglia"
"AACACGTCACTGAAGGcntl","Microglia","Microglia","Microglia"
"AACTCCCTCTCTGTCGcntl","Microglia","Microglia","Microglia"
"AAGGAGCGTATGAATGcntl","Microglia","Microglia","Microglia"
"ACATACGAGGTGACCAcntl","Microglia","Microglia","Microglia"
"ACATACGAGTAATCCCcntl","Microglia","Microglia","Microglia"
"ACATACGTCAGGTTCAcntl","Microglia","Microglia","Microglia"
"ACATACGTCTTTAGGGcntl","Microglia","Microglia","Microglia"
"ACCCACTAGCTGAAATcntl","Microglia","Microglia","Microglia"
"ACCTTTAGTGTATGGGcntl","Microglia","Microglia","Microglia"
"ACGAGGAAGTTACCCAcntl","Microglia","Microglia","Microglia"
"ACGCCAGAGACAAAGGcntl","Microglia","Microglia","Microglia"
"ACGGGTCAGGCTAGACcntl","Microglia","Microglia","Microglia"
"ACGTCAACATTTCAGGcntl","Microglia","Microglia","Microglia"
"AGAATAGGTACGAAATcntl","Microglia","Microglia","Microglia"
"AGAGCGAAGGCCCTCAcntl","Microglia","Microglia","Microglia"
"AGATCTGGTAACGTTCcntl","Microglia","Microglia","Microglia"
"AGCGGTCAGAGATGAGcntl","Microglia","Microglia","Microglia"
"AGCGGTCCAAGGGTCAcntl","Microglia","Microglia","Microglia"
"AGCTCCTCAATGAAACcntl","Microglia","Microglia","Microglia"
"AGGGAGTCAATAGAGTcntl","Microglia","Microglia","Microglia"
"AGGGAGTCAGGTTTCAcntl","Microglia","Microglia","Microglia"
"AGGGAGTTCCATGCTCcntl","Microglia","Microglia","Microglia"
"ATAAGAGAGTACGATAcntl","Microglia","Microglia","Microglia"
"ATCACGAAGCGTGAGTcntl","Microglia","Microglia","Microglia"
"ATCCACCGTCCGAACCcntl","Microglia","Microglia","Microglia"
"ATCCGAAAGTGGAGAAcntl","Microglia","Microglia","Microglia"
"ATCCGAACAATAGAGTcntl","Microglia","Microglia","Microglia"
"ATGAGGGAGCCGGTAAcntl","Microglia","Microglia","Microglia"
"ATGAGGGGTCAGATAAcntl","Microglia","Microglia","Microglia"
"ATGGGAGTCGAACTGTcntl","Microglia","Microglia","Microglia"
"ATTCTACAGAAGGACAcntl","Microglia","Microglia","Microglia"
"ATTGGTGTCGGATGTTcntl","Microglia","Microglia","Microglia"
"CACACTCAGCAAATCAcntl","Microglia","Microglia","Microglia"
"CACAGGCTCTTCTGGCcntl","Microglia","Microglia","Microglia"
"CACATAGCACGGTAGAcntl","Microglia","Microglia","Microglia"
"CAGAGAGTCGGTTAACcntl","Microglia","Microglia","Microglia"
"CAGCTAACACAACGTTcntl","Microglia","Microglia","Microglia"
"CAGTAACCAGACAAGCcntl","Microglia","Microglia","Microglia"
"CAGTAACGTTCTCATTcntl","Microglia","Microglia","Microglia"
"CATCAAGGTGGCTCCAcntl","Microglia","Microglia","Microglia"
"CATCAGACAAGCTGTTcntl","Microglia","Microglia","Microglia"
"CATCAGATCTCTAGGAcntl","Microglia","Microglia","Microglia"
"CATGACACACTTAACGcntl","Microglia","Microglia","Microglia"
"CCACGGACAAAGTCAAcntl","Microglia","Microglia","Microglia"
"CCATTCGCAAGCCGCTcntl","Microglia","Microglia","Microglia"
"CCATTCGCACTATCTTcntl","Microglia","Microglia","Microglia"
"CCCATACCAGTTCATGcntl","Microglia","Microglia","Microglia"
"CCCTCCTTCTGTCCGTcntl","Microglia","Microglia","Microglia"
"CCGGGATGTATGAATGcntl","Microglia","Microglia","Microglia"
"CCGTACTCAGGTCTCGcntl","Microglia","Microglia","Microglia"
"CCTCAGTTCAACACCAcntl","Microglia","Microglia","Microglia"
"CCTTTCTCACATCTTTcntl","Microglia","Microglia","Microglia"
"CGAACATAGCGCTCCAcntl","Microglia","Microglia","Microglia"
"CGACCTTGTTACTGACcntl","Microglia","Microglia","Microglia"
"CGAGAAGTCGGTGTCGcntl","Microglia","Microglia","Microglia"
"CGAGCCACACCCATGGcntl","Microglia","Microglia","Microglia"
"CGATCGGCAATCGGTTcntl","Microglia","Microglia","Microglia"
"CGATTGACACAACGTTcntl","Microglia","Microglia","Microglia"
"CGCGTTTTCTTACCTAcntl","Microglia","Microglia","Microglia"
"CGCTGGATCCCTTGCAcntl","Microglia","Microglia","Microglia"
"CGCTGGATCTTTACGTcntl","Microglia","Microglia","Microglia"
"CGGTTAACACTCTGTCcntl","Microglia","Microglia","Microglia"
"CGGTTAAGTGACGCCTcntl","Microglia","Microglia","Microglia"
"CGTAGGCCATCCAACAcntl","Microglia","Microglia","Microglia"
"CGTAGGCGTCTAGAGGcntl","Microglia","Microglia","Microglia"
"CGTCAGGAGACTGGGTcntl","Microglia","Microglia","Microglia"
"CGTCCATGTATTACCGcntl","Microglia","Microglia","Microglia"
"CGTGTCTAGTCATCCAcntl","Microglia","Microglia","Microglia"
"CGTGTCTTCCCTCAGTcntl","Microglia","Microglia","Microglia"
"CTAAGACCAAAGGAAGcntl","Microglia","Microglia","Microglia"
"CTACCCAAGGCATGGTcntl","Microglia","Microglia","Microglia"
"CTAGCCTGTGTGGCTCcntl","Microglia","Microglia","Microglia"
"CTCGTCAGTCCGAGTCcntl","Microglia","Microglia","Microglia"
"CTCTACGCAGGCGATAcntl","Microglia","Microglia","Microglia"
"CTCTACGTCATAGCACcntl","Microglia","Microglia","Microglia"
"CTGCCTAAGGCATGGTcntl","Microglia","Microglia","Microglia"
"CTGTTTACATTACGACcntl","Microglia","Microglia","Microglia"
"CTTAACTCAAGCTGTTcntl","Microglia","Microglia","Microglia"
"CTTAGGAGTATAATGGcntl","Microglia","Microglia","Microglia"
"GAAACTCCATCCAACAcntl","Microglia","Microglia","Microglia"
"GAACCTATCTCCCTGAcntl","Neuron","MHb_cholinergic.2","MHb_cholinergic.2"
"GAACGGATCTTTACACcntl","Microglia","Microglia","Microglia"
"GAATGAAAGGCCGAATcntl","Microglia","Microglia","Microglia"
"GACGCGTAGGACTGGTcntl","Microglia","Microglia","Microglia"
"GACGCGTTCTCTTGATcntl","Microglia","Microglia","Microglia"
"GACGTGCAGCTTATCGcntl","Microglia","Microglia","Microglia"
"GACGTTAGTCGGCATCcntl","Microglia","Microglia","Microglia"
"GACTGCGGTTAGAACAcntl","Microglia","Microglia","Microglia"
"GATCTAGAGCGTCAAGcntl","Microglia","Microglia","Microglia"
"GATCTAGTCCTTCAATcntl","Microglia","Microglia","Microglia"
"GATTCAGAGCTCCTCTcntl","Microglia","Microglia","Microglia"
"GCAATCACAGACAAGCcntl","Microglia","Microglia","Microglia"
"GCATACACAGGCGATAcntl","Microglia","Microglia","Microglia"
"GCATGCGCAGGCAGTAcntl","Microglia","Microglia","Microglia"
"GCGACCATCCGCGCAAcntl","Microglia","Microglia","Microglia"
"GCGGGTTTCGTGGTCGcntl","Microglia","Microglia","Microglia"
"GCTCCTATCAATCTCTcntl","Microglia","Microglia","Microglia"
"GCTGCAGAGCGATGACcntl","Microglia","Microglia","Microglia"
"GCTGGGTAGTGTTGAAcntl","Microglia","Microglia","Microglia"
"GCTTCCAGTGGACGATcntl","Microglia","Microglia","Microglia"
"GGAAAGCGTCTCTTTAcntl","Microglia","Microglia","Microglia"
"GGACATTTCCAGATCAcntl","Microglia","Microglia","Microglia"
"GGATGTTGTTGATTCGcntl","Microglia","Microglia","Microglia"
"GGCGACTAGGTGATTAcntl","Microglia","Microglia","Microglia"
"GGCTCGACATGTCCTCcntl","Microglia","Microglia","Microglia"
"GGCTGGTCAATCAGAAcntl","Microglia","Microglia","Microglia"
"GGCTGGTCATGCCTTCcntl","Microglia","Microglia","Microglia"
"GGGTTGCAGCCAGAACcntl","Microglia","Microglia","Microglia"
"GGTGCGTTCCCTCTTTcntl","Microglia","Microglia","Microglia"
"GTAACGTAGAGCAATTcntl","Microglia","Microglia","Microglia"
"GTAACGTTCCACGTGGcntl","Microglia","Microglia","Microglia"
"GTCGGGTAGGGATGGGcntl","Microglia","Microglia","Microglia"
"GTGAAGGTCAGTTGACcntl","Microglia","Microglia","Microglia"
"GTGCTTCCACTGTGTAcntl","Microglia","Microglia","Microglia"
"GTGGGTCAGGCGCTCTcntl","Microglia","Microglia","Microglia"
"GTGGGTCGTTCGAATCcntl","Microglia","Microglia","Microglia"
"GTTAAGCAGGAGTTGCcntl","Microglia","Microglia","Microglia"
"GTTCTCGTCAAACGGGcntl","Microglia","Microglia","Microglia"
"GTTTCTATCGCCCTTAcntl","Microglia","Microglia","Microglia"
"TAAACCGAGAGGTAGAcntl","Microglia","Microglia","Microglia"
"TACCTTATCTGTCCGTcntl","Microglia","Microglia","Microglia"
"TACGGTACAGTACACTcntl","Microglia","Microglia","Microglia"
"TACTCATGTCTAGCGCcntl","Microglia","Microglia","Microglia"
"TACTCGCGTATTACCGcntl","Microglia","Microglia","Microglia"
"TAGACCAAGACAGACCcntl","Microglia","Microglia","Microglia"
"TAGGCATGTACACCGCcntl","Microglia","Microglia","Microglia"
"TCACGAATCTACTTACcntl","Microglia","Microglia","Microglia"
"TCAGATGCACCGAATTcntl","Microglia","Microglia","Microglia"
"TCAGCAAGTCCCTTGTcntl","Microglia","Microglia","Microglia"
"TCAGCTCTCAGGTAAAcntl","Microglia","Microglia","Microglia"
"TCCCGATTCGGATGTTcntl","Microglia","Microglia","Microglia"
"TCGAGGCAGAGCTGGTcntl","Microglia","Microglia","Microglia"
"TCGAGGCCATTCGACAcntl","Microglia","Microglia","Microglia"
"TCGGGACGTGGACGATcntl","Microglia","Microglia","Microglia"
"TCTCATACACTGCCAGcntl","Microglia","Microglia","Microglia"
"TCTCATAGTACGCTGCcntl","Microglia","Microglia","Microglia"
"TCTCTAACATCACCCTcntl","Microglia","Microglia","Microglia"
"TGACTTTTCTTCGGTCcntl","Microglia","Microglia","Microglia"
"TGAGAGGGTACAGACGcntl","Microglia","Microglia","Microglia"
"TGAGCATGTGAGGCTAcntl","Microglia","Microglia","Microglia"
"TGAGGGACACTTGGATcntl","Microglia","Microglia","Microglia"
"TGCCCTAGTTTAGCTGcntl","Microglia","Microglia","Microglia"
"TTAGGCAGTGGTGTAGcntl","Microglia","Microglia","Microglia"
"TTATGCTCATTCGACAcntl","Microglia","Microglia","Microglia"
"TTATGCTTCTAACCGAcntl","Microglia","Microglia","Microglia"
"TTCTCAACAGCCACCAcntl","Microglia","Microglia","Microglia"
"TTCTTAGAGTCCGTATcntl","Microglia","Microglia","Microglia"
"TTGAACGTCCTGCAGGcntl","Microglia","Microglia","Microglia"
"TTGGCAAAGACTTTCGcntl","Microglia","Microglia","Microglia"
"TTTACTGAGTTCGCGCcntl","Microglia","Microglia","Microglia"
"TTTACTGCAGTTCCCTcntl","Microglia","Microglia","Microglia"
"TTTCCTCGTTTGACTGcntl","Microglia","Microglia","Microglia"
"TTTGTCATCCAAACACcntl","Microglia","Microglia","Microglia"
"AAAGATGGTCGATTGTcntl","MHb6","MHb_cholinergic_4","MHb_B"
"AAAGTAGCATGCATGTcntl","MHb6","MHb_cholinergic_4","MHb_B"
"AACGTTGAGTTGCAGGcntl","MHb6","MHb_cholinergic_4","MHb_B"
"AAGGAGCCACGCATCGcntl","MHb6","MHb_cholinergic_4","MHb_B"
"AAGGTTCGTGCACGAAcntl","MHb6","MHb_cholinergic_4","MHb_B"
"AATCCAGTCACAGGCCcntl","MHb6","MHb_cholinergic_4","MHb_B"
"ACACCAAGTAGCTGCCcntl","MHb4","MHb_cholinergic_3","MHb_B"
"ACACCGGCAGCTTAACcntl","MHb6","MHb_cholinergic_4","MHb_B"
"ACCCACTAGCGAAGGGcntl","MHb6","MHb_cholinergic_4","MHb_B"
"ACGATGTCAATTCCTTcntl","MHb4","MHb_cholinergic_3","MHb_B"
"ACTGAGTGTTGCTCCTcntl","MHb6","MHb_cholinergic_4","MHb_B"
"ACTGATGAGACACTAAcntl","MHb6","MHb_cholinergic_4","MHb_B"
"ACTTTCATCCAAACTGcntl","MHb6","MHb_cholinergic_4","MHb_B"
"AGACGTTCAAACGCGAcntl","MHb6","MHb_cholinergic_4","MHb_B"
"AGAGCGACAGATGGGTcntl","MHb6","MHb_cholinergic_4","MHb_B"
"AGAGCGATCAACGAAAcntl","MHb6","MHb_cholinergic_4","MHb_B"
"AGCGTCGCAGGACGTAcntl","MHb6","MHb_cholinergic_4","MHb_B"
"AGGCCACTCAAACGGGcntl","MHb6","MHb_cholinergic_4","MHb_B"
"AGTGGGAGTAGCGCAAcntl","MHb6","MHb_cholinergic_4","MHb_B"
"AGTGTCACACTTCTGCcntl","MHb6","MHb_cholinergic_4","MHb_B"
"ATGGGAGCACATTAGCcntl","MHb6","MHb_cholinergic_4","MHb_B"
"CAACCTCCAAACCTACcntl","MHb6","MHb_cholinergic_4","MHb_B"
"CACAGTATCACTTATCcntl","MHb6","MHb_cholinergic_4","MHb_B"
"CACATAGAGTTAGGTAcntl","MHb6","MHb_cholinergic_4","MHb_B"
"CACATAGTCCAGTAGTcntl","MHb6","MHb_cholinergic_4","MHb_B"
"CACCAGGAGATGCGACcntl","MHb6","MHb_cholinergic_4","MHb_B"
"CACCTTGGTGGTTTCAcntl","MHb6","MHb_cholinergic_4","MHb_B"
"CAGCAGCAGAAACCTAcntl","MHb6","MHb_cholinergic_4","MHb_B"
"CAGGTGCAGGACCACAcntl","MHb6","MHb_cholinergic_4","MHb_B"
"CATATTCTCCGTACAAcntl","Neuron","MHb_cholinergic.2","MHb_cholinergic.2"
"CATATTCTCCTATGTTcntl","MHb6","MHb_cholinergic_4","MHb_B"
"CATCGAACAGTCAGAGcntl","MHb6","MHb_cholinergic_4","MHb_B"
"CATCGGGTCACTGGGCcntl","MHb6","MHb_cholinergic_4","MHb_B"
"CATGCCTCATTAGCCAcntl","MHb6","MHb_cholinergic_4","MHb_B"
"CCACCTACATATGAGAcntl","MHb6","MHb_cholinergic_4","MHb_B"
"CCACTACAGTACCGGAcntl","MHb6","MHb_cholinergic_4","MHb_B"
"CCCAATCCAGGCTCACcntl","MHb6","MHb_cholinergic_4","MHb_B"
"CCCAGTTCATCCGTGGcntl","MHb2","MHb_cholinergic_1","MHb_B"
"CCCAGTTCATGGTTGTcntl","MHb2","MHb_cholinergic_1","MHb_B"
"CCCTCCTTCTTATCTGcntl","MHb6","MHb_cholinergic_4","MHb_B"
"CCGGGATCACCACCAGcntl","MHb6","MHb_cholinergic_4","MHb_B"
"CCGGGATCATACGCCGcntl","MHb6","MHb_cholinergic_4","MHb_B"
"CCGTACTCAGGTGGATcntl","MHb6","MHb_cholinergic_4","MHb_B"
"CCTCAGTTCCAGGGCTcntl","MHb6","MHb_cholinergic_4","MHb_B"
"CCTTACGCAGCTGTTAcntl","MHb4","MHb_cholinergic_3","MHb_B"
"CCTTCGATCACCCTCAcntl","MHb6","MHb_cholinergic_4","MHb_B"
"CGAACATGTTCCACAAcntl","MHb6","MHb_cholinergic_4","MHb_B"
"CGACTTCGTGATGCCCcntl","MHb6","MHb_cholinergic_4","MHb_B"
"CGGAGTCGTAACGACGcntl","MHb6","MHb_cholinergic_4","MHb_B"
"CGGAGTCTCTTGCCGTcntl","MHb6","MHb_cholinergic_4","MHb_B"
"CGTGTAACATGTCGATcntl","MHb6","MHb_cholinergic_4","MHb_B"
"CTAAGACCATTACGACcntl","MHb6","MHb_cholinergic_4","MHb_B"
"CTAATGGCAAATTGCCcntl","MHb6","MHb_cholinergic_4","MHb_B"
"CTACATTTCATCGCTCcntl","MHb6","MHb_cholinergic_4","MHb_B"
"CTAGCCTTCACTGGGCcntl","MHb6","MHb_cholinergic_4","MHb_B"
"CTCATTATCAGTTCGAcntl","MHb6","MHb_cholinergic_4","MHb_B"
"CTCCTAGAGCGGCTTCcntl","MHb6","MHb_cholinergic_4","MHb_B"
"CTCGAAAGTCCAGTTAcntl","MHb6","MHb_cholinergic_4","MHb_B"
"CTCGGGAGTCCAGTATcntl","MHb6","MHb_cholinergic_4","MHb_B"
"CTCTGGTAGCTTTGGTcntl","MHb6","MHb_cholinergic_4","MHb_B"
"CTCTGGTCATCCGCGAcntl","MHb6","MHb_cholinergic_4","MHb_B"
"CTGAAACCATTGTGCAcntl","MHb6","MHb_cholinergic_4","MHb_B"
"CTGAAGTTCACCTCGTcntl","MHb6","MHb_cholinergic_4","MHb_B"
"CTGATCCCACAAGCCCcntl","MHb6","MHb_cholinergic_4","MHb_B"
"CTGTGCTGTCCAAGTTcntl","MHb6","MHb_cholinergic_4","MHb_B"
"CTTCTCTGTCTTGCGGcntl","MHb6","MHb_cholinergic_4","MHb_B"
"CTTTGCGTCGTCCAGGcntl","MHb6","MHb_cholinergic_4","MHb_B"
"GAACATCCAGCCTTGGcntl","MHb6","MHb_cholinergic_4","MHb_B"
"GAATGAAGTGAGTATAcntl","MHb6","MHb_cholinergic_4","MHb_B"
"GACACGCTCGACGGAAcntl","MHb6","MHb_cholinergic_4","MHb_B"
"GACAGAGGTGCAGTAGcntl","MHb6","MHb_cholinergic_4","MHb_B"
"GACTGCGAGGGCTTCCcntl","MHb6","MHb_cholinergic_4","MHb_B"
"GACTGCGCACGCTTTCcntl","MHb6","MHb_cholinergic_4","MHb_B"
"GAGCAGATCCTCAATTcntl","MHb6","MHb_cholinergic_4","MHb_B"
"GAGTCCGCAAGGTTCTcntl","MHb6","MHb_cholinergic_4","MHb_B"
"GATCAGTCAACGATCTcntl","MHb6","MHb_cholinergic_4","MHb_B"
"GATCGCGAGCGCCTTGcntl","MHb6","MHb_cholinergic_4","MHb_B"
"GATCGTATCGTCGTTCcntl","MHb6","MHb_cholinergic_4","MHb_B"
"GCACATACAAACCTACcntl","MHb6","MHb_cholinergic_4","MHb_B"
"GCACATATCGGTTCGGcntl","MHb6","MHb_cholinergic_4","MHb_B"
"GCAGCCATCCTTCAATcntl","MHb6","MHb_cholinergic_4","MHb_B"
"GCAGTTAAGATACACAcntl","MHb6","MHb_cholinergic_4","MHb_B"
"GCGAGAAGTTGGGACAcntl","MHb6","MHb_cholinergic_4","MHb_B"
"GCTCTGTTCCCACTTGcntl","MHb6","MHb_cholinergic_4","MHb_B"
"GCTGCTTCAAGCGATGcntl","MHb6","MHb_cholinergic_4","MHb_B"
"GGAACTTAGAGCCTAGcntl","MHb6","MHb_cholinergic_4","MHb_B"
"GGCGTGTGTCTCCCTAcntl","MHb6","MHb_cholinergic_4","MHb_B"
"GGGATGACACGTTGGCcntl","MHb6","MHb_cholinergic_4","MHb_B"
"GTAACTGCAAAGGCGTcntl","MHb2","MHb_cholinergic_1","MHb_B"
"GTAGGCCAGAAACCATcntl","MHb6","MHb_cholinergic_4","MHb_B"
"GTATCTTGTTATGCGTcntl","MHb6","MHb_cholinergic_4","MHb_B"
"GTCCTCAGTCGCCATGcntl","MHb6","MHb_cholinergic_4","MHb_B"
"GTGAAGGTCTGTCTATcntl","MHb6","MHb_cholinergic_4","MHb_B"
"GTGCGGTTCTCCCTGAcntl","MHb6","MHb_cholinergic_4","MHb_B"
"GTGTTAGAGCACGCCTcntl","MHb6","MHb_cholinergic_4","MHb_B"
"GTTACAGTCTGTCCGTcntl","MHb6","MHb_cholinergic_4","MHb_B"
"GTTCATTCAATCTGCAcntl","MHb6","MHb_cholinergic_4","MHb_B"
"TAGCCGGGTTCCGTCTcntl","MHb6","MHb_cholinergic_4","MHb_B"
"TAGGCATAGCTGTTCAcntl","LHb5","LHb_2","LHb_A"
"TAGTTGGAGTGTCCATcntl","MHb6","MHb_cholinergic_4","MHb_B"
"TAGTTGGCATGCAACTcntl","MHb6","MHb_cholinergic_4","MHb_B"
"TATTACCTCCTCCTAGcntl","MHb6","MHb_cholinergic_4","MHb_B"
"TCAATCTAGTACGTTCcntl","MHb6","MHb_cholinergic_4","MHb_B"
"TCAGCAATCAGCTTAGcntl","MHb6","MHb_cholinergic_4","MHb_B"
"TCATTACAGGTTACCTcntl","MHb6","MHb_cholinergic_4","MHb_B"
"TCATTTGCAGAAGCACcntl","MHb6","MHb_cholinergic_4","MHb_B"
"TCCACACAGGTGCTTTcntl","LHb4","LHb_1_4","LHb_B"
"TCCACACGTTCCACAAcntl","MHb6","MHb_cholinergic_4","MHb_B"
"TCCCGATGTCTAGTCAcntl","MHb6","MHb_cholinergic_4","MHb_B"
"TCGCGAGAGAAGCCCAcntl","MHb6","MHb_cholinergic_4","MHb_B"
"TCGTAGACAATAGAGTcntl","MHb6","MHb_cholinergic_4","MHb_B"
"TCTCATACATCACGATcntl","MHb6","MHb_cholinergic_4","MHb_B"
"TCTGAGATCGGCGCATcntl","MHb6","MHb_cholinergic_4","MHb_B"
"TCTGGAAGTATTCTCTcntl","MHb6","MHb_cholinergic_4","MHb_B"
"TCTTCGGCAGGTTTCAcntl","MHb6","MHb_cholinergic_4","MHb_B"
"TGACAACAGTACGACGcntl","MHb6","MHb_cholinergic_4","MHb_B"
"TGACAACTCTCTGCTGcntl","MHb6","MHb_cholinergic_4","MHb_B"
"TGACGGCGTCGAATCTcntl","MHb6","MHb_cholinergic_4","MHb_B"
"TGACTTTCAGTCAGCCcntl","MHb6","MHb_cholinergic_4","MHb_B"
"TGAGAGGCATTGCGGCcntl","MHb2","MHb_cholinergic_1","MHb_B"
"TGAGCCGAGCCAGTAGcntl","MHb6","MHb_cholinergic_4","MHb_B"
"TGAGCCGCATCCCACTcntl","MHb6","MHb_cholinergic_4","MHb_B"
"TGAGGGAGTGCCTGTGcntl","MHb6","MHb_cholinergic_4","MHb_B"
"TGCCAAATCTTACCGCcntl","MHb6","MHb_cholinergic_4","MHb_B"
"TGCGGGTCAACTGCTAcntl","MHb6","MHb_cholinergic_4","MHb_B"
"TGCGGGTTCGCGTTTCcntl","MHb6","MHb_cholinergic_4","MHb_B"
"TGTATTCCACCTTGTCcntl","MHb6","MHb_cholinergic_4","MHb_B"
"TGTCCCAAGTGGACGTcntl","MHb6","MHb_cholinergic_4","MHb_B"
"TGTCCCATCACCCTCAcntl","MHb6","MHb_cholinergic_4","MHb_B"
"TGTGTTTTCCCTTGCAcntl","MHb6","MHb_cholinergic_4","MHb_B"
"TTATGCTAGAGACTATcntl","MHb6","MHb_cholinergic_4","MHb_B"
"TTCGAAGAGAAGGCCTcntl","MHb6","MHb_cholinergic_4","MHb_B"
"TTCGAAGTCCCTCAGTcntl","MHb6","MHb_cholinergic_4","MHb_B"
"TTCTCAAAGCTACCTAcntl","MHb6","MHb_cholinergic_4","MHb_B"
"TTCTCAACAATAGCAAcntl","MHb6","MHb_cholinergic_4","MHb_B"
"TTGGCAAAGTAAGTACcntl","MHb6","MHb_cholinergic_4","MHb_B"
"TTGTAGGAGTTAACGAcntl","MHb1","MHb_subP_cholinergic","MHb_subP_cholinergic"
"TTTCCTCCATCTCGCTcntl","MHb6","MHb_cholinergic_4","MHb_B"
"TTTCCTCCATTAACCGcntl","MHb6","MHb_cholinergic_4","MHb_B"
"TTTGCGCTCTACTATCcntl","MHb6","MHb_cholinergic_4","MHb_B"
"AAAGATGAGTCGAGTGcntl","Neuron","Neuron","Neuron"
"AAAGTAGGTATAGTAGcntl","Neuron","Neuron","Neuron"
"AACCATGCAGCATGAGcntl","Neuron","Neuron","Neuron"
"AACCATGTCGGAAACGcntl","Neuron","Neuron","Neuron"
"AACTCAGCACTACAGTcntl","Neuron","Neuron","Neuron"
"AAGGAGCCAGCTGTTAcntl","Neuron","Neuron","Neuron"
"ACACCCTTCACTTCATcntl","Neuron","Neuron","Neuron"
"ACAGCTAAGAACTCGGcntl","Neuron","Neuron","Neuron"
"ACAGCTAGTAGTAGTAcntl","Neuron","Neuron","Neuron"
"ACCAGTACAGGACGTAcntl","Neuron","Neuron","Neuron"
"ACCCACTAGATGTCGGcntl","Neuron","Neuron","Neuron"
"ACCCACTCATACAGCTcntl","Neuron","Neuron","Neuron"
"ACCTTTACAGGGTTAGcntl","Neuron","Neuron","Neuron"
"ACGAGGAGTTCTCATTcntl","Neuron","Neuron","Neuron"
"ACTGAACAGGCCCTCAcntl","Neuron","Neuron","Neuron"
"ACTGAGTGTGGCGAATcntl","Neuron","Neuron","Neuron"
"ACTTACTGTAAGAGGAcntl","Neuron","Neuron","Neuron"
"ACTTTCACAGTACACTcntl","Neuron","Neuron","Neuron"
"AGAGTGGTCCCAACGGcntl","Neuron","Neuron","Neuron"
"AGATCTGAGCGAAGGGcntl","Neuron","Neuron","Neuron"
"AGCGGTCAGCCGGTAAcntl","Neuron","Neuron","Neuron"
"AGCGTATTCACTTACTcntl","Neuron","Neuron","Neuron"
"AGCGTATTCTTGCAAGcntl","Neuron","Neuron","Neuron"
"AGGCCGTGTTCCGGCAcntl","Neuron","Neuron","Neuron"
"AGGGATGCAAGGTTTCcntl","Neuron","Neuron","Neuron"
"AGGGTGACAGACAAATcntl","Neuron","Neuron","Neuron"
"AGTAGTCCAGCCTTTCcntl","Neuron","Neuron","Neuron"
"AGTGTCAAGACAGAGAcntl","Neuron","Neuron","Neuron"
"ATCATCTCATTCTTACcntl","Neuron","Neuron","Neuron"
"ATCGAGTAGTAGGTGCcntl","Neuron","Neuron","Neuron"
"ATTATCCTCGCCTGAGcntl","Neuron","Neuron","Neuron"
"ATTGGTGAGCTTATCGcntl","Neuron","Neuron","Neuron"
"ATTTCTGAGTGACATAcntl","Neuron","Neuron","Neuron"
"CACACCTAGAGCTATAcntl","Neuron","Neuron","Neuron"
"CACATTTAGTGTACCTcntl","Neuron","Neuron","Neuron"
"CACCTTGCAAACGCGAcntl","Neuron","Neuron","Neuron"
"CAGCCGAGTGCAACGAcntl","Neuron","Neuron","Neuron"
"CATCCACAGTTCCACAcntl","Neuron","Neuron","Neuron"
"CATGGCGCAAGCTGTTcntl","Neuron","Neuron","Neuron"
"CCACCTACAGTCGTGCcntl","Neuron","Neuron","Neuron"
"CCCAATCAGACCACGAcntl","Neuron","Neuron","Neuron"
"CCCATACGTCTAGCCGcntl","Neuron","Neuron","Neuron"
"CCGTGGAAGCAGCCTCcntl","Neuron","Neuron","Neuron"
"CCTCTGAAGACGCAACcntl","Neuron","Neuron","Neuron"
"CCTCTGACAGGAACGTcntl","Neuron","Neuron","Neuron"
"CGACTTCTCAGAGGTGcntl","Neuron","Neuron","Neuron"
"CGAGAAGGTGCTAGCCcntl","Neuron","Neuron","Neuron"
"CGAGCACAGTGTACGGcntl","Neuron","Neuron","Neuron"
"CGATGTAGTCTCTTATcntl","Neuron","Neuron","Neuron"
"CGCCAAGCAGTTAACCcntl","Neuron","Neuron","Neuron"
"CGGACTGGTCAAAGATcntl","Neuron","Neuron","Neuron"
"CGGGTCAGTTTGACACcntl","Neuron","Neuron","Neuron"
"CGTCTACGTCGCATCGcntl","Neuron","Neuron","Neuron"
"CGTTCTGCAGCTCGACcntl","Neuron","Neuron","Neuron"
"CTAACTTTCGATAGAAcntl","Neuron","Neuron","Neuron"
"CTACATTCACGCATCGcntl","Neuron","Neuron","Neuron"
"CTACGTCAGCGTCTATcntl","Neuron","Neuron","Neuron"
"CTCCTAGTCACGACTAcntl","Neuron","Neuron","Neuron"
"CTCGAAACAAGGCTCCcntl","Neuron","Neuron","Neuron"
"CTCGAGGAGCCAGTTTcntl","Neuron","Neuron","Neuron"
"CTCGTACAGATCCCGCcntl","Neuron","LHb_2","LHb_A"
"CTCGTACAGTTCCACAcntl","Neuron","Neuron","Neuron"
"CTCTACGTCCTGCAGGcntl","Neuron","Neuron","Neuron"
"CTGCTGTAGAGGTTATcntl","Neuron","Neuron","Neuron"
"CTGCTGTTCAAACCGTcntl","Neuron","Neuron","Neuron"
"CTGGTCTCACCGGAAAcntl","Neuron","Neuron","Neuron"
"CTTGGCTGTAGGGACTcntl","Neuron","Neuron","Neuron"
"GAAATGATCAACGGGAcntl","Neuron","Neuron","Neuron"
"GAACATCTCGTTGCCTcntl","Neuron","Neuron","Neuron"
"GACCAATAGAGTAATCcntl","Neuron","Neuron","Neuron"
"GACCTGGGTTTGTGTGcntl","Neuron","Neuron","Neuron"
"GACTACACAATGGAGCcntl","Neuron","Neuron","Neuron"
"GACTGCGTCACCCGAGcntl","Neuron","Neuron","Neuron"
"GAGCAGACAATGCCATcntl","Neuron","Neuron","Neuron"
"GATCTAGAGCGCCTCAcntl","Neuron","Neuron","Neuron"
"GCAAACTTCGTGGACCcntl","Neuron","Neuron","Neuron"
"GCAGCCAAGACGCTTTcntl","Neuron","Neuron","Neuron"
"GCGGGTTGTCGCTTCTcntl","Neuron","Neuron","Neuron"
"GGAAAGCTCAGCATGTcntl","Neuron","Neuron","Neuron"
"GGAACTTAGTGTACTCcntl","Neuron","Neuron","Neuron"
"GGATGTTCACCATGTAcntl","Neuron","Neuron","Neuron"
"GGCGTGTGTCTCCATCcntl","Neuron","Neuron","Neuron"
"GGGACCTCACATCCAAcntl","LHb2","LHb_1_2","LHb_B"
"GGGACCTCAGCCTTGGcntl","Neuron","Neuron","Neuron"
"GGGACCTGTCTAACGTcntl","Neuron","Neuron","Neuron"
"GGGCATCCAAGCTGTTcntl","Neuron","Neuron","Neuron"
"GGGTTGCCAGCCTGTGcntl","Neuron","Neuron","Neuron"
"GGTATTGTCAGCTTAGcntl","Neuron","Neuron","Neuron"
"GGTGCGTGTATAGGGCcntl","Neuron","Neuron","Neuron"
"GTAACGTCAAGCGATGcntl","Neuron","Neuron","Neuron"
"GTAACTGCAAGCTGGAcntl","Neuron","Neuron","Neuron"
"GTACTCCGTATAGTAGcntl","Neuron","Neuron","Neuron"
"GTATCTTCAGCATGAGcntl","Neuron","Neuron","Neuron"
"GTCAAGTGTTGGTAAAcntl","Neuron","Neuron","Neuron"
"GTCATTTAGGGATGGGcntl","Neuron","Neuron","Neuron"
"GTCTTCGGTAAACCTCcntl","Neuron","Neuron","Neuron"
"GTCTTCGGTACCGCTGcntl","Neuron","Neuron","Neuron"
"GTGCAGCGTCTTGTCCcntl","Neuron","Neuron","Neuron"
"GTGCTTCTCAATCACGcntl","Neuron","Neuron","Neuron"
"GTGGGTCGTGGGTCAAcntl","Neuron","Neuron","Neuron"
"GTGTTAGCACTCAGGCcntl","Neuron","Neuron","Neuron"
"GTTAAGCTCGTTTGCCcntl","Neuron","Neuron","Neuron"
"GTTTCTATCCTTGCCAcntl","Neuron","Neuron","Neuron"
"TAAACCGAGCAACGGTcntl","Neuron","Neuron","Neuron"
"TAAGCGTCAATGGACGcntl","Neuron","Neuron","Neuron"
"TAAGCGTCAGATCGGAcntl","Neuron","Neuron","Neuron"
"TACTTACCAATCAGAAcntl","Neuron","Neuron","Neuron"
"TATCAGGGTATCGCATcntl","Neuron","Neuron","Neuron"
"TATCTCATCCCATTTAcntl","Neuron","Neuron","Neuron"
"TATTACCCACAGAGGTcntl","Neuron","Neuron","Neuron"
"TCACGAAAGCAGGTCAcntl","Neuron","Neuron","Neuron"
"TCAGCTCGTACTTCTTcntl","Neuron","Neuron","Neuron"
"TCAGGATCAGTAACGGcntl","Neuron","Neuron","Neuron"
"TCAGGATCATCTGGTAcntl","Neuron","Neuron","Neuron"
"TCAGGTAAGAGCTGCAcntl","Neuron","Neuron","Neuron"
"TCATTTGAGGAGCGTTcntl","Neuron","Neuron","Neuron"
"TCCCGATTCCACGTGGcntl","Neuron","Neuron","Neuron"
"TCGTACCTCCGCGGTAcntl","Neuron","Neuron","Neuron"
"TCTGGAAAGTAGCCGAcntl","Neuron","Neuron","Neuron"
"TCTTCGGCATACTACGcntl","Neuron","Neuron","Neuron"
"TCTTCGGTCACTTACTcntl","Neuron","Neuron","Neuron"
"TGAAAGATCGAATGCTcntl","Neuron","Neuron","Neuron"
"TGACTAGGTAGTAGTAcntl","Neuron","Neuron","Neuron"
"TGACTTTTCAATACCGcntl","Neuron","Neuron","Neuron"
"TGAGAGGCAACACCTAcntl","Neuron","Neuron","Neuron"
"TGCACCTCATGGGACAcntl","Neuron","Neuron","Neuron"
"TGCACCTGTGATGCCCcntl","Neuron","Neuron","Neuron"
"TGGCCAGTCTCTGCTGcntl","Neuron","Neuron","Neuron"
"TGGCCAGTCTTGAGACcntl","Neuron","Neuron","Neuron"
"TGGGCGTTCACGGTTAcntl","Neuron","Neuron","Neuron"
"TGGTTCCCACACCGCAcntl","Neuron","Neuron","Neuron"
"TGTATTCAGCGTCTATcntl","Neuron","Neuron","Neuron"
"TGTATTCGTACAAGTAcntl","Neuron","Neuron","Neuron"
"TGTGGTATCTCTGTCGcntl","Neuron","Neuron","Neuron"
"TTAACTCGTCCGAAGAcntl","Neuron","Neuron","Neuron"
"TTAGGACAGAGACTTAcntl","Neuron","Neuron","Neuron"
"TTCGAAGGTCGAACAGcntl","Neuron","Neuron","Neuron"
"TTCTCCTGTCAAGCGAcntl","LHb3","LHb_1_3","LHb_C"
"TTGACTTCAGTTCCCTcntl","Neuron","Neuron","Neuron"
"TTGACTTCATTCGACAcntl","Neuron","Neuron","Neuron"
"TTTGCGCGTCCTAGCGcntl","Neuron","Neuron","Neuron"
"TTTGTCAGTCATACTGcntl","Neuron","Neuron","Neuron"
"AAAGATGAGGCCATAGcntl","Oligo3","Oligo3","Oligo3"
"AAAGATGTCCGATATGcntl","Oligo1","Oligo1","Oligo1"
"AACGTTGCATGTCGATcntl","Oligo3","Oligo3","Oligo3"
"AACTGGTCACAGATTCcntl","Oligo1","Oligo1","Oligo1"
"AAGGAGCGTGACTCATcntl","Oligo1","Oligo1","Oligo1"
"ACACCAAAGACCTTTGcntl","LHb3","LHb_1_3","LHb_C"
"ACACCAACACTGCCAGcntl","Oligo3","Oligo3","Oligo3"
"ACATCAGGTTACCGATcntl","Oligo3","Oligo3","Oligo3"
"ACCCACTAGCTTATCGcntl","Oligo3","Oligo3","Oligo3"
"ACCGTAATCCGATATGcntl","Oligo3","Oligo3","Oligo3"
"ACGAGGAGTATAGGTAcntl","Oligo3","Oligo3","Oligo3"
"ACGATACCACGAGGTAcntl","Oligo3","Oligo3","Oligo3"
"ACGCCAGTCAACGGGAcntl","LHb1","LHb_1_1","LHb_C"
"ACGGCCAGTTCTGAACcntl","Oligo3","Oligo3","Oligo3"
"ACGGGCTCAGTGACAGcntl","Oligo1","Oligo1","Oligo1"
"ACTGTCCAGAAGGACAcntl","Oligo3","Oligo3","Oligo3"
"AGCTTGACACAACGTTcntl","Oligo1","Oligo1","Oligo1"
"ATAGACCGTAAAGGAGcntl","Oligo3","Oligo3","Oligo3"
"ATCATGGCACTATCTTcntl","LHb1","LHb_1_1","LHb_C"
"ATCCACCAGCGTGAACcntl","Oligo3","Oligo3","Oligo3"
"ATCCACCTCGACCAGCcntl","Oligo3","Oligo3","Oligo3"
"ATTATCCTCATGTCCCcntl","Oligo3","Oligo3","Oligo3"
"ATTGGACGTACCTACAcntl","Oligo1","Oligo1","Oligo1"
"CAACCTCAGATAGGAGcntl","Oligo3","Oligo3","Oligo3"
"CACAAACGTGCTCTTCcntl","Oligo1","Oligo1","Oligo1"
"CACATAGCAAGGACACcntl","Oligo1","Oligo1","Oligo1"
"CACCACTCACCGGAAAcntl","MHb2","MHb_cholinergic_1","MHb_B"
"CAGCATACAGCCTGTGcntl","Oligo3","Oligo3","Oligo3"
"CAGCGACCACAGTCGCcntl","Oligo3","Oligo3","Oligo3"
"CATATGGTCAGGCAAGcntl","Oligo3","Oligo3","Oligo3"
"CATCCACAGATATGCAcntl","Oligo1","Oligo1","Oligo1"
"CATCGAAGTGTGTGCCcntl","Oligo3","Oligo3","Oligo3"
"CCACTACCAAACAACAcntl","MHb1","MHb_subP_cholinergic","MHb_subP_cholinergic"
"CCCAGTTTCATGTAGCcntl","Oligo3","Oligo3","Oligo3"
"CCGGGATTCCTAAGTGcntl","Oligo3","Oligo3","Oligo3"
"CCTAAAGAGCGCCTCAcntl","Oligo3","Oligo3","Oligo3"
"CCTCAGTTCACCGGGTcntl","Oligo1","Oligo1","Oligo1"
"CCTCTGAAGTAGTGCGcntl","Oligo3","Oligo3","Oligo3"
"CCTTACGCATAGAAACcntl","Oligo3","Oligo3","Oligo3"
"CCTTCCCAGTGATCGGcntl","Oligo3","Oligo3","Oligo3"
"CGACTTCGTATGAAACcntl","Oligo1","Oligo1","Oligo1"
"CGGCTAGTCACGCGGTcntl","LHb5","LHb_2","LHb_A"
"CGTGTAACAGCCTATAcntl","Oligo3","Oligo3","Oligo3"
"CTCGGGAAGACTTGAAcntl","Oligo3","Oligo3","Oligo3"
"CTCTGGTTCAACACCAcntl","Oligo1","Oligo1","Oligo1"
"CTGCGGAGTCCTCTTGcntl","Oligo1","Oligo1","Oligo1"
"CTGGTCTGTCATATGCcntl","Oligo3","Oligo3","Oligo3"
"GAAACTCAGAGGGATAcntl","Oligo3","Oligo3","Oligo3"
"GAATAAGTCACAGTACcntl","Oligo3","Oligo3","Oligo3"
"GACCTGGTCGGGAGTAcntl","Oligo3","Oligo3","Oligo3"
"GATCGTACAATGGATAcntl","Oligo1","Oligo1","Oligo1"
"GATCGTATCCTAGAACcntl","Oligo3","Oligo3","Oligo3"
"GATTCAGGTTGCTCCTcntl","Oligo3","Oligo3","Oligo3"
"GCAGCCAGTCTTCGTCcntl","Oligo1","Oligo1","Oligo1"
"GCATGCGAGATGCCTTcntl","Oligo1","Oligo1","Oligo1"
"GCCAAATCACAGAGGTcntl","Oligo1","Oligo1","Oligo1"
"GCGACCAAGCCAGTTTcntl","Oligo3","Oligo3","Oligo3"
"GCGAGAACAATCGAAAcntl","Oligo1","Oligo1","Oligo1"
"GCTCTGTCAATCAGAAcntl","Oligo1","Oligo1","Oligo1"
"GGAACTTTCAATCTCTcntl","Oligo3","Oligo3","Oligo3"
"GGACAAGCAGTAAGATcntl","Oligo1","Oligo1","Oligo1"
"GGCAATTTCCCTCAGTcntl","Oligo3","Oligo3","Oligo3"
"GGCGACTGTTCCCGAGcntl","Oligo1","Oligo1","Oligo1"
"GGCTCGACAGATGGCAcntl","Oligo3","Oligo3","Oligo3"
"GGCTCGATCGCGTTTCcntl","Oligo3","Oligo3","Oligo3"
"GGGCATCTCGGCGGTTcntl","Oligo3","Oligo3","Oligo3"
"GGTATTGCATCTATGGcntl","Oligo1","Oligo1","Oligo1"
"GGTGAAGCAACTTGACcntl","Oligo3","Oligo3","Oligo3"
"GTAACGTTCTAGCACAcntl","Oligo3","Oligo3","Oligo3"
"GTAACTGCAATAGAGTcntl","Oligo1","Oligo1","Oligo1"
"GTACTCCTCGGCGGTTcntl","Oligo3","Oligo3","Oligo3"
"GTCACGGGTAGCTGCCcntl","Oligo3","Oligo3","Oligo3"
"GTCCTCATCCAGTATGcntl","Oligo1","Oligo1","Oligo1"
"GTGCAGCCAACTGCGCcntl","Oligo1","Oligo1","Oligo1"
"GTGCAGCGTCACACGCcntl","Oligo3","Oligo3","Oligo3"
"GTGGGTCAGCTGATAAcntl","MHb2","MHb_cholinergic_1","MHb_B"
"TACTTGTTCGGCATCGcntl","Oligo3","Oligo3","Oligo3"
"TATTACCCAACTTGACcntl","Oligo3","Oligo3","Oligo3"
"TCAATCTGTTTACTCTcntl","Oligo3","Oligo3","Oligo3"
"TCACGAAAGCTGCCCAcntl","Oligo3","Oligo3","Oligo3"
"TCGTAGAAGAGTTGGCcntl","Oligo1","Oligo1","Oligo1"
"TGACTTTCAGGTGCCTcntl","Oligo3","Oligo3","Oligo3"
"TGGTTCCGTCTAGCCGcntl","Oligo3","Oligo3","Oligo3"
"TGTATTCCAAGCGAGTcntl","Oligo3","Oligo3","Oligo3"
"TGTATTCGTTTGACTGcntl","Oligo3","Oligo3","Oligo3"
"TTCTACACAAACAACAcntl","Oligo3","Oligo3","Oligo3"
"TTGAACGAGCGCTCCAcntl","Oligo3","Oligo3","Oligo3"
"TTGACTTAGCTATGCTcntl","Oligo1","Oligo1","Oligo1"
"TTGCCGTTCCGATATGcntl","Oligo3","Oligo3","Oligo3"
"TTGCGTCTCATCATTCcntl","Oligo1","Oligo1","Oligo1"
"TTTCCTCGTCCGAACCcntl","Oligo1","Oligo1","Oligo1"
"AAACGGGAGGATCGCAcntl","Endothelial","Endothelial","Endothelial"
"AACTCCCCACCGTTGGcntl","Endothelial","Endothelial","Endothelial"
"AAGGCAGTCGGTTCGGcntl","Endothelial","Endothelial","Endothelial"
"AATCCAGCAGCCTGTGcntl","Endothelial","Endothelial","Endothelial"
"ACACCGGGTCATTAGCcntl","Endothelial","Endothelial","Endothelial"
"ACACCGGGTGATGCCCcntl","Endothelial","Endothelial","Endothelial"
"ACAGCCGTCGAGGTAGcntl","Endothelial","Endothelial","Endothelial"
"ACAGCTATCCTAGTGAcntl","Endothelial","Endothelial","Endothelial"
"ACCAGTATCCGATATGcntl","Endothelial","Endothelial","Endothelial"
"ACTGAGTCAAGTCATCcntl","Endothelial","Endothelial","Endothelial"
"ACTGCTCGTGACTACTcntl","Endothelial","Endothelial","Endothelial"
"AGTGGGAAGGTGGGTTcntl","Endothelial","Endothelial","Endothelial"
"ATCCGAAGTTCGGCACcntl","Endothelial","Endothelial","Endothelial"
"ATCGAGTTCGGATGTTcntl","Endothelial","Endothelial","Endothelial"
"ATGCGATAGATGTGTAcntl","Endothelial","Endothelial","Endothelial"
"ATTCTACGTTAGGGTGcntl","Endothelial","Endothelial","Endothelial"
"CACATAGGTGGTACAGcntl","Endothelial","Endothelial","Endothelial"
"CACATTTTCGTGGTCGcntl","Endothelial","Endothelial","Endothelial"
"CACTCCACAAGCCGTCcntl","Endothelial","Endothelial","Endothelial"
"CCAATCCTCTGCTGTCcntl","Endothelial","Endothelial","Endothelial"
"CCACGGATCAAAGTAGcntl","Endothelial","Endothelial","Endothelial"
"CCTAAAGAGATGTGTAcntl","Endothelial","Endothelial","Endothelial"
"CCTAAAGTCTCAAACGcntl","Endothelial","Endothelial","Endothelial"
"CCTTCCCAGAATTCCCcntl","Endothelial","Endothelial","Endothelial"
"CCTTCGAGTCTTCTCGcntl","Endothelial","Endothelial","Endothelial"
"CGAACATCAAGTCTGTcntl","Endothelial","Endothelial","Endothelial"
"CGAGAAGGTTAGGGTGcntl","Endothelial","Endothelial","Endothelial"
"CGAGCACCAGCCAGAAcntl","Endothelial","Endothelial","Endothelial"
"CGAGCACTCCCGGATGcntl","Endothelial","Endothelial","Endothelial"
"CGATCGGTCGTAGGTTcntl","Endothelial","Endothelial","Endothelial"
"CGGACGTGTTCTGAACcntl","Endothelial","Endothelial","Endothelial"
"CGGAGCTGTAGCGCAAcntl","Endothelial","Endothelial","Endothelial"
"CGTTGGGTCGGTGTCGcntl","Endothelial","Endothelial","Endothelial"
"CTGATAGGTAAGTGGCcntl","Endothelial","Endothelial","Endothelial"
"CTGCGGACACAGGAGTcntl","Endothelial","Endothelial","Endothelial"
"GAAACTCCAGCTGTTAcntl","Endothelial","Endothelial","Endothelial"
"GAATAAGCAAGGTTCTcntl","Endothelial","Endothelial","Endothelial"
"GAATAAGGTGCGGTAAcntl","Endothelial","Endothelial","Endothelial"
"GACGTTAGTGGGTATGcntl","Endothelial","Endothelial","Endothelial"
"GACTAACCAAACAACAcntl","Endothelial","Endothelial","Endothelial"
"GACTACAGTAGGCTGAcntl","Endothelial","Endothelial","Endothelial"
"GATCGATAGACAAAGGcntl","Endothelial","Endothelial","Endothelial"
"GCATACATCACGCGGTcntl","Endothelial","Endothelial","Endothelial"
"GCATGCGGTATAATGGcntl","Endothelial","Endothelial","Endothelial"
"GCGCCAAAGCGATTCTcntl","Endothelial","Endothelial","Endothelial"
"GCTCTGTTCTCCGGTTcntl","Endothelial","Endothelial","Endothelial"
"GCTGCAGAGCTAGTTCcntl","Endothelial","Endothelial","Endothelial"
"GCTGCGACACTAGTACcntl","Endothelial","Endothelial","Endothelial"
"GCTTGAAAGACTGGGTcntl","Endothelial","Endothelial","Endothelial"
"GGAACTTTCAGTTTGGcntl","Endothelial","Endothelial","Endothelial"
"GGACAAGTCTGCTTGCcntl","Endothelial","Endothelial","Endothelial"
"GGACAGAGTCCGCTGAcntl","Endothelial","Endothelial","Endothelial"
"GGGATGAGTGACTCATcntl","Endothelial","Endothelial","Endothelial"
"GGTGCGTTCAGTTTGGcntl","Endothelial","Endothelial","Endothelial"
"GTAACTGAGAGGGATAcntl","Endothelial","Endothelial","Endothelial"
"GTCGGGTCATAAAGGTcntl","Endothelial","Endothelial","Endothelial"
"GTCGTAATCATCGGATcntl","Endothelial","Endothelial","Endothelial"
"GTGGGTCTCGTGGTCGcntl","Endothelial","Endothelial","Endothelial"
"GTTCATTAGTGCCAGAcntl","Endothelial","Endothelial","Endothelial"
"GTTCATTTCAAGCCTAcntl","Endothelial","Endothelial","Endothelial"
"TAAACCGCAGACAGGTcntl","Endothelial","Endothelial","Endothelial"
"TAAACCGGTCAGCTATcntl","Endothelial","Endothelial","Endothelial"
"TAAGAGACACAGATTCcntl","Endothelial","Endothelial","Endothelial"
"TACTCGCAGTACATGAcntl","Endothelial","Endothelial","Endothelial"
"TACTTACTCGCAAACTcntl","Endothelial","Endothelial","Endothelial"
"TAGACCAGTCAAGCGAcntl","Endothelial","Endothelial","Endothelial"
"TAGACCAGTGCCTGTGcntl","Endothelial","Endothelial","Endothelial"
"TAGGCATCATTCTCATcntl","Endothelial","Endothelial","Endothelial"
"TAGTGGTAGCTTATCGcntl","Endothelial","Endothelial","Endothelial"
"TATGCCCAGGCTACGAcntl","Endothelial","Endothelial","Endothelial"
"TCAGCAACAGGCTGAAcntl","Endothelial","Endothelial","Endothelial"
"TCATTACAGCAGACTGcntl","Endothelial","Endothelial","Endothelial"
"TCGCGAGTCCAGTATGcntl","Endothelial","Endothelial","Endothelial"
"TCGGGACCATGGATGGcntl","Endothelial","Endothelial","Endothelial"
"TCGGGACTCTCCAGGGcntl","Endothelial","Endothelial","Endothelial"
"TCTCATAGTACAGACGcntl","Endothelial","Endothelial","Endothelial"
"TGAGCCGGTCACCTAAcntl","Endothelial","Endothelial","Endothelial"
"TGAGCCGGTGAGTGACcntl","Endothelial","Endothelial","Endothelial"
"TGAGGGATCTCAACTTcntl","Endothelial","Endothelial","Endothelial"
"TGATTTCCATCCCATCcntl","Endothelial","Endothelial","Endothelial"
"TGCCCTACAAGCTGTTcntl","Endothelial","Endothelial","Endothelial"
"TGCGTGGCATGCCTTCcntl","Endothelial","Endothelial","Endothelial"
"TGGCCAGGTCCCTTGTcntl","Endothelial","Endothelial","Endothelial"
"TGTCCCAGTTCTGGTAcntl","Endothelial","Endothelial","Endothelial"
"TGTGTTTCAATGGAGCcntl","Endothelial","Endothelial","Endothelial"
"TGTTCCGGTACCGGCTcntl","Endothelial","Endothelial","Endothelial"
"TTATGCTGTCTTGTCCcntl","Endothelial","Endothelial","Endothelial"
"TTCGGTCAGACGCACAcntl","Endothelial","Endothelial","Endothelial"
"TTCTACAGTAATAGCAcntl","Endothelial","Endothelial","Endothelial"
"TTGACTTGTTCAACCAcntl","Endothelial","Endothelial","Endothelial"
"TTGCGTCGTCACTGGCcntl","Endothelial","Endothelial","Endothelial"
"TTTATGCCATCCGGGTcntl","Endothelial","Endothelial","Endothelial"
"TTTGTCACATCAGTCAcntl","Endothelial","Endothelial","Endothelial"
"AACCATGGTAAGGGAAcntl","Astrocyte2","Astrocyte2","Astrocyte2"
"AACTCAGTCAGCGACCcntl","Astrocyte2","Astrocyte2","Astrocyte2"
"AAGGCAGAGTTATCGCcntl","Astrocyte2","Astrocyte2","Astrocyte2"
"AAGGTTCGTCCGACGTcntl","Astrocyte2","Astrocyte2","Astrocyte2"
"AATCGGTGTTAAAGTGcntl","Astrocyte2","Astrocyte2","Astrocyte2"
"ACACCGGGTAGAGCTGcntl","Astrocyte2","Astrocyte2","Astrocyte2"
"ACGCCAGTCCGGCACAcntl","Astrocyte2","Astrocyte2","Astrocyte2"
"ACGGGTCTCATCTGTTcntl","Astrocyte1","Astrocyte1","Astrocyte1"
"ACTTGTTAGGCTAGGTcntl","Epen","Epen","Epen"
"AGAGTGGAGTGTCCCGcntl","Astrocyte2","Astrocyte2","Astrocyte2"
"AGCATACTCTGCGTAAcntl","Astrocyte2","Astrocyte2","Astrocyte2"
"ATAACGCCACGCGAAAcntl","Astrocyte2","Astrocyte2","Astrocyte2"
"ATAAGAGGTGTCCTCTcntl","Astrocyte1","Astrocyte1","Astrocyte1"
"CAAGTTGCAGACGCCTcntl","Astrocyte1","Astrocyte1","Astrocyte1"
"CACACTCCAATGGACGcntl","Astrocyte2","Astrocyte2","Astrocyte2"
"CACACTCTCAAAGACAcntl","Astrocyte2","Astrocyte2","Astrocyte2"
"CAGATCAGTACTTAGCcntl","Epen","Epen","Epen"
"CAGCAGCTCTACGAGTcntl","Astrocyte2","Astrocyte2","Astrocyte2"
"CATCAAGTCAAGGTAAcntl","Astrocyte1","Astrocyte1","Astrocyte1"
"CATCGAAAGCTCTCGGcntl","Astrocyte2","Astrocyte2","Astrocyte2"
"CATCGGGGTCATATCGcntl","Astrocyte1","Astrocyte1","Astrocyte1"
"CATGGCGTCGGAAACGcntl","Astrocyte2","Astrocyte2","Astrocyte2"
"CCCTCCTTCCAAGCCGcntl","Astrocyte2","Astrocyte2","Astrocyte2"
"CCGTACTTCCCGGATGcntl","Astrocyte2","Astrocyte2","Astrocyte2"
"CGAACATAGGTCGGATcntl","Astrocyte2","Astrocyte2","Astrocyte2"
"CGAGAAGTCTCTGAGAcntl","OPC1","OPC1","OPC1"
"CGGACTGTCCAACCAAcntl","Astrocyte2","Astrocyte2","Astrocyte2"
"CGGTTAATCAGCTTAGcntl","Epen","Epen","Epen"
"CGGTTAATCTGTTGAGcntl","Astrocyte2","Astrocyte2","Astrocyte2"
"CGTCACTGTCAAAGATcntl","Astrocyte1","Astrocyte1","Astrocyte1"
"CGTTGGGTCTCGATGAcntl","Astrocyte2","Astrocyte2","Astrocyte2"
"CTACATTGTCTTGATGcntl","Astrocyte2","Astrocyte2","Astrocyte2"
"CTACCCACAGCCACCAcntl","Astrocyte1","Astrocyte1","Astrocyte1"
"CTAGAGTTCAATCTCTcntl","Astrocyte2","Astrocyte2","Astrocyte2"
"CTCGAGGCATGGTCATcntl","Astrocyte2","Astrocyte2","Astrocyte2"
"CTCGGGATCTGGTATGcntl","Astrocyte2","Astrocyte2","Astrocyte2"
"CTCTAATGTGACGGTAcntl","Astrocyte2","Astrocyte2","Astrocyte2"
"CTGCGGATCCTGCCATcntl","Epen","Epen","Epen"
"CTGTGCTAGAGAGCTCcntl","Astrocyte2","Astrocyte2","Astrocyte2"
"CTTACCGAGACAGACCcntl","Astrocyte2","Astrocyte2","Astrocyte2"
"CTTACCGTCTGTCCGTcntl","Astrocyte2","Astrocyte2","Astrocyte2"
"CTTCTCTGTTAAGGGCcntl","Astrocyte2","Astrocyte2","Astrocyte2"
"GACGGCTCACCGAATTcntl","Astrocyte2","Astrocyte2","Astrocyte2"
"GATCGCGAGCCAGAACcntl","Astrocyte2","Astrocyte2","Astrocyte2"
"GATCTAGCACTGTCGGcntl","Astrocyte1","Astrocyte1","Astrocyte1"
"GCAGTTATCTACTTACcntl","Astrocyte2","Astrocyte2","Astrocyte2"
"GCTGCTTTCACTCCTGcntl","Astrocyte2","Astrocyte2","Astrocyte2"
"GCTGGGTGTCTCGTTCcntl","Astrocyte2","Astrocyte2","Astrocyte2"
"GGAACTTGTTTCCACCcntl","Astrocyte1","Astrocyte1","Astrocyte1"
"GGAATAAAGGGCATGTcntl","Astrocyte1","Astrocyte1","Astrocyte1"
"GGGACCTAGGTGGGTTcntl","Astrocyte2","Astrocyte2","Astrocyte2"
"GGGTTGCGTAGCACGAcntl","Astrocyte2","Astrocyte2","Astrocyte2"
"GGTGTTAAGGATTCGGcntl","Astrocyte2","Astrocyte2","Astrocyte2"
"GTAGGCCTCACCCTCAcntl","Astrocyte2","Astrocyte2","Astrocyte2"
"GTCACAAGTGCGATAGcntl","Astrocyte2","Astrocyte2","Astrocyte2"
"TACAGTGTCAACACTGcntl","Astrocyte2","Astrocyte2","Astrocyte2"
"TACAGTGTCCAAATGCcntl","Astrocyte2","Astrocyte2","Astrocyte2"
"TACGGATAGTCCATACcntl","Astrocyte2","Astrocyte2","Astrocyte2"
"TACTCGCAGATGGGTCcntl","Astrocyte2","Astrocyte2","Astrocyte2"
"TATCAGGAGACGCAACcntl","Astrocyte2","Astrocyte2","Astrocyte2"
"TCAACGATCGCGATCGcntl","Astrocyte1","Astrocyte1","Astrocyte1"
"TCACGAAGTCTTCGTCcntl","Astrocyte2","Astrocyte2","Astrocyte2"
"TCAGATGAGATAGCATcntl","Astrocyte2","Astrocyte2","Astrocyte2"
"TCCCGATGTCTGGTCGcntl","Astrocyte2","Astrocyte2","Astrocyte2"
"TCGGGACCAGATGGGTcntl","Astrocyte1","Astrocyte1","Astrocyte1"
"TCGGGACTCATGCTCCcntl","Astrocyte2","Astrocyte2","Astrocyte2"
"TCGTAGATCTACCTGCcntl","Astrocyte1","Astrocyte1","Astrocyte1"
"TCTTTCCCATATACGCcntl","Astrocyte2","Astrocyte2","Astrocyte2"
"TCTTTCCTCCTTGACCcntl","Astrocyte2","Astrocyte2","Astrocyte2"
"TGACAACTCTGACCTCcntl","Astrocyte1","Astrocyte1","Astrocyte1"
"TGATTTCGTCTAGAGGcntl","Epen","Epen","Epen"
"TGCGTGGAGCCAGAACcntl","Astrocyte1","Astrocyte1","Astrocyte1"
"TGGGCGTGTTCAGGCCcntl","Astrocyte1","Astrocyte1","Astrocyte1"
"TGTGGTATCACCGGGTcntl","Astrocyte2","Astrocyte2","Astrocyte2"
"TGTGTTTTCTTCGAGAcntl","Astrocyte2","Astrocyte2","Astrocyte2"
"TTCCCAGGTATTCTCTcntl","Astrocyte2","Astrocyte2","Astrocyte2"
"TTCGAAGTCACGCGGTcntl","Astrocyte2","Astrocyte2","Astrocyte2"
"TTGAACGCAAGAGTCGcntl","Astrocyte2","Astrocyte2","Astrocyte2"
"TTGTAGGTCCAGAAGGcntl","Epen","Epen","Epen"
"TTTGCGCAGTAATCCCcntl","Astrocyte2","Astrocyte2","Astrocyte2"
"TTTGGTTAGGCTAGCAcntl","Astrocyte2","Astrocyte2","Astrocyte2"
"AAAGATGAGCCAGTAGcntl","Neuron","Neuron","Neuron"
"AAAGATGCAAGCTGTTcntl","Neuron","Neuron","Neuron"
"AAAGCAAAGTTCCACAcntl","Neuron","Neuron","Neuron"
"AAGACCTTCCTGTAGAcntl","Neuron","Neuron","Neuron"
"AATCGGTGTTAAGACAcntl","Neuron","Neuron","Neuron"
"ACACCAAAGAGTAAGGcntl","Neuron","Neuron","Neuron"
"ACACCAATCAGGATCTcntl","Neuron","Neuron","Neuron"
"ACACCGGCATCTATGGcntl","Neuron","Neuron","Neuron"
"ACATCAGCATAGAAACcntl","Neuron","Neuron","Neuron"
"ACCAGTAAGATGTCGGcntl","Neuron","Neuron","Neuron"
"ACCTTTATCGCATGGCcntl","Neuron","Neuron","Neuron"
"ACTTGTTCAGACGTAGcntl","Neuron","Neuron","Neuron"
"AGAGCTTGTGTCCTCTcntl","Neuron","Neuron","Neuron"
"AGCCTAAGTTCCATGAcntl","Neuron","Neuron","Neuron"
"AGGCCGTCAACTGCTAcntl","Neuron","Neuron","Neuron"
"AGGGATGTCGCCATAAcntl","Neuron","Neuron","Neuron"
"AGGTCCGAGCTGAAATcntl","Neuron","Neuron","Neuron"
"AGTGTCATCTCCCTGAcntl","Neuron","Neuron","Neuron"
"ATAACGCCAAAGTGCGcntl","Neuron","Neuron","Neuron"
"ATCATGGTCAACCAACcntl","Neuron","Neuron","Neuron"
"ATCCACCGTTGTGGCCcntl","Neuron","Neuron","Neuron"
"ATGGGAGAGCTGAACGcntl","Neuron","Neuron","Neuron"
"ATTCTACAGCTGAAATcntl","Neuron","Neuron","Neuron"
"CACAAACTCTCAAGTGcntl","Neuron","Neuron","Neuron"
"CACTCCAGTTCTGAACcntl","Neuron","Neuron","Neuron"
"CAGCAGCTCCTTGCCAcntl","Neuron","Neuron","Neuron"
"CAGTCCTCACATGACTcntl","Neuron","Neuron","Neuron"
"CAGTCCTGTCCGAGTCcntl","Neuron","Neuron","Neuron"
"CATCGAATCAAGCCTAcntl","Neuron","Neuron","Neuron"
"CCACGGATCTACCTGCcntl","Neuron","Neuron","Neuron"
"CCCAGTTGTGGTTTCAcntl","Neuron","Neuron","Neuron"
"CCCATACTCACCTCGTcntl","Neuron","Neuron","Neuron"
"CCGTGGATCACTCTTAcntl","Neuron","Neuron","Neuron"
"CCTAGCTAGAAAGTGGcntl","Neuron","Neuron","Neuron"
"CGAATGTTCTAACGGTcntl","Neuron","Neuron","Neuron"
"CGAATGTTCTGGTTCCcntl","Neuron","Neuron","Neuron"
"CGATCGGAGGGCTTGAcntl","Neuron","Neuron","Neuron"
"CGATTGATCCTGCAGGcntl","Neuron","Neuron","Neuron"
"CGGGTCACATCCTTGCcntl","Neuron","Neuron","Neuron"
"CGTCCATCAAACCTACcntl","Neuron","Neuron","Neuron"
"CGTCTACGTAATCGTCcntl","Neuron","Neuron","Neuron"
"CGTGTCTTCGTGGACCcntl","Neuron","Neuron","Neuron"
"CTAGAGTGTGCAACGAcntl","Neuron","Neuron","Neuron"
"CTCTACGAGAGACTATcntl","Neuron","Neuron","Neuron"
"CTTAACTTCTCAAGTGcntl","Neuron","Neuron","Neuron"
"CTTACCGCACGAAACGcntl","Neuron","Neuron","Neuron"
"GACCAATTCGTACGGCcntl","Neuron","Neuron","Neuron"
"GACTGCGGTGTGACGAcntl","Neuron","Neuron","Neuron"
"GAGGTGAAGTGCCATTcntl","Neuron","Neuron","Neuron"
"GATCGATCAGCTTAACcntl","Neuron","Neuron","Neuron"
"GATGAGGAGCAGGTCAcntl","Neuron","Neuron","Neuron"
"GATTCAGCAGGATCGAcntl","Neuron","Neuron","Neuron"
"GCGCAGTAGTTGAGATcntl","Neuron","Neuron","Neuron"
"GCGCCAAAGGGTATCGcntl","Neuron","Neuron","Neuron"
"GCGCGATTCTTGCCGTcntl","Neuron","Neuron","Neuron"
"GCTCCTAAGGATGTATcntl","Neuron","Neuron","Neuron"
"GCTCCTACAGTCACTAcntl","Neuron","Neuron","Neuron"
"GCTCTGTGTCAAAGATcntl","Neuron","Neuron","Neuron"
"GCTGCAGAGTACTTGCcntl","Neuron","Neuron","Neuron"
"GGAACTTGTCCTCCATcntl","Neuron","Neuron","Neuron"
"GGACATTGTCCAGTATcntl","Neuron","Neuron","Neuron"
"GGAGCAATCACCAGGCcntl","Neuron","Neuron","Neuron"
"GGCAATTGTTCGTTGAcntl","Neuron","Neuron","Neuron"
"GGGAATGAGCAGGCTAcntl","Neuron","Neuron","Neuron"
"GGGACCTAGCCAGTTTcntl","Neuron","Neuron","Neuron"
"GGGTTGCAGGTGCAACcntl","Neuron","Neuron","Neuron"
"GGTGTTAGTGCAGGTAcntl","Neuron","Neuron","Neuron"
"GTACGTAAGAAGGGTAcntl","Neuron","Neuron","Neuron"
"TACCTATTCGGATGTTcntl","Neuron","Neuron","Neuron"
"TACTCATGTTCAGTACcntl","Neuron","Neuron","Neuron"
"TACTCGCAGCAATCTCcntl","Neuron","Neuron","Neuron"
"TAGCCGGGTATTCTCTcntl","Neuron","Neuron","Neuron"
"TATCTCACACGCTTTCcntl","Neuron","Neuron","Neuron"
"TATTACCAGGACGAAAcntl","Neuron","Neuron","Neuron"
"TCCCGATGTCGAAAGCcntl","Neuron","Neuron","Neuron"
"TCGGTAAGTACTCTCCcntl","Neuron","Neuron","Neuron"
"TGCCCATCACTATCTTcntl","Neuron","Neuron","Neuron"
"TGCGGGTAGACCCACCcntl","Neuron","Neuron","Neuron"
"TGGACGCCAACTTGACcntl","Neuron","Neuron","Neuron"
"TGGTTAGCATGGAATAcntl","Neuron","Neuron","Neuron"
"TTAGGACTCGCCGTGAcntl","Neuron","Neuron","Neuron"
"TTAGTTCGTAGTACCTcntl","Neuron","Neuron","Neuron"
"TTCGAAGCAGCCTGTGcntl","Neuron","Neuron","Neuron"
"TTCTCCTGTCGAAAGCcntl","Neuron","Neuron","Neuron"
"TTGGCAACAGGATCGAcntl","Neuron","Neuron","Neuron"
"TTTGCGCGTATAGTAGcntl","Neuron","Neuron","Neuron"
"TTTGGTTTCACGATGTcntl","Neuron","Neuron","Neuron"
"AAGCCGCCACCCATGGcntl","OPC3","OPC3","OPC3"
"AAGGAGCTCAAGAAGTcntl","OPC3","OPC3","OPC3"
"ACATCAGTCCGTCAAAcntl","OPC3","OPC3","OPC3"
"ACCTTTAAGATGCCTTcntl","OPC3","OPC3","OPC3"
"ACGCCAGTCGTCTGAAcntl","OPC3","OPC3","OPC3"
"ACGGCCACATGGGACAcntl","OPC3","OPC3","OPC3"
"ACTGAGTCACTCAGGCcntl","OPC3","OPC3","OPC3"
"AGCTCTCAGTTATCGCcntl","OPC3","OPC3","OPC3"
"AGCTCTCTCTGCGGCAcntl","OPC3","OPC3","OPC3"
"ATCATCTTCCGTCAAAcntl","OPC3","OPC3","OPC3"
"ATTATCCAGAACTCGGcntl","OPC3","OPC3","OPC3"
"ATTATCCGTGTGACGAcntl","OPC3","OPC3","OPC3"
"ATTTCTGTCTCTGTCGcntl","OPC3","OPC3","OPC3"
"CACCACTTCTCGAGTAcntl","OPC3","OPC3","OPC3"
"CAGTAACAGTAGGCCAcntl","OPC3","OPC3","OPC3"
"CCACTACAGTGGTAGCcntl","OPC3","OPC3","OPC3"
"CCATTCGAGAACTCGGcntl","OPC3","OPC3","OPC3"
"CCTACACCAGTATAAGcntl","OPC3","OPC3","OPC3"
"CGATGGCAGGTAAACTcntl","OPC3","OPC3","OPC3"
"CGTTGGGTCCTCGCATcntl","OPC3","OPC3","OPC3"
"CTCATTACATATACGCcntl","OPC3","OPC3","OPC3"
"CTCGTACAGAGTTGGCcntl","OPC3","OPC3","OPC3"
"CTGATCCTCTCGGACGcntl","OPC3","OPC3","OPC3"
"CTTACCGCAATCTGCAcntl","OPC3","OPC3","OPC3"
"GAAATGACACTTAAGCcntl","OPC3","OPC3","OPC3"
"GACCAATAGGCTACGAcntl","OPC3","OPC3","OPC3"
"GACGTGCCATGAGCGAcntl","OPC3","OPC3","OPC3"
"GACTAACAGACGCTTTcntl","OPC3","OPC3","OPC3"
"GATGCTATCGTCGTTCcntl","OPC3","OPC3","OPC3"
"GCATGTACACAGACAGcntl","OPC3","OPC3","OPC3"
"GCTGCGATCGCCTGTTcntl","OPC3","OPC3","OPC3"
"GCTGGGTGTTCGCGACcntl","OPC3","OPC3","OPC3"
"GCTTCCACAGGTCTCGcntl","OPC3","OPC3","OPC3"
"GGAAAGCGTCTAGTGTcntl","OPC3","OPC3","OPC3"
"GGGAATGTCGTACGGCcntl","OPC3","OPC3","OPC3"
"GGGTTGCTCAACGAAAcntl","OPC3","OPC3","OPC3"
"GTAACTGCAACACGCCcntl","OPC3","OPC3","OPC3"
"GTCACAACATACGCCGcntl","OPC3","OPC3","OPC3"
"GTCACGGTCGCCAAATcntl","OPC3","OPC3","OPC3"
"GTCATTTGTACGAAATcntl","OPC3","OPC3","OPC3"
"GTCATTTTCGGAGGTAcntl","OPC3","OPC3","OPC3"
"GTCCTCACATCACAACcntl","OPC3","OPC3","OPC3"
"GTGCATACATACTACGcntl","OPC3","OPC3","OPC3"
"GTGCTTCAGGGTCTCCcntl","OPC3","OPC3","OPC3"
"GTTACAGAGATATGCAcntl","OPC3","OPC3","OPC3"
"GTTACAGAGTGGTAATcntl","OPC3","OPC3","OPC3"
"TAAACCGTCTCCGGTTcntl","OPC3","OPC3","OPC3"
"TACAGTGCAGACGCAAcntl","OPC3","OPC3","OPC3"
"TACCTATAGATATGGTcntl","OPC3","OPC3","OPC3"
"TACCTTAAGAATTGTGcntl","OPC3","OPC3","OPC3"
"TACGGTAGTGCCTTGGcntl","OPC3","OPC3","OPC3"
"TACTCGCAGGGCTTCCcntl","OPC3","OPC3","OPC3"
"TACTTACTCACGAAGGcntl","OPC3","OPC3","OPC3"
"TAGAGCTCAGTCGTGCcntl","OPC3","OPC3","OPC3"
"TCAATCTCACTTACGAcntl","OPC3","OPC3","OPC3"
"TCATTACGTATAGGTAcntl","OPC3","OPC3","OPC3"
"TCGCGTTAGCTTCGCGcntl","Oligo3","Oligo3","Oligo3"
"TCGCGTTTCAACCAACcntl","OPC3","OPC3","OPC3"
"TCTGGAACACTTCGAAcntl","OPC3","OPC3","OPC3"
"TGACTAGGTTATGCGTcntl","OPC3","OPC3","OPC3"
"TGCTACCTCTGTCTCGcntl","OPC3","OPC3","OPC3"
"TGGACGCTCTGTCTATcntl","OPC3","OPC3","OPC3"
"TGGCCAGTCCGTAGGCcntl","OPC3","OPC3","OPC3"
"TGTATTCAGCAGCGTAcntl","OPC3","OPC3","OPC3"
"TTAACTCCATCCAACAcntl","OPC3","OPC3","OPC3"
"TTGAACGAGTACGACGcntl","OPC3","OPC3","OPC3"
"TTTATGCAGACAGACCcntl","OPC3","OPC3","OPC3"
"TTTGCGCGTCTAGCCGcntl","OPC3","OPC3","OPC3"
"ACGCAGCGTCTCATCCcntl","Mural","Mural","Mural"
"ACGGAGAGTGTTGAGGcntl","Mural","Mural","Mural"
"ACGGGTCAGGACACCAcntl","Mural","Mural","Mural"
"AGAGTGGAGCGTTCCGcntl","Mural","Mural","Mural"
"AGCTCCTCACTAGTACcntl","Mural","Mural","Mural"
"AGCTTGATCGAATCCAcntl","Mural","Mural","Mural"
"AGTGAGGGTACAGTGGcntl","Mural","Mural","Mural"
"ATCGAGTCACACTGCGcntl","Mural","Mural","Mural"
"ATCTACTGTACAGCAGcntl","Mural","Mural","Mural"
"ATGAGGGCAATGGACGcntl","Mural","Mural","Mural"
"ATTACTCGTACTCGCGcntl","Mural","Mural","Mural"
"CAAGATCTCAAGGTAAcntl","Mural","Mural","Mural"
"CACAGGCCAGTCACTAcntl","Mural","Mural","Mural"
"CACAGGCGTGTTCGATcntl","Mural","Mural","Mural"
"CACTCCACAACTGGCCcntl","Mural","Mural","Mural"
"CAGCCGACATAACCTGcntl","Mural","Mural","Mural"
"CATCCACCAGCCACCAcntl","Mural","Mural","Mural"
"CCACGGAAGCCGGTAAcntl","Mural","Mural","Mural"
"CCATTCGTCCTGCCATcntl","Mural","Mural","Mural"
"CCCTCCTCAGACTCGCcntl","Mural","Mural","Mural"
"CCGGTAGCAAGCTGAGcntl","Mural","Mural","Mural"
"CCTAGCTCATATACGCcntl","Mural","Mural","Mural"
"CCTTACGAGCGTCTATcntl","Mural","Mural","Mural"
"CGATCGGCAAGCGTAGcntl","Mural","Mural","Mural"
"CGCGGTATCCCTCAGTcntl","Mural","Mural","Mural"
"CGTAGCGTCCGCGTTTcntl","Mural","Mural","Mural"
"CGTGTAAAGAATCTCCcntl","Mural","Mural","Mural"
"CGTGTAACAATCTACGcntl","Mural","Mural","Mural"
"CGTGTAACATGCCACGcntl","Mural","Mural","Mural"
"CGTGTCTTCACCCGAGcntl","Mural","Mural","Mural"
"CTCTGGTCAGCTATTGcntl","Mural","Mural","Mural"
"CTGAAACAGAGAGCTCcntl","Mural","Mural","Mural"
"CTGTTTAAGTGGTCCCcntl","Mural","Mural","Mural"
"GAACATCGTACAGTTCcntl","Mural","Mural","Mural"
"GACCTGGCAATGTAAGcntl","Mural","Mural","Mural"
"GACCTGGTCCAAGTACcntl","Mural","Mural","Mural"
"GATTCAGTCACCGGGTcntl","Mural","Mural","Mural"
"GCAATCATCTTCATGTcntl","Mural","Mural","Mural"
"GCAGCCACACAAGCCCcntl","Mural","Mural","Mural"
"GCATGATCATGCCTAAcntl","Mural","Mural","Mural"
"GCCAAATAGCTCCCAGcntl","Mural","Mural","Mural"
"GCTCCTATCTTGTATCcntl","Mural","Mural","Mural"
"GGAATAACAAAGGTGCcntl","Mural","Mural","Mural"
"GGAATAACATCCCATCcntl","Mural","Mural","Mural"
"GGACGTCTCCGTCAAAcntl","Mural","Mural","Mural"
"GGATTACAGTTCGCATcntl","Mural","Mural","Mural"
"GGCTGGTTCGGACAAGcntl","Mural","Mural","Mural"
"GGGAGATAGGTGTTAAcntl","Mural","Mural","Mural"
"GGGCATCCAAAGCAATcntl","Mural","Mural","Mural"
"GGGTCTGAGGTCGGATcntl","Mural","Mural","Mural"
"GGGTCTGCATAAGACAcntl","Mural","Mural","Mural"
"GTCTCGTTCACGCGGTcntl","Mural","Mural","Mural"
"TACGGGCCACCGTTGGcntl","Mural","Mural","Mural"
"TACTCATCATAAGACAcntl","Mural","Mural","Mural"
"TAGTGGTGTCGCGAAAcntl","Mural","Mural","Mural"
"TATCAGGGTAGCTCCGcntl","Mural","Mural","Mural"
"TATCTCACACAACTGTcntl","Mural","Mural","Mural"
"TCAGCTCTCTACGAGTcntl","Mural","Mural","Mural"
"TCGCGTTGTTGGTGGAcntl","Astrocyte1","Astrocyte1","Astrocyte1"
"TCGGTAACATGAGCGAcntl","Mural","Mural","Mural"
"TCGTACCCATTGAGCTcntl","Mural","Mural","Mural"
"TGACGGCAGTAACCCTcntl","Mural","Mural","Mural"
"TGAGGGACAAGTAGTAcntl","Mural","Mural","Mural"
"TGATTTCAGCTGCCCAcntl","Mural","Mural","Mural"
"TGCACCTTCATAGCACcntl","Mural","Mural","Mural"
"TGCGCAGGTTAAGGGCcntl","Mural","Mural","Mural"
"TGCTACCCACAAGACGcntl","Mural","Mural","Mural"
"TGTATTCTCATATCGGcntl","Mural","Mural","Mural"
"TTCTACAAGAACAACTcntl","Mural","Mural","Mural"
"TTTCCTCAGCAACGGTcntl","Mural","Mural","Mural"
"AAACGGGGTTGGTAAAcntl","Mural","Mural","Mural"
"AACTCAGAGAAACCTAcntl","Mural","Mural","Mural"
"AACTCCCCAGCTCGACcntl","Mural","Mural","Mural"
"ACATGGTCACCAGGCTcntl","Mural","Mural","Mural"
"AGGTCATTCATAAAGGcntl","Mural","Mural","Mural"
"ATAGACCTCCAGTAGTcntl","Mural","Mural","Mural"
"CACAGGCAGGTGCTAGcntl","Mural","Mural","Mural"
"CAGGTGCTCAGAGCTTcntl","Mural","Mural","Mural"
"CATATGGAGGAATTACcntl","Mural","Mural","Mural"
"CGCGGTATCGATCCCTcntl","Mural","Mural","Mural"
"CTTAACTCAATCACACcntl","Mural","Mural","Mural"
"CTTAGGATCACTTACTcntl","Mural","Mural","Mural"
"GACAGAGCACGGATAGcntl","Mural","Mural","Mural"
"GACCAATGTGTAACGGcntl","Mural","Mural","Mural"
"GCTTGAACAATCCGATcntl","Mural","Mural","Mural"
"GGAACTTTCCGTTGTCcntl","Mural","Mural","Mural"
"GTCACAAGTCATCGGCcntl","Mural","Mural","Mural"
"GTCCTCATCTCCCTGAcntl","Mural","Mural","Mural"
"GTGTTAGCATTCACTTcntl","Mural","Mural","Mural"
"TACACGACAAACGTGGcntl","Mural","Mural","Mural"
"TACGGGCAGGAGTTGCcntl","Mural","Mural","Mural"
"TGAGCCGGTTGGTTTGcntl","Mural","Mural","Mural"
"TGCGTGGTCGTTTATCcntl","Mural","Mural","Mural"
"TTAGTTCGTTCAGTACcntl","Mural","Mural","Mural"
"TTCTCAATCTTCGGTCcntl","Mural","Mural","Mural"
"GCTGGGTGTCAGTGGAcntl","Microglia","Microglia","Microglia"
"GAGTCCGCACCCATGGcntl","Astrocyte2","Astrocyte2","Astrocyte2"
"GGCGTGTAGCAACGGTcntl","Oligo2","Oligo2","Oligo2"
"GTGTGCGAGTGGCACAcntl","Oligo3","Oligo3","Oligo3"
"CTCTAATAGCCCAGCTcntl","OPC3","OPC3","OPC3"
"GCGCCAAAGGGATCTGcntl","OPC3","OPC3","OPC3"
"GGAATAACATTGGTACcntl","Oligo3","Oligo3","Oligo3"
"GGGTTGCAGGAATGGAcntl","OPC3","OPC3","OPC3"
"TATCTCAAGATGTCGGcntl","OPC3","OPC3","OPC3"
"TGACTTTGTAGCGATGcntl","OPC3","OPC3","OPC3"
"GTCACAAAGACCTAGGcntl","Microglia","Microglia","Microglia"
"AAACCTGTCTGTACGAstim","Oligo1","Oligo1","Oligo1"
"AAACGGGCAAGTACCTstim","Oligo1","Oligo1","Oligo1"
"AAACGGGCAGCTCGCAstim","Oligo1","Oligo1","Oligo1"
"AAAGATGTCAAACGGGstim","Oligo1","Oligo1","Oligo1"
"AAAGTAGTCGAATCCAstim","Oligo1","Oligo1","Oligo1"
"AAAGTAGTCGTTTGCCstim","Oligo1","Oligo1","Oligo1"
"AAATGCCCATCCAACAstim","Oligo1","Oligo1","Oligo1"
"AAATGCCGTGTGAATAstim","Oligo1","Oligo1","Oligo1"
"AACACGTTCGCTTAGAstim","Oligo1","Oligo1","Oligo1"
"AACCATGAGTGCGTGAstim","Oligo1","Oligo1","Oligo1"
"AACCATGCACTTCTGCstim","Oligo1","Oligo1","Oligo1"
"AACCGCGTCAACCATGstim","Oligo1","Oligo1","Oligo1"
"AACGTTGGTCTGATCAstim","Oligo1","Oligo1","Oligo1"
"AACGTTGTCCTGCTTGstim","Oligo1","Oligo1","Oligo1"
"AACTCAGTCAGCTCGGstim","Oligo1","Oligo1","Oligo1"
"AACTCCCAGCTAAGATstim","Oligo1","Oligo1","Oligo1"
"AACTCCCTCACCAGGCstim","Oligo1","Oligo1","Oligo1"
"AACTCTTTCCACGACGstim","Oligo3","Oligo3","Oligo3"
"AACTGGTAGAGCCTAGstim","Oligo1","Oligo1","Oligo1"
"AACTTTCTCCTCATTAstim","Oligo1","Oligo1","Oligo1"
"AAGACCTAGCCCAATTstim","Oligo1","Oligo1","Oligo1"
"AAGACCTCAGCGATCCstim","Oligo1","Oligo1","Oligo1"
"AAGACCTGTCATGCCGstim","Oligo1","Oligo1","Oligo1"
"AAGACCTGTGCGATAGstim","Oligo2","Oligo2","Oligo2"
"AAGCCGCAGGCGATACstim","Oligo2","Oligo2","Oligo2"
"AAGCCGCGTAATCGTCstim","Oligo1","Oligo1","Oligo1"
"AAGCCGCGTAGCTTGTstim","Oligo1","Oligo1","Oligo1"
"AAGCCGCTCGCGTTTCstim","Oligo1","Oligo1","Oligo1"
"AAGGAGCTCGTCTGAAstim","Oligo2","Oligo2","Oligo2"
"AAGGCAGGTCCTGCTTstim","Oligo2","Oligo2","Oligo2"
"AAGGCAGTCATGTGGTstim","Oligo1","Oligo1","Oligo1"
"AAGGTTCTCAACGAAAstim","Oligo2","Oligo2","Oligo2"
"AAGTCTGGTCTGGAGAstim","Oligo1","Oligo1","Oligo1"
"AAGTCTGTCGGAAACGstim","Oligo2","Oligo2","Oligo2"
"AATCCAGCAATGGAATstim","Oligo1","Oligo1","Oligo1"
"AATCCAGCATAGGATAstim","Oligo1","Oligo1","Oligo1"
"AATCGGTCAAGAAAGGstim","Oligo2","Oligo2","Oligo2"
"ACACCAAGTAGAAAGGstim","Oligo1","Oligo1","Oligo1"
"ACACCCTAGTATTGGAstim","Oligo1","Oligo1","Oligo1"
"ACACCCTCAGGGCATAstim","Oligo2","Oligo2","Oligo2"
"ACACCCTTCATCACCCstim","Oligo2","Oligo2","Oligo2"
"ACACCGGTCAAACGGGstim","Oligo1","Oligo1","Oligo1"
"ACACTGAAGACACTAAstim","Oligo1","Oligo1","Oligo1"
"ACAGCCGGTAAATGACstim","Oligo1","Oligo1","Oligo1"
"ACAGCCGGTGAGCGATstim","Oligo1","Oligo1","Oligo1"
"ACAGCTATCTCCTATAstim","Oligo1","Oligo1","Oligo1"
"ACATACGAGTCATCCAstim","Oligo1","Oligo1","Oligo1"
"ACATACGGTTACCAGTstim","Oligo1","Oligo1","Oligo1"
"ACATCAGAGGCTCATTstim","Oligo1","Oligo1","Oligo1"
"ACATCAGGTAGGCTGAstim","Oligo1","Oligo1","Oligo1"
"ACATGGTGTTTGACACstim","Oligo1","Oligo1","Oligo1"
"ACATGGTTCATAGCACstim","Oligo1","Oligo1","Oligo1"
"ACATGGTTCTCGATGAstim","Oligo1","Oligo1","Oligo1"
"ACCCACTGTACATCCAstim","Oligo1","Oligo1","Oligo1"
"ACCCACTTCTCGGACGstim","Oligo2","Oligo2","Oligo2"
"ACCGTAACACATCTTTstim","Oligo1","Oligo1","Oligo1"
"ACCGTAACACGCTTTCstim","Oligo2","Oligo2","Oligo2"
"ACCGTAACAGACGCCTstim","Oligo2","Oligo2","Oligo2"
"ACCTTTACAGACTCGCstim","Oligo1","Oligo1","Oligo1"
"ACCTTTAGTTATTCTCstim","Oligo2","Oligo2","Oligo2"
"ACGAGCCTCTGCTTGCstim","Oligo1","Oligo1","Oligo1"
"ACGAGCCTCTTACCGCstim","Oligo1","Oligo1","Oligo1"
"ACGAGGAAGAGATGAGstim","Oligo2","Oligo2","Oligo2"
"ACGATGTAGGCCGAATstim","Oligo1","Oligo1","Oligo1"
"ACGCAGCAGCGTAGTGstim","Oligo1","Oligo1","Oligo1"
"ACGCCAGCAGCCTTGGstim","Oligo1","Oligo1","Oligo1"
"ACGCCGACACCAGATTstim","Oligo1","Oligo1","Oligo1"
"ACGCCGAGTCTAGAGGstim","Oligo1","Oligo1","Oligo1"
"ACGCCGAGTGTTGAGGstim","Oligo2","Oligo2","Oligo2"
"ACGGAGAAGAAACCATstim","Oligo2","Oligo2","Oligo2"
"ACGGCCAAGGCGTACAstim","Oligo1","Oligo1","Oligo1"
"ACGGCCACATCGGACCstim","Oligo1","Oligo1","Oligo1"
"ACGGGCTAGTGGACGTstim","Oligo1","Oligo1","Oligo1"
"ACGGGCTCAGTAGAGCstim","Oligo1","Oligo1","Oligo1"
"ACGGGCTGTACAGCAGstim","Oligo1","Oligo1","Oligo1"
"ACGGGCTGTTTGTGTGstim","Oligo1","Oligo1","Oligo1"
"ACGGGTCAGGACAGCTstim","Oligo1","Oligo1","Oligo1"
"ACGGGTCGTCACACGCstim","Oligo1","Oligo1","Oligo1"
"ACGGGTCGTCTCTTTAstim","Oligo2","Oligo2","Oligo2"
"ACGTCAAAGTGGTAATstim","Oligo1","Oligo1","Oligo1"
"ACGTCAAGTAAGAGAGstim","Oligo2","Oligo2","Oligo2"
"ACGTCAAGTCGAGATGstim","Oligo1","Oligo1","Oligo1"
"ACGTCAATCAGCACATstim","Oligo2","Oligo2","Oligo2"
"ACGTCAATCGCGGATCstim","Oligo1","Oligo1","Oligo1"
"ACGTCAATCTCCAACCstim","Oligo1","Oligo1","Oligo1"
"ACTATCTGTCACCCAGstim","Oligo1","Oligo1","Oligo1"
"ACTGAACGTGGAAAGAstim","Oligo1","Oligo1","Oligo1"
"ACTGAGTAGGCTCATTstim","Oligo1","Oligo1","Oligo1"
"ACTGAGTCAACCGCCAstim","Oligo1","Oligo1","Oligo1"
"ACTGAGTCATCGATTGstim","Oligo2","Oligo2","Oligo2"
"ACTGAGTGTCGCATATstim","Oligo1","Oligo1","Oligo1"
"ACTGAGTTCCGCAAGCstim","Oligo2","Oligo2","Oligo2"
"ACTGATGAGGCATTGGstim","Oligo1","Oligo1","Oligo1"
"ACTGCTCAGCTATGCTstim","Oligo1","Oligo1","Oligo1"
"ACTGCTCCAGACGCCTstim","Oligo1","Oligo1","Oligo1"
"ACTGTCCAGAATAGGGstim","Oligo1","Oligo1","Oligo1"
"ACTGTCCCAGGGTTAGstim","Oligo1","Oligo1","Oligo1"
"ACTGTCCTCCGCGTTTstim","Oligo1","Oligo1","Oligo1"
"ACTTACTCAGTGACAGstim","Oligo2","Oligo2","Oligo2"
"ACTTTCACAGGAATCGstim","Oligo2","Oligo2","Oligo2"
"AGAATAGAGCTGCCCAstim","Oligo1","Oligo1","Oligo1"
"AGAATAGGTTTCGCTCstim","Oligo1","Oligo1","Oligo1"
"AGACGTTAGGAACTGCstim","Oligo1","Oligo1","Oligo1"
"AGACGTTTCCGCATCTstim","Oligo2","Oligo2","Oligo2"
"AGAGCGAAGTATCTCGstim","Oligo1","Oligo1","Oligo1"
"AGAGCGAGTAATCGTCstim","Oligo1","Oligo1","Oligo1"
"AGAGCTTAGGGAACGGstim","Oligo1","Oligo1","Oligo1"
"AGAGCTTAGTTCGCGCstim","Oligo1","Oligo1","Oligo1"
"AGAGCTTCAGACGTAGstim","Oligo1","Oligo1","Oligo1"
"AGAGCTTCAGTTAACCstim","Oligo1","Oligo1","Oligo1"
"AGAGCTTGTTACGACTstim","Oligo1","Oligo1","Oligo1"
"AGAGCTTTCCTTCAATstim","Oligo1","Oligo1","Oligo1"
"AGAGTGGAGCATCATCstim","Oligo1","Oligo1","Oligo1"
"AGAGTGGGTGAGTATAstim","Oligo1","Oligo1","Oligo1"
"AGAGTGGTCTGCTGTCstim","Oligo2","Oligo2","Oligo2"
"AGATCTGGTCGAAAGCstim","Oligo1","Oligo1","Oligo1"
"AGATTGCAGGAATGGAstim","Oligo1","Oligo1","Oligo1"
"AGCAGCCAGGCAATTAstim","Oligo1","Oligo1","Oligo1"
"AGCCTAACAATAACGAstim","Oligo2","Oligo2","Oligo2"
"AGCCTAAGTACAGTTCstim","Oligo1","Oligo1","Oligo1"
"AGCGTATAGGCCATAGstim","Oligo2","Oligo2","Oligo2"
"AGCGTCGCAAACCCATstim","Oligo1","Oligo1","Oligo1"
"AGCTCCTAGAACTGTAstim","Oligo2","Oligo2","Oligo2"
"AGCTCCTGTCTCAACAstim","Oligo2","Oligo2","Oligo2"
"AGCTCCTGTTTGGGCCstim","Oligo2","Oligo2","Oligo2"
"AGCTCCTTCCCTGACTstim","Oligo1","Oligo1","Oligo1"
"AGCTCTCTCAAACCACstim","Oligo1","Oligo1","Oligo1"
"AGCTTGAAGGGTTTCTstim","Oligo1","Oligo1","Oligo1"
"AGCTTGAAGTCCAGGAstim","Oligo2","Oligo2","Oligo2"
"AGCTTGACACTTAACGstim","Oligo2","Oligo2","Oligo2"
"AGGCCACAGTCGTACTstim","Oligo1","Oligo1","Oligo1"
"AGGCCACCAAGAAAGGstim","Oligo1","Oligo1","Oligo1"
"AGGCCACGTAGAGCTGstim","Oligo1","Oligo1","Oligo1"
"AGGCCACGTCACCTAAstim","Oligo1","Oligo1","Oligo1"
"AGGCCACGTGCCTGCAstim","Oligo1","Oligo1","Oligo1"
"AGGCCGTAGCCAGGATstim","Oligo1","Oligo1","Oligo1"
"AGGCCGTAGGCTAGGTstim","Oligo1","Oligo1","Oligo1"
"AGGCCGTTCAGTTAGCstim","Oligo1","Oligo1","Oligo1"
"AGGCCGTTCCCATTTAstim","Oligo1","Oligo1","Oligo1"
"AGGCCGTTCTGGTTCCstim","Oligo1","Oligo1","Oligo1"
"AGGGTGATCCACGTGGstim","Oligo1","Oligo1","Oligo1"
"AGGTCATTCCCTTGCAstim","Oligo1","Oligo1","Oligo1"
"AGGTCATTCTGGGCCAstim","Oligo1","Oligo1","Oligo1"
"AGGTCATTCTTGACGAstim","Oligo1","Oligo1","Oligo1"
"AGGTCCGAGTGTGAATstim","Oligo1","Oligo1","Oligo1"
"AGGTCCGGTGAGCGATstim","Oligo2","Oligo2","Oligo2"
"AGTAGTCCAGACGTAGstim","Oligo1","Oligo1","Oligo1"
"AGTAGTCCATGGTCATstim","Oligo1","Oligo1","Oligo1"
"AGTGAGGTCCCAGGTGstim","Oligo1","Oligo1","Oligo1"
"AGTGGGAGTCCATGATstim","Oligo1","Oligo1","Oligo1"
"AGTGGGAGTCTAACGTstim","Oligo2","Oligo2","Oligo2"
"AGTGTCACACATCCGGstim","Oligo1","Oligo1","Oligo1"
"AGTTGGTAGCAAATCAstim","Oligo1","Oligo1","Oligo1"
"AGTTGGTAGTACATGAstim","Oligo2","Oligo2","Oligo2"
"AGTTGGTTCTTAACCTstim","Oligo1","Oligo1","Oligo1"
"ATAACGCAGTCCTCCTstim","Oligo1","Oligo1","Oligo1"
"ATAACGCCACAGGAGTstim","Oligo1","Oligo1","Oligo1"
"ATAACGCTCACGGTTAstim","Oligo2","Oligo2","Oligo2"
"ATAACGCTCATCGCTCstim","Oligo2","Oligo2","Oligo2"
"ATAACGCTCCATGAGTstim","Oligo1","Oligo1","Oligo1"
"ATAGACCTCTTCCTTCstim","Oligo1","Oligo1","Oligo1"
"ATCATGGAGGCCCGTTstim","Oligo1","Oligo1","Oligo1"
"ATCATGGCAATTCCTTstim","Oligo1","Oligo1","Oligo1"
"ATCATGGGTCGCATCGstim","Oligo2","Oligo2","Oligo2"
"ATCCACCAGATTACCCstim","Oligo1","Oligo1","Oligo1"
"ATCCACCTCAACACTGstim","Oligo1","Oligo1","Oligo1"
"ATCCGAAAGCGTTCCGstim","Oligo1","Oligo1","Oligo1"
"ATCGAGTAGCGCCTCAstim","Oligo2","Oligo2","Oligo2"
"ATCGAGTCACGAAACGstim","Oligo1","Oligo1","Oligo1"
"ATCTACTAGTGTCCATstim","Oligo1","Oligo1","Oligo1"
"ATCTACTCAACGCACCstim","Oligo1","Oligo1","Oligo1"
"ATCTACTTCCTAAGTGstim","Oligo2","Oligo2","Oligo2"
"ATCTGCCCATAAAGGTstim","Oligo2","Oligo2","Oligo2"
"ATGAGGGAGTGCTGCCstim","Oligo1","Oligo1","Oligo1"
"ATGCGATCAGATCCATstim","Oligo1","Oligo1","Oligo1"
"ATGCGATGTTCGGGCTstim","Oligo1","Oligo1","Oligo1"
"ATGGGAGGTAGAAGGAstim","Oligo2","Oligo2","Oligo2"
"ATGTGTGCAATGGATAstim","Oligo1","Oligo1","Oligo1"
"ATTACTCAGAAGGACAstim","Oligo2","Oligo2","Oligo2"
"ATTATCCAGTGGTAGCstim","Oligo2","Oligo2","Oligo2"
"ATTCTACTCTATCGCCstim","Oligo1","Oligo1","Oligo1"
"ATTGGACAGCATCATCstim","Oligo3","Oligo3","Oligo3"
"ATTGGACAGTTACGGGstim","Oligo2","Oligo2","Oligo2"
"ATTGGACCACCGATATstim","Oligo1","Oligo1","Oligo1"
"ATTGGACCATCGGAAGstim","Oligo1","Oligo1","Oligo1"
"ATTGGACTCCACGACGstim","Oligo1","Oligo1","Oligo1"
"ATTGGTGCATGTCCTCstim","Oligo3","Oligo3","Oligo3"
"ATTTCTGGTGTTTGTGstim","Oligo2","Oligo2","Oligo2"
"CAACCTCGTGAGGGAGstim","Oligo1","Oligo1","Oligo1"
"CAACCTCTCGTGGTCGstim","Oligo2","Oligo2","Oligo2"
"CAACTAGTCGAGAGCAstim","Oligo1","Oligo1","Oligo1"
"CAAGGCCAGATCCGAGstim","Oligo1","Oligo1","Oligo1"
"CAAGGCCTCTATCCCGstim","Oligo2","Oligo2","Oligo2"
"CAAGTTGAGTGGTCCCstim","Oligo1","Oligo1","Oligo1"
"CAAGTTGCAAGCCATTstim","Oligo1","Oligo1","Oligo1"
"CAAGTTGGTATAATGGstim","Oligo1","Oligo1","Oligo1"
"CAAGTTGGTTTCGCTCstim","Oligo1","Oligo1","Oligo1"
"CACACAAGTTACAGAAstim","Oligo1","Oligo1","Oligo1"
"CACACCTAGCGTTGCCstim","Oligo1","Oligo1","Oligo1"
"CACACTCAGGGTATCGstim","Oligo1","Oligo1","Oligo1"
"CACACTCAGTGCTGCCstim","Oligo1","Oligo1","Oligo1"
"CACAGGCCATTCTCATstim","Oligo1","Oligo1","Oligo1"
"CACAGTAAGATCCTGTstim","Oligo2","Oligo2","Oligo2"
"CACAGTACAGTATCTGstim","Oligo1","Oligo1","Oligo1"
"CACAGTATCATTATCCstim","Oligo1","Oligo1","Oligo1"
"CACAGTATCGAGGTAGstim","Oligo1","Oligo1","Oligo1"
"CACATAGAGAAGCCCAstim","Oligo2","Oligo2","Oligo2"
"CACATAGAGCTAGCCCstim","Oligo2","Oligo2","Oligo2"
"CACATTTAGAAAGTGGstim","Oligo1","Oligo1","Oligo1"
"CACATTTCACCGCTAGstim","Oligo1","Oligo1","Oligo1"
"CACATTTCATCACGTAstim","Oligo1","Oligo1","Oligo1"
"CACATTTTCACGAAGGstim","Oligo1","Oligo1","Oligo1"
"CACATTTTCAGATAAGstim","Oligo1","Oligo1","Oligo1"
"CACATTTTCTGGCGTGstim","Oligo1","Oligo1","Oligo1"
"CACCACTGTAACGCGAstim","Oligo1","Oligo1","Oligo1"
"CACCACTTCCTCGCATstim","Oligo2","Oligo2","Oligo2"
"CACCACTTCTTGCAAGstim","Oligo1","Oligo1","Oligo1"
"CACCAGGAGGCCCTTGstim","Oligo1","Oligo1","Oligo1"
"CACCAGGCACACCGACstim","Oligo2","Oligo2","Oligo2"
"CACCAGGGTCTCATCCstim","Oligo2","Oligo2","Oligo2"
"CACCAGGTCAACACCAstim","Oligo2","Oligo2","Oligo2"
"CACCAGGTCCACGCAGstim","Oligo1","Oligo1","Oligo1"
"CAGAATCTCAATCTCTstim","Oligo2","Oligo2","Oligo2"
"CAGAATCTCACGACTAstim","Oligo1","Oligo1","Oligo1"
"CAGCAGCCAGGAATCGstim","Oligo1","Oligo1","Oligo1"
"CAGCATATCATGTCTTstim","Oligo1","Oligo1","Oligo1"
"CAGCTAAAGATGCCAGstim","Oligo1","Oligo1","Oligo1"
"CAGCTAAAGTTACCCAstim","Oligo1","Oligo1","Oligo1"
"CAGCTAACACTTAAGCstim","Oligo1","Oligo1","Oligo1"
"CAGCTAAGTCATCCCTstim","Oligo1","Oligo1","Oligo1"
"CAGCTAAGTTTCGCTCstim","Oligo1","Oligo1","Oligo1"
"CAGGTGCTCATACGGTstim","Oligo1","Oligo1","Oligo1"
"CAGTAACAGCCAGAACstim","Oligo1","Oligo1","Oligo1"
"CAGTCCTAGGCCATAGstim","Oligo1","Oligo1","Oligo1"
"CAGTCCTCAGGGAGAGstim","Oligo1","Oligo1","Oligo1"
"CATATTCCACTGTCGGstim","Oligo1","Oligo1","Oligo1"
"CATCAAGAGACCACGAstim","Oligo1","Oligo1","Oligo1"
"CATCAGACAAACGTGGstim","Oligo1","Oligo1","Oligo1"
"CATCAGACAAGCTGAGstim","Oligo2","Oligo2","Oligo2"
"CATCCACGTCAGCTATstim","Oligo1","Oligo1","Oligo1"
"CATCGAACATCTCCCAstim","Oligo1","Oligo1","Oligo1"
"CATCGAAGTCTGCCAGstim","Oligo1","Oligo1","Oligo1"
"CATCGGGCAGCTGTATstim","Oligo1","Oligo1","Oligo1"
"CATGACAAGGATCGCAstim","Oligo1","Oligo1","Oligo1"
"CATGACACAATCTGCAstim","Oligo1","Oligo1","Oligo1"
"CATGACACATGCCTAAstim","Oligo2","Oligo2","Oligo2"
"CATGCCTCAAAGTGCGstim","Oligo2","Oligo2","Oligo2"
"CATGCCTCAGCCACCAstim","Oligo3","Oligo3","Oligo3"
"CATGCCTGTAGAAAGGstim","Oligo1","Oligo1","Oligo1"
"CATGCCTGTCCTCTTGstim","Oligo2","Oligo2","Oligo2"
"CATGCCTTCAGAGACGstim","Oligo2","Oligo2","Oligo2"
"CATGGCGAGATCGGGTstim","Oligo1","Oligo1","Oligo1"
"CATGGCGAGCCAACAGstim","Oligo1","Oligo1","Oligo1"
"CATGGCGCATGCCTAAstim","Oligo1","Oligo1","Oligo1"
"CATTCGCGTGAGCGATstim","Oligo2","Oligo2","Oligo2"
"CCAATCCTCCTAGGGCstim","Oligo1","Oligo1","Oligo1"
"CCACCTAGTTCGGGCTstim","Oligo1","Oligo1","Oligo1"
"CCACGGATCATCATTCstim","Oligo1","Oligo1","Oligo1"
"CCACTACTCAAGATCCstim","Oligo2","Oligo2","Oligo2"
"CCACTACTCATGCAACstim","Oligo1","Oligo1","Oligo1"
"CCACTACTCCTCGCATstim","Oligo1","Oligo1","Oligo1"
"CCAGCGAAGACCGGATstim","Oligo1","Oligo1","Oligo1"
"CCAGCGAAGTGCTGCCstim","Oligo1","Oligo1","Oligo1"
"CCAGCGATCTTGGGTAstim","Oligo1","Oligo1","Oligo1"
"CCATGTCGTTAAAGACstim","Oligo2","Oligo2","Oligo2"
"CCATGTCTCCCTTGCAstim","Oligo1","Oligo1","Oligo1"
"CCATTCGAGATGGCGTstim","Oligo1","Oligo1","Oligo1"
"CCATTCGGTCATACTGstim","Oligo1","Oligo1","Oligo1"
"CCATTCGGTTGTACACstim","Oligo2","Oligo2","Oligo2"
"CCCAGTTTCGCCATAAstim","Oligo1","Oligo1","Oligo1"
"CCCATACAGTCCATACstim","Oligo2","Oligo2","Oligo2"
"CCCATACGTTGGTTTGstim","Oligo1","Oligo1","Oligo1"
"CCCATACTCACCACCTstim","Oligo1","Oligo1","Oligo1"
"CCCTCCTAGAGGTACCstim","Oligo1","Oligo1","Oligo1"
"CCCTCCTTCAGTTCGAstim","Oligo2","Oligo2","Oligo2"
"CCCTCCTTCTACTTACstim","Oligo1","Oligo1","Oligo1"
"CCGGGATGTATGGTTCstim","Oligo1","Oligo1","Oligo1"
"CCGTACTTCAATACCGstim","Oligo2","Oligo2","Oligo2"
"CCGTGGAAGAGGTACCstim","Oligo1","Oligo1","Oligo1"
"CCTACACCAAGCTGTTstim","Oligo1","Oligo1","Oligo1"
"CCTACACCAGTTCCCTstim","Oligo2","Oligo2","Oligo2"
"CCTACCAAGGTTACCTstim","Oligo1","Oligo1","Oligo1"
"CCTACCACAACTGCGCstim","Oligo1","Oligo1","Oligo1"
"CCTAGCTGTTTGTGTGstim","Oligo2","Oligo2","Oligo2"
"CCTATTACATGCTAGTstim","Oligo1","Oligo1","Oligo1"
"CCTATTAGTCTCGTTCstim","Oligo1","Oligo1","Oligo1"
"CCTCAGTCACAACTGTstim","Oligo2","Oligo2","Oligo2"
"CCTCAGTTCAGCGACCstim","Oligo1","Oligo1","Oligo1"
"CCTCTGATCCTCCTAGstim","Oligo1","Oligo1","Oligo1"
"CCTTACGGTTAAGACAstim","Oligo1","Oligo1","Oligo1"
"CCTTCGACATTGTGCAstim","Oligo1","Oligo1","Oligo1"
"CCTTCGAGTTATGTGCstim","Oligo1","Oligo1","Oligo1"
"CCTTTCTAGCCGCCTAstim","Oligo1","Oligo1","Oligo1"
"CCTTTCTTCATGCAACstim","Oligo1","Oligo1","Oligo1"
"CGAACATAGAACAACTstim","Oligo1","Oligo1","Oligo1"
"CGAACATGTTGGTAAAstim","Oligo1","Oligo1","Oligo1"
"CGAACATTCAGAGGTGstim","Oligo1","Oligo1","Oligo1"
"CGACTTCAGGCATTGGstim","Oligo2","Oligo2","Oligo2"
"CGACTTCGTAAGAGGAstim","Oligo1","Oligo1","Oligo1"
"CGACTTCGTAGCTAAAstim","Oligo1","Oligo1","Oligo1"
"CGAGAAGTCAGTGTTGstim","Oligo1","Oligo1","Oligo1"
"CGAGAAGTCCCAACGGstim","Oligo1","Oligo1","Oligo1"
"CGAGCACGTAACGACGstim","Oligo1","Oligo1","Oligo1"
"CGAGCACTCATCTGTTstim","Oligo2","Oligo2","Oligo2"
"CGAGCACTCCAGAGGAstim","Oligo1","Oligo1","Oligo1"
"CGAGCCACAAGTTCTGstim","Oligo1","Oligo1","Oligo1"
"CGAGCCATCGGAGCAAstim","Oligo1","Oligo1","Oligo1"
"CGATCGGCAGGATCGAstim","Oligo2","Oligo2","Oligo2"
"CGATCGGGTCGTTGTAstim","Oligo2","Oligo2","Oligo2"
"CGATTGAGTACTCTCCstim","Oligo1","Oligo1","Oligo1"
"CGATTGAGTTCGGGCTstim","Oligo1","Oligo1","Oligo1"
"CGCCAAGAGATCGATAstim","Oligo1","Oligo1","Oligo1"
"CGCCAAGAGTTGTCGTstim","Oligo1","Oligo1","Oligo1"
"CGCCAAGCAAGGTGTGstim","Oligo2","Oligo2","Oligo2"
"CGCGGTAAGATAGTCAstim","Oligo1","Oligo1","Oligo1"
"CGCGGTAAGTTACGGGstim","Oligo1","Oligo1","Oligo1"
"CGCGGTATCGATCCCTstim","Oligo1","Oligo1","Oligo1"
"CGCGTTTCACTGTGTAstim","Oligo1","Oligo1","Oligo1"
"CGCGTTTCAGTAAGATstim","Oligo1","Oligo1","Oligo1"
"CGCGTTTCATTCACTTstim","Oligo1","Oligo1","Oligo1"
"CGCGTTTTCAACGCTAstim","Oligo2","Oligo2","Oligo2"
"CGCGTTTTCGTTACAGstim","Oligo1","Oligo1","Oligo1"
"CGCTATCCACGAAACGstim","Oligo2","Oligo2","Oligo2"
"CGCTGGACACGAAGCAstim","Oligo1","Oligo1","Oligo1"
"CGCTTCAAGCAGCGTAstim","Oligo1","Oligo1","Oligo1"
"CGCTTCACATCGATGTstim","Oligo1","Oligo1","Oligo1"
"CGCTTCAGTTGGTTTGstim","Oligo3","Oligo3","Oligo3"
"CGGACACCATGTAAGAstim","Oligo1","Oligo1","Oligo1"
"CGGACGTGTCCTAGCGstim","Oligo1","Oligo1","Oligo1"
"CGGACGTTCACGCATAstim","Oligo1","Oligo1","Oligo1"
"CGGACGTTCGTGACATstim","Oligo1","Oligo1","Oligo1"
"CGGACTGGTCGCCATGstim","Oligo1","Oligo1","Oligo1"
"CGGAGCTAGAGGTAGAstim","Oligo1","Oligo1","Oligo1"
"CGGAGCTCAAGCCGCTstim","Oligo1","Oligo1","Oligo1"
"CGGAGCTGTGACGCCTstim","Oligo1","Oligo1","Oligo1"
"CGGAGCTTCCGGCACAstim","Oligo2","Oligo2","Oligo2"
"CGGAGTCAGGATCGCAstim","Oligo3","Oligo3","Oligo3"
"CGGAGTCTCAACACACstim","Oligo2","Oligo2","Oligo2"
"CGGAGTCTCGGAGGTAstim","Oligo1","Oligo1","Oligo1"
"CGGCTAGAGCCACGTCstim","Oligo1","Oligo1","Oligo1"
"CGGCTAGAGCTCAACTstim","Oligo1","Oligo1","Oligo1"
"CGGCTAGCACGAAATAstim","Oligo1","Oligo1","Oligo1"
"CGGCTAGGTGAAATCAstim","Oligo1","Oligo1","Oligo1"
"CGGGTCAAGGATATACstim","Oligo1","Oligo1","Oligo1"
"CGGGTCACAGGATTGGstim","Oligo1","Oligo1","Oligo1"
"CGGTTAAGTATAGGGCstim","Oligo1","Oligo1","Oligo1"
"CGTAGCGGTCACAAGGstim","Oligo1","Oligo1","Oligo1"
"CGTAGCGGTGGTGTAGstim","Oligo3","Oligo3","Oligo3"
"CGTAGCGGTTTCGCTCstim","Oligo1","Oligo1","Oligo1"
"CGTAGCGTCAGTTTGGstim","Oligo2","Oligo2","Oligo2"
"CGTAGGCAGTTACCCAstim","Oligo1","Oligo1","Oligo1"
"CGTCACTCATGCCACGstim","Oligo1","Oligo1","Oligo1"
"CGTCAGGAGTCCCACGstim","Oligo1","Oligo1","Oligo1"
"CGTCCATTCTTCCTTCstim","Oligo1","Oligo1","Oligo1"
"CGTCTACAGTGCCATTstim","Oligo2","Oligo2","Oligo2"
"CGTGAGCAGTGGAGTCstim","Oligo1","Oligo1","Oligo1"
"CGTGAGCGTCTTCGTCstim","Oligo1","Oligo1","Oligo1"
"CGTGTCTCAACTGCGCstim","Oligo1","Oligo1","Oligo1"
"CGTTAGACAGGCGATAstim","Oligo1","Oligo1","Oligo1"
"CGTTAGATCTTCGGTCstim","Oligo1","Oligo1","Oligo1"
"CGTTCTGAGGTGTGGTstim","Oligo1","Oligo1","Oligo1"
"CGTTCTGTCGTACGGCstim","Oligo1","Oligo1","Oligo1"
"CGTTGGGAGGCATGTGstim","Oligo1","Oligo1","Oligo1"
"CGTTGGGGTAGGCATGstim","Oligo1","Oligo1","Oligo1"
"CGTTGGGTCAAGATCCstim","Oligo1","Oligo1","Oligo1"
"CTACACCAGCGTTCCGstim","Oligo1","Oligo1","Oligo1"
"CTACACCAGGGAAACAstim","Oligo1","Oligo1","Oligo1"
"CTACATTCAGGGCATAstim","Oligo1","Oligo1","Oligo1"
"CTACATTCATCACGATstim","Oligo1","Oligo1","Oligo1"
"CTACATTGTCCGACGTstim","Oligo1","Oligo1","Oligo1"
"CTACATTTCAGAGGTGstim","Oligo1","Oligo1","Oligo1"
"CTACCCAAGCTCCTTCstim","Oligo1","Oligo1","Oligo1"
"CTACCCATCTTACCTAstim","Oligo1","Oligo1","Oligo1"
"CTACGTCTCGTCTGCTstim","Oligo1","Oligo1","Oligo1"
"CTAGAGTGTCGTCTTCstim","Oligo1","Oligo1","Oligo1"
"CTAGAGTTCGGCATCGstim","Oligo1","Oligo1","Oligo1"
"CTAGCCTGTAGGGTACstim","Oligo1","Oligo1","Oligo1"
"CTAGTGAAGCCAGTTTstim","Oligo1","Oligo1","Oligo1"
"CTAGTGAAGGGCATGTstim","Oligo1","Oligo1","Oligo1"
"CTCAGAATCCTGTAGAstim","Oligo1","Oligo1","Oligo1"
"CTCATTACAGTGGGATstim","Oligo1","Oligo1","Oligo1"
"CTCCTAGCAAACTGTCstim","Oligo2","Oligo2","Oligo2"
"CTCCTAGCAATCAGAAstim","Oligo1","Oligo1","Oligo1"
"CTCCTAGGTAAGGGAAstim","Oligo1","Oligo1","Oligo1"
"CTCCTAGTCGGCGCTAstim","Oligo1","Oligo1","Oligo1"
"CTCCTAGTCGTACGGCstim","Oligo1","Oligo1","Oligo1"
"CTCCTAGTCTACGAGTstim","Oligo1","Oligo1","Oligo1"
"CTCGAAAAGCGTTGCCstim","Oligo1","Oligo1","Oligo1"
"CTCGAAAGTATTAGCCstim","Oligo1","Oligo1","Oligo1"
"CTCGAAATCCTGCAGGstim","Oligo1","Oligo1","Oligo1"
"CTCGAAATCGCAGGCTstim","Oligo1","Oligo1","Oligo1"
"CTCGAAATCTACTCATstim","Oligo1","Oligo1","Oligo1"
"CTCGAGGGTCATTAGCstim","Oligo1","Oligo1","Oligo1"
"CTCGGAGGTACGAAATstim","Oligo1","Oligo1","Oligo1"
"CTCGGAGTCCTTAATCstim","Oligo1","Oligo1","Oligo1"
"CTCGGGACATGCATGTstim","Oligo1","Oligo1","Oligo1"
"CTCGGGATCAGTTAGCstim","Oligo2","Oligo2","Oligo2"
"CTCGTACAGCTAGTCTstim","Oligo1","Oligo1","Oligo1"
"CTCGTACTCCGCATAAstim","Oligo1","Oligo1","Oligo1"
"CTCGTCACATTGCGGCstim","Oligo1","Oligo1","Oligo1"
"CTCGTCACATTTCACTstim","Oligo2","Oligo2","Oligo2"
"CTCTAATCAAGCCGCTstim","Oligo1","Oligo1","Oligo1"
"CTCTAATCATGTCGATstim","Oligo1","Oligo1","Oligo1"
"CTCTACGGTCTCCATCstim","Oligo1","Oligo1","Oligo1"
"CTCTGGTAGCTGTTCAstim","Oligo2","Oligo2","Oligo2"
"CTCTGGTTCCCTAATTstim","Oligo1","Oligo1","Oligo1"
"CTGAAACCAGCTCGACstim","Oligo1","Oligo1","Oligo1"
"CTGAAACCAGCTGCTGstim","Oligo1","Oligo1","Oligo1"
"CTGAAACCATTTGCTTstim","Oligo2","Oligo2","Oligo2"
"CTGAAACTCCAAAGTCstim","Oligo2","Oligo2","Oligo2"
"CTGATAGCACTGAAGGstim","Oligo1","Oligo1","Oligo1"
"CTGATAGTCCTCATTAstim","Oligo1","Oligo1","Oligo1"
"CTGATCCAGTACGTAAstim","Oligo1","Oligo1","Oligo1"
"CTGATCCCAGATCGGAstim","Oligo1","Oligo1","Oligo1"
"CTGATCCTCATACGGTstim","Oligo1","Oligo1","Oligo1"
"CTGATCCTCATGCAACstim","Oligo1","Oligo1","Oligo1"
"CTGCCTACAGCGAACAstim","Oligo1","Oligo1","Oligo1"
"CTGCCTATCGCCAAATstim","Oligo1","Oligo1","Oligo1"
"CTGCGGAAGGACATTAstim","Oligo1","Oligo1","Oligo1"
"CTGCGGACAGTAACGGstim","Oligo1","Oligo1","Oligo1"
"CTGCTGTTCGGTTAACstim","Oligo1","Oligo1","Oligo1"
"CTGGTCTAGATAGTCAstim","Oligo1","Oligo1","Oligo1"
"CTGTGCTAGATGTTAGstim","Oligo1","Oligo1","Oligo1"
"CTTAACTCAAAGCGGTstim","Oligo1","Oligo1","Oligo1"
"CTTACCGCAACACGCCstim","Oligo1","Oligo1","Oligo1"
"CTTACCGTCCTAGTGAstim","Oligo1","Oligo1","Oligo1"
"CTTACCGTCTGCGACGstim","Oligo1","Oligo1","Oligo1"
"CTTAGGACACTTGGATstim","Oligo1","Oligo1","Oligo1"
"CTTAGGATCCTAAGTGstim","Oligo1","Oligo1","Oligo1"
"CTTCTCTAGAATCTCCstim","Oligo1","Oligo1","Oligo1"
"CTTGGCTAGAGCAATTstim","Oligo1","Oligo1","Oligo1"
"CTTGGCTCATGCATGTstim","Oligo1","Oligo1","Oligo1"
"CTTGGCTGTGCTCTTCstim","Oligo3","Oligo3","Oligo3"
"CTTTGCGAGTCTCAACstim","Oligo1","Oligo1","Oligo1"
"GAAACTCCACCGAAAGstim","Oligo1","Oligo1","Oligo1"
"GAAACTCGTGACGGTAstim","Oligo1","Oligo1","Oligo1"
"GAAATGAAGATGGGTCstim","Oligo1","Oligo1","Oligo1"
"GAAATGATCCGGGTGTstim","Oligo1","Oligo1","Oligo1"
"GAACATCTCGAATGCTstim","Oligo2","Oligo2","Oligo2"
"GAACCTAGTGTCTGATstim","Oligo1","Oligo1","Oligo1"
"GAACGGACATGGGAACstim","Oligo1","Oligo1","Oligo1"
"GAACGGAGTATCAGTCstim","Oligo1","Oligo1","Oligo1"
"GAACGGAGTTTACTCTstim","Oligo1","Oligo1","Oligo1"
"GAAGCAGCAAGCTGAGstim","Oligo1","Oligo1","Oligo1"
"GAATAAGGTAGCTTGTstim","Oligo1","Oligo1","Oligo1"
"GAATGAAGTACTTAGCstim","Oligo1","Oligo1","Oligo1"
"GAATGAAGTTCCGGCAstim","Oligo1","Oligo1","Oligo1"
"GAATGAATCTTTAGGGstim","Oligo1","Oligo1","Oligo1"
"GACACGCCACTCGACGstim","Oligo1","Oligo1","Oligo1"
"GACACGCTCGGCGCTAstim","Oligo1","Oligo1","Oligo1"
"GACAGAGAGCGATAGCstim","Oligo1","Oligo1","Oligo1"
"GACAGAGAGCTCAACTstim","Oligo1","Oligo1","Oligo1"
"GACCAATAGCCCAGCTstim","Oligo1","Oligo1","Oligo1"
"GACCAATCACAACTGTstim","Oligo1","Oligo1","Oligo1"
"GACCAATCACCCAGTGstim","Oligo1","Oligo1","Oligo1"
"GACCAATGTGGGTCAAstim","Oligo2","Oligo2","Oligo2"
"GACCAATGTTGTCGCGstim","Oligo1","Oligo1","Oligo1"
"GACCTGGGTAGGCATGstim","Oligo1","Oligo1","Oligo1"
"GACCTGGTCAAGGCTTstim","Oligo2","Oligo2","Oligo2"
"GACCTGGTCTGTCAAGstim","Oligo1","Oligo1","Oligo1"
"GACGCGTTCAACCAACstim","Oligo2","Oligo2","Oligo2"
"GACGCGTTCCGAGCCAstim","Oligo2","Oligo2","Oligo2"
"GACGGCTCAAGCTGAGstim","Oligo1","Oligo1","Oligo1"
"GACGGCTTCAAACAAGstim","Oligo1","Oligo1","Oligo1"
"GACGTGCAGATAGTCAstim","Oligo1","Oligo1","Oligo1"
"GACGTGCAGGATGGAAstim","Oligo1","Oligo1","Oligo1"
"GACGTGCCATGACATCstim","Oligo1","Oligo1","Oligo1"
"GACGTGCTCAACCAACstim","Oligo1","Oligo1","Oligo1"
"GACTAACAGTCGTTTGstim","Oligo1","Oligo1","Oligo1"
"GACTAACCAATAACGAstim","Oligo1","Oligo1","Oligo1"
"GACTAACCAGCCAATTstim","Oligo1","Oligo1","Oligo1"
"GACTAACCATGTTGACstim","Oligo1","Oligo1","Oligo1"
"GACTAACGTGTTTGTGstim","Oligo1","Oligo1","Oligo1"
"GACTACAAGAGGGCTTstim","Oligo1","Oligo1","Oligo1"
"GACTACAAGATCACGGstim","Oligo3","Oligo3","Oligo3"
"GACTACAGTGAGTATAstim","Oligo1","Oligo1","Oligo1"
"GACTGCGCACGAAATAstim","Oligo1","Oligo1","Oligo1"
"GACTGCGTCGCGTTTCstim","Oligo1","Oligo1","Oligo1"
"GAGCAGAGTGCGCTTGstim","Oligo1","Oligo1","Oligo1"
"GAGCAGAGTGTTCGATstim","Oligo2","Oligo2","Oligo2"
"GAGTCCGAGATCACGGstim","Oligo1","Oligo1","Oligo1"
"GAGTCCGGTTGCGCACstim","Oligo1","Oligo1","Oligo1"
"GATCAGTAGGAGCGAGstim","Oligo1","Oligo1","Oligo1"
"GATCAGTGTCAAAGCGstim","Oligo1","Oligo1","Oligo1"
"GATCAGTTCTGCTTGCstim","Oligo2","Oligo2","Oligo2"
"GATCGATAGTGGCACAstim","Oligo2","Oligo2","Oligo2"
"GATCGATCAGCATACTstim","Oligo1","Oligo1","Oligo1"
"GATCGATCATGTCTCCstim","Oligo1","Oligo1","Oligo1"
"GATCGATTCTCAAGTGstim","Oligo1","Oligo1","Oligo1"
"GATCGCGCATACTCTTstim","Oligo1","Oligo1","Oligo1"
"GATCGCGGTACCCAATstim","Oligo1","Oligo1","Oligo1"
"GATCGTAAGAGTAAGGstim","Oligo1","Oligo1","Oligo1"
"GATCGTACAGACGCTCstim","Oligo1","Oligo1","Oligo1"
"GATCGTAGTAGGCTGAstim","Oligo1","Oligo1","Oligo1"
"GATCGTATCTGGTTCCstim","Oligo1","Oligo1","Oligo1"
"GATCTAGAGGAGTAGAstim","Oligo2","Oligo2","Oligo2"
"GATCTAGCAACAACCTstim","Oligo1","Oligo1","Oligo1"
"GATGAGGAGTGTACTCstim","Oligo1","Oligo1","Oligo1"
"GATGCTATCTCACATTstim","Oligo1","Oligo1","Oligo1"
"GATTCAGCATCGGAAGstim","Oligo1","Oligo1","Oligo1"
"GCAAACTAGAACTCGGstim","Oligo1","Oligo1","Oligo1"
"GCAAACTCATTAGGCTstim","Oligo1","Oligo1","Oligo1"
"GCAAACTGTGTTGAGGstim","Oligo1","Oligo1","Oligo1"
"GCAAACTTCATCGCTCstim","Oligo1","Oligo1","Oligo1"
"GCACATAAGCGATTCTstim","Oligo1","Oligo1","Oligo1"
"GCACATACAAGTAATGstim","Oligo1","Oligo1","Oligo1"
"GCACATAGTAAGTAGTstim","Oligo1","Oligo1","Oligo1"
"GCACATAGTCGCATCGstim","Oligo1","Oligo1","Oligo1"
"GCACTCTTCTGGTTCCstim","Oligo1","Oligo1","Oligo1"
"GCAGCCACACGTCTCTstim","Oligo1","Oligo1","Oligo1"
"GCATACACAGCTGTATstim","Oligo1","Oligo1","Oligo1"
"GCATACACAGTCGTGCstim","Oligo2","Oligo2","Oligo2"
"GCATGATCACGTTGGCstim","Oligo1","Oligo1","Oligo1"
"GCATGATGTCAATGTCstim","Oligo1","Oligo1","Oligo1"
"GCATGCGGTTACCAGTstim","Oligo1","Oligo1","Oligo1"
"GCATGTATCCCATTATstim","Oligo1","Oligo1","Oligo1"
"GCCAAATAGGCCGAATstim","Oligo1","Oligo1","Oligo1"
"GCCAAATTCCAAACTGstim","Oligo1","Oligo1","Oligo1"
"GCCAAATTCTGCGACGstim","Oligo1","Oligo1","Oligo1"
"GCCTCTATCACATAGCstim","Oligo1","Oligo1","Oligo1"
"GCCTCTATCAGTACGTstim","Oligo1","Oligo1","Oligo1"
"GCGAGAACAAGGCTCCstim","Oligo2","Oligo2","Oligo2"
"GCGAGAACACTGTTAGstim","Oligo1","Oligo1","Oligo1"
"GCGAGAACATCTACGAstim","Oligo1","Oligo1","Oligo1"
"GCGAGAATCACATAGCstim","Oligo1","Oligo1","Oligo1"
"GCGCAACAGCGAGAAAstim","Oligo1","Oligo1","Oligo1"
"GCGCAGTCACGGACAAstim","Oligo1","Oligo1","Oligo1"
"GCGCCAAAGATCCCGCstim","Oligo1","Oligo1","Oligo1"
"GCGCCAACACGCATCGstim","Oligo1","Oligo1","Oligo1"
"GCGCGATCACTAGTACstim","Oligo1","Oligo1","Oligo1"
"GCGCGATGTCGCTTCTstim","Oligo1","Oligo1","Oligo1"
"GCGGGTTAGTTCCACAstim","Oligo2","Oligo2","Oligo2"
"GCGGGTTCATTATCTCstim","Oligo1","Oligo1","Oligo1"
"GCGGGTTGTCTTGCGGstim","Oligo1","Oligo1","Oligo1"
"GCTCTGTAGAGCCCAAstim","Oligo1","Oligo1","Oligo1"
"GCTCTGTGTTCACGGCstim","Oligo1","Oligo1","Oligo1"
"GCTCTGTTCACTGGGCstim","Oligo1","Oligo1","Oligo1"
"GCTGCGAGTCTAAACCstim","Oligo1","Oligo1","Oligo1"
"GCTGCTTCACCTCGGAstim","Oligo2","Oligo2","Oligo2"
"GCTGCTTTCCGGCACAstim","Oligo1","Oligo1","Oligo1"
"GCTGGGTCAAGCGCTCstim","Oligo1","Oligo1","Oligo1"
"GCTGGGTCACGACGAAstim","Oligo2","Oligo2","Oligo2"
"GCTGGGTGTAGCCTATstim","Oligo1","Oligo1","Oligo1"
"GCTGGGTGTATTCTCTstim","Oligo1","Oligo1","Oligo1"
"GCTGGGTTCCTTGGTCstim","Oligo1","Oligo1","Oligo1"
"GCTTCCATCGAACTGTstim","Oligo2","Oligo2","Oligo2"
"GCTTCCATCGAATGCTstim","Oligo1","Oligo1","Oligo1"
"GCTTGAACACCGATATstim","Oligo2","Oligo2","Oligo2"
"GGAACTTAGGTGCACAstim","Oligo1","Oligo1","Oligo1"
"GGAACTTAGTGGCACAstim","Oligo1","Oligo1","Oligo1"
"GGAACTTCAAAGAATCstim","Oligo1","Oligo1","Oligo1"
"GGAACTTCAGTATGCTstim","Oligo1","Oligo1","Oligo1"
"GGAATAAAGTGTACTCstim","Oligo1","Oligo1","Oligo1"
"GGACAAGAGATGAGAGstim","Oligo1","Oligo1","Oligo1"
"GGACAAGGTGTCTGATstim","Oligo2","Oligo2","Oligo2"
"GGACATTAGCCCAACCstim","Oligo1","Oligo1","Oligo1"
"GGACATTTCATCGATGstim","Oligo1","Oligo1","Oligo1"
"GGACATTTCTGTCTCGstim","Oligo1","Oligo1","Oligo1"
"GGACGTCTCCGAATGTstim","Oligo1","Oligo1","Oligo1"
"GGATTACCACACGCTGstim","Oligo1","Oligo1","Oligo1"
"GGATTACTCCGTTGCTstim","Oligo1","Oligo1","Oligo1"
"GGCAATTAGATCGGGTstim","Oligo1","Oligo1","Oligo1"
"GGCAATTCAAATCCGTstim","Oligo1","Oligo1","Oligo1"
"GGCCGATCAGTCGATTstim","Oligo1","Oligo1","Oligo1"
"GGCTGGTAGAAGGACAstim","Oligo1","Oligo1","Oligo1"
"GGCTGGTAGCAGATCGstim","Oligo1","Oligo1","Oligo1"
"GGGAATGTCGAGAGCAstim","Oligo1","Oligo1","Oligo1"
"GGGCACTAGTATGACAstim","Oligo1","Oligo1","Oligo1"
"GGGCATCCAAGACACGstim","Oligo1","Oligo1","Oligo1"
"GGGCATCCACGACGAAstim","Oligo1","Oligo1","Oligo1"
"GGGCATCCAGATCTGTstim","Oligo1","Oligo1","Oligo1"
"GGGTCTGAGCCATCGCstim","Oligo1","Oligo1","Oligo1"
"GGGTCTGCACATTAGCstim","Oligo1","Oligo1","Oligo1"
"GGGTCTGCACGTGAGAstim","Oligo1","Oligo1","Oligo1"
"GGGTCTGCATGCAACTstim","Oligo1","Oligo1","Oligo1"
"GGGTCTGTCCTAGGGCstim","Oligo1","Oligo1","Oligo1"
"GGGTTGCCACCATGTAstim","Oligo2","Oligo2","Oligo2"
"GGTATTGCAATAGCAAstim","Oligo2","Oligo2","Oligo2"
"GGTATTGTCAGTCCCTstim","Oligo1","Oligo1","Oligo1"
"GGTGAAGTCTCGCATCstim","Oligo1","Oligo1","Oligo1"
"GGTGCGTAGCCACCTGstim","Oligo2","Oligo2","Oligo2"
"GGTGCGTTCACCTTATstim","Oligo1","Oligo1","Oligo1"
"GTAACGTGTAAGGATTstim","Oligo1","Oligo1","Oligo1"
"GTAACGTGTCTTGCGGstim","Oligo1","Oligo1","Oligo1"
"GTAACGTTCGTCTGCTstim","Oligo1","Oligo1","Oligo1"
"GTAACTGAGTGGAGAAstim","Oligo2","Oligo2","Oligo2"
"GTAACTGCACATGACTstim","Oligo2","Oligo2","Oligo2"
"GTAACTGGTGCTGTATstim","Oligo1","Oligo1","Oligo1"
"GTACTCCAGTGGTAATstim","Oligo2","Oligo2","Oligo2"
"GTACTTTTCGCCAAATstim","Oligo1","Oligo1","Oligo1"
"GTAGTCAAGAGAGCTCstim","Oligo2","Oligo2","Oligo2"
"GTAGTCATCATTCACTstim","Oligo1","Oligo1","Oligo1"
"GTATTCTAGTGGGTTGstim","Oligo1","Oligo1","Oligo1"
"GTATTCTTCACATAGCstim","Oligo1","Oligo1","Oligo1"
"GTATTCTTCTCAAGTGstim","Oligo1","Oligo1","Oligo1"
"GTCAAGTTCGCGCCAAstim","Oligo1","Oligo1","Oligo1"
"GTCAAGTTCTGCCAGGstim","Oligo1","Oligo1","Oligo1"
"GTCACGGGTTCGGGCTstim","Oligo2","Oligo2","Oligo2"
"GTCATTTAGCTGTCTAstim","Oligo1","Oligo1","Oligo1"
"GTCATTTGTCCGAATTstim","Oligo1","Oligo1","Oligo1"
"GTCCTCACACAACGCCstim","Oligo1","Oligo1","Oligo1"
"GTCGGGTAGGGCATGTstim","Oligo2","Oligo2","Oligo2"
"GTCGGGTAGGGTGTTGstim","Oligo1","Oligo1","Oligo1"
"GTCGGGTCATCGTCGGstim","Oligo1","Oligo1","Oligo1"
"GTCGGGTTCCTATGTTstim","Oligo1","Oligo1","Oligo1"
"GTCGTAACAGGATCGAstim","Oligo2","Oligo2","Oligo2"
"GTCGTAACATACTCTTstim","Oligo1","Oligo1","Oligo1"
"GTCTCGTGTCTTGATGstim","Oligo1","Oligo1","Oligo1"
"GTCTTCGCACTTACGAstim","Oligo2","Oligo2","Oligo2"
"GTCTTCGGTGGCTCCAstim","Oligo1","Oligo1","Oligo1"
"GTGAAGGTCACATGCAstim","Oligo1","Oligo1","Oligo1"
"GTGCAGCCAAGCTGTTstim","Oligo1","Oligo1","Oligo1"
"GTGCAGCGTTAAGTAGstim","Oligo1","Oligo1","Oligo1"
"GTGCATAAGGATGCGTstim","Oligo1","Oligo1","Oligo1"
"GTGCGGTAGATGCGACstim","Oligo1","Oligo1","Oligo1"
"GTGCGGTCAAAGAATCstim","Oligo1","Oligo1","Oligo1"
"GTGCGGTGTACAAGTAstim","Oligo1","Oligo1","Oligo1"
"GTGCGGTTCATCTGCCstim","Oligo1","Oligo1","Oligo1"
"GTGCGGTTCTCGTATTstim","Oligo1","Oligo1","Oligo1"
"GTGCGGTTCTTATCTGstim","Oligo1","Oligo1","Oligo1"
"GTGCTTCAGGACAGCTstim","Oligo2","Oligo2","Oligo2"
"GTGCTTCGTGTGTGCCstim","Oligo2","Oligo2","Oligo2"
"GTGCTTCTCGCGATCGstim","Oligo2","Oligo2","Oligo2"
"GTGGGTCGTCCAAGTTstim","Oligo2","Oligo2","Oligo2"
"GTGTGCGTCTCCAGGGstim","Oligo1","Oligo1","Oligo1"
"GTGTTAGTCTGGCGACstim","Oligo1","Oligo1","Oligo1"
"GTTAAGCCACGGTGTCstim","Oligo1","Oligo1","Oligo1"
"GTTACAGCAGCTGCACstim","Oligo2","Oligo2","Oligo2"
"GTTACAGTCTTAGAGCstim","Oligo1","Oligo1","Oligo1"
"GTTCATTCACTTACGAstim","Oligo1","Oligo1","Oligo1"
"GTTCGGGCACCAGGCTstim","Oligo1","Oligo1","Oligo1"
"GTTCGGGGTCGGGTCTstim","Oligo1","Oligo1","Oligo1"
"GTTCGGGTCACATGCAstim","Oligo1","Oligo1","Oligo1"
"GTTCTCGAGAGACTTAstim","Oligo1","Oligo1","Oligo1"
"GTTCTCGAGAGGTTATstim","Oligo1","Oligo1","Oligo1"
"GTTTCTAAGATGAGAGstim","Oligo2","Oligo2","Oligo2"
"GTTTCTACAACTGCTAstim","Oligo1","Oligo1","Oligo1"
"GTTTCTACATCAGTCAstim","Oligo2","Oligo2","Oligo2"
"TAAACCGAGTTCCACAstim","Oligo1","Oligo1","Oligo1"
"TAAACCGTCATGTAGCstim","Oligo1","Oligo1","Oligo1"
"TAAACCGTCCCATTATstim","Oligo2","Oligo2","Oligo2"
"TAAACCGTCTCCCTGAstim","Oligo2","Oligo2","Oligo2"
"TAAGAGACAGTCAGCCstim","Oligo2","Oligo2","Oligo2"
"TAAGAGACATCCAACAstim","Oligo1","Oligo1","Oligo1"
"TAAGAGAGTTTAGCTGstim","Oligo1","Oligo1","Oligo1"
"TAAGTGCAGCTGAACGstim","Oligo1","Oligo1","Oligo1"
"TAAGTGCAGGCAGGTTstim","Oligo1","Oligo1","Oligo1"
"TAAGTGCTCAAGATCCstim","Oligo1","Oligo1","Oligo1"
"TACAGTGAGAGACTTAstim","Oligo1","Oligo1","Oligo1"
"TACCTATGTACCCAATstim","Oligo2","Oligo2","Oligo2"
"TACCTATGTAGCGATGstim","Oligo1","Oligo1","Oligo1"
"TACCTTAAGAAACGAGstim","Oligo1","Oligo1","Oligo1"
"TACCTTAGTCTGCCAGstim","Oligo1","Oligo1","Oligo1"
"TACGGATAGCCTATGTstim","Oligo1","Oligo1","Oligo1"
"TACGGGCCATCTCGCTstim","Oligo1","Oligo1","Oligo1"
"TACGGGCGTCTCAACAstim","Oligo1","Oligo1","Oligo1"
"TACGGGCGTGAGTATAstim","Oligo2","Oligo2","Oligo2"
"TACGGGCTCTTCGGTCstim","Oligo1","Oligo1","Oligo1"
"TACGGTATCTGTCAAGstim","Oligo1","Oligo1","Oligo1"
"TACTCATAGTGCCAGAstim","Oligo1","Oligo1","Oligo1"
"TACTCATCATTAACCGstim","Oligo1","Oligo1","Oligo1"
"TACTTACAGCTTATCGstim","Oligo1","Oligo1","Oligo1"
"TACTTACCACAGAGGTstim","Oligo1","Oligo1","Oligo1"
"TACTTACGTATCGCATstim","Oligo1","Oligo1","Oligo1"
"TACTTGTTCTACTCATstim","Oligo1","Oligo1","Oligo1"
"TAGACCAGTAAACACAstim","Oligo1","Oligo1","Oligo1"
"TAGACCAGTGATGTCTstim","Oligo1","Oligo1","Oligo1"
"TAGAGCTAGTTTGCGTstim","Oligo1","Oligo1","Oligo1"
"TAGAGCTCACTTCGAAstim","Oligo1","Oligo1","Oligo1"
"TAGAGCTGTCGCATATstim","Oligo2","Oligo2","Oligo2"
"TAGCCGGGTCGCTTCTstim","Oligo2","Oligo2","Oligo2"
"TAGCCGGGTTAAAGACstim","Oligo1","Oligo1","Oligo1"
"TAGCCGGTCTTTACACstim","Oligo1","Oligo1","Oligo1"
"TAGTTGGTCGCCTGAGstim","Oligo1","Oligo1","Oligo1"
"TATGCCCAGCTCCTTCstim","Oligo1","Oligo1","Oligo1"
"TATTACCAGACGACGTstim","Oligo1","Oligo1","Oligo1"
"TATTACCCAAATACAGstim","Oligo1","Oligo1","Oligo1"
"TATTACCCAGTTAACCstim","Oligo2","Oligo2","Oligo2"
"TATTACCTCACAACGTstim","Oligo1","Oligo1","Oligo1"
"TATTACCTCATCGCTCstim","Oligo1","Oligo1","Oligo1"
"TCAACGACATCAGTCAstim","Oligo1","Oligo1","Oligo1"
"TCAATCTCATCGATGTstim","Oligo1","Oligo1","Oligo1"
"TCACAAGAGCCGGTAAstim","Oligo1","Oligo1","Oligo1"
"TCACGAACATTAGCCAstim","Oligo1","Oligo1","Oligo1"
"TCAGATGAGTCCCACGstim","Oligo1","Oligo1","Oligo1"
"TCAGATGCAGACACTTstim","Oligo1","Oligo1","Oligo1"
"TCAGATGTCGTTTGCCstim","Oligo1","Oligo1","Oligo1"
"TCAGCAAGTACCATCAstim","Oligo1","Oligo1","Oligo1"
"TCAGCAATCACCGGGTstim","Oligo2","Oligo2","Oligo2"
"TCAGCAATCGTCACGGstim","Oligo1","Oligo1","Oligo1"
"TCAGCTCGTCCTCTTGstim","Oligo1","Oligo1","Oligo1"
"TCAGGATAGCGTGTCCstim","Oligo1","Oligo1","Oligo1"
"TCAGGATAGTCATCCAstim","Oligo1","Oligo1","Oligo1"
"TCATTACCAGTATCTGstim","Oligo1","Oligo1","Oligo1"
"TCATTACGTCATGCATstim","Oligo1","Oligo1","Oligo1"
"TCATTTGAGTGACATAstim","Oligo1","Oligo1","Oligo1"
"TCATTTGGTTTAGGAAstim","Oligo1","Oligo1","Oligo1"
"TCATTTGTCCGGCACAstim","Oligo1","Oligo1","Oligo1"
"TCCACACGTTCTCATTstim","Oligo1","Oligo1","Oligo1"
"TCGCGAGAGAGACGAAstim","Oligo1","Oligo1","Oligo1"
"TCGCGTTCAAAGCAATstim","Oligo2","Oligo2","Oligo2"
"TCGCGTTTCCGCATAAstim","Oligo2","Oligo2","Oligo2"
"TCGGGACAGACCCACCstim","Oligo2","Oligo2","Oligo2"
"TCGGGACAGAGGACGGstim","Oligo1","Oligo1","Oligo1"
"TCGGGACCACTCAGGCstim","Oligo2","Oligo2","Oligo2"
"TCGGTAACAAACCCATstim","Oligo1","Oligo1","Oligo1"
"TCGTACCCAATGAAACstim","Oligo1","Oligo1","Oligo1"
"TCGTAGATCGGACAAGstim","Oligo1","Oligo1","Oligo1"
"TCTATTGAGTGTTAGAstim","Oligo2","Oligo2","Oligo2"
"TCTATTGGTACGCTGCstim","Oligo1","Oligo1","Oligo1"
"TCTATTGTCCTTTCGGstim","Oligo1","Oligo1","Oligo1"
"TCTCATAAGAGTCGGTstim","Oligo1","Oligo1","Oligo1"
"TCTCATACACATAACCstim","Oligo1","Oligo1","Oligo1"
"TCTCTAACAACACCCGstim","Oligo1","Oligo1","Oligo1"
"TCTGAGACAGGCTGAAstim","Oligo2","Oligo2","Oligo2"
"TCTGGAAAGGACTGGTstim","Oligo1","Oligo1","Oligo1"
"TCTGGAACATTACCTTstim","Oligo1","Oligo1","Oligo1"
"TCTTCGGAGTTCGATCstim","Oligo1","Oligo1","Oligo1"
"TCTTCGGCACGTAAGGstim","Oligo1","Oligo1","Oligo1"
"TCTTTCCCATGCATGTstim","Oligo1","Oligo1","Oligo1"
"TCTTTCCCATTGGTACstim","Oligo1","Oligo1","Oligo1"
"TGAAAGATCAGCACATstim","Oligo2","Oligo2","Oligo2"
"TGACAACAGTTAACGAstim","Oligo1","Oligo1","Oligo1"
"TGACAACTCATGTCTTstim","Oligo1","Oligo1","Oligo1"
"TGACTAGGTAAACCTCstim","Oligo1","Oligo1","Oligo1"
"TGACTAGGTAAGCACGstim","Oligo1","Oligo1","Oligo1"
"TGACTTTAGCGTCAAGstim","Oligo1","Oligo1","Oligo1"
"TGACTTTGTTGCTCCTstim","Oligo1","Oligo1","Oligo1"
"TGAGCCGCACATCTTTstim","Oligo1","Oligo1","Oligo1"
"TGAGCCGCATGCCACGstim","Oligo1","Oligo1","Oligo1"
"TGAGCCGGTAATCACCstim","Oligo1","Oligo1","Oligo1"
"TGAGGGAAGCTGCGAAstim","Oligo1","Oligo1","Oligo1"
"TGAGGGACAATACGCTstim","Oligo2","Oligo2","Oligo2"
"TGAGGGAGTTATCCGAstim","Oligo2","Oligo2","Oligo2"
"TGATTTCCACATCCGGstim","Oligo1","Oligo1","Oligo1"
"TGATTTCTCAGTCCCTstim","Oligo1","Oligo1","Oligo1"
"TGCCAAAAGGTGACCAstim","Oligo1","Oligo1","Oligo1"
"TGCCAAACACAGACTTstim","Oligo1","Oligo1","Oligo1"
"TGCCAAACACTCTGTCstim","Oligo1","Oligo1","Oligo1"
"TGCCCTAAGTGAATTGstim","Oligo2","Oligo2","Oligo2"
"TGCCCTACAAGCGATGstim","Oligo1","Oligo1","Oligo1"
"TGCCCTACATGTTCCCstim","Oligo1","Oligo1","Oligo1"
"TGCCCTATCATAACCGstim","Oligo1","Oligo1","Oligo1"
"TGCCCTATCCTATTCAstim","Oligo2","Oligo2","Oligo2"
"TGCCCTATCTCGCATCstim","Oligo1","Oligo1","Oligo1"
"TGCGCAGCACTTACGAstim","Oligo1","Oligo1","Oligo1"
"TGCGGGTAGCCGCCTAstim","Oligo2","Oligo2","Oligo2"
"TGCGGGTGTAGCTGCCstim","Oligo1","Oligo1","Oligo1"
"TGCGGGTTCCCTCTTTstim","Oligo2","Oligo2","Oligo2"
"TGCGTGGAGAGGTACCstim","Oligo1","Oligo1","Oligo1"
"TGCGTGGAGCCAGTTTstim","Oligo1","Oligo1","Oligo1"
"TGCGTGGAGGTGACCAstim","Oligo1","Oligo1","Oligo1"
"TGCGTGGCACCAGGTCstim","Oligo2","Oligo2","Oligo2"
"TGCGTGGCACGCTTTCstim","Oligo1","Oligo1","Oligo1"
"TGCGTGGCACTACAGTstim","Oligo2","Oligo2","Oligo2"
"TGCGTGGTCGGAGCAAstim","Oligo2","Oligo2","Oligo2"
"TGCGTGGTCTCCTATAstim","Oligo1","Oligo1","Oligo1"
"TGCTACCCACTTAAGCstim","Oligo1","Oligo1","Oligo1"
"TGCTACCTCGAGGTAGstim","Oligo1","Oligo1","Oligo1"
"TGCTGCTCAATTGCTGstim","Oligo1","Oligo1","Oligo1"
"TGGCCAGCACTGTGTAstim","Oligo1","Oligo1","Oligo1"
"TGGCCAGTCTGCAGTAstim","Oligo1","Oligo1","Oligo1"
"TGGCGCACAATAACGAstim","Oligo1","Oligo1","Oligo1"
"TGGGAAGAGGTAGCTGstim","Oligo1","Oligo1","Oligo1"
"TGGGAAGTCCATGAGTstim","Oligo1","Oligo1","Oligo1"
"TGGGAAGTCCTCAATTstim","Oligo1","Oligo1","Oligo1"
"TGGGCGTAGACAGAGAstim","Oligo1","Oligo1","Oligo1"
"TGGGCGTCAAAGAATCstim","Oligo2","Oligo2","Oligo2"
"TGGGCGTCACCTCGGAstim","Oligo1","Oligo1","Oligo1"
"TGGGCGTCACTTACGAstim","Oligo1","Oligo1","Oligo1"
"TGGTTAGAGACGCAACstim","Oligo1","Oligo1","Oligo1"
"TGGTTAGTCGCCAGCAstim","Oligo1","Oligo1","Oligo1"
"TGGTTCCAGCCACTATstim","Oligo1","Oligo1","Oligo1"
"TGGTTCCCAGCTGCACstim","Oligo1","Oligo1","Oligo1"
"TGTATTCCATCGATGTstim","Oligo1","Oligo1","Oligo1"
"TGTATTCGTGTTCTTTstim","Oligo1","Oligo1","Oligo1"
"TGTCCCAAGATGTAACstim","Oligo1","Oligo1","Oligo1"
"TGTCCCAGTTAAAGTGstim","Oligo2","Oligo2","Oligo2"
"TGTGTTTAGAGTCTGGstim","Oligo1","Oligo1","Oligo1"
"TGTGTTTAGTACGACGstim","Oligo2","Oligo2","Oligo2"
"TGTGTTTCAGTGACAGstim","Oligo1","Oligo1","Oligo1"
"TGTTCCGTCCAGAGGAstim","Oligo1","Oligo1","Oligo1"
"TTAACTCAGTTGCAGGstim","Oligo1","Oligo1","Oligo1"
"TTAACTCCACCAGCACstim","Oligo2","Oligo2","Oligo2"
"TTAACTCTCGCAGGCTstim","Oligo1","Oligo1","Oligo1"
"TTAGGACAGCCACGCTstim","Oligo1","Oligo1","Oligo1"
"TTAGGACTCTGTGCAAstim","Oligo1","Oligo1","Oligo1"
"TTAGGCAAGTCGTACTstim","Oligo1","Oligo1","Oligo1"
"TTAGGCACAGGAATGCstim","Oligo1","Oligo1","Oligo1"
"TTAGGCAGTAGCTTGTstim","Oligo2","Oligo2","Oligo2"
"TTAGGCATCCAAAGTCstim","Oligo1","Oligo1","Oligo1"
"TTAGTTCAGGAACTGCstim","Oligo1","Oligo1","Oligo1"
"TTAGTTCCATGTAAGAstim","Oligo1","Oligo1","Oligo1"
"TTAGTTCGTCGAAAGCstim","Oligo1","Oligo1","Oligo1"
"TTAGTTCGTTTAAGCCstim","Oligo1","Oligo1","Oligo1"
"TTATGCTGTACCGGCTstim","Oligo1","Oligo1","Oligo1"
"TTCCCAGAGTTCGCGCstim","Oligo1","Oligo1","Oligo1"
"TTCCCAGCAGCGAACAstim","Oligo1","Oligo1","Oligo1"
"TTCCCAGGTGTGACCCstim","Oligo1","Oligo1","Oligo1"
"TTCGAAGAGGCCCTTGstim","Oligo1","Oligo1","Oligo1"
"TTCGGTCGTGTCGCTGstim","Oligo1","Oligo1","Oligo1"
"TTCTACACAGACTCGCstim","Oligo1","Oligo1","Oligo1"
"TTCTACAGTCCAGTTAstim","Oligo1","Oligo1","Oligo1"
"TTCTCAAAGGGTGTGTstim","Oligo1","Oligo1","Oligo1"
"TTCTCAAGTAAACACAstim","Oligo1","Oligo1","Oligo1"
"TTCTCCTAGACAAAGGstim","Oligo1","Oligo1","Oligo1"
"TTCTCCTTCGCCAAATstim","Oligo1","Oligo1","Oligo1"
"TTGAACGCACGACGAAstim","Oligo1","Oligo1","Oligo1"
"TTGAACGGTCTCATCCstim","Oligo1","Oligo1","Oligo1"
"TTGACTTCAATCCAACstim","Oligo2","Oligo2","Oligo2"
"TTGACTTGTACCCAATstim","Oligo1","Oligo1","Oligo1"
"TTGACTTGTTACCGATstim","Oligo1","Oligo1","Oligo1"
"TTGACTTTCCTCGCATstim","Oligo1","Oligo1","Oligo1"
"TTGCCGTAGGACCACAstim","Oligo1","Oligo1","Oligo1"
"TTGCCGTTCACGACTAstim","Oligo1","Oligo1","Oligo1"
"TTGCGTCCAAAGCGGTstim","Oligo1","Oligo1","Oligo1"
"TTGCGTCCAATGGATAstim","Oligo1","Oligo1","Oligo1"
"TTGCGTCTCGTACGGCstim","Oligo1","Oligo1","Oligo1"
"TTGGAACAGCGATGACstim","Oligo1","Oligo1","Oligo1"
"TTGGCAACATCCTAGAstim","Oligo2","Oligo2","Oligo2"
"TTGGCAAGTGAGGGTTstim","Oligo1","Oligo1","Oligo1"
"TTGGCAATCCTCAACCstim","Oligo1","Oligo1","Oligo1"
"TTGGCAATCCTGCTTGstim","Oligo1","Oligo1","Oligo1"
"TTGTAGGGTCTCTTTAstim","Oligo1","Oligo1","Oligo1"
"TTTACTGCAGAGCCAAstim","Oligo2","Oligo2","Oligo2"
"TTTACTGGTTGTGGAGstim","Oligo1","Oligo1","Oligo1"
"TTTACTGTCGTATCAGstim","Oligo2","Oligo2","Oligo2"
"TTTATGCAGCGGATCAstim","Oligo1","Oligo1","Oligo1"
"TTTATGCTCATGGTCAstim","Oligo1","Oligo1","Oligo1"
"TTTCCTCAGCTGCCCAstim","Oligo1","Oligo1","Oligo1"
"TTTCCTCGTGGTACAGstim","Oligo2","Oligo2","Oligo2"
"TTTCCTCTCCGTTGCTstim","Oligo1","Oligo1","Oligo1"
"TTTGCGCAGGCGTACAstim","Oligo1","Oligo1","Oligo1"
"TTTGCGCAGGGCTTCCstim","Oligo2","Oligo2","Oligo2"
"TTTGCGCGTCACCTAAstim","Oligo2","Oligo2","Oligo2"
"TTTGCGCTCGGTTAACstim","Oligo2","Oligo2","Oligo2"
"TTTGGTTCACGACTCGstim","Oligo1","Oligo1","Oligo1"
"TTTGGTTGTGGTCTCGstim","Oligo1","Oligo1","Oligo1"
"TTTGGTTTCAATACCGstim","Oligo1","Oligo1","Oligo1"
"TTTGTCAGTACGCTGCstim","Oligo1","Oligo1","Oligo1"
"TTTGTCATCCCTAATTstim","Oligo1","Oligo1","Oligo1"
"AAACCTGGTCTGCAATstim","MHb2","MHb_cholinergic_1","MHb_B"
"AAACCTGTCTATGTGGstim","MHb2","MHb_cholinergic_1","MHb_B"
"AAACGGGCACACCGCAstim","MHb1","MHb_subP_cholinergic","MHb_subP_cholinergic"
"AAAGCAACACAGCGTCstim","MHb1","MHb_subP_cholinergic","MHb_subP_cholinergic"
"AAATGCCCAGGAACGTstim","MHb2","MHb_cholinergic_1","MHb_B"
"AACACGTAGTACATGAstim","MHb1","MHb_subP_cholinergic","MHb_subP_cholinergic"
"AACACGTTCACATGCAstim","MHb1","MHb_subP_cholinergic","MHb_subP_cholinergic"
"AACCATGGTATGAATGstim","MHb2","MHb_cholinergic_1","MHb_B"
"AACCATGGTCCGCTGAstim","MHb1","MHb_subP_cholinergic","MHb_subP_cholinergic"
"AACCGCGGTTTGACTGstim","MHb4","MHb_cholinergic_3","MHb_B"
"AACGTTGAGTAGCGGTstim","MHb1","MHb_subP_cholinergic","MHb_subP_cholinergic"
"AACTCAGAGTATCGAAstim","Neuron","MHb_cholinergic.2","MHb_cholinergic.2"
"AACTCCCAGATGTCGGstim","MHb4","MHb_cholinergic_3","MHb_B"
"AACTCCCTCCGTTGCTstim","MHb2","MHb_cholinergic_1","MHb_B"
"AACTTTCTCCAGGGCTstim","MHb1","MHb_subP_cholinergic","MHb_subP_cholinergic"
"AAGACCTGTAGCACGAstim","MHb2","MHb_cholinergic_1","MHb_B"
"AAGCCGCAGCTGCAAGstim","MHb2","MHb_cholinergic_1","MHb_B"
"AAGCCGCTCATGCTCCstim","MHb2","MHb_cholinergic_1","MHb_B"
"AAGGAGCAGATCTGCTstim","MHb1","MHb_subP_cholinergic","MHb_subP_cholinergic"
"AAGGCAGCAATAAGCAstim","MHb2","MHb_cholinergic_1","MHb_B"
"AAGGTTCGTGTAACGGstim","MHb2","MHb_cholinergic_1","MHb_B"
"AAGGTTCGTTCAACCAstim","MHb1","MHb_subP_cholinergic","MHb_subP_cholinergic"
"AAGGTTCTCTCAACTTstim","MHb4","MHb_cholinergic_3","MHb_B"
"AAGTCTGAGTTAGGTAstim","MHb1","MHb_subP_cholinergic","MHb_subP_cholinergic"
"AAGTCTGGTCATCCCTstim","MHb2","MHb_cholinergic_1","MHb_B"
"AAGTCTGTCAAACCGTstim","MHb1","MHb_subP_cholinergic","MHb_subP_cholinergic"
"AATCCAGGTTCGCTAAstim","MHb2","MHb_cholinergic_1","MHb_B"
"AATCCAGTCATTATCCstim","MHb2","MHb_cholinergic_1","MHb_B"
"AATCGGTCAGGTTTCAstim","MHb1","MHb_subP_cholinergic","MHb_subP_cholinergic"
"ACACCAACAAGGACACstim","MHb1","MHb_subP_cholinergic","MHb_subP_cholinergic"
"ACACCAAGTAGAGCTGstim","MHb1","MHb_subP_cholinergic","MHb_subP_cholinergic"
"ACACCCTTCTGCCAGGstim","MHb1","MHb_subP_cholinergic","MHb_subP_cholinergic"
"ACACCGGGTTATCACGstim","MHb1","MHb_subP_cholinergic","MHb_subP_cholinergic"
"ACACTGAGTTCCACTCstim","MHb1","MHb_subP_cholinergic","MHb_subP_cholinergic"
"ACACTGATCAGCGATTstim","MHb2","MHb_cholinergic_1","MHb_B"
"ACAGCCGAGAGAGCTCstim","MHb1","MHb_subP_cholinergic","MHb_subP_cholinergic"
"ACAGCCGAGTTTCCTTstim","MHb2","MHb_cholinergic_1","MHb_B"
"ACAGCTAAGTACGACGstim","MHb1","MHb_subP_cholinergic","MHb_subP_cholinergic"
"ACAGCTACAAACGTGGstim","MHb1","MHb_subP_cholinergic","MHb_subP_cholinergic"
"ACAGCTAGTACCAGTTstim","MHb2","MHb_cholinergic_1","MHb_B"
"ACAGCTATCGAACTGTstim","MHb1","MHb_subP_cholinergic","MHb_subP_cholinergic"
"ACATACGCAAGGTTCTstim","MHb1","MHb_subP_cholinergic","MHb_subP_cholinergic"
"ACATACGTCGCTGATAstim","MHb2","MHb_cholinergic_1","MHb_B"
"ACATCAGAGTACGACGstim","MHb4","MHb_cholinergic_3","MHb_B"
"ACATCAGGTAGGCATGstim","MHb1","MHb_subP_cholinergic","MHb_subP_cholinergic"
"ACATGGTAGAGGTACCstim","MHb1","MHb_subP_cholinergic","MHb_subP_cholinergic"
"ACATGGTTCGGATGTTstim","MHb1","MHb_subP_cholinergic","MHb_subP_cholinergic"
"ACCAGTACATCTACGAstim","Neuron","MHb_subP_cholinergic","MHb_subP_cholinergic"
"ACCAGTAGTAATAGCAstim","MHb2","MHb_cholinergic_1","MHb_B"
"ACCAGTATCCGAACGCstim","MHb1","MHb_subP_cholinergic","MHb_subP_cholinergic"
"ACCAGTATCTCTAGGAstim","MHb1","MHb_subP_cholinergic","MHb_subP_cholinergic"
"ACCCACTCACGAGGTAstim","MHb1","MHb_subP_cholinergic","MHb_subP_cholinergic"
"ACCGTAAAGCTAGTGGstim","MHb1","MHb_subP_cholinergic","MHb_subP_cholinergic"
"ACCGTAAAGCTGTCTAstim","MHb6","MHb_cholinergic_4","MHb_B"
"ACCGTAAAGGGAACGGstim","MHb4","MHb_cholinergic_3","MHb_B"
"ACCGTAAGTGAGTGACstim","MHb2","MHb_cholinergic_1","MHb_B"
"ACCGTAATCTGCGACGstim","MHb2","MHb_cholinergic_1","MHb_B"
"ACGAGCCTCTTTAGTCstim","MHb1","MHb_subP_cholinergic","MHb_subP_cholinergic"
"ACGATACAGAGGGATAstim","MHb1","MHb_subP_cholinergic","MHb_subP_cholinergic"
"ACGATACAGCGAGAAAstim","MHb4","MHb_cholinergic_3","MHb_B"
"ACGATACGTAGCCTCGstim","MHb1","MHb_subP_cholinergic","MHb_subP_cholinergic"
"ACGATGTAGGAGCGTTstim","MHb1","MHb_subP_cholinergic","MHb_subP_cholinergic"
"ACGATGTCAAAGTGCGstim","MHb1","MHb_subP_cholinergic","MHb_subP_cholinergic"
"ACGATGTCATTGCGGCstim","MHb1","MHb_subP_cholinergic","MHb_subP_cholinergic"
"ACGATGTGTAGCGTAGstim","MHb2","MHb_cholinergic_1","MHb_B"
"ACGATGTGTCGTCTTCstim","MHb2","MHb_cholinergic_1","MHb_B"
"ACGCAGCCAGACAAATstim","MHb1","MHb_subP_cholinergic","MHb_subP_cholinergic"
"ACGCAGCTCGCCATAAstim","MHb2","MHb_cholinergic_1","MHb_B"
"ACGCCAGTCTCGTTTAstim","MHb1","MHb_subP_cholinergic","MHb_subP_cholinergic"
"ACGCCGAAGGCCCTTGstim","MHb1","MHb_subP_cholinergic","MHb_subP_cholinergic"
"ACGCCGACACAGCGTCstim","MHb1","MHb_subP_cholinergic","MHb_subP_cholinergic"
"ACGGCCAAGCCACCTGstim","MHb2","MHb_cholinergic_1","MHb_B"
"ACGGCCAAGGATTCGGstim","MHb2","MHb_cholinergic_1","MHb_B"
"ACGGCCAGTATATGGAstim","MHb1","MHb_subP_cholinergic","MHb_subP_cholinergic"
"ACGGGCTTCCTCCTAGstim","MHb3","MHb_cholinergic_2","MHb_B"
"ACGGGTCAGAATCTCCstim","LHb1","LHb_1_1","LHb_C"
"ACGTCAATCGGTTCGGstim","MHb1","MHb_subP_cholinergic","MHb_subP_cholinergic"
"ACTATCTAGCTGCCCAstim","MHb2","MHb_cholinergic_1","MHb_B"
"ACTGAACTCCCGACTTstim","MHb4","MHb_cholinergic_3","MHb_B"
"ACTGCTCGTTTGACTGstim","MHb1","MHb_subP_cholinergic","MHb_subP_cholinergic"
"ACTGTCCGTCATACTGstim","MHb1","MHb_subP_cholinergic","MHb_subP_cholinergic"
"ACTGTCCTCCAAACACstim","MHb2","MHb_cholinergic_1","MHb_B"
"ACTGTCCTCGCTAGCGstim","MHb1","MHb_subP_cholinergic","MHb_subP_cholinergic"
"ACTTACTAGTCCCACGstim","MHb1","MHb_subP_cholinergic","MHb_subP_cholinergic"
"ACTTACTCAATAAGCAstim","Neuron","MHb_cholinergic.2","MHb_cholinergic.2"
"ACTTACTGTGCAGGTAstim","MHb1","MHb_subP_cholinergic","MHb_subP_cholinergic"
"ACTTACTTCACCCTCAstim","MHb2","MHb_cholinergic_1","MHb_B"
"ACTTGTTGTAACGACGstim","MHb2","MHb_cholinergic_1","MHb_B"
"ACTTTCAAGTCCGGTCstim","MHb2","MHb_cholinergic_1","MHb_B"
"ACTTTCACAATGGAATstim","MHb4","MHb_cholinergic_3","MHb_B"
"ACTTTCACACTGCCAGstim","MHb1","MHb_subP_cholinergic","MHb_subP_cholinergic"
"ACTTTCATCTCCAACCstim","MHb1","MHb_subP_cholinergic","MHb_subP_cholinergic"
"AGAATAGAGACTAGGCstim","MHb1","MHb_subP_cholinergic","MHb_subP_cholinergic"
"AGACGTTAGCAATCTCstim","MHb2","MHb_cholinergic_1","MHb_B"
"AGACGTTAGCAGCCTCstim","MHb1","MHb_subP_cholinergic","MHb_subP_cholinergic"
"AGACGTTGTAGCGCTCstim","MHb2","MHb_cholinergic_1","MHb_B"
"AGAGCGAGTAGGGACTstim","MHb2","MHb_cholinergic_1","MHb_B"
"AGAGTGGCATCGGTTAstim","MHb2","MHb_cholinergic_1","MHb_B"
"AGAGTGGTCACTATTCstim","MHb2","MHb_cholinergic_1","MHb_B"
"AGATCTGTCGCATGATstim","MHb2","MHb_cholinergic_1","MHb_B"
"AGATTGCAGTGTACGGstim","MHb2","MHb_cholinergic_1","MHb_B"
"AGCATACAGAACAACTstim","MHb1","MHb_subP_cholinergic","MHb_subP_cholinergic"
"AGCATACGTAGGCTGAstim","MHb1","MHb_subP_cholinergic","MHb_subP_cholinergic"
"AGCATACTCGCCGTGAstim","MHb1","MHb_subP_cholinergic","MHb_subP_cholinergic"
"AGCCTAAAGATTACCCstim","MHb1","MHb_subP_cholinergic","MHb_subP_cholinergic"
"AGCCTAACAGGGTACAstim","MHb1","MHb_subP_cholinergic","MHb_subP_cholinergic"
"AGCGGTCGTTAGGGTGstim","MHb2","MHb_cholinergic_1","MHb_B"
"AGCGGTCTCTGTTGAGstim","MHb1","MHb_subP_cholinergic","MHb_subP_cholinergic"
"AGCGTATAGAGTCGGTstim","MHb1","MHb_subP_cholinergic","MHb_subP_cholinergic"
"AGCGTATAGTATCTCGstim","MHb4","MHb_cholinergic_3","MHb_B"
"AGCGTATCACAGGTTTstim","MHb1","MHb_subP_cholinergic","MHb_subP_cholinergic"
"AGCGTCGAGGCCCTTGstim","MHb2","MHb_cholinergic_1","MHb_B"
"AGCGTCGGTGACAAATstim","MHb2","MHb_cholinergic_1","MHb_B"
"AGCGTCGTCCTTGACCstim","MHb1","MHb_subP_cholinergic","MHb_subP_cholinergic"
"AGCTCCTGTACAAGTAstim","MHb2","MHb_cholinergic_1","MHb_B"
"AGCTCTCCAATCTGCAstim","MHb4","MHb_cholinergic_3","MHb_B"
"AGCTCTCCATCGTCGGstim","MHb2","MHb_cholinergic_1","MHb_B"
"AGCTTGACACGGACAAstim","MHb1","MHb_subP_cholinergic","MHb_subP_cholinergic"
"AGGCCACCATGTCTCCstim","MHb2","MHb_cholinergic_1","MHb_B"
"AGGCCGTAGTTACCCAstim","MHb2","MHb_cholinergic_1","MHb_B"
"AGGCCGTCAGCGTAAGstim","Neuron","MHb_cholinergic.2","MHb_cholinergic.2"
"AGGCCGTGTCCCTACTstim","MHb1","MHb_subP_cholinergic","MHb_subP_cholinergic"
"AGGCCGTGTGATGCCCstim","MHb2","MHb_cholinergic_1","MHb_B"
"AGGGATGAGGCTCTTAstim","MHb2","MHb_cholinergic_1","MHb_B"
"AGGGTGAAGCGTCTATstim","MHb2","MHb_cholinergic_1","MHb_B"
"AGGTCCGCAGGAATCGstim","MHb2","MHb_cholinergic_1","MHb_B"
"AGTAGTCAGGCGCTCTstim","MHb4","MHb_cholinergic_3","MHb_B"
"AGTCTTTTCACCATAGstim","MHb1","MHb_subP_cholinergic","MHb_subP_cholinergic"
"AGTCTTTTCCAGTATGstim","MHb1","MHb_subP_cholinergic","MHb_subP_cholinergic"
"AGTGAGGCAGTACACTstim","MHb1","MHb_subP_cholinergic","MHb_subP_cholinergic"
"AGTGAGGCATCTCGCTstim","MHb4","MHb_cholinergic_3","MHb_B"
"AGTGAGGTCCGCATAAstim","MHb1","MHb_subP_cholinergic","MHb_subP_cholinergic"
"AGTGAGGTCGCCATAAstim","MHb2","MHb_cholinergic_1","MHb_B"
"AGTTGGTTCCTAGGGCstim","MHb1","MHb_subP_cholinergic","MHb_subP_cholinergic"
"ATAAGAGAGCTACCGCstim","MHb1","MHb_subP_cholinergic","MHb_subP_cholinergic"
"ATAAGAGAGGCTCAGAstim","MHb2","MHb_cholinergic_1","MHb_B"
"ATAAGAGTCGGCATCGstim","MHb2","MHb_cholinergic_1","MHb_B"
"ATAGACCTCCCTTGCAstim","MHb4","MHb_cholinergic_3","MHb_B"
"ATCATCTCATCGATTGstim","MHb1","MHb_subP_cholinergic","MHb_subP_cholinergic"
"ATCATCTGTGTAATGAstim","MHb4","MHb_cholinergic_3","MHb_B"
"ATCATGGAGATGTGGCstim","MHb2","MHb_cholinergic_1","MHb_B"
"ATCATGGGTGATGATAstim","MHb2","MHb_cholinergic_1","MHb_B"
"ATCCGAACACAGGAGTstim","MHb1","MHb_subP_cholinergic","MHb_subP_cholinergic"
"ATCCGAAGTGATAAGTstim","MHb4","MHb_cholinergic_3","MHb_B"
"ATCGAGTAGTCTCGGCstim","MHb2","MHb_cholinergic_1","MHb_B"
"ATCGAGTCATGCGCACstim","MHb1","MHb_subP_cholinergic","MHb_subP_cholinergic"
"ATCGAGTTCGGTCTAAstim","MHb2","MHb_cholinergic_1","MHb_B"
"ATCTACTCACGGCTACstim","MHb2","MHb_cholinergic_1","MHb_B"
"ATCTGCCGTCCAGTATstim","MHb1","MHb_subP_cholinergic","MHb_subP_cholinergic"
"ATGCGATCATGAGCGAstim","MHb4","MHb_cholinergic_3","MHb_B"
"ATGCGATTCCCTGACTstim","MHb1","MHb_subP_cholinergic","MHb_subP_cholinergic"
"ATGGGAGAGCACCGTCstim","MHb2","MHb_cholinergic_1","MHb_B"
"ATTACTCAGCTCCTTCstim","MHb2","MHb_cholinergic_1","MHb_B"
"ATTACTCTCGCGTAGCstim","MHb2","MHb_cholinergic_1","MHb_B"
"ATTATCCCAAGCGTAGstim","MHb4","MHb_cholinergic_3","MHb_B"
"ATTATCCCACTTAAGCstim","MHb2","MHb_cholinergic_1","MHb_B"
"ATTATCCTCTTAGCCCstim","MHb2","MHb_cholinergic_1","MHb_B"
"ATTGGACAGGCTACGAstim","MHb2","MHb_cholinergic_1","MHb_B"
"ATTGGACCACTTAAGCstim","MHb2","MHb_cholinergic_1","MHb_B"
"ATTGGACGTGTGACCCstim","MHb2","MHb_cholinergic_1","MHb_B"
"ATTGGTGTCGCAAGCCstim","MHb2","MHb_cholinergic_1","MHb_B"
"ATTTCTGTCCGAATGTstim","MHb2","MHb_cholinergic_1","MHb_B"
"CAACCAACAGCATACTstim","MHb2","MHb_cholinergic_1","MHb_B"
"CAACCAAGTTATCACGstim","MHb2","MHb_cholinergic_1","MHb_B"
"CAACCTCAGCTATGCTstim","MHb2","MHb_cholinergic_1","MHb_B"
"CAACTAGCACACTGCGstim","MHb2","MHb_cholinergic_1","MHb_B"
"CAAGATCAGAGACGAAstim","MHb1","MHb_subP_cholinergic","MHb_subP_cholinergic"
"CAAGATCGTTTAGCTGstim","MHb1","MHb_subP_cholinergic","MHb_subP_cholinergic"
"CAAGGCCAGCTCCTCTstim","MHb2","MHb_cholinergic_1","MHb_B"
"CAAGGCCTCAGCGACCstim","MHb1","MHb_subP_cholinergic","MHb_subP_cholinergic"
"CAAGGCCTCTCAAACGstim","MHb1","MHb_subP_cholinergic","MHb_subP_cholinergic"
"CAAGTTGCAAACCCATstim","MHb1","MHb_subP_cholinergic","MHb_subP_cholinergic"
"CAAGTTGCACAACGCCstim","MHb1","MHb_subP_cholinergic","MHb_subP_cholinergic"
"CACAAACCAATGTAAGstim","MHb2","MHb_cholinergic_1","MHb_B"
"CACACAAAGTGTACCTstim","MHb2","MHb_cholinergic_1","MHb_B"
"CACACAAGTCTAGAGGstim","MHb2","MHb_cholinergic_1","MHb_B"
"CACACCTCAGCTGTTAstim","MHb1","MHb_subP_cholinergic","MHb_subP_cholinergic"
"CACACCTGTGTCAATCstim","MHb1","MHb_subP_cholinergic","MHb_subP_cholinergic"
"CACACCTGTTCGCTAAstim","MHb2","MHb_cholinergic_1","MHb_B"
"CACACCTTCCGCGCAAstim","MHb1","MHb_subP_cholinergic","MHb_subP_cholinergic"
"CACACTCCACTTCTGCstim","MHb1","MHb_subP_cholinergic","MHb_subP_cholinergic"
"CACAGGCCACGTTGGCstim","MHb1","MHb_subP_cholinergic","MHb_subP_cholinergic"
"CACAGGCTCCCTCTTTstim","MHb1","MHb_subP_cholinergic","MHb_subP_cholinergic"
"CACAGTAGTTCCACAAstim","LHb5","LHb_2","LHb_A"
"CACATAGAGGCGCTCTstim","MHb1","MHb_subP_cholinergic","MHb_subP_cholinergic"
"CACATAGTCGGAAATAstim","MHb1","MHb_subP_cholinergic","MHb_subP_cholinergic"
"CACATTTTCAGGCAAGstim","MHb1","MHb_subP_cholinergic","MHb_subP_cholinergic"
"CACCTTGCAGTTCATGstim","MHb1","MHb_subP_cholinergic","MHb_subP_cholinergic"
"CACCTTGTCATGTCTTstim","MHb2","MHb_cholinergic_1","MHb_B"
"CACTCCACATTGGGCCstim","MHb1","MHb_subP_cholinergic","MHb_subP_cholinergic"
"CAGAATCCAGACAAGCstim","MHb1","MHb_subP_cholinergic","MHb_subP_cholinergic"
"CAGAATCGTCGCGGTTstim","MHb4","MHb_cholinergic_3","MHb_B"
"CAGAATCTCCCATTTAstim","MHb1","MHb_subP_cholinergic","MHb_subP_cholinergic"
"CAGATCAAGTGCGATGstim","MHb4","MHb_cholinergic_3","MHb_B"
"CAGATCACAGTAAGATstim","MHb1","MHb_subP_cholinergic","MHb_subP_cholinergic"
"CAGCATAGTCGCTTCTstim","MHb4","MHb_cholinergic_3","MHb_B"
"CAGCATATCTTCGGTCstim","MHb1","MHb_subP_cholinergic","MHb_subP_cholinergic"
"CAGCCGAAGACAGAGAstim","MHb2","MHb_cholinergic_1","MHb_B"
"CAGCCGATCTGGTATGstim","MHb2","MHb_cholinergic_1","MHb_B"
"CAGCGACCAAAGGCGTstim","MHb2","MHb_cholinergic_1","MHb_B"
"CAGCTAAAGTCCTCCTstim","MHb1","MHb_subP_cholinergic","MHb_subP_cholinergic"
"CAGCTAACAGGATCGAstim","MHb2","MHb_cholinergic_1","MHb_B"
"CAGCTGGAGGTAAACTstim","MHb2","MHb_cholinergic_1","MHb_B"
"CAGCTGGCAGATCCATstim","MHb4","MHb_cholinergic_3","MHb_B"
"CAGGTGCCAATACGCTstim","MHb4","MHb_cholinergic_3","MHb_B"
"CAGGTGCGTGCTGTATstim","MHb1","MHb_subP_cholinergic","MHb_subP_cholinergic"
"CAGTAACAGTGACATAstim","MHb1","MHb_subP_cholinergic","MHb_subP_cholinergic"
"CAGTAACCAGGCTGAAstim","MHb2","MHb_cholinergic_1","MHb_B"
"CAGTAACTCAGTTGACstim","MHb4","MHb_cholinergic_3","MHb_B"
"CAGTCCTAGTGTCCCGstim","MHb4","MHb_cholinergic_3","MHb_B"
"CAGTCCTGTAGGACACstim","MHb1","MHb_subP_cholinergic","MHb_subP_cholinergic"
"CATATGGAGATGTGGCstim","MHb1","MHb_subP_cholinergic","MHb_subP_cholinergic"
"CATCAAGAGGCCATAGstim","MHb1","MHb_subP_cholinergic","MHb_subP_cholinergic"
"CATCAAGCAATGGACGstim","LHb6","LHb_1_5","LHb_A"
"CATCCACAGTATTGGAstim","MHb2","MHb_cholinergic_1","MHb_B"
"CATCGAACAATGGACGstim","MHb1","MHb_subP_cholinergic","MHb_subP_cholinergic"
"CATCGGGCACGGATAGstim","MHb4","MHb_cholinergic_3","MHb_B"
"CATGCCTAGAATCTCCstim","MHb2","MHb_cholinergic_1","MHb_B"
"CATGGCGTCCTCAATTstim","MHb2","MHb_cholinergic_1","MHb_B"
"CATTATCAGACAAGCCstim","MHb1","MHb_subP_cholinergic","MHb_subP_cholinergic"
"CATTATCTCAACGGGAstim","MHb1","MHb_subP_cholinergic","MHb_subP_cholinergic"
"CATTCGCAGCGTGAACstim","MHb2","MHb_cholinergic_1","MHb_B"
"CATTCGCCACGGCCATstim","MHb2","MHb_cholinergic_1","MHb_B"
"CATTCGCTCTGGTTCCstim","MHb1","MHb_subP_cholinergic","MHb_subP_cholinergic"
"CCAATCCAGTAATCCCstim","MHb2","MHb_cholinergic_1","MHb_B"
"CCAATCCGTCGCGTGTstim","MHb1","MHb_subP_cholinergic","MHb_subP_cholinergic"
"CCAATCCTCGCCTGAGstim","MHb1","MHb_subP_cholinergic","MHb_subP_cholinergic"
"CCACCTAGTTTGTTTCstim","MHb2","MHb_cholinergic_1","MHb_B"
"CCACCTATCTCGCATCstim","MHb2","MHb_cholinergic_1","MHb_B"
"CCACGGAGTCGACTGCstim","MHb1","MHb_subP_cholinergic","MHb_subP_cholinergic"
"CCACTACTCATGTCTTstim","MHb2","MHb_cholinergic_1","MHb_B"
"CCAGCGAAGGTACTCTstim","MHb2","MHb_cholinergic_1","MHb_B"
"CCAGCGAAGTTGTAGAstim","MHb1","MHb_subP_cholinergic","MHb_subP_cholinergic"
"CCATTCGCAGCTGCACstim","MHb2","MHb_cholinergic_1","MHb_B"
"CCATTCGTCACCCTCAstim","MHb1","MHb_subP_cholinergic","MHb_subP_cholinergic"
"CCCAATCAGGGAGTAAstim","MHb2","MHb_cholinergic_1","MHb_B"
"CCCAATCCATCCGCGAstim","MHb1","MHb_subP_cholinergic","MHb_subP_cholinergic"
"CCCAGTTAGCCTTGATstim","MHb1","MHb_subP_cholinergic","MHb_subP_cholinergic"
"CCCAGTTAGGAGTACCstim","MHb2","MHb_cholinergic_1","MHb_B"
"CCCAGTTGTTCGTCTCstim","MHb2","MHb_cholinergic_1","MHb_B"
"CCCATACGTGTATGGGstim","MHb4","MHb_cholinergic_3","MHb_B"
"CCGGGATAGCGCCTTGstim","MHb2","MHb_cholinergic_1","MHb_B"
"CCGGGATGTTAGAACAstim","MHb1","MHb_subP_cholinergic","MHb_subP_cholinergic"
"CCGGTAGCACGGTGTCstim","MHb1","MHb_subP_cholinergic","MHb_subP_cholinergic"
"CCGTACTCATCACCCTstim","Neuron","MHb_cholinergic.2","MHb_cholinergic.2"
"CCGTACTTCCCAAGATstim","MHb4","MHb_cholinergic_3","MHb_B"
"CCGTTCAGTCATGCATstim","MHb1","MHb_subP_cholinergic","MHb_subP_cholinergic"
"CCTAAAGTCTGAGTGTstim","MHb1","MHb_subP_cholinergic","MHb_subP_cholinergic"
"CCTACACAGAGGTAGAstim","MHb1","MHb_subP_cholinergic","MHb_subP_cholinergic"
"CCTACACCACTTGGATstim","LHb1","LHb_1_1","LHb_C"
"CCTACCAAGTCATCCAstim","MHb1","MHb_subP_cholinergic","MHb_subP_cholinergic"
"CCTACCACACATCCGGstim","MHb2","MHb_cholinergic_1","MHb_B"
"CCTAGCTAGCCTCGTGstim","MHb1","MHb_subP_cholinergic","MHb_subP_cholinergic"
"CCTAGCTCATGGTAGGstim","MHb4","MHb_cholinergic_3","MHb_B"
"CCTATTAGTAGCCTCGstim","MHb4","MHb_cholinergic_3","MHb_B"
"CCTCAGTAGTCCCACGstim","MHb2","MHb_cholinergic_1","MHb_B"
"CCTCAGTGTAACGCGAstim","MHb3","MHb_cholinergic_2","MHb_B"
"CCTCTGAAGATCGGGTstim","MHb1","MHb_subP_cholinergic","MHb_subP_cholinergic"
"CCTCTGAAGTCAAGGCstim","MHb2","MHb_cholinergic_1","MHb_B"
"CCTTACGAGGGCACTAstim","MHb4","MHb_cholinergic_3","MHb_B"
"CCTTCCCAGTTGTCGTstim","MHb1","MHb_subP_cholinergic","MHb_subP_cholinergic"
"CCTTCCCGTCACAAGGstim","MHb2","MHb_cholinergic_1","MHb_B"
"CCTTCCCGTCCATCCTstim","MHb2","MHb_cholinergic_1","MHb_B"
"CCTTCGACACAGCCCAstim","MHb1","MHb_subP_cholinergic","MHb_subP_cholinergic"
"CCTTCGACATGGGACAstim","MHb1","MHb_subP_cholinergic","MHb_subP_cholinergic"
"CCTTCGATCTCATTCAstim","MHb1","MHb_subP_cholinergic","MHb_subP_cholinergic"
"CCTTTCTCAATGCCATstim","MHb1","MHb_subP_cholinergic","MHb_subP_cholinergic"
"CCTTTCTGTGACAAATstim","MHb1","MHb_subP_cholinergic","MHb_subP_cholinergic"
"CGAACATCATAGGATAstim","MHb1","MHb_subP_cholinergic","MHb_subP_cholinergic"
"CGAACATGTCTAAACCstim","MHb1","MHb_subP_cholinergic","MHb_subP_cholinergic"
"CGAATGTAGTTGTCGTstim","MHb1","MHb_subP_cholinergic","MHb_subP_cholinergic"
"CGAATGTGTGGTAACGstim","MHb1","MHb_subP_cholinergic","MHb_subP_cholinergic"
"CGAATGTGTTATCGGTstim","MHb1","MHb_subP_cholinergic","MHb_subP_cholinergic"
"CGACCTTGTAGTAGTAstim","MHb4","MHb_cholinergic_3","MHb_B"
"CGAGCACCATCACCCTstim","MHb2","MHb_cholinergic_1","MHb_B"
"CGATCGGCATTCGACAstim","MHb1","MHb_subP_cholinergic","MHb_subP_cholinergic"
"CGATGTAAGGCTAGGTstim","MHb4","MHb_cholinergic_3","MHb_B"
"CGATGTAAGTTGTCGTstim","MHb1","MHb_subP_cholinergic","MHb_subP_cholinergic"
"CGATGTACATGGGACAstim","MHb1","MHb_subP_cholinergic","MHb_subP_cholinergic"
"CGATGTACATTCACTTstim","MHb2","MHb_cholinergic_1","MHb_B"
"CGATGTAGTTCTGTTTstim","MHb1","MHb_subP_cholinergic","MHb_subP_cholinergic"
"CGATTGACAATCCGATstim","MHb1","MHb_subP_cholinergic","MHb_subP_cholinergic"
"CGATTGACACCACCAGstim","MHb1","MHb_subP_cholinergic","MHb_subP_cholinergic"
"CGATTGAGTGCCTGGTstim","MHb1","MHb_subP_cholinergic","MHb_subP_cholinergic"
"CGATTGATCCCAAGATstim","MHb2","MHb_cholinergic_1","MHb_B"
"CGCCAAGAGAGGTAGAstim","MHb4","MHb_cholinergic_3","MHb_B"
"CGCCAAGAGCCGTCGTstim","MHb6","MHb_cholinergic_4","MHb_B"
"CGCCAAGAGGGTCGATstim","MHb4","MHb_cholinergic_3","MHb_B"
"CGCCAAGAGTTTAGGAstim","MHb2","MHb_cholinergic_1","MHb_B"
"CGCCAAGTCAGCTCTCstim","MHb4","MHb_cholinergic_3","MHb_B"
"CGCGGTAAGCTGCAAGstim","MHb1","MHb_subP_cholinergic","MHb_subP_cholinergic"
"CGCGGTAGTCACCTAAstim","MHb4","MHb_cholinergic_3","MHb_B"
"CGCGTTTCAATCGAAAstim","MHb2","MHb_cholinergic_1","MHb_B"
"CGCGTTTTCGTTGCCTstim","Neuron","MHb_cholinergic.2","MHb_cholinergic.2"
"CGCGTTTTCTCTTGATstim","MHb2","MHb_cholinergic_1","MHb_B"
"CGCTATCCACATTTCTstim","MHb2","MHb_cholinergic_1","MHb_B"
"CGCTGGAAGTCAAGCGstim","MHb2","MHb_cholinergic_1","MHb_B"
"CGCTGGACATTCCTCGstim","MHb4","MHb_cholinergic_3","MHb_B"
"CGCTGGAGTAAGTGTAstim","MHb4","MHb_cholinergic_3","MHb_B"
"CGCTTCACATGAACCTstim","MHb2","MHb_cholinergic_1","MHb_B"
"CGGACACAGAGCTGGTstim","MHb1","MHb_subP_cholinergic","MHb_subP_cholinergic"
"CGGACGTAGAGACTTAstim","MHb2","MHb_cholinergic_1","MHb_B"
"CGGACTGAGCGATGACstim","MHb1","MHb_subP_cholinergic","MHb_subP_cholinergic"
"CGGACTGCATAACCTGstim","MHb4","MHb_cholinergic_3","MHb_B"
"CGGACTGGTGCCTGGTstim","MHb1","MHb_subP_cholinergic","MHb_subP_cholinergic"
"CGGAGTCAGATATGGTstim","MHb2","MHb_cholinergic_1","MHb_B"
"CGGAGTCCAGGCGATAstim","MHb1","MHb_subP_cholinergic","MHb_subP_cholinergic"
"CGGCTAGGTCCTCTTGstim","MHb1","MHb_subP_cholinergic","MHb_subP_cholinergic"
"CGGCTAGGTCTCATCCstim","MHb2","MHb_cholinergic_1","MHb_B"
"CGGGTCATCGAATCCAstim","MHb2","MHb_cholinergic_1","MHb_B"
"CGGTTAAAGCAATATGstim","MHb1","MHb_subP_cholinergic","MHb_subP_cholinergic"
"CGGTTAAGTCCAACTAstim","MHb2","MHb_cholinergic_1","MHb_B"
"CGGTTAATCACAACGTstim","MHb2","MHb_cholinergic_1","MHb_B"
"CGTAGCGAGTCGAGTGstim","MHb2","MHb_cholinergic_1","MHb_B"
"CGTAGCGTCCGAGCCAstim","MHb2","MHb_cholinergic_1","MHb_B"
"CGTAGGCAGCGCTCCAstim","MHb1","MHb_subP_cholinergic","MHb_subP_cholinergic"
"CGTAGGCCATCAGTCAstim","MHb1","MHb_subP_cholinergic","MHb_subP_cholinergic"
"CGTCCATTCCAGAGGAstim","MHb2","MHb_cholinergic_1","MHb_B"
"CGTCTACCAGCCTGTGstim","MHb1","MHb_subP_cholinergic","MHb_subP_cholinergic"
"CGTCTACGTCCGAACCstim","MHb1","MHb_subP_cholinergic","MHb_subP_cholinergic"
"CGTCTACGTCGAGTTTstim","MHb4","MHb_cholinergic_3","MHb_B"
"CGTGAGCTCTTAACCTstim","MHb1","MHb_subP_cholinergic","MHb_subP_cholinergic"
"CGTGTCTCAGTCGATTstim","MHb1","MHb_subP_cholinergic","MHb_subP_cholinergic"
"CGTTAGACAAGAGGCTstim","Neuron","MHb_subP_cholinergic","MHb_subP_cholinergic"
"CGTTAGATCGGTCCGAstim","MHb2","MHb_cholinergic_1","MHb_B"
"CTAACTTGTTGTCGCGstim","Neuron","MHb_cholinergic.2","MHb_cholinergic.2"
"CTAAGACAGGGTGTGTstim","MHb2","MHb_cholinergic_1","MHb_B"
"CTAAGACCAGGACGTAstim","MHb4","MHb_cholinergic_3","MHb_B"
"CTACACCAGGTGTGGTstim","MHb1","MHb_subP_cholinergic","MHb_subP_cholinergic"
"CTACATTCACAAGCCCstim","MHb1","MHb_subP_cholinergic","MHb_subP_cholinergic"
"CTACATTGTTGATTCGstim","MHb2","MHb_cholinergic_1","MHb_B"
"CTACATTTCGAATCCAstim","MHb6","MHb_cholinergic_4","MHb_B"
"CTACCCAAGGAATGGAstim","MHb1","MHb_subP_cholinergic","MHb_subP_cholinergic"
"CTACCCAGTAAGTGGCstim","MHb2","MHb_cholinergic_1","MHb_B"
"CTACCCAGTTCCGGCAstim","MHb1","MHb_subP_cholinergic","MHb_subP_cholinergic"
"CTACGTCCAGTCACTAstim","MHb1","MHb_subP_cholinergic","MHb_subP_cholinergic"
"CTAGAGTTCTAGAGTCstim","MHb2","MHb_cholinergic_1","MHb_B"
"CTAGCCTAGCCGATTTstim","MHb4","MHb_cholinergic_3","MHb_B"
"CTAGCCTGTCGCTTTCstim","MHb1","MHb_subP_cholinergic","MHb_subP_cholinergic"
"CTAGTGATCGAATGGGstim","MHb1","MHb_subP_cholinergic","MHb_subP_cholinergic"
"CTCACACTCGCTTAGAstim","MHb2","MHb_cholinergic_1","MHb_B"
"CTCAGAAAGGGTCTCCstim","MHb1","MHb_subP_cholinergic","MHb_subP_cholinergic"
"CTCAGAACAACACCTAstim","MHb2","MHb_cholinergic_1","MHb_B"
"CTCAGAACAGTAACGGstim","MHb1","MHb_subP_cholinergic","MHb_subP_cholinergic"
"CTCAGAATCAGTGCATstim","MHb1","MHb_subP_cholinergic","MHb_subP_cholinergic"
"CTCAGAATCCGCTGTTstim","MHb1","MHb_subP_cholinergic","MHb_subP_cholinergic"
"CTCCTAGCAGGTCGTCstim","MHb1","MHb_subP_cholinergic","MHb_subP_cholinergic"
"CTCCTAGTCGCGGATCstim","MHb4","MHb_cholinergic_3","MHb_B"
"CTCGAGGGTTCCACGGstim","MHb1","MHb_subP_cholinergic","MHb_subP_cholinergic"
"CTCGAGGTCTCTAGGAstim","MHb1","MHb_subP_cholinergic","MHb_subP_cholinergic"
"CTCGGAGAGTATCGAAstim","MHb2","MHb_cholinergic_1","MHb_B"
"CTCGGAGCAGATCGGAstim","MHb2","MHb_cholinergic_1","MHb_B"
"CTCGTACAGGCCGAATstim","MHb1","MHb_subP_cholinergic","MHb_subP_cholinergic"
"CTCGTCAAGAGACTATstim","MHb1","MHb_subP_cholinergic","MHb_subP_cholinergic"
"CTCGTCAAGCAGGTCAstim","MHb1","MHb_subP_cholinergic","MHb_subP_cholinergic"
"CTCGTCACATGTCCTCstim","MHb2","MHb_cholinergic_1","MHb_B"
"CTCTAATCAATAGAGTstim","MHb4","MHb_cholinergic_3","MHb_B"
"CTCTACGTCACAAACCstim","MHb2","MHb_cholinergic_1","MHb_B"
"CTCTGGTCACGGCTACstim","MHb1","MHb_subP_cholinergic","MHb_subP_cholinergic"
"CTCTGGTCATGACATCstim","MHb1","MHb_subP_cholinergic","MHb_subP_cholinergic"
"CTGAAACAGATCTGAAstim","MHb2","MHb_cholinergic_1","MHb_B"
"CTGAAACTCAGTCCCTstim","MHb4","MHb_cholinergic_3","MHb_B"
"CTGAAGTGTTGGTAAAstim","MHb1","MHb_subP_cholinergic","MHb_subP_cholinergic"
"CTGCCTATCTCGTTTAstim","MHb2","MHb_cholinergic_1","MHb_B"
"CTGCTGTGTCGTCTTCstim","MHb2","MHb_cholinergic_1","MHb_B"
"CTGCTGTTCACGACTAstim","MHb1","MHb_subP_cholinergic","MHb_subP_cholinergic"
"CTGCTGTTCGGCTACGstim","MHb2","MHb_cholinergic_1","MHb_B"
"CTGGTCTCATAGTAAGstim","MHb1","MHb_subP_cholinergic","MHb_subP_cholinergic"
"CTGGTCTGTCATGCATstim","MHb1","MHb_subP_cholinergic","MHb_subP_cholinergic"
"CTGGTCTTCGCGTAGCstim","MHb1","MHb_subP_cholinergic","MHb_subP_cholinergic"
"CTGGTCTTCGTTACAGstim","MHb1","MHb_subP_cholinergic","MHb_subP_cholinergic"
"CTGTGCTAGCTGATAAstim","MHb1","MHb_subP_cholinergic","MHb_subP_cholinergic"
"CTGTGCTAGTCTTGCAstim","MHb1","MHb_subP_cholinergic","MHb_subP_cholinergic"
"CTGTGCTCAATCCAACstim","MHb2","MHb_cholinergic_1","MHb_B"
"CTGTGCTTCCGTAGTAstim","MHb1","MHb_subP_cholinergic","MHb_subP_cholinergic"
"CTGTTTAAGTACGATAstim","MHb1","MHb_subP_cholinergic","MHb_subP_cholinergic"
"CTGTTTAAGTGTACTCstim","MHb2","MHb_cholinergic_1","MHb_B"
"CTGTTTACATCGGGTCstim","MHb1","MHb_subP_cholinergic","MHb_subP_cholinergic"
"CTTACCGAGGACATTAstim","MHb4","MHb_cholinergic_3","MHb_B"
"CTTACCGCAAGGTGTGstim","MHb1","MHb_subP_cholinergic","MHb_subP_cholinergic"
"CTTACCGCATGTAAGAstim","MHb1","MHb_subP_cholinergic","MHb_subP_cholinergic"
"CTTACCGTCCCTTGCAstim","MHb1","MHb_subP_cholinergic","MHb_subP_cholinergic"
"CTTAGGAAGCGGCTTCstim","MHb1","MHb_subP_cholinergic","MHb_subP_cholinergic"
"CTTAGGAAGCGTTCCGstim","MHb2","MHb_cholinergic_1","MHb_B"
"CTTAGGAGTCGCGAAAstim","MHb2","MHb_cholinergic_1","MHb_B"
"CTTCTCTCACCACCAGstim","MHb2","MHb_cholinergic_1","MHb_B"
"CTTCTCTGTCCGTTAAstim","MHb1","MHb_subP_cholinergic","MHb_subP_cholinergic"
"CTTCTCTTCCGTTGCTstim","MHb2","MHb_cholinergic_1","MHb_B"
"CTTTGCGAGACAGAGAstim","MHb2","MHb_cholinergic_1","MHb_B"
"CTTTGCGCACGTCAGCstim","MHb1","MHb_subP_cholinergic","MHb_subP_cholinergic"
"CTTTGCGCAGATCCATstim","MHb4","MHb_cholinergic_3","MHb_B"
"CTTTGCGGTTCAGACTstim","MHb4","MHb_cholinergic_3","MHb_B"
"GAAACTCTCTATGTGGstim","MHb1","MHb_subP_cholinergic","MHb_subP_cholinergic"
"GAAATGACAAGTAGTAstim","MHb2","MHb_cholinergic_1","MHb_B"
"GAACATCGTTAGTGGGstim","Neuron","MHb_subP_cholinergic","MHb_subP_cholinergic"
"GAACCTACAGCCTATAstim","MHb2","MHb_cholinergic_1","MHb_B"
"GAACCTATCTTGAGGTstim","MHb2","MHb_cholinergic_1","MHb_B"
"GAACGGACAGCCTTGGstim","MHb1","MHb_subP_cholinergic","MHb_subP_cholinergic"
"GAACGGATCGCCTGAGstim","MHb2","MHb_cholinergic_1","MHb_B"
"GAAGCAGAGGGTGTGTstim","MHb2","MHb_cholinergic_1","MHb_B"
"GAAGCAGCAGCTTAACstim","Neuron","MHb_cholinergic.2","MHb_cholinergic.2"
"GAAGCAGCATGCCTTCstim","MHb1","MHb_subP_cholinergic","MHb_subP_cholinergic"
"GAATAAGCAAAGCGGTstim","MHb2","MHb_cholinergic_1","MHb_B"
"GAATAAGTCATCTGCCstim","MHb4","MHb_cholinergic_3","MHb_B"
"GAATAAGTCGTCTGCTstim","MHb1","MHb_subP_cholinergic","MHb_subP_cholinergic"
"GAATGAATCCGGCACAstim","MHb1","MHb_subP_cholinergic","MHb_subP_cholinergic"
"GAATGAATCGTATCAGstim","MHb1","MHb_subP_cholinergic","MHb_subP_cholinergic"
"GACACGCCACAACGTTstim","MHb6","MHb_cholinergic_4","MHb_B"
"GACACGCTCATGCAACstim","MHb2","MHb_cholinergic_1","MHb_B"
"GACCAATGTAGGCTGAstim","MHb2","MHb_cholinergic_1","MHb_B"
"GACCTGGCAATAACGAstim","MHb2","MHb_cholinergic_1","MHb_B"
"GACCTGGTCATCACCCstim","MHb4","MHb_cholinergic_3","MHb_B"
"GACCTGGTCTCTTGATstim","MHb2","MHb_cholinergic_1","MHb_B"
"GACGCGTGTGCAGTAGstim","MHb2","MHb_cholinergic_1","MHb_B"
"GACGGCTGTAAGAGAGstim","MHb1","MHb_subP_cholinergic","MHb_subP_cholinergic"
"GACGGCTGTGGGTCAAstim","MHb4","MHb_cholinergic_3","MHb_B"
"GACGGCTTCCTTTCGGstim","MHb2","MHb_cholinergic_1","MHb_B"
"GACGTGCCACATCCAAstim","MHb2","MHb_cholinergic_1","MHb_B"
"GACGTTAAGCACCGCTstim","MHb1","MHb_subP_cholinergic","MHb_subP_cholinergic"
"GACGTTACAAGCCGTCstim","MHb1","MHb_subP_cholinergic","MHb_subP_cholinergic"
"GACGTTAGTACAGTTCstim","MHb2","MHb_cholinergic_1","MHb_B"
"GACGTTAGTGCCTGCAstim","MHb2","MHb_cholinergic_1","MHb_B"
"GACTAACCACCTGGTGstim","MHb2","MHb_cholinergic_1","MHb_B"
"GACTAACTCATCGGATstim","MHb1","MHb_subP_cholinergic","MHb_subP_cholinergic"
"GACTACACAATACGCTstim","MHb4","MHb_cholinergic_3","MHb_B"
"GACTACAGTGTCGCTGstim","MHb1","MHb_subP_cholinergic","MHb_subP_cholinergic"
"GACTACAGTTCATGGTstim","MHb2","MHb_cholinergic_1","MHb_B"
"GACTACATCAAGCCTAstim","MHb1","MHb_subP_cholinergic","MHb_subP_cholinergic"
"GACTACATCTTTAGGGstim","MHb1","MHb_subP_cholinergic","MHb_subP_cholinergic"
"GACTGCGAGAGTGACCstim","MHb1","MHb_subP_cholinergic","MHb_subP_cholinergic"
"GACTGCGAGCTCCTCTstim","MHb1","MHb_subP_cholinergic","MHb_subP_cholinergic"
"GACTGCGAGTCCCACGstim","MHb1","MHb_subP_cholinergic","MHb_subP_cholinergic"
"GACTGCGCACAGGAGTstim","MHb2","MHb_cholinergic_1","MHb_B"
"GACTGCGCACATCTTTstim","MHb1","MHb_subP_cholinergic","MHb_subP_cholinergic"
"GACTGCGGTGTGCCTGstim","MHb2","MHb_cholinergic_1","MHb_B"
"GACTGCGTCAGCTCTCstim","MHb2","MHb_cholinergic_1","MHb_B"
"GAGGTGACAGGGAGAGstim","MHb1","MHb_subP_cholinergic","MHb_subP_cholinergic"
"GAGTCCGCAATACGCTstim","MHb1","MHb_subP_cholinergic","MHb_subP_cholinergic"
"GATCAGTCACCCTATCstim","MHb1","MHb_subP_cholinergic","MHb_subP_cholinergic"
"GATCGATTCACCGTAAstim","MHb1","MHb_subP_cholinergic","MHb_subP_cholinergic"
"GATCGTAGTCTTCAAGstim","MHb5","MHb_subP","MHb_A"
"GATCGTATCTAACTCTstim","MHb2","MHb_cholinergic_1","MHb_B"
"GATCTAGCATCGGTTAstim","MHb1","MHb_subP_cholinergic","MHb_subP_cholinergic"
"GATGAGGTCGTTTAGGstim","MHb1","MHb_subP_cholinergic","MHb_subP_cholinergic"
"GATTCAGAGAAGCCCAstim","MHb1","MHb_subP_cholinergic","MHb_subP_cholinergic"
"GCAAACTAGACAAAGGstim","MHb4","MHb_cholinergic_3","MHb_B"
"GCAAACTGTTGGAGGTstim","MHb1","MHb_subP_cholinergic","MHb_subP_cholinergic"
"GCAAACTTCATTGCCCstim","MHb4","MHb_cholinergic_3","MHb_B"
"GCAAACTTCCTGCAGGstim","MHb1","MHb_subP_cholinergic","MHb_subP_cholinergic"
"GCAATCAAGCAGGTCAstim","MHb2","MHb_cholinergic_1","MHb_B"
"GCAATCACAATCCAACstim","MHb1","MHb_subP_cholinergic","MHb_subP_cholinergic"
"GCAATCAGTCCTCCATstim","MHb1","MHb_subP_cholinergic","MHb_subP_cholinergic"
"GCACATACATGAGCGAstim","MHb2","MHb_cholinergic_1","MHb_B"
"GCACATATCCTATGTTstim","MHb2","MHb_cholinergic_1","MHb_B"
"GCACTCTAGGCTAGCAstim","MHb1","MHb_subP_cholinergic","MHb_subP_cholinergic"
"GCACTCTCATATGAGAstim","MHb2","MHb_cholinergic_1","MHb_B"
"GCACTCTTCGTCGTTCstim","MHb4","MHb_cholinergic_3","MHb_B"
"GCAGCCAAGGGAACGGstim","Neuron","MHb_subP_cholinergic","MHb_subP_cholinergic"
"GCAGCCAGTCTAAACCstim","MHb1","MHb_subP_cholinergic","MHb_subP_cholinergic"
"GCAGCCATCCTCATTAstim","MHb1","MHb_subP_cholinergic","MHb_subP_cholinergic"
"GCAGTTACATCACGTAstim","MHb4","MHb_cholinergic_3","MHb_B"
"GCAGTTATCCGCAAGCstim","MHb4","MHb_cholinergic_3","MHb_B"
"GCATACACATGTTCCCstim","MHb2","MHb_cholinergic_1","MHb_B"
"GCATACATCCACTCCAstim","MHb1","MHb_subP_cholinergic","MHb_subP_cholinergic"
"GCATGATGTTCCCTTGstim","MHb1","MHb_subP_cholinergic","MHb_subP_cholinergic"
"GCGACCATCTTGGGTAstim","MHb1","MHb_subP_cholinergic","MHb_subP_cholinergic"
"GCGCGATAGTGAACATstim","MHb1","MHb_subP_cholinergic","MHb_subP_cholinergic"
"GCGCGATAGTGACTCTstim","MHb1","MHb_subP_cholinergic","MHb_subP_cholinergic"
"GCGGGTTCAGATTGCTstim","MHb2","MHb_cholinergic_1","MHb_B"
"GCTCCTATCAACACACstim","MHb2","MHb_cholinergic_1","MHb_B"
"GCTCTGTAGTGACTCTstim","MHb2","MHb_cholinergic_1","MHb_B"
"GCTCTGTAGTGCCATTstim","MHb1","MHb_subP_cholinergic","MHb_subP_cholinergic"
"GCTCTGTGTCCGTCAGstim","MHb1","MHb_subP_cholinergic","MHb_subP_cholinergic"
"GCTCTGTTCCCAAGTAstim","MHb4","MHb_cholinergic_3","MHb_B"
"GCTGCAGGTTGTGGAGstim","MHb2","MHb_cholinergic_1","MHb_B"
"GCTGCAGTCATTGCGAstim","MHb2","MHb_cholinergic_1","MHb_B"
"GCTGCGAAGCGAGAAAstim","MHb1","MHb_subP_cholinergic","MHb_subP_cholinergic"
"GCTGCTTTCTCCCTGAstim","MHb2","MHb_cholinergic_1","MHb_B"
"GCTGGGTTCCTAAGTGstim","MHb1","MHb_subP_cholinergic","MHb_subP_cholinergic"
"GCTTCCAAGGATGTATstim","MHb1","MHb_subP_cholinergic","MHb_subP_cholinergic"
"GCTTCCATCCGTAGTAstim","MHb2","MHb_cholinergic_1","MHb_B"
"GCTTGAAGTCAGATAAstim","MHb2","MHb_cholinergic_1","MHb_B"
"GCTTGAAGTTAGGGTGstim","MHb1","MHb_subP_cholinergic","MHb_subP_cholinergic"
"GCTTGAATCAACACCAstim","MHb4","MHb_cholinergic_3","MHb_B"
"GGAAAGCCAATAACGAstim","MHb4","MHb_cholinergic_3","MHb_B"
"GGAAAGCCAGGCAGTAstim","MHb2","MHb_cholinergic_1","MHb_B"
"GGAAAGCGTTGATTGCstim","LHb5","LHb_2","LHb_A"
"GGAACTTTCACAACGTstim","MHb1","MHb_subP_cholinergic","MHb_subP_cholinergic"
"GGAATAAAGGGATCTGstim","MHb4","MHb_cholinergic_3","MHb_B"
"GGAATAACAGGGTACAstim","MHb2","MHb_cholinergic_1","MHb_B"
"GGACAAGTCATAGCACstim","MHb1","MHb_subP_cholinergic","MHb_subP_cholinergic"
"GGACAGAGTAAGTAGTstim","MHb1","MHb_subP_cholinergic","MHb_subP_cholinergic"
"GGACATTAGAGGTTATstim","LHb5","LHb_2","LHb_A"
"GGACATTCACACGCTGstim","MHb1","MHb_subP_cholinergic","MHb_subP_cholinergic"
"GGACGTCGTATAGGGCstim","MHb1","MHb_subP_cholinergic","MHb_subP_cholinergic"
"GGACGTCGTTGATTCGstim","MHb1","MHb_subP_cholinergic","MHb_subP_cholinergic"
"GGAGCAACAGTCTTCCstim","MHb1","MHb_subP_cholinergic","MHb_subP_cholinergic"
"GGAGCAATCGGACAAGstim","MHb1","MHb_subP_cholinergic","MHb_subP_cholinergic"
"GGATGTTAGGCTAGCAstim","MHb1","MHb_subP_cholinergic","MHb_subP_cholinergic"
"GGCGACTTCTGCAGTAstim","MHb4","MHb_cholinergic_3","MHb_B"
"GGCGTGTGTCTGCAATstim","MHb1","MHb_subP_cholinergic","MHb_subP_cholinergic"
"GGCGTGTGTCTGCGGTstim","MHb1","MHb_subP_cholinergic","MHb_subP_cholinergic"
"GGCTGGTCATAGACTCstim","MHb2","MHb_cholinergic_1","MHb_B"
"GGGAATGTCGGTGTTAstim","MHb1","MHb_subP_cholinergic","MHb_subP_cholinergic"
"GGGACCTTCGCACTCTstim","MHb1","MHb_subP_cholinergic","MHb_subP_cholinergic"
"GGGACCTTCTTGAGGTstim","MHb2","MHb_cholinergic_1","MHb_B"
"GGGAGATAGTGGAGAAstim","MHb1","MHb_subP_cholinergic","MHb_subP_cholinergic"
"GGGCACTAGCAATCTCstim","MHb1","MHb_subP_cholinergic","MHb_subP_cholinergic"
"GGGCACTGTGTCAATCstim","MHb1","MHb_subP_cholinergic","MHb_subP_cholinergic"
"GGGCATCAGGACATTAstim","MHb2","MHb_cholinergic_1","MHb_B"
"GGGTCTGCAGTCGTGCstim","MHb4","MHb_cholinergic_3","MHb_B"
"GGGTCTGTCGCATGGCstim","MHb1","MHb_subP_cholinergic","MHb_subP_cholinergic"
"GGGTTGCGTAATAGCAstim","MHb1","MHb_subP_cholinergic","MHb_subP_cholinergic"
"GGGTTGCGTCTGATCAstim","MHb6","MHb_cholinergic_4","MHb_B"
"GGTATTGTCTTGCAAGstim","MHb1","MHb_subP_cholinergic","MHb_subP_cholinergic"
"GGTGAAGCACTGAAGGstim","MHb1","MHb_subP_cholinergic","MHb_subP_cholinergic"
"GGTGCGTAGGGATACCstim","MHb2","MHb_cholinergic_1","MHb_B"
"GGTGCGTCAAGTTCTGstim","MHb1","MHb_subP_cholinergic","MHb_subP_cholinergic"
"GGTGCGTCACGCCAGTstim","MHb1","MHb_subP_cholinergic","MHb_subP_cholinergic"
"GGTGCGTCATTACGACstim","MHb2","MHb_cholinergic_1","MHb_B"
"GGTGCGTTCAGTTAGCstim","MHb1","MHb_subP_cholinergic","MHb_subP_cholinergic"
"GTACGTAGTAGGCTGAstim","MHb1","MHb_subP_cholinergic","MHb_subP_cholinergic"
"GTACGTATCGGAAATAstim","MHb2","MHb_cholinergic_1","MHb_B"
"GTACTCCCACCAACCGstim","MHb1","MHb_subP_cholinergic","MHb_subP_cholinergic"
"GTACTCCTCTCTTGATstim","MHb1","MHb_subP_cholinergic","MHb_subP_cholinergic"
"GTACTTTTCTCGCATCstim","MHb4","MHb_cholinergic_3","MHb_B"
"GTAGGCCCATGAGCGAstim","MHb2","MHb_cholinergic_1","MHb_B"
"GTAGGCCGTTCAGGCCstim","MHb1","MHb_subP_cholinergic","MHb_subP_cholinergic"
"GTATCTTTCAACACTGstim","MHb4","MHb_cholinergic_3","MHb_B"
"GTATCTTTCCCTCAGTstim","MHb1","MHb_subP_cholinergic","MHb_subP_cholinergic"
"GTATTCTAGCTAACAAstim","MHb1","MHb_subP_cholinergic","MHb_subP_cholinergic"
"GTATTCTGTACGACCCstim","MHb1","MHb_subP_cholinergic","MHb_subP_cholinergic"
"GTATTCTGTCTAAACCstim","MHb1","MHb_subP_cholinergic","MHb_subP_cholinergic"
"GTCAAGTCATTGGTACstim","MHb1","MHb_subP_cholinergic","MHb_subP_cholinergic"
"GTCACAAGTGCACGAAstim","MHb1","MHb_subP_cholinergic","MHb_subP_cholinergic"
"GTCACAATCACAATGCstim","MHb1","MHb_subP_cholinergic","MHb_subP_cholinergic"
"GTCACAATCTCAAGTGstim","MHb4","MHb_cholinergic_3","MHb_B"
"GTCACGGGTACCTACAstim","MHb1","MHb_subP_cholinergic","MHb_subP_cholinergic"
"GTCACGGGTCAGAAGCstim","MHb2","MHb_cholinergic_1","MHb_B"
"GTCATTTAGTAGCGGTstim","MHb1","MHb_subP_cholinergic","MHb_subP_cholinergic"
"GTCATTTCAGGTGCCTstim","MHb2","MHb_cholinergic_1","MHb_B"
"GTCATTTTCTGCTTGCstim","MHb1","MHb_subP_cholinergic","MHb_subP_cholinergic"
"GTCCTCACAAGAGTCGstim","MHb4","MHb_cholinergic_3","MHb_B"
"GTCCTCACACGGACAAstim","MHb1","MHb_subP_cholinergic","MHb_subP_cholinergic"
"GTCGGGTAGTGAATTGstim","MHb1","MHb_subP_cholinergic","MHb_subP_cholinergic"
"GTCGTAAAGTATCTCGstim","MHb4","MHb_cholinergic_3","MHb_B"
"GTGAAGGCAAGCCTATstim","MHb1","MHb_subP_cholinergic","MHb_subP_cholinergic"
"GTGCAGCAGGGTGTTGstim","MHb2","MHb_cholinergic_1","MHb_B"
"GTGCGGTAGAGGTAGAstim","MHb1","MHb_subP_cholinergic","MHb_subP_cholinergic"
"GTGCGGTAGCGTCTATstim","MHb1","MHb_subP_cholinergic","MHb_subP_cholinergic"
"GTGCGGTGTAGCGATGstim","MHb1","MHb_subP_cholinergic","MHb_subP_cholinergic"
"GTGCGGTGTTTAAGCCstim","MHb1","MHb_subP_cholinergic","MHb_subP_cholinergic"
"GTGCTTCAGTGTGAATstim","MHb1","MHb_subP_cholinergic","MHb_subP_cholinergic"
"GTGGGTCCATTACGACstim","MHb1","MHb_subP_cholinergic","MHb_subP_cholinergic"
"GTGTGCGGTAAGGATTstim","MHb1","MHb_subP_cholinergic","MHb_subP_cholinergic"
"GTGTTAGCAAGCGTAGstim","MHb2","MHb_cholinergic_1","MHb_B"
"GTTAAGCCAAGACACGstim","MHb1","MHb_subP_cholinergic","MHb_subP_cholinergic"
"GTTACAGAGCGCCTCAstim","MHb1","MHb_subP_cholinergic","MHb_subP_cholinergic"
"GTTACAGCATCATCCCstim","MHb2","MHb_cholinergic_1","MHb_B"
"GTTCGGGAGCCTCGTGstim","MHb4","MHb_cholinergic_3","MHb_B"
"GTTCGGGGTCCGACGTstim","MHb2","MHb_cholinergic_1","MHb_B"
"GTTCGGGTCAATCACGstim","MHb4","MHb_cholinergic_3","MHb_B"
"GTTCTCGCAAGTAGTAstim","LHb5","LHb_2","LHb_A"
"GTTCTCGTCACAATGCstim","MHb1","MHb_subP_cholinergic","MHb_subP_cholinergic"
"GTTCTCGTCGTACCGGstim","MHb2","MHb_cholinergic_1","MHb_B"
"GTTTCTAAGTGCTGCCstim","MHb4","MHb_cholinergic_3","MHb_B"
"GTTTCTACAAGGTTTCstim","MHb2","MHb_cholinergic_1","MHb_B"
"TAAGTGCTCAACGGGAstim","MHb1","MHb_subP_cholinergic","MHb_subP_cholinergic"
"TACACGACAAACCCATstim","MHb4","MHb_cholinergic_3","MHb_B"
"TACAGTGAGACTGGGTstim","MHb1","MHb_subP_cholinergic","MHb_subP_cholinergic"
"TACAGTGAGGCCCTTGstim","Neuron","MHb_cholinergic.2","MHb_cholinergic.2"
"TACAGTGGTGCATCTAstim","MHb1","MHb_subP_cholinergic","MHb_subP_cholinergic"
"TACCTATTCACAATGCstim","MHb1","MHb_subP_cholinergic","MHb_subP_cholinergic"
"TACCTTAAGGAATTACstim","MHb1","MHb_subP_cholinergic","MHb_subP_cholinergic"
"TACCTTAGTCCTGCTTstim","MHb1","MHb_subP_cholinergic","MHb_subP_cholinergic"
"TACCTTAGTGATGATAstim","MHb2","MHb_cholinergic_1","MHb_B"
"TACGGTACAGTAACGGstim","MHb2","MHb_cholinergic_1","MHb_B"
"TACGGTAGTAGGACACstim","MHb1","MHb_subP_cholinergic","MHb_subP_cholinergic"
"TACGGTATCCGCATCTstim","MHb1","MHb_subP_cholinergic","MHb_subP_cholinergic"
"TACTCATAGCCATCGCstim","MHb2","MHb_cholinergic_1","MHb_B"
"TACTTACAGCTACCTAstim","MHb4","MHb_cholinergic_3","MHb_B"
"TACTTGTAGATGGGTCstim","MHb2","MHb_cholinergic_1","MHb_B"
"TACTTGTCACCGAAAGstim","MHb1","MHb_subP_cholinergic","MHb_subP_cholinergic"
"TAGACCACACCCATGGstim","Neuron","MHb_subP_cholinergic","MHb_subP_cholinergic"
"TAGACCACAGGCTGAAstim","MHb1","MHb_subP_cholinergic","MHb_subP_cholinergic"
"TAGAGCTAGTTGTAGAstim","MHb1","MHb_subP_cholinergic","MHb_subP_cholinergic"
"TAGAGCTGTCCATCCTstim","MHb1","MHb_subP_cholinergic","MHb_subP_cholinergic"
"TAGAGCTGTCGAGTTTstim","MHb1","MHb_subP_cholinergic","MHb_subP_cholinergic"
"TAGAGCTTCGAGGTAGstim","MHb1","MHb_subP_cholinergic","MHb_subP_cholinergic"
"TAGAGCTTCTTGGGTAstim","MHb1","MHb_subP_cholinergic","MHb_subP_cholinergic"
"TAGCCGGCATGTCCTCstim","MHb2","MHb_cholinergic_1","MHb_B"
"TAGTTGGCAGACAAATstim","MHb1","MHb_subP_cholinergic","MHb_subP_cholinergic"
"TATCAGGCAGTTTACGstim","MHb1","MHb_subP_cholinergic","MHb_subP_cholinergic"
"TATCTCACAAGCCTATstim","MHb2","MHb_cholinergic_1","MHb_B"
"TATGCCCAGACACGACstim","MHb2","MHb_cholinergic_1","MHb_B"
"TATGCCCTCACCCGAGstim","MHb2","MHb_cholinergic_1","MHb_B"
"TATGCCCTCCAGAGGAstim","MHb1","MHb_subP_cholinergic","MHb_subP_cholinergic"
"TATTACCCACTATCTTstim","MHb2","MHb_cholinergic_1","MHb_B"
"TATTACCGTATGAAACstim","Neuron","MHb_cholinergic.1","MHb_cholinergic.1"
"TATTACCGTCAGTGGAstim","MHb1","MHb_subP_cholinergic","MHb_subP_cholinergic"
"TCAACGAAGGATATACstim","MHb4","MHb_cholinergic_3","MHb_B"
"TCACAAGAGAACAACTstim","MHb1","MHb_subP_cholinergic","MHb_subP_cholinergic"
"TCACAAGCAGGGTACAstim","MHb2","MHb_cholinergic_1","MHb_B"
"TCACAAGTCTGCTGCTstim","MHb1","MHb_subP_cholinergic","MHb_subP_cholinergic"
"TCAGATGAGGAGCGAGstim","MHb1","MHb_subP_cholinergic","MHb_subP_cholinergic"
"TCAGATGTCCACGACGstim","MHb2","MHb_cholinergic_1","MHb_B"
"TCAGCAACATTCTTACstim","MHb1","MHb_subP_cholinergic","MHb_subP_cholinergic"
"TCAGCTCCAGATTGCTstim","MHb1","MHb_subP_cholinergic","MHb_subP_cholinergic"
"TCAGCTCGTTCGTCTCstim","MHb1","MHb_subP_cholinergic","MHb_subP_cholinergic"
"TCAGGATAGATGCGACstim","MHb2","MHb_cholinergic_1","MHb_B"
"TCAGGATAGTGTCTCAstim","MHb1","MHb_subP_cholinergic","MHb_subP_cholinergic"
"TCAGGATGTGTCAATCstim","MHb1","MHb_subP_cholinergic","MHb_subP_cholinergic"
"TCAGGATGTTCCGTCTstim","MHb4","MHb_cholinergic_3","MHb_B"
"TCAGGATTCAACTCTTstim","MHb2","MHb_cholinergic_1","MHb_B"
"TCAGGTACATCTCCCAstim","MHb4","MHb_cholinergic_3","MHb_B"
"TCATTACGTAAACACAstim","MHb2","MHb_cholinergic_1","MHb_B"
"TCATTTGAGCTGCGAAstim","MHb2","MHb_cholinergic_1","MHb_B"
"TCATTTGGTTCGCTAAstim","Neuron","MHb_subP_cholinergic","MHb_subP_cholinergic"
"TCATTTGTCAGCTGGCstim","MHb2","MHb_cholinergic_1","MHb_B"
"TCCACACCACGTCTCTstim","MHb2","MHb_cholinergic_1","MHb_B"
"TCCCGATCATTAGGCTstim","MHb2","MHb_cholinergic_1","MHb_B"
"TCGAGGCAGTCAAGGCstim","MHb2","MHb_cholinergic_1","MHb_B"
"TCGAGGCTCAAACCGTstim","MHb2","MHb_cholinergic_1","MHb_B"
"TCGCGAGTCGGTTAACstim","MHb1","MHb_subP_cholinergic","MHb_subP_cholinergic"
"TCGCGTTAGTACGTTCstim","MHb2","MHb_cholinergic_1","MHb_B"
"TCGCGTTTCAGCCTAAstim","MHb2","MHb_cholinergic_1","MHb_B"
"TCGGGACTCCTTCAATstim","MHb2","MHb_cholinergic_1","MHb_B"
"TCGGGACTCTTGCCGTstim","MHb1","MHb_subP_cholinergic","MHb_subP_cholinergic"
"TCGTACCTCGGATGTTstim","MHb4","MHb_cholinergic_3","MHb_B"
"TCGTAGATCTCAAGTGstim","MHb2","MHb_cholinergic_1","MHb_B"
"TCTCATAAGCGCTTATstim","MHb1","MHb_subP_cholinergic","MHb_subP_cholinergic"
"TCTCATAGTACTTGACstim","MHb1","MHb_subP_cholinergic","MHb_subP_cholinergic"
"TCTCTAAAGAGACTTAstim","MHb2","MHb_cholinergic_1","MHb_B"
"TCTCTAATCTTAACCTstim","MHb1","MHb_subP_cholinergic","MHb_subP_cholinergic"
"TCTGAGAAGGATGGTCstim","MHb2","MHb_cholinergic_1","MHb_B"
"TCTGAGATCCATGAGTstim","MHb1","MHb_subP_cholinergic","MHb_subP_cholinergic"
"TGAAAGACATATACCGstim","MHb1","MHb_subP_cholinergic","MHb_subP_cholinergic"
"TGACAACCATTTGCCCstim","MHb2","MHb_cholinergic_1","MHb_B"
"TGACGGCCAATGGACGstim","MHb2","MHb_cholinergic_1","MHb_B"
"TGACTAGAGGTAGCCAstim","MHb2","MHb_cholinergic_1","MHb_B"
"TGACTAGGTTGTGGAGstim","MHb1","MHb_subP_cholinergic","MHb_subP_cholinergic"
"TGACTAGTCCGTTGTCstim","MHb1","MHb_subP_cholinergic","MHb_subP_cholinergic"
"TGACTTTTCGTTACGAstim","MHb1","MHb_subP_cholinergic","MHb_subP_cholinergic"
"TGAGAGGGTCGCGAAAstim","MHb1","MHb_subP_cholinergic","MHb_subP_cholinergic"
"TGAGCATCAGACAGGTstim","MHb1","MHb_subP_cholinergic","MHb_subP_cholinergic"
"TGAGCATGTAACGTTCstim","MHb1","MHb_subP_cholinergic","MHb_subP_cholinergic"
"TGAGCATGTTATGCGTstim","MHb2","MHb_cholinergic_1","MHb_B"
"TGAGCCGCACAGATTCstim","LHb5","LHb_2","LHb_A"
"TGATTTCGTTACTGACstim","MHb1","MHb_subP_cholinergic","MHb_subP_cholinergic"
"TGATTTCTCCGCGGTAstim","MHb1","MHb_subP_cholinergic","MHb_subP_cholinergic"
"TGCACCTAGAGCAATTstim","MHb2","MHb_cholinergic_1","MHb_B"
"TGCACCTTCCTGCTTGstim","MHb1","MHb_subP_cholinergic","MHb_subP_cholinergic"
"TGCCAAAAGTGGTAATstim","MHb1","MHb_subP_cholinergic","MHb_subP_cholinergic"
"TGCCCATAGGCTAGCAstim","Neuron","MHb_cholinergic.2","MHb_cholinergic.2"
"TGCCCATAGTGACATAstim","MHb1","MHb_subP_cholinergic","MHb_subP_cholinergic"
"TGCCCATGTGTAACGGstim","MHb2","MHb_cholinergic_1","MHb_B"
"TGCCCTAAGACAAGCCstim","Neuron","MHb_cholinergic.2","MHb_cholinergic.2"
"TGCCCTAGTTTCCACCstim","MHb1","MHb_subP_cholinergic","MHb_subP_cholinergic"
"TGCCCTATCCTCCTAGstim","MHb1","MHb_subP_cholinergic","MHb_subP_cholinergic"
"TGCGCAGTCTCCCTGAstim","MHb2","MHb_cholinergic_1","MHb_B"
"TGCGGGTTCGTTTAGGstim","MHb2","MHb_cholinergic_1","MHb_B"
"TGCGTGGTCTCTTATGstim","MHb1","MHb_subP_cholinergic","MHb_subP_cholinergic"
"TGCTACCCAGTCTTCCstim","MHb1","MHb_subP_cholinergic","MHb_subP_cholinergic"
"TGCTACCGTATTCTCTstim","MHb1","MHb_subP_cholinergic","MHb_subP_cholinergic"
"TGCTGCTAGGACGAAAstim","MHb2","MHb_cholinergic_1","MHb_B"
"TGGACGCGTCAGAGGTstim","Neuron","MHb_cholinergic.2","MHb_cholinergic.2"
"TGGCCAGCAGGAATGCstim","MHb2","MHb_cholinergic_1","MHb_B"
"TGGCCAGTCAGCTGGCstim","MHb1","MHb_subP_cholinergic","MHb_subP_cholinergic"
"TGGCGCAAGGTAGCCAstim","MHb2","MHb_cholinergic_1","MHb_B"
"TGGCTGGAGCAGGCTAstim","MHb2","MHb_cholinergic_1","MHb_B"
"TGGGAAGAGCCACGTCstim","Neuron","MHb_cholinergic.2","MHb_cholinergic.2"
"TGGGAAGGTCTTGTCCstim","MHb1","MHb_subP_cholinergic","MHb_subP_cholinergic"
"TGGGAAGTCGCAAACTstim","Neuron","MHb_subP_cholinergic","MHb_subP_cholinergic"
"TGGTTAGAGCACACAGstim","MHb2","MHb_cholinergic_1","MHb_B"
"TGGTTAGCAGCTCCGAstim","MHb1","MHb_subP_cholinergic","MHb_subP_cholinergic"
"TGGTTCCAGGAATGGAstim","MHb4","MHb_cholinergic_3","MHb_B"
"TGGTTCCGTATAGGGCstim","MHb4","MHb_cholinergic_3","MHb_B"
"TGTATTCGTGGCTCCAstim","MHb4","MHb_cholinergic_3","MHb_B"
"TGTATTCTCCTCGCATstim","MHb4","MHb_cholinergic_3","MHb_B"
"TGTATTCTCTTGCAAGstim","MHb1","MHb_subP_cholinergic","MHb_subP_cholinergic"
"TGTCCCATCACAAACCstim","MHb1","MHb_subP_cholinergic","MHb_subP_cholinergic"
"TGTGTTTGTCTGGAGAstim","MHb1","MHb_subP_cholinergic","MHb_subP_cholinergic"
"TGTGTTTTCCTTGGTCstim","MHb2","MHb_cholinergic_1","MHb_B"
"TTAACTCGTCCTGCTTstim","MHb4","MHb_cholinergic_3","MHb_B"
"TTAGGACGTTGCCTCTstim","MHb2","MHb_cholinergic_1","MHb_B"
"TTAGGACTCCGTAGTAstim","MHb4","MHb_cholinergic_3","MHb_B"
"TTAGGCAAGGTTACCTstim","MHb2","MHb_cholinergic_1","MHb_B"
"TTAGGCATCACAACGTstim","MHb2","MHb_cholinergic_1","MHb_B"
"TTAGTTCGTGCAGGTAstim","MHb1","MHb_subP_cholinergic","MHb_subP_cholinergic"
"TTAGTTCGTGTAATGAstim","MHb1","MHb_subP_cholinergic","MHb_subP_cholinergic"
"TTAGTTCTCAAACCGTstim","MHb2","MHb_cholinergic_1","MHb_B"
"TTATGCTAGAGTCGGTstim","MHb1","MHb_subP_cholinergic","MHb_subP_cholinergic"
"TTATGCTAGCGATCCCstim","MHb2","MHb_cholinergic_1","MHb_B"
"TTATGCTCAATAGCAAstim","MHb2","MHb_cholinergic_1","MHb_B"
"TTATGCTCATTTGCCCstim","MHb2","MHb_cholinergic_1","MHb_B"
"TTCCCAGCAAAGCGGTstim","MHb2","MHb_cholinergic_1","MHb_B"
"TTCGAAGAGGTAGCTGstim","MHb1","MHb_subP_cholinergic","MHb_subP_cholinergic"
"TTCGAAGCAAACCTACstim","MHb4","MHb_cholinergic_3","MHb_B"
"TTCGAAGTCTTTCCTCstim","MHb2","MHb_cholinergic_1","MHb_B"
"TTCGGTCAGTAAGTACstim","MHb1","MHb_subP_cholinergic","MHb_subP_cholinergic"
"TTCGGTCCATTCCTGCstim","MHb1","MHb_subP_cholinergic","MHb_subP_cholinergic"
"TTCGGTCTCATCGCTCstim","MHb2","MHb_cholinergic_1","MHb_B"
"TTCTCCTTCCGCATCTstim","MHb4","MHb_cholinergic_3","MHb_B"
"TTCTTAGCACCAGATTstim","MHb3","MHb_cholinergic_2","MHb_B"
"TTGACTTAGAGCTATAstim","MHb2","MHb_cholinergic_1","MHb_B"
"TTGACTTAGTCGAGTGstim","MHb1","MHb_subP_cholinergic","MHb_subP_cholinergic"
"TTGACTTGTGGTCTCGstim","MHb2","MHb_cholinergic_1","MHb_B"
"TTGACTTGTTTAGCTGstim","MHb2","MHb_cholinergic_1","MHb_B"
"TTGCGTCAGTCTCAACstim","MHb2","MHb_cholinergic_1","MHb_B"
"TTGCGTCGTATGGTTCstim","MHb2","MHb_cholinergic_1","MHb_B"
"TTGGAACAGGACACCAstim","LHb5","LHb_2","LHb_A"
"TTGGAACCATCCTTGCstim","MHb1","MHb_subP_cholinergic","MHb_subP_cholinergic"
"TTGGAACGTATAAACGstim","MHb2","MHb_cholinergic_1","MHb_B"
"TTGGCAAAGAGTGAGAstim","MHb2","MHb_cholinergic_1","MHb_B"
"TTGGCAAAGTGGGATCstim","MHb2","MHb_cholinergic_1","MHb_B"
"TTGTAGGGTAATAGCAstim","MHb2","MHb_cholinergic_1","MHb_B"
"TTGTAGGTCGCACTCTstim","MHb2","MHb_cholinergic_1","MHb_B"
"TTTACTGAGTAGGCCAstim","MHb2","MHb_cholinergic_1","MHb_B"
"TTTACTGTCAATACCGstim","MHb2","MHb_cholinergic_1","MHb_B"
"TTTATGCAGCTTTGGTstim","MHb1","MHb_subP_cholinergic","MHb_subP_cholinergic"
"TTTCCTCAGCAAATCAstim","MHb2","MHb_cholinergic_1","MHb_B"
"TTTCCTCGTCTCTCGTstim","MHb1","MHb_subP_cholinergic","MHb_subP_cholinergic"
"TTTGCGCTCCCAACGGstim","MHb4","MHb_cholinergic_3","MHb_B"
"TTTGCGCTCGGCCGATstim","Neuron","MHb_cholinergic.2","MHb_cholinergic.2"
"TTTGGTTAGAATCTCCstim","MHb4","MHb_cholinergic_3","MHb_B"
"TTTGGTTCACAGTCGCstim","MHb4","MHb_cholinergic_3","MHb_B"
"AAACCTGTCTGAAAGAstim","MHb3","MHb_cholinergic_2","MHb_B"
"AAACGGGAGTATGACAstim","MHb3","MHb_cholinergic_2","MHb_B"
"AAAGATGCAGTATCTGstim","MHb3","MHb_cholinergic_2","MHb_B"
"AAAGATGCATCGGTTAstim","Neuron","MHb_cholinergic.1","MHb_cholinergic.1"
"AAAGATGTCTCTAGGAstim","MHb3","MHb_cholinergic_2","MHb_B"
"AAAGCAAAGAAGGTGAstim","MHb3","MHb_cholinergic_2","MHb_B"
"AAAGCAATCTCCGGTTstim","MHb3","MHb_cholinergic_2","MHb_B"
"AAAGCAATCTTTCCTCstim","MHb4","MHb_cholinergic_3","MHb_B"
"AAAGTAGTCGCTTAGAstim","MHb3","MHb_cholinergic_2","MHb_B"
"AAATGCCTCAGGTTCAstim","MHb4","MHb_cholinergic_3","MHb_B"
"AACACGTGTCACCCAGstim","Neuron","MHb_cholinergic.1","MHb_cholinergic.1"
"AACCATGAGTTCGCGCstim","MHb3","MHb_cholinergic_2","MHb_B"
"AACCATGTCGGATGTTstim","MHb4","MHb_cholinergic_3","MHb_B"
"AACCGCGGTTTGTGTGstim","MHb2","MHb_cholinergic_1","MHb_B"
"AACCGCGTCCATTCTAstim","MHb3","MHb_cholinergic_2","MHb_B"
"AACGTTGAGCGATATAstim","MHb3","MHb_cholinergic_2","MHb_B"
"AACTCAGCATCCTAGAstim","MHb3","MHb_cholinergic_2","MHb_B"
"AACTCAGGTGTGCCTGstim","MHb3","MHb_cholinergic_2","MHb_B"
"AACTCCCGTCATATCGstim","MHb3","MHb_cholinergic_2","MHb_B"
"AACTCTTGTGCTTCTCstim","MHb2","MHb_cholinergic_1","MHb_B"
"AACTCTTTCGCCAGCAstim","MHb4","MHb_cholinergic_3","MHb_B"
"AACTCTTTCGCCGTGAstim","MHb3","MHb_cholinergic_2","MHb_B"
"AACTCTTTCGTCTGCTstim","MHb3","MHb_cholinergic_2","MHb_B"
"AACTTTCCATGAAGTAstim","MHb4","MHb_cholinergic_3","MHb_B"
"AAGACCTAGTCCTCCTstim","MHb3","MHb_cholinergic_2","MHb_B"
"AAGACCTTCAACACTGstim","MHb4","MHb_cholinergic_3","MHb_B"
"AAGGCAGAGTTATCGCstim","MHb6","MHb_cholinergic_4","MHb_B"
"AAGGTTCTCAAAGTAGstim","MHb2","MHb_cholinergic_1","MHb_B"
"AATCCAGCATGCTGGCstim","MHb2","MHb_cholinergic_1","MHb_B"
"AATCGGTTCTTTAGTCstim","MHb2","MHb_cholinergic_1","MHb_B"
"ACACCAAAGCCATCGCstim","MHb3","MHb_cholinergic_2","MHb_B"
"ACACCCTAGCTTATCGstim","MHb3","MHb_cholinergic_2","MHb_B"
"ACACCCTCAAGCGATGstim","MHb4","MHb_cholinergic_3","MHb_B"
"ACACCCTCATTGCGGCstim","MHb3","MHb_cholinergic_2","MHb_B"
"ACACCGGCAAGAGTCGstim","MHb4","MHb_cholinergic_3","MHb_B"
"ACACCGGGTTAAGATGstim","MHb3","MHb_cholinergic_2","MHb_B"
"ACACTGAAGTAGCCGAstim","MHb4","MHb_cholinergic_3","MHb_B"
"ACACTGACACGACTCGstim","MHb2","MHb_cholinergic_1","MHb_B"
"ACACTGATCAGATAAGstim","MHb4","MHb_cholinergic_3","MHb_B"
"ACAGCCGGTTAAAGACstim","MHb3","MHb_cholinergic_2","MHb_B"
"ACAGCTAAGAGCTGGTstim","MHb3","MHb_cholinergic_2","MHb_B"
"ACAGCTAGTCACTTCCstim","MHb3","MHb_cholinergic_2","MHb_B"
"ACAGCTAGTTAGATGAstim","MHb4","MHb_cholinergic_3","MHb_B"
"ACAGCTATCCTCAATTstim","MHb4","MHb_cholinergic_3","MHb_B"
"ACAGCTATCTGGTATGstim","MHb2","MHb_cholinergic_1","MHb_B"
"ACATACGGTTCCTCCAstim","MHb4","MHb_cholinergic_3","MHb_B"
"ACATACGTCAGGCCCAstim","MHb3","MHb_cholinergic_2","MHb_B"
"ACATGGTGTAACGTTCstim","MHb4","MHb_cholinergic_3","MHb_B"
"ACATGGTGTTCCACTCstim","MHb3","MHb_cholinergic_2","MHb_B"
"ACCAGTAGTTGATTCGstim","MHb4","MHb_cholinergic_3","MHb_B"
"ACCAGTATCGGATGTTstim","MHb4","MHb_cholinergic_3","MHb_B"
"ACCCACTGTTGACGTTstim","MHb3","MHb_cholinergic_2","MHb_B"
"ACCCACTGTTGGTTTGstim","MHb3","MHb_cholinergic_2","MHb_B"
"ACCGTAAGTACCCAATstim","MHb2","MHb_cholinergic_1","MHb_B"
"ACCGTAATCGACGGAAstim","MHb3","MHb_cholinergic_2","MHb_B"
"ACCTTTATCGGGAGTAstim","MHb3","MHb_cholinergic_2","MHb_B"
"ACGAGCCAGATACACAstim","MHb3","MHb_cholinergic_2","MHb_B"
"ACGAGCCAGCTCTCGGstim","MHb2","MHb_cholinergic_1","MHb_B"
"ACGAGCCGTACGACCCstim","MHb3","MHb_cholinergic_2","MHb_B"
"ACGAGGATCACCATAGstim","MHb3","MHb_cholinergic_2","MHb_B"
"ACGATACCACTTCTGCstim","MHb4","MHb_cholinergic_3","MHb_B"
"ACGATACCAGCCTTGGstim","MHb3","MHb_cholinergic_2","MHb_B"
"ACGATACGTAAGGGAAstim","MHb3","MHb_cholinergic_2","MHb_B"
"ACGATACTCAAACCACstim","MHb3","MHb_cholinergic_2","MHb_B"
"ACGATGTGTAAACACAstim","MHb3","MHb_cholinergic_2","MHb_B"
"ACGATGTGTAGCTTGTstim","MHb3","MHb_cholinergic_2","MHb_B"
"ACGCCAGAGCGTTTACstim","MHb3","MHb_cholinergic_2","MHb_B"
"ACGCCAGCAGGGATTGstim","MHb2","MHb_cholinergic_1","MHb_B"
"ACGCCAGGTCCGAGTCstim","MHb3","MHb_cholinergic_2","MHb_B"
"ACGCCAGTCCGCATAAstim","MHb2","MHb_cholinergic_1","MHb_B"
"ACGCCGAAGCCACCTGstim","MHb3","MHb_cholinergic_2","MHb_B"
"ACGCCGATCAACACTGstim","MHb3","MHb_cholinergic_2","MHb_B"
"ACGGAGATCCTTTACAstim","MHb4","MHb_cholinergic_3","MHb_B"
"ACGGCCATCATAACCGstim","MHb3","MHb_cholinergic_2","MHb_B"
"ACGGCCATCGGCGGTTstim","MHb4","MHb_cholinergic_3","MHb_B"
"ACGGCCATCTCGATGAstim","MHb3","MHb_cholinergic_2","MHb_B"
"ACGGGTCAGCAGATCGstim","MHb2","MHb_cholinergic_1","MHb_B"
"ACGGGTCTCACCGGGTstim","MHb4","MHb_cholinergic_3","MHb_B"
"ACGTCAAGTTAGTGGGstim","MHb4","MHb_cholinergic_3","MHb_B"
"ACTATCTTCGCAAACTstim","Neuron","MHb_cholinergic.1","MHb_cholinergic.1"
"ACTGCTCCATATACCGstim","MHb4","MHb_cholinergic_3","MHb_B"
"ACTGCTCTCGAACGGAstim","MHb3","MHb_cholinergic_2","MHb_B"
"ACTGTCCAGTCAAGGCstim","MHb4","MHb_cholinergic_3","MHb_B"
"ACTGTCCTCAGCTTAGstim","MHb3","MHb_cholinergic_2","MHb_B"
"ACTTACTAGCGATGACstim","MHb2","MHb_cholinergic_1","MHb_B"
"ACTTACTCATACGCCGstim","MHb2","MHb_cholinergic_1","MHb_B"
"ACTTACTCATTTCACTstim","MHb4","MHb_cholinergic_3","MHb_B"
"ACTTACTTCTTGAGGTstim","MHb2","MHb_cholinergic_1","MHb_B"
"ACTTGTTCAGATTGCTstim","MHb3","MHb_cholinergic_2","MHb_B"
"ACTTGTTTCTCTTGATstim","MHb3","MHb_cholinergic_2","MHb_B"
"AGACGTTCACTCAGGCstim","MHb2","MHb_cholinergic_1","MHb_B"
"AGAGCGAAGCTTTGGTstim","MHb4","MHb_cholinergic_3","MHb_B"
"AGAGTGGTCAGAGGTGstim","MHb4","MHb_cholinergic_3","MHb_B"
"AGATCTGTCGCTGATAstim","MHb3","MHb_cholinergic_2","MHb_B"
"AGATTGCGTGAGCGATstim","MHb4","MHb_cholinergic_3","MHb_B"
"AGATTGCTCAGGCAAGstim","MHb3","MHb_cholinergic_2","MHb_B"
"AGATTGCTCCGCTGTTstim","MHb3","MHb_cholinergic_2","MHb_B"
"AGCAGCCAGCAGGTCAstim","MHb4","MHb_cholinergic_3","MHb_B"
"AGCAGCCCAAGCTGAGstim","MHb3","MHb_cholinergic_2","MHb_B"
"AGCAGCCTCTAACTTCstim","MHb3","MHb_cholinergic_2","MHb_B"
"AGCATACGTGTCAATCstim","MHb3","MHb_cholinergic_2","MHb_B"
"AGCATACTCTCTAGGAstim","MHb2","MHb_cholinergic_1","MHb_B"
"AGCCTAAAGGGAAACAstim","MHb2","MHb_cholinergic_1","MHb_B"
"AGCCTAACATACTCTTstim","MHb2","MHb_cholinergic_1","MHb_B"
"AGCCTAATCAATCACGstim","MHb4","MHb_cholinergic_3","MHb_B"
"AGCGGTCCAGCTCGACstim","MHb3","MHb_cholinergic_2","MHb_B"
"AGCGTATCACCCAGTGstim","MHb3","MHb_cholinergic_2","MHb_B"
"AGCGTATTCGCCTGTTstim","MHb3","MHb_cholinergic_2","MHb_B"
"AGCGTCGCACGAGAGTstim","MHb3","MHb_cholinergic_2","MHb_B"
"AGCTCCTCAAGTTCTGstim","MHb4","MHb_cholinergic_3","MHb_B"
"AGCTCCTTCTATGTGGstim","MHb4","MHb_cholinergic_3","MHb_B"
"AGGGAGTGTGACCAAGstim","MHb3","MHb_cholinergic_2","MHb_B"
"AGGGTGACATTGGTACstim","MHb3","MHb_cholinergic_2","MHb_B"
"AGGGTGATCCAAACTGstim","MHb4","MHb_cholinergic_3","MHb_B"
"AGGGTGATCGTTGCCTstim","MHb2","MHb_cholinergic_1","MHb_B"
"AGGTCATCAAAGGTGCstim","Neuron","MHb_cholinergic.1","MHb_cholinergic.1"
"AGGTCATTCTCGGACGstim","MHb2","MHb_cholinergic_1","MHb_B"
"AGTAGTCGTTTAGCTGstim","MHb4","MHb_cholinergic_3","MHb_B"
"AGTGAGGGTTATTCTCstim","MHb3","MHb_cholinergic_2","MHb_B"
"AGTGAGGGTTCCATGAstim","MHb3","MHb_cholinergic_2","MHb_B"
"AGTGGGACAGTTTACGstim","MHb3","MHb_cholinergic_2","MHb_B"
"AGTGGGATCACATGCAstim","Neuron","MHb_cholinergic.1","MHb_cholinergic.1"
"AGTGGGATCGCGCCAAstim","MHb3","MHb_cholinergic_2","MHb_B"
"AGTGTCAGTCGGCATCstim","MHb3","MHb_cholinergic_2","MHb_B"
"AGTTGGTCATGACGGAstim","MHb1","MHb_subP_cholinergic","MHb_subP_cholinergic"
"ATAACGCGTATAATGGstim","MHb2","MHb_cholinergic_1","MHb_B"
"ATAACGCTCGCCTGAGstim","MHb4","MHb_cholinergic_3","MHb_B"
"ATAAGAGGTCGAACAGstim","MHb4","MHb_cholinergic_3","MHb_B"
"ATAGACCTCTTCGGTCstim","MHb3","MHb_cholinergic_2","MHb_B"
"ATCATCTTCGTTGCCTstim","MHb3","MHb_cholinergic_2","MHb_B"
"ATCATGGGTTAAGACAstim","MHb4","MHb_cholinergic_3","MHb_B"
"ATCATGGTCGATAGAAstim","MHb4","MHb_cholinergic_3","MHb_B"
"ATCCGAAAGTTGTCGTstim","MHb4","MHb_cholinergic_3","MHb_B"
"ATCCGAACAGTAGAGCstim","MHb3","MHb_cholinergic_2","MHb_B"
"ATCCGAACATCGATTGstim","MHb3","MHb_cholinergic_2","MHb_B"
"ATCGAGTGTATAATGGstim","MHb3","MHb_cholinergic_2","MHb_B"
"ATCGAGTGTGCTGTATstim","MHb4","MHb_cholinergic_3","MHb_B"
"ATCTACTAGGATGGAAstim","MHb2","MHb_cholinergic_1","MHb_B"
"ATCTACTTCTCGTTTAstim","MHb4","MHb_cholinergic_3","MHb_B"
"ATCTGCCAGCAAATCAstim","MHb3","MHb_cholinergic_2","MHb_B"
"ATCTGCCAGCTAACTCstim","MHb4","MHb_cholinergic_3","MHb_B"
"ATGAGGGAGCTGGAACstim","MHb3","MHb_cholinergic_2","MHb_B"
"ATGAGGGCACACCGCAstim","MHb4","MHb_cholinergic_3","MHb_B"
"ATGAGGGCACATCCAAstim","MHb3","MHb_cholinergic_2","MHb_B"
"ATGAGGGGTTTGCATGstim","MHb3","MHb_cholinergic_2","MHb_B"
"ATGAGGGTCACGATGTstim","MHb4","MHb_cholinergic_3","MHb_B"
"ATGCGATAGGATATACstim","MHb2","MHb_cholinergic_1","MHb_B"
"ATGCGATTCGAACGGAstim","MHb3","MHb_cholinergic_2","MHb_B"
"ATGGGAGAGTACGTTCstim","MHb3","MHb_cholinergic_2","MHb_B"
"ATGGGAGAGTTACGGGstim","MHb3","MHb_cholinergic_2","MHb_B"
"ATGTGTGAGGACACCAstim","MHb3","MHb_cholinergic_2","MHb_B"
"ATGTGTGAGTACGCGAstim","MHb2","MHb_cholinergic_1","MHb_B"
"ATGTGTGTCACAATGCstim","MHb3","MHb_cholinergic_2","MHb_B"
"ATTACTCAGTTGCAGGstim","MHb4","MHb_cholinergic_3","MHb_B"
"ATTACTCCACAGATTCstim","MHb3","MHb_cholinergic_2","MHb_B"
"ATTATCCCAGCTGTATstim","MHb3","MHb_cholinergic_2","MHb_B"
"ATTCTACAGGGCTTCCstim","MHb3","MHb_cholinergic_2","MHb_B"
"ATTCTACTCACATACGstim","MHb3","MHb_cholinergic_2","MHb_B"
"ATTGGACAGCCACCTGstim","MHb3","MHb_cholinergic_2","MHb_B"
"ATTGGTGAGTCACGCCstim","MHb2","MHb_cholinergic_1","MHb_B"
"ATTGGTGGTAGTAGTAstim","MHb4","MHb_cholinergic_3","MHb_B"
"ATTGGTGTCGTTTGCCstim","MHb6","MHb_cholinergic_4","MHb_B"
"ATTTCTGCATATGCTGstim","MHb2","MHb_cholinergic_1","MHb_B"
"ATTTCTGTCACCCTCAstim","MHb2","MHb_cholinergic_1","MHb_B"
"ATTTCTGTCGTCCAGGstim","MHb3","MHb_cholinergic_2","MHb_B"
"CAACCAAGTCAGAATAstim","MHb3","MHb_cholinergic_2","MHb_B"
"CAACCAAGTGTGAATAstim","MHb3","MHb_cholinergic_2","MHb_B"
"CAAGAAATCATGTGGTstim","MHb3","MHb_cholinergic_2","MHb_B"
"CAAGATCAGTCGCCGTstim","MHb3","MHb_cholinergic_2","MHb_B"
"CAAGATCCAGACTCGCstim","MHb3","MHb_cholinergic_2","MHb_B"
"CAAGGCCGTAGCTAAAstim","MHb3","MHb_cholinergic_2","MHb_B"
"CAAGTTGTCGGAATCTstim","MHb3","MHb_cholinergic_2","MHb_B"
"CACAAACAGTTAGGTAstim","MHb2","MHb_cholinergic_1","MHb_B"
"CACAAACGTCGCTTTCstim","MHb3","MHb_cholinergic_2","MHb_B"
"CACAAACTCAAGATCCstim","MHb3","MHb_cholinergic_2","MHb_B"
"CACAAACTCCACGAATstim","MHb2","MHb_cholinergic_1","MHb_B"
"CACACAAAGGATGGAAstim","MHb2","MHb_cholinergic_1","MHb_B"
"CACACAACAGCGAACAstim","MHb3","MHb_cholinergic_2","MHb_B"
"CACACCTGTAACGCGAstim","Neuron","MHb_cholinergic.1","MHb_cholinergic.1"
"CACACTCCACCGAAAGstim","MHb3","MHb_cholinergic_2","MHb_B"
"CACACTCTCTATGTGGstim","MHb2","MHb_cholinergic_1","MHb_B"
"CACACTCTCTTGCCGTstim","MHb2","MHb_cholinergic_1","MHb_B"
"CACAGTACAACCGCCAstim","MHb2","MHb_cholinergic_1","MHb_B"
"CACAGTATCGCGTTTCstim","MHb2","MHb_cholinergic_1","MHb_B"
"CACATAGCACCGTTGGstim","MHb2","MHb_cholinergic_1","MHb_B"
"CACATAGCATTCTTACstim","MHb3","MHb_cholinergic_2","MHb_B"
"CACATTTAGGGTTCCCstim","MHb3","MHb_cholinergic_2","MHb_B"
"CACATTTAGGTGTTAAstim","MHb3","MHb_cholinergic_2","MHb_B"
"CACATTTCATTAGCCAstim","MHb4","MHb_cholinergic_3","MHb_B"
"CACATTTGTATAATGGstim","MHb4","MHb_cholinergic_3","MHb_B"
"CACATTTGTCCCTACTstim","MHb3","MHb_cholinergic_2","MHb_B"
"CACATTTTCGTACGGCstim","MHb3","MHb_cholinergic_2","MHb_B"
"CACCACTTCAGGCAAGstim","MHb3","MHb_cholinergic_2","MHb_B"
"CACCAGGGTACAGTTCstim","MHb3","MHb_cholinergic_2","MHb_B"
"CACTCCAGTGCGATAGstim","MHb2","MHb_cholinergic_1","MHb_B"
"CAGAGAGAGAGTACATstim","MHb4","MHb_cholinergic_3","MHb_B"
"CAGAGAGCAATCACACstim","MHb3","MHb_cholinergic_2","MHb_B"
"CAGATCACAAGAAAGGstim","MHb2","MHb_cholinergic_1","MHb_B"
"CAGCAGCTCCATGAACstim","MHb4","MHb_cholinergic_3","MHb_B"
"CAGCATAAGTTACCCAstim","MHb3","MHb_cholinergic_2","MHb_B"
"CAGCGACAGGAATCGCstim","MHb2","MHb_cholinergic_1","MHb_B"
"CAGCTAAAGAAGGGTAstim","MHb3","MHb_cholinergic_2","MHb_B"
"CAGCTGGGTGGCTCCAstim","MHb2","MHb_cholinergic_1","MHb_B"
"CAGGTGCCAGGTTTCAstim","MHb3","MHb_cholinergic_2","MHb_B"
"CAGGTGCTCGCCTGTTstim","MHb3","MHb_cholinergic_2","MHb_B"
"CAGTAACGTTAAGAACstim","MHb2","MHb_cholinergic_1","MHb_B"
"CAGTAACGTTCTGGTAstim","MHb2","MHb_cholinergic_1","MHb_B"
"CAGTAACTCAAGGTAAstim","MHb3","MHb_cholinergic_2","MHb_B"
"CATATTCAGTCCCACGstim","MHb2","MHb_cholinergic_1","MHb_B"
"CATCAGAGTAATAGCAstim","MHb3","MHb_cholinergic_2","MHb_B"
"CATCAGAGTGAGCGATstim","MHb3","MHb_cholinergic_2","MHb_B"
"CATCGAATCTTGAGGTstim","MHb2","MHb_cholinergic_1","MHb_B"
"CATCGGGAGGGATGGGstim","MHb4","MHb_cholinergic_3","MHb_B"
"CATCGGGCAGTATCTGstim","MHb3","MHb_cholinergic_2","MHb_B"
"CATGACAGTTCGGGCTstim","MHb3","MHb_cholinergic_2","MHb_B"
"CATGACATCGCCATAAstim","MHb4","MHb_cholinergic_3","MHb_B"
"CATGCCTTCCAGTATGstim","MHb3","MHb_cholinergic_2","MHb_B"
"CATGCCTTCCGGGTGTstim","MHb3","MHb_cholinergic_2","MHb_B"
"CATGCCTTCTTCAACTstim","MHb4","MHb_cholinergic_3","MHb_B"
"CATTATCCACATTCGAstim","MHb3","MHb_cholinergic_2","MHb_B"
"CATTATCGTGCATCTAstim","MHb2","MHb_cholinergic_1","MHb_B"
"CCAATCCCAAGTCTACstim","MHb4","MHb_cholinergic_3","MHb_B"
"CCACCTAAGCGGATCAstim","MHb3","MHb_cholinergic_2","MHb_B"
"CCACCTAGTTGTGGCCstim","MHb3","MHb_cholinergic_2","MHb_B"
"CCACTACCAGTCAGCCstim","MHb2","MHb_cholinergic_1","MHb_B"
"CCACTACGTCGCTTTCstim","MHb4","MHb_cholinergic_3","MHb_B"
"CCACTACTCAGGCAAGstim","MHb3","MHb_cholinergic_2","MHb_B"
"CCAGCGAGTTAAGATGstim","MHb3","MHb_cholinergic_2","MHb_B"
"CCAGCGATCAACACACstim","MHb3","MHb_cholinergic_2","MHb_B"
"CCATGTCAGAGCCTAGstim","MHb4","MHb_cholinergic_3","MHb_B"
"CCATGTCAGGGCATGTstim","MHb3","MHb_cholinergic_2","MHb_B"
"CCATGTCGTACCGTTAstim","MHb3","MHb_cholinergic_2","MHb_B"
"CCATGTCGTCCTAGCGstim","MHb3","MHb_cholinergic_2","MHb_B"
"CCATTCGAGACACTAAstim","MHb2","MHb_cholinergic_1","MHb_B"
"CCATTCGAGCGATTCTstim","Neuron","MHb_cholinergic.1","MHb_cholinergic.1"
"CCATTCGAGTTTGCGTstim","MHb3","MHb_cholinergic_2","MHb_B"
"CCCAATCAGGAATGGAstim","MHb2","MHb_cholinergic_1","MHb_B"
"CCCAATCAGTTCGCGCstim","MHb2","MHb_cholinergic_1","MHb_B"
"CCCAGTTGTCTCATCCstim","MHb3","MHb_cholinergic_2","MHb_B"
"CCCAGTTGTTCACGGCstim","MHb4","MHb_cholinergic_3","MHb_B"
"CCCATACCATAAAGGTstim","MHb4","MHb_cholinergic_3","MHb_B"
"CCCATACTCCTAGTGAstim","MHb3","MHb_cholinergic_2","MHb_B"
"CCCTCCTAGTTAGGTAstim","MHb3","MHb_cholinergic_2","MHb_B"
"CCCTCCTGTCAGAAGCstim","MHb4","MHb_cholinergic_3","MHb_B"
"CCGGGATGTCACTTCCstim","MHb3","MHb_cholinergic_2","MHb_B"
"CCGGGATGTGCACGAAstim","MHb2","MHb_cholinergic_1","MHb_B"
"CCGGTAGCAATGACCTstim","MHb4","MHb_cholinergic_3","MHb_B"
"CCGGTAGGTAAGGATTstim","MHb3","MHb_cholinergic_2","MHb_B"
"CCGTACTAGAAAGTGGstim","MHb4","MHb_cholinergic_3","MHb_B"
"CCGTACTAGTACGACGstim","MHb3","MHb_cholinergic_2","MHb_B"
"CCGTACTCATTTGCTTstim","MHb3","MHb_cholinergic_2","MHb_B"
"CCGTGGATCCCACTTGstim","Neuron","MHb_cholinergic.1","MHb_cholinergic.1"
"CCGTGGATCGTCCGTTstim","MHb4","MHb_cholinergic_3","MHb_B"
"CCGTTCAGTGATAAACstim","MHb3","MHb_cholinergic_2","MHb_B"
"CCTAAAGCACTGTTAGstim","MHb2","MHb_cholinergic_1","MHb_B"
"CCTAGCTGTATAGTAGstim","MHb2","MHb_cholinergic_1","MHb_B"
"CCTAGCTGTCAATGTCstim","MHb3","MHb_cholinergic_2","MHb_B"
"CCTATTAGTTGTCTTTstim","MHb3","MHb_cholinergic_2","MHb_B"
"CCTATTATCTACTATCstim","MHb3","MHb_cholinergic_2","MHb_B"
"CCTATTATCTTTACGTstim","MHb3","MHb_cholinergic_2","MHb_B"
"CCTCTGAGTCTCCCTAstim","Neuron","MHb_cholinergic.1","MHb_cholinergic.1"
"CCTTACGAGCTGTCTAstim","MHb3","MHb_cholinergic_2","MHb_B"
"CCTTACGGTGCCTTGGstim","MHb3","MHb_cholinergic_2","MHb_B"
"CGAACATCAATCGGTTstim","MHb2","MHb_cholinergic_1","MHb_B"
"CGAATGTCATTTCAGGstim","MHb4","MHb_cholinergic_3","MHb_B"
"CGAATGTGTGCACTTAstim","MHb3","MHb_cholinergic_2","MHb_B"
"CGACCTTAGACAGGCTstim","MHb2","MHb_cholinergic_1","MHb_B"
"CGACCTTTCGATGAGGstim","MHb1","MHb_subP_cholinergic","MHb_subP_cholinergic"
"CGACTTCCAGACGCAAstim","MHb3","MHb_cholinergic_2","MHb_B"
"CGAGAAGTCGCCATAAstim","MHb3","MHb_cholinergic_2","MHb_B"
"CGAGAAGTCTGTCCGTstim","MHb3","MHb_cholinergic_2","MHb_B"
"CGAGCACTCGTCTGCTstim","MHb3","MHb_cholinergic_2","MHb_B"
"CGATCGGGTACAGTGGstim","MHb4","MHb_cholinergic_3","MHb_B"
"CGATGTAAGGGTTCCCstim","MHb3","MHb_cholinergic_2","MHb_B"
"CGATGTACACTCGACGstim","MHb3","MHb_cholinergic_2","MHb_B"
"CGATTGACACTTACGAstim","MHb4","MHb_cholinergic_3","MHb_B"
"CGCCAAGGTATAGTAGstim","MHb3","MHb_cholinergic_2","MHb_B"
"CGCGTTTAGCCACGCTstim","MHb3","MHb_cholinergic_2","MHb_B"
"CGCGTTTAGGATGGAAstim","MHb4","MHb_cholinergic_3","MHb_B"
"CGCGTTTTCTGGGCCAstim","MHb4","MHb_cholinergic_3","MHb_B"
"CGCTATCCAGACAGGTstim","MHb3","MHb_cholinergic_2","MHb_B"
"CGGACACTCAACACCAstim","MHb3","MHb_cholinergic_2","MHb_B"
"CGGAGCTAGGACAGCTstim","MHb3","MHb_cholinergic_2","MHb_B"
"CGGAGCTCACGCTTTCstim","MHb2","MHb_cholinergic_1","MHb_B"
"CGGAGTCAGCGATCCCstim","MHb3","MHb_cholinergic_2","MHb_B"
"CGGAGTCAGTGGGTTGstim","MHb2","MHb_cholinergic_1","MHb_B"
"CGGAGTCTCGCGATCGstim","MHb3","MHb_cholinergic_2","MHb_B"
"CGGCTAGCAGGCAGTAstim","MHb4","MHb_cholinergic_3","MHb_B"
"CGGGTCAAGCATCATCstim","MHb3","MHb_cholinergic_2","MHb_B"
"CGGGTCACAGATGGCAstim","MHb3","MHb_cholinergic_2","MHb_B"
"CGGTTAAAGACTTGAAstim","MHb4","MHb_cholinergic_3","MHb_B"
"CGGTTAAGTAACGACGstim","MHb3","MHb_cholinergic_2","MHb_B"
"CGGTTAATCTTACCTAstim","MHb2","MHb_cholinergic_1","MHb_B"
"CGGTTAATCTTTACACstim","MHb3","MHb_cholinergic_2","MHb_B"
"CGTAGCGAGAGCCCAAstim","MHb4","MHb_cholinergic_3","MHb_B"
"CGTAGCGAGATGTTAGstim","MHb4","MHb_cholinergic_3","MHb_B"
"CGTAGCGCATAAAGGTstim","MHb3","MHb_cholinergic_2","MHb_B"
"CGTAGCGTCAAAGACAstim","MHb3","MHb_cholinergic_2","MHb_B"
"CGTAGGCCAAGGACTGstim","MHb2","MHb_cholinergic_1","MHb_B"
"CGTAGGCTCTGTTTGTstim","MHb3","MHb_cholinergic_2","MHb_B"
"CGTCACTTCACCAGGCstim","MHb3","MHb_cholinergic_2","MHb_B"
"CGTCAGGAGTGCCATTstim","MHb2","MHb_cholinergic_1","MHb_B"
"CGTCCATGTCTTTCATstim","MHb2","MHb_cholinergic_1","MHb_B"
"CGTCTACAGGATGTATstim","MHb2","MHb_cholinergic_1","MHb_B"
"CGTCTACCATGTAGTCstim","MHb3","MHb_cholinergic_2","MHb_B"
"CGTTAGAAGGCAGGTTstim","MHb3","MHb_cholinergic_2","MHb_B"
"CGTTCTGAGCCAACAGstim","MHb2","MHb_cholinergic_1","MHb_B"
"CGTTCTGCACACAGAGstim","MHb3","MHb_cholinergic_2","MHb_B"
"CTAAGACTCCCAAGATstim","MHb4","MHb_cholinergic_3","MHb_B"
"CTACACCTCTCACATTstim","MHb2","MHb_cholinergic_1","MHb_B"
"CTACCCAAGAGGGATAstim","MHb4","MHb_cholinergic_3","MHb_B"
"CTACCCAAGTACGCCCstim","MHb3","MHb_cholinergic_2","MHb_B"
"CTACCCATCAACACGTstim","MHb3","MHb_cholinergic_2","MHb_B"
"CTACGTCCACATTCGAstim","MHb3","MHb_cholinergic_2","MHb_B"
"CTAGAGTCACATCCGGstim","MHb4","MHb_cholinergic_3","MHb_B"
"CTAGAGTGTGCCTTGGstim","MHb2","MHb_cholinergic_1","MHb_B"
"CTAGCCTAGAGCTATAstim","MHb3","MHb_cholinergic_2","MHb_B"
"CTAGCCTGTACCAGTTstim","MHb3","MHb_cholinergic_2","MHb_B"
"CTCACACAGACCACGAstim","MHb4","MHb_cholinergic_3","MHb_B"
"CTCACACTCAACGAAAstim","MHb4","MHb_cholinergic_3","MHb_B"
"CTCAGAAAGCATCATCstim","MHb4","MHb_cholinergic_3","MHb_B"
"CTCAGAATCGCTAGCGstim","MHb3","MHb_cholinergic_2","MHb_B"
"CTCATTAAGAACAATCstim","MHb3","MHb_cholinergic_2","MHb_B"
"CTCATTAAGAACTGTAstim","MHb6","MHb_cholinergic_4","MHb_B"
"CTCATTATCATAGCACstim","MHb3","MHb_cholinergic_2","MHb_B"
"CTCATTATCTTACCTAstim","MHb3","MHb_cholinergic_2","MHb_B"
"CTCCTAGAGTTCCACAstim","MHb3","MHb_cholinergic_2","MHb_B"
"CTCCTAGTCTCCAACCstim","MHb3","MHb_cholinergic_2","MHb_B"
"CTCGAGGAGTACGTTCstim","MHb2","MHb_cholinergic_1","MHb_B"
"CTCGAGGTCGAATGCTstim","MHb2","MHb_cholinergic_1","MHb_B"
"CTCGGAGGTTGAGGTGstim","MHb4","MHb_cholinergic_3","MHb_B"
"CTCGGGAAGTGGACGTstim","MHb2","MHb_cholinergic_1","MHb_B"
"CTCGTACTCCTAGGGCstim","MHb3","MHb_cholinergic_2","MHb_B"
"CTCGTCATCCACGTGGstim","MHb4","MHb_cholinergic_3","MHb_B"
"CTCTAATAGATGTCGGstim","MHb3","MHb_cholinergic_2","MHb_B"
"CTCTAATGTATATGGAstim","MHb3","MHb_cholinergic_2","MHb_B"
"CTCTACGTCCGTAGTAstim","MHb3","MHb_cholinergic_2","MHb_B"
"CTCTGGTAGGCAATTAstim","MHb4","MHb_cholinergic_3","MHb_B"
"CTGAAACTCTTCGGTCstim","MHb3","MHb_cholinergic_2","MHb_B"
"CTGAAGTCATGGATGGstim","MHb3","MHb_cholinergic_2","MHb_B"
"CTGAAGTTCAGGATCTstim","MHb3","MHb_cholinergic_2","MHb_B"
"CTGATAGAGCATGGCAstim","MHb4","MHb_cholinergic_3","MHb_B"
"CTGATAGAGGAGCGAGstim","MHb3","MHb_cholinergic_2","MHb_B"
"CTGATAGTCCGAACGCstim","MHb3","MHb_cholinergic_2","MHb_B"
"CTGCCTACAATGTTGCstim","MHb3","MHb_cholinergic_2","MHb_B"
"CTGCCTACATCCAACAstim","MHb3","MHb_cholinergic_2","MHb_B"
"CTGCCTACATGCCACGstim","MHb3","MHb_cholinergic_2","MHb_B"
"CTGCGGAAGGTGTTAAstim","MHb3","MHb_cholinergic_2","MHb_B"
"CTGGTCTCATAACCTGstim","MHb3","MHb_cholinergic_2","MHb_B"
"CTGTGCTAGTGTACGGstim","MHb2","MHb_cholinergic_1","MHb_B"
"CTGTGCTCAGGTCTCGstim","MHb2","MHb_cholinergic_1","MHb_B"
"CTGTGCTTCGGAAATAstim","MHb4","MHb_cholinergic_3","MHb_B"
"CTTAACTAGTCCGTATstim","MHb3","MHb_cholinergic_2","MHb_B"
"CTTAACTGTAAGTAGTstim","MHb4","MHb_cholinergic_3","MHb_B"
"CTTAACTGTTTACTCTstim","MHb4","MHb_cholinergic_3","MHb_B"
"CTTAACTTCAAGAAGTstim","MHb2","MHb_cholinergic_1","MHb_B"
"CTTACCGAGACTTGAAstim","MHb2","MHb_cholinergic_1","MHb_B"
"CTTAGGAGTTACCGATstim","MHb3","MHb_cholinergic_2","MHb_B"
"CTTAGGATCCGGGTGTstim","MHb4","MHb_cholinergic_3","MHb_B"
"CTTCTCTAGGATGGTCstim","MHb3","MHb_cholinergic_2","MHb_B"
"CTTGGCTAGTGTTAGAstim","MHb4","MHb_cholinergic_3","MHb_B"
"GAAACTCAGTATCGAAstim","MHb3","MHb_cholinergic_2","MHb_B"
"GAAACTCCAATTCCTTstim","MHb3","MHb_cholinergic_2","MHb_B"
"GAAATGAAGTTTCCTTstim","MHb3","MHb_cholinergic_2","MHb_B"
"GAACATCTCATCATTCstim","MHb4","MHb_cholinergic_3","MHb_B"
"GAACCTATCGTGGACCstim","MHb3","MHb_cholinergic_2","MHb_B"
"GAACGGAGTCCGAAGAstim","MHb4","MHb_cholinergic_3","MHb_B"
"GAAGCAGAGATGAGAGstim","MHb4","MHb_cholinergic_3","MHb_B"
"GAAGCAGCACAGACAGstim","MHb3","MHb_cholinergic_2","MHb_B"
"GAATAAGAGCAAATCAstim","MHb3","MHb_cholinergic_2","MHb_B"
"GAATGAAAGATAGCATstim","MHb3","MHb_cholinergic_2","MHb_B"
"GAATGAACAGTAAGATstim","MHb4","MHb_cholinergic_3","MHb_B"
"GACACGCCAAGAGTCGstim","MHb3","MHb_cholinergic_2","MHb_B"
"GACCAATAGTGACATAstim","MHb3","MHb_cholinergic_2","MHb_B"
"GACCAATCACCTGGTGstim","MHb2","MHb_cholinergic_1","MHb_B"
"GACCTGGCAAAGCGGTstim","MHb4","MHb_cholinergic_3","MHb_B"
"GACGCGTTCTTGTTTGstim","MHb4","MHb_cholinergic_3","MHb_B"
"GACGGCTGTGCACGAAstim","MHb4","MHb_cholinergic_3","MHb_B"
"GACGGCTTCGGACAAGstim","MHb4","MHb_cholinergic_3","MHb_B"
"GACGTGCCACATTAGCstim","MHb3","MHb_cholinergic_2","MHb_B"
"GACGTGCGTGCTTCTCstim","MHb4","MHb_cholinergic_3","MHb_B"
"GACGTGCTCATAACCGstim","MHb4","MHb_cholinergic_3","MHb_B"
"GACTAACAGTGAAGAGstim","MHb3","MHb_cholinergic_2","MHb_B"
"GACTAACAGTTGAGTAstim","MHb3","MHb_cholinergic_2","MHb_B"
"GACTAACGTATGAAACstim","MHb3","MHb_cholinergic_2","MHb_B"
"GACTAACGTTCCAACAstim","MHb4","MHb_cholinergic_3","MHb_B"
"GACTACAGTAACGCGAstim","MHb4","MHb_cholinergic_3","MHb_B"
"GACTACAGTTCCACAAstim","MHb2","MHb_cholinergic_1","MHb_B"
"GACTGCGGTCTAGGTTstim","MHb3","MHb_cholinergic_2","MHb_B"
"GACTGCGTCCGCGTTTstim","MHb2","MHb_cholinergic_1","MHb_B"
"GAGTCCGCAGACAAATstim","MHb3","MHb_cholinergic_2","MHb_B"
"GAGTCCGTCGTCCGTTstim","MHb2","MHb_cholinergic_1","MHb_B"
"GATCAGTGTACGCACCstim","MHb3","MHb_cholinergic_2","MHb_B"
"GATCGATGTGGGTATGstim","MHb4","MHb_cholinergic_3","MHb_B"
"GATCGTACAAGCTGTTstim","MHb2","MHb_cholinergic_1","MHb_B"
"GATCGTACATTAACCGstim","MHb4","MHb_cholinergic_3","MHb_B"
"GATCTAGTCGCTAGCGstim","MHb4","MHb_cholinergic_3","MHb_B"
"GATGAAACACCGGAAAstim","MHb3","MHb_cholinergic_2","MHb_B"
"GATGAAATCTACTTACstim","MHb3","MHb_cholinergic_2","MHb_B"
"GCAAACTGTAGCTAAAstim","MHb3","MHb_cholinergic_2","MHb_B"
"GCAAACTGTGACTACTstim","MHb3","MHb_cholinergic_2","MHb_B"
"GCAAACTGTGTGACCCstim","MHb3","MHb_cholinergic_2","MHb_B"
"GCAATCAAGCGATCCCstim","MHb3","MHb_cholinergic_2","MHb_B"
"GCACATACACGCCAGTstim","MHb3","MHb_cholinergic_2","MHb_B"
"GCACATATCTTGCATTstim","MHb2","MHb_cholinergic_1","MHb_B"
"GCACTCTAGGGTGTGTstim","MHb3","MHb_cholinergic_2","MHb_B"
"GCACTCTCAAACCCATstim","MHb4","MHb_cholinergic_3","MHb_B"
"GCAGCCAGTTTGTGTGstim","MHb2","MHb_cholinergic_1","MHb_B"
"GCAGTTACATGGATGGstim","MHb4","MHb_cholinergic_3","MHb_B"
"GCAGTTAGTCACCTAAstim","MHb4","MHb_cholinergic_3","MHb_B"
"GCAGTTATCATGCTCCstim","MHb4","MHb_cholinergic_3","MHb_B"
"GCAGTTATCGGAAACGstim","MHb4","MHb_cholinergic_3","MHb_B"
"GCATACAAGGCACATGstim","MHb3","MHb_cholinergic_2","MHb_B"
"GCATACATCCAAATGCstim","MHb3","MHb_cholinergic_2","MHb_B"
"GCATACATCGCGATCGstim","MHb3","MHb_cholinergic_2","MHb_B"
"GCATACATCTTACCTAstim","MHb3","MHb_cholinergic_2","MHb_B"
"GCATGCGAGTCTCCTCstim","MHb4","MHb_cholinergic_3","MHb_B"
"GCATGCGCACAACGTTstim","MHb3","MHb_cholinergic_2","MHb_B"
"GCATGTACAATGAATGstim","MHb4","MHb_cholinergic_3","MHb_B"
"GCATGTACAGGTTTCAstim","MHb3","MHb_cholinergic_2","MHb_B"
"GCCAAATGTGAAATCAstim","MHb3","MHb_cholinergic_2","MHb_B"
"GCCAAATGTGATAAACstim","MHb3","MHb_cholinergic_2","MHb_B"
"GCCTCTACACAGTCGCstim","MHb4","MHb_cholinergic_3","MHb_B"
"GCGACCAAGCGATCCCstim","MHb2","MHb_cholinergic_1","MHb_B"
"GCGACCAAGGGAACGGstim","MHb2","MHb_cholinergic_1","MHb_B"
"GCGACCAAGTGAACATstim","MHb2","MHb_cholinergic_1","MHb_B"
"GCGACCACATCCGCGAstim","MHb3","MHb_cholinergic_2","MHb_B"
"GCGAGAATCCGCGCAAstim","MHb3","MHb_cholinergic_2","MHb_B"
"GCGCAACTCTGCGTAAstim","MHb3","MHb_cholinergic_2","MHb_B"
"GCGCAGTAGTTACGGGstim","MHb2","MHb_cholinergic_1","MHb_B"
"GCGCAGTCAAAGTCAAstim","MHb3","MHb_cholinergic_2","MHb_B"
"GCGCAGTTCGCCAGCAstim","MHb4","MHb_cholinergic_3","MHb_B"
"GCGCGATAGGTACTCTstim","MHb2","MHb_cholinergic_1","MHb_B"
"GCGCGATGTGGTTTCAstim","MHb3","MHb_cholinergic_2","MHb_B"
"GCTCCTAAGACCCACCstim","MHb4","MHb_cholinergic_3","MHb_B"
"GCTCCTAGTAAAGTCAstim","MHb4","MHb_cholinergic_3","MHb_B"
"GCTCCTAGTGATGTGGstim","MHb2","MHb_cholinergic_1","MHb_B"
"GCTCCTATCGATGAGGstim","MHb3","MHb_cholinergic_2","MHb_B"
"GCTCTGTTCTTCGAGAstim","MHb3","MHb_cholinergic_2","MHb_B"
"GCTGCAGTCCACGTTCstim","MHb3","MHb_cholinergic_2","MHb_B"
"GCTGCGAGTACGCACCstim","MHb4","MHb_cholinergic_3","MHb_B"
"GCTGCTTTCTAACCGAstim","MHb3","MHb_cholinergic_2","MHb_B"
"GCTGGGTCATCCGGGTstim","MHb2","MHb_cholinergic_1","MHb_B"
"GCTGGGTGTTCACCTCstim","MHb2","MHb_cholinergic_1","MHb_B"
"GCTTGAAGTAAACGCGstim","MHb4","MHb_cholinergic_3","MHb_B"
"GCTTGAATCCACGTTCstim","MHb2","MHb_cholinergic_1","MHb_B"
"GCTTGAATCTCCCTGAstim","MHb4","MHb_cholinergic_3","MHb_B"
"GGAAAGCGTACATCCAstim","MHb3","MHb_cholinergic_2","MHb_B"
"GGAAAGCGTCGAATCTstim","MHb2","MHb_cholinergic_1","MHb_B"
"GGAACTTGTTCGCGACstim","MHb4","MHb_cholinergic_3","MHb_B"
"GGAATAAGTCGCATCGstim","MHb3","MHb_cholinergic_2","MHb_B"
"GGAATAATCAGTTGACstim","MHb3","MHb_cholinergic_2","MHb_B"
"GGACAGAAGTGTACTCstim","MHb3","MHb_cholinergic_2","MHb_B"
"GGACATTCAAGCTGGAstim","MHb3","MHb_cholinergic_2","MHb_B"
"GGACATTTCGCCCTTAstim","MHb3","MHb_cholinergic_2","MHb_B"
"GGACGTCTCGAATCCAstim","MHb4","MHb_cholinergic_3","MHb_B"
"GGAGCAATCTACTATCstim","MHb3","MHb_cholinergic_2","MHb_B"
"GGATGTTAGTACTTGCstim","MHb3","MHb_cholinergic_2","MHb_B"
"GGATTACCACGTTGGCstim","MHb4","MHb_cholinergic_3","MHb_B"
"GGCAATTCACCGGAAAstim","MHb4","MHb_cholinergic_3","MHb_B"
"GGCCGATCACAAGACGstim","MHb4","MHb_cholinergic_3","MHb_B"
"GGCCGATCAGCCTTGGstim","MHb3","MHb_cholinergic_2","MHb_B"
"GGCCGATGTAGTGAATstim","MHb2","MHb_cholinergic_1","MHb_B"
"GGCCGATTCAGTCAGTstim","MHb3","MHb_cholinergic_2","MHb_B"
"GGCGTGTCATAGGATAstim","Neuron","MHb_cholinergic.1","MHb_cholinergic.1"
"GGCTCGAAGAAACCATstim","MHb4","MHb_cholinergic_3","MHb_B"
"GGCTCGAAGTTATCGCstim","Neuron","MHb_cholinergic.1","MHb_cholinergic.1"
"GGCTGGTCAGCTGTGCstim","MHb4","MHb_cholinergic_3","MHb_B"
"GGGAATGTCTCTGAGAstim","MHb2","MHb_cholinergic_1","MHb_B"
"GGGACCTAGACGCTTTstim","MHb4","MHb_cholinergic_3","MHb_B"
"GGGACCTGTAACGCGAstim","MHb3","MHb_cholinergic_2","MHb_B"
"GGGACCTGTCCGAACCstim","MHb2","MHb_cholinergic_1","MHb_B"
"GGGAGATAGATCCCATstim","MHb3","MHb_cholinergic_2","MHb_B"
"GGGAGATCACGCATCGstim","MHb4","MHb_cholinergic_3","MHb_B"
"GGGAGATCATGATCCAstim","MHb3","MHb_cholinergic_2","MHb_B"
"GGGAGATTCTATGTGGstim","MHb3","MHb_cholinergic_2","MHb_B"
"GGGATGACAGCCTTGGstim","MHb3","MHb_cholinergic_2","MHb_B"
"GGGCACTCAAACTGTCstim","MHb3","MHb_cholinergic_2","MHb_B"
"GGGCACTCACATAACCstim","MHb2","MHb_cholinergic_1","MHb_B"
"GGGTCTGGTAACGACGstim","MHb4","MHb_cholinergic_3","MHb_B"
"GGGTTGCGTTTGGGCCstim","MHb3","MHb_cholinergic_2","MHb_B"
"GGTATTGCATGAGCGAstim","MHb3","MHb_cholinergic_2","MHb_B"
"GGTGAAGGTAACGACGstim","MHb2","MHb_cholinergic_1","MHb_B"
"GGTGAAGGTGCCTTGGstim","MHb2","MHb_cholinergic_1","MHb_B"
"GGTGAAGGTTGGTGGAstim","MHb4","MHb_cholinergic_3","MHb_B"
"GGTGAAGTCGCAGGCTstim","MHb3","MHb_cholinergic_2","MHb_B"
"GGTGCGTCATCGGACCstim","MHb3","MHb_cholinergic_2","MHb_B"
"GGTGTTAAGACGCAACstim","MHb3","MHb_cholinergic_2","MHb_B"
"GGTGTTAAGCAATATGstim","MHb2","MHb_cholinergic_1","MHb_B"
"GGTGTTAAGGACCACAstim","MHb4","MHb_cholinergic_3","MHb_B"
"GGTGTTACAAGGCTCCstim","MHb3","MHb_cholinergic_2","MHb_B"
"GGTGTTATCCTAGGGCstim","MHb3","MHb_cholinergic_2","MHb_B"
"GTAACTGGTAAACACAstim","MHb4","MHb_cholinergic_3","MHb_B"
"GTAACTGGTCGCATCGstim","MHb3","MHb_cholinergic_2","MHb_B"
"GTAACTGGTGTAACGGstim","MHb4","MHb_cholinergic_3","MHb_B"
"GTACGTACACGCATCGstim","MHb4","MHb_cholinergic_3","MHb_B"
"GTACGTATCATCGGATstim","MHb4","MHb_cholinergic_3","MHb_B"
"GTACTCCCATGACATCstim","MHb3","MHb_cholinergic_2","MHb_B"
"GTACTCCTCGACCAGCstim","MHb3","MHb_cholinergic_2","MHb_B"
"GTAGGCCCAGCGTAAGstim","MHb3","MHb_cholinergic_2","MHb_B"
"GTATCTTAGAAACGCCstim","MHb3","MHb_cholinergic_2","MHb_B"
"GTATCTTAGTTCGCATstim","MHb3","MHb_cholinergic_2","MHb_B"
"GTATTCTGTACTCAACstim","MHb3","MHb_cholinergic_2","MHb_B"
"GTCAAGTAGTCCGTATstim","MHb3","MHb_cholinergic_2","MHb_B"
"GTCAAGTGTCTTCAAGstim","MHb3","MHb_cholinergic_2","MHb_B"
"GTCACGGAGCAATATGstim","MHb4","MHb_cholinergic_3","MHb_B"
"GTCACGGCAGCGTTCGstim","MHb3","MHb_cholinergic_2","MHb_B"
"GTCACGGTCGATCCCTstim","MHb3","MHb_cholinergic_2","MHb_B"
"GTCATTTAGCAACGGTstim","MHb3","MHb_cholinergic_2","MHb_B"
"GTCATTTGTAAATGACstim","MHb3","MHb_cholinergic_2","MHb_B"
"GTCGGGTCAACACCCGstim","MHb2","MHb_cholinergic_1","MHb_B"
"GTCTCGTAGAGACTATstim","MHb2","MHb_cholinergic_1","MHb_B"
"GTCTCGTAGCTAAACAstim","MHb4","MHb_cholinergic_3","MHb_B"
"GTCTCGTCAATGCCATstim","MHb3","MHb_cholinergic_2","MHb_B"
"GTCTTCGGTACCTACAstim","MHb3","MHb_cholinergic_2","MHb_B"
"GTCTTCGGTAGCGATGstim","MHb4","MHb_cholinergic_3","MHb_B"
"GTGAAGGGTTAAGTAGstim","MHb3","MHb_cholinergic_2","MHb_B"
"GTGAAGGTCACTCCTGstim","MHb3","MHb_cholinergic_2","MHb_B"
"GTGCAGCCAGACGCTCstim","MHb3","MHb_cholinergic_2","MHb_B"
"GTGCAGCCAGGTTTCAstim","MHb4","MHb_cholinergic_3","MHb_B"
"GTGCGGTGTCTCTTATstim","MHb2","MHb_cholinergic_1","MHb_B"
"GTGCGGTGTGAGCGATstim","MHb3","MHb_cholinergic_2","MHb_B"
"GTGCGGTTCAAACCGTstim","MHb2","MHb_cholinergic_1","MHb_B"
"GTGCGGTTCCAGTATGstim","MHb3","MHb_cholinergic_2","MHb_B"
"GTGTGCGCAATGACCTstim","MHb2","MHb_cholinergic_1","MHb_B"
"GTGTGCGTCCAGTATGstim","MHb3","MHb_cholinergic_2","MHb_B"
"GTGTTAGCACAGGTTTstim","MHb2","MHb_cholinergic_1","MHb_B"
"GTGTTAGCATTAGGCTstim","MHb2","MHb_cholinergic_1","MHb_B"
"GTGTTAGGTCCAGTGCstim","MHb2","MHb_cholinergic_1","MHb_B"
"GTTAAGCGTGCCTGTGstim","MHb3","MHb_cholinergic_2","MHb_B"
"GTTCATTAGGCATGTGstim","MHb3","MHb_cholinergic_2","MHb_B"
"GTTCATTCAGGATTGGstim","MHb3","MHb_cholinergic_2","MHb_B"
"GTTCATTGTCTCAACAstim","MHb3","MHb_cholinergic_2","MHb_B"
"GTTCTCGGTACTCGCGstim","MHb2","MHb_cholinergic_1","MHb_B"
"GTTCTCGTCAAACAAGstim","MHb2","MHb_cholinergic_1","MHb_B"
"GTTTCTACAGAGCCAAstim","MHb2","MHb_cholinergic_1","MHb_B"
"GTTTCTAGTATTCTCTstim","MHb3","MHb_cholinergic_2","MHb_B"
"TAAACCGGTCGGCATCstim","MHb2","MHb_cholinergic_1","MHb_B"
"TAAGCGTAGAGGGCTTstim","MHb2","MHb_cholinergic_1","MHb_B"
"TAAGCGTGTCGCGTGTstim","MHb2","MHb_cholinergic_1","MHb_B"
"TAAGCGTGTCTAGTCAstim","MHb2","MHb_cholinergic_1","MHb_B"
"TAAGTGCTCGGACAAGstim","MHb2","MHb_cholinergic_1","MHb_B"
"TACACGAAGATTACCCstim","MHb3","MHb_cholinergic_2","MHb_B"
"TACACGAAGGTGCAACstim","MHb4","MHb_cholinergic_3","MHb_B"
"TACACGACAACTGGCCstim","MHb3","MHb_cholinergic_2","MHb_B"
"TACAGTGAGCGAGAAAstim","MHb3","MHb_cholinergic_2","MHb_B"
"TACAGTGCATGCAATCstim","MHb2","MHb_cholinergic_1","MHb_B"
"TACCTATAGTACGCCCstim","MHb4","MHb_cholinergic_3","MHb_B"
"TACCTTAGTAGTAGTAstim","MHb3","MHb_cholinergic_2","MHb_B"
"TACGGATAGTTCGCATstim","MHb3","MHb_cholinergic_2","MHb_B"
"TACTCATTCCTTGCCAstim","MHb3","MHb_cholinergic_2","MHb_B"
"TACTTGTAGTACCGGAstim","MHb4","MHb_cholinergic_3","MHb_B"
"TACTTGTCAGTAGAGCstim","MHb4","MHb_cholinergic_3","MHb_B"
"TACTTGTTCTTATCTGstim","MHb4","MHb_cholinergic_3","MHb_B"
"TAGAGCTAGCACCGCTstim","MHb2","MHb_cholinergic_1","MHb_B"
"TAGAGCTCATTAGGCTstim","MHb3","MHb_cholinergic_2","MHb_B"
"TAGCCGGCACGAAACGstim","MHb4","MHb_cholinergic_3","MHb_B"
"TAGCCGGTCGCATGATstim","MHb3","MHb_cholinergic_2","MHb_B"
"TAGGCATAGGATATACstim","MHb3","MHb_cholinergic_2","MHb_B"
"TAGTGGTGTATCAGTCstim","MHb3","MHb_cholinergic_2","MHb_B"
"TATCAGGCAGCGAACAstim","MHb4","MHb_cholinergic_3","MHb_B"
"TATCAGGCATGCCACGstim","MHb3","MHb_cholinergic_2","MHb_B"
"TATGCCCCAGGCAGTAstim","MHb3","MHb_cholinergic_2","MHb_B"
"TCAACGACACGTCAGCstim","MHb3","MHb_cholinergic_2","MHb_B"
"TCAACGAGTATATGAGstim","MHb2","MHb_cholinergic_1","MHb_B"
"TCAACGAGTTAAAGACstim","MHb3","MHb_cholinergic_2","MHb_B"
"TCAATCTTCCTTGGTCstim","MHb3","MHb_cholinergic_2","MHb_B"
"TCACGAAAGCTCTCGGstim","MHb4","MHb_cholinergic_3","MHb_B"
"TCAGATGCAAACAACAstim","MHb4","MHb_cholinergic_3","MHb_B"
"TCAGCAAAGTGTACGGstim","MHb2","MHb_cholinergic_1","MHb_B"
"TCAGCAAGTCACCTAAstim","MHb3","MHb_cholinergic_2","MHb_B"
"TCAGCAATCGTTGCCTstim","MHb3","MHb_cholinergic_2","MHb_B"
"TCAGCAATCTTCAACTstim","MHb2","MHb_cholinergic_1","MHb_B"
"TCAGGATTCTTCTGGCstim","MHb4","MHb_cholinergic_3","MHb_B"
"TCAGGTACACTATCTTstim","MHb4","MHb_cholinergic_3","MHb_B"
"TCAGGTACAGACAAGCstim","MHb3","MHb_cholinergic_2","MHb_B"
"TCAGGTAGTGGGTATGstim","MHb3","MHb_cholinergic_2","MHb_B"
"TCAGGTATCCAAACACstim","MHb3","MHb_cholinergic_2","MHb_B"
"TCATTACCAACGATCTstim","MHb2","MHb_cholinergic_1","MHb_B"
"TCATTACTCAAACGGGstim","MHb3","MHb_cholinergic_2","MHb_B"
"TCATTTGTCCCATTATstim","MHb3","MHb_cholinergic_2","MHb_B"
"TCCACACCAAGGCTCCstim","Neuron","MHb_cholinergic.1","MHb_cholinergic.1"
"TCCCGATCAATCCAACstim","MHb2","MHb_cholinergic_1","MHb_B"
"TCGCGAGAGACGCTTTstim","MHb2","MHb_cholinergic_1","MHb_B"
"TCGCGAGCAGGCAGTAstim","MHb4","MHb_cholinergic_3","MHb_B"
"TCGCGTTCAGATCCATstim","MHb2","MHb_cholinergic_1","MHb_B"
"TCGGGACAGTCGAGTGstim","MHb3","MHb_cholinergic_2","MHb_B"
"TCGGGACGTCCATGATstim","MHb4","MHb_cholinergic_3","MHb_B"
"TCGGGACGTGAGGCTAstim","MHb4","MHb_cholinergic_3","MHb_B"
"TCGGTAACATCCGCGAstim","MHb3","MHb_cholinergic_2","MHb_B"
"TCGTACCAGATCCGAGstim","MHb3","MHb_cholinergic_2","MHb_B"
"TCGTAGACATCTATGGstim","MHb2","MHb_cholinergic_1","MHb_B"
"TCGTAGAGTGCGGTAAstim","MHb3","MHb_cholinergic_2","MHb_B"
"TCGTAGAGTGGAAAGAstim","MHb3","MHb_cholinergic_2","MHb_B"
"TCTATTGCATCCCACTstim","MHb3","MHb_cholinergic_2","MHb_B"
"TCTATTGTCATAGCACstim","MHb4","MHb_cholinergic_3","MHb_B"
"TCTCATATCACGCGGTstim","MHb2","MHb_cholinergic_1","MHb_B"
"TCTGAGAAGCAGGTCAstim","MHb1","MHb_subP_cholinergic","MHb_subP_cholinergic"
"TCTGAGACACCACGTGstim","MHb3","MHb_cholinergic_2","MHb_B"
"TCTGAGATCCCAACGGstim","MHb3","MHb_cholinergic_2","MHb_B"
"TCTGAGATCTACCTGCstim","MHb4","MHb_cholinergic_3","MHb_B"
"TCTGAGATCTGCGGCAstim","MHb4","MHb_cholinergic_3","MHb_B"
"TCTGGAACAGCCAATTstim","MHb4","MHb_cholinergic_3","MHb_B"
"TCTGGAAGTCTCCCTAstim","MHb3","MHb_cholinergic_2","MHb_B"
"TCTGGAATCTGCCCTAstim","MHb3","MHb_cholinergic_2","MHb_B"
"TCTGGAATCTTGAGACstim","MHb4","MHb_cholinergic_3","MHb_B"
"TCTTCGGAGCCCAGCTstim","MHb3","MHb_cholinergic_2","MHb_B"
"TCTTCGGGTCGCGAAAstim","MHb4","MHb_cholinergic_3","MHb_B"
"TGAAAGACAGACGCTCstim","MHb2","MHb_cholinergic_1","MHb_B"
"TGAAAGATCTGATACGstim","MHb3","MHb_cholinergic_2","MHb_B"
"TGACAACAGCTAACAAstim","MHb5","MHb_subP","MHb_A"
"TGACAACCATAGTAAGstim","MHb2","MHb_cholinergic_1","MHb_B"
"TGACTAGAGACAGAGAstim","MHb4","MHb_cholinergic_3","MHb_B"
"TGACTAGAGCGTAATAstim","MHb3","MHb_cholinergic_2","MHb_B"
"TGACTAGTCGAGAGCAstim","MHb2","MHb_cholinergic_1","MHb_B"
"TGAGAGGGTGCCTTGGstim","MHb3","MHb_cholinergic_2","MHb_B"
"TGAGAGGGTTCGGCACstim","MHb3","MHb_cholinergic_2","MHb_B"
"TGAGAGGTCATCGCTCstim","MHb4","MHb_cholinergic_3","MHb_B"
"TGAGCCGGTCAAAGATstim","MHb3","MHb_cholinergic_2","MHb_B"
"TGAGCCGGTTGAGGTGstim","MHb3","MHb_cholinergic_2","MHb_B"
"TGAGCCGTCCGTACAAstim","MHb4","MHb_cholinergic_3","MHb_B"
"TGAGGGAGTACCGGCTstim","MHb3","MHb_cholinergic_2","MHb_B"
"TGAGGGAGTTCCTCCAstim","MHb2","MHb_cholinergic_1","MHb_B"
"TGAGGGATCGACCAGCstim","MHb3","MHb_cholinergic_2","MHb_B"
"TGATTTCCAGCAGTTTstim","MHb4","MHb_cholinergic_3","MHb_B"
"TGATTTCTCATTTGGGstim","MHb4","MHb_cholinergic_3","MHb_B"
"TGCACCTAGTGTGAATstim","MHb2","MHb_cholinergic_1","MHb_B"
"TGCACCTCATCCTAGAstim","MHb3","MHb_cholinergic_2","MHb_B"
"TGCCCATAGCTGATAAstim","MHb3","MHb_cholinergic_2","MHb_B"
"TGCCCATAGTAAGTACstim","MHb3","MHb_cholinergic_2","MHb_B"
"TGCCCATGTCTACCTCstim","MHb4","MHb_cholinergic_3","MHb_B"
"TGCCCTAAGTGCTGCCstim","MHb3","MHb_cholinergic_2","MHb_B"
"TGCCCTACAAACCCATstim","MHb3","MHb_cholinergic_2","MHb_B"
"TGCGCAGCATCACGTAstim","MHb4","MHb_cholinergic_3","MHb_B"
"TGCGTGGTCTTGAGACstim","MHb3","MHb_cholinergic_2","MHb_B"
"TGCTACCCAATGCCATstim","MHb4","MHb_cholinergic_3","MHb_B"
"TGCTACCGTATGAATGstim","MHb3","MHb_cholinergic_2","MHb_B"
"TGCTGCTAGGAGTTGCstim","MHb4","MHb_cholinergic_3","MHb_B"
"TGCTGCTTCCGCGTTTstim","MHb3","MHb_cholinergic_2","MHb_B"
"TGCTGCTTCGTAGGTTstim","MHb4","MHb_cholinergic_3","MHb_B"
"TGGCGCAGTTCCATGAstim","MHb3","MHb_cholinergic_2","MHb_B"
"TGGCGCATCAAGCCTAstim","MHb3","MHb_cholinergic_2","MHb_B"
"TGGCTGGTCAGGCAAGstim","MHb4","MHb_cholinergic_3","MHb_B"
"TGGGCGTCAAGCCCACstim","MHb4","MHb_cholinergic_3","MHb_B"
"TGTATTCTCATAGCACstim","MHb4","MHb_cholinergic_3","MHb_B"
"TGTGGTAGTACTCGCGstim","MHb2","MHb_cholinergic_1","MHb_B"
"TGTGTTTCAGCGTTCGstim","MHb4","MHb_cholinergic_3","MHb_B"
"TGTTCCGAGAGTAAGGstim","MHb3","MHb_cholinergic_2","MHb_B"
"TGTTCCGGTCTGATCAstim","MHb3","MHb_cholinergic_2","MHb_B"
"TTAACTCAGTTGTAGAstim","MHb3","MHb_cholinergic_2","MHb_B"
"TTAACTCCAGGCAGTAstim","MHb3","MHb_cholinergic_2","MHb_B"
"TTAGGACTCGCAAGCCstim","MHb3","MHb_cholinergic_2","MHb_B"
"TTAGTTCAGTAAGTACstim","MHb4","MHb_cholinergic_3","MHb_B"
"TTATGCTGTAGCGATGstim","MHb4","MHb_cholinergic_3","MHb_B"
"TTATGCTGTGATGTCTstim","MHb4","MHb_cholinergic_3","MHb_B"
"TTCCCAGCATGCCTAAstim","MHb4","MHb_cholinergic_3","MHb_B"
"TTCGGTCGTACTCTCCstim","MHb3","MHb_cholinergic_2","MHb_B"
"TTCGGTCTCACCTTATstim","MHb2","MHb_cholinergic_1","MHb_B"
"TTCTACAAGTCCATACstim","Neuron","MHb_cholinergic.1","MHb_cholinergic.1"
"TTCTCAAAGCATGGCAstim","MHb3","MHb_cholinergic_2","MHb_B"
"TTCTCAAAGTTGTCGTstim","MHb2","MHb_cholinergic_1","MHb_B"
"TTCTCAACAAGGTTCTstim","MHb2","MHb_cholinergic_1","MHb_B"
"TTCTCAATCGTACCGGstim","MHb3","MHb_cholinergic_2","MHb_B"
"TTCTCCTAGAGTACATstim","MHb2","MHb_cholinergic_1","MHb_B"
"TTCTTAGCAACAACCTstim","MHb3","MHb_cholinergic_2","MHb_B"
"TTCTTAGCAACTGGCCstim","MHb2","MHb_cholinergic_1","MHb_B"
"TTGAACGCACATGGGAstim","MHb2","MHb_cholinergic_1","MHb_B"
"TTGCCGTCAGGAATCGstim","MHb2","MHb_cholinergic_1","MHb_B"
"TTGCGTCCATTTGCTTstim","MHb3","MHb_cholinergic_2","MHb_B"
"TTGGCAAAGAGCCCAAstim","MHb3","MHb_cholinergic_2","MHb_B"
"TTGGCAACACCAACCGstim","MHb3","MHb_cholinergic_2","MHb_B"
"TTTATGCAGTGGGATCstim","MHb3","MHb_cholinergic_2","MHb_B"
"TTTCCTCAGCCAACAGstim","MHb2","MHb_cholinergic_1","MHb_B"
"TTTCCTCAGTACCGGAstim","MHb3","MHb_cholinergic_2","MHb_B"
"TTTGGTTTCTGTCTCGstim","MHb4","MHb_cholinergic_3","MHb_B"
"TTTGTCATCTTCCTTCstim","MHb3","MHb_cholinergic_2","MHb_B"
"AAACGGGTCCGCATCTstim","Astrocyte1","Astrocyte1","Astrocyte1"
"AAAGATGAGACCGGATstim","Astrocyte1","Astrocyte1","Astrocyte1"
"AAAGCAAAGCCACGTCstim","Astrocyte1","Astrocyte1","Astrocyte1"
"AAAGCAACACTTAAGCstim","Astrocyte1","Astrocyte1","Astrocyte1"
"AAAGCAACATTTCACTstim","Astrocyte1","Astrocyte1","Astrocyte1"
"AAAGCAATCACAGTACstim","Astrocyte1","Astrocyte1","Astrocyte1"
"AAAGTAGAGGCGACATstim","Astrocyte1","Astrocyte1","Astrocyte1"
"AACACGTAGTGCAAGCstim","Astrocyte1","Astrocyte1","Astrocyte1"
"AACCATGCAGCAGTTTstim","Astrocyte1","Astrocyte1","Astrocyte1"
"AACCGCGAGACAAAGGstim","Astrocyte1","Astrocyte1","Astrocyte1"
"AACTCAGAGACTGTAAstim","Astrocyte1","Astrocyte1","Astrocyte1"
"AACTCAGTCACAACGTstim","Astrocyte1","Astrocyte1","Astrocyte1"
"AACTCTTTCATCATTCstim","Astrocyte1","Astrocyte1","Astrocyte1"
"AACTGGTGTATTCTCTstim","Astrocyte1","Astrocyte1","Astrocyte1"
"AACTGGTTCACAATGCstim","Astrocyte1","Astrocyte1","Astrocyte1"
"AACTTTCGTGTATGGGstim","Astrocyte1","Astrocyte1","Astrocyte1"
"AACTTTCTCTTCCTTCstim","Astrocyte1","Astrocyte1","Astrocyte1"
"AAGACCTGTAAGTTCCstim","Astrocyte1","Astrocyte1","Astrocyte1"
"AAGACCTGTTCCACAAstim","Astrocyte1","Astrocyte1","Astrocyte1"
"AAGGAGCAGAAACGCCstim","Astrocyte1","Astrocyte1","Astrocyte1"
"AAGGAGCAGTCCATACstim","Astrocyte1","Astrocyte1","Astrocyte1"
"AAGGCAGAGCTAAACAstim","Astrocyte1","Astrocyte1","Astrocyte1"
"AATCCAGCAGGGTACAstim","Astrocyte1","Astrocyte1","Astrocyte1"
"AATCGGTTCACAATGCstim","Astrocyte1","Astrocyte1","Astrocyte1"
"ACACCAATCGTACCGGstim","Astrocyte1","Astrocyte1","Astrocyte1"
"ACACCAATCGTTTATCstim","Astrocyte1","Astrocyte1","Astrocyte1"
"ACACCGGGTACCTACAstim","Astrocyte1","Astrocyte1","Astrocyte1"
"ACACTGACAGCAGTTTstim","Astrocyte1","Astrocyte1","Astrocyte1"
"ACAGCCGAGTTTAGGAstim","Astrocyte1","Astrocyte1","Astrocyte1"
"ACAGCCGTCACCTTATstim","Astrocyte1","Astrocyte1","Astrocyte1"
"ACAGCTACATTCTTACstim","Astrocyte1","Astrocyte1","Astrocyte1"
"ACAGCTATCGTTTGCCstim","Astrocyte1","Astrocyte1","Astrocyte1"
"ACATGGTAGGAGTAGAstim","Astrocyte1","Astrocyte1","Astrocyte1"
"ACATGGTAGTACTTGCstim","Astrocyte1","Astrocyte1","Astrocyte1"
"ACCCACTTCTGTCAAGstim","Astrocyte1","Astrocyte1","Astrocyte1"
"ACCGTAACACGGCTACstim","Astrocyte1","Astrocyte1","Astrocyte1"
"ACCGTAAGTGCTAGCCstim","Astrocyte1","Astrocyte1","Astrocyte1"
"ACCGTAAGTGTCCTCTstim","Astrocyte1","Astrocyte1","Astrocyte1"
"ACCGTAAGTTCGAATCstim","Astrocyte1","Astrocyte1","Astrocyte1"
"ACCTTTAGTCAAACTCstim","Astrocyte1","Astrocyte1","Astrocyte1"
"ACGAGCCTCAAGATCCstim","Astrocyte1","Astrocyte1","Astrocyte1"
"ACGAGCCTCCTCAATTstim","Astrocyte2","Astrocyte2","Astrocyte2"
"ACGATACCAATCACACstim","Astrocyte1","Astrocyte1","Astrocyte1"
"ACGATACGTCATATCGstim","Astrocyte1","Astrocyte1","Astrocyte1"
"ACGCCAGAGTGTCCATstim","Astrocyte1","Astrocyte1","Astrocyte1"
"ACGGCCAAGCTACCGCstim","Astrocyte1","Astrocyte1","Astrocyte1"
"ACGGCCACAAAGTGCGstim","Astrocyte1","Astrocyte1","Astrocyte1"
"ACGGCCACATGGAATAstim","Astrocyte1","Astrocyte1","Astrocyte1"
"ACGGCCAGTACCGTTAstim","Astrocyte1","Astrocyte1","Astrocyte1"
"ACGGGCTCATGGATGGstim","Astrocyte1","Astrocyte1","Astrocyte1"
"ACGGGTCCAACTGGCCstim","Astrocyte1","Astrocyte1","Astrocyte1"
"ACGGGTCCACATTTCTstim","Astrocyte1","Astrocyte1","Astrocyte1"
"ACTATCTAGAACTGTAstim","Astrocyte1","Astrocyte1","Astrocyte1"
"ACTATCTAGAAGGTGAstim","Astrocyte1","Astrocyte1","Astrocyte1"
"ACTATCTAGATTACCCstim","Astrocyte1","Astrocyte1","Astrocyte1"
"ACTATCTCAGTACACTstim","Astrocyte1","Astrocyte1","Astrocyte1"
"ACTGAGTTCACCGTAAstim","Astrocyte1","Astrocyte1","Astrocyte1"
"ACTGCTCGTCTGGTCGstim","Astrocyte1","Astrocyte1","Astrocyte1"
"ACTGTCCCAATAACGAstim","Astrocyte1","Astrocyte1","Astrocyte1"
"ACTGTCCCATCCAACAstim","Astrocyte1","Astrocyte1","Astrocyte1"
"ACTGTCCTCGTTTGCCstim","Astrocyte1","Astrocyte1","Astrocyte1"
"ACTTGTTCAGAGTGTGstim","Astrocyte1","Astrocyte1","Astrocyte1"
"AGAATAGCATGTCTCCstim","Astrocyte1","Astrocyte1","Astrocyte1"
"AGAATAGTCTAGCACAstim","Astrocyte1","Astrocyte1","Astrocyte1"
"AGACGTTAGGCTCTTAstim","Astrocyte1","Astrocyte1","Astrocyte1"
"AGACGTTCACGACGAAstim","Astrocyte1","Astrocyte1","Astrocyte1"
"AGAGCGACATCACGTAstim","Astrocyte1","Astrocyte1","Astrocyte1"
"AGAGCTTGTTAGAACAstim","Astrocyte1","Astrocyte1","Astrocyte1"
"AGAGCTTTCCAGAGGAstim","Astrocyte1","Astrocyte1","Astrocyte1"
"AGAGTGGGTAGAGCTGstim","Astrocyte1","Astrocyte1","Astrocyte1"
"AGAGTGGTCATTATCCstim","Astrocyte1","Astrocyte1","Astrocyte1"
"AGATCTGCACACCGCAstim","Astrocyte1","Astrocyte1","Astrocyte1"
"AGCAGCCAGTGGTAGCstim","Astrocyte1","Astrocyte1","Astrocyte1"
"AGCATACGTTGAACTCstim","Astrocyte1","Astrocyte1","Astrocyte1"
"AGCATACTCCGGGTGTstim","Astrocyte1","Astrocyte1","Astrocyte1"
"AGCCTAAGTCGAATCTstim","Astrocyte1","Astrocyte1","Astrocyte1"
"AGCCTAAGTTAGTGGGstim","Astrocyte1","Astrocyte1","Astrocyte1"
"AGCGTCGAGTATTGGAstim","Astrocyte1","Astrocyte1","Astrocyte1"
"AGCTCCTTCCGGCACAstim","Astrocyte1","Astrocyte1","Astrocyte1"
"AGCTCTCCATCATCCCstim","Astrocyte1","Astrocyte1","Astrocyte1"
"AGCTTGAAGAGAGCTCstim","Astrocyte1","Astrocyte1","Astrocyte1"
"AGGCCACCAAAGCGGTstim","Astrocyte1","Astrocyte1","Astrocyte1"
"AGGCCACCACTACAGTstim","Astrocyte1","Astrocyte1","Astrocyte1"
"AGGCCGTAGCCCTAATstim","Astrocyte1","Astrocyte1","Astrocyte1"
"AGGGAGTAGATGGGTCstim","Astrocyte1","Astrocyte1","Astrocyte1"
"AGGGAGTCAGCCACCAstim","Astrocyte1","Astrocyte1","Astrocyte1"
"AGGGAGTTCCAATGGTstim","Astrocyte1","Astrocyte1","Astrocyte1"
"AGGGATGAGGGTTCCCstim","Astrocyte1","Astrocyte1","Astrocyte1"
"AGGGATGCACACAGAGstim","Astrocyte1","Astrocyte1","Astrocyte1"
"AGTCTTTTCCACGTTCstim","Astrocyte1","Astrocyte1","Astrocyte1"
"AGTGGGAAGAGGTTGCstim","Astrocyte1","Astrocyte1","Astrocyte1"
"AGTGGGACAATCGGTTstim","Astrocyte1","Astrocyte1","Astrocyte1"
"AGTGGGAGTACTTAGCstim","Astrocyte1","Astrocyte1","Astrocyte1"
"AGTGGGAGTGGTAACGstim","Astrocyte1","Astrocyte1","Astrocyte1"
"AGTGTCACACAAGCCCstim","Astrocyte1","Astrocyte1","Astrocyte1"
"AGTGTCACAGTATCTGstim","Astrocyte1","Astrocyte1","Astrocyte1"
"AGTTGGTCACATTAGCstim","Astrocyte1","Astrocyte1","Astrocyte1"
"AGTTGGTGTACCAGTTstim","Astrocyte1","Astrocyte1","Astrocyte1"
"ATAACGCTCAGCGATTstim","Astrocyte1","Astrocyte1","Astrocyte1"
"ATAACGCTCTAACTTCstim","Astrocyte1","Astrocyte1","Astrocyte1"
"ATAAGAGGTCGCGGTTstim","Astrocyte1","Astrocyte1","Astrocyte1"
"ATAGACCTCAACCAACstim","Astrocyte1","Astrocyte1","Astrocyte1"
"ATAGACCTCTGCCCTAstim","Astrocyte1","Astrocyte1","Astrocyte1"
"ATCATCTCACCGAATTstim","Astrocyte1","Astrocyte1","Astrocyte1"
"ATCATGGCACGGCGTTstim","Astrocyte1","Astrocyte1","Astrocyte1"
"ATCCACCAGGCAATTAstim","Astrocyte1","Astrocyte1","Astrocyte1"
"ATCCGAAAGCTGTCTAstim","Astrocyte1","Astrocyte1","Astrocyte1"
"ATCCGAACAATCCAACstim","Astrocyte1","Astrocyte1","Astrocyte1"
"ATCGAGTCATCTGGTAstim","Astrocyte1","Astrocyte1","Astrocyte1"
"ATCTGCCTCCGTTGTCstim","Astrocyte1","Astrocyte1","Astrocyte1"
"ATGAGGGTCCTGCAGGstim","Astrocyte1","Astrocyte1","Astrocyte1"
"ATGCGATTCAACACCAstim","Astrocyte1","Astrocyte1","Astrocyte1"
"ATGTGTGTCGGCTACGstim","Astrocyte1","Astrocyte1","Astrocyte1"
"ATTATCCGTGTAACGGstim","Astrocyte1","Astrocyte1","Astrocyte1"
"ATTCTACCATCCGTGGstim","Astrocyte1","Astrocyte1","Astrocyte1"
"ATTCTACTCATGTCTTstim","Astrocyte1","Astrocyte1","Astrocyte1"
"ATTGGTGAGTTAAGTGstim","Astrocyte1","Astrocyte1","Astrocyte1"
"ATTTCTGTCTGCCAGGstim","Astrocyte1","Astrocyte1","Astrocyte1"
"CAACCAAAGTACGACGstim","Astrocyte1","Astrocyte1","Astrocyte1"
"CAACCAAGTTGAGGTGstim","Astrocyte1","Astrocyte1","Astrocyte1"
"CAACCTCCACGTTGGCstim","Astrocyte1","Astrocyte1","Astrocyte1"
"CAAGAAATCACCGTAAstim","Astrocyte1","Astrocyte1","Astrocyte1"
"CAAGATCCATTGCGGCstim","Astrocyte1","Astrocyte1","Astrocyte1"
"CAAGGCCAGTCTCCTCstim","Astrocyte1","Astrocyte1","Astrocyte1"
"CAAGGCCCATGCCACGstim","Astrocyte1","Astrocyte1","Astrocyte1"
"CAAGGCCTCAAAGTAGstim","Astrocyte1","Astrocyte1","Astrocyte1"
"CAAGGCCTCACTTCATstim","Astrocyte1","Astrocyte1","Astrocyte1"
"CAAGTTGCACATGTGTstim","Astrocyte1","Astrocyte1","Astrocyte1"
"CAAGTTGCATGGGAACstim","Astrocyte1","Astrocyte1","Astrocyte1"
"CAAGTTGGTCTGGAGAstim","Astrocyte1","Astrocyte1","Astrocyte1"
"CACAAACCACGAAACGstim","Astrocyte1","Astrocyte1","Astrocyte1"
"CACACAATCCGTTGCTstim","Astrocyte1","Astrocyte1","Astrocyte1"
"CACACTCCAGTCACTAstim","Astrocyte1","Astrocyte1","Astrocyte1"
"CACACTCCATCTCGCTstim","Astrocyte1","Astrocyte1","Astrocyte1"
"CACAGGCGTCTAACGTstim","Astrocyte1","Astrocyte1","Astrocyte1"
"CACAGTACAATACGCTstim","Astrocyte1","Astrocyte1","Astrocyte1"
"CACAGTATCGTGGTCGstim","Astrocyte1","Astrocyte1","Astrocyte1"
"CACATAGCATTAGGCTstim","Astrocyte1","Astrocyte1","Astrocyte1"
"CACATAGGTGATGTCTstim","Astrocyte1","Astrocyte1","Astrocyte1"
"CACATTTGTTGGTTTGstim","Astrocyte1","Astrocyte1","Astrocyte1"
"CACATTTTCATCGGATstim","Astrocyte1","Astrocyte1","Astrocyte1"
"CACCACTCATCGTCGGstim","Astrocyte1","Astrocyte1","Astrocyte1"
"CACCACTGTAGTAGTAstim","Astrocyte1","Astrocyte1","Astrocyte1"
"CACCAGGAGGCGTACAstim","Astrocyte1","Astrocyte1","Astrocyte1"
"CACCAGGGTCTAGCGCstim","Astrocyte1","Astrocyte1","Astrocyte1"
"CACCAGGGTTGTCGCGstim","Astrocyte1","Astrocyte1","Astrocyte1"
"CACCTTGAGTAAGTACstim","Astrocyte1","Astrocyte1","Astrocyte1"
"CACCTTGCAGTGGGATstim","Astrocyte1","Astrocyte1","Astrocyte1"
"CACCTTGCATTAACCGstim","Astrocyte1","Astrocyte1","Astrocyte1"
"CACCTTGGTTCAGTACstim","Astrocyte1","Astrocyte1","Astrocyte1"
"CACTCCACACCAGGCTstim","Astrocyte1","Astrocyte1","Astrocyte1"
"CACTCCAGTTCAGACTstim","Astrocyte1","Astrocyte1","Astrocyte1"
"CAGAATCAGGAACTGCstim","Astrocyte1","Astrocyte1","Astrocyte1"
"CAGAATCCAAACCTACstim","Astrocyte1","Astrocyte1","Astrocyte1"
"CAGAGAGAGGTGCTTTstim","Astrocyte1","Astrocyte1","Astrocyte1"
"CAGATCACAGCTTCGGstim","Astrocyte1","Astrocyte1","Astrocyte1"
"CAGCAGCGTGTGGTTTstim","Astrocyte1","Astrocyte1","Astrocyte1"
"CAGCCGAAGGTGCACAstim","Astrocyte1","Astrocyte1","Astrocyte1"
"CAGCGACTCAAACAAGstim","Astrocyte1","Astrocyte1","Astrocyte1"
"CAGCGACTCCAATGGTstim","Astrocyte1","Astrocyte1","Astrocyte1"
"CAGCTGGAGTCGAGTGstim","Astrocyte1","Astrocyte1","Astrocyte1"
"CAGCTGGTCCCTAACCstim","Astrocyte1","Astrocyte1","Astrocyte1"
"CAGTCCTCACTTAACGstim","Astrocyte1","Astrocyte1","Astrocyte1"
"CATATGGGTCGATTGTstim","Astrocyte1","Astrocyte1","Astrocyte1"
"CATATGGTCAAGAAGTstim","Astrocyte1","Astrocyte1","Astrocyte1"
"CATCAGAAGAGACTATstim","Astrocyte1","Astrocyte1","Astrocyte1"
"CATCAGACATCACGATstim","Astrocyte1","Astrocyte1","Astrocyte1"
"CATCCACAGCAGATCGstim","Astrocyte1","Astrocyte1","Astrocyte1"
"CATCCACCATTTCACTstim","Astrocyte1","Astrocyte1","Astrocyte1"
"CATCGAAAGCCATCGCstim","Astrocyte1","Astrocyte1","Astrocyte1"
"CATCGAAAGGCTCTTAstim","Astrocyte1","Astrocyte1","Astrocyte1"
"CATCGAAGTGGTACAGstim","Astrocyte1","Astrocyte1","Astrocyte1"
"CATCGAATCTCTGAGAstim","Astrocyte1","Astrocyte1","Astrocyte1"
"CATGACAGTGTTGGGAstim","Astrocyte1","Astrocyte1","Astrocyte1"
"CATGCCTAGTGGGTTGstim","Astrocyte1","Astrocyte1","Astrocyte1"
"CATGCCTTCTAGAGTCstim","Astrocyte1","Astrocyte1","Astrocyte1"
"CATGGCGTCCAGTAGTstim","Astrocyte1","Astrocyte1","Astrocyte1"
"CATTATCAGCTAGGCAstim","Astrocyte1","Astrocyte1","Astrocyte1"
"CATTATCTCCATGAACstim","Astrocyte1","Astrocyte1","Astrocyte1"
"CATTCGCTCAGTCCCTstim","Astrocyte1","Astrocyte1","Astrocyte1"
"CCAATCCTCGTAGATCstim","Astrocyte1","Astrocyte1","Astrocyte1"
"CCACCTACAATCAGAAstim","Astrocyte1","Astrocyte1","Astrocyte1"
"CCACCTACAGCTGTATstim","Astrocyte1","Astrocyte1","Astrocyte1"
"CCACGGAGTGCAACTTstim","Astrocyte1","Astrocyte1","Astrocyte1"
"CCACGGAGTTAAGTAGstim","Astrocyte1","Astrocyte1","Astrocyte1"
"CCACTACCATAGACTCstim","Astrocyte1","Astrocyte1","Astrocyte1"
"CCATTCGGTCGTCTTCstim","Astrocyte1","Astrocyte1","Astrocyte1"
"CCATTCGTCTGAAAGAstim","Astrocyte1","Astrocyte1","Astrocyte1"
"CCATTCGTCTGCCCTAstim","Astrocyte1","Astrocyte1","Astrocyte1"
"CCCAATCCAATCACACstim","Astrocyte1","Astrocyte1","Astrocyte1"
"CCCTCCTAGCTATGCTstim","Astrocyte1","Astrocyte1","Astrocyte1"
"CCCTCCTAGGAATGGAstim","Astrocyte1","Astrocyte1","Astrocyte1"
"CCCTCCTGTGTGTGCCstim","Astrocyte1","Astrocyte1","Astrocyte1"
"CCGTACTAGCGCTTATstim","Astrocyte1","Astrocyte1","Astrocyte1"
"CCGTGGACACTATCTTstim","Astrocyte1","Astrocyte1","Astrocyte1"
"CCGTGGAGTCTGGTCGstim","Astrocyte1","Astrocyte1","Astrocyte1"
"CCGTGGAGTCTTGTCCstim","Astrocyte1","Astrocyte1","Astrocyte1"
"CCGTTCACAATAGCAAstim","Astrocyte1","Astrocyte1","Astrocyte1"
"CCGTTCACACGAGAGTstim","Astrocyte1","Astrocyte1","Astrocyte1"
"CCGTTCACAGCATACTstim","Astrocyte1","Astrocyte1","Astrocyte1"
"CCTAAAGAGATGCCTTstim","Astrocyte1","Astrocyte1","Astrocyte1"
"CCTAAAGTCGCGATCGstim","Astrocyte1","Astrocyte1","Astrocyte1"
"CCTACCAAGAGGGATAstim","Astrocyte1","Astrocyte1","Astrocyte1"
"CCTACCATCCAGAAGGstim","Astrocyte1","Astrocyte1","Astrocyte1"
"CCTAGCTCACGCGAAAstim","Astrocyte1","Astrocyte1","Astrocyte1"
"CCTAGCTCATAGGATAstim","Astrocyte1","Astrocyte1","Astrocyte1"
"CCTAGCTGTGTAATGAstim","Astrocyte1","Astrocyte1","Astrocyte1"
"CCTCAGTCAAACCTACstim","Astrocyte1","Astrocyte1","Astrocyte1"
"CCTCTGACATAACCTGstim","Astrocyte1","Astrocyte1","Astrocyte1"
"CCTCTGAGTAGGACACstim","Astrocyte1","Astrocyte1","Astrocyte1"
"CCTTACGCATGCTAGTstim","Astrocyte1","Astrocyte1","Astrocyte1"
"CCTTACGGTCCAGTATstim","Astrocyte1","Astrocyte1","Astrocyte1"
"CCTTACGTCAACTCTTstim","Astrocyte1","Astrocyte1","Astrocyte1"
"CCTTCCCCACCTATCCstim","Astrocyte1","Astrocyte1","Astrocyte1"
"CCTTCCCTCACCAGGCstim","Astrocyte1","Astrocyte1","Astrocyte1"
"CCTTTCTGTTGGTAAAstim","Astrocyte1","Astrocyte1","Astrocyte1"
"CCTTTCTTCCAGTATGstim","Astrocyte1","Astrocyte1","Astrocyte1"
"CGAACATAGGACTGGTstim","Astrocyte1","Astrocyte1","Astrocyte1"
"CGAACATCATTAGGCTstim","Astrocyte1","Astrocyte1","Astrocyte1"
"CGACTTCAGTTAAGTGstim","Astrocyte1","Astrocyte1","Astrocyte1"
"CGACTTCCACAAGTAAstim","Astrocyte1","Astrocyte1","Astrocyte1"
"CGACTTCTCACATACGstim","Astrocyte1","Astrocyte1","Astrocyte1"
"CGACTTCTCCCAAGATstim","Astrocyte1","Astrocyte1","Astrocyte1"
"CGAGAAGCAATGACCTstim","Astrocyte1","Astrocyte1","Astrocyte1"
"CGATGGCAGCGTTGCCstim","Astrocyte1","Astrocyte1","Astrocyte1"
"CGATGGCGTTAAAGTGstim","Astrocyte1","Astrocyte1","Astrocyte1"
"CGATGTATCGTTTATCstim","Astrocyte1","Astrocyte1","Astrocyte1"
"CGATTGAGTCCAGTATstim","Astrocyte1","Astrocyte1","Astrocyte1"
"CGATTGATCCTCAATTstim","Astrocyte1","Astrocyte1","Astrocyte1"
"CGATTGATCTGACCTCstim","Astrocyte1","Astrocyte1","Astrocyte1"
"CGCCAAGAGTCCTCCTstim","Astrocyte1","Astrocyte1","Astrocyte1"
"CGCCAAGCAGGTCTCGstim","Astrocyte1","Astrocyte1","Astrocyte1"
"CGCCAAGTCTTAGCCCstim","Astrocyte1","Astrocyte1","Astrocyte1"
"CGCGGTACATAGACTCstim","Astrocyte1","Astrocyte1","Astrocyte1"
"CGCGTTTAGTTCGCATstim","Astrocyte1","Astrocyte1","Astrocyte1"
"CGCTATCAGTGCCATTstim","Astrocyte1","Astrocyte1","Astrocyte1"
"CGCTATCCACAGGCCTstim","Astrocyte1","Astrocyte1","Astrocyte1"
"CGCTGGAAGGGAGTAAstim","Astrocyte1","Astrocyte1","Astrocyte1"
"CGCTGGACACAGGTTTstim","Astrocyte1","Astrocyte1","Astrocyte1"
"CGCTTCATCGCCTGAGstim","Astrocyte1","Astrocyte1","Astrocyte1"
"CGGACACGTCCGAACCstim","Astrocyte1","Astrocyte1","Astrocyte1"
"CGGACACTCTCGTTTAstim","Astrocyte1","Astrocyte1","Astrocyte1"
"CGGAGTCCACTTAAGCstim","Astrocyte1","Astrocyte1","Astrocyte1"
"CGGTTAAAGAGTACATstim","Astrocyte1","Astrocyte1","Astrocyte1"
"CGTCACTTCCGAATGTstim","Astrocyte1","Astrocyte1","Astrocyte1"
"CGTCACTTCCGGCACAstim","Astrocyte1","Astrocyte1","Astrocyte1"
"CGTCACTTCTGTTTGTstim","Astrocyte1","Astrocyte1","Astrocyte1"
"CGTCCATCACCTATCCstim","Astrocyte1","Astrocyte1","Astrocyte1"
"CGTCTACGTATTAGCCstim","Astrocyte1","Astrocyte1","Astrocyte1"
"CGTGAGCCAAGCCCACstim","Astrocyte1","Astrocyte1","Astrocyte1"
"CGTGTCTCACAGTCGCstim","Astrocyte1","Astrocyte1","Astrocyte1"
"CGTTAGACAGCTGTATstim","Astrocyte1","Astrocyte1","Astrocyte1"
"CGTTAGACATGGTCATstim","Astrocyte1","Astrocyte1","Astrocyte1"
"CGTTCTGTCCTTTCTCstim","Astrocyte1","Astrocyte1","Astrocyte1"
"CTAACTTCACTGTGTAstim","Astrocyte1","Astrocyte1","Astrocyte1"
"CTAACTTGTTGTGGAGstim","Astrocyte1","Astrocyte1","Astrocyte1"
"CTAAGACCACGTGAGAstim","Astrocyte1","Astrocyte1","Astrocyte1"
"CTAATGGAGTCATCCAstim","Astrocyte1","Astrocyte1","Astrocyte1"
"CTAATGGTCTCTTATGstim","Astrocyte1","Astrocyte1","Astrocyte1"
"CTACACCAGACACGACstim","Astrocyte1","Astrocyte1","Astrocyte1"
"CTACACCGTGTGGCTCstim","Astrocyte1","Astrocyte1","Astrocyte1"
"CTACCCACAGAGTGTGstim","Astrocyte1","Astrocyte1","Astrocyte1"
"CTACGTCAGCGATGACstim","Astrocyte1","Astrocyte1","Astrocyte1"
"CTAGAGTAGGAGTACCstim","Astrocyte1","Astrocyte1","Astrocyte1"
"CTAGAGTTCTCTGTCGstim","Astrocyte1","Astrocyte1","Astrocyte1"
"CTAGCCTCAAACGCGAstim","Astrocyte1","Astrocyte1","Astrocyte1"
"CTAGCCTCAGCTGGCTstim","Astrocyte1","Astrocyte1","Astrocyte1"
"CTAGTGACAATGGAATstim","Astrocyte1","Astrocyte1","Astrocyte1"
"CTCACACCACGACGAAstim","Astrocyte1","Astrocyte1","Astrocyte1"
"CTCACACTCTCAACTTstim","Astrocyte1","Astrocyte1","Astrocyte1"
"CTCAGAACAAACCTACstim","Astrocyte1","Astrocyte1","Astrocyte1"
"CTCAGAAGTCGAAAGCstim","Astrocyte1","Astrocyte1","Astrocyte1"
"CTCAGAATCATGTCCCstim","Astrocyte1","Astrocyte1","Astrocyte1"
"CTCATTAAGTATCGAAstim","Astrocyte1","Astrocyte1","Astrocyte1"
"CTCATTACACTACAGTstim","Astrocyte1","Astrocyte1","Astrocyte1"
"CTCATTACACTGTGTAstim","Astrocyte1","Astrocyte1","Astrocyte1"
"CTCGAAACACGCATCGstim","Astrocyte1","Astrocyte1","Astrocyte1"
"CTCGAGGAGGCCGAATstim","Astrocyte1","Astrocyte1","Astrocyte1"
"CTCGAGGTCACGCGGTstim","Astrocyte1","Astrocyte1","Astrocyte1"
"CTCGGGAAGGGTTTCTstim","Astrocyte1","Astrocyte1","Astrocyte1"
"CTCGTACAGATCCCATstim","Astrocyte1","Astrocyte1","Astrocyte1"
"CTCGTCACATCGGGTCstim","Astrocyte1","Astrocyte1","Astrocyte1"
"CTCGTCATCGCGCCAAstim","Astrocyte1","Astrocyte1","Astrocyte1"
"CTCTAATGTTCAGACTstim","Astrocyte1","Astrocyte1","Astrocyte1"
"CTCTAATTCAGTTAGCstim","Astrocyte1","Astrocyte1","Astrocyte1"
"CTCTAATTCATTTGGGstim","Astrocyte1","Astrocyte1","Astrocyte1"
"CTCTAATTCCCTGACTstim","Astrocyte1","Astrocyte1","Astrocyte1"
"CTCTAATTCGTTTGCCstim","Astrocyte1","Astrocyte1","Astrocyte1"
"CTCTACGCAATCTACGstim","Astrocyte1","Astrocyte1","Astrocyte1"
"CTCTACGCACGGCTACstim","Astrocyte1","Astrocyte1","Astrocyte1"
"CTCTACGCATTCTTACstim","Astrocyte1","Astrocyte1","Astrocyte1"
"CTCTACGTCATGTCTTstim","Astrocyte1","Astrocyte1","Astrocyte1"
"CTCTACGTCCTGCTTGstim","Astrocyte1","Astrocyte1","Astrocyte1"
"CTGAAACTCGAATCCAstim","Astrocyte1","Astrocyte1","Astrocyte1"
"CTGATAGAGACTAGGCstim","Astrocyte1","Astrocyte1","Astrocyte1"
"CTGATAGAGAGACGAAstim","Astrocyte1","Astrocyte1","Astrocyte1"
"CTGATCCAGAATTCCCstim","Astrocyte1","Astrocyte1","Astrocyte1"
"CTGCCTACAACTGCTAstim","Astrocyte1","Astrocyte1","Astrocyte1"
"CTGCCTACAAGGTTCTstim","Astrocyte1","Astrocyte1","Astrocyte1"
"CTGCCTATCCTATTCAstim","Astrocyte1","Astrocyte1","Astrocyte1"
"CTGCTGTCAAGCGATGstim","Astrocyte1","Astrocyte1","Astrocyte1"
"CTGGTCTTCAAACCACstim","Astrocyte1","Astrocyte1","Astrocyte1"
"CTGTGCTTCATGTCTTstim","Astrocyte1","Astrocyte1","Astrocyte1"
"CTTACCGAGAAGGCCTstim","Astrocyte1","Astrocyte1","Astrocyte1"
"CTTACCGAGTATCTCGstim","Astrocyte1","Astrocyte1","Astrocyte1"
"CTTAGGACATTCTCATstim","Astrocyte1","Astrocyte1","Astrocyte1"
"CTTAGGATCTGAGGGAstim","Astrocyte1","Astrocyte1","Astrocyte1"
"CTTTGCGGTAGCTGCCstim","Astrocyte1","Astrocyte1","Astrocyte1"
"CTTTGCGGTTTAAGCCstim","Astrocyte1","Astrocyte1","Astrocyte1"
"CTTTGCGTCCAGATCAstim","Astrocyte1","Astrocyte1","Astrocyte1"
"GAAACTCAGTGGAGAAstim","Astrocyte1","Astrocyte1","Astrocyte1"
"GAAACTCCAAGGCTCCstim","Astrocyte1","Astrocyte1","Astrocyte1"
"GAAATGAAGACATAACstim","Astrocyte1","Astrocyte1","Astrocyte1"
"GAAATGAAGCCACCTGstim","Astrocyte1","Astrocyte1","Astrocyte1"
"GAAATGACATCACGTAstim","Astrocyte1","Astrocyte1","Astrocyte1"
"GAAATGATCTTACCGCstim","Astrocyte1","Astrocyte1","Astrocyte1"
"GAACATCTCGGTTAACstim","Astrocyte1","Astrocyte1","Astrocyte1"
"GAACATCTCTCAAGTGstim","Astrocyte1","Astrocyte1","Astrocyte1"
"GAACCTAGTGCGGTAAstim","Astrocyte1","Astrocyte1","Astrocyte1"
"GAACCTATCTGTCTATstim","Astrocyte1","Astrocyte1","Astrocyte1"
"GAACGGAAGAGCTATAstim","Astrocyte1","Astrocyte1","Astrocyte1"
"GAAGCAGAGTTCGCATstim","Astrocyte1","Astrocyte1","Astrocyte1"
"GAAGCAGGTTGTGGAGstim","Astrocyte1","Astrocyte1","Astrocyte1"
"GAATAAGTCTGCAGTAstim","Astrocyte1","Astrocyte1","Astrocyte1"
"GAATGAAAGAAGGACAstim","Astrocyte1","Astrocyte1","Astrocyte1"
"GAATGAAAGGAATGGAstim","Astrocyte1","Astrocyte1","Astrocyte1"
"GACAGAGAGATGCCTTstim","Astrocyte1","Astrocyte1","Astrocyte1"
"GACCAATCATAGAAACstim","Astrocyte1","Astrocyte1","Astrocyte1"
"GACCTGGAGGACATTAstim","Astrocyte1","Astrocyte1","Astrocyte1"
"GACCTGGTCATGTGGTstim","Astrocyte1","Astrocyte1","Astrocyte1"
"GACGCGTTCATAACCGstim","Astrocyte1","Astrocyte1","Astrocyte1"
"GACGGCTAGCGTTGCCstim","Astrocyte1","Astrocyte1","Astrocyte1"
"GACGGCTCAAACAACAstim","Astrocyte1","Astrocyte1","Astrocyte1"
"GACGGCTCACGTCTCTstim","Astrocyte1","Astrocyte1","Astrocyte1"
"GACGGCTTCAGCTCTCstim","Astrocyte1","Astrocyte1","Astrocyte1"
"GACGTGCTCGTTGACAstim","Astrocyte1","Astrocyte1","Astrocyte1"
"GACGTTAGTTGGGACAstim","Astrocyte1","Astrocyte1","Astrocyte1"
"GACGTTATCGTTTGCCstim","Astrocyte1","Astrocyte1","Astrocyte1"
"GACTAACTCCTCATTAstim","Astrocyte1","Astrocyte1","Astrocyte1"
"GACTACAAGATATGCAstim","Astrocyte1","Astrocyte1","Astrocyte1"
"GACTGCGCAAGCGAGTstim","Astrocyte1","Astrocyte1","Astrocyte1"
"GAGTCCGGTCCTCTTGstim","Astrocyte1","Astrocyte1","Astrocyte1"
"GATCAGTGTAATAGCAstim","Astrocyte1","Astrocyte1","Astrocyte1"
"GATCAGTTCATTGCGAstim","Astrocyte1","Astrocyte1","Astrocyte1"
"GATCGATAGGGAACGGstim","Astrocyte1","Astrocyte1","Astrocyte1"
"GATCGATCAATCGAAAstim","Astrocyte1","Astrocyte1","Astrocyte1"
"GATCGATGTACGCACCstim","Astrocyte1","Astrocyte1","Astrocyte1"
"GATCTAGAGATACACAstim","Astrocyte1","Astrocyte1","Astrocyte1"
"GATCTAGAGCTGCGAAstim","Astrocyte1","Astrocyte1","Astrocyte1"
"GATCTAGTCTTAGCCCstim","Astrocyte1","Astrocyte1","Astrocyte1"
"GATGAAAAGCCACGTCstim","Astrocyte1","Astrocyte1","Astrocyte1"
"GATGAAAAGGTGATTAstim","Astrocyte1","Astrocyte1","Astrocyte1"
"GATGAAACACCTCGTTstim","Astrocyte1","Astrocyte1","Astrocyte1"
"GATGAGGCACTATCTTstim","Astrocyte1","Astrocyte1","Astrocyte1"
"GATGAGGTCGTACCGGstim","Astrocyte1","Astrocyte1","Astrocyte1"
"GATGCTAAGGCATTGGstim","Astrocyte1","Astrocyte1","Astrocyte1"
"GATTCAGCAGTCAGCCstim","Astrocyte1","Astrocyte1","Astrocyte1"
"GCAAACTAGAAACGCCstim","Astrocyte1","Astrocyte1","Astrocyte1"
"GCAATCAAGACTAAGTstim","Astrocyte1","Astrocyte1","Astrocyte1"
"GCAATCACAAGGTGTGstim","Astrocyte1","Astrocyte1","Astrocyte1"
"GCACATACAGATGGGTstim","Astrocyte1","Astrocyte1","Astrocyte1"
"GCACTCTCACATTTCTstim","Astrocyte1","Astrocyte1","Astrocyte1"
"GCAGCCACAGACAGGTstim","Astrocyte1","Astrocyte1","Astrocyte1"
"GCAGCCAGTAGGAGTCstim","Astrocyte1","Astrocyte1","Astrocyte1"
"GCAGCCATCCGCGCAAstim","Astrocyte1","Astrocyte1","Astrocyte1"
"GCAGTTACATTTGCCCstim","Astrocyte1","Astrocyte1","Astrocyte1"
"GCAGTTATCCCTGACTstim","Astrocyte1","Astrocyte1","Astrocyte1"
"GCATACAGTGAGGCTAstim","Astrocyte1","Astrocyte1","Astrocyte1"
"GCATACATCCGCTGTTstim","Astrocyte1","Astrocyte1","Astrocyte1"
"GCATGATAGCCACGTCstim","Astrocyte1","Astrocyte1","Astrocyte1"
"GCATGATAGTGATCGGstim","Astrocyte1","Astrocyte1","Astrocyte1"
"GCATGATCAAGCTGTTstim","Astrocyte1","Astrocyte1","Astrocyte1"
"GCATGCGAGTGCTGCCstim","Astrocyte1","Astrocyte1","Astrocyte1"
"GCATGCGGTGATGTCTstim","Astrocyte1","Astrocyte1","Astrocyte1"
"GCATGCGTCTCGATGAstim","Astrocyte1","Astrocyte1","Astrocyte1"
"GCATGTACATCGGTTAstim","Astrocyte1","Astrocyte1","Astrocyte1"
"GCATGTAGTAGCTCCGstim","Astrocyte1","Astrocyte1","Astrocyte1"
"GCATGTAGTCGCATCGstim","Astrocyte1","Astrocyte1","Astrocyte1"
"GCCTCTAGTCCGCTGAstim","Astrocyte1","Astrocyte1","Astrocyte1"
"GCCTCTATCGGCGGTTstim","Astrocyte1","Astrocyte1","Astrocyte1"
"GCGCAACGTTGATTCGstim","Astrocyte1","Astrocyte1","Astrocyte1"
"GCGCAACTCGGTGTCGstim","Astrocyte1","Astrocyte1","Astrocyte1"
"GCGCAGTAGAACAATCstim","Astrocyte1","Astrocyte1","Astrocyte1"
"GCGCAGTAGGAATCGCstim","Astrocyte1","Astrocyte1","Astrocyte1"
"GCGCAGTAGTAAGTACstim","Astrocyte1","Astrocyte1","Astrocyte1"
"GCGCAGTCACTTGGATstim","Astrocyte1","Astrocyte1","Astrocyte1"
"GCGCAGTCAGCTTCGGstim","Astrocyte1","Astrocyte1","Astrocyte1"
"GCGCAGTTCTTGTATCstim","Astrocyte1","Astrocyte1","Astrocyte1"
"GCGCCAAGTATGCTTGstim","Astrocyte1","Astrocyte1","Astrocyte1"
"GCGCCAATCACTCTTAstim","Astrocyte1","Astrocyte1","Astrocyte1"
"GCGCGATTCTGCGGCAstim","Astrocyte1","Astrocyte1","Astrocyte1"
"GCGCGATTCTGTTTGTstim","Astrocyte1","Astrocyte1","Astrocyte1"
"GCTCCTACACGTCAGCstim","Astrocyte1","Astrocyte1","Astrocyte1"
"GCTCTGTAGAGCAATTstim","Astrocyte1","Astrocyte1","Astrocyte1"
"GCTCTGTGTTAGATGAstim","Astrocyte1","Astrocyte1","Astrocyte1"
"GCTGCAGCAGCGTCCAstim","Astrocyte1","Astrocyte1","Astrocyte1"
"GCTGCGAAGTACGTAAstim","Astrocyte1","Astrocyte1","Astrocyte1"
"GCTGCGAGTTATGTGCstim","Astrocyte1","Astrocyte1","Astrocyte1"
"GCTGCTTGTAGCCTATstim","Astrocyte1","Astrocyte1","Astrocyte1"
"GCTGGGTAGAGCTATAstim","Astrocyte1","Astrocyte1","Astrocyte1"
"GCTTCCATCTGATTCTstim","Astrocyte1","Astrocyte1","Astrocyte1"
"GCTTGAACACGCATCGstim","Astrocyte1","Astrocyte1","Astrocyte1"
"GCTTGAATCATTGCGAstim","Astrocyte1","Astrocyte1","Astrocyte1"
"GCTTGAATCCTTGGTCstim","Astrocyte1","Astrocyte1","Astrocyte1"
"GGAAAGCAGACAAGCCstim","Astrocyte1","Astrocyte1","Astrocyte1"
"GGAAAGCCAATGGTCTstim","Astrocyte1","Astrocyte1","Astrocyte1"
"GGAAAGCCATAGAAACstim","Astrocyte1","Astrocyte1","Astrocyte1"
"GGAACTTTCAACGCTAstim","Astrocyte1","Astrocyte1","Astrocyte1"
"GGAACTTTCACTTCATstim","Astrocyte1","Astrocyte1","Astrocyte1"
"GGAATAACACAGTCGCstim","Astrocyte1","Astrocyte1","Astrocyte1"
"GGAATAAGTTTAAGCCstim","Astrocyte1","Astrocyte1","Astrocyte1"
"GGAATAATCCACGAATstim","Astrocyte1","Astrocyte1","Astrocyte1"
"GGAATAATCTGTCCGTstim","Astrocyte1","Astrocyte1","Astrocyte1"
"GGACAAGAGTGTACCTstim","Astrocyte1","Astrocyte1","Astrocyte1"
"GGACAGACACATTCGAstim","Astrocyte1","Astrocyte1","Astrocyte1"
"GGACAGAGTCTCTCGTstim","Astrocyte1","Astrocyte1","Astrocyte1"
"GGACATTTCGTAGGAGstim","Astrocyte1","Astrocyte1","Astrocyte1"
"GGACATTTCTGCCCTAstim","Astrocyte1","Astrocyte1","Astrocyte1"
"GGAGCAAGTCAATACCstim","Astrocyte1","Astrocyte1","Astrocyte1"
"GGAGCAAGTTCTGAACstim","Astrocyte1","Astrocyte1","Astrocyte1"
"GGAGCAAGTTGGAGGTstim","Astrocyte1","Astrocyte1","Astrocyte1"
"GGAGCAATCGTACCGGstim","Astrocyte1","Astrocyte1","Astrocyte1"
"GGATGTTTCTACTATCstim","Astrocyte1","Astrocyte1","Astrocyte1"
"GGATTACAGGCGACATstim","Astrocyte1","Astrocyte1","Astrocyte1"
"GGATTACCAAGCCGCTstim","Astrocyte1","Astrocyte1","Astrocyte1"
"GGCAATTAGTTAAGTGstim","Astrocyte1","Astrocyte1","Astrocyte1"
"GGCCGATGTCCTAGCGstim","Astrocyte1","Astrocyte1","Astrocyte1"
"GGCCGATTCGGCGGTTstim","Astrocyte1","Astrocyte1","Astrocyte1"
"GGCGACTGTCATATCGstim","Astrocyte1","Astrocyte1","Astrocyte1"
"GGCTCGATCTTCGAGAstim","Astrocyte1","Astrocyte1","Astrocyte1"
"GGCTGGTAGTTGTCGTstim","Astrocyte1","Astrocyte1","Astrocyte1"
"GGCTGGTCAAGCCATTstim","Astrocyte1","Astrocyte1","Astrocyte1"
"GGCTGGTGTTCGTCTCstim","Astrocyte1","Astrocyte1","Astrocyte1"
"GGGAATGAGAGACTTAstim","Astrocyte1","Astrocyte1","Astrocyte1"
"GGGAATGTCCTCAACCstim","Astrocyte1","Astrocyte1","Astrocyte1"
"GGGAATGTCTTGAGGTstim","Astrocyte1","Astrocyte1","Astrocyte1"
"GGGAGATCAAGAGGCTstim","Astrocyte1","Astrocyte1","Astrocyte1"
"GGGAGATGTATCACCAstim","Astrocyte1","Astrocyte1","Astrocyte1"
"GGGCACTGTAAACACAstim","Astrocyte1","Astrocyte1","Astrocyte1"
"GGGCACTTCAGCCTAAstim","Astrocyte1","Astrocyte1","Astrocyte1"
"GGGTCTGAGATCTGAAstim","Astrocyte1","Astrocyte1","Astrocyte1"
"GGGTCTGAGATGGGTCstim","Astrocyte1","Astrocyte1","Astrocyte1"
"GGGTTGCAGTGTACGGstim","Astrocyte1","Astrocyte1","Astrocyte1"
"GGTGAAGTCACATGCAstim","Astrocyte1","Astrocyte1","Astrocyte1"
"GGTGAAGTCATCTGCCstim","Astrocyte1","Astrocyte1","Astrocyte1"
"GTAACGTCACAACGCCstim","Astrocyte1","Astrocyte1","Astrocyte1"
"GTAACTGGTGCCTGGTstim","Astrocyte1","Astrocyte1","Astrocyte1"
"GTAACTGTCTGTACGAstim","LHb1","LHb_1_1","LHb_C"
"GTACTCCCAATCTGCAstim","Astrocyte1","Astrocyte1","Astrocyte1"
"GTACTCCTCAGAAATGstim","Astrocyte1","Astrocyte1","Astrocyte1"
"GTACTTTAGTGTTAGAstim","Astrocyte1","Astrocyte1","Astrocyte1"
"GTATCTTCAAGGACTGstim","Astrocyte1","Astrocyte1","Astrocyte1"
"GTATCTTCAGTTCATGstim","Astrocyte1","Astrocyte1","Astrocyte1"
"GTATCTTGTACCTACAstim","Astrocyte1","Astrocyte1","Astrocyte1"
"GTATTCTCAGCTCGACstim","Astrocyte1","Astrocyte1","Astrocyte1"
"GTCAAGTAGTCGTACTstim","Astrocyte1","Astrocyte1","Astrocyte1"
"GTCACAATCTGTCTATstim","Astrocyte1","Astrocyte1","Astrocyte1"
"GTCACAATCTTCTGGCstim","Astrocyte1","Astrocyte1","Astrocyte1"
"GTCACGGCACAAGTAAstim","Astrocyte1","Astrocyte1","Astrocyte1"
"GTCACGGCATGGAATAstim","Astrocyte1","Astrocyte1","Astrocyte1"
"GTCATTTTCTGCAGTAstim","Astrocyte1","Astrocyte1","Astrocyte1"
"GTCTTCGCAACTGGCCstim","Astrocyte1","Astrocyte1","Astrocyte1"
"GTCTTCGCAGACACTTstim","Astrocyte1","Astrocyte1","Astrocyte1"
"GTGAAGGTCCTCGCATstim","Astrocyte1","Astrocyte1","Astrocyte1"
"GTGCATAAGGCATGTGstim","Astrocyte1","Astrocyte1","Astrocyte1"
"GTGCGGTCAATACGCTstim","Astrocyte1","Astrocyte1","Astrocyte1"
"GTGCGGTCAGACACTTstim","Astrocyte1","Astrocyte1","Astrocyte1"
"GTGCGGTGTTCCACTCstim","Astrocyte1","Astrocyte1","Astrocyte1"
"GTGCGGTTCAAGGTAAstim","Astrocyte1","Astrocyte1","Astrocyte1"
"GTGCGGTTCCCAACGGstim","Astrocyte1","Astrocyte1","Astrocyte1"
"GTGCGGTTCCGCAAGCstim","Astrocyte1","Astrocyte1","Astrocyte1"
"GTGCTTCAGAGTGACCstim","Astrocyte1","Astrocyte1","Astrocyte1"
"GTGCTTCCAAGCGAGTstim","Astrocyte1","Astrocyte1","Astrocyte1"
"GTTAAGCAGCCCGAAAstim","Astrocyte1","Astrocyte1","Astrocyte1"
"GTTAAGCCACCACGTGstim","Astrocyte1","Astrocyte1","Astrocyte1"
"GTTACAGGTATAGTAGstim","Astrocyte1","Astrocyte1","Astrocyte1"
"GTTACAGTCAACCATGstim","Astrocyte1","Astrocyte1","Astrocyte1"
"GTTCATTAGGGAGTAAstim","Astrocyte1","Astrocyte1","Astrocyte1"
"GTTCATTCACGACGAAstim","Astrocyte1","Astrocyte1","Astrocyte1"
"GTTCTCGAGGAATTACstim","Astrocyte1","Astrocyte1","Astrocyte1"
"GTTCTCGCACTTCTGCstim","Astrocyte1","Astrocyte1","Astrocyte1"
"GTTTCTAAGAGCTGCAstim","Astrocyte1","Astrocyte1","Astrocyte1"
"TAAACCGAGGATGTATstim","Astrocyte1","Astrocyte1","Astrocyte1"
"TAAACCGCAGCTATTGstim","Astrocyte1","Astrocyte1","Astrocyte1"
"TAAACCGGTGTGAATAstim","Astrocyte1","Astrocyte1","Astrocyte1"
"TAAACCGTCTGTCCGTstim","Astrocyte1","Astrocyte1","Astrocyte1"
"TAAGAGAGTTTCCACCstim","Astrocyte1","Astrocyte1","Astrocyte1"
"TAAGCGTCACCCTATCstim","Astrocyte1","Astrocyte1","Astrocyte1"
"TAAGCGTCATTAACCGstim","Astrocyte1","Astrocyte1","Astrocyte1"
"TAAGCGTTCATAACCGstim","Astrocyte1","Astrocyte1","Astrocyte1"
"TAAGCGTTCCTGTAGAstim","Astrocyte1","Astrocyte1","Astrocyte1"
"TAAGTGCAGAGGTTATstim","Astrocyte1","Astrocyte1","Astrocyte1"
"TAAGTGCGTGTCAATCstim","Astrocyte1","Astrocyte1","Astrocyte1"
"TACACGAGTGAACCTTstim","Astrocyte1","Astrocyte1","Astrocyte1"
"TACAGTGGTACGCACCstim","Astrocyte1","Astrocyte1","Astrocyte1"
"TACAGTGTCTCATTCAstim","Astrocyte1","Astrocyte1","Astrocyte1"
"TACCTATAGGCATGTGstim","Astrocyte1","Astrocyte1","Astrocyte1"
"TACCTTACACGCATCGstim","Astrocyte1","Astrocyte1","Astrocyte1"
"TACCTTAGTATAGGTAstim","Astrocyte1","Astrocyte1","Astrocyte1"
"TACCTTAGTTCTGAACstim","Astrocyte1","Astrocyte1","Astrocyte1"
"TACGGATAGTTACCCAstim","Astrocyte1","Astrocyte1","Astrocyte1"
"TACGGGCTCGTGGTCGstim","Astrocyte1","Astrocyte1","Astrocyte1"
"TACGGTAGTCCGAACCstim","Astrocyte1","Astrocyte1","Astrocyte1"
"TACTCATAGCCACTATstim","Astrocyte1","Astrocyte1","Astrocyte1"
"TACTCATTCCGTAGTAstim","Astrocyte1","Astrocyte1","Astrocyte1"
"TACTCGCAGACGCTTTstim","Astrocyte1","Astrocyte1","Astrocyte1"
"TACTCGCGTTATGCGTstim","Astrocyte1","Astrocyte1","Astrocyte1"
"TACTTACGTCAACATCstim","Astrocyte1","Astrocyte1","Astrocyte1"
"TACTTACGTCACACGCstim","Astrocyte1","Astrocyte1","Astrocyte1"
"TAGACCAAGGGCATGTstim","Astrocyte1","Astrocyte1","Astrocyte1"
"TAGACCACAGCGATCCstim","Astrocyte1","Astrocyte1","Astrocyte1"
"TAGACCACATTGTGCAstim","Astrocyte1","Astrocyte1","Astrocyte1"
"TAGAGCTCACAAGTAAstim","Astrocyte1","Astrocyte1","Astrocyte1"
"TAGCCGGAGCTGATAAstim","Astrocyte1","Astrocyte1","Astrocyte1"
"TAGCCGGTCTACTTACstim","Astrocyte1","Astrocyte1","Astrocyte1"
"TAGGCATAGCTATGCTstim","Astrocyte1","Astrocyte1","Astrocyte1"
"TAGGCATTCCCAACGGstim","Astrocyte1","Astrocyte1","Astrocyte1"
"TAGTGGTCACCGGAAAstim","Astrocyte1","Astrocyte1","Astrocyte1"
"TAGTTGGAGCAGATCGstim","Astrocyte1","Astrocyte1","Astrocyte1"
"TATCAGGAGTCCATACstim","Astrocyte1","Astrocyte1","Astrocyte1"
"TATCAGGGTTGTGGAGstim","Astrocyte1","Astrocyte1","Astrocyte1"
"TATCAGGTCGCACTCTstim","Astrocyte1","Astrocyte1","Astrocyte1"
"TATGCCCAGGTAGCCAstim","Astrocyte1","Astrocyte1","Astrocyte1"
"TCAATCTCAAACTGTCstim","Astrocyte1","Astrocyte1","Astrocyte1"
"TCAATCTCATCACAACstim","Astrocyte1","Astrocyte1","Astrocyte1"
"TCAATCTTCACTGGGCstim","Astrocyte1","Astrocyte1","Astrocyte1"
"TCACGAAGTGGTGTAGstim","Astrocyte1","Astrocyte1","Astrocyte1"
"TCAGCAAGTTCCACTCstim","Astrocyte1","Astrocyte1","Astrocyte1"
"TCAGCAATCTTACCTAstim","Astrocyte1","Astrocyte1","Astrocyte1"
"TCAGGATCAATCTGCAstim","Astrocyte1","Astrocyte1","Astrocyte1"
"TCAGGTACATGCCACGstim","Astrocyte1","Astrocyte1","Astrocyte1"
"TCAGGTAGTGATGTCTstim","Astrocyte1","Astrocyte1","Astrocyte1"
"TCATTACGTACCCAATstim","Astrocyte1","Astrocyte1","Astrocyte1"
"TCATTACGTCCATGATstim","Astrocyte1","Astrocyte1","Astrocyte1"
"TCATTACGTTTGGGCCstim","Astrocyte1","Astrocyte1","Astrocyte1"
"TCCCGATAGTTGAGATstim","Astrocyte1","Astrocyte1","Astrocyte1"
"TCCCGATCATAGGATAstim","Astrocyte1","Astrocyte1","Astrocyte1"
"TCGAGGCCACAGGCCTstim","Astrocyte1","Astrocyte1","Astrocyte1"
"TCGAGGCCATAAAGGTstim","Astrocyte1","Astrocyte1","Astrocyte1"
"TCGAGGCTCTTACCGCstim","Astrocyte1","Astrocyte1","Astrocyte1"
"TCGGGACGTGCGAAACstim","Astrocyte1","Astrocyte1","Astrocyte1"
"TCGGTAAAGATGCGACstim","Astrocyte1","Astrocyte1","Astrocyte1"
"TCGTACCGTCTAGCCGstim","Astrocyte1","Astrocyte1","Astrocyte1"
"TCGTAGAAGCCCTAATstim","Astrocyte1","Astrocyte1","Astrocyte1"
"TCGTAGAGTATGGTTCstim","Astrocyte1","Astrocyte1","Astrocyte1"
"TCGTAGATCTGGTGTAstim","Astrocyte1","Astrocyte1","Astrocyte1"
"TCTATTGGTTATTCTCstim","Astrocyte1","Astrocyte1","Astrocyte1"
"TCTATTGTCTGTTGAGstim","Astrocyte1","Astrocyte1","Astrocyte1"
"TCTCATACACACCGACstim","Astrocyte1","Astrocyte1","Astrocyte1"
"TCTCATAGTACCGTTAstim","Astrocyte1","Astrocyte1","Astrocyte1"
"TCTCATAGTCGCGTGTstim","Astrocyte1","Astrocyte1","Astrocyte1"
"TCTCATATCAGCTCGGstim","Astrocyte2","Astrocyte2","Astrocyte2"
"TCTCTAAAGCAGGCTAstim","Astrocyte1","Astrocyte1","Astrocyte1"
"TCTGAGAAGCAGACTGstim","Astrocyte1","Astrocyte1","Astrocyte1"
"TCTGAGAAGGGCTTCCstim","Astrocyte1","Astrocyte1","Astrocyte1"
"TCTGAGACAGGGCATAstim","Astrocyte1","Astrocyte1","Astrocyte1"
"TCTTCGGTCTTGCAAGstim","Astrocyte1","Astrocyte1","Astrocyte1"
"TCTTTCCAGAAACCATstim","Astrocyte1","Astrocyte1","Astrocyte1"
"TCTTTCCCATAGAAACstim","Astrocyte1","Astrocyte1","Astrocyte1"
"TCTTTCCCATTCGACAstim","Astrocyte1","Astrocyte1","Astrocyte1"
"TGAAAGAAGCCCAGCTstim","Astrocyte1","Astrocyte1","Astrocyte1"
"TGAAAGATCCTATGTTstim","Astrocyte1","Astrocyte1","Astrocyte1"
"TGACAACGTTTAGGAAstim","Astrocyte1","Astrocyte1","Astrocyte1"
"TGACAACTCGGCTTGGstim","Astrocyte1","Astrocyte1","Astrocyte1"
"TGACAACTCTCGCATCstim","Astrocyte1","Astrocyte1","Astrocyte1"
"TGACGGCAGAACTCGGstim","Astrocyte1","Astrocyte1","Astrocyte1"
"TGACGGCCAATGAATGstim","Astrocyte1","Astrocyte1","Astrocyte1"
"TGACTTTTCACCGTAAstim","Astrocyte1","Astrocyte1","Astrocyte1"
"TGAGCATGTCGGCTCAstim","Astrocyte1","Astrocyte1","Astrocyte1"
"TGAGCCGAGCGTTTACstim","Astrocyte1","Astrocyte1","Astrocyte1"
"TGAGCCGCAGGGCATAstim","Astrocyte1","Astrocyte1","Astrocyte1"
"TGAGGGAGTTACGACTstim","Astrocyte2","Astrocyte2","Astrocyte2"
"TGATTTCCACATTTCTstim","Astrocyte1","Astrocyte1","Astrocyte1"
"TGATTTCCAGATCCATstim","Astrocyte1","Astrocyte1","Astrocyte1"
"TGATTTCCAGCCTATAstim","Astrocyte1","Astrocyte1","Astrocyte1"
"TGCACCTGTCTCATCCstim","Astrocyte1","Astrocyte1","Astrocyte1"
"TGCACCTTCAGCCTAAstim","Astrocyte1","Astrocyte1","Astrocyte1"
"TGCCAAAGTTGAACTCstim","Astrocyte1","Astrocyte1","Astrocyte1"
"TGCCCATTCCAGTAGTstim","Astrocyte1","Astrocyte1","Astrocyte1"
"TGCCCTAAGGCCCTTGstim","Astrocyte1","Astrocyte1","Astrocyte1"
"TGCCCTACACATTAGCstim","Astrocyte1","Astrocyte1","Astrocyte1"
"TGCGCAGGTTACGACTstim","Astrocyte1","Astrocyte1","Astrocyte1"
"TGCGGGTCAGTAAGATstim","Astrocyte1","Astrocyte1","Astrocyte1"
"TGCGTGGTCTTCCTTCstim","Astrocyte1","Astrocyte1","Astrocyte1"
"TGCTACCAGAGCCTAGstim","Astrocyte1","Astrocyte1","Astrocyte1"
"TGCTACCAGATTACCCstim","Astrocyte1","Astrocyte1","Astrocyte1"
"TGCTGCTAGCCACGTCstim","Astrocyte1","Astrocyte1","Astrocyte1"
"TGCTGCTCACTAAGTCstim","Astrocyte1","Astrocyte1","Astrocyte1"
"TGCTGCTTCTCGTTTAstim","Astrocyte1","Astrocyte1","Astrocyte1"
"TGGACGCCATGCAATCstim","Astrocyte1","Astrocyte1","Astrocyte1"
"TGGCGCAAGTACGCCCstim","Astrocyte1","Astrocyte1","Astrocyte1"
"TGGCTGGGTACCGTATstim","Astrocyte1","Astrocyte1","Astrocyte1"
"TGGGAAGGTAACGACGstim","Astrocyte1","Astrocyte1","Astrocyte1"
"TGGTTAGGTCGGGTCTstim","Astrocyte1","Astrocyte1","Astrocyte1"
"TGGTTCCAGTGCAAGCstim","Astrocyte1","Astrocyte1","Astrocyte1"
"TGGTTCCGTACTTCTTstim","Astrocyte1","Astrocyte1","Astrocyte1"
"TGTATTCAGTACACCTstim","Astrocyte1","Astrocyte1","Astrocyte1"
"TGTATTCCAGGTCTCGstim","Astrocyte1","Astrocyte1","Astrocyte1"
"TGTGTTTTCGGAAACGstim","Astrocyte1","Astrocyte1","Astrocyte1"
"TGTGTTTTCGTCCGTTstim","Astrocyte1","Astrocyte1","Astrocyte1"
"TGTTCCGAGGACCACAstim","Astrocyte1","Astrocyte1","Astrocyte1"
"TGTTCCGTCAGAGCTTstim","Astrocyte1","Astrocyte1","Astrocyte1"
"TTAACTCAGTTACGGGstim","Astrocyte1","Astrocyte1","Astrocyte1"
"TTAACTCCATCACCCTstim","Astrocyte1","Astrocyte1","Astrocyte1"
"TTAACTCCATCGACGCstim","Astrocyte1","Astrocyte1","Astrocyte1"
"TTAGGACTCGAGGTAGstim","Astrocyte1","Astrocyte1","Astrocyte1"
"TTAGGCACAAATACAGstim","Astrocyte1","Astrocyte1","Astrocyte1"
"TTAGTTCAGGCATGTGstim","Astrocyte1","Astrocyte1","Astrocyte1"
"TTAGTTCGTCGACTGCstim","Astrocyte1","Astrocyte1","Astrocyte1"
"TTCCCAGCATGGAATAstim","Astrocyte1","Astrocyte1","Astrocyte1"
"TTCCCAGTCGGTCTAAstim","Astrocyte1","Astrocyte1","Astrocyte1"
"TTCGAAGGTCCCTTGTstim","Astrocyte1","Astrocyte1","Astrocyte1"
"TTCGAAGGTGACGCCTstim","Astrocyte1","Astrocyte1","Astrocyte1"
"TTCGGTCGTGTTTGGTstim","Astrocyte1","Astrocyte1","Astrocyte1"
"TTCGGTCTCACAATGCstim","Astrocyte1","Astrocyte1","Astrocyte1"
"TTCTCAACAAGCTGTTstim","Astrocyte1","Astrocyte1","Astrocyte1"
"TTCTCAATCCGGCACAstim","Astrocyte1","Astrocyte1","Astrocyte1"
"TTCTCAATCCGTTGCTstim","Astrocyte1","Astrocyte1","Astrocyte1"
"TTCTCCTAGCACGCCTstim","Astrocyte1","Astrocyte1","Astrocyte1"
"TTCTCCTTCATAGCACstim","Astrocyte1","Astrocyte1","Astrocyte1"
"TTCTTAGGTGACGGTAstim","Astrocyte1","Astrocyte1","Astrocyte1"
"TTGAACGAGTACACCTstim","Astrocyte1","Astrocyte1","Astrocyte1"
"TTGACTTTCGACCAGCstim","Astrocyte2","Astrocyte2","Astrocyte2"
"TTGCCGTCATGTCTCCstim","Astrocyte1","Astrocyte1","Astrocyte1"
"TTGCGTCCAGTATCTGstim","Astrocyte1","Astrocyte1","Astrocyte1"
"TTGCGTCCATCCGCGAstim","Astrocyte1","Astrocyte1","Astrocyte1"
"TTGGAACCACACAGAGstim","Astrocyte1","Astrocyte1","Astrocyte1"
"TTGGAACGTATAATGGstim","Astrocyte1","Astrocyte1","Astrocyte1"
"TTGGCAACAGTTCCCTstim","Astrocyte1","Astrocyte1","Astrocyte1"
"TTGGCAACATCACGATstim","Astrocyte1","Astrocyte1","Astrocyte1"
"TTTCCTCCAATGAATGstim","Astrocyte1","Astrocyte1","Astrocyte1"
"TTTCCTCCAGCGAACAstim","Astrocyte1","Astrocyte1","Astrocyte1"
"TTTCCTCCAGTAAGCGstim","Astrocyte1","Astrocyte1","Astrocyte1"
"TTTCCTCGTCCTCCATstim","Astrocyte1","Astrocyte1","Astrocyte1"
"TTTCCTCTCACTTCATstim","Astrocyte1","Astrocyte1","Astrocyte1"
"TTTGGTTTCGTTTGCCstim","Astrocyte1","Astrocyte1","Astrocyte1"
"TTTGTCACACATCCGGstim","Astrocyte1","Astrocyte1","Astrocyte1"
"TTTGTCACAGCGTCCAstim","Astrocyte1","Astrocyte1","Astrocyte1"
"AAACCTGAGTTAGGTAstim","LHb3","LHb_1_3","LHb_C"
"AAAGCAAAGTGAACATstim","LHb1","LHb_1_1","LHb_C"
"AAAGCAACAAGACACGstim","LHb1","LHb_1_1","LHb_C"
"AAAGCAACAGCTCCGAstim","LHb3","LHb_1_3","LHb_C"
"AAAGTAGCAAGTACCTstim","LHb3","LHb_1_3","LHb_C"
"AAATGCCCAGCGTCCAstim","LHb3","LHb_1_3","LHb_C"
"AACACGTAGACAGGCTstim","LHb3","LHb_1_3","LHb_C"
"AACCGCGAGACCGGATstim","LHb1","LHb_1_1","LHb_C"
"AACCGCGCATACGCTAstim","LHb3","LHb_1_3","LHb_C"
"AACCGCGGTACTTGACstim","LHb3","LHb_1_3","LHb_C"
"AACCGCGTCGCCATAAstim","LHb1","LHb_1_1","LHb_C"
"AACTCAGCAGTAAGCGstim","LHb3","LHb_1_3","LHb_C"
"AACTCCCGTCAGATAAstim","Neuron","Neuron","Neuron"
"AACTCCCGTCTCTCGTstim","LHb1","LHb_1_1","LHb_C"
"AACTCCCTCTGATACGstim","LHb1","LHb_1_1","LHb_C"
"AACTCTTAGGTAGCTGstim","LHb1","LHb_1_1","LHb_C"
"AACTCTTGTCTGCAATstim","LHb3","LHb_1_3","LHb_C"
"AACTCTTTCCTAGGGCstim","LHb1","LHb_1_1","LHb_C"
"AAGACCTCAGACTCGCstim","LHb1","LHb_1_1","LHb_C"
"AAGGAGCAGTGGAGTCstim","LHb3","LHb_1_3","LHb_C"
"AAGGAGCCACGCATCGstim","LHb3","LHb_1_3","LHb_C"
"AAGGAGCGTACCGAGAstim","LHb1","LHb_1_1","LHb_C"
"AAGGCAGGTATGAATGstim","LHb3","LHb_1_3","LHb_C"
"AAGGTTCGTGAAGGCTstim","LHb3","LHb_1_3","LHb_C"
"ACACCAATCGGCATCGstim","LHb1","LHb_1_1","LHb_C"
"ACACCGGTCAGAGCTTstim","LHb1","LHb_1_1","LHb_C"
"ACAGCTAAGGCAGTCAstim","LHb1","LHb_1_1","LHb_C"
"ACAGCTACATCAGTACstim","LHb1","LHb_1_1","LHb_C"
"ACATACGGTATAGGGCstim","LHb3","LHb_1_3","LHb_C"
"ACATCAGAGACGACGTstim","LHb3","LHb_1_3","LHb_C"
"ACATCAGCAGTCCTTCstim","LHb3","LHb_1_3","LHb_C"
"ACATCAGTCGTTGACAstim","LHb1","LHb_1_1","LHb_C"
"ACATGGTTCACCCTCAstim","LHb1","LHb_1_1","LHb_C"
"ACCAGTACAGTAAGCGstim","LHb1","LHb_1_1","LHb_C"
"ACGATACAGGCCATAGstim","Neuron","Neuron","Neuron"
"ACGATACGTGAGGCTAstim","LHb3","LHb_1_3","LHb_C"
"ACGATACTCCTCGCATstim","LHb1","LHb_1_1","LHb_C"
"ACGCCGATCCAATGGTstim","LHb1","LHb_1_1","LHb_C"
"ACGGCCACACTTAACGstim","LHb1","LHb_1_1","LHb_C"
"ACGGCCATCCCTTGCAstim","LHb3","LHb_1_3","LHb_C"
"ACGGGCTCATGGTTGTstim","LHb3","LHb_1_3","LHb_C"
"ACGGGTCAGTACGATAstim","LHb3","LHb_1_3","LHb_C"
"ACGGGTCTCCGGGTGTstim","LHb1","LHb_1_1","LHb_C"
"ACTATCTGTTTGGGCCstim","LHb3","LHb_1_3","LHb_C"
"ACTGAGTAGCATGGCAstim","Neuron","Neuron","Neuron"
"ACTGAGTCATTGGGCCstim","LHb1","LHb_1_1","LHb_C"
"ACTGATGGTTCGTGATstim","LHb1","LHb_1_1","LHb_C"
"ACTGTCCTCGAACTGTstim","LHb3","LHb_1_3","LHb_C"
"ACTTACTAGAGGTAGAstim","LHb3","LHb_1_3","LHb_C"
"AGACGTTAGTTAGCGGstim","LHb4","LHb_1_4","LHb_B"
"AGACGTTGTTAAGACAstim","LHb3","LHb_1_3","LHb_C"
"AGACGTTTCTTTAGTCstim","LHb3","LHb_1_3","LHb_C"
"AGAGCGAAGGATGGAAstim","LHb3","LHb_1_3","LHb_C"
"AGAGCGACAGGTGCCTstim","LHb3","LHb_1_3","LHb_C"
"AGAGCTTGTCTTTCATstim","LHb1","LHb_1_1","LHb_C"
"AGATCTGTCCACGCAGstim","LHb3","LHb_1_3","LHb_C"
"AGATCTGTCCTACAGAstim","LHb1","LHb_1_1","LHb_C"
"AGATTGCAGCCTATGTstim","LHb1","LHb_1_1","LHb_C"
"AGATTGCTCCGAGCCAstim","LHb3","LHb_1_3","LHb_C"
"AGCAGCCAGACCCACCstim","LHb1","LHb_1_1","LHb_C"
"AGCAGCCAGCCCGAAAstim","LHb3","LHb_1_3","LHb_C"
"AGCAGCCAGTATTGGAstim","LHb1","LHb_1_1","LHb_C"
"AGCATACAGATCCGAGstim","LHb3","LHb_1_3","LHb_C"
"AGCGGTCTCATGTCCCstim","LHb1","LHb_1_1","LHb_C"
"AGCGTATAGGACAGAAstim","LHb3","LHb_1_3","LHb_C"
"AGCGTATAGTTCGCATstim","LHb1","LHb_1_1","LHb_C"
"AGCGTCGTCGTCTGCTstim","LHb1","LHb_1_1","LHb_C"
"AGCTCCTTCACCGTAAstim","LHb1","LHb_1_1","LHb_C"
"AGCTCCTTCGTGGACCstim","LHb3","LHb_1_3","LHb_C"
"AGCTCTCAGGATGCGTstim","LHb3","LHb_1_3","LHb_C"
"AGCTCTCCAGCCTTTCstim","LHb1","LHb_1_1","LHb_C"
"AGGCCACGTTTCGCTCstim","LHb1","LHb_1_1","LHb_C"
"AGGGAGTCATGCCTTCstim","LHb3","LHb_1_3","LHb_C"
"AGGGATGCATCCAACAstim","LHb1","LHb_1_1","LHb_C"
"AGGTCCGCACATCTTTstim","LHb1","LHb_1_1","LHb_C"
"AGTAGTCCACTGAAGGstim","LHb3","LHb_1_3","LHb_C"
"AGTCTTTAGAGGACGGstim","LHb3","LHb_1_3","LHb_C"
"AGTCTTTGTCGTGGCTstim","LHb1","LHb_1_1","LHb_C"
"AGTGAGGAGACTGGGTstim","LHb1","LHb_1_1","LHb_C"
"AGTGGGACAAGGCTCCstim","LHb3","LHb_1_3","LHb_C"
"AGTGGGATCCACTGGGstim","LHb1","LHb_1_1","LHb_C"
"AGTGTCACAGTACACTstim","LHb1","LHb_1_1","LHb_C"
"AGTGTCATCCTTTCGGstim","LHb3","LHb_1_3","LHb_C"
"AGTTGGTAGCAGGTCAstim","LHb3","LHb_1_3","LHb_C"
"AGTTGGTTCACTATTCstim","LHb3","LHb_1_3","LHb_C"
"ATAAGAGGTATAGGTAstim","LHb1","LHb_1_1","LHb_C"
"ATCACGAAGATGCCAGstim","LHb1","LHb_1_1","LHb_C"
"ATCATGGTCGACCAGCstim","LHb1","LHb_1_1","LHb_C"
"ATCCACCCAAGCGCTCstim","LHb3","LHb_1_3","LHb_C"
"ATCCACCCAGAGTGTGstim","LHb3","LHb_1_3","LHb_C"
"ATCCGAAAGATGCGACstim","LHb3","LHb_1_3","LHb_C"
"ATCCGAAGTCGCCATGstim","LHb1","LHb_1_1","LHb_C"
"ATCCGAATCATGTGGTstim","LHb3","LHb_1_3","LHb_C"
"ATCGAGTGTTACAGAAstim","LHb1","LHb_1_1","LHb_C"
"ATCTACTCAAGTAGTAstim","LHb1","LHb_1_1","LHb_C"
"ATGAGGGCAGCGTTCGstim","LHb1","LHb_1_1","LHb_C"
"ATGCGATGTATTCGTGstim","Neuron","Neuron","Neuron"
"ATGGGAGAGGGTGTGTstim","LHb3","LHb_1_3","LHb_C"
"ATGGGAGGTAAGAGAGstim","LHb3","LHb_1_3","LHb_C"
"ATTATCCAGATCCCATstim","LHb1","LHb_1_1","LHb_C"
"ATTATCCGTAATAGCAstim","LHb3","LHb_1_3","LHb_C"
"ATTGGTGGTAGATTAGstim","LHb5","LHb_2","LHb_A"
"CAACCAAAGTATTGGAstim","LHb3","LHb_1_3","LHb_C"
"CAACCAACAGAGCCAAstim","LHb3","LHb_1_3","LHb_C"
"CAACCTCCAGCTGTTAstim","LHb3","LHb_1_3","LHb_C"
"CAACCTCGTCTGCCAGstim","LHb3","LHb_1_3","LHb_C"
"CAACTAGCATTACGACstim","LHb3","LHb_1_3","LHb_C"
"CAAGAAAAGCGCTCCAstim","LHb1","LHb_1_1","LHb_C"
"CAAGAAATCACGAAGGstim","LHb1","LHb_1_1","LHb_C"
"CAAGATCAGGCCCTTGstim","LHb3","LHb_1_3","LHb_C"
"CAAGATCGTATGAATGstim","LHb3","LHb_1_3","LHb_C"
"CAAGATCTCATGTAGCstim","LHb6","LHb_1_5","LHb_A"
"CAAGGCCCATGCAATCstim","LHb1","LHb_1_1","LHb_C"
"CACACAAAGTACGTTCstim","LHb1","LHb_1_1","LHb_C"
"CACACTCTCAAAGACAstim","LHb1","LHb_1_1","LHb_C"
"CACATAGTCACGAAGGstim","LHb1","LHb_1_1","LHb_C"
"CACATTTGTCGCATATstim","LHb3","LHb_1_3","LHb_C"
"CACCACTAGCGGCTTCstim","LHb1","LHb_1_1","LHb_C"
"CACCAGGAGGCGCTCTstim","LHb3","LHb_1_3","LHb_C"
"CACCAGGTCAATCTCTstim","LHb3","LHb_1_3","LHb_C"
"CACCAGGTCTGCGGCAstim","LHb3","LHb_1_3","LHb_C"
"CACTCCACAAGGGTCAstim","Neuron","Neuron","Neuron"
"CACTCCACACGAAAGCstim","LHb3","LHb_1_3","LHb_C"
"CACTCCAGTCTAAACCstim","LHb3","LHb_1_3","LHb_C"
"CAGAATCGTGCACGAAstim","LHb3","LHb_1_3","LHb_C"
"CAGAGAGAGAAAGTGGstim","LHb1","LHb_1_1","LHb_C"
"CAGCAGCCATGATCCAstim","LHb3","LHb_1_3","LHb_C"
"CAGCCGACATCACGATstim","LHb3","LHb_1_3","LHb_C"
"CAGCCGATCCTCCTAGstim","LHb3","LHb_1_3","LHb_C"
"CAGCTAAGTGTAACGGstim","LHb3","LHb_1_3","LHb_C"
"CAGCTAATCTGCCCTAstim","LHb1","LHb_1_1","LHb_C"
"CATATTCTCTATGTGGstim","LHb3","LHb_1_3","LHb_C"
"CATCGAACAGCTTAACstim","LHb3","LHb_1_3","LHb_C"
"CATCGGGAGCCATCGCstim","LHb1","LHb_1_1","LHb_C"
"CATCGGGGTCCCGACAstim","LHb3","LHb_1_3","LHb_C"
"CATGACATCCGAATGTstim","LHb1","LHb_1_1","LHb_C"
"CATGCCTGTTGCGCACstim","LHb3","LHb_1_3","LHb_C"
"CATTATCAGACAGACCstim","LHb3","LHb_1_3","LHb_C"
"CATTATCCACGGCGTTstim","LHb1","LHb_1_1","LHb_C"
"CATTATCTCTACGAGTstim","LHb1","LHb_1_1","LHb_C"
"CATTCGCCACACCGACstim","LHb1","LHb_1_1","LHb_C"
"CCAATCCAGCAATATGstim","LHb3","LHb_1_3","LHb_C"
"CCAATCCAGGATGGAAstim","Neuron","Neuron","Neuron"
"CCACCTAAGGCAGGTTstim","LHb1","LHb_1_1","LHb_C"
"CCATTCGCAAGTTAAGstim","LHb3","LHb_1_3","LHb_C"
"CCCAATCCAATGGACGstim","LHb1","LHb_1_1","LHb_C"
"CCCAGTTCACGGCGTTstim","LHb1","LHb_1_1","LHb_C"
"CCCAGTTTCTCCAACCstim","LHb3","LHb_1_3","LHb_C"
"CCCATACAGATCCCATstim","LHb1","LHb_1_1","LHb_C"
"CCGTGGAAGCTACCTAstim","LHb1","LHb_1_1","LHb_C"
"CCGTGGATCGATGAGGstim","LHb3","LHb_1_3","LHb_C"
"CCGTTCAGTGCCTGCAstim","LHb3","LHb_1_3","LHb_C"
"CCGTTCATCGGATGTTstim","LHb1","LHb_1_1","LHb_C"
"CCTAAAGAGCCTATGTstim","LHb1","LHb_1_1","LHb_C"
"CCTAAAGGTCCGAGTCstim","LHb3","LHb_1_3","LHb_C"
"CCTAGCTAGTGGGTTGstim","LHb1","LHb_1_1","LHb_C"
"CCTAGCTTCCTTTCGGstim","LHb3","LHb_1_3","LHb_C"
"CCTCAGTGTTACGTCAstim","LHb1","LHb_1_1","LHb_C"
"CCTTACGCATCGATTGstim","LHb3","LHb_1_3","LHb_C"
"CCTTACGTCTGGCGACstim","LHb1","LHb_1_1","LHb_C"
"CCTTCCCAGGACGAAAstim","LHb3","LHb_1_3","LHb_C"
"CCTTCCCAGGCCCTTGstim","LHb1","LHb_1_1","LHb_C"
"CCTTCCCGTTACGTCAstim","LHb3","LHb_1_3","LHb_C"
"CCTTCCCTCACAGTACstim","LHb1","LHb_1_1","LHb_C"
"CCTTCGAGTAAACACAstim","LHb1","LHb_1_1","LHb_C"
"CCTTCGATCGGGAGTAstim","LHb2","LHb_1_2","LHb_B"
"CGAACATTCTTACCTAstim","LHb3","LHb_1_3","LHb_C"
"CGAATGTAGTGTTAGAstim","LHb3","LHb_1_3","LHb_C"
"CGAGCACTCCGCAAGCstim","LHb1","LHb_1_1","LHb_C"
"CGATCGGTCCTCGCATstim","LHb1","LHb_1_1","LHb_C"
"CGATGGCTCTTGTCATstim","LHb3","LHb_1_3","LHb_C"
"CGATGTATCTTGTACTstim","LHb3","LHb_1_3","LHb_C"
"CGATTGAGTTGGAGGTstim","LHb1","LHb_1_1","LHb_C"
"CGCGGTAGTATTCGTGstim","LHb3","LHb_1_3","LHb_C"
"CGCTATCGTGTGCCTGstim","LHb6","LHb_1_5","LHb_A"
"CGCTATCTCCGTAGGCstim","LHb3","LHb_1_3","LHb_C"
"CGCTGGACACAGATTCstim","LHb3","LHb_1_3","LHb_C"
"CGCTGGACACGCATCGstim","LHb1","LHb_1_1","LHb_C"
"CGCTGGATCACCACCTstim","LHb3","LHb_1_3","LHb_C"
"CGCTGGATCTCTGCTGstim","LHb5","LHb_2","LHb_A"
"CGCTTCACAGCTTCGGstim","LHb1","LHb_1_1","LHb_C"
"CGCTTCAGTTGATTGCstim","LHb1","LHb_1_1","LHb_C"
"CGGACACCAAGTCTGTstim","LHb1","LHb_1_1","LHb_C"
"CGGACACTCTCTAAGGstim","LHb1","LHb_1_1","LHb_C"
"CGGACGTCAGCCTTTCstim","LHb3","LHb_1_3","LHb_C"
"CGGACTGAGGTGTGGTstim","LHb3","LHb_1_3","LHb_C"
"CGGACTGTCATCATTCstim","LHb3","LHb_1_3","LHb_C"
"CGGAGCTTCGTGGACCstim","LHb1","LHb_1_1","LHb_C"
"CGGAGCTTCTGTACGAstim","LHb3","LHb_1_3","LHb_C"
"CGGAGTCCAGCTGTTAstim","LHb1","LHb_1_1","LHb_C"
"CGGCTAGCATGGGAACstim","LHb3","LHb_1_3","LHb_C"
"CGGTTAACAAAGAATCstim","LHb1","LHb_1_1","LHb_C"
"CGGTTAAGTCGCATCGstim","LHb1","LHb_1_1","LHb_C"
"CGTAGCGAGTAGGTGCstim","LHb1","LHb_1_1","LHb_C"
"CGTAGCGCAAACGCGAstim","LHb3","LHb_1_3","LHb_C"
"CGTAGCGCACTCGACGstim","LHb1","LHb_1_1","LHb_C"
"CGTCACTTCATAACCGstim","LHb3","LHb_1_3","LHb_C"
"CGTCAGGTCCGATATGstim","LHb1","LHb_1_1","LHb_C"
"CGTCCATTCGGAAATAstim","LHb1","LHb_1_1","LHb_C"
"CGTGAGCAGCACACAGstim","LHb3","LHb_1_3","LHb_C"
"CGTGAGCGTAACGACGstim","LHb3","LHb_1_3","LHb_C"
"CGTTAGAAGCTACCTAstim","LHb3","LHb_1_3","LHb_C"
"CGTTAGACACCAGTTAstim","LHb3","LHb_1_3","LHb_C"
"CGTTCTGAGAATGTGTstim","LHb1","LHb_1_1","LHb_C"
"CTAACTTAGCAGACTGstim","LHb1","LHb_1_1","LHb_C"
"CTAACTTCACACCGACstim","LHb3","LHb_1_3","LHb_C"
"CTAAGACCAAGCCGCTstim","LHb3","LHb_1_3","LHb_C"
"CTACGTCAGAAACGCCstim","LHb1","LHb_1_1","LHb_C"
"CTACGTCCAGGGTTAGstim","LHb3","LHb_1_3","LHb_C"
"CTAGAGTGTTAAAGTGstim","LHb1","LHb_1_1","LHb_C"
"CTAGTGAGTAGGCATGstim","LHb1","LHb_1_1","LHb_C"
"CTCACACCAATGGAATstim","LHb1","LHb_1_1","LHb_C"
"CTCAGAATCGAACGGAstim","LHb1","LHb_1_1","LHb_C"
"CTCATTAAGAGCCCAAstim","LHb1","LHb_1_1","LHb_C"
"CTCCTAGCACAGTCGCstim","LHb1","LHb_1_1","LHb_C"
"CTCCTAGTCCTCCTAGstim","LHb1","LHb_1_1","LHb_C"
"CTCGAGGGTCGGCATCstim","LHb3","LHb_1_3","LHb_C"
"CTCGGAGCACCACCAGstim","LHb3","LHb_1_3","LHb_C"
"CTCGGAGCAGCGAACAstim","LHb3","LHb_1_3","LHb_C"
"CTCGTACAGCCCAGCTstim","LHb6","LHb_1_5","LHb_A"
"CTCTAATGTGCACCACstim","LHb3","LHb_1_3","LHb_C"
"CTGAAGTAGACTTTCGstim","LHb3","LHb_1_3","LHb_C"
"CTGAAGTCACTAAGTCstim","LHb3","LHb_1_3","LHb_C"
"CTGATAGAGCCGGTAAstim","LHb3","LHb_1_3","LHb_C"
"CTGATAGCAGTATGCTstim","LHb3","LHb_1_3","LHb_C"
"CTGCCTAGTTATCACGstim","LHb3","LHb_1_3","LHb_C"
"CTGGTCTAGTGTTGAAstim","LHb3","LHb_1_3","LHb_C"
"CTGGTCTCACCATCCTstim","LHb3","LHb_1_3","LHb_C"
"CTGGTCTTCAATAAGGstim","LHb5","LHb_2","LHb_A"
"CTGTTTACATAACCTGstim","LHb3","LHb_1_3","LHb_C"
"CTTAACTGTAAGGGAAstim","LHb1","LHb_1_1","LHb_C"
"CTTAACTGTACTCTCCstim","LHb3","LHb_1_3","LHb_C"
"CTTACCGTCGGCGCTAstim","LHb3","LHb_1_3","LHb_C"
"CTTAGGAAGGCAGTCAstim","LHb3","LHb_1_3","LHb_C"
"CTTCTCTAGTGTCCCGstim","LHb3","LHb_1_3","LHb_C"
"CTTCTCTCATAGACTCstim","LHb3","LHb_1_3","LHb_C"
"CTTGGCTTCAGCTTAGstim","LHb3","LHb_1_3","LHb_C"
"CTTGGCTTCATAGCACstim","LHb1","LHb_1_1","LHb_C"
"CTTTGCGGTCCGAATTstim","LHb1","LHb_1_1","LHb_C"
"GAAATGATCTCGTATTstim","LHb3","LHb_1_3","LHb_C"
"GAACATCAGTGTCCATstim","LHb1","LHb_1_1","LHb_C"
"GAACATCCATCGTCGGstim","LHb3","LHb_1_3","LHb_C"
"GAACATCGTTTCCACCstim","LHb3","LHb_1_3","LHb_C"
"GAACATCTCTACCTGCstim","LHb1","LHb_1_1","LHb_C"
"GAACCTATCCGCAAGCstim","LHb3","LHb_1_3","LHb_C"
"GAATAAGAGGCATTGGstim","LHb3","LHb_1_3","LHb_C"
"GACACGCGTACCGCTGstim","LHb1","LHb_1_1","LHb_C"
"GACAGAGGTCGACTATstim","LHb3","LHb_1_3","LHb_C"
"GACGGCTCATCGGTTAstim","LHb3","LHb_1_3","LHb_C"
"GACGTTACAACACGCCstim","LHb1","LHb_1_1","LHb_C"
"GAGCAGAAGAGGACGGstim","LHb3","LHb_1_3","LHb_C"
"GAGCAGACAAAGGAAGstim","LHb1","LHb_1_1","LHb_C"
"GAGGTGAGTTGGACCCstim","LHb3","LHb_1_3","LHb_C"
"GATCAGTCACACCGACstim","LHb1","LHb_1_1","LHb_C"
"GATCGATGTGAAGGCTstim","LHb3","LHb_1_3","LHb_C"
"GATCGATGTTTACTCTstim","LHb1","LHb_1_1","LHb_C"
"GATCGCGCATGCCTTCstim","LHb3","LHb_1_3","LHb_C"
"GATCTAGGTGACAAATstim","LHb1","LHb_1_1","LHb_C"
"GATGCTAGTTGTGGAGstim","LHb3","LHb_1_3","LHb_C"
"GCAATCAGTCGAACAGstim","LHb1","LHb_1_1","LHb_C"
"GCAATCAGTTCAGTACstim","LHb1","LHb_1_1","LHb_C"
"GCACATACACCCATTCstim","LHb1","LHb_1_1","LHb_C"
"GCACTCTCACTTAAGCstim","LHb1","LHb_1_1","LHb_C"
"GCAGCCATCTACTATCstim","LHb1","LHb_1_1","LHb_C"
"GCAGTTATCCTCAATTstim","LHb1","LHb_1_1","LHb_C"
"GCATACAGTGACTCATstim","LHb3","LHb_1_3","LHb_C"
"GCATACATCCTAAGTGstim","LHb3","LHb_1_3","LHb_C"
"GCATGTAAGTTTAGGAstim","LHb1","LHb_1_1","LHb_C"
"GCATGTATCAACACACstim","LHb1","LHb_1_1","LHb_C"
"GCCAAATCAACGATGGstim","LHb3","LHb_1_3","LHb_C"
"GCCAAATCAGATGAGCstim","LHb3","LHb_1_3","LHb_C"
"GCCAAATTCCTCGCATstim","LHb1","LHb_1_1","LHb_C"
"GCCTCTACACTCGACGstim","LHb3","LHb_1_3","LHb_C"
"GCCTCTATCTTCCTTCstim","LHb1","LHb_1_1","LHb_C"
"GCGACCAGTAAATGACstim","LHb1","LHb_1_1","LHb_C"
"GCGCAACCAGCGTAAGstim","LHb1","LHb_1_1","LHb_C"
"GCGCAACCATATGAGAstim","LHb3","LHb_1_3","LHb_C"
"GCGGGTTCATGTCCTCstim","LHb1","LHb_1_1","LHb_C"
"GCGGGTTGTCAGCTATstim","LHb1","LHb_1_1","LHb_C"
"GCTGCAGAGATGTGTAstim","LHb1","LHb_1_1","LHb_C"
"GCTTGAATCATCTGTTstim","LHb3","LHb_1_3","LHb_C"
"GGAAAGCTCAGCGATTstim","LHb3","LHb_1_3","LHb_C"
"GGAATAACATTTGCTTstim","LHb1","LHb_1_1","LHb_C"
"GGACAAGAGAGTCTGGstim","LHb1","LHb_1_1","LHb_C"
"GGACAAGTCAAGAAGTstim","LHb3","LHb_1_3","LHb_C"
"GGACAGAAGGACTGGTstim","LHb1","LHb_1_1","LHb_C"
"GGACATTAGATCGATAstim","LHb1","LHb_1_1","LHb_C"
"GGACGTCGTAAAGTCAstim","LHb3","LHb_1_3","LHb_C"
"GGAGCAATCTGCCAGGstim","LHb1","LHb_1_1","LHb_C"
"GGATGTTTCTGATTCTstim","LHb6","LHb_1_5","LHb_A"
"GGATTACAGAGACTATstim","LHb1","LHb_1_1","LHb_C"
"GGATTACTCCAAGTACstim","LHb3","LHb_1_3","LHb_C"
"GGCCGATAGCAGGTCAstim","LHb1","LHb_1_1","LHb_C"
"GGCCGATGTTCGTGATstim","LHb5","LHb_2","LHb_A"
"GGCCGATTCAAGAAGTstim","LHb1","LHb_1_1","LHb_C"
"GGCCGATTCGGACAAGstim","LHb4","LHb_1_4","LHb_B"
"GGCGTGTCACGAAACGstim","LHb3","LHb_1_3","LHb_C"
"GGCGTGTGTTCGTCTCstim","LHb3","LHb_1_3","LHb_C"
"GGCTCGACAAGCCATTstim","LHb3","LHb_1_3","LHb_C"
"GGCTCGATCCGAATGTstim","LHb3","LHb_1_3","LHb_C"
"GGCTGGTCATGCAATCstim","LHb3","LHb_1_3","LHb_C"
"GGGAGATAGGGTGTGTstim","LHb3","LHb_1_3","LHb_C"
"GGGATGAGTGATAAACstim","LHb3","LHb_1_3","LHb_C"
"GGGCATCAGCGTGTCCstim","LHb1","LHb_1_1","LHb_C"
"GGGTCTGAGGGAAACAstim","LHb1","LHb_1_1","LHb_C"
"GGGTTGCTCGAGAGCAstim","LHb3","LHb_1_3","LHb_C"
"GGTGCGTTCCTAGGGCstim","LHb1","LHb_1_1","LHb_C"
"GGTGCGTTCGTACCGGstim","LHb1","LHb_1_1","LHb_C"
"GGTGTTATCCTGCAGGstim","LHb1","LHb_1_1","LHb_C"
"GTAACGTAGCCACGTCstim","LHb1","LHb_1_1","LHb_C"
"GTAACGTGTCTCTTTAstim","LHb3","LHb_1_3","LHb_C"
"GTAACTGGTAGTGAATstim","LHb1","LHb_1_1","LHb_C"
"GTACTCCCAACAACCTstim","LHb1","LHb_1_1","LHb_C"
"GTACTCCTCATTGCCCstim","LHb1","LHb_1_1","LHb_C"
"GTAGGCCCAAGGGTCAstim","LHb1","LHb_1_1","LHb_C"
"GTATTCTTCATTATCCstim","LHb3","LHb_1_3","LHb_C"
"GTCAAGTAGCGCTCCAstim","LHb3","LHb_1_3","LHb_C"
"GTCAAGTTCTGGGCCAstim","LHb3","LHb_1_3","LHb_C"
"GTCACGGGTCTGGTCGstim","LHb3","LHb_1_3","LHb_C"
"GTCACGGTCGGATGTTstim","LHb3","LHb_1_3","LHb_C"
"GTCATTTGTAGTGAATstim","LHb3","LHb_1_3","LHb_C"
"GTGAAGGAGCGTCAAGstim","LHb1","LHb_1_1","LHb_C"
"GTGAAGGCAGCGAACAstim","LHb1","LHb_1_1","LHb_C"
"GTGAAGGGTCTCTCTGstim","LHb1","LHb_1_1","LHb_C"
"GTGCAGCCATCATCCCstim","LHb1","LHb_1_1","LHb_C"
"GTGCATAGTGTGGCTCstim","LHb3","LHb_1_3","LHb_C"
"GTGCGGTTCCCTCAGTstim","LHb3","LHb_1_3","LHb_C"
"GTGTGCGAGGATGCGTstim","LHb1","LHb_1_1","LHb_C"
"GTGTGCGCAATAACGAstim","LHb3","LHb_1_3","LHb_C"
"GTGTGCGTCCACTGGGstim","LHb6","LHb_1_5","LHb_A"
"GTGTTAGAGCTCTCGGstim","LHb3","LHb_1_3","LHb_C"
"GTTAAGCGTAAGAGAGstim","LHb3","LHb_1_3","LHb_C"
"GTTAAGCTCGTTTAGGstim","LHb3","LHb_1_3","LHb_C"
"GTTACAGAGCTAGGCAstim","LHb1","LHb_1_1","LHb_C"
"GTTCATTTCAGAGACGstim","LHb1","LHb_1_1","LHb_C"
"GTTCATTTCGGTGTTAstim","LHb3","LHb_1_3","LHb_C"
"GTTCGGGCACGCATCGstim","LHb3","LHb_1_3","LHb_C"
"GTTCTCGCAGCCTTGGstim","LHb1","LHb_1_1","LHb_C"
"GTTCTCGGTCTAACGTstim","LHb1","LHb_1_1","LHb_C"
"GTTTCTAAGATAGGAGstim","LHb1","LHb_1_1","LHb_C"
"GTTTCTAAGGGTCGATstim","LHb3","LHb_1_3","LHb_C"
"TAAGAGATCACCATAGstim","LHb1","LHb_1_1","LHb_C"
"TAAGCGTTCAAAGACAstim","LHb3","LHb_1_3","LHb_C"
"TAAGCGTTCCACTGGGstim","LHb1","LHb_1_1","LHb_C"
"TAAGTGCGTGAACCTTstim","LHb3","LHb_1_3","LHb_C"
"TAAGTGCGTTATCACGstim","LHb1","LHb_1_1","LHb_C"
"TAAGTGCTCGTAGGTTstim","LHb3","LHb_1_3","LHb_C"
"TACAGTGGTATAGTAGstim","LHb1","LHb_1_1","LHb_C"
"TACAGTGTCAGTTCGAstim","LHb3","LHb_1_3","LHb_C"
"TACCTTATCAAACCGTstim","LHb3","LHb_1_3","LHb_C"
"TACTCATCAATAGCGGstim","LHb1","LHb_1_1","LHb_C"
"TACTCGCGTACGAAATstim","LHb3","LHb_1_3","LHb_C"
"TACTTACTCCCGGATGstim","LHb1","LHb_1_1","LHb_C"
"TAGACCATCAGAGACGstim","LHb3","LHb_1_3","LHb_C"
"TAGAGCTAGTTGTCGTstim","LHb3","LHb_1_3","LHb_C"
"TAGAGCTCAGTTCATGstim","LHb3","LHb_1_3","LHb_C"
"TAGAGCTTCACTCCTGstim","LHb3","LHb_1_3","LHb_C"
"TAGGCATAGCTCTCGGstim","LHb1","LHb_1_1","LHb_C"
"TAGGCATCAAGCTGGAstim","LHb3","LHb_1_3","LHb_C"
"TAGTTGGTCCAGGGCTstim","LHb1","LHb_1_1","LHb_C"
"TAGTTGGTCCCAACGGstim","LHb3","LHb_1_3","LHb_C"
"TATCAGGAGCGTGAACstim","LHb3","LHb_1_3","LHb_C"
"TATCAGGTCTATGTGGstim","LHb3","LHb_1_3","LHb_C"
"TATCTCAAGTGGTAGCstim","LHb6","LHb_1_5","LHb_A"
"TATCTCACAATGCCATstim","LHb3","LHb_1_3","LHb_C"
"TATCTCACAGGATCGAstim","LHb3","LHb_1_3","LHb_C"
"TATGCCCAGCTACCTAstim","LHb1","LHb_1_1","LHb_C"
"TATTACCAGATACACAstim","LHb3","LHb_1_3","LHb_C"
"TCAACGACAATCTGCAstim","LHb3","LHb_1_3","LHb_C"
"TCAACGACATTATCTCstim","LHb1","LHb_1_1","LHb_C"
"TCACAAGAGGAGTTTAstim","Neuron","Neuron","Neuron"
"TCACGAATCCTGTACCstim","LHb3","LHb_1_3","LHb_C"
"TCAGATGCAGCTGGCTstim","LHb3","LHb_1_3","LHb_C"
"TCAGATGGTGGTTTCAstim","LHb1","LHb_1_1","LHb_C"
"TCAGCAAAGTAGGCCAstim","LHb4","LHb_1_4","LHb_B"
"TCAGCAAGTCGGATCCstim","LHb3","LHb_1_3","LHb_C"
"TCAGCAAGTTGGGACAstim","LHb3","LHb_1_3","LHb_C"
"TCAGCTCCAATACGCTstim","LHb1","LHb_1_1","LHb_C"
"TCGAGGCGTAGTGAATstim","LHb5","LHb_2","LHb_A"
"TCGGGACCAATCAGAAstim","LHb1","LHb_1_1","LHb_C"
"TCGGGACCATACTCTTstim","LHb3","LHb_1_3","LHb_C"
"TCGGTAACATGTAAGAstim","LHb1","LHb_1_1","LHb_C"
"TCGGTAATCTAACTGGstim","LHb3","LHb_1_3","LHb_C"
"TCGTAGAGTACCGCTGstim","LHb1","LHb_1_1","LHb_C"
"TCTATTGAGGATGGAAstim","LHb1","LHb_1_1","LHb_C"
"TCTCATAAGGATGGTCstim","LHb1","LHb_1_1","LHb_C"
"TCTCATAAGGTAAACTstim","LHb1","LHb_1_1","LHb_C"
"TCTCATATCTCTAGGAstim","LHb3","LHb_1_3","LHb_C"
"TCTTTCCTCACCGTAAstim","LHb3","LHb_1_3","LHb_C"
"TGAAAGACAAGCGTAGstim","LHb1","LHb_1_1","LHb_C"
"TGAAAGACAGGACGTAstim","LHb1","LHb_1_1","LHb_C"
"TGACAACGTATAATGGstim","LHb3","LHb_1_3","LHb_C"
"TGACGGCTCTTGCCGTstim","LHb1","LHb_1_1","LHb_C"
"TGACTAGGTCAGAATAstim","Neuron","Neuron","Neuron"
"TGACTTTGTTAAGAACstim","LHb1","LHb_1_1","LHb_C"
"TGAGAGGCAACGATGGstim","LHb1","LHb_1_1","LHb_C"
"TGAGAGGGTATATCCGstim","LHb3","LHb_1_3","LHb_C"
"TGAGAGGTCCGTTGCTstim","LHb3","LHb_1_3","LHb_C"
"TGAGCATGTCGGATCCstim","LHb1","LHb_1_1","LHb_C"
"TGAGCCGAGCTGCGAAstim","LHb3","LHb_1_3","LHb_C"
"TGAGCCGCAAGGCTCCstim","LHb1","LHb_1_1","LHb_C"
"TGATTTCCAAATTGCCstim","LHb3","LHb_1_3","LHb_C"
"TGATTTCTCATTCACTstim","LHb3","LHb_1_3","LHb_C"
"TGCACCTAGTAGATGTstim","LHb3","LHb_1_3","LHb_C"
"TGCCAAAGTTGCGTTAstim","LHb3","LHb_1_3","LHb_C"
"TGCCCATCACCATGTAstim","LHb3","LHb_1_3","LHb_C"
"TGCCCTAAGGCCATAGstim","LHb3","LHb_1_3","LHb_C"
"TGCCCTACAGTAGAGCstim","LHb1","LHb_1_1","LHb_C"
"TGCGCAGCACGAAGCAstim","LHb3","LHb_1_3","LHb_C"
"TGCGGGTAGCTATGCTstim","LHb1","LHb_1_1","LHb_C"
"TGCGGGTTCAGGCCCAstim","LHb1","LHb_1_1","LHb_C"
"TGCGTGGGTCGGCATCstim","LHb1","LHb_1_1","LHb_C"
"TGCTGCTTCGGTTAACstim","LHb1","LHb_1_1","LHb_C"
"TGGACGCCATGCATGTstim","LHb3","LHb_1_3","LHb_C"
"TGGCGCAAGCAATATGstim","LHb1","LHb_1_1","LHb_C"
"TGGCGCACATGTCTCCstim","LHb1","LHb_1_1","LHb_C"
"TGGCTGGCACCGTTGGstim","LHb3","LHb_1_3","LHb_C"
"TGGCTGGGTTCCAACAstim","LHb1","LHb_1_1","LHb_C"
"TGGGCGTCAGACGCAAstim","LHb3","LHb_1_3","LHb_C"
"TGGGCGTCATCTGGTAstim","LHb6","LHb_1_5","LHb_A"
"TGGGCGTGTCCTCTTGstim","LHb3","LHb_1_3","LHb_C"
"TGGTTAGAGATATGGTstim","LHb1","LHb_1_1","LHb_C"
"TGGTTAGTCTCAAGTGstim","LHb1","LHb_1_1","LHb_C"
"TGTATTCAGGCTCTTAstim","LHb3","LHb_1_3","LHb_C"
"TGTATTCTCCGAATGTstim","LHb3","LHb_1_3","LHb_C"
"TGTATTCTCCGTTGCTstim","LHb1","LHb_1_1","LHb_C"
"TGTGTTTGTAGCGCTCstim","LHb1","LHb_1_1","LHb_C"
"TTAACTCAGAGGGCTTstim","LHb3","LHb_1_3","LHb_C"
"TTAACTCGTCTGGTCGstim","LHb1","LHb_1_1","LHb_C"
"TTAGGACGTCCGACGTstim","LHb1","LHb_1_1","LHb_C"
"TTATGCTAGAGACTTAstim","LHb1","LHb_1_1","LHb_C"
"TTATGCTGTAGAAGGAstim","LHb1","LHb_1_1","LHb_C"
"TTATGCTTCTCTAGGAstim","LHb1","LHb_1_1","LHb_C"
"TTCGAAGAGTCATGCTstim","LHb3","LHb_1_3","LHb_C"
"TTCGAAGTCTATCGCCstim","LHb1","LHb_1_1","LHb_C"
"TTCTCAAAGCTACCGCstim","LHb1","LHb_1_1","LHb_C"
"TTCTCCTCACAGACAGstim","LHb3","LHb_1_3","LHb_C"
"TTCTCCTGTACCATCAstim","LHb3","LHb_1_3","LHb_C"
"TTGAACGTCTTGCATTstim","LHb1","LHb_1_1","LHb_C"
"TTGACTTGTCTAACGTstim","LHb3","LHb_1_3","LHb_C"
"TTGACTTTCTTCCTTCstim","LHb3","LHb_1_3","LHb_C"
"TTGCGTCGTCACCTAAstim","LHb3","LHb_1_3","LHb_C"
"TTGGAACTCAGGCCCAstim","LHb3","LHb_1_3","LHb_C"
"TTTCCTCCAGTAACGGstim","LHb1","LHb_1_1","LHb_C"
"TTTGCGCTCCGATATGstim","LHb1","LHb_1_1","LHb_C"
"TTTGGTTGTCACTGGCstim","LHb3","LHb_1_3","LHb_C"
"TTTGTCAAGGGTGTTGstim","LHb3","LHb_1_3","LHb_C"
"TTTGTCACAAGCGTAGstim","LHb1","LHb_1_1","LHb_C"
"AAACGGGTCCCAGGTGstim","Neuron","Neuron","Neuron"
"AAAGCAAAGACAAGCCstim","LHb5","LHb_2","LHb_A"
"AACACGTAGTATGACAstim","Neuron","LHb_2","LHb_A"
"AACGTTGGTCCCTACTstim","LHb6","LHb_1_5","LHb_A"
"AACTCAGTCTCTTATGstim","LHb6","LHb_1_5","LHb_A"
"AACTCTTTCTGTCAAGstim","LHb6","LHb_1_5","LHb_A"
"AAGACCTTCTTATCTGstim","LHb6","LHb_1_5","LHb_A"
"AAGCCGCGTAATTGGAstim","LHb5","LHb_2","LHb_A"
"AAGCCGCGTCTAGCGCstim","LHb6","LHb_1_5","LHb_A"
"AAGGAGCGTTAGAACAstim","LHb5","LHb_2","LHb_A"
"AAGTCTGAGGGTCTCCstim","LHb4","LHb_1_4","LHb_B"
"AAGTCTGGTTTCGCTCstim","LHb4","LHb_1_4","LHb_B"
"AAGTCTGTCGCAAACTstim","LHb6","LHb_1_5","LHb_A"
"ACACCGGTCCGGGTGTstim","LHb6","LHb_1_5","LHb_A"
"ACACCGGTCGTTTAGGstim","LHb1","LHb_1_1","LHb_C"
"ACAGCCGCATTTGCCCstim","LHb5","LHb_2","LHb_A"
"ACATACGCACCAGTTAstim","LHb6","LHb_1_5","LHb_A"
"ACATCAGTCGTGGACCstim","LHb6","LHb_1_5","LHb_A"
"ACATGGTGTTGTCGCGstim","LHb6","LHb_1_5","LHb_A"
"ACATGGTTCCAAACACstim","LHb4","LHb_1_4","LHb_B"
"ACATGGTTCGGCGCTAstim","LHb4","LHb_1_4","LHb_B"
"ACCCACTTCGTAGGAGstim","LHb5","LHb_2","LHb_A"
"ACCGTAATCGCGATCGstim","LHb4","LHb_1_4","LHb_B"
"ACCTTTACATCTACGAstim","LHb6","LHb_1_5","LHb_A"
"ACCTTTAGTACTTGACstim","Neuron","Neuron","Neuron"
"ACGAGGACAAGCCATTstim","LHb5","LHb_2","LHb_A"
"ACGATACAGACTGTAAstim","LHb4","LHb_1_4","LHb_B"
"ACGATACGTGCCTGGTstim","LHb6","LHb_1_5","LHb_A"
"ACGATGTCATCACAACstim","LHb6","LHb_1_5","LHb_A"
"ACGCCAGAGAACTGTAstim","LHb4","LHb_1_4","LHb_B"
"ACGGAGAGTACTCTCCstim","LHb6","LHb_1_5","LHb_A"
"ACGGGCTCAATGGTCTstim","LHb4","LHb_1_4","LHb_B"
"ACTGAACTCAAACGGGstim","LHb6","LHb_1_5","LHb_A"
"ACTGATGTCGTCTGCTstim","LHb4","LHb_1_4","LHb_B"
"ACTGCTCTCGCAGGCTstim","LHb5","LHb_2","LHb_A"
"ACTTACTGTGCAACTTstim","LHb1","LHb_1_1","LHb_C"
"AGAGTGGGTATATGAGstim","LHb1","LHb_1_1","LHb_C"
"AGAGTGGTCTGGTTCCstim","LHb6","LHb_1_5","LHb_A"
"AGATTGCAGAGCCCAAstim","LHb6","LHb_1_5","LHb_A"
"AGCCTAATCTCGGACGstim","LHb5","LHb_2","LHb_A"
"AGCGTCGAGTGGGTTGstim","LHb6","LHb_1_5","LHb_A"
"AGCTCCTAGACTGGGTstim","LHb6","LHb_1_5","LHb_A"
"AGCTCCTCACGCGAAAstim","LHb4","LHb_1_4","LHb_B"
"AGCTCCTGTTCCGTCTstim","LHb1","LHb_1_1","LHb_C"
"AGGGAGTGTATAGTAGstim","LHb5","LHb_2","LHb_A"
"AGTAGTCAGGTGATATstim","LHb6","LHb_1_5","LHb_A"
"AGTAGTCGTTAGATGAstim","LHb4","LHb_1_4","LHb_B"
"AGTCTTTTCAGTTTGGstim","LHb5","LHb_2","LHb_A"
"AGTGAGGGTAGCTAAAstim","LHb5","LHb_2","LHb_A"
"AGTGAGGGTCTAGGTTstim","LHb6","LHb_1_5","LHb_A"
"AGTGTCAGTGTAATGAstim","LHb6","LHb_1_5","LHb_A"
"AGTGTCATCGCAAGCCstim","LHb4","LHb_1_4","LHb_B"
"AGTTGGTCATCAGTACstim","LHb5","LHb_2","LHb_A"
"ATAACGCCAAGGTTTCstim","MHb5","MHb_subP","MHb_A"
"ATAAGAGAGCTTATCGstim","LHb6","LHb_1_5","LHb_A"
"ATCACGACACAGGAGTstim","LHb6","LHb_1_5","LHb_A"
"ATCATGGCAAGGCTCCstim","LHb5","LHb_2","LHb_A"
"ATCATGGGTGTGCCTGstim","LHb6","LHb_1_5","LHb_A"
"ATCCACCGTGCTGTATstim","LHb5","LHb_2","LHb_A"
"ATCGAGTCAAGGACTGstim","LHb4","LHb_1_4","LHb_B"
"ATCGAGTCAGGAATCGstim","LHb5","LHb_2","LHb_A"
"ATCGAGTCAGTTAACCstim","LHb4","LHb_1_4","LHb_B"
"ATCGAGTTCCACGCAGstim","LHb6","LHb_1_5","LHb_A"
"ATCTACTCATCACAACstim","LHb5","LHb_2","LHb_A"
"ATCTACTGTCCGACGTstim","LHb5","LHb_2","LHb_A"
"ATGAGGGGTCAGCTATstim","LHb6","LHb_1_5","LHb_A"
"ATGCGATGTATCACCAstim","LHb6","LHb_1_5","LHb_A"
"ATGCGATTCGATGAGGstim","LHb5","LHb_2","LHb_A"
"ATTCTACGTAAGTTCCstim","LHb5","LHb_2","LHb_A"
"ATTCTACGTAGCAAATstim","LHb6","LHb_1_5","LHb_A"
"ATTCTACTCAGCTCGGstim","LHb5","LHb_2","LHb_A"
"ATTGGTGGTTCCGTCTstim","LHb4","LHb_1_4","LHb_B"
"CAACCAATCAAGGCTTstim","LHb5","LHb_2","LHb_A"
"CAACCAATCCTGCCATstim","LHb5","LHb_2","LHb_A"
"CAACCTCAGACACGACstim","LHb6","LHb_1_5","LHb_A"
"CAACCTCGTTGTTTGGstim","LHb4","LHb_1_4","LHb_B"
"CAAGAAATCCGTTGTCstim","LHb6","LHb_1_5","LHb_A"
"CAAGATCCAGGTCCACstim","LHb4","LHb_1_4","LHb_B"
"CAAGGCCTCTTGTACTstim","LHb1","LHb_1_1","LHb_C"
"CACAAACCATGCTGGCstim","LHb6","LHb_1_5","LHb_A"
"CACACAAAGCCCAACCstim","LHb4","LHb_1_4","LHb_B"
"CACACAATCGGAGGTAstim","LHb5","LHb_2","LHb_A"
"CACAGGCAGCTTATCGstim","LHb5","LHb_2","LHb_A"
"CACATAGCACATCCAAstim","LHb5","LHb_2","LHb_A"
"CACATAGCACCTCGGAstim","LHb6","LHb_1_5","LHb_A"
"CACCTTGTCCACGACGstim","LHb4","LHb_1_4","LHb_B"
"CAGAATCCAAGCGAGTstim","LHb1","LHb_1_1","LHb_C"
"CAGATCAAGTACGCGAstim","LHb6","LHb_1_5","LHb_A"
"CAGATCAAGTCATGCTstim","LHb6","LHb_1_5","LHb_A"
"CAGCGACTCGTCTGAAstim","LHb5","LHb_2","LHb_A"
"CAGCTAATCCAAACTGstim","LHb4","LHb_1_4","LHb_B"
"CAGCTAATCGTACCGGstim","LHb5","LHb_2","LHb_A"
"CAGCTGGAGACGACGTstim","LHb5","LHb_2","LHb_A"
"CAGCTGGAGAGTCGGTstim","LHb4","LHb_1_4","LHb_B"
"CAGTCCTCATGCGCACstim","LHb6","LHb_1_5","LHb_A"
"CATATGGGTGAACCTTstim","LHb5","LHb_2","LHb_A"
"CATATGGTCATAAAGGstim","LHb5","LHb_2","LHb_A"
"CATATTCTCTTGCATTstim","LHb6","LHb_1_5","LHb_A"
"CATCAAGCAAGGCTCCstim","LHb5","LHb_2","LHb_A"
"CATCAGAAGGATGCGTstim","LHb5","LHb_2","LHb_A"
"CATCCACAGTGACATAstim","LHb5","LHb_2","LHb_A"
"CATCGGGCAGGACCCTstim","LHb6","LHb_1_5","LHb_A"
"CATTATCAGTACCGGAstim","LHb4","LHb_1_4","LHb_B"
"CCAATCCTCTAAGCCAstim","LHb6","LHb_1_5","LHb_A"
"CCACCTAGTAGCCTATstim","LHb4","LHb_1_4","LHb_B"
"CCACCTATCTTCGGTCstim","LHb5","LHb_2","LHb_A"
"CCACGGAAGCGATAGCstim","LHb5","LHb_2","LHb_A"
"CCACGGACAATCCAACstim","LHb6","LHb_1_5","LHb_A"
"CCACTACCAGGGTATGstim","LHb6","LHb_1_5","LHb_A"
"CCAGCGACAAATCCGTstim","LHb6","LHb_1_5","LHb_A"
"CCAGCGACATTAGGCTstim","LHb5","LHb_2","LHb_A"
"CCATTCGCAAACGTGGstim","LHb6","LHb_1_5","LHb_A"
"CCGTACTGTGCTCTTCstim","LHb6","LHb_1_5","LHb_A"
"CCGTACTGTTTGACTGstim","LHb3","LHb_1_3","LHb_C"
"CCGTGGACAGCCTGTGstim","LHb1","LHb_1_1","LHb_C"
"CCGTGGATCGGCTACGstim","LHb6","LHb_1_5","LHb_A"
"CCGTTCAAGCCTTGATstim","LHb1","LHb_1_1","LHb_C"
"CCTAAAGCAAGAGGCTstim","LHb1","LHb_1_1","LHb_C"
"CCTAAAGTCTATCGCCstim","LHb4","LHb_1_4","LHb_B"
"CCTACACTCAGATAAGstim","LHb6","LHb_1_5","LHb_A"
"CCTAGCTGTGCCTGTGstim","LHb6","LHb_1_5","LHb_A"
"CCTATTATCTCGCTTGstim","LHb5","LHb_2","LHb_A"
"CCTCTGAAGTAGATGTstim","LHb5","LHb_2","LHb_A"
"CCTTCGAAGGGCATGTstim","LHb4","LHb_1_4","LHb_B"
"CCTTTCTAGGAGTACCstim","LHb4","LHb_1_4","LHb_B"
"CGAACATCACATGGGAstim","LHb4","LHb_1_4","LHb_B"
"CGAACATGTACATCCAstim","LHb6","LHb_1_5","LHb_A"
"CGAATGTTCACCAGGCstim","LHb6","LHb_1_5","LHb_A"
"CGACTTCTCACCGTAAstim","LHb6","LHb_1_5","LHb_A"
"CGAGCACTCCGGCACAstim","LHb6","LHb_1_5","LHb_A"
"CGAGCCAGTCTTCAAGstim","LHb6","LHb_1_5","LHb_A"
"CGATCGGCACTCGACGstim","LHb4","LHb_1_4","LHb_B"
"CGATGTATCACCACCTstim","LHb5","LHb_2","LHb_A"
"CGATTGAAGTCAAGCGstim","LHb5","LHb_2","LHb_A"
"CGCCAAGTCGCCAAATstim","LHb6","LHb_1_5","LHb_A"
"CGCGTTTAGAGTGAGAstim","LHb5","LHb_2","LHb_A"
"CGCGTTTAGGTGATTAstim","LHb6","LHb_1_5","LHb_A"
"CGCTGGACATCGGAAGstim","LHb6","LHb_1_5","LHb_A"
"CGCTGGATCCTAAGTGstim","LHb6","LHb_1_5","LHb_A"
"CGGACACGTTCAGACTstim","LHb6","LHb_1_5","LHb_A"
"CGGACGTCAATCCGATstim","LHb6","LHb_1_5","LHb_A"
"CGGACGTCAGGGCATAstim","LHb6","LHb_1_5","LHb_A"
"CGGAGCTTCCTCAACCstim","LHb4","LHb_1_4","LHb_B"
"CGGAGTCCACGGCTACstim","LHb6","LHb_1_5","LHb_A"
"CGGCTAGCATCAGTCAstim","LHb5","LHb_2","LHb_A"
"CGGCTAGTCCTTTCTCstim","LHb6","LHb_1_5","LHb_A"
"CGGGTCAGTACATCCAstim","LHb6","LHb_1_5","LHb_A"
"CGGTTAAGTCGCTTCTstim","LHb6","LHb_1_5","LHb_A"
"CGTAGCGTCTGAAAGAstim","LHb6","LHb_1_5","LHb_A"
"CGTAGGCCACCATCCTstim","LHb4","LHb_1_4","LHb_B"
"CGTAGGCGTAATAGCAstim","LHb6","LHb_1_5","LHb_A"
"CGTCACTGTGTGACGAstim","LHb6","LHb_1_5","LHb_A"
"CGTGAGCTCAAGGTAAstim","LHb6","LHb_1_5","LHb_A"
"CGTGTCTCATGCCTTCstim","LHb5","LHb_2","LHb_A"
"CGTTGGGCATTGGCGCstim","LHb5","LHb_2","LHb_A"
"CGTTGGGGTGTGAATAstim","LHb5","LHb_2","LHb_A"
"CGTTGGGGTTCACCTCstim","LHb5","LHb_2","LHb_A"
"CTAAGACCAGCTCGACstim","LHb4","LHb_1_4","LHb_B"
"CTAAGACTCCGCGGTAstim","LHb6","LHb_1_5","LHb_A"
"CTAAGACTCGGCGCTAstim","LHb6","LHb_1_5","LHb_A"
"CTACACCCATCCAACAstim","LHb6","LHb_1_5","LHb_A"
"CTACATTTCAAACAAGstim","LHb6","LHb_1_5","LHb_A"
"CTACATTTCTGCGGCAstim","LHb6","LHb_1_5","LHb_A"
"CTACGTCTCAATCTCTstim","LHb6","LHb_1_5","LHb_A"
"CTAGAGTCACAGCGTCstim","LHb5","LHb_2","LHb_A"
"CTAGCCTAGGGAACGGstim","LHb6","LHb_1_5","LHb_A"
"CTAGCCTAGTAACCCTstim","LHb5","LHb_2","LHb_A"
"CTAGTGAAGTGTGAATstim","Neuron","LHb_2","LHb_A"
"CTAGTGAGTCGGGTCTstim","LHb6","LHb_1_5","LHb_A"
"CTCAGAAAGTATCGAAstim","LHb5","LHb_2","LHb_A"
"CTCATTACAAAGAATCstim","LHb5","LHb_2","LHb_A"
"CTCCTAGCAAGTAGTAstim","LHb6","LHb_1_5","LHb_A"
"CTCGAAAGTCTCGTTCstim","LHb1","LHb_1_1","LHb_C"
"CTCGAGGTCAATCTCTstim","LHb6","LHb_1_5","LHb_A"
"CTCGGGAGTAGAGGAAstim","LHb6","LHb_1_5","LHb_A"
"CTCTACGGTGGTCTCGstim","LHb1","LHb_1_1","LHb_C"
"CTGAAACCAAACGCGAstim","LHb4","LHb_1_4","LHb_B"
"CTGAAACCAACTGGCCstim","LHb5","LHb_2","LHb_A"
"CTGATAGAGTGGTAGCstim","LHb1","LHb_1_1","LHb_C"
"CTGATCCCAAAGTCAAstim","LHb5","LHb_2","LHb_A"
"CTGATCCGTGACGCCTstim","LHb6","LHb_1_5","LHb_A"
"CTGTTTATCGCCAAATstim","LHb5","LHb_2","LHb_A"
"CTTAACTCAAGGCTCCstim","LHb5","LHb_2","LHb_A"
"CTTCTCTTCAGTGTTGstim","LHb6","LHb_1_5","LHb_A"
"CTTGGCTAGCTAGTTCstim","LHb5","LHb_2","LHb_A"
"CTTGGCTCAACTTGACstim","LHb4","LHb_1_4","LHb_B"
"CTTGGCTCAATGGACGstim","LHb6","LHb_1_5","LHb_A"
"CTTGGCTTCATGTGGTstim","LHb6","LHb_1_5","LHb_A"
"CTTTGCGAGAGGTTATstim","LHb5","LHb_2","LHb_A"
"CTTTGCGTCTAGCACAstim","LHb5","LHb_2","LHb_A"
"GAAACTCAGTACTTGCstim","LHb6","LHb_1_5","LHb_A"
"GAACATCCAAGCTGGAstim","LHb6","LHb_1_5","LHb_A"
"GAACATCCAATGGAATstim","LHb6","LHb_1_5","LHb_A"
"GAACCTACACATTTCTstim","LHb6","LHb_1_5","LHb_A"
"GAACCTACACTCTGTCstim","LHb4","LHb_1_4","LHb_B"
"GAAGCAGGTCATACTGstim","LHb5","LHb_2","LHb_A"
"GAATAAGGTACATGTCstim","LHb6","LHb_1_5","LHb_A"
"GAATGAAAGCCGCCTAstim","LHb6","LHb_1_5","LHb_A"
"GACAGAGAGGAGTTTAstim","LHb6","LHb_1_5","LHb_A"
"GACGGCTTCAACGAAAstim","LHb6","LHb_1_5","LHb_A"
"GACGTGCCACCGATATstim","LHb1","LHb_1_1","LHb_C"
"GACGTGCTCCTTTACAstim","LHb4","LHb_1_4","LHb_B"
"GACGTTACACGAGGTAstim","LHb6","LHb_1_5","LHb_A"
"GACGTTACATGCTAGTstim","LHb4","LHb_1_4","LHb_B"
"GACGTTAGTCCGCTGAstim","LHb6","LHb_1_5","LHb_A"
"GACTGCGGTATGCTTGstim","LHb6","LHb_1_5","LHb_A"
"GAGCAGAGTTGATTCGstim","LHb4","LHb_1_4","LHb_B"
"GAGGTGACAGCTCGCAstim","LHb5","LHb_2","LHb_A"
"GATCGATTCGACAGCCstim","LHb5","LHb_2","LHb_A"
"GATCGCGAGTGCGTGAstim","LHb6","LHb_1_5","LHb_A"
"GATCGCGGTCTCTCTGstim","LHb4","LHb_1_4","LHb_B"
"GATCTAGCAGGGAGAGstim","Neuron","LHb_2","LHb_A"
"GATCTAGGTCACTGGCstim","LHb4","LHb_1_4","LHb_B"
"GATCTAGTCTTCAACTstim","LHb6","LHb_1_5","LHb_A"
"GATGAGGCAGTGACAGstim","LHb4","LHb_1_4","LHb_B"
"GATGAGGTCCCTCAGTstim","LHb6","LHb_1_5","LHb_A"
"GATGAGGTCTCAAACGstim","LHb6","LHb_1_5","LHb_A"
"GATTCAGGTACTCTCCstim","LHb1","LHb_1_1","LHb_C"
"GCAATCACAGCTCGACstim","LHb4","LHb_1_4","LHb_B"
"GCACATAAGAGTACCGstim","LHb6","LHb_1_5","LHb_A"
"GCACTCTAGGAGCGAGstim","LHb5","LHb_2","LHb_A"
"GCACTCTAGGCTATCTstim","LHb5","LHb_2","LHb_A"
"GCACTCTCAGATGAGCstim","LHb6","LHb_1_5","LHb_A"
"GCACTCTCATAGTAAGstim","LHb6","LHb_1_5","LHb_A"
"GCAGCCAAGGATGGAAstim","LHb5","LHb_2","LHb_A"
"GCAGTTATCATTGCGAstim","LHb6","LHb_1_5","LHb_A"
"GCATGATTCCGTAGTAstim","LHb5","LHb_2","LHb_A"
"GCCTCTAAGTTCGCATstim","LHb5","LHb_2","LHb_A"
"GCCTCTATCCTAAGTGstim","LHb5","LHb_2","LHb_A"
"GCGAGAAAGCAGGTCAstim","LHb6","LHb_1_5","LHb_A"
"GCGAGAAAGGCAATTAstim","LHb4","LHb_1_4","LHb_B"
"GCGCGATCATACCATGstim","LHb5","LHb_2","LHb_A"
"GCTCCTATCCGCTGTTstim","LHb6","LHb_1_5","LHb_A"
"GCTCTGTAGTGATCGGstim","LHb1","LHb_1_1","LHb_C"
"GCTGCAGAGCTGATAAstim","LHb6","LHb_1_5","LHb_A"
"GCTGCAGAGTGGAGAAstim","LHb5","LHb_2","LHb_A"
"GCTGCGAGTTATCCGAstim","LHb4","LHb_1_4","LHb_B"
"GCTGGGTTCTGACCTCstim","LHb6","LHb_1_5","LHb_A"
"GCTTGAAGTTCGTCTCstim","LHb5","LHb_2","LHb_A"
"GGACAGATCATTGCCCstim","LHb6","LHb_1_5","LHb_A"
"GGACATTCAAACGCGAstim","LHb1","LHb_1_1","LHb_C"
"GGACATTCACATAACCstim","LHb5","LHb_2","LHb_A"
"GGACGTCCACGCGAAAstim","LHb6","LHb_1_5","LHb_A"
"GGATTACCAGATCTGTstim","LHb5","LHb_2","LHb_A"
"GGATTACCAGCATACTstim","LHb1","LHb_1_1","LHb_C"
"GGATTACTCGGAGGTAstim","LHb6","LHb_1_5","LHb_A"
"GGCGACTTCTGTTGAGstim","LHb5","LHb_2","LHb_A"
"GGCTCGAAGTCACGCCstim","LHb6","LHb_1_5","LHb_A"
"GGCTCGATCAGTACGTstim","LHb6","LHb_1_5","LHb_A"
"GGGAATGAGACTGGGTstim","LHb4","LHb_1_4","LHb_B"
"GGGAATGGTTCCGGCAstim","LHb5","LHb_2","LHb_A"
"GGGATGATCAGCCTAAstim","LHb6","LHb_1_5","LHb_A"
"GGGCACTAGTGTTTGCstim","LHb1","LHb_1_1","LHb_C"
"GGGCACTTCTGTCCGTstim","LHb6","LHb_1_5","LHb_A"
"GGGCATCAGTGGAGAAstim","LHb6","LHb_1_5","LHb_A"
"GGGTCTGTCTTGCCGTstim","LHb6","LHb_1_5","LHb_A"
"GGTGAAGCATACAGCTstim","LHb4","LHb_1_4","LHb_B"
"GTAACGTTCGGTGTCGstim","LHb6","LHb_1_5","LHb_A"
"GTAACTGGTAGGGACTstim","LHb5","LHb_2","LHb_A"
"GTACTCCCAGGGATTGstim","LHb6","LHb_1_5","LHb_A"
"GTACTCCGTAACGCGAstim","LHb4","LHb_1_4","LHb_B"
"GTACTTTTCCAGTATGstim","LHb6","LHb_1_5","LHb_A"
"GTAGTCACATCACGATstim","LHb6","LHb_1_5","LHb_A"
"GTATCTTTCGGAATCTstim","LHb4","LHb_1_4","LHb_B"
"GTCACAACAAGTTGTCstim","LHb6","LHb_1_5","LHb_A"
"GTCACAACACTATCTTstim","LHb4","LHb_1_4","LHb_B"
"GTCACAAGTAGAGCTGstim","LHb6","LHb_1_5","LHb_A"
"GTCATTTAGTGTGGCAstim","LHb6","LHb_1_5","LHb_A"
"GTCCTCATCAGGTAAAstim","LHb1","LHb_1_1","LHb_C"
"GTCGGGTTCGGAAATAstim","LHb1","LHb_1_1","LHb_C"
"GTCTCGTTCCTAGGGCstim","LHb6","LHb_1_5","LHb_A"
"GTCTTCGAGGCTAGGTstim","LHb6","LHb_1_5","LHb_A"
"GTCTTCGAGTTGCAGGstim","LHb6","LHb_1_5","LHb_A"
"GTGAAGGTCATTTGGGstim","LHb6","LHb_1_5","LHb_A"
"GTGCAGCGTCAAGCGAstim","LHb6","LHb_1_5","LHb_A"
"GTGCAGCGTTCTGGTAstim","LHb6","LHb_1_5","LHb_A"
"GTGGGTCTCAAACCACstim","LHb6","LHb_1_5","LHb_A"
"GTGTTAGGTGTCGCTGstim","LHb5","LHb_2","LHb_A"
"GTTAAGCAGACCTAGGstim","LHb5","LHb_2","LHb_A"
"GTTACAGCACGGACAAstim","LHb5","LHb_2","LHb_A"
"GTTACAGCATATGCTGstim","LHb6","LHb_1_5","LHb_A"
"GTTCATTAGCCAGTAGstim","LHb6","LHb_1_5","LHb_A"
"GTTCGGGTCTCTAGGAstim","LHb5","LHb_2","LHb_A"
"TAAGAGAAGGCTAGGTstim","LHb4","LHb_1_4","LHb_B"
"TAAGAGACATTGGGCCstim","LHb1","LHb_1_1","LHb_C"
"TAAGCGTCATATGGTCstim","LHb4","LHb_1_4","LHb_B"
"TAAGTGCGTTGTCTTTstim","LHb4","LHb_1_4","LHb_B"
"TAAGTGCTCCAGTAGTstim","LHb5","LHb_2","LHb_A"
"TACCTATCATGCCTAAstim","LHb6","LHb_1_5","LHb_A"
"TACGGATCAATTGCTGstim","LHb6","LHb_1_5","LHb_A"
"TACGGGCTCACGACTAstim","LHb6","LHb_1_5","LHb_A"
"TACGGGCTCTAACTCTstim","LHb4","LHb_1_4","LHb_B"
"TACTCGCGTACCGCTGstim","LHb4","LHb_1_4","LHb_B"
"TACTCGCTCTTCGGTCstim","LHb6","LHb_1_5","LHb_A"
"TACTTGTAGCGTTCCGstim","LHb6","LHb_1_5","LHb_A"
"TACTTGTAGCTAAGATstim","LHb6","LHb_1_5","LHb_A"
"TACTTGTAGGTGCACAstim","LHb6","LHb_1_5","LHb_A"
"TACTTGTTCCGCGCAAstim","LHb4","LHb_1_4","LHb_B"
"TAGACCACAGTATAAGstim","LHb6","LHb_1_5","LHb_A"
"TAGCCGGCAACTGCTAstim","LHb4","LHb_1_4","LHb_B"
"TAGGCATAGCATGGCAstim","LHb6","LHb_1_5","LHb_A"
"TAGTGGTGTGGAAAGAstim","LHb5","LHb_2","LHb_A"
"TAGTTGGGTAGATTAGstim","LHb5","LHb_2","LHb_A"
"TATCTCACATGTAGTCstim","Mural","Mural","Mural"
"TATCTCACATTGGGCCstim","LHb6","LHb_1_5","LHb_A"
"TATCTCATCAAGAAGTstim","LHb4","LHb_1_4","LHb_B"
"TCAACGACACTCTGTCstim","LHb4","LHb_1_4","LHb_B"
"TCAACGAGTGCGGTAAstim","LHb5","LHb_2","LHb_A"
"TCAACGATCATAAAGGstim","LHb6","LHb_1_5","LHb_A"
"TCACAAGAGACCCACCstim","LHb6","LHb_1_5","LHb_A"
"TCACGAAAGAATCTCCstim","LHb4","LHb_1_4","LHb_B"
"TCACGAATCCTTGACCstim","LHb5","LHb_2","LHb_A"
"TCACGAATCTGCGTAAstim","LHb6","LHb_1_5","LHb_A"
"TCAGATGTCGATCCCTstim","LHb5","LHb_2","LHb_A"
"TCATTACAGTCAATAGstim","LHb6","LHb_1_5","LHb_A"
"TCATTACTCTAACGGTstim","LHb5","LHb_2","LHb_A"
"TCCCGATAGTAGGCCAstim","LHb6","LHb_1_5","LHb_A"
"TCCCGATCATCCGCGAstim","LHb6","LHb_1_5","LHb_A"
"TCGAGGCAGGGTTCCCstim","LHb6","LHb_1_5","LHb_A"
"TCGAGGCGTTAAGATGstim","LHb6","LHb_1_5","LHb_A"
"TCGCGTTCATCGTCGGstim","LHb4","LHb_1_4","LHb_B"
"TCGCGTTGTCGACTATstim","LHb6","LHb_1_5","LHb_A"
"TCGCGTTGTTCCCTTGstim","LHb5","LHb_2","LHb_A"
"TCGCGTTTCCCTGACTstim","LHb6","LHb_1_5","LHb_A"
"TCGGGACGTTTCCACCstim","LHb5","LHb_2","LHb_A"
"TCGGTAAAGGTTCCTAstim","LHb4","LHb_1_4","LHb_B"
"TCGTAGACATCGTCGGstim","LHb1","LHb_1_1","LHb_C"
"TCGTAGACATTTCAGGstim","LHb4","LHb_1_4","LHb_B"
"TCGTAGATCGTAGGTTstim","LHb4","LHb_1_4","LHb_B"
"TCTCATAGTGCATCTAstim","LHb4","LHb_1_4","LHb_B"
"TCTCATAGTTGTACACstim","LHb5","LHb_2","LHb_A"
"TCTCATATCAGGATCTstim","LHb4","LHb_1_4","LHb_B"
"TCTCTAATCACATAGCstim","LHb5","LHb_2","LHb_A"
"TCTGAGACAGGATTGGstim","LHb6","LHb_1_5","LHb_A"
"TCTGAGATCGGTGTTAstim","LHb6","LHb_1_5","LHb_A"
"TCTGGAAAGATGTCGGstim","LHb5","LHb_2","LHb_A"
"TCTGGAAGTAGCGTAGstim","LHb5","LHb_2","LHb_A"
"TCTTCGGAGAATTCCCstim","LHb5","LHb_2","LHb_A"
"TCTTTCCGTCGAGATGstim","LHb6","LHb_1_5","LHb_A"
"TGACTAGTCATCATTCstim","LHb5","LHb_2","LHb_A"
"TGAGAGGAGACATAACstim","LHb5","LHb_2","LHb_A"
"TGAGAGGAGTCTTGCAstim","LHb5","LHb_2","LHb_A"
"TGAGGGAAGTTCGCGCstim","LHb4","LHb_1_4","LHb_B"
"TGAGGGACAGACGCAAstim","LHb6","LHb_1_5","LHb_A"
"TGAGGGACATCCGTGGstim","LHb6","LHb_1_5","LHb_A"
"TGATTTCAGGCATGGTstim","LHb6","LHb_1_5","LHb_A"
"TGCACCTGTATGAAACstim","LHb6","LHb_1_5","LHb_A"
"TGCCCATCATCTCGCTstim","LHb5","LHb_2","LHb_A"
"TGCCCTACAGTAACGGstim","LHb6","LHb_1_5","LHb_A"
"TGCCCTAGTCTGGTCGstim","LHb4","LHb_1_4","LHb_B"
"TGCGCAGGTAAGAGAGstim","LHb6","LHb_1_5","LHb_A"
"TGCTACCAGTGTTGAAstim","LHb6","LHb_1_5","LHb_A"
"TGGCCAGAGCAGCGTAstim","LHb5","LHb_2","LHb_A"
"TGGCTGGCATTCTCATstim","LHb5","LHb_2","LHb_A"
"TGGGAAGCATACCATGstim","LHb6","LHb_1_5","LHb_A"
"TGGGCGTTCTCAAACGstim","LHb6","LHb_1_5","LHb_A"
"TGGTTAGAGGAGTAGAstim","LHb6","LHb_1_5","LHb_A"
"TGGTTAGCATGTAAGAstim","LHb5","LHb_2","LHb_A"
"TGTATTCAGCCACCTGstim","LHb4","LHb_1_4","LHb_B"
"TGTCCCATCGACAGCCstim","LHb6","LHb_1_5","LHb_A"
"TGTGTTTAGGTCATCTstim","LHb6","LHb_1_5","LHb_A"
"TGTGTTTAGTGGTAATstim","LHb6","LHb_1_5","LHb_A"
"TGTGTTTCATGGGACAstim","LHb1","LHb_1_1","LHb_C"
"TGTGTTTGTCCTCTTGstim","LHb4","LHb_1_4","LHb_B"
"TTAGGACAGAGGTTGCstim","LHb6","LHb_1_5","LHb_A"
"TTAGGCATCTCACATTstim","LHb4","LHb_1_4","LHb_B"
"TTATGCTGTCCAAGTTstim","LHb5","LHb_2","LHb_A"
"TTCCCAGGTCTCTTATstim","LHb5","LHb_2","LHb_A"
"TTCGAAGAGTGAACGCstim","LHb6","LHb_1_5","LHb_A"
"TTCGGTCCAGGTCGTCstim","LHb6","LHb_1_5","LHb_A"
"TTCTACACACGGTTTAstim","LHb6","LHb_1_5","LHb_A"
"TTCTACACATCTGGTAstim","LHb5","LHb_2","LHb_A"
"TTCTACAGTATATCCGstim","LHb5","LHb_2","LHb_A"
"TTCTACATCGCGTTTCstim","LHb6","LHb_1_5","LHb_A"
"TTCTCAAAGCGTGTCCstim","LHb5","LHb_2","LHb_A"
"TTCTTAGAGCCAGTAGstim","LHb6","LHb_1_5","LHb_A"
"TTCTTAGCAAGAAGAGstim","LHb5","LHb_2","LHb_A"
"TTGAACGGTGGCGAATstim","LHb6","LHb_1_5","LHb_A"
"TTGAACGTCGTAGGTTstim","LHb6","LHb_1_5","LHb_A"
"TTGCGTCGTTCCTCCAstim","LHb6","LHb_1_5","LHb_A"
"TTGTAGGCATGGATGGstim","LHb5","LHb_2","LHb_A"
"TTTGCGCAGGCAATTAstim","Neuron","Neuron","Neuron"
"TTTGCGCCATTAACCGstim","LHb5","LHb_2","LHb_A"
"TTTGCGCGTACTTCTTstim","LHb5","LHb_2","LHb_A"
"TTTGCGCTCATCGGATstim","LHb4","LHb_1_4","LHb_B"
"TTTGCGCTCGGGAGTAstim","Neuron","LHb_2","LHb_A"
"TTTGCGCTCGTATCAGstim","LHb4","LHb_1_4","LHb_B"
"TTTGGTTTCCTACAGAstim","LHb6","LHb_1_5","LHb_A"
"TTTGTCATCAACACACstim","LHb5","LHb_2","LHb_A"
"AAACCTGGTGATAAGTstim","OPC1","OPC1","OPC1"
"AAACGGGGTGCGGTAAstim","OPC1","OPC1","OPC1"
"AAAGATGCAGCCAATTstim","OPC1","OPC1","OPC1"
"AAAGATGTCATGTCCCstim","OPC1","OPC1","OPC1"
"AAAGTAGCAACACCCGstim","OPC1","OPC1","OPC1"
"AAAGTAGCAAGAGTCGstim","OPC1","OPC1","OPC1"
"AAATGCCGTCCGAAGAstim","OPC1","OPC1","OPC1"
"AACACGTCAAGGTTTCstim","OPC1","OPC1","OPC1"
"AACCATGAGGTTCCTAstim","OPC1","OPC1","OPC1"
"AACTCAGTCTTGTATCstim","OPC1","OPC1","OPC1"
"AACTCCCCATCTACGAstim","OPC1","OPC1","OPC1"
"AACTTTCCAAGGACACstim","OPC1","OPC1","OPC1"
"AAGACCTGTCCGTGACstim","OPC1","OPC1","OPC1"
"AAGACCTTCAAGATCCstim","OPC1","OPC1","OPC1"
"AAGGAGCTCCAAAGTCstim","OPC1","OPC1","OPC1"
"AAGGCAGCAGCTCCGAstim","OPC1","OPC1","OPC1"
"AAGGTTCCAAGCTGTTstim","OPC1","OPC1","OPC1"
"AAGGTTCCATTACCTTstim","OPC1","OPC1","OPC1"
"AATCGGTTCGGAGGTAstim","OPC1","OPC1","OPC1"
"ACACCAAAGCGGCTTCstim","OPC1","OPC1","OPC1"
"ACACCCTAGTCCGTATstim","OPC1","OPC1","OPC1"
"ACACCCTCAACACGCCstim","OPC1","OPC1","OPC1"
"ACACCCTCAATGAAACstim","OPC1","OPC1","OPC1"
"ACACCCTCACGTAAGGstim","OPC1","OPC1","OPC1"
"ACAGCTAGTAGCGTGAstim","OPC1","OPC1","OPC1"
"ACATACGAGTGGACGTstim","OPC1","OPC1","OPC1"
"ACATACGGTAGCGCTCstim","OPC1","OPC1","OPC1"
"ACATACGGTGTCAATCstim","OPC1","OPC1","OPC1"
"ACATCAGCAGGGTTAGstim","OPC1","OPC1","OPC1"
"ACATGGTAGTGGACGTstim","OPC1","OPC1","OPC1"
"ACCAGTAGTTGTCTTTstim","OPC1","OPC1","OPC1"
"ACCCACTAGGTTACCTstim","OPC1","OPC1","OPC1"
"ACCCACTAGTTATCGCstim","OPC1","OPC1","OPC1"
"ACCCACTTCTATGTGGstim","OPC1","OPC1","OPC1"
"ACCGTAACACGTCTCTstim","OPC1","OPC1","OPC1"
"ACGATACGTAATCACCstim","OPC1","OPC1","OPC1"
"ACGATGTCACGACTCGstim","OPC1","OPC1","OPC1"
"ACGCCAGAGTCCTCCTstim","OPC1","OPC1","OPC1"
"ACGGCCATCAGCGACCstim","OPC1","OPC1","OPC1"
"ACGGGTCAGGTAGCCAstim","OPC1","OPC1","OPC1"
"ACGGGTCAGGTGCAACstim","OPC1","OPC1","OPC1"
"ACTATCTGTGGACGATstim","OPC1","OPC1","OPC1"
"ACTGAACCAAACAACAstim","OPC1","OPC1","OPC1"
"ACTGAACGTCAGATAAstim","OPC1","OPC1","OPC1"
"ACTGAGTAGATATGGTstim","OPC1","OPC1","OPC1"
"ACTGCTCAGACTAAGTstim","OPC1","OPC1","OPC1"
"ACTGCTCAGCTAGTTCstim","OPC1","OPC1","OPC1"
"ACTGTCCAGAGTGACCstim","OPC1","OPC1","OPC1"
"ACTTGTTTCAAGAAGTstim","OPC1","OPC1","OPC1"
"ACTTTCAGTCACAAGGstim","OPC1","OPC1","OPC1"
"AGAATAGCAGTTAACCstim","OPC1","OPC1","OPC1"
"AGACGTTTCGATAGAAstim","OPC1","OPC1","OPC1"
"AGACGTTTCTCAACTTstim","OPC1","OPC1","OPC1"
"AGAGCTTCATCAGTCAstim","OPC1","OPC1","OPC1"
"AGAGCTTGTGGCGAATstim","OPC1","OPC1","OPC1"
"AGAGTGGCAATCGAAAstim","OPC1","OPC1","OPC1"
"AGATCTGTCATCACCCstim","OPC1","OPC1","OPC1"
"AGCAGCCCAAGCTGGAstim","OPC1","OPC1","OPC1"
"AGCTCCTTCTATCCTAstim","OPC1","OPC1","OPC1"
"AGCTTGACACAGGCCTstim","OPC1","OPC1","OPC1"
"AGGGTGAAGAGAACAGstim","OPC1","OPC1","OPC1"
"AGGTCATGTGTGAAATstim","OPC1","OPC1","OPC1"
"AGGTCCGCAGGGCATAstim","OPC1","OPC1","OPC1"
"AGGTCCGCAGGGTACAstim","OPC1","OPC1","OPC1"
"AGGTCCGTCACAGTACstim","OPC1","OPC1","OPC1"
"AGTCTTTAGTACCGGAstim","OPC1","OPC1","OPC1"
"AGTCTTTGTCATCCCTstim","OPC1","OPC1","OPC1"
"AGTGAGGGTAAGAGAGstim","OPC1","OPC1","OPC1"
"AGTGAGGGTTAAGGGCstim","OPC1","OPC1","OPC1"
"AGTGAGGGTTAGAACAstim","OPC1","OPC1","OPC1"
"AGTGTCAGTCAATGTCstim","OPC1","OPC1","OPC1"
"ATAACGCGTTGTGGAGstim","OPC1","OPC1","OPC1"
"ATAGACCGTCTAGAGGstim","OPC1","OPC1","OPC1"
"ATCACGACAATCCGATstim","OPC1","OPC1","OPC1"
"ATCATGGGTTCCACTCstim","OPC1","OPC1","OPC1"
"ATCCACCGTATGGTTCstim","OPC1","OPC1","OPC1"
"ATCCACCGTCGCGTGTstim","OPC1","OPC1","OPC1"
"ATCCGAATCCTATTCAstim","OPC1","OPC1","OPC1"
"ATCTGCCTCCTAGAACstim","OPC1","OPC1","OPC1"
"ATGGGAGAGAAACGCCstim","OPC1","OPC1","OPC1"
"ATGGGAGGTTAAGGGCstim","OPC1","OPC1","OPC1"
"ATGTGTGGTCCTGCTTstim","OPC1","OPC1","OPC1"
"ATTACTCAGGATGGTCstim","OPC1","OPC1","OPC1"
"ATTACTCCAACTGCTAstim","OPC1","OPC1","OPC1"
"ATTACTCTCACGCATAstim","OPC1","OPC1","OPC1"
"ATTACTCTCCTTTCTCstim","OPC1","OPC1","OPC1"
"ATTCTACTCAGTGTTGstim","OPC1","OPC1","OPC1"
"ATTCTACTCTAACGGTstim","OPC1","OPC1","OPC1"
"ATTGGACAGATGTTAGstim","OPC1","OPC1","OPC1"
"ATTGGACCATAGACTCstim","OPC1","OPC1","OPC1"
"ATTGGTGAGCAATATGstim","OPC1","OPC1","OPC1"
"ATTGGTGTCACAGTACstim","OPC1","OPC1","OPC1"
"ATTTCTGGTGTAAGTAstim","OPC1","OPC1","OPC1"
"CAACCTCTCCATGCTCstim","OPC1","OPC1","OPC1"
"CAACTAGCACATTCGAstim","OPC1","OPC1","OPC1"
"CAAGAAAGTATTCGTGstim","OPC1","OPC1","OPC1"
"CAAGGCCAGGTGCACAstim","OPC1","OPC1","OPC1"
"CAAGGCCCAAACAACAstim","OPC1","OPC1","OPC1"
"CAAGGCCTCAACCAACstim","OPC1","OPC1","OPC1"
"CAAGGCCTCCTCTAGCstim","OPC1","OPC1","OPC1"
"CAAGTTGTCATCGGATstim","OPC1","OPC1","OPC1"
"CACACCTAGTACGTAAstim","OPC1","OPC1","OPC1"
"CACATTTAGGCATTGGstim","OPC1","OPC1","OPC1"
"CACCACTCAAGACACGstim","OPC1","OPC1","OPC1"
"CACCACTTCCCAAGATstim","OPC1","OPC1","OPC1"
"CACCAGGCAGGGAGAGstim","OPC1","OPC1","OPC1"
"CACCAGGGTCGACTGCstim","OPC1","OPC1","OPC1"
"CAGAGAGTCTTCGAGAstim","OPC1","OPC1","OPC1"
"CAGATCAAGGTCGGATstim","OPC1","OPC1","OPC1"
"CAGCATAGTCATCCCTstim","OPC1","OPC1","OPC1"
"CAGCGACAGAACAATCstim","OPC1","OPC1","OPC1"
"CAGCTAATCATGCATGstim","OPC1","OPC1","OPC1"
"CAGGTGCAGGCCGAATstim","OPC1","OPC1","OPC1"
"CAGTAACGTCAGTGGAstim","OPC1","OPC1","OPC1"
"CAGTAACTCCTGTACCstim","OPC1","OPC1","OPC1"
"CATCAAGTCGTGACATstim","OPC1","OPC1","OPC1"
"CATCCACAGTTTGCGTstim","OPC1","OPC1","OPC1"
"CATCCACGTGGTCCGTstim","OPC1","OPC1","OPC1"
"CATCGAAAGAGACGAAstim","OPC1","OPC1","OPC1"
"CATCGAAAGCCACGTCstim","OPC1","OPC1","OPC1"
"CATCGGGCACATAACCstim","OPC1","OPC1","OPC1"
"CATCGGGGTGCCTGTGstim","OPC1","OPC1","OPC1"
"CATTATCGTCTAGCGCstim","OPC1","OPC1","OPC1"
"CCAATCCCATCGGGTCstim","OPC1","OPC1","OPC1"
"CCAATCCGTACTTGACstim","OPC1","OPC1","OPC1"
"CCACCTACAATGGAGCstim","OPC1","OPC1","OPC1"
"CCACCTACACCTGGTGstim","OPC1","OPC1","OPC1"
"CCACTACTCGCGATCGstim","OPC1","OPC1","OPC1"
"CCAGCGACAAAGGAAGstim","OPC1","OPC1","OPC1"
"CCAGCGAGTCGCATCGstim","OPC1","OPC1","OPC1"
"CCAGCGAGTTCGAATCstim","OPC1","OPC1","OPC1"
"CCCAATCAGAGACTATstim","OPC1","OPC1","OPC1"
"CCCAATCCAGCGAACAstim","OPC1","OPC1","OPC1"
"CCCAGTTTCAATCTCTstim","OPC1","OPC1","OPC1"
"CCGGGATGTAGCTAAAstim","OPC1","OPC1","OPC1"
"CCGTTCAAGTTATCGCstim","OPC1","OPC1","OPC1"
"CCTAAAGAGTGGAGAAstim","OPC1","OPC1","OPC1"
"CCTACACAGCCAGTAGstim","OPC1","OPC1","OPC1"
"CCTACCACAGTGGAGTstim","OPC1","OPC1","OPC1"
"CCTACCATCGTCCGTTstim","OPC1","OPC1","OPC1"
"CCTAGCTCAAACGTGGstim","OPC1","OPC1","OPC1"
"CCTAGCTGTAAGGATTstim","OPC1","OPC1","OPC1"
"CCTAGCTGTTCGCGACstim","OPC1","OPC1","OPC1"
"CCTATTAGTGACTACTstim","OPC1","OPC1","OPC1"
"CCTATTAGTTGTACACstim","OPC1","OPC1","OPC1"
"CCTCTGATCAACGGCCstim","OPC1","OPC1","OPC1"
"CCTTCCCGTTAGGGTGstim","OPC1","OPC1","OPC1"
"CCTTCCCGTTTGTTTCstim","OPC1","OPC1","OPC1"
"CCTTTCTCAAGCCATTstim","OPC1","OPC1","OPC1"
"CCTTTCTCATTAGCCAstim","OPC1","OPC1","OPC1"
"CGAACATTCATGTCTTstim","OPC1","OPC1","OPC1"
"CGACTTCAGCCATCGCstim","OPC1","OPC1","OPC1"
"CGAGAAGGTTAGGGTGstim","Microglia","Microglia","Microglia"
"CGATCGGCATTTCAGGstim","OPC1","OPC1","OPC1"
"CGATGGCTCCGTACAAstim","OPC1","OPC1","OPC1"
"CGATGTAGTATAAACGstim","OPC1","OPC1","OPC1"
"CGATTGAGTCACTTCCstim","OPC1","OPC1","OPC1"
"CGCCAAGAGCCTATGTstim","OPC1","OPC1","OPC1"
"CGCTTCAAGTCAATAGstim","OPC1","OPC1","OPC1"
"CGGAGCTTCTTCCTTCstim","OPC1","OPC1","OPC1"
"CGGAGTCAGAGTAAGGstim","OPC1","OPC1","OPC1"
"CGGAGTCCATGTAGTCstim","OPC1","OPC1","OPC1"
"CGGAGTCTCCAGATCAstim","OPC1","OPC1","OPC1"
"CGTAGCGGTTAGAACAstim","OPC1","OPC1","OPC1"
"CGTCACTAGCACACAGstim","OPC1","OPC1","OPC1"
"CGTCAGGAGATCCCGCstim","OPC1","OPC1","OPC1"
"CGTCCATAGGCTCATTstim","OPC1","OPC1","OPC1"
"CGTCTACCACATTAGCstim","OPC1","OPC1","OPC1"
"CGTTAGAAGGAGTTTAstim","OPC1","OPC1","OPC1"
"CGTTCTGAGGTACTCTstim","OPC1","OPC1","OPC1"
"CGTTCTGCAATCCGATstim","OPC1","OPC1","OPC1"
"CGTTCTGCACGGATAGstim","OPC1","OPC1","OPC1"
"CTAACTTGTGACGCCTstim","OPC1","OPC1","OPC1"
"CTAAGACCATGTAGTCstim","OPC1","OPC1","OPC1"
"CTAAGACGTTCCAACAstim","OPC1","OPC1","OPC1"
"CTAAGACGTTCCGTCTstim","OPC1","OPC1","OPC1"
"CTAATGGCAGTCCTTCstim","OPC1","OPC1","OPC1"
"CTACACCGTAGGGACTstim","OPC1","OPC1","OPC1"
"CTACGTCGTCTTCTCGstim","OPC1","OPC1","OPC1"
"CTCAGAAAGTCCCACGstim","OPC1","OPC1","OPC1"
"CTCGAAAAGATACACAstim","OPC1","OPC1","OPC1"
"CTCGAAACAGAAGCACstim","OPC1","OPC1","OPC1"
"CTCGAGGCATACTCTTstim","OPC1","OPC1","OPC1"
"CTCGAGGTCTATGTGGstim","OPC1","OPC1","OPC1"
"CTCGGAGTCTGCGGCAstim","OPC1","OPC1","OPC1"
"CTCGGGAGTTCACCTCstim","OPC1","OPC1","OPC1"
"CTCGTCAAGCGATAGCstim","OPC1","OPC1","OPC1"
"CTCTGGTGTGTGACCCstim","OPC1","OPC1","OPC1"
"CTGAAGTGTCATCCCTstim","OPC1","OPC1","OPC1"
"CTGCCTAAGTGCCAGAstim","OPC1","OPC1","OPC1"
"CTGCCTAGTCTTTCATstim","OPC1","OPC1","OPC1"
"CTGCGGAGTGTAACGGstim","OPC1","OPC1","OPC1"
"CTGCTGTAGATACACAstim","OPC1","OPC1","OPC1"
"CTGCTGTGTGTAATGAstim","OPC1","OPC1","OPC1"
"CTGCTGTTCTGATTCTstim","OPC1","OPC1","OPC1"
"CTGTGCTCATACGCTAstim","OPC1","OPC1","OPC1"
"CTGTTTAAGTCCAGGAstim","OPC1","OPC1","OPC1"
"CTTAGGATCTTTACGTstim","OPC1","OPC1","OPC1"
"GAAACTCCATCACCCTstim","OPC1","OPC1","OPC1"
"GAAATGACAAGGCTCCstim","OPC1","OPC1","OPC1"
"GAACCTAAGCCATCGCstim","OPC1","OPC1","OPC1"
"GAAGCAGAGGAATGGAstim","OPC1","OPC1","OPC1"
"GAATAAGGTTAGATGAstim","OPC1","OPC1","OPC1"
"GACAGAGCACCATCCTstim","OPC1","OPC1","OPC1"
"GACCAATGTTGGTGGAstim","OPC1","OPC1","OPC1"
"GACGCGTCACTCGACGstim","OPC1","OPC1","OPC1"
"GACGCGTCATAGTAAGstim","OPC1","OPC1","OPC1"
"GACGCGTGTTATCCGAstim","OPC1","OPC1","OPC1"
"GACGGCTGTCGCGTGTstim","OPC1","OPC1","OPC1"
"GACGTTATCCAACCAAstim","OPC1","OPC1","OPC1"
"GACTACAAGCTGAAATstim","OPC1","OPC1","OPC1"
"GACTACACAGACGCTCstim","OPC1","OPC1","OPC1"
"GAGCAGATCGACGGAAstim","OPC1","OPC1","OPC1"
"GAGTCCGCAAACGCGAstim","OPC1","OPC1","OPC1"
"GATCAGTGTAAGTAGTstim","OPC1","OPC1","OPC1"
"GATCGATAGGCATTGGstim","OPC1","OPC1","OPC1"
"GATCGCGGTACGAAATstim","OPC1","OPC1","OPC1"
"GATCGCGTCTGTGCAAstim","OPC1","OPC1","OPC1"
"GATCGTATCATTGCGAstim","OPC1","OPC1","OPC1"
"GATGAAAGTGTTTGGTstim","OPC1","OPC1","OPC1"
"GATGAGGAGATGCGACstim","OPC1","OPC1","OPC1"
"GATGCTACATAAAGGTstim","OPC1","OPC1","OPC1"
"GATGCTATCAGCTCTCstim","OPC1","OPC1","OPC1"
"GCAATCATCAGCGACCstim","OPC1","OPC1","OPC1"
"GCACTCTGTTCACGGCstim","OPC1","OPC1","OPC1"
"GCAGCCAAGACTGGGTstim","OPC1","OPC1","OPC1"
"GCATACATCTCCCTGAstim","OPC1","OPC1","OPC1"
"GCATGCGCAAATCCGTstim","OPC1","OPC1","OPC1"
"GCATGCGCACGTCAGCstim","OPC1","OPC1","OPC1"
"GCCAAATAGTGTACTCstim","OPC1","OPC1","OPC1"
"GCCAAATGTCTAGCCGstim","OPC1","OPC1","OPC1"
"GCCAAATTCCGCATCTstim","OPC1","OPC1","OPC1"
"GCGACCAGTGACCAAGstim","OPC1","OPC1","OPC1"
"GCGACCATCAAGGTAAstim","OPC1","OPC1","OPC1"
"GCGAGAAAGGTAGCTGstim","OPC1","OPC1","OPC1"
"GCGCCAAGTTGGGACAstim","OPC1","OPC1","OPC1"
"GCGGGTTGTTACCGATstim","OPC1","OPC1","OPC1"
"GCTCTGTAGAGTGACCstim","OPC1","OPC1","OPC1"
"GCTGCAGTCCACTGGGstim","OPC1","OPC1","OPC1"
"GCTTGAAAGACTAGATstim","OPC1","OPC1","OPC1"
"GCTTGAAGTGCTCTTCstim","OPC1","OPC1","OPC1"
"GGAAAGCGTTGATTCGstim","OPC1","OPC1","OPC1"
"GGAAAGCTCGCAGGCTstim","OPC1","OPC1","OPC1"
"GGAACTTTCTGGAGCCstim","OPC1","OPC1","OPC1"
"GGAATAAAGATCTGAAstim","OPC1","OPC1","OPC1"
"GGACAAGGTATGAATGstim","OPC1","OPC1","OPC1"
"GGACGTCGTAGCGTCCstim","OPC1","OPC1","OPC1"
"GGATTACTCTGGTATGstim","OPC1","OPC1","OPC1"
"GGCAATTTCGTCGTTCstim","OPC1","OPC1","OPC1"
"GGCGACTCATTGCGGCstim","OPC1","OPC1","OPC1"
"GGCGTGTTCCACTCCAstim","OPC1","OPC1","OPC1"
"GGCTGGTAGGAGCGAGstim","OPC1","OPC1","OPC1"
"GGCTGGTCACGTGAGAstim","OPC1","OPC1","OPC1"
"GGCTGGTCATGCAACTstim","OPC1","OPC1","OPC1"
"GGCTGGTTCCTAGTGAstim","OPC1","OPC1","OPC1"
"GGGAATGAGTGTTGAAstim","OPC1","OPC1","OPC1"
"GGGACCTTCGCGATCGstim","OPC1","OPC1","OPC1"
"GGGAGATGTCCCTTGTstim","OPC1","OPC1","OPC1"
"GGTGCGTAGAGTCGGTstim","OPC1","OPC1","OPC1"
"GGTGCGTAGCTGCAAGstim","OPC1","OPC1","OPC1"
"GGTGCGTCATCCGCGAstim","OPC1","OPC1","OPC1"
"GGTGTTAGTGGCAAACstim","OPC1","OPC1","OPC1"
"GTACTTTGTAAGTGTAstim","OPC1","OPC1","OPC1"
"GTAGGCCAGGTAGCCAstim","OPC1","OPC1","OPC1"
"GTAGTCAAGCTGCCCAstim","OPC1","OPC1","OPC1"
"GTAGTCACACCTATCCstim","OPC1","OPC1","OPC1"
"GTATCTTGTTCCATGAstim","OPC1","OPC1","OPC1"
"GTCAAGTTCGCATGATstim","OPC1","OPC1","OPC1"
"GTCACAACAAAGCAATstim","OPC1","OPC1","OPC1"
"GTCACGGAGACTTGAAstim","OPC1","OPC1","OPC1"
"GTCACGGAGAGCTGGTstim","OPC1","OPC1","OPC1"
"GTCACGGAGCATCATCstim","OPC1","OPC1","OPC1"
"GTCCTCAGTCGCGAAAstim","OPC1","OPC1","OPC1"
"GTCGGGTTCATGGTCAstim","OPC1","OPC1","OPC1"
"GTCGTAAAGAGCCTAGstim","OPC1","OPC1","OPC1"
"GTCGTAACACATCCGGstim","OPC1","OPC1","OPC1"
"GTCTCGTAGCCCTAATstim","OPC1","OPC1","OPC1"
"GTCTTCGCAAAGAATCstim","OPC1","OPC1","OPC1"
"GTGAAGGCAAGCGCTCstim","OPC1","OPC1","OPC1"
"GTGCAGCTCTGGTTCCstim","OPC1","OPC1","OPC1"
"GTGCATAAGCTAGCCCstim","OPC1","OPC1","OPC1"
"GTGCATAAGGGCTTGAstim","OPC1","OPC1","OPC1"
"GTGCTTCAGTGGCACAstim","OPC1","OPC1","OPC1"
"GTGGGTCAGACACTAAstim","OPC1","OPC1","OPC1"
"GTGGGTCAGGAGTTTAstim","OPC1","OPC1","OPC1"
"GTGGGTCTCGGGAGTAstim","OPC1","OPC1","OPC1"
"GTGTGCGTCGCAGGCTstim","OPC1","OPC1","OPC1"
"GTGTTAGGTGGTACAGstim","OPC1","OPC1","OPC1"
"GTTAAGCGTAGAGCTGstim","OPC1","OPC1","OPC1"
"GTTACAGAGAACAATCstim","OPC1","OPC1","OPC1"
"GTTACAGCACTGTTAGstim","OPC1","OPC1","OPC1"
"GTTACAGCATGGGAACstim","OPC1","OPC1","OPC1"
"GTTACAGTCTCCAACCstim","OPC1","OPC1","OPC1"
"GTTCATTAGGATGGAAstim","OPC1","OPC1","OPC1"
"GTTCATTAGGATTCGGstim","OPC1","OPC1","OPC1"
"GTTCGGGTCCATGAGTstim","OPC1","OPC1","OPC1"
"GTTCGGGTCTTATCTGstim","OPC1","OPC1","OPC1"
"GTTCTCGAGGATGGTCstim","OPC1","OPC1","OPC1"
"GTTCTCGCAGATCCATstim","OPC1","OPC1","OPC1"
"GTTTCTAGTTAGAACAstim","OPC1","OPC1","OPC1"
"GTTTCTATCCAGAAGGstim","OPC1","OPC1","OPC1"
"TAAGAGAGTTTAGGAAstim","OPC1","OPC1","OPC1"
"TAAGTGCCAATGGTCTstim","OPC1","OPC1","OPC1"
"TACACGAAGTTGTAGAstim","OPC1","OPC1","OPC1"
"TACCTATAGTTATCGCstim","OPC1","OPC1","OPC1"
"TACCTTACACCATGTAstim","OPC1","OPC1","OPC1"
"TACTCATAGGCTAGGTstim","OPC1","OPC1","OPC1"
"TACTCATGTTCGTGATstim","OPC1","OPC1","OPC1"
"TACTCGCTCATAAAGGstim","OPC1","OPC1","OPC1"
"TACTTGTTCAGCAACTstim","OPC1","OPC1","OPC1"
"TACTTGTTCCTAGTGAstim","OPC1","OPC1","OPC1"
"TAGACCAAGTTCCACAstim","OPC1","OPC1","OPC1"
"TAGGCATGTTCATGGTstim","OPC1","OPC1","OPC1"
"TATCTCAAGAAGGCCTstim","OPC1","OPC1","OPC1"
"TATGCCCGTTGTGGAGstim","OPC1","OPC1","OPC1"
"TATTACCAGAGCTGGTstim","OPC1","OPC1","OPC1"
"TCAATCTCAGTACACTstim","OPC1","OPC1","OPC1"
"TCAATCTGTGAGGCTAstim","OPC1","OPC1","OPC1"
"TCAATCTTCTTGCAAGstim","OPC1","OPC1","OPC1"
"TCACAAGCAATGTAAGstim","OPC1","OPC1","OPC1"
"TCACAAGGTGAGGGAGstim","OPC1","OPC1","OPC1"
"TCACGAAGTTTGTTTCstim","OPC1","OPC1","OPC1"
"TCAGGTAAGCGTAGTGstim","OPC1","OPC1","OPC1"
"TCAGGTACATTATCTCstim","OPC1","OPC1","OPC1"
"TCCACACGTTGAGGTGstim","OPC1","OPC1","OPC1"
"TCGCGAGTCATATCGGstim","OPC1","OPC1","OPC1"
"TCGCGTTCAACGATCTstim","OPC1","OPC1","OPC1"
"TCGCGTTGTGACAAATstim","OPC1","OPC1","OPC1"
"TCGGGACCACCCATGGstim","OPC1","OPC1","OPC1"
"TCGGTAATCTAGAGTCstim","OPC1","OPC1","OPC1"
"TCGTACCAGACTTTCGstim","OPC1","OPC1","OPC1"
"TCGTACCTCTGCTTGCstim","OPC1","OPC1","OPC1"
"TCGTAGACATCACCCTstim","OPC1","OPC1","OPC1"
"TCTATTGAGCTCCCAGstim","OPC1","OPC1","OPC1"
"TCTATTGCAGCCACCAstim","OPC1","OPC1","OPC1"
"TCTCATAAGCCTCGTGstim","OPC1","OPC1","OPC1"
"TCTCATATCGGCTTGGstim","OPC1","OPC1","OPC1"
"TCTCTAACATGTCCTCstim","OPC1","OPC1","OPC1"
"TCTGAGACACACATGTstim","OPC1","OPC1","OPC1"
"TCTTCGGAGTTTCCTTstim","OPC1","OPC1","OPC1"
"TCTTCGGTCATTTGGGstim","OPC1","OPC1","OPC1"
"TCTTTCCAGATCCGAGstim","OPC1","OPC1","OPC1"
"TGAAAGAAGTCAAGGCstim","OPC1","OPC1","OPC1"
"TGAAAGAGTAGCTGCCstim","OPC1","OPC1","OPC1"
"TGACTTTTCACAGTACstim","OPC1","OPC1","OPC1"
"TGACTTTTCTAACTGGstim","OPC1","OPC1","OPC1"
"TGAGCCGTCCGGCACAstim","OPC1","OPC1","OPC1"
"TGCCAAAAGTGAACATstim","OPC1","OPC1","OPC1"
"TGCCCATAGTCAAGGCstim","OPC1","OPC1","OPC1"
"TGCCCATGTGAAATCAstim","OPC1","OPC1","OPC1"
"TGCCCATTCTGTTTGTstim","OPC1","OPC1","OPC1"
"TGCCCTAGTAGCTGCCstim","OPC1","OPC1","OPC1"
"TGCGCAGCATCTCCCAstim","OPC1","OPC1","OPC1"
"TGCTGCTGTTTCCACCstim","OPC1","OPC1","OPC1"
"TGCTGCTTCGAATGGGstim","OPC1","OPC1","OPC1"
"TGGACGCTCAACGAAAstim","OPC1","OPC1","OPC1"
"TGGCTGGAGCTGTTCAstim","OPC1","OPC1","OPC1"
"TGGCTGGCATTAGCCAstim","OPC1","OPC1","OPC1"
"TGGTTAGCAAATCCGTstim","OPC1","OPC1","OPC1"
"TGGTTCCGTCACTTCCstim","OPC1","OPC1","OPC1"
"TGTATTCGTCCAGTGCstim","OPC1","OPC1","OPC1"
"TGTGGTAAGTGTACTCstim","OPC1","OPC1","OPC1"
"TGTTCCGCATCACAACstim","OPC1","OPC1","OPC1"
"TGTTCCGTCCCAAGTAstim","OPC1","OPC1","OPC1"
"TGTTCCGTCCGCGTTTstim","OPC1","OPC1","OPC1"
"TGTTCCGTCTGTACGAstim","OPC1","OPC1","OPC1"
"TTAGGACGTTGTTTGGstim","OPC1","OPC1","OPC1"
"TTAGGCACAGCGATCCstim","OPC1","OPC1","OPC1"
"TTAGTTCAGTGCTGCCstim","OPC1","OPC1","OPC1"
"TTAGTTCGTAAACACAstim","OPC1","OPC1","OPC1"
"TTCCCAGTCGGTGTCGstim","OPC1","OPC1","OPC1"
"TTCGAAGAGTGTCCATstim","OPC1","OPC1","OPC1"
"TTCGAAGTCTCTGTCGstim","OPC1","OPC1","OPC1"
"TTCGGTCCAAGCCCACstim","OPC1","OPC1","OPC1"
"TTCTACACATCGGAAGstim","OPC1","OPC1","OPC1"
"TTCTCAAGTCTCTTATstim","OPC1","OPC1","OPC1"
"TTCTCCTCAGGCTGAAstim","OPC1","OPC1","OPC1"
"TTCTCCTTCCCTGACTstim","OPC1","OPC1","OPC1"
"TTGAACGTCGGCATCGstim","OPC1","OPC1","OPC1"
"TTGCGTCAGAGTAATCstim","OPC1","OPC1","OPC1"
"TTGGAACAGTAGCCGAstim","OPC1","OPC1","OPC1"
"TTGGAACCAATGTAAGstim","OPC1","OPC1","OPC1"
"TTTATGCCAAAGTCAAstim","OPC1","OPC1","OPC1"
"TTTCCTCAGAGCTATAstim","OPC1","OPC1","OPC1"
"TTTCCTCTCAGTTGACstim","OPC1","OPC1","OPC1"
"TTTGTCATCGTTTATCstim","OPC1","OPC1","OPC1"
"AAAGCAAGTAAGTGGCstim","LHb2","LHb_1_2","LHb_B"
"AAATGCCTCTCCAACCstim","LHb4","LHb_1_4","LHb_B"
"AACCATGCATGCCACGstim","LHb4","LHb_1_4","LHb_B"
"AACCGCGCAATTGCTGstim","LHb4","LHb_1_4","LHb_B"
"AACGTTGAGCTGCAAGstim","LHb2","LHb_1_2","LHb_B"
"AACTCTTTCAGGTTCAstim","LHb4","LHb_1_4","LHb_B"
"AACTGGTTCTTGCAAGstim","LHb4","LHb_1_4","LHb_B"
"AACTTTCCATTGGCGCstim","LHb2","LHb_1_2","LHb_B"
"AAGACCTAGATGAGAGstim","LHb2","LHb_1_2","LHb_B"
"AAGACCTCAGTCGTGCstim","LHb2","LHb_1_2","LHb_B"
"AAGGTTCCAATGGATAstim","LHb2","LHb_1_2","LHb_B"
"AATCGGTCATTTCACTstim","LHb4","LHb_1_4","LHb_B"
"ACAGCCGCAATCCGATstim","LHb2","LHb_1_2","LHb_B"
"ACAGCTAAGCGTGTCCstim","LHb2","LHb_1_2","LHb_B"
"ACATGGTGTTCGAATCstim","LHb2","LHb_1_2","LHb_B"
"ACCCACTAGTACGTAAstim","LHb4","LHb_1_4","LHb_B"
"ACGATACCACACAGAGstim","LHb2","LHb_1_2","LHb_B"
"ACGCAGCGTAGGAGTCstim","LHb2","LHb_1_2","LHb_B"
"ACGCAGCTCCACTCCAstim","LHb2","LHb_1_2","LHb_B"
"ACGGGTCGTCGCGGTTstim","LHb2","LHb_1_2","LHb_B"
"ACGTCAAAGAGGTTATstim","LHb2","LHb_1_2","LHb_B"
"ACTGCTCTCCCTTGTGstim","LHb4","LHb_1_4","LHb_B"
"ACTGTCCAGACGCACAstim","LHb2","LHb_1_2","LHb_B"
"ACTGTCCAGATCACGGstim","LHb4","LHb_1_4","LHb_B"
"ACTGTCCAGGCTAGCAstim","LHb4","LHb_1_4","LHb_B"
"ACTTACTTCGTTGCCTstim","LHb2","LHb_1_2","LHb_B"
"ACTTGTTAGTGTACGGstim","LHb2","LHb_1_2","LHb_B"
"ACTTTCAAGCCCAATTstim","LHb2","LHb_1_2","LHb_B"
"ACTTTCAAGGATCGCAstim","LHb4","LHb_1_4","LHb_B"
"ACTTTCACAAACTGTCstim","LHb4","LHb_1_4","LHb_B"
"AGACGTTAGACGCTTTstim","LHb4","LHb_1_4","LHb_B"
"AGCTCCTAGACCTAGGstim","LHb4","LHb_1_4","LHb_B"
"AGCTCTCGTACCCAATstim","LHb2","LHb_1_2","LHb_B"
"AGGCCACGTTCTCATTstim","LHb2","LHb_1_2","LHb_B"
"AGGGAGTGTTTGCATGstim","LHb4","LHb_1_4","LHb_B"
"AGGGATGCACAGCCCAstim","LHb4","LHb_1_4","LHb_B"
"AGGGATGTCGTCGTTCstim","LHb2","LHb_1_2","LHb_B"
"AGGGTGAGTGACGGTAstim","LHb4","LHb_1_4","LHb_B"
"AGGGTGATCAGCACATstim","LHb4","LHb_1_4","LHb_B"
"AGGTCATGTACCGCTGstim","LHb2","LHb_1_2","LHb_B"
"AGGTCCGTCATGTGGTstim","LHb2","LHb_1_2","LHb_B"
"AGGTCCGTCGTGACATstim","LHb2","LHb_1_2","LHb_B"
"AGTGAGGTCTGACCTCstim","LHb2","LHb_1_2","LHb_B"
"AGTGTCAAGCGTAATAstim","LHb2","LHb_1_2","LHb_B"
"AGTGTCAAGGACCACAstim","MHb2","MHb_cholinergic_1","MHb_B"
"ATAACGCAGCTTATCGstim","LHb2","LHb_1_2","LHb_B"
"ATAGACCAGCCTTGATstim","LHb2","LHb_1_2","LHb_B"
"ATCCACCAGCCCAGCTstim","LHb2","LHb_1_2","LHb_B"
"ATGCGATAGAAGGACAstim","LHb2","LHb_1_2","LHb_B"
"ATGCGATCAATAGAGTstim","MHb2","MHb_cholinergic_1","MHb_B"
"ATGTGTGAGTTAACGAstim","LHb4","LHb_1_4","LHb_B"
"ATTACTCCAAGTCTGTstim","LHb2","LHb_1_2","LHb_B"
"ATTACTCGTGACAAATstim","LHb2","LHb_1_2","LHb_B"
"ATTACTCGTGCGGTAAstim","LHb2","LHb_1_2","LHb_B"
"ATTCTACTCAACACACstim","LHb2","LHb_1_2","LHb_B"
"ATTCTACTCGTTACAGstim","LHb4","LHb_1_4","LHb_B"
"ATTGGACGTTGAGTTCstim","LHb2","LHb_1_2","LHb_B"
"CAACCAAGTCTAGTCAstim","LHb4","LHb_1_4","LHb_B"
"CAACTAGAGAAACCATstim","LHb4","LHb_1_4","LHb_B"
"CAACTAGTCCACGAATstim","LHb4","LHb_1_4","LHb_B"
"CACAAACCATGCCTAAstim","LHb2","LHb_1_2","LHb_B"
"CACAGGCCACATTTCTstim","LHb2","LHb_1_2","LHb_B"
"CACATAGGTGCTTCTCstim","LHb2","LHb_1_2","LHb_B"
"CACATAGTCGCGTAGCstim","LHb4","LHb_1_4","LHb_B"
"CACTCCACATCCAACAstim","LHb4","LHb_1_4","LHb_B"
"CACTCCATCGGCGCTAstim","LHb4","LHb_1_4","LHb_B"
"CAGAATCCACTTGGATstim","LHb2","LHb_1_2","LHb_B"
"CAGAGAGTCTTAGAGCstim","LHb4","LHb_1_4","LHb_B"
"CAGTCCTTCGCGATCGstim","LHb2","LHb_1_2","LHb_B"
"CATCCACGTATAGGGCstim","LHb2","LHb_1_2","LHb_B"
"CATGACAGTCTGATCAstim","LHb2","LHb_1_2","LHb_B"
"CATGCCTGTTATCACGstim","LHb2","LHb_1_2","LHb_B"
"CATTATCGTATATGGAstim","LHb2","LHb_1_2","LHb_B"
"CATTATCTCAGTTTGGstim","LHb4","LHb_1_4","LHb_B"
"CCACCTACAAAGCGGTstim","LHb2","LHb_1_2","LHb_B"
"CCACGGACACGAAATAstim","LHb2","LHb_1_2","LHb_B"
"CCACGGAGTGGAAAGAstim","LHb2","LHb_1_2","LHb_B"
"CCAGCGATCCCTTGTGstim","LHb4","LHb_1_4","LHb_B"
"CCAGCGATCCTACAGAstim","LHb2","LHb_1_2","LHb_B"
"CCATGTCAGATGCCTTstim","LHb4","LHb_1_4","LHb_B"
"CCATGTCTCCCTCAGTstim","LHb2","LHb_1_2","LHb_B"
"CCATTCGGTGCAACGAstim","LHb2","LHb_1_2","LHb_B"
"CCCAATCTCAGAGGTGstim","LHb2","LHb_1_2","LHb_B"
"CCCATACCAGCTATTGstim","LHb2","LHb_1_2","LHb_B"
"CCCTCCTAGTCAAGGCstim","LHb2","LHb_1_2","LHb_B"
"CCGGTAGAGGATGGAAstim","LHb4","LHb_1_4","LHb_B"
"CCTACACAGCGTTGCCstim","LHb2","LHb_1_2","LHb_B"
"CCTACACGTCTGCAATstim","LHb2","LHb_1_2","LHb_B"
"CCTACCATCCGTCAAAstim","LHb2","LHb_1_2","LHb_B"
"CCTAGCTTCTGTTGAGstim","LHb2","LHb_1_2","LHb_B"
"CCTTACGAGCGTGTCCstim","LHb2","LHb_1_2","LHb_B"
"CCTTCCCGTTCAACCAstim","LHb2","LHb_1_2","LHb_B"
"CGAACATAGGCGACATstim","LHb2","LHb_1_2","LHb_B"
"CGAATGTTCACAAACCstim","LHb2","LHb_1_2","LHb_B"
"CGAGAAGCAATGAATGstim","LHb2","LHb_1_2","LHb_B"
"CGAGCACAGGCTCTTAstim","LHb2","LHb_1_2","LHb_B"
"CGAGCACGTCTAGTGTstim","LHb2","LHb_1_2","LHb_B"
"CGAGCCAAGACACTAAstim","LHb2","LHb_1_2","LHb_B"
"CGATCGGTCTGGTTCCstim","LHb2","LHb_1_2","LHb_B"
"CGATGTACATCAGTCAstim","LHb2","LHb_1_2","LHb_B"
"CGATGTACATCCGGGTstim","LHb2","LHb_1_2","LHb_B"
"CGCCAAGGTTCCGTCTstim","LHb2","LHb_1_2","LHb_B"
"CGCGGTACAATAGCGGstim","Neuron","Neuron","Neuron"
"CGGACACTCGAATGCTstim","LHb4","LHb_1_4","LHb_B"
"CGGACGTGTCTAGAGGstim","LHb2","LHb_1_2","LHb_B"
"CGGAGCTTCCACTGGGstim","LHb2","LHb_1_2","LHb_B"
"CGGAGTCCAGCCAGAAstim","LHb2","LHb_1_2","LHb_B"
"CGGTTAACAAACTGCTstim","LHb2","LHb_1_2","LHb_B"
"CGGTTAAGTTTGTTTCstim","LHb2","LHb_1_2","LHb_B"
"CGTCACTAGCACGCCTstim","LHb2","LHb_1_2","LHb_B"
"CGTCACTCAAATTGCCstim","LHb2","LHb_1_2","LHb_B"
"CGTCTACAGGAGTAGAstim","LHb2","LHb_1_2","LHb_B"
"CGTCTACTCCACGTGGstim","LHb2","LHb_1_2","LHb_B"
"CGTGAGCAGGGTTCCCstim","LHb2","LHb_1_2","LHb_B"
"CGTGAGCCATATGGTCstim","LHb4","LHb_1_4","LHb_B"
"CGTGTAATCAACACGTstim","LHb2","LHb_1_2","LHb_B"
"CGTGTAATCGTCTGCTstim","LHb2","LHb_1_2","LHb_B"
"CGTGTCTGTATTACCGstim","LHb2","LHb_1_2","LHb_B"
"CGTTAGAAGTGACTCTstim","LHb2","LHb_1_2","LHb_B"
"CGTTGGGCAAACGCGAstim","LHb4","LHb_1_4","LHb_B"
"CTAAGACTCTACCAGAstim","LHb4","LHb_1_4","LHb_B"
"CTAATGGTCTAACTGGstim","LHb2","LHb_1_2","LHb_B"
"CTAGAGTAGGATGGTCstim","LHb2","LHb_1_2","LHb_B"
"CTAGCCTCAGCGTAAGstim","LHb4","LHb_1_4","LHb_B"
"CTCGGAGTCTTTCCTCstim","LHb4","LHb_1_4","LHb_B"
"CTCGTCAGTGCCTTGGstim","LHb4","LHb_1_4","LHb_B"
"CTCGTCATCTTGTCATstim","LHb2","LHb_1_2","LHb_B"
"CTCTAATAGTGAAGAGstim","LHb2","LHb_1_2","LHb_B"
"CTCTACGGTCAGCTATstim","LHb4","LHb_1_4","LHb_B"
"CTGAAACTCACGATGTstim","LHb4","LHb_1_4","LHb_B"
"CTGATAGGTCACACGCstim","LHb2","LHb_1_2","LHb_B"
"CTGATCCAGATGCGACstim","LHb4","LHb_1_4","LHb_B"
"CTGTGCTTCACCCTCAstim","LHb2","LHb_1_2","LHb_B"
"CTGTTTAAGCACAGGTstim","LHb4","LHb_1_4","LHb_B"
"CTTAACTCACTTAACGstim","LHb2","LHb_1_2","LHb_B"
"CTTAACTGTACCGGCTstim","LHb2","LHb_1_2","LHb_B"
"CTTGGCTTCCTTGCCAstim","LHb4","LHb_1_4","LHb_B"
"CTTTGCGGTGTAACGGstim","LHb4","LHb_1_4","LHb_B"
"GAAACTCCACCAGCACstim","LHb2","LHb_1_2","LHb_B"
"GAAACTCCACTGTGTAstim","LHb2","LHb_1_2","LHb_B"
"GAAATGAAGTGATCGGstim","LHb4","LHb_1_4","LHb_B"
"GAAATGATCATCTGTTstim","LHb2","LHb_1_2","LHb_B"
"GAACATCTCGCGTTTCstim","LHb2","LHb_1_2","LHb_B"
"GAACCTACACTTAACGstim","LHb2","LHb_1_2","LHb_B"
"GAACGGAAGCCAGAACstim","LHb2","LHb_1_2","LHb_B"
"GAACGGACACTGAAGGstim","LHb6","LHb_1_5","LHb_A"
"GAAGCAGCAACGATGGstim","LHb2","LHb_1_2","LHb_B"
"GAATGAAGTCGCTTCTstim","LHb2","LHb_1_2","LHb_B"
"GAATGAAGTTTACTCTstim","LHb2","LHb_1_2","LHb_B"
"GACACGCTCGGCATCGstim","LHb2","LHb_1_2","LHb_B"
"GACCAATAGCCAGTAGstim","LHb2","LHb_1_2","LHb_B"
"GACGCGTAGAGTGAGAstim","LHb2","LHb_1_2","LHb_B"
"GACGGCTTCTGTCAAGstim","LHb2","LHb_1_2","LHb_B"
"GACTACAGTCCAAGTTstim","LHb4","LHb_1_4","LHb_B"
"GACTGCGCAGCATGAGstim","LHb4","LHb_1_4","LHb_B"
"GACTGCGTCGGGAGTAstim","LHb4","LHb_1_4","LHb_B"
"GAGGTGAGTCTGATCAstim","LHb2","LHb_1_2","LHb_B"
"GAGGTGAGTTTCGCTCstim","LHb4","LHb_1_4","LHb_B"
"GAGTCCGGTGGTTTCAstim","LHb2","LHb_1_2","LHb_B"
"GATCGCGTCCAACCAAstim","LHb4","LHb_1_4","LHb_B"
"GATCTAGCATAACCTGstim","LHb4","LHb_1_4","LHb_B"
"GATGAAAGTGAGCGATstim","LHb2","LHb_1_2","LHb_B"
"GATGAGGCAGTGGAGTstim","LHb2","LHb_1_2","LHb_B"
"GATTCAGGTTGAGTTCstim","LHb2","LHb_1_2","LHb_B"
"GCAAACTCAACACGCCstim","LHb4","LHb_1_4","LHb_B"
"GCAATCAAGCGATTCTstim","OPC1","OPC1","OPC1"
"GCAATCAAGGTTCCTAstim","LHb2","LHb_1_2","LHb_B"
"GCACATAGTTCGGGCTstim","LHb2","LHb_1_2","LHb_B"
"GCACATATCATCGCTCstim","LHb4","LHb_1_4","LHb_B"
"GCACTCTGTGAAAGAGstim","LHb2","LHb_1_2","LHb_B"
"GCATACACAATAAGCAstim","LHb4","LHb_1_4","LHb_B"
"GCATGATAGTTGCAGGstim","LHb2","LHb_1_2","LHb_B"
"GCCTCTATCACTTCATstim","LHb2","LHb_1_2","LHb_B"
"GCGACCATCCGTCAAAstim","LHb4","LHb_1_4","LHb_B"
"GCGCAGTCACACTGCGstim","LHb2","LHb_1_2","LHb_B"
"GCGGGTTTCCGCAAGCstim","LHb4","LHb_1_4","LHb_B"
"GCTCCTATCACCCGAGstim","LHb2","LHb_1_2","LHb_B"
"GCTCCTATCATTTGGGstim","LHb2","LHb_1_2","LHb_B"
"GCTGGGTTCGCTTAGAstim","LHb2","LHb_1_2","LHb_B"
"GGAACTTCAGCTGCACstim","LHb4","LHb_1_4","LHb_B"
"GGAACTTGTAGGACACstim","LHb2","LHb_1_2","LHb_B"
"GGACAAGGTTACAGAAstim","LHb4","LHb_1_4","LHb_B"
"GGACAGAAGGCGACATstim","LHb2","LHb_1_2","LHb_B"
"GGACAGACAGTGGAGTstim","LHb4","LHb_1_4","LHb_B"
"GGACGTCAGATGTGTAstim","LHb4","LHb_1_4","LHb_B"
"GGACGTCGTCTTGATGstim","LHb2","LHb_1_2","LHb_B"
"GGATGTTTCGGACAAGstim","LHb2","LHb_1_2","LHb_B"
"GGCAATTTCTGATACGstim","LHb2","LHb_1_2","LHb_B"
"GGCGACTAGCCAGAACstim","LHb2","LHb_1_2","LHb_B"
"GGCTCGAAGGGCTTGAstim","LHb2","LHb_1_2","LHb_B"
"GGGCATCAGACAGACCstim","LHb4","LHb_1_4","LHb_B"
"GGGTCTGTCACATACGstim","LHb2","LHb_1_2","LHb_B"
"GGTATTGCATCCGGGTstim","LHb2","LHb_1_2","LHb_B"
"GGTGTTAGTAGATTAGstim","MHb2","MHb_cholinergic_1","MHb_B"
"GTAACGTCACGGATAGstim","LHb2","LHb_1_2","LHb_B"
"GTAACTGCATTCCTCGstim","LHb2","LHb_1_2","LHb_B"
"GTACTTTTCACTTCATstim","LHb2","LHb_1_2","LHb_B"
"GTAGTCAAGCTAACTCstim","LHb2","LHb_1_2","LHb_B"
"GTATCTTCAAATTGCCstim","LHb4","LHb_1_4","LHb_B"
"GTATTCTGTTTGTTTCstim","LHb2","LHb_1_2","LHb_B"
"GTATTCTTCACCATAGstim","LHb4","LHb_1_4","LHb_B"
"GTCAAGTAGTCGCCGTstim","LHb4","LHb_1_4","LHb_B"
"GTCACAATCCGTCAAAstim","LHb2","LHb_1_2","LHb_B"
"GTCACGGTCAGGCAAGstim","LHb2","LHb_1_2","LHb_B"
"GTCATTTCACACAGAGstim","LHb4","LHb_1_4","LHb_B"
"GTCGGGTCAAGCCGTCstim","LHb2","LHb_1_2","LHb_B"
"GTCGGGTCACGCGAAAstim","LHb2","LHb_1_2","LHb_B"
"GTGAAGGTCCACGTGGstim","LHb2","LHb_1_2","LHb_B"
"GTGCGGTAGACGCTTTstim","LHb4","LHb_1_4","LHb_B"
"GTTACAGGTTATCCGAstim","LHb2","LHb_1_2","LHb_B"
"GTTCGGGAGCAGACTGstim","LHb5","LHb_2","LHb_A"
"GTTCGGGGTGTGGTTTstim","LHb4","LHb_1_4","LHb_B"
"GTTCTCGCAAGCGCTCstim","LHb2","LHb_1_2","LHb_B"
"GTTTCTATCTGTCCGTstim","LHb2","LHb_1_2","LHb_B"
"TAAGAGAAGTCATGCTstim","LHb2","LHb_1_2","LHb_B"
"TACAGTGAGTGTTTGCstim","LHb2","LHb_1_2","LHb_B"
"TACGGATTCTGAAAGAstim","LHb2","LHb_1_2","LHb_B"
"TACGGGCGTAAGCACGstim","Neuron","Neuron","Neuron"
"TACGGTAGTGTGACCCstim","LHb2","LHb_1_2","LHb_B"
"TACGGTATCGCAAACTstim","LHb4","LHb_1_4","LHb_B"
"TACTCGCGTGCAACTTstim","LHb4","LHb_1_4","LHb_B"
"TACTTACCAGACGCTCstim","LHb4","LHb_1_4","LHb_B"
"TACTTGTGTCATGCATstim","LHb4","LHb_1_4","LHb_B"
"TAGACCAAGCGTGAACstim","LHb2","LHb_1_2","LHb_B"
"TAGACCAGTCTCCACTstim","Neuron","Neuron","Neuron"
"TAGCCGGAGATATGGTstim","LHb2","LHb_1_2","LHb_B"
"TAGTTGGTCAAACCGTstim","LHb4","LHb_1_4","LHb_B"
"TATCAGGAGGTGGGTTstim","LHb2","LHb_1_2","LHb_B"
"TATCAGGAGTGACTCTstim","LHb2","LHb_1_2","LHb_B"
"TATCTCACACAGACAGstim","LHb2","LHb_1_2","LHb_B"
"TATTACCTCTGCTGCTstim","LHb2","LHb_1_2","LHb_B"
"TCACGAATCGTGTAGTstim","LHb2","LHb_1_2","LHb_B"
"TCGAGGCTCCTAGTGAstim","LHb2","LHb_1_2","LHb_B"
"TCGCGTTCAATGGAATstim","Neuron","Neuron","Neuron"
"TCGTAGAGTCGACTGCstim","LHb4","LHb_1_4","LHb_B"
"TCTATTGCAGGGTACAstim","LHb2","LHb_1_2","LHb_B"
"TCTCATATCATGTGGTstim","LHb2","LHb_1_2","LHb_B"
"TCTCTAACATCCTTGCstim","LHb4","LHb_1_4","LHb_B"
"TCTTCGGTCGTCACGGstim","LHb2","LHb_1_2","LHb_B"
"TGACAACTCAGCACATstim","LHb2","LHb_1_2","LHb_B"
"TGACTTTTCAGGTTCAstim","LHb2","LHb_1_2","LHb_B"
"TGACTTTTCATTGCGAstim","Neuron","Neuron","Neuron"
"TGAGCATCACTGCCAGstim","Neuron","Neuron","Neuron"
"TGAGCCGAGCGTCAAGstim","LHb2","LHb_1_2","LHb_B"
"TGCCAAAGTTACGTCAstim","LHb2","LHb_1_2","LHb_B"
"TGCCCATGTGAGGGTTstim","LHb2","LHb_1_2","LHb_B"
"TGCTGCTTCGCAAGCCstim","LHb4","LHb_1_4","LHb_B"
"TGGACGCAGAAACCTAstim","LHb4","LHb_1_4","LHb_B"
"TGGACGCTCATAAAGGstim","LHb4","LHb_1_4","LHb_B"
"TGGCTGGTCCTGCAGGstim","LHb4","LHb_1_4","LHb_B"
"TGGGCGTTCTATCCTAstim","LHb2","LHb_1_2","LHb_B"
"TGGTTAGCATGCAACTstim","LHb2","LHb_1_2","LHb_B"
"TGGTTAGGTGGTCCGTstim","LHb2","LHb_1_2","LHb_B"
"TGGTTCCTCTGTCTCGstim","LHb2","LHb_1_2","LHb_B"
"TGTATTCAGGATGTATstim","LHb2","LHb_1_2","LHb_B"
"TGTCCCATCATTCACTstim","LHb4","LHb_1_4","LHb_B"
"TGTGGTACAATCACACstim","LHb4","LHb_1_4","LHb_B"
"TGTGGTATCGTACCGGstim","LHb2","LHb_1_2","LHb_B"
"TGTGTTTAGGACATTAstim","LHb2","LHb_1_2","LHb_B"
"TGTGTTTAGGCTCATTstim","LHb4","LHb_1_4","LHb_B"
"TTATGCTAGGTGACCAstim","LHb2","LHb_1_2","LHb_B"
"TTATGCTCAACAACCTstim","LHb2","LHb_1_2","LHb_B"
"TTCCCAGCACGGTGTCstim","LHb2","LHb_1_2","LHb_B"
"TTCCCAGCAGTCAGAGstim","LHb2","LHb_1_2","LHb_B"
"TTCTACACATTCACTTstim","LHb2","LHb_1_2","LHb_B"
"TTCTCCTCACATCTTTstim","LHb2","LHb_1_2","LHb_B"
"TTCTTAGGTTACGTCAstim","LHb4","LHb_1_4","LHb_B"
"TTGAACGGTTGGGACAstim","LHb2","LHb_1_2","LHb_B"
"TTGACTTGTCAGCTATstim","LHb4","LHb_1_4","LHb_B"
"TTGACTTTCTGTGCAAstim","LHb2","LHb_1_2","LHb_B"
"TTGCCGTGTGCTTCTCstim","LHb2","LHb_1_2","LHb_B"
"TTGGAACGTCTTCAAGstim","LHb4","LHb_1_4","LHb_B"
"TTGGCAACACGAGAGTstim","LHb4","LHb_1_4","LHb_B"
"TTTATGCCACCTTGTCstim","LHb4","LHb_1_4","LHb_B"
"TTTCCTCAGCCACCTGstim","LHb4","LHb_1_4","LHb_B"
"TTTGCGCAGGCTCATTstim","LHb2","LHb_1_2","LHb_B"
"AAAGATGGTGCGGTAAstim","OPC2","OPC2","OPC2"
"AAAGATGTCTTGTTTGstim","OPC2","OPC2","OPC2"
"AACGTTGTCAGCGATTstim","OPC2","OPC2","OPC2"
"AACTCCCTCCATGAGTstim","OPC2","OPC2","OPC2"
"AAGACCTAGACAATACstim","OPC2","OPC2","OPC2"
"AAGACCTAGCTGTCTAstim","OPC2","OPC2","OPC2"
"AAGACCTCATTACGACstim","OPC2","OPC2","OPC2"
"AAGACCTGTGGACGATstim","OPC2","OPC2","OPC2"
"AAGCCGCAGCCCTAATstim","OPC2","OPC2","OPC2"
"AAGGTTCCAGTTCCCTstim","OPC2","OPC2","OPC2"
"AATCCAGGTACCTACAstim","OPC2","OPC2","OPC2"
"ACACCCTTCACCATAGstim","OPC2","OPC2","OPC2"
"ACACCGGAGTGTACGGstim","OPC2","OPC2","OPC2"
"ACACTGACAGACAAGCstim","OPC2","OPC2","OPC2"
"ACAGCCGAGATCCGAGstim","OPC2","OPC2","OPC2"
"ACAGCTATCACCTCGTstim","OPC2","OPC2","OPC2"
"ACATACGGTCATATCGstim","OPC2","OPC2","OPC2"
"ACGAGGATCTGCAAGTstim","OPC2","OPC2","OPC2"
"ACGATACTCGGCGCATstim","OPC2","OPC2","OPC2"
"ACGATGTTCGATGAGGstim","OPC2","OPC2","OPC2"
"ACGCCAGAGGATCGCAstim","OPC2","OPC2","OPC2"
"ACGCCGATCTAAGCCAstim","OPC2","OPC2","OPC2"
"ACGGGTCTCAGTACGTstim","OPC2","OPC2","OPC2"
"ACTATCTAGAACTCGGstim","OPC2","OPC2","OPC2"
"ACTGAGTCAAGAGGCTstim","OPC2","OPC2","OPC2"
"ACTGTCCAGACAGGCTstim","OPC2","OPC2","OPC2"
"ACTGTCCCACACGCTGstim","OPC2","OPC2","OPC2"
"ACTTTCACAGGCTGAAstim","OPC2","OPC2","OPC2"
"AGAGCGAAGACAGGCTstim","OPC2","OPC2","OPC2"
"AGAGTGGGTATAGTAGstim","OPC2","OPC2","OPC2"
"AGAGTGGTCGTCACGGstim","OPC2","OPC2","OPC2"
"AGCATACAGCATCATCstim","OPC2","OPC2","OPC2"
"AGCGTCGGTCTCTTTAstim","OPC2","OPC2","OPC2"
"AGCTCCTCACTTGGATstim","OPC2","OPC2","OPC2"
"AGCTCCTTCGGACAAGstim","OPC2","OPC2","OPC2"
"AGCTCTCAGCAGACTGstim","OPC2","OPC2","OPC2"
"AGCTTGAAGGCCATAGstim","OPC2","OPC2","OPC2"
"AGGGAGTCATGGTTGTstim","OPC2","OPC2","OPC2"
"AGGTCCGCAGCATGAGstim","OPC2","OPC2","OPC2"
"AGGTCCGTCTGCGACGstim","OPC2","OPC2","OPC2"
"AGTAGTCCATGTAAGAstim","OPC2","OPC2","OPC2"
"AGTCTTTAGTAGTGCGstim","OPC2","OPC2","OPC2"
"ATAACGCGTTAGATGAstim","OPC2","OPC2","OPC2"
"ATCATCTCACCGGAAAstim","OPC2","OPC2","OPC2"
"ATCATGGCAATGCCATstim","OPC2","OPC2","OPC2"
"ATCGAGTGTTGGACCCstim","OPC1","OPC1","OPC1"
"ATCGAGTTCGGCATCGstim","OPC2","OPC2","OPC2"
"ATCTACTGTTCTCATTstim","OPC2","OPC2","OPC2"
"ATGGGAGAGTCTCGGCstim","OPC2","OPC2","OPC2"
"ATTCTACGTATCAGTCstim","OPC2","OPC2","OPC2"
"ATTTCTGCAGGTTTCAstim","OPC2","OPC2","OPC2"
"CAACCTCCAGTTAACCstim","OPC2","OPC2","OPC2"
"CAAGATCAGCAGGCTAstim","OPC2","OPC2","OPC2"
"CACAAACAGACGCTTTstim","OPC2","OPC2","OPC2"
"CACACAAAGTTGAGATstim","OPC2","OPC2","OPC2"
"CACACTCAGAGTACCGstim","OPC2","OPC2","OPC2"
"CACACTCCAGCTGCACstim","OPC2","OPC2","OPC2"
"CACACTCGTAACGTTCstim","OPC2","OPC2","OPC2"
"CACAGTATCCACGTGGstim","OPC2","OPC2","OPC2"
"CACCTTGGTATAATGGstim","OPC2","OPC2","OPC2"
"CAGAATCGTCAATGTCstim","OPC2","OPC2","OPC2"
"CAGAGAGGTCCATGATstim","OPC2","OPC2","OPC2"
"CAGATCATCCGTAGTAstim","OPC2","OPC2","OPC2"
"CAGCATAGTGCCTGGTstim","OPC2","OPC2","OPC2"
"CAGCTAACAGACGTAGstim","OPC2","OPC2","OPC2"
"CAGGTGCTCTAACTGGstim","OPC2","OPC2","OPC2"
"CAGTAACTCTACTCATstim","OPC2","OPC2","OPC2"
"CATATTCCACACCGCAstim","OPC2","OPC2","OPC2"
"CATCCACGTAACGTTCstim","OPC2","OPC2","OPC2"
"CATGGCGTCACATAGCstim","OPC2","OPC2","OPC2"
"CATTATCGTCTCATCCstim","OPC2","OPC2","OPC2"
"CATTATCTCGTGGGAAstim","OPC2","OPC2","OPC2"
"CATTCGCGTCATCGGCstim","OPC2","OPC2","OPC2"
"CATTCGCTCCAATGGTstim","OPC2","OPC2","OPC2"
"CCAATCCGTTCGAATCstim","OPC2","OPC2","OPC2"
"CCACCTACATGCCACGstim","OPC2","OPC2","OPC2"
"CCACGGACAGATTGCTstim","OPC2","OPC2","OPC2"
"CCATTCGCAGCCTTGGstim","OPC2","OPC2","OPC2"
"CCCAGTTTCGGCGGTTstim","OPC2","OPC2","OPC2"
"CCGGGATCACATCCGGstim","OPC2","OPC2","OPC2"
"CCGGTAGTCTTGCAAGstim","OPC2","OPC2","OPC2"
"CCGTGGATCAGCACATstim","OPC2","OPC2","OPC2"
"CCTAAAGCACGAAATAstim","OPC2","OPC2","OPC2"
"CCTACACAGGAACTGCstim","OPC2","OPC2","OPC2"
"CCTACCAAGTCTCCTCstim","OPC2","OPC2","OPC2"
"CCTAGCTCATACAGCTstim","OPC2","OPC2","OPC2"
"CCTATTACAATTCCTTstim","OPC2","OPC2","OPC2"
"CCTATTACATCGGAAGstim","OPC2","OPC2","OPC2"
"CCTATTATCAGTTTGGstim","OPC2","OPC2","OPC2"
"CCTTCGAGTACCTACAstim","OPC2","OPC2","OPC2"
"CCTTTCTAGCTGAAATstim","OPC2","OPC2","OPC2"
"CCTTTCTGTCGCGAAAstim","OPC2","OPC2","OPC2"
"CGAACATTCGTTGCCTstim","OPC2","OPC2","OPC2"
"CGAGAAGCACAAGTAAstim","OPC2","OPC2","OPC2"
"CGAGAAGGTCTAAAGAstim","OPC2","OPC2","OPC2"
"CGAGCACAGACAATACstim","OPC2","OPC2","OPC2"
"CGAGCCACAGTCACTAstim","OPC2","OPC2","OPC2"
"CGATCGGAGCCGGTAAstim","OPC2","OPC2","OPC2"
"CGCCAAGTCAGGTAAAstim","OPC2","OPC2","OPC2"
"CGGACACCAAGGTTTCstim","OPC2","OPC2","OPC2"
"CGGACTGCATCACAACstim","OPC2","OPC2","OPC2"
"CGGGTCAAGCGTTGCCstim","OPC2","OPC2","OPC2"
"CGGGTCACATACGCTAstim","OPC2","OPC2","OPC2"
"CGGGTCAGTCGGCACTstim","OPC2","OPC2","OPC2"
"CGGTTAATCCGTTGCTstim","OPC2","OPC2","OPC2"
"CGTCAGGAGCACCGTCstim","OPC2","OPC2","OPC2"
"CGTCAGGTCCAGGGCTstim","OPC2","OPC2","OPC2"
"CGTCTACCATTCTTACstim","OPC2","OPC2","OPC2"
"CGTGAGCTCTTTACACstim","OPC2","OPC2","OPC2"
"CGTGTAAGTGTGACGAstim","OPC2","OPC2","OPC2"
"CGTTAGAGTAGGGACTstim","OPC2","OPC2","OPC2"
"CGTTAGAGTTATCCGAstim","OPC2","OPC2","OPC2"
"CGTTCTGCAGAGTGTGstim","OPC2","OPC2","OPC2"
"CTAAGACCAATGAAACstim","OPC2","OPC2","OPC2"
"CTAAGACTCGGCATCGstim","OPC2","OPC2","OPC2"
"CTACCCATCCTCAATTstim","OPC2","OPC2","OPC2"
"CTACCCATCTGTCCGTstim","OPC2","OPC2","OPC2"
"CTACGTCCATCCGTGGstim","OPC2","OPC2","OPC2"
"CTAGAGTGTCCAGTATstim","OPC2","OPC2","OPC2"
"CTAGCCTAGTCGTACTstim","OPC2","OPC2","OPC2"
"CTCACACTCTGCGACGstim","OPC2","OPC2","OPC2"
"CTCAGAACATCCTAGAstim","OPC2","OPC2","OPC2"
"CTCAGAAGTACATGTCstim","OPC2","OPC2","OPC2"
"CTCATTACAGCTCCGAstim","OPC2","OPC2","OPC2"
"CTCGAGGCAAACTGTCstim","OPC2","OPC2","OPC2"
"CTCGTACCAAGACACGstim","OPC2","OPC2","OPC2"
"CTCGTCAGTCCAGTATstim","OPC2","OPC2","OPC2"
"CTCGTCAGTCGGGTCTstim","OPC2","OPC2","OPC2"
"CTCTACGAGGCATGGTstim","OPC2","OPC2","OPC2"
"CTCTGGTCACGGATAGstim","OPC2","OPC2","OPC2"
"CTGATAGAGGATGGAAstim","OPC2","OPC2","OPC2"
"CTGATCCCAAGCCATTstim","OPC2","OPC2","OPC2"
"CTGTTTACACGAAGCAstim","OPC2","OPC2","OPC2"
"CTGTTTATCACCTCGTstim","OPC2","OPC2","OPC2"
"CTTAACTTCTGGAGCCstim","OPC2","OPC2","OPC2"
"CTTAGGAAGGACGAAAstim","OPC2","OPC2","OPC2"
"GAAATGATCGACCAGCstim","OPC2","OPC2","OPC2"
"GAACATCGTGAACCTTstim","OPC1","OPC1","OPC1"
"GAACGGAGTCTCATCCstim","OPC2","OPC2","OPC2"
"GAATGAATCAGGTTCAstim","OPC2","OPC2","OPC2"
"GACAGAGCAACTGGCCstim","OPC2","OPC2","OPC2"
"GACCAATCAAGTCATCstim","OPC2","OPC2","OPC2"
"GACCTGGAGCGTGAACstim","OPC2","OPC2","OPC2"
"GACGGCTCATGTAGTCstim","OPC2","OPC2","OPC2"
"GACGTGCTCAGTGCATstim","OPC2","OPC2","OPC2"
"GAGTCCGGTGTGACCCstim","OPC2","OPC2","OPC2"
"GATCGATCAGCTGGCTstim","OPC2","OPC2","OPC2"
"GATCGATCATTAACCGstim","OPC2","OPC2","OPC2"
"GATCGTACAATGAAACstim","OPC2","OPC2","OPC2"
"GATGAAACATACCATGstim","OPC2","OPC2","OPC2"
"GATGAGGAGAACAACTstim","OPC2","OPC2","OPC2"
"GATGAGGAGCTGAACGstim","OPC2","OPC2","OPC2"
"GATGCTAAGCTAGTCTstim","OPC2","OPC2","OPC2"
"GCATGCGCAAGCTGGAstim","OPC2","OPC2","OPC2"
"GCGCAACTCCACGAATstim","OPC2","OPC2","OPC2"
"GCTCCTACAAAGTCAAstim","OPC2","OPC2","OPC2"
"GCTCCTAGTTAAAGACstim","OPC2","OPC2","OPC2"
"GCTGCGAAGAAACGAGstim","OPC2","OPC2","OPC2"
"GCTGCTTAGATGAGAGstim","OPC2","OPC2","OPC2"
"GCTGCTTGTACGAAATstim","OPC2","OPC2","OPC2"
"GCTGCTTGTGTTTGTGstim","OPC2","OPC2","OPC2"
"GCTGGGTGTACCGGCTstim","OPC2","OPC2","OPC2"
"GCTTGAACACTCTGTCstim","OPC2","OPC2","OPC2"
"GGCCGATGTCGAACAGstim","OPC2","OPC2","OPC2"
"GGCGTGTCATGTAAGAstim","OPC2","OPC2","OPC2"
"GGCTCGAGTGACTCATstim","OPC2","OPC2","OPC2"
"GGGACCTAGCCGATTTstim","OPC2","OPC2","OPC2"
"GGGAGATGTTATGCGTstim","OPC2","OPC2","OPC2"
"GGGTTGCGTCTAACGTstim","OPC2","OPC2","OPC2"
"GGTGCGTAGCGCTCCAstim","OPC2","OPC2","OPC2"
"GTAACTGCAAGCTGTTstim","OPC2","OPC2","OPC2"
"GTACTCCCAAGCCATTstim","OPC2","OPC2","OPC2"
"GTACTTTTCAAGGCTTstim","OPC2","OPC2","OPC2"
"GTAGGCCCAAGTTGTCstim","OPC2","OPC2","OPC2"
"GTATTCTCAATCAGAAstim","OPC2","OPC2","OPC2"
"GTCAAGTCACATGGGAstim","OPC2","OPC2","OPC2"
"GTCGGGTGTTCTGGTAstim","OPC2","OPC2","OPC2"
"GTCGTAAAGGCCGAATstim","OPC2","OPC2","OPC2"
"GTCTCGTGTTACGTCAstim","OPC2","OPC2","OPC2"
"GTGCTTCTCAACACCAstim","OPC2","OPC2","OPC2"
"TAAACCGAGACAGACCstim","OPC2","OPC2","OPC2"
"TAAACCGAGATAGTCAstim","OPC2","OPC2","OPC2"
"TAAGAGATCTGCCCTAstim","OPC2","OPC2","OPC2"
"TACGGGCAGTCCGTATstim","OPC2","OPC2","OPC2"
"TACGGTAAGCCCAGCTstim","OPC2","OPC2","OPC2"
"TACTCATCACACCGCAstim","OPC2","OPC2","OPC2"
"TAGAGCTAGAAACGCCstim","OPC2","OPC2","OPC2"
"TAGGCATAGATCGATAstim","OPC2","OPC2","OPC2"
"TATCAGGAGAGACGAAstim","OPC2","OPC2","OPC2"
"TATCAGGAGGGTATCGstim","OPC2","OPC2","OPC2"
"TCACAAGAGATGTAACstim","OPC2","OPC2","OPC2"
"TCACAAGGTGGCCCTAstim","OPC2","OPC2","OPC2"
"TCACGAACACGAAACGstim","OPC2","OPC2","OPC2"
"TCAGATGCACAGACTTstim","OPC2","OPC2","OPC2"
"TCAGCTCAGTACGACGstim","OPC2","OPC2","OPC2"
"TCCCGATAGGTGCTAGstim","OPC2","OPC2","OPC2"
"TCGTACCCACACCGCAstim","OPC2","OPC2","OPC2"
"TCTATTGTCTCGGACGstim","OPC2","OPC2","OPC2"
"TCTTTCCCAGGGTATGstim","OPC2","OPC2","OPC2"
"TGACTAGAGTCCTCCTstim","OPC2","OPC2","OPC2"
"TGACTAGTCACAGTACstim","OPC2","OPC2","OPC2"
"TGAGAGGTCTGCCCTAstim","OPC2","OPC2","OPC2"
"TGAGCCGAGAATTGTGstim","OPC2","OPC2","OPC2"
"TGAGCCGGTGTGTGCCstim","OPC2","OPC2","OPC2"
"TGAGGGAAGGTAAACTstim","OPC2","OPC2","OPC2"
"TGATTTCAGACCTTTGstim","OPC2","OPC2","OPC2"
"TGCACCTGTCGTGGCTstim","OPC2","OPC2","OPC2"
"TGCCCATCACACATGTstim","OPC2","OPC2","OPC2"
"TGCCCTAGTAACGACGstim","OPC2","OPC2","OPC2"
"TGCGGGTGTTCCGTCTstim","OPC2","OPC2","OPC2"
"TGCTACCAGCTGGAACstim","OPC2","OPC2","OPC2"
"TGGACGCGTTCGGCACstim","OPC2","OPC2","OPC2"
"TGGTTCCAGCGTAATAstim","OPC2","OPC2","OPC2"
"TGGTTCCCATCCTTGCstim","OPC2","OPC2","OPC2"
"TGTGTTTGTAGCTGCCstim","OPC2","OPC2","OPC2"
"TTAGGCAAGATCTGCTstim","OPC2","OPC2","OPC2"
"TTAGTTCAGCCACCTGstim","OPC2","OPC2","OPC2"
"TTCGGTCTCCATTCTAstim","OPC2","OPC2","OPC2"
"TTCTACATCTGCTTGCstim","OPC2","OPC2","OPC2"
"TTGACTTGTCCCGACAstim","OPC2","OPC2","OPC2"
"TTGTAGGTCTACTTACstim","OPC2","OPC2","OPC2"
"TTTACTGAGATTACCCstim","OPC2","OPC2","OPC2"
"TTTCCTCTCAATACCGstim","OPC2","OPC2","OPC2"
"TTTCCTCTCTGTCCGTstim","OPC2","OPC2","OPC2"
"TTTGCGCCAAGCTGGAstim","OPC2","OPC2","OPC2"
"TTTGGTTCATGAACCTstim","OPC2","OPC2","OPC2"
"TTTGTCAAGAAAGTGGstim","OPC2","OPC2","OPC2"
"AAAGCAAGTCAGAGGTstim","MHb5","MHb_subP","MHb_A"
"AAATGCCGTTCTGTTTstim","MHb5","MHb_subP","MHb_A"
"AACCATGCATTAACCGstim","MHb5","MHb_subP","MHb_A"
"AACCGCGGTTACGACTstim","MHb5","MHb_subP","MHb_A"
"AACGTTGCAAGCGCTCstim","MHb5","MHb_subP","MHb_A"
"AACTCAGTCACTTACTstim","LHb4","LHb_1_4","LHb_B"
"AACTCCCTCGCCGTGAstim","MHb5","MHb_subP","MHb_A"
"AACTCTTAGTCAATAGstim","MHb5","MHb_subP","MHb_A"
"AACTCTTAGTGGGCTAstim","MHb5","MHb_subP","MHb_A"
"AACTGGTTCCCTAACCstim","MHb5","MHb_subP","MHb_A"
"AACTTTCAGCTACCGCstim","MHb5","MHb_subP","MHb_A"
"AAGTCTGCAGGTTTCAstim","MHb5","MHb_subP","MHb_A"
"ACACCCTGTTAAGTAGstim","MHb5","MHb_subP","MHb_A"
"ACAGCTACACCCATGGstim","MHb5","MHb_subP","MHb_A"
"ACATCAGTCGATGAGGstim","MHb5","MHb_subP","MHb_A"
"ACATCAGTCGGAAATAstim","MHb5","MHb_subP","MHb_A"
"ACCGTAACAAGTCTGTstim","MHb5","MHb_subP","MHb_A"
"ACGATGTGTTGATTCGstim","MHb1","MHb_subP_cholinergic","MHb_subP_cholinergic"
"ACGCAGCAGCGCTTATstim","MHb5","MHb_subP","MHb_A"
"ACGCCAGAGGACAGAAstim","Neuron","MHb_subP_cholinergic","MHb_subP_cholinergic"
"ACGGCCATCAATAAGGstim","MHb5","MHb_subP","MHb_A"
"ACGGCCATCTACTATCstim","MHb5","MHb_subP","MHb_A"
"ACGGGTCTCTTGTACTstim","MHb5","MHb_subP","MHb_A"
"ACGTCAACACCAGATTstim","Neuron","LHb_2","LHb_A"
"ACTATCTGTGATGTCTstim","MHb5","MHb_subP","MHb_A"
"ACTGATGGTGATGTGGstim","MHb5","MHb_subP","MHb_A"
"ACTGTCCAGAGGGATAstim","MHb5","MHb_subP","MHb_A"
"AGCGGTCAGCTCTCGGstim","MHb5","MHb_subP","MHb_A"
"AGCGTCGGTACTTGACstim","MHb5","MHb_subP","MHb_A"
"AGCTCCTTCCTAGTGAstim","MHb5","MHb_subP","MHb_A"
"AGCTTGATCTCACATTstim","MHb5","MHb_subP","MHb_A"
"AGTAGTCTCTCGTTTAstim","MHb5","MHb_subP","MHb_A"
"AGTGGGAGTCGTGGCTstim","LHb5","LHb_2","LHb_A"
"ATCATCTGTCTTCAAGstim","MHb5","MHb_subP","MHb_A"
"ATCCGAAGTCGGCATCstim","MHb5","MHb_subP","MHb_A"
"ATCCGAATCAGAGCTTstim","MHb5","MHb_subP","MHb_A"
"ATCGAGTGTTTGACTGstim","MHb5","MHb_subP","MHb_A"
"ATCTACTCATCCGGGTstim","MHb5","MHb_subP","MHb_A"
"ATGTGTGAGCGATATAstim","MHb5","MHb_subP","MHb_A"
"ATTGGTGGTTCACCTCstim","MHb5","MHb_subP","MHb_A"
"CAACCAACACAGAGGTstim","MHb5","MHb_subP","MHb_A"
"CACACAAAGTTCCACAstim","MHb5","MHb_subP","MHb_A"
"CACACTCAGATGTGTAstim","MHb5","MHb_subP","MHb_A"
"CACACTCTCACATAGCstim","MHb5","MHb_subP","MHb_A"
"CACAGGCAGACCCACCstim","MHb5","MHb_subP","MHb_A"
"CACAGTAGTCAAAGATstim","MHb5","MHb_subP","MHb_A"
"CACATTTCATTCGACAstim","MHb5","MHb_subP","MHb_A"
"CACATTTGTGATGTCTstim","MHb5","MHb_subP","MHb_A"
"CACCTTGGTTGTCTTTstim","MHb5","MHb_subP","MHb_A"
"CACTCCAAGTCTCAACstim","MHb5","MHb_subP","MHb_A"
"CACTCCATCACCGGGTstim","MHb5","MHb_subP","MHb_A"
"CAGAGAGTCTACTATCstim","MHb5","MHb_subP","MHb_A"
"CAGCAGCAGACAATACstim","MHb5","MHb_subP","MHb_A"
"CAGCAGCTCTTACCGCstim","MHb5","MHb_subP","MHb_A"
"CAGTAACCAGATGAGCstim","MHb5","MHb_subP","MHb_A"
"CAGTCCTAGAAGGGTAstim","MHb5","MHb_subP","MHb_A"
"CAGTCCTGTATGGTTCstim","MHb5","MHb_subP","MHb_A"
"CATATGGAGAATGTGTstim","MHb5","MHb_subP","MHb_A"
"CATCAGACAATGGAGCstim","MHb5","MHb_subP","MHb_A"
"CATCCACTCGAACGGAstim","MHb5","MHb_subP","MHb_A"
"CATCGGGTCTAACGGTstim","MHb5","MHb_subP","MHb_A"
"CATGACAGTTCGCTAAstim","MHb5","MHb_subP","MHb_A"
"CATTATCGTCCAGTATstim","MHb5","MHb_subP","MHb_A"
"CCACCTAAGATGCCAGstim","MHb5","MHb_subP","MHb_A"
"CCACGGAAGCGTTTACstim","MHb5","MHb_subP","MHb_A"
"CCACTACTCAACGAAAstim","MHb5","MHb_subP","MHb_A"
"CCATTCGAGACTAAGTstim","MHb5","MHb_subP","MHb_A"
"CCATTCGCAGGAATGCstim","MHb5","MHb_subP","MHb_A"
"CCCAATCCACTTAACGstim","MHb5","MHb_subP","MHb_A"
"CCCAATCCAGGATTGGstim","MHb5","MHb_subP","MHb_A"
"CCCAATCGTGATAAGTstim","MHb5","MHb_subP","MHb_A"
"CCCAATCTCTTTAGTCstim","MHb5","MHb_subP","MHb_A"
"CCCATACGTGACGGTAstim","MHb5","MHb_subP","MHb_A"
"CCGGTAGCAATCTACGstim","MHb5","MHb_subP","MHb_A"
"CCGGTAGGTGTTCGATstim","MHb5","MHb_subP","MHb_A"
"CCGTACTAGCTAGTGGstim","MHb5","MHb_subP","MHb_A"
"CCGTACTTCCCGGATGstim","MHb1","MHb_subP_cholinergic","MHb_subP_cholinergic"
"CCTACCACAATGGTCTstim","MHb2","MHb_cholinergic_1","MHb_B"
"CCTTACGTCCTGTAGAstim","MHb5","MHb_subP","MHb_A"
"CGAACATGTCGAAAGCstim","MHb5","MHb_subP","MHb_A"
"CGACCTTAGCCAGTAGstim","MHb5","MHb_subP","MHb_A"
"CGAGCACTCTTTACGTstim","MHb5","MHb_subP","MHb_A"
"CGATGTAGTTCCATGAstim","MHb5","MHb_subP","MHb_A"
"CGATTGACACCGATATstim","MHb5","MHb_subP","MHb_A"
"CGCGGTAAGTGAAGAGstim","MHb5","MHb_subP","MHb_A"
"CGCGGTATCGCTAGCGstim","MHb5","MHb_subP","MHb_A"
"CGCTATCGTTGTCGCGstim","MHb5","MHb_subP","MHb_A"
"CGGAGTCCAGACGCAAstim","LHb5","LHb_2","LHb_A"
"CGTAGCGCACGAAGCAstim","MHb5","MHb_subP","MHb_A"
"CGTCACTAGGTGACCAstim","MHb5","MHb_subP","MHb_A"
"CGTCACTCAGCAGTTTstim","MHb4","MHb_cholinergic_3","MHb_B"
"CGTCACTCAGTCGTGCstim","MHb5","MHb_subP","MHb_A"
"CGTCACTGTCACTGGCstim","MHb5","MHb_subP","MHb_A"
"CGTCCATAGCCCAATTstim","MHb5","MHb_subP","MHb_A"
"CGTGAGCTCATTCACTstim","MHb5","MHb_subP","MHb_A"
"CGTGTAACAAGTAGTAstim","MHb5","MHb_subP","MHb_A"
"CTAAGACTCGGAATCTstim","MHb5","MHb_subP","MHb_A"
"CTACACCCAGTGAGTGstim","MHb5","MHb_subP","MHb_A"
"CTACATTTCAACACTGstim","MHb5","MHb_subP","MHb_A"
"CTACGTCGTTAAGGGCstim","MHb5","MHb_subP","MHb_A"
"CTAGAGTCATAGGATAstim","MHb5","MHb_subP","MHb_A"
"CTAGCCTGTCCGACGTstim","MHb5","MHb_subP","MHb_A"
"CTAGTGAGTAATCACCstim","MHb5","MHb_subP","MHb_A"
"CTCGAAAAGCCGTCGTstim","MHb5","MHb_subP","MHb_A"
"CTCGGGAGTGACGGTAstim","MHb5","MHb_subP","MHb_A"
"CTCGGGAGTTCCGTCTstim","MHb5","MHb_subP","MHb_A"
"CTCGTCACATTGGCGCstim","MHb5","MHb_subP","MHb_A"
"CTCTAATCAGATTGCTstim","MHb1","MHb_subP_cholinergic","MHb_subP_cholinergic"
"CTCTAATGTTGGAGGTstim","MHb5","MHb_subP","MHb_A"
"CTCTACGCACGGTAAGstim","MHb5","MHb_subP","MHb_A"
"CTCTACGCATCCCATCstim","MHb5","MHb_subP","MHb_A"
"CTCTACGCATTCGACAstim","MHb5","MHb_subP","MHb_A"
"CTGCGGAAGTAAGTACstim","MHb5","MHb_subP","MHb_A"
"CTGCGGATCTGTTGAGstim","MHb5","MHb_subP","MHb_A"
"CTTACCGCATGCAACTstim","MHb5","MHb_subP","MHb_A"
"CTTAGGAAGAGGTAGAstim","MHb5","MHb_subP","MHb_A"
"CTTCTCTCAGGCTCACstim","MHb5","MHb_subP","MHb_A"
"CTTCTCTCATTCTTACstim","MHb5","MHb_subP","MHb_A"
"CTTTGCGAGTGAACGCstim","MHb5","MHb_subP","MHb_A"
"GAAACTCAGTGGGCTAstim","Neuron","MHb_subP_cholinergic","MHb_subP_cholinergic"
"GAAACTCGTGGTACAGstim","MHb5","MHb_subP","MHb_A"
"GAACATCAGATCTGCTstim","MHb5","MHb_subP","MHb_A"
"GAACGGATCCTTTACAstim","MHb5","MHb_subP","MHb_A"
"GACACGCCACGGCCATstim","MHb5","MHb_subP","MHb_A"
"GACAGAGCATAAGACAstim","MHb5","MHb_subP","MHb_A"
"GACCTGGCATTACCTTstim","MHb5","MHb_subP","MHb_A"
"GACGGCTAGCATGGCAstim","MHb5","MHb_subP","MHb_A"
"GACGGCTGTAAACGCGstim","MHb5","MHb_subP","MHb_A"
"GACGGCTGTCGCTTCTstim","MHb5","MHb_subP","MHb_A"
"GAGGTGATCACATAGCstim","MHb4","MHb_cholinergic_3","MHb_B"
"GAGTCCGTCTTAGCCCstim","MHb5","MHb_subP","MHb_A"
"GATCAGTCACTTACGAstim","MHb5","MHb_subP","MHb_A"
"GATCTAGCACCTCGTTstim","MHb5","MHb_subP","MHb_A"
"GATGAAAAGCTGTCTAstim","MHb5","MHb_subP","MHb_A"
"GATGAAATCTGCGGCAstim","MHb5","MHb_subP","MHb_A"
"GATGAGGAGACTAGGCstim","MHb5","MHb_subP","MHb_A"
"GATGAGGCAGCATGAGstim","MHb5","MHb_subP","MHb_A"
"GATGAGGTCAGCAACTstim","Neuron","MHb_subP_cholinergic","MHb_subP_cholinergic"
"GATGCTACACAGGTTTstim","MHb5","MHb_subP","MHb_A"
"GATTCAGGTGCTAGCCstim","MHb5","MHb_subP","MHb_A"
"GCATGATTCCCATTATstim","MHb5","MHb_subP","MHb_A"
"GCCAAATAGCTGAAATstim","MHb5","MHb_subP","MHb_A"
"GCCTCTAAGACATAACstim","MHb5","MHb_subP","MHb_A"
"GCCTCTAAGCACAGGTstim","LHb4","LHb_1_4","LHb_B"
"GCCTCTAGTGTTGAGGstim","MHb5","MHb_subP","MHb_A"
"GCGACCACACGGACAAstim","MHb5","MHb_subP","MHb_A"
"GCGACCAGTTGTTTGGstim","MHb5","MHb_subP","MHb_A"
"GCGACCATCGCCATAAstim","MHb5","MHb_subP","MHb_A"
"GCGCAGTAGCCACCTGstim","MHb5","MHb_subP","MHb_A"
"GCTCTGTCAGGTCTCGstim","MHb5","MHb_subP","MHb_A"
"GCTCTGTGTAAGAGAGstim","MHb5","MHb_subP","MHb_A"
"GCTGCGAAGGGATCTGstim","MHb5","MHb_subP","MHb_A"
"GCTGCGACACCAGGTCstim","MHb5","MHb_subP","MHb_A"
"GCTGGGTAGTGCGTGAstim","MHb5","MHb_subP","MHb_A"
"GCTTCCAAGAAGGTTTstim","MHb5","MHb_subP","MHb_A"
"GGAATAAAGTTGAGTAstim","MHb5","MHb_subP","MHb_A"
"GGAGCAAAGCTCAACTstim","MHb5","MHb_subP","MHb_A"
"GGAGCAAAGGAATGGAstim","Neuron","MHb_cholinergic.2","MHb_cholinergic.2"
"GGCCGATAGGAGTTGCstim","MHb5","MHb_subP","MHb_A"
"GGCCGATCATAGGATAstim","MHb5","MHb_subP","MHb_A"
"GGCGACTCATCCGGGTstim","MHb5","MHb_subP","MHb_A"
"GGCTCGACATCAGTCAstim","MHb5","MHb_subP","MHb_A"
"GGCTGGTCATCGTCGGstim","MHb5","MHb_subP","MHb_A"
"GGGAATGCATCACCCTstim","MHb5","MHb_subP","MHb_A"
"GGGAGATAGAATGTGTstim","Neuron","MHb_cholinergic.3","MHb_cholinergic.3"
"GGGAGATCAATGGACGstim","MHb5","MHb_subP","MHb_A"
"GGGATGAGTAGCACGAstim","MHb5","MHb_subP","MHb_A"
"GGGCATCGTATCTGCAstim","MHb5","MHb_subP","MHb_A"
"GGGTCTGCACATGTGTstim","MHb5","MHb_subP","MHb_A"
"GGGTTGCTCCGTAGTAstim","MHb5","MHb_subP","MHb_A"
"GGTATTGTCTGTGCAAstim","MHb5","MHb_subP","MHb_A"
"GTAACGTCAGTGACAGstim","MHb5","MHb_subP","MHb_A"
"GTACTCCGTCAACTGTstim","MHb5","MHb_subP","MHb_A"
"GTAGTCAAGCCATCGCstim","MHb5","MHb_subP","MHb_A"
"GTATTCTTCCCTCAGTstim","LHb4","LHb_1_4","LHb_B"
"GTCAAGTCACATTCGAstim","MHb1","MHb_subP_cholinergic","MHb_subP_cholinergic"
"GTCACGGTCGAACGGAstim","MHb5","MHb_subP","MHb_A"
"GTCGTAAAGGCCATAGstim","MHb5","MHb_subP","MHb_A"
"GTCTTCGGTCAACTGTstim","MHb5","MHb_subP","MHb_A"
"GTGTTAGTCATGCTCCstim","MHb5","MHb_subP","MHb_A"
"GTTAAGCAGATAGTCAstim","MHb5","MHb_subP","MHb_A"
"GTTAAGCCATCATCCCstim","MHb5","MHb_subP","MHb_A"
"GTTCATTTCCGTTGTCstim","MHb5","MHb_subP","MHb_A"
"GTTTCTAAGAGATGAGstim","MHb5","MHb_subP","MHb_A"
"TAAACCGGTAGGCATGstim","MHb5","MHb_subP","MHb_A"
"TAAGAGATCACGACTAstim","MHb5","MHb_subP","MHb_A"
"TAAGTGCCACAGACTTstim","MHb5","MHb_subP","MHb_A"
"TAAGTGCTCCACGTGGstim","MHb5","MHb_subP","MHb_A"
"TACACGACACGGATAGstim","MHb5","MHb_subP","MHb_A"
"TACACGAGTATAAACGstim","MHb5","MHb_subP","MHb_A"
"TACCTATTCAGCTCTCstim","MHb5","MHb_subP","MHb_A"
"TACCTTAGTCACCCAGstim","MHb5","MHb_subP","MHb_A"
"TACTTACCACGGCCATstim","MHb5","MHb_subP","MHb_A"
"TAGACCACATCACGATstim","MHb5","MHb_subP","MHb_A"
"TAGAGCTCAGCTCGACstim","MHb5","MHb_subP","MHb_A"
"TATCAGGGTCAAGCGAstim","MHb5","MHb_subP","MHb_A"
"TATGCCCGTAGCGCTCstim","MHb5","MHb_subP","MHb_A"
"TATTACCCACACATGTstim","LHb5","LHb_2","LHb_A"
"TCACGAAAGGATGGAAstim","MHb5","MHb_subP","MHb_A"
"TCACGAAGTCAAAGCGstim","MHb5","MHb_subP","MHb_A"
"TCAGCAAGTGAACCTTstim","MHb5","MHb_subP","MHb_A"
"TCAGGATTCCCTAACCstim","MHb5","MHb_subP","MHb_A"
"TCGTACCAGGACAGAAstim","MHb5","MHb_subP","MHb_A"
"TCGTAGACACTCGACGstim","MHb5","MHb_subP","MHb_A"
"TCGTAGACAGTAAGCGstim","MHb5","MHb_subP","MHb_A"
"TCTCATAAGACAAGCCstim","MHb5","MHb_subP","MHb_A"
"TCTCTAAGTCATCCCTstim","MHb5","MHb_subP","MHb_A"
"TCTGAGACATATGGTCstim","MHb5","MHb_subP","MHb_A"
"TCTTCGGAGCCCAACCstim","MHb5","MHb_subP","MHb_A"
"TCTTCGGCAGGCGATAstim","MHb5","MHb_subP","MHb_A"
"TCTTTCCCACCACGTGstim","MHb5","MHb_subP","MHb_A"
"TGACAACAGGGTTCCCstim","Neuron","MHb_subP_cholinergic","MHb_subP_cholinergic"
"TGACAACGTAGAGCTGstim","MHb5","MHb_subP","MHb_A"
"TGACAACGTTCCCGAGstim","MHb5","MHb_subP","MHb_A"
"TGACGGCCAACTTGACstim","MHb5","MHb_subP","MHb_A"
"TGACGGCCATCAGTCAstim","MHb5","MHb_subP","MHb_A"
"TGACTAGAGCACACAGstim","MHb5","MHb_subP","MHb_A"
"TGACTAGTCGGCCGATstim","MHb5","MHb_subP","MHb_A"
"TGAGCATGTGGTCCGTstim","MHb5","MHb_subP","MHb_A"
"TGAGGGAAGTAGGCCAstim","MHb5","MHb_subP","MHb_A"
"TGAGGGACACTCGACGstim","MHb5","MHb_subP","MHb_A"
"TGCCCATCACATGTGTstim","MHb5","MHb_subP","MHb_A"
"TGCCCATCATGGTCTAstim","MHb5","MHb_subP","MHb_A"
"TGCCCTAGTAAATGACstim","MHb5","MHb_subP","MHb_A"
"TGCCCTATCTCTGAGAstim","LHb4","LHb_1_4","LHb_B"
"TGCGGGTCACGGATAGstim","MHb5","MHb_subP","MHb_A"
"TGCGGGTCATCGACGCstim","MHb5","MHb_subP","MHb_A"
"TGCGTGGTCAGAGCTTstim","MHb5","MHb_subP","MHb_A"
"TGGCCAGCAGCCTTTCstim","MHb5","MHb_subP","MHb_A"
"TGGCGCACATGTCGATstim","MHb5","MHb_subP","MHb_A"
"TGGCTGGAGAGCTGGTstim","MHb5","MHb_subP","MHb_A"
"TGGGAAGAGCGTAGTGstim","MHb5","MHb_subP","MHb_A"
"TGGGAAGGTCCGAGTCstim","Neuron","MHb_subP_cholinergic","MHb_subP_cholinergic"
"TTAGGACAGCACCGCTstim","MHb5","MHb_subP","MHb_A"
"TTAGGCAGTCGCATCGstim","MHb5","MHb_subP","MHb_A"
"TTATGCTCATGCCCGAstim","MHb5","MHb_subP","MHb_A"
"TTCGGTCGTGAAAGAGstim","MHb5","MHb_subP","MHb_A"
"TTCTACATCTGTTTGTstim","MHb5","MHb_subP","MHb_A"
"TTCTCCTGTCTGCAATstim","MHb5","MHb_subP","MHb_A"
"TTCTTAGGTAGGCTGAstim","MHb5","MHb_subP","MHb_A"
"TTGAACGGTGTTTGGTstim","MHb5","MHb_subP","MHb_A"
"TTGCCGTCAATAGAGTstim","Neuron","MHb_subP_cholinergic","MHb_subP_cholinergic"
"TTGCCGTTCTGCAGTAstim","MHb5","MHb_subP","MHb_A"
"TTGGAACCAATGAAACstim","MHb5","MHb_subP","MHb_A"
"TTGGAACGTCTCCCTAstim","MHb5","MHb_subP","MHb_A"
"TTTCCTCCACGACGAAstim","MHb5","MHb_subP","MHb_A"
"TTTCCTCTCATGCTCCstim","LHb4","LHb_1_4","LHb_B"
"TTTGTCACATCCGGGTstim","MHb5","MHb_subP","MHb_A"
"TTTGTCACATGGTCATstim","MHb5","MHb_subP","MHb_A"
"AAACCTGCAACTGCGCstim","OPC1","OPC1","OPC1"
"AAACCTGCACTTACGAstim","OPC1","OPC1","OPC1"
"AAACCTGGTTGTACACstim","OPC1","OPC1","OPC1"
"AAACGGGTCATCTGCCstim","OPC1","OPC1","OPC1"
"AAAGTAGGTAAGCACGstim","OPC1","OPC1","OPC1"
"AAATGCCAGTTCGCATstim","OPC1","OPC1","OPC1"
"AACGTTGAGCTAGCCCstim","OPC1","OPC1","OPC1"
"AACTCAGAGCGTGTCCstim","OPC1","OPC1","OPC1"
"AACTCCCGTTACCGATstim","OPC1","OPC1","OPC1"
"AACTGGTGTGTAACGGstim","OPC1","OPC1","OPC1"
"AAGTCTGGTATGGTTCstim","OPC1","OPC1","OPC1"
"AATCGGTTCGGAAACGstim","OPC1","OPC1","OPC1"
"ACAGCCGGTAGCTTGTstim","OPC1","OPC1","OPC1"
"ACAGCTATCCAGAAGGstim","OPC1","OPC1","OPC1"
"ACATACGTCGAGCCCAstim","OPC1","OPC1","OPC1"
"ACCTTTAGTGGTTTCAstim","OPC1","OPC1","OPC1"
"ACGGGCTCAACGCACCstim","OPC1","OPC1","OPC1"
"ACGGGCTTCTCAACTTstim","OPC1","OPC1","OPC1"
"ACGGGTCGTAAAGTCAstim","OPC1","OPC1","OPC1"
"ACTGATGCAATCGAAAstim","OPC1","OPC1","OPC1"
"ACTTTCAGTAGAGGAAstim","OPC1","OPC1","OPC1"
"AGAGCGAAGTCTCCTCstim","OPC1","OPC1","OPC1"
"AGAGTGGGTAGTGAATstim","OPC1","OPC1","OPC1"
"AGGCCGTTCACCTCGTstim","OPC1","OPC1","OPC1"
"AGTAGTCCAGGGTTAGstim","OPC1","OPC1","OPC1"
"AGTGGGACACGGTTTAstim","OPC1","OPC1","OPC1"
"ATAACGCGTCCCTACTstim","OPC1","OPC1","OPC1"
"ATAACGCGTGTGAATAstim","OPC1","OPC1","OPC1"
"ATAAGAGAGTAATCCCstim","OPC1","OPC1","OPC1"
"ATAGACCAGGTGTTAAstim","OPC1","OPC1","OPC1"
"ATCTGCCTCCTGCCATstim","OPC1","OPC1","OPC1"
"ATGCGATCACTAGTACstim","OPC1","OPC1","OPC1"
"ATGGGAGGTACTTGACstim","OPC1","OPC1","OPC1"
"ATTATCCCAATTCCTTstim","OPC1","OPC1","OPC1"
"ATTATCCTCCAAACACstim","OPC1","OPC1","OPC1"
"ATTCTACAGATCCCATstim","Mural","Mural","Mural"
"ATTCTACCATCACAACstim","OPC1","OPC1","OPC1"
"CAACCAAAGTGAAGAGstim","OPC1","OPC1","OPC1"
"CAACCTCCATCTACGAstim","OPC1","OPC1","OPC1"
"CAACTAGCACTGCCAGstim","OPC1","OPC1","OPC1"
"CAAGTTGAGTAGCGGTstim","OPC1","OPC1","OPC1"
"CACAAACAGGCGCTCTstim","OPC1","OPC1","OPC1"
"CACACTCGTAACGCGAstim","OPC1","OPC1","OPC1"
"CACAGGCAGAGGTAGAstim","OPC1","OPC1","OPC1"
"CACATTTGTCAGAGGTstim","OPC1","OPC1","OPC1"
"CACATTTGTCCTAGCGstim","OPC1","OPC1","OPC1"
"CACCACTGTCGGATCCstim","OPC1","OPC1","OPC1"
"CAGAATCAGTTTCCTTstim","OPC1","OPC1","OPC1"
"CAGAGAGGTCTCAACAstim","OPC1","OPC1","OPC1"
"CAGCGACTCCCTAATTstim","OPC1","OPC1","OPC1"
"CAGGTGCTCTACTATCstim","OPC1","OPC1","OPC1"
"CATATGGGTAGTACCTstim","OPC1","OPC1","OPC1"
"CATCAGATCTTCAACTstim","OPC1","OPC1","OPC1"
"CATGACAGTCCATGATstim","OPC1","OPC1","OPC1"
"CATGGCGAGCGTGAACstim","OPC1","OPC1","OPC1"
"CATTCGCAGAACAATCstim","OPC1","OPC1","OPC1"
"CCAATCCCATCTGGTAstim","OPC1","OPC1","OPC1"
"CCACTACAGCAAATCAstim","OPC1","OPC1","OPC1"
"CCCAGTTAGATCGGGTstim","OPC1","OPC1","OPC1"
"CCCTCCTCACAGTCGCstim","OPC1","OPC1","OPC1"
"CCGTGGAAGCGTTTACstim","OPC1","OPC1","OPC1"
"CCGTTCACAGGGAGAGstim","OPC1","OPC1","OPC1"
"CCTACCACAGCGTTCGstim","OPC1","OPC1","OPC1"
"CCTCTGAAGGCCCTCAstim","OPC1","OPC1","OPC1"
"CCTTCCCCAGGAATGCstim","OPC1","OPC1","OPC1"
"CGACTTCAGTGGTAGCstim","OPC1","OPC1","OPC1"
"CGAGCCAAGTCGATAAstim","OPC1","OPC1","OPC1"
"CGATGGCGTTACCAGTstim","OPC1","OPC1","OPC1"
"CGCTATCTCTGGCGACstim","OPC1","OPC1","OPC1"
"CGCTGGACAATCCGATstim","OPC1","OPC1","OPC1"
"CGGGTCAGTCAAGCGAstim","OPC1","OPC1","OPC1"
"CGGTTAATCTCCCTGAstim","OPC1","OPC1","OPC1"
"CGTAGGCAGAGCAATTstim","OPC1","OPC1","OPC1"
"CGTCCATGTATAAACGstim","OPC1","OPC1","OPC1"
"CGTGTAACATCATCCCstim","OPC1","OPC1","OPC1"
"CGTGTCTTCATCTGCCstim","OPC1","OPC1","OPC1"
"CGTTAGATCGACAGCCstim","OPC1","OPC1","OPC1"
"CTAAGACCATCCTTGCstim","OPC1","OPC1","OPC1"
"CTACATTGTTTGACTGstim","OPC1","OPC1","OPC1"
"CTACCCAAGTTCCACAstim","OPC1","OPC1","OPC1"
"CTACGTCCAGCCAGAAstim","OPC1","OPC1","OPC1"
"CTACGTCTCATGTGGTstim","OPC1","OPC1","OPC1"
"CTAGAGTAGGCTAGACstim","OPC1","OPC1","OPC1"
"CTCACACTCTTGTCATstim","OPC1","OPC1","OPC1"
"CTCCTAGCATCCGGGTstim","OPC1","OPC1","OPC1"
"CTCCTAGGTTTACTCTstim","OPC1","OPC1","OPC1"
"CTCTGGTGTCTGGAGAstim","OPC1","OPC1","OPC1"
"CTGAAGTAGAGCTTCTstim","OPC1","OPC1","OPC1"
"CTGAAGTCATGCTAGTstim","OPC1","OPC1","OPC1"
"CTGCCTACACACAGAGstim","OPC1","OPC1","OPC1"
"CTGGTCTTCCTGTACCstim","OPC1","OPC1","OPC1"
"CTGTGCTAGGGAGTAAstim","OPC1","OPC1","OPC1"
"CTTGGCTCATTTCAGGstim","OPC1","OPC1","OPC1"
"GAAACTCTCCATGCTCstim","OPC1","OPC1","OPC1"
"GACACGCAGGGCATGTstim","OPC1","OPC1","OPC1"
"GACGCGTCAATGACCTstim","OPC1","OPC1","OPC1"
"GACGGCTAGATGTTAGstim","Mural","Mural","Mural"
"GACGTGCCACCGCTAGstim","OPC1","OPC1","OPC1"
"GACGTGCCATACGCCGstim","OPC1","OPC1","OPC1"
"GACTAACAGACTAGATstim","OPC1","OPC1","OPC1"
"GACTAACCAATCACACstim","OPC1","OPC1","OPC1"
"GACTAACTCTAGAGTCstim","OPC1","OPC1","OPC1"
"GACTACAAGGTGGGTTstim","OPC1","OPC1","OPC1"
"GAGGTGAAGTAACCCTstim","OPC1","OPC1","OPC1"
"GAGGTGAGTAACGTTCstim","OPC1","OPC1","OPC1"
"GAGTCCGCAAAGGCGTstim","OPC1","OPC1","OPC1"
"GATCAGTGTGCACGAAstim","OPC1","OPC1","OPC1"
"GATCGCGAGTACGCGAstim","OPC1","OPC1","OPC1"
"GATCGCGCATCACGTAstim","OPC1","OPC1","OPC1"
"GATGAAATCGAGCCCAstim","OPC1","OPC1","OPC1"
"GATGAGGCACGAGGTAstim","OPC1","OPC1","OPC1"
"GATGAGGGTTCGTGATstim","Mural","Mural","Mural"
"GATGCTACATGTTCCCstim","OPC1","OPC1","OPC1"
"GCAGCCAGTAACGCGAstim","OPC1","OPC1","OPC1"
"GCATACACATAAAGGTstim","OPC1","OPC1","OPC1"
"GCATGCGCACTATCTTstim","OPC1","OPC1","OPC1"
"GCATGTAAGTACGCCCstim","OPC1","OPC1","OPC1"
"GCCAAATTCGGCCGATstim","OPC1","OPC1","OPC1"
"GCGACCACATCTCGCTstim","OPC1","OPC1","OPC1"
"GCGCAACAGGACTGGTstim","OPC1","OPC1","OPC1"
"GCGCAACAGGTGCTTTstim","OPC1","OPC1","OPC1"
"GCTCTGTCAACAACCTstim","OPC1","OPC1","OPC1"
"GCTGCGATCACAGTACstim","OPC1","OPC1","OPC1"
"GCTGCTTCATGAACCTstim","OPC1","OPC1","OPC1"
"GGACAAGGTCTAGTCAstim","OPC1","OPC1","OPC1"
"GGACAGAGTCACAAGGstim","OPC1","OPC1","OPC1"
"GGCAATTTCCGCATAAstim","OPC1","OPC1","OPC1"
"GGCAATTTCTCGAGTAstim","OPC1","OPC1","OPC1"
"GGGACCTGTTTCCACCstim","OPC1","OPC1","OPC1"
"GGGAGATAGGTTACCTstim","OPC1","OPC1","OPC1"
"GGGCATCTCGGTCTAAstim","OPC1","OPC1","OPC1"
"GGGTCTGGTGTCCTCTstim","OPC1","OPC1","OPC1"
"GTAACGTGTATGCTTGstim","OPC1","OPC1","OPC1"
"GTAACGTTCATCACCCstim","OPC1","OPC1","OPC1"
"GTACTTTAGAAGATTCstim","OPC1","OPC1","OPC1"
"GTCAAGTGTGCTAGCCstim","OPC1","OPC1","OPC1"
"GTCACGGGTCCCGACAstim","OPC1","OPC1","OPC1"
"GTCCTCATCATCGATGstim","OPC1","OPC1","OPC1"
"GTCGGGTAGACTCGGAstim","OPC1","OPC1","OPC1"
"GTCGGGTAGATGTGTAstim","OPC1","OPC1","OPC1"
"GTCGGGTTCTCAACTTstim","OPC1","OPC1","OPC1"
"GTGCGGTAGGCCCTCAstim","OPC1","OPC1","OPC1"
"GTGTTAGGTATTCTCTstim","OPC1","OPC1","OPC1"
"TAAGAGAGTATTACCGstim","OPC1","OPC1","OPC1"
"TACAGTGCACGGCTACstim","OPC1","OPC1","OPC1"
"TACCTATAGATCCGAGstim","OPC1","OPC1","OPC1"
"TACCTTACATCCGGGTstim","OPC1","OPC1","OPC1"
"TAGAGCTTCGGTGTTAstim","OPC1","OPC1","OPC1"
"TAGGCATCATTACCTTstim","OPC1","OPC1","OPC1"
"TAGTGGTGTCAAAGCGstim","OPC1","OPC1","OPC1"
"TATCTCAAGATTACCCstim","OPC1","OPC1","OPC1"
"TATTACCAGCATCATCstim","OPC1","OPC1","OPC1"
"TCAATCTTCTCGAGTAstim","OPC1","OPC1","OPC1"
"TCACAAGAGCTAAGATstim","OPC1","OPC1","OPC1"
"TCAGCAACAGGGTTAGstim","OPC1","OPC1","OPC1"
"TCAGCAATCCTTAATCstim","OPC1","OPC1","OPC1"
"TCAGGTACAGAAGCACstim","OPC1","OPC1","OPC1"
"TCATTTGCAAACAACAstim","OPC1","OPC1","OPC1"
"TCGGTAATCTCGATGAstim","OPC1","OPC1","OPC1"
"TCTATTGGTGATGTCTstim","OPC1","OPC1","OPC1"
"TCTATTGTCGACCAGCstim","OPC1","OPC1","OPC1"
"TCTCTAACATCTCCCAstim","OPC1","OPC1","OPC1"
"TCTCTAAGTAGGGTACstim","OPC1","OPC1","OPC1"
"TCTCTAATCGTTACAGstim","OPC1","OPC1","OPC1"
"TCTTTCCCACCGAAAGstim","OPC1","OPC1","OPC1"
"TGACAACTCCCGACTTstim","OPC1","OPC1","OPC1"
"TGACGGCAGATCGGGTstim","OPC1","OPC1","OPC1"
"TGACTAGAGACTTGAAstim","OPC1","OPC1","OPC1"
"TGACTTTTCGCACTCTstim","OPC1","OPC1","OPC1"
"TGAGAGGAGGCCGAATstim","OPC1","OPC1","OPC1"
"TGAGCCGAGGGATCTGstim","OPC1","OPC1","OPC1"
"TGAGGGATCAGTGCATstim","OPC1","OPC1","OPC1"
"TGCGGGTAGTTGAGTAstim","OPC1","OPC1","OPC1"
"TGCGTGGAGGTAGCTGstim","OPC1","OPC1","OPC1"
"TGGCCAGCAGCTGTTAstim","OPC1","OPC1","OPC1"
"TGTATTCCATAGTAAGstim","OPC1","OPC1","OPC1"
"TGTGTTTAGAACAATCstim","OPC1","OPC1","OPC1"
"TGTGTTTGTAGCTTGTstim","OPC1","OPC1","OPC1"
"TGTGTTTGTTTGACACstim","OPC1","OPC1","OPC1"
"TTAGGACGTCCGTCAGstim","OPC1","OPC1","OPC1"
"TTAGGCATCGTCTGCTstim","OPC1","OPC1","OPC1"
"TTCCCAGAGTGTACCTstim","OPC1","OPC1","OPC1"
"TTCCCAGTCTCGTTTAstim","OPC1","OPC1","OPC1"
"TTCTCCTAGCGGATCAstim","OPC1","OPC1","OPC1"
"TTCTCCTCAGTAACGGstim","OPC1","OPC1","OPC1"
"TTCTCCTGTGACCAAGstim","OPC1","OPC1","OPC1"
"TTCTTAGCAAGTTAAGstim","OPC1","OPC1","OPC1"
"TTGAACGAGAGTACCGstim","OPC1","OPC1","OPC1"
"TTGCCGTCACGAGGTAstim","OPC1","OPC1","OPC1"
"TTGTAGGCAGACGTAGstim","OPC1","OPC1","OPC1"
"TTGTAGGGTTGAGTTCstim","OPC1","OPC1","OPC1"
"TTTACTGTCGGAGGTAstim","OPC1","OPC1","OPC1"
"TTTGTCAAGCCACCTGstim","OPC1","OPC1","OPC1"
"AAACGGGTCACAAACCstim","Microglia","Microglia","Microglia"
"AAAGTAGGTCCGAGTCstim","Microglia","Microglia","Microglia"
"AACCATGGTCAGATAAstim","Microglia","Microglia","Microglia"
"AACCGCGCAACGCACCstim","Microglia","Microglia","Microglia"
"AACTCAGAGGCTATCTstim","Microglia","Microglia","Microglia"
"AACTCCCTCGAGGTAGstim","Microglia","Microglia","Microglia"
"ACATACGGTGTGAAATstim","Microglia","Microglia","Microglia"
"ACTGAACTCACTTCATstim","Microglia","Microglia","Microglia"
"ACTTACTTCCGCATAAstim","Microglia","Microglia","Microglia"
"ACTTTCACAGATAATGstim","Microglia","Microglia","Microglia"
"AGAGCGAGTGGTACAGstim","Microglia","Microglia","Microglia"
"AGCATACGTCTAGCCGstim","Microglia","Microglia","Microglia"
"AGCGGTCAGACTCGGAstim","Microglia","Microglia","Microglia"
"AGCGTCGGTAAGAGGAstim","Microglia","Microglia","Microglia"
"AGGCCGTAGCTTTGGTstim","Microglia","Microglia","Microglia"
"AGGGTGATCACTTATCstim","Microglia","Microglia","Microglia"
"AGTGGGAGTCATACTGstim","Microglia","Microglia","Microglia"
"ATTGGACGTCTGGAGAstim","Microglia","Microglia","Microglia"
"CAAGGCCCACATGTGTstim","Microglia","Microglia","Microglia"
"CAAGTTGAGGAGTCTGstim","Microglia","Microglia","Microglia"
"CACACAATCTAACTCTstim","Microglia","Microglia","Microglia"
"CACCACTGTTCCATGAstim","Microglia","Microglia","Microglia"
"CAGTAACGTTCCTCCAstim","MHb3","MHb_cholinergic_2","MHb_B"
"CAGTCCTCAATGGATAstim","Microglia","Microglia","Microglia"
"CATCCACCAATCCGATstim","Microglia","Microglia","Microglia"
"CATCGAATCGTATCAGstim","Microglia","Microglia","Microglia"
"CATCGGGTCAGCACATstim","Microglia","Microglia","Microglia"
"CATGACATCACATAGCstim","Microglia","Microglia","Microglia"
"CATGACATCCGTACAAstim","Microglia","Microglia","Microglia"
"CATGGCGCAATCACACstim","Microglia","Microglia","Microglia"
"CATGGCGCAGCTTCGGstim","Microglia","Microglia","Microglia"
"CATTATCTCACCTCGTstim","Microglia","Microglia","Microglia"
"CCACGGACACTGTGTAstim","Microglia","Microglia","Microglia"
"CCCAGTTGTCTCACCTstim","Microglia","Microglia","Microglia"
"CCGTGGATCTGGAGCCstim","Microglia","Microglia","Microglia"
"CCTAAAGAGTTGCAGGstim","Microglia","Microglia","Microglia"
"CCTACACCAATTGCTGstim","Microglia","Microglia","Microglia"
"CCTACACCATAGTAAGstim","Microglia","Microglia","Microglia"
"CCTATTATCTTTCCTCstim","Microglia","Microglia","Microglia"
"CGAGCACTCACTATTCstim","Microglia","Microglia","Microglia"
"CGATCGGAGGACCACAstim","Microglia","Microglia","Microglia"
"CGCTGGAAGATATGCAstim","Microglia","Microglia","Microglia"
"CGTCAGGGTCTGCAATstim","Microglia","Microglia","Microglia"
"CGTCTACGTACTCTCCstim","Microglia","Microglia","Microglia"
"CGTGTCTTCTGCGACGstim","Microglia","Microglia","Microglia"
"CGTTAGACATCGGGTCstim","Microglia","Microglia","Microglia"
"CTAAGACTCGTCCAGGstim","Microglia","Microglia","Microglia"
"CTCATTAGTATAGGTAstim","Microglia","Microglia","Microglia"
"CTCGTACAGATGCCTTstim","Microglia","Microglia","Microglia"
"CTCGTCAAGAAGGCCTstim","Microglia","Microglia","Microglia"
"CTCGTCATCTCTTATGstim","Microglia","Microglia","Microglia"
"CTGATAGCATGTAAGAstim","Microglia","Microglia","Microglia"
"CTGTGCTCATAGTAAGstim","Microglia","Microglia","Microglia"
"CTGTTTACACGCATCGstim","Microglia","Microglia","Microglia"
"CTTTGCGAGCGATCCCstim","Microglia","Microglia","Microglia"
"CTTTGCGCAGACGCTCstim","Microglia","Microglia","Microglia"
"GACCTGGCAGCGTTCGstim","Microglia","Microglia","Microglia"
"GACCTGGGTACAGTTCstim","Microglia","Microglia","Microglia"
"GACCTGGTCCCTAACCstim","Microglia","Microglia","Microglia"
"GACGGCTCATATGGTCstim","Microglia","Microglia","Microglia"
"GACTAACTCCTGCCATstim","Microglia","Microglia","Microglia"
"GACTACACACCGCTAGstim","Microglia","Microglia","Microglia"
"GATCAGTCACGGTGTCstim","Microglia","Microglia","Microglia"
"GCACTCTAGCACAGGTstim","Microglia","Microglia","Microglia"
"GCAGCCATCTTGACGAstim","Microglia","Microglia","Microglia"
"GCAGTTACAAGAAAGGstim","Microglia","Microglia","Microglia"
"GCAGTTAGTTGGTTTGstim","Microglia","Microglia","Microglia"
"GCCAAATTCTACTTACstim","Microglia","Microglia","Microglia"
"GCCTCTACACTTAACGstim","Microglia","Microglia","Microglia"
"GCGAGAAAGTTACCCAstim","Microglia","Microglia","Microglia"
"GCTCTGTTCCTACAGAstim","Microglia","Microglia","Microglia"
"GCTGCTTTCACTATTCstim","Microglia","Microglia","Microglia"
"GGACGTCTCCAAGCCGstim","Microglia","Microglia","Microglia"
"GGAGCAACACCCTATCstim","Microglia","Microglia","Microglia"
"GGGCACTGTCCCTTGTstim","Microglia","Microglia","Microglia"
"GGGTTGCGTTAAAGTGstim","Microglia","Microglia","Microglia"
"GGGTTGCTCAATAAGGstim","Microglia","Microglia","Microglia"
"GGTGTTACAGGTGGATstim","Microglia","Microglia","Microglia"
"GTCGTAACAATCCAACstim","Microglia","Microglia","Microglia"
"GTGAAGGGTAAACCTCstim","Microglia","Microglia","Microglia"
"GTTCATTTCTCGATGAstim","Microglia","Microglia","Microglia"
"TAAGTGCCACAGATTCstim","Microglia","Microglia","Microglia"
"TACACGAGTCGGCACTstim","Microglia","Microglia","Microglia"
"TACCTATCACGCTTTCstim","Microglia","Microglia","Microglia"
"TACGGATGTCTAGAGGstim","Microglia","Microglia","Microglia"
"TACGGTACAGCGATCCstim","Microglia","Microglia","Microglia"
"TAGCCGGCATCCGTGGstim","Microglia","Microglia","Microglia"
"TCAATCTTCTATCCCGstim","Microglia","Microglia","Microglia"
"TCAGCAATCACTCCTGstim","Microglia","Microglia","Microglia"
"TCGCGTTCACGAAACGstim","Microglia","Microglia","Microglia"
"TGACGGCAGTCATGCTstim","Microglia","Microglia","Microglia"
"TGACTAGGTCACCTAAstim","Microglia","Microglia","Microglia"
"TGATTTCTCAAACGGGstim","Microglia","Microglia","Microglia"
"TGCCAAAGTAAGGGAAstim","Microglia","Microglia","Microglia"
"TGCGTGGTCAGCTGGCstim","Microglia","Microglia","Microglia"
"TGTGGTAGTACAGACGstim","Microglia","Microglia","Microglia"
"TTCCCAGAGGAATGGAstim","Microglia","Microglia","Microglia"
"TTCTCCTGTTTCGCTCstim","Microglia","Microglia","Microglia"
"AACTGGTGTCAATGTCstim","Mural","Mural","Mural"
"AACTGGTTCTCTAGGAstim","Mural","Mural","Mural"
"AAGACCTCACAACTGTstim","Mural","Mural","Mural"
"AAGACCTCATCACGATstim","Mural","Mural","Mural"
"AAGCCGCTCTCTAGGAstim","Mural","Mural","Mural"
"AAGGTTCTCAACACGTstim","Mural","Mural","Mural"
"AAGTCTGCAAGCGCTCstim","Mural","Mural","Mural"
"ACATACGCACGGCCATstim","Mural","Mural","Mural"
"ACATACGCATTTGCCCstim","Mural","Mural","Mural"
"ACATCAGGTAAATGACstim","Mural","Mural","Mural"
"ACGCCGAAGTACGCCCstim","Mural","Mural","Mural"
"ACGGGTCAGCGTTGCCstim","Mural","Mural","Mural"
"AGACGTTTCGAGCCCAstim","Mural","Mural","Mural"
"AGATCTGCAATCTACGstim","Mural","Mural","Mural"
"AGCAGCCCAAGCGCTCstim","Mural","Mural","Mural"
"AGCGTCGCAGGCAGTAstim","Mural","Mural","Mural"
"AGTCTTTTCTCGGACGstim","Mural","Mural","Mural"
"ATAGACCGTCCAACTAstim","Mural","Mural","Mural"
"ATTGGTGTCCGGGTGTstim","Mural","Mural","Mural"
"CAACTAGCATCGGACCstim","Mural","Mural","Mural"
"CACACAAAGATGTTAGstim","Mural","Mural","Mural"
"CACATTTGTATTACCGstim","Mural","Mural","Mural"
"CAGAATCCAATGACCTstim","Mural","Mural","Mural"
"CAGCAGCGTCTAGGTTstim","Mural","Mural","Mural"
"CAGCAGCTCCCAAGTAstim","Mural","Mural","Mural"
"CATATGGTCCTCTAGCstim","Mural","Mural","Mural"
"CATGGCGGTCAGATAAstim","Mural","Mural","Mural"
"CATTCGCCAGCTCGACstim","Mural","Mural","Mural"
"CCCAATCAGTAAGTACstim","Mural","Mural","Mural"
"CCTAAAGTCGCGTTTCstim","Mural","Mural","Mural"
"CCTAGCTTCCTAGAACstim","Mural","Mural","Mural"
"CCTAGCTTCTTTCCTCstim","Mural","Mural","Mural"
"CCTTCCCAGCAACGGTstim","Mural","Mural","Mural"
"CGAGAAGGTCTCTCGTstim","Mural","Mural","Mural"
"CGAGCCAAGAACTGTAstim","Mural","Mural","Mural"
"CGTCTACGTGATAAGTstim","Mural","Mural","Mural"
"CGTGTAACAAGAAAGGstim","Mural","Mural","Mural"
"CTAATGGGTTGTCTTTstim","Mural","Mural","Mural"
"CTACACCTCGGACAAGstim","Mural","Mural","Mural"
"CTACCCATCGTCTGCTstim","Mural","Mural","Mural"
"CTACGTCTCTTGAGGTstim","Mural","Mural","Mural"
"CTAGTGAAGAAGGCCTstim","Mural","Mural","Mural"
"CTCACACCATGTCGATstim","Mural","Mural","Mural"
"CTCATTATCAAACCACstim","Mural","Mural","Mural"
"CTCGAGGAGGCATTGGstim","Mural","Mural","Mural"
"CTCGAGGGTCTGCCAGstim","Mural","Mural","Mural"
"CTCTACGTCGGCGGTTstim","Mural","Mural","Mural"
"CTTACCGCAGTCTTCCstim","Mural","Mural","Mural"
"CTTACCGGTCTCTTATstim","Mural","Mural","Mural"
"GAAATGACAGACGCTCstim","Mural","Mural","Mural"
"GACAGAGTCCCATTATstim","Mural","Mural","Mural"
"GACCTGGTCGCGCCAAstim","Mural","Mural","Mural"
"GACGCGTTCCACGCAGstim","Mural","Mural","Mural"
"GACGGCTGTTCCGTCTstim","Mural","Mural","Mural"
"GATCTAGAGAAGGCCTstim","Mural","Mural","Mural"
"GATCTAGCACGCTTTCstim","Mural","Mural","Mural"
"GATTCAGCAAGTTCTGstim","Mural","Mural","Mural"
"GCAAACTAGCCAGTTTstim","Mural","Mural","Mural"
"GCGCGATGTTCCACTCstim","Mural","Mural","Mural"
"GCTCCTAAGTACATGAstim","Mural","Mural","Mural"
"GGACATTAGCCAGAACstim","Mural","Mural","Mural"
"GGCAATTAGTTGAGATstim","Mural","Mural","Mural"
"GGCGACTTCGTTTGCCstim","Mural","Mural","Mural"
"GGGATGACAGTCGATTstim","Mural","Mural","Mural"
"GGGCACTTCAAGCCTAstim","Mural","Mural","Mural"
"GGTGTTACAAGCGTAGstim","Mural","Mural","Mural"
"GTGCGGTGTCGGCATCstim","Mural","Mural","Mural"
"GTGGGTCAGAATGTGTstim","Mural","Mural","Mural"
"TACACGAAGTTAGCGGstim","Mural","Mural","Mural"
"TACAGTGGTCATATGCstim","Endothelial","Endothelial","Endothelial"
"TACCTATAGGTGACCAstim","Mural","Mural","Mural"
"TACCTTAGTCTCTCGTstim","Mural","Mural","Mural"
"TAGACCAGTCGGCTCAstim","Mural","Mural","Mural"
"TAGCCGGCAATCACACstim","Mural","Mural","Mural"
"TAGGCATGTGCTCTTCstim","Mural","Mural","Mural"
"TATTACCGTTTAAGCCstim","Mural","Mural","Mural"
"TCATTACGTTCGTCTCstim","Mural","Mural","Mural"
"TCTATTGAGTGGAGTCstim","Mural","Mural","Mural"
"TCTGGAATCGCCAGCAstim","Mural","Mural","Mural"
"TGACTAGTCCGCATAAstim","Mural","Mural","Mural"
"TGACTTTTCAGCGATTstim","Mural","Mural","Mural"
"TGCTACCGTTAGATGAstim","Mural","Mural","Mural"
"TGGTTCCGTGTCCTCTstim","Mural","Mural","Mural"
"TGTGGTAAGATGTGTAstim","Mural","Mural","Mural"
"TTAGGACAGCTAGCCCstim","Mural","Mural","Mural"
"TTGGCAATCCACGACGstim","Mural","Mural","Mural"
"TTTGGTTTCGTGACATstim","Mural","Mural","Mural"
"TTTGGTTTCTGAGGGAstim","Mural","Mural","Mural"
"TTTGTCAGTAGCTGCCstim","Mural","Mural","Mural"
"AAACCTGCACTTCTGCstim","LHb5","LHb_2","LHb_A"
"AACACGTGTTCCACAAstim","LHb5","LHb_2","LHb_A"
"AACTCAGCAATTGCTGstim","Neuron","LHb_2","LHb_A"
"AACTCAGTCCCTCAGTstim","LHb5","LHb_2","LHb_A"
"AAGACCTAGACACGACstim","LHb5","LHb_2","LHb_A"
"ACCGTAAAGCTGAACGstim","LHb5","LHb_2","LHb_A"
"ACGATACCACGTCAGCstim","LHb5","LHb_2","LHb_A"
"ACGGGTCCATTACCTTstim","LHb5","LHb_2","LHb_A"
"ACTATCTGTCGCGGTTstim","LHb5","LHb_2","LHb_A"
"ACTTTCATCCGATATGstim","LHb5","LHb_2","LHb_A"
"AGACGTTGTTACGGAGstim","LHb5","LHb_2","LHb_A"
"AGAGCTTAGGCATGGTstim","LHb5","LHb_2","LHb_A"
"AGCGGTCCATCGGTTAstim","LHb5","LHb_2","LHb_A"
"AGCTCCTAGAAACGAGstim","LHb5","LHb_2","LHb_A"
"AGGCCACTCAACGAAAstim","LHb5","LHb_2","LHb_A"
"AGGGATGTCCAAAGTCstim","LHb5","LHb_2","LHb_A"
"AGTCTTTGTCTCCACTstim","LHb5","LHb_2","LHb_A"
"AGTGTCAGTCGCGAAAstim","LHb5","LHb_2","LHb_A"
"ATCGAGTGTATATGGAstim","LHb5","LHb_2","LHb_A"
"ATCGAGTTCGATAGAAstim","LHb5","LHb_2","LHb_A"
"ATGAGGGTCGTTACGAstim","LHb5","LHb_2","LHb_A"
"CAACTAGAGGCAGGTTstim","MHb5","MHb_subP","MHb_A"
"CAAGGCCCACTCAGGCstim","LHb5","LHb_2","LHb_A"
"CACACCTAGGTGTTAAstim","LHb5","LHb_2","LHb_A"
"CACATTTCACGAAGCAstim","LHb5","LHb_2","LHb_A"
"CAGCTAATCCAGTATGstim","LHb5","LHb_2","LHb_A"
"CAGTAACTCCTAAGTGstim","LHb5","LHb_2","LHb_A"
"CATCAGAAGCTCCCAGstim","MHb1","MHb_subP_cholinergic","MHb_subP_cholinergic"
"CATGCCTGTATCACCAstim","LHb4","LHb_1_4","LHb_B"
"CATTCGCCAGAGTGTGstim","LHb5","LHb_2","LHb_A"
"CCACCTACAGATGGCAstim","LHb5","LHb_2","LHb_A"
"CCCATACAGAAACGAGstim","LHb5","LHb_2","LHb_A"
"CCGGTAGAGGAGTTGCstim","Neuron","LHb_2","LHb_A"
"CCGGTAGCAGACGCTCstim","LHb5","LHb_2","LHb_A"
"CCGGTAGGTCTCCATCstim","LHb4","LHb_1_4","LHb_B"
"CCTACACAGAAGCCCAstim","LHb5","LHb_2","LHb_A"
"CCTCTGAAGACAGGCTstim","LHb5","LHb_2","LHb_A"
"CCTCTGAAGCAGCCTCstim","LHb5","LHb_2","LHb_A"
"CCTTCCCAGCCCAACCstim","LHb5","LHb_2","LHb_A"
"CCTTCCCGTCAAGCGAstim","LHb4","LHb_1_4","LHb_B"
"CCTTCGATCACCGTAAstim","LHb5","LHb_2","LHb_A"
"CGAACATCAAGAAAGGstim","Neuron","LHb_2","LHb_A"
"CGAGCACCACGAAATAstim","LHb5","LHb_2","LHb_A"
"CGATCGGTCAAGATCCstim","LHb5","LHb_2","LHb_A"
"CGGACACCAGCTGTTAstim","LHb5","LHb_2","LHb_A"
"CGGACTGAGAGACGAAstim","LHb5","LHb_2","LHb_A"
"CGGCTAGCACATGGGAstim","LHb5","LHb_2","LHb_A"
"CGTCTACAGGCAGTCAstim","LHb5","LHb_2","LHb_A"
"CGTTGGGCAGATGAGCstim","LHb5","LHb_2","LHb_A"
"CTACACCTCCTAAGTGstim","LHb5","LHb_2","LHb_A"
"CTACATTAGCGTGAACstim","LHb5","LHb_2","LHb_A"
"CTAGCCTAGCTCTCGGstim","LHb5","LHb_2","LHb_A"
"CTAGCCTTCATGTAGCstim","LHb5","LHb_2","LHb_A"
"CTGATAGCAACAACCTstim","LHb5","LHb_2","LHb_A"
"CTGATCCTCAATCTCTstim","LHb5","LHb_2","LHb_A"
"CTTTGCGTCGGCTACGstim","LHb5","LHb_2","LHb_A"
"GAAACTCGTAGAAGGAstim","LHb4","LHb_1_4","LHb_B"
"GAACATCTCTACGAGTstim","LHb5","LHb_2","LHb_A"
"GAACGGAGTCTAACGTstim","LHb5","LHb_2","LHb_A"
"GAAGCAGAGTCTCCTCstim","LHb4","LHb_1_4","LHb_B"
"GACTAACGTGTGGTTTstim","LHb5","LHb_2","LHb_A"
"GACTGCGTCTTCATGTstim","LHb5","LHb_2","LHb_A"
"GAGTCCGGTCTCCATCstim","LHb5","LHb_2","LHb_A"
"GATCGATAGTAGATGTstim","LHb5","LHb_2","LHb_A"
"GATGCTACACCGCTAGstim","LHb5","LHb_2","LHb_A"
"GCACATACAGACGTAGstim","LHb5","LHb_2","LHb_A"
"GCATGATCAAATACAGstim","LHb4","LHb_1_4","LHb_B"
"GCCAAATCATTGTGCAstim","LHb5","LHb_2","LHb_A"
"GCGACCACAAACAACAstim","LHb5","LHb_2","LHb_A"
"GCTCTGTTCTGTTGAGstim","LHb5","LHb_2","LHb_A"
"GCTGCAGGTCCTGCTTstim","LHb5","LHb_2","LHb_A"
"GCTGCGATCAAGGCTTstim","LHb5","LHb_2","LHb_A"
"GGACAGATCTGCCAGGstim","LHb5","LHb_2","LHb_A"
"GGGATGAGTATGAAACstim","LHb5","LHb_2","LHb_A"
"GGGTCTGTCCGAGCCAstim","MHb2","MHb_cholinergic_1","MHb_B"
"GTAGGCCGTCTCTTTAstim","LHb5","LHb_2","LHb_A"
"GTCAAGTCACCAGTTAstim","LHb4","LHb_1_4","LHb_B"
"GTCACGGCACCACGTGstim","LHb5","LHb_2","LHb_A"
"GTCACGGGTCTAGCGCstim","LHb5","LHb_2","LHb_A"
"GTCGGGTAGCCAGTTTstim","LHb5","LHb_2","LHb_A"
"GTCTCGTTCTAACGGTstim","LHb5","LHb_2","LHb_A"
"GTGCGGTGTTCACCTCstim","LHb5","LHb_2","LHb_A"
"TAAGCGTTCATGTCTTstim","LHb5","LHb_2","LHb_A"
"TACACGATCTTGACGAstim","LHb5","LHb_2","LHb_A"
"TACGGGCTCCTGTACCstim","LHb4","LHb_1_4","LHb_B"
"TACGGTAAGCACACAGstim","LHb5","LHb_2","LHb_A"
"TACTCATGTTCGCTAAstim","LHb5","LHb_2","LHb_A"
"TAGCCGGTCGACGGAAstim","LHb5","LHb_2","LHb_A"
"TATCAGGAGAGGGCTTstim","LHb5","LHb_2","LHb_A"
"TATGCCCTCTGCTGCTstim","LHb5","LHb_2","LHb_A"
"TCAGCTCAGCAACGGTstim","LHb4","LHb_1_4","LHb_B"
"TCAGGTATCGACAGCCstim","LHb5","LHb_2","LHb_A"
"TCGCGTTCAAGCTGAGstim","LHb5","LHb_2","LHb_A"
"TCTATTGCATAACCTGstim","LHb5","LHb_2","LHb_A"
"TGAGGGAAGATATACGstim","LHb5","LHb_2","LHb_A"
"TGCACCTAGCGTAGTGstim","LHb5","LHb_2","LHb_A"
"TGGCCAGAGATCACGGstim","Neuron","LHb_2","LHb_A"
"TGGCGCAAGGATGCGTstim","LHb5","LHb_2","LHb_A"
"TGGTTAGTCATGTCTTstim","LHb5","LHb_2","LHb_A"
"TTAACTCCATCCTAGAstim","LHb5","LHb_2","LHb_A"
"TTCTTAGGTGCGGTAAstim","LHb5","LHb_2","LHb_A"
"TTGGAACTCTCACATTstim","LHb5","LHb_2","LHb_A"
"AAAGATGTCCTTGACCstim","MHb6","MHb_cholinergic_4","MHb_B"
"AACTCAGAGTGGTCCCstim","MHb6","MHb_cholinergic_4","MHb_B"
"AAGCCGCCAATCAGAAstim","MHb6","MHb_cholinergic_4","MHb_B"
"AATCCAGCAAGAAGAGstim","MHb6","MHb_cholinergic_4","MHb_B"
"AATCCAGTCTGCCCTAstim","LHb4","LHb_1_4","LHb_B"
"ACACCGGTCTGTCTATstim","MHb6","MHb_cholinergic_4","MHb_B"
"ACACTGAAGCTACCTAstim","MHb6","MHb_cholinergic_4","MHb_B"
"ACATCAGCAGGGTATGstim","MHb6","MHb_cholinergic_4","MHb_B"
"ACCAGTAGTTGAGGTGstim","MHb6","MHb_cholinergic_4","MHb_B"
"ACCGTAAAGGTGTGGTstim","MHb6","MHb_cholinergic_4","MHb_B"
"ACCGTAATCGAACTGTstim","MHb6","MHb_cholinergic_4","MHb_B"
"ACCTTTAAGATGTAACstim","MHb6","MHb_cholinergic_4","MHb_B"
"ACGAGCCCATCGTCGGstim","MHb6","MHb_cholinergic_4","MHb_B"
"ACGCCGAGTTATCACGstim","MHb6","MHb_cholinergic_4","MHb_B"
"ACGGCCAAGCCCAACCstim","MHb6","MHb_cholinergic_4","MHb_B"
"ACTATCTTCCTTCAATstim","MHb6","MHb_cholinergic_4","MHb_B"
"AGCTCCTTCGATCCCTstim","MHb6","MHb_cholinergic_4","MHb_B"
"AGCTCTCCACCATCCTstim","MHb4","MHb_cholinergic_3","MHb_B"
"AGGTCCGAGGATTCGGstim","MHb6","MHb_cholinergic_4","MHb_B"
"ATAACGCTCGGAGGTAstim","Mural","Mural","Mural"
"ATGAGGGAGTAGGTGCstim","MHb6","MHb_cholinergic_4","MHb_B"
"ATTACTCAGACCTTTGstim","MHb6","MHb_cholinergic_4","MHb_B"
"CACACAACACTCAGGCstim","MHb6","MHb_cholinergic_4","MHb_B"
"CACACCTGTTCGGCACstim","LHb4","LHb_1_4","LHb_B"
"CACACCTTCCGTACAAstim","MHb6","MHb_cholinergic_4","MHb_B"
"CAGCATAGTCTCACCTstim","MHb6","MHb_cholinergic_4","MHb_B"
"CAGCCGACATGCCCGAstim","LHb4","LHb_1_4","LHb_B"
"CATATTCAGTGGTAGCstim","MHb6","MHb_cholinergic_4","MHb_B"
"CATGACACAGACTCGCstim","MHb6","MHb_cholinergic_4","MHb_B"
"CCTTACGTCTAACTTCstim","MHb6","MHb_cholinergic_4","MHb_B"
"CCTTTCTCAGATAATGstim","MHb6","MHb_cholinergic_4","MHb_B"
"CCTTTCTGTAGAGTGCstim","MHb6","MHb_cholinergic_4","MHb_B"
"CGAATGTCACATCCGGstim","MHb6","MHb_cholinergic_4","MHb_B"
"CGACCTTGTAAAGTCAstim","MHb6","MHb_cholinergic_4","MHb_B"
"CGACTTCCAGCCTTGGstim","MHb6","MHb_cholinergic_4","MHb_B"
"CGAGCACCAGGTGGATstim","MHb6","MHb_cholinergic_4","MHb_B"
"CGCTTCAAGTTATCGCstim","MHb6","MHb_cholinergic_4","MHb_B"
"CGTGTCTGTTGATTCGstim","MHb6","MHb_cholinergic_4","MHb_B"
"CTACACCGTCCCTTGTstim","MHb6","MHb_cholinergic_4","MHb_B"
"CTCCTAGTCCGTAGGCstim","MHb6","MHb_cholinergic_4","MHb_B"
"CTCGTACTCTTAACCTstim","LHb4","LHb_1_4","LHb_B"
"CTCTAATCATGCATGTstim","LHb4","LHb_1_4","LHb_B"
"CTGATCCCACCTTGTCstim","LHb4","LHb_1_4","LHb_B"
"CTGCGGAAGAGTAATCstim","MHb6","MHb_cholinergic_4","MHb_B"
"GACCAATCATTGTGCAstim","MHb6","MHb_cholinergic_4","MHb_B"
"GACCTGGGTGCAGGTAstim","Mural","Mural","Mural"
"GAGGTGAGTTGCTCCTstim","MHb6","MHb_cholinergic_4","MHb_B"
"GATCAGTTCCACGTGGstim","MHb2","MHb_cholinergic_1","MHb_B"
"GATCGTACAAATCCGTstim","MHb6","MHb_cholinergic_4","MHb_B"
"GATGCTAAGCAGCCTCstim","MHb6","MHb_cholinergic_4","MHb_B"
"GCAAACTAGGTTCCTAstim","MHb6","MHb_cholinergic_4","MHb_B"
"GCAAACTGTTCGGCACstim","MHb6","MHb_cholinergic_4","MHb_B"
"GCAGCCACACCACCAGstim","MHb6","MHb_cholinergic_4","MHb_B"
"GCATGCGTCTTTAGTCstim","MHb6","MHb_cholinergic_4","MHb_B"
"GCCAAATAGTGCCATTstim","MHb6","MHb_cholinergic_4","MHb_B"
"GCTGGGTAGGCTCTTAstim","MHb6","MHb_cholinergic_4","MHb_B"
"GCTTCCAGTGATAAACstim","MHb6","MHb_cholinergic_4","MHb_B"
"GGACATTTCTGCTTGCstim","LHb4","LHb_1_4","LHb_B"
"GGATGTTGTCATGCATstim","MHb6","MHb_cholinergic_4","MHb_B"
"GGCAATTGTAGAGTGCstim","MHb6","MHb_cholinergic_4","MHb_B"
"GGCGTGTTCTTCGGTCstim","MHb6","MHb_cholinergic_4","MHb_B"
"GGGTCTGAGCATCATCstim","MHb6","MHb_cholinergic_4","MHb_B"
"GGTGAAGTCGAACTGTstim","MHb6","MHb_cholinergic_4","MHb_B"
"GTAACGTTCGCGTAGCstim","MHb6","MHb_cholinergic_4","MHb_B"
"GTATTCTTCAGCAACTstim","MHb6","MHb_cholinergic_4","MHb_B"
"GTATTCTTCGGATGTTstim","MHb6","MHb_cholinergic_4","MHb_B"
"GTGCATAAGGATGGTCstim","MHb6","MHb_cholinergic_4","MHb_B"
"GTTACAGGTTTAGGAAstim","MHb6","MHb_cholinergic_4","MHb_B"
"GTTCATTAGTGACATAstim","MHb6","MHb_cholinergic_4","MHb_B"
"GTTCTCGTCTGTCAAGstim","MHb6","MHb_cholinergic_4","MHb_B"
"TACTCATCACATAACCstim","MHb6","MHb_cholinergic_4","MHb_B"
"TATCTCATCTCATTCAstim","MHb6","MHb_cholinergic_4","MHb_B"
"TATTACCTCACCTCGTstim","LHb4","LHb_1_4","LHb_B"
"TCAGCTCTCCCGACTTstim","LHb4","LHb_1_4","LHb_B"
"TCATTACGTCAAAGCGstim","MHb6","MHb_cholinergic_4","MHb_B"
"TCATTTGCACCACCAGstim","MHb6","MHb_cholinergic_4","MHb_B"
"TCGTACCTCAGGTTCAstim","MHb6","MHb_cholinergic_4","MHb_B"
"TCGTACCTCTAACTCTstim","MHb6","MHb_cholinergic_4","MHb_B"
"TCTCATAGTATAATGGstim","LHb4","LHb_1_4","LHb_B"
"TCTCTAACACTGTGTAstim","MHb6","MHb_cholinergic_4","MHb_B"
"TCTGGAAAGTAGATGTstim","MHb6","MHb_cholinergic_4","MHb_B"
"TCTGGAAGTTGGTTTGstim","MHb6","MHb_cholinergic_4","MHb_B"
"TCTTTCCAGGAATCGCstim","MHb6","MHb_cholinergic_4","MHb_B"
"TGACTAGTCCACGCAGstim","MHb6","MHb_cholinergic_4","MHb_B"
"TGCGGGTTCCGCGCAAstim","MHb6","MHb_cholinergic_4","MHb_B"
"TGCGTGGTCTTCTGGCstim","MHb6","MHb_cholinergic_4","MHb_B"
"TGCTGCTCATCACGTAstim","MHb6","MHb_cholinergic_4","MHb_B"
"TGGCGCAAGTAGCCGAstim","MHb6","MHb_cholinergic_4","MHb_B"
"TGGTTAGGTGCGGTAAstim","MHb6","MHb_cholinergic_4","MHb_B"
"TTAGGACCAATTCCTTstim","MHb6","MHb_cholinergic_4","MHb_B"
"TTAGGCATCGAATCCAstim","MHb6","MHb_cholinergic_4","MHb_B"
"TTTACTGGTTGAACTCstim","MHb6","MHb_cholinergic_4","MHb_B"
"TTTCCTCAGTCCTCCTstim","MHb6","MHb_cholinergic_4","MHb_B"
"TTTGGTTAGTCATCCAstim","MHb6","MHb_cholinergic_4","MHb_B"
"TTTGTCAGTCATGCATstim","MHb6","MHb_cholinergic_4","MHb_B"
"AAAGTAGTCATCTGCCstim","Astrocyte2","Astrocyte2","Astrocyte2"
"AAGGAGCAGGTGATTAstim","Astrocyte2","Astrocyte2","Astrocyte2"
"ACACTGATCGCTTAGAstim","Astrocyte2","Astrocyte2","Astrocyte2"
"ACGCAGCCAATCCAACstim","Astrocyte2","Astrocyte2","Astrocyte2"
"ACGCCGAGTGATAAGTstim","Epen","Epen","Epen"
"ACGGCCATCCACGTGGstim","Astrocyte2","Astrocyte2","Astrocyte2"
"ACTGCTCAGCGACGTAstim","Epen","Epen","Epen"
"ACTGTCCAGCTCCTCTstim","Astrocyte1","Astrocyte1","Astrocyte1"
"AGCGGTCCACAGACTTstim","Astrocyte2","Astrocyte2","Astrocyte2"
"AGGGTGACACCATGTAstim","Astrocyte1","Astrocyte1","Astrocyte1"
"ATCTGCCCATATGGTCstim","Astrocyte2","Astrocyte2","Astrocyte2"
"ATGCGATTCTTCTGGCstim","Astrocyte2","Astrocyte2","Astrocyte2"
"CAACTAGGTCACACGCstim","Astrocyte2","Astrocyte2","Astrocyte2"
"CAGTAACTCGAGCCCAstim","Epen","Epen","Epen"
"CATATTCGTTCCTCCAstim","Astrocyte2","Astrocyte2","Astrocyte2"
"CATCAGATCATAAAGGstim","Astrocyte2","Astrocyte2","Astrocyte2"
"CATGCCTTCAACCAACstim","Astrocyte2","Astrocyte2","Astrocyte2"
"CATTCGCGTCTCTCTGstim","Epen","Epen","Epen"
"CCATGTCTCTCTGCTGstim","Astrocyte2","Astrocyte2","Astrocyte2"
"CCCAATCGTCCGCTGAstim","Epen","Epen","Epen"
"CCTACACTCGTAGGAGstim","Astrocyte2","Astrocyte2","Astrocyte2"
"CGAACATAGATATGGTstim","Epen","Epen","Epen"
"CGATGTATCAGCCTAAstim","Astrocyte1","Astrocyte1","Astrocyte1"
"CGCGTTTAGGTACTCTstim","Astrocyte1","Astrocyte1","Astrocyte1"
"CGTAGCGTCACCAGGCstim","Astrocyte2","Astrocyte2","Astrocyte2"
"CGTTCTGCACAACGTTstim","Astrocyte2","Astrocyte2","Astrocyte2"
"CGTTGGGAGTGAAGTTstim","Astrocyte2","Astrocyte2","Astrocyte2"
"CTAGAGTCAGCTCGACstim","Astrocyte2","Astrocyte2","Astrocyte2"
"GACCAATGTGAGGCTAstim","Astrocyte2","Astrocyte2","Astrocyte2"
"GACGTTATCCGCGGTAstim","Astrocyte2","Astrocyte2","Astrocyte2"
"GATCGATAGAAACCTAstim","Astrocyte2","Astrocyte2","Astrocyte2"
"GCACTCTTCTAACTTCstim","Astrocyte2","Astrocyte2","Astrocyte2"
"GCCAAATTCCGAATGTstim","Epen","Epen","Epen"
"GCCTCTAGTGCGCTTGstim","Astrocyte2","Astrocyte2","Astrocyte2"
"GCGGGTTAGCAACGGTstim","Astrocyte2","Astrocyte2","Astrocyte2"
"GGCTCGACAATAAGCAstim","Astrocyte2","Astrocyte2","Astrocyte2"
"GTAACGTGTCGCGGTTstim","Epen","Epen","Epen"
"TATGCCCTCGTTACGAstim","Epen","Epen","Epen"
"TATTACCTCTCTAAGGstim","Epen","Epen","Epen"
"TCATTACTCGTACCGGstim","Astrocyte2","Astrocyte2","Astrocyte2"
"TCATTACTCTGTCCGTstim","Astrocyte2","Astrocyte2","Astrocyte2"
"TCATTTGGTCTGCGGTstim","Epen","Epen","Epen"
"TCGGGACGTTATGCGTstim","Astrocyte2","Astrocyte2","Astrocyte2"
"TCTATTGCACCCTATCstim","Astrocyte2","Astrocyte2","Astrocyte2"
"TCTCTAACAGTTTACGstim","Epen","Epen","Epen"
"TGCGGGTCAGGAATGCstim","Astrocyte2","Astrocyte2","Astrocyte2"
"TGGGAAGCAAGCCTATstim","Astrocyte2","Astrocyte2","Astrocyte2"
"TGGGCGTAGTTTCCTTstim","Astrocyte2","Astrocyte2","Astrocyte2"
"TGTGTTTAGGTGACCAstim","Astrocyte2","Astrocyte2","Astrocyte2"
"TGTTCCGAGCCACCTGstim","Astrocyte2","Astrocyte2","Astrocyte2"
"TTAGGCATCGTGGACCstim","Astrocyte2","Astrocyte2","Astrocyte2"
"TTTACTGCAAACTGTCstim","Astrocyte2","Astrocyte2","Astrocyte2"
"ACATCAGTCACTTATCstim","Oligo3","Oligo3","Oligo3"
"ACATGGTGTCTCTCTGstim","Oligo1","Oligo1","Oligo1"
"ACGATACCAGATCCATstim","Oligo3","Oligo3","Oligo3"
"ACTTGTTAGTCATCCAstim","Oligo3","Oligo3","Oligo3"
"ACTTTCATCCGAAGAGstim","Oligo1","Oligo1","Oligo1"
"AGAGCGATCACCTTATstim","Oligo3","Oligo3","Oligo3"
"AGAGTGGCAGGTCGTCstim","Oligo3","Oligo3","Oligo3"
"AGCATACTCTGCCAGGstim","Oligo3","Oligo3","Oligo3"
"AGCGTATTCACCCGAGstim","Oligo3","Oligo3","Oligo3"
"AGGCCGTTCACCAGGCstim","Oligo3","Oligo3","Oligo3"
"AGGCCGTTCGGAATCTstim","Oligo1","Oligo1","Oligo1"
"ATCATGGTCTCTAAGGstim","Oligo3","Oligo3","Oligo3"
"ATCCGAATCTAACTCTstim","Oligo1","Oligo1","Oligo1"
"ATGAGGGTCCAAATGCstim","Oligo3","Oligo3","Oligo3"
"ATTCTACAGCGTTGCCstim","Oligo3","Oligo3","Oligo3"
"ATTGGTGCAAGGTTTCstim","Oligo3","Oligo3","Oligo3"
"CAAGATCCACCATGTAstim","Oligo1","Oligo1","Oligo1"
"CAAGTTGTCATCGCTCstim","Oligo3","Oligo3","Oligo3"
"CACAGTATCTTCGAGAstim","Oligo3","Oligo3","Oligo3"
"CAGCGACTCAGTACGTstim","Oligo3","Oligo3","Oligo3"
"CATGGCGTCCGCATCTstim","Oligo3","Oligo3","Oligo3"
"CCAATCCAGGTAGCCAstim","Oligo1","Oligo1","Oligo1"
"CCGTGGAAGGGCTTCCstim","Oligo1","Oligo1","Oligo1"
"CCTCTGATCAGCTCGGstim","Oligo3","Oligo3","Oligo3"
"CGCGTTTCAGCGTAAGstim","Oligo3","Oligo3","Oligo3"
"CGTAGGCCAATGTAAGstim","Oligo1","Oligo1","Oligo1"
"CGTGTAACATATACGCstim","Mural","Mural","Mural"
"CGTTGGGGTCAGAGGTstim","Oligo1","Oligo1","Oligo1"
"CTACATTAGGATTCGGstim","Oligo3","Oligo3","Oligo3"
"CTGATAGTCGGAGCAAstim","Oligo3","Oligo3","Oligo3"
"GAAATGAGTATAGGGCstim","Oligo3","Oligo3","Oligo3"
"GACGGCTAGTCATCCAstim","Oligo3","Oligo3","Oligo3"
"GAGGTGATCAATCACGstim","Oligo3","Oligo3","Oligo3"
"GATCGCGTCTGGTTCCstim","Oligo3","Oligo3","Oligo3"
"GCAAACTTCCTTGCCAstim","Oligo3","Oligo3","Oligo3"
"GCAGTTACAACACGCCstim","Oligo3","Oligo3","Oligo3"
"GCAGTTAGTTTGACACstim","Oligo3","Oligo3","Oligo3"
"GCGCCAAAGCGATATAstim","Oligo1","Oligo1","Oligo1"
"GGACATTTCGGAGCAAstim","Oligo3","Oligo3","Oligo3"
"GGAGCAAAGAGCTGCAstim","Oligo1","Oligo1","Oligo1"
"GGCTCGATCACAAACCstim","Oligo3","Oligo3","Oligo3"
"GGGTCTGCATGCATGTstim","Oligo3","Oligo3","Oligo3"
"GGTGTTATCTCAACTTstim","Oligo3","Oligo3","Oligo3"
"GTAACGTAGAGATGAGstim","Oligo3","Oligo3","Oligo3"
"GTATTCTTCTCGTTTAstim","Oligo3","Oligo3","Oligo3"
"TAAACCGTCCCTGACTstim","Oligo1","Oligo1","Oligo1"
"TAAGCGTAGGTGGGTTstim","Oligo2","Oligo2","Oligo2"
"TACACGAAGGTCGGATstim","Oligo1","Oligo1","Oligo1"
"TACTTACAGTTAACGAstim","Oligo3","Oligo3","Oligo3"
"TAGTTGGGTTGACGTTstim","Oligo3","Oligo3","Oligo3"
"TCAACGAGTCGACTGCstim","Oligo3","Oligo3","Oligo3"
"TCGCGAGCACCGCTAGstim","Oligo3","Oligo3","Oligo3"
"TGAGCCGAGGCATGTGstim","Oligo3","Oligo3","Oligo3"
"TGTTCCGTCTTGTACTstim","Oligo3","Oligo3","Oligo3"
"TTATGCTAGTTAGCGGstim","Oligo3","Oligo3","Oligo3"
"TTCTCAATCGTAGATCstim","Oligo1","Oligo1","Oligo1"
"TTGCCGTAGTACTTGCstim","Oligo3","Oligo3","Oligo3"
"AAAGCAATCGCAAGCCstim","OPC3","OPC3","OPC3"
"ACCAGTAAGCGATATAstim","OPC3","OPC3","OPC3"
"ACGAGCCGTCACAAGGstim","OPC3","OPC3","OPC3"
"ACGATACCATAGAAACstim","OPC3","OPC3","OPC3"
"AGATCTGGTATCGCATstim","OPC3","OPC3","OPC3"
"AGGTCCGTCCCAACGGstim","OPC3","OPC3","OPC3"
"ATGTGTGTCCGCTGTTstim","OPC3","OPC3","OPC3"
"CAAGAAATCCACGACGstim","OPC3","OPC3","OPC3"
"CACACTCAGCTACCTAstim","OPC3","OPC3","OPC3"
"CACAGGCGTGATAAACstim","OPC3","OPC3","OPC3"
"CAGCAGCTCTGCCAGGstim","OPC3","OPC3","OPC3"
"CAGGTGCTCCCAAGTAstim","OPC3","OPC3","OPC3"
"CATTATCCAGACGCCTstim","OPC3","OPC3","OPC3"
"CCTACACGTGACAAATstim","OPC3","OPC3","OPC3"
"CCTACCACAATCTGCAstim","OPC3","OPC3","OPC3"
"CCTAGCTAGGCAGTCAstim","OPC3","OPC3","OPC3"
"CGAGCACAGAGTCGGTstim","OPC3","OPC3","OPC3"
"CGGAGCTCACTGCCAGstim","OPC3","OPC3","OPC3"
"CTAGCCTGTATAGGTAstim","OPC3","OPC3","OPC3"
"CTAGTGACAGCTGTTAstim","OPC3","OPC3","OPC3"
"CTCCTAGCATCTATGGstim","OPC3","OPC3","OPC3"
"CTCGAGGTCTATCGCCstim","OPC3","OPC3","OPC3"
"CTTTGCGAGTCATCCAstim","OPC3","OPC3","OPC3"
"GAAATGACAGCCAATTstim","OPC3","OPC3","OPC3"
"GACCAATAGCCTATGTstim","OPC3","OPC3","OPC3"
"GAGCAGAGTGGTGTAGstim","OPC3","OPC3","OPC3"
"GATCAGTCAAACGCGAstim","OPC3","OPC3","OPC3"
"GATCGTACAATGAATGstim","OPC3","OPC3","OPC3"
"GATGAGGAGGCATGGTstim","OPC3","OPC3","OPC3"
"GCATGTATCTCTGCTGstim","OPC3","OPC3","OPC3"
"GCTTCCACATGGATGGstim","OPC3","OPC3","OPC3"
"GGACAAGGTCACCCAGstim","OPC3","OPC3","OPC3"
"GGCCGATGTAGCTTGTstim","OPC3","OPC3","OPC3"
"GGCTCGATCCGAACGCstim","OPC3","OPC3","OPC3"
"GTACGTACATTGGTACstim","OPC3","OPC3","OPC3"
"GTCATTTGTAGATTAGstim","OPC3","OPC3","OPC3"
"GTGTTAGCATGACGGAstim","OPC3","OPC3","OPC3"
"GTTACAGGTAAGTGGCstim","OPC3","OPC3","OPC3"
"GTTTCTAGTGGCGAATstim","OPC3","OPC3","OPC3"
"TAAGTGCTCACAGGCCstim","OPC3","OPC3","OPC3"
"TACTCGCAGGTAAACTstim","OPC3","OPC3","OPC3"
"TAGTTGGGTTCAGACTstim","OPC3","OPC3","OPC3"
"TAGTTGGTCAACGCTAstim","OPC3","OPC3","OPC3"
"TAGTTGGTCAGCGACCstim","OPC3","OPC3","OPC3"
"TCACGAATCTGCGGCAstim","OPC3","OPC3","OPC3"
"TCATTTGTCTCAAGTGstim","OPC3","OPC3","OPC3"
"TCCCGATAGCTGTCTAstim","OPC3","OPC3","OPC3"
"TCGAGGCGTGGCAAACstim","OPC3","OPC3","OPC3"
"TCTTCGGTCGGAGGTAstim","OPC3","OPC3","OPC3"
"TGATTTCAGACGCACAstim","OPC3","OPC3","OPC3"
"TGCGGGTTCCCAACGGstim","OPC3","OPC3","OPC3"
"TGGACGCCACTCTGTCstim","OPC3","OPC3","OPC3"
"TGGGCGTCACTTAAGCstim","OPC3","OPC3","OPC3"
"TTAGGACCAGTCAGCCstim","OPC3","OPC3","OPC3"
"TTCTCCTGTAGCGTCCstim","OPC3","OPC3","OPC3"
"TTGCCGTAGGATGCGTstim","OPC3","OPC3","OPC3"
"TTGCCGTTCCCTTGTGstim","OPC3","OPC3","OPC3"
"AAAGCAACAATGGAGCstim","Mural","Mural","Mural"
"AACCATGCAGCTGCACstim","Mural","Mural","Mural"
"AATCCAGGTCAACTGTstim","Mural","Mural","Mural"
"ACATACGCAAACTGCTstim","Endothelial","Endothelial","Endothelial"
"ACGCAGCCATTACCTTstim","Mural","Mural","Mural"
"ACGCCAGGTGTGAAATstim","Mural","Mural","Mural"
"ACGGAGAGTAAGAGAGstim","Mural","Mural","Mural"
"AGAATAGTCACCCGAGstim","Mural","Mural","Mural"
"AGACGTTCAAATACAGstim","Mural","Mural","Mural"
"AGACGTTTCTAACTCTstim","Mural","Mural","Mural"
"AGATCTGCAACGCACCstim","Mural","Mural","Mural"
"AGCCTAAAGCGCCTTGstim","Mural","Mural","Mural"
"ATAAGAGGTGGCGAATstim","Mural","Mural","Mural"
"ATTACTCCATGGTCTAstim","Mural","Mural","Mural"
"ATTCTACTCTGGAGCCstim","Mural","Mural","Mural"
"CACAAACAGAGCCTAGstim","Mural","Mural","Mural"
"CAGAATCCAGGCTGAAstim","Mural","Mural","Mural"
"CATCAAGCACGGCGTTstim","Mural","Mural","Mural"
"CATTATCCAGCTGCACstim","Mural","Mural","Mural"
"CCACTACGTCTAGCCGstim","Mural","Mural","Mural"
"CCACTACTCCTTTCTCstim","Mural","Mural","Mural"
"CCTTCCCTCAGCTCGGstim","Mural","Mural","Mural"
"CGAGAAGTCATTGCGAstim","Mural","Mural","Mural"
"CGTTGGGCAGCTATTGstim","Mural","Mural","Mural"
"CTACCCACATTCGACAstim","Mural","Mural","Mural"
"CTAGCCTAGTACACCTstim","Mural","Mural","Mural"
"CTCGTCATCTAGAGTCstim","Mural","Mural","Mural"
"CTGAAGTAGTGTACCTstim","Mural","Mural","Mural"
"CTGATAGTCCACGCAGstim","Mural","Mural","Mural"
"CTGCTGTCATGCGCACstim","Mural","Mural","Mural"
"CTGTGCTTCGGAATCTstim","Mural","Mural","Mural"
"CTTACCGCAGGTTTCAstim","Mural","Mural","Mural"
"GAACCTATCACAACGTstim","Mural","Mural","Mural"
"GACACGCAGCAGATCGstim","Mural","Mural","Mural"
"GACAGAGAGGACCACAstim","Mural","Mural","Mural"
"GACAGAGTCAGTTCGAstim","Endothelial","Endothelial","Endothelial"
"GATGAAAGTAAAGTCAstim","Mural","Mural","Mural"
"GATTCAGCAGTATGCTstim","Endothelial","Endothelial","Endothelial"
"GCTTCCACACTTCGAAstim","Mural","Mural","Mural"
"GGACAAGGTCCATCCTstim","Mural","Mural","Mural"
"GGACGTCCAAGTCATCstim","Endothelial","Endothelial","Endothelial"
"GGGACCTGTGCGATAGstim","Mural","Mural","Mural"
"GTAACTGCAATAACGAstim","Mural","Mural","Mural"
"GTACGTACACATGACTstim","Mural","Mural","Mural"
"GTACTCCGTGGCTCCAstim","Mural","Mural","Mural"
"GTCGGGTTCCTCCTAGstim","Mural","Mural","Mural"
"GTGCAGCCAGTGGAGTstim","Mural","Mural","Mural"
"GTTCTCGAGATCCGAGstim","Mural","Mural","Mural"
"TACACGACACACCGACstim","Mural","Mural","Mural"
"TACAGTGCACCGCTAGstim","OPC1","OPC1","OPC1"
"TACGGGCTCCTAGAACstim","OPC1","OPC1","OPC1"
"TAGAGCTCACGAGGTAstim","Mural","Mural","Mural"
"TATCTCAGTACAGACGstim","Mural","Mural","Mural"
"TCATTTGAGGACATTAstim","Mural","Mural","Mural"
"TCTGAGACAGTGACAGstim","Mural","Mural","Mural"
"TCTGGAAGTTCGGGCTstim","Mural","Mural","Mural"
"TGAAAGACAGACTCGCstim","OPC1","OPC1","OPC1"
"TGCCAAAGTCATCCCTstim","Mural","Mural","Mural"
"TGCCCATAGACACGACstim","Endothelial","Endothelial","Endothelial"
"TGCGGGTCAGCTCCGAstim","Mural","Mural","Mural"
"TGGCCAGCACGTCTCTstim","Mural","Mural","Mural"
"TTAGGCAAGTTCGCATstim","Mural","Mural","Mural"
"TTAGTTCGTGATGCCCstim","Mural","Mural","Mural"
"TTGCCGTTCCGCATCTstim","Mural","Mural","Mural"
"TTTACTGTCAGTGCATstim","Endothelial","Endothelial","Endothelial"
"AAACCTGCATACGCTAstim","Endothelial","Endothelial","Endothelial"
"AAGGAGCAGTAAGTACstim","Endothelial","Endothelial","Endothelial"
"ACATGGTAGGGAGTAAstim","Endothelial","Endothelial","Endothelial"
"ACGCCGACAGGTGCCTstim","Endothelial","Endothelial","Endothelial"
"ACGGCCAGTGTGAATAstim","Endothelial","Endothelial","Endothelial"
"AGCCTAACATCGGGTCstim","Endothelial","Endothelial","Endothelial"
"AGCGTCGCATGTTCCCstim","Endothelial","Endothelial","Endothelial"
"AGCTCCTGTTCCATGAstim","Endothelial","Endothelial","Endothelial"
"AGGCCGTAGCGATTCTstim","Endothelial","Endothelial","Endothelial"
"ATTTCTGTCACCCGAGstim","Endothelial","Endothelial","Endothelial"
"CAACCAAGTGCGAAACstim","Endothelial","Endothelial","Endothelial"
"CAAGAAAAGGATGCGTstim","Endothelial","Endothelial","Endothelial"
"CACACAACAACCGCCAstim","Endothelial","Endothelial","Endothelial"
"CACCACTTCAGCTCGGstim","Endothelial","Endothelial","Endothelial"
"CAGGTGCCAACGCACCstim","Endothelial","Endothelial","Endothelial"
"CAGGTGCTCGTTTAGGstim","Endothelial","Endothelial","Endothelial"
"CATCAAGTCTTCTGGCstim","Endothelial","Endothelial","Endothelial"
"CATGCCTTCTGGTATGstim","Endothelial","Endothelial","Endothelial"
"CCCAGTTAGAACAATCstim","Endothelial","Endothelial","Endothelial"
"CCGGGATAGAATAGGGstim","Endothelial","Endothelial","Endothelial"
"CCTCTGAAGCGGCTTCstim","Endothelial","Endothelial","Endothelial"
"CCTCTGACAGACACTTstim","Endothelial","Endothelial","Endothelial"
"CGATCGGTCCATGAGTstim","Endothelial","Endothelial","Endothelial"
"CGCGTTTGTCTGGAGAstim","Endothelial","Endothelial","Endothelial"
"CGTCACTAGCGACGTAstim","Endothelial","Endothelial","Endothelial"
"CTAAGACAGCAGCCTCstim","Endothelial","Endothelial","Endothelial"
"CTACATTCACCTATCCstim","Endothelial","Endothelial","Endothelial"
"CTACCCATCCAACCAAstim","Endothelial","Endothelial","Endothelial"
"CTCACACTCTGCTGCTstim","Endothelial","Endothelial","Endothelial"
"CTCATTAAGTACACCTstim","Endothelial","Endothelial","Endothelial"
"CTTACCGAGTTCGCGCstim","Endothelial","Endothelial","Endothelial"
"GACTAACTCTTTACGTstim","Endothelial","Endothelial","Endothelial"
"GATGCTACAATGGAGCstim","Endothelial","Endothelial","Endothelial"
"GCAGCCAAGGCACATGstim","Endothelial","Endothelial","Endothelial"
"GCATGCGCAGCCACCAstim","Endothelial","Endothelial","Endothelial"
"GCGACCACATTGAGCTstim","Endothelial","Endothelial","Endothelial"
"GCTCCTACAGCGTTCGstim","Endothelial","Endothelial","Endothelial"
"GGACATTAGATATGCAstim","Endothelial","Endothelial","Endothelial"
"GGCGACTTCAGCTCGGstim","Endothelial","Endothelial","Endothelial"
"GGGATGATCCATGCTCstim","Endothelial","Endothelial","Endothelial"
"GGGCATCAGCGATTCTstim","Endothelial","Endothelial","Endothelial"
"GGTATTGGTCCTAGCGstim","Endothelial","Endothelial","Endothelial"
"GGTGAAGAGGTAAACTstim","Endothelial","Endothelial","Endothelial"
"GTACTTTTCTGGAGCCstim","Endothelial","Endothelial","Endothelial"
"GTCACGGAGCACCGCTstim","Endothelial","Endothelial","Endothelial"
"GTCGTAATCCATTCTAstim","Endothelial","Endothelial","Endothelial"
"GTGCAGCGTTTCGCTCstim","Endothelial","Endothelial","Endothelial"
"GTGCTTCTCACTCTTAstim","Endothelial","Endothelial","Endothelial"
"GTGTTAGCATCCAACAstim","Endothelial","Endothelial","Endothelial"
"GTTAAGCAGAAACCGCstim","Endothelial","Endothelial","Endothelial"
"TAAACCGCAATGCCATstim","Endothelial","Endothelial","Endothelial"
"TAAACCGCACGAGAGTstim","Endothelial","Endothelial","Endothelial"
"TAAGTGCCAATGTTGCstim","Endothelial","Endothelial","Endothelial"
"TACACGATCCATGCTCstim","Endothelial","Endothelial","Endothelial"
"TACGGATCACGAAAGCstim","Endothelial","Endothelial","Endothelial"
"TACGGATGTCGGATCCstim","Endothelial","Endothelial","Endothelial"
"TACTCATTCAGGCGAAstim","Endothelial","Endothelial","Endothelial"
"TACTCGCCACACATGTstim","Endothelial","Endothelial","Endothelial"
"TATCTCAAGCGTTCCGstim","Endothelial","Endothelial","Endothelial"
"TATTACCCAGACAAGCstim","Endothelial","Endothelial","Endothelial"
"TCTCTAAGTGTGGCTCstim","Endothelial","Endothelial","Endothelial"
"TCTCTAATCTGGGCCAstim","Endothelial","Endothelial","Endothelial"
"AAGCCGCTCTCAACTTstim","Neuron","Neuron","Neuron"
"ACAGCCGGTCTCGTTCstim","Neuron","Neuron","Neuron"
"ACGCAGCAGTTCGATCstim","Neuron","Neuron","Neuron"
"ACGCCAGGTGAAAGAGstim","Neuron","Neuron","Neuron"
"ACGGGCTTCTCAAGTGstim","Neuron","Neuron","Neuron"
"ACTTACTCAGTTCCCTstim","Neuron","Neuron","Neuron"
"AGGGATGAGGAGTAGAstim","Neuron","Neuron","Neuron"
"ATAAGAGAGAGGGCTTstim","Neuron","Neuron","Neuron"
"ATCACGACAGGTCCACstim","Neuron","Neuron","Neuron"
"CAACCTCCAAACAACAstim","Neuron","Neuron","Neuron"
"CAACCTCCATGCCCGAstim","Neuron","Neuron","Neuron"
"CACCACTCACGACGAAstim","Neuron","Neuron","Neuron"
"CACCTTGGTAATTGGAstim","Neuron","Neuron","Neuron"
"CAGATCATCACGCATAstim","Neuron","Neuron","Neuron"
"CATGACAAGTGTTGAAstim","Neuron","Neuron","Neuron"
"CCAGCGAAGGATATACstim","Neuron","Neuron","Neuron"
"CCGTGGATCTCTAGGAstim","Neuron","Neuron","Neuron"
"CCTACCACAAGCCCACstim","Neuron","Neuron","Neuron"
"CCTAGCTGTCCGACGTstim","Neuron","Neuron","Neuron"
"CGATCGGAGACCACGAstim","Neuron","Neuron","Neuron"
"CGATGGCAGGTTACCTstim","Neuron","Neuron","Neuron"
"CGCTTCACACTCGACGstim","Neuron","Neuron","Neuron"
"CGTCCATAGACTGGGTstim","Neuron","Neuron","Neuron"
"CTAGCCTCAAGAGTCGstim","Neuron","Neuron","Neuron"
"CTCGGGAGTAAGTGGCstim","Neuron","Neuron","Neuron"
"CTGAAGTCAGACGCAAstim","Neuron","Neuron","Neuron"
"GACCTGGCAAGGTGTGstim","Neuron","Neuron","Neuron"
"GACGCGTCATCCGTGGstim","Neuron","Neuron","Neuron"
"GACTAACTCATTGCCCstim","Neuron","Neuron","Neuron"
"GACTACATCGCCAAATstim","Neuron","Neuron","Neuron"
"GATCGATGTTTGTGTGstim","Neuron","Neuron","Neuron"
"GATCGCGAGCGTCAAGstim","Neuron","Neuron","Neuron"
"GATGCTATCGGAAATAstim","Neuron","Neuron","Neuron"
"GCACATATCAACACTGstim","Neuron","Neuron","Neuron"
"GCCAAATCATCTGGTAstim","Neuron","Neuron","Neuron"
"GCTGCTTAGTCCAGGAstim","Neuron","Neuron","Neuron"
"GCTTGAATCCGCATCTstim","Neuron","Neuron","Neuron"
"GGCGACTCATACGCCGstim","Neuron","Neuron","Neuron"
"GGCTCGAGTCACTGGCstim","Neuron","Neuron","Neuron"
"GGGTCTGTCTTAACCTstim","Neuron","Neuron","Neuron"
"GTATCTTTCGCATGATstim","Neuron","Neuron","Neuron"
"GTCGTAACATCACCCTstim","Neuron","Neuron","Neuron"
"GTGCTTCCAGACAAGCstim","Neuron","Neuron","Neuron"
"GTTACAGAGGTGTTAAstim","Neuron","Neuron","Neuron"
"TAAACCGCAAGGTGTGstim","Neuron","Neuron","Neuron"
"TAAACCGTCTATCCTAstim","Neuron","Neuron","Neuron"
"TACCTATGTAATCGTCstim","Neuron","Neuron","Neuron"
"TACTCATAGACCGGATstim","Neuron","Neuron","Neuron"
"TAGACCACACGAAACGstim","Neuron","Neuron","Neuron"
"TATCTCAAGGACGAAAstim","Neuron","Neuron","Neuron"
"TATTACCCAAACTGCTstim","Neuron","Neuron","Neuron"
"TGCACCTAGACTTGAAstim","Neuron","Neuron","Neuron"
"TGCACCTGTAGCGTAGstim","Neuron","Neuron","Neuron"
"TGCTACCAGTACTTGCstim","Neuron","Neuron","Neuron"
"TGGGCGTGTCTAAACCstim","Neuron","Neuron","Neuron"
"TTCTTAGAGGTGATATstim","Neuron","Neuron","Neuron"
"TTGGAACAGTATCTCGstim","Neuron","Neuron","Neuron"
"AAATGCCGTCCGTCAGstim","Oligo2","Oligo2","Oligo2"
"AACACGTCATCCCACTstim","Oligo2","Oligo2","Oligo2"
"AACTGGTTCTCGAGTAstim","Oligo2","Oligo2","Oligo2"
"ACTGAACTCCCAGGTGstim","Oligo2","Oligo2","Oligo2"
"ATCACGAGTAGCAAATstim","Oligo2","Oligo2","Oligo2"
"ATGCGATCAGCTTAACstim","Oligo2","Oligo2","Oligo2"
"ATGCGATGTGCATCTAstim","Oligo2","Oligo2","Oligo2"
"ATGGGAGAGGCAGTCAstim","Oligo2","Oligo2","Oligo2"
"ATTTCTGTCTTCGAGAstim","Oligo2","Oligo2","Oligo2"
"CAGCCGATCATTTGGGstim","Oligo2","Oligo2","Oligo2"
"CCGTACTTCTGGGCCAstim","Oligo2","Oligo2","Oligo2"
"CCTAGCTTCCTTAATCstim","Oligo2","Oligo2","Oligo2"
"CCTTTCTGTCATATCGstim","Oligo2","Oligo2","Oligo2"
"CGACTTCCATATACGCstim","Oligo2","Oligo2","Oligo2"
"CGACTTCTCTTCTGGCstim","Oligo2","Oligo2","Oligo2"
"CGAGCACCAAGGACTGstim","Oligo2","Oligo2","Oligo2"
"CGATGGCCATCTCCCAstim","Oligo2","Oligo2","Oligo2"
"CTACCCATCTGCGGCAstim","Oligo2","Oligo2","Oligo2"
"GAACGGATCACTTATCstim","Oligo2","Oligo2","Oligo2"
"GAGCAGAGTTATTCTCstim","Oligo2","Oligo2","Oligo2"
"GATCGATAGGCTCATTstim","Oligo2","Oligo2","Oligo2"
"GCAGCCACATGTCTCCstim","Oligo2","Oligo2","Oligo2"
"GCATGCGAGGCACATGstim","Oligo2","Oligo2","Oligo2"
"GCCTCTAAGCCCGAAAstim","Oligo2","Oligo2","Oligo2"
"GCCTCTAAGTTTGCGTstim","Oligo2","Oligo2","Oligo2"
"GCGCCAAAGCTGTCTAstim","Oligo2","Oligo2","Oligo2"
"GCTGCAGGTCAACATCstim","Oligo2","Oligo2","Oligo2"
"GGATTACGTATCTGCAstim","Oligo2","Oligo2","Oligo2"
"GGGTTGCAGACACTAAstim","Oligo2","Oligo2","Oligo2"
"GGTATTGTCCTAGAACstim","Oligo2","Oligo2","Oligo2"
"GTATCTTGTCACCTAAstim","Oligo2","Oligo2","Oligo2"
"GTCACAATCCACGTTCstim","Oligo2","Oligo2","Oligo2"
"TAAGTGCGTAGAGGAAstim","Oligo2","Oligo2","Oligo2"
"TACAGTGGTTGGAGGTstim","Oligo2","Oligo2","Oligo2"
"TACCTATCATCACGATstim","Oligo2","Oligo2","Oligo2"
"TATTACCGTTTGGCGCstim","Oligo2","Oligo2","Oligo2"
"TCAACGACAATCTACGstim","Oligo2","Oligo2","Oligo2"
"TCAATCTCAGCTCGACstim","Oligo2","Oligo2","Oligo2"
"TCAGATGCATTGGGCCstim","Oligo2","Oligo2","Oligo2"
"TCAGCTCCAGTCGATTstim","Oligo2","Oligo2","Oligo2"
"TCATTACGTCATATCGstim","Oligo2","Oligo2","Oligo2"
"TCCACACCAGACAAATstim","Oligo2","Oligo2","Oligo2"
"TCGGTAAAGCTCTCGGstim","Oligo2","Oligo2","Oligo2"
"TGACTAGTCCGCGCAAstim","Oligo2","Oligo2","Oligo2"
"TGAGCCGCACGTCAGCstim","Oligo2","Oligo2","Oligo2"
"TGCACCTAGATGTGGCstim","Oligo2","Oligo2","Oligo2"
"TTAGGCAGTTACTGACstim","Oligo2","Oligo2","Oligo2"
"TTCTCCTCAAAGCGGTstim","Oligo2","Oligo2","Oligo2"
"AACCGCGGTATGAAACstim","Microglia","Microglia","Microglia"
"AACCGCGGTTCCAACAstim","Microglia","Microglia","Microglia"
"AACTCCCCACAGGCCTstim","Microglia","Microglia","Microglia"
"ACGAGGATCAAACCACstim","Microglia","Microglia","Microglia"
"ACGCCGAGTTCGCGACstim","Microglia","Microglia","Microglia"
"ACGGCCAAGCCGGTAAstim","Microglia","Microglia","Microglia"
"AGACGTTCACAACTGTstim","Microglia","Microglia","Microglia"
"AGATTGCCACACATGTstim","Microglia","Microglia","Microglia"
"AGGCCACAGAACTCGGstim","Microglia","Microglia","Microglia"
"AGTTGGTTCAGTTCGAstim","Microglia","Microglia","Microglia"
"ATGCGATGTTCCACAAstim","Microglia","Microglia","Microglia"
"ATGGGAGCATGGGACAstim","Microglia","Microglia","Microglia"
"CAGGTGCCAAGAGTCGstim","Microglia","Microglia","Microglia"
"CATCAAGAGGAGCGAGstim","Microglia","Microglia","Microglia"
"CCCTCCTTCCTATTCAstim","Microglia","Microglia","Microglia"
"CCGTTCAAGCGATATAstim","Microglia","Microglia","Microglia"
"CCTCAGTTCTTGTCATstim","Microglia","Microglia","Microglia"
"CCTTCCCAGAGACTTAstim","Microglia","Microglia","Microglia"
"CGGAGCTGTAAACCTCstim","Microglia","Microglia","Microglia"
"CTCACACTCTCCCTGAstim","Microglia","Microglia","Microglia"
"CTCGAAAAGATAGTCAstim","Microglia","Microglia","Microglia"
"GACGTGCAGGCTATCTstim","Microglia","Microglia","Microglia"
"GCATGATAGTGGTCCCstim","Microglia","Microglia","Microglia"
"GCGAGAATCTGGGCCAstim","Microglia","Microglia","Microglia"
"GCTGCGAAGGCTAGGTstim","Microglia","Microglia","Microglia"
"GGGAGATCATTCTCATstim","Microglia","Microglia","Microglia"
"GGGATGAAGAGCTATAstim","Microglia","Microglia","Microglia"
"GTAACTGGTCTCCACTstim","Microglia","Microglia","Microglia"
"GTCACAAAGGTAGCTGstim","Microglia","Microglia","Microglia"
"GTCGTAAGTAATAGCAstim","Microglia","Microglia","Microglia"
"GTGCAGCAGGACAGCTstim","Microglia","Microglia","Microglia"
"GTGCAGCAGTATCGAAstim","Microglia","Microglia","Microglia"
"TACTCATAGGTGTGGTstim","Microglia","Microglia","Microglia"
"TCAACGACACATTCGAstim","Microglia","Microglia","Microglia"
"TCGCGTTTCCGAACGCstim","Microglia","Microglia","Microglia"
"TCGTACCAGGCTCTTAstim","Microglia","Microglia","Microglia"
"TCGTACCTCACAGTACstim","Microglia","Microglia","Microglia"
"TCGTAGACATCCAACAstim","Microglia","Microglia","Microglia"
"TCTGAGATCTGGGCCAstim","Microglia","Microglia","Microglia"
"TCTTTCCTCAAAGACAstim","Microglia","Microglia","Microglia"
"TGCGCAGGTCAGCTATstim","Microglia","Microglia","Microglia"
"TGCTACCCATGAAGTAstim","Microglia","Microglia","Microglia"
"TGGTTAGCAGTCCTTCstim","Microglia","Microglia","Microglia"
"TGGTTAGGTCTAGCGCstim","Microglia","Microglia","Microglia"
"TTAGGCAAGTGACTCTstim","Microglia","Microglia","Microglia"
"TTATGCTTCCTGCCATstim","Microglia","Microglia","Microglia"
"TTTACTGGTTATGTGCstim","Microglia","Microglia","Microglia"
"TTTGTCACACGGTGTCstim","Microglia","Microglia","Microglia"
"ACGGAGATCCTATTCAstim","Neuron","Neuron","Neuron"
"AGATCTGTCTTGTTTGstim","Neuron","Neuron","Neuron"
"AGCTTGAAGCAGACTGstim","Neuron","Neuron","Neuron"
"ATGGGAGTCAGTTAGCstim","Neuron","Neuron","Neuron"
"CAGAGAGCACTACAGTstim","Neuron","Neuron","Neuron"
"CAGCTGGAGTTATCGCstim","Neuron","Neuron","Neuron"
"CATCAAGTCGAACTGTstim","Neuron","Neuron","Neuron"
"CATCGGGTCCGCATCTstim","Neuron","Neuron","Neuron"
"CATGACATCGGAGGTAstim","Neuron","Neuron","Neuron"
"CCCATACGTAAGTGTAstim","Neuron","Neuron","Neuron"
"CCGGTAGCAGATAATGstim","Neuron","Neuron","Neuron"
"CCTCTGAGTCTAGTGTstim","Neuron","Neuron","Neuron"
"CGCTATCAGGAATGGAstim","Neuron","Neuron","Neuron"
"CGGACTGTCCCTGACTstim","Neuron","Neuron","Neuron"
"CTAGTGAAGATATGGTstim","Neuron","Neuron","Neuron"
"CTGCGGATCTGAAAGAstim","Neuron","Neuron","Neuron"
"GAATGAACATTTCACTstim","Neuron","Neuron","Neuron"
"GATTCAGTCCACTCCAstim","Neuron","Neuron","Neuron"
"GGGACCTGTACTTCTTstim","Neuron","Neuron","Neuron"
"GGTGAAGAGCGCCTCAstim","Neuron","Neuron","Neuron"
"GGTGTTAAGCTAGCCCstim","Neuron","Neuron","Neuron"
"GTGTGCGAGATGTGTAstim","Neuron","Neuron","Neuron"
"TACACGACACCGGAAAstim","Neuron","Neuron","Neuron"
"TACCTATTCTGGCGACstim","Neuron","Neuron","Neuron"
"TACGGTAAGATCTGCTstim","Neuron","Neuron","Neuron"
"TACGGTAGTTCCACAAstim","Neuron","Neuron","Neuron"
"TAGAGCTAGCATCATCstim","Neuron","Neuron","Neuron"
"TAGTGGTAGTAGTGCGstim","Neuron","Neuron","Neuron"
"TGGGAAGCATCCAACAstim","Neuron","Neuron","Neuron"
"TTGTAGGTCGAATGGGstim","Neuron","Neuron","Neuron"
"GGACATTAGAAACCATstim","Microglia","Microglia","Microglia"
"AACCATGAGTACACCTstim","Epen","Epen","Epen"
"AGAGCGATCAACACACstim","Epen","Epen","Epen"
"AGCTCTCAGGCGATACstim","Epen","Epen","Epen"
"AGCTTGAAGATGAGAGstim","Epen","Epen","Epen"
"CAGTAACCAGCGTCCAstim","Epen","Epen","Epen"
"CAGTCCTTCTGTCTATstim","Epen","Epen","Epen"
"CGAACATTCTTGCATTstim","Epen","Epen","Epen"
"CGGACGTAGGATATACstim","Epen","Epen","Epen"
"CGTTCTGAGGAACTGCstim","Epen","Epen","Epen"
"CTCGTCAAGTACGCCCstim","Epen","Epen","Epen"
"CTTCTCTGTCGGCTCAstim","Epen","Epen","Epen"
"GAGGTGAAGAATTGTGstim","Epen","Epen","Epen"
"GCAATCAGTCGTGGCTstim","Epen","Epen","Epen"
"GCATGCGAGAATGTTGstim","Epen","Epen","Epen"
"GCCAAATCAAAGAATCstim","Epen","Epen","Epen"
"GGCGTGTTCACAAACCstim","Epen","Epen","Epen"
"GGCTGGTGTTAAGGGCstim","Epen","Epen","Epen"
"TACGGGCCAAATTGCCstim","Epen","Epen","Epen"
"TATGCCCCAAAGAATCstim","Epen","Epen","Epen"
"TCAGGATGTTGAGGTGstim","Epen","Epen","Epen"
"TGAGCCGTCTATCGCCstim","Epen","Epen","Epen"
"TGGCGCAGTCGGCTCAstim","Epen","Epen","Epen"
"TGTGGTAGTCAGAATAstim","Epen","Epen","Epen"
"TTATGCTTCACCGGGTstim","Epen","Epen","Epen"
"ACGCCAGAGGCTCAGAstim","Mural","Mural","Mural"
"GGACAAGAGTCGCCGTstim","OPC2","OPC2","OPC2"
