,v_sample_bc_gex,cellrangerARC_line_ID,v_sample_bc_atac
1,AAACAGCCAATCATGT,84,ACAGCGGGTAGAGGGA
2,AAACAGCCACTTCACT,186,ACAGCGGGTGCGTACC
3,AAACAGCCATCAGTAT,315,ACAGCGGGTTTGAGGA
4,AAACAGCCATGAAATG,330,ACAGCGGGTACTGACT
5,AAACCAACAATGAATG,859,CTTTATCGTCATCACG
6,AAACCAACAGGCTGTT,1020,CTTTATCGTTCATTCT
7,AAACCGAAGCCTGACA,1249,TGACTATTCGACCTTA
8,AAACCGAAGGAGGCAT,1336,TGACTATTCTTGTCGA
9,AAACCGAAGGGTGAGT,1400,TGACTATTCACATAGA
10,AAACCGAAGTTTGAGC,1532,TGACTATTCAAATCCT
11,AAACCGCGTAACCACA,1542,AATAGCTCATCATCAC
12,AAACCGCGTGCATTTC,1725,AATAGCTCACCAGCTC
13,AAACCGCGTTCAAGAT,1829,AATAGCTCAATTACCC
14,AAACCGCGTTGCATCT,1859,AATAGCTCATTTGTGC
15,AAACCGGCAGACAAAC,2112,ATTGACCGTAGTTGGA
16,AAACCGGCAGGTCCTG,2176,ATTGACCGTCACGCAC
17,AAACGCGCAAGATTCT,2347,ATAACCCGTTATGGAG
18,AAACGCGCACATTAAC,2436,ATAACCCGTTCACGCA
19,AAACGCGCAGAGAGCC,2497,ATAACCCGTAGCTGTT
20,AAACGGATCAATCTCT,2707,GAGGCCTAGGCCTAAG
21,AAACGGATCATCCACC,2766,GAGGCCTAGGTTCCGT
22,AAACGGATCCTCACAC,2879,GAGGCCTAGCACCTTA
23,AAACGGATCGCGCTAA,2938,GAGGCCTAGCGCTAGA
24,AAACGGATCGGTTAGT,2964,GAGGCCTAGTCATGAA
25,AAACGGATCGTTCACC,2985,GAGGCCTAGCAACAAC
26,AAACGTACACCACAAC,3208,GCGCTTAGTGTTCCTC
27,AAACGTACACCTAATG,3219,GCGCTTAGTTACTAGC
28,AAACGTACAGGCTAGA,3321,GCGCTTAGTTGGCGGA
29,AAACGTACATAGCTGC,3375,GCGCTTAGTCATCATA
30,AAACGTACATGAATAG,3402,GCGCTTAGTTATCCGG
31,AAAGCAAGTGAGCAAG,3624,ACAGGCTCATCTATGC
32,AAAGCACCAATGAAGC,3926,AGGGTTAGTATAGCGA
33,AAAGCACCATTGTCCT,4213,AGGGTTAGTCCTTAGG
34,AAAGCCCGTACTTAGG,4267,CAGTTTCCACTCGCTA
35,AAAGCCGCAAAGGTAC,4620,AGAGGGAGTAGCTAAG
36,AAAGCCGCAATAACGA,4675,AGAGGGAGTGCTGTTG
37,AAAGCCGCAGCCGCTA,4819,AGAGGGAGTGTCCGTA
38,AAAGCGGGTCCTAACT,5115,TTGTGTCCACCTTCAG
39,AAAGCGGGTGAGGTGA,5160,TTGTGTCCAAGCTCAA
40,AAAGCGGGTTACTTCA,5254,TTGTGTCCATAAACCG
41,AAAGCGGGTTAGTGAT,5271,TTGTGTCCACTAGCGG
42,AAAGCGGGTTCGGTAA,5298,TTGTGTCCAAACAAAG
43,AAAGGACGTCAATACG,5841,AATTAGCCACGCGCAA
44,AAAGGACGTTGTTCAC,6095,AATTAGCCAAATAAGG
45,AAAGGAGCACCCACAG,6274,GAACGGTGTCGCAACC
46,AAAGGAGCACCGGTAT,6278,GAACGGTGTCTTGAAC
47,AAAGGAGCAGTCTATG,6406,GAACGGTGTTGACCAT
48,AAAGGAGCATCCTAGA,6455,GAACGGTGTTTGTCTT
49,AAAGGCTCAAGGTATA,6577,GGATTAGGTGAACAAT
50,AAAGGCTCACAATGCC,6632,GGATTAGGTCCAATTA
51,AAAGGCTCACCACAAC,6654,GGATTAGGTGTTCCTC
52,AAAGGCTCAGACAAAC,6710,GGATTAGGTAGTTGGA
53,AAAGGTTAGCGAGCGA,7005,GTTTAGTTCGATATAG
54,AAAGGTTAGCTCGCTT,7040,GTTTAGTTCACACCGT
55,AAAGGTTAGGAGCACG,7081,GTTTAGTTCTAGTTCG
56,AAATCCGGTAAACAAG,7285,CATGCAACAAATATGC
57,AAATCCGGTCAAAGGG,7370,CATGCAACATGCAACA
58,AAATCCGGTCCGTAGG,7411,CATGCAACATCAGGTA
59,AAATGCCTCACGCCAA,7708,GATTCTTAGACAAACC
60,AAATGCCTCCAACTGG,7786,GATTCTTAGAACAACC
61,AAATGCCTCCGGGACT,7838,GATTCTTAGAATCTAG
62,AAATGCCTCTCAATGA,7993,GATTCTTAGGCTTGTC
63,AAATGCCTCTTGCTAT,8040,GATTCTTAGCCATCAC
64,AACAAAGGTAAGCTTG,8449,TAGTGTGCACCTAAAG
65,AACAAAGGTCCAAGAC,8555,TAGTGTGCACTAGTAG
66,AACAAGCCACAATTAC,8934,CAACTACGTGGGTGTG
67,AACAAGCCAGCTTACA,9044,CAACTACGTTAGGTTC
68,AACAAGCCAGGTTAAA,9075,CAACTACGTTAACACC
69,AACAGATAGAACCTGT,9206,AGCACCTTCGTTATGT
70,AACAGATAGCTTAGCG,9351,AGCACCTTCGAGGCGT
71,AACAGATAGGAACGCG,9363,AGCACCTTCCAGGATG
72,AACAGATAGGAAGTAT,9367,AGCACCTTCTTGCTCT
73,AACAGATAGGCTTAAC,9432,AGCACCTTCAATAACG
74,AACAGCAAGCAGGTTT,9655,GTCACACTCGCCTAAC
75,AACAGCAAGTATCGCG,9888,GTCACACTCGCCCGTA
76,AACAGGATCTCACTAT,10300,GCCTCATAGGGAGCAG
77,AACATAGCACCACAAC,10490,AACAAGTGTGTTCCTC
78,AACATAGCACGTAAGG,10518,AACAAGTGTCCGGTTA
79,AACATAGCAGGCTTGT,10606,AACAAGTGTTGCAAGA
80,AACATCATCACCAATA,10771,AACGCGCAGCAAACAC
81,AACATCATCCAGCACA,10865,AACGCGCAGTAGGTTA
82,AACATTGTCACGCATG,11161,CTATTACAGTTACCCA
83,AACATTGTCCCTGATC,11276,CTATTACAGCATATAG
84,AACCCGCAGAGGATAT,11541,CGTAACCTCGAAGTAC
85,AACCCGCAGTAGGCGG,11807,CGTAACCTCCCGCTGA
86,AACCCGCAGTATTGCA,11810,CGTAACCTCCAGCTCG
87,AACCCGCAGTTCCTGC,11872,CGTAACCTCCGTCAAC
88,AACCGCTCACCTAATG,12037,GCTACTGGTTACTAGC
89,AACCGGCTCACAGCGC,12304,GCTAAGTAGGGCTACA
90,AACCGGCTCATGCTCC,12365,GCTAAGTAGCTCCCTC
91,AACCGGCTCCCGCCTA,12417,GCTAAGTAGCCTAGTC
92,AACCGGCTCTGCAAGT,12617,GCTAAGTAGTTTGAGA
93,AACCGGCTCTTGGACG,12647,GCTAAGTAGAATCACA
94,AACCTAATCTGTGCCT,13010,CAGCATGAGAGGCTTG
95,AACCTCACAATAACCT,13112,CTTAGCGGTCGAGGCA
96,AACCTCACAGCTAATT,13263,CTTAGCGGTATTTACG
97,AACCTCACAGGTTCAC,13302,CTTAGCGGTCCTGACA
98,AACCTCACATGTCGCG,13389,CTTAGCGGTGAGTTAG
99,AACCTCCTCACGCATG,13465,AATCATGAGTTACCCA
100,AACCTCCTCATCCTCA,13506,AATCATGAGAACAAGG
101,AACCTCCTCGCTCCAT,13685,AATCATGAGATAGACC
102,AACCTTAAGAAAGCAT,13810,GTTAATCTCGACAAAC
103,AACCTTAAGCATGGTT,13884,GTTAATCTCATCCTCT
104,AACCTTAAGTAAGTGG,14101,GTTAATCTCCTAACTG
105,AACCTTGCAATCGCAC,14280,GCACAAAGTTACAACC
106,AACCTTGCAATTGAAG,14293,GCACAAAGTAGTCCTG
107,AACCTTGCACTAAATC,14362,GCACAAAGTTTACCAA
108,AACCTTGCAGGCATGA,14435,GCACAAAGTGGTGCAG
109,AACCTTGCATTGACAT,14562,GCACAAAGTCAATTGC
110,AACGACAAGAGAGCCG,14604,CAAGGTGTCTAGGAAC
111,AACGACAAGATAGACG,14619,CAAGGTGTCATAATGG
112,AACGACAAGCTAAGTC,14701,CAAGGTGTCTGGCTGT
113,AACGACAAGGCCTAAT,14786,CAAGGTGTCCGCCTCT
114,AACGACAAGGTTAGAG,14853,CAAGGTGTCAATCGTT
115,AACGACAAGTAACTCA,14865,CAAGGTGTCCCTGGTG
116,AACGCCCAGCCTAATA,15054,TTGCCTTTCAAACCAA
117,AACGCCCAGCTTAACA,15109,TTGCCTTTCCGTTAGC
118,AACGCCCAGTAGCGCC,15259,TTGCCTTTCTGTCAGC
119,AACGCCCAGTGATTCA,15302,TTGCCTTTCTCACTTC
120,AACGCTAGTACTGATG,15390,GGCCTTCCAGTTCCTG
121,AACGCTAGTTAGCTGA,15621,GGCCTTCCAACGGTAC
122,AACGCTAGTTTCAGGA,15706,GGCCTTCCATAACCGA
123,AACGCTAGTTTGAGCA,15713,GGCCTTCCATAGACGC
124,AACGGTAAGCCATCAG,15813,AGTAGGTTCGAGCAAT
125,AACGGTAAGGACACTT,15897,AGTAGGTTCAGCCATC
126,AACGGTAAGGCTGTGC,15957,AGTAGGTTCCGCTGTG
127,AACTACTCAGCTAACC,16332,GCCATCAGTATGGTCT
128,AACTACTCAGCTCATA,16336,GCCATCAGTTCAAGCT
129,AACTACTCATTAGCGC,16470,GCCATCAGTACTGATC
130,AACTAGCTCAGCATTA,16551,GACGAGGAGCGAAGTT
131,AACTAGCTCGGCCAGT,16758,GACGAGGAGAGATTCA
132,AACTAGCTCTATGACA,16818,GACGAGGAGTTACGAA
133,AACTAGCTCTTGACCC,16861,GACGAGGAGGAGCAGG
134,AACTAGTGTAATCGTG,16903,CAACGGTCACATAACG
135,AACTAGTGTATCTGGA,16948,CAACGGTCACCGTTGC
136,AACTAGTGTGGAAGGC,17084,CAACGGTCAGCCAGTG
137,AACTAGTGTTGGTGAC,17213,CAACGGTCATCAAGCA
138,AACTCACAGCACAGAA,17318,GCTTCAATCTTAAGGA
139,AACTCACAGCGAGGTG,17366,GCTTCAATCCAATATC
140,AACTGTTCAACATAAG,17674,AGGTATGGTAACGATG
141,AACTGTTCAATTAGCT,17742,AGGTATGGTCCAAATC
142,AACTGTTCACCCACAG,17786,AGGTATGGTCGCAACC
143,AACTGTTCACTATGGC,17820,AGGTATGGTACTAGGA
144,AACTGTTCATGAGTTT,17980,AGGTATGGTCACAGGG
145,AACTTAGTCATGTGGT,18128,TCTAGCCAGTGGCGGT
146,AACTTAGTCGGCTAGC,18294,TCTAGCCAGTCCTGCG
147,AACTTAGTCTGGCAAT,18374,TCTAGCCAGGGTGGGA
148,AAGAACAGTAAATTGC,18416,AAACGGGCACCTTCCT
149,AAGAACAGTAAGGTTT,18429,AAACGGGCAAGGTGGA
150,AAGAACAGTAATCGGC,18436,AAACGGGCAGTTTGCT
151,AAGAACAGTAGCAGCT,18462,AAACGGGCAGGAAGCA
152,AAGAACAGTGTCCAGG,18639,AAACGGGCAAAGGTAA
153,AAGAACAGTTTGAGCA,18781,AAACGGGCATAGACGC
154,AAGAATCAGCATGACT,18868,TAATCCGTCGTGCTGT
155,AAGAATCAGCGCAATT,18905,TAATCCGTCAATAGGC
156,AAGAATCAGTAACGGA,19082,TAATCCGTCACAAGCG
157,AAGAATCAGTAATCCA,19088,TAATCCGTCAGCTAAA
158,AAGACAAGTAGGATTT,19237,GTTGCTTCATATTGCC
159,AAGACAAGTCCCGAAG,19301,GTTGCTTCATAGTCAG
160,AAGACATAGGACGTAA,19737,AACGGTGTCCTGTGAC
161,AAGACATAGGTGCTGC,19832,AACGGTGTCAAACTAG
162,AAGACATAGTTAGAGG,19914,AACGGTGTCTAAGCTT
163,AAGACCAAGACAACAG,19958,GATGGATTCAACAACA
164,AAGACCAAGACAACGA,19959,GATGGATTCTTTAGCG
165,AAGACCAAGATAGACG,19987,GATGGATTCATAATGG
166,AAGACCAAGCTAAGTC,20069,GATGGATTCTGGCTGT
167,AAGACCAAGCTCCCTG,20081,GATGGATTCACGAATA
168,AAGACCAAGGAACGCG,20107,GATGGATTCCAGGATG
169,AAGACCAAGGGTTAGA,20194,GATGGATTCCAGCTAC
170,AAGACCAAGTATTGGC,20251,GATGGATTCACTTGCA
171,AAGACCAAGTCTTGAA,20275,GATGGATTCAGCTACC
172,AAGCAAGTCCTAATGA,20515,CGACCTTAGATATTGG
173,AAGCAAGTCGCTATGG,20587,CGACCTTAGGAGTCGC
174,AAGCATGAGCTAAAGG,20836,ACCTGGTTCGCTCAGT
175,AAGCATGAGCTTGCTC,20868,ACCTGGTTCCTAATCG
176,AAGCATGAGTCATGCG,21031,ACCTGGTTCACAAAGC
177,AAGCATGAGTTGGGCC,21085,ACCTGGTTCTTTGTGG
178,AAGCCACGTCCTTAGT,21231,ACCAAATCACTTAGCT
179,AAGCCACGTTAAGGTT,21351,ACCAAATCATTGTCCG
180,AAGCCTGTCATTGTTC,21976,TGAAGGAAGGAGGTAA
181,AAGCCTGTCGGCCATA,22127,TGAAGGAAGGCTCACT
182,AAGCCTGTCGGTAACT,22134,TGAAGGAAGTTACGTT
183,AAGCCTGTCTCACTAT,22194,TGAAGGAAGGGAGCAG
184,AAGCCTTAGTAACGGA,22534,TGCTAATTCACAAGCG
185,AAGCCTTAGTTAGTGC,22604,TGCTAATTCGTGCTTA
186,AAGCCTTAGTTCCCGT,22612,TGCTAATTCCTAATGT
187,AAGCGAATCATGCTTT,22724,GGTTGCAAGTGAGGCC
188,AAGCGAATCATTGCAA,22741,GGTTGCAAGGTTATAG
189,AAGCGAATCCGCATGA,22795,GGTTGCAAGTCACTAT
190,AAGCGAATCTAACCAA,22934,GGTTGCAAGGCTTAGG
191,AAGCGAATCTTAGGGT,22993,GGTTGCAAGCATTAAG
192,AAGCGAGGTGGATTAT,23225,CAAGGCTCATAATGCG
193,AAGCGCTGTAACGGGA,23406,GGTTGCGCACTGGCAG
194,AAGCGCTGTCCCGAAG,23519,GGTTGCGCATAGTCAG
195,AAGCGGGTCATTAGTG,23885,GTCCGTTAGAAATGCC
196,AAGCGGGTCCCTTGCG,23938,GTCCGTTAGCTTGTTG
197,AAGCGTTTCATGAGCT,24249,GGGATGGAGAGGAATG
198,AAGCGTTTCGCAACAT,24404,GGGATGGAGATTCGTT
199,AAGCGTTTCTAGCGTG,24482,GGGATGGAGCGCAACA
200,AAGCGTTTCTCCTCTT,24500,GGGATGGAGCTGCATC
201,AAGCGTTTCTTTGACT,24544,GGGATGGAGCCCTTGG
202,AAGCGTTTCTTTGAGA,24545,GGGATGGAGACATAGC
203,AAGCTAGAGATACTTG,24588,CGTTACATCGCGGATA
204,AAGCTAGAGCTTATGA,24699,CGTTACATCACTAATC
205,AAGCTAGAGTCATTTC,24868,CGTTACATCAAGCTCC
206,AAGCTATGTACGCGCA,24970,TGTGCAACACCACAAA
207,AAGCTATGTGATGAAA,25107,TGTGCAACATTAGCCT
208,AAGCTATGTTGGTTAG,25266,TGTGCAACAGCTAGCG
209,AAGCTCCCAAATGCCC,25333,AGTAAGTGTATTACTG
210,AAGCTCCCAGGCTGTT,25564,AGTAAGTGTTCATTCT
211,AAGCTTGGTCCTTCTC,25833,CGCTAAACAATTAGCG
212,AAGCTTGGTTAAGGTT,25951,CGCTAAACATTGTCCG
213,AAGCTTGGTTTGAGGC,26066,CGCTAAACACCAAAGC
214,AAGGATCCAACAGGAT,26490,CGATTACGTAGTTACC
215,AAGGATCCATAAGGAC,26751,CGATTACGTACAATGG
216,AAGGATCCATGCTTAG,26804,CGATTACGTCCAAGTT
217,AAGGATGTCAGGAAGC,26907,TCCTTAGAGCGTGCTT
218,AAGGATTAGCTGGACC,27374,ACGTCACTCCGCACCA
219,AAGGATTAGGCTAGAA,27456,ACGTCACTCACAGCCT
220,AAGGATTAGGTTACAC,27505,ACGTCACTCCTCTCGC
221,AAGGCCCTCATTACGA,27717,TACTGTTAGGCACTAG
222,AAGGCCCTCCCTGATC,27770,TACTGTTAGCATATAG
223,AAGGCCCTCTCGACCT,27953,TACTGTTAGTATTTGC
224,AAGGCCCTCTTGAGGT,27983,TACTGTTAGGCTTAAA
225,AAGGTATAGACAAGTG,28014,CTCAATGTCCTCACTT
226,AAGGTATAGCTTAGCG,28149,CTCAATGTCGAGGCGT
227,AAGGTATAGGCAGGTG,28199,CTCAATGTCGGGATGC
228,AAGGTATAGTGAAGTG,28333,CTCAATGTCCTGATAT
229,AAGGTATAGTGTTGCG,28346,CTCAATGTCGCTAATT
230,AAGGTATAGTTAACCA,28348,CTCAATGTCGCTATAT
231,AAGGTCAAGGACTTAC,28561,ACCGAAGTCGCCTGTG
232,AAGGTCAAGGTGTCCA,28655,ACCGAAGTCCTCACGG
233,AAGGTGCAGACTATTG,28789,TCCTGAATCCACCTGG
234,AAGGTGCAGGACTTAC,28945,TCCTGAATCGCCTGTG
235,AAGGTGCAGGGCTTAT,29009,TCCTGAATCAAATACG
236,AAGGTGCAGTGTTGTA,29115,TCCTGAATCCAAACCC
237,AAGGTGCAGTTAGCCG,29121,TCCTGAATCATGAGGT
238,AAGTAGCCAATATACC,29231,CTTTGTTGTAGGCGCA
239,AAGTAGCCACAAAGAC,29258,CTTTGTTGTGACGTAA
240,AAGTAGCCAGAGAGCC,29345,CTTTGTTGTAGCTGTT
241,AAGTAGCCATAATCGT,29444,CTTTGTTGTTCTTTGT
242,AAGTCTATCAATGTGC,29559,CAAAGTCAGGTTGGTG
243,AAGTCTATCCCGAACA,29675,CAAAGTCAGGTCCCTG
244,AAGTCTATCCCTGTTA,29693,CAAAGTCAGCCAGTAG
245,AAGTCTATCCTCACTA,29728,CAAAGTCAGTCAATCT
246,AAGTCTATCTCATCAT,29868,CAAAGTCAGTCAATTC
247,AAGTGAAGTCCGCTGT,30043,CTCTAACCAGCTCATT
248,AAGTGCAAGAAGGTGC,30308,GCGCAAATCACCAACC
249,AAGTGCAAGCATTAGC,30379,GCGCAAATCGTGATAA
250,AAGTGCAAGTTCCTCA,30667,GCGCAAATCCTTAGTG
251,AAGTGTTGTAAGGTCC,30700,TGCGCCTCAATTTGGG
252,AAGTGTTGTCCCGAAG,30807,TGCGCCTCATAGTCAG
253,AAGTGTTGTGCTAGCG,30880,TGCGCCTCAATGACCA
254,AAGTGTTGTTTATCTG,31043,TGCGCCTCATAATGGT
255,AAGTTACGTAATGGCC,31094,TCGCTCACACTCCCTT
256,AAGTTACGTAGCCTCC,31119,TCGCTCACATGAGCTA
257,AAGTTAGCAAGGATTA,31504,CCTGTGAGTAACAGCA
258,AAGTTAGCACCTATAG,31600,CCTGTGAGTAACGAGC
259,AAGTTAGCACGTGCTG,31616,CCTGTGAGTTACTTCT
260,AAGTTAGCATTGCGGT,31821,CCTGTGAGTCATTGAC
261,AAGTTTGTCATCACTT,31910,AGGGTGGAGCAATACA
262,AAGTTTGTCCTTCTAG,32050,AGGGTGGAGCTAAGCG
263,AAGTTTGTCGGGATTT,32102,AGGGTGGAGCTTAGTT
264,AAGTTTGTCTGTGCCT,32186,AGGGTGGAGAGGCTTG
265,AAGTTTGTCTTGTTCG,32211,AGGGTGGAGCTGCTAC
266,AATAACCGTCCCGAAG,32339,ACGCACGCATAGTCAG
267,AATAACCGTTCAAGCA,32510,ACGCACGCAAGCCTCC
268,AATAACCGTTGCCTCA,32540,ACGCACGCAGGTTACA
269,AATACCGGTACAAAGA,32628,TGATGGCCAGTTCCCA
270,AATACCGGTCAGGCAT,32702,TGATGGCCAACCTCGC
271,AATACCGGTCCCGAAG,32721,TGATGGCCATAGTCAG
272,AATACCGGTCCGTAGG,32725,TGATGGCCATCAGGTA
273,AATACCGGTCCTTAGT,32733,TGATGGCCACTTAGCT
274,AATACCGGTTGGCCGA,32930,TGATGGCCAAACCTAG
275,AATAGAGGTAGCTGCG,33036,TCCATTACAGGTTTGA
276,AATAGCTGTATTCGCT,33436,TACCGAACAGGATGGA
277,AATAGCTGTCATTGTC,33481,TACCGAACAATTGCCT
278,AATAGCTGTCTAACAG,33512,TACCGAACAGGATGTC
279,AATAGCTGTTAACGGC,33612,TACCGAACACTTAGGA
280,AATATCCCACCCACCT,33887,GTAGGCGGTCCAGCAC
281,AATATCCCACGAACAG,33904,GTAGGCGGTCACACTG
282,AATATCCCATAAGGAC,34033,GTAGGCGGTACAATGG
283,AATCAGGAGCAGGTGG,34198,CTGAGTCTCGCGACTT
284,AATCAGGAGGCGTAAA,34349,CTGAGTCTCCGGGTTT
285,AATCAGGAGGTCAAAG,34386,CTGAGTCTCCTTTAGG
286,AATCAGGAGTAACTCA,34417,CTGAGTCTCCCTGGTG
287,AATCAGGAGTTAGTGC,34486,CTGAGTCTCGTGCTTA
288,AATCATCCAAACCTAT,34516,ACCTTAAGTGCGCGAA
289,AATCATCCAATAAGCA,34586,ACCTTAAGTTAACGGA
290,AATCATCCAGAGGGAG,34709,ACCTTAAGTGCAACAA
291,AATCATGTCAGCCAAT,34954,ATCGCCTAGGTTCCCG
292,AATCATGTCATGCATA,34985,ATCGCCTAGCACCTAC
293,AATCATGTCCGCCTAT,35063,ATCGCCTAGCTTGCAC
294,AATCATGTCCTCAGTC,35092,ATCGCCTAGAAGCAAG
295,AATCATGTCTGCAAAC,35239,ATCGCCTAGTTACAAG
296,AATCCATCAATAGCCC,35359,GAATCAGGTTGAAGCA
297,AATCCATCAATTTGGT,35386,GAATCAGGTTTGAGTC
298,AATCCATCACCAAAGG,35416,GAATCAGGTTTCCAAA
299,AATCCATCATCCTAGA,35603,GAATCAGGTTTGTCTT
300,AATCCATCATGAATAG,35612,GAATCAGGTTATCCGG
301,AATCCATCATTGCAGC,35651,GAATCAGGTTGGTTTA
302,AATCCATCATTGTTGG,35662,GAATCAGGTCACCAAT
303,AATCCCTGTACGTTTC,35707,GGCTTAACATTTCTTC
304,AATCCCTGTATTCGCT,35738,GGCTTAACAGGATGGA
305,AATCCCTGTCTCAGCC,35819,GGCTTAACAACAAAGA
306,AATCCCTGTTTACCGT,36016,GGCTTAACAGCAAGTC
307,AATCCGTAGGAAGTAT,36213,TGGCGAATCTTGCTCT
308,AATCCGTAGGCTAGAA,36272,TGGCGAATCACAGCCT
309,AATCCGTAGGGTGAGT,36294,TGGCGAATCACATAGA
310,AATCCTAAGGTTTACA,36709,CGCCTAGTCTTCAAGT
311,AATCCTAAGTTTGAGC,36810,CGCCTAGTCAAATCCT
312,AATCGCCCAATCTCTC,36903,CATAGCTGTGAGGGTT
313,AATCGCCCAATTAAGG,36911,CATAGCTGTTGCAATC
314,AATCGCCCAGAGAGCC,37009,CATAGCTGTAGCTGTT
315,AATCTCAAGCCTTAAA,37301,TTCCGGGTCTGGTCTA
316,AATCTCAAGCTCAAAC,37332,TTCCGGGTCGGTAATA
317,AATCTCAAGGACACTT,37369,TTCCGGGTCAGCCATC
318,AATCTCAAGGACTAAG,37376,TTCCGGGTCCATGACC
319,AATCTCAAGGCTACAT,37422,TTCCGGGTCTTTAAGC
320,AATCTTGAGACAGGTA,37602,AACGTAATCATCAGCC
321,AATCTTGAGCTGCACA,37724,AACGTAATCGCATTTG
322,AATCTTGAGGGCTTTG,37826,AACGTAATCAATAGCA
323,AATGAAGGTGGATTAT,38177,CTTGGTTCATAATGCG
324,AATGAAGGTTATTGCC,38258,CTTGGTTCAACGGTGT
325,AATGCAACAACCGCCA,38381,GCTTAGTGTTGACCGC
326,AATGCAACACACAATT,38467,GCTTAGTGTCGGTTTG
327,AATGCAACAGATTCAT,38547,GCTTAGTGTTATTTGG
328,AATGCATGTAACAGGG,38737,TAGCTAGCAAACCCAA
329,AATGCATGTAGTTGGC,38800,TAGCTAGCAAGGGCTT
330,AATGCATGTCCTAATC,38863,TAGCTAGCACGGTAAC
331,AATGCATGTTAGCGTA,39008,TAGCTAGCACCTTGCA
332,AATGCGCGTATTCGTC,39189,ATGTTCCCACTAATCC
333,AATGCGCGTGCATTAG,39302,ATGTTCCCAACCAACA
334,AATGCGCGTTGACTTC,39430,ATGTTCCCATCACAGA
335,AATGGCGCATAGCAGG,39798,AGTGCCCGTAGTCATC
336,AATGTCATCAGGTCCA,39946,CTGTTGCAGTCATCAT
337,AATGTCATCGGTACGC,40153,CTGTTGCAGCCATAAA
338,AATGTCATCTCACAAA,40209,CTGTTGCAGGCATGGC
339,AATGTCCAGGCACAGG,40464,TACCTAGTCGCTCAAC
340,AATGTCCAGGCATGAA,40466,TACCTAGTCAGCTAGG
341,AATGTCCAGGCTACTG,40489,TACCTAGTCCTTGAGC
342,AATGTCCAGTAACAGG,40548,TACCTAGTCGCTTCAA
343,AATGTCCAGTCTTGAA,40595,TACCTAGTCAGCTACC
344,AATTACCCAATTAACC,40744,CCGGTTAGTATCGGCC
345,AATTACCCAATTAGGA,40747,CCGGTTAGTGGTTAAG
346,AATTACCCACGGTTTA,40813,CCGGTTAGTTCGCTTC
347,AATTACCCATGTTGTG,41001,CCGGTTAGTCGTAATC
348,AATTAGCGTAACTACG,41044,AAGCTTGCAGCTCGAG
349,AATTAGCGTCCTAACT,41161,AAGCTTGCACCTTCAG
350,AATTAGGCAAGGTCGA,41477,GGGCAATGTTGTGGTT
351,AATTAGGCAGAAATGC,41604,GGGCAATGTTATGGGA
352,AATTCGTCACAATACT,41913,AGTTACCGTTTCTCAT
353,AATTCGTCACCATATG,41939,AGTTACCGTAATTGGG
354,AATTCGTCATGTCAAT,42145,AGTTACCGTTGCGAGG
355,AATTGACGTGAGCGAA,42354,CTTACCGCAAGTGGCT
356,AATTGACGTGCTCACC,42379,CTTACCGCAAATAGCT
357,AATTGACGTTAGTGAT,42467,CTTACCGCACTAGCGG
358,AATTGCCAGGCTTAAC,42796,GGATCAGTCAATAACG
359,AATTGCCAGGTTACAC,42839,GGATCAGTCCTCTCGC
360,AATTGCTCACTAAGAA,43119,AAGGTATGTGTCACGC
361,AATTGGACACACTAAT,43453,TAGTTTGGTTCACCTC
362,AATTGGACACAGGATG,43460,TAGTTTGGTTTGCTCC
363,AATTGGACACCAACCG,43469,TAGTTTGGTACTGGCC
364,AATTGGACAGGATTAA,43572,TAGTTTGGTAGAGGCT
365,AATTGGGAGCGATACT,43825,AACATGATCAGCTATT
366,AATTGGGAGTCAGTAC,44033,AACATGATCTGCAACC
367,AATTGTGTCACTCAAA,44148,ACTCAGGAGGTGCGTA
368,AATTGTGTCATTTGTC,44217,ACTCAGGAGAATCGAC
369,AATTGTGTCCCGAAGC,44242,ACTCAGGAGGTGGATT
370,AATTGTGTCCTAGTTT,44292,ACTCAGGAGGTCCGTT
371,AATTGTGTCCTTGTTG,44322,ACTCAGGAGGTAAGCT
372,AATTGTGTCTTACTCG,44459,ACTCAGGAGAGGGACG
373,AATTTCCTCAGTGAAG,44553,TTTAAGGAGCCAATCC
374,AATTTCCTCGATTTGA,44724,TTTAAGGAGGTGGCTA
375,AATTTCCTCGGGCCAT,44755,TTTAAGGAGCATATTC
376,AATTTGCCAAGTGTTT,44938,CGTAAAGGTGATGCAA
377,AATTTGCCACCGGCTA,45013,CGTAAAGGTCTGTGCA
378,AATTTGGTCAGTGAAG,45321,TAGTAGCAGCCAATCC
379,AATTTGGTCGAAGCGG,45476,TAGTAGCAGTGAGGAA
380,AATTTGGTCTGCAACG,45596,TAGTAGCAGCCTTGCG
381,ACAAACTGTGAGCGAA,45808,GATGCACCAAGTGGCT
382,ACAAAGGTCCTTTACG,46241,CTGGCTTAGCGCAAAT
383,ACAACAACAGCAAGAT,46605,TATGTCAGTTTACTGA
384,ACAACAACAGGCTTCG,46655,TATGTCAGTAACCGGG
385,ACAACACTCATAACTG,46859,GGGTTGCAGCAGGTAT
386,ACAACACTCCAAATCA,46905,GGGTTGCAGCTTGCCG
387,ACAACACTCCCTCACG,46936,GGGTTGCAGGCTTATT
388,ACAACACTCCCTGACT,46941,GGGTTGCAGGTGGGAG
389,ACAACACTCCGGGACT,46958,GGGTTGCAGAATCTAG
390,ACAACACTCCTTAAGA,46998,GGGTTGCAGCCAAACG
391,ACAACAGAGCGAGTAA,47277,ATAAGCATCGGTCCAT
392,ACAACAGAGCTAATTG,47297,ATAAGCATCCTAGTGC
393,ACAACAGAGTTTAACG,47547,ATAAGCATCAAGCGCA
394,ACACAATGTAAGCTTG,47951,CATGAATCACCTAAAG
395,ACACAATGTCTCAGCC,48091,CATGAATCAACAAAGA
396,ACACAATGTCTTGCAT,48093,CATGAATCAGAATCTG
397,ACACAATGTGCCGCAA,48126,CATGAATCAAGGTCAC
398,ACACCTTGTCATTACC,48434,TTCGTTACAGTTGGCG
399,ACACCTTGTCCTTCTC,48455,TTCGTTACAATTAGCG
400,ACACCTTGTGATGAAA,48495,TTCGTTACATTAGCCT
401,ACACCTTGTTAGTACG,48602,TTCGTTACAACAGGCT
402,ACACCTTGTTAGTGAT,48603,TTCGTTACACTAGCGG
403,ACACGGACAACAGCCT,48727,ATACCTAGTCGATTAC
404,ACACGGACACTTCACT,48886,ATACCTAGTGCGTACC
405,ACACGGACAGTCTAGC,48973,ATACCTAGTATAGTGG
406,ACACTAATCACAGCCA,49115,TCACATTAGTAACACA
407,ACACTAATCACGCATG,49125,TCACATTAGTTACCCA
408,ACACTAATCATGTCAA,49183,TCACATTAGTGCTCAC
409,ACACTAATCGTTACAA,49377,TCACATTAGTGCAACG
410,ACACTAGGTATTGGAT,49546,GCTTCATCATTACTGC
411,ACACTAGGTTTAGCTC,49824,GCTTCATCAGCAAGCT
412,ACACTAGGTTTGGTTC,49847,GCTTCATCACATGCAA
413,ACACTTAAGAATCGCT,49859,CGAATAATCCTGATCA
414,ACACTTAAGCTAATCA,49976,CGAATAATCGCGCTCA
415,ACACTTAAGGAGGGTT,50035,CGAATAATCGCTATGC
416,ACACTTAAGGCAAGTA,50048,CGAATAATCTTGAATC
417,ACACTTAAGGCATTAC,50054,CGAATAATCAAAGGGA
418,ACACTTGCAAAGCTCC,50250,TAGTGAGGTCATGATC
419,ACACTTGCACCGGCTA,50379,TAGTGAGGTCTGTGCA
420,ACACTTGCAGCATGAG,50445,TAGTGAGGTTACTCCC
421,ACACTTGCATAATCCG,50527,TAGTGAGGTGCTTTAA
422,ACACTTGCATAATCGT,50528,TAGTGAGGTTCTTTGT
423,ACACTTGCATCGCTCC,50559,TAGTGAGGTTTGAGCT
424,ACAGCGCTCAGGAACA,51060,GCACCTTAGAGAGGCG
425,ACAGCGCTCCCTCTAA,51154,GCACCTTAGTCCCTGG
426,ACAGCGCTCGCTAAAC,51253,GCACCTTAGGTGCACA
427,ACAGCGCTCGCTAGAT,51255,GCACCTTAGAATGACC
428,ACAGCGCTCTTGTCTG,51378,GCACCTTAGGGATTTA
429,ACAGCGCTCTTTGTAC,51384,GCACCTTAGGTGGAAA
430,ACAGGAATCATCCTAT,51465,GAAGTGAAGTATCGCC
431,ACAGGAATCATGGTGT,51481,GAAGTGAAGCGGTCAA
432,ACAGGAATCGCTTCTA,51646,GAAGTGAAGGATTGGT
433,ACAGGATCAAGCTAAA,51818,TGTGCTGGTAATCGCT
434,ACAGGATCATCCAGGT,52086,TGTGCTGGTGCCTTTC
435,ACAGGATCATGCAACC,52106,TGTGCTGGTTGGGCCT
436,ACAGGCTGTAACCTAG,52160,CCTAATCCAACCTGCC
437,ACAGGCTGTCACCAAA,52250,CCTAATCCAATGAGCC
438,ACAGGTAAGTCATTGA,52855,GCCTTAATCATGATGA
439,ACAGGTAAGTTAGCTA,52890,GCCTTAATCGATATTC
440,ACAGTATGTTATGTGG,53209,ACCAGGTCATCCTGTG
441,ACAGTATGTTCGGTAA,53230,ACCAGGTCAAACAAAG
442,ACAGTATGTTTACTTG,53272,ACCAGGTCATCAATCC
443,ACATAGCTCGCAAACT,53541,TTGATGAAGTTAGCTT
444,ACATCAATCCCGTTAC,53830,CGTAAACAGCTAAATG
445,ACATCAATCGTTAGCG,53979,CGTAAACAGATGAAGG
446,ACATCAATCTTAGGAC,54046,CGTAAACAGCGCTACT
447,ACATCATCAAACCTAT,54072,TTACCGGGTGCGCGAA
448,ACATCATCAATGCCTA,54162,TTACCGGGTAACCGTT
449,ACATCATCACCAACCG,54205,TTACCGGGTACTGGCC
450,ACATCATCATGAATAG,54400,TTACCGGGTTATCCGG
451,ACATTAGTCAGGAACA,54512,CGTACCTAGAGAGGCG
452,ACATTAGTCCATTACT,54589,CGTACCTAGCTTGGTC
453,ACATTAGTCTGTTGCC,54808,CGTACCTAGAGGAACA
454,ACATTAGTCTTGAGGT,54821,CGTACCTAGGCTTAAA
455,ACATTGCAGCATGTCG,54913,AACCTGCTCCCTCGTC
456,ACATTGCAGCCGGTAC,54928,AACCTGCTCCTACTAG
457,ACATTGCAGCTGTCAG,54984,AACCTGCTCGCGAGTA
458,ACATTGCAGTAAACCC,55118,AACCTGCTCATAAGCA
459,ACATTGCAGTTGTCCC,55211,AACCTGCTCGTACAAA
460,ACCAAACTCAAGCCTG,55230,AGGTGTTAGATTCACT
461,ACCAAACTCCCGTTTA,55368,AGGTGTTAGCAAGGAA
462,ACCAAACTCGGGATTT,55490,AGGTGTTAGCTTAGTT
463,ACCAAACTCGTACCGA,55504,AGGTGTTAGCTTAGAA
464,ACCAAGCGTAATGACT,55630,TGCTCCACATCCTCAG
465,ACCAAGCGTCAGGCAT,55708,TGCTCCACAACCTCGC
466,ACCAAGCGTTTACTTG,55958,TGCTCCACATCAATCC
467,ACCAAGTTCATGCCTC,56076,AGGGAGTAGTTGTCAT
468,ACCAAGTTCCCGCAAA,56129,AGGGAGTAGATTCAAG
469,ACCACACCAACTAGGG,56794,AATCCTAGTTAGTTGC
470,ACCACACCAATTATGC,56854,AATCCTAGTTGTCATA
471,ACCACACCACTAAATC,56924,AATCCTAGTTTACCAA
472,ACCACACCAGCACCAT,56961,AATCCTAGTTGACTAC
473,ACCACACCAGGGAGGA,57010,AATCCTAGTACGCACC
474,ACCACACCAGTTATCG,57032,AATCCTAGTTTATTCC
475,ACCACACCAGTTTACG,57035,AATCCTAGTAGACTAG
476,ACCACATAGCATGACT,57212,GGTTACCTCGTGCTGT
477,ACCACATAGCTAATTG,57265,GGTTACCTCCTAGTGC
478,ACCACATAGTTTGAGC,57518,GGTTACCTCAAATCCT
479,ACCACATAGTTTGTCT,57522,GGTTACCTCCTCATGA
480,ACCAGCTCAAGACTCC,57566,GCGTGCTGTATGGTGA
481,ACCAGCTCACCTAAGC,57670,GCGTGCTGTATCGCTG
482,ACCAGCTCAGAAATTG,57713,GCGTGCTGTTTAGCGT
483,ACCAGCTCATCCCTCA,57843,GCGTGCTGTTAAGTCC
484,ACCAGCTCATTAGCCA,57881,GCGTGCTGTCCATTAA
485,ACCAGGACAATCATGT,57990,TCGCAATGTAGAGGGA
486,ACCAGGACAGCAGGTA,58116,TCGCAATGTACCGTTG
487,ACCAGGACATCAGCAC,58220,TCGCAATGTTGTGCGC
488,ACCAGGCTCAAACCTA,58293,CGTCAAGAGGTGCTTC
489,ACCAGGCTCCGCAAGC,58453,CGTCAAGAGATTCCGC
490,ACCAGGCTCTTAATGG,58648,CGTCAAGAGATGAACC
491,ACCAGGGAGAGCCGCT,58706,GACATCCTCCGCTAGT
492,ACCAGGGAGCGCATTG,58786,GACATCCTCAAACCGG
493,ACCAGGGAGGACAACA,58843,GACATCCTCTATGCAT
494,ACCAGGGAGGTAGCTT,58930,GACATCCTCAATGAGC
495,ACCAGGGAGTAAGTGG,58967,GACATCCTCCTAACTG
496,ACCAGGGAGTCATGCG,58993,GACATCCTCACAAAGC
497,ACCAGGGAGTCTCACC,59003,GACATCCTCGCGCAAA
498,ACCAGGGAGTTAGAGG,59028,GACATCCTCTAAGCTT
499,ACCATAATCACATTGA,59092,GTACTAAAGAGAGCAA
500,ACCATAATCACTAGGT,59105,GTACTAAAGGCCAACA
501,ACCATAATCCCTCAAC,59207,GTACTAAAGATTGACA
502,ACCATAATCTAGCGTG,59378,GTACTAAAGCGCAACA
503,ACCATAATCTCATCAT,59392,GTACTAAAGTCAATTC
504,ACCATAATCTTAGCGG,59419,GTACTAAAGGGTCTAG
505,ACCATTAAGCATTTCT,59523,CATGTCATCCAAATTC
506,ACCATTAAGCCACATG,59526,CATGTCATCTTGTTGG
507,ACCCAACCACCCACCT,59969,TTGGTTAGTCCAGCAC
508,ACCCAACCACCTAAGC,59974,TTGGTTAGTATCGCTG
509,ACCCAACCACGTTACA,59995,TTGGTTAGTTACAGCT
510,ACCCAACCAGGAACTG,60058,TTGGTTAGTCCGTTAG
511,ACCCAACCAGTAGCCT,60094,TTGGTTAGTTGCTCAG
512,ACCCAGGGTGCTAGCG,60406,GCCGCAACAATGACCA
513,ACCCAGGGTGTTTGCT,60454,GCCGCAACATCCTAGT
514,ACCCAGGGTTAAGCCA,60461,GCCGCAACAATCTGGA
515,ACCCAGGGTTAGGCTA,60491,GCCGCAACATTACCCG
516,ACCCAGGGTTTAAAGC,60559,GCCGCAACACGGATCG
517,ACCCAGGGTTTGTCTA,60590,GCCGCAACAGGTTGTA
518,ACCCGCTGTATACTGG,60661,ATTGTCCCACAGCAAC
519,ACCCGCTGTCAGGCAT,60696,ATTGTCCCAACCTCGC
520,ACCCGCTGTTAATGAC,60850,ATTGTCCCATGCTGGG
521,ACCCGGTAGCACGTTG,61037,GCATTATTCGGCTATC
522,ACCCGGTAGCCGGTAC,61066,GCATTATTCCTACTAG
523,ACCCGGTAGCTTAGCG,61125,GCATTATTCGAGGCGT
524,ACCCGGTAGGAGGGTT,61159,GCATTATTCGCTATGC
525,ACCCGTAAGCAAGGTA,61414,CTCCAAATCAGCGGGT
526,ACCCGTAAGGTCCACA,61619,CTCCAAATCGTTAGCC
527,ACCCGTAAGGTCCTAG,61621,CTCCAAATCCTCAAGC
528,ACCCTCCCATGAGCAG,62077,ACATTCAGTCATAACC
529,ACCCTGTTCCAAATCA,62245,TTTGGTTAGCTTGCCG
530,ACCCTGTTCCAAGTGT,62247,TTTGGTTAGTCACACC
531,ACCCTGTTCCTTAAGA,62338,TTTGGTTAGCCAAACG
532,ACCGAAGCACGTGCTG,62678,TTCATGAGTTACTTCT
533,ACCGAAGCAGGAACCA,62741,TTCATGAGTTATGTTG
534,ACCGAAGCAGTGAACG,62785,TTCATGAGTATGTTGC
535,ACCGAAGCATAACGGG,62797,TTCATGAGTCCTCCCA
536,ACCGAAGCATCACAGC,62822,TTCATGAGTTCCTGGA
537,ACCGCAATCCACCTTA,63022,ACCTTGCAGCATAGCG
538,ACCGCAATCCCATAGG,63034,ACCTTGCAGCTTATCG
539,ACCGGCTAGCTATTGA,63411,AGGCTGATCCAGGTGA
540,ACCGGCTAGCTGTAAC,63424,AGGCTGATCTCGACTA
541,ACCGGCTAGTCAGGCC,63594,AGGCTGATCAAGGTCG
542,ACCGGTTCAAAGCGGC,63676,ACGCCACGTGGATTAG
543,ACCGGTTCACCAACCG,63799,ACGCCACGTACTGGCC
544,ACCGGTTCACCGTTCC,63809,ACGCCACGTTAGTGCT
545,ACCTAAATCATCAGTA,64125,GGTTCCTAGCTTAGCC
546,ACCTAAATCCAGGGAG,64177,GGTTCCTAGTTATTGC
547,ACCTAAATCCGGGACT,64218,GGTTCCTAGAATCTAG
548,ACCTAAATCTTGAGGT,64415,GGTTCCTAGGCTTAAA
549,ACCTAAGGTTAGGCGT,64710,CTAGTAGCATACTGAG
550,ACCTAAGGTTGTAAAC,64769,CTAGTAGCAAATCCCT
551,ACCTACCTCATTATGG,64920,CTCATCAAGTCCTTAG
552,ACCTACCTCGTCAAGT,65097,CTCATCAAGCTTCTCT
553,ACCTCACTCCGGTTAG,65370,CGGGACTAGGGTCCAA
554,ACCTCACTCGATTATG,65433,CGGGACTAGGAACAAG
555,ACCTGGATCAAGCTTA,65593,AGTTATGAGCAGCCAA
556,ACCTGGATCAGCATTA,65637,AGTTATGAGCGAAGTT
557,ACCTGGATCAGGTTTA,65647,AGTTATGAGTGCACCT
558,ACCTGGATCTATGACA,65904,AGTTATGAGTTACGAA
559,ACCTGGATCTTTAGGA,65961,AGTTATGAGGTGTTAA
560,ACCTGGTCAGCACGAA,66172,ACAAACGGTAATCACC
561,ACCTGGTCAGGCAAGC,66205,ACAAACGGTAAACCCT
562,ACCTGGTCATAGCTGC,66269,ACAAACGGTCATCATA
563,ACCTGGTCATCTAGCA,66292,ACAAACGGTTTAACCA
564,ACCTGGTCATGCTATG,66304,ACAAACGGTCACCAGC
565,ACCTGTTGTACCGAAC,66382,TTACGTCCACAAAGCC
566,ACCTGTTGTAGGATTT,66407,TTACGTCCATATTGCC
567,ACCTGTTGTAGTTAAC,66414,TTACGTCCATCCGGGA
568,ACCTGTTGTTGCACAA,66668,TTACGTCCAGGTGGAA
569,ACCTGTTGTTTCCGGC,66712,TTACGTCCACCGTTCA
570,ACCTTCATCAAGCGCC,66741,TTCTGTGAGCCTGTCG
571,ACCTTCATCAATGAGG,66753,TTCTGTGAGTTGCAAA
572,ACCTTCATCACCAATA,66765,TTCTGTGAGCAAACAC
573,ACCTTCATCAGGGCCT,66795,TTCTGTGAGCCGATAG
574,ACCTTCATCGGCTATG,66997,TTCTGTGAGTGGCTTC
575,ACCTTCATCGTGCTTC,67020,TTCTGTGAGTCATAAG
576,ACCTTCATCGTTTCCA,67030,TTCTGTGAGCCGCTAT
577,ACCTTCATCTAAGGAG,67037,TTCTGTGAGATAACTG
578,ACCTTCATCTGTAAGC,67080,TTCTGTGAGTTAACCT
579,ACCTTCCAGAACCTAC,67119,CCATGACTCATTAACC
580,ACCTTCCAGCCTGTGA,67215,CCATGACTCCGCACAT
581,ACCTTCCAGGTCCTGA,67378,CCATGACTCTATATGC
582,ACCTTCCAGTCACGAT,67427,CCATGACTCGTTAGTT
583,ACCTTGCTCATAACTG,67571,GTGCTAGAGCAGGTAT
584,ACCTTGCTCCATAAGC,67632,GTGCTAGAGGAGCTTG
585,ACCTTGCTCGATAACC,67732,GTGCTAGAGGCCTTGT
586,ACCTTGCTCGGGATTT,67768,GTGCTAGAGCTTAGTT
587,ACCTTGCTCGTTAGCG,67793,GTGCTAGAGATGAAGG
588,ACCTTGCTCTAAGGTC,67806,GTGCTAGAGATGCAAC
589,ACCTTGTGTCCGTAGG,68009,AGTCTAGCATCAGGTA
590,ACCTTGTGTCTAACAG,68032,AGTCTAGCAGGATGTC
591,ACGAACAAGACACCGC,68281,GATTCGCTCAGGAGGG
592,ACGAACAAGCACTTGG,68330,GATTCGCTCTTGTTCC
593,ACGAACAAGCGATAAG,68372,GATTCGCTCGCTTCTT
594,ACGAACAAGGGTCCAC,68509,GATTCGCTCATAGCTT
595,ACGAACAAGTAACCCG,68550,GATTCGCTCCGTAATT
596,ACGAAGTCACCTAAGC,68796,AAGGCTAGTATCGCTG
597,ACGAAGTCACTATGGC,68824,AAGGCTAGTACTAGGA
598,ACGAATCTCAAAGGCA,69037,GGAACTTAGGAGCCGT
599,ACGAATCTCAAGCGCC,69043,GGAACTTAGCCTGTCG
600,ACGAATCTCCCTCAAC,69181,GGAACTTAGATTGACA
601,ACGAATCTCGAAGTGA,69258,GGAACTTAGGATTGCG
602,ACGAATCTCTGTTCAT,69387,GGAACTTAGTTAGTAG
603,ACGACAAAGCATGAAG,69489,AGCATGGTCAGTGAAC
604,ACGACAAAGGACCAGG,69588,AGCATGGTCTGTGCTA
605,ACGACAAAGGACCTGC,69591,AGCATGGTCGGTTAGG
606,ACGACAAAGGCACAGG,69616,AGCATGGTCGCTCAAC
607,ACGACAAAGGCTACAT,69640,AGCATGGTCTTTAAGC
608,ACGACTTAGCACGTTG,69863,TGATTACTCGGCTATC
609,ACGACTTAGCTAAAGG,69924,TGATTACTCGCTCAGT
610,ACGACTTAGGCGCATC,70016,TGATTACTCAGGATTA
611,ACGACTTAGGTCCAAT,70060,TGATTACTCCACAATT
612,ACGACTTAGTGAGGGT,70140,TGATTACTCGCAACCT
613,ACGAGTAAGGAATAAC,70352,AAGGTTATCTAGTTGT
614,ACGAGTAAGGAGGCAT,70368,AAGGTTATCTTGTCGA
615,ACGAGTAAGTCAGTAC,70501,AAGGTTATCTGCAACC
616,ACGAGTAAGTGAACGA,70518,AAGGTTATCTGGATCC
617,ACGATTCAGCCACAAT,70651,ATGCAAATCGATCCGT
618,ACGATTCAGGCTTAGT,70801,ATGCAAATCAAACCTT
619,ACGATTCAGGGTGGAT,70817,ATGCAAATCATTGCGC
620,ACGATTCAGTGCTGTG,70912,ATGCAAATCAACCGGA
621,ACGCAAGCAATATACC,71033,CGAGCGAGTAGGCGCA
622,ACGCAAGCAATTGAGA,71055,CGAGCGAGTCCTGCAA
623,ACGCAAGCAGCAGGTA,71162,CGAGCGAGTACCGTTG
624,ACGCAAGCATCTAGCA,71280,CGAGCGAGTTTAACCA
625,ACGCAAGCATTGTTGG,71334,CGAGCGAGTCACCAAT
626,ACGCACGGTAGTTAAC,71402,TAGCGCGCATCCGGGA
627,ACGCACGGTTGGCCGA,71668,TAGCGCGCAAACCTAG
628,ACGCCTAAGAGGAGGA,72137,ACATGAATCTAGCCAC
629,ACGCCTAAGCTGCACA,72244,ACATGAATCGCATTTG
630,ACGCCTAAGGCAGGTG,72303,ACATGAATCGGGATGC
631,ACGCCTTTCCAACTGG,72606,TCTAATCAGAACAACC
632,ACGCCTTTCCGCAAGC,72649,TCTAATCAGATTCCGC
633,ACGCCTTTCGCACACA,72731,TCTAATCAGTAGAGGA
634,ACGCTTGAGATGGACA,72915,AAAGGCTTCTCAAGAA
635,ACGCTTGAGCAAACCT,72919,AAAGGCTTCGGTTCAC
636,ACGCTTGAGCAGGCCT,72939,AAAGGCTTCCGGTTTA
637,ACGCTTGAGGAGCAAC,73050,AAAGGCTTCCTAAATC
638,ACGCTTGAGTCTTGAA,73201,AAAGGCTTCAGCTACC
639,ACGGGAAGTACCGGAT,73289,CTGCAAACACGATTCT
640,ACGGGAAGTTCACTGT,73551,CTGCAAACAATAGCCA
641,ACGGTACGTCCTTTAA,73774,AGCTAATCAGAAATGA
642,ACGGTACGTGAGGTAG,73809,AGCTAATCAGGACCTG
643,ACGGTACGTGATCAGC,73811,AGCTAATCAGCCAAAC
644,ACGGTACGTGGACATC,73843,AGCTAATCAATGAAGA
645,ACGGTTAGTAGGTTTG,74081,CGCATTTCACCAACAA
646,ACGGTTAGTGTTGTAG,74258,CGCATTTCACTATACC
647,ACGGTTAGTTGGATAT,74348,CGCATTTCAATGTCAG
648,ACGGTTTAGGCCAATT,74606,CAGCCTGTCTTAGCTG
649,ACGTACCCACGAATTT,74946,GAACCTTGTACCGTGC
650,ACGTACCCACTAAGAA,74955,GAACCTTGTGTCACGC
651,ACGTACCCACTGACTA,74964,GAACCTTGTTAAACGG
652,ACGTCAAGTACAATGT,75199,GATTAACCACTCAATC
653,ACGTCAAGTCATGCAA,75282,GATTAACCAAGCCTGG
654,ACGTCAAGTCCGTGAG,75296,GATTAACCATGGTTAG
655,ACGTCAAGTCTTACTA,75324,GATTAACCAAGCTATG
656,ACGTCAAGTGGAGCAA,75377,GATTAACCAGCCTAAA
657,ACGTCAAGTGTTTGTC,75413,GATTAACCACAAACGC
658,ACGTCCAAGCACGTTG,75613,TGTGGCTTCGGCTATC
659,ACGTCCAAGGACTTAC,75729,TGTGGCTTCGCCTGTG
660,ACGTCCAAGGGATGAC,75787,TGTGGCTTCACAGCAG
661,ACGTCCAAGTTAGTGC,75908,TGTGGCTTCGTGCTTA
662,ACGTCCTTCAGCACGC,75990,GTTCTTGAGTTATGGA
663,ACGTCCTTCCTACCTA,76123,GTTCTTGAGTTACTAC
664,ACGTTACAGCGGATAA,76435,ACCTAGCTCCTCCCAC
665,ACGTTACAGTTGGATC,76689,ACCTAGCTCAGTATAG
666,ACGTTGTAGCACAGCC,76761,CCCATAATCCTCAGTA
667,ACGTTGTAGGCTGGCT,76931,CCCATAATCTCACAGC
668,ACTAAAGCACCTCAGG,77240,GAAGTATGTGAGTTTC
669,ACTAAAGCATTGTCAG,77462,GAAGTATGTTTAATCG
670,ACTAACCAGCCAAATC,77552,TCCGGATTCGGTACGA
671,ACTAACCAGCCTGTGA,77571,TCCGGATTCCGCACAT
672,ACTAACCAGTTGTCAA,77844,TCCGGATTCACCTGGT
673,ACTAACGGTAAAGCAA,77856,GACTCAACAGTGCCTC
674,ACTAACGGTACCTTAC,77892,GACTCAACATTTCGCG
675,ACTAACGGTGACCTGG,78021,GACTCAACATAGCTTC
676,ACTAACGGTTAACAGT,78102,GACTCAACACGGATTA
677,ACTAACTCAAGCGATG,78285,GAGGTACGTCTATGAC
678,ACTAACTCAAGGCCAA,78293,GAGGTACGTGAATCGA
679,ACTAACTCAATAGCAA,78314,GAGGTACGTCCTCACT
680,ACTAACTCAATATACC,78317,GAGGTACGTAGGCGCA
681,ACTAACTCAATGCCCG,78329,GAGGTACGTTGAGTCT
682,ACTAACTCACAGGGAC,78365,GAGGTACGTAAACCGA
683,ACTAACTCAGAAATGC,78426,GAGGTACGTTATGGGA
684,ACTAACTCAGCCTGCA,78455,GAGGTACGTTTCTAAG
685,ACTAACTCATTAGCCA,78595,GAGGTACGTCCATTAA
686,ACTAATCCAATCTCTC,78709,CGCTAATGTGAGGGTT
687,ACTAATCCAATGAGGT,78712,CGCTAATGTCGCAATT
688,ACTAATCCACCTGTAA,78779,CGCTAATGTTTATGGC
689,ACTAGGCGTGGAAGGC,79210,TCACGCCCAGCCAGTG
690,ACTAGGCGTTCATTTG,79303,TCACGCCCAAGGCTTA
691,ACTAGGCGTTTCGCGC,79371,TCACGCCCACCTGGTC
692,ACTATCCGTAATTAGC,79415,TTTCCGGCAGTTGGGT
693,ACTATCCGTGTTTGAG,79629,TTTCCGGCATAGACTG
694,ACTATCCGTTGTTGGA,79733,TTTCCGGCATCCTCCT
695,ACTATGTCAGGAATCG,80002,ATCGTTAGTATCCGTG
696,ACTATGTCAGTGAACG,80043,ATCGTTAGTATGTTGC
697,ACTATGTCATCCTGAA,80092,ATCGTTAGTCAGTGAA
698,ACTCACCTCAGTGAAG,80221,TAGGGTTAGCCAATCC
699,ACTCACCTCCCATAGG,80292,TAGGGTTAGCTTATCG
700,ACTCACCTCGCTCACT,80412,TAGGGTTAGAAACCTA
701,ACTCACCTCTCATCAT,80486,TAGGGTTAGTCAATTC
702,ACTCACCTCTTGCTAT,80526,TAGGGTTAGCCATCAC
703,ACTCACTGTGCTGTAA,80737,TGGTTCTCATAACCAG
704,ACTCACTGTTAAGGCC,80790,TGGTTCTCATAGTGAT
705,ACTCAGTAGACCATAC,80939,TAGGATATCTCCATGA
706,ACTCAGTAGCCTTAAA,81021,TAGGATATCTGGTCTA
707,ACTCAGTAGCTATGAC,81049,TAGGATATCTAACCCA
708,ACTCAGTAGGCACAGG,81118,TAGGATATCGCTCAAC
709,ACTCAGTAGGTCGATT,81184,TAGGATATCTCTCGCC
710,ACTCAGTAGTCATCCC,81236,TAGGATATCCTTAACG
711,ACTCAGTAGTCATGCG,81237,TAGGATATCACAAAGC
712,ACTCAGTAGTTGTCAA,81292,TAGGATATCACCTGGT
713,ACTCCTCAGCATGTCG,81379,CAAGCCTTCCCTCGTC
714,ACTCCTCAGCGTGCGT,81425,CAAGCCTTCTTGCATG
715,ACTCCTCAGGACCTCA,81476,CAAGCCTTCAGGAATC
716,ACTCCTCAGGTCGAGG,81567,CAAGCCTTCAGCCTGT
717,ACTCGCGCATCAATCG,81997,CTGCAATGTGTAACCT
718,ACTCGCTTCCGGCTAA,82241,CGTCCATAGATAGCTA
719,ACTCGCTTCTGCAAGT,82415,CGTCCATAGTTTGAGA
720,ACTGAAACAAACTCAT,82463,TAACCGTGTCAGTGCC
721,ACTGAAACAACCTGGT,82489,TAACCGTGTAGCGCTC
722,ACTGAAACAGTCTAGC,82727,TAACCGTGTATAGTGG
723,ACTGAAACAGTTGCGT,82734,TAACCGTGTGAACGGT
724,ACTGAAACATCTTGAG,82783,TAACCGTGTGATCCTG
725,ACTGAAACATTATGGT,82820,TAACCGTGTACTTACA
726,ACTGAATGTAATTAGC,82867,TAAAGGACAGTTGGGT
727,ACTGAATGTTAGAGGG,83110,TAAAGGACAAGGATGG
728,ACTGAATGTTCCAGGG,83138,TAAAGGACAAGCGCAT
729,ACTTACAAGCCTGTGA,83321,TTTCTCATCCGCACAT
730,ACTTACAAGGAGTCTT,83409,TTTCTCATCGATAAGC
731,ACTTACAAGGGTCTAT,83466,TTTCTCATCTCAAATC
732,ACTTACAAGGTGTTAC,83494,TTTCTCATCGCAATCC
733,ACTTACAAGGTTTGCG,83501,TTTCTCATCAGCCTTA
734,ACTTACAAGTTCCTCA,83587,TTTCTCATCCTTAGTG
735,ACTTACTTCAGCAAGA,83658,CGCAGGTAGTATTGCT
736,ACTTACTTCCGGCTAA,83775,CGCAGGTAGATAGCTA
737,ACTTACTTCGGTTACG,83881,CGCAGGTAGGACTTAA
738,ACTTACTTCTTAATGG,83962,CGCAGGTAGATGAACC
739,ACTTAGGGTGTTTGAG,84231,TCCTTAACATAGACTG
740,ACTTAGTCAATCATGT,84454,TGCGCGTGTAGAGGGA
741,ACTTAGTCACCCACAG,84512,TGCGCGTGTCGCAACC
742,ACTTAGTCACCTGTAA,84529,TGCGCGTGTTTATGGC
743,ACTTAGTCAGAAATTG,84561,TGCGCGTGTTTAGCGT
744,ACTTAGTCAGCATGGA,84582,TGCGCGTGTAGCCTTG
745,ACTTATCTCATAGACC,84830,GTGAGGGAGTCCTTGA
746,ACTTATCTCATTGTTC,84868,GTGAGGGAGGAGGTAA
747,ACTTATCTCCACCTTA,84882,GTGAGGGAGCATAGCG
748,ACTTATCTCGCTAAGT,85008,GTGAGGGAGCTGGCAA
749,ACTTATCTCGTCAAGT,85039,GTGAGGGAGCTTCTCT
750,ACTTATGAGCAAGGTA,85194,CAAGTCCTCAGCGGGT
751,ACTTATGAGCATGACT,85212,CAAGTCCTCGTGCTGT
752,ACTTATGAGCTTTGGG,85295,CAAGTCCTCCCAATAT
753,ACTTATGAGGCTACAT,85362,CAAGTCCTCTTTAAGC
754,ACTTATGAGGCTGTCA,85368,CAAGTCCTCTTGCAGC
755,ACTTCGCTCCAATTAG,85646,GAAGCTTAGCTTAAAG
756,ACTTCGCTCTCCTCTT,85860,GAAGCTTAGCTGCATC
757,ACTTGAATCAATCTCT,85927,TCCTAATAGGCCTAAG
758,ACTTGAATCCCTCTAA,86060,TCCTAATAGTCCCTGG
759,ACTTGAATCCTGCGAA,86113,TCCTAATAGCGGGACT
760,ACTTGAATCGCGACAC,86157,TCCTAATAGCAGGTTG
761,ACTTGAATCTAAGTCA,86215,TCCTAATAGCACTAAA
762,ACTTGAATCTGTGCAG,86259,TCCTAATAGCGGTTAG
763,ACTTGCACAATGCGCT,86385,TCGGTATGTTTCACCC
764,ACTTGCACAATTAAGG,86387,TCGGTATGTTGCAATC
765,ACTTGTAAGAGGAAGG,86708,GGCTTGTTCGCATTGC
766,ACTTGTAAGCCTCTCG,86769,GGCTTGTTCCTGCCAG
767,ACTTGTCGTCATAAGT,87166,CCAAGGTCATGACCTT
768,ACTTGTCGTGGATTAT,87269,CCAAGGTCATAATGCG
769,ACTTGTCGTTACATCC,87320,CCAAGGTCAACAACAT
770,ACTTGTCGTTACCTGT,87322,CCAAGGTCATGAATCG
771,ACTTTGTTCATTGCAA,87551,ATGCTAAAGGTTATAG
772,ACTTTGTTCCTGGTCT,87649,ATGCTAAAGGTTGTAA
773,ACTTTGTTCGGTACGC,87713,ATGCTAAAGCCATAAA
774,AGAAACCCAAGCTTAT,87876,GGCTGAGGTCCTAACG
775,AGAAACCCAAGTGTCC,87893,GGCTGAGGTGTGCGAG
776,AGAAACCCAATGAAGC,87914,GGCTGAGGTATAGCGA
777,AGAAACCCATGTCGCG,88173,GGCTGAGGTGAGTTAG
778,AGAAACTAGGACTTAC,88387,TATAGCTTCGCCTGTG
779,AGAAACTAGGCGAAAC,88421,TATAGCTTCACGCCCA
780,AGAAACTAGGTTAGCT,88486,TATAGCTTCTAACCAT
781,AGAAACTAGTTTAACG,88585,TATAGCTTCAAGCGCA
782,AGAAAGGCAAGTGAAC,88660,ACAGTGAGTGAGGACT
783,AGAAAGGCACTCGCTC,88770,ACAGTGAGTTGTTCCC
784,AGAAAGGCAGCTTAAT,88819,ACAGTGAGTGGTGAAC
785,AGAACAAGTAAAGCGG,88979,GATGAGGCACGGTCAG
786,AGAACAAGTAGCCATA,89027,GATGAGGCAGGTAACC
787,AGAACAAGTTAGCCAA,89251,GATGAGGCAAAGTGAA
788,AGAACCAAGCACGATT,89420,GCATCTATCTAACTCG
789,AGAACCAAGCTAAAGG,89482,GCATCTATCGCTCAGT
790,AGAACCAAGCTCCTAC,89496,GCATCTATCTTAGCCA
791,AGAACCAAGCTTGCTC,89514,GCATCTATCCTAATCG
792,AGAACCAAGGCTAATC,89581,GCATCTATCCGTCCAG
793,AGAACCAAGGTCCGTA,89620,GCATCTATCTAATCAC
794,AGAACCAAGTAACCAC,89643,GCATCTATCTCAAACT
795,AGAACCAAGTAACTCA,89647,GCATCTATCCCTGGTG
796,AGAACCGCAGCAACAG,89943,AGGACTAGTAATCCAC
797,AGAACCGCAGTGAACG,90017,AGGACTAGTATGTTGC
798,AGAAGGTGTAACGTGC,90137,TGTGATGCATTGAGGC
799,AGAAGGTGTCAATACG,90217,TGTGATGCACGCGCAA
800,AGAAGGTGTGGAAGGC,90332,TGTGATGCAGCCAGTG
801,AGAAGGTGTGTCACGG,90351,TGTGATGCATAGCTAG
802,AGAAGGTGTTCGCGCT,90434,TGTGATGCAATCATGG
803,AGAATCGAGCGGTTAT,90629,ATGTGCCTCGCGAAGC
804,AGAATCGAGGATAAAC,90698,ATGTGCCTCTACTACG
805,AGAATCGAGGTCGATT,90774,ATGTGCCTCTCTCGCC
806,AGAATCGAGTAACGAG,90795,ATGTGCCTCTATCGGC
807,AGAATCTGTTTCCTCC,91257,CCGAAGTCATCCTGCA
808,AGAATCTGTTTGGCTT,91268,CCGAAGTCAATCTCTA
809,AGACAATAGTCTCACC,91603,ACCATATTCGCGCAAA
810,AGACAATAGTGAACAG,91606,ACCATATTCCGCAATC
811,AGACACGCAATGCCTA,91752,CGACTTGGTAACCGTT
812,AGACACGCACATAACT,91788,CGACTTGGTTTCCGGA
813,AGACACGCACCTCACC,91811,CGACTTGGTATTGTCA
814,AGACACGCAGGACACA,91893,CGACTTGGTCAGGCTC
815,AGACACGCATCATGTG,91975,CGACTTGGTCCCGGAT
816,AGACCCGGTAATCCCT,92064,GGATGGACAGCCTGAG
817,AGACCCGGTCAGGCAT,92146,GGATGGACAACCTCGC
818,AGACCCGGTGAAGCCT,92205,GGATGGACACCTCAGC
819,AGACCCGGTTAAGGCC,92296,GGATGGACATAGTGAT
820,AGACTATGTAGTTGGC,92492,AGTGAGGCAAGGGCTT
821,AGAGAAGCAGGACCAA,93042,CAGGATAGTATTCGGT
822,AGAGAAGCATTAAGTC,93164,CAGGATAGTGAGACTA
823,AGAGAAGCATTGTGCA,93185,CAGGATAGTTAGCCAT
824,AGAGAGGAGAATCTCA,93200,TTGCAGCTCTTAGGTT
825,AGAGAGGAGCGGCTGT,93309,TTGCAGCTCAGCGATG
826,AGAGAGGAGGACGTAA,93367,TTGCAGCTCCTGTGAC
827,AGAGAGGAGTATTGTG,93498,TTGCAGCTCAGGAGCC
828,AGAGATTAGACAGGCG,93593,GATTACTTCACTATGT
829,AGAGATTAGCAAACCT,93623,GATTACTTCGGTTCAC
830,AGAGATTAGCTTTGTT,93732,GATTACTTCAAATCAG
831,AGAGATTAGGAGGCAT,93758,GATTACTTCTTGTCGA
832,AGAGATTAGGCATGTT,93777,GATTACTTCACCTATG
833,AGAGATTAGGCTAGAA,93800,GATTACTTCACAGCCT
834,AGAGATTAGGGACTAA,93810,GATTACTTCCGCCTAG
835,AGAGATTAGGTGTTAC,93848,GATTACTTCGCAATCC
836,AGAGGAACAATCCTAG,94044,GAACAATGTGTGCGGA
837,AGAGGAACATAATTGC,94255,GAACAATGTTCTTAAG
838,AGAGGATGTCACTCGC,94444,GCTCAAACAGGCCTAG
839,AGAGGATGTGTTGTAG,94582,GCTCAAACACTATACC
840,AGAGGATGTTCGGTAA,94654,GCTCAAACAAACAAAG
841,AGATGAAGTTACATCC,94986,GCCCGAACAACAACAT
842,AGATGAAGTTACTTGC,94993,GCCCGAACATCAGTAG
843,AGATGCTTCATTATGG,95214,GACTTAAAGTCCTTAG
844,AGATGCTTCCGCCTAT,95273,GACTTAAAGCTTGCAC
845,AGATGCTTCTCCTCTT,95444,GACTTAAAGCTGCATC
846,AGCAAATAGAAACTGG,95491,CATAATCTCGATATGA
847,AGCAAATAGCTCCTAC,95628,CATAATCTCTTAGCCA
848,AGCAAATAGGAACCGG,95652,CATAATCTCCTAACCA
849,AGCAACAAGCAAGGGT,95929,CCAAACCTCAGAAAGG
850,AGCAACAAGCCTGATG,95973,CCAAACCTCAGGTTGG
851,AGCAACAAGGAACCGG,96036,CCAAACCTCCTAACCA
852,AGCAAGGGTGAATCGC,96422,TGCCTCACAAATACCG
853,AGCAAGGGTGCCGCAA,96448,TGCCTCACAAGGTCAC
854,AGCAAGGGTTTACTTG,96612,TGCCTCACATCAATCC
855,AGCAATACAAATACCT,96659,AAGACCAGTCAATGAG
856,AGCAATACACATTGCA,96775,AAGACCAGTTAAGTGG
857,AGCAATACACCTATAG,96792,AAGACCAGTAACGAGC
858,AGCAATTGTAAAGCGG,97027,AGAACAACACGGTCAG
859,AGCAATTGTAATCACG,97045,AGAACAACAACGTGGT
860,AGCAATTGTTAGACCA,97294,AGAACAACAGGAGGTA
861,AGCACAGCAAAGGTAC,97424,GTTCCAGGTAGCTAAG
862,AGCACAGCAACACCTA,97431,GTTCCAGGTTTCCTCA
863,AGCACTAGTGCTCCGT,97989,CCGCCATCAACAAGTT
864,AGCACTAGTTGTAACG,98130,CCGCCATCAGGTTATG
865,AGCACTTAGCTGCACA,98314,AACATAGTCGCATTTG
866,AGCACTTAGTGAACAG,98504,AACATAGTCCGCAATC
867,AGCACTTAGTGAGGTA,98513,AACATAGTCAGGATCG
868,AGCAGGTAGAACCTAC,98561,GTTGTCATCATTAACC
869,AGCAGGTAGCACAGGG,98616,GTTGTCATCCAATTGT
870,AGCAGGTAGCCTGTGA,98657,GTTGTCATCCGCACAT
871,AGCAGGTAGCCTTAAA,98659,GTTGTCATCTGGTCTA
872,AGCAGGTAGTAGCCAT,98854,GTTGTCATCCCTCATT
873,AGCAGGTAGTTTGGTA,98939,GTTGTCATCGCTTCGG
874,AGCATCCCAAAGGCCA,98957,GGCTTGCGTGAGTCAA
875,AGCATCCCAGTCTATG,99214,GGCTTGCGTTGACCAT
876,AGCATTTCACACTAAT,99445,CCTTAGGGTTCACCTC
877,AGCATTTCACCATATG,99465,CCTTAGGGTAATTGGG
878,AGCATTTCACGAACAG,99484,CCTTAGGGTCACACTG
879,AGCATTTCAGGAATCG,99558,CCTTAGGGTATCCGTG
880,AGCATTTCAGGCCATT,99569,CCTTAGGGTGCATTTA
881,AGCCGCTAGGTTTACA,100369,CTAGTTGTCTTCAAGT
882,AGCCGCTAGTCTCACC,100419,CTAGTTGTCGCGCAAA
883,AGCCGGTTCGCAAACT,100715,AGCTAACAGTTAGCTT
884,AGCCGGTTCTATTGTC,100799,AGCTAACAGCAACCCT
885,AGCCTAAGTCCCGAAG,100981,CTACATCCATAGTCAG
886,AGCCTAAGTGCATTTC,101047,CTACATCCACCAGCTC
887,AGCCTAAGTTACTTGC,101127,CTACATCCATCAGTAG
888,AGCCTCCGTAGCTAGC,101679,CTTGCTGCAATTGACG
889,AGCCTCCGTAGTAAGA,101688,CTTGCTGCATGATGGC
890,AGCCTCCGTGCGCGTA,101818,CTTGCTGCAAGTGCCG
891,AGCCTCCGTGTGTGGT,101858,CTTGCTGCAAAGGCCT
892,AGCCTGGGTACTTCAC,102054,AGCGGTTCAACATAGT
893,AGCCTGGGTAGTTAAC,102072,AGCGGTTCATCCGGGA
894,AGCGATTTCACAGCCA,102419,AGCTGGCAGTAACACA
895,AGCGATTTCCTTAAGA,102600,AGCTGGCAGCCAAACG
896,AGCGCCTAGACTATTG,102795,ATGTTGTTCCACCTGG
897,AGCGCCTAGCATGCAT,102847,ATGTTGTTCCCAATTG
898,AGCGCCTAGCGATAAG,102880,ATGTTGTTCGCTTCTT
899,AGCGCTCAGAGGGACT,103195,GCTCAGTTCCCACCTC
900,AGCGCTCAGCCAGTAT,103242,GCTCAGTTCCCGGAAA
901,AGCGCTCAGGCGCATC,103372,GCTCAGTTCAGGATTA
902,AGCGCTCAGGTTTGCG,103437,GCTCAGTTCAGCCTTA
903,AGCGCTCAGTAATCCA,103450,GCTCAGTTCAGCTAAA
904,AGCGGACCAATCTCTC,103629,CGATTTAGTGAGGGTT
905,AGCGGACCAATTTAGC,103645,CGATTTAGTTATATCG
906,AGCGGACCAGAGAGCC,103735,CGATTTAGTAGCTGTT
907,AGCGGACCATAATCCG,103833,CGATTTAGTGCTTTAA
908,AGCGGATAGCTGGAAA,104067,CCTTGTTTCCTAAGAA
909,AGCGGATAGGCTAGAA,104150,CCTTGTTTCACAGCCT
910,AGCGGATAGGTTACGT,104200,CCTTGTTTCTAATCCG
911,AGCGGATAGTCCTTCA,104248,CCTTGTTTCTCAGCTA
912,AGCGTGCTCACTAATG,104354,GCTTATTAGACTCCTA
913,AGCGTGCTCGATTCTT,104546,GCTTATTAGTGAGCCA
914,AGCTAAACAATGCCCG,104785,CTTCATTGTTGAGTCT
915,AGCTAAACACAGAACG,104815,CTTCATTGTATTCAGC
916,AGCTAAACAGTCTATG,104966,CTTCATTGTTGACCAT
917,AGCTAAACATGCTATG,105032,CTTCATTGTCACCAGC
918,AGCTAACTCGATCAGT,105312,CTGAGTGAGAACCTTT
919,AGCTAACTCGGTACGC,105349,CTGAGTGAGCCATAAA
920,AGCTAACTCTGGCATG,105423,CTGAGTGAGTATAGTG
921,AGCTACGTCACCTGTC,105499,ATAATCGAGTGTGGTG
922,AGCTACGTCCAAATCA,105579,ATAATCGAGCTTGCCG
923,AGCTACGTCCCTTGCG,105620,ATAATCGAGCTTGTTG
924,AGCTACGTCCTAATAG,105646,ATAATCGAGGTCACGA
925,AGCTACGTCGGTCAGC,105735,ATAATCGAGGCAATAC
926,AGCTACTAGACAAGTG,105860,AATTGGATCCTCACTT
927,AGCTACTAGATGGACA,105889,AATTGGATCTCAAGAA
928,AGCTACTAGCCACAAT,105927,AATTGGATCGATCCGT
929,AGCTACTAGGCTGTGC,106075,AATTGGATCCGCTGTG
930,AGCTACTAGGTCCTGA,106108,AATTGGATCTATATGC
931,AGCTACTAGGTTACGT,106120,AATTGGATCTAATCCG
932,AGCTATATCAGGTCCA,106678,TCAATGAAGTCATCAT
933,AGCTATATCATCAGTA,106691,TCAATGAAGCTTAGCC
934,AGCTATATCCTCAGTC,106808,TCAATGAAGAAGCAAG
935,AGCTATATCTCCATAT,106947,TCAATGAAGCAATTGA
936,AGCTCATAGGTCCGTA,107258,TAGCTGCTCTAATCAC
937,AGCTCATAGTGAGAGC,107333,TAGCTGCTCCGGGTAA
938,AGCTCATAGTGCACGC,107339,TAGCTGCTCTAAGTCT
939,AGCTGCTCAAGGTAAC,107439,CCAGTATGTTAGCTAC
940,AGCTGCTCACAATGTT,107497,CCAGTATGTTAAAGAC
941,AGCTGCTCAGAAATGC,107570,CCAGTATGTTATGGGA
942,AGCTTAATCCCTGATC,107920,TCGAAGTAGCATATAG
943,AGCTTAATCTGGTCCT,108113,TCGAAGTAGTCAACAA
944,AGCTTAATCTTGGACG,108139,TCGAAGTAGAATCACA
945,AGCTTCCTCCCATAAA,108287,TTGTCCAAGTTAGGAC
946,AGCTTCCTCCTTAGGG,108362,TTGTCCAAGCATCCTA
947,AGCTTCCTCGTGCCTT,108436,TTGTCCAAGGACACGC
948,AGCTTCCTCTAAGTCA,108457,TTGTCCAAGCACTAAA
949,AGCTTTAAGCGTGCGT,109039,ATTCCTCTCTTGCATG
950,AGCTTTAAGCTGGAAA,109059,ATTCCTCTCCTAAGAA
951,AGCTTTAAGGCAACAA,109113,ATTCCTCTCAGGACCA
952,AGCTTTAAGGGCCATC,109157,ATTCCTCTCACCCTCC
953,AGCTTTAAGGTCCTGA,109180,ATTCCTCTCTATATGC
954,AGGAAACGTTCAAGCA,109594,TAAGGCCCAAGCCTCC
955,AGGAAACGTTTCGCGC,109667,TAAGGCCCACCTGGTC
956,AGGAACCAGGAGTCGG,109870,ACGGTTCTCAATCGGG
957,AGGAACCAGGCTACTG,109907,ACGGTTCTCCTTGAGC
958,AGGAACCAGTCACTAA,109996,ACGGTTCTCGATTATC
959,AGGAACCAGTTAACCA,110032,ACGGTTCTCGCTATAT
960,AGGAACCAGTTCCCGT,110048,ACGGTTCTCCTAATGT
961,AGGAACCAGTTTGTCT,110066,ACGGTTCTCCTCATGA
962,AGGAACGGTTTCGCGC,110433,ATCATCCCACCTGGTC
963,AGGACGTAGCACAGGG,110508,GTCAGGATCCAATTGT
964,AGGACGTAGGTAAGGC,110702,GTCAGGATCCCTCGCT
965,AGGACGTAGTTTCCTG,110827,GTCAGGATCACGGATG
966,AGGACTAAGACTATTG,110855,AACAACATCCACCTGG
967,AGGACTAAGGAAGCAC,110997,AACAACATCTAGCCTA
968,AGGACTAAGGCCAATT,111038,AACAACATCTTAGCTG
969,AGGAGCTAGGATAAAC,111406,TAGCGAGTCTACTACG
970,AGGAGCTAGGATTTGC,111412,TAGCGAGTCATTACAC
971,AGGAGCTAGGCTAGAA,111442,TAGCGAGTCACAGCCT
972,AGGAGCTAGGTATTGC,111473,TAGCGAGTCCAGGAAT
973,AGGATATAGACAAAGT,111613,ACAGTAATCTAAGCAA
974,AGGATATAGCGAAGTA,111704,ACAGTAATCAAATCGA
975,AGGATATAGGAACCAA,111761,ACAGTAATCAAGGTTA
976,AGGATATAGGGACCTC,111834,ACAGTAATCCGTTATG
977,AGGATATAGTGTTGCG,111948,ACAGTAATCGCTAATT
978,AGGATCCGTAAGCTTG,111999,TGAGGTCCACCTAAAG
979,AGGATCCGTGATCAGC,112159,TGAGGTCCAGCCAAAC
980,AGGATCCGTGGAAACG,112189,TGAGGTCCAGGAGGGT
981,AGGATCCGTGGTTATG,112204,TGAGGTCCAAAGGAAC
982,AGGATCCGTGTTGTGA,112225,TGAGGTCCATGAAGCC
983,AGGATCCGTTACGCAA,112249,TGAGGTCCAAGGTATT
984,AGGATGCAGCGATAAG,112474,GCAAATATCGCTTCTT
985,AGGATGCAGGAAACTG,112525,GCAAATATCGTTTCTC
986,AGGATGTCACTTCATC,112937,GAAATACGTATTTGGC
987,AGGATGTCAGGTTAAA,113009,GAAATACGTTAACACC
988,AGGATGTCATCAATCG,113061,GAAATACGTGTAACCT
989,AGGATGTCATGCAACC,113088,GAAATACGTTGGGCCT
990,AGGATGTCATGTCAGC,113098,GAAATACGTTAGTTTG
991,AGGATTGAGGTCCAAT,113394,CATGGCTTCCACAATT
992,AGGATTGAGGTTTACA,113413,CATGGCTTCTTCAAGT
993,AGGATTGAGTAGCGCC,113433,CATGGCTTCTGTCAGC
994,AGGCAATCAGCCTGCA,113737,CTGGTCAGTTTCTAAG
995,AGGCAATCATCTTGAG,113847,CTGGTCAGTGATCCTG
996,AGGCAATCATGAGCAG,113853,CTGGTCAGTCATAACC
997,AGGCAATCATTTAAGC,113901,CTGGTCAGTTCACTTT
998,AGGCAGGTCACCGGTA,113939,TGCAATAAGCCTTAAT
999,AGGCCCAGTAACCAGC,114293,CCCTCAACAGGAGCTT
1000,AGGCCCAGTGTGTGGT,114520,CCCTCAACAAAGGCCT
1001,AGGCGGATCAAGTGAG,114683,GGTCAATAGCAGCTCT
1002,AGGCGGATCACAGGAA,114701,GGTCAATAGCATTATC
1003,AGGCGGATCATGTGGT,114768,GGTCAATAGTGGCGGT
1004,AGGCGGATCCCTGATC,114824,GGTCAATAGCATATAG
1005,AGGCGGATCCGCACAA,114832,GGTCAATAGTAAACTG
1006,AGGCGGATCCTGTTCA,114879,GGTCAATAGGTATAGC
1007,AGGCGGATCGCAAACT,114909,GGTCAATAGTTAGCTT
1008,AGGCGGATCGCTTGCT,114931,GGTCAATAGAGCCGGT
1009,AGGCGGATCTTAGTCT,115032,GGTCAATAGATTGAGC
1010,AGGCTAAAGATTGAGG,115100,TACCCGGTCAAGCCAG
1011,AGGCTAAAGGTCCTAG,115315,TACCCGGTCCTCAAGC
1012,AGGCTAAAGTAGAGGC,115349,TACCCGGTCATGCAAA
1013,AGGCTAGCAAAGCTAA,115451,GTCGCTAGTTTCCAGG
1014,AGGGCCTTCCATCAGG,115956,CACCTTAAGGCTAAAC
1015,AGGGCCTTCCCTTGCG,115980,CACCTTAAGCTTGTTG
1016,AGGGCCTTCCTTCGTA,116037,CACCTTAAGAACCTAA
1017,AGGGCCTTCGCTATAA,116078,CACCTTAAGGATTGAC
1018,AGGGCCTTCTGCAACG,116164,CACCTTAAGCCTTGCG
1019,AGGGCCTTCTTGGACG,116195,CACCTTAAGAATCACA
1020,AGGGCTACATTGTTGG,116586,TGTTCCCGTCACCAAT
1021,AGGGTTGCAAACGCGA,116594,CATTATGGTCATGGTT
1022,AGGGTTGCAAGGACCA,116643,CATTATGGTAACCGCC
1023,AGGGTTGCAAGTCGCT,116655,CATTATGGTTATGGCT
1024,AGGTAACCACTTCATC,117159,ACCGCTAGTATTTGGC
1025,AGGTAACCAGGAACAT,117202,ACCGCTAGTGCGGTTC
1026,AGGTAACCAGTTATCG,117250,ACCGCTAGTTTATTCC
1027,AGGTACGCACCCACCT,117499,ATGCAAGGTCCAGCAC
1028,AGGTACGCATGTCAAT,117703,ATGCAAGGTTGCGAGG
1029,AGGTACGCATGTTTGG,117710,ATGCAAGGTTTATCCT
1030,AGGTATTGTTAGAGGG,118012,GTTCCCACAAGGATGG
1031,AGGTATTGTTCCAGGG,118040,GTTCCCACAAGCGCAT
1032,AGGTATTGTTTGTGGA,118121,GTTCCCACAACCCTTG
1033,AGGTCAAAGCAAACCT,118171,CCTCACCTCGGTTCAC
1034,AGGTCAAAGCTTAACA,118271,CCTCACCTCCGTTAGC
1035,AGGTCATTCCCGAAGC,118648,ACTCGCTAGGTGGATT
1036,AGGTCCGGTAACCTAG,118898,ACGTTTCCAACCTGCC
1037,AGGTCTTAGGTCCGTA,119534,CCCAATATCTAATCAC
1038,AGGTCTTAGTCAGGCC,119588,CCCAATATCAAGGTCG
1039,AGGTGAATCATGCAAC,119744,AGCGGTCAGGTCATGG
1040,AGGTGAATCCTAATGA,119843,AGCGGTCAGATATTGG
1041,AGGTGAATCGGTAACT,119928,AGCGGTCAGTTACGTT
1042,AGGTGAATCGTTCACC,119955,AGCGGTCAGCAACAAC
1043,AGGTGAATCTCCATGC,119992,AGCGGTCAGTTACATC
1044,AGGTGAATCTTAGGGT,120019,AGCGGTCAGCATTAAG
1045,AGGTGAGGTGCACGCA,120226,CAGGTTACATAAGCAT
1046,AGGTGAGGTTCCGGGA,120344,CAGGTTACAATCCTAC
1047,AGGTGAGGTTGCGCGA,120365,CAGGTTACACTAGCTT
1048,AGGTTAACAACCCTCC,120454,AACGCTTGTTCCATTT
1049,AGGTTAACATTGTGTG,120803,AACGCTTGTTAAAGCG
1050,AGGTTACTCAGCAAAG,120859,GCTACCTAGTAATGCA
1051,AGGTTACTCATTAGCA,120911,GCTACCTAGCTATATC
1052,AGGTTACTCGTTAAGC,121098,GCTACCTAGCAAATCA
1053,AGGTTACTCTCAATGA,121133,GCTACCTAGGCTTGTC
1054,AGGTTAGAGCAAGGTA,121246,GATTGCCTCAGCGGGT
1055,AGGTTAGAGTTATTCC,121554,GATTGCCTCATGAAGC
1056,AGGTTAGAGTTGGGCC,121563,GATTGCCTCTTTGTGG
1057,AGGTTGCGTTAGGCTA,121855,GGATTATCATTACCCG
1058,AGGTTGCGTTCAAGCA,121868,GGATTATCAAGCCTCC
1059,AGGTTGCGTTGCATCT,121897,GGATTATCATTTGTGC
1060,AGGTTGCGTTGGTGAC,121909,GGATTATCATCAAGCA
1061,AGGTTTATCCTAATGA,122143,AGAACCTAGATATTGG
1062,AGGTTTGGTCATTACC,122456,AATGACTCAGTTGGCG
1063,AGGTTTGGTCGTTACT,122488,AATGACTCAAAGGACG
1064,AGGTTTGGTGAGACTC,122509,AATGACTCAAAGAAGC
1065,AGGTTTGGTTAGGCTA,122621,AATGACTCATTACCCG
1066,AGGTTTGGTTTAGCGA,122695,AATGACTCACAGCACG
1067,AGTAAACAGATGGAGC,122768,CAGGGACTCGCAACTC
1068,AGTAAACAGCGATAAG,122830,CAGGGACTCGCTTCTT
1069,AGTAAACAGCTTGCTC,122878,CAGGGACTCCTAATCG
1070,AGTAACCTCACGCCAA,123532,TAGATTGAGACAAACC
1071,AGTAACCTCGTTCACC,123789,TAGATTGAGCAACAAC
1072,AGTAACCTCTCCTCTT,123828,TAGATTGAGCTGCATC
1073,AGTAACCTCTGTAATG,123841,TAGATTGAGTCGCGAA
1074,AGTAACGAGACAAGTG,123890,GGTTGCTTCCTCACTT
1075,AGTAACGAGATAACCC,123915,GGTTGCTTCATTTAGC
1076,AGTAACGAGCATGACT,123948,GGTTGCTTCGTGCTGT
1077,AGTAACGAGCTCAAAC,124008,GGTTGCTTCGGTAATA
1078,AGTAACGAGGACAATG,124044,GGTTGCTTCGAGGAGG
1079,AGTAACGAGGCATGAA,124076,GGTTGCTTCAGCTAGG
1080,AGTAAGTAGCATTATG,124338,ATGCGGATCTCCTCAT
1081,AGTAAGTAGTCATTTC,124580,ATGCGGATCAAGCTCC
1082,AGTAATCGTCATTACC,124758,TCACTCGCAGTTGGCG
1083,AGTAATCGTCCGGTTC,124768,TCACTCGCAAGTAAAG
1084,AGTAATCGTGTTTGCT,124886,TCACTCGCATCCTAGT
1085,AGTAATCGTTTCGCGC,125009,TCACTCGCACCTGGTC
1086,AGTAATGCAAATACCT,125043,TAGGTAGGTCAATGAG
1087,AGTAATGCAAGGATTA,125080,TAGGTAGGTAACAGCA
1088,AGTAATGCACAGACTC,125148,TAGGTAGGTACCGGCT
1089,AGTAATGCAGCAACCT,125226,TAGGTAGGTTCTGGCA
1090,AGTAATGCAGTATGTT,125295,TAGGTAGGTGCAGTAA
1091,AGTACGCGTAAAGCGG,125411,CCTGGTCCACGGTCAG
1092,AGTACGCGTAGTTAAC,125474,CCTGGTCCATCCGGGA
1093,AGTACGCGTCGTAAAT,125554,CCTGGTCCATTTCATG
1094,AGTACGCGTGAATCGC,125572,CCTGGTCCAAATACCG
1095,AGTACGCGTGATGGCT,125588,CCTGGTCCATTCATTG
1096,AGTAGCTTCACGCATG,125831,CACAGTGAGTTACCCA
1097,AGTAGGATCAGGCCTA,126237,TGGACATAGGCCCTTG
1098,AGTAGGATCCTTGAGG,126393,TGGACATAGTATCCGC
1099,AGTAGGATCTAAGTGC,126484,TGGACATAGCAATAGC
1100,AGTAGGATCTAATCCT,126486,TGGACATAGGATGCGC
1101,AGTAGGATCTATTGTC,126499,TGGACATAGCAACCCT
1102,AGTATAGCAGTTATGT,126837,TCATGGTGTTTGCAGT
1103,AGTATAGCATCCTAGA,126881,TCATGGTGTTTGTCTT
1104,AGTCAAGAGCCGCAGT,127031,CTACTGATCAATTAGG
1105,AGTCAAGAGCGGTTAT,127063,CTACTGATCGCGAAGC
1106,AGTCAAGAGCTTAACA,127091,CTACTGATCCGTTAGC
1107,AGTCAAGAGGCTGTGC,127173,CTACTGATCCGCTGTG
1108,AGTCAATGTCCCGAAG,127449,GATCCAACATAGTCAG
1109,AGTCAATGTGAGCGAA,127498,GATCCAACAAGTGGCT
1110,AGTCAATGTTATAGCG,127613,GATCCAACATTCAGGA
1111,AGTCAGGCACCTATAG,127860,TCTATGAGTAACGAGC
1112,AGTCAGGCACTAGCGT,127882,TCTATGAGTGCTCACA
1113,AGTCCTGAGAACAAGT,128096,GGTTATTTCGATTCAT
1114,AGTCCTGAGGGCCATC,128333,GGTTATTTCACCCTCC
1115,AGTCCTGAGGTCTTGG,128359,GGTTATTTCTGTTGGC
1116,AGTCCTGAGTCACTCC,128407,GGTTATTTCGCGATAG
1117,AGTCCTTGTAGTAAGA,128540,GGAGCAACATGATGGC
1118,AGTCCTTGTCACCAAA,128574,GGAGCAACAATGAGCC
1119,AGTCCTTGTGGTTAGC,128695,GGAGCAACAACCGTTT
1120,AGTCGCATCAAAGGCA,128863,GTGTGCAAGGAGCCGT
1121,AGTCGCATCAAGCTTA,128871,GTGTGCAAGCAGCCAA
1122,AGTCGCATCCTGTTCA,129069,GTGTGCAAGGTATAGC
1123,AGTCGCATCGCAAACT,129099,GTGTGCAAGTTAGCTT
1124,AGTCGCATCTCCTCAA,129195,GTGTGCAAGCGCTAAG
1125,AGTCGCATCTTGATGA,129228,GTGTGCAAGGTTACTT
1126,AGTCTTGCATATTGAC,129552,CTAACCGGTGCCGGAA
1127,AGTGAACCAAAGGCCA,129643,GCTGTTGGTGAGTCAA
1128,AGTGAACCAATAACGA,129699,GCTGTTGGTGCTGTTG
1129,AGTGAACCATGAGCAG,129961,GCTGTTGGTCATAACC
1130,AGTGAACCATTCAGCA,129993,GCTGTTGGTAAGGGCT
1131,AGTGAGTCAAACATAG,130012,GCATTGTGTTGTTCTT
1132,AGTGAGTCACAAAGAC,130118,GCATTGTGTGACGTAA
1133,AGTGAGTCACAATTAC,130128,GCATTGTGTGGGTGTG
1134,AGTGATGAGCTTACTT,130544,GCTTAGCTCGCACACT
1135,AGTGATGAGTTGTCTT,130770,GCTTAGCTCAAGGTGT
1136,AGTGCACGTACAATGT,130809,TGGATCACACTCAATC
1137,AGTGCACGTAGCTAAT,130832,TGGATCACAGAACCGT
1138,AGTGCCGGTTTAACCC,131510,TCTAGCTCATTAGCGA
1139,AGTGCGGAGCGATAAG,131650,GTTGTTGTCGCTTCTT
1140,AGTGCGGAGCTGGCTA,131687,GTTGTTGTCTGGAAAC
1141,AGTGCGGAGGAACCAA,131703,GTTGTTGTCAAGGTTA
1142,AGTGCGGAGTTAGAGG,131896,GTTGTTGTCTAAGCTT
1143,AGTGCGGAGTTCCCGT,131908,GTTGTTGTCCTAATGT
1144,AGTGGACAGATTGAGG,131974,GGTTGGATCAAGCCAG
1145,AGTGGACAGGGACCTC,132160,GGTTGGATCCGTTATG
1146,AGTGTGGCACAGAACG,132433,GCATTTAGTATTCAGC
1147,AGTGTGGCAGCCGCTA,132527,GCATTTAGTGTCCGTA
1148,AGTGTTTCAAGGCCAA,132751,TTACCTTGTGAATCGA
1149,AGTGTTTCACTTCATC,132881,TTACCTTGTATTTGGC
1150,AGTGTTTCAGGCTTCG,132947,TTACCTTGTAACCGGG
1151,AGTTACATCTAAATCG,133381,GTGGACCAGCTATTGT
1152,AGTTACATCTAGCGAT,133397,GTGGACCAGGCAGGTC
1153,AGTTACATCTTGTCTG,133456,GTGGACCAGGGATTTA
1154,AGTTACTCACGAATTT,133624,CATCCAGGTACCGTGC
1155,AGTTACTCAGGCTTGT,133716,CATCCAGGTTGCAAGA
1156,AGTTACTCATATAACC,133771,CATCCAGGTTAGGCTT
1157,AGTTACTCATCTAGCA,133790,CATCCAGGTTTAACCA
1158,AGTTATGTCCTTAAGA,134058,CACGGTAAGCCAAACG
1159,AGTTATGTCTCCATAT,134181,CACGGTAAGCAATTGA
1160,AGTTATGTCTGCAAAC,134189,CACGGTAAGTTACAAG
1161,AGTTGCAGTCAGGCCA,134335,GATTGATCACATGATG
1162,AGTTGCAGTGCTTACT,134432,GATTGATCACTGGGAT
1163,AGTTGCAGTTCCAGGG,134530,GATTGATCAAGCGCAT
1164,AGTTGCGTCACGTTAA,134656,CGGTAATAGCTCCTAA
1165,AGTTGCGTCGGCTATG,134879,CGGTAATAGTGGCTTC
1166,AGTTGCGTCGGTTACG,134889,CGGTAATAGGACTTAA
1167,AGTTGGCGTTGCGCGA,135321,CCGCACTCACTAGCTT
1168,AGTTGTCAGCAGGTTT,135449,GCCTTCCTCGCCTAAC
1169,AGTTGTCAGCGGCTGT,135497,GCCTTCCTCAGCGATG
1170,AGTTGTCAGTGGCGGA,135724,GCCTTCCTCCTGTTAG
1171,AGTTTGATCCAATTAG,135886,ATTACGAAGCTTAAAG
1172,AGTTTGATCGCACACA,136007,ATTACGAAGTAGAGGA
1173,AGTTTGATCTGTTCAT,136117,ATTACGAAGTTAGTAG
1174,AGTTTGCAGCACGTTG,136209,CTGGCCATCGGCTATC
1175,AGTTTGCAGCACTAAC,136210,CTGGCCATCGCGAGGT
1176,AGTTTGCAGCTCAATA,136281,CTGGCCATCATGGTCC
1177,AGTTTGCAGCTTAGCG,136297,CTGGCCATCGAGGCGT
1178,AGTTTGCAGGCAAGTA,136344,CTGGCCATCTTGAATC
1179,ATAACGACAAGGGTTG,136588,TTCGCCTGTCCTCCTG
1180,ATAACGACACAGGAAT,136657,TTCGCCTGTTGTCAGT
1181,ATAACGACAGCTAACC,136752,TTCGCCTGTATGGTCT
1182,ATAACGACAGGCGAGT,136777,TTCGCCTGTAACCTAC
1183,ATAACGACATCCATCT,136849,TTCGCCTGTCACTCAG
1184,ATAAGCCTCAATAGCC,136932,ATGTTTCAGCGCTTGT
1185,ATAAGCCTCATGGTGT,137011,ATGTTTCAGCGGTCAA
1186,ATAAGCCTCCTAAGTA,137099,ATGTTTCAGTTTCTGG
1187,ATAAGCCTCGTTAACA,137205,ATGTTTCAGAAACCGT
1188,ATAAGTCGTAAGTCGC,137316,GAGGCTTCAGTACCGG
1189,ATAAGTCGTAGACAAA,137347,GAGGCTTCAATCGCCC
1190,ATAAGTCGTGCTTTAC,137502,GAGGCTTCAGGAATAA
1191,ATAATGGCAGTTGCGT,137960,GGACCAGGTGAACGGT
1192,ATAATGGCATAAGCAA,137968,GGACCAGGTAAGGCCG
1193,ATAATGGCATGAGTTT,138016,GGACCAGGTCACAGGG
1194,ATACCGGTCGAAGTGA,138290,ATTTACCAGGATTGCG
1195,ATACCGGTCGATTATG,138301,ATTTACCAGGAACAAG
1196,ATACCGGTCGCTAAGT,138318,ATTTACCAGCTGGCAA
1197,ATACCTGCAATTGAAG,138549,CCTGTTCGTAGTCCTG
1198,ATACCTGCACTAAGAA,138619,CCTGTTCGTGTCACGC
1199,ATACCTGCAGGCCATT,138693,CCTGTTCGTGCATTTA
1200,ATAGATGCAAGACTCC,138876,CGTAGTTGTATGGTGA
1201,ATAGATGCACCTGCTC,138989,CGTAGTTGTACACCGC
1202,ATAGATGCACGTAAGG,138998,CGTAGTTGTCCGGTTA
1203,ATAGATGCACTGGCCA,139013,CGTAGTTGTCCTGAGC
1204,ATAGATGCAGCATGAG,139043,CGTAGTTGTTACTCCC
1205,ATAGATGCATAATGTC,139128,CGTAGTTGTGCAAGTA
1206,ATAGCATGTCAAAGAA,139301,CGGTGCACATGTTGGA
1207,ATAGCATGTGGGAACA,139431,CGGTGCACAGGATCAC
1208,ATAGCATGTTAAGCCA,139467,CGGTGCACAATCTGGA
1209,ATAGGTACAACAGGAT,139626,TCCTGAGGTAGTTACC
1210,ATAGGTACAAGTCGCT,139665,TCCTGAGGTTATGGCT
1211,ATAGGTACAGATAGAC,139796,TCCTGAGGTTAAAGGT
1212,ATAGGTACAGCAACCT,139800,TCCTGAGGTTCTGGCA
1213,ATAGGTACAGCTTAAT,139825,TCCTGAGGTGGTGAAC
1214,ATAGGTACATGGCCTG,139943,TCCTGAGGTTCCGGAC
1215,ATATAGGCAAGACTCC,140026,CCCACTTGTATGGTGA
1216,ATATAGGCACAATGTT,140099,CCCACTTGTTAAAGAC
1217,ATATAGGCATAATTGC,140279,CCCACTTGTTCTTAAG
1218,ATATGCATCCGCCTAT,140533,CTGTTCAAGCTTGCAC
1219,ATATGCATCGGGACCT,140634,CTGTTCAAGCTGGATG
1220,ATATGCATCTTGAGCG,140734,CTGTTCAAGTCACCTA
1221,ATATGCTCACAGCCTG,140876,CCAACTGGTATTGAGG
1222,ATATGCTCACCAACCG,140887,CCAACTGGTACTGGCC
1223,ATATGCTCAGGCAAGC,140991,CCAACTGGTAAACCCT
1224,ATATGCTCATGTTGTG,141103,CCAACTGGTCGTAATC
1225,ATATGGTGTCCGTAGG,141261,CGGGCTACATCAGGTA
1226,ATATGGTGTTGCGGAT,141460,CGGGCTACATCCCAAT
1227,ATATGGTGTTTATCTG,141493,CGGGCTACATAATGGT
1228,ATATGTCCAAGGAATC,141570,GACTAAGGTCAACCGC
1229,ATATGTCCAATGCCCG,141609,GACTAAGGTTGAGTCT
1230,ATATGTCCATATTGAC,141826,GACTAAGGTGCCGGAA
1231,ATCAAGACAACTAACT,141937,CTCACCTGTTCCCGTT
1232,ATCAAGACAAGCGAGC,141948,CTCACCTGTGAGTCCC
1233,ATCAAGACACTAGGTC,142075,CTCACCTGTCCTTTAT
1234,ATCAAGACAGTTGCGT,142180,CTCACCTGTGAACGGT
1235,ATCAAGCTCCCGTTAC,142430,AATGACCAGCTAAATG
1236,ATCAAGCTCGCTTGCT,142547,AATGACCAGAGCCGGT
1237,ATCAATCCACAGCCAT,142793,CTAGAAGGTACCTTGG
1238,ATCAATCCATAAACCT,142953,CTAGAAGGTGCACCAC
1239,ATCACAATCAGCTAAC,143111,GCCCTTGAGTATAGCA
1240,ATCACAATCCTGGCTT,143260,GCCCTTGAGTCACTCA
1241,ATCACAATCGTTAGTA,143348,GCCCTTGAGATTAGGC
1242,ATCACAATCTCCTCTT,143390,GCCCTTGAGCTGCATC
1243,ATCACAATCTGCAACG,143396,GCCCTTGAGCCTTGCG
1244,ATCACACAGAAGCTAG,143443,ACCTCCCTCTCAATAC
1245,ATCACACAGCGGATAA,143553,ACCTCCCTCCTCCCAC
1246,ATCACACAGGCTAATC,143659,ACCTCCCTCCGTCCAG
1247,ATCACCCTCATTGACA,143930,TGAGCATAGTTGCAGG
1248,ATCACCCTCGAAGTAG,144045,TGAGCATAGGTGCTGA
1249,ATCACCCTCTTGGACG,144195,TGAGCATAGAATCACA
1250,ATCACTAAGGTGAAAT,144472,GTCTAATTCTCAATCG
1251,ATCAGGTTCACGCGGT,144631,ATTAGTGAGAGGCTAT
1252,ATCAGGTTCCAGGTCA,144720,ATTAGTGAGAGCTGGC
1253,ATCAGGTTCCCATAAA,144727,ATTAGTGAGTTAGGAC
1254,ATCAGGTTCGCAATCG,144831,ATTAGTGAGCCGCAAA
1255,ATCAGGTTCGCCTGTT,144838,ATTAGTGAGCCTTCAA
1256,ATCATCAAGGTTACAC,145247,TTGCGACTCCTCTCGC
1257,ATCATGTCAATAGCCC,145435,AATACCCGTTGAAGCA
1258,ATCATGTCAATTGAAG,145457,AATACCCGTAGTCCTG
1259,ATCATGTCACCTGGTG,145514,AATACCCGTTAATCCA
1260,ATCATGTCATAGCTGC,145661,AATACCCGTCATCATA
1261,ATCATGTCATGAGTTT,145692,AATACCCGTCACAGGG
1262,ATCATGTCATGTCAAT,145703,AATACCCGTTGCGAGG
1263,ATCCAACAGACAAAGT,145753,GTAACCCTCTAAGCAA
1264,ATCCAACAGGACACTT,145911,GTAACCCTCAGCCATC
1265,ATCCAACAGGAGGCAT,145924,GTAACCCTCTTGTCGA
1266,ATCCAACAGGTGTTAC,146014,GTAACCCTCGCAATCC
1267,ATCCAACAGTTATGTG,146103,GTAACCCTCGACAAGT
1268,ATCCACCTCATCACTT,146202,AGTGATCAGCAATACA
1269,ATCCACCTCCGTTATT,146304,AGTGATCAGTGCTGAG
1270,ATCCACCTCGTTAGTA,146420,AGTGATCAGATTAGGC
1271,ATCCATAAGCTGGAAA,146651,AACGGATTCCTAAGAA
1272,ATCCATAAGTCTTGAA,146839,AACGGATTCAGCTACC
1273,ATCCATAAGTTATTCC,146872,AACGGATTCATGAAGC
1274,ATCCCGCGTCGACTCC,147033,GGATCCGCAGTGTGAC
1275,ATCCCGCGTGACATGC,147058,GGATCCGCAACAGGGA
1276,ATCCGTGAGTCCTTCA,147598,CTCCTCATCTCAGCTA
1277,ATCCTCATCCATTACT,147795,AGGGTCCAGCTTGGTC
1278,ATCCTCATCCTTAGGG,147872,AGGGTCCAGCATCCTA
1279,ATCCTGACAAACTGCC,148052,GATAACGGTGTTGCAT
1280,ATCCTGACAATTAAGG,148139,GATAACGGTTGCAATC
1281,ATCCTGACACAGAACG,148165,GATAACGGTATTCAGC
1282,ATCCTGACACCGGCTA,148187,GATAACGGTCTGTGCA
1283,ATCCTGACAGGAACTG,148274,GATAACGGTCCGTTAG
1284,ATCCTGACAGGCCATT,148287,GATAACGGTGCATTTA
1285,ATCCTGACAGGTTAAA,148301,GATAACGGTTAACACC
1286,ATCCTTAGTCATGCCC,148541,TCAGGACCATTCCTGG
1287,ATCCTTAGTTGTGATG,148770,TCAGGACCAAGTCCTT
1288,ATCCTTAGTTTGGGTA,148804,TCAGGACCACATAGCA
1289,ATCGAGGCAATCCCTT,148893,CTAGGTTGTAACGTGA
1290,ATCGAGGCATTGCGGT,149181,CTAGGTTGTCATTGAC
1291,ATCGCCCGTCACGAAC,149292,GTAAGAACATGAGGAG
1292,ATCGCCCGTGAGCAAG,149362,GTAAGAACATCTATGC
1293,ATCGCCCGTTAGTGAT,149477,GTAAGAACACTAGCGG
1294,ATCGCCCGTTCGCTTG,149502,GTAAGAACACTTGCTG
1295,ATCGCCCGTTTGAGCA,149561,GTAAGAACATAGACGC
1296,ATCGCTTGTGCGCAAT,149766,ATCAGGCCATAAGCCA
1297,ATCGGCCAGCATTATG,150036,GCAATAATCTCCTCAT
1298,ATCGGCCAGGTGAAAT,150224,GCAATAATCTCAATCG
1299,ATCGGCCAGGTGTTAC,150230,GCAATAATCGCAATCC
1300,ATCGGCCAGTCCTTCA,150280,GCAATAATCTCAGCTA
1301,ATCGGCCAGTGATTCA,150298,GCAATAATCTCACTTC
1302,ATCGGCCAGTTATCCT,150316,GCAATAATCCTGAAGG
1303,ATCTATGAGCATTAGC,150419,TTTCTTGTCGTGATAA
1304,ATCTATGAGGCTACTG,150565,TTTCTTGTCCTTGAGC
1305,ATCTTTGGTACCGTTT,150761,GACCGTGCAAATACGT
1306,ATCTTTGGTTACATCC,150986,GACCGTGCAACAACAT
1307,ATGAAGCCAAGGGTTG,151164,ACTTAGCGTCCTCCTG
1308,ATGAAGCCACAGAACG,151229,ACTTAGCGTATTCAGC
1309,ATGAAGCCATCCCTCA,151427,ACTTAGCGTTAAGTCC
1310,ATGAAGTAGGCGCACT,151705,GTGCTTATCAATGTGA
1311,ATGAAGTAGGGTTATC,151741,GTGCTTATCGTCCTAA
1312,ATGAATGCAATCCTAG,151960,GGAGTCGGTGTGCGGA
1313,ATGAATGCATCGCTTT,152200,GGAGTCGGTTGCTGGC
1314,ATGACAACAATTAAGG,152355,GCTTAACGTTGCAATC
1315,ATGACAACATGCATAT,152597,GCTTAACGTAATGGTG
1316,ATGACCAGTACTGATG,152688,ATTGTGGCAGTTCCTG
1317,ATGACCAGTCAAAGAA,152727,ATTGTGGCATGTTGGA
1318,ATGACCAGTCATAGAT,152751,ATTGTGGCACCATGCC
1319,ATGACCAGTGCATTAG,152830,ATTGTGGCAACCAACA
1320,ATGACGAAGCCTCTGT,153120,AATTCGTTCGCGTTAC
1321,ATGACGAAGGAGGGTT,153209,AATTCGTTCGCTATGC
1322,ATGACGAAGGTCAAAG,153282,AATTCGTTCCTTTAGG
1323,ATGACGAAGGTTTGCG,153305,AATTCGTTCAGCCTTA
1324,ATGACGAAGTATTGCA,153330,AATTCGTTCCAGCTCG
1325,ATGACGAAGTCATTAG,153344,AATTCGTTCATTAAGG
1326,ATGACGAAGTGTGATC,153371,AATTCGTTCGCTTTAG
1327,ATGACTCAGCCTGTGA,153509,GAGGCTATCCGCACAT
1328,ATGACTCAGGAGGTTA,153594,GAGGCTATCTAAATCC
1329,ATGACTCAGGATTTGC,153604,GAGGCTATCATTACAC
1330,ATGAGCCGTACTGATG,153838,GGGAACACAGTTCCTG
1331,ATGAGCCGTGCTGTAA,153993,GGGAACACATAACCAG
1332,ATGAGCCGTTATCCGT,154080,GGGAACACAAAGTCAT
1333,ATGATGGAGGTCCACA,154819,CCTTTGTTCGTTAGCC
1334,ATGATGGAGTATTGGC,154865,CCTTTGTTCACTTGCA
1335,ATGATGGAGTTGTCCC,154933,CCTTTGTTCGTACAAA
1336,ATGCAAACAATTTAGC,155047,TTATCGAGTTATATCG
1337,ATGCAAACACCTGCTC,155099,TTATCGAGTACACCGC
1338,ATGCAAACAGCTTAAT,155169,TTATCGAGTGGTGAAC
1339,ATGCAAACATCAATCG,155253,TTATCGAGTGTAACCT
1340,ATGCAGGCAATGCCTA,155420,AGGTTAGGTAACCGTT
1341,ATGCAGGCAGCCTAAC,155544,AGGTTAGGTAAACCAG
1342,ATGCATTCATTCAGCA,156077,GAAGTCAGTAAGGGCT
1343,ATGCCTGAGCCTGTTC,156196,GCGTGTTTCGACATTT
1344,ATGCCTGAGCTTCTCA,156249,GCGTGTTTCTTTAGGT
1345,ATGCGATTCCACCTTA,156606,TAATGCAAGCATAGCG
1346,ATGCGATTCCGCCTAT,156645,TAATGCAAGCTTGCAC
1347,ATGCGATTCCTGGTGA,156688,TAATGCAAGACACGCA
1348,ATGCGATTCGCTCCAT,156739,TAATGCAAGATAGACC
1349,ATGCGATTCTCACACC,156808,TAATGCAAGCGGTTCT
1350,ATGCGATTCTGTGAGT,156830,TAATGCAAGGTATTTC
1351,ATGCGATTCTTGGATA,156854,TAATGCAAGCCTAATT
1352,ATGGACAAGCTCATAA,157382,TGATGAATCCCTGTGG
1353,ATGGCCCAGATTGAGG,157678,CCATAGCTCAAGCCAG
1354,ATGGCCCAGGTTAGCT,157908,CCATAGCTCTAACCAT
1355,ATGGCTGTCACTAAGC,158823,CGCATGAAGTCTAGCC
1356,ATGGCTGTCACTTTAC,158829,CGCATGAAGGAACCTG
1357,ATGGCTGTCCTGAATA,158981,CGCATGAAGTGGCTAG
1358,ATGGCTTAGCATCCAG,159234,CGGTTTATCATCAGTT
1359,ATGGCTTAGCCTGATG,159261,CGGTTTATCAGGTTGG
1360,ATGGTCTAGAAACTGG,159547,CGTTATGTCGATATGA
1361,ATGGTCTAGACACTTA,159564,CGTTATGTCCTAAGCC
1362,ATGGTCTAGCATGGTT,159622,CGTTATGTCATCCTCT
1363,ATGGTCTAGTAGCGGG,159846,CGTTATGTCTAACCGC
1364,ATGGTCTAGTTGCGTG,159916,CGTTATGTCATAGCGG
1365,ATGGTGCGTACTTAGG,159977,TAAGACTCACTCGCTA
1366,ATGGTGCGTAGCTGGT,159987,TAAGACTCAGGTTGCG
1367,ATGGTGCGTGTGCACG,160162,TAAGACTCAATACCCT
1368,ATGGTGCGTTGACTTC,160246,TAAGACTCATCACAGA
1369,ATGGTTATCATGTGGT,160412,GCAACATAGTGGCGGT
1370,ATGGTTATCCTAAGAC,160495,GCAACATAGTCAATAG
1371,ATGTAACGTCGTAAAT,160842,GAAGGTGCATTTCATG
1372,ATGTAAGCAATAATCC,161153,ACGCCTAGTAGGTTCT
1373,ATGTAAGCAATTGAGA,161181,ACGCCTAGTCCTGCAA
1374,ATGTAAGCATAGGCGA,161385,ACGCCTAGTGCACAAA
1375,ATGTCAATCCCTCAAC,161611,TGCATTTAGATTGACA
1376,ATGTCAATCTAACCAA,161766,TGCATTTAGGCTTAGG
1377,ATGTCAATCTAAGTCA,161771,TGCATTTAGCACTAAA
1378,ATGTCATCAAGCCACT,161892,GAGCTGGGTTTACCGG
1379,ATGTCATCACCCTCAC,161990,GAGCTGGGTAAGTGGC
1380,ATGTCATCAGAGAGCC,162041,GAGCTGGGTAGCTGTT
1381,ATGTCATCAGGCTTCG,162099,GAGCTGGGTAACCGGG
1382,ATGTCATCAGTAATAG,162112,GAGCTGGGTGATTCTA
1383,ATGTCATCATAATGTC,162142,GAGCTGGGTGCAAGTA
1384,ATGTCATCATGTCGCG,162195,GAGCTGGGTGAGTTAG
1385,ATGTCCACAATTATGC,162330,AGCGCCTGTTGTCATA
1386,ATGTCCACATCATGGC,162546,AGCGCCTGTCCTAAGT
1387,ATGTGAGAGGCATTGT,162819,TACTACGTCCTTCGGG
1388,ATGTGAGAGGTCCTGA,162878,TACTACGTCTATATGC
1389,ATGTTCAAGAATCGCT,163007,AAACTAGTCCTGATCA
1390,ATGTTCAAGCACCACA,163059,AAACTAGTCTAACTGT
1391,ATGTTTGAGCTGTACG,163913,TCCACAATCAATATCC
1392,ATGTTTGAGGCGCTAC,163983,TCCACAATCGCTAGCT
1393,ATTAACCCAAAGCGGC,164164,CCTATTTGTGGATTAG
1394,ATTAACCCAACATAAG,164180,CCTATTTGTAACGATG
1395,ATTAACCCAATTAACC,164246,CCTATTTGTATCGGCC
1396,ATTAACCCAGCATTAT,164364,CCTATTTGTTGAGGGT
1397,ATTAACCCAGGATGGC,164389,CCTATTTGTTGTTTGA
1398,ATTAACCCATGTTTGG,164504,CCTATTTGTTTATCCT
1399,ATTACCGCAATAGTCT,164996,CTCATAAGTGTCCTGA
1400,ATTACCGCAGTTAGCC,165193,CTCATAAGTCCCTCTG
1401,ATTACCGCAGTTATCG,165194,CTCATAAGTTTATTCC
1402,ATTACCGCATAGGCGA,165223,CTCATAAGTGCACAAA
1403,ATTACGTCAAACCCTA,165303,AACTGAGGTAACAGGC
1404,ATTACGTCAAAGCGGC,165314,AACTGAGGTGGATTAG
1405,ATTACGTCAATAGTCT,165380,AACTGAGGTGTCCTGA
1406,ATTACGTCAGGATTAA,165540,AACTGAGGTAGAGGCT
1407,ATTACGTCATATAACC,165609,AACTGAGGTTAGGCTT
1408,ATTACTGAGCTATTAG,165816,CTTGATGTCATTTGGT
1409,ATTACTGAGGACACTT,165855,CTTGATGTCAGCCATC
1410,ATTACTGAGGGTGGAT,165933,CTTGATGTCATTGCGC
1411,ATTACTGAGGGTTAGA,165934,CTTGATGTCCAGCTAC
1412,ATTAGCTCAAGTCGCT,166517,GCAGTTTGTTATGGCT
1413,ATTAGCTCACAACAGG,166562,GCAGTTTGTATTGCGT
1414,ATTAGCTCATTATGCG,166815,GCAGTTTGTGTTAACC
1415,ATTAGGTGTTTGAGGC,167204,GTCCTTGCACCAAAGC
1416,ATTAGTCCACCTATAG,167368,GAAGCACGTAACGAGC
1417,ATTAGTCCAGCATGTC,167429,GAAGCACGTTACTTAG
1418,ATTAGTCCATAGACTT,167517,GAAGCACGTTGCGCGT
1419,ATTATCCTCCAAGTGT,167721,GGTGTGCAGTCACACC
1420,ATTATCCTCCACCTGT,167727,GGTGTGCAGGTAAGTC
1421,ATTATCCTCTGGCTTC,167948,GGTGTGCAGTCAGGAT
1422,ATTATCCTCTTAGTCT,167964,GGTGTGCAGATTGAGC
1423,ATTATGGTCCATAATG,168119,AGCCTTCAGGGTTGGC
1424,ATTATGGTCTAGCGAT,168303,AGCCTTCAGGCAGGTC
1425,ATTATGGTCTGGCAAT,168330,AGCCTTCAGGGTGGGA
1426,ATTCAACCAACCCTCC,168400,CAATTGCGTTCCATTT
1427,ATTCAACCATCCCTCA,168689,CAATTGCGTTAAGTCC
1428,ATTCACTTCAGTTCCC,168822,TGCGCTTAGAGCAAGA
1429,ATTCACTTCCAAGTTA,168874,TGCGCTTAGCTAATAG
1430,ATTCACTTCCTCATCA,168949,TGCGCTTAGGATCCAG
1431,ATTCATGAGCGCCTTT,169250,GTCGTTATCTATTGAC
1432,ATTCATGAGCTCAATA,169271,GTCGTTATCATGGTCC
1433,ATTCATGAGGGCTTAT,169379,GTCGTTATCAAATACG
1434,ATTCATGAGGTTACAC,169411,GTCGTTATCCTCTCGC
1435,ATTCATGAGTAGCGCC,169435,GTCGTTATCTGTCAGC
1436,ATTCATGAGTCAATCA,169445,GTCGTTATCCACGTTA
1437,ATTCCGGAGGCAGGTG,169721,TTCCTGTTCGGGATGC
1438,ATTCCGGAGGGCTTTG,169764,TTCCTGTTCAATAGCA
1439,ATTCCTAGTTATAGCG,170191,GTTATCCCATTCAGGA
1440,ATTCCTAGTTGGATCA,170235,GTTATCCCATCCTTAA
1441,ATTCCTCCAATGCCTA,170380,CAATGAGGTAACCGTT
1442,ATTCCTCCACTAGCGT,170460,CAATGAGGTGCTCACA
1443,ATTCCTCCAGCTAACC,170508,CAATGAGGTATGGTCT
1444,ATTCCTCCAGGAAGCC,170519,CAATGAGGTGCGATTT
1445,ATTCCTCCAGGCATCT,170528,CAATGAGGTAGGTTTC
1446,ATTCCTCCATCGTTCT,170613,CAATGAGGTTATTGTG
1447,ATTCGTTTCATTTGTC,170787,ATCGCTCAGAATCGAC
1448,ATTCGTTTCCTAATTC,170858,ATCGCTCAGCTTGAAA
1449,ATTGAAGCACCAGCAT,171193,GGTTCGCGTTCGGTAT
1450,ATTGAAGCACGGTTTA,171219,GGTTCGCGTTCGCTTC
1451,ATTGAAGCAGAAATGC,171244,GGTTCGCGTTATGGGA
1452,ATTGAAGCAGAAATTG,171245,GGTTCGCGTTTAGCGT
1453,ATTGAAGCAGCATGGA,171266,GGTTCGCGTAGCCTTG
1454,ATTGAAGCAGGTTATT,171315,GGTTCGCGTTTGGTGT
1455,ATTGAAGCATCATGGC,171370,GGTTCGCGTCCTAAGT
1456,ATTGACTCAATGCGCT,171533,TTTAACGGTTTCACCC
1457,ATTGACTCACATGCTA,171571,TTTAACGGTTTGACTA
1458,ATTGACTCAGCCTAAC,171656,TTTAACGGTAAACCAG
1459,ATTGACTCATATAACC,171747,TTTAACGGTTAGGCTT
1460,ATTGACTCATTGTCCT,171815,TTTAACGGTCCTTAGG
1461,ATTGCACAGCTAAGTC,171947,TTAGCTGTCTGGCTGT
1462,ATTGCACAGCTGTACG,171969,TTAGCTGTCAATATCC
1463,ATTGCACAGGCCTAAT,172032,TTAGCTGTCCGCCTCT
1464,ATTGCACAGGGATGCG,172060,TTAGCTGTCCGAAACG
1465,ATTGCAGGTAAACAAG,172207,CGGGTTGCAAATATGC
1466,ATTGCAGGTAACCAGC,172213,CGGGTTGCAGGAGCTT
1467,ATTGCAGGTACGCGCA,172246,CGGGTTGCACCACAAA
1468,ATTGCAGGTATTGTCC,172286,CGGGTTGCATTAGTGG
1469,ATTGCAGGTCTCAGCC,172361,CGGGTTGCAACAAAGA
1470,ATTGCAGGTGAGACTC,172375,CGGGTTGCAAAGAAGC
1471,ATTGCAGGTGTGTGGT,172440,CGGGTTGCAAAGGCCT
1472,ATTGCAGGTTAATGCG,172465,CGGGTTGCACCTCGAC
1473,ATTGCGCCAACTAACT,172625,GAGTTAGGTTCCCGTT
1474,ATTGCGCCAAGGTGGC,172653,GAGTTAGGTGCTAGCC
1475,ATTGCGCCAATTGAGA,172691,GAGTTAGGTCCTGCAA
1476,ATTGCGCCACCTGGTG,172746,GAGTTAGGTTAATCCA
1477,ATTGCGCCAGGTTACC,172848,GAGTTAGGTATGTTTG
1478,ATTGCGCCAGTTATGT,172867,GAGTTAGGTTTGCAGT
1479,ATTGCGCCATGTCGCG,172937,GAGTTAGGTGAGTTAG
1480,ATTGGCTAGAATCTCA,173364,ATGTAAGTCTTAGGTT
1481,ATTGGCTAGCCTAACG,173447,ATGTAAGTCGTCCTTT
1482,ATTGGTTCAAGTGTCC,173807,GTATCCGGTGTGCGAG
1483,ATTGGTTCACCTACTT,173889,GTATCCGGTAGCGGAT
1484,ATTGGTTCACTGGCCA,173919,GTATCCGGTCCTGAGC
1485,ATTGGTTCAGGCATCT,173980,GTATCCGGTAGGTTTC
1486,ATTGGTTCAGGTATTT,173995,GTATCCGGTTACGCCA
1487,ATTGGTTCAGTTATGT,174017,GTATCCGGTTTGCAGT
1488,ATTGGTTCATTTAAGC,174121,GTATCCGGTTCACTTT
1489,ATTGTCCGTTCCGGCT,174425,CGATATGCATGCCTGC
1490,ATTGTCCGTTTAACGG,174473,CGATATGCATTTGTCA
1491,ATTGTGATCAGTTCCC,174574,CGCAACAAGAGCAAGA
1492,ATTGTGATCATCCACC,174584,CGCAACAAGGTTCCGT
1493,ATTGTGATCATGTTTC,174605,CGCAACAAGGCAATCG
1494,ATTGTGATCATTACTC,174608,CGCAACAAGGGTTAAC
1495,ATTGTGATCGCTTGCT,174767,CGCAACAAGAGCCGGT
1496,ATTGTGATCGTTTCGC,174805,CGCAACAAGCACTTGC
1497,ATTTAGCCACAAACTT,174995,TTTATCCGTCAATACC
1498,ATTTAGCCACCAGCAT,175027,TTTATCCGTTCGGTAT
1499,ATTTAGCCAGGCAAGC,175129,TTTATCCGTAAACCCT
1500,ATTTAGCCATTAGGTT,175250,TTTATCCGTCCTTGAG
1501,ATTTAGGTCAAGTGTC,175288,ATGTCCCAGCAAGTCG
1502,ATTTAGGTCTTAGTGA,175637,ATGTCCCAGTGGACCA
1503,ATTTGCAAGAGGAGGA,175691,GAGTAACTCTAGCCAC
1504,ATTTGCAAGCAGGCCT,175725,GAGTAACTCCGGTTTA
1505,ATTTGCAAGCTAAGTC,175781,GAGTAACTCTGGCTGT
1506,ATTTGCAAGGACGTAA,175833,GAGTAACTCCTGTGAC
1507,ATTTGCAAGGAGGCAT,175840,GAGTAACTCTTGTCGA
1508,ATTTGCAAGTCCTGAG,175979,GAGTAACTCAAACATG
1509,ATTTGCGCACAAAGGT,176150,GCTTTAAGTCACACCA
1510,ATTTGCGCATGGTTAT,176386,GCTTTAAGTCATTATG
1511,ATTTGTGAGATAACCC,176465,TAAAGGCTCATTTAGC
1512,ATTTGTGAGCCTAACG,176517,TAAAGGCTCGTCCTTT
1513,ATTTGTGAGCCTGACA,176521,TAAAGGCTCGACCTTA
1514,ATTTGTGAGCGCAATT,176535,TAAAGGCTCAATAGGC
1515,ATTTGTGAGCGCCTAA,176537,TAAAGGCTCTTGGACC
1516,ATTTGTGAGGAAACTG,176583,TAAAGGCTCGTTTCTC
1517,ATTTGTGAGTCTTGAA,176755,TAAAGGCTCAGCTACC
1518,ATTTGTGAGTTTGTCT,176808,TAAAGGCTCCTCATGA
1519,CAAACAACACAACAAA,176919,GCCAATTGTTACGAAG
1520,CAAACAACAGGTTCAC,177070,GCCAATTGTCCTGACA
1521,CAAACAACAGTCTAAT,177080,GCCAATTGTTAGTACC
1522,CAAACAACATAGACCC,177108,GCCAATTGTAAAGGTT
1523,CAAACACTCAGGTTTA,177259,TGAGACTAGTGCACCT
1524,CAAACACTCATTAGGC,177298,TGAGACTAGCTTGCTA
1525,CAAACACTCCCTGGAA,177349,TGAGACTAGTGGCGTA
1526,CAAACACTCGTACCGA,177476,TGAGACTAGCTTAGAA
1527,CAAACACTCTGTGCAG,177545,TGAGACTAGCGGTTAG
1528,CAAACATGTACCTTAC,177614,GAGTGAGCATTTCGCG
1529,CAAACATGTGATTACG,177757,GAGTGAGCAACCGCCT
1530,CAAACATGTTGCCTCA,177900,GAGTGAGCAGGTTACA
1531,CAAACATGTTGCGCGA,177901,GAGTGAGCACTAGCTT
1532,CAAACCGTCGATCAGT,178194,GGCTAATAGAACCTTT
1533,CAAACCGTCGCTATGG,178217,GGCTAATAGGAGTCGC
1534,CAAACCGTCTGTTGCC,178314,GGCTAATAGAGGAACA
1535,CAAACCGTCTTTGACT,178340,GGCTAATAGCCCTTGG
1536,CAAACGCGTCACAGAC,178438,GTTGTTCCAGCCAATA
1537,CAAACGCGTGGAGCAA,178551,GTTGTTCCAGCCTAAA
1538,CAAACGCGTTTGGCGG,178717,GTTGTTCCACATGCTT
1539,CAAACTGGTAGGTTGC,178786,TTCCGCACAATAAACC
1540,CAAACTGGTATACTGG,178793,TTCCGCACACAGCAAC
1541,CAAACTGGTCCTTCTC,178861,TTCCGCACAATTAGCG
1542,CAAACTGGTTCACCCA,179020,TTCCGCACAGCTAACA
1543,CAAAGGATCAAGCGCC,179501,GGCCTTTAGCCTGTCG
1544,CAAAGGATCCCTGACT,179645,GGCCTTTAGGTGGGAG
1545,CAAAGGATCGCTAAGT,179744,GGCCTTTAGCTGGCAA
1546,CAAAGTGAGCACCACA,179935,GATTGAATCTAACTGT
1547,CAAAGTGAGTTCCTCA,180241,GATTGAATCCTTAGTG
1548,CAAATCATCTCGCCTG,180599,TGCATCCAGCTTTAAC
1549,CAACAATGTATTCGTC,180717,CTGTTTACACTAATCC
1550,CAACAATGTCACCAAA,180740,CTGTTTACAATGAGCC
1551,CAACAATGTGGGTACT,180858,CTGTTTACAATATCCC
1552,CAACAGGCAACAGGTG,181053,TTCAAGCGTGTAACAG
1553,CAACAGGCATCTAGCA,181352,TTCAAGCGTTTAACCA
1554,CAACCCGCAGGCGATA,181656,GGACATAGTGGATTGA
1555,CAACCCTTCAATGTGC,181817,TAGTCAAAGGTTGGTG
1556,CAACCCTTCGATATTG,182027,TAGTCAAAGATTCTGT
1557,CAACCCTTCTGTGCCT,182146,TAGTCAAAGAGGCTTG
1558,CAACTAATCAAGGACA,182572,CTCTATGAGTTTCACG
1559,CAACTAATCATGCATA,182647,CTCTATGAGCACCTAC
1560,CAACTAATCTGTGAGT,182910,CTCTATGAGGTATTTC
1561,CAACTAGGTACCTTAC,182980,TAAGAAGCATTTCGCG
1562,CAACTAGGTACTGATG,182988,TAAGAAGCAGTTCCTG
1563,CAACTAGGTCGACTAA,183082,TAAGAAGCAGTTTCTA
1564,CAACTAGGTCGCGCAA,183087,TAAGAAGCAGCCGGTA
1565,CAAGAACCAGCTTACA,183552,TCTTTGTGTTAGGTTC
1566,CAAGAACCATCCGTAA,183646,TCTTTGTGTACGTAAG
1567,CAAGACAAGCAAGGGT,183763,CCACTAATCAGAAAGG
1568,CAAGACAAGCGTGCGT,183831,CCACTAATCTTGCATG
1569,CAAGACAAGGTTACGT,183984,CCACTAATCTAATCCG
1570,CAAGCTAGTCCGTGAG,184220,CTTATTGCATGGTTAG
1571,CAAGCTAGTGTTGCTT,184331,CTTATTGCATACTTGC
1572,CAAGCTAGTTACTTCA,184360,CTTATTGCATAAACCG
1573,CAAGGCCTCACAGACT,184504,CATTATCAGCTTACTG
1574,CAAGGCCTCTGTGCAG,184827,CATTATCAGCGGTTAG
1575,CAAGGCTGTCATTACC,184974,TATGCTCCAGTTGGCG
1576,CAAGGCTGTTATGTGG,185149,TATGCTCCATCCTGTG
1577,CAAGGGAGTTAGAGGG,185512,TAGTACGCAAGGATGG
1578,CAAGGGAGTTAGTTGG,185526,TAGTACGCAATAGCAT
1579,CAAGGTAAGGCCAATT,185828,TCCTTGTTCTTAGCTG
1580,CAAGGTAAGTCATGCG,185941,TCCTTGTTCACAAAGC
1581,CAAGGTAAGTTAGAGG,185976,TCCTTGTTCTAAGCTT
1582,CAAGGTTTCGCTATAA,186264,GCCTACTAGGATTGAC
1583,CAAGTAACAACTAACT,186427,TAACTTGGTTCCCGTT
1584,CAAGTAACACCAGGTT,186530,TAACTTGGTTTGCTGG
1585,CAAGTAACATAGCTGC,186695,TAACTTGGTCATCATA
1586,CAAGTATGTAGACAAA,186823,GATGTCACAATCGCCC
1587,CAAGTATGTATTGGAT,186852,GATGTCACATTACTGC
1588,CAAGTATGTGCGCGTA,186968,GATGTCACAAGTGCCG
1589,CAAGTATGTTCCAGGG,187074,GATGTCACAAGCGCAT
1590,CAAGTGAAGCTATATG,187286,GGGTTTCTCGTTAAAG
1591,CAAGTGAAGGTTAGAG,187433,GGGTTTCTCAATCGTT
1592,CAAGTGAAGTGAGGGT,187496,GGGTTTCTCGCAACCT
1593,CAAGTTATCCTTAGTT,187755,TATGATGAGACTCCGT
1594,CAAGTTATCGATTTGA,187780,TATGATGAGGTGGCTA
1595,CAAGTTATCGCGCTAA,187792,TATGATGAGCGCTAGA
1596,CAATAAGCAAATATCC,187944,GTATTGCGTTGTGACT
1597,CAATAAGCACTAGCGT,188098,GTATTGCGTGCTCACA
1598,CAATAAGCATGGCCCA,188268,GTATTGCGTACTTCGG
1599,CAATAGCTCACTCAAA,188356,CACAGATAGGTGCGTA
1600,CAATAGCTCGTAATCA,188591,CACAGATAGGTTGCGA
1601,CAATATGTCACATTGA,188726,TGGCTAGAGAGAGCAA
1602,CAATATGTCGTCAAGT,188977,TGGCTAGAGCTTCTCT
1603,CAATCCCTCATTACGA,189179,GCAGCTAAGGCACTAG
1604,CAATCCCTCCTCAGTC,189272,GCAGCTAAGAAGCAAG
1605,CAATCCCTCGCTAAGT,189330,GCAGCTAAGCTGGCAA
1606,CAATCCCTCTAGCGAT,189395,GCAGCTAAGGCAGGTC
1607,CAATCCTGTCTCAGCC,189615,TGCAAGCCAACAAAGA
1608,CAATCCTGTTAACGGC,189710,TGCAAGCCACTTAGGA
1609,CAATCCTGTTTACTTG,189814,TGCAAGCCATCAATCC
1610,CAATCGCCAAGGTACG,189902,CGAATCTGTCTAGCGC
1611,CAATCGCCATTGTCCT,190219,CGAATCTGTCCTTAGG
1612,CAATCTAAGACAAACG,190238,CAATTACTCCCGCAAT
1613,CAATCTAAGCCGGTAC,190318,CAATTACTCCTACTAG
1614,CAATCTAAGCGATAAG,190334,CAATTACTCGCTTCTT
1615,CAATCTAAGTCACCAG,190537,CAATTACTCACAAATG
1616,CAATGAACACCTATAG,190762,CAAGTGAGTAACGAGC
1617,CAATGAACAGGACCAA,190846,CAAGTGAGTATTCGGT
1618,CAATGAACAGGCTGTT,190862,CAAGTGAGTTCATTCT
1619,CAATGACTCAAACCGT,190996,TCTCAATAGCTAACTT
1620,CAATGACTCAATCTCT,191015,TCTCAATAGGCCTAAG
1621,CAATGACTCCTTCGTA,191211,TCTCAATAGAACCTAA
1622,CAATGACTCTAACCAA,191298,TCTCAATAGGCTTAGG
1623,CAATGCCCAAGGACCA,191433,CGCACTAGTAACCGCC
1624,CAATGCCCAAGGTGCA,191442,CGCACTAGTGCGTAAA
1625,CAATGCCCAATGCCCG,191471,CGCACTAGTTGAGTCT
1626,CAATGCCCACCAACCG,191515,CGCACTAGTACTGGCC
1627,CAATGCCCACCTAATG,191527,CGCACTAGTTACTAGC
1628,CAATGTCAGGACCTTG,191938,CAACCGTTCCACTAAT
1629,CAATGTCAGGTGCGGA,192033,CAACCGTTCATGCCTA
1630,CAATGTGGTCCCGGAA,192270,CGGCTCTCAAATGAAG
1631,CAATGTGGTTAACGGC,192396,CGGCTCTCACTTAGGA
1632,CACAAGCGTCATCCTG,192640,GTTCGTTCAATAAAGG
1633,CACAAGCGTGAGCAAG,192698,GTTCGTTCATCTATGC
1634,CACAAGCGTGCTCCAC,192726,GTTCGTTCATGCTTTA
1635,CACAAGCGTTTGAGCA,192897,GTTCGTTCATAGACGC
1636,CACAATATCAGCCAAT,192968,CAACAACAGGTTCCCG
1637,CACAATATCATCCTAT,192991,CAACAACAGTATCGCC
1638,CACAATATCATCCTCA,192992,CAACAACAGAACAAGG
1639,CACAATATCGATTATG,193147,CAACAACAGGAACAAG
1640,CACAATATCGGCTAGC,193176,CAACAACAGTCCTGCG
1641,CACAATATCTTGGACG,193285,CAACAACAGAATCACA
1642,CACAGGCTCCAAACAC,193412,TACCCACAGATATTCC
1643,CACAGGCTCCCTGATC,193450,TACCCACAGCATATAG
1644,CACAGGCTCCTCCCTC,193494,TACCCACAGTGATTCT
1645,CACAGGGAGACTATTG,193701,CCAACCGTCCACCTGG
1646,CACAGGGAGGAACCAA,193839,CCAACCGTCAAGGTTA
1647,CACAGGGAGGAGGCAT,193862,CCAACCGTCTTGTCGA
1648,CACAGGGAGGAGGTTA,193864,CCAACCGTCTAAATCC
1649,CACATACAGCTGGACC,194590,CGATTGCTCCGCACCA
1650,CACATACAGGAGGTTA,194632,CGATTGCTCTAAATCC
1651,CACATACAGGCGCATC,194662,CGATTGCTCAGGATTA
1652,CACATACAGGTCCTAG,194709,CGATTGCTCCTCAAGC
1653,CACATACAGTCATTAG,194766,CGATTGCTCATTAAGG
1654,CACATTAAGAAGCTAG,195221,CTAGCTATCTCAATAC
1655,CACATTAAGCGGATTT,195332,CTAGCTATCCAAACTT
1656,CACATTAAGCTGTAAC,195360,CTAGCTATCTCGACTA
1657,CACATTAAGGTGAAAT,195482,CTAGCTATCTCAATCG
1658,CACCGGTAGCTGTACG,196129,GAAGCCATCAATATCC
1659,CACCGGTAGGGTGAAC,196229,GAAGCCATCCACTATG
1660,CACCGGTAGTTAGCCG,196337,GAAGCCATCATGAGGT
1661,CACCTCAGTCGTTACT,196514,TCAAGTGCAAAGGACG
1662,CACCTCAGTGCTAGCG,196562,TCAAGTGCAATGACCA
1663,CACCTCAGTTCCGGCT,196669,TCAAGTGCATGCCTGC
1664,CACCTGTTCACAGCCA,196779,TACAACAAGTAACACA
1665,CACCTGTTCATGACCG,196834,TACAACAAGTCAAGAC
1666,CACCTGTTCCTTCGTA,196965,TACAACAAGAACCTAA
1667,CACCTGTTCCTTGCAC,196968,TACAACAAGAGCAATC
1668,CACGCAATCAAAGGCA,197137,CTGTGAGAGGAGCCGT
1669,CACGCAATCTGCAAAC,197475,CTGTGAGAGTTACAAG
1670,CACGCAATCTTGAGCG,197500,CTGTGAGAGTCACCTA
1671,CACGCTAAGACCATAC,197537,TAGCAAATCTCCATGA
1672,CACGCTAAGCAAGGAC,197570,TAGCAAATCGCGAAAT
1673,CACGCTAAGCACAGAA,197574,TAGCAAATCTTAAGGA
1674,CACGCTAAGCACGTTG,197579,TAGCAAATCGGCTATC
1675,CACGCTAAGGTCCACA,197777,TAGCAAATCGTTAGCC
1676,CACTAAGGTGAGACTC,198069,ACCCTTGCAAAGAAGC
1677,CACTAAGGTTGAAGCC,198214,ACCCTTGCACACAAGC
1678,CACTAAGGTTGGCGTG,198233,ACCCTTGCACTAGTCT
1679,CACTAGCCACTTCATC,198469,GCCGTTAGTATTTGGC
1680,CACTAGCCAGTTAGCC,198559,GCCGTTAGTCCCTCTG
1681,CACTAGCCATGTTGGC,198634,GCCGTTAGTGCTTCCT
1682,CACTAGCCATTGTCAG,198658,GCCGTTAGTTTAATCG
1683,CACTGACCAAAGCTCC,198682,GTCCGTAGTCATGATC
1684,CACTGACCAACTGGGA,198709,GTCCGTAGTGCTCATG
1685,CACTGACCACCTGCCT,198822,GTCCGTAGTATATTCG
1686,CACTTAAAGCAGCTCA,199118,GGTGTGATCTTGCTGA
1687,CACTTAAAGTTGGCCA,199422,GGTGTGATCCTTATGG
1688,CACTTTGTCCCTGTTA,199593,AGGAGGTAGCCAGTAG
1689,CACTTTGTCGTTATCT,199732,AGGAGGTAGGCTATAA
1690,CACTTTGTCTTTAGGA,199815,AGGAGGTAGGTGTTAA
1691,CAGAACCGTAATCGCA,199841,AGTCACACAACGGGAA
1692,CAGAACCGTAGTAAGA,199882,AGTCACACATGATGGC
1693,CAGAACCGTCACAGAC,199914,AGTCACACAGCCAATA
1694,CAGAACCGTGAGAAAC,199986,AGTCACACAAACGCGT
1695,CAGAACCGTTCATTTG,200117,AGTCACACAAGGCTTA
1696,CAGAATCTCCTCCCTC,200400,CCGTTACAGTGATTCT
1697,CAGAATCTCGAGGTGG,200433,CCGTTACAGTAAGTCA
1698,CAGAATCTCTACCTGC,200517,CCGTTACAGCATCTAT
1699,CAGAATCTCTTGAGGT,200569,CCGTTACAGGCTTAAA
1700,CAGATTCAGAAACTGG,200585,TGAAGTATCGATATGA
1701,CAGATTCAGGCCAATT,200790,TGAAGTATCTTAGCTG
1702,CAGATTCAGGGCCACT,200824,TGAAGTATCCAACCTA
1703,CAGCAAGCAAGCTTTG,201021,CTTACTTGTGCAAGGT
1704,CAGCAAGCAAGTTATC,201039,CTTACTTGTTGGCCAC
1705,CAGCAAGCAATTAAGG,201065,CTTACTTGTTGCAATC
1706,CAGCAAGCATAGCGAG,201271,CTTACTTGTCTAACCG
1707,CAGCATGTCAACCAAC,201360,AAGCTCGAGTCTTGCA
1708,CAGCATGTCAAGACTC,201361,AAGCTCGAGGCGCATA
1709,CAGCATGTCAATGTCA,201376,AAGCTCGAGCTTTACG
1710,CAGCATGTCCAAATCA,201471,AAGCTCGAGCTTGCCG
1711,CAGCATGTCGCACAAT,201596,AAGCTCGAGGCTAGCA
1712,CAGCATTAGAATGACG,201747,GTGTTTGTCCCACCCT
1713,CAGCATTAGACCATAC,201757,GTGTTTGTCTCCATGA
1714,CAGCATTAGCTATTAG,201868,GTGTTTGTCATTTGGT
1715,CAGCATTAGGAACCGG,201898,GTGTTTGTCCTAACCA
1716,CAGCATTAGGCCCAGT,201944,GTGTTTGTCAATCCAT
1717,CAGCCAATCAGCTAAC,202179,GTCATTTAGTATAGCA
1718,CAGCCAATCATGAAGG,202205,GTCATTTAGTAAGCGT
1719,CAGCCTAAGCTAATCA,202630,ACCATGCTCGCGCTCA
1720,CAGCCTAAGTTGCGTG,202874,ACCATGCTCATAGCGG
1721,CAGCTAAGTGATGAGG,203450,TGTTGAGCAGTTAAAC
1722,CAGCTAAGTGCGCATG,203465,TGTTGAGCACAACATG
1723,CAGCTAAGTTACATCC,203534,TGTTGAGCAACAACAT
1724,CAGCTAAGTTAGCTGA,203549,TGTTGAGCAACGGTAC
1725,CAGCTAAGTTATTGCC,203564,TGTTGAGCAACGGTGT
1726,CAGCTAAGTTGTAACG,203612,TGTTGAGCAGGTTATG
1727,CAGCTAAGTTGTGATG,203616,TGTTGAGCAAGTCCTT
1728,CAGCTATAGGATGATG,203847,GTATCGCTCCGTCCCT
1729,CAGCTATAGGCCTTAG,203866,GTATCGCTCCATCATG
1730,CAGCTATAGGTTACGT,203930,GTATCGCTCTAATCCG
1731,CAGCTATAGTAACCCG,203940,GTATCGCTCCGTAATT
1732,CAGCTATAGTCACTCC,203969,GTATCGCTCGCGATAG
1733,CAGCTATAGTGAAGTG,203989,GTATCGCTCCTGATAT
1734,CAGCTATAGTTAGTTG,204013,GTATCGCTCTACCTGA
1735,CAGCTCAAGAGAGGAG,204067,ACGTATTTCAGCATTT
1736,CAGCTCAAGCACGTTG,204101,ACGTATTTCGGCTATC
1737,CAGCTCAAGCACTAAC,204102,ACGTATTTCGCGAGGT
1738,CAGCTCAAGCCACAAT,204121,ACGTATTTCGATCCGT
1739,CAGCTCAAGCTGTACG,204185,ACGTATTTCAATATCC
1740,CAGCTCAAGGCTGTGC,204269,ACGTATTTCCGCTGTG
1741,CAGCTCAAGTCACTCC,204353,ACGTATTTCGCGATAG
1742,CAGGAAGGTGATGGCT,204602,CGTGAACCATTCATTG
1743,CAGGAAGGTGTTTGAG,204665,CGTGAACCATAGACTG
1744,CAGGAAGGTTAACGAT,204671,CGTGAACCAGTTTCCG
1745,CAGGACACAACTCGCG,204845,TATGTTGGTGCGCAAG
1746,CAGGACACATCATGTG,205121,TATGTTGGTCCCGGAT
1747,CAGGACACATGACTAT,205138,TATGTTGGTTAGCTCG
1748,CAGGACACATGTTGTG,205157,TATGTTGGTCGTAATC
1749,CAGGACCTCATTGTTC,205302,CAGCTAGAGGAGGTAA
1750,CAGGACCTCCTTGAGG,205407,CAGCTAGAGTATCCGC
1751,CAGGATGCAATTTGGT,205678,GACCAGGGTTTGAGTC
1752,CAGGATGCAGAACCGA,205764,GACCAGGGTTAATCGC
1753,CAGGCTATCCCGCATT,206100,CACCGTTAGTTAGGCG
1754,CAGGCTATCGATTCTT,206194,CACCGTTAGTGAGCCA
1755,CAGGCTATCTAAATCG,206259,CACCGTTAGCTATTGT
1756,CAGGCTGGTAACCACA,206346,TAGCAGCCATCATCAC
1757,CAGGCTGGTAGGATTT,206399,TAGCAGCCATATTGCC
1758,CAGGCTGGTCCTTCTC,206477,TAGCAGCCAATTAGCG
1759,CAGGGCTTCGTTTCGC,207023,CAAAGGAAGCACTTGC
1760,CAGGGTGAGAATCGCT,207115,TGGTGAGTCCTGATCA
1761,CAGGTCCAGCACTAGT,207555,ATAATGGTCCGCCATG
1762,CAGGTCCAGGCATTAC,207694,ATAATGGTCAAAGGGA
1763,CAGGTCCAGTGGACAA,207835,ATAATGGTCATTAGCT
1764,CAGGTCCAGTTAGACC,207843,ATAATGGTCCCGGATT
1765,CAGGTGGAGCAAACCT,207923,ACTGAGGTCGGTTCAC
1766,CAGGTGGAGCGAAGTA,207978,ACTGAGGTCAAATCGA
1767,CAGGTGGAGCTTCCCG,208028,ACTGAGGTCATTCAGT
1768,CAGGTGGAGGGTCTAT,208120,ACTGAGGTCTCAAATC
1769,CAGGTGGAGTGAGCGG,208213,ACTGAGGTCATCACAT
1770,CAGGTTAGTACTGAAT,208303,TATGTCCCAAACCAGC
1771,CAGGTTAGTATTTGCC,208340,TATGTCCCACCTAACT
1772,CAGGTTAGTGGTTAGC,208477,TATGTCCCAACCGTTT
1773,CAGGTTTAGGCCAATT,208846,ACCCTCCTCTTAGCTG
1774,CAGGTTTAGTCAATCA,208949,ACCCTCCTCCACGTTA
1775,CAGTACCCAACTAGCC,209063,TGTTGACGTTGTTGTA
1776,CAGTACCCACCCACAG,209166,TGTTGACGTCGCAACC
1777,CAGTACCCAGCCAGTT,209240,TGTTGACGTACGGTTT
1778,CAGTACCCAGCTCATA,209250,TGTTGACGTTCAAGCT
1779,CAGTACCCAGTTAGCC,209301,TGTTGACGTCCCTCTG
1780,CAGTATGGTGAGCAAG,209578,TGTAAGTCATCTATGC
1781,CAGTATGGTGCATTAG,209596,TGTAAGTCAACCAACA
1782,CAGTATGGTGTCACGG,209633,TGTAAGTCATAGCTAG
1783,CAGTATGGTGTTAAAC,209643,TGTAAGTCACCGGTAG
1784,CAGTATGGTTAGGATT,209687,TGTAAGTCAAGCGAAG
1785,CAGTATGGTTGTTCAC,209753,TGTAAGTCAAATAAGG
1786,CATAACGGTGGATTCA,210002,ACCTGTTCAGGTTCCC
1787,CATAACGGTTTGAGGC,210160,ACCTGTTCACCAAAGC
1788,CATAAGCTCATTATGG,210280,GCATGCAAGTCCTTAG
1789,CATAAGCTCCAATTAG,210296,GCATGCAAGCTTAAAG
1790,CATAAGCTCCAGGGAG,210303,GCATGCAAGTTATTGC
1791,CATAAGCTCGGTACGC,210445,GCATGCAAGCCATAAA
1792,CATAAGCTCTTAAGTG,210529,GCATGCAAGGTTATCT
1793,CATAATCCATCGCTTT,210882,CGGTATTGTTGCTGGC
1794,CATAATGTCCGTCCAT,211117,CAGTTAAAGGCAACAT
1795,CATAATGTCGCACACA,211185,CAGTTAAAGTAGAGGA
1796,CATAGCTAGCCGCAGT,211797,TCCATGATCAATTAGG
1797,CATAGCTAGGAAGCTA,211874,TCCATGATCCTTTGAG
1798,CATAGGCGTGTTTGCT,212336,GGTTGACCATCCTAGT
1799,CATAGGTTCCTTAGGG,212688,GAACTTAAGCATCCTA
1800,CATAGGTTCCTTCGTA,212691,GAACTTAAGAACCTAA
1801,CATAGTCAGCTATTGA,212991,TTGTCCTTCCAGGTGA
1802,CATAGTCAGGCTGTGC,213089,TTGTCCTTCCGCTGTG
1803,CATAGTCAGGTGCTGC,213130,TTGTCCTTCAAACTAG
1804,CATCAATCAAAGCGCA,213639,TAGCTACGTTGCTCCT
1805,CATCAATCACAGGAAT,213753,TAGCTACGTTGTCAGT
1806,CATCAATCAGAAATTG,213817,TAGCTACGTTTAGCGT
1807,CATCAATCATAGACTT,213927,TAGCTACGTTGCGCGT
1808,CATCACACAAAGGCCA,214027,CGTGAGGGTGAGTCAA
1809,CATCAGCCATCATGTG,214711,ACAGGCGGTCCCGGAT
1810,CATCATAAGCATGTTA,214856,TAACTACTCAAACTTC
1811,CATCATAAGTAGGATG,215080,TAACTACTCTAGTTAC
1812,CATCATAAGTCATGCG,215097,TAACTACTCACAAAGC
1813,CATCATGCAACCGCCA,215195,CCTAATAGTTGACCGC
1814,CATCATGCAAGCGAGC,215210,CCTAATAGTGAGTCCC
1815,CATCATGCAAGGTACG,215222,CCTAATAGTCTAGCGC
1816,CATCATGCACTAAATC,215332,CCTAATAGTTTACCAA
1817,CATCCCAGTTAGACCA,215816,CAGCTAACAGGAGGTA
1818,CATCCCAGTTTGGCGG,215921,CAGCTAACACATGCTT
1819,CATCCTCAGACTTATG,215954,TCTTGGATCGCTTGAC
1820,CATCCTCAGTCATCCC,216246,TCTTGGATCCTTAACG
1821,CATCCTCAGTGACCTG,216264,TCTTGGATCTAGGCGA
1822,CATCCTGGTAACTACG,216324,AACCGCGCAGCTCGAG
1823,CATCCTGGTAGCAGCT,216362,AACCGCGCAGGAAGCA
1824,CATCCTGGTCAAAGGG,216398,AACCGCGCATGCAACA
1825,CATCCTGGTTGCGGAT,216638,AACCGCGCATCCCAAT
1826,CATCGCTTCATAACTG,217151,TTGAGCGAGCAGGTAT
1827,CATCGCTTCATCCTCA,217160,TTGAGCGAGAACAAGG
1828,CATCGCTTCATGGCTG,217174,TTGAGCGAGGACGAAA
1829,CATCGCTTCCTAAGGT,217262,TTGAGCGAGGCTTCAC
1830,CATCGCTTCTAATCTC,217391,TTGAGCGAGCTACCTA
1831,CATCGCTTCTCGCCTG,217419,TTGAGCGAGCTTTAAC
1832,CATGAGGCACAATACT,217577,TGCATTAGTTTCTCAT
1833,CATGAGGCATCTTGAG,217791,TGCATTAGTGATCCTG
1834,CATGCAAGTTAATGCG,218105,ATAGCCACACCTCGAC
1835,CATGCATAGACAACAG,218242,CTGCAACTCAACAACA
1836,CATGCATAGTACTGGT,218524,CTGCAACTCACAGATA
1837,CATGCGCAGCCACAAT,218695,ATGCCCGTCGATCCGT
1838,CATGCGCAGGTTTGCG,218893,ATGCCCGTCAGCCTTA
1839,CATGCGCAGTAAGTCC,218904,ATGCCCGTCCTAGGTC
1840,CATGCGGGTAATGACT,219022,TTGCGGGCATCCTCAG
1841,CATGCGGGTCAGGAAG,219099,TTGCGGGCAGGTATTG
1842,CATGCGGGTCATGAGC,219109,TTGCGGGCAAGGCCTG
1843,CATGCGGGTCGCAAAC,219138,TTGCGGGCAGGATAAA
1844,CATGGATTCAAGGACA,219392,GCAATACAGTTTCACG
1845,CATGGATTCACTTTAC,219429,GCAATACAGGAACCTG
1846,CATGGATTCCCGTTAC,219524,GCAATACAGCTAAATG
1847,CATGGATTCGAGCTAT,219608,GCAATACAGGTATGTA
1848,CATGGATTCTTAGCCC,219738,GCAATACAGTCTTAGT
1849,CATGGCGGTCAGGCAT,219866,CATTACCCAACCTCGC
1850,CATTATCTCCGTAAAC,220320,ATCAGGTAGCGCTCCA
1851,CATTATCTCCTAGTAA,220334,ATCAGGTAGTGCTCCG
1852,CATTATCTCGCTAGAT,220399,ATCAGGTAGAATGACC
1853,CATTATCTCGTTTCGC,220445,ATCAGGTAGCACTTGC
1854,CATTATGAGCGATAAG,220636,GTTTGCATCGCTTCTT
1855,CATTATGAGCGCCTTT,220642,GTTTGCATCTATTGAC
1856,CATTATGAGCTGGACC,220672,GTTTGCATCCGCACCA
1857,CATTATGAGTCATGCG,220847,GTTTGCATCACAAAGC
1858,CATTCATTCAATAGCC,220930,AATCCTTAGCGCTTGT
1859,CATTCATTCACAGGAA,220945,AATCCTTAGCATTATC
1860,CATTCATTCGAGGAGT,221144,AATCCTTAGTTCGCGT
1861,CATTCATTCGGGCCAT,221183,AATCCTTAGCATATTC
1862,CATTCCTCAAACTGTT,221307,GGTTGTTGTTTGTTGA
1863,CATTCCTCAACAGCCT,221323,GGTTGTTGTCGATTAC
1864,CATTCCTCAACAGGAT,221324,GGTTGTTGTAGTTACC
1865,CATTCCTCAATAATGG,221372,GGTTGTTGTCAATTCA
1866,CATTCCTCACCCACAG,221438,GGTTGTTGTCGCAACC
1867,CATTCCTCATAATCGT,221590,GGTTGTTGTTCTTTGT
1868,CATTGCGAGCATTAGC,221759,AGCATCCTCGTGATAA
1869,CATTGCGAGTCAGGCC,221996,AGCATCCTCAAGGTCG
1870,CATTGCGAGTCGCTAG,222007,AGCATCCTCCATCAGC
1871,CATTGCGAGTTGCGTG,222050,AGCATCCTCATAGCGG
1872,CATTGTAAGCCATCAG,222151,AGGATTATCGAGCAAT
1873,CATTGTAAGCGCTCAA,222180,AGGATTATCGCTTGTA
1874,CATTGTAAGGAAGCAC,222229,AGGATTATCTAGCCTA
1875,CATTGTGCACTTCACT,222634,ACGTTACGTGCGTACC
1876,CATTTGTTCACAGACT,222862,TAAAGGGAGCTTACTG
1877,CATTTGTTCAGCAAGA,222886,TAAAGGGAGTATTGCT
1878,CATTTGTTCATTTAGG,222947,TAAAGGGAGCATGGAT
1879,CATTTGTTCCCTCATA,222984,TAAAGGGAGACAGGTT
1880,CATTTGTTCCCTGTTA,222991,TAAAGGGAGCCAGTAG
1881,CATTTGTTCTACCTGC,223149,TAAAGGGAGCATCTAT
1882,CCAAACCCAATATGGA,223299,TCCAATAGTGCAATAG
1883,CCAAACCCAGTTAGCC,223493,TCCAATAGTCCCTCTG
1884,CCAAACCCATCCATCT,223535,TCCAATAGTCACTCAG
1885,CCAAACTAGGAGCATA,223782,ATGCATTTCCGTAAGG
1886,CCAAACTAGTAATCCA,223894,ATGCATTTCAGCTAAA
1887,CCAAATCAGCTTCCCG,224138,ATGCACCTCATTCAGT
1888,CCAAATCAGGCTACAT,224208,ATGCACCTCTTTAAGC
1889,CCAACATAGGAAACTG,224527,ACCGGTTTCGTTTCTC
1890,CCAACATAGGCTAATC,224591,ACCGGTTTCCGTCCAG
1891,CCAACATAGGTGCGGA,224639,ACCGGTTTCATGCCTA
1892,CCAACATAGTATTGTG,224676,ACCGGTTTCAGGAGCC
1893,CCAACATAGTCAATTG,224678,ACCGGTTTCTTTGGTG
1894,CCAACCAAGCTTACTT,224902,ATGGCCTTCGCACACT
1895,CCAACCCGTACTTCAC,225184,GTTGAATCAACATAGT
1896,CCAACCCGTCAAAGGG,225222,GTTGAATCATGCAACA
1897,CCAACCCGTCACAGAC,225232,GTTGAATCAGCCAATA
1898,CCAACCCGTGACATAT,225301,GTTGAATCATGGTGAC
1899,CCAACCCGTGCTCCGT,225335,GTTGAATCAACAAGTT
1900,CCAAGGCTCAGCAAAG,225571,CACTTGCAGTAATGCA
1901,CCAAGGCTCAGCACGC,225574,CACTTGCAGTTATGGA
1902,CCAAGGCTCCGGTATG,225691,CACTTGCAGTTAACGA
1903,CCAAGGCTCCTCACTA,225712,CACTTGCAGTCAATCT
1904,CCAAGGCTCGGTCAAT,225792,CACTTGCAGTTTACGT
1905,CCAAGGCTCGTTATAG,225815,CACTTGCAGGATAACC
1906,CCAAGTTAGATTCCTT,225949,GCCTATATCATTGTAC
1907,CCAAGTTAGGCGCATC,226118,GCCTATATCAGGATTA
1908,CCAATATCACCTATAG,226438,ACTTCCCGTAACGAGC
1909,CCAATATCACTGGCCA,226467,ACTTCCCGTCCTGAGC
1910,CCAATATCAGACAAAC,226480,ACTTCCCGTAGTTGGA
1911,CCAATATCAGCAAGGC,226490,ACTTCCCGTCGCATAT
1912,CCACAATAGACAACGA,226685,TGCCAGTTCTTTAGCG
1913,CCACAATAGCACAGGG,226730,TGCCAGTTCCAATTGT
1914,CCACAATAGCATGTTA,226748,TGCCAGTTCAAACTTC
1915,CCACAATAGTAACGGA,226958,TGCCAGTTCACAAGCG
1916,CCACAATAGTAGCCAT,226968,TGCCAGTTCCCTCATT
1917,CCACAATAGTAGCGCC,226969,TGCCAGTTCTGTCAGC
1918,CCACACAAGCACCACA,227115,GTCTATGTCTAACTGT
1919,CCACACAAGGATCACT,227245,GTCTATGTCATTATGC
1920,CCACACAAGGTCATTA,227313,GTCTATGTCATTGAGA
1921,CCACACAAGTCACTCC,227369,GTCTATGTCGCGATAG
1922,CCACAGGGTAATCGTG,227463,GGTTTGACACATAACG
1923,CCACAGGGTGCGCATG,227631,GGTTTGACACAACATG
1924,CCACATTGTAAGGTCC,227836,GCATGACCAATTTGGG
1925,CCACATTGTATTTGCC,227902,GCATGACCACCTAACT
1926,CCACATTGTGATGGCT,228000,GCATGACCATTCATTG
1927,CCACATTGTTAATGAC,228078,GCATGACCATGCTGGG
1928,CCACTTGGTAAAGCGG,228205,TCCTGTGCACGGTCAG
1929,CCACTTGGTTAGGCTA,228483,TCCTGTGCATTACCCG
1930,CCAGACTCAAAGCGGC,228598,CATTGACGTGGATTAG
1931,CCAGACTCAATAATCC,228659,CATTGACGTAGGTTCT
1932,CCAGACTCAGATAGAC,228782,CATTGACGTTAAAGGT
1933,CCAGACTCAGCTAATT,228807,CATTGACGTATTTACG
1934,CCAGACTCATTGGGAG,228959,CATTGACGTGTCCACA
1935,CCAGCCTGTGAAGCCT,229131,TTAAAGCCACCTCAGC
1936,CCAGCTAAGAGCCGCT,229382,CGCTAACTCCGCTAGT
1937,CCAGCTAAGCAATAGG,229407,CGCTAACTCACTAAGA
1938,CCAGCTGCAACATAAG,229764,ACAACCTGTAACGATG
1939,CCAGCTGCAACTAGGG,229774,ACAACCTGTTAGTTGC
1940,CCAGCTGCACCCTCAC,229878,ACAACCTGTAAGTGGC
1941,CCAGCTGCATCAGTAT,230049,ACAACCTGTTTGAGGA
1942,CCAGGAACAATCGCAC,230206,GCGGTAGGTTACAACC
1943,CCAGGAACACAAACTT,230225,GCGGTAGGTCAATACC
1944,CCAGGAACATGAATCT,230451,GCGGTAGGTTTATGTG
1945,CCAGGAACATTGTGCA,230497,GCGGTAGGTTAGCCAT
1946,CCAGGATGTCAACAAT,230589,GCTTGAACACTAAGCA
1947,CCAGGATGTGGAAGGC,230708,GCTTGAACAGCCAGTG
1948,CCAGGATGTTAAGGTT,230757,GCTTGAACATTGTCCG
1949,CCAGGATGTTTGCAGA,230873,GCTTGAACAAGGAATA
1950,CCAGTTTGTACCGTAA,230920,GACGGTTCAAACTGAT
1951,CCAGTTTGTATTGAGT,230960,GACGGTTCACTCGCAC
1952,CCAGTTTGTGGATTAT,231095,GACGGTTCATAATGCG
1953,CCAGTTTGTTAAGTGT,231140,GACGGTTCAGGAACCT
1954,CCAGTTTGTTAGAGGG,231156,GACGGTTCAAGGATGG
1955,CCAGTTTGTTGTTGTC,231232,GACGGTTCAAATGCGC
1956,CCATAAATCACAAGCT,231294,TGGTCCTAGCTAACGG
1957,CCATAAATCAGTGAAG,231335,TGGTCCTAGCCAATCC
1958,CCATAAATCGCTAGTG,231523,TGGTCCTAGGTCGAGC
1959,CCATAAATCGTTATCT,231564,TGGTCCTAGGCTATAA
1960,CCATAAATCTTGTCCA,231643,TGGTCCTAGTGCGGTA
1961,CCATAAGGTTAGAGCC,231921,GTCATAGCACCTCACA
1962,CCATAAGGTTCCAGGG,231950,GTCATAGCAAGCGCAT
1963,CCATAAGGTTTAGTCC,232007,GTCATAGCAATACCGA
1964,CCATAATCATAAACCT,232317,CGTCCAAGTGCACCAC
1965,CCATAATCATCGTTCT,232359,CGTCCAAGTTATTGTG
1966,CCATAGCCAGTTGCGT,232696,ATTTGCAGTGAACGGT
1967,CCATAGCCATTGGGAG,232791,ATTTGCAGTGTCCACA
1968,CCATATTTCGCAATCG,233043,CAGAGGGAGCCGCAAA
1969,CCATCATGTAGGTTGC,233630,CGTGAGTCAATAAACC
1970,CCATCATGTGATGATT,233747,CGTGAGTCATCAGTTC
1971,CCATCATGTGGAGCAA,233777,CGTGAGTCAGCCTAAA
1972,CCATCATGTGTGCAAC,233799,CGTGAGTCACGTAGCG
1973,CCATCATGTTAAATGC,233814,CGTGAGTCATTGTCTA
1974,CCATTGTGTTAGCAGC,234607,GGTCTAACACATGCCC
1975,CCCAAACCAAACCTAT,234720,GGTTAAGGTGCGCGAA
1976,CCCAAACCAACAACAA,234740,GGTTAAGGTTCAATTG
1977,CCCAAACCACACTAAT,234837,GGTTAAGGTTCACCTC
1978,CCCAAACCACGAACAG,234876,GGTTAAGGTCACACTG
1979,CCCAAACCAGAGAGCC,234911,GGTTAAGGTAGCTGTT
1980,CCCAAACCAGCTACGT,234940,GGTTAAGGTGAAACAT
1981,CCCAAATAGACACTTA,235118,AGGAATCTCCTAAGCC
1982,CCCAAATAGTATGTGC,235405,AGGAATCTCCGGTACT
1983,CCCAACCGTAATAGCT,235504,TGACATGCATGAGCCG
1984,CCCAACCGTGATTTGG,235666,TGACATGCACTAAGGC
1985,CCCAATTGTCACGAAC,235966,CTAACGACATGAGGAG
1986,CCCAATTGTCGAAGTC,236005,CTAACGACAACAGAGG
1987,CCCAATTGTGTCACGG,236091,CTAACGACATAGCTAG
1988,CCCAGCACACCGGTAT,236394,GCCCAGTGTCTTGAAC
1989,CCCAGCACATCATGGC,236564,GCCCAGTGTCCTAAGT
1990,CCCAGCACATCCCTCA,236569,GCCCAGTGTTAAGTCC
1991,CCCAGTTTCAATGTCA,236656,TAAATCGAGCTTTACG
1992,CCCAGTTTCAGCACCA,236687,TAAATCGAGTGTTTGT
1993,CCCAGTTTCGTCAAGT,236917,TAAATCGAGCTTCTCT
1994,CCCAGTTTCTTAAGTG,236989,TAAATCGAGGTTATCT
1995,CCCGCAACAAGCCACT,237446,GGAGGAAGTTTACCGG
1996,CCCGCAACAATAACCT,237472,GGAGGAAGTCGAGGCA
1997,CCCGCAACACAACCTA,237513,GGAGGAAGTAACCTCG
1998,CCCGCAACACCCACAG,237542,GGAGGAAGTCGCAACC
1999,CCCGCAACACCTGTAA,237559,GGAGGAAGTTTATGGC
2000,CCCGCAACACTAAGAA,237571,GGAGGAAGTGTCACGC
2001,CCCGCTTCACATTAAC,237918,TCAGCATGTTCACGCA
2002,CCCGCTTCACCTAATG,237933,TCAGCATGTTACTAGC
2003,CCCGCTTCAGCAAGGC,237988,TCAGCATGTCGCATAT
2004,CCCGTAAAGAGAGGCT,238198,ATTAGGATCATGTTGT
2005,CCCGTAAAGCACTTGG,238234,ATTAGGATCTTGTTCC
2006,CCCGTAAAGGCCTAAT,238378,ATTAGGATCCGCCTCT
2007,CCCGTTGTCACTAAGC,238597,ACAAAGGAGTCTAGCC
2008,CCCGTTGTCATGTTTC,238653,ACAAAGGAGGCAATCG
2009,CCCGTTGTCATTGACA,238662,ACAAAGGAGTTGCAGG
2010,CCCGTTGTCCATAAGC,238686,ACAAAGGAGGAGCTTG
2011,CCCGTTGTCCCTCAGT,238703,ACAAAGGAGAGCTGCA
2012,CCCGTTGTCGGTAACT,238824,ACAAAGGAGTTACGTT
2013,CCCTAATGTGGACCTG,239144,GGACAAGCACAATAAC
2014,CCCTCACCAAATTCGT,239340,GAGTCAAGTACTTATG
2015,CCCTCAGTCGCTATAA,239960,ACATAGCAGGATTGAC
2016,CCCTCAGTCGGGATTT,239972,ACATAGCAGCTTAGTT
2017,CCCTCATAGCGATAAG,240194,ACAACGGTCGCTTCTT
2018,CCCTCATAGTAGAGGC,240383,ACAACGGTCATGCAAA
2019,CCCTCATAGTCACTAA,240400,ACAACGGTCGATTATC
2020,CCCTCATAGTTATCTC,240447,ACAACGGTCGCAATTT
2021,CCCTCATAGTTTGAGC,240466,ACAACGGTCAAATCCT
2022,CCCTGGACACAGGGAC,240599,CCCAAGCGTAAACCGA
2023,CCCTGGACACTCAACA,240647,CCCAAGCGTTAACCAC
2024,CCCTGGACAGAACCGA,240662,CCCAAGCGTTAATCGC
2025,CCCTTAATCATTTGTC,241355,GTTTACTAGAATCGAC
2026,CCCTTAATCCCTGATC,241394,GTTTACTAGCATATAG
2027,CCCTTAATCGACAAAG,241465,GTTTACTAGAAAGGCA
2028,CCCTTAATCTCGCCTG,241579,GTTTACTAGCTTTAAC
2029,CCGACAGGTATTGAGT,241698,TAACCAGCACTCGCAC
2030,CCGACAGGTCATGAGC,241735,TAACCAGCAAGGCCTG
2031,CCGACAGGTCATTGTC,241741,TAACCAGCAATTGCCT
2032,CCGACAGGTGTCCTGC,241850,TAACCAGCATAGGTGC
2033,CCGATGCAGCGGCTGT,242123,GTCGGTTTCAGCGATG
2034,CCGATGCAGGACGTAA,242181,GTCGGTTTCCTGTGAC
2035,CCGATGCAGGATTTGC,242200,GTCGGTTTCATTACAC
2036,CCGATGCAGTATCGCG,242308,GTCGGTTTCGCCCGTA
2037,CCGATGCAGTATTGGC,242311,GTCGGTTTCACTTGCA
2038,CCGCAAATCATCCTAT,242469,GGTGAGGAGTATCGCC
2039,CCGCAAATCATGCTTT,242482,GGTGAGGAGTGAGGCC
2040,CCGCAAATCCCTCAGT,242539,GGTGAGGAGAGCTGCA
2041,CCGCAAATCCGGAACC,242558,GGTGAGGAGGATTTGA
2042,CCGCAAATCGCAATCG,242631,GGTGAGGAGCCGCAAA
2043,CCGCAAATCGTTCACC,242687,GGTGAGGAGCAACAAC
2044,CCGCAAGGTGTTGCTT,243011,CCCTAATCATACTTGC
2045,CCGCAAGGTTGTAAAC,243111,CCCTAATCAAATCCCT
2046,CCGCACACAGTAGGAT,243423,GAACCGGGTGGATGCG
2047,CCGCACACATGTTGTG,243507,GAACCGGGTCGTAATC
2048,CCGCCAACACCACAAC,243676,TATTCAGGTGTTCCTC
2049,CCGCCAACAGGCATGA,243781,TATTCAGGTGGTGCAG
2050,CCGCCAACAGGGAGCT,243793,TATTCAGGTGAGCATA
2051,CCGCTAAAGCATGGTT,243998,GTTCGGTTCATCCTCT
2052,CCGCTAAAGTAGCTTA,244223,GTTCGGTTCCCATAGC
2053,CCGCTAGCACCTACGG,244456,GAGAGGAGTGGCTTAT
2054,CCGCTAGCACCTCAGG,244460,GAGAGGAGTGAGTTTC
2055,CCGCTAGCAGATAGAC,244504,GAGAGGAGTTAAAGGT
2056,CCGCTAGCATAGCTGC,244611,GAGAGGAGTCATCATA
2057,CCGCTTAGTCCCGAAG,244813,GATCAATCATAGTCAG
2058,CCGCTTAGTGCTAGAC,244885,GATCAATCAGTAATCG
2059,CCGCTTAGTGCTCCAC,244888,GATCAATCATGCTTTA
2060,CCGCTTAGTGGATTAT,244901,GATCAATCATAATGCG
2061,CCGGTAGGTCTCAGCC,245227,ATGTGGCCAACAAAGA
2062,CCGGTAGGTGCTTAGA,245275,ATGTGGCCAAGGTGCT
2063,CCGGTAGGTTGGTTCT,245409,ATGTGGCCACAAGGCT
2064,CCGGTTAAGAGCCGCT,245486,TGAATCTTCCGCTAGT
2065,CCGGTTAAGGACAACA,245623,TGAATCTTCTATGCAT
2066,CCGGTTAAGGATCCGC,245646,TGAATCTTCAGGTCGA
2067,CCGGTTAAGTAAGTCC,245746,TGAATCTTCCTAGGTC
2068,CCGGTTAAGTACCGCA,245749,TGAATCTTCGTTGTCA
2069,CCGTGCTGTAGGTTGC,245900,TAGCGGTCAATAAACC
2070,CCGTGCTGTCGCAATA,245981,TAGCGGTCACATTACC
2071,CCGTGCTGTGCTCACC,246035,TAGCGGTCAAATAGCT
2072,CCGTGCTGTGGTGAGA,246056,TAGCGGTCAATTGAGT
2073,CCGTGCTGTTTAACCC,246188,TAGCGGTCATTAGCGA
2074,CCGTTAACACCTGCCT,246376,TACCTAAGTATATTCG
2075,CCGTTAACATTGTGTG,246601,TACCTAAGTTAAAGCG
2076,CCGTTACTCACAGACT,246634,GGCAATTAGCTTACTG
2077,CCGTTACTCAGGTCCA,246670,GGCAATTAGTCATCAT
2078,CCGTTACTCAGTTCCC,246674,GGCAATTAGAGCAAGA
2079,CCGTTATGTGCCGCAA,247178,AGAATCTCAAGGTCAC
2080,CCGTTATGTTAATGCG,247247,AGAATCTCACCTCGAC
2081,CCGTTATGTTACTTCA,247256,AGAATCTCATAAACCG
2082,CCGTTATGTTTACCGT,247340,AGAATCTCAGCAAGTC
2083,CCGTTGCGTCAGGCAT,247474,TGTTCACCAACCTCGC
2084,CCGTTGCGTGCGCAAT,247562,TGTTCACCATAAGCCA
2085,CCGTTGCGTTATAGCG,247657,TGTTCACCATTCAGGA
2086,CCGTTTGGTAAGCACC,247765,CGAGGAACATCCCTCT
2087,CCGTTTGGTAGCTGGT,247809,CGAGGAACAGGTTGCG
2088,CCGTTTGGTAGGTTGC,247814,CGAGGAACAATAAACC
2089,CCGTTTGGTTACGCAA,248017,CGAGGAACAAGGTATT
2090,CCGTTTGGTTAGTACG,248036,CGAGGAACAACAGGCT
2091,CCTAAATCAGGAACAT,248746,TCGCTAGGTGCGGTTC
2092,CCTAAATCATGAAATG,248846,TCGCTAGGTACTGACT
2093,CCTAAGCCAAATTCGT,248922,CGGAACGGTACTTATG
2094,CCTAAGCCACTGACTA,249080,CGGAACGGTTAAACGG
2095,CCTAAGCCAGATTCAT,249099,CGGAACGGTTATTTGG
2096,CCTAAGCCAGCATTAT,249114,CGGAACGGTTGAGGGT
2097,CCTAAGCCATAGTCAT,249208,CGGAACGGTGTACCGC
2098,CCTAAGGTCAGTTCCC,249354,CTAATGAAGAGCAAGA
2099,CCTAAGGTCCCTCAGT,249435,CTAATGAAGAGCTGCA
2100,CCTAAGGTCCTGGCTT,249492,CTAATGAAGTCACTCA
2101,CCTAAGGTCCTTGAGG,249503,CTAATGAAGTATCCGC
2102,CCTAAGTAGAAAGCAT,249670,CCCGCAATCGACAAAC
2103,CCTAAGTAGCATGTTA,249746,CCCGCAATCAAACTTC
2104,CCTAAGTAGCCTGTTC,249770,CCCGCAATCGACATTT
2105,CCTAAGTAGCGGGCAA,249788,CCCGCAATCCCTCACC
2106,CCTAAGTAGGTAGCTT,249924,CCCGCAATCAATGAGC
2107,CCTAATAAGAACCTAC,250057,GATTCTGTCATTAACC
2108,CCTAATAAGCCACAAT,250135,GATTCTGTCGATCCGT
2109,CCTAATAAGCTGCACA,250194,GATTCTGTCGCATTTG
2110,CCTAATAAGTAGAGGC,250349,GATTCTGTCATGCAAA
2111,CCTAATCGTTAGGCTA,250717,GGCATGTCATTACCCG
2112,CCTAATCGTTCCGCAC,250738,GGCATGTCATGAGGGA
2113,CCTAATCGTTGTGACA,250779,GGCATGTCATGGTGCG
2114,CCTACTGGTCACACCC,250913,TCCGGCTCAAGCCATA
2115,CCTACTGGTCACAGCG,250915,TCCGGCTCACGCAATA
2116,CCTACTGGTCGAAGTC,250957,TCCGGCTCAACAGAGG
2117,CCTACTGGTCTTGCAT,250975,TCCGGCTCAGAATCTG
2118,CCTACTGGTCTTTGAC,250978,TCCGGCTCAGTGTGCG
2119,CCTACTGGTGAACAAA,250980,TCCGGCTCAAATGCTG
2120,CCTAGTTGTTCCTGAT,251890,CTACGGGCATTACGTC
2121,CCTATAGCAGCAACAG,252167,CAAAGGCGTAATCCAC
2122,CCTATAGCAGCACGAA,252174,CAAAGGCGTAATCACC
2123,CCTATAGCATTATGAC,252330,CAAAGGCGTTGGGTAA
2124,CCTATATTCAAGCGCC,252361,GGTAACTAGCCTGTCG
2125,CCTATATTCAGCACGC,252406,GGTAACTAGTTATGGA
2126,CCTATATTCCGTAAAC,252526,GGTAACTAGCGCTCCA
2127,CCTATATTCCTTGCGT,252571,GGTAACTAGATTCATC
2128,CCTATATTCGTTACAA,252643,GGTAACTAGTGCAACG
2129,CCTATTGTCAAACCGT,252736,TCATTACAGCTAACTT
2130,CCTATTGTCACAAGCT,252762,TCATTACAGCTAACGG
2131,CCTATTGTCCGCCTAT,252901,TCATTACAGCTTGCAC
2132,CCTATTGTCGAGGAAC,252965,TCATTACAGCGATGCA
2133,CCTATTTAGGCATGAA,253320,CAATGTTTCAGCTAGG
2134,CCTATTTAGTGAAGTG,253453,CAATGTTTCCTGATAT
2135,CCTCAAACACGAATTT,253664,CGCTTAGGTACCGTGC
2136,CCTCAATGTGTAACCA,254109,CAACAGCCATAGCATG
2137,CCTCAGTTCCATAAGC,254402,GGGCCATAGGAGCTTG
2138,CCTCAGTTCCTAGTTT,254460,GGGCCATAGGTCCGTT
2139,CCTCAGTTCCTTCTAG,254486,GGGCCATAGCTAAGCG
2140,CCTCAGTTCTAAGGTC,254576,GGGCCATAGATGCAAC
2141,CCTCCTCTCAATTACG,254678,ATCGCGAAGGACAACT
2142,CCTCCTCTCATAACGC,254724,ATCGCGAAGGAGTCAT
2143,CCTCCTCTCATGTCAA,254751,ATCGCGAAGTGCTCAC
2144,CCTCCTCTCCCGAACA,254793,ATCGCGAAGGTCCCTG
2145,CCTCCTCTCCGGTTGA,254827,ATCGCGAAGTGGCCAA
2146,CCTCCTCTCCTACCTA,254841,ATCGCGAAGTTACTAC
2147,CCTCCTCTCCTCATCA,254849,ATCGCGAAGGATCCAG
2148,CCTCCTCTCGCATTAA,254900,ATCGCGAAGCTAGTTT
2149,CCTCCTGAGACTTATG,255062,CGCTTAATCGCTTGAC
2150,CCTCCTGAGCCTAACG,255129,CGCTTAATCGTCCTTT
2151,CCTCCTGAGCGCAATT,255147,CGCTTAATCAATAGGC
2152,CCTCCTGAGCTACTGG,255164,CGCTTAATCGTGATGG
2153,CCTCCTGAGCTCGCTT,255176,CGCTTAATCACACCGT
2154,CCTCCTGAGGTCTTGG,255303,CGCTTAATCTGTTGGC
2155,CCTCCTGAGTGAAGTG,255371,CGCTTAATCCTGATAT
2156,CCTGAATAGACAACGA,255435,CGGTGAATCTTTAGCG
2157,CCTGAATAGAGAGGAG,255449,CGGTGAATCAGCATTT
2158,CCTGAATAGAGGGACT,255459,CGGTGAATCCCACCTC
2159,CCTGAATAGGTCGAGG,255685,CGGTGAATCAGCCTGT
2160,CCTGAATAGTCGCTAG,255747,CGGTGAATCCATCAGC
2161,CCTGAATAGTTCCCAC,255785,CGGTGAATCAGCATGG
2162,CCTGAATAGTTTCCGC,255798,CGGTGAATCCCGCACA
2163,CCTGACTTCCTCACTA,255998,GCAGCACAGTCAATCT
2164,CCTGAGTCAGCATGGA,256400,AGCATGAGTAGCCTTG
2165,CCTGATGAGCGAGCGA,256677,GCCAGTTTCGATATAG
2166,CCTGATGAGGATCACT,256763,GCCAGTTTCATTATGC
2167,CCTGATGAGGCATGTT,256775,GCCAGTTTCACCTATG
2168,CCTGCTCCAAACGGGC,256963,TAAACCCGTAGGTGAC
2169,CCTGCTCCAACCGCCA,256989,TAAACCCGTTGACCGC
2170,CCTGCTCCAACTGGCT,256998,TAAACCCGTCTTGACG
2171,CCTGCTCCAAGGATTA,257012,TAAACCCGTAACAGCA
2172,CCTGCTCCACCTGCTC,257113,TAAACCCGTACACCGC
2173,CCTGCTCCACTAAATC,257126,TAAACCCGTTTACCAA
2174,CCTGGATCAACCGCCA,257373,GCTAGTTGTTGACCGC
2175,CCTGGATCAGTTAAAG,257616,GCTAGTTGTAAATAGC
2176,CCTGGTAAGGAGTCTT,257913,GCATTCATCGATAAGC
2177,CCTGGTAAGGTTAGCT,258002,GCATTCATCTAACCAT
2178,CCTGGTAAGTCTCACC,258053,GCATTCATCGCGCAAA
2179,CCTGGTAAGTGAACAG,258056,GCATTCATCCGCAATC
2180,CCTGTAACACATAGCC,258240,GTTAGGAGTAATCCCG
2181,CCTGTAACACTAAGAA,258279,GTTAGGAGTGTCACGC
2182,CCTGTAACAGACAAAC,258302,GTTAGGAGTAGTTGGA
2183,CCTGTAACAGTAAGTA,258373,GTTAGGAGTGAACCGG
2184,CCTGTAACAGTAGGAT,258377,GTTAGGAGTGGATGCG
2185,CCTGTAACATCTAGCA,258436,GTTAGGAGTTTAACCA
2186,CCTGTAACATTATGCG,258473,GTTAGGAGTGTTAACC
2187,CCTGTATGTCCGGTTC,258618,GGTGTCGCAAGTAAAG
2188,CCTGTATGTCTTACTA,258648,GGTGTCGCAAGCTATG
2189,CCTGTATGTGAAGCCT,258655,GGTGTCGCACCTCAGC
2190,CCTGTATGTTTCCGGC,258856,GGTGTCGCACCGTTCA
2191,CCTGTTGGTAATGACT,258900,GTTTGAGCATCCTCAG
2192,CCTGTTGGTTAGGACC,259152,GTTTGAGCACGCTAGG
2193,CCTTAACGTAATGACT,259282,GTTCAAGCATCCTCAG
2194,CCTTACTCAATTGACT,259740,TCTATCTGTAAGGTGC
2195,CCTTACTCAATTGAGA,259741,TCTATCTGTCCTGCAA
2196,CCTTACTCAGTTAAAG,259914,TCTATCTGTAAATAGC
2197,CCTTAGTGTCGACTAA,260162,TGTGGACCAGTTTCTA
2198,CCTTAGTGTGTGTCCC,260255,TGTGGACCACTATGGA
2199,CCTTAGTGTTCACTGT,260319,TGTGGACCAATAGCCA
2200,CCTTAGTGTTGCGCGA,260347,TGTGGACCACTAGCTT
2201,CCTTAGTGTTTGTCTA,260402,TGTGGACCAGGTTGTA
2202,CCTTATGTCAAACCGT,260406,CAAATCAAGCTAACTT
2203,CCTTATGTCACACAGT,260433,CAAATCAAGTCCCGCA
2204,CCTTATGTCACTTCAT,260454,CAAATCAAGTGTCCAC
2205,CCTTATGTCAGGTCCA,260470,CAAATCAAGTCATCAT
2206,CCTTATGTCCCTCAGT,260555,CAAATCAAGAGCTGCA
2207,CCTTATGTCCCTCTAA,260558,CAAATCAAGTCCCTGG
2208,CCTTCAATCCCTCATA,260940,CCTAAGGAGACAGGTT
2209,CCTTCAATCGATTTGA,261028,CCTAAGGAGGTGGCTA
2210,CCTTCAATCGGCTATG,261055,CCTAAGGAGTGGCTTC
2211,CCTTCAATCTTGAGCG,261156,CCTAAGGAGTCACCTA
2212,CCTTCAGGTAGGTTAT,261233,TTAAGCGCATTATCTG
2213,CCTTCAGGTATTGCAG,261249,TTAAGCGCAAGGAAGT
2214,CCTTCAGGTCATCAAG,261282,TTAAGCGCAGCTCAAA
2215,CCTTCAGGTTGTTGGA,261519,TTAAGCGCATCCTCCT
2216,CCTTCGTAGACAACAG,261952,TCAAAGATCAACAACA
2217,CCTTCGTAGACACCGC,261955,TCAAAGATCAGGAGGG
2218,CCTTCGTAGCATGTCG,262015,TCAAAGATCCCTCGTC
2219,CCTTCGTAGCCGCTAA,262028,TCAAAGATCAGTTTAC
2220,CCTTGCGTCACGAATC,262362,TACTGAAAGGATTATG
2221,CCTTGCGTCATTACTC,262426,TACTGAAAGGGTTAAC
2222,CCTTGCGTCGCTATGG,262581,TACTGAAAGGAGTCGC
2223,CCTTGCGTCTAACCTT,262627,TACTGAAAGCAAATTG
2224,CCTTGCGTCTACCTGC,262639,TACTGAAAGCATCTAT
2225,CCTTGCGTCTCGACCT,262661,TACTGAAAGTATTTGC
2226,CCTTGCGTCTTTGAGA,262705,TACTGAAAGACATAGC
2227,CCTTGTTCAATAACCT,262778,CTAAACCGTCGAGGCA
2228,CCTTGTTCAATATGGA,262789,CTAAACCGTGCAATAG
2229,CCTTGTTCAGAGAGCC,262901,CTAAACCGTAGCTGTT
2230,CCTTGTTCAGTAAAGC,262970,CTAAACCGTTTACTAG
2231,CCTTTAGTCAGCCAAT,263148,AATACTGAGGTTCCCG
2232,CCTTTAGTCATTTGTC,263207,AATACTGAGAATCGAC
2233,CCTTTAGTCCCTGATC,263246,AATACTGAGCATATAG
2234,CCTTTAGTCCGCAAAT,263251,AATACTGAGACCAGGC
2235,CCTTTAGTCTGCAACG,263434,AATACTGAGCCTTGCG
2236,CGAAATGAGCACAGAA,263532,CAAACAATCTTAAGGA
2237,CGAAATGAGTGAGCAA,263812,CAAACAATCTAATCGT
2238,CGAAATGAGTTATCCT,263834,CAAACAATCCTGAAGG
2239,CGAACAAAGAACCTGT,263864,AAACGGTTCGTTATGT
2240,CGAACAAAGAATGACG,263869,AAACGGTTCCCACCCT
2241,CGAACAAAGACAGGTA,263878,AAACGGTTCATCAGCC
2242,CGAACAAAGACTAAGG,263880,AAACGGTTCACAATAG
2243,CGAACAAAGCTATATG,263988,AAACGGTTCGTTAAAG
2244,CGAACAAAGGTTAGAG,264135,AAACGGTTCAATCGTT
2245,CGAACAAAGGTTAGCT,264136,AAACGGTTCTAACCAT
2246,CGAACAAAGTGAACCT,264191,AAACGGTTCAGGGCTA
2247,CGAACAAAGTGATTCA,264200,AAACGGTTCTCACTTC
2248,CGAACAAAGTTGGGCC,264231,AAACGGTTCTTTGTGG
2249,CGAACCGGTGTTAAAC,264477,GATTGGCCACCGGTAG
2250,CGAACCGGTTGTCATC,264583,GATTGGCCAGCACTAA
2251,CGAAGAATCAAGTGAG,264639,ACGTTAAAGCAGCTCT
2252,CGAAGAATCTAATCCT,264936,ACGTTAAAGGATGCGC
2253,CGAAGCCTCGTTAAGC,265300,GAGCTTGAGCAAATCA
2254,CGAAGCGAGGCCATCA,265599,CCTTACTTCGGTCAAG
2255,CGAAGCGAGGTTACGT,265668,CCTTACTTCTAATCCG
2256,CGAAGGCCAGGCCAAA,266020,GGGTGTGGTTGAGGTA
2257,CGAAGTAAGCCACAAT,266243,GATTGTTTCGATCCGT
2258,CGAAGTAAGTCTTGAA,266491,GATTGTTTCAGCTACC
2259,CGAATATGTCAACAAT,266631,AAAGGTACACTAAGCA
2260,CGAATATGTCATCCTG,266656,AAAGGTACAATAAAGG
2261,CGAATATGTCCTTCAG,266680,AAAGGTACATAAGTCG
2262,CGAATATGTTAGGCGT,266824,AAAGGTACATACTGAG
2263,CGAATCTAGAGAGGAG,266955,CACCTAATCAGCATTT
2264,CGAATCTAGCACAGCC,266985,CACCTAATCCTCAGTA
2265,CGAATCTAGCGCTCAA,267042,CACCTAATCGCTTGTA
2266,CGAATCTAGCTGGACC,267070,CACCTAATCCGCACCA
2267,CGAATCTAGTAAAGGT,267209,CACCTAATCTAAGCGG
2268,CGAATCTAGTTATCTC,267287,CACCTAATCGCAATTT
2269,CGACAAGCACTTCACT,267496,TCAGTTAGTGCGTACC
2270,CGACAAGCAGTAGCCT,267578,TCAGTTAGTTGCTCAG
2271,CGACAAGCATTGCAGC,267681,TCAGTTAGTTGGTTTA
2272,CGACCTGCAAAGGCCA,267711,TTCTATCGTGAGTCAA
2273,CGACTAAGTAGGTTTG,268141,CTATGCTCACCAACAA
2274,CGACTAAGTCCGTGAG,268206,CTATGCTCATGGTTAG
2275,CGACTAAGTCCTAACT,268207,CTATGCTCACCTTCAG
2276,CGACTAAGTGGATGTC,268288,CTATGCTCAGCTAGAC
2277,CGACTAAGTTGGCCGA,268410,CTATGCTCAAACCTAG
2278,CGAGCGAAGCGCAATT,268571,ATAGGCGTCAATAGGC
2279,CGAGCTGGTAAGGTCC,268860,GTGAGAGCAATTTGGG
2280,CGAGCTGGTAGGTTTG,268907,GTGAGAGCACCAACAA
2281,CGAGCTGGTATTGCAG,268921,GTGAGAGCAAGGAAGT
2282,CGAGCTGGTCAGTAAT,268950,GTGAGAGCAACCAAAT
2283,CGAGCTGGTGCATTTC,269033,GTGAGAGCACCAGCTC
2284,CGAGCTGGTTCATCTA,269142,GTGAGAGCAGGTAAGG
2285,CGAGGAAGTTAACAGT,269474,TAGCCTTCACGGATTA
2286,CGAGGCAAGAAACTGG,269609,AACTAAGTCGATATGA
2287,CGAGGCAAGAAGCTAG,269615,AACTAAGTCTCAATAC
2288,CGAGGCAAGCTACTGG,269736,AACTAAGTCGTGATGG
2289,CGAGGCAAGTGTGATC,269955,AACTAAGTCGCTTTAG
2290,CGAGGTGAGCAAGACA,270044,AACCAGGTCGCATTAT
2291,CGAGGTGAGGCAGGTG,270193,AACCAGGTCGGGATGC
2292,CGAGGTGAGGCCATCA,270199,AACCAGGTCGGTCAAG
2293,CGAGGTGAGGTTAGAG,270269,AACCAGGTCAATCGTT
2294,CGAGGTGAGTAGCGGG,270292,AACCAGGTCTAACCGC
2295,CGAGGTGAGTAGGCGG,270295,AACCAGGTCCCGCTGA
2296,CGAGGTGAGTCATGCG,270311,AACCAGGTCACAAAGC
2297,CGAGTCGGTAATCGTG,270401,GCTTTGTCACATAACG
2298,CGAGTCGGTATTGAGT,270452,GCTTTGTCACTCGCAC
2299,CGAGTCGGTGCCGCAA,270566,GCTTTGTCAAGGTCAC
2300,CGATATTCACTCAACA,270935,GTACTTAGTTAACCAC
2301,CGATATTCATGGCCTG,271103,GTACTTAGTTCCGGAC
2302,CGATCCTTCCCGAAGC,271284,GTCAATAAGGTGGATT
2303,CGATCCTTCCTGCGAA,271349,GTCAATAAGCGGGACT
2304,CGATCCTTCGTTAGCG,271437,GTCAATAAGATGAAGG
2305,CGATGTCCAAATTCGT,271548,GGTCCGTGTACTTATG
2306,CGATGTCCAACCCTAA,271557,GGTCCGTGTTCCGGGT
2307,CGATGTCCAATGAGGT,271618,GGTCCGTGTCGCAATT
2308,CGATGTCCATAAGTTC,271817,GGTCCGTGTGGACATA
2309,CGATGTCCATTGTGTG,271907,GGTCCGTGTTAAAGCG
2310,CGATTATCAAGTAAGC,271976,CCTGGACGTTAGCGTT
2311,CGATTATCATAGCGAG,272213,CCTGGACGTCTAACCG
2312,CGATTCCTCAGGATGA,272356,GCTCGTTAGGGCTTTC
2313,CGATTCCTCCAATTAG,272418,GCTCGTTAGCTTAAAG
2314,CGATTCCTCCGCACAA,272458,GCTCGTTAGTAAACTG
2315,CGATTCCTCCTCAGCT,272489,GCTCGTTAGTAAAGCC
2316,CGATTGAGTACGGTAC,272720,GCCAATACATAAAGGA
2317,CGATTGAGTACTGAAT,272723,GCCAATACAAACCAGC
2318,CGATTGAGTCCAAGAC,272799,GCCAATACACTAGTAG
2319,CGATTGAGTGTCACGG,272903,GCCAATACATAGCTAG
2320,CGCAAATTCGTTAGCG,273739,TTCTGGCAGATGAAGG
2321,CGCAAATTCTAACCTT,273749,TTCTGGCAGCAAATTG
2322,CGCAAATTCTTAGCGG,273805,TTCTGGCAGGGTCTAG
2323,CGCAATAGTTGGATCA,274159,GGTACCGCATCCTTAA
2324,CGCAATAGTTGTAACG,274168,GGTACCGCAGGTTATG
2325,CGCAATAGTTTGCGCC,274201,GGTACCGCATTACAGG
2326,CGCAATCCACTCAACA,274387,CTCCTTAGTTAACCAC
2327,CGCAATCCAGTCTAGC,274483,CTCCTTAGTATAGTGG
2328,CGCAATCCATAATCAC,274502,CTCCTTAGTAGGAGGA
2329,CGCAATCCATGGCCCA,274554,CTCCTTAGTACTTCGG
2330,CGCAATCCATTGACAT,274580,CTCCTTAGTCAATTGC
2331,CGCAATCCATTGTGGC,274590,CTCCTTAGTGCTTCGA
2332,CGCAATGTCCAGGAAA,274724,TGATTGAAGGTACCGA
2333,CGCAATGTCCGCCAAA,274760,TGATTGAAGCCTGGTT
2334,CGCAATGTCCGGAACC,274764,TGATTGAAGGATTTGA
2335,CGCAATGTCCGGGACT,274766,TGATTGAAGAATCTAG
2336,CGCAATGTCCGTCCAT,274771,TGATTGAAGGCAACAT
2337,CGCAATGTCGCAATCG,274837,TGATTGAAGCCGCAAA
2338,CGCAATGTCTCCATAT,274929,TGATTGAAGCAATTGA
2339,CGCAATGTCTTACTCG,274953,TGATTGAAGAGGGACG
2340,CGCAATGTCTTAGCCC,274954,TGATTGAAGTCTTAGT
2341,CGCAATGTCTTAGGAC,274956,TGATTGAAGCGCTACT
2342,CGCAATTAGCGTGCGT,275101,TTTGCTCTCTTGCATG
2343,CGCAATTAGGAGCATA,275160,TTTGCTCTCCGTAAGG
2344,CGCAATTAGTAAGTGG,275271,TTTGCTCTCCTAACTG
2345,CGCAATTAGTTTGGTA,275361,TTTGCTCTCGCTTCGG
2346,CGCACAATCCCGCATT,275506,CGTCACTAGTTAGGCG
2347,CGCACAATCCTGGCTT,275570,CGTCACTAGTCACTCA
2348,CGCACAATCGCACACA,275607,CGTCACTAGTAGAGGA
2349,CGCACACAGAATCTCA,275756,AGTCATTTCTTAGGTT
2350,CGCACACAGGTCCTGA,276010,AGTCATTTCTATATGC
2351,CGCACCACAAGCCAGA,276177,TCAAACCGTCGCATTG
2352,CGCACCACACGAATTT,276292,TCAAACCGTACCGTGC
2353,CGCACCACATGAGCAG,276465,TCAAACCGTCATAACC
2354,CGCACCACATGCAACC,276468,TCAAACCGTTGGGCCT
2355,CGCACCACATGCATAT,276469,TCAAACCGTAATGGTG
2356,CGCATATAGTCACCAG,276825,ACAAGTATCACAAATG
2357,CGCATATAGTTGGGCC,276887,ACAAGTATCTTTGTGG
2358,CGCATGATCAGCATTA,276955,GCCACTTAGCGAAGTT
2359,CGCATGATCCGCACAA,277062,GCCACTTAGTAAACTG
2360,CGCATTACAAGCTAAA,277332,GTTCTTTGTAATCGCT
2361,CGCATTACATGTGGGA,277632,GTTCTTTGTGCTTCTC
2362,CGCATTTGTGGATGTC,277876,ATCACAGCAGCTAGAC
2363,CGCATTTGTGTCCAGG,277893,ATCACAGCAAAGGTAA
2364,CGCATTTGTTCGGTAA,277978,ATCACAGCAAACAAAG
2365,CGCCAAATCACTAGGT,278095,TCCCATAAGGCCAACA
2366,CGCCAAATCATTGACA,278158,TCCCATAAGTTGCAGG
2367,CGCCAAATCCCTGACT,278203,TCCCATAAGGTGGGAG
2368,CGCCAAATCCTGGTCT,278257,TCCCATAAGGTTGTAA
2369,CGCCAAATCTTAGTCT,278412,TCCCATAAGATTGAGC
2370,CGCCACACACTAAGTT,278605,ATAAGGTGTTGCTTCC
2371,CGCCACACACTGGCCA,278613,ATAAGGTGTCCTGAGC
2372,CGCCACACATAGCGAG,278735,ATAAGGTGTCTAACCG
2373,CGCCTCATCAGCAAGA,278870,CGGTCAAAGTATTGCT
2374,CGCCTCATCCTAAGTA,279001,CGGTCAAAGTTTCTGG
2375,CGCCTCATCGTCATTT,279102,CGGTCAAAGTCTTGAT
2376,CGCCTCATCTATGACA,279140,CGGTCAAAGTTACGAA
2377,CGCCTGTGTAACGTGC,279211,ACAACATCATTGAGGC
2378,CGCCTGTGTACAATGT,279231,ACAACATCACTCAATC
2379,CGCCTGTGTCATCAAG,279310,ACAACATCAGCTCAAA
2380,CGCCTGTGTCCTAACT,279329,ACAACATCACCTTCAG
2381,CGCCTGTGTGAATCGC,279364,ACAACATCAAATACCG
2382,CGCCTGTGTTAAGCCA,279451,ACAACATCAATCTGGA
2383,CGCCTGTGTTGGTTAG,279536,ACAACATCAGCTAGCG
2384,CGCGATTCAATTGACT,279684,AGCTGTTGTAAGGTGC
2385,CGCGATTCACTGGCCA,279763,AGCTGTTGTCCTGAGC
2386,CGCGATTCAGTTATGT,279861,AGCTGTTGTTTGCAGT
2387,CGCGATTCATCATGGC,279898,AGCTGTTGTCCTAAGT
2388,CGCGGATTCATGCATA,280055,AAAGGCAAGCACCTAC
2389,CGCGGATTCCGTAAAC,280142,AAAGGCAAGCGCTCCA
2390,CGCGGATTCGCAACAT,280208,AAAGGCAAGATTCGTT
2391,CGCGGATTCTTGATGA,280336,AAAGGCAAGGTTACTT
2392,CGCTAACCAGCATGAG,280561,TCCTTTGGTTACTCCC
2393,CGCTAACCATTGCGTA,280724,TCCTTTGGTGTGATTC
2394,CGCTAATAGCATTATG,280814,TTGTGGCTCTCCTCAT
2395,CGCTAATAGCGAAGTA,280838,TTGTGGCTCAAATCGA
2396,CGCTAATAGCTGGACC,280878,TTGTGGCTCCGCACCA
2397,CGCTAATAGCTTAGTA,280886,TTGTGGCTCCGCTAAC
2398,CGCTAATAGGTCCAAT,280994,TTGTGGCTCCACAATT
2399,CGCTACTTCACAGCCA,281149,ACCTCTAAGTAACACA
2400,CGCTACTTCCCTCACG,281268,ACCTCTAAGGCTTATT
2401,CGCTACTTCGGGACCT,281386,ACCTCTAAGCTGGATG
2402,CGCTACTTCGTGCTTC,281408,ACCTCTAAGTCATAAG
2403,CGCTATGAGGCTATGT,281729,TCAGGCTTCAAGGAAG
2404,CGCTCAGCAACACTTG,281912,TTGATCAGTGTTACAC
2405,CGCTCAGCATTAGCGC,282246,TTGATCAGTACTGATC
2406,CGCTCCATCCTCCATA,282469,GGAGCGAAGATAGCCG
2407,CGCTCCATCGCTTGCT,282533,GGAGCGAAGAGCCGGT
2408,CGCTCCATCTCAATAG,282596,GGAGCGAAGGGCTAAT
2409,CGCTCCATCTTTGACT,282652,GGAGCGAAGCCCTTGG
2410,CGCTGTGCAAACAACA,282655,CAACAAGGTGTGTTAC
2411,CGCTGTGCAAGGATTA,282710,CAACAAGGTAACAGCA
2412,CGCTGTGCACGAATTT,282816,CAACAAGGTACCGTGC
2413,CGCTGTGCAGCTCATA,282880,CAACAAGGTTCAAGCT
2414,CGCTGTGCATAATCCG,282947,CAACAAGGTGCTTTAA
2415,CGCTTAACAACCGCCA,283071,TAACCTAGTTGACCGC
2416,CGCTTAACAATTTGGT,283144,TAACCTAGTTTGAGTC
2417,CGCTTAACACTCGCTC,283216,TAACCTAGTTGTTCCC
2418,CGCTTAACATAATGTC,283334,TAACCTAGTGCAAGTA
2419,CGCTTACTCTTGCTAT,283796,GGAATCTAGCCATCAC
2420,CGCTTCTAGCACTTGG,283872,TGACGGATCTTGTTCC
2421,CGCTTGCGTACCGTTT,284227,CGGCCTTCAAATACGT
2422,CGCTTGCGTTAGGCTA,284471,CGGCCTTCATTACCCG
2423,CGGAATCGTCACAGCG,284669,CCCTGGTCACGCAATA
2424,CGGAATCGTGTTGTGA,284813,CCCTGGTCATGAAGCC
2425,CGGACAACAAAGCGCA,284967,TCAGGAAGTTGCTCCT
2426,CGGACAACACCTGCTC,285111,TCAGGAAGTACACCGC
2427,CGGACAACACTCAACA,285131,TCAGGAAGTTAACCAC
2428,CGGACAACATCACTTC,285267,TCAGGAAGTAAAGCAT
2429,CGGACAACATCGCTTT,285280,TCAGGAAGTTGCTGGC
2430,CGGACCTAGGAACCGG,285500,TTAGGCCTCCTAACCA
2431,CGGACCTAGGAGCACG,285519,TTAGGCCTCTAGTTCG
2432,CGGACCTAGGCTACAT,285562,TTAGGCCTCTTTAAGC
2433,CGGACCTAGGTGAAGC,285607,TTAGGCCTCATAGCCC
2434,CGGACCTAGTTATGTG,285701,TTAGGCCTCGACAAGT
2435,CGGAGCAAGGTCCACA,285983,ATTGTGTTCGTTAGCC
2436,CGGAGCAAGGTCCTAG,285985,ATTGTGTTCCTCAAGC
2437,CGGAGTCTCAGCAAGA,286160,GCACACAAGTATTGCT
2438,CGGAGTCTCATGTGGT,286206,GCACACAAGTGGCGGT
2439,CGGAGTCTCCGGTTGA,286281,GCACACAAGTGGCCAA
2440,CGGAGTCTCTGTGCCT,286460,GCACACAAGAGGCTTG
2441,CGGAGTCTCTTTAGGA,286487,GCACACAAGGTGTTAA
2442,CGGATTAGTCATCCTG,286986,GGGACAACAATAAAGG
2443,CGGATTAGTCCTCCAA,287007,GGGACAACAGAGAGGC
2444,CGGATTAGTGGAAACG,287079,GGGACAACAGGAGGGT
2445,CGGATTAGTGGTTCTT,287096,GGGACAACAGAAACCC
2446,CGGATTAGTGTTTGAG,287117,GGGACAACATAGACTG
2447,CGGCAATGTACCGGAT,287291,GGATATTCACGATTCT
2448,CGGCAATGTCATGCCC,287371,GGATATTCATTCCTGG
2449,CGGCAATGTTCACCCA,287552,GGATATTCAGCTAACA
2450,CGGCAATGTTTGCTGT,287630,GGATATTCATTGTGGA
2451,CGGCCATAGACAAGTG,287654,GAAACCGTCCTCACTT
2452,CGGCCATAGACTTACA,287663,GAAACCGTCGCTTGCG
2453,CGGCCATAGCTCCTAC,287776,GAAACCGTCTTAGCCA
2454,CGGCCATAGTAATCCA,287932,GAAACCGTCAGCTAAA
2455,CGGCCATAGTTAGCCG,287993,GAAACCGTCATGAGGT
2456,CGGCCATAGTTGTCCC,288013,GAAACCGTCGTACAAA
2457,CGGCTAATCAAGCTTA,288035,GGGTCACAGCAGCCAA
2458,CGGCTAATCAGCATTA,288079,GGGTCACAGCGAAGTT
2459,CGGCTAATCTTAGTCT,288386,GGGTCACAGATTGAGC
2460,CGGCTCACAACATAAG,288436,GCAAGGTGTAACGATG
2461,CGGCTCACAAGCGATG,288455,GCAAGGTGTCTATGAC
2462,CGGCTCACAATTATGC,288506,GCAAGGTGTTGTCATA
2463,CGGCTCACACCTATAG,288558,GCAAGGTGTAACGAGC
2464,CGGCTCACACTTAACG,288589,GCAAGGTGTAAGTCCT
2465,CGGCTCACAGCATGTC,288619,GCAAGGTGTTACTTAG
2466,CGGCTCACAGGCATGA,288649,GCAAGGTGTGGTGCAG
2467,CGGCTCACATATTGAC,288716,GCAAGGTGTGCCGGAA
2468,CGGCTCACATGAATCT,288739,GCAAGGTGTTTATGTG
2469,CGGGACAAGCGCCTTT,288904,GGCGTAATCTATTGAC
2470,CGGGCTTAGAACCTGT,289180,TCCACCCTCGTTATGT
2471,CGGGCTTAGCACGATT,289236,TCCACCCTCTAACTCG
2472,CGGGCTTAGCCAGTAT,289260,TCCACCCTCCCGGAAA
2473,CGGGCTTAGTCAGTAC,289491,TCCACCCTCTGCAACC
2474,CGGGCTTAGTCCTGAG,289497,TCCACCCTCAAACATG
2475,CGGGCTTAGTTAGCCG,289529,TCCACCCTCATGAGGT
2476,CGGGTATGTACCGAAC,289592,GCATAATCACAAAGCC
2477,CGGGTATGTACGCGCA,289598,GCATAATCACCACAAA
2478,CGGGTATGTAGCCTCC,289611,GCATAATCATGAGCTA
2479,CGGGTATGTCATGCCC,289673,GCATAATCATTCCTGG
2480,CGGGTATGTTAATGCG,289817,GCATAATCACCTCGAC
2481,CGGGTATGTTGAGCCG,289875,GCATAATCAGCAAATT
2482,CGGGTCTAGTCATGCG,290259,GACTCACTCACAAAGC
2483,CGGGTCTAGTTCCCGT,290306,GACTCACTCCTAATGT
2484,CGGTAACGTAACGAGG,290333,TTGCAAGCAGGTCCCT
2485,CGGTAACGTGAAGCCT,290487,TTGCAAGCACCTCAGC
2486,CGGTAACGTGATCAGC,290499,TTGCAAGCAGCCAAAC
2487,CGGTAACGTGCCTCAC,290515,TTGCAAGCAATAGAGA
2488,CGGTGAACAATAACGA,290779,GGTAGGTGTGCTGTTG
2489,CGGTGAACACGTAAGG,290872,GGTAGGTGTCCGGTTA
2490,CGGTGAACAGTAAGTA,290971,GGTAGGTGTGAACCGG
2491,CGGTGAACATTGTCCT,291083,GGTAGGTGTCCTTAGG
2492,CGGTGAGAGAGCCGCT,291122,TCCTTTATCCGCTAGT
2493,CGGTGAGAGCACAGGG,291150,TCCTTTATCCAATTGT
2494,CGGTGAGAGCAGCTCA,291158,TCCTTTATCTTGCTGA
2495,CGGTGAGAGGAGTCTT,291279,TCCTTTATCGATAAGC
2496,CGGTGAGAGTGAGCGG,291429,TCCTTTATCATCACAT
2497,CGGTTATAGAGGCTAA,291512,ATTAGTCTCTGTTGCA
2498,CGGTTATAGCTTGCTC,291630,ATTAGTCTCCTAATCG
2499,CGGTTATAGTTTGCGG,291855,ATTAGTCTCTTGACCA
2500,CGGTTCCGTTTATGGG,292218,AACTAACCACTGTCAT
2501,CGGTTGGGTTAAGGTT,292495,TAGCATGCATTGTCCG
2502,CGGTTTGAGCCGCAGT,293095,CATGATTTCAATTAGG
2503,CGGTTTGAGGTAGCTT,293262,CATGATTTCAATGAGC
2504,CGGTTTGAGTCAATTG,293316,CATGATTTCTTTGGTG
2505,CGGTTTGAGTCAGGCC,293322,CATGATTTCAAGGTCG
2506,CGGTTTGAGTGTTGCG,293354,CATGATTTCGCTAATT
2507,CGGTTTGAGTTGTCAA,293380,CATGATTTCACCTGGT
2508,CGTAACCCAAACTAAG,293398,AGCTTGTGTTACCCAG
2509,CGTAACCCAACTAGAA,293428,AGCTTGTGTTAACTGC
2510,CGTAACCCAAGCGAGC,293438,AGCTTGTGTGAGTCCC
2511,CGTAACCCATAATCGT,293684,AGCTTGTGTTCTTTGT
2512,CGTAACCCATGAGCAG,293725,AGCTTGTGTCATAACC
2513,CGTAACTAGACTCGCA,293798,GGCAACATCTAGGATA
2514,CGTAACTAGATAGACG,293817,GGCAACATCATAATGG
2515,CGTAACTAGATGCCTG,293818,GGCAACATCCAAATAG
2516,CGTAACTAGCAACATC,293825,GGCAACATCCAAGTGG
2517,CGTAACTAGTCACTAA,294088,GGCAACATCGATTATC
2518,CGTAATGGTAACAGGG,294163,AAATGGACAAACCCAA
2519,CGTAATGGTGATGATT,294337,AAATGGACATCAGTTC
2520,CGTAATGGTTACAACG,294419,AAATGGACAGATAATC
2521,CGTAATGGTTCATTTG,294457,AAATGGACAAGGCTTA
2522,CGTACGGGTAACTACG,294552,GCTACAACAGCTCGAG
2523,CGTACGGGTATTACCC,294613,GCTACAACACCTTAGT
2524,CGTACGGGTCATGCAA,294654,GCTACAACAAGCCTGG
2525,CGTACGGGTCATTACC,294656,GCTACAACAGTTGGCG
2526,CGTACGGGTGTTGTGA,294781,GCTACAACATGAAGCC
2527,CGTAGCGGTCGACTAA,295062,CCTGATTCAGTTTCTA
2528,CGTAGCGGTTGGTGAC,295257,CCTGATTCATCAAGCA
2529,CGTAGCGGTTTGGGTA,295300,CCTGATTCACATAGCA
2530,CGTAGTTAGAACCTAC,295309,GAAGGCCTCATTAACC
2531,CGTAGTTAGGCATGAA,295506,GAAGGCCTCAGCTAGG
2532,CGTAGTTAGGGCTTTG,295548,GAAGGCCTCAATAGCA
2533,CGTAGTTAGGTCGAGG,295569,GAAGGCCTCAGCCTGT
2534,CGTAGTTAGTCATTTC,295626,GAAGGCCTCAAGCTCC
2535,CGTATTGCAATGAAGC,295778,ATGGCTTGTATAGCGA
2536,CGTATTGCACTCAACA,295865,ATGGCTTGTTAACCAC
2537,CGTATTGCAGCTTAAT,295915,ATGGCTTGTGGTGAAC
2538,CGTATTGCAGGCGAGT,295935,ATGGCTTGTAACCTAC
2539,CGTCAATAGAAAGGAA,296075,CGGTCCATCACTCGCG
2540,CGTCAATAGATTGAGG,296120,CGGTCCATCAAGCCAG
2541,CGTCAATAGCATGAAG,296145,CGGTCCATCAGTGAAC
2542,CGTCAATAGTCAGGCC,296388,CGGTCCATCAAGGTCG
2543,CGTCAATAGTCGCTAG,296399,CGGTCCATCCATCAGC
2544,CGTCATTGTTTGCAGA,296827,GGCATTACAAGGAATA
2545,CGTCCTAGTACCGAAC,296872,TCCGGAGCACAAAGCC
2546,CGTCCTAGTCACGAAC,296938,TCCGGAGCATGAGGAG
2547,CGTCCTAGTGAATCGC,297002,TCCGGAGCAAATACCG
2548,CGTCCTAGTTCGGGAT,297149,TCCGGAGCATGCATCT
2549,CGTGACATCAGGCCTA,297283,AACGTTAAGGCCCTTG
2550,CGTGACATCATTAGTG,297327,AACGTTAAGAAATGCC
2551,CGTGACATCCAAGTGT,297341,AACGTTAAGTCACACC
2552,CGTGACATCGAGCAAA,297449,AACGTTAAGATTAGCA
2553,CGTGACATCGAGGAGT,297452,AACGTTAAGTTCGCGT
2554,CGTGACATCGAGGTGG,297453,AACGTTAAGTAAGTCA
2555,CGTGACATCGCAACAT,297462,AACGTTAAGATTCGTT
2556,CGTGACATCGCTATAA,297478,AACGTTAAGGATTGAC
2557,CGTGAGGAGCTATGAC,297735,AATTACCTCTAACCCA
2558,CGTGAGGAGGAGTCGG,297792,AATTACCTCAATCGGG
2559,CGTGAGGAGGGTCTAT,297850,AATTACCTCTCAAATC
2560,CGTGAGGAGTACCGCA,297899,AATTACCTCGTTGTCA
2561,CGTGCACAGCCTGTTC,298090,TACGCGTTCGACATTT
2562,CGTGCACAGCGCCTAA,298101,TACGCGTTCTTGGACC
2563,CGTGCACAGCGGATTT,298106,TACGCGTTCCAAACTT
2564,CGTGCACAGCTTGCTC,298144,TACGCGTTCCTAATCG
2565,CGTGCACAGGCCATCA,298195,TACGCGTTCGGTCAAG
2566,CGTGCACAGGCCTGGT,298199,TACGCGTTCCTTGCAA
2567,CGTGCACAGTGATTCA,298330,TACGCGTTCTCACTTC
2568,CGTGCACAGTTATCCT,298348,TACGCGTTCCTGAAGG
2569,CGTGCACAGTTGTCAA,298362,TACGCGTTCACCTGGT
2570,CGTGCTGCAGGACCTT,298609,ATCATGCGTTGCTCTC
2571,CGTGCTTTCCTGGCTT,298964,GCACAGCAGTCACTCA
2572,CGTGCTTTCGCTAGCA,299012,GCACAGCAGCCAGGAC
2573,CGTGCTTTCGTTACTT,299050,GCACAGCAGGGACTTG
2574,CGTGCTTTCTTGGATA,299132,GCACAGCAGCCTAATT
2575,CGTGGTTCACCTATAG,299292,CTCAATAGTAACGAGC
2576,CGTGGTTCAGTTAGCC,299417,CTCAATAGTCCCTCTG
2577,CGTGTGTCACAAACTT,299631,GTTTATGGTCAATACC
2578,CGTGTGTCACTAAGAA,299695,GTTTATGGTGTCACGC
2579,CGTGTGTCAGGCGAGT,299771,GTTTATGGTAACCTAC
2580,CGTGTGTCATAGCAGG,299826,GTTTATGGTAGTCATC
2581,CGTGTGTCATGACTAT,299858,GTTTATGGTTAGCTCG
2582,CGTGTTACAACAACAA,299932,ACACTTAGTTCAATTG
2583,CGTGTTACAATTGCGC,300012,ACACTTAGTACTAACC
2584,CGTTAAATCAGTGAAG,300361,GTTGGTGAGCCAATCC
2585,CGTTAAATCGAAGTGA,300518,GTTGGTGAGGATTGCG
2586,CGTTAAATCTGCAACG,300636,GTTGGTGAGCCTTGCG
2587,CGTTAAATCTTACTCG,300651,GTTGGTGAGAGGGACG
2588,CGTTAACAGACAGGTA,300696,TAATCACTCATCAGCC
2589,CGTTAACAGCTATTAG,300808,TAATCACTCATTTGGT
2590,CGTTAACAGCTTCCCG,300830,TAATCACTCATTCAGT
2591,CGTTAACAGGCGCTAC,300893,TAATCACTCGCTAGCT
2592,CGTTAACAGGCGGATG,300895,TAATCACTCTAACTAC
2593,CGTTAACAGGCGGGTA,300896,TAATCACTCAATACAG
2594,CGTTAGGTCAAGTGTC,301076,CAGGATTAGCAAGTCG
2595,CGTTAGGTCAATGTGC,301085,CAGGATTAGGTTGGTG
2596,CGTTAGTAGCTATATG,301574,CGTATTGTCGTTAAAG
2597,CGTTAGTAGCTGGCTA,301589,CGTATTGTCTGGAAAC
2598,CGTTATCGTGCCGCAA,302018,ATTGCCTCAAGGTCAC
2599,CGTTATCGTGTTGTAG,302068,ATTGCCTCACTATACC
2600,CGTTATTTCCAAATCA,302329,GAGGTCCAGCTTGCCG
2601,CGTTGCAAGACTATTG,302617,CCCTTGCTCCACCTGG
2602,CGTTGCAAGATAGACG,302637,CCCTTGCTCATAATGG
2603,CGTTGCAAGATGGACA,302639,CCCTTGCTCTCAAGAA
2604,CGTTGCAAGCGCCTTT,302708,CCCTTGCTCTATTGAC
2605,CGTTGCAAGCTGTACG,302741,CCCTTGCTCAATATCC
2606,CGTTGCAAGGTTAGCT,302872,CCCTTGCTCTAACCAT
2607,CGTTGCGCAACTAGAA,303016,TATCCGGGTTAACTGC
2608,CGTTGCGCAATGCCTA,303072,TATCCGGGTAACCGTT
2609,CGTTGCGCACAATGCC,303094,TATCCGGGTCCAATTA
2610,CGTTGCGCATGTGGGA,303328,TATCCGGGTGCTTCTC
2611,CGTTTCTCAAGCGAGC,303410,AGGTAATGTGAGTCCC
2612,CGTTTCTCAAGGACCA,303417,AGGTAATGTAACCGCC
2613,CGTTTCTCACTAAGTT,303535,AGGTAATGTTGCTTCC
2614,CGTTTCTCAGCAACAG,303563,AGGTAATGTAATCCAC
2615,CGTTTGGAGGATAAAC,303936,GAAGGAATCTACTACG
2616,CGTTTGGAGTCACCAG,304057,GAAGGAATCACAAATG
2617,CGTTTGGAGTCCTTCA,304070,GAAGGAATCTCAGCTA
2618,CTAAAGCTCCTAAGGT,304696,TATTAGGAGGCTTCAC
2619,CTAAAGCTCGCTATGG,304771,TATTAGGAGGAGTCGC
2620,CTAAAGCTCTGTGCCT,304866,TATTAGGAGAGGCTTG
2621,CTAAATGTCACCGGTA,304933,CCAACCTAGCCTTAAT
2622,CTAAATGTCCCTGGAA,305053,CCAACCTAGTGGCGTA
2623,CTAAATGTCGCCTGTT,305146,CCAACCTAGCCTTCAA
2624,CTAACCACAATTGACT,305382,GAGCTTTGTAAGGTGC
2625,CTAACCACATTGGGAG,305655,GAGCTTTGTGTCCACA
2626,CTAACCCTCAAAGGCA,305669,GCTCCATAGGAGCCGT
2627,CTAACCCTCAGGATGA,305726,GCTCCATAGGGCTTTC
2628,CTAACCCTCCCGTTGT,305811,GCTCCATAGGTAGCTG
2629,CTAACCCTCCTAAATG,305845,GCTCCATAGATAACCA
2630,CTAACCCTCCTTGAGG,305883,GCTCCATAGTATCCGC
2631,CTAACCTGTACAATGT,306079,TTTGGAGCACTCAATC
2632,CTAACCTGTAGCTGGT,306105,TTTGGAGCAGGTTGCG
2633,CTAACCTGTTAACGAT,306297,TTTGGAGCAGTTTCCG
2634,CTAACCTGTTTACGTC,306401,TTTGGAGCAATCGTGA
2635,CTAAGGTTCAGGATGA,306492,AATCTCTAGGGCTTTC
2636,CTAAGGTTCCACCTGT,306557,AATCTCTAGGTAAGTC
2637,CTAAGGTTCCCGCCTA,306575,AATCTCTAGCCTAGTC
2638,CTAAGGTTCGCTTGCT,306693,AATCTCTAGAGCCGGT
2639,CTAAGTCAGCACAGAA,306872,TCACTAGTCTTAAGGA
2640,CTAAGTCAGCTGGACC,306958,TCACTAGTCCGCACCA
2641,CTAAGTCAGGACGTAA,306991,TCACTAGTCCTGTGAC
2642,CTAATAGTCAGCCAAT,307256,GACTAGTAGGTTCCCG
2643,CTAATAGTCATTAGTG,307305,GACTAGTAGAAATGCC
2644,CTAATCCGTCACCAAA,307680,AAGTCATCAATGAGCC
2645,CTAATCCGTTGAAGCC,307896,AAGTCATCACACAAGC
2646,CTAATCCGTTTGACCT,307950,AAGTCATCAGTAGGAG
2647,CTAATCGCATGTTTGG,308318,AAAGCCAGTTTATCCT
2648,CTAATCGCATTCAGCA,308331,AAAGCCAGTAAGGGCT
2649,CTAATCGCATTGCGAC,308336,AAAGCCAGTAGCAGGT
2650,CTAATCGCATTGTCAG,308340,AAAGCCAGTTTAATCG
2651,CTAATGTCACCCACCT,308875,AGGTTCTGTCCAGCAC
2652,CTAATGTCATTCCTCG,309100,AGGTTCTGTTGGTGAA
2653,CTAATTGAGCGGTTAT,309237,TAACTGTTCGCGAAGC
2654,CTAATTGAGTCAATTG,309426,TAACTGTTCTTTGGTG
2655,CTACAACAGACTTACA,309525,CCCTCACTCGCTTGCG
2656,CTACAACAGCCTAACG,309593,CCCTCACTCGTCCTTT
2657,CTACAACAGCTATTGA,309633,CCCTCACTCCAGGTGA
2658,CTACCGGCAAAGCTAA,309899,ATCATCAGTTTCCAGG
2659,CTACCGGCAATATGGA,309967,ATCATCAGTGCAATAG
2660,CTACCTCAGCTGGACC,310412,ATTTAGCTCCGCACCA
2661,CTACCTCAGGAACACA,310428,ATTTAGCTCAGCAATA
2662,CTACCTCAGGCTACTG,310493,ATTTAGCTCCTTGAGC
2663,CTACCTCAGTCACTAA,310582,ATTTAGCTCGATTATC
2664,CTACCTCAGTGAGGTA,310609,ATTTAGCTCAGGATCG
2665,CTACGAAGTAAGCACC,310665,ATTTCGCCATCCCTCT
2666,CTACGAAGTGCTTTAC,310856,ATTTCGCCAGGAATAA
2667,CTACGAAGTGGTTAGC,310871,ATTTCGCCAACCGTTT
2668,CTACTAAAGCTCGCTT,311174,TATTGACTCACACCGT
2669,CTACTAAAGGTTTGCG,311315,TATTGACTCAGCCTTA
2670,CTACTAAAGTAAACCC,311316,TATTGACTCATAAGCA
2671,CTACTTAGTACCAGGT,311450,CATTAGGCATAATCGG
2672,CTACTTAGTCACCAAA,311516,CATTAGGCAATGAGCC
2673,CTACTTAGTTGCGGAT,311744,CATTAGGCATCCCAAT
2674,CTAGATTCATTAAACC,312155,GCATGTTGTTATGTCA
2675,CTAGATTCATTTAAGC,312183,GCATGTTGTTCACTTT
2676,CTAGCGGGTAAGGTTT,312201,GCTAATGCAAGGTGGA
2677,CTAGCGGGTAGGTTGC,312246,GCTAATGCAATAAACC
2678,CTAGCTGAGCGGTTAT,312687,GCAGCAATCGCGAAGC
2679,CTAGCTGAGGATAAAC,312756,GCAGCAATCTACTACG
2680,CTAGCTGAGTGAACGA,312900,GCAGCAATCTGGATCC
2681,CTAGCTTGTAGGATTT,313009,GGTCACGCATATTGCC
2682,CTAGCTTGTATGGTGC,313021,GGTCACGCAGTATTGG
2683,CTAGCTTGTATTTGGG,313033,GGTCACGCATGCGCCT
2684,CTAGCTTGTTCCGGGA,313254,GGTCACGCAATCCTAC
2685,CTAGCTTGTTTGAGCA,313319,GGTCACGCATAGACGC
2686,CTAGGACGTGTTTGAG,313575,TTACGGACATAGACTG
2687,CTAGGCGGTCCTAATC,313845,ATGCAATCACGGTAAC
2688,CTAGGCGGTTCCGGCT,314017,ATGCAATCATGCCTGC
2689,CTAGGCGGTTGCACAA,314034,ATGCAATCAGGTGGAA
2690,CTAGGCGGTTGGATAT,314044,ATGCAATCAATGTCAG
2691,CTAGGCGGTTTATCGC,314072,ATGCAATCAAGGCCAT
2692,CTAGTAATCATTACGA,314199,TCCGTTAAGGCACTAG
2693,CTAGTAATCTCACACC,314426,TCCGTTAAGCGGTTCT
2694,CTAGTAGGTAGCAGCT,314530,TCCGAAACAGGAAGCA
2695,CTAGTAGGTTAGTGAT,314765,TCCGAAACACTAGCGG
2696,CTAGTAGGTTTGTTGC,314862,TCCGAAACAGCTCGCT
2697,CTAGTCGAGCACCACA,314923,CATGAGGTCTAACTGT
2698,CTAGTCGAGCCGCTTT,314953,CATGAGGTCCTGGATC
2699,CTAGTCGAGCGATACT,314971,CATGAGGTCAGCTATT
2700,CTAGTCGAGGGTGGAT,315111,CATGAGGTCATTGCGC
2701,CTAGTCGAGTAACGGA,315150,CATGAGGTCACAAGCG
2702,CTAGTGAGTATACTGG,315315,AAACGAACACAGCAAC
2703,CTAGTGAGTTTACCGT,315598,AAACGAACAGCAAGTC
2704,CTATAACCAGCAAATA,316212,TCCCGAAGTTGCGTGC
2705,CTATAACCAGCAGGTA,316222,TCCCGAAGTACCGTTG
2706,CTATGAGGTAGGTTGC,316842,CCTTAGTCAATAAACC
2707,CTATGAGGTTAGACCA,317050,CCTTAGTCAGGAGGTA
2708,CTATGAGGTTCCGCAC,317082,CCTTAGTCATGAGGGA
2709,CTATGATCAGCTCATA,317388,GCCTAGCGTTCAAGCT
2710,CTATGATCATGGTTAT,317508,GCCTAGCGTCATTATG
2711,CTATGGCCAAATTCGT,317568,CAACCTGGTACTTATG
2712,CTATGGCCAACTAACT,317583,CAACCTGGTTCCCGTT
2713,CTATGTTTCACAAGCT,317958,AACCTTTAGCTAACGG
2714,CTATGTTTCATCCTCA,318012,AACCTTTAGAACAAGG
2715,CTATGTTTCGCACACA,318175,AACCTTTAGTAGAGGA
2716,CTATGTTTCGCTAGAT,318185,AACCTTTAGAATGACC
2717,CTATGTTTCGCTCACT,318190,AACCTTTAGAAACCTA
2718,CTATGTTTCGTTATAG,318227,AACCTTTAGGATAACC
2719,CTATTACTCTGTTGCC,318670,ACGGTCAAGAGGAACA
2720,CTATTCAGTAGACAAA,318747,TTCCGGCCAATCGCCC
2721,CTATTCAGTGAGGTAG,318871,TTCCGGCCAGGACCTG
2722,CTATTCAGTGGGTACT,318914,TTCCGGCCAATATCCC
2723,CTATTCAGTTACGCGG,318964,TTCCGGCCAACGGTTA
2724,CTATTCAGTTAGGCGT,318978,TTCCGGCCATACTGAG
2725,CTATTCAGTTGAGCCG,319015,TTCCGGCCAGCAAATT
2726,CTATTCAGTTGTTCAC,319043,TTCCGGCCAAATAAGG
2727,CTATTGAAGCCAGTAT,319166,CCTAAGCTCCCGGAAA
2728,CTATTGAAGCTTCCCG,319234,CCTAAGCTCATTCAGT
2729,CTATTGAAGGCTACTG,319305,CCTAAGCTCCTTGAGC
2730,CTATTGAAGGTCCTGA,319344,CCTAAGCTCTATATGC
2731,CTCAATAAGGTCCAAT,319724,GTAGTAATCCACAATT
2732,CTCAATAAGGTTAGCT,319742,GTAGTAATCTAACCAT
2733,CTCACAACACATTAAC,319982,ACGGATAGTTCACGCA
2734,CTCACAACAGGCTTCG,320101,ACGGATAGTAACCGGG
2735,CTCACACTCACAGGAA,320265,TTTGGCCAGCATTATC
2736,CTCACTCAGACAGGTA,320636,CATTTGGTCATCAGCC
2737,CTCACTCAGGGACCTC,320850,CATTTGGTCCGTTATG
2738,CTCATCATCAATAGCC,321402,CGTGCTTAGCGCTTGT
2739,CTCATCATCAGGAACA,321444,CGTGCTTAGAGAGGCG
2740,CTCATCATCATGCTAA,321476,CGTGCTTAGCTCGACT
2741,CTCATCATCCACCCTG,321510,CGTGCTTAGCTCATGC
2742,CTCATCATCCCGCCTA,321529,CGTGCTTAGCCTAGTC
2743,CTCATGACACATGCTA,321901,GTTTAGCGTTTGACTA
2744,CTCATGACAGCATGTC,321981,GTTTAGCGTTACTTAG
2745,CTCATGACAGGTTACC,322028,GTTTAGCGTATGTTTG
2746,CTCATGACAGTCTAAT,322040,GTTTAGCGTTAGTACC
2747,CTCATGACATTATGGT,322134,GTTTAGCGTACTTACA
2748,CTCATGCTCATGGCTG,322248,AGGCATTAGGACGAAA
2749,CTCATGCTCCAGGTTG,322285,AGGCATTAGTCATGCC
2750,CTCATGCTCCCGAAGC,322294,AGGCATTAGGTGGATT
2751,CTCATGCTCCCTGACT,322307,AGGCATTAGGTGGGAG
2752,CTCATGCTCGATAACC,322386,AGGCATTAGGCCTTGT
2753,CTCATTGTCAGCTAAC,322977,ATGAACCAGTATAGCA
2754,CTCATTGTCGGGCCAT,323189,ATGAACCAGCATATTC
2755,CTCATTGTCTATTGTC,323243,ATGAACCAGCAACCCT
2756,CTCATTTAGACTTATG,323328,CATTGTGTCGCTTGAC
2757,CTCATTTAGCTGTACG,323449,CATTGTGTCAATATCC
2758,CTCATTTAGTCACTCC,323617,CATTGTGTCGCGATAG
2759,CTCCAAACAAAGCCTC,323698,ATACCCGGTGGGTGAT
2760,CTCCAAACAAGTCGCT,323753,ATACCCGGTTATGGCT
2761,CTCCAAACACCTGTAA,323845,ATACCCGGTTTATGGC
2762,CTCCAAACACTTCACT,323872,ATACCCGGTGCGTACC
2763,CTCCAACTCAAACTCA,324074,ACTTACTAGTAACGTA
2764,CTCCAACTCATTTGTC,324187,ACTTACTAGAATCGAC
2765,CTCCAACTCCCTTGCG,324230,ACTTACTAGCTTGTTG
2766,CTCCAACTCCGTGACA,324248,ACTTACTAGATTGCCC
2767,CTCCAACTCCTTCGTA,324287,ACTTACTAGAACCTAA
2768,CTCCAACTCGATCAGT,324306,ACTTACTAGAACCTTT
2769,CTCCAACTCTTAGCGG,324431,ACTTACTAGGGTCTAG
2770,CTCCCTGAGCACTAAC,324902,CCCAAACTCGCGAGGT
2771,CTCCCTGAGTCAGGCC,325154,CCCAAACTCAAGGTCG
2772,CTCCCTGAGTTAGGCT,325195,CCCAAACTCAAACTGA
2773,CTCCGGACATCCCTCA,325543,TTATGTGGTTAAGTCC
2774,CTCCGTCCAAAGCGGC,325620,GCACAGGGTGGATTAG
2775,CTCCGTCCACGTTACA,325775,GCACAGGGTTACAGCT
2776,CTCCGTCCATCCAGGT,325924,GCACAGGGTGCCTTTC
2777,CTCCTAATCAGGGCCT,326055,GCCAACAAGCCGATAG
2778,CTCCTAATCATGCTAA,326082,GCCAACAAGCTCGACT
2779,CTCCTCACACTTCATC,326561,GTGAACAGTATTTGGC
2780,CTCCTCACATGACTAT,326708,GTGAACAGTTAGCTCG
2781,CTCCTCACATTAAGTC,326732,GTGAACAGTGAGACTA
2782,CTCCTGAGTCATGCCC,326873,CTCTCCTCATTCCTGG
2783,CTCCTGAGTGGAGCAA,326967,CTCTCCTCAGCCTAAA
2784,CTCGACAAGACAGGCG,327159,TCGGCCATCACTATGT
2785,CTCGACAAGGCGGATG,327359,TCGGCCATCTAACTAC
2786,CTCGACAAGGTCAAAG,327398,TCGGCCATCCTTTAGG
2787,CTCGACAAGTTGCGTG,327510,TCGGCCATCATAGCGG
2788,CTCGACAAGTTGGGCC,327513,TCGGCCATCTTTGTGG
2789,CTCGACAAGTTTCCTG,327519,TCGGCCATCACGGATG
2790,CTCGCTAGTCCTTCAG,327660,CCTCATGCATAAGTCG
2791,CTCGCTCCAATGAAGC,327996,GAGTGCGGTATAGCGA
2792,CTCGCTCCAATTTGGT,328012,GAGTGCGGTTTGAGTC
2793,CTCGCTCCACCTCGCT,328061,GAGTGCGGTTGGGTTT
2794,CTCGCTCCAGAAATGC,328096,GAGTGCGGTTATGGGA
2795,CTCGCTCCAGCCTAAC,328124,GAGTGCGGTAAACCAG
2796,CTCGCTCCAGTAATAG,328172,GAGTGCGGTGATTCTA
2797,CTCGCTCCAGTTTCTC,328188,GAGTGCGGTCACGATT
2798,CTCGTTATCAAGCGCC,328301,GCGATGCAGCCTGTCG
2799,CTCGTTATCACACAGT,328319,GCGATGCAGTCCCGCA
2800,CTCGTTATCCTGTTCA,328501,GCGATGCAGGTATAGC
2801,CTCGTTATCGGTCAAT,328564,GCGATGCAGTTTACGT
2802,CTCGTTATCGGTCAGC,328565,GCGATGCAGGCAATAC
2803,CTCGTTATCTAGCGAT,328609,GCGATGCAGGCAGGTC
2804,CTCGTTATCTTGTCTG,328668,GCGATGCAGGGATTTA
2805,CTCTAAGCAATCCTAG,328760,TGTTGCGGTGTGCGGA
2806,CTCTAAGCATCACTTC,328987,TGTTGCGGTAAAGCAT
2807,CTCTAAGCATTCAGCA,329041,TGTTGCGGTAAGGGCT
2808,CTCTAGCTCAAATCGC,329064,TTAGTAGAGCGAGTTG
2809,CTCTAGCTCTAGCTTT,329380,TTAGTAGAGGGAGTAA
2810,CTCTAGCTCTATGACA,329382,TTAGTAGAGTTACGAA
2811,CTCTAGCTCTCCTCTT,329396,TTAGTAGAGCTGCATC
2812,CTCTAGCTCTGCAAAC,329401,TTAGTAGAGTTACAAG
2813,CTCTATGTCAATCTCT,329463,TCCTTGAAGGCCTAAG
2814,CTCTATGTCATGTCAA,329541,TCCTTGAAGTGCTCAC
2815,CTCTATGTCATTAGCA,329547,TCCTTGAAGCTATATC
2816,CTCTATGTCCGTTAAA,329621,TCCTTGAAGTAACCGG
2817,CTCTATGTCCTCAGTC,329638,TCCTTGAAGAAGCAAG
2818,CTCTATGTCGCTAGTG,329699,TCCTTGAAGGTCGAGC
2819,CTCTATGTCGGTTTCC,329722,TCCTTGAAGTTTCTCC
2820,CTCTATGTCGTTTCCA,329742,TCCTTGAAGCCGCTAT
2821,CTCTCACAGACAAACG,329838,ACAAGGTTCCCGCAAT
2822,CTCTCACAGTACTGGT,330122,ACAAGGTTCACAGATA
2823,CTCTCACAGTAGAGGC,330123,ACAAGGTTCATGCAAA
2824,CTCTCACAGTTGCGTG,330196,ACAAGGTTCATAGCGG
2825,CTCTGTTCACCGGTAT,330356,CCATGATGTCTTGAAC
2826,CTCTTGATCACAGCGC,330626,GTAATCAAGGGCTACA
2827,CTCTTGATCCGCCTCA,330762,GTAATCAAGTCACCAC
2828,CTCTTGATCCGTTAAA,330773,GTAATCAAGTAACCGG
2829,CTCTTGATCCTTGCGT,330815,GTAATCAAGATTCATC
2830,CTCTTGATCGATTATG,330831,GTAATCAAGGAACAAG
2831,CTCTTGATCTTGAGGT,330963,GTAATCAAGGCTTAAA
2832,CTGAAACTCATGAAGG,331063,CCTTATGAGTAAGCGT
2833,CTGAAACTCCTAAGTA,331163,CCTTATGAGTTTCTGG
2834,CTGAAACTCTAAATCG,331281,CCTTATGAGCTATTGT
2835,CTGAAACTCTGCAACG,331322,CCTTATGAGCCTTGCG
2836,CTGAATATCATGCTTT,331456,AGATTCAAGTGAGGCC
2837,CTGACATAGACACTTA,331764,TACAAAGTCCTAAGCC
2838,CTGACATAGGCTTAAC,331978,TACAAAGTCAATAACG
2839,CTGACATAGGGTCCAC,331991,TACAAAGTCATAGCTT
2840,CTGACATAGTCATCCC,332064,TACAAAGTCCTTAACG
2841,CTGACCAAGCGCCTAA,332243,GTCTTGATCTTGGACC
2842,CTGACCAAGGGACTAA,332366,GTCTTGATCCGCCTAG
2843,CTGACCAAGTTGTCCC,332505,GTCTTGATCGTACAAA
2844,CTGATCACAAGTAAGC,332580,ACTAGTCGTTAGCGTT
2845,CTGATCACAATCCCTT,332599,ACTAGTCGTAACGTGA
2846,CTGATCACAGGTCCTG,332772,ACTAGTCGTCACGCAC
2847,CTGCAATAGTAGCGCC,333197,TCCTTCGTCTGTCAGC
2848,CTGCAATAGTCACCAG,333209,TCCTTCGTCACAAATG
2849,CTGCTACTCGGTTACG,333559,TTCGGTCAGGACTTAA
2850,CTGCTACTCTAGCGTG,333602,TTCGGTCAGCGCAACA
2851,CTGCTATGTAATGGCC,333694,CCTTCCTCACTCCCTT
2852,CTGCTATGTCAACAAT,333753,CCTTCCTCACTAAGCA
2853,CTGCTATGTGCTGTAA,333867,CCTTCCTCATAACCAG
2854,CTGCTATGTGGTTAGC,333885,CCTTCCTCAACCGTTT
2855,CTGCTATGTTAATGAC,333924,CCTTCCTCATGCTGGG
2856,CTGCTATGTTTGGCTT,334042,CCTTCCTCAATCTCTA
2857,CTGCTCCCAAACCTTG,334053,GGTTGAAGTCCTCCAT
2858,CTGCTCCCAATATGGA,334131,GGTTGAAGTGCAATAG
2859,CTGCTCCCAGCAAGAT,334251,GGTTGAAGTTTACTGA
2860,CTGCTCCCAGGCTACT,334298,GGTTGAAGTTTGTAGC
2861,CTGCTCCCAGGCTGTT,334300,GGTTGAAGTTCATTCT
2862,CTGGACCAGACTATTG,334455,AAGCCTCTCCACCTGG
2863,CTGGACCAGCATCCAG,334504,AAGCCTCTCATCAGTT
2864,CTGGACCAGCGATAAG,334540,AAGCCTCTCGCTTCTT
2865,CTGGACCAGCTCATAA,334568,AAGCCTCTCCCTGTGG
2866,CTGGACCAGGGTCTAT,334678,AAGCCTCTCTCAAATC
2867,CTGGATGTCACAAGCT,334844,GTTAGGTAGCTAACGG
2868,CTGGATGTCAGGAAGC,334877,GTTAGGTAGCGTGCTT
2869,CTGGATGTCATGCGTG,334907,GTTAGGTAGCTAATCT
2870,CTGGATGTCCTAATGA,335003,GTTAGGTAGATATTGG
2871,CTGGATGTCGAGGAAC,335047,GTTAGGTAGCGATGCA
2872,CTGGATGTCGATTCTT,335054,GTTAGGTAGTGAGCCA
2873,CTGGATGTCGCGACAC,335067,GTTAGGTAGCAGGTTG
2874,CTGGATGTCGTGCTTC,335106,GTTAGGTAGTCATAAG
2875,CTGGATGTCTAATTGG,335130,GTTAGGTAGCTATCGC
2876,CTGGATGTCTCACACC,335146,GTTAGGTAGCGGTTCT
2877,CTGGATGTCTGCAAAC,335159,GTTAGGTAGTTACAAG
2878,CTGGCTAAGACTAAGG,335222,GTAACGGTCACAATAG
2879,CTGGCTAAGAGGATAT,335237,GTAACGGTCGAAGTAC
2880,CTGGCTAAGCAAGATG,335253,GTAACGGTCACACAAA
2881,CTGGCTAAGCGATAGA,335310,GTAACGGTCAAGGGTT
2882,CTGGCTAAGGGACGCA,335435,GTAACGGTCCACCCTC
2883,CTGGCTAAGTCACTAA,335514,GTAACGGTCGATTATC
2884,CTGGTAAGTCGACTCC,336109,ACACAATCAGTGTGAC
2885,CTGGTAAGTGCTCCGT,336167,ACACAATCAACAAGTT
2886,CTGGTAAGTGTAACCA,336191,ACACAATCATAGCATG
2887,CTGGTAAGTTTAGCTC,336324,ACACAATCAGCAAGCT
2888,CTGGTCAAGCCAGTAT,336436,AAGGCTGTCCCGGAAA
2889,CTGGTCAAGCCTCTCG,336445,AAGGCTGTCCTGCCAG
2890,CTGGTCAAGCGCCTTT,336464,AAGGCTGTCTATTGAC
2891,CTGGTCAAGCTATATG,336480,AAGGCTGTCGTTAAAG
2892,CTGGTCAAGCTCAAAC,336484,AAGGCTGTCGGTAATA
2893,CTGGTCAAGTCCTGAG,336673,AAGGCTGTCAAACATG
2894,CTGGTCAAGTTACCGG,336701,AAGGCTGTCCCTGATA
2895,CTGGTCAAGTTTGGGT,336732,AAGGCTGTCATAACGA
2896,CTGGTTACACAGCCTG,336860,TAGTACCGTATTGAGG
2897,CTGGTTACACCTGCCT,336890,TAGTACCGTATATTCG
2898,CTGGTTACAGGAACTG,336966,TAGTACCGTCCGTTAG
2899,CTGGTTACAGGACCAA,336970,TAGTACCGTATTCGGT
2900,CTGGTTTGTTCCAGGG,337418,GACTGACCAAGCGCAT
2901,CTGGTTTGTTTACCGT,337470,GACTGACCAGCAAGTC
2902,CTGTAACAGCTCAATA,337635,AATCGTTTCATGGTCC
2903,CTGTAACAGGACCTGC,337675,AATCGTTTCGGTTAGG
2904,CTGTAACAGTTACCGG,337851,AATCGTTTCCCTGATA
2905,CTGTACCTCCCTTGCG,338044,ACCCTTAAGCTTGTTG
2906,CTGTACCTCGATTTAG,338123,ACCCTTAAGACAACGT
2907,CTGTACCTCGGTTCCT,338163,ACCCTTAAGGCTCAAG
2908,CTGTACCTCTTGCAAA,338255,ACCCTTAAGTACTGGG
2909,CTGTATTTCAAGCGCC,338279,CCTAGAGAGCCTGTCG
2910,CTGTATTTCACAAGCT,338296,CCTAGAGAGCTAACGG
2911,CTGTATTTCCGCTAGA,338437,CCTAGAGAGCTCATTG
2912,CTGTATTTCTAGCGTG,338588,CCTAGAGAGCGCAACA
2913,CTGTGTGAGGCGAATA,338866,CCCACCTTCCTGCAAC
2914,CTGTGTGAGTGAACCT,338985,CCCACCTTCAGGGCTA
2915,CTGTGTGAGTTTGAGC,339032,CCCACCTTCAAATCCT
2916,CTGTTAAAGCGAGGTG,339142,ACAAAGCTCCAATATC
2917,CTGTTAAAGGCGGGTA,339256,ACAAAGCTCAATACAG
2918,CTGTTCATCAATGTGC,339445,TTGAACAAGGTTGGTG
2919,CTGTTCATCACTTTAC,339471,TTGAACAAGGAACCTG
2920,CTGTTCATCATGCTCC,339513,TTGAACAAGCTCCCTC
2921,CTGTTCATCCATAAGC,339554,TTGAACAAGGAGCTTG
2922,CTGTTCATCCATTACT,339557,TTGAACAAGCTTGGTC
2923,CTGTTGGAGCTATGAC,339935,GTAATAGTCTAACCCA
2924,CTGTTGGAGTCATTAG,340124,GTAATAGTCATTAAGG
2925,CTGTTTAGTATACTGG,340257,CACTCGCCACAGCAAC
2926,CTGTTTAGTCACCAAA,340286,CACTCGCCAATGAGCC
2927,CTGTTTAGTCCGCTGT,340313,CACTCGCCAGCTCATT
2928,CTTAACAAGCGATAAG,340678,CAGTTTGTCGCTTCTT
2929,CTTAACAAGGTCCACA,340831,CAGTTTGTCGTTAGCC
2930,CTTAACAAGTAACGAG,340857,CAGTTTGTCTATCGGC
2931,CTTAAGATCACCGGTA,340991,CAAGGTTAGCCTTAAT
2932,CTTAAGATCGGTTTCC,341234,CAAGGTTAGTTTCTCC
2933,CTTAAGATCTTGACCC,341321,CAAGGTTAGGAGCAGG
2934,CTTAAGGGTAGCTGCG,341394,ACTTCGTCAGGTTTGA
2935,CTTAAGGGTATTACCC,341411,ACTTCGTCACCTTAGT
2936,CTTAAGGGTCCGTAGG,341465,ACTTCGTCATCAGGTA
2937,CTTAAGGGTGAATCGC,341502,ACTTCGTCAAATACCG
2938,CTTAAGGGTGATTACG,341519,ACTTCGTCAACCGCCT
2939,CTTAAGGGTTCAAGCA,341632,ACTTCGTCAAGCCTCC
2940,CTTAAGGGTTTATTCG,341699,ACTTCGTCATATGGTG
2941,CTTAATGAGCATGTTA,341798,AGCAAACTCAAACTTC
2942,CTTACCGGTAAATTGC,342108,ACTGAATCACCTTCCT
2943,CTTACCGGTAACGGGA,342114,ACTGAATCACTGGCAG
2944,CTTACCGGTACTGAAT,342149,ACTGAATCAAACCAGC
2945,CTTACCGGTGACCTGG,342271,ACTGAATCATAGCTTC
2946,CTTACCGGTGGGTACT,342320,ACTGAATCAATATCCC
2947,CTTACCGGTTACTTGC,342373,ACTGAATCATCAGTAG
2948,CTTACCGGTTTAGCGA,342459,ACTGAATCACAGCACG
2949,CTTACCTCAATTAAGG,342583,TATACTGGTTGCAATC
2950,CTTACCTCAATTATGC,342586,TATACTGGTTGTCATA
2951,CTTACTAGTGCACGCA,343056,TTCTAGCCATAAGCAT
2952,CTTACTAGTTTGAGGC,343240,TTCTAGCCACCAAAGC
2953,CTTAGGAGTACCAGGT,343284,CGCGTGACATAATCGG
2954,CTTAGGAGTGAGGTAG,343425,CGCGTGACAGGACCTG
2955,CTTAGGAGTGGACCTG,343460,CGCGTGACACAATAAC
2956,CTTAGGAGTTAACGAT,343501,CGCGTGACAGTTTCCG
2957,CTTAGTTTCGATTATG,343871,AATGGTCAGGAACAAG
2958,CTTAGTTTCGTTAGCG,343929,AATGGTCAGATGAAGG
2959,CTTAGTTTCTTGTTCG,344013,AATGGTCAGCTGCTAC
2960,CTTATGTTCACGCATG,344059,CAACATAAGTTACCCA
2961,CTTATGTTCAGCAAAG,344071,CAACATAAGTAATGCA
2962,CTTATGTTCATGACCG,344104,CAACATAAGTCAAGAC
2963,CTTATTGGTCACACCC,344497,CATCACTCAAGCCATA
2964,CTTATTGGTCTAACCT,344553,CATCACTCAAACTAGT
2965,CTTATTGGTGCTGGTG,344602,CATCACTCAAGTGCAC
2966,CTTCAAGCACCAGGTT,344924,CCATTAAGTTTGCTGG
2967,CTTCAAGCAGGAATCG,345018,CCATTAAGTATCCGTG
2968,CTTCAATTCTAGCGAT,345487,AGGGCCTAGGCAGGTC
2969,CTTCAATTCTGTGCCT,345522,AGGGCCTAGAGGCTTG
2970,CTTCAATTCTTGTCCA,345545,AGGGCCTAGTGCGGTA
2971,CTTCACTCAAGGTCCT,345614,TTTCCTGGTTTGGCTG
2972,CTTCACTCAGTAAAGC,345816,TTTCCTGGTTTACTAG
2973,CTTCAGGAGGCGCTTA,346154,TGGTCTATCCAATTAC
2974,CTTCAGGAGTCTCACC,346265,TGGTCTATCGCGCAAA
2975,CTTCAGGAGTGAACAG,346268,TGGTCTATCCGCAATC
2976,CTTCATCCAACCCTAA,346351,GTTGCATGTTCCGGGT
2977,CTTCATCCAATGCCCG,346413,GTTGCATGTTGAGTCT
2978,CTTCATCCACAATGCC,346436,GTTGCATGTCCAATTA
2979,CTTCATCCAGGCCATT,346565,GTTGCATGTGCATTTA
2980,CTTCGCGTCAAACACC,346705,ACAACTAAGTCCTCAA
2981,CTTCGCGTCCTGGTGA,346914,ACAACTAAGACACGCA
2982,CTTCGCGTCTATGACA,347028,ACAACTAAGTTACGAA
2983,CTTCGCGTCTGGCATG,347051,ACAACTAAGTATAGTG
2984,CTTCTAAGTGACCTGG,347255,CCGCTTACATAGCTTC
2985,CTTCTCAAGAAGGTGC,347478,TCGATATTCACCAACC
2986,CTTCTCAAGCCGCTAA,347560,TCGATATTCAGTTTAC
2987,CTTCTCAAGCTTATGA,347623,TCGATATTCACTAATC
2988,CTTCTCAAGGTCCTGA,347734,TCGATATTCTATATGC
2989,CTTCTCAAGTAAGTGG,347763,TCGATATTCCTAACTG
2990,CTTCTCAAGTCTCACC,347799,TCGATATTCGCGCAAA
2991,CTTGAACAGCGGATTT,347972,TCCATAGTCCAAACTT
2992,CTTGAACAGGGTCTAT,348100,TCCATAGTCTCAAATC
2993,CTTGAACAGGGTTATC,348105,TCCATAGTCGTCCTAA
2994,CTTGAACAGGTAAGGC,348108,TCCATAGTCCCTCGCT
2995,CTTGAACAGTAAGGGC,348145,TCCATAGTCGGTTACC
2996,CTTGAACAGTTATCCT,348214,TCCATAGTCCTGAAGG
2997,CTTGAACAGTTTGTCT,348238,TCCATAGTCCTCATGA
2998,CTTGAATCAAACATAG,348240,AAGGCCGGTTGTTCTT
2999,CTTGAATCACAACCTA,348351,AAGGCCGGTAACCTCG
3000,CTTGAATCACTTACAG,348422,AAGGCCGGTGACCTTG
3001,CTTGAATCATAATGTC,348534,AAGGCCGGTGCAAGTA
3002,CTTGAATCATATTGAC,348548,AAGGCCGGTGCCGGAA
3003,CTTGACGAGATGGACA,348667,CTTGCTTTCTCAAGAA
3004,CTTGACGAGCTTTGTT,348780,CTTGCTTTCAAATCAG
3005,CTTGACGAGGCGGATG,348841,CTTGCTTTCTAACTAC
3006,CTTGACGAGTAAACCC,348904,CTTGCTTTCATAAGCA
3007,CTTGCAACAAAGCTAA,349021,CAAATCCGTTTCCAGG
3008,CTTGCAACAAGCTACC,349057,CAAATCCGTGGCTTCA
3009,CTTGCAACACTCAACA,349183,CAAATCCGTTAACCAC
3010,CTTGCAACATAAGCAA,349294,CAAATCCGTAAGGCCG
3011,CTTGCAACATTCCTCG,349374,CAAATCCGTTGGTGAA
3012,CTTGCATGTCATTAGG,349507,TGAGATTCAGGTTTCT
3013,CTTGCATGTCCAAGAC,349511,TGAGATTCACTAGTAG
3014,CTTGCTCAGCAGCTCA,350222,GGGCAACTCTTGCTGA
3015,CTTGCTCAGTACCGCA,350449,GGGCAACTCGTTGTCA
3016,CTTGCTCAGTAGGATG,350456,GGGCAACTCTAGTTAC
3017,CTTGCTCAGTTCCCGT,350520,GGGCAACTCCTAATGT
3018,CTTGGACCAAGGTCCT,350600,ACGGTTTGTTTGGCTG
3019,CTTGTAAAGCACAGCC,350981,GCTATATTCCTCAGTA
3020,CTTGTAAAGCATTATG,351002,GCTATATTCTCCTCAT
3021,CTTGTAAAGGAACCAA,351083,GCTATATTCAAGGTTA
3022,CTTGTCCAGCACAGAA,351364,GGCAAGCTCTTAAGGA
3023,CTTGTCCAGTAGAGGC,351603,GGCAAGCTCATGCAAA
3024,CTTGTTCCAACCCTCC,351722,TGAGCTTGTTCCATTT
3025,CTTGTTCCACGGTTTA,351855,TGAGCTTGTTCGCTTC
3026,CTTGTTCCAGGCATGA,351933,TGAGCTTGTGGTGCAG
3027,CTTGTTCCAGTCTAGC,351963,TGAGCTTGTATAGTGG
3028,CTTGTTCCATTTGCTC,352074,TGAGCTTGTGCGGTAG
3029,CTTTAGGCACGTAAGG,352624,AGGTCAAGTCCGGTTA
3030,CTTTAGGCAGGAACTG,352690,AGGTCAAGTCCGTTAG
3031,CTTTAGTTCGATTATG,353079,GGATGAAAGGAACAAG
3032,CTTTAGTTCGCGACAC,353093,GGATGAAAGCAGGTTG
3033,CTTTAGTTCGTTAACA,353133,GGATGAAAGAAACCGT
3034,CTTTAGTTCTAGCTAA,353163,GGATGAAAGGAGGGTG
3035,CTTTATGGTCTTACTA,353766,ATGAATCCAAGCTATG
3036,CTTTATGGTTAGGTGC,353892,ATGAATCCAGGTGACT
3037,CTTTATGGTTGGTTCT,353947,ATGAATCCACAAGGCT
3038,CTTTCTTGTGGACATC,354199,GCAAGCTCAATGAAGA
3039,CTTTCTTGTTAGAGCC,354263,GCAAGCTCACCTCACA
3040,CTTTCTTGTTTGTTGC,354374,GCAAGCTCAGCTCGCT
3041,CTTTGGGAGGCATGAA,354960,GACATAATCAGCTAGG
3042,CTTTGGGAGTAACAGG,355042,GACATAATCGCTTCAA
3043,CTTTGGTGTCAAGTGC,355232,AGTAATCCATCCGCTA
3044,CTTTGGTGTCCAAGAC,355263,AGTAATCCACTAGTAG
3045,CTTTGGTGTTAGTGAT,355427,AGTAATCCACTAGCGG
3046,CTTTGGTGTTCGCTCA,355451,AGTAATCCAGGTGAGA
3047,CTTTGGTGTTTACCGT,355494,AGTAATCCAGCAAGTC
3048,CTTTGTCCACCTGCCT,355680,CGTTTGGGTATATTCG
3049,CTTTGTCCACTTCACT,355710,CGTTTGGGTGCGTACC
3050,CTTTGTCCATCAGCAC,355838,CGTTTGGGTTGTGCGC
3051,CTTTGTCCATTGCGAC,355896,CGTTTGGGTAGCAGGT
3052,GAAACTGAGCAGGCCT,356359,ACAGCCTTCCGGTTTA
3053,GAAACTGAGGAACCGG,356452,ACAGCCTTCCTAACCA
3054,GAAACTGAGGCACAGG,356490,ACAGCCTTCGCTCAAC
3055,GAAACTGAGTTAGGCT,356647,ACAGCCTTCAAACTGA
3056,GAAAGCCAGAAGCTAG,356681,GAAGTTATCTCAATAC
3057,GAAAGCCAGCACGATT,356736,GAAGTTATCTAACTCG
3058,GAAAGCCAGCCTGGTA,356774,GAAGTTATCGAAGTTA
3059,GAAAGCCAGGCCTGGT,356885,GAAGTTATCCTTGCAA
3060,GAAAGCCAGGCGCTAC,356891,GAAGTTATCGCTAGCT
3061,GAAAGCCAGGGATGAC,356911,GAAGTTATCACAGCAG
3062,GAAAGCCAGGTCTTGG,356941,GAAGTTATCTGTTGGC
3063,GAAAGCCAGGTGTCCA,356947,GAAGTTATCCTCACGG
3064,GAAAGGCTCACAGCGC,357090,GATCAGTAGGGCTACA
3065,GAAAGGCTCATGAGCT,357145,GATCAGTAGAGGAATG
3066,GAAAGGCTCTTAGCCC,357418,GATCAGTAGTCTTAGT
3067,GAACACAAGGAGCACG,357623,ATCCTAGTCTAGTTCG
3068,GAACACAAGGCCTGGT,357653,ATCCTAGTCCTTGCAA
3069,GAACCAAAGCTTATGA,357979,GTTGAGGTCACTAATC
3070,GAACCAAAGGCGCACT,358041,GTTGAGGTCAATGTGA
3071,GAACCAAAGTAAACCC,358108,GTTGAGGTCATAAGCA
3072,GAACCAAAGTCCTGAG,358149,GTTGAGGTCAAACATG
3073,GAACCAAAGTTAGGCT,358183,GTTGAGGTCAAACTGA
3074,GAACCAAAGTTCCCGT,358192,GTTGAGGTCCTAATGT
3075,GAACCAAAGTTCCTGC,358194,GTTGAGGTCCGTCAAC
3076,GAACCAGCAAACTGTT,358221,TGATTGCGTTTGTTGA
3077,GAACCAGCAAGGATTA,358266,TGATTGCGTAACAGCA
3078,GAACCAGCAGTAAAGC,358474,TGATTGCGTTTACTAG
3079,GAACCAGCAGTTAGCC,358487,TGATTGCGTCCCTCTG
3080,GAACCAGCATAAGCAA,358498,TGATTGCGTAAGGCCG
3081,GAACCAGCATTGCAGC,358581,TGATTGCGTTGGTTTA
3082,GAACCGCTCCCGCATT,358738,TATCCATAGTTAGGCG
3083,GAACCGCTCTAATCTC,358907,TATCCATAGCTACCTA
3084,GAACCTGTCAGTATTG,359046,AGCGCTAAGCGATATA
3085,GAACCTGTCCGGCTAA,359149,AGCGCTAAGATAGCTA
3086,GAACCTGTCGCCTGTT,359228,AGCGCTAAGCCTTCAA
3087,GAACCTTAGCATTAGC,359441,ACTTGCATCGTGATAA
3088,GAACCTTAGCTATTGA,359495,ACTTGCATCCAGGTGA
3089,GAACCTTAGGTTTACA,359641,ACTTGCATCTTCAAGT
3090,GAACCTTAGTAGCGGG,359662,ACTTGCATCTAACCGC
3091,GAACGAATCATCAGTA,359825,TTTAGCTAGCTTAGCC
3092,GAACGAATCGTTTCTG,360048,TTTAGCTAGCATGAGT
3093,GAACGAATCTAAGGAG,360053,TTTAGCTAGATAACTG
3094,GAACTTATCATTGCGG,360242,TATAGTGAGGAAGTAG
3095,GAACTTATCATTTGCT,360246,TATAGTGAGCTTTAGT
3096,GAAGCCTGTATCTGGA,360584,CTTGTGTCACCGTTGC
3097,GAAGCCTGTGCTGGTG,360714,CTTGTGTCAAGTGCAC
3098,GAAGCCTGTTACAAAC,360774,CTTGTGTCATTAGCAG
3099,GAAGCCTGTTCACCAT,360809,CTTGTGTCATTACGGA
3100,GAAGCTAAGAATCTCA,360906,GACTTTGTCTTAGGTT
3101,GAAGCTAAGCATTTCT,360977,GACTTTGTCCAAATTC
3102,GAAGCTAAGTTAGAGG,361250,GACTTTGTCTAAGCTT
3103,GAAGGAACAAGTGTCC,361349,ATGGCGGGTGTGCGAG
3104,GAAGGAACAATTGACT,361382,ATGGCGGGTAAGGTGC
3105,GAAGGATGTAGACAAA,361713,GTAATCGCAATCGCCC
3106,GAAGGATGTCAAGACC,361752,GTAATCGCAGTGCAAC
3107,GAAGGATGTGATGATT,361843,GTAATCGCATCAGTTC
3108,GAAGGATGTTGGCCGA,361996,GTAATCGCAAACCTAG
3109,GAAGGATGTTGTCCAT,362006,GTAATCGCATGGAGGA
3110,GAAGGATGTTTGTCTA,362044,GTAATCGCAGGTTGTA
3111,GAAGGATGTTTGTTGC,362046,GTAATCGCAGCTCGCT
3112,GAAGGCCCAACTAACT,362083,TTACTAGGTTCCCGTT
3113,GAAGGCCCAAGGTCGA,362109,TTACTAGGTTGTGGTT
3114,GAAGGCCCAATGAAGC,362136,TTACTAGGTATAGCGA
3115,GAAGGCCCACATACTG,362177,TTACTAGGTCGGTTCA
3116,GAAGGCTAGACACTTA,362448,TTGCGGTTCCTAAGCC
3117,GAAGGCTAGCATGGTT,362506,TTGCGGTTCATCCTCT
3118,GAAGGCTAGGAACGCG,362593,TTGCGGTTCCAGGATG
3119,GAAGGCTAGGCCGGAA,362639,TTGCGGTTCCGGCTAT
3120,GAAGGCTAGGTAAGGC,362684,TTGCGGTTCCCTCGCT
3121,GAAGGCTAGGTGCGGA,362701,TTGCGGTTCATGCCTA
3122,GAAGGCTAGTTCCCAC,362795,TTGCGGTTCAGCATGG
3123,GAAGGCTAGTTTGAGC,362810,TTGCGGTTCAAATCCT
3124,GAAGTAAGTACGCGCA,362854,ATTGAACCACCACAAA
3125,GAAGTAAGTCAACAAT,362901,ATTGAACCACTAAGCA
3126,GAAGTAAGTCACCTAT,362913,ATTGAACCATCAGGAC
3127,GAAGTATAGTAGCGCC,363495,AGATTGATCTGTCAGC
3128,GAAGTATAGTCAATCA,363505,AGATTGATCCACGTTA
3129,GAAGTCAAGACAAACG,363592,CAGTCTATCCCGCAAT
3130,GAAGTCAAGCATTATG,363660,CAGTCTATCTCCTCAT
3131,GAAGTCAAGGCTATGT,363807,CAGTCTATCAAGGAAG
3132,GAAGTGATCTAACCTT,364269,GCGCTAAAGCAAATTG
3133,GAATTTGTCATCACTT,364426,CTTGACCAGCAATACA
3134,GACAATACACAGCCAT,364857,GTAGCGGGTACCTTGG
3135,GACAATACACGAATTT,364894,GTAGCGGGTACCGTGC
3136,GACAATACAGAAATGC,364922,GTAGCGGGTTATGGGA
3137,GACACCGGTCCGCTGT,365241,AAGCGCTCAGCTCATT
3138,GACACCGGTCCGGTTC,365242,AAGCGCTCAAGTAAAG
3139,GACACCGGTGCTAGAC,365311,AAGCGCTCAGTAATCG
3140,GACACCGGTTAGCATG,365390,AAGCGCTCATGCATTC
3141,GACACCGGTTAGGATT,365395,AAGCGCTCAAGCGAAG
3142,GACACCGGTTCTTTAG,365429,AAGCGCTCATTTGGCT
3143,GACACCGGTTGAGGTC,365434,AAGCGCTCAAACTAAC
3144,GACACCGGTTGGCCGA,365448,AAGCGCTCAAACCTAG
3145,GACATAGAGACTATTG,365903,CTTAAGTTCCACCTGG
3146,GACATAGAGCTACTGG,366008,CTTAAGTTCGTGATGG
3147,GACATAGAGCTCCCTG,366017,CTTAAGTTCACGAATA
3148,GACATAGAGGCCTTAG,366092,CTTAAGTTCCATCATG
3149,GACATAGAGGGCCATC,366121,CTTAAGTTCACCCTCC
3150,GACATAGAGGTCCGTA,366142,CTTAAGTTCTAATCAC
3151,GACATAGAGGTTTACA,366159,CTTAAGTTCTTCAAGT
3152,GACATTATCGGTACGC,366537,TACGTCCAGCCATAAA
3153,GACCGTTCACAAACTT,367139,TAGGTGAGTCAATACC
3154,GACCTAAGTAATCGCA,367439,GGCTGATCAACGGGAA
3155,GACCTAAGTAGGATTT,367475,GGCTGATCATATTGCC
3156,GACCTAGTCGTCAAGT,368083,GAGATTCAGCTTCTCT
3157,GACCTCAAGAACAAGT,368186,TTGCTGATCGATTCAT
3158,GACCTCAAGAACCTAC,368187,TTGCTGATCATTAACC
3159,GACCTCAAGGTGCGGA,368453,TTGCTGATCATGCCTA
3160,GACCTCAAGTAAAGGT,368465,TTGCTGATCTAAGCGG
3161,GACCTCAAGTAGCGGG,368482,TTGCTGATCTAACCGC
3162,GACCTCAAGTGCTGTG,368526,TTGCTGATCAACCGGA
3163,GACCTGATCATTTGTC,368683,CCCGATTAGAATCGAC
3164,GACCTGATCTTGTCTG,368944,CCCGATTAGGGATTTA
3165,GACCTGCAGCGAGGTG,369056,CCAAAGGTCCAATATC
3166,GACCTGCAGCTTATGA,369103,CCAAAGGTCACTAATC
3167,GACCTGCAGGAGCACG,369131,CCAAAGGTCTAGTTCG
3168,GACCTGCAGGCTGTCA,369180,CCAAAGGTCTTGCAGC
3169,GACCTGCAGTCGCTAG,369277,CCAAAGGTCCATCAGC
3170,GACCTGCAGTTATCTC,369311,CCAAAGGTCGCAATTT
3171,GACCTGCAGTTTCCGC,369328,CCAAAGGTCCCGCACA
3172,GACCTTTGTCAATGTG,369427,GGTGCATCACCTGTAT
3173,GACCTTTGTTGGCCGA,369666,GGTGCATCAAACCTAG
3174,GACGCAACAAGCCACT,369762,TAGGCTTGTTTACCGG
3175,GACGCAACAATCGCAC,369804,TAGGCTTGTTACAACC
3176,GACGCAACACAGAACG,369839,TAGGCTTGTATTCAGC
3177,GACGCAACACATAGCC,369848,TAGGCTTGTAATCCCG
3178,GACGCAACATCCATCT,370035,TAGGCTTGTCACTCAG
3179,GACGCAACATGAAATG,370046,TAGGCTTGTACTGACT
3180,GACGCCTAGCCTGACA,370197,CGATTATTCGACCTTA
3181,GACGCCTAGCTCCTTA,370239,CGATTATTCGAAGCAT
3182,GACGCCTAGGATAAAC,370290,CGATTATTCTACTACG
3183,GACGCCTAGTGACCTG,370436,CGATTATTCTAGGCGA
3184,GACGTAAAGAAGCTAG,370491,TTGGCTATCTCAATAC
3185,GACGTAAAGGACCTGC,370659,TTGGCTATCGGTTAGG
3186,GACTAATGTCACGAAC,370968,GGTGTACCATGAGGAG
3187,GACTAATGTCCTTCAG,371004,GGTGTACCATAAGTCG
3188,GACTAATGTTACGCGG,371134,GGTGTACCAACGGTTA
3189,GACTAATGTTGGCCGA,371200,GGTGTACCAAACCTAG
3190,GACTATTCAAGCCAGA,371297,TTCGCAGGTCGCATTG
3191,GACTCACCAATCCTGA,371721,TTGCTCCGTAGACAAT
3192,GACTCACCATAATCGT,371928,TTGCTCCGTTCTTTGT
3193,GACTTAGGTCATAGAT,372511,TTAGGATCACCATGCC
3194,GACTTAGGTGTCCAAA,372628,TTAGGATCATTGTTTG
3195,GACTTAGGTTAATGCG,372661,TTAGGATCACCTCGAC
3196,GACTTAGGTTCATTTG,372701,TTAGGATCAAGGCTTA
3197,GACTTAGGTTTATCGC,372760,TTAGGATCAAGGCCAT
3198,GACTTGGTCTTGTCCA,373161,AGAGCAAAGTGCGGTA
3199,GAGAAACGTGCTCCAC,373366,TGGATTGCATGCTTTA
3200,GAGAACCAGAAGGTGC,373558,GTATTGTTCACCAACC
3201,GAGAACCAGAGGGACT,373589,GTATTGTTCCCACCTC
3202,GAGAACCAGCAGGTGG,373620,GTATTGTTCGCGACTT
3203,GAGAACCAGTTCCTGC,373918,GTATTGTTCCGTCAAC
3204,GAGAACCAGTTGTCCC,373925,GTATTGTTCGTACAAA
3205,GAGAGGCGTAGCTGGT,373991,GCAAGGACAGGTTGCG
3206,GAGAGGCGTGCTCCAC,374132,GCAAGGACATGCTTTA
3207,GAGATAAGTCAGGCAT,374420,TAGGCTACAACCTCGC
3208,GAGATAAGTCCGCTGT,374441,TAGGCTACAGCTCATT
3209,GAGATAAGTGCGCATG,374509,TAGGCTACACAACATG
3210,GAGCAAATCCGGTATG,374871,GCTTCTAAGTTAACGA
3211,GAGCAAATCCGTGACA,374876,GCTTCTAAGATTGCCC
3212,GAGCAAATCGCACACA,374943,GCTTCTAAGTAGAGGA
3213,GAGCAAATCTTACTCG,375057,GCTTCTAAGAGGGACG
3214,GAGCATGCAAAGGTAC,375482,ACCGCGTGTAGCTAAG
3215,GAGCATGCAGCAGGTA,375674,ACCGCGTGTACCGTTG
3216,GAGCATGCATTAGGTT,375826,ACCGCGTGTCCTTGAG
3217,GAGCCACTCATAAGCC,375922,TTGTCATAGGCGATAT
3218,GAGCCACTCGCCTAAG,376097,TTGTCATAGTAAAGGG
3219,GAGCCACTCGGCTATG,376115,TTGTCATAGTGGCTTC
3220,GAGCCTTCAAGCCACT,376278,AGAGCCGGTTTACCGG
3221,GAGCCTTCACTTCACT,376418,AGAGCCGGTGCGTACC
3222,GAGCCTTCATTGTGGC,376612,AGAGCCGGTGCTTCGA
3223,GAGCGAAGTATTCGTC,376691,CTTCCTCCACTAATCC
3224,GAGCGAAGTGGTTAGC,376835,CTTCCTCCAACCGTTT
3225,GAGCGAAGTTACAAAC,376876,CTTCCTCCATTAGCAG
3226,GAGCGGTCACTAAGCC,377554,GACAAGCGTTAGGCGG
3227,GAGCTAGCAACTAACT,377803,GATCCTGGTTCCCGTT
3228,GAGCTAGCACAGAAAC,377888,GATCCTGGTGGGTAAC
3229,GAGCTAGCACATTGCA,377901,GATCCTGGTTAAGTGG
3230,GAGCTAGCATAAGCAA,378054,GATCCTGGTAAGGCCG
3231,GAGCTAGCATCAGTAT,378081,GATCCTGGTTTGAGGA
3232,GAGCTGCTCATCAGTA,378229,TCAAGCGAGCTTAGCC
3233,GAGCTGCTCTAAATCG,378453,TCAAGCGAGCTATTGT
3234,GAGCTTAGTAATTAGC,378563,ATAAAGGCAGTTGGGT
3235,GAGCTTAGTCCCGAAG,378657,ATAAAGGCATAGTCAG
3236,GAGCTTAGTTCTTTAG,378847,ATAAAGGCATTTGGCT
3237,GAGCTTAGTTGCACGG,378855,ATAAAGGCAGGTCAAC
3238,GAGCTTAGTTTGGGTA,378912,ATAAAGGCACATAGCA
3239,GAGGACTAGCGGATAA,379417,TAATTGCTCCTCCCAC
3240,GAGGACTAGGAGCAAC,379480,TAATTGCTCCTAAATC
3241,GAGGAGGCAAGCTAAA,379734,CGCAATTGTAATCGCT
3242,GAGGAGGCACAGAACG,379807,CGCAATTGTATTCAGC
3243,GAGGAGGCACATAGCC,379816,CGCAATTGTAATCCCG
3244,GAGGAGGCACCTGCCT,379840,CGCAATTGTATATTCG
3245,GAGGAGGCAGCACGTT,379893,CGCAATTGTCAGTAAG
3246,GAGGAGGCAGGACCTT,379921,CGCAATTGTTGCTCTC
3247,GAGGCAAGTAAGCTCA,380082,CGCTGGACATAGCGAC
3248,GAGGCAAGTCCCGGAA,380192,CGCTGGACAAATGAAG
3249,GAGGCCTTCAAGCGCC,380461,GCTATTTAGCCTGTCG
3250,GAGGCCTTCAGGATGA,380512,GCTATTTAGGGCTTTC
3251,GAGGCCTTCCCTCAGT,380601,GCTATTTAGAGCTGCA
3252,GAGGCCTTCCCTGATC,380606,GCTATTTAGCATATAG
3253,GAGGCCTTCCTCATCA,380647,GCTATTTAGGATCCAG
3254,GAGGCCTTCGTTACTT,380744,GCTATTTAGGGACTTG
3255,GAGGCCTTCTAAGGTC,380758,GCTATTTAGATGCAAC
3256,GAGGCTACAATCCTGA,380921,TAGAGGCGTAGACAAT
3257,GAGGCTACACAGGAAT,380961,TAGAGGCGTTGTCAGT
3258,GAGGCTACAGTACCGT,381101,TAGAGGCGTATAGCTC
3259,GAGGCTACATGGTTAT,381180,TAGAGGCGTCATTATG
3260,GAGGCTACATTGTTGG,381216,TAGAGGCGTCACCAAT
3261,GAGGCTTGTAGGATCC,381276,GGGATGACAAGGCTGT
3262,GAGGCTTGTCAGTAAT,381324,GGGATGACAACCAAAT
3263,GAGGCTTGTTTGTGGA,381599,GGGATGACAACCCTTG
3264,GAGGGAGCAAGCTTTG,381653,ATTGCGTGTGCAAGGT
3265,GAGGTACAGGACGTAA,382161,CGTAAGGTCCTGTGAC
3266,GAGGTAGGTATTACCC,382441,CTGCTCACACCTTAGT
3267,GAGGTAGGTCCGTAGG,382495,CTGCTCACATCAGGTA
3268,GAGGTAGGTCGTAAAT,382514,CTGCTCACATTTCATG
3269,GAGGTGAGTCCCGAAG,382873,TGTTGCTCATAGTCAG
3270,GAGGTGAGTGGAAACG,382955,TGTTGCTCAGGAGGGT
3271,GAGGTGAGTTTGTCTA,383130,TGTTGCTCAGGTTGTA
3272,GAGGTTAAGAATCGCT,383141,TTGCTTCTCCTGATCA
3273,GAGGTTAAGGCGAAAC,383345,TTGCTTCTCACGCCCA
3274,GAGTAACCAAAGCTAA,383531,TGAGCAAGTTTCCAGG
3275,GAGTAACCAAGCTAAA,383566,TGAGCAAGTAATCGCT
3276,GAGTAACCAAGGACCA,383571,TGAGCAAGTAACCGCC
3277,GAGTAACCACAAGCCT,383630,TGAGCAAGTTCATTGA
3278,GAGTAACCAGGATGGC,383755,TGAGCAAGTTGTTTGA
3279,GAGTAACCATAAGGAC,383805,TGAGCAAGTACAATGG
3280,GAGTAATAGAAAGCAT,383902,AGCGCAATCGACAAAC
3281,GAGTAATAGCTCGCTT,384040,AGCGCAATCACACCGT
3282,GAGTAATAGTTCCCAC,384265,AGCGCAATCAGCATGG
3283,GAGTATCTCATTGCAA,384395,CCCACATAGGTTATAG
3284,GAGTATCTCCAAGTTA,384406,CCCACATAGCTAATAG
3285,GAGTATCTCCAGGGAG,384415,CCCACATAGTTATTGC
3286,GAGTATCTCCCGTTTA,384432,CCCACATAGCAAGGAA
3287,GAGTCAAAGGCCAATT,384874,TTGGACCTCTTAGCTG
3288,GAGTCAAAGTCCTTCA,384992,TTGGACCTCTCAGCTA
3289,GAGTCATTCACTTTAC,385103,TTTCAGTAGGAACCTG
3290,GAGTCATTCTGCAAGT,385397,TTTCAGTAGTTTGAGA
3291,GAGTGAGGTACAATGT,385467,AGTAACTCACTCAATC
3292,GAGTGAGGTAGCAGCT,385486,AGTAACTCAGGAAGCA
3293,GAGTGAGGTCATCATC,385547,AGTAACTCATTGCCCA
3294,GAGTGAGGTCTCACTG,385590,AGTAACTCAAGGGAGC
3295,GAGTGAGGTTTCCGGC,385800,AGTAACTCACCGTTCA
3296,GAGTGATCAATTAAGG,385915,ACATTGCGTTGCAATC
3297,GAGTGATCAGAGAGCC,386013,ACATTGCGTAGCTGTT
3298,GAGTGATCAGCAACCT,386020,ACATTGCGTTCTGGCA
3299,GAGTGATCATAGCGAG,386121,ACATTGCGTCTAACCG
3300,GAGTGATCATTATGCG,386183,ACATTGCGTGTTAACC
3301,GAGTGTTTCAAGCTAC,386214,CGAGCTAAGCAAGACT
3302,GAGTGTTTCACAGCCA,386233,CGAGCTAAGTAACACA
3303,GAGTGTTTCAGCATTA,386259,CGAGCTAAGCGAAGTT
3304,GAGTGTTTCATTTGCT,386318,CGAGCTAAGCTTTAGT
3305,GAGTGTTTCCTACCTA,386391,CGAGCTAAGTTACTAC
3306,GAGTGTTTCCTTAATC,386415,CGAGCTAAGGAGCTAT
3307,GAGTGTTTCGCTAGAT,386457,CGAGCTAAGAATGACC
3308,GAGTGTTTCTAACCTT,386507,CGAGCTAAGCAAATTG
3309,GAGTGTTTCTAGCTAA,386523,CGAGCTAAGGAGGGTG
3310,GAGTTACTCGTTTCGC,386887,AATATCGAGCACTTGC
3311,GAGTTACTCTCAATAG,386912,AATATCGAGGGCTAAT
3312,GAGTTACTCTGTTGCC,386942,AATATCGAGAGGAACA
3313,GAGTTGCGTGTGCAAC,387201,TCGAAGCCACGTAGCG
3314,GAGTTGCGTTCGGTAA,387282,TCGAAGCCAAACAAAG
3315,GAGTTGCGTTGTTGGA,387317,TCGAAGCCATCCTCCT
3316,GAGTTTGGTGGAAACG,387557,GTCAAGCCAGGAGGGT
3317,GAGTTTGGTGGACATC,387559,GTCAAGCCAATGAAGA
3318,GAGTTTGGTTAACGAT,387601,GTCAAGCCAGTTTCCG
3319,GAGTTTGGTTCATTTG,387651,GTCAAGCCAAGGCTTA
3320,GATAAAGGTCGTAAAT,387880,TGTCATCCATTTCATG
3321,GATAAAGGTTGAAGCC,388048,TGTCATCCACACAAGC
3322,GATAAAGGTTTAGCGA,388089,TGTCATCCACAGCACG
3323,GATAACGAGCGGATTT,388234,ACACCGTTCCAAACTT
3324,GATAACGAGCGGGCAA,388236,ACACCGTTCCCTCACC
3325,GATAAGCCAAGACTCC,388544,GCATTACGTATGGTGA
3326,GATAAGCCACATTAAC,388634,GCATTACGTTCACGCA
3327,GATAAGCCAGGCTTGT,388754,GCATTACGTTGCAAGA
3328,GATAAGCCAGTAGGAT,388769,GCATTACGTGGATGCG
3329,GATAATCGTAAACAAG,388885,GGAGTAGCAAATATGC
3330,GATAATCGTGAGCAAG,389054,GGAGTAGCATCTATGC
3331,GATAATCGTGATCAGC,389059,GGAGTAGCAGCCAAAC
3332,GATAATCGTTCCTGTG,389191,GGAGTAGCAAACATGT
3333,GATAATCGTTTGCAGA,389255,GGAGTAGCAAGGAATA
3334,GATAGACCACAGCCTG,389392,CTGACCAGTATTGAGG
3335,GATCAAGAGACAACAG,389664,GCTTGCGTCAACAACA
3336,GATCAAGAGCTGTACG,389797,GCTTGCGTCAATATCC
3337,GATCACTAGACAACAG,390048,CTGGGAATCAACAACA
3338,GATCACTAGAGCCGCT,390066,CTGGGAATCCGCTAGT
3339,GATCACTAGCGAGCGA,390139,CTGGGAATCGATATAG
3340,GATCACTAGCGATACT,390143,CTGGGAATCAGCTATT
3341,GATCACTAGCTAATCA,390160,CTGGGAATCGCGCTCA
3342,GATCACTAGGATGATG,390227,CTGGGAATCCGTCCCT
3343,GATCAGGCAATGAGGT,390510,CCATAACGTCGCAATT
3344,GATCAGGCACCTGTAA,390577,CCATAACGTTTATGGC
3345,GATCAGTTCCGTCCAT,390979,GGGATTTAGGCAACAT
3346,GATCAGTTCGAAGTAG,391027,GGGATTTAGGTGCTGA
3347,GATCAGTTCGAGGTGG,391035,GGGATTTAGTAAGTCA
3348,GATCAGTTCTCCTCAA,391139,GGGATTTAGCGCTAAG
3349,GATCCGTCAAACGCGA,391192,GTCCTTCGTCATGGTT
3350,GATCCGTCAATTGACT,391288,GTCCTTCGTAAGGTGC
3351,GATCCGTCAGCTCAAC,391411,GTCCTTCGTCACTATA
3352,GATCGAGCACGAACAG,391730,TCGTTAAGTCACACTG
3353,GATCGAGCACTAAATC,391740,TCGTTAAGTTTACCAA
3354,GATCGAGCATAAGGAC,391859,TCGTTAAGTACAATGG
3355,GATCGATTCCCTGTTA,392113,AGGGTTTAGCCAGTAG
3356,GATCGATTCGATAACC,392188,AGGGTTTAGGCCTTGT
3357,GATCGATTCTAAGTGC,392264,AGGGTTTAGCAATAGC
3358,GATCGCTCATCTTGAG,392667,GGTGGATGTGATCCTG
3359,GATGACTTCCGCCTCA,392890,TTAGCGGAGTCACCAC
3360,GATGACTTCGTGCCTT,393010,TTAGCGGAGGACACGC
3361,GATGAGGGTGATGGCT,393286,CTCACCACATTCATTG
3362,GATGAGGGTGCTGTAA,393307,CTCACCACATAACCAG
3363,GATGAGGGTTACATCC,393368,CTCACCACAACAACAT
3364,GATGCAGCAATCGCAC,393576,GGTAAGCGTTACAACC
3365,GATGCATTCATCCTAT,393953,CGCCTCAAGTATCGCC
3366,GATGCATTCCGCCAAA,394038,CGCCTCAAGCCTGGTT
3367,GATGCATTCCGGGACT,394044,CGCCTCAAGAATCTAG
3368,GATGCATTCCTGATGG,394077,CGCCTCAAGTAGTTAG
3369,GATGCATTCCTTAGGG,394086,CGCCTCAAGCATCCTA
3370,GATGCATTCGACAAAG,394099,CGCCTCAAGAAAGGCA
3371,GATGCATTCTTCAATC,394238,CGCCTCAAGAAGCTAC
3372,GATGCATTCTTGAGGT,394241,CGCCTCAAGGCTTAAA
3373,GATGCATTCTTTGACT,394254,CGCCTCAAGCCCTTGG
3374,GATGCGACACAGGAAT,394383,CATACCGGTTGTCAGT
3375,GATGCGACATTGCGTA,394630,CATACCGGTGTGATTC
3376,GATGCTTAGCAGGCCT,394709,TCAGGGATCCGGTTTA
3377,GATGCTTAGGCGAAAC,394853,TCAGGGATCACGCCCA
3378,GATGCTTAGGTCTTGG,394907,TCAGGGATCTGTTGGC
3379,GATGGACAGAATCTCA,395034,TGCATGCTCTTAGGTT
3380,GATGGACAGAGGAGGA,395059,TGCATGCTCTAGCCAC
3381,GATGGACAGCGAGTAA,395131,TGCATGCTCGGTCCAT
3382,GATGGACAGGAATAAC,395192,TGCATGCTCTAGTTGT
3383,GATGGACAGTTAACCA,395374,TGCATGCTCGCTATAT
3384,GATGGCTGTCATCCTG,395520,CCATCATCAATAAAGG
3385,GATTAAGCACTTGTTC,395978,GTTCCTCGTGGTTACT
3386,GATTAAGCAGAACCGA,395982,GTTCCTCGTTAATCGC
3387,GATTAAGCAGCCTAAC,396008,GTTCCTCGTAAACCAG
3388,GATTAAGCATAGACCC,396090,GTTCCTCGTAAAGGTT
3389,GATTACGGTATTTGGG,396257,TCGCAGGCATGCGCCT
3390,GATTACGGTCCACAAA,396296,TCGCAGGCATGATCGA
3391,GATTAGCTCAAACCGT,396942,GCAAATCAGCTAACTT
3392,GATTAGCTCTTTGTAC,397324,GCAAATCAGGTGGAAA
3393,GATTAGTGTAACCTAG,397332,CTATCCGCAACCTGCC
3394,GATTAGTGTCACGAAC,397424,CTATCCGCATGAGGAG
3395,GATTAGTGTCGTTACT,397472,CTATCCGCAAAGGACG
3396,GATTATGTCGTTTCGC,398007,CTTGGTCAGCACTTGC
3397,GATTCAATCACCGGTA,398127,ATATGCAAGCCTTAAT
3398,GATTCAATCTCCTCTT,398428,ATATGCAAGCTGCATC
3399,GATTCAGGTGCTCCAC,398672,ACATAGTCATGCTTTA
3400,GATTCAGGTTAAGCGC,398726,ACATAGTCAACCGCTC
3401,GATTCAGGTTGTCCAT,398816,ACATAGTCATGGAGGA
3402,GATTCATCAAACTAAG,398864,TATCCAAGTTACCCAG
3403,GATTCATCACGAATCC,399017,TATCCAAGTAACCTTA
3404,GATTCATCAGGCTTCG,399109,TATCCAAGTAACCGGG
3405,GATTCATCATCGCTCC,399181,TATCCAAGTTTGAGCT
3406,GATTCCTGTAATCGGC,399264,AAACCGCCAGTTTGCT
3407,GATTCCTGTCACACCC,399335,AAACCGCCAAGCCATA
3408,GATTCCTGTCCTAAGA,399370,AAACCGCCAGCTACCC
3409,GATTCCTGTCGCGCAA,399385,AAACCGCCAGCCGGTA
3410,GATTCGCCAGAGAGCC,399817,CAGCTATGTAGCTGTT
3411,GATTCGCCATGCATAT,399961,CAGCTATGTAATGGTG
3412,GATTCGCCATGTCAGC,399970,CAGCTATGTTAGTTTG
3413,GATTGATGTAATCACG,400027,TGGCCAGCAACGTGGT
3414,GATTGATGTCATCATC,400117,TGGCCAGCATTGCCCA
3415,GATTGATGTCCCGAAG,400129,TGGCCAGCATAGTCAG
3416,GATTGATGTGTAATAC,400230,TGGCCAGCAAGCGCTG
3417,GATTGATGTTACCTGT,400270,TGGCCAGCATGAATCG
3418,GATTGCAGTACAATGT,400419,TGTGCGGCACTCAATC
3419,GATTGCAGTCCTTAGT,400523,TGTGCGGCACTTAGCT
3420,GATTGCGTCAAACACC,400771,TACGCCTAGTCCTCAA
3421,GATTGCGTCCAACTGG,400890,TACGCCTAGAACAACC
3422,GATTGCGTCGGTCAGC,401045,TACGCCTAGGCAATAC
3423,GATTGCGTCTTTGAGA,401153,TACGCCTAGACATAGC
3424,GATTGGCGTAACCACA,401160,GTAACCACATCATCAC
3425,GATTGGCGTGCTCACC,401351,GTAACCACAAATAGCT
3426,GATTGGCGTTAACGGC,401404,GTAACCACACTTAGGA
3427,GATTGGTTCACGTTAA,401580,TGACAACAGCTCCTAA
3428,GATTGGTTCCGGTTGA,401711,TGACAACAGTGGCCAA
3429,GATTGGTTCTCAATGA,401863,TGACAACAGGCTTGTC
3430,GATTGGTTCTTGCTAT,401910,TGACAACAGCCATCAC
3431,GATTGGTTCTTTAAGG,401916,TGACAACAGTTTGTCG
3432,GATTGTTCAACCCTAA,401951,TTCGCGAGTTCCGGGT
3433,GATTGTTCAAGACTCC,401964,TTCGCGAGTATGGTGA
3434,GATTGTTCAAGTAAGC,401986,TTCGCGAGTTAGCGTT
3435,GATTGTTCAATTTGGT,402026,TTCGCGAGTTTGAGTC
3436,GATTTGCAGCCGCAAC,402392,TGAGGCATCTTTGGGC
3437,GCAAACAAGGCTAGAA,402914,GATATGATCACAGCCT
3438,GCAAACAAGGCTATGT,402915,GATATGATCAAGGAAG
3439,GCAAACAAGGTATTGC,402945,GATATGATCCAGGAAT
3440,GCAAACAAGTTAGTTG,403047,GATATGATCTACCTGA
3441,GCAAACAAGTTGCGTG,403058,GATATGATCATAGCGG
3442,GCAAACCGTAACGTGC,403083,CCTCCAACATTGAGGC
3443,GCAAACCGTAATCCCT,403094,CCTCCAACAGCCTGAG
3444,GCAAACCGTAGGTTTG,403135,CCTCCAACACCAACAA
3445,GCAAACCGTGCTTTAC,403276,CCTCCAACAGGAATAA
3446,GCAAACCGTGTGTCCC,403305,CCTCCAACACTATGGA
3447,GCAAACCGTTTAGTCC,403429,CCTCCAACAATACCGA
3448,GCAAACCGTTTCCTCC,403437,CCTCCAACATCCTGCA
3449,GCAAACTTCGAAGTGA,403680,CAGGTCAAGGATTGCG
3450,GCAAACTTCGAGCTAT,403684,CAGGTCAAGGTATGTA
3451,GCAAACTTCGATTCTT,403692,CAGGTCAAGTGAGCCA
3452,GCAACAGCATTGGGAG,404213,CTTGCAGGTGTCCACA
3453,GCAAGCCTCATGGTGT,404319,CTCGACTAGCGGTCAA
3454,GCAAGCCTCCCGTTGT,404369,CTCGACTAGGTAGCTG
3455,GCAAGCCTCGACCTGA,404450,CTCGACTAGTTTGACT
3456,GCAAGCCTCGCCTAAG,404471,CTCGACTAGTAAAGGG
3457,GCAAGCCTCTAAGGAG,404529,CTCGACTAGATAACTG
3458,GCAAGTCGTAGTTGGC,404674,GAATCGCCAAGGGCTT
3459,GCAAGTCGTGGACCTG,404814,GAATCGCCACAATAAC
3460,GCAAGTGCAACTAGAA,405026,TTAGGCTGTTAACTGC
3461,GCAAGTGCAATTAGCT,405086,TTAGGCTGTCCAAATC
3462,GCAAGTGCATAATCCG,405281,TTAGGCTGTGCTTTAA
3463,GCAATAGAGCAGGCCT,405441,CCCTGGATCCGGTTTA
3464,GCAATAGAGCATGACT,405446,CCCTGGATCGTGCTGT
3465,GCAATAGAGCCAGTAT,405458,CCCTGGATCCCGGAAA
3466,GCAATAGAGCTTAGCG,405523,CCCTGGATCGAGGCGT
3467,GCAATATGTTATTGCC,406048,AGGCCTGCAACGGTGT
3468,GCAATCTAGCAGGTGG,406208,ACACTTGTCGCGACTT
3469,GCAATCTAGCATGGTT,406214,ACACTTGTCATCCTCT
3470,GCAATCTAGGCCTAAT,406348,ACACTTGTCCGCCTCT
3471,GCAATGAAGCGGGCAA,406642,GGTTCACTCCCTCACC
3472,GCAATGAAGCTTAGTA,406674,GGTTCACTCCGCTAAC
3473,GCAATGAAGGACCTTG,406698,GGTTCACTCCACTAAT
3474,GCAATGTTCATGCTCC,406999,GCTGGACAGCTCCCTC
3475,GCAATGTTCTAATCTC,407219,GCTGGACAGCTACCTA
3476,GCACATTAGTGTTGTA,407639,CGAAATATCCAAACCC
3477,GCACCTAAGACAACGA,407689,TTAGGTTTCTTTAGCG
3478,GCACCTAAGCGAGGTG,407780,TTAGGTTTCCAATATC
3479,GCACCTAAGGTAAGGC,407928,TTAGGTTTCCCTCGCT
3480,GCACCTAAGTATTGCA,407980,TTAGGTTTCCAGCTCG
3481,GCACCTAAGTTGCCTC,408043,TTAGGTTTCAGCACGA
3482,GCACCTAAGTTTGAGC,408054,TTAGGTTTCAAATCCT
3483,GCACGAACAACAGGTG,408087,GTAATCCGTGTAACAG
3484,GCACGAACAACCTAAT,408092,GTAATCCGTAGCTTAC
3485,GCACGAACAATATGGA,408141,GTAATCCGTGCAATAG
3486,GCACGAACACGTAATT,408225,GTAATCCGTTCCTCAC
3487,GCACGAACAGGCATCT,408300,GTAATCCGTAGGTTTC
3488,GCACGAACATCCTGAA,408382,GTAATCCGTCAGTGAA
3489,GCACGCTAGAAGGTGC,408450,AATATCCTCACCAACC
3490,GCACGCTAGCCGCAAC,408530,AATATCCTCTTTGGGC
3491,GCACGCTAGCTCCTTA,408581,AATATCCTCGAAGCAT
3492,GCACGCTAGGCTACTG,408667,AATATCCTCCTTGAGC
3493,GCACGGTTCAAATCGC,408832,AGCCTAGAGCGAGTTG
3494,GCACGGTTCAATGACC,408848,AGCCTAGAGACTAATG
3495,GCACGGTTCACGTTAA,408870,AGCCTAGAGCTCCTAA
3496,GCACGGTTCGTAATCA,409109,AGCCTAGAGGTTGCGA
3497,GCACTAAGTCATCCTG,409322,CACATAGCAATAAAGG
3498,GCACTAAGTCGACTAA,409350,CACATAGCAGTTTCTA
3499,GCACTAAGTCTTACTA,409366,CACATAGCAAGCTATG
3500,GCACTTACAATGAGGT,409684,AGTAGGCGTCGCAATT
3501,GCACTTACACAATACT,409707,AGTAGGCGTTTCTCAT
3502,GCACTTACACCTGGTG,409750,AGTAGGCGTTAATCCA
3503,GCACTTACAGCAACCT,409794,AGTAGGCGTTCTGGCA
3504,GCACTTACAGCATGAG,409803,AGTAGGCGTTACTCCC
3505,GCAGCAACAATAGCCC,410055,CCTTCTAGTTGAAGCA
3506,GCAGCAACACCTATAG,410128,CCTTCTAGTAACGAGC
3507,GCAGCAACATTGTGCA,410355,CCTTCTAGTTAGCCAT
3508,GCAGCCAGTTCCGGCT,410663,AGTTGGCCATGCCTGC
3509,GCAGCTATCGAAGTGA,410968,GACCTGAAGGATTGCG
3510,GCAGCTATCGCTTGCT,411005,GACCTGAAGAGCCGGT
3511,GCAGGAAGTCAGGAAG,411229,GTTCCGCCAGGTATTG
3512,GCAGGACCAATTATGC,411608,GCTCAATGTTGTCATA
3513,GCAGGATAGCATGTTA,411970,GTAGCCTTCAAACTTC
3514,GCAGGATAGGAACCGG,412054,GTAGCCTTCCTAACCA
3515,GCAGGATAGTTCCTGC,412260,GTAGCCTTCCGTCAAC
3516,GCAGGCAAGGCTACAT,412500,GTCTAGCTCTTTAAGC
3517,GCAGGCAAGTCAGTAC,412593,GTCTAGCTCTGCAACC
3518,GCAGGCAAGTTATTCC,412640,GTCTAGCTCATGAAGC
3519,GCAGGCTTCAGCTAAC,412719,ATAACCAAGTATAGCA
3520,GCAGGCTTCCCATAAA,412799,ATAACCAAGTTAGGAC
3521,GCAGGCTTCGGCTAGC,412926,ATAACCAAGTCCTGCG
3522,GCAGGCTTCTCAATTC,412988,ATAACCAAGCTTAGGG
3523,GCAGGTGAGAGCCGCT,413076,GAGCATGTCCGCTAGT
3524,GCAGGTGAGCTTAACA,413193,GAGCATGTCCGTTAGC
3525,GCAGGTGAGGAACACA,413204,GAGCATGTCAGCAATA
3526,GCAGGTGAGGTCCAAT,413304,GAGCATGTCCACAATT
3527,GCAGGTGAGGTCCACA,413305,GAGCATGTCGTTAGCC
3528,GCAGGTTGTGATGAGG,413606,TTGCCTGCAGTTAAAC
3529,GCAGGTTGTGCGCGTA,413622,TTGCCTGCAAGTGCCG
3530,GCAGGTTGTTACAAAC,413688,TTGCCTGCATTAGCAG
3531,GCATATATCAACCAAC,413818,ATTGGCGAGTCTTGCA
3532,GCATATATCACGAATC,413850,ATTGGCGAGGATTATG
3533,GCATATATCATGCGTG,413901,ATTGGCGAGCTAATCT
3534,GCATATATCCGGTTAG,413984,ATTGGCGAGGGTCCAA
3535,GCATATATCTAATTGG,414124,ATTGGCGAGCTATCGC
3536,GCATATATCTGGCAAT,414156,ATTGGCGAGGGTGGGA
3537,GCATCCTTCCTAAGGT,414378,AAGTTTGAGGCTTCAC
3538,GCATCCTTCGCAATCG,414437,AAGTTTGAGCCGCAAA
3539,GCATGAAAGACAAGTG,414594,CAAACCCTCCTCACTT
3540,GCATGAAAGATGCCTG,414622,CAAACCCTCCAAATAG
3541,GCATGAAAGTAAGGGC,414869,CAAACCCTCGGTTACC
3542,GCATGAGCAATAAGCA,415036,CCGTCAAGTTAACGGA
3543,GCATGAGCAGCAAGTG,415167,CCGTCAAGTCTAATCA
3544,GCATGAGCAGTTATCG,415240,CCGTCAAGTTTATTCC
3545,GCATGAGCATAGCGGA,415266,CCGTCAAGTAGCTTTA
3546,GCATTAGGTAGACAAA,415395,ATTGGATCAATCGCCC
3547,GCATTAGGTCAACAAT,415433,ATTGGATCACTAAGCA
3548,GCATTAGGTGTCCTGC,415574,ATTGGATCATAGGTGC
3549,GCATTAGGTTAGTTGG,415632,ATTGGATCAATAGCAT
3550,GCATTAGGTTTGAGCA,415715,ATTGGATCATAGACGC
3551,GCATTGCCAATGCCTA,415822,TAACCACGTAACCGTT
3552,GCATTGCCACCCACCT,415871,TAACCACGTCCAGCAC
3553,GCATTGCCACCTAATG,415877,TAACCACGTTACTAGC
3554,GCATTGCCAGTTTGGC,416011,TAACCACGTCGGTTAT
3555,GCATTGCCATGTCAAT,416075,TAACCACGTTGCGAGG
3556,GCCAACATCAATCATG,416131,ATCACAAAGTACCGGA
3557,GCCAACATCCCTCGCA,416265,ATCACAAAGCCGGTAA
3558,GCCAACATCCGGTATG,416285,ATCACAAAGTTAACGA
3559,GCCAACATCCTAATGA,416299,ATCACAAAGATATTGG
3560,GCCAACATCTCACTAT,416444,ATCACAAAGGGAGCAG
3561,GCCAATAGTACGCGCA,416536,AAATTGCCACCACAAA
3562,GCCAATAGTCTCACTG,416650,AAATTGCCAAGGGAGC
3563,GCCAATAGTGGGAACA,416711,AAATTGCCAGGATCAC
3564,GCCAATAGTTTACTTG,416850,AAATTGCCATCAATCC
3565,GCCAATTAGCACTAGT,416943,AATATGGTCCGCCATG
3566,GCCAATTAGCCTGACA,416975,AATATGGTCGACCTTA
3567,GCCAATTAGGGACTAA,417114,AATATGGTCCGCCTAG
3568,GCCAATTAGTCACGAT,417191,AATATGGTCGTTAGTT
3569,GCCACAATCCGCCTAT,417429,GCAATTAAGCTTGCAC
3570,GCCACAATCCTCGATC,417464,GCAATTAAGAACCTGG
3571,GCCACAATCGCGCTAA,417514,GCAATTAAGCGCTAGA
3572,GCCACAATCTGTGAGT,417614,GCAATTAAGGTATTTC
3573,GCCACACAGCATGACT,417720,TGCTCCCTCGTGCTGT
3574,GCCACACAGCGTGCGT,417769,TGCTCCCTCTTGCATG
3575,GCCACTAAGCTGGACC,418174,GTACCGTTCCGCACCA
3576,GCCACTAAGTGAGGGT,418370,GTACCGTTCGCAACCT
3577,GCCACTAAGTTAGTGC,418388,GTACCGTTCGTGCTTA
3578,GCCAGGAAGGGTGAGT,418662,ATACTGTTCACATAGA
3579,GCCAGGAAGGGTTAGA,418664,ATACTGTTCCAGCTAC
3580,GCCAGGTTCAACCAAC,418806,GAGGAGTAGTCTTGCA
3581,GCCAGGTTCCCATAGG,418938,GAGGAGTAGCTTATCG
3582,GCCAGGTTCGCATTAA,419046,GAGGAGTAGCTAGTTT
3583,GCCAGGTTCTCCTCTT,419136,GAGGAGTAGCTGCATC
3584,GCCATGATCACAGACT,419212,CGGCTTTAGCTTACTG
3585,GCCATGATCATTAGTG,419289,CGGCTTTAGAAATGCC
3586,GCCATGATCCCGCATT,419326,CGGCTTTAGTTAGGCG
3587,GCCATGATCGCTTGCT,419445,CGGCTTTAGAGCCGGT
3588,GCCATGATCGTTATCT,419480,CGGCTTTAGGCTATAA
3589,GCCATGATCTGGCATG,419529,CGGCTTTAGTATAGTG
3590,GCCATTACACTGGCTG,419748,ATCCCTCGTAGGATCA
3591,GCCATTACACTTCATC,419753,ATCCCTCGTATTTGGC
3592,GCCATTACATTATGCG,419931,ATCCCTCGTGTTAACC
3593,GCCCATAAGAAAGCAT,420336,AGCTACCTCGACAAAC
3594,GCCCATAAGAGAGCCG,420362,AGCTACCTCTAGGAAC
3595,GCCCATAAGGCCCAGT,420542,AGCTACCTCAATCCAT
3596,GCCCATAAGGGACCTC,420568,AGCTACCTCCGTTATG
3597,GCCCGTTGTGTTGTAG,420958,GCTAAATCACTATACC
3598,GCCCGTTGTTAATGAC,420976,GCTAAATCATGCTGGG
3599,GCCCGTTGTTAGGACC,420996,GCTAAATCACGCTAGG
3600,GCCCGTTGTTGTGACA,421061,GCTAAATCATGGTGCG
3601,GCCCGTTGTTTATCTG,421077,GCTAAATCATAATGGT
3602,GCCGTGAGTCAGGCAT,421588,CATAAACCAACCTCGC
3603,GCCTAATAGCTTCTCA,422021,CAGGATGTCTTTAGGT
3604,GCCTAATAGGCAATAG,422065,CAGGATGTCCATCACA
3605,GCCTAATAGTAGGATG,422168,CAGGATGTCTAGTTAC
3606,GCCTACTTCAAACTCA,422254,GAGGTGGAGTAACGTA
3607,GCCTACTTCCTAACGG,422432,GAGGTGGAGTGCTGGA
3608,GCCTACTTCCTTAGTT,422465,GAGGTGGAGACTCCGT
3609,GCCTACTTCGACAAAG,422477,GAGGTGGAGAAAGGCA
3610,GCCTATTGTAGGATTT,422693,GGTGTTACATATTGCC
3611,GCCTATTGTCCCGAAG,422757,GGTGTTACATAGTCAG
3612,GCCTATTGTGTGCACG,422866,GGTGTTACAATACCCT
3613,GCCTATTGTTGTCATC,422975,GGTGTTACAGCACTAA
3614,GCCTCAAAGAGGAGTC,423052,CACAGGATCTACTAAC
3615,GCCTCAAAGTAAACCC,423298,CACAGGATCATAAGCA
3616,GCCTCAAAGTTATTCC,423380,CACAGGATCATGAAGC
3617,GCCTCGACAAATGCCC,423805,GAGCACGGTATTACTG
3618,GCCTCGACAATATGGA,423867,GAGCACGGTGCAATAG
3619,GCCTCGACAATCTCTC,423873,GAGCACGGTGAGGGTT
3620,GCCTCGACACCTGCCT,423940,GAGCACGGTATATTCG
3621,GCCTCGACAGTAGGTG,424054,GAGCACGGTACCTTAA
3622,GCCTCGACATAAACCT,424069,GAGCACGGTGCACCAC
3623,GCCTCGACATCCCGCT,424104,GAGCACGGTGTGAGTA
3624,GCCTCGACATGTCAAT,424131,GAGCACGGTTGCGAGG
3625,GCCTGACAGTAACCAC,424453,GAATATGTCTCAAACT
3626,GCCTGACAGTTCCTCA,424535,GAATATGTCCTTAGTG
3627,GCCTGAGGTAATAGCT,424572,AGGTGAGCATGAGCCG
3628,GCCTGAGGTATACTGG,424621,AGGTGAGCACAGCAAC
3629,GCCTGCTGTGGATGTC,425144,CCTCAGCCAGCTAGAC
3630,GCCTGTGCAATAGTCT,425396,ATTCCGGGTGTCCTGA
3631,GCCTGTGCAATCTCTC,425405,ATTCCGGGTGAGGGTT
3632,GCCTGTGCACATACTG,425447,ATTCCGGGTCGGTTCA
3633,GCCTGTGCATAAGGAC,425605,ATTCCGGGTACAATGG
3634,GCCTTAACAAAGCTAA,425715,GCAATCTGTTTCCAGG
3635,GCCTTACTCAGCCAAT,426142,CTAGCCTAGGTTCCCG
3636,GCCTTACTCATCCTAT,426165,CTAGCCTAGTATCGCC
3637,GCCTTACTCATGCGTG,426175,CTAGCCTAGCTAATCT
3638,GCCTTACTCCCTCATA,426236,CTAGCCTAGACAGGTT
3639,GCCTTACTCCTGGTGA,426294,CTAGCCTAGACACGCA
3640,GCCTTACTCGCACACA,426329,CTAGCCTAGTAGAGGA
3641,GCCTTACTCTGCAACG,426428,CTAGCCTAGCCTTGCG
3642,GCCTTAGAGTGAGAGC,426805,TCCGTAATCCGGGTAA
3643,GCCTTGCGTGATGGCT,427032,CCAAATGCATTCATTG
3644,GCCTTGCGTTATGTGG,427143,CCAAATGCATCCTGTG
3645,GCCTTTATCCAAACAC,427352,GTTGTGGAGATATTCC
3646,GCCTTTGGTAGGATCC,427676,ACTTGCTCAAGGCTGT
3647,GCCTTTGGTGAAGCCT,427781,ACTTGCTCACCTCAGC
3648,GCCTTTGGTGTCCAAA,427844,ACTTGCTCATTGTTTG
3649,GCGAAGCCACAAAGCG,428109,TAAGCCTGTACAAACG
3650,GCGAAGCCACCGGTAT,428146,TAAGCCTGTCTTGAAC
3651,GCGAAGCCAGGATAAC,428238,TAAGCCTGTGAGGAAG
3652,GCGAAGCCATAATCGT,428294,TAAGCCTGTTCTTTGT
3653,GCGAAGCCATCCTGAA,428324,TAAGCCTGTCAGTGAA
3654,GCGAAGTAGAGGAAGG,428418,CCTCATTTCGCATTGC
3655,GCGAAGTAGGATCCGC,428576,CCTCATTTCAGGTCGA
3656,GCGAAGTAGGTCAAAG,428642,CCTCATTTCCTTTAGG
3657,GCGAAGTAGGTCCGTA,428646,CCTCATTTCTAATCAC
3658,GCGAAGTAGTGAACGA,428718,CCTCATTTCTGGATCC
3659,GCGAGTGAGCTCAAAC,428902,GTGTTGCTCGGTAATA
3660,GCGAGTGAGGAAGCTA,428934,GTGTTGCTCCTTTGAG
3661,GCGAGTGAGGTATTGC,429025,GTGTTGCTCCAGGAAT
3662,GCGAGTGAGTCCTTCA,429092,GTGTTGCTCTCAGCTA
3663,GCGATATTCCTGTTCA,429363,CACTGTCAGGTATAGC
3664,GCGATATTCCTTAAGA,429364,CACTGTCAGCCAAACG
3665,GCGATATTCTTAGGGT,429515,CACTGTCAGCATTAAG
3666,GCGATATTCTTGGATA,429528,CACTGTCAGCCTAATT
3667,GCGATTAGTAGGATTT,429595,AACTGGCCATATTGCC
3668,GCGATTAGTGATTTGG,429718,AACTGGCCACTAAGGC
3669,GCGATTAGTTAGAGCC,429807,AACTGGCCACCTCACA
3670,GCGATTAGTTGAGCCG,429853,AACTGGCCAGCAAATT
3671,GCGATTTAGAATCTCA,429928,ATTTGGTTCTTAGGTT
3672,GCGATTTAGACAAACG,429930,ATTTGGTTCCCGCAAT
3673,GCGATTTAGAGGAAGG,429952,ATTTGGTTCGCATTGC
3674,GCGATTTAGTAAGAAC,430208,ATTTGGTTCCTTCAAG
3675,GCGATTTAGTCACTAA,430232,ATTTGGTTCGATTATC
3676,GCGATTTAGTGAACAG,430250,ATTTGGTTCCGCAATC
3677,GCGCAAACAAGGAATC,430356,TAGAAACGTCAACCGC
3678,GCGCAAACAAGGACCA,430357,TAGAAACGTAACCGCC
3679,GCGCAAACAAGTGTCC,430371,TAGAAACGTGTGCGAG
3680,GCGCAAACAATGCCCG,430395,TAGAAACGTTGAGTCT
3681,GCGCAAACAGGCTAAG,430551,TAGAAACGTGGTTAGA
3682,GCGCAAACAGTAATAG,430568,TAGAAACGTGATTCTA
3683,GCGCAATGTGCATTTC,430875,ATCCCGCCACCAGCTC
3684,GCGCAATGTTGTTGCT,431032,ATCCCGCCATGACATG
3685,GCGCCTTGTGAGCGAA,431240,GAATGAACAAGTGGCT
3686,GCGCCTTGTGATCAGC,431243,GAATGAACAGCCAAAC
3687,GCGCCTTGTGTGTCCC,431301,GAATGAACACTATGGA
3688,GCGCCTTGTGTTTGCT,431312,GAATGAACATCCTAGT
3689,GCGCGATTCAACCAAC,431458,ACTTTGTAGTCTTGCA
3690,GCGCGATTCCAATTAG,431574,ACTTTGTAGCTTAAAG
3691,GCGCGATTCCAGGTCA,431582,ACTTTGTAGAGCTGGC
3692,GCGCGATTCCGCACAA,431614,ACTTTGTAGTAAACTG
3693,GCGCGATTCCTAAGAC,431633,ACTTTGTAGTCAATAG
3694,GCGCGATTCCTAAGGT,431634,ACTTTGTAGGCTTCAC
3695,GCGCGATTCGCATTAA,431698,ACTTTGTAGCTAGTTT
3696,GCGCGATTCTCATCAT,431784,ACTTTGTAGTCAATTC
3697,GCGCTAGGTCAACAAT,431921,CTAACAGCACTAAGCA
3698,GCGCTAGGTCATCATC,431945,CTAACAGCATTGCCCA
3699,GCGCTAGGTCCCGGAA,431958,CTAACAGCAAATGAAG
3700,GCGCTAGGTTAGACCA,432104,CTAACAGCAGGAGGTA
3701,GCGCTTAAGCGCATTG,432328,GTTATGTTCAAACCGG
3702,GCGCTTAAGTAACAGG,432500,GTTATGTTCGCTTCAA
3703,GCGCTTGCAACAGGAT,432628,TTATCAGGTAGTTACC
3704,GCGCTTGCACTAAGTT,432773,TTATCAGGTTGCTTCC
3705,GCGCTTGCATCAGTAT,432915,TTATCAGGTTTGAGGA
3706,GCGGAACCAGCTTACA,433212,CTTATGAGTTAGGTTC
3707,GCGGATACAAATTCGT,433390,CTGTTAAGTACTTATG
3708,GCGGATACAGTCTATG,433642,CTGTTAAGTTGACCAT
3709,GCGGATACATGAATCT,433701,CTGTTAAGTTTATGTG
3710,GCGGGTTTCATGGTTA,433850,TGAGCTGAGTTACCGC
3711,GCGGGTTTCCCTTGCG,433912,TGAGCTGAGCTTGTTG
3712,GCGGGTTTCGGTTAGT,434030,TGAGCTGAGTCATGAA
3713,GCGGGTTTCGTTACTT,434046,TGAGCTGAGGGACTTG
3714,GCGGTTATCAGCACGC,434192,GTATAGCAGTTATGGA
3715,GCGGTTATCCCGTTGT,434283,GTATAGCAGGTAGCTG
3716,GCGGTTATCGCCTGTT,434386,GTATAGCAGCCTTCAA
3717,GCGGTTGGTGAGGTAG,434693,GTTCTGTCAGGACCTG
3718,GCGGTTGGTGGATTAT,434731,GTTCTGTCATAATGCG
3719,GCGGTTGGTTAACGAT,434769,GTTCTGTCAGTTTCCG
3720,GCGGTTGGTTTATTCG,434881,GTTCTGTCATATGGTG
3721,GCGTAACGTCTTACTA,435058,GATTAGTCAAGCTATG
3722,GCGTAACGTTAGCTGA,435179,GATTAGTCAACGGTAC
3723,GCGTAACGTTTAGTCC,435259,GATTAGTCAATACCGA
3724,GCGTGCTAGCAAGATG,435337,CACAATTTCACACAAA
3725,GCGTGCTAGCGAAGTA,435388,CACAATTTCAAATCGA
3726,GCGTGCTAGCTGAGGG,435425,CACAATTTCCGGATTC
3727,GCGTGCTAGGACAACA,435453,CACAATTTCTATGCAT
3728,GCGTTTCTCATTACAG,435770,TGGCATGAGGACCATG
3729,GCGTTTCTCGACAAAG,435895,TGGCATGAGAAAGGCA
3730,GCGTTTCTCGGTCAGC,435943,TGGCATGAGGCAATAC
3731,GCGTTTCTCTTGTTCG,436047,TGGCATGAGCTGCTAC
3732,GCTAACCCAAACCTAT,436438,TGGACAAGTGCGCGAA
3733,GCTAACCCAGCAAATA,436634,TGGACAAGTTGCGTGC
3734,GCTAACCCATCTTGAG,436763,TGGACAAGTGATCCTG
3735,GCTAACCCATTAAACC,436789,TGGACAAGTTATGTCA
3736,GCTAAGAAGATGGACA,436863,GTGATAATCTCAAGAA
3737,GCTAAGCGTCCTAACT,437331,TCGCGCTCACCTTCAG
3738,GCTAAGCGTCCTTTAA,437340,TCGCGCTCAGAAATGA
3739,GCTAAGCGTGAAACAA,437363,TCGCGCTCACACTAAG
3740,GCTAAGCGTGAGGTGA,437376,TCGCGCTCAAGCTCAA
3741,GCTAAGCGTGCATTTC,437391,TCGCGCTCACCAGCTC
3742,GCTAAGCGTGGATTCA,437414,TCGCGCTCAGGTTCCC
3743,GCTAAGCGTGTAATAC,437426,TCGCGCTCAAGCGCTG
3744,GCTAAGCGTTAAGGTT,437457,TCGCGCTCATTGTCCG
3745,GCTAAGCGTTATAGCG,437489,TCGCGCTCATTCAGGA
3746,GCTAAGTTCAAACACC,437585,GTGAGTTAGTCCTCAA
3747,GCTAAGTTCTTGCATT,437957,GTGAGTTAGTGCGGGT
3748,GCTAATATCGGTCAGC,438243,AGCCAATAGGCAATAC
3749,GCTAGCCAGAGAAGGG,438379,TACCGGTTCCCAAAGG
3750,GCTAGCCAGCCGCAAC,438440,TACCGGTTCTTTGGGC
3751,GCTAGCCAGCCTCTCG,438447,TACCGGTTCCTGCCAG
3752,GCTAGCCAGCTTAGCG,438503,TACCGGTTCGAGGCGT
3753,GCTAGCCAGGAAGTAT,438519,TACCGGTTCTTGCTCT
3754,GCTAGCCAGGCCAATT,438558,TACCGGTTCTTAGCTG
3755,GCTAGCCAGGGCTTTG,438596,TACCGGTTCAATAGCA
3756,GCTAGCCAGTAGAGGC,438649,TACCGGTTCATGCAAA
3757,GCTAGCGGTGTTTGTC,438981,TGCTACTCACAAACGC
3758,GCTAGCTCAAAGCGCA,439131,GAGGTTAGTTGCTCCT
3759,GCTAGCTCAATATGGA,439201,GAGGTTAGTGCAATAG
3760,GCTAGTGTCATAACGC,439574,GGTCATGAGGAGTCAT
3761,GCTAGTGTCCTCCATA,439701,GGTCATGAGATAGCCG
3762,GCTAGTGTCCTGATTT,439708,GGTCATGAGCACAGCA
3763,GCTATAGGTAAGGTTT,439903,CCATAAGCAAGGTGGA
3764,GCTATAGGTCAAGTAT,439975,CCATAAGCATGACAGC
3765,GCTATAGGTCAGGAAG,439989,CCATAAGCAGGTATTG
3766,GCTATAGGTTCGGTAA,440198,CCATAAGCAAACAAAG
3767,GCTATAGGTTTACCGT,440238,CCATAAGCAGCAAGTC
3768,GCTATAGGTTTACTTG,440240,CCATAAGCATCAATCC
3769,GCTATCCTCAATACGC,440285,AAGCGGGAGACTTACT
3770,GCTATCCTCAGTTCCC,440338,AAGCGGGAGAGCAAGA
3771,GCTATCCTCATTGCAA,440379,AAGCGGGAGGTTATAG
3772,GCTATCCTCGTTAGCG,440563,AAGCGGGAGATGAAGG
3773,GCTATTGCAAGCCACT,440698,ACCGGCTGTTTACCGG
3774,GCTATTGCAGGCTTCG,440905,ACCGGCTGTAACCGGG
3775,GCTATTGCATTTGCTC,441036,ACCGGCTGTGCGGTAG
3776,GCTCAACCAAACCTAT,441040,CCGTTAGGTGCGCGAA
3777,GCTCAACCAAAGCGGC,441050,CCGTTAGGTGGATTAG
3778,GCTCAACCAAGGACCA,441091,CCGTTAGGTAACCGCC
3779,GCTCAACCATAAACCT,441321,CCGTTAGGTGCACCAC
3780,GCTCACAAGACTTATG,441446,GTCCTGGTCGCTTGAC
3781,GCTCACAAGAGAGCCG,441448,GTCCTGGTCTAGGAAC
3782,GCTCACAAGGACAATG,441590,GTCCTGGTCGAGGAGG
3783,GCTCACAAGGAGTCTT,441609,GTCCTGGTCGATAAGC
3784,GCTCATTGTTACCGGG,442067,TTCGCGCCACTTCAAC
3785,GCTCATTGTTTGGGCG,442181,TTCGCGCCAAGGTGTC
3786,GCTCCTTAGAAGCTAG,442193,CGAGCAATCTCAATAC
3787,GCTCCTTAGTAGAGGC,442483,CGAGCAATCATGCAAA
3788,GCTCCTTAGTCATTTC,442508,CGAGCAATCAAGCTCC
3789,GCTCGATCAATAGCAA,442648,ATGGCCCGTCCTCACT
3790,GCTCGATCAATTTAGC,442675,ATGGCCCGTTATATCG
3791,GCTCGATCAGCAACAG,442771,ATGGCCCGTAATCCAC
3792,GCTCGATCATCCCTCA,442891,ATGGCCCGTTAAGTCC
3793,GCTCTGGCAATGAGGT,443046,ATTTGTGGTCGCAATT
3794,GCTCTGGCACCACAAC,443092,ATTTGTGGTGTTCCTC
3795,GCTCTGGCATGACTAT,443288,ATTTGTGGTTAGCTCG
3796,GCTCTGTTCCGCTAGA,443507,ATCCGCTAGCTCATTG
3797,GCTCTGTTCCTAGTAA,443528,ATCCGCTAGTGCTCCG
3798,GCTCTGTTCGGTCATG,443614,ATCCGCTAGTGTGAGT
3799,GCTCTGTTCGTACCGA,443622,ATCCGCTAGCTTAGAA
3800,GCTGACATCACTAAGC,443767,GTCTCACAGTCTAGCC
3801,GCTGACATCCCTCGCA,443875,GTCTCACAGCCGGTAA
3802,GCTGACATCTTTGACT,444104,GTCTCACAGCCCTTGG
3803,GCTGACCAGCTATTGA,444239,AGAGGAATCCAGGTGA
3804,GCTGAGGAGGTGAAAT,444758,CATTCCTTCTCAATCG
3805,GCTGATCCACATGCTA,445007,ATCCTTTGTTTGACTA
3806,GCTGATCCAGGCATCT,445116,ATCCTTTGTAGGTTTC
3807,GCTGATCCAGTAGCCT,445142,ATCCTTTGTTGCTCAG
3808,GCTGCAATCATTAGGC,445364,TCTGGCTAGCTTGCTA
3809,GCTGCAATCTAAATCG,445561,TCTGGCTAGCTATTGT
3810,GCTGCAATCTAATCTC,445571,TCTGGCTAGCTACCTA
3811,GCTGCAATCTTAGTCT,445622,TCTGGCTAGATTGAGC
3812,GCTGCACAGCTCGCTT,445782,AAACCGGTCACACCGT
3813,GCTGCACAGGGCTTTG,445886,AAACCGGTCAATAGCA
3814,GCTGCATCACTATGGC,446202,TCATTGAGTACTAGGA
3815,GCTGGATGTACTGAAT,446455,CTTAGTCCAAACCAGC
3816,GCTGGTTCAAGGTAAC,446851,AACGCCCGTTAGCTAC
3817,GCTGGTTCAGACAAAC,446986,AACGCCCGTAGTTGGA
3818,GCTGGTTCAGTAGCCT,447060,AACGCCCGTTGCTCAG
3819,GCTGTAAGTACAAAGA,447206,AGTGGCTCAGTTCCCA
3820,GCTGTACCACAGGATG,447686,AAGTGGCGTTTGCTCC
3821,GCTGTACCACTAGGTC,447733,AAGTGGCGTCCTTTAT
3822,GCTGTACCAGTAGGTG,447828,AAGTGGCGTACCTTAA
3823,GCTGTACCATGTCAAT,447905,AAGTGGCGTTGCGAGG
3824,GCTGTACCATTGCGAC,447930,AAGTGGCGTAGCAGGT
3825,GCTGTGATCAATAGCC,447960,CTACCTAAGCGCTTGT
3826,GCTGTGATCATTACTC,448046,CTACCTAAGGGTTAAC
3827,GCTGTGATCCAATTAG,448066,CTACCTAAGCTTAAAG
3828,GCTGTGATCCTTAGTT,448157,CTACCTAAGACTCCGT
3829,GCTGTGATCCTTCGTA,448159,CTACCTAAGAACCTAA
3830,GCTGTGCAGCTGCACA,448468,CAAAGGTTCGCATTTG
3831,GCTGTGCAGGACGTAA,448503,CAAAGGTTCCTGTGAC
3832,GCTGTGCAGGCTGTGC,448557,CAAAGGTTCCGCTGTG
3833,GCTGTGCAGTAAAGGT,448609,CAAAGGTTCTAAGCGG
3834,GCTGTGCAGTTCCTCA,448693,CAAAGGTTCCTTAGTG
3835,GCTGTGCAGTTGTCAA,448700,CAAAGGTTCACCTGGT
3836,GCTTAAATCATAACCA,448781,CTTATCGAGGCTTTCA
3837,GCTTAAATCCTGAGTG,448914,CTTATCGAGGGTTATA
3838,GCTTAACAGACAACAG,449108,ACCTCAATCAACAACA
3839,GCTTAACAGGCCTTAG,449306,ACCTCAATCCATCATG
3840,GCTTAACAGGCTGTGC,449325,ACCTCAATCCGCTGTG
3841,GCTTAACAGTCATTTC,449416,ACCTCAATCAAGCTCC
3842,GCTTACCTCACTCAAA,449526,GCCACAAAGGTGCGTA
3843,GCTTACCTCGCCTGTT,449728,GCCACAAAGCCTTCAA
3844,GCTTACCTCGCTAGAT,449733,GCCACAAAGAATGACC
3845,GCTTACCTCTTAGCGG,449839,GCCACAAAGGGTCTAG
3846,GCTTAGTAGCTAATTG,449989,GATTAAGTCCTAGTGC
3847,GCTTAGTAGCTCGCTT,450002,GATTAAGTCACACCGT
3848,GCTTAGTAGTTATCCT,450222,GATTAAGTCCTGAAGG
3849,GCTTATCGTCATGAGC,450359,ACTCACTCAAGGCCTG
3850,GCTTATCGTGAATCGC,450410,ACTCACTCAAATACCG
3851,GCTTATCGTTGCAATG,450565,ACTCACTCAACCGTAA
3852,GCTTCGCGTGTTGCAA,450866,TTACACCCACCGTTAT
3853,GCTTGACCAAAGGCCA,451027,GGAGCATGTGAGTCAA
3854,GCTTGACCACCTAATG,451159,GGAGCATGTTACTAGC
3855,GCTTGTTGTCATCAAG,451504,TTGGCTTCAGCTCAAA
3856,GCTTTACGTAAGCTTG,451791,CCTGAAACACCTAAAG
3857,GCTTTACGTGCATTTC,451965,CCTGAAACACCAGCTC
3858,GCTTTACGTGGAGCAA,451985,CCTGAAACAGCCTAAA
3859,GCTTTACGTTACATCC,452038,CCTGAAACAACAACAT
3860,GCTTTATTCACGCCAA,452200,ATTATGGAGACAAACC
3861,GCTTTATTCTAGCGTG,452478,ATTATGGAGCGCAACA
3862,GCTTTATTCTAGCTTT,452480,ATTATGGAGGGAGTAA
3863,GCTTTATTCTGTTCAT,452513,ATTATGGAGTTAGTAG
3864,GCTTTCATCAGGATGA,452604,TAAGACCAGGGCTTTC
3865,GCTTTCATCATGCAAC,452630,TAAGACCAGGTCATGG
3866,GCTTTCATCATTGTTC,452656,TAAGACCAGGAGGTAA
3867,GCTTTGTGTCAAGACC,453014,CGTTAAGCAGTGCAAC
3868,GCTTTGTGTGCGCAAT,453118,CGTTAAGCATAAGCCA
3869,GCTTTGTGTTGTTGGA,453273,CGTTAAGCATCCTCCT
3870,GGAAACTCAGAACCGA,453500,TGACGAAGTTAATCGC
3871,GGAACAATCATTACGA,453795,CCGCCTAAGGCACTAG
3872,GGAACAATCCCGCAAA,453835,CCGCCTAAGATTCAAG
3873,GGAACAATCCCTCTAA,453846,CCGCCTAAGTCCCTGG
3874,GGAACAATCTCACAAA,454021,CCGCCTAAGGCATGGC
3875,GGAACCACAGAATGAC,454269,CTTTCATGTCTTAGCG
3876,GGAACCTGTGTCCTGC,454688,AAATAGGCATAGGTGC
3877,GGAACCTGTTCAAGAT,454753,AAATAGGCAATTACCC
3878,GGAACCTGTTCCTGTG,454767,AAATAGGCAAACATGT
3879,GGAACCTGTTGGATCA,454791,AAATAGGCATCCTTAA
3880,GGAACCTGTTGTTGGA,454807,AAATAGGCATCCTCCT
3881,GGAACGGTCAGGCCTA,454905,TGCAGCAAGGCCCTTG
3882,GGAACGGTCTTGATGA,455212,TGCAGCAAGGTTACTT
3883,GGAACTAAGATGGACA,455271,ACATGCCTCTCAAGAA
3884,GGAACTAAGCTCGCTT,455366,ACATGCCTCACACCGT
3885,GGAACTAAGGCACAGG,455426,ACATGCCTCGCTCAAC
3886,GGAACTAAGGCCCAGT,455434,ACATGCCTCAATCCAT
3887,GGAAGCTAGGCTGTGC,455841,GTAAGACTCCGCTGTG
3888,GGAAGCTAGTAGAGGC,455907,GTAAGACTCATGCAAA
3889,GGAAGCTAGTAGCCAT,455908,GTAAGACTCCCTCATT
3890,GGAAGCTAGTTAACCA,455960,GTAAGACTCGCTATAT
3891,GGAAGCTAGTTGTCCC,455985,GTAAGACTCGTACAAA
3892,GGAAGTATCAATGTCA,456018,CTAGGATAGCTTTACG
3893,GGAAGTATCAGTTCCC,456064,CTAGGATAGAGCAAGA
3894,GGAAGTATCTAGCGTG,456314,CTAGGATAGCGCAACA
3895,GGAATCTTCCTAGTTT,456570,GTAATTGAGGTCCGTT
3896,GGAATCTTCGAGGAAC,456609,GTAATTGAGCGATGCA
3897,GGAATCTTCGCTAAAC,456631,GTAATTGAGGTGCACA
3898,GGAATCTTCTTGGATA,456754,GTAATTGAGCCTAATT
3899,GGACAGCCACCTACGG,456912,TGTTCTTGTGGCTTAT
3900,GGACATAAGAAGCTAG,457153,GAATGACTCTCAATAC
3901,GGACATAAGCAATAGG,457203,GAATGACTCACTAAGA
3902,GGACATAAGGCATTAC,457350,GAATGACTCAAAGGGA
3903,GGACATAAGGCCTAAT,457356,GAATGACTCCGCCTCT
3904,GGACCGAAGCACAGAA,457588,TGCCTAATCTTAAGGA
3905,GGACCGAAGCTGTCAG,457678,TGCCTAATCGCGAGTA
3906,GGACCGAAGCTTTGGG,457687,TGCCTAATCCCAATAT
3907,GGACCGAAGGCACAGG,457730,TGCCTAATCGCTCAAC
3908,GGACCTCAGCCTCTGT,458010,TACATACTCGCGTTAC
3909,GGACGAAGTCAAAGAA,458383,CTCTCAGCATGTTGGA
3910,GGACGGATCATTGTTC,458794,GATTAGCAGGAGGTAA
3911,GGACGGATCTGGCAAT,459026,GATTAGCAGGGTGGGA
3912,GGACTAAAGAGGAGTC,459100,AAAGGGATCTACTAAC
3913,GGACTAAAGCTCAAAC,459198,AAAGGGATCGGTAATA
3914,GGACTAAAGGAAGCTA,459230,AAAGGGATCCTTTGAG
3915,GGACTAAAGGCCATCA,459271,AAAGGGATCGGTCAAG
3916,GGACTAAAGGTCTTGG,459331,AAAGGGATCTGTTGGC
3917,GGACTAAAGTCACCTC,459376,AAAGGGATCTGGGAAT
3918,GGACTAAAGTTTAACG,459441,AAAGGGATCAAGCGCA
3919,GGAGCAAGTCAATAGT,459540,CACCAAACAGGGAGTA
3920,GGAGCATAGCTAAAGG,459954,CCCTTTGTCGCTCAGT
3921,GGAGCGATCCACCTTA,460342,ACCAGCAAGCATAGCG
3922,GGAGGTTAGGGACGCA,460833,CTCTAAGTCCACCCTC
3923,GGAGGTTAGTTCCTCA,460965,CTCTAAGTCCTTAGTG
3924,GGAGTCTGTAAAGCGG,460985,ACGGGAACACGGTCAG
3925,GGAGTCTGTAGGTGTC,461042,ACGGGAACACGCCCAT
3926,GGAGTCTGTCGACTAA,461122,ACGGGAACAGTTTCTA
3927,GGAGTGAGTACCTTAC,461402,CCTAAAGCATTTCGCG
3928,GGAGTGAGTGGCTTCC,461578,CCTAAAGCAGCATTAG
3929,GGAGTGAGTTAATCGG,461621,CCTAAAGCAGTGCACG
3930,GGAGTGAGTTAATGAC,461622,CCTAAAGCATGCTGGG
3931,GGAGTGAGTTAGGATT,461643,CCTAAAGCAAGCGAAG
3932,GGAGTGAGTTCACCCA,461660,CCTAAAGCAGCTAACA
3933,GGATAACCACCTAATG,461895,CTTATCTGTTACTAGC
3934,GGATACTTCAGCATTA,462187,GTGTGGCAGCGAAGTT
3935,GGATACTTCATGACCG,462216,GTGTGGCAGTCAAGAC
3936,GGATACTTCATGCATA,462219,GTGTGGCAGCACCTAC
3937,GGATACTTCCTAACGG,462312,GTGTGGCAGTGCTGGA
3938,GGATATTGTAGCTGCG,462570,TATCGCTCAGGTTTGA
3939,GGATATTGTCCGGTTC,462640,TATCGCTCAAGTAAAG
3940,GGATATTGTCCTTCTC,462651,TATCGCTCAATTAGCG
3941,GGATATTGTCTCACTG,462668,TATCGCTCAAGGGAGC
3942,GGATATTGTTTGTGGA,462895,TATCGCTCAACCCTTG
3943,GGATGAATCACTTCAT,462946,GCACGTAAGTGTCCAC
3944,GGATGAATCAGCATTA,462953,GCACGTAAGCGAAGTT
3945,GGATGAATCCCGAACA,463037,GCACGTAAGGTCCCTG
3946,GGATGAATCCTCACTA,463090,GCACGTAAGTCAATCT
3947,GGATGAATCTATTGTC,463221,GCACGTAAGCAACCCT
3948,GGATGGCCAAGTGTTT,463350,TGCCTGAGTGATGCAA
3949,GGATGGCCAGAAACGT,463469,TGCCTGAGTGCACGCT
3950,GGATGGCCATTAGGTT,463642,TGCCTGAGTCCTTGAG
3951,GGATGGCCATTATGCG,463645,TGCCTGAGTGTTAACC
3952,GGATGTAAGCTCGCTT,463804,ATATTGCTCACACCGT
3953,GGATGTAAGGATGATG,463857,ATATTGCTCCGTCCCT
3954,GGATGTAAGTTCCTCA,464031,ATATTGCTCCTTAGTG
3955,GGATTATGTAACGGGA,464058,CGTTACTCACTGGCAG
3956,GGATTATGTTAGAGCC,464319,CGTTACTCACCTCACA
3957,GGATTATGTTTCGCGC,464415,CGTTACTCACCTGGTC
3958,GGATTCAGTCAATACG,464521,AGGCTGTCACGCGCAA
3959,GGATTGCGTAATGACT,464838,CTAACCTCATCCTCAG
3960,GGATTGCGTTTGAGCA,465181,CTAACCTCATAGACGC
3961,GGCAAATCAGGCAAGC,465819,TCACCAGGTAAACCCT
3962,GGCAAATCATCACTTC,465891,TCACCAGGTAAAGCAT
3963,GGCAATCGTATTCGCT,466420,GGTCCCTCAGGATGGA
3964,GGCAATCGTTGTTCAC,466691,GGTCCCTCAAATAAGG
3965,GGCAGGATCTTAATGG,467086,TTTGCTGAGATGAACC
3966,GGCAGGATCTTGTTCG,467107,TTTGCTGAGCTGCTAC
3967,GGCATGGAGCTCATAA,467248,GAATTAGTCCCTGTGG
3968,GGCATGGAGCTGGAAA,467255,GAATTAGTCCTAAGAA
3969,GGCATGGAGGGTCCAC,467357,GAATTAGTCATAGCTT
3970,GGCATTAGTGAATCGC,467660,TACTGAGCAAATACCG
3971,GGCATTAGTTATCCGT,467784,TACTGAGCAAAGTCAT
3972,GGCATTAGTTGCGGAT,467822,TACTGAGCATCCCAAT
3973,GGCATTAGTTTCCTCC,467861,TACTGAGCATCCTGCA
3974,GGCATTGTCCTTGCAC,468098,GGTTAGTAGAGCAATC
3975,GGCATTGTCGAGGTGG,468111,GGTTAGTAGTAAGTCA
3976,GGCATTGTCGTTAGCG,468173,GGTTAGTAGATGAAGG
3977,GGCATTGTCTCATCAT,468212,GGTTAGTAGTCAATTC
3978,GGCATTGTCTTGGATA,468254,GGTTAGTAGCCTAATT
3979,GGCCAACTCACTTTAC,468313,TCGTGCTAGGAACCTG
3980,GGCCAACTCCATCAGG,468398,TCGTGCTAGGCTAAAC
3981,GGCCAACTCTGTTGCC,468618,TCGTGCTAGAGGAACA
3982,GGCCAACTCTTGCAAA,468633,TCGTGCTAGTACTGGG
3983,GGCCATCAGACAGGCG,469049,ACGAATATCACTATGT
3984,GGCCATCAGCGCAATT,469141,ACGAATATCAATAGGC
3985,GGCCATCAGGTCCGTA,469292,ACGAATATCTAATCAC
3986,GGCCATCAGTTCCCAC,469395,ACGAATATCAGCATGG
3987,GGCCGTTAGCGCAATT,469525,CTCCACCTCAATAGGC
3988,GGCCGTTAGCTTAGTA,469566,CTCCACCTCCGCTAAC
3989,GGCCGTTAGTTTGTCT,469798,CTCCACCTCCTCATGA
3990,GGCCTAATCAATGACC,469820,ACCTGGAAGACTAATG
3991,GGCCTAATCAATGTCA,469822,ACCTGGAAGCTTTACG
3992,GGCCTAATCATGGTGT,469895,ACCTGGAAGCGGTCAA
3993,GGCCTAATCCGCACAA,469962,ACCTGGAAGTAAACTG
3994,GGCCTAATCCGCCAAA,469964,ACCTGGAAGCCTGGTT
3995,GGCCTAATCCTGTTCA,470009,ACCTGGAAGGTATAGC
3996,GGCCTAATCTCCTCTT,470136,ACCTGGAAGCTGCATC
3997,GGCCTCTGTCCGCTGT,470307,TGGTCAACAGCTCATT
3998,GGCCTCTGTGATTACG,470363,TGGTCAACAACCGCCT
3999,GGCCTCTGTTCACTGT,470479,TGGTCAACAATAGCCA
4000,GGCCTTAAGAACCTGT,470570,TTTAAGCTCGTTATGT
4001,GGCCTTAAGGAACGGT,470728,TTTAAGCTCGTTAACT
4002,GGCCTTAAGTGAGAGC,470901,TTTAAGCTCCGGGTAA
4003,GGCCTTAAGTGCTGTG,470908,TTTAAGCTCAACCGGA
4004,GGCCTTAAGTTTAACG,470941,TTTAAGCTCAAGCGCA
4005,GGCCTTAAGTTTGAGC,470944,TTTAAGCTCAAATCCT
4006,GGCCTTCGTATACTGG,471017,TCGCTTGCACAGCAAC
4007,GGCCTTCGTGCATCGG,471135,TCGCTTGCATGGCTAA
4008,GGCCTTCGTTACTTGC,471217,TCGCTTGCATCAGTAG
4009,GGCCTTCGTTTATTCG,471309,TCGCTTGCATATGGTG
4010,GGCGATACAACCCTAA,471361,GGTCTATGTTCCGGGT
4011,GGCGATACAGCTTACA,471558,GGTCTATGTTAGGTTC
4012,GGCGATACATTGTGCA,471709,GGTCTATGTTAGCCAT
4013,GGCGCTAGTAATTAGC,471743,CCCAGCTCAGTTGGGT
4014,GGCGCTAGTCCTAAGA,471844,CCCAGCTCAGCTACCC
4015,GGCGGTAAGCAAGGAC,472150,TTCTTGCTCGCGAAAT
4016,GGCGGTAAGGAACCAA,472257,TTCTTGCTCAAGGTTA
4017,GGCGGTAAGGCTAGAA,472322,TTCTTGCTCACAGCCT
4018,GGCGGTAAGGTCCAAT,472356,TTCTTGCTCCACAATT
4019,GGCGGTAAGTGAGGTA,472437,TTCTTGCTCAGGATCG
4020,GGCGGTTTCCAGGTCA,472612,TAAGTCAAGAGCTGGC
4021,GGCGGTTTCGTACCGA,472764,TAAGTCAAGCTTAGAA
4022,GGCGGTTTCTTAAGTG,472837,TAAGTCAAGGTTATCT
4023,GGCGTTATCACGCATG,472905,TCATCATAGTTACCCA
4024,GGCGTTATCGACAAAG,473091,TCATCATAGAAAGGCA
4025,GGCGTTATCGTTAACA,473155,TCATCATAGAAACCGT
4026,GGCTAGACACGTAATT,473415,CTACAACGTTCCTCAC
4027,GGCTAGACAGAAACGT,473437,CTACAACGTGCACGCT
4028,GGCTAGACAGCCAGAA,473463,CTACAACGTGGTTCTG
4029,GGCTAGACAGGCATCT,473490,CTACAACGTAGGTTTC
4030,GGCTAGACAGGGAGCT,473503,CTACAACGTGAGCATA
4031,GGCTAGACAGGTTACC,473508,CTACAACGTATGTTTG
4032,GGCTAGACATTTAAGC,473631,CTACAACGTTCACTTT
4033,GGCTAGTGTCAGTAAT,473738,AAACAAGCAACCAAAT
4034,GGCTAGTGTTGTAAAC,473971,AAACAAGCAAATCCCT
4035,GGCTATGTCAAACCTA,474017,TCCGGTTAGGTGCTTC
4036,GGCTATGTCACACAGT,474043,TCCGGTTAGTCCCGCA
4037,GGCTATGTCAGGGCCT,474079,TCCGGTTAGCCGATAG
4038,GGCTATGTCCCATAAA,474153,TCCGGTTAGTTAGGAC
4039,GGCTATGTCCCGAACA,474155,TCCGGTTAGGTCCCTG
4040,GGCTATGTCTAGCTTT,474336,TCCGGTTAGGGAGTAA
4041,GGCTATGTCTGTAAGC,474364,TCCGGTTAGTTAACCT
4042,GGCTATTAGCAAGGTA,474454,TGCGGTTTCAGCGGGT
4043,GGCTATTAGCTTCTCA,474553,TGCGGTTTCTTTAGGT
4044,GGCTATTAGGGATGCG,474636,TGCGGTTTCCGAAACG
4045,GGCTATTAGTAGCCAT,474696,TGCGGTTTCCCTCATT
4046,GGCTATTAGTTTGAGC,474778,TGCGGTTTCAAATCCT
4047,GGCTCAATCACGCATG,474823,GCTCCTGAGTTACCCA
4048,GGCTCAATCATTAGTG,474889,GCTCCTGAGAAATGCC
4049,GGCTCAATCCCTGATC,474938,GCTCCTGAGCATATAG
4050,GGCTCAATCGTTCACC,475081,GCTCCTGAGCAACAAC
4051,GGCTCAATCTTCAATC,475148,GCTCCTGAGAAGCTAC
4052,GGCTCAATCTTTAGGA,475163,GCTCCTGAGGTGTTAA
4053,GGCTCACAGGACCGCT,475339,TTGCATGTCATAACCT
4054,GGCTCACAGGTAACGA,475418,TTGCATGTCATGCGGA
4055,GGCTCACAGGTCGAGG,475431,TTGCATGTCAGCCTGT
4056,GGCTGAGAGATGGACA,475595,CCGTTCCTCTCAAGAA
4057,GGCTGAGAGCCTGAGC,475648,CCGTTCCTCCTTCATC
4058,GGCTGAGAGGTTTGAC,475830,CCGTTCCTCGATTAAG
4059,GGCTGAGAGTTGTCAA,475924,CCGTTCCTCACCTGGT
4060,GGCTGTCAGAAACTGG,476319,TAGTTACTCGATATGA
4061,GGCTGTCAGATAACCC,476359,TAGTTACTCATTTAGC
4062,GGCTGTCAGCAAACCT,476367,TAGTTACTCGGTTCAC
4063,GGCTTAAGTAAGCTCA,476716,CTGATGACATAGCGAC
4064,GGCTTAAGTTAACACG,476949,CTGATGACACATTGTC
4065,GGCTTAAGTTGGATAT,477032,CTGATGACAATGTCAG
4066,GGCTTCAAGAACCTGT,477090,TCACCGGTCGTTATGT
4067,GGCTTCAAGCCTGATG,477183,TCACCGGTCAGGTTGG
4068,GGGAATATCAGGCTAT,477532,GTAGCTGAGGCACGTA
4069,GGGAATATCCCATAAA,477607,GTAGCTGAGTTAGGAC
4070,GGGAATATCCCTGACT,477623,GTAGCTGAGGTGGGAG
4071,GGGAATATCGGTTACG,477745,GTAGCTGAGGACTTAA
4072,GGGAATATCGTTACTT,477762,GTAGCTGAGGGACTTG
4073,GGGAATATCTAACCAA,477772,GTAGCTGAGGCTTAGG
4074,GGGAGTAGTGCCGCAA,478042,CGGTACGCAAGGTCAC
4075,GGGAGTAGTTTAACGG,478203,CGGTACGCATTTGTCA
4076,GGGATTAAGACAAAGT,478631,GATAAGCTCTAAGCAA
4077,GGGATTAAGGTTAGCT,478896,GATAAGCTCTAACCAT
4078,GGGATTAAGTAGCGCC,478917,GATAAGCTCTGTCAGC
4079,GGGATTAAGTTCCCGT,478984,GATAAGCTCCTAATGT
4080,GGGCAATAGGCCTAAT,479212,CACAAGGTCCGCCTCT
4081,GGGCAATAGTAGCGGG,479302,CACAAGGTCTAACCGC
4082,GGGCATGAGAGGAGGA,479421,CGTAATTTCTAGCCAC
4083,GGGCATGAGCTTACTT,479536,CGTAATTTCGCACACT
4084,GGGCATGAGGCTAGAA,479612,CGTAATTTCACAGCCT
4085,GGGCATGAGTGAGCAA,479724,CGTAATTTCTAATCGT
4086,GGGCATGAGTTGGCCA,479758,CGTAATTTCCTTATGG
4087,GGGCATTGTATACTGG,479839,CTATTGCCACAGCAAC
4088,GGGCATTGTTAGGTTG,480053,CTATTGCCATTAACCC
4089,GGGCCTAGTAGCCATA,480203,TTCAGGACAGGTAACC
4090,GGGCCTAGTGGTTCTT,480374,TTCAGGACAGAAACCC
4091,GGGCGAATCCCTGATC,480690,TAGGTACAGCATATAG
4092,GGGCGAATCTCAATTC,480862,TAGGTACAGCTTAGGG
4093,GGGCTAACAACTGGCT,480960,AACCTTAGTCTTGACG
4094,GGGCTAACAATCATGT,481002,AACCTTAGTAGAGGGA
4095,GGGCTAACACATAGCC,481050,AACCTTAGTAATCCCG
4096,GGGCTAACACCTGCTC,481075,AACCTTAGTACACCGC
4097,GGGCTAACAGGAAGCC,481151,AACCTTAGTGCGATTT
4098,GGGCTAACATAGCGAG,481221,AACCTTAGTCTAACCG
4099,GGGTATTTCAGGTCCA,481368,AGTAGCTAGTCATCAT
4100,GGGTATTTCCCTGGAA,481459,AGTAGCTAGTGGCGTA
4101,GGGTCAACAACCGCCA,481719,AAGAATCGTTGACCGC
4102,GGGTCAACAAGGAATC,481740,AAGAATCGTCAACCGC
4103,GGGTCAACAGATTCAT,481885,AAGAATCGTTATTTGG
4104,GGGTCACTCCGTAAAC,482246,TGTGAGTAGCGCTCCA
4105,GGGTCACTCTGCAACG,482414,TGTGAGTAGCCTTGCG
4106,GGGTGAAGTAGGATTT,482513,GCTAAGCCATATTGCC
4107,GGGTGAAGTGCTGTAA,482655,GCTAAGCCATAACCAG
4108,GGGTGAAGTTAATGCG,482713,GCTAAGCCACCTCGAC
4109,GGGTGAAGTTAGCAGC,482727,GCTAAGCCACATGCCC
4110,GGGTGAAGTTCCGGGA,482758,GCTAAGCCAATCCTAC
4111,GGGTGTTGTAATCGTG,482861,CCTTGCACACATAACG
4112,GGGTGTTGTCATTGTC,482955,CCTTGCACAATTGCCT
4113,GGGTGTTGTCCTTTAA,482974,CCTTGCACAGAAATGA
4114,GGGTTACGTCCTTCTC,483355,CAAGGTCCAATTAGCG
4115,GGGTTACGTGGGTACT,483434,CAAGGTCCAATATCCC
4116,GGGTTATTCCAGGTCA,483732,GTATTGAAGAGCTGGC
4117,GGGTTATTCCGCTAGA,483769,GTATTGAAGCTCATTG
4118,GGGTTATTCCGGCTAA,483771,GTATTGAAGATAGCTA
4119,GGGTTATTCCTCGATC,483802,GTATTGAAGAACCTGG
4120,GGGTTATTCGATAACC,483834,GTATTGAAGGCCTTGT
4121,GGGTTATTCTAATTGG,483914,GTATTGAAGCTATCGC
4122,GGGTTTCCATAGGCGA,484291,TGAGCGGGTGCACAAA
4123,GGGTTTGTCGCAACAT,484610,GCATCCTAGATTCGTT
4124,GGTAAACCAAAGCGGC,484766,TTTGTGAGTGGATTAG
4125,GGTAAACCACACAATT,484871,TTTGTGAGTCGGTTTG
4126,GGTAAACCAGCAAATA,484952,TTTGTGAGTTGCGTGC
4127,GGTAAACCAGTAAAGC,485016,TTTGTGAGTTTACTAG
4128,GGTAAACCATAACGGG,485039,TTTGTGAGTCCTCCCA
4129,GGTAAACCATTAAGCT,485109,TTTGTGAGTGCTCCTT
4130,GGTAACCGTAATAGCT,485156,AGCTCAACATGAGCCG
4131,GGTAACCGTACCTTAC,485174,AGCTCAACATTTCGCG
4132,GGTAACCGTAGCCATA,485187,AGCTCAACAGGTAACC
4133,GGTAACCGTCACGAAC,485236,AGCTCAACATGAGGAG
4134,GGTAACCGTCAGGCAT,485240,AGCTCAACAACCTCGC
4135,GGTAACCGTCTAACAG,485286,AGCTCAACAGGATGTC
4136,GGTAACCGTTAACACG,485383,AGCTCAACACATTGTC
4137,GGTAACCGTTAGGACC,485414,AGCTCAACACGCTAGG
4138,GGTAACCGTTGCTGGG,485464,AGCTCAACACTCAGTT
4139,GGTAACTTCAGCTAAC,485577,GATTGCGAGTATAGCA
4140,GGTAACTTCGCACACA,485763,GATTGCGAGTAGAGGA
4141,GGTAACTTCGCTATAA,485776,GATTGCGAGGATTGAC
4142,GGTAAGGGTCACCAAA,486000,AGGGCTTCAATGAGCC
4143,GGTAAGGGTGCACGCA,486088,AGGGCTTCATAAGCAT
4144,GGTAAGGGTTCAAGCA,486196,AGGGCTTCAAGCCTCC
4145,GGTAAGGGTTCACTGT,486199,AGGGCTTCAATAGCCA
4146,GGTAAGGGTTTCCTCC,486267,AGGGCTTCATCCTGCA
4147,GGTAATTGTTACGCGG,486550,CTTTAGCCAACGGTTA
4148,GGTACAAAGCACAGCC,486725,TCAAGCCTCCTCAGTA
4149,GGTACAAAGCACAGGG,486726,TCAAGCCTCCAATTGT
4150,GGTACAAAGCTAAAGG,486790,TCAAGCCTCGCTCAGT
4151,GGTACAAAGGAGGGTT,486851,TCAAGCCTCGCTATGC
4152,GGTACAAAGGTAGCTT,486922,TCAAGCCTCAATGAGC
4153,GGTACAAAGTTTGCGG,487047,TCAAGCCTCTTGACCA
4154,GGTACCGGTAACCAGC,487057,CCACAAACAGGAGCTT
4155,GGTACCGGTAGTAAGA,487114,CCACAAACATGATGGC
4156,GGTACCGGTGGAGCAA,487259,CCACAAACAGCCTAAA
4157,GGTACCGGTTAGGTTG,487333,CCACAAACATTAACCC
4158,GGTACTAGTCCAAGAC,487553,GAAGGATCACTAGTAG
4159,GGTACTAGTTGTAAAC,487771,GAAGGATCAAATCCCT
4160,GGTACTTAGGATCACT,488005,TCTGTGATCATTATGC
4161,GGTACTTAGGCCGGAA,488023,TCTGTGATCCGGCTAT
4162,GGTACTTAGGGTGAGT,488062,TCTGTGATCACATAGA
4163,GGTAGGAGTTTCCGGC,488562,TACCGTTCACCGTTCA
4164,GGTATGTTCTCAATGA,488907,TGCTCACAGGCTTGTC
4165,GGTATTGGTGACATAT,489129,AGTCAATCATGGTGAC
4166,GGTATTGGTGAGCACT,489135,AGTCAATCAATAGAAG
4167,GGTATTGGTGATGAAA,489141,AGTCAATCATTAGCCT
4168,GGTATTTCACCGGTAT,489492,TGTTAGCGTCTTGAAC
4169,GGTATTTCAGCAATAA,489552,TGTTAGCGTACGTTTA
4170,GGTATTTCAGTAGGTG,489616,TGTTAGCGTACCTTAA
4171,GGTATTTCAGTTAAAG,489622,TGTTAGCGTAAATAGC
4172,GGTATTTCATCAGTAT,489661,TGTTAGCGTTTGAGGA
4173,GGTCAAGCAACTAGAA,489768,CCAGGGAGTTAACTGC
4174,GGTCAAGCAGCTCATA,489956,CCAGGGAGTTCAAGCT
4175,GGTCAAGCATCCAGGT,490048,CCAGGGAGTGCCTTTC
4176,GGTCAAGCATCCTAGA,490053,CCAGGGAGTTTGTCTT
4177,GGTCAGGAGACCATAC,490519,AAGCTAATCTCCATGA
4178,GGTCAGGAGCAAGGTA,490554,AAGCTAATCAGCGGGT
4179,GGTCAGGAGGACACTT,490669,AAGCTAATCAGCCATC
4180,GGTCAGGAGTCACTCC,490813,AAGCTAATCGCGATAG
4181,GGTCAGGAGTGTTGCG,490846,AAGCTAATCGCTAATT
4182,GGTCAGGAGTTGGCCA,490870,AAGCTAATCCTTATGG
4183,GGTCAGGAGTTTCCTG,490877,AAGCTAATCACGGATG
4184,GGTCATTAGCAGCTCA,490950,TAACCGCTCTTGCTGA
4185,GGTCATTAGCGGATAA,490999,TAACCGCTCCTCCCAC
4186,GGTCATTAGCTTAGCG,491033,TAACCGCTCGAGGCGT
4187,GGTCATTAGTCACCTC,491194,TAACCGCTCTGGGAAT
4188,GGTCCATCACCAGGTT,491406,GGCGCTTGTTTGCTGG
4189,GGTCCATCACTAAGAA,491437,GGCGCTTGTGTCACGC
4190,GGTCCGTAGCAGGTGG,491720,TCGCTAATCGCGACTT
4191,GGTCCGTAGCCTTAAA,491753,TCGCTAATCTGGTCTA
4192,GGTCCGTAGCTAATTG,491777,TCGCTAATCCTAGTGC
4193,GGTCCTGCAAAGGCCA,492051,CGCCTTTGTGAGTCAA
4194,GGTCCTGCACCTAATG,492183,CGCCTTTGTTACTAGC
4195,GGTCCTGCAGGCTTGT,492288,CGCCTTTGTTGCAAGA
4196,GGTCGGTTCATAGACC,492494,ACGGTTGAGTCCTTGA
4197,GGTCGGTTCGTCAAGT,492703,ACGGTTGAGCTTCTCT
4198,GGTCGGTTCGTTTCGC,492719,ACGGTTGAGCACTTGC
4199,GGTCGGTTCTCACTAT,492750,ACGGTTGAGGGAGCAG
4200,GGTCTTGAGCACAGGG,492862,TGAGCGATCCAATTGT
4201,GGTCTTGAGCTTTGGG,492959,TGAGCGATCCCAATAT
4202,GGTCTTGAGGGTTAGA,493052,TGAGCGATCCAGCTAC
4203,GGTCTTGAGTTTGAGC,493182,TGAGCGATCAAATCCT
4204,GGTCTTTGTAATGACT,493212,AATGTCGCATCCTCAG
4205,GGTCTTTGTAGTAAGA,493250,AATGTCGCATGATGGC
4206,GGTCTTTGTCATGCCC,493301,AATGTCGCATTCCTGG
4207,GGTCTTTGTCCGTAGG,493313,AATGTCGCATCAGGTA
4208,GGTCTTTGTCCTAAGA,493316,AATGTCGCAGCTACCC
4209,GGTCTTTGTGCATTAG,493374,AATGTCGCAACCAACA
4210,GGTGAGCCAAGCTAAA,493618,TTGTGCGGTAATCGCT
4211,GGTGAGCCACCCACAG,493710,TTGTGCGGTCGCAACC
4212,GGTGAGCCAGCTAACC,493790,TTGTGCGGTATGGTCT
4213,GGTGAGCCAGCTCAAC,493793,TTGTGCGGTCACTATA
4214,GGTGAGGTCAAGTGAG,493967,CTTTGTGAGCAGCTCT
4215,GGTGAGGTCAATCTAG,493972,CTTTGTGAGTAAGCTA
4216,GGTGAGGTCAATCTCT,493973,CTTTGTGAGGCCTAAG
4217,GGTGAGGTCCGCAAGC,494115,CTTTGTGAGATTCCGC
4218,GGTGAGGTCCGCCTCA,494120,CTTTGTGAGTCACCAC
4219,GGTGAGGTCGACAAAG,494179,CTTTGTGAGAAAGGCA
4220,GGTGAGTAGCTTCCCG,494490,ACCGTTATCATTCAGT
4221,GGTGAGTAGGTGAAAT,494604,ACCGTTATCTCAATCG
4222,GGTGAGTAGTTTCCTG,494715,ACCGTTATCACGGATG
4223,GGTGATTTCATGCATA,494809,GTTTGGGAGCACCTAC
4224,GGTGATTTCCTTCTAG,494938,GTTTGGGAGCTAAGCG
4225,GGTGATTTCGAGGAAC,494951,GTTTGGGAGCGATGCA
4226,GGTGATTTCGCACAAT,494964,GTTTGGGAGGCTAGCA
4227,GGTGATTTCTAGCGAT,495039,GTTTGGGAGGCAGGTC
4228,GGTGCTGGTCATCATC,495215,GTTTGGACATTGCCCA
4229,GGTGCTGGTCATGCAA,495218,GTTTGGACAAGCCTGG
4230,GGTGCTGGTGGATGTC,495314,GTTTGGACAGCTAGAC
4231,GGTGCTGGTTAACGAT,495353,GTTTGGACAGTTTCCG
4232,GGTGCTGGTTCACTGT,495401,GTTTGGACAATAGCCA
4233,GGTGCTGGTTGCACGG,495425,GTTTGGACAGGTCAAC
4234,GGTGCTTCACCTGCTC,495643,GTTAGCTGTACACCGC
4235,GGTGTCCAGCGTGCGT,495993,GTCGAAGTCTTGCATG
4236,GGTGTCCAGCTCCTTA,496009,GTCGAAGTCGAAGCAT
4237,GGTGTCCAGGGACTAA,496106,GTCGAAGTCCGCCTAG
4238,GGTGTCCAGTCTTGAA,496201,GTCGAAGTCAGCTACC
4239,GGTGTGACAGGACACA,496489,AGTAACGGTCAGGCTC
4240,GGTGTGACAGGCTAGA,496505,AGTAACGGTTGGCGGA
4241,GGTGTGACATAAGTTC,496545,AGTAACGGTGGACATA
4242,GGTGTTGTCACGAATC,496678,TAACCAAAGGATTATG
4243,GGTGTTGTCCTCATGC,496836,TAACCAAAGGTGAATC
4244,GGTGTTGTCCTTGTTG,496860,TAACCAAAGGTAAGCT
4245,GGTGTTGTCTAATTGG,496952,TAACCAAAGCTATCGC
4246,GGTTAATGTTAGTTGG,497308,ACAATGTCAATAGCAT
4247,GGTTAATGTTCGCTCA,497331,ACAATGTCAGGTGAGA
4248,GGTTAATGTTTGTCTA,497402,ACAATGTCAGGTTGTA
4249,GGTTACCCACAACCTA,497517,GCGATCCGTAACCTCG
4250,GGTTACCCACTTGTTC,497592,GCGATCCGTGGTTACT
4251,GGTTACCCAGGCATGA,497647,GCGATCCGTGGTGCAG
4252,GGTTACCCATCGCTTT,497730,GCGATCCGTTGCTGGC
4253,GGTTACCCATCTTGAG,497733,GCGATCCGTGATCCTG
4254,GGTTACTAGGTTTGCG,498069,AGTTCGCTCAGCCTTA
4255,GGTTAGCGTGCTCCAC,498370,TTAGGTGCATGCTTTA
4256,GGTTAGCGTGTGTGGT,498406,TTAGGTGCAAAGGCCT
4257,GGTTAGCGTTACTTGC,498441,TTAGGTGCATCAGTAG
4258,GGTTAGCGTTAGCATG,498446,TTAGGTGCATGCATTC
4259,GGTTAGCGTTAGGTTG,498455,TTAGGTGCATTAACCC
4260,GGTTAGCGTTTCCTCC,498537,TTAGGTGCATCCTGCA
4261,GGTTATATCAGCAAAG,498607,TTAACCTAGTAATGCA
4262,GGTTATATCCCGCATT,498698,TTAACCTAGTTAGGCG
4263,GGTTATATCCGCACAA,498718,TTAACCTAGTAAACTG
4264,GGTTATATCCGCCTCA,498722,TTAACCTAGTCACCAC
4265,GGTTATATCGTTTCGC,498855,TTAACCTAGCACTTGC
4266,GGTTATATCTTGCAGG,498926,TTAACCTAGCTTCCTT
4267,GGTTATGGTAACGTGC,498949,ATTCGTCCATTGAGGC
4268,GGTTATGGTGAAGCCT,499101,ATTCGTCCACCTCAGC
4269,GGTTATGGTGGTTAGC,499157,ATTCGTCCAACCGTTT
4270,GGTTCCCGTGAATCGC,499484,CATTTGCCAAATACCG
4271,GGTTCTTGTAACGAGG,499711,AGGTTTGCAGGTCCCT
4272,GGTTCTTGTATTACCC,499775,AGGTTTGCACCTTAGT
4273,GGTTCTTGTCCTCCAA,499835,AGGTTTGCAGAGAGGC
4274,GGTTCTTGTCTAACAG,499852,AGGTTTGCAGGATGTC
4275,GGTTCTTGTGCACGCA,499888,AGGTTTGCATAAGCAT
4276,GGTTCTTGTTGGATAT,500032,AGGTTTGCAATGTCAG
4277,GGTTCTTGTTGTCATC,500043,AGGTTTGCAGCACTAA
4278,GGTTGACGTGATTTGG,500266,CTGCAGGCACTAAGGC
4279,GGTTGACGTGCGCAAT,500276,CTGCAGGCATAAGCCA
4280,GGTTGAGCAAGCCACT,500512,CATATTGGTTTACCGG
4281,GGTTGAGCAGTTAAAG,500742,CATATTGGTAAATAGC
4282,GGTTGAGCATATTGAC,500776,CATATTGGTGCCGGAA
4283,GGTTGCATCAATGACC,500872,CTGGTGAAGACTAATG
4284,GGTTGCATCGAAGCGG,501074,CTGGTGAAGTGAGGAA
4285,GGTTGCGGTCTTGCAT,501391,AACCCGGCAGAATCTG
4286,GGTTGCGGTTGCTGGG,501562,AACCCGGCACTCAGTT
4287,GGTTGCTCAAGGATTA,501672,TTAGTCAGTAACAGCA
4288,GGTTGCTCACAAAGAC,501724,TTAGTCAGTGACGTAA
4289,GGTTGCTCACCTAAGC,501764,TTAGTCAGTATCGCTG
4290,GGTTGCTCACTTGTTC,501804,TTAGTCAGTGGTTACT
4291,GGTTGGTGTAGGTTGC,502062,AATGGAACAATAAACC
4292,GGTTGGTGTCAATAGT,502092,AATGGAACAGGGAGTA
4293,GGTTGGTGTTCGCGCT,502308,AATGGAACAATCATGG
4294,GGTTTAATCAATCATG,502401,TGTGGTGAGTACCGGA
4295,GGTTTAATCAGCCAAT,502440,TGTGGTGAGGTTCCCG
4296,GGTTTAATCCGCAAAT,502543,TGTGGTGAGACCAGGC
4297,GGTTTAATCCTCGATC,502584,TGTGGTGAGAACCTGG
4298,GGTTTAATCGGTAACT,502654,TGTGGTGAGTTACGTT
4299,GGTTTAATCTAAGGAG,502689,TGTGGTGAGATAACTG
4300,GGTTTCCTCCCTCAAC,502915,CGTATTTAGATTGACA
4301,GGTTTCCTCCCTTGCG,502926,CGTATTTAGCTTGTTG
4302,GGTTTCCTCCTGTTCA,502977,CGTATTTAGGTATAGC
4303,GGTTTCCTCGTTAACA,503057,CGTATTTAGAAACCGT
4304,GGTTTCCTCTAACTGA,503072,CGTATTTAGCGTATTT
4305,GGTTTCCTCTTAGTCT,503130,CGTATTTAGATTGAGC
4306,GGTTTGTAGCACAGAA,503590,AATCTGTTCTTAAGGA
4307,GGTTTGTAGCCTCTCG,503627,AATCTGTTCCTGCCAG
4308,GGTTTGTAGGCGAAAC,503745,AATCTGTTCACGCCCA
4309,GGTTTGTAGGGTCCAC,503777,AATCTGTTCATAGCTT
4310,GGTTTGTAGGGTGAGT,503780,AATCTGTTCACATAGA
4311,GGTTTGTAGTAACAGG,503816,AATCTGTTCGCTTCAA
4312,GGTTTGTAGTAGCGCC,503831,AATCTGTTCTGTCAGC
4313,GTAAAGCCACAAGCCT,504030,GCGTTATGTTCATTGA
4314,GTAAAGCCACCTGTAA,504075,GCGTTATGTTTATGGC
4315,GTAAAGCCATACCCGG,504214,GCGTTATGTCACCATG
4316,GTAAAGCCATAGACTT,504217,GCGTTATGTTGCGCGT
4317,GTAAGCAAGAACCTAC,504305,ACTTAGTTCATTAACC
4318,GTAAGCAAGAATCTCA,504310,ACTTAGTTCTTAGGTT
4319,GTAAGCAAGGAAGCAC,504465,ACTTAGTTCTAGCCTA
4320,GTAAGCAAGGACCTTG,504476,ACTTAGTTCCACTAAT
4321,GTAAGCAAGTAGCGGG,504600,ACTTAGTTCTAACCGC
4322,GTAAGCAAGTGAGCGG,504639,ACTTAGTTCATCACAT
4323,GTAAGCGCAATAGTCT,504764,TATGGCTGTGTCCTGA
4324,GTAAGCTTCATAACGC,505140,GGTGGCTAGGAGTCAT
4325,GTAAGCTTCATGGTGT,505165,GGTGGCTAGCGGTCAA
4326,GTAAGCTTCCATCAGG,505204,GGTGGCTAGGCTAAAC
4327,GTAAGCTTCCTACCTA,505257,GGTGGCTAGTTACTAC
4328,GTAAGCTTCCTAGTTT,505260,GGTGGCTAGGTCCGTT
4329,GTAAGCTTCCTGATTT,505274,GGTGGCTAGCACAGCA
4330,GTAAGCTTCTTGCTAT,505442,GGTGGCTAGCCATCAC
4331,GTAAGGTCAACTCGCG,505493,TCAACCGGTGCGCAAG
4332,GTAAGGTCAAGGAATC,505506,TCAACCGGTCAACCGC
4333,GTAAGGTCAGGCTAGA,505703,TCAACCGGTTGGCGGA
4334,GTAAGGTCAGGCTTGT,505706,TCAACCGGTTGCAAGA
4335,GTAAGGTCAGGTTATT,505713,TCAACCGGTTTGGTGT
4336,GTAAGGTCATAAAGCA,505738,TCAACCGGTAATAAGC
4337,GTAAGGTCATGTGGGA,505802,TCAACCGGTGCTTCTC
4338,GTAAGGTCATTGCGTA,505826,TCAACCGGTGTGATTC
4339,GTAATAGCAACCTAAT,505870,GGCTTTGGTAGCTTAC
4340,GTAATAGCAATGAAGC,505926,GGCTTTGGTATAGCGA
4341,GTAATAGCACCAAAGG,505972,GGCTTTGGTTTCCAAA
4342,GTAATAGCACCAACCG,505973,GGCTTTGGTACTGGCC
4343,GTAATAGCACTAAGTT,506009,GGCTTTGGTTGCTTCC
4344,GTAATAGCATAGCGAG,506139,GGCTTTGGTCTAACCG
4345,GTAATAGCATTAGGTT,506198,GGCTTTGGTCCTTGAG
4346,GTACAATGTGAGACTC,506389,TAGGGTCCAAAGAAGC
4347,GTACAATGTGCATTTC,506409,TAGGGTCCACCAGCTC
4348,GTACAATGTGCTTTAC,506424,TAGGGTCCAGGAATAA
4349,GTACAATGTTTGGGCG,506597,TAGGGTCCAAGGTGTC
4350,GTACACCCACATTAAC,506736,GTGCGAGGTTCACGCA
4351,GTACACCCATATTGAC,506912,GTGCGAGGTGCCGGAA
4352,GTACCGGGTGGGTGAA,507203,AGTCCTTCAAGTATCG
4353,GTACGTAGTAATTAGC,507779,AATGAAGCAGTTGGGT
4354,GTACGTAGTACAATGT,507781,AATGAAGCACTCAATC
4355,GTACGTAGTGGATTCA,507962,AATGAAGCAGGTTCCC
4356,GTACGTAGTTAGCAGC,508023,AATGAAGCACATGCCC
4357,GTACTAATCAAGCGCC,508143,AAGGCTTAGCCTGTCG
4358,GTACTAATCATGAAGG,508217,AAGGCTTAGTAAGCGT
4359,GTACTAATCCGCAACA,508294,AAGGCTTAGGAGTATC
4360,GTACTAATCCGCATGA,508297,AAGGCTTAGTCACTAT
4361,GTACTAATCCTCCTAA,508333,AAGGCTTAGAAGGGTA
4362,GTACTAATCGTTCACC,508431,AAGGCTTAGCAACAAC
4363,GTACTAGGTTGACTTC,508832,GACTGCGCATCACAGA
4364,GTACTAGGTTTACCGT,508868,GACTGCGCAGCAAGTC
4365,GTACTGGTCATGGCCA,508993,CTTATGTAGGTATGGT
4366,GTACTGGTCCAGGGAG,509029,CTTATGTAGTTATTGC
4367,GTACTGGTCCGGAACC,509068,CTTATGTAGGATTTGA
4368,GTACTGGTCGTTTCCA,509198,CTTATGTAGCCGCTAT
4369,GTACTGGTCTCAATAG,509224,CTTATGTAGGGCTAAT
4370,GTACTGGTCTCCTCAA,509235,CTTATGTAGCGCTAAG
4371,GTACTTAAGGAAGCAC,509447,TTCCGCCTCTAGCCTA
4372,GTACTTCGTACCTTAC,509704,ATAGGTTCATTTCGCG
4373,GTACTTCGTCAGGCAT,509770,ATAGGTTCAACCTCGC
4374,GTACTTCGTTAACGGC,509916,ATAGGTTCACTTAGGA
4375,GTACTTCGTTCGCGCT,509974,ATAGGTTCAATCATGG
4376,GTAGCGCTCAAGCTTA,510445,CATAACAAGCAGCCAA
4377,GTAGCGCTCATCCTCA,510514,CATAACAAGAACAAGG
4378,GTAGCGCTCTGCAACG,510776,CATAACAAGCCTTGCG
4379,GTAGCGCTCTTAGGGT,510795,CATAACAAGCATTAAG
4380,GTAGCTGTCAAGACTC,510825,GCGATATAGGCGCATA
4381,GTAGCTGTCAGCATTA,510873,GCGATATAGCGAAGTT
4382,GTAGGAGGTTTGAGCA,511569,TGCATGACATAGACGC
4383,GTAGGATCATACTCCT,511881,ACGTAAGGTCTTGGAT
4384,GTAGGATCATGGAGGC,511925,ACGTAAGGTGAGGTAC
4385,GTAGGCGAGGGTGAGT,512214,TAGTGCCTCACATAGA
4386,GTAGGCGAGTGACCTG,512302,TAGTGCCTCTAGGCGA
4387,GTAGGTGCACCTGGTG,512508,GGTTATCGTTAATCCA
4388,GTAGGTGCACTAAGCC,512522,GGTTATCGTTAGGCGG
4389,GTAGGTGCACTGGCTG,512532,GGTTATCGTAGGATCA
4390,GTAGTTATCCCTGACT,512889,CCCGCTAAGGTGGGAG
4391,GTAGTTATCTAACCTT,513039,CCCGCTAAGCAAATTG
4392,GTAGTTATCTGCAAGT,513079,CCCGCTAAGTTTGAGA
4393,GTAGTTTCAACCCTAA,513149,TGGATTCGTTCCGGGT
4394,GTAGTTTCAACTAACT,513155,TGGATTCGTTCCCGTT
4395,GTAGTTTCACAAGCCT,513232,TGGATTCGTTCATTGA
4396,GTAGTTTCACGAATTT,513280,TGGATTCGTACCGTGC
4397,GTAGTTTCAGGCTACT,513368,TGGATTCGTTTGTAGC
4398,GTAGTTTCATAGCTTG,513424,TGGATTCGTGTGATGA
4399,GTAGTTTCATTAGGCC,513479,TGGATTCGTGTCCGGT
4400,GTATCGCCAAACCTTG,513507,TCTGGGCGTCCTCCAT
4401,GTATCGCCAAAGCGGC,513516,TCTGGGCGTGGATTAG
4402,GTATCGCCAAGGGTTG,513560,TCTGGGCGTCCTCCTG
4403,GTATCGCCACTCAACA,513679,TCTGGGCGTTAACCAC
4404,GTATGTGGTCATTGTC,514005,AGTGCACCAATTGCCT
4405,GTATGTGGTGAACAAA,514048,AGTGCACCAAATGCTG
4406,GTATGTTCAATAACGA,514341,TTGCTGGGTGCTGTTG
4407,GTATGTTCACAATGCC,514384,TTGCTGGGTCCAATTA
4408,GTATGTTCAGCCAGAA,514483,TTGCTGGGTGGTTCTG
4409,GTATTCAAGGTCCAAT,514912,CGTTAGCTCCACAATT
4410,GTATTCAAGGTCGATT,514918,CGTTAGCTCTCTCGCC
4411,GTATTCAAGGTTACAC,514927,CGTTAGCTCCTCTCGC
4412,GTATTGATCGAGGTGG,515269,CAATAGCAGTAAGTCA
4413,GTATTGATCTAATTGG,515350,CAATAGCAGCTATCGC
4414,GTATTGCAGATAACCC,515461,CTTCACTTCATTTAGC
4415,GTATTGCAGCGCCTTT,515534,CTTCACTTCTATTGAC
4416,GTATTGCAGGGCCATC,515661,CTTCACTTCACCCTCC
4417,GTATTGCAGTCTGGGC,515750,CTTCACTTCCCAGTAC
4418,GTATTGTCACACAATT,515923,GCATGAAGTCGGTTTG
4419,GTATTGTCAGGCTTGT,516058,GCATGAAGTTGCAAGA
4420,GTCAAACTCGGGACTC,516457,GAATCACAGCCATAGG
4421,GTCAATATCAATCTCT,516593,GTGTGTGAGGCCTAAG
4422,GTCAATATCATAACTG,516645,GTGTGTGAGCAGGTAT
4423,GTCAATATCGAGCTAT,516802,GTGTGTGAGGTATGTA
4424,GTCAGGCTCCTTGCGT,517177,CTAGTAAAGATTCATC
4425,GTCAGGCTCGCATTAA,517204,CTAGTAAAGCTAGTTT
4426,GTCAGGCTCTGCAAGT,517301,CTAGTAAAGTTTGAGA
4427,GTCATCACAATATGGA,517423,TGATGAGGTGCAATAG
4428,GTCATCACAGCCTAAC,517558,TGATGAGGTAAACCAG
4429,GTCATCACATGAGCAG,517675,TGATGAGGTCATAACC
4430,GTCATCCTCGTAATCA,518007,GTGTAACAGGTTGCGA
4431,GTCATGAGTAATAACC,518127,GTGGGAACATGTCATC
4432,GTCATGAGTAATGGCC,518136,GTGGGAACACTCCCTT
4433,GTCATGAGTGCCGCAA,518298,GTGGGAACAAGGTCAC
4434,GTCATGAGTTAGTTGG,518394,GTGGGAACAATAGCAT
4435,GTCATGCCACTTCATC,518677,GTAGCTTGTATTTGGC
4436,GTCATGCCATGCAACC,518828,GTAGCTTGTTGGGCCT
4437,GTCATTAAGCCTAATA,518968,CGTGTGTTCAAACCAA
4438,GTCATTAAGGTCAAAG,519132,CGTGTGTTCCTTTAGG
4439,GTCCAAGTCAAGGACA,519272,ATAACTGAGTTTCACG
4440,GTCCAAGTCATGCATA,519347,ATAACTGAGCACCTAC
4441,GTCCAAGTCCCTGTTA,519417,ATAACTGAGCCAGTAG
4442,GTCCAAGTCCTGGTGA,519468,ATAACTGAGACACGCA
4443,GTCCATTGTAACGGGA,520034,CGTTTCGCACTGGCAG
4444,GTCCATTGTATGGTGC,520095,CGTTTCGCAGTATTGG
4445,GTCCATTGTCCTAATC,520155,CGTTTCGCACGGTAAC
4446,GTCCATTGTGGACCTG,520232,CGTTTCGCACAATAAC
4447,GTCCATTGTTTACCGT,520376,CGTTTCGCAGCAAGTC
4448,GTCCGTAAGCGGCTGT,520525,GCTATGCTCAGCGATG
4449,GTCCGTAAGGTTACAC,520681,GCTATGCTCCTCTCGC
4450,GTCCTAGAGAACCTAC,520795,CTAATGTTCATTAACC
4451,GTCCTAGAGAATGACG,520801,CTAATGTTCCCACCCT
4452,GTCCTAGAGGCTAATC,521013,CTAATGTTCCGTCCAG
4453,GTCCTCAGTAAGGTCC,521190,TAGTCTCCAATTTGGG
4454,GTCCTCAGTAGACAAA,521223,TAGTCTCCAATCGCCC
4455,GTCCTCAGTGCATTAG,521362,TAGTCTCCAACCAACA
4456,GTCCTCAGTGTTAGCA,521410,TAGTCTCCAAGTTAGT
4457,GTCCTCCCAACTAACT,521593,ATGGGCGGTTCCCGTT
4458,GTCCTCCCAGAGAGCC,521751,ATGGGCGGTAGCTGTT
4459,GTCCTCCCAGCAAATA,521756,ATGGGCGGTTGCGTGC
4460,GTCCTCCCAGCGCTTG,521777,ATGGGCGGTGGACAAC
4461,GTCCTCCCAGGACCTT,521793,ATGGGCGGTTGCTCTC
4462,GTCCTCCCAGGTATTT,521813,ATGGGCGGTTACGCCA
4463,GTCCTCCCATAGCTTG,521862,ATGGGCGGTGTGATGA
4464,GTCGAAGCACAGAACG,522063,CTGTGCAGTATTCAGC
4465,GTCGAAGCAGCCGCTA,522157,CTGTGCAGTGTCCGTA
4466,GTCGAAGCAGGCATGA,522183,CTGTGCAGTGGTGCAG
4467,GTCGAGGAGGACCTGC,522499,ATACCTGTCGGTTAGG
4468,GTCGAGGAGTCCTTCA,522648,ATACCTGTCTCAGCTA
4469,GTCGCAATCCTAGTAA,522898,TAGCTTTAGTGCTCCG
4470,GTCGCAATCGATAACC,522942,TAGCTTTAGGCCTTGT
4471,GTCGCAATCGATTTAG,522947,TAGCTTTAGACAACGT
4472,GTCGCAATCGTGCCTT,522996,TAGCTTTAGGACACGC
4473,GTCGGTTCAAGTTATC,523163,GCTTTGGGTTGGCCAC
4474,GTCGGTTCACTCAACA,523269,GCTTTGGGTTAACCAC
4475,GTCGGTTCATGAAATG,523422,GCTTTGGGTACTGACT
4476,GTCGGTTCATGTGGGA,523442,GCTTTGGGTGCTTCTC
4477,GTCTAACAGAGAAGGG,523503,CGGTCATTCCCAAAGG
4478,GTCTAACAGGCCTGGT,523687,CGGTCATTCCTTGCAA
4479,GTCTAACAGGGTGAGT,523724,CGGTCATTCACATAGA
4480,GTCTAACAGGTCCAAT,523736,CGGTCATTCCACAATT
4481,GTCTAACAGTCACGAT,523789,CGGTCATTCGTTAGTT
4482,GTCTAATCAACTAGAA,523898,GCACTCAGTTAACTGC
4483,GTCTAATCACTGGCCA,524041,GCACTCAGTCCTGAGC
4484,GTCTAATCATAGCTGC,524165,GCACTCAGTCATCATA
4485,GTCTAATCATCGTTCT,524187,GCACTCAGTTATTGTG
4486,GTCTAGCCAACAACAA,524268,AAGGCACGTTCAATTG
4487,GTCTAGCCACTGGCTG,524426,AAGGCACGTAGGATCA
4488,GTCTAGCCAGAAATGC,524434,AAGGCACGTTATGGGA
4489,GTCTAGCCAGCATTAT,524458,AAGGCACGTTGAGGGT
4490,GTCTAGCCAGGGAGCT,524499,AAGGCACGTGAGCATA
4491,GTCTAGCCAGTAATAG,524510,AAGGCACGTGATTCTA
4492,GTCTATCGTGTCCAGG,524855,AGTTACGCAAAGGTAA
4493,GTCTATCGTGTGAGGA,524858,AGTTACGCAAGGACGA
4494,GTCTATGCACCTGTAA,525169,GTTACCGGTTTATGGC
4495,GTCTATGCATAATGAG,525305,GTTACCGGTCCCAGAC
4496,GTCTATGCATTGTCAG,525386,GTTACCGGTTTAATCG
4497,GTCTCACTCATAATCG,525469,GGTTTCCAGCTCAAGG
4498,GTCTTGCTCACCAATA,525813,AACGTACAGCAAACAC
4499,GTCTTGCTCACCGGTA,525815,AACGTACAGCCTTAAT
4500,GTCTTGCTCCGGAACC,525948,AACGTACAGGATTTGA
4501,GTCTTGCTCCTGGCTT,525986,AACGTACAGTCACTCA
4502,GTCTTTAGTGGGTGAA,526379,GTGCTGGCAAGTATCG
4503,GTCTTTAGTGTCCAAA,526388,GTGCTGGCATTGTTTG
4504,GTCTTTAGTGTGTGGT,526396,GTGCTGGCAAAGGCCT
4505,GTCTTTGTCAGCACGC,526600,TAGTCTTAGTTATGGA
4506,GTCTTTGTCTTCAATC,526910,TAGTCTTAGAAGCTAC
4507,GTGAACAAGCCGCTAA,527018,CACAACCTCAGTTTAC
4508,GTGAACAAGCTGTAAC,527074,CACAACCTCTCGACTA
4509,GTGAACAAGGAGCATA,527110,CACAACCTCCGTAAGG
4510,GTGAACAAGGGCTAAA,527170,CACAACCTCGCTAGAG
4511,GTGAACAAGTAGGATG,527230,CACAACCTCTAGTTAC
4512,GTGAATCTCACGCGGT,527355,AATGAGGAGAGGCTAT
4513,GTGAATCTCCGCATGA,527477,AATGAGGAGTCACTAT
4514,GTGAATCTCGAGCTAT,527542,AATGAGGAGGTATGTA
4515,GTGAATCTCGTACCGA,527596,AATGAGGAGCTTAGAA
4516,GTGAGCGAGCTAATCA,527822,TAAAGCATCGCGCTCA
4517,GTGAGCGAGCTGTCAG,527844,TAAAGCATCGCGAGTA
4518,GTGAGCGAGGAAGCTA,527862,TAAAGCATCCTTTGAG
4519,GTGAGCGAGGAGCAAC,527876,TAAAGCATCCTAAATC
4520,GTGAGGAGTGCACGCA,528266,TGAACCACATAAGCAT
4521,GTGAGGAGTGCATTAG,528268,TGAACCACAACCAACA
4522,GTGATCAGTAAACAAG,528463,TCCTGATCAAATATGC
4523,GTGATCAGTAGGTGTC,528522,TCCTGATCACGCCCAT
4524,GTGATCAGTTATTGCC,528754,TCCTGATCAACGGTGT
4525,GTGATCAGTTTCCTCC,528827,TCCTGATCATCCTGCA
4526,GTGATGAAGGCGAAAC,529057,TCGGTTATCACGCCCA
4527,GTGATGAAGGCGGATG,529063,TCGGTTATCTAACTAC
4528,GTGATGAAGGTAAGGC,529098,TCGGTTATCCCTCGCT
4529,GTGATGAAGTGAACGA,529178,TCGGTTATCTGGATCC
4530,GTGCAAGCAATTTAGC,529333,AATGTGGGTTATATCG
4531,GTGCAAGCATAATCGT,529522,AATGTGGGTTCTTTGT
4532,GTGCAAGCATTATGCG,529593,AATGTGGGTGTTAACC
4533,GTGCACGGTGGATTAT,529823,TAAAGCTCATAATGCG
4534,GTGCACGGTTAACACG,529859,TAAAGCTCACATTGTC
4535,GTGCACGGTTACGCGG,529878,TAAAGCTCAACGGTTA
4536,GTGCACGGTTAGCGTA,529888,TAAAGCTCACCTTGCA
4537,GTGCACGGTTGTTCAC,529957,TAAAGCTCAAATAAGG
4538,GTGCATTAGCAATAGG,530051,CTGATATTCACTAAGA
4539,GTGCATTAGCACGTTG,530057,CTGATATTCGGCTATC
4540,GTGCATTAGCATGTTA,530072,CTGATATTCAAACTTC
4541,GTGCATTAGCCTGACA,530091,CTGATATTCGACCTTA
4542,GTGCATTAGCTCCCTG,530131,CTGATATTCACGAATA
4543,GTGCATTAGTCGCTAG,530321,CTGATATTCCATCAGC
4544,GTGCCTTTCACATTGA,530412,ATGACTAAGAGAGCAA
4545,GTGCCTTTCCTCAGCT,530573,ATGACTAAGTAAAGCC
4546,GTGCCTTTCTTCAATC,530744,ATGACTAAGAAGCTAC
4547,GTGCGCAGTCATCAAG,530872,TGTCCATCAGCTCAAA
4548,GTGCGCAGTGATGGCT,530942,TGTCCATCATTCATTG
4549,GTGCGCAGTGTTTGCT,531006,TGTCCATCATCCTAGT
4550,GTGCGGTTCAATCATG,531163,CCTCAGTAGTACCGGA
4551,GTGCGGTTCCTAATAG,531330,CCTCAGTAGGTCACGA
4552,GTGCTCAAGCACCACA,531589,TTGTTCCTCTAACTGT
4553,GTGCTCAAGCTTCTCA,531683,TTGTTCCTCTTTAGGT
4554,GTGCTCAAGGAATAAC,531696,TTGTTCCTCTAGTTGT
4555,GTGCTCAAGGGTTAGA,531778,TTGTTCCTCCAGCTAC
4556,GTGCTCAAGTAGCGCC,531827,TTGTTCCTCTGTCAGC
4557,GTGCTCAAGTTAGGCT,531885,TTGTTCCTCAAACTGA
4558,GTGCTCCGTAACGTGC,531923,TGCAGGTCATTGAGGC
4559,GTGCTCCGTGATCAGC,532087,TGCAGGTCAGCCAAAC
4560,GTGCTCCGTGATCATG,532088,TGCAGGTCATGCCTCA
4561,GTGCTCCGTTGTTGTC,532260,TGCAGGTCAAATGCGC
4562,GTGCTCCGTTTATCTG,532271,TGCAGGTCATAATGGT
4563,GTGCTGATCCTTAAGA,532506,CTTAGTTAGCCAAACG
4564,GTGCTGATCGTTATCT,532592,CTTAGTTAGGCTATAA
4565,GTGCTGGGTACAATGT,532709,GGAGTCTCACTCAATC
4566,GTGCTGGGTCCTAATC,532809,GGAGTCTCACGGTAAC
4567,GTGCTGGGTGACATGC,532844,GGAGTCTCAACAGGGA
4568,GTGCTTACAAATTGCT,533083,TAGGCGGGTAAGTACG
4569,GTGCTTACAATTAAGG,533157,TAGGCGGGTTGCAATC
4570,GTGCTTACACGAATTT,533222,TAGGCGGGTACCGTGC
4571,GTGCTTCTCATTATGG,533552,TAGTTAGAGTCCTTAG
4572,GTGCTTCTCGATCAGT,533680,TAGTTAGAGAACCTTT
4573,GTGGATGCAAACTAAG,534220,TTGAACCGTTACCCAG
4574,GTGGCTTCAATACTGT,534673,CGTTCCTGTTGTAACC
4575,GTGGCTTCATAGGCGA,534903,CGTTCCTGTGCACAAA
4576,GTGGTTAGTATTGTGG,535061,ACGTAATCAGTCTATC
4577,GTGGTTAGTTGTTCAC,535325,ACGTAATCAAATAAGG
4578,GTGGTTAGTTTATGGG,535340,ACGTAATCACTGTCAT
4579,GTGGTTAGTTTGGTTC,535359,ACGTAATCACATGCAA
4580,GTGTAACTCAAGGACA,535376,CCAAGTGAGTTTCACG
4581,GTGTAACTCAATCTCT,535383,CCAAGTGAGGCCTAAG
4582,GTGTAACTCGCCTGTT,535612,CCAAGTGAGCCTTCAA
4583,GTGTCCAAGGATAAAC,535936,GTATTCGTCTACTACG
4584,GTGTGAGCAGCACGAA,536338,GCGCTACGTAATCACC
4585,GTGTGAGCATCATGTG,536447,GCGCTACGTCCCGGAT
4586,GTGTGTTAGAGAAGGG,536923,AACTTGTTCCCAAAGG
4587,GTGTGTTAGCAAGGTA,536952,AACTTGTTCAGCGGGT
4588,GTGTGTTAGCCGCAAC,536984,AACTTGTTCTTTGGGC
4589,GTGTGTTAGCTTTGGG,537053,AACTTGTTCCCAATAT
4590,GTGTTACAGAATCGCT,537289,TGCTGGTTCCTGATCA
4591,GTGTTACAGAGGAAGG,537314,TGCTGGTTCGCATTGC
4592,GTGTTACAGCATGTTA,537358,TGCTGGTTCAAACTTC
4593,GTGTTACAGCGAAGTA,537384,TGCTGGTTCAAATCGA
4594,GTGTTACAGCTGGAAA,537423,TGCTGGTTCCTAAGAA
4595,GTGTTACAGCTTCCCG,537434,TGCTGGTTCATTCAGT
4596,GTGTTACAGTAGCGCC,537579,TGCTGGTTCTGTCAGC
4597,GTGTTCCTCAAGCTTA,537677,CGAATTAAGCAGCCAA
4598,GTGTTCCTCGATCAGT,537900,CGAATTAAGAACCTTT
4599,GTGTTCCTCGCTATAA,537922,CGAATTAAGGATTGAC
4600,GTGTTCCTCTAGCGAT,537983,CGAATTAAGGCAGGTC
4601,GTGTTCCTCTGGCATG,538011,CGAATTAAGTATAGTG
4602,GTGTTCCTCTTGCAAA,538035,CGAATTAAGTACTGGG
4603,GTTAAACGTGCTTAGA,538251,GTTGCGGCAAGGTGCT
4604,GTTAACCAGCCGGTAC,538522,CGCTCAGTCCTACTAG
4605,GTTAACGGTAAACAAG,538815,GATCCTTCAAATATGC
4606,GTTAACGGTGAAGCCT,538977,GATCCTTCACCTCAGC
4607,GTTAACGGTGGTGAGA,539032,GATCCTTCAATTGAGT
4608,GTTAACGGTTCACTGT,539111,GATCCTTCAATAGCCA
4609,GTTAACGGTTCATCTA,539112,GATCCTTCAGGTAAGG
4610,GTTAAGCTCCTTAAGA,539408,AGCTAGTAGCCAAACG
4611,GTTAAGTGTGCCGCAA,539770,AATCACGCAAGGTCAC
4612,GTTAAGTGTGCTCACC,539777,AATCACGCAAATAGCT
4613,GTTAAGTGTTAAGGTT,539835,AATCACGCATTGTCCG
4614,GTTAAGTGTTACCGGG,539843,AATCACGCACTTCAAC
4615,GTTAAGTGTTAGCATG,539854,AATCACGCATGCATTC
4616,GTTAAGTGTTAGGCGT,539860,AATCACGCATACTGAG
4617,GTTAATGTCAGCAAAG,540015,GTTGCTCAGTAATGCA
4618,GTTAATGTCCGCCTCA,540130,GTTGCTCAGTCACCAC
4619,GTTAATGTCGTTATAG,540259,GTTGCTCAGGATAACC
4620,GTTAATGTCTCACACC,540292,GTTGCTCAGCGGTTCT
4621,GTTAATGTCTTGCTAT,540336,GTTGCTCAGCCATCAC
4622,GTTACAGGTTACCTGT,540610,TTTGAGGCATGAATCG
4623,GTTACAGGTTTACCGT,540698,TTTGAGGCAGCAAGTC
4624,GTTACCTGTAATCACG,540749,ATCGTGACAACGTGGT
4625,GTTACCTGTCCGCTGT,540853,ATCGTGACAGCTCATT
4626,GTTACCTGTGAGACTC,540897,ATCGTGACAAAGAAGC
4627,GTTACCTGTTAGCGTA,541004,ATCGTGACACCTTGCA
4628,GTTACCTGTTGTAACG,541068,ATCGTGACAGGTTATG
4629,GTTACCTGTTTCCTCC,541093,ATCGTGACATCCTGCA
4630,GTTACGCCAACTAGGG,541150,GCTTGATGTTAGTTGC
4631,GTTACGCCAGAACCGA,541302,GCTTGATGTTAATCGC
4632,GTTACGCCATTAAACC,541465,GCTTGATGTTATGTCA
4633,GTTACGTAGGGTTATC,541745,GAGCGGTTCGTCCTAA
4634,GTTACGTAGTACTGGT,541790,GAGCGGTTCACAGATA
4635,GTTACGTAGTTGCCTC,541863,GAGCGGTTCAGCACGA
4636,GTTACTAAGCCTGGTA,541978,GTTTGTGTCGAAGTTA
4637,GTTACTAAGGGCCACT,542118,GTTTGTGTCCAACCTA
4638,GTTACTAAGGTAGCTT,542134,GTTTGTGTCAATGAGC
4639,GTTACTAAGTTTGAGC,542258,GTTTGTGTCAAATCCT
4640,GTTACTCGTATTGTGG,542343,CCTAACTCAGTCTATC
4641,GTTACTCGTCAATACG,542353,CCTAACTCACGCGCAA
4642,GTTACTCGTGATCAGC,542437,CCTAACTCAGCCAAAC
4643,GTTACTCGTTAACACG,542509,CCTAACTCACATTGTC
4644,GTTAGACTCAGCTAAC,542703,CTTCATGAGTATAGCA
4645,GTTAGACTCTGCAAAC,542987,CTTCATGAGTTACAAG
4646,GTTAGGCGTCCGGTTC,543154,TGTAAACCAAGTAAAG
4647,GTTAGGCGTGGCTTCC,543242,TGTAAACCAGCATTAG
4648,GTTCACCTCCATAATG,543545,CCCAACTAGGGTTGGC
4649,GTTCACCTCGAGCAAA,543639,CCCAACTAGATTAGCA
4650,GTTCACCTCGAGGAGT,543642,CCCAACTAGTTCGCGT
4651,GTTCACCTCGTTATAG,543707,CCCAACTAGGATAACC
4652,GTTCATTTCATTGACA,543904,ACAGGTTAGTTGCAGG
4653,GTTCATTTCCCTCATA,543946,ACAGGTTAGACAGGTT
4654,GTTCATTTCTTTGTAC,544178,ACAGGTTAGGTGGAAA
4655,GTTCCCAGTAACGGGA,544188,GGCTGCACACTGGCAG
4656,GTTCCTGGTCTCACTG,544714,ATATAGCCAAGGGAGC
4657,GTTCGCGCAACTAGAA,545364,CGATGAAGTTAACTGC
4658,GTTCGCGCACGTTACA,545495,CGATGAAGTTACAGCT
4659,GTTCGCGCAGCACGTT,545535,CGATGAAGTCAGTAAG
4660,GTTCGCGCATCGTTCT,545653,CGATGAAGTTATTGTG
4661,GTTCGCGCATGAGTTT,545662,CGATGAAGTCACAGGG
4662,GTTCGCTTCAAGGACA,545724,GGTGATTAGTTTCACG
4663,GTTCGCTTCCACAATA,545835,GGTGATTAGGCGTAAT
4664,GTTCGCTTCCTGATTT,545916,GGTGATTAGCACAGCA
4665,GTTCGCTTCTAAGTCA,546019,GGTGATTAGCACTAAA
4666,GTTCTCATCAATCTCT,546115,CTGATGGAGGCCTAAG
4667,GTTCTCATCACGCGGT,546137,CTGATGGAGAGGCTAT
4668,GTTCTCATCCTTAGGG,546308,CTGATGGAGCATCCTA
4669,GTTCTCATCGCACAAT,546338,CTGATGGAGGCTAGCA
4670,GTTCTCATCTTGGACG,546469,CTGATGGAGAATCACA
4671,GTTCTTAGTAATGGCC,546506,GGCTGTGCACTCCCTT
4672,GTTCTTAGTTCCATTA,546779,GGCTGTGCAATTGCTC
4673,GTTCTTAGTTCCGGGA,546782,GGCTGTGCAATCCTAC
4674,GTTCTTGTCAAGCTTA,546873,CGTAATAAGCAGCCAA
4675,GTTCTTGTCACCTGTC,546899,CGTAATAAGTGTGGTG
4676,GTTCTTGTCAGGGCCT,546925,CGTAATAAGCCGATAG
4677,GTTCTTGTCGCAGGCT,547106,CGTAATAAGGTCATTT
4678,GTTCTTGTCGCCTGTT,547110,CGTAATAAGCCTTCAA
4679,GTTCTTGTCGTGCTTC,547150,CGTAATAAGTCATAAG
4680,GTTGCATAGCAAGGAC,547298,CTACTAGTCGCGAAAT
4681,GTTGCATAGCCTGTTC,547346,CTACTAGTCGACATTT
4682,GTTGCATAGGGACGCA,547479,CTACTAGTCCACCCTC
4683,GTTGCATAGTGAGCGG,547583,CTACTAGTCATCACAT
4684,GTTGCCCGTAATGGCC,547656,ACTTCACCACTCCCTT
4685,GTTGCCCGTTTGAGCA,547997,ACTTCACCATAGACGC
4686,GTTGCTGAGCCAGTAT,548478,AAGTCCCTCCCGGAAA
4687,GTTGCTGAGCTAAAGG,548516,AAGTCCCTCGCTCAGT
4688,GTTGCTGAGTAGCCAT,548690,AAGTCCCTCCCTCATT
4689,GTTGCTGAGTATTGCA,548698,AAGTCCCTCCAGCTCG
4690,GTTGCTGAGTGTGATC,548739,AAGTCCCTCGCTTTAG
4691,GTTGCTGAGTTAACCA,548742,AAGTCCCTCGCTATAT
4692,GTTGGAGCAAACCTTG,548781,CGAGTTTGTCCTCCAT
4693,GTTGGAGCAACGTGCT,548812,CGAGTTTGTTCTCACC
4694,GTTGGAGCAATCATGT,548860,CGAGTTTGTAGAGGGA
4695,GTTGGAGCATCATGGC,549092,CGAGTTTGTCCTAAGT
4696,GTTGGCCAGCTAATTG,549287,GAAACACTCCTAGTGC
4697,GTTGGCCAGTAAGAAC,549450,GAAACACTCCTTCAAG
4698,GTTGGCGGTTTACCGT,549896,TCACCTGCAGCAAGTC
4699,GTTGTGAGTCCCGGAA,550050,AGTGATTCAAATGAAG
4700,GTTGTGAGTTAATGCG,550185,AGTGATTCACCTCGAC
4701,GTTGTGAGTTACCTGT,550190,AGTGATTCATGAATCG
4702,GTTGTGAGTTTGCTGT,550300,AGTGATTCATTGTGGA
4703,GTTGTTGCACCGGTAT,550454,AGCGTTTGTCTTGAAC
4704,GTTGTTGCAGGTTCAC,550570,AGCGTTTGTCCTGACA
4705,GTTGTTGCATGAGTTT,550644,AGCGTTTGTCACAGGG
4706,GTTGTTGCATTAGGTT,550670,AGCGTTTGTCCTTGAG
4707,GTTGTTGCATTCCTCG,550676,AGCGTTTGTTGGTGAA
4708,GTTTAACCACCTGCTC,550849,AAACCAGGTACACCGC
4709,GTTTAACCAGTAATAG,550958,AAACCAGGTGATTCTA
4710,GTTTAACCATGCAACC,551030,AAACCAGGTTGGGCCT
4711,GTTTACCGTGCTAGCG,551272,CCAACAACAATGACCA
4712,GTTTACCGTTAGGTTG,551359,CCAACAACATTAACCC
4713,GTTTACCGTTGGCCGA,551408,CCAACAACAAACCTAG
4714,GTTTAGCAGAAAGGAA,551461,GGCTAAGTCACTCGCG
4715,GTTTAGCAGACAACAG,551472,GGCTAAGTCAACAACA
4716,GTTTAGCAGTGCACGC,551801,GGCTAAGTCTAAGTCT
4717,GTTTATCTCAGGCTAT,551906,ATCCTCAAGGCACGTA
4718,GTTTATCTCGAGGAGT,552074,ATCCTCAAGTTCGCGT
4719,GTTTATCTCGCTCACT,552102,ATCCTCAAGAAACCTA
4720,GTTTATCTCGCTTGCT,552105,ATCCTCAAGAGCCGGT
4721,GTTTCAGCAGACAAAC,552420,TCCTTGCGTAGTTGGA
4722,GTTTCAGCAGTATGTT,552497,TCCTTGCGTGCAGTAA
4723,GTTTCAGCATGTCGCG,552575,TCCTTGCGTGAGTTAG
4724,GTTTCCTCAAGCTTAT,552662,ACGGTAAGTCCTAACG
4725,GTTTCCTCAATTAGGA,552709,ACGGTAAGTGGTTAAG
4726,GTTTCCTCACGGTTTA,552775,ACGGTAAGTTCGCTTC
4727,GTTTCCTCAGCCTAAC,552828,ACGGTAAGTAAACCAG
4728,GTTTCCTCATGAATAG,552942,ACGGTAAGTTATCCGG
4729,GTTTCTAGTCATTGAG,553112,GGCGATTCATGCTCCA
4730,GTTTCTAGTCGACTAA,553134,GGCGATTCAGTTTCTA
4731,GTTTCTAGTTAGCTGA,553271,GGCGATTCAACGGTAC
4732,GTTTCTAGTTTGGGCG,553371,GGCGATTCAAGGTGTC
4733,GTTTGCTGTCTAACCT,553527,GCTGCTCCAAACTAGT
4734,GTTTGTAAGACAGGCG,553777,ATTAGCTTCACTATGT
4735,GTTTGTAAGCTGGAAA,553901,ATTAGCTTCCTAAGAA
4736,GTTTGTCGTACCGAAC,554176,AAGGAACCACAAAGCC
4737,GTTTGTCGTGGAAGGC,554348,AAGGAACCAGCCAGTG
4738,GTTTGTCGTTCGCTTG,554452,AAGGAACCACTTGCTG
4739,GTTTGTCGTTTATCTG,554501,AAGGAACCATAATGGT
4740,GTTTGTCGTTTGAGGC,554512,AAGGAACCACCAAAGC
4741,GTTTGTTTCCCATAGG,554664,ATTCAAGAGCTTATCG
4742,GTTTGTTTCGGGACTC,554793,ATTCAAGAGCCATAGG
4743,GTTTGTTTCTAATCCT,554836,ATTCAAGAGGATGCGC
4744,TAAACAGCAATATACC,554989,AGCAAGCGTAGGCGCA
4745,TAAACAGCAATTAGCT,555006,AGCAAGCGTCCAAATC
4746,TAAACAGCACTAAGTT,555081,AGCAAGCGTTGCTTCC
4747,TAAACAGCAGGCTACT,555158,AGCAAGCGTTTGTAGC
4748,TAAACAGCATAATGAG,555203,AGCAAGCGTCCCAGAC
4749,TAAAGCCTCCCTTGCG,555452,AACACTAAGCTTGTTG
4750,TAAAGCCTCCTGGTGA,555502,AACACTAAGACACGCA
4751,TAAAGCCTCGGGACCT,555560,AACACTAAGCTGGATG
4752,TAAAGCCTCTTCAATC,555658,AACACTAAGAAGCTAC
4753,TAAAGCCTCTTGGACG,555667,AACACTAAGAATCACA
4754,TAACAAGCAAGCTTAT,555728,ATGTTGCGTCCTAACG
4755,TAACAAGCAAGGTATA,555737,ATGTTGCGTGAACAAT
4756,TAACAAGCATGAGCAG,556011,ATGTTGCGTCATAACC
4757,TAACAAGCATGCATAT,556015,ATGTTGCGTAATGGTG
4758,TAACAAGCATTGTGGC,556056,ATGTTGCGTGCTTCGA
4759,TAACCAGGTAGTTAAC,556126,GCAGGAACATCCGGGA
4760,TAACCAGGTCCTAACT,556189,GCAGGAACACCTTCAG
4761,TAACCAGGTCCTTTAA,556198,GCAGGAACAGAAATGA
4762,TAACCGGTCACGCATG,556483,AACGGTTAGTTACCCA
4763,TAACCGGTCAGGTTTA,556509,AACGGTTAGTGCACCT
4764,TAACCGGTCATGAGCT,556529,AACGGTTAGAGGAATG
4765,TAACCGGTCTGCAAAC,556785,AACGGTTAGTTACAAG
4766,TAACCTAAGCGCTCAA,556942,CGATATTTCGCTTGTA
4767,TAACCTAAGGACAACA,556995,CGATATTTCTATGCAT
4768,TAACCTAAGGACTTAC,557005,CGATATTTCGCCTGTG
4769,TAAGCCAGTACGTTTC,557253,AACCACACATTTCTTC
4770,TAAGCCAGTGGAAGGC,557416,AACCACACAGCCAGTG
4771,TAAGCCAGTTCACTGT,557507,AACCACACAATAGCCA
4772,TAAGCCAGTTTAGCGA,557565,AACCACACACAGCACG
4773,TAAGCCTAGGCGGATG,557811,GCTTAATTCTAACTAC
4774,TAAGCCTAGGTCCGTA,557854,GCTTAATTCTAATCAC
4775,TAAGCTGGTTAGTACG,558644,CCAGAACCAACAGGCT
4776,TAAGCTGGTTCCAGGG,558660,CCAGAACCAAGCGCAT
4777,TAAGGACCAATTGCGC,558846,GCGAAACGTACTAACC
4778,TAAGGACCACAATACT,558857,GCGAAACGTTTCTCAT
4779,TAAGGACCACCAAAGG,558878,GCGAAACGTTTCCAAA
4780,TAAGGACCACTTGTTC,558930,GCGAAACGTGGTTACT
4781,TAAGGACCAGGACCTT,558979,GCGAAACGTTGCTCTC
4782,TAAGGACCATGGCCTG,559087,GCGAAACGTTCCGGAC
4783,TAAGGCTTCACTCAAA,559174,GTAGGTTAGGTGCGTA
4784,TAAGGCTTCATGCAAC,559214,GTAGGTTAGGTCATGG
4785,TAAGGCTTCGGGACTC,559395,GTAGGTTAGCCATAGG
4786,TAAGGCTTCGGTTACG,559403,GTAGGTTAGGACTTAA
4787,TAAGGCTTCTAAGGAG,559433,GTAGGTTAGATAACTG
4788,TAAGGCTTCTCGCCTG,559467,GTAGGTTAGCTTTAAC
4789,TAAGGCTTCTTTAAGG,559506,GTAGGTTAGTTTGTCG
4790,TAAGTAGCATTGCGTA,559884,GTTAACCGTGTGATTC
4791,TAAGTGCTCATTTGCT,560010,GGGCTTAAGCTTTAGT
4792,TAAGTGCTCATTTGTC,560011,GGGCTTAAGAATCGAC
4793,TAAGTGCTCGAGGAGT,560126,GGGCTTAAGTTCGCGT
4794,TAAGTGCTCGGTCAAT,560168,GGGCTTAAGTTTACGT
4795,TAAGTGCTCTGTAAGC,560244,GGGCTTAAGTTAACCT
4796,TAAGTGCTCTTTAAGG,560274,GGGCTTAAGTTTGTCG
4797,TAATCACCAAGGACCA,560333,TCACATAGTAACCGCC
4798,TAATCACCACAGACTC,560402,TCACATAGTACCGGCT
4799,TAATCACCACCTGCTC,560435,TCACATAGTACACCGC
4800,TAATCACCATGTCAAT,560625,TCACATAGTTGCGAGG
4801,TAATCCGCAATCCCTT,560747,CTTAATGGTAACGTGA
4802,TAATCCGCACAAACTT,560769,CTTAATGGTCAATACC
4803,TAATCCGCACCCACAG,560804,CTTAATGGTCGCAACC
4804,TAATGCATCACGCGGT,561089,CTGGACAAGAGGCTAT
4805,TAATGCATCAGGTCCA,561112,CTGGACAAGTCATCAT
4806,TAATGCATCATCCTCA,561128,CTGGACAAGAACAAGG
4807,TAATGCATCGGGACTC,561315,CTGGACAAGCCATAGG
4808,TAATGCATCTAATCTC,561359,CTGGACAAGCTACCTA
4809,TAATGCATCTTAGTCT,561410,CTGGACAAGATTGAGC
4810,TAATGGACAACTCGCG,561471,GCGTACCGTGCGCAAG
4811,TAATGGACAATTGACT,561532,GCGTACCGTAAGGTGC
4812,TAATGGACAATTGCGC,561534,GCGTACCGTACTAACC
4813,TAATGGACACAAAGGT,561540,GCGTACCGTCACACCA
4814,TAATGGACAGTAAAGC,561694,GCGTACCGTTTACTAG
4815,TAATGGACATAGCGGA,561734,GCGTACCGTAGCTTTA
4816,TAATGGTGTCATAGAT,561923,ATGTGATCACCATGCC
4817,TAATGGTGTCTATCGT,561967,ATGTGATCAGTGAACC
4818,TAATGGTGTTACGCGG,562080,ATGTGATCAACGGTTA
4819,TAATTGCCAAACAACA,562197,TGGTAAGGTGTGTTAC
4820,TAATTGCCAAGGTCCT,562258,TGGTAAGGTTTGGCTG
4821,TAATTGCCAATGCGCT,562291,TGGTAAGGTTTCACCC
4822,TAATTGCCACCTAAGC,562344,TGGTAAGGTATCGCTG
4823,TAATTGCCACGGTACT,562360,TGGTAAGGTGCAACGG
4824,TAATTGCCAGAAACGT,562385,TGGTAAGGTGCACGCT
4825,TAATTGCCATCACAGC,562508,TGGTAAGGTTCCTGGA
4826,TAATTGCCATCCGTAA,562518,TGGTAAGGTACGTAAG
4827,TACAACATCCTAATGA,562767,GTCCATCAGATATTGG
4828,TACAACATCGGGCCAT,562851,GTCCATCAGCATATTC
4829,TACAACATCTGGCAAT,562926,GTCCATCAGGGTGGGA
4830,TACAACATCTTGTCTG,562958,GTCCATCAGGGATTTA
4831,TACAAGCTCATGCTTT,563058,AGCTTCCAGTGAGGCC
4832,TACAAGCTCATTGCGG,563076,AGCTTCCAGGAAGTAG
4833,TACAAGCTCCCGAACA,563105,AGCTTCCAGGTCCCTG
4834,TACAATGTCACAGCGC,563380,GCGTAATAGGGCTACA
4835,TACAATGTCCGCAACA,563510,GCGTAATAGGAGTATC
4836,TACAGCTAGACACCGC,563749,GCTAACCTCAGGAGGG
4837,TACAGCTAGGTTACAC,564007,GCTAACCTCCTCTCGC
4838,TACAGCTAGTTATGTG,564095,GCTAACCTCGACAAGT
4839,TACAGGTTCAAGGACA,564130,CCTCCTCAGTTTCACG
4840,TACAGGTTCACATTGA,564150,CCTCCTCAGAGAGCAA
4841,TACAGGTTCTAATTGG,564430,CCTCCTCAGCTATCGC
4842,TACATCAAGCGAGTAA,564607,TTAAGCTTCGGTCCAT
4843,TACCAAATCGAGCAAA,565113,GCGCTTTAGATTAGCA
4844,TACCAAATCTTGCAGG,565256,GCGCTTTAGCTTCCTT
4845,TACCAGGTCATTGCAA,565379,ATTCATCAGGTTATAG
4846,TACCAGGTCCAGGGAG,565399,ATTCATCAGTTATTGC
4847,TACCAGGTCCCGAAGC,565410,ATTCATCAGGTGGATT
4848,TACCAGGTCCCTGATC,565424,ATTCATCAGCATATAG
4849,TACCAGGTCCGGGACT,565440,ATTCATCAGAATCTAG
4850,TACCAGGTCGACAAAG,565495,ATTCATCAGAAAGGCA
4851,TACCAGGTCTGCAAGT,565613,ATTCATCAGTTTGAGA
4852,TACCCGGCACAACCTA,565765,TATTGTGGTAACCTCG
4853,TACCGAAGTAATCGTG,566061,AGTTCCTCACATAACG
4854,TACCGAAGTGGAAGGC,566242,AGTTCCTCAGCCAGTG
4855,TACCGAAGTTAGCATG,566310,AGTTCCTCATGCATTC
4856,TACCGCAAGAGAGGCT,566448,CCTAGGTTCATGTTGT
4857,TACCGCAAGCCAAATC,566500,CCTAGGTTCGGTACGA
4858,TACCGCAAGCGAAGTA,566522,CCTAGGTTCAAATCGA
4859,TACCGTTGTCAAAGGG,566888,CGGTGTGCATGCAACA
4860,TACCGTTGTCCCGAAG,566925,CGGTGTGCATAGTCAG
4861,TACCGTTGTCCGTGAG,566930,CGGTGTGCATGGTTAG
4862,TACCGTTGTTCACCAT,567097,CGGTGTGCATTACGGA
4863,TACCGTTGTTTGGGTA,567180,CGGTGTGCACATAGCA
4864,TACCTCATCAAACACC,567185,ATAGTCAAGTCCTCAA
4865,TACCTCATCAGTATTG,567252,ATAGTCAAGCGATATA
4866,TACCTCATCATGTTTC,567285,ATAGTCAAGGCAATCG
4867,TACCTCATCCCTGTTA,567343,ATAGTCAAGCCAGTAG
4868,TACCTCATCCCTTGCG,567344,ATAGTCAAGCTTGTTG
4869,TACCTCATCCGCAAAT,567345,ATAGTCAAGACCAGGC
4870,TACCTCATCCGGTTAG,567358,ATAGTCAAGGGTCCAA
4871,TACCTCATCGATTATG,567421,ATAGTCAAGGAACAAG
4872,TACCTCATCGGGACCT,567452,ATAGTCAAGCTGGATG
4873,TACCTCATCGTTAACA,567475,ATAGTCAAGAAACCGT
4874,TACCTCATCTATCGCC,567507,ATAGTCAAGGCTAATA
4875,TACCTGCTCAATCTAG,567588,TATGGACAGTAAGCTA
4876,TACCTGCTCATAACCA,567639,TATGGACAGGCTTTCA
4877,TACCTGCTCTAACCTT,567873,TATGGACAGCAAATTG
4878,TACCTGCTCTTGCATT,567941,TATGGACAGTGCGGGT
4879,TACCTTAGTTAGCTGA,568229,CGGCTAGCAACGGTAC
4880,TACCTTAGTTGGTTAG,568288,CGGCTAGCAGCTAGCG
4881,TACCTTTAGGGCTTAT,568577,CGCGATTTCAAATACG
4882,TACGCACCATAAGTCT,569008,CCGTAATGTCATGCCA
4883,TACGCTTGTTAGCAGC,569375,CGATGCGCACATGCCC
4884,TACGCTTGTTCAAGAT,569395,CGATGCGCAATTACCC
4885,TACGCTTGTTGTGACA,569445,CGATGCGCATGGTGCG
4886,TACGGATTCAAGGACA,569498,TATACCTAGTTTCACG
4887,TACGGATTCAATGACC,569506,TATACCTAGACTAATG
4888,TACGGATTCCAAGTGT,569605,TATACCTAGTCACACC
4889,TACGGATTCCGTTAAA,569663,TATACCTAGTAACCGG
4890,TACGGATTCCTCACAC,569677,TATACCTAGCACCTTA
4891,TACGGATTCCTCAGTC,569680,TATACCTAGAAGCAAG
4892,TACGGATTCTATCGCC,569807,TATACCTAGGCTAATA
4893,TACGGTTAGCTCAATA,570003,CCTCGCTTCATGGTCC
4894,TACGGTTAGCTTTGTT,570026,CCTCGCTTCAAATCAG
4895,TACGGTTAGGTCCGTA,570130,CCTCGCTTCTAATCAC
4896,TACGGTTAGGTTACGT,570144,CCTCGCTTCTAATCCG
4897,TACGTAATCATCAGTA,570331,CGGTTGAAGCTTAGCC
4898,TACGTAATCGCGACAC,570503,CGGTTGAAGCAGGTTG
4899,TACGTAATCTGCAACG,570596,CGGTTGAAGCCTTGCG
4900,TACGTACAGCGATACT,570745,ACCTTAGTCAGCTATT
4901,TACGTACAGCTATTAG,570768,ACCTTAGTCATTTGGT
4902,TACGTACAGGCACAGG,570836,ACCTTAGTCGCTCAAC
4903,TACGTACAGGGCTTAT,570879,ACCTTAGTCAAATACG
4904,TACGTACAGGTCCGTA,570898,ACCTTAGTCTAATCAC
4905,TACGTACAGTCACTAA,570950,ACCTTAGTCGATTATC
4906,TACGTACAGTGAGCAA,570974,ACCTTAGTCTAATCGT
4907,TACGTACAGTGATTCA,570978,ACCTTAGTCTCACTTC
4908,TACGTACAGTTCCCAC,571001,ACCTTAGTCAGCATGG
4909,TACGTTAAGCCTCTGT,571116,CTGCTAATCGCGTTAC
4910,TACGTTAAGTTATTCC,571384,CTGCTAATCATGAAGC
4911,TACTAAGTCAAACCGT,571406,CCAACAGAGCTAACTT
4912,TACTAAGTCAAGGACA,571418,CCAACAGAGTTTCACG
4913,TACTAAGTCCCTCAGT,571555,CCAACAGAGAGCTGCA
4914,TACTAAGTCTCACATT,571735,CCAACAGAGTCCTCCC
4915,TACTCAAAGACTTACA,571813,GTAGTCCTCGCTTGCG
4916,TACTCAAAGCATTAGC,571867,GTAGTCCTCGTGATAA
4917,TACTCAAAGCGCCTAA,571901,GTAGTCCTCTTGGACC
4918,TACTCAAAGCTATATG,571918,GTAGTCCTCGTTAAAG
4919,TACTCAAAGGGTGAAC,572035,GTAGTCCTCCACTATG
4920,TACTCAAAGGGTGGAT,572037,GTAGTCCTCATTGCGC
4921,TACTCGCTCCTGTTCA,572383,TAGTTTCAGGTATAGC
4922,TACTCGCTCTGCAACG,572516,TAGTTTCAGCCTTGCG
4923,TACTGACAGACTAAGG,572578,ACCTAATTCACAATAG
4924,TACTGACAGCCATCAG,572643,ACCTAATTCGAGCAAT
4925,TACTGACAGCGAGGTG,572662,ACCTAATTCCAATATC
4926,TACTGACAGGTCAAAG,572814,ACCTAATTCCTTTAGG
4927,TACTGACAGTTATCTC,572917,ACCTAATTCGCAATTT
4928,TACTGAGGTAATTAGC,572969,ACGCTAACAGTTGGGT
4929,TACTGCACAAGGTCCT,573384,TAACCCGGTTTGGCTG
4930,TACTGCACACCAACCG,573459,TAACCCGGTACTGGCC
4931,TACTGGCCAAGTCGCT,573773,GAAACGCGTTATGGCT
4932,TACTGGCCACCTAAGC,573854,GAAACGCGTATCGCTG
4933,TACTGGCCACCTGCTC,573863,GAAACGCGTACACCGC
4934,TACTTCGTCATCAGTA,574169,GAGGGTGAGCTTAGCC
4935,TACTTCGTCATTGCAA,574201,GAGGGTGAGGTTATAG
4936,TACTTCGTCATTGTTC,574204,GAGGGTGAGGAGGTAA
4937,TACTTCGTCTGCAAAC,574433,GAGGGTGAGTTACAAG
4938,TACTTGTTCGCTAAGT,574728,TAATGTGAGCTGGCAA
4939,TACTTGTTCGCTAGAT,574729,TAATGTGAGAATGACC
4940,TACTTGTTCGGTCAGC,574749,TAATGTGAGGCAATAC
4941,TACTTGTTCTCAATTC,574802,TAATGTGAGCTTAGGG
4942,TACTTGTTCTTGATGA,574844,TAATGTGAGGTTACTT
4943,TACTTGTTCTTGCAGG,574846,TAATGTGAGCTTCCTT
4944,TAGACCAGTTACTTGC,575127,CTAAGATCATCAGTAG
4945,TAGACCAGTTCATCTA,575156,CTAAGATCAGGTAAGG
4946,TAGACCAGTTGTTGCT,575204,CTAAGATCATGACATG
4947,TAGACCAGTTTATCTG,575217,CTAAGATCATAATGGT
4948,TAGAGCCGTGTTAGCA,575476,CCCTTCTCAAGTTAGT
4949,TAGAGCCGTTTGACCT,575608,CCCTTCTCAGTAGGAG
4950,TAGCAGGCAACTAACT,575659,GGGCCTTGTTCCCGTT
4951,TAGCATATCATCCTAT,576087,GTGCAATAGTATCGCC
4952,TAGCATATCCTACCTA,576195,GTGCAATAGTTACTAC
4953,TAGCATATCTGGCATG,576353,GTGCAATAGTATAGTG
4954,TAGCCGGGTGAGCAAG,576560,TACCGCCCATCTATGC
4955,TAGCCGGGTTGGCGTG,576723,TACCGCCCACTAGTCT
4956,TAGCCTCTCATCGTTT,576856,CAGGTATAGATGGAGA
4957,TAGCCTCTCATGCTAA,576864,CAGGTATAGCTCGACT
4958,TAGCCTCTCCTCGATC,576974,CAGGTATAGAACCTGG
4959,TAGCCTGAGGCGGGTA,577376,CAGCTACTCAATACAG
4960,TAGCCTGAGGCTGGCT,577385,CAGCTACTCTCACAGC
4961,TAGCCTGAGGTTTACA,577435,CAGCTACTCTTCAAGT
4962,TAGCCTGAGTAACTCA,577445,CAGCTACTCCCTGGTG
4963,TAGCCTGAGTAAGAAC,577446,CAGCTACTCCTTCAAG
4964,TAGCCTGAGTTCCTCA,577523,CAGCTACTCCTTAGTG
4965,TAGCCTTGTTTGAGGC,577910,TCCTCCTCACCAAAGC
4966,TAGCCTTGTTTGGCTT,577916,TCCTCCTCAATCTCTA
4967,TAGCGCGGTCATGCCC,578037,ACGGATCCATTCCTGG
4968,TAGCGCGGTGACCTGG,578089,ACGGATCCATAGCTTC
4969,TAGCGCGGTGAGCACT,578093,ACGGATCCAATAGAAG
4970,TAGCGCGGTGATTACG,578103,ACGGATCCAACCGCCT
4971,TAGCGCGGTTGTTCAC,578267,ACGGATCCAAATAAGG
4972,TAGCGGACAAGTAAGC,578370,CATAACCGTTAGCGTT
4973,TAGCGGACATTAGGCC,578665,CATAACCGTGTCCGGT
4974,TAGCGGACATTTGCTC,578688,CATAACCGTGCGGTAG
4975,TAGCGGCTCAAGCTTA,578701,CGAAGTTAGCAGCCAA
4976,TAGCGGCTCCCGAACA,578829,CGAAGTTAGGTCCCTG
4977,TAGCGGCTCCCTGTTA,578847,CGAAGTTAGCCAGTAG
4978,TAGCGGCTCGCATTAA,578936,CGAAGTTAGCTAGTTT
4979,TAGCGGCTCGCTAGTG,578945,CGAAGTTAGGTCGAGC
4980,TAGCGGCTCTCAATGA,579015,CGAAGTTAGGCTTGTC
4981,TAGCTAATCCGTGACA,579250,ACGCATGAGATTGCCC
4982,TAGCTAATCTTTGTAC,579456,ACGCATGAGGTGGAAA
4983,TAGCTAGGTGTGCACG,579688,TCACTGTCAATACCCT
4984,TAGCTTAAGACTATTG,579861,CATCCTTTCCACCTGG
4985,TAGCTTAAGGATAAAC,580028,CATCCTTTCTACTACG
4986,TAGCTTAAGTTCCTCA,580205,CATCCTTTCCTTAGTG
4987,TAGCTTGCACAAAGGT,580332,CTAGCCAGTCACACCA
4988,TAGCTTGCAGCAACAG,580423,CTAGCCAGTAATCCAC
4989,TAGCTTGCATTAGGTT,580584,CTAGCCAGTCCTTGAG
4990,TAGGAACCAAGGATTA,580662,ATTGTCAGTAACAGCA
4991,TAGGAACCAATAAGCA,580680,ATTGTCAGTTAACGGA
4992,TAGGAACCAGAATGAC,580799,ATTGTCAGTCTTAGCG
4993,TAGGAACCAGCACGAA,580814,ATTGTCAGTAATCACC
4994,TAGGAACCATGAAATG,580936,ATTGTCAGTACTGACT
4995,TAGGAACCATTGTGTG,580987,ATTGTCAGTTAAAGCG
4996,TAGGAGGGTTAGCGTA,581266,TTCATTGCACCTTGCA
4997,TAGGCTAGTCAACAAT,581843,ACCTAAGCACTAAGCA
4998,TAGGCTAGTCAATACG,581847,ACCTAAGCACGCGCAA
4999,TAGGCTAGTCATCAAG,581866,ACCTAAGCAGCTCAAA
5000,TAGGCTGTCTAAGTCA,582447,CAACCTCAGCACTAAA
5001,TAGGCTTAGAGCCGCT,582554,AATCACTTCCGCTAGT
5002,TAGGCTTAGGAACACA,582682,AATCACTTCAGCAATA
5003,TAGGGTTTCAATGTGC,582931,ATCATGAAGGTTGGTG
5004,TAGGGTTTCAGGATGA,582968,ATCATGAAGGGCTTTC
5005,TAGGGTTTCATCCTCA,582988,ATCATGAAGAACAAGG
5006,TAGGGTTTCATTTGCT,583022,ATCATGAAGCTTTAGT
5007,TAGGGTTTCCCGAAGC,583048,ATCATGAAGGTGGATT
5008,TAGGGTTTCGCTAGAT,583161,ATCATGAAGAATGACC
5009,TAGGGTTTCGGCCAGT,583170,ATCATGAAGAGATTCA
5010,TAGGGTTTCTAATCAG,583217,ATCATGAAGTATTGGA
5011,TAGGTGCGTAACGGGA,583300,CTAAGTGCACTGGCAG
5012,TAGGTGCGTTAAGTGT,583546,CTAAGTGCAGGAACCT
5013,TAGGTTATCGCCTGTT,583922,CATAGGTAGCCTTCAA
5014,TAGGTTATCGTTAGCG,583967,CATAGGTAGATGAAGG
5015,TAGGTTGGTAATCGTG,584081,CGTGTTTCACATAACG
5016,TAGGTTGGTGCGCATG,584249,CGTGTTTCACAACATG
5017,TAGGTTGGTGCTGTAA,584257,CGTGTTTCATAACCAG
5018,TAGGTTGGTGTTAAAC,584291,CGTGTTTCACCGGTAG
5019,TAGGTTGGTTACGCAA,584321,CGTGTTTCAAGGTATT
5020,TAGGTTGGTTCCTGTG,584363,CGTGTTTCAAACATGT
5021,TAGGTTGGTTTACTTG,584410,CGTGTTTCATCAATCC
5022,TAGTAACGTAGGATCC,584496,GCCACCTCAAGGCTGT
5023,TAGTAACGTCGCAAAC,584580,GCCACCTCAGGATAAA
5024,TAGTAACGTGATGATT,584617,GCCACCTCATCAGTTC
5025,TAGTAACGTTTCGCGC,584805,GCCACCTCACCTGGTC
5026,TAGTAAGCACAAAGAC,584928,TGACCTGGTGACGTAA
5027,TAGTAAGCATAGGCGA,585127,TGACCTGGTGCACAAA
5028,TAGTACGGTGAATCGC,585368,CCATTGTCAAATACCG
5029,TAGTAGGAGACACTTA,585604,TGCTCAATCCTAAGCC
5030,TAGTAGGAGGTCCGTA,585848,TGCTCAATCTAATCAC
5031,TAGTAGGAGTAACGAG,585873,TGCTCAATCTATCGGC
5032,TAGTCAATCACCGGTA,586007,TTATCACAGCCTTAAT
5033,TAGTCAATCCCATAAA,586109,TTATCACAGTTAGGAC
5034,TAGTCAATCCTCATCA,586167,TTATCACAGGATCCAG
5035,TAGTCAATCTCCATGC,586306,TTATCACAGTTACATC
5036,TAGTGAGAGGACTTAC,586533,GTGGCTTTCGCCTGTG
5037,TAGTGAGAGGATGATG,586547,GTGGCTTTCCGTCCCT
5038,TAGTGGCGTCCTTCAG,586874,ACACCGGCATAAGTCG
5039,TAGTGGCGTGATCAGC,586913,ACACCGGCAGCCAAAC
5040,TAGTGGCGTGGAAGGC,586944,ACACCGGCAGCCAGTG
5041,TAGTGGCGTTTGCGCC,587111,ACACCGGCATTACAGG
5042,TAGTGTGGTGAAACAA,587281,GGGAAGCCACACTAAG
5043,TAGTGTGGTGACATGC,587286,GGGAAGCCAACAGGGA
5044,TAGTGTGGTGGTTAGC,587339,GGGAAGCCAACCGTTT
5045,TAGTGTGGTTACCTGT,587384,GGGAAGCCATGAATCG
5046,TAGTTGTCAATAGTCT,587582,GGACAACGTGTCCTGA
5047,TAGTTGTCAATTAAGG,587599,GGACAACGTTGCAATC
5048,TAGTTGTCACAATGTT,587619,GGACAACGTTAAAGAC
5049,TAGTTGTCATTGCGAC,587874,GGACAACGTAGCAGGT
5050,TAGTTTGAGATGGAGC,587932,AAAGTCATCGCAACTC
5051,TAGTTTGAGGCCGGAA,588095,AAAGTCATCCGGCTAT
5052,TAGTTTGAGGCGCTTA,588104,AAAGTCATCCAATTAC
5053,TAGTTTGAGGGCTTAT,588129,AAAGTCATCAAATACG
5054,TAGTTTGAGGGTCTAT,588132,AAAGTCATCTCAAATC
5055,TAGTTTGAGGTTACGT,588162,AAAGTCATCTAATCCG
5056,TATAACCCAATAACCT,588342,TAATTCGGTCGAGGCA
5057,TATAACCCACGTAAGG,588436,TAATTCGGTCCGGTTA
5058,TATAACCCAGCATGTC,588483,TAATTCGGTTACTTAG
5059,TATAACCCAGGCTTGT,588524,TAATTCGGTTGCAAGA
5060,TATAACCCAGTTATCG,588548,TAATTCGGTTTATTCC
5061,TATAACCCATCAGTAT,588585,TAATTCGGTTTGAGGA
5062,TATAGCCAGCGGGCAA,588774,TGCAGGATCCCTCACC
5063,TATAGCCAGGCCATCA,588861,TGCAGGATCGGTCAAG
5064,TATAGCCAGTAACCAC,588939,TGCAGGATCTCAAACT
5065,TATAGCCAGTACTGGT,588950,TGCAGGATCACAGATA
5066,TATAGGTGTCAAGTGC,589512,GATTGCACATCCGCTA
5067,TATAGGTGTTACGCGG,589688,GATTGCACAACGGTTA
5068,TATAGGTGTTTGAGGC,589792,GATTGCACACCAAAGC
5069,TATAGGTGTTTGCTGT,589796,GATTGCACATTGTGGA
5070,TATATCCTCTTGTTCG,590183,AAGTAGGAGCTGCTAC
5071,TATCACAAGACTTACA,590213,GTCATCATCGCTTGCG
5072,TATCACAAGGGACGCA,590423,GTCATCATCCACCCTC
5073,TATCACAAGGTGAAAT,590456,GTCATCATCTCAATCG
5074,TATCACGCAATGCCCG,590665,GAGGAAGGTTGAGTCT
5075,TATCACGCACCTACGG,590722,GAGGAAGGTGGCTTAT
5076,TATCACGCAGAAATGC,590762,GAGGAAGGTTATGGGA
5077,TATCACGCAGCCTGCA,590791,GAGGAAGGTTTCTAAG
5078,TATCCAGCACAGGGAC,591085,GACTTCGGTAAACCGA
5079,TATCCAGCACGTGCTG,591124,GACTTCGGTTACTTCT
5080,TATCCAGCAGTCTAGC,591229,GACTTCGGTATAGTGG
5081,TATCCAGCATGTTTGG,591310,GACTTCGGTTTATCCT
5082,TATCCGGAGACCATAC,591361,CACTATGTCTCCATGA
5083,TATCCGGAGCCTCTCG,591435,CACTATGTCCTGCCAG
5084,TATCCGGAGTCATGCG,591659,CACTATGTCACAAAGC
5085,TATCGAGGTTGCTGGG,592052,AACGATTCACTCAGTT
5086,TATCGCACAAGCTACC,592157,GCTAAAGGTGGCTTCA
5087,TATCGCACACTATGGC,592282,GCTAAAGGTACTAGGA
5088,TATCGCGAGACTATTG,592513,CAGCTTATCCACCTGG
5089,TATCGCGAGCAAGGGT,592545,CAGCTTATCAGAAAGG
5090,TATCGCGAGCTTAGTA,592642,CAGCTTATCCGCTAAC
5091,TATCGCGAGGAGGTTA,592676,CAGCTTATCTAAATCC
5092,TATCGCGAGGCGTAAA,592711,CAGCTTATCCGGGTTT
5093,TATCGCGAGGTACCGC,592745,CAGCTTATCAAGCTTT
5094,TATCGCGAGTTTAACG,592867,CAGCTTATCAAGCGCA
5095,TATGAAGCAAGTGTTT,592944,TCTTACTGTGATGCAA
5096,TATGAAGCACACTAAT,592995,TCTTACTGTTCACCTC
5097,TATGACATCATTGCGG,593370,GTTACAAAGGAAGTAG
5098,TATGACATCGAGCAAA,593487,GTTACAAAGATTAGCA
5099,TATGACATCGATCAGT,593494,GTTACAAAGAACCTTT
5100,TATGACTCAATGCCCG,593735,GTCAAAGGTTGAGTCT
5101,TATGACTCACTTACAG,593826,GTCAAAGGTGACCTTG
5102,TATGACTCAGCACCAT,593849,GTCAAAGGTTGACTAC
5103,TATGACTCATTGGGAG,594017,GTCAAAGGTGTCCACA
5104,TATGCATCACAGCCTG,594152,ATTTACGGTATTGAGG
5105,TATGCATCAGCCTAAC,594244,ATTTACGGTAAACCAG
5106,TATGCATCAGCCTGCA,594245,ATTTACGGTTTCTAAG
5107,TATGCATCATTGTCAG,594402,ATTTACGGTTTAATCG
5108,TATGGATGTCAGGAAG,594513,ATGGATTCAGGTATTG
5109,TATGGATGTCATCAAG,594520,ATGGATTCAGCTCAAA
5110,TATGGATGTTAACACG,594657,ATGGATTCACATTGTC
5111,TATGGATGTTGAGCCG,594727,ATGGATTCAGCAAATT
5112,TATGGATGTTTCCTCC,594775,ATGGATTCATCCTGCA
5113,TATGGCCCAACGTGCT,594828,AAAGGAAGTTCTCACC
5114,TATGGCCCATAACGGG,595079,AAAGGAAGTCCTCCCA
5115,TATGGGCGTACGCGCA,595216,ACGTCAACACCACAAA
5116,TATGGTCAGGTCAAAG,595816,CACTCAATCCTTTAGG
5117,TATGGTCAGTAACGGA,595846,CACTCAATCACAAGCG
5118,TATGGTCAGTCATGCG,595877,CACTCAATCACAAAGC
5119,TATGTGATCATCCTAT,596023,ATGCGATAGTATCGCC
5120,TATGTGATCCCGCCTA,596087,ATGCGATAGCCTAGTC
5121,TATGTGATCTGTAATG,596293,ATGCGATAGTCGCGAA
5122,TATTACCTCTCACACC,596656,ACGGACCAGCGGTTCT
5123,TATTAGCCAAACATAG,596712,ATGTTTGGTTGTTCTT
5124,TATTAGCCAAGGATTA,596766,ATGTTTGGTAACAGCA
5125,TATTAGCCACAGGAAT,596837,ATGTTTGGTTGTCAGT
5126,TATTAGCCACCAGCAT,596849,ATGTTTGGTTCGGTAT
5127,TATTAGCCAGCAAATA,596910,ATGTTTGGTTGCGTGC
5128,TATTAGCCAGCATTAT,596924,ATGTTTGGTTGAGGGT
5129,TATTAGGTCAATCATG,597113,TGCTGGAAGTACCGGA
5130,TATTAGGTCATCCTCA,597176,TGCTGGAAGAACAAGG
5131,TATTAGGTCCAACTGG,597214,TGCTGGAAGAACAACC
5132,TATTAGGTCCTAATTC,597282,TGCTGGAAGCTTGAAA
5133,TATTAGGTCCTCCTAA,597295,TGCTGGAAGAAGGGTA
5134,TATTCGTTCAGCTAAC,597537,TGGTTAAAGTATAGCA
5135,TATTCGTTCAGGCTAT,597542,TGGTTAAAGGCACGTA
5136,TATTCGTTCCGGTTGA,597653,TGGTTAAAGTGGCCAA
5137,TATTCGTTCCGTCCAT,597655,TGGTTAAAGGCAACAT
5138,TATTCGTTCTAAGGAG,597785,TGGTTAAAGATAACTG
5139,TATTGACCAACTAACT,597899,TACCTTTGTTCCCGTT
5140,TATTGACCAATAAGCA,597936,TACCTTTGTTAACGGA
5141,TATTGACCACTATGGC,598038,TACCTTTGTACTAGGA
5142,TATTGACCAGGAAGCC,598095,TACCTTTGTGCGATTT
5143,TATTGACCATAAGCAA,598150,TACCTTTGTAAGGCCG
5144,TATTTGCTCGCTAGTG,598503,GGGATCCAGGTCGAGC
5145,TATTTGCTCGTTAACA,598537,GGGATCCAGAAACCGT
5146,TATTTGCTCTCGACCT,598585,GGGATCCAGTATTTGC
5147,TATTTGCTCTGCAAGT,598591,GGGATCCAGTTTGAGA
5148,TATTTGCTCTGTTGCC,598602,GGGATCCAGAGGAACA
5149,TATTTGCTCTTTAGGA,598627,GGGATCCAGGTGTTAA
5150,TATTTGGAGCCACATG,598714,GGAGGCTTCTTGTTGG
5151,TATTTGGAGCTACTGG,598758,GGAGGCTTCGTGATGG
5152,TATTTGGAGGATTTGC,598826,GGAGGCTTCATTACAC
5153,TCAAACCAGCCGCAAC,599102,TCCCAAATCTTTGGGC
5154,TCAAACCAGGTAGCTT,599270,TCCCAAATCAATGAGC
5155,TCAACAATCATGCATA,599487,GGCTATGAGCACCTAC
5156,TCAACAATCCCTGGAA,599555,GGCTATGAGTGGCGTA
5157,TCAACAATCCTAATTC,599586,GGCTATGAGCTTGAAA
5158,TCAACAATCCTGGTGA,599608,GGCTATGAGACACGCA
5159,TCAACAATCTTACTCG,599757,GGCTATGAGAGGGACG
5160,TCAACAATCTTGAGCG,599766,GGCTATGAGTCACCTA
5161,TCAACAATCTTGTCTG,599776,GGCTATGAGGGATTTA
5162,TCAAGAACAAAGGCCA,599799,TTAGGAGGTGAGTCAA
5163,TCAAGAACACCTCAGG,599936,TTAGGAGGTGAGTTTC
5164,TCAAGAACACGAACAG,599942,TTAGGAGGTCACACTG
5165,TCAAGAACAGAATGAC,599975,TTAGGAGGTCTTAGCG
5166,TCAAGAACAGGCAAGC,600023,TTAGGAGGTAAACCCT
5167,TCAAGAACAGTAAAGC,600046,TTAGGAGGTTTACTAG
5168,TCAAGAACATTGTGGC,600162,TTAGGAGGTGCTTCGA
5169,TCAAGACTCACGTTAA,600210,GGTCACAAGCTCCTAA
5170,TCAAGACTCATAATCG,600241,GGTCACAAGCTCAAGG
5171,TCAAGACTCTAACTGA,600472,GGTCACAAGCGTATTT
5172,TCAAGACTCTAGCTTT,600488,GGTCACAAGGGAGTAA
5173,TCAAGCTAGCGGATAA,600667,TATATGCTCCTCCCAC
5174,TCAAGCTAGGCCGGAA,600759,TATATGCTCCGGCTAT
5175,TCAAGGAAGCACTAAC,600998,TGCGGAATCGCGAGGT
5176,TCAAGGAAGCCACATG,601018,TGCGGAATCTTGTTGG
5177,TCAAGGAAGTAACGGA,601222,TGCGGAATCACAAGCG
5178,TCAAGGTTCACTTTAC,601369,TACCCGTAGGAACCTG
5179,TCAAGGTTCTCGCCTG,601659,TACCCGTAGCTTTAAC
5180,TCAAGTATCCTCATCA,601899,ACCTTTGAGGATCCAG
5181,TCAAGTATCGATTTGA,601942,ACCTTTGAGGTGGCTA
5182,TCAATCGCAATTAGCT,602184,TTAGCCGGTCCAAATC
5183,TCAATCGCACAGGGAC,602215,TTAGCCGGTAAACCGA
5184,TCAATCGCACGGTACT,602250,TTAGCCGGTGCAACGG
5185,TCAATCGCAGTTTGGC,602369,TTAGCCGGTCGGTTAT
5186,TCAATCGCATAATTGC,602383,TTAGCCGGTTCTTAAG
5187,TCACATAAGCACGATT,602532,GCATCACTCTAACTCG
5188,TCACATAAGCTGTACG,602617,GCATCACTCAATATCC
5189,TCACATAAGCTTAGTA,602622,GCATCACTCCGCTAAC
5190,TCACATAAGGAAGTAT,602637,GCATCACTCTTGCTCT
5191,TCACCGGCAAAGCTAA,602869,CATGCCAGTTTCCAGG
5192,TCACCGGCAACATAAG,602884,CATGCCAGTAACGATG
5193,TCACCGGCATGTTTGG,603208,CATGCCAGTTTATCCT
5194,TCACCTCAGAAAGGAA,603241,ACTGGCTTCACTCGCG
5195,TCACCTCAGCACTAGT,603303,ACTGGCTTCCGCCATG
5196,TCACCTCAGGTTACGT,603514,ACTGGCTTCTAATCCG
5197,TCACCTGGTCAGGCAT,603726,GATTCAGCAACCTCGC
5198,TCACGGATCATGCTAA,604096,TAGGATCAGCTCGACT
5199,TCACGGATCATTGCAA,604115,TAGGATCAGGTTATAG
5200,TCACGGATCCTAAGAC,604187,TAGGATCAGTCAATAG
5201,TCACGGATCCTTCTAG,604222,TAGGATCAGCTAAGCG
5202,TCACGGATCGAGGAAC,604235,TAGGATCAGCGATGCA
5203,TCACGGATCGCCTAAG,604253,TAGGATCAGTAAAGGG
5204,TCACGGATCGGTTAGT,604282,TAGGATCAGTCATGAA
5205,TCACGGATCTAATCTC,604317,TAGGATCAGCTACCTA
5206,TCACTGACAACTGGGA,604431,ACTAACCGTGCTCATG
5207,TCACTGACACCTCACC,604541,ACTAACCGTATTGTCA
5208,TCACTGACATCGTTCT,604715,ACTAACCGTTATTGTG
5209,TCACTGACATGTTGCA,604739,ACTAACCGTTTGGTTA
5210,TCACTGACATTGTTGG,604770,ACTAACCGTCACCAAT
5211,TCAGCAAGTCTCACTG,604926,ACATAACCAAGGGAGC
5212,TCAGCAAGTTGTCATC,605113,ACATAACCAGCACTAA
5213,TCAGCCTTCACAGACT,605184,GGAGGATAGCTTACTG
5214,TCAGCCTTCAGAAACG,605206,GGAGGATAGGCAATGT
5215,TCAGCCTTCGGTTACG,605431,GGAGGATAGGACTTAA
5216,TCAGCGATCAAGACTC,605547,GCGGGTTAGGCGCATA
5217,TCAGCGATCAATCTCT,605559,GCGGGTTAGGCCTAAG
5218,TCAGCGATCCATTACT,605675,GCGGGTTAGCTTGGTC
5219,TCAGCGATCGGTTACG,605815,GCGGGTTAGGACTTAA
5220,TCAGCGATCTCCTCAA,605875,GCGGGTTAGCGCTAAG
5221,TCAGGAGCACCTATAG,606074,TTTAGGCGTAACGAGC
5222,TCAGGAGCAGAATGAC,606115,TTTAGGCGTCTTAGCG
5223,TCAGGAGCATAAAGCA,606208,TTTAGGCGTAATAAGC
5224,TCAGGTCCAGTAAAGC,606570,GGAAATTGTTTACTAG
5225,TCAGGTCCAGTTAAAG,606582,GGAAATTGTAAATAGC
5226,TCAGGTCCATAATCGT,606600,GGAAATTGTTCTTTGT
5227,TCAGGTTAGCTCCCTG,606827,CCAAGCTTCACGAATA
5228,TCAGGTTAGTAATCCA,606984,CCAAGCTTCAGCTAAA
5229,TCAGGTTAGTCATCCC,607008,CCAAGCTTCCTTAACG
5230,TCAGTAATCCGCACAA,607238,CGAGAGGAGTAAACTG
5231,TCAGTAATCCTTGCAC,607294,CGAGAGGAGAGCAATC
5232,TCAGTAATCGAGGTGG,607307,CGAGAGGAGTAAGTCA
5233,TCAGTAATCGGGACCT,607342,CGAGAGGAGCTGGATG
5234,TCAGTAGGTAAGCTTG,607473,CGAGCTGCACCTAAAG
5235,TCAGTAGGTCGACTCC,607599,CGAGCTGCAGTGTGAC
5236,TCAGTAGGTGACCTGG,607625,CGAGCTGCATAGCTTC
5237,TCAGTAGGTGCTGTAA,607659,CGAGCTGCATAACCAG
5238,TCAGTGAGTACTGATG,607886,CGAATATCAGTTCCTG
5239,TCAGTGAGTGACATAT,608005,CGAATATCATGGTGAC
5240,TCAGTGAGTTAAGCGC,608092,CGAATATCAACCGCTC
5241,TCATACTTCACATTGA,608640,TTGTTGTAGAGAGCAA
5242,TCATACTTCACGCGGT,608649,TTGTTGTAGAGGCTAT
5243,TCATACTTCCCTCTAA,608760,TTGTTGTAGTCCCTGG
5244,TCATCCATCCTTCTAG,609208,GCCTGTTAGCTAAGCG
5245,TCATCCATCTGGTCCT,609339,GCCTGTTAGTCAACAA
5246,TCATGAGGTGACCTGG,609541,CGGGTCACATAGCTTC
5247,TCATGCCTCCAACTGG,609876,TTCCTGAAGAACAACC
5248,TCATGCCTCGATAACC,609990,TTCCTGAAGGCCTTGT
5249,TCATGCCTCGGTTCCT,610035,TTCCTGAAGGCTCAAG
5250,TCATGTTTCAAATCGC,610146,ACTCCTAAGCGAGTTG
5251,TCATGTTTCAGGCTAT,610204,ACTCCTAAGGCACGTA
5252,TCATGTTTCATTAGCA,610245,ACTCCTAAGCTATATC
5253,TCATGTTTCCGTTAAA,610319,ACTCCTAAGTAACCGG
5254,TCATGTTTCGCTCCAT,610401,ACTCCTAAGATAGACC
5255,TCATGTTTCTCAATGA,610467,ACTCCTAAGGCTTGTC
5256,TCATGTTTCTTGACCC,610507,ACTCCTAAGGAGCAGG
5257,TCATTACTCACAGCCA,610555,GGCCAGTAGTAACACA
5258,TCATTGCGTACCAGGT,610940,ATAAGGACATAATCGG
5259,TCATTGCGTCCTAAGA,611038,ATAAGGACAGCTACCC
5260,TCATTGCGTCCTTCTC,611045,ATAAGGACAATTAGCG
5261,TCATTGCGTGGCTTCC,611122,ATAAGGACAGCATTAG
5262,TCATTGCGTGGTTATG,611128,ATAAGGACAAAGGAAC
5263,TCATTGCGTTAGCGTA,611184,ATAAGGACACCTTGCA
5264,TCATTGCGTTAGGTGC,611190,ATAAGGACAGGTGACT
5265,TCATTTGGTAGGTTAT,611735,CCGCAAGCATTATCTG
5266,TCATTTGGTATTCGCT,611748,CCGCAAGCAGGATGGA
5267,TCATTTGGTGCTCCAC,611872,CCGCAAGCATGCTTTA
5268,TCCACAACAAGATTCT,612101,AGAGGAGGTTATGGAG
5269,TCCACAACAATTATGC,612156,AGAGGAGGTTGTCATA
5270,TCCAGCAAGACAACAG,612454,AAGGGCCTCAACAACA
5271,TCCAGGATCCAGGGAG,612955,TTGCTCAAGTTATTGC
5272,TCCAGGATCGACAAAG,613051,TTGCTCAAGAAAGGCA
5273,TCCAGGATCGATTCTT,613062,TTGCTCAAGTGAGCCA
5274,TCCAGGATCGCCTAAG,613073,TTGCTCAAGTAAAGGG
5275,TCCAGGATCGCTCACT,613084,TTGCTCAAGAAACCTA
5276,TCCAGGTCAACTCGCG,613249,GGTCGAGGTGCGCAAG
5277,TCCAGGTCAGTAAAGC,613472,GGTCGAGGTTTACTAG
5278,TCCAGGTCATTATGCG,613573,GGTCGAGGTGTTAACC
5279,TCCAGGTCATTCAGCA,613575,GGTCGAGGTAAGGGCT
5280,TCCATAAAGACAACAG,613606,CAATGAATCAACAACA
5281,TCCATATTCACCAATA,614011,GGAAGTAAGCAAACAC
5282,TCCATATTCCAAGTGT,614097,GGAAGTAAGTCACACC
5283,TCCATCATCAAACCGT,614362,CATATAGAGCTAACTT
5284,TCCATCATCCCTCAAC,614509,CATATAGAGATTGACA
5285,TCCATCATCGAGGTGG,614593,CATATAGAGTAAGTCA
5286,TCCATCATCGGGACTC,614629,CATATAGAGCCATAGG
5287,TCCATGCTCAATGAGG,614767,TACCTTGAGTTGCAAA
5288,TCCATGCTCATGCATA,614833,TACCTTGAGCACCTAC
5289,TCCATGCTCCGCAAGC,614907,TACCTTGAGATTCCGC
5290,TCCATGCTCCTTAGTT,614959,TACCTTGAGACTCCGT
5291,TCCATTGTCAAGGACA,615142,ATAGCTAAGTTTCACG
5292,TCCATTGTCGCTATAA,615386,ATAGCTAAGGATTGAC
5293,TCCATTGTCGGCTAGC,615394,ATAGCTAAGTCCTGCG
5294,TCCATTGTCTAGCTTT,615450,ATAGCTAAGGGAGTAA
5295,TCCCGGACACTTACAG,615696,AAGTAACGTGACCTTG
5296,TCCCGGACATCACAGC,615824,AAGTAACGTTCCTGGA
5297,TCCCGTTAGACTTACA,615921,GCTTGACTCGCTTGCG
5298,TCCCTCACAAACAACA,616281,CGATCATGTGTGTTAC
5299,TCCCTCACAACCCTCC,616312,CGATCATGTTCCATTT
5300,TCCCTCACACAATACT,616395,CGATCATGTTTCTCAT
5301,TCCCTGGTCTCACACC,616994,AATAGCCAGCGGTTCT
5302,TCCGCCATCCAAACAC,617166,AAGCCATAGATATTCC
5303,TCCGCCATCCAAGTGT,617169,AAGCCATAGTCACACC
5304,TCCGCCATCCTTCGTA,617265,AAGCCATAGAACCTAA
5305,TCCGCCATCGCTATGG,617307,AAGCCATAGGAGTCGC
5306,TCCGCCATCTTCAATC,617414,AAGCCATAGAAGCTAC
5307,TCCGGAATCAAGTGAG,617447,GATCATAAGCAGCTCT
5308,TCCGGAATCATAACGC,617504,GATCATAAGGAGTCAT
5309,TCCGGAATCATTGTCT,617545,GATCATAAGGGCTATG
5310,TCCGGAATCCACCCTG,617558,GATCATAAGCTCATGC
5311,TCCGGAATCCGCATGA,617597,GATCATAAGTCACTAT
5312,TCCGGAATCTTGCTAT,617806,GATCATAAGCCATCAC
5313,TCCGGTAAGTTGTCAA,618190,ACGCCCATCACCTGGT
5314,TCCGGTTTCAATAGCC,618218,GGTCCTTAGCGCTTGT
5315,TCCTAGTGTACGGTAC,618626,GTAGGAGCATAAAGGA
5316,TCCTAGTGTGACCTGG,618751,GTAGGAGCATAGCTTC
5317,TCCTAGTGTGATTTGG,618766,GTAGGAGCACTAAGGC
5318,TCCTAGTGTTACCGGG,618847,GTAGGAGCACTTCAAC
5319,TCCTAGTGTTCAAGAT,618877,GTAGGAGCAATTACCC
5320,TCCTCAATCATAACCA,619037,TCAATAGAGGCTTTCA
5321,TCCTCAATCATTAGCA,619071,TCAATAGAGCTATATC
5322,TCCTCAATCCAGGTTG,619099,TCAATAGAGTCATGCC
5323,TCCTCAATCGATATTG,619201,TCAATAGAGATTCTGT
5324,TCCTCAATCGCGCTAA,619218,TCAATAGAGCGCTAGA
5325,TCCTCACAGCACAGGG,619410,ACGTTATTCCAATTGT
5326,TCCTCACAGGCTTAAC,619582,ACGTTATTCAATAACG
5327,TCCTCACAGGGTCCAC,619595,ACGTTATTCATAGCTT
5328,TCCTCACAGGTGAAGC,619619,ACGTTATTCATAGCCC
5329,TCCTCTAAGAAAGCAT,619736,AAGCGATTCGACAAAC
5330,TCCTCTAAGGGCCATC,619975,AAGCGATTCACCCTCC
5331,TCCTGGTTCAGTTCCC,620188,CTCAGGAAGAGCAAGA
5332,TCCTGGTTCGCCTGTT,620368,CTCAGGAAGCCTTCAA
5333,TCCTGGTTCGCTTGCT,620381,CTCAGGAAGAGCCGGT
5334,TCCTGGTTCGTTAACA,620409,CTCAGGAAGAAACCGT
5335,TCCTGTTCAACCCTCC,620534,GAGACTAGTTCCATTT
5336,TCCTGTTCACCTGCCT,620658,GAGACTAGTATATTCG
5337,TCCTGTTCATAATGTC,620798,GAGACTAGTGCAAGTA
5338,TCCTGTTCATTGACAT,620872,GAGACTAGTCAATTGC
5339,TCCTTAGTCCGCCAAA,621052,TGGTTGGAGCCTGGTT
5340,TCCTTAGTCCTTCGTA,621103,TGGTTGGAGAACCTAA
5341,TCCTTAGTCGCTAGTG,621143,TGGTTGGAGGTCGAGC
5342,TCCTTAGTCTACCTGC,621203,TGGTTGGAGCATCTAT
5343,TCCTTCAAGCCTCTGT,621366,CATGTTGTCGCGTTAC
5344,TCCTTCAAGCTCCTTA,621409,CATGTTGTCGAAGCAT
5345,TCCTTCAAGGCGAAAC,621483,CATGTTGTCACGCCCA
5346,TCCTTCAAGTAACCCG,621556,CATGTTGTCCGTAATT
5347,TCCTTCAAGTAATCCA,621564,CATGTTGTCAGCTAAA
5348,TCCTTGCAGGACCGCT,621827,CCAAGGATCATAACCT
5349,TCCTTGCAGGTACCGC,621909,CCAAGGATCAAGCTTT
5350,TCCTTGCAGTATTGGC,621961,CCAAGGATCACTTGCA
5351,TCCTTTACAATGAGGT,622130,AGTGTGAGTCGCAATT
5352,TCCTTTACACAATTAC,622156,AGTGTGAGTGGGTGTG
5353,TCCTTTACACCAGGTT,622178,AGTGTGAGTTTGCTGG
5354,TCCTTTACAGGACCAA,622274,AGTGTGAGTATTCGGT
5355,TCGACAAGTATACTGG,622491,TGGGTTACACAGCAAC
5356,TCGACAAGTCAGGCAT,622526,TGGGTTACAACCTCGC
5357,TCGATTAAGAACCTGT,622810,CACGGTTTCGTTATGT
5358,TCGATTAAGATGCCTG,622848,CACGGTTTCCAAATAG
5359,TCGATTAAGGCTAGAA,623030,CACGGTTTCACAGCCT
5360,TCGCATTGTATACTGG,623257,TAACACGCACAGCAAC
5361,TCGCATTGTCCTTAGT,623323,TAACACGCACTTAGCT
5362,TCGCATTGTTCCTGAT,623494,TAACACGCATTACGTC
5363,TCGCGAGGTAGGATCC,624012,ATCAGCACAAGGCTGT
5364,TCGCGAGGTATACTGG,624023,ATCAGCACACAGCAAC
5365,TCGCGAGGTCCCGAAG,624077,ATCAGCACATAGTCAG
5366,TCGCGAGGTGAGACTC,624123,ATCAGCACAAAGAAGC
5367,TCGCGAGGTGCTGGTG,624154,ATCAGCACAAGTGCAC
5368,TCGCGCACAAAGCTAA,624351,CATTAGCGTTTCCAGG
5369,TCGCGCACACCCTCAC,624480,CATTAGCGTAAGTGGC
5370,TCGCGCACACCTAAGC,624484,CATTAGCGTATCGCTG
5371,TCGCGCACAGAAACGT,624525,CATTAGCGTGCACGCT
5372,TCGCGCACAGCTACGT,624560,CATTAGCGTGAAACAT
5373,TCGCGCACAGTTTCTC,624618,CATTAGCGTCACGATT
5374,TCGCGCACATTAGGTT,624698,CATTAGCGTCCTTGAG
5375,TCGCTAACAAGTGTCC,624789,CGTAATCGTGTGCGAG
5376,TCGCTAACACATTGCA,624855,CGTAATCGTTAAGTGG
5377,TCGCTAACACCAGCAT,624859,CGTAATCGTTCGGTAT
5378,TCGCTAACACCTGCTC,624877,CGTAATCGTACACCGC
5379,TCGCTAACACTGGCCA,624901,CGTAATCGTCCTGAGC
5380,TCGCTAACAGCAAGGC,624924,CGTAATCGTCGCATAT
5381,TCGCTAACAGGAACAT,624950,CGTAATCGTGCGGTTC
5382,TCGCTAACATGCATAT,625059,CGTAATCGTAATGGTG
5383,TCGGTAAGTCCGTGAG,625232,GCCTGAGCATGGTTAG
5384,TCGGTAAGTCCTTTAA,625242,GCCTGAGCAGAAATGA
5385,TCGGTAAGTGCAATGC,625289,GCCTGAGCAGGACTAC
5386,TCGGTAAGTTTACGTC,625457,GCCTGAGCAATCGTGA
5387,TCGGTAAGTTTAGTCC,625461,GCCTGAGCAATACCGA
5388,TCGGTTACAGCAACCT,625688,TCATTCTGTTCTGGCA
5389,TCGGTTACAGCTAACC,625708,TCATTCTGTATGGTCT
5390,TCGGTTCTCCAAGTTA,625992,TCCTCAAAGCTAATAG
5391,TCGGTTCTCGCTAAGT,626124,TCCTCAAAGCTGGCAA
5392,TCGGTTCTCTAAGTCA,626179,TCCTCAAAGCACTAAA
5393,TCGGTTTGTTCTTTAG,626567,ATTCGCTCATTTGGCT
5394,TCGTAATCACAAAGCG,626745,GAGAAGGGTACAAACG
5395,TCGTAATCATGTCGCG,626985,GAGAAGGGTGAGTTAG
5396,TCGTCAACATGCTCCC,627361,AGTGGCGGTAGTAGCA
5397,TCGTCAACATGTCAAT,627367,AGTGGCGGTTGCGAGG
5398,TCGTGCTTCACCATTT,627440,GGTTGTGAGGCTTGCT
5399,TCGTGCTTCGAAGCGG,627628,GGTTGTGAGTGAGGAA
5400,TCGTGCTTCGCTAAGT,627658,GGTTGTGAGCTGGCAA
5401,TCGTGCTTCGGCCATA,627669,GGTTGTGAGGCTCACT
5402,TCGTGCTTCTAAGTCA,627713,GGTTGTGAGCACTAAA
5403,TCGTGCTTCTCAATGA,627731,GGTTGTGAGGCTTGTC
5404,TCGTGCTTCTCACACC,627734,GGTTGTGAGCGGTTCT
5405,TCGTTAAAGGCATTAC,627992,TCCAGGTTCAAAGGGA
5406,TCGTTAAAGTCAGGCC,628104,TCCAGGTTCAAGGTCG
5407,TCGTTAGCAATTATGC,628654,GGCCTTAGTTGTCATA
5408,TCGTTATTCACAGACT,628968,TGTTTGTAGCTTACTG
5409,TCGTTATTCCAGGTCA,629070,TGTTTGTAGAGCTGGC
5410,TCGTTTCCACAATGCC,629438,CGGAAACGTCCAATTA
5411,TCTAACCGTAATTAGC,629735,AGGGATGCAGTTGGGT
5412,TCTAACCGTAGCTAGC,629761,AGGGATGCAATTGACG
5413,TCTAACCGTGGTGAGA,629924,AGGGATGCAATTGAGT
5414,TCTAACCGTTACGCAA,629971,AGGGATGCAAGGTATT
5415,TCTAACTTCACAGGAA,630121,TTGGTCCAGCATTATC
5416,TCTAACTTCTTGCAGG,630460,TTGGTCCAGCTTCCTT
5417,TCTAAGGGTTAATGCG,630731,TTGCATCCACCTCGAC
5418,TCTAATCTCCGCACAA,631018,CTCATTGAGTAAACTG
5419,TCTAATCTCTAAGGAG,631161,CTCATTGAGATAACTG
5420,TCTACCTCACAAGCCT,631352,GCGATAAGTTCATTGA
5421,TCTACCTCACTAAGTT,631411,GCGATAAGTTGCTTCC
5422,TCTACCTCATTGTGGC,631618,GCGATAAGTGCTTCGA
5423,TCTACTAGTAACAGGG,631627,ACGCGCACAAACCCAA
5424,TCTACTAGTTAGCTGA,631899,ACGCGCACAACGGTAC
5425,TCTAGCACAAGGTGGC,632069,CCTCAAGGTGCTAGCC
5426,TCTAGCACACCTGGTG,632162,CCTCAAGGTTAATCCA
5427,TCTAGCACAGATAGAC,632202,CCTCAAGGTTAAAGGT
5428,TCTAGCCTCAGAAACG,632440,ATAGACCAGGCAATGT
5429,TCTAGCGAGCAAGACA,632824,GTCCTAATCGCATTAT
5430,TCTAGCGAGGCTAGAA,632998,GTCCTAATCACAGCCT
5431,TCTAGCGAGGGCCACT,633012,GTCCTAATCCAACCTA
5432,TCTAGCGAGTAACCCG,633058,GTCCTAATCCGTAATT
5433,TCTAGCGAGTGAGGGT,633112,GTCCTAATCGCAACCT
5434,TCTATGTTCACTTTAC,633207,TTAGCTTAGGAACCTG
5435,TCTATGTTCCGTGACA,633334,TTAGCTTAGATTGCCC
5436,TCTATGTTCGCAGGCT,633402,TTAGCTTAGGTCATTT
5437,TCTCAAGCACCGTTCC,633687,GGGTTGGGTTAGTGCT
5438,TCTCAAGCAGGCCTTG,633786,GGGTTGGGTCATGAAG
5439,TCTCAAGCATAAAGCA,633826,GGGTTGGGTAATAAGC
5440,TCTCAATTCAATGACC,633946,CGCGATAAGACTAATG
5441,TCTCAATTCAATGTGC,633949,CGCGATAAGGTTGGTG
5442,TCTCAATTCAGGCCTA,633987,CGCGATAAGGCCCTTG
5443,TCTCAATTCATGTCAA,634023,CGCGATAAGTGCTCAC
5444,TCTCAATTCTTTGAGA,634307,CGCGATAAGACATAGC
5445,TCTCACCAGAAAGCAT,634310,GAGTGATTCGACAAAC
5446,TCTCACCAGCGATAGA,634418,GAGTGATTCAAGGGTT
5447,TCTCACCAGGCCTGGT,634519,GAGTGATTCCTTGCAA
5448,TCTCACCAGGCTGTGC,634539,GAGTGATTCCGCTGTG
5449,TCTCACCAGGTTTGCG,634589,GAGTGATTCAGCCTTA
5450,TCTCACCAGTAACTCA,634597,GAGTGATTCCCTGGTG
5451,TCTCCTCGTCATGCCC,634807,GATAAAGCATTCCTGG
5452,TCTCCTCGTGATGATT,634871,GATAAAGCATCAGTTC
5453,TCTCCTCGTTCGGTAA,635004,GATAAAGCAAACAAAG
5454,TCTCGCCCACGTAAGG,635240,CTGATTAGTCCGGTTA
5455,TCTCGCCCACGTGCTG,635242,CTGATTAGTTACTTCT
5456,TCTCGCCCACTTACAG,635258,CTGATTAGTGACCTTG
5457,TCTCGCCCATAGACCC,635374,CTGATTAGTAAAGGTT
5458,TCTCGCCCATAGCGGA,635378,CTGATTAGTAGCTTTA
5459,TCTGGCTTCCCTCAAC,635607,AAAGCGAAGATTGACA
5460,TCTGGCTTCTCAATTC,635786,AAAGCGAAGCTTAGGG
5461,TCTGGCTTCTCACAAA,635787,AAAGCGAAGGCATGGC
5462,TCTGTGACAAGCCACT,635888,GGGATTAGTTTACCGG
5463,TCTGTGACAATCATGT,635926,GGGATTAGTAGAGGGA
5464,TCTGTGACAATGCGCT,635937,GGGATTAGTTTCACCC
5465,TCTGTGACACATAGCC,635974,GGGATTAGTAATCCCG
5466,TCTTAGCGTCATCCTG,636338,ACCTTACCAATAAAGG
5467,TCTTAGCGTCATTACC,636342,ACCTTACCAGTTGGCG
5468,TCTTCAAGTAAGGTCC,637008,CTCGATTCAATTTGGG
5469,TCTTCAAGTTAGGCGT,637272,CTCGATTCATACTGAG
5470,TCTTGACGTTATCCTA,637663,TAAGCCACAGGCATTA
5471,TCTTGACGTTGGTTAG,637710,TAAGCCACAGCTAGCG
5472,TCTTGTCCACCTGTAA,637915,CCTTTATGTTTATGGC
5473,TCTTGTCCAGTTTGGC,638039,CCTTTATGTCGGTTAT
5474,TCTTGTCCATCACTTC,638069,CCTTTATGTAAAGCAT
5475,TCTTGTCCATCTAGCA,638084,CCTTTATGTTTAACCA
5476,TCTTTGTAGCTTAACA,638289,GAAAGGATCCGTTAGC
5477,TCTTTGTAGGCATTGT,638345,GAAAGGATCCTTCGGG
5478,TGAAACTGTCGTTACT,638672,TCCCTGACAAAGGACG
5479,TGAAACTGTCTTTGAC,638684,TCCCTGACAGTGTGCG
5480,TGAAACTGTGACCTGG,638691,TCCCTGACATAGCTTC
5481,TGAAACTGTGATTACG,638705,TCCCTGACAACCGCCT
5482,TGAAACTGTGTTTGAG,638767,TCCCTGACATAGACTG
5483,TGAAACTGTTAAGGTT,638779,TCCCTGACATTGTCCG
5484,TGAAACTGTTACAACG,638785,TCCCTGACAGATAATC
5485,TGAACAACAAACTCAT,638915,CTGAATCGTCAGTGCC
5486,TGAACAACAAAGGCCA,638923,CTGAATCGTGAGTCAA
5487,TGAACAACAACACCTA,638931,CTGAATCGTTTCCTCA
5488,TGAACAACAAGGAATC,638960,CTGAATCGTCAACCGC
5489,TGAACAACAGGCTTCG,639159,CTGAATCGTAACCGGG
5490,TGAACAACATGCAACC,639244,CTGAATCGTTGGGCCT
5491,TGAACAGAGAGAGGAG,639319,GCTGACTTCAGCATTT
5492,TGAACAGAGGGTTAGA,639540,GCTGACTTCCAGCTAC
5493,TGAAGCAAGCGATAAG,639782,GTCTTAGTCGCTTCTT
5494,TGAAGCAAGGCCCAGT,639882,GTCTTAGTCAATCCAT
5495,TGAAGCAAGGGCTTAT,639917,GTCTTAGTCAAATACG
5496,TGAAGGATCACCATTT,640094,GCCCTCAAGGCTTGCT
5497,TGAAGGATCACTTCAT,640108,GCCCTCAAGTGTCCAC
5498,TGAAGGATCGATTATG,640295,GCCCTCAAGGAACAAG
5499,TGAAGTGAGACAAGTG,640458,TCCTCCATCCTCACTT
5500,TGAAGTGAGCCAGTAT,640528,TCCTCCATCCCGGAAA
5501,TGAAGTGAGCGGATTT,640560,TCCTCCATCCAAACTT
5502,TGAAGTGAGTTAGCCG,640797,TCCTCCATCATGAGGT
5503,TGACCTTGTCCTCCAA,641341,CCGTAAACAGAGAGGC
5504,TGACCTTGTCCTTTAA,641346,CCGTAAACAGAAATGA
5505,TGACCTTGTGAGAAAC,641376,CCGTAAACAAACGCGT
5506,TGACCTTGTTAAGCCA,641459,CCGTAAACAATCTGGA
5507,TGACTCCTCACAGGAA,641623,GTGGCTAAGCATTATC
5508,TGACTCCTCACCAATA,641625,GTGGCTAAGCAAACAC
5509,TGACTCCTCATGCTCC,641683,GTGGCTAAGCTCCCTC
5510,TGACTCCTCCATAATG,641725,GTGGCTAAGGGTTGGC
5511,TGACTCCTCGATTTGA,641830,GTGGCTAAGGTGGCTA
5512,TGACTCCTCGTGCCTT,641878,GTGGCTAAGGACACGC
5513,TGACTCCTCTAAGTGC,641900,GTGGCTAAGCAATAGC
5514,TGACTTAAGCTAAAGG,642098,GAACGATTCGCTCAGT
5515,TGACTTAAGGTGAAAT,642242,GAACGATTCTCAATCG
5516,TGACTTAAGTGTGATC,642321,GAACGATTCGCTTTAG
5517,TGACTTAAGTTAGGCT,642331,GAACGATTCAAACTGA
5518,TGACTTAAGTTGGCCA,642346,GAACGATTCCTTATGG
5519,TGACTTAAGTTTGGTA,642357,GAACGATTCGCTTCGG
5520,TGACTTCGTAGCTAGC,642413,TGGGCCACAATTGACG
5521,TGACTTCGTATGGTGC,642429,TGGGCCACAGTATTGG
5522,TGACTTCGTGCATTAG,642546,TGGGCCACAACCAACA
5523,TGAGAACCACAGCCTG,642866,CTTAAGCGTATTGAGG
5524,TGAGAACCACATTGCA,642875,CTTAAGCGTTAAGTGG
5525,TGAGAACCACGTTACA,642909,CTTAAGCGTTACAGCT
5526,TGAGAACCAGCATGAG,642951,CTTAAGCGTTACTCCC
5527,TGAGAACCAGGATAAC,642978,CTTAAGCGTGAGGAAG
5528,TGAGAACCAGGCCTTG,642986,CTTAAGCGTCATGAAG
5529,TGAGAACCAGGCTTCG,642993,CTTAAGCGTAACCGGG
5530,TGAGCAAAGAGGAAGG,643158,TATCGCATCGCATTGC
5531,TGAGCAAAGCCGCAAC,643212,TATCGCATCTTTGGGC
5532,TGAGCAAAGCTCGCTT,643264,TATCGCATCACACCGT
5533,TGAGCAAAGTTAGAGG,643478,TATCGCATCTAAGCTT
5534,TGAGCACGTAAACAAG,643509,TAAACCGCAAATATGC
5535,TGAGCACGTTCCGGCT,643811,TAAACCGCATGCCTGC
5536,TGAGCCGGTAGGTTGC,643952,CTGTCCACAATAAACC
5537,TGAGCTTAGAGAGCCG,644300,TGCGCCATCTAGGAAC
5538,TGAGCTTAGGACAATG,644442,TGCGCCATCGAGGAGG
5539,TGAGCTTAGGCATTGT,644477,TGCGCCATCCTTCGGG
5540,TGAGCTTAGGGCCACT,644512,TGCGCCATCCAACCTA
5541,TGAGGAGGTGTTTCAC,644898,GCCGTGACAAGGATTT
5542,TGAGGCACACTGGCTG,645220,TAGCAAGGTAGGATCA
5543,TGAGGCACAGGCCAAA,645282,TAGCAAGGTTGAGGTA
5544,TGAGGCACATAGCGGA,645342,TAGCAAGGTAGCTTTA
5545,TGAGGCACATCACAGC,645350,TAGCAAGGTTCCTGGA
5546,TGAGGTGCACAAACTT,646295,GTTTGCGGTCAATACC
5547,TGAGGTGCAGAATGAC,646381,GTTTGCGGTCTTAGCG
5548,TGAGGTGCATTAGCGC,646548,GTTTGCGGTACTGATC
5549,TGAGTGAAGCAACATC,646623,GCATTTGTCCAAGTGG
5550,TGAGTGAAGGCATTGT,646777,GCATTTGTCCTTCGGG
5551,TGAGTTTCAAACCTAT,646960,ATCCTAAGTGCGCGAA
5552,TGAGTTTCAATAGCCC,647035,ATCCTAAGTTGAAGCA
5553,TGAGTTTCAGAACCGA,647148,ATCCTAAGTTAATCGC
5554,TGAGTTTCAGCACCAT,647163,ATCCTAAGTTGACTAC
5555,TGATCAATCACTTTAC,647391,GTCTTTGAGGAACCTG
5556,TGATCAATCGGTTCCT,647619,GTCTTTGAGGCTCAAG
5557,TGATCAATCTTAGGGT,647703,GTCTTTGAGCATTAAG
5558,TGATCACAGCAGGTTT,647795,CATTACGTCGCCTAAC
5559,TGATCACAGCTTATGA,647877,CATTACGTCACTAATC
5560,TGATCACAGCTTCCCG,647878,CATTACGTCATTCAGT
5561,TGATCACAGGGCCATC,647965,CATTACGTCACCCTCC
5562,TGATCAGGTGGACCTG,648316,GCTCACCCACAATAAC
5563,TGATCAGGTTTATCTG,648467,GCTCACCCATAATGGT
5564,TGATCGAGTTTACTTG,649226,GTACCGGCATCAATCC
5565,TGATGAACAAAGCTCC,649270,GGTAATGGTCATGATC
5566,TGATGAACAACCCTCC,649286,GGTAATGGTTCCATTT
5567,TGATGAACAACTGGGA,649297,GGTAATGGTGCTCATG
5568,TGATGAACAGGCCAAA,649498,GGTAATGGTTGAGGTA
5569,TGATGAACATGAATAG,649586,GGTAATGGTTATCCGG
5570,TGATGAACATTAAGTC,649612,GGTAATGGTGAGACTA
5571,TGATGACTCAGGATGA,649700,CGTGATGAGGGCTTTC
5572,TGATGACTCATCAGTA,649717,CGTGATGAGCTTAGCC
5573,TGATGACTCCGTAAAC,649814,CGTGATGAGCGCTCCA
5574,TGATGACTCCTCACAC,649831,CGTGATGAGCACCTTA
5575,TGATGACTCCTCCTAA,649839,CGTGATGAGAAGGGTA
5576,TGATGACTCGGTTCCT,649917,CGTGATGAGGCTCAAG
5577,TGATGACTCTAATCAG,649949,CGTGATGAGTATTGGA
5578,TGATGACTCTTGTCTG,650016,CGTGATGAGGGATTTA
5579,TGATGATGTAAAGCGG,650025,CATGAGCCACGGTCAG
5580,TGATTAGTCCCGAAGC,650546,GCTGAATAGGTGGATT
5581,TGATTAGTCGCTTGCT,650667,GCTGAATAGAGCCGGT
5582,TGATTAGTCTAGCTAA,650725,GCTGAATAGGAGGGTG
5583,TGATTAGTCTTGCAGG,650776,GCTGAATAGCTTCCTT
5584,TGATTAGTCTTTGAGA,650787,GCTGAATAGACATAGC
5585,TGATTCAAGCATCCAG,650860,AGGTGGCTCATCAGTT
5586,TGATTCAAGGTAAGGC,651042,AGGTGGCTCCCTCGCT
5587,TGATTCAAGTCTATGA,651116,AGGTGGCTCAATTGCT
5588,TGATTCAAGTTAGTGC,651146,AGGTGGCTCGTGCTTA
5589,TGATTGCAGCCGCTAA,651262,GACAAACTCAGTTTAC
5590,TGATTGCAGCCTAATA,651266,GACAAACTCAAACCAA
5591,TGATTGCAGGACCTTG,651348,GACAAACTCCACTAAT
5592,TGATTGCAGTACCGCA,651467,GACAAACTCGTTGTCA
5593,TGATTGCAGTTTGCGG,651553,GACAAACTCTTGACCA
5594,TGCAAGCGTTGCACAA,651876,CAGTAGCCAGGTGGAA
5595,TGCAAGCGTTTGGGCG,651933,CAGTAGCCAAGGTGTC
5596,TGCAATATCCAGGGAG,652069,TAGCTAAAGTTATTGC
5597,TGCAATATCGCTCCAT,652199,TAGCTAAAGATAGACC
5598,TGCAATATCTCACACC,652268,TAGCTAAAGCGGTTCT
5599,TGCACCTTCATTAGTG,652813,CGAAGAAAGAAATGCC
5600,TGCACCTTCCCTCAGT,652857,CGAAGAAAGAGCTGCA
5601,TGCACCTTCGGTTCCT,652985,CGAAGAAAGGCTCAAG
5602,TGCACCTTCTAACCTT,653011,CGAAGAAAGCAAATTG
5603,TGCACCTTCTAATCCT,653018,CGAAGAAAGGATGCGC
5604,TGCACCTTCTTAGCCC,653066,CGAAGAAAGTCTTAGT
5605,TGCACTTGTTAATCGG,653347,CTATGGACAGTGCACG
5606,TGCAGGCTCGTTTCGC,653773,AAAGCCTAGCACTTGC
5607,TGCATCCTCGGTTCCT,654135,CGCTTTAAGGCTCAAG
5608,TGCATCCTCTAAGGAG,654163,CGCTTTAAGATAACTG
5609,TGCATCCTCTCGACCT,654195,CGCTTTAAGTATTTGC
5610,TGCATCCTCTGCAAAC,654199,CGCTTTAAGTTACAAG
5611,TGCATCCTCTGGTCCT,654205,CGCTTTAAGTCAACAA
5612,TGCATGAGTGTCCAGG,654467,TAAGTCGCAAAGGTAA
5613,TGCATGAGTTTCAGGA,654602,TAAGTCGCATAACCGA
5614,TGCATTAAGGAGCATA,654804,GACTGAGTCCGTAAGG
5615,TGCATTAAGTGAAGTG,654957,GACTGAGTCCTGATAT
5616,TGCCGGTAGCCAAATC,655470,ACCAACCTCGGTACGA
5617,TGCCGGTAGCTAAAGG,655512,ACCAACCTCGCTCAGT
5618,TGCCGGTAGTAAGTGG,655681,ACCAACCTCCTAACTG
5619,TGCCGGTAGTCCTGAG,655711,ACCAACCTCAAACATG
5620,TGCCTGTTCAGGCTAT,655836,CTCCTAAAGGCACGTA
5621,TGCCTGTTCATAACCA,655843,CTCCTAAAGGCTTTCA
5622,TGCCTGTTCCAAGTGT,655893,CTCCTAAAGTCACACC
5623,TGCCTGTTCCTCGATC,655974,CTCCTAAAGAACCTGG
5624,TGCCTGTTCGTTAACA,656063,CTCCTAAAGAAACCGT
5625,TGCGATTAGAAGGTGC,656164,AGTAAGCTCACCAACC
5626,TGCGATTAGCTAATCA,656282,AGTAAGCTCGCGCTCA
5627,TGCGATTAGCTCAAAC,656290,AGTAAGCTCGGTAATA
5628,TGCGATTAGCTCCTAC,656294,AGTAAGCTCTTAGCCA
5629,TGCGATTAGCTGAGGG,656297,AGTAAGCTCCGGATTC
5630,TGCGATTAGCTTAACA,656305,AGTAAGCTCCGTTAGC
5631,TGCGATTAGGCAGGTG,656357,AGTAAGCTCGGGATGC
5632,TGCGATTAGTTAGTTG,656515,AGTAAGCTCTACCTGA
5633,TGCGCAGGTGGTTCTT,656762,CCCGTTACAGAAACCC
5634,TGCGGTTCAACCTAAT,657338,CGACATTGTAGCTTAC
5635,TGCGGTTCAAGTCGCT,657371,CGACATTGTTATGGCT
5636,TGCGGTTCAGCAAGTG,657509,CGACATTGTCTAATCA
5637,TGCGGTTCAGGCGATA,657552,CGACATTGTGGATTGA
5638,TGCGGTTCATTAGGCC,657665,CGACATTGTGTCCGGT
5639,TGCTAACAGCAGCTCA,657756,AATTGAGTCTTGCTGA
5640,TGCTAACAGGTTACGT,657964,AATTGAGTCTAATCCG
5641,TGCTAACAGTAAAGGT,657971,AATTGAGTCTAAGCGG
5642,TGCTAACAGTTTGCGG,658069,AATTGAGTCTTGACCA
5643,TGCTAGCCAATGAGGT,658164,TCTGGATGTCGCAATT
5644,TGCTAGCCAGTAGCCT,658340,TCTGGATGTTGCTCAG
5645,TGCTAGCCAGTTATCG,658350,TCTGGATGTTTATTCC
5646,TGCTAGCCATAGACCC,658372,TCTGGATGTAAAGGTT
5647,TGCTAGCCATGAGTTT,658408,TCTGGATGTCACAGGG
5648,TGCTAGCCATGTTTGG,658426,TCTGGATGTTTATCCT
5649,TGCTATGCAATCCTGA,658543,GTTGCGCGTAGACAAT
5650,TGCTATGCATGCTTAG,658798,GTTGCGCGTCCAAGTT
5651,TGCTCAACAATACTGT,658917,CTTTACTGTTGTAACC
5652,TGCTCACTCACCATTT,659260,GACCGGTAGGCTTGCT
5653,TGCTCACTCAGCCAAT,659282,GACCGGTAGGTTCCCG
5654,TGCTCCGTCACGTTAA,659652,GTGGCGTAGCTCCTAA
5655,TGCTCCGTCAGGCCTA,659671,GTGGCGTAGGCCCTTG
5656,TGCTCCGTCAGGGCCT,659673,GTGGCGTAGCCGATAG
5657,TGCTCCGTCATGGTTA,659706,GTGGCGTAGTTACCGC
5658,TGCTCTCAGACACCGC,660009,GAACTAATCAGGAGGG
5659,TGCTCTCAGTCATCCC,660310,GAACTAATCCTTAACG
5660,TGCTCTCAGTGAACAG,660324,GAACTAATCCGCAATC
5661,TGCTGGATCGCAATCG,660619,TGTCTTGAGCCGCAAA
5662,TGCTGGATCGCTCACT,660636,TGTCTTGAGAAACCTA
5663,TGCTGGATCTCCTCAA,660713,TGTCTTGAGCGCTAAG
5664,TGCTTAAAGCCGCAAC,660848,TCATCAGTCTTTGGGC
5665,TGCTTAAAGCGCCTTT,660874,TCATCAGTCTATTGAC
5666,TGCTTAAAGGCTTAAC,660992,TCATCAGTCAATAACG
5667,TGCTTCATCATGTCAA,661243,TGGGCGTAGTGCTCAC
5668,TGCTTCATCCTAAATG,661325,TGGGCGTAGATAACCA
5669,TGCTTCATCGAAGCGG,661368,TGGGCGTAGTGAGGAA
5670,TGCTTCATCTAAGGAG,661451,TGGGCGTAGATAACTG
5671,TGCTTCCAGAGGAGGA,661563,TTGCCGGTCTAGCCAC
5672,TGCTTCCAGCATGACT,661602,TTGCCGGTCGTGCTGT
5673,TGCTTCCAGCATTATG,661608,TTGCCGGTCTCCTCAT
5674,TGCTTCCAGCTTCTCA,661683,TTGCCGGTCTTTAGGT
5675,TGCTTCCAGGCTACTG,661753,TTGCCGGTCCTTGAGC
5676,TGCTTCCAGTAGCTTA,661829,TTGCCGGTCCCATAGC
5677,TGCTTCCAGTATCGCG,661832,TTGCCGGTCGCCCGTA
5678,TGCTTGCTCACTCGCT,661961,CCTGTTAAGACTTAGA
5679,TGCTTGCTCATTCATC,662021,CCTGTTAAGACAAGCT
5680,TGCTTGCTCGTTACTT,662206,CCTGTTAAGGGACTTG
5681,TGCTTGTGTTTAGCGA,662651,CCAAAGCCACAGCACG
5682,TGCTTTAGTTAGGATT,662957,ATGGCTACAAGCGAAG
5683,TGGAACAAGCTGGACC,663204,AGCCTGTTCCGCACCA
5684,TGGAACAAGGACCTCA,663234,AGCCTGTTCAGGAATC
5685,TGGAACAAGGGCTTAT,663303,AGCCTGTTCAAATACG
5686,TGGAACAAGTTATGTG,663423,AGCCTGTTCGACAAGT
5687,TGGACAAAGAACCTAC,663449,GCATATTTCATTAACC
5688,TGGACAAAGGAGTCTT,663633,GCATATTTCGATAAGC
5689,TGGACAAAGGCCTTAG,663656,GCATATTTCCATCATG
5690,TGGACAAAGGCTACAT,663668,GCATATTTCTTTAAGC
5691,TGGACAAAGGTCCGTA,663706,GCATATTTCTAATCAC
5692,TGGACAAAGGTTTACA,663723,GCATATTTCTTCAAGT
5693,TGGACAAAGTTAGGCT,663801,GCATATTTCAAACTGA
5694,TGGACCGGTGTTTCAC,664070,TCCGGGACAAGGATTT
5695,TGGACGGAGCTTAGTA,664362,CTTTGAGTCCGCTAAC
5696,TGGACGGAGGACCTTG,664386,CTTTGAGTCCACTAAT
5697,TGGACGGAGGCGGGTA,664430,CTTTGAGTCAATACAG
5698,TGGACGGAGTAAACCC,664492,CTTTGAGTCATAAGCA
5699,TGGACTAGTACGTTTC,664637,AAGTGAACATTTCTTC
5700,TGGACTAGTCAATACG,664685,AAGTGAACACGCGCAA
5701,TGGACTAGTTGAGCCG,664911,AAGTGAACAGCAAATT
5702,TGGACTAGTTGAGGTC,664912,AAGTGAACAAACTAAC
5703,TGGATTCAGATGGAGC,665022,GTAAGTATCGCAACTC
5704,TGGATTCAGCAAGGGT,665031,GTAAGTATCAGAAAGG
5705,TGGATTCAGCTCCCTG,665113,GTAAGTATCACGAATA
5706,TGGATTCAGGTTACGT,665252,GTAAGTATCTAATCCG
5707,TGGATTCAGTAGGATG,665278,GTAAGTATCTAGTTAC
5708,TGGATTCAGTTTCCTG,665355,GTAAGTATCACGGATG
5709,TGGATTGGTCATGCCC,665475,CAACATGCATTCCTGG
5710,TGGATTGGTTGCGCGA,665685,CAACATGCACTAGCTT
5711,TGGCCAATCCGGGACT,665914,CCTAACCAGAATCTAG
5712,TGGCCATCAAGGCCAA,666183,CTATTGAGTGAATCGA
5713,TGGCCATCAATGAGGT,666218,CTATTGAGTCGCAATT
5714,TGGCCATCAATTAGCT,666224,CTATTGAGTCCAAATC
5715,TGGCCATCACCAAAGG,666262,CTATTGAGTTTCCAAA
5716,TGGCCATCAGTTAAAG,666402,CTATTGAGTAAATAGC
5717,TGGCCTGCATGATTGT,666847,GGATTGAGTAGGTTAG
5718,TGGCCTTTCATTAGTG,667001,ATTGCGGAGAAATGCC
5719,TGGCCTTTCCGTTAAA,667073,ATTGCGGAGTAACCGG
5720,TGGCGGTTCAGGAACA,667338,GGGTTTGAGAGAGGCG
5721,TGGCGGTTCCCAGTAG,667416,GGGTTTGAGGCACAAT
5722,TGGCGGTTCCTAATTC,667466,GGGTTTGAGCTTGAAA
5723,TGGCTAAGTAGCCTCC,667715,CTTCCAGCATGAGCTA
5724,TGGCTAAGTGTTTGCT,667906,CTTCCAGCATCCTAGT
5725,TGGCTATAGCCTGACA,668141,TGTCCTTTCGACCTTA
5726,TGGCTATAGTCAGTAC,668361,TGTCCTTTCTGCAACC
5727,TGGCTTTGTCCCGAAG,668551,ACCTCATCATAGTCAG
5728,TGGCTTTGTTAGGTTG,668711,ACCTCATCATTAACCC
5729,TGGCTTTGTTGCGGAT,668754,ACCTCATCATCCCAAT
5730,TGGCTTTGTTGGCGTG,668761,ACCTCATCACTAGTCT
5731,TGGGCATGTACAAAGA,668840,ACCACAACAGTTCCCA
5732,TGGGCATGTGAGAAAC,668978,ACCACAACAAACGCGT
5733,TGGGCATGTTAGGCGT,669090,ACCACAACATACTGAG
5734,TGGGCCTAGAACAAGT,669196,CATAACTTCGATTCAT
5735,TGGGCCTAGCAAGACA,669244,CATAACTTCGCATTAT
5736,TGGGCCTAGGATAAAC,669382,CATAACTTCTACTACG
5737,TGGGCCTAGGCATGAA,669394,CATAACTTCAGCTAGG
5738,TGGGCCTAGTCACTAA,669506,CATAACTTCGATTATC
5739,TGGGCCTAGTCAGGCC,669508,CATAACTTCAAGGTCG
5740,TGGGCCTAGTTTGGTA,669575,CATAACTTCGCTTCGG
5741,TGGTAAACAACAGGTG,669605,AAGGAGGGTGTAACAG
5742,TGGTAAACACAATGCC,669692,AAGGAGGGTCCAATTA
5743,TGGTAAACAGGAACAT,669806,AAGGAGGGTGCGGTTC
5744,TGGTCAAGTAATCACG,669981,TTTCTAGCAACGTGGT
5745,TGGTCAAGTGATGATT,670139,TTTCTAGCATCAGTTC
5746,TGGTCAAGTTAACGAT,670209,TTTCTAGCAGTTTCCG
5747,TGGTCATAGGAACCAA,670887,GGCTACTTCAAGGTTA
5748,TGGTCATAGTTATCTC,671087,GGCTACTTCGCAATTT
5749,TGGTCCTTCACGAATC,671150,GCGGTTAAGGATTATG
5750,TGGTCCTTCGATTCTT,671348,GCGGTTAAGTGAGCCA
5751,TGGTGATTCACCGGTA,671531,TCTGGTCAGCCTTAAT
5752,TGGTGATTCCCATAAA,671633,TCTGGTCAGTTAGGAC
5753,TGGTGATTCCCGCATT,671638,TCTGGTCAGTTAGGCG
5754,TGGTGATTCTCAATTC,671822,TCTGGTCAGCTTAGGG
5755,TGGTGATTCTCGACCT,671833,TCTGGTCAGTATTTGC
5756,TGGTGATTCTGTTCAT,671849,TCTGGTCAGTTAGTAG
5757,TGGTGCATCATTAGCA,671983,AACATCAAGCTATATC
5758,TGGTGCATCCACCTGT,672005,AACATCAAGGTAAGTC
5759,TGGTGCATCCATAAGC,672012,AACATCAAGGAGCTTG
5760,TGGTGCATCCCTCATA,672030,AACATCAAGACAGGTT
5761,TGGTTAATCATAAGCC,672336,AGGACTTAGGCGATAT
5762,TGGTTAATCATTATGG,672370,AGGACTTAGTCCTTAG
5763,TGGTTCCTCAGCACGC,672702,AGTTTCTAGTTATGGA
5764,TGGTTCCTCCAGGTTG,672779,AGTTTCTAGTCATGCC
5765,TGGTTCCTCCGGTTAG,672820,AGTTTCTAGGGTCCAA
5766,TGGTTCCTCCGTAAAC,672822,AGTTTCTAGCGCTCCA
5767,TGGTTCCTCGGCTAGC,672912,AGTTTCTAGTCCTGCG
5768,TGGTTCCTCTTAGGAC,673008,AGTTTCTAGCGCTACT
5769,TGGTTCTGTCAACAAT,673117,ACTGCAACACTAAGCA
5770,TGGTTCTGTGAGGTAG,673203,ACTGCAACAGGACCTG
5771,TGGTTCTGTTCGCTCA,673339,ACTGCAACAGGTGAGA
5772,TGGTTCTGTTGTAACG,673370,ACTGCAACAGGTTATG
5773,TGGTTGAGTGTGCAAC,673643,TCTATTGCACGTAGCG
5774,TGGTTGAGTTTGAGGC,673782,TCTATTGCACCAAAGC
5775,TGTAAAGCAATGAAGC,673884,CGTTATAGTATAGCGA
5776,TGTAAAGCACAACAAA,673905,CGTTATAGTTACGAAG
5777,TGTAACTCACCTGCCT,674334,ATTGCACGTATATTCG
5778,TGTAACTCAGGCATCT,674420,ATTGCACGTAGGTTTC
5779,TGTAACTCATAGGCGA,674485,ATTGCACGTGCACAAA
5780,TGTAACTCATGAATCT,674511,ATTGCACGTTTATGTG
5781,TGTAACTCATGGAGGC,674521,ATTGCACGTGAGGTAC
5782,TGTAAGCTCTCACAAA,674891,CCATATTAGGCATGGC
5783,TGTAAGTGTGGACATC,675153,GACATTGCAATGAAGA
5784,TGTAAGTGTGTTTGAG,675189,GACATTGCATAGACTG
5785,TGTAATGTCATCCACC,675408,TCAATCTAGGTTCCGT
5786,TGTAATGTCATGTTTC,675429,TCAATCTAGGCAATCG
5787,TGTAATGTCTTCAATC,675694,TCAATCTAGAAGCTAC
5788,TGTATCCGTTTGAGGC,676082,GCCAAACCACCAAAGC
5789,TGTATCGCAAGGTACG,676154,TCGATTAGTCTAGCGC
5790,TGTATCGCAATAGTCT,676174,TCGATTAGTGTCCTGA
5791,TGTCAATCAATATGGA,676561,GGTCCTAGTGCAATAG
5792,TGTCAATCAGGCCTTG,676724,GGTCCTAGTCATGAAG
5793,TGTCAATCATAAGCAA,676766,GGTCCTAGTAAGGCCG
5794,TGTCAGTAGCTAATTG,676989,GTCCTCCTCCTAGTGC
5795,TGTCAGTAGGGATGCG,677100,GTCCTCCTCCGAAACG
5796,TGTCAGTAGTTATGTG,677225,GTCCTCCTCGACAAGT
5797,TGTCATAAGAAGCTAG,677253,TACCTGATCTCAATAC
5798,TGTCATAAGGAGCAAC,677426,TACCTGATCCTAAATC
5799,TGTCATAAGGCCGGAA,677455,TACCTGATCCGGCTAT
5800,TGTCATAAGTTGTCAA,677620,TACCTGATCACCTGGT
5801,TGTCCTGGTTTGGGCG,678007,ACAGCACCAAGGTGTC
5802,TGTCCTTCAAAGCTCC,678028,TTCTAAGGTCATGATC
5803,TGTCCTTCAAGTTATC,678083,TTCTAAGGTTGGCCAC
5804,TGTCCTTCACCTGCCT,678168,TTCTAAGGTATATTCG
5805,TGTCCTTCACTGACCG,678191,TTCTAAGGTGAGTAGC
5806,TGTCCTTCAGACAAAC,678206,TTCTAAGGTAGTTGGA
5807,TGTCCTTCAGGCCATT,678257,TTCTAAGGTGCATTTA
5808,TGTGAAACAGGCTAGA,678647,ACCCGTAGTTGGCGGA
5809,TGTGAAACATTAGGTT,678758,ACCCGTAGTCCTTGAG
5810,TGTGATCAGCATGGTT,678856,TAGTGTTTCATCCTCT
5811,TGTGATCAGGACAATG,678950,TAGTGTTTCGAGGAGG
5812,TGTGATCAGTTAACCA,679130,TAGTGTTTCGCTATAT
5813,TGTGATCAGTTCCCGT,679146,TAGTGTTTCCTAATGT
5814,TGTGCAAGTAGGTGTC,679224,GACATGCCACGCCCAT
5815,TGTGCAAGTGCATCGG,679351,GACATGCCATGGCTAA
5816,TGTGCAAGTTTCCGGC,679528,GACATGCCACCGTTCA
5817,TGTGCGCAGCGCATTG,680042,GGTTTGCTCAAACCGG
5818,TGTGCGCAGGACCTGC,680105,GGTTTGCTCGGTTAGG
5819,TGTGCGCAGGAGTCGG,680118,GGTTTGCTCAATCGGG
5820,TGTGCGCAGGTTTACA,680209,GGTTTGCTCTTCAAGT
5821,TGTGCGCAGTAACCAC,680215,GGTTTGCTCTCAAACT
5822,TGTGCGGGTAAATTGC,680318,CTGACAACACCTTCCT
5823,TGTGCGGGTAGTTAAC,680380,CTGACAACATCCGGGA
5824,TGTGCGGGTGCGCGTA,680508,CTGACAACAAGTGCCG
5825,TGTGCTGAGACTTATG,680722,GCCCTGATCGCTTGAC
5826,TGTGCTGAGAGGAGGA,680731,GCCCTGATCTAGCCAC
5827,TGTGCTGAGTGAACCT,681029,GCCCTGATCAGGGCTA
5828,TGTGGAGCACCTCAGG,681234,CCTTAAAGTGAGTTTC
5829,TGTGGAGCACTGACTA,681260,CCTTAAAGTTAAACGG
5830,TGTGGAGCAGTAAAGC,681344,CCTTAAAGTTTACTAG
5831,TGTGGAGCATAAGTCT,681370,CCTTAAAGTCATGCCA
5832,TGTGGAGCATGGCCTG,681425,CCTTAAAGTTCCGGAC
5833,TGTGGCCAGCTTAACA,681613,CCGCCAATCCGTTAGC
5834,TGTGGCGGTATTCGTC,681923,ACGATTGCACTAATCC
5835,TGTGTGAGTAGTTAAC,682680,TTTACTGCATCCGGGA
5836,TGTGTGAGTGGCTTCC,682828,TTTACTGCAGCATTAG
5837,TGTGTGAGTTAGCTGA,682891,TTTACTGCAACGGTAC
5838,TGTGTTAAGACTTATG,683022,GGTAATATCGCTTGAC
5839,TGTGTTAAGAGGCTAA,683034,GGTAATATCTGTTGCA
5840,TGTGTTAAGCCGCAAC,683084,GGTAATATCTTTGGGC
5841,TGTGTTAAGGGTGGAT,683245,GGTAATATCATTGCGC
5842,TGTGTTAAGTATCGCG,683300,GGTAATATCGCCCGTA
5843,TGTTACTTCCTTAAGA,683592,GGGACCTAGCCAAACG
5844,TGTTACTTCGCTTCTA,683642,GGGACCTAGGATTGGT
5845,TGTTACTTCGGGACTC,683649,GGGACCTAGCCATAGG
5846,TGTTACTTCGTTATCT,683678,GGGACCTAGGCTATAA
5847,TGTTAGCAGATACTTG,683806,AGCTTTGTCGCGGATA
5848,TGTTAGCAGCCGCTAA,683854,AGCTTTGTCAGTTTAC
5849,TGTTAGCAGGAGGTTA,683950,AGCTTTGTCTAAATCC
5850,TGTTAGCAGGGACCTC,683998,AGCTTTGTCCGTTATG
5851,TGTTAGCAGTCTTGAA,684095,AGCTTTGTCAGCTACC
5852,TGTTAGCAGTTAGAGG,684118,AGCTTTGTCTAAGCTT
5853,TGTTATGAGACTTATG,684174,ATAGCAATCGCTTGAC
5854,TGTTATGAGCACAGAA,684206,ATAGCAATCTTAAGGA
5855,TGTTATGAGCGATACT,684257,ATAGCAATCAGCTATT
5856,TGTTATGAGGAACGGT,684312,ATAGCAATCGTTAACT
5857,TGTTATGAGGATAAAC,684338,ATAGCAATCTACTACG
5858,TGTTATGAGTCACTCC,684463,ATAGCAATCGCGATAG
5859,TGTTCATTCGCTATGG,684791,TCAGCCTAGGAGTCGC
5860,TGTTCCTCAACCTGGT,684951,AGTAAACGTAGCGCTC
5861,TGTTCCTCATTGTCAG,685292,AGTAAACGTTTAATCG
5862,TGTTGCACAATTGACT,685402,TCCGTAGGTAAGGTGC
5863,TGTTGCACAGCTTAAT,685527,TCCGTAGGTGGTGAAC
5864,TGTTGCACAGCTTACA,685528,TCCGTAGGTTAGGTTC
5865,TGTTGCACAGGGAGGA,685556,TCCGTAGGTACGCACC
5866,TGTTGGCCACCAAAGG,685820,CCTAAGTGTTTCCAAA
5867,TGTTGGCCAGTAGCCT,685952,CCTAAGTGTTGCTCAG
5868,TGTTGTAAGCCGCAGT,686157,GCTTTAGTCAATTAGG
5869,TGTTGTAAGCGGTTAT,686189,GCTTTAGTCGCGAAGC
5870,TGTTGTAAGTTAGCTA,686424,GCTTTAGTCGATATTC
5871,TGTTGTGCACAAAGGT,686562,TAAGGATGTCACACCA
5872,TGTTGTGCACAACAGG,686564,TAAGGATGTATTGCGT
5873,TGTTGTGCAGCAACCT,686654,TAAGGATGTTCTGGCA
5874,TGTTGTGCAGTTATCG,686730,TAAGGATGTTTATTCC
5875,TGTTGTTTCCACCTTA,686964,CTCAGCTAGCATAGCG
5876,TGTTGTTTCCATAATG,686971,CTCAGCTAGGGTTGGC
5877,TGTTGTTTCTTAGTGA,687201,CTCAGCTAGTGGACCA
5878,TGTTTGTTCGATTTGA,687460,AGGCCTAAGGTGGCTA
5879,TGTTTGTTCGCCTGTT,687470,AGGCCTAAGCCTTCAA
5880,TTAAAGGCAAGGTACG,687664,TTACTGAGTCTAGCGC
5881,TTAAAGGCAATTAACC,687700,TTACTGAGTATCGGCC
5882,TTAAAGGCAGTATGTT,687875,TTACTGAGTGCAGTAA
5883,TTAAAGGCAGTTATGT,687883,TTACTGAGTTTGCAGT
5884,TTAAAGGCATGCAACC,687942,TTACTGAGTTGGGCCT
5885,TTAAAGGCATTCCTCG,687972,TTACTGAGTTGGTGAA
5886,TTAACCAAGATGGACA,688033,AGGTTCCTCTCAAGAA
5887,TTAACCAAGCCACAAT,688071,AGGTTCCTCGATCCGT
5888,TTAACCAAGGCTGGCT,688217,AGGTTCCTCTCACAGC
5889,TTAACCAAGGGCCACT,688228,AGGTTCCTCCAACCTA
5890,TTAACTGAGCCACATG,688456,ATGGGCATCTTGTTGG
5891,TTAACTGAGGCGCTTA,688590,ATGGGCATCCAATTAC
5892,TTAACTGAGGTCTTGG,688639,ATGGGCATCTGTTGGC
5893,TTAAGCCAGAGGAGGA,688791,GCTCGATTCTAGCCAC
5894,TTAAGCCAGCATGTCG,688833,GCTCGATTCCCTCGTC
5895,TTAAGCCAGCTCGCTT,688896,GCTCGATTCACACCGT
5896,TTAAGCCAGGTGCGGA,689027,GCTCGATTCATGCCTA
5897,TTAAGCCAGTCACTAA,689070,GCTCGATTCGATTATC
5898,TTAAGCCAGTTCCTCA,689123,GCTCGATTCCTTAGTG
5899,TTAAGCCAGTTGTCTT,689132,GCTCGATTCAAGGTGT
5900,TTAAGGACACGTAATT,689307,TATTACGGTTCCTCAC
5901,TTAAGGACAGCACGTT,689349,TATTACGGTCAGTAAG
5902,TTAAGGACAGCCGCTA,689357,TATTACGGTGTCCGTA
5903,TTAAGGTGTGCTCCGT,689723,TTATCGCCAACAAGTT
5904,TTAAGTGTCCCGTTAC,690052,GTCCTTAAGCTAAATG
5905,TTAAGTGTCCGCATGA,690071,GTCCTTAAGTCACTAT
5906,TTAAGTGTCCTCAGTC,690102,GTCCTTAAGAAGCAAG
5907,TTAAGTGTCCTTGAGG,690125,GTCCTTAAGTATCCGC
5908,TTAAGTGTCCTTTACG,690129,GTCCTTAAGCGCAAAT
5909,TTAAGTGTCTGTGCAG,690259,GTCCTTAAGCGGTTAG
5910,TTAATCGAGCACAGCC,690349,AAATCGATCCTCAGTA
5911,TTAATCGAGGATAAAC,690480,AAATCGATCTACTACG
5912,TTACACCGTACCGGAT,690709,GATTACGCACGATTCT
5913,TTACACCGTCCAAGAC,690795,GATTACGCACTAGTAG
5914,TTACACCGTCGCGCAA,690819,GATTACGCAGCCGGTA
5915,TTACACCGTTCGCTTG,690984,GATTACGCACTTGCTG
5916,TTACACCGTTTACCGT,691026,GATTACGCAGCAAGTC
5917,TTACAGCAGACTATTG,691079,TAGTCATTCCACCTGG
5918,TTACAGCAGGTTAGCT,691334,TAGTCATTCTAACCAT
5919,TTACAGCAGTTAGTTG,691415,TAGTCATTCTACCTGA
5920,TTACAGCAGTTATGTG,691419,TAGTCATTCGACAAGT
5921,TTACCGTGTGGAAGGC,691646,CTGTCATCAGCCAGTG
5922,TTACCTGTCCTCGATC,692024,TTCAGTTAGAACCTGG
5923,TTACGTTTCCCATAAA,692345,CGATCCTAGTTAGGAC
5924,TTACGTTTCCCATAGG,692346,CGATCCTAGCTTATCG
5925,TTACGTTTCCTAAGTA,692391,CGATCCTAGTTTCTGG
5926,TTACGTTTCCTGATTT,692412,CGATCCTAGCACAGCA
5927,TTACGTTTCGCTTCTA,692468,CGATCCTAGGATTGGT
5928,TTAGAAGCAAACTCAT,692599,CTGTGGCGTCAGTGCC
5929,TTAGAAGCAATACTGT,692667,CTGTGGCGTTGTAACC
5930,TTAGAAGCAATATGGA,692673,CTGTGGCGTGCAATAG
5931,TTAGAAGCAGTCTATG,692864,CTGTGGCGTTGACCAT
5932,TTAGAAGCATAAACCT,692875,CTGTGGCGTGCACCAC
5933,TTAGAAGCATCCGTAA,692912,CTGTGGCGTACGTAAG
5934,TTAGACTCAATAGTCT,693054,CGAGTAAGTGTCCTGA
5935,TTAGACTCACAAACTT,693081,CGAGTAAGTCAATACC
5936,TTAGACTCAGCACCAT,693181,CGAGTAAGTTGACTAC
5937,TTAGACTCAGCTTAGC,693203,CGAGTAAGTCTATCTT
5938,TTAGACTCAGGCAAGC,693215,CGAGTAAGTAAACCCT
5939,TTAGACTCAGGCGATA,693222,CGAGTAAGTGGATTGA
5940,TTAGACTCATAGCGAG,693277,CGAGTAAGTCTAACCG
5941,TTAGCAATCCATCAGG,693494,CACTTCAAGGCTAAAC
5942,TTAGCAATCGCACAAT,693602,CACTTCAAGGCTAGCA
5943,TTAGCAGGTTAGGACC,694020,CGCTCACCACGCTAGG
5944,TTAGCCTGTGACATGC,694290,CAGGAAGCAACAGGGA
5945,TTAGCGGTCAAAGGCA,694511,GTCATAAAGGAGCCGT
5946,TTAGCGGTCAGAAACG,694558,GTCATAAAGGCAATGT
5947,TTAGCGGTCAGGCCTA,694569,GTCATAAAGGCCCTTG
5948,TTAGCGGTCAGGCTAT,694570,GTCATAAAGGCACGTA
5949,TTAGCGGTCCCAGTAG,694644,GTCATAAAGGCACAAT
5950,TTAGCGGTCGTTCACC,694805,GTCATAAAGCAACAAC
5951,TTAGCGGTCTCACACC,694836,GTCATAAAGCGGTTCT
5952,TTAGCGGTCTTAGCGG,694867,GTCATAAAGGGTCTAG
5953,TTAGCGGTCTTAGTCT,694870,GTCATAAAGATTGAGC
5954,TTAGCTGCAGCCTGCA,695109,CCTGAATGTTTCTAAG
5955,TTAGCTGCAGTTATGT,695169,CCTGAATGTTTGCAGT
5956,TTAGCTGCATGAATAG,695222,CCTGAATGTTATCCGG
5957,TTAGGAACAATTTGGT,695380,CCAATACGTTTGAGTC
5958,TTAGGAACACATTGCA,695409,CCAATACGTTAAGTGG
5959,TTAGGAACACCTGTAA,695433,CCAATACGTTTATGGC
5960,TTAGGAACATCGCTTT,695600,CCAATACGTTGCTGGC
5961,TTAGGCCCACAACAAA,696151,TGAATCCGTTACGAAG
5962,TTAGGCCCAGGATGGC,696279,TGAATCCGTTGTTTGA
5963,TTAGGCCCAGTACCGT,696307,TGAATCCGTATAGCTC
5964,TTAGGCCCATCCTAGA,696363,TGAATCCGTTTGTCTT
5965,TTAGGCGTCTACTAAG,696742,GCGAGCTAGAAGGACA
5966,TTAGGCTAGACAAAGT,696821,CCTCAAATCTAAGCAA
5967,TTAGGCTAGGCATTGT,697013,CCTCAAATCCTTCGGG
5968,TTAGGCTAGGGCTAAA,697050,CCTCAAATCGCTAGAG
5969,TTAGGCTAGTTAGCTA,697164,CCTCAAATCGATATTC
5970,TTAGTCAAGAACCTGT,697198,CACGTTATCGTTATGT
5971,TTAGTCAAGACCATAC,697213,CACGTTATCTCCATGA
5972,TTAGTCAAGTAGCGGG,697492,CACGTTATCTAACCGC
5973,TTATAGCCAATGCGCT,697671,CGTCAATGTTTCACCC
5974,TTATAGCCAATTAACC,697672,CGTCAATGTATCGGCC
5975,TTATAGCCACATTGCA,697711,CGTCAATGTTAAGTGG
5976,TTATAGCCAGTTATGT,697855,CGTCAATGTTTGCAGT
5977,TTATCCGTCCTTAGGG,698174,GCAAGAAAGCATCCTA
5978,TTATCCGTCGAGGAAC,698191,GCAAGAAAGCGATGCA
5979,TTATCCGTCGTTAAGC,698252,GCAAGAAAGCAAATCA
5980,TTATCCTAGACTATTG,698367,TCATGCATCCACCTGG
5981,TTATCCTAGCAAGGGT,698399,TCATGCATCAGAAAGG
5982,TTATCCTAGTCAATTG,698654,TCATGCATCTTTGGTG
5983,TTATCCTAGTGAGGGT,698684,TCATGCATCGCAACCT
5984,TTATCCTAGTGATTCA,698686,TCATGCATCTCACTTC
5985,TTATGACCAAAGGCCA,698745,ATCCATAGTGAGTCAA
5986,TTATGACCATTGTCCT,699105,ATCCATAGTCCTTAGG
5987,TTATTGCTCACTAGGT,699543,TTGACGGAGGCCAACA
5988,TTATTGCTCAGCAAGA,699550,TTGACGGAGTATTGCT
5989,TTATTGCTCAGTATTG,699564,TTGACGGAGCGATATA
5990,TTATTGCTCCCTCGCA,699649,TTGACGGAGCCGGTAA
5991,TTATTGCTCCTGTTCA,699707,TTGACGGAGGTATAGC
5992,TTATTGCTCGTTTCTG,699798,TTGACGGAGCATGAGT
5993,TTATTGCTCTAAGGAG,699803,TTGACGGAGATAACTG
5994,TTATTGCTCTAGCGTG,699816,TTGACGGAGCGCAACA
5995,TTATTGCTCTTTGTAC,699880,TTGACGGAGGTGGAAA
5996,TTCAACCGTAAAGCAA,699882,TGTGGCGCAGTGCCTC
5997,TTCAACCGTGCTCCAC,700078,TGTGGCGCATGCTTTA
5998,TTCAACCGTTTAGCTC,700236,TGTGGCGCAGCAAGCT
5999,TTCACTGTCACAGCGC,700294,CATACTTAGGGCTACA
6000,TTCACTGTCAGTTCCC,700332,CATACTTAGAGCAAGA
6001,TTCACTGTCCCTCAAC,700411,CATACTTAGATTGACA
6002,TTCACTGTCGCTATAA,700520,CATACTTAGGATTGAC
6003,TTCACTGTCTTCAATC,700628,CATACTTAGAAGCTAC
6004,TTCAGCACAATTTGGT,700752,GCAACAAGTTTGAGTC
6005,TTCAGCACACATACTG,700777,GCAACAAGTCGGTTCA
6006,TTCAGCACAGGTTAAA,700905,GCAACAAGTTAACACC
6007,TTCAGGTAGCTGAGGG,701171,AGTAATGTCCGGATTC
6008,TTCAGGTAGGGATGCG,701268,AGTAATGTCCGAAACG
6009,TTCAGGTAGTGAGGGT,701370,AGTAATGTCGCAACCT
6010,TTCAGGTAGTGGCGGA,701376,AGTAATGTCCTGTTAG
6011,TTCAGTTTCATGGCCA,701509,GGGATAAAGGTATGGT
6012,TTCAGTTTCATTTGCT,701530,GGGATAAAGCTTTAGT
6013,TTCAGTTTCCTAATTC,701602,GGGATAAAGCTTGAAA
6014,TTCAGTTTCCTTAGTT,701629,GGGATAAAGACTCCGT
6015,TTCATCCCAAGGTGCA,701862,GTTAGAGGTGCGTAAA
6016,TTCATCCCAAGTTATC,701869,GTTAGAGGTTGGCCAC
6017,TTCATCCCACGCAACT,701961,GTTAGAGGTGATGAAT
6018,TTCATCCCACGTAATT,701965,GTTAGAGGTTCCTCAC
6019,TTCATCCCACGTTACA,701967,GTTAGAGGTTACAGCT
6020,TTCATCCCAGCGCTTG,702019,GTTAGAGGTGGACAAC
6021,TTCATCCCAGGAATCG,702032,GTTAGAGGTATCCGTG
6022,TTCATCCCAGTAGGAT,702067,GTTAGAGGTGGATGCG
6023,TTCATCCCATGGAGGC,702141,GTTAGAGGTGAGGTAC
6024,TTCATTCAGCTGCACA,702324,GCCATTATCGCATTTG
6025,TTCATTCAGGACTTAC,702361,GCCATTATCGCCTGTG
6026,TTCATTCAGGATTGAG,702376,GCCATTATCAGGTTCC
6027,TTCCACGGTACAATGT,702597,GCCTCACCACTCAATC
6028,TTCCACGGTCAACAAT,702653,GCCTCACCACTAAGCA
6029,TTCCACGGTGATGAGG,702744,GCCTCACCAGTTAAAC
6030,TTCCACGGTTTATCGC,702924,GCCTCACCAAGGCCAT
6031,TTCCACGGTTTGTCTA,702946,GCCTCACCAGGTTGTA
6032,TTCCCACAGATAGACG,702991,GCTTATGTCATAATGG
6033,TTCCCACAGTAATCCA,703242,GCTTATGTCAGCTAAA
6034,TTCCCACAGTCCTTCA,703272,GCTTATGTCTCAGCTA
6035,TTCCCACAGTTTCCGC,703326,GCTTATGTCCCGCACA
6036,TTCCCGCCAAATGCCC,703353,ATTTCCTGTATTACTG
6037,TTCCCGCCAAGCGAGC,703380,ATTTCCTGTGAGTCCC
6038,TTCCTCAAGGCTACAT,703940,AGCTAGGTCTTTAAGC
6039,TTCCTCAAGGTGAAAT,703984,AGCTAGGTCTCAATCG
6040,TTCCTTCTCATTAGTG,704207,GGTTAACAGAAATGCC
6041,TTCCTTGAGCTGGCTA,704629,AAATCCTTCTGGAAAC
6042,TTCCTTGAGGAGTCTT,704673,AAATCCTTCGATAAGC
6043,TTCCTTGAGGCTACTG,704709,AAATCCTTCCTTGAGC
6044,TTCGCAACAATAACGA,704941,CAGTAAGGTGCTGTTG
6045,TTCGCAACAGGAAGCC,705101,CAGTAAGGTGCGATTT
6046,TTCGCAACATTCAGCA,705235,CAGTAAGGTAAGGGCT
6047,TTCGGTACACTATGGC,705428,ATTGCCGGTACTAGGA
6048,TTCGGTACAGCTTAGC,705481,ATTGCCGGTCTATCTT
6049,TTCGGTACATTGTGAT,705630,ATTGCCGGTGTAATGG
6050,TTCGTGCTCGCTAGTG,705893,CTATATCAGGTCGAGC
6051,TTCGTTAGTCGCAAAC,706162,TAATAGCCAGGATAAA
6052,TTCTTAGGTAGCCTCC,706455,GCCAGCACATGAGCTA
6053,TTCTTAGGTCACCTAT,706501,GCCAGCACATCAGGAC
6054,TTCTTAGGTTATCGAG,706692,GCCAGCACATCCTGGC
6055,TTCTTAGGTTGGTTAG,706738,GCCAGCACAGCTAGCG
6056,TTGACATCACTAGGTC,706959,AAGCTAGGTCCTTTAT
6057,TTGACATCATATAACC,707093,AAGCTAGGTTAGGCTT
6058,TTGACGTAGGGTTATC,707419,CTTAGTGTCGTCCTAA
6059,TTGACGTAGTAACAGG,707452,CTTAGTGTCGCTTCAA
6060,TTGACGTAGTAGGCGG,707471,CTTAGTGTCCCGCTGA
6061,TTGACTAAGCAAGGAC,707606,CCAGGAATCGCGAAAT
6062,TTGACTAAGCTAAAGG,707676,CCAGGAATCGCTCAGT
6063,TTGACTAAGGATCACT,707743,CCAGGAATCATTATGC
6064,TTGACTAAGGCGGATG,707771,CCAGGAATCTAACTAC
6065,TTGACTAAGGTTACGT,707828,CCAGGAATCTAATCCG
6066,TTGACTAAGGTTAGAG,707829,CCAGGAATCAATCGTT
6067,TTGAGCTAGGCGTAAA,708157,TTCGTTCTCCGGGTTT
6068,TTGAGCTAGGCTACAT,708160,TTCGTTCTCTTTAAGC
6069,TTGAGCTAGGTCGAGG,708201,TTCGTTCTCAGCCTGT
6070,TTGAGCTAGGTCTTGG,708203,TTCGTTCTCTGTTGGC
6071,TTGATGTCACGTGCTG,708870,GGTGTTTGTTACTTCT
6072,TTGCAACAGACAACGA,709101,AATGTGATCTTTAGCG
6073,TTGCAACAGCCTGATG,709185,AATGTGATCAGGTTGG
6074,TTGCAACAGCGAGTAA,709193,AATGTGATCGGTCCAT
6075,TTGCAACAGCGCTCAA,709202,AATGTGATCGCTTGTA
6076,TTGCAACAGCGGCTGT,709205,AATGTGATCAGCGATG
6077,TTGCAACAGCTTGCTC,709242,AATGTGATCCTAATCG
6078,TTGCAACAGTTTCCGC,709464,AATGTGATCCCGCACA
6079,TTGCAAGGTCACAGCG,709567,GGTCAACCACGCAATA
6080,TTGCAAGGTCACCAAA,709568,GGTCAACCAATGAGCC
6081,TTGCAAGGTTAGCGTA,709746,GGTCAACCACCTTGCA
6082,TTGCAATCAAAGCCTC,709864,AAGGGAGGTGGGTGAT
6083,TTGCAATCAACATAAG,709882,AAGGGAGGTAACGATG
6084,TTGCAATCACTCGCTC,710030,AAGGGAGGTTGTTCCC
6085,TTGCAATCAGAGGGAG,710049,AAGGGAGGTGCAACAA
6086,TTGCACACACCTAATG,710385,GAAACTGGTTACTAGC
6087,TTGCACACATCTAGCA,710564,GAAACTGGTTTAACCA
6088,TTGCAGCCAGTTAGCC,710897,TAACAGGGTCCCTCTG
6089,TTGCAGCCAGTTATCG,710898,TAACAGGGTTTATTCC
6090,TTGCATTTCACAAGCT,711032,CGCTACTAGCTAACGG
6091,TTGCATTTCACTCAAA,711052,CGCTACTAGGTGCGTA
6092,TTGCATTTCCAGGTTG,711137,CGCTACTAGTCATGCC
6093,TTGCATTTCTTGAGGT,711373,CGCTACTAGGCTTAAA
6094,TTGCCCGTCATAACTG,711461,TTTGTCGAGCAGGTAT
6095,TTGCCCGTCATTGCGG,711500,TTTGTCGAGGAAGTAG
6096,TTGCCCGTCATTGTTC,711502,TTTGTCGAGGAGGTAA
6097,TTGCCCGTCGATTTGA,711628,TTTGTCGAGGTGGCTA
6098,TTGCCCGTCGCAAACT,711629,TTTGTCGAGTTAGCTT
6099,TTGCCCGTCGCACACA,711633,TTTGTCGAGTAGAGGA
6100,TTGCCCGTCGTAATCA,711671,TTTGTCGAGGTTGCGA
6101,TTGCGAGTCACCAATA,711807,CCACACTAGCAAACAC
6102,TTGCGAGTCATGCTCC,711865,CCACACTAGCTCCCTC
6103,TTGCGAGTCCTCCTAA,711973,CCACACTAGAAGGGTA
6104,TTGCGTCTCTCAATTC,712484,CATTGCCAGCTTAGGG
6105,TTGCGTCTCTTAGTGA,712521,CATTGCCAGTGGACCA
6106,TTGCTCTCAAGGATTA,712596,AATGCCTGTAACAGCA
6107,TTGCTCTCATAGCTGC,712845,AATGCCTGTCATCATA
6108,TTGCTCTCATCGTTCT,712867,AATGCCTGTTATTGTG
6109,TTGCTCTCATGTTGCA,712891,AATGCCTGTTTGGTTA
6110,TTGCTTAGTATTCGTC,712999,AATGGCCCACTAATCC
6111,TTGCTTAGTCACAGCG,713021,AATGGCCCACGCAATA
6112,TTGCTTAGTGCATTTC,713113,AATGGCCCACCAGCTC
6113,TTGCTTTAGCATCCAG,713378,CTCAAGCTCATCAGTT
6114,TTGCTTTAGCCACATG,713390,CTCAAGCTCTTGTTGG
6115,TTGCTTTAGGAGCACG,713487,CTCAAGCTCTAGTTCG
6116,TTGCTTTAGTAGCGGG,713606,CTCAAGCTCTAACCGC
6117,TTGCTTTAGTTAGACC,713659,CTCAAGCTCCCGGATT
6118,TTGCTTTAGTTTGCGG,713687,CTCAAGCTCTTGACCA
6119,TTGGAGGCAATGAAGC,713780,CCTTACCGTATAGCGA
6120,TTGGAGGCAGCATGGA,713902,CCTTACCGTAGCCTTG
6121,TTGGAGGCAGTAAAGC,713954,CCTTACCGTTTACTAG
6122,TTGGAGGCATGGCCTG,714035,CCTTACCGTTCCGGAC
6123,TTGGATATCACGTTAA,714118,TCAACAAAGCTCCTAA
6124,TTGGATATCAGCCAAT,714132,TCAACAAAGGTTCCCG
6125,TTGGATATCATTATGG,714182,TCAACAAAGTCCTTAG
6126,TTGGATATCCATTACT,714211,TCAACAAAGCTTGGTC
6127,TTGGATATCGCTATAA,714332,TCAACAAAGGATTGAC
6128,TTGGATCAGCATTTCT,714539,TCTCACTTCCAAATTC
6129,TTGGATCAGCCGCAAC,714546,TCTCACTTCTTTGGGC
6130,TTGGATCAGTAACGGA,714746,TCTCACTTCACAAGCG
6131,TTGGATCAGTTAACCA,714808,TCTCACTTCGCTATAT
6132,TTGGATTCAAGTTATC,714913,GAAGCTAGTTGGCCAC
6133,TTGGATTCAGGATTAA,715082,GAAGCTAGTAGAGGCT
6134,TTGGATTCAGGCGATA,715090,GAAGCTAGTGGATTGA
6135,TTGGATTCATTATGGT,715208,GAAGCTAGTACTTACA
6136,TTGGCGGGTATCTGGA,715296,CGTGCCTCACCGTTGC
6137,TTGGCGGGTCATTACC,715342,CGTGCCTCAGTTGGCG
6138,TTGGCGGGTGCCGCAA,715416,CGTGCCTCAAGGTCAC
6139,TTGGCTACAACTGGCT,715650,GCGTAAAGTCTTGACG
6140,TTGGCTACAAGGTCCT,715670,GCGTAAAGTTTGGCTG
6141,TTGGCTACACAAAGCG,715717,GCGTAAAGTACAAACG
6142,TTGGCTACACATAACT,715738,GCGTAAAGTTTCCGGA
6143,TTGGCTACAGTCTAAT,715880,GCGTAAAGTTAGTACC
6144,TTGGCTACATAATCGT,715902,GCGTAAAGTTCTTTGT
6145,TTGGCTGAGAAGCTAG,715999,ACCCTGGTCTCAATAC
6146,TTGGCTGAGAATCTCA,716002,ACCCTGGTCTTAGGTT
6147,TTGGCTGAGACAGGCG,716011,ACCCTGGTCACTATGT
6148,TTGGCTGAGTAATCCA,716286,ACCCTGGTCAGCTAAA
6149,TTGGCTGAGTCCTGAG,716315,ACCCTGGTCAAACATG
6150,TTGGCTTGTACCGAAC,716410,CCAGTTTCACAAAGCC
6151,TTGGCTTGTTCATTTG,716675,CCAGTTTCAAGGCTTA
6152,TTGGGCCAGATAACCC,716799,GACACCTTCATTTAGC
6153,TTGGGCCAGGGTGAAC,717005,GACACCTTCCACTATG
6154,TTGGGCGGTCTCACTG,717296,AAAGGCGCAAGGGAGC
6155,TTGGGCGGTCTTGCAT,717299,AAAGGCGCAGAATCTG
6156,TTGGGCGGTTACCGGG,717405,AAAGGCGCACTTCAAC
6157,TTGGGCGGTTACTTCA,717410,AAAGGCGCATAAACCG
6158,TTGGGCGGTTGGCGTG,717475,AAAGGCGCACTAGTCT
6159,TTGGGTTAGATACTTG,717566,GTGTGAGTCGCGGATA
6160,TTGGGTTAGCTTAGTA,717676,GTGTGAGTCCGCTAAC
6161,TTGGTGAGTGCTAGCG,718104,TACGGACCAATGACCA
6162,TTGTAAGTCACGTTAA,718334,CGCAATGAGCTCCTAA
6163,TTGTAAGTCCTAAGAC,718473,CGCAATGAGTCAATAG
6164,TTGTCAAAGCAGGTTT,718745,ACTAGCCTCGCCTAAC
6165,TTGTCAAAGCTCAATA,718809,ACTAGCCTCATGGTCC
6166,TTGTCAAAGCTGGCTA,718819,ACTAGCCTCTGGAAAC
6167,TTGTCAAAGTAGGCGG,718977,ACTAGCCTCCCGCTGA
6168,TTGTCAAAGTTTGCGG,719055,ACTAGCCTCTTGACCA
6169,TTGTCCATCCCTGGAA,719215,AGTATTGAGTGGCGTA
6170,TTGTCCATCGGTCAGC,719333,AGTATTGAGGCAATAC
6171,TTGTCCATCGTAATCA,719341,AGTATTGAGGTTGCGA
6172,TTGTCCATCGTTTCCA,719358,AGTATTGAGCCGCTAT
6173,TTGTCCCAGATAACCC,719483,TTAGCGCTCATTTAGC
6174,TTGTCCCAGCGGGCAA,719562,TTAGCGCTCCCTCACC
6175,TTGTCCCAGCTCCCTG,719579,TTAGCGCTCACGAATA
6176,TTGTCCCAGGACAACA,719611,TTAGCGCTCTATGCAT
6177,TTGTCCGGTAGCTGCG,719882,AATCGCACAGGTTTGA
6178,TTGTCCGGTGATTACG,720007,AATCGCACAACCGCCT
6179,TTGTCCGGTGTCCAGG,720053,AATCGCACAAAGGTAA
6180,TTGTCCGGTGTTTGTC,720071,AATCGCACACAAACGC
6181,TTGTCCGGTTTGTGGA,720207,AATCGCACAACCCTTG
6182,TTGTGAGGTTAGGATT,720487,GTTTGCTCAAGCGAAG
6183,TTGTGAGGTTGACTTC,720524,GTTTGCTCATCACAGA
6184,TTGTGCCTCATGGTGT,720687,GTAAACCAGCGGTCAA
6185,TTGTGCCTCGCACACA,720835,GTAAACCAGTAGAGGA
6186,TTGTGCCTCTCCATAT,720925,GTAAACCAGCAATTGA
6187,TTGTGCCTCTTGTCTG,720968,GTAAACCAGGGATTTA
6188,TTGTGCGAGAATCTCA,720984,TACTTCCTCTTAGGTT
6189,TTGTGCGAGTGTTGCG,721322,TACTTCCTCGCTAATT
6190,TTGTGTGCAACTAGGG,721398,GAAACATGTTAGTTGC
6191,TTGTGTGCACACAATT,721477,GAAACATGTCGGTTTG
6192,TTGTGTGCATTGTTGG,721740,GAAACATGTCACCAAT
6193,TTGTTCCCAATAAGCA,721816,TTTCAAGGTTAACGGA
6194,TTGTTCCCAATGCGCT,721837,TTTCAAGGTTTCACCC
6195,TTGTTCCCAGGTTAAA,722001,TTTCAAGGTTAACACC
6196,TTGTTGCGTAAACAAG,722127,GGTGAAGCAAATATGC
6197,TTGTTGCGTGAGGTGA,722300,GGTGAAGCAAGCTCAA
6198,TTGTTGCGTGCAACTA,722309,GGTGAAGCAGTATGTG
6199,TTGTTGCGTGCTGTAA,722327,GGTGAAGCATAACCAG
6200,TTGTTGCGTGTTTGCT,722370,GGTGAAGCATCCTAGT
6201,TTGTTGCGTTTAGCGA,722481,GGTGAAGCACAGCACG
6202,TTGTTGTTCAGGCTAT,722572,CTCGTTAAGGCACGTA
6203,TTGTTGTTCCAAGTGT,722629,CTCGTTAAGTCACACC
6204,TTGTTGTTCCTGAATA,722711,CTCGTTAAGTGGCTAG
6205,TTGTTGTTCCTGCGAA,722715,CTCGTTAAGCGGGACT
6206,TTGTTGTTCCTGGTCT,722717,CTCGTTAAGGTTGTAA
6207,TTGTTTGGTAATCGTG,722917,GAGCAAGCACATAACG
6208,TTGTTTGGTTAACGGC,723142,GAGCAAGCACTTAGGA
6209,TTTAACCTCCTAATGA,723461,GACATTAAGATATTGG
6210,TTTAACCTCGGTACGC,723547,GACATTAAGCCATAAA
6211,TTTAACCTCTCACATT,723605,GACATTAAGTCCTCCC
6212,TTTAACGAGAAGGTGC,723666,TTAGCCATCACCAACC
6213,TTTAACGAGCCTCTCG,723753,TTAGCCATCCTGCCAG
6214,TTTAAGCCAAGCTTAT,724094,ATTGAGGGTCCTAACG
6215,TTTAAGCCACAGACTC,724166,ATTGAGGGTACCGGCT
6216,TTTAAGCCACAGCCAT,724167,ATTGAGGGTACCTTGG
6217,TTTAAGCCAGGCTAGA,724293,ATTGAGGGTTGGCGGA
6218,TTTAAGCCATCACAGC,724354,ATTGAGGGTTCCTGGA
6219,TTTAAGCCATTAAGCT,724399,ATTGAGGGTGCTCCTT
6220,TTTAAGGTCACAGACT,724456,TACCTCAAGCTTACTG
6221,TTTAAGGTCATGCTTT,724520,TACCTCAAGTGAGGCC
6222,TTTAAGGTCCATAATG,724561,TACCTCAAGGGTTGGC
6223,TTTACGAAGATGCCTG,724854,CAAGTAATCCAAATAG
6224,TTTACGAAGCTGGACC,724954,CAAGTAATCCGCACCA
6225,TTTACGAAGGAGTCTT,724999,CAAGTAATCGATAAGC
6226,TTTACGAAGGCCGGAA,725019,CAAGTAATCCGGCTAT
6227,TTTACGAAGGCTGTCA,725040,CAAGTAATCTTGCAGC
6228,TTTACGAAGTTTGGTA,725193,CAAGTAATCGCTTCGG
6229,TTTACGCGTGAAGCCT,725357,TTACTCACACCTCAGC
6230,TTTACGCGTGATGAGG,725372,TTACTCACAGTTAAAC
6231,TTTACGCGTGGATTGC,725407,TTACTCACAGCACGAT
6232,TTTAGCAAGACTAAGG,725598,CAATAAGTCACAATAG
6233,TTTAGCAAGGATGATG,725769,CAATAAGTCCGTCCCT
6234,TTTAGCTTCCAAATCA,726079,GCTGATGAGCTTGCCG
6235,TTTAGCTTCCCGAAGC,726102,GCTGATGAGGTGGATT
6236,TTTAGCTTCGAGCTAT,726190,GCTGATGAGGTATGTA
6237,TTTAGCTTCGCTTGCT,726223,GCTGATGAGAGCCGGT
6238,TTTAGCTTCTGTGAGT,726312,GCTGATGAGGTATTTC
6239,TTTAGGATCAAGCTTA,726357,GTCATGGAGCAGCCAA
6240,TTTAGGATCACAAGCT,726372,GTCATGGAGCTAACGG
6241,TTTAGGATCCTCAGTC,726540,GTCATGGAGAAGCAAG
6242,TTTAGGATCCTGGCTT,726552,GTCATGGAGTCACTCA
6243,TTTAGGATCTTGCAAA,726715,GTCATGGAGTACTGGG
6244,TTTATGGAGTTTCCGC,727106,CTGGCTGTCCCGCACA
6245,TTTCACCCAAGGGTTG,727170,CGCCTAAGTCCTCCTG
6246,TTTCACCCAAGGTAAC,727171,CGCCTAAGTTAGCTAC
6247,TTTCACCCAGTCTAGC,727385,CGCCTAAGTATAGTGG
6248,TTTCAGTTCACTAATG,727542,TAACACAAGACTCCTA
6249,TTTCAGTTCAGGAACA,727556,TAACACAAGAGAGGCG
6250,TTTCAGTTCCTAATGA,727683,TAACACAAGATATTGG
6251,TTTCAGTTCTAACCTT,727801,TAACACAAGCAAATTG
6252,TTTCATCAGCATTATG,727960,GACAAGTTCTCCTCAT
6253,TTTCATCAGCATTTCT,727961,GACAAGTTCCAAATTC
6254,TTTCATCAGCGGATTT,727998,GACAAGTTCCAAACTT
6255,TTTCCACCAATAATCC,728339,TTGTTGAGTAGGTTCT
6256,TTTCCACCATGGCCCA,728608,TTGTTGAGTACTTCGG
6257,TTTCCGGGTGAGACTC,728817,GTCCAAACAAAGAAGC
6258,TTTCCGGGTTGGATCA,728979,GTCCAAACATCCTTAA
6259,TTTCCTGAGAAGCTAG,729037,ACATTGTTCTCAATAC
6260,TTTCCTGAGAGAGCCG,729058,ACATTGTTCTAGGAAC
6261,TTTCCTGAGCGAAGTA,729134,ACATTGTTCAAATCGA
6262,TTTCCTGAGGACTTAC,729209,ACATTGTTCGCCTGTG
6263,TTTCCTGAGGCTACAT,729254,ACATTGTTCTTTAAGC
6264,TTTCGTCCAACTAGGG,729454,CTACTAAGTTAGTTGC
6265,TTTCGTCCAAGGTAAC,729473,CTACTAAGTTAGCTAC
6266,TTTCGTCCAATAATCC,729489,CTACTAAGTAGGTTCT
6267,TTTCGTCCACCTATAG,729566,CTACTAAGTAACGAGC
6268,TTTCGTCCACCTGCTC,729571,CTACTAAGTACACCGC
6269,TTTCGTCCAGGTTATT,729675,CTACTAAGTTTGGTGT
6270,TTTCGTCCATTAAGTC,729772,CTACTAAGTGAGACTA
6271,TTTCTCACACATAGCC,729930,TGCAATCGTAATCCCG
6272,TTTCTCACAGCAATAA,730004,TGCAATCGTACGTTTA
6273,TTTCTCACAGCTAACC,730020,TGCAATCGTATGGTCT
6274,TTTCTCACAGGAACTG,730030,TGCAATCGTCCGTTAG
6275,TTTCTTGCACAACCTA,730295,CCCTTTAGTAACCTCG
6276,TTTGACCGTAGGTTAT,730627,TTGTGAGCATTATCTG
6277,TTTGACCGTCACCAAA,730664,TTGTGAGCAATGAGCC
6278,TTTGACCGTCTAACCT,730717,TTGTGAGCAAACTAGT
6279,TTTGACCGTGCGCATG,730759,TTGTGAGCACAACATG
6280,TTTGACCGTTACGCGG,730832,TTGTGAGCAACGGTTA
6281,TTTGACCGTTGTTGGA,730913,TTGTGAGCATCCTCCT
6282,TTTGACCGTTTATCGC,730924,TTGTGAGCAAGGCCAT
6283,TTTGACTTCGAGGAAC,731179,ACTAGGTAGCGATGCA
6284,TTTGACTTCGCTAAAC,731201,ACTAGGTAGGTGCACA
6285,TTTGAGTCAAGGTCCT,731394,CCAGCTAGTTTGGCTG
6286,TTTGAGTCACCAGCAT,731471,CCAGCTAGTTCGGTAT
6287,TTTGAGTCAGCATTAT,731546,CCAGCTAGTTGAGGGT
6288,TTTGAGTCAGGCTAGA,731583,CCAGCTAGTTGGCGGA
6289,TTTGCATTCGCCTAAG,731965,TACGGATAGTAAAGGG
6290,TTTGCATTCTCACACC,732046,TACGGATAGCGGTTCT
6291,TTTGCGACAGGCTAGA,732351,ATGTGAGGTTGGCGGA
6292,TTTGCGACATGCTATG,732440,ATGTGAGGTCACCAGC
6293,TTTGCGACATTGCGAC,732472,ATGTGAGGTAGCAGGT
6294,TTTGCGGAGCTTGCTC,732640,GCTTCGGTCCTAATCG
6295,TTTGCGGAGGAGCACG,732665,GCTTCGGTCTAGTTCG
6296,TTTGCGGAGGTAACGA,732736,GCTTCGGTCATGCGGA
6297,TTTGCGGAGTATCGCG,732788,GCTTCGGTCGCCCGTA
6298,TTTGCGGAGTGAGGTA,732825,GCTTCGGTCAGGATCG
6299,TTTGGCTGTACCGAAC,732902,GGACTTACACAAAGCC
6300,TTTGGCTGTCGCAAAC,733010,GGACTTACAGGATAAA
6301,TTTGGCTGTGATGAAA,733045,GGACTTACATTAGCCT
6302,TTTGGCTGTTAGGTTG,733151,GGACTTACATTAACCC
6303,TTTGGTGCAAAGCTCC,733650,CTTGTTTGTCATGATC
6304,TTTGTCCCACCCACCT,734161,GATTGCTGTCCAGCAC
6305,TTTGTCCCACCTACGG,734168,GATTGCTGTGGCTTAT
6306,TTTGTCCCATGAATAG,734350,GATTGCTGTTATCCGG
6307,TTTGTCTAGAATCGCT,734411,TGTCAATTCCTGATCA
6308,TTTGTCTAGTATTGCA,734708,TGTCAATTCCAGCTCG
6309,TTTGTCTAGTCACCAG,734713,TGTCAATTCACAAATG
6310,TTTGTGAAGCGTGCGT,734909,GTAGGTGTCTTGCATG
6311,TTTGTGGCAGCTCAAC,735395,GTTTGGTGTCACTATA
6312,TTTGTGGCAGTAAAGC,735434,GTTTGGTGTTTACTAG
6313,TTTGTGGCAGTAATAG,735436,GTTTGGTGTGATTCTA
6314,TTTGTGGCAGTTTCTC,735452,GTTTGGTGTCACGATT
6315,TTTGTGGCATTAGCCA,735529,GTTTGGTGTCCATTAA
6316,TTTGTGTTCGTAATCA,735837,GTTCTCAAGGTTGCGA
6317,TTTGTTGGTAGTTAAC,736004,CGTACTTCATCCGGGA
6318,TTTGTTGGTGCGCATG,736131,CGTACTTCACAACATG
6319,TTTGTTGGTTAACGAT,736187,CGTACTTCAGTTTCCG
