,v_sample_bc_gex,cellrangerARC_line_ID,v_sample_bc_atac
1,AAACAGCCAACAACAA,24,ACAGCGGGTTCAATTG
2,AAACAGCCAATTGAGA,103,ACAGCGGGTCCTGCAA
3,AAACAGCCAGAACCGA,192,ACAGCGGGTTAATCGC
4,AAACAGCCATAGCAGG,302,ACAGCGGGTAGTCATC
5,AAACATGCAATAGCCC,463,CATTTAGGTTGAAGCA
6,AAACATGCACATAGCC,516,CATTTAGGTAATCCCG
7,AAACATGCAGCAAGAT,587,CATTTAGGTTTACTGA
8,AAACATGCAGGCCAAA,628,CATTTAGGTTGAGGTA
9,AAACATGCAGTTGCGT,664,CATTTAGGTGAACGGT
10,AAACCAACAATCATGT,852,CTTTATCGTAGAGGGA
11,AAACCAACAATTGACT,870,CTTTATCGTAAGGTGC
12,AAACCAACAGAGGGAG,965,CTTTATCGTGCAACAA
13,AAACCGAAGGACCTTG,1328,TGACTATTCCACTAAT
14,AAACCGAAGGATCCGC,1344,TGACTATTCAGGTCGA
15,AAACCGAAGGGCTAAA,1394,TGACTATTCGCTAGAG
16,AAACCGAAGTAGCTTA,1453,TGACTATTCCCATAGC
17,AAACCGCGTAATGGCC,1564,AATAGCTCACTCCCTT
18,AAACCGCGTATTGTGG,1617,AATAGCTCAGTCTATC
19,AAACCGCGTTGGCCGA,1868,AATAGCTCAAACCTAG
20,AAACCGCGTTTATTCG,1897,AATAGCTCATATGGTG
21,AAACCGCGTTTGGGTA,1914,AATAGCTCACATAGCA
22,AAACCGGCAACCCTAA,1949,ATTGACCGTTCCGGGT
23,AAACCGGCAACTGGGA,1961,ATTGACCGTGCTCATG
24,AAACCGGCACAAGCCT,2032,ATTGACCGTTCATTGA
25,AAACCGGCATGTTGCA,2269,ATTGACCGTTTGGTTA
26,AAACGCGCAGTTATGT,2581,ATAACCCGTTTGCAGT
27,AAACGCGCATCGCTTT,2628,ATAACCCGTTGCTGGC
28,AAACGCGCATTGCGAC,2674,ATAACCCGTAGCAGGT
29,AAACGGATCACTAGGT,2733,GAGGCCTAGGCCAACA
30,AAACGGATCATTGTTC,2800,GAGGCCTAGGAGGTAA
31,AAACGGATCCACCCTG,2812,GAGGCCTAGCTCATGC
32,AAACGGATCCCGCAAA,2829,GAGGCCTAGATTCAAG
33,AAACGGATCCTGATGG,2891,GAGGCCTAGTAGTTAG
34,AAACGGATCTGTTCAT,3041,GAGGCCTAGTTAGTAG
35,AAACGGATCTTGACCC,3053,GAGGCCTAGGAGCAGG
36,AAACGTACAATTAAGG,3167,GCGCTTAGTTGCAATC
37,AAACGTACATCCTAGA,3393,GCGCTTAGTTTGTCTT
38,AAACGTACATTAAGCT,3427,GCGCTTAGTGCTCCTT
39,AAACGTACATTATGCG,3435,GCGCTTAGTGTTAACC
40,AAACGTACATTGCGGT,3443,GCGCTTAGTCATTGAC
41,AAAGCACCATGACTAT,4170,AGGGTTAGTTAGCTCG
42,AAAGCACCATTGCAGC,4207,AGGGTTAGTTGGTTTA
43,AAAGCCCGTAATCGCA,4243,CAGTTTCCAACGGGAA
44,AAAGCCCGTGAGCACT,4391,CAGTTTCCAATAGAAG
45,AAAGCCCGTTAACGGC,4470,CAGTTTCCACTTAGGA
46,AAAGCCCGTTAAGCCA,4471,CAGTTTCCAATCTGGA
47,AAAGCCCGTTAGAGGG,4492,CAGTTTCCAAGGATGG
48,AAAGCCCGTTCACTGT,4517,CAGTTTCCAATAGCCA
49,AAAGCCGCATGCTCCC,4943,AGAGGGAGTAGTAGCA
50,AAAGCCGCATTAGGCC,4963,AGAGGGAGTGTCCGGT
51,AAAGCGGGTGGATTAT,5197,TTGTGTCCATAATGCG
52,AAAGCTTGTGGATTCA,5580,TCCTCAGCAGGTTCCC
53,AAAGCTTGTGTGTGGT,5602,TCCTCAGCAAAGGCCT
54,AAAGCTTGTGTTGTGA,5609,TCCTCAGCATGAAGCC
55,AAAGGACGTAACTACG,5762,AATTAGCCAGCTCGAG
56,AAAGGACGTTAAGCGC,6002,AATTAGCCAACCGCTC
57,AAAGGACGTTAGAGCC,6021,AATTAGCCACCTCACA
58,AAAGGAGCACCTGCTC,6289,GAACGGTGTACACCGC
59,AAAGGAGCAGGCCATT,6377,GAACGGTGTGCATTTA
60,AAAGGAGCAGTTTGGC,6415,GAACGGTGTCGGTTAT
61,AAAGGCTCAAGGTGGC,6581,GGATTAGGTGCTAGCC
62,AAAGGCTCAATTGACT,6618,GGATTAGGTAAGGTGC
63,AAAGGCTCACGTAAGG,6682,GGATTAGGTCCGGTTA
64,AAAGGCTCAGAGAGCC,6711,GGATTAGGTAGCTGTT
65,AAAGGTTAGCAGCTAT,6967,GTTTAGTTCCATGCTA
66,AAAGGTTAGCGATAAG,7008,GTTTAGTTCGCTTCTT
67,AAAGGTTAGCGATAGA,7010,GTTTAGTTCAAGGGTT
68,AAAGGTTAGGCGGGTA,7120,GTTTAGTTCAATACAG
69,AAAGGTTAGTCACTCC,7215,GTTTAGTTCGCGATAG
70,AAATCCGGTGTTTGAG,7527,CATGCAACATAGACTG
71,AAATCCGGTTAATGCG,7543,CATGCAACACCTCGAC
72,AAATCCGGTTGACTTC,7600,CATGCAACATCACAGA
73,AAATGCCTCATCCTAT,7747,GATTCTTAGTATCGCC
74,AAATGCCTCCTAATTC,7854,GATTCTTAGCTTGAAA
75,AAATGCCTCCTTGTTG,7888,GATTCTTAGGTAAGCT
76,AAATGCCTCGCGACAC,7917,GATTCTTAGCAGGTTG
77,AAATGCCTCGGTACGC,7939,GATTCTTAGCCATAAA
78,AAATGCCTCGGTTACG,7943,GATTCTTAGGACTTAA
79,AAATGCCTCGTTCACC,7965,GATTCTTAGCAACAAC
80,AAATGCCTCTTTGAGA,8049,GATTCTTAGACATAGC
81,AAATGGCCAAACGCGA,8056,CAGGTAAGTCATGGTT
82,AAATGGCCATAATGAG,8345,CAGGTAAGTCCCAGAC
83,AAATGGCCATTGCGAC,8422,CAGGTAAGTAGCAGGT
84,AACAAAGGTTGTTGTC,8782,TAGTGTGCAAATGCGC
85,AACAAGCCAATTGAGA,8919,CAACTACGTCCTGCAA
86,AACAAGCCAGATTCAT,9015,CAACTACGTTATTTGG
87,AACAAGCCATGCTTAG,9158,CAACTACGTCCAAGTT
88,AACAGATAGATGCCTG,9244,AGCACCTTCCAAATAG
89,AACAGATAGGAATAAC,9368,AGCACCTTCTAGTTGT
90,AACAGCAAGACAAACG,9596,GTCACACTCCCGCAAT
91,AACAGCAAGCGAGCGA,9689,GTCACACTCGATATAG
92,AACAGCAAGGCATTGT,9789,GTCACACTCCTTCGGG
93,AACAGCAAGGCCTAAT,9794,GTCACACTCCGCCTCT
94,AACAGCAAGGCTTAAC,9816,GTCACACTCAATAACG
95,AACAGGATCAATCTCT,9989,GCCTCATAGGCCTAAG
96,AACAGGATCATGAAGG,10053,GCCTCATAGTAAGCGT
97,AACAGGATCCTCCATA,10167,GCCTCATAGATAGCCG
98,AACAGGATCCTGAGTG,10172,GCCTCATAGGGTTATA
99,AACAGGATCGATTTGA,10208,GCCTCATAGGTGGCTA
100,AACAGGATCTAAGGAG,10275,GCCTCATAGATAACTG
101,AACAGGATCTCCTCTT,10306,GCCTCATAGCTGCATC
102,AACAGGATCTTGCAGG,10340,GCCTCATAGCTTCCTT
103,AACATAGCAATAACGA,10425,AACAAGTGTGCTGTTG
104,AACATAGCACGAATTT,10514,AACAAGTGTACCGTGC
105,AACATAGCAGGTTAAA,10611,AACAAGTGTTAACACC
106,AACATAGCATGTTTGG,10706,AACAAGTGTTTATCCT
107,AACATCATCAATTGGC,10763,AACGCGCAGTAGGATC
108,AACATCATCAGTGAAG,10805,AACGCGCAGCCAATCC
109,AACATCATCTGTAAGC,11086,AACGCGCAGTTAACCT
110,AACATTGTCAAACCGT,11122,CTATTACAGCTAACTT
111,AACATTGTCCACCTTA,11248,CTATTACAGCATAGCG
112,AACATTGTCTGGCATG,11467,CTATTACAGTATAGTG
113,AACCCGCAGGACAACA,11673,CGTAACCTCTATGCAT
114,AACCCGCAGGAGTCTT,11693,CGTAACCTCGATAAGC
115,AACCCGCAGGCGCATC,11720,CGTAACCTCAGGATTA
116,AACCCGCAGGTTAGCT,11782,CGTAACCTCTAACCAT
117,AACCCGCAGTAACCCG,11790,CGTAACCTCCGTAATT
118,AACCGCTCAAGCTTTG,11941,GCTACTGGTGCAAGGT
119,AACCGCTCAAGGTAAC,11947,GCTACTGGTTAGCTAC
120,AACCGCTCACACAATT,12007,GCTACTGGTCGGTTTG
121,AACCGCTCAGGAATCG,12122,GCTACTGGTATCCGTG
122,AACCGCTCATCCTAGA,12211,GCTACTGGTTTGTCTT
123,AACCGGCTCCCTCATA,12424,GCTAAGTAGACAGGTT
124,AACCTAATCAGGCTAT,12720,CAGCATGAGGCACGTA
125,AACCTCACAAATGCCC,13061,CTTAGCGGTATTACTG
126,AACCTCACAATCCTGA,13127,CTTAGCGGTAGACAAT
127,AACCTCACATGTTGCA,13391,CTTAGCGGTTTGGTTA
128,AACCTCACATTGCAGC,13411,CTTAGCGGTTGGTTTA
129,AACCTCCTCAAGGACA,13438,AATCATGAGTTTCACG
130,AACCTCCTCCAAACAC,13542,AATCATGAGATATTCC
131,AACCTCCTCTCCTCTT,13762,AATCATGAGCTGCATC
132,AACCTTAAGACAAAGT,13821,GTTAATCTCTAAGCAA
133,AACCTTAAGGTCGAGG,14073,GTTAATCTCAGCCTGT
134,AACCTTAAGTAACAGG,14092,GTTAATCTCGCTTCAA
135,AACCTTAAGTGAGCGG,14147,GTTAATCTCATCACAT
136,AACCTTGCAATAAGCA,14266,GCACAAAGTTAACGGA
137,AACCTTGCAGATAGAC,14390,GCACAAAGTTAAAGGT
138,AACCTTGCAGGTATTT,14449,GCACAAAGTTACGCCA
139,AACCTTGCAGGTCCTG,14450,GCACAAAGTCACGCAC
140,AACCTTGCATGGCCTG,14537,GCACAAAGTTCCGGAC
141,AACCTTGCATTGTCCT,14569,GCACAAAGTCCTTAGG
142,AACGACAAGACAAACG,14588,CAAGGTGTCCCGCAAT
143,AACGACAAGCAAGGGT,14631,CAAGGTGTCAGAAAGG
144,AACGACAAGCTGGACC,14720,CAAGGTGTCCGCACCA
145,AACGCCCAGTAAGAAC,15250,TTGCCTTTCCTTCAAG
146,AACGCCCAGTGTTGTA,15309,TTGCCTTTCCAAACCC
147,AACGCTAGTATTGGAT,15422,GGCCTTCCATTACTGC
148,AACGCTAGTCATAACG,15451,GGCCTTCCACCAGCCT
149,AACGGTAAGAGGAAGG,15760,AGTAGGTTCGCATTGC
150,AACGGTAAGGAGTCTT,15915,AGTAGGTTCGATAAGC
151,AACGGTAAGGCGCTAC,15943,AGTAGGTTCGCTAGCT
152,AACGGTAAGTGCACGC,16069,AGTAGGTTCTAAGTCT
153,AACTACTCAATATAGG,16192,GCCATCAGTTACGTAC
154,AACTACTCACAAAGAC,16218,GCCATCAGTGACGTAA
155,AACTACTCAGGAACCA,16341,GCCATCAGTTATGTTG
156,AACTACTCAGTAATAG,16376,GCCATCAGTGATTCTA
157,AACTAGCTCAAACACC,16495,GACGAGGAGTCCTCAA
158,AACTAGCTCAAGCTTA,16507,GACGAGGAGCAGCCAA
159,AACTAGCTCAATCTAG,16514,GACGAGGAGTAAGCTA
160,AACTAGCTCACTAGGT,16541,GACGAGGAGGCCAACA
161,AACTAGCTCATCCACC,16574,GACGAGGAGGTTCCGT
162,AACTAGCTCCAGCACA,16623,GACGAGGAGTAGGTTA
163,AACTAGCTCCCTGTTA,16653,GACGAGGAGCCAGTAG
164,AACTAGCTCGGTTCCT,16773,GACGAGGAGGCTCAAG
165,AACTAGCTCTTGGACG,16869,GACGAGGAGAATCACA
166,AACTAGTGTAGCTAAT,16932,CAACGGTCAGAACCGT
167,AACTAGTGTCATAAGT,16986,CAACGGTCATGACCTT
168,AACTAGTGTCTTTGAC,17038,CAACGGTCAGTGTGCG
169,AACTAGTGTGCTCCAC,17076,CAACGGTCATGCTTTA
170,AACTAGTGTTTGCTGT,17252,CAACGGTCATTGTGGA
171,AACTCACAGCGGATAA,17377,GCTTCAATCCTCCCAC
172,AACTCACAGCTAAAGG,17384,GCTTCAATCGCTCAGT
173,AACTGTTCAACCTGGT,17679,AGGTATGGTAGCGCTC
174,AACTGTTCAACTAGCC,17683,AGGTATGGTTGTTGTA
175,AACTGTTCAAGACTCC,17688,AGGTATGGTATGGTGA
176,AACTGTTCACATTAAC,17778,AGGTATGGTTCACGCA
177,AACTGTTCACCTACGG,17794,AGGTATGGTGGCTTAT
178,AACTGTTCACGAATCC,17805,AGGTATGGTAACCTTA
179,AACTGTTCACGGTACT,17808,AGGTATGGTGCAACGG
180,AACTGTTCACTAAGTT,17817,AGGTATGGTTGCTTCC
181,AACTGTTCAGGCTTCG,17897,AGGTATGGTAACCGGG
182,AACTTAGTCCCATAAA,18167,TCTAGCCAGTTAGGAC
183,AACTTAGTCGATTCTT,18266,TCTAGCCAGTGAGCCA
184,AACTTAGTCGCTCACT,18288,TCTAGCCAGAAACCTA
185,AACTTAGTCTTAGTCT,18392,TCTAGCCAGATTGAGC
186,AAGAACAGTAATCCCT,18434,AAACGGGCAGCCTGAG
187,AAGAACAGTTTAGCGA,18767,AAACGGGCACAGCACG
188,AAGAATCAGACTTATG,18820,TAATCCGTCGCTTGAC
189,AAGAATCAGCAGCTCA,18862,TAATCCGTCTTGCTGA
190,AAGAATCAGCTGTAAC,18940,TAATCCGTCTCGACTA
191,AAGAATCAGGGATGAC,19031,TAATCCGTCACAGCAG
192,AAGAATCAGTGACCTG,19130,TAATCCGTCTAGGCGA
193,AAGAATCAGTTCCCAC,19159,TAATCCGTCAGCATGG
194,AAGACAAGTATTACCC,19251,GTTGCTTCACCTTAGT
195,AAGACAAGTATTCGTC,19253,GTTGCTTCACTAATCC
196,AAGACAAGTCATCAAG,19288,GTTGCTTCAGCTCAAA
197,AAGACAAGTCATTGTC,19297,GTTGCTTCAATTGCCT
198,AAGACAAGTTAATGAC,19436,GTTGCTTCATGCTGGG
199,AAGACAAGTTTGCTGT,19552,GTTGCTTCATTGTGGA
200,AAGACATAGCTCCTTA,19699,AACGGTGTCGAAGCAT
201,AAGACATAGCTGCACA,19702,AACGGTGTCGCATTTG
202,AAGACATAGCTGGCTA,19705,AACGGTGTCTGGAAAC
203,AAGACATAGGGTCCAC,19805,AACGGTGTCATAGCTT
204,AAGACATAGTGTGATC,19907,AACGGTGTCGCTTTAG
205,AAGACATAGTTAGCCG,19915,AACGGTGTCATGAGGT
206,AAGACATAGTTCCCAC,19925,AACGGTGTCAGCATGG
207,AAGACCAAGCATGAAG,20017,GATGGATTCAGTGAAC
208,AAGACCAAGCCGGTAC,20036,GATGGATTCCTACTAG
209,AAGACCAAGGACCTCA,20118,GATGGATTCAGGAATC
210,AAGACCAAGGCGGATG,20163,GATGGATTCTAACTAC
211,AAGACCAAGGGCTAAA,20186,GATGGATTCGCTAGAG
212,AAGACCAAGTTAGAGG,20298,GATGGATTCTAAGCTT
213,AAGCAAGTCCGTGACA,20506,CGACCTTAGATTGCCC
214,AAGCAAGTCGAAGCGG,20552,CGACCTTAGTGAGGAA
215,AAGCAAGTCGCAATCG,20571,CGACCTTAGCCGCAAA
216,AAGCAAGTCTAACTGA,20634,CGACCTTAGCGTATTT
217,AAGCAAGTCTACTAAG,20646,CGACCTTAGAAGGACA
218,AAGCATGAGACAAGTG,20728,ACCTGGTTCCTCACTT
219,AAGCATGAGCCTAACG,20805,ACCTGGTTCGTCCTTT
220,AAGCATGAGCCTTAAA,20815,ACCTGGTTCTGGTCTA
221,AAGCCACGTAGTTAAC,21162,ACCAAATCATCCGGGA
222,AAGCCACGTCACACCC,21191,ACCAAATCAAGCCATA
223,AAGCCACGTCAGTAAT,21202,ACCAAATCAACCAAAT
224,AAGCCACGTCCTTTAA,21234,ACCAAATCAGAAATGA
225,AAGCCACGTGCGCGTA,21290,ACCAAATCAAGTGCCG
226,AAGCCACGTTTGAGCA,21465,ACCAAATCATAGACGC
227,AAGCCTCCAAACCTTG,21483,AGCTTTAGTCCTCCAT
228,AAGCCTCCAAACTCAT,21487,AGCTTTAGTCAGTGCC
229,AAGCCTCCAACCCTAA,21509,AGCTTTAGTTCCGGGT
230,AAGCCTCCAACCTAAT,21512,AGCTTTAGTAGCTTAC
231,AAGCCTCCAATAACGA,21551,AGCTTTAGTGCTGTTG
232,AAGCCTCCAGTTGCGT,21758,AGCTTTAGTGAACGGT
233,AAGCCTCCATCGTTCT,21805,AGCTTTAGTTATTGTG
234,AAGCCTCCATGATTGT,21815,AGCTTTAGTAGGTTAG
235,AAGCCTGTCACTAATG,21908,TGAAGGAAGACTCCTA
236,AAGCCTGTCAGCACGC,21918,TGAAGGAAGTTATGGA
237,AAGCCTGTCCCGTTAC,22008,TGAAGGAAGCTAAATG
238,AAGCCTGTCCCTCTAA,22016,TGAAGGAAGTCCCTGG
239,AAGCCTGTCGCAATCG,22105,TGAAGGAAGCCGCAAA
240,AAGCCTGTCTTCAATC,22228,TGAAGGAAGAAGCTAC
241,AAGCCTTAGCACTAGT,22311,TGCTAATTCCGCCATG
242,AAGCCTTAGGAACACA,22406,TGCTAATTCAGCAATA
243,AAGCGAATCAGCACGC,22686,GGTTGCAAGTTATGGA
244,AAGCGAATCCGCAAAT,22791,GGTTGCAAGACCAGGC
245,AAGCGAATCGGCCAGT,22894,GGTTGCAAGAGATTCA
246,AAGCGAATCTAACCTT,22935,GGTTGCAAGCAAATTG
247,AAGCGAGGTAATCGCA,23037,CAAGGCTCAACGGGAA
248,AAGCGAGGTACTGAAT,23059,CAAGGCTCAAACCAGC
249,AAGCGAGGTCACACCC,23109,CAAGGCTCAAGCCATA
250,AAGCGCTGTAACGTGC,23407,GGTTGCGCATTGAGGC
251,AAGCGCTGTAAGCACC,23409,GGTTGCGCATCCCTCT
252,AAGCGCTGTAGGTTGC,23458,GGTTGCGCAATAAACC
253,AAGCGCTGTGCTCCGT,23595,GGTTGCGCAACAAGTT
254,AAGCGCTGTGGGTACT,23612,GGTTGCGCAATATCCC
255,AAGCGCTGTTCCATTA,23697,GGTTGCGCAATTGCTC
256,AAGCGCTGTTGCAGTA,23718,GGTTGCGCAGTTGCAA
257,AAGCGGGTCATGCTTT,23872,GTCCGTTAGTGAGGCC
258,AAGCGGGTCATGGTGT,23875,GTCCGTTAGCGGTCAA
259,AAGCGGGTCCAGGTTG,23911,GTCCGTTAGTCATGCC
260,AAGCGGGTCCGCCAAA,23944,GTCCGTTAGCCTGGTT
261,AAGCGGGTCGACAAAG,24005,GTCCGTTAGAAAGGCA
262,AAGCGGGTCGCTCACT,24038,GTCCGTTAGAAACCTA
263,AAGCGTTTCAAACCTA,24165,GGGATGGAGGTGCTTC
264,AAGCGTTTCATTCATC,24271,GGGATGGAGACAAGCT
265,AAGCGTTTCCTTAAGA,24374,GGGATGGAGCCAAACG
266,AAGCGTTTCTTAGTCT,24526,GGGATGGAGATTGAGC
267,AAGCTAGAGAACCTGT,24552,CGTTACATCGTTATGT
268,AAGCTAGAGCTACTGG,24674,CGTTACATCGTGATGG
269,AAGCTAGAGGACAACA,24715,CGTTACATCTATGCAT
270,AAGCTAGAGGCGAATA,24760,CGTTACATCCTGCAAC
271,AAGCTATGTCAGGCAT,25034,TGTGCAACAACCTCGC
272,AAGCTATGTTATAGCG,25217,TGTGCAACATTCAGGA
273,AAGCTATGTTTAGCTC,25286,TGTGCAACAGCAAGCT
274,AAGCTCCCACGAACAG,25472,AGTAAGTGTCACACTG
275,AAGCTCCCATCGCTTT,25638,AGTAAGTGTTGCTGGC
276,AAGCTTGGTCTAACCT,25847,CGCTAAACAAACTAGT
277,AAGCTTGGTGATGGCT,25876,CGCTAAACATTCATTG
278,AAGCTTGGTGCACGCA,25882,CGCTAAACATAAGCAT
279,AAGCTTGGTGCTAGCG,25892,CGCTAAACAATGACCA
280,AAGCTTGGTGTGCAAC,25927,CGCTAAACACGTAGCG
281,AAGGAAGCAATTAGGA,26177,AGACTAGGTGGTTAAG
282,AAGGATCCAAACGCGA,26468,CGATTACGTCATGGTT
283,AAGGATCCAACAGGAT,26490,CGATTACGTAGTTACC
284,AAGGATCCAAGCTTAT,26514,CGATTACGTCCTAACG
285,AAGGATCCAAGGGTTG,26520,CGATTACGTCCTCCTG
286,AAGGATCCAATAATGG,26538,CGATTACGTCAATTCA
287,AAGGATCCAATGCGCT,26557,CGATTACGTTTCACCC
288,AAGGATCCACAATGTT,26579,CGATTACGTTAAAGAC
289,AAGGATCCACATAACT,26592,CGATTACGTTTCCGGA
290,AAGGATCCATCCCGCT,26782,CGATTACGTGTGAGTA
291,AAGGATGTCATCCACC,26926,TCCTTAGAGGTTCCGT
292,AAGGATGTCCTTGAGG,27065,TCCTTAGAGTATCCGC
293,AAGGATGTCGTAATCA,27129,TCCTTAGAGGTTGCGA
294,AAGGATGTCGTTACTT,27140,TCCTTAGAGGGACTTG
295,AAGGATTAGAACAAGT,27234,ACGTCACTCGATTCAT
296,AAGGATTAGGCCAATT,27436,ACGTCACTCTTAGCTG
297,AAGGATTAGGGTGAGT,27478,ACGTCACTCACATAGA
298,AAGGATTAGGTCCAAT,27490,ACGTCACTCCACAATT
299,AAGGATTAGGTTAGAG,27507,ACGTCACTCAATCGTT
300,AAGGATTAGTAAGAAC,27520,ACGTCACTCCTTCAAG
301,AAGGCCCTCACGCCAA,27656,TACTGTTAGACAAACC
302,AAGGCCCTCATGAAGG,27699,TACTGTTAGTAAGCGT
303,AAGGCCCTCATGCATA,27703,TACTGTTAGCACCTAC
304,AAGGCCCTCATTGTTC,27728,TACTGTTAGGAGGTAA
305,AAGGCCCTCATTTGCT,27730,TACTGTTAGCTTTAGT
306,AAGGCCCTCCTTTACG,27837,TACTGTTAGCGCAAAT
307,AAGGCCCTCGCTATGG,27873,TACTGTTAGGAGTCGC
308,AAGGCCCTCGGTTTGG,27895,TACTGTTAGTCATTAC
309,AAGGCCCTCGTTAGTA,27910,TACTGTTAGATTAGGC
310,AAGGCCCTCTAAGTGC,27924,TACTGTTAGCAATAGC
311,AAGGCCCTCTCACTCA,27947,TACTGTTAGCCTTTCT
312,AAGGTATAGAAAGGAA,28001,CTCAATGTCACTCGCG
313,AAGGTATAGAATCTCA,28008,CTCAATGTCTTAGGTT
314,AAGGTATAGCATTAGC,28077,CTCAATGTCGTGATAA
315,AAGGTATAGCTACTGG,28126,CTCAATGTCGTGATGG
316,AAGGTATAGCTCATAA,28134,CTCAATGTCCCTGTGG
317,AAGGTATAGGCCTTAG,28210,CTCAATGTCCATCATG
318,AAGGTATAGGCTGGCT,28227,CTCAATGTCTCACAGC
319,AAGGTATAGGGTTAGA,28248,CTCAATGTCCAGCTAC
320,AAGGTATAGTCCTGAG,28321,CTCAATGTCAAACATG
321,AAGGTATAGTCCTTCA,28322,CTCAATGTCTCAGCTA
322,AAGGTATAGTTAGAGG,28352,CTCAATGTCTAAGCTT
323,AAGGTCAAGACTCGCA,28406,ACCGAAGTCTAGGATA
324,AAGGTCAAGATGGACA,28427,ACCGAAGTCTCAAGAA
325,AAGGTCAAGCGCTCAA,28498,ACCGAAGTCGCTTGTA
326,AAGGTCAAGCGGCTGT,28501,ACCGAAGTCAGCGATG
327,AAGGTCAAGGCGAAAC,28595,ACCGAAGTCACGCCCA
328,AAGGTCAAGTAACAGG,28666,ACCGAAGTCGCTTCAA
329,AAGGTGCAGTAAGAAC,29056,TCCTGAATCCTTCAAG
330,AAGTCTATCAGGGCCT,29599,CAAAGTCAGCCGATAG
331,AAGTCTATCCAAATCA,29653,CAAAGTCAGCTTGCCG
332,AAGTCTATCCCTCAGT,29685,CAAAGTCAGAGCTGCA
333,AAGTCTATCCTGTTCA,29745,CAAAGTCAGGTATAGC
334,AAGTCTATCTAATTGG,29848,CAAAGTCAGCTATCGC
335,AAGTCTATCTCAATGA,29861,CAAAGTCAGGCTTGTC
336,AAGTGAAGTTCCGGCT,30221,CTCTAACCATGCCTGC
337,AAGTGCAAGCCTGAGC,30398,GCGCAAATCCTTCATC
338,AAGTGCAAGCGGCTGT,30419,GCGCAAATCAGCGATG
339,AAGTGCAAGGGTTATC,30551,GCGCAAATCGTCCTAA
340,AAGTGCAAGTAGCGGG,30600,GCGCAAATCTAACCGC
341,AAGTGCAAGTCACTCC,30615,GCGCAAATCGCGATAG
342,AAGTGTTGTACTGATG,30730,TGCGCCTCAGTTCCTG
343,AAGTGTTGTATTCGCT,30758,TGCGCCTCAGGATGGA
344,AAGTGTTGTTAGAGGG,30956,TGCGCCTCAAGGATGG
345,AAGTTACGTGATTTGG,31248,TCGCTCACACTAAGGC
346,AAGTTACGTTAAGGTT,31321,TCGCTCACATTGTCCG
347,AAGTTACGTTCCTGTG,31373,TCGCTCACAAACATGT
348,AAGTTAGCAAGCTTTG,31501,CCTGTGAGTGCAAGGT
349,AAGTTAGCACAAAGCG,31557,CCTGTGAGTACAAACG
350,AAGTTAGCAGCACCAT,31655,CCTGTGAGTTGACTAC
351,AAGTTAGCAGTTTCTC,31730,CCTGTGAGTCACGATT
352,AAGTTTGTCAAGCTTA,31845,AGGGTGGAGCAGCCAA
353,AAGTTTGTCATGACCG,31918,AGGGTGGAGTCAAGAC
354,AAGTTTGTCATTAGCA,31937,AGGGTGGAGCTATATC
355,AAGTTTGTCGTCAAGT,32117,AGGGTGGAGCTTCTCT
356,AAGTTTGTCTCAATAG,32158,AGGGTGGAGGGCTAAT
357,AATAACCGTATACTGG,32285,ACGCACGCACAGCAAC
358,AATAACCGTCGCAAAC,32358,ACGCACGCAGGATAAA
359,AATAACCGTTAATGAC,32474,ACGCACGCATGCTGGG
360,AATAACCGTTGACTTC,32532,ACGCACGCATCACAGA
361,AATAACCGTTGAGCCG,32533,ACGCACGCAGCAAATT
362,AATACCGGTTGTCATC,32939,TGATGGCCAGCACTAA
363,AATAGAGGTAGTTAAC,33046,TCCATTACATCCGGGA
364,AATAGAGGTCAATACG,33071,TCCATTACACGCGCAA
365,AATAGAGGTGGAAACG,33185,TCCATTACAGGAGGGT
366,AATAGAGGTTACGCGG,33246,TCCATTACAACGGTTA
367,AATAGAGGTTAGGTTG,33263,TCCATTACATTAACCC
368,AATAGAGGTTCATCTA,33278,TCCATTACAGGTAAGG
369,AATAGCTGTAATTAGC,33391,TACCGAACAGTTGGGT
370,AATAGCTGTAGTTGGC,33430,TACCGAACAAGGGCTT
371,AATAGCTGTCTATCGT,33515,TACCGAACAGTGAACC
372,AATAGCTGTTCGCTTG,33672,TACCGAACACTTGCTG
373,AATATCCCAAGTGTCC,33813,GTAGGCGGTGTGCGAG
374,AATATCCCAATAACGA,33817,GTAGGCGGTGCTGTTG
375,AATATCCCAATAGCAA,33822,GTAGGCGGTCCTCACT
376,AATATCCCACAATGTT,33861,GTAGGCGGTTAAAGAC
377,AATATCCCACACTAAT,33865,GTAGGCGGTTCACCTC
378,AATATCCCAGCCGCTA,33961,GTAGGCGGTGTCCGTA
379,AATATCCCATAGCTGC,34049,GTAGGCGGTCATCATA
380,AATCAGGAGAGAGCCG,34156,CTGAGTCTCTAGGAAC
381,AATCAGGAGCCTGATG,34227,CTGAGTCTCAGGTTGG
382,AATCAGGAGGGTGAAC,34375,CTGAGTCTCCACTATG
383,AATCAGGAGGTGCGGA,34399,CTGAGTCTCATGCCTA
384,AATCAGGAGTTATTCC,34492,CTGAGTCTCATGAAGC
385,AATCATCCAACTAACT,34549,ACCTTAAGTTCCCGTT
386,AATCATCCAATTAGCT,34610,ACCTTAAGTCCAAATC
387,AATCATCCAATTTGGT,34618,ACCTTAAGTTTGAGTC
388,AATCATCCACGGTACT,34676,ACCTTAAGTGCAACGG
389,AATCATCCAGGCTTGT,34766,ACCTTAAGTTGCAAGA
390,AATCATCCATCACTTC,34825,ACCTTAAGTAAAGCAT
391,AATCATGTCTACTAAG,35214,ATCGCCTAGAAGGACA
392,AATCATGTCTTGAGCG,35264,ATCGCCTAGTCACCTA
393,AATCCATCACAATTAC,35398,GAATCAGGTGGGTGTG
394,AATCCATCAGCAAGTG,35485,GAATCAGGTCTAATCA
395,AATCCATCAGTTTCTC,35562,GAATCAGGTCACGATT
396,AATCCATCATGAAGTA,35611,GAATCAGGTGAGCGAT
397,AATCCATCATTCCTGT,35649,GAATCAGGTGATGGAC
398,AATCCCTGTCCTTTAA,35802,GGCTTAACAGAAATGA
399,AATCCCTGTGTGCACG,35896,GGCTTAACAATACCCT
400,AATCCCTGTTTGGGCG,36041,GGCTTAACAAGGTGTC
401,AATCCGTAGAGAGCCG,36074,TGGCGAATCTAGGAAC
402,AATCCGTAGATGGACA,36091,TGGCGAATCTCAAGAA
403,AATCCGTAGTAAGAAC,36336,TGGCGAATCCTTCAAG
404,AATCCGTAGTTAGGCT,36403,TGGCGAATCAAACTGA
405,AATCCTAAGGTCGATT,36696,CGCCTAGTCTCTCGCC
406,AATCCTAAGGTCTTGG,36697,CGCCTAGTCTGTTGGC
407,AATCCTAAGTCAGTAC,36747,CGCCTAGTCTGCAACC
408,AATCCTAAGTGAAGTG,36765,CGCCTAGTCCTGATAT
409,AATCGCCCAATTGCGC,36918,CATAGCTGTACTAACC
410,AATCGCCCACCTCACC,36967,CATAGCTGTATTGTCA
411,AATCGCCCAGGCGAGT,37061,CATAGCTGTAACCTAC
412,AATCGCCCATCCTAGA,37137,CATAGCTGTTTGTCTT
413,AATCGCCCATCGCTTT,37140,CATAGCTGTTGCTGGC
414,AATCGCCCATTTGCTC,37198,CATAGCTGTGCGGTAG
415,AATCTCAAGATAGACG,37241,TTCCGGGTCATAATGG
416,AATCTCAAGCGCCTAA,37311,TTCCGGGTCTTGGACC
417,AATCTTGAGAGCCGCT,37614,AACGTAATCCGCTAGT
418,AATCTTGAGCGCTCAA,37698,AACGTAATCGCTTGTA
419,AATCTTGAGCTGCACA,37724,AACGTAATCGCATTTG
420,AATCTTGAGTGACCTG,37918,AACGTAATCTAGGCGA
421,AATGAAGGTACGGTAC,38008,CTTGGTTCATAAAGGA
422,AATGAAGGTAGCTAAT,38020,CTTGGTTCAGAACCGT
423,AATGAAGGTATTTGCC,38048,CTTGGTTCACCTAACT
424,AATGAAGGTGCAATGC,38151,CTTGGTTCAGGACTAC
425,AATGAAGGTGCATTTC,38155,CTTGGTTCACCAGCTC
426,AATGCAACAATTTAGC,38453,GCTTAGTGTTATATCG
427,AATGCAACACCTGCTC,38505,GCTTAGTGTACACCGC
428,AATGCAACATTAAGCT,38705,GCTTAGTGTGCTCCTT
429,AATGCATGTGATTACG,38913,TAGCTAGCAACCGCCT
430,AATGCGCGTATTGAGT,39190,ATGTTCCCACTCGCAC
431,AATGCGCGTGTCCTGC,39342,ATGTTCCCATAGGTGC
432,AATGGCGCAACCTAAT,39530,AGTGCCCGTAGCTTAC
433,AATGGCGCAGGAACTG,39728,AGTGCCCGTCCGTTAG
434,AATGGCGCATTAAGCT,39853,AGTGCCCGTGCTCCTT
435,AATGTCATCATTAGTG,39987,CTGTTGCAGAAATGCC
436,AATGTCATCCTTAAGA,40092,CTGTTGCAGCCAAACG
437,AATGTCATCTAAGTCA,40189,CTGTTGCAGCACTAAA
438,AATGTCCAGACCATAC,40285,TACCTAGTCTCCATGA
439,AATGTCCAGCCTGGTA,40364,TACCTAGTCGAAGTTA
440,AATGTCCAGCGAGTAA,40371,TACCTAGTCGGTCCAT
441,AATGTCCAGCGGCTGT,40383,TACCTAGTCAGCGATG
442,AATGTCCAGCTAATCA,40390,TACCTAGTCGCGCTCA
443,AATGTCCAGCTTAGCG,40415,TACCTAGTCGAGGCGT
444,AATGTCCAGGAACCAA,40425,TACCTAGTCAAGGTTA
445,AATGTCCAGTCATCCC,40582,TACCTAGTCCTTAACG
446,AATTACCCAACTAGCC,40687,CCGGTTAGTTGTTGTA
447,AATTACCCAACTCGCG,40689,CCGGTTAGTGCGCAAG
448,AATTACCCACAGAAAC,40770,CCGGTTAGTGGGTAAC
449,AATTACCCAGAGGGAG,40845,CCGGTTAGTGCAACAA
450,AATTAGCGTGAGCACT,41203,AAGCTTGCAATAGAAG
451,AATTAGCGTTAGGTTG,41315,AAGCTTGCATTAACCC
452,AATTAGCGTTAGTACG,41316,AAGCTTGCAACAGGCT
453,AATTAGCGTTCCAGGG,41332,AAGCTTGCAAGCGCAT
454,AATTAGCGTTGTTGCT,41378,AAGCTTGCATGACATG
455,AATTAGGCAAACTAAG,41422,GGGCAATGTTACCCAG
456,AATTAGGCAAGTTATC,41485,GGGCAATGTTGGCCAC
457,AATTAGGCAGAATGAC,41607,GGGCAATGTCTTAGCG
458,AATTAGGCATTGTTGG,41796,GGGCAATGTCACCAAT
459,AATTCGTCAAATGCCC,41819,AGTTACCGTATTACTG
460,AATTCGTCACATTGCA,41933,AGTTACCGTTAAGTGG
461,AATTCGTCAGCAGGTA,42008,AGTTACCGTACCGTTG
462,AATTCGTCAGTTTGGC,42081,AGTTACCGTCGGTTAT
463,AATTCGTCAGTTTGTG,42082,AGTTACCGTGTTACTA
464,AATTCGTCATAATCAC,42090,AGTTACCGTAGGAGGA
465,AATTCGTCATAATCGT,42092,AGTTACCGTTCTTTGT
466,AATTCGTCATCATGTG,42115,AGTTACCGTCCCGGAT
467,AATTCGTCATTGCGAC,42170,AGTTACCGTAGCAGGT
468,AATTGACGTATCTGGA,42252,CTTACCGCACCGTTGC
469,AATTGACGTCAAGTGC,42272,CTTACCGCATCCGCTA
470,AATTGACGTCGACTAA,42322,CTTACCGCAGTTTCTA
471,AATTGACGTGTTTGTC,42427,CTTACCGCACAAACGC
472,AATTGACGTTGCACAA,42502,CTTACCGCAGGTGGAA
473,AATTGACGTTGGCCGA,42514,CTTACCGCAAACCTAG
474,AATTGCCAGACAACGA,42579,GGATCAGTCTTTAGCG
475,AATTGCCAGCCGCTTT,42655,GGATCAGTCCTGGATC
476,AATTGCCAGCTCAATA,42699,GGATCAGTCATGGTCC
477,AATTGCCAGCTGTACG,42711,GGATCAGTCAATATCC
478,AATTGCCAGGGTGGAT,42813,GGATCAGTCATTGCGC
479,AATTGCTCAGCAGGTA,43158,AAGGTATGTACCGTTG
480,AATTGCTCAGGAACCA,43179,AAGGTATGTTATGTTG
481,AATTGCTCATAGACCC,43248,AAGGTATGTAAAGGTT
482,AATTGCTCATAGCAGG,43250,AAGGTATGTAGTCATC
483,AATTGGACAAAGCGCA,43345,TAGTTTGGTTGCTCCT
484,AATTGGACAATAGTCT,43412,TAGTTTGGTGTCCTGA
485,AATTGGACACTCGCTC,43510,TAGTTTGGTTGTTCCC
486,AATTGGACAGCATGGA,43544,TAGTTTGGTAGCCTTG
487,AATTGGACAGCGCTTG,43553,TAGTTTGGTGGACAAC
488,AATTGGACATTGTGGC,43712,TAGTTTGGTGCTTCGA
489,AATTGGGAGCCTAACG,43809,AACATGATCGTCCTTT
490,AATTGGGAGCCTTAAA,43819,AACATGATCTGGTCTA
491,AATTGGGAGCTTCCCG,43870,AACATGATCATTCAGT
492,AATTGGGAGCTTTGGG,43873,AACATGATCCCAATAT
493,AATTGGGAGGCTACTG,43941,AACATGATCCTTGAGC
494,AATTGGGAGGCTTAGT,43949,AACATGATCAAACCTT
495,AATTGGGAGTAAAGGT,43999,AACATGATCTAAGCGG
496,AATTGGGAGTTACCGG,44067,AACATGATCCCTGATA
497,AATTGTGTCCGCAACA,44262,ACTCAGGAGGAGTATC
498,AATTGTGTCGTTCACC,44399,ACTCAGGAGCAACAAC
499,AATTTCCTCCCGTTGT,44631,TTTAAGGAGGTAGCTG
500,AATTTGCCAAACGCGA,44874,CGTAAAGGTCATGGTT
501,AATTTGCCAAGTTATC,44939,CGTAAAGGTTGGCCAC
502,AATTTGCCACAGCCAT,44993,CGTAAAGGTACCTTGG
503,AATTTGCCACATGCTA,45001,CGTAAAGGTTTGACTA
504,AATTTGCCACTAAGAA,45039,CGTAAAGGTGTCACGC
505,AATTTGCCAGCCGCTA,45085,CGTAAAGGTGTCCGTA
506,AATTTGCCATGGAGGC,45211,CGTAAAGGTGAGGTAC
507,AATTTGGTCAGGAACA,45312,TAGTAGCAGAGAGGCG
508,AATTTGGTCATTACAG,45354,TAGTAGCAGGACCATG
509,AATTTGGTCATTTGTC,45369,TAGTAGCAGAATCGAC
510,AATTTGGTCCTAAGTA,45437,TAGTAGCAGTTTCTGG
511,AATTTGGTCCTGGTCT,45461,TAGTAGCAGGTTGTAA
512,AATTTGGTCGAGCAAA,45481,TAGTAGCAGATTAGCA
513,AATTTGGTCTTTGACT,45634,TAGTAGCAGCCCTTGG
514,ACAAACTGTTCCTCCT,45941,GATGCACCACGTAGGT
515,ACAAAGGTCATCCACC,46098,CTGGCTTAGGTTCCGT
516,ACAAAGGTCTCAATTC,46346,CTGGCTTAGCTTAGGG
517,ACAAAGGTCTCACTCA,46351,CTGGCTTAGCCTTTCT
518,ACAAAGGTCTGGTCCT,46367,CTGGCTTAGTCAACAA
519,ACAACAACAAGCCACT,46448,TATGTCAGTTTACCGG
520,ACAACAACACGTTACA,46571,TATGTCAGTTACAGCT
521,ACAACAACAGCCTGCA,46621,TATGTCAGTTTCTAAG
522,ACAACAACAGGTTACC,46662,TATGTCAGTATGTTTG
523,ACAACACTCATTAGTG,46893,GGGTTGCAGAAATGCC
524,ACAACACTCCCTGATC,46942,GGGTTGCAGCATATAG
525,ACAACACTCCCTGGTT,46944,GGGTTGCAGTACTGAA
526,ACAACACTCTCACAAA,47115,GGGTTGCAGGCATGGC
527,ACAACACTCTTGAGGT,47155,GGGTTGCAGGCTTAAA
528,ACAACAGAGAGGCTAA,47208,ATAAGCATCTGTTGCA
529,ACAACAGAGCACGTTG,47233,ATAAGCATCGGCTATC
530,ACAACAGAGCTATTAG,47302,ATAAGCATCATTTGGT
531,ACAACAGAGGCTAAGA,47392,ATAAGCATCATTAGTC
532,ACAACAGAGGGTCTAT,47416,ATAAGCATCTCAAATC
533,ACAACATGTTATTGCC,47846,AGGCAAGCAACGGTGT
534,ACACAATGTCCTCCAA,48069,CATGAATCAGAGAGGC
535,ACACAATGTCGAAGTC,48075,CATGAATCAACAGAGG
536,ACACAATGTCGCGCAA,48081,CATGAATCAGCCGGTA
537,ACACAATGTGCTAGCG,48132,CATGAATCAATGACCA
538,ACACCTTGTCTCACTG,48472,TTCGTTACAAGGGAGC
539,ACACCTTGTTAATGAC,48576,TTCGTTACATGCTGGG
540,ACACGGACAAGCTTTG,48753,ATACCTAGTGCAAGGT
541,ACACGGACACCTGTAA,48859,ATACCTAGTTTATGGC
542,ACACGGACAGCATGTC,48913,ATACCTAGTTACTTAG
543,ACACGGACATATAACC,49009,ATACCTAGTTAGGCTT
544,ACACTAATCATTTGCT,49200,TCACATTAGCTTTAGT
545,ACACTAATCCCGCAAA,49227,TCACATTAGATTCAAG
546,ACACTAATCCCTCAGT,49235,TCACATTAGAGCTGCA
547,ACACTAATCCGTTAAA,49263,TCACATTAGTAACCGG
548,ACACTAATCGGTTAGT,49362,TCACATTAGTCATGAA
549,ACACTAATCGTCCTTA,49371,TCACATTAGCGGGAAG
550,ACACTAATCTCACTCA,49417,TCACATTAGCCTTTCT
551,ACACTAGGTACCAGGT,49500,GCTTCATCATAATCGG
552,ACACTAGGTGTTTGTC,49713,GCTTCATCACAAACGC
553,ACACTAGGTTCATTTG,49767,GCTTCATCAAGGCTTA
554,ACACTAGGTTCCGGGA,49772,GCTTCATCAATCCTAC
555,ACACTAGGTTTGCAGA,49839,GCTTCATCAAGGAATA
556,ACACTTAAGCTGGACC,49994,CGAATAATCCGCACCA
557,ACACTTAAGGTCCTGA,50114,CGAATAATCTATATGC
558,ACACTTAAGTTTGGTA,50233,CGAATAATCGCTTCGG
559,ACACTTGCACACAATT,50353,TAGTGAGGTCGGTTTG
560,ACACTTGCACATAGCC,50366,TAGTGAGGTAATCCCG
561,ACACTTGCAGCCAGAA,50449,TAGTGAGGTGGTTCTG
562,ACACTTGCAGGCTGTT,50486,TAGTGAGGTTCATTCT
563,ACACTTGCATGCTATG,50574,TAGTGAGGTCACCAGC
564,ACAGCCGGTAGGTTGC,50680,CGGCCAACAATAAACC
565,ACAGCCGGTATCTGGA,50688,CGGCCAACACCGTTGC
566,ACAGCCGGTCTTTATG,50777,CGGCCAACAGGCCTCT
567,ACAGCCGGTTTATCTG,50977,CGGCCAACATAATGGT
568,ACAGCCGGTTTATTCG,50979,CGGCCAACATATGGTG
569,ACAGCGCTCCAAACAC,51118,GCACCTTAGATATTCC
570,ACAGCGCTCCAGGGAG,51131,GCACCTTAGTTATTGC
571,ACAGCGCTCCATCAGG,51136,GCACCTTAGGCTAAAC
572,ACAGCGCTCGAAGTAG,51225,GCACCTTAGGTGCTGA
573,ACAGGAATCATAACTG,51457,GAAGTGAAGCAGGTAT
574,ACAGGAATCGCTAGAT,51639,GAAGTGAAGAATGACC
575,ACAGGAATCGTTAGCG,51679,GAAGTGAAGATGAAGG
576,ACAGGATCAAGTCGCT,51835,TGTGCTGGTTATGGCT
577,ACAGGATCAATATACC,51849,TGTGCTGGTAGGCGCA
578,ACAGGATCAATCATGT,51852,TGTGCTGGTAGAGGGA
579,ACAGGATCACATAACT,51898,TGTGCTGGTTTCCGGA
580,ACAGGATCACTGGCCA,51949,TGTGCTGGTCCTGAGC
581,ACAGGATCAGGAAGCC,52001,TGTGCTGGTGCGATTT
582,ACAGGATCAGGTTAAA,52027,TGTGCTGGTTAACACC
583,ACAGGCTGTTAGCGTA,52428,CCTAATCCACCTTGCA
584,ACAGGTAAGCTTATGA,52687,GCCTTAATCACTAATC
585,ACAGGTAAGGATCCGC,52726,GCCTTAATCAGGTCGA
586,ACAGGTAAGTATCGCG,52838,GCCTTAATCGCCCGTA
587,ACAGTATGTAGCCATA,52969,ACCAGGTCAGGTAACC
588,ACAGTATGTCCTTTAA,53056,ACCAGGTCAGAAATGA
589,ACAGTATGTTAAGCCA,53169,ACCAGGTCAATCTGGA
590,ACAGTATGTTTAACCC,53268,ACCAGGTCATTAGCGA
591,ACATAGCTCAAGCGCC,53311,TTGATGAAGCCTGTCG
592,ACATAGCTCAGGAAGC,53361,TTGATGAAGCGTGCTT
593,ACATAGCTCCCATAGG,53440,TTGATGAAGCTTATCG
594,ACATAGCTCCGGTTGA,53475,TTGATGAAGTGGCCAA
595,ACATAGCTCGCTTGCT,53563,TTGATGAAGAGCCGGT
596,ACATAGCTCTTTAAGG,53680,TTGATGAAGTTTGTCG
597,ACATCAATCATGACCG,53770,CGTAAACAGTCAAGAC
598,ACATCAATCATGTTTC,53785,CGTAAACAGGCAATCG
599,ACATCAATCCTAGTCC,53875,CGTAAACAGCGAAGCC
600,ACATCAATCGATTCTT,53922,CGTAAACAGTGAGCCA
601,ACATCAATCGATTTGA,53924,CGTAAACAGGTGGCTA
602,ACATCAATCGTGCCTT,53972,CGTAAACAGGACACGC
603,ACATCATCAAACCTTG,54073,TTACCGGGTCCTCCAT
604,ACATCATCAAAGCTAA,54083,TTACCGGGTTTCCAGG
605,ACATCATCACAGAACG,54191,TTACCGGGTATTCAGC
606,ACATCATCACCGGCTA,54213,TTACCGGGTCTGTGCA
607,ACATCATCACCTGCTC,54225,TTACCGGGTACACCGC
608,ACATCATCATGATTGT,54405,TTACCGGGTAGGTTAG
609,ACATTAGTCACTTTAC,54503,CGTACCTAGGAACCTG
610,ACATTAGTCCATCAGG,54588,CGTACCTAGGCTAAAC
611,ACATTAGTCCCTGTTA,54611,CGTACCTAGCCAGTAG
612,ACATTAGTCGATTTAG,54691,CGTACCTAGACAACGT
613,ACATTAGTCGGTTTCC,54732,CGTACCTAGTTTCTCC
614,ACATTGCAGGACAATG,55006,AACCTGCTCGAGGAGG
615,ACATTGCAGGTGCGGA,55107,AACCTGCTCATGCCTA
616,ACATTGCAGTGCACGC,55179,AACCTGCTCTAAGTCT
617,ACATTGCAGTTAGAGG,55190,AACCTGCTCTAAGCTT
618,ACCAAACTCATTGTCT,55333,AGGTGTTAGGGCTATG
619,ACCAAACTCCCAGTAG,55358,AGGTGTTAGGCACAAT
620,ACCAAACTCCCTGGTT,55378,AGGTGTTAGTACTGAA
621,ACCAAACTCGATATTG,55455,AGGTGTTAGATTCTGT
622,ACCAAGCGTGCTTTAC,55808,TGCTCCACAGGAATAA
623,ACCAAGCGTGGGAACA,55819,TGCTCCACAGGATCAC
624,ACCAAGTTCGGCTAGC,56252,AGGGAGTAGTCCTGCG
625,ACCAAGTTCTAACTGA,56292,AGGGAGTAGCGTATTT
626,ACCAATATCATGAAGG,56455,GGCACTAAGTAAGCGT
627,ACCAATATCTTGACCC,56737,GGCACTAAGGAGCAGG
628,ACCAATATCTTTAAGG,56750,GGCACTAAGTTTGTCG
629,ACCACACCAGAAATGC,56944,AATCCTAGTTATGGGA
630,ACCACATAGACAAACG,57150,GGTTACCTCCCGCAAT
631,ACCACATAGCACAGGG,57198,GGTTACCTCCAATTGT
632,ACCACATAGCTGGAAA,57281,GGTTACCTCCTAAGAA
633,ACCACATAGGCTACTG,57363,GGTTACCTCCTTGAGC
634,ACCACATAGTGAGCAA,57476,GGTTACCTCTAATCGT
635,ACCAGCTCAACAGCCT,57549,GCGTGCTGTCGATTAC
636,ACCAGCTCAAGGACCA,57577,GCGTGCTGTAACCGCC
637,ACCAGCTCACAATTAC,57640,GCGTGCTGTGGGTGTG
638,ACCAGCTCACGTAAGG,57688,GCGTGCTGTCCGGTTA
639,ACCAGCTCAGTCTAAT,57794,GCGTGCTGTTAGTACC
640,ACCAGCTCATCCAGGT,57840,GCGTGCTGTGCCTTTC
641,ACCAGCTCATCGCTTT,57848,GCGTGCTGTTGCTGGC
642,ACCAGCTCATCGTTCT,57849,GCGTGCTGTTATTGTG
643,ACCAGGACAAACCTTG,57911,TCGCAATGTCCTCCAT
644,ACCAGGACACATAACT,58036,TCGCAATGTTTCCGGA
645,ACCAGGACACCAGGTT,58046,TCGCAATGTTTGCTGG
646,ACCAGGACACGGTACT,58070,TCGCAATGTGCAACGG
647,ACCAGGACAGCGCTTG,58127,TCGCAATGTGGACAAC
648,ACCAGGACAGTTGCGT,58186,TCGCAATGTGAACGGT
649,ACCAGGACATGTCAAT,58253,TCGCAATGTTGCGAGG
650,ACCAGGACATTGTGTG,58287,TCGCAATGTTAAAGCG
651,ACCAGGCTCCAATTAG,58414,CGTCAAGAGCTTAAAG
652,ACCAGGCTCCCTCGCA,58443,CGTCAAGAGCCGGTAA
653,ACCAGGCTCCCTTGCG,58450,CGTCAAGAGCTTGTTG
654,ACCAGGCTCCTCATGC,58488,CGTCAAGAGGTGAATC
655,ACCAGGCTCGTTAGTA,58586,CGTCAAGAGATTAGGC
656,ACCAGGCTCTAAGTCA,58599,CGTCAAGAGCACTAAA
657,ACCAGGCTCTAATCAG,58601,CGTCAAGAGTATTGGA
658,ACCAGGCTCTGGCAAT,58636,CGTCAAGAGGGTGGGA
659,ACCAGGGAGATAACCC,58715,GACATCCTCATTTAGC
660,ACCAGGGAGCAACATC,58725,GACATCCTCCAAGTGG
661,ACCAGGGAGCAATAGG,58731,GACATCCTCACTAAGA
662,ACCAGGGAGCTTACTT,58824,GACATCCTCGCACACT
663,ACCAGGGAGGTCCTAG,58937,GACATCCTCCTCAAGC
664,ACCAGGGAGTGAGCAA,59012,GACATCCTCTAATCGT
665,ACCATAATCACAGCCA,59089,GTACTAAAGTAACACA
666,ACCATAATCCTACCTA,59247,GTACTAAAGTTACTAC
667,ACCATAATCCTGATGG,59263,GTACTAAAGTAGTTAG
668,ACCATAATCGAGCTAT,59288,GTACTAAAGGTATGTA
669,ACCATAATCGCTCACT,59318,GTACTAAAGAAACCTA
670,ACCATAATCTAAGTCA,59367,GTACTAAAGCACTAAA
671,ACCATAATCTCAATGA,59385,GTACTAAAGGCTTGTC
672,ACCATTAAGCAAGATG,59495,CATGTCATCACACAAA
673,ACCATTAAGCGAGCGA,59547,CATGTCATCGATATAG
674,ACCATTAAGGGACCTC,59676,CATGTCATCCGTTATG
675,ACCATTAAGTTGTCAA,59816,CATGTCATCACCTGGT
676,ACCCAACCAATGCCCG,59919,TTGGTTAGTTGAGTCT
677,ACCCAACCAATGCCTA,59920,TTGGTTAGTAACCGTT
678,ACCCAACCACATACTG,59957,TTGGTTAGTCGGTTCA
679,ACCCAACCAGTTTCTC,60108,TTGGTTAGTCACGATT
680,ACCCAACCATATTGAC,60136,TTGGTTAGTGCCGGAA
681,ACCCAACCATGCTTAG,60168,TTGGTTAGTCCAAGTT
682,ACCCAACCATGTTGGC,60178,TTGGTTAGTGCTTCCT
683,ACCCAGGGTAATCCCT,60232,GCCGCAACAGCCTGAG
684,ACCCAGGGTCATGCAA,60324,GCCGCAACAAGCCTGG
685,ACCCAGGGTCCCGAAG,60333,GCCGCAACATAGTCAG
686,ACCCAGGGTGTTAAAC,60445,GCCGCAACACCGGTAG
687,ACCCAGGGTTCAAGCA,60504,GCCGCAACAAGCCTCC
688,ACCCAGGGTTTAACCC,60560,GCCGCAACATTAGCGA
689,ACCCGCTGTCAAGTGC,60682,ATTGTCCCATCCGCTA
690,ACCCGCTGTCCCGAAG,60715,ATTGTCCCATAGTCAG
691,ACCCGCTGTCCTTTAA,60730,ATTGTCCCAGAAATGA
692,ACCCGCTGTGCTCCGT,60791,ATTGTCCCAACAAGTT
693,ACCCGCTGTGTCACGG,60817,ATTGTCCCATAGCTAG
694,ACCCGCTGTTAATGCG,60851,ATTGTCCCACCTCGAC
695,ACCCGGTAGAACCTGT,60980,GCATTATTCGTTATGT
696,ACCCGGTAGCTTCCCG,61128,GCATTATTCATTCAGT
697,ACCCGGTAGCTTTGGG,61131,GCATTATTCCCAATAT
698,ACCCGGTAGGAAGTAT,61141,GCATTATTCTTGCTCT
699,ACCCGGTAGGTTTACA,61253,GCATTATTCTTCAAGT
700,ACCCGGTAGTATTGTG,61282,GCATTATTCAGGAGCC
701,ACCCGTAAGACACCGC,61375,CTCCAAATCAGGAGGG
702,ACCCGTAAGTAACTCA,61647,CTCCAAATCCCTGGTG
703,ACCCGTAAGTGATTCA,61700,CTCCAAATCTCACTTC
704,ACCCTCCCAACTAACT,61779,ACATTCAGTTCCCGTT
705,ACCCTCCCAGGCAAGC,61983,ACATTCAGTAAACCCT
706,ACCCTCCCAGTTAAAG,62018,ACATTCAGTAAATAGC
707,ACCCTGTTCATCCTAT,62207,TTTGGTTAGTATCGCC
708,ACCCTGTTCCACCTGT,62253,TTTGGTTAGGTAAGTC
709,ACCCTGTTCCGCCTAT,62293,TTTGGTTAGCTTGCAC
710,ACCCTGTTCCTTTACG,62349,TTTGGTTAGCGCAAAT
711,ACCCTGTTCGGTTCCT,62405,TTTGGTTAGGCTCAAG
712,ACCCTGTTCTCACTCA,62459,TTTGGTTAGCCTTTCT
713,ACCGAAGCAACCCTCC,62542,TTCATGAGTTCCATTT
714,ACCGAAGCAGCTCATA,62736,TTCATGAGTTCAAGCT
715,ACCGAAGCATTAAGTC,62868,TTCATGAGTGAGACTA
716,ACCGCAATCATTACTC,62998,ACCTTGCAGGGTTAAC
717,ACCGCAATCATTAGCA,62999,ACCTTGCAGCTATATC
718,ACCGCAATCCATCAGG,63030,ACCTTGCAGGCTAAAC
719,ACCGCAATCCCGTTAC,63040,ACCTTGCAGCTAAATG
720,ACCGCAATCGGGACTC,63163,ACCTTGCAGCCATAGG
721,ACCGCAATCTCGACCT,63233,ACCTTGCAGTATTTGC
722,ACCGGCTAGCCGCAGT,63367,AGGCTGATCAATTAGG
723,ACCGGCTAGCTTTGTT,63436,AGGCTGATCAAATCAG
724,ACCGGCTAGGGTTAGA,63528,AGGCTGATCCAGCTAC
725,ACCGGTTCAATTGAAG,63763,ACGCCACGTAGTCCTG
726,ACCGGTTCAGCATGTC,63875,ACGCCACGTTACTTAG
727,ACCGGTTCAGGGAGGA,63918,ACGCCACGTACGCACC
728,ACCGGTTCAGGTATTT,63919,ACGCCACGTTACGCCA
729,ACCGGTTCATTAAACC,64017,ACGCCACGTTATGTCA
730,ACCGGTTCATTGACAT,64032,ACGCCACGTCAATTGC
731,ACCTAAATCATGCGTG,64137,GGTTCCTAGCTAATCT
732,ACCTAAATCCAAGTTA,64168,GGTTCCTAGCTAATAG
733,ACCTAAGGTACCGAAC,64464,CTAGTAGCACAAAGCC
734,ACCTAAGGTCCGCTGT,64555,CTAGTAGCAGCTCATT
735,ACCTAAGGTGATTTGG,64612,CTAGTAGCACTAAGGC
736,ACCTAAGGTTAGAGCC,64701,CTAGTAGCACCTCACA
737,ACCTAAGGTTCCTGTG,64737,CTAGTAGCAAACATGT
738,ACCTAAGGTTGCAATG,64749,CTAGTAGCAACCGTAA
739,ACCTACCTCACCAATA,64847,CTCATCAAGCAAACAC
740,ACCTACCTCATAACCA,64883,CTCATCAAGGCTTTCA
741,ACCTACCTCATGTGGT,64912,CTCATCAAGTGGCGGT
742,ACCTACCTCGATCAGT,65048,CTCATCAAGAACCTTT
743,ACCTACCTCGCTTGCT,65075,CTCATCAAGAGCCGGT
744,ACCTACCTCTAACTGA,65118,CTCATCAAGCGTATTT
745,ACCTACCTCTCCTCAA,65149,CTCATCAAGCGCTAAG
746,ACCTCACTCAAACACC,65197,CGGGACTAGTCCTCAA
747,ACCTCACTCATCGTTT,65280,CGGGACTAGATGGAGA
748,ACCTCACTCATTAGCA,65301,CGGGACTAGCTATATC
749,ACCTCACTCATTCATC,65305,CGGGACTAGACAAGCT
750,ACCTCACTCCAGGGAG,65327,CGGGACTAGTTATTGC
751,ACCTCACTCCGTTAAA,65375,CGGGACTAGTAACCGG
752,ACCTCACTCCTCCTAA,65397,CGGGACTAGAAGGGTA
753,ACCTCACTCGGTCAAT,65470,CGGGACTAGTTTACGT
754,ACCTCACTCGTTAACA,65487,CGGGACTAGAAACCGT
755,ACCTCACTCTACCTGC,65513,CGGGACTAGCATCTAT
756,ACCTCACTCTTAATGG,65554,CGGGACTAGATGAACC
757,ACCTGGATCAAATCGC,65586,AGTTATGAGCGAGTTG
758,ACCTGGATCGGCTATG,65847,AGTTATGAGTGGCTTC
759,ACCTGGATCTACTAAG,65898,AGTTATGAGAAGGACA
760,ACCTGGTCAACTAGCC,66003,ACAAACGGTTGTTGTA
761,ACCTGGTCAAGTAAGC,66030,ACAAACGGTTAGCGTT
762,ACCTGGTCAATAACCT,66036,ACAAACGGTCGAGGCA
763,ACCTGGTCAATTGAAG,66065,ACAAACGGTAGTCCTG
764,ACCTGGTCACAGCCTG,66090,ACAAACGGTATTGAGG
765,ACCTGGTCAGATTCAT,66163,ACAAACGGTTATTTGG
766,ACCTGGTCAGGCTTCG,66217,ACAAACGGTAACCGGG
767,ACCTGGTCAGGCTTGT,66218,ACAAACGGTTGCAAGA
768,ACCTGGTCATAAGCAA,66252,ACAAACGGTAAGGCCG
769,ACCTGGTCATAAGGAC,66253,ACAAACGGTACAATGG
770,ACCTGGTCATGATTGT,66301,ACAAACGGTAGGTTAG
771,ACCTGTTGTAACAGGG,66353,TTACGTCCAAACCCAA
772,ACCTGTTGTAGGATTT,66407,TTACGTCCATATTGCC
773,ACCTGTTGTGCCTCAC,66539,TTACGTCCAATAGAGA
774,ACCTGTTGTGTCCAGG,66575,TTACGTCCAAAGGTAA
775,ACCTGTTGTTATGTGG,66639,TTACGTCCATCCTGTG
776,ACCTGTTGTTGTTCAC,66693,TTACGTCCAAATAAGG
777,ACCTTCATCAGCTAAC,66789,TTCTGTGAGTATAGCA
778,ACCTTCATCATAATCG,66805,TTCTGTGAGCTCAAGG
779,ACCTTCATCCACCTGT,66857,TTCTGTGAGGTAAGTC
780,ACCTTCATCCGCAAGC,66893,TTCTGTGAGATTCCGC
781,ACCTTCATCTTAATGG,67088,TTCTGTGAGATGAACC
782,ACCTTCATCTTGGATA,67106,TTCTGTGAGCCTAATT
783,ACCTTCCAGACTTATG,67140,CCATGACTCGCTTGAC
784,ACCTTCCAGCCTAATA,67208,CCATGACTCAAACCAA
785,ACCTTCCAGGCGAATA,67328,CCATGACTCCTGCAAC
786,ACCTTCCAGGTGAGAC,67384,CCATGACTCCAGGACA
787,ACCTTCCAGTAAACCC,67396,CCATGACTCATAAGCA
788,ACCTTCCAGTAATCCA,67408,CCATGACTCAGCTAAA
789,ACCTTCCAGTCAGGCC,67430,CCATGACTCAAGGTCG
790,ACCTTCCAGTCATTTC,67436,CCATGACTCAAGCTCC
791,ACCTTGCTCAAACACC,67499,GTGCTAGAGTCCTCAA
792,ACCTTGCTCAAACCGT,67500,GTGCTAGAGCTAACTT
793,ACCTTGCTCACAGCGC,67530,GTGCTAGAGGGCTACA
794,ACCTTGCTCCTCACAC,67691,GTGCTAGAGCACCTTA
795,ACCTTGCTCGGTTTGG,67779,GTGCTAGAGTCATTAC
796,ACCTTGTGTCAGGCAT,67986,AGTCTAGCAACCTCGC
797,ACCTTGTGTTAATGAC,68140,AGTCTAGCATGCTGGG
798,ACCTTGTGTTGCACGG,68203,AGTCTAGCAGGTCAAC
799,ACCTTGTGTTTAACGG,68233,AGTCTAGCATTTGTCA
800,ACGAACAAGCCAAATC,68346,GATTCGCTCGGTACGA
801,ACGAACAAGCCACATG,68348,GATTCGCTCTTGTTGG
802,ACGAACAAGGCGGATG,68483,GATTCGCTCTAACTAC
803,ACGAACAAGGTAGCTT,68520,GATTCGCTCAATGAGC
804,ACGAACAAGTTGCGTG,68634,GATTCGCTCATAGCGG
805,ACGAAGTCAGCATGGA,68860,AAGGCTAGTAGCCTTG
806,ACGAAGTCAGGATAAC,68886,AAGGCTAGTGAGGAAG
807,ACGAAGTCAGTGAACG,68923,AAGGCTAGTATGTTGC
808,ACGAATCTCAATCTCT,69053,GGAACTTAGGCCTAAG
809,ACGAATCTCATCGTTT,69116,GGAACTTAGATGGAGA
810,ACGAATCTCCTGGCTT,69240,GGAACTTAGTCACTCA
811,ACGAATCTCGATAACC,69266,GGAACTTAGGCCTTGT
812,ACGAATCTCGCTATGG,69291,GGAACTTAGGAGTCGC
813,ACGAATCTCTTAGCCC,69392,GGAACTTAGTCTTAGT
814,ACGACAAAGCCTAATA,69510,AGCATGGTCAAACCAA
815,ACGACAAAGGGTGAAC,69663,AGCATGGTCCACTATG
816,ACGACAAAGTTATGTG,69779,AGCATGGTCGACAAGT
817,ACGACAAAGTTGTCTT,69792,AGCATGGTCAAGGTGT
818,ACGACAAAGTTTGCGG,69797,AGCATGGTCTTGACCA
819,ACGACTTAGGAACGGT,69964,TGATTACTCGTTAACT
820,ACGACTTAGGTAGCTT,70056,TGATTACTCAATGAGC
821,ACGACTTAGTTGTCAA,70174,TGATTACTCACCTGGT
822,ACGAGTAAGACAACGA,70199,AAGGTTATCTTTAGCG
823,ACGAGTAAGCGGCTGT,70303,AAGGTTATCAGCGATG
824,ACGAGTAAGCTATTAG,70316,AAGGTTATCATTTGGT
825,ACGAGTAAGGAAACTG,70343,AAGGTTATCGTTTCTC
826,ACGAGTAAGGAGGACT,70367,AAGGTTATCACATTAC
827,ACGAGTAAGGATCACT,70375,AAGGTTATCATTATGC
828,ACGAGTAAGGATTGCT,70379,AAGGTTATCAGGTAAC
829,ACGAGTAAGGCGCTTA,70402,AAGGTTATCCAATTAC
830,ACGAGTAAGTTTCCTG,70563,AAGGTTATCACGGATG
831,ACGATTCAGAACCTAC,70573,ATGCAAATCATTAACC
832,ACGATTCAGAGCCGCT,70600,ATGCAAATCCGCTAGT
833,ACGATTCAGCGATACT,70677,ATGCAAATCAGCTATT
834,ACGATTCAGGAGGGTT,70753,ATGCAAATCGCTATGC
835,ACGATTCAGGGCCACT,70808,ATGCAAATCCAACCTA
836,ACGATTCAGTTATCCT,70928,ATGCAAATCCTGAAGG
837,ACGCAAGCAATATAGG,71034,CGAGCGAGTTACGTAC
838,ACGCAAGCACAAACTT,71059,CGAGCGAGTCAATACC
839,ACGCAAGCACAACAAA,71063,CGAGCGAGTTACGAAG
840,ACGCAAGCACAACAGG,71064,CGAGCGAGTATTGCGT
841,ACGCAAGCACACAATT,71071,CGAGCGAGTCGGTTTG
842,ACGCAAGCACGAATCC,71113,CGAGCGAGTAACCTTA
843,ACGCAAGCATAGCTTG,71258,CGAGCGAGTGTGATGA
844,ACGCAAGCATTGCGTA,71326,CGAGCGAGTGTGATTC
845,ACGCACGGTATCTGGA,71406,TAGCGCGCACCGTTGC
846,ACGCACGGTCCTTTAA,71474,TAGCGCGCAGAAATGA
847,ACGCACGGTGTGTGGT,71570,TAGCGCGCAAAGGCCT
848,ACGCACGGTTTATCTG,71695,TAGCGCGCATAATGGT
849,ACGCACGGTTTGTCTA,71716,TAGCGCGCAGGTTGTA
850,ACGCCACAGCTGGCTA,71863,TCCAAATTCTGGAAAC
851,ACGCCACAGGAGGGTT,71903,TCCAAATTCGCTATGC
852,ACGCCACAGGGATGCG,71956,TCCAAATTCCGAAACG
853,ACGCCACAGGTCCTGA,71982,TCCAAATTCTATATGC
854,ACGCCACAGTGCTGTG,72062,TCCAAATTCAACCGGA
855,ACGCCTAAGAGAGGCT,72132,ACATGAATCATGTTGT
856,ACGCCTAAGATGGACA,72147,ACATGAATCTCAAGAA
857,ACGCCTAAGATGGAGC,72148,ACATGAATCGCAACTC
858,ACGCCTAAGGAACCAA,72263,ACATGAATCAAGGTTA
859,ACGCCTAAGGTAACGA,72354,ACATGAATCATGCGGA
860,ACGCCTAAGTTCCCAC,72467,ACATGAATCAGCATGG
861,ACGCCTTTCAATGTCA,72510,TCTAATCAGCTTTACG
862,ACGCCTTTCATGGTGT,72583,TCTAATCAGCGGTCAA
863,ACGCCTTTCCGTAAAC,72662,TCTAATCAGCGCTCCA
864,ACGCCTTTCGATATTG,72721,TCTAATCAGATTCTGT
865,ACGCTTGAGAAGGTGC,72878,AAAGGCTTCACCAACC
866,ACGCTTGAGAATCTCA,72880,AAAGGCTTCTTAGGTT
867,ACGCTTGAGACAAACG,72882,AAAGGCTTCCCGCAAT
868,ACGCTTGAGCACTAAC,72934,AAAGGCTTCGCGAGGT
869,ACGCTTGAGCCTGATG,72969,AAAGGCTTCAGGTTGG
870,ACGCTTGAGGACTTAC,73049,AAAGGCTTCGCCTGTG
871,ACGCTTGAGTTTCCGC,73248,AAAGGCTTCCCGCACA
872,ACGGGAAGTACCTTAC,73292,CTGCAAACATTTCGCG
873,ACGGGAAGTCAATACG,73345,CTGCAAACACGCGCAA
874,ACGGGAAGTCACAGAC,73350,CTGCAAACAGCCAATA
875,ACGGGAAGTTCACTGT,73551,CTGCAAACAATAGCCA
876,ACGGGAAGTTCGCGCT,73562,CTGCAAACAATCATGG
877,ACGGGAAGTTTAACGG,73605,CTGCAAACATTTGTCA
878,ACGGTACGTATGGTGC,73707,AGCTAATCAGTATTGG
879,ACGGTACGTGGAAACG,73841,AGCTAATCAGGAGGGT
880,ACGGTACGTGGTTCTT,73858,AGCTAATCAGAAACCC
881,ACGGTACGTTGTGACA,73979,AGCTAATCATGGTGCG
882,ACGGTTAGTAATGGCC,74046,CGCATTTCACTCCCTT
883,ACGGTTAGTCACACCC,74113,CGCATTTCAAGCCATA
884,ACGGTTAGTCCAAGAC,74139,CGCATTTCACTAGTAG
885,ACGGTTAGTGCCTCAC,74209,CGCATTTCAATAGAGA
886,ACGGTTTAGCTGTACG,74547,CAGCCTGTCAATATCC
887,ACGGTTTAGCTTGCTC,74556,CAGCCTGTCCTAATCG
888,ACGGTTTAGGATCCGC,74592,CAGCCTGTCAGGTCGA
889,ACGGTTTAGGCCAATT,74606,CAGCCTGTCTTAGCTG
890,ACGTACCCAACTGGCT,74826,GAACCTTGTCTTGACG
891,ACGTACCCACCAGGTT,74924,GAACCTTGTTTGCTGG
892,ACGTACCCACTGGCCA,74965,GAACCTTGTCCTGAGC
893,ACGTACCCATCATGGC,75100,GAACCTTGTCCTAAGT
894,ACGTACCCATGAATAG,75116,GAACCTTGTTATCCGG
895,ACGTACCCATGCTCCC,75125,GAACCTTGTAGTAGCA
896,ACGTACCCATTATGCG,75149,GAACCTTGTGTTAACC
897,ACGTCAAGTTAGGATT,75447,GATTAACCAAGCGAAG
898,ACGTCCAAGACAGGTA,75570,TGTGGCTTCATCAGCC
899,ACGTCCAAGATAACCC,75591,TGTGGCTTCATTTAGC
900,ACGTCCAAGCGGATAA,75667,TGTGGCTTCCTCCCAC
901,ACGTCCAAGCGGTTAT,75671,TGTGGCTTCGCGAAGC
902,ACGTCCAAGGGCCACT,75790,TGTGGCTTCCAACCTA
903,ACGTCCAAGGTCCTAG,75813,TGTGGCTTCCTCAAGC
904,ACGTCCAAGGTCGAGG,75815,TGTGGCTTCAGCCTGT
905,ACGTCCAAGTCAATTG,75860,TGTGGCTTCTTTGGTG
906,ACGTCCAAGTCTGGGC,75880,TGTGGCTTCCCAGTAC
907,ACGTCCAAGTGTTGCG,75898,TGTGGCTTCGCTAATT
908,ACGTCCTTCAGCAAAG,75987,GTTCTTGAGTAATGCA
909,ACGTCCTTCAGGGCCT,75999,GTTCTTGAGCCGATAG
910,ACGTCCTTCGGCCATA,76199,GTTCTTGAGGCTCACT
911,ACGTCCTTCTCGACCT,76273,GTTCTTGAGTATTTGC
912,ACGTCCTTCTGGCAAT,76280,GTTCTTGAGGGTGGGA
913,ACGTCCTTCTGTAATG,76285,GTTCTTGAGTCGCGAA
914,ACGTTACAGCCTCTGT,76414,ACCTAGCTCGCGTTAC
915,ACGTTACAGCTTATGA,76471,ACCTAGCTCACTAATC
916,ACGTTACAGGGTTAGA,76568,ACCTAGCTCCAGCTAC
917,ACGTTGTAGACAAACG,76714,CCCATAATCCCGCAAT
918,ACGTTGTAGAGCCGCT,76734,CCCATAATCCGCTAGT
919,ACGTTGTAGGTAAGGC,76956,CCCATAATCCCTCGCT
920,ACGTTGTAGTCATGCG,77021,CCCATAATCACAAAGC
921,ACTAAAGCACAAAGAC,77194,GAAGTATGTGACGTAA
922,ACTAAAGCACTTACAG,77270,GAAGTATGTGACCTTG
923,ACTAAAGCAGAGAGCC,77281,GAAGTATGTAGCTGTT
924,ACTAAAGCAGTTTACG,77367,GAAGTATGTAGACTAG
925,ACTAACCAGAGGAGGA,77505,TCCGGATTCTAGCCAC
926,ACTAACCAGGAGCACG,77651,TCCGGATTCTAGTTCG
927,ACTAACCAGGGCCACT,77710,TCCGGATTCCAACCTA
928,ACTAACCAGGTGCGGA,77741,TCCGGATTCATGCCTA
929,ACTAACCAGTCACCAG,77781,TCCGGATTCACAAATG
930,ACTAACGGTCAAGTGC,77944,GACTCAACATCCGCTA
931,ACTAACGGTCCTAAGA,77984,GACTCAACAGCTACCC
932,ACTAACGGTGCGCGTA,78048,GACTCAACAAGTGCCG
933,ACTAACTCAGCAAGAT,78439,GAGGTACGTTTACTGA
934,ACTAACTCAGGTCCTG,78494,GAGGTACGTCACGCAC
935,ACTAACTCATCCAGGT,78554,GAGGTACGTGCCTTTC
936,ACTAATCCACAGAAAC,78742,CGCTAATGTGGGTAAC
937,ACTAATCCACCTGCCT,78776,CGCTAATGTATATTCG
938,ACTAATCCAGCAAGTG,78825,CGCTAATGTCTAATCA
939,ACTAATCCAGCCGCTA,78837,CGCTAATGTGTCCGTA
940,ACTAATCCAGGCCTTG,78866,CGCTAATGTCATGAAG
941,ACTAATCCATGGTTAT,78966,CGCTAATGTCATTATG
942,ACTAGGCGTGCATTTC,79193,TCACGCCCACCAGCTC
943,ACTATCCGTCATAACG,79493,TTTCCGGCACCAGCCT
944,ACTATGTCAAACGCGA,79774,ATCGTTAGTCATGGTT
945,ACTATGTCAAGCGATG,79817,ATCGTTAGTCTATGAC
946,ACTATGTCACAATGCC,79884,ATCGTTAGTCCAATTA
947,ACTATGTCACGAATCC,79929,ATCGTTAGTAACCTTA
948,ACTATGTCATAAGCAA,80056,ATCGTTAGTAAGGCCG
949,ACTATGTCATCAATCG,80079,ATCGTTAGTGTAACCT
950,ACTATGTCATGGCCTG,80113,ATCGTTAGTTCCGGAC
951,ACTATGTCATTGCAGC,80139,ATCGTTAGTTGGTTTA
952,ACTCACCTCATTCATC,80261,TAGGGTTAGACAAGCT
953,ACTCACCTCATTTGTC,80269,TAGGGTTAGAATCGAC
954,ACTCACCTCCACCCTG,80278,TAGGGTTAGCTCATGC
955,ACTCACCTCCGCCTCA,80320,TAGGGTTAGTCACCAC
956,ACTCACCTCCTTAATC,80365,TAGGGTTAGGAGCTAT
957,ACTCACCTCGCGACAC,80403,TAGGGTTAGCAGGTTG
958,ACTCACCTCGTAATCA,80435,TAGGGTTAGGTTGCGA
959,ACTCACTGTAATCGTG,80561,TGGTTCTCACATAACG
960,ACTCACTGTACAATGT,80567,TGGTTCTCACTCAATC
961,ACTCACTGTCTATCGT,80689,TGGTTCTCAGTGAACC
962,ACTCACTGTCTTTGAC,80696,TGGTTCTCAGTGTGCG
963,ACTCACTGTGATTACG,80717,TGGTTCTCAACCGCCT
964,ACTCACTGTGCTGGTG,80736,TGGTTCTCAAGTGCAC
965,ACTCAGTAGGCTAAGA,81140,TAGGATATCATTAGTC
966,ACTCCTCAGCTGAGGG,81443,CAAGCCTTCCGGATTC
967,ACTCCTCAGCTGTACG,81449,CAAGCCTTCAATATCC
968,ACTCCTCAGGTCAAAG,81560,CAAGCCTTCCTTTAGG
969,ACTCCTCAGGTTACGT,81578,CAAGCCTTCTAATCCG
970,ACTCCTCAGTCATCCC,81620,CAAGCCTTCCTTAACG
971,ACTCCTCAGTTTGAGC,81682,CAAGCCTTCAAATCCT
972,ACTCGCGCAATCCCTT,81771,CTGCAATGTAACGTGA
973,ACTCGCGCAGAGGGAG,81883,CTGCAATGTGCAACAA
974,ACTCGCGCAGCAACCT,81888,CTGCAATGTTCTGGCA
975,ACTCGCGCAGGCTTCG,81939,CTGCAATGTAACCGGG
976,ACTCGCTTCATGCATA,82159,CGTCCATAGCACCTAC
977,ACTCGCTTCATTGTCT,82183,CGTCCATAGGGCTATG
978,ACTCGCTTCGGTCAGC,82345,CGTCCATAGGCAATAC
979,ACTCGCTTCTCAATTC,82398,CGTCCATAGCTTAGGG
980,ACTCGCTTCTTAAGTG,82427,CGTCCATAGGTTATCT
981,ACTGAAACAAACCTAT,82458,TAACCGTGTGCGCGAA
982,ACTGAAACAAAGCTCC,82470,TAACCGTGTCATGATC
983,ACTGAAACACCTGGTG,82612,TAACCGTGTTAATCCA
984,ACTGAAACACTTAGGC,82639,TAACCGTGTCATTTCT
985,ACTGAAACAGTTAGCC,82731,TAACCGTGTCCCTCTG
986,ACTGAATGTCAAGTGC,82928,TAAAGGACATCCGCTA
987,ACTGAATGTCACGAAC,82938,TAAAGGACATGAGGAG
988,ACTGAATGTGCGCATG,83031,TAAAGGACACAACATG
989,ACTGAATGTGTGCACG,83070,TAAAGGACAATACCCT
990,ACTGAATGTTAGAGCC,83109,TAAAGGACACCTCACA
991,ACTTACAAGACTTACA,83245,TTTCTCATCGCTTGCG
992,ACTTACAAGGACCTGC,83395,TTTCTCATCGGTTAGG
993,ACTTACAAGGAGTCGG,83408,TTTCTCATCAATCGGG
994,ACTTACAAGGTGTTAC,83494,TTTCTCATCGCAATCC
995,ACTTACAAGTGAACAG,83552,TTTCTCATCCGCAATC
996,ACTTACTTCAGAAACG,83656,CGCAGGTAGGCAATGT
997,ACTTACTTCATAGACC,83680,CGCAGGTAGTCCTTGA
998,ACTTACTTCATTTGTC,83721,CGCAGGTAGAATCGAC
999,ACTTACTTCCGTGACA,83782,CGCAGGTAGATTGCCC
1000,ACTTACTTCGCAGGCT,83850,CGCAGGTAGGTCATTT
1001,ACTTACTTCGGTTCCT,83883,CGCAGGTAGGCTCAAG
1002,ACTTACTTCTCACATT,83935,CGCAGGTAGTCCTCCC
1003,ACTTACTTCTTGCATT,83977,CGCAGGTAGTGCGGGT
1004,ACTTAGGGTAACGGGA,83998,TCCTTAACACTGGCAG
1005,ACTTAGGGTTAGCCAA,84263,TCCTTAACAAAGTGAA
1006,ACTTAGGGTTCATCTA,84286,TCCTTAACAGGTAAGG
1007,ACTTAGTCAAACGGGC,84377,TGCGCGTGTAGGTGAC
1008,ACTTAGTCACCTAAGC,84518,TGCGCGTGTATCGCTG
1009,ACTTAGTCAGCTTAAT,84597,TGCGCGTGTGGTGAAC
1010,ACTTAGTCAGGCCAAA,84614,TGCGCGTGTTGAGGTA
1011,ACTTAGTCATAGGCGA,84677,TGCGCGTGTGCACAAA
1012,ACTTAGTCATCCAGGT,84688,TGCGCGTGTGCCTTTC
1013,ACTTAGTCATGGTTAT,84716,TGCGCGTGTCATTATG
1014,ACTTATCTCAGGAAGC,84815,GTGAGGGAGCGTGCTT
1015,ACTTATCTCATGCTAA,84846,GTGAGGGAGCTCGACT
1016,ACTTATCTCATTGCAA,84865,GTGAGGGAGGTTATAG
1017,ACTTATCTCATTGTTC,84868,GTGAGGGAGGAGGTAA
1018,ACTTATCTCCCTGGTT,84912,GTGAGGGAGTACTGAA
1019,ACTTATCTCGACCTGA,84982,GTGAGGGAGTTTGACT
1020,ACTTATCTCGATTTAG,84993,GTGAGGGAGACAACGT
1021,ACTTATCTCGCACAAT,84998,GTGAGGGAGGCTAGCA
1022,ACTTATCTCGCCTGTT,85004,GTGAGGGAGCCTTCAA
1023,ACTTATCTCGCTCACT,85014,GTGAGGGAGAAACCTA
1024,ACTTATCTCTAGCGAT,85073,GTGAGGGAGGCAGGTC
1025,ACTTATCTCTCAATGA,85081,GTGAGGGAGGCTTGTC
1026,ACTTATGAGAAAGCAT,85140,CAAGTCCTCGACAAAC
1027,ACTTATGAGCCTGATG,85237,CAAGTCCTCAGGTTGG
1028,ACTTATGAGCTGTAAC,85284,CAAGTCCTCTCGACTA
1029,ACTTATGAGGACACTT,85309,CAAGTCCTCAGCCATC
1030,ACTTCGCTCAATTACG,85548,GAAGCTTAGGACAACT
1031,ACTTCGCTCATTAGCA,85627,GAAGCTTAGCTATATC
1032,ACTTCGCTCCGCCTAT,85689,GAAGCTTAGCTTGCAC
1033,ACTTCGCTCCGTAAAC,85698,GAAGCTTAGCGCTCCA
1034,ACTTCGCTCCGTTAAA,85701,GAAGCTTAGTAACCGG
1035,ACTTCGCTCGCTAAGT,85776,GAAGCTTAGCTGGCAA
1036,ACTTCGCTCGCTATAA,85780,GAAGCTTAGGATTGAC
1037,ACTTGAATCCAGGTCA,86038,TCCTAATAGAGCTGGC
1038,ACTTGAATCCGTAAAC,86082,TCCTAATAGCGCTCCA
1039,ACTTGAATCCTGATTT,86112,TCCTAATAGCACAGCA
1040,ACTTGAATCTTGCAAA,86277,TCCTAATAGTACTGGG
1041,ACTTGCACAATATAGG,86372,TCGGTATGTTACGTAC
1042,ACTTGCACACAATTAC,86408,TCGGTATGTGGGTGTG
1043,ACTTGCACAGTCTAGC,86563,TCGGTATGTATAGTGG
1044,ACTTGCACAGTCTATG,86564,TCGGTATGTTGACCAT
1045,ACTTGCACATGAATAG,86622,TCGGTATGTTATCCGG
1046,ACTTGTAAGCAGGTGG,86744,GGCTTGTTCGCGACTT
1047,ACTTGTAAGCATGGTT,86750,GGCTTGTTCATCCTCT
1048,ACTTGTAAGCCTGATG,86773,GGCTTGTTCAGGTTGG
1049,ACTTGTAAGCCTGTTC,86776,GGCTTGTTCGACATTT
1050,ACTTGTAAGGTTTGAC,86954,GGCTTGTTCGATTAAG
1051,ACTTGTCGTAACGGGA,87068,CCAAGGTCACTGGCAG
1052,ACTTGTCGTACCGAAC,87092,CCAAGGTCACAAAGCC
1053,ACTTGTCGTACCGGAT,87093,CCAAGGTCACGATTCT
1054,ACTTGTCGTATTACCC,87131,CCAAGGTCACCTTAGT
1055,ACTTGTCGTTATGTGG,87349,CCAAGGTCATCCTGTG
1056,ACTTTGTTCACAAGCT,87468,ATGCTAAAGCTAACGG
1057,ACTTTGTTCCCGTTGT,87587,ATGCTAAAGGTAGCTG
1058,ACTTTGTTCTACTAAG,87758,ATGCTAAAGAAGGACA
1059,AGAAACCCAAACGGGC,87831,GGCTGAGGTAGGTGAC
1060,AGAAACCCAACTAACT,87861,GGCTGAGGTTCCCGTT
1061,AGAAACCCAATTAGCT,87922,GGCTGAGGTCCAAATC
1062,AGAAACCCACTCGCTC,88002,GGCTGAGGTTGTTCCC
1063,AGAAACCCAGCCGCTA,88041,GGCTGAGGTGTCCGTA
1064,AGAAACCCATTCCTGT,88193,GGCTGAGGTGATGGAC
1065,AGAAACTAGCAGGTTT,88279,TATAGCTTCGCCTAAC
1066,AGAAACTAGCGAGCGA,88313,TATAGCTTCGATATAG
1067,AGAAACTAGGCCAATT,88414,TATAGCTTCTTAGCTG
1068,AGAAACTAGGTAACGA,88460,TATAGCTTCATGCGGA
1069,AGAAACTAGTCACCAG,88519,TATAGCTTCACAAATG
1070,AGAAACTAGTGACCTG,88544,TATAGCTTCTAGGCGA
1071,AGAAACTAGTTACCGG,88559,TATAGCTTCCCTGATA
1072,AGAAAGGCAAGGTACG,88652,ACAGTGAGTCTAGCGC
1073,AGAAAGGCACCTGTAA,88751,ACAGTGAGTTTATGGC
1074,AGAAAGGCATTGACAT,88962,ACAGTGAGTCAATTGC
1075,AGAACAAGTAGCCTCC,89029,GATGAGGCATGAGCTA
1076,AGAACAAGTAGGTTGC,89038,GATGAGGCAATAAACC
1077,AGAACAAGTGGTGAGA,89194,GATGAGGCAATTGAGT
1078,AGAACAAGTGTGCAAC,89207,GATGAGGCACGTAGCG
1079,AGAACAAGTTAGGCGT,89256,GATGAGGCATACTGAG
1080,AGAACCAAGCTTCTCA,89513,GCATCTATCTTTAGGT
1081,AGAACCAAGGACCTGC,89533,GCATCTATCGGTTAGG
1082,AGAACCAAGGTCCGTA,89620,GCATCTATCTAATCAC
1083,AGAACCAAGTCAGTAC,89675,GCATCTATCTGCAACC
1084,AGAACCGCAAGTAAGC,89808,AGGACTAGTTAGCGTT
1085,AGAACCGCAATTATGC,89842,AGGACTAGTTGTCATA
1086,AGAACCGCACGTAATT,89909,AGGACTAGTTCCTCAC
1087,AGAACCGCAGGCTAGA,89993,AGGACTAGTTGGCGGA
1088,AGAACCGCATCCCGCT,90062,AGGACTAGTGTGAGTA
1089,AGAACCGCATTGTCAG,90118,AGGACTAGTTTAATCG
1090,AGAAGGTGTATTCGTC,90201,TGTGATGCACTAATCC
1091,AGAATCGAGACAGGTA,90528,ATGTGCCTCATCAGCC
1092,AGAATCGAGCCTGGTA,90608,ATGTGCCTCGAAGTTA
1093,AGAATCGAGGAGCAAC,90688,ATGTGCCTCCTAAATC
1094,AGAATCGAGGGACGCA,90743,ATGTGCCTCCACCCTC
1095,AGAATCGAGTTCCTCA,90875,ATGTGCCTCCTTAGTG
1096,AGAATCTGTATGGTGC,90963,CCGAAGTCAGTATTGG
1097,AGAATCTGTGTTTGTC,91137,CCGAAGTCACAAACGC
1098,AGAATCTGTTTATGGG,91252,CCGAAGTCACTGTCAT
1099,AGACAATAGCATTTCT,91355,ACCATATTCCAAATTC
1100,AGACAATAGCTTCTCA,91429,ACCATATTCTTTAGGT
1101,AGACAATAGGAAGCAC,91439,ACCATATTCTAGCCTA
1102,AGACAATAGGCCATCA,91481,ACCATATTCGGTCAAG
1103,AGACAATAGGCCTAAT,91484,ACCATATTCCGCCTCT
1104,AGACAATAGTAAGGGC,91565,ACCATATTCGGTTACC
1105,AGACAATAGTTCCCAC,91639,ACCATATTCAGCATGG
1106,AGACACGCAAACAACA,91659,CGACTTGGTGTGTTAC
1107,AGACACGCAATCATGT,91742,CGACTTGGTAGAGGGA
1108,AGACACGCACAAAGCG,91767,CGACTTGGTACAAACG
1109,AGACACGCACATAACT,91788,CGACTTGGTTTCCGGA
1110,AGACACGCACATAGCC,91790,CGACTTGGTAATCCCG
1111,AGACACGCAGGCGATA,91906,CGACTTGGTGGATTGA
1112,AGACACGCATGTTGCA,92009,CGACTTGGTTTGGTTA
1113,AGACCCGGTCATAAGT,92150,GGATGGACATGACCTT
1114,AGACCCGGTGCTCCGT,92241,GGATGGACAACAAGTT
1115,AGACCCGGTTCATCTA,92340,GGATGGACAGGTAAGG
1116,AGACCCGGTTGGCGTG,92375,GGATGGACACTAGTCT
1117,AGACTATGTAATAGCT,92444,AGTGAGGCATGAGCCG
1118,AGACTATGTGCATTAG,92612,AGTGAGGCAACCAACA
1119,AGACTATGTGGCTTCC,92638,AGTGAGGCAGCATTAG
1120,AGAGAAGCACAGACTC,92930,CAGGATAGTACCGGCT
1121,AGAGAAGCACATAGCC,92938,CAGGATAGTAATCCCG
1122,AGAGAAGCATCCAGGT,93124,CAGGATAGTGCCTTTC
1123,AGAGAGGAGACTTATG,93216,TTGCAGCTCGCTTGAC
1124,AGAGAGGAGGATCCGC,93382,TTGCAGCTCAGGTCGA
1125,AGAGAGGAGGCCAATT,93396,TTGCAGCTCTTAGCTG
1126,AGAGAGGAGGCCATCA,93397,TTGCAGCTCGGTCAAG
1127,AGAGATTAGCATGTCG,93651,GATTACTTCCCTCGTC
1128,AGAGATTAGCTAATTG,93701,GATTACTTCCTAGTGC
1129,AGAGATTAGGATCACT,93765,GATTACTTCATTATGC
1130,AGAGATTAGGCCTTAG,93786,GATTACTTCCATCATG
1131,AGAGATTAGGCTTAGT,93807,GATTACTTCAAACCTT
1132,AGAGGAACAACCGCCA,93991,GAACAATGTTGACCGC
1133,AGAGGAACAAGCTACC,94009,GAACAATGTGGCTTCA
1134,AGAGGAACAGCTACGT,94182,GAACAATGTGAAACAT
1135,AGAGGAACAGGATTAA,94198,GAACAATGTAGAGGCT
1136,AGAGGAACAGTTATCG,94236,GAACAATGTTTATTCC
1137,AGAGGAACAGTTATGT,94237,GAACAATGTTTGCAGT
1138,AGAGGATGTAGGTGTC,94402,GCTCAAACACGCCCAT
1139,AGAGGATGTGAGACTC,94511,GCTCAAACAAAGAAGC
1140,AGAGGATGTGTTGTAG,94582,GCTCAAACACTATACC
1141,AGAGGATGTGTTTGCT,94586,GCTCAAACATCCTAGT
1142,AGAGGATGTTCCAGGG,94642,GCTCAAACAAGCGCAT
1143,AGATGAAGTATACTGG,94793,GCCCGAACACAGCAAC
1144,AGATGAAGTGGAAACG,94929,GCCCGAACAGGAGGGT
1145,AGATGAAGTGGATTAT,94935,GCCCGAACATAATGCG
1146,AGATGAAGTTGGATCA,95055,GCCCGAACATCCTTAA
1147,AGATGCTTCCTGGTCT,95315,GACTTAAAGGTTGTAA
1148,AGATGCTTCTAGCGAT,95425,GACTTAAAGGCAGGTC
1149,AGCAAATAGAGGATAT,95527,CATAATCTCGAAGTAC
1150,AGCAAATAGCCGGTAC,95582,CATAATCTCCTACTAG
1151,AGCAAATAGCGTGCGT,95613,CATAATCTCTTGCATG
1152,AGCAAATAGCTCCTTA,95629,CATAATCTCGAAGCAT
1153,AGCAAATAGTGAACCT,95823,CATAATCTCAGGGCTA
1154,AGCAACAAGCACGTTG,95937,CCAAACCTCGGCTATC
1155,AGCAACAAGCTGTCAG,96022,CCAAACCTCGCGAGTA
1156,AGCAACAAGGACCGCT,96047,CCAAACCTCATAACCT
1157,AGCAACAAGGAGGTTA,96060,CCAAACCTCTAAATCC
1158,AGCAACAAGTATTGCA,96180,CCAAACCTCCAGCTCG
1159,AGCAAGGGTCTTGCAT,96415,TGCCTCACAGAATCTG
1160,AGCAAGGGTTGGATCA,96589,TGCCTCACATCCTTAA
1161,AGCAAGGGTTGGCCGA,96590,TGCCTCACAAACCTAG
1162,AGCAAGGGTTTAGCGA,96613,TGCCTCACACAGCACG
1163,AGCAAGGGTTTGTCTA,96638,TGCCTCACAGGTTGTA
1164,AGCAATACAATGAATG,96731,AAGACCAGTCATCACG
1165,AGCAATACAATTGACT,96742,AAGACCAGTAAGGTGC
1166,AGCAATACACTATGGC,96816,AAGACCAGTACTAGGA
1167,AGCAATTGTTAGCAGC,97297,AGAACAACACATGCCC
1168,AGCAATTGTTAGTACG,97308,AGAACAACAACAGGCT
1169,AGCACAGCAATAAGCA,97480,GTTCCAGGTTAACGGA
1170,AGCACAGCAGCCGCTA,97623,GTTCCAGGTGTCCGTA
1171,AGCACAGCATAGCTGC,97711,GTTCCAGGTCATCATA
1172,AGCACAGCATGCATAT,97745,GTTCCAGGTAATGGTG
1173,AGCACTAGTCATGCAA,97904,CCGCCATCAAGCCTGG
1174,AGCACTAGTTTCGCGC,98157,CCGCCATCACCTGGTC
1175,AGCACTTAGGTACCGC,98427,AACATAGTCAAGCTTT
1176,AGCACTTAGTACTGGT,98468,AACATAGTCACAGATA
1177,AGCACTTAGTAGCGGG,98472,AACATAGTCTAACCGC
1178,AGCACTTAGTCCTTCA,98496,AACATAGTCTCAGCTA
1179,AGCAGGTAGACAACGA,98571,GTTGTCATCTTTAGCG
1180,AGCAGGTAGCGGCTGT,98675,GTTGTCATCAGCGATG
1181,AGCAGGTAGCTAAAGG,98680,GTTGTCATCGCTCAGT
1182,AGCAGGTAGGCACAGG,98756,GTTGTCATCGCTCAAC
1183,AGCATCCCAAACGCGA,98946,GGCTTGCGTCATGGTT
1184,AGCATCCCAAGGACCA,98995,GGCTTGCGTAACCGCC
1185,AGCATCCCAGTCTATG,99214,GGCTTGCGTTGACCAT
1186,AGCATTTCAACAACAA,99348,CCTTAGGGTTCAATTG
1187,AGCATTTCAAGGAATC,99378,CCTTAGGGTCAACCGC
1188,AGCATTTCAATCGCAC,99412,CCTTAGGGTTACAACC
1189,AGCATTTCACATAGCC,99456,CCTTAGGGTAATCCCG
1190,AGCATTTCAGCCAGTT,99540,CCTTAGGGTACGGTTT
1191,AGCCAGTGTATTGCAG,99785,CTAGGACCAAGGAAGT
1192,AGCCAGTGTGCACGCA,99894,CTAGGACCATAAGCAT
1193,AGCCAGTGTGCCTCAC,99899,CTAGGACCAATAGAGA
1194,AGCCAGTGTGTCCTGC,99936,CTAGGACCATAGGTGC
1195,AGCCAGTGTTAAGGTT,99963,CTAGGACCATTGTCCG
1196,AGCCGCTAGAACCTAC,100095,CTAGTTGTCATTAACC
1197,AGCCGCTAGCCGCAGT,100179,CTAGTTGTCAATTAGG
1198,AGCCGCTAGCCTGAGC,100188,CTAGTTGTCCTTCATC
1199,AGCCGCTAGTAAAGGT,100373,CTAGTTGTCTAAGCGG
1200,AGCCGGTTCACAGCCA,100505,AGCTAACAGTAACACA
1201,AGCCGGTTCATTAGGC,100580,AGCTAACAGCTTGCTA
1202,AGCCGGTTCCAGCACA,100603,AGCTAACAGTAGGTTA
1203,AGCCGGTTCGTTAAGC,100766,AGCTAACAGCAAATCA
1204,AGCCTAAGTAACGGGA,100868,CTACATCCACTGGCAG
1205,AGCCTAAGTAACTACG,100870,CTACATCCAGCTCGAG
1206,AGCCTAAGTGCTCACC,101055,CTACATCCAAATAGCT
1207,AGCCTAAGTTACTTGC,101127,CTACATCCATCAGTAG
1208,AGCCTAAGTTAGTGAT,101143,CTACATCCACTAGCGG
1209,AGCCTCCGTCAAGTGC,101714,CTTGCTGCATCCGCTA
1210,AGCCTCCGTCATGAGC,101737,CTTGCTGCAAGGCCTG
1211,AGCCTCCGTGATGAGG,101802,CTTGCTGCAGTTAAAC
1212,AGCCTCCGTGGATTGC,101837,CTTGCTGCAGCACGAT
1213,AGCCTCCGTTATGTGG,101915,CTTGCTGCATCCTGTG
1214,AGCCTCCGTTCAAGCA,101918,CTTGCTGCAAGCCTCC
1215,AGCCTCCGTTGGTTAG,101960,CTTGCTGCAGCTAGCG
1216,AGCCTGGGTAAGGTCC,102022,AGCGGTTCAATTTGGG
1217,AGCCTGGGTAATAGCT,102026,AGCGGTTCATGAGCCG
1218,AGCCTGGGTGCATTAG,102194,AGCGGTTCAACCAACA
1219,AGCCTGGGTTCAAGAT,102299,AGCGGTTCAATTACCC
1220,AGCCTGGGTTCCGCAC,102308,AGCGGTTCATGAGGGA
1221,AGCGATTTCATTGCGG,102500,AGCTGGCAGGAAGTAG
1222,AGCGATTTCCGCAAGC,102551,AGCTGGCAGATTCCGC
1223,AGCGATTTCCTAAATG,102569,AGCTGGCAGATAACCA
1224,AGCGATTTCCTAAGGT,102572,AGCTGGCAGGCTTCAC
1225,AGCGATTTCGTTAAGC,102680,AGCTGGCAGCAAATCA
1226,AGCGCCTAGCATGCAT,102847,ATGTTGTTCCCAATTG
1227,AGCGCCTAGTAACTCA,103061,ATGTTGTTCCCTGGTG
1228,AGCGCTCAGATTGAGG,103204,GCTCAGTTCAAGCCAG
1229,AGCGCTCAGGCTGGCT,103385,GCTCAGTTCTCACAGC
1230,AGCGGACCAAACTCAT,103549,CGATTTAGTCAGTGCC
1231,AGCGGACCAACAGCCT,103567,CGATTTAGTCGATTAC
1232,AGCGGACCACAGAAAC,103662,CGATTTAGTGGGTAAC
1233,AGCGGACCACAGGGAC,103669,CGATTTAGTAAACCGA
1234,AGCGGACCAGATAGAC,103738,CGATTTAGTTAAAGGT
1235,AGCGGACCAGCTCAAC,103765,CGATTTAGTCACTATA
1236,AGCGGACCAGGAACTG,103772,CGATTTAGTCCGTTAG
1237,AGCGGACCATTAGGTT,103902,CGATTTAGTCCTTGAG
1238,AGCGGATAGCTTCCCG,104078,CCTTGTTTCATTCAGT
1239,AGCGGATAGGTCAAAG,104182,CCTTGTTTCCTTTAGG
1240,AGCGTGCTCATCCTCA,104390,GCTTATTAGAACAAGG
1241,AGCGTGCTCATTACGA,104411,GCTTATTAGGCACTAG
1242,AGCGTGCTCCTTAGTT,104523,GCTTATTAGACTCCGT
1243,AGCGTGCTCGCAATCG,104551,GCTTATTAGCCGCAAA
1244,AGCGTGCTCTAAATCG,104611,GCTTATTAGCTATTGT
1245,AGCTAAACAATGAATG,104783,CTTCATTGTCATCACG
1246,AGCTAAACAATTAACC,104788,CTTCATTGTATCGGCC
1247,AGCTAAACACAAGCCT,104806,CTTCATTGTTCATTGA
1248,AGCTAAACACTAAGTT,104865,CTTCATTGTTGCTTCC
1249,AGCTAAACATAATTGC,104989,CTTCATTGTTCTTAAG
1250,AGCTAAACATCGCTCC,105017,CTTCATTGTTTGAGCT
1251,AGCTAACTCACACAGT,105105,CTGAGTGAGTCCCGCA
1252,AGCTAACTCAGGTCCA,105142,CTGAGTGAGTCATCAT
1253,AGCTAACTCATTGCAA,105187,CTGAGTGAGGTTATAG
1254,AGCTAACTCGCAAACT,105317,CTGAGTGAGTTAGCTT
1255,AGCTAACTCTTAGCCC,105436,CTGAGTGAGTCTTAGT
1256,AGCTACGTCACCTGTC,105499,ATAATCGAGTGTGGTG
1257,AGCTACGTCCCTTGCG,105620,ATAATCGAGCTTGTTG
1258,AGCTACGTCGCTAGTG,105717,ATAATCGAGGTCGAGC
1259,AGCTACGTCTTGCTAT,105834,ATAATCGAGCCATCAC
1260,AGCTACTAGAAACTGG,105845,AATTGGATCGATATGA
1261,AGCTACTAGCCTCTGT,105940,AATTGGATCGCGTTAC
1262,AGCTACTAGCGCTCAA,105960,AATTGGATCGCTTGTA
1263,AGCTACTAGTCACTCC,106159,AATTGGATCGCGATAG
1264,AGCTACTAGTTCCCAC,106209,AATTGGATCAGCATGG
1265,AGCTAGTTCAGCATTA,106285,TTTAACCAGCGAAGTT
1266,AGCTAGTTCGATTATG,106465,TTTAACCAGGAACAAG
1267,AGCTAGTTCTCCATAT,106563,TTTAACCAGCAATTGA
1268,AGCTAGTTCTGTAAGC,106578,TTTAACCAGTTAACCT
1269,AGCTATATCGGGCCAT,106883,TCAATGAAGCATATTC
1270,AGCTATATCTACTAAG,106930,TCAATGAAGAAGGACA
1271,AGCTATATCTTGGACG,106987,TCAATGAAGAATCACA
1272,AGCTCATAGAACCTGT,107002,TAGCTGCTCGTTATGT
1273,AGCTCATAGATAACCC,107037,TAGCTGCTCATTTAGC
1274,AGCTCATAGCATGGTT,107072,TAGCTGCTCATCCTCT
1275,AGCTCATAGCTGTCAG,107144,TAGCTGCTCGCGAGTA
1276,AGCTCATAGGCGAATA,107210,TAGCTGCTCCTGCAAC
1277,AGCTCATAGGTGTCCA,107269,TAGCTGCTCCTCACGG
1278,AGCTGCTCAAACTAAG,107388,CCAGTATGTTACCCAG
1279,AGCTGCTCAAATACCT,107399,CCAGTATGTCAATGAG
1280,AGCTGCTCAATAGCCC,107459,CCAGTATGTTGAAGCA
1281,AGCTGCTCACAGAACG,107503,CCAGTATGTATTCAGC
1282,AGCTGCTCACCTAAGC,107528,CCAGTATGTATCGCTG
1283,AGCTGCTCAGTCTAAT,107652,CCAGTATGTTAGTACC
1284,AGCTTAATCATAGCCG,107841,TCGAAGTAGGAGCAAA
1285,AGCTTAATCATGGTGT,107861,TCGAAGTAGCGGTCAA
1286,AGCTTAATCCTGATGG,107969,TCGAAGTAGTAGTTAG
1287,AGCTTAATCCTTAAGA,107976,TCGAAGTAGCCAAACG
1288,AGCTTAATCGGTTACG,108041,TCGAAGTAGGACTTAA
1289,AGCTTAATCGGTTCCT,108043,TCGAAGTAGGCTCAAG
1290,AGCTTAATCGTCAAGT,108049,TCGAAGTAGCTTCTCT
1291,AGCTTAATCGTTCACC,108063,TCGAAGTAGCAACAAC
1292,AGCTTAATCTGGTCCT,108113,TCGAAGTAGTCAACAA
1293,AGCTTAATCTGTGAGT,108116,TCGAAGTAGGTATTTC
1294,AGCTTCCTCACCGGTA,108185,TTGTCCAAGCCTTAAT
1295,AGCTTCCTCATGCTTT,108242,TTGTCCAAGTGAGGCC
1296,AGCTTCCTCCAGCACA,108277,TTGTCCAAGTAGGTTA
1297,AGCTTCCTCCCTGTTA,108307,TTGTCCAAGCCAGTAG
1298,AGCTTCCTCCTGGTGA,108358,TTGTCCAAGACACGCA
1299,AGCTTGGTCGCAAACT,108773,TAGGCGCAGTTAGCTT
1300,AGCTTGGTCTTAAGTG,108889,TAGGCGCAGGTTATCT
1301,AGCTTTAAGAGGAGTC,108952,ATTCCTCTCTACTAAC
1302,AGCTTTAAGGGCTAAA,109158,ATTCCTCTCGCTAGAG
1303,AGCTTTAAGTCTTGAA,109247,ATTCCTCTCAGCTACC
1304,AGGAAACGTCATGAGC,109413,TAAGGCCCAAGGCCTG
1305,AGGAAACGTGTCCAGG,109527,TAAGGCCCAAAGGTAA
1306,AGGAAACGTTAGTGAT,109585,TAAGGCCCACTAGCGG
1307,AGGAAACGTTCCGGCT,109603,TAAGGCCCATGCCTGC
1308,AGGAACCAGCGAGGTG,109788,ACGGTTCTCCAATATC
1309,AGGAACCAGCTTAACA,109831,ACGGTTCTCCGTTAGC
1310,AGGAACCAGTTAGGCT,110039,ACGGTTCTCAAACTGA
1311,AGGAACCAGTTGTCAA,110056,ACGGTTCTCACCTGGT
1312,AGGACGTAGAACCTGT,110454,GTCAGGATCGTTATGT
1313,AGGACGTAGAGAGCCG,110476,GTCAGGATCTAGGAAC
1314,AGGACGTAGGCCTAAT,110658,GTCAGGATCCGCCTCT
1315,AGGACGTAGGGCCACT,110688,GTCAGGATCCAACCTA
1316,AGGACGTAGTTGGCCA,110820,GTCAGGATCCTTATGG
1317,AGGACTAAGACACTTA,110850,AACAACATCCTAAGCC
1318,AGGACTAAGCACGATT,110894,AACAACATCTAACTCG
1319,AGGACTAAGCTTCCCG,110986,AACAACATCATTCAGT
1320,AGGACTAAGGGTCCAC,111077,AACAACATCATAGCTT
1321,AGGACTAAGGGTGAAC,111079,AACAACATCCACTATG
1322,AGGAGCTAGCCGCAAC,111304,TAGCGAGTCTTTGGGC
1323,AGGAGCTAGGTGTTAC,111490,TAGCGAGTCGCAATCC
1324,AGGAGCTAGTGATTCA,111558,TAGCGAGTCTCACTTC
1325,AGGATATAGCATCCAG,111672,ACAGTAATCATCAGTT
1326,AGGATATAGCTTAGTA,111752,ACAGTAATCCGCTAAC
1327,AGGATATAGGACAATG,111770,ACAGTAATCGAGGAGG
1328,AGGATATAGGAGGTTA,111786,ACAGTAATCTAAATCC
1329,AGGATATAGTGAAGTG,111935,ACAGTAATCCTGATAT
1330,AGGATCCGTATACTGG,112053,TGAGGTCCACAGCAAC
1331,AGGATCCGTCCGTAGG,112111,TGAGGTCCATCAGGTA
1332,AGGATCCGTTCGCTCA,112293,TGAGGTCCAGGTGAGA
1333,AGGATGCAGACAACGA,112381,GCAAATATCTTTAGCG
1334,AGGATGCAGCACAGAA,112424,GCAAATATCTTAAGGA
1335,AGGATGCAGGCCTGGT,112577,GCAAATATCCTTGCAA
1336,AGGATGTCACTCAACA,112927,GAAATACGTTAACCAC
1337,AGGATGTCAGGCGAGT,112997,GAAATACGTAACCTAC
1338,AGGATGTCAGGTTCAC,113012,GAAATACGTCCTGACA
1339,AGGATGTCATGCATAT,113089,GAAATACGTAATGGTG
1340,AGGATGTCATTGTGTG,113131,GAAATACGTTAAAGCG
1341,AGGATTGAGCACAGCC,113193,CATGGCTTCCTCAGTA
1342,AGGATTGAGCGCTCAA,113250,CATGGCTTCGCTTGTA
1343,AGGATTGAGCTCCTTA,113273,CATGGCTTCGAAGCAT
1344,AGGATTGAGGACGTAA,113311,CATGGCTTCCTGTGAC
1345,AGGATTGAGGCTACTG,113359,CATGGCTTCCTTGAGC
1346,AGGATTGAGTTATCTC,113495,CATGGCTTCGCAATTT
1347,AGGCAATCAAACCCTA,113521,CTGGTCAGTAACAGGC
1348,AGGCAATCAAACTGTT,113529,CTGGTCAGTTTGTTGA
1349,AGGCAATCAACTGGCT,113560,CTGGTCAGTCTTGACG
1350,AGGCAATCAATAAGCA,113592,CTGGTCAGTTAACGGA
1351,AGGCAATCAATTTGGT,113624,CTGGTCAGTTTGAGTC
1352,AGGCAATCATAAGGAC,113807,CTGGTCAGTACAATGG
1353,AGGCAGGTCAAGCTTA,113915,TGCAATAAGCAGCCAA
1354,AGGCAGGTCCAAGTTA,114024,TGCAATAAGCTAATAG
1355,AGGCAGGTCCAGCACA,114031,TGCAATAAGTAGGTTA
1356,AGGCCCAGTAGGTTAT,114347,CCCTCAACATTATCTG
1357,AGGCCCAGTAGGTTGC,114348,CCCTCAACAATAAACC
1358,AGGCCCAGTCACCTAT,114385,CCCTCAACATCAGGAC
1359,AGGCCCAGTCAGGCAT,114390,CCCTCAACAACCTCGC
1360,AGGCCCAGTCTTGCAT,114443,CCCTCAACAGAATCTG
1361,AGGCCCAGTGTTGTGA,114527,CCCTCAACATGAAGCC
1362,AGGCCCAGTTAAGCCA,114537,CCCTCAACAATCTGGA
1363,AGGCCCAGTTAATGAC,114544,CCCTCAACATGCTGGG
1364,AGGCCCAGTTTCCGGC,114650,CCCTCAACACCGTTCA
1365,AGGCGGATCCCGAACA,114809,GGTCAATAGGTCCCTG
1366,AGGCGGATCCTAGTAA,114858,GGTCAATAGTGCTCCG
1367,AGGCGGATCGCTAGCA,114924,GGTCAATAGCCAGGAC
1368,AGGCGGATCGGTTAGT,114946,GGTCAATAGTCATGAA
1369,AGGCGGATCTAGCTAA,114989,GGTCAATAGGAGGGTG
1370,AGGCGGATCTATCGCC,114991,GGTCAATAGGCTAATA
1371,AGGCGGATCTTGCTAT,115042,GGTCAATAGCCATCAC
1372,AGGCTAAAGCCACAAT,115135,TACCCGGTCGATCCGT
1373,AGGCTAAAGCGCATTG,115164,TACCCGGTCAAACCGG
1374,AGGCTAAAGGGCTAAA,115294,TACCCGGTCGCTAGAG
1375,AGGCTAAAGTAAGAAC,115342,TACCCGGTCCTTCAAG
1376,AGGCTAAAGTCAATCA,115361,TACCCGGTCCACGTTA
1377,AGGCTAAAGTCGCTAG,115379,TACCCGGTCCATCAGC
1378,AGGCTAAAGTTGCGTG,115422,TACCCGGTCATAGCGG
1379,AGGCTAGCAGCCAGAA,115651,GTCGCTAGTGGTTCTG
1380,AGGGCCTTCGATTATG,116057,CACCTTAAGGAACAAG
1381,AGGGCCTTCGCTAGAT,116075,CACCTTAAGAATGACC
1382,AGGGCCTTCGCTATAA,116078,CACCTTAAGGATTGAC
1383,AGGGCCTTCGTTAAGC,116112,CACCTTAAGCAAATCA
1384,AGGGCCTTCTATCGCC,116143,CACCTTAAGGCTAATA
1385,AGGGCTACAAGCGAGC,116252,TGTTCCCGTGAGTCCC
1386,AGGGCTACAATAGCAA,116282,TGTTCCCGTCCTCACT
1387,AGGGCTACACAACCTA,116317,TGTTCCCGTAACCTCG
1388,AGGGCTACAGTAGCCT,116472,TGTTCCCGTTGCTCAG
1389,AGGGCTACATCCCGCT,116524,TGTTCCCGTGTGAGTA
1390,AGGGTTGCAAGTGTTT,116658,CATTATGGTGATGCAA
1391,AGGGTTGCACATTAAC,116722,CATTATGGTTCACGCA
1392,AGGGTTGCACCTAAGC,116736,CATTATGGTATCGCTG
1393,AGGTAACCACTTGTTC,117160,ACCGCTAGTGGTTACT
1394,AGGTACGCAATATAGG,117438,ATGCAAGGTTACGTAC
1395,AGGTACGCAGTTGCGT,117636,ATGCAAGGTGAACGGT
1396,AGGTATTGTCTAACAG,117890,GTTCCCACAGGATGTC
1397,AGGTATTGTGTAACCA,117963,GTTCCCACATAGCATG
1398,AGGTATTGTTGGCCGA,118072,GTTCCCACAAACCTAG
1399,AGGTCAAAGCCGCAAC,118210,CCTCACCTCTTTGGGC
1400,AGGTCAAAGCTGGACC,118266,CCTCACCTCCGCACCA
1401,AGGTCAAAGTTTGAGC,118502,CCTCACCTCAAATCCT
1402,AGGTCATTCAGCATTA,118563,ACTCGCTAGCGAAGTT
1403,AGGTCATTCGCTTCTA,118768,ACTCGCTAGGATTGGT
1404,AGGTCATTCGTTACTT,118800,ACTCGCTAGGGACTTG
1405,AGGTCATTCTGTTGCC,118862,ACTCGCTAGAGGAACA
1406,AGGTCCGGTCCGGTTC,119016,ACGTTTCCAAGTAAAG
1407,AGGTCCGGTGAATCGC,119054,ACGTTTCCAAATACCG
1408,AGGTCCGGTGTAACCA,119113,ACGTTTCCATAGCATG
1409,AGGTCCGGTTCCTGTG,119197,ACGTTTCCAAACATGT
1410,AGGTCTTAGACAACGA,119287,CCCAATATCTTTAGCG
1411,AGGTCTTAGAGGAAGG,119306,CCCAATATCGCATTGC
1412,AGGTCTTAGGGCCACT,119512,CCCAATATCCAACCTA
1413,AGGTCTTAGTGACCTG,119608,CCCAATATCTAGGCGA
1414,AGGTGAATCACACAGT,119685,AGCGGTCAGTCCCGCA
1415,AGGTGAATCATTGTTC,119770,AGCGGTCAGGAGGTAA
1416,AGGTGAATCCCAGTAG,119794,AGCGGTCAGGCACAAT
1417,AGGTGAATCCTAAGGT,119840,AGCGGTCAGGCTTCAC
1418,AGGTGAATCCTCAGCT,119851,AGCGGTCAGTAAAGCC
1419,AGGTGAATCCTTAAGA,119868,AGCGGTCAGCCAAACG
1420,AGGTGAATCGGTTTCC,119936,AGCGGTCAGTTTCTCC
1421,AGGTGAATCTAACCTT,119961,AGCGGTCAGCAAATTG
1422,AGGTGAGGTATTGTCC,120120,CAGGTTACATTAGTGG
1423,AGGTGAGGTGGGTACT,120256,CAGGTTACAATATCCC
1424,AGGTGAGGTTAGTTGG,120326,CAGGTTACAATAGCAT
1425,AGGTGAGGTTCACTGT,120337,CAGGTTACAATAGCCA
1426,AGGTGAGGTTCGGTAA,120352,CAGGTTACAAACAAAG
1427,AGGTTAACAAGACTCC,120466,AACGCTTGTATGGTGA
1428,AGGTTAACACAGCCTG,120548,AACGCTTGTATTGAGG
1429,AGGTTAACACCTAATG,120571,AACGCTTGTTACTAGC
1430,AGGTTAACAGAACCGA,120614,AACGCTTGTTAATCGC
1431,AGGTTAACAGGCCAAA,120666,AACGCTTGTTGAGGTA
1432,AGGTTAACAGTCTATG,120696,AACGCTTGTTGACCAT
1433,AGGTTACTCAAACTCA,120810,GCTACCTAGTAACGTA
1434,AGGTTACTCCGCCTAT,120973,GCTACCTAGCTTGCAC
1435,AGGTTACTCCGGTTAG,120980,GCTACCTAGGGTCCAA
1436,AGGTTACTCGTTAACA,121097,GCTACCTAGAAACCGT
1437,AGGTTACTCTCGCCTG,121147,GCTACCTAGCTTTAAC
1438,AGGTTACTCTGTGCAG,121159,GCTACCTAGCGGTTAG
1439,AGGTTAGAGCCGGTAC,121282,GATTGCCTCCTACTAG
1440,AGGTTAGAGCTACTGG,121318,GATTGCCTCGTGATGG
1441,AGGTTAGAGCTTTGTT,121348,GATTGCCTCAAATCAG
1442,AGGTTAGAGTCATGCG,121509,GATTGCCTCACAAAGC
1443,AGGTTGCGTTCACCCA,121870,GGATTATCAGCTAACA
1444,AGGTTGCGTTCGCGCT,121882,GGATTATCAATCATGG
1445,AGGTTGCGTTTATTCG,121935,GGATTATCATATGGTG
1446,AGGTTTATCACTCAAA,122004,AGAACCTAGGTGCGTA
1447,AGGTTTATCATGTGGT,122056,AGAACCTAGTGGCGGT
1448,AGGTTTATCGCTAGAT,122211,AGAACCTAGAATGACC
1449,AGGTTTATCTAGCTTT,122278,AGAACCTAGGGAGTAA
1450,AGGTTTGGTATACTGG,122409,AATGACTCACAGCAAC
1451,AGGTTTGGTATTGGAT,122418,AATGACTCATTACTGC
1452,AGGTTTGGTCATTACC,122456,AATGACTCAGTTGGCG
1453,AGGTTTGGTGACCTGG,122507,AATGACTCATAGCTTC
1454,AGGTTTGGTGCGCAAT,122532,AATGACTCATAAGCCA
1455,AGGTTTGGTGCTGTAA,122541,AATGACTCATAACCAG
1456,AGGTTTGGTTAGGTGC,122622,AATGACTCAGGTGACT
1457,AGTAAACAGTAACAGG,123006,CAGGGACTCGCTTCAA
1458,AGTAAACAGTGAGGGT,123062,CAGGGACTCGCAACCT
1459,AGTAACACAATTGACT,123208,GCTATTAGTAAGGTGC
1460,AGTAACACACAAACTT,123213,GCTATTAGTCAATACC
1461,AGTAACACAGCATTAT,123320,GCTATTAGTTGAGGGT
1462,AGTAACACAGCCGCTA,123323,GCTATTAGTGTCCGTA
1463,AGTAACACAGTTGCGT,123386,GCTATTAGTGAACGGT
1464,AGTAACCTCGGCTATG,123757,TAGATTGAGTGGCTTC
1465,AGTAACCTCTAAGTCA,123799,TAGATTGAGCACTAAA
1466,AGTAACCTCTACCTGC,123807,TAGATTGAGCATCTAT
1467,AGTAACCTCTCGACCT,123829,TAGATTGAGTATTTGC
1468,AGTAACCTCTTAGGGT,123853,TAGATTGAGCATTAAG
1469,AGTAACGAGCCTGTTC,123976,GGTTGCTTCGACATTT
1470,AGTAACGAGCGGATAA,123991,GGTTGCTTCCTCCCAC
1471,AGTAACGAGCTAATTG,124001,GGTTGCTTCCTAGTGC
1472,AGTAACGAGGCTAATC,124097,GGTTGCTTCCGTCCAG
1473,AGTAACGAGGGACTAA,124110,GGTTGCTTCCGCCTAG
1474,AGTAACGAGGTTTGCG,124155,GGTTGCTTCAGCCTTA
1475,AGTAAGTAGATAACCC,124299,ATGCGGATCATTTAGC
1476,AGTAAGTAGGCGGATG,124477,ATGCGGATCTAACTAC
1477,AGTAAGTAGGTCCTAG,124521,ATGCGGATCCTCAAGC
1478,AGTAATCGTAAGGTCC,124658,TCACTCGCAATTTGGG
1479,AGTAATCGTCAATACG,124733,TCACTCGCACGCGCAA
1480,AGTAATCGTCGCAAAC,124784,TCACTCGCAGGATAAA
1481,AGTAATCGTGCATTAG,124830,TCACTCGCAACCAACA
1482,AGTAATCGTTGCGGAT,124968,TCACTCGCATCCCAAT
1483,AGTAATGCACAAAGGT,125134,TAGGTAGGTCACACCA
1484,AGTAATGCACAATGTT,125141,TAGGTAGGTTAAAGAC
1485,AGTAATGCACCTCGCT,125179,TAGGTAGGTTGGGTTT
1486,AGTAATGCACCTGGTG,125182,TAGGTAGGTTAATCCA
1487,AGTAATGCACTCAACA,125201,TAGGTAGGTTAACCAC
1488,AGTAATGCAGAGGCTA,125220,TAGGTAGGTAAGTGCA
1489,AGTAATGCAGCAGGTA,125234,TAGGTAGGTACCGTTG
1490,AGTAATGCAGGAACTG,125256,TAGGTAGGTCCGTTAG
1491,AGTAATGCAGGACACA,125259,TAGGTAGGTCAGGCTC
1492,AGTAATGCAGGACCTT,125261,TAGGTAGGTTGCTCTC
1493,AGTAATGCATAATCAC,125316,TAGGTAGGTAGGAGGA
1494,AGTAATGCATCGTTCT,125351,TAGGTAGGTTATTGTG
1495,AGTAATGCATGCAACC,125362,TAGGTAGGTTGGGCCT
1496,AGTAATGCATTAGCGC,125384,TAGGTAGGTACTGATC
1497,AGTACGCGTAGCTGGT,125465,CCTGGTCCAGGTTGCG
1498,AGTACGCGTCAATACG,125499,CCTGGTCCACGCGCAA
1499,AGTACGCGTCACGAAC,125508,CCTGGTCCATGAGGAG
1500,AGTACGCGTCATTGAG,125526,CCTGGTCCATGCTCCA
1501,AGTACGCGTTAGAGGG,125680,CCTGGTCCAAGGATGG
1502,AGTACGCGTTCCAGGG,125708,CCTGGTCCAAGCGCAT
1503,AGTACGCGTTGGTGAC,125743,CCTGGTCCATCAAGCA
1504,AGTACGCGTTTAGCGA,125763,CCTGGTCCACAGCACG
1505,AGTAGCTTCGTAATCA,126073,CACAGTGAGGTTGCGA
1506,AGTAGCTTCTAGCGTG,126110,CACAGTGAGCGCAACA
1507,AGTAGGATCATAATCG,126249,TGGACATAGCTCAAGG
1508,AGTAGGATCCGCCTAT,126341,TGGACATAGCTTGCAC
1509,AGTAGGATCTAAGTGC,126484,TGGACATAGCAATAGC
1510,AGTAGGATCTGTGCCT,126528,TGGACATAGAGGCTTG
1511,AGTATAGCAAACGGGC,126565,TCATGGTGTAGGTGAC
1512,AGTATAGCAAGCGAGC,126606,TCATGGTGTGAGTCCC
1513,AGTATAGCAAGGTGCA,126622,TCATGGTGTGCGTAAA
1514,AGTATAGCATAGCTTG,126864,TCATGGTGTGTGATGA
1515,AGTATAGCATTATGGT,126924,TCATGGTGTACTTACA
1516,AGTCAAGAGGACCTGC,127117,CTACTGATCGGTTAGG
1517,AGTCAAGAGGCAAGTA,127140,CTACTGATCTTGAATC
1518,AGTCAAGAGGCTAGAA,127168,CTACTGATCACAGCCT
1519,AGTCAAGAGGGTGGAT,127191,CTACTGATCATTGCGC
1520,AGTCAAGAGGTCCTAG,127205,CTACTGATCCTCAAGC
1521,AGTCAAGAGTAGGATG,127244,CTACTGATCTAGTTAC
1522,AGTCAAGAGTCAGGCC,127258,CTACTGATCAAGGTCG
1523,AGTCAAGAGTGGCGGA,127288,CTACTGATCCTGTTAG
1524,AGTCAAGAGTTTGCGG,127323,CTACTGATCTTGACCA
1525,AGTCAATGTACCGAAC,127360,GATCCAACACAAAGCC
1526,AGTCAATGTTAAATGC,127572,GATCCAACATTGTCTA
1527,AGTCAATGTTAGAGGG,127598,GATCCAACAAGGATGG
1528,AGTCAATGTTTGCGAA,127698,GATCCAACACCTGGCT
1529,AGTCAGGCACGGTACT,127872,TCTATGAGTGCAACGG
1530,AGTCAGGCAGGAACCA,127939,TCTATGAGTTATGTTG
1531,AGTCAGGCATTGTGAT,128086,TCTATGAGTGTAATGG
1532,AGTCCTGAGAAACTGG,128093,GGTTATTTCGATATGA
1533,AGTCCTGAGACAACGA,128107,GGTTATTTCTTTAGCG
1534,AGTCCTGAGACAGGTA,128112,GGTTATTTCATCAGCC
1535,AGTCCTGAGGCCCAGT,128300,GGTTATTTCAATCCAT
1536,AGTCCTGAGGGTGAGT,128340,GGTTATTTCACATAGA
1537,AGTCCTGAGGGTTAGA,128342,GGTTATTTCCAGCTAC
1538,AGTCCTTGTACCGTTT,128513,GGAGCAACAAATACGT
1539,AGTCCTTGTACGGGTT,128517,GGAGCAACAGGCTCCT
1540,AGTCCTTGTTTGAGGC,128846,GGAGCAACACCAAAGC
1541,AGTCGCATCGCACAAT,129102,GTGTGCAAGGCTAGCA
1542,AGTCGCATCGGTAACT,129130,GTGTGCAAGTTACGTT
1543,AGTCGCATCTAAGTGC,129168,GTGTGCAAGCAATAGC
1544,AGTCGCATCTTAGTGA,129223,GTGTGCAAGTGGACCA
1545,AGTCTTGCAATAATCC,129317,CTAACCGGTAGGTTCT
1546,AGTCTTGCAATAGCCC,129321,CTAACCGGTTGAAGCA
1547,AGTCTTGCAATTAGCT,129340,CTAACCGGTCCAAATC
1548,AGTCTTGCACTAAGCC,129414,CTAACCGGTTAGGCGG
1549,AGTCTTGCAGGCTACT,129492,CTAACCGGTTTGTAGC
1550,AGTCTTGCAGTAAGTA,129507,CTAACCGGTGAACCGG
1551,AGTGAACCAAAGCTAA,129641,GCTGTTGGTTTCCAGG
1552,AGTGAACCACTAGCGT,129800,GCTGTTGGTGCTCACA
1553,AGTGAACCACTCAACA,129803,GCTGTTGGTTAACCAC
1554,AGTGAACCAGTCTAGC,129899,GCTGTTGGTATAGTGG
1555,AGTGAACCATTGTGTG,130007,GCTGTTGGTTAAAGCG
1556,AGTGAGTCAACTGGCT,130052,GCATTGTGTCTTGACG
1557,AGTGAGTCAGTCTAGC,130283,GCATTGTGTATAGTGG
1558,AGTGAGTCATGCTTAG,130352,GCATTGTGTCCAAGTT
1559,AGTGAGTCATTCCTCG,130378,GCATTGTGTTGGTGAA
1560,AGTGATGAGGACCTCA,130568,GCTTAGCTCAGGAATC
1561,AGTGATGAGGCGAATA,130608,GCTTAGCTCCTGCAAC
1562,AGTGCACGTAATGGAA,130805,TGGATCACAGGTTCTT
1563,AGTGCACGTAGGTGTC,130838,TGGATCACACGCCCAT
1564,AGTGCACGTATTTGCC,130860,TGGATCACACCTAACT
1565,AGTGCACGTGCTGGTG,130978,TGGATCACAAGTGCAC
1566,AGTGCACGTTATAGCG,131065,TGGATCACATTCAGGA
1567,AGTGCACGTTGAGCCG,131095,TGGATCACAGCAAATT
1568,AGTGCACGTTGCCTCA,131102,TGGATCACAGGTTACA
1569,AGTGCCGGTATTGGAT,131238,TCTAGCTCATTACTGC
1570,AGTGCCGGTCATAGAT,131269,TCTAGCTCACCATGCC
1571,AGTGCCGGTCCTAACT,131289,TCTAGCTCACCTTCAG
1572,AGTGCCGGTGTGCAAC,131391,TCTAGCTCACGTAGCG
1573,AGTGCCGGTTATAGCG,131447,TCTAGCTCATTCAGGA
1574,AGTGCCGGTTATGTGG,131451,TCTAGCTCATCCTGTG
1575,AGTGCGGAGACACTTA,131560,GTTGTTGTCCTAAGCC
1576,AGTGCGGAGGTCGATT,131808,GTTGTTGTCTCTCGCC
1577,AGTGCGGAGTAACAGG,131826,GTTGTTGTCGCTTCAA
1578,AGTGCGGAGTGAAGTG,131877,GTTGTTGTCCTGATAT
1579,AGTGGACAGCATGGTT,132002,GGTTGGATCATCCTCT
1580,AGTGGACAGCGATACT,132035,GGTTGGATCAGCTATT
1581,AGTGGACAGCTTGCTC,132082,GGTTGGATCCTAATCG
1582,AGTGGACAGGATTGCT,132121,GGTTGGATCAGGTAAC
1583,AGTGGACAGGCTGGCT,132155,GGTTGGATCTCACAGC
1584,AGTGGACAGGCTGTCA,132156,GGTTGGATCTTGCAGC
1585,AGTGGACAGTCCTTCA,132250,GGTTGGATCTCAGCTA
1586,AGTGTGGCAAGCGAGC,132358,GCATTTAGTGAGTCCC
1587,AGTGTGGCACTTCACT,132496,GCATTTAGTGCGTACC
1588,AGTGTGGCAGGCTGTT,132562,GCATTTAGTTCATTCT
1589,AGTGTTTCATTGGGAG,133069,TTACCTTGTGTCCACA
1590,AGTTACATCATTACTC,133182,GTGGACCAGGGTTAAC
1591,AGTTACTCAATTAACC,133558,CATCCAGGTATCGGCC
1592,AGTTACTCACCTAAGC,133610,CATCCAGGTATCGCTG
1593,AGTTACTCAGTTATGT,133741,CATCCAGGTTTGCAGT
1594,AGTTACTCATCACAGC,133774,CATCCAGGTTCCTGGA
1595,AGTTACTCATCCCTCA,133783,CATCCAGGTTAAGTCC
1596,AGTTATGTCACAGACT,133876,CACGGTAAGCTTACTG
1597,AGTTATGTCGGTCAGC,134121,CACGGTAAGGCAATAC
1598,AGTTATGTCGTTAAGC,134138,CACGGTAAGCAAATCA
1599,AGTTATGTCTATCGCC,134169,CACGGTAAGGCTAATA
1600,AGTTATGTCTCTAGCC,134188,CACGGTAAGATTCCTG
1601,AGTTATGTCTGTGCCT,134200,CACGGTAAGAGGCTTG
1602,AGTTGCAGTAACAGGG,134235,GATTGATCAAACCCAA
1603,AGTTGCAGTAACTACG,134242,GATTGATCAGCTCGAG
1604,AGTTGCAGTAGCTAGC,134285,GATTGATCAATTGACG
1605,AGTTGCAGTCCTCCAA,134363,GATTGATCAGAGAGGC
1606,AGTTGCAGTTAGTACG,134514,GATTGATCAACAGGCT
1607,AGTTGCAGTTATGTGG,134521,GATTGATCATCCTGTG
1608,AGTTGCGTCACAGCCA,134643,CGGTAATAGTAACACA
1609,AGTTGCGTCACTTTAC,134663,CGGTAATAGGAACCTG
1610,AGTTGCGTCAGCAAAG,134665,CGGTAATAGTAATGCA
1611,AGTTGCGTCAGGCCTA,134675,CGGTAATAGGCCCTTG
1612,AGTTGCGTCATGGCTG,134708,CGGTAATAGGACGAAA
1613,AGTTGCGTCTGTTCAT,134967,CGGTAATAGTTAGTAG
1614,AGTTGGCGTGACCTGG,135163,CCGCACTCATAGCTTC
1615,AGTTGGCGTGCGCATG,135189,CCGCACTCACAACATG
1616,AGTTGTCAGCGGATAA,135495,GCCTTCCTCCTCCCAC
1617,AGTTTGATCAAGTGTC,135778,ATTACGAAGCAAGTCG
1618,AGTTTGATCAGTTCCC,135832,ATTACGAAGAGCAAGA
1619,AGTTTGATCCCTGTTA,135921,ATTACGAAGCCAGTAG
1620,AGTTTGATCCTGAATA,135965,ATTACGAAGTGGCTAG
1621,AGTTTGATCCTTCGTA,135979,ATTACGAAGAACCTAA
1622,AGTTTGCAGACTCGCA,136170,CTGGCCATCTAGGATA
1623,AGTTTGCAGCCTCTGT,136242,CTGGCCATCGCGTTAC
1624,AGTTTGCAGTTAGTTG,136505,CTGGCCATCTACCTGA
1625,ATAACGACAGCATGTC,136743,TTCGCCTGTTACTTAG
1626,ATAACGACAGGAATCG,136764,TTCGCCTGTATCCGTG
1627,ATAACGACAGGCCATT,136775,TTCGCCTGTGCATTTA
1628,ATAACGACAGGCTACT,136780,TTCGCCTGTTTGTAGC
1629,ATAACGACAGGTTAAA,136789,TTCGCCTGTTAACACC
1630,ATAACGACAGTAGCCT,136798,TTCGCCTGTTGCTCAG
1631,ATAACGACATGGCCCA,136874,TTCGCCTGTACTTCGG
1632,ATAACGACATGGTTAT,136876,TTCGCCTGTCATTATG
1633,ATAACGACATTCAGCA,136897,TTCGCCTGTAAGGGCT
1634,ATAAGCCTCATTTGTC,137031,ATGTTTCAGAATCGAC
1635,ATAAGCCTCGCCTGTT,137164,ATGTTTCAGCCTTCAA
1636,ATAAGCCTCTAATCTC,137227,ATGTTTCAGCTACCTA
1637,ATAAGCCTCTCCATAT,137249,ATGTTTCAGCAATTGA
1638,ATAAGCCTCTCCATGC,137250,ATGTTTCAGTTACATC
1639,ATAAGTCGTATTGTCC,137378,GAGGCTTCATTAGTGG
1640,ATAAGTCGTTAGACCA,137568,GAGGCTTCAGGAGGTA
1641,ATAATGGCAATTAGGA,137779,GGACCAGGTGGTTAAG
1642,ATAATGGCACATTGCA,137815,GGACCAGGTTAAGTGG
1643,ATAATGGCACCCTCAC,137824,GGACCAGGTAAGTGGC
1644,ATAATGGCAGTTATGT,137959,GGACCAGGTTTGCAGT
1645,ATAATGGCATCGCTCC,138005,GGACCAGGTTTGAGCT
1646,ATACCGGTCACAGACT,138094,ATTTACCAGCTTACTG
1647,ATACCGGTCGCATTAA,138312,ATTTACCAGCTAGTTT
1648,ATACCGGTCTAATTGG,138378,ATTTACCAGCTATCGC
1649,ATACCTGCAATAACGA,138521,CCTGTTCGTGCTGTTG
1650,ATACCTGCACTAGCGT,138622,CCTGTTCGTGCTCACA
1651,ATACCTGCAGCACGTT,138657,CCTGTTCGTCAGTAAG
1652,ATACCTGCAGGTTACC,138708,CCTGTTCGTATGTTTG
1653,ATACCTGCAGTTATCG,138726,CCTGTTCGTTTATTCC
1654,ATAGATGCAAAGGTAC,138850,CGTAGTTGTAGCTAAG
1655,ATAGATGCAACAGCCT,138859,CGTAGTTGTCGATTAC
1656,ATAGATGCAATTGCGC,138936,CGTAGTTGTACTAACC
1657,ATAGATGCACAACCTA,138945,CGTAGTTGTAACCTCG
1658,ATAGATGCACATGCTA,138965,CGTAGTTGTTTGACTA
1659,ATAGATGCACCAAAGG,138968,CGTAGTTGTTTCCAAA
1660,ATAGATGCACCTGCCT,138988,CGTAGTTGTATATTCG
1661,ATAGATGCACTAGCGT,139006,CGTAGTTGTGCTCACA
1662,ATAGATGCATTTAAGC,139215,CGTAGTTGTTCACTTT
1663,ATAGCATGTAACTACG,139228,CGGTGCACAGCTCGAG
1664,ATAGCATGTCACAGCG,139313,CGGTGCACACGCAATA
1665,ATAGCATGTGATTACG,139397,CGGTGCACAACCGCCT
1666,ATAGCATGTGCATTAG,139404,CGGTGCACAACCAACA
1667,ATAGGTACAATAGTCT,139678,TCCTGAGGTGTCCTGA
1668,ATAGGTACAATCCCTT,139683,TCCTGAGGTAACGTGA
1669,ATAGGTACACAAGCCT,139712,TCCTGAGGTTCATTGA
1670,ATAGGTACACCCACCT,139741,TCCTGAGGTCCAGCAC
1671,ATAGGTACACTTAACG,139781,TCCTGAGGTAAGTCCT
1672,ATAGGTACAGCTACGT,139822,TCCTGAGGTGAAACAT
1673,ATAGGTACATTGGGAG,139973,TCCTGAGGTGTCCACA
1674,ATATAGGCAAGGACCA,140037,CCCACTTGTAACCGCC
1675,ATATAGGCACCGGTAT,140128,CCCACTTGTCTTGAAC
1676,ATATAGGCACGGTACT,140146,CCCACTTGTGCAACGG
1677,ATATAGGCAGGTATTT,140239,CCCACTTGTTACGCCA
1678,ATATAGGCAGTAGGAT,140251,CCCACTTGTGGATGCG
1679,ATATGCATCACAAGCT,140394,CTGTTCAAGCTAACGG
1680,ATATGCATCACATTGA,140400,CTGTTCAAGAGAGCAA
1681,ATATGCATCGCTTCTA,140628,CTGTTCAAGGATTGGT
1682,ATATGCTCAATTAGCT,140848,CCAACTGGTCCAAATC
1683,ATATGCTCACAGCCAT,140875,CCAACTGGTACCTTGG
1684,ATATGCTCACATAGCC,140882,CCAACTGGTAATCCCG
1685,ATATGCTCATTGCAGC,141121,CCAACTGGTTGGTTTA
1686,ATATGGTGTCATAAGT,141242,CGGGCTACATGACCTT
1687,ATATGGTGTGAATCGC,141298,CGGGCTACAAATACCG
1688,ATATGGTGTGGGTGAA,141351,CGGGCTACAAGTATCG
1689,ATATGGTGTTAGGCTA,141415,CGGGCTACATTACCCG
1690,ATATGGTGTTGTTGCT,141480,CGGGCTACATGACATG
1691,ATATGGTGTTTACGTC,141487,CGGGCTACAATCGTGA
1692,ATATGTCCAATTAACC,141612,GACTAAGGTATCGGCC
1693,ATATGTCCACGTTACA,141685,GACTAAGGTTACAGCT
1694,ATATGTCCAGGAACAT,141746,GACTAAGGTGCGGTTC
1695,ATATGTCCATTGTTGG,141898,GACTAAGGTCACCAAT
1696,ATCAAGACAACCCTCC,141932,CTCACCTGTTCCATTT
1697,ATCAAGACAAGGCCAA,141957,CTCACCTGTGAATCGA
1698,ATCAAGACAAGGTACG,141960,CTCACCTGTCTAGCGC
1699,ATCAAGACAGCAACCT,142102,CTCACCTGTTCTGGCA
1700,ATCAAGACAGGCGATA,142148,CTCACCTGTGGATTGA
1701,ATCAAGCTCACAAGCT,142312,AATGACCAGCTAACGG
1702,ATCAAGCTCCTGATGG,142489,AATGACCAGTAGTTAG
1703,ATCAAGCTCTTAGTGA,142649,AATGACCAGTGGACCA
1704,ATCAATCCAAATACCT,142687,CTAGAAGGTCAATGAG
1705,ATCAATCCAATAGTCT,142748,CTAGAAGGTGTCCTGA
1706,ATCAATCCAATCCCTT,142753,CTAGAAGGTAACGTGA
1707,ATCAATCCAGCTTAGC,142897,CTAGAAGGTCTATCTT
1708,ATCAATCCATCCCGCT,142988,CTAGAAGGTGTGAGTA
1709,ATCACAATCATGACCG,143138,GCCCTTGAGTCAAGAC
1710,ATCACAATCCATAAGC,143186,GCCCTTGAGGAGCTTG
1711,ATCACAATCGACCTGA,143280,GCCCTTGAGTTTGACT
1712,ATCACAATCGAGGAAC,143283,GCCCTTGAGCGATGCA
1713,ATCACAATCGCTAGCA,143308,GCCCTTGAGCCAGGAC
1714,ATCACACAGAGAGCCG,143464,ACCTCCCTCTAGGAAC
1715,ATCACACAGGTCCAAT,143696,ACCTCCCTCCACAATT
1716,ATCACACAGTAAAGGT,143719,ACCTCCCTCTAAGCGG
1717,ATCACACAGTCCTTCA,143760,ACCTCCCTCTCAGCTA
1718,ATCACCCTCCCAGTAG,143958,TGAGCATAGGCACAAT
1719,ATCACCCTCGGGATTT,144090,TGAGCATAGCTTAGTT
1720,ATCACTAAGATAGACG,144247,GTCTAATTCATAATGG
1721,ATCACTAAGCAAGGTA,144260,GTCTAATTCAGCGGGT
1722,ATCACTAAGCATTTCT,144285,GTCTAATTCCAAATTC
1723,ATCACTAAGCCTGACA,144301,GTCTAATTCGACCTTA
1724,ATCACTAAGGTCATTA,144463,GTCTAATTCATTGAGA
1725,ATCACTAAGTGGCGGA,144550,GTCTAATTCCTGTTAG
1726,ATCAGGTTCACATTGA,144622,ATTAGTGAGAGAGCAA
1727,ATCAGGTTCCCTCGCA,144741,ATTAGTGAGCCGGTAA
1728,ATCAGGTTCCGGAACC,144758,ATTAGTGAGGATTTGA
1729,ATCAGGTTCTGCAAGT,144933,ATTAGTGAGTTTGAGA
1730,ATCAGGTTCTGGCAAT,144934,ATTAGTGAGGGTGGGA
1731,ATCATCAAGGCAAGTA,145170,TTGCGACTCTTGAATC
1732,ATCATCAAGTCATTGA,145293,TTGCGACTCATGATGA
1733,ATCATCAAGTGAACGA,145306,TTGCGACTCTGGATCC
1734,ATCATCAAGTTAGGCT,145329,TTGCGACTCAAACTGA
1735,ATCATGTCAACTAGAA,145394,AATACCCGTTAACTGC
1736,ATCCAACAGCACAGAA,145798,GTAACCCTCTTAAGGA
1737,ATCCAACAGCACAGGG,145800,GTAACCCTCCAATTGT
1738,ATCCAACAGCCTGACA,145837,GTAACCCTCGACCTTA
1739,ATCCAACAGTTCCCGT,146106,GTAACCCTCCTAATGT
1740,ATCCACCTCAAATCGC,146130,AGTGATCAGCGAGTTG
1741,ATCCACCTCAATCATG,146143,AGTGATCAGTACCGGA
1742,ATCCACCTCCGCATGA,146289,AGTGATCAGTCACTAT
1743,ATCCACCTCCTGAGTG,146328,AGTGATCAGGGTTATA
1744,ATCCACCTCGGGACCT,146392,AGTGATCAGCTGGATG
1745,ATCCATAAGACTTACA,146533,AACGGATTCGCTTGCG
1746,ATCCATAAGGAAGTAT,146675,AACGGATTCTTGCTCT
1747,ATCCATAAGGCTACTG,146733,AACGGATTCCTTGAGC
1748,ATCCATAAGGTCCAAT,146768,AACGGATTCCACAATT
1749,ATCCATAAGGTTTGCG,146789,AACGGATTCAGCCTTA
1750,ATCCATAAGTAACAGG,146792,AACGGATTCGCTTCAA
1751,ATCCATAAGTATTGTG,146816,AACGGATTCAGGAGCC
1752,ATCCATAAGTTTCCTG,146887,AACGGATTCACGGATG
1753,ATCCCGCGTAGCTGCG,146948,GGATCCGCAGGTTTGA
1754,ATCCCGCGTCTATCGT,147045,GGATCCGCAGTGAACC
1755,ATCCCGCGTTAGGCTA,147173,GGATCCGCATTACCCG
1756,ATCCCGCGTTCGGGAT,147203,GGATCCGCATGCATCT
1757,ATCCCGCGTTTGCGAA,147264,GGATCCGCACCTGGCT
1758,ATCCGTGAGAACAAGT,147278,CTCCTCATCGATTCAT
1759,ATCCGTGAGCGGATAA,147391,CTCCTCATCCTCCCAC
1760,ATCCGTGAGCTATTGA,147407,CTCCTCATCCAGGTGA
1761,ATCCGTGAGGCCCAGT,147482,CTCCTCATCAATCCAT
1762,ATCCGTGAGGTCGATT,147540,CTCCTCATCTCTCGCC
1763,ATCCGTGAGTTATGTG,147637,CTCCTCATCGACAAGT
1764,ATCCGTGAGTTTCCGC,147652,CTCCTCATCCCGCACA
1765,ATCCTCATCGGTCAAT,147932,AGGGTCCAGTTTACGT
1766,ATCCTCATCGTTATAG,147955,AGGGTCCAGGATAACC
1767,ATCCTCATCTTTGTAC,148042,AGGGTCCAGGTGGAAA
1768,ATCCTGACAATAAGCA,148116,GATAACGGTTAACGGA
1769,ATCCTGACACAACCTA,148155,GATAACGGTAACCTCG
1770,ATCCTGACACGTGCTG,148210,GATAACGGTTACTTCT
1771,ATCCTGACAGCCTTGG,148262,GATAACGGTTAAGGAT
1772,ATCCTGACAGTTAGCC,148319,GATAACGGTCCCTCTG
1773,ATCCTGACAGTTATCG,148320,GATAACGGTTTATTCC
1774,ATCCTGACATAAAGCA,148328,GATAACGGTAATAAGC
1775,ATCCTGACATCGTTCT,148369,GATAACGGTTATTGTG
1776,ATCCTTAGTACCCACC,148459,TCAGGACCACCTTCTC
1777,ATCCTTAGTCAATAGT,148518,TCAGGACCAGGGAGTA
1778,ATCCTTAGTTAGGACC,148704,TCAGGACCACGCTAGG
1779,ATCGAGGCAAACATAG,148810,CTAGGTTGTTGTTCTT
1780,ATCGAGGCAATTGACT,148910,CTAGGTTGTAAGGTGC
1781,ATCGAGGCACGGTACT,148972,CTAGGTTGTGCAACGG
1782,ATCGAGGCAGGTCCTG,149066,CTAGGTTGTCACGCAC
1783,ATCGAGGCAGGTTAAA,149067,CTAGGTTGTTAACACC
1784,ATCGAGGCATATTGAC,149118,CTAGGTTGTGCCGGAA
1785,ATCGAGGCATGTCAAT,149155,CTAGGTTGTTGCGAGG
1786,ATCGCCCGTACCGAAC,149226,GTAAGAACACAAAGCC
1787,ATCGCCCGTAGCCTCC,149245,GTAAGAACATGAGCTA
1788,ATCGCCCGTATACTGG,149261,GTAAGAACACAGCAAC
1789,ATCGCCCGTCCTTCTC,149329,GTAAGAACAATTAGCG
1790,ATCGCCCGTCTTACTA,149348,GTAAGAACAAGCTATG
1791,ATCGCCCGTGATGGCT,149372,GTAAGAACATTCATTG
1792,ATCGCCCGTGCCTCAC,149383,GTAAGAACAATAGAGA
1793,ATCGCCCGTGTTGCTT,149431,GTAAGAACATACTTGC
1794,ATCGCCCGTTAGCTGA,149469,GTAAGAACAACGGTAC
1795,ATCGCCCGTTCATCTA,149490,GTAAGAACAGGTAAGG
1796,ATCGCCCGTTCGCGCT,149500,GTAAGAACAATCATGG
1797,ATCGCTTGTGATTTGG,149756,ATCAGGCCACTAAGGC
1798,ATCGGCCAGCAGGTGG,150026,GCAATAATCGCGACTT
1799,ATCGGCCAGCCGCTTT,150047,GCAATAATCCTGGATC
1800,ATCGGCCAGCTGTCAG,150104,GCAATAATCGCGAGTA
1801,ATCGGCCAGCTTAACA,150105,GCAATAATCCGTTAGC
1802,ATCGGCCAGGCCCAGT,150164,GCAATAATCAATCCAT
1803,ATCGGCCAGTGTGATC,150303,GCAATAATCGCTTTAG
1804,ATCTATGAGAGAGGCT,150370,TTTCTTGTCATGTTGT
1805,ATCTATGAGTGCTGTG,150684,TTTCTTGTCAACCGGA
1806,ATCTATGAGTTAACCA,150690,TTTCTTGTCGCTATAT
1807,ATCTATGAGTTACCGG,150691,TTTCTTGTCCCTGATA
1808,ATCTTTGGTCGACTAA,150864,GACCGTGCAGTTTCTA
1809,ATGAAGCCACCTAAGC,151254,ACTTAGCGTATCGCTG
1810,ATGAAGCCAGCGCTTG,151327,ACTTAGCGTGGACAAC
1811,ATGAAGTAGACAGGCG,151509,GTGCTTATCACTATGT
1812,ATGAAGTAGCAGGTGG,151560,GTGCTTATCGCGACTT
1813,ATGAAGTAGGAGCAAC,151670,GTGCTTATCCTAAATC
1814,ATGAAGTAGGCATTGT,151695,GTGCTTATCCTTCGGG
1815,ATGAAGTAGTGCTGTG,151834,GTGCTTATCAACCGGA
1816,ATGAATGCAGGAACTG,152106,GGAGTCGGTCCGTTAG
1817,ATGAATGCATTGTGAT,152252,GGAGTCGGTGTAATGG
1818,ATGACAACAAGGGTTG,152316,GCTTAACGTCCTCCTG
1819,ATGACAACACCTATAG,152410,GCTTAACGTAACGAGC
1820,ATGACAACAGAGAGCC,152453,GCTTAACGTAGCTGTT
1821,ATGACAACAGTAAGTA,152523,GCTTAACGTGAACCGG
1822,ATGACAACATATAACC,152567,GCTTAACGTTAGGCTT
1823,ATGACAACATGACTAT,152592,GCTTAACGTTAGCTCG
1824,ATGACAACATTATGGT,152624,GCTTAACGTACTTACA
1825,ATGACAACATTGGGAG,152633,GCTTAACGTGTCCACA
1826,ATGACCAGTACCCACC,152675,ATTGTGGCACCTTCTC
1827,ATGACCAGTCACACCC,152737,ATTGTGGCAAGCCATA
1828,ATGACCAGTCCTCCAA,152775,ATTGTGGCAGAGAGGC
1829,ATGACCAGTGATGAAA,152819,ATTGTGGCATTAGCCT
1830,ATGACCAGTTTAGCGA,152997,ATTGTGGCACAGCACG
1831,ATGACGAAGACAACAG,153038,AATTCGTTCAACAACA
1832,ATGACGAAGCATGACT,153098,AATTCGTTCGTGCTGT
1833,ATGACGAAGGAATAAC,153192,AATTCGTTCTAGTTGT
1834,ATGACGAAGGCTGTGC,153255,AATTCGTTCCGCTGTG
1835,ATGACGAAGTTAACCA,153374,AATTCGTTCGCTATAT
1836,ATGACTCAGCATGTCG,153485,GAGGCTATCCCTCGTC
1837,ATGACTCAGGTCGATT,153674,GAGGCTATCTCTCGCC
1838,ATGACTCAGTCTCACC,153737,GAGGCTATCGCGCAAA
1839,ATGAGCCGTCCTTCTC,153929,GGGAACACAATTAGCG
1840,ATGAGCCGTCTCAGCC,153947,GGGAACACAACAAAGA
1841,ATGAGCCGTGACATAT,153957,GGGAACACATGGTGAC
1842,ATGATGACAGGCCAAA,154418,CAGCCTAGTTGAGGTA
1843,ATGATGGAGAACAAGT,154562,CCTTTGTTCGATTCAT
1844,ATGATGGAGCACTAGT,154623,CCTTTGTTCCGCCATG
1845,ATGATGGAGCCTTAAA,154661,CCTTTGTTCTGGTCTA
1846,ATGATGGAGGTAACGA,154810,CCTTTGTTCATGCGGA
1847,ATGATGGAGTTGTCAA,154932,CCTTTGTTCACCTGGT
1848,ATGCAAACAGCAACAG,155143,TTATCGAGTAATCCAC
1849,ATGCAAACAGCATTAT,155156,TTATCGAGTTGAGGGT
1850,ATGCAAACATAGCTTG,155248,TTATCGAGTGTGATGA
1851,ATGCAGGCAATATAGG,155408,AGGTTAGGTTACGTAC
1852,ATGCAGGCAGCAAGAT,155529,AGGTTAGGTTTACTGA
1853,ATGCAGGCATGTGGGA,155676,AGGTTAGGTGCTTCTC
1854,ATGCAGGCATTGTCCT,155703,AGGTTAGGTCCTTAGG
1855,ATGCATTCACAACAGG,155822,GAAGTCAGTATTGCGT
1856,ATGCATTCACATTGCA,155845,GAAGTCAGTTAAGTGG
1857,ATGCATTCACCTATAG,155862,GAAGTCAGTAACGAGC
1858,ATGCATTCAGGCGATA,155958,GAAGTCAGTGGATTGA
1859,ATGCATTCATGGCCTG,156055,GAAGTCAGTTCCGGAC
1860,ATGCCTGAGCGATACT,156203,GCGTGTTTCAGCTATT
1861,ATGCCTGAGCTTACTT,156244,GCGTGTTTCGCACACT
1862,ATGCCTGAGGTTAGAG,156371,GCGTGTTTCAATCGTT
1863,ATGCCTGAGTGAACAG,156426,GCGTGTTTCCGCAATC
1864,ATGCCTGAGTTCCTCA,156461,GCGTGTTTCCTTAGTG
1865,ATGCCTGAGTTTGGGT,156476,GCGTGTTTCATAACGA
1866,ATGCGATTCCCAGTAG,156616,TAATGCAAGGCACAAT
1867,ATGCTTAAGACAAGTG,156878,CATTAGTTCCTCACTT
1868,ATGCTTAAGCTCATAA,156998,CATTAGTTCCCTGTGG
1869,ATGCTTAAGGAAGCTA,157028,CATTAGTTCCTTTGAG
1870,ATGCTTAAGGACCTTG,157038,CATTAGTTCCACTAAT
1871,ATGCTTAAGGCTACTG,157087,CATTAGTTCCTTGAGC
1872,ATGCTTAAGGTCCGTA,157124,CATTAGTTCTAATCAC
1873,ATGCTTAAGTAACGAG,157149,CATTAGTTCTATCGGC
1874,ATGCTTAAGTTTGGGT,157244,CATTAGTTCATAACGA
1875,ATGGACAAGCACAGCC,157305,TGATGAATCCTCAGTA
1876,ATGGACAAGCATCCAG,157318,TGATGAATCATCAGTT
1877,ATGGACAAGCATGGTT,157322,TGATGAATCATCCTCT
1878,ATGGACAAGCGATACT,157355,TGATGAATCAGCTATT
1879,ATGGACAAGCGGCTGT,157365,TGATGAATCAGCGATG
1880,ATGGACAAGCTTTGTT,157404,TGATGAATCAAATCAG
1881,ATGGACAAGGCTAATC,157469,TGATGAATCCGTCCAG
1882,ATGGACAAGGGTTATC,157497,TGATGAATCGTCCTAA
1883,ATGGACAAGTAACCCG,157532,TGATGAATCCGTAATT
1884,ATGGACAAGTGAACAG,157578,TGATGAATCCGCAATC
1885,ATGGCCCAGAACAAGT,157634,CCATAGCTCGATTCAT
1886,ATGGCCCAGCGCCTAA,157743,CCATAGCTCTTGGACC
1887,ATGGCCCAGTAAGTCC,157922,CCATAGCTCCTAGGTC
1888,ATGGCCGGTAGCTGGT,158071,AGCTTCTCAGGTTGCG
1889,ATGGCCGGTCAATAGT,158106,AGCTTCTCAGGGAGTA
1890,ATGGCCGGTGTCACGG,158239,AGCTTCTCATAGCTAG
1891,ATGGCCGGTTACTTCA,158282,AGCTTCTCATAAACCG
1892,ATGGCCGGTTCACCCA,158310,AGCTTCTCAGCTAACA
1893,ATGGCCGGTTGCTTCG,158343,AGCTTCTCAGAGAGCA
1894,ATGGCTAGTAAATTGC,158400,GGCAATCCACCTTCCT
1895,ATGGCTAGTCGCGCAA,158541,GGCAATCCAGCCGGTA
1896,ATGGCTAGTGACATGC,158562,GGCAATCCAACAGGGA
1897,ATGGCTAGTTTGGCTT,158772,GGCAATCCAATCTCTA
1898,ATGGCTAGTTTGGGCG,158773,GGCAATCCAAGGTGTC
1899,ATGGCTGTCAAGCTTA,158791,CGCATGAAGCAGCCAA
1900,ATGGCTGTCGCATTAA,159026,CGCATGAAGCTAGTTT
1901,ATGGCTGTCGTTACTT,159072,CGCATGAAGGGACTTG
1902,ATGGCTGTCTAAGTCA,159087,CGCATGAAGCACTAAA
1903,ATGGCTGTCTCAATTC,159106,CGCATGAAGCTTAGGG
1904,ATGGCTTAGCCGCAGT,159251,CGGTTTATCAATTAGG
1905,ATGGCTTAGCGGTTAT,159283,CGGTTTATCGCGAAGC
1906,ATGGCTTAGGAAGTAT,159329,CGGTTTATCTTGCTCT
1907,ATGGCTTAGGAGGCAT,159346,CGGTTTATCTTGTCGA
1908,ATGGCTTAGGATCACT,159353,CGGTTTATCATTATGC
1909,ATGGCTTAGGCAAGTA,159360,CGGTTTATCTTGAATC
1910,ATGGCTTAGGCCAATT,159368,CGGTTTATCTTAGCTG
1911,ATGGCTTAGGTCCACA,159423,CGGTTTATCGTTAGCC
1912,ATGGTCTAGCCTGTTC,159648,CGTTATGTCGACATTT
1913,ATGGTCTAGGTTTGCG,159827,CGTTATGTCAGCCTTA
1914,ATGGTCTAGTCATTAG,159866,CGTTATGTCATTAAGG
1915,ATGGTCTAGTTTGGTA,159929,CGTTATGTCGCTTCGG
1916,ATGGTGCGTCCGTAGG,160057,TAAGACTCATCAGGTA
1917,ATGGTGCGTGTGTCCC,160163,TAAGACTCACTATGGA
1918,ATGGTTATCACAGACT,160342,GCAACATAGCTTACTG
1919,ATGGTTATCCTAGTCC,160503,GCAACATAGCGAAGCC
1920,ATGGTTATCCTGGTGA,160522,GCAACATAGACACGCA
1921,ATGGTTATCGCTCACT,160572,GCAACATAGAAACCTA
1922,ATGGTTATCGGTCAGC,160587,GCAACATAGGCAATAC
1923,ATGGTTATCTGGTCCT,160661,GCAACATAGTCAACAA
1924,ATGTAACGTAGTAAGA,160760,GAAGGTGCATGATGGC
1925,ATGTAACGTCAGGCCA,160801,GAAGGTGCACATGATG
1926,ATGTAACGTGAGCACT,160867,GAAGGTGCAATAGAAG
1927,ATGTAACGTGTGTCCC,160929,GAAGGTGCACTATGGA
1928,ATGTAACGTTCCAGGG,160996,GAAGGTGCAAGCGCAT
1929,ATGTAAGCACAGAACG,161201,ACGCCTAGTATTCAGC
1930,ATGTAAGCATGTTGGC,161430,ACGCCTAGTGCTTCCT
1931,ATGTCAATCCGCCTAT,161629,TGCATTTAGCTTGCAC
1932,ATGTCAATCGCTAAGT,161716,TGCATTTAGCTGGCAA
1933,ATGTCATCAAGCTTAT,161898,GAGCTGGGTCCTAACG
1934,ATGTCATCACAAGCCT,161960,GAGCTGGGTTCATTGA
1935,ATGTCATCACACAATT,161965,GAGCTGGGTCGGTTTG
1936,ATGTCATCACTATGGC,162022,GAGCTGGGTACTAGGA
1937,ATGTCATCACTCGCTC,162024,GAGCTGGGTTGTTCCC
1938,ATGTCATCATTCCTCG,162214,GAGCTGGGTTGGTGAA
1939,ATGTCCACAAGGTCCT,162292,AGCGCCTGTTTGGCTG
1940,ATGTCCACAAGGTGGC,162295,AGCGCCTGTGCTAGCC
1941,ATGTCCACAATACTGT,162307,AGCGCCTGTTGTAACC
1942,ATGTCCACACCTCGCT,162385,AGCGCCTGTTGGGTTT
1943,ATGTCCACACTGGCTG,162412,AGCGCCTGTAGGATCA
1944,ATGTCCACAGCGCTTG,162451,AGCGCCTGTGGACAAC
1945,ATGTCCACAGTAATAG,162496,AGCGCCTGTGATTCTA
1946,ATGTCCACATGGCCCA,162574,AGCGCCTGTACTTCGG
1947,ATGTCCACATGTCAAT,162577,AGCGCCTGTTGCGAGG
1948,ATGTGAGAGAACAAGT,162618,TACTACGTCGATTCAT
1949,ATGTGAGAGATAGACG,162657,TACTACGTCATAATGG
1950,ATGTGAGAGCAATAGG,162671,TACTACGTCACTAAGA
1951,ATGTGAGAGGTAAGGC,162868,TACTACGTCCCTCGCT
1952,ATGTGAGAGTCATTGA,162935,TACTACGTCATGATGA
1953,ATGTTCAAGAAGCTAG,163005,AAACTAGTCTCAATAC
1954,ATGTTCAAGCACAGAA,163056,AAACTAGTCTTAAGGA
1955,ATGTTCAAGCCTCTGT,163094,AAACTAGTCGCGTTAC
1956,ATGTTCAAGGCCCAGT,163206,AAACTAGTCAATCCAT
1957,ATGTTCAAGGCGAATA,163212,AAACTAGTCCTGCAAC
1958,ATGTTGTCAACTCGCG,163423,TACCGGCGTGCGCAAG
1959,ATGTTGTCACATAACT,163512,TACCGGCGTTTCCGGA
1960,ATGTTGTCACCAAAGG,163518,TACCGGCGTTTCCAAA
1961,ATGTTGTCACCACAAC,163520,TACCGGCGTGTTCCTC
1962,ATGTTGTCACCTGCCT,163538,TACCGGCGTATATTCG
1963,ATGTTGTCACTAAGAA,163553,TACCGGCGTGTCACGC
1964,ATGTTGTCAGGAACCA,163613,TACCGGCGTTATGTTG
1965,ATGTTTGAGATAGACG,163809,TCCACAATCATAATGG
1966,ATGTTTGAGCGGATTT,163884,TCCACAATCCAAACTT
1967,ATGTTTGAGCTCAAAC,163900,TCCACAATCGGTAATA
1968,ATGTTTGAGCTCCTAC,163904,TCCACAATCTTAGCCA
1969,ATGTTTGAGGACACTT,163937,TCCACAATCAGCCATC
1970,ATGTTTGAGGAGTCGG,163954,TCCACAATCAATCGGG
1971,ATGTTTGAGGCGTAAA,163987,TCCACAATCCGGGTTT
1972,ATGTTTGAGTCCTTCA,164090,TCCACAATCTCAGCTA
1973,ATTAACCCACAATACT,164265,CCTATTTGTTTCTCAT
1974,ATTAACCCAGCTTACA,164378,CCTATTTGTTAGGTTC
1975,ATTAACCCATTAAGTC,164508,CCTATTTGTGAGACTA
1976,ATTAACCCATTGTCCT,164527,CCTATTTGTCCTTAGG
1977,ATTAACCCATTGTGGC,164530,CCTATTTGTGCTTCGA
1978,ATTACCCGTACGCGCA,164574,CCACACCCACCACAAA
1979,ATTACCCGTCCTAACT,164663,CCACACCCACCTTCAG
1980,ATTACCCGTGAGACTC,164703,CCACACCCAAAGAAGC
1981,ATTACCCGTGATCAGC,164709,CCACACCCAGCCAAAC
1982,ATTACCCGTGGCTTCC,164748,CCACACCCAGCATTAG
1983,ATTACCGCACCTCAGG,165070,CTCATAAGTGAGTTTC
1984,ATTACCGCAGCTTAAT,165143,CTCATAAGTGGTGAAC
1985,ATTACCGCAGTTTGGC,165199,CTCATAAGTCGGTTAT
1986,ATTACGTCAAATGCCC,165321,AACTGAGGTATTACTG
1987,ATTACTGAGCCATCAG,165771,CTTGATGTCGAGCAAT
1988,ATTACTGAGCTCAAAC,165818,CTTGATGTCGGTAATA
1989,ATTACTGAGGAACACA,165844,CTTGATGTCAGCAATA
1990,ATTACTGAGGCATGAA,165886,CTTGATGTCAGCTAGG
1991,ATTACTGAGGCGAAAC,165897,CTTGATGTCACGCCCA
1992,ATTACTGAGGCGGGTA,165904,CTTGATGTCAATACAG
1993,ATTAGCGGTCATGCCC,166183,TTACTTGCATTCCTGG
1994,ATTAGCGGTCCTTTAA,166206,TTACTTGCAGAAATGA
1995,ATTAGCGGTGGAAACG,166273,TTACTTGCAGGAGGGT
1996,ATTAGCTCAAATACCT,166469,GCAGTTTGTCAATGAG
1997,ATTAGCTCAACCCTAA,166481,GCAGTTTGTTCCGGGT
1998,ATTAGCTCAACTGGCT,166492,GCAGTTTGTCTTGACG
1999,ATTAGCTCACCTGCCT,166606,GCAGTTTGTATATTCG
2000,ATTAGCTCAGCACCAT,166657,GCAGTTTGTTGACTAC
2001,ATTAGCTCAGCATGTC,166663,GCAGTTTGTTACTTAG
2002,ATTAGGTGTGGCTTCC,167048,GTCCTTGCAGCATTAG
2003,ATTAGGTGTGGTGAGA,167052,GTCCTTGCAATTGAGT
2004,ATTAGGTGTTAACAGT,167082,GTCCTTGCACGGATTA
2005,ATTAGGTGTTAGGTTG,167117,GTCCTTGCATTAACCC
2006,ATTAGTCCAACAGCCT,167243,GAAGCACGTCGATTAC
2007,ATTAGTCCACTTGTTC,167404,GAAGCACGTGGTTACT
2008,ATTAGTCCATAAACCT,167501,GAAGCACGTGCACCAC
2009,ATTAGTCCATAGCAGG,167518,GAAGCACGTAGTCATC
2010,ATTATCCTCATGCATA,167689,GGTGTGCAGCACCTAC
2011,ATTATCCTCCTCCCTC,167800,GGTGTGCAGTGATTCT
2012,ATTATCCTCTTAGTGA,167965,GGTGTGCAGTGGACCA
2013,ATTATGGTCCGGAACC,168154,AGCCTTCAGGATTTGA
2014,ATTATGGTCGGTTAGT,168262,AGCCTTCAGTCATGAA
2015,ATTCAACCAACGTGCT,168404,CAATTGCGTTCTCACC
2016,ATTCAACCAATTATGC,168468,CAATTGCGTTGTCATA
2017,ATTCAACCAGTTTCTC,168650,CAATTGCGTCACGATT
2018,ATTCACTTCATGTCAA,168851,TGCGCTTAGTGCTCAC
2019,ATTCACTTCCTAAGTA,168937,TGCGCTTAGTTTCTGG
2020,ATTCACTTCCTGTTCA,168963,TGCGCTTAGGTATAGC
2021,ATTCACTTCTCACTCA,169085,TGCGCTTAGCCTTTCT
2022,ATTCACTTCTCATCAT,169086,TGCGCTTAGTCAATTC
2023,ATTCATGAGCGCAATT,169247,GTCGTTATCAATAGGC
2024,ATTCATGAGCGCTCAA,169252,GTCGTTATCGCTTGTA
2025,ATTCATGAGCTCGCTT,169276,GTCGTTATCACACCGT
2026,ATTCATGAGGACAATG,169306,GTCGTTATCGAGGAGG
2027,ATTCATGAGGACCTTG,169312,GTCGTTATCCACTAAT
2028,ATTCATGAGGGTGAAC,169383,GTCGTTATCCACTATG
2029,ATTCATGAGGTTTGAC,169416,GTCGTTATCGATTAAG
2030,ATTCATGAGTAGCGGG,169436,GTCGTTATCTAACCGC
2031,ATTCCGGAGACTATTG,169543,TTCCTGTTCCACCTGG
2032,ATTCCGGAGCTAATTG,169647,TTCCTGTTCCTAGTGC
2033,ATTCCGGAGGATAAAC,169710,TTCCTGTTCTACTACG
2034,ATTCCGGAGTGAGAGC,169857,TTCCTGTTCCGGGTAA
2035,ATTCCGGAGTTACCGG,169871,TTCCTGTTCCCTGATA
2036,ATTCCTAGTAATGGCC,169932,GTTATCCCACTCCCTT
2037,ATTCCTAGTGATTACG,170085,GTTATCCCAACCGCCT
2038,ATTCCTAGTGGATGTC,170114,GTTATCCCAGCTAGAC
2039,ATTCCTCCACAACAGG,170398,CAATGAGGTATTGCGT
2040,ATTCCTCCACCTCAGG,170440,CAATGAGGTGAGTTTC
2041,ATTCCTCCAGCTAACC,170508,CAATGAGGTATGGTCT
2042,ATTCCTCCATATTGAC,170596,CAATGAGGTGCCGGAA
2043,ATTCCTCCATGTTTGG,170640,CAATGAGGTTTATCCT
2044,ATTCGTTTCACAGCCA,170701,ATCGCTCAGTAACACA
2045,ATTCGTTTCAGCTAAC,170729,ATCGCTCAGTATAGCA
2046,ATTCGTTTCATGTTTC,170771,ATCGCTCAGGCAATCG
2047,ATTCGTTTCCTAGTCC,170861,ATCGCTCAGCGAAGCC
2048,ATTCGTTTCGAAGTAG,170895,ATCGCTCAGGTGCTGA
2049,ATTCGTTTCTCCATAT,171005,ATCGCTCAGCAATTGA
2050,ATTGAAGCAACTAACT,171091,GGTTCGCGTTCCCGTT
2051,ATTGAAGCACTTCATC,171241,GGTTCGCGTATTTGGC
2052,ATTGAAGCAGTAGCCT,171322,GGTTCGCGTTGCTCAG
2053,ATTGAAGCATCGCTTT,171380,GGTTCGCGTTGCTGGC
2054,ATTGACTCACAAAGAC,171546,TTTAACGGTGACGTAA
2055,ATTGACTCACTGGCCA,171619,TTTAACGGTCCTGAGC
2056,ATTGACTCAGTTTCTC,171720,TTTAACGGTCACGATT
2057,ATTGACTCAGTTTGGC,171721,TTTAACGGTCGGTTAT
2058,ATTGCACAGGATAAAC,172012,TTAGCTGTCTACTACG
2059,ATTGCACAGGATGATG,172015,TTAGCTGTCCGTCCCT
2060,ATTGCACAGGCGTAAA,172043,TTAGCTGTCCGGGTTT
2061,ATTGCACAGTGAACAG,172154,TTAGCTGTCCGCAATC
2062,ATTGCACAGTTTGCGG,172203,TTAGCTGTCTTGACCA
2063,ATTGCAGGTATACTGG,172275,CGGGTTGCACAGCAAC
2064,ATTGCAGGTGAATCGC,172370,CGGGTTGCAAATACCG
2065,ATTGCAGGTGTGTCCC,172439,CGGGTTGCACTATGGA
2066,ATTGCAGGTTCACCAT,172501,CGGGTTGCATTACGGA
2067,ATTGCAGGTTCCGGCT,172509,CGGGTTGCATGCCTGC
2068,ATTGCAGGTTTACGTC,172559,CGGGTTGCAATCGTGA
2069,ATTGCGCCACAGGAAT,172715,GAGTTAGGTTGTCAGT
2070,ATTGCGCCACGTTACA,172757,GAGTTAGGTTACAGCT
2071,ATTGCGCCAGCATTAT,172802,GAGTTAGGTTGAGGGT
2072,ATTGCGCCAGTAAGTA,172853,GAGTTAGGTGAACCGG
2073,ATTGCGCCATAAACCT,172873,GAGTTAGGTGCACCAC
2074,ATTGCGCCATAAAGCA,172874,GAGTTAGGTAATAAGC
2075,ATTGCTCGTACGTTTC,173015,TCCAAGACATTTCTTC
2076,ATTGCTCGTCACCTAT,173071,TCCAAGACATCAGGAC
2077,ATTGCTCGTCAGGCAT,173076,TCCAAGACAACCTCGC
2078,ATTGCTCGTGCTGTAA,173173,TCCAAGACATAACCAG
2079,ATTGCTCGTTCAAGCA,173266,TCCAAGACAAGCCTCC
2080,ATTGCTCGTTTACGTC,173325,TCCAAGACAATCGTGA
2081,ATTGGCTAGAAGGTGC,173362,ATGTAAGTCACCAACC
2082,ATTGGCTAGAGGCTAA,173392,ATGTAAGTCTGTTGCA
2083,ATTGGCTAGCCACATG,173438,ATGTAAGTCTTGTTGG
2084,ATTGGCTAGCTTGCTC,173510,ATGTAAGTCCTAATCG
2085,ATTGGCTAGGGCTTAT,173597,ATGTAAGTCAAATACG
2086,ATTGGTTCACAAGCCT,173852,GTATCCGGTTCATTGA
2087,ATTGGTTCATCAGTAT,174053,GTATCCGGTTTGAGGA
2088,ATTGGTTCATGTTGGC,174090,GTATCCGGTGCTTCCT
2089,ATTGTCCGTACCTTAC,174160,CGATATGCATTTCGCG
2090,ATTGTCCGTACGCGCA,174162,CGATATGCACCACAAA
2091,ATTGTCCGTGTGAGAG,174351,CGATATGCACCTCAAT
2092,ATTGTCCGTTCCGCAC,174424,CGATATGCATGAGGGA
2093,ATTGTGATCACGAATC,174544,CGCAACAAGGATTATG
2094,ATTGTGATCACGTTAA,174548,CGCAACAAGCTCCTAA
2095,ATTGTGATCCGGGACT,174676,CGCAACAAGAATCTAG
2096,ATTGTGATCGGCTATG,174771,CGCAACAAGTGGCTTC
2097,ATTTAGCCAACCCTCC,174920,TTTATCCGTTCCATTT
2098,ATTTAGCCACTTACAG,175072,TTTATCCGTGACCTTG
2099,ATTTAGCCAGGTTAAA,175147,TTTATCCGTTAACACC
2100,ATTTAGCCATGTTGCA,175239,TTTATCCGTTTGGTTA
2101,ATTTAGGTCCGCTAGA,175441,ATGTCCCAGCTCATTG
2102,ATTTGCAAGAATCGCT,175665,GAGTAACTCCTGATCA
2103,ATTTGCAAGCATTATG,175736,GAGTAACTCTCCTCAT
2104,ATTTGCAAGCCTAACG,175749,GAGTAACTCGTCCTTT
2105,ATTTGCAAGCTATGAC,175787,GAGTAACTCTAACCCA
2106,ATTTGCAAGGACTTAC,175835,GAGTAACTCGCCTGTG
2107,ATTTGCAAGGTTTGCG,175937,GAGTAACTCAGCCTTA
2108,ATTTGCAAGTTATTCC,176020,GAGTAACTCATGAAGC
2109,ATTTGCGCAATAATCC,176115,GCTTTAAGTAGGTTCT
2110,ATTTGCGCAATGCGCT,176135,GCTTTAAGTTTCACCC
2111,ATTTGCGCAGAGAGCC,176235,GCTTTAAGTAGCTGTT
2112,ATTTGCGCAGGCGAGT,176287,GCTTTAAGTAACCTAC
2113,ATTTGCGCATTGTCAG,176416,GCTTTAAGTTTAATCG
2114,ATTTGTGAGGAAGCTA,176590,TAAAGGCTCCTTTGAG
2115,ATTTGTGAGGAGTCGG,176612,TAAAGGCTCAATCGGG
2116,ATTTGTGAGGGACCTC,176658,TAAAGGCTCCGTTATG
2117,ATTTGTGAGTCCTGAG,176747,TAAAGGCTCAAACATG
2118,ATTTGTGAGTGAACAG,176756,TAAAGGCTCCGCAATC
2119,CAAACAACACAGCCAT,176933,GCCAATTGTACCTTGG
2120,CAAACAACAGGACCTT,177045,GCCAATTGTTGCTCTC
2121,CAAACAACAGTATGTT,177079,GCCAATTGTGCAGTAA
2122,CAAACAACATTGACAT,177178,GCCAATTGTCAATTGC
2123,CAAACACTCAATGTGC,177217,TGAGACTAGGTTGGTG
2124,CAAACACTCATAATCG,177267,TGAGACTAGCTCAAGG
2125,CAAACACTCCAGGTTG,177325,TGAGACTAGTCATGCC
2126,CAAACACTCCTAAGAC,177375,TGAGACTAGTCAATAG
2127,CAAACACTCGAAGTAG,177417,TGAGACTAGGTGCTGA
2128,CAAACACTCTACCTGC,177509,TGAGACTAGCATCTAT
2129,CAAACATGTGCATTAG,177764,GAGTGAGCAACCAACA
2130,CAAACATGTGCTAGAC,177771,GAGTGAGCAGTAATCG
2131,CAAACATGTGTAATAC,177800,GAGTGAGCAAGCGCTG
2132,CAAACATGTGTCACGG,177801,GAGTGAGCATAGCTAG
2133,CAAACATGTTAAATGC,177822,GAGTGAGCATTGTCTA
2134,CAAACATGTTCATTTG,177875,GAGTGAGCAAGGCTTA
2135,CAAACATGTTGCACAA,177896,GAGTGAGCAGGTGGAA
2136,CAAACATGTTGTGACA,177919,GAGTGAGCATGGTGCG
2137,CAAACCGTCAAACCTA,177961,GGCTAATAGGTGCTTC
2138,CAAACCGTCAAATCGC,177964,GGCTAATAGCGAGTTG
2139,CAAACCGTCCTGGTGA,178168,GGCTAATAGACACGCA
2140,CAAACCGTCTAATCAG,178269,GGCTAATAGTATTGGA
2141,CAAACCGTCTTGGATA,178334,GGCTAATAGCCTAATT
2142,CAAACGCGTAGCTGGT,178399,GTTGTTCCAGGTTGCG
2143,CAAACGCGTCATGCAA,178456,GTTGTTCCAAGCCTGG
2144,CAAACGCGTGTTTCAC,178584,GTTGTTCCAAGGATTT
2145,CAAACGCGTTAGGACC,178620,GTTGTTCCACGCTAGG
2146,CAAACTGGTACAAAGA,178754,TTCCGCACAGTTCCCA
2147,CAAACTGGTACTGAAT,178769,TTCCGCACAAACCAGC
2148,CAAACTGGTCACAAAT,178818,TTCCGCACAGGAGGAC
2149,CAAACTGGTCAGGCCA,178829,TTCCGCACACATGATG
2150,CAAACTGGTGATGGCT,178904,TTCCGCACATTCATTG
2151,CAAACTGGTGCTCCAC,178922,TTCCGCACATGCTTTA
2152,CAAAGCGCACAACAGG,179218,ATCACTAGTATTGCGT
2153,CAAAGCGCACAACCTA,179219,ATCACTAGTAACCTCG
2154,CAAAGCGCACGTAAGG,179272,ATCACTAGTCCGGTTA
2155,CAAAGCGCAGGCTAGA,179357,ATCACTAGTTGGCGGA
2156,CAAAGCGCAGTTTGGC,179389,ATCACTAGTCGGTTAT
2157,CAAAGGATCAAACACC,179491,GGCCTTTAGTCCTCAA
2158,CAAAGGATCAATGTGC,179515,GGCCTTTAGGTTGGTG
2159,CAAAGGATCACAGCGC,179522,GGCCTTTAGGGCTACA
2160,CAAAGGATCAGCCAAT,179548,GGCCTTTAGGTTCCCG
2161,CAAAGGATCCTAAGTA,179675,GGCCTTTAGTTTCTGG
2162,CAAAGGATCGCTATAA,179748,GGCCTTTAGGATTGAC
2163,CAAAGGATCTAAATCG,179793,GGCCTTTAGCTATTGT
2164,CAAAGGATCTCACACC,179820,GGCCTTTAGCGGTTCT
2165,CAAAGTGAGGAACGCG,180037,GATTGAATCCAGGATG
2166,CAAAGTGAGGACGTAA,180051,GATTGAATCCTGTGAC
2167,CAAAGTGAGGCTAGAA,180100,GATTGAATCACAGCCT
2168,CAAAGTGAGTCACTAA,180188,GATTGAATCGATTATC
2169,CAAATCATCCTAGTCC,180449,TGCATCCAGCGAAGCC
2170,CAAATCATCTAAGTGC,180568,TGCATCCAGCAATAGC
2171,CAAATCATCTCCTCAA,180595,TGCATCCAGCGCTAAG
2172,CAAATCATCTTAGCCC,180618,TGCATCCAGTCTTAGT
2173,CAACAATGTAACGGGA,180652,CTGTTTACACTGGCAG
2174,CAACAATGTCAGGCAT,180746,CTGTTTACAACCTCGC
2175,CAACAATGTTTGCTGT,181016,CTGTTTACATTGTGGA
2176,CAACAGGCAAACCCTA,181027,TTCAAGCGTAACAGGC
2177,CAACAGGCAACGTGCT,181060,TTCAAGCGTTCTCACC
2178,CAACAGGCAATAGTCT,181104,TTCAAGCGTGTCCTGA
2179,CAACAGGCACCAGGTT,181164,TTCAAGCGTTTGCTGG
2180,CAACAGGCACCTCAGG,181178,TTCAAGCGTGAGTTTC
2181,CAACAGGCATATAACC,181333,TTCAAGCGTTAGGCTT
2182,CAACCCGCAACCCTAA,181439,GGACATAGTTCCGGGT
2183,CAACCCGCAATCCCTT,181493,GGACATAGTAACGTGA
2184,CAACCCGCAGGCCAAA,181652,GGACATAGTTGAGGTA
2185,CAACCCGCATCCATCT,181727,GGACATAGTCACTCAG
2186,CAACCCGCATGTCAAT,181755,GGACATAGTTGCGAGG
2187,CAACCCTTCAAACCGT,181794,TAGTCAAAGCTAACTT
2188,CAACCCTTCACGCATG,181833,TAGTCAAAGTTACCCA
2189,CAACCCTTCACTAAGC,181837,TAGTCAAAGTCTAGCC
2190,CAACCCTTCAGTGAAG,181861,TAGTCAAAGCCAATCC
2191,CAACCCTTCATGCATA,181881,TAGTCAAAGCACCTAC
2192,CAACCCTTCATTGTTC,181906,TAGTCAAAGGAGGTAA
2193,CAACCCTTCCAAACAC,181910,TAGTCAAAGATATTCC
2194,CAACCCTTCGTCAAGT,182077,TAGTCAAAGCTTCTCT
2195,CAACTAATCCTACCTA,182747,CTCTATGAGTTACTAC
2196,CAACTAATCCTGTTCA,182769,CTCTATGAGGTATAGC
2197,CAACTAATCTAATCCT,182870,CTCTATGAGGATGCGC
2198,CAACTAATCTTGTCTG,182936,CTCTATGAGGGATTTA
2199,CAACTAATCTTTAAGG,182938,CTCTATGAGTTTGTCG
2200,CAACTAGGTAATGGCC,182970,TAAGAAGCACTCCCTT
2201,CAACTAGGTCAATAGT,183034,TAAGAAGCAGGGAGTA
2202,CAACTAGGTCACAAAT,183036,TAAGAAGCAGGAGGAC
2203,CAACTAGGTCTTGCAT,183099,TAAGAAGCAGAATCTG
2204,CAAGAACCAAACCTAT,183328,TCTTTGTGTGCGCGAA
2205,CAAGAACCACCAACCG,183461,TCTTTGTGTACTGGCC
2206,CAAGAACCAGCCAGAA,183539,TCTTTGTGTGGTTCTG
2207,CAAGAACCAGCGCTTG,183545,TCTTTGTGTGGACAAC
2208,CAAGAACCAGGCATGA,183567,TCTTTGTGTGGTGCAG
2209,CAAGAACCAGGTTACC,183584,TCTTTGTGTATGTTTG
2210,CAAGAACCATAGCAGG,183626,TCTTTGTGTAGTCATC
2211,CAAGACAAGCACAGCC,183767,CCACTAATCCTCAGTA
2212,CAAGACAAGCCGCTAA,183798,CCACTAATCAGTTTAC
2213,CAAGACAAGGTCGATT,183974,CCACTAATCTCTCGCC
2214,CAAGACAAGGTGCGGA,183979,CCACTAATCATGCCTA
2215,CAAGACAAGTAACGAG,183995,CCACTAATCTATCGGC
2216,CAAGACAAGTTTCCGC,184086,CCACTAATCCCGCACA
2217,CAAGCTAGTAAGGTCC,184108,CTTATTGCAATTTGGG
2218,CAAGCTAGTAATCGGC,184116,CTTATTGCAGTTTGCT
2219,CAAGCTAGTCCTAATC,184223,CTTATTGCACGGTAAC
2220,CAAGCTAGTTATCCGT,184380,CTTATTGCAAAGTCAT
2221,CAAGGCCTCCACCTTA,184602,CATTATCAGCATAGCG
2222,CAAGGCTGTTAATGCG,185117,TATGCTCCACCTCGAC
2223,CAAGGCTGTTAGCAGC,185131,TATGCTCCACATGCCC
2224,CAAGGCTGTTATCGAG,185148,TATGCTCCATCCTGGC
2225,CAAGGCTGTTGAGGTC,185176,TATGCTCCAAACTAAC
2226,CAAGGGAGTACCGAAC,185274,TAGTACGCACAAAGCC
2227,CAAGGGAGTCAAGTGC,185330,TAGTACGCATCCGCTA
2228,CAAGGGAGTCAATAGT,185332,TAGTACGCAGGGAGTA
2229,CAAGGGAGTCCTAACT,185369,TAGTACGCACCTTCAG
2230,CAAGGTAAGGACCGCT,185795,TCCTTGTTCATAACCT
2231,CAAGGTAAGTAAGTCC,185914,TCCTTGTTCCTAGGTC
2232,CAAGGTTTCACAAGCT,186034,GCCTACTAGCTAACGG
2233,CAAGGTTTCACATTGA,186040,GCCTACTAGAGAGCAA
2234,CAAGGTTTCATGCTTT,186100,GCCTACTAGTGAGGCC
2235,CAAGGTTTCCTGGCTT,186214,GCCTACTAGTCACTCA
2236,CAAGTAACAAGGTACG,186450,TAACTTGGTCTAGCGC
2237,CAAGTAACACTTACAG,186574,TAACTTGGTGACCTTG
2238,CAAGTAACAGCATGAG,186601,TAACTTGGTTACTCCC
2239,CAAGTAACATTAGCCA,186749,TAACTTGGTCCATTAA
2240,CAAGTGAAGGCCTAAT,187366,GGGTTTCTCCGCCTCT
2241,CAAGTTATCACTAATG,187586,TATGATGAGACTCCTA
2242,CAAGTTATCATAAGCC,187614,TATGATGAGGCGATAT
2243,CAAGTTATCCGCACAA,187704,TATGATGAGTAAACTG
2244,CAAGTTATCCGGAACC,187710,TATGATGAGGATTTGA
2245,CAAGTTATCGGTCAAT,187814,TATGATGAGTTTACGT
2246,CAAGTTATCTCACAAA,187869,TATGATGAGGCATGGC
2247,CAATAAGCACTGACCG,188103,GTATTGCGTGAGTAGC
2248,CAATAAGCAGCAAGGC,188128,GTATTGCGTCGCATAT
2249,CAATAAGCAGCATGAG,188135,GTATTGCGTTACTCCC
2250,CAATAAGCATAGGCGA,188231,GTATTGCGTGCACAAA
2251,CAATAGCTCATGCAAC,188396,CACAGATAGGTCATGG
2252,CAATAGCTCCAAGTGT,188429,CACAGATAGTCACACC
2253,CAATAGCTCCCGCATT,188452,CACAGATAGTTAGGCG
2254,CAATAGCTCGGTTTCC,188588,CACAGATAGTTTCTCC
2255,CAATAGCTCGTACCGA,188592,CACAGATAGCTTAGAA
2256,CAATATGTCAAACACC,188693,TGGCTAGAGTCCTCAA
2257,CAATATGTCATTGCAA,188803,TGGCTAGAGGTTATAG
2258,CAATATGTCGCTCCAT,188953,TGGCTAGAGATAGACC
2259,CAATATGTCTTTAAGG,189072,TGGCTAGAGTTTGTCG
2260,CAATCCCTCAGTGAAG,189145,GCAGCTAAGCCAATCC
2261,CAATCCCTCATCCTAT,189157,GCAGCTAAGTATCGCC
2262,CAATCCCTCATTGCGG,189188,GCAGCTAAGGAAGTAG
2263,CAATCCCTCTAACCAA,189380,GCAGCTAAGGCTTAGG
2264,CAATCCTGTAAGGTTT,189477,TGCAAGCCAAGGTGGA
2265,CAATCCTGTAGGATTT,189519,TGCAAGCCATATTGCC
2266,CAATCCTGTGTTTGCT,189704,TGCAAGCCATCCTAGT
2267,CAATCCTGTTAACGAT,189709,TGCAAGCCAGTTTCCG
2268,CAATCCTGTTAGGTTG,189743,TGCAAGCCATTAACCC
2269,CAATCCTGTTGGTTCT,189797,TGCAAGCCACAAGGCT
2270,CAATCGCCAAGCTTTG,189895,CGAATCTGTGCAAGGT
2271,CAATCGCCACCTACTT,189993,CGAATCTGTAGCGGAT
2272,CAATCGCCAGTATGTT,190113,CGAATCTGTGCAGTAA
2273,CAATCGCCAGTCTAGC,190115,CGAATCTGTATAGTGG
2274,CAATCTAAGCTGGAAA,190369,CAATTACTCCTAAGAA
2275,CAATCTAAGGATAAAC,190416,CAATTACTCTACTACG
2276,CAATCTAAGGCATTGT,190431,CAATTACTCCTTCGGG
2277,CAATCTAAGGTTACAC,190501,CAATTACTCCTCTCGC
2278,CAATCTAAGGTTACGT,190502,CAATTACTCTAATCCG
2279,CAATGAACAGCAAGGC,190814,CAAGTGAGTCGCATAT
2280,CAATGAACAGTTGCGT,190890,CAAGTGAGTGAACGGT
2281,CAATGACTCACGCATG,191035,TCTCAATAGTTACCCA
2282,CAATGACTCACGTTAA,191038,TCTCAATAGCTCCTAA
2283,CAATGACTCAGGAAGC,191055,TCTCAATAGCGTGCTT
2284,CAATGACTCATTGTTC,191108,TCTCAATAGGAGGTAA
2285,CAATGACTCCACCTGT,191121,TCTCAATAGGTAAGTC
2286,CAATGACTCCCTCAGT,191145,TCTCAATAGAGCTGCA
2287,CAATGACTCGAGGAAC,191225,TCTCAATAGCGATGCA
2288,CAATGACTCGCTAAAC,191247,TCTCAATAGGTGCACA
2289,CAATGACTCTAATTGG,191308,TCTCAATAGCTATCGC
2290,CAATGCCCAAGGACCA,191433,CGCACTAGTAACCGCC
2291,CAATGCCCAATGAATG,191469,CGCACTAGTCATCACG
2292,CAATGCCCAATTAGCT,191476,CGCACTAGTCCAAATC
2293,CAATGCCCACCTGCCT,191534,CGCACTAGTATATTCG
2294,CAATGCCCACCTGCTC,191535,CGCACTAGTACACCGC
2295,CAATGCCCAGCAAATA,191578,CGCACTAGTTGCGTGC
2296,CAATGTCAGGCACAGG,191962,CAACCGTTCGCTCAAC
2297,CAATGTCAGTAACGGA,192050,CAACCGTTCACAAGCG
2298,CAATGTGGTAAGCTCA,192160,CGGCTCTCATAGCGAC
2299,CAATGTGGTAATCGCA,192169,CGGCTCTCAACGGGAA
2300,CAATGTGGTAGGTTAT,192207,CGGCTCTCATTATCTG
2301,CAATGTGGTCGAAGTC,192285,CGGCTCTCAACAGAGG
2302,CAATGTGGTCGACTAA,192286,CGGCTCTCAGTTTCTA
2303,CAATGTGGTGCTAGCG,192342,CGGCTCTCAATGACCA
2304,CAATGTGGTTAGGTTG,192429,CGGCTCTCATTAACCC
2305,CAATGTGGTTGAGGTC,192464,CGGCTCTCAAACTAAC
2306,CACAAGCGTAGGTTGC,192590,GTTCGTTCAATAAACC
2307,CACAAGCGTGAGGTGA,192702,GTTCGTTCAAGCTCAA
2308,CACAAGCGTGTCACGG,192753,GTTCGTTCATAGCTAG
2309,CACAAGCGTTACTAGG,192795,GTTCGTTCATGACAAT
2310,CACAAGCGTTATCGAG,192818,GTTCGTTCATCCTGGC
2311,CACAAGCGTTGCGCGA,192853,GTTCGTTCACTAGCTT
2312,CACAATATCACTTCAT,192960,CAACAACAGTGTCCAC
2313,CACAATATCCCGCAAA,193053,CAACAACAGATTCAAG
2314,CACAATATCCTCACAC,193103,CAACAACAGCACCTTA
2315,CACAATATCTAATTGG,193224,CAACAACAGCTATCGC
2316,CACAATATCTAGCTAA,193231,CAACAACAGGAGGGTG
2317,CACAGGCTCATGGCTG,193390,TACCCACAGGACGAAA
2318,CACAGGCTCGCGCTAA,193546,TACCCACAGCGCTAGA
2319,CACAGGCTCGTGCTTC,193584,TACCCACAGTCATAAG
2320,CACAGGCTCTCACAAA,193623,TACCCACAGGCATGGC
2321,CACAGGCTCTTGAGGT,193663,TACCCACAGGCTTAAA
2322,CACAGGCTCTTGCATT,193667,TACCCACAGTGCGGGT
2323,CACAGGCTCTTGGATA,193670,TACCCACAGCCTAATT
2324,CACAGGGAGCACTAGT,193743,CCAACCGTCCGCCATG
2325,CACAGGGAGCTAATCA,193804,CCAACCGTCGCGCTCA
2326,CACAGGGAGGCGTAAA,193899,CCAACCGTCCGGGTTT
2327,CACAGGGAGTTAGTTG,194037,CCAACCGTCTACCTGA
2328,CACATAATCAATTGGC,194089,CGGAACCAGTAGGATC
2329,CACATACAGATGCCTG,194490,CGATTGCTCCAAATAG
2330,CACATACAGCAAGATG,194499,CGATTGCTCACACAAA
2331,CACATACAGCTCATAA,194582,CGATTGCTCCCTGTGG
2332,CACATACAGGAGTCGG,194634,CGATTGCTCAATCGGG
2333,CACATACAGGCGGGTA,194666,CGATTGCTCAATACAG
2334,CACATACAGGCTTAAC,194678,CGATTGCTCAATAACG
2335,CACATACAGTGAGAGC,194783,CGATTGCTCCGGGTAA
2336,CACATACAGTTAGTTG,194805,CGATTGCTCTACCTGA
2337,CACATACAGTTGTCTT,194822,CGATTGCTCAAGGTGT
2338,CACATTAAGCCGCAAC,195302,CTAGCTATCTTTGGGC
2339,CACATTAAGCCTAATA,195308,CTAGCTATCAAACCAA
2340,CACATTAAGGAGGGTT,195399,CTAGCTATCGCTATGC
2341,CACATTAAGGCTACTG,195439,CTAGCTATCCTTGAGC
2342,CACATTAAGGTTACAC,195489,CTAGCTATCCTCTCGC
2343,CACATTAAGTAACAGG,195498,CTAGCTATCGCTTCAA
2344,CACATTAAGTAGCGCC,195513,CTAGCTATCTGTCAGC
2345,CACATTAAGTATTGCA,195520,CTAGCTATCCAGCTCG
2346,CACATTAAGTCACGAT,195527,CTAGCTATCGTTAGTT
2347,CACATTAAGTTGTCAA,195588,CTAGCTATCACCTGGT
2348,CACCAACCAAGGTCCT,195660,TCTTCATGTTTGGCTG
2349,CACCAACCAGTAGCCT,195866,TCTTCATGTTGCTCAG
2350,CACCAACCATTGTCCT,195975,TCTTCATGTCCTTAGG
2351,CACCGGTAGACTTACA,196007,GAAGCCATCGCTTGCG
2352,CACCGGTAGATAACCC,196023,GAAGCCATCATTTAGC
2353,CACCGGTAGCTAAGTC,196107,GAAGCCATCTGGCTGT
2354,CACCGGTAGCTATTGA,196115,GAAGCCATCCAGGTGA
2355,CACCGGTAGGAGGTTA,196168,GAAGCCATCTAAATCC
2356,CACCGGTAGTGAGCAA,196320,GAAGCCATCTAATCGT
2357,CACCTCAGTAATCGCA,196389,TCAAGTGCAACGGGAA
2358,CACCTCAGTACCGAAC,196400,TCAAGTGCACAAAGCC
2359,CACCTCAGTATTCGTC,196441,TCAAGTGCACTAATCC
2360,CACCTCAGTCAAGTAT,196455,TCAAGTGCATGACAGC
2361,CACCTCAGTCTAACAG,196516,TCAAGTGCAGGATGTC
2362,CACCTCAGTTGTCATC,196707,TCAAGTGCAGCACTAA
2363,CACCTGTTCCGCAACA,196910,TACAACAAGGAGTATC
2364,CACCTGTTCCTGGTCT,196957,TACAACAAGGTTGTAA
2365,CACCTGTTCGGTTTGG,197029,TACAACAAGTCATTAC
2366,CACCTGTTCTAACCAA,197052,TACAACAAGGCTTAGG
2367,CACCTGTTCTATGACA,197072,TACAACAAGTTACGAA
2368,CACCTGTTCTTGTCCA,197125,TACAACAAGTGCGGTA
2369,CACGCAATCGCTAGCA,197388,CTGTGAGAGCCAGGAC
2370,CACGCTAAGCAGGTTT,197587,TAGCAAATCGCCTAAC
2371,CACGCTAAGGAGGTTA,197702,TAGCAAATCTAAATCC
2372,CACGCTAAGTGAGGGT,197856,TAGCAAATCGCAACCT
2373,CACTAGCCAAGGCCAA,198339,GCCGTTAGTGAATCGA
2374,CACTAGCCAATCCCTT,198367,GCCGTTAGTAACGTGA
2375,CACTAGCCAATGCCCG,198375,GCCGTTAGTTGAGTCT
2376,CACTAGCCAGAACCGA,198474,GCCGTTAGTTAATCGC
2377,CACTAGCCATCAGCAC,198596,GCCGTTAGTTGTGCGC
2378,CACTGACCAAACTAAG,198674,GTCCGTAGTTACCCAG
2379,CACTGACCAAGGTATA,198727,GTCCGTAGTGAACAAT
2380,CACTGACCAGGATGGC,198905,GTCCGTAGTTGTTTGA
2381,CACTGACCAGGCTTCG,198919,GTCCGTAGTAACCGGG
2382,CACTGACCAGTTATCG,198944,GTCCGTAGTTTATTCC
2383,CACTTAAAGATAAAGC,199090,GGTGTGATCATGGTTT
2384,CACTTAAAGGAATAAC,199218,GGTGTGATCTAGTTGT
2385,CACTTAAAGGACCTTG,199226,GGTGTGATCCACTAAT
2386,CACTTAAAGGCCTAAT,199260,GGTGTGATCCGCCTCT
2387,CACTTAAAGTAGCGCC,199349,GGTGTGATCTGTCAGC
2388,CACTTAAAGTGAACAG,199382,GGTGTGATCCGCAATC
2389,CACTTTGTCAATGACC,199456,AGGAGGTAGACTAATG
2390,CACTTTGTCAGGCTAT,199498,AGGAGGTAGGCACGTA
2391,CACTTTGTCATAATCG,199509,AGGAGGTAGCTCAAGG
2392,CACTTTGTCCCTCATA,199586,AGGAGGTAGACAGGTT
2393,CACTTTGTCCCTGGTT,199592,AGGAGGTAGTACTGAA
2394,CACTTTGTCCTAGTCC,199625,AGGAGGTAGCGAAGCC
2395,CACTTTGTCGTAACGT,199716,AGGAGGTAGGCGCAGT
2396,CAGAACCGTCCCGAAG,199941,AGTCACACATAGTCAG
2397,CAGAACCGTCGCGCAA,199963,AGTCACACAGCCGGTA
2398,CAGAACCGTGAGCACT,199989,AGTCACACAATAGAAG
2399,CAGAACCGTTAGTTGG,200104,AGTCACACAATAGCAT
2400,CAGAATCTCATTAGCA,200305,CCGTTACAGCTATATC
2401,CAGAATCTCCGGTATG,200373,CCGTTACAGTTAACGA
2402,CAGATTCAGCTTAGTA,200736,TGAAGTATCCGCTAAC
2403,CAGATTCAGGAGCACG,200765,TGAAGTATCTAGTTCG
2404,CAGATTCAGGCATTGT,200789,TGAAGTATCCTTCGGG
2405,CAGCAAGCAGCAAATA,201168,CTTACTTGTTGCGTGC
2406,CAGCAAGCAGCACGAA,201176,CTTACTTGTAATCACC
2407,CAGCATGTCAGCTAAC,201411,AAGCTCGAGTATAGCA
2408,CAGCATGTCATGCATA,201441,AAGCTCGAGCACCTAC
2409,CAGCATGTCCACAATA,201477,AAGCTCGAGGCGTAAT
2410,CAGCATGTCCCGAAGC,201494,AAGCTCGAGGTGGATT
2411,CAGCATGTCCTTAGTT,201567,AAGCTCGAGACTCCGT
2412,CAGCATGTCCTTTACG,201575,AAGCTCGAGCGCAAAT
2413,CAGCATGTCGATCAGT,201588,AAGCTCGAGAACCTTT
2414,CAGCATGTCGGTAACT,201624,AAGCTCGAGTTACGTT
2415,CAGCATTAGCAGGTTT,201807,GTGTTTGTCGCCTAAC
2416,CAGCATTAGCGTGCGT,201859,GTGTTTGTCTTGCATG
2417,CAGCATTAGCTATTGA,201869,GTGTTTGTCCAGGTGA
2418,CAGCATTAGGACTTAC,201915,GTGTTTGTCGCCTGTG
2419,CAGCATTAGGCGGATG,201955,GTGTTTGTCTAACTAC
2420,CAGCATTAGGCGTAAA,201957,GTGTTTGTCCGGGTTT
2421,CAGCATTAGTAACGAG,202023,GTGTTTGTCTATCGGC
2422,CAGCCAATCAATGTGC,202145,GTCATTTAGGTTGGTG
2423,CAGCCAATCATGACCG,202206,GTCATTTAGTCAAGAC
2424,CAGCCAATCATGTTTC,202221,GTCATTTAGGCAATCG
2425,CAGCCAATCCATTACT,202257,GTCATTTAGCTTGGTC
2426,CAGCCAATCCCGTTTA,202268,GTCATTTAGCAAGGAA
2427,CAGCCAATCCTAGTAA,202310,GTCATTTAGTGCTCCG
2428,CAGCCTAAGATTGAGG,202552,ACCATGCTCAAGCCAG
2429,CAGCCTAAGCAGCTCA,202572,ACCATGCTCTTGCTGA
2430,CAGCCTAAGCATGGTT,202580,ACCATGCTCATCCTCT
2431,CAGCCTAAGGAGGCAT,202688,ACCATGCTCTTGTCGA
2432,CAGCCTAAGGCAGGTG,202705,ACCATGCTCGGGATGC
2433,CAGCCTAAGGTTAGAG,202781,ACCATGCTCAATCGTT
2434,CAGCCTAAGTACCGCA,202799,ACCATGCTCGTTGTCA
2435,CAGCCTAAGTTAGCCG,202859,ACCATGCTCATGAGGT
2436,CAGCTAAGTGTCCAAA,203498,TGTTGAGCATTGTTTG
2437,CAGCTAAGTTAAGCCA,203523,TGTTGAGCAATCTGGA
2438,CAGCTAAGTTACTTCA,203540,TGTTGAGCATAAACCG
2439,CAGCTAAGTTGTTGGA,203619,TGTTGAGCATCCTCCT
2440,CAGCTATAGAGAAGGG,203681,GTATCGCTCCCAAAGG
2441,CAGCTATAGAGGATAT,203691,GTATCGCTCGAAGTAC
2442,CAGCTATAGATAACCC,203695,GTATCGCTCATTTAGC
2443,CAGCTATAGGCTAATC,203877,GTATCGCTCCGTCCAG
2444,CAGCTCAAGACACCGC,204055,ACGTATTTCAGGAGGG
2445,CAGCTCAAGGGATGAC,204275,ACGTATTTCACAGCAG
2446,CAGCTCAAGGTCCGTA,204300,ACGTATTTCTAATCAC
2447,CAGCTCAAGTAATCCA,204332,ACGTATTTCAGCTAAA
2448,CAGGAAGGTATTACCC,204495,CGTGAACCACCTTAGT
2449,CAGGAAGGTGACATAT,204587,CGTGAACCATGGTGAC
2450,CAGGAAGGTTCATTTG,204721,CGTGAACCAAGGCTTA
2451,CAGGAAGGTTGACTTC,204738,CGTGAACCATCACAGA
2452,CAGGACACAATTTGGT,204910,TATGTTGGTTTGAGTC
2453,CAGGACCTCAAGTGTC,205204,CAGCTAGAGCAAGTCG
2454,CAGGACCTCATGCATA,205277,CAGCTAGAGCACCTAC
2455,CAGGACCTCCAACTGG,205308,CAGCTAGAGAACAACC
2456,CAGGACCTCCGCCTAT,205355,CAGCTAGAGCTTGCAC
2457,CAGGACCTCGACAAAG,205415,CAGCTAGAGAAAGGCA
2458,CAGGATGCAGGTCCTG,205830,GACCAGGGTCACGCAC
2459,CAGGATGCATACCCGG,205870,GACCAGGGTCACCATG
2460,CAGGATGCATGTTGTG,205925,GACCAGGGTCGTAATC
2461,CAGGCTATCAAGCTTA,205969,CACCGTTAGCAGCCAA
2462,CAGGCTATCATGCTAA,206048,CACCGTTAGCTCGACT
2463,CAGGCTATCCCTGACT,206111,CACCGTTAGGTGGGAG
2464,CAGGCTATCCGCATGA,206121,CACCGTTAGTCACTAT
2465,CAGGCTGGTAATAGCT,206360,TAGCAGCCATGAGCCG
2466,CAGGCTGGTCCGTGAG,206468,TAGCAGCCATGGTTAG
2467,CAGGCTGGTCCTTTAA,206478,TAGCAGCCAGAAATGA
2468,CAGGCTGGTGAGCAAG,206510,TAGCAGCCATCTATGC
2469,CAGGGCTTCCTAGTCC,206913,CAAAGGAAGCGAAGCC
2470,CAGGGCTTCCTCATCA,206919,CAAAGGAAGGATCCAG
2471,CAGGGCTTCGATATTG,206957,CAAAGGAAGATTCTGT
2472,CAGGGCTTCGTTAACA,207013,CAAAGGAAGAAACCGT
2473,CAGGGCTTCTGTGAGT,207074,CAAAGGAAGGTATTTC
2474,CAGGGCTTCTTACTCG,207081,CAAAGGAAGAGGGACG
2475,CAGGGTGAGAAAGGAA,207109,TGGTGAGTCACTCGCG
2476,CAGGGTGAGAGGAAGG,207140,TGGTGAGTCGCATTGC
2477,CAGGGTGAGCGGTTAT,207227,TGGTGAGTCGCGAAGC
2478,CAGGGTGAGGCACAGG,207306,TGGTGAGTCGCTCAAC
2479,CAGGGTGAGGCAGGTG,207307,TGGTGAGTCGGGATGC
2480,CAGGGTGAGTGGACAA,207451,TGGTGAGTCATTAGCT
2481,CAGGTCCAGATAACCC,207531,ATAATGGTCATTTAGC
2482,CAGGTCCAGCACTAGT,207555,ATAATGGTCCGCCATG
2483,CAGGTCCAGGCGTAAA,207711,ATAATGGTCCGGGTTT
2484,CAGGTCCAGTAGCGCC,207789,ATAATGGTCTGTCAGC
2485,CAGGTCCAGTTTGAGC,207870,ATAATGGTCAAATCCT
2486,CAGGTCCAGTTTGGTA,207873,ATAATGGTCGCTTCGG
2487,CAGGTGGAGCACAGAA,207932,ACTGAGGTCTTAAGGA
2488,CAGGTGGAGCTGAGGG,208015,ACTGAGGTCCGGATTC
2489,CAGGTGGAGCTGTAAC,208020,ACTGAGGTCTCGACTA
2490,CAGGTGGAGGGTGGAT,208123,ACTGAGGTCATTGCGC
2491,CAGGTTTAGCACAGGG,208700,ACCCTCCTCCAATTGT
2492,CAGGTTTAGGCACAGG,208840,ACCCTCCTCGCTCAAC
2493,CAGGTTTAGGGTGAAC,208887,ACCCTCCTCCACTATG
2494,CAGGTTTAGTGTTGTA,208989,ACCCTCCTCCAAACCC
2495,CAGTACCCACAAAGCG,209133,TGTTGACGTACAAACG
2496,CAGTACCCATCCCTCA,209345,TGTTGACGTTAAGTCC
2497,CAGTACCCATTTAAGC,209407,TGTTGACGTTCACTTT
2498,CAGTATGGTAACGGGA,209418,TGTAAGTCACTGGCAG
2499,CAGTATGGTAGCCATA,209459,TGTAAGTCAGGTAACC
2500,CAGTATGGTGGAGCAA,209617,TGTAAGTCAGCCTAAA
2501,CAGTATGGTTACAACG,209669,TGTAAGTCAGATAATC
2502,CAGTATGGTTACTAGG,209675,TGTAAGTCATGACAAT
2503,CAGTATGGTTGCCTCA,209732,TGTAAGTCAGGTTACA
2504,CAGTATGGTTTGCTGT,209782,TGTAAGTCATTGTGGA
2505,CATAACGGTAGGATTT,209849,ACCTGTTCATATTGCC
2506,CATAACGGTTCACCAT,210085,ACCTGTTCATTACGGA
2507,CATAACGGTTCCGGCT,210093,ACCTGTTCATGCCTGC
2508,CATAACGGTTGCACGG,210111,ACCTGTTCAGGTCAAC
2509,CATAAGCTCATGAAGG,210257,GCATGCAAGTAAGCGT
2510,CATAAGCTCCGCCTCA,210340,GCATGCAAGTCACCAC
2511,CATAAGCTCCTAAGAC,210355,GCATGCAAGTCAATAG
2512,CATAAGCTCGATATTG,210407,GCATGCAAGATTCTGT
2513,CATAAGCTCGCATTAA,210420,GCATGCAAGCTAGTTT
2514,CATAAGCTCTAAATCG,210475,GCATGCAAGCTATTGT
2515,CATAAGCTCTCGACCT,210511,GCATGCAAGTATTTGC
2516,CATAAGCTCTTGACCC,210539,GCATGCAAGGAGCAGG
2517,CATAATCCACCTGCCT,210712,CGGTATTGTATATTCG
2518,CATAATCCACCTGGTG,210714,CGGTATTGTTAATCCA
2519,CATAATCCAGCATGAG,210767,CGGTATTGTTACTCCC
2520,CATAATCCAGCTCATA,210782,CGGTATTGTTCAAGCT
2521,CATAATCCAGGCCTTG,210802,CGGTATTGTCATGAAG
2522,CATAATCCAGGGAGCT,210811,CGGTATTGTGAGCATA
2523,CATAATCCAGTAAGTA,210821,CGGTATTGTGAACCGG
2524,CATAATGTCACGCGGT,210983,CAGTTAAAGAGGCTAT
2525,CATAATGTCAGGCCTA,211003,CAGTTAAAGGCCCTTG
2526,CATAATGTCATTGACA,211050,CAGTTAAAGTTGCAGG
2527,CATAGACTCCATAATG,211459,ACGTAGTAGGGTTGGC
2528,CATAGACTCCCGAACA,211465,ACGTAGTAGGTCCCTG
2529,CATAGCTAGCGATACT,211817,TCCATGATCAGCTATT
2530,CATAGCTAGCTTAACA,211857,TCCATGATCCGTTAGC
2531,CATAGCTAGGGTGAAC,211955,TCCATGATCCACTATG
2532,CATAGCTAGTTATTCC,212072,TCCATGATCATGAAGC
2533,CATAGGCGTATTGTCC,212172,GGTTGACCATTAGTGG
2534,CATAGGCGTTCGGGAT,212403,GGTTGACCATGCATCT
2535,CATAGGCGTTGGCCGA,212424,GGTTGACCAAACCTAG
2536,CATAGGTTCAAGCTTA,212487,GAACTTAAGCAGCCAA
2537,CATAGGTTCAGGGCCT,212539,GAACTTAAGCCGATAG
2538,CATAGGTTCCTGGTGA,212684,GAACTTAAGACACGCA
2539,CATAGGTTCGCGACAC,212725,GAACTTAAGCAGGTTG
2540,CATAGGTTCGGCCAGT,212738,GAACTTAAGAGATTCA
2541,CATAGGTTCTAATTGG,212788,GAACTTAAGCTATCGC
2542,CATAGTCAGAATCGCT,212867,TTGTCCTTCCTGATCA
2543,CATAGTCAGCTTATGA,213011,TTGTCCTTCACTAATC
2544,CATAGTCAGGACAACA,213027,TTGTCCTTCTATGCAT
2545,CATAGTCAGTAACCAC,213143,TTGTCCTTCTCAAACT
2546,CATAGTCAGTAAGTGG,213151,TTGTCCTTCCTAACTG
2547,CATAGTCAGTCATCCC,213176,TTGTCCTTCCTTAACG
2548,CATAGTCAGTGAACCT,213191,TTGTCCTTCAGGGCTA
2549,CATATCGCAACACCTA,213267,GCCAACCGTTTCCTCA
2550,CATATCGCAAGGCCAA,213299,GCCAACCGTGAATCGA
2551,CATATCGCAAGGTAAC,213301,GCCAACCGTTAGCTAC
2552,CATATCGCAATGCCTA,213336,GCCAACCGTAACCGTT
2553,CATATCGCACAATGTT,213359,GCCAACCGTTAAAGAC
2554,CATATCGCACAGGGAC,213371,GCCAACCGTAAACCGA
2555,CATATCGCAGCACGAA,213450,GCCAACCGTAATCACC
2556,CATATCGCATGACTAT,213576,GCCAACCGTTAGCTCG
2557,CATCAATCAATCATGT,213710,TAGCTACGTAGAGGGA
2558,CATCAATCAATGCGCT,213721,TAGCTACGTTTCACCC
2559,CATCAATCAGCATGAG,213837,TAGCTACGTTACTCCC
2560,CATCAATCAGCTAATT,213849,TAGCTACGTATTTACG
2561,CATCAATCAGGCTACT,213876,TAGCTACGTTTGTAGC
2562,CATCAATCATCAATCG,213937,TAGCTACGTGTAACCT
2563,CATCAATCATCAGCAC,213940,TAGCTACGTTGTGCGC
2564,CATCAATCATCGCTCC,213951,TAGCTACGTTTGAGCT
2565,CATCAATCATCGTTCT,213953,TAGCTACGTTATTGTG
2566,CATCACACAACGTGCT,214046,CGTGAGGGTTCTCACC
2567,CATCACACAATATGGA,214093,CGTGAGGGTGCAATAG
2568,CATCACACACCTGCTC,214167,CGTGAGGGTACACCGC
2569,CATCACACATCATGTG,214327,CGTGAGGGTCCCGGAT
2570,CATCACACATTAAGCT,214367,CGTGAGGGTGCTCCTT
2571,CATCACACATTAGCGC,214370,CGTGAGGGTACTGATC
2572,CATCAGCCACAAACTT,214501,ACAGGCGGTCAATACC
2573,CATCATAAGCCTGGTA,214878,TAACTACTCGAAGTTA
2574,CATCATAAGGTTTGCG,215059,TAACTACTCAGCCTTA
2575,CATCATGCAAGCGATG,215211,CCTAATAGTCTATGAC
2576,CATCATGCAGGCTTGT,215416,CCTAATAGTTGCAAGA
2577,CATCATGCAGTACCGT,215429,CCTAATAGTATAGCTC
2578,CATCATGCATCAGTAT,215477,CCTAATAGTTTGAGGA
2579,CATCATGCATCTTGAG,215491,CCTAATAGTGATCCTG
2580,CATCCCAGTACGGTAC,215588,CAGCTAACATAAAGGA
2581,CATCCCAGTAGTTAAC,215612,CAGCTAACATCCGGGA
2582,CATCCCAGTATTTGCC,215628,CAGCTAACACCTAACT
2583,CATCCCAGTCCTCCAA,215679,CAGCTAACAGAGAGGC
2584,CATCCCAGTCCTTCAG,215682,CAGCTAACATAAGTCG
2585,CATCCCAGTTACAAAC,215806,CAGCTAACATTAGCAG
2586,CATCCCAGTTAGTACG,215830,CAGCTAACAACAGGCT
2587,CATCCCAGTTCAAGAT,215839,CAGCTAACAATTACCC
2588,CATCCTCAGCAGGTTT,215999,TCTTGGATCGCCTAAC
2589,CATCCTCAGGCATTGT,216133,TCTTGGATCCTTCGGG
2590,CATCCTCAGGCGCACT,216143,TCTTGGATCAATGTGA
2591,CATCCTCAGTCAATTG,216238,TCTTGGATCTTTGGTG
2592,CATCCTGGTAAACAAG,216313,AACCGCGCAAATATGC
2593,CATCCTGGTCAGTAAT,216418,AACCGCGCAACCAAAT
2594,CATCCTGGTGCATTTC,216501,AACCGCGCACCAGCTC
2595,CATCCTGGTTACTTGC,216581,AACCGCGCATCAGTAG
2596,CATCCTGGTTGTCATC,216653,AACCGCGCAGCACTAA
2597,CATCGCTTCAGCACCA,217133,TTGAGCGAGTGTTTGT
2598,CATCGCTTCCGCAACA,217240,TTGAGCGAGGAGTATC
2599,CATCGCTTCCGGTTAG,217252,TTGAGCGAGGGTCCAA
2600,CATCGCTTCCTAAGTA,217263,TTGAGCGAGTTTCTGG
2601,CATCGCTTCCTGAATA,217281,TTGAGCGAGTGGCTAG
2602,CATCGCTTCGGTTTCC,217358,TTGAGCGAGTTTCTCC
2603,CATGAGGCAGGAACCA,217693,TGCATTAGTTATGTTG
2604,CATGAGGCAGGCGATA,217710,TGCATTAGTGGATTGA
2605,CATGAGGCATAAGCAA,217750,TGCATTAGTAAGGCCG
2606,CATGAGGCATCGCTTT,217788,TGCATTAGTTGCTGGC
2607,CATGCAAGTAGCTGGT,217903,ATAGCCACAGGTTGCG
2608,CATGCAAGTCAGGAAG,217949,ATAGCCACAGGTATTG
2609,CATGCAAGTGAGCAAG,218016,ATAGCCACATCTATGC
2610,CATGCATAGCCTTAAA,218331,CTGCAACTCTGGTCTA
2611,CATGCATAGCTTGCTC,218384,CTGCAACTCCTAATCG
2612,CATGCATAGGCCTGGT,218439,CTGCAACTCCTTGCAA
2613,CATGCATAGGGATGAC,218465,CTGCAACTCACAGCAG
2614,CATGCATAGTGCACGC,218571,CTGCAACTCTAAGTCT
2615,CATGCGCAGACTATTG,218635,ATGCCCGTCCACCTGG
2616,CATGCGCAGCAACATC,218663,ATGCCCGTCCAAGTGG
2617,CATGCGCAGGTGCGGA,218883,ATGCCCGTCATGCCTA
2618,CATGCGCAGTGACCTG,218948,ATGCCCGTCTAGGCGA
2619,CATGCGCAGTGAGCAA,218950,ATGCCCGTCTAATCGT
2620,CATGCGCAGTTGTCAA,218986,ATGCCCGTCACCTGGT
2621,CATGCGGGTAGGTTAT,219057,TTGCGGGCATTATCTG
2622,CATGCGGGTCGCATAA,219140,TTGCGGGCAACCTACT
2623,CATGCGGGTTCGCTTG,219306,TTGCGGGCACTTGCTG
2624,CATGCGGGTTTAGCGA,219351,TTGCGGGCACAGCACG
2625,CATGGATTCACGCATG,219419,GCAATACAGTTACCCA
2626,CATGGATTCATGGTTA,219476,GCAATACAGTTACCGC
2627,CATGGATTCATTGTTC,219492,GCAATACAGGAGGTAA
2628,CATGGATTCCTTGAGG,219597,GCAATACAGTATCCGC
2629,CATGGATTCCTTGTTG,219600,GCAATACAGGTAAGCT
2630,CATGGATTCGACAAAG,219605,GCAATACAGAAAGGCA
2631,CATGGATTCTGCAAAC,219721,GCAATACAGTTACAAG
2632,CATGGCGGTAGTTAAC,219828,CATTACCCATCCGGGA
2633,CATGGCGGTATACTGG,219831,CATTACCCACAGCAAC
2634,CATGGCGGTGGTTCTT,219984,CATTACCCAGAAACCC
2635,CATGGCGGTTCGCTTG,220072,CATTACCCACTTGCTG
2636,CATTATCTCAAACTCA,220148,ATCAGGTAGTAACGTA
2637,CATTATCTCCGGTATG,220317,ATCAGGTAGTTAACGA
2638,CATTATCTCCTAAATG,220325,ATCAGGTAGATAACCA
2639,CATTATCTCGAGCTAT,220374,ATCAGGTAGGTATGTA
2640,CATTATCTCTCCATGC,220480,ATCAGGTAGTTACATC
2641,CATTATCTCTGGCTTC,220492,ATCAGGTAGTCAGGAT
2642,CATTATCTCTTAATGG,220502,ATCAGGTAGATGAACC
2643,CATTATGAGCAGCTAT,220595,GTTTGCATCCATGCTA
2644,CATTATGAGGAAACTG,220687,GTTTGCATCGTTTCTC
2645,CATTATGAGGCGCATC,220744,GTTTGCATCAGGATTA
2646,CATTATGAGTTGCGTG,220898,GTTTGCATCATAGCGG
2647,CATTCATTCATTTGCT,221028,AATCCTTAGCTTTAGT
2648,CATTCATTCCCGTTGT,221059,AATCCTTAGGTAGCTG
2649,CATTCATTCCGCTAGA,221081,AATCCTTAGCTCATTG
2650,CATTCATTCCTTGAGG,221131,AATCCTTAGTATCCGC
2651,CATTCATTCGCAATCG,221155,AATCCTTAGCCGCAAA
2652,CATTCATTCTAACCAA,221216,AATCCTTAGGCTTAGG
2653,CATTCCTCAACTAGCC,221335,GGTTGTTGTTGTTGTA
2654,CATTCCTCACAATGTT,221413,GGTTGTTGTTAAAGAC
2655,CATTCCTCACATAGCC,221428,GGTTGTTGTAATCCCG
2656,CATTCCTCACCGGCTA,221441,GGTTGTTGTCTGTGCA
2657,CATTCCTCACTTCACT,221482,GGTTGTTGTGCGTACC
2658,CATTCCTCAGAAATTG,221487,GGTTGTTGTTTAGCGT
2659,CATTCCTCAGCAACAG,221497,GGTTGTTGTAATCCAC
2660,CATTCCTCAGCAAGTG,221501,GGTTGTTGTCTAATCA
2661,CATTCCTCATTAGGTT,221658,GGTTGTTGTCCTTGAG
2662,CATTGCGAGCCGCAAC,221768,AGCATCCTCTTTGGGC
2663,CATTGCGAGGAAGCTA,221846,AGCATCCTCCTTTGAG
2664,CATTGCGAGGCCCAGT,221888,AGCATCCTCAATCCAT
2665,CATTGCGAGGCCTGGT,221891,AGCATCCTCCTTGCAA
2666,CATTGCGAGGTCCTGA,221944,AGCATCCTCTATATGC
2667,CATTGCGAGTTCCTGC,222048,AGCATCCTCCGTCAAC
2668,CATTGTAAGAACCTAC,222069,AGGATTATCATTAACC
2669,CATTGTAAGATAACCC,222105,AGGATTATCATTTAGC
2670,CATTGTAAGCATTAGC,222143,AGGATTATCGTGATAA
2671,CATTGTAAGCTTTGGG,222221,AGGATTATCCCAATAT
2672,CATTGTAAGTACTGGT,222360,AGGATTATCACAGATA
2673,CATTGTAAGTTTGAGC,222444,AGGATTATCAAATCCT
2674,CATTGTGCAAACGGGC,222455,ACGTTACGTAGGTGAC
2675,CATTGTGCACAAAGCG,222557,ACGTTACGTACAAACG
2676,CATTGTGCACAGACTC,222572,ACGTTACGTACCGGCT
2677,CATTGTGCACATTAAC,222582,ACGTTACGTTCACGCA
2678,CATTGTGCAGCAACCT,222650,ACGTTACGTTCTGGCA
2679,CATTGTGCAGCACGAA,222656,ACGTTACGTAATCACC
2680,CATTGTGCAGGACCAA,222684,ACGTTACGTATTCGGT
2681,CATTGTGCAGTTATCG,222726,ACGTTACGTTTATTCC
2682,CATTTGTTCAATGACC,222854,TAAAGGGAGACTAATG
2683,CATTTGTTCACAAGCT,222860,TAAAGGGAGCTAACGG
2684,CATTTGTTCATAGACC,222908,TAAAGGGAGTCCTTGA
2685,CATTTGTTCATTACAG,222934,TAAAGGGAGGACCATG
2686,CATTTGTTCCAATTAG,222956,TAAAGGGAGCTTAAAG
2687,CATTTGTTCCAGGGAG,222963,TAAAGGGAGTTATTGC
2688,CATTTGTTCGATATTG,223067,TAAAGGGAGATTCTGT
2689,CATTTGTTCGGCTATG,223099,TAAAGGGAGTGGCTTC
2690,CATTTGTTCTCGCCTG,223173,TAAAGGGAGCTTTAAC
2691,CCAAACCCAAGATTCT,223261,TCCAATAGTTATGGAG
2692,CCAAACCCAATGCCTA,223310,TCCAATAGTAACCGTT
2693,CCAAACCCAATGCGCT,223311,TCCAATAGTTTCACCC
2694,CCAAACCCACTAAGCC,223388,TCCAATAGTTAGGCGG
2695,CCAAACCCAGGTCCTG,223474,TCCAATAGTCACGCAC
2696,CCAAACCCATTAAGCT,223573,TCCAATAGTGCTCCTT
2697,CCAAACCCATTCAGCA,223583,TCCAATAGTAAGGGCT
2698,CCAAACTAGCATGTCG,223677,ATGCATTTCCCTCGTC
2699,CCAAACTAGGCATTAC,223804,ATGCATTTCAAAGGGA
2700,CCAAACTAGGCCCAGT,223808,ATGCATTTCAATCCAT
2701,CCAAACTAGGCCTAAT,223810,ATGCATTTCCGCCTCT
2702,CCAAACTAGGTTACGT,223876,ATGCATTTCTAATCCG
2703,CCAAACTAGTAACCAC,223885,ATGCATTTCTCAAACT
2704,CCAAACTAGTAGCCAT,223898,ATGCATTTCCCTCATT
2705,CCAAATCAGAAGGTGC,223992,ATGCACCTCACCAACC
2706,CCAAATCAGCACTAGT,224049,ATGCACCTCCGCCATG
2707,CCAAATCAGCGCTCAA,224100,ATGCACCTCGCTTGTA
2708,CCAACATAGCCGGTAC,224460,ACCGGTTTCCTACTAG
2709,CCAACATAGGCATTAC,224572,ACCGGTTTCAAAGGGA
2710,CCAACCAAGAGGGACT,224791,ATGGCCTTCCCACCTC
2711,CCAACCAAGCGCCTTT,224866,ATGGCCTTCTATTGAC
2712,CCAACCAAGGACCGCT,224925,ATGGCCTTCATAACCT
2713,CCAACCAAGGCACAGG,224952,ATGGCCTTCGCTCAAC
2714,CCAACCAAGTTCCTGC,225120,ATGGCCTTCCGTCAAC
2715,CCAACCCGTGCTCCGT,225335,GTTGAATCAACAAGTT
2716,CCAACCCGTGTTTGCT,225380,GTTGAATCATCCTAGT
2717,CCAACCCGTTACATCC,225398,GTTGAATCAACAACAT
2718,CCAACCCGTTCGCGCT,225444,GTTGAATCAATCATGG
2719,CCAAGGCTCCCTGTTA,225677,CACTTGCAGCCAGTAG
2720,CCAAGGCTCTTTAAGG,225898,CACTTGCAGTTTGTCG
2721,CCAAGTTAGACTATTG,225925,GCCTATATCCACCTGG
2722,CCAAGTTAGACTCGCA,225926,GCCTATATCTAGGATA
2723,CCAAGTTAGGATCACT,226093,GCCTATATCATTATGC
2724,CCAAGTTAGGCAAGTA,226100,GCCTATATCTTGAATC
2725,CCAAGTTAGGCTAAGA,226124,GCCTATATCATTAGTC
2726,CCAAGTTAGGGTGAGT,226150,GCCTATATCACATAGA
2727,CCAAGTTAGTTAGTGC,226260,GCCTATATCGTGCTTA
2728,CCAATATCAATAACCT,226358,ACTTCCCGTCGAGGCA
2729,CCAATATCAGTCTAGC,226559,ACTTCCCGTATAGTGG
2730,CCAATATCAGTTTACG,226567,ACTTCCCGTAGACTAG
2731,CCAATATCATGAATAG,226618,ACTTCCCGTTATCCGG
2732,CCACAATAGACAACGA,226685,TGCCAGTTCTTTAGCG
2733,CCACAATAGGCCAATT,226876,TGCCAGTTCTTAGCTG
2734,CCACAATAGTAACCAC,226955,TGCCAGTTCTCAAACT
2735,CCACACAAGATAGACG,227097,GTCTATGTCATAATGG
2736,CCACACAAGCACTAAC,227118,GTCTATGTCGCGAGGT
2737,CCACACAAGCGGGCAA,227174,GTCTATGTCCCTCACC
2738,CCACACAAGGATTGCT,227249,GTCTATGTCAGGTAAC
2739,CCACACAAGTGATTCA,227396,GTCTATGTCTCACTTC
2740,CCACACAAGTTGGGCC,227427,GTCTATGTCTTTGTGG
2741,CCACAGGGTAATCGGC,227462,GGTTTGACAGTTTGCT
2742,CCACAGGGTTGCGCGA,227763,GGTTTGACACTAGCTT
2743,CCACATTGTGATCATG,227996,GCATGACCATGCCTCA
2744,CCACATTGTGGATGTC,228030,GCATGACCAGCTAGAC
2745,CCACATTGTTGTTGGA,228167,GCATGACCATCCTCCT
2746,CCACTTGGTAGGTGTC,228262,TCCTGTGCACGCCCAT
2747,CCACTTGGTGATGATT,228381,TCCTGTGCATCAGTTC
2748,CCACTTGGTGCGCGTA,228396,TCCTGTGCAAGTGCCG
2749,CCACTTGGTTAACGAT,228451,TCCTGTGCAGTTTCCG
2750,CCACTTGGTTGTTGTC,228550,TCCTGTGCAAATGCGC
2751,CCACTTGGTTTGGCTT,228578,TCCTGTGCAATCTCTA
2752,CCAGACTCACAATGCC,228700,CATTGACGTCCAATTA
2753,CCAGACTCACTGACCG,228763,CATTGACGTGAGTAGC
2754,CCAGACTCATTGACAT,228954,CATTGACGTCAATTGC
2755,CCAGCCTGTAAGGTCC,228984,TTAAAGCCAATTTGGG
2756,CCAGCCTGTACAAAGA,228998,TTAAAGCCAGTTCCCA
2757,CCAGCCTGTAGCAGCT,229018,TTAAAGCCAGGAAGCA
2758,CCAGCCTGTGTGCACG,229200,TTAAAGCCAATACCCT
2759,CCAGCTAAGACTTATG,229376,CGCTAACTCGCTTGAC
2760,CCAGCTAAGGCATGAA,229552,CGCTAACTCAGCTAGG
2761,CCAGCTAAGGCCAATT,229556,CGCTAACTCTTAGCTG
2762,CCAGCTAAGGTTTACA,229629,CGCTAACTCTTCAAGT
2763,CCAGCTGCAATAACCT,229806,ACAACCTGTCGAGGCA
2764,CCAGCTGCAGGGAGCT,229989,ACAACCTGTGAGCATA
2765,CCAGCTGCATGAATCT,230067,ACAACCTGTTTATGTG
2766,CCAGGAACAAGCCAGA,230165,GCGGTAGGTCGCATTG
2767,CCAGGAACAATTGCGC,230222,GCGGTAGGTACTAACC
2768,CCAGGAACAGGCCATT,230363,GCGGTAGGTGCATTTA
2769,CCAGGAACATGAAATG,230448,GCGGTAGGTACTGACT
2770,CCAGGATGTGAGGTGA,230676,GCTTGAACAAGCTCAA
2771,CCAGGATGTGTTGCTT,230741,GCTTGAACATACTTGC
2772,CCAGTTTGTACCCACC,230917,GACGGTTCACCTTCTC
2773,CCAGTTTGTACTGAAT,230929,GACGGTTCAAACCAGC
2774,CCAGTTTGTATTGGTG,230963,GACGGTTCATCATGCT
2775,CCAGTTTGTCAGGCAT,230988,GACGGTTCAACCTCGC
2776,CCAGTTTGTCATTGAG,231002,GACGGTTCATGCTCCA
2777,CCAGTTTGTCGTAATG,231031,GACGGTTCAATGGACC
2778,CCAGTTTGTTCAAGAT,231177,GACGGTTCAATTACCC
2779,CCATAAATCAAGGACA,231280,TGGTCCTAGTTTCACG
2780,CCATAAATCATAGCCG,231343,TGGTCCTAGGAGCAAA
2781,CCATAAATCCCGTTGT,231413,TGGTCCTAGGTAGCTG
2782,CCATAAATCGCTAAGT,231520,TGGTCCTAGCTGGCAA
2783,CCATAAGGTAAGGTTT,231667,GTCATAGCAAGGTGGA
2784,CCATAAGGTGATGATT,231829,GTCATAGCATCAGTTC
2785,CCATAAGGTGTTGTAG,231890,GTCATAGCACTATACC
2786,CCATAAGGTTGGCGTG,231983,GTCATAGCACTAGTCT
2787,CCATAATCAAAGCGGC,232046,CGTCCAAGTGGATTAG
2788,CCATAATCACGAATTT,232194,CGTCCAAGTACCGTGC
2789,CCATAATCAGGTTATT,232293,CGTCCAAGTTTGGTGT
2790,CCATAATCATCACTTC,232345,CGTCCAAGTAAAGCAT
2791,CCATAATCATTGCGTA,232406,CGTCCAAGTGTGATTC
2792,CCATAGCCAAAGCTCC,232432,ATTTGCAGTCATGATC
2793,CCATAGCCAATCATGT,232500,ATTTGCAGTAGAGGGA
2794,CCATAGCCAGTAGGAT,232685,ATTTGCAGTGGATGCG
2795,CCATAGCCATAAGTTC,232707,ATTTGCAGTGGACATA
2796,CCATAGCCATTAAACC,232771,ATTTGCAGTTATGTCA
2797,CCATATTTCAATTGGC,232827,CAGAGGGAGTAGGATC
2798,CCATATTTCTTAGTCT,233164,CAGAGGGAGATTGAGC
2799,CCATCACTCCAGCACA,233313,ACACGCAAGTAGGTTA
2800,CCATCACTCGTGCTTC,233474,ACACGCAAGTCATAAG
2801,CCATCATGTCTAACCT,233719,CGTGAGTCAAACTAGT
2802,CCATCATGTTTCGCGC,233935,CGTGAGTCACCTGGTC
2803,CCATTGTGTCACAGAC,234430,GGTCTAACAGCCAATA
2804,CCATTGTGTGCATTAG,234522,GGTCTAACAACCAACA
2805,CCATTGTGTGCTCACC,234531,GGTCTAACAAATAGCT
2806,CCATTGTGTTAGAGGG,234606,GGTCTAACAAGGATGG
2807,CCATTGTGTTTGCTGT,234708,GGTCTAACATTGTGGA
2808,CCCAAACCACAAGCCT,234830,GGTTAAGGTTCATTGA
2809,CCCAAACCAGGCTACT,234966,GGTTAAGGTTTGTAGC
2810,CCCAAACCATTGTTGG,235098,GGTTAAGGTCACCAAT
2811,CCCAAATAGGTTTGAC,235380,AGGAATCTCGATTAAG
2812,CCCAAATAGTCGCTAG,235427,AGGAATCTCCATCAGC
2813,CCCAACCGTATTCGCT,235558,TGACATGCAGGATGGA
2814,CCCAACCGTATTGTGG,235565,TGACATGCAGTCTATC
2815,CCCAACCGTCCAAGAC,235605,TGACATGCACTAGTAG
2816,CCCAACCGTTGTGATG,235828,TGACATGCAAGTCCTT
2817,CCCAACCGTTTGCAGA,235855,TGACATGCAAGGAATA
2818,CCCAATTGTCCTCCAA,235999,CTAACGACAGAGAGGC
2819,CCCAATTGTTACAAAC,236126,CTAACGACATTAGCAG
2820,CCCAATTGTTGGCCGA,236198,CTAACGACAAACCTAG
2821,CCCAGCACAAGGGTTG,236306,GCCCAGTGTCCTCCTG
2822,CCCAGCACAATATACC,236329,GCCCAGTGTAGGCGCA
2823,CCCAGCACAATTGAAG,236349,GCCCAGTGTAGTCCTG
2824,CCCAGCACACAATGTT,236365,GCCCAGTGTTAAAGAC
2825,CCCAGCACACAGCCTG,236374,GCCCAGTGTATTGAGG
2826,CCCAGCACACATTGCA,236383,GCCCAGTGTTAAGTGG
2827,CCCAGCACACCCTCAC,236392,GCCCAGTGTAAGTGGC
2828,CCCAGCACACCTATAG,236400,GCCCAGTGTAACGAGC
2829,CCCAGCACAGAATGAC,236441,GCCCAGTGTCTTAGCG
2830,CCCAGCACAGACAAAC,236442,GCCCAGTGTAGTTGGA
2831,CCCAGTTTCATCCTAT,236713,TAAATCGAGTATCGCC
2832,CCCAGTTTCATGCAAC,236720,TAAATCGAGGTCATGG
2833,CCCAGTTTCCTAATAG,236818,TAAATCGAGGTCACGA
2834,CCCAGTTTCTAAGGAG,236939,TAAATCGAGATAACTG
2835,CCCATAACAGTTATGT,237295,CCAGGCTGTTTGCAGT
2836,CCCGCAACAAAGCTAA,237415,GGAGGAAGTTTCCAGG
2837,CCCGCAACAAAGCTCC,237416,GGAGGAAGTCATGATC
2838,CCCGCAACAAGGTGGC,237465,GGAGGAAGTGCTAGCC
2839,CCCGCAACACATAGCC,237532,GGAGGAAGTAATCCCG
2840,CCCGCAACACCAGGTT,237540,GGAGGAAGTTTGCTGG
2841,CCCGCAACACCCTCAC,237544,GGAGGAAGTAAGTGGC
2842,CCCGCAACACCTACTT,237551,GGAGGAAGTAGCGGAT
2843,CCCGCAACAGCCAGTT,237616,GGAGGAAGTACGGTTT
2844,CCCGCAACATCAATCG,237711,GGAGGAAGTGTAACCT
2845,CCCGCTTCAAACCTTG,237789,TCAGCATGTCCTCCAT
2846,CCCGCTTCAAGTAAGC,237850,TCAGCATGTTAGCGTT
2847,CCCGCTTCATGTCAAT,238131,TCAGCATGTTGCGAGG
2848,CCCGTAAAGACAAGTG,238184,ATTAGGATCCTCACTT
2849,CCCGTAAAGAGGAGGA,238203,ATTAGGATCTAGCCAC
2850,CCCGTAAAGTAGGCGG,238471,ATTAGGATCCCGCTGA
2851,CCCGTTGTCAAGCCTG,238562,ACAAAGGAGATTCACT
2852,CCCGTTGTCACAGCCA,238583,ACAAAGGAGTAACACA
2853,CCCGTTGTCCTCCATA,238751,ACAAAGGAGATAGCCG
2854,CCCGTTGTCTCATCAT,238886,ACAAAGGAGTCAATTC
2855,CCCGTTGTCTTAGGAC,238914,ACAAAGGAGCGCTACT
2856,CCCTAATGTAAATTGC,238940,GGACAAGCACCTTCCT
2857,CCCTAATGTCAATAGT,239028,GGACAAGCAGGGAGTA
2858,CCCTCACCAATAGTCT,239398,GAGTCAAGTGTCCTGA
2859,CCCTCACCACGAACAG,239478,GAGTCAAGTCACACTG
2860,CCCTCACCAGATTCAT,239517,GAGTCAAGTTATTTGG
2861,CCCTCACCAGGAACAT,239548,GAGTCAAGTGCGGTTC
2862,CCCTCACCATCACTTC,239631,GAGTCAAGTAAAGCAT
2863,CCCTCACCATCCATCT,239637,GAGTCAAGTCACTCAG
2864,CCCTCACCATGACTAT,239652,GAGTCAAGTTAGCTCG
2865,CCCTCAGTCCCGCCTA,239847,ACATAGCAGCCTAGTC
2866,CCCTCAGTCCTCAGTC,239898,ACATAGCAGAAGCAAG
2867,CCCTCAGTCTCCTCTT,240040,ACATAGCAGCTGCATC
2868,CCCTCATAGACACCGC,240103,ACAACGGTCAGGAGGG
2869,CCCTCATAGCAATAGG,240143,ACAACGGTCACTAAGA
2870,CCCTCATAGCTCATAA,240222,ACAACGGTCCCTGTGG
2871,CCCTCATAGGAACCAA,240247,ACAACGGTCAAGGTTA
2872,CCCTCATAGGCATTAC,240290,ACAACGGTCAAAGGGA
2873,CCCTGGACAACATAAG,240500,CCCAAGCGTAACGATG
2874,CCCTGGACAATGCGCT,240565,CCCAAGCGTTTCACCC
2875,CCCTGGACAGCATTAT,240684,CCCAAGCGTTGAGGGT
2876,CCCTGGACAGGGAGCT,240725,CCCAAGCGTGAGCATA
2877,CCCTTAATCCATCAGG,241374,GTTTACTAGGCTAAAC
2878,CCCTTAATCCTAATTC,241426,GTTTACTAGCTTGAAA
2879,CCCTTAATCCTGAGTG,241442,GTTTACTAGGGTTATA
2880,CCCTTAATCGCGACAC,241489,GTTTACTAGCAGGTTG
2881,CCCTTAATCTAAGTCA,241547,GTTTACTAGCACTAAA
2882,CCCTTAATCTTGAGGT,241607,GTTTACTAGGCTTAAA
2883,CCGACAGGTAAGGTCC,241638,TAACCAGCAATTTGGG
2884,CCGACAGGTCATCATC,241733,TAACCAGCATTGCCCA
2885,CCGACAGGTTCAAGCA,241916,TAACCAGCAAGCCTCC
2886,CCGATGCAGAAAGGAA,242007,GTCGGTTTCACTCGCG
2887,CCGATGCAGAACCTAC,242009,GTCGGTTTCATTAACC
2888,CCGATGCAGTAAGTGG,242297,GTCGGTTTCCTAACTG
2889,CCGATGCAGTCGCTAG,242331,GTCGGTTTCCATCAGC
2890,CCGATGCAGTGAGGTA,242345,GTCGGTTTCAGGATCG
2891,CCGCAAATCAAGTGTC,242404,GGTGAGGAGCAAGTCG
2892,CCGCAAATCGCTATGG,242647,GGTGAGGAGGAGTCGC
2893,CCGCAAATCTTAGCGG,242749,GGTGAGGAGGGTCTAG
2894,CCGCAAATCTTGCATT,242761,GGTGAGGAGTGCGGGT
2895,CCGCAAGGTACCTTAC,242810,CCCTAATCATTTCGCG
2896,CCGCAAGGTCATCAAG,242882,CCCTAATCAGCTCAAA
2897,CCGCAAGGTGGACCTG,242980,CCCTAATCACAATAAC
2898,CCGCAAGGTTAGGACC,243050,CCCTAATCACGCTAGG
2899,CCGCACACAATTGAAG,243255,GAACCGGGTAGTCCTG
2900,CCGCACACACATTAAC,243288,GAACCGGGTTCACGCA
2901,CCGCACACAGTCTAGC,243427,GAACCGGGTATAGTGG
2902,CCGCCAACAATTGCGC,243642,TATTCAGGTACTAACC
2903,CCGCCAACAGGTATTT,243795,TATTCAGGTTACGCCA
2904,CCGCTAAAGGAACCGG,244084,GTTCGGTTCCTAACCA
2905,CCGCTAAAGGCAAGTA,244120,GTTCGGTTCTTGAATC
2906,CCGCTAAAGGGTGAGT,244170,GTTCGGTTCACATAGA
2907,CCGCTAAAGGTACCGC,244177,GTTCGGTTCAAGCTTT
2908,CCGCTAAAGTCAATTG,244232,GTTCGGTTCTTTGGTG
2909,CCGCTAGCAAACGGGC,244313,GAGAGGAGTAGGTGAC
2910,CCGCTAGCATAACGGG,244593,GAGAGGAGTCCTCCCA
2911,CCGCTAGCATGAATCT,244639,GAGAGGAGTTTATGTG
2912,CCGCTAGCATGTCGCG,244655,GAGAGGAGTGAGTTAG
2913,CCGCTTAGTAACGTGC,244701,GATCAATCATTGAGGC
2914,CCGCTTAGTATTCGTC,244765,GATCAATCACTAATCC
2915,CCGCTTAGTCAGGCCA,244795,GATCAATCACATGATG
2916,CCGCTTAGTGAGACTC,244859,GATCAATCAAAGAAGC
2917,CCGCTTAGTGGATGTC,244900,GATCAATCAGCTAGAC
2918,CCGCTTAGTTGGATAT,245020,GATCAATCAATGTCAG
2919,CCGCTTAGTTGTTGCT,245036,GATCAATCATGACATG
2920,CCGGTAGGTCTAACCT,245223,ATGTGGCCAAACTAGT
2921,CCGGTAGGTGCTCCGT,245271,ATGTGGCCAACAAGTT
2922,CCGGTAGGTTACAAAC,245332,ATGTGGCCATTAGCAG
2923,CCGGTAGGTTAGTGAT,245357,ATGTGGCCACTAGCGG
2924,CCGGTAGGTTGAGCCG,245389,ATGTGGCCAGCAAATT
2925,CCGGTAGGTTTCCGGC,245436,ATGTGGCCACCGTTCA
2926,CCGGTTAAGACTTATG,245480,TGAATCTTCGCTTGAC
2927,CCGGTTAAGCCTTAAA,245557,TGAATCTTCTGGTCTA
2928,CCGGTTAAGCGGTTAT,245575,TGAATCTTCGCGAAGC
2929,CCGGTTAAGGAACCGG,245616,TGAATCTTCCTAACCA
2930,CCGGTTAAGGGCTTAT,245697,TGAATCTTCAAATACG
2931,CCGGTTAAGGTACCGC,245709,TGAATCTTCAAGCTTT
2932,CCGGTTAAGTAACGAG,245741,TGAATCTTCTATCGGC
2933,CCGGTTAAGTATTGCA,245760,TGAATCTTCCAGCTCG
2934,CCGTGCTGTAATTAGC,245867,TAGCGGTCAGTTGGGT
2935,CCGTGCTGTCAAGTGC,245928,TAGCGGTCATCCGCTA
2936,CCGTGCTGTTGGTTAG,246174,TAGCGGTCAGCTAGCG
2937,CCGTGCTGTTTGGCGG,246213,TAGCGGTCACATGCTT
2938,CCGTTAACAATGAGGT,246312,TACCTAAGTCGCAATT
2939,CCGTTAACACCGGTAT,246366,TACCTAAGTCTTGAAC
2940,CCGTTAACAGGAACTG,246452,TACCTAAGTCCGTTAG
2941,CCGTTAACAGTAGGAT,246489,TACCTAAGTGGATGCG
2942,CCGTTAACATAAAGCA,246506,TACCTAAGTAATAAGC
2943,CCGTTACTCACAGCGC,246636,GGCAATTAGGGCTACA
2944,CCGTTACTCCCATAGG,246744,GGCAATTAGCTTATCG
2945,CCGTTACTCGATAACC,246838,GGCAATTAGGCCTTGT
2946,CCGTTACTCGGGCCAT,246875,GGCAATTAGCATATTC
2947,CCGTTACTCTGGTCCT,246953,GGCAATTAGTCAACAA
2948,CCGTTATGTAATGGAA,247015,AGAATCTCAGGTTCTT
2949,CCGTTATGTATTCGTC,247063,AGAATCTCACTAATCC
2950,CCGTTATGTTACTTCA,247256,AGAATCTCATAAACCG
2951,CCGTTATGTTAGAGGG,247260,AGAATCTCAAGGATGG
2952,CCGTTATGTTTACGTC,247341,AGAATCTCAATCGTGA
2953,CCGTTATGTTTATGGG,247348,AGAATCTCACTGTCAT
2954,CCGTTATGTTTATTCG,247349,AGAATCTCATATGGTG
2955,CCGTTGCGTGCACGCA,247556,TGTTCACCATAAGCAT
2956,CCGTTGCGTTAGGCGT,247650,TGTTCACCATACTGAG
2957,CCGTTTGGTTATTGCC,248044,CGAGGAACAACGGTGT
2958,CCTAAAGGTAATTAGC,248163,ATACTGGCAGTTGGGT
2959,CCTAAATCAAACATAG,248518,TCGCTAGGTTGTTCTT
2960,CCTAAATCACTAAGTT,248689,TCGCTAGGTTGCTTCC
2961,CCTAAATCATCCTAGA,248839,TCGCTAGGTTTGTCTT
2962,CCTAAATCATCGCTTT,248842,TCGCTAGGTTGCTGGC
2963,CCTAAGCCACAATGCC,249016,CGGAACGGTCCAATTA
2964,CCTAAGCCAGCACGAA,249108,CGGAACGGTAATCACC
2965,CCTAAGCCATGAAATG,249230,CGGAACGGTACTGACT
2966,CCTAAGCCATGGAGGC,249243,CGGAACGGTGAGGTAC
2967,CCTAAGGTCAGCATTA,249341,CTAATGAAGCGAAGTT
2968,CCTAAGGTCATTTGTC,249401,CTAATGAAGAATCGAC
2969,CCTAAGGTCGATTCTT,249522,CTAATGAAGTGAGCCA
2970,CCTAAGGTCGCCTAAG,249533,CTAATGAAGTAAAGGG
2971,CCTAAGGTCGGTCAAT,249558,CTAATGAAGTTTACGT
2972,CCTAAGGTCTAGCTAA,249605,CTAATGAAGGAGGGTG
2973,CCTAAGTAGACACCGC,249685,CCCGCAATCAGGAGGG
2974,CCTAAGTAGATTGAGG,249716,CCCGCAATCAAGCCAG
2975,CCTAAGTAGGCAGGTG,249869,CCCGCAATCGGGATGC
2976,CCTAAGTAGGCCATCA,249875,CCCGCAATCGGTCAAG
2977,CCTAATAAGGTTAGCT,250330,GATTCTGTCTAACCAT
2978,CCTAATAAGTAAAGGT,250335,GATTCTGTCTAAGCGG
2979,CCTAATAAGTAGAGGC,250349,GATTCTGTCATGCAAA
2980,CCTAATCGTAGGATTT,250495,GGCATGTCATATTGCC
2981,CCTAATCGTCATCATC,250547,GGCATGTCATTGCCCA
2982,CCTAATCGTTCATCTA,250734,GGCATGTCAGGTAAGG
2983,CCTAATCGTTTGGCTT,250812,GGCATGTCAATCTCTA
2984,CCTACTGGTAGGTGTC,250878,TCCGGCTCACGCCCAT
2985,CCTACTGGTAGTTAAC,250884,TCCGGCTCATCCGGGA
2986,CCTACTGGTCCACAAA,250940,TCCGGCTCATGATCGA
2987,CCTACTGGTCCTAATC,250949,TCCGGCTCACGGTAAC
2988,CCTACTGGTGCTGTAA,251019,TCCGGCTCATAACCAG
2989,CCTACTGGTTAGTGAT,251103,TCCGGCTCACTAGCGG
2990,CCTACTTCACTGGCCA,251381,CAAACCTGTCCTGAGC
2991,CCTACTTCATCGCTCC,251525,CAAACCTGTTTGAGCT
2992,CCTAGTTGTACGCGCA,251624,CTACGGGCACCACAAA
2993,CCTAGTTGTCCAAATG,251704,CTACGGGCATGGATTG
2994,CCTAGTTGTGACCTGG,251751,CTACGGGCATAGCTTC
2995,CCTAGTTGTGCAACTA,251767,CTACGGGCAGTATGTG
2996,CCTATAGCAATCCTGA,252053,CAAAGGCGTAGACAAT
2997,CCTATAGCAATGAATG,252057,CAAAGGCGTCATCACG
2998,CCTATAGCACCTATAG,252118,CAAAGGCGTAACGAGC
2999,CCTATAGCAGTAGCCT,252234,CAAAGGCGTTGCTCAG
3000,CCTATAGCATTGTGAT,252344,CAAAGGCGTGTAATGG
3001,CCTATATTCACGTTAA,252394,GGTAACTAGCTCCTAA
3002,CCTATATTCATGAAGG,252435,GGTAACTAGTAAGCGT
3003,CCTATATTCATGGCTG,252446,GGTAACTAGGACGAAA
3004,CCTATATTCCCAGTAG,252488,GGTAACTAGGCACAAT
3005,CCTATATTCCCGAACA,252491,GGTAACTAGGTCCCTG
3006,CCTATATTCCCGCCTA,252495,GGTAACTAGCCTAGTC
3007,CCTATATTCCTCAGTC,252546,GGTAACTAGAAGCAAG
3008,CCTATATTCTGTGCCT,252704,GGTAACTAGAGGCTTG
3009,CCTATATTCTTAGTGA,252715,GGTAACTAGTGGACCA
3010,CCTATATTCTTGAGGT,252719,GGTAACTAGGCTTAAA
3011,CCTATTGTCATCCTAT,252815,TCATTACAGTATCGCC
3012,CCTATTGTCCAAACAC,252852,TCATTACAGATATTCC
3013,CCTATTGTCCCGTTTA,252882,TCATTACAGCAAGGAA
3014,CCTATTGTCCGGTATG,252907,TCATTACAGTTAACGA
3015,CCTATTGTCGAAGTGA,252960,TCATTACAGGATTGCG
3016,CCTATTGTCGTTAACA,253025,TCATTACAGAAACCGT
3017,CCTATTGTCTAATTGG,253048,TCATTACAGCTATCGC
3018,CCTATTTAGGGTGGAT,253367,CAATGTTTCATTGCGC
3019,CCTCAAACAAATTCGT,253524,CGCTTAGGTACTTATG
3020,CCTCAAACAGCAAGAT,253705,CGCTTAGGTTTACTGA
3021,CCTCAAACAGGCTAGA,253753,CGCTTAGGTTGGCGGA
3022,CCTCAAACATGAAATG,253832,CGCTTAGGTACTGACT
3023,CCTCAATGTCTCAGCC,254041,CAACAGCCAACAAAGA
3024,CCTCAATGTTAACACG,254133,CAACAGCCACATTGTC
3025,CCTCAGTTCATCCTCA,254350,GGGCCATAGAACAAGG
3026,CCTCAGTTCCAAGTGT,254389,GGGCCATAGTCACACC
3027,CCTCAGTTCCTCCCTC,254468,GGGCCATAGTGATTCT
3028,CCTCAGTTCGGTTTGG,254549,GGGCCATAGTCATTAC
3029,CCTCAGTTCTCACAAA,254597,GGGCCATAGGCATGGC
3030,CCTCAGTTCTTAGCCC,254628,GGGCCATAGTCTTAGT
3031,CCTCAGTTCTTTAGGA,254649,GGGCCATAGGTGTTAA
3032,CCTCCTCTCAATCATG,254671,ATCGCGAAGTACCGGA
3033,CCTCCTCTCACCGGTA,254689,ATCGCGAAGCCTTAAT
3034,CCTCCTCTCAGCAAGA,254706,ATCGCGAAGTATTGCT
3035,CCTCCTCTCAGCCAAT,254710,ATCGCGAAGGTTCCCG
3036,CCTCCTCTCATAATCG,254727,ATCGCGAAGCTCAAGG
3037,CCTCCTCTCATTGACA,254762,ATCGCGAAGTTGCAGG
3038,CCTCCTCTCCAGGTCA,254784,ATCGCGAAGAGCTGGC
3039,CCTCCTCTCGTACCGA,254936,ATCGCGAAGCTTAGAA
3040,CCTCCTCTCTTGCATT,255025,ATCGCGAAGTGCGGGT
3041,CCTCCTGAGAAGGTGC,255044,CGCTTAATCACCAACC
3042,CCTCCTGAGAGGAAGG,255070,CGCTTAATCGCATTGC
3043,CCTCCTGAGCATTATG,255116,CGCTTAATCTCCTCAT
3044,CCTCCTGAGCTATATG,255166,CGCTTAATCGTTAAAG
3045,CCTCCTGAGCTCCCTG,255173,CGCTTAATCACGAATA
3046,CCTCCTGAGGGTCTAT,255282,CGCTTAATCTCAAATC
3047,CCTCCTGAGTAGGATG,255338,CGCTTAATCTAGTTAC
3048,CCTCCTGAGTCATGCG,255355,CGCTTAATCACAAAGC
3049,CCTGAATAGCATGGTT,255496,CGGTGAATCATCCTCT
3050,CCTGAATAGGAAGCAC,255585,CGGTGAATCTAGCCTA
3051,CCTGAATAGGAGCATA,255602,CGGTGAATCCGTAAGG
3052,CCTGAATAGGATTGAG,255614,CGGTGAATCAGGTTCC
3053,CCTGAATAGGCGCATC,255636,CGGTGAATCAGGATTA
3054,CCTGACTTCAAGTGTC,255820,GCAGCACAGCAAGTCG
3055,CCTGACTTCAATTACG,255830,GCAGCACAGGACAACT
3056,CCTGACTTCGGGACCT,256072,GCAGCACAGCTGGATG
3057,CCTGACTTCTGTAAGC,256154,GCAGCACAGTTAACCT
3058,CCTGAGTCAAACAACA,256189,AGCATGAGTGTGTTAC
3059,CCTGAGTCAACAACAA,256212,AGCATGAGTTCAATTG
3060,CCTGAGTCAACAGCCT,256215,AGCATGAGTCGATTAC
3061,CCTGAGTCACCTGCTC,256345,AGCATGAGTACACCGC
3062,CCTGAGTCACGTTACA,256357,AGCATGAGTTACAGCT
3063,CCTGAGTCAGGCTTCG,256441,AGCATGAGTAACCGGG
3064,CCTGAGTCATGATTGT,256525,AGCATGAGTAGGTTAG
3065,CCTGAGTCATGCAACC,256526,AGCATGAGTTGGGCCT
3066,CCTGAGTCATTGTCCT,256565,AGCATGAGTCCTTAGG
3067,CCTGAGTCATTGTGGC,256568,AGCATGAGTGCTTCGA
3068,CCTGAGTCATTGTGTG,256569,AGCATGAGTTAAAGCG
3069,CCTGATGAGCACGATT,256634,GCCAGTTTCTAACTCG
3070,CCTGATGAGCAGCTCA,256640,GCCAGTTTCTTGCTGA
3071,CCTGATGAGCCTCTCG,256667,GCCAGTTTCCTGCCAG
3072,CCTGATGAGCTCCTTA,256711,GCCAGTTTCGAAGCAT
3073,CCTGATGAGGACCGCT,256745,GCCAGTTTCATAACCT
3074,CCTGATGAGGCATGAA,256774,GCCAGTTTCAGCTAGG
3075,CCTGATGAGGGTGGAT,256821,GCCAGTTTCATTGCGC
3076,CCTGATGAGTGAACGA,256906,GCCAGTTTCTGGATCC
3077,CCTGATGAGTGAAGTG,256907,GCCAGTTTCCTGATAT
3078,CCTGCTCCACAACCTA,257069,TAAACCCGTAACCTCG
3079,CCTGCTCCAGGAATCG,257190,TAAACCCGTATCCGTG
3080,CCTGCTCCAGTTATCG,257234,TAAACCCGTTTATTCC
3081,CCTGCTCCATGCTCCC,257297,TAAACCCGTAGTAGCA
3082,CCTGGATCAACATAAG,257370,GCTAGTTGTAACGATG
3083,CCTGGATCAATTATGC,257440,GCTAGTTGTTGTCATA
3084,CCTGGATCACCAAAGG,257476,GCTAGTTGTTTCCAAA
3085,CCTGGATCAGCCTAAC,257558,GCTAGTTGTAAACCAG
3086,CCTGGATCAGGAACAT,257570,GCTAGTTGTGCGGTTC
3087,CCTGGATCAGGCTTCG,257593,GCTAGTTGTAACCGGG
3088,CCTGGATCATCCTAGA,257663,GCTAGTTGTTTGTCTT
3089,CCTGGATCATTGCGGT,257713,GCTAGTTGTCATTGAC
3090,CCTGGTAAGGAATAAC,257892,GCATTCATCTAGTTGT
3091,CCTGGTAAGTTTCCGC,258102,GCATTCATCCCGCACA
3092,CCTGGTAAGTTTGGTA,258107,GCATTCATCGCTTCGG
3093,CCTGTAACAACTAGGG,258148,GTTAGGAGTTAGTTGC
3094,CCTGTAACATCAATCG,258419,GTTAGGAGTGTAACCT
3095,CCTGTATGTGCGCAAT,258684,GGTGTCGCATAAGCCA
3096,CCTGTATGTGCTGTAA,258693,GGTGTCGCATAACCAG
3097,CCTGTATGTGTCCAAA,258718,GGTGTCGCATTGTTTG
3098,CCTGTATGTGTGAGGA,258722,GGTGTCGCAAGGACGA
3099,CCTGTATGTTTGAGGC,258862,GGTGTCGCACCAAAGC
3100,CCTGTATGTTTGTCTA,258872,GGTGTCGCAGGTTGTA
3101,CCTGTTGGTCTTGCAT,259031,GTTTGAGCAGAATCTG
3102,CCTGTTGGTGTGCACG,259106,GTTTGAGCAATACCCT
3103,CCTGTTGGTTCGGTAA,259186,GTTTGAGCAAACAAAG
3104,CCTGTTGGTTGTAACG,259214,GTTTGAGCAGGTTATG
3105,CCTGTTGGTTTAACGG,259225,GTTTGAGCATTTGTCA
3106,CCTTAACGTCAAGTAT,259345,GTTCAAGCATGACAGC
3107,CCTTAACGTCATCATC,259367,GTTCAAGCATTGCCCA
3108,CCTTAACGTCCTTAGT,259391,GTTCAAGCACTTAGCT
3109,CCTTAACGTGTGTCCC,259489,GTTCAAGCACTATGGA
3110,CCTTAACGTGTTTGTC,259501,GTTCAAGCACAAACGC
3111,CCTTAACGTTAATGCG,259515,GTTCAAGCACCTCGAC
3112,CCTTAACGTTCCGGGA,259560,GTTCAAGCAATCCTAC
3113,CCTTAACGTTTCCTCC,259621,GTTCAAGCATCCTGCA
3114,CCTTACTCAAGGTAAC,259697,TCTATCTGTTAGCTAC
3115,CCTTACTCAATTGAGA,259741,TCTATCTGTCCTGCAA
3116,CCTTACTCACAGGGAC,259767,TCTATCTGTAAACCGA
3117,CCTTACTCACCCACCT,259781,TCTATCTGTCCAGCAC
3118,CCTTACTCACGAACAG,259798,TCTATCTGTCACACTG
3119,CCTTACTCACTAAGTT,259811,TCTATCTGTTGCTTCC
3120,CCTTACTCACTCGCTC,259816,TCTATCTGTTGTTCCC
3121,CCTTACTCAGCCAGTT,259854,TCTATCTGTACGGTTT
3122,CCTTACTCAGTAAGTA,259903,TCTATCTGTGAACCGG
3123,CCTTACTCATAAGGAC,259927,TCTATCTGTACAATGG
3124,CCTTACTCATAATTGC,259935,TCTATCTGTTCTTAAG
3125,CCTTACTCATAGCGAG,259941,TCTATCTGTCTAACCG
3126,CCTTACTCATCTAGCA,259966,TCTATCTGTTTAACCA
3127,CCTTACTCATCTTGAG,259967,TCTATCTGTGATCCTG
3128,CCTTACTCATTATGCG,260003,TCTATCTGTGTTAACC
3129,CCTTAGTGTAGGTTAT,260083,TGTGGACCATTATCTG
3130,CCTTAGTGTGGACCTG,260230,TGTGGACCACAATAAC
3131,CCTTAGTGTGTCCAAA,260248,TGTGGACCATTGTTTG
3132,CCTTAGTGTTAGTTGG,260308,TGTGGACCAATAGCAT
3133,CCTTATGTCATAACCA,260475,CAAATCAAGGCTTTCA
3134,CCTTATGTCATTGCGG,260516,CAAATCAAGGAAGTAG
3135,CCTTATGTCCAAGTTA,260526,CAAATCAAGCTAATAG
3136,CCTTATGTCCCATAGG,260544,CAAATCAAGCTTATCG
3137,CCTTATGTCCTAATTC,260592,CAAATCAAGCTTGAAA
3138,CCTTATGTCGTGCCTT,260692,CAAATCAAGGACACGC
3139,CCTTATGTCTCTAGCC,260746,CAAATCAAGATTCCTG
3140,CCTTCAATCACAGGAA,260821,CCTAAGGAGCATTATC
3141,CCTTCAATCATTGACA,260898,CCTAAGGAGTTGCAGG
3142,CCTTCAGGTCGTTATC,261321,TTAAGCGCAGTGAGAG
3143,CCTTCAGGTGAGCGAA,261344,TTAAGCGCAAGTGGCT
3144,CCTTCAGGTTACTAGG,261439,TTAAGCGCATGACAAT
3145,CCTTCGTAGAACCTGT,261944,TCAAAGATCGTTATGT
3146,CCTTCGTAGACAAAGT,261951,TCAAAGATCTAAGCAA
3147,CCTTCGTAGACTTACA,261963,TCAAAGATCGCTTGCG
3148,CCTTCGTAGCTAAAGG,262062,TCAAAGATCGCTCAGT
3149,CCTTCGTAGGAACACA,262098,TCAAAGATCAGCAATA
3150,CCTTCGTAGGCTGTGC,262169,TCAAAGATCCGCTGTG
3151,CCTTCGTAGGTTTGAC,262218,TCAAAGATCGATTAAG
3152,CCTTCGTAGTTAGCCG,262293,TCAAAGATCATGAGGT
3153,CCTTGCGTCACCATTT,262358,TACTGAAAGGCTTGCT
3154,CCTTGCGTCATTACGA,262425,TACTGAAAGGCACTAG
3155,CCTTGCGTCCAGGGAG,262453,TACTGAAAGTTATTGC
3156,CCTTGCGTCCGCAACA,262484,TACTGAAAGGAGTATC
3157,CCTTGCGTCCTCCCTC,262522,TACTGAAAGTGATTCT
3158,CCTTGCGTCGCAAACT,262563,TACTGAAAGTTAGCTT
3159,CCTTGCGTCGTACCGA,262606,TACTGAAAGCTTAGAA
3160,CCTTGTTCAATGCCCG,262799,CTAAACCGTTGAGTCT
3161,CCTTGTTCACCAGGTT,262846,CTAAACCGTTTGCTGG
3162,CCTTGTTCAGAAATGC,262896,CTAAACCGTTATGGGA
3163,CCTTGTTCAGCAAGGC,262910,CTAAACCGTCGCATAT
3164,CCTTGTTCAGGTTACC,262966,CTAAACCGTATGTTTG
3165,CCTTGTTCAGTACCGT,262973,CTAAACCGTATAGCTC
3166,CCTTGTTCATAGGCGA,263013,CTAAACCGTGCACAAA
3167,CCTTTAGTCAAGGACA,263104,AATACTGAGTTTCACG
3168,CCTTTAGTCACGCGGT,263133,AATACTGAGAGGCTAT
3169,CCTTTAGTCCCGCAAA,263233,AATACTGAGATTCAAG
3170,CCTTTAGTCTAATTGG,263404,AATACTGAGCTATCGC
3171,CCTTTAGTCTATTGTC,263415,AATACTGAGCAACCCT
3172,CGAAATGAGAATCTCA,263484,CAAACAATCTTAGGTT
3173,CGAAATGAGAATGACG,263485,CAAACAATCCCACCCT
3174,CGAAATGAGCGAGCGA,263579,CAAACAATCGATATAG
3175,CGAAATGAGGCCATCA,263681,CAAACAATCGGTCAAG
3176,CGAAATGAGGGCTTTG,263718,CAAACAATCAATAGCA
3177,CGAACAAAGGTCCTGA,264122,AAACGGTTCTATATGC
3178,CGAACAAAGTAAAGGT,264141,AAACGGTTCTAAGCGG
3179,CGAACCGGTAAATTGC,264246,GATTGGCCACCTTCCT
3180,CGAACCGGTAACAGGG,264247,GATTGGCCAAACCCAA
3181,CGAACCGGTATTCGCT,264316,GATTGGCCAGGATGGA
3182,CGAACCGGTCCGTAGG,264369,GATTGGCCATCAGGTA
3183,CGAACCGGTGATGATT,264421,GATTGGCCATCAGTTC
3184,CGAACCGGTTACAAAC,264502,GATTGGCCATTAGCAG
3185,CGAACCGGTTCCAGGG,264542,GATTGGCCAAGCGCAT
3186,CGAACCGGTTCCGGCT,264545,GATTGGCCATGCCTGC
3187,CGAACCGGTTGTTGTC,264590,GATTGGCCAAATGCGC
3188,CGAAGAATCACGCCAA,264666,ACGTTAAAGACAAACC
3189,CGAAGAATCCATCAGG,264760,ACGTTAAAGGCTAAAC
3190,CGAAGAATCCGCAAGC,264787,ACGTTAAAGATTCCGC
3191,CGAAGAATCGCTCACT,264884,ACGTTAAAGAAACCTA
3192,CGAAGAATCGCTTGCT,264887,ACGTTAAAGAGCCGGT
3193,CGAAGAATCTAACCTT,264929,ACGTTAAAGCAAATTG
3194,CGAAGAATCTCACAAA,264953,ACGTTAAAGGCATGGC
3195,CGAAGCCTCAAACCTA,265011,GAGCTTGAGGTGCTTC
3196,CGAAGCCTCATGTTTC,265109,GAGCTTGAGGCAATCG
3197,CGAAGCCTCCGCCAAA,265174,GAGCTTGAGCCTGGTT
3198,CGAAGCCTCTCCTCAA,265345,GAGCTTGAGCGCTAAG
3199,CGAAGCCTCTTGTCCA,265385,GAGCTTGAGTGCGGTA
3200,CGAAGCCTCTTGTTCG,265387,GAGCTTGAGCTGCTAC
3201,CGAAGCGAGCCTCTCG,265487,CCTTACTTCCTGCCAG
3202,CGAAGCGAGCGATACT,265501,CCTTACTTCAGCTATT
3203,CGAAGCGAGCGTGCGT,265515,CCTTACTTCTTGCATG
3204,CGAAGCGAGCTCCCTG,265529,CCTTACTTCACGAATA
3205,CGAAGCGAGGACAATG,265562,CCTTACTTCGAGGAGG
3206,CGAAGGCCAAGCTACC,265827,GGGTGTGGTGGCTTCA
3207,CGAAGGCCAATTGACT,265878,GGGTGTGGTAAGGTGC
3208,CGAAGGCCACGGTTTA,265941,GGGTGTGGTTCGCTTC
3209,CGAAGGCCAGGCCATT,266021,GGGTGTGGTGCATTTA
3210,CGAAGGCCATGTCAAT,266123,GGGTGTGGTTGCGAGG
3211,CGAAGTAAGGAAGCAC,266325,GATTGTTTCTAGCCTA
3212,CGAAGTAAGGCGCTAC,266377,GATTGTTTCGCTAGCT
3213,CGAATATGTAAACAAG,266545,AAAGGTACAAATATGC
3214,CGAATATGTAACCACA,266550,AAAGGTACATCATCAC
3215,CGAATATGTAACTACG,266556,AAAGGTACAGCTCGAG
3216,CGAATATGTCCGTAGG,266671,AAAGGTACATCAGGTA
3217,CGAATATGTGCTAGCG,266740,AAAGGTACAATGACCA
3218,CGAATATGTGTTGTGA,266785,AAAGGTACATGAAGCC
3219,CGAATCTAGCTCCCTG,267063,CACCTAATCACGAATA
3220,CGAATCTAGTAACAGG,267210,CACCTAATCGCTTCAA
3221,CGAATCTAGTTAGACC,267279,CACCTAATCCCGGATT
3222,CGAATCTAGTTATGTG,267289,CACCTAATCGACAAGT
3223,CGACAAGCAAACCTAT,267314,TCAGTTAGTGCGCGAA
3224,CGACAAGCACCAGCAT,267449,TCAGTTAGTTCGGTAT
3225,CGACAAGCACCCACCT,267453,TCAGTTAGTCCAGCAC
3226,CGACAAGCACCCTCAC,267454,TCAGTTAGTAAGTGGC
3227,CGACAAGCACCTAATG,267459,TCAGTTAGTTACTAGC
3228,CGACAAGCAGGAAGCC,267543,TCAGTTAGTGCGATTT
3229,CGACAAGCATCGCTCC,267635,TCAGTTAGTTTGAGCT
3230,CGACCTGCACCAGCAT,267833,TTCTATCGTTCGGTAT
3231,CGACCTGCACGGTACT,267858,TTCTATCGTGCAACGG
3232,CGACCTGCACTATGGC,267870,TTCTATCGTACTAGGA
3233,CGACCTGCAGCACGAA,267902,TTCTATCGTAATCACC
3234,CGACCTGCAGGCCATT,267939,TTCTATCGTGCATTTA
3235,CGACCTGCAGGTTCAC,267956,TTCTATCGTCCTGACA
3236,CGACTAAGTCCAAGAC,268199,CTATGCTCACTAGTAG
3237,CGACTAAGTGTTTGCT,268322,CTATGCTCATCCTAGT
3238,CGACTAAGTTTGGGTA,268456,CTATGCTCACATAGCA
3239,CGAGCGAAGCATCCAG,268532,ATAGGCGTCATCAGTT
3240,CGAGCGAAGCCGCAAC,268548,ATAGGCGTCTTTGGGC
3241,CGAGCGAAGGTAGCTT,268716,ATAGGCGTCAATGAGC
3242,CGAGCGAAGGTCCTAG,268723,ATAGGCGTCCTCAAGC
3243,CGAGCGAAGGTGTCCA,268733,ATAGGCGTCCTCACGG
3244,CGAGCGAAGTAAACCC,268742,ATAGGCGTCATAAGCA
3245,CGAGCGAAGTCACCAG,268771,ATAGGCGTCACAAATG
3246,CGAGCTGGTTGTCATC,269185,GTGAGAGCAGCACTAA
3247,CGAGGAAGTAGCCATA,269277,TAGCCTTCAGGTAACC
3248,CGAGGAAGTCCTAATC,269357,TAGCCTTCACGGTAAC
3249,CGAGGAAGTTAAATGC,269472,TAGCCTTCATTGTCTA
3250,CGAGGAAGTTTACGTC,269579,TAGCCTTCAATCGTGA
3251,CGAGGCAAGCATTAGC,269687,AACTAAGTCGTGATAA
3252,CGAGGCAAGCGCTCAA,269724,AACTAAGTCGCTTGTA
3253,CGAGGCAAGCGGATAA,269725,AACTAAGTCCTCCCAC
3254,CGAGGCAAGGAAGTAT,269775,AACTAAGTCTTGCTCT
3255,CGAGGCAAGGACCTTG,269784,AACTAAGTCCACTAAT
3256,CGAGGCAAGGAGGTTA,269794,AACTAAGTCTAAATCC
3257,CGAGGCAAGGCGGATG,269827,AACTAAGTCTAACTAC
3258,CGAGGCAAGTAAACCC,269890,AACTAAGTCATAAGCA
3259,CGAGGCAAGTATCGCG,269912,AACTAAGTCGCCCGTA
3260,CGAGGCAAGTGAGGTA,269949,AACTAAGTCAGGATCG
3261,CGAGGTGAGGTGCTGC,270264,AACCAGGTCAAACTAG
3262,CGAGGTGAGTGAAGTG,270327,AACCAGGTCCTGATAT
3263,CGAGTCGGTACCAGGT,270408,GCTTTGTCATAATCGG
3264,CGAGTCGGTACCGGAT,270411,GCTTTGTCACGATTCT
3265,CGAGTCGGTACTGAAT,270421,GCTTTGTCAAACCAGC
3266,CGAGTCGGTACTGATG,270422,GCTTTGTCAGTTCCTG
3267,CGAGTCGGTGAAACAA,270537,GCTTTGTCACACTAAG
3268,CGAGTCGGTGAGCGAA,270548,GCTTTGTCAAGTGGCT
3269,CGAGTCGGTTGTTGGA,270723,GCTTTGTCATCCTCCT
3270,CGAGTCGGTTTCCGGC,270740,GCTTTGTCACCGTTCA
3271,CGATATTCAAGCTACC,270809,GTACTTAGTGGCTTCA
3272,CGATATTCAATTAACC,270854,GTACTTAGTATCGGCC
3273,CGATATTCAGCAAGGC,270962,GTACTTAGTCGCATAT
3274,CGATATTCAGCTTAAT,270985,GTACTTAGTGGTGAAC
3275,CGATATTCATAATCGT,271052,GTACTTAGTTCTTTGT
3276,CGATATTCATTAAGTC,271116,GTACTTAGTGAGACTA
3277,CGATATTCATTAGGTT,271120,GTACTTAGTCCTTGAG
3278,CGATCCTTCAAGCCTG,271152,GTCAATAAGATTCACT
3279,CGATCCTTCAGGAACA,271202,GTCAATAAGAGAGGCG
3280,CGATCCTTCATTGACA,271252,GTCAATAAGTTGCAGG
3281,CGATCCTTCCAATTAG,271266,GTCAATAAGCTTAAAG
3282,CGATCCTTCTTGAGGT,271511,GTCAATAAGGCTTAAA
3283,CGATCCTTCTTTGACT,271524,GTCAATAAGCCCTTGG
3284,CGATGTCCAAGCTAAA,271576,GGTCCGTGTAATCGCT
3285,CGATGTCCAAGTCGCT,271593,GGTCCGTGTTATGGCT
3286,CGATGTCCACAGACTC,271650,GGTCCGTGTACCGGCT
3287,CGATGTCCAGCTCAAC,271751,GGTCCGTGTCACTATA
3288,CGATGTCCAGGGAGCT,271781,GGTCCGTGTGAGCATA
3289,CGATGTCCAGTAGCCT,271794,GGTCCGTGTTGCTCAG
3290,CGATGTCCATGTCAGC,271874,GGTCCGTGTTAGTTTG
3291,CGATTATCAAACTCAT,271919,CCTGGACGTCAGTGCC
3292,CGATTATCAAGCTTTG,271963,CCTGGACGTGCAAGGT
3293,CGATTATCAGCACCAT,272117,CCTGGACGTTGACTAC
3294,CGATTATCAGGAAGCC,272143,CCTGGACGTGCGATTT
3295,CGATTATCATAATCGT,272204,CCTGGACGTTCTTTGT
3296,CGATTCCTCGACCTGA,272522,GCTCGTTAGTTTGACT
3297,CGATTCCTCGCTAAGT,272548,GCTCGTTAGCTGGCAA
3298,CGATTCCTCTAATCTC,272607,GCTCGTTAGCTACCTA
3299,CGATTCCTCTCACACC,272624,GCTCGTTAGCGGTTCT
3300,CGATTCCTCTGTTCAT,272649,GCTCGTTAGTTAGTAG
3301,CGATTCCTCTTGTCCA,272671,GCTCGTTAGTGCGGTA
3302,CGATTGAGTCAATACG,272769,GCCAATACACGCGCAA
3303,CGATTGAGTTCGCTTG,272988,GCCAATACACTTGCTG
3304,CGATTTGCAACCTAAT,273094,CCAATTAGTAGCTTAC
3305,CGATTTGCAAGACTCC,273104,CCAATTAGTATGGTGA
3306,CGATTTGCAATAAGCA,273134,CCAATTAGTTAACGGA
3307,CGATTTGCACGAATCC,273221,CCAATTAGTAACCTTA
3308,CGATTTGCAGGCTACT,273310,CCAATTAGTTTGTAGC
3309,CGATTTGCAGTAATAG,273326,CCAATTAGTGATTCTA
3310,CGATTTGCATTGTCAG,273436,CCAATTAGTTTAATCG
3311,CGCAAATTCACAGCCA,273475,TTCTGGCAGTAACACA
3312,CGCAAATTCATGGTGT,273541,TTCTGGCAGCGGTCAA
3313,CGCAAATTCCACCCTG,273570,TTCTGGCAGCTCATGC
3314,CGCAAATTCCTACCTA,273633,TTCTGGCAGTTACTAC
3315,CGCAAATTCGAGGTGG,273677,TTCTGGCAGTAAGTCA
3316,CGCAAATTCGGGACTC,273713,TTCTGGCAGCCATAGG
3317,CGCAATAGTACAATGT,273859,GGTACCGCACTCAATC
3318,CGCAATAGTCGCAAAC,273970,GGTACCGCAGGATAAA
3319,CGCAATAGTTGCTGGG,274156,GGTACCGCACTCAGTT
3320,CGCAATAGTTTGCGCC,274201,GGTACCGCATTACAGG
3321,CGCAATCCAAAGCTCC,274226,CTCCTTAGTCATGATC
3322,CGCAATCCAAGTAAGC,274276,CTCCTTAGTTAGCGTT
3323,CGCAATCCACAAAGGT,274320,CTCCTTAGTCACACCA
3324,CGCAATCCACTCAACA,274387,CTCCTTAGTTAACCAC
3325,CGCAATCCATTTAAGC,274593,CTCCTTAGTTCACTTT
3326,CGCAATGTCACGCCAA,274636,TGATTGAAGACAAACC
3327,CGCAATGTCACGCGGT,274637,TGATTGAAGAGGCTAT
3328,CGCAATGTCACTAAGC,274639,TGATTGAAGTCTAGCC
3329,CGCAATGTCATGCTCC,274687,TGATTGAAGCTCCCTC
3330,CGCAATGTCCGTGACA,274772,TGATTGAAGATTGCCC
3331,CGCAATGTCGCAAACT,274835,TGATTGAAGTTAGCTT
3332,CGCAATGTCGGGCCAT,274865,TGATTGAAGCATATTC
3333,CGCAATGTCTAACCAA,274898,TGATTGAAGGCTTAGG
3334,CGCAATGTCTTAGTGA,274959,TGATTGAAGTGGACCA
3335,CGCAATTAGCAACATC,275029,TTTGCTCTCCAAGTGG
3336,CGCAATTAGCAGCTCA,275046,TTTGCTCTCTTGCTGA
3337,CGCAATTAGCCTGACA,275075,TTTGCTCTCGACCTTA
3338,CGCAATTAGCCTGTTC,275080,TTTGCTCTCGACATTT
3339,CGCAATTAGCTAATTG,275105,TTTGCTCTCCTAGTGC
3340,CGCAATTAGCTTTGGG,275135,TTTGCTCTCCCAATAT
3341,CGCAATTAGCTTTGTT,275136,TTTGCTCTCAAATCAG
3342,CGCAATTAGGCTGTCA,275208,TTTGCTCTCTTGCAGC
3343,CGCACAATCAGGTTTA,275429,CGTCACTAGTGCACCT
3344,CGCACAATCCAAACAC,275480,CGTCACTAGATATTCC
3345,CGCACAATCCTACCTA,275551,CGTCACTAGTTACTAC
3346,CGCACAATCGGCCAGT,275626,CGTCACTAGAGATTCA
3347,CGCACACAGGTTAGCT,276024,AGTCATTTCTAACCAT
3348,CGCACACAGTAAGAAC,276036,AGTCATTTCCTTCAAG
3349,CGCACACAGTAGCGGG,276046,AGTCATTTCTAACCGC
3350,CGCACCACAATACTGT,276207,TCAAACCGTTGTAACC
3351,CGCACCACAATGCCCG,276223,TCAAACCGTTGAGTCT
3352,CGCACCACACAGCCTG,276256,TCAAACCGTATTGAGG
3353,CGCACCACAGGCAAGC,276371,TCAAACCGTAAACCCT
3354,CGCATATAGTTAGCTA,276870,ACAAGTATCGATATTC
3355,CGCATGATCGCTAGTG,277155,GCCACTTAGGTCGAGC
3356,CGCATGATCTGCAAAC,277241,GCCACTTAGTTACAAG
3357,CGCATTACACCTCGCT,277437,GTTCTTTGTTGGGTTT
3358,CGCATTACAGATAGAC,277480,GTTCTTTGTTAAAGGT
3359,CGCATTACATAGGCGA,277589,GTTCTTTGTGCACAAA
3360,CGCATTACATCTAGCA,277610,GTTCTTTGTTTAACCA
3361,CGCATTACATTAGGTT,277644,GTTCTTTGTCCTTGAG
3362,CGCATTTGTAACGGGA,277676,ATCACAGCACTGGCAG
3363,CGCATTTGTAGTTAAC,277732,ATCACAGCATCCGGGA
3364,CGCATTTGTGTCACGG,277891,ATCACAGCATAGCTAG
3365,CGCATTTGTTGGCGTG,277999,ATCACAGCACTAGTCT
3366,CGCATTTGTTGTAACG,278006,ATCACAGCAGGTTATG
3367,CGCCAAATCAGGCCTA,278111,TCCCATAAGGCCCTTG
3368,CGCCAAATCATAGACC,278124,TCCCATAAGTCCTTGA
3369,CGCCAAATCCCGCCTA,278193,TCCCATAAGCCTAGTC
3370,CGCCAAATCTGTAATG,278399,TCCCATAAGTCGCGAA
3371,CGCCACACAAAGCGGC,278446,ATAAGGTGTGGATTAG
3372,CGCCACACAATTATGC,278532,ATAAGGTGTTGTCATA
3373,CGCCACACACAGGAAT,278559,ATAAGGTGTTGTCAGT
3374,CGCCACACACATACTG,278563,ATAAGGTGTCGGTTCA
3375,CGCCACACACGAATTT,278594,ATAAGGTGTACCGTGC
3376,CGCCACACAGATTCAT,278631,ATAAGGTGTTATTTGG
3377,CGCCTCATCAAAGGCA,278821,CGGTCAAAGGAGCCGT
3378,CGCCTCATCACCGGTA,278853,CGGTCAAAGCCTTAAT
3379,CGCCTCATCCGGAACC,278986,CGGTCAAAGGATTTGA
3380,CGCCTCATCCTCACTA,279010,CGGTCAAAGTCAATCT
3381,CGCCTCATCCTGAGTG,279020,CGGTCAAAGGGTTATA
3382,CGCCTCATCTAGCTAA,279137,CGGTCAAAGGAGGGTG
3383,CGCCTGTGTATTCGCT,279274,ACAACATCAGGATGGA
3384,CGCCTGTGTGAACAAA,279362,ACAACATCAAATGCTG
3385,CGCCTGTGTGGATTAT,279411,ACAACATCATAATGCG
3386,CGCCTGTGTTGAGGTC,279518,ACAACATCAAACTAAC
3387,CGCGATTCAAGGGTTG,279640,AGCTGTTGTCCTCCTG
3388,CGCGATTCAATTGAGA,279685,AGCTGTTGTCCTGCAA
3389,CGCGATTCACAACCTA,279695,AGCTGTTGTAACCTCG
3390,CGCGATTCACCGGCTA,279727,AGCTGTTGTCTGTGCA
3391,CGCGATTCACGAACAG,279742,AGCTGTTGTCACACTG
3392,CGCGATTCATTGGGAG,279957,AGCTGTTGTGTCCACA
3393,CGCGATTCATTGTTGG,279964,AGCTGTTGTCACCAAT
3394,CGCGGATTCATTGTCT,280079,AAAGGCAAGGGCTATG
3395,CGCGGATTCCCTCTAA,280120,AAAGGCAAGTCCCTGG
3396,CGCGGATTCGCTATGG,280225,AAAGGCAAGGAGTCGC
3397,CGCGGATTCTTAAGTG,280323,AAAGGCAAGGTTATCT
3398,CGCTAACCAAATACCT,280369,TCCTTTGGTCAATGAG
3399,CGCTAACCAAATGCCC,280371,TCCTTTGGTATTACTG
3400,CGCTAACCAATAAGCA,280424,TCCTTTGGTTAACGGA
3401,CGCTAACCATTGCGTA,280724,TCCTTTGGTGTGATTC
3402,CGCTAACCATTGTGAT,280728,TCCTTTGGTGTAATGG
3403,CGCTAACCATTGTGTG,280731,TCCTTTGGTTAAAGCG
3404,CGCTAATAGACAAGTG,280750,TTGTGGCTCCTCACTT
3405,CGCTAATAGCATGACT,280808,TTGTGGCTCGTGCTGT
3406,CGCTAATAGCCGCAGT,280823,TTGTGGCTCAATTAGG
3407,CGCTAATAGCCTGACA,280831,TTGTGGCTCGACCTTA
3408,CGCTAATAGGCATGTT,280937,TTGTGGCTCACCTATG
3409,CGCTAATAGGCTTAAC,280966,TTGTGGCTCAATAACG
3410,CGCTAATAGGTCCTGA,280998,TTGTGGCTCTATATGC
3411,CGCTAATAGTAAGTCC,281026,TTGTGGCTCCTAGGTC
3412,CGCTACTTCAACCAAC,281126,ACCTCTAAGTCTTGCA
3413,CGCTACTTCGTAATCA,281401,ACCTCTAAGGTTGCGA
3414,CGCTACTTCTCCATGC,281454,ACCTCTAAGTTACATC
3415,CGCTATGAGCGATAGA,281612,TCAGGCTTCAAGGGTT
3416,CGCTCAGCACCAGCAT,282025,TTGATCAGTTCGGTAT
3417,CGCTCCATCAAACCGT,282272,GGAGCGAAGCTAACTT
3418,CGCTCCATCATCCTCA,282352,GGAGCGAAGAACAAGG
3419,CGCTCCATCCCGTTGT,282417,GGAGCGAAGGTAGCTG
3420,CGCTCCATCCGTCCAT,282447,GGAGCGAAGGCAACAT
3421,CGCTCCATCTCACTCA,282603,GGAGCGAAGCCTTTCT
3422,CGCTGTGCAAAGCGGC,282668,CAACAAGGTGGATTAG
3423,CGCTGTGCAGGTTACC,282914,CAACAAGGTATGTTTG
3424,CGCTTAACAAATGCCC,283059,TAACCTAGTATTACTG
3425,CGCTTAACACTAAGTT,283211,TAACCTAGTTGCTTCC
3426,CGCTTAACAGGCCAAA,283282,TAACCTAGTTGAGGTA
3427,CGCTTAACATAAAGCA,283324,TAACCTAGTAATAAGC
3428,CGCTTAACATCAGTAT,283353,TAACCTAGTTTGAGGA
3429,CGCTTACTCAGCAAAG,283475,GGAATCTAGTAATGCA
3430,CGCTTACTCCCTCGCA,283575,GGAATCTAGCCGGTAA
3431,CGCTTACTCGGTAACT,283694,GGAATCTAGTTACGTT
3432,CGCTTCTAGCTTTGTT,283964,TGACGGATCAAATCAG
3433,CGCTTCTAGGCCTTAG,284018,TGACGGATCCATCATG
3434,CGCTTCTAGGCTACAT,284030,TGACGGATCTTTAAGC
3435,CGCTTCTAGTCAATCA,284115,TGACGGATCCACGTTA
3436,CGCTTGCGTAAACAAG,284191,CGGCCTTCAAATATGC
3437,CGCTTGCGTACCAGGT,284222,CGGCCTTCATAATCGG
3438,CGCTTGCGTATACTGG,284259,CGGCCTTCACAGCAAC
3439,CGCTTGCGTGGTTCTT,284412,CGGCCTTCAGAAACCC
3440,CGCTTGCGTTAAGCCA,284441,CGGCCTTCAATCTGGA
3441,CGCTTGCGTTACTTGC,284459,CGGCCTTCATCAGTAG
3442,CGCTTGCGTTGACTTC,284506,CGGCCTTCATCACAGA
3443,CGGAATCGTAAACAAG,284573,CCCTGGTCAAATATGC
3444,CGGAATCGTAGGTGTC,284632,CCCTGGTCACGCCCAT
3445,CGGAATCGTCCTTCAG,284708,CCCTGGTCATAAGTCG
3446,CGGAATCGTGAGCAAG,284742,CCCTGGTCATCTATGC
3447,CGGACAACAAGGTGGC,285019,TCAGGAAGTGCTAGCC
3448,CGGACAACAATGCCTA,285048,TCAGGAAGTAACCGTT
3449,CGGACAACAGCAACCT,285156,TCAGGAAGTTCTGGCA
3450,CGGACCTAGGAGCATA,285520,TTAGGCCTCCGTAAGG
3451,CGGACCTAGTAATCCA,285632,TTAGGCCTCAGCTAAA
3452,CGGACCTAGTTACCGG,285689,TTAGGCCTCCCTGATA
3453,CGGAGCAAGAGAGCCG,285750,ATTGTGTTCTAGGAAC
3454,CGGAGCAAGCATTTCT,285803,ATTGTGTTCCAAATTC
3455,CGGAGTCTCCAAGTGT,286227,GCACACAAGTCACACC
3456,CGGAGTCTCCCTGTTA,286265,GCACACAAGCCAGTAG
3457,CGGAGTCTCGGCCATA,286371,GCACACAAGGCTCACT
3458,CGGATAAAGACAGGTA,286510,ACATTACTCATCAGCC
3459,CGGATAAAGCGCCTAA,286603,ACATTACTCTTGGACC
3460,CGGATAAAGCTATATG,286620,ACATTACTCGTTAAAG
3461,CGGATAAAGGGCTTTG,286734,ACATTACTCAATAGCA
3462,CGGATAAAGGTGAAAT,286758,ACATTACTCTCAATCG
3463,CGGATAAAGTTAGCTA,286846,ACATTACTCGATATTC
3464,CGGATAAAGTTTCCGC,286868,ACATTACTCCCGCACA
3465,CGGATTAGTAGCCTCC,286927,GGGACAACATGAGCTA
3466,CGGATTAGTCCTAAGA,287004,GGGACAACAGCTACCC
3467,CGGATTAGTCTAACCT,287025,GGGACAACAAACTAGT
3468,CGGCAATGTACTGATG,287302,GGATATTCAGTTCCTG
3469,CGGCAATGTAGTAAGA,287320,GGATATTCATGATGGC
3470,CGGCAATGTGCTTTAC,287460,GGATATTCAGGAATAA
3471,CGGCAATGTGGGTGAA,287473,GGATATTCAAGTATCG
3472,CGGCAATGTTGGCCGA,287588,GGATATTCAAACCTAG
3473,CGGCCATAGACACCGC,287655,GAAACCGTCAGGAGGG
3474,CGGCCATAGAGAAGGG,287665,GAAACCGTCCCAAAGG
3475,CGGCCATAGCCGCTAA,287728,GAAACCGTCAGTTTAC
3476,CGGCCATAGCCTGTTC,287740,GAAACCGTCGACATTT
3477,CGGCCATAGCTCCCTG,287775,GAAACCGTCACGAATA
3478,CGGCCATAGTATTGGC,287945,GAAACCGTCACTTGCA
3479,CGGCCATAGTTACCGG,287989,GAAACCGTCCCTGATA
3480,CGGCCATAGTTAGCCG,287993,GAAACCGTCATGAGGT
3481,CGGCCATAGTTGTCTT,288014,GAAACCGTCAAGGTGT
3482,CGGCTAATCCACCTGT,288149,GGGTCACAGGTAAGTC
3483,CGGCTAATCCATTACT,288159,GGGTCACAGCTTGGTC
3484,CGGCTAATCCTAAATG,288203,GGGTCACAGATAACCA
3485,CGGCTAATCTCACAAA,288351,GGGTCACAGGCATGGC
3486,CGGCTAATCTTGGATA,288398,GGGTCACAGCCTAATT
3487,CGGCTCACAATAATGG,288482,GCAAGGTGTCAATTCA
3488,CGGCTCACAATCGCAC,288494,GCAAGGTGTTACAACC
3489,CGGCTCACAATTAACC,288502,GCAAGGTGTATCGGCC
3490,CGGCTCACACCTGCCT,288562,GCAAGGTGTATATTCG
3491,CGGCTCACACCTGTAA,288565,GCAAGGTGTTTATGGC
3492,CGGCTCACAGCAAGTG,288611,GCAAGGTGTCTAATCA
3493,CGGCTCACAGGCATGA,288649,GCAAGGTGTGGTGCAG
3494,CGGCTCACAGGCTGTT,288658,GCAAGGTGTTCATTCT
3495,CGGCTCACATGTGGGA,288756,GCAAGGTGTGCTTCTC
3496,CGGCTCACATTAAGTC,288764,GCAAGGTGTGAGACTA
3497,CGGGACAAGGTAACGA,289042,GGCGTAATCATGCGGA
3498,CGGGACAAGGTTAGCT,289068,GGCGTAATCTAACCAT
3499,CGGGACAAGTACTGGT,289086,GGCGTAATCACAGATA
3500,CGGGCTTAGGAACGCG,289337,TCCACCCTCCAGGATG
3501,CGGGCTTAGGACCTTG,289350,TCCACCCTCCACTAAT
3502,CGGGTATGTAAATTGC,289562,GCATAATCACCTTCCT
3503,CGGGTATGTAGCTGCG,289614,GCATAATCAGGTTTGA
3504,CGGGTATGTATACTGG,289627,GCATAATCACAGCAAC
3505,CGGGTATGTGAACAAA,289720,GCATAATCAAATGCTG
3506,CGGGTATGTTAGAGCC,289829,GCATAATCACCTCACA
3507,CGGGTATGTTATGTGG,289849,GCATAATCATCCTGTG
3508,CGGGTCTAGCAGGTTT,290011,GACTCACTCGCCTAAC
3509,CGGGTCTAGTTTGAGC,290320,GACTCACTCAAATCCT
3510,CGGTAACGTACCCACC,290357,TTGCAAGCACCTTCTC
3511,CGGTAACGTCCGTAGG,290451,TTGCAAGCATCAGGTA
3512,CGGTAACGTCTTACTA,290480,TTGCAAGCAAGCTATG
3513,CGGTAACGTGGATTCA,290536,TTGCAAGCAGGTTCCC
3514,CGGTGAACAAGCTACC,290757,GGTAGGTGTGGCTTCA
3515,CGGTGAACAATCTCTC,290795,GGTAGGTGTGAGGGTT
3516,CGGTGAACACCTCAGG,290860,GGTAGGTGTGAGTTTC
3517,CGGTGAACAGTTGCGT,290986,GGTAGGTGTGAACGGT
3518,CGGTGAACATCAATCG,291017,GGTAGGTGTGTAACCT
3519,CGGTGAACATGGTTAT,291052,GGTAGGTGTCATTATG
3520,CGGTGAGAGCCATCAG,291177,TCCTTTATCGAGCAAT
3521,CGGTGAGAGCGGCTGT,291209,TCCTTTATCAGCGATG
3522,CGGTGAGAGGCGTAAA,291311,TCCTTTATCCGGGTTT
3523,CGGTGAGAGGTCCTAG,291353,TCCTTTATCCTCAAGC
3524,CGGTGAGAGTAGCGCC,291389,TCCTTTATCTGTCAGC
3525,CGGTGAGAGTCACTCC,291405,TCCTTTATCGCGATAG
3526,CGGTTATAGAGGCTAA,291512,ATTAGTCTCTGTTGCA
3527,CGGTTATAGCTCCTAC,291612,ATTAGTCTCTTAGCCA
3528,CGGTTATAGTCCTTCA,291798,ATTAGTCTCTCAGCTA
3529,CGGTTCCGTGGGAACA,292073,AACTAACCAGGATCAC
3530,CGGTTGGGTCTCACTG,292394,TAGCATGCAAGGGAGC
3531,CGGTTGGGTTGGTGAC,292575,TAGCATGCATCAAGCA
3532,CGGTTTCTCATGCTAA,292714,GTACCTCAGCTCGACT
3533,CGGTTTCTCCTAAGAC,292805,GTACCTCAGTCAATAG
3534,CGGTTTCTCTAACCAA,292926,GTACCTCAGGCTTAGG
3535,CGGTTTGAGAGGATAT,293043,CATGATTTCGAAGTAC
3536,CGGTTTGAGCAAGATG,293059,CATGATTTCACACAAA
3537,CGGTTTGAGCACAGGG,293066,CATGATTTCCAATTGT
3538,CGGTTTGAGCCTGATG,293105,CATGATTTCAGGTTGG
3539,CGGTTTGAGCGGTTAT,293127,CATGATTTCGCGAAGC
3540,CGGTTTGAGGAACGGT,293170,CATGATTTCGTTAACT
3541,CGGTTTGAGGTACCGC,293261,CATGATTTCAAGCTTT
3542,CGGTTTGAGTCATTAG,293326,CATGATTTCATTAAGG
3543,CGGTTTGAGTTTGAGC,293386,CATGATTTCAAATCCT
3544,CGTAACCCAATTAGCT,293488,AGCTTGTGTCCAAATC
3545,CGTAACCCACCTCAGG,293544,AGCTTGTGTGAGTTTC
3546,CGTAACCCACTAGCGT,293564,AGCTTGTGTGCTCACA
3547,CGTAACCCAGTTAAAG,293666,AGCTTGTGTAAATAGC
3548,CGTAACCCATGTCAAT,293737,AGCTTGTGTTGCGAGG
3549,CGTAACTAGACAACGA,293789,GGCAACATCTTTAGCG
3550,CGTAACTAGTGAGCAA,294112,GGCAACATCTAATCGT
3551,CGTAATGGTCTTACTA,294314,AAATGGACAAGCTATG
3552,CGTAATGGTGAAACAA,294319,AAATGGACACACTAAG
3553,CGTAATGGTGGATGTC,294368,AAATGGACAGCTAGAC
3554,CGTACGGGTCACAAAT,294634,GCTACAACAGGAGGAC
3555,CGTACGGGTGTGAGAG,294769,GCTACAACACCTCAAT
3556,CGTACGGGTTTAAAGC,294889,GCTACAACACGGATCG
3557,CGTAGCGGTAACGTGC,294933,CCTGATTCATTGAGGC
3558,CGTAGCGGTGATGGCT,295102,CCTGATTCATTCATTG
3559,CGTAGTTAGCACAGGG,295364,GAAGGCCTCCAATTGT
3560,CGTAGTTAGCTTTGTT,295462,GAAGGCCTCAAATCAG
3561,CGTAGTTAGGCGGGTA,295524,GAAGGCCTCAATACAG
3562,CGTAGTTAGTAACCAC,295589,GAAGGCCTCTCAAACT
3563,CGTAGTTAGTTTCCGC,295682,GAAGGCCTCCCGCACA
3564,CGTATTGCACATTAAC,295822,ATGGCTTGTTCACGCA
3565,CGTATTGCACCAGGTT,295828,ATGGCTTGTTTGCTGG
3566,CGTATTGCACGTTACA,295857,ATGGCTTGTTACAGCT
3567,CGTATTGCAGCGCTTG,295909,ATGGCTTGTGGACAAC
3568,CGTATTGCAGTTATGT,295967,ATGGCTTGTTTGCAGT
3569,CGTATTGCATCTAGCA,296016,ATGGCTTGTTTAACCA
3570,CGTATTGCATTGTGCA,296067,ATGGCTTGTTAGCCAT
3571,CGTCAATAGCTGCACA,296214,CGGTCCATCGCATTTG
3572,CGTCAATAGCTGTAAC,296218,CGGTCCATCTCGACTA
3573,CGTCATTGTTACGCGG,296722,GGCATTACAACGGTTA
3574,CGTCATTGTTAGAGGG,296728,GGCATTACAAGGATGG
3575,CGTCATTGTTGTGATG,296800,GGCATTACAAGTCCTT
3576,CGTCATTGTTTGAGCA,296825,GGCATTACATAGACGC
3577,CGTCCTAGTCACGAAC,296938,TCCGGAGCATGAGGAG
3578,CGTCCTAGTCCTTTAA,296976,TCCGGAGCAGAAATGA
3579,CGTCCTAGTTACATCC,297100,TCCGGAGCAACAACAT
3580,CGTCCTAGTTATTGCC,297130,TCCGGAGCAACGGTGT
3581,CGTCCTAGTTGTCCAT,297180,TCCGGAGCATGGAGGA
3582,CGTCCTAGTTTACCGT,297190,TCCGGAGCAGCAAGTC
3583,CGTCCTAGTTTGTCTA,297218,TCCGGAGCAGGTTGTA
3584,CGTGACATCCTGAGTG,297424,AACGTTAAGGGTTATA
3585,CGTGACATCGTTTCGC,297521,AACGTTAAGCACTTGC
3586,CGTGACATCTCATCAT,297554,AACGTTAAGTCAATTC
3587,CGTGAGGAGCGGTTAT,297725,AATTACCTCGCGAAGC
3588,CGTGAGGAGCTATGAC,297735,AATTACCTCTAACCCA
3589,CGTGAGGAGCTCAATA,297739,AATTACCTCATGGTCC
3590,CGTGAGGAGCTTAGTA,297756,AATTACCTCCGCTAAC
3591,CGTGAGGAGTAAGGGC,297895,AATTACCTCGGTTACC
3592,CGTGCACAGTAGAGGC,298285,TACGCGTTCATGCAAA
3593,CGTGCACAGTCACCAG,298299,TACGCGTTCACAAATG
3594,CGTGCTGCAAGGGTTG,298430,ATCATGCGTCCTCCTG
3595,CGTGCTGCACACTAAT,298493,ATCATGCGTTCACCTC
3596,CGTGCTGCATATTGAC,298682,ATCATGCGTGCCGGAA
3597,CGTGCTGCATTGCGTA,298746,ATCATGCGTGTGATTC
3598,CGTGCTTTCACGAATC,298796,GCACAGCAGGATTATG
3599,CGTGCTTTCAGGAACA,298816,GCACAGCAGAGAGGCG
3600,CGTGCTTTCATTTGTC,298873,GCACAGCAGAATCGAC
3601,CGTGCTTTCCTACCTA,298945,GCACAGCAGTTACTAC
3602,CGTGCTTTCTTGTTCG,299135,GCACAGCAGCTGCTAC
3603,CGTGGTTCAAGATTCT,299185,CTCAATAGTTATGGAG
3604,CGTGGTTCAATTAACC,299236,CTCAATAGTATCGGCC
3605,CGTGGTTCACTTCATC,299327,CTCAATAGTATTTGGC
3606,CGTGGTTCAGAGGCTA,299336,CTCAATAGTAAGTGCA
3607,CGTGGTTCAGCAGGTA,299350,CTCAATAGTACCGTTG
3608,CGTGGTTCAGCCAGAA,299355,CTCAATAGTGGTTCTG
3609,CGTGGTTCAGGAACCA,299371,CTCAATAGTTATGTTG
3610,CGTGGTTCATGAGCAG,299475,CTCAATAGTCATAACC
3611,CGTGTGTCATCTAGCA,299852,GTTTATGGTTTAACCA
3612,CGTGTGTCATGCATAT,299863,GTTTATGGTAATGGTG
3613,CGTGTTACAAAGGCCA,299925,ACACTTAGTGAGTCAA
3614,CGTGTTACATTAAGTC,300266,ACACTTAGTGAGACTA
3615,CGTTAAATCAAGTGTC,300308,GTTGGTGAGCAAGTCG
3616,CGTTAAATCATTCATC,300401,GTTGGTGAGACAAGCT
3617,CGTTAAATCCGCAAAT,300453,GTTGGTGAGACCAGGC
3618,CGTTAAATCCTGTTCA,300503,GTTGGTGAGGTATAGC
3619,CGTTAAATCGGCCATA,300557,GTTGGTGAGGCTCACT
3620,CGTTAAATCGTTAGTA,300588,GTTGGTGAGATTAGGC
3621,CGTTAAATCGTTTCCA,300592,GTTGGTGAGCCGCTAT
3622,CGTTAACAGGACGTAA,300853,TAATCACTCCTGTGAC
3623,CGTTAACAGGCATGAA,300878,TAATCACTCAGCTAGG
3624,CGTTAACAGGCCAATT,300882,TAATCACTCTTAGCTG
3625,CGTTAACAGGTGAAGC,300945,TAATCACTCATAGCCC
3626,CGTTAACAGGTGCTGC,300948,TAATCACTCAAACTAG
3627,CGTTAACAGTGAAGTG,301011,TAATCACTCCTGATAT
3628,CGTTAGGTCATAAGCC,301134,CAGGATTAGGCGATAT
3629,CGTTAGGTCATGGTTA,301158,CAGGATTAGTTACCGC
3630,CGTTAGGTCCCTGGAA,301217,CAGGATTAGTGGCGTA
3631,CGTTAGGTCTAATCTC,301373,CAGGATTAGCTACCTA
3632,CGTTAGTAGCATTATG,301524,CGTATTGTCTCCTCAT
3633,CGTTAGTAGCGGTTAT,301565,CGTATTGTCGCGAAGC
3634,CGTTAGTAGCTATATG,301574,CGTATTGTCGTTAAAG
3635,CGTTAGTAGGAACCAA,301605,CGTATTGTCAAGGTTA
3636,CGTTAGTAGTCACTCC,301759,CGTATTGTCGCGATAG
3637,CGTTAGTAGTGAACAG,301776,CGTATTGTCCGCAATC
3638,CGTTATCGTGACCTGG,301995,ATTGCCTCATAGCTTC
3639,CGTTATCGTGCACGCA,302014,ATTGCCTCATAAGCAT
3640,CGTTATCGTTAAGCGC,302080,ATTGCCTCAACCGCTC
3641,CGTTATCGTTTATCGC,302186,ATTGCCTCAAGGCCAT
3642,CGTTATTTCATTACTC,302314,GAGGTCCAGGGTTAAC
3643,CGTTATTTCCCGAACA,302351,GAGGTCCAGGTCCCTG
3644,CGTTATTTCCTGGTCT,302419,GAGGTCCAGGTTGTAA
3645,CGTTGCAAGCTCAATA,302729,CCCTTGCTCATGGTCC
3646,CGTTGCAAGGCGTAAA,302815,CCCTTGCTCCGGGTTT
3647,CGTTGCAAGTAATCCA,302888,CCCTTGCTCAGCTAAA
3648,CGTTGCAAGTGACCTG,302930,CCCTTGCTCTAGGCGA
3649,CGTTGCGCAAATTCGT,303000,TATCCGGGTACTTATG
3650,CGTTGCGCAACAGGAT,303006,TATCCGGGTAGTTACC
3651,CGTTGCGCACAAGCCT,303092,TATCCGGGTTCATTGA
3652,CGTTTCTCATCGCTTT,303688,AGGTAATGTTGCTGGC
3653,CGTTTGGAGCATGTCG,303823,GAAGGAATCCCTCGTC
3654,CGTTTGGAGCTAAGTC,303871,GAAGGAATCTGGCTGT
3655,CGTTTGGAGGAACACA,303906,GAAGGAATCAGCAATA
3656,CGTTTGGAGTCGCTAG,304073,GAAGGAATCCATCAGC
3657,CGTTTGGAGTGCTGTG,304090,GAAGGAATCAACCGGA
3658,CTAAAGCTCAATGAGG,304535,TATTAGGAGTTGCAAA
3659,CTAAAGCTCACGTTAA,304556,TATTAGGAGCTCCTAA
3660,CTAAAGCTCCTGATTT,304718,TATTAGGAGCACAGCA
3661,CTAAAGCTCGCTCACT,304772,TATTAGGAGAAACCTA
3662,CTAAAGCTCTTAGTCT,304876,TATTAGGAGATTGAGC
3663,CTAAATGTCGCTCACT,305156,CCAACCTAGAAACCTA
3664,CTAAATGTCTAATCAG,305207,CCAACCTAGTATTGGA
3665,CTAACCACAAGTGAAC,305348,GAGCTTTGTGAGGACT
3666,CTAACCACACAATGCC,305396,GAGCTTTGTCCAATTA
3667,CTAACCACACGGTTTA,305445,GAGCTTTGTTCGCTTC
3668,CTAACCACAGCAGGTA,305490,GAGCTTTGTACCGTTG
3669,CTAACCACAGGTTCAC,305542,GAGCTTTGTCCTGACA
3670,CTAACCACAGTTTACG,305561,GAGCTTTGTAGACTAG
3671,CTAACCACATTATGCG,305645,GAGCTTTGTGTTAACC
3672,CTAACCACATTGTCAG,305656,GAGCTTTGTTTAATCG
3673,CTAACCCTCAGGGCCT,305729,GCTCCATAGCCGATAG
3674,CTAACCCTCCCAGTAG,305802,GCTCCATAGGCACAAT
3675,CTAACCCTCCTAAGAC,305847,GCTCCATAGTCAATAG
3676,CTAACCCTCCTCACTA,305858,GCTCCATAGTCAATCT
3677,CTAACCCTCCTCATCA,305861,GCTCCATAGGATCCAG
3678,CTAACCCTCGAGGAAC,305895,GCTCCATAGCGATGCA
3679,CTAACCCTCTAATCCT,305976,GCTCCATAGGATGCGC
3680,CTAACCCTCTATTGTC,305989,GCTCCATAGCAACCCT
3681,CTAACCTGTGCAATGC,306233,TTTGGAGCAGGACTAC
3682,CTAACCTGTGTGTGGT,306282,TTTGGAGCAAAGGCCT
3683,CTAACCTGTTGCATCT,306371,TTTGGAGCATTTGTGC
3684,CTAAGGTTCAGGGCCT,306495,AATCTCTAGCCGATAG
3685,CTAAGGTTCCAGGAAA,306560,AATCTCTAGGTACCGA
3686,CTAAGGTTCCTAGTAA,306620,AATCTCTAGTGCTCCG
3687,CTAAGGTTCCTGATGG,306635,AATCTCTAGTAGTTAG
3688,CTAAGGTTCCTGGTCT,306639,AATCTCTAGGTTGTAA
3689,CTAAGGTTCTCGCCTG,306771,AATCTCTAGCTTTAAC
3690,CTAAGGTTCTGTTCAT,306785,AATCTCTAGTTAGTAG
3691,CTAAGTCAGACACTTA,306832,TCACTAGTCCTAAGCC
3692,CTAAGTCAGACAGGTA,306834,TCACTAGTCATCAGCC
3693,CTAAGTCAGAGGAGGA,306849,TCACTAGTCTAGCCAC
3694,CTAAGTCAGGACACTT,306985,TCACTAGTCAGCCATC
3695,CTAAGTCAGGGCCATC,307055,TCACTAGTCACCCTCC
3696,CTAAGTCAGGTGTCCA,307087,TCACTAGTCCTCACGG
3697,CTAAGTCAGTCATCCC,307132,TCACTAGTCCTTAACG
3698,CTAAGTCAGTTTGTCT,307198,TCACTAGTCCTCATGA
3699,CTAATAGTCCTCGATC,307400,GACTAGTAGAACCTGG
3700,CTAATAGTCGCGCTAA,307450,GACTAGTAGCGCTAGA
3701,CTAATCCGTGAAGCCT,307745,AAGTCATCACCTCAGC
3702,CTAATCCGTGACCTGG,307749,AAGTCATCATAGCTTC
3703,CTAATCCGTGTCACGG,307807,AAGTCATCATAGCTAG
3704,CTAATCGCAATGCCCG,308057,AAAGCCAGTTGAGTCT
3705,CTAATCGCACGAACAG,308124,AAAGCCAGTCACACTG
3706,CTAATCGCAGCACGAA,308172,AAAGCCAGTAATCACC
3707,CTAATCTTCTTGGATA,308724,AGATTGCAGCCTAATT
3708,CTAATGTCACTGACCG,308911,AGGTTCTGTGAGTAGC
3709,CTAATGTCAGGATAAC,308970,AGGTTCTGTGAGGAAG
3710,CTAATGTCAGGCTTCG,308985,AGGTTCTGTAACCGGG
3711,CTAATGTCATCGCTTT,309058,AGGTTCTGTTGCTGGC
3712,CTAATGTCATCTTGAG,309061,AGGTTCTGTGATCCTG
3713,CTAATTGAGCAAGGAC,309170,TAACTGTTCGCGAAAT
3714,CTAATTGAGCGCCTTT,309230,TAACTGTTCTATTGAC
3715,CTAATTGAGCGGTTAT,309237,TAACTGTTCGCGAAGC
3716,CTAATTGAGGGATGCG,309354,TAACTGTTCCGAAACG
3717,CTAATTGAGTTGTCTT,309492,TAACTGTTCAAGGTGT
3718,CTACAACAGAGAGGAG,309529,CCCTCACTCAGCATTT
3719,CTACAACAGCACAGGG,309560,CCCTCACTCCAATTGT
3720,CTACAACAGGTAAGGC,309754,CCCTCACTCCCTCGCT
3721,CTACCGGCAACTAGAA,309922,ATCATCAGTTAACTGC
3722,CTACCGGCAATATGGA,309967,ATCATCAGTGCAATAG
3723,CTACCTCAGCTAATCA,310394,ATTTAGCTCGCGCTCA
3724,CTACCTCAGGAACCGG,310430,ATTTAGCTCCTAACCA
3725,CTACCTCAGGAGCACG,310449,ATTTAGCTCTAGTTCG
3726,CTACCTCAGGCATGAA,310470,ATTTAGCTCAGCTAGG
3727,CTACCTCAGGTCGAGG,310533,ATTTAGCTCAGCCTGT
3728,CTACCTCAGTCACCTC,310580,ATTTAGCTCTGGGAAT
3729,CTACGAAGTCATCAAG,310762,ATTTCGCCAGCTCAAA
3730,CTACGAAGTCATCATC,310763,ATTTCGCCATTGCCCA
3731,CTACGAAGTGCTCCAC,310850,ATTTCGCCATGCTTTA
3732,CTACGAAGTTAACGGC,310902,ATTTCGCCACTTAGGA
3733,CTACGAAGTTACTTCA,310920,ATTTCGCCATAAACCG
3734,CTACTAAAGCATTATG,311114,TATTGACTCTCCTCAT
3735,CTACTAAAGCTGGAAA,311177,TATTGACTCCTAAGAA
3736,CTACTAAAGGCAGGTG,311235,TATTGACTCGGGATGC
3737,CTACTAAAGGCCGGAA,311243,TATTGACTCCGGCTAT
3738,CTACTAAAGGCTAATC,311257,TATTGACTCCGTCCAG
3739,CTACTAAAGGGACTAA,311270,TATTGACTCCGCCTAG
3740,CTACTAAAGTCAGTAC,311351,TATTGACTCTGCAACC
3741,CTACTTAGTAGACAAA,311467,CATTAGGCAATCGCCC
3742,CTACTTAGTAGTTGGC,311486,CATTAGGCAAGGGCTT
3743,CTACTTAGTCACAGCG,311515,CATTAGGCACGCAATA
3744,CTACTTAGTTTACCGT,311770,CATTAGGCAGCAAGTC
3745,CTAGATTCACATAACT,311930,GCATGTTGTTTCCGGA
3746,CTAGCGGGTAACGTGC,312195,GCTAATGCATTGAGGC
3747,CTAGCGGGTAGTTGGC,312252,GCTAATGCAAGGGCTT
3748,CTAGCGGGTCATTGTC,312303,GCTAATGCAATTGCCT
3749,CTAGCGGGTGAGACTC,312353,GCTAATGCAAAGAAGC
3750,CTAGCGGGTGCTCCGT,312383,GCTAATGCAACAAGTT
3751,CTAGCGGGTTAGCTGA,312461,GCTAATGCAACGGTAC
3752,CTAGCGGGTTCATTTG,312483,GCTAATGCAAGGCTTA
3753,CTAGCGGGTTTAGCGA,312539,GCTAATGCACAGCACG
3754,CTAGCTGAGAACCTAC,312571,GCAGCAATCATTAACC
3755,CTAGCTGAGGCCGGAA,312775,GCAGCAATCCGGCTAT
3756,CTAGCTTGTAACAGGG,312955,GGTCACGCAAACCCAA
3757,CTAGCTTGTCAATACG,313041,GGTCACGCACGCGCAA
3758,CTAGCTTGTCCGTGAG,313078,GGTCACGCATGGTTAG
3759,CTAGCTTGTGTGAGAG,313179,GGTCACGCACCTCAAT
3760,CTAGCTTGTTACAACG,313211,GGTCACGCAGATAATC
3761,CTAGCTTGTTGGTTCT,313287,GGTCACGCACAAGGCT
3762,CTAGCTTGTTTGACCT,313318,GGTCACGCAGTAGGAG
3763,CTAGGACGTAATCGGC,313356,TTACGGACAGTTTGCT
3764,CTAGGACGTACTGAAT,313377,TTACGGACAAACCAGC
3765,CTAGGACGTGCTTAGA,313535,TTACGGACAAGGTGCT
3766,CTAGGACGTTCCTCCT,313637,TTACGGACACGTAGGT
3767,CTAGGCGGTAAACAAG,313715,ATGCAATCAAATATGC
3768,CTAGGCGGTCATTACC,313830,ATGCAATCAGTTGGCG
3769,CTAGGCGGTCGACTAA,313854,ATGCAATCAGTTTCTA
3770,CTAGTAATCACACAGT,314125,TCCGTTAAGTCCCGCA
3771,CTAGTAATCACTCAAA,314144,TCCGTTAAGGTGCGTA
3772,CTAGTAATCCTTCTAG,314314,TCCGTTAAGCTAAGCG
3773,CTAGTAATCTATTGTC,314421,TCCGTTAAGCAACCCT
3774,CTAGTAGGTAACCACA,314486,TCCGAAACATCATCAC
3775,CTAGTAGGTCGCGCAA,314625,TCCGAAACAGCCGGTA
3776,CTAGTAGGTTAGGCGT,314760,TCCGAAACATACTGAG
3777,CTAGTAGGTTTAACGG,314831,TCCGAAACATTTGTCA
3778,CTAGTCGAGACAACAG,314876,CATGAGGTCAACAACA
3779,CTAGTCGAGACTAAGG,314884,CATGAGGTCACAATAG
3780,CTAGTCGAGCGATAAG,314970,CATGAGGTCGCTTCTT
3781,CTAGTCGAGCTTTGTT,315020,CATGAGGTCAAATCAG
3782,CTAGTCGAGTGAGAGC,315199,CATGAGGTCCGGGTAA
3783,CTAGTGAGTAATCGTG,315271,AAACGAACACATAACG
3784,CTAGTGAGTCTTTGAC,315406,AAACGAACAGTGTGCG
3785,CTAGTGAGTGCAATGC,315431,AAACGAACAGGACTAC
3786,CTAGTGAGTTACTTGC,315515,AAACGAACATCAGTAG
3787,CTAGTGAGTTTATCTG,315605,AAACGAACATAATGGT
3788,CTAGTTGCAACGTGCT,315664,TTGGCCAGTTCTCACC
3789,CTAGTTGCAAGGTACG,315688,TTGGCCAGTCTAGCGC
3790,CTAGTTGCAGTCTATG,315902,TTGGCCAGTTGACCAT
3791,CTATAACCACAAGCCT,316126,TCCCGAAGTTCATTGA
3792,CTATAACCACTAAATC,316182,TCCCGAAGTTTACCAA
3793,CTATAACCAGATTCAT,316211,TCCCGAAGTTATTTGG
3794,CTATAACCAGTAAAGC,316276,TCCCGAAGTTTACTAG
3795,CTATAACCATAAAGCA,316298,TCCCGAAGTAATAAGC
3796,CTATAACCATAGCAGG,316314,TCCCGAAGTAGTCATC
3797,CTATAACCATGCAACC,316350,TCCCGAAGTTGGGCCT
3798,CTATGAGGTACCGAAC,316814,CCTTAGTCACAAAGCC
3799,CTATGAGGTCATTACC,316896,CCTTAGTCAGTTGGCG
3800,CTATGAGGTGCATCGG,316967,CCTTAGTCATGGCTAA
3801,CTATGAGGTGGTGAGA,316998,CCTTAGTCAATTGAGT
3802,CTATGAGGTGTTGCTT,317019,CCTTAGTCATACTTGC
3803,CTATGAGGTTATAGCG,317067,CCTTAGTCATTCAGGA
3804,CTATGAGGTTCGCGCT,317088,CCTTAGTCAATCATGG
3805,CTATGAGGTTTATGGG,317140,CCTTAGTCACTGTCAT
3806,CTATGAGGTTTGGTTC,317159,CCTTAGTCACATGCAA
3807,CTATGATCACGTTACA,317331,GCCTAGCGTTACAGCT
3808,CTATGGCCAAACCCTA,317549,CAACCTGGTAACAGGC
3809,CTATGGCCAAGCCAGA,317593,CAACCTGGTCGCATTG
3810,CTATGGCCACAAGCCT,317660,CAACCTGGTTCATTGA
3811,CTATGGCCACCCACCT,317689,CAACCTGGTCCAGCAC
3812,CTATGGCCACTTAACG,317729,CAACCTGGTAAGTCCT
3813,CTATGGCCAGGCCAAA,317790,CAACCTGGTTGAGGTA
3814,CTATGGCCATAATTGC,317843,CAACCTGGTTCTTAAG
3815,CTATGGCCATCTTGAG,317875,CAACCTGGTGATCCTG
3816,CTATGGCCATGACTAT,317880,CAACCTGGTTAGCTCG
3817,CTATGTTTCACTAATG,317976,AACCTTTAGACTCCTA
3818,CTATGTTTCATGCATA,318019,AACCTTTAGCACCTAC
3819,CTATGTTTCCTAGTTT,318122,AACCTTTAGGTCCGTT
3820,CTATGTTTCGATTCTT,318168,AACCTTTAGTGAGCCA
3821,CTATGTTTCGGTAACT,318202,AACCTTTAGTTACGTT
3822,CTATGTTTCGTACCGA,318214,AACCTTTAGCTTAGAA
3823,CTATGTTTCTGGCATG,318277,AACCTTTAGTATAGTG
3824,CTATTACTCAAGACTC,318323,ACGGTCAAGGCGCATA
3825,CTATTACTCAATGACC,318336,ACGGTCAAGACTAATG
3826,CTATTACTCCAATTAG,318438,ACGGTCAAGCTTAAAG
3827,CTATTACTCCCTCAGT,318465,ACGGTCAAGAGCTGCA
3828,CTATTACTCGGTAACT,318586,ACGGTCAAGTTACGTT
3829,CTATTACTCGTGCTTC,318604,ACGGTCAAGTCATAAG
3830,CTATTCAGTACCGGAT,318733,TTCCGGCCACGATTCT
3831,CTATTCAGTACCTTAC,318736,TTCCGGCCATTTCGCG
3832,CTATTCAGTCCCGGAA,318822,TTCCGGCCAAATGAAG
3833,CTATTCAGTCGAAGTC,318837,TTCCGGCCAACAGAGG
3834,CTATTCAGTGATTTGG,318880,TTCCGGCCACTAAGGC
3835,CTATTCAGTGTTGCAA,318936,TTCCGGCCACCGTTAT
3836,CTATTCAGTTCTTTAG,319011,TTCCGGCCATTTGGCT
3837,CTATTCAGTTGCGCGA,319023,TTCCGGCCACTAGCTT
3838,CTATTGAAGCGGGCAA,319200,CCTAAGCTCCCTCACC
3839,CTATTGAAGCTGAGGG,319221,CCTAAGCTCCGGATTC
3840,CTATTGAAGTCACGAT,319393,CCTAAGCTCGTTAGTT
3841,CTATTGAAGTTGTCTT,319456,CCTAAGCTCAAGGTGT
3842,CTCAATAAGCTTACTT,319614,GTAGTAATCGCACACT
3843,CTCAATAAGGTTAGCT,319742,GTAGTAATCTAACCAT
3844,CTCAATAAGTAACGAG,319751,GTAGTAATCTATCGGC
3845,CTCAATAAGTGAACAG,319796,GTAGTAATCCGCAATC
3846,CTCAATAAGTTATTCC,319828,GTAGTAATCATGAAGC
3847,CTCACAACAAGGGTTG,319906,ACGGATAGTCCTCCTG
3848,CTCACAACAGACAAAC,320042,ACGGATAGTAGTTGGA
3849,CTCACAACAGCCGCTA,320065,ACGGATAGTGTCCGTA
3850,CTCACAACATATTGAC,320158,ACGGATAGTGCCGGAA
3851,CTCACTCAGAAAGCAT,320618,CATTTGGTCGACAAAC
3852,CTCACTCAGAGCAAGC,320647,CATTTGGTCAGGCTAG
3853,CTCACTCAGAGGCTAA,320654,CATTTGGTCTGTTGCA
3854,CTCACTCAGCGAGCGA,320721,CATTTGGTCGATATAG
3855,CTCACTCAGCTATTAG,320748,CATTTGGTCATTTGGT
3856,CTCACTCAGCTGGAAA,320759,CATTTGGTCCTAAGAA
3857,CTCACTCAGTGAACAG,320948,CATTTGGTCCGCAATC
3858,CTCACTCAGTGATTCA,320958,CATTTGGTCTCACTTC
3859,CTCACTCAGTTTCCTG,320995,CATTTGGTCACGGATG
3860,CTCATCATCATGCATA,321473,CGTGCTTAGCACCTAC
3861,CTCATCATCCAAACAC,321502,CGTGCTTAGATATTCC
3862,CTCATCATCCTAGTCC,321575,CGTGCTTAGCGAAGCC
3863,CTCATCATCCTGGCTT,321592,CGTGCTTAGTCACTCA
3864,CTCATCATCTAAGTCA,321693,CGTGCTTAGCACTAAA
3865,CTCATCATCTCCTCTT,321722,CGTGCTTAGCTGCATC
3866,CTCATCATCTGTAAGC,321734,CGTGCTTAGTTAACCT
3867,CTCATCATCTTAGTCT,321748,CGTGCTTAGATTGAGC
3868,CTCATGACAATCCTAG,321854,GTTTAGCGTGTGCGGA
3869,CTCATGACACATTAAC,321902,GTTTAGCGTTCACGCA
3870,CTCATGACAGGACACA,322003,GTTTAGCGTCAGGCTC
3871,CTCATGCTCATAAGCC,322226,AGGCATTAGGCGATAT
3872,CTCATGCTCATCCTAT,322233,AGGCATTAGTATCGCC
3873,CTCATGCTCTTGCAAA,322523,AGGCATTAGTACTGGG
3874,CTCATTGTCCTCACTA,323112,ATGAACCAGTCAATCT
3875,CTCATTTAGCAAGGGT,323357,CATTGTGTCAGAAAGG
3876,CTCATTTAGCACTAGT,323367,CATTGTGTCCGCCATG
3877,CTCATTTAGCAGCTCA,323370,CATTGTGTCTTGCTGA
3878,CTCATTTAGGACCTCA,323476,CATTGTGTCAGGAATC
3879,CTCATTTAGGGTTATC,323553,CATTGTGTCGTCCTAA
3880,CTCCAAACAAACAACA,323687,ATACCCGGTGTGTTAC
3881,CTCCAAACAAGGTATA,323747,ATACCCGGTGAACAAT
3882,CTCCAAACAATAAGCA,323760,ATACCCGGTTAACGGA
3883,CTCCAAACAGGCTGTT,323938,ATACCCGGTTCATTCT
3884,CTCCAAACAGTAAGTA,323951,ATACCCGGTGAACCGG
3885,CTCCAAACATAGCAGG,323988,ATACCCGGTAGTCATC
3886,CTCCAAACATCAGTAT,324001,ATACCCGGTTTGAGGA
3887,CTCCAACTCCCAGTAG,324208,ACTTACTAGGCACAAT
3888,CTCCAACTCCTCATCA,324267,ACTTACTAGGATCCAG
3889,CTCCCTGAGCATTATG,324918,CCCAAACTCTCCTCAT
3890,CTCCCTGAGCTCATAA,324974,CCCAAACTCCCTGTGG
3891,CTCCCTGAGCTTATGA,324991,CCCAAACTCACTAATC
3892,CTCCCTGAGGAACCAA,324999,CCCAAACTCAAGGTTA
3893,CTCCCTGAGGACAATG,325008,CCCAAACTCGAGGAGG
3894,CTCCCTGAGGTGCGGA,325109,CCCAAACTCATGCCTA
3895,CTCCCTGAGTCATGCG,325157,CCCAAACTCACAAAGC
3896,CTCCGGACAAATTCGT,325244,TTATGTGGTACTTATG
3897,CTCCGGACAGCTCATA,325448,TTATGTGGTTCAAGCT
3898,CTCCGGACATTAAACC,325577,TTATGTGGTTATGTCA
3899,CTCCGTCCAACCCTAA,325637,GCACAGGGTTCCGGGT
3900,CTCCGTCCAACCCTCC,325638,GCACAGGGTTCCATTT
3901,CTCCGTCCAATATACC,325687,GCACAGGGTAGGCGCA
3902,CTCCGTCCAGGCAAGC,325847,GCACAGGGTAAACCCT
3903,CTCCGTCCATGTTGCA,325957,GCACAGGGTTTGGTTA
3904,CTCCGTCCATTTGCTC,325990,GCACAGGGTGCGGTAG
3905,CTCCTAATCAAGCTTA,326003,GCCAACAAGCAGCCAA
3906,CTCCTAATCAATGAGG,326013,GCCAACAAGTTGCAAA
3907,CTCCTAATCCATAAGC,326124,GCCAACAAGGAGCTTG
3908,CTCCTAATCCCGAAGC,326132,GCCAACAAGGTGGATT
3909,CTCCTAATCCGCACAA,326154,GCCAACAAGTAAACTG
3910,CTCCTAATCGTAACGT,326272,GCCAACAAGGCGCAGT
3911,CTCCTAATCTAAGGAG,326297,GCCAACAAGATAACTG
3912,CTCCTCACAAATTCGT,326396,GTGAACAGTACTTATG
3913,CTCCTCACAAGTTATC,326445,GTGAACAGTTGGCCAC
3914,CTCCTCACACTCGCTC,326552,GTGAACAGTTGTTCCC
3915,CTCCTCACAGAAATTG,326565,GTGAACAGTTTAGCGT
3916,CTCCTCACAGGTCCTG,326632,GTGAACAGTCACGCAC
3917,CTCCTCACAGTCTATG,326648,GTGAACAGTTGACCAT
3918,CTCCTCACATTGTCCT,326751,GTGAACAGTCCTTAGG
3919,CTCCTGAGTAGGTTTG,326821,CTCTCCTCACCAACAA
3920,CTCCTGAGTCACAGCG,326855,CTCTCCTCACGCAATA
3921,CTCCTGAGTGAGCACT,326929,CTCTCCTCAATAGAAG
3922,CTCCTGAGTGATGGCT,326938,CTCTCCTCATTCATTG
3923,CTCCTGAGTGCTCCGT,326957,CTCTCCTCAACAAGTT
3924,CTCCTGAGTGTGAGAG,326987,CTCTCCTCACCTCAAT
3925,CTCCTGAGTGTGCACG,326990,CTCTCCTCAATACCCT
3926,CTCCTGAGTTTGGCTT,327134,CTCTCCTCAATCTCTA
3927,CTCGACAAGAAAGGAA,327143,TCGGCCATCACTCGCG
3928,CTCGACAAGAAGGTGC,327148,TCGGCCATCACCAACC
3929,CTCGACAAGCTGGCTA,327285,TCGGCCATCTGGAAAC
3930,CTCGACAAGGACAACA,327309,TCGGCCATCTATGCAT
3931,CTCGACAAGGGTCTAT,327386,TCGGCCATCTCAAATC
3932,CTCGCTAGTATTACCC,327597,CCTCATGCACCTTAGT
3933,CTCGCTAGTGCTTTAC,327728,CCTCATGCAGGAATAA
3934,CTCGCTAGTGTTGCTT,327763,CCTCATGCATACTTGC
3935,CTCGCTAGTTAGTTGG,327810,CCTCATGCAATAGCAT
3936,CTCGCTAGTTGGATCA,327855,CCTCATGCATCCTTAA
3937,CTCGCTCCAATTTGGT,328012,GAGTGCGGTTTGAGTC
3938,CTCGCTCCACCTAAGC,328054,GAGTGCGGTATCGCTG
3939,CTCGCTCCAGAAATTG,328097,GAGTGCGGTTTAGCGT
3940,CTCGCTCCAGAGGGAG,328103,GAGTGCGGTGCAACAA
3941,CTCGCTCCAGTGAACG,328181,GAGTGCGGTATGTTGC
3942,CTCGCTCCATAGCGAG,328209,GAGTGCGGTCTAACCG
3943,CTCGCTCCATCCATCT,328225,GAGTGCGGTCACTCAG
3944,CTCGCTCCATGCTCCC,328247,GAGTGCGGTAGTAGCA
3945,CTCGTTATCCGCCTCA,328458,GCGATGCAGTCACCAC
3946,CTCGTTATCCTTGAGG,328509,GCGATGCAGTATCCGC
3947,CTCGTTATCCTTGTTG,328512,GCGATGCAGGTAAGCT
3948,CTCGTTATCGAAGTGA,328516,GCGATGCAGGATTGCG
3949,CTCGTTATCGGTACGC,328563,GCGATGCAGCCATAAA
3950,CTCGTTATCTGGCATG,328637,GCGATGCAGTATAGTG
3951,CTCTAAGCACAAACTT,328781,TGTTGCGGTCAATACC
3952,CTCTAAGCACACTAAT,328795,TGTTGCGGTTCACCTC
3953,CTCTAAGCATAATCGT,328968,TGTTGCGGTTCTTTGT
3954,CTCTAAGCATGGCCCA,329018,TGTTGCGGTACTTCGG
3955,CTCTAAGCATTGTGGC,329054,TGTTGCGGTGCTTCGA
3956,CTCTAGCTCAGGAACA,329118,TTAGTAGAGAGAGGCG
3957,CTCTAGCTCCTCATGC,329256,TTAGTAGAGGTGAATC
3958,CTCTAGCTCTATGACA,329382,TTAGTAGAGTTACGAA
3959,CTCTATGTCAAGTGTC,329458,TCCTTGAAGCAAGTCG
3960,CTCTATGTCAGCAAAG,329495,TCCTTGAAGTAATGCA
3961,CTCTATGTCAGGCTAT,329506,TCCTTGAAGGCACGTA
3962,CTCTATGTCATCCTAT,329523,TCCTTGAAGTATCGCC
3963,CTCTATGTCTATTGTC,329767,TCCTTGAAGCAACCCT
3964,CTCTATGTCTCACTCA,329775,TCCTTGAAGCCTTTCT
3965,CTCTCACAGAGGAGTC,329862,ACAAGGTTCTACTAAC
3966,CTCTCACAGATGGACA,329871,ACAAGGTTCTCAAGAA
3967,CTCTCACAGGCTACTG,330051,ACAAGGTTCCTTGAGC
3968,CTCTCACAGGTGAAGC,330095,ACAAGGTTCATAGCCC
3969,CTCTCACAGTAACAGG,330110,ACAAGGTTCGCTTCAA
3970,CTCTCACAGTCAATCA,330135,ACAAGGTTCCACGTTA
3971,CTCTGTTCAAGGTATA,330271,CCATGATGTGAACAAT
3972,CTCTGTTCACGAATTT,330372,CCATGATGTACCGTGC
3973,CTCTGTTCAGGCTTGT,330464,CCATGATGTTGCAAGA
3974,CTCTGTTCATAATGTC,330506,CCATGATGTGCAAGTA
3975,CTCTGTTCATGGTTAT,330556,CCATGATGTCATTATG
3976,CTCTTGATCACGCGGT,330637,GTAATCAAGAGGCTAT
3977,CTCTTGATCCCGTTTA,330742,GTAATCAAGCAAGGAA
3978,CTCTTGATCCGTGACA,330772,GTAATCAAGATTGCCC
3979,CTCTTGATCCTAAATG,330775,GTAATCAAGATAACCA
3980,CTCTTGATCCTTAGTT,330809,GTAATCAAGACTCCGT
3981,CTCTTGATCTTGTCTG,330972,GTAATCAAGGGATTTA
3982,CTGAAACTCGGTAACT,331250,CCTTATGAGTTACGTT
3983,CTGAATATCATTTGCT,331478,AGATTCAAGCTTTAGT
3984,CTGAATATCTTGCTAT,331736,AGATTCAAGCCATCAC
3985,CTGACATAGACCATAC,331767,TACAAAGTCTCCATGA
3986,CTGACATAGATAACCC,331787,TACAAAGTCATTTAGC
3987,CTGACATAGATGGAGC,331792,TACAAAGTCGCAACTC
3988,CTGACATAGCGAGCGA,331851,TACAAAGTCGATATAG
3989,CTGACATAGCGCAATT,331857,TACAAAGTCAATAGGC
3990,CTGACATAGGCACAGG,331946,TACAAAGTCGCTCAAC
3991,CTGACATAGTGTTGCG,332094,TACAAAGTCGCTAATT
3992,CTGACCAAGATACTTG,332172,GTCTTGATCGCGGATA
3993,CTGACCAAGCCTGGTA,332230,GTCTTGATCGAAGTTA
3994,CTGACCAAGCTTATGA,332283,GTCTTGATCACTAATC
3995,CTGACCAAGCTTGCTC,332286,GTCTTGATCCTAATCG
3996,CTGACCAAGGAGGTTA,332316,GTCTTGATCTAAATCC
3997,CTGACCAAGTAGCTTA,332431,GTCTTGATCCCATAGC
3998,CTGATCACAAACGGGC,332521,ACTAGTCGTAGGTGAC
3999,CTGATCACAACTGGCT,332556,ACTAGTCGTCTTGACG
4000,CTGATCACAAGCCACT,332560,ACTAGTCGTTTACCGG
4001,CTGATCACACAGAAAC,332636,ACTAGTCGTGGGTAAC
4002,CTGATCACACGTGCTG,332682,ACTAGTCGTTACTTCT
4003,CTGATCACACTAAGAA,332685,ACTAGTCGTGTCACGC
4004,CTGATCACACTTCACT,332700,ACTAGTCGTGCGTACC
4005,CTGATCACAGAGGCTA,332710,ACTAGTCGTAAGTGCA
4006,CTGATCACAGCATGAG,332725,ACTAGTCGTTACTCCC
4007,CTGATCACAGGACCAA,332750,ACTAGTCGTATTCGGT
4008,CTGATCACATTTAAGC,332897,ACTAGTCGTTCACTTT
4009,CTGCAATAGCCACAAT,332981,TCCTTCGTCGATCCGT
4010,CTGCAATAGCCTCTCG,332993,TCCTTCGTCCTGCCAG
4011,CTGCAATAGCTGGACC,333042,TCCTTCGTCCGCACCA
4012,CTGCAATAGGGCTTAT,333141,TCCTTCGTCAAATACG
4013,CTGCAATAGTTAGCTA,333254,TCCTTCGTCGATATTC
4014,CTGCTACTCAATTACG,333308,TTCGGTCAGGACAACT
4015,CTGCTACTCCGGTTGA,333457,TTCGGTCAGTGGCCAA
4016,CTGCTACTCTGTTGCC,333638,TTCGGTCAGAGGAACA
4017,CTGCTACTCTTGCAGG,333654,TTCGGTCAGCTTCCTT
4018,CTGCTACTCTTTGACT,333664,TTCGGTCAGCCCTTGG
4019,CTGCTATGTAAAGCGG,333669,CCTTCCTCACGGTCAG
4020,CTGCTATGTAACGTGC,333677,CCTTCCTCATTGAGGC
4021,CTGCTATGTTGGTTAG,334002,CCTTCCTCAGCTAGCG
4022,CTGCTATGTTGTGATG,334010,CCTTCCTCAAGTCCTT
4023,CTGCTATGTTTCGCGC,334033,CCTTCCTCACCTGGTC
4024,CTGCTCCCAATGCGCT,334143,GGTTGAAGTTTCACCC
4025,CTGCTCCCAGCCTGCA,334267,GGTTGAAGTTTCTAAG
4026,CTGCTCCCAGCTAACC,334270,GGTTGAAGTATGGTCT
4027,CTGCTCCCAGGACCTT,334285,GGTTGAAGTTGCTCTC
4028,CTGCTCCCAGTACCGT,334315,GGTTGAAGTATAGCTC
4029,CTGCTCCCATCCTGAA,334372,GGTTGAAGTCAGTGAA
4030,CTGCTCCCATTTGCTC,334432,GGTTGAAGTGCGGTAG
4031,CTGGACCAGAACCTAC,334437,AAGCCTCTCATTAACC
4032,CTGGACCAGACAACGA,334447,AAGCCTCTCTTTAGCG
4033,CTGGACCAGGAGCATA,334614,AAGCCTCTCCGTAAGG
4034,CTGGACCAGGCAGGTG,334633,AAGCCTCTCGGGATGC
4035,CTGGACCAGTCAATCA,334741,AAGCCTCTCCACGTTA
4036,CTGGATGTCACAAGCT,334844,GTTAGGTAGCTAACGG
4037,CTGGATGTCACTAATG,334862,GTTAGGTAGACTCCTA
4038,CTGGATGTCCCTCAGT,334967,GTTAGGTAGAGCTGCA
4039,CTGGATGTCCTAATTC,335004,GTTAGGTAGCTTGAAA
4040,CTGGATGTCTGCAAAC,335159,GTTAGGTAGTTACAAG
4041,CTGGCTAAGAAAGGAA,335203,GTAACGGTCACTCGCG
4042,CTGGCTAAGCCTGACA,335297,GTAACGGTCGACCTTA
4043,CTGGCTAAGGCATGTT,335403,GTAACGGTCACCTATG
4044,CTGGCTAAGGGTCCAC,335445,GTAACGGTCATAGCTT
4045,CTGGCTAAGTAACTCA,335489,GTAACGGTCCCTGGTG
4046,CTGGCTAAGTCGCTAG,335527,GTAACGGTCCATCAGC
4047,CTGGTAAGTATTCGTC,336043,ACACAATCACTAATCC
4048,CTGGTAAGTCCTTCTC,336105,ACACAATCAATTAGCG
4049,CTGGTAAGTGATCAGC,336143,ACACAATCAGCCAAAC
4050,CTGGTAAGTGATGATT,336147,ACACAATCATCAGTTC
4051,CTGGTAAGTTCCGGGA,336272,ACACAATCAATCCTAC
4052,CTGGTAAGTTTATTCG,336329,ACACAATCATATGGTG
4053,CTGGTCAAGAAACTGG,336351,AAGGCTGTCGATATGA
4054,CTGGTCAAGAATCTCA,336360,AAGGCTGTCTTAGGTT
4055,CTGGTCAAGACACTTA,336368,AAGGCTGTCCTAAGCC
4056,CTGGTCAAGAGAGGAG,336379,AAGGCTGTCAGCATTT
4057,CTGGTCAAGCACGATT,336412,AAGGCTGTCTAACTCG
4058,CTGGTCAAGCGAGCGA,336455,AAGGCTGTCGATATAG
4059,CTGGTCAAGTAAGTGG,336643,AAGGCTGTCCTAACTG
4060,CTGGTCAAGTCTTGAA,336681,AAGGCTGTCAGCTACC
4061,CTGGTCAAGTTACCGG,336701,AAGGCTGTCCCTGATA
4062,CTGGTTACAATAAGCA,336808,TAGTACCGTTAACGGA
4063,CTGGTTACAATTATGC,336834,TAGTACCGTTGTCATA
4064,CTGGTTACACAGCCAT,336859,TAGTACCGTACCTTGG
4065,CTGGTTACACGTAAGG,336900,TAGTACCGTCCGGTTA
4066,CTGGTTACAGATTCAT,336933,TAGTACCGTTATTTGG
4067,CTGGTTACAGCATGGA,336946,TAGTACCGTAGCCTTG
4068,CTGGTTACAGTTAAAG,337010,TAGTACCGTAAATAGC
4069,CTGGTTACATTATGAC,337098,TAGTACCGTTGGGTAA
4070,CTGGTTTGTGATGAAA,337295,GACTGACCATTAGCCT
4071,CTGTAACAGGCCTAAT,337710,AATCGTTTCCGCCTCT
4072,CTGTAACAGTATTGTG,337808,AATCGTTTCAGGAGCC
4073,CTGTAACAGTCATCCC,337818,AATCGTTTCCTTAACG
4074,CTGTAACAGTGGCGGA,337846,AATCGTTTCCTGTTAG
4075,CTGTAACAGTTAGGCT,337857,AATCGTTTCAAACTGA
4076,CTGTAACAGTTTCCTG,337879,AATCGTTTCACGGATG
4077,CTGTAACAGTTTGCGG,337881,AATCGTTTCTTGACCA
4078,CTGTACCTCAAGCTAC,337896,ACCCTTAAGCAAGACT
4079,CTGTACCTCAATCTAG,337904,ACCCTTAAGTAAGCTA
4080,CTGTACCTCAGCACGC,337940,ACCCTTAAGTTATGGA
4081,CTGTACCTCAGTATTG,337952,ACCCTTAAGCGATATA
4082,CTGTACCTCATGCTAA,337976,ACCCTTAAGCTCGACT
4083,CTGTATTTCACCGGTA,338305,CCTAGAGAGCCTTAAT
4084,CTGTATTTCACGTTAA,338312,CCTAGAGAGCTCCTAA
4085,CTGTATTTCAGCACGC,338324,CCTAGAGAGTTATGGA
4086,CTGTATTTCATCACTT,338346,CCTAGAGAGCAATACA
4087,CTGTATTTCCCTCAAC,338417,CCTAGAGAGATTGACA
4088,CTGTATTTCCGGAACC,338438,CCTAGAGAGGATTTGA
4089,CTGTATTTCGAGCAAA,338497,CCTAGAGAGATTAGCA
4090,CTGTATTTCTACCTGC,338585,CCTAGAGAGCATCTAT
4091,CTGTGTGAGCCACAAT,338735,CCCACCTTCGATCCGT
4092,CTGTGTGAGCTGTCAG,338800,CCCACCTTCGCGAGTA
4093,CTGTGTGAGGAGCATA,338834,CCCACCTTCCGTAAGG
4094,CTGTGTGAGGTGCTGC,338924,CCCACCTTCAAACTAG
4095,CTGTGTGAGTTATGTG,339015,CCCACCTTCGACAAGT
4096,CTGTTAAAGATAACCC,339077,ACAAAGCTCATTTAGC
4097,CTGTTAAAGCTTATGA,339189,ACAAAGCTCACTAATC
4098,CTGTTAAAGGACGTAA,339213,ACAAAGCTCCTGTGAC
4099,CTGTTAAAGGTAAGGC,339290,ACAAAGCTCCCTCGCT
4100,CTGTTAAAGTCATTAG,339356,ACAAAGCTCATTAAGG
4101,CTGTTCATCATCAGTA,339499,TTGAACAAGCTTAGCC
4102,CTGTTCATCATGGCCA,339515,TTGAACAAGGTATGGT
4103,CTGTTCATCCAAGTTA,339542,TTGAACAAGCTAATAG
4104,CTGTTCATCCAATTAG,339544,TTGAACAAGCTTAAAG
4105,CTGTTCATCTCCTCAA,339757,TTGAACAAGCGCTAAG
4106,CTGTTGGAGCTTAACA,339953,GTAATAGTCCGTTAGC
4107,CTGTTGGAGCTTTGTT,339962,GTAATAGTCAAATCAG
4108,CTGTTGGAGGCTGTCA,340034,GTAATAGTCTTGCAGC
4109,CTGTTGGAGTAACGGA,340092,GTAATAGTCACAAGCG
4110,CTGTTGGAGTTCCTGC,340172,GTAATAGTCCGTCAAC
4111,CTGTTGGAGTTGCCTC,340173,GTAATAGTCAGCACGA
4112,CTGTTTAGTAGGATTT,340247,CACTCGCCATATTGCC
4113,CTGTTTAGTCCACAAA,340310,CACTCGCCATGATCGA
4114,CTGTTTAGTGCTCCAC,340386,CACTCGCCATGCTTTA
4115,CTGTTTAGTGGAAACG,340393,CACTCGCCAGGAGGGT
4116,CTGTTTAGTTTACCGT,340540,CACTCGCCAGCAAGTC
4117,CTTAACAAGCATGGTT,340646,CAGTTTGTCATCCTCT
4118,CTTAACAAGCGGTTAT,340691,CAGTTTGTCGCGAAGC
4119,CTTAACAAGTATCGCG,340874,CAGTTTGTCGCCCGTA
4120,CTTAACAAGTGATTCA,340912,CAGTTTGTCTCACTTC
4121,CTTAAGATCACCTGTC,340993,CAAGGTTAGTGTGGTG
4122,CTTAAGATCCATAATG,341089,CAAGGTTAGGGTTGGC
4123,CTTAAGATCCTGGTGA,341164,CAAGGTTAGACACGCA
4124,CTTAAGATCGAGCTAT,341184,CAAGGTTAGGTATGTA
4125,CTTAAGATCGATTCTT,341192,CAAGGTTAGTGAGCCA
4126,CTTAAGATCGTTAGCG,341249,CAAGGTTAGATGAAGG
4127,CTTAAGGGTAATAGCT,341358,ACTTCGTCATGAGCCG
4128,CTTAAGGGTACGTTTC,341381,ACTTCGTCATTTCTTC
4129,CTTAAGGGTCAAGTGC,341428,ACTTCGTCATCCGCTA
4130,CTTAAGGGTCCTTAGT,341473,ACTTCGTCACTTAGCT
4131,CTTAAGGGTCCTTCTC,341475,ACTTCGTCAATTAGCG
4132,CTTAAGGGTTACCGGG,341601,ACTTCGTCACTTCAAC
4133,CTTAAGGGTTTGCAGA,341709,ACTTCGTCAAGGAATA
4134,CTTAATGAGAACCTAC,341725,AGCAAACTCATTAACC
4135,CTTAATGAGAGAGGCT,341750,AGCAAACTCATGTTGT
4136,CTTAATGAGCGATAGA,341830,AGCAAACTCAAGGGTT
4137,CTTAATGAGGTTACAC,341995,AGCAAACTCCTCTCGC
4138,CTTAATGAGGTTAGCT,341998,AGCAAACTCTAACCAT
4139,CTTACCGGTAACTACG,342116,ACTGAATCAGCTCGAG
4140,CTTACCGGTACCGAAC,342138,ACTGAATCACAAAGCC
4141,CTTACCGGTAGGTTGC,342166,ACTGAATCAATAAACC
4142,CTTACCGGTTTCCTCC,342469,ACTGAATCATCCTGCA
4143,CTTACCGGTTTGGTTC,342483,ACTGAATCACATGCAA
4144,CTTACCTCAACAACAA,342510,TATACTGGTTCAATTG
4145,CTTACCTCAATCATGT,342570,TATACTGGTAGAGGGA
4146,CTTACTAGTACGCGCA,342910,TTCTAGCCACCACAAA
4147,CTTACTAGTAGGATCC,342928,TTCTAGCCAAGGCTGT
4148,CTTACTAGTTTACGTC,343223,TTCTAGCCAATCGTGA
4149,CTTACTAGTTTGAGGC,343240,TTCTAGCCACCAAAGC
4150,CTTAGGAGTAAAGCAA,343254,CGCGTGACAGTGCCTC
4151,CTTAGGAGTCAAAGAA,343337,CGCGTGACATGTTGGA
4152,CTTAGGAGTGCAACTA,343435,CGCGTGACAGTATGTG
4153,CTTAGGAGTTGAGCCG,343569,CGCGTGACAGCAAATT
4154,CTTAGTTTCCCGAAGC,343776,AATGGTCAGGTGGATT
4155,CTTAGTTTCCGGTTAG,343808,AATGGTCAGGGTCCAA
4156,CTTAGTTTCTTGCAAA,344005,AATGGTCAGTACTGGG
4157,CTTATGTTCAAACTCA,344022,CAACATAAGTAACGTA
4158,CTTATGTTCAAGTGTC,344034,CAACATAAGCAAGTCG
4159,CTTATGTTCACTAAGC,344063,CAACATAAGTCTAGCC
4160,CTTATGTTCATAGCCG,344095,CAACATAAGGAGCAAA
4161,CTTATGTTCATGCTTT,344112,CAACATAAGTGAGGCC
4162,CTTATGTTCCGTAAAC,344194,CAACATAAGCGCTCCA
4163,CTTATTGGTAACCACA,344408,CATCACTCATCATCAC
4164,CTTATTGGTACCGGAT,344437,CATCACTCACGATTCT
4165,CTTATTGGTCTTGCAT,344559,CATCACTCAGAATCTG
4166,CTTATTGGTGAGCGAA,344574,CATCACTCAAGTGGCT
4167,CTTATTGGTGCTGGTG,344602,CATCACTCAAGTGCAC
4168,CTTATTGGTTACTTGC,344671,CATCACTCATCAGTAG
4169,CTTATTGGTTAGACCA,344672,CATCACTCAGGAGGTA
4170,CTTATTGGTTTAGCTC,344758,CATCACTCAGCAAGCT
4171,CTTCAAGCAATTTAGC,344889,CCATTAAGTTATATCG
4172,CTTCAAGCACTAAGCC,344956,CCATTAAGTTAGGCGG
4173,CTTCAAGCACTCAACA,344961,CCATTAAGTTAACCAC
4174,CTTCAAGCACTTCATC,344971,CCATTAAGTATTTGGC
4175,CTTCAATTCAATTACG,345194,AGGGCCTAGGACAACT
4176,CTTCAATTCACGAATC,345208,AGGGCCTAGGATTATG
4177,CTTCAATTCCGTTAAA,345347,AGGGCCTAGTAACCGG
4178,CTTCAATTCCTCATGC,345366,AGGGCCTAGGTGAATC
4179,CTTCAATTCCTTCGTA,345385,AGGGCCTAGAACCTAA
4180,CTTCAATTCTACCTGC,345485,AGGGCCTAGCATCTAT
4181,CTTCACTCAAAGCTAA,345567,TTTCCTGGTTTCCAGG
4182,CTTCACTCAATTGCGC,345656,TTTCCTGGTACTAACC
4183,CTTCACTCAATTTGGT,345658,TTTCCTGGTTTGAGTC
4184,CTTCACTCACATTGCA,345687,TTTCCTGGTTAAGTGG
4185,CTTCACTCAGCTAACC,345774,TTTCCTGGTATGGTCT
4186,CTTCACTCATGCAACC,345890,TTTCCTGGTTGGGCCT
4187,CTTCAGGAGACAAAGT,345949,TGGTCTATCTAAGCAA
4188,CTTCAGGAGCGATAAG,346044,TGGTCTATCGCTTCTT
4189,CTTCAGGAGGACCTGC,346111,TGGTCTATCGGTTAGG
4190,CTTCAGGAGGCATTAC,346140,TGGTCTATCAAAGGGA
4191,CTTCAGGAGGTTTACA,346215,TGGTCTATCTTCAAGT
4192,CTTCAGGAGTTATGTG,346299,TGGTCTATCGACAAGT
4193,CTTCAGGAGTTTCCTG,346315,TGGTCTATCACGGATG
4194,CTTCATCCAATAACGA,346393,GTTGCATGTGCTGTTG
4195,CTTCATCCAGAGAGCC,346515,GTTGCATGTAGCTGTT
4196,CTTCATCCAGCTAACC,346542,GTTGCATGTATGGTCT
4197,CTTCGCGTCACTCAAA,346752,ACAACTAAGGTGCGTA
4198,CTTCGCGTCATGGCTG,346800,ACAACTAAGGACGAAA
4199,CTTCGCGTCATTGCGG,346816,ACAACTAAGGAAGTAG
4200,CTTCGCGTCCGGTTAG,346878,ACAACTAAGGGTCCAA
4201,CTTCGCGTCCTCGATC,346906,ACAACTAAGAACCTGG
4202,CTTCGCGTCGATTTAG,346943,ACAACTAAGACAACGT
4203,CTTCGCGTCTAATCCT,347016,ACAACTAAGGATGCGC
4204,CTTCGCGTCTGTTCAT,347059,ACAACTAAGTTAGTAG
4205,CTTCTAAGTCCTAAGA,347218,CCGCTTACAGCTACCC
4206,CTTCTAAGTGCTCCGT,347287,CCGCTTACAACAAGTT
4207,CTTCTAAGTGGGTGAA,347305,CCGCTTACAAGTATCG
4208,CTTCTAAGTGTGTCCC,347321,CCGCTTACACTATGGA
4209,CTTCTCAAGCACAGAA,347528,TCGATATTCTTAAGGA
4210,CTTCTCAAGCACAGGG,347530,TCGATATTCCAATTGT
4211,CTTCTCAAGCACTAAC,347534,TCGATATTCGCGAGGT
4212,CTTCTCAAGCCTAACG,347563,TCGATATTCGTCCTTT
4213,CTTCTCAAGGATCACT,347661,TCGATATTCATTATGC
4214,CTTCTCAAGTAACTCA,347759,TCGATATTCCCTGGTG
4215,CTTGAACAGCCAGTAT,347940,TCCATAGTCCCGGAAA
4216,CTTGAACAGGGTCTAT,348100,TCCATAGTCTCAAATC
4217,CTTGAACAGGTAGCTT,348110,TCCATAGTCAATGAGC
4218,CTTGAACAGTCTCACC,348183,TCCATAGTCGCGCAAA
4219,CTTGAATCAAACCTTG,348243,AAGGCCGGTCCTCCAT
4220,CTTGAATCAATCGCAC,348326,AAGGCCGGTTACAACC
4221,CTTGAATCACAAAGCG,348347,AAGGCCGGTACAAACG
4222,CTTGAATCAGGAATCG,348472,AAGGCCGGTATCCGTG
4223,CTTGACGAGCAAGATG,348675,CTTGCTTTCACACAAA
4224,CTTGACGAGCAAGGGT,348677,CTTGCTTTCAGAAAGG
4225,CTTGACGAGCACAGAA,348680,CTTGCTTTCTTAAGGA
4226,CTTGACGAGGACAACA,348791,CTTGCTTTCTATGCAT
4227,CTTGACGAGTAGCCAT,348920,CTTGCTTTCCCTCATT
4228,CTTGACGAGTCGCTAG,348949,CTTGCTTTCCATCAGC
4229,CTTGCAACAAAGCGGC,349020,CAAATCCGTGGATTAG
4230,CTTGCAACAAAGGTAC,349024,CAAATCCGTAGCTAAG
4231,CTTGCAACAATTTAGC,349111,CAAATCCGTTATATCG
4232,CTTGCAACAGGAACAT,349236,CAAATCCGTGCGGTTC
4233,CTTGCAACAGGATGGC,349245,CAAATCCGTTGTTTGA
4234,CTTGCAACAGGCATCT,349248,CAAATCCGTAGGTTTC
4235,CTTGCAACATAAACCT,349291,CAAATCCGTGCACCAC
4236,CTTGCAACATAAGGAC,349295,CAAATCCGTACAATGG
4237,CTTGCAACATTCCTCG,349374,CAAATCCGTTGGTGAA
4238,CTTGCATGTAAGTCGC,349408,TGAGATTCAGTACCGG
4239,CTTGCATGTACAATGT,349421,TGAGATTCACTCAATC
4240,CTTGCATGTCCACAAA,349512,TGAGATTCATGATCGA
4241,CTTGCATGTTAACGAT,349639,TGAGATTCAGTTTCCG
4242,CTTGCATGTTCAAGCA,349684,TGAGATTCAAGCCTCC
4243,CTTGCATGTTGGCCGA,349722,TGAGATTCAAACCTAG
4244,CTTGCATGTTGGCGTG,349723,TGAGATTCACTAGTCT
4245,CTTGCGCGTGGAAACG,349977,AGTACTGCAGGAGGGT
4246,CTTGCGCGTTAAGCCA,350023,AGTACTGCAATCTGGA
4247,CTTGCGCGTTTGGCGG,350147,AGTACTGCACATGCTT
4248,CTTGCTCAGCACAGCC,350213,GGGCAACTCCTCAGTA
4249,CTTGCTCAGCCAAATC,350236,GGGCAACTCGGTACGA
4250,CTTGCTCAGTAAGTGG,350447,GGGCAACTCCTAACTG
4251,CTTGCTCAGTGAACAG,350486,GGGCAACTCCGCAATC
4252,CTTGGACCAAATACCT,350557,ACGGTTTGTCAATGAG
4253,CTTGGACCAAGGAATC,350592,ACGGTTTGTCAACCGC
4254,CTTGGACCACATAGCC,350670,ACGGTTTGTAATCCCG
4255,CTTGGACCACTGGCCA,350719,ACGGTTTGTCCTGAGC
4256,CTTGGACCATAGACCC,350838,ACGGTTTGTAAAGGTT
4257,CTTGGACCATTAAGTC,350896,ACGGTTTGTGAGACTA
4258,CTTGTAAAGACAGGCG,350941,GCTATATTCACTATGT
4259,CTTGTAAAGGCGCATC,351138,GCTATATTCAGGATTA
4260,CTTGTAAAGGTCCTAG,351185,GCTATATTCCTCAAGC
4261,CTTGTAAAGGTGTTAC,351196,GCTATATTCGCAATCC
4262,CTTGTAAAGGTTTACA,351201,GCTATATTCTTCAAGT
4263,CTTGTCCAGCCGCTTT,351397,GGCAAGCTCCTGGATC
4264,CTTGTCCAGCGGATAA,351423,GGCAAGCTCCTCCCAC
4265,CTTGTCCAGCTAATCA,351432,GGCAAGCTCGCGCTCA
4266,CTTGTCCAGCTCATAA,351442,GGCAAGCTCCCTGTGG
4267,CTTGTCCAGCTTACTT,351456,GGCAAGCTCGCACACT
4268,CTTGTCCAGGAGCAAC,351486,GGCAAGCTCCTAAATC
4269,CTTGTCCAGGGCTTAT,351549,GGCAAGCTCAAATACG
4270,CTTGTCCAGTAACCCG,351592,GGCAAGCTCCGTAATT
4271,CTTGTCCAGTCATTTC,351628,GGCAAGCTCAAGCTCC
4272,CTTGTCCAGTTCCTGC,351674,GGCAAGCTCCGTCAAC
4273,CTTGTTCCAAACTAAG,351698,TGAGCTTGTTACCCAG
4274,CTTGTTCCAAAGGCCA,351707,TGAGCTTGTGAGTCAA
4275,CTTGTTCCAACAGCCT,351717,TGAGCTTGTCGATTAC
4276,CTTGTTCCAACCTGGT,351725,TGAGCTTGTAGCGCTC
4277,CTTGTTCCACAATGCC,351806,TGAGCTTGTCCAATTA
4278,CTTGTTCCACATAGCC,351822,TGAGCTTGTAATCCCG
4279,CTTGTTCCACTGACCG,351869,TGAGCTTGTGAGTAGC
4280,CTTGTTCCAGTAGGTG,351960,TGAGCTTGTACCTTAA
4281,CTTGTTTAGCAGGTGG,352144,AGGCCTTTCGCGACTT
4282,CTTGTTTAGTAGCGCC,352373,AGGCCTTTCTGTCAGC
4283,CTTTAGGCACTAGCGT,352632,AGGTCAAGTGCTCACA
4284,CTTTAGGCAGGCCTTG,352704,AGGTCAAGTCATGAAG
4285,CTTTAGGCAGTAAGTA,352723,AGGTCAAGTGAACCGG
4286,CTTTAGGCAGTTATGT,352737,AGGTCAAGTTTGCAGT
4287,CTTTAGTTCCATAATG,352977,GGATGAAAGGGTTGGC
4288,CTTTAGTTCGAGGAAC,353073,GGATGAAAGCGATGCA
4289,CTTTAGTTCGCTAGAT,353097,GGATGAAAGAATGACC
4290,CTTTAGTTCTTACTCG,353201,GGATGAAAGAGGGACG
4291,CTTTAGTTCTTGCAAA,353213,GGATGAAAGTACTGGG
4292,CTTTATCAGCTAATTG,353353,CAGGCAATCCTAGTGC
4293,CTTTATGGTCATTACC,353726,ATGAATCCAGTTGGCG
4294,CTTTATGGTGCGCGTA,353804,ATGAATCCAAGTGCCG
4295,CTTTATGGTTGGCGTG,353943,ATGAATCCACTAGTCT
4296,CTTTCTTGTAATGGAA,354019,GCAAGCTCAGGTTCTT
4297,CTTTCTTGTAATGGCC,354020,GCAAGCTCACTCCCTT
4298,CTTTCTTGTCAGGCAT,354096,GCAAGCTCAACCTCGC
4299,CTTTCTTGTCCTTTAA,354130,GCAAGCTCAGAAATGA
4300,CTTTCTTGTGCATTTC,354181,GCAAGCTCACCAGCTC
4301,CTTTCTTGTGCCGCAA,354182,GCAAGCTCAAGGTCAC
4302,CTTTCTTGTGGAGCAA,354201,GCAAGCTCAGCCTAAA
4303,CTTTCTTGTTAATCGG,354249,GCAAGCTCAGTGCACG
4304,CTTTGAGCAAACCTAT,354378,GCTGACCGTGCGCGAA
4305,CTTTGAGCAGCAAGGC,354578,GCTGACCGTCGCATAT
4306,CTTTGAGCATAAGTTC,354665,GCTGACCGTGGACATA
4307,CTTTGGGAGGGCCACT,354998,GACATAATCCAACCTA
4308,CTTTGGGAGTAACGGA,355046,GACATAATCACAAGCG
4309,CTTTGGGAGTCATCCC,355076,GACATAATCCTTAACG
4310,CTTTGGTGTCATGAGC,355255,AGTAATCCAAGGCCTG
4311,CTTTGTCCAACCTGGT,355559,CGTTTGGGTAGCGCTC
4312,CTTTGTCCAATATAGG,355606,CGTTTGGGTTACGTAC
4313,CTTTGTCCACAACAGG,355636,CGTTTGGGTATTGCGT
4314,CTTTGTCCATCATGGC,355840,CGTTTGGGTCCTAAGT
4315,GAAACTGAGACAGGTA,356310,ACAGCCTTCATCAGCC
4316,GAAACTGAGCTGTAAC,356436,ACAGCCTTCTCGACTA
4317,GAAACTGAGGAGTCGG,356478,ACAGCCTTCAATCGGG
4318,GAAAGCCAGACACTTA,356692,GAAGTTATCCTAAGCC
4319,GAAAGCCAGACAGGCG,356693,GAAGTTATCACTATGT
4320,GAAAGCCAGCAAGGGT,356729,GAAGTTATCAGAAAGG
4321,GAAAGCCAGCCTGTGA,356775,GAAGTTATCCGCACAT
4322,GAAAGCCAGCTATTAG,356806,GAAGTTATCATTTGGT
4323,GAAAGCCAGTAAGTGG,356967,GAAGTTATCCTAACTG
4324,GAAAGGCTCAAGCCTG,357068,GATCAGTAGATTCACT
4325,GAAAGGCTCATGCGTG,357149,GATCAGTAGCTAATCT
4326,GAAAGGCTCATTGCGG,357170,GATCAGTAGGAAGTAG
4327,GAAAGGCTCCCTGTTA,357217,GATCAGTAGCCAGTAG
4328,GAAAGGCTCCTACCTA,357247,GATCAGTAGTTACTAC
4329,GAAAGGCTCGCTATGG,357317,GATCAGTAGGAGTCGC
4330,GAACACAAGAAAGCAT,357444,ATCCTAGTCGACAAAC
4331,GAACACAAGCAACATC,357493,ATCCTAGTCCAAGTGG
4332,GAACACAAGCTATGAC,357573,ATCCTAGTCTAACCCA
4333,GAACACAAGCTCCTAC,357580,ATCCTAGTCTTAGCCA
4334,GAACACAAGGGCCACT,357682,ATCCTAGTCCAACCTA
4335,GAACCAAAGGCACAGG,358026,GTTGAGGTCGCTCAAC
4336,GAACCAAAGTAGCGGG,358126,GTTGAGGTCTAACCGC
4337,GAACCAAAGTGAGGTA,358167,GTTGAGGTCAGGATCG
4338,GAACCAGCAACTAGCC,358249,TGATTGCGTTGTTGTA
4339,GAACCAGCACAGCCAT,358335,TGATTGCGTACCTTGG
4340,GAACCAGCAGGCGAGT,358457,TGATTGCGTAACCTAC
4341,GAACCAGCATGAATAG,358542,TGATTGCGTTATCCGG
4342,GAACCAGCATGGAGGC,358553,TGATTGCGTGAGGTAC
4343,GAACCAGCATGGCCTG,358555,TGATTGCGTTCCGGAC
4344,GAACCAGCATTAGCGC,358570,TGATTGCGTACTGATC
4345,GAACCGCTCATTGTTC,358708,TATCCATAGGAGGTAA
4346,GAACCGCTCCACCTGT,358721,TATCCATAGGTAAGTC
4347,GAACCGCTCCCGTTTA,358742,TATCCATAGCAAGGAA
4348,GAACCGCTCGAAGTGA,358820,TATCCATAGGATTGCG
4349,GAACCGCTCTCACATT,358925,TATCCATAGTCCTCCC
4350,GAACCTGTCGCACACA,359223,AGCGCTAAGTAGAGGA
4351,GAACCTGTCGGCTATG,359245,AGCGCTAAGTGGCTTC
4352,GAACCTGTCGTGCTTC,359268,AGCGCTAAGTCATAAG
4353,GAACCTTAGAGGATAT,359399,ACTTGCATCGAAGTAC
4354,GAACCTTAGCGGATTT,359480,ACTTGCATCCAAACTT
4355,GAACCTTAGGATCCGC,359554,ACTTGCATCAGGTCGA
4356,GAACCTTAGGCTACAT,359586,ACTTGCATCTTTAAGC
4357,GAACGAATCCAACTGG,359866,TTTAGCTAGAACAACC
4358,GAACGAATCCTCACAC,359939,TTTAGCTAGCACCTTA
4359,GAACGAATCGATAACC,359980,TTTAGCTAGGCCTTGT
4360,GAACGAATCGGCCATA,360011,TTTAGCTAGGCTCACT
4361,GAACTTATCACAGACT,360160,TATAGTGAGCTTACTG
4362,GAACTTATCCGTTAAA,360309,TATAGTGAGTAACCGG
4363,GAACTTATCGCGCTAA,360382,TATAGTGAGCGCTAGA
4364,GAACTTATCTTAGGAC,360492,TATAGTGAGCGCTACT
4365,GAAGCCTGTAAACAAG,360515,CTTGTGTCAAATATGC
4366,GAAGCCTGTCCAAGAC,360635,CTTGTGTCACTAGTAG
4367,GAAGCCTGTGATGGCT,360694,CTTGTGTCATTCATTG
4368,GAAGCCTGTTAAGCCA,360765,CTTGTGTCAATCTGGA
4369,GAAGCCTGTTGCAATG,360833,CTTGTGTCAACCGTAA
4370,GAAGCCTGTTTAAAGC,360863,CTTGTGTCACGGATCG
4371,GAAGCTAAGGCGAATA,361110,GACTTTGTCCTGCAAC
4372,GAAGCTAAGTAGCGGG,361196,GACTTTGTCTAACCGC
4373,GAAGGAACAAATTGCT,361303,ATGGCGGGTAAGTACG
4374,GAAGGAACAGCATTAT,361494,ATGGCGGGTTGAGGGT
4375,GAAGGAACAGGCTTCG,361533,ATGGCGGGTAACCGGG
4376,GAAGGAACATGGCCCA,361624,ATGGCGGGTACTTCGG
4377,GAAGGATGTCATTGTC,361783,GTAATCGCAATTGCCT
4378,GAAGGATGTCCTTAGT,361799,GTAATCGCACTTAGCT
4379,GAAGGATGTCGAAGTC,361803,GTAATCGCAACAGAGG
4380,GAAGGATGTGTTTGTC,361909,GTAATCGCACAAACGC
4381,GAAGGATGTTGCATCT,361987,GTAATCGCATTTGTGC
4382,GAAGGCCCAACTCGCG,362087,TTACTAGGTGCGCAAG
4383,GAAGGCCCAGCACGAA,362254,TTACTAGGTAATCACC
4384,GAAGGCCCAGGAAGCC,362279,TTACTAGGTGCGATTT
4385,GAAGGCTAGATAACCC,362471,TTGCGGTTCATTTAGC
4386,GAAGGCTAGCAAACCT,362479,TTGCGGTTCGGTTCAC
4387,GAAGGCTAGCTTAGCG,362581,TTGCGGTTCGAGGCGT
4388,GAAGGCTAGTAACCCG,362716,TTGCGGTTCCGTAATT
4389,GAAGTAAGTTCGGTAA,363126,ATTGAACCAAACAAAG
4390,GAAGTAAGTTGACTTC,363130,ATTGAACCATCACAGA
4391,GAAGTAAGTTTGGGTA,363192,ATTGAACCACATAGCA
4392,GAAGTATAGATAAAGC,363236,AGATTGATCATGGTTT
4393,GAAGTATAGCAAGGAC,363250,AGATTGATCGCGAAAT
4394,GAAGTATAGGATAAAC,363386,AGATTGATCTACTACG
4395,GAAGTCAAGGATTTGC,363776,CAGTCTATCATTACAC
4396,GAAGTCAAGGCGAATA,363794,CAGTCTATCCTGCAAC
4397,GAAGTCAAGGTAAGGC,363834,CAGTCTATCCCTCGCT
4398,GAAGTGATCACGAATC,364004,GCGCTAAAGGATTATG
4399,GAAGTGATCCTAGTTT,364156,GCGCTAAAGGTCCGTT
4400,GAAGTGATCGCTAAAC,364217,GCGCTAAAGGTGCACA
4401,GAAGTGATCTGCAAAC,364307,GCGCTAAAGTTACAAG
4402,GAATTTGTCACTTTAC,364399,CTTGACCAGGAACCTG
4403,GAATTTGTCCTAATGA,364535,CTTGACCAGATATTGG
4404,GACAATACAAACTGTT,364743,GTAGCGGGTTTGTTGA
4405,GACAATACACATTAAC,364866,GTAGCGGGTTCACGCA
4406,GACAATACACTTAACG,364915,GTAGCGGGTAAGTCCT
4407,GACAATACACTTGTTC,364920,GTAGCGGGTGGTTACT
4408,GACAATACAGCAAGAT,364935,GTAGCGGGTTTACTGA
4409,GACACCGGTGAAACAA,365277,AAGCGCTCACACTAAG
4410,GACACCGGTGCATTAG,365304,AAGCGCTCAACCAACA
4411,GACACCGGTGTCACGG,365341,AAGCGCTCATAGCTAG
4412,GACACCGGTGTCCAGG,365343,AAGCGCTCAAAGGTAA
4413,GACACCGGTGTTTGCT,365360,AAGCGCTCATCCTAGT
4414,GACACCGGTTTGAGGC,365486,AAGCGCTCACCAAAGC
4415,GACATAGAGCTACTGG,366008,CTTAAGTTCGTGATGG
4416,GACATAGAGGAGTCGG,366068,CTTAAGTTCAATCGGG
4417,GACATAGAGGCACAGG,366080,CTTAAGTTCGCTCAAC
4418,GACATAGAGGTCCACA,366141,CTTAAGTTCGTTAGCC
4419,GACATTATCACCAATA,366299,TACGTCCAGCAAACAC
4420,GACATTATCATTGCAA,366375,TACGTCCAGGTTATAG
4421,GACATTATCTGCAACG,366608,TACGTCCAGCCTTGCG
4422,GACCGAACAAATTCGT,366670,CCCGTTTGTACTTATG
4423,GACCGAACAATAGCCC,366727,CCCGTTTGTTGAAGCA
4424,GACCGAACAGCCTGCA,366867,CCCGTTTGTTTCTAAG
4425,GACCGAACAGGCCTTG,366894,CCCGTTTGTCATGAAG
4426,GACCGAACAGGTTACC,366908,CCCGTTTGTATGTTTG
4427,GACCGAACATTAGCCA,367007,CCCGTTTGTCCATTAA
4428,GACCGTTCAAACGGGC,367039,TAGGTGAGTAGGTGAC
4429,GACCGTTCACTAGCGT,367206,TAGGTGAGTGCTCACA
4430,GACCTAAGTAGACAAA,367465,GGCTGATCAATCGCCC
4431,GACCTAAGTGTTCCCA,367653,GGCTGATCATTGTGAG
4432,GACCTAAGTTAAGCGC,367668,GGCTGATCAACCGCTC
4433,GACCTAAGTTGCGGAT,367742,GGCTGATCATCCCAAT
4434,GACCTAAGTTGTAACG,367756,GGCTGATCAGGTTATG
4435,GACCTAGTCCCTGATC,367954,GAGATTCAGCATATAG
4436,GACCTCAAGACTTATG,368208,TTGCTGATCGCTTGAC
4437,GACCTCAAGAGAAGGG,368209,TTGCTGATCCCAAAGG
4438,GACCTCAAGAGAGGAG,368211,TTGCTGATCAGCATTT
4439,GACCTCAAGTAGCCAT,368480,TTGCTGATCCCTCATT
4440,GACCTGATCCCTCAAC,368715,CCCGATTAGATTGACA
4441,GACCTGATCCGCAACA,368728,CCCGATTAGGAGTATC
4442,GACCTGATCGGTACGC,368839,CCCGATTAGCCATAAA
4443,GACCTGATCGTAATCA,368849,CCCGATTAGGTTGCGA
4444,GACCTGCAGCCACAAT,369033,CCAAAGGTCGATCCGT
4445,GACCTGCAGCTCCTAC,369088,CCAAAGGTCTTAGCCA
4446,GACCTGCAGGAAGCTA,369116,CCAAAGGTCCTTTGAG
4447,GACCTGCAGGCGAATA,369164,CCAAAGGTCCTGCAAC
4448,GACCTGCAGGTGTTAC,369224,CCAAAGGTCGCAATCC
4449,GACCTGCAGGTTACAC,369225,CCAAAGGTCCTCTCGC
4450,GACCTGCAGTAGCTTA,369251,CCAAAGGTCCCATAGC
4451,GACCTGCAGTCATGCG,369269,CCAAAGGTCACAAAGC
4452,GACCTGCAGTGTTGCG,369298,CCAAAGGTCGCTAATT
4453,GACCTGCAGTTGGCCA,369322,CCAAAGGTCCTTATGG
4454,GACCTTTGTTGCTGGG,369662,GGTGCATCACTCAGTT
4455,GACGCAACAATAACGA,369789,TAGGCTTGTGCTGTTG
4456,GACGCAACAATACTGT,369793,TAGGCTTGTTGTAACC
4457,GACGCAACAATTAACC,369812,TAGGCTTGTATCGGCC
4458,GACGCAACAGCACCAT,369923,TAGGCTTGTTGACTAC
4459,GACGCAACAGGCAAGC,369957,TAGGCTTGTAAACCCT
4460,GACGCAACAGGCTAGA,369967,TAGGCTTGTTGGCGGA
4461,GACGCAACAGTTAGCC,369993,TAGGCTTGTCCCTCTG
4462,GACGCAACATAGCAGG,370018,TAGGCTTGTAGTCATC
4463,GACGCAACATCCTGAA,370040,TAGGCTTGTCAGTGAA
4464,GACGCAACATGCATAT,370055,TAGGCTTGTAATGGTG
4465,GACGCAACATGCTATG,370056,TAGGCTTGTCACCAGC
4466,GACGCAACATTGTGTG,370097,TAGGCTTGTTAAAGCG
4467,GACGCCTAGAAAGGAA,370103,CGATTATTCACTCGCG
4468,GACGCCTAGAACAAGT,370104,CGATTATTCGATTCAT
4469,GACGCCTAGAACCTAC,370105,CGATTATTCATTAACC
4470,GACGCCTAGCATGGTT,370176,CGATTATTCATCCTCT
4471,GACGCCTAGCCGCAGT,370189,CGATTATTCAATTAGG
4472,GACGTAAAGCCTGGTA,370584,TTGGCTATCGAAGTTA
4473,GACGTAAAGCTAAAGG,370608,TTGGCTATCGCTCAGT
4474,GACGTAAAGCTCCTTA,370623,TTGGCTATCGAAGCAT
4475,GACGTAAAGGGCCACT,370724,TTGGCTATCCAACCTA
4476,GACGTAAAGTTATGTG,370847,TTGGCTATCGACAAGT
4477,GACTAATGTAAGCTTG,370883,GGTGTACCACCTAAAG
4478,GACTAATGTACCAGGT,370900,GGTGTACCATAATCGG
4479,GACTAATGTCTCAGCC,371023,GGTGTACCAACAAAGA
4480,GACTAATGTGGTGAGA,371086,GGTGTACCAATTGAGT
4481,GACTAATGTTGAGCCG,371185,GGTGTACCAGCAAATT
4482,GACTAATGTTGTAAAC,371207,GGTGTACCAAATCCCT
4483,GACTATTCACCTACTT,371401,TTCGCAGGTAGCGGAT
4484,GACTCACCACACAATT,371753,TTGCTCCGTCGGTTTG
4485,GACTCACCACCTCAGG,371788,TTGCTCCGTGAGTTTC
4486,GACTCACCAGAGAGCC,371829,TTGCTCCGTAGCTGTT
4487,GACTTACAGCCTGTGA,372119,GACCAAGTCCGCACAT
4488,GACTTACAGGAACCAA,372179,GACCAAGTCAAGGTTA
4489,GACTTAGGTAGACAAA,372451,TTAGGATCAATCGCCC
4490,GACTTAGGTAGCTAGC,372457,TTAGGATCAATTGACG
4491,GACTTAGGTCCTTCTC,372539,TTAGGATCAATTAGCG
4492,GACTTAGGTTAAGCCA,372653,TTAGGATCAATCTGGA
4493,GACTTAGGTTCACCAT,372697,TTAGGATCATTACGGA
4494,GACTTAGGTTGCATCT,372725,TTAGGATCATTTGTGC
4495,GACTTAGGTTTGAGCA,372771,TTAGGATCATAGACGC
4496,GACTTGGTCAAACCTA,372787,AGAGCAAAGGTGCTTC
4497,GACTTGGTCCATTACT,372921,AGAGCAAAGCTTGGTC
4498,GACTTGGTCCTCGATC,372986,AGAGCAAAGAACCTGG
4499,GACTTGGTCGTTCACC,373083,AGAGCAAAGCAACAAC
4500,GACTTGGTCTAGCGAT,373103,AGAGCAAAGGCAGGTC
4501,GAGAAACGTAATCCCT,373190,TGGATTGCAGCCTGAG
4502,GAGAAACGTAGCTAGC,373223,TGGATTGCAATTGACG
4503,GAGAAACGTGTCCTGC,373396,TGGATTGCATAGGTGC
4504,GAGAAACGTTAGTTGG,373454,TGGATTGCAATAGCAT
4505,GAGAAACGTTGGATCA,373499,TGGATTGCATCCTTAA
4506,GAGAAACGTTGTCATC,373509,TGGATTGCAGCACTAA
4507,GAGAACCAGCACCACA,373611,GTATTGTTCTAACTGT
4508,GAGAACCAGCTTACTT,373700,GTATTGTTCGCACACT
4509,GAGAACCAGGACCTTG,373726,GTATTGTTCCACTAAT
4510,GAGAACCAGGAGCATA,373732,GTATTGTTCCGTAAGG
4511,GAGAACCAGGAGGGTT,373735,GTATTGTTCGCTATGC
4512,GAGAACCAGGCTGTGC,373781,GTATTGTTCCGCTGTG
4513,GAGAACCAGGGCCATC,373791,GTATTGTTCACCCTCC
4514,GAGAGGCGTAATCGCA,373957,GCAAGGACAACGGGAA
4515,GAGAGGCGTAATGGCC,373962,GCAAGGACACTCCCTT
4516,GAGAGGCGTCATGAGC,374047,GCAAGGACAAGGCCTG
4517,GAGAGGCGTGATCAGC,374109,GCAAGGACAGCCAAAC
4518,GAGAGGCGTGATCATG,374110,GCAAGGACATGCCTCA
4519,GAGAGGCGTGCTCACC,374131,GCAAGGACAAATAGCT
4520,GAGATAAGTCTCACTG,374470,TAGGCTACAAGGGAGC
4521,GAGATAAGTGAACAAA,374478,TAGGCTACAAATGCTG
4522,GAGATAAGTTAGAGCC,374587,TAGGCTACACCTCACA
4523,GAGCAAATCAAACCTA,374701,GCTTCTAAGGTGCTTC
4524,GAGCAAATCCCTCATA,374850,GCTTCTAAGACAGGTT
4525,GAGCAAATCCTCATCA,374895,GCTTCTAAGGATCCAG
4526,GAGCAAATCCTTAGTT,374913,GCTTCTAAGACTCCGT
4527,GAGCAAATCCTTGCGT,374919,GCTTCTAAGATTCATC
4528,GAGCAAATCGAGCAAA,374927,GCTTCTAAGATTAGCA
4529,GAGCAAATCTAACCTT,375003,GCTTCTAAGCAAATTG
4530,GAGCAAATCTTCAATC,375064,GCTTCTAAGAAGCTAC
4531,GAGCAAATCTTTGAGA,375081,GCTTCTAAGACATAGC
4532,GAGCAAGGTACTTAGG,375129,AGATAAGCACTCGCTA
4533,GAGCAAGGTGTTTCAC,375324,AGATAAGCAAGGATTT
4534,GAGCAAGGTTAGGTGC,375364,AGATAAGCAGGTGACT
4535,GAGCATGCACTTAGGC,375649,ACCGCGTGTCATTTCT
4536,GAGCATGCACTTCACT,375650,ACCGCGTGTGCGTACC
4537,GAGCATGCAGCACCAT,375671,ACCGCGTGTTGACTAC
4538,GAGCATGCAGTTTGTG,375748,ACCGCGTGTGTTACTA
4539,GAGCCACTCAGGTCCA,375914,TTGTCATAGTCATCAT
4540,GAGCCACTCATAACCA,375919,TTGTCATAGGCTTTCA
4541,GAGCCACTCCAAATCA,375967,TTGTCATAGCTTGCCG
4542,GAGCCACTCCTCAGTC,376044,TTGTCATAGAAGCAAG
4543,GAGCCACTCGCCTAAG,376097,TTGTCATAGTAAAGGG
4544,GAGCCACTCTCACTAT,376180,TTGTCATAGGGAGCAG
4545,GAGCCTTCACTAAATC,376402,AGAGCCGGTTTACCAA
4546,GAGCCTTCAGCAAGGC,376436,AGAGCCGGTCGCATAT
4547,GAGCCTTCAGCTTAGC,376461,AGAGCCGGTCTATCTT
4548,GAGCCTTCAGGAACTG,376464,AGAGCCGGTCCGTTAG
4549,GAGCGAAGTACCAGGT,376648,CTTCCTCCATAATCGG
4550,GAGCGAAGTGCTTTAC,376820,CTTCCTCCAGGAATAA
4551,GAGCGAAGTTGCACGG,376937,CTTCCTCCAGGTCAAC
4552,GAGCGAAGTTTGGGCG,376993,CTTCCTCCAAGGTGTC
4553,GAGCGATAGAAAGCAT,377000,AATGCAATCGACAAAC
4554,GAGCGATAGACAGGCG,377017,AATGCAATCACTATGT
4555,GAGCGATAGCGGATAA,377115,AATGCAATCCTCCCAC
4556,GAGCGATAGTAGCTTA,377299,AATGCAATCCCATAGC
4557,GAGCGATAGTCAGTAC,377315,AATGCAATCTGCAACC
4558,GAGCGATAGTGAGCGG,377337,AATGCAATCATCACAT
4559,GAGCGATAGTTAGCCG,377353,AATGCAATCATGAGGT
4560,GAGCGGTCAAAGCGGC,377396,GACAAGCGTGGATTAG
4561,GAGCGGTCAATATACC,377463,GACAAGCGTAGGCGCA
4562,GAGCGGTCATAATCAC,377674,GACAAGCGTAGGAGGA
4563,GAGCGGTCATTGTCCT,377759,GACAAGCGTCCTTAGG
4564,GAGCTAGCAAGGTGCA,377830,GATCCTGGTGCGTAAA
4565,GAGCTAGCAATATAGG,377848,GATCCTGGTTACGTAC
4566,GAGCTAGCACGTTACA,377935,GATCCTGGTTACAGCT
4567,GAGCTGCTCACGTTAA,378194,TCAAGCGAGCTCCTAA
4568,GAGCTGCTCACTTTAC,378201,TCAAGCGAGGAACCTG
4569,GAGCTGCTCATCCTGC,378233,TCAAGCGAGTTATGAG
4570,GAGCTGCTCCGCCTCA,378318,TCAAGCGAGTCACCAC
4571,GAGCTGCTCCGGTTGA,378325,TCAAGCGAGTGGCCAA
4572,GAGCTGCTCCTCCTAA,378351,TCAAGCGAGAAGGGTA
4573,GAGCTGCTCCTTCTAG,378368,TCAAGCGAGCTAAGCG
4574,GAGCTTAGTGAAGCCT,378697,ATAAAGGCACCTCAGC
4575,GAGCTTAGTGAGACTC,378703,ATAAAGGCAAAGAAGC
4576,GAGCTTAGTTACTTCA,378802,ATAAAGGCATAAACCG
4577,GAGCTTAGTTGAAGCC,378848,ATAAAGGCACACAAGC
4578,GAGCTTGTCACACAGT,378945,AGCCTCTAGTCCCGCA
4579,GAGCTTGTCATTACGA,379019,AGCCTCTAGGCACTAG
4580,GAGCTTGTCCCGCAAA,379059,AGCCTCTAGATTCAAG
4581,GAGCTTGTCGAGCTAT,379146,AGCCTCTAGGTATGTA
4582,GAGCTTGTCGATAACC,379150,AGCCTCTAGGCCTTGT
4583,GAGCTTGTCGATTTGA,379156,AGCCTCTAGGTGGCTA
4584,GAGCTTGTCTAGCGAT,379235,AGCCTCTAGGCAGGTC
4585,GAGCTTGTCTTGTTCG,379295,AGCCTCTAGCTGCTAC
4586,GAGGACTAGCAACATC,379351,TAATTGCTCCAAGTGG
4587,GAGGACTAGCAAGGTA,379356,TAATTGCTCAGCGGGT
4588,GAGGACTAGCATGTTA,379378,TAATTGCTCAAACTTC
4589,GAGGACTAGCCGCAGT,379389,TAATTGCTCAATTAGG
4590,GAGGACTAGCGAGTAA,379407,TAATTGCTCGGTCCAT
4591,GAGGACTAGGCCTGGT,379511,TAATTGCTCCTTGCAA
4592,GAGGAGGCAACAGGTG,379713,CGCAATTGTGTAACAG
4593,GAGGAGGCAACCCTAA,379715,CGCAATTGTTCCGGGT
4594,GAGGAGGCACATGCTA,379817,CGCAATTGTTTGACTA
4595,GAGGAGGCACCTGGTG,379842,CGCAATTGTTAATCCA
4596,GAGGAGGCACTAAGAA,379855,CGCAATTGTGTCACGC
4597,GAGGAGGCAGGCGAGT,379931,CGCAATTGTAACCTAC
4598,GAGGAGGCATAGCAGG,379986,CGCAATTGTAGTCATC
4599,GAGGAGGCATAGCGGA,379988,CGCAATTGTAGCTTTA
4600,GAGGCAAGTAAGGTTT,380085,CGCTGGACAAGGTGGA
4601,GAGGCAAGTTCACCCA,380364,CGCTGGACAGCTAACA
4602,GAGGCCTTCATGAAGG,380535,GCTATTTAGTAAGCGT
4603,GAGGCCTTCATTGACA,380560,GCTATTTAGTTGCAGG
4604,GAGGCCTTCCGTCCAT,380627,GCTATTTAGGCAACAT
4605,GAGGCCTTCTTAGCGG,380811,GCTATTTAGGGTCTAG
4606,GAGGCCTTCTTGACCC,380817,GCTATTTAGGAGCAGG
4607,GAGGCCTTCTTGTCTG,380828,GCTATTTAGGGATTTA
4608,GAGGCTACAATCCTGA,380921,TAGAGGCGTAGACAAT
4609,GAGGCTACACAAAGAC,380942,TAGAGGCGTGACGTAA
4610,GAGGCTACACAATGCC,380950,TAGAGGCGTCCAATTA
4611,GAGGCTACACATGCTA,380967,TAGAGGCGTTTGACTA
4612,GAGGCTACACCTACTT,380985,TAGAGGCGTAGCGGAT
4613,GAGGCTACAGCAGGTA,381044,TAGAGGCGTACCGTTG
4614,GAGGCTACAGGACCAA,381070,TAGAGGCGTATTCGGT
4615,GAGGCTACAGGCCTTG,381080,TAGAGGCGTCATGAAG
4616,GAGGCTACATGATTGT,381171,TAGAGGCGTAGGTTAG
4617,GAGGCTACATGCTCCC,381175,TAGAGGCGTAGTAGCA
4618,GAGGCTTGTAATCACG,381239,GGGATGACAACGTGGT
4619,GAGGCTTGTATACTGG,381287,GGGATGACACAGCAAC
4620,GAGGCTTGTGATTTGG,381400,GGGATGACACTAAGGC
4621,GAGGCTTGTTAGGATT,381497,GGGATGACAAGCGAAG
4622,GAGGGAGCAGTAGCCT,381868,ATTGCGTGTTGCTCAG
4623,GAGGGAGCATTAGCCA,381959,ATTGCGTGTCCATTAA
4624,GAGGTACAGAAGCTAG,381991,CGTAAGGTCTCAATAC
4625,GAGGTACAGGCATGTT,382187,CGTAAGGTCACCTATG
4626,GAGGTACAGGCTAGAA,382210,CGTAAGGTCACAGCCT
4627,GAGGTACAGGCTATGT,382211,CGTAAGGTCAAGGAAG
4628,GAGGTACAGTACTGGT,382280,CGTAAGGTCACAGATA
4629,GAGGTACAGTAGCCAT,382282,CGTAAGGTCCCTCATT
4630,GAGGTAGGTACCTTAC,382406,CTGCTCACATTTCGCG
4631,GAGGTAGGTCCTAAGA,382498,CTGCTCACAGCTACCC
4632,GAGGTGAGTGGTGAGA,382968,TGTTGCTCAATTGAGT
4633,GAGGTGAGTGTTGTAG,382990,TGTTGCTCACTATACC
4634,GAGGTGAGTTGTCCAT,383092,TGTTGCTCATGGAGGA
4635,GAGGTGAGTTGTTGCT,383096,TGTTGCTCATGACATG
4636,GAGGTTAAGCAAGGGT,383187,TTGCTTCTCAGAAAGG
4637,GAGGTTAAGCACCACA,383193,TTGCTTCTCTAACTGT
4638,GAGGTTAAGCCAGTAT,383218,TTGCTTCTCCCGGAAA
4639,GAGGTTAAGCCTAACG,383225,TTGCTTCTCGTCCTTT
4640,GAGGTTAAGCGCAATT,383243,TTGCTTCTCAATAGGC
4641,GAGTAACCAACTAGCC,383555,TGAGCAAGTTGTTGTA
4642,GAGTAACCAAGGACCA,383571,TGAGCAAGTAACCGCC
4643,GAGTAACCACGAATCC,383677,TGAGCAAGTAACCTTA
4644,GAGTAACCAGGCCAAA,383760,TGAGCAAGTTGAGGTA
4645,GAGTAACCAGTTAGCC,383793,TGAGCAAGTCCCTCTG
4646,GAGTAATAGCCTCTCG,383995,AGCGCAATCCTGCCAG
4647,GAGTAATAGCTGTAAC,384046,AGCGCAATCTCGACTA
4648,GAGTAATAGCTTCCCG,384054,AGCGCAATCATTCAGT
4649,GAGTATCTCAGGTTTA,384351,CCCACATAGTGCACCT
4650,GAGTATCTCATCCACC,384364,CCCACATAGGTTCCGT
4651,GAGTATCTCGCAACAT,384526,CCCACATAGATTCGTT
4652,GAGTATCTCTGCAACG,384628,CCCACATAGCCTTGCG
4653,GAGTATCTCTTAGCCC,384644,CCCACATAGTCTTAGT
4654,GAGTATCTCTTGCAGG,384656,CCCACATAGCTTCCTT
4655,GAGTCAAAGACAAACG,384680,TTGGACCTCCCGCAAT
4656,GAGTCAAAGCACTTGG,384734,TTGGACCTCTTGTTCC
4657,GAGTCAAAGCTCAATA,384803,TTGGACCTCATGGTCC
4658,GAGTCAAAGGAAGCAC,384833,TTGGACCTCTAGCCTA
4659,GAGTCAAAGGCCATCA,384875,TTGGACCTCGGTCAAG
4660,GAGTCAAAGGCGGGTA,384888,TTGGACCTCAATACAG
4661,GAGTCAAAGTATTGCA,384974,TTGGACCTCCAGCTCG
4662,GAGTCATTCATGGCTG,385148,TTTCAGTAGGACGAAA
4663,GAGTCATTCGTTATAG,385349,TTTCAGTAGGATAACC
4664,GAGTGAGGTCCCGAAG,385559,AGTAACTCATAGTCAG
4665,GAGTGAGGTCCGTAGG,385563,AGTAACTCATCAGGTA
4666,GAGTGAGGTCGTTATC,385585,AGTAACTCAGTGAGAG
4667,GAGTGAGGTTAAGGTT,385691,AGTAACTCATTGTCCG
4668,GAGTGAGGTTATTGCC,385728,AGTAACTCAACGGTGT
4669,GAGTGAGGTTGAATCG,385751,AGTAACTCATATGGAT
4670,GAGTGAGGTTTACTTG,385790,AGTAACTCATCAATCC
4671,GAGTGATCAGCACGAA,386026,ACATTGCGTAATCACC
4672,GAGTGATCAGGCGAGT,386065,ACATTGCGTAACCTAC
4673,GAGTGATCATATAACC,386127,ACATTGCGTTAGGCTT
4674,GAGTGATCATTAGGCC,386179,ACATTGCGTGTCCGGT
4675,GAGTGTTTCAAACACC,386203,CGAGCTAAGTCCTCAA
4676,GAGTGTTTCCCAGTAG,386340,CGAGCTAAGGCACAAT
4677,GAGTGTTTCCTTGCAC,386422,CGAGCTAAGAGCAATC
4678,GAGTGTTTCTGCAACG,386546,CGAGCTAAGCCTTGCG
4679,GAGTGTTTCTTGAGCG,386570,CGAGCTAAGTCACCTA
4680,GAGTTACTCCGTTAAA,386765,AATATCGAGTAACCGG
4681,GAGTTACTCGTAACGT,386868,AATATCGAGGCGCAGT
4682,GAGTTACTCTTAGCGG,386947,AATATCGAGGGTCTAG
4683,GAGTTACTCTTGACCC,386953,AATATCGAGGAGCAGG
4684,GAGTTGCGTAATCGCA,386993,TCGAAGCCAACGGGAA
4685,GAGTTGCGTAGCTAGC,387025,TCGAAGCCAATTGACG
4686,GAGTTGCGTTAGTGAT,387255,TCGAAGCCACTAGCGG
4687,GAGTTGCGTTCCTCCT,387275,TCGAAGCCACGTAGGT
4688,GAGTTGCGTTCCTGTG,387277,TCGAAGCCAAACATGT
4689,GAGTTGCGTTGCTGGG,387298,TCGAAGCCACTCAGTT
4690,GAGTTTGGTAGGATCC,387410,GTCAAGCCAAGGCTGT
4691,GAGTTTGGTATTGTCC,387432,GTCAAGCCATTAGTGG
4692,GAGTTTGGTTCACCCA,387648,GTCAAGCCAGCTAACA
4693,GAGTTTGGTTGGATAT,387682,GTCAAGCCAATGTCAG
4694,GAGTTTGGTTTATTCG,387713,GTCAAGCCATATGGTG
4695,GATAAAGGTAATCCCT,387756,TGTCATCCAGCCTGAG
4696,GATAAAGGTTCGCTTG,388044,TGTCATCCACTTGCTG
4697,GATAACGAGCAAGGAC,388170,ACACCGTTCGCGAAAT
4698,GATAACGAGCACCACA,388177,ACACCGTTCTAACTGT
4699,GATAACGAGCCACATG,388200,ACACCGTTCTTGTTGG
4700,GATAACGAGGAAACTG,388275,ACACCGTTCGTTTCTC
4701,GATAACGAGTGAGGTA,388457,ACACCGTTCAGGATCG
4702,GATAACGAGTTAGAGG,388470,ACACCGTTCTAAGCTT
4703,GATAAGCCAAAGGTAC,388518,GCATTACGTAGCTAAG
4704,GATAAGCCAAGCTTAT,388552,GCATTACGTCCTAACG
4705,GATAAGCCAATAATCC,388575,GCATTACGTAGGTTCT
4706,GATAAGCCAATCCCTT,388585,GCATTACGTAACGTGA
4707,GATAAGCCACCTCAGG,388654,GCATTACGTGAGTTTC
4708,GATAATCGTAATAACC,388903,GGAGTAGCATGTCATC
4709,GATAATCGTCAATAGT,388976,GGAGTAGCAGGGAGTA
4710,GATAATCGTTAATCGG,389141,GGAGTAGCAGTGCACG
4711,GATAATCGTTACTTCA,389152,GGAGTAGCATAAACCG
4712,GATAATCGTTCTTTAG,389197,GGAGTAGCATTTGGCT
4713,GATAGACCACCTGGTG,389424,CTGACCAGTTAATCCA
4714,GATAGACCATTGCGAC,389638,CTGACCAGTAGCAGGT
4715,GATCAAGAGCAGCTAT,389717,GCTTGCGTCCATGCTA
4716,GATCAAGAGCCACATG,389734,GCTTGCGTCTTGTTGG
4717,GATCAAGAGCGAGGTG,389756,GCTTGCGTCCAATATC
4718,GATCAAGAGGCCTAAT,389860,GCTTGCGTCCGCCTCT
4719,GATCAAGAGTAATCCA,389944,GCTTGCGTCAGCTAAA
4720,GATCACTAGCAAACCT,390083,CTGGGAATCGGTTCAC
4721,GATCACTAGCGGATAA,390151,CTGGGAATCCTCCCAC
4722,GATCAGGCAAGGTGGC,390483,CCATAACGTGCTAGCC
4723,GATCAGGCACAGACTC,390542,CCATAACGTACCGGCT
4724,GATCAGGCAGTATGTT,390689,CCATAACGTGCAGTAA
4725,GATCAGGCATAGCAGG,390720,CCATAACGTAGTCATC
4726,GATCAGGCATCACAGC,390730,CCATAACGTTCCTGGA
4727,GATCAGGCATCCTAGA,390741,CCATAACGTTTGTCTT
4728,GATCAGTTCATAGCCG,390879,GGGATTTAGGAGCAAA
4729,GATCAGTTCGCGACAC,391053,GGGATTTAGCAGGTTG
4730,GATCAGTTCGGCCAGT,391066,GGGATTTAGAGATTCA
4731,GATCAGTTCTAAGGTC,391110,GGGATTTAGATGCAAC
4732,GATCAGTTCTAATCTC,391115,GGGATTTAGCTACCTA
4733,GATCAGTTCTCAATGA,391129,GGGATTTAGGCTTGTC
4734,GATCAGTTCTCACACC,391132,GGGATTTAGCGGTTCT
4735,GATCCGTCAACATAAG,391216,GTCCTTCGTAACGATG
4736,GATCCGTCACACTAAT,391307,GTCCTTCGTTCACCTC
4737,GATCCGTCACAGAAAC,391308,GTCCTTCGTGGGTAAC
4738,GATCGAGCACAAAGAC,391678,TCGTTAAGTGACGTAA
4739,GATCGAGCACCTGCTC,391727,TCGTTAAGTACACCGC
4740,GATCGAGCACGAATCC,391731,TCGTTAAGTAACCTTA
4741,GATCGAGCACGGTTTA,391735,TCGTTAAGTTCGCTTC
4742,GATCGAGCACGTAATT,391737,TCGTTAAGTTCCTCAC
4743,GATCGAGCACTAAGTT,391743,TCGTTAAGTTGCTTCC
4744,GATCGAGCAGTATGTT,391841,TCGTTAAGTGCAGTAA
4745,GATCGAGCATAATCAC,391862,TCGTTAAGTAGGAGGA
4746,GATCGAGCATGTTTGG,391924,TCGTTAAGTTTATCCT
4747,GATCGAGCATTGGGAG,391945,TCGTTAAGTGTCCACA
4748,GATCGATTCACGTTAA,391998,AGGGTTTAGCTCCTAA
4749,GATCGATTCAGCAAAG,392007,AGGGTTTAGTAATGCA
4750,GATCGATTCGAGCAAA,392183,AGGGTTTAGATTAGCA
4751,GATCGCTCAACCCTCC,392370,GGTGGATGTTCCATTT
4752,GATCGCTCACAGGATG,392466,GGTGGATGTTTGCTCC
4753,GATCGCTCACCCACAG,392480,GGTGGATGTCGCAACC
4754,GATCGCTCACCTGGTG,392496,GGTGGATGTTAATCCA
4755,GATCGCTCAGGACCTT,392575,GGTGGATGTTGCTCTC
4756,GATCGCTCAGGCATGA,392581,GGTGGATGTGGTGCAG
4757,GATCGCTCATCCATCT,392657,GGTGGATGTCACTCAG
4758,GATGACTTCGCTATAA,392980,TTAGCGGAGGATTGAC
4759,GATGACTTCTAACCTT,393027,TTAGCGGAGCAAATTG
4760,GATGAGGGTAACCACA,393112,CTCACCACATCATCAC
4761,GATGAGGGTACAATGT,393137,CTCACCACACTCAATC
4762,GATGAGGGTGCACGCA,393292,CTCACCACATAAGCAT
4763,GATGAGGGTGGGTGAA,393323,CTCACCACAAGTATCG
4764,GATGAGGGTTGTCATC,393447,CTCACCACAGCACTAA
4765,GATGCAGCAATTGCGC,393592,GGTAAGCGTACTAACC
4766,GATGCAGCAGGTTATT,393749,GGTAAGCGTTTGGTGT
4767,GATGCATTCCGCAACA,394034,CGCCTCAAGGAGTATC
4768,GATGCATTCGTTTCGC,394173,CGCCTCAAGCACTTGC
4769,GATGCATTCTAACTGA,394178,CGCCTCAAGCGTATTT
4770,GATGCATTCTCCTCAA,394209,CGCCTCAAGCGCTAAG
4771,GATGCATTCTTGTTCG,394251,CGCCTCAAGCTGCTAC
4772,GATGCTTAGACTTACA,394665,TCAGGGATCGCTTGCG
4773,GATGCTTAGCAATAGG,394697,TCAGGGATCACTAAGA
4774,GATGCTTAGCTCAAAC,394774,TCAGGGATCGGTAATA
4775,GATGCTTAGGAGGTTA,394826,TCAGGGATCTAAATCC
4776,GATGCTTAGGCCTGGT,394851,TCAGGGATCCTTGCAA
4777,GATGCTTAGGCGCTAC,394857,TCAGGGATCGCTAGCT
4778,GATGCTTAGGTGTCCA,394913,TCAGGGATCCTCACGG
4779,GATGCTTAGTGAGGTA,394981,TCAGGGATCAGGATCG
4780,GATGGACAGACAACGA,395039,TGCATGCTCTTTAGCG
4781,GATGGACAGCGAGTAA,395131,TGCATGCTCGGTCCAT
4782,GATGGACAGGATCACT,395215,TGCATGCTCATTATGC
4783,GATGGACAGGCAGGTG,395225,TGCATGCTCGGGATGC
4784,GATGGACAGTGAGAGC,395361,TGCATGCTCCGGGTAA
4785,GATGGACAGTGAGGGT,395364,TGCATGCTCGCAACCT
4786,GATGGACAGTTTGCGG,395405,TGCATGCTCTTGACCA
4787,GATGGCTGTAACCACA,395414,CCATCATCATCATCAC
4788,GATGGCTGTAATGGCC,395436,CCATCATCACTCCCTT
4789,GATGGCTGTCTAACAG,395558,CCATCATCAGGATGTC
4790,GATGGCTGTGCATCGG,395595,CCATCATCATGGCTAA
4791,GATGGCTGTTACTTCA,395676,CCATCATCATAAACCG
4792,GATGGCTGTTCCGCAC,395710,CCATCATCATGAGGGA
4793,GATGGCTGTTGCGCGA,395733,CCATCATCACTAGCTT
4794,GATTAAGCACACAATT,395909,GTTCCTCGTCGGTTTG
4795,GATTAAGCAGAAACGT,395979,GTTCCTCGTGCACGCT
4796,GATTAAGCAGCAACCT,395992,GTTCCTCGTTCTGGCA
4797,GATTAAGCAGCTCATA,396016,GTTCCTCGTTCAAGCT
4798,GATTAAGCATCGCTTT,396116,GTTCCTCGTTGCTGGC
4799,GATTAAGCATGTCGCG,396139,GTTCCTCGTGAGTTAG
4800,GATTACGGTTGTAAAC,396513,TCGCAGGCAAATCCCT
4801,GATTACGGTTGTTGCT,396520,TCGCAGGCATGACATG
4802,GATTACTCACTATGGC,396732,ATGCTTAGTACTAGGA
4803,GATTACTCATAAACCT,396841,ATGCTTAGTGCACCAC
4804,GATTACTCATTAAGTC,396914,ATGCTTAGTGAGACTA
4805,GATTAGCTCTGGCATG,397287,GCAAATCAGTATAGTG
4806,GATTAGTGTTGGTTCT,397661,CTATCCGCACAAGGCT
4807,GATTATGTCTTAGCCC,398066,CTTGGTCAGTCTTAGT
4808,GATTCAATCACACAGT,398119,ATATGCAAGTCCCGCA
4809,GATTCAATCCCTGTTA,398249,ATATGCAAGCCAGTAG
4810,GATTCAATCCGGAACC,398260,ATATGCAAGGATTTGA
4811,GATTCAATCTTTAAGG,398470,ATATGCAAGTTTGTCG
4812,GATTCAGGTGTGTGGT,398708,ACATAGTCAAAGGCCT
4813,GATTCAGGTTAATGAC,398732,ACATAGTCATGCTGGG
4814,GATTCAGGTTCATCTA,398772,ACATAGTCAGGTAAGG
4815,GATTCAGGTTCATTTG,398773,ACATAGTCAAGGCTTA
4816,GATTCATCAATTAACC,398952,TATCCAAGTATCGGCC
4817,GATTCATCACCTAATG,399005,TATCCAAGTTACTAGC
4818,GATTCCTGTACTGAAT,399285,AAACCGCCAAACCAGC
4819,GATTCCTGTCATTGTC,399359,AAACCGCCAATTGCCT
4820,GATTCCTGTGAGCGAA,399412,AAACCGCCAAGTGGCT
4821,GATTCCTGTTAACAGT,399488,AAACCGCCACGGATTA
4822,GATTCCTGTTAGTTGG,399526,AAACCGCCAATAGCAT
4823,GATTCCTGTTGACTTC,399556,AAACCGCCATCACAGA
4824,GATTCGCCAATGCCCG,399715,CAGCTATGTTGAGTCT
4825,GATTCGCCACACTAAT,399743,CAGCTATGTTCACCTC
4826,GATTGATGTAGTTAAC,400072,TGGCCAGCATCCGGGA
4827,GATTGATGTGAGACTC,400175,TGGCCAGCAAAGAAGC
4828,GATTGATGTGCAACTA,400189,TGGCCAGCAGTATGTG
4829,GATTGATGTGCTCACC,400203,TGGCCAGCAAATAGCT
4830,GATTGCAGTGATTACG,400569,TGTGCGGCAACCGCCT
4831,GATTGCAGTGCTAGCG,400584,TGTGCGGCAATGACCA
4832,GATTGCAGTGCTGTAA,400589,TGTGCGGCATAACCAG
4833,GATTGCGTCACTTTAC,400821,TACGCCTAGGAACCTG
4834,GATTGCGTCAGCTAAC,400829,TACGCCTAGTATAGCA
4835,GATTGCGTCAGGAAGC,400831,TACGCCTAGCGTGCTT
4836,GATTGCGTCCTCAGTC,400966,TACGCCTAGAAGCAAG
4837,GATTGGCGTCTAACAG,401304,GTAACCACAGGATGTC
4838,GATTGGCGTGCATTAG,401342,GTAACCACAACCAACA
4839,GATTGGCGTGGATGTC,401364,GTAACCACAGCTAGAC
4840,GATTGGCGTGGATTCA,401366,GTAACCACAGGTTCCC
4841,GATTGGCGTGTGTGGT,401388,GTAACCACAAAGGCCT
4842,GATTGGCGTGTTGCAA,401392,GTAACCACACCGTTAT
4843,GATTGGCGTTATTGCC,401446,GTAACCACAACGGTGT
4844,GATTGGCGTTCCGGCT,401457,GTAACCACATGCCTGC
4845,GATTGGTTCATGGTGT,401633,TGACAACAGCGGTCAA
4846,GATTGGTTCCTAAATG,401717,TGACAACAGATAACCA
4847,GATTGGTTCCTAGTCC,401727,TGACAACAGCGAAGCC
4848,GATTGTTCAACAGCCT,401947,TTCGCGAGTCGATTAC
4849,GATTTGCAGACACTTA,402322,TGAGGCATCCTAAGCC
4850,GATTTGCAGGCTGTGC,402535,TGAGGCATCCGCTGTG
4851,GCAAACAAGACTATTG,402711,GATATGATCCACCTGG
4852,GCAAACAAGATGCCTG,402732,GATATGATCCAAATAG
4853,GCAAACAAGCCTGTGA,402789,GATATGATCCGCACAT
4854,GCAAACAAGGCCTTAG,402900,GATATGATCCATCATG
4855,GCAAACAAGGCGTAAA,402909,GATATGATCCGGGTTT
4856,GCAAACAAGGTATTGC,402945,GATATGATCCAGGAAT
4857,GCAAACCGTAAAGCGG,403075,CCTCCAACACGGTCAG
4858,GCAAACCGTATTGTCC,403152,CCTCCAACATTAGTGG
4859,GCAAACCGTATTTGGG,403155,CCTCCAACATGCGCCT
4860,GCAAACCGTGCGCAAT,403264,CCTCCAACATAAGCCA
4861,GCAAACCGTGGAAACG,403277,CCTCCAACAGGAGGGT
4862,GCAAACCGTTTAACGG,403423,CCTCCAACATTTGTCA
4863,GCAAACCGTTTCCGGC,403436,CCTCCAACACCGTTCA
4864,GCAAACTTCACCAATA,403489,CAGGTCAAGCAAACAC
4865,GCAAACTTCATAGCCG,403531,CAGGTCAAGGAGCAAA
4866,GCAAACTTCGCTAGAT,403709,CAGGTCAAGAATGACC
4867,GCAAACTTCGGTTTGG,403735,CAGGTCAAGTCATTAC
4868,GCAAACTTCTATTGTC,403779,CAGGTCAAGCAACCCT
4869,GCAACAGCAACCGCCA,403871,CTTGCAGGTTGACCGC
4870,GCAACAGCAAGTCGCT,403905,CTTGCAGGTTATGGCT
4871,GCAACAGCACGTAATT,404005,CTTGCAGGTTCCTCAC
4872,GCAACAGCAGTCTAGC,404111,CTTGCAGGTATAGTGG
4873,GCAACAGCATTGTTGG,404220,CTTGCAGGTCACCAAT
4874,GCAAGCCTCAGCATTA,404279,CTCGACTAGCGAAGTT
4875,GCAAGCCTCCTACCTA,404411,CTCGACTAGTTACTAC
4876,GCAAGCCTCCTAGTAA,404412,CTCGACTAGTGCTCCG
4877,GCAAGCCTCTATGACA,404546,CTCGACTAGTTACGAA
4878,GCAAGCCTCTCACAAA,404551,CTCGACTAGGCATGGC
4879,GCAAGCCTCTGTTGCC,404578,CTCGACTAGAGGAACA
4880,GCAAGTCGTTAGCATG,404880,GAATCGCCATGCATTC
4881,GCAAGTCGTTAGCCAA,404881,GAATCGCCAAAGTGAA
4882,GCAAGTCGTTATCCTA,404895,GAATCGCCAGGCATTA
4883,GCAAGTCGTTGCTGGG,404934,GAATCGCCACTCAGTT
4884,GCAAGTCGTTTACGTC,404959,GAATCGCCAATCGTGA
4885,GCAAGTGCAAACCCTA,404991,TTAGGCTGTAACAGGC
4886,GCAAGTGCAATACTGT,405065,TTAGGCTGTTGTAACC
4887,GCAAGTGCAATTAGCT,405086,TTAGGCTGTCCAAATC
4888,GCAAGTGCACTTCATC,405175,TTAGGCTGTATTTGGC
4889,GCAAGTGCAGGACCAA,405224,TTAGGCTGTATTCGGT
4890,GCAAGTGCAGGGAGGA,405244,TTAGGCTGTACGCACC
4891,GCAAGTGCATAATTGC,405285,TTAGGCTGTTCTTAAG
4892,GCAAGTGCATGAATAG,405320,TTAGGCTGTTATCCGG
4893,GCAATAGAGAGAGCCG,405400,CCCTGGATCTAGGAAC
4894,GCAATAGAGAGGAGTC,405408,CCCTGGATCTACTAAC
4895,GCAATAGAGCATGCAT,405447,CCCTGGATCCCAATTG
4896,GCAATAGAGGTTAGAG,405649,CCCTGGATCAATCGTT
4897,GCAATAGAGTAATCCA,405666,CCCTGGATCAGCTAAA
4898,GCAATATGTTAATGAC,406014,AGGCCTGCATGCTGGG
4899,GCAATCTAGCCTGGTA,406238,ACACTTGTCGAAGTTA
4900,GCAATCTAGCTAAAGG,406262,ACACTTGTCGCTCAGT
4901,GCAATCTAGCTTTGTT,406296,ACACTTGTCAAATCAG
4902,GCAATCTAGGCATGAA,406340,ACACTTGTCAGCTAGG
4903,GCAATCTAGGGTTATC,406389,ACACTTGTCGTCCTAA
4904,GCAATCTAGTTTAACG,406515,ACACTTGTCAAGCGCA
4905,GCAATGAAGAATCTCA,406532,GGTTCACTCTTAGGTT
4906,GCAATGAAGCAGGTGG,406592,GGTTCACTCGCGACTT
4907,GCAATGAAGCTAATTG,406649,GGTTCACTCCTAGTGC
4908,GCAATGAAGGATAAAC,406712,GGTTCACTCTACTACG
4909,GCAATGAAGTCTGGGC,406852,GGTTCACTCCCAGTAC
4910,GCAATGTTCACGAATC,406946,GCTGGACAGGATTATG
4911,GCAATGTTCCTGGTCT,407115,GCTGGACAGGTTGTAA
4912,GCAATGTTCGGTAACT,407178,GCTGGACAGTTACGTT
4913,GCACATTAGCATGAAG,407363,CGAAATATCAGTGAAC
4914,GCACATTAGCGCATTG,407402,CGAAATATCAAACCGG
4915,GCACATTAGCTCATAA,407426,CGAAATATCCCTGTGG
4916,GCACATTAGCTTATGA,407443,CGAAATATCACTAATC
4917,GCACATTAGCTTCCCG,407444,CGAAATATCATTCAGT
4918,GCACATTAGCTTTGGG,407447,CGAAATATCCCAATAT
4919,GCACATTAGGACACTT,407461,CGAAATATCAGCCATC
4920,GCACATTAGTGTTGCG,407638,CGAAATATCGCTAATT
4921,GCACATTAGTTATCTC,407651,CGAAATATCGCAATTT
4922,GCACCTAAGCATGGTT,407750,TTAGGTTTCATCCTCT
4923,GCACCTAAGCCTGGTA,407774,TTAGGTTTCGAAGTTA
4924,GCACCTAAGGCATTGT,407879,TTAGGTTTCCTTCGGG
4925,GCACCTAAGGCGTAAA,407895,TTAGGTTTCCGGGTTT
4926,GCACCTAAGGTTACAC,407949,TTAGGTTTCCTCTCGC
4927,GCACCTAAGTTTCCGC,408052,TTAGGTTTCCCGCACA
4928,GCACGAACAAACTCAT,408067,GTAATCCGTCAGTGCC
4929,GCACGAACAACCCTCC,408090,GTAATCCGTTCCATTT
4930,GCACGAACATTGGGAG,408433,GTAATCCGTGTCCACA
4931,GCACGCTAGCAATAGG,408499,AATATCCTCACTAAGA
4932,GCACGCTAGCTGGCTA,408587,AATATCCTCTGGAAAC
4933,GCACGCTAGTGAGCGG,408781,AATATCCTCATCACAT
4934,GCACGCTAGTTCCTGC,408810,AATATCCTCCGTCAAC
4935,GCACGGTTCAATGTCA,408850,AGCCTAGAGCTTTACG
4936,GCACGGTTCACAGGAA,408859,AGCCTAGAGCATTATC
4937,GCACGGTTCACTCGCT,408875,AGCCTAGAGACTTAGA
4938,GCACGGTTCACTTCAT,408876,AGCCTAGAGTGTCCAC
4939,GCACGGTTCCCTCAAC,408975,AGCCTAGAGATTGACA
4940,GCACGGTTCCGGCTAA,408997,AGCCTAGAGATAGCTA
4941,GCACGGTTCCGGGACT,408998,AGCCTAGAGAATCTAG
4942,GCACGGTTCCGTAAAC,409002,AGCCTAGAGCGCTCCA
4943,GCACGGTTCCTCACAC,409019,AGCCTAGAGCACCTTA
4944,GCACGGTTCCTGGTCT,409035,AGCCTAGAGGTTGTAA
4945,GCACGGTTCCTTGAGG,409045,AGCCTAGAGTATCCGC
4946,GCACGGTTCGTTAGTA,409122,AGCCTAGAGATTAGGC
4947,GCACGGTTCTAATCTC,409139,AGCCTAGAGCTACCTA
4948,GCACGGTTCTCACTAT,409158,AGCCTAGAGGGAGCAG
4949,GCACTAAGTAACCTAG,409218,CACATAGCAACCTGCC
4950,GCACTTACAAACATAG,409594,AGTAGGCGTTGTTCTT
4951,GCACTTACAATAACGA,409665,AGTAGGCGTGCTGTTG
4952,GCACTTACAATTTGGT,409698,AGTAGGCGTTTGAGTC
4953,GCACTTACATGACTAT,409926,AGTAGGCGTTAGCTCG
4954,GCACTTACATTGGGAG,409967,AGTAGGCGTGTCCACA
4955,GCAGCAACAACATAAG,410006,CCTTCTAGTAACGATG
4956,GCAGCAACAATAGTCT,410056,CCTTCTAGTGTCCTGA
4957,GCAGCAACAGAACCGA,410168,CCTTCTAGTTAATCGC
4958,GCAGCAACAGGCCATT,410221,CCTTCTAGTGCATTTA
4959,GCAGCAACATGACTAT,410310,CCTTCTAGTTAGCTCG
4960,GCAGCCAGTCGTTACT,410508,AGTTGGCCAAAGGACG
4961,GCAGCCAGTGATTACG,410541,AGTTGGCCAACCGCCT
4962,GCAGCCAGTGCCGCAA,410550,AGTTGGCCAAGGTCAC
4963,GCAGCCAGTGGGTGAA,410577,AGTTGGCCAAGTATCG
4964,GCAGCTATCACAAGCT,410770,GACCTGAAGCTAACGG
4965,GCAGCTATCACTTCAT,410792,GACCTGAAGTGTCCAC
4966,GCAGCTATCCTCATCA,410939,GACCTGAAGGATCCAG
4967,GCAGCTATCTAAGGAG,411049,GACCTGAAGATAACTG
4968,GCAGCTATCTAGCGAT,411061,GACCTGAAGGCAGGTC
4969,GCAGCTATCTTTGTAC,411126,GACCTGAAGGTGGAAA
4970,GCAGGAAGTACCTTAC,411164,GTTCCGCCATTTCGCG
4971,GCAGGAAGTATTCGTC,411201,GTTCCGCCACTAATCC
4972,GCAGGAAGTGCATTAG,411314,GTTCCGCCAACCAACA
4973,GCAGGAAGTTTGGTTC,411505,GTTCCGCCACATGCAA
4974,GCAGGACCAACAACAA,411532,GCTCAATGTTCAATTG
4975,GCAGGACCAGGAAGCC,411741,GCTCAATGTGCGATTT
4976,GCAGGACCATAATCGT,411802,GCTCAATGTTCTTTGT
4977,GCAGGACCATCGCTCC,411833,GCTCAATGTTTGAGCT
4978,GCAGGATAGCAACATC,411943,GTAGCCTTCCAAGTGG
4979,GCAGGATAGGATTTGC,412088,GTAGCCTTCATTACAC
4980,GCAGGATAGTAAGTCC,412184,GTAGCCTTCCTAGGTC
4981,GCAGGATAGTGAAGTG,412227,GTAGCCTTCCTGATAT
4982,GCAGGCAAGCTCAAAC,412410,GTCTAGCTCGGTAATA
4983,GCAGGCAAGCTCATAA,412412,GTCTAGCTCCCTGTGG
4984,GCAGGCAAGGCGGATG,412495,GTCTAGCTCTAACTAC
4985,GCAGGCTTCAAACACC,412661,ATAACCAAGTCCTCAA
4986,GCAGGCTTCATAAGCC,412734,ATAACCAAGGCGATAT
4987,GCAGGCTTCCGCTAGA,412829,ATAACCAAGCTCATTG
4988,GCAGGCTTCCTAGTTT,412852,ATAACCAAGGTCCGTT
4989,GCAGGCTTCGGTTACG,412937,ATAACCAAGGACTTAA
4990,GCAGGCTTCTAAGTCA,412969,ATAACCAAGCACTAAA
4991,GCAGGCTTCTGCAAGT,413005,ATAACCAAGTTTGAGA
4992,GCAGGTGAGCTTGCTC,413200,GAGCATGTCCTAATCG
4993,GCAGGTGAGGGTGAGT,413292,GAGCATGTCACATAGA
4994,GCAGGTGAGGTAAGCA,413297,GAGCATGTCGTACCTA
4995,GCAGGTGAGGTGAAAT,413312,GAGCATGTCTCAATCG
4996,GCAGGTGAGGTTAGAG,413321,GAGCATGTCAATCGTT
4997,GCAGGTGAGTAACCCG,413330,GAGCATGTCCGTAATT
4998,GCAGGTGAGTAACGGA,413332,GAGCATGTCACAAGCG
4999,GCAGGTGAGTTATCTC,413405,GAGCATGTCGCAATTT
5000,GCAGGTTGTCATCCTG,413540,TTGCCTGCAATAAAGG
5001,GCAGGTTGTGACATGC,413594,TTGCCTGCAACAGGGA
5002,GCATATATCATGTTTC,413911,ATTGGCGAGGCAATCG
5003,GCATATATCCCTGGAA,413967,ATTGGCGAGTGGCGTA
5004,GCATATATCCTAGTCC,414001,ATTGGCGAGCGAAGCC
5005,GCATATATCTAACCAA,414114,ATTGGCGAGGCTTAGG
5006,GCATATATCTCACTCA,414143,ATTGGCGAGCCTTTCT
5007,GCATCCTTCAGTATTG,414262,AAGTTTGAGCGATATA
5008,GCATCCTTCATAACCA,414265,AAGTTTGAGGCTTTCA
5009,GCATCCTTCCGTTAAA,414373,AAGTTTGAGTAACCGG
5010,GCATCCTTCCTGGTGA,414404,AAGTTTGAGACACGCA
5011,GCATCCTTCCTTGTTG,414416,AAGTTTGAGGTAAGCT
5012,GCATCCTTCGATCAGT,414430,AAGTTTGAGAACCTTT
5013,GCATCCTTCGCTATAA,414452,AAGTTTGAGGATTGAC
5014,GCATCCTTCGGCTATG,414461,AAGTTTGAGTGGCTTC
5015,GCATCCTTCGTCAAGT,414479,AAGTTTGAGCTTCTCT
5016,GCATGAAAGCGTGCGT,414701,CAAACCCTCTTGCATG
5017,GCATGAAAGGAGTCTT,414767,CAAACCCTCGATAAGC
5018,GCATGAAAGGTCCTAG,414841,CAAACCCTCCTCAAGC
5019,GCATGAGCAATTAAGG,415059,CCGTCAAGTTGCAATC
5020,GCATGAGCACAGCCAT,415087,CCGTCAAGTACCTTGG
5021,GCATGAGCATAAACCT,415247,CCGTCAAGTGCACCAC
5022,GCATGAGCATGAGTTT,415298,CCGTCAAGTCACAGGG
5023,GCATTAGGTACTTAGG,415393,ATTGGATCACTCGCTA
5024,GCATTAGGTGCCTCAC,415537,ATTGGATCAATAGAGA
5025,GCATTAGGTTTAAAGC,415695,ATTGGATCACGGATCG
5026,GCATTGCCAAGGTCGA,415791,TAACCACGTTGTGGTT
5027,GCATTGCCACGGTACT,415892,TAACCACGTGCAACGG
5028,GCATTGCCATTTAAGC,416111,TAACCACGTTCACTTT
5029,GCCAACATCAGCCAAT,416170,ATCACAAAGGTTCCCG
5030,GCCAACATCATTGTTC,416226,ATCACAAAGGAGGTAA
5031,GCCAACATCCACCTTA,416240,ATCACAAAGCATAGCG
5032,GCCAACATCCAGGTCA,416244,ATCACAAAGAGCTGGC
5033,GCCAACATCCATAAGC,416246,ATCACAAAGGAGCTTG
5034,GCCAACATCTTACTCG,416471,ATCACAAAGAGGGACG
5035,GCCAATAGTGTCACGG,416721,AAATTGCCATAGCTAG
5036,GCCAATAGTGTGCACG,416728,AAATTGCCAATACCCT
5037,GCCAATAGTTATCGAG,416786,AAATTGCCATCCTGGC
5038,GCCAATTAGACAGGTA,416898,AATATGGTCATCAGCC
5039,GCCAATTAGCTATTAG,417010,AATATGGTCATTTGGT
5040,GCCAATTAGGGATGAC,417115,AATATGGTCACAGCAG
5041,GCCAATTAGTACTGGT,417174,AATATGGTCACAGATA
5042,GCCAATTAGTTAGTGC,417236,AATATGGTCGTGCTTA
5043,GCCACAATCCAATTAG,417386,GCAATTAAGCTTAAAG
5044,GCCACAATCCCGAACA,417403,GCAATTAAGGTCCCTG
5045,GCCACAATCGATTCTT,417500,GCAATTAAGTGAGCCA
5046,GCCACAATCGTAATCA,417545,GCAATTAAGGTTGCGA
5047,GCCACACAGGCGAATA,417860,TGCTCCCTCCTGCAAC
5048,GCCACACAGGGTTAGA,417896,TGCTCCCTCCAGCTAC
5049,GCCACACAGTTCCTCA,418013,TGCTCCCTCCTTAGTG
5050,GCCACTAAGAAAGCAT,418032,GTACCGTTCGACAAAC
5051,GCCACTAAGAAGCTAG,418037,GTACCGTTCTCAATAC
5052,GCCACTAAGCCACAAT,418113,GTACCGTTCGATCCGT
5053,GCCACTAAGGTTACAC,418305,GTACCGTTCCTCTCGC
5054,GCCACTAAGTCAGTAC,418347,GTACCGTTCTGCAACC
5055,GCCAGGAAGCGGATAA,418531,ATACTGTTCCTCCCAC
5056,GCCAGGAAGCTAATCA,418540,ATACTGTTCGCGCTCA
5057,GCCAGGAAGGCCCAGT,418622,ATACTGTTCAATCCAT
5058,GCCAGGAAGGCTGGCT,418643,ATACTGTTCTCACAGC
5059,GCCAGGAAGGGCTTTG,418658,ATACTGTTCAATAGCA
5060,GCCAGGTTCAAGCCTG,418808,GAGGAGTAGATTCACT
5061,GCCAGGTTCAGCACGC,418854,GAGGAGTAGTTATGGA
5062,GCCAGGTTCAGGAAGC,418859,GAGGAGTAGCGTGCTT
5063,GCCAGGTTCATGGTGT,418895,GAGGAGTAGCGGTCAA
5064,GCCAGGTTCCACCTGT,418925,GAGGAGTAGGTAAGTC
5065,GCCAGGTTCCAGGTCA,418930,GAGGAGTAGAGCTGGC
5066,GCCAGGTTCGCTAAAC,419051,GAGGAGTAGGTGCACA
5067,GCCAGGTTCGCTAGAT,419053,GAGGAGTAGAATGACC
5068,GCCAGGTTCGTACCGA,419082,GAGGAGTAGCTTAGAA
5069,GCCAGGTTCTTAGCCC,419158,GAGGAGTAGTCTTAGT
5070,GCCATGATCAAGCTTA,419195,CGGCTTTAGCAGCCAA
5071,GCCATGATCAGCCAAT,419240,CGGCTTTAGGTTCCCG
5072,GCCATGATCTAGCTTT,419504,CGGCTTTAGGGAGTAA
5073,GCCATTACACAATTAC,419684,ATCCCTCGTGGGTGTG
5074,GCCATTACACGGTTTA,419731,ATCCCTCGTTCGCTTC
5075,GCCATTACAGTTGCGT,419846,ATCCCTCGTGAACGGT
5076,GCCATTACATTTAAGC,419949,ATCCCTCGTTCACTTT
5077,GCCCAAATCCAATTAG,420074,AAGACTCAGCTTAAAG
5078,GCCCAAATCCTAAGGT,420134,AAGACTCAGGCTTCAC
5079,GCCCAAATCGGTTTGG,420231,AAGACTCAGTCATTAC
5080,GCCCATAAGACACCGC,420351,AGCTACCTCAGGAGGG
5081,GCCCATAAGCGAAGTA,420438,AGCTACCTCAAATCGA
5082,GCCCATAAGGAACGCG,420497,AGCTACCTCCAGGATG
5083,GCCCATAAGGCGGATG,420553,AGCTACCTCTAACTAC
5084,GCCCATAAGGTTAGCT,420612,AGCTACCTCTAACCAT
5085,GCCCATAAGTGACCTG,420670,AGCTACCTCTAGGCGA
5086,GCCCATAAGTTACCGG,420685,AGCTACCTCCCTGATA
5087,GCCCATAAGTTGGCCA,420706,AGCTACCTCCTTATGG
5088,GCCCGTTGTCCTTCAG,420854,GCTAAATCATAAGTCG
5089,GCCCGTTGTCGAAGTC,420857,GCTAAATCAACAGAGG
5090,GCCCGTTGTTAACGAT,420967,GCTAAATCAGTTTCCG
5091,GCCCTCATCAAGACTC,421109,AGTTGCGAGGCGCATA
5092,GCCCTCATCTTAGCGG,421461,AGTTGCGAGGGTCTAG
5093,GCCGTGAGTGAGACTC,421653,CATAAACCAAAGAAGC
5094,GCCTAATAGCCTAATA,421960,CAGGATGTCAAACCAA
5095,GCCTAATAGTAACGGA,422154,CAGGATGTCACAAGCG
5096,GCCTAATAGTAAGGGC,422157,CAGGATGTCGGTTACC
5097,GCCTACTTCAATCATG,422269,GAGGTGGAGTACCGGA
5098,GCCTACTTCACTCGCT,422299,GAGGTGGAGACTTAGA
5099,GCCTACTTCGCTCCAT,422511,GAGGTGGAGATAGACC
5100,GCCTATTGTAATCGCA,422657,GGTGTTACAACGGGAA
5101,GCCTATTGTACTTCAC,422682,GGTGTTACAACATAGT
5102,GCCTATTGTCATCATC,422745,GGTGTTACATTGCCCA
5103,GCCTATTGTCATTGTC,422753,GGTGTTACAATTGCCT
5104,GCCTATTGTTGCGGAT,422960,GGTGTTACATCCCAAT
5105,GCCTATTGTTGTTGTC,422982,GGTGTTACAAATGCGC
5106,GCCTCAAAGCGCCTTT,423130,CACAGGATCTATTGAC
5107,GCCTCAAAGGACTTAC,423195,CACAGGATCGCCTGTG
5108,GCCTCAAAGGCCTTAG,423228,CACAGGATCCATCATG
5109,GCCTCAAAGTAACCCG,423302,CACAGGATCCGTAATT
5110,GCCTCAAAGTGCTGTG,423360,CACAGGATCAACCGGA
5111,GCCTCAAAGTTTGAGC,423396,CACAGGATCAAATCCT
5112,GCCTCCATCAAAGGCA,423405,AGCAGCCAGGAGCCGT
5113,GCCTCCATCCTGAATA,423603,AGCAGCCAGTGGCTAG
5114,GCCTCCATCTTAGTCT,423764,AGCAGCCAGATTGAGC
5115,GCCTCGACACAGCCTG,423910,GAGCACGGTATTGAGG
5116,GCCTCGACATCGCTCC,424109,GAGCACGGTTTGAGCT
5117,GCCTGACAGAGAGCCG,424196,GAATATGTCTAGGAAC
5118,GCCTGACAGCCAGTAT,424254,GAATATGTCCCGGAAA
5119,GCCTGACAGCGAGGTG,424274,GAATATGTCCAATATC
5120,GCCTGACAGCTAAAGG,424292,GAATATGTCGCTCAGT
5121,GCCTGACAGGCAAGTA,424366,GAATATGTCTTGAATC
5122,GCCTGACAGGCTACTG,424393,GAATATGTCCTTGAGC
5123,GCCTGACAGGGACCTC,424402,GAATATGTCCGTTATG
5124,GCCTGACAGTTGTCCC,424543,GAATATGTCGTACAAA
5125,GCCTGACAGTTTCCGC,424546,GAATATGTCCCGCACA
5126,GCCTGAGGTGCATTAG,424740,AGGTGAGCAACCAACA
5127,GCCTGAGGTTGCTTCG,424881,AGGTGAGCAGAGAGCA
5128,GCCTGCTGTAGGTTAT,424995,CCTCAGCCATTATCTG
5129,GCCTGCTGTCAGGCAT,425038,CCTCAGCCAACCTCGC
5130,GCCTGCTGTGGTTAGC,425153,CCTCAGCCAACCGTTT
5131,GCCTGCTGTGTTTGCT,425178,CCTCAGCCATCCTAGT
5132,GCCTGCTGTTGAGGTC,425252,CCTCAGCCAAACTAAC
5133,GCCTGTGCAACTAGCC,425355,ATTCCGGGTTGTTGTA
5134,GCCTGTGCAATCATGT,425400,ATTCCGGGTAGAGGGA
5135,GCCTGTGCAATGCCCG,425409,ATTCCGGGTTGAGTCT
5136,GCCTGTGCACTTCATC,425503,ATTCCGGGTATTTGGC
5137,GCCTGTGCATCTTGAG,425645,ATTCCGGGTGATCCTG
5138,GCCTGTGCATGCTTAG,425658,ATTCCGGGTCCAAGTT
5139,GCCTTAACAAATACCT,425719,GCAATCTGTCAATGAG
5140,GCCTTAACAGCCAGTT,425916,GCAATCTGTACGGTTT
5141,GCCTTAACAGCCTAAC,425918,GCAATCTGTAAACCAG
5142,GCCTTAACAGTTATCG,425978,GCAATCTGTTTATTCC
5143,GCCTTAACATCTTGAG,426029,GCAATCTGTGATCCTG
5144,GCCTTAACATTAGGTT,426062,GCAATCTGTCCTTGAG
5145,GCCTTACTCAAGCTTA,426097,CTAGCCTAGCAGCCAA
5146,GCCTTACTCAGGTTTA,426151,CTAGCCTAGTGCACCT
5147,GCCTTACTCATGTTTC,426185,CTAGCCTAGGCAATCG
5148,GCCTTACTCCTCAGCT,426279,CTAGCCTAGTAAAGCC
5149,GCCTTACTCGAGGTGG,426317,CTAGCCTAGTAAGTCA
5150,GCCTTACTCGATTATG,426321,CTAGCCTAGGAACAAG
5151,GCCTTACTCGCAAACT,426325,CTAGCCTAGTTAGCTT
5152,GCCTTACTCTTAGGGT,426447,CTAGCCTAGCATTAAG
5153,GCCTTACTCTTGCAAA,426455,CTAGCCTAGTACTGGG
5154,GCCTTAGAGATGCCTG,426512,TCCGTAATCCAAATAG
5155,GCCTTAGAGCATTATG,426548,TCCGTAATCTCCTCAT
5156,GCCTTAGAGGAGCATA,426650,TCCGTAATCCGTAAGG
5157,GCCTTGCGTTACGCGG,427118,CCAAATGCAACGGTTA
5158,GCCTTGCGTTCCTGTG,427159,CCAAATGCAAACATGT
5159,GCCTTGCGTTTACGTC,427205,CCAAATGCAATCGTGA
5160,GCCTTTATCAAGTGTC,427250,GTTGTGGAGCAAGTCG
5161,GCCTTTATCCCTGATC,427390,GTTGTGGAGCATATAG
5162,GCCTTTATCTAAGTGC,427544,GTTGTGGAGCAATAGC
5163,GCCTTTGGTACCGGAT,427653,ACTTGCTCACGATTCT
5164,GCCTTTGGTGCAACTA,427801,ACTTGCTCAGTATGTG
5165,GCCTTTGGTTATCGAG,427908,ACTTGCTCATCCTGGC
5166,GCCTTTGGTTTACGTC,427971,ACTTGCTCAATCGTGA
5167,GCGAAGCCAACTGGCT,428042,TAAGCCTGTCTTGACG
5168,GCGAAGCCACAATGTT,428117,TAAGCCTGTTAAAGAC
5169,GCGAAGCCACAATTAC,428118,TAAGCCTGTGGGTGTG
5170,GCGAAGCCACCATATG,428141,TAAGCCTGTAATTGGG
5171,GCGAAGCCACTAAATC,428170,TAAGCCTGTTTACCAA
5172,GCGAAGCCAGGTTAAA,428259,TAAGCCTGTTAACACC
5173,GCGAAGCCAGTTTACG,428281,TAAGCCTGTAGACTAG
5174,GCGAAGCCATTGTCAG,428376,TAAGCCTGTTTAATCG
5175,GCGAAGTAGCCGCTTT,428475,CCTCATTTCCTGGATC
5176,GCGAGTGAGCACTAGT,428833,GTGTTGCTCCGCCATG
5177,GCGAGTGAGCCGCAAC,428856,GTGTTGCTCTTTGGGC
5178,GCGAGTGAGGGTGAGT,429016,GTGTTGCTCACATAGA
5179,GCGATATTCAGGAACA,429212,CACTGTCAGAGAGGCG
5180,GCGATATTCATAGCCG,429229,CACTGTCAGGAGCAAA
5181,GCGATATTCCTAATGA,429339,CACTGTCAGATATTGG
5182,GCGATATTCCTGATTT,429358,CACTGTCAGCACAGCA
5183,GCGATATTCCTTGCAC,429372,CACTGTCAGAGCAATC
5184,GCGATATTCTTAGGGT,429515,CACTGTCAGCATTAAG
5185,GCGATTAGTAAGCACC,429549,AACTGGCCATCCCTCT
5186,GCGATTAGTGCATTAG,429724,AACTGGCCAACCAACA
5187,GCGATTAGTTGCAGTA,429858,AACTGGCCAGTTGCAA
5188,GCGATTAGTTTAGTCC,429893,AACTGGCCAATACCGA
5189,GCGATTTAGCACAGAA,429976,ATTTGGTTCTTAAGGA
5190,GCGATTTAGCACTTGG,429984,ATTTGGTTCTTGTTCC
5191,GCGATTTAGGGTGAGT,430166,ATTTGGTTCACATAGA
5192,GCGATTTAGGTTTACA,430197,ATTTGGTTCTTCAAGT
5193,GCGATTTAGTATTGGC,430225,ATTTGGTTCACTTGCA
5194,GCGATTTAGTCTCACC,430247,ATTTGGTTCGCGCAAA
5195,GCGATTTAGTTTCCGC,430296,ATTTGGTTCCCGCACA
5196,GCGCAAACAACTCGCG,430343,TAGAAACGTGCGCAAG
5197,GCGCAAACACAGACTC,430426,TAGAAACGTACCGGCT
5198,GCGCAAACAGTAAAGC,430566,TAGAAACGTTTACTAG
5199,GCGCAAACAGTGAACG,430577,TAGAAACGTATGTTGC
5200,GCGCAAACAGTTTACG,430583,TAGAAACGTAGACTAG
5201,GCGCAAACATCCTGAA,430626,TAGAAACGTCAGTGAA
5202,GCGCAATGTCATGAGC,430799,ATCCCGCCAAGGCCTG
5203,GCGCAATGTTAATGCG,430945,ATCCCGCCACCTCGAC
5204,GCGCAATGTTGGCGTG,431019,ATCCCGCCACTAGTCT
5205,GCGCCTTGTCAAGTGC,431158,GAATGAACATCCGCTA
5206,GCGCCTTGTTGGTTAG,431404,GAATGAACAGCTAGCG
5207,GCGCGATTCACAGACT,431480,ACTTTGTAGCTTACTG
5208,GCGCGATTCCTAATTC,431638,ACTTTGTAGCTTGAAA
5209,GCGCTAGGTACTGATG,431880,CTAACAGCAGTTCCTG
5210,GCGCTAGGTAGGTTAT,431895,CTAACAGCATTATCTG
5211,GCGCTAGGTGTCCTGC,432062,CTAACAGCATAGGTGC
5212,GCGCTAGGTTAGGACC,432112,CTAACAGCACGCTAGG
5213,GCGCTAGGTTCCGCAC,432136,CTAACAGCATGAGGGA
5214,GCGCTAGGTTCCGGGA,432138,CTAACAGCAATCCTAC
5215,GCGCTAGGTTGACTTC,432150,CTAACAGCATCACAGA
5216,GCGCTTAAGACAAGTG,432232,GTTATGTTCCTCACTT
5217,GCGCTTAAGCACGATT,432278,GTTATGTTCTAACTCG
5218,GCGCTTAAGCTTTGGG,432373,GTTATGTTCCCAATAT
5219,GCGCTTAAGGGATGCG,432454,GTTATGTTCCGAAACG
5220,GCGCTTGCAAACGGGC,432607,TTATCAGGTAGGTGAC
5221,GCGCTTGCAAACTGTT,432611,TTATCAGGTTTGTTGA
5222,GCGCTTGCACCTATAG,432752,TTATCAGGTAACGAGC
5223,GCGCTTGCAGAACCGA,432792,TTATCAGGTTAATCGC
5224,GCGCTTGCAGAATGAC,432793,TTATCAGGTCTTAGCG
5225,GCGCTTGCAGTAGGTG,432870,TTATCAGGTACCTTAA
5226,GCGCTTGCATTGCAGC,432971,TTATCAGGTTGGTTTA
5227,GCGGAACCAAATATCC,433004,CTTATGAGTTGTGACT
5228,GCGGAACCAACATAAG,433014,CTTATGAGTAACGATG
5229,GCGGAACCACTAGCGT,433158,CTTATGAGTGCTCACA
5230,GCGGAACCAGCATGGA,433196,CTTATGAGTAGCCTTG
5231,GCGGAACCAGGATGGC,433223,CTTATGAGTTGTTTGA
5232,GCGGAACCAGGTATTT,433241,CTTATGAGTTACGCCA
5233,GCGGAACCATAAACCT,433269,CTTATGAGTGCACCAC
5234,GCGGAACCATAAAGCA,433270,CTTATGAGTAATAAGC
5235,GCGGAACCATAAGTTC,433275,CTTATGAGTGGACATA
5236,GCGGAACCATAATTGC,433281,CTTATGAGTTCTTAAG
5237,GCGGAACCATCAGCAC,433298,CTTATGAGTTGTGCGC
5238,GCGGAACCATGAATAG,433316,CTTATGAGTTATCCGG
5239,GCGGAACCATTGTCAG,433360,CTTATGAGTTTAATCG
5240,GCGGAACCATTTGCTC,433368,CTTATGAGTGCGGTAG
5241,GCGGATACAATTAACC,433464,CTGTTAAGTATCGGCC
5242,GCGGATACAGGCTGTT,433620,CTGTTAAGTTCATTCT
5243,GCGGATACATATTGAC,433678,CTGTTAAGTGCCGGAA
5244,GCGGGTTTCAGTTCCC,433822,TGAGCTGAGAGCAAGA
5245,GCGGGTTTCATTGCAA,433863,TGAGCTGAGGTTATAG
5246,GCGGGTTTCCTGAGTG,433956,TGAGCTGAGGGTTATA
5247,GCGGGTTTCGACAAAG,433979,TGAGCTGAGAAAGGCA
5248,GCGGGTTTCTCATCAT,434086,TGAGCTGAGTCAATTC
5249,GCGGGTTTCTTGAGCG,434120,TGAGCTGAGTCACCTA
5250,GCGGTTATCTAATTGG,434450,GTATAGCAGCTATCGC
5251,GCGGTTGGTACGCGCA,434560,GTTCTGTCACCACAAA
5252,GCGGTTGGTACGTTTC,434563,GTTCTGTCATTTCTTC
5253,GCGGTTGGTATCTGGA,434590,GTTCTGTCACCGTTGC
5254,GCGGTTGGTATTGTCC,434600,GTTCTGTCATTAGTGG
5255,GCGGTTGGTGATCAGC,434695,GTTCTGTCAGCCAAAC
5256,GCGGTTGGTGTGTGGT,434754,GTTCTGTCAAAGGCCT
5257,GCGTAACGTAGGATCC,434960,GATTAGTCAAGGCTGT
5258,GCGTAACGTGACATGC,435068,GATTAGTCAACAGGGA
5259,GCGTAACGTGTGAGAG,435131,GATTAGTCACCTCAAT
5260,GCGTAACGTTCACTGT,435199,GATTAGTCAATAGCCA
5261,GCGTAACGTTGTCCAT,435244,GATTAGTCATGGAGGA
5262,GCGTGCTAGATTGAGG,435332,CACAATTTCAAGCCAG
5263,GCGTGCTAGCCTGTGA,435385,CACAATTTCCGCACAT
5264,GCGTGCTAGCTTCTCA,435439,CACAATTTCTTTAGGT
5265,GCGTGCTAGGGCTTAT,435527,CACAATTTCAAATACG
5266,GCGTGCTAGGTGAAGC,435553,CACAATTTCATAGCCC
5267,GCGTGCTAGTTAGCTA,435640,CACAATTTCGATATTC
5268,GCGTTTCTCAAGTGAG,435683,TGGCATGAGCAGCTCT
5269,GCGTTTCTCCTTTACG,435891,TGGCATGAGCGCAAAT
5270,GCGTTTCTCGTAACGT,435950,TGGCATGAGGCGCAGT
5271,GCGTTTCTCGTTACAA,435961,TGGCATGAGTGCAACG
5272,GCGTTTCTCTCAATTC,435996,TGGCATGAGCTTAGGG
5273,GCTAACCCAATGCCCG,436527,TGGACAAGTTGAGTCT
5274,GCTAACCCACAAACTT,436541,TGGACAAGTCAATACC
5275,GCTAACCCACCCTCAC,436578,TGGACAAGTAAGTGGC
5276,GCTAACCCAGAATGAC,436627,TGGACAAGTCTTAGCG
5277,GCTAACCCAGGAACTG,436666,TGGACAAGTCCGTTAG
5278,GCTAACCCATCACAGC,436746,TGGACAAGTTCCTGGA
5279,GCTAAGAAGATAGACG,436861,GTGATAATCATAATGG
5280,GCTAAGAAGCCTGAGC,436916,GTGATAATCCTTCATC
5281,GCTAAGAAGGTGAAGC,437087,GTGATAATCATAGCCC
5282,GCTAAGCGTAATCGCA,437225,TCGCGCTCAACGGGAA
5283,GCTAAGCGTCTAACAG,437352,TCGCGCTCAGGATGTC
5284,GCTAAGCGTGCATCGG,437389,TCGCGCTCATGGCTAA
5285,GCTAAGCGTTGGTTAG,437538,TCGCGCTCAGCTAGCG
5286,GCTAAGTTCCACCCTG,437710,GTGAGTTAGCTCATGC
5287,GCTAAGTTCCATAAGC,437718,GTGAGTTAGGAGCTTG
5288,GCTAAGTTCTCAATTC,437912,GTGAGTTAGCTTAGGG
5289,GCTAATATCAAGTGAG,437983,AGCCAATAGCAGCTCT
5290,GCTAATATCACGTTAA,438012,AGCCAATAGCTCCTAA
5291,GCTAATATCCCGAACA,438109,AGCCAATAGGTCCCTG
5292,GCTAATATCGGGACCT,438236,AGCCAATAGCTGGATG
5293,GCTAATATCTGTAATG,438319,AGCCAATAGTCGCGAA
5294,GCTAGCCAGCCGCTAA,438442,TACCGGTTCAGTTTAC
5295,GCTAGCCAGCGCAATT,438463,TACCGGTTCAATAGGC
5296,GCTAGCCAGCGCCTAA,438465,TACCGGTTCTTGGACC
5297,GCTAGCCAGGAGCAAC,438532,TACCGGTTCCTAAATC
5298,GCTAGCCAGGCCGGAA,438561,TACCGGTTCCGGCTAT
5299,GCTAGCCAGGGACCTC,438586,TACCGGTTCCGTTATG
5300,GCTAGCCAGGGATGCG,438590,TACCGGTTCCGAAACG
5301,GCTAGCCAGTAGCGGG,438652,TACCGGTTCTAACCGC
5302,GCTAGCCAGTCAATTG,438662,TACCGGTTCTTTGGTG
5303,GCTAGCCAGTGAACAG,438684,TACCGGTTCCGCAATC
5304,GCTAGCCAGTGAGCAA,438690,TACCGGTTCTAATCGT
5305,GCTAGCGGTAACCTAG,438744,TGCTACTCAACCTGCC
5306,GCTAGCGGTCGTAAAT,438882,TGCTACTCATTTCATG
5307,GCTAGCTCACCCACCT,439261,GAGGTTAGTCCAGCAC
5308,GCTAGCTCACCTCAGG,439272,GAGGTTAGTGAGTTTC
5309,GCTAGCTCAGCTAACC,439340,GAGGTTAGTATGGTCT
5310,GCTAGCTCAGCTCAAC,439343,GAGGTTAGTCACTATA
5311,GCTAGCTCATCTTGAG,439447,GAGGTTAGTGATCCTG
5312,GCTAGTGTCAAGTGAG,439517,GGTCATGAGCAGCTCT
5313,GCTAGTGTCGATTTAG,439741,GGTCATGAGACAACGT
5314,GCTATAGGTAATTAGC,439915,CCATAAGCAGTTGGGT
5315,GCTATAGGTATTGGAT,439964,CCATAAGCATTACTGC
5316,GCTATAGGTGTAATAC,440110,CCATAAGCAAGCGCTG
5317,GCTATAGGTTTCGCCA,440252,CCATAAGCATAACGAT
5318,GCTATCCTCCGCCTCA,440436,AAGCGGGAGTCACCAC
5319,GCTATCCTCGCTCACT,440528,AAGCGGGAGAAACCTA
5320,GCTATCCTCGGTCAAT,440542,AAGCGGGAGTTTACGT
5321,GCTATTGCAAGACTCC,440696,ACCGGCTGTATGGTGA
5322,GCTATTGCACAAAGCG,440761,ACCGGCTGTACAAACG
5323,GCTATTGCACATAACT,440782,ACCGGCTGTTTCCGGA
5324,GCTATTGCACCATATG,440793,ACCGGCTGTAATTGGG
5325,GCTATTGCACTTACAG,440836,ACCGGCTGTGACCTTG
5326,GCTATTGCATAGCGGA,440956,ACCGGCTGTAGCTTTA
5327,GCTCAACCAACTAGGG,441076,CCGTTAGGTTAGTTGC
5328,GCTCAACCAAGCTTAT,441088,CCGTTAGGTCCTAACG
5329,GCTCAACCACCATATG,441177,CCGTTAGGTAATTGGG
5330,GCTCAACCACCTCAGG,441190,CCGTTAGGTGAGTTTC
5331,GCTCAACCACTTCACT,441222,CCGTTAGGTGCGTACC
5332,GCTCAACCAGCTAATT,441259,CCGTTAGGTATTTACG
5333,GCTCAACCAGCTTACA,441264,CCGTTAGGTTAGGTTC
5334,GCTCAACCAGTCTAGC,441309,CCGTTAGGTATAGTGG
5335,GCTCAACCATAAGTTC,441327,CCGTTAGGTGGACATA
5336,GCTCAACCATAATTGC,441333,CCGTTAGGTTCTTAAG
5337,GCTCAACCATAGTCAT,441344,CCGTTAGGTGTACCGC
5338,GCTCAACCATCCGTAA,441358,CCGTTAGGTACGTAAG
5339,GCTCACAAGACACTTA,441438,GTCCTGGTCCTAAGCC
5340,GCTCACAAGCAAGATG,441473,GTCCTGGTCACACAAA
5341,GCTCACAAGCAGGCCT,441489,GTCCTGGTCCGGTTTA
5342,GCTCACAAGGATTGCT,441615,GTCCTGGTCAGGTAAC
5343,GCTCACAAGGGCTAAA,441662,GTCCTGGTCGCTAGAG
5344,GCTCACAAGTTCCCGT,441786,GTCCTGGTCCTAATGT
5345,GCTCACAAGTTTCCGC,441798,GTCCTGGTCCCGCACA
5346,GCTCATTGTAAGCTTG,441819,TTCGCGCCACCTAAAG
5347,GCTCATTGTAAGGTTT,441821,TTCGCGCCAAGGTGGA
5348,GCTCATTGTCACACCC,441899,TTCGCGCCAAGCCATA
5349,GCTCATTGTCCCGGAA,441928,TTCGCGCCAAATGAAG
5350,GCTCATTGTTATAGCG,442091,TTCGCGCCATTCAGGA
5351,GCTCATTGTTCGCTCA,442113,TTCGCGCCAGGTGAGA
5352,GCTCCTTAGCTGTACG,442333,CGAGCAATCAATATCC
5353,GCTCCTTAGGCCAATT,442392,CGAGCAATCTTAGCTG
5354,GCTCCTTAGGCCTAAT,442396,CGAGCAATCCGCCTCT
5355,GCTCCTTAGGGTGAAC,442433,CGAGCAATCCACTATG
5356,GCTCCTTAGTAAACCC,442468,CGAGCAATCATAAGCA
5357,GCTCCTTAGTAGCCAT,442484,CGAGCAATCCCTCATT
5358,GCTCGATCAAGGGTTG,442628,ATGGCCCGTCCTCCTG
5359,GCTCGATCAATTGAGA,442673,ATGGCCCGTCCTGCAA
5360,GCTCGATCATAGCGAG,442873,ATGGCCCGTCTAACCG
5361,GCTCTGGCAATATACC,443035,ATTTGTGGTAGGCGCA
5362,GCTCTGGCAGCAAATA,443154,ATTTGTGGTTGCGTGC
5363,GCTCTGGCATTGTGGC,443334,ATTTGTGGTGCTTCGA
5364,GCTCTGTTCAGGTCCA,443404,ATCCGCTAGTCATCAT
5365,GCTCTGTTCCTTAGGG,443552,ATCCGCTAGCATCCTA
5366,GCTGACATCCCTGATC,443878,GTCTCACAGCATATAG
5367,GCTGACATCGTGCCTT,444010,GTCTCACAGGACACGC
5368,GCTGACATCTCAATTC,444050,GTCTCACAGCTTAGGG
5369,GCTGACATCTTACTCG,444081,GTCTCACAGAGGGACG
5370,GCTGACATCTTGCAGG,444094,GTCTCACAGCTTCCTT
5371,GCTGACATCTTGGATA,444098,GTCTCACAGCCTAATT
5372,GCTGACCAGGTCCTAG,444369,AGAGGAATCCTCAAGC
5373,GCTGACCAGTAAAGGT,444389,AGAGGAATCTAAGCGG
5374,GCTGACCAGTGCACGC,444449,AGAGGAATCTAAGTCT
5375,GCTGAGGAGACAGGCG,444509,CATTCCTTCACTATGT
5376,GCTGAGGAGATTGAGG,444538,CATTCCTTCAAGCCAG
5377,GCTGAGGAGCACAGCC,444549,CATTCCTTCCTCAGTA
5378,GCTGAGGAGCACCACA,444551,CATTCCTTCTAACTGT
5379,GCTGAGGAGCGGATAA,444607,CATTCCTTCCTCCCAC
5380,GCTGAGGAGGCCTAAT,444700,CATTCCTTCCGCCTCT
5381,GCTGAGGAGTAACAGG,444774,CATTCCTTCGCTTCAA
5382,GCTGAGGAGTAGCCAT,444788,CATTCCTTCCCTCATT
5383,GCTGATCCAAGGTAAC,444933,ATCCTTTGTTAGCTAC
5384,GCTGATCCAATCCTGA,444961,ATCCTTTGTAGACAAT
5385,GCTGATCCATGGAGGC,445217,ATCCTTTGTGAGGTAC
5386,GCTGCAATCACCGGTA,445295,TCTGGCTAGCCTTAAT
5387,GCTGCAATCTAGCGTG,445578,TCTGGCTAGCGCAACA
5388,GCTGCAATCTTAATGG,445616,TCTGGCTAGATGAACC
5389,GCTGCAATCTTGCAAA,445629,TCTGGCTAGTACTGGG
5390,GCTGCACAGAAAGGAA,445645,AAACCGGTCACTCGCG
5391,GCTGCACAGCATGCAT,445717,AAACCGGTCCCAATTG
5392,GCTGCATCAGCAGGTA,446236,TCATTGAGTACCGTTG
5393,GCTGCATCATTTAAGC,446409,TCATTGAGTTCACTTT
5394,GCTGCATCATTTGCTC,446410,TCATTGAGTGCGGTAG
5395,GCTGGATGTAGGTTGC,446472,CTTAGTCCAATAAACC
5396,GCTGGATGTGAGCAAG,446580,CTTAGTCCATCTATGC
5397,GCTGGATGTTGTTGCT,446756,CTTAGTCCATGACATG
5398,GCTGGATGTTTAGTCC,446767,CTTAGTCCAATACCGA
5399,GCTGGTTCAAACAACA,446793,AACGCCCGTGTGTTAC
5400,GCTGGTTCAGTACCGT,447059,AACGCCCGTATAGCTC
5401,GCTGTAAGTACCGGAT,447211,AGTGGCTCACGATTCT
5402,GCTGTAAGTCTATCGT,447329,AGTGGCTCAGTGAACC
5403,GCTGTAAGTCTCAGCC,447331,AGTGGCTCAACAAAGA
5404,GCTGTAAGTGCATCGG,447363,AGTGGCTCATGGCTAA
5405,GCTGTAAGTGTGAGGA,447406,AGTGGCTCAAGGACGA
5406,GCTGTAAGTGTTTGTC,447421,AGTGGCTCACAAACGC
5407,GCTGTACCAAGGAATC,447612,AAGTGGCGTCAACCGC
5408,GCTGTACCAGTCTAGC,447831,AAGTGGCGTATAGTGG
5409,GCTGTACCATCCAGGT,447876,AAGTGGCGTGCCTTTC
5410,GCTGTACCATGAAGTA,447889,AAGTGGCGTGAGCGAT
5411,GCTGTACCATTCCTCG,447926,AAGTGGCGTTGGTGAA
5412,GCTGTGATCACACAGT,447971,CTACCTAAGTCCCGCA
5413,GCTGTGATCATGCAAC,448030,CTACCTAAGGTCATGG
5414,GCTGTGATCCAGGGAG,448073,CTACCTAAGTTATTGC
5415,GCTGTGATCGCTATAA,448200,CTACCTAAGGATTGAC
5416,GCTGTGATCTGTGCCT,448296,CTACCTAAGAGGCTTG
5417,GCTGTGCAGATGGAGC,448372,CAAAGGTTCGCAACTC
5418,GCTGTGCAGCTGGACC,448470,CAAAGGTTCCGCACCA
5419,GCTGTGCAGGGTCTAT,448572,CAAAGGTTCTCAAATC
5420,GCTGTGCAGGTGTCCA,448599,CAAAGGTTCCTCACGG
5421,GCTGTGCAGTTTAACG,448703,CAAAGGTTCAAGCGCA
5422,GCTTAAATCCCGTTAC,448856,CTTATCGAGCTAAATG
5423,GCTTAAATCGATTTGA,448950,CTTATCGAGGTGGCTA
5424,GCTTAACAGCAGGTGG,449164,ACCTCAATCGCGACTT
5425,GCTTAACAGCCTGGTA,449194,ACCTCAATCGAAGTTA
5426,GCTTAACAGGATGATG,449287,ACCTCAATCCGTCCCT
5427,GCTTAACAGGCATTGT,449299,ACCTCAATCCTTCGGG
5428,GCTTAACAGTGAGGTA,449435,ACCTCAATCAGGATCG
5429,GCTTAACAGTTATGTG,449457,ACCTCAATCGACAAGT
5430,GCTTAACAGTTTGCGG,449475,ACCTCAATCTTGACCA
5431,GCTTACCTCCAAATCA,449597,GCCACAAAGCTTGCCG
5432,GCTTACCTCCCTGTTA,449637,GCCACAAAGCCAGTAG
5433,GCTTAGTAGACAAAGT,449875,GATTAAGTCTAAGCAA
5434,GCTTAGTAGCAAACCT,449911,GATTAAGTCGGTTCAC
5435,GCTTAGTAGCCGCAAC,449950,GATTAAGTCTTTGGGC
5436,GCTTATCGTATTGTCC,450326,ACTCACTCATTAGTGG
5437,GCTTATCGTCCCGAAG,450369,ACTCACTCATAGTCAG
5438,GCTTATCGTGAGGTGA,450420,ACTCACTCAAGCTCAA
5439,GCTTGACCAGCCAGTT,451226,GGAGCATGTACGGTTT
5440,GCTTGACCAGTAAAGC,451274,GGAGCATGTTTACTAG
5441,GCTTGACCAGTAGGAT,451279,GGAGCATGTGGATGCG
5442,GCTTGACCATAAGCAA,451298,GGAGCATGTAAGGCCG
5443,GCTTGACCATGTCAAT,451357,GGAGCATGTTGCGAGG
5444,GCTTGTTGTATTGGAT,451472,TTGGCTTCATTACTGC
5445,GCTTGTTGTCACAAAT,451488,TTGGCTTCAGGAGGAC
5446,GCTTGTTGTGATGAAA,451571,TTGGCTTCATTAGCCT
5447,GCTTGTTGTTGTGACA,451737,TTGGCTTCATGGTGCG
5448,GCTTGTTGTTTGGTTC,451773,TTGGCTTCACATGCAA
5449,GCTTTACGTATTGAGT,451852,CCTGAAACACTCGCAC
5450,GCTTTACGTGAGACTC,451945,CCTGAAACAAAGAAGC
5451,GCTTTACGTTGAGGTC,452094,CCTGAAACAAACTAAC
5452,GCTTTATTCACTAATG,452204,ATTATGGAGACTCCTA
5453,GCTTTATTCATCCTAT,452239,ATTATGGAGTATCGCC
5454,GCTTTATTCCAAGTGT,452279,ATTATGGAGTCACACC
5455,GCTTTATTCCGTTAAA,452337,ATTATGGAGTAACCGG
5456,GCTTTATTCGTACCGA,452442,ATTATGGAGCTTAGAA
5457,GCTTTATTCTATTGTC,452483,ATTATGGAGCAACCCT
5458,GCTTTATTCTCAATGA,452485,ATTATGGAGGCTTGTC
5459,GCTTTATTCTCACTCA,452491,ATTATGGAGCCTTTCT
5460,GCTTTATTCTGCAAGT,452503,ATTATGGAGTTTGAGA
5461,GCTTTCATCCAAACAC,452660,TAAGACCAGATATTCC
5462,GCTTTCATCCTCGATC,452744,TAAGACCAGAACCTGG
5463,GCTTTCATCGCACACA,452787,TAAGACCAGTAGAGGA
5464,GCTTTCATCTCGACCT,452881,TAAGACCAGTATTTGC
5465,GCTTTGTGTCACACCC,453021,CGTTAAGCAAGCCATA
5466,GCTTTGTGTTCATTTG,453225,CGTTAAGCAAGGCTTA
5467,GCTTTGTGTTGCCTCA,453250,CGTTAAGCAGGTTACA
5468,GCTTTGTGTTTATCTG,453285,CGTTAAGCATAATGGT
5469,GGAAACTCACCGTTCC,453455,TGACGAAGTTAGTGCT
5470,GGAAACTCAGCAACAG,453509,TGACGAAGTAATCCAC
5471,GGAAACTCAGTAGCCT,453576,TGACGAAGTTGCTCAG
5472,GGAACAATCAATGTCA,453716,CCGCCTAAGCTTTACG
5473,GGAACAATCAGAAACG,453744,CCGCCTAAGGCAATGT
5474,GGAACAATCAGGCCTA,453755,CCGCCTAAGGCCCTTG
5475,GGAACAATCCGCAAAT,453853,CCGCCTAAGACCAGGC
5476,GGAACAATCCTGATGG,453897,CCGCCTAAGTAGTTAG
5477,GGAACAATCTCATCAT,454026,CCGCCTAAGTCAATTC
5478,GGAACAATCTTAGGGT,454055,CCGCCTAAGCATTAAG
5479,GGAACCACAAACGGGC,454083,CTTTCATGTAGGTGAC
5480,GGAACCACACCGGTAT,454222,CTTTCATGTCTTGAAC
5481,GGAACCACAGCACCAT,454283,CTTTCATGTTGACTAC
5482,GGAACCACAGCTCATA,454302,CTTTCATGTTCAAGCT
5483,GGAACCACAGTTTACG,454357,CTTTCATGTAGACTAG
5484,GGAACCTGTAATCGCA,454483,AAATAGGCAACGGGAA
5485,GGAACCTGTACCAGGT,454492,AAATAGGCATAATCGG
5486,GGAACCTGTGGATGTC,454670,AAATAGGCAGCTAGAC
5487,GGAACCTGTTATGTGG,454751,AAATAGGCATCCTGTG
5488,GGAACCTGTTTAACCC,454810,AAATAGGCATTAGCGA
5489,GGAACGGTCAATCATG,454861,TGCAGCAAGTACCGGA
5490,GGAACGGTCAGTTCCC,454912,TGCAGCAAGAGCAAGA
5491,GGAACGGTCATCCTGC,454925,TGCAGCAAGTTATGAG
5492,GGAACGGTCATGTTTC,454943,TGCAGCAAGGCAATCG
5493,GGAACGGTCCAGGTTG,454975,TGCAGCAAGTCATGCC
5494,GGAACGGTCTTTGTAC,455226,TGCAGCAAGGTGGAAA
5495,GGAACTAAGCACCACA,455287,ACATGCCTCTAACTGT
5496,GGAACTAAGCGCATTG,455338,ACATGCCTCAAACCGG
5497,GGAACTAAGCTGGACC,455370,ACATGCCTCCGCACCA
5498,GGAACTAAGGACGTAA,455403,ACATGCCTCCTGTGAC
5499,GGAACTAAGTCATCCC,455544,ACATGCCTCCTTAACG
5500,GGAACTAAGTGACCTG,455562,ACATGCCTCTAGGCGA
5501,GGAAGCTAGAGGCTAA,455648,GTAAGACTCTGTTGCA
5502,GGAAGCTAGCACAGAA,455668,GTAAGACTCTTAAGGA
5503,GGAAGCTAGCACGTTG,455673,GTAAGACTCGGCTATC
5504,GGAAGCTAGCGGTTAT,455731,GTAAGACTCGCGAAGC
5505,GGAAGCTAGGTCGAGG,455875,GTAAGACTCAGCCTGT
5506,GGAAGCTAGTCAATTG,455920,GTAAGACTCTTTGGTG
5507,GGAAGCTAGTTGCGTG,455980,GTAAGACTCATAGCGG
5508,GGAAGTATCCTCAGCT,456189,CTAGGATAGTAAAGCC
5509,GGAAGTATCGGCCAGT,456258,CTAGGATAGAGATTCA
5510,GGAATCTTCACAAGCT,456406,GTAATTGAGCTAACGG
5511,GGAATCTTCAGTGAAG,456447,GTAATTGAGCCAATCC
5512,GGAATCTTCATCACTT,456456,GTAATTGAGCAATACA
5513,GGAATCTTCTTGATGA,456748,GTAATTGAGGTTACTT
5514,GGACAGCCAACAGGTG,456791,TGTTCTTGTGTAACAG
5515,GGACAGCCAAGGTGGC,456827,TGTTCTTGTGCTAGCC
5516,GGACAGCCAATTTAGC,456867,TGTTCTTGTTATATCG
5517,GGACAGCCAATTTGGT,456868,TGTTCTTGTTTGAGTC
5518,GGACAGCCACATAACT,456892,TGTTCTTGTTTCCGGA
5519,GGACAGCCACCTACGG,456912,TGTTCTTGTGGCTTAT
5520,GGACAGCCACCTCACC,456915,TGTTCTTGTATTGTCA
5521,GGACAGCCAGCACCAT,456969,TGTTCTTGTTGACTAC
5522,GGACAGCCAGGTTAAA,457021,TGTTCTTGTTAACACC
5523,GGACAGCCAGTAATAG,457028,TGTTCTTGTGATTCTA
5524,GGACAGCCATTGTGTG,457143,TGTTCTTGTTAAAGCG
5525,GGACATAAGAAGCTAG,457153,GAATGACTCTCAATAC
5526,GGACATAAGAATCGCT,457155,GAATGACTCCTGATCA
5527,GGACATAAGGGCCACT,457386,GAATGACTCCAACCTA
5528,GGACATAAGGTAACGA,457398,GAATGACTCATGCGGA
5529,GGACCGAAGACAGGCG,457549,TGCCTAATCACTATGT
5530,GGACCGAAGAGCCGCT,457562,TGCCTAATCCGCTAGT
5531,GGACCGAAGCCAGTAT,457616,TGCCTAATCCCGGAAA
5532,GGACCGAAGCTGTCAG,457678,TGCCTAATCGCGAGTA
5533,GGACCGAAGTAGCGCC,457829,TGCCTAATCTGTCAGC
5534,GGACCGAAGTCCTTTG,457855,TGCCTAATCCTTAGAT
5535,GGACCGAAGTTCCCGT,457896,TGCCTAATCCTAATGT
5536,GGACCTCAGCAGGCCT,457983,TACATACTCCGGTTTA
5537,GGACCTCAGCGAAGTA,458018,TACATACTCAAATCGA
5538,GGACGAAGTAATCGGC,458322,CTCTCAGCAGTTTGCT
5539,GGACGAAGTCACACCC,458393,CTCTCAGCAAGCCATA
5540,GGACGAAGTCCTAACT,458427,CTCTCAGCACCTTCAG
5541,GGACGAAGTGCTGGTG,458498,CTCTCAGCAAGTGCAC
5542,GGACGGATCCCGAACA,458821,GATTAGCAGGTCCCTG
5543,GGACGGATCCCTCTAA,458834,GATTAGCAGTCCCTGG
5544,GGACGGATCGCTTGCT,458943,GATTAGCAGAGCCGGT
5545,GGACGGATCTAATCTC,458993,GATTAGCAGCTACCTA
5546,GGACTAAAGCAAACCT,459113,AAAGGGATCGGTTCAC
5547,GGACTAAAGCGGTTAT,459185,AAAGGGATCGCGAAGC
5548,GGACTAAAGGAGGTTA,459250,AAAGGGATCTAAATCC
5549,GGACTAAAGGGACCTC,459298,AAAGGGATCCGTTATG
5550,GGACTAAAGGGATGCG,459302,AAAGGGATCCGAAACG
5551,GGACTAAAGTTATGGC,459426,AAAGGGATCTGTGATT
5552,GGAGCAAGTACCGTTT,459485,CACCAAACAAATACGT
5553,GGAGCAAGTGATGGCT,459628,CACCAAACATTCATTG
5554,GGAGCATAGCACTAGT,459895,CCCTTTGTCCGCCATG
5555,GGAGCATAGGCTACTG,460055,CCCTTTGTCCTTGAGC
5556,GGAGCATAGTAACGGA,460118,CCCTTTGTCACAAGCG
5557,GGAGCGATCGAAGTAG,460439,ACCAGCAAGGTGCTGA
5558,GGAGGTTAGCACAGGG,460658,CTCTAAGTCCAATTGT
5559,GGAGGTTAGCACTAAC,460662,CTCTAAGTCGCGAGGT
5560,GGAGGTTAGCATGAAG,460671,CTCTAAGTCAGTGAAC
5561,GGAGGTTAGCTATGAC,460729,CTCTAAGTCTAACCCA
5562,GGAGTCTGTATTGCAG,461059,ACGGGAACAAGGAAGT
5563,GGAGTCTGTGCTCACC,461179,ACGGGAACAAATAGCT
5564,GGAGTCTGTTCCGGGA,461286,ACGGGAACAATCCTAC
5565,GGAGTGAGTTAGCTGA,461641,CCTAAAGCAACGGTAC
5566,GGAGTGAGTTAGGTTG,461647,CCTAAAGCATTAACCC
5567,GGAGTGAGTTGGTTAG,461700,CCTAAAGCAGCTAGCG
5568,GGATAACCAAAGCTAA,461761,CTTATCTGTTTCCAGG
5569,GGATAACCACGTGCTG,461914,CTTATCTGTTACTTCT
5570,GGATAACCAGACAAAC,461940,CTTATCTGTAGTTGGA
5571,GGATAACCAGCAGGTA,461956,CTTATCTGTACCGTTG
5572,GGATAACCAGTTAAAG,462022,CTTATCTGTAAATAGC
5573,GGATAACCATAATCGT,462040,CTTATCTGTTCTTTGT
5574,GGATAACCATGAATAG,462078,CTTATCTGTTATCCGG
5575,GGATAACCATTGTGAT,462124,CTTATCTGTGTAATGG
5576,GGATACTTCATAACGC,462202,GTGTGGCAGGAGTCAT
5577,GGATACTTCATTCATC,462239,GTGTGGCAGACAAGCT
5578,GGATATTGTGACATAT,462679,TATCGCTCATGGTGAC
5579,GGATATTGTGTTTGTC,462759,TATCGCTCACAAACGC
5580,GGATGAATCATTAGTG,463003,GCACGTAAGAAATGCC
5581,GGATGAATCCTAATGA,463083,GCACGTAAGATATTGG
5582,GGATGAATCCTAGTCC,463087,GCACGTAAGCGAAGCC
5583,GGATGAATCCTGGCTT,463104,GCACGTAAGTCACTCA
5584,GGATGAATCGGCCAGT,463160,GCACGTAAGAGATTCA
5585,GGATGGCCAACTAACT,463317,TGCCTGAGTTCCCGTT
5586,GGATGGCCAATGAATG,463371,TGCCTGAGTCATCACG
5587,GGATGGCCACAAGCCT,463394,TGCCTGAGTTCATTGA
5588,GGATGGCCACAGCCTG,463406,TGCCTGAGTATTGAGG
5589,GGATGGCCAGCATTAT,463494,TGCCTGAGTTGAGGGT
5590,GGATGGCCAGCCGCTA,463497,TGCCTGAGTGTCCGTA
5591,GGATGGCCAGGCTAAG,463529,TGCCTGAGTGGTTAGA
5592,GGATGGCCAGGTTTGC,463543,TGCCTGAGTTCCAGAT
5593,GGATTATGTAAACAAG,464049,CGTTACTCAAATATGC
5594,GGATTATGTAACTACG,464060,CGTTACTCAGCTCGAG
5595,GGATTATGTACCGGAT,464083,CGTTACTCACGATTCT
5596,GGATTATGTTACATCC,464310,CGTTACTCAACAACAT
5597,GGATTCAGTTGCGCGA,464755,AGGCTGTCACTAGCTT
5598,GGATTGCGTCCGCTGT,464937,CTAACCTCAGCTCATT
5599,GGATTTATCCCTGACT,465349,CAGTGTGAGGTGGGAG
5600,GGATTTATCTAAGTCA,465503,CAGTGTGAGCACTAAA
5601,GGCAAATCACAGGGAC,465707,TCACCAGGTAAACCGA
5602,GGCAAATCACCTCAGG,465732,TCACCAGGTGAGTTTC
5603,GGCAAATCAGCCTAAC,465796,TCACCAGGTAAACCAG
5604,GGCAAATCATTGCGGT,465951,TCACCAGGTCATTGAC
5605,GGCAAGCCAAAGCTAA,465977,ACGCTTGGTTTCCAGG
5606,GGCAAGCCACAACAAA,466073,ACGCTTGGTTACGAAG
5607,GGCAAGCCACCTATAG,466114,ACGCTTGGTAACGAGC
5608,GGCAAGCCAGGAACCA,466193,ACGCTTGGTTATGTTG
5609,GGCAAGCCATAGGCGA,466269,ACGCTTGGTGCACAAA
5610,GGCAAGCCATGCTTAG,466304,ACGCTTGGTCCAAGTT
5611,GGCAATCGTAAGCACC,466359,GGTCCCTCATCCCTCT
5612,GGCAATCGTTATGTGG,466637,GGTCCCTCATCCTGTG
5613,GGCAATCGTTCGCGCT,466654,GGTCCCTCAATCATGG
5614,GGCAGGATCAGGAAGC,466789,TTTGCTGAGCGTGCTT
5615,GGCAGGATCCCTCATA,466880,TTTGCTGAGACAGGTT
5616,GGCAGGATCCGCACAA,466892,TTTGCTGAGTAAACTG
5617,GGCAGGATCCGGTTGA,466903,TTTGCTGAGTGGCCAA
5618,GGCAGGATCGCTATGG,466987,TTTGCTGAGGAGTCGC
5619,GGCATGGAGAAGGTGC,467120,GAATTAGTCACCAACC
5620,GGCATGGAGCCTAACG,467205,GAATTAGTCGTCCTTT
5621,GGCATGGAGGAACGCG,467275,GAATTAGTCCAGGATG
5622,GGCATTAGTAGGTTGC,467558,TACTGAGCAATAAACC
5623,GGCATTAGTGAGGTAG,467669,TACTGAGCAGGACCTG
5624,GGCATTAGTTACGCAA,467761,TACTGAGCAAGGTATT
5625,GGCATTAGTTCACCAT,467791,TACTGAGCATTACGGA
5626,GGCATTAGTTCCTGTG,467803,TACTGAGCAAACATGT
5627,GGCATTAGTTTCCTCC,467861,TACTGAGCATCCTGCA
5628,GGCATTGTCAATTACG,467904,GGTTAGTAGGACAACT
5629,GGCATTGTCACGAATC,467918,GGTTAGTAGGATTATG
5630,GGCATTGTCCCTGATC,468034,GGTTAGTAGCATATAG
5631,GGCATTGTCCTAGTAA,468068,GGTTAGTAGTGCTCCG
5632,GGCATTGTCCTGTTCA,468089,GGTTAGTAGGTATAGC
5633,GGCATTGTCGGTTTCC,468158,GGTTAGTAGTTTCTCC
5634,GGCCAACTCCCGAACA,468403,TCGTGCTAGGTCCCTG
5635,GGCCAACTCCGGTATG,468435,TCGTGCTAGTTAACGA
5636,GGCCAACTCGCTAGAT,468517,TCGTGCTAGAATGACC
5637,GGCCAACTCGCTCACT,468522,TCGTGCTAGAAACCTA
5638,GGCCAACTCGGGACTC,468531,TCGTGCTAGCCATAGG
5639,GGCCATCAGACAACGA,469045,ACGAATATCTTTAGCG
5640,GGCCATCAGGACGTAA,469207,ACGAATATCCTGTGAC
5641,GGCCATCAGGCTTAGT,469263,ACGAATATCAAACCTT
5642,GGCCATCAGGTTACAC,469305,ACGAATATCCTCTCGC
5643,GGCCATCAGTTGGGCC,469403,ACGAATATCTTTGTGG
5644,GGCCGTTAGCCTTAAA,469517,CTCCACCTCTGGTCTA
5645,GGCCGTTAGGTAGCTT,469670,CTCCACCTCAATGAGC
5646,GGCCGTTAGTACCGCA,469709,CTCCACCTCGTTGTCA
5647,GGCCGTTAGTAGGCGG,469717,CTCCACCTCCCGCTGA
5648,GGCCTAATCAAACACC,469799,ACCTGGAAGTCCTCAA
5649,GGCCTAATCAAACCGT,469800,ACCTGGAAGCTAACTT
5650,GGCCTAATCAAGCGCC,469809,ACCTGGAAGCCTGTCG
5651,GGCCTAATCCTAAGAC,469981,ACCTGGAAGTCAATAG
5652,GGCCTAATCTTAATGG,470156,ACCTGGAAGATGAACC
5653,GGCCTAATCTTAGGGT,470161,ACCTGGAAGCATTAAG
5654,GGCCTCTGTCTCACTG,470336,TGGTCAACAAGGGAGC
5655,GGCCTCTGTGCATTTC,470371,TGGTCAACACCAGCTC
5656,GGCCTCTGTGGATTAT,470393,TGGTCAACATAATGCG
5657,GGCCTCTGTTACCGGG,470445,TGGTCAACACTTCAAC
5658,GGCCTCTGTTAGCAGC,470455,TGGTCAACACATGCCC
5659,GGCCTCTGTTCACCCA,470478,TGGTCAACAGCTAACA
5660,GGCCTTAAGGAGTCTT,470753,TTTAAGCTCGATAAGC
5661,GGCCTTAAGGCTGTCA,470794,TTTAAGCTCTTGCAGC
5662,GGCCTTCGTCCAAGAC,471069,TCGCTTGCACTAGTAG
5663,GGCCTTCGTTTGTGGA,471329,TCGCTTGCAACCCTTG
5664,GGCGATACAATCCTAG,471416,GGTCTATGTGTGCGGA
5665,GGCGATACACCTGTAA,471489,GGTCTATGTTTATGGC
5666,GGCGATACAGGCTAGA,471581,GGTCTATGTTGGCGGA
5667,GGCGCTAGTACCGAAC,471748,CCCAGCTCACAAAGCC
5668,GGCGCTAGTAGACAAA,471763,CCCAGCTCAATCGCCC
5669,GGCGCTAGTGATCATG,471890,CCCAGCTCATGCCTCA
5670,GGCGCTAGTTACCGGG,471977,CCCAGCTCACTTCAAC
5671,GGCGGTAAGCAAGACA,472148,TTCTTGCTCGCATTAT
5672,GGCGGTAAGCCTAACG,472189,TTCTTGCTCGTCCTTT
5673,GGCGGTAAGGAATAAC,472264,TTCTTGCTCTAGTTGT
5674,GGCGGTAAGTTTGTCT,472480,TTCTTGCTCCTCATGA
5675,GGCGGTTTCATCACTT,472558,TAAGTCAAGCAATACA
5676,GGCGGTTTCCTAAGAC,472663,TAAGTCAAGTCAATAG
5677,GGCGGTTTCGACCTGA,472708,TAAGTCAAGTTTGACT
5678,GGCGGTTTCGCATTAA,472728,TAAGTCAAGCTAGTTT
5679,GGCGGTTTCTCACACC,472810,TAAGTCAAGCGGTTCT
5680,GGCGTTATCAAGCTTA,472877,TCATCATAGCAGCCAA
5681,GGCGTTATCAATGTCA,472888,TCATCATAGCTTTACG
5682,GGCGTTATCAATGTGC,472889,TCATCATAGGTTGGTG
5683,GGCGTTATCATGCTTT,472958,TCATCATAGTGAGGCC
5684,GGCGTTATCCCTCACG,473014,TCATCATAGGCTTATT
5685,GGCGTTATCCTAAATG,473045,TCATCATAGATAACCA
5686,GGCGTTATCGCCTAAG,473113,TCATCATAGTAAAGGG
5687,GGCGTTATCTGTAATG,473215,TCATCATAGTCGCGAA
5688,GGCTAGACAACCGCCA,473281,CTACAACGTTGACCGC
5689,GGCTAGACAATCCCTT,473333,CTACAACGTAACGTGA
5690,GGCTAGACACCTACGG,473398,CTACAACGTGGCTTAT
5691,GGCTAGACAGTAATAG,473514,CTACAACGTGATTCTA
5692,GGCTAGTGTGAGCACT,473803,AAACAAGCAATAGAAG
5693,GGCTAGTGTTTCCTCC,473997,AAACAAGCATCCTGCA
5694,GGCTATGTCATTGACA,474124,TCCGGTTAGTTGCAGG
5695,GGCTATGTCCCTCAAC,474163,TCCGGTTAGATTGACA
5696,GGCTATGTCGTTTCGC,474315,TCCGGTTAGCACTTGC
5697,GGCTATGTCTAACCTT,474319,TCCGGTTAGCAAATTG
5698,GGCTATTAGTTCCCGT,474764,TGCGGTTTCCTAATGT
5699,GGCTATTAGTTCCTCA,474765,TGCGGTTTCCTTAGTG
5700,GGCTCAATCATAGACC,474858,GCTCCTGAGTCCTTGA
5701,GGCTCAATCATGAGCT,474869,GCTCCTGAGAGGAATG
5702,GGCTCAATCATGTGGT,474882,GCTCCTGAGTGGCGGT
5703,GGCTCAATCCTTGCGT,475003,GCTCCTGAGATTCATC
5704,GGCTCAATCGCTATGG,475041,GCTCCTGAGGAGTCGC
5705,GGCTCAATCGTGCTTC,475072,GCTCCTGAGTCATAAG
5706,GGCTCAATCGTTTCCA,475082,GCTCCTGAGCCGCTAT
5707,GGCTCAATCTTGCAGG,475154,GCTCCTGAGCTTCCTT
5708,GGCTCACAGGTAGCTT,475422,TTGCATGTCAATGAGC
5709,GGCTCACAGGTGAAAT,475434,TTGCATGTCTCAATCG
5710,GGCTCACAGTAACTCA,475455,TTGCATGTCCCTGGTG
5711,GGCTCACAGTTTGCGG,475547,TTGCATGTCTTGACCA
5712,GGCTGAGAGCCAAATC,475632,CCGTTCCTCGGTACGA
5713,GGCTGGTTCACTAAGC,475979,ATGCAACAGTCTAGCC
5714,GGCTGGTTCAGCCAAT,475992,ATGCAACAGGTTCCCG
5715,GGCTGGTTCATTGTTC,476048,ATGCAACAGGAGGTAA
5716,GGCTGGTTCCACCCTG,476060,ATGCAACAGCTCATGC
5717,GGCTGGTTCCACCTGT,476061,ATGCAACAGGTAAGTC
5718,GGCTGGTTCCAGCACA,476063,ATGCAACAGTAGGTTA
5719,GGCTGGTTCCGGTTGA,476109,ATGCAACAGTGGCCAA
5720,GGCTGGTTCGAGGAAC,476165,ATGCAACAGCGATGCA
5721,GGCTGTCAGCCGGTAC,476410,TAGTTACTCCTACTAG
5722,GGCTGTCAGCGTGCGT,476441,TAGTTACTCTTGCATG
5723,GGCTGTCAGCTTCTCA,476473,TAGTTACTCTTTAGGT
5724,GGCTTAAGTTGCGGAT,477028,CTGATGACATCCCAAT
5725,GGCTTAAGTTTACGTC,477055,CTGATGACAATCGTGA
5726,GGCTTCAAGCAACATC,477135,TCACCGGTCCAAGTGG
5727,GGCTTCAAGCAGGCCT,477153,TCACCGGTCCGGTTTA
5728,GGCTTCAAGCATGACT,477158,TCACCGGTCGTGCTGT
5729,GGCTTCAAGCTAATCA,477210,TCACCGGTCGCGCTCA
5730,GGGAATATCAGGATGA,477530,GTAGCTGAGGGCTTTC
5731,GGGAATATCCATCAGG,477604,GTAGCTGAGGCTAAAC
5732,GGGAATATCCGTGACA,477646,GTAGCTGAGATTGCCC
5733,GGGAATATCCTAATGA,477655,GTAGCTGAGATATTGG
5734,GGGAATATCGTTTCGC,477769,GTAGCTGAGCACTTGC
5735,GGGAATATCTAATCAG,477779,GTAGCTGAGTATTGGA
5736,GGGAATATCTCACACC,477798,GTAGCTGAGCGGTTCT
5737,GGGAGTAGTCCGTGAG,477980,CGGTACGCATGGTTAG
5738,GGGATAATCTGGCAAT,478580,AGACACTAGGGTGGGA
5739,GGGATTAAGGAAGCTA,478784,GATAAGCTCCTTTGAG
5740,GGGATTAAGGTAAGGC,478872,GATAAGCTCCCTCGCT
5741,GGGCAATAGACAAAGT,479015,CACAAGGTCTAAGCAA
5742,GGGCAATAGCTGTCAG,479150,CACAAGGTCGCGAGTA
5743,GGGCAATAGGACCGCT,479175,CACAAGGTCATAACCT
5744,GGGCAATAGGAGGTTA,479188,CACAAGGTCTAAATCC
5745,GGGCAATAGGCCCAGT,479210,CACAAGGTCAATCCAT
5746,GGGCAATAGGCTGTGC,479233,CACAAGGTCCGCTGTG
5747,GGGCAATAGGTCCGTA,479264,CACAAGGTCTAATCAC
5748,GGGCAATAGGTCCTGA,479266,CACAAGGTCTATATGC
5749,GGGCAATAGTAACTCA,479291,CACAAGGTCCCTGGTG
5750,GGGCATGAGGAAGCTA,479552,CGTAATTTCCTTTGAG
5751,GGGCATGAGGTAAGGC,479640,CGTAATTTCCCTCGCT
5752,GGGCATGAGGTTAGCT,479664,CGTAATTTCTAACCAT
5753,GGGCATTGTCACCAAA,479868,CTATTGCCAATGAGCC
5754,GGGCATTGTGTCCAAA,479996,CTATTGCCATTGTTTG
5755,GGGCATTGTTAGTTGG,480056,CTATTGCCAATAGCAT
5756,GGGCATTGTTCAAGCA,480064,CTATTGCCAAGCCTCC
5757,GGGCCTAGTAGCTGGT,480209,TTCAGGACAGGTTGCG
5758,GGGCCTAGTCATGCCC,480267,TTCAGGACATTCCTGG
5759,GGGCCTAGTTGTGATG,480496,TTCAGGACAAGTCCTT
5760,GGGCGAATCACTTCAT,480584,TAGGTACAGTGTCCAC
5761,GGGCGAATCAGCCAAT,480592,TAGGTACAGGTTCCCG
5762,GGGCGAATCGCTAGCA,480790,TAGGTACAGCCAGGAC
5763,GGGCGAATCTGGCAAT,480880,TAGGTACAGGGTGGGA
5764,GGGCGAATCTTTAGGA,480915,TAGGTACAGGTGTTAA
5765,GGGCTAACAAACCTAT,480922,AACCTTAGTGCGCGAA
5766,GGGCTAACAAGGGTTG,480976,AACCTTAGTCCTCCTG
5767,GGGCTAACAATAATGG,480994,AACCTTAGTCAATTCA
5768,GGGCTAACAGGAAGCC,481151,AACCTTAGTGCGATTT
5769,GGGCTAACAGTAAAGC,481182,AACCTTAGTTTACTAG
5770,GGGCTAACAGTTTGTG,481202,AACCTTAGTGTTACTA
5771,GGGCTAACATCCCTCA,481239,AACCTTAGTTAAGTCC
5772,GGGTATTTCACGCGGT,481345,AGTAGCTAGAGGCTAT
5773,GGGTATTTCTCAATTC,481630,AGTAGCTAGCTTAGGG
5774,GGGTCAACAAACCTAT,481690,AAGAATCGTGCGCGAA
5775,GGGTCAACAAAGGTAC,481704,AAGAATCGTAGCTAAG
5776,GGGTCAACACTAGGTC,481861,AAGAATCGTCCTTTAT
5777,GGGTCAACAGATTCAT,481885,AAGAATCGTTATTTGG
5778,GGGTCAACATTCCTCG,482054,AAGAATCGTTGGTGAA
5779,GGGTCACTCAAGTGAG,482085,TGTGAGTAGCAGCTCT
5780,GGGTCACTCCCTGGAA,482227,TGTGAGTAGTGGCGTA
5781,GGGTCACTCGACAAAG,482297,TGTGAGTAGAAAGGCA
5782,GGGTCACTCGCAAACT,482311,TGTGAGTAGTTAGCTT
5783,GGGTCACTCGTGCCTT,482358,TGTGAGTAGGACACGC
5784,GGGTCACTCTAAGGAG,482377,TGTGAGTAGATAACTG
5785,GGGTGAAGTAGGTTTG,482517,GCTAAGCCACCAACAA
5786,GGGTGAAGTCACCAAA,482552,GCTAAGCCAATGAGCC
5787,GGGTGAAGTCACCTAT,482553,GCTAAGCCATCAGGAC
5788,GGGTGAAGTCCTAACT,482583,GCTAAGCCACCTTCAG
5789,GGGTGAAGTGGATTAT,482665,GCTAAGCCATAATGCG
5790,GGGTGAAGTTGCAATG,482773,GCTAAGCCAACCGTAA
5791,GGGTGAAGTTTATCGC,482812,GCTAAGCCAAGGCCAT
5792,GGGTGAAGTTTGAGGC,482824,GCTAAGCCACCAAAGC
5793,GGGTGTTGTACCGGAT,482871,CCTTGCACACGATTCT
5794,GGGTGTTGTGAACAAA,482998,CCTTGCACAAATGCTG
5795,GGGTGTTGTTACTTCA,483104,CCTTGCACATAAACCG
5796,GGGTTACGTTTAGCGA,483573,CAAGGTCCACAGCACG
5797,GGGTTATTCACCATTT,483636,GTATTGAAGGCTTGCT
5798,GGGTTATTCGCACACA,483845,GTATTGAAGTAGAGGA
5799,GGGTTTCCACTTAGGC,484169,TGAGCGGGTCATTTCT
5800,GGGTTTCCAGCAAATA,484184,TGAGCGGGTTGCGTGC
5801,GGGTTTCCAGCCTAAC,484202,TGAGCGGGTAAACCAG
5802,GGGTTTCCATCAGCAC,484298,TGAGCGGGTTGTGCGC
5803,GGGTTTCCATTAAAGG,484340,TGAGCGGGTCATTACA
5804,GGGTTTGTCAATCTAG,484388,GCATCCTAGTAAGCTA
5805,GGGTTTGTCAGCAAAG,484421,GCATCCTAGTAATGCA
5806,GGGTTTGTCGGCCATA,484633,GCATCCTAGGCTCACT
5807,GGGTTTGTCGGTTTCC,484648,GCATCCTAGTTTCTCC
5808,GGGTTTGTCTAACCAA,484672,GCATCCTAGGCTTAGG
5809,GGGTTTGTCTCACAAA,484697,GCATCCTAGGCATGGC
5810,GGTAAACCAAACAACA,484753,TTTGTGAGTGTGTTAC
5811,GGTAAACCAAACCCTA,484755,TTTGTGAGTAACAGGC
5812,GGTAAACCACTAAGTT,484925,TTTGTGAGTTGCTTCC
5813,GGTAAACCAGACAAAC,484946,TTTGTGAGTAGTTGGA
5814,GGTAAACCAGCAAGTG,484957,TTTGTGAGTCTAATCA
5815,GGTAAACCAGGCATCT,484994,TTTGTGAGTAGGTTTC
5816,GGTAAACCATAAAGCA,485038,TTTGTGAGTAATAAGC
5817,GGTAAACCATGCTTAG,485094,TTTGTGAGTCCAAGTT
5818,GGTAACCGTAAAGCGG,485139,AGCTCAACACGGTCAG
5819,GGTAACCGTACGCGCA,485176,AGCTCAACACCACAAA
5820,GGTAACCGTTAAGGTT,485391,AGCTCAACATTGTCCG
5821,GGTAACTTCACTTCAT,485568,GATTGCGAGTGTCCAC
5822,GGTAACTTCCAGGGAG,485649,GATTGCGAGTTATTGC
5823,GGTAACTTCCGCACAA,485682,GATTGCGAGTAAACTG
5824,GGTAACTTCCTTTACG,485741,GATTGCGAGCGCAAAT
5825,GGTAACTTCGGTACGC,485791,GATTGCGAGCCATAAA
5826,GGTAACTTCGTCCTTA,485805,GATTGCGAGCGGGAAG
5827,GGTAACTTCTTACTCG,485877,GATTGCGAGAGGGACG
5828,GGTAACTTCTTGCAGG,485890,GATTGCGAGCTTCCTT
5829,GGTAAGGGTATACTGG,485971,AGGGCTTCACAGCAAC
5830,GGTAAGGGTCTTTGAC,486062,AGGGCTTCAGTGTGCG
5831,GGTAAGGGTGGGTACT,486118,AGGGCTTCAATATCCC
5832,GGTAAGGGTTAGTACG,486186,AGGGCTTCAACAGGCT
5833,GGTAAGGGTTGCGCGA,486227,AGGGCTTCACTAGCTT
5834,GGTAAGGGTTGTTGTC,486250,AGGGCTTCAAATGCGC
5835,GGTAAGGGTTTCCGGC,486266,AGGGCTTCACCGTTCA
5836,GGTAATTGTCATCAAG,486394,CTTTAGCCAGCTCAAA
5837,GGTAATTGTTGTAAAC,486623,CTTTAGCCAAATCCCT
5838,GGTACAAAGCAAGGTA,486722,TCAAGCCTCAGCGGGT
5839,GGTACAAAGGAATAAC,486834,TCAAGCCTCTAGTTGT
5840,GGTACAAAGGACGTAA,486843,TCAAGCCTCCTGTGAC
5841,GGTACAAAGGCACAGG,486866,TCAAGCCTCGCTCAAC
5842,GGTACAAAGGCCTAAT,486876,TCAAGCCTCCGCCTCT
5843,GGTACAAAGGCTGTGC,486897,TCAAGCCTCCGCTGTG
5844,GGTACAAAGTTAGGCT,487023,TCAAGCCTCAAACTGA
5845,GGTACCGGTAATCACG,487071,CCACAAACAACGTGGT
5846,GGTACCGGTAGCTAAT,487104,CCACAAACAGAACCGT
5847,GGTACCGGTGACATAT,487215,CCACAAACATGGTGAC
5848,GGTACCGGTTGTTCAC,487395,CCACAAACAAATAAGG
5849,GGTACCGGTTTGTTGC,487432,CCACAAACAGCTCGCT
5850,GGTACTAGTAACTACG,487444,GAAGGATCAGCTCGAG
5851,GGTACTAGTACGCGCA,487472,GAAGGATCACCACAAA
5852,GGTACTAGTCGAAGTC,487571,GAAGGATCAACAGAGG
5853,GGTACTAGTGTCCAAA,487658,GAAGGATCATTGTTTG
5854,GGTACTAGTGTGTCCC,487665,GAAGGATCACTATGGA
5855,GGTACTAGTTACTTCA,487700,GAAGGATCATAAACCG
5856,GGTACTAGTTAGTTGG,487718,GAAGGATCAATAGCAT
5857,GGTACTAGTTCGCTTG,487742,GAAGGATCACTTGCTG
5858,GGTACTAGTTGCGCGA,487757,GAAGGATCACTAGCTT
5859,GGTACTTAGAGCCGCT,487846,TCTGTGATCCGCTAGT
5860,GGTACTTAGGTCCTAG,488077,TCTGTGATCCTCAAGC
5861,GGTACTTAGGTGAAGC,488083,TCTGTGATCATAGCCC
5862,GGTACTTAGTAGCGCC,488113,TCTGTGATCTGTCAGC
5863,GGTAGGAGTAGCAGCT,488248,TACCGTTCAGGAAGCA
5864,GGTAGGAGTAGGTTAT,488259,TACCGTTCATTATCTG
5865,GGTAGGAGTCAATACG,488289,TACCGTTCACGCGCAA
5866,GGTATGTTCACAAGCT,488608,TGCTCACAGCTAACGG
5867,GGTATGTTCCTTGCAC,488800,TGCTCACAGAGCAATC
5868,GGTATGTTCGATTATG,488817,TGCTCACAGGAACAAG
5869,GGTATGTTCGGTACGC,488853,TGCTCACAGCCATAAA
5870,GGTATGTTCTTAGGGT,488943,TGCTCACAGCATTAAG
5871,GGTATTGGTACCCACC,488997,AGTCAATCACCTTCTC
5872,GGTATTGGTGATTACG,489145,AGTCAATCAACCGCCT
5873,GGTATTGGTGTAATAC,489188,AGTCAATCAAGCGCTG
5874,GGTATTGGTTAGACCA,489234,AGTCAATCAGGAGGTA
5875,GGTATTGGTTTGGGCG,489341,AGTCAATCAAGGTGTC
5876,GGTATTTCACTAAGTT,489519,TGTTAGCGTTGCTTCC
5877,GGTATTTCAGAATGAC,489539,TGTTAGCGTCTTAGCG
5878,GGTATTTCATAAGGAC,489635,TGTTAGCGTACAATGG
5879,GGTATTTCATAGACTT,489647,TGTTAGCGTTGCGCGT
5880,GGTCAAGCAAGCTAAA,489780,CCAGGGAGTAATCGCT
5881,GGTCAAGCAAGGTGCA,489794,CCAGGGAGTGCGTAAA
5882,GGTCAAGCAATACTGT,489807,CCAGGGAGTTGTAACC
5883,GGTCAAGCAATATAGG,489812,CCAGGGAGTTACGTAC
5884,GGTCAAGCACCTGCTC,489887,CCAGGGAGTACACCGC
5885,GGTCAAGCACGTAATT,489897,CCAGGGAGTTCCTCAC
5886,GGTCAAGCAGGAAGCC,489963,CCAGGGAGTGCGATTT
5887,GGTCAAGCAGTTATCG,490008,CCAGGGAGTTTATTCC
5888,GGTCAATTCAGCAAAG,490167,CTGAGCAAGTAATGCA
5889,GGTCAATTCAGCAAGA,490168,CTGAGCAAGTATTGCT
5890,GGTCAATTCATGCGTG,490205,CTGAGCAAGCTAATCT
5891,GGTCAATTCCCTCGCA,490267,CTGAGCAAGCCGGTAA
5892,GGTCAATTCTTGCAGG,490486,CTGAGCAAGCTTCCTT
5893,GGTCAGGAGCTCAATA,490633,AAGCTAATCATGGTCC
5894,GGTCAGGAGGAACACA,490658,AAGCTAATCAGCAATA
5895,GGTCAGGAGGTAACGA,490750,AAGCTAATCATGCGGA
5896,GGTCAGGAGTTCCCGT,490864,AAGCTAATCCTAATGT
5897,GGTCAGGAGTTTCCTG,490877,AAGCTAATCACGGATG
5898,GGTCATTAGGCCCAGT,491090,TAACCGCTCAATCCAT
5899,GGTCATTAGTGAGCGG,491221,TAACCGCTCATCACAT
5900,GGTCCATCACCATATG,491407,GGCGCTTGTAATTGGG
5901,GGTCCGTAGGAACACA,491810,TCGCTAATCAGCAATA
5902,GGTCCGTAGTAACTCA,491939,TCGCTAATCCCTGGTG
5903,GGTCCGTAGTAGAGGC,491947,TCGCTAATCATGCAAA
5904,GGTCCGTAGTCTCACC,491979,TCGCTAATCGCGCAAA
5905,GGTCCTGCAAGCGAGC,492082,CGCCTTTGTGAGTCCC
5906,GGTCCTGCAGCATGAG,492245,CGCCTTTGTTACTCCC
5907,GGTCCTGCATAACGGG,492321,CGCCTTTGTCCTCCCA
5908,GGTCCTGCATGGTTAT,492380,CGCCTTTGTCATTATG
5909,GGTCCTGCATGTCAGC,492382,CGCCTTTGTTAGTTTG
5910,GGTCGGTTCACGAATC,492458,ACGGTTGAGGATTATG
5911,GGTCGGTTCCATAAGC,492552,ACGGTTGAGGAGCTTG
5912,GGTCGGTTCCGTTAAA,492597,ACGGTTGAGTAACCGG
5913,GGTCTTGAGCTGTCAG,492950,TGAGCGATCGCGAGTA
5914,GGTCTTGAGCTTTGTT,492960,TGAGCGATCAAATCAG
5915,GGTCTTGAGGAGTCGG,492990,TGAGCGATCAATCGGG
5916,GGTCTTTGTAAAGCAA,493188,AATGTCGCAGTGCCTC
5917,GGTCTTTGTAACCTAG,493194,AATGTCGCAACCTGCC
5918,GGTCTTTGTCACAAAT,493280,AATGTCGCAGGAGGAC
5919,GGTCTTTGTCTTTGAC,493346,AATGTCGCAGTGTGCG
5920,GGTCTTTGTTAGCAGC,493459,AATGTCGCACATGCCC
5921,GGTGAGCCAATGCGCT,493663,TTGTGCGGTTTCACCC
5922,GGTGAGCCACACCAAC,493688,TTGTGCGGTCATAGAG
5923,GGTGAGCCACCAGGTT,493708,TTGTGCGGTTTGCTGG
5924,GGTGAGCCAGGTTAAA,493827,TTGTGCGGTTAACACC
5925,GGTGAGCCATCGCTCC,493893,TTGTGCGGTTTGAGCT
5926,GGTGAGCCATGTTGGC,493920,TTGTGCGGTGCTTCCT
5927,GGTGAGGTCAACAAGG,493959,CTTTGTGAGCAAGTGT
5928,GGTGAGGTCAATTACG,493978,CTTTGTGAGGACAACT
5929,GGTGAGGTCACAAGCT,493980,CTTTGTGAGCTAACGG
5930,GGTGAGGTCACACAGT,493981,CTTTGTGAGTCCCGCA
5931,GGTGAGGTCATGCTAA,494044,CTTTGTGAGCTCGACT
5932,GGTGAGGTCCCTCATA,494104,CTTTGTGAGACAGGTT
5933,GGTGAGGTCCTAATTC,494140,CTTTGTGAGCTTGAAA
5934,GGTGAGGTCGAGGAAC,494183,CTTTGTGAGCGATGCA
5935,GGTGAGGTCGCTAGTG,494209,CTTTGTGAGGTCGAGC
5936,GGTGAGGTCGGTTTGG,494233,CTTTGTGAGTCATTAC
5937,GGTGAGGTCTCACTAT,494284,CTTTGTGAGGGAGCAG
5938,GGTGAGGTCTTAGTGA,494317,CTTTGTGAGTGGACCA
5939,GGTGAGGTCTTTAAGG,494332,CTTTGTGAGTTTGTCG
5940,GGTGAGTAGCGATACT,494445,ACCGTTATCAGCTATT
5941,GGTGAGTAGCGATAGA,494446,ACCGTTATCAAGGGTT
5942,GGTGAGTAGGACCGCT,494509,ACCGTTATCATAACCT
5943,GGTGAGTAGTTCCTGC,494704,ACCGTTATCCGTCAAC
5944,GGTGAGTAGTTTGGTA,494719,ACCGTTATCGCTTCGG
5945,GGTGATTTCAGGTTTA,494787,GTTTGGGAGTGCACCT
5946,GGTGATTTCATGGTTA,494818,GTTTGGGAGTTACCGC
5947,GGTGATTTCGAGCTAT,494950,GTTTGGGAGGTATGTA
5948,GGTGATTTCGTTTCGC,495021,GTTTGGGAGCACTTGC
5949,GGTGCTGGTAATCCCT,495126,GTTTGGACAGCCTGAG
5950,GGTGCTGGTTGGTTCT,495441,GTTTGGACACAAGGCT
5951,GGTGCTTCAACCCTCC,495518,GTTAGCTGTTCCATTT
5952,GGTGCTTCAAGGGTTG,495544,GTTAGCTGTCCTCCTG
5953,GGTGCTTCAATAGCCC,495565,GTTAGCTGTTGAAGCA
5954,GGTGCTTCACTAAGCC,495658,GTTAGCTGTTAGGCGG
5955,GGTGCTTCATAAGTTC,495777,GTTAGCTGTGGACATA
5956,GGTGCTTCATCCTAGA,495809,GTTAGCTGTTTGTCTT
5957,GGTGCTTCATTTAAGC,495869,GTTAGCTGTTCACTTT
5958,GGTGTCCAGCAAGGTA,495926,GTCGAAGTCAGCGGGT
5959,GGTGTCCAGCACCACA,495931,GTCGAAGTCTAACTGT
5960,GGTGTCCAGCTAATTG,495997,GTCGAAGTCCTAGTGC
5961,GGTGTCCAGGCAATAG,496069,GTCGAAGTCCATCACA
5962,GGTGTGACAATATGGA,496337,AGTAACGGTGCAATAG
5963,GGTGTGACACATACTG,496385,AGTAACGGTCGGTTCA
5964,GGTGTGACACGGTTTA,496419,AGTAACGGTTCGCTTC
5965,GGTGTGACAGCAAGTG,496459,AGTAACGGTCTAATCA
5966,GGTGTGACATAATCAC,496546,AGTAACGGTAGGAGGA
5967,GGTGTTGTCCCTGGTT,496796,TAACCAAAGTACTGAA
5968,GGTGTTGTCGATTATG,496875,TAACCAAAGGAACAAG
5969,GGTGTTGTCTGTAATG,496989,TAACCAAAGTCGCGAA
5970,GGTTAATGTAAGCTCA,497036,ACAATGTCATAGCGAC
5971,GGTTAATGTAATCCCT,497044,ACAATGTCAGCCTGAG
5972,GGTTAATGTCATTGTC,497141,ACAATGTCAATTGCCT
5973,GGTTAATGTGTTTGCT,497266,ACAATGTCATCCTAGT
5974,GGTTAATGTTACTTGC,497291,ACAATGTCATCAGTAG
5975,GGTTAATGTTTGCGCC,497395,ACAATGTCATTACAGG
5976,GGTTACCCAACCCTCC,497436,GCGATCCGTTCCATTT
5977,GGTTACCCAGCTAACC,497626,GCGATCCGTATGGTCT
5978,GGTTACCCAGTTATCG,497682,GCGATCCGTTTATTCC
5979,GGTTACTAGCCACAAT,497871,AGTTCGCTCGATCCGT
5980,GGTTACTAGGAAACTG,497947,AGTTCGCTCGTTTCTC
5981,GGTTACTAGGTTACAC,498063,AGTTCGCTCCTCTCGC
5982,GGTTAGCGTGGTGAGA,498390,TTAGGTGCAATTGAGT
5983,GGTTAGCGTTAGAGCC,498443,TTAGGTGCACCTCACA
5984,GGTTAGCGTTCATCTA,498470,TTAGGTGCAGGTAAGG
5985,GGTTAGCGTTGCTGGG,498500,TTAGGTGCACTCAGTT
5986,GGTTATATCATAACCA,498625,TTAACCTAGGCTTTCA
5987,GGTTATATCGGGACTC,498823,TTAACCTAGCCATAGG
5988,GGTTATATCTCACTAT,498886,TTAACCTAGGGAGCAG
5989,GGTTATATCTTGCAGG,498926,TTAACCTAGCTTCCTT
5990,GGTTATGGTGCATTTC,499127,ATTCGTCCACCAGCTC
5991,GGTTATGGTTAAATGC,499184,ATTCGTCCATTGTCTA
5992,GGTTATGGTTAGCGTA,499214,ATTCGTCCACCTTGCA
5993,GGTTCCCGTAATCCCT,499342,CATTTGCCAGCCTGAG
5994,GGTTCCCGTAGGTGTC,499380,CATTTGCCACGCCCAT
5995,GGTTCCCGTAGTTAAC,499386,CATTTGCCATCCGGGA
5996,GGTTCCCGTCATGCAA,499434,CATTTGCCAAGCCTGG
5997,GGTTCCCGTGCTGTAA,499521,CATTTGCCATAACCAG
5998,GGTTCCCGTTGGATCA,499651,CATTTGCCATCCTTAA
5999,GGTTCTTGTAACGTGC,499713,AGGTTTGCATTGAGGC
6000,GGTTCTTGTAGCCATA,499753,AGGTTTGCAGGTAACC
6001,GGTTCTTGTGAAGCCT,499865,AGGTTTGCACCTCAGC
6002,GGTTCTTGTTCATCTA,500000,AGGTTTGCAGGTAAGG
6003,GGTTGACGTTGCATCT,500407,CTGCAGGCATTTGTGC
6004,GGTTGAGCAACCGCCA,500499,CATATTGGTTGACCGC
6005,GGTTGAGCAGGAACCA,500697,CATATTGGTTATGTTG
6006,GGTTGAGCATTATGGT,500832,CATATTGGTACTTACA
6007,GGTTGCATCAGAAACG,500902,CTGGTGAAGGCAATGT
6008,GGTTGCATCCAGGGAG,500981,CTGGTGAAGTTATTGC
6009,GGTTGCATCCCTCAGT,501001,CTGGTGAAGAGCTGCA
6010,GGTTGCATCCCTGGTT,501008,CTGGTGAAGTACTGAA
6011,GGTTGCATCGGTCAGC,501125,CTGGTGAAGGCAATAC
6012,GGTTGCATCTTAAGTG,501207,CTGGTGAAGGTTATCT
6013,GGTTGCATCTTGTCTG,501228,CTGGTGAAGGGATTTA
6014,GGTTGCGGTAGCAGCT,501284,AACCCGGCAGGAAGCA
6015,GGTTGCGGTCAAAGAA,501319,AACCCGGCATGTTGGA
6016,GGTTGCGGTCGAAGTC,501373,AACCCGGCAACAGAGG
6017,GGTTGCGGTCTCAGCC,501389,AACCCGGCAACAAAGA
6018,GGTTGCGGTGAGGTAG,501407,AACCCGGCAGGACCTG
6019,GGTTGCGGTGATGGCT,501414,AACCCGGCATTCATTG
6020,GGTTGCGGTGCAACTA,501417,AACCCGGCAGTATGTG
6021,GGTTGCGGTGTGAGAG,501463,AACCCGGCACCTCAAT
6022,GGTTGCGGTGTGCAAC,501465,AACCCGGCACGTAGCG
6023,GGTTGCTCATAATCAC,501908,TTAGTCAGTAGGAGGA
6024,GGTTGCTCATGTTTGG,501970,TTAGTCAGTTTATCCT
6025,GGTTGGTGTCAAGACC,502088,AATGGAACAGTGCAAC
6026,GGTTGGTGTCATCAAG,502110,AATGGAACAGCTCAAA
6027,GGTTGGTGTCCGCTGT,502125,AATGGAACAGCTCATT
6028,GGTTGGTGTTTATGGG,502360,AATGGAACACTGTCAT
6029,GGTTTAATCAAGCCTG,502392,TGTGGTGAGATTCACT
6030,GGTTTAATCCTCCTAA,502583,TGTGGTGAGAAGGGTA
6031,GGTTTAATCTAATCCT,502694,TGTGGTGAGGATGCGC
6032,GGTTTCCTCAGGCCTA,502829,CGTATTTAGGCCCTTG
6033,GGTTTCCTCAGTGAAG,502835,CGTATTTAGCCAATCC
6034,GGTTTCCTCATGCTAA,502858,CGTATTTAGCTCGACT
6035,GGTTTCCTCGTACCGA,503050,CGTATTTAGCTTAGAA
6036,GGTTTCCTCTCTAGCC,503108,CGTATTTAGATTCCTG
6037,GGTTTCTGTAGACAAA,503199,GGACCTGCAATCGCCC
6038,GGTTTCTGTATACTGG,503219,GGACCTGCACAGCAAC
6039,GGTTTCTGTATTGTCC,503230,GGACCTGCATTAGTGG
6040,GGTTTCTGTTGTAAAC,503489,GGACCTGCAAATCCCT
6041,GGTTTGTAGGGATGAC,503769,AATCTGTTCACAGCAG
6042,GGTTTGTAGGGCTTTG,503776,AATCTGTTCAATAGCA
6043,GGTTTGTAGGTTTGCG,503813,AATCTGTTCAGCCTTA
6044,GGTTTGTAGTAAGAAC,503822,AATCTGTTCCTTCAAG
6045,GGTTTGTAGTGCTGTG,503876,AATCTGTTCAACCGGA
6046,GGTTTGTAGTTACCGG,503883,AATCTGTTCCCTGATA
6047,GGTTTGTAGTTTGCGG,503913,AATCTGTTCTTGACCA
6048,GTAAAGCCAATATACC,503997,GCGTTATGTAGGCGCA
6049,GTAAAGCCAATTATGC,504016,GCGTTATGTTGTCATA
6050,GTAAAGCCAGAGGCTA,504112,GCGTTATGTAAGTGCA
6051,GTAAAGCCAGGACCTT,504153,GCGTTATGTTGCTCTC
6052,GTAAAGCCAGGGAGGA,504172,GCGTTATGTACGCACC
6053,GTAAGCAAGACTAAGG,504322,ACTTAGTTCACAATAG
6054,GTAAGCAAGCGTGCGT,504423,ACTTAGTTCTTGCATG
6055,GTAAGCAAGCTTGCTC,504456,ACTTAGTTCCTAATCG
6056,GTAAGCAAGTCATTTC,504622,ACTTAGTTCAAGCTCC
6057,GTAAGCAAGTTGCGTG,504670,ACTTAGTTCATAGCGG
6058,GTAAGCGCAATAGTCT,504764,TATGGCTGTGTCCTGA
6059,GTAAGCGCAATTTGGT,504790,TATGGCTGTTTGAGTC
6060,GTAAGCGCAGCATGGA,504896,TATGGCTGTAGCCTTG
6061,GTAAGCGCAGTAAAGC,504948,TATGGCTGTTTACTAG
6062,GTAAGCGCATAATTGC,504981,TATGGCTGTTCTTAAG
6063,GTAAGCGCATTGTCCT,505061,TATGGCTGTCCTTAGG
6064,GTAAGCTTCATGAAGG,505153,GGTGGCTAGTAAGCGT
6065,GTAAGCTTCCACCCTG,505194,GGTGGCTAGCTCATGC
6066,GTAAGCTTCCACCTTA,505196,GGTGGCTAGCATAGCG
6067,GTAAGCTTCCTCAGTC,505264,GGTGGCTAGAAGCAAG
6068,GTAAGCTTCTATTGTC,505393,GGTGGCTAGCAACCCT
6069,GTAAGGTCAAGTTATC,505523,TCAACCGGTTGGCCAC
6070,GTAAGGTCAATAAGCA,505526,TCAACCGGTTAACGGA
6071,GTAAGGTCACGGTACT,505616,TCAACCGGTGCAACGG
6072,GTAAGGTCAGAACCGA,505644,TCAACCGGTTAATCGC
6073,GTAAGGTCATAATCCG,505745,TCAACCGGTGCTTTAA
6074,GTAAGGTCATTATGCG,505817,TCAACCGGTGTTAACC
6075,GTAATAGCACAGGAAT,505963,GGCTTTGGTTGTCAGT
6076,GTAATAGCACGTAAGG,506002,GGCTTTGGTCCGGTTA
6077,GTAATAGCACTCGCTC,506014,GGCTTTGGTTGTTCCC
6078,GTAATAGCATTGTTGG,506218,GGCTTTGGTCACCAAT
6079,GTACAATGTAAATTGC,506224,TAGGGTCCACCTTCCT
6080,GTACAATGTATGGTGC,506291,TAGGGTCCAGTATTGG
6081,GTACAATGTGAACAAA,506382,TAGGGTCCAAATGCTG
6082,GTACAATGTGAGCGAA,506392,TAGGGTCCAAGTGGCT
6083,GTACAATGTGTCCAGG,506447,TAGGGTCCAAAGGTAA
6084,GTACAATGTTAGAGGG,506492,TAGGGTCCAAGGATGG
6085,GTACAATGTTGGTGAC,506555,TAGGGTCCATCAAGCA
6086,GTACAATGTTGTGACA,506563,TAGGGTCCATGGTGCG
6087,GTACACCCAAAGCTCC,506618,GTGCGAGGTCATGATC
6088,GTACACCCAAGGGTTG,506660,GTGCGAGGTCCTCCTG
6089,GTACACCCAATTATGC,506702,GTGCGAGGTTGTCATA
6090,GTACACCCAGTAGGTG,506872,GTGCGAGGTACCTTAA
6091,GTACCGGGTGCTGTAA,507187,AGTCCTTCATAACCAG
6092,GTACCGGGTTTGAGCA,507355,AGTCCTTCATAGACGC
6093,GTACCTTGTGATGAAA,507545,CAGAGAGCATTAGCCT
6094,GTACGTAGTAAATTGC,507754,AATGAAGCACCTTCCT
6095,GTACGTAGTCAAAGGG,507836,AATGAAGCATGCAACA
6096,GTACGTAGTCCGTAGG,507877,AATGAAGCATCAGGTA
6097,GTACGTAGTTTACCGT,508102,AATGAAGCAGCAAGTC
6098,GTACTAATCACTTTAC,508183,AAGGCTTAGGAACCTG
6099,GTACTAATCCCTGATC,508288,AAGGCTTAGCATATAG
6100,GTACTAATCCGCAACA,508294,AAGGCTTAGGAGTATC
6101,GTACTAATCCTTGCGT,508353,AAGGCTTAGATTCATC
6102,GTACTAATCTTGACCC,508499,AAGGCTTAGGAGCAGG
6103,GTACTAGGTATTCGCT,508590,GACTGCGCAGGATGGA
6104,GTACTAGGTTATCGAG,508806,GACTGCGCATCCTGGC
6105,GTACTGGTCGAAGTGA,509124,CTTATGTAGGATTGCG
6106,GTACTGGTCGTTAACA,509189,CTTATGTAGAAACCGT
6107,GTACTTAAGCGAGCGA,509387,TTCCGCCTCGATATAG
6108,GTACTTAAGGGACCTC,509516,TTCCGCCTCCGTTATG
6109,GTACTTAAGTAACTCA,509571,TTCCGCCTCCCTGGTG
6110,GTACTTAAGTCACTCC,509597,TTCCGCCTCGCGATAG
6111,GTACTTCGTAGGTGTC,509726,ATAGGTTCACGCCCAT
6112,GTACTTCGTGACCTGG,509833,ATAGGTTCATAGCTTC
6113,GTACTTCGTGGGTACT,509882,ATAGGTTCAATATCCC
6114,GTACTTCGTTGTCCAT,510008,ATAGGTTCATGGAGGA
6115,GTAGCCATCGCTAGTG,510305,CAGAATCAGGTCGAGC
6116,GTAGCGCTCAGCATTA,510489,CATAACAAGCGAAGTT
6117,GTAGCGCTCATTTGTC,510549,CATAACAAGAATCGAC
6118,GTAGCGCTCCAAGTTA,510554,CATAACAAGCTAATAG
6119,GTAGCTGTCAAGCGCC,510827,GCGATATAGCCTGTCG
6120,GTAGCTGTCACCTGTC,510855,GCGATATAGTGTGGTG
6121,GTAGCTGTCCTAAGAC,510999,GCGATATAGTCAATAG
6122,GTAGCTGTCTTTGACT,511198,GCGATATAGCCCTTGG
6123,GTAGCTGTCTTTGTAC,511200,GCGATATAGGTGGAAA
6124,GTAGGAGGTATTGTGG,511281,TGCATGACAGTCTATC
6125,GTAGGAGGTCCTTAGT,511335,TGCATGACACTTAGCT
6126,GTAGGAGGTGAGGTAG,511373,TGCATGACAGGACCTG
6127,GTAGGAGGTGCGCGTA,511394,TGCATGACAAGTGCCG
6128,GTAGGAGGTTCCAGGG,511500,TGCATGACAAGCGCAT
6129,GTAGGATCACACCAAC,511702,ACGTAAGGTCATAGAG
6130,GTAGGCGAGATGCCTG,512010,TAGTGCCTCCAAATAG
6131,GTAGGCGAGCTATTAG,512098,TAGTGCCTCATTTGGT
6132,GTAGGCGAGGCCTGGT,512177,TAGTGCCTCCTTGCAA
6133,GTAGGCGAGGCGCACT,512181,TAGTGCCTCAATGTGA
6134,GTAGGCGAGGCGTAAA,512187,TAGTGCCTCCGGGTTT
6135,GTAGGCGAGTCCTTCA,512290,TAGTGCCTCTCAGCTA
6136,GTAGGTGCAACCTGGT,512385,GGTTATCGTAGCGCTC
6137,GTAGGTGCAAGACTCC,512394,GGTTATCGTATGGTGA
6138,GTAGGTGCAGCCAGAA,512565,GGTTATCGTGGTTCTG
6139,GTAGGTGCAGCTCAAC,512575,GGTTATCGTCACTATA
6140,GTAGGTGCAGGAACAT,512580,GGTTATCGTGCGGTTC
6141,GTAGGTGCAGGCCTTG,512596,GGTTATCGTCATGAAG
6142,GTAGTTATCAGGCTAT,512798,CCCGCTAAGGCACGTA
6143,GTAGTTATCATGCGTG,512825,CCCGCTAAGCTAATCT
6144,GTAGTTATCCATAATG,512869,CCCGCTAAGGGTTGGC
6145,GTAGTTATCGCTAGCA,512990,CCCGCTAAGCCAGGAC
6146,GTAGTTATCTGTTGCC,513090,CCCGCTAAGAGGAACA
6147,GTAGTTTCAAATACCT,513137,TGGATTCGTCAATGAG
6148,GTAGTTTCAACACTTG,513144,TGGATTCGTGTTACAC
6149,GTAGTTTCAAGCGATG,513167,TGGATTCGTCTATGAC
6150,GTAGTTTCACAGAAAC,513240,TGGATTCGTGGGTAAC
6151,GTAGTTTCACATAACT,513248,TGGATTCGTTTCCGGA
6152,GTAGTTTCACGAATTT,513280,TGGATTCGTACCGTGC
6153,GTAGTTTCAGCAAGTG,513323,TGGATTCGTCTAATCA
6154,GTAGTTTCATAGTCAT,513426,TGGATTCGTGTACCGC
6155,GTAGTTTCATGGCCTG,513463,TGGATTCGTTCCGGAC
6156,GTATCGCCAGCTACGT,513726,TCTGGGCGTGAAACAT
6157,GTATCGCCAGGAACCA,513733,TCTGGGCGTTATGTTG
6158,GTATCGCCATTAAGTC,513860,TCTGGGCGTGAGACTA
6159,GTATGTTCAAACCTAT,514272,TTGCTGGGTGCGCGAA
6160,GTATGTTCAAGACTCC,514312,TTGCTGGGTATGGTGA
6161,GTATGTTCAATAGCAA,514346,TTGCTGGGTCCTCACT
6162,GTATGTTCACAAGCCT,514382,TTGCTGGGTTCATTGA
6163,GTATGTTCACAGAAAC,514390,TTGCTGGGTGGGTAAC
6164,GTATGTTCAGCAAGGC,514472,TTGCTGGGTCGCATAT
6165,GTATGTTCAGCCAGTT,514484,TTGCTGGGTACGGTTT
6166,GTATGTTCATGTGGGA,514618,TTGCTGGGTGCTTCTC
6167,GTATTCAAGAATCGCT,514661,CGTTAGCTCCTGATCA
6168,GTATTCAAGCAGGTTT,514723,CGTTAGCTCGCCTAAC
6169,GTATTCAAGCGGATAA,514769,CGTTAGCTCCTCCCAC
6170,GTATTCAAGCTCATAA,514788,CGTTAGCTCCCTGTGG
6171,GTATTCAAGGCGGATG,514871,CGTTAGCTCTAACTAC
6172,GTATTGATCAACCAAC,515044,CAATAGCAGTCTTGCA
6173,GTATTGATCTAATCTC,515349,CAATAGCAGCTACCTA
6174,GTATTGATCTGCAAAC,515379,CAATAGCAGTTACAAG
6175,GTATTGATCTTAGGGT,515399,CAATAGCAGCATTAAG
6176,GTATTGCAGCATGTCG,515497,CTTCACTTCCCTCGTC
6177,GTATTGCAGTACTGGT,515716,CTTCACTTCACAGATA
6178,GTATTGCAGTGAACCT,515753,CTTCACTTCAGGGCTA
6179,GTATTGTCACAGACTC,515928,GCATGAAGTACCGGCT
6180,GTATTGTCACCCACCT,515947,GCATGAAGTCCAGCAC
6181,GTATTGTCAGCAATAA,516010,GCATGAAGTACGTTTA
6182,GTATTGTCAGCATGGA,516016,GCATGAAGTAGCCTTG
6183,GTATTGTCATTCCTCG,516172,GCATGAAGTTGGTGAA
6184,GTCAAACTCATGGCTG,516284,GAATCACAGGACGAAA
6185,GTCAAACTCATTGCAA,516299,GAATCACAGGTTATAG
6186,GTCAAACTCCCTCAGT,516339,GAATCACAGAGCTGCA
6187,GTCAAACTCGCTCACT,516448,GAATCACAGAAACCTA
6188,GTCAATATCAAACCTA,516575,GTGTGTGAGGTGCTTC
6189,GTCAATATCAATGTCA,516596,GTGTGTGAGCTTTACG
6190,GTCAATATCCGCTAGA,516741,GTGTGTGAGCTCATTG
6191,GTCAATATCCGGTATG,516745,GTGTGTGAGTTAACGA
6192,GTCAATATCCTACCTA,516761,GTGTGTGAGTTACTAC
6193,GTCAATATCCTTAATC,516785,GTGTGTGAGGAGCTAT
6194,GTCAATATCCTTTACG,516795,GTGTGTGAGCGCAAAT
6195,GTCAATATCTGGCATG,516919,GTGTGTGAGTATAGTG
6196,GTCAGGCTCAATAGCC,516974,CTAGTAAAGCGCTTGT
6197,GTCAGGCTCACAGACT,516986,CTAGTAAAGCTTACTG
6198,GTCAGGCTCATAACCA,517027,CTAGTAAAGGCTTTCA
6199,GTCAGGCTCCCGTTAC,517102,CTAGTAAAGCTAAATG
6200,GTCAGGCTCGAGCAAA,517185,CTAGTAAAGATTAGCA
6201,GTCAGGCTCGCTCACT,517216,CTAGTAAAGAAACCTA
6202,GTCAGGCTCGTTACAA,517249,CTAGTAAAGTGCAACG
6203,GTCAGGCTCTCATCAT,517290,CTAGTAAAGTCAATTC
6204,GTCATCACAAGATTCT,517385,TGATGAGGTTATGGAG
6205,GTCATCACACCGTTCC,517487,TGATGAGGTTAGTGCT
6206,GTCATCACACGGTACT,517504,TGATGAGGTGCAACGG
6207,GTCATCCTCATTAGGC,517830,GTGTAACAGCTTGCTA
6208,GTCATCCTCCCGTTGT,517871,GTGTAACAGGTAGCTG
6209,GTCATCCTCGAGCAAA,517953,GTGTAACAGATTAGCA
6210,GTCATCCTCGCATTAA,517972,GTGTAACAGCTAGTTT
6211,GTCATCCTCGCTATGG,517983,GTGTAACAGGAGTCGC
6212,GTCATCCTCGGTAACT,517996,GTGTAACAGTTACGTT
6213,GTCATGAGTCAGTAAT,518214,GTGGGAACAACCAAAT
6214,GTCATGAGTCTCACTG,518262,GTGGGAACAAGGGAGC
6215,GTCATGAGTGGATTAT,518319,GTGGGAACATAATGCG
6216,GTCATGCCAACTCGCG,518531,GTAGCTTGTGCGCAAG
6217,GTCATGCCACCTAAGC,518638,GTAGCTTGTATCGCTG
6218,GTCATGCCAGCACGAA,518698,GTAGCTTGTAATCACC
6219,GTCATGCCATGTTGGC,518842,GTAGCTTGTGCTTCCT
6220,GTCATTAAGAGGAAGG,518908,CGTGTGTTCGCATTGC
6221,GTCATTAAGGAGCAAC,519054,CGTGTGTTCCTAAATC
6222,GTCATTAAGTAATCCA,519168,CGTGTGTTCAGCTAAA
6223,GTCATTAAGTCCTTCA,519198,CGTGTGTTCTCAGCTA
6224,GTCCAAGTCATTAGGC,519364,ATAACTGAGCTTGCTA
6225,GTCCAAGTCCGTTAAA,519437,ATAACTGAGTAACCGG
6226,GTCCAAGTCCTAAGAC,519441,ATAACTGAGTCAATAG
6227,GTCCAAGTCGACCTGA,519486,ATAACTGAGTTTGACT
6228,GTCCAAGTCGCTTGCT,519521,ATAACTGAGAGCCGGT
6229,GTCCAAGTCGGTCAGC,519533,ATAACTGAGGCAATAC
6230,GTCCAGGGTTAGGCGT,519922,GAATATCCATACTGAG
6231,GTCCAGGGTTCATTTG,519941,GAATATCCAAGGCTTA
6232,GTCCAGGGTTTACCGT,519994,GAATATCCAGCAAGTC
6233,GTCCATTGTCTCACTG,520178,CGTTTCGCAAGGGAGC
6234,GTCCATTGTCTTTGAC,520184,CGTTTCGCAGTGTGCG
6235,GTCCATTGTTAGACCA,520294,CGTTTCGCAGGAGGTA
6236,GTCCGTAAGCGGCTGT,520525,GCTATGCTCAGCGATG
6237,GTCCGTAAGGAGGTTA,520592,GCTATGCTCTAAATCC
6238,GTCCGTAAGGCTTAAC,520638,GCTATGCTCAATAACG
6239,GTCCGTAAGTAAACCC,520688,GCTATGCTCATAAGCA
6240,GTCCGTAAGTTAACCA,520756,GCTATGCTCGCTATAT
6241,GTCCTAGAGCCGCAAC,520878,CTAATGTTCTTTGGGC
6242,GTCCTAGAGCTATGAC,520921,CTAATGTTCTAACCCA
6243,GTCCTCAGTTCCTGTG,521481,TAGTCTCCAAACATGT
6244,GTCCTCAGTTGACTTC,521490,TAGTCTCCATCACAGA
6245,GTCCTCCCAACAACAA,521580,ATGGGCGGTTCAATTG
6246,GTCCTCCCAACTCGCG,521597,ATGGGCGGTGCGCAAG
6247,GTCCTCCCAATACTGT,521633,ATGGGCGGTTGTAACC
6248,GTCCTCCCACCTATAG,521708,ATGGGCGGTAACGAGC
6249,GTCCTCCCACGTAATT,521723,ATGGGCGGTTCCTCAC
6250,GTCCTCCCACTTACAG,521740,ATGGGCGGTGACCTTG
6251,GTCCTCCCAGCTTAGC,521785,ATGGGCGGTCTATCTT
6252,GTCCTCCCAGTTTCTC,521838,ATGGGCGGTCACGATT
6253,GTCGAAGCAATCCTGA,522027,CTGTGCAGTAGACAAT
6254,GTCGAAGCACATAGCC,522072,CTGTGCAGTAATCCCG
6255,GTCGAAGCATCCTGAA,522264,CTGTGCAGTCAGTGAA
6256,GTCGAGGAGCTGGACC,522468,ATACCTGTCCGCACCA
6257,GTCGAGGAGTCTCACC,522653,ATACCTGTCGCGCAAA
6258,GTCGAGGAGTGAGAGC,522661,ATACCTGTCCGGGTAA
6259,GTCGCAATCACAAGCT,522736,TAGCTTTAGCTAACGG
6260,GTCGCAATCACTTTAC,522759,TAGCTTTAGGAACCTG
6261,GTCGCAATCATGCTAA,522800,TAGCTTTAGCTCGACT
6262,GTCGCAATCATGCTTT,522802,TAGCTTTAGTGAGGCC
6263,GTCGCAATCCACCTGT,522835,TAGCTTTAGGTAAGTC
6264,GTCGCAATCCTTGCGT,522929,TAGCTTTAGATTCATC
6265,GTCGCAATCTGTGCCT,523062,TAGCTTTAGAGGCTTG
6266,GTCGCAATCTTGCTAT,523082,TAGCTTTAGCCATCAC
6267,GTCGGTTCAATAATCC,523167,GCTTTGGGTAGGTTCT
6268,GTCGGTTCACAGACTC,523216,GCTTTGGGTACCGGCT
6269,GTCGGTTCATGCTTAG,523434,GCTTTGGGTCCAAGTT
6270,GTCGGTTCATTTGCTC,523476,GCTTTGGGTGCGGTAG
6271,GTCTAACAGCACAGCC,523535,CGGTCATTCCTCAGTA
6272,GTCTAACAGCCTAACG,523569,CGGTCATTCGTCCTTT
6273,GTCTAACAGGAACACA,523636,CGGTCATTCAGCAATA
6274,GTCTAACAGGACAATG,523646,CGGTCATTCGAGGAGG
6275,GTCTAACAGGATAAAC,523666,CGGTCATTCTACTACG
6276,GTCTAACAGGCCTAAT,523686,CGGTCATTCCGCCTCT
6277,GTCTAACAGGCTTAAC,523708,CGGTCATTCAATAACG
6278,GTCTAACAGTCACTCC,523791,CGGTCATTCGCGATAG
6279,GTCTAATCAAACTAAG,523868,GCACTCAGTTACCCAG
6280,GTCTAATCACAACAAA,523971,GCACTCAGTTACGAAG
6281,GTCTAATCAGAGGCTA,524056,GCACTCAGTAAGTGCA
6282,GTCTAATCAGCAACAG,524061,GCACTCAGTAATCCAC
6283,GTCTAATCAGCTCATA,524086,GCACTCAGTTCAAGCT
6284,GTCTAATCAGGATGGC,524099,GCACTCAGTTGTTTGA
6285,GTCTAATCAGTTGCGT,524140,GCACTCAGTGAACGGT
6286,GTCTAATCATCAGCAC,524174,GCACTCAGTTGTGCGC
6287,GTCTAGCCAACCTAAT,524278,AAGGCACGTAGCTTAC
6288,GTCTAGCCAAGCTACC,524295,AAGGCACGTGGCTTCA
6289,GTCTAGCCAATTGAAG,524345,AAGGCACGTAGTCCTG
6290,GTCTAGCCAGCCTGCA,524463,AAGGCACGTTTCTAAG
6291,GTCTAGCCAGGGAGCT,524499,AAGGCACGTGAGCATA
6292,GTCTAGCCAGTAAAGC,524508,AAGGCACGTTTACTAG
6293,GTCTAGCCATCCCGCT,524564,AAGGCACGTGTGAGTA
6294,GTCTAGCCATTGTGGC,524624,AAGGCACGTGCTTCGA
6295,GTCTATCGTACGTTTC,524671,AGTTACGCATTTCTTC
6296,GTCTATCGTAGCAGCT,524678,AGTTACGCAGGAAGCA
6297,GTCTATCGTAGGTTTG,524691,AGTTACGCACCAACAA
6298,GTCTATGCAAATACCT,525029,GTTACCGGTCAATGAG
6299,GTCTATGCAATCCTGA,525097,GTTACCGGTAGACAAT
6300,GTCTATGCACACTAAT,525131,GTTACCGGTTCACCTC
6301,GTCTATGCACTGGCCA,525191,GTTACCGGTCCTGAGC
6302,GTCTATGCAGGACCAA,525246,GTTACCGGTATTCGGT
6303,GTCTATGCATAAAGCA,525296,GTTACCGGTAATAAGC
6304,GTCTCACTCTAATTGG,525708,GGTTTCCAGCTATCGC
6305,GTCTTGCTCTCTAGCC,526120,AACGTACAGATTCCTG
6306,GTCTTTAGTTACTTGC,526431,GTGCTGGCATCAGTAG
6307,GTCTTTAGTTCATTTG,526461,GTGCTGGCAAGGCTTA
6308,GTCTTTGTCAAATCGC,526550,TAGTCTTAGCGAGTTG
6309,GTCTTTGTCAATCATG,526563,TAGTCTTAGTACCGGA
6310,GTCTTTGTCCACCCTG,526670,TAGTCTTAGCTCATGC
6311,GTCTTTGTCCGCCTCA,526712,TAGTCTTAGTCACCAC
6312,GTCTTTGTCTGGCATG,526891,TAGTCTTAGTATAGTG
6313,GTCTTTGTCTGTGCCT,526898,TAGTCTTAGAGGCTTG
6314,GTCTTTGTCTTGTTCG,526923,TAGTCTTAGCTGCTAC
6315,GTGAACAAGCTGGACC,527072,CACAACCTCCGCACCA
6316,GTGAACAAGGTTAGAG,527205,CACAACCTCAATCGTT
6317,GTGAACAAGTAAGAAC,527218,CACAACCTCCTTCAAG
6318,GTGAACAAGTACCGCA,527223,CACAACCTCGTTGTCA
6319,GTGAACAAGTTTAACG,527305,CACAACCTCAAGCGCA
6320,GTGAATCTCCTCAGCT,527507,AATGAGGAGTAAAGCC
6321,GTGAATCTCCTTAATC,527525,AATGAGGAGGAGCTAT
6322,GTGAATCTCGACAAAG,527539,AATGAGGAGAAAGGCA
6323,GTGAATCTCGGCCAGT,527576,AATGAGGAGAGATTCA
6324,GTGAATCTCGGGACCT,527580,AATGAGGAGCTGGATG
6325,GTGAATCTCTCACATT,527643,AATGAGGAGTCCTCCC
6326,GTGAGCGAGCCACATG,527780,TAAAGCATCTTGTTGG
6327,GTGAGCGAGGTGAAGC,527965,TAAAGCATCATAGCCC
6328,GTGAGGAGTATTCGTC,528155,TGAACCACACTAATCC
6329,GTGAGGAGTCATAACG,528187,TGAACCACACCAGCCT
6330,GTGATCAGTCACAAAT,528556,TCCTGATCAGGAGGAC
6331,GTGATCAGTTCCGGCT,528765,TCCTGATCATGCCTGC
6332,GTGATCAGTTCCGGGA,528766,TCCTGATCAATCCTAC
6333,GTGATGAAGCGAAGTA,528948,TCGGTTATCAAATCGA
6334,GTGATGAAGGCTGTCA,529074,TCGGTTATCTTGCAGC
6335,GTGATGAAGTATTGTG,529152,TCGGTTATCAGGAGCC
6336,GTGATGAAGTCGCTAG,529171,TCGGTTATCCATCAGC
6337,GTGCAAGCAAAGCGGC,529242,AATGTGGGTGGATTAG
6338,GTGCAAGCAACTAACT,529265,AATGTGGGTTCCCGTT
6339,GTGCAAGCACATTAAC,529362,AATGTGGGTTCACGCA
6340,GTGCAAGCACGCAACT,529391,AATGTGGGTGATGAAT
6341,GTGCAAGCAGCAATAA,529434,AATGTGGGTACGTTTA
6342,GTGCAAGCAGCATGAG,529439,AATGTGGGTTACTCCC
6343,GTGCAAGCAGGAACTG,529460,AATGTGGGTCCGTTAG
6344,GTGCAAGCATTGCAGC,529599,AATGTGGGTTGGTTTA
6345,GTGCACGGTAGGTTTG,529675,TAAAGCTCACCAACAA
6346,GTGCACGGTCCTTAGT,529747,TAAAGCTCACTTAGCT
6347,GTGCACGGTCTCACTG,529766,TAAAGCTCAAGGGAGC
6348,GTGCACGGTTAGCCAA,529887,TAAAGCTCAAAGTGAA
6349,GTGCACGGTTGTGACA,529955,TAAAGCTCATGGTGCG
6350,GTGCACGGTTTAGTCC,529969,TAAAGCTCAATACCGA
6351,GTGCATTAGACTAAGG,530016,CTGATATTCACAATAG
6352,GTGCATTAGCACGATT,530056,CTGATATTCTAACTCG
6353,GTGCATTAGCCGGTAC,530086,CTGATATTCCTACTAG
6354,GTGCATTAGCGGCTGT,530113,CTGATATTCAGCGATG
6355,GTGCATTAGCTAAGTC,530119,CTGATATTCTGGCTGT
6356,GTGCATTAGGCATTGT,530199,CTGATATTCCTTCGGG
6357,GTGCATTAGGCCCAGT,530202,CTGATATTCAATCCAT
6358,GTGCATTAGGCGGATG,530213,CTGATATTCTAACTAC
6359,GTGCATTAGTTGGGCC,530367,CTGATATTCTTTGTGG
6360,GTGCCTTTCACAGGAA,530411,ATGACTAAGCATTATC
6361,GTGCCTTTCATGCTTT,530472,ATGACTAAGTGAGGCC
6362,GTGCCTTTCGTTAAGC,530670,ATGACTAAGCAAATCA
6363,GTGCCTTTCTCATCAT,530712,ATGACTAAGTCAATTC
6364,GTGCGCAGTAATGACT,530788,TGTCCATCATCCTCAG
6365,GTGCGCAGTATTTGCC,530844,TGTCCATCACCTAACT
6366,GTGCGCAGTTGCGGAT,531088,TGTCCATCATCCCAAT
6367,GTGCGGTTCACATTGA,531178,CCTCAGTAGAGAGCAA
6368,GTGCGGTTCATGGTTA,531242,CCTCAGTAGTTACCGC
6369,GTGCGGTTCATTAGTG,531251,CCTCAGTAGAAATGCC
6370,GTGCGGTTCCCTGGTT,531302,CCTCAGTAGTACTGAA
6371,GTGCGGTTCCGCATGA,531309,CCTCAGTAGTCACTAT
6372,GTGCGGTTCGAAGTGA,531370,CCTCAGTAGGATTGCG
6373,GTGCGGTTCTTGATGA,531514,CCTCAGTAGGTTACTT
6374,GTGCTCAAGACTAAGG,531550,TTGTTCCTCACAATAG
6375,GTGCTCAAGCTGAGGG,531669,TTGTTCCTCCGGATTC
6376,GTGCTCAAGTCATGCG,531847,TTGTTCCTCACAAAGC
6377,GTGCTCAAGTGTTGTA,531877,TTGTTCCTCCAAACCC
6378,GTGCTCCGTCCGTAGG,532039,TGCAGGTCATCAGGTA
6379,GTGCTCCGTCCTTCTC,532049,TGCAGGTCAATTAGCG
6380,GTGCTCCGTGAACAAA,532074,TGCAGGTCAAATGCTG
6381,GTGCTCCGTGTCCAAA,532138,TGCAGGTCATTGTTTG
6382,GTGCTCCGTTACTTCA,532180,TGCAGGTCATAAACCG
6383,GTGCTCCGTTCTTTAG,532225,TGCAGGTCATTTGGCT
6384,GTGCTCCGTTTGCGCC,532285,TGCAGGTCATTACAGG
6385,GTGCTGATCCACCTTA,532422,CTTAGTTAGCATAGCG
6386,GTGCTGATCCTAATGA,532481,CTTAGTTAGATATTGG
6387,GTGCTGATCCTGATTT,532500,CTTAGTTAGCACAGCA
6388,GTGCTGATCGCTAAAC,532547,CTTAGTTAGGTGCACA
6389,GTGCTGATCGCTCACT,532554,CTTAGTTAGAAACCTA
6390,GTGCTGATCTTGCTAT,532668,CTTAGTTAGCCATCAC
6391,GTGCTGGGTACCTTAC,532716,GGAGTCTCATTTCGCG
6392,GTGCTGGGTCACCAAA,532776,GGAGTCTCAATGAGCC
6393,GTGCTGGGTGTGCACG,532910,GGAGTCTCAATACCCT
6394,GTGCTGGGTGTTCCCA,532915,GGAGTCTCATTGTGAG
6395,GTGCTGGGTTGTCCAT,533020,GGAGTCTCATGGAGGA
6396,GTGCTGGGTTTAGTCC,533035,GGAGTCTCAATACCGA
6397,GTGCTGGGTTTATCGC,533036,GGAGTCTCAAGGCCAT
6398,GTGCTGGGTTTCCTCC,533043,GGAGTCTCATCCTGCA
6399,GTGCTTACAAATTGCT,533083,TAGGCGGGTAAGTACG
6400,GTGCTTACAATGAGGT,533152,TAGGCGGGTCGCAATT
6401,GTGCTTACACACAATT,533179,TAGGCGGGTCGGTTTG
6402,GTGCTTACACCTGGTG,533218,TAGGCGGGTTAATCCA
6403,GTGCTTACAGAATGAC,533253,TAGGCGGGTCTTAGCG
6404,GTGCTTACAGCACGAA,533268,TAGGCGGGTAATCACC
6405,GTGCTTACAGTTTGTG,533344,TAGGCGGGTGTTACTA
6406,GTGCTTACATGAATAG,533392,TAGGCGGGTTATCCGG
6407,GTGCTTCTCAAACCTA,533447,TAGTTAGAGGTGCTTC
6408,GTGCTTCTCAATCTCT,533465,TAGTTAGAGGCCTAAG
6409,GTGCTTCTCATTACAG,533546,TAGTTAGAGGACCATG
6410,GTGCTTCTCCAGGGAG,533575,TAGTTAGAGTTATTGC
6411,GTGCTTCTCGCTATAA,533702,TAGTTAGAGGATTGAC
6412,GTGCTTCTCTCCTCTT,533782,TAGTTAGAGCTGCATC
6413,GTGGACACACGAATTT,533990,CTTGCTCGTACCGTGC
6414,GTGGACACAGCGCTTG,534049,CTTGCTCGTGGACAAC
6415,GTGGACACATAGGCGA,534135,CTTGCTCGTGCACAAA
6416,GTGGACACATCTAGCA,534156,CTTGCTCGTTTAACCA
6417,GTGGACACATGCTATG,534168,CTTGCTCGTCACCAGC
6418,GTGGATGCAGCACCAT,534419,TTGAACCGTTGACTAC
6419,GTGGATGCAGGCTACT,534462,TTGAACCGTTTGTAGC
6420,GTGGATGCAGTTTCTC,534494,TTGAACCGTCACGATT
6421,GTGGATGCATCCGTAA,534534,TTGAACCGTACGTAAG
6422,GTGGATGCATGCTTAG,534554,TTGAACCGTCCAAGTT
6423,GTGGCTTCAGGCTTCG,534849,CGTTCCTGTAACCGGG
6424,GTGGTTAGTAATAGCT,535000,ACGTAATCATGAGCCG
6425,GTGGTTAGTATACTGG,535049,ACGTAATCACAGCAAC
6426,GTGGTTAGTATTGAGT,535056,ACGTAATCACTCGCAC
6427,GTGGTTAGTCTTGCAT,535137,ACGTAATCAGAATCTG
6428,GTGGTTAGTGCGCAAT,535172,ACGTAATCATAAGCCA
6429,GTGGTTAGTTAGCCAA,535255,ACGTAATCAAAGTGAA
6430,GTGGTTAGTTTAACGG,535331,ACGTAATCATTTGTCA
6431,GTGTAACTCCCTGGAA,535519,CCAAGTGAGTGGCGTA
6432,GTGTCCAAGCCTGTTC,535848,GTATTCGTCGACATTT
6433,GTGTCCAAGTAACAGG,536030,GTATTCGTCGCTTCAA
6434,GTGTCCAAGTTAGCTA,536102,GTATTCGTCGATATTC
6435,GTGTGAGCACCTAATG,536279,GCGCTACGTTACTAGC
6436,GTGTGAGCACCTGCTC,536287,GCGCTACGTACACCGC
6437,GTGTGAGCACGGTACT,536294,GCGCTACGTGCAACGG
6438,GTGTGCGGTAACTACG,536526,CAATGGCCAGCTCGAG
6439,GTGTGCGGTAGGTTAT,536575,CAATGGCCATTATCTG
6440,GTGTGCGGTCCTAAGA,536644,CAATGGCCAGCTACCC
6441,GTGTGCGGTCTAACAG,536664,CAATGGCCAGGATGTC
6442,GTGTGCGGTTTCAGGA,536876,CAATGGCCATAACCGA
6443,GTGTGTTAGCTCAAAC,537030,AACTTGTTCGGTAATA
6444,GTGTGTTAGGGCTTAT,537139,AACTTGTTCAAATACG
6445,GTGTTACAGAAAGCAT,537282,TGCTGGTTCGACAAAC
6446,GTGTTACAGCATGAAG,537353,TGCTGGTTCAGTGAAC
6447,GTGTTACAGCGCCTAA,537393,TGCTGGTTCTTGGACC
6448,GTGTTACAGCTCAATA,537415,TGCTGGTTCATGGTCC
6449,GTGTTACAGTAGGCGG,537583,TGCTGGTTCCCGCTGA
6450,GTGTTCCTCATGCAAC,537752,CGAATTAAGGTCATGG
6451,GTGTTCCTCCCGAACA,537805,CGAATTAAGGTCCCTG
6452,GTGTTCCTCCGGAACC,537834,CGAATTAAGGATTTGA
6453,GTGTTCCTCGCAATCG,537907,CGAATTAAGCCGCAAA
6454,GTGTTCCTCTACTAAG,537982,CGAATTAAGAAGGACA
6455,GTGTTCCTCTCGCCTG,538005,CGAATTAAGCTTTAAC
6456,GTGTTCCTCTTAGTCT,538028,CGAATTAAGATTGAGC
6457,GTTAAACGTCCGTGAG,538176,GTTGCGGCATGGTTAG
6458,GTTAAACGTTAGCAGC,538321,GTTGCGGCACATGCCC
6459,GTTAACCAGCGAAGTA,538534,CGCTCAGTCAAATCGA
6460,GTTAACCAGGCTTAAC,538662,CGCTCAGTCAATAACG
6461,GTTAACCAGTTACCGG,538781,CGCTCAGTCCCTGATA
6462,GTTAACGGTAACCACA,538820,GATCCTTCATCATCAC
6463,GTTAACGGTGCTCCAC,539012,GATCCTTCATGCTTTA
6464,GTTAACGGTTAGTGAT,539099,GATCCTTCACTAGCGG
6465,GTTAACGGTTGGTTCT,539151,GATCCTTCACAAGGCT
6466,GTTAAGCTCACAGACT,539226,AGCTAGTAGCTTACTG
6467,GTTAAGCTCAGGCCTA,539259,AGCTAGTAGGCCCTTG
6468,GTTAAGCTCGAGCAAA,539425,AGCTAGTAGATTAGCA
6469,GTTAAGCTCTAAGTCA,539505,AGCTAGTAGCACTAAA
6470,GTTAAGTGTCTTGCAT,539737,AATCACGCAGAATCTG
6471,GTTAAGTGTTCATTTG,539879,AATCACGCAAGGCTTA
6472,GTTAAGTGTTGTTCAC,539925,AATCACGCAAATAAGG
6473,GTTAATGTCTAAGTGC,540272,GTTGCTCAGCAATAGC
6474,GTTAATGTCTGGTCCT,540311,GTTGCTCAGTCAACAA
6475,GTTACAGGTATCTGGA,540416,TTTGAGGCACCGTTGC
6476,GTTACAGGTTGTGACA,540689,TTTGAGGCATGGTGCG
6477,GTTACCTGTAACAGGG,540733,ATCGTGACAAACCCAA
6478,GTTACCTGTGACATGC,540894,ATCGTGACAACAGGGA
6479,GTTACCTGTGGAGCAA,540937,ATCGTGACAGCCTAAA
6480,GTTACCTGTGGTGAGA,540946,ATCGTGACAATTGAGT
6481,GTTACCTGTGGTTCTT,540950,ATCGTGACAGAAACCC
6482,GTTACCTGTTGTCCAT,541070,ATCGTGACATGGAGGA
6483,GTTACCTGTTTCCTCC,541093,ATCGTGACATCCTGCA
6484,GTTACGCCACAAAGGT,541220,GCTTGATGTCACACCA
6485,GTTACGCCAGATTCAT,541309,GCTTGATGTTATTTGG
6486,GTTACGCCAGCATGGA,541322,GCTTGATGTAGCCTTG
6487,GTTACGCCAGTAGGTG,541380,GCTTGATGTACCTTAA
6488,GTTACGCCAGTGAACG,541385,GCTTGATGTATGTTGC
6489,GTTACGCCATTTAAGC,541493,GCTTGATGTTCACTTT
6490,GTTACGTAGAATGACG,541505,GAGCGGTTCCCACCCT
6491,GTTACGTAGCTTGCTC,541650,GAGCGGTTCCTAATCG
6492,GTTACGTAGGAGTAAT,541681,GAGCGGTTCCTCTACT
6493,GTTACGTAGTCATCCC,541812,GAGCGGTTCCTTAACG
6494,GTTACTAAGGATAAAC,542068,GTTTGTGTCTACTACG
6495,GTTACTAAGGCTATGT,542105,GTTTGTGTCAAGGAAG
6496,GTTACTCGTTAGTTGG,542548,CCTAACTCAATAGCAT
6497,GTTACTCGTTGGCGTG,542595,CCTAACTCACTAGTCT
6498,GTTAGACTCAGCATTA,542701,CTTCATGAGCGAAGTT
6499,GTTAGACTCAGGATGA,542706,CTTCATGAGGGCTTTC
6500,GTTAGACTCATAACTG,542717,CTTCATGAGCAGGTAT
6501,GTTAGACTCATCCTAT,542725,CTTCATGAGTATCGCC
6502,GTTAGACTCTATTGTC,542969,CTTCATGAGCAACCCT
6503,GTTAGACTCTTGAGGT,543013,CTTCATGAGGCTTAAA
6504,GTTAGGCGTAGGTGTC,543088,TGTAAACCACGCCCAT
6505,GTTAGGCGTCACAGAC,543124,TGTAAACCAGCCAATA
6506,GTTAGGCGTTATCGAG,543318,TGTAAACCATCCTGGC
6507,GTTCACCTCATCCACC,543490,CCCAACTAGGTTCCGT
6508,GTTCACCTCATGACCG,543496,CCCAACTAGTCAAGAC
6509,GTTCACCTCATGCTAA,543502,CCCAACTAGCTCGACT
6510,GTTCACCTCCAAATCA,543529,CCCAACTAGCTTGCCG
6511,GTTCACCTCCATTACT,543547,CCCAACTAGCTTGGTC
6512,GTTCACCTCCCTCAGT,543561,CCCAACTAGAGCTGCA
6513,GTTCACCTCCTTGCAC,543630,CCCAACTAGAGCAATC
6514,GTTCACCTCGTTAACA,543701,CCCAACTAGAAACCGT
6515,GTTCACCTCTAACCTT,543715,CCCAACTAGCAAATTG
6516,GTTCATTTCCCGAACA,543935,ACAGGTTAGGTCCCTG
6517,GTTCATTTCTTGACCC,544161,ACAGGTTAGGAGCAGG
6518,GTTCCCAGTAGCAGCT,544228,GGCTGCACAGGAAGCA
6519,GTTCCCAGTGTTAAAC,544413,GGCTGCACACCGGTAG
6520,GTTCCTGGTGCAATGC,544745,ATATAGCCAGGACTAC
6521,GTTCCTGGTGCGCAAT,544752,ATATAGCCATAAGCCA
6522,GTTCCTGGTGGGTACT,544776,ATATAGCCAATATCCC
6523,GTTCCTTCAACTAGAA,544980,TCCGTGAGTTAACTGC
6524,GTTCCTTCACAGGATG,545070,TCCGTGAGTTTGCTCC
6525,GTTCCTTCAGCCAGTT,545158,TCCGTGAGTACGGTTT
6526,GTTCCTTCAGCTTACA,545170,TCCGTGAGTTAGGTTC
6527,GTTCCTTCATCAGCAC,545256,TCCGTGAGTTGTGCGC
6528,GTTCCTTCATCATGGC,545258,TCCGTGAGTCCTAAGT
6529,GTTCCTTCATGAATCT,545275,TCCGTGAGTTTATGTG
6530,GTTCCTTCATGACTAT,545276,TCCGTGAGTTAGCTCG
6531,GTTCGCGCAAACATAG,545328,CGATGAAGTTGTTCTT
6532,GTTCGCGCAAACGCGA,545332,CGATGAAGTCATGGTT
6533,GTTCGCGCAAGGGTTG,545384,CGATGAAGTCCTCCTG
6534,GTTCGCGCACATAACT,545456,CGATGAAGTTTCCGGA
6535,GTTCGCGCACTAGCGT,545500,CGATGAAGTGCTCACA
6536,GTTCGCGCACTTACAG,545510,CGATGAAGTGACCTTG
6537,GTTCGCTTCAAGCCTG,545720,GGTGATTAGATTCACT
6538,GTTCGCTTCCAGGTTG,545843,GGTGATTAGTCATGCC
6539,GTTCGCTTCCGCCTCA,545878,GGTGATTAGTCACCAC
6540,GTTCGCTTCCTAAGAC,545893,GGTGATTAGTCAATAG
6541,GTTCGCTTCGCAACAT,545952,GGTGATTAGATTCGTT
6542,GTTCGCTTCTGTAAGC,546060,GGTGATTAGTTAACCT
6543,GTTCTCATCACCGGTA,546131,CTGATGGAGCCTTAAT
6544,GTTCTCATCATCAGTA,546173,CTGATGGAGCTTAGCC
6545,GTTCTCATCGAAGTAG,546319,CTGATGGAGGTGCTGA
6546,GTTCTCATCTAACTGA,546400,CTGATGGAGCGTATTT
6547,GTTCTCATCTAGCGAT,546413,CTGATGGAGGCAGGTC
6548,GTTCTTGTCAATGTCA,546884,CGTAATAAGCTTTACG
6549,GTTCTTGTCAGCAAAG,546913,CGTAATAAGTAATGCA
6550,GTTCTTGTCATTGCGG,546972,CGTAATAAGGAAGTAG
6551,GTTCTTGTCGGGACTC,547129,CGTAATAAGCCATAGG
6552,GTTGCATAGCCTAATA,547338,CTACTAGTCAAACCAA
6553,GTTGCATAGCGGATTT,547362,CTACTAGTCCAAACTT
6554,GTTGCATAGCTACTGG,547372,CTACTAGTCGTGATGG
6555,GTTGCATAGCTTGCTC,547400,CTACTAGTCCTAATCG
6556,GTTGCATAGGCATGTT,547447,CTACTAGTCACCTATG
6557,GTTGCATAGGTACCGC,547499,CTACTAGTCAAGCTTT
6558,GTTGCATAGTATTGCA,547550,CTACTAGTCCAGCTCG
6559,GTTGCATAGTTGCGTG,547614,CTACTAGTCATAGCGG
6560,GTTGCCCGTAATCACG,547649,ACTTCACCAACGTGGT
6561,GTTGCCCGTTCAAGAT,547921,ACTTCACCAATTACCC
6562,GTTGCGGGTCAATACG,548101,TGTTTCACACGCGCAA
6563,GTTGCGGGTGACCTGG,548177,TGTTTCACATAGCTTC
6564,GTTGCGGGTGTAATAC,548234,TGTTTCACAAGCGCTG
6565,GTTGCGGGTGTGTCCC,548243,TGTTTCACACTATGGA
6566,GTTGCGGGTTGAAGCC,548324,TGTTTCACACACAAGC
6567,GTTGCTGAGCATTAGC,548471,AAGTCCCTCGTGATAA
6568,GTTGCTGAGCTCCCTG,548529,AAGTCCCTCACGAATA
6569,GTTGCTGAGGAGGGTT,548577,AAGTCCCTCGCTATGC
6570,GTTGCTGAGGCAACAA,548589,AAGTCCCTCAGGACCA
6571,GTTGCTGAGGCGAAAC,548605,AAGTCCCTCACGCCCA
6572,GTTGGAGCAAACGCGA,548782,CGAGTTTGTCATGGTT
6573,GTTGGAGCACCAGCAT,548915,CGAGTTTGTTCGGTAT
6574,GTTGGAGCAGGAACCA,549007,CGAGTTTGTTATGTTG
6575,GTTGGAGCATAGACCC,549076,CGAGTTTGTAAAGGTT
6576,GTTGGCCAGCTGGACC,549304,GAAACACTCCGCACCA
6577,GTTGGCCAGGAGTCGG,549348,GAAACACTCAATCGGG
6578,GTTGGCCAGTTTGGTA,549543,GAAACACTCGCTTCGG
6579,GTTGGCGGTAAAGCGG,549547,TCACCTGCACGGTCAG
6580,GTTGGCGGTACAAAGA,549574,TCACCTGCAGTTCCCA
6581,GTTGGCGGTATCTGGA,549614,TCACCTGCACCGTTGC
6582,GTTGGCGGTGAGCACT,549715,TCACCTGCAATAGAAG
6583,GTTGGCGGTGCTTTAC,549748,TCACCTGCAGGAATAA
6584,GTTGGCGGTTACTTCA,549812,TCACCTGCATAAACCG
6585,GTTGGCGGTTCATCTA,549842,TCACCTGCAGGTAAGG
6586,GTTGTGAGTCACAGCG,550023,AGTGATTCACGCAATA
6587,GTTGTGAGTGGAGCAA,550135,AGTGATTCAGCCTAAA
6588,GTTGTGAGTGTCACGG,550151,AGTGATTCATAGCTAG
6589,GTTGTGAGTTACGCAA,550191,AGTGATTCAAGGTATT
6590,GTTGTTGCAACAACAA,550332,AGCGTTTGTTCAATTG
6591,GTTGTTGCAAGTTATC,550379,AGCGTTTGTTGGCCAC
6592,GTTGTTGCAATCTCTC,550397,AGCGTTTGTGAGGGTT
6593,GTTGTTGCACCCTCAC,550452,AGCGTTTGTAAGTGGC
6594,GTTGTTGCATGAATCT,550641,AGCGTTTGTTTATGTG
6595,GTTTAACCAAATTCGT,550714,AAACCAGGTACTTATG
6596,GTTTAACCAATAGCAA,550770,AAACCAGGTCCTCACT
6597,GTTTAACCAATTTGGT,550798,AAACCAGGTTTGAGTC
6598,GTTTAACCACGAACAG,550852,AAACCAGGTCACACTG
6599,GTTTAACCAGAAATGC,550882,AAACCAGGTTATGGGA
6600,GTTTAACCAGGCTACT,550942,AAACCAGGTTTGTAGC
6601,GTTTAACCATAGTCAT,551000,AAACCAGGTGTACCGC
6602,GTTTAACCATGTTGCA,551043,AAACCAGGTTTGGTTA
6603,GTTTACCGTACCGTTT,551113,CCAACAACAAATACGT
6604,GTTTACCGTCACGAAC,551176,CCAACAACATGAGGAG
6605,GTTTACCGTGTTAAAC,551311,CCAACAACACCGGTAG
6606,GTTTACCGTGTTGTGA,551317,CCAACAACATGAAGCC
6607,GTTTACCGTTTATTCG,551437,CCAACAACATATGGTG
6608,GTTTAGCAGCGAGCGA,551563,GGCTAAGTCGATATAG
6609,GTTTAGCAGCGCCTTT,551572,GGCTAAGTCTATTGAC
6610,GTTTAGCAGGCCTGGT,551669,GGCTAAGTCCTTGCAA
6611,GTTTAGCAGGTAAGCA,551711,GGCTAAGTCGTACCTA
6612,GTTTAGCAGGTTTACA,551737,GGCTAAGTCTTCAAGT
6613,GTTTAGCAGTGAACAG,551790,GGCTAAGTCCGCAATC
6614,GTTTAGCAGTTAGCCG,551813,GGCTAAGTCATGAGGT
6615,GTTTATCTCACCAATA,551877,ATCCTCAAGCAAACAC
6616,GTTTATCTCAGGATGA,551904,ATCCTCAAGGGCTTTC
6617,GTTTATCTCATCACTT,551920,ATCCTCAAGCAATACA
6618,GTTTATCTCATCCTAT,551923,ATCCTCAAGTATCGCC
6619,GTTTATCTCCTTTACG,552065,ATCCTCAAGCGCAAAT
6620,GTTTATCTCGGTACGC,552115,ATCCTCAAGCCATAAA
6621,GTTTATCTCGGTTCCT,552121,ATCCTCAAGGCTCAAG
6622,GTTTATCTCTTAGGAC,552204,ATCCTCAAGCGCTACT
6623,GTTTCAGCACCGGTAT,552372,TCCTTGCGTCTTGAAC
6624,GTTTCAGCACTAAATC,552396,TCCTTGCGTTTACCAA
6625,GTTTCAGCAGTTTCTC,552508,TCCTTGCGTCACGATT
6626,GTTTCAGCATAACGGG,552513,TCCTTGCGTCCTCCCA
6627,GTTTCAGCATCCAGGT,552544,TCCTTGCGTGCCTTTC
6628,GTTTCCTCAATTGACT,552712,ACGGTAAGTAAGGTGC
6629,GTTTCCTCACAGAACG,552733,ACGGTAAGTATTCAGC
6630,GTTTCCTCAGAAACGT,552799,ACGGTAAGTGCACGCT
6631,GTTTCCTCATAAGCAA,552898,ACGGTAAGTAAGGCCG
6632,GTTTCCTCATAAGTCT,552900,ACGGTAAGTCATGCCA
6633,GTTTCTAGTATTGAGT,553070,GGCGATTCACTCGCAC
6634,GTTTCTAGTTCAAGCA,553288,GGCGATTCAAGCCTCC
6635,GTTTGCTGTACCTTAC,553414,GCTGCTCCATTTCGCG
6636,GTTTGCTGTGGCTTCC,553590,GCTGCTCCAGCATTAG
6637,GTTTGCTGTTAGCAGC,553649,GCTGCTCCACATGCCC
6638,GTTTGCTGTTAGCTGA,553653,GCTGCTCCAACGGTAC
6639,GTTTGCTGTTCGGTAA,553688,GCTGCTCCAAACAAAG
6640,GTTTGTAAGGTTAGCT,554036,ATTAGCTTCTAACCAT
6641,GTTTGTAAGTCAGTAC,554075,ATTAGCTTCTGCAACC
6642,GTTTGTAAGTTTGCGG,554139,ATTAGCTTCTTGACCA
6643,GTTTGTCGTACAATGT,554173,AAGGAACCACTCAATC
6644,GTTTGTCGTGACCTGG,554309,AAGGAACCATAGCTTC
6645,GTTTGTCGTGTGTCCC,554375,AAGGAACCACTATGGA
6646,GTTTGTCGTTAACAGT,554390,AAGGAACCACGGATTA
6647,GTTTGTTTCAATGTGC,554549,ATTCAAGAGGTTGGTG
6648,GTTTGTTTCAGGAACA,554584,ATTCAAGAGAGAGGCG
6649,GTTTGTTTCATGACCG,554610,ATTCAAGAGTCAAGAC
6650,GTTTGTTTCATTACTC,554628,ATTCAAGAGGGTTAAC
6651,GTTTGTTTCGTGCCTT,554812,ATTCAAGAGGACACGC
6652,GTTTGTTTCGTTAAGC,554816,ATTCAAGAGCAAATCA
6653,TAAACAGCAAACCTTG,554913,AGCAAGCGTCCTCCAT
6654,TAAACAGCAAGGATTA,554964,AGCAAGCGTAACAGCA
6655,TAAACAGCAATTAGCT,555006,AGCAAGCGTCCAAATC
6656,TAAACAGCACACCAAC,555028,AGCAAGCGTCATAGAG
6657,TAAACAGCAGCATGTC,555121,AGCAAGCGTTACTTAG
6658,TAAACAGCAGTAGCCT,555176,AGCAAGCGTTGCTCAG
6659,TAAACAGCATAATGTC,555204,AGCAAGCGTGCAAGTA
6660,TAAACAGCATAGCAGG,555210,AGCAAGCGTAGTCATC
6661,TAAACAGCATAGCTGC,555213,AGCAAGCGTCATCATA
6662,TAAACAGCATTAGCGC,555268,AGCAAGCGTACTGATC
6663,TAAAGCCTCACGCCAA,555334,AACACTAAGACAAACC
6664,TAAAGCCTCCAAGTTA,555414,AACACTAAGCTAATAG
6665,TAAAGCCTCCTCAGCT,555487,AACACTAAGTAAAGCC
6666,TAACAAGCAACCCTCC,555708,ATGTTGCGTTCCATTT
6667,TAACAAGCAATATACC,555757,ATGTTGCGTAGGCGCA
6668,TAACAAGCAGCATTAT,555890,ATGTTGCGTTGAGGGT
6669,TAACAAGCAGGAATCG,555910,ATGTTGCGTATCCGTG
6670,TAACAAGCATAAGTCT,555966,ATGTTGCGTCATGCCA
6671,TAACCAGGTCAAAGAA,556145,GCAGGAACATGTTGGA
6672,TAACCAGGTCATTGTC,556179,GCAGGAACAATTGCCT
6673,TAACCAGGTGGAAGGC,556266,GCAGGAACAGCCAGTG
6674,TAACCAGGTTTACGTC,556413,GCAGGAACAATCGTGA
6675,TAACCGGTCAATGTGC,556467,AACGGTTAGGTTGGTG
6676,TAACCGGTCAGGCCTA,556505,AACGGTTAGGCCCTTG
6677,TAACCGGTCATTGCAA,556553,AACGGTTAGGTTATAG
6678,TAACCGGTCGCTAGAT,556697,AACGGTTAGAATGACC
6679,TAACCGGTCGTTCACC,556741,AACGGTTAGCAACAAC
6680,TAACCTAAGCTATATG,556956,CGATATTTCGTTAAAG
6681,TAACCTAAGGAGGTTA,557012,CGATATTTCTAAATCC
6682,TAACCTAAGGGTGAAC,557073,CGATATTTCCACTATG
6683,TAACCTAAGTAACAGG,557110,CGATATTTCGCTTCAA
6684,TAAGCCAGTCACAGCG,557307,AACCACACACGCAATA
6685,TAAGCCAGTCATGCAA,557324,AACCACACAAGCCTGG
6686,TAAGCCAGTTAACGAT,557459,AACCACACAGTTTCCG
6687,TAAGCCTAGAAGGTGC,557600,GCTTAATTCACCAACC
6688,TAAGCCTAGGTGTCCA,557865,GCTTAATTCCTCACGG
6689,TAAGCCTAGGTTTGCG,557873,GCTTAATTCAGCCTTA
6690,TAAGCCTAGTGAACCT,557925,GCTTAATTCAGGGCTA
6691,TAAGCCTAGTTTGGTA,557975,GCTTAATTCGCTTCGG
6692,TAAGCTATCAATAGCC,557994,TACCTGCAGCGCTTGT
6693,TAAGCTATCATGGTTA,558074,TACCTGCAGTTACCGC
6694,TAAGCTATCGAGCAAA,558205,TACCTGCAGATTAGCA
6695,TAAGCTATCGCATTAA,558224,TACCTGCAGCTAGTTT
6696,TAAGCTATCGCTTCTA,558238,TACCTGCAGGATTGGT
6697,TAAGCTATCTTGCAGG,558348,TACCTGCAGCTTCCTT
6698,TAAGCTGGTTAATGAC,558618,CCAGAACCATGCTGGG
6699,TAAGGACCACTTCATC,558929,GCGAAACGTATTTGGC
6700,TAAGGCTTCCAGGTCA,559258,GTAGGTTAGAGCTGGC
6701,TAAGGCTTCCTTAGGG,559340,GTAGGTTAGCATCCTA
6702,TAAGGCTTCGCTCACT,559386,GTAGGTTAGAAACCTA
6703,TAAGGCTTCGTCAAGT,559411,GTAGGTTAGCTTCTCT
6704,TAAGGCTTCGTTTCCA,559426,GTAGGTTAGCCGCTAT
6705,TAAGGCTTCTTTGTAC,559510,GTAGGTTAGGTGGAAA
6706,TAAGTAGCAAACTCAT,559519,GTTAACCGTCAGTGCC
6707,TAAGTAGCACATTGCA,559645,GTTAACCGTTAAGTGG
6708,TAAGTGCTCAAGCTTA,559907,GGGCTTAAGCAGCCAA
6709,TAAGTGCTCAGCCAAT,559952,GGGCTTAAGGTTCCCG
6710,TAAGTGCTCATTGTCT,560007,GGGCTTAAGGGCTATG
6711,TAAGTGCTCGCAAACT,560135,GGGCTTAAGTTAGCTT
6712,TAAGTGCTCTTTGAGA,560277,GGGCTTAAGACATAGC
6713,TAATCACCAATAACGA,560351,TCACATAGTGCTGTTG
6714,TAATCACCACCAAAGG,560414,TCACATAGTTTCCAAA
6715,TAATCACCAGCTAACC,560500,TCACATAGTATGGTCT
6716,TAATCCGCAAGCTACC,560713,CTTAATGGTGGCTTCA
6717,TAATCCGCAGGCATCT,560904,CTTAATGGTAGGTTTC
6718,TAATCCGCAGTACCGT,560929,CTTAATGGTATAGCTC
6719,TAATCCGCATCTTGAG,560991,CTTAATGGTGATCCTG
6720,TAATCCGCATGTCAGC,561010,CTTAATGGTTAGTTTG
6721,TAATGCATCATGCATA,561135,CTGGACAAGCACCTAC
6722,TAATGCATCCAAACAC,561164,CTGGACAAGATATTCC
6723,TAATGCATCCAATTAG,561170,CTGGACAAGCTTAAAG
6724,TAATGCATCGCTTCTA,561308,CTGGACAAGGATTGGT
6725,TAATGGACACCTCGCT,561585,GCGTACCGTTGGGTTT
6726,TAATGGACAGCATGGA,561642,GCGTACCGTAGCCTTG
6727,TAATGGACAGTTTACG,561711,GCGTACCGTAGACTAG
6728,TAATGGACATTGTGTG,561811,GCGTACCGTTAAAGCG
6729,TAATGGTGTCAAAGGG,561900,ATGTGATCATGCAACA
6730,TAATGGTGTTGAGCCG,562131,ATGTGATCAGCAAATT
6731,TAATGGTGTTGGCCGA,562146,ATGTGATCAAACCTAG
6732,TAATTGCCAACTCGCG,562237,TGGTAAGGTGCGCAAG
6733,TAATTGCCAAGACTCC,562240,TGGTAAGGTATGGTGA
6734,TAATTGCCACTGACTA,562376,TGGTAAGGTTAAACGG
6735,TAATTGCCAGCATGGA,562408,TGGTAAGGTAGCCTTG
6736,TAATTGCCATAAAGCA,562482,TGGTAAGGTAATAAGC
6737,TAATTGCCATGAGCAG,562531,TGGTAAGGTCATAACC
6738,TAATTGCCATTGGGAG,562571,TGGTAAGGTGTCCACA
6739,TACAACATCGACAAAG,562807,GTCCATCAGAAAGGCA
6740,TACAACATCGCTTGCT,562843,GTCCATCAGAGCCGGT
6741,TACAACATCTGCAACG,562924,GTCCATCAGCCTTGCG
6742,TACAACATCTTTAGGA,562961,GTCCATCAGGTGTTAA
6743,TACAAGCTCGAAGTGA,563190,AGCTTCCAGGATTGCG
6744,TACAAGCTCGCCTAAG,563213,AGCTTCCAGTAAAGGG
6745,TACAAGCTCGGGACCT,563232,AGCTTCCAGCTGGATG
6746,TACAAGCTCGGTCAAT,563238,AGCTTCCAGTTTACGT
6747,TACAAGCTCTTAGCCC,563324,AGCTTCCAGTCTTAGT
6748,TACAATGTCACTAAGC,563393,GCGTAATAGTCTAGCC
6749,TACAATGTCATAATCG,563423,GCGTAATAGCTCAAGG
6750,TACAATGTCCGGTTGA,563523,GCGTAATAGTGGCCAA
6751,TACAATGTCCTAAGTA,563533,GCGTAATAGTTTCTGG
6752,TACAGCTAGCTATGAC,563863,GCTAACCTCTAACCCA
6753,TACAGCTAGGGCCACT,563972,GCTAACCTCCAACCTA
6754,TACAGGTTCCCATAGG,564256,CCTCCTCAGCTTATCG
6755,TACAGGTTCGGGATTT,564386,CCTCCTCAGCTTAGTT
6756,TACAGGTTCTAATCTC,564429,CCTCCTCAGCTACCTA
6757,TACATCAAGACAGGTA,564520,TTAAGCTTCATCAGCC
6758,TACATCAAGCAAGACA,564552,TTAAGCTTCGCATTAT
6759,TACATCAAGCATGACT,564574,TTAAGCTTCGTGCTGT
6760,TACATCAAGCCGCAAC,564588,TTAAGCTTCTTTGGGC
6761,TACATCAAGGAAACTG,564659,TTAAGCTTCGTTTCTC
6762,TACATCAAGGTCCTGA,564764,TTAAGCTTCTATATGC
6763,TACCAAATCATTATGG,564992,GCGCTTTAGTCCTTAG
6764,TACCAAATCCTCCATA,565083,GCGCTTTAGATAGCCG
6765,TACCAAATCGCAAACT,565125,GCGCTTTAGTTAGCTT
6766,TACCAAATCGTAACGT,565166,GCGCTTTAGGCGCAGT
6767,TACCAGGTCATCACTT,565346,ATTCATCAGCAATACA
6768,TACCAGGTCATCCTGC,565351,ATTCATCAGTTATGAG
6769,TACCAGGTCCTGATGG,565473,ATTCATCAGTAGTTAG
6770,TACCAGGTCTGGCATG,565615,ATTCATCAGTATAGTG
6771,TACCCGGCAAACCCTA,565655,TATTGTGGTAACAGGC
6772,TACCCGGCAAGGTAAC,565711,TATTGTGGTTAGCTAC
6773,TACCCGGCAATATGGA,565735,TATTGTGGTGCAATAG
6774,TACCCGGCACCACAAC,565790,TATTGTGGTGTTCCTC
6775,TACCCGGCACCAGGTT,565792,TATTGTGGTTTGCTGG
6776,TACCCGGCACCTATAG,565804,TATTGTGGTAACGAGC
6777,TACCCGGCATAATCCG,565945,TATTGTGGTGCTTTAA
6778,TACCCGGCATCTTGAG,565981,TATTGTGGTGATCCTG
6779,TACCCGGCATTAGCGC,566012,TATTGTGGTACTGATC
6780,TACCGAAGTTCAAGCA,566330,AGTTCCTCAAGCCTCC
6781,TACCGAAGTTCCGGCT,566339,AGTTCCTCATGCCTGC
6782,TACCGAAGTTCGCTCA,566345,AGTTCCTCAGGTGAGA
6783,TACCGAAGTTTACTTG,566390,AGTTCCTCATCAATCC
6784,TACCGCAAGATGGAGC,566464,CCTAGGTTCGCAACTC
6785,TACCGCAAGCAAGACA,566470,CCTAGGTTCGCATTAT
6786,TACCGCAAGCGCTCAA,566534,CCTAGGTTCGCTTGTA
6787,TACCGCAAGGACGTAA,566595,CCTAGGTTCCTGTGAC
6788,TACCGCAAGTTATTCC,566782,CCTAGGTTCATGAAGC
6789,TACCGTTGTAACTACG,566814,CGGTGTGCAGCTCGAG
6790,TACCGTTGTACTTAGG,566849,CGGTGTGCACTCGCTA
6791,TACCGTTGTAGGTTGC,566864,CGGTGTGCAATAAACC
6792,TACCGTTGTCAAAGAA,566887,CGGTGTGCATGTTGGA
6793,TACCGTTGTGTCCAGG,567029,CGGTGTGCAAAGGTAA
6794,TACCGTTGTGTTTGCT,567046,CGGTGTGCATCCTAGT
6795,TACCGTTGTTCCTCCT,567107,CGGTGTGCACGTAGGT
6796,TACCGTTGTTGCACAA,567122,CGGTGTGCAGGTGGAA
6797,TACCGTTGTTTAGCGA,567157,CGGTGTGCACAGCACG
6798,TACCTCATCAATCATG,567203,ATAGTCAAGTACCGGA
6799,TACCTCATCATCACTT,567262,ATAGTCAAGCAATACA
6800,TACCTCATCATTAGCA,567289,ATAGTCAAGCTATATC
6801,TACCTCATCCGCTAGA,567353,ATAGTCAAGCTCATTG
6802,TACCTCATCCTAGTAA,567374,ATAGTCAAGTGCTCCG
6803,TACCTCATCGTACCGA,567468,ATAGTCAAGCTTAGAA
6804,TACCTCATCTTGTTCG,567563,ATAGTCAAGCTGCTAC
6805,TACCTGCTCACAGCCA,567599,TATGGACAGTAACACA
6806,TACCTGCTCGGTCAAT,567842,TATGGACAGTTTACGT
6807,TACCTGCTCTATCGCC,567891,TATGGACAGGCTAATA
6808,TACCTTAGTAAAGCGG,567955,CGGCTAGCACGGTCAG
6809,TACCTTAGTATTACCC,568025,CGGCTAGCACCTTAGT
6810,TACCTTAGTATTGTCC,568032,CGGCTAGCATTAGTGG
6811,TACCTTAGTCCTAATC,568083,CGGCTAGCACGGTAAC
6812,TACCTTAGTCCTTCAG,568088,CGGCTAGCATAAGTCG
6813,TACCTTAGTGAAGCCT,568115,CGGCTAGCACCTCAGC
6814,TACCTTAGTGCCTCAC,568143,CGGCTAGCAATAGAGA
6815,TACCTTAGTGCTCCAC,568150,CGGCTAGCATGCTTTA
6816,TACCTTAGTTAAATGC,568198,CGGCTAGCATTGTCTA
6817,TACCTTAGTTAACGGC,568202,CGGCTAGCACTTAGGA
6818,TACCTTTAGACAAGTG,568350,CGCGATTTCCTCACTT
6819,TACCTTTAGGTAGCTT,568590,CGCGATTTCAATGAGC
6820,TACCTTTAGGTCCACA,568595,CGCGATTTCGTTAGCC
6821,TACCTTTAGGTTACGT,568610,CGCGATTTCTAATCCG
6822,TACCTTTAGTTATGGC,568696,CGCGATTTCTGTGATT
6823,TACGCACCACAATGTT,568835,CCGTAATGTTAAAGAC
6824,TACGCACCACATTAAC,568852,CCGTAATGTTCACGCA
6825,TACGCACCAGCTTAAT,568945,CCGTAATGTGGTGAAC
6826,TACGCTTGTAGCCATA,569153,CGATGCGCAGGTAACC
6827,TACGCTTGTCAAGTAT,569191,CGATGCGCATGACAGC
6828,TACGCTTGTCATTGTC,569221,CGATGCGCAATTGCCT
6829,TACGCTTGTCCAAGAC,569223,CGATGCGCACTAGTAG
6830,TACGCTTGTTAGCAGC,569375,CGATGCGCACATGCCC
6831,TACGGATTCAGGCTAT,569548,TATACCTAGGCACGTA
6832,TACGGATTCCCTTGCG,569644,TATACCTAGCTTGTTG
6833,TACGGATTCCGGGACT,569656,TATACCTAGAATCTAG
6834,TACGGATTCCTAAGGT,569668,TATACCTAGGCTTCAC
6835,TACGGTTAGAGGAGTC,569904,CCTCGCTTCTACTAAC
6836,TACGGTTAGGGTCCAC,570113,CCTCGCTTCATAGCTT
6837,TACGGTTAGTTGTCCC,570243,CCTCGCTTCGTACAAA
6838,TACGTAATCACAGGAA,570285,CGGTTGAAGCATTATC
6839,TACGTAATCACGTTAA,570296,CGGTTGAAGCTCCTAA
6840,TACGTAATCCATCAGG,570388,CGGTTGAAGGCTAAAC
6841,TACGTAATCCCTCAAC,570401,CGGTTGAAGATTGACA
6842,TACGTAATCTAAGGTC,570560,CGGTTGAAGATGCAAC
6843,TACGTACAGACAACAG,570650,ACCTTAGTCAACAACA
6844,TACGTACAGCTATGAC,570767,ACCTTAGTCTAACCCA
6845,TACGTACAGGCTACAT,570860,ACCTTAGTCTTTAAGC
6846,TACGTACAGGGTGAGT,570884,ACCTTAGTCACATAGA
6847,TACGTACAGGTCGATT,570902,ACCTTAGTCTCTCGCC
6848,TACGTACAGTAGGATG,570938,ACCTTAGTCTAGTTAC
6849,TACGTACAGTGAACCT,570969,ACCTTAGTCAGGGCTA
6850,TACGTTAAGCACAGAA,571078,CTGCTAATCTTAAGGA
6851,TACGTTAAGCTATGAC,571151,CTGCTAATCTAACCCA
6852,TACGTTAAGCTGAGGG,571161,CTGCTAATCCGGATTC
6853,TACGTTAAGCTTAACA,571169,CTGCTAATCCGTTAGC
6854,TACGTTAAGGAGGTTA,571206,CTGCTAATCTAAATCC
6855,TACTAAGTCCTTAAGA,571616,CCAACAGAGCCAAACG
6856,TACTAAGTCTCACATT,571735,CCAACAGAGTCCTCCC
6857,TACTAAGTCTCTAGCC,571746,CCAACAGAGATTCCTG
6858,TACTCAAAGCAAACCT,571837,GTAGTCCTCGGTTCAC
6859,TACTCAAAGCATTATG,571868,GTAGTCCTCTCCTCAT
6860,TACTCAAAGGAGGGTT,571973,GTAGTCCTCGCTATGC
6861,TACTCAAAGTAAGTCC,572080,GTAGTCCTCCTAGGTC
6862,TACTCGCTCAAAGGCA,572177,TAGTTTCAGGAGCCGT
6863,TACTCGCTCATTGTTC,572286,TAGTTTCAGGAGGTAA
6864,TACTCGCTCCGCCAAA,572338,TAGTTTCAGCCTGGTT
6865,TACTCGCTCCTAATGA,572359,TAGTTTCAGATATTGG
6866,TACTGACAGAGGAGGA,572591,ACCTAATTCTAGCCAC
6867,TACTGACAGCACAGCC,572615,ACCTAATTCCTCAGTA
6868,TACTGACAGCCTAATA,572650,ACCTAATTCAAACCAA
6869,TACTGACAGGTCCACA,572817,ACCTAATTCGTTAGCC
6870,TACTGACAGGTCCGTA,572818,ACCTAATTCTAATCAC
6871,TACTGACAGTAACAGG,572840,ACCTAATTCGCTTCAA
6872,TACTGACAGTAACTCA,572845,ACCTAATTCCCTGGTG
6873,TACTGACAGTTGGCCA,572928,ACCTAATTCCTTATGG
6874,TACTGAGGTAACCTAG,572948,ACGCTAACAACCTGCC
6875,TACTGAGGTACCGGAT,572975,ACGCTAACACGATTCT
6876,TACTGAGGTGCTAGCG,573136,ACGCTAACAATGACCA
6877,TACTGAGGTTAGGATT,573219,ACGCTAACAAGCGAAG
6878,TACTGCACAATCGCAC,573410,TAACCCGGTTACAACC
6879,TACTGCACACATACTG,573453,TAACCCGGTCGGTTCA
6880,TACTGGCCAACCGCCA,573739,GAAACGCGTTGACCGC
6881,TACTGGCCACCGGTAT,573852,GAAACGCGTCTTGAAC
6882,TACTGGCCAGAAATTG,573897,GAAACGCGTTTAGCGT
6883,TACTGGCCAGGCTTCG,573959,GAAACGCGTAACCGGG
6884,TACTGGCCATAGACTT,574007,GAAACGCGTTGCGCGT
6885,TACTGGCCATTGTGAT,574084,GAAACGCGTGTAATGG
6886,TACTTCGTCCAAGTTA,574212,GAGGGTGAGCTAATAG
6887,TACTTCGTCCAGGTTG,574223,GAGGGTGAGTCATGCC
6888,TACTTCGTCGTTATCT,574388,GAGGGTGAGGCTATAA
6889,TACTTCGTCTTGAGCG,574458,GAGGGTGAGTCACCTA
6890,TACTTGTTCACTTCAT,574524,TAATGTGAGTGTCCAC
6891,TACTTGTTCAGTTCCC,574544,TAATGTGAGAGCAAGA
6892,TACTTGTTCCTGAGTG,574678,TAATGTGAGGGTTATA
6893,TACTTGTTCCTTGCGT,574695,TAATGTGAGATTCATC
6894,TACTTGTTCGTTTCGC,574775,TAATGTGAGCACTTGC
6895,TAGACCAGTAGGTGTC,574918,CTAAGATCACGCCCAT
6896,TAGACCAGTTACGCAA,575123,CTAAGATCAAGGTATT
6897,TAGACCAGTTAGCATG,575132,CTAAGATCATGCATTC
6898,TAGACCAGTTCGCGCT,575166,CTAAGATCAATCATGG
6899,TAGAGCCGTAACAGGG,575245,CCCTTCTCAAACCCAA
6900,TAGAGCCGTACGTTTC,575283,CCCTTCTCATTTCTTC
6901,TAGAGCCGTCAAAGGG,575326,CCCTTCTCATGCAACA
6902,TAGAGCCGTCCGGTTC,575366,CCCTTCTCAAGTAAAG
6903,TAGAGCCGTTGTGACA,575583,CCCTTCTCATGGTGCG
6904,TAGCAGGCAGTAATAG,575888,GGGCCTTGTGATTCTA
6905,TAGCAGGCATTGTTGG,576004,GGGCCTTGTCACCAAT
6906,TAGCATATCACTAATG,576052,GTGCAATAGACTCCTA
6907,TAGCATATCAGGATGA,576068,GTGCAATAGGGCTTTC
6908,TAGCATATCGAAGTAG,576231,GTGCAATAGGTGCTGA
6909,TAGCATATCGATTTGA,576246,GTGCAATAGGTGGCTA
6910,TAGCATATCGCGACAC,576257,GTGCAATAGCAGGTTG
6911,TAGCATATCGTTAACA,576297,GTGCAATAGAAACCGT
6912,TAGCATATCTCACAAA,576335,GTGCAATAGGCATGGC
6913,TAGCCGGGTAATCACG,576411,TACCGCCCAACGTGGT
6914,TAGCCGGGTACAATGT,576421,TACCGCCCACTCAATC
6915,TAGCCGGGTATACTGG,576459,TACCGCCCACAGCAAC
6916,TAGCCTCTCCCGTTTA,576920,CAGGTATAGCAAGGAA
6917,TAGCCTCTCCGTCCAT,576949,CAGGTATAGGCAACAT
6918,TAGCCTGAGCCACAAT,577239,CAGCTACTCGATCCGT
6919,TAGCCTGAGCCGGTAC,577248,CAGCTACTCCTACTAG
6920,TAGCCTGAGCTTATGA,577309,CAGCTACTCACTAATC
6921,TAGCCTGAGGATCACT,577347,CAGCTACTCATTATGC
6922,TAGCCTGAGTATCGCG,577460,CAGCTACTCGCCCGTA
6923,TAGCCTTGTAGCTGCG,577596,TCCTCCTCAGGTTTGA
6924,TAGCCTTGTCCTTCAG,577676,TCCTCCTCATAAGTCG
6925,TAGCCTTGTTAGTGAT,577825,TCCTCCTCACTAGCGG
6926,TAGCCTTGTTGAAGCC,577854,TCCTCCTCACACAAGC
6927,TAGCCTTGTTGTCATC,577881,TCCTCCTCAGCACTAA
6928,TAGCCTTGTTGTCCAT,577882,TCCTCCTCATGGAGGA
6929,TAGCGCGGTTACTTCA,578190,ACGGATCCATAAACCG
6930,TAGCGGACACGTTACA,578473,CATAACCGTTACAGCT
6931,TAGCGGACAGTTATCG,578582,CATAACCGTTTATTCC
6932,TAGCGGACATCCTGAA,578628,CATAACCGTCAGTGAA
6933,TAGCGGACATGAATAG,578636,CATAACCGTTATCCGG
6934,TAGCGGCTCGAAGTAG,578913,CGAAGTTAGGTGCTGA
6935,TAGCGGCTCGCTTCTA,578950,CGAAGTTAGGATTGGT
6936,TAGCGGCTCTAACTGA,578994,CGAAGTTAGCGTATTT
6937,TAGCTAATCAAGCTTA,579085,ACGCATGAGCAGCCAA
6938,TAGCTAATCACGAATC,579112,ACGCATGAGGATTATG
6939,TAGCTAATCATAACTG,579145,ACGCATGAGCAGGTAT
6940,TAGCTAATCATCCACC,579152,ACGCATGAGGTTCCGT
6941,TAGCTAATCGTTACAA,579365,ACGCATGAGTGCAACG
6942,TAGCTAGGTCATGCCC,579571,TCACTGTCATTCCTGG
6943,TAGCTAGGTCATTACC,579572,TCACTGTCAGTTGGCG
6944,TAGCTAGGTCCTTCTC,579593,TCACTGTCAATTAGCG
6945,TAGCTTAAGAATCTCA,579848,CATCCTTTCTTAGGTT
6946,TAGCTTAAGCAAACCT,579887,CATCCTTTCGGTTCAC
6947,TAGCTTAAGCAAGGAC,579892,CATCCTTTCGCGAAAT
6948,TAGCTTAAGCACGATT,579900,CATCCTTTCTAACTCG
6949,TAGCTTAAGTATTGCA,580144,CATCCTTTCCAGCTCG
6950,TAGCTTAAGTCAGGCC,580154,CATCCTTTCAAGGTCG
6951,TAGCTTGCAAATTCGT,580244,CTAGCCAGTACTTATG
6952,TAGCTTGCACGGTACT,580386,CTAGCCAGTGCAACGG
6953,TAGCTTGCAGGCTACT,580472,CTAGCCAGTTTGTAGC
6954,TAGCTTGCAGTAAGTA,580487,CTAGCCAGTGAACCGG
6955,TAGGAACCAAGGTACG,580666,ATTGTCAGTCTAGCGC
6956,TAGGAACCACCCACCT,580749,ATTGTCAGTCCAGCAC
6957,TAGGAACCACTTAACG,580789,ATTGTCAGTAAGTCCT
6958,TAGGAACCAGTTTGTG,580890,ATTGTCAGTGTTACTA
6959,TAGGAACCATAGCGAG,580909,ATTGTCAGTCTAACCG
6960,TAGGAGGGTATACTGG,581059,TTCATTGCACAGCAAC
6961,TAGGAGTCAAGGTCGA,581435,AGTGCAAGTTGTGGTT
6962,TAGGAGTCACCCTCAC,581516,AGTGCAAGTAAGTGGC
6963,TAGGAGTCAGCTAACC,581594,AGTGCAAGTATGGTCT
6964,TAGGAGTCAGGACCAA,581608,AGTGCAAGTATTCGGT
6965,TAGGCTAGTCCGGTTC,581882,ACCTAAGCAAGTAAAG
6966,TAGGCTAGTGGTTAGC,581975,ACCTAAGCAACCGTTT
6967,TAGGCTAGTTTAGTCC,582113,ACCTAAGCAATACCGA
6968,TAGGCTGTCAGTATTG,582206,CAACCTCAGCGATATA
6969,TAGGCTGTCCCGTTAC,582284,CAACCTCAGCTAAATG
6970,TAGGCTGTCTACCTGC,582455,CAACCTCAGCATCTAT
6971,TAGGCTTAGCGAGCGA,582627,AATCACTTCGATATAG
6972,TAGGCTTAGCTGTCAG,582670,AATCACTTCGCGAGTA
6973,TAGGCTTAGGCACAGG,582722,AATCACTTCGCTCAAC
6974,TAGGCTTAGGCTAATC,582745,AATCACTTCCGTCCAG
6975,TAGGGTTTCCTAATGA,583093,ATCATGAAGATATTGG
6976,TAGGGTTTCGCATTAA,583154,ATCATGAAGCTAGTTT
6977,TAGGTGCGTGGGTGAA,583507,CTAAGTGCAAGTATCG
6978,TAGGTGCGTGTGAGAG,583519,CTAAGTGCACCTCAAT
6979,TAGGTGCGTTACAACG,583551,CTAAGTGCAGATAATC
6980,TAGGTGCGTTGAAGCC,583604,CTAAGTGCACACAAGC
6981,TAGGTGCGTTGAGCCG,583607,CTAAGTGCAGCAAATT
6982,TAGGTGCGTTGTGATG,583634,CTAAGTGCAAGTCCTT
6983,TAGGTGCGTTGTTGCT,583636,CTAAGTGCATGACATG
6984,TAGGTTATCAAGCGCC,583683,CATAGGTAGCCTGTCG
6985,TAGGTTATCGACAAAG,583899,CATAGGTAGAAAGGCA
6986,TAGGTTATCGGCCATA,583937,CATAGGTAGGCTCACT
6987,TAGGTTATCTCACACC,584002,CATAGGTAGCGGTTCT
6988,TAGGTTATCTTCAATC,584038,CATAGGTAGAAGCTAC
6989,TAGGTTGGTAATCGCA,584079,CGTGTTTCAACGGGAA
6990,TAGGTTGGTGCTCACC,584253,CGTGTTTCAAATAGCT
6991,TAGGTTGGTGGATGTC,584266,CGTGTTTCAGCTAGAC
6992,TAGGTTGGTGTTTGTC,584301,CGTGTTTCACAAACGC
6993,TAGGTTGGTTAACAGT,584304,CGTGTTTCACGGATTA
6994,TAGGTTGGTTAGGACC,584334,CGTGTTTCACGCTAGG
6995,TAGGTTGGTTGCTTCG,584385,CGTGTTTCAGAGAGCA
6996,TAGTAACGTATTGCAG,584515,GCCACCTCAAGGAAGT
6997,TAGTAACGTGTGTCCC,584671,GCCACCTCACTATGGA
6998,TAGTAACGTGTTGTAG,584678,GCCACCTCACTATACC
6999,TAGTAACGTGTTTCAC,584680,GCCACCTCAAGGATTT
7000,TAGTAACGTTGCAATG,584757,GCCACCTCAACCGTAA
7001,TAGTAAGCAAACTCAT,584829,TGACCTGGTCAGTGCC
7002,TAGTAAGCAATATAGG,584902,TGACCTGGTTACGTAC
7003,TAGTAAGCACACAATT,584939,TGACCTGGTCGGTTTG
7004,TAGTAAGCACAGAACG,584943,TGACCTGGTATTCAGC
7005,TAGTAAGCAGATAGAC,585018,TGACCTGGTTAAAGGT
7006,TAGTAAGCAGCTTACA,585048,TGACCTGGTTAGGTTC
7007,TAGTAAGCATGCATAT,585159,TGACCTGGTAATGGTG
7008,TAGTACGGTATTCGCT,585278,CCATTGTCAGGATGGA
7009,TAGTACGGTCACGAAC,585304,CCATTGTCATGAGGAG
7010,TAGTACGGTGATTTGG,585386,CCATTGTCACTAAGGC
7011,TAGTACGGTGCGCGTA,585398,CCATTGTCAAGTGCCG
7012,TAGTACGGTGTGCAAC,585435,CCATTGTCACGTAGCG
7013,TAGTACGGTTAGCATG,585478,CCATTGTCATGCATTC
7014,TAGTACGGTTGGTGAC,585539,CCATTGTCATCAAGCA
7015,TAGTACGGTTGTCATC,585545,CCATTGTCAGCACTAA
7016,TAGTAGGAGAACCTAC,585591,TGCTCAATCATTAACC
7017,TAGTAGGAGCCATCAG,585673,TGCTCAATCGAGCAAT
7018,TAGTAGGAGGTCGAGG,585851,TGCTCAATCAGCCTGT
7019,TAGTCAATCATGCTCC,586063,TTATCACAGCTCCCTC
7020,TAGTCAATCTAACCAA,586274,TTATCACAGGCTTAGG
7021,TAGTGAGAGGAACACA,586514,GTGGCTTTCAGCAATA
7022,TAGTGAGAGGATTGCT,586549,GTGGCTTTCAGGTAAC
7023,TAGTGAGAGGCCTTAG,586566,GTGGCTTTCCATCATG
7024,TAGTGAGAGTCACTAA,586668,GTGGCTTTCGATTATC
7025,TAGTGGCGTCGCAAAC,586880,ACACCGGCAGGATAAA
7026,TAGTGGCGTGTAACCA,586961,ACACCGGCATAGCATG
7027,TAGTGGCGTTGCACAA,587058,ACACCGGCAGGTGGAA
7028,TAGTGGCGTTGGTTCT,587075,ACACCGGCACAAGGCT
7029,TAGTGTGGTCAAGTAT,587209,GGGAAGCCATGACAGC
7030,TAGTGTGGTTAACACG,587367,GGGAAGCCACATTGTC
7031,TAGTGTGGTTGCCTCA,587444,GGGAAGCCAGGTTACA
7032,TAGTTGTCAACAGGTG,587531,GGACAACGTGTAACAG
7033,TAGTTGTCAGGTTAAA,587761,GGACAACGTTAACACC
7034,TAGTTGTCATAATGTC,587798,GGACAACGTGCAAGTA
7035,TAGTTTGAGCAATAGG,587943,AAAGTCATCACTAAGA
7036,TAGTTTGAGCCACATG,587970,AAAGTCATCTTGTTGG
7037,TAGTTTGAGTGAGAGC,588223,AAAGTCATCCGGGTAA
7038,TAGTTTGAGTTAACCA,588236,AAAGTCATCGCTATAT
7039,TATAACCCAAAGCTCC,588286,TAATTCGGTCATGATC
7040,TATAACCCAACCCTCC,588302,TAATTCGGTTCCATTT
7041,TATAACCCACCTCACC,588423,TAATTCGGTATTGTCA
7042,TATAACCCAGATAGAC,588468,TAATTCGGTTAAAGGT
7043,TATAACCCATGAATAG,588602,TAATTCGGTTATCCGG
7044,TATAGCCAGCTGGCTA,588799,TGCAGGATCTGGAAAC
7045,TATAGCCAGGAAACTG,588813,TGCAGGATCGTTTCTC
7046,TATAGCCAGTGGACAA,588999,TGCAGGATCATTAGCT
7047,TATAGCCAGTTTCCTG,589033,TGCAGGATCACGGATG
7048,TATAGCTCAAAGCGGC,589052,CATTGCGGTGGATTAG
7049,TATAGCTCAATGAGGT,589130,CATTGCGGTCGCAATT
7050,TATAGCTCACAAGCCT,589152,CATTGCGGTTCATTGA
7051,TATAGCTCAGAAATTG,589229,CATTGCGGTTTAGCGT
7052,TATAGCTCATGTTGGC,589390,CATTGCGGTGCTTCCT
7053,TATAGCTCATTTGCTC,589422,CATTGCGGTGCGGTAG
7054,TATAGGTGTTAGGCGT,589702,GATTGCACATACTGAG
7055,TATAGGTGTTGTGATG,589766,GATTGCACAAGTCCTT
7056,TATAGGTGTTTGCGCC,589795,GATTGCACATTACAGG
7057,TATATCCTCAGCATTA,589861,AAGTAGGAGCGAAGTT
7058,TATATCCTCAGTGAAG,589873,AAGTAGGAGCCAATCC
7059,TATATCCTCATAGCCG,589881,AAGTAGGAGGAGCAAA
7060,TATATCCTCATCCACC,589884,AAGTAGGAGGTTCCGT
7061,TATATCCTCCACCTGT,589931,AAGTAGGAGGTAAGTC
7062,TATCACAAGCTTGCTC,590344,GTCATCATCCTAATCG
7063,TATCACAAGGACCTTG,590364,GTCATCATCCACTAAT
7064,TATCACAAGGAGCATA,590370,GTCATCATCCGTAAGG
7065,TATCACAAGGGCTAAA,590430,GTCATCATCGCTAGAG
7066,TATCACGCAATTAGGA,590671,GAGGAAGGTGGTTAAG
7067,TATCACGCACAACAGG,590684,GAGGAAGGTATTGCGT
7068,TATCACGCACCTACGG,590722,GAGGAAGGTGGCTTAT
7069,TATCACGCACGTTACA,590741,GAGGAAGGTTACAGCT
7070,TATCACGCAGCAAGAT,590775,GAGGAAGGTTTACTGA
7071,TATCACGCAGCTTAAT,590799,GAGGAAGGTGGTGAAC
7072,TATCACGCATAAGTCT,590862,GAGGAAGGTCATGCCA
7073,TATCCAGCAACACCTA,590981,GACTTCGGTTTCCTCA
7074,TATCCAGCAAGGTGCA,591020,GACTTCGGTGCGTAAA
7075,TATCCAGCAATTAGCT,591054,GACTTCGGTCCAAATC
7076,TATCCAGCAGGCCATT,591201,GACTTCGGTGCATTTA
7077,TATCCAGCAGTTAGCC,591233,GACTTCGGTCCCTCTG
7078,TATCCAGCATAGCAGG,591258,GACTTCGGTAGTCATC
7079,TATCCGGAGATTGAGG,591388,CACTATGTCAAGCCAG
7080,TATCCGGAGGCGGGTA,591560,CACTATGTCAATACAG
7081,TATCCGGAGGCTGGCT,591569,CACTATGTCTCACAGC
7082,TATCCGGAGGTTACGT,591616,CACTATGTCTAATCCG
7083,TATCGAGGTATGGTGC,591795,AACGATTCAGTATTGG
7084,TATCGAGGTCATGAGC,591837,AACGATTCAAGGCCTG
7085,TATCGAGGTCCTTCTC,591861,AACGATTCAATTAGCG
7086,TATCGCACAAACCTTG,592111,GCTAAAGGTCCTCCAT
7087,TATCGCACACCCACCT,592249,GCTAAAGGTCCAGCAC
7088,TATCGCACAGCTTAGC,592335,GCTAAAGGTCTATCTT
7089,TATCGCACATTGCAGC,592477,GCTAAAGGTTGGTTTA
7090,TATCGCGAGCGCATTG,592602,CAGCTTATCAAACCGG
7091,TATCGCGAGCTCCCTG,592627,CAGCTTATCACGAATA
7092,TATCGCGAGGCTGGCT,592719,CAGCTTATCTCACAGC
7093,TATCGCGAGGGCTTTG,592734,CAGCTTATCAATAGCA
7094,TATCGCGAGTAACCCG,592776,CAGCTTATCCGTAATT
7095,TATCGCGAGTAGGCGG,592793,CAGCTTATCCCGCTGA
7096,TATCGCGAGTCAGGCC,592806,CAGCTTATCAAGGTCG
7097,TATGAAGCAACTAACT,592911,TCTTACTGTTCCCGTT
7098,TATGAAGCACCCACAG,593016,TCTTACTGTCGCAACC
7099,TATGAAGCACTAAGAA,593045,TCTTACTGTGTCACGC
7100,TATGACATCACGCCAA,593300,GTTACAAAGACAAACC
7101,TATGACATCAGCATTA,593315,GTTACAAAGCGAAGTT
7102,TATGACATCATTAGCA,593363,GTTACAAAGCTATATC
7103,TATGACATCGGCTAGC,593524,GTTACAAAGTCCTGCG
7104,TATGACATCGGTTAGT,593536,GTTACAAAGTCATGAA
7105,TATGACATCTAGCGAT,593577,GTTACAAAGGCAGGTC
7106,TATGACATCTTGACCC,593625,GTTACAAAGGAGCAGG
7107,TATGACTCAACTAGCC,593681,GTCAAAGGTTGTTGTA
7108,TATGACTCAAGGGTTG,593700,GTCAAAGGTCCTCCTG
7109,TATGACTCAGTGAACG,593917,GTCAAAGGTATGTTGC
7110,TATGACTCATTGTTGG,594024,GTCAAAGGTCACCAAT
7111,TATGCATCAATACTGT,594103,ATTTACGGTTGTAACC
7112,TATGCATCACAATGCC,594142,ATTTACGGTCCAATTA
7113,TATGCATCACTAAATC,594196,ATTTACGGTTTACCAA
7114,TATGCATCACTGGCCA,594207,ATTTACGGTCCTGAGC
7115,TATGCATCACTGGCTG,594208,ATTTACGGTAGGATCA
7116,TATGCATCAGCCGCTA,594243,ATTTACGGTGTCCGTA
7117,TATGCATCAGGCAAGC,594267,ATTTACGGTAAACCCT
7118,TATGCATCATGTGGGA,594376,ATTTACGGTGCTTCTC
7119,TATGCATCATTTGCTC,594410,ATTTACGGTGCGGTAG
7120,TATGGATGTCCCGGAA,594534,ATGGATTCAAATGAAG
7121,TATGGATGTGTCACGG,594635,ATGGATTCATAGCTAG
7122,TATGGATGTTAGGCGT,594690,ATGGATTCATACTGAG
7123,TATGGATGTTCATCTA,594708,ATGGATTCAGGTAAGG
7124,TATGGCCCAAGGTAAC,594851,AAAGGAAGTTAGCTAC
7125,TATGGCCCAATCCCTT,594877,AAAGGAAGTAACGTGA
7126,TATGGCCCAATTGCGC,594896,AAAGGAAGTACTAACC
7127,TATGGCCCACAGGAAT,594919,AAAGGAAGTTGTCAGT
7128,TATGGCCCATGTTGGC,595144,AAAGGAAGTGCTTCCT
7129,TATGGCCCATTGCGGT,595165,AAAGGAAGTCATTGAC
7130,TATGGGCGTAGTTGGC,595244,ACGTCAACAAGGGCTT
7131,TATGGGCGTGGATGTC,595386,ACGTCAACAGCTAGAC
7132,TATGGGCGTGTTGCTT,595415,ACGTCAACATACTTGC
7133,TATGGGCGTTACATCC,595438,ACGTCAACAACAACAT
7134,TATGGTCAGCTAATCA,595684,CACTCAATCGCGCTCA
7135,TATGGTCAGGCATTGT,595763,CACTCAATCCTTCGGG
7136,TATGGTCAGGCCTTAG,595770,CACTCAATCCATCATG
7137,TATGGTCAGTATTGCA,595864,CACTCAATCCAGCTCG
7138,TATGTGATCAGCATTA,595999,ATGCGATAGCGAAGTT
7139,TATGTGATCCAGGTCA,596074,ATGCGATAGAGCTGGC
7140,TATGTGATCCTGATTT,596148,ATGCGATAGCACAGCA
7141,TATGTGATCCTTAGGG,596156,ATGCGATAGCATCCTA
7142,TATTACCTCCATAATG,596461,ACGGACCAGGGTTGGC
7143,TATTAGCCAATTATGC,596810,ATGTTTGGTTGTCATA
7144,TATTAGCCACGGTACT,596874,ATGTTTGGTGCAACGG
7145,TATTAGCCAGCAAGTG,596915,ATGTTTGGTCTAATCA
7146,TATTAGCCAGGGAGCT,596965,ATGTTTGGTGAGCATA
7147,TATTAGCCAGTAGCCT,596978,ATGTTTGGTTGCTCAG
7148,TATTAGGTCACAGCCA,597125,TGCTGGAAGTAACACA
7149,TATTAGGTCCTCATCA,597291,TGCTGGAAGGATCCAG
7150,TATTAGGTCCTCCCTC,597294,TGCTGGAAGTGATTCT
7151,TATTAGGTCGATTTGA,597334,TGCTGGAAGGTGGCTA
7152,TATTAGGTCTGTTGCC,597450,TGCTGGAAGAGGAACA
7153,TATTCGTTCAGCAAAG,597531,TGGTTAAAGTAATGCA
7154,TATTCGTTCGCCTGTT,597728,TGGTTAAAGCCTTCAA
7155,TATTGACCAAGGAATC,597916,TACCTTTGTCAACCGC
7156,TATTGACCAAGTGTTT,597932,TACCTTTGTGATGCAA
7157,TATTGACCACGAATTT,598024,TACCTTTGTACCGTGC
7158,TATTGACCACGTAAGG,598028,TACCTTTGTCCGGTTA
7159,TATTGACCACTGGCCA,598043,TACCTTTGTCCTGAGC
7160,TATTGACCAGAGAGCC,598057,TACCTTTGTAGCTGTT
7161,TATTGACCAGCAACCT,598064,TACCTTTGTTCTGGCA
7162,TATTGACCATAATTGC,598159,TACCTTTGTTCTTAAG
7163,TATTGACCATCAGCAC,598176,TACCTTTGTTGTGCGC
7164,TATTGACCATCGCTCC,598187,TACCTTTGTTTGAGCT
7165,TATTTGCTCACAGGAA,598279,GGGATCCAGCATTATC
7166,TATTTGCTCACGAATC,598286,GGGATCCAGGATTATG
7167,TATTTGCTCACGCATG,598287,GGGATCCAGTTACCCA
7168,TATTTGCTCATCCTGC,598329,GGGATCCAGTTATGAG
7169,TATTTGCTCCACCTGT,598373,GGGATCCAGGTAAGTC
7170,TATTTGCTCCGGTTGA,598421,GGGATCCAGTGGCCAA
7171,TATTTGCTCCTCCTAA,598447,GGGATCCAGAAGGGTA
7172,TATTTGCTCCTGAGTG,598450,GGGATCCAGGGTTATA
7173,TATTTGCTCGTACCGA,598530,GGGATCCAGCTTAGAA
7174,TATTTGGAGCCTCTGT,598726,GGAGGCTTCGCGTTAC
7175,TATTTGGAGCGATACT,598739,GGAGGCTTCAGCTATT
7176,TATTTGGAGTGACCTG,598966,GGAGGCTTCTAGGCGA
7177,TATTTGGAGTGTGATC,598977,GGAGGCTTCGCTTTAG
7178,TATTTGGAGTTTGGTA,599013,GGAGGCTTCGCTTCGG
7179,TCAAACCAGACAACAG,599028,TCCCAAATCAACAACA
7180,TCAAACCAGCCTGGTA,599114,TCCCAAATCGAAGTTA
7181,TCAAACCAGTAGGATG,599316,TCCCAAATCTAGTTAC
7182,TCAAACCAGTGTGATC,599361,TCCCAAATCGCTTTAG
7183,TCAACAATCCAATTAG,599522,GGCTATGAGCTTAAAG
7184,TCAACAATCCTAAGTA,599583,GGCTATGAGTTTCTGG
7185,TCAACAATCCTCAGCT,599593,GGCTATGAGTAAAGCC
7186,TCAACAATCCTTTACG,599621,GGCTATGAGCGCAAAT
7187,TCAACAATCTCCTCAA,599735,GGCTATGAGCGCTAAG
7188,TCAACAATCTTAGGAC,599760,GGCTATGAGCGCTACT
7189,TCAACAATCTTTAGGA,599779,GGCTATGAGGTGTTAA
7190,TCAAGAACAACAGGTG,599811,TTAGGAGGTGTAACAG
7191,TCAAGAACAATCCTAG,599868,TTAGGAGGTGTGCGGA
7192,TCAAGAACAGCAACCT,599984,TTAGGAGGTTCTGGCA
7193,TCAAGACTCATTAGGC,600272,GGTCACAAGCTTGCTA
7194,TCAAGACTCTACCTGC,600483,GGTCACAAGCATCTAT
7195,TCAAGACTCTAGCTAA,600487,GGTCACAAGGAGGGTG
7196,TCAAGCTAGAGCCGCT,600582,TATATGCTCCGCTAGT
7197,TCAAGCTAGAGGAGGA,600585,TATATGCTCTAGCCAC
7198,TCAAGCTAGCATCCAG,600622,TATATGCTCATCAGTT
7199,TCAAGCTAGCCTCTCG,600645,TATATGCTCCTGCCAG
7200,TCAAGCTAGCGCCTAA,600663,TATATGCTCTTGGACC
7201,TCAAGCTAGGCTAATC,600773,TATATGCTCCGTCCAG
7202,TCAAGCTAGGTTACGT,600826,TATATGCTCTAATCCG
7203,TCAAGCTAGTGAGCGG,600889,TATATGCTCATCACAT
7204,TCAAGGAAGACTATTG,600957,TGCGGAATCCACCTGG
7205,TCAAGGAAGGCAGGTG,601135,TGCGGAATCGGGATGC
7206,TCAAGGAAGGGTCCAC,601179,TGCGGAATCATAGCTT
7207,TCAAGGAAGTGTTGCG,601282,TGCGGAATCGCTAATT
7208,TCAAGGTTCACTAGGT,601365,TACCCGTAGGCCAACA
7209,TCAAGGTTCAGGGCCT,601383,TACCCGTAGCCGATAG
7210,TCAAGGTTCTCCATAT,601653,TACCCGTAGCAATTGA
7211,TCAAGTATCACGCGGT,601745,ACCTTTGAGAGGCTAT
7212,TCAAGTATCCACCCTG,601828,ACCTTTGAGCTCATGC
7213,TCAAGTATCCCGCAAA,601845,ACCTTTGAGATTCAAG
7214,TCAAGTATCCTAGTTT,601894,ACCTTTGAGGTCCGTT
7215,TCAAGTATCTGTGCAG,602055,ACCTTTGAGCGGTTAG
7216,TCAAGTATCTTGTTCG,602081,ACCTTTGAGCTGCTAC
7217,TCAATCGCAACAGGTG,602115,TTAGCCGGTGTAACAG
7218,TCAATCGCAATCCTGA,602173,TTAGCCGGTAGACAAT
7219,TCAATCGCACCAGCAT,602225,TTAGCCGGTTCGGTAT
7220,TCAATCGCACCCTCAC,602230,TTAGCCGGTAAGTGGC
7221,TCAATCGCACGTTACA,602255,TTAGCCGGTTACAGCT
7222,TCACATAAGCAAGACA,602522,GCATCACTCGCATTAT
7223,TCACATAAGCACGTTG,602533,GCATCACTCGGCTATC
7224,TCACATAAGGCCTGGT,602681,GCATCACTCCTTGCAA
7225,TCACATAAGGCTAGAA,602696,GCATCACTCACAGCCT
7226,TCACATAAGTCAGTAC,602787,GCATCACTCTGCAACC
7227,TCACCGGCAATGCCCG,602947,CATGCCAGTTGAGTCT
7228,TCACCTCAGCAGGTTT,603309,ACTGGCTTCGCCTAAC
7229,TCACCTCAGCCTGAGC,603336,ACTGGCTTCCTTCATC
7230,TCACCTCAGCTGGAAA,603381,ACTGGCTTCCTAAGAA
7231,TCACCTCAGGATTGAG,603432,ACTGGCTTCAGGTTCC
7232,TCACCTCAGGTTTACA,603517,ACTGGCTTCTTCAAGT
7233,TCACCTGGTCCACAAA,603744,GATTCAGCATGATCGA
7234,TCACCTGGTGTCCTGC,603850,GATTCAGCATAGGTGC
7235,TCACCTGGTTCCATTA,603923,GATTCAGCAATTGCTC
7236,TCACGGATCCGCTAGA,604173,TAGGATCAGCTCATTG
7237,TCACGGATCTCAATTC,604332,TAGGATCAGCTTAGGG
7238,TCACGGATCTTGCAGG,604376,TAGGATCAGCTTCCTT
7239,TCACTGACAACAGGTG,604417,ACTAACCGTGTAACAG
7240,TCACTGACAAGATTCT,604433,ACTAACCGTTATGGAG
7241,TCACTGACAAGCGATG,604437,ACTAACCGTCTATGAC
7242,TCACTGACAATTAACC,604484,ACTAACCGTATCGGCC
7243,TCACTGACAATTAGCT,604486,ACTAACCGTCCAAATC
7244,TCACTGACAGTAGCCT,604656,ACTAACCGTTGCTCAG
7245,TCACTGACATTGCGAC,604760,ACTAACCGTAGCAGGT
7246,TCAGCAAGTCTCACTG,604926,ACATAACCAAGGGAGC
7247,TCAGCAAGTGGAGCAA,604981,ACATAACCAGCCTAAA
7248,TCAGCAAGTGTTGTAG,605012,ACATAACCACTATACC
7249,TCAGCAAGTTGAGGTC,605090,ACATAACCAAACTAAC
7250,TCAGCAAGTTTGCTGT,605146,ACATAACCATTGTGGA
7251,TCAGCCTTCAGGATGA,605216,GGAGGATAGGGCTTTC
7252,TCAGCCTTCCGTGACA,605332,GGAGGATAGATTGCCC
7253,TCAGCCTTCTTTGAGA,605537,GGAGGATAGACATAGC
7254,TCAGCGATCACGCATG,605579,GCGGGTTAGTTACCCA
7255,TCAGCGATCATTGACA,605648,GCGGGTTAGTTGCAGG
7256,TCAGCGATCCCGCATT,605682,GCGGGTTAGTTAGGCG
7257,TCAGCGATCGCGACAC,605789,GCGGGTTAGCAGGTTG
7258,TCAGCGATCTCATCAT,605872,GCGGGTTAGTCAATTC
7259,TCAGCGATCTGTTCAT,605893,GCGGGTTAGTTAGTAG
7260,TCAGGAGCAAAGGTAC,605940,TTTAGGCGTAGCTAAG
7261,TCAGGAGCAACAACAA,605946,TTTAGGCGTTCAATTG
7262,TCAGGAGCACCAAAGG,606058,TTTAGGCGTTTCCAAA
7263,TCAGGAGCACGAATCC,606083,TTTAGGCGTAACCTTA
7264,TCAGGAGCACTAAATC,606092,TTTAGGCGTTTACCAA
7265,TCAGGAGCACTGACTA,606102,TTTAGGCGTTAAACGG
7266,TCAGGAGCATAGCTTG,606228,TTTAGGCGTGTGATGA
7267,TCAGGAGCATCCAGGT,606240,TTTAGGCGTGCCTTTC
7268,TCAGGTCCACCACAAC,606444,GGAAATTGTGTTCCTC
7269,TCAGGTCCAGCCAGAA,606521,GGAAATTGTGGTTCTG
7270,TCAGGTCCAGGCAAGC,606547,GGAAATTGTAAACCCT
7271,TCAGGTCCATGAATAG,606638,GGAAATTGTTATCCGG
7272,TCAGGTTAGGACTTAC,606869,CCAAGCTTCGCCTGTG
7273,TCAGGTTAGGGCCATC,606931,CCAAGCTTCACCCTCC
7274,TCAGTAATCCAAATCA,607193,CGAGAGGAGCTTGCCG
7275,TCAGTAATCCGGGACT,607246,CGAGAGGAGAATCTAG
7276,TCAGTAATCCTGCGAA,607281,CGAGAGGAGCGGGACT
7277,TCAGTAATCGCAGGCT,607320,CGAGAGGAGGTCATTT
7278,TCAGTAATCTACCTGC,607391,CGAGAGGAGCATCTAT
7279,TCAGTAATCTTAGTCT,607438,CGAGAGGAGATTGAGC
7280,TCAGTAGGTATCTGGA,607528,CGAGCTGCACCGTTGC
7281,TCAGTAGGTGAATCGC,607622,CGAGCTGCAAATACCG
7282,TCAGTAGGTGATTACG,607639,CGAGCTGCAACCGCCT
7283,TCAGTAGGTTTAACCC,607808,CGAGCTGCATTAGCGA
7284,TCAGTAGGTTTCAGGA,607820,CGAGCTGCATAACCGA
7285,TCAGTAGGTTTCCTCC,607823,CGAGCTGCATCCTGCA
7286,TCAGTGAGTACCGTTT,607877,CGAATATCAAATACGT
7287,TCATAACCAACTAGGG,608262,GATGGACGTTAGTTGC
7288,TCATAACCAATGAAGC,608312,GATGGACGTATAGCGA
7289,TCATAACCATGCATAT,608561,GATGGACGTAATGGTG
7290,TCATAACCATTGTGCA,608601,GATGGACGTTAGCCAT
7291,TCATACTTCATAGACC,608682,TTGTTGTAGTCCTTGA
7292,TCATACTTCCTTAAGA,608818,TTGTTGTAGCCAAACG
7293,TCATACTTCGCACAAT,608850,TTGTTGTAGGCTAGCA
7294,TCATACTTCTCACTCA,608939,TTGTTGTAGCCTTTCT
7295,TCATACTTCTCATCAT,608940,TTGTTGTAGTCAATTC
7296,TCATACTTCTGGCTTC,608954,TTGTTGTAGTCAGGAT
7297,TCATACTTCTTGCTAT,608980,TTGTTGTAGCCATCAC
7298,TCATCCATCAGCAAAG,609043,GCCTGTTAGTAATGCA
7299,TCATCCATCATGACCG,609076,GCCTGTTAGTCAAGAC
7300,TCATCCATCGAGCAAA,609219,GCCTGTTAGATTAGCA
7301,TCATGAGGTACAAAGA,609404,CGGGTCACAGTTCCCA
7302,TCATGAGGTTATAGCG,609661,CGGGTCACATTCAGGA
7303,TCATGAGGTTTAGCTC,609730,CGGGTCACAGCAAGCT
7304,TCATGCCTCAAACACC,609757,TTCCTGAAGTCCTCAA
7305,TCATGCCTCAGTGAAG,609825,TTCCTGAAGCCAATCC
7306,TCATGCCTCATTATGG,609864,TTCCTGAAGTCCTTAG
7307,TCATGCCTCCACCTGT,609883,TTCCTGAAGGTAAGTC
7308,TCATGCCTCCGCAAGC,609919,TTCCTGAAGATTCCGC
7309,TCATGCCTCCTTGCAC,609976,TTCCTGAAGAGCAATC
7310,TCATGCCTCTCGCCTG,610097,TTCCTGAAGCTTTAAC
7311,TCATGTTTCCGGCTAA,610311,ACTCCTAAGATAGCTA
7312,TCATGTTTCGATTATG,610377,ACTCCTAAGGAACAAG
7313,TCATGTTTCGTAATCA,610423,ACTCCTAAGGTTGCGA
7314,TCATGTTTCGTACCGA,610424,ACTCCTAAGCTTAGAA
7315,TCATTACTCATGGCCA,610619,GGCCAGTAGGTATGGT
7316,TCATTACTCCAAACAC,610642,GGCCAGTAGATATTCC
7317,TCATTACTCCGCCAAA,610690,GGCCAGTAGCCTGGTT
7318,TCATTGCGTGGTTCTT,611130,ATAAGGACAGAAACCC
7319,TCATTGCGTTTCCTCC,611273,ATAAGGACATCCTGCA
7320,TCATTGCGTTTGGTTC,611287,ATAAGGACACATGCAA
7321,TCATTGTTCACCATTT,611326,TGTTACTAGGCTTGCT
7322,TCATTGTTCATTGTTC,611404,TGTTACTAGGAGGTAA
7323,TCATTTGGTGAGGTGA,611848,CCGCAAGCAAGCTCAA
7324,TCCACAACAAATTCGT,612078,AGAGGAGGTACTTATG
7325,TCCACAACACAAAGAC,612164,AGAGGAGGTGACGTAA
7326,TCCACAACACACTAAT,612177,AGAGGAGGTTCACCTC
7327,TCCACAACAGATTCAT,612255,AGAGGAGGTTATTTGG
7328,TCCAGCAAGAGGCTAA,612478,AAGGGCCTCTGTTGCA
7329,TCCAGCAAGCATTAGC,612519,AAGGGCCTCGTGATAA
7330,TCCAGCAAGCTACTGG,612568,AAGGGCCTCGTGATGG
7331,TCCAGCAAGGAACGGT,612604,AAGGGCCTCGTTAACT
7332,TCCAGCAAGGCACAGG,612640,AAGGGCCTCGCTCAAC
7333,TCCAGCAAGGCTAGAA,612666,AAGGGCCTCACAGCCT
7334,TCCAGCAAGGTCCAAT,612700,AAGGGCCTCCACAATT
7335,TCCAGCAAGTAGGATG,612742,AAGGGCCTCTAGTTAC
7336,TCCAGCAAGTCATTTC,612762,AAGGGCCTCAAGCTCC
7337,TCCAGGATCAAAGGCA,612829,TTGCTCAAGGAGCCGT
7338,TCCAGGATCCCTGTTA,612983,TTGCTCAAGCCAGTAG
7339,TCCAGGATCGTGCCTT,613112,TTGCTCAAGGACACGC
7340,TCCAGGATCTATTGTC,613149,TTGCTCAAGCAACCCT
7341,TCCAGGATCTGTTGCC,613180,TTGCTCAAGAGGAACA
7342,TCCAGGTCAGACAAAC,613402,GGTCGAGGTAGTTGGA
7343,TCCAGGTCAGTTATGT,613487,GGTCGAGGTTTGCAGT
7344,TCCATAAAGCATGTTA,613670,CAATGAATCAAACTTC
7345,TCCATAAAGCGCTCAA,613708,CAATGAATCGCTTGTA
7346,TCCATAAAGCTGTAAC,613738,CAATGAATCTCGACTA
7347,TCCATAAAGCTTGCTC,613748,CAATGAATCCTAATCG
7348,TCCATAAAGGATCCGC,613784,CAATGAATCAGGTCGA
7349,TCCATAAAGGCCTAAT,613802,CAATGAATCCGCCTCT
7350,TCCATAAAGGGCCATC,613833,CAATGAATCACCCTCC
7351,TCCATAAAGGTTTGAC,613872,CAATGAATCGATTAAG
7352,TCCATAAAGTAAACCC,613874,CAATGAATCATAAGCA
7353,TCCATAAAGTACTGGT,613888,CAATGAATCACAGATA
7354,TCCATAAAGTCAATCA,613901,CAATGAATCCACGTTA
7355,TCCATAAAGTCATTAG,613912,CAATGAATCATTAAGG
7356,TCCATAAAGTGAGGTA,613933,CAATGAATCAGGATCG
7357,TCCATATTCAGGGCCT,614041,GGAAGTAAGCCGATAG
7358,TCCATATTCCAAGTGT,614097,GGAAGTAAGTCACACC
7359,TCCATATTCGCTTGCT,614239,GGAAGTAAGAGCCGGT
7360,TCCATCATCACCTGCT,614398,CATATAGAGGCGCGAT
7361,TCCATCATCATGCATA,614449,CATATAGAGCACCTAC
7362,TCCATCATCCCTGTTA,614519,CATATAGAGCCAGTAG
7363,TCCATCATCCTAATTC,614548,CATATAGAGCTTGAAA
7364,TCCATCATCTAATCTC,614673,CATATAGAGCTACCTA
7365,TCCATGCTCAGTGAAG,614813,TACCTTGAGCCAATCC
7366,TCCATGCTCATGAAGG,614829,TACCTTGAGTAAGCGT
7367,TCCATGCTCGGGCCAT,615015,TACCTTGAGCATATTC
7368,TCCATGCTCGTGCTTC,615034,TACCTTGAGTCATAAG
7369,TCCATGCTCTTGTCCA,615121,TACCTTGAGTGCGGTA
7370,TCCATTGTCAACCAAC,615136,ATAGCTAAGTCTTGCA
7371,TCCATTGTCAATCTCT,615149,ATAGCTAAGGCCTAAG
7372,TCCATTGTCACAGGAA,615161,ATAGCTAAGCATTATC
7373,TCCATTGTCCTAATGA,615315,ATAGCTAAGATATTGG
7374,TCCATTGTCGGTACGC,615401,ATAGCTAAGCCATAAA
7375,TCCATTGTCTAGCTAA,615449,ATAGCTAAGGAGGGTG
7376,TCCATTGTCTCCATGC,615464,ATAGCTAAGTTACATC
7377,TCCATTGTCTGCAACG,615472,ATAGCTAAGCCTTGCG
7378,TCCATTGTCTTGTCCA,615505,ATAGCTAAGTGCGGTA
7379,TCCCGGACAATACTGT,615589,AAGTAACGTTGTAACC
7380,TCCCGGACAATTGAAG,615613,AAGTAACGTAGTCCTG
7381,TCCCGGACACCTGCTC,615669,AAGTAACGTACACCGC
7382,TCCCGGACAGGCTTCG,615765,AAGTAACGTAACCGGG
7383,TCCCGGACATCCTGAA,615836,AAGTAACGTCAGTGAA
7384,TCCCGGACATTGCAGC,615883,AAGTAACGTTGGTTTA
7385,TCCCGGACATTGCGGT,615885,AAGTAACGTCATTGAC
7386,TCCCGTTAGACAAACG,615908,GCTTGACTCCCGCAAT
7387,TCCCGTTAGACTTATG,615922,GCTTGACTCGCTTGAC
7388,TCCCGTTAGCAGCTCA,615964,GCTTGACTCTTGCTGA
7389,TCCCGTTAGGCCGGAA,616105,GCTTGACTCCGGCTAT
7390,TCCCGTTAGTAGCCAT,616194,GCTTGACTCCCTCATT
7391,TCCCGTTAGTATTGCA,616202,GCTTGACTCCAGCTCG
7392,TCCCGTTAGTTAGGCT,616253,GCTTGACTCAAACTGA
7393,TCCCTCACAAACCCTA,616283,CGATCATGTAACAGGC
7394,TCCCTCACAGATTCAT,616479,CGATCATGTTATTTGG
7395,TCCCTCACAGTTTGTG,616564,CGATCATGTGTTACTA
7396,TCCCTCACATCCCTCA,616601,CGATCATGTTAAGTCC
7397,TCCCTCACATGAATCT,616613,CGATCATGTTTATGTG
7398,TCCCTCACATTCCTCG,616648,CGATCATGTTGGTGAA
7399,TCCCTGGTCATTACTC,616768,AATAGCCAGGGTTAAC
7400,TCCCTGGTCCACCCTG,616790,AATAGCCAGCTCATGC
7401,TCCCTGGTCCACCTTA,616792,AATAGCCAGCATAGCG
7402,TCCCTGGTCCTGTTCA,616875,AATAGCCAGGTATAGC
7403,TCCGCCATCATTGTTC,617162,AAGCCATAGGAGGTAA
7404,TCCGCCATCCTCGATC,617250,AAGCCATAGAACCTGG
7405,TCCGCCATCGCAACAT,617290,AAGCCATAGATTCGTT
7406,TCCGCCATCGGTCAGC,617323,AAGCCATAGGCAATAC
7407,TCCGGAATCCCTTGCG,617592,GATCATAAGCTTGTTG
7408,TCCGGAATCCTAATAG,617618,GATCATAAGGTCACGA
7409,TCCGGAATCGATTTAG,617671,GATCATAAGACAACGT
7410,TCCGGAATCTATGACA,617756,GATCATAAGTTACGAA
7411,TCCGGAATCTCTAGCC,617774,GATCATAAGATTCCTG
7412,TCCGGTAAGAATCTCA,617826,ACGCCCATCTTAGGTT
7413,TCCGGTAAGAGCAAGC,617847,ACGCCCATCAGGCTAG
7414,TCCGGTAAGCCTCTGT,617912,ACGCCCATCGCGTTAC
7415,TCCGGTAAGCGATAAG,617924,ACGCCCATCGCTTCTT
7416,TCCGGTAAGGCAGGTG,618017,ACGCCCATCGGGATGC
7417,TCCGGTAAGGCCAATT,618022,ACGCCCATCTTAGCTG
7418,TCCGGTAAGGCGAAAC,618029,ACGCCCATCACGCCCA
7419,TCCGGTAAGGTAAGGC,618070,ACGCCCATCCCTCGCT
7420,TCCGGTTTCCTAAGGT,618384,GGTCCTTAGGCTTCAC
7421,TCCGGTTTCCTCCTAA,618401,GGTCCTTAGAAGGGTA
7422,TCCGGTTTCGCACACA,618445,GGTCCTTAGTAGAGGA
7423,TCCTAGTGTAAGCTTG,618599,GTAGGAGCACCTAAAG
7424,TCCTAGTGTGAATCGC,618748,GTAGGAGCAAATACCG
7425,TCCTAGTGTGAGGTAG,618757,GTAGGAGCAGGACCTG
7426,TCCTAGTGTTAATGAC,618842,GTAGGAGCATGCTGGG
7427,TCCTCAATCACCATTT,619002,TCAATAGAGGCTTGCT
7428,TCCTCAATCCGTAAAC,619142,TCAATAGAGCGCTCCA
7429,TCCTCAATCCTAAGGT,619150,TCAATAGAGGCTTCAC
7430,TCCTCAATCCTGCGAA,619173,TCAATAGAGCGGGACT
7431,TCCTCAATCGATTCTT,619204,TCAATAGAGTGAGCCA
7432,TCCTCAATCGCTTCTA,619228,TCAATAGAGGATTGGT
7433,TCCTCACAGTGATTCA,619692,ACGTTATTCTCACTTC
7434,TCCTCTAAGCAGGTGG,619804,AAGCGATTCGCGACTT
7435,TCCTCTAAGCGGTTAT,619855,AAGCGATTCGCGAAGC
7436,TCCTCTAAGCTGGAAA,619877,AAGCGATTCCTAAGAA
7437,TCCTCTAAGGTCAAAG,619992,AAGCGATTCCTTTAGG
7438,TCCTCTAAGGTTAGCT,620012,AAGCGATTCTAACCAT
7439,TCCTCTAAGTTAGTGC,620092,AAGCGATTCGTGCTTA
7440,TCCTGGTTCCTAGTAA,620308,CTCAGGAAGTGCTCCG
7441,TCCTGTTCAGCAATAA,620708,GAGACTAGTACGTTTA
7442,TCCTGTTCATGATTGT,620839,GAGACTAGTAGGTTAG
7443,TCCTGTTCATTAGGTT,620864,GAGACTAGTCCTTGAG
7444,TCCTGTTCATTTGCTC,620886,GAGACTAGTGCGGTAG
7445,TCCTTAGTCAAACCGT,620888,TGGTTGGAGCTAACTT
7446,TCCTTAGTCACGTTAA,620930,TGGTTGGAGCTCCTAA
7447,TCCTTAGTCACTTCAT,620936,TGGTTGGAGTGTCCAC
7448,TCCTTAGTCGATTCTT,621124,TGGTTGGAGTGAGCCA
7449,TCCTTAGTCTTTGACT,621268,TGGTTGGAGCCCTTGG
7450,TCCTTCAAGCTTCCCG,621424,CATGTTGTCATTCAGT
7451,TCCTTCAAGTAAGAAC,621560,CATGTTGTCCTTCAAG
7452,TCCTTCAAGTCAATCA,621579,CATGTTGTCCACGTTA
7453,TCCTTGCAGAAACTGG,621655,CCAAGGATCGATATGA
7454,TCCTTGCAGGTCCACA,621915,CCAAGGATCGTTAGCC
7455,TCCTTGCAGTAATCCA,621948,CCAAGGATCAGCTAAA
7456,TCCTTGCAGTTACCGG,622005,CCAAGGATCCCTGATA
7457,TCCTTGCAGTTTGAGC,622034,CCAAGGATCAAATCCT
7458,TCCTTTACAATCTCTC,622127,AGTGTGAGTGAGGGTT
7459,TCCTTTACACAAAGAC,622146,AGTGTGAGTGACGTAA
7460,TCCTTTACACCTGTAA,622197,AGTGTGAGTTTATGGC
7461,TCCTTTACAGCAAGTG,622243,AGTGTGAGTCTAATCA
7462,TCCTTTACAGTTTACG,622319,AGTGTGAGTAGACTAG
7463,TCGACAAGTAATAGCT,622442,TGGGTTACATGAGCCG
7464,TCGATTAAGGCTGTCA,623034,CACGGTTTCTTGCAGC
7465,TCGATTAAGTCATGCG,623123,CACGGTTTCACAAAGC
7466,TCGCATTGTAGGTTGC,623250,TAACACGCAATAAACC
7467,TCGCATTGTCAGGCAT,623292,TAACACGCAACCTCGC
7468,TCGCATTGTGATGGCT,623368,TAACACGCATTCATTG
7469,TCGCATTGTGCTCCAC,623386,TAACACGCATGCTTTA
7470,TCGCATTGTGTTTGTC,623433,TAACACGCACAAACGC
7471,TCGCATTGTTTCAGGA,623550,TAACACGCATAACCGA
7472,TCGCCCATCAAACCGT,623572,TCATGCCAGCTAACTT
7473,TCGCCCATCCTAAGTA,623755,TCATGCCAGTTTCTGG
7474,TCGCCCATCGCTTCTA,623832,TCATGCCAGGATTGGT
7475,TCGCGAGGTCATGCCC,624069,ATCAGCACATTCCTGG
7476,TCGCGAGGTGAGCAAG,624124,ATCAGCACATCTATGC
7477,TCGCGAGGTTCGCTTG,624264,ATCAGCACACTTGCTG
7478,TCGCGAGGTTCGGTAA,624266,ATCAGCACAAACAAAG
7479,TCGCGCACAAATATCC,624356,CATTAGCGTTGTGACT
7480,TCGCGCACAGCATGAG,624547,CATTAGCGTTACTCCC
7481,TCGCGCACATGATTGT,624673,CATTAGCGTAGGTTAG
7482,TCGCGCACATGGCCCA,624680,CATTAGCGTACTTCGG
7483,TCGCGCACATGTCAAT,624683,CATTAGCGTTGCGAGG
7484,TCGCTAACAAAGCTAA,624735,CGTAATCGTTTCCAGG
7485,TCGCTAACAAATTCGT,624742,CGTAATCGTACTTATG
7486,TCGCTAACAGAAACGT,624909,CGTAATCGTGCACGCT
7487,TCGCTAACAGCCTGCA,624939,CGTAATCGTTTCTAAG
7488,TCGCTAACAGTTTGTG,625004,CGTAATCGTGTTACTA
7489,TCGCTAACATCCTAGA,625043,CGTAATCGTTTGTCTT
7490,TCGCTAACATGTCAAT,625067,CGTAATCGTTGCGAGG
7491,TCGCTAACATGTTGTG,625073,CGTAATCGTCGTAATC
7492,TCGGTAAGTCAGGCAT,625208,GCCTGAGCAACCTCGC
7493,TCGGTAAGTCATGAGC,625217,GCCTGAGCAAGGCCTG
7494,TCGGTAAGTTAGGCGT,625384,GCCTGAGCATACTGAG
7495,TCGGTAAGTTGGATCA,625435,GCCTGAGCATCCTTAA
7496,TCGGTTACAATATAGG,625568,TCATTCTGTTACGTAC
7497,TCGGTTACACCTGGTG,625644,TCATTCTGTTAATCCA
7498,TCGGTTCTCAAATCGC,625876,TCCTCAAAGCGAGTTG
7499,TCGGTTCTCAAGCTTA,625883,TCCTCAAAGCAGCCAA
7500,TCGGTTCTCACGCGGT,625913,TCCTCAAAGAGGCTAT
7501,TCGGTTCTCCTGATTT,626076,TCCTCAAAGCACAGCA
7502,TCGGTTCTCGAGCTAT,626100,TCCTCAAAGGTATGTA
7503,TCGGTTCTCTTTGACT,626252,TCCTCAAAGCCCTTGG
7504,TCGGTTTGTGCATTTC,626443,ATTCGCTCACCAGCTC
7505,TCGGTTTGTGTTTGCT,626498,ATTCGCTCATCCTAGT
7506,TCGGTTTGTTTGGGCG,626631,ATTCGCTCAAGGTGTC
7507,TCGTAATCAAGCGAGC,626684,GAGAAGGGTGAGTCCC
7508,TCGTAATCACCTCGCT,626791,GAGAAGGGTTGGGTTT
7509,TCGTAATCACTGACTA,626816,GAGAAGGGTTAAACGG
7510,TCGTAATCAGTTATGT,626915,GAGAAGGGTTTGCAGT
7511,TCGTCAACAAACGCGA,627026,AGTGGCGGTCATGGTT
7512,TCGTCAACACGGTACT,627184,AGTGGCGGTGCAACGG
7513,TCGTCAACACTTAACG,627203,AGTGGCGGTAAGTCCT
7514,TCGTGCTTCACAGCCA,627435,GGTTGTGAGTAACACA
7515,TCGTGCTTCCTAAGGT,627588,GGTTGTGAGGCTTCAC
7516,TCGTGCTTCGCACAAT,627648,GGTTGTGAGGCTAGCA
7517,TCGTGCTTCTCCTCTT,627742,GGTTGTGAGCTGCATC
7518,TCGTTAAAGAATGACG,627799,TCCAGGTTCCCACCCT
7519,TCGTTAAAGCACAGGG,627848,TCCAGGTTCCAATTGT
7520,TCGTTAAAGCTGGACC,627932,TCCAGGTTCCGCACCA
7521,TCGTTAAAGCTTGCTC,627944,TCCAGGTTCCTAATCG
7522,TCGTTAAAGGATTGCT,627983,TCCAGGTTCAGGTAAC
7523,TCGTTAAAGGTCCTAG,628051,TCCAGGTTCCTCAAGC
7524,TCGTTACGTATTGTGG,628253,AGAAAGCCAGTCTATC
7525,TCGTTACGTGAGGTGA,628346,AGAAAGCCAAGCTCAA
7526,TCGTTACGTGATGAGG,628350,AGAAAGCCAGTTAAAC
7527,TCGTTACGTTGCACAA,628492,AGAAAGCCAGGTGGAA
7528,TCGTTACGTTGTGATG,628516,AGAAAGCCAAGTCCTT
7529,TCGTTAGCAATCATGT,628638,GGCCTTAGTAGAGGGA
7530,TCGTTAGCACTCAACA,628731,GGCCTTAGTTAACCAC
7531,TCGTTAGCAGAAATGC,628744,GGCCTTAGTTATGGGA
7532,TCGTTAGCAGCACCAT,628761,GGCCTTAGTTGACTAC
7533,TCGTTATTCAAGCTAC,628950,TGTTTGTAGCAAGACT
7534,TCGTTATTCATTACGA,629041,TGTTTGTAGGCACTAG
7535,TCGTTATTCATTAGGC,629044,TGTTTGTAGCTTGCTA
7536,TCGTTATTCGAAGTGA,629164,TGTTTGTAGGATTGCG
7537,TCGTTATTCGACCTGA,629166,TGTTTGTAGTTTGACT
7538,TCGTTATTCGGTTCCT,629217,TGTTTGTAGGCTCAAG
7539,TCGTTATTCTTAGTCT,629302,TGTTTGTAGATTGAGC
7540,TCGTTATTCTTGACCC,629305,TGTTTGTAGGAGCAGG
7541,TCGTTTCCAGTAATAG,629588,CGGAAACGTGATTCTA
7542,TCGTTTCCATCCCTCA,629643,CGGAAACGTTAAGTCC
7543,TCTAACCGTCGCAAAC,629848,AGGGATGCAGGATAAA
7544,TCTAACCGTGTTTCAC,629948,AGGGATGCAAGGATTT
7545,TCTAACCGTTACAAAC,629966,AGGGATGCATTAGCAG
7546,TCTAACCGTTTATGGG,630066,AGGGATGCACTGTCAT
7547,TCTAAGGGTCATCCTG,630584,TTGCATCCAATAAAGG
7548,TCTAATCTCATGCATA,630943,CTCATTGAGCACCTAC
7549,TCTAATCTCATTGTTC,630968,CTCATTGAGGAGGTAA
7550,TCTAATCTCCGCACAA,631018,CTCATTGAGTAAACTG
7551,TCTAATCTCCTAAGTA,631039,CTCATTGAGTTTCTGG
7552,TCTAATCTCGAGCAAA,631083,CTCATTGAGATTAGCA
7553,TCTAATCTCTTAAGTG,631211,CTCATTGAGGTTATCT
7554,TCTACCTCAATCCTAG,631324,GCGATAAGTGTGCGGA
7555,TCTACCTCAATGCGCT,631333,GCGATAAGTTTCACCC
7556,TCTACCTCACTAAGCC,631410,GCGATAAGTTAGGCGG
7557,TCTACCTCAGTAAGTA,631503,GCGATAAGTGAACCGG
7558,TCTACCTCATACCCGG,631536,GCGATAAGTCACCATG
7559,TCTACCTCATGAGTTT,631574,GCGATAAGTCACAGGG
7560,TCTACTAGTGCTGGTG,631822,ACGCGCACAAGTGCAC
7561,TCTACTAGTTCACTGT,631919,ACGCGCACAATAGCCA
7562,TCTAGCACAAGTGTTT,632074,CCTCAAGGTGATGCAA
7563,TCTAGCACAGTTAAAG,632280,CCTCAAGGTAAATAGC
7564,TCTAGCACATAATGTC,632300,CCTCAAGGTGCAAGTA
7565,TCTAGCACATAGACTT,632305,CCTCAAGGTTGCGCGT
7566,TCTAGCACATCATGGC,632320,CCTCAAGGTCCTAAGT
7567,TCTAGCCTCCGTTATT,632568,ATAGACCAGTGCTGAG
7568,TCTAGCCTCTTGGATA,632764,ATAGACCAGCCTAATT
7569,TCTAGCGAGACTTATG,632798,GTCCTAATCGCTTGAC
7570,TCTAGCGAGCACAGGG,632832,GTCCTAATCCAATTGT
7571,TCTAGCGAGGGACTAA,633008,GTCCTAATCCGCCTAG
7572,TCTAGCGAGGGATGAC,633009,GTCCTAATCACAGCAG
7573,TCTAGCGAGTCGCTAG,633099,GTCCTAATCCATCAGC
7574,TCTATGTTCAATGACC,633178,TTAGCTTAGACTAATG
7575,TCTATGTTCATAATCG,633231,TTAGCTTAGCTCAAGG
7576,TCTATGTTCCAGGTCA,633288,TTAGCTTAGAGCTGGC
7577,TCTATGTTCCGCAACA,633318,TTAGCTTAGGAGTATC
7578,TCTATGTTCGCAAACT,633397,TTAGCTTAGTTAGCTT
7579,TCTATGTTCGGTTCCT,633435,TTAGCTTAGGCTCAAG
7580,TCTATGTTCTATGACA,633480,TTAGCTTAGTTACGAA
7581,TCTATGTTCTGGCAAT,633502,TTAGCTTAGGGTGGGA
7582,TCTATGTTCTTGCAGG,633528,TTAGCTTAGCTTCCTT
7583,TCTCAAGCAACTAACT,633577,GGGTTGGGTTCCCGTT
7584,TCTCAAGCAATTAGCT,633638,GGGTTGGGTCCAAATC
7585,TCTCAAGCACTAAATC,633710,GGGTTGGGTTTACCAA
7586,TCTCAAGCAGCAGGTA,633750,GGGTTGGGTACCGTTG
7587,TCTCAAGCAGGCCATT,633785,GGGTTGGGTGCATTTA
7588,TCTCAAGCATGTTTGG,633894,GGGTTGGGTTTATCCT
7589,TCTCAATTCATTGCAA,634035,CGCGATAAGGTTATAG
7590,TCTCAATTCGCGACAC,634175,CGCGATAAGCAGGTTG
7591,TCTCAATTCGTAATCA,634207,CGCGATAAGGTTGCGA
7592,TCTCACCAGACAGGTA,634328,GAGTGATTCATCAGCC
7593,TCTCACCAGGACTTAC,634487,GAGTGATTCGCCTGTG
7594,TCTCACCAGTACCGCA,634603,GAGTGATTCGTTGTCA
7595,TCTCACCAGTAGGCGG,634611,GAGTGATTCCCGCTGA
7596,TCTCACCAGTGGACAA,634653,GAGTGATTCATTAGCT
7597,TCTCACCAGTTCCCAC,634673,GAGTGATTCAGCATGG
7598,TCTCCTCGTAACCTAG,634700,GATAAAGCAACCTGCC
7599,TCTCCTCGTATTCGTC,634767,GATAAAGCACTAATCC
7600,TCTCCTCGTGTCACGG,634917,GATAAAGCATAGCTAG
7601,TCTCCTCGTTGCGGAT,635018,GATAAAGCATCCCAAT
7602,TCTCCTCGTTTAACGG,635043,GATAAAGCATTTGTCA
7603,TCTCGCCCAACACCTA,635099,CTGATTAGTTTCCTCA
7604,TCTCGCCCAATTAAGG,635171,CTGATTAGTTGCAATC
7605,TCTCGCCCACAGCCTG,635200,CTGATTAGTATTGAGG
7606,TCTCGCCCACCTATAG,635226,CTGATTAGTAACGAGC
7607,TCTCGCCCACCTCAGG,635228,CTGATTAGTGAGTTTC
7608,TCTCGCCCAGCACCAT,635281,CTGATTAGTTGACTAC
7609,TCTCGCCCAGGTTCAC,635336,CTGATTAGTCCTGACA
7610,TCTCGCCCAGTAGGAT,635343,CTGATTAGTGGATGCG
7611,TCTCGCCCATAGCTGC,635379,CTGATTAGTCATCATA
7612,TCTCGCCCATCCCTCA,635395,CTGATTAGTTAAGTCC
7613,TCTGGCTTCAAGCGCC,635469,AAAGCGAAGCCTGTCG
7614,TCTGGCTTCAAGCTTA,635471,AAAGCGAAGCAGCCAA
7615,TCTGGCTTCATGACCG,635544,AAAGCGAAGTCAAGAC
7616,TCTGGCTTCGGCTATG,635725,AAAGCGAAGTGGCTTC
7617,TCTGGCTTCTCCATAT,635793,AAAGCGAAGCAATTGA
7618,TCTGGCTTCTCCTCTT,635796,AAAGCGAAGCTGCATC
7619,TCTGTGACAAACGCGA,635848,GGGATTAGTCATGGTT
7620,TCTGTGACAATATAGG,635924,GGGATTAGTTACGTAC
7621,TCTGTGACAATCGCAC,635930,GGGATTAGTTACAACC
7622,TCTGTGACAGCTTAGC,636071,GGGATTAGTCTATCTT
7623,TCTGTGACAGGCAAGC,636083,GGGATTAGTAAACCCT
7624,TCTGTGACATAGACTT,636143,GGGATTAGTTGCGCGT
7625,TCTTAGTTCATGCTCC,636701,CATCCGTAGCTCCCTC
7626,TCTTAGTTCATGGCTG,636704,CATCCGTAGGACGAAA
7627,TCTTAGTTCATTAGGC,636714,CATCCGTAGCTTGCTA
7628,TCTTAGTTCCCTGTTA,636767,CATCCGTAGCCAGTAG
7629,TCTTAGTTCCTTGAGG,636827,CATCCGTAGTATCCGC
7630,TCTTAGTTCGGGATTT,636878,CATCCGTAGCTTAGTT
7631,TCTTCAAGTAACAGGG,636997,CTCGATTCAAACCCAA
7632,TCTTCAAGTCCTCCAA,637125,CTCGATTCAGAGAGGC
7633,TCTTCAAGTCGTTACT,637140,CTCGATTCAAAGGACG
7634,TCTTCAAGTGTTTCAC,637234,CTCGATTCAAGGATTT
7635,TCTTCAAGTGTTTGTC,637237,CTCGATTCACAAACGC
7636,TCTTCAAGTTAGGTTG,637275,CTCGATTCATTAACCC
7637,TCTTCAAGTTTAACGG,637343,CTCGATTCATTTGTCA
7638,TCTTGACGTTTAGCTC,637730,TAAGCCACAGCAAGCT
7639,TCTTGACGTTTGACCT,637742,TAAGCCACAGTAGGAG
7640,TCTTGTCCAATAGCCC,637835,CCTTTATGTTGAAGCA
7641,TCTTGTCCAGAAACGT,637945,CCTTTATGTGCACGCT
7642,TCTTGTCCAGTAAGTA,638021,CCTTTATGTGAACCGG
7643,TCTTGTCCAGTAGGAT,638025,CCTTTATGTGGATGCG
7644,TCTTGTCCATGTTTGG,638110,CCTTTATGTTTATCCT
7645,TCTTGTCCATTGTTGG,638138,CCTTTATGTCACCAAT
7646,TCTTTGTAGAGCCGCT,638172,GAAAGGATCCGCTAGT
7647,TCTTTGTAGTATCGCG,638444,GAAAGGATCGCCCGTA
7648,TGAAACTGTGAGAAAC,638692,TCCCTGACAAACGCGT
7649,TGAAACTGTGCATTAG,638712,TCCCTGACAACCAACA
7650,TGAAACTGTTAGCTGA,638801,TCCCTGACAACGGTAC
7651,TGAACAACAAGACTCC,638950,CTGAATCGTATGGTGA
7652,TGAACAACAATTAGCT,639004,CTGAATCGTCCAAATC
7653,TGAACAACAGCTTAAT,639133,CTGAATCGTGGTGAAC
7654,TGAACAACAGGCTAAG,639155,CTGAATCGTGGTTAGA
7655,TGAACAGAGTAAACCC,639572,GCTGACTTCATAAGCA
7656,TGAACAGAGTACCGCA,639585,GCTGACTTCGTTGTCA
7657,TGAACAGAGTTGCGTG,639660,GCTGACTTCATAGCGG
7658,TGAAGCAAGACTCGCA,639698,GTCTTAGTCTAGGATA
7659,TGAAGCAAGCATGCAT,639749,GTCTTAGTCCCAATTG
7660,TGAAGCAAGGCATGAA,639876,GTCTTAGTCAGCTAGG
7661,TGAAGCAAGGCCAATT,639880,GTCTTAGTCTTAGCTG
7662,TGAAGCAAGTTTGCGG,640055,GTCTTAGTCTTGACCA
7663,TGAAGGATCATTGTCT,640171,GCCCTCAAGGGCTATG
7664,TGAAGGATCCCGCCTA,640203,GCCCTCAAGCCTAGTC
7665,TGAAGGATCCCTGTTA,640217,GCCCTCAAGCCAGTAG
7666,TGAAGGATCGAAGCGG,640282,GCCCTCAAGTGAGGAA
7667,TGAAGGATCGTTACAA,640351,GCCCTCAAGTGCAACG
7668,TGAAGGATCGTTTCCA,640358,GCCCTCAAGCCGCTAT
7669,TGAAGGATCTCACACC,640388,GCCCTCAAGCGGTTCT
7670,TGAAGGATCTTGCTAT,640432,GCCCTCAAGCCATCAC
7671,TGAAGTGAGACCATAC,640463,TCCTCCATCTCCATGA
7672,TGAAGTGAGCTTTGTT,640600,TCCTCCATCAAATCAG
7673,TGAAGTGAGGAATAAC,640610,TCCTCCATCTAGTTGT
7674,TGAAGTGAGGAGCATA,640624,TCCTCCATCCGTAAGG
7675,TGAAGTGAGGTAAGGC,640696,TCCTCCATCCCTCGCT
7676,TGAAGTGAGTCGCTAG,640769,TCCTCCATCCATCAGC
7677,TGAAGTGAGTTTGTCT,640826,TCCTCCATCCTCATGA
7678,TGACCAAGTACAAAGA,640856,AAACTCGCAGTTCCCA
7679,TGACCAAGTCATTACC,640942,AAACTCGCAGTTGGCG
7680,TGACCAAGTCCGTAGG,640953,AAACTCGCATCAGGTA
7681,TGACCAAGTGTGAGGA,641056,AAACTCGCAAGGACGA
7682,TGACCAAGTTACAAAC,641086,AAACTCGCATTAGCAG
7683,TGACCAAGTTACAACG,641087,AAACTCGCAGATAATC
7684,TGACCTTGTAAAGCAA,641210,CCGTAAACAGTGCCTC
7685,TGACCTTGTCCTAATC,641339,CCGTAAACACGGTAAC
7686,TGACCTTGTCGCAAAC,641350,CCGTAAACAGGATAAA
7687,TGACCTTGTTCAAGAT,641501,CCGTAAACAATTACCC
7688,TGACCTTGTTGCACAA,641528,CCGTAAACAGGTGGAA
7689,TGACCTTGTTTACCGT,641560,CCGTAAACAGCAAGTC
7690,TGACCTTGTTTGTCTA,641588,CCGTAAACAGGTTGTA
7691,TGACTCCTCCCATAGG,641730,GTGGCTAAGCTTATCG
7692,TGACTCCTCCTCGATC,641792,GTGGCTAAGAACCTGG
7693,TGACTCCTCGCAAACT,641831,GTGGCTAAGTTAGCTT
7694,TGACTCCTCGCGCTAA,641842,GTGGCTAAGCGCTAGA
7695,TGACTCCTCGGGCCAT,641861,GTGGCTAAGCATATTC
7696,TGACTCCTCTCATCAT,641924,GTGGCTAAGTCAATTC
7697,TGACTCCTCTTGAGGT,641959,GTGGCTAAGGCTTAAA
7698,TGACTTAAGAGAGGAG,642003,GAACGATTCAGCATTT
7699,TGACTTAAGTTTGTCT,642358,GAACGATTCCTCATGA
7700,TGACTTCGTAACAGGG,642363,TGGGCCACAAACCCAA
7701,TGACTTCGTAATCACG,642379,TGGGCCACAACGTGGT
7702,TGACTTCGTATTGTCC,642438,TGGGCCACATTAGTGG
7703,TGACTTCGTCCGGTTC,642484,TGGGCCACAAGTAAAG
7704,TGACTTCGTTAACAGT,642606,TGGGCCACACGGATTA
7705,TGACTTCGTTGGTGAC,642693,TGGGCCACATCAAGCA
7706,TGACTTCGTTGTTGTC,642706,TGGGCCACAAATGCGC
7707,TGAGAACCAACACTTG,642766,CTTAAGCGTGTTACAC
7708,TGAGAACCAAGCCACT,642786,CTTAAGCGTTTACCGG
7709,TGAGAACCAAGGTAAC,642799,CTTAAGCGTTAGCTAC
7710,TGAGAACCAAGGTGCA,642804,CTTAAGCGTGCGTAAA
7711,TGAGAACCACAGGGAC,642869,CTTAAGCGTAAACCGA
7712,TGAGAACCACTCAACA,642917,CTTAAGCGTTAACCAC
7713,TGAGAACCAGCTTAAT,642967,CTTAAGCGTGGTGAAC
7714,TGAGAACCAGTCTAGC,643013,CTTAAGCGTATAGTGG
7715,TGAGAACCATAAACCT,643025,CTTAAGCGTGCACCAC
7716,TGAGAACCATTGACAT,643110,CTTAAGCGTCAATTGC
7717,TGAGCAAAGAAGCTAG,643131,TATCGCATCTCAATAC
7718,TGAGCAAAGACAAACG,643136,TATCGCATCCCGCAAT
7719,TGAGCAAAGCAGGTTT,643195,TATCGCATCGCCTAAC
7720,TGAGCAAAGCCAAATC,643206,TATCGCATCGGTACGA
7721,TGAGCAAAGCCGCTAA,643214,TATCGCATCAGTTTAC
7722,TGAGCAAAGCGTGCGT,643247,TATCGCATCTTGCATG
7723,TGAGCAAAGGAACACA,643284,TATCGCATCAGCAATA
7724,TGAGCAAAGGAACGGT,643288,TATCGCATCGTTAACT
7725,TGAGCAAAGGAAGTAT,643291,TATCGCATCTTGCTCT
7726,TGAGCAAAGTAGCGGG,643424,TATCGCATCTAACCGC
7727,TGAGCACGTAACCTAG,643516,TAAACCGCAACCTGCC
7728,TGAGCACGTTATCGAG,643798,TAAACCGCATCCTGGC
7729,TGAGCACGTTGCAATG,643827,TAAACCGCAACCGTAA
7730,TGAGCCGGTAAGCTTG,643905,CTGTCCACACCTAAAG
7731,TGAGCCGGTGCTTTAC,644094,CTGTCCACAGGAATAA
7732,TGAGCCGGTTAGACCA,644160,CTGTCCACAGGAGGTA
7733,TGAGCCGGTTGCCTCA,644214,CTGTCCACAGGTTACA
7734,TGAGCCGGTTGGTGAC,644225,CTGTCCACATCAAGCA
7735,TGAGCTTAGCAAACCT,644321,TGCGCCATCGGTTCAC
7736,TGAGCTTAGCCTTAAA,644375,TGCGCCATCTGGTCTA
7737,TGAGGAGGTAACGAGG,644665,GCCGTGACAGGTCCCT
7738,TGAGGAGGTAGGATTT,644715,GCCGTGACATATTGCC
7739,TGAGGAGGTCATCAAG,644766,GCCGTGACAGCTCAAA
7740,TGAGGAGGTCTCACTG,644810,GCCGTGACAAGGGAGC
7741,TGAGGAGGTTGCCTCA,644980,GCCGTGACAGGTTACA
7742,TGAGGAGGTTTGAGCA,645025,GCCGTGACATAGACGC
7743,TGAGGCACAAATTCGT,645060,TAGCAAGGTACTTATG
7744,TGAGGCACAGCATGAG,645249,TAGCAAGGTTACTCCC
7745,TGAGGCACAGCATGTC,645251,TAGCAAGGTTACTTAG
7746,TGAGGCACATGAATCT,645371,TAGCAAGGTTTATGTG
7747,TGAGGGAGTCCTCCAA,645555,CTATGTCCAGAGAGGC
7748,TGAGGGAGTGGGTACT,645638,CTATGTCCAATATCCC
7749,TGAGGGAGTTTGCAGA,645793,CTATGTCCAAGGAATA
7750,TGAGGGCCAAGGTCGA,645867,CCTGACAGTTGTGGTT
7751,TGAGGGCCAGCGCTTG,646025,CCTGACAGTGGACAAC
7752,TGAGGGCCAGGTTACC,646064,CCTGACAGTATGTTTG
7753,TGAGGTGCAATAATGG,646264,GTTTGCGGTCAATTCA
7754,TGAGGTGCACAATGCC,646304,GTTTGCGGTCCAATTA
7755,TGAGGTGCACGCAACT,646351,GTTTGCGGTGATGAAT
7756,TGAGGTGCACGTAAGG,646354,GTTTGCGGTCCGGTTA
7757,TGAGGTGCAGCCAGTT,646404,GTTTGCGGTACGGTTT
7758,TGAGGTGCAGGATAAC,646426,GTTTGCGGTGAGGAAG
7759,TGAGGTGCATCTAGCA,646516,GTTTGCGGTTTAACCA
7760,TGAGGTGCATGAAATG,646518,GTTTGCGGTACTGACT
7761,TGAGTGAAGCCTGAGC,646670,GCATTTGTCCTTCATC
7762,TGAGTGAAGGTCCTGA,646836,GCATTTGTCTATATGC
7763,TGAGTTTCACAACCTA,647069,ATCCTAAGTAACCTCG
7764,TGAGTTTCACTGGCTG,647138,ATCCTAAGTAGGATCA
7765,TGAGTTTCAGGCTAAG,647205,ATCCTAAGTGGTTAGA
7766,TGAGTTTCATAATCCG,647249,ATCCTAAGTGCTTTAA
7767,TGAGTTTCATAGTCAT,647264,ATCCTAAGTGTACCGC
7768,TGAGTTTCATCGCTCC,647281,ATCCTAAGTTTGAGCT
7769,TGAGTTTCATCTAGCA,647284,ATCCTAAGTTTAACCA
7770,TGAGTTTCATTAGGTT,647318,ATCCTAAGTCCTTGAG
7771,TGATCAATCAAAGGCA,647345,GTCTTTGAGGAGCCGT
7772,TGATCAATCGAAGTGA,647566,GTCTTTGAGGATTGCG
7773,TGATCACAGAATCTCA,647734,CATTACGTCTTAGGTT
7774,TGATCACAGCTAATTG,647851,CATTACGTCCTAGTGC
7775,TGATCACAGCTCAAAC,647858,CATTACGTCGGTAATA
7776,TGATCACAGCTGAGGG,647865,CATTACGTCCGGATTC
7777,TGATCACAGGAACCGG,647886,CATTACGTCCTAACCA
7778,TGATCACAGGCAGGTG,647925,CATTACGTCGGGATGC
7779,TGATCACAGGCCTAAT,647934,CATTACGTCCGCCTCT
7780,TGATCACAGGCTTAGT,647957,CATTACGTCAAACCTT
7781,TGATCACAGGTTACAC,647999,CATTACGTCCTCTCGC
7782,TGATCACAGTCATTTC,648046,CATTACGTCAAGCTCC
7783,TGATCAGGTCATCAAG,648218,GCTCACCCAGCTCAAA
7784,TGATCAGGTGGAAGGC,648314,GCTCACCCAGCCAGTG
7785,TGATCAGGTGGTTAGC,648327,GCTCACCCAACCGTTT
7786,TGATCCTGTAGCCTCC,648543,AGACAAACATGAGCTA
7787,TGATCGAGTGAGACTC,649041,GTACCGGCAAAGAAGC
7788,TGATCGAGTGGGTACT,649088,GTACCGGCAATATCCC
7789,TGATGAACAACTCGCG,649295,GGTAATGGTGCGCAAG
7790,TGATGAACAATCCTGA,649341,GGTAATGGTAGACAAT
7791,TGATGAACACTTAACG,649437,GGTAATGGTAAGTCCT
7792,TGATGAACAGTTTACG,649535,GGTAATGGTAGACTAG
7793,TGATGAACATCCCGCT,649574,GGTAATGGTGTGAGTA
7794,TGATGAACATTGTGTG,649635,GGTAATGGTTAAAGCG
7795,TGATGACTCAATCATG,649657,CGTGATGAGTACCGGA
7796,TGATGACTCCCTTGCG,649798,CGTGATGAGCTTGTTG
7797,TGATGACTCCGCATGA,649803,CGTGATGAGTCACTAT
7798,TGATGACTCCTGAATA,649841,CGTGATGAGTGGCTAG
7799,TGATGACTCGCTAGCA,649894,CGTGATGAGCCAGGAC
7800,TGATGACTCTAAGGAG,649945,CGTGATGAGATAACTG
7801,TGATGACTCTCGACCT,649977,CGTGATGAGTATTTGC
7802,TGATGACTCTTGATGA,650008,CGTGATGAGGTTACTT
7803,TGATGATGTAAACAAG,650023,CATGAGCCAAATATGC
7804,TGATGATGTTGGCCGA,650354,CATGAGCCAAACCTAG
7805,TGATGATGTTTAGTCC,650379,CATGAGCCAATACCGA
7806,TGATGATGTTTGGGCG,650399,CATGAGCCAAGGTGTC
7807,TGATTAGTCACTAAGC,650449,GCTGAATAGTCTAGCC
7808,TGATTAGTCCTCACTA,650598,GCTGAATAGTCAATCT
7809,TGATTAGTCCTCAGCT,650599,GCTGAATAGTAAAGCC
7810,TGATTAGTCCTCATGC,650602,GCTGAATAGGTGAATC
7811,TGATTAGTCCTTAAGA,650616,GCTGAATAGCCAAACG
7812,TGATTAGTCGATCAGT,650640,GCTGAATAGAACCTTT
7813,TGATTAGTCTATTGTC,650729,GCTGAATAGCAACCCT
7814,TGATTCAAGCAAGATG,650841,AGGTGGCTCACACAAA
7815,TGATTCAAGCGAGCGA,650893,AGGTGGCTCGATATAG
7816,TGATTCAAGGAGTCGG,650976,AGGTGGCTCAATCGGG
7817,TGATTCAAGGATGATG,650981,AGGTGGCTCCGTCCCT
7818,TGATTCAAGGCCTGGT,650999,AGGTGGCTCCTTGCAA
7819,TGATTCAAGTCACGAT,651101,AGGTGGCTCGTTAGTT
7820,TGATTCAAGTGAACCT,651121,AGGTGGCTCAGGGCTA
7821,TGATTGCAGGCGAATA,651386,GACAAACTCCTGCAAC
7822,TGATTGCAGGGTCTAT,651418,GACAAACTCTCAAATC
7823,TGATTGCAGTTCCCAC,651537,GACAAACTCAGCATGG
7824,TGCAAGCGTATTGAGT,651632,CAGTAGCCACTCGCAC
7825,TGCAATATCTTAATGG,652296,TAGCTAAAGATGAACC
7826,TGCACACCAAGGTCGA,652385,CCAGCACGTTGTGGTT
7827,TGCACACCATTGCGAC,652694,CCAGCACGTAGCAGGT
7828,TGCACCTTCACGCCAA,652748,CGAAGAAAGACAAACC
7829,TGCACCTTCATGGCCA,652801,CGAAGAAAGGTATGGT
7830,TGCACCTTCCCAGTAG,652844,CGAAGAAAGGCACAAT
7831,TGCACCTTCGCACAAT,652950,CGAAGAAAGGCTAGCA
7832,TGCACTTGTAACGTGC,653101,CTATGGACATTGAGGC
7833,TGCACTTGTACTTCAC,653138,CTATGGACAACATAGT
7834,TGCACTTGTCCTAACT,653219,CTATGGACACCTTCAG
7835,TGCACTTGTGAGCACT,653261,CTATGGACAATAGAAG
7836,TGCACTTGTGCATTAG,653278,CTATGGACAACCAACA
7837,TGCACTTGTGTGTGGT,653324,CTATGGACAAAGGCCT
7838,TGCACTTGTTAATGAC,653348,CTATGGACATGCTGGG
7839,TGCACTTGTTAGGTTG,653373,CTATGGACATTAACCC
7840,TGCAGGCTCAACCAAC,653480,AAAGCCTAGTCTTGCA
7841,TGCAGGCTCACTCGCT,653521,AAAGCCTAGACTTAGA
7842,TGCAGGCTCGCTAAGT,653726,AAAGCCTAGCTGGCAA
7843,TGCAGGCTCGTTTCGC,653773,AAAGCCTAGCACTTGC
7844,TGCATCCTCATGCATA,653945,CGCTTTAAGCACCTAC
7845,TGCATCCTCCGGTATG,654029,CGCTTTAAGTTAACGA
7846,TGCATCCTCCTAAGAC,654039,CGCTTTAAGTCAATAG
7847,TGCATCCTCTAATCTC,654169,CGCTTTAAGCTACCTA
7848,TGCATCCTCTCAATTC,654184,CGCTTTAAGCTTAGGG
7849,TGCATCCTCTCTAGCC,654198,CGCTTTAAGATTCCTG
7850,TGCATGAGTTGCTTCG,654569,TAAGTCGCAGAGAGCA
7851,TGCATGAGTTGGCCGA,654572,TAAGTCGCAAACCTAG
7852,TGCATTAAGCGGATAA,654739,GACTGAGTCCTCCCAC
7853,TGCATTAAGGTCCGTA,654884,GACTGAGTCTAATCAC
7854,TGCATTAAGTTGGCCA,654994,GACTGAGTCCTTATGG
7855,TGCCATTGTAACAGGG,655011,TCACCCACAAACCCAA
7856,TGCCATTGTCCTTCAG,655142,TCACCCACATAAGTCG
7857,TGCCATTGTCTATCGT,655159,TCACCCACAGTGAACC
7858,TGCCATTGTGCCTCAC,655197,TCACCCACAATAGAGA
7859,TGCCATTGTTAAGCGC,655258,TCACCCACAACCGCTC
7860,TGCCATTGTTACGCGG,655272,TCACCCACAACGGTTA
7861,TGCCATTGTTTGTCTA,655386,TCACCCACAGGTTGTA
7862,TGCCGGTAGAATCGCT,655397,ACCAACCTCCTGATCA
7863,TGCCGGTAGCAAGGAC,655442,ACCAACCTCGCGAAAT
7864,TGCCGGTAGCGCTCAA,655504,ACCAACCTCGCTTGTA
7865,TGCCGGTAGCGGCTGT,655507,ACCAACCTCAGCGATG
7866,TGCCGGTAGGCGAATA,655602,ACCAACCTCCTGCAAC
7867,TGCCGGTAGTAACGAG,655675,ACCAACCTCTATCGGC
7868,TGCCGGTAGTCACTCC,655703,ACCAACCTCGCGATAG
7869,TGCCGGTAGTTATCTC,655749,ACCAACCTCGCAATTT
7870,TGCCTGTTCAAGCTTA,655785,CTCCTAAAGCAGCCAA
7871,TGCCTGTTCAATGACC,655794,CTCCTAAAGACTAATG
7872,TGCCTGTTCACGCATG,655813,CTCCTAAAGTTACCCA
7873,TGCCTGTTCACTAAGC,655817,CTCCTAAAGTCTAGCC
7874,TGCCTGTTCATGAGCT,655859,CTCCTAAAGAGGAATG
7875,TGCCTGTTCATGCATA,655861,CTCCTAAAGCACCTAC
7876,TGCCTGTTCATTCATC,655881,CTCCTAAAGACAAGCT
7877,TGCCTGTTCCCTCGCA,655925,CTCCTAAAGCCGGTAA
7878,TGCCTGTTCCTCGATC,655974,CTCCTAAAGAACCTGG
7879,TGCCTGTTCGACAAAG,655999,CTCCTAAAGAAAGGCA
7880,TGCCTGTTCGTTATAG,656069,CTCCTAAAGGATAACC
7881,TGCCTGTTCTAGCTAA,656093,CTCCTAAAGGAGGGTG
7882,TGCCTGTTCTTGTTCG,656151,CTCCTAAAGCTGCTAC
7883,TGCGATTAGGTCTTGG,656423,AGTAAGCTCTGTTGGC
7884,TGCGCAGGTCCAAGAC,656661,CCCGTTACACTAGTAG
7885,TGCGCAGGTGTCCTGC,656768,CCCGTTACATAGGTGC
7886,TGCGCAGGTTAGGTTG,656823,CCCGTTACATTAACCC
7887,TGCGGTTCACATACTG,657435,CGACATTGTCGGTTCA
7888,TGCGGTTCACGAATCC,657465,CGACATTGTAACCTTA
7889,TGCGGTTCAGAAATTG,657495,CGACATTGTTTAGCGT
7890,TGCGGTTCAGGTCCTG,657562,CGACATTGTCACGCAC
7891,TGCTAACAGCACCACA,657749,AATTGAGTCTAACTGT
7892,TGCTAACAGCTCATAA,657824,AATTGAGTCCCTGTGG
7893,TGCTAACAGGATGATG,657881,AATTGAGTCCGTCCCT
7894,TGCTAACAGGCCCAGT,657896,AATTGAGTCAATCCAT
7895,TGCTAACAGTCACCTC,658000,AATTGAGTCTGGGAAT
7896,TGCTAACAGTGTTGTA,658037,AATTGAGTCCAAACCC
7897,TGCTAGCCAAAGGCCA,658089,TCTGGATGTGAGTCAA
7898,TGCTAGCCAACACTTG,658098,TCTGGATGTGTTACAC
7899,TGCTAGCCAGCAACAG,658273,TCTGGATGTAATCCAC
7900,TGCTAGCCAGCAAGAT,658275,TCTGGATGTTTACTGA
7901,TGCTAGCCAGCGCTTG,658293,TCTGGATGTGGACAAC
7902,TGCTAGCCAGGAATCG,658306,TCTGGATGTATCCGTG
7903,TGCTAGCCATCGTTCT,658399,TCTGGATGTTATTGTG
7904,TGCTAGCCATCTAGCA,658400,TCTGGATGTTTAACCA
7905,TGCTAGCCATTGTCAG,658448,TCTGGATGTTTAATCG
7906,TGCTATGCAGGCAAGC,658697,GTTGCGCGTAAACCCT
7907,TGCTATGCATAAAGCA,658742,GTTGCGCGTAATAAGC
7908,TGCTATGCATTCCTCG,658824,GTTGCGCGTTGGTGAA
7909,TGCTCAACAATAGCAA,658918,CTTTACTGTCCTCACT
7910,TGCTCAACAGACAAAC,659034,CTTTACTGTAGTTGGA
7911,TGCTCAACAGCCTAAC,659058,CTTTACTGTAAACCAG
7912,TGCTCAACAGGGAGCT,659095,CTTTACTGTGAGCATA
7913,TGCTCAACATAGTCAT,659148,CTTTACTGTGTACCGC
7914,TGCTCAACATTGTTGG,659222,CTTTACTGTCACCAAT
7915,TGCTCACTCATGTTTC,659325,GACCGGTAGGCAATCG
7916,TGCTCACTCCACCTTA,659352,GACCGGTAGCATAGCG
7917,TGCTCACTCGAAGTGA,659450,GACCGGTAGGATTGCG
7918,TGCTCACTCTGGCATG,659571,GACCGGTAGTATAGTG
7919,TGCTCCGTCAAACTCA,659612,GTGGCGTAGTAACGTA
7920,TGCTCCGTCAATGTGC,659633,GTGGCGTAGGTTGGTG
7921,TGCTCCGTCCGCCTCA,659776,GTGGCGTAGTCACCAC
7922,TGCTCCGTCCTAAGGT,659792,GTGGCGTAGGCTTCAC
7923,TGCTCCGTCCTCACTA,659802,GTGGCGTAGTCAATCT
7924,TGCTCTCAGCAGGCCT,660061,GAACTAATCCGGTTTA
7925,TGCTCTCAGCCTGTTC,660094,GAACTAATCGACATTT
7926,TGCTGGATCAATCTCT,660397,TGTCTTGAGGCCTAAG
7927,TGCTGGATCATTACGA,660479,TGTCTTGAGGCACTAG
7928,TGCTGGATCATTTGCT,660492,TGTCTTGAGCTTTAGT
7929,TGCTGGATCCGGTATG,660549,TGTCTTGAGTTAACGA
7930,TGCTGGATCCTAGTAA,660566,TGTCTTGAGTGCTCCG
7931,TGCTGGATCTAGCTAA,660697,TGTCTTGAGGAGGGTG
7932,TGCTGGATCTGTTGCC,660732,TGTCTTGAGAGGAACA
7933,TGCTTAAAGATGGACA,660805,TCATCAGTCTCAAGAA
7934,TGCTTAAAGGTCTTGG,661027,TCATCAGTCTGTTGGC
7935,TGCTTAAAGTCATTGA,661081,TCATCAGTCATGATGA
7936,TGCTTAAAGTGATTCA,661102,TCATCAGTCTCACTTC
7937,TGCTTCATCTAGCTTT,661466,TGGGCGTAGGGAGTAA
7938,TGCTTCATCTTAGCGG,661505,TGGGCGTAGGGTCTAG
7939,TGCTTCCAGCAAGGGT,661583,TTGCCGGTCAGAAAGG
7940,TGCTTCCAGCTTTGTT,661686,TTGCCGGTCAAATCAG
7941,TGCTTCCAGGCATTGT,661733,TTGCCGGTCCTTCGGG
7942,TGCTTGCTCAATCTCT,661933,CCTGTTAAGGCCTAAG
7943,TGCTTGCTCATAAGCC,661986,CCTGTTAAGGCGATAT
7944,TGCTTGCTCCAGGTTG,662045,CCTGTTAAGTCATGCC
7945,TGCTTGCTCCTGGTGA,662122,CCTGTTAAGACACGCA
7946,TGCTTGCTCGCACACA,662157,CCTGTTAAGTAGAGGA
7947,TGCTTGTGTCACAAAT,662390,CCAAAGCCAGGAGGAC
7948,TGCTTGTGTGACCTGG,662463,CCAAAGCCATAGCTTC
7949,TGCTTGTGTTAGGATT,662575,CCAAAGCCAAGCGAAG
7950,TGCTTGTGTTGGATCA,662627,CCAAAGCCATCCTTAA
7951,TGCTTTAGTGGGTACT,662894,ATGGCTACAATATCCC
7952,TGCTTTAGTTGGCCGA,663010,ATGGCTACAAACCTAG
7953,TGGAACAAGCCTCTGT,663156,AGCCTGTTCGCGTTAC
7954,TGGAACAAGCGCCTTT,663174,AGCCTGTTCTATTGAC
7955,TGGAACAAGGCCCAGT,663268,AGCCTGTTCAATCCAT
7956,TGGAACAAGGTCCTGA,663324,AGCCTGTTCTATATGC
7957,TGGAACAAGGTTACGT,663336,AGCCTGTTCTAATCCG
7958,TGGAACAAGGTTTGAC,663340,AGCCTGTTCGATTAAG
7959,TGGAACAAGTAGCGCC,663359,AGCCTGTTCTGTCAGC
7960,TGGACAAAGACACCGC,663461,GCATATTTCAGGAGGG
7961,TGGACAAAGAGCCGCT,663476,GCATATTTCCGCTAGT
7962,TGGACAAAGCGCCTAA,663557,GCATATTTCTTGGACC
7963,TGGACAAAGGCTGTCA,663674,GCATATTTCTTGCAGC
7964,TGGACAAAGGTCCTGA,663708,GCATATTTCTATATGC
7965,TGGACAAAGTCAATTG,663754,GCATATTTCTTTGGTG
7966,TGGACCGGTAATCCCT,663850,TCCGGGACAGCCTGAG
7967,TGGACCGGTCCTTAGT,663963,TCCGGGACACTTAGCT
7968,TGGACCGGTCTCACTG,663982,TCCGGGACAAGGGAGC
7969,TGGACCGGTGAAACAA,663989,TCCGGGACACACTAAG
7970,TGGACCGGTTTAGTCC,664185,TCCGGGACAATACCGA
7971,TGGACGGAGACTAAGG,664232,CTTTGAGTCACAATAG
7972,TGGACGGAGCATGCAT,664285,CTTTGAGTCCCAATTG
7973,TGGACGGAGCCTGTGA,664311,CTTTGAGTCCGCACAT
7974,TGGACGGAGCGAAGTA,664314,CTTTGAGTCAAATCGA
7975,TGGACGGAGCTCCCTG,664347,CTTTGAGTCACGAATA
7976,TGGACGGAGCTGTCAG,664358,CTTTGAGTCGCGAGTA
7977,TGGACGGAGGACAACA,664379,CTTTGAGTCTATGCAT
7978,TGGACGGAGGACCGCT,664383,CTTTGAGTCATAACCT
7979,TGGACGGAGGAGGTTA,664396,CTTTGAGTCTAAATCC
7980,TGGACGGAGGTGCTGC,664482,CTTTGAGTCAAACTAG
7981,TGGACGGAGTCATGCG,664529,CTTTGAGTCACAAAGC
7982,TGGACTAGTAATAGCT,664614,AAGTGAACATGAGCCG
7983,TGGACTAGTATACTGG,664663,AAGTGAACACAGCAAC
7984,TGGACTAGTCAATAGT,664686,AAGTGAACAGGGAGTA
7985,TGGACTAGTGGGTACT,664810,AAGTGAACAATATCCC
7986,TGGATTCAGCATGCAT,665051,GTAAGTATCCCAATTG
7987,TGGATTCAGCTACTGG,665104,GTAAGTATCGTGATGG
7988,TGGATTCAGGAACCAA,665137,GTAAGTATCAAGGTTA
7989,TGGATTCAGGTTTACA,665255,GTAAGTATCTTCAAGT
7990,TGGATTGGTAGCAGCT,665410,CAACATGCAGGAAGCA
7991,TGGATTGGTGTCCAGG,665587,CAACATGCAAAGGTAA
7992,TGGCCAATCAAGCTAC,665754,CCTAACCAGCAAGACT
7993,TGGCCAATCACCAATA,665777,CCTAACCAGCAAACAC
7994,TGGCCAATCCGGGACT,665914,CCTAACCAGAATCTAG
7995,TGGCCAATCCTAAGTA,665927,CCTAACCAGTTTCTGG
7996,TGGCCAATCTGGCATG,666089,CCTAACCAGTATAGTG
7997,TGGCCATCAAGGAATC,666180,CTATTGAGTCAACCGC
7998,TGGCCATCAATCCTGA,666213,CTATTGAGTAGACAAT
7999,TGGCCATCACAAGCCT,666240,CTATTGAGTTCATTGA
8000,TGGCCATCATAGCTGC,666431,CTATTGAGTCATCATA
8001,TGGCCATCATGTTGTG,666479,CTATTGAGTCGTAATC
8002,TGGCCATCATTAGCGC,666486,CTATTGAGTACTGATC
8003,TGGCCTGCACAGCCAT,666635,GGATTGAGTACCTTGG
8004,TGGCCTGCACGAATTT,666672,GGATTGAGTACCGTGC
8005,TGGCCTGCACGTGCTG,666678,GGATTGAGTTACTTCT
8006,TGGCCTGCACTAAATC,666680,GGATTGAGTTTACCAA
8007,TGGCCTGCACTGGCTG,666692,GGATTGAGTAGGATCA
8008,TGGCCTGCAGATTCAT,666709,GGATTGAGTTATTTGG
8009,TGGCCTGCAGCTTAGC,666739,GGATTGAGTCTATCTT
8010,TGGCCTGCAGTAGCCT,666778,GGATTGAGTTGCTCAG
8011,TGGCCTGCATCAGCAC,666824,GGATTGAGTTGTGCGC
8012,TGGCCTGCATTAGCCA,666869,GGATTGAGTCCATTAA
8013,TGGCCTGCATTGTGTG,666891,GGATTGAGTTAAAGCG
8014,TGGCCTTTCAAGCCTG,666904,ATTGCGGAGATTCACT
8015,TGGCCTTTCAGCACGC,666950,ATTGCGGAGTTATGGA
8016,TGGCCTTTCATGCCTC,666984,ATTGCGGAGTTGTCAT
8017,TGGCCTTTCCCGCCTA,667039,ATTGCGGAGCCTAGTC
8018,TGGCCTTTCCTGGTCT,667103,ATTGCGGAGGTTGTAA
8019,TGGCCTTTCGGTTCCT,667173,ATTGCGGAGGCTCAAG
8020,TGGCGGTTCAAATCGC,667284,GGGTTTGAGCGAGTTG
8021,TGGCGGTTCACTAGGT,667325,GGGTTTGAGGCCAACA
8022,TGGCGGTTCATAACTG,667351,GGGTTTGAGCAGGTAT
8023,TGGCGGTTCGATAACC,667512,GGGTTTGAGGCCTTGT
8024,TGGCGGTTCGATCAGT,667514,GGGTTTGAGAACCTTT
8025,TGGCTAAGTATTGAGT,667738,CTTCCAGCACTCGCAC
8026,TGGCTAAGTGTGTCCC,667895,CTTCCAGCACTATGGA
8027,TGGCTAAGTTATTGCC,667954,CTTCCAGCAACGGTGT
8028,TGGCTAAGTTTAACCC,668012,CTTCCAGCATTAGCGA
8029,TGGCTATAGACTAAGG,668066,TGTCCTTTCACAATAG
8030,TGGCTATAGAGGAGGA,668079,TGTCCTTTCTAGCCAC
8031,TGGCTATAGCACCACA,668105,TGTCCTTTCTAACTGT
8032,TGGCTATAGGTGTTAC,668318,TGTCCTTTCGCAATCC
8033,TGGCTATAGTAGGCGG,668347,TGTCCTTTCCCGCTGA
8034,TGGCTATAGTTTGAGC,668424,TGTCCTTTCAAATCCT
8035,TGGCTTTGTGCTCCAC,668626,ACCTCATCATGCTTTA
8036,TGGCTTTGTTATCGAG,668718,ACCTCATCATCCTGGC
8037,TGGCTTTGTTCACCCA,668724,ACCTCATCAGCTAACA
8038,TGGCTTTGTTTGACCT,668796,ACCTCATCAGTAGGAG
8039,TGGCTTTGTTTGCAGA,668799,ACCTCATCAAGGAATA
8040,TGGGCATGTAATCGCA,668833,ACCACAACAACGGGAA
8041,TGGGCATGTGGATTAT,669021,ACCACAACATAATGCG
8042,TGGGCATGTGTGTGGT,669044,ACCACAACAAAGGCCT
8043,TGGGCATGTGTTTGCT,669054,ACCACAACATCCTAGT
8044,TGGGCCTAGACACCGC,669209,CATAACTTCAGGAGGG
8045,TGGGCCTAGATTGAGG,669240,CATAACTTCAAGCCAG
8046,TGGGCCTAGCTATATG,669322,CATAACTTCGTTAAAG
8047,TGGGCCTAGGTGAAGC,669461,CATAACTTCATAGCCC
8048,TGGTAAACAACTAACT,669613,AAGGAGGGTTCCCGTT
8049,TGGTAAACAACTGGGA,669619,AAGGAGGGTGCTCATG
8050,TGGTAAACAAGCTTAT,669628,AAGGAGGGTCCTAACG
8051,TGGTAAACACCTCGCT,669731,AAGGAGGGTTGGGTTT
8052,TGGTAAACATTAGGCC,669937,AAGGAGGGTGTCCGGT
8053,TGGTCAAGTAAGGTCC,669976,TTTCTAGCAATTTGGG
8054,TGGTCAGTCCATAATG,670477,TGGACCAAGGGTTGGC
8055,TGGTCAGTCGCTTCTA,670604,TGGACCAAGGATTGGT
8056,TGGTCAGTCGTAATCA,670625,TGGACCAAGGTTGCGA
8057,TGGTCATAGCATCCAG,670798,GGCTACTTCATCAGTT
8058,TGGTCATAGTAGGATG,671028,GGCTACTTCTAGTTAC
8059,TGGTCCTTCAAGTGTC,671126,GCGGTTAAGCAAGTCG
8060,TGGTCCTTCCAGGAAA,671240,GCGGTTAAGGTACCGA
8061,TGGTCCTTCCTAAGTA,671295,GCGGTTAAGTTTCTGG
8062,TGGTCCTTCCTAATTC,671298,GCGGTTAAGCTTGAAA
8063,TGGTCCTTCCTTGCAC,671330,GCGGTTAAGAGCAATC
8064,TGGTCCTTCGTACCGA,671394,GCGGTTAAGCTTAGAA
8065,TGGTCCTTCTTCAATC,671476,GCGGTTAAGAAGCTAC
8066,TGGTGATTCAAACCGT,671496,TCTGGTCAGCTAACTT
8067,TGGTGATTCATGCTCC,671587,TCTGGTCAGCTCCCTC
8068,TGGTGATTCCCATAGG,671634,TCTGGTCAGCTTATCG
8069,TGGTGATTCCCTCAGT,671645,TCTGGTCAGAGCTGCA
8070,TGGTGATTCCTAATGA,671681,TCTGGTCAGATATTGG
8071,TGGTGATTCGAGGAGT,671726,TCTGGTCAGTTCGCGT
8072,TGGTGATTCGCTTCTA,671756,TCTGGTCAGGATTGGT
8073,TGGTGATTCGTGCTTC,671784,TCTGGTCAGTCATAAG
8074,TGGTGCATCACCAATA,671913,AACATCAAGCAAACAC
8075,TGGTGCATCCCGAACA,672019,AACATCAAGGTCCCTG
8076,TGGTGCATCCTCACTA,672072,AACATCAAGTCAATCT
8077,TGGTGCATCGCTTGCT,672141,AACATCAAGAGCCGGT
8078,TGGTTAATCCGGGACT,672434,AGGACTTAGAATCTAG
8079,TGGTTAATCCTCACTA,672456,AGGACTTAGTCAATCT
8080,TGGTTAATCTTGAGGT,672631,AGGACTTAGGCTTAAA
8081,TGGTTCCTCAACCAAC,672654,AGTTTCTAGTCTTGCA
8082,TGGTTCCTCCGCCTCA,672814,AGTTTCTAGTCACCAC
8083,TGGTTCCTCCTAAGGT,672830,AGTTTCTAGGCTTCAC
8084,TGGTTCCTCGCTATGG,672905,AGTTTCTAGGAGTCGC
8085,TGGTTCCTCGGTACGC,672919,AGTTTCTAGCCATAAA
8086,TGGTTCCTCGTTTCCA,672946,AGTTTCTAGCCGCTAT
8087,TGGTTCCTCTCACAAA,672975,AGTTTCTAGGCATGGC
8088,TGGTTCCTCTCGCCTG,672987,AGTTTCTAGCTTTAAC
8089,TGGTTCTGTTGAGCCG,673347,ACTGCAACAGCAAATT
8090,TGGTTCTGTTTGACCT,673398,ACTGCAACAGTAGGAG
8091,TGGTTGAGTCATCATC,673523,TCTATTGCATTGCCCA
8092,TGGTTGAGTGAATCGC,673576,TCTATTGCAAATACCG
8093,TGGTTGAGTGCGCGTA,673606,TCTATTGCAAGTGCCG
8094,TGGTTGAGTGCTCCGT,673611,TCTATTGCAACAAGTT
8095,TGGTTGAGTTACATCC,673674,TCTATTGCAACAACAT
8096,TGGTTGAGTTGGATAT,673742,TCTATTGCAATGTCAG
8097,TGTAAAGCAAGGTGGC,673859,CGTTATAGTGCTAGCC
8098,TGTAAAGCACAGAACG,673917,CGTTATAGTATTCAGC
8099,TGTAACTCACTATGGC,674354,ATTGCACGTACTAGGA
8100,TGTAACTCAGGAATCG,674412,ATTGCACGTATCCGTG
8101,TGTAACTCAGGCTAAG,674427,ATTGCACGTGGTTAGA
8102,TGTAAGCTCACTTCAT,674612,CCATATTAGTGTCCAC
8103,TGTAAGCTCCCTCAAC,674711,CCATATTAGATTGACA
8104,TGTAAGCTCGCACAAT,674806,CCATATTAGGCTAGCA
8105,TGTAAGTGTGGACATC,675153,GACATTGCAATGAAGA
8106,TGTAATGTCACAAGCT,675356,TCAATCTAGCTAACGG
8107,TGTAATGTCCAAGTTA,675450,TCAATCTAGCTAATAG
8108,TGTAATGTCCAGGTTG,675461,TCAATCTAGTCATGCC
8109,TGTAATGTCGCCTGTT,675578,TCAATCTAGCCTTCAA
8110,TGTAATGTCTAAGTGC,675638,TCAATCTAGCAATAGC
8111,TGTAATGTCTTTAGGA,675709,TCAATCTAGGTGTTAA
8112,TGTATCCGTTACTTGC,675981,GCCAAACCATCAGTAG
8113,TGTCAATCAAACAACA,676479,GGTCCTAGTGTGTTAC
8114,TGTCAATCAACGTGCT,676514,GGTCCTAGTTCTCACC
8115,TGTCAATCAGCAATAA,676684,GGTCCTAGTACGTTTA
8116,TGTCAATCAGGCCTTG,676724,GGTCCTAGTCATGAAG
8117,TGTCAGTAGCGTGCGT,676985,GTCCTCCTCTTGCATG
8118,TGTCAGTAGCTATATG,676992,GTCCTCCTCGTTAAAG
8119,TGTCAGTAGGTTTGCG,677143,GTCCTCCTCAGCCTTA
8120,TGTCAGTAGTTAGGCT,677219,GTCCTCCTCAAACTGA
8121,TGTCAGTAGTTCCTGC,677230,GTCCTCCTCCGTCAAC
8122,TGTCATAAGCGAGCGA,677351,TACCTGATCGATATAG
8123,TGTCATAAGGATCACT,677437,TACCTGATCATTATGC
8124,TGTCATAAGTAGCCAT,677544,TACCTGATCCCTCATT
8125,TGTCATAAGTGAACGA,677580,TACCTGATCTGGATCC
8126,TGTCATAAGTTTGGGT,677628,TACCTGATCATAACGA
8127,TGTCCTGGTCATGCAA,677744,ACAGCACCAAGCCTGG
8128,TGTCCTGGTGCACGCA,677816,ACAGCACCATAAGCAT
8129,TGTCCTGGTTGTTCAC,677975,ACAGCACCAAATAAGG
8130,TGTCCTTCAAGACTCC,678056,TTCTAAGGTATGGTGA
8131,TGTCCTTCAATGAATG,678103,TTCTAAGGTCATCACG
8132,TGTCCTTCACAACAAA,678123,TTCTAAGGTTACGAAG
8133,TGTCCTTCACAGAAAC,678134,TTCTAAGGTGGGTAAC
8134,TGTCCTTCAGTAGGAT,678281,TTCTAAGGTGGATGCG
8135,TGTCCTTCAGTATGTT,678283,TTCTAAGGTGCAGTAA
8136,TGTCCTTCAGTTAGCC,678289,TTCTAAGGTCCCTCTG
8137,TGTCCTTCAGTTTGTG,678296,TTCTAAGGTGTTACTA
8138,TGTCCTTCATTAAACC,678367,TTCTAAGGTTATGTCA
8139,TGTCCTTCATTGACAT,678382,TTCTAAGGTCAATTGC
8140,TGTGAAACAAGCGAGC,678444,ACCCGTAGTGAGTCCC
8141,TGTGAAACAAGCTAAA,678446,ACCCGTAGTAATCGCT
8142,TGTGAAACAATCGCAC,678484,ACCCGTAGTTACAACC
8143,TGTGAAACACAAACTT,678503,ACCCGTAGTCAATACC
8144,TGTGAAACACAATGCC,678512,ACCCGTAGTCCAATTA
8145,TGTGAAACACCATATG,678537,ACCCGTAGTAATTGGG
8146,TGTGAAACAGTTTCTC,678678,ACCCGTAGTCACGATT
8147,TGTGAAACATATTGAC,678706,ACCCGTAGTGCCGGAA
8148,TGTGAAACATTCAGCA,678763,ACCCGTAGTAAGGGCT
8149,TGTGATCAGACAAACG,678792,TAGTGTTTCCCGCAAT
8150,TGTGATCAGAGGGACT,678819,TAGTGTTTCCCACCTC
8151,TGTGATCAGCACAGCC,678839,TAGTGTTTCCTCAGTA
8152,TGTGATCAGGTAACGA,679032,TAGTGTTTCATGCGGA
8153,TGTGATCAGGTCCACA,679041,TAGTGTTTCGTTAGCC
8154,TGTGATCAGTTAGGCT,679137,TAGTGTTTCAAACTGA
8155,TGTGATCAGTTATGGC,679142,TAGTGTTTCTGTGATT
8156,TGTGCAAGTTTACTTG,679518,GACATGCCATCAATCC
8157,TGTGCGCAGACTATTG,679953,GGTTTGCTCCACCTGG
8158,TGTGCGCAGCTTCCCG,680084,GGTTTGCTCATTCAGT
8159,TGTGCGCAGGCCATCA,680137,GGTTTGCTCGGTCAAG
8160,TGTGCGCAGTCACCAG,680241,GGTTTGCTCACAAATG
8161,TGTGCGGGTAATGACT,680340,CTGACAACATCCTCAG
8162,TGTGCGGGTGGAGCAA,680523,CTGACAACAGCCTAAA
8163,TGTGCGGGTGGATTAT,680525,CTGACAACATAATGCG
8164,TGTGCGGGTGGTTAGC,680533,CTGACAACAACCGTTT
8165,TGTGCGGGTTAGGACC,680592,CTGACAACACGCTAGG
8166,TGTGCGGGTTCACTGT,680611,CTGACAACAATAGCCA
8167,TGTGCTGAGCTCAATA,680831,GCCCTGATCATGGTCC
8168,TGTGCTGAGCTGTCAG,680844,GCCCTGATCGCGAGTA
8169,TGTGCTGAGGCATGTT,680899,GCCCTGATCACCTATG
8170,TGTGGAGCAACTGGGA,681123,CCTTAAAGTGCTCATG
8171,TGTGGAGCAATGAATG,681171,CCTTAAAGTCATCACG
8172,TGTGGAGCACAAGCCT,681194,CCTTAAAGTTCATTGA
8173,TGTGGAGCAGCAAATA,681280,CCTTAAAGTTGCGTGC
8174,TGTGGAGCAGCGCTTG,681301,CCTTAAAGTGGACAAC
8175,TGTGGAGCAGTAGCCT,681348,CCTTAAAGTTGCTCAG
8176,TGTGGAGCAGTTAAAG,681356,CCTTAAAGTAAATAGC
8177,TGTGGAGCATTGGGAG,681455,CCTTAAAGTGTCCACA
8178,TGTGGCCAGCCTGAGC,681562,CCGCCAATCCTTCATC
8179,TGTGGCCAGCGCCTTT,681578,CCGCCAATCTATTGAC
8180,TGTGGCCAGTCCTGAG,681787,CCGCCAATCAAACATG
8181,TGTGGCCAGTTAGGCT,681821,CCGCCAATCAAACTGA
8182,TGTGGCGGTAGCTGGT,681905,ACGATTGCAGGTTGCG
8183,TGTGGCGGTAGGATTT,681907,ACGATTGCATATTGCC
8184,TGTGGCGGTGATGATT,682027,ACGATTGCATCAGTTC
8185,TGTGGCGGTTCATCTA,682146,ACGATTGCAGGTAAGG
8186,TGTGGCGGTTGCTGGG,682176,ACGATTGCACTCAGTT
8187,TGTGGCGGTTGGCCGA,682180,ACGATTGCAAACCTAG
8188,TGTGGCGGTTTGGCTT,682224,ACGATTGCAATCTCTA
8189,TGTGGCGGTTTGGGCG,682225,ACGATTGCAAGGTGTC
8190,TGTGGCTCAAGGTGCA,682294,GGTTTACGTGCGTAAA
8191,TGTGGCTCAATAATGG,682306,GGTTTACGTCAATTCA
8192,TGTGGCTCACATGCTA,682363,GGTTTACGTTTGACTA
8193,TGTGGCTCACATTGCA,682365,GGTTTACGTTAAGTGG
8194,TGTGTGAGTATCTGGA,682684,TTTACTGCACCGTTGC
8195,TGTGTGAGTGATGAAA,682791,TTTACTGCATTAGCCT
8196,TGTGTGAGTTGAGCCG,682931,TTTACTGCAGCAAATT
8197,TGTGTGAGTTTAACCC,682964,TTTACTGCATTAGCGA
8198,TGTGTGAGTTTGGGCG,682991,TTTACTGCAAGGTGTC
8199,TGTGTTAAGCCGGTAC,683088,GGTAATATCCTACTAG
8200,TGTGTTAAGCTTGCTC,683152,GGTAATATCCTAATCG
8201,TGTGTTAAGGCTAATC,683219,GGTAATATCCGTCCAG
8202,TGTGTTAAGGTGCTGC,683268,GGTAATATCAAACTAG
8203,TGTGTTAAGTCTCACC,683325,GGTAATATCGCGCAAA
8204,TGTGTTAAGTTAGTTG,683355,GGTAATATCTACCTGA
8205,TGTGTTAAGTTATTCC,683360,GGTAATATCATGAAGC
8206,TGTGTTAAGTTTCCGC,683374,GGTAATATCCCGCACA
8207,TGTTACTTCAATTACG,683406,GGGACCTAGGACAACT
8208,TGTTACTTCAGGCCTA,683443,GGGACCTAGGCCCTTG
8209,TGTTACTTCGCCTAAG,683629,GGGACCTAGTAAAGGG
8210,TGTTACTTCGTTACAA,683673,GGGACCTAGTGCAACG
8211,TGTTACTTCGTTAGTA,683676,GGGACCTAGATTAGGC
8212,TGTTAGCAGACCATAC,683785,AGCTTTGTCTCCATGA
8213,TGTTAGCAGATTGAGG,683812,AGCTTTGTCAAGCCAG
8214,TGTTAGCAGCGATAGA,683874,AGCTTTGTCAAGGGTT
8215,TGTTAGCAGGCTAAGA,683986,AGCTTTGTCATTAGTC
8216,TGTTAGCAGTCAGTAC,684081,AGCTTTGTCTGCAACC
8217,TGTTATGAGCCAGTAT,684234,ATAGCAATCCCGGAAA
8218,TGTTATGAGCTGTAAC,684294,ATAGCAATCTCGACTA
8219,TGTTATGAGGCTAGAA,684374,ATAGCAATCACAGCCT
8220,TGTTATGAGTAACCCG,684434,ATAGCAATCCGTAATT
8221,TGTTATGAGTAGCTTA,684449,ATAGCAATCCCATAGC
8222,TGTTCATTCGTAATCA,684815,TCAGCCTAGGTTGCGA
8223,TGTTCCTCAATGCCTA,685010,AGTAAACGTAACCGTT
8224,TGTTCCTCAATTGCGC,685020,AGTAAACGTACTAACC
8225,TGTTCCTCAGCACGTT,685125,AGTAAACGTCAGTAAG
8226,TGTTCCTCAGCCGCTA,685133,AGTAAACGTGTCCGTA
8227,TGTTCCTCAGCTCATA,685142,AGTAAACGTTCAAGCT
8228,TGTTCCTCATAAGGAC,685205,AGTAAACGTACAATGG
8229,TGTTGCACACTTCACT,685486,TCCGTAGGTGCGTACC
8230,TGTTGCACAGGCTGTT,685552,TCCGTAGGTTCATTCT
8231,TGTTGCACAGGTCCTG,685558,TCCGTAGGTCACGCAC
8232,TGTTGCACATAGCTGC,685605,TCCGTAGGTCATCATA
8233,TGTTGCACATGAGTTT,685636,TCCGTAGGTCACAGGG
8234,TGTTGGCCAACCTAAT,685718,CCTAAGTGTAGCTTAC
8235,TGTTGGCCAAGTGTCC,685753,CCTAAGTGTGTGCGAG
8236,TGTTGGCCAATCTCTC,685773,CCTAAGTGTGAGGGTT
8237,TGTTGGCCAGTAGCCT,685952,CCTAAGTGTTGCTCAG
8238,TGTTGGCCATCACAGC,685996,CCTAAGTGTTCCTGGA
8239,TGTTGTAAGCTGTCAG,686216,GCTTTAGTCGCGAGTA
8240,TGTTGTAAGGGCCACT,686308,GCTTTAGTCCAACCTA
8241,TGTTGTGCAAACCTAT,686456,TAAGGATGTGCGCGAA
8242,TGTTGTGCAATAGCAA,686530,TAAGGATGTCCTCACT
8243,TGTTGTGCACCTATAG,686604,TAAGGATGTAACGAGC
8244,TGTTGTGCAGAATGAC,686645,TAAGGATGTCTTAGCG
8245,TGTTGTGCAGCACCAT,686659,TAAGGATGTTGACTAC
8246,TGTTGTGCATGAATAG,686784,TAAGGATGTTATCCGG
8247,TGTTGTGCATGAGCAG,686787,TAAGGATGTCATAACC
8248,TGTTGTTTCAGTGAAG,686905,CTCAGCTAGCCAATCC
8249,TGTTGTTTCATTTGCT,686952,CTCAGCTAGCTTTAGT
8250,TGTTGTTTCCGCAAAT,686997,CTCAGCTAGACCAGGC
8251,TGTTGTTTCCGCAAGC,686999,CTCAGCTAGATTCCGC
8252,TGTTGTTTCCGGGACT,687008,CTCAGCTAGAATCTAG
8253,TGTTGTTTCCGTTATT,687016,CTCAGCTAGTGCTGAG
8254,TGTTGTTTCGGCTATG,687103,CTCAGCTAGTGGCTTC
8255,TTAAAGGCAATGAATG,687695,TTACTGAGTCATCACG
8256,TTAAAGGCAATTAGCT,687702,TTACTGAGTCCAAATC
8257,TTAAAGGCACCTCAGG,687758,TTACTGAGTGAGTTTC
8258,TTAAAGGCAGCAAGGC,687808,TTACTGAGTCGCATAT
8259,TTAAAGGCATCCCTCA,687925,TTACTGAGTTAAGTCC
8260,TTAAAGGCATTATGAC,687968,TTACTGAGTTGGGTAA
8261,TTAACCAAGAACCTAC,687993,AGGTTCCTCATTAACC
8262,TTAACCAAGCGAGCGA,688093,AGGTTCCTCGATATAG
8263,TTAACCAAGCTTAGTA,688140,AGGTTCCTCCGCTAAC
8264,TTAACCAAGCTTATGA,688141,AGGTTCCTCACTAATC
8265,TTAACCAAGCTTCTCA,688143,AGGTTCCTCTTTAGGT
8266,TTAACCAAGGCAATAG,688187,AGGTTCCTCCATCACA
8267,TTAACCAAGGCGCTAC,688205,AGGTTCCTCGCTAGCT
8268,TTAACCAAGTAGCCAT,688286,AGGTTCCTCCCTCATT
8269,TTAACTGAGATAAAGC,688412,ATGGGCATCATGGTTT
8270,TTAACTGAGCAGCTAT,688439,ATGGGCATCCATGCTA
8271,TTAACTGAGCATGCAT,688447,ATGGGCATCCCAATTG
8272,TTAACTGAGCTCATAA,688508,ATGGGCATCCCTGTGG
8273,TTAACTGAGGGACTAA,688608,ATGGGCATCCGCCTAG
8274,TTAAGCCAGCACAGGG,688816,GCTCGATTCCAATTGT
8275,TTAAGCCAGCTCGCTT,688896,GCTCGATTCACACCGT
8276,TTAAGCCAGGCTACTG,688981,GCTCGATTCCTTGAGC
8277,TTAAGGACAAAGCGGC,689154,TATTACGGTGGATTAG
8278,TTAAGGACAAAGCTAA,689155,TATTACGGTTTCCAGG
8279,TTAAGGACACAGGAAT,689267,TATTACGGTTGTCAGT
8280,TTAAGGACACTGGCCA,689321,TATTACGGTCCTGAGC
8281,TTAAGGACAGCAATAA,689346,TATTACGGTACGTTTA
8282,TTAAGGACAGGATGGC,689379,TATTACGGTTGTTTGA
8283,TTAAGGACAGGCATCT,689382,TATTACGGTAGGTTTC
8284,TTAAGGACATAAGTTC,689431,TATTACGGTGGACATA
8285,TTAAGGACATTTAAGC,689523,TATTACGGTTCACTTT
8286,TTAAGGTGTAGCTAGC,689579,TTATCGCCAATTGACG
8287,TTAAGGTGTGTTTGCT,689768,TTATCGCCATCCTAGT
8288,TTAAGTGTCCTAGTTT,690098,GTCCTTAAGGTCCGTT
8289,TTAAGTGTCCTCAGTC,690102,GTCCTTAAGAAGCAAG
8290,TTAAGTGTCGGGCCAT,690177,GTCCTTAAGCATATTC
8291,TTAAGTGTCTGCAACG,690250,GTCCTTAAGCCTTGCG
8292,TTAAGTGTCTTAGTGA,690271,GTCCTTAAGTGGACCA
8293,TTAATCGAGCTCATAA,690426,AAATCGATCCCTGTGG
8294,TTAATCGAGGCCCAGT,690498,AAATCGATCAATCCAT
8295,TTAATCGAGGGTCTAT,690536,AAATCGATCTCAAATC
8296,TTACACCGTAGTTGGC,690742,GATTACGCAAGGGCTT
8297,TTACACCGTATTGTGG,690755,GATTACGCAGTCTATC
8298,TTACACCGTCTCACTG,690828,GATTACGCAAGGGAGC
8299,TTACACCGTTAGCTGA,690951,GATTACGCAACGGTAC
8300,TTACACCGTTGGTGAC,691009,GATTACGCATCAAGCA
8301,TTACACCGTTTAGTCC,691031,GATTACGCAATACCGA
8302,TTACAGCAGCAAGACA,691108,TAGTCATTCGCATTAT
8303,TTACAGCAGGCACAGG,691256,TAGTCATTCGCTCAAC
8304,TTACAGCAGGCGCACT,691271,TAGTCATTCAATGTGA
8305,TTACAGCAGGGACCTC,691290,TAGTCATTCCGTTATG
8306,TTACAGCAGTAAGTCC,691348,TAGTCATTCCTAGGTC
8307,TTACCGTGTCCTAACT,691569,CTGTCATCACCTTCAG
8308,TTACCGTGTGTTTGCT,691684,CTGTCATCATCCTAGT
8309,TTACCGTGTTCACCAT,691735,CTGTCATCATTACGGA
8310,TTACCGTGTTGTTCAC,691785,CTGTCATCAAATAAGG
8311,TTACCTGTCATGAGCT,691909,TTCAGTTAGAGGAATG
8312,TTACCTGTCGGTTTGG,692103,TTCAGTTAGTCATTAC
8313,TTACCTGTCTCCTCTT,692160,TTCAGTTAGCTGCATC
8314,TTACCTGTCTTTGAGA,692205,TTCAGTTAGACATAGC
8315,TTACCTGTCTTTGTAC,692206,TTCAGTTAGGTGGAAA
8316,TTACGTTTCAGCACCA,692261,CGATCCTAGTGTTTGT
8317,TTACGTTTCAGCACGC,692262,CGATCCTAGTTATGGA
8318,TTACGTTTCCGCCTAT,692373,CGATCCTAGCTTGCAC
8319,TTACGTTTCTTAGCCC,692566,CGATCCTAGTCTTAGT
8320,TTAGAAGCAAGGTCCT,692652,CTGTGGCGTTTGGCTG
8321,TTAGAAGCAATTGAAG,692691,CTGTGGCGTAGTCCTG
8322,TTAGAAGCACAATACT,692705,CTGTGGCGTTTCTCAT
8323,TTAGAAGCACCACAAC,692728,CTGTGGCGTGTTCCTC
8324,TTAGAAGCACTTAACG,692773,CTGTGGCGTAAGTCCT
8325,TTAGAAGCAGAAATGC,692780,CTGTGGCGTTATGGGA
8326,TTAGAAGCATGCTCCC,692931,CTGTGGCGTAGTAGCA
8327,TTAGACTCAAGGTGGC,693039,CGAGTAAGTGCTAGCC
8328,TTAGACTCACTGACTA,693154,CGAGTAAGTTAAACGG
8329,TTAGACTCAGAGAGCC,693169,CGAGTAAGTAGCTGTT
8330,TTAGACTCAGTACCGT,693241,CGAGTAAGTATAGCTC
8331,TTAGACTCATGAATCT,693307,CGAGTAAGTTTATGTG
8332,TTAGCAATCACCGGTA,693395,CACTTCAAGCCTTAAT
8333,TTAGCAATCATTTGCT,693474,CACTTCAAGCTTTAGT
8334,TTAGCAATCCTGGCTT,693566,CACTTCAAGTCACTCA
8335,TTAGCAATCGCTTGCT,693621,CACTTCAAGAGCCGGT
8336,TTAGCAATCTAGCGTG,693678,CACTTCAAGCGCAACA
8337,TTAGCAGGTGTGTCCC,693975,CGCTCACCACTATGGA
8338,TTAGCCTGTCAATGTG,694217,CAGGAAGCACCTGTAT
8339,TTAGCCTGTTAGGTTG,694407,CAGGAAGCATTAACCC
8340,TTAGCCTGTTGTTGTC,694472,CAGGAAGCAAATGCGC
8341,TTAGCCTGTTTGAGCA,694493,CAGGAAGCATAGACGC
8342,TTAGCGGTCAAGCGCC,694517,GTCATAAAGCCTGTCG
8343,TTAGCGGTCCGTCCAT,694683,GTCATAAAGGCAACAT
8344,TTAGCGGTCTAACTGA,694812,GTCATAAAGCGTATTT
8345,TTAGCTGCACGGTTTA,695055,CCTGAATGTTCGCTTC
8346,TTAGCTGCAGAAATGC,695080,CCTGAATGTTATGGGA
8347,TTAGGAACACAACAGG,695386,CCAATACGTATTGCGT
8348,TTAGGAACACAGCCAT,695399,CCAATACGTACCTTGG
8349,TTAGGAACAGCACCAT,695481,CCAATACGTTGACTAC
8350,TTAGGAACAGCATTAT,695488,CCAATACGTTGAGGGT
8351,TTAGGAACAGGATGGC,695513,CCAATACGTTGTTTGA
8352,TTAGGATGTCCTCCAA,695791,GCAAACCCAGAGAGGC
8353,TTAGGATGTGAGACTC,695827,GCAAACCCAAAGAAGC
8354,TTAGGATGTTAATGAC,695916,GCAAACCCATGCTGGG
8355,TTAGGATGTTACAAAC,695918,GCAAACCCATTAGCAG
8356,TTAGGATGTTATGTGG,695949,GCAAACCCATCCTGTG
8357,TTAGGCCCAAACTGTT,696051,TGAATCCGTTTGTTGA
8358,TTAGGCCCAAAGCTAA,696055,TGAATCCGTTTCCAGG
8359,TTAGGCCCAACCCTAA,696071,TGAATCCGTTCCGGGT
8360,TTAGGCCCAATTTGGT,696146,TGAATCCGTTTGAGTC
8361,TTAGGCCCACAAAGGT,696150,TGAATCCGTCACACCA
8362,TTAGGCCCACTTCATC,696227,TGAATCCGTATTTGGC
8363,TTAGGCCCAGCAAGAT,696243,TGAATCCGTTTACTGA
8364,TTAGGCCCAGGAATCG,696274,TGAATCCGTATCCGTG
8365,TTAGGCCCAGTGAACG,696315,TGAATCCGTATGTTGC
8366,TTAGGCCCATCGCTTT,696366,TGAATCCGTTGCTGGC
8367,TTAGGCCCATGTCGCG,696389,TGAATCCGTGAGTTAG
8368,TTAGGCCCATTATGAC,696404,TGAATCCGTTGGGTAA
8369,TTAGGCGTCACTCAAA,696472,GCGAGCTAGGTGCGTA
8370,TTAGGCGTCCCATAAA,696563,GCGAGCTAGTTAGGAC
8371,TTAGGCGTCCGTTAAA,696603,GCGAGCTAGTAACCGG
8372,TTAGGCGTCGGGCCAT,696695,GCGAGCTAGCATATTC
8373,TTAGGCGTCGTTAGTA,696720,GCGAGCTAGATTAGGC
8374,TTAGGCGTCTATTGTC,696749,GCGAGCTAGCAACCCT
8375,TTAGGCGTCTTCAATC,696790,GCGAGCTAGAAGCTAC
8376,TTAGGCGTCTTGGACG,696799,GCGAGCTAGAATCACA
8377,TTAGGCTAGCGATAGA,696918,CCTCAAATCAAGGGTT
8378,TTAGGCTAGCTAATTG,696935,CCTCAAATCCTAGTGC
8379,TTAGGCTAGGCAGGTG,697009,CCTCAAATCGGGATGC
8380,TTAGGCTAGGCTGGCT,697037,CCTCAAATCTCACAGC
8381,TTAGTCAAGAATCTCA,697202,CACGTTATCTTAGGTT
8382,TTAGTCAAGCCATCAG,697279,CACGTTATCGAGCAAT
8383,TTAGTCAAGCGAGGTG,697298,CACGTTATCCAATATC
8384,TTAGTCAAGCTGGCTA,697337,CACGTTATCTGGAAAC
8385,TTAGTCAAGGCCAATT,697398,CACGTTATCTTAGCTG
8386,TTATAGCCACAAAGAC,697684,CGTCAATGTGACGTAA
8387,TTATAGCCACCTATAG,697728,CGTCAATGTAACGAGC
8388,TTATAGCCAGTTTGGC,697859,CGTCAATGTCGGTTAT
8389,TTATAGCCATGAGCAG,697911,CGTCAATGTCATAACC
8390,TTATAGCCATGTTGTG,697929,CGTCAATGTCGTAATC
8391,TTATCCGTCATGAAGG,698045,GCAAGAAAGTAAGCGT
8392,TTATCCGTCCTCAGTC,698156,GCAAGAAAGAAGCAAG
8393,TTATCCGTCGACAAAG,698187,GCAAGAAAGAAAGGCA
8394,TTATCCGTCGAGGAGT,698192,GCAAGAAAGTTCGCGT
8395,TTATCCGTCGCTATGG,698219,GCAAGAAAGGAGTCGC
8396,TTATCCGTCTCCTCTT,698298,GCAAGAAAGCTGCATC
8397,TTATCCTAGCTGAGGG,698485,TCATGCATCCGGATTC
8398,TTATCCTAGGAGCAAC,698524,TCATGCATCCTAAATC
8399,TTATCCTAGGCTAATC,698567,TCATGCATCCGTCCAG
8400,TTATCCTAGGTTAGAG,698621,TCATGCATCAATCGTT
8401,TTATCCTAGTCCTGAG,698667,TCATGCATCAAACATG
8402,TTATCCTAGTTATTCC,698708,TCATGCATCATGAAGC
8403,TTATCCTAGTTTGAGC,698724,TCATGCATCAAATCCT
8404,TTATGACCAATGCCCG,698821,ATCCATAGTTGAGTCT
8405,TTATGACCACCTGTAA,698887,ATCCATAGTTTATGGC
8406,TTATGACCACTATGGC,698904,ATCCATAGTACTAGGA
8407,TTATGACCATGGCCCA,699072,ATCCATAGTACTTCGG
8408,TTATGACCATTAGCCA,699087,ATCCATAGTCCATTAA
8409,TTATTGCTCATTACGA,699599,TTGACGGAGGCACTAG
8410,TTATTGCTCATTCATC,699605,TTGACGGAGACAAGCT
8411,TTATTGCTCATTTGCT,699612,TTGACGGAGCTTTAGT
8412,TTATTGCTCGCTAGAT,699751,TTGACGGAGAATGACC
8413,TTATTGCTCTAGCGTG,699816,TTGACGGAGCGCAACA
8414,TTATTGCTCTGTGCCT,699850,TTGACGGAGAGGCTTG
8415,TTCAACCGTTAGCTGA,700157,TGTGGCGCAACGGTAC
8416,TTCAACCGTTCATTTG,700179,TGTGGCGCAAGGCTTA
8417,TTCACTGTCAAGCTAC,700274,CATACTTAGCAAGACT
8418,TTCACTGTCACAGCCA,700293,CATACTTAGTAACACA
8419,TTCACTGTCATGCTTT,700356,CATACTTAGTGAGGCC
8420,TTCACTGTCATGGCCA,700357,CATACTTAGGTATGGT
8421,TTCACTGTCATTTGCT,700378,CATACTTAGCTTTAGT
8422,TTCACTGTCCCGTTGT,700409,CATACTTAGGTAGCTG
8423,TTCACTGTCCTGAATA,700465,CATACTTAGTGGCTAG
8424,TTCACTGTCCTTCGTA,700479,CATACTTAGAACCTAA
8425,TTCACTGTCGCAAACT,700503,CATACTTAGTTAGCTT
8426,TTCACTGTCGCACAAT,700506,CATACTTAGGCTAGCA
8427,TTCAGCACAATTAGCT,700744,GCAACAAGTCCAAATC
8428,TTCAGTTTCAGCAAAG,701467,GGGATAAAGTAATGCA
8429,TTCAGTTTCCGGTTAG,701588,GGGATAAAGGGTCCAA
8430,TTCAGTTTCCTGATGG,701619,GGGATAAAGTAGTTAG
8431,TTCAGTTTCGGTCAAT,701688,GGGATAAAGTTTACGT
8432,TTCATCCCAAGGTATA,701859,GTTAGAGGTGAACAAT
8433,TTCATCCCAATGCGCT,701893,GTTAGAGGTTTCACCC
8434,TTCATCCCACTAAGAA,701969,GTTAGAGGTGTCACGC
8435,TTCATCCCAGCAAGTG,702003,GTTAGAGGTCTAATCA
8436,TTCATCCCAGCAATAA,702004,GTTAGAGGTACGTTTA
8437,TTCATCCCAGCACGTT,702007,GTTAGAGGTCAGTAAG
8438,TTCATCCCAGGCTTCG,702051,GTTAGAGGTAACCGGG
8439,TTCATCCCAGTGAACG,702073,GTTAGAGGTATGTTGC
8440,TTCATCCCATAATCGT,702092,GTTAGAGGTTCTTTGT
8441,TTCATCCCATGTTGTG,702151,GTTAGAGGTCGTAATC
8442,TTCATCCCATTAAGCT,702155,GTTAGAGGTGCTCCTT
8443,TTCATTCAGAAAGGAA,702185,GCCATTATCACTCGCG
8444,TTCATTCAGCTTAGTA,702334,GCCATTATCCGCTAAC
8445,TTCATTCAGGAACACA,702342,GCCATTATCAGCAATA
8446,TTCATTCAGTTAGAGG,702536,GCCATTATCTAAGCTT
8447,TTCCACGGTGCTCCGT,702765,GCCTCACCAACAAGTT
8448,TTCCACGGTTCTTTAG,702879,GCCTCACCATTTGGCT
8449,TTCCACGGTTTGACCT,702934,GCCTCACCAGTAGGAG
8450,TTCCCACAGCCGCAGT,703037,GCTTATGTCAATTAGG
8451,TTCCCACAGCGAGCGA,703053,GCTTATGTCGATATAG
8452,TTCCCACAGGACTTAC,703127,GCTTATGTCGCCTGTG
8453,TTCCCACAGGAGTCGG,703136,GCTTATGTCAATCGGG
8454,TTCCCACAGTAACCAC,703233,GCTTATGTCTCAAACT
8455,TTCCCACAGTAAGTGG,703241,GCTTATGTCCTAACTG
8456,TTCCCACAGTGAGCAA,703286,GCTTATGTCTAATCGT
8457,TTCCCGCCAAATACCT,703351,ATTTCCTGTCAATGAG
8458,TTCCCGCCAATCGCAC,703420,ATTTCCTGTTACAACC
8459,TTCCCGCCACAGCCAT,703457,ATTTCCTGTACCTTGG
8460,TTCCCGCCATCGCTTT,703658,ATTTCCTGTTGCTGGC
8461,TTCCTCAAGACACTTA,703734,AGCTAGGTCCTAAGCC
8462,TTCCTCAAGCATTATG,703796,AGCTAGGTCTCCTCAT
8463,TTCCTCAAGCCTGATG,703815,AGCTAGGTCAGGTTGG
8464,TTCCTCAAGGTTACGT,703992,AGCTAGGTCTAATCCG
8465,TTCCTTCTCCGGTTGA,704275,GGTTAACAGTGGCCAA
8466,TTCCTTCTCCTGGTCT,704309,GGTTAACAGGTTGTAA
8467,TTCCTTCTCGCCTAAG,704349,GGTTAACAGTAAAGGG
8468,TTCCTTCTCGGTAACT,704372,GGTTAACAGTTACGTT
8469,TTCCTTCTCTCCATGC,704436,GGTTAACAGTTACATC
8470,TTCCTTCTCTTGCTAT,704474,GGTTAACAGCCATCAC
8471,TTCCTTCTCTTGGATA,704476,GGTTAACAGCCTAATT
8472,TTCCTTGAGCAAGGGT,704539,AAATCCTTCAGAAAGG
8473,TTCCTTGAGGAACCGG,704646,AAATCCTTCCTAACCA
8474,TTCCTTGAGGCTGGCT,704713,AAATCCTTCTCACAGC
8475,TTCCTTGAGTAGGATG,704786,AAATCCTTCTAGTTAC
8476,TTCCTTGAGTGAACCT,704817,AAATCCTTCAGGGCTA
8477,TTCGCAACAACTGGCT,704910,CAGTAAGGTCTTGACG
8478,TTCGCAACAAGCTACC,704919,CAGTAAGGTGGCTTCA
8479,TTCGCAACACTGGCCA,705049,CAGTAAGGTCCTGAGC
8480,TTCGCAACATTGTCCT,705245,CAGTAAGGTCCTTAGG
8481,TTCGCAACATTGTTGG,705250,CAGTAAGGTCACCAAT
8482,TTCGGTACAACAACAA,705276,ATTGCCGGTTCAATTG
8483,TTCGGTACAACGTGCT,705288,ATTGCCGGTTCTCACC
8484,TTCGGTACAATTATGC,705352,ATTGCCGGTTGTCATA
8485,TTCGGTACACCCACCT,705395,ATTGCCGGTCCAGCAC
8486,TTCGGTACACTAAGCC,705424,ATTGCCGGTTAGGCGG
8487,TTCGGTACACTGACTA,705432,ATTGCCGGTTAAACGG
8488,TTCGGTACACTGGCTG,705434,ATTGCCGGTAGGATCA
8489,TTCGGTACAGAAACGT,705441,ATTGCCGGTGCACGCT
8490,TTCGGTACAGTAAGTA,705517,ATTGCCGGTGAACCGG
8491,TTCGGTACATGACTAT,705586,ATTGCCGGTTAGCTCG
8492,TTCGTGCTCGATTATG,705873,CTATATCAGGAACAAG
8493,TTCGTGCTCGCACACA,705881,CTATATCAGTAGAGGA
8494,TTCGTGCTCGTACCGA,705920,CTATATCAGCTTAGAA
8495,TTCGTGCTCGTTAAGC,705928,CTATATCAGCAAATCA
8496,TTCGTGCTCTCACTCA,705969,CTATATCAGCCTTTCT
8497,TTCGTGCTCTTAGGGT,705999,CTATATCAGCATTAAG
8498,TTCGTTAGTAATCGCA,706043,TAATAGCCAACGGGAA
8499,TTCGTTAGTGGATTAT,706231,TAATAGCCATAATGCG
8500,TTCGTTAGTTACGCGG,706286,TAATAGCCAACGGTTA
8501,TTCTTAGGTAACGTGC,706413,GCCAGCACATTGAGGC
8502,TTCTTAGGTGCTCCAC,706600,GCCAGCACATGCTTTA
8503,TTCTTAGGTTACATCC,706664,GCCAGCACAACAACAT
8504,TTGACATCAAGCCACT,706830,AAGCTAGGTTTACCGG
8505,TTGACATCATGAATCT,707117,AAGCTAGGTTTATGTG
8506,TTGACATCATTGTCAG,707160,AAGCTAGGTTTAATCG
8507,TTGACTAAGCACTAGT,707617,CCAGGAATCCGCCATG
8508,TTGACTAAGCGCCTTT,707666,CCAGGAATCTATTGAC
8509,TTGACTAAGGACAATG,707722,CCAGGAATCGAGGAGG
8510,TTGACTAAGTATTGGC,707859,CCAGGAATCACTTGCA
8511,TTGAGCTAGGCGTAAA,708157,TTCGTTCTCCGGGTTT
8512,TTGAGCTAGTATTGGC,708243,TTCGTTCTCACTTGCA
8513,TTGAGCTAGTCTCACC,708265,TTCGTTCTCGCGCAAA
8514,TTGAGCTAGTTGCGTG,708306,TTCGTTCTCATAGCGG
8515,TTGAGGCGTACCAGGT,708352,TAGGAGGCATAATCGG
8516,TTGAGGCGTAGCCTCC,708373,TAGGAGGCATGAGCTA
8517,TTGAGGCGTCAGTAAT,708426,TAGGAGGCAACCAAAT
8518,TTGAGGCGTTAATGCG,708579,TAGGAGGCACCTCGAC
8519,TTGAGGCGTTACCTGT,708584,TAGGAGGCATGAATCG
8520,TTGAGGCGTTGGCCGA,708652,TAGGAGGCAAACCTAG
8521,TTGATGTCAAGGTGCA,708766,GGTGTTTGTGCGTAAA
8522,TTGATGTCAGAATGAC,708895,GGTGTTTGTCTTAGCG
8523,TTGATGTCAGCTTAGC,708931,GGTGTTTGTCTATCTT
8524,TTGATGTCAGTTTGGC,708985,GGTGTTTGTCGGTTAT
8525,TTGATGTCATCAGCAC,709016,GGTGTTTGTTGTGCGC
8526,TTGATGTCATGAATAG,709034,GGTGTTTGTTATCCGG
8527,TTGCAACAGAGGGACT,709125,AATGTGATCCCACCTC
8528,TTGCAACAGGACCGCT,709259,AATGTGATCATAACCT
8529,TTGCAACAGGTAAGGC,709340,AATGTGATCCCTCGCT
8530,TTGCAACAGGTTTGCG,709367,AATGTGATCAGCCTTA
8531,TTGCAAGGTGAACAAA,709632,GGTCAACCAAATGCTG
8532,TTGCAAGGTGTGTGGT,709704,GGTCAACCAAAGGCCT
8533,TTGCAATCAAGTTATC,709923,AAGGGAGGTTGGCCAC
8534,TTGCAATCAATCATGT,709936,AAGGGAGGTAGAGGGA
8535,TTGCAATCACCCACAG,709994,AAGGGAGGTCGCAACC
8536,TTGCAATCAGCAAGTG,710057,AAGGGAGGTCTAATCA
8537,TTGCAATCAGTTTGGC,710135,AAGGGAGGTCGGTTAT
8538,TTGCACACACCCACCT,710379,GAAACTGGTCCAGCAC
8539,TTGCACACAGCCTGCA,710455,GAAACTGGTTTCTAAG
8540,TTGCACACAGGAAGCC,710469,GAAACTGGTGCGATTT
8541,TTGCAGCCACAATGCC,710736,TAACAGGGTCCAATTA
8542,TTGCAGCCACCACAAC,710758,TAACAGGGTGTTCCTC
8543,TTGCAGCCATGCTCCC,710961,TAACAGGGTAGTAGCA
8544,TTGCATTTCACCTGTC,711043,CGCTACTAGTGTGGTG
8545,TTGCATTTCCTTGCGT,711225,CGCTACTAGATTCATC
8546,TTGCATTTCGTTAGCG,711299,CGCTACTAGATGAAGG
8547,TTGCATTTCTCATCAT,711338,CGCTACTAGTCAATTC
8548,TTGCATTTCTTTGACT,711386,CGCTACTAGCCCTTGG
8549,TTGCCCGTCAATTACG,711414,TTTGTCGAGGACAACT
8550,TTGCCCGTCACAGCCA,711419,TTTGTCGAGTAACACA
8551,TTGCCCGTCCCGCCTA,711533,TTTGTCGAGCCTAGTC
8552,TTGCCCGTCCGCAAGC,711551,TTTGTCGAGATTCCGC
8553,TTGCCCGTCGGGACTC,711657,TTTGTCGAGCCATAGG
8554,TTGCCCGTCGGGCCAT,711659,TTTGTCGAGCATATTC
8555,TTGCCCGTCTCATCAT,711722,TTTGTCGAGTCAATTC
8556,TTGCCCGTCTCGACCT,711727,TTTGTCGAGTATTTGC
8557,TTGCCCGTCTGGTCCT,711737,TTTGTCGAGTCAACAA
8558,TTGCGAGTCAATCTAG,711792,CCACACTAGTAAGCTA
8559,TTGCGAGTCCGCAACA,711934,CCACACTAGGAGTATC
8560,TTGCGAGTCCTCATCA,711969,CCACACTAGGATCCAG
8561,TTGCGAGTCGCACAAT,712016,CCACACTAGGCTAGCA
8562,TTGCGAGTCGGGACCT,712040,CCACACTAGCTGGATG
8563,TTGCGAGTCTTAGTGA,712137,CCACACTAGTGGACCA
8564,TTGCTCTCAAGTTATC,712611,AATGCCTGTTGGCCAC
8565,TTGCTCTCACAAAGAC,712648,AATGCCTGTGACGTAA
8566,TTGCTCTCACCATATG,712681,AATGCCTGTAATTGGG
8567,TTGCTCTCAGGCATCT,712782,AATGCCTGTAGGTTTC
8568,TTGCTCTCATGTTTGG,712894,AATGCCTGTTTATCCT
8569,TTGCTTAGTATTTGCC,713006,AATGGCCCACCTAACT
8570,TTGCTTAGTCATCCTG,713036,AATGGCCCAATAAAGG
8571,TTGCTTAGTTGCGGAT,713250,AATGGCCCATCCCAAT
8572,TTGCTTTAGACAAACG,713318,CTCAAGCTCCCGCAAT
8573,TTGCTTTAGCATTATG,713386,CTCAAGCTCTCCTCAT
8574,TTGCTTTAGCGGATAA,713423,CTCAAGCTCCTCCCAC
8575,TTGCTTTAGCTTAGCG,713457,CTCAAGCTCGAGGCGT
8576,TTGCTTTAGGCGCATC,713522,CTCAAGCTCAGGATTA
8577,TTGCTTTAGGTCAAAG,713564,CTCAAGCTCCTTTAGG
8578,TTGCTTTAGGTCTTGG,713573,CTCAAGCTCTGTTGGC
8579,TTGCTTTAGGTGTTAC,713580,CTCAAGCTCGCAATCC
8580,TTGCTTTAGTAAGGGC,713597,CTCAAGCTCGGTTACC
8581,TTGCTTTAGTGTTGCG,713654,CTCAAGCTCGCTAATT
8582,TTGGAGGCAAGTGTTT,713760,CCTTACCGTGATGCAA
8583,TTGGAGGCACAGGAAT,713817,CCTTACCGTTGTCAGT
8584,TTGGAGGCAGGTATTT,713947,CCTTACCGTTACGCCA
8585,TTGGATATCATAAGCC,714148,TCAACAAAGGCGATAT
8586,TTGGATATCATCACTT,714152,TCAACAAAGCAATACA
8587,TTGGATATCATGCGTG,714165,TCAACAAAGCTAATCT
8588,TTGGATATCCTAATGA,714261,TCAACAAAGATATTGG
8589,TTGGATATCGCAGGCT,714320,TCAACAAAGGTCATTT
8590,TTGGATATCTCCATAT,714409,TCAACAAAGCAATTGA
8591,TTGGATCAGAGGAGGA,714493,TCTCACTTCTAGCCAC
8592,TTGGATCAGCATTAGC,714537,TCTCACTTCGTGATAA
8593,TTGGATCAGGAGTCTT,714647,TCTCACTTCGATAAGC
8594,TTGGATCAGGCACAGG,714658,TCTCACTTCGCTCAAC
8595,TTGGATCAGGCCTAAT,714668,TCTCACTTCCGCCTCT
8596,TTGGATTCACATACTG,714973,GAAGCTAGTCGGTTCA
8597,TTGGATTCACGTTACA,715011,GAAGCTAGTTACAGCT
8598,TTGGATTCAGGTCCTG,715100,GAAGCTAGTCACGCAC
8599,TTGGCGGGTCATGCCC,715341,CGTGCCTCATTCCTGG
8600,TTGGCGGGTTCGCTTG,715536,CGTGCCTCACTTGCTG
8601,TTGGCGGGTTTGGCTT,715602,CGTGCCTCAATCTCTA
8602,TTGGCTACACATAACT,715738,GCGTAAAGTTTCCGGA
8603,TTGGCTACACTTAACG,715791,GCGTAAAGTAAGTCCT
8604,TTGGCTACAGCATTAT,715822,GCGTAAAGTTGAGGGT
8605,TTGGCTACATTCAGCA,715975,GCGTAAAGTAAGGGCT
8606,TTGGCTGAGACTAAGG,716014,ACCCTGGTCACAATAG
8607,TTGGCTTGTACCAGGT,716408,CCAGTTTCATAATCGG
8608,TTGGCTTGTAGGTGTC,716436,CCAGTTTCACGCCCAT
8609,TTGGCTTGTGCTCCGT,716575,CCAGTTTCAACAAGTT
8610,TTGGCTTGTGTTTGTC,716621,CCAGTTTCACAAACGC
8611,TTGGGCCAGACTAAGG,716780,GACACCTTCACAATAG
8612,TTGGGCCAGGGACTAA,716994,GACACCTTCCGCCTAG
8613,TTGGGCCAGGTTAGCT,717036,GACACCTTCTAACCAT
8614,TTGGGCCAGTTAGAGG,717112,GACACCTTCTAAGCTT
8615,TTGGGCGGTAGTCAAT,717207,AAAGGCGCAGGTATAT
8616,TTGGGCGGTGGACCTG,717350,AAAGGCGCACAATAAC
8617,TTGGGCGGTGTTAAAC,717377,AAAGGCGCACCGGTAG
8618,TTGGGCGGTTCATTTG,717441,AAAGGCGCAAGGCTTA
8619,TTGGGCGGTTTACTTG,717496,AAAGGCGCATCAATCC
8620,TTGGGTTAGATGCCTG,717568,GTGTGAGTCCAAATAG
8621,TTGGGTTAGCCTTAAA,717627,GTGTGAGTCTGGTCTA
8622,TTGGGTTAGGACCTCA,717698,GTGTGAGTCAGGAATC
8623,TTGGGTTAGGGTTATC,717775,GTGTGAGTCGTCCTAA
8624,TTGGGTTAGTATTGTG,717832,GTGTGAGTCAGGAGCC
8625,TTGGGTTAGTTCCCGT,717890,GTGTGAGTCCTAATGT
8626,TTGGTGAGTAGTAAGA,717972,TACGGACCATGATGGC
8627,TTGGTGAGTGTTGTGA,718149,TACGGACCATGAAGCC
8628,TTGGTGAGTTACTTCA,718176,TACGGACCATAAACCG
8629,TTGGTGAGTTGGATCA,718239,TACGGACCATCCTTAA
8630,TTGTAAGTCATGTGGT,718390,CGCAATGAGTGGCGGT
8631,TTGTAAGTCCTCCCTC,718490,CGCAATGAGTGATTCT
8632,TTGTAAGTCGAGGAGT,718522,CGCAATGAGTTCGCGT
8633,TTGTAAGTCGGGACTC,718559,CGCAATGAGCCATAGG
8634,TTGTCAAAGACAACGA,718689,ACTAGCCTCTTTAGCG
8635,TTGTCCATCAAGCGCC,719069,AGTATTGAGCCTGTCG
8636,TTGTCCATCACACAGT,719087,AGTATTGAGTCCCGCA
8637,TTGTCCATCACCAATA,719093,AGTATTGAGCAAACAC
8638,TTGTCCATCCTTGCAC,719278,AGTATTGAGAGCAATC
8639,TTGTCCATCGTTAACA,719349,AGTATTGAGAAACCGT
8640,TTGTCCATCGTTACTT,719352,AGTATTGAGGGACTTG
8641,TTGTCCCAGCGCAATT,719553,TTAGCGCTCAATAGGC
8642,TTGTCCCAGGTTACAC,719717,TTAGCGCTCCTCTCGC
8643,TTGTCCCAGTATCGCG,719746,TTAGCGCTCGCCCGTA
8644,TTGTCCCAGTGAACAG,719774,TTAGCGCTCCGCAATC
8645,TTGTCCGGTGACCTGG,719993,AATCGCACATAGCTTC
8646,TTGTGAGGTCGACTAA,720348,GTTTGCTCAGTTTCTA
8647,TTGTGAGGTCGTTACT,720356,GTTTGCTCAAAGGACG
8648,TTGTGAGGTGATGATT,720387,GTTTGCTCATCAGTTC
8649,TTGTGAGGTTGCACGG,720529,GTTTGCTCAGGTCAAC
8650,TTGTGAGGTTGTTCAC,720553,GTTTGCTCAAATAAGG
8651,TTGTGCCTCCTAATGA,720777,GTAAACCAGATATTGG
8652,TTGTGCCTCGCTAGCA,720846,GTAAACCAGCCAGGAC
8653,TTGTGCCTCGTTAAGC,720882,GTAAACCAGCAAATCA
8654,TTGTGCGAGCCTAATA,721068,TACTTCCTCAAACCAA
8655,TTGTGCGAGCGATACT,721083,TACTTCCTCAGCTATT
8656,TTGTGCGAGCTATTGA,721107,TACTTCCTCCAGGTGA
8657,TTGTGCGAGTGAACAG,721306,TACTTCCTCCGCAATC
8658,TTGTGCGAGTTCCTGC,721342,TACTTCCTCCGTCAAC
8659,TTGTGTGCAAAGGCCA,721375,GAAACATGTGAGTCAA
8660,TTGTGTGCAACCTGGT,721393,GAAACATGTAGCGCTC
8661,TTGTGTGCAAGCTTAT,721410,GAAACATGTCCTAACG
8662,TTGTGTGCACATTAAC,721492,GAAACATGTTCACGCA
8663,TTGTGTGCACGGTTTA,721523,GAAACATGTTCGCTTC
8664,TTGTGTGCAGGACCAA,721594,GAAACATGTATTCGGT
8665,TTGTGTGCAGGTTACC,721618,GAAACATGTATGTTTG
8666,TTGTGTGCATAAGGAC,721647,GAAACATGTACAATGG
8667,TTGTGTGCATGGCCCA,721702,GAAACATGTACTTCGG
8668,TTGTGTGCATTAAGTC,721716,GAAACATGTGAGACTA
8669,TTGTGTGCATTGTCCT,721735,GAAACATGTCCTTAGG
8670,TTGTTCCCACCTACGG,721892,TTTCAAGGTGGCTTAT
8671,TTGTTCCCACCTGGTG,721900,TTTCAAGGTTAATCCA
8672,TTGTTCCCACGAACAG,721902,TTTCAAGGTCACACTG
8673,TTGTTGCGTGTCCAAA,722352,GGTGAAGCATTGTTTG
8674,TTGTTGCGTTAAGCTG,722379,GGTGAAGCATGATGAT
8675,TTGTTGCGTTACAAAC,722386,GGTGAAGCATTAGCAG
8676,TTGTTGCGTTTACCGT,722478,GGTGAAGCAGCAAGTC
8677,TTGTTGTTCACTAGGT,722555,CTCGTTAAGGCCAACA
8678,TTGTTGTTCATAGCCG,722585,CTCGTTAAGGAGCAAA
8679,TTGTTGTTCATCACTT,722586,CTCGTTAAGCAATACA
8680,TTGTTGTTCCAATTAG,722632,CTCGTTAAGCTTAAAG
8681,TTGTTGTTCCGCCTAT,722675,CTCGTTAAGCTTGCAC
8682,TTGTTGTTCCTTCGTA,722725,CTCGTTAAGAACCTAA
8683,TTGTTTGGTCCCGAAG,723015,GAGCAAGCATAGTCAG
8684,TTGTTTGGTCCGGTTC,723018,GAGCAAGCAAGTAAAG
8685,TTTAACCTCATGCATA,723363,GACATTAAGCACCTAC
8686,TTTAACCTCCTGAATA,723477,GACATTAAGTGGCTAG
8687,TTTAACCTCGATTATG,723511,GACATTAAGGAACAAG
8688,TTTAACCTCGGTTCCT,723553,GACATTAAGGCTCAAG
8689,TTTAACGAGCAATAGG,723715,TTAGCCATCACTAAGA
8690,TTTAACGAGCCACATG,723742,TTAGCCATCTTGTTGG
8691,TTTAACGAGCGAGGTG,723764,TTAGCCATCCAATATC
8692,TTTAACGAGCTAAAGG,723782,TTAGCCATCGCTCAGT
8693,TTTAACGAGTAAGAAC,723948,TTAGCCATCCTTCAAG
8694,TTTAAGCCAGACAAAC,724236,ATTGAGGGTAGTTGGA
8695,TTTAAGCCAGGGAGCT,724297,ATTGAGGGTGAGCATA
8696,TTTAAGCCATGAAATG,724372,ATTGAGGGTACTGACT
8697,TTTAAGCCATGGAGGC,724385,ATTGAGGGTGAGGTAC
8698,TTTAAGGTCATTGCGG,724538,TACCTCAAGGAAGTAG
8699,TTTAAGGTCGTTCACC,724725,TACCTCAAGCAACAAC
8700,TTTAAGGTCTTAAGTG,724783,TACCTCAAGGTTATCT
8701,TTTACGAAGACAAAGT,724823,CAAGTAATCTAAGCAA
8702,TTTACGAAGCAACATC,724861,CAAGTAATCCAAGTGG
8703,TTTACGAAGCATTATG,724890,CAAGTAATCTCCTCAT
8704,TTTACGAAGCCGCAAC,724898,CAAGTAATCTTTGGGC
8705,TTTACGAAGCCTGAGC,724908,CAAGTAATCCTTCATC
8706,TTTACGAAGCTGAGGG,724951,CAAGTAATCCGGATTC
8707,TTTACGAAGTTAGACC,725163,CAAGTAATCCCGGATT
8708,TTTACGCGTAATCGTG,725219,TTACTCACACATAACG
8709,TTTAGCAAGGCTAATC,725799,CAATAAGTCCGTCCAG
8710,TTTAGCAAGGTCGATT,725842,CAATAAGTCTCTCGCC
8711,TTTAGCAAGTACCGCA,725871,CAATAAGTCGTTGTCA
8712,TTTAGCAAGTCTTGAA,725907,CAATAAGTCAGCTACC
8713,TTTAGCTTCATCCTGC,726043,GCTGATGAGTTATGAG
8714,TTTAGCTTCCCTCAGT,726111,GCTGATGAGAGCTGCA
8715,TTTAGCTTCCGCTAGA,726129,GCTGATGAGCTCATTG
8716,TTTAGGATCATTACGA,726447,GTCATGGAGGCACTAG
8717,TTTAGGATCATTGCGG,726456,GTCATGGAGGAAGTAG
8718,TTTAGGATCCAAGTGT,726465,GTCATGGAGTCACACC
8719,TTTAGGATCCGTTAAA,726523,GTCATGGAGTAACCGG
8720,TTTAGGATCTGCAAAC,726687,GTCATGGAGTTACAAG
8721,TTTAGGATCTTAGCGG,726705,GTCATGGAGGGTCTAG
8722,TTTATGGAGGAGCACG,726909,CTGGCTGTCTAGTTCG
8723,TTTATGGAGTAGCGCC,727027,CTGGCTGTCTGTCAGC
8724,TTTCACCCAAAGCGCA,727125,CGCCTAAGTTGCTCCT
8725,TTTCACCCAAGACTCC,727156,CGCCTAAGTATGGTGA
8726,TTTCACCCAGCAACAG,727313,CGCCTAAGTAATCCAC
8727,TTTCACCCAGTTATCG,727390,CGCCTAAGTTTATTCC
8728,TTTCAGTTCCGGTTAG,727670,TAACACAAGGGTCCAA
8729,TTTCAGTTCCTCATGC,727694,TAACACAAGGTGAATC
8730,TTTCAGTTCGAGCTAT,727726,TAACACAAGGTATGTA
8731,TTTCAGTTCGGTACGC,727769,TAACACAAGCCATAAA
8732,TTTCAGTTCTGTGCCT,727850,TAACACAAGAGGCTTG
8733,TTTCATCAGACACCGC,727897,GACAAGTTCAGGAGGG
8734,TTTCATCAGCTTCTCA,728035,GACAAGTTCTTTAGGT
8735,TTTCATCAGGAACGCG,728043,GACAAGTTCCAGGATG
8736,TTTCATCAGGACCTTG,728056,GACAAGTTCCACTAAT
8737,TTTCATCAGGCTAAGA,728102,GACAAGTTCATTAGTC
8738,TTTCATCAGGGTTAGA,728130,GACAAGTTCCAGCTAC
8739,TTTCATCAGGTAAGCA,728133,GACAAGTTCGTACCTA
8740,TTTCATCAGTTCCTGC,728248,GACAAGTTCCGTCAAC
8741,TTTCCACCAAGGAATC,728318,TTGTTGAGTCAACCGC
8742,TTTCCACCAAGTGAAC,728332,TTGTTGAGTGAGGACT
8743,TTTCCACCAATACTGT,728341,TTGTTGAGTTGTAACC
8744,TTTCCACCACCTAATG,728413,TTGTTGAGTTACTAGC
8745,TTTCCACCACTAAGTT,728437,TTGTTGAGTTGCTTCC
8746,TTTCCGGGTACAATGT,728679,GTCCAAACACTCAATC
8747,TTTCCGGGTCCAAATG,728768,GTCCAAACATGGATTG
8748,TTTCCGGGTGATTACG,728829,GTCCAAACAACCGCCT
8749,TTTCCTGAGACAGGCG,729049,ACATTGTTCACTATGT
8750,TTTCCTGAGAGAGGAG,729059,ACATTGTTCAGCATTT
8751,TTTCCTGAGCATGGTT,729106,ACATTGTTCATCCTCT
8752,TTTCCTGAGCCGCTAA,729120,ACATTGTTCAGTTTAC
8753,TTTCCTGAGCGTGCGT,729153,ACATTGTTCTTGCATG
8754,TTTCCTGAGGACCTTG,729206,ACATTGTTCCACTAAT
8755,TTTCCTGAGGGCTTTG,729274,ACATTGTTCAATAGCA
8756,TTTCCTGAGTAAGAAC,729320,ACATTGTTCCTTCAAG
8757,TTTCCTGAGTACTGGT,729326,ACATTGTTCACAGATA
8758,TTTCCTGAGTCATCCC,729348,ACATTGTTCCTTAACG
8759,TTTCGTCCAACTAGCC,729453,CTACTAAGTTGTTGTA
8760,TTTCGTCCAATAAGCA,729488,CTACTAAGTTAACGGA
8761,TTTCGTCCATCCTAGA,729737,CTACTAAGTTTGTCTT
8762,TTTCTCACAAACGCGA,729804,TGCAATCGTCATGGTT
8763,TTTCTCACAAGCTAAA,729848,TGCAATCGTAATCGCT
8764,TTTCTCACAATAACGA,729871,TGCAATCGTGCTGTTG
8765,TTTCTCACACGAATTT,729960,TGCAATCGTACCGTGC
8766,TTTCTCACACTAAGTT,729971,TGCAATCGTTGCTTCC
8767,TTTCTCACAGCATGAG,730009,TGCAATCGTTACTCCC
8768,TTTCTCACAGGCTGTT,730050,TGCAATCGTTCATTCT
8769,TTTCTTGCAATAACCT,730254,CCCTTTAGTCGAGGCA
8770,TTTCTTGCATAGACCC,730482,CCCTTTAGTAAAGGTT
8771,TTTCTTGCATCGTTCT,730509,CCCTTTAGTTATTGTG
8772,TTTGACCGTAACAGGG,730571,TTGTGAGCAAACCCAA
8773,TTTGACCGTACCAGGT,730598,TTGTGAGCATAATCGG
8774,TTTGACCGTCCCGGAA,730690,TTGTGAGCAAATGAAG
8775,TTTGACCGTCCTTAGT,730701,TTGTGAGCACTTAGCT
8776,TTTGACCGTGATCATG,730742,TTGTGAGCATGCCTCA
8777,TTTGACCGTGCTCCGT,730765,TTGTGAGCAACAAGTT
8778,TTTGACCGTTAGTTGG,730852,TTGTGAGCAATAGCAT
8779,TTTGACCGTTGAAGCC,730880,TTGTGAGCACACAAGC
8780,TTTGACCGTTGCACGG,730887,TTGTGAGCAGGTCAAC
8781,TTTGACTTCGCCTGTT,731198,ACTAGGTAGCCTTCAA
8782,TTTGACTTCGTTATCT,731246,ACTAGGTAGGCTATAA
8783,TTTGAGTCACATGCTA,731465,CCAGCTAGTTTGACTA
8784,TTTGAGTCACTTAACG,731515,CCAGCTAGTAAGTCCT
8785,TTTGAGTCAGCAACCT,731534,CCAGCTAGTTCTGGCA
8786,TTTGAGTCATAAAGCA,731618,CCAGCTAGTAATAAGC
8787,TTTGCATTCACTAAGC,731761,TACGGATAGTCTAGCC
8788,TTTGCATTCATTACGA,731819,TACGGATAGGCACTAG
8789,TTTGCATTCCAAATCA,731835,TACGGATAGCTTGCCG
8790,TTTGCATTCCCTCAGT,731867,TACGGATAGAGCTGCA
8791,TTTGCATTCCCTGATC,731872,TACGGATAGCATATAG
8792,TTTGCATTCCTAGTTT,731908,TACGGATAGGTCCGTT
8793,TTTGCATTCCTTGCGT,731937,TACGGATAGATTCATC
8794,TTTGCATTCGGCTATG,731983,TACGGATAGTGGCTTC
8795,TTTGCATTCTAATCAG,732027,TACGGATAGTATTGGA
8796,TTTGCATTCTCACATT,732047,TACGGATAGTCCTCCC
8797,TTTGCGACAGCAAGTG,732305,ATGTGAGGTCTAATCA
8798,TTTGCGGAGCGGCTGT,732603,GCTTCGGTCAGCGATG
8799,TTTGCGGAGGTGAAGC,732753,GCTTCGGTCATAGCCC
8800,TTTGCGGAGTACCGCA,732779,GCTTCGGTCGTTGTCA
8801,TTTGCGGAGTGATTCA,732826,GCTTCGGTCTCACTTC
8802,TTTGGCTGTAATCCCT,732890,GGACTTACAGCCTGAG
8803,TTTGGCTGTTAGGCTA,733149,GGACTTACATTACCCG
8804,TTTGGTAAGGTGTTAC,733524,AGATAGCTCGCAATCC
8805,TTTGGTGCAACTAACT,733671,CTTGTTTGTTCCCGTT
8806,TTTGGTGCAAGCGATG,733683,CTTGTTTGTCTATGAC
8807,TTTGGTGCACAATGCC,733750,CTTGTTTGTCCAATTA
8808,TTTGGTGCACCATATG,733775,CTTGTTTGTAATTGGG
8809,TTTGGTGCACGTAATT,733801,CTTGTTTGTTCCTCAC
8810,TTTGTCCCAAACAACA,734019,GATTGCTGTGTGTTAC
8811,TTTGTCCCAAGCGAGC,734066,GATTGCTGTGAGTCCC
8812,TTTGTCCCACAATTAC,734136,GATTGCTGTGGGTGTG
8813,TTTGTCCCAGGAACCA,734249,GATTGCTGTTATGTTG
8814,TTTGTCCCATTTAAGC,734401,GATTGCTGTTCACTTT
8815,TTTGTCCCATTTGCTC,734402,GATTGCTGTGCGGTAG
8816,TTTGTCTAGCGGATTT,734520,TGTCAATTCCAAACTT
8817,TTTGTCTAGGCTGTGC,734633,TGTCAATTCCGCTGTG
8818,TTTGTCTAGTATTGGC,734709,TGTCAATTCACTTGCA
8819,TTTGTGAAGAACAAGT,734790,GTAGGTGTCGATTCAT
8820,TTTGTGAAGATGGACA,734831,GTAGGTGTCTCAAGAA
8821,TTTGTGAAGGATAAAC,734976,GTAGGTGTCTACTACG
8822,TTTGTGAAGGCGCTAC,735003,GTAGGTGTCGCTAGCT
8823,TTTGTGAAGGGCTAAA,735028,GTAGGTGTCGCTAGAG
8824,TTTGTGAAGTATCGCG,735090,GTAGGTGTCGCCCGTA
8825,TTTGTGAAGTGAGCAA,735124,GTAGGTGTCTAATCGT
8826,TTTGTGAAGTTAGGCT,735143,GTAGGTGTCAAACTGA
8827,TTTGTGGCAGAACCGA,735362,GTTTGGTGTTAATCGC
8828,TTTGTGGCAGCAAGAT,735373,GTTTGGTGTTTACTGA
8829,TTTGTGGCAGGACCTT,735407,GTTTGGTGTTGCTCTC
8830,TTTGTGGCATGAGCAG,735505,GTTTGGTGTCATAACC
8831,TTTGTGGCATTGCAGC,735541,GTTTGGTGTTGGTTTA
8832,TTTGTGTTCGTTTCCA,735854,GTTCTCAAGCCGCTAT
8833,TTTGTGTTCTTTAGGA,735935,GTTCTCAAGGTGTTAA
8834,TTTGTTGGTCAGGCAT,736042,CGTACTTCAACCTCGC
8835,TTTGTTGGTGCACGCA,736124,CGTACTTCATAAGCAT
8836,TTTGTTGGTGCTGTAA,736139,CGTACTTCATAACCAG
8837,TTTGTTGGTGTTTCAC,736180,CGTACTTCAAGGATTT
8838,TTTGTTGGTTAGGATT,736217,CGTACTTCAAGCGAAG
8839,TTTGTTGGTTCCGGCT,736241,CGTACTTCATGCCTGC
