,v_sample_bc_gex,cellrangerARC_line_ID,v_sample_bc_atac
1,AAACAGCCAACCCTCC,32,ACAGCGGGTTCCATTT
2,AAACAGCCAACTAACT,37,ACAGCGGGTTCCCGTT
3,AAACAGCCAGCAATAA,206,ACAGCGGGTACGTTTA
4,AAACAGCCAGGAACTG,232,ACAGCGGGTCCGTTAG
5,AAACAGCCATGTTGGC,352,ACAGCGGGTGCTTCCT
6,AAACCAACATAGACTT,1069,CTTTATCGTTGCGCGT
7,AAACCGAAGAATGACG,1163,TGACTATTCCCACCCT
8,AAACCGAAGATGGAGC,1198,TGACTATTCGCAACTC
9,AAACCGAAGCCACATG,1236,TGACTATTCTTGTTGG
10,AAACCGAAGTAGCGCC,1451,TGACTATTCTGTCAGC
11,AAACCGCGTCATCATC,1647,AATAGCTCATTGCCCA
12,AAACCGCGTGCATTTC,1725,AATAGCTCACCAGCTC
13,AAACCGGCAAATTCGT,1940,ATTGACCGTACTTATG
14,AAACCGGCAAGCCACT,1964,ATTGACCGTTTACCGG
15,AAACCGGCAGGTATTT,2175,ATTGACCGTTACGCCA
16,AAACGCGCAAGCTAAA,2352,ATAACCCGTAATCGCT
17,AAACGCGCAGAACCGA,2494,ATAACCCGTTAATCGC
18,AAACGCGCATGCATAT,2641,ATAACCCGTAATGGTG
19,AAACGCGCATGGCCTG,2647,ATAACCCGTTCCGGAC
20,AAACGGATCATAGACC,2762,GAGGCCTAGTCCTTGA
21,AAACGGATCCATAAGC,2820,GAGGCCTAGGAGCTTG
22,AAACGGATCGCAATCG,2929,GAGGCCTAGCCGCAAA
23,AAACGGATCTCAATGA,3013,GAGGCCTAGGCTTGTC
24,AAAGCAAGTCAGGCAT,3558,ACAGGCTCAACCTCGC
25,AAAGCCGCAGGCCAAA,4846,AGAGGGAGTTGAGGTA
26,AAAGCTTGTGCTCCGT,5567,TCCTCAGCAACAAGTT
27,AAAGCTTGTTGTGATG,5712,TCCTCAGCAAGTCCTT
28,AAAGGACGTTTGTGGA,6131,AATTAGCCAACCCTTG
29,AAAGGAGCAAACGGGC,6139,GAACGGTGTAGGTGAC
30,AAAGGAGCAAACTCAT,6141,GAACGGTGTCAGTGCC
31,AAAGGAGCAAAGGTAC,6150,GAACGGTGTAGCTAAG
32,AAAGGCTCAAACTCAT,6525,GGATTAGGTCAGTGCC
33,AAAGGCTCAGGCTAAG,6765,GGATTAGGTGGTTAGA
34,AAAGGTTAGCGAGCGA,7005,GTTTAGTTCGATATAG
35,AAAGGTTAGGAGGTTA,7086,GTTTAGTTCTAAATCC
36,AAAGGTTAGGGATGAC,7137,GTTTAGTTCACAGCAG
37,AAAGGTTAGTTTGAGC,7280,GTTTAGTTCAAATCCT
38,AAATCCGGTACCGAAC,7318,CATGCAACACAAAGCC
39,AAATCCGGTTAACGGC,7534,CATGCAACACTTAGGA
40,AAATGCCTCGATAACC,7900,GATTCTTAGGCCTTGT
41,AACAAAGGTAATTAGC,8463,TAGTGTGCAGTTGGGT
42,AACAAAGGTAGGTTAT,8495,TAGTGTGCATTATCTG
43,AACAAAGGTCATGCCC,8549,TAGTGTGCATTCCTGG
44,AACAAAGGTGAGCAAG,8604,TAGTGTGCATCTATGC
45,AACAAGCCAGTACCGT,9083,CAACTACGTATAGCTC
46,AACAAGCCATGGCCCA,9160,CAACTACGTACTTCGG
47,AACAGATAGCCGCAAC,9288,AGCACCTTCTTTGGGC
48,AACAGATAGGTTTGAC,9480,AGCACCTTCGATTAAG
49,AACAGCAAGCGGGCAA,9704,GTCACACTCCCTCACC
50,AACAGCAAGTTCCCAC,9949,GTCACACTCAGCATGG
51,AACAGGATCCCATAGG,10108,GCCTCATAGCTTATCG
52,AACAGGATCCTAGTTT,10160,GCCTCATAGGTCCGTT
53,AACAGGATCTAGCTTT,10290,GCCTCATAGGGAGTAA
54,AACAGGATCTTAGCGG,10329,GCCTCATAGGGTCTAG
55,AACATAGCACAGGATG,10480,AACAAGTGTTTGCTCC
56,AACATAGCACCGGTAT,10498,AACAAGTGTCTTGAAC
57,AACATAGCACTTCACT,10538,AACAAGTGTGCGTACC
58,AACATAGCAGGCGAGT,10599,AACAAGTGTAACCTAC
59,AACATCATCTCATCAT,11070,AACGCGCAGTCAATTC
60,AACATCATCTTTGACT,11118,AACGCGCAGCCCTTGG
61,AACCCGCAGAGAAGGG,11531,CGTAACCTCCCAAAGG
62,AACCGCTCAAGTTATC,11959,GCTACTGGTTGGCCAC
63,AACCGCTCAGTAGGTG,12158,GCTACTGGTACCTTAA
64,AACCGCTCATCTTGAG,12217,GCTACTGGTGATCCTG
65,AACCGGCTCATGTTTC,12373,GCTAAGTAGGCAATCG
66,AACCGGCTCGCTCACT,12532,GCTAAGTAGAAACCTA
67,AACCGGCTCTTGCAAA,12643,GCTAAGTAGTACTGGG
68,AACCTAATCACTTTAC,12707,CAGCATGAGGAACCTG
69,AACCTAATCCTAAATG,12837,CAGCATGAGATAACCA
70,AACCTCACAGCCTGCA,13259,CTTAGCGGTTTCTAAG
71,AACCTCACAGGCTTCG,13293,CTTAGCGGTAACCGGG
72,AACCTCCTCAGAAACG,13476,AATCATGAGGCAATGT
73,AACCTCCTCGAAGTGA,13650,AATCATGAGGATTGCG
74,AACCTCCTCGCTCCAT,13685,AATCATGAGATAGACC
75,AACCTTAAGAGAAGGG,13835,GTTAATCTCCCAAAGG
76,AACCTTAAGCTCAAAC,13942,GTTAATCTCGGTAATA
77,AACCTTAAGCTGTACG,13955,GTTAATCTCAATATCC
78,AACCTTAAGGAGGTTA,13994,GTTAATCTCTAAATCC
79,AACCTTGCAATCATGT,14276,GCACAAAGTAGAGGGA
80,AACCTTGCACCTGGTG,14350,GCACAAAGTTAATCCA
81,AACCTTGCAGAATGAC,14385,GCACAAAGTCTTAGCG
82,AACCTTGCAGCAAGGC,14396,GCACAAAGTCGCATAT
83,AACGACAAGAAAGCAT,14578,CAAGGTGTCGACAAAC
84,AACGACAAGACTTACA,14601,CAAGGTGTCGCTTGCG
85,AACGACAAGTTAACCA,14926,CAAGGTGTCGCTATAT
86,AACGACAAGTTACCGG,14927,CAAGGTGTCCCTGATA
87,AACGCCCAGGCAAGTA,15158,TTGCCTTTCTTGAATC
88,AACGCCCAGGTTACGT,15236,TTGCCTTTCTAATCCG
89,AACGCCCAGTTGGCCA,15332,TTGCCTTTCCTTATGG
90,AACGCTAGTCATGCAA,15458,GGCCTTCCAAGCCTGG
91,AACGCTAGTTCATCTA,15642,GGCCTTCCAGGTAAGG
92,AACGGTAAGACTTATG,15752,AGTAGGTTCGCTTGAC
93,AACTAGTGTATTCGCT,16952,CAACGGTCAGGATGGA
94,AACTAGTGTCCTTCTC,17015,CAACGGTCAATTAGCG
95,AACTCACAGAGGCTAA,17298,GCTTCAATCTGTTGCA
96,AACTCACAGCCACAAT,17343,GCTTCAATCGATCCGT
97,AACTCACAGCCTGTGA,17361,GCTTCAATCCGCACAT
98,AACTCACAGCTCGCTT,17400,GCTTCAATCACACCGT
99,AACTCACAGGTCCGTA,17522,GCTTCAATCTAATCAC
100,AACTCACAGTGTTGCG,17608,GCTTCAATCGCTAATT
101,AACTGTTCACGGTTTA,17809,AGGTATGGTTCGCTTC
102,AACTGTTCATGTGGGA,17994,AGGTATGGTGCTTCTC
103,AACTTAGTCATTACTC,18132,TCTAGCCAGGGTTAAC
104,AAGAACAGTAATCCCT,18434,AAACGGGCAGCCTGAG
105,AAGAACAGTCCGCTGT,18537,AAACGGGCAGCTCATT
106,AAGAACAGTGTCCAGG,18639,AAACGGGCAAAGGTAA
107,AAGACAAGTTCAAGAT,19471,GTTGCTTCAATTACCC
108,AAGACATAGAGCAAGC,19591,AACGGTGTCAGGCTAG
109,AAGACATAGCACGATT,19622,AACGGTGTCTAACTCG
110,AAGACATAGGCATTAC,19764,AACGGTGTCAAAGGGA
111,AAGACATAGTCATTTC,19882,AACGGTGTCAAGCTCC
112,AAGACCAAGACAAGTG,19960,GATGGATTCCTCACTT
113,AAGACCAAGGTAAGCA,20197,GATGGATTCGTACCTA
114,AAGACCAAGTTATCCT,20304,GATGGATTCCTGAAGG
115,AAGACCAAGTTTGGTA,20327,GATGGATTCGCTTCGG
116,AAGCAAGTCGAGGTGG,20561,CGACCTTAGTAAGTCA
117,AAGCAAGTCTCATCAT,20662,CGACCTTAGTCAATTC
118,AAGCATGAGCTCCCTG,20849,ACCTGGTTCACGAATA
119,AAGCATGAGCTGAGGG,20853,ACCTGGTTCCGGATTC
120,AAGCATGAGGTTTGCG,20993,ACCTGGTTCAGCCTTA
121,AAGCATGAGTTAGCCG,21067,ACCTGGTTCATGAGGT
122,AAGCCACGTGCTGTAA,21297,ACCAAATCATAACCAG
123,AAGCCACGTTACAAAC,21356,ACCAAATCATTAGCAG
124,AAGCCACGTTAGAGCC,21367,ACCAAATCACCTCACA
125,AAGCCTCCAAGTTATC,21549,AGCTTTAGTTGGCCAC
126,AAGCCTGTCACGTTAA,21906,TGAAGGAAGCTCCTAA
127,AAGCCTGTCGGTTTCC,22142,TGAAGGAAGTTTCTCC
128,AAGCCTGTCTAAGTGC,22172,TGAAGGAAGCAATAGC
129,AAGCCTTAGGGATGCG,22484,TGCTAATTCCGAAACG
130,AAGCGAGGTTGGATAT,23344,CAAGGCTCAATGTCAG
131,AAGCGCTGTAGCCTAA,23448,GGTTGCGCAGGCAACT
132,AAGCGCTGTATTGGAT,23474,GGTTGCGCATTACTGC
133,AAGCGCTGTGCACGCA,23582,GGTTGCGCATAAGCAT
134,AAGCGCTGTGTGTCCC,23629,GGTTGCGCACTATGGA
135,AAGCGCTGTTCAAGAT,23689,GGTTGCGCAATTACCC
136,AAGCGCTGTTGAGCCG,23713,GGTTGCGCAGCAAATT
137,AAGCGGGTCACGAATC,23818,GTCCGTTAGGATTATG
138,AAGCGTTTCAAGCCTG,24172,GGGATGGAGATTCACT
139,AAGCGTTTCCTAGTAA,24352,GGGATGGAGTGCTCCG
140,AAGCGTTTCTTAGGGT,24525,GGGATGGAGCATTAAG
141,AAGCGTTTCTTGCAAA,24533,GGGATGGAGTACTGGG
142,AAGCTAGAGGACAATG,24716,CGTTACATCGAGGAGG
143,AAGCTAGAGGTGTTAC,24820,CGTTACATCGCAATCC
144,AAGCTATGTACTTAGG,24977,TGTGCAACACTCGCTA
145,AAGCTATGTTCCAGGG,25230,TGTGCAACAAGCGCAT
146,AAGCTCCCAGCAATAA,25518,AGTAAGTGTACGTTTA
147,AAGCTCCCAGGCCATT,25557,AGTAAGTGTGCATTTA
148,AAGCTCCCATTGTGGC,25692,AGTAAGTGTGCTTCGA
149,AAGCTTGGTAAGCTCA,25710,CGCTAAACATAGCGAC
150,AAGCTTGGTTATTGCC,25988,CGCTAAACAACGGTGT
151,AAGGATCCACCGGTAT,26608,CGATTACGTCTTGAAC
152,AAGGATCCAGTTTCTC,26744,CGATTACGTCACGATT
153,AAGGATGTCATCAGTA,26925,TCCTTAGAGCTTAGCC
154,AAGGATGTCCCGTTAC,26992,TCCTTAGAGCTAAATG
155,AAGGATGTCTAACCTT,27151,TCCTTAGAGCAAATTG
156,AAGGATGTCTTGCAGG,27218,TCCTTAGAGCTTCCTT
157,AAGGATTAGCAAGATG,27283,ACGTCACTCACACAAA
158,AAGGATTAGTAAACCC,27512,ACGTCACTCATAAGCA
159,AAGGATTAGTAACCAC,27515,ACGTCACTCTCAAACT
160,AAGGATTAGTAGGATG,27532,ACGTCACTCTAGTTAC
161,AAGGCCCTCCAAGTGT,27735,TACTGTTAGTCACACC
162,AAGGCCCTCCTCAGCT,27809,TACTGTTAGTAAAGCC
163,AAGGTATAGACTATTG,28021,CTCAATGTCCACCTGG
164,AAGGTATAGGCATTAC,28202,CTCAATGTCAAAGGGA
165,AAGGTCAAGCCACAAT,28465,ACCGAAGTCGATCCGT
166,AAGGTCAAGGCCCAGT,28590,ACCGAAGTCAATCCAT
167,AAGGTCAAGTTCCCAC,28747,ACCGAAGTCAGCATGG
168,AAGGTGCAGCAACATC,28817,TCCTGAATCCAAGTGG
169,AAGGTGCAGTCATCCC,29084,TCCTGAATCCTTAACG
170,AAGTAGCCAATAATGG,29226,CTTTGTTGTCAATTCA
171,AAGTAGCCACCATATG,29291,CTTTGTTGTAATTGGG
172,AAGTAGCCAGTTTGGC,29433,CTTTGTTGTCGGTTAT
173,AAGTAGCCATCCCTCA,29471,CTTTGTTGTTAAGTCC
174,AAGTCTATCCCTGATC,29690,CAAAGTCAGCATATAG
175,AAGTCTATCGTTAAGC,29826,CAAAGTCAGCAAATCA
176,AAGTGAAGTGTTTCAC,30160,CTCTAACCAAGGATTT
177,AAGTGCAAGCAGGTGG,30370,GCGCAAATCGCGACTT
178,AAGTGCAAGGCATTAC,30504,GCGCAAATCAAAGGGA
179,AAGTTAGCAATATAGG,31530,CCTGTGAGTTACGTAC
180,AAGTTAGCATCGCTTT,31774,CCTGTGAGTTGCTGGC
181,AAGTTTGTCATGTCAA,31931,AGGGTGGAGTGCTCAC
182,AAGTTTGTCCTTAAGA,32044,AGGGTGGAGCCAAACG
183,AAGTTTGTCGCACAAT,32076,AGGGTGGAGGCTAGCA
184,AAGTTTGTCGCTAAGT,32086,AGGGTGGAGCTGGCAA
185,AAGTTTGTCGCTAGCA,32088,AGGGTGGAGCCAGGAC
186,AAGTTTGTCTCACAAA,32161,AGGGTGGAGGCATGGC
187,AATAACCGTGGGAACA,32431,ACGCACGCAGGATCAC
188,AATACCGGTGCATTAG,32786,TGATGGCCAACCAACA
189,AATACCGGTGGACCTG,32806,TGATGGCCACAATAAC
190,AATACCGGTGGCTTCC,32812,TGATGGCCAGCATTAG
191,AATACCGGTTCGGTAA,32910,TGATGGCCAAACAAAG
192,AATACCGGTTTACCGT,32950,TGATGGCCAGCAAGTC
193,AATAGAGGTAGGTGTC,33040,TCCATTACACGCCCAT
194,AATAGAGGTGTTGCTT,33219,TCCATTACATACTTGC
195,AATAGAGGTTTCCTCC,33345,TCCATTACATCCTGCA
196,AATATCCCAGCACGAA,33952,GTAGGCGGTAATCACC
197,AATATCCCATAATGTC,34040,GTAGGCGGTGCAAGTA
198,AATCAGGAGTTCCTCA,34495,CTGAGTCTCCTTAGTG
199,AATCATCCAATACTGT,34589,ACCTTAAGTTGTAACC
200,AATCATCCAATAGTCT,34592,ACCTTAAGTGTCCTGA
201,AATCATCCACAATACT,34627,ACCTTAAGTTTCTCAT
202,AATCATCCACCTATAG,34664,ACCTTAAGTAACGAGC
203,AATCATGTCATGTGGT,34996,ATCGCCTAGTGGCGGT
204,AATCATGTCCTCGATC,35098,ATCGCCTAGAACCTGG
205,AATCATGTCGATTCTT,35134,ATCGCCTAGTGAGCCA
206,AATCCATCATAGTCAT,35588,GAATCAGGTGTACCGC
207,AATCCCTGTCCTTCTC,35801,GGCTTAACAATTAGCG
208,AATCCGTAGCCGCAGT,36135,TGGCGAATCAATTAGG
209,AATCCTAAGTTATCCT,36790,CGCCTAGTCCTGAAGG
210,AATCGCCCAGAGGCTA,37010,CATAGCTGTAAGTGCA
211,AATCGCCCAGGCGATA,37062,CATAGCTGTGGATTGA
212,AATCGCCCAGTAAGTA,37079,CATAGCTGTGAACCGG
213,AATCTCAAGCGGATTT,37316,TTCCGGGTCCAAACTT
214,AATCTCAAGTAGAGGC,37495,TTCCGGGTCATGCAAA
215,AATCTCAAGTTAGAGG,37552,TTCCGGGTCTAAGCTT
216,AATCTCAAGTTTGTCT,37582,TTCCGGGTCCTCATGA
217,AATCTTGAGCTAAAGG,37706,AACGTAATCGCTCAGT
218,AATCTTGAGTAGAGGC,37879,AACGTAATCATGCAAA
219,AATCTTGAGTGAGCAA,37920,AACGTAATCTAATCGT
220,AATGAAGGTCAATACG,38057,CTTGGTTCACGCGCAA
221,AATGAAGGTGAAGCCT,38129,CTTGGTTCACCTCAGC
222,AATGAAGGTTAATGCG,38225,CTTGGTTCACCTCGAC
223,AATGAAGGTTTGGGCG,38343,CTTGGTTCAAGGTGTC
224,AATGCAACAGGAACTG,38580,GCTTAGTGTCCGTTAG
225,AATGCATGTAGGTTGC,38794,TAGCTAGCAATAAACC
226,AATGCATGTGAATCGC,38896,TAGCTAGCAAATACCG
227,AATGCGCGTAACAGGG,39119,ATGTTCCCAAACCCAA
228,AATGCGCGTCACAAAT,39208,ATGTTCCCAGGAGGAC
229,AATGTCATCATAATCG,39955,CTGTTGCAGCTCAAGG
230,AATGTCATCCCATAAA,40019,CTGTTGCAGTTAGGAC
231,AATGTCCAGCAAGGGT,40319,TACCTAGTCAGAAAGG
232,AATGTCCAGGTTACAC,40539,TACCTAGTCCTCTCGC
233,AATGTCCAGTTCCTCA,40631,TACCTAGTCCTTAGTG
234,AATTACCCACAATGTT,40765,CCGGTTAGTTAAAGAC
235,AATTACCCATTGCAGC,41019,CCGGTTAGTTGGTTTA
236,AATTAGCGTAATAGCT,41052,AAGCTTGCATGAGCCG
237,AATTAGCGTCAGGCCA,41137,AAGCTTGCACATGATG
238,AATTAGGCAATCCCTT,41499,GGGCAATGTAACGTGA
239,AATTAGGCACATTGCA,41549,GGGCAATGTTAAGTGG
240,AATTAGGCATCATGGC,41730,GGGCAATGTCCTAAGT
241,AATTAGGCATGTCAAT,41761,GGGCAATGTTGCGAGG
242,AATTAGGCATTTAAGC,41797,GGGCAATGTTCACTTT
243,AATTCGTCATTATGCG,42163,AGTTACCGTGTTAACC
244,AATTGACGTCAAAGGG,42268,CTTACCGCATGCAACA
245,AATTGACGTGGTTATG,42402,CTTACCGCAAAGGAAC
246,AATTGCCAGGTAACGA,42816,GGATCAGTCATGCGGA
247,AATTGCCAGGTTACAC,42839,GGATCAGTCCTCTCGC
248,AATTGCCAGTCATGCG,42883,GGATCAGTCACAAAGC
249,AATTGCTCAAGGTGCA,43012,AAGGTATGTGCGTAAA
250,AATTGCTCAATTAGCT,43046,AAGGTATGTCCAAATC
251,AATTGCTCAGGAATCG,43182,AAGGTATGTATCCGTG
252,AATTGGACAGGCTACT,43582,TAGTTTGGTTTGTAGC
253,AATTGGGAGGAACCAA,43877,AACATGATCAAGGTTA
254,AATTGGGAGGAGTCGG,43904,AACATGATCAATCGGG
255,AATTGTGTCCATCAGG,44236,ACTCAGGAGGCTAAAC
256,AATTGTGTCTTGGATA,44476,ACTCAGGAGCCTAATT
257,AATTTGCCAAGTGTTT,44938,CGTAAAGGTGATGCAA
258,AATTTGCCACCGGCTA,45013,CGTAAAGGTCTGTGCA
259,AATTTGCCAGAACCGA,45060,CGTAAAGGTTAATCGC
260,AATTTGGTCAAACCGT,45254,TAGTAGCAGCTAACTT
261,AATTTGGTCATTGTCT,45365,TAGTAGCAGGGCTATG
262,ACAAACTGTAAGCTCA,45650,GATGCACCATAGCGAC
263,ACAAAGGTCAGCATTA,46075,CTGGCTTAGCGAAGTT
264,ACAACAACATAGTCAT,46710,TATGTCAGTGTACCGC
265,ACAACACTCAACCAAC,46794,GGGTTGCAGTCTTGCA
266,ACAACACTCATTTGCT,46902,GGGTTGCAGCTTTAGT
267,ACAACACTCGCCTAAG,47035,GGGTTGCAGTAAAGGG
268,ACACAATGTAGGTGTC,47996,CATGAATCACGCCCAT
269,ACACAATGTCCTTCTC,48073,CATGAATCAATTAGCG
270,ACACAATGTGACCTGG,48103,CATGAATCATAGCTTC
271,ACACAATGTGAGCACT,48107,CATGAATCAATAGAAG
272,ACACAATGTGGACCTG,48144,CATGAATCACAATAAC
273,ACACAATGTTTGGGTA,48314,CATGAATCACATAGCA
274,ACACGGACAAGCTACC,48751,ATACCTAGTGGCTTCA
275,ACACGGACAATCCCTT,48785,ATACCTAGTAACGTGA
276,ACACGGACAGGACCAA,48936,ATACCTAGTATTCGGT
277,ACACTAATCACAGACT,49114,TCACATTAGCTTACTG
278,ACACTAATCGCACAAT,49328,TCACATTAGGCTAGCA
279,ACACTAATCGTTTCGC,49385,TCACATTAGCACTTGC
280,ACACTAGGTAACAGGG,49473,GCTTCATCAAACCCAA
281,ACACTAGGTACGCGCA,49508,GCTTCATCACCACAAA
282,ACACTAGGTCAGTAAT,49574,GCTTCATCAACCAAAT
283,ACACTAGGTCCGCTGT,49593,GCTTCATCAGCTCATT
284,ACACTAGGTGCGCGTA,49662,GCTTCATCAAGTGCCG
285,ACACTAGGTGCTGTAA,49669,GCTTCATCATAACCAG
286,ACACTAGGTTATCGAG,49758,GCTTCATCATCCTGGC
287,ACACTTAAGCCTCTCG,49945,CGAATAATCCTGCCAG
288,ACACTTAAGGAAGCAC,50015,CGAATAATCTAGCCTA
289,ACACTTAAGGAATAAC,50018,CGAATAATCTAGTTGT
290,ACACTTAAGGCTTAAC,50082,CGAATAATCAATAACG
291,ACACTTAAGTTAGTGC,50208,CGAATAATCGTGCTTA
292,ACACTTGCACATTAAC,50368,TAGTGAGGTTCACGCA
293,ACAGCCGGTAAACAAG,50619,CGGCCAACAAATATGC
294,ACAGCCGGTTGGTTCT,50955,CGGCCAACACAAGGCT
295,ACAGCGCTCAAGCTTA,51013,GCACCTTAGCAGCCAA
296,ACAGCGCTCCAAATCA,51119,GCACCTTAGCTTGCCG
297,ACAGCGCTCCAGGTCA,51132,GCACCTTAGAGCTGGC
298,ACAGGAATCATTACGA,51487,GAAGTGAAGGCACTAG
299,ACAGGAATCGTTTCCA,51684,GAAGTGAAGCCGCTAT
300,ACAGGATCAAGCTACC,51819,TGTGCTGGTGGCTTCA
301,ACAGGCTGTAAGCTCA,52166,CCTAATCCATAGCGAC
302,ACAGTATGTCCTAATC,53049,ACCAGGTCACGGTAAC
303,ACATAGCTCTATTGTC,53625,TTGATGAAGCAACCCT
304,ACATCATCAACTAGCC,54107,TTACCGGGTTGTTGTA
305,ACATCATCAAGGCCAA,54125,TTACCGGGTGAATCGA
306,ACATCATCACTGACTA,54248,TTACCGGGTTAAACGG
307,ACATCATCAGAAACGT,54257,TTACCGGGTGCACGCT
308,ACATCATCATAATCGT,54362,TTACCGGGTTCTTTGT
309,ACATTAGTCGCAAACT,54693,CGTACCTAGTTAGCTT
310,ACATTGCAGGAACCGG,54998,AACCTGCTCCTAACCA
311,ACATTGCAGGGATGCG,55074,AACCTGCTCCGAAACG
312,ACATTGCAGGGTCTAT,55082,AACCTGCTCTCAAATC
313,ACATTGCAGTAAGTGG,55129,AACCTGCTCCTAACTG
314,ACCAAGCGTAAATTGC,55608,TGCTCCACACCTTCCT
315,ACCAAGCGTACAAAGA,55634,TGCTCCACAGTTCCCA
316,ACCAAGCGTCGACTAA,55744,TGCTCCACAGTTTCTA
317,ACCAAGCGTGCATTTC,55793,TGCTCCACACCAGCTC
318,ACCAAGCGTGTTTGAG,55847,TGCTCCACATAGACTG
319,ACCAAGCGTTTGCAGA,55975,TGCTCCACAAGGAATA
320,ACCAAGTTCATTACTC,56090,AGGGAGTAGGGTTAAC
321,ACCAAGTTCATTGCGG,56098,AGGGAGTAGGAAGTAG
322,ACCAAGTTCCCAGTAG,56124,AGGGAGTAGGCACAAT
323,ACCAAGTTCTTTGTAC,56370,AGGGAGTAGGTGGAAA
324,ACCAATATCGCTAGAT,56625,GGCACTAAGAATGACC
325,ACCACACCACCAGGTT,56894,AATCCTAGTTTGCTGG
326,ACCACATAGCAAACCT,57187,GGTTACCTCGGTTCAC
327,ACCACATAGCGCAATT,57249,GGTTACCTCAATAGGC
328,ACCACATAGCTAAGTC,57263,GGTTACCTCTGGCTGT
329,ACCACATAGGAGGGTT,57323,GGTTACCTCGCTATGC
330,ACCACATAGGCAGGTG,57339,GGTTACCTCGGGATGC
331,ACCACATAGGCTGTCA,57368,GGTTACCTCTTGCAGC
332,ACCACATAGTCGCTAG,57465,GGTTACCTCCATCAGC
333,ACCACATAGTTTAACG,57515,GGTTACCTCAAGCGCA
334,ACCAGGACAAGACTCC,57950,TCGCAATGTATGGTGA
335,ACCAGGACAAGGACCA,57961,TCGCAATGTAACCGCC
336,ACCAGGACACAAAGGT,58016,TCGCAATGTCACACCA
337,ACCAGGCTCAAAGGCA,58295,CGTCAAGAGGAGCCGT
338,ACCAGGCTCATCACTT,58368,CGTCAAGAGCAATACA
339,ACCAGGCTCCGGGACT,58462,CGTCAAGAGAATCTAG
340,ACCAGGCTCCTCACAC,58483,CGTCAAGAGCACCTTA
341,ACCAGGGAGCCTAACG,58767,GACATCCTCGTCCTTT
342,ACCAGGGAGCTCGCTT,58814,GACATCCTCACACCGT
343,ACCATAATCAAGTGTC,59074,GTACTAAAGCAAGTCG
344,ACCATAATCATTGTCT,59171,GTACTAAAGGGCTATG
345,ACCATAATCCGCACAA,59222,GTACTAAAGTAAACTG
346,ACCATAATCCGCCTAT,59225,GTACTAAAGCTTGCAC
347,ACCATTAAGCCTGGTA,59542,CATGTCATCGAAGTTA
348,ACCATTAAGCTCCTAC,59580,CATGTCATCTTAGCCA
349,ACCATTAAGCTTAACA,59591,CATGTCATCCGTTAGC
350,ACCCAACCAATAATGG,59902,TTGGTTAGTCAATTCA
351,ACCCAACCACTGACTA,60006,TTGGTTAGTTAAACGG
352,ACCCAGGGTACGCGCA,60250,GCCGCAACACCACAAA
353,ACCCAGGGTATTGGAT,60288,GCCGCAACATTACTGC
354,ACCCAGGGTCTTTGAC,60370,GCCGCAACAGTGTGCG
355,ACCCAGGGTTACCGGG,60473,GCCGCAACACTTCAAC
356,ACCCAGGGTTGAGGTC,60528,GCCGCAACAAACTAAC
357,ACCCGGTAGAACCTAC,60979,GCATTATTCATTAACC
358,ACCCGGTAGCACAGGG,61034,GCATTATTCCAATTGT
359,ACCCGGTAGGAACACA,61134,GCATTATTCAGCAATA
360,ACCCGTAAGATGCCTG,61402,CTCCAAATCCAAATAG
361,ACCCGTAAGCAGGCCT,61427,CTCCAAATCCGGTTTA
362,ACCCGTAAGCCTTAAA,61461,CTCCAAATCTGGTCTA
363,ACCCTCCCAGTAAAGC,62006,ACATTCAGTTTACTAG
364,ACCCTGTTCATTGTCT,62239,TTTGGTTAGGGCTATG
365,ACCCTGTTCCAAATCA,62245,TTTGGTTAGCTTGCCG
366,ACCCTGTTCTAGCTAA,62447,TTTGGTTAGGAGGGTG
367,ACCGAAGCACTGACTA,62690,TTCATGAGTTAAACGG
368,ACCGAAGCAGTACCGT,62777,TTCATGAGTATAGCTC
369,ACCGAAGCATGAGTTT,62846,TTCATGAGTCACAGGG
370,ACCGCAATCGCTATAA,63152,ACCTTGCAGGATTGAC
371,ACCGCAATCTTGGATA,63270,ACCTTGCAGCCTAATT
372,ACCGGCTAGGCGAAAC,63491,AGGCTGATCACGCCCA
373,ACCGGCTAGGTGTCCA,63551,AGGCTGATCCTCACGG
374,ACCGGTTCAGGTTACC,63922,ACGCCACGTATGTTTG
375,ACCTAAATCCAACTGG,64166,GGTTCCTAGAACAACC
376,ACCTAAGGTTTAACGG,64781,CTAGTAGCATTTGTCA
377,ACCTAAGGTTTACCGT,64782,CTAGTAGCAGCAAGTC
378,ACCTCACTCCAGGTTG,65329,CGGGACTAGTCATGCC
379,ACCTCACTCGGCTATG,65463,CGGGACTAGTGGCTTC
380,ACCTGGATCAATCTCT,65601,AGTTATGAGGCCTAAG
381,ACCTGGTCACCTCAGG,66118,ACAAACGGTGAGTTTC
382,ACCTGGTCACTTACAG,66148,ACAAACGGTGACCTTG
383,ACCTGGTCAGAGGGAG,66161,ACAAACGGTGCAACAA
384,ACCTGTTGTACCAGGT,66380,TTACGTCCATAATCGG
385,ACCTGTTGTTGGTGAC,66683,TTACGTCCATCAAGCA
386,ACCTTCATCAAACTCA,66734,TTCTGTGAGTAACGTA
387,ACCTTCATCCAAGTTA,66852,TTCTGTGAGCTAATAG
388,ACCTTCATCTAAGGTC,67038,TTCTGTGAGATGCAAC
389,ACCTTCCAGGACAACA,67283,CCATGACTCTATGCAT
390,ACCTTGCTCACCAATA,67533,GTGCTAGAGCAAACAC
391,ACCTTGCTCCAGGTTG,67631,GTGCTAGAGTCATGCC
392,ACCTTGCTCGCGCTAA,67750,GTGCTAGAGCGCTAGA
393,ACCTTGCTCGTTAACA,67789,GTGCTAGAGAAACCGT
394,ACCTTGCTCTGCAAGT,67843,GTGCTAGAGTTTGAGA
395,ACCTTGCTCTGTGAGT,67850,GTGCTAGAGGTATTTC
396,ACCTTGTGTCAGTAAT,67988,AGTCTAGCAACCAAAT
397,ACCTTGTGTTGCACAA,68202,AGTCTAGCAGGTGGAA
398,ACCTTGTGTTTACTTG,68236,AGTCTAGCATCAATCC
399,ACGAACAAGCATGTTA,68342,GATTCGCTCAAACTTC
400,ACGAACAAGGACAACA,68433,GATTCGCTCTATGCAT
401,ACGAACAAGGTCTTGG,68531,GATTCGCTCTGTTGGC
402,ACGAACAAGTCATGCG,68583,GATTCGCTCACAAAGC
403,ACGAAGTCAACTAGGG,68688,AAGGCTAGTTAGTTGC
404,ACGAAGTCACAATGCC,68764,AAGGCTAGTCCAATTA
405,ACGAAGTCAGTAGGTG,68918,AAGGCTAGTACCTTAA
406,ACGAAGTCATCATGGC,68964,AAGGCTAGTCCTAAGT
407,ACGAATCTCGCGACAC,69283,GGAACTTAGCAGGTTG
408,ACGACAAAGACAAAGT,69429,AGCATGGTCTAAGCAA
409,ACGACAAAGTAAGGGC,69707,AGCATGGTCGGTTACC
410,ACGACTTAGAATGACG,69811,TGATTACTCCCACCCT
411,ACGACTTAGGGACCTC,70034,TGATTACTCCGTTATG
412,ACGACTTAGTCATGCG,70119,TGATTACTCACAAAGC
413,ACGACTTAGTTATCCT,70160,TGATTACTCCTGAAGG
414,ACGACTTAGTTATGGC,70162,TGATTACTCTGTGATT
415,ACGAGTAAGATAGACG,70227,AAGGTTATCATAATGG
416,ACGAGTAAGCTTAACA,70333,AAGGTTATCCGTTAGC
417,ACGATTCAGCTGGAAA,70711,ATGCAAATCCTAAGAA
418,ACGATTCAGGCCCAGT,70776,ATGCAAATCAATCCAT
419,ACGCAAGCAATCCTGA,71039,CGAGCGAGTAGACAAT
420,ACGCAAGCACTTCACT,71138,CGAGCGAGTGCGTACC
421,ACGCAAGCAGGAAGCC,71185,CGAGCGAGTGCGATTT
422,ACGCAAGCAGGCATCT,71194,CGAGCGAGTAGGTTTC
423,ACGCACGGTAATGGCC,71364,TAGCGCGCACTCCCTT
424,ACGCACGGTATACTGG,71405,TAGCGCGCACAGCAAC
425,ACGCACGGTTGTGATG,71680,TAGCGCGCAAGTCCTT
426,ACGCCACAGGAAGCAC,71883,TCCAAATTCTAGCCTA
427,ACGCCACAGGCTGGCT,71947,TCCAAATTCTCACAGC
428,ACGCCACAGTAATCCA,72012,TCCAAATTCAGCTAAA
429,ACGCCTAAGGAGGGTT,72287,ACATGAATCGCTATGC
430,ACGCCTAAGGGTGAAC,72349,ACATGAATCCACTATG
431,ACGCCTAAGTGATTCA,72444,ACATGAATCTCACTTC
432,ACGCCTTTCGCTTGCT,72749,TCTAATCAGAGCCGGT
433,ACGCTTGAGACACCGC,72887,AAAGGCTTCAGGAGGG
434,ACGCTTGAGCGAAGTA,72974,AAAGGCTTCAAATCGA
435,ACGCTTGAGCTAAGTC,72995,AAAGGCTTCTGGCTGT
436,ACGCTTGAGCTAATCA,72996,AAAGGCTTCGCGCTCA
437,ACGCTTGAGGCTTAAC,73102,AAAGGCTTCAATAACG
438,ACGCTTGAGTTATGTG,73233,AAAGGCTTCGACAAGT
439,ACGGGAAGTAATTAGC,73283,CTGCAAACAGTTGGGT
440,ACGGGAAGTATTGTGG,73335,CTGCAAACAGTCTATC
441,ACGGGAAGTCATTGTC,73373,CTGCAAACAATTGCCT
442,ACGGGAAGTCTATCGT,73407,CTGCAAACAGTGAACC
443,ACGGGAAGTCTTACTA,73410,CTGCAAACAAGCTATG
444,ACGGGAAGTTCAAGCA,73548,CTGCAAACAAGCCTCC
445,ACGGGAAGTTTATCTG,73613,CTGCAAACATAATGGT
446,ACGGTACGTGTTTGAG,73879,AGCTAATCATAGACTG
447,ACGGTACGTTAATGAC,73894,AGCTAATCATGCTGGG
448,ACGGTACGTTTGAGCA,74005,AGCTAATCATAGACGC
449,ACGGTTAGTAAGGTCC,74034,CGCATTTCAATTTGGG
450,ACGGTTAGTATACTGG,74087,CGCATTTCACAGCAAC
451,ACGGTTAGTGTTGTAG,74258,CGCATTTCACTATACC
452,ACGTACCCAAGGTACG,74844,GAACCTTGTCTAGCGC
453,ACGTACCCAATATGGA,74867,GAACCTTGTGCAATAG
454,ACGTACCCAATCGCAC,74872,GAACCTTGTTACAACC
455,ACGTACCCAATTTAGC,74889,GAACCTTGTTATATCG
456,ACGTACCCATCCAGGT,75102,GAACCTTGTGCCTTTC
457,ACGTCAAGTGGTTATG,75388,GATTAACCAAAGGAAC
458,ACGTCAAGTTGCGCGA,75493,GATTAACCACTAGCTT
459,ACGTCCAAGCCGCAGT,75639,TGTGGCTTCAATTAGG
460,ACGTCCAAGCGCATTG,75662,TGTGGCTTCAAACCGG
461,ACGTCCAAGTAAGTCC,75842,TGTGGCTTCCTAGGTC
462,ACGTCCAAGTCACTAA,75864,TGTGGCTTCGATTATC
463,ACGTCCTTCCGGTATG,76107,GTTCTTGAGTTAACGA
464,ACGTCCTTCCTAAATG,76115,GTTCTTGAGATAACCA
465,ACGTCCTTCCTTGAGG,76153,GTTCTTGAGTATCCGC
466,ACGTTACAGCGAAGTA,76422,ACCTAGCTCAAATCGA
467,ACGTTACAGGTCAAAG,76576,ACCTAGCTCCTTTAGG
468,ACGTTGTAGCAAGGTA,76758,CCCATAATCAGCGGGT
469,ACTAAAGCAATTAACC,77182,GAAGTATGTATCGGCC
470,ACTAACCAGCAGGCCT,77539,TCCGGATTCCGGTTTA
471,ACTAACCAGGCGGGTA,77690,TCCGGATTCAATACAG
472,ACTAACGGTAATCGCA,77877,GACTCAACAACGGGAA
473,ACTAACGGTGCCGCAA,78044,GACTCAACAAGGTCAC
474,ACTAACTCAAGGTCCT,78298,GAGGTACGTTTGGCTG
475,ACTAACTCATCATGGC,78552,GAGGTACGTCCTAAGT
476,ACTAATCCAAATGCCC,78641,CGCTAATGTATTACTG
477,ACTAATCCAGGTCCTG,78878,CGCTAATGTCACGCAC
478,ACTAGGCGTTCGCTTG,79314,TCACGCCCACTTGCTG
479,ACTATCCGTGCTGTAA,79587,TTTCCGGCATAACCAG
480,ACTATGTCAAGCTTAT,79820,ATCGTTAGTCCTAACG
481,ACTATGTCAATCGCAC,79856,ATCGTTAGTTACAACC
482,ACTATGTCACCTAATG,79917,ATCGTTAGTTACTAGC
483,ACTATGTCACTAAATC,79938,ATCGTTAGTTTACCAA
484,ACTCACCTCAGTGAAG,80221,TAGGGTTAGCCAATCC
485,ACTCACCTCATGCGTG,80243,TAGGGTTAGCTAATCT
486,ACTCACCTCGATATTG,80387,TAGGGTTAGATTCTGT
487,ACTCACTGTCATAACG,80643,TGGTTCTCACCAGCCT
488,ACTCAGTAGCAAGGGT,80973,TAGGATATCAGAAAGG
489,ACTCAGTAGCTGGAAA,81061,TAGGATATCCTAAGAA
490,ACTCAGTAGGGCTTAT,81161,TAGGATATCAAATACG
491,ACTCCTCAGACAGGTA,81322,CAAGCCTTCATCAGCC
492,ACTCGCGCAAGGTCCT,81748,CTGCAATGTTTGGCTG
493,ACTCGCTTCATTTGCT,82186,CGTCCATAGCTTTAGT
494,ACTCGCTTCTTGTCTG,82448,CGTCCATAGGGATTTA
495,ACTGAAACACCAAAGG,82590,TAACCGTGTTTCCAAA
496,ACTGAAACACGTTACA,82623,TAACCGTGTTACAGCT
497,ACTGAAACATAAGCAA,82742,TAACCGTGTAAGGCCG
498,ACTGAATGTATTGAGT,82914,TAAAGGACACTCGCAC
499,ACTGAATGTGCAATGC,83023,TAAAGGACAGGACTAC
500,ACTGAATGTTAACACG,83085,TAAAGGACACATTGTC
501,ACTTACAAGGATCCGC,83412,TTTCTCATCAGGTCGA
502,ACTTACAAGTCAGTAC,83537,TTTCTCATCTGCAACC
503,ACTTACTTCTAGCGTG,83924,CGCAGGTAGCGCAACA
504,ACTTAGGGTAATTAGC,84017,TCCTTAACAGTTGGGT
505,ACTTAGGGTGACCTGG,84155,TCCTTAACATAGCTTC
506,ACTTAGGGTGCAATGC,84173,TCCTTAACAGGACTAC
507,ACTTAGGGTGGTTAGC,84207,TCCTTAACAACCGTTT
508,ACTTAGTCAAGCGAGC,84418,TGCGCGTGTGAGTCCC
509,ACTTAGTCACTAAGAA,84541,TGCGCGTGTGTCACGC
510,ACTTATGAGCCTGTTC,85240,CAAGTCCTCGACATTT
511,ACTTATGAGCTCCTAC,85276,CAAGTCCTCTTAGCCA
512,ACTTATGAGGCGGATG,85357,CAAGTCCTCTAACTAC
513,ACTTATGAGTGAGAGC,85475,CAAGTCCTCCGGGTAA
514,ACTTCGCTCCACCTGT,85649,GAAGCTTAGGTAAGTC
515,ACTTCGCTCCCGAACA,85663,GAAGCTTAGGTCCCTG
516,ACTTCGCTCCTTTACG,85745,GAAGCTTAGCGCAAAT
517,ACTTGAATCAGAAACG,85958,TCCTAATAGGCAATGT
518,ACTTGAATCCACCTTA,86034,TCCTAATAGCATAGCG
519,ACTTGAATCCTCGATC,86108,TCCTAATAGAACCTGG
520,ACTTGAATCGTTACAA,86199,TCCTAATAGTGCAACG
521,ACTTGAATCTTTGACT,86288,TCCTAATAGCCCTTGG
522,ACTTGCACACTAAGTT,86463,TCGGTATGTTGCTTCC
523,ACTTGCACATTATGCG,86655,TCGGTATGTGTTAACC
524,ACTTGCACATTGCGTA,86664,TCGGTATGTGTGATTC
525,ACTTGTAAGGTCCGTA,86936,GGCTTGTTCTAATCAC
526,ACTTGTCGTAAAGCGG,87061,CCAAGGTCACGGTCAG
527,ACTTGTCGTTAGCAGC,87331,CCAAGGTCACATGCCC
528,ACTTTGTTCCGCAAGC,87603,ATGCTAAAGATTCCGC
529,ACTTTGTTCCGTTAAA,87619,ATGCTAAAGTAACCGG
530,AGAAACCCAGCAACAG,88025,GGCTGAGGTAATCCAC
531,AGAAACCCATGCATAT,88163,GGCTGAGGTAATGGTG
532,AGAAACTAGGAAGCTA,88374,TATAGCTTCCTTTGAG
533,AGAAAGGCATTGACAT,88962,ACAGTGAGTCAATTGC
534,AGAACAAGTAGTTAAC,89042,GATGAGGCATCCGGGA
535,AGAACAAGTCTAACCT,89127,GATGAGGCAAACTAGT
536,AGAACAAGTGCCTCAC,89167,GATGAGGCAATAGAGA
537,AGAACAAGTGTTGTAG,89216,GATGAGGCACTATACC
538,AGAACAAGTTATAGCG,89263,GATGAGGCATTCAGGA
539,AGAACAAGTTCCTGTG,89283,GATGAGGCAAACATGT
540,AGAACCAAGCTAATCA,89484,GCATCTATCGCGCTCA
541,AGAACCGCAACCCTCC,89774,AGGACTAGTTCCATTT
542,AGAACCGCACGTAATT,89909,AGGACTAGTTCCTCAC
543,AGAACCGCATGTTGCA,90093,AGGACTAGTTTGGTTA
544,AGAAGGTGTGTGCAAC,90357,TGTGATGCACGTAGCG
545,AGAAGGTGTTAATGCG,90385,TGTGATGCACCTCGAC
546,AGAATCGAGGTAGCTT,90764,ATGTGCCTCAATGAGC
547,AGAATCTGTAATGGCC,90920,CCGAAGTCACTCCCTT
548,AGACAATAGCGGTTAT,91395,ACCATATTCGCGAAGC
549,AGACACGCAAAGGTAC,91676,CGACTTGGTAGCTAAG
550,AGACACGCAACTAGGG,91698,CGACTTGGTTAGTTGC
551,AGACACGCACAACAGG,91770,CGACTTGGTATTGCGT
552,AGACACGCAGCTTAAT,91885,CGACTTGGTGGTGAAC
553,AGACACGCAGGAATCG,91892,CGACTTGGTATCCGTG
554,AGACCCGGTCCTTCTC,92179,GGATGGACAATTAGCG
555,AGACCCGGTTAGACCA,92312,GGATGGACAGGAGGTA
556,AGACCCGGTTGACTTC,92358,GGATGGACATCACAGA
557,AGAGAAGCAACCCTAA,92837,CAGGATAGTTCCGGGT
558,AGAGAAGCAATCCCTT,92891,CAGGATAGTAACGTGA
559,AGAGAAGCACCGGTAT,92952,CAGGATAGTCTTGAAC
560,AGAGAGGAGGCTGTCA,93420,TTGCAGCTCTTGCAGC
561,AGAGAGGAGGTCCGTA,93452,TTGCAGCTCTAATCAC
562,AGAGAGGAGGTTACGT,93466,TTGCAGCTCTAATCCG
563,AGAGATTAGCGCTCAA,93690,GATTACTTCGCTTGTA
564,AGAGATTAGTTATGTG,93937,GATTACTTCGACAAGT
565,AGAGGAACAACTGGCT,94000,GAACAATGTCTTGACG
566,AGAGGAACACCGGTAT,94104,GAACAATGTCTTGAAC
567,AGAGGAACACCTATAG,94110,GAACAATGTAACGAGC
568,AGAGGAACACGTAAGG,94124,GAACAATGTCCGGTTA
569,AGAGGAACATAAGGAC,94247,GAACAATGTACAATGG
570,AGAGGATGTAACCACA,94348,GCTCAAACATCATCAC
571,AGAGGATGTAGTAAGA,94406,GCTCAAACATGATGGC
572,AGAGGATGTTCCTGTG,94649,GCTCAAACAAACATGT
573,AGATGAAGTGCTCCAC,94922,GCCCGAACATGCTTTA
574,AGATGAAGTTTGGGTA,95102,GCCCGAACACATAGCA
575,AGCAAATAGACTATTG,95513,CATAATCTCCACCTGG
576,AGCAAATAGATGGAGC,95536,CATAATCTCGCAACTC
577,AGCAAATAGCTTATGA,95643,CATAATCTCACTAATC
578,AGCAACAAGCACAGGG,95934,CCAAACCTCCAATTGT
579,AGCAAGGGTGAGGTGA,96432,TGCCTCACAAGCTCAA
580,AGCAATACAAGGCCAA,96697,AAGACCAGTGAATCGA
581,AGCAATACACAGAACG,96763,AAGACCAGTATTCAGC
582,AGCAATTGTAGCTGGT,97081,AGAACAACAGGTTGCG
583,AGCAATTGTGATCAGC,97199,AGAACAACAGCCAAAC
584,AGCAATTGTTAATGCG,97283,AGAACAACACCTCGAC
585,AGCAATTGTTAGGTTG,97307,AGAACAACATTAACCC
586,AGCACAGCAAACCCTA,97409,GTTCCAGGTAACAGGC
587,AGCACAGCATTGTGAT,97784,GTTCCAGGTGTAATGG
588,AGCACTAGTAGGATCC,97848,CCGCCATCAAGGCTGT
589,AGCACTAGTTACCGGG,98053,CCGCCATCACTTCAAC
590,AGCACTTAGCACTTGG,98238,AACATAGTCTTGTTCC
591,AGCACTTAGTTAGCTA,98528,AACATAGTCGATATTC
592,AGCACTTAGTTCCCGT,98538,AACATAGTCCTAATGT
593,AGCAGGTAGGACACTT,98727,GTTGTCATCAGCCATC
594,AGCAGGTAGGGACGCA,98791,GTTGTCATCCACCCTC
595,AGCATCCCACAGAAAC,99062,GGCTTGCGTGGGTAAC
596,AGCATCCCATTGGGAG,99315,GGCTTGCGTGTCCACA
597,AGCCAGTGTCAATACG,99799,CTAGGACCACGCGCAA
598,AGCCAGTGTTAGGCGT,99988,CTAGGACCATACTGAG
599,AGCCAGTGTTTAACGG,100059,CTAGGACCATTTGTCA
600,AGCCGGTTCATTAGTG,100581,AGCTAACAGAAATGCC
601,AGCCGGTTCGAGGAAC,100705,AGCTAACAGCGATGCA
602,AGCCTAAGTGTTGTAG,101098,CTACATCCACTATACC
603,AGCCTAAGTTTCGCGC,101225,CTACATCCACCTGGTC
604,AGCCTCCGTACCAGGT,101656,CTTGCTGCATAATCGG
605,AGCCTCCGTTAGGCTA,101905,CTTGCTGCATTACCCG
606,AGCCTGGGTAACAGGG,102011,AGCGGTTCAAACCCAA
607,AGCCTGGGTTAAGCCA,102257,AGCGGTTCAATCTGGA
608,AGCCTGGGTTCCGGGA,102310,AGCGGTTCAATCCTAC
609,AGCGCCTAGACAGGCG,102791,ATGTTGTTCACTATGT
610,AGCGCCTAGCTTACTT,102922,ATGTTGTTCGCACACT
611,AGCGCCTAGTAACGGA,103060,ATGTTGTTCACAAGCG
612,AGCGGACCACCTGGTG,103698,CGATTTAGTTAATCCA
613,AGCGGACCAGCCGCTA,103757,CGATTTAGTGTCCGTA
614,AGCGGATAGCTCAAAC,104058,CCTTGTTTCGGTAATA
615,AGCGTGCTCACAGGAA,104341,GCTTATTAGCATTATC
616,AGCGTGCTCTGGCATG,104655,GCTTATTAGTATAGTG
617,AGCTAAACACAGAACG,104815,CTTCATTGTATTCAGC
618,AGCTAAACACAGCCTG,104818,CTTCATTGTATTGAGG
619,AGCTAACTCAAACTCA,105080,CTGAGTGAGTAACGTA
620,AGCTAACTCACTCAAA,105124,CTGAGTGAGGTGCGTA
621,AGCTAACTCAGCAAGA,105130,CTGAGTGAGTATTGCT
622,AGCTAACTCAGGCCTA,105139,CTGAGTGAGGCCCTTG
623,AGCTAACTCGTTAACA,105367,CTGAGTGAGAAACCGT
624,AGCTACGTCACGCATG,105501,ATAATCGAGTTACCCA
625,AGCTACGTCCACCTTA,105588,ATAATCGAGCATAGCG
626,AGCTACGTCCTAGTAA,105650,ATAATCGAGTGCTCCG
627,AGCTACGTCGTTTCGC,105761,ATAATCGAGCACTTGC
628,AGCTACTAGCTAATTG,105971,AATTGGATCCTAGTGC
629,AGCTACTAGGTAAGGC,106098,AATTGGATCCCTCGCT
630,AGCTACTAGGTCCTGA,106108,AATTGGATCTATATGC
631,AGCTAGTTCATGACCG,106314,TTTAACCAGTCAAGAC
632,AGCTAGTTCCAGGGAG,106359,TTTAACCAGTTATTGC
633,AGCTATATCAAACACC,106613,TCAATGAAGTCCTCAA
634,AGCTATATCCCTGATC,106768,TCAATGAAGCATATAG
635,AGCTATATCTATTGTC,106937,TCAATGAAGCAACCCT
636,AGCTATATCTTGTTCG,106991,TCAATGAAGCTGCTAC
637,AGCTCATAGTTTGCGG,107377,TAGCTGCTCTTGACCA
638,AGCTGCTCACTAAGTT,107553,CCAGTATGTTGCTTCC
639,AGCTGCTCATCTAGCA,107708,CCAGTATGTTTAACCA
640,AGCTTAATCAAACACC,107765,TCGAAGTAGTCCTCAA
641,AGCTTAATCATGACCG,107850,TCGAAGTAGTCAAGAC
642,AGCTTAATCATGCTCC,107857,TCGAAGTAGCTCCCTC
643,AGCTTAATCTGTGAGT,108116,TCGAAGTAGGTATTTC
644,AGCTTCCTCCACCTTA,108276,TTGTCCAAGCATAGCG
645,AGCTTTAAGCAGCTCA,108984,ATTCCTCTCTTGCTGA
646,AGCTTTAAGTCACTCC,109231,ATTCCTCTCGCGATAG
647,AGGAAACGTAATCCCT,109322,TAAGGCCCAGCCTGAG
648,AGGAAACGTAGGATCC,109358,TAAGGCCCAAGGCTGT
649,AGGAAACGTTAGTGAT,109585,TAAGGCCCACTAGCGG
650,AGGAACCAGCAGGCCT,109751,ACGGTTCTCCGGTTTA
651,AGGAACCAGTTAGACC,110035,ACGGTTCTCCCGGATT
652,AGGAACGGTGAATCGC,110230,ATCATCCCAAATACCG
653,AGGACTAAGAGGAGGA,110867,AACAACATCTAGCCAC
654,AGGACTAAGGAGGGTT,111017,AACAACATCGCTATGC
655,AGGACTAAGGTTACGT,111108,AACAACATCTAATCCG
656,AGGACTAAGTCCTTCA,111156,AACAACATCTCAGCTA
657,AGGACTAAGTTATCTC,111193,AACAACATCGCAATTT
658,AGGAGCTAGACTTATG,111242,TAGCGAGTCGCTTGAC
659,AGGAGCTAGCTTGCTC,111372,TAGCGAGTCCTAATCG
660,AGGATATAGATGGAGC,111646,ACAGTAATCGCAACTC
661,AGGATATAGCATGTTA,111678,ACAGTAATCAAACTTC
662,AGGATATAGTAGCTTA,111901,ACAGTAATCCCATAGC
663,AGGATGCAGGTACCGC,112621,GCAAATATCAAGCTTT
664,AGGATGTCAAACGGGC,112757,GAAATACGTAGGTGAC
665,AGGATGTCACATACTG,112881,GAAATACGTCGGTTCA
666,AGGATTGAGCCAGTAT,113220,CATGGCTTCCCGGAAA
667,AGGCAATCACGAACAG,113678,CTGGTCAGTCACACTG
668,AGGCAGGTCCATAAGC,114036,TGCAATAAGGAGCTTG
669,AGGCCCAGTCTATCGT,114439,CCCTCAACAGTGAACC
670,AGGCCCAGTGTCACGG,114511,CCCTCAACATAGCTAG
671,AGGCCCAGTTGTCATC,114627,CCCTCAACAGCACTAA
672,AGGCGGATCACAGACT,114698,GGTCAATAGCTTACTG
673,AGGCGGATCCCGAAGC,114810,GGTCAATAGGTGGATT
674,AGGCTAAAGAGAGCCG,115080,TACCCGGTCTAGGAAC
675,AGGCTAAAGCTGGAAA,115195,TACCCGGTCCTAAGAA
676,AGGCTAGCACCAGCAT,115575,GTCGCTAGTTCGGTAT
677,AGGGCCTTCCCTCAAC,115969,CACCTTAAGATTGACA
678,AGGGCTACACGGTTTA,116369,TGTTCCCGTTCGCTTC
679,AGGGCTACACGTAATT,116371,TGTTCCCGTTCCTCAC
680,AGGGCTACAGTTAAAG,116480,TGTTCCCGTAAATAGC
681,AGGGTTGCAACAGGAT,116616,CATTATGGTAGTTACC
682,AGGGTTGCAAGCGAGC,116636,CATTATGGTGAGTCCC
683,AGGGTTGCACTTCACT,116774,CATTATGGTGCGTACC
684,AGGGTTGCAGCAACCT,116790,CATTATGGTTCTGGCA
685,AGGGTTGCAGCCAGAA,116803,CATTATGGTGGTTCTG
686,AGGTACGCACCCACCT,117499,ATGCAAGGTCCAGCAC
687,AGGTACGCAGGCCATT,117601,ATGCAAGGTGCATTTA
688,AGGTACGCATGAGTTT,117692,ATGCAAGGTCACAGGG
689,AGGTATTGTCTCACTG,117894,GTTCCCACAAGGGAGC
690,AGGTATTGTGATGATT,117919,GTTCCCACATCAGTTC
691,AGGTATTGTTCATTTG,118039,GTTCCCACAAGGCTTA
692,AGGTCAAAGACAGGTA,118142,CCTCACCTCATCAGCC
693,AGGTCAAAGCTTAGCG,118273,CCTCACCTCGAGGCGT
694,AGGTCAAAGGTTACAC,118397,CCTCACCTCCTCTCGC
695,AGGTCATTCATGCTTT,118600,ACTCGCTAGTGAGGCC
696,AGGTCATTCCAGGAAA,118636,ACTCGCTAGGTACCGA
697,AGGTCATTCGGTAACT,118778,ACTCGCTAGTTACGTT
698,AGGTCCGGTAGGTTTG,118953,ACGTTTCCACCAACAA
699,AGGTCTTAGCCACATG,119356,CCCAATATCTTGTTGG
700,AGGTCTTAGCTCCCTG,119409,CCCAATATCACGAATA
701,AGGTCTTAGCTGTCAG,119420,CCCAATATCGCGAGTA
702,AGGTCTTAGGCCGGAA,119481,CCCAATATCCGGCTAT
703,AGGTGAGGTCCTAACT,120169,CAGGTTACACCTTCAG
704,AGGTTAACAACTAACT,120459,AACGCTTGTTCCCGTT
705,AGGTTACTCCAACTGG,120926,GCTACCTAGAACAACC
706,AGGTTAGAGCATGGTT,121266,GATTGCCTCATCCTCT
707,AGGTTAGAGGCCTAAT,121400,GATTGCCTCCGCCTCT
708,AGGTTAGAGTCATGCG,121509,GATTGCCTCACAAAGC
709,AGGTTAGAGTGAGCAA,121528,GATTGCCTCTAATCGT
710,AGGTTTATCAAAGGCA,121961,AGAACCTAGGAGCCGT
711,AGGTTTATCCGCAAAT,122117,AGAACCTAGACCAGGC
712,AGGTTTATCTCCTCTT,122294,AGAACCTAGCTGCATC
713,AGGTTTATCTTAGCCC,122316,AGAACCTAGTCTTAGT
714,AGGTTTGGTAGGATTT,122399,AATGACTCATATTGCC
715,AGGTTTGGTCTTACTA,122496,AATGACTCAAGCTATG
716,AGGTTTGGTTACATCC,122602,AATGACTCAACAACAT
717,AGGTTTGGTTATAGCG,122627,AATGACTCATTCAGGA
718,AGTAAACAGCTCCTAC,122860,CAGGGACTCTTAGCCA
719,AGTAACACAATTGAAG,123207,GCTATTAGTAGTCCTG
720,AGTAACACAGCTCATA,123332,GCTATTAGTTCAAGCT
721,AGTAACACATAGACTT,123407,GCTATTAGTTGCGCGT
722,AGTAACCTCATAAGCC,123564,TAGATTGAGGCGATAT
723,AGTAACCTCTAATCTC,123803,TAGATTGAGCTACCTA
724,AGTAACGAGCTCAATA,124009,GGTTGCTTCATGGTCC
725,AGTAACGAGGTCCGTA,124136,GGTTGCTTCTAATCAC
726,AGTAACGAGTCATTAG,124194,GGTTGCTTCATTAAGG
727,AGTAAGTAGCGCATTG,124370,ATGCGGATCAAACCGG
728,AGTAATCGTATCTGGA,124712,TCACTCGCACCGTTGC
729,AGTAATCGTGATGAAA,124819,TCACTCGCATTAGCCT
730,AGTAATCGTTCCTGTG,124949,TCACTCGCAAACATGT
731,AGTAATGCAATATAGG,125106,TAGGTAGGTTACGTAC
732,AGTAATGCATAAGTCT,125314,TAGGTAGGTCATGCCA
733,AGTAATGCATTGTCAG,125400,TAGGTAGGTTTAATCG
734,AGTAGCTTCAGGCCTA,125853,CACAGTGAGGCCCTTG
735,AGTAGCTTCTTAGCGG,126151,CACAGTGAGGGTCTAG
736,AGTAGGATCCTACCTA,126363,TGGACATAGTTACTAC
737,AGTAGGATCGCCTAAG,126423,TGGACATAGTAAAGGG
738,AGTAGGATCGTTACAA,126467,TGGACATAGTGCAACG
739,AGTATAGCACGTAATT,126725,TCATGGTGTTCCTCAC
740,AGTATAGCAGTTTCTC,126840,TCATGGTGTCACGATT
741,AGTCAAGAGATGGAGC,126988,CTACTGATCGCAACTC
742,AGTCAAGAGCTCCCTG,127079,CTACTGATCACGAATA
743,AGTCAAGAGGTAGCTT,127198,CTACTGATCAATGAGC
744,AGTCAATGTATTCGTC,127401,GATCCAACACTAATCC
745,AGTCAATGTGCCTCAC,127517,GATCCAACAATAGAGA
746,AGTCAATGTGCGCATG,127519,GATCCAACACAACATG
747,AGTCAATGTGTTGTAG,127566,GATCCAACACTATACC
748,AGTCAATGTTTGAGGC,127696,GATCCAACACCAAAGC
749,AGTCAGGCACGGTTTA,127873,TCTATGAGTTCGCTTC
750,AGTCCTGAGCGGATAA,128209,GGTTATTTCCTCCCAC
751,AGTCCTGAGGAGTCGG,128280,GGTTATTTCAATCGGG
752,AGTCCTTGTGCAATGC,128661,GGAGCAACAGGACTAC
753,AGTCCTTGTGGTTCTT,128698,GGAGCAACAGAAACCC
754,AGTCGCATCATGACCG,128944,GTGTGCAAGTCAAGAC
755,AGTCGCATCGCTAGCA,129114,GTGTGCAAGCCAGGAC
756,AGTCGCATCGGTTACG,129135,GTGTGCAAGGACTTAA
757,AGTCGCATCTAATCTC,129171,GTGTGCAAGCTACCTA
758,AGTCTTGCACCAGGTT,129382,CTAACCGGTTTGCTGG
759,AGTCTTGCATGTCGCG,129591,CTAACCGGTGAGTTAG
760,AGTGAACCACTCGCTC,129804,GCTGTTGGTTGTTCCC
761,AGTGAACCAGGCCAAA,129870,GCTGTTGGTTGAGGTA
762,AGTGAGTCATATTGAC,130320,GCATTGTGTGCCGGAA
763,AGTGCACGTAAGCACC,130791,TGGATCACATCCCTCT
764,AGTGCACGTATCTGGA,130848,TGGATCACACCGTTGC
765,AGTGCACGTGAGCAAG,130948,TGGATCACATCTATGC
766,AGTGCACGTTGGTGAC,131113,TGGATCACATCAAGCA
767,AGTGCACGTTTGCAGA,131149,TGGATCACAAGGAATA
768,AGTGCCGGTACCGTTT,131197,TCTAGCTCAAATACGT
769,AGTGCCGGTTAGGTGC,131442,TCTAGCTCAGGTGACT
770,AGTGCCGGTTCCGCAC,131462,TCTAGCTCATGAGGGA
771,AGTGCGGAGCCTAACG,131635,GTTGTTGTCGTCCTTT
772,AGTGCGGAGCTGAGGG,131683,GTTGTTGTCCGGATTC
773,AGTGCGGAGGACCTCA,131716,GTTGTTGTCAGGAATC
774,AGTGGACAGACTATTG,131949,GGTTGGATCCACCTGG
775,AGTGTGGCACATGCTA,132443,GCATTTAGTTTGACTA
776,AGTGTGGCACTCAACA,132487,GCATTTAGTTAACCAC
777,AGTGTTTCAAGGTGGC,132759,TTACCTTGTGCTAGCC
778,AGTGTTTCATAAGCAA,132982,TTACCTTGTAAGGCCG
779,AGTTACATCCTTGAGG,133297,GTGGACCAGTATCCGC
780,AGTTACATCGAGGTGG,133311,GTGGACCAGTAAGTCA
781,AGTTACATCTTAGCCC,133438,GTGGACCAGTCTTAGT
782,AGTTACTCAGATAGAC,133660,CATCCAGGTTAAAGGT
783,AGTTACTCAGCAGGTA,133672,CATCCAGGTACCGTTG
784,AGTTACTCAGCCTAAC,133680,CATCCAGGTAAACCAG
785,AGTTACTCATAGCGAG,133765,CATCCAGGTCTAACCG
786,AGTTATGTCATGTCAA,133945,CACGGTAAGTGCTCAC
787,AGTTGCAGTATTGGAT,134308,GATTGATCATTACTGC
788,AGTTGCAGTTAGCCAA,134505,GATTGATCAAAGTGAA
789,AGTTGCAGTTATAGCG,134517,GATTGATCATTCAGGA
790,AGTTGCGTCACGAATC,134652,CGGTAATAGGATTATG
791,AGTTGCGTCCTCAGCT,134807,CGGTAATAGTAAAGCC
792,AGTTGCGTCCTCCTAA,134813,CGGTAATAGAAGGGTA
793,AGTTGCGTCGCTAAGT,134866,CGGTAATAGCTGGCAA
794,AGTTGCGTCTTGCTAT,134986,CGGTAATAGCCATCAC
795,AGTTGGCGTTTACTTG,135350,CCGCACTCATCAATCC
796,AGTTGTCAGCAAGGTA,135434,GCCTTCCTCAGCGGGT
797,AGTTGTCAGCGGATTT,135496,GCCTTCCTCCAAACTT
798,AGTTTGATCATAATCG,135837,ATTACGAAGCTCAAGG
799,AGTTTGATCCCAGTAG,135900,ATTACGAAGGCACAAT
800,AGTTTGATCGATTATG,135999,ATTACGAAGGAACAAG
801,AGTTTGATCGCTCCAT,136023,ATTACGAAGATAGACC
802,AGTTTGCAGTATTGGC,136453,CTGGCCATCACTTGCA
803,ATAACGACAAATACCT,136549,TTCGCCTGTCAATGAG
804,ATAACGACAAGCCACT,136576,TTCGCCTGTTTACCGG
805,ATAACGACAAGGACCA,136585,TTCGCCTGTAACCGCC
806,ATAACGACAATCATGT,136614,TTCGCCTGTAGAGGGA
807,ATAAGCCTCAATGTGC,136939,ATGTTTCAGGTTGGTG
808,ATAAGCCTCCCTTGCG,137074,ATGTTTCAGCTTGTTG
809,ATAAGCCTCCGGAACC,137084,ATGTTTCAGGATTTGA
810,ATAATGGCACTTGTTC,137868,GGACCAGGTGGTTACT
811,ATACCGGTCCTTAAGA,138276,ATTTACCAGCCAAACG
812,ATACCTGCAATCCCTT,138533,CCTGTTCGTAACGTGA
813,ATACCTGCATTGACAT,138818,CCTGTTCGTCAATTGC
814,ATAGATGCAAATGCCC,138853,CGTAGTTGTATTACTG
815,ATAGATGCAACATAAG,138862,CGTAGTTGTAACGATG
816,ATAGCATGTCACCTAT,139315,CGGTGCACATCAGGAC
817,ATAGCATGTCGAAGTC,139355,CGGTGCACAACAGAGG
818,ATAGCATGTGCCTCAC,139407,CGGTGCACAATAGAGA
819,ATAGGTACACATACTG,139729,TCCTGAGGTCGGTTCA
820,ATATAGGCATTGTGTG,140363,CCCACTTGTTAAAGCG
821,ATATGCTCACAGGGAC,140879,CCAACTGGTAAACCGA
822,ATATGCTCACCAACCG,140887,CCAACTGGTACTGGCC
823,ATATGCTCATCTTGAG,141079,CCAACTGGTGATCCTG
824,ATATGGTGTTAGACCA,141404,CGGGCTACAGGAGGTA
825,ATATGTCCACAAGCCT,141630,GACTAAGGTTCATTGA
826,ATATGTCCATTGTTGG,141898,GACTAAGGTCACCAAT
827,ATCAAGACAGCTTAGC,142129,CTCACCTGTCTATCTT
828,ATCAAGACAGGTATTT,142157,CTCACCTGTTACGCCA
829,ATCAATCCAATCGCAC,142756,CTAGAAGGTTACAACC
830,ATCAATCCACGAATTT,142830,CTAGAAGGTACCGTGC
831,ATCAATCCACTGACTA,142848,CTAGAAGGTTAAACGG
832,ATCAATCCAGCGCTTG,142889,CTAGAAGGTGGACAAC
833,ATCACAATCAATGTCA,143076,GCCCTTGAGCTTTACG
834,ATCACAATCCTAGTAA,143242,GCCCTTGAGTGCTCCG
835,ATCACAATCGATTTGA,143292,GCCCTTGAGGTGGCTA
836,ATCACAATCGTGCCTT,143340,GCCCTTGAGGACACGC
837,ATCACACAGCAGGTGG,143506,ACCTCCCTCGCGACTT
838,ATCACACAGCCTTAAA,143539,ACCTCCCTCTGGTCTA
839,ATCACACAGCGAGCGA,143541,ACCTCCCTCGATATAG
840,ATCACCCTCATGCTCC,143913,TGAGCATAGCTCCCTC
841,ATCACCCTCCCGTTTA,143968,TGAGCATAGCAAGGAA
842,ATCACTAAGCTGCACA,144346,GTCTAATTCGCATTTG
843,ATCACTAAGGCTACTG,144429,GTCTAATTCCTTGAGC
844,ATCAGGTTCATGGTTA,144686,ATTAGTGAGTTACCGC
845,ATCAGGTTCCAAGTTA,144710,ATTAGTGAGCTAATAG
846,ATCAGGTTCCAGGTTG,144721,ATTAGTGAGTCATGCC
847,ATCAGGTTCCGCATGA,144753,ATTAGTGAGTCACTAT
848,ATCAGGTTCCTTGCAC,144808,ATTAGTGAGAGCAATC
849,ATCAGGTTCGCTAGCA,144844,ATTAGTGAGCCAGGAC
850,ATCATCAAGACACCGC,144989,TTGCGACTCAGGAGGG
851,ATCATCAAGCATCCAG,145044,TTGCGACTCATCAGTT
852,ATCATCAAGCTTTGGG,145129,TTGCGACTCCCAATAT
853,ATCATCAAGGCGAAAC,145185,TTGCGACTCACGCCCA
854,ATCATCAAGGTTACAC,145247,TTGCGACTCCTCTCGC
855,ATCATGTCAACTGGGA,145399,AATACCCGTGCTCATG
856,ATCATGTCAAGTTATC,145427,AATACCCGTTGGCCAC
857,ATCATGTCACGTAATT,145523,AATACCCGTTCCTCAC
858,ATCATGTCATCACTTC,145669,AATACCCGTAAAGCAT
859,ATCATGTCATGAATAG,145688,AATACCCGTTATCCGG
860,ATCCACCTCATGTTTC,146225,AGTGATCAGGCAATCG
861,ATCCATAAGCGAAGTA,146612,AACGGATTCAAATCGA
862,ATCCATAAGCGCCTTT,146622,AACGGATTCTATTGAC
863,ATCCATAAGGTTACAC,146783,AACGGATTCCTCTCGC
864,ATCCATAAGTAATCCA,146802,AACGGATTCAGCTAAA
865,ATCCCGCGTAATGGCC,146920,GGATCCGCACTCCCTT
866,ATCCCGCGTCCTCCAA,147025,GGATCCGCAGAGAGGC
867,ATCCGTGAGACACTTA,147292,CTCCTCATCCTAAGCC
868,ATCCGTGAGCGATACT,147383,CTCCTCATCAGCTATT
869,ATCCGTGAGGTCCACA,147535,CTCCTCATCGTTAGCC
870,ATCCTCATCTTTGTAC,148042,AGGGTCCAGGTGGAAA
871,ATCCTGACATGGCCCA,148386,GATAACGGTACTTCGG
872,ATCCTGACATGTTTGG,148396,GATAACGGTTTATCCT
873,ATCCTTAGTGCTAGCG,148622,TCAGGACCAATGACCA
874,ATCGAGGCATGAGTTT,149144,CTAGGTTGTCACAGGG
875,ATCGCCCGTTAACGGC,149442,GTAAGAACACTTAGGA
876,ATCGGCCAGACTATTG,149979,GCAATAATCCACCTGG
877,ATCGGCCAGCTAATTG,150083,GCAATAATCCTAGTGC
878,ATCTATGAGCAGCTCA,150408,TTTCTTGTCTTGCTGA
879,ATCTATGAGCCTCTGT,150436,TTTCTTGTCGCGTTAC
880,ATCTATGAGCTGTCAG,150488,TTTCTTGTCGCGAGTA
881,ATCTATGAGGTCTTGG,150607,TTTCTTGTCTGTTGGC
882,ATCTTTGGTTAGGATT,151003,GACCGTGCAAGCGAAG
883,ATGAAGCCAAAGCTAA,151121,ACTTAGCGTTTCCAGG
884,ATGAAGCCAGTCTAAT,151378,ACTTAGCGTTAGTACC
885,ATGAAGCCATGTTGTG,151459,ACTTAGCGTCGTAATC
886,ATGAAGTAGGCCAATT,151696,GTGCTTATCTTAGCTG
887,ATGAAGTAGGCTAATC,151713,GTGCTTATCCGTCCAG
888,ATGAAGTAGGTAGCTT,151746,GTGCTTATCAATGAGC
889,ATGAAGTAGTATTGCA,151796,GTGCTTATCCAGCTCG
890,ATGAATGCACCTCGCT,152029,GGAGTCGGTTGGGTTT
891,ATGAATGCAGTAATAG,152140,GGAGTCGGTGATTCTA
892,ATGAATGCATCCATCT,152193,GGAGTCGGTCACTCAG
893,ATGAATGCATTGTGCA,152253,GGAGTCGGTTAGCCAT
894,ATGACAACACTTACAG,152442,GCTTAACGTGACCTTG
895,ATGACAACATCCATCT,152577,GCTTAACGTCACTCAG
896,ATGACCAGTCATTACC,152758,ATTGTGGCAGTTGGCG
897,ATGACGAAGCGAGCGA,153129,AATTCGTTCGATATAG
898,ATGACTCAGAGAGCCG,153436,GAGGCTATCTAGGAAC
899,ATGACTCAGCTTCCCG,153562,GAGGCTATCATTCAGT
900,ATGAGCCGTCCTTTAA,153930,GGGAACACAGAAATGA
901,ATGAGCCGTTAACGAT,154041,GGGAACACAGTTTCCG
902,ATGATGACATAATCGT,154468,CAGCCTAGTTCTTTGT
903,ATGATGGAGACACTTA,154576,CCTTTGTTCCTAAGCC
904,ATGATGGAGCAAACCT,154607,CCTTTGTTCGGTTCAC
905,ATGATGGAGGGTGAAC,154805,CCTTTGTTCCACTATG
906,ATGATGGAGTAGGATG,154860,CCTTTGTTCTAGTTAC
907,ATGCAAACAAAGCTAA,154957,TTATCGAGTTTCCAGG
908,ATGCAAACAATAGCAA,155020,TTATCGAGTCCTCACT
909,ATGCAAACATAATTGC,155239,TTATCGAGTTCTTAAG
910,ATGCAAACATCCCGCT,155262,TTATCGAGTGTGAGTA
911,ATGCAGGCAACATAAG,155356,AGGTTAGGTAACGATG
912,ATGCAGGCAGCCTGCA,155545,AGGTTAGGTTTCTAAG
913,ATGCCTGAGTCACTCC,156409,GCGTGTTTCGCGATAG
914,ATGCCTGAGTGAACAG,156426,GCGTGTTTCCGCAATC
915,ATGCGATTCCTTTACG,156701,TAATGCAAGCGCAAAT
916,ATGCGATTCGATTCTT,156716,TAATGCAAGTGAGCCA
917,ATGCGATTCTTAGCCC,156838,TAATGCAAGTCTTAGT
918,ATGCTTAAGCATTAGC,156941,CATTAGTTCGTGATAA
919,ATGCTTAAGGAAGCAC,157027,CATTAGTTCTAGCCTA
920,ATGCTTAAGGCGCTAC,157079,CATTAGTTCGCTAGCT
921,ATGCTTAAGGCTACTG,157087,CATTAGTTCCTTGAGC
922,ATGGACAAGCGATAAG,157354,TGATGAATCGCTTCTT
923,ATGGACAAGTAACTCA,157535,TGATGAATCCCTGGTG
924,ATGGACAAGTACCGCA,157541,TGATGAATCGTTGTCA
925,ATGGACAAGTGAGGTA,157587,TGATGAATCAGGATCG
926,ATGGCCCAGCACGATT,157692,CCATAGCTCTAACTCG
927,ATGGCCCAGCCTGACA,157727,CCATAGCTCGACCTTA
928,ATGGCCCAGTAGCCAT,157928,CCATAGCTCCCTCATT
929,ATGGCCGGTAGGTGTC,158074,AGCTTCTCACGCCCAT
930,ATGGCCGGTATTGAGT,158090,AGCTTCTCACTCGCAC
931,ATGGCCGGTCAAGTGC,158104,AGCTTCTCATCCGCTA
932,ATGGCCGGTGAAACAA,158175,AGCTTCTCACACTAAG
933,ATGGCCGGTGATGAAA,158191,AGCTTCTCATTAGCCT
934,ATGGCCGGTTAGTGAT,158299,AGCTTCTCACTAGCGG
935,ATGGCTAGTATTCGCT,158470,GGCAATCCAGGATGGA
936,ATGGCTAGTGAAACAA,158557,GGCAATCCACACTAAG
937,ATGGCTAGTGGAAACG,158601,GGCAATCCAGGAGGGT
938,ATGGCTAGTTACAAAC,158656,GGCAATCCATTAGCAG
939,ATGGCTAGTTAGGACC,158674,GGCAATCCACGCTAGG
940,ATGGCTAGTTCAAGCA,158690,GGCAATCCAAGCCTCC
941,ATGGCTGTCCGCACAA,158942,CGCATGAAGTAAACTG
942,ATGGCTGTCTCAATTC,159106,CGCATGAAGCTTAGGG
943,ATGGTCTAGCTCGCTT,159686,CGTTATGTCACACCGT
944,ATGGTCTAGGCCTTAG,159758,CGTTATGTCCATCATG
945,ATGGTCTAGGCGGGTA,159766,CGTTATGTCAATACAG
946,ATGGTCTAGGTTTGAC,159826,CGTTATGTCGATTAAG
947,ATGGTCTAGTCATTAG,159866,CGTTATGTCATTAAGG
948,ATGGTCTAGTGATTCA,159888,CGTTATGTCTCACTTC
949,ATGGTCTAGTGTGATC,159893,CGTTATGTCGCTTTAG
950,ATGGTGCGTAACGGGA,159940,TAAGACTCACTGGCAG
951,ATGGTGCGTAGTAAGA,159994,TAAGACTCATGATGGC
952,ATGGTGCGTCACAAAT,160024,TAAGACTCAGGAGGAC
953,ATGGTGCGTGCTCCAC,160128,TAAGACTCATGCTTTA
954,ATGGTGCGTTTAACGG,160281,TAAGACTCATTTGTCA
955,ATGGTTATCAATCTCT,160333,GCAACATAGGCCTAAG
956,ATGGTTATCCCTCAAC,160461,GCAACATAGATTGACA
957,ATGGTTATCTAGCGTG,160632,GCAACATAGCGCAACA
958,ATGGTTATCTTTAAGG,160692,GCAACATAGTTTGTCG
959,ATGTAACGTCACACCC,160791,GAAGGTGCAAGCCATA
960,ATGTAACGTCACCTAT,160795,GAAGGTGCATCAGGAC
961,ATGTAACGTGCAATGC,160881,GAAGGTGCAGGACTAC
962,ATGTAACGTGGACATC,160903,GAAGGTGCAATGAAGA
963,ATGTAACGTGGATTCA,160908,GAAGGTGCAGGTTCCC
964,ATGTAACGTTACCGGG,160959,GAAGGTGCACTTCAAC
965,ATGTAACGTTTACCGT,161048,GAAGGTGCAGCAAGTC
966,ATGTAACGTTTAGTCC,161053,GAAGGTGCAATACCGA
967,ATGTAAGCAAAGCTAA,161093,ACGCCTAGTTTCCAGG
968,ATGTCAATCCAAACAC,161580,TGCATTTAGATATTCC
969,ATGTCAATCCCATAAA,161601,TGCATTTAGTTAGGAC
970,ATGTCAATCTAACCAA,161766,TGCATTTAGGCTTAGG
971,ATGTCAATCTCTAGCC,161804,TGCATTTAGATTCCTG
972,ATGTCATCAAATATCC,161866,GAGCTGGGTTGTGACT
973,ATGTCATCAATTAAGG,161943,GAGCTGGGTTGCAATC
974,ATGTCATCAGCCAGTT,162062,GAGCTGGGTACGGTTT
975,ATGTCATCAGTAATAG,162112,GAGCTGGGTGATTCTA
976,ATGTCATCATTAAGTC,162204,GAGCTGGGTGAGACTA
977,ATGTCCACAAACCTAT,162234,AGCGCCTGTGCGCGAA
978,ATGTGAGAGAATCGCT,162623,TACTACGTCCTGATCA
979,ATGTGAGAGTTAGTTG,162973,TACTACGTCTACCTGA
980,ATGTTCAAGGCATTAC,163202,AAACTAGTCAAAGGGA
981,ATGTTGTCAACTGGCT,163424,TACCGGCGTCTTGACG
982,ATGTTGTCAATGAAGC,163472,TACCGGCGTATAGCGA
983,ATGTTGTCAATTGACT,163484,TACCGGCGTAAGGTGC
984,ATGTTGTCACAAAGCG,163491,TACCGGCGTACAAACG
985,ATGTTGTCAGTAAAGC,163646,TACCGGCGTTTACTAG
986,ATGTTGTCATAGCTGC,163687,TACCGGCGTCATCATA
987,ATGTTGTCATATAACC,163691,TACCGGCGTTAGGCTT
988,ATGTTGTCATTAAGCT,163739,TACCGGCGTGCTCCTT
989,ATGTTGTCATTGTTGG,163764,TACCGGCGTCACCAAT
990,ATGTTTGAGCATTAGC,163845,TCCACAATCGTGATAA
991,ATTACCCGTTTCGCGC,164901,CCACACCCACCTGGTC
992,ATTACGTCAACTAGGG,165340,AACTGAGGTTAGTTGC
993,ATTACGTCACAGCCAT,165425,AACTGAGGTACCTTGG
994,ATTACGTCACTTGTTC,165488,AACTGAGGTGGTTACT
995,ATTACGTCAGGCCAAA,165544,AACTGAGGTTGAGGTA
996,ATTACGTCAGTAGCCT,165568,AACTGAGGTTGCTCAG
997,ATTACGTCATAGGCGA,165607,AACTGAGGTGCACAAA
998,ATTACGTCATGACTAT,165634,AACTGAGGTTAGCTCG
999,ATTACGTCATGCTCCC,165641,AACTGAGGTAGTAGCA
1000,ATTACGTCATTGTGAT,165678,AACTGAGGTGTAATGG
1001,ATTACTGAGCACGATT,165746,CTTGATGTCTAACTCG
1002,ATTACTGAGCCTAACG,165777,CTTGATGTCGTCCTTT
1003,ATTAGCGGTCCTTTAA,166206,TTACTTGCAGAAATGA
1004,ATTAGCGGTTGCAATG,166387,TTACTTGCAACCGTAA
1005,ATTAGCTCAGCACCAT,166657,GCAGTTTGTTGACTAC
1006,ATTAGCTCAGGAACAT,166680,GCAGTTTGTGCGGTTC
1007,ATTAGGTGTCCGTAGG,166961,GTCCTTGCATCAGGTA
1008,ATTAGTCCAATATGGA,167299,GAAGCACGTGCAATAG
1009,ATTAGTCCACAAAGAC,167324,GAAGCACGTGACGTAA
1010,ATTAGTCCACAGGATG,167344,GAAGCACGTTTGCTCC
1011,ATTAGTCCACCGGTAT,167362,GAAGCACGTCTTGAAC
1012,ATTAGTCCAGTTATCG,167494,GAAGCACGTTTATTCC
1013,ATTAGTCCATTATGGT,167582,GAAGCACGTACTTACA
1014,ATTATCCTCAAGCGCC,167611,GGTGTGCAGCCTGTCG
1015,ATTATCCTCGCTTGCT,167863,GGTGTGCAGAGCCGGT
1016,ATTATCCTCGGTTTGG,167881,GGTGTGCAGTCATTAC
1017,ATTATCCTCGTTAAGC,167892,GGTGTGCAGCAAATCA
1018,ATTATCCTCTGCAACG,167944,GGTGTGCAGCCTTGCG
1019,ATTATCCTCTTAGCGG,167961,GGTGTGCAGGGTCTAG
1020,ATTCACTTCAGGCTAT,168816,TGCGCTTAGGCACGTA
1021,ATTCACTTCGCTAGCA,169008,TGCGCTTAGCCAGGAC
1022,ATTCACTTCGTGCCTT,169040,TGCGCTTAGGACACGC
1023,ATTCACTTCGTTATAG,169049,TGCGCTTAGGATAACC
1024,ATTCATGAGAGCCGGA,169169,GTCGTTATCATGGATA
1025,ATTCATGAGGATTGAG,169330,GTCGTTATCAGGTTCC
1026,ATTCATGAGGTAAGGC,169390,GTCGTTATCCCTCGCT
1027,ATTCATGAGTCAATTG,169446,GTCGTTATCTTTGGTG
1028,ATTCCGGAGAAAGCAT,169522,TTCCTGTTCGACAAAC
1029,ATTCCGGAGATAACCC,169561,TTCCTGTTCATTTAGC
1030,ATTCCGGAGTTGTCCC,169895,TTCCTGTTCGTACAAA
1031,ATTCCTAGTCGAAGTC,170043,GTTATCCCAACAGAGG
1032,ATTCCTCCAATAATGG,170362,CAATGAGGTCAATTCA
1033,ATTCCTCCATGAGCAG,170621,CAATGAGGTCATAACC
1034,ATTCGTTTCCACCCTG,170796,ATCGCTCAGCTCATGC
1035,ATTCGTTTCTCACTAT,171002,ATCGCTCAGGGAGCAG
1036,ATTCGTTTCTTGCTAT,171044,ATCGCTCAGCCATCAC
1037,ATTGAAGCACAATGCC,171170,GGTTCGCGTCCAATTA
1038,ATTGAAGCACCTCACC,171207,GGTTCGCGTATTGTCA
1039,ATTGAAGCAGAGGCTA,171250,GGTTCGCGTAAGTGCA
1040,ATTGAAGCAGCATGGA,171266,GGTTCGCGTAGCCTTG
1041,ATTGAAGCATAAACCT,171339,GGTTCGCGTGCACCAC
1042,ATTGACTCATAAGGAC,171727,TTTAACGGTACAATGG
1043,ATTGCACAGCCACATG,171906,TTAGCTGTCTTGTTGG
1044,ATTGCACAGTAGCTTA,172123,TTAGCTGTCCCATAGC
1045,ATTGCAGGTTCCGGCT,172509,CGGGTTGCATGCCTGC
1046,ATTGCGCCAACACTTG,172614,GAGTTAGGTGTTACAC
1047,ATTGCGCCACTGACCG,172767,GAGTTAGGTGAGTAGC
1048,ATTGCTCGTCCCGGAA,173096,TCCAAGACAAATGAAG
1049,ATTGCTCGTGCTCACC,173169,TCCAAGACAAATAGCT
1050,ATTGCTCGTGGTTCTT,173194,TCCAAGACAGAAACCC
1051,ATTGCTCGTTGCCTCA,173296,TCCAAGACAGGTTACA
1052,ATTGGCTAGCTCGCTT,173494,ATGTAAGTCACACCGT
1053,ATTGGCTAGGAAGTAT,173521,ATGTAAGTCTTGCTCT
1054,ATTGGCTAGGCACAGG,173554,ATGTAAGTCGCTCAAC
1055,ATTGGCTAGTCTTGAA,173685,ATGTAAGTCAGCTACC
1056,ATTGGCTAGTTATGGC,173716,ATGTAAGTCTGTGATT
1057,ATTGGTTCACATGCTA,173871,GTATCCGGTTTGACTA
1058,ATTGGTTCACCCACAG,173880,GTATCCGGTCGCAACC
1059,ATTGGTTCACGAACAG,173898,GTATCCGGTCACACTG
1060,ATTGGTTCAGCATGAG,173949,GTATCCGGTTACTCCC
1061,ATTGGTTCAGGCATGA,173981,GTATCCGGTGGTGCAG
1062,ATTGTCCGTCATTGTC,174241,CGATATGCAATTGCCT
1063,ATTGTCCGTGATGAAA,174299,CGATATGCATTAGCCT
1064,ATTGTCCGTGCGCGTA,174316,CGATATGCAAGTGCCG
1065,ATTGTCCGTTAGAGCC,174393,CGATATGCACCTCACA
1066,ATTGTCCGTTTGCAGA,174493,CGATATGCAAGGAATA
1067,ATTGTGATCGCTCACT,174764,CGCAACAAGAAACCTA
1068,ATTTAGCCATAATGTC,175184,TTTATCCGTGCAAGTA
1069,ATTTAGGTCGCTAGTG,175529,ATGTCCCAGGTCGAGC
1070,ATTTGCAAGACAACAG,175670,GAGTAACTCAACAACA
1071,ATTTGCAAGCCTCTGT,175752,GAGTAACTCGCGTTAC
1072,ATTTGCAAGTGAGCGG,175995,GAGTAACTCATCACAT
1073,ATTTGCGCAGAATGAC,176233,GCTTTAAGTCTTAGCG
1074,ATTTGTGAGATGGACA,176469,TAAAGGCTCTCAAGAA
1075,ATTTGTGAGCCTGTTC,176526,TAAAGGCTCGACATTT
1076,CAAACAACAAAGGCCA,176825,GCCAATTGTGAGTCAA
1077,CAAACAACAATTGCGC,176912,GCCAATTGTACTAACC
1078,CAAACAACACGAACAG,176968,GCCAATTGTCACACTG
1079,CAAACAACAGCTAATT,177031,GCCAATTGTATTTACG
1080,CAAACAACAGGTTCAC,177070,GCCAATTGTCCTGACA
1081,CAAACACTCATTACGA,177295,TGAGACTAGGCACTAG
1082,CAAACACTCCCTGATC,177348,TGAGACTAGCATATAG
1083,CAAACACTCCTCATCA,177389,TGAGACTAGGATCCAG
1084,CAAACACTCTCAATGA,177519,TGAGACTAGGCTTGTC
1085,CAAACATGTTGGTTCT,177913,GAGTGAGCACAAGGCT
1086,CAAACATGTTTCAGGA,177938,GAGTGAGCATAACCGA
1087,CAAACCGTCATTGTCT,178071,GGCTAATAGGGCTATG
1088,CAAACCGTCCATTACT,178095,GGCTAATAGCTTGGTC
1089,CAAACTGGTCCTAATC,178855,TTCCGCACACGGTAAC
1090,CAAACTGGTTAGTGAT,179009,TTCCGCACACTAGCGG
1091,CAAACTGGTTGTTGCT,179070,TTCCGCACATGACATG
1092,CAAAGCGCAAACCCTA,179109,ATCACTAGTAACAGGC
1093,CAAAGCGCAAAGGCCA,179123,ATCACTAGTGAGTCAA
1094,CAAAGCGCAACATAAG,179136,ATCACTAGTAACGATG
1095,CAAAGCGCACGAATCC,179267,ATCACTAGTAACCTTA
1096,CAAAGCGCAGACAAAC,179300,ATCACTAGTAGTTGGA
1097,CAAAGCGCAGCTTAGC,179335,ATCACTAGTCTATCTT
1098,CAAAGCGCAGTCTAGC,179379,ATCACTAGTATAGTGG
1099,CAAAGGATCCCTCTAA,179644,GGCCTTTAGTCCCTGG
1100,CAAAGTGAGTAGCGGG,180174,GATTGAATCTAACCGC
1101,CAACAATGTTACTTCA,180910,CTGTTTACATAAACCG
1102,CAACAATGTTTCAGGA,181004,CTGTTTACATAACCGA
1103,CAACAGGCACCTCACC,181177,TTCAAGCGTATTGTCA
1104,CAACAGGCAGTTTGTG,181308,TTCAAGCGTGTTACTA
1105,CAACCCGCAGCCTAAC,181626,GGACATAGTAAACCAG
1106,CAACCCGCAGCTCATA,181634,GGACATAGTTCAAGCT
1107,CAACCCTTCATAATCG,181867,TAGTCAAAGCTCAAGG
1108,CAACCCTTCGCAGGCT,182038,TAGTCAAAGGTCATTT
1109,CAACTAATCACAAGCT,182586,CTCTATGAGCTAACGG
1110,CAACTAATCCCTCATA,182710,CTCTATGAGACAGGTT
1111,CAACTAGGTCTCACTG,183096,TAAGAAGCAAGGGAGC
1112,CAACTAGGTTGTTGCT,183288,TAAGAAGCATGACATG
1113,CAAGAACCACCTCACC,183477,TCTTTGTGTATTGTCA
1114,CAAGAACCACTATGGC,183500,TCTTTGTGTACTAGGA
1115,CAAGAACCAGTAGCCT,183592,TCTTTGTGTTGCTCAG
1116,CAAGACAAGTAACTCA,183997,CCACTAATCCCTGGTG
1117,CAAGACAAGTCATTAG,184028,CCACTAATCATTAAGG
1118,CAAGCTAGTAATAGCT,184112,CTTATTGCATGAGCCG
1119,CAAGCTAGTGCTCCAC,184290,CTTATTGCATGCTTTA
1120,CAAGCTAGTGGCTTCC,184306,CTTATTGCAGCATTAG
1121,CAAGCTAGTTAGAGGG,184364,CTTATTGCAAGGATGG
1122,CAAGGCCTCATCACTT,184552,CATTATCAGCAATACA
1123,CAAGGCCTCCAAGTTA,184596,CATTATCAGCTAATAG
1124,CAAGGCCTCGCGACAC,184725,CATTATCAGCAGGTTG
1125,CAAGGCTGTATCTGGA,184928,TATGCTCCACCGTTGC
1126,CAAGGCTGTCATCAAG,184968,TATGCTCCAGCTCAAA
1127,CAAGGGAGTACCTTAC,185278,TAGTACGCATTTCGCG
1128,CAAGGGAGTCGTTACT,185388,TAGTACGCAAAGGACG
1129,CAAGGGAGTCTAACCT,185391,TAGTACGCAAACTAGT
1130,CAAGGTTTCTATCGCC,186329,GCCTACTAGGCTAATA
1131,CAAGTATGTTAGGCGT,187054,GATGTCACATACTGAG
1132,CAAGTGAAGCCGCAGT,187245,GGGTTTCTCAATTAGG
1133,CAAGTGAAGCCTTAAA,187259,GGGTTTCTCTGGTCTA
1134,CAAGTGAAGCTATTGA,187289,GGGTTTCTCCAGGTGA
1135,CAAGTGAAGGAACCAA,187317,GGGTTTCTCAAGGTTA
1136,CAAGTGAAGGACTTAC,187335,GGGTTTCTCGCCTGTG
1137,CAAGTGAAGTTCCTCA,187523,GGGTTTCTCCTTAGTG
1138,CAAGTTATCAGAAACG,187592,TATGATGAGGCAATGT
1139,CAAGTTATCCTCGATC,187742,TATGATGAGAACCTGG
1140,CAATAAGCAAGGTCCT,187986,GTATTGCGTTTGGCTG
1141,CAATAAGCAGGCGAGT,188171,GTATTGCGTAACCTAC
1142,CAATAAGCATCAGCAC,188238,GTATTGCGTTGTGCGC
1143,CAATCCCTCCGCAAGC,189239,GCAGCTAAGATTCCGC
1144,CAATCCCTCGATATTG,189311,GCAGCTAAGATTCTGT
1145,CAATCCTGTTTGGGCG,189837,TGCAAGCCAAGGTGTC
1146,CAATCGCCAACAACAA,189866,CGAATCTGTTCAATTG
1147,CAATCGCCACCAGGTT,189982,CGAATCTGTTTGCTGG
1148,CAATCGCCACGAATTT,190004,CGAATCTGTACCGTGC
1149,CAATCGCCAGCATTAT,190056,CGAATCTGTTGAGGGT
1150,CAATCTAAGACAACGA,190241,CAATTACTCTTTAGCG
1151,CAATCTAAGCATGTTA,190304,CAATTACTCAAACTTC
1152,CAATCTAAGGCTACTG,190451,CAATTACTCCTTGAGC
1153,CAATCTAAGGTCCTAG,190489,CAATTACTCCTCAAGC
1154,CAATCTAAGTCATCCC,190544,CAATTACTCCTTAACG
1155,CAATGAACAGCAACAG,190811,CAAGTGAGTAATCCAC
1156,CAATGACTCACGCCAA,191036,TCTCAATAGACAAACC
1157,CAATGACTCAGAAACG,191046,TCTCAATAGGCAATGT
1158,CAATGACTCAGGCTAT,191058,TCTCAATAGGCACGTA
1159,CAATGACTCATTACTC,191098,TCTCAATAGGGTTAAC
1160,CAATGACTCCCTCTAA,191148,TCTCAATAGTCCCTGG
1161,CAATGACTCCTAGTTT,191186,TCTCAATAGGTCCGTT
1162,CAATGCCCAAGCCACT,191424,CGCACTAGTTTACCGG
1163,CAATGCCCAAGGACCA,191433,CGCACTAGTAACCGCC
1164,CAATGCCCAGGTTAAA,191637,CGCACTAGTTAACACC
1165,CAATGTCAGACAGGTA,191782,CAACCGTTCATCAGCC
1166,CAATGTCAGCCGCAAC,191850,CAACCGTTCTTTGGGC
1167,CAATGTCAGCTGAGGG,191903,CAACCGTTCCGGATTC
1168,CACAAGCGTCCAAGAC,192649,GTTCGTTCACTAGTAG
1169,CACAGGCTCAGGAACA,193354,TACCCACAGAGAGGCG
1170,CACAGGCTCATTGTTC,193408,TACCCACAGGAGGTAA
1171,CACAGGGAGCTGTAAC,193824,CCAACCGTCTCGACTA
1172,CACAGGGAGTGAACGA,194012,CCAACCGTCTGGATCC
1173,CACAGGGAGTGTTGTA,194027,CCAACCGTCCAAACCC
1174,CACATACAGCACAGGG,194506,CGATTGCTCCAATTGT
1175,CACATACAGCGGATTT,194564,CGATTGCTCCAAACTT
1176,CACATACAGGCGCTAC,194663,CGATTGCTCGCTAGCT
1177,CACATACAGGTGCTGC,194718,CGATTGCTCAAACTAG
1178,CACATACAGTAGGATG,194748,CGATTGCTCTAGTTAC
1179,CACATTAAGAGGGACT,195253,CTAGCTATCCCACCTC
1180,CACATTAAGCCACAAT,195297,CTAGCTATCGATCCGT
1181,CACATTAAGCGGATAA,195331,CTAGCTATCCTCCCAC
1182,CACATTAAGTTATGGC,195576,CTAGCTATCTGTGATT
1183,CACCGGTAGGAGTCTT,196171,GAAGCCATCGATAAGC
1184,CACCTCAGTCATCATC,196477,TCAAGTGCATTGCCCA
1185,CACCTCAGTTAGTGAT,196651,TCAAGTGCACTAGCGG
1186,CACCTCAGTTATAGCG,196653,TCAAGTGCATTCAGGA
1187,CACCTCAGTTGGCGTG,196699,TCAAGTGCACTAGTCT
1188,CACCTCAGTTGGTGAC,196701,TCAAGTGCATCAAGCA
1189,CACCTCAGTTGTCCAT,196708,TCAAGTGCATGGAGGA
1190,CACCTGTTCCCTGGAA,196905,TACAACAAGTGGCGTA
1191,CACCTGTTCGTTAGTA,197044,TACAACAAGATTAGGC
1192,CACCTGTTCTTCAATC,197114,TACAACAAGAAGCTAC
1193,CACGCAATCCAAACAC,197250,CTGTGAGAGATATTCC
1194,CACGCAATCTAATCAG,197443,CTGTGAGAGTATTGGA
1195,CACGCTAAGGGTCCAC,197761,TAGCAAATCATAGCTT
1196,CACGCTAAGGGTGAGT,197764,TAGCAAATCACATAGA
1197,CACTAAGGTCTAACAG,198050,ACCCTTGCAGGATGTC
1198,CACTAAGGTGTAACCA,198123,ACCCTTGCATAGCATG
1199,CACTAAGGTTAATGAC,198158,ACCCTTGCATGCTGGG
1200,CACTAAGGTTTCGCGC,198267,ACCCTTGCACCTGGTC
1201,CACTAGCCAATTAACC,198378,GCCGTTAGTATCGGCC
1202,CACTAGCCAGAATGAC,198475,GCCGTTAGTCTTAGCG
1203,CACTGACCAATTTGGT,198772,GTCCGTAGTTTGAGTC
1204,CACTGACCACTAAGAA,198837,GTCCGTAGTGTCACGC
1205,CACTTAAAGAATCGCT,199059,GGTGTGATCCTGATCA
1206,CACTTAAAGAATGACG,199061,GGTGTGATCCCACCCT
1207,CACTTAAAGAGAGCCG,199078,GGTGTGATCTAGGAAC
1208,CACTTAAAGGGACTAA,199286,GGTGTGATCCGCCTAG
1209,CACTTAAAGGGATGAC,199287,GGTGTGATCACAGCAG
1210,CACTTTGTCATTGTCT,199547,AGGAGGTAGGGCTATG
1211,CACTTTGTCCCTCACG,199584,AGGAGGTAGGCTTATT
1212,CAGAATCTCATGGTTA,200298,CCGTTACAGTTACCGC
1213,CAGAATCTCTTTGACT,200582,CCGTTACAGCCCTTGG
1214,CAGATTCAGAATGACG,200595,TGAAGTATCCCACCCT
1215,CAGATTCAGAGCCGCT,200616,TGAAGTATCCGCTAGT
1216,CAGATTCAGATAAAGC,200624,TGAAGTATCATGGTTT
1217,CAGATTCAGGCTACTG,200809,TGAAGTATCCTTGAGC
1218,CAGATTCAGTAACCAC,200869,TGAAGTATCTCAAACT
1219,CAGATTCAGTTAGTGC,200942,TGAAGTATCGTGCTTA
1220,CAGCAAGCAGCACGAA,201176,CTTACTTGTAATCACC
1221,CAGCAAGCAGCATGAG,201179,CTTACTTGTTACTCCC
1222,CAGCAAGCATCAGCAC,201282,CTTACTTGTTGTGCGC
1223,CAGCATGTCACTAATG,201398,AAGCTCGAGACTCCTA
1224,CAGCATGTCCCTGGAA,201509,AAGCTCGAGTGGCGTA
1225,CAGCATGTCCTAGTAA,201542,AAGCTCGAGTGCTCCG
1226,CAGCATTAGAATCTCA,201746,GTGTTTGTCTTAGGTT
1227,CAGCATTAGCCACATG,201820,GTGTTTGTCTTGTTGG
1228,CAGCATTAGGTACCGC,201991,GTGTTTGTCAAGCTTT
1229,CAGCCAATCAACAAGG,202127,GTCATTTAGCAAGTGT
1230,CAGCCAATCCTTAGGG,202334,GTCATTTAGCATCCTA
1231,CAGCCTAAGAACCTAC,202509,ACCATGCTCATTAACC
1232,CAGCCTAAGTAGGATG,202806,ACCATGCTCTAGTTAC
1233,CAGCCTTTCCTTGAGG,203107,AGGCTTGAGTATCCGC
1234,CAGCTAAGTCCCGAAG,203395,TGTTGAGCATAGTCAG
1235,CAGCTATAGCTTAGTA,203806,GTATCGCTCCGCTAAC
1236,CAGCTCAAGCGATACT,204147,ACGTATTTCAGCTATT
1237,CAGCTCAAGGTTACAC,204313,ACGTATTTCCTCTCGC
1238,CAGGAAGGTTGCACGG,204743,CGTGAACCAGGTCAAC
1239,CAGGACACAACTGGCT,204846,TATGTTGGTCTTGACG
1240,CAGGACACAAGACTCC,204848,TATGTTGGTATGGTGA
1241,CAGGACACACAATGTT,204921,TATGTTGGTTAAAGAC
1242,CAGGACACAGAATGAC,204997,TATGTTGGTCTTAGCG
1243,CAGGACACAGGAACCA,205035,TATGTTGGTTATGTTG
1244,CAGGACCTCGTTTCTG,205490,CAGCTAGAGCATGAGT
1245,CAGGACCTCTCACATT,205519,CAGCTAGAGTCCTCCC
1246,CAGGATGCACCAAAGG,205708,GACCAGGGTTTCCAAA
1247,CAGGATGCAGAAACGT,205761,GACCAGGGTGCACGCT
1248,CAGGATGCATCATGGC,205888,GACCAGGGTCCTAAGT
1249,CAGGCTATCAGCTAAC,206015,CACCGTTAGTATAGCA
1250,CAGGCTATCGTTACTT,206250,CACCGTTAGGGACTTG
1251,CAGGCTGGTTAACACG,206587,TAGCAGCCACATTGTC
1252,CAGGCTGGTTGCATCT,206663,TAGCAGCCATTTGTGC
1253,CAGGGCTTCAAGCCTG,206732,CAAAGGAAGATTCACT
1254,CAGGGCTTCATAATCG,206797,CAAAGGAAGCTCAAGG
1255,CAGGGCTTCTGGTCCT,207071,CAAAGGAAGTCAACAA
1256,CAGGGCTTCTTGGACG,207097,CAAAGGAAGAATCACA
1257,CAGGGTGAGCATCCAG,207178,TGGTGAGTCATCAGTT
1258,CAGGGTGAGGGTTAGA,207356,TGGTGAGTCCAGCTAC
1259,CAGGGTGAGTAAAGGT,207389,TGGTGAGTCTAAGCGG
1260,CAGGTCCAGATAAAGC,207530,ATAATGGTCATGGTTT
1261,CAGGTCCAGTAACCCG,207776,ATAATGGTCCGTAATT
1262,CAGGTCCAGTTACCGG,207841,ATAATGGTCCCTGATA
1263,CAGGTGGAGCCTGTTC,207976,ACTGAGGTCGACATTT
1264,CAGGTGGAGGGCTTTG,208118,ACTGAGGTCAATAGCA
1265,CAGGTGGAGGTCGATT,208140,ACTGAGGTCTCTCGCC
1266,CAGGTTAGTTGAGCCG,208575,TATGTCCCAGCAAATT
1267,CAGGTTTAGCCTAACG,208733,ACCCTCCTCGTCCTTT
1268,CAGTACCCAAGGCCAA,209081,TGTTGACGTGAATCGA
1269,CAGTACCCACCAACCG,209161,TGTTGACGTACTGGCC
1270,CAGTACCCAGTAGCCT,209292,TGTTGACGTTGCTCAG
1271,CAGTACCCATAGGCGA,209331,TGTTGACGTGCACAAA
1272,CAGTATGGTAACAGGG,209413,TGTAAGTCAAACCCAA
1273,CAGTATGGTCCGTAGG,209535,TGTAAGTCATCAGGTA
1274,CAGTATGGTCCTAACT,209537,TGTAAGTCACCTTCAG
1275,CAGTATGGTCGACTAA,209548,TGTAAGTCAGTTTCTA
1276,CAGTATGGTTGCATCT,209731,TGTAAGTCATTTGTGC
1277,CATAACGGTCCCGAAG,209913,ACCTGTTCATAGTCAG
1278,CATAACGGTGAGGTGA,209964,ACCTGTTCAAGCTCAA
1279,CATAAGCTCAGGATGA,210234,GCATGCAAGGGCTTTC
1280,CATAAGCTCATTGCGG,210284,GCATGCAAGGAAGTAG
1281,CATAAGCTCCTAGTTT,210364,GCATGCAAGGTCCGTT
1282,CATAAGCTCCTTGAGG,210391,GCATGCAAGTATCCGC
1283,CATAAGCTCGCAACAT,210414,GCATGCAAGATTCGTT
1284,CATAAGCTCTAATCCT,210484,GCATGCAAGGATGCGC
1285,CATAAGCTCTTTGAGA,210555,GCATGCAAGACATAGC
1286,CATAATCCAATGAGGT,210648,CGGTATTGTCGCAATT
1287,CATAATCCATATTGAC,210866,CGGTATTGTGCCGGAA
1288,CATAATGTCATAACCA,211011,CAGTTAAAGGCTTTCA
1289,CATAGACTCAAACCGT,211326,ACGTAGTAGCTAACTT
1290,CATAGACTCATTTGCT,211440,ACGTAGTAGCTTTAGT
1291,CATAGACTCCTTAGGG,211538,ACGTAGTAGCATCCTA
1292,CATAGACTCGAGCAAA,211553,ACGTAGTAGATTAGCA
1293,CATAGACTCTTAATGG,211682,ACGTAGTAGATGAACC
1294,CATAGACTCTTAGGGT,211687,ACGTAGTAGCATTAAG
1295,CATAGCTAGGACGTAA,211885,TCCATGATCCTGTGAC
1296,CATAGCTAGTAATCCA,212002,TCCATGATCAGCTAAA
1297,CATAGGCGTTGGCCGA,212424,GGTTGACCAAACCTAG
1298,CATAGGTTCAGCTAAC,212533,GAACTTAAGTATAGCA
1299,CATAGGTTCCGGCTAA,212645,GAACTTAAGATAGCTA
1300,CATAGTCAGACACTTA,212876,TTGTCCTTCCTAAGCC
1301,CATAGTCAGTAGAGGC,213155,TTGTCCTTCATGCAAA
1302,CATAGTCAGTGAACAG,213190,TTGTCCTTCCGCAATC
1303,CATAGTCAGTTCCTGC,213226,TTGTCCTTCCGTCAAC
1304,CATATCGCAATAGTCT,213322,GCCAACCGTGTCCTGA
1305,CATATCGCACGTAAGG,213408,GCCAACCGTCCGGTTA
1306,CATATCGCACTAAGTT,213415,GCCAACCGTTGCTTCC
1307,CATATCGCACTGGCTG,213424,GCCAACCGTAGGATCA
1308,CATATCGCAGTACCGT,213509,GCCAACCGTATAGCTC
1309,CATATCGCATTAGCCA,213601,GCCAACCGTCCATTAA
1310,CATCACACAGTCTAGC,214283,CGTGAGGGTATAGTGG
1311,CATCATAAGACAACGA,214793,TAACTACTCTTTAGCG
1312,CATCATAAGGCTACAT,215002,TAACTACTCTTTAAGC
1313,CATCCCAGTTAAGCCA,215797,CAGCTAACAATCTGGA
1314,CATCCTCAGGAAGCTA,216094,TCTTGGATCCTTTGAG
1315,CATCCTGGTAACGTGC,216323,AACCGCGCATTGAGGC
1316,CATCCTGGTCATGCAA,216426,AACCGCGCAAGCCTGG
1317,CATCCTGGTGGCTTCC,216526,AACCGCGCAGCATTAG
1318,CATCCTGGTTAAGCGC,216564,AACCGCGCAACCGCTC
1319,CATCGCTTCCCTCTAA,217232,TTGAGCGAGTCCCTGG
1320,CATCGCTTCCTTTACG,217301,TTGAGCGAGCGCAAAT
1321,CATCGCTTCGAGGAAC,217309,TTGAGCGAGCGATGCA
1322,CATCGCTTCGCACACA,217323,TTGAGCGAGTAGAGGA
1323,CATCGCTTCTCGACCT,217417,TTGAGCGAGTATTTGC
1324,CATGCATAGAGAAGGG,218255,CTGCAACTCCCAAAGG
1325,CATGCATAGCAGGTTT,218299,CTGCAACTCGCCTAAC
1326,CATGCATAGGGCTTAT,218471,CTGCAACTCAAATACG
1327,CATGCATAGTGTTGCG,218576,CTGCAACTCGCTAATT
1328,CATGCGCAGGCATTGT,218817,ATGCCCGTCCTTCGGG
1329,CATGCGCAGGTTACGT,218888,ATGCCCGTCTAATCCG
1330,CATGCGCAGTAGGCGG,218915,ATGCCCGTCCCGCTGA
1331,CATGCGGGTAACCACA,219002,TTGCGGGCATCATCAC
1332,CATGCGGGTCAAGTGC,219086,TTGCGGGCATCCGCTA
1333,CATGCGGGTCAGGAAG,219099,TTGCGGGCAGGTATTG
1334,CATGCGGGTCATGCCC,219111,TTGCGGGCATTCCTGG
1335,CATGCGGGTGATGATT,219175,TTGCGGGCATCAGTTC
1336,CATGCGGGTTGCACGG,219317,TTGCGGGCAGGTCAAC
1337,CATGGATTCTCATCAT,219712,GCAATACAGTCAATTC
1338,CATGGCGGTGATTTGG,219944,CATTACCCACTAAGGC
1339,CATGGCGGTTCCGGGA,220066,CATTACCCAATCCTAC
1340,CATTATCTCCCTCAGT,220295,ATCAGGTAGAGCTGCA
1341,CATTATCTCGTTTCGC,220445,ATCAGGTAGCACTTGC
1342,CATTATGAGGAACCAA,220689,GTTTGCATCAAGGTTA
1343,CATTATGAGGCCCAGT,220736,GTTTGCATCAATCCAT
1344,CATTATGAGGCCTGGT,220739,GTTTGCATCCTTGCAA
1345,CATTCATTCGGGCCAT,221183,AATCCTTAGCATATTC
1346,CATTCCTCAATCATGT,221380,GGTTGTTGTAGAGGGA
1347,CATTCCTCAATTGACT,221398,GGTTGTTGTAAGGTGC
1348,CATTCCTCAGGTATTT,221553,GGTTGTTGTTACGCCA
1349,CATTCCTCATAAGTCT,221586,GGTTGTTGTCATGCCA
1350,CATTGCGAGCTTCCCG,221834,AGCATCCTCATTCAGT
1351,CATTGTAAGCGAGGTG,222170,AGGATTATCCAATATC
1352,CATTTGTTCAGCAAAG,222885,TAAAGGGAGTAATGCA
1353,CATTTGTTCAGGATGA,222894,TAAAGGGAGGGCTTTC
1354,CATTTGTTCTAGCTTT,223154,TAAAGGGAGGGAGTAA
1355,CATTTGTTCTTAGGGT,223195,TAAAGGGAGCATTAAG
1356,CCAAACCCAAGACTCC,223260,TCCAATAGTATGGTGA
1357,CCAAACCCAGAACCGA,223408,TCCAATAGTTAATCGC
1358,CCAAACTAGTGAAGTG,223935,ATGCATTTCCTGATAT
1359,CCAAATCAGCTCCTTA,224123,ATGCACCTCGAAGCAT
1360,CCAAATCAGTAAACCC,224266,ATGCACCTCATAAGCA
1361,CCAAATCAGTTTGGTA,224367,ATGCACCTCGCTTCGG
1362,CCAACATAGACACCGC,224385,ACCGGTTTCAGGAGGG
1363,CCAACATAGAGGGACT,224407,ACCGGTTTCCCACCTC
1364,CCAACATAGGGACTAA,224604,ACCGGTTTCCGCCTAG
1365,CCAACATAGTAGCGCC,224667,ACCGGTTTCTGTCAGC
1366,CCAACCAAGGTAGCTT,225008,ATGGCCTTCAATGAGC
1367,CCAACCAAGTTGGCCA,225124,ATGGCCTTCCTTATGG
1368,CCAACCCGTAATGACT,225162,GTTGAATCATCCTCAG
1369,CCAACCCGTCACCTAT,225235,GTTGAATCATCAGGAC
1370,CCAACCCGTTTGGGCG,225513,GTTGAATCAAGGTGTC
1371,CCAAGGCTCCTCACTA,225712,CACTTGCAGTCAATCT
1372,CCAAGGCTCGCTTCTA,225780,CACTTGCAGGATTGGT
1373,CCAAGGCTCTTAGTGA,225883,CACTTGCAGTGGACCA
1374,CCAAGTTAGATGGACA,225947,GCCTATATCTCAAGAA
1375,CCAAGTTAGATTGAGG,225950,GCCTATATCAAGCCAG
1376,CCAAGTTAGCTGTACG,226049,GCCTATATCAATATCC
1377,CCAAGTTAGCTTAACA,226051,GCCTATATCCGTTAGC
1378,CCAAGTTAGGATAAAC,226092,GCCTATATCTACTACG
1379,CCAATATCAGCATGTC,226499,ACTTCCCGTTACTTAG
1380,CCAATATCAGGTATTT,226543,ACTTCCCGTTACGCCA
1381,CCACAATAGATGCCTG,226714,TGCCAGTTCCAAATAG
1382,CCACAATAGCGCCTAA,226783,TGCCAGTTCTTGGACC
1383,CCACAATAGGCCAATT,226876,TGCCAGTTCTTAGCTG
1384,CCACACAAGCTTGCTC,227210,GTCTATGTCCTAATCG
1385,CCACACAAGGCCCAGT,227262,GTCTATGTCAATCCAT
1386,CCACACAAGTAAGAAC,227344,GTCTATGTCCTTCAAG
1387,CCACACAAGTCATTAG,227374,GTCTATGTCATTAAGG
1388,CCACACAAGTGTTGCG,227402,GTCTATGTCGCTAATT
1389,CCACAGGGTACTTCAC,227486,GGTTTGACAACATAGT
1390,CCACAGGGTGTTTGCT,227682,GGTTTGACATCCTAGT
1391,CCACAGGGTTCAAGAT,227731,GGTTTGACAATTACCC
1392,CCACAGGGTTCCGGCT,227741,GGTTTGACATGCCTGC
1393,CCACAGGGTTTACTTG,227792,GGTTTGACATCAATCC
1394,CCACATTGTTAAGGTT,228075,GCATGACCATTGTCCG
1395,CCACTTGGTATCTGGA,228272,TCCTGTGCACCGTTGC
1396,CCACTTGGTATTGTCC,228282,TCCTGTGCATTAGTGG
1397,CCAGACTCACTGACCG,228763,CATTGACGTGAGTAGC
1398,CCAGACTCAGCACCAT,228791,CATTGACGTTGACTAC
1399,CCAGACTCAGGACCTT,228821,CATTGACGTTGCTCTC
1400,CCAGACTCAGGCTGTT,228836,CATTGACGTTCATTCT
1401,CCAGACTCAGTTAAAG,228860,CATTGACGTAAATAGC
1402,CCAGCCTGTGAATCGC,229132,TTAAAGCCAAATACCG
1403,CCAGCCTGTTACTTGC,229237,TTAAAGCCATCAGTAG
1404,CCAGCCTGTTGTAAAC,229307,TTAAAGCCAAATCCCT
1405,CCAGCTAAGACTATTG,229373,CGCTAACTCCACCTGG
1406,CCAGCTAAGCTGGAAA,229493,CGCTAACTCCTAAGAA
1407,CCAGCTAAGGAGGCAT,229534,CGCTAACTCTTGTCGA
1408,CCAGCTGCACAGGATG,229862,ACAACCTGTTTGCTCC
1409,CCAGCTGCAGCACCAT,229941,ACAACCTGTTGACTAC
1410,CCAGGAACAAACTCAT,230127,GCGGTAGGTCAGTGCC
1411,CCAGGAACAAGTGTTT,230188,GCGGTAGGTGATGCAA
1412,CCAGGAACAATGAAGC,230208,GCGGTAGGTATAGCGA
1413,CCAGGAACAGGCCTTG,230364,GCGGTAGGTCATGAAG
1414,CCAGGATGTTACTTCA,230770,GCTTGAACATAAACCG
1415,CCAGGATGTTAGGATT,230781,GCTTGAACAAGCGAAG
1416,CCAGTTTGTTAAGGTT,231139,GACGGTTCATTGTCCG
1417,CCATAAATCAGAAACG,231318,TGGTCCTAGGCAATGT
1418,CCATAAATCCAAATCA,231385,TGGTCCTAGCTTGCCG
1419,CCATAAATCCTAATAG,231452,TGGTCCTAGGTCACGA
1420,CCATAAATCGGGATTT,231536,TGGTCCTAGCTTAGTT
1421,CCATAAATCTGCAAGT,231611,TGGTCCTAGTTTGAGA
1422,CCATAAATCTTGGATA,231642,TGGTCCTAGCCTAATT
1423,CCATAAGGTCATCATC,231761,GTCATAGCATTGCCCA
1424,CCATAAGGTGCAATGC,231835,GTCATAGCAGGACTAC
1425,CCATAAGGTTTAACCC,232000,GTCATAGCATTAGCGA
1426,CCATATTTCTTGCAAA,233171,CAGAGGGAGTACTGGG
1427,CCATCATGTATTGGAT,233646,CGTGAGTCATTACTGC
1428,CCATCATGTGTTGCTT,233807,CGTGAGTCATACTTGC
1429,CCATCATGTTGCTGGG,233896,CGTGAGTCACTCAGTT
1430,CCATTGTGTTCATCTA,234632,GGTCTAACAGGTAAGG
1431,CCATTGTGTTGGTTCT,234671,GGTCTAACACAAGGCT
1432,CCCAAACCAACGTGCT,234752,GGTTAAGGTTCTCACC
1433,CCCAAACCAGTGAACG,234991,GGTTAAGGTATGTTGC
1434,CCCAAACCATAGCAGG,235018,GGTTAAGGTAGTCATC
1435,CCCAAATAGCTGGAAA,235243,AGGAATCTCCTAAGAA
1436,CCCAAATAGGCGGATG,235319,AGGAATCTCTAACTAC
1437,CCCAAATAGGGTGAAC,235347,AGGAATCTCCACTATG
1438,CCCAACCGTGATGAGG,235662,TGACATGCAGTTAAAC
1439,CCCAACCGTGTTAAAC,235719,TGACATGCACCGGTAG
1440,CCCAACCGTGTTGCTT,235723,TGACATGCATACTTGC
1441,CCCAACCGTTTATTCG,235845,TGACATGCATATGGTG
1442,CCCAATTGTCATTACC,235982,CTAACGACAGTTGGCG
1443,CCCAATTGTTGTAACG,236206,CTAACGACAGGTTATG
1444,CCCAGCACAACGTGCT,236284,GCCCAGTGTTCTCACC
1445,CCCAGCACAGATTCAT,236447,GCCCAGTGTTATTTGG
1446,CCCAGCACATAGCTGC,236553,GCCCAGTGTCATCATA
1447,CCCAGCACATTGTGTG,236629,GCCCAGTGTTAAAGCG
1448,CCCAGTTTCACTAATG,236678,TAAATCGAGACTCCTA
1449,CCCAGTTTCCCGCCTA,236777,TAAATCGAGCCTAGTC
1450,CCCGCAACATAATGTC,237696,GGAGGAAGTGCAAGTA
1451,CCCGCTTCAGTTAAAG,238060,TCAGCATGTAAATAGC
1452,CCCGCTTCATGGCCTG,238129,TCAGCATGTTCCGGAC
1453,CCCGCTTCATTGTGTG,238165,TCAGCATGTTAAAGCG
1454,CCCGTAAAGCATTTCT,238249,ATTAGGATCCAAATTC
1455,CCCGTAAAGTCAATTG,238478,ATTAGGATCTTTGGTG
1456,CCCTCACCAATATGGA,239401,GAGTCAAGTGCAATAG
1457,CCCTCACCACACTAAT,239439,GAGTCAAGTTCACCTC
1458,CCCTCACCAGAAACGT,239507,GAGTCAAGTGCACGCT
1459,CCCTCACCAGACAAAC,239512,GAGTCAAGTAGTTGGA
1460,CCCTCACCAGCACCAT,239525,GAGTCAAGTTGACTAC
1461,CCCTCACCAGTTAGCC,239595,GAGTCAAGTCCCTCTG
1462,CCCTCAGTCAGCTAAC,239761,ACATAGCAGTATAGCA
1463,CCCTCAGTCGCCTAAG,239951,ACATAGCAGTAAAGGG
1464,CCCTCATAGGAACACA,240246,ACAACGGTCAGCAATA
1465,CCCTGGACATCGCTCC,240795,CCCAAGCGTTTGAGCT
1466,CCCTGGACATGGCCCA,240814,CCCAAGCGTACTTCGG
1467,CCCTGGACATGTTGCA,240821,CCCAAGCGTTTGGTTA
1468,CCCTTAATCCAAATCA,241357,GTTTACTAGCTTGCCG
1469,CCCTTAATCCTAGTTT,241430,GTTTACTAGGTCCGTT
1470,CCCTTAATCTATCGCC,241561,GTTTACTAGGCTAATA
1471,CCGATGCAGCAAGGAC,242058,GTCGGTTTCGCGAAAT
1472,CCGATGCAGCTAATCA,242130,GTCGGTTTCGCGCTCA
1473,CCGATGCAGTAAGTGG,242297,GTCGGTTTCCTAACTG
1474,CCGCAAATCATCAGTA,242467,GGTGAGGAGCTTAGCC
1475,CCGCAAGGTATGGTGC,242843,CCCTAATCAGTATTGG
1476,CCGCACACACGTAAGG,243320,GAACCGGGTCCGGTTA
1477,CCGCACACATCTTGAG,243483,GAACCGGGTGATCCTG
1478,CCGCCAACATGCTATG,243878,TATTCAGGTCACCAGC
1479,CCGCTAGCAATTAAGG,244403,GAGAGGAGTTGCAATC
1480,CCGCTAGCACGTAATT,244473,GAGAGGAGTTCCTCAC
1481,CCGCTAGCACTTACAG,244490,GAGAGGAGTGACCTTG
1482,CCGCTAGCAGGTTACC,244566,GAGAGGAGTATGTTTG
1483,CCGCTAGCAGTTTGGC,244589,GAGAGGAGTCGGTTAT
1484,CCGCTAGCATAGACTT,244607,GAGAGGAGTTGCGCGT
1485,CCGGTAGGTGAAGCCT,245235,ATGTGGCCACCTCAGC
1486,CCGGTAGGTGATCAGC,245247,ATGTGGCCAGCCAAAC
1487,CCGGTTAAGACTATTG,245477,TGAATCTTCCACCTGG
1488,CCGTGCTGTGCTTTAC,246042,TAGCGGTCAGGAATAA
1489,CCGTGCTGTTAGTACG,246122,TAGCGGTCAACAGGCT
1490,CCGTGCTGTTGCCTCA,246162,TAGCGGTCAGGTTACA
1491,CCGTGCTGTTGTTGGA,246185,TAGCGGTCATCCTCCT
1492,CCGTTAACAATACTGT,246297,TACCTAAGTTGTAACC
1493,CCGTTAACACTTCATC,246407,TACCTAAGTATTTGGC
1494,CCGTTACTCAGGCTAT,246668,GGCAATTAGGCACGTA
1495,CCGTTACTCCACCTGT,246731,GGCAATTAGGTAAGTC
1496,CCGTTATGTATTGTCC,247068,AGAATCTCATTAGTGG
1497,CCGTTATGTCAAGACC,247076,AGAATCTCAGTGCAAC
1498,CCGTTATGTTATAGCG,247275,AGAATCTCATTCAGGA
1499,CCGTTATGTTTACGTC,247341,AGAATCTCAATCGTGA
1500,CCGTTGCGTCCCGGAA,247494,TGTTCACCAAATGAAG
1501,CCGTTGCGTCCTTCTC,247507,TGTTCACCAATTAGCG
1502,CCGTTTGGTAGGTTGC,247814,CGAGGAACAATAAACC
1503,CCGTTTGGTTGCGCGA,248077,CGAGGAACACTAGCTT
1504,CCTAAAGGTCATCAAG,248244,ATACTGGCAGCTCAAA
1505,CCTAAATCACATTGCA,248651,TCGCTAGGTTAAGTGG
1506,CCTAAATCATCATGTG,248833,TCGCTAGGTCCCGGAT
1507,CCTAAATCATGACTAT,248850,TCGCTAGGTTAGCTCG
1508,CCTAAGCCAAGGCCAA,248957,CGGAACGGTGAATCGA
1509,CCTAAGCCATTGCAGC,249271,CGGAACGGTTGGTTTA
1510,CCTAAGGTCAGCATTA,249341,CTAATGAAGCGAAGTT
1511,CCTAAGGTCCTCACAC,249477,CTAATGAAGCACCTTA
1512,CCTAAGGTCGGTTTCC,249564,CTAATGAAGTTTCTCC
1513,CCTAAGTAGATGGACA,249713,CCCGCAATCTCAAGAA
1514,CCTAAGTAGCTGGACC,249812,CCCGCAATCCGCACCA
1515,CCTAAGTAGTTAACCA,250018,CCCGCAATCGCTATAT
1516,CCTAATAAGCAACATC,250103,GATTCTGTCCAAGTGG
1517,CCTAATAAGCGGTTAT,250173,GATTCTGTCGCGAAGC
1518,CCTAATAAGGTTTGCG,250333,GATTCTGTCAGCCTTA
1519,CCTACTGGTAAGCACC,250831,TCCGGCTCATCCCTCT
1520,CCTAGTTGTAACTACG,251596,CTACGGGCAGCTCGAG
1521,CCTAGTTGTTCCGGCT,251887,CTACGGGCATGCCTGC
1522,CCTATAGCACAAAGGT,252076,CAAAGGCGTCACACCA
1523,CCTATAGCACTGGCCA,252147,CAAAGGCGTCCTGAGC
1524,CCTATAGCAGTTAAAG,252242,CAAAGGCGTAAATAGC
1525,CCTATAGCAGTTTGGC,252249,CAAAGGCGTCGGTTAT
1526,CCTATAGCATTAGGTT,252328,CAAAGGCGTCCTTGAG
1527,CCTATATTCCAAGTTA,252472,GGTAACTAGCTAATAG
1528,CCTATATTCCTTGCGT,252571,GGTAACTAGATTCATC
1529,CCTATTTAGCAATAGG,253175,CAATGTTTCACTAAGA
1530,CCTATTTAGGTTACAC,253393,CAATGTTTCCTCTCGC
1531,CCTCAAACACCTGCCT,253658,CGCTTAGGTATATTCG
1532,CCTCAAACAGTAAGTA,253767,CGCTTAGGTGAACCGG
1533,CCTCAAACATGCTTAG,253844,CGCTTAGGTCCAAGTT
1534,CCTCAAACATTAAGTC,253860,CGCTTAGGTGAGACTA
1535,CCTCAGTTCAGAAACG,254320,GGGCCATAGGCAATGT
1536,CCTCAGTTCGCGCTAA,254520,GGGCCATAGCGCTAGA
1537,CCTCAGTTCTAATCAG,254579,GGGCCATAGTATTGGA
1538,CCTCCTCTCCGCCTCA,254820,ATCGCGAAGTCACCAC
1539,CCTCCTCTCGAAGTGA,254878,ATCGCGAAGGATTGCG
1540,CCTCCTCTCGACAAAG,254879,ATCGCGAAGAAAGGCA
1541,CCTCCTCTCGTTAGCG,254947,ATCGCGAAGATGAAGG
1542,CCTCCTGAGACTATTG,255059,CGCTTAATCCACCTGG
1543,CCTCCTGAGGCACAGG,255236,CGCTTAATCGCTCAAC
1544,CCTCCTGAGGGACGCA,255271,CGCTTAATCCACCCTC
1545,CCTGAATAGAATGACG,255431,CGGTGAATCCCACCCT
1546,CCTGAATAGCAGGTTT,255491,CGGTGAATCGCCTAAC
1547,CCTGAATAGCGATACT,255529,CGGTGAATCAGCTATT
1548,CCTGAATAGGCATTGT,255625,CGGTGAATCCTTCGGG
1549,CCTGAGTCAATAGCCC,256267,AGCATGAGTTGAAGCA
1550,CCTGAGTCAATAGTCT,256268,AGCATGAGTGTCCTGA
1551,CCTGAGTCACCTCAGG,256342,AGCATGAGTGAGTTTC
1552,CCTGAGTCACTGACCG,256367,AGCATGAGTGAGTAGC
1553,CCTGAGTCAGCTTAGC,256417,AGCATGAGTCTATCTT
1554,CCTGAGTCATAGACTT,256489,AGCATGAGTTGCGCGT
1555,CCTGATGAGTCATTGA,256893,GCCAGTTTCATGATGA
1556,CCTGATGAGTTATGTG,256935,GCCAGTTTCGACAAGT
1557,CCTGCTCCAACAACAA,256980,TAAACCCGTTCAATTG
1558,CCTGCTCCACCTGTAA,257115,TAAACCCGTTTATGGC
1559,CCTGCTCCAGATTCAT,257155,TAAACCCGTTATTTGG
1560,CCTGGATCAATCATGT,257424,GCTAGTTGTAGAGGGA
1561,CCTGGATCACCGGTAT,257486,GCTAGTTGTCTTGAAC
1562,CCTGGTAAGACAAGTG,257740,GCATTCATCCTCACTT
1563,CCTGGTAAGACTCGCA,257748,GCATTCATCTAGGATA
1564,CCTGGTAAGCATGGTT,257800,GCATTCATCATCCTCT
1565,CCTGGTAAGGGATGAC,257961,GCATTCATCACAGCAG
1566,CCTGGTAAGTTGGGCC,258097,GCATTCATCTTTGTGG
1567,CCTGTAACAGCAATAA,258314,GTTAGGAGTACGTTTA
1568,CCTGTAACATTAGGCC,258469,GTTAGGAGTGTCCGGT
1569,CCTGTATGTGATCAGC,258667,GGTGTCGCAGCCAAAC
1570,CCTGTATGTTAGCGTA,258768,GGTGTCGCACCTTGCA
1571,CCTGTTGGTACCTTAC,258912,GTTTGAGCATTTCGCG
1572,CCTGTTGGTCCTTAGT,259009,GTTTGAGCACTTAGCT
1573,CCTGTTGGTTGCACAA,259194,GTTTGAGCAGGTGGAA
1574,CCTTAACGTATTGTGG,259337,GTTCAAGCAGTCTATC
1575,CCTTACTCAAGCTTAT,259690,TCTATCTGTCCTAACG
1576,CCTTACTCATCAGTAT,259953,TCTATCTGTTTGAGGA
1577,CCTTAGTGTCACGAAC,260122,TGTGGACCATGAGGAG
1578,CCTTAGTGTGTGTCCC,260255,TGTGGACCACTATGGA
1579,CCTTATGTCCACCTGT,260531,CAAATCAAGGTAAGTC
1580,CCTTATGTCGCTAGTG,260661,CAAATCAAGGTCGAGC
1581,CCTTATGTCTCTAGCC,260746,CAAATCAAGATTCCTG
1582,CCTTCAATCATGCATA,260877,CCTAAGGAGCACCTAC
1583,CCTTCAATCGCGCTAA,261040,CCTAAGGAGCGCTAGA
1584,CCTTCAGGTCCTAATC,261303,TTAAGCGCACGGTAAC
1585,CCTTCAGGTTGCTGGG,261500,TTAAGCGCACTCAGTT
1586,CCTTCGTAGACAACAG,261952,TCAAAGATCAACAACA
1587,CCTTCGTAGCGCAATT,262049,TCAAAGATCAATAGGC
1588,CCTTCGTAGGTGTCCA,262211,TCAAAGATCCTCACGG
1589,CCTTCGTAGTCACTAA,262252,TCAAAGATCGATTATC
1590,CCTTCGTAGTCATTAG,262258,TCAAAGATCATTAAGG
1591,CCTTCGTAGTCCTTCA,262262,TCAAAGATCTCAGCTA
1592,CCTTGCGTCCTCCATA,262521,TACTGAAAGATAGCCG
1593,CCTTGCGTCTAAGTGC,262632,TACTGAAAGCAATAGC
1594,CCTTGTTCAACCTAAT,262740,CTAAACCGTAGCTTAC
1595,CCTTGTTCAAGCCAGA,262753,CTAAACCGTCGCATTG
1596,CCTTGTTCAATTAAGG,262803,CTAAACCGTTGCAATC
1597,CCTTGTTCAATTGAAG,262807,CTAAACCGTAGTCCTG
1598,CCTTGTTCATCAGTAT,263021,CTAAACCGTTTGAGGA
1599,CCTTTAGTCACGCCAA,263132,AATACTGAGACAAACC
1600,CCTTTAGTCCGGTTGA,263265,AATACTGAGTGGCCAA
1601,CCTTTAGTCCTTTACG,263313,AATACTGAGCGCAAAT
1602,CGAAATGAGAAGCTAG,263481,CAAACAATCTCAATAC
1603,CGAAATGAGCACGATT,263536,CAAACAATCTAACTCG
1604,CGAAATGAGCATTAGC,263553,CAAACAATCGTGATAA
1605,CGAAATGAGCGCCTAA,263587,CAAACAATCTTGGACC
1606,CGAAATGAGTAGCGGG,263774,CAAACAATCTAACCGC
1607,CGAACAAAGGCACAGG,264058,AAACGGTTCGCTCAAC
1608,CGAACCGGTAATGACT,264268,GATTGGCCATCCTCAG
1609,CGAACCGGTCATGAGC,264355,GATTGGCCAAGGCCTG
1610,CGAACCGGTCATTACC,264358,GATTGGCCAGTTGGCG
1611,CGAACCGGTTGTTGTC,264590,GATTGGCCAAATGCGC
1612,CGAACCGGTTTGTCTA,264622,GATTGGCCAGGTTGTA
1613,CGAAGAATCACTAAGC,264669,ACGTTAAAGTCTAGCC
1614,CGAAGCCTCATGCCTC,265098,GAGCTTGAGTTGTCAT
1615,CGAAGCCTCCCATAAA,265147,GAGCTTGAGTTAGGAC
1616,CGAAGCCTCTATCGCC,265331,GAGCTTGAGGCTAATA
1617,CGAAGCCTCTTGAGGT,265377,GAGCTTGAGGCTTAAA
1618,CGAAGCGAGACAAGTG,265408,CCTTACTTCCTCACTT
1619,CGAAGCGAGGCGCTTA,265610,CCTTACTTCCAATTAC
1620,CGAAGCGAGTTATCTC,265753,CCTTACTTCGCAATTT
1621,CGAAGGCCAAACTGTT,265787,GGGTGTGGTTTGTTGA
1622,CGAAGGCCAACATAAG,265806,GGGTGTGGTAACGATG
1623,CGAAGGCCAATTAGCT,265874,GGGTGTGGTCCAAATC
1624,CGAAGGCCAGTACCGT,266043,GGGTGTGGTATAGCTC
1625,CGAATATGTGCTGTAA,266745,AAAGGTACATAACCAG
1626,CGAATATGTTGTTCAC,266889,AAAGGTACAAATAAGG
1627,CGAATATGTTTGGGCG,266921,AAAGGTACAAGGTGTC
1628,CGAATCTAGAGGAGTC,266962,CACCTAATCTACTAAC
1629,CGAATCTAGCTTAGCG,267077,CACCTAATCGAGGCGT
1630,CGAATCTAGGATAAAC,267116,CACCTAATCTACTACG
1631,CGAATCTAGGTCAAAG,267184,CACCTAATCCTTTAGG
1632,CGACAAGCAAGTAAGC,267376,TCAGTTAGTTAGCGTT
1633,CGACAAGCACCCTCAC,267454,TCAGTTAGTAAGTGGC
1634,CGACCTGCAGGCATCT,267936,TTCTATCGTAGGTTTC
1635,CGACCTGCAGTAAAGC,267958,TTCTATCGTTTACTAG
1636,CGACTAAGTGCTGTAA,268279,CTATGCTCATAACCAG
1637,CGACTAAGTTTACCGT,268430,CTATGCTCAGCAAGTC
1638,CGAGCTGGTTGCACAA,269164,GTGAGAGCAGGTGGAA
1639,CGAGCTGGTTTGTGGA,269225,GTGAGAGCAACCCTTG
1640,CGAGGCAAGCAAGATG,269661,AACTAAGTCACACAAA
1641,CGAGGCAAGGACAACA,269777,AACTAAGTCTATGCAT
1642,CGAGGTGAGATAACCC,270033,AACCAGGTCATTTAGC
1643,CGAGGTGAGCACCACA,270053,AACCAGGTCTAACTGT
1644,CGAGGTGAGCAGGTTT,270063,AACCAGGTCGCCTAAC
1645,CGAGGTGAGCATTATG,270072,AACCAGGTCTCCTCAT
1646,CGAGGTGAGGCTTAAC,270224,AACCAGGTCAATAACG
1647,CGAGTCGGTCTTGCAT,270533,GCTTTGTCAGAATCTG
1648,CGAGTCGGTGCTGTAA,270577,GCTTTGTCATAACCAG
1649,CGAGTCGGTTAACAGT,270624,GCTTTGTCACGGATTA
1650,CGAGTCGGTTCGCGCT,270684,GCTTTGTCAATCATGG
1651,CGATATTCAATGAAGC,270848,GTACTTAGTATAGCGA
1652,CGATCCTTCATGCAAC,271230,GTCAATAAGGTCATGG
1653,CGATCCTTCGGCCATA,271407,GTCAATAAGGCTCACT
1654,CGATCCTTCTTAGTGA,271507,GTCAATAAGTGGACCA
1655,CGATCCTTCTTTGTAC,271526,GTCAATAAGGTGGAAA
1656,CGATGTCCACCTCGCT,271681,GGTCCGTGTTGGGTTT
1657,CGATGTCCACTAAATC,271696,GGTCCGTGTTTACCAA
1658,CGATGTCCACTGACTA,271706,GGTCCGTGTTAAACGG
1659,CGATGTCCATAGACCC,271826,GGTCCGTGTAAAGGTT
1660,CGATGTCCATCCATCT,271845,GGTCCGTGTCACTCAG
1661,CGATTATCACAAAGAC,272018,CCTGGACGTGACGTAA
1662,CGATTATCAGCAAGGC,272114,CCTGGACGTCGCATAT
1663,CGATTATCATCCGTAA,272232,CCTGGACGTACGTAAG
1664,CGATTATCATTAGGTT,272272,CCTGGACGTCCTTGAG
1665,CGATTCCTCACACAGT,272323,GCTCGTTAGTCCCGCA
1666,CGATTCCTCATTGTTC,272408,GCTCGTTAGGAGGTAA
1667,CGATTCCTCTCCTCTT,272632,GCTCGTTAGCTGCATC
1668,CGATTGAGTAGACAAA,272727,GCCAATACAATCGCCC
1669,CGATTTGCAAAGCTAA,273075,CCAATTAGTTTCCAGG
1670,CGCAATAGTAGGTTTG,273891,GGTACCGCACCAACAA
1671,CGCAATAGTGAGGTGA,274002,GGTACCGCAAGCTCAA
1672,CGCAATAGTTACAACG,274089,GGTACCGCAGATAATC
1673,CGCAATCCATGTTTGG,274564,CTCCTTAGTTTATCCT
1674,CGCAATGTCCTGCGAA,274801,TGATTGAAGCGGGACT
1675,CGCAATGTCGAGGAAC,274825,TGATTGAAGCGATGCA
1676,CGCAATGTCGGTTAGT,274872,TGATTGAAGTCATGAA
1677,CGCAATTAGACAGGCG,274997,TTTGCTCTCACTATGT
1678,CGCAATTAGAGAAGGG,275005,TTTGCTCTCCCAAAGG
1679,CGCAATTAGGCATTGT,275183,TTTGCTCTCCTTCGGG
1680,CGCAATTAGGGATGAC,275215,TTTGCTCTCACAGCAG
1681,CGCACAATCTAATCCT,275674,CGTCACTAGGATGCGC
1682,CGCACACAGAAAGCAT,275748,AGTCATTTCGACAAAC
1683,CGCACACAGTTTAACG,276123,AGTCATTTCAAGCGCA
1684,CGCACCACAAACGGGC,276137,TCAAACCGTAGGTGAC
1685,CGCACCACAACTCGCG,276171,TCAAACCGTGCGCAAG
1686,CGCACCACAATATGGA,276213,TCAAACCGTGCAATAG
1687,CGCACCACAGCAAGGC,276334,TCAAACCGTCGCATAT
1688,CGCATATAGCTTATGA,276667,ACAAGTATCACTAATC
1689,CGCATGATCCTAGTTT,277090,GCCACTTAGGTCCGTT
1690,CGCATGATCGCTCACT,277158,GCCACTTAGAAACCTA
1691,CGCATGATCTCACTAT,277230,GCCACTTAGGGAGCAG
1692,CGCATTACAAGGACCA,277337,GTTCTTTGTAACCGCC
1693,CGCATTACATTGCGAC,277654,GTTCTTTGTAGCAGGT
1694,CGCATTACATTGTGTG,277663,GTTCTTTGTTAAAGCG
1695,CGCATTTGTAGACAAA,277715,ATCACAGCAATCGCCC
1696,CGCCAAATCGGTTTGG,278329,TCCCATAAGTCATTAC
1697,CGCCAAATCTTGACCC,278415,TCCCATAAGGAGCAGG
1698,CGCCACACAACAACAA,278456,ATAAGGTGTTCAATTG
1699,CGCCTCATCAATTACG,278842,CGGTCAAAGGACAACT
1700,CGCCTCATCCTCACAC,279009,CGGTCAAAGCACCTTA
1701,CGCCTCATCGCAACAT,279058,CGGTCAAAGATTCGTT
1702,CGCCTCATCGCCTAAG,279065,CGGTCAAAGTAAAGGG
1703,CGCCTGTGTCAAGTAT,279289,ACAACATCATGACAGC
1704,CGCCTGTGTCCTTCAG,279336,ACAACATCATAAGTCG
1705,CGCCTGTGTCTCACTG,279354,ACAACATCAAGGGAGC
1706,CGCGATTCACCAGCAT,279721,AGCTGTTGTTCGGTAT
1707,CGCGATTCAGAAATTG,279773,AGCTGTTGTTTAGCGT
1708,CGCGATTCAGCTTACA,279810,AGCTGTTGTTAGGTTC
1709,CGCGGATTCATGACCG,280052,AAAGGCAAGTCAAGAC
1710,CGCGGATTCATGCTTT,280060,AAAGGCAAGTGAGGCC
1711,CGCGGATTCCTTTACG,280189,AAAGGCAAGCGCAAAT
1712,CGCGGATTCGCAAACT,280207,AAAGGCAAGTTAGCTT
1713,CGCTAACCACTATGGC,280526,TCCTTTGGTACTAGGA
1714,CGCTAACCACTGACTA,280530,TCCTTTGGTTAAACGG
1715,CGCTAACCATTGCGGT,280723,TCCTTTGGTCATTGAC
1716,CGCTACTTCAGCACGC,281174,ACCTCTAAGTTATGGA
1717,CGCTACTTCAGGAACA,281178,ACCTCTAAGAGAGGCG
1718,CGCTACTTCAGGTCCA,281184,ACCTCTAAGTCATCAT
1719,CGCTACTTCCCTGTTA,281277,ACCTCTAAGCCAGTAG
1720,CGCTACTTCCTTAAGA,281330,ACCTCTAAGCCAAACG
1721,CGCTACTTCGGTTACG,281395,ACCTCTAAGGACTTAA
1722,CGCTATGAGCTGTCAG,281650,TCAGGCTTCGCGAGTA
1723,CGCTCAGCAATACTGT,281963,TTGATCAGTTGTAACC
1724,CGCTCAGCATTGCAGC,282257,TTGATCAGTTGGTTTA
1725,CGCTCCATCATGCTTT,282364,GGAGCGAAGTGAGGCC
1726,CGCTGTGCAAGGACCA,282709,CAACAAGGTAACCGCC
1727,CGCTGTGCACTAAGAA,282825,CAACAAGGTGTCACGC
1728,CGCTTAACACGAATCC,283199,TAACCTAGTAACCTTA
1729,CGCTTACTCGAGCAAA,283651,GGAATCTAGATTAGCA
1730,CGCTTACTCGCTCACT,283682,GGAATCTAGAAACCTA
1731,CGCTTCTAGCCTCTCG,283901,TGACGGATCCTGCCAG
1732,CGCTTCTAGCTTAACA,283955,TGACGGATCCGTTAGC
1733,CGCTTCTAGGATCCGC,283998,TGACGGATCAGGTCGA
1734,CGCTTCTAGGGATGCG,284044,TGACGGATCCGAAACG
1735,CGCTTCTAGGTCAAAG,284064,TGACGGATCCTTTAGG
1736,CGCTTCTAGTCTATGA,284134,TGACGGATCAATTGCT
1737,CGCTTCTAGTTAGTGC,284164,TGACGGATCGTGCTTA
1738,CGCTTGCGTATTACCC,284263,CGGCCTTCACCTTAGT
1739,CGCTTGCGTCATGCAA,284304,CGGCCTTCAAGCCTGG
1740,CGCTTGCGTTTCCTCC,284555,CGGCCTTCATCCTGCA
1741,CGGAATCGTTAACACG,284819,CCCTGGTCACATTGTC
1742,CGGAATCGTTGCGGAT,284898,CCCTGGTCATCCCAAT
1743,CGGACAACACGAATTT,285116,TCAGGAAGTACCGTGC
1744,CGGACCTAGACAGGCG,285357,TTAGGCCTCACTATGT
1745,CGGACCTAGGCACAGG,285538,TTAGGCCTCGCTCAAC
1746,CGGACCTAGGTCCTGA,285602,TTAGGCCTCTATATGC
1747,CGGACCTAGTAGGATG,285640,TTAGGCCTCTAGTTAC
1748,CGGACCTAGTTAGCTA,285694,TTAGGCCTCGATATTC
1749,CGGAGCAAGACTTATG,285748,ATTGTGTTCGCTTGAC
1750,CGGAGCAAGCAGCTCA,285790,ATTGTGTTCTTGCTGA
1751,CGGAGTCTCTTTAAGG,286486,GCACACAAGTTTGTCG
1752,CGGATAAAGAGCCGCT,286522,ACATTACTCCGCTAGT
1753,CGGATAAAGCATGCAT,286565,ACATTACTCCCAATTG
1754,CGGATAAAGCATTAGC,286569,ACATTACTCGTGATAA
1755,CGGATTAGTAACGAGG,286883,GGGACAACAGGTCCCT
1756,CGGATTAGTACGCGCA,286914,GGGACAACACCACAAA
1757,CGGATTAGTCAGTAAT,286980,GGGACAACAACCAAAT
1758,CGGATTAGTTGCGCGA,287199,GGGACAACACTAGCTT
1759,CGGCAATGTAACGTGC,287267,GGATATTCATTGAGGC
1760,CGGCAATGTCACCTAT,287355,GGATATTCATCAGGAC
1761,CGGCAATGTTCGGTAA,287568,GGATATTCAAACAAAG
1762,CGGCCATAGCATTATG,287718,GAAACCGTCTCCTCAT
1763,CGGCCATAGCTAATTG,287765,GAAACCGTCCTAGTGC
1764,CGGCTAATCATAGACC,288098,GGGTCACAGTCCTTGA
1765,CGGCTAATCCTAGTTT,288214,GGGTCACAGGTCCGTT
1766,CGGCTCACAAGTAAGC,288472,GCAAGGTGTTAGCGTT
1767,CGGCTCACACTTAGGC,288591,GCAAGGTGTCATTTCT
1768,CGGCTCACAGTTTCTC,288688,GCAAGGTGTCACGATT
1769,CGGGACAAGCTATATG,288920,GGCGTAATCGTTAAAG
1770,CGGGACAAGTAGGCGG,289093,GGCGTAATCCCGCTGA
1771,CGGGCTTAGTAAGTCC,289466,TCCACCCTCCTAGGTC
1772,CGGGCTTAGTTATCCT,289534,TCCACCCTCCTGAAGG
1773,CGGGTATGTAAATTGC,289562,GCATAATCACCTTCCT
1774,CGGGTATGTCCTAACT,289687,GCATAATCACCTTCAG
1775,CGGGTCTAGTTCCCGT,290306,GACTCACTCCTAATGT
1776,CGGTAACGTCAACAAT,290411,TTGCAAGCACTAAGCA
1777,CGGTAACGTCCTAACT,290453,TTGCAAGCACCTTCAG
1778,CGGTAACGTCTAACCT,290475,TTGCAAGCAAACTAGT
1779,CGGTAACGTTCCTGTG,290631,TTGCAAGCAAACATGT
1780,CGGTGAACACAATGTT,290823,GGTAGGTGTTAAAGAC
1781,CGGTGAACACTAAGAA,290877,GGTAGGTGTGTCACGC
1782,CGGTGAACATGTGGGA,291056,GGTAGGTGTGCTTCTC
1783,CGGTGAGAGGCATTGT,291295,TCCTTTATCCTTCGGG
1784,CGGTGAGAGGCGCTAC,291307,TCCTTTATCGCTAGCT
1785,CGGTTATAGAGAAGGG,291501,ATTAGTCTCCCAAAGG
1786,CGGTTATAGCATCCAG,291546,ATTAGTCTCATCAGTT
1787,CGGTTATAGCGATAGA,291584,ATTAGTCTCAAGGGTT
1788,CGGTTATAGCGCTCAA,291590,ATTAGTCTCGCTTGTA
1789,CGGTTATAGCTCCCTG,291611,ATTAGTCTCACGAATA
1790,CGGTTATAGGGACCTC,291708,ATTAGTCTCCGTTATG
1791,CGGTTATAGGTGTTAC,291748,ATTAGTCTCGCAATCC
1792,CGGTTCCGTCCTAATC,291989,AACTAACCACGGTAAC
1793,CGGTTCCGTTGGTGAC,292193,AACTAACCATCAAGCA
1794,CGGTTGGGTCCTAATC,292371,TAGCATGCACGGTAAC
1795,CGGTTGGGTTCGGTAA,292552,TAGCATGCAAACAAAG
1796,CGGTTTGAGCCACAAT,293089,CATGATTTCGATCCGT
1797,CGGTTTGAGCGCAATT,293117,CATGATTTCAATAGGC
1798,CGGTTTGAGGAACCAA,293167,CATGATTTCAAGGTTA
1799,CGGTTTGAGGTTTACA,293285,CATGATTTCTTCAAGT
1800,CGTAACCCAAGCGAGC,293438,AGCTTGTGTGAGTCCC
1801,CGTAACCCAATTATGC,293490,AGCTTGTGTTGTCATA
1802,CGTAACCCATTGCGGT,293763,AGCTTGTGTCATTGAC
1803,CGTAACCCATTGTCAG,293766,AGCTTGTGTTTAATCG
1804,CGTAACCCATTTGCTC,293774,AGCTTGTGTGCGGTAG
1805,CGTAACTAGCGGATTT,293892,GGCAACATCCAAACTT
1806,CGTAACTAGGAGGTTA,293960,GGCAACATCTAAATCC
1807,CGTAACTAGTAACGGA,294062,GGCAACATCACAAGCG
1808,CGTAACTAGTCAATCA,294083,GGCAACATCCACGTTA
1809,CGTACGGGTAAATTGC,294544,GCTACAACACCTTCCT
1810,CGTACGGGTCATAGAT,294649,GCTACAACACCATGCC
1811,CGTAGCGGTTCGGTAA,295234,CCTGATTCAAACAAAG
1812,CGTAGCGGTTTGAGCA,295291,CCTGATTCATAGACGC
1813,CGTAGTTAGACTTACA,295329,GAAGGCCTCGCTTGCG
1814,CGTAGTTAGGTCCTGA,295568,GAAGGCCTCTATATGC
1815,CGTAGTTAGGTCGATT,295570,GAAGGCCTCTCTCGCC
1816,CGTAGTTAGTGTTGCG,295652,GAAGGCCTCGCTAATT
1817,CGTATTGCACCAGCAT,295827,ATGGCTTGTTCGGTAT
1818,CGTATTGCACCTATAG,295840,ATGGCTTGTAACGAGC
1819,CGTATTGCACTCAACA,295865,ATGGCTTGTTAACCAC
1820,CGTATTGCAGGCGAGT,295935,ATGGCTTGTAACCTAC
1821,CGTATTGCATGAGTTT,296024,ATGGCTTGTCACAGGG
1822,CGTCAATAGCCTCTCG,296167,CGGTCCATCCTGCCAG
1823,CGTCAATAGGTCCTAG,296335,CGGTCCATCCTCAAGC
1824,CGTCAATAGTCTTGAA,296403,CGGTCCATCAGCTACC
1825,CGTCATTGTGCGCATG,296649,GGCATTACACAACATG
1826,CGTCATTGTTTCCGGC,296820,GGCATTACACCGTTCA
1827,CGTCCTAGTTAACGAT,297087,TCCGGAGCAGTTTCCG
1828,CGTGACATCCGCCAAA,297386,AACGTTAAGCCTGGTT
1829,CGTGACATCGGTCAGC,297495,AACGTTAAGGCAATAC
1830,CGTGAGGAGATGGACA,297649,AATTACCTCTCAAGAA
1831,CGTGAGGAGCAGGTGG,297674,AATTACCTCGCGACTT
1832,CGTGAGGAGCTGTACG,297751,AATTACCTCAATATCC
1833,CGTGAGGAGGTTACAC,297879,AATTACCTCCTCTCGC
1834,CGTGCTGCACTGGCTG,298554,ATCATGCGTAGGATCA
1835,CGTGCTGCAGTTATGT,298651,ATCATGCGTTTGCAGT
1836,CGTGCTTTCCTTAGGG,298970,GCACAGCAGCATCCTA
1837,CGTGGTTCAAGCGAGC,299188,CTCAATAGTGAGTCCC
1838,CGTGGTTCATCTTGAG,299469,CTCAATAGTGATCCTG
1839,CGTGTGTCAACCCTCC,299556,GTTTATGGTTCCATTT
1840,CGTGTTACACAGGATG,300036,ACACTTAGTTTGCTCC
1841,CGTGTTACACATTAAC,300042,ACACTTAGTTCACGCA
1842,CGTTAAATCGTTTCGC,300593,GTTGGTGAGCACTTGC
1843,CGTTAAATCTGTAAGC,300642,GTTGGTGAGTTAACCT
1844,CGTTAACAGAGGGACT,300715,TAATCACTCCCACCTC
1845,CGTTAACAGGCATGAA,300878,TAATCACTCAGCTAGG
1846,CGTTAACAGTAAGGGC,300967,TAATCACTCGGTTACC
1847,CGTTAACAGTAAGTGG,300969,TAATCACTCCTAACTG
1848,CGTTAGGTCACACAGT,301089,CAGGATTAGTCCCGCA
1849,CGTTAGGTCATCCTCA,301142,CAGGATTAGAACAAGG
1850,CGTTAGGTCCATTACT,301197,CAGGATTAGCTTGGTC
1851,CGTTAGGTCGGCCAGT,301324,CAGGATTAGAGATTCA
1852,CGTTAGGTCGGCTAGC,301326,CAGGATTAGTCCTGCG
1853,CGTTAGTAGCAACATC,301495,CGTATTGTCCAAGTGG
1854,CGTTAGTAGTCACCAG,301755,CGTATTGTCACAAATG
1855,CGTTATCGTGCATTAG,302016,ATTGCCTCAACCAACA
1856,CGTTGCAAGCACAGAA,302652,CCCTTGCTCTTAAGGA
1857,CGTTGCAAGGACCTTG,302770,CCCTTGCTCCACTAAT
1858,CGTTGCAAGGCCTTAG,302806,CCCTTGCTCCATCATG
1859,CGTTGCGCAGTAGGTG,303248,TATCCGGGTACCTTAA
1860,CGTTGCGCAGTTGCGT,303258,TATCCGGGTGAACGGT
1861,CGTTGCGCATTATGGT,303344,TATCCGGGTACTTACA
1862,CTAAAGCTCACTAGGT,304559,TATTAGGAGGCCAACA
1863,CTAAAGCTCCCATAAA,304651,TATTAGGAGTTAGGAC
1864,CTAAATGTCTCGCCTG,305237,CCAACCTAGCTTTAAC
1865,CTAACCACAACTAACT,305317,GAGCTTTGTTCCCGTT
1866,CTAACCACAATAGCCC,305359,GAGCTTTGTTGAAGCA
1867,CTAACCACAATCCTAG,305366,GAGCTTTGTGTGCGGA
1868,CTAACCACAATGAAGC,305370,GAGCTTTGTATAGCGA
1869,CTAACCACACCCTCAC,305424,GAGCTTTGTAAGTGGC
1870,CTAACCACACTGACCG,305459,GAGCTTTGTGAGTAGC
1871,CTAACCACAGGTTAAA,305539,GAGCTTTGTTAACACC
1872,CTAACCACATATTGAC,305590,GAGCTTTGTGCCGGAA
1873,CTAACCCTCCGGTTGA,305839,GCTCCATAGTGGCCAA
1874,CTAACCTGTAACAGGG,306053,TTTGGAGCAAACCCAA
1875,CTAACCTGTAGTAAGA,306112,TTTGGAGCATGATGGC
1876,CTAACCTGTATTGTGG,306129,TTTGGAGCAGTCTATC
1877,CTAACCTGTCAATAGT,306140,TTTGGAGCAGGGAGTA
1878,CTAACCTGTTCTTTAG,306361,TTTGGAGCATTTGGCT
1879,CTAACCTGTTTACGTC,306401,TTTGGAGCAATCGTGA
1880,CTAAGGTTCCGCATGA,306595,AATCTCTAGTCACTAT
1881,CTAAGGTTCGAGCTAT,306660,AATCTCTAGGTATGTA
1882,CTAAGGTTCTGCAAAC,306773,AATCTCTAGTTACAAG
1883,CTAAGTCAGCATTTCT,306895,TCACTAGTCCAAATTC
1884,CTAAGTCAGGTTAGAG,307091,TCACTAGTCAATCGTT
1885,CTAAGTCAGTAAGTGG,307107,TCACTAGTCCTAACTG
1886,CTAAGTCAGTAGCCAT,307112,TCACTAGTCCCTCATT
1887,CTAATAGTCATAGACC,307274,GACTAGTAGTCCTTGA
1888,CTAATAGTCCATAAGC,307332,GACTAGTAGGAGCTTG
1889,CTAATAGTCGGTTCCT,307477,GACTAGTAGGCTCAAG
1890,CTAATCCGTGTCCTGC,307810,AAGTCATCATAGGTGC
1891,CTAATCCGTTAGGCGT,307862,AAGTCATCATACTGAG
1892,CTAATCGCAATGAAGC,308054,AAAGCCAGTATAGCGA
1893,CTAATCGCAGGAATCG,308198,AAAGCCAGTATCCGTG
1894,CTAATGTCACAAACTT,308839,AGGTTCTGTCAATACC
1895,CTAATGTCAGCAAGGC,308936,AGGTTCTGTCGCATAT
1896,CTAATGTCATAGTCAT,309040,AGGTTCTGTGTACCGC
1897,CTAATTGAGGCATTAC,309320,TAACTGTTCAAAGGGA
1898,CTAATTGAGGCGTAAA,309337,TAACTGTTCCGGGTTT
1899,CTACAACAGTAACGAG,309787,CCCTCACTCTATCGGC
1900,CTACAACAGTAGGATG,309802,CCCTCACTCTAGTTAC
1901,CTACAACAGTATCGCG,309804,CCCTCACTCGCCCGTA
1902,CTACAACAGTATTGGC,309807,CCCTCACTCACTTGCA
1903,CTACAACAGTTGCGTG,309870,CCCTCACTCATAGCGG
1904,CTACCGGCACAATACT,309999,ATCATCAGTTTCTCAT
1905,CTACCTCAGCGCTCAA,310384,ATTTAGCTCGCTTGTA
1906,CTACCTCAGGCTGTGC,310499,ATTTAGCTCCGCTGTG
1907,CTACCTCAGGGCCACT,310508,ATTTAGCTCCAACCTA
1908,CTACCTCAGTTAGACC,310621,ATTTAGCTCCCGGATT
1909,CTACCTCAGTTGGGCC,310641,ATTTAGCTCTTTGTGG
1910,CTACGAAGTAGGTGTC,310712,ATTTCGCCACGCCCAT
1911,CTACGAAGTTAAGCGC,310904,ATTTCGCCAACCGCTC
1912,CTACGAAGTTTGAGGC,311022,ATTTCGCCACCAAAGC
1913,CTACTAAAGCACAGAA,311092,TATTGACTCTTAAGGA
1914,CTACTTAGTGGGTGAA,311635,CATTAGGCAAGTATCG
1915,CTACTTAGTTTAAAGC,311767,CATTAGGCACGGATCG
1916,CTAGATTCAAACCTAT,311804,GCATGTTGTGCGCGAA
1917,CTAGATTCAAACGCGA,311806,GCATGTTGTCATGGTT
1918,CTAGATTCAATAGCCC,311879,GCATGTTGTTGAAGCA
1919,CTAGATTCAATTGACT,311902,GCATGTTGTAAGGTGC
1920,CTAGATTCACAAGCCT,311914,GCATGTTGTTCATTGA
1921,CTAGATTCAGGTCCTG,312058,GCATGTTGTCACGCAC
1922,CTAGCGGGTACAATGT,312215,GCTAATGCACTCAATC
1923,CTAGCGGGTTGAGGTC,312502,GCTAATGCAAACTAAC
1924,CTAGCTGAGCCGCTAA,312656,GCAGCAATCAGTTTAC
1925,CTAGCTGAGGCCGGAA,312775,GCAGCAATCCGGCTAT
1926,CTAGCTGAGTACCGCA,312861,GCAGCAATCGTTGTCA
1927,CTAGCTGAGTTATTCC,312930,GCAGCAATCATGAAGC
1928,CTAGCTTGTCACAGCG,313047,GGTCACGCACGCAATA
1929,CTAGCTTGTGGTTCTT,313172,GGTCACGCAGAAACCC
1930,CTAGCTTGTTGAAGCC,313264,GGTCACGCACACAAGC
1931,CTAGCTTGTTTGCGCC,313323,GGTCACGCATTACAGG
1932,CTAGGACGTCTATCGT,313485,TTACGGACAGTGAACC
1933,CTAGGCGGTCCGTAGG,313841,ATGCAATCATCAGGTA
1934,CTAGTAATCGGCCATA,314361,TCCGTTAAGGCTCACT
1935,CTAGTAGGTGCCTCAC,314671,TCCGAAACAATAGAGA
1936,CTAGTAGGTTTAAAGC,314829,TCCGAAACACGGATCG
1937,CTAGTCGAGCTATGAC,314993,CATGAGGTCTAACCCA
1938,CTAGTCGAGCTCAATA,314997,CATGAGGTCATGGTCC
1939,CTAGTCGAGGAGTCGG,315050,CATGAGGTCAATCGGG
1940,CTAGTCGAGGCATGTT,315065,CATGAGGTCACCTATG
1941,CTAGTGAGTCACAGAC,315342,AAACGAACAGCCAATA
1942,CTAGTGAGTTAAGCCA,315497,AAACGAACAATCTGGA
1943,CTAGTTGCAAGTCGCT,315695,TTGGCCAGTTATGGCT
1944,CTATAACCAAAGGCCA,316029,TCCCGAAGTGAGTCAA
1945,CTATAACCACCCACCT,316155,TCCCGAAGTCCAGCAC
1946,CTATAACCAGGCTTCG,316265,TCCCGAAGTAACCGGG
1947,CTATAACCATCAGTAT,316327,TCCCGAAGTTTGAGGA
1948,CTATGAGGTGAGACTC,316949,CCTTAGTCAAAGAAGC
1949,CTATGATCAAAGGCCA,317179,GCCTAGCGTGAGTCAA
1950,CTATGATCAACAGGAT,317190,GCCTAGCGTAGTTACC
1951,CTATGTTTCCTAATTC,318118,AACCTTTAGCTTGAAA
1952,CTATGTTTCCTTGTTG,318152,AACCTTTAGGTAAGCT
1953,CTATGTTTCGCAATCG,318173,AACCTTTAGCCGCAAA
1954,CTATGTTTCGGGACCT,318198,AACCTTTAGCTGGATG
1955,CTATTACTCACAAGCT,318342,ACGGTCAAGCTAACGG
1956,CTATTACTCATAACCA,318385,ACGGTCAAGGCTTTCA
1957,CTATTACTCCTGAGTG,318518,ACGGTCAAGGGTTATA
1958,CTATTACTCGAGCTAT,318544,ACGGTCAAGGTATGTA
1959,CTATTACTCGATTCTT,318552,ACGGTCAAGTGAGCCA
1960,CTATTCAGTAAACAAG,318699,TTCCGGCCAAATATGC
1961,CTATTCAGTCATCCTG,318810,TTCCGGCCAATAAAGG
1962,CTATTCAGTGTGTGGT,318932,TTCCGGCCAAAGGCCT
1963,CTATTCAGTTCGGTAA,319010,TTCCGGCCAAACAAAG
1964,CTATTCAGTTGGCGTG,319031,TTCCGGCCACTAGTCT
1965,CTATTCAGTTTCCTCC,319063,TTCCGGCCATCCTGCA
1966,CTATTGAAGGACTTAC,319259,CCTAAGCTCGCCTGTG
1967,CTATTGAAGGAGCAAC,319260,CCTAAGCTCCTAAATC
1968,CTATTGAAGTTATTCC,319444,CCTAAGCTCATGAAGC
1969,CTCAATAAGAATCGCT,319473,GTAGTAATCCTGATCA
1970,CTCAATAAGGTCCTAG,319727,GTAGTAATCCTCAAGC
1971,CTCAATAAGGTCCTGA,319728,GTAGTAATCTATATGC
1972,CTCAATAAGTAAAGGT,319747,GTAGTAATCTAAGCGG
1973,CTCACACTCACAGACT,320262,TTTGGCCAGCTTACTG
1974,CTCACACTCGGTACGC,320505,TTTGGCCAGCCATAAA
1975,CTCACTCAGAAGCTAG,320623,CATTTGGTCTCAATAC
1976,CTCACTCAGAGGAGTC,320652,CATTTGGTCTACTAAC
1977,CTCAGGATCGCACACA,321245,AGTGAGAAGTAGAGGA
1978,CTCATCATCACGCATG,321425,CGTGCTTAGTTACCCA
1979,CTCATCATCCAGGGAG,321515,CGTGCTTAGTTATTGC
1980,CTCATCATCCGCCTAT,321551,CGTGCTTAGCTTGCAC
1981,CTCATCATCCTGAATA,321587,CGTGCTTAGTGGCTAG
1982,CTCATCATCCTTCTAG,321602,CGTGCTTAGCTAAGCG
1983,CTCATCATCTAAGTCA,321693,CGTGCTTAGCACTAAA
1984,CTCATCATCTGTTCAT,321739,CGTGCTTAGTTAGTAG
1985,CTCATCATCTTGACCC,321751,CGTGCTTAGGAGCAGG
1986,CTCATCATCTTGGACG,321759,CGTGCTTAGAATCACA
1987,CTCATGCTCTTGCAAA,322523,AGGCATTAGTACTGGG
1988,CTCATTGTCCCGTTAC,323064,ATGAACCAGCTAAATG
1989,CTCATTTAGGTCCTAG,323565,CATTGTGTCCTCAAGC
1990,CTCCAAACACGAATTT,323848,ATACCCGGTACCGTGC
1991,CTCCAACTCCTTTACG,324293,ACTTACTAGCGCAAAT
1992,CTCCATCAGTTAGACC,324807,GACAGGCTCCCGGATT
1993,CTCCCTGAGCGGATAA,324955,CCCAAACTCCTCCCAC
1994,CTCCGGACAACCCTCC,325254,TTATGTGGTTCCATTT
1995,CTCCGGACAACTAGCC,325261,TTATGTGGTTGTTGTA
1996,CTCCGGACAGCAAGAT,325425,TTATGTGGTTTACTGA
1997,CTCCGTCCAAGCTACC,325657,GCACAGGGTGGCTTCA
1998,CTCCGTCCATAAACCT,325891,GCACAGGGTGCACCAC
1999,CTCCGTCCATTTAAGC,325989,GCACAGGGTTCACTTT
2000,CTCCTAATCGCTCACT,326250,GCCAACAAGAAACCTA
2001,CTCCTCACAGGAACCA,326605,GTGAACAGTTATGTTG
2002,CTCCTGAGTGATTACG,326939,CTCTCCTCAACCGCCT
2003,CTCGACAAGACAAACG,327152,TCGGCCATCCCGCAAT
2004,CTCGACAAGCGGATAA,327257,TCGGCCATCCTCCCAC
2005,CTCGACAAGGTCCGTA,327402,TCGGCCATCTAATCAC
2006,CTCGCTAGTGTCCAAA,327750,CCTCATGCATTGTTTG
2007,CTCGCTCCAGCAAATA,328106,GAGTGCGGTTGCGTGC
2008,CTCTAAGCACAGCCTG,328800,TGTTGCGGTATTGAGG
2009,CTCTAAGCACGTAAGG,328840,TGTTGCGGTCCGGTTA
2010,CTCTAAGCAGAGGCTA,328870,TGTTGCGGTAAGTGCA
2011,CTCTAAGCATTGTTGG,329056,TGTTGCGGTCACCAAT
2012,CTCTAGCTCATCAGTA,329137,TTAGTAGAGCTTAGCC
2013,CTCTAGCTCATGCTCC,329151,TTAGTAGAGCTCCCTC
2014,CTCTAGCTCCGCCTAT,329225,TTAGTAGAGCTTGCAC
2015,CTCTAGCTCCTAATTC,329246,TTAGTAGAGCTTGAAA
2016,CTCTATGTCATGGTTA,329540,TCCTTGAAGTTACCGC
2017,CTCTATGTCCATTACT,329579,TCCTTGAAGCTTGGTC
2018,CTCTCACAGCCAGTAT,329912,ACAAGGTTCCCGGAAA
2019,CTCTCACAGCTCCTAC,329964,ACAAGGTTCTTAGCCA
2020,CTCTTGATCAGCTAAC,330653,GTAATCAAGTATAGCA
2021,CTCTTGATCCCGCCTA,330739,GTAATCAAGCCTAGTC
2022,CTCTTGATCGCAATCG,330837,GTAATCAAGCCGCAAA
2023,CTGAAACTCCCTGTTA,331137,CCTTATGAGCCAGTAG
2024,CTGAAACTCTCCTCTT,331316,CCTTATGAGCTGCATC
2025,CTGAAACTCTGCAAAC,331321,CCTTATGAGTTACAAG
2026,CTGAATATCAAAGGCA,331367,AGATTCAAGGAGCCGT
2027,CTGAATATCATCCTCA,331444,AGATTCAAGAACAAGG
2028,CTGAATATCCTGGTGA,331572,AGATTCAAGACACGCA
2029,CTGAATATCGCTCCAT,331623,AGATTCAAGATAGACC
2030,CTGACATAGCAAGGGT,331801,TACAAAGTCAGAAAGG
2031,CTGACATAGCTCCTAC,331884,TACAAAGTCTTAGCCA
2032,CTGACATAGGGCTTTG,331990,TACAAAGTCAATAGCA
2033,CTGACATAGTCCTTCA,332070,TACAAAGTCTCAGCTA
2034,CTGACCAAGATGGAGC,332176,GTCTTGATCGCAACTC
2035,CTGACCAAGGACTTAC,332309,GTCTTGATCGCCTGTG
2036,CTGATCACACTCAACA,332691,ACTAGTCGTTAACCAC
2037,CTGATCACAGCATGAG,332725,ACTAGTCGTTACTCCC
2038,CTGCAATAGCGTGCGT,333021,TCCTTCGTCTTGCATG
2039,CTGCAATAGGTAGCTT,333154,TCCTTCGTCAATGAGC
2040,CTGCAATAGGTCCAAT,333158,TCCTTCGTCCACAATT
2041,CTGCAATAGGTTAGAG,333175,TCCTTCGTCAATCGTT
2042,CTGCAATAGTTCCTGC,333266,TCCTTCGTCCGTCAAC
2043,CTGCTACTCCCTGTTA,333441,TTCGGTCAGCCAGTAG
2044,CTGCTACTCTTTAGGA,333663,TTCGGTCAGGTGTTAA
2045,CTGCTATGTGAGACTC,333835,CCTTCCTCAAAGAAGC
2046,CTGCTCCCACTGACCG,334227,GGTTGAAGTGAGTAGC
2047,CTGCTCCCAGTTTCTC,334330,GGTTGAAGTCACGATT
2048,CTGGACCAGAGAGGCT,334462,AAGCCTCTCATGTTGT
2049,CTGGACCAGCACCACA,334493,AAGCCTCTCTAACTGT
2050,CTGGACCAGTTAACCA,334782,AAGCCTCTCGCTATAT
2051,CTGGCTAAGCACTAGT,335265,GTAACGGTCCGCCATG
2052,CTGGCTAAGTGCACGC,335543,GTAACGGTCTAAGTCT
2053,CTGGTAAGTAAGCTCA,335982,ACACAATCATAGCGAC
2054,CTGGTAAGTTATCGAG,336258,ACACAATCATCCTGGC
2055,CTGGTAAGTTTGGTTC,336347,ACACAATCACATGCAA
2056,CTGGTCAAGAATGACG,336361,AAGGCTGTCCCACCCT
2057,CTGGTCAAGGACACTT,336521,AAGGCTGTCAGCCATC
2058,CTGGTTACAGGAATCG,336968,TAGTACCGTATCCGTG
2059,CTGGTTACAGTTTGGC,337017,TAGTACCGTCGGTTAT
2060,CTGGTTTGTGCTGTAA,337319,GACTGACCATAACCAG
2061,CTGGTTTGTTCAAGAT,337411,GACTGACCAATTACCC
2062,CTGTAACAGCCTGGTA,337600,AATCGTTTCGAAGTTA
2063,CTGTAACAGCTATATG,337630,AATCGTTTCGTTAAAG
2064,CTGTAACAGTAACTCA,337789,AATCGTTTCCCTGGTG
2065,CTGTACCTCATGCTTT,337978,ACCCTTAAGTGAGGCC
2066,CTGTACCTCCAGGGAG,338015,ACCCTTAAGTTATTGC
2067,CTGTACCTCGCAGGCT,338130,ACCCTTAAGGTCATTT
2068,CTGTACCTCTTGGACG,338259,ACCCTTAAGAATCACA
2069,CTGTATTTCACGTTAA,338312,CCTAGAGAGCTCCTAA
2070,CTGTATTTCTTAGTCT,338632,CCTAGAGAGATTGAGC
2071,CTGTATTTCTTAGTGA,338633,CCTAGAGAGTGGACCA
2072,CTGTGTGAGATTGAGG,338700,CCCACCTTCAAGCCAG
2073,CTGTGTGAGCACAGCC,338711,CCCACCTTCCTCAGTA
2074,CTGTTAAAGCGGTTAT,339157,ACAAAGCTCGCGAAGC
2075,CTGTTAAAGGTTTGAC,339316,ACAAAGCTCGATTAAG
2076,CTGTTAAAGTTAGCTA,339392,ACAAAGCTCGATATTC
2077,CTGTTGGAGGTTTACA,340083,GTAATAGTCTTCAAGT
2078,CTGTTGGAGTAAGTGG,340097,GTAATAGTCCTAACTG
2079,CTGTTGGAGTTATCTC,340165,GTAATAGTCGCAATTT
2080,CTGTTTAGTCACCAAA,340286,CACTCGCCAATGAGCC
2081,CTGTTTAGTGTTTGCT,340432,CACTCGCCATCCTAGT
2082,CTTAACAAGCCACAAT,340653,CAGTTTGTCGATCCGT
2083,CTTAAGATCACTTTAC,341005,CAAGGTTAGGAACCTG
2084,CTTAAGATCAGCACGC,341010,CAAGGTTAGTTATGGA
2085,CTTAAGATCCGCAAGC,341117,CAAGGTTAGATTCCGC
2086,CTTAAGATCTAGCGAT,341273,CAAGGTTAGGCAGGTC
2087,CTTAAGGGTATGGTGC,341409,ACTTCGTCAGTATTGG
2088,CTTAAGGGTGATGGCT,341518,ACTTCGTCATTCATTG
2089,CTTAAGGGTTAGGCGT,341618,ACTTCGTCATACTGAG
2090,CTTAAGGGTTCGCTTG,341648,ACTTCGTCACTTGCTG
2091,CTTAAGGGTTGAGCCG,341655,ACTTCGTCAGCAAATT
2092,CTTAATGAGCATGCAT,341795,AGCAAACTCCCAATTG
2093,CTTAATGAGCTCCCTG,341857,AGCAAACTCACGAATA
2094,CTTAATGAGCTTCCCG,341874,AGCAAACTCATTCAGT
2095,CTTACCGGTGATGATT,342283,ACTGAATCATCAGTTC
2096,CTTACCGGTGTCCAAA,342330,ACTGAATCATTGTTTG
2097,CTTACCGGTTTAAAGC,342453,ACTGAATCACGGATCG
2098,CTTACCTCAACTCGCG,342527,TATACTGGTGCGCAAG
2099,CTTACCTCAATATACC,342567,TATACTGGTAGGCGCA
2100,CTTACCTCAATATAGG,342568,TATACTGGTTACGTAC
2101,CTTACTAGTAAACAAG,342871,TTCTAGCCAAATATGC
2102,CTTACTAGTTGTTGCT,343216,TTCTAGCCATGACATG
2103,CTTACTAGTTGTTGGA,343217,TTCTAGCCATCCTCCT
2104,CTTAGGAGTATTCGTC,343327,CGCGTGACACTAATCC
2105,CTTAGGAGTCATTGAG,343370,CGCGTGACATGCTCCA
2106,CTTAGGAGTTCATTTG,343551,CGCGTGACAAGGCTTA
2107,CTTAGGAGTTGTTGCT,343598,CGCGTGACATGACATG
2108,CTTAGGAGTTTGCAGA,343623,CGCGTGACAAGGAATA
2109,CTTAGTTTCCCTTGCG,343794,AATGGTCAGCTTGTTG
2110,CTTAGTTTCTTTGTAC,344018,AATGGTCAGGTGGAAA
2111,CTTATGTTCCTGTTCA,344229,CAACATAAGGTATAGC
2112,CTTATGTTCCTTAGGG,344232,CAACATAAGCATCCTA
2113,CTTATGTTCTAATTGG,344332,CAACATAAGCTATCGC
2114,CTTCAAGCAAGATTCT,344829,CCATTAAGTTATGGAG
2115,CTTCAAGCATGCATAT,345123,CCATTAAGTAATGGTG
2116,CTTCAATTCAGAAACG,345220,AGGGCCTAGGCAATGT
2117,CTTCAATTCATAACCA,345239,AGGGCCTAGGCTTTCA
2118,CTTCAATTCCCTCACG,345318,AGGGCCTAGGCTTATT
2119,CTTCAATTCCGGAACC,345338,AGGGCCTAGGATTTGA
2120,CTTCAATTCCTAAATG,345349,AGGGCCTAGATAACCA
2121,CTTCAATTCGCGCTAA,345420,AGGGCCTAGCGCTAGA
2122,CTTCACTCATCGCTCC,345877,TTTCCTGGTTTGAGCT
2123,CTTCACTCATGAATAG,345884,TTTCCTGGTTATCCGG
2124,CTTCACTCATGTCAAT,345899,TTTCCTGGTTGCGAGG
2125,CTTCAGGAGTTATCTC,346297,TGGTCTATCGCAATTT
2126,CTTCGCGTCATAACCA,346775,ACAACTAAGGCTTTCA
2127,CTTCGCGTCGATTTAG,346943,ACAACTAAGACAACGT
2128,CTTCGCGTCGCATTAA,346952,ACAACTAAGCTAGTTT
2129,CTTCTAAGTATTACCC,347161,CCGCTTACACCTTAGT
2130,CTTCTCAAGCCTGATG,347569,TCGATATTCAGGTTGG
2131,CTTCTCAAGGAGTCGG,347658,TCGATATTCAATCGGG
2132,CTTCTCAAGGGCCACT,347710,TCGATATTCCAACCTA
2133,CTTCTCAAGTAGCGGG,347770,TCGATATTCTAACCGC
2134,CTTCTCAAGTATCGCG,347774,TCGATATTCGCCCGTA
2135,CTTGAATCAATCTCTC,348327,AAGGCCGGTGAGGGTT
2136,CTTGAATCACAGGATG,348366,AAGGCCGGTTTGCTCC
2137,CTTGAATCAGCATGGA,348450,AAGGCCGGTAGCCTTG
2138,CTTGCAACACAATGCC,349122,CAAATCCGTCCAATTA
2139,CTTGCAACATAGACCC,349306,CAAATCCGTAAAGGTT
2140,CTTGCATGTAATCGTG,349415,TGAGATTCACATAACG
2141,CTTGCATGTTTACTTG,349744,TGAGATTCATCAATCC
2142,CTTGCGCGTACCAGGT,349804,AGTACTGCATAATCGG
2143,CTTGCGCGTTCATCTA,350070,AGTACTGCAGGTAAGG
2144,CTTGCTCAGAATCTCA,350164,GGGCAACTCTTAGGTT
2145,CTTGCTCAGGCTTAGT,350387,GGGCAACTCAAACCTT
2146,CTTGCTCAGGTTAGAG,350431,GGGCAACTCAATCGTT
2147,CTTGCTCAGTAACTCA,350443,GGGCAACTCCCTGGTG
2148,CTTGGACCAGGCGAGT,350785,ACGGTTTGTAACCTAC
2149,CTTGGACCAGTCTAAT,350810,ACGGTTTGTTAGTACC
2150,CTTGTAAAGCGCCTAA,351035,GCTATATTCTTGGACC
2151,CTTGTAAAGCTTGCTC,351078,GCTATATTCCTAATCG
2152,CTTGTTCCAAACCTTG,351695,TGAGCTTGTCCTCCAT
2153,CTTGTTCCAATTAGGA,351789,TGAGCTTGTGGTTAAG
2154,CTTGTTCCAGCTTAAT,351917,TGAGCTTGTGGTGAAC
2155,CTTGTTCCAGTCTATG,351964,TGAGCTTGTTGACCAT
2156,CTTGTTCCATGAGTTT,352026,TGAGCTTGTCACAGGG
2157,CTTGTTCCATTGTCAG,352066,TGAGCTTGTTTAATCG
2158,CTTTAGGCAACAGCCT,352485,AGGTCAAGTCGATTAC
2159,CTTTAGGCAGGTATTT,352715,AGGTCAAGTTACGCCA
2160,CTTTAGGCATAGACCC,352758,AGGTCAAGTAAAGGTT
2161,CTTTAGTTCCGTGACA,353020,GGATGAAAGATTGCCC
2162,CTTTAGTTCCTCAGTC,353038,GGATGAAAGAAGCAAG
2163,CTTTAGTTCGATTATG,353079,GGATGAAAGGAACAAG
2164,CTTTAGTTCTCACATT,353173,GGATGAAAGTCCTCCC
2165,CTTTAGTTCTCACTAT,353174,GGATGAAAGGGAGCAG
2166,CTTTAGTTCTTAGCGG,353203,GGATGAAAGGGTCTAG
2167,CTTTATGGTTTATCTG,353969,ATGAATCCATAATGGT
2168,CTTTCTTGTATTGGAT,354070,GCAAGCTCATTACTGC
2169,CTTTCTTGTCAAGTAT,354081,GCAAGCTCATGACAGC
2170,CTTTCTTGTGCTAGCG,354188,GCAAGCTCAATGACCA
2171,CTTTCTTGTTCAAGCA,354286,GCAAGCTCAAGCCTCC
2172,CTTTGAGCAATACTGT,354451,GCTGACCGTTGTAACC
2173,CTTTGAGCACCTCAGG,354528,GCTGACCGTGAGTTTC
2174,CTTTGGGAGACAACGA,354773,GACATAATCTTTAGCG
2175,CTTTGGGAGCTAAGTC,354883,GACATAATCTGGCTGT
2176,CTTTGGGAGCTCAATA,354893,GACATAATCATGGTCC
2177,CTTTGGGAGGAACACA,354918,GACATAATCAGCAATA
2178,CTTTGGGAGTTTAACG,355135,GACATAATCAAGCGCA
2179,CTTTGGTGTAACCTAG,355150,AGTAATCCAACCTGCC
2180,CTTTGGTGTCATCCTG,355254,AGTAATCCAATAAAGG
2181,CTTTGTCCAACAGCCT,355551,CGTTTGGGTCGATTAC
2182,CTTTGTCCAATTTAGC,355629,CGTTTGGGTTATATCG
2183,CTTTGTCCATCACAGC,355836,CGTTTGGGTTCCTGGA
2184,CTTTGTCCATCGTTCT,355851,CGTTTGGGTTATTGTG
2185,CTTTGTCCATGAGTTT,355860,CGTTTGGGTCACAGGG
2186,GAAACCCGTCCTAACT,356037,TCTAACCCACCTTCAG
2187,GAAAGCCAGCCATCAG,356761,GAAGTTATCGAGCAAT
2188,GAAAGCCAGGACGTAA,356851,GAAGTTATCCTGTGAC
2189,GAAAGCCAGGACTTAC,356853,GAAGTTATCGCCTGTG
2190,GAAAGCCAGGCTACTG,356899,GAAGTTATCCTTGAGC
2191,GAAAGCCAGTAACGAG,356961,GAAGTTATCTATCGGC
2192,GAAAGGCTCCGGCTAA,357229,GATCAGTAGATAGCTA
2193,GAACACAAGAAGCTAG,357449,ATCCTAGTCTCAATAC
2194,GAACCAAAGACTAAGG,357848,GTTGAGGTCACAATAG
2195,GAACCAAAGACTATTG,357849,GTTGAGGTCCACCTGG
2196,GAACCAAAGCGGGCAA,357946,GTTGAGGTCCCTCACC
2197,GAACCAAAGGCCTAAT,358036,GTTGAGGTCCGCCTCT
2198,GAACCAGCAGCTACGT,358434,TGATTGCGTGAAACAT
2199,GAACCAGCAGTAAAGC,358474,TGATTGCGTTTACTAG
2200,GAACCAGCAGTTATCG,358488,TGATTGCGTTTATTCC
2201,GAACCAGCATCACTTC,358523,TGATTGCGTAAAGCAT
2202,GAACCGCTCTTTGACT,358976,TATCCATAGCCCTTGG
2203,GAACCTGTCACTTCAT,359028,AGCGCTAAGTGTCCAC
2204,GAACCTGTCATTACAG,359080,AGCGCTAAGGACCATG
2205,GAACCTGTCCTGAATA,359181,AGCGCTAAGTGGCTAG
2206,GAACCTGTCGCACAAT,359222,AGCGCTAAGGCTAGCA
2207,GAACCTGTCGTTTCCA,359278,AGCGCTAAGCCGCTAT
2208,GAACCTTAGCGGATAA,359479,ACTTGCATCCTCCCAC
2209,GAACCTTAGGTCCACA,359623,ACTTGCATCGTTAGCC
2210,GAACGAATCAGTGAAG,359815,TTTAGCTAGCCAATCC
2211,GAACGAATCATGTCAA,359845,TTTAGCTAGTGCTCAC
2212,GAACGAATCGTTAACA,360037,TTTAGCTAGAAACCGT
2213,GAAGCCTGTTCGCTTG,360824,CTTGTGTCACTTGCTG
2214,GAAGCCTGTTGTCCAT,360856,CTTGTGTCATGGAGGA
2215,GAAGCTAAGAGAAGGG,360923,GACTTTGTCCCAAAGG
2216,GAAGCTAAGATTGAGG,360944,GACTTTGTCAAGCCAG
2217,GAAGGAACACTGGCTG,361462,ATGGCGGGTAGGATCA
2218,GAAGGATGTGTCCTGC,361892,GTAATCGCATAGGTGC
2219,GAAGGATGTTCAAGAT,361957,GTAATCGCAATTACCC
2220,GAAGGATGTTGTCCAT,362006,GTAATCGCATGGAGGA
2221,GAAGGCCCAGCCAGAA,362261,TTACTAGGTGGTTCTG
2222,GAAGGCCCAGCTTACA,362274,TTACTAGGTTAGGTTC
2223,GAAGGCCCATAGTCAT,362354,TTACTAGGTGTACCGC
2224,GAAGGCTAGATTGAGG,362478,TTGCGGTTCAAGCCAG
2225,GAAGGCTAGGAACACA,362590,TTGCGGTTCAGCAATA
2226,GAAGGCTAGGGTCCAC,362675,TTGCGGTTCATAGCTT
2227,GAAGTATAGAGGAGGA,363231,AGATTGATCTAGCCAC
2228,GAAGTATAGGCGTAAA,363417,AGATTGATCCGGGTTT
2229,GAAGTATAGTATCGCG,363500,AGATTGATCGCCCGTA
2230,GAAGTCAAGTAAAGGT,363863,CAGTCTATCTAAGCGG
2231,GAATTTGTCCGCCAAA,364514,CTTGACCAGCCTGGTT
2232,GACACCGGTACTGATG,365162,AAGCGCTCAGTTCCTG
2233,GACACCGGTCATCATC,365227,AAGCGCTCATTGCCCA
2234,GACACCGGTGAATCGC,365280,AAGCGCTCAAATACCG
2235,GACACCGGTGCATCGG,365303,AAGCGCTCATGGCTAA
2236,GACACCGGTTCTTTAG,365429,AAGCGCTCATTTGGCT
2237,GACACCGGTTTAACGG,365467,AAGCGCTCATTTGTCA
2238,GACATAGAGCACGATT,365942,CTTAAGTTCTAACTCG
2239,GACATAGAGCAGGTGG,365950,CTTAAGTTCGCGACTT
2240,GACATAGAGCTGGAAA,366023,CTTAAGTTCCTAAGAA
2241,GACATTATCGCCTAAG,366513,TACGTCCAGTAAAGGG
2242,GACATTATCGTTAAGC,366556,TACGTCCAGCAAATCA
2243,GACCGAACAAGTTATC,366719,CCCGTTTGTTGGCCAC
2244,GACCGAACAGAAATGC,366838,CCCGTTTGTTATGGGA
2245,GACCGTTCAAGGTCCT,367094,TAGGTGAGTTTGGCTG
2246,GACCGTTCAATTAGGA,367131,TAGGTGAGTGGTTAAG
2247,GACCGTTCACCACAAC,367170,TAGGTGAGTGTTCCTC
2248,GACCGTTCACTGACCG,367211,TAGGTGAGTGAGTAGC
2249,GACCTAAGTGAAACAA,367577,GGCTGATCACACTAAG
2250,GACCTAAGTTAGTGAT,367701,GGCTGATCACTAGCGG
2251,GACCTAAGTTGCTTCG,367745,GGCTGATCAGAGAGCA
2252,GACCTAGTCTAGCGAT,368117,GAGATTCAGGCAGGTC
2253,GACCTCAAGCTGGACC,368326,TTGCTGATCCGCACCA
2254,GACCTCAAGCTTATGA,368335,TTGCTGATCACTAATC
2255,GACCTCAAGGGTTATC,368433,TTGCTGATCGTCCTAA
2256,GACCTCAAGTGATTCA,368524,TTGCTGATCTCACTTC
2257,GACCTGATCATGGTTA,368664,CCCGATTAGTTACCGC
2258,GACCTGCAGACAACGA,368965,CCAAAGGTCTTTAGCG
2259,GACGCAACACAAACTT,369823,TAGGCTTGTCAATACC
2260,GACGCCTAGCCGGTAC,370192,CGATTATTCCTACTAG
2261,GACGTAAAGCATGTCG,370561,TTGGCTATCCCTCGTC
2262,GACGTAAAGCTATTGA,370617,TTGGCTATCCAGGTGA
2263,GACGTAAAGGGACTAA,370720,TTGGCTATCCGCCTAG
2264,GACGTAAAGTAGCGGG,370784,TTGGCTATCTAACCGC
2265,GACGTAAAGTAGGATG,370786,TTGGCTATCTAGTTAC
2266,GACTAATGTGCTCCGT,371067,GGTGTACCAACAAGTT
2267,GACTAATGTTGTTCAC,371213,GGTGTACCAAATAAGG
2268,GACTATTCAATAGTCT,371330,TTCGCAGGTGTCCTGA
2269,GACTATTCACAACAAA,371361,TTCGCAGGTTACGAAG
2270,GACTATTCACACAATT,371369,TTCGCAGGTCGGTTTG
2271,GACTATTCACAGAACG,371373,TTCGCAGGTATTCAGC
2272,GACTTGGTCAGCACGC,372840,AGAGCAAAGTTATGGA
2273,GACTTGGTCCTCAGTC,372980,AGAGCAAAGAAGCAAG
2274,GAGAACCAGAGAAGGG,373577,GTATTGTTCCCAAAGG
2275,GAGAACCAGCCACATG,373634,GTATTGTTCTTGTTGG
2276,GAGAACCAGGCGGATG,373769,GTATTGTTCTAACTAC
2277,GAGAGGCGTCCGTGAG,374062,GCAAGGACATGGTTAG
2278,GAGAGGCGTGTAATAC,374158,GCAAGGACAAGCGCTG
2279,GAGATAAGTCGAAGTC,374455,TAGGCTACAACAGAGG
2280,GAGATAAGTTCAAGCA,374610,TAGGCTACAAGCCTCC
2281,GAGCAAATCGAGGAGT,374930,GCTTCTAAGTTCGCGT
2282,GAGCAAGGTCAATAGT,375174,AGATAAGCAGGGAGTA
2283,GAGCATGCACATGCTA,375597,ACCGCGTGTTTGACTA
2284,GAGCATGCAGGAACTG,375696,ACCGCGTGTCCGTTAG
2285,GAGCCACTCCCATAAA,375987,TTGTCATAGTTAGGAC
2286,GAGCCACTCGCAATCG,376091,TTGTCATAGCCGCAAA
2287,GAGCCTTCACAGCCAT,376357,AGAGCCGGTACCTTGG
2288,GAGCCTTCACGAATTT,376394,AGAGCCGGTACCGTGC
2289,GAGCGAAGTAATGACT,376642,CTTCCTCCATCCTCAG
2290,GAGCGAAGTGAGCACT,376787,CTTCCTCCAATAGAAG
2291,GAGCGAAGTGATGATT,376795,CTTCCTCCATCAGTTC
2292,GAGCGATAGCACAGAA,377056,AATGCAATCTTAAGGA
2293,GAGCGATAGCATGTTA,377076,AATGCAATCAAACTTC
2294,GAGCGATAGGGATGAC,377235,AATGCAATCACAGCAG
2295,GAGCGATAGTTAGAGG,377352,AATGCAATCTAAGCTT
2296,GAGCGGTCAATTAACC,377478,GACAAGCGTATCGGCC
2297,GAGCGGTCATAATCCG,377675,GACAAGCGTGCTTTAA
2298,GAGCTAGCAACACCTA,377791,GATCCTGGTTTCCTCA
2299,GAGCTAGCACTCGCTC,377944,GATCCTGGTTGTTCCC
2300,GAGCTAGCATGCTATG,378106,GATCCTGGTCACCAGC
2301,GAGCTAGCATTATGAC,378130,GATCCTGGTTGGGTAA
2302,GAGCTGCTCATTAGGC,378256,TCAAGCGAGCTTGCTA
2303,GAGCTGCTCGCAACAT,378392,TCAAGCGAGATTCGTT
2304,GAGCTGCTCTCACTCA,378483,TCAAGCGAGCCTTTCT
2305,GAGCTTAGTAGCTAGC,378589,ATAAAGGCAATTGACG
2306,GAGCTTAGTCAGGAAG,378637,ATAAAGGCAGGTATTG
2307,GAGCTTAGTCGCAAAC,378676,ATAAAGGCAGGATAAA
2308,GAGCTTGTCAATGACC,378938,AGCCTCTAGACTAATG
2309,GAGCTTGTCTTCAATC,379282,AGCCTCTAGAAGCTAC
2310,GAGGACTAGCAACATC,379351,TAATTGCTCCAAGTGG
2311,GAGGAGGCAACAGGAT,379712,CGCAATTGTAGTTACC
2312,GAGGAGGCACGTAAGG,379850,CGCAATTGTCCGGTTA
2313,GAGGAGGCATAGACCC,379984,CGCAATTGTAAAGGTT
2314,GAGGAGGCATCCCTCA,380005,CGCAATTGTTAAGTCC
2315,GAGGCAAGTCTATCGT,380221,CGCTGGACAGTGAACC
2316,GAGGCAAGTTTCCTCC,380433,CGCTGGACATCCTGCA
2317,GAGGCAAGTTTGCAGA,380439,CGCTGGACAAGGAATA
2318,GAGGCCTTCAACAAGG,380457,GCTATTTAGCAAGTGT
2319,GAGGCCTTCCTAGTCC,380641,GCTATTTAGCGAAGCC
2320,GAGGCTACACAAAGCG,380943,TAGAGGCGTACAAACG
2321,GAGGCTACACGAATTT,380996,TAGAGGCGTACCGTGC
2322,GAGGCTACAGGACCTT,381071,TAGAGGCGTTGCTCTC
2323,GAGGCTACATCCGTAA,381156,TAGAGGCGTACGTAAG
2324,GAGGCTACATTGCGTA,381208,TAGAGGCGTGTGATTC
2325,GAGGCTACATTGTGAT,381212,TAGAGGCGTGTAATGG
2326,GAGGCTTGTCGCAATA,381361,GGGATGACACATTACC
2327,GAGGCTTGTTGCGCGA,381543,GGGATGACACTAGCTT
2328,GAGGGAGCACCAGGTT,381740,ATTGCGTGTTTGCTGG
2329,GAGGGAGCAGGCGATA,381848,ATTGCGTGTGGATTGA
2330,GAGGGAGCATATTGAC,381910,ATTGCGTGTGCCGGAA
2331,GAGGTACAGGCATTGT,382189,CGTAAGGTCCTTCGGG
2332,GAGGTACAGGGTTATC,382235,CGTAAGGTCGTCCTAA
2333,GAGGTACAGGTCCAAT,382244,CGTAAGGTCCACAATT
2334,GAGGTACAGTTCCTCA,382351,CGTAAGGTCCTTAGTG
2335,GAGGTAGGTCATCAAG,382478,CTGCTCACAGCTCAAA
2336,GAGGTAGGTCTCAGCC,382523,CTGCTCACAACAAAGA
2337,GAGGTAGGTTGGATAT,382698,CTGCTCACAATGTCAG
2338,GAGGTAGGTTTAGCTC,382724,CTGCTCACAGCAAGCT
2339,GAGGTGAGTAGGTTTG,382813,TGTTGCTCACCAACAA
2340,GAGGTGAGTCATTGTC,382869,TGTTGCTCAATTGCCT
2341,GAGGTGAGTTATGTGG,383041,TGTTGCTCATCCTGTG
2342,GAGGTTAAGACACTTA,383150,TTGCTTCTCCTAAGCC
2343,GAGGTTAAGCACGTTG,383195,TTGCTTCTCGGCTATC
2344,GAGTAATAGGATCCGC,384092,AGCGCAATCAGGTCGA
2345,GAGTAATAGGGTTAGA,384150,AGCGCAATCCAGCTAC
2346,GAGTATCTCAGCCAAT,384342,CCCACATAGGTTCCCG
2347,GAGTCATTCTTAGCCC,385412,TTTCAGTAGTCTTAGT
2348,GAGTGAGGTTGGATAT,385766,AGTAACTCAATGTCAG
2349,GAGTGATCAAGGTCCT,385880,ACATTGCGTTTGGCTG
2350,GAGTGATCACACAATT,385937,ACATTGCGTCGGTTTG
2351,GAGTGATCACCTGGTG,385976,ACATTGCGTTAATCCA
2352,GAGTGATCACTTAACG,386001,ACATTGCGTAAGTCCT
2353,GAGTGATCAGGAACTG,386050,ACATTGCGTCCGTTAG
2354,GAGTGATCAGGTCCTG,386076,ACATTGCGTCACGCAC
2355,GAGTGTTTCATGACCG,386288,CGAGCTAAGTCAAGAC
2356,GAGTGTTTCCGTAAAC,386378,CGAGCTAAGCGCTCCA
2357,GAGTGTTTCCTCACAC,386395,CGAGCTAAGCACCTTA
2358,GAGTGTTTCGAGCTAT,386432,CGAGCTAAGGTATGTA
2359,GAGTGTTTCGGTCAAT,386476,CGAGCTAAGTTTACGT
2360,GAGTGTTTCGTTATAG,386499,CGAGCTAAGGATAACC
2361,GAGTGTTTCTGGCATG,386549,CGAGCTAAGTATAGTG
2362,GAGTGTTTCTTAGTCT,386566,CGAGCTAAGATTGAGC
2363,GAGTTACTCACTTCAT,386636,AATATCGAGTGTCCAC
2364,GAGTTACTCATTAGGC,386692,AATATCGAGCTTGCTA
2365,GAGTTACTCCCATAAA,386725,AATATCGAGTTAGGAC
2366,GAGTTACTCGCTAGAT,386841,AATATCGAGAATGACC
2367,GAGTTGCGTGTTGTAG,387210,TCGAAGCCACTATACC
2368,GAGTTTGGTAATAGCT,387372,GTCAAGCCATGAGCCG
2369,GAGTTTGGTTCGGTAA,387664,GTCAAGCCAAACAAAG
2370,GAGTTTGGTTTATTCG,387713,GTCAAGCCATATGGTG
2371,GATAAAGGTGCGCATG,387927,TGTCATCCACAACATG
2372,GATAAAGGTTAGGCGT,388014,TGTCATCCATACTGAG
2373,GATAACGAGCCTAACG,388209,ACACCGTTCGTCCTTT
2374,GATAAGCCAACCCTAA,388531,GCATTACGTTCCGGGT
2375,GATAAGCCACTTAACG,388683,GCATTACGTAAGTCCT
2376,GATAAGCCAGTTTACG,388781,GCATTACGTAGACTAG
2377,GATAAGCCATAGACCC,388800,GCATTACGTAAAGGTT
2378,GATAATCGTCCTAACT,389013,GGAGTAGCACCTTCAG
2379,GATCAAGAGCTACTGG,389778,GCTTGCGTCGTGATGG
2380,GATCAAGAGTCATTAG,389970,GCTTGCGTCATTAAGG
2381,GATCACTAGACTAAGG,390056,CTGGGAATCACAATAG
2382,GATCACTAGGAAGTAT,390201,CTGGGAATCTTGCTCT
2383,GATCAGGCACATACTG,390549,CCATAACGTCGGTTCA
2384,GATCAGTTCATTGTCT,390915,GGGATTTAGGGCTATG
2385,GATCAGTTCCCTTGCG,390962,GGGATTTAGCTTGTTG
2386,GATCAGTTCGCCTGTT,391052,GGGATTTAGCCTTCAA
2387,GATCCGTCACGTTACA,391355,GTCCTTCGTTACAGCT
2388,GATCCGTCACTAAATC,391356,GTCCTTCGTTTACCAA
2389,GATCCGTCACTCAACA,391363,GTCCTTCGTTAACCAC
2390,GATCCGTCAGCCTGCA,391405,GTCCTTCGTTTCTAAG
2391,GATCCGTCAGTAGCCT,391454,GTCCTTCGTTGCTCAG
2392,GATCCGTCATGTTTGG,391540,GTCCTTCGTTTATCCT
2393,GATCCGTCATTATGAC,391550,GTCCTTCGTTGGGTAA
2394,GATCGAGCAACTAGAA,391608,TCGTTAAGTTAACTGC
2395,GATCGATTCACGTTAA,391998,AGGGTTTAGCTCCTAA
2396,GATCGATTCAGGATGA,392016,AGGGTTTAGGGCTTTC
2397,GATCGATTCCCGCCTA,392099,AGGGTTTAGCCTAGTC
2398,GATCGATTCTTGCAAA,392325,AGGGTTTAGTACTGGG
2399,GATCGCTCACATAGCC,392470,GGTGGATGTAATCCCG
2400,GATCGCTCAGCCTAAC,392556,GGTGGATGTAAACCAG
2401,GATCGCTCATGCTATG,392678,GGTGGATGTCACCAGC
2402,GATGACTTCCCGCATT,392866,TTAGCGGAGTTAGGCG
2403,GATGACTTCTCACTAT,393054,TTAGCGGAGGGAGCAG
2404,GATGACTTCTCGACCT,393061,TTAGCGGAGTATTTGC
2405,GATGAGGGTTACATCC,393368,CTCACCACAACAACAT
2406,GATGAGGGTTTAACCC,393456,CTCACCACATTAGCGA
2407,GATGCAGCACTCAACA,393665,GGTAAGCGTTAACCAC
2408,GATGCAGCAGAGGCTA,393684,GGTAAGCGTAAGTGCA
2409,GATGCAGCATGACTAT,393822,GGTAAGCGTTAGCTCG
2410,GATGCATTCAGCAAAG,393925,CGCCTCAAGTAATGCA
2411,GATGCATTCCCGTTTA,394020,CGCCTCAAGCAAGGAA
2412,GATGCATTCCCTGTTA,394031,CGCCTCAAGCCAGTAG
2413,GATGCATTCTCACATT,394203,CGCCTCAAGTCCTCCC
2414,GATGCTTAGCGCTCAA,394756,TCAGGGATCGCTTGTA
2415,GATGCTTAGCTGGCTA,394785,TCAGGGATCTGGAAAC
2416,GATGGACAGACAAGTG,395040,TGCATGCTCCTCACTT
2417,GATGGACAGCATGGTT,395100,TGCATGCTCATCCTCT
2418,GATGGACAGCTAAAGG,395148,TGCATGCTCGCTCAGT
2419,GATGGACAGCTTCCCG,395178,TGCATGCTCATTCAGT
2420,GATGGCTGTATTCGTC,395483,CCATCATCACTAATCC
2421,GATGGCTGTCCCGGAA,395532,CCATCATCAAATGAAG
2422,GATGGCTGTGCTAGCG,395604,CCATCATCAATGACCA
2423,GATTAAGCAATTGAAG,395891,GTTCCTCGTAGTCCTG
2424,GATTAAGCACCCACAG,395932,GTTCCTCGTCGCAACC
2425,GATTACTCACTAAGTT,396729,ATGCTTAGTTGCTTCC
2426,GATTACTCAGCAATAA,396762,ATGCTTAGTACGTTTA
2427,GATTACTCAGGCGATA,396804,ATGCTTAGTGGATTGA
2428,GATTAGTGTAATGACT,397350,CTATCCGCATCCTCAG
2429,GATTAGTGTCCTCCAA,397457,CTATCCGCAGAGAGGC
2430,GATTAGTGTTAGCTGA,397601,CTATCCGCAACGGTAC
2431,GATTATGTCGTTTCCA,398006,CTTGGTCAGCCGCTAT
2432,GATTATGTCTAAGTCA,398015,CTTGGTCAGCACTAAA
2433,GATTCAATCGTCCTTA,398377,ATATGCAAGCGGGAAG
2434,GATTCAATCTTGGACG,398465,ATATGCAAGAATCACA
2435,GATTCAGGTACCAGGT,398506,ACATAGTCATAATCGG
2436,GATTCAGGTCCTAATC,398605,ACATAGTCACGGTAAC
2437,GATTCAGGTTAACGAT,398723,ACATAGTCAGTTTCCG
2438,GATTCAGGTTAACGGC,398724,ACATAGTCACTTAGGA
2439,GATTCAGGTTCATTTG,398773,ACATAGTCAAGGCTTA
2440,GATTCAGGTTCGCTTG,398784,ACATAGTCACTTGCTG
2441,GATTCAGGTTGCACGG,398795,ACATAGTCAGGTCAAC
2442,GATTCGCCAATATAGG,399704,CAGCTATGTTACGTAC
2443,GATTCGCCAGGAACCA,399853,CAGCTATGTTATGTTG
2444,GATTGATGTACGTTTC,400049,TGGCCAGCATTTCTTC
2445,GATTGCAGTATTCGTC,400463,TGTGCGGCACTAATCC
2446,GATTGCGTCCGGTTGA,400945,TACGCCTAGTGGCCAA
2447,GATTGCGTCCTTAAGA,400982,TACGCCTAGCCAAACG
2448,GATTGCGTCGGTTTCC,401050,TACGCCTAGTTTCTCC
2449,GATTGCGTCTCCTCTT,401108,TACGCCTAGCTGCATC
2450,GATTGGTTCCGCACAA,401700,TGACAACAGTAAACTG
2451,GATTGGTTCGTGCCTT,401824,TGACAACAGGACACGC
2452,GATTGTTCAAGGACCA,401975,TTCGCGAGTAACCGCC
2453,GATTGTTCACGGTTTA,402085,TTCGCGAGTTCGCTTC
2454,GATTGTTCAGTTTGGC,402203,TTCGCGAGTCGGTTAT
2455,GATTTGCAGCAGGTGG,402374,TGAGGCATCGCGACTT
2456,GCAAACAAGGTTAGCT,402966,GATATGATCTAACCAT
2457,GCAAACAAGTAGGCGG,402991,GATATGATCCCGCTGA
2458,GCAAACAAGTTGGCCA,403060,GATATGATCCTTATGG
2459,GCAAACCGTTCAAGCA,403366,CCTCCAACAAGCCTCC
2460,GCAAACTTCGCTAAAC,403707,CAGGTCAAGGTGCACA
2461,GCAAGCCTCATGCTCC,404315,CTCGACTAGCTCCCTC
2462,GCAAGCCTCCAGCACA,404351,CTCGACTAGTAGGTTA
2463,GCAAGCCTCGCCTAAG,404471,CTCGACTAGTAAAGGG
2464,GCAAGTCGTAACCACA,404612,GAATCGCCATCATCAC
2465,GCAAGTCGTCGTAAAT,404752,GAATCGCCATTTCATG
2466,GCAAGTCGTTACAAAC,404866,GAATCGCCATTAGCAG
2467,GCAAGTCGTTAGCCAA,404881,GAATCGCCAAAGTGAA
2468,GCAAGTGCAAAGCGCA,405001,TTAGGCTGTTGCTCCT
2469,GCAAGTGCACGTAATT,405155,TTAGGCTGTTCCTCAC
2470,GCAAGTGCATTAGCGC,405348,TTAGGCTGTACTGATC
2471,GCAATAGAGACAACAG,405386,CCCTGGATCAACAACA
2472,GCAATAGAGCACAGGG,405432,CCCTGGATCCAATTGT
2473,GCAATAGAGCTCAATA,405507,CCCTGGATCATGGTCC
2474,GCAATAGAGGCGGGTA,405592,CCCTGGATCAATACAG
2475,GCAATAGAGGGCTTTG,405616,CCCTGGATCAATAGCA
2476,GCAATAGAGGTGTTAC,405646,CCCTGGATCGCAATCC
2477,GCAATCTAGCATGTTA,406216,ACACTTGTCAAACTTC
2478,GCAATCTAGCGGATTT,406256,ACACTTGTCCAAACTT
2479,GCAATGAAGGAACACA,406682,GGTTCACTCAGCAATA
2480,GCAATGAAGTCATGCG,406841,GGTTCACTCACAAAGC
2481,GCAATGTTCAGGGCCT,406971,GCTGGACAGCCGATAG
2482,GCAATGTTCATGCTCC,406999,GCTGGACAGCTCCCTC
2483,GCAATGTTCTGCAAGT,407251,GCTGGACAGTTTGAGA
2484,GCACATTAGCATGTCG,407367,CGAAATATCCCTCGTC
2485,GCACATTAGCTAATTG,407417,CGAAATATCCTAGTGC
2486,GCACATTAGCTATTGA,407423,CGAAATATCCAGGTGA
2487,GCACATTAGCTCATAA,407426,CGAAATATCCCTGTGG
2488,GCACATTAGCTCCTTA,407429,CGAAATATCGAAGCAT
2489,GCACATTAGGCCTGGT,407501,CGAAATATCCTTGCAA
2490,GCACATTAGTAACGAG,407577,CGAAATATCTATCGGC
2491,GCACCTAAGCTGTCAG,407822,TTAGGTTTCGCGAGTA
2492,GCACGAACACTAGCGT,408232,GTAATCCGTGCTCACA
2493,GCACGAACAGCAAGTG,408263,GTAATCCGTCTAATCA
2494,GCACGCTAGATTGAGG,408490,AATATCCTCAAGCCAG
2495,GCACGCTAGGAGCACG,408623,AATATCCTCTAGTTCG
2496,GCACGCTAGGCATGTT,408645,AATATCCTCACCTATG
2497,GCACGCTAGGTGTTAC,408716,AATATCCTCGCAATCC
2498,GCACGCTAGTGAACGA,408776,AATATCCTCTGGATCC
2499,GCACGGTTCGCCTAAG,409075,AGCCTAGAGTAAAGGG
2500,GCACGGTTCGCTAAAC,409079,AGCCTAGAGGTGCACA
2501,GCACGGTTCTTCAATC,409192,AGCCTAGAGAAGCTAC
2502,GCACGGTTCTTGTTCG,409205,AGCCTAGAGCTGCTAC
2503,GCACTAAGTAATGACT,409236,CACATAGCATCCTCAG
2504,GCACTAAGTGATGAGG,409388,CACATAGCAGTTAAAC
2505,GCACTAAGTGCGCATG,409403,CACATAGCACAACATG
2506,GCACTAAGTTGGTTAG,409546,CACATAGCAGCTAGCG
2507,GCACTTACAAACCTTG,409597,AGTAGGCGTCCTCCAT
2508,GCACTTACAACACCTA,409617,AGTAGGCGTTTCCTCA
2509,GCACTTACACGTAAGG,409758,AGTAGGCGTCCGGTTA
2510,GCACTTACACTCGCTC,409770,AGTAGGCGTTGTTCCC
2511,GCACTTACACTTGTTC,409780,AGTAGGCGTGGTTACT
2512,GCAGCAACAGGCTAGA,410227,CCTTCTAGTTGGCGGA
2513,GCAGCAACAGGGAGCT,410231,CCTTCTAGTGAGCATA
2514,GCAGCCAGTCACCTAT,410459,AGTTGGCCATCAGGAC
2515,GCAGCCAGTGTTTCAC,410602,AGTTGGCCAAGGATTT
2516,GCAGGAAGTCTTGCAT,411283,GTTCCGCCAGAATCTG
2517,GCAGGAAGTGTAATAC,411350,GTTCCGCCAAGCGCTG
2518,GCAGGACCAAGCTACC,411559,GCTCAATGTGGCTTCA
2519,GCAGGACCAATAAGCA,411582,GCTCAATGTTAACGGA
2520,GCAGGACCAATATACC,411589,GCTCAATGTAGGCGCA
2521,GCAGGACCATGTCAGC,411856,GCTCAATGTTAGTTTG
2522,GCAGGATAGACTTATG,411918,GTAGCCTTCGCTTGAC
2523,GCAGGCAAGGAGTCTT,412465,GTCTAGCTCGATAAGC
2524,GCAGGCTTCATAACCA,412731,ATAACCAAGGCTTTCA
2525,GCAGGCTTCGCATTAA,412908,ATAACCAAGCTAGTTT
2526,GCAGGCTTCTGTAAGC,413010,ATAACCAAGTTAACCT
2527,GCAGGTGAGCATTTCT,413125,GAGCATGTCCAAATTC
2528,GCAGGTGAGCCTGGTA,413144,GAGCATGTCGAAGTTA
2529,GCAGGTGAGGCGGATG,413263,GAGCATGTCTAACTAC
2530,GCAGGTGAGGTGTCCA,413317,GAGCATGTCCTCACGG
2531,GCAGGTTGTACTGAAT,413473,TTGCCTGCAAACCAGC
2532,GCAGGTTGTCATTACC,413544,TTGCCTGCAGTTGGCG
2533,GCAGGTTGTGTTGTAG,413668,TTGCCTGCACTATACC
2534,GCATATATCACACAGT,413839,ATTGGCGAGTCCCGCA
2535,GCATATATCATGTCAA,413909,ATTGGCGAGTGCTCAC
2536,GCATATATCGGCTATG,414077,ATTGGCGAGTGGCTTC
2537,GCATATATCGGGCCAT,414081,ATTGGCGAGCATATTC
2538,GCATATATCGGTCAAT,414084,ATTGGCGAGTTTACGT
2539,GCATCCTTCGATTTGA,414434,AAGTTTGAGGTGGCTA
2540,GCATCCTTCGGGACCT,414462,AAGTTTGAGCTGGATG
2541,GCATCCTTCTGTTCAT,414549,AAGTTTGAGTTAGTAG
2542,GCATGAAAGGCTAATC,414801,CAAACCCTCCGTCCAG
2543,GCATGAGCAGCAAATA,415162,CCGTCAAGTTGCGTGC
2544,GCATTAGGTAGGATTT,415405,ATTGGATCATATTGCC
2545,GCATTAGGTCTATCGT,415499,ATTGGATCAGTGAACC
2546,GCATTAGGTGCTCCGT,415545,ATTGGATCAACAAGTT
2547,GCATTGCCAATTAACC,415824,TAACCACGTATCGGCC
2548,GCATTGCCAATTATGC,415828,TAACCACGTTGTCATA
2549,GCATTGCCAGGCATCT,415970,TAACCACGTAGGTTTC
2550,GCATTGCCAGTCTAGC,416001,TAACCACGTATAGTGG
2551,GCATTGCCAGTCTATG,416002,TAACCACGTTGACCAT
2552,GCCAACATCATAATCG,416187,ATCACAAAGCTCAAGG
2553,GCCAACATCGGTACGC,416385,ATCACAAAGCCATAAA
2554,GCCAATTAGATAGACG,416921,AATATGGTCATAATGG
2555,GCCAATTAGCCTGAGC,416976,AATATGGTCCTTCATC
2556,GCCAATTAGCTTATGA,417031,AATATGGTCACTAATC
2557,GCCACAATCAAGCCTG,417272,GCAATTAAGATTCACT
2558,GCCACAATCCTAAGAC,417445,GCAATTAAGTCAATAG
2559,GCCACAATCGTAATCA,417545,GCAATTAAGGTTGCGA
2560,GCCACACAGAGCCGCT,417678,TGCTCCCTCCGCTAGT
2561,GCCACACAGCTGTAAC,417792,TGCTCCCTCTCGACTA
2562,GCCACACAGTGTTGCG,417994,TGCTCCCTCGCTAATT
2563,GCCACTAAGCATTATG,418110,GTACCGTTCTCCTCAT
2564,GCCACTAAGGCTGTCA,418260,GTACCGTTCTTGCAGC
2565,GCCACTAAGTAACTCA,418319,GTACCGTTCCCTGGTG
2566,GCCACTAAGTCAATTG,418340,GTACCGTTCTTTGGTG
2567,GCCACTAAGTTTCCGC,418408,GTACCGTTCCCGCACA
2568,GCCAGGTTCCGCCAAA,418964,GAGGAGTAGCCTGGTT
2569,GCCAGGTTCTTGTCTG,419176,GAGGAGTAGGGATTTA
2570,GCCATGATCAAGTGAG,419197,CGGCTTTAGCAGCTCT
2571,GCCATGATCATGGTTA,419280,CGGCTTTAGTTACCGC
2572,GCCATGATCCATAAGC,419316,CGGCTTTAGGAGCTTG
2573,GCCATGATCTTGGATA,419558,CGGCTTTAGCCTAATT
2574,GCCATTACACAGGGAC,419695,ATCCCTCGTAAACCGA
2575,GCCATTACAGCATTAT,419780,ATCCCTCGTTGAGGGT
2576,GCCATTACATCCATCT,419885,ATCCCTCGTCACTCAG
2577,GCCATTACATCCCTCA,419887,ATCCCTCGTTAAGTCC
2578,GCCCAAATCAGCACCA,420005,AAGACTCAGTGTTTGT
2579,GCCCAAATCCGGTTAG,420124,AAGACTCAGGGTCCAA
2580,GCCCATAAGGCGGATG,420553,AGCTACCTCTAACTAC
2581,GCCCATAAGGTGAAGC,420603,AGCTACCTCATAGCCC
2582,GCCCATAAGTTACCGG,420685,AGCTACCTCCCTGATA
2583,GCCGTGAGTCTTACTA,421640,CATAAACCAAGCTATG
2584,GCCGTGAGTGATGGCT,421664,CATAAACCATTCATTG
2585,GCCGTGAGTTAGGTTG,421767,CATAAACCATTAACCC
2586,GCCTAATAGCTAATCA,421992,CAGGATGTCGCGCTCA
2587,GCCTAATAGCTTTGTT,422024,CAGGATGTCAAATCAG
2588,GCCTAATAGTAACAGG,422150,CAGGATGTCGCTTCAA
2589,GCCTAATAGTGAGCAA,422204,CAGGATGTCTAATCGT
2590,GCCTAATAGTTCCCGT,422232,CAGGATGTCCTAATGT
2591,GCCTACTTCAGGCTAT,422314,GAGGTGGAGGCACGTA
2592,GCCTACTTCGCTTCTA,422512,GAGGTGGAGGATTGGT
2593,GCCTATTGTAGTTGGC,422702,GGTGTTACAAGGGCTT
2594,GCCTATTGTCAATAGT,422726,GGTGTTACAGGGAGTA
2595,GCCTATTGTGTGCACG,422866,GGTGTTACAATACCCT
2596,GCCTCAAAGACAGGTA,423036,CACAGGATCATCAGCC
2597,GCCTCAAAGCGCTCAA,423132,CACAGGATCGCTTGTA
2598,GCCTCAAAGTTAGAGG,423370,CACAGGATCTAAGCTT
2599,GCCTCGACAACCCTCC,423816,GAGCACGGTTCCATTT
2600,GCCTGACAGAGAGCCG,424196,GAATATGTCTAGGAAC
2601,GCCTGACAGGACGTAA,424345,GAATATGTCCTGTGAC
2602,GCCTGACAGGTAAGCA,424421,GAATATGTCGTACCTA
2603,GCCTGACAGTAAAGGT,424451,GAATATGTCTAAGCGG
2604,GCCTGAGGTAATCGCA,424575,AGGTGAGCAACGGGAA
2605,GCCTGAGGTCACACCC,424647,AGGTGAGCAAGCCATA
2606,GCCTGCTGTGGATGTC,425144,CCTCAGCCAGCTAGAC
2607,GCCTGCTGTTTACGTC,425287,CCTCAGCCAATCGTGA
2608,GCCTGTGCATGGAGGC,425659,ATTCCGGGTGAGGTAC
2609,GCCTGTGCATGGTTAT,425662,ATTCCGGGTCATTATG
2610,GCCTGTGCATTAGCCA,425675,ATTCCGGGTCCATTAA
2611,GCCTTAACAGCAAGGC,425904,GCAATCTGTCGCATAT
2612,GCCTTACTCACTTTAC,426135,CTAGCCTAGGAACCTG
2613,GCCTTACTCAGGATGA,426146,CTAGCCTAGGGCTTTC
2614,GCCTTACTCATGCGTG,426175,CTAGCCTAGCTAATCT
2615,GCCTTACTCGCTCACT,426344,CTAGCCTAGAAACCTA
2616,GCCTTACTCTCCTCTT,426422,CTAGCCTAGCTGCATC
2617,GCCTTAGAGCTGGCTA,426613,TCCGTAATCTGGAAAC
2618,GCCTTAGAGGCGGGTA,426688,TCCGTAATCAATACAG
2619,GCCTTAGAGGTGAAAT,426736,TCCGTAATCTCAATCG
2620,GCCTTGCGTTGCGCGA,427177,CCAAATGCACTAGCTT
2621,GCCTTTATCAAGCGCC,427245,GTTGTGGAGCCTGTCG
2622,GCCTTTATCATAGCCG,427311,GTTGTGGAGGAGCAAA
2623,GCCTTTATCATTACGA,427337,GTTGTGGAGGCACTAG
2624,GCCTTTATCTAGCTAA,427555,GTTGTGGAGGAGGGTG
2625,GCCTTTGGTGGAAGGC,427824,ACTTGCTCAGCCAGTG
2626,GCGAAGCCAAGGTGCA,428064,TAAGCCTGTGCGTAAA
2627,GCGAAGCCAAGTAAGC,428066,TAAGCCTGTTAGCGTT
2628,GCGAAGCCACGTTACA,428169,TAAGCCTGTTACAGCT
2629,GCGAAGCCATTCAGCA,428367,TAAGCCTGTAAGGGCT
2630,GCGAAGCCATTGTGCA,428379,TAAGCCTGTTAGCCAT
2631,GCGAAGTAGCCGCAAC,428472,CCTCATTTCTTTGGGC
2632,GCGAAGTAGCTTAACA,428533,CCTCATTTCCGTTAGC
2633,GCGAAGTAGGATCACT,428575,CCTCATTTCATTATGC
2634,GCGAAGTAGTCAGGCC,428700,CCTCATTTCAAGGTCG
2635,GCGAGTGAGTGAACCT,429101,GTGTTGCTCAGGGCTA
2636,GCGATATTCGTCCTTA,429439,CACTGTCAGCGGGAAG
2637,GCGATATTCGTTAAGC,429444,CACTGTCAGCAAATCA
2638,GCGATTAGTAATAGCT,429556,AACTGGCCATGAGCCG
2639,GCGATTAGTCATGCAA,429650,AACTGGCCAAGCCTGG
2640,GCGATTAGTTTGCAGA,429907,AACTGGCCAAGGAATA
2641,GCGATTTAGATTGAGG,429966,ATTTGGTTCAAGCCAG
2642,GCGATTTAGCTTCCCG,430072,ATTTGGTTCATTCAGT
2643,GCGATTTAGGCTACTG,430143,ATTTGGTTCCTTGAGC
2644,GCGATTTAGGTAAGCA,430171,ATTTGGTTCGTACCTA
2645,GCGATTTAGTAACCAC,430203,ATTTGGTTCTCAAACT
2646,GCGCAAACAACCTAAT,430336,TAGAAACGTAGCTTAC
2647,GCGCAAACAGCTAATT,430525,TAGAAACGTATTTACG
2648,GCGCAAACATTAAGCT,430659,TAGAAACGTGCTCCTT
2649,GCGCAATGTACTGATG,430732,ATCCCGCCAGTTCCTG
2650,GCGCGATTCGGTTCCT,431729,ACTTTGTAGGCTCAAG
2651,GCGCGATTCTAATCAG,431761,ACTTTGTAGTATTGGA
2652,GCGCGATTCTTGGACG,431825,ACTTTGTAGAATCACA
2653,GCGCGATTCTTGTCCA,431827,ACTTTGTAGTGCGGTA
2654,GCGCTAGGTTTGCGCC,432207,CTAACAGCATTACAGG
2655,GCGCTTAAGGAGCACG,432397,GTTATGTTCTAGTTCG
2656,GCGCTTAAGGATGATG,432409,GTTATGTTCCGTCCCT
2657,GCGGAACCAAGGAATC,433038,CTTATGAGTCAACCGC
2658,GCGGAACCACATTAAC,433118,CTTATGAGTTCACGCA
2659,GCGGATACAATGCGCT,433463,CTGTTAAGTTTCACCC
2660,GCGGATACACAGGGAC,433497,CTGTTAAGTAAACCGA
2661,GCGGGTTTCCTGTTCA,433963,TGAGCTGAGGTATAGC
2662,GCGGGTTTCGGTTAGT,434030,TGAGCTGAGTCATGAA
2663,GCGGTTATCCTAATTC,434324,GTATAGCAGCTTGAAA
2664,GCGGTTATCGCATTAA,434384,GTATAGCAGCTAGTTT
2665,GCGGTTGGTATTACCC,434593,GTTCTGTCACCTTAGT
2666,GCGGTTGGTGCGCAAT,434712,GTTCTGTCATAAGCCA
2667,GCGTAACGTACAATGT,434933,GATTAGTCACTCAATC
2668,GCGTAACGTCATGCAA,435016,GATTAGTCAAGCCTGG
2669,GCGTGCTAGCCTGAGC,435382,CACAATTTCCTTCATC
2670,GCGTGCTAGGCGGGTA,435504,CACAATTTCAATACAG
2671,GCGTTTCTCTCGCCTG,436009,TGGCATGAGCTTTAAC
2672,GCTAACCCACAACAAA,436545,TGGACAAGTTACGAAG
2673,GCTAACCCAGGCTTGT,436688,TGGACAAGTTGCAAGA
2674,GCTAAGAAGACACTTA,436836,GTGATAATCCTAAGCC
2675,GCTAAGCGTTTACTTG,437556,TCGCGCTCATCAATCC
2676,GCTAAGTTCATTAGCA,437689,GTGAGTTAGCTATATC
2677,GCTAAGTTCGTGCCTT,437872,GTGAGTTAGGACACGC
2678,GCTAATATCGAGGAGT,438200,AGCCAATAGTTCGCGT
2679,GCTAATATCTCACTCA,438301,AGCCAATAGCCTTTCT
2680,GCTAGCCAGAGGGACT,438391,TACCGGTTCCCACCTC
2681,GCTAGCCAGCACGATT,438414,TACCGGTTCTAACTCG
2682,GCTAGCCAGCTTTGTT,438510,TACCGGTTCAAATCAG
2683,GCTAGCCAGGAACCAA,438513,TACCGGTTCAAGGTTA
2684,GCTAGCGGTGTTGCTT,438975,TGCTACTCATACTTGC
2685,GCTAGCTCACAATGTT,439235,GAGGTTAGTTAAAGAC
2686,GCTAGTGTCCATCAGG,439638,GGTCATGAGGCTAAAC
2687,GCTAGTGTCCTTGAGG,439721,GGTCATGAGTATCCGC
2688,GCTAGTGTCGGGCCAT,439773,GGTCATGAGCATATTC
2689,GCTATCCTCACGCATG,440309,AAGCGGGAGTTACCCA
2690,GCTATCCTCCGCCAAA,440434,AAGCGGGAGCCTGGTT
2691,GCTATCCTCCGTTATT,440448,AAGCGGGAGTGCTGAG
2692,GCTATCCTCCTGATGG,440473,AAGCGGGAGTAGTTAG
2693,GCTATCCTCTGTAATG,440619,AAGCGGGAGTCGCGAA
2694,GCTATTGCAATAATGG,440728,ACCGGCTGTCAATTCA
2695,GCTATTGCAATAGTCT,440732,ACCGGCTGTGTCCTGA
2696,GCTCAACCACATTAAC,441170,CCGTTAGGTTCACGCA
2697,GCTCACAAGCATCCAG,441492,GTCCTGGTCATCAGTT
2698,GCTCACAAGGCCCAGT,441628,GTCCTGGTCAATCCAT
2699,GCTCACAAGGGTGAGT,441668,GTCCTGGTCACATAGA
2700,GCTCATTGTAAGCTCA,441818,TTCGCGCCATAGCGAC
2701,GCTCATTGTGACCTGG,441971,TTCGCGCCATAGCTTC
2702,GCTCATTGTGATTTGG,441986,TTCGCGCCACTAAGGC
2703,GCTCATTGTTTAGTCC,442161,TTCGCGCCAATACCGA
2704,GCTCATTGTTTGCTGT,442178,TTCGCGCCATTGTGGA
2705,GCTCCTTAGACACTTA,442204,CGAGCAATCCTAAGCC
2706,GCTCCTTAGAGGGACT,442225,CGAGCAATCCCACCTC
2707,GCTCCTTAGGCGCTTA,442404,CGAGCAATCCAATTAC
2708,GCTCCTTAGTTGCGTG,442556,CGAGCAATCATAGCGG
2709,GCTCGATCAATAACCT,442642,ATGGCCCGTCGAGGCA
2710,GCTCGATCAGAGAGCC,442765,ATGGCCCGTAGCTGTT
2711,GCTCGATCAGTTTCTC,442852,ATGGCCCGTCACGATT
2712,GCTCGATCATAATGTC,442866,ATGGCCCGTGCAAGTA
2713,GCTCTGGCACAGGGAC,443083,ATTTGTGGTAAACCGA
2714,GCTCTGGCAGTCTAGC,443227,ATTTGTGGTATAGTGG
2715,GCTCTGGCAGTTAAAG,443230,ATTTGTGGTAAATAGC
2716,GCTCTGGCATAAACCT,443239,ATTTGTGGTGCACCAC
2717,GCTCTGGCATAAGTTC,443245,ATTTGTGGTGGACATA
2718,GCTCTGGCATTGTGTG,443335,ATTTGTGGTTAAAGCG
2719,GCTCTGTTCATGACCG,443424,ATCCGCTAGTCAAGAC
2720,GCTCTGTTCGAGGTGG,443571,ATCCGCTAGTAAGTCA
2721,GCTGACCAGCAGGTTT,444177,AGAGGAATCGCCTAAC
2722,GCTGACCAGCTACTGG,444234,AGAGGAATCGTGATGG
2723,GCTGACCAGCTCAATA,444241,AGAGGAATCATGGTCC
2724,GCTGACCAGTCAATTG,444416,AGAGGAATCTTTGGTG
2725,GCTGACCAGTCATTGA,444427,AGAGGAATCATGATGA
2726,GCTGAGGAGCATCCAG,444562,CATTCCTTCATCAGTT
2727,GCTGATCCAACACCTA,444899,ATCCTTTGTTTCCTCA
2728,GCTGATCCATGAATCT,445207,ATCCTTTGTTTATGTG
2729,GCTGCAATCATCCTCA,445340,TCTGGCTAGAACAAGG
2730,GCTGGATGTAATCGCA,446433,CTTAGTCCAACGGGAA
2731,GCTGGATGTATTGTCC,446490,CTTAGTCCATTAGTGG
2732,GCTGGATGTCATCAAG,446520,CTTAGTCCAGCTCAAA
2733,GCTGGATGTTCACCCA,446706,CTTAGTCCAGCTAACA
2734,GCTGGATGTTGTAAAC,446749,CTTAGTCCAAATCCCT
2735,GCTGGTTCACAACCTA,446905,AACGCCCGTAACCTCG
2736,GCTGTACCAACAGCCT,447585,AAGTGGCGTCGATTAC
2737,GCTGTACCAAGTTATC,447629,AAGTGGCGTTGGCCAC
2738,GCTGTACCAATTAGCT,447656,AAGTGGCGTCCAAATC
2739,GCTGTACCAGCATGTC,447771,AAGTGGCGTTACTTAG
2740,GCTGTACCATAAACCT,447843,AAGTGGCGTGCACCAC
2741,GCTGTACCATGTTGTG,447911,AAGTGGCGTCGTAATC
2742,GCTGTACCATTGCGGT,447931,AAGTGGCGTCATTGAC
2743,GCTGTGATCATAACCA,448013,CTACCTAAGGCTTTCA
2744,GCTGTGATCCAGGTCA,448074,CTACCTAAGAGCTGGC
2745,GCTGTGATCTGTGCCT,448296,CTACCTAAGAGGCTTG
2746,GCTGTGCAGAGAAGGG,448353,CAAAGGTTCCCAAAGG
2747,GCTGTGCAGTAGGATG,448628,CAAAGGTTCTAGTTAC
2748,GCTGTGCAGTCAATCA,448635,CAAAGGTTCCACGTTA
2749,GCTTAAATCAGGCCTA,448773,CTTATCGAGGCCCTTG
2750,GCTTAAATCCTTAAGA,448922,CTTATCGAGCCAAACG
2751,GCTTAAATCGAGGTGG,448943,CTTATCGAGTAAGTCA
2752,GCTTAACAGGCGGGTA,449314,ACCTCAATCAATACAG
2753,GCTTAACAGTTAGCTA,449450,ACCTCAATCGATATTC
2754,GCTTACCTCATTAGCA,449583,GCCACAAAGCTATATC
2755,GCTTACCTCCATAATG,449613,GCCACAAAGGGTTGGC
2756,GCTTACCTCCTTCTAG,449696,GCCACAAAGCTAAGCG
2757,GCTTAGTAGACAGGCG,449881,GATTAAGTCACTATGT
2758,GCTTAGTAGAGAAGGG,449889,GATTAAGTCCCAAAGG
2759,GCTTAGTAGAGGAGTC,449898,GATTAAGTCTACTAAC
2760,GCTTAGTAGCCGCAGT,449951,GATTAAGTCAATTAGG
2761,GCTTAGTAGGAAGTAT,450029,GATTAAGTCTTGCTCT
2762,GCTTAGTAGGAGGCAT,450046,GATTAAGTCTTGTCGA
2763,GCTTATCGTGAGCGAA,450418,ACTCACTCAAGTGGCT
2764,GCTTCGCGTTTGGGTA,451006,TTACACCCACATAGCA
2765,GCTTGACCAAGTAAGC,451076,GGAGCATGTTAGCGTT
2766,GCTTGACCAATTAGGA,451109,GGAGCATGTGGTTAAG
2767,GCTTGACCACACAATT,451129,GGAGCATGTCGGTTTG
2768,GCTTGACCACCTCAGG,451164,GGAGCATGTGAGTTTC
2769,GCTTGACCACGAATCC,451171,GGAGCATGTAACCTTA
2770,GCTTGACCACTTACAG,451194,GGAGCATGTGACCTTG
2771,GCTTGTTGTAAGCTCA,451408,TTGGCTTCATAGCGAC
2772,GCTTGTTGTGATGGCT,451574,TTGGCTTCATTCATTG
2773,GCTTGTTGTTGCTGGG,451722,TTGGCTTCACTCAGTT
2774,GCTTTACGTCCGGTTC,451902,CCTGAAACAAGTAAAG
2775,GCTTTACGTGTGAGAG,452005,CCTGAAACACCTCAAT
2776,GCTTTACGTTAGCCAA,452051,CCTGAAACAAAGTGAA
2777,GCTTTATTCCACCTTA,452286,ATTATGGAGCATAGCG
2778,GCTTTATTCGATTTGA,452398,ATTATGGAGGTGGCTA
2779,GCTTTATTCGCGCTAA,452410,ATTATGGAGCGCTAGA
2780,GCTTTATTCTTAGTGA,452523,ATTATGGAGTGGACCA
2781,GCTTTCATCATGCTAA,452634,TAAGACCAGCTCGACT
2782,GCTTTCATCTAAATCG,452845,TAAGACCAGCTATTGT
2783,GCTTTCATCTGGCATG,452889,TAAGACCAGTATAGTG
2784,GCTTTGTGTGTTTGTC,453171,CGTTAAGCACAAACGC
2785,GGAAACTCACGAATTT,453470,TGACGAAGTACCGTGC
2786,GGAAACTCAGTACCGT,453575,TGACGAAGTATAGCTC
2787,GGAAACTCAGTAGCCT,453576,TGACGAAGTTGCTCAG
2788,GGAACAATCACAGCGC,453724,CCGCCTAAGGGCTACA
2789,GGAACAATCCGGTTGA,453867,CCGCCTAAGTGGCCAA
2790,GGAACAATCGCTAGTG,453949,CCGCCTAAGGTCGAGC
2791,GGAACAATCTCCTCTT,454030,CCGCCTAAGCTGCATC
2792,GGAACCTGTACTGATG,454506,AAATAGGCAGTTCCTG
2793,GGAACCTGTCATCATC,454571,AAATAGGCATTGCCCA
2794,GGAACCTGTCCTAATC,454591,AAATAGGCACGGTAAC
2795,GGAACGGTCCGCAAGC,455005,TGCAGCAAGATTCCGC
2796,GGAACGGTCCGCCTAT,455009,TGCAGCAAGCTTGCAC
2797,GGAACGGTCCGCCTCA,455010,TGCAGCAAGTCACCAC
2798,GGAACGGTCGTTCACC,455141,TGCAGCAAGCAACAAC
2799,GGAACTAAGAGGAAGG,455260,ACATGCCTCGCATTGC
2800,GGAACTAAGCTTGCTC,455382,ACATGCCTCCTAATCG
2801,GGAACTAAGCTTTGGG,455383,ACATGCCTCCCAATAT
2802,GGAACTAAGGGTGAAC,455473,ACATGCCTCCACTATG
2803,GGAAGTATCGAAGTGA,456220,CTAGGATAGGATTGCG
2804,GGAAGTATCTCGCCTG,456335,CTAGGATAGCTTTAAC
2805,GGAATCTTCAAGCTAC,456390,GTAATTGAGCAAGACT
2806,GGACAGCCAATGAAGC,456852,TGTTCTTGTATAGCGA
2807,GGACAGCCACAGGAAT,456889,TGTTCTTGTTGTCAGT
2808,GGACAGCCACATTAAC,456896,TGTTCTTGTTCACGCA
2809,GGACAGCCACGAACAG,456922,TGTTCTTGTCACACTG
2810,GGACAGCCACGGTTTA,456927,TGTTCTTGTTCGCTTC
2811,GGACAGCCAGCAACAG,456963,TGTTCTTGTAATCCAC
2812,GGACATAAGATAACCC,457187,GAATGACTCATTTAGC
2813,GGACATAAGTTATCCT,457506,GAATGACTCCTGAAGG
2814,GGACCGAAGCAGCTCA,457598,TGCCTAATCTTGCTGA
2815,GGACCGAAGCTGGCTA,457675,TGCCTAATCTGGAAAC
2816,GGACCGAAGGACTTAC,457709,TGCCTAATCGCCTGTG
2817,GGACCGAAGTAACGAG,457817,TGCCTAATCTATCGGC
2818,GGACCGAAGTGAGCGG,457869,TGCCTAATCATCACAT
2819,GGACCGAAGTTATCTC,457891,TGCCTAATCGCAATTT
2820,GGACCTCAGCTGTAAC,458060,TACATACTCTCGACTA
2821,GGACGAAGTATTGTCC,458378,CTCTCAGCATTAGTGG
2822,GGACGAAGTTCCGGGA,458602,CTCTCAGCAATCCTAC
2823,GGACGGATCATGCTAA,458772,GATTAGCAGCTCGACT
2824,GGACTAAAGGCATTGT,459269,AAAGGGATCCTTCGGG
2825,GGAGCAAGTTAACGAT,459697,CACCAAACAGTTTCCG
2826,GGAGCATAGCACAGGG,459890,CCCTTTGTCCAATTGT
2827,GGAGCATAGGTTACGT,460106,CCCTTTGTCTAATCCG
2828,GGAGGTTAGCACAGAA,460656,CTCTAAGTCTTAAGGA
2829,GGAGGTTAGCTTTGTT,460756,CTCTAAGTCAAATCAG
2830,GGAGGTTAGTATTGGC,460905,CTCTAAGTCACTTGCA
2831,GGAGTCTGTCCCGGAA,461106,ACGGGAACAAATGAAG
2832,GGAGTCTGTCCTAATC,461113,ACGGGAACACGGTAAC
2833,GGAGTCTGTTGTTCAC,461327,ACGGGAACAAATAAGG
2834,GGAGTGAGTCATGAGC,461477,CCTAAAGCAAGGCCTG
2835,GGAGTGAGTTAACAGT,461612,CCTAAAGCACGGATTA
2836,GGAGTGAGTTAATGAC,461622,CCTAAAGCATGCTGGG
2837,GGATACTTCAGGAACA,462190,GTGTGGCAGAGAGGCG
2838,GGATACTTCCCTTGCG,462290,GTGTGGCAGCTTGTTG
2839,GGATACTTCTAAATCG,462433,GTGTGGCAGCTATTGT
2840,GGATACTTCTCGCCTG,462471,GTGTGGCAGCTTTAAC
2841,GGATATTGTCGAAGTC,462653,TATCGCTCAACAGAGG
2842,GGATGAATCATAATCG,462971,GCACGTAAGCTCAAGG
2843,GGATGAATCGGCCATA,463161,GCACGTAAGGCTCACT
2844,GGATGGCCAACTGGGA,463323,TGCCTGAGTGCTCATG
2845,GGATGGCCATAGTCAT,463588,TGCCTGAGTGTACCGC
2846,GGATGTAAGCTAAAGG,463788,ATATTGCTCGCTCAGT
2847,GGATTATGTCATTACC,464164,CGTTACTCAGTTGGCG
2848,GGATTATGTGACATGC,464214,CGTTACTCAACAGGGA
2849,GGATTATGTTCATTTG,464347,CGTTACTCAAGGCTTA
2850,GGATTGCGTAGACAAA,464861,CTAACCTCAATCGCCC
2851,GGATTGCGTTAGAGCC,465083,CTAACCTCACCTCACA
2852,GGATTTATCCCTGTTA,465353,CAGTGTGAGCCAGTAG
2853,GGCAAATCAACTGGCT,465620,TCACCAGGTCTTGACG
2854,GGCAAATCACTTGTTC,465766,TCACCAGGTGGTTACT
2855,GGCAAATCAGTAGGAT,465847,TCACCAGGTGGATGCG
2856,GGCAAGCCAGCCAGTT,466178,ACGCTTGGTACGGTTT
2857,GGCAATCGTATTACCC,466419,GGTCCCTCACCTTAGT
2858,GGCAATCGTTAGGTTG,466629,GGTCCCTCATTAACCC
2859,GGCAGGATCAGCAAAG,466781,TTTGCTGAGTAATGCA
2860,GGCAGGATCCTTGCGT,466949,TTTGCTGAGATTCATC
2861,GGCAGGATCGCAATCG,466971,TTTGCTGAGCCGCAAA
2862,GGCAGGATCGTTAACA,467019,TTTGCTGAGAAACCGT
2863,GGCAGGATCTCGCCTG,467069,TTTGCTGAGCTTTAAC
2864,GGCATGGAGCGCAATT,467223,GAATTAGTCAATAGGC
2865,GGCATGGAGCTTAGTA,467264,GAATTAGTCCGCTAAC
2866,GGCATGGAGGAGCAAC,467292,GAATTAGTCCTAAATC
2867,GGCATGGAGGTCTTGG,467379,GAATTAGTCTGTTGGC
2868,GGCATGGAGTCATTAG,467432,GAATTAGTCATTAAGG
2869,GGCATTAGTGACATAT,467661,TACTGAGCATGGTGAC
2870,GGCATTAGTTAGGCTA,467777,TACTGAGCATTACCCG
2871,GGCATTAGTTGCCTCA,467820,TACTGAGCAGGTTACA
2872,GGCATTGTCATGCTAA,467970,GGTTAGTAGCTCGACT
2873,GGCATTGTCCAAATCA,467997,GGTTAGTAGCTTGCCG
2874,GGCATTGTCGCCTAAG,468127,GGTTAGTAGTAAAGGG
2875,GGCATTGTCGTCCTTA,468165,GGTTAGTAGCGGGAAG
2876,GGCATTGTCTCAATTC,468206,GGTTAGTAGCTTAGGG
2877,GGCCAACTCCTAGTCC,468453,TCGTGCTAGCGAAGCC
2878,GGCCATCAGCGCAATT,469141,ACGAATATCAATAGGC
2879,GGCCATCAGGTGTTAC,469304,ACGAATATCGCAATCC
2880,GGCCGTTAGGCCAATT,469620,CTCCACCTCTTAGCTG
2881,GGCCGTTAGTTTCCGC,469792,CTCCACCTCCCGCACA
2882,GGCCTAATCGATTCTT,470036,ACCTGGAAGTGAGCCA
2883,GGCCTCTGTAGGTTGC,470244,TGGTCAACAATAAACC
2884,GGCCTCTGTGGACCTG,470390,TGGTCAACACAATAAC
2885,GGCCTTAAGCAGGTTT,470635,TTTAAGCTCGCCTAAC
2886,GGCCTTAAGTAACGGA,470852,TTTAAGCTCACAAGCG
2887,GGCCTTAAGTCCTTCA,470888,TTTAAGCTCTCAGCTA
2888,GGCCTTCGTCACACCC,471043,TCGCTTGCAAGCCATA
2889,GGCCTTCGTTGCGCGA,471273,TCGCTTGCACTAGCTT
2890,GGCCTTCGTTGTCATC,471289,TCGCTTGCAGCACTAA
2891,GGCGATACAGAAATTG,471521,GGTCTATGTTTAGCGT
2892,GGCGATACATGGTTAT,471676,GGTCTATGTCATTATG
2893,GGCGCTAGTCAAAGGG,471800,CCCAGCTCATGCAACA
2894,GGCGCTAGTCATTGAG,471832,CCCAGCTCATGCTCCA
2895,GGCGCTAGTTAGGCGT,471994,CCCAGCTCATACTGAG
2896,GGCGGTAAGAAGGTGC,472104,TTCTTGCTCACCAACC
2897,GGCGGTAAGTATCGCG,472400,TTCTTGCTCGCCCGTA
2898,GGCGGTAAGTTAGTTG,472455,TTCTTGCTCTACCTGA
2899,GGCGGTTTCCGGTTAG,472654,TAAGTCAAGGGTCCAA
2900,GGCGGTTTCGTTTCGC,472781,TAAGTCAAGCACTTGC
2901,GGCGTTATCATGCATA,472953,TCATCATAGCACCTAC
2902,GGCGTTATCCTAGTAA,473054,TCATCATAGTGCTCCG
2903,GGCGTTATCGAAGTAG,473089,TCATCATAGGTGCTGA
2904,GGCGTTATCGGCTATG,473131,TCATCATAGTGGCTTC
2905,GGCGTTATCTTAGCGG,473225,TCATCATAGGGTCTAG
2906,GGCTAGACAAGCTTAT,473300,CTACAACGTCCTAACG
2907,GGCTAGACAATTAACC,473344,CTACAACGTATCGGCC
2908,GGCTAGACAGAACCGA,473440,CTACAACGTTAATCGC
2909,GGCTAGACATATTGAC,473558,CTACAACGTGCCGGAA
2910,GGCTAGACATTGACAT,473618,CTACAACGTCAATTGC
2911,GGCTAGTGTAATAGCT,473652,AAACAAGCATGAGCCG
2912,GGCTAGTGTGAGACTC,473801,AAACAAGCAAAGAAGC
2913,GGCTAGTGTTATCCGT,473920,AAACAAGCAAAGTCAT
2914,GGCTATGTCACTAGGT,474061,TCCGGTTAGGCCAACA
2915,GGCTATGTCTAGCGTG,474334,TCCGGTTAGCGCAACA
2916,GGCTATTAGCAGGTTT,474469,TGCGGTTTCGCCTAAC
2917,GGCTATTAGGGTCTAT,474644,TGCGGTTTCTCAAATC
2918,GGCTATTAGGTGTCCA,474671,TGCGGTTTCCTCACGG
2919,GGCTCAATCCACCTGT,474909,GCTCCTGAGGTAAGTC
2920,GGCTCACAGGCTACAT,475390,TTGCATGTCTTTAAGC
2921,GGCTGAGAGCCTGTTC,475652,CCGTTCCTCGACATTT
2922,GGCTGAGAGTGTTGCG,475898,CCGTTCCTCGCTAATT
2923,GGCTGAGAGTTTGGTA,475933,CCGTTCCTCGCTTCGG
2924,GGCTGGTTCCATAATG,476069,ATGCAACAGGGTTGGC
2925,GGCTGGTTCGTTAACA,476225,ATGCAACAGAAACCGT
2926,GGCTGGTTCGTTACAA,476227,ATGCAACAGTGCAACG
2927,GGCTGGTTCTTGACCC,476301,ATGCAACAGGAGCAGG
2928,GGCTGTCAGGTTACGT,476594,TAGTTACTCTAATCCG
2929,GGCTGTCAGTCACCAG,476629,TAGTTACTCACAAATG
2930,GGCTTAAGTGTTAAAC,476937,CTGATGACACCGGTAG
2931,GGCTTAAGTTAGCCAA,476977,CTGATGACAAAGTGAA
2932,GGCTTAAGTTCCTGTG,477009,CTGATGACAAACATGT
2933,GGGAATATCCGCCAAA,477634,GTAGCTGAGCCTGGTT
2934,GGGATTAAGACTCGCA,478642,GATAAGCTCTAGGATA
2935,GGGATTAAGGATCACT,478809,GATAAGCTCATTATGC
2936,GGGCAATAGATAAAGC,479042,CACAAGGTCATGGTTT
2937,GGGCAATAGCTGGACC,479146,CACAAGGTCCGCACCA
2938,GGGCAATAGGAAGCAC,479167,CACAAGGTCTAGCCTA
2939,GGGCAATAGTACCGCA,479297,CACAAGGTCGTTGTCA
2940,GGGCAATAGTCATTTC,479324,CACAAGGTCAAGCTCC
2941,GGGCAATAGTGACCTG,479338,CACAAGGTCTAGGCGA
2942,GGGCATGAGCGAAGTA,479490,CGTAATTTCAAATCGA
2943,GGGCATGAGCTTAACA,479535,CGTAATTTCCGTTAGC
2944,GGGCATTGTCAATACG,479861,CTATTGCCACGCGCAA
2945,GGGCATTGTGTTGTAG,480010,CTATTGCCACTATACC
2946,GGGCCTAGTAAACAAG,480153,TTCAGGACAAATATGC
2947,GGGCCTAGTGCATTAG,480340,TTCAGGACAACCAACA
2948,GGGCCTAGTGGATGTC,480362,TTCAGGACAGCTAGAC
2949,GGGCCTAGTTCCATTA,480453,TTCAGGACAATTGCTC
2950,GGGCGAATCACGTTAA,480578,TAGGTACAGCTCCTAA
2951,GGGCGAATCGGGATTT,480804,TAGGTACAGCTTAGTT
2952,GGGCTAACATAATTGC,481215,AACCTTAGTTCTTAAG
2953,GGGTCAACAATGCCTA,481780,AAGAATCGTAACCGTT
2954,GGGTCAACAGGAAGCC,481919,AAGAATCGTGCGATTT
2955,GGGTCACTCACCATTT,482106,TGTGAGTAGGCTTGCT
2956,GGGTCACTCATGCATA,482159,TGTGAGTAGCACCTAC
2957,GGGTGTTGTCCGCTGT,482961,CCTTGCACAGCTCATT
2958,GGGTGTTGTCGCGCAA,482981,CCTTGCACAGCCGGTA
2959,GGGTGTTGTTGGATCA,483167,CCTTGCACATCCTTAA
2960,GGGTTACGTCACAGAC,483314,CAAGGTCCAGCCAATA
2961,GGGTTACGTTGCGGAT,483544,CAAGGTCCATCCCAAT
2962,GGGTTATTCATTAGCA,483705,GTATTGAAGCTATATC
2963,GGGTTATTCCCGTTTA,483748,GTATTGAAGCAAGGAA
2964,GGGTTATTCGCTCACT,483860,GTATTGAAGAAACCTA
2965,GGGTTATTCTTGTCTG,483978,GTATTGAAGGGATTTA
2966,GGGTTTCCAACTAGAA,484022,TGAGCGGGTTAACTGC
2967,GGGTTTCCACAGCCTG,484110,TGAGCGGGTATTGAGG
2968,GGGTTTGTCCCAGTAG,484506,GCATCCTAGGCACAAT
2969,GGGTTTGTCGTTATCT,484666,GCATCCTAGGCTATAA
2970,GGTAAACCAACACCTA,484777,TTTGTGAGTTTCCTCA
2971,GGTAAACCACAATGTT,484869,TTTGTGAGTTAAAGAC
2972,GGTAAACCATAAGCAA,485040,TTTGTGAGTAAGGCCG
2973,GGTAAACCATGGCCCA,485096,TTTGTGAGTACTTCGG
2974,GGTAAACCATGTTTGG,485106,TTTGTGAGTTTATCCT
2975,GGTAACCGTTGGTTAG,485472,AGCTCAACAGCTAGCG
2976,GGTAACTTCACAGCGC,485550,GATTGCGAGGGCTACA
2977,GGTAACTTCAGCACGC,485574,GATTGCGAGTTATGGA
2978,GGTAACTTCCTTGCAC,485738,GATTGCGAGAGCAATC
2979,GGTAAGGGTGATGAAA,486079,AGGGCTTCATTAGCCT
2980,GGTAAGGGTTGGCCGA,486234,AGGGCTTCAAACCTAG
2981,GGTACCGGTATTGTGG,487131,CCACAAACAGTCTATC
2982,GGTACCGGTGTTTGAG,487293,CCACAAACATAGACTG
2983,GGTACCGGTTACAACG,487311,CCACAAACAGATAATC
2984,GGTACCGGTTAGAGCC,487321,CCACAAACACCTCACA
2985,GGTACTAGTACCGTTT,487469,GAAGGATCAAATACGT
2986,GGTACTAGTGCATTTC,487621,GAAGGATCACCAGCTC
2987,GGTACTAGTTAGGTGC,487714,GAAGGATCAGGTGACT
2988,GGTACTAGTTCCAGGG,487732,GAAGGATCAAGCGCAT
2989,GGTACTAGTTGCAATG,487751,GAAGGATCAACCGTAA
2990,GGTACTAGTTGCACGG,487753,GAAGGATCAGGTCAAC
2991,GGTACTTAGGAACCAA,487975,TCTGTGATCAAGGTTA
2992,GGTACTTAGGCTGTCA,488044,TCTGTGATCTTGCAGC
2993,GGTACTTAGGGCTTAT,488057,TCTGTGATCAAATACG
2994,GGTATGTTCTTGCAAA,488951,TGCTCACAGTACTGGG
2995,GGTATTTCAACCGCCA,489379,TGTTAGCGTTGACCGC
2996,GGTATTTCAAGTAAGC,489412,TGTTAGCGTTAGCGTT
2997,GGTATTTCACCCACCT,489489,TGTTAGCGTCCAGCAC
2998,GGTATTTCATTGACAT,489716,TGTTAGCGTCAATTGC
2999,GGTCAAGCAATCATGT,489814,CCAGGGAGTAGAGGGA
3000,GGTCAATTCATCCTCA,490196,CTGAGCAAGAACAAGG
3001,GGTCAATTCGACAAAG,490341,CTGAGCAAGAAAGGCA
3002,GGTCAATTCGCTCCAT,490375,CTGAGCAAGATAGACC
3003,GGTCAGGAGACACTTA,490516,AAGCTAATCCTAAGCC
3004,GGTCAGGAGACAGGTA,490518,AAGCTAATCATCAGCC
3005,GGTCAGGAGCTGTACG,490645,AAGCTAATCAATATCC
3006,GGTCAGGAGTTGGATC,490869,AAGCTAATCAGTATAG
3007,GGTCATTAGAACAAGT,490886,TAACCGCTCGATTCAT
3008,GGTCATTAGTCCTGAG,491205,TAACCGCTCAAACATG
3009,GGTCCGTAGGTTAGAG,491927,TCGCTAATCAATCGTT
3010,GGTCCTGCAGCATGAG,492245,CGCCTTTGTTACTCCC
3011,GGTCGGTTCACGTTAA,492462,ACGGTTGAGCTCCTAA
3012,GGTCGGTTCATTACTC,492522,ACGGTTGAGGGTTAAC
3013,GGTCGGTTCTGCAAAC,492761,ACGGTTGAGTTACAAG
3014,GGTCTTGAGACAGGTA,492822,TGAGCGATCATCAGCC
3015,GGTCTTGAGTATTGGC,493109,TGAGCGATCACTTGCA
3016,GGTCTTTGTAATCGGC,493210,AATGTCGCAGTTTGCT
3017,GGTCTTTGTAGGATCC,493244,AATGTCGCAAGGCTGT
3018,GGTCTTTGTCAATACG,493277,AATGTCGCACGCGCAA
3019,GGTCTTTGTCTAACCT,493337,AATGTCGCAAACTAGT
3020,GGTCTTTGTTGAAGCC,493500,AATGTCGCACACAAGC
3021,GGTGAGCCAATGCCCG,493661,TTGTGCGGTTGAGTCT
3022,GGTGAGCCACTCAACA,493745,TTGTGCGGTTAACCAC
3023,GGTGAGGTCATAGACC,494028,CTTTGTGAGTCCTTGA
3024,GGTGAGGTCATAGCCG,494029,CTTTGTGAGGAGCAAA
3025,GGTGAGTAGCCTTAAA,494439,ACCGTTATCTGGTCTA
3026,GGTGAGTAGCGCCTAA,494449,ACCGTTATCTTGGACC
3027,GGTGAGTAGGGATGAC,494573,ACCGTTATCACAGCAG
3028,GGTGAGTAGGTTACAC,494611,ACCGTTATCCTCTCGC
3029,GGTGAGTAGTGAGCGG,494675,ACCGTTATCATCACAT
3030,GGTGATTTCCCAGTAG,494858,GTTTGGGAGGCACAAT
3031,GGTGATTTCCGTGACA,494898,GTTTGGGAGATTGCCC
3032,GGTGCTGGTCCTAACT,495233,GTTTGGACACCTTCAG
3033,GGTGCTTCAAAGCTAA,495501,GTTAGCTGTTTCCAGG
3034,GGTGTCCAGCCTGTGA,495971,GTCGAAGTCCGCACAT
3035,GGTGTCCAGGAGTCTT,496059,GTCGAAGTCGATAAGC
3036,GGTGTCCAGTAAGAAC,496160,GTCGAAGTCCTTCAAG
3037,GGTGTCCAGTCTTGAA,496201,GTCGAAGTCAGCTACC
3038,GGTGTGACAGGACCAA,496490,AGTAACGGTATTCGGT
3039,GGTGTGACAGGCGATA,496502,AGTAACGGTGGATTGA
3040,GGTTAATGTGGTTATG,497242,ACAATGTCAAAGGAAC
3041,GGTTACCCACTTCATC,497591,GCGATCCGTATTTGGC
3042,GGTTAGCGTTAGCGTA,498448,TTAGGTGCACCTTGCA
3043,GGTTAGCGTTTACTTG,498526,TTAGGTGCATCAATCC
3044,GGTTATATCCTAGTTT,498746,TTAACCTAGGTCCGTT
3045,GGTTATATCTTGTCCA,498931,TTAACCTAGTGCGGTA
3046,GGTTATGGTAAGGTCC,498954,ATTCGTCCAATTTGGG
3047,GGTTATGGTCATCCTG,499050,ATTCGTCCAATAAAGG
3048,GGTTATGGTTGCAATG,499257,ATTCGTCCAACCGTAA
3049,GGTTCCCGTTTGCTGT,499694,CATTTGCCATTGTGGA
3050,GGTTCTTGTCATCAAG,499812,AGGTTTGCAGCTCAAA
3051,GGTTCTTGTGGATTCA,499914,AGGTTTGCAGGTTCCC
3052,GGTTCTTGTTTGGTTC,500081,AGGTTTGCACATGCAA
3053,GGTTGAGCACAAGCCT,500580,CATATTGGTTCATTGA
3054,GGTTGAGCAGTAAGTA,500731,CATATTGGTGAACCGG
3055,GGTTGCATCCTTAGGG,501064,CTGGTGAAGCATCCTA
3056,GGTTGCATCGAGCAAA,501079,CTGGTGAAGATTAGCA
3057,GGTTGCATCGCACAAT,501094,CTGGTGAAGGCTAGCA
3058,GGTTGCATCGTTAAGC,501142,CTGGTGAAGCAAATCA
3059,GGTTGCGGTTCGCTTG,501544,AACCCGGCACTTGCTG
3060,GGTTGGTGTTAGCATG,502274,AATGGAACATGCATTC
3061,GGTTTAATCGATCAGT,502618,TGTGGTGAGAACCTTT
3062,GGTTTAATCGGTTCCT,502661,TGTGGTGAGGCTCAAG
3063,GGTTTAATCTCACTAT,502714,TGTGGTGAGGGAGCAG
3064,GGTTTAATCTTGAGCG,502750,TGTGGTGAGTCACCTA
3065,GGTTTCCTCCAACTGG,502886,CGTATTTAGAACAACC
3066,GGTTTCCTCCCTCAAC,502915,CGTATTTAGATTGACA
3067,GGTTTCCTCCTAATAG,502952,CGTATTTAGGTCACGA
3068,GGTTTCTGTAGGTGTC,503210,GGACCTGCACGCCCAT
3069,GGTTTGTAGCATCCAG,503604,AATCTGTTCATCAGTT
3070,GGTTTGTAGCATGTTA,503610,AATCTGTTCAAACTTC
3071,GGTTTGTAGCTGTCAG,503680,AATCTGTTCGCGAGTA
3072,GGTTTGTAGCTTCTCA,503687,AATCTGTTCTTTAGGT
3073,GTAAAGCCACACTAAT,504037,GCGTTATGTTCACCTC
3074,GTAAAGCCACTTAACG,504099,GCGTTATGTAAGTCCT
3075,GTAAGCAAGAACCTAC,504305,ACTTAGTTCATTAACC
3076,GTAAGCAAGCGATAGA,504410,ACTTAGTTCAAGGGTT
3077,GTAAGCGCAAACTAAG,504692,TATGGCTGTTACCCAG
3078,GTAAGCGCAATAGCCC,504763,TATGGCTGTTGAAGCA
3079,GTAAGCGCACATAGCC,504816,TATGGCTGTAATCCCG
3080,GTAAGCGCAGGGAGCT,504939,TATGGCTGTGAGCATA
3081,GTAAGCTTCAGGATGA,505130,GGTGGCTAGGGCTTTC
3082,GTAAGCTTCCACCTTA,505196,GGTGGCTAGCATAGCG
3083,GTAAGCTTCCTAGTTT,505260,GGTGGCTAGGTCCGTT
3084,GTAAGCTTCGCTAGCA,505324,GGTGGCTAGCCAGGAC
3085,GTAAGCTTCTGTTCAT,505423,GGTGGCTAGTTAGTAG
3086,GTAAGGTCAACCCTAA,505483,TCAACCGGTTCCGGGT
3087,GTAAGGTCAAGCTAAA,505502,TCAACCGGTAATCGCT
3088,GTAAGGTCAATGAATG,505543,TCAACCGGTCATCACG
3089,GTAAGGTCACAAAGAC,505560,TCAACCGGTGACGTAA
3090,GTAAGGTCACTCAACA,505629,TCAACCGGTTAACCAC
3091,GTAAGGTCACTTCATC,505639,TCAACCGGTATTTGGC
3092,GTAAGGTCAGCCTAAC,505670,TCAACCGGTAAACCAG
3093,GTAAGGTCAGGCTACT,505702,TCAACCGGTTTGTAGC
3094,GTAAGGTCATAGCAGG,505754,TCAACCGGTAGTCATC
3095,GTAATAGCAAACATAG,505838,GGCTTTGGTTGTTCTT
3096,GTAATAGCACTAAGTT,506009,GGCTTTGGTTGCTTCC
3097,GTAATAGCAGATTCAT,506035,GGCTTTGGTTATTTGG
3098,GTAATAGCAGTCTATG,506110,GGCTTTGGTTGACCAT
3099,GTACAATGTCAACAAT,506307,TAGGGTCCACTAAGCA
3100,GTACACCCAATTGAAG,506703,GTGCGAGGTAGTCCTG
3101,GTACACCCATAATTGC,506899,GTGCGAGGTTCTTAAG
3102,GTACTAATCCATTACT,508269,AAGGCTTAGCTTGGTC
3103,GTACTAGGTAGGTTTG,508579,GACTGCGCACCAACAA
3104,GTACTAGGTCATTGTC,508635,GACTGCGCAATTGCCT
3105,GTACTGGTCAGGAAGC,508959,CTTATGTAGCGTGCTT
3106,GTACTGGTCCCTCAAC,509047,CTTATGTAGATTGACA
3107,GTACTGGTCGGCCATA,509163,CTTATGTAGGCTCACT
3108,GTACTGGTCTAAGTGC,509208,CTTATGTAGCAATAGC
3109,GTACTTAAGAATGACG,509293,TTCCGCCTCCCACCCT
3110,GTACTTAAGGACTTAC,509461,TTCCGCCTCGCCTGTG
3111,GTACTTCGTGCCGCAA,509856,ATAGGTTCAAGGTCAC
3112,GTACTTCGTGCTGTAA,509867,ATAGGTTCATAACCAG
3113,GTACTTCGTTAATGAC,509924,ATAGGTTCATGCTGGG
3114,GTAGCGCTCATTAGGC,510538,CATAACAAGCTTGCTA
3115,GTAGCTGTCAAACCGT,510818,GCGATATAGCTAACTT
3116,GTAGCTGTCTAATCTC,511129,GCGATATAGCTACCTA
3117,GTAGCTGTCTCTAGCC,511158,GCGATATAGATTCCTG
3118,GTAGGATCAACGTGCT,511618,ACGTAAGGTTCTCACC
3119,GTAGGATCAGCCGCTA,511799,ACGTAAGGTGTCCGTA
3120,GTAGGATCAGCCTGCA,511801,ACGTAAGGTTTCTAAG
3121,GTAGGATCATACCCGG,511880,ACGTAAGGTCACCATG
3122,GTAGGATCATTATGGT,511948,ACGTAAGGTACTTACA
3123,GTAGGCGAGAACCTGT,511972,TAGTGCCTCGTTATGT
3124,GTAGGCGAGCCTGTGA,512067,TAGTGCCTCCGCACAT
3125,GTAGGCGAGCTTAGCG,512117,TAGTGCCTCGAGGCGT
3126,GTAGGCGAGGAACGGT,512130,TAGTGCCTCGTTAACT
3127,GTAGGCGAGTCAATCA,512275,TAGTGCCTCCACGTTA
3128,GTAGGTGCACTTCATC,512537,GGTTATCGTATTTGGC
3129,GTAGGTGCATCCCTCA,512671,GGTTATCGTTAAGTCC
3130,GTAGTTATCCTGGTGA,512944,CCCGCTAAGACACGCA
3131,GTAGTTATCTCCATAT,513069,CCCGCTAAGCAATTGA
3132,GTAGTTATCTTGTCTG,513112,CCCGCTAAGGGATTTA
3133,GTAGTTTCAAACCTAT,513122,TGGATTCGTGCGCGAA
3134,GTAGTTTCAGCAGGTA,513328,TGGATTCGTACCGTTG
3135,GTATCGCCACCAGGTT,513642,TCTGGGCGTTTGCTGG
3136,GTATCGCCAGTTGCGT,513782,TCTGGGCGTGAACGGT
3137,GTATGTTCACCTCGCT,514423,TTGCTGGGTTGGGTTT
3138,GTATGTTCACTAGGTC,514443,TTGCTGGGTCCTTTAT
3139,GTATGTTCAGGCTAAG,514517,TTGCTGGGTGGTTAGA
3140,GTATTGCAGCCTAACG,515513,CTTCACTTCGTCCTTT
3141,GTATTGCAGCCTGGTA,515520,CTTCACTTCGAAGTTA
3142,GTATTGCAGCTCCTAC,515558,CTTCACTTCTTAGCCA
3143,GTCAAACTCCTTTACG,516411,GAATCACAGCGCAAAT
3144,GTCAAACTCGGTACGC,516461,GAATCACAGCCATAAA
3145,GTCAATATCAGGGCCT,516637,GTGTGTGAGCCGATAG
3146,GTCAATATCCATAAGC,516706,GTGTGTGAGGAGCTTG
3147,GTCAATATCCCGTTGT,516719,GTGTGTGAGGTAGCTG
3148,GTCAATATCCCTGGTT,516730,GTGTGTGAGTACTGAA
3149,GTCAATATCGCACACA,516817,GTGTGTGAGTAGAGGA
3150,GTCAATATCTCATCAT,516906,GTGTGTGAGTCAATTC
3151,GTCAGGCTCACAAGCT,516984,CTAGTAAAGCTAACGG
3152,GTCAGGCTCATTGTCT,517069,CTAGTAAAGGGCTATG
3153,GTCAGGCTCCGGCTAA,517127,CTAGTAAAGATAGCTA
3154,GTCAGGCTCCTGGTGA,517166,CTAGTAAAGACACGCA
3155,GTCATCACAACTAGCC,517379,TGATGAGGTTGTTGTA
3156,GTCATCACAAGTTATC,517411,TGATGAGGTTGGCCAC
3157,GTCATCACACCAGGTT,517480,TGATGAGGTTTGCTGG
3158,GTCATCACAGTTTACG,517621,TGATGAGGTAGACTAG
3159,GTCATCCTCCCTCTAA,517878,GTGTAACAGTCCCTGG
3160,GTCATCCTCCCTGTTA,517883,GTGTAACAGCCAGTAG
3161,GTCATCCTCTAAATCG,518027,GTGTAACAGCTATTGT
3162,GTCATCCTCTTAGGGT,518087,GTGTAACAGCATTAAG
3163,GTCATGAGTCCGTGAG,518236,GTGGGAACATGGTTAG
3164,GTCATGAGTTAATGCG,518367,GTGGGAACACCTCGAC
3165,GTCATGCCAGGCTTGT,518744,GTAGCTTGTTGCAAGA
3166,GTCATTAAGTAGCCAT,519172,CGTGTGTTCCCTCATT
3167,GTCATTAAGTTAACCA,519224,CGTGTGTTCGCTATAT
3168,GTCCAAGTCCTCCTAA,519459,ATAACTGAGAAGGGTA
3169,GTCCAAGTCGTTAAGC,519550,ATAACTGAGCAAATCA
3170,GTCCAGGGTAACCACA,519648,GAATATCCATCATCAC
3171,GTCCAGGGTATTGAGT,519718,GAATATCCACTCGCAC
3172,GTCCAGGGTGTGTGGT,519876,GAATATCCAAAGGCCT
3173,GTCCATTGTCCTCCAA,520157,CGTTTCGCAGAGAGGC
3174,GTCCATTGTCCTTAGT,520159,CGTTTCGCACTTAGCT
3175,GTCCATTGTTAGCAGC,520297,CGTTTCGCACATGCCC
3176,GTCCGTAAGCACGTTG,520469,GCTATGCTCGGCTATC
3177,GTCCGTAAGCATGCAT,520481,GCTATGCTCCCAATTG
3178,GTCCGTAAGCTGGCTA,520551,GCTATGCTCTGGAAAC
3179,GTCCGTAAGCTTCTCA,520561,GCTATGCTCTTTAGGT
3180,GTCCTAGAGAAGCTAG,520797,CTAATGTTCTCAATAC
3181,GTCCTAGAGTTGTCAA,521164,CTAATGTTCACCTGGT
3182,GTCCTCAGTGAGCAAG,521344,TAGTCTCCATCTATGC
3183,GTCCTCAGTTAGCTGA,521451,TAGTCTCCAACGGTAC
3184,GTCCTCCCACTTAACG,521739,ATGGGCGGTAAGTCCT
3185,GTCCTCCCAGGTTATT,521817,ATGGGCGGTTTGGTGT
3186,GTCCTCCCAGTTTGTG,521840,ATGGGCGGTGTTACTA
3187,GTCCTCCCATAAACCT,521841,ATGGGCGGTGCACCAC
3188,GTCGAAGCAATCATGT,522024,CTGTGCAGTAGAGGGA
3189,GTCGAAGCACATGCTA,522073,CTGTGCAGTTTGACTA
3190,GTCGAAGCAGCCTGCA,522159,CTGTGCAGTTTCTAAG
3191,GTCGAAGCAGTTGCGT,522220,CTGTGCAGTGAACGGT
3192,GTCGAGGAGCACGATT,522386,ATACCTGTCTAACTCG
3193,GTCGCAATCTCAATGA,523035,TAGCTTTAGGCTTGTC
3194,GTCGGTTCAGCAATAA,523298,GCTTTGGGTACGTTTA
3195,GTCGGTTCAGGCTGTT,523344,GCTTTGGGTTCATTCT
3196,GTCTAACAGGACTTAC,523655,CGGTCATTCGCCTGTG
3197,GTCTAATCAACTAACT,523897,GCACTCAGTTCCCGTT
3198,GTCTAATCAGCACCAT,524067,GCACTCAGTTGACTAC
3199,GTCTAATCAGCATGAG,524071,GCACTCAGTTACTCCC
3200,GTCTAGCCAGGTATTT,524501,AAGGCACGTTACGCCA
3201,GTCTAGCCAGTTTCTC,524526,AAGGCACGTCACGATT
3202,GTCTAGCCATCATGGC,524560,AAGGCACGTCCTAAGT
3203,GTCTATGCAACAACAA,525034,GTTACCGGTTCAATTG
3204,GTCTATGCAACTGGCT,525052,GTTACCGGTCTTGACG
3205,GTCTATGCATGTTTGG,525364,GTTACCGGTTTATCCT
3206,GTCTTGCTCACAAGCT,525806,AACGTACAGCTAACGG
3207,GTCTTGCTCAGGAACA,525838,AACGTACAGAGAGGCG
3208,GTCTTGCTCCAACTGG,525898,AACGTACAGAACAACC
3209,GTCTTGCTCGCTCACT,526038,AACGTACAGAAACCTA
3210,GTCTTGCTCTAATCAG,526089,AACGTACAGTATTGGA
3211,GTCTTGCTCTATTGTC,526103,AACGTACAGCAACCCT
3212,GTCTTTAGTTACTTCA,526430,GTGCTGGCATAAACCG
3213,GTCTTTAGTTCATTTG,526461,GTGCTGGCAAGGCTTA
3214,GTCTTTAGTTCTTTAG,526475,GTGCTGGCATTTGGCT
3215,GTCTTTAGTTTACCGT,526514,GTGCTGGCAGCAAGTC
3216,GTCTTTAGTTTGGCTT,526538,GTGCTGGCAATCTCTA
3217,GTCTTTGTCCATCAGG,526680,TAGTCTTAGGCTAAAC
3218,GTCTTTGTCCCTTGCG,526704,TAGTCTTAGCTTGTTG
3219,GTGAACAAGCTTCTCA,527083,CACAACCTCTTTAGGT
3220,GTGAACAAGCTTTGTT,527086,CACAACCTCAAATCAG
3221,GTGAACAAGGCATTGT,527133,CACAACCTCCTTCGGG
3222,GTGAACAAGTAACTCA,527217,CACAACCTCCCTGGTG
3223,GTGAATCTCATTACAG,527414,AATGAGGAGGACCATG
3224,GTGAATCTCCGTGACA,527490,AATGAGGAGATTGCCC
3225,GTGAGCGAGCATGTCG,527773,TAAAGCATCCCTCGTC
3226,GTGAGCGAGCGCTCAA,527812,TAAAGCATCGCTTGTA
3227,GTGAGCGAGTGTTGCG,528044,TAAAGCATCGCTAATT
3228,GTGAGGAGTATTCGCT,528154,TGAACCACAGGATGGA
3229,GTGAGGAGTGAATCGC,528244,TGAACCACAAATACCG
3230,GTGAGGAGTGCTGGTG,528280,TGAACCACAAGTGCAC
3231,GTGAGGAGTTAGCGTA,528356,TGAACCACACCTTGCA
3232,GTGAGGAGTTCGGTAA,528392,TGAACCACAAACAAAG
3233,GTGATGAAGATAAAGC,528884,TCGGTTATCATGGTTT
3234,GTGATGAAGGAGGCAT,529028,TCGGTTATCTTGTCGA
3235,GTGATGAAGGCCTTAG,529056,TCGGTTATCCATCATG
3236,GTGCAAGCAACTAGGG,529268,AATGTGGGTTAGTTGC
3237,GTGCAAGCAGAAATGC,529418,AATGTGGGTTATGGGA
3238,GTGCAAGCATAAAGCA,529514,AATGTGGGTAATAAGC
3239,GTGCACGGTAAGCTCA,529626,TAAAGCTCATAGCGAC
3240,GTGCATTAGCCGCTAA,530084,CTGATATTCAGTTTAC
3241,GTGCATTAGCTTTGGG,530151,CTGATATTCCCAATAT
3242,GTGCCTTTCTTAGTCT,530742,ATGACTAAGATTGAGC
3243,GTGCGGTTCGGTTACG,531421,CCTCAGTAGGACTTAA
3244,GTGCTCAAGCGGTTAT,531649,TTGTTCCTCGCGAAGC
3245,GTGCTCAAGCTAATCA,531654,TTGTTCCTCGCGCTCA
3246,GTGCTCAAGGCCGGAA,531737,TTGTTCCTCCGGCTAT
3247,GTGCTCAAGTCTCACC,531857,TTGTTCCTCGCGCAAA
3248,GTGCTCAAGTGAACAG,531860,TTGTTCCTCCGCAATC
3249,GTGCTCCGTCCTTCAG,532048,TGCAGGTCATAAGTCG
3250,GTGCTGATCACACAGT,532323,CTTAGTTAGTCCCGCA
3251,GTGCTGATCCTGGCTT,532502,CTTAGTTAGTCACTCA
3252,GTGCTGATCGAGGAAC,532525,CTTAGTTAGCGATGCA
3253,GTGCTGGGTAATAGCT,532698,GGAGTCTCATGAGCCG
3254,GTGCTGGGTATCTGGA,532748,GGAGTCTCACCGTTGC
3255,GTGCTGGGTTGGATCA,533009,GGAGTCTCATCCTTAA
3256,GTGCTTACAGTTATGT,533339,TAGGCGGGTTTGCAGT
3257,GTGCTTACATTAAAGG,533416,TAGGCGGGTCATTACA
3258,GTGCTTACATTAAGCT,533417,TAGGCGGGTGCTCCTT
3259,GTGCTTCTCAAGCGCC,533455,TAGTTAGAGCCTGTCG
3260,GTGCTTCTCAAGGACA,533458,TAGTTAGAGTTTCACG
3261,GTGCTTCTCCTTGAGG,533663,TAGTTAGAGTATCCGC
3262,GTGGACACAGCACCAT,534035,CTTGCTCGTTGACTAC
3263,GTGGACACATTAAGTC,534186,CTTGCTCGTGAGACTA
3264,GTGGATGCAACAGCCT,534239,TTGAACCGTCGATTAC
3265,GTGGATGCAAGGTGGC,534277,TTGAACCGTGCTAGCC
3266,GTGGATGCAATACTGT,534289,TTGAACCGTTGTAACC
3267,GTGGATGCACTAGCGT,534386,TTGAACCGTGCTCACA
3268,GTGGCTTCAGTTTCTC,534878,CGTTCCTGTCACGATT
3269,GTGGTTAGTAGTTGGC,535048,ACGTAATCAAGGGCTT
3270,GTGGTTAGTGATTTGG,535162,ACGTAATCACTAAGGC
3271,GTGGTTAGTTAAATGC,535226,ACGTAATCATTGTCTA
3272,GTGTAACTCATTGCGG,535474,CCAAGTGAGGAAGTAG
3273,GTGTCCAAGTTTCCGC,536124,GTATTCGTCCCGCACA
3274,GTGTGAGCAACACTTG,536156,GCGCTACGTGTTACAC
3275,GTGTGAGCACAACCTA,536243,GCGCTACGTAACCTCG
3276,GTGTGCGGTGCCGCAA,536704,CAATGGCCAAGGTCAC
3277,GTGTGCGGTTAACGGC,536764,CAATGGCCACTTAGGA
3278,GTGTGTTAGGAGCAAC,537076,AACTTGTTCCTAAATC
3279,GTGTGTTAGGGTTATC,537147,AACTTGTTCGTCCTAA
3280,GTGTGTTAGTTTAACG,537273,AACTTGTTCAAGCGCA
3281,GTGTTACAGAGGAGGA,537315,TGCTGGTTCTAGCCAC
3282,GTGTTCCTCATCCACC,537744,CGAATTAAGGTTCCGT
3283,GTTAACCAGGCTGTCA,538660,CGCTCAGTCTTGCAGC
3284,GTTAACGGTCATTACC,538930,GATCCTTCAGTTGGCG
3285,GTTAACGGTGCTAGAC,539009,GATCCTTCAGTAATCG
3286,GTTAACGGTGTGTGGT,539048,GATCCTTCAAAGGCCT
3287,GTTAAGCTCCACCTGT,539323,AGCTAGTAGGTAAGTC
3288,GTTAAGCTCTAGCTTT,539518,AGCTAGTAGGGAGTAA
3289,GTTAAGTGTGAGACTC,539749,AATCACGCAAAGAAGC
3290,GTTAAGTGTTGGTTCT,539917,AATCACGCACAAGGCT
3291,GTTAAGTGTTTGGCGG,539955,AATCACGCACATGCTT
3292,GTTACAGGTAGGTTGC,540408,TTTGAGGCAATAAACC
3293,GTTACAGGTGCTCCGT,540545,TTTGAGGCAACAAGTT
3294,GTTACCTGTAACGGGA,540738,ATCGTGACACTGGCAG
3295,GTTACCTGTACCTTAC,540766,ATCGTGACATTTCGCG
3296,GTTACCTGTACGCGCA,540768,ATCGTGACACCACAAA
3297,GTTACCTGTAGCTGCG,540784,ATCGTGACAGGTTTGA
3298,GTTACCTGTGATGAAA,540905,ATCGTGACATTAGCCT
3299,GTTACCTGTTAGCTGA,541005,ATCGTGACAACGGTAC
3300,GTTACCTGTTGCGGAT,541054,ATCGTGACATCCCAAT
3301,GTTACGCCACAGCCAT,541235,GCTTGATGTACCTTGG
3302,GTTACGCCATAATCCG,541403,GCTTGATGTGCTTTAA
3303,GTTACGTAGCGGATAA,541611,GAGCGGTTCCTCCCAC
3304,GTTACGTAGCTATTGA,541627,GAGCGGTTCCAGGTGA
3305,GTTACTAAGATGCCTG,541922,GTTTGTGTCCAAATAG
3306,GTTACTAAGGCAAGTA,542076,GTTTGTGTCTTGAATC
3307,GTTACTAAGGGATGCG,542116,GTTTGTGTCCGAAACG
3308,GTTACTAAGTAAGTCC,542170,GTTTGTGTCCTAGGTC
3309,GTTACTAAGTCAATCA,542187,GTTTGTGTCCACGTTA
3310,GTTACTCGTAAACAAG,542263,CCTAACTCAAATATGC
3311,GTTACTCGTCCCGGAA,542386,CCTAACTCAAATGAAG
3312,GTTACTCGTGATTTGG,542444,CCTAACTCACTAAGGC
3313,GTTAGACTCAACAAGG,542651,CTTCATGAGCAAGTGT
3314,GTTAGACTCCTTGCAC,542864,CTTCATGAGAGCAATC
3315,GTTAGGCGTTACATCC,543290,TGTAAACCAACAACAT
3316,GTTAGGCGTTACTTCA,543296,TGTAAACCATAAACCG
3317,GTTCACCTCAAGTGAG,543425,CCCAACTAGCAGCTCT
3318,GTTCACCTCCAAACAC,543528,CCCAACTAGATATTCC
3319,GTTCACCTCCCGAAGC,543552,CCCAACTAGGTGGATT
3320,GTTCATTTCAGCACGC,543850,ACAGGTTAGTTATGGA
3321,GTTCATTTCAGCTAAC,543853,ACAGGTTAGTATAGCA
3322,GTTCATTTCTTCAATC,544160,ACAGGTTAGAAGCTAC
3323,GTTCCCAGTGGTTAGC,544397,GGCTGCACAACCGTTT
3324,GTTCCCAGTGTTTGTC,544423,GGCTGCACACAAACGC
3325,GTTCCTGGTAACAGGG,544565,ATATAGCCAAACCCAA
3326,GTTCCTGGTAGGTTTG,544623,ATATAGCCACCAACAA
3327,GTTCCTGGTGTGTCCC,544793,ATATAGCCACTATGGA
3328,GTTCCTGGTTAAGCCA,544811,ATATAGCCAATCTGGA
3329,GTTCCTTCAACAACAA,544966,TCCGTGAGTTCAATTG
3330,GTTCCTTCAATTGCGC,545046,TCCGTGAGTACTAACC
3331,GTTCGCGCAACAGCCT,545353,CGATGAAGTCGATTAC
3332,GTTCGCGCACAATGCC,545442,CGATGAAGTCCAATTA
3333,GTTCGCTTCCGTCCAT,545887,GGTGATTAGGCAACAT
3334,GTTCTCATCAATGACC,546116,CTGATGGAGACTAATG
3335,GTTCTCATCCTAGTTT,546286,CTGATGGAGGTCCGTT
3336,GTTCTCATCCTCCTAA,546295,CTGATGGAGAAGGGTA
3337,GTTCTCATCGAGCTAT,546324,CTGATGGAGGTATGTA
3338,GTTCTCATCGATAACC,546328,CTGATGGAGGCCTTGT
3339,GTTCTTAGTACCGTTT,546515,GGCTGTGCAAATACGT
3340,GTTCTTAGTCAGGCAT,546582,GGCTGTGCAACCTCGC
3341,GTTCTTGTCAACCAAC,546868,CGTAATAAGTCTTGCA
3342,GTTCTTGTCTTAATGG,547218,CGTAATAAGATGAACC
3343,GTTGCATAGGCGGGTA,547464,CTACTAGTCAATACAG
3344,GTTGCATAGGCGTAAA,547465,CTACTAGTCCGGGTTT
3345,GTTGCATAGTAGCGCC,547543,CTACTAGTCTGTCAGC
3346,GTTGCCCGTGTCACGG,547853,ACTTCACCATAGCTAG
3347,GTTGCCCGTTTGTGGA,548009,ACTTCACCAACCCTTG
3348,GTTGCGGGTTAACGAT,548259,TGTTTCACAGTTTCCG
3349,GTTGCGGGTTTAGTCC,548367,TGTTTCACAATACCGA
3350,GTTGCTGAGCTGTAAC,548538,AAGTCCCTCTCGACTA
3351,GTTGGAGCAAACCCTA,548779,CGAGTTTGTAACAGGC
3352,GTTGGAGCAGCCAGTT,548992,CGAGTTTGTACGGTTT
3353,GTTGGAGCAGTCTATG,549050,CGAGTTTGTTGACCAT
3354,GTTGGCCAGGATCCGC,549352,GAAACACTCAGGTCGA
3355,GTTGGCGGTAAGCTCA,549558,TCACCTGCATAGCGAC
3356,GTTGGCGGTAATGACT,549570,TCACCTGCATCCTCAG
3357,GTTGGCGGTGATGGCT,549724,TCACCTGCATTCATTG
3358,GTTGGCGGTTGCATCT,549867,TCACCTGCATTTGTGC
3359,GTTGTGAGTCAAAGAA,550011,AGTGATTCATGTTGGA
3360,GTTGTGAGTTACGCAA,550191,AGTGATTCAAGGTATT
3361,GTTGTGAGTTACTTGC,550195,AGTGATTCATCAGTAG
3362,GTTGTTGCACGAACAG,550468,AGCGTTTGTCACACTG
3363,GTTGTTGCACTATGGC,550484,AGCGTTTGTACTAGGA
3364,GTTGTTGCAGCAATAA,550514,AGCGTTTGTACGTTTA
3365,GTTGTTGCAGGCTTCG,550561,AGCGTTTGTAACCGGG
3366,GTTTAACCAGTAGGAT,550961,AAACCAGGTGGATGCG
3367,GTTTACCGTACCAGGT,551108,CCAACAACATAATCGG
3368,GTTTACCGTAGGTTTG,551139,CCAACAACACCAACAA
3369,GTTTACCGTTGCAATG,551395,CCAACAACAACCGTAA
3370,GTTTAGCAGCACGTTG,551521,GGCTAAGTCGGCTATC
3371,GTTTAGCAGTCATTAG,551778,GGCTAAGTCATTAAGG
3372,GTTTCAGCAATGAGGT,552318,TCCTTGCGTCGCAATT
3373,GTTTCAGCACAATACT,552341,TCCTTGCGTTTCTCAT
3374,GTTTCAGCACACTAAT,552347,TCCTTGCGTTCACCTC
3375,GTTTCAGCATTAAAGG,552582,TCCTTGCGTCATTACA
3376,GTTTCAGCATTTAAGC,552609,TCCTTGCGTTCACTTT
3377,GTTTCTAGTAAGCTTG,553009,GGCGATTCACCTAAAG
3378,GTTTCTAGTAGTTGGC,553062,GGCGATTCAAGGGCTT
3379,GTTTCTAGTGTGCACG,553226,GGCGATTCAATACCCT
3380,GTTTCTAGTTCGCTCA,553303,GGCGATTCAGGTGAGA
3381,GTTTGTAAGGCAGGTG,553959,ATTAGCTTCGGGATGC
3382,GTTTGTAAGTATTGGC,554065,ATTAGCTTCACTTGCA
3383,GTTTGTTTCTTGATGA,554894,ATTCAAGAGGTTACTT
3384,GTTTGTTTCTTTAGGA,554905,ATTCAAGAGGTGTTAA
3385,TAAACAGCAAACTCAT,554917,AGCAAGCGTCAGTGCC
3386,TAAACAGCACCACAAC,555046,AGCAAGCGTGTTCCTC
3387,TAAACAGCACCCTCAC,555052,AGCAAGCGTAAGTGGC
3388,TAAAGCCTCAAGCGCC,555303,AACACTAAGCCTGTCG
3389,TAAAGCCTCCCGTTGT,555439,AACACTAAGGTAGCTG
3390,TAAAGCCTCCGCAAGC,555455,AACACTAAGATTCCGC
3391,TAAAGCCTCGGTTACG,555569,AACACTAAGGACTTAA
3392,TAACAAGCAAACCTTG,555681,ATGTTGCGTCCTCCAT
3393,TAACAAGCAATAACCT,555748,ATGTTGCGTCGAGGCA
3394,TAACAAGCACCCACCT,555819,ATGTTGCGTCCAGCAC
3395,TAACAAGCATCTTGAG,556005,ATGTTGCGTGATCCTG
3396,TAACCAGGTCAACAAT,556147,GCAGGAACACTAAGCA
3397,TAACCAGGTCACAGCG,556157,GCAGGAACACGCAATA
3398,TAACCAGGTCGAAGTC,556199,GCAGGAACAACAGAGG
3399,TAACCAGGTTAAGTGT,556316,GCAGGAACAGGAACCT
3400,TAACCGGTCGCTAAGT,556696,AACGGTTAGCTGGCAA
3401,TAACCGGTCTCACATT,556773,AACGGTTAGTCCTCCC
3402,TAACCTAAGGGCTTAT,557069,CGATATTTCAAATACG
3403,TAACCTAAGTATTGGC,557133,CGATATTTCACTTGCA
3404,TAACCTAAGTTGGCCA,557198,CGATATTTCCTTATGG
3405,TAAGCCAGTAAGCTTG,557225,AACCACACACCTAAAG
3406,TAAGCCAGTCACAGCG,557307,AACCACACACGCAATA
3407,TAAGCCAGTGCCGCAA,557400,AACCACACAAGGTCAC
3408,TAAGCCAGTTATAGCG,557497,AACCACACATTCAGGA
3409,TAAGCCTAGCATGCAT,557667,GCTTAATTCCCAATTG
3410,TAAGCCTAGTTATTCC,557956,GCTTAATTCATGAAGC
3411,TAAGCTATCACAGGAA,558009,TACCTGCAGCATTATC
3412,TAAGCTATCCTCATGC,558174,TACCTGCAGGTGAATC
3413,TAAGCTATCGGTACGC,558249,TACCTGCAGCCATAAA
3414,TAAGGACCAGCTAACC,558964,GCGAAACGTATGGTCT
3415,TAAGGCTTCGCACAAT,559370,GTAGGTTAGGCTAGCA
3416,TAAGGCTTCGCTAGCA,559382,GTAGGTTAGCCAGGAC
3417,TAAGTAGCAGGTATTT,559767,GTTAACCGTTACGCCA
3418,TAAGTAGCAGTTAAAG,559786,GTTAACCGTAAATAGC
3419,TAAGTGCTCAAACACC,559895,GGGCTTAAGTCCTCAA
3420,TAAGTGCTCATCACTT,559972,GGGCTTAAGCAATACA
3421,TAAGTGCTCCGCCTCA,560062,GGGCTTAAGTCACCAC
3422,TAAGTGCTCTTTGAGA,560277,GGGCTTAAGACATAGC
3423,TAATCACCAGCAAGGC,560482,TCACATAGTCGCATAT
3424,TAATCACCAGGCAAGC,560519,TCACATAGTAAACCCT
3425,TAATCACCAGGTATTT,560535,TCACATAGTTACGCCA
3426,TAATCACCATCCATCT,560597,TCACATAGTCACTCAG
3427,TAATGCATCCCGTTTA,561194,CTGGACAAGCAAGGAA
3428,TAATGCATCTAAGTGC,561356,CTGGACAAGCAATAGC
3429,TAATGCATCTAATCTC,561359,CTGGACAAGCTACCTA
3430,TAATGCATCTGTTCAT,561401,CTGGACAAGTTAGTAG
3431,TAATGGACAATTGCGC,561534,GCGTACCGTACTAACC
3432,TAATGGACACTAAGCC,561602,GCGTACCGTTAGGCGG
3433,TAATGGACAGGAAGCC,561663,GCGTACCGTGCGATTT
3434,TAATGGACAGTAGGAT,561699,GCGTACCGTGGATGCG
3435,TAATGGTGTGAGACTC,561983,ATGTGATCAAAGAAGC
3436,TAATGGTGTGTTGTAG,562054,ATGTGATCACTATACC
3437,TAATGGTGTTGGATCA,562145,ATGTGATCATCCTTAA
3438,TAATTGCCAGGCGATA,562444,TGGTAAGGTGGATTGA
3439,TAATTGCCAGGCTTCG,562449,TGGTAAGGTAACCGGG
3440,TACAACATCTAGCTTT,562902,GTCCATCAGGGAGTAA
3441,TACAACATCTTTAAGG,562960,GTCCATCAGTTTGTCG
3442,TACAATGTCCAGGTTG,563481,GCGTAATAGTCATGCC
3443,TACAGCTAGGGATGAC,563969,GCTAACCTCACAGCAG
3444,TACAGCTAGTTATGTG,564095,GCTAACCTCGACAAGT
3445,TACATCAAGGCCCAGT,564708,TTAAGCTTCAATCCAT
3446,TACATCAAGTAAGGGC,564791,TTAAGCTTCGGTTACC
3447,TACCAAATCACGCATG,564925,GCGCTTTAGTTACCCA
3448,TACCAAATCATTAGGC,564990,GCGCTTTAGCTTGCTA
3449,TACCAGGTCACCAATA,565303,ATTCATCAGCAAACAC
3450,TACCAGGTCCCATAAA,565407,ATTCATCAGTTAGGAC
3451,TACCCGGCAAGTGTTT,565722,TATTGTGGTGATGCAA
3452,TACCCGGCAGCAATAA,565858,TATTGTGGTACGTTTA
3453,TACCCGGCAGTCTAGC,565925,TATTGTGGTATAGTGG
3454,TACCCGGCATAAAGCA,565938,TATTGTGGTAATAAGC
3455,TACCGAAGTTACTTCA,566304,AGTTCCTCATAAACCG
3456,TACCGTTGTGTTAAAC,567037,CGGTGTGCACCGGTAG
3457,TACCTGCTCAAGCTAC,567580,TATGGACAGCAAGACT
3458,TACCTGCTCATTGCGG,567680,TATGGACAGGAAGTAG
3459,TACCTGCTCCCGTTAC,567714,TATGGACAGCTAAATG
3460,TACCTTAGTATTGGTG,568031,CGGCTAGCATCATGCT
3461,TACCTTAGTGCATTTC,568141,CGGCTAGCACCAGCTC
3462,TACCTTAGTGTTGTGA,568193,CGGCTAGCATGAAGCC
3463,TACCTTAGTTAGCGTA,568228,CGGCTAGCACCTTGCA
3464,TACCTTTAGAGGATAT,568371,CGCGATTTCGAAGTAC
3465,TACCTTTAGCGAAGTA,568438,CGCGATTTCAAATCGA
3466,TACCTTTAGTCGCTAG,568661,CGCGATTTCCATCAGC
3467,TACGCACCACTAAATC,568888,CCGTAATGTTTACCAA
3468,TACGCACCAGGCATCT,568960,CCGTAATGTAGGTTTC
3469,TACGCACCAGGTATTT,568975,CCGTAATGTTACGCCA
3470,TACGCACCATCACAGC,569030,CCGTAATGTTCCTGGA
3471,TACGCTTGTTACGCGG,569368,CGATGCGCAACGGTTA
3472,TACGCTTGTTGCGGAT,569428,CGATGCGCATCCCAAT
3473,TACGCTTGTTTGAGGC,569472,CGATGCGCACCAAAGC
3474,TACGGATTCATTAGGC,569590,TATACCTAGCTTGCTA
3475,TACGGATTCCTCATCA,569681,TATACCTAGGATCCAG
3476,TACGGATTCCTGTTCA,569695,TATACCTAGGTATAGC
3477,TACGGTTAGACACCGC,569885,CCTCGCTTCAGGAGGG
3478,TACGTACAGGATCACT,570827,ACCTTAGTCATTATGC
3479,TACGTACAGGCTGTGC,570867,ACCTTAGTCCGCTGTG
3480,TACGTACAGGGCCATC,570877,ACCTTAGTCACCCTCC
3481,TACGTACAGTATTGCA,570942,ACCTTAGTCCAGCTCG
3482,TACGTTAAGACAGGTA,571040,CTGCTAATCATCAGCC
3483,TACGTTAAGCAGGTGG,571090,CTGCTAATCGCGACTT
3484,TACGTTAAGTCCTTCA,571344,CTGCTAATCTCAGCTA
3485,TACTAAGTCAAGCCTG,571414,CCAACAGAGATTCACT
3486,TACTAAGTCAAGGACA,571418,CCAACAGAGTTTCACG
3487,TACTCAAAGAGAAGGG,571815,GTAGTCCTCCCAAAGG
3488,TACTCAAAGCAAGACA,571840,GTAGTCCTCGCATTAT
3489,TACTCAAAGCGCAATT,571899,GTAGTCCTCAATAGGC
3490,TACTCAAAGCTTGCTC,571944,GTAGTCCTCCTAATCG
3491,TACTCAAAGGTGTCCA,572061,GTAGTCCTCCTCACGG
3492,TACTCGCTCGCTATAA,572430,TAGTTTCAGGATTGAC
3493,TACTGACAGCACGTTG,572619,ACCTAATTCGGCTATC
3494,TACTGACAGGTAGCTT,572812,ACCTAATTCAATGAGC
3495,TACTGACAGTATTGCA,572862,ACCTAATTCCAGCTCG
3496,TACTGAGGTATACTGG,573009,ACGCTAACACAGCAAC
3497,TACTGAGGTTTGGTTC,573319,ACGCTAACACATGCAA
3498,TACTGCACATGACTAT,573656,TAACCCGGTTAGCTCG
3499,TACTGGCCAACACCTA,573731,GAAACGCGTTTCCTCA
3500,TACTGGCCAATCATGT,573790,GAAACGCGTAGAGGGA
3501,TACTGGCCACATTAAC,573840,GAAACGCGTTCACGCA
3502,TACTGGCCACGAATTT,573868,GAAACGCGTACCGTGC
3503,TACTGGCCACTAAGCC,573878,GAAACGCGTTAGGCGG
3504,TACTGGCCATAGACCC,574006,GAAACGCGTAAAGGTT
3505,TACTGGCCATAGGCGA,574013,GAAACGCGTGCACAAA
3506,TACTGGCCATGAATAG,574038,GAAACGCGTTATCCGG
3507,TACTGGCCATTGTGCA,574085,GAAACGCGTTAGCCAT
3508,TACTTCGTCATGCCTC,574180,GAGGGTGAGTTGTCAT
3509,TACTTCGTCATGCGTG,574181,GAGGGTGAGCTAATCT
3510,TACTTGTTCAGGGCCT,574539,TAATGTGAGCCGATAG
3511,TACTTGTTCATTAGTG,574581,TAATGTGAGAAATGCC
3512,TACTTGTTCATTCATC,574583,TAATGTGAGACAAGCT
3513,TACTTGTTCCCTCAAC,574623,TAATGTGAGATTGACA
3514,TACTTGTTCGTGCCTT,574762,TAATGTGAGGACACGC
3515,TAGACCAGTCAAGTGC,574948,CTAAGATCATCCGCTA
3516,TAGACCAGTTTGGCTT,575234,CTAAGATCAATCTCTA
3517,TAGAGCCGTCACAAAT,575334,CCCTTCTCAGGAGGAC
3518,TAGAGCCGTCCGTGAG,575368,CCCTTCTCATGGTTAG
3519,TAGCAGGCAATTTAGC,575727,GGGCCTTGTTATATCG
3520,TAGCAGGCATCAGCAC,575936,GGGCCTTGTTGTGCGC
3521,TAGCAGGCATGAGCAG,575957,GGGCCTTGTCATAACC
3522,TAGCATATCAGCATTA,576063,GTGCAATAGCGAAGTT
3523,TAGCATATCATGGTGT,576103,GTGCAATAGCGGTCAA
3524,TAGCATATCCAAACAC,576124,GTGCAATAGATATTCC
3525,TAGCATATCCCGTTGT,576153,GTGCAATAGGTAGCTG
3526,TAGCCTGAGCCACAAT,577239,CAGCTACTCGATCCGT
3527,TAGCCTGAGCTCCTTA,577295,CAGCTACTCGAAGCAT
3528,TAGCCTGAGCTGTAAC,577302,CAGCTACTCTCGACTA
3529,TAGCCTTGTCACAGCG,577637,TCCTCCTCACGCAATA
3530,TAGCCTTGTTAGGTTG,577823,TCCTCCTCATTAACCC
3531,TAGCGCGGTAACGGGA,577932,ACGGATCCACTGGCAG
3532,TAGCGCGGTGCTGTAA,578123,ACGGATCCATAACCAG
3533,TAGCGCGGTGTTGTAG,578162,ACGGATCCACTATACC
3534,TAGCGCGGTTAAGCGC,578174,ACGGATCCAACCGCTC
3535,TAGCGCGGTTAGCCAA,578197,ACGGATCCAAAGTGAA
3536,TAGCGCGGTTCACCCA,578218,ACGGATCCAGCTAACA
3537,TAGCGCGGTTGGCCGA,578254,ACGGATCCAAACCTAG
3538,TAGCGGACAGAAACGT,578493,CATAACCGTGCACGCT
3539,TAGCGGCTCGAAGTGA,578914,CGAAGTTAGGATTGCG
3540,TAGCTAGGTAAGCTCA,579470,TCACTGTCATAGCGAC
3541,TAGCTAGGTGATGAGG,579634,TCACTGTCAGTTAAAC
3542,TAGCTAGGTGTGCACG,579688,TCACTGTCAATACCCT
3543,TAGCTAGGTGTTTGCT,579700,TCACTGTCATCCTAGT
3544,TAGCTTAAGCGGTTAT,579959,CATCCTTTCGCGAAGC
3545,TAGCTTAAGCTTACTT,579988,CATCCTTTCGCACACT
3546,TAGCTTGCAACAACAA,580246,CTAGCCAGTTCAATTG
3547,TAGCTTGCACAAGCCT,580336,CTAGCCAGTTCATTGA
3548,TAGCTTGCATCGTTCT,580549,CTAGCCAGTTATTGTG
3549,TAGGAACCAAACGCGA,580612,ATTGTCAGTCATGGTT
3550,TAGGAACCAGGTTAAA,580865,ATTGTCAGTTAACACC
3551,TAGGAACCAGTGAACG,580881,ATTGTCAGTATGTTGC
3552,TAGGAGGGTCATTGTC,581109,TTCATTGCAATTGCCT
3553,TAGGCTAGTAACGAGG,581765,ACCTAAGCAGGTCCCT
3554,TAGGCTAGTATGGTGC,581827,ACCTAAGCAGTATTGG
3555,TAGGCTAGTGCTCCGT,581955,ACCTAAGCAACAAGTT
3556,TAGGCTGTCGTGCCTT,582426,CAACCTCAGGACACGC
3557,TAGGCTTAGGGCTAAA,582764,AATCACTTCGCTAGAG
3558,TAGGCTTAGGGTCTAT,582768,AATCACTTCTCAAATC
3559,TAGGCTTAGTGAGGTA,582863,AATCACTTCAGGATCG
3560,TAGGCTTAGTTTGCGG,582903,AATCACTTCTTGACCA
3561,TAGGGTTTCCATAAGC,583040,ATCATGAAGGAGCTTG
3562,TAGGTGCGTCATGCAA,583404,CTAAGTGCAAGCCTGG
3563,TAGGTGCGTGCGCGTA,583484,CTAAGTGCAAGTGCCG
3564,TAGGTGCGTTAAATGC,583536,CTAAGTGCATTGTCTA
3565,TAGGTTATCCCTCGCA,583825,CATAGGTAGCCGGTAA
3566,TAGGTTATCTAAGTGC,583982,CATAGGTAGCAATAGC
3567,TAGGTTATCTAATCTC,583985,CATAGGTAGCTACCTA
3568,TAGGTTGGTCATCAAG,584166,CGTGTTTCAGCTCAAA
3569,TAGGTTGGTCATTGAG,584174,CGTGTTTCATGCTCCA
3570,TAGGTTGGTTCGGTAA,584368,CGTGTTTCAAACAAAG
3571,TAGTAACGTAGGTGTC,584498,GCCACCTCACGCCCAT
3572,TAGTAACGTCATTGTC,584557,GCCACCTCAATTGCCT
3573,TAGTAACGTCGACTAA,584578,GCCACCTCAGTTTCTA
3574,TAGTAACGTTAGCTGA,584715,GCCACCTCAACGGTAC
3575,TAGTAAGCACATAGCC,584952,TGACCTGGTAATCCCG
3576,TAGTAAGCAGCTACGT,585044,TGACCTGGTGAAACAT
3577,TAGTAAGCAGGGAGCT,585075,TGACCTGGTGAGCATA
3578,TAGTAAGCAGTACCGT,585087,TGACCTGGTATAGCTC
3579,TAGTAAGCATGTTGCA,585171,TGACCTGGTTTGGTTA
3580,TAGTACGGTGTTTCAC,585446,CCATTGTCAAGGATTT
3581,TAGTACGGTTATCGAG,585494,CCATTGTCATCCTGGC
3582,TAGTACGGTTGTTCAC,585549,CCATTGTCAAATAAGG
3583,TAGTAGGAGAACCTAC,585591,TGCTCAATCATTAACC
3584,TAGTAGGAGGAGGGTT,585771,TGCTCAATCGCTATGC
3585,TAGTAGGAGGCATTAC,585790,TGCTCAATCAAAGGGA
3586,TAGTAGGAGGTCGAGG,585851,TGCTCAATCAGCCTGT
3587,TAGTGAGAGCCGCTAA,586444,GTGGCTTTCAGTTTAC
3588,TAGTGAGAGGACTTAC,586533,GTGGCTTTCGCCTGTG
3589,TAGTGAGAGTAACTCA,586643,GTGGCTTTCCCTGGTG
3590,TAGTGAGAGTAGCGGG,586654,GTGGCTTTCTAACCGC
3591,TAGTGAGAGTCAATCA,586663,GTGGCTTTCCACGTTA
3592,TAGTGGCGTAGGTTAT,586799,ACACCGGCATTATCTG
3593,TAGTGGCGTCAATAGT,586830,ACACCGGCAGGGAGTA
3594,TAGTGTGGTTTATCTG,587479,GGGAAGCCATAATGGT
3595,TAGTTGTCAGGTTCAC,587764,GGACAACGTCCTGACA
3596,TAGTTTGAGCAAGATG,587939,AAAGTCATCACACAAA
3597,TAGTTTGAGTGTGATC,588233,AAAGTCATCGCTTTAG
3598,TATAACCCAATAGCCC,588349,TAATTCGGTTGAAGCA
3599,TATAACCCACAATGCC,588386,TAATTCGGTCCAATTA
3600,TATAACCCACTCAACA,588447,TAATTCGGTTAACCAC
3601,TATAACCCATATTGAC,588580,TAATTCGGTGCCGGAA
3602,TATAGCCAGCTTGCTC,588810,TGCAGGATCCTAATCG
3603,TATAGCCAGTTATTCC,589018,TGCAGGATCATGAAGC
3604,TATAGGTGTCGACTAA,589562,GATTGCACAGTTTCTA
3605,TATAGGTGTGGTTAGC,589641,GATTGCACAACCGTTT
3606,TATAGGTGTTCATCTA,589720,GATTGCACAGGTAAGG
3607,TATATCCTCCTCAGCT,589999,AAGTAGGAGTAAAGCC
3608,TATATCCTCGTCCTTA,590091,AAGTAGGAGCGGGAAG
3609,TATATCCTCTATCGCC,590127,AAGTAGGAGGCTAATA
3610,TATATCCTCTTGCTAT,590178,AAGTAGGAGCCATCAC
3611,TATCACAAGATAACCC,590229,GTCATCATCATTTAGC
3612,TATCACGCAACTAGGG,590612,GAGGAAGGTTAGTTGC
3613,TATCACGCAATGAAGC,590662,GAGGAAGGTATAGCGA
3614,TATCCAGCAGGCAAGC,591197,GACTTCGGTAAACCCT
3615,TATCCGGAGACAACGA,591355,CACTATGTCTTTAGCG
3616,TATCCGGAGATGGACA,591385,CACTATGTCTCAAGAA
3617,TATCCGGAGCATCCAG,591412,CACTATGTCATCAGTT
3618,TATCCGGAGGAGTCGG,591528,CACTATGTCAATCGGG
3619,TATCCGGAGGAGTCTT,591529,CACTATGTCGATAAGC
3620,TATCCGGAGGTTTGCG,591621,CACTATGTCAGCCTTA
3621,TATCGCACAGCCTAAC,592324,GCTAAAGGTAAACCAG
3622,TATCGCACATAACGGG,592393,GCTAAAGGTCCTCCCA
3623,TATGAAGCAGTAAGTA,593139,TCTTACTGTGAACCGG
3624,TATGACATCCGTGACA,593436,GTTACAAAGATTGCCC
3625,TATGACATCTTGCAGG,593630,GTTACAAAGCTTCCTT
3626,TATGACTCAATATGGA,593725,GTCAAAGGTGCAATAG
3627,TATGACTCACCTGCCT,593798,GTCAAAGGTATATTCG
3628,TATGACTCAGCGCTTG,593863,GTCAAAGGTGGACAAC
3629,TATGACTCAGCTAACC,593864,GTCAAAGGTATGGTCT
3630,TATGCATCACAATGTT,594143,ATTTACGGTTAAAGAC
3631,TATGCATCAGTTAGCC,594303,ATTTACGGTCCCTCTG
3632,TATGCATCATTAGCGC,594386,ATTTACGGTACTGATC
3633,TATGGATGTGCCGCAA,594600,ATGGATTCAAGGTCAC
3634,TATGGATGTTAGGACC,594688,ATGGATTCACGCTAGG
3635,TATGGATGTTGTTGGA,594757,ATGGATTCATCCTCCT
3636,TATGGCCCAGCAAGGC,594996,AAAGGAAGTCGCATAT
3637,TATGGGCGTAAACAAG,595177,ACGTCAACAAATATGC
3638,TATGGGCGTAGGTTGC,595238,ACGTCAACAATAAACC
3639,TATGGGCGTCCAAGAC,595297,ACGTCAACACTAGTAG
3640,TATGGGCGTGCACGCA,595362,ACGTCAACATAAGCAT
3641,TATGGGCGTGCTGGTG,595376,ACGTCAACAAGTGCAC
3642,TATGGGCGTTCCGGCT,595479,ACGTCAACATGCCTGC
3643,TATGGTCAGCACAGAA,595616,CACTCAATCTTAAGGA
3644,TATGGTCAGGAGGCAT,595742,CACTCAATCTTGTCGA
3645,TATGGTCAGTAGCCAT,595856,CACTCAATCCCTCATT
3646,TATGTGATCATAGACC,596018,ATGCGATAGTCCTTGA
3647,TATGTGATCCGTAAAC,596118,ATGCGATAGCGCTCCA
3648,TATGTGATCCTAGTAA,596132,ATGCGATAGTGCTCCG
3649,TATGTGATCCTTAGGG,596156,ATGCGATAGCATCCTA
3650,TATGTGATCTGTGCAG,596295,ATGCGATAGCGGTTAG
3651,TATTAGCCACAATACT,596825,ATGTTTGGTTTCTCAT
3652,TATTAGCCACCCACCT,596853,ATGTTTGGTCCAGCAC
3653,TATTAGCCACTGACTA,596890,ATGTTTGGTTAAACGG
3654,TATTAGGTCATTAGCA,597199,TGCTGGAAGCTATATC
3655,TATTGACCAGTTGCGT,598142,TACCTTTGTGAACGGT
3656,TATTTGGAGACACTTA,598648,GGAGGCTTCCTAAGCC
3657,TCAAACCAGGGTTAGA,599264,TCCCAAATCCAGCTAC
3658,TCAAACCAGGTCGATT,599280,TCCCAAATCTCTCGCC
3659,TCAAACCAGTAAGAAC,599304,TCCCAAATCCTTCAAG
3660,TCAACAATCAATGTCA,599422,GGCTATGAGCTTTACG
3661,TCAACAATCACAAGCT,599426,GGCTATGAGCTAACGG
3662,TCAACAATCGAGGTGG,599631,GGCTATGAGTAAGTCA
3663,TCAACAATCGCTAAGT,599652,GGCTATGAGCTGGCAA
3664,TCAAGAACACAACAGG,599894,TTAGGAGGTATTGCGT
3665,TCAAGAACAGGAACTG,600014,TTAGGAGGTCCGTTAG
3666,TCAAGAACAGTTTCTC,600064,TTAGGAGGTCACGATT
3667,TCAAGAACATGGCCTG,600127,TTAGGAGGTTCCGGAC
3668,TCAAGACTCACCAATA,600201,GGTCACAAGCAAACAC
3669,TCAAGACTCGATTCTT,600404,GGTCACAAGTGAGCCA
3670,TCAAGCTAGACAGGCG,600569,TATATGCTCACTATGT
3671,TCAAGCTAGGCGAATA,600764,TATATGCTCCTGCAAC
3672,TCAAGCTAGGGCTTAT,600793,TATATGCTCAAATACG
3673,TCAAGCTAGGTGAAGC,600819,TATATGCTCATAGCCC
3674,TCAAGGAAGCTCAAAC,601068,TGCGGAATCGGTAATA
3675,TCAAGGAAGTAATCCA,601228,TGCGGAATCAGCTAAA
3676,TCAAGGAAGTGACCTG,601270,TGCGGAATCTAGGCGA
3677,TCAAGGAAGTTAGAGG,601288,TGCGGAATCTAAGCTT
3678,TCAAGGTTCGAGGAGT,601550,TACCCGTAGTTCGCGT
3679,TCAAGGTTCGGTCAGC,601593,TACCCGTAGGCAATAC
3680,TCAAGTATCGGGACCT,601970,ACCTTTGAGCTGGATG
3681,TCAAGTATCTCAATTC,602030,ACCTTTGAGCTTAGGG
3682,TCAATCGCATCACTTC,602399,TTAGCCGGTAAAGCAT
3683,TCACATAAGCACGTTG,602533,GCATCACTCGGCTATC
3684,TCACATAAGCCTCTCG,602565,GCATCACTCCTGCCAG
3685,TCACATAAGTTATGTG,602833,GCATCACTCGACAAGT
3686,TCACCGGCATGGCCCA,603198,CATGCCAGTACTTCGG
3687,TCACCTCAGCCGCAAC,603326,ACTGGCTTCTTTGGGC
3688,TCACCTCAGCGCTCAA,603354,ACTGGCTTCGCTTGTA
3689,TCACCTGGTAAGGTCC,603638,GATTCAGCAATTTGGG
3690,TCACCTGGTCATCCTG,603734,GATTCAGCAATAAAGG
3691,TCACTGACAATCATGT,604472,ACTAACCGTAGAGGGA
3692,TCACTGACATGGCCTG,604733,ACTAACCGTTCCGGAC
3693,TCAGCCTTCATGTTTC,605255,GGAGGATAGGCAATCG
3694,TCAGCCTTCATTACGA,605257,GGAGGATAGGCACTAG
3695,TCAGCCTTCATTACTC,605258,GGAGGATAGGGTTAAC
3696,TCAGCCTTCCCGCAAA,605297,GGAGGATAGATTCAAG
3697,TCAGCCTTCCTAATTC,605342,GGAGGATAGCTTGAAA
3698,TCAGCCTTCGCAATCG,605397,GGAGGATAGCCGCAAA
3699,TCAGCGATCCGCAAAT,605699,GCGGGTTAGACCAGGC
3700,TCAGCGATCTAAATCG,605841,GCGGGTTAGCTATTGT
3701,TCAGGAGCAGGCTGTT,606174,TTTAGGCGTTCATTCT
3702,TCAGGAGCATTGCAGC,606293,TTTAGGCGTTGGTTTA
3703,TCAGGTCCACCTGTAA,606465,GGAAATTGTTTATGGC
3704,TCAGGTCCAGCAACCT,606508,GGAAATTGTTCTGGCA
3705,TCAGGTCCAGCACGTT,606515,GGAAATTGTCAGTAAG
3706,TCAGGTCCAGGACCTT,606543,GGAAATTGTTGCTCTC
3707,TCAGGTTAGAATGACG,606701,CCAAGCTTCCCACCCT
3708,TCAGGTTAGCTCCTTA,606829,CCAAGCTTCGAAGCAT
3709,TCAGGTTAGTAAGTGG,606983,CCAAGCTTCCTAACTG
3710,TCAGTAATCGCAATCG,607317,CGAGAGGAGCCGCAAA
3711,TCAGTAGGTATTGCAG,607535,CGAGCTGCAAGGAAGT
3712,TCAGTAGGTCGTAAAT,607604,CGAGCTGCATTTCATG
3713,TCAGTGAGTATTCGCT,607914,CGAATATCAGGATGGA
3714,TCATAACCAGCTTAAT,608449,GATGGACGTGGTGAAC
3715,TCATAACCAGTAGGAT,608491,GATGGACGTGGATGCG
3716,TCATACTTCTCCATGC,608942,TTGTTGTAGTTACATC
3717,TCATCCATCACAGACT,609020,GCCTGTTAGCTTACTG
3718,TCATGAGGTTCGCTTG,609684,CGGGTCACACTTGCTG
3719,TCATGCCTCCTAAGTA,609941,TTCCTGAAGTTTCTGG
3720,TCATGCCTCGGTTACG,610033,TTCCTGAAGGACTTAA
3721,TCATGTTTCTCGACCT,610479,ACTCCTAAGTATTTGC
3722,TCATTACTCAATCATG,610543,GGCCAGTAGTACCGGA
3723,TCATTGCGTAGGATTT,610967,ATAAGGACATATTGCC
3724,TCATTGCGTGGGTACT,611124,ATAAGGACAATATCCC
3725,TCATTGCGTGGTTAGC,611127,ATAAGGACAACCGTTT
3726,TCATTGCGTTTAGCTC,611264,ATAAGGACAGCAAGCT
3727,TCATTGTTCAATGAGG,611313,TGTTACTAGTTGCAAA
3728,TCATTGTTCCTCAGCT,611485,TGTTACTAGTAAAGCC
3729,TCCAGCAAGCCGCAAC,612528,AAGGGCCTCTTTGGGC
3730,TCCAGCAAGGCTAGAA,612666,AAGGGCCTCACAGCCT
3731,TCCAGCAAGGGATGCG,612678,AAGGGCCTCCGAAACG
3732,TCCAGCAAGGTCCTAG,612703,AAGGGCCTCCTCAAGC
3733,TCCAGCAAGTAAAGGT,612723,AAGGGCCTCTAAGCGG
3734,TCCAGCAAGTGAGCAA,612778,AAGGGCCTCTAATCGT
3735,TCCAGGATCTCTAGCC,613166,TTGCTCAAGATTCCTG
3736,TCCATAAAGCATTTCT,613673,CAATGAATCCAAATTC
3737,TCCATAAAGGAGTCTT,613781,CAATGAATCGATAAGC
3738,TCCATATTCAGGAACA,614036,GGAAGTAAGAGAGGCG
3739,TCCATCATCAAGCGCC,614371,CATATAGAGCCTGTCG
3740,TCCATCATCACACAGT,614389,CATATAGAGTCCCGCA
3741,TCCATCATCGCTAGAT,614615,CATATAGAGAATGACC
3742,TCCATCATCTTAGGGT,614723,CATATAGAGCATTAAG
3743,TCCATGCTCAGGCTAT,614808,TACCTTGAGGCACGTA
3744,TCCATGCTCAGGTTTA,614811,TACCTTGAGTGCACCT
3745,TCCATGCTCATAGACC,614820,TACCTTGAGTCCTTGA
3746,TCCATGCTCATGCTAA,614836,TACCTTGAGCTCGACT
3747,TCCATTGTCCGCACAA,615292,ATAGCTAAGTAAACTG
3748,TCCATTGTCGATTATG,615365,ATAGCTAAGGAACAAG
3749,TCCATTGTCGCAATCG,615371,ATAGCTAAGCCGCAAA
3750,TCCATTGTCTTAGTCT,615492,ATAGCTAAGATTGAGC
3751,TCCCGGACAGCTTAAT,615739,AAGTAACGTGGTGAAC
3752,TCCCGGACATAGCTGC,615817,AAGTAACGTCATCATA
3753,TCCCGTTAGCCTGTGA,615997,GCTTGACTCCGCACAT
3754,TCCCGTTAGGCTACTG,616121,GCTTGACTCCTTGAGC
3755,TCCCGTTAGGGACGCA,616131,GCTTGACTCCACCCTC
3756,TCCCGTTAGGTCCAAT,616156,GCTTGACTCCACAATT
3757,TCCCGTTAGTTAGTTG,616255,GCTTGACTCTACCTGA
3758,TCCCTCACAGTCTAGC,616553,CGATCATGTATAGTGG
3759,TCCCTGGTCCGCACAA,616828,AATAGCCAGTAAACTG
3760,TCCGCCATCAATGAGG,617071,AAGCCATAGTTGCAAA
3761,TCCGCCATCAGCAAAG,617101,AAGCCATAGTAATGCA
3762,TCCGCCATCCTCGATC,617250,AAGCCATAGAACCTGG
3763,TCCGGAATCTAACCAA,617736,GATCATAAGGCTTAGG
3764,TCCGGAATCTCACAAA,617761,GATCATAAGGCATGGC
3765,TCCGGAATCTGTTCAT,617787,GATCATAAGTTAGTAG
3766,TCCGGTAAGCAGGTTT,617887,ACGCCCATCGCCTAAC
3767,TCCGGTTTCAATGACC,618222,GGTCCTTAGACTAATG
3768,TCCTAGTGTCATGCAA,618698,GTAGGAGCAAGCCTGG
3769,TCCTAGTGTGGAGCAA,618793,GTAGGAGCAGCCTAAA
3770,TCCTAGTGTTGGCCGA,618916,GTAGGAGCAAACCTAG
3771,TCCTCACAGCAGGTGG,619420,ACGTTATTCGCGACTT
3772,TCCTCACAGCCAGTAT,619436,ACGTTATTCCCGGAAA
3773,TCCTCACAGGGCCATC,619591,ACGTTATTCACCCTCC
3774,TCCTCACAGGTTAGAG,619627,ACGTTATTCAATCGTT
3775,TCCTCACAGTGACCTG,619686,ACGTTATTCTAGGCGA
3776,TCCTCTAAGATAGACG,619777,AAGCGATTCATAATGG
3777,TCCTCTAAGGTCCAAT,619994,AAGCGATTCCACAATT
3778,TCCTGGTTCACGAATC,620158,CTCAGGAAGGATTATG
3779,TCCTGGTTCGGTACGC,620391,CTCAGGAAGCCATAAA
3780,TCCTGTTCAGCATGAG,620713,GAGACTAGTTACTCCC
3781,TCCTGTTCAGTAGCCT,620770,GAGACTAGTTGCTCAG
3782,TCCTGTTCAGTTATCG,620780,GAGACTAGTTTATTCC
3783,TCCTTAGTCCCATAAA,621025,TGGTTGGAGTTAGGAC
3784,TCCTTAGTCCCTGATC,621042,TGGTTGGAGCATATAG
3785,TCCTTAGTCCTCCTAA,621087,TGGTTGGAGAAGGGTA
3786,TCCTTAGTCGAGGAAC,621117,TGGTTGGAGCGATGCA
3787,TCCTTAGTCTCGACCT,621225,TGGTTGGAGTATTTGC
3788,TCCTTCAAGCCACAAT,621353,CATGTTGTCGATCCGT
3789,TCCTTCAAGCTATATG,621400,CATGTTGTCGTTAAAG
3790,TCCTTCAAGGTCGAGG,621535,CATGTTGTCAGCCTGT
3791,TCCTTCAAGGTTTGCG,621551,CATGTTGTCAGCCTTA
3792,TCCTTCAAGTTATGTG,621633,CATGTTGTCGACAAGT
3793,TCCTTGCAGCTAATTG,621781,CCAAGGATCCTAGTGC
3794,TCCTTGCAGGGTGAAC,621901,CCAAGGATCCACTATG
3795,TCCTTGCAGGTCAAAG,621912,CCAAGGATCCTTTAGG
3796,TCCTTTACAAGCGAGC,622086,AGTGTGAGTGAGTCCC
3797,TCCTTTACAGCAAGGC,622242,AGTGTGAGTCGCATAT
3798,TCGATTAAGCGAAGTA,622908,CACGGTTTCAAATCGA
3799,TCGATTAAGGTCGATT,623070,CACGGTTTCTCTCGCC
3800,TCGCATTGTAGCAGCT,623238,TAACACGCAGGAAGCA
3801,TCGCATTGTCAAAGGG,623274,TAACACGCATGCAACA
3802,TCGCATTGTTGGCCGA,623520,TAACACGCAAACCTAG
3803,TCGCCCATCTCACAAA,623899,TCATGCCAGGCATGGC
3804,TCGCGAGGTATTGAGT,624030,ATCAGCACACTCGCAC
3805,TCGCGAGGTGATCAGC,624129,ATCAGCACAGCCAAAC
3806,TCGCTAACAGCCAGAA,624935,CGTAATCGTGGTTCTG
3807,TCGCTAACATGAATCT,625053,CGTAATCGTTTATGTG
3808,TCGGTAAGTACCCACC,625137,GCCTGAGCACCTTCTC
3809,TCGGTAAGTCCTCCAA,625237,GCCTGAGCAGAGAGGC
3810,TCGGTAAGTCTCAGCC,625259,GCCTGAGCAACAAAGA
3811,TCGGTAAGTGCGCGTA,625298,GCCTGAGCAAGTGCCG
3812,TCGGTTACAAGGACCA,625541,TCATTCTGTAACCGCC
3813,TCGGTTCTCACTAATG,625916,TCCTCAAAGACTCCTA
3814,TCGGTTCTCGCAATCG,626113,TCCTCAAAGCCGCAAA
3815,TCGGTTCTCGCTAAAC,626123,TCCTCAAAGGTGCACA
3816,TCGGTTCTCTAATCAG,626181,TCCTCAAAGTATTGGA
3817,TCGGTTTGTAGGATCC,626312,ATTCGCTCAAGGCTGT
3818,TCGTCAACAGCCGCTA,627237,AGTGGCGGTGTCCGTA
3819,TCGTGCTTCGCAGGCT,627650,GGTTGTGAGGTCATTT
3820,TCGTGCTTCGGTAACT,627676,GGTTGTGAGTTACGTT
3821,TCGTTAAAGGCGCTTA,628006,TCCAGGTTCCAATTAC
3822,TCGTTAAAGGTAACGA,628040,TCCAGGTTCATGCGGA
3823,TCGTTAAAGTCAATTG,628098,TCCAGGTTCTTTGGTG
3824,TCGTTACGTAAAGCGG,628175,AGAAAGCCACGGTCAG
3825,TCGTTACGTAAATTGC,628176,AGAAAGCCACCTTCCT
3826,TCGTTACGTAGTTGGC,628240,AGAAAGCCAAGGGCTT
3827,TCGTTACGTGCATTTC,628361,AGAAAGCCACCAGCTC
3828,TCGTTACGTGTTGCAA,628410,AGAAAGCCACCGTTAT
3829,TCGTTACGTTGCACAA,628492,AGAAAGCCAGGTGGAA
3830,TCGTTATTCACTAAGC,628983,TGTTTGTAGTCTAGCC
3831,TCGTTATTCAGCTAAC,628997,TGTTTGTAGTATAGCA
3832,TCGTTATTCAGGATGA,629000,TGTTTGTAGGGCTTTC
3833,TCGTTATTCTGGTCCT,629287,TGTTTGTAGTCAACAA
3834,TCGTTTCCAGTCTATG,629596,CGGAAACGTTGACCAT
3835,TCGTTTCCATTGTTGG,629704,CGGAAACGTCACCAAT
3836,TCTAACCGTGAAGCCT,629869,AGGGATGCACCTCAGC
3837,TCTAACCGTTAAGTGT,629962,AGGGATGCAGGAACCT
3838,TCTAAGGGTGGTTATG,630692,TTGCATCCAAAGGAAC
3839,TCTAAGGGTTCACCCA,630768,TTGCATCCAGCTAACA
3840,TCTAATCTCCAGGTTG,630987,CTCATTGAGTCATGCC
3841,TCTAATCTCCGGTTAG,631028,CTCATTGAGGGTCCAA
3842,TCTAATCTCTTGAGCG,631222,CTCATTGAGTCACCTA
3843,TCTACCTCACAGAACG,631361,GCGATAAGTATTCAGC
3844,TCTACCTCAGGCTGTT,631490,GCGATAAGTTCATTCT
3845,TCTACCTCATATTGAC,631548,GCGATAAGTGCCGGAA
3846,TCTAGCACAATCGCAC,632092,CCTCAAGGTTACAACC
3847,TCTAGCACACCTCAGG,632158,CCTCAAGGTGAGTTTC
3848,TCTAGCACAGTAGCCT,632272,CCTCAAGGTTGCTCAG
3849,TCTAGCACATCTTGAG,632333,CCTCAAGGTGATCCTG
3850,TCTAGCACATGACTAT,632338,CCTCAAGGTTAGCTCG
3851,TCTAGCGAGCCTGACA,632869,GTCCTAATCGACCTTA
3852,TCTAGCGAGCCTGAGC,632870,GTCCTAATCCTTCATC
3853,TCTAGCGAGCGGGCAA,632892,GTCCTAATCCCTCACC
3854,TCTAGCGAGGTCCTAG,633035,GTCCTAATCCTCAAGC
3855,TCTAGCGAGTAGCTTA,633073,GTCCTAATCCCATAGC
3856,TCTAGCGAGTTATGTG,633135,GTCCTAATCGACAAGT
3857,TCTATGTTCAGCAAAG,633209,TTAGCTTAGTAATGCA
3858,TCTATGTTCCCTCACG,633306,TTAGCTTAGGCTTATT
3859,TCTATGTTCTAGCGAT,633475,TTAGCTTAGGCAGGTC
3860,TCTATGTTCTCGACCT,633495,TTAGCTTAGTATTTGC
3861,TCTCAAGCAACTCGCG,633581,GGGTTGGGTGCGCAAG
3862,TCTCAAGCAAGGTAAC,633599,GGGTTGGGTTAGCTAC
3863,TCTCAAGCACCAAAGG,633676,GGGTTGGGTTTCCAAA
3864,TCTCAAGCAGTTATCG,633818,GGGTTGGGTTTATTCC
3865,TCTCAATTCATGGTTA,634022,CGCGATAAGTTACCGC
3866,TCTCACCAGACAGGTA,634328,GAGTGATTCATCAGCC
3867,TCTCACCAGCGCTCAA,634424,GAGTGATTCGCTTGTA
3868,TCTCACCAGTTGGGCC,634681,GAGTGATTCTTTGTGG
3869,TCTCCTCGTAAGCTCA,634706,GATAAAGCATAGCGAC
3870,TCTCCTCGTACGCGCA,634732,GATAAAGCACCACAAA
3871,TCTCCTCGTAGCCTCC,634745,GATAAAGCATGAGCTA
3872,TCTCGCCCATGAGCAG,635409,CTGATTAGTCATAACC
3873,TCTGGCTTCATCAGTA,635537,AAAGCGAAGCTTAGCC
3874,TCTGGCTTCCTAGTTT,635650,AAAGCGAAGGTCCGTT
3875,TCTGGCTTCGAGCTAT,635688,AAAGCGAAGGTATGTA
3876,TCTGGCTTCGCATTAA,635706,AAAGCGAAGCTAGTTT
3877,TCTGGCTTCTTAGCGG,635819,AAAGCGAAGGGTCTAG
3878,TCTGTGACAAGCGATG,635891,GGGATTAGTCTATGAC
3879,TCTGTGACAAGTTATC,635913,GGGATTAGTTGGCCAC
3880,TCTGTGACAGCACGAA,636050,GGGATTAGTAATCACC
3881,TCTGTGACATCTTGAG,636171,GGGATTAGTGATCCTG
3882,TCTTAGCGTATGGTGC,636297,ACCTTACCAGTATTGG
3883,TCTTAGTTCAGCTAAC,636667,CATCCGTAGTATAGCA
3884,TCTTAGTTCGAGGAAC,636839,CATCCGTAGCGATGCA
3885,TCTTAGTTCGTAATCA,636891,CATCCGTAGGTTGCGA
3886,TCTTAGTTCTTGTCCA,636985,CATCCGTAGTGCGGTA
3887,TCTTCAAGTAAGCTCA,637006,CTCGATTCATAGCGAC
3888,TCTTCAAGTCAGGAAG,637095,CTCGATTCAGGTATTG
3889,TCTTGACGTCAACAAT,637461,TAAGCCACACTAAGCA
3890,TCTTGACGTCAGTAAT,637480,TAAGCCACAACCAAAT
3891,TCTTGACGTCCTTCTC,637511,TAAGCCACAATTAGCG
3892,TCTTGTCCAGATAGAC,637954,CCTTTATGTTAAAGGT
3893,TCTTGTCCATGGTTAT,638102,CCTTTATGTCATTATG
3894,TCTTTGTAGCTGGACC,638284,GAAAGGATCCGCACCA
3895,TCTTTGTAGGCTAGAA,638366,GAAAGGATCACAGCCT
3896,TCTTTGTAGTAATCCA,638434,GAAAGGATCAGCTAAA
3897,TGAACAACACTTCACT,639092,CTGAATCGTGCGTACC
3898,TGAACAACATGTCGCG,639255,CTGAATCGTGAGTTAG
3899,TGAACAGAGTCAGTAC,639607,GCTGACTTCTGCAACC
3900,TGAACAGAGTCATTTC,639612,GCTGACTTCAAGCTCC
3901,TGAACAGAGTTAACCA,639640,GCTGACTTCGCTATAT
3902,TGAAGCAAGGCCTAAT,639884,GTCTTAGTCCGCCTCT
3903,TGAAGCAAGTGAACAG,640006,GTCTTAGTCCGCAATC
3904,TGAAGGATCCTAGTAA,640248,GCCCTCAAGTGCTCCG
3905,TGAAGGATCGCTCACT,640318,GCCCTCAAGAAACCTA
3906,TGAAGGATCTGTTCAT,640413,GCCCTCAAGTTAGTAG
3907,TGAAGTGAGATAGACG,640485,TCCTCCATCATAATGG
3908,TGAAGTGAGCAGCTCA,640510,TCCTCCATCTTGCTGA
3909,TGAAGTGAGCATGCAT,640517,TCCTCCATCCCAATTG
3910,TGAAGTGAGCGCTCAA,640558,TCCTCCATCGCTTGTA
3911,TGAAGTGAGCTATTGA,640575,TCCTCCATCCAGGTGA
3912,TGAAGTGAGGCACAGG,640642,TCCTCCATCGCTCAAC
3913,TGAAGTGAGGGATGCG,640680,TCCTCCATCCGAAACG
3914,TGAAGTGAGTGACCTG,640778,TCCTCCATCTAGGCGA
3915,TGACCAAGTATTGTGG,640907,AAACTCGCAGTCTATC
3916,TGACCAAGTGCCGCAA,641016,AAACTCGCAAGGTCAC
3917,TGACCAAGTTGAGCCG,641143,AAACTCGCAGCAAATT
3918,TGACCAAGTTTGCAGA,641197,AAACTCGCAAGGAATA
3919,TGACCTTGTCAGTAAT,641314,CCGTAAACAACCAAAT
3920,TGACCTTGTCATCAAG,641318,CCGTAAACAGCTCAAA
3921,TGACCTTGTTACTTGC,641477,CCGTAAACATCAGTAG
3922,TGACCTTGTTCAAGAT,641501,CCGTAAACAATTACCC
3923,TGACCTTGTTTGAGGC,641578,CCGTAAACACCAAAGC
3924,TGACTCCTCAACAAGG,641597,GTGGCTAAGCAAGTGT
3925,TGACTCCTCTCACTCA,641923,GTGGCTAAGCCTTTCT
3926,TGACTCCTCTTTGACT,641972,GTGGCTAAGCCCTTGG
3927,TGACTTAAGCCTGATG,642073,GAACGATTCAGGTTGG
3928,TGACTTAAGGCCCAGT,642182,GAACGATTCAATCCAT
3929,TGACTTCGTCACACCC,642453,TGGGCCACAAGCCATA
3930,TGACTTCGTCTTACTA,642514,TGGGCCACAAGCTATG
3931,TGACTTCGTGGATGTC,642568,TGGGCCACAGCTAGAC
3932,TGACTTCGTTTAGTCC,642715,TGGGCCACAATACCGA
3933,TGACTTCGTTTGTGGA,642739,TGGGCCACAACCCTTG
3934,TGAGAACCATCCTAGA,643063,CTTAAGCGTTTGTCTT
3935,TGAGCAAAGACTTATG,643150,TATCGCATCGCTTGAC
3936,TGAGCAAAGCTACTGG,643252,TATCGCATCGTGATGG
3937,TGAGCACGTGCTTTAC,643712,TAAACCGCAGGAATAA
3938,TGAGCACGTTTACCGT,643860,TAAACCGCAGCAAGTC
3939,TGAGCCGGTAAGCTTG,643905,CTGTCCACACCTAAAG
3940,TGAGCCGGTCGTTACT,644038,CTGTCCACAAAGGACG
3941,TGAGCTTAGCATTTCT,644353,TGCGCCATCCAAATTC
3942,TGAGCTTAGCTATTAG,644404,TGCGCCATCATTTGGT
3943,TGAGGAGGTTAGGTGC,644938,GCCGTGACAGGTGACT
3944,TGAGGAGGTTTATCTG,645015,GCCGTGACATAATGGT
3945,TGAGGAGGTTTGAGGC,645026,GCCGTGACACCAAAGC
3946,TGAGGCACACCTAATG,645187,TAGCAAGGTTACTAGC
3947,TGAGGCACAGCATGTC,645251,TAGCAAGGTTACTTAG
3948,TGAGGCACATGAGCAG,645373,TAGCAAGGTCATAACC
3949,TGAGGGAGTGACATGC,645588,CTATGTCCAACAGGGA
3950,TGAGGGAGTGTCACGG,645647,CTATGTCCATAGCTAG
3951,TGAGGGCCACTGACCG,645983,CCTGACAGTGAGTAGC
3952,TGAGGTGCACGAATCC,646349,GTTTGCGGTAACCTTA
3953,TGAGGTGCATCCCTCA,646509,GTTTGCGGTTAAGTCC
3954,TGAGGTGCATGGCCTG,646533,GTTTGCGGTTCCGGAC
3955,TGAGGTGCATTAAACC,646543,GTTTGCGGTTATGTCA
3956,TGAGTGAAGCATGGTT,646648,GCATTTGTCATCCTCT
3957,TGAGTGAAGCCTCTCG,646667,GCATTTGTCCTGCCAG
3958,TGAGTGAAGCGGATTT,646690,GCATTTGTCCAAACTT
3959,TGAGTGAAGGTCCGTA,646834,GCATTTGTCTAATCAC
3960,TGAGTTTCAATTAGGA,647055,ATCCTAAGTGGTTAAG
3961,TGATCAATCCTCAGCT,647535,GTCTTTGAGTAAAGCC
3962,TGATCAATCGCTATAA,647598,GTCTTTGAGGATTGAC
3963,TGATCACAGGTGTTAC,647998,CATTACGTCGCAATCC
3964,TGATCGAGTCAGGCCA,648977,GTACCGGCACATGATG
3965,TGATCGAGTCCTTCTC,649009,GTACCGGCAATTAGCG
3966,TGATCGAGTCGTTACT,649020,GTACCGGCAAAGGACG
3967,TGATCGAGTGATTACG,649053,GTACCGGCAACCGCCT
3968,TGATCGAGTTGCACGG,649193,GTACCGGCAGGTCAAC
3969,TGATGAACATAGACCC,649554,GGTAATGGTAAAGGTT
3970,TGATGACTCAAGCTAC,649650,CGTGATGAGCAAGACT
3971,TGATGACTCCAATTAG,649762,CGTGATGAGCTTAAAG
3972,TGATGACTCGAGGAGT,649870,CGTGATGAGTTCGCGT
3973,TGATGACTCTTAGGGT,650001,CGTGATGAGCATTAAG
3974,TGATTAGTCTCCATGC,650740,GCTGAATAGTTACATC
3975,TGATTCAAGCAAGGTA,650844,AGGTGGCTCAGCGGGT
3976,TGATTCAAGTAATCCA,651082,AGGTGGCTCAGCTAAA
3977,TGATTGCAGGCATGTT,651375,GACAAACTCACCTATG
3978,TGATTGCAGGCCGGAA,651381,GACAAACTCCGGCTAT
3979,TGATTGCAGTGTTGCG,651520,GACAAACTCGCTAATT
3980,TGCAATATCTAACCAA,652242,TAGCTAAAGGCTTAGG
3981,TGCACACCAACCCTAA,652353,CCAGCACGTTCCGGGT
3982,TGCACCTTCACACAGT,652735,CGAAGAAAGTCCCGCA
3983,TGCACCTTCACGCATG,652747,CGAAGAAAGTTACCCA
3984,TGCACCTTCCCTCGCA,652859,CGAAGAAAGCCGGTAA
3985,TGCACCTTCGGGACTC,652975,CGAAGAAAGCCATAGG
3986,TGCACCTTCGTTACAA,652999,CGAAGAAAGTGCAACG
3987,TGCACCTTCTCACTCA,653039,CGAAGAAAGCCTTTCT
3988,TGCACCTTCTGTTCAT,653061,CGAAGAAAGTTAGTAG
3989,TGCACCTTCTTGGACG,653081,CGAAGAAAGAATCACA
3990,TGCACTTGTCATCATC,653201,CTATGGACATTGCCCA
3991,TGCACTTGTCCTCCAA,653223,CTATGGACAGAGAGGC
3992,TGCACTTGTTCCGGGA,653394,CTATGGACAATCCTAC
3993,TGCAGGCTCATTGTCT,653585,AAAGCCTAGGGCTATG
3994,TGCAGGCTCCCGCAAA,653615,AAAGCCTAGATTCAAG
3995,TGCAGGCTCCCTCATA,653624,AAAGCCTAGACAGGTT
3996,TGCAGGCTCCGCTAGA,653641,AAAGCCTAGCTCATTG
3997,TGCAGGCTCTTAGCGG,653833,AAAGCCTAGGGTCTAG
3998,TGCATCCTCATGCTCC,653949,CGCTTTAAGCTCCCTC
3999,TGCATCCTCGATATTG,654091,CGCTTTAAGATTCTGT
4000,TGCATGAGTGATGAGG,654418,TAAGTCGCAGTTAAAC
4001,TGCATGAGTTGCATCT,654563,TAAGTCGCATTTGTGC
4002,TGCCATTGTTACTTGC,655275,TCACCCACATCAGTAG
4003,TGCCGGTAGCTAAGTC,655513,ACCAACCTCTGGCTGT
4004,TGCCGGTAGGACAATG,655558,ACCAACCTCGAGGAGG
4005,TGCCGGTAGTATCGCG,655692,ACCAACCTCGCCCGTA
4006,TGCCTGTTCGGTTACG,656049,CTCCTAAAGGACTTAA
4007,TGCGATTAGGGCTTTG,656400,AGTAAGCTCAATAGCA
4008,TGCGATTAGTTACCGG,656507,AGTAAGCTCCCTGATA
4009,TGCGATTAGTTTAACG,656533,AGTAAGCTCAAGCGCA
4010,TGCGGTTCAAGGTCCT,657366,CGACATTGTTTGGCTG
4011,TGCGGTTCAGAAATTG,657495,CGACATTGTTTAGCGT
4012,TGCGGTTCATATTGAC,657614,CGACATTGTGCCGGAA
4013,TGCTAACAGGGCTTTG,657932,AATTGAGTCAATAGCA
4014,TGCTAGCCAATATGGA,658155,TCTGGATGTGCAATAG
4015,TGCTAGCCACCCTCAC,658216,TCTGGATGTAAGTGGC
4016,TGCTAGCCACCGGCTA,658217,TCTGGATGTCTGTGCA
4017,TGCTATGCATTAAAGG,658812,GTTGCGCGTCATTACA
4018,TGCTCAACACACTAAT,658961,CTTTACTGTTCACCTC
4019,TGCTCAACATCCTAGA,659163,CTTTACTGTTTGTCTT
4020,TGCTCCGTCTTTGTAC,659992,GTGGCGTAGGTGGAAA
4021,TGCTCTCAGCTTCCCG,660146,GAACTAATCATTCAGT
4022,TGCTCTCAGTTATGTG,660355,GAACTAATCGACAAGT
4023,TGCTGGATCGATATTG,660611,TGTCTTGAGATTCTGT
4024,TGCTGGATCTAATCCT,660688,TGTCTTGAGGATGCGC
4025,TGCTTAAAGCACGATT,660822,TCATCAGTCTAACTCG
4026,TGCTTAAAGTTTAACG,661137,TCATCAGTCAAGCGCA
4027,TGCTTCATCCCATAGG,661284,TGGGCGTAGCTTATCG
4028,TGCTTCCAGCAAGGTA,661584,TTGCCGGTCAGCGGGT
4029,TGCTTCCAGGGATGAC,661765,TTGCCGGTCACAGCAG
4030,TGCTTGTGTGAGCACT,662467,CCAAAGCCAATAGAAG
4031,TGCTTGTGTGATTTGG,662478,CCAAAGCCACTAAGGC
4032,TGCTTTAGTATTCGTC,662753,ATGGCTACACTAATCC
4033,TGGAACAAGCCGCAGT,663149,AGCCTGTTCAATTAGG
4034,TGGAACAAGGCTAGAA,663286,AGCCTGTTCACAGCCT
4035,TGGACAAAGGCATTGT,663649,GCATATTTCCTTCGGG
4036,TGGACAAAGGCGCACT,663659,GCATATTTCAATGTGA
4037,TGGACCGGTGCTAGCG,664024,TCCGGGACAATGACCA
4038,TGGACCGGTGTTGCTT,664067,TCCGGGACATACTTGC
4039,TGGACGGAGGAACCAA,664371,CTTTGAGTCAAGGTTA
4040,TGGATTCAGCCACAAT,665059,GTAAGTATCGATCCGT
4041,TGGATTCAGCCTGTGA,665077,GTAAGTATCCGCACAT
4042,TGGATTCAGTCATTGA,665297,GTAAGTATCATGATGA
4043,TGGATTGGTAATCGTG,665385,CAACATGCACATAACG
4044,TGGATTGGTTAAGCCA,665611,CAACATGCAATCTGGA
4045,TGGATTGGTTTAAAGC,665709,CAACATGCACGGATCG
4046,TGGCCAATCGCTATAA,666000,CCTAACCAGGATTGAC
4047,TGGCCATCAATACTGT,666203,CTATTGAGTTGTAACC
4048,TGGCCATCACAATACT,666241,CTATTGAGTTTCTCAT
4049,TGGCCATCAGGCAAGC,666367,CTATTGAGTAAACCCT
4050,TGGCCTGCAAACTGTT,666521,GGATTGAGTTTGTTGA
4051,TGGCCTGCAAGATTCT,666555,GGATTGAGTTATGGAG
4052,TGGCCTGCAATAATGG,666586,GGATTGAGTCAATTCA
4053,TGGCCTGCACTAGCGT,666684,GGATTGAGTGCTCACA
4054,TGGCCTGCATAGCAGG,666812,GGATTGAGTAGTCATC
4055,TGGCCTTTCATGCATA,666983,ATTGCGGAGCACCTAC
4056,TGGCCTTTCATTCATC,667003,ATTGCGGAGACAAGCT
4057,TGGCCTTTCCCTGGTT,667052,ATTGCGGAGTACTGAA
4058,TGGCCTTTCGATTCTT,667132,ATTGCGGAGTGAGCCA
4059,TGGCCTTTCTTGCTAT,667268,ATTGCGGAGCCATCAC
4060,TGGCGGTTCACAAGCT,667306,GGGTTTGAGCTAACGG
4061,TGGCGGTTCAGGGCCT,667343,GGGTTTGAGCCGATAG
4062,TGGCGGTTCCTAAGAC,667461,GGGTTTGAGTCAATAG
4063,TGGCGGTTCGGCCAGT,667542,GGGTTTGAGAGATTCA
4064,TGGCTAAGTAACCACA,667668,CTTCCAGCATCATCAC
4065,TGGCTAAGTCAGGCAT,667766,CTTCCAGCAACCTCGC
4066,TGGCTAAGTGCTGTAA,667863,CTTCCAGCATAACCAG
4067,TGGCTAAGTGGATTCA,667874,CTTCCAGCAGGTTCCC
4068,TGGCTAAGTTGGATAT,667992,CTTCCAGCAATGTCAG
4069,TGGCTATAGGCCTGGT,668255,TGTCCTTTCCTTGCAA
4070,TGGCTATAGTAAACCC,668326,TGTCCTTTCATAAGCA
4071,TGGCTATAGTTATGTG,668407,TGTCCTTTCGACAAGT
4072,TGGGCATGTACTTAGG,668857,ACCACAACACTCGCTA
4073,TGGGCATGTCACCAAA,668908,ACCACAACAATGAGCC
4074,TGGGCCTAGCAAGGAC,669246,CATAACTTCGCGAAAT
4075,TGGGCCTAGCATGACT,669266,CATAACTTCGTGCTGT
4076,TGGGCCTAGCGGATAA,669309,CATAACTTCCTCCCAC
4077,TGGGCCTAGTACTGGT,669488,CATAACTTCACAGATA
4078,TGGTAAACAACTAGGG,669616,AAGGAGGGTTAGTTGC
4079,TGGTAAACAATTGAGA,669679,AAGGAGGGTCCTGCAA
4080,TGGTAAACACACCAAC,669696,AAGGAGGGTCATAGAG
4081,TGGTAAACAGAAACGT,669765,AAGGAGGGTGCACGCT
4082,TGGTAAACAGTTTCTC,669858,AAGGAGGGTCACGATT
4083,TGGTAAACATGTTTGG,669930,AAGGAGGGTTTATCCT
4084,TGGTCAAGTACAAAGA,669990,TTTCTAGCAGTTCCCA
4085,TGGTCAAGTGATCAGC,670135,TTTCTAGCAGCCAAAC
4086,TGGTCAAGTGGTGAGA,670178,TTTCTAGCAATTGAGT
4087,TGGTCAGTCCGGTTGA,670517,TGGACCAAGTGGCCAA
4088,TGGTCAGTCCGTAAAC,670518,TGGACCAAGCGCTCCA
4089,TGGTCATAGCAAGATG,670779,GGCTACTTCACACAAA
4090,TGGTCATAGGCTAGAA,670952,GGCTACTTCACAGCCT
4091,TGGTCATAGGTTACGT,671002,GGCTACTTCTAATCCG
4092,TGGTGATTCCTAAGAC,671677,TCTGGTCAGTCAATAG
4093,TGGTGCATCAGGAAGC,671939,AACATCAAGCGTGCTT
4094,TGGTGCATCATTGTTC,671992,AACATCAAGGAGGTAA
4095,TGGTGCATCCGCCAAA,672044,AACATCAAGCCTGGTT
4096,TGGTTAATCAACCAAC,672270,AGGACTTAGTCTTGCA
4097,TGGTTAATCACAGCGC,672294,AGGACTTAGGGCTACA
4098,TGGTTCCTCATGCTCC,672739,AGTTTCTAGCTCCCTC
4099,TGGTTCCTCGATCAGT,672882,AGTTTCTAGAACCTTT
4100,TGGTTCCTCGCAGGCT,672892,AGTTTCTAGGTCATTT
4101,TGGTTCCTCGCTAAGT,672900,AGTTTCTAGCTGGCAA
4102,TGGTTCCTCTTTGTAC,673030,AGTTTCTAGGTGGAAA
4103,TGGTTCTGTAAGCTTG,673045,ACTGCAACACCTAAAG
4104,TGGTTCTGTGGAAGGC,673236,ACTGCAACAGCCAGTG
4105,TGGTTCTGTGTTTGCT,673274,ACTGCAACATCCTAGT
4106,TGGTTGAGTAGGTTTG,673475,TCTATTGCACCAACAA
4107,TGGTTGAGTCCTTCTC,673549,TCTATTGCAATTAGCG
4108,TGGTTGAGTGGTGAGA,673630,TCTATTGCAATTGAGT
4109,TGTAAAGCACATTAAC,673928,CGTTATAGTTCACGCA
4110,TGTAAAGCATAAACCT,674079,CGTTATAGTGCACCAC
4111,TGTAAAGCATGTTGCA,674145,CGTTATAGTTTGGTTA
4112,TGTAACTCAAACCCTA,674181,ATTGCACGTAACAGGC
4113,TGTAACTCACCTGCCT,674334,ATTGCACGTATATTCG
4114,TGTAACTCAGAACCGA,674370,ATTGCACGTTAATCGC
4115,TGTAAGTGTACTTAGG,674993,GACATTGCACTCGCTA
4116,TGTAATGTCAACAAGG,675335,TCAATCTAGCAAGTGT
4117,TGTAATGTCATAATCG,675403,TCAATCTAGCTCAAGG
4118,TGTAATGTCGCTAAGT,675582,TCAATCTAGCTGGCAA
4119,TGTAATGTCTGGTCCT,675677,TCAATCTAGTCAACAA
4120,TGTAATGTCTTGCTAT,675702,TCAATCTAGCCATCAC
4121,TGTATCGCAATAGTCT,676174,TCGATTAGTGTCCTGA
4122,TGTCAATCAGTTATCG,676756,GGTCCTAGTTTATTCC
4123,TGTCAGTAGGCTAGAA,677088,GTCCTCCTCACAGCCT
4124,TGTCATAAGACTCGCA,677270,TACCTGATCTAGGATA
4125,TGTCATAAGCAAGGGT,677301,TACCTGATCAGAAAGG
4126,TGTCATAAGGAACCAA,677407,TACCTGATCAAGGTTA
4127,TGTCATAAGGTCCACA,677507,TACCTGATCGTTAGCC
4128,TGTCCTGGTCAGTAAT,677736,ACAGCACCAACCAAAT
4129,TGTCCTGGTGATTTGG,677812,ACAGCACCACTAAGGC
4130,TGTCCTGGTGTCCAAA,677856,ACAGCACCATTGTTTG
4131,TGTCCTGGTTAGAGCC,677901,ACAGCACCACCTCACA
4132,TGTCCTTCAGTAATAG,678278,TTCTAAGGTGATTCTA
4133,TGTCCTTCATGAGTTT,678348,TTCTAAGGTCACAGGG
4134,TGTCCTTCATGCAACC,678350,TTCTAAGGTTGGGCCT
4135,TGTGAAACAACCTGGT,678431,ACCCGTAGTAGCGCTC
4136,TGTGAAACATAAACCT,678681,ACCCGTAGTGCACCAC
4137,TGTGATCAGGCGCTAC,678997,TAGTGTTTCGCTAGCT
4138,TGTGATCAGTAAACCC,679062,TAGTGTTTCATAAGCA
4139,TGTGCAAGTATACTGG,679233,GACATGCCACAGCAAC
4140,TGTGCAAGTGATGATT,679343,GACATGCCATCAGTTC
4141,TGTGCGCAGCAAGGTA,679986,GGTTTGCTCAGCGGGT
4142,TGTGCGCAGCACCACA,679991,GGTTTGCTCTAACTGT
4143,TGTGCGCAGGAGGGTT,680115,GGTTTGCTCGCTATGC
4144,TGTGCGGGTTATCGAG,680604,CTGACAACATCCTGGC
4145,TGTGCGGGTTGCATCT,680637,CTGACAACATTTGTGC
4146,TGTGCTGAGCCTGTTC,680798,GCCCTGATCGACATTT
4147,TGTGCTGAGCTATTAG,680828,GCCCTGATCATTTGGT
4148,TGTGCTGAGCTCGCTT,680836,GCCCTGATCACACCGT
4149,TGTGGAGCAGGAACTG,681312,CCTTAAAGTCCGTTAG
4150,TGTGGAGCAGTATGTT,681351,CCTTAAAGTGCAGTAA
4151,TGTGGCCAGGGCTTAT,681707,CCGCCAATCAAATACG
4152,TGTGGCCAGGTTTGCG,681745,CCGCCAATCAGCCTTA
4153,TGTGGCCAGTGAGCGG,681803,CCGCCAATCATCACAT
4154,TGTGGCGGTTGCACAA,682168,ACGATTGCAGGTGGAA
4155,TGTGGCTCAATGCGCT,682325,GGTTTACGTTTCACCC
4156,TGTGGCTCAATTGAGA,682333,GGTTTACGTCCTGCAA
4157,TGTGGCTCACAGGATG,682358,GGTTTACGTTTGCTCC
4158,TGTGGCTCACATTGCA,682365,GGTTTACGTTAAGTGG
4159,TGTGGCTCAGCCAGTT,682446,GGTTTACGTACGGTTT
4160,TGTGTGAGTAAAGCGG,682617,TTTACTGCACGGTCAG
4161,TGTGTGAGTATGGTGC,682685,TTTACTGCAGTATTGG
4162,TGTGTGAGTCACAAAT,682708,TTTACTGCAGGAGGAC
4163,TGTGTGAGTGGATTCA,682826,TTTACTGCAGGTTCCC
4164,TGTGTTAAGACAGGCG,683015,GGTAATATCACTATGT
4165,TGTGTTAAGTGAACGA,683330,GGTAATATCTGGATCC
4166,TGTTACTTCTTGAGCG,683748,GGGACCTAGTCACCTA
4167,TGTTAGCAGCTGGACC,683908,AGCTTTGTCCGCACCA
4168,TGTTAGCAGGAGTCTT,683953,AGCTTTGTCGATAAGC
4169,TGTTAGCAGGTGTCCA,684037,AGCTTTGTCCTCACGG
4170,TGTTAGCAGGTTTGAC,684044,AGCTTTGTCGATTAAG
4171,TGTTAGCAGTCATCCC,684082,AGCTTTGTCCTTAACG
4172,TGTTATGAGACAACAG,684162,ATAGCAATCAACAACA
4173,TGTTATGAGGCATTGT,684353,ATAGCAATCCTTCGGG
4174,TGTTATGAGGTTAGAG,684425,ATAGCAATCAATCGTT
4175,TGTTGCACAAGGTCCT,685362,TCCGTAGGTTTGGCTG
4176,TGTTGCACACAAAGGT,685410,TCCGTAGGTCACACCA
4177,TGTTGCACAGCTAATT,685523,TCCGTAGGTATTTACG
4178,TGTTGTAAGAATGACG,686079,GCTTTAGTCCCACCCT
4179,TGTTGTAAGCAAGACA,686120,GCTTTAGTCGCATTAT
4180,TGTTGTAAGCCTAATA,686162,GCTTTAGTCAAACCAA
4181,TGTTGTAAGCCTGTTC,686170,GCTTTAGTCGACATTT
4182,TGTTGTAAGCTCGCTT,686208,GCTTTAGTCACACCGT
4183,TGTTGTAAGGTGAAGC,686337,GCTTTAGTCATAGCCC
4184,TGTTGTAAGTAACGAG,686355,GCTTTAGTCTATCGGC
4185,TGTTGTAAGTAAGTCC,686360,GCTTTAGTCCTAGGTC
4186,TGTTGTAAGTGCACGC,686411,GCTTTAGTCTAAGTCT
4187,TGTTGTGCATGGAGGC,686795,TAAGGATGTGAGGTAC
4188,TGTTGTTTCCGCAAAT,686997,CTCAGCTAGACCAGGC
4189,TGTTGTTTCCGGTATG,687009,CTCAGCTAGTTAACGA
4190,TGTTGTTTCTCGCCTG,687177,CTCAGCTAGCTTTAAC
4191,TTAAAGGCAATAACCT,687676,TTACTGAGTCGAGGCA
4192,TTAAAGGCATCAGTAT,687919,TTACTGAGTTTGAGGA
4193,TTAACCAAGGAGTCGG,688176,AGGTTCCTCAATCGGG
4194,TTAACCAAGGATCCGC,688180,AGGTTCCTCAGGTCGA
4195,TTAACCAAGGCTAATC,688211,AGGTTCCTCCGTCCAG
4196,TTAACCAAGGCTACAT,688212,AGGTTCCTCTTTAAGC
4197,TTAACCAAGTTATCTC,688349,AGGTTCCTCGCAATTT
4198,TTAACTGAGCTAAAGG,688496,ATGGGCATCGCTCAGT
4199,TTAACTGAGGCTACAT,688596,ATGGGCATCTTTAAGC
4200,TTAACTGAGTAGCTTA,688673,ATGGGCATCCCATAGC
4201,TTAAGCCAGAACCTAC,688761,GCTCGATTCATTAACC
4202,TTAAGCCAGCAAACCT,688805,GCTCGATTCGGTTCAC
4203,TTAAGCCAGCTCCTAC,688894,GCTCGATTCTTAGCCA
4204,TTAAGCCAGCTCGCTT,688896,GCTCGATTCACACCGT
4205,TTAAGCCAGGAACCGG,688918,GCTCGATTCCTAACCA
4206,TTAAGCCAGTACTGGT,689052,GCTCGATTCACAGATA
4207,TTAAGGACAACCCTAA,689171,TATTACGGTTCCGGGT
4208,TTAAGGACACAACCTA,689253,TATTACGGTAACCTCG
4209,TTAAGGACATGTGGGA,689490,TATTACGGTGCTTCTC
4210,TTAAGGACATTTGCTC,689524,TATTACGGTGCGGTAG
4211,TTAAGGTGTAGACAAA,689573,TTATCGCCAATCGCCC
4212,TTAAGGTGTATTGTCC,689604,TTATCGCCATTAGTGG
4213,TTAAGTGTCATTAGCA,690011,GTCCTTAAGCTATATC
4214,TTAAGTGTCGGCTATG,690173,GTCCTTAAGTGGCTTC
4215,TTAAGTGTCTAATCCT,690218,GTCCTTAAGGATGCGC
4216,TTAATCGAGAGCCGCT,690322,AAATCGATCCGCTAGT
4217,TTAATCGAGGCAAGTA,690488,AAATCGATCTTGAATC
4218,TTAATCGAGGTCGAGG,690555,AAATCGATCAGCCTGT
4219,TTAATCGAGTCACCAG,690601,AAATCGATCACAAATG
4220,TTAATCGAGTCACTAA,690604,AAATCGATCGATTATC
4221,TTAATCGAGTGATTCA,690632,AAATCGATCTCACTTC
4222,TTACACCGTCAATGTG,690767,GATTACGCACCTGTAT
4223,TTACACCGTCACACCC,690769,GATTACGCAAGCCATA
4224,TTACAGCAGCCTGATG,691155,TAGTCATTCAGGTTGG
4225,TTACAGCAGCGAGGTG,691162,TAGTCATTCCAATATC
4226,TTACAGCAGGCTAGAA,691282,TAGTCATTCACAGCCT
4227,TTACCGTGTGACATAT,691605,CTGTCATCATGGTGAC
4228,TTACGTTTCCGTAAAC,692382,CGATCCTAGCGCTCCA
4229,TTACGTTTCGAGCTAT,692436,CGATCCTAGGTATGTA
4230,TTAGAAGCAAGTAAGC,692656,CTGTGGCGTTAGCGTT
4231,TTAGAAGCACCAGGTT,692730,CTGTGGCGTTTGCTGG
4232,TTAGAAGCACCGGCTA,692735,CTGTGGCGTCTGTGCA
4233,TTAGAAGCAGGACCTT,692827,CTGTGGCGTTGCTCTC
4234,TTAGAAGCAGTTTACG,692871,CTGTGGCGTAGACTAG
4235,TTAGAAGCATCCCGCT,692910,CTGTGGCGTGTGAGTA
4236,TTAGACTCACTTAACG,693157,CGAGTAAGTAAGTCCT
4237,TTAGCAATCTCGCCTG,693699,CACTTCAAGCTTTAAC
4238,TTAGCAGGTAATGGCC,693770,CGCTCACCACTCCCTT
4239,TTAGCAGGTATACTGG,693811,CGCTCACCACAGCAAC
4240,TTAGCAGGTGTAACCA,693965,CGCTCACCATAGCATG
4241,TTAGCAGGTGTGCAAC,693973,CGCTCACCACGTAGCG
4242,TTAGCGGTCAATAGCC,694524,GTCATAAAGCGCTTGT
4243,TTAGCGGTCATGGTTA,694604,GTCATAAAGTTACCGC
4244,TTAGCGGTCATTTGCT,694622,GTCATAAAGCTTTAGT
4245,TTAGCGGTCCATAATG,694641,GTCATAAAGGGTTGGC
4246,TTAGCGGTCCTAGTCC,694697,GTCATAAAGCGAAGCC
4247,TTAGCGGTCGATTATG,694743,GTCATAAAGGAACAAG
4248,TTAGCTGCAAATGCCC,694911,CCTGAATGTATTACTG
4249,TTAGCTGCACCATATG,695031,CCTGAATGTAATTGGG
4250,TTAGGAACAATAACGA,695347,CCAATACGTGCTGTTG
4251,TTAGGAACAGGGAGCT,695529,CCAATACGTGAGCATA
4252,TTAGGATGTATTGAGT,695734,GCAAACCCACTCGCAC
4253,TTAGGCCCAAGCGATG,696089,TGAATCCGTCTATGAC
4254,TTAGGCCCAATATACC,696121,TGAATCCGTAGGCGCA
4255,TTAGGCCCACGAATCC,696201,TGAATCCGTAACCTTA
4256,TTAGGCCCATAATCAC,696332,TGAATCCGTAGGAGGA
4257,TTAGGCGTCAAACCGT,696426,GCGAGCTAGCTAACTT
4258,TTAGGCGTCACTTCAT,696474,GCGAGCTAGTGTCCAC
4259,TTAGGCGTCCTAAATG,696605,GCGAGCTAGATAACCA
4260,TTAGGCTAGAGCCGCT,696840,CCTCAAATCCGCTAGT
4261,TTAGTCAAGACTATTG,697215,CACGTTATCCACCTGG
4262,TTAGTCAAGTTCCCAC,697557,CACGTTATCAGCATGG
4263,TTATAGCCAACAACAA,697600,CGTCAATGTTCAATTG
4264,TTATAGCCAAGCTTTG,697629,CGTCAATGTGCAAGGT
4265,TTATAGCCACAGAACG,697699,CGTCAATGTATTCAGC
4266,TTATAGCCAGTTATGT,697855,CGTCAATGTTTGCAGT
4267,TTATCCGTCACAGGAA,697993,GCAAGAAAGCATTATC
4268,TTATCCTAGCTTGCTC,698500,TCATGCATCCTAATCG
4269,TTATCCTAGTAAGTGG,698637,TCATGCATCCTAACTG
4270,TTATGACCAACCTGGT,698763,ATCCATAGTAGCGCTC
4271,TTATGACCAGCAAATA,698928,ATCCATAGTTGCGTGC
4272,TTATGACCAGGTTAAA,698987,ATCCATAGTTAACACC
4273,TTATGACCATGAGTTT,699064,ATCCATAGTCACAGGG
4274,TTCAACCGTATGGTGC,699951,TGTGGCGCAGTATTGG
4275,TTCACTGTCGCTTGCT,700525,CATACTTAGAGCCGGT
4276,TTCAGCACAATTAAGG,700743,GCAACAAGTTGCAATC
4277,TTCAGCACACATTAAC,700780,GCAACAAGTTCACGCA
4278,TTCAGCACATCCCTCA,700967,GCAACAAGTTAAGTCC
4279,TTCAGGTAGCACCACA,701091,AGTAATGTCTAACTGT
4280,TTCAGGTAGGTCCAAT,701290,AGTAATGTCCACAATT
4281,TTCAGTTTCACTTCAT,701464,GGGATAAAGTGTCCAC
4282,TTCAGTTTCAGCACGC,701470,GGGATAAAGTTATGGA
4283,TTCAGTTTCGGCCAGT,701678,GGGATAAAGAGATTCA
4284,TTCAGTTTCTTGGACG,701789,GGGATAAAGAATCACA
4285,TTCATCCCAACAGGAT,701826,GTTAGAGGTAGTTACC
4286,TTCATCCCAAGTTATC,701869,GTTAGAGGTTGGCCAC
4287,TTCATCCCAATACTGT,701875,GTTAGAGGTTGTAACC
4288,TTCATCCCACCTCACC,701951,GTTAGAGGTATTGTCA
4289,TTCATCCCAGGATGGC,702037,GTTAGAGGTTGTTTGA
4290,TTCATCCCATAATCGT,702092,GTTAGAGGTTCTTTGT
4291,TTCATCCCATGAATAG,702130,GTTAGAGGTTATCCGG
4292,TTCATCCCATGGTTAT,702144,GTTAGAGGTCATTATG
4293,TTCATTCAGGTCAAAG,702440,GCCATTATCCTTTAGG
4294,TTCATTCAGTCATGCG,702501,GCCATTATCACAAAGC
4295,TTCATTCAGTGCACGC,702525,GCCATTATCTAAGTCT
4296,TTCCACGGTCATCAAG,702676,GCCTCACCAGCTCAAA
4297,TTCCACGGTGGCTTCC,702780,GCCTCACCAGCATTAG
4298,TTCCACGGTTTATTCG,702927,GCCTCACCATATGGTG
4299,TTCCCACAGACTTATG,702974,GCTTATGTCGCTTGAC
4300,TTCCCACAGAGCCGCT,702980,GCTTATGTCCGCTAGT
4301,TTCCCACAGATGGAGC,702994,GCTTATGTCGCAACTC
4302,TTCCCACAGCTGGCTA,703093,GCTTATGTCTGGAAAC
4303,TTCCCACAGGGTTAGA,703198,GCTTATGTCCAGCTAC
4304,TTCCCACAGGTCGATT,703214,GCTTATGTCTCTCGCC
4305,TTCCCACAGTCACTAA,703262,GCTTATGTCGATTATC
4306,TTCCCACAGTTTGCGG,703329,GCTTATGTCTTGACCA
4307,TTCCCGCCACGAATCC,703493,ATTTCCTGTAACCTTA
4308,TTCCCGCCACTGGCCA,703513,ATTTCCTGTCCTGAGC
4309,TTCCTTCTCGTTAGTA,704396,GGTTAACAGATTAGGC
4310,TTCCTTGAGCTATGAC,704615,AAATCCTTCTAACCCA
4311,TTCCTTGAGGCATTAC,704688,AAATCCTTCAAAGGGA
4312,TTCGGTACAATTAGCT,705350,ATTGCCGGTCCAAATC
4313,TTCGGTACAGCACGAA,705460,ATTGCCGGTAATCACC
4314,TTCGTTAGTTAGGTTG,706303,TAATAGCCATTAACCC
4315,TTCTTAGGTGTTGTGA,706643,GCCAGCACATGAAGCC
4316,TTCTTAGGTTAATGAC,706660,GCCAGCACATGCTGGG
4317,TTCTTAGGTTTGTGGA,706783,GCCAGCACAACCCTTG
4318,TTGACATCAAGGAATC,706838,AAGCTAGGTCAACCGC
4319,TTGACATCACAAACTT,706891,AAGCTAGGTCAATACC
4320,TTGACATCAGTATGTT,707055,AAGCTAGGTGCAGTAA
4321,TTGACATCAGTTTACG,707065,AAGCTAGGTAGACTAG
4322,TTGACGTAGCCTGTTC,707270,CTTAGTGTCGACATTT
4323,TTGACGTAGGCAATAG,707367,CTTAGTGTCCATCACA
4324,TTGACGTAGTCATTGA,707489,CTTAGTGTCATGATGA
4325,TTGACGTAGTTGGGCC,707541,CTTAGTGTCTTTGTGG
4326,TTGAGGCGTAGTTGGC,708388,TAGGAGGCAAGGGCTT
4327,TTGAGGCGTGCGCATG,708513,TAGGAGGCACAACATG
4328,TTGATGTCAATTGAAG,708803,GGTGTTTGTAGTCCTG
4329,TTGCAACAGATGGAGC,709132,AATGTGATCGCAACTC
4330,TTGCAACAGCATGCAT,709161,AATGTGATCCCAATTG
4331,TTGCAACAGGCTAGAA,709312,AATGTGATCACAGCCT
4332,TTGCAACAGGGACGCA,709321,AATGTGATCCACCCTC
4333,TTGCAACAGTAACTCA,709375,AATGTGATCCCTGGTG
4334,TTGCAAGGTGGGAACA,709685,GGTCAACCAGGATCAC
4335,TTGCAATCAAGTAAGC,709918,AAGGGAGGTTAGCGTT
4336,TTGCAATCAATGCCCG,709945,AAGGGAGGTTGAGTCT
4337,TTGCAATCAGGCCATT,710097,AAGGGAGGTGCATTTA
4338,TTGCACACACAACAAA,710347,GAAACTGGTTACGAAG
4339,TTGCACACACCCTCAC,710380,GAAACTGGTAAGTGGC
4340,TTGCACACACGAACAG,710396,GAAACTGGTCACACTG
4341,TTGCACACAGTTAAAG,710512,GAAACTGGTAAATAGC
4342,TTGCACACATAATCGT,710530,GAAACTGGTTCTTTGT
4343,TTGCAGCCAAAGCGGC,710634,TAACAGGGTGGATTAG
4344,TTGCAGCCAAGCTTAT,710672,TAACAGGGTCCTAACG
4345,TTGCAGCCATAATCGT,710914,TAACAGGGTTCTTTGT
4346,TTGCAGCCATATTGAC,710930,TAACAGGGTGCCGGAA
4347,TTGCATTTCATCAGTA,711083,CGCTACTAGCTTAGCC
4348,TTGCCCGTCAAACCGT,711390,TTTGTCGAGCTAACTT
4349,TTGCCCGTCAATTACG,711414,TTTGTCGAGGACAACT
4350,TTGCCCGTCCACCTGT,711515,TTTGTCGAGGTAAGTC
4351,TTGCGAGTCAGAAACG,711824,CCACACTAGGCAATGT
4352,TTGCGAGTCCGGGACT,711944,CCACACTAGAATCTAG
4353,TTGCGAGTCCTAAATG,711953,CCACACTAGATAACCA
4354,TTGCGAGTCGCACAAT,712016,CCACACTAGGCTAGCA
4355,TTGCGTCTCGGGCCAT,712427,CATTGCCAGCATATTC
4356,TTGCTCTCAAACCTAT,712544,AATGCCTGTGCGCGAA
4357,TTGCTCTCAATCATGT,712624,AATGCCTGTAGAGGGA
4358,TTGCTCTCACGTAAGG,712706,AATGCCTGTCCGGTTA
4359,TTGCTCTCATGTCAGC,712888,AATGCCTGTTAGTTTG
4360,TTGCTTAGTAAAGCGG,712927,AATGGCCCACGGTCAG
4361,TTGCTTAGTCATGAGC,713037,AATGGCCCAAGGCCTG
4362,TTGCTTAGTGCCGCAA,713114,AATGGCCCAAGGTCAC
4363,TTGCTTAGTTAAGCCA,713175,AATGGCCCAATCTGGA
4364,TTGCTTTAGGTGCTGC,713578,CTCAAGCTCAAACTAG
4365,TTGGAGGCACGTAAGG,713856,CCTTACCGTCCGGTTA
4366,TTGGAGGCACTAAGCC,713862,CCTTACCGTTAGGCGG
4367,TTGGATATCCCATAGG,714214,TCAACAAAGCTTATCG
4368,TTGGATATCGTTTCCA,714374,TCAACAAAGCCGCTAT
4369,TTGGATATCTGTAATG,714425,TCAACAAAGTCGCGAA
4370,TTGGATCAGACAAACG,714470,TCTCACTTCCCGCAAT
4371,TTGGATCAGCTCCTTA,714597,TCTCACTTCGAAGCAT
4372,TTGGATCAGTTTGCGG,714839,TCTCACTTCTTGACCA
4373,TTGGATTCAGGCCATT,715087,GAAGCTAGTGCATTTA
4374,TTGGATTCATGTCAGC,715190,GAAGCTAGTTAGTTTG
4375,TTGGATTCATGTTTGG,715196,GAAGCTAGTTTATCCT
4376,TTGGCGGGTGTCCTGC,715454,CGTGCCTCATAGGTGC
4377,TTGGCGGGTTAGAGGG,715498,CGTGCCTCAAGGATGG
4378,TTGGCTACAAGCCACT,715654,GCGTAAAGTTTACCGG
4379,TTGGCTACAAGGTGGC,715673,GCGTAAAGTGCTAGCC
4380,TTGGCTACACCAACCG,715745,GCGTAAAGTACTGGCC
4381,TTGGCTACACTTCACT,715794,GCGTAAAGTGCGTACC
4382,TTGGCTACAGCAAGTG,715813,GCGTAAAGTCTAATCA
4383,TTGGCTGAGCTGTAAC,716138,ACCCTGGTCTCGACTA
4384,TTGGCTGAGTTAGAGG,716346,ACCCTGGTCTAAGCTT
4385,TTGGCTTGTAAGGTCC,716392,CCAGTTTCAATTTGGG
4386,TTGGGCCAGAGGAGTC,716794,GACACCTTCTACTAAC
4387,TTGGGCCAGCGGATAA,716875,GACACCTTCCTCCCAC
4388,TTGGGCCAGCTAATCA,716884,GACACCTTCGCGCTCA
4389,TTGGGCGGTGAACAAA,717304,AAAGGCGCAAATGCTG
4390,TTGGGCGGTGTCACGG,717367,AAAGGCGCATAGCTAG
4391,TTGGGCGGTGTGCACG,717374,AAAGGCGCAATACCCT
4392,TTGGGCGGTTACTTCA,717410,AAAGGCGCATAAACCG
4393,TTGGGCGGTTGCATCT,717465,AAAGGCGCATTTGTGC
4394,TTGGGTTAGGCGGATG,717743,GTGTGAGTCTAACTAC
4395,TTGGGTTAGTGTTGTA,717873,GTGTGAGTCCAAACCC
4396,TTGTAAGTCAATTACG,718316,CGCAATGAGGACAACT
4397,TTGTAAGTCCACCTGT,718417,CGCAATGAGGTAAGTC
4398,TTGTAAGTCTTGGATA,718666,CGCAATGAGCCTAATT
4399,TTGTCAAAGAACCTGT,718680,ACTAGCCTCGTTATGT
4400,TTGTCAAAGGCGCTTA,718892,ACTAGCCTCCAATTAC
4401,TTGTCAAAGGCTTAGT,718907,ACTAGCCTCAAACCTT
4402,TTGTCCATCGGTACGC,719331,AGTATTGAGCCATAAA
4403,TTGTCCCAGAATCTCA,719452,TTAGCGCTCTTAGGTT
4404,TTGTCCCAGCTTACTT,719592,TTAGCGCTCGCACACT
4405,TTGTCCCAGGTAAGGC,719696,TTAGCGCTCCCTCGCT
4406,TTGTCCGGTCAATAGT,719918,AATCGCACAGGGAGTA
4407,TTGTGAGGTAGTTAAC,720274,GTTTGCTCATCCGGGA
4408,TTGTGAGGTCCCGAAG,720331,GTTTGCTCATAGTCAG
4409,TTGTGCGAGAATCTCA,720984,TACTTCCTCTTAGGTT
4410,TTGTGTGCAATTTAGC,721463,GAAACATGTTATATCG
4411,TTGTGTGCATAGACTT,721659,GAAACATGTTGCGCGT
4412,TTGTTCCCACTAAATC,721912,TTTCAAGGTTTACCAA
4413,TTGTTCCCATCCCTCA,722063,TTTCAAGGTTAAGTCC
4414,TTGTTGCGTTGGCGTG,722459,GGTGAAGCACTAGTCT
4415,TTGTTGCGTTTATCTG,722485,GGTGAAGCATAATGGT
4416,TTGTTGTTCAAACTCA,722512,CTCGTTAAGTAACGTA
4417,TTGTTGTTCTTGAGGT,722877,CTCGTTAAGGCTTAAA
4418,TTTAACCTCCTGAATA,723477,GACATTAAGTGGCTAG
4419,TTTAACCTCGCAACAT,723516,GACATTAAGATTCGTT
4420,TTTAACCTCGGGACCT,723542,GACATTAAGCTGGATG
4421,TTTAACCTCTGTGAGT,723626,GACATTAAGGTATTTC
4422,TTTAACGAGCGATACT,723767,TTAGCCATCAGCTATT
4423,TTTAACGAGGTTACAC,723933,TTAGCCATCCTCTCGC
4424,TTTAACGAGTTTCCGC,724036,TTAGCCATCCCGCACA
4425,TTTAAGCCAATAACGA,724115,ATTGAGGGTGCTGTTG
4426,TTTAAGCCACAATTAC,724160,ATTGAGGGTGGGTGTG
4427,TTTAAGCCACTTAACG,724225,ATTGAGGGTAAGTCCT
4428,TTTAAGCCAGAATGAC,724235,ATTGAGGGTCTTAGCG
4429,TTTAAGGTCCGGTTAG,724600,TACCTCAAGGGTCCAA
4430,TTTAAGGTCGCACAAT,724670,TACCTCAAGGCTAGCA
4431,TTTACGAAGCATTTCT,724891,CAAGTAATCCAAATTC
4432,TTTACGAAGGAAGCTA,724976,CAAGTAATCCTTTGAG
4433,TTTACGAAGGACAACA,724979,CAAGTAATCTATGCAT
4434,TTTACGAAGGAGGTTA,724996,CAAGTAATCTAAATCC
4435,TTTACGAAGTAAACCC,725092,CAAGTAATCATAAGCA
4436,TTTACGAAGTGTTGTA,725159,CAAGTAATCCAAACCC
4437,TTTACGCGTAACGTGC,725205,TTACTCACATTGAGGC
4438,TTTACGCGTTGTAACG,725534,TTACTCACAGGTTATG
4439,TTTAGCAAGACAGGCG,725595,CAATAAGTCACTATGT
4440,TTTAGCAAGCCTGTGA,725677,CAATAAGTCCGCACAT
4441,TTTAGCTTCCAGGAAA,726090,GCTGATGAGGTACCGA
4442,TTTAGCTTCCCGTTAC,726106,GCTGATGAGCTAAATG
4443,TTTAGCTTCTGGCATG,726307,GCTGATGAGTATAGTG
4444,TTTAGCTTCTTGACCC,726327,GCTGATGAGGAGCAGG
4445,TTTAGGATCCCGTTTA,726492,GTCATGGAGCAAGGAA
4446,TTTATGGAGCCACATG,726812,CTGGCTGTCTTGTTGG
4447,TTTATGGAGTGATTCA,727070,CTGGCTGTCTCACTTC
4448,TTTCACCCAAGGACCA,727167,CGCCTAAGTAACCGCC
4449,TTTCACCCACGGTACT,727276,CGCCTAAGTGCAACGG
4450,TTTCACCCATGGCCCA,727456,CGCCTAAGTACTTCGG
4451,TTTCACCCATTAAGTC,727470,CGCCTAAGTGAGACTA
4452,TTTCAGTTCCGGTATG,727669,TAACACAAGTTAACGA
4453,TTTCAGTTCTTAGTCT,727860,TAACACAAGATTGAGC
4454,TTTCATCAGAATGACG,727891,GACAAGTTCCCACCCT
4455,TTTCATCAGCGGGCAA,728000,GACAAGTTCCCTCACC
4456,TTTCCACCAAGCCAGA,728311,TTGTTGAGTCGCATTG
4457,TTTCCACCATCTTGAG,728593,TTGTTGAGTGATCCTG
4458,TTTCCACCATTGCAGC,728635,TTGTTGAGTTGGTTTA
4459,TTTCCGGGTGATTACG,728829,GTCCAAACAACCGCCT
4460,TTTCCGGGTGCTGGTG,728848,GTCCAAACAAGTGCAC
4461,TTTCCGGGTGGAGCAA,728857,GTCCAAACAGCCTAAA
4462,TTTCCGGGTGTGAGAG,728877,GTCCAAACACCTCAAT
4463,TTTCCTGAGGTTTACA,729309,ACATTGTTCTTCAAGT
4464,TTTCCTGAGTCACTAA,729344,ACATTGTTCGATTATC
4465,TTTCGTCCAAGGATTA,729470,CTACTAAGTAACAGCA
4466,TTTCTCACAAACTAAG,729806,TGCAATCGTTACCCAG
4467,TTTCTCACACCTAAGC,729946,TGCAATCGTATCGCTG
4468,TTTCTCACACTAGGTC,729973,TGCAATCGTCCTTTAT
4469,TTTCTCACAGGGAGGA,730054,TGCAATCGTACGCACC
4470,TTTCTCACAGTTAAAG,730074,TGCAATCGTAAATAGC
4471,TTTCTTGCAATTGAGA,730285,CCCTTTAGTCCTGCAA
4472,TTTGACCGTTAGCGTA,730842,TTGTGAGCACCTTGCA
4473,TTTGACCGTTCAAGAT,730859,TTGTGAGCAATTACCC
4474,TTTGACCGTTGCGGAT,730892,TTGTGAGCATCCCAAT
4475,TTTGACCGTTTGGGTA,730944,TTGTGAGCACATAGCA
4476,TTTGACTTCACCGGTA,730985,ACTAGGTAGCCTTAAT
4477,TTTGACTTCCTAGTTT,731140,ACTAGGTAGGTCCGTT
4478,TTTGACTTCTAGCTAA,731269,ACTAGGTAGGAGGGTG
4479,TTTGACTTCTTGCAGG,731320,ACTAGGTAGCTTCCTT
4480,TTTGAGTCACCTATAG,731484,CCAGCTAGTAACGAGC
4481,TTTGAGTCAGCAAATA,731532,CCAGCTAGTTGCGTGC
4482,TTTGCATTCCGGGACT,731888,TACGGATAGAATCTAG
4483,TTTGCATTCCTAATAG,731902,TACGGATAGGTCACGA
4484,TTTGCATTCGCTATAA,731974,TACGGATAGGATTGAC
4485,TTTGCATTCTGTGAGT,732068,TACGGATAGGTATTTC
4486,TTTGCATTCTTAGTGA,732081,TACGGATAGTGGACCA
4487,TTTGCGACACAACAAA,732211,ATGTGAGGTTACGAAG
4488,TTTGCGACATATAACC,732409,ATGTGAGGTTAGGCTT
4489,TTTGCGGAGCATGAAG,732557,GCTTCGGTCAGTGAAC
4490,TTTGCGGAGGCCGGAA,732693,GCTTCGGTCCGGCTAT
4491,TTTGCGGAGTTAACCA,732834,GCTTCGGTCGCTATAT
4492,TTTGGCTGTCCTAAGA,732998,GGACTTACAGCTACCC
4493,TTTGGTGCAACAGCCT,733661,CTTGTTTGTCGATTAC
4494,TTTGGTGCAACCTAAT,733668,CTTGTTTGTAGCTTAC
4495,TTTGTCCCACAGGAAT,734145,GATTGCTGTTGTCAGT
4496,TTTGTCTAGCCTCTCG,734497,TGTCAATTCCTGCCAG
4497,TTTGTCTAGCGAGCGA,734507,TGTCAATTCGATATAG
4498,TTTGTCTAGGACCTGC,734577,TGTCAATTCGGTTAGG
4499,TTTGTCTAGGAGGGTT,734587,TGTCAATTCGCTATGC
4500,TTTGTCTAGTCATTAG,734722,TGTCAATTCATTAAGG
4501,TTTGTCTAGTCCTTCA,734726,TGTCAATTCTCAGCTA
4502,TTTGTGAAGGCCAATT,734992,GTAGGTGTCTTAGCTG
4503,TTTGTGAAGTAACGAG,735073,GTAGGTGTCTATCGGC
4504,TTTGTGGCAATTATGC,735270,GTTTGGTGTTGTCATA
4505,TTTGTGTTCCCTGATC,735710,GTTCTCAAGCATATAG
4506,TTTGTGTTCCTTGAGG,735773,GTTCTCAAGTATCCGC
4507,TTTGTTGGTCATTGAG,736056,CGTACTTCATGCTCCA
4508,TTTGTTGGTTTGAGCA,736307,CGTACTTCATAGACGC
