,v_sample_bc_gex,cellrangerARC_line_ID,v_sample_bc_atac
1,AAACAGCCAGAATGAC,193,ACAGCGGGTCTTAGCG
2,AAACAGCCAGCAAGGC,204,ACAGCGGGTCGCATAT
3,AAACATGCACCTGGTG,542,CATTTAGGTTAATCCA
4,AAACATGCAGGATGGC,623,CATTTAGGTTGTTTGA
5,AAACATGCAGTAATAG,650,CATTTAGGTGATTCTA
6,AAACATGCATAAGTCT,674,CATTTAGGTCATGCCA
7,AAACATGCATAGCTGC,689,CATTTAGGTCATCATA
8,AAACATGCATCAATCG,695,CATTTAGGTGTAACCT
9,AAACATGCATGAAGTA,715,CATTTAGGTGAGCGAT
10,AAACATGCATGCAACC,722,CATTTAGGTTGGGCCT
11,AAACCAACAACTAGGG,808,CTTTATCGTTAGTTGC
12,AAACCAACAATGAAGC,858,CTTTATCGTATAGCGA
13,AAACCAACAGAACCGA,960,CTTTATCGTTAATCGC
14,AAACCAACAGGCCAAA,1012,CTTTATCGTTGAGGTA
15,AAACCGAAGAGGAGGA,1187,TGACTATTCTAGCCAC
16,AAACCGAAGCTGTCAG,1300,TGACTATTCGCGAGTA
17,AAACCGAAGGAACACA,1312,TGACTATTCAGCAATA
18,AAACCGAAGGCTGGCT,1381,TGACTATTCTCACAGC
19,AAACCGAAGGTAGCTT,1408,TGACTATTCAATGAGC
20,AAACCGAAGGTGCTGC,1424,TGACTATTCAAACTAG
21,AAACCGAAGTTTGAGC,1532,TGACTATTCAAATCCT
22,AAACCGCGTCGTTACT,1684,AATAGCTCAAAGGACG
23,AAACCGCGTGTGCAAC,1767,AATAGCTCACGTAGCG
24,AAACCGCGTTGCAGTA,1858,AATAGCTCAGTTGCAA
25,AAACCGGCACAGCCTG,2044,ATTGACCGTATTGAGG
26,AAACCGGCAGATTCAT,2117,ATTGACCGTTATTTGG
27,AAACCGGCATAAGTTC,2209,ATTGACCGTGGACATA
28,AAACCGGCATGAGTTT,2254,ATTGACCGTCACAGGG
29,AAACGCGCAACAGGAT,2330,ATAACCCGTAGTTACC
30,AAACGCGCAGGGAGGA,2558,ATAACCCGTACGCACC
31,AAACGCGCAGTAAAGC,2566,ATAACCCGTTTACTAG
32,AAACGCGCAGTCTAAT,2574,ATAACCCGTTAGTACC
33,AAACGCGCATAGGCGA,2609,ATAACCCGTGCACAAA
34,AAACGCGCATATAACC,2611,ATAACCCGTTAGGCTT
35,AAACGTACACAATGCC,3186,GCGCTTAGTCCAATTA
36,AAACGTACAGCCTTGG,3290,GCGCTTAGTTAAGGAT
37,AAACGTACATAGTCAT,3378,GCGCTTAGTGTACCGC
38,AAAGCAAGTACCTTAC,3492,ACAGGCTCATTTCGCG
39,AAAGCAAGTCCAAGAC,3575,ACAGGCTCACTAGTAG
40,AAAGCAAGTTGCATCT,3777,ACAGGCTCATTTGTGC
41,AAAGCACCACCAGGTT,3976,AGGGTTAGTTTGCTGG
42,AAAGCCCGTAAGCTTG,4235,CAGTTTCCACCTAAAG
43,AAAGCCCGTATTGTCC,4300,CAGTTTCCATTAGTGG
44,AAAGCCCGTCAAACTG,4304,CAGTTTCCATGACTTC
45,AAAGCCCGTCTCACTG,4374,CAGTTTCCAAGGGAGC
46,AAAGCCCGTGGATTCA,4432,CAGTTTCCAGGTTCCC
47,AAAGCCCGTTCCGCAC,4522,CAGTTTCCATGAGGGA
48,AAAGCCCGTTCTTTAG,4533,CAGTTTCCATTTGGCT
49,AAAGCCGCACAGCCAT,4727,AGAGGGAGTACCTTGG
50,AAAGCCGCACCTACTT,4753,AGAGGGAGTAGCGGAT
51,AAAGCCGCAGATTCAT,4801,AGAGGGAGTTATTTGG
52,AAAGCCGCAGGAACAT,4832,AGAGGGAGTGCGGTTC
53,AAAGCCGCAGGCTGTT,4854,AGAGGGAGTTCATTCT
54,AAAGCCGCAGTAAGTA,4867,AGAGGGAGTGAACCGG
55,AAAGCCGCATTTAAGC,4985,AGAGGGAGTTCACTTT
56,AAAGCGGGTAGCCTCC,5039,TTGTGTCCATGAGCTA
57,AAAGCGGGTATTACCC,5059,TTGTGTCCACCTTAGT
58,AAAGCGGGTTAACACG,5233,TTGTGTCCACATTGTC
59,AAAGCTTGTATTCGTC,5443,TCCTCAGCACTAATCC
60,AAAGCTTGTCTAACCT,5519,TCCTCAGCAAACTAGT
61,AAAGCTTGTGCTGGTG,5568,TCCTCAGCAAGTGCAC
62,AAAGGACGTAGGTTGC,5812,AATTAGCCAATAAACC
63,AAAGGACGTCAATACG,5841,AATTAGCCACGCGCAA
64,AAAGGACGTTGGATAT,6080,AATTAGCCAATGTCAG
65,AAAGGACGTTGGTTCT,6087,AATTAGCCACAAGGCT
66,AAAGGAGCAAAGCGCA,6145,GAACGGTGTTGCTCCT
67,AAAGGAGCAGTAATAG,6398,GAACGGTGTGATTCTA
68,AAAGGAGCATACCCGG,6430,GAACGGTGTCACCATG
69,AAAGGAGCATCCAGGT,6450,GAACGGTGTGCCTTTC
70,AAAGGAGCATGAATCT,6465,GAACGGTGTTTATGTG
71,AAAGGAGCATGCTATG,6472,GAACGGTGTCACCAGC
72,AAAGGCTCAATGAATG,6607,GGATTAGGTCATCACG
73,AAAGGCTCAGAAACGT,6705,GGATTAGGTGCACGCT
74,AAAGGCTCAGGCCTTG,6762,GGATTAGGTCATGAAG
75,AAAGGTTAGCCGGTAC,6992,GTTTAGTTCCTACTAG
76,AAAGGTTAGCCTAATA,6994,GTTTAGTTCAAACCAA
77,AAAGGTTAGCTTCCCG,7054,GTTTAGTTCATTCAGT
78,AAAGGTTAGTTACCGG,7251,GTTTAGTTCCCTGATA
79,AAATCCGGTACGGTAC,7326,CATGCAACATAAAGGA
80,AAATCCGGTAGTTAAC,7350,CATGCAACATCCGGGA
81,AAATGCCTCCTCCATA,7865,GATTCTTAGATAGCCG
82,AAATGGCCAACATAAG,8080,CAGGTAAGTAACGATG
83,AAATGGCCAAGCCAGA,8097,CAGGTAAGTCGCATTG
84,AAATGGCCACCGGCTA,8195,CAGGTAAGTCTGTGCA
85,AAATGGCCACCGGTAT,8196,CAGGTAAGTCTTGAAC
86,AAATGGCCATAAGGAC,8339,CAGGTAAGTACAATGG
87,AACAAAGGTAACGTGC,8445,TAGTGTGCATTGAGGC
88,AACAAAGGTAATCCCT,8456,TAGTGTGCAGCCTGAG
89,AACAAAGGTCTAACAG,8584,TAGTGTGCAGGATGTC
90,AACAAAGGTCTAACCT,8585,TAGTGTGCAAACTAGT
91,AACAAAGGTGCATTTC,8623,TAGTGTGCACCAGCTC
92,AACAAAGGTGTTAAAC,8669,TAGTGTGCACCGGTAG
93,AACAAAGGTTAAGCCA,8685,TAGTGTGCAATCTGGA
94,AACAAAGGTTTGGCTT,8810,TAGTGTGCAATCTCTA
95,AACAAGCCAAACCTAT,8820,CAACTACGTGCGCGAA
96,AACAAGCCAACCTAAT,8850,CAACTACGTAGCTTAC
97,AACAAGCCAAGACTCC,8860,CAACTACGTATGGTGA
98,AACAAGCCACCAGGTT,8956,CAACTACGTTTGCTGG
99,AACAAGCCACCTAATG,8965,CAACTACGTTACTAGC
100,AACAAGCCACCTACGG,8966,CAACTACGTGGCTTAT
101,AACAAGCCAGGCTTCG,9069,CAACTACGTAACCGGG
102,AACAAGCCATAAGTCT,9106,CAACTACGTCATGCCA
103,AACAGATAGGCCGGAA,9409,AGCACCTTCCGGCTAT
104,AACAGATAGGTAACGA,9452,AGCACCTTCATGCGGA
105,AACAGATAGGTGCGGA,9471,AGCACCTTCATGCCTA
106,AACAGCAAGACTATTG,9607,GTCACACTCCACCTGG
107,AACAGCAAGCTGGAAA,9727,GTCACACTCCTAAGAA
108,AACAGCAAGCTTAACA,9733,GTCACACTCCGTTAGC
109,AACAGCAAGGAATAAC,9752,GTCACACTCTAGTTGT
110,AACAGCAAGGGTTATC,9835,GTCACACTCGTCCTAA
111,AACAGCAAGTCTATGA,9912,GTCACACTCAATTGCT
112,AACAGCAAGTTGTCCC,9959,GTCACACTCGTACAAA
113,AACAGCAAGTTTGTCT,9968,GTCACACTCCTCATGA
114,AACAGGATCCTCCTAA,10169,GCCTCATAGAAGGGTA
115,AACATAGCACCATATG,10493,AACAAGTGTAATTGGG
116,AACATAGCACCTGCTC,10509,AACAAGTGTACACCGC
117,AACATAGCACTAAGAA,10523,AACAAGTGTGTCACGC
118,AACATAGCAGGACACA,10587,AACAAGTGTCAGGCTC
119,AACATAGCAGTAAAGC,10616,AACAAGTGTTTACTAG
120,AACATAGCATAAGTCT,10642,AACAAGTGTCATGCCA
121,AACATCATCTTGCAAA,11107,AACGCGCAGTACTGGG
122,AACATTGTCAAGCGCC,11131,CTATTACAGCCTGTCG
123,AACATTGTCATTGTTC,11234,CTATTACAGGAGGTAA
124,AACATTGTCCATCAGG,11256,CTATTACAGGCTAAAC
125,AACATTGTCCGGTATG,11293,CTATTACAGTTAACGA
126,AACATTGTCGGTTTGG,11401,CTATTACAGTCATTAC
127,AACATTGTCGTTATCT,11418,CTATTACAGGCTATAA
128,AACCCGCAGACAACGA,11519,CGTAACCTCTTTAGCG
129,AACCCGCAGAGGAAGG,11538,CGTAACCTCGCATTGC
130,AACCCGCAGCAGGCCT,11573,CGTAACCTCCGGTTTA
131,AACCCGCAGCATGTCG,11581,CGTAACCTCCCTCGTC
132,AACCCGCAGCGAGTAA,11611,CGTAACCTCGGTCCAT
133,AACCCGCAGCTGTACG,11651,CGTAACCTCAATATCC
134,AACCCGCAGCTTTGGG,11661,CGTAACCTCCCAATAT
135,AACCCGCAGGACCGCT,11677,CGTAACCTCATAACCT
136,AACCGCTCAAGACTCC,11932,GCTACTGGTATGGTGA
137,AACCGCTCACAACAGG,12000,GCTACTGGTATTGCGT
138,AACCGCTCATCCGTAA,12210,GCTACTGGTACGTAAG
139,AACCGCTCATGAATAG,12220,GCTACTGGTTATCCGG
140,AACCGGCTCAAGACTC,12281,GCTAAGTAGGCGCATA
141,AACCGGCTCATCACTT,12350,GCTAAGTAGCAATACA
142,AACCGGCTCATTAGTG,12379,GCTAAGTAGAAATGCC
143,AACCGGCTCCCTCTAA,12426,GCTAAGTAGTCCCTGG
144,AACCGGCTCGTTACTT,12566,GCTAAGTAGGGACTTG
145,AACCTAATCAAACCTA,12659,CAGCATGAGGTGCTTC
146,AACCTAATCAATACGC,12673,CAGCATGAGACTTACT
147,AACCTAATCACAGCCA,12687,CAGCATGAGTAACACA
148,AACCTAATCCCTGATC,12812,CAGCATGAGCATATAG
149,AACCTAATCGATTCTT,12894,CAGCATGAGTGAGCCA
150,AACCTAATCGCATTAA,12904,CAGCATGAGCTAGTTT
151,AACCTAATCTGCAAGT,13001,CAGCATGAGTTTGAGA
152,AACCTCACAACCGCCA,13073,CTTAGCGGTTGACCGC
153,AACCTCACACAAAGCG,13149,CTTAGCGGTACAAACG
154,AACCTCACAGTAATAG,13306,CTTAGCGGTGATTCTA
155,AACCTCCTCCTGGTGA,13634,AATCATGAGACACGCA
156,AACCTCCTCGACAAAG,13651,AATCATGAGAAAGGCA
157,AACCTCCTCTAATTGG,13738,AATCATGAGCTATCGC
158,AACCTTAAGGACAACA,13977,GTTAATCTCTATGCAT
159,AACCTTAAGGCATTGT,14013,GTTAATCTCCTTCGGG
160,AACCTTGCAAAGCGCA,14205,GCACAAAGTTGCTCCT
161,AACCTTGCAAGTTATC,14263,GCACAAAGTTGGCCAC
162,AACCTTGCATTATGAC,14556,GCACAAAGTTGGGTAA
163,AACGACAAGCTCCTTA,14715,CAAGGTGTCGAAGCAT
164,AACGACAAGGACCGCT,14749,CAAGGTGTCATAACCT
165,AACGACAAGGAGTAAT,14763,CAAGGTGTCCTCTACT
166,AACGACAAGTATCGCG,14880,CAAGGTGTCGCCCGTA
167,AACGCCCAGCTTAGTA,15112,TTGCCTTTCCGCTAAC
168,AACGCCCAGGTAAGCA,15213,TTGCCTTTCGTACCTA
169,AACGCCCAGGTCTTGG,15227,TTGCCTTTCTGTTGGC
170,AACGCCCAGTGTGATC,15307,TTGCCTTTCGCTTTAG
171,AACGCCCAGTTAGACC,15313,TTGCCTTTCCCGGATT
172,AACGCTAGTAATCGGC,15368,GGCCTTCCAGTTTGCT
173,AACGCTAGTCCAAGAC,15465,GGCCTTCCACTAGTAG
174,AACGCTAGTGCGCGTA,15538,GGCCTTCCAAGTGCCG
175,AACGCTAGTGGATTAT,15555,GGCCTTCCATAATGCG
176,AACGCTAGTTGGCCGA,15676,GGCCTTCCAAACCTAG
177,AACGGTAAGCATTTCT,15807,AGTAGGTTCCAAATTC
178,AACGGTAAGCTGTACG,15873,AGTAGGTTCAATATCC
179,AACGGTAAGGAGCATA,15908,AGTAGGTTCCGTAAGG
180,AACGGTAAGGAGGCAT,15910,AGTAGGTTCTTGTCGA
181,AACGGTAAGGCATTGT,15931,AGTAGGTTCCTTCGGG
182,AACGGTAAGGCGCACT,15941,AGTAGGTTCAATGTGA
183,AACGGTAAGGGATTAG,15965,AGTAGGTTCAGTACCC
184,AACTACTCAAATACCT,16129,GCCATCAGTCAATGAG
185,AACTAGCTCAGGTCCA,16560,GACGAGGAGTCATCAT
186,AACTAGCTCCAGCACA,16623,GACGAGGAGTAGGTTA
187,AACTAGCTCGCAACAT,16736,GACGAGGAGATTCGTT
188,AACTAGCTCTGTAAGC,16844,GACGAGGAGTTAACCT
189,AACTAGCTCTGTTGCC,16850,GACGAGGAGAGGAACA
190,AACTAGTGTCAAACTG,16962,CAACGGTCATGACTTC
191,AACTAGTGTCATAGAT,16987,CAACGGTCACCATGCC
192,AACTAGTGTCATCCTG,16990,CAACGGTCAATAAAGG
193,AACTAGTGTGCATCGG,17065,CAACGGTCATGGCTAA
194,AACTAGTGTTCGCTCA,17187,CAACGGTCAGGTGAGA
195,AACTCACAGAGCAAGC,17291,GCTTCAATCAGGCTAG
196,AACTCACAGCGCAATT,17371,GCTTCAATCAATAGGC
197,AACTCACAGCTAAAGG,17384,GCTTCAATCGCTCAGT
198,AACTCACAGGCCTAAT,17470,GCTTCAATCCGCCTCT
199,AACTCACAGGCGCTTA,17478,GCTTCAATCCAATTAC
200,AACTCACAGGTTTGAC,17540,GCTTCAATCGATTAAG
201,AACTCACAGTTAGTTG,17619,GCTTCAATCTACCTGA
202,AACTGTTCAATTGAGA,17747,AGGTATGGTCCTGCAA
203,AACTGTTCACAAAGCG,17753,AGGTATGGTACAAACG
204,AACTGTTCAGCCAGAA,17859,AGGTATGGTGGTTCTG
205,AACTGTTCATATAACC,17953,AGGTATGGTTAGGCTT
206,AACTTAGTCTAGCTAA,18349,TCTAGCCAGGAGGGTG
207,AAGAACAGTCCTAAGA,18542,AAACGGGCAGCTACCC
208,AAGAACAGTTACAAAC,18672,AAACGGGCATTAGCAG
209,AAGAATCAGCCACAAT,18877,TAATCCGTCGATCCGT
210,AAGAATCAGGCGCTTA,19012,TAATCCGTCCAATTAC
211,AAGAATCAGTATTGGC,19101,TAATCCGTCACTTGCA
212,AAGAATCAGTATTGTG,19102,TAATCCGTCAGGAGCC
213,AAGACAAGTACCTTAC,19216,GTTGCTTCATTTCGCG
214,AAGACAAGTCGTTACT,19326,GTTGCTTCAAAGGACG
215,AAGACAAGTGTTAAAC,19413,GTTGCTTCACCGGTAG
216,AAGACAAGTTAGTGAT,19463,GTTGCTTCACTAGCGG
217,AAGACAAGTTCCATTA,19479,GTTGCTTCAATTGCTC
218,AAGACATAGCATCCAG,19632,AACGGTGTCATCAGTT
219,AAGACATAGCCTCTGT,19656,AACGGTGTCGCGTTAC
220,AAGACATAGGCTAAGA,19782,AACGGTGTCATTAGTC
221,AAGACCAAGATGGACA,19989,GATGGATTCTCAAGAA
222,AAGACCAAGCATGTCG,20021,GATGGATTCCCTCGTC
223,AAGACCAAGGAAGCAC,20109,GATGGATTCTAGCCTA
224,AAGACCAAGGGTTATC,20195,GATGGATTCGTCCTAA
225,AAGACCAAGTAGAGGC,20241,GATGGATTCATGCAAA
226,AAGACCAAGTGTTGCG,20292,GATGGATTCGCTAATT
227,AAGCAAGTCCCTGATC,20484,CGACCTTAGCATATAG
228,AAGCAAGTCGATATTG,20563,CGACCTTAGATTCTGT
229,AAGCAAGTCTACCTCA,20644,CGACCTTAGTGTTGTT
230,AAGCATGAGCCTAATA,20806,ACCTGGTTCAAACCAA
231,AAGCATGAGGAAACTG,20871,ACCTGGTTCGTTTCTC
232,AAGCATGAGGAAGCTA,20878,ACCTGGTTCCTTTGAG
233,AAGCATGAGGCATGTT,20915,ACCTGGTTCACCTATG
234,AAGCATGAGGTTTGAC,20992,ACCTGGTTCGATTAAG
235,AAGCCACGTGAGCGAA,21268,ACCAAATCAAGTGGCT
236,AAGCCACGTTACATCC,21358,ACCAAATCAACAACAT
237,AAGCCACGTTATCCGT,21384,ACCAAATCAAAGTCAT
238,AAGCCTCCAATCTCTC,21567,AGCTTTAGTGAGGGTT
239,AAGCCTCCATCAGTAT,21793,AGCTTTAGTTTGAGGA
240,AAGCCTGTCATTAGCA,21967,TGAAGGAAGCTATATC
241,AAGCCTGTCCATCAGG,21998,TGAAGGAAGGCTAAAC
242,AAGCCTGTCCCTCTAA,22016,TGAAGGAAGTCCCTGG
243,AAGCCTGTCCTAAGTA,22047,TGAAGGAAGTTTCTGG
244,AAGCCTGTCGGTTCCT,22141,TGAAGGAAGGCTCAAG
245,AAGCCTGTCTAGCTAA,22183,TGAAGGAAGGAGGGTG
246,AAGCCTGTCTCAATGA,22189,TGAAGGAAGGCTTGTC
247,AAGCCTTAGACTCGCA,22270,TGCTAATTCTAGGATA
248,AAGCCTTAGTTGCGTG,22616,TGCTAATTCATAGCGG
249,AAGCGAATCAAACCTA,22633,GGTTGCAAGGTGCTTC
250,AAGCGAATCAGCACGC,22686,GGTTGCAAGTTATGGA
251,AAGCGAATCGGCTAGC,22896,GGTTGCAAGTCCTGCG
252,AAGCGAGGTAATGGCC,23042,CAAGGCTCACTCCCTT
253,AAGCGAGGTTACTTCA,23282,CAAGGCTCATAAACCG
254,AAGCGAGGTTCAAGCA,23308,CAAGGCTCAAGCCTCC
255,AAGCGCTGTAGGATTT,23455,GGTTGCGCATATTGCC
256,AAGCGCTGTAGGTTTG,23459,GGTTGCGCACCAACAA
257,AAGCGCTGTGAGAAAC,23564,GGTTGCGCAAACGCGT
258,AAGCGCTGTTTAACGG,23747,GGTTGCGCATTTGTCA
259,AAGCGGGTCGTAACGT,24060,GTCCGTTAGGCGCAGT
260,AAGCGTTTCAAACTCA,24166,GGGATGGAGTAACGTA
261,AAGCGTTTCATGGTTA,24260,GGGATGGAGTTACCGC
262,AAGCGTTTCCTTAGGG,24376,GGGATGGAGCATCCTA
263,AAGCGTTTCGTAATCA,24445,GGGATGGAGGTTGCGA
264,AAGCTAGAGAAAGCAT,24548,CGTTACATCGACAAAC
265,AAGCTAGAGCATCCAG,24618,CGTTACATCATCAGTT
266,AAGCTAGAGCTGTACG,24693,CGTTACATCAATATCC
267,AAGCTAGAGGAGGGTT,24731,CGTTACATCGCTATGC
268,AAGCTATGTAACCAGC,24937,TGTGCAACAGGAGCTT
269,AAGCTATGTAACTACG,24942,TGTGCAACAGCTCGAG
270,AAGCTATGTCCAAGAC,25051,TGTGCAACACTAGTAG
271,AAGCTATGTCGTTACT,25078,TGTGCAACAAAGGACG
272,AAGCTATGTCGTTATC,25079,TGTGCAACAGTGAGAG
273,AAGCTATGTGGAAGGC,25136,TGTGCAACAGCCAGTG
274,AAGCTATGTGGTTAGC,25149,TGTGCAACAACCGTTT
275,AAGCTATGTTAGTGAT,25215,TGTGCAACACTAGCGG
276,AAGCTTGGTACTGAAT,25741,CGCTAAACAAACCAGC
277,AAGCTTGGTATTGCAG,25773,CGCTAAACAAGGAAGT
278,AAGCTTGGTGTTTCAC,25938,CGCTAAACAAGGATTT
279,AAGCTTGGTTTAGCTC,26052,CGCTAAACAGCAAGCT
280,AAGGATCCAAGCGATG,26511,CGATTACGTCTATGAC
281,AAGGATGTCAAGCGCC,26857,TCCTTAGAGCCTGTCG
282,AAGGATTAGATAACCC,27271,ACGTCACTCATTTAGC
283,AAGGATTAGGAAGTAT,27397,ACGTCACTCTTGCTCT
284,AAGGCCCTCATTGACA,27724,TACTGTTAGTTGCAGG
285,AAGGCCCTCTTGATGA,27984,TACTGTTAGGTTACTT
286,AAGGTATAGCGATAAG,28106,CTCAATGTCGCTTCTT
287,AAGGTATAGGAAGTAT,28165,CTCAATGTCTTGCTCT
288,AAGGTATAGTAATCCA,28292,CTCAATGTCAGCTAAA
289,AAGGTATAGTGAACGA,28332,CTCAATGTCTGGATCC
290,AAGGTATAGTTTGAGC,28378,CTCAATGTCAAATCCT
291,AAGGTCAAGACACCGC,28399,ACCGAAGTCAGGAGGG
292,AAGGTCAAGCTGGACC,28526,ACCGAAGTCCGCACCA
293,AAGGTCAAGCTTAGCG,28533,ACCGAAGTCGAGGCGT
294,AAGGTCAAGGCCTAAT,28592,ACCGAAGTCCGCCTCT
295,AAGGTCAAGGTTTGCG,28663,ACCGAAGTCAGCCTTA
296,AAGGTCAAGTAACAGG,28666,ACCGAAGTCGCTTCAA
297,AAGGTCAAGTACTGGT,28678,ACCGAAGTCACAGATA
298,AAGGTCAAGTTTGAGC,28762,ACCGAAGTCAAATCCT
299,AAGGTGCAGGCCTAAT,28976,TCCTGAATCCGCCTCT
300,AAGGTGCAGTTAGTTG,29125,TCCTGAATCTACCTGA
301,AAGTAGCCAAGGTCGA,29213,CTTTGTTGTTGTGGTT
302,AAGTAGCCAGTCTAAT,29422,CTTTGTTGTTAGTACC
303,AAGTCTATCCGCACAA,29698,CAAAGTCAGTAAACTG
304,AAGTCTATCGCAGGCT,29780,CAAAGTCAGGTCATTT
305,AAGTCTATCGGTCAAT,29808,CAAAGTCAGTTTACGT
306,AAGTCTATCTTGCAGG,29906,CAAAGTCAGCTTCCTT
307,AAGTGAAGTACGCGCA,29958,CTCTAACCACCACAAA
308,AAGTGAAGTGGACATC,30125,CTCTAACCAATGAAGA
309,AAGTGAAGTGTTGTGA,30159,CTCTAACCATGAAGCC
310,AAGTGAAGTTTGACCT,30286,CTCTAACCAGTAGGAG
311,AAGTGCAAGCCTGGTA,30400,GCGCAAATCGAAGTTA
312,AAGTGCAAGGAAACTG,30459,GCGCAAATCGTTTCTC
313,AAGTGTTGTATTCGCT,30758,TGCGCCTCAGGATGGA
314,AAGTGTTGTCAGGCAT,30788,TGCGCCTCAACCTCGC
315,AAGTGTTGTCTAACCT,30835,TGCGCCTCAAACTAGT
316,AAGTTACGTAACGTGC,31077,TCGCTCACATTGAGGC
317,AAGTTACGTAAGTCGC,31084,TCGCTCACAGTACCGG
318,AAGTTACGTCAAACTG,31150,TCGCTCACATGACTTC
319,AAGTTACGTCCAAATG,31186,TCGCTCACATGGATTG
320,AAGTTACGTTGGATAT,31396,TCGCTCACAATGTCAG
321,AAGTTACGTTTAAAGC,31415,TCGCTCACACGGATCG
322,AAGTTAGCAATTTAGC,31553,CCTGTGAGTTATATCG
323,AAGTTAGCATGGTTAT,31794,CCTGTGAGTCATTATG
324,AAGTTAGCATTAAACC,31803,CCTGTGAGTTATGTCA
325,AAGTTAGCATTAAAGG,31804,CCTGTGAGTCATTACA
326,AAGTTTGTCCATAAGC,31966,AGGGTGGAGGAGCTTG
327,AATAACCGTACCGTAA,32252,ACGCACGCAAACTGAT
328,AATAACCGTCCTAAGA,32346,ACGCACGCAGCTACCC
329,AATAACCGTGCCTCAC,32407,ACGCACGCAATAGAGA
330,AATAACCGTGTGAGGA,32446,ACGCACGCAAGGACGA
331,AATACCGGTGAGCGAA,32770,TGATGGCCAAGTGGCT
332,AATACCGGTTGTCCAT,32940,TGATGGCCATGGAGGA
333,AATAGAGGTGCATCGG,33167,TCCATTACATGGCTAA
334,AATAGAGGTTTATCTG,33339,TCCATTACATAATGGT
335,AATAGCTGTCACACCC,33457,TACCGAACAAGCCATA
336,AATAGCTGTTAAATGC,33608,TACCGAACATTGTCTA
337,AATAGCTGTTGTAACG,33702,TACCGAACAGGTTATG
338,AATATCCCAAGGTCCT,33806,GTAGGCGGTTTGGCTG
339,AATATCCCACTTAACG,33927,GTAGGCGGTAAGTCCT
340,AATATCCCACTTGTTC,33932,GTAGGCGGTGGTTACT
341,AATCAGGAGAGCCGGA,34161,CTGAGTCTCATGGATA
342,AATCAGGAGCCGCTTT,34219,CTGAGTCTCCTGGATC
343,AATCAGGAGCTGTCAG,34276,CTGAGTCTCGCGAGTA
344,AATCAGGAGGAGCAAC,34308,CTGAGTCTCCTAAATC
345,AATCAGGAGTCTATGA,34456,CTGAGTCTCAATTGCT
346,AATCAGGAGTGAACCT,34461,CTGAGTCTCAGGGCTA
347,AATCATCCATTGTCCT,34889,ACCTTAAGTCCTTAGG
348,AATCATGTCAGCAAAG,34949,ATCGCCTAGTAATGCA
349,AATCATGTCCACCCTG,35022,ATCGCCTAGCTCATGC
350,AATCATGTCGCATCCT,35143,ATCGCCTAGGTTGGAT
351,AATCCATCAGGCTTGT,35534,GAATCAGGTTGCAAGA
352,AATCCATCAGTTAAAG,35556,GAATCAGGTAAATAGC
353,AATCCATCATCCCGCT,35600,GAATCAGGTGTGAGTA
354,AATCCATCATCTTGAG,35609,GAATCAGGTGATCCTG
355,AATCCCTGTGCAATGC,35849,GGCTTAACAGGACTAC
356,AATCCCTGTTCACTGT,35961,GGCTTAACAATAGCCA
357,AATCCCTGTTCATTTG,35963,GGCTTAACAAGGCTTA
358,AATCCCTGTTGGATCA,35995,GGCTTAACATCCTTAA
359,AATCCGTAGATAACCC,36087,TGGCGAATCATTTAGC
360,AATCCGTAGCAACATC,36097,TGGCGAATCCAAGTGG
361,AATCCGTAGCACCACA,36107,TGGCGAATCTAACTGT
362,AATCCGTAGGAGGGTT,36231,TGGCGAATCGCTATGC
363,AATCCGTAGGCAAGTA,36244,TGGCGAATCTTGAATC
364,AATCCGTAGGGTGAAC,36293,TGGCGAATCCACTATG
365,AATCCTAAGACAAGTG,36446,CGCCTAGTCCTCACTT
366,AATCCTAAGCAAGGGT,36485,CGCCTAGTCAGAAAGG
367,AATCCTAAGGAACACA,36590,CGCCTAGTCAGCAATA
368,AATCCTAAGTTATCTC,36791,CGCCTAGTCGCAATTT
369,AATCGCCCAACTAACT,36851,CATAGCTGTTCCCGTT
370,AATCGCCCATGCTTAG,37156,CATAGCTGTCCAAGTT
371,AATCGCCCATGTTGCA,37165,CATAGCTGTTTGGTTA
372,AATCGCCCATTAGGTT,37176,CATAGCTGTCCTTGAG
373,AATCTCAAGCCTGTTC,37300,TTCCGGGTCGACATTT
374,AATCTTGAGACTTACA,37607,AACGTAATCGCTTGCG
375,AATCTTGAGAGCAAGC,37613,AACGTAATCAGGCTAG
376,AATCTTGAGTATTGTG,37890,AACGTAATCAGGAGCC
377,AATGAAGGTGCGCATG,38159,CTTGGTTCACAACATG
378,AATGAAGGTTGCACAA,38286,CTTGGTTCAGGTGGAA
379,AATGAAGGTTGCGCGA,38291,CTTGGTTCACTAGCTT
380,AATGCAACAGGTTTGC,38611,GCTTAGTGTTCCAGAT
381,AATGCATGTCAAGACC,38820,TAGCTAGCAGTGCAAC
382,AATGCATGTCATAACG,38839,TAGCTAGCACCAGCCT
383,AATGCATGTCGACTCC,38873,TAGCTAGCAGTGTGAC
384,AATGCATGTGAACAAA,38894,TAGCTAGCAAATGCTG
385,AATGCATGTGGAAACG,38937,TAGCTAGCAGGAGGGT
386,AATGCATGTTAGCATG,39006,TAGCTAGCATGCATTC
387,AATGCATGTTTACGTC,39085,TAGCTAGCAATCGTGA
388,AATGCGCGTAATCCCT,39136,ATGTTCCCAGCCTGAG
389,AATGCGCGTAATGACT,39140,ATGTTCCCATCCTCAG
390,AATGCGCGTAGCCTCC,39167,ATGTTCCCATGAGCTA
391,AATGGCGCAAATGCCC,39517,AGTGCCCGTATTACTG
392,AATGGCGCAGCAAGTG,39701,AGTGCCCGTCTAATCA
393,AATGGCGCAGGCTAAG,39745,AGTGCCCGTGGTTAGA
394,AATGTCATCAATAGCC,39898,CTGTTGCAGCGCTTGT
395,AATGTCATCACGAATC,39920,CTGTTGCAGGATTATG
396,AATGTCATCAGCACGC,39936,CTGTTGCAGTTATGGA
397,AATGTCATCCCTCAAC,40029,CTGTTGCAGATTGACA
398,AATGTCATCCTTGAGG,40099,CTGTTGCAGTATCCGC
399,AATGTCATCGGCCAGT,40144,CTGTTGCAGAGATTCA
400,AATGTCCAGAATGACG,40275,TACCTAGTCCCACCCT
401,AATGTCCAGCCGCAAC,40352,TACCTAGTCTTTGGGC
402,AATGTCCAGCCTGAGC,40362,TACCTAGTCCTTCATC
403,AATGTCCAGTTTGGTA,40647,TACCTAGTCGCTTCGG
404,AATTACCCAAGTTATC,40719,CCGGTTAGTTGGCCAC
405,AATTACCCAGTAGCCT,40916,CCGGTTAGTTGCTCAG
406,AATTACCCATGACTAT,40982,CCGGTTAGTTAGCTCG
407,AATTACCCATGGTTAT,40994,CCGGTTAGTCATTATG
408,AATTAGCGTAACAGGG,41037,AAGCTTGCAAACCCAA
409,AATTAGCGTAACCACA,41038,AAGCTTGCATCATCAC
410,AATTAGCGTCGCGCAA,41177,AAGCTTGCAGCCGGTA
411,AATTAGCGTTATAGCG,41319,AAGCTTGCATTCAGGA
412,AATTAGGCACATTAAC,41548,GGGCAATGTTCACGCA
413,AATTAGGCAGAATGAC,41607,GGGCAATGTCTTAGCG
414,AATTCGTCAACCTAAT,41832,AGTTACCGTAGCTTAC
415,AATTCGTCAGTAATAG,42064,AGTTACCGTGATTCTA
416,AATTCGTCATTGTTGG,42180,AGTTACCGTCACCAAT
417,AATTGACGTAATCCCT,42204,CTTACCGCAGCCTGAG
418,AATTGACGTATTTGCC,42264,CTTACCGCACCTAACT
419,AATTGACGTCATGCCC,42297,CTTACCGCATTCCTGG
420,AATTGACGTCGTTACT,42330,CTTACCGCAAAGGACG
421,AATTGACGTGCAATAT,42366,CTTACCGCAGGCGAAA
422,AATTGACGTGCGCATG,42375,CTTACCGCACAACATG
423,AATTGACGTGGGTGAA,42399,CTTACCGCAAGTATCG
424,AATTGACGTTACATCC,42444,CTTACCGCAACAACAT
425,AATTGCCAGACAACGA,42579,GGATCAGTCTTTAGCG
426,AATTGCCAGACCATAC,42585,GGATCAGTCTCCATGA
427,AATTGCCAGCCGCAGT,42653,GGATCAGTCAATTAGG
428,AATTGCCAGGATTTGC,42760,GGATCAGTCATTACAC
429,AATTGCCAGTTGTCAA,42938,GGATCAGTCACCTGGT
430,AATTGCTCAGACAAAC,43142,AAGGTATGTAGTTGGA
431,AATTGCTCAGTAGGAT,43217,AAGGTATGTGGATGCG
432,AATTGGACAAGTGTCC,43401,TAGTTTGGTGTGCGAG
433,AATTGGACAGACAAAC,43526,TAGTTTGGTAGTTGGA
434,AATTGGACAGCTTAAT,43559,TAGTTTGGTGGTGAAC
435,AATTGGACATGAGCAG,43667,TAGTTTGGTCATAACC
436,AATTGGACATGTTGGC,43684,TAGTTTGGTGCTTCCT
437,AATTGGACATTGCAGC,43703,TAGTTTGGTTGGTTTA
438,AATTGGGAGCCTCTGT,43812,AACATGATCGCGTTAC
439,AATTGGGAGGCATGTT,43919,AACATGATCACCTATG
440,AATTGGGAGGCCATCA,43923,AACATGATCGGTCAAG
441,AATTGGGAGGCTATGT,43943,AACATGATCAAGGAAG
442,AATTGGGAGGTGTCCA,43989,AACATGATCCTCACGG
443,AATTGTGTCCAATAGC,44223,ACTCAGGAGCATGTTT
444,AATTGTGTCCGTAAAC,44276,ACTCAGGAGCGCTCCA
445,AATTGTGTCGCTCCAT,44361,ACTCAGGAGATAGACC
446,AATTGTGTCTTGTCTG,44478,ACTCAGGAGGGATTTA
447,AATTTCCTCTCACATT,44815,TTTAAGGAGTCCTCCC
448,AATTTGCCAAGGTATA,44929,CGTAAAGGTGAACAAT
449,AATTTGCCACCAAAGG,45004,CGTAAAGGTTTCCAAA
450,AATTTGCCACCTCAGG,45022,CGTAAAGGTGAGTTTC
451,AATTTGCCACGTGCTG,45036,CGTAAAGGTTACTTCT
452,AATTTGCCAGGGAGGA,45124,CGTAAAGGTACGCACC
453,AATTTGCCAGGTTACC,45128,CGTAAAGGTATGTTTG
454,AATTTGCCAGTATGTT,45139,CGTAAAGGTGCAGTAA
455,AATTTGCCATGTTGCA,45219,CGTAAAGGTTTGGTTA
456,ACAAACTGTAATCCCT,45658,GATGCACCAGCCTGAG
457,ACAAACTGTTTGGTTC,46015,GATGCACCACATGCAA
458,ACAAAGGTCCTCCTAA,46219,CTGGCTTAGAAGGGTA
459,ACAAAGGTCTATCGCC,46341,CTGGCTTAGGCTAATA
460,ACAAAGGTCTTAGTGA,46383,CTGGCTTAGTGGACCA
461,ACAACAACAATGAAGC,46492,TATGTCAGTATAGCGA
462,ACAACAACAGGCATGA,46645,TATGTCAGTGGTGCAG
463,ACAACACTCAATAGCC,46804,GGGTTGCAGCGCTTGT
464,ACAACACTCAGCTAAC,46845,GGGTTGCAGTATAGCA
465,ACAACACTCATTACAG,46888,GGGTTGCAGGACCATG
466,ACAACACTCCGTTAAA,46965,GGGTTGCAGTAACCGG
467,ACAACACTCGCTAGAT,47041,GGGTTGCAGAATGACC
468,ACAACACTCGTCAAGT,47071,GGGTTGCAGCTTCTCT
469,ACAACACTCTGTAAGC,47136,GGGTTGCAGTTAACCT
470,ACAACACTCTGTTGCC,47142,GGGTTGCAGAGGAACA
471,ACAACAGAGCATGGTT,47246,ATAAGCATCATCCTCT
472,ACAACAGAGCGAAGTA,47274,ATAAGCATCAAATCGA
473,ACAACATGTACAATGT,47585,AGGCAAGCACTCAATC
474,ACAACATGTGACCTGG,47721,AGGCAAGCATAGCTTC
475,ACACAATGTAGCAGCT,47986,CATGAATCAGGAAGCA
476,ACACAATGTCCTTTAA,48074,CATGAATCAGAAATGA
477,ACACAATGTCGCAAAC,48078,CATGAATCAGGATAAA
478,ACACAATGTTTATTCG,48297,CATGAATCATATGGTG
479,ACACCTTGTACCGAAC,48352,TTCGTTACACAAAGCC
480,ACACCTTGTTCACTGT,48615,TTCGTTACAATAGCCA
481,ACACCTTGTTTATTCG,48679,TTCGTTACATATGGTG
482,ACACGGACACTAAGCC,48872,ATACCTAGTTAGGCGG
483,ACACGGACAGCTCAAC,48925,ATACCTAGTCACTATA
484,ACACGGACATCAATCG,49011,ATACCTAGTGTAACCT
485,ACACGGACATGTTGGC,49052,ATACCTAGTGCTTCCT
486,ACACTAATCGCTAAAC,49337,TCACATTAGGTGCACA
487,ACACTAGGTAGCTGGT,49525,GCTTCATCAGGTTGCG
488,ACACTAGGTATCTGGA,49538,GCTTCATCACCGTTGC
489,ACACTAGGTCATGAGC,49581,GCTTCATCAAGGCCTG
490,ACACTAGGTTTGGCGG,49843,GCTTCATCACATGCTT
491,ACACTTAAGAATCTCA,49860,CGAATAATCTTAGGTT
492,ACACTTAAGTCACTAA,50164,CGAATAATCGATTATC
493,ACACTTAAGTCGCAAT,50176,CGAATAATCAGGCCAA
494,ACACTTGCAAACTCAT,50243,TAGTGAGGTCAGTGCC
495,ACACTTGCAAATATCC,50254,TAGTGAGGTTGTGACT
496,ACACTTGCAAGGGTTG,50292,TAGTGAGGTCCTCCTG
497,ACACTTGCAATGAGGT,50326,TAGTGAGGTCGCAATT
498,ACACTTGCACCAGGTT,50374,TAGTGAGGTTTGCTGG
499,ACACTTGCACTCGCTC,50412,TAGTGAGGTTGTTCCC
500,ACACTTGCAGAATGAC,50427,TAGTGAGGTCTTAGCG
501,ACACTTGCAGCAAATA,50434,TAGTGAGGTTGCGTGC
502,ACACTTGCAGCTCAAC,50459,TAGTGAGGTCACTATA
503,ACACTTGCAGTAGGTG,50504,TAGTGAGGTACCTTAA
504,ACACTTGCATAATCAC,50526,TAGTGAGGTAGGAGGA
505,ACAGCCGGTAGCTAGC,50673,CGGCCAACAATTGACG
506,ACAGCCGGTCCTTCTC,50755,CGGCCAACAATTAGCG
507,ACAGCCGGTGGAGCAA,50827,CGGCCAACAGCCTAAA
508,ACAGCCGGTTGCGGAT,50944,CGGCCAACATCCCAAT
509,ACAGCCGGTTTAACCC,50968,CGGCCAACATTAGCGA
510,ACAGCCGGTTTGTGGA,50999,CGGCCAACAACCCTTG
511,ACAGCGCTCTTTAGGA,51381,GCACCTTAGGTGTTAA
512,ACAGCGCTCTTTGACT,51382,GCACCTTAGCCCTTGG
513,ACAGGAATCGATCAGT,51620,GAAGTGAAGAACCTTT
514,ACAGGAATCGCTAAGT,51638,GAAGTGAAGCTGGCAA
515,ACAGGAATCTCCATAT,51719,GAAGTGAAGCAATTGA
516,ACAGGATCAAACAACA,51769,TGTGCTGGTGTGTTAC
517,ACAGGATCAAGCCAGA,51815,TGTGCTGGTCGCATTG
518,ACAGGATCAAGTCGCT,51835,TGTGCTGGTTATGGCT
519,ACAGGATCAAGTTATC,51839,TGTGCTGGTTGGCCAC
520,ACAGGATCAGCCTAAC,51986,TGTGCTGGTAAACCAG
521,ACAGGATCAGCTAATT,51991,TGTGCTGGTATTTACG
522,ACAGGATCATCCCTCA,52089,TGTGCTGGTTAAGTCC
523,ACAGGATCATTATGCG,52133,TGTGCTGGTGTTAACC
524,ACAGGCTGTCACGAAC,52252,CCTAATCCATGAGGAG
525,ACAGGCTGTTTGAGGC,52522,CCTAATCCACCAAAGC
526,ACAGGTAAGCGGCTGT,52653,GCCTTAATCAGCGATG
527,ACAGGTAAGGAATAAC,52702,GCCTTAATCTAGTTGT
528,ACAGTATGTTTAACGG,53269,ACCAGGTCATTTGTCA
529,ACATAGCTCACGCCAA,53342,TTGATGAAGACAAACC
530,ACATAGCTCCGGTATG,53473,TTGATGAAGTTAACGA
531,ACATAGCTCCTGTTCA,53511,TTGATGAAGGTATAGC
532,ACATAGCTCGCTCACT,53560,TTGATGAAGAAACCTA
533,ACATAGCTCTATGACA,53624,TTGATGAAGTTACGAA
534,ACATAGCTCTCAATTC,53628,TTGATGAAGCTTAGGG
535,ACATCAATCCAATTAG,53808,CGTAAACAGCTTAAAG
536,ACATCAATCCTGGTGA,53894,CGTAAACAGACACGCA
537,ACATCAATCTCACATT,54015,CGTAAACAGTCCTCCC
538,ACATCATCAAATTCGT,54090,TTACCGGGTACTTATG
539,ACATCATCAACTAACT,54105,TTACCGGGTTCCCGTT
540,ACATCATCACAAAGCG,54177,TTACCGGGTACAAACG
541,ACATCATCACCTACGG,54218,TTACCGGGTGGCTTAT
542,ACATCATCAGTAGCCT,54336,TTACCGGGTTGCTCAG
543,ACATCATCAGTATGTT,54339,TTACCGGGTGCAGTAA
544,ACATCATCATGTCGCG,54417,TTACCGGGTGAGTTAG
545,ACATTAGTCGCTTCTA,54714,CGTACCTAGGATTGGT
546,ACATTAGTCGGTTACG,54729,CGTACCTAGGACTTAA
547,ACATTAGTCGTGCTAG,54741,CGTACCTAGGATGACT
548,ACATTAGTCGTTAGTA,54748,CGTACCTAGATTAGGC
549,ACATTGCAGCAGCTAT,54903,AACCTGCTCCATGCTA
550,ACATTGCAGCCTGTGA,54937,AACCTGCTCCGCACAT
551,ACATTGCAGGGTCTAT,55082,AACCTGCTCTCAAATC
552,ACCAAACTCACCTGTC,55259,AGGTGTTAGTGTGGTG
553,ACCAAACTCACTAAGC,55265,AGGTGTTAGTCTAGCC
554,ACCAAACTCCAAGTTA,55342,AGGTGTTAGCTAATAG
555,ACCAAACTCCCTCAAC,55369,AGGTGTTAGATTGACA
556,ACCAAACTCCTGAGTG,55424,AGGTGTTAGGGTTATA
557,ACCAAACTCTCGCCTG,55561,AGGTGTTAGCTTTAAC
558,ACCAAGCGTCACACCC,55699,TGCTCCACAAGCCATA
559,ACCAAGCGTCATAAGT,55712,TGCTCCACATGACCTT
560,ACCAAGTTCACTTCAT,56036,AGGGAGTAGTGTCCAC
561,ACCAAGTTCCATAATG,56121,AGGGAGTAGGGTTGGC
562,ACCAAGTTCCGCAAGC,56149,AGGGAGTAGATTCCGC
563,ACCAAGTTCGTTAGTA,56282,AGGGAGTAGATTAGGC
564,ACCAAGTTCGTTTCTG,56288,AGGGAGTAGCATGAGT
565,ACCAATATCATCCTCA,56452,GGCACTAAGAACAAGG
566,ACCAATATCATTTGTC,56487,GGCACTAAGAATCGAC
567,ACCAATATCCGGTATG,56543,GGCACTAAGTTAACGA
568,ACCAATATCGCGACAC,56621,GGCACTAAGCAGGTTG
569,ACCAATATCGCTAAGT,56624,GGCACTAAGCTGGCAA
570,ACCAATATCGGTTACG,56647,GGCACTAAGGACTTAA
571,ACCAATATCTAGCTAA,56691,GGCACTAAGGAGGGTG
572,ACCAATATCTTGCATT,56743,GGCACTAAGTGCGGGT
573,ACCACATAGACTTATG,57164,GGTTACCTCGCTTGAC
574,ACCACATAGCCGCAAC,57226,GGTTACCTCTTTGGGC
575,ACCACATAGGAAGCTA,57304,GGTTACCTCCTTTGAG
576,ACCACATAGTTGTCCC,57513,GGTTACCTCGTACAAA
577,ACCAGCTCAAAGGCCA,57539,GCGTGCTGTGAGTCAA
578,ACCAGCTCAATAGCAA,57600,GCGTGCTGTCCTCACT
579,ACCAGGACAAAGGCCA,57923,TCGCAATGTGAGTCAA
580,ACCAGGACAAATTCGT,57928,TCGCAATGTACTTATG
581,ACCAGGACAACCGCCA,57939,TCGCAATGTTGACCGC
582,ACCAGGACACAAGCCT,58020,TCGCAATGTTCATTGA
583,ACCAGGACACCAGGTT,58046,TCGCAATGTTTGCTGG
584,ACCAGGACACCCTCAC,58050,TCGCAATGTAAGTGGC
585,ACCAGGACACCTCACC,58059,TCGCAATGTATTGTCA
586,ACCAGGACAGACAAAC,58100,TCGCAATGTAGTTGGA
587,ACCAGGCTCCCTCACG,58440,CGTCAAGAGGCTTATT
588,ACCAGGCTCCGGTATG,58463,CGTCAAGAGTTAACGA
589,ACCAGGCTCCTCGATC,58492,CGTCAAGAGAACCTGG
590,ACCAGGCTCTGCAAAC,58633,CGTCAAGAGTTACAAG
591,ACCAGGCTCTTGCATT,58663,CGTCAAGAGTGCGGGT
592,ACCAGGGAGACTCGCA,58698,GACATCCTCTAGGATA
593,ACCAGGGAGATGGAGC,58720,GACATCCTCGCAACTC
594,ACCAGGGAGCCTCTGT,58770,GACATCCTCGCGTTAC
595,ACCAGGGAGGCGTAAA,58895,GACATCCTCCGGGTTT
596,ACCAGGGAGTTAGACC,59027,GACATCCTCCCGGATT
597,ACCAGGGAGTTGGATC,59045,GACATCCTCAGTATAG
598,ACCATAATCAGGCCTA,59121,GTACTAAAGGCCCTTG
599,ACCATAATCCGGTTAG,59232,GTACTAAAGGGTCCAA
600,ACCATAATCCGTGACA,59236,GTACTAAAGATTGCCC
601,ACCATAATCCTAGTCC,59249,GTACTAAAGCGAAGCC
602,ACCATTAAGTAGGCGG,59745,CATGTCATCCCGCTGA
603,ACCCAACCAATAACCT,59898,TTGGTTAGTCGAGGCA
604,ACCCAACCACGGTTTA,59991,TTGGTTAGTTCGCTTC
605,ACCCAACCAGCACGAA,60034,TTGGTTAGTAATCACC
606,ACCCAACCAGGTATTT,60083,TTGGTTAGTTACGCCA
607,ACCCAGGGTCACAGAC,60306,GCCGCAACAGCCAATA
608,ACCCAGGGTTACGCAA,60475,GCCGCAACAAGGTATT
609,ACCCAGGGTTGCGCGA,60535,GCCGCAACACTAGCTT
610,ACCCGCTGTCCGTGAG,60720,ATTGTCCCATGGTTAG
611,ACCCGCTGTGGGTGAA,60809,ATTGTCCCAAGTATCG
612,ACCCGCTGTTTGGCGG,60967,ATTGTCCCACATGCTT
613,ACCCGGTAGCCACATG,61058,GCATTATTCTTGTTGG
614,ACCCGGTAGGCGGGTA,61194,GCATTATTCAATACAG
615,ACCCGTAAGATAGACG,61401,CTCCAAATCATAATGG
616,ACCCGTAAGCATGACT,61432,CTCCAAATCGTGCTGT
617,ACCCGTAAGCCTGTGA,61459,CTCCAAATCCGCACAT
618,ACCCGTAAGCTTAGTA,61510,CTCCAAATCCGCTAAC
619,ACCCGTAAGGCACAGG,61558,CTCCAAATCGCTCAAC
620,ACCCGTAAGGCGCACT,61573,CTCCAAATCAATGTGA
621,ACCCGTAAGGGCCACT,61598,CTCCAAATCCAACCTA
622,ACCCTCCCACAAACTT,61849,ACATTCAGTCAATACC
623,ACCCTCCCACATGCTA,61875,ACATTCAGTTTGACTA
624,ACCCTCCCAGCAACAG,61943,ACATTCAGTAATCCAC
625,ACCCTCCCAGCGCTTG,61963,ACATTCAGTGGACAAC
626,ACCCTCCCATCCAGGT,62060,ACATTCAGTGCCTTTC
627,ACCCTCCCATCCCTCA,62063,ACATTCAGTTAAGTCC
628,ACCCTGTTCTGCAACG,62470,TTTGGTTAGCCTTGCG
629,ACCGAAGCACTATGGC,62686,TTCATGAGTACTAGGA
630,ACCGAAGCATGACTAT,62844,TTCATGAGTTAGCTCG
631,ACCGCAATCAAGCTAC,62906,ACCTTGCAGCAAGACT
632,ACCGCAATCGCTATGG,63153,ACCTTGCAGGAGTCGC
633,ACCGGCTAGCACCACA,63339,AGGCTGATCTAACTGT
634,ACCGGCTAGGATTGCT,63473,AGGCTGATCAGGTAAC
635,ACCGGCTAGGTCCGTA,63540,AGGCTGATCTAATCAC
636,ACCGGCTAGGTGAGAC,63548,AGGCTGATCCAGGACA
637,ACCGGCTAGTAGCGCC,63577,AGGCTGATCTGTCAGC
638,ACCGGCTAGTGTTGCG,63626,AGGCTGATCGCTAATT
639,ACCGGCTAGTTAGACC,63631,AGGCTGATCCCGGATT
640,ACCGGTTCAAACTAAG,63670,ACGCCACGTTACCCAG
641,ACCGGTTCAATGCCCG,63755,ACGCCACGTTGAGTCT
642,ACCGGTTCAGGTTATT,63923,ACGCCACGTTTGGTGT
643,ACCTAAATCCTCCTAA,64247,GGTTCCTAGAAGGGTA
644,ACCTAAATCGCTTCTA,64308,GGTTCCTAGGATTGGT
645,ACCTAAATCTAAGGTC,64354,GGTTCCTAGATGCAAC
646,ACCTAAGGTGGATTAT,64641,CTAGTAGCATAATGCG
647,ACCTAAGGTTACCGGG,64693,CTAGTAGCACTTCAAC
648,ACCTAAGGTTGAAGCC,64744,CTAGTAGCACACAAGC
649,ACCTACCTCAAGCTTA,64825,CTCATCAAGCAGCCAA
650,ACCTACCTCAATCTAG,64832,CTCATCAAGTAAGCTA
651,ACCTACCTCCTAATTC,65000,CTCATCAAGCTTGAAA
652,ACCTACCTCGCTATAA,65070,CTCATCAAGGATTGAC
653,ACCTACCTCGTGCCTT,65100,CTCATCAAGGACACGC
654,ACCTCACTCAAACCTA,65199,CGGGACTAGGTGCTTC
655,ACCTCACTCCTCAGTC,65392,CGGGACTAGAAGCAAG
656,ACCTCACTCGCATCCT,65443,CGGGACTAGGTTGGAT
657,ACCTCACTCGCCTAAG,65445,CGGGACTAGTAAAGGG
658,ACCTCACTCTACCTCA,65512,CGGGACTAGTGTTGTT
659,ACCTCACTCTTACTCG,65555,CGGGACTAGAGGGACG
660,ACCTCACTCTTTAGGA,65577,CGGGACTAGGTGTTAA
661,ACCTCACTCTTTGAGA,65579,CGGGACTAGACATAGC
662,ACCTGGATCCAAGTGT,65701,AGTTATGAGTCACACC
663,ACCTGGATCTTTGACT,65962,AGTTATGAGCCCTTGG
664,ACCTGGTCAAATATCC,65984,ACAAACGGTTGTGACT
665,ACCTGGTCACCGTTCC,66111,ACAAACGGTTAGTGCT
666,ACCTGGTCAGTTTGTG,66248,ACAAACGGTGTTACTA
667,ACCTGGTCATAGCGGA,66268,ACAAACGGTAGCTTTA
668,ACCTGTTGTACCGAAC,66382,TTACGTCCACAAAGCC
669,ACCTTCATCACAGACT,66760,TTCTGTGAGCTTACTG
670,ACCTTCATCCGCCAAA,66896,TTCTGTGAGCCTGGTT
671,ACCTTCCAGATGGACA,67159,CCATGACTCTCAAGAA
672,ACCTTCCAGCAAGACA,67166,CCATGACTCGCATTAT
673,ACCTTCCAGCCAGGTC,67199,CCATGACTCAGTCTAT
674,ACCTTCCAGCCGGTAC,67206,CCATGACTCCTACTAG
675,ACCTTCCAGCTGTCAG,67262,CCATGACTCGCGAGTA
676,ACCTTCCAGTTAACCA,67464,CCATGACTCGCTATAT
677,ACCTTGCTCCTCATGC,67696,GTGCTAGAGGTGAATC
678,ACCTTGCTCGTTAGCG,67793,GTGCTAGAGATGAAGG
679,ACCTTGCTCTAGCTAA,67819,GTGCTAGAGGAGGGTG
680,ACCTTGTGTACAATGT,67913,AGTCTAGCACTCAATC
681,ACCTTGTGTCCTAACT,68011,AGTCTAGCACCTTCAG
682,ACCTTGTGTCGACTAA,68022,AGTCTAGCAGTTTCTA
683,ACCTTGTGTCGCGCAA,68027,AGTCTAGCAGCCGGTA
684,ACCTTGTGTTGCACGG,68203,AGTCTAGCAGGTCAAC
685,ACGAACAAGCCACATG,68348,GATTCGCTCTTGTTGG
686,ACGAACAAGGACCGCT,68437,GATTCGCTCATAACCT
687,ACGAACAAGGCATGTT,68467,GATTCGCTCACCTATG
688,ACGAACAAGGTAACGA,68516,GATTCGCTCATGCGGA
689,ACGAAGTCAGGAAGCC,68881,AAGGCTAGTGCGATTT
690,ACGAAGTCATAGTCAT,68956,AAGGCTAGTGTACCGC
691,ACGAATCTCAAGCCTG,69042,GGAACTTAGATTCACT
692,ACGAATCTCATCCACC,69112,GGAACTTAGGTTCCGT
693,ACGAATCTCCATAAGC,69166,GGAACTTAGGAGCTTG
694,ACGAATCTCCGGTTAG,69206,GGAACTTAGGGTCCAA
695,ACGAATCTCCTTGAGG,69251,GGAACTTAGTATCCGC
696,ACGAATCTCGCTAAAC,69285,GGAACTTAGGTGCACA
697,ACGACAAAGCTCCTTA,69555,AGCATGGTCGAAGCAT
698,ACGACAAAGGAGCATA,69598,AGCATGGTCCGTAAGG
699,ACGACAAAGGGTTATC,69667,AGCATGGTCGTCCTAA
700,ACGACAAAGTTTGAGC,69796,AGCATGGTCAAATCCT
701,ACGACTTAGCACTTGG,69866,TGATTACTCTTGTTCC
702,ACGACTTAGCGTGCAC,69922,TGATTACTCCAATACT
703,ACGACTTAGGATTGCT,69995,TGATTACTCAGGTAAC
704,ACGACTTAGGGCTAAA,70042,TGATTACTCGCTAGAG
705,ACGACTTAGTCTTGAA,70131,TGATTACTCAGCTACC
706,ACGACTTAGTTATCTC,70161,TGATTACTCGCAATTT
707,ACGAGTAAGACAGGTA,70204,AAGGTTATCATCAGCC
708,ACGATTCAGGATTTGC,70764,ATGCAAATCATTACAC
709,ACGATTCAGTGAGAGC,70905,ATGCAAATCCGGGTAA
710,ACGCAAGCAAGCCAGA,70999,CGAGCGAGTCGCATTG
711,ACGCAAGCAGGCTAAG,71201,CGAGCGAGTGGTTAGA
712,ACGCAAGCATTATCCC,71315,CGAGCGAGTCAGTACT
713,ACGCACGGTATTGGAT,71414,TAGCGCGCATTACTGC
714,ACGCACGGTCCTCCAA,71469,TAGCGCGCAGAGAGGC
715,ACGCACGGTTACTAGG,71603,TAGCGCGCATGACAAT
716,ACGCACGGTTTCGCGC,71703,TAGCGCGCACCTGGTC
717,ACGCACGGTTTGACCT,71704,TAGCGCGCAGTAGGAG
718,ACGCCACAGCCTGATG,71817,TCCAAATTCAGGTTGG
719,ACGCCTAAGACTAAGG,72124,ACATGAATCACAATAG
720,ACGCCTAAGGCACAGG,72302,ACATGAATCGCTCAAC
721,ACGCCTAAGGCGCTTA,72320,ACATGAATCCAATTAC
722,ACGCCTTTCCAATTAG,72610,TCTAATCAGCTTAAAG
723,ACGCCTTTCGTTTCGC,72787,TCTAATCAGCACTTGC
724,ACGCTTGAGTGGCGGA,73216,AAAGGCTTCCTGTTAG
725,ACGGTACGTCCTTTAA,73774,AGCTAATCAGAAATGA
726,ACGGTACGTCTAACCT,73787,AGCTAATCAAACTAGT
727,ACGGTTAGTAGCTGGT,74075,CGCATTTCAGGTTGCG
728,ACGGTTAGTAGGTTGC,74080,CGCATTTCAATAAACC
729,ACGGTTAGTGGATTGC,74231,CGCATTTCAGCACGAT
730,ACGGTTAGTTAAGTGT,74274,CGCATTTCAGGAACCT
731,ACGGTTTAGGCAAGTA,74598,CAGCCTGTCTTGAATC
732,ACGGTTTAGTAAGTCC,74692,CAGCCTGTCCTAGGTC
733,ACGGTTTAGTTACTTC,74752,CAGCCTGTCCATTACG
734,ACGGTTTAGTTGCGTG,74770,CAGCCTGTCATAGCGG
735,ACGTACCCAAAGGTAC,74802,GAACCTTGTAGCTAAG
736,ACGTACCCAATATAGG,74866,GAACCTTGTTACGTAC
737,ACGTACCCAATGAATG,74875,GAACCTTGTCATCACG
738,ACGTACCCACAGGAAT,74911,GAACCTTGTTGTCAGT
739,ACGTACCCACCGGTAT,74930,GAACCTTGTCTTGAAC
740,ACGTACCCAGCTACGT,75008,GAACCTTGTGAAACAT
741,ACGTACCCAGTAGGTG,75054,GAACCTTGTACCTTAA
742,ACGTACCCATCAATCG,75095,GAACCTTGTGTAACCT
743,ACGTCAAGTTCCAGGG,75468,GATTAACCAAGCGCAT
744,ACGTCAAGTTCTTTAG,75481,GATTAACCATTTGGCT
745,ACGTCAAGTTTGGGTA,75546,GATTAACCACATAGCA
746,ACGTCCAAGACAGGCG,75569,TGTGGCTTCACTATGT
747,ACGTCCAAGCCTGTTC,75652,TGTGGCTTCGACATTT
748,ACGTCCAAGCGGATAA,75667,TGTGGCTTCCTCCCAC
749,ACGTCCAAGGAGCACG,75731,TGTGGCTTCTAGTTCG
750,ACGTCCAAGGCCTGGT,75761,TGTGGCTTCCTTGCAA
751,ACGTCCTTCATTGCGG,76046,GTTCTTGAGGAAGTAG
752,ACGTCCTTCATTGTCT,76047,GTTCTTGAGGGCTATG
753,ACGTCCTTCCGGTTAG,76108,GTTCTTGAGGGTCCAA
754,ACGTCCTTCGGTTCCT,76213,GTTCTTGAGGCTCAAG
755,ACGTTACAGCTTCCCG,76472,ACCTAGCTCATTCAGT
756,ACGTTACAGTTGTCTT,76694,ACCTAGCTCAAGGTGT
757,ACGTTGTAGACAACGA,76717,CCCATAATCTTTAGCG
758,ACGTTGTAGACAGGTA,76722,CCCATAATCATCAGCC
759,ACGTTGTAGCACAGCC,76761,CCCATAATCCTCAGTA
760,ACGTTGTAGGGCTAAA,76944,CCCATAATCGCTAGAG
761,ACGTTGTAGGTCCAAT,76962,CCCATAATCCACAATT
762,ACTAAAGCACAAAGAC,77194,GAAGTATGTGACGTAA
763,ACTAAAGCACAATGCC,77202,GAAGTATGTCCAATTA
764,ACTAAAGCACCTGTAA,77245,GAAGTATGTTTATGGC
765,ACTAAAGCACTTAACG,77269,GAAGTATGTAAGTCCT
766,ACTAAAGCATTAGGTT,77448,GAAGTATGTCCTTGAG
767,ACTAACCAGAGGATAT,77507,TCCGGATTCGAAGTAC
768,ACTAACCAGCTGGCTA,77615,TCCGGATTCTGGAAAC
769,ACTAACCAGTGTTGCG,77818,TCCGGATTCGCTAATT
770,ACTAACCAGTTGTCAA,77844,TCCGGATTCACCTGGT
771,ACTAACGGTTATAGCG,78141,GACTCAACATTCAGGA
772,ACTAACTCAACAACAA,78260,GAGGTACGTTCAATTG
773,ACTAACTCAACTAGCC,78275,GAGGTACGTTGTTGTA
774,ACTAACTCACCGTTCC,78383,GAGGTACGTTAGTGCT
775,ACTAATCCACCTCGCT,78775,CGCTAATGTTGGGTTT
776,ACTAATCCACCTGCCT,78776,CGCTAATGTATATTCG
777,ACTAATCCACTGGCTG,78802,CGCTAATGTAGGATCA
778,ACTAATCCAGCCAGTT,78836,CGCTAATGTACGGTTT
779,ACTAATCCATATTGAC,78930,CGCTAATGTGCCGGAA
780,ACTAGGCGTATTGTCC,79084,TCACGCCCATTAGTGG
781,ACTATCCGTAGCTGGT,79443,TTTCCGGCAGGTTGCG
782,ACTATCCGTCCTCCAA,79519,TTTCCGGCAGAGAGGC
783,ACTATCCGTGAGGTAG,79559,TTTCCGGCAGGACCTG
784,ACTATCCGTGTTGTAG,79626,TTTCCGGCACTATACC
785,ACTATCCGTTAAGGTT,79641,TTTCCGGCATTGTCCG
786,ACTATCCGTTTATGGG,79746,TTTCCGGCACTGTCAT
787,ACTATGTCACCCACAG,79910,ATCGTTAGTCGCAACC
788,ACTATGTCAGCAACAG,79969,ATCGTTAGTAATCCAC
789,ACTATGTCATGATTGT,80105,ATCGTTAGTAGGTTAG
790,ACTCACCTCGATTATG,80389,TAGGGTTAGGAACAAG
791,ACTCACCTCTAATCCT,80464,TAGGGTTAGGATGCGC
792,ACTCACTGTAAATTGC,80540,TGGTTCTCACCTTCCT
793,ACTCACTGTAGTTAAC,80602,TGGTTCTCATCCGGGA
794,ACTCACTGTGCTCCGT,80735,TGGTTCTCAACAAGTT
795,ACTCACTGTTCCGCAC,80838,TGGTTCTCATGAGGGA
796,ACTCAGTAGCAGGCCT,80987,TAGGATATCCGGTTTA
797,ACTCAGTAGCTGTACG,81065,TAGGATATCAATATCC
798,ACTCAGTAGGATTGAG,81112,TAGGATATCAGGTTCC
799,ACTCAGTAGGGATGCG,81156,TAGGATATCCGAAACG
800,ACTCCTCAGTGAGGGT,81642,CAAGCCTTCGCAACCT
801,ACTCGCGCAACTAGCC,81725,CTGCAATGTTGTTGTA
802,ACTCGCGCAAGGTAAC,81745,CTGCAATGTTAGCTAC
803,ACTCGCGCAATGAGGT,81778,CTGCAATGTCGCAATT
804,ACTCGCGCAGAAATTG,81877,CTGCAATGTTTAGCGT
805,ACTCGCTTCAGGTCCA,82136,CGTCCATAGTCATCAT
806,ACTCGCTTCATGCTTT,82164,CGTCCATAGTGAGGCC
807,ACTCGCTTCGATCAGT,82306,CGTCCATAGAACCTTT
808,ACTCGCTTCTAAATCG,82373,CGTCCATAGCTATTGT
809,ACTCGCTTCTTAGGGT,82433,CGTCCATAGCATTAAG
810,ACTCGCTTCTTGAGCG,82438,CGTCCATAGTCACCTA
811,ACTGAAACACAGAAAC,82576,TAACCGTGTGGGTAAC
812,ACTGAAACACAGGGAC,82583,TAACCGTGTAAACCGA
813,ACTGAATGTGCTGTAA,83039,TAAAGGACATAACCAG
814,ACTGAATGTGGTTAGC,83057,TAAAGGACAACCGTTT
815,ACTTACAAGCACGTTG,83283,TTTCTCATCGGCTATC
816,ACTTACAAGCTCCTTA,83359,TTTCTCATCGAAGCAT
817,ACTTACTTCATTCATC,83713,CGCAGGTAGACAAGCT
818,ACTTACTTCGGGATTT,83874,CGCAGGTAGCTTAGTT
819,ACTTACTTCTCACTAT,83936,CGCAGGTAGGGAGCAG
820,ACTTAGGGTCCTTCTC,84125,TCCTTAACAATTAGCG
821,ACTTAGTCAATTGCGC,84474,TGCGCGTGTACTAACC
822,ACTTAGTCACTTAGGC,84555,TGCGCGTGTCATTTCT
823,ACTTAGTCAGAACCGA,84562,TGCGCGTGTTAATCGC
824,ACTTAGTCAGCTAACC,84592,TGCGCGTGTATGGTCT
825,ACTTATCTCAATCTAG,84774,GTGAGGGAGTAAGCTA
826,ACTTATCTCACGCCAA,84796,GTGAGGGAGACAAACC
827,ACTTATCTCCACAATA,84879,GTGAGGGAGGCGTAAT
828,ACTTATCTCCTCATGC,84952,GTGAGGGAGGTGAATC
829,ACTTATGAGACTTATG,85164,CAAGTCCTCGCTTGAC
830,ACTTATGAGATGGACA,85183,CAAGTCCTCTCAAGAA
831,ACTTATGAGCGATAAG,85246,CAAGTCCTCGCTTCTT
832,ACTTATGAGCTTAGTA,85290,CAAGTCCTCCGCTAAC
833,ACTTATGAGGTCCTGA,85402,CAAGTCCTCTATATGC
834,ACTTATGAGTAGGCGG,85441,CAAGTCCTCCCGCTGA
835,ACTTCGCTCCCTCATA,85674,GAAGCTTAGACAGGTT
836,ACTTCGCTCCCTGGAA,85679,GAAGCTTAGTGGCGTA
837,ACTTCGCTCCTGGTCT,85731,GAAGCTTAGGTTGTAA
838,ACTTCGCTCTGGCAAT,85868,GAAGCTTAGGGTGGGA
839,ACTTGAATCAAACACC,85907,TCCTAATAGTCCTCAA
840,ACTTGAATCATCCTAT,85987,TCCTAATAGTATCGCC
841,ACTTGAATCGAGGAAC,86137,TCCTAATAGCGATGCA
842,ACTTGAATCGCACACA,86151,TCCTAATAGTAGAGGA
843,ACTTGAATCGCAGGCT,86152,TCCTAATAGGTCATTT
844,ACTTGCACAAGGTAAC,86349,TCGGTATGTTAGCTAC
845,ACTTGCACAAGTCGCT,86357,TCGGTATGTTATGGCT
846,ACTTGCACAAGTTATC,86361,TCGGTATGTTGGCCAC
847,ACTTGCACACTTAGGC,86475,TCGGTATGTCATTTCT
848,ACTTGCACAGTAGCCT,86558,TCGGTATGTTGCTCAG
849,ACTTGTAAGACAAAGT,86687,GGCTTGTTCTAAGCAA
850,ACTTGTAAGACAGGTA,86694,GGCTTGTTCATCAGCC
851,ACTTGTAAGCACTTGG,86740,GGCTTGTTCTTGTTCC
852,ACTTGTAAGGAGGGTT,86859,GGCTTGTTCGCTATGC
853,ACTTGTAAGTAACAGG,86958,GGCTTGTTCGCTTCAA
854,ACTTGTAAGTCCTTCA,86998,GGCTTGTTCTCAGCTA
855,ACTTGTCGTCAAAGAA,87143,CCAAGGTCATGTTGGA
856,ACTTGTCGTCTTGCAT,87215,CCAAGGTCAGAATCTG
857,ACTTGTCGTGGATTAT,87269,CCAAGGTCATAATGCG
858,ACTTGTCGTTAACACG,87305,CCAAGGTCACATTGTC
859,ACTTTGTTCAGCACGC,87496,ATGCTAAAGTTATGGA
860,ACTTTGTTCATTACTC,87544,ATGCTAAAGGGTTAAC
861,ACTTTGTTCCGCAAAT,87601,ATGCTAAAGACCAGGC
862,ACTTTGTTCTGCAACG,87784,ATGCTAAAGCCTTGCG
863,ACTTTGTTCTTGCTAT,87814,ATGCTAAAGCCATCAC
864,AGAAACCCAAGGTCCT,87886,GGCTGAGGTTTGGCTG
865,AGAAACCCAAGGTGCA,87888,GGCTGAGGTGCGTAAA
866,AGAAACCCACCTACTT,87975,GGCTGAGGTAGCGGAT
867,AGAAACCCAGCACGTT,88033,GGCTGAGGTCAGTAAG
868,AGAAACCCAGTCTAAT,88096,GGCTGAGGTTAGTACC
869,AGAAACCCATGTCGCG,88173,GGCTGAGGTGAGTTAG
870,AGAAACTAGCTGGCTA,88353,TATAGCTTCTGGAAAC
871,AGAAACTAGGCTAAGA,88430,TATAGCTTCATTAGTC
872,AGAAACTAGTAGAGGC,88505,TATAGCTTCATGCAAA
873,AGAAAGGCAACACTTG,88618,ACAGTGAGTGTTACAC
874,AGAAAGGCATTAGGCC,88953,ACAGTGAGTGTCCGGT
875,AGAACAAGTATTTGGG,89059,GATGAGGCATGCGCCT
876,AGAACCAAGAATCGCT,89367,GCATCTATCCTGATCA
877,AGAACCAAGCGGCTGT,89477,GCATCTATCAGCGATG
878,AGAACCAAGGTCCTGA,89622,GCATCTATCTATATGC
879,AGAACCGCACCTACGG,89892,AGGACTAGTGGCTTAT
880,AGAAGGTGTACCGGAT,90161,TGTGATGCACGATTCT
881,AGAAGGTGTCATGCCC,90241,TGTGATGCATTCCTGG
882,AGAATCGAGGGCCACT,90748,ATGTGCCTCCAACCTA
883,AGAATCTGTTATGTGG,91183,CCGAAGTCATCCTGTG
884,AGAATCTGTTGCGCGA,91217,CCGAAGTCACTAGCTT
885,AGAATCTGTTTAACCC,91242,CCGAAGTCATTAGCGA
886,AGACAATAGCATCCAG,91346,ACCATATTCATCAGTT
887,AGACAATAGGACCGCT,91447,ACCATATTCATAACCT
888,AGACAATAGGTCGAGG,91539,ACCATATTCAGCCTGT
889,AGACAATAGGTGAAAT,91542,ACCATATTCTCAATCG
890,AGACAATAGTTTCCGC,91652,ACCATATTCCCGCACA
891,AGACACGCAGAGGCTA,91854,CGACTTGGTAAGTGCA
892,AGACACGCAGCCAGAA,91873,CGACTTGGTGGTTCTG
893,AGACACGCAGGCTTGT,91912,CGACTTGGTTGCAAGA
894,AGACCCGGTAGCAGCT,92092,GGATGGACAGGAAGCA
895,AGACCCGGTCTTTATG,92201,GGATGGACAGGCCTCT
896,AGACCCGGTGTCACGG,92267,GGATGGACATAGCTAG
897,AGACCCGGTTTGGCTT,92418,GGATGGACAATCTCTA
898,AGACTATGTATTACCC,92497,AGTGAGGCACCTTAGT
899,AGACTATGTATTCGTC,92499,AGTGAGGCACTAATCC
900,AGACTATGTCGTTACT,92572,AGTGAGGCAAAGGACG
901,AGACTATGTGGGTGAA,92641,AGTGAGGCAAGTATCG
902,AGAGAAGCAATGCCTA,92900,CAGGATAGTAACCGTT
903,AGAGAAGCAATTGCGC,92910,CAGGATAGTACTAACC
904,AGAGAAGCAGTCTAAT,93078,CAGGATAGTTAGTACC
905,AGAGAGGAGAGAGCCG,93218,TTGCAGCTCTAGGAAC
906,AGAGAGGAGCATGGTT,93266,TTGCAGCTCATCCTCT
907,AGAGATTAGCGGATTT,93692,GATTACTTCCAAACTT
908,AGAGATTAGGCTAGAA,93800,GATTACTTCACAGCCT
909,AGAGATTAGGTACCGC,93829,GATTACTTCAAGCTTT
910,AGAGATTAGTAGCCAT,93872,GATTACTTCCCTCATT
911,AGAGGAACAGTCTAAT,94230,GAACAATGTTAGTACC
912,AGAGGAACATGAGTTT,94294,GAACAATGTCACAGGG
913,AGAGGATGTACGGGTT,94383,GCTCAAACAGGCTCCT
914,AGAGGATGTCATTGTC,94461,GCTCAAACAATTGCCT
915,AGAGGATGTGGAAGGC,94548,GCTCAAACAGCCAGTG
916,AGAGGATGTTATGTGG,94633,GCTCAAACATCCTGTG
917,AGATGAAGTCGCGCAA,94869,GCCCGAACAGCCGGTA
918,AGATGAAGTGCGCGTA,94918,GCCCGAACAAGTGCCG
919,AGATGAAGTGCTCCGT,94923,GCCCGAACAACAAGTT
920,AGATGAAGTTAGCATG,94998,GCCCGAACATGCATTC
921,AGATGAAGTTATCCTA,95013,GCCCGAACAGGCATTA
922,AGATGCTTCACTCAAA,95154,GACTTAAAGGTGCGTA
923,AGATGCTTCATTACAG,95208,GACTTAAAGGACCATG
924,AGATGCTTCGAGCTAT,95336,GACTTAAAGGTATGTA
925,AGATGCTTCGCACACA,95351,GACTTAAAGTAGAGGA
926,AGCAAATAGCCGCAGT,95579,CATAATCTCAATTAGG
927,AGCAAATAGCGTGCAC,95612,CATAATCTCCAATACT
928,AGCAAATAGGTGTCCA,95763,CATAATCTCCTCACGG
929,AGCAAATAGTACCGCA,95785,CATAATCTCGTTGTCA
930,AGCAAATAGTTAGAGG,95844,CATAATCTCTAAGCTT
931,AGCAACAAGAGAGGCT,95904,CCAAACCTCATGTTGT
932,AGCAACAAGAGCCGCT,95906,CCAAACCTCCGCTAGT
933,AGCAACAAGCACGATT,95936,CCAAACCTCTAACTCG
934,AGCAACAAGGGTCCAC,96119,CCAAACCTCATAGCTT
935,AGCAACAAGTGAGGGT,96214,CCAAACCTCGCAACCT
936,AGCAAGGGTAACCACA,96264,TGCCTCACATCATCAC
937,AGCAAGGGTCCCGAAG,96381,TGCCTCACATAGTCAG
938,AGCAAGGGTGTGTGGT,96492,TGCCTCACAAAGGCCT
939,AGCAAGGGTTCCGGCT,96561,TGCCTCACATGCCTGC
940,AGCAATACAAAGGCCA,96657,AAGACCAGTGAGTCAA
941,AGCAATACAAGACTCC,96684,AAGACCAGTATGGTGA
942,AGCAATACAAGTCGCT,96707,AAGACCAGTTATGGCT
943,AGCAATACAATTTGGT,96746,AAGACCAGTTTGAGTC
944,AGCAATACACCGGTAT,96786,AAGACCAGTCTTGAAC
945,AGCAATACAGTTTCTC,96922,AAGACCAGTCACGATT
946,AGCAATACATTGTGCA,97019,AAGACCAGTTAGCCAT
947,AGCAATTGTCTAACAG,97174,AGAACAACAGGATGTC
948,AGCAATTGTGAACAAA,97186,AGAACAACAAATGCTG
949,AGCACAGCACATTGCA,97541,GTTCCAGGTTAAGTGG
950,AGCACTAGTACGTTTC,97833,CCGCCATCATTTCTTC
951,AGCACTAGTAGGTTGC,97852,CCGCCATCAATAAACC
952,AGCACTAGTCTCACTG,97944,CCGCCATCAAGGGAGC
953,AGCACTAGTTAGGTTG,98073,CCGCCATCATTAACCC
954,AGCACTAGTTGCATCT,98113,CCGCCATCATTTGTGC
955,AGCACTAGTTGCTGGG,98118,CCGCCATCACTCAGTT
956,AGCACTTAGGAGCATA,98354,AACATAGTCCGTAAGG
957,AGCACTTAGTAACTCA,98461,AACATAGTCCCTGGTG
958,AGCAGGTAGCTCATAA,98692,GTTGTCATCCCTGTGG
959,AGCAGGTAGGAAGTAT,98723,GTTGTCATCTTGCTCT
960,AGCATCCCAAAGCGGC,98954,GGCTTGCGTGGATTAG
961,AGCATCCCAATTGACT,99042,GGCTTGCGTAAGGTGC
962,AGCATCCCACCGTTCC,99087,GGCTTGCGTTAGTGCT
963,AGCATCCCACTTCACT,99126,GGCTTGCGTGCGTACC
964,AGCATTTCAACACTTG,99350,CCTTAGGGTGTTACAC
965,AGCATTTCAACAGGAT,99352,CCTTAGGGTAGTTACC
966,AGCATTTCAAGTGTTT,99394,CCTTAGGGTGATGCAA
967,AGCATTTCAATCATGT,99408,CCTTAGGGTAGAGGGA
968,AGCATTTCACAACAAA,99435,CCTTAGGGTTACGAAG
969,AGCATTTCAGCGCTTG,99545,CCTTAGGGTGGACAAC
970,AGCATTTCAGGTTATT,99585,CCTTAGGGTTTGGTGT
971,AGCATTTCAGTTATGT,99603,CCTTAGGGTTTGCAGT
972,AGCCAGTGTTGTCATC,100049,CTAGGACCAGCACTAA
973,AGCCAGTGTTTGCAGA,100079,CTAGGACCAAGGAATA
974,AGCCGCTAGCTAAGTC,100215,CTAGTTGTCTGGCTGT
975,AGCCGCTAGCTCCTTA,100229,CTAGTTGTCGAAGCAT
976,AGCCGCTAGGGCCATC,100331,CTAGTTGTCACCCTCC
977,AGCCGGTTCAAACACC,100475,AGCTAACAGTCCTCAA
978,AGCCGGTTCACATTGA,100508,AGCTAACAGAGAGCAA
979,AGCCGGTTCACGAATC,100514,AGCTAACAGGATTATG
980,AGCCGGTTCATTGCGG,100586,AGCTAACAGGAAGTAG
981,AGCCGGTTCGTACCGA,100758,AGCTAACAGCTTAGAA
982,AGCCGGTTCTTGAGCG,100842,AGCTAACAGTCACCTA
983,AGCCTAAGTTAGAGGG,101130,CTACATCCAAGGATGG
984,AGCCTAAGTTTATCGC,101216,CTACATCCAAGGCCAT
985,AGCCTAGTCCGTTAAA,101419,AGTGGCCAGTAACCGG
986,AGCCTAGTCCTTAAGA,101452,AGTGGCCAGCCAAACG
987,AGCCTAGTCCTTCAAT,101456,AGTGGCCAGCATTACT
988,AGCCTCCGTAATTAGC,101653,CTTGCTGCAGTTGGGT
989,AGCCTCCGTAGCAGCT,101674,CTTGCTGCAGGAAGCA
990,AGCCTCCGTGCAATGC,101809,CTTGCTGCAGGACTAC
991,AGCCTCCGTTACGCGG,101890,CTTGCTGCAACGGTTA
992,AGCCTCCGTTGGATCA,101955,CTTGCTGCATCCTTAA
993,AGCCTGGGTCGCAAAC,102148,AGCGGTTCAGGATAAA
994,AGCCTGGGTGAGGTAG,102179,AGCGGTTCAGGACCTG
995,AGCCTGGGTGCATTTC,102195,AGCGGTTCACCAGCTC
996,AGCCTGGGTTGAAGCC,102320,AGCGGTTCACACAAGC
997,AGCGATTTCCCTGACT,102543,AGCTGGCAGGTGGGAG
998,AGCGATTTCCTAAGAC,102571,AGCTGGCAGTCAATAG
999,AGCGATTTCCTAAGTA,102573,AGCTGGCAGTTTCTGG
1000,AGCGCCTAGCATGAAG,102845,ATGTTGTTCAGTGAAC
1001,AGCGCCTAGGGTTAGA,103022,ATGTTGTTCCAGCTAC
1002,AGCGCTCAGAAGGTGC,103164,GCTCAGTTCACCAACC
1003,AGCGCTCAGATTCCTT,103203,GCTCAGTTCATTGTAC
1004,AGCGCTCAGCGCCTTT,103270,GCTCAGTTCTATTGAC
1005,AGCGCTCAGGATAAAC,103346,GCTCAGTTCTACTACG
1006,AGCGCTCAGTTCCCAC,103521,GCTCAGTTCAGCATGG
1007,AGCGGACCACCGGTAT,103686,CGATTTAGTCTTGAAC
1008,AGCGGACCACCTAAGC,103688,CGATTTAGTATCGCTG
1009,AGCGGACCACCTGTAA,103699,CGATTTAGTTTATGGC
1010,AGCGGACCAGGTCCTG,103798,CGATTTAGTCACGCAC
1011,AGCGGACCAGTCTATG,103814,CGATTTAGTTGACCAT
1012,AGCGGACCATTTGCTC,103924,CGATTTAGTGCGGTAG
1013,AGCGGATAGATAGACG,103967,CCTTGTTTCATAATGG
1014,AGCGGATAGCCTCTGT,104020,CCTTGTTTCGCGTTAC
1015,AGCGGATAGGACCTCA,104098,CCTTGTTTCAGGAATC
1016,AGCGGATAGTGATTCA,104266,CCTTGTTTCTCACTTC
1017,AGCGTGCTCACCAATA,104343,GCTTATTAGCAAACAC
1018,AGCGTGCTCATTACAG,104410,GCTTATTAGGACCATG
1019,AGCGTGCTCCAACTGG,104428,GCTTATTAGAACAACC
1020,AGCGTGCTCTTAAGTG,104665,GCTTATTAGGTTATCT
1021,AGCGTGCTCTTGTTCG,104687,GCTTATTAGCTGCTAC
1022,AGCGTGCTCTTTAAGG,104688,GCTTATTAGTTTGTCG
1023,AGCTAAACAATACTGT,104769,CTTCATTGTTGTAACC
1024,AGCTAAACAGTAGCCT,104960,CTTCATTGTTGCTCAG
1025,AGCTAAACATATAACC,105001,CTTCATTGTTAGGCTT
1026,AGCTAAACATGGCCTG,105037,CTTCATTGTTCCGGAC
1027,AGCTAAACATTCCTCG,105060,CTTCATTGTTGGTGAA
1028,AGCTAACTCCACCCTG,105202,CTGAGTGAGCTCATGC
1029,AGCTACGTCACTTTAC,105511,ATAATCGAGGAACCTG
1030,AGCTACGTCATCCTGC,105543,ATAATCGAGTTATGAG
1031,AGCTACGTCATTACAG,105562,ATAATCGAGGACCATG
1032,AGCTACGTCATTTAGG,105575,ATAATCGAGCATGGAT
1033,AGCTACGTCCAGGGAG,105591,ATAATCGAGTTATTGC
1034,AGCTACGTCTAAGGAG,105767,ATAATCGAGATAACTG
1035,AGCTACGTCTGTAAGC,105810,ATAATCGAGTTAACCT
1036,AGCTAGTTCAAACACC,106229,TTTAACCAGTCCTCAA
1037,AGCTAGTTCAGCCAAT,106286,TTTAACCAGGTTCCCG
1038,AGCTATATCCTAATGA,106799,TCAATGAAGATATTGG
1039,AGCTATATCTAATCCT,106924,TCAATGAAGGATGCGC
1040,AGCTATATCTATGACA,106936,TCAATGAAGTTACGAA
1041,AGCTCATAGCTTGCTC,107152,TAGCTGCTCCTAATCG
1042,AGCTCATAGGCAACAA,107193,TAGCTGCTCAGGACCA
1043,AGCTCATAGGCAAGTA,107194,TAGCTGCTCTTGAATC
1044,AGCTCATAGGCGCACT,107211,TAGCTGCTCAATGTGA
1045,AGCTCATAGGGCTTAT,107239,TAGCTGCTCAAATACG
1046,AGCTCATAGTAACTCA,107285,TAGCTGCTCCCTGGTG
1047,AGCTCATAGTTTAACG,107373,TAGCTGCTCAAGCGCA
1048,AGCTGCTCAGCATGGA,107592,CCAGTATGTAGCCTTG
1049,AGCTGCTCAGGCAAGC,107621,CCAGTATGTAAACCCT
1050,AGCTGCTCATGCTCCC,107721,CCAGTATGTAGTAGCA
1051,AGCTTAATCATAGACC,107840,TCGAAGTAGTCCTTGA
1052,AGCTTAATCCGTCCAT,107941,TCGAAGTAGGCAACAT
1053,AGCTTAATCTAATCTC,108077,TCGAAGTAGCTACCTA
1054,AGCTTAATCTAGCTTT,108086,TCGAAGTAGGGAGTAA
1055,AGCTTCCTCATGAAGG,108233,TTGTCCAAGTAAGCGT
1056,AGCTTCCTCGCATCCT,108395,TTGTCCAAGGTTGGAT
1057,AGCTTCCTCGTAACGT,108430,TTGTCCAAGGCGCAGT
1058,AGCTTCCTCTCAATTC,108476,TTGTCCAAGCTTAGGG
1059,AGCTTGGTCAAGTGTC,108548,TAGGCGCAGCAAGTCG
1060,AGCTTGGTCGCGCTAA,108784,TAGGCGCAGCGCTAGA
1061,AGCTTGGTCGGTCAAT,108806,TAGGCGCAGTTTACGT
1062,AGCTTGGTCGGTTAGT,108810,TAGGCGCAGTCATGAA
1063,AGCTTTAAGACTAAGG,108938,ATTCCTCTCACAATAG
1064,AGCTTTAAGCCTGTTC,109018,ATTCCTCTCGACATTT
1065,AGCTTTAAGGCGCATC,109132,ATTCCTCTCAGGATTA
1066,AGCTTTAAGTCAGTAC,109233,ATTCCTCTCTGCAACC
1067,AGGAAACGTCGACTAA,109440,TAAGGCCCAGTTTCTA
1068,AGGAAACGTGATTTGG,109482,TAAGGCCCACTAAGGC
1069,AGGAAACGTGGTGAGA,109518,TAAGGCCCAATTGAGT
1070,AGGAACCAGACAGGCG,109701,ACGGTTCTCACTATGT
1071,AGGAACCAGAGGAGTC,109718,ACGGTTCTCTACTAAC
1072,AGGAACCAGCTTATGA,109835,ACGGTTCTCACTAATC
1073,AGGAACCAGGAAGCTA,109848,ACGGTTCTCCTTTGAG
1074,AGGAACCAGGCACAGG,109882,ACGGTTCTCGCTCAAC
1075,AGGAACCAGGCCTGGT,109893,ACGGTTCTCCTTGCAA
1076,AGGAACCAGGCTAGAA,109908,ACGGTTCTCACAGCCT
1077,AGGAACCAGGGATGCG,109920,ACGGTTCTCCGAAACG
1078,AGGAACGGTTAGGATT,110345,ATCATCCCAAGCGAAG
1079,AGGAACGGTTTATCGC,110424,ATCATCCCAAGGCCAT
1080,AGGACGTAGGCATGAA,110650,GTCAGGATCAGCTAGG
1081,AGGACTAAGCACGATT,110894,AACAACATCTAACTCG
1082,AGGACTAAGGACCGCT,111005,AACAACATCATAACCT
1083,AGGACTAAGGAGGGTT,111017,AACAACATCGCTATGC
1084,AGGACTAAGGTCCACA,111093,AACAACATCGTTAGCC
1085,AGGAGCTAGCTGTAAC,111362,TAGCGAGTCTCGACTA
1086,AGGAGCTAGGTGTCCA,111489,TAGCGAGTCCTCACGG
1087,AGGAGCTAGTTCCTGC,111584,TAGCGAGTCCGTCAAC
1088,AGGATATAGACAACGA,111615,ACAGTAATCTTTAGCG
1089,AGGATATAGCAAACCT,111649,ACAGTAATCGGTTCAC
1090,AGGATATAGGACCTCA,111774,ACAGTAATCAGGAATC
1091,AGGATATAGGCAACAA,111797,ACAGTAATCAGGACCA
1092,AGGATATAGGCTAGAA,111826,ACAGTAATCACAGCCT
1093,AGGATATAGGGATTAG,111839,ACAGTAATCAGTACCC
1094,AGGATATAGGGTGAAC,111847,ACAGTAATCCACTATG
1095,AGGATATAGTAGGCGG,111903,ACAGTAATCCCGCTGA
1096,AGGATCCGTCTAGCTT,112136,TGAGGTCCACGTTACT
1097,AGGATCCGTGTCACGG,112209,TGAGGTCCATAGCTAG
1098,AGGATCCGTGTGAGGA,112214,TGAGGTCCAAGGACGA
1099,AGGATCCGTTAGGTTG,112267,TGAGGTCCATTAACCC
1100,AGGATGCAGAGCCGCT,112398,GCAAATATCCGCTAGT
1101,AGGATGCAGCAAGACA,112418,GCAAATATCGCATTAT
1102,AGGATGCAGCTCAATA,112501,GCAAATATCATGGTCC
1103,AGGATGCAGTGAACAG,112698,GCAAATATCCGCAATC
1104,AGGATGCAGTGTGATC,112713,GCAAATATCGCTTTAG
1105,AGGATGCAGTTTGAGC,112746,GCAAATATCAAATCCT
1106,AGGATGTCAATAATCC,112825,GAAATACGTAGGTTCT
1107,AGGATGTCATTATCCC,113113,GAAATACGTCAGTACT
1108,AGGATTGAGAAACTGG,113135,CATGGCTTCGATATGA
1109,AGGATTGAGAGGCTAA,113172,CATGGCTTCTGTTGCA
1110,AGGATTGAGGAACCAA,113295,CATGGCTTCAAGGTTA
1111,AGGATTGAGGAAGTAT,113301,CATGGCTTCTTGCTCT
1112,AGGCAATCAAAGCTAA,113533,CTGGTCAGTTTCCAGG
1113,AGGCAATCACAACAAA,113629,CTGGTCAGTTACGAAG
1114,AGGCAATCACAATACT,113633,CTGGTCAGTTTCTCAT
1115,AGGCAATCAGCACCAT,113725,CTGGTCAGTTGACTAC
1116,AGGCAGGTCAATGTCA,113926,TGCAATAAGCTTTACG
1117,AGGCAGGTCACAGCCA,113933,TGCAATAAGTAACACA
1118,AGGCAGGTCAGGCTAT,113966,TGCAATAAGGCACGTA
1119,AGGCAGGTCATAGACC,113978,TGCAATAAGTCCTTGA
1120,AGGCAGGTCCACCCTG,114028,TGCAATAAGCTCATGC
1121,AGGCAGGTCCTGCGAA,114109,TGCAATAAGCGGGACT
1122,AGGCAGGTCGTTAGTA,114198,TGCAATAAGATTAGGC
1123,AGGCCCAGTACCTTAC,114324,CCCTCAACATTTCGCG
1124,AGGCGGATCATCCACC,114748,GGTCAATAGGTTCCGT
1125,AGGCGGATCATTGTTC,114782,GGTCAATAGGAGGTAA
1126,AGGCGGATCCCTCATA,114820,GGTCAATAGACAGGTT
1127,AGGCGGATCGGTTCCT,114947,GGTCAATAGGCTCAAG
1128,AGGCTAAAGCTGGAAA,115195,TACCCGGTCCTAAGAA
1129,AGGCTAAAGGAGCATA,115234,TACCCGGTCCGTAAGG
1130,AGGCTAAAGGCATGTT,115255,TACCCGGTCACCTATG
1131,AGGCTAAAGGCATTGT,115257,TACCCGGTCCTTCGGG
1132,AGGCTAAAGGCTAGAA,115278,TACCCGGTCACAGCCT
1133,AGGCTAAAGTCAGTAC,115369,TACCCGGTCTGCAACC
1134,AGGCTAAAGTTTGGTA,115435,TACCCGGTCGCTTCGG
1135,AGGCTAGCAAATGCCC,115457,GTCGCTAGTATTACTG
1136,AGGCTAGCACTAGGTC,115611,GTCGCTAGTCCTTTAT
1137,AGGCTAGCAGAGGCTA,115632,GTCGCTAGTAAGTGCA
1138,AGGCTAGCAGTTTGGC,115719,GTCGCTAGTCGGTTAT
1139,AGGCTAGCATGAGCAG,115771,GTCGCTAGTCATAACC
1140,AGGCTAGCATTTGCTC,115820,GTCGCTAGTGCGGTAG
1141,AGGGCCTTCACGTTAA,115864,CACCTTAAGCTCCTAA
1142,AGGGCCTTCATTACGA,115923,CACCTTAAGGCACTAG
1143,AGGGCCTTCCTTTACG,116043,CACCTTAAGCGCAAAT
1144,AGGGCCTTCTACCTAT,116135,CACCTTAAGTGTGATA
1145,AGGGCCTTCTCAATGA,116147,CACCTTAAGGCTTGTC
1146,AGGGCCTTCTCACTAT,116152,CACCTTAAGGGAGCAG
1147,AGGGCCTTCTTGCAGG,116192,CACCTTAAGCTTCCTT
1148,AGGGCTACAAGGTCCT,116266,TGTTCCCGTTTGGCTG
1149,AGGGCTACAATAACGA,116277,TGTTCCCGTGCTGTTG
1150,AGGGCTACACTAAGTT,116377,TGTTCCCGTTGCTTCC
1151,AGGGCTACAGCACGTT,116413,TGTTCCCGTCAGTAAG
1152,AGGGCTACATGTCGCG,116553,TGTTCCCGTGAGTTAG
1153,AGGGTTGCACAATTAC,116706,CATTATGGTGGGTGTG
1154,AGGGTTGCACGTTACA,116757,CATTATGGTTACAGCT
1155,AGGTAACCAACCTAAT,117006,ACCGCTAGTAGCTTAC
1156,AGGTAACCAATAATGG,117048,ACCGCTAGTCAATTCA
1157,AGGTAACCACAGCCAT,117097,ACCGCTAGTACCTTGG
1158,AGGTAACCAGGTTAAA,117231,ACCGCTAGTTAACACC
1159,AGGTAACCATAATGAG,117267,ACCGCTAGTCCCAGAC
1160,AGGTAACCATTGTCAG,117348,ACCGCTAGTTTAATCG
1161,AGGTACGCAAGCGATG,117405,ATGCAAGGTCTATGAC
1162,AGGTACGCAGCAAGTG,117561,ATGCAAGGTCTAATCA
1163,AGGTATTGTGAGCAAG,117910,GTTCCCACATCTATGC
1164,AGGTATTGTTTCCACG,118103,GTTCCCACAGGCCAAT
1165,AGGTATTGTTTCGCGC,118107,GTTCCCACACCTGGTC
1166,AGGTCAAAGAAACTGG,118123,CCTCACCTCGATATGA
1167,AGGTCAAAGCACGATT,118184,CCTCACCTCTAACTCG
1168,AGGTCAAAGCGATAGA,118232,CCTCACCTCAAGGGTT
1169,AGGTCAAAGGACCTTG,118298,CCTCACCTCCACTAAT
1170,AGGTCAAAGGAGTAAT,118309,CCTCACCTCCTCTACT
1171,AGGTCAAAGGTGTTAC,118396,CCTCACCTCGCAATCC
1172,AGGTCATTCCGCATGA,118671,ACTCGCTAGTCACTAT
1173,AGGTCATTCCTCGATC,118708,ACTCGCTAGAACCTGG
1174,AGGTCCGGTGGTGAGA,119108,ACGTTTCCAATTGAGT
1175,AGGTCCGGTTAGGTTG,119173,ACGTTTCCATTAACCC
1176,AGGTCTTAGATGGACA,119317,CCCAATATCTCAAGAA
1177,AGGTCTTAGCAGCTAT,119339,CCCAATATCCATGCTA
1178,AGGTCTTAGGCCGGAA,119481,CCCAATATCCGGCTAT
1179,AGGTCTTAGGCTACAT,119496,CCCAATATCTTTAAGC
1180,AGGTCTTAGGGACGCA,119507,CCCAATATCCACCCTC
1181,AGGTCTTAGTTAGTGC,119630,CCCAATATCGTGCTTA
1182,AGGTGAATCACTTTAC,119707,AGCGGTCAGGAACCTG
1183,AGGTGAATCAGGATGA,119718,AGCGGTCAGGGCTTTC
1184,AGGTGAATCCGGGACT,119828,AGCGGTCAGAATCTAG
1185,AGGTGAGGTACAATGT,120071,CAGGTTACACTCAATC
1186,AGGTGAGGTTACTTCA,120308,CAGGTTACATAAACCG
1187,AGGTGAGGTTGTAAAC,120379,CAGGTTACAAATCCCT
1188,AGGTGAGGTTTAGTCC,120397,CAGGTTACAATACCGA
1189,AGGTGAGGTTTCGCGC,120407,CAGGTTACACCTGGTC
1190,AGGTTAACAACGTGCT,120458,AACGCTTGTTCTCACC
1191,AGGTTAACAAGGTGCA,120486,AACGCTTGTGCGTAAA
1192,AGGTTAACAATCATGT,120506,AACGCTTGTAGAGGGA
1193,AGGTTAACAATTAGCT,120520,AACGCTTGTCCAAATC
1194,AGGTTAACACCCACAG,120564,AACGCTTGTCGCAACC
1195,AGGTTAACACGGTTTA,120587,AACGCTTGTTCGCTTC
1196,AGGTTAACATAGGCGA,120729,AACGCTTGTGCACAAA
1197,AGGTTAGAGACACTTA,121208,GATTGCCTCCTAAGCC
1198,AGGTTAGAGCTTTGGG,121347,GATTGCCTCCCAATAT
1199,AGGTTAGAGGACTTAC,121369,GATTGCCTCGCCTGTG
1200,AGGTTGCGTATTGGAT,121652,GGATTATCATTACTGC
1201,AGGTTGCGTCAATACG,121665,GGATTATCACGCGCAA
1202,AGGTTGCGTCCGTAGG,121701,GGATTATCATCAGGTA
1203,AGGTTGCGTCTAGCTT,121726,GGATTATCACGTTACT
1204,AGGTTTATCCCGTTTA,122104,AGAACCTAGCAAGGAA
1205,AGGTTTATCCGCACAA,122120,AGAACCTAGTAAACTG
1206,AGGTTTATCCTCATCA,122153,AGAACCTAGGATCCAG
1207,AGGTTTATCGAGGTGG,122189,AGAACCTAGTAAGTCA
1208,AGGTTTATCGGTTCCT,122235,AGAACCTAGGCTCAAG
1209,AGGTTTGGTCACCAAA,122438,AATGACTCAATGAGCC
1210,AGGTTTGGTTAGACCA,122610,AATGACTCAGGAGGTA
1211,AGGTTTGGTTAGCGTA,122616,AATGACTCACCTTGCA
1212,AGTAAACAGAGGCTAA,122760,CAGGGACTCTGTTGCA
1213,AGTAAACAGGTATTGC,122979,CAGGGACTCCAGGAAT
1214,AGTAAACAGTTCCTGC,123090,CAGGGACTCCGTCAAC
1215,AGTAAACAGTTGTCAA,123096,CAGGGACTCACCTGGT
1216,AGTAACACAAACATAG,123108,GCTATTAGTTGTTCTT
1217,AGTAACACAATAACGA,123179,GCTATTAGTGCTGTTG
1218,AGTAACACATCCTGAA,123430,GCTATTAGTCAGTGAA
1219,AGTAACCTCACTAAGC,123535,TAGATTGAGTCTAGCC
1220,AGTAACCTCGATTCTT,123728,TAGATTGAGTGAGCCA
1221,AGTAACCTCGGGCCAT,123761,TAGATTGAGCATATTC
1222,AGTAACGAGCGCATTG,123986,GGTTGCTTCAAACCGG
1223,AGTAACGAGGATCACT,124065,GGTTGCTTCATTATGC
1224,AGTAACGAGGTTAGCT,124152,GGTTGCTTCTAACCAT
1225,AGTAACGAGTGTGATC,124221,GGTTGCTTCGCTTTAG
1226,AGTAACGAGTTGCCTC,124243,GGTTGCTTCAGCACGA
1227,AGTAAGTAGATAGACG,124301,ATGCGGATCATAATGG
1228,AGTAAGTAGATTCCTT,124305,ATGCGGATCATTGTAC
1229,AGTAAGTAGCCTAACG,124351,ATGCGGATCGTCCTTT
1230,AGTAAGTAGGAGTCGG,124446,ATGCGGATCAATCGGG
1231,AGTAAGTAGGCATTGT,124463,ATGCGGATCCTTCGGG
1232,AGTAAGTAGGCGCTAC,124475,ATGCGGATCGCTAGCT
1233,AGTAATCGTTCGGGAT,124953,TCACTCGCATGCATCT
1234,AGTAATGCAATTATGC,125124,TAGGTAGGTTGTCATA
1235,AGTACGCGTAATCCCT,125430,CCTGGTCCAGCCTGAG
1236,AGTACGCGTCGCGCAA,125553,CCTGGTCCAGCCGGTA
1237,AGTAGCTTCCACCCTG,125916,CACAGTGAGCTCATGC
1238,AGTAGGATCCCTCTAA,126328,TGGACATAGTCCCTGG
1239,AGTATAGCAAACCTTG,126563,TCATGGTGTCCTCCAT
1240,AGTATAGCAAGTCGCT,126625,TCATGGTGTTATGGCT
1241,AGTATAGCATCATGGC,126874,TCATGGTGTCCTAAGT
1242,AGTCAAGAGCCTCTCG,127037,CTACTGATCCTGCCAG
1243,AGTCAAGAGCCTGGTA,127042,CTACTGATCGAAGTTA
1244,AGTCAAGAGTCTGGGC,127272,CTACTGATCCCAGTAC
1245,AGTCAAGAGTTGCCTC,127311,CTACTGATCAGCACGA
1246,AGTCAATGTAACCAGC,127333,GATCCAACAGGAGCTT
1247,AGTCAATGTCAGGAAG,127429,GATCCAACAGGTATTG
1248,AGTCAATGTGGAAACG,127531,GATCCAACAGGAGGGT
1249,AGTCAGGCACAACAAA,127819,TCTATGAGTTACGAAG
1250,AGTCAGGCAGCTAACC,127930,TCTATGAGTATGGTCT
1251,AGTCAGGCAGGATGGC,127947,TCTATGAGTTGTTTGA
1252,AGTCAGGCATAGTCAT,128016,TCTATGAGTGTACCGC
1253,AGTCCTGAGGAACACA,128252,GGTTATTTCAGCAATA
1254,AGTCCTGAGGTGTCCA,128365,GGTTATTTCCTCACGG
1255,AGTCCTGAGTAACGGA,128380,GGTTATTTCACAAGCG
1256,AGTCCTTGTGATGGCT,128656,GGAGCAACATTCATTG
1257,AGTCCTTGTGCGCGTA,128670,GGAGCAACAAGTGCCG
1258,AGTCCTTGTGGTTCCC,128697,GGAGCAACAGGTAGCT
1259,AGTCTTGCACCCACCT,129385,CTAACCGGTCCAGCAC
1260,AGTCTTGCAGTAGGAT,129511,CTAACCGGTGGATGCG
1261,AGTCTTGCAGTCTATG,129516,CTAACCGGTTGACCAT
1262,AGTCTTGCATGTCAAT,129589,CTAACCGGTTGCGAGG
1263,AGTGAACCAAATATCC,129646,GCTGTTGGTTGTGACT
1264,AGTGAACCAACAACAA,129650,GCTGTTGGTTCAATTG
1265,AGTGAACCACATGCTA,129759,GCTGTTGGTTTGACTA
1266,AGTGAACCAGCGCTTG,129847,GCTGTTGGTGGACAAC
1267,AGTGAACCATGAAGTA,129957,GCTGTTGGTGAGCGAT
1268,AGTGAGTCACCGTTCC,130157,GCATTGTGTTAGTGCT
1269,AGTGAGTCACTAAATC,130180,GCATTGTGTTTACCAA
1270,AGTGAGTCAGAAATTG,130201,GCATTGTGTTTAGCGT
1271,AGTGAGTCAGGAACTG,130242,GCATTGTGTCCGTTAG
1272,AGTGAGTCAGGCGATA,130258,GCATTGTGTGGATTGA
1273,AGTGAGTCATCCAGGT,130328,GCATTGTGTGCCTTTC
1274,AGTGATGAGCATTAGC,130473,GCTTAGCTCGTGATAA
1275,AGTGATGAGGGACTAA,130630,GCTTAGCTCCGCCTAG
1276,AGTGATGAGTTATTCC,130758,GCTTAGCTCATGAAGC
1277,AGTGCACGTAACGTGC,130789,TGGATCACATTGAGGC
1278,AGTGCACGTCCTAATC,130909,TGGATCACACGGTAAC
1279,AGTGCACGTTAAGGCC,131032,TGGATCACATAGTGAT
1280,AGTGCACGTTCCAGGG,131078,TGGATCACAAGCGCAT
1281,AGTGCACGTTGGGTTA,131112,TGGATCACAGATAGAA
1282,AGTGCCGGTCGTAAAT,131306,TCTAGCTCATTTCATG
1283,AGTGCCGGTCTAGCTT,131312,TCTAGCTCACGTTACT
1284,AGTGCGGAGCGCAATT,131653,GTTGTTGTCAATAGGC
1285,AGTGCGGAGGCGCTAC,131759,GTTGTTGTCGCTAGCT
1286,AGTGCGGAGGTGTTAC,131816,GTTGTTGTCGCAATCC
1287,AGTGCGGAGTCCTGAG,131865,GTTGTTGTCAAACATG
1288,AGTGGACAGCATGACT,132000,GGTTGGATCGTGCTGT
1289,AGTGGACAGGGACGCA,132161,GGTTGGATCCACCCTC
1290,AGTGGACAGTAACTCA,132215,GGTTGGATCCCTGGTG
1291,AGTGGACAGTTATCCT,132286,GGTTGGATCCTGAAGG
1292,AGTGTGGCAATAACGA,132383,GCATTTAGTGCTGTTG
1293,AGTGTGGCAATGAGGT,132402,GCATTTAGTCGCAATT
1294,AGTGTGGCAGGCATGA,132553,GCATTTAGTGGTGCAG
1295,AGTGTGGCATGTTGTG,132663,GCATTTAGTCGTAATC
1296,AGTGTTTCAAACCTAT,132698,TTACCTTGTGCGCGAA
1297,AGTGTTTCAACACCTA,132719,TTACCTTGTTTCCTCA
1298,AGTGTTTCACCTAATG,132843,TTACCTTGTTACTAGC
1299,AGTGTTTCACTAAGAA,132865,TTACCTTGTGTCACGC
1300,AGTTACATCAAACACC,133079,GTGGACCAGTCCTCAA
1301,AGTTACATCGCGCTAA,133330,GTGGACCAGCGCTAGA
1302,AGTTACATCTGTAAGC,133428,GTGGACCAGTTAACCT
1303,AGTTACTCAATAGCAA,133540,CATCCAGGTCCTCACT
1304,AGTTACTCACAATGTT,133579,CATCCAGGTTAAAGAC
1305,AGTTATGTCACTTTAC,133897,CACGGTAAGGAACCTG
1306,AGTTGCAGTACCGTAA,134266,GATTGATCAAACTGAT
1307,AGTTGCAGTATCTGGA,134300,GATTGATCACCGTTGC
1308,AGTTGCAGTGATGATT,134409,GATTGATCATCAGTTC
1309,AGTTGCAGTGTTTGCT,134474,GATTGATCATCCTAGT
1310,AGTTGCAGTTAGTACG,134514,GATTGATCAACAGGCT
1311,AGTTGCGTCAAGCCTG,134622,CGGTAATAGATTCACT
1312,AGTTGCGTCATAGCCG,134689,CGGTAATAGGAGCAAA
1313,AGTTGCGTCATCCACC,134692,CGGTAATAGGTTCCGT
1314,AGTTGCGTCATGGCTG,134708,CGGTAATAGGACGAAA
1315,AGTTGCGTCCAGCACA,134741,CGGTAATAGTAGGTTA
1316,AGTTGCGTCCCTGATC,134768,CGGTAATAGCATATAG
1317,AGTTGGCGTAGGTTGC,135058,CCGCACTCAATAAACC
1318,AGTTGGCGTTTGTCTA,135376,CCGCACTCAGGTTGTA
1319,AGTTGTCAGCTTTGTT,135536,GCCTTCCTCAAATCAG
1320,AGTTGTCAGGCATGAA,135580,GCCTTCCTCAGCTAGG
1321,AGTTGTCAGTAGCGCC,135677,GCCTTCCTCTGTCAGC
1322,AGTTTGATCAAAGGCA,135767,ATTACGAAGGAGCCGT
1323,AGTTTGATCACGCCAA,135804,ATTACGAAGACAAACC
1324,AGTTTGATCTAATCCT,136074,ATTACGAAGGATGCGC
1325,AGTTTGATCTACCTGC,136079,ATTACGAAGCATCTAT
1326,AGTTTGCAGAGAGGCT,136176,CTGGCCATCATGTTGT
1327,AGTTTGCAGCATGGTT,136222,CTGGCCATCATCCTCT
1328,AGTTTGCAGCGATAAG,136254,CTGGCCATCGCTTCTT
1329,AGTTTGCAGGAGCACG,136327,CTGGCCATCTAGTTCG
1330,AGTTTGCAGTGCACGC,136489,CTGGCCATCTAAGTCT
1331,AGTTTGCAGTGTTGTA,136495,CTGGCCATCCAAACCC
1332,ATAACGACATAGCTGC,136835,TTCGCCTGTCATCATA
1333,ATAAGCCTCACCAATA,136949,ATGTTTCAGCAAACAC
1334,ATAAGCCTCCCTTGCG,137074,ATGTTTCAGCTTGTTG
1335,ATAAGCCTCCTAGTCC,137105,ATGTTTCAGCGAAGCC
1336,ATAAGCCTCGCATTAA,137162,ATGTTTCAGCTAGTTT
1337,ATAAGCCTCGGTTTCC,137194,ATGTTTCAGTTTCTCC
1338,ATAAGCCTCTGGCAAT,137260,ATGTTTCAGGGTGGGA
1339,ATAAGTCGTAATTAGC,137327,GAGGCTTCAGTTGGGT
1340,ATAAGTCGTATTTGGG,137381,GAGGCTTCATGCGCCT
1341,ATAAGTCGTCATAAGT,137406,GAGGCTTCATGACCTT
1342,ATAAGTCGTCATCCTG,137410,GAGGCTTCAATAAAGG
1343,ATAATGGCAGCTTACA,137908,GGACCAGGTTAGGTTC
1344,ATAATGGCAGTAATAG,137946,GGACCAGGTGATTCTA
1345,ATAATGGCATTGTGTG,138061,GGACCAGGTTAAAGCG
1346,ATACCGGTCAAACACC,138065,ATTTACCAGTCCTCAA
1347,ATACCGGTCCTAGTTT,138256,ATTTACCAGGTCCGTT
1348,ATACCGGTCGTTCACC,138363,ATTTACCAGCAACAAC
1349,ATACCTGCACAGGAAT,138575,CCTGTTCGTTGTCAGT
1350,ATACCTGCACTAGCGT,138622,CCTGTTCGTGCTCACA
1351,ATACCTGCAGGTTATT,138709,CCTGTTCGTTTGGTGT
1352,ATACCTGCATTGCGGT,138821,CCTGTTCGTCATTGAC
1353,ATAGATGCAAGCGAGC,138880,CGTAGTTGTGAGTCCC
1354,ATAGATGCAATGCGCT,138927,CGTAGTTGTTTCACCC
1355,ATAGATGCACAACAGG,138944,CGTAGTTGTATTGCGT
1356,ATAGATGCACTGGCTG,139014,CGTAGTTGTAGGATCA
1357,ATAGATGCATTATCCC,139195,CGTAGTTGTCAGTACT
1358,ATAGCATGTCATGAGC,139329,CGGTGCACAAGGCCTG
1359,ATAGCATGTTAGCATG,139490,CGGTGCACATGCATTC
1360,ATAGCATGTTAGCTGA,139493,CGGTGCACAACGGTAC
1361,ATAGGTACAACTAGGG,139638,TCCTGAGGTTAGTTGC
1362,ATAGGTACACTGACCG,139777,TCCTGAGGTGAGTAGC
1363,ATAGGTACATCCATCT,139917,TCCTGAGGTCACTCAG
1364,ATAGGTACATCCTGAA,139922,TCCTGAGGTCAGTGAA
1365,ATATAGGCAATAACCT,140054,CCCACTTGTCGAGGCA
1366,ATATAGGCAATTAGGA,140081,CCCACTTGTGGTTAAG
1367,ATATAGGCACGGTTTA,140147,CCCACTTGTTCGCTTC
1368,ATATAGGCATAGCGAG,140285,CCCACTTGTCTAACCG
1369,ATATAGGCATTGGGAG,140357,CCCACTTGTGTCCACA
1370,ATATGCATCTGTGCAG,140719,CTGTTCAAGCGGTTAG
1371,ATATGCTCAACAGGTG,140779,CCAACTGGTGTAACAG
1372,ATATGCTCATAATCAC,141042,CCAACTGGTAGGAGGA
1373,ATATGGTGTCACAGCG,141231,CGGGCTACACGCAATA
1374,ATATGGTGTTCTTTAG,141447,CGGGCTACATTTGGCT
1375,ATATGTCCAAGCGAGC,141564,GACTAAGGTGAGTCCC
1376,ATATGTCCACACCAAC,141636,GACTAAGGTCATAGAG
1377,ATATGTCCAGAAATGC,141706,GACTAAGGTTATGGGA
1378,ATATGTCCAGACAAAC,141710,GACTAAGGTAGTTGGA
1379,ATATGTCCAGCGCTTG,141737,GACTAAGGTGGACAAC
1380,ATATGTCCAGGCCATT,141761,GACTAAGGTGCATTTA
1381,ATATGTCCATGTTGTG,141869,GACTAAGGTCGTAATC
1382,ATCAAGACAATTAACC,141996,CTCACCTGTATCGGCC
1383,ATCAAGACAGCAAGGC,142104,CTCACCTGTCGCATAT
1384,ATCAAGACATTGGGAG,142275,CTCACCTGTGTCCACA
1385,ATCAAGCTCACGCATG,142325,AATGACCAGTTACCCA
1386,ATCAAGCTCCTGATGG,142489,AATGACCAGTAGTTAG
1387,ATCAAGCTCGGGACCT,142552,AATGACCAGCTGGATG
1388,ATCAAGCTCGGTCAAT,142558,AATGACCAGTTTACGT
1389,ATCAATCCAAACTAAG,142676,CTAGAAGGTTACCCAG
1390,ATCAATCCAAAGCTAA,142683,CTAGAAGGTTTCCAGG
1391,ATCAATCCAACCCTAA,142699,CTAGAAGGTTCCGGGT
1392,ATCAATCCAGGTATTT,142925,CTAGAAGGTTACGCCA
1393,ATCACAATCCTCACAC,143245,GCCCTTGAGCACCTTA
1394,ATCACAATCCTGAGTG,143256,GCCCTTGAGGGTTATA
1395,ATCACAATCTAAGTCA,143361,GCCCTTGAGCACTAAA
1396,ATCACACAGCTAATTG,143563,ACCTCCCTCCTAGTGC
1397,ATCACACAGGAGGGTT,143621,ACCTCCCTCGCTATGC
1398,ATCACACAGGCTGGCT,143665,ACCTCCCTCTCACAGC
1399,ATCACACAGTCTATGA,143764,ACCTCCCTCAATTGCT
1400,ATCACACAGTGAACAG,143768,ACCTCCCTCCGCAATC
1401,ATCACCCTCCTTTACG,144043,TGAGCATAGCGCAAAT
1402,ATCACCCTCGCAGGCT,144066,TGAGCATAGGTCATTT
1403,ATCACCCTCGCTAGTG,144077,TGAGCATAGGTCGAGC
1404,ATCACCCTCTGTGCCT,144174,TGAGCATAGAGGCTTG
1405,ATCACCCTCTTAGGGT,144183,TGAGCATAGCATTAAG
1406,ATCACTAAGACACCGC,144221,GTCTAATTCAGGAGGG
1407,ATCACTAAGAGGAGTC,144240,GTCTAATTCTACTAAC
1408,ATCACTAAGCAGGTTT,144275,GTCTAATTCGCCTAAC
1409,ATCACTAAGCCTAATA,144298,GTCTAATTCAAACCAA
1410,ATCACTAAGGAGTAAT,144391,GTCTAATTCCTCTACT
1411,ATCACTAAGGGTCCAC,144449,GTCTAATTCATAGCTT
1412,ATCACTAAGTCAGGCC,144520,GTCTAATTCAAGGTCG
1413,ATCAGGTTCCCTGACT,144743,ATTAGTGAGGTGGGAG
1414,ATCAGGTTCCCTGGAA,144745,ATTAGTGAGTGGCGTA
1415,ATCAGGTTCTCAATTC,144916,ATTAGTGAGCTTAGGG
1416,ATCAGGTTCTCACAAA,144917,ATTAGTGAGGCATGGC
1417,ATCATCAAGCAACATC,145023,TTGCGACTCCAAGTGG
1418,ATCATCAAGCGAAGTA,145076,TTGCGACTCAAATCGA
1419,ATCATCAAGCTCATAA,145108,TTGCGACTCCCTGTGG
1420,ATCATCAAGGTCGATT,145238,TTGCGACTCTCTCGCC
1421,ATCATCAAGGTGCTGC,145244,TTGCGACTCAAACTAG
1422,ATCATCAAGTTATCCT,145332,TTGCGACTCCTGAAGG
1423,ATCATGTCAGTAATAG,145622,AATACCCGTGATTCTA
1424,ATCATGTCATCGTTCT,145683,AATACCCGTTATTGTG
1425,ATCCAACAGGCAGGTG,145941,GTAACCCTCGGGATGC
1426,ATCCAACAGGGTCCAC,145985,GTAACCCTCATAGCTT
1427,ATCCACCTCAATCTCT,146145,AGTGATCAGGCCTAAG
1428,ATCCACCTCGGTTACG,146401,AGTGATCAGGACTTAA
1429,ATCCATAAGCGCTCAA,146624,AACGGATTCGCTTGTA
1430,ATCCATAAGCTTGCTC,146664,AACGGATTCCTAATCG
1431,ATCCATAAGTAACGGA,146796,AACGGATTCACAAGCG
1432,ATCCATAAGTGTGATC,146855,AACGGATTCGCTTTAG
1433,ATCCCGCGTGCTTTAC,147096,GGATCCGCAGGAATAA
1434,ATCCCGCGTTATCCGT,147180,GGATCCGCAAAGTCAT
1435,ATCCCGCGTTCACTGT,147189,GGATCCGCAATAGCCA
1436,ATCCCGCGTTGCTGGG,147220,GGATCCGCACTCAGTT
1437,ATCCCGCGTTGGTTGA,147230,GGATCCGCATGACCAA
1438,ATCCCGCGTTTGGTTC,147271,GGATCCGCACATGCAA
1439,ATCCGTGAGCCTTAAA,147377,CTCCTCATCTGGTCTA
1440,ATCCGTGAGGCATTGT,147479,CTCCTCATCCTTCGGG
1441,ATCCGTGAGTAACGGA,147562,CTCCTCATCACAAGCG
1442,ATCCGTGAGTTATGGC,147636,CTCCTCATCTGTGATT
1443,ATCCTCATCACCATTT,147694,AGGGTCCAGGCTTGCT
1444,ATCCTCATCAGGAAGC,147719,AGGGTCCAGCGTGCTT
1445,ATCCTCATCCTCACAC,147851,AGGGTCCAGCACCTTA
1446,ATCCTCATCCTGGCTT,147866,AGGGTCCAGTCACTCA
1447,ATCCTCATCGCAAACT,147899,AGGGTCCAGTTAGCTT
1448,ATCCTCATCTAGCTAA,147979,AGGGTCCAGGAGGGTG
1449,ATCCTGACAGAATGAC,148235,GATAACGGTCTTAGCG
1450,ATCCTGACAGCAACAG,148243,GATAACGGTAATCCAC
1451,ATCCTGACAGTTAGCC,148319,GATAACGGTCCCTCTG
1452,ATCCTGACATGAAATG,148372,GATAACGGTACTGACT
1453,ATCCTTAGTGATCAGC,148601,TCAGGACCAGCCAAAC
1454,ATCCTTAGTTGCGGAT,148752,TCAGGACCATCCCAAT
1455,ATCCTTAGTTTATGGG,148786,TCAGGACCACTGTCAT
1456,ATCCTTAGTTTGAGGC,148796,TCAGGACCACCAAAGC
1457,ATCGAGGCACAACCTA,148921,CTAGGTTGTAACCTCG
1458,ATCGAGGCACCTAATG,148957,CTAGGTTGTTACTAGC
1459,ATCGAGGCAGTTTGTG,149092,CTAGGTTGTGTTACTA
1460,ATCGCCCGTCAAGTGC,149282,GTAAGAACATCCGCTA
1461,ATCGCCCGTCCTTCTC,149329,GTAAGAACAATTAGCG
1462,ATCGCCCGTGTAACCA,149415,GTAAGAACATAGCATG
1463,ATCGCCCGTGTGCAAC,149423,GTAAGAACACGTAGCG
1464,ATCGCCCGTTTACTTG,149546,GTAAGAACATCAATCC
1465,ATCGCTTGTCCGTAGG,149701,ATCAGGCCATCAGGTA
1466,ATCGCTTGTGAACAAA,149736,ATCAGGCCAAATGCTG
1467,ATCGCTTGTGAGAAAC,149742,ATCAGGCCAAACGCGT
1468,ATCGCTTGTTAACAGT,149822,ATCAGGCCACGGATTA
1469,ATCGCTTGTTAGGCGT,149854,ATCAGGCCATACTGAG
1470,ATCGGCCAGGACAACA,150125,GCAATAATCTATGCAT
1471,ATCGGCCAGGGATTAG,150195,GCAATAATCAGTACCC
1472,ATCGGCCAGTAAGGGC,150247,GCAATAATCGGTTACC
1473,ATCTATGAGACAAGTG,150356,TTTCTTGTCCTCACTT
1474,ATCTATGAGCCGCTAA,150430,TTTCTTGTCAGTTTAC
1475,ATCTATGAGCGAGTAA,150447,TTTCTTGTCGGTCCAT
1476,ATCTATGAGTTTGAGC,150720,TTTCTTGTCAAATCCT
1477,ATCTTTGGTAATCGTG,150749,GACCGTGCACATAACG
1478,ATCTTTGGTGATGGCT,150904,GACCGTGCATTCATTG
1479,ATCTTTGGTGTGCACG,150956,GACCGTGCAATACCCT
1480,ATCTTTGGTTTGCTGT,151098,GACCGTGCATTGTGGA
1481,ATGAAGCCACCTCGCT,151261,ACTTAGCGTTGGGTTT
1482,ATGAAGCCAGCAAGTG,151311,ACTTAGCGTCTAATCA
1483,ATGAAGCCATCACTTC,151419,ACTTAGCGTAAAGCAT
1484,ATGAAGCCATCCTAGA,151429,ACTTAGCGTTTGTCTT
1485,ATGAAGCCATTAAACC,151461,ACTTAGCGTTATGTCA
1486,ATGAAGTAGCCACATG,151574,GTGCTTATCTTGTTGG
1487,ATGAAGTAGGAACACA,151650,GTGCTTATCAGCAATA
1488,ATGAATGCAAGACTCC,151918,GGAGTCGGTATGGTGA
1489,ATGAATGCACGTAATT,152041,GGAGTCGGTTCCTCAC
1490,ATGAATGCATGTTGCA,152225,GGAGTCGGTTTGGTTA
1491,ATGACAACACGAATTT,152420,GCTTAACGTACCGTGC
1492,ATGACAACAGTAGGAT,152527,GCTTAACGTGGATGCG
1493,ATGACCAGTACCTTAC,152680,ATTGTGGCATTTCGCG
1494,ATGACGAAGGGTCTAT,153270,AATTCGTTCTCAAATC
1495,ATGACGAAGGGTGAGT,153272,AATTCGTTCACATAGA
1496,ATGACTCAGCATGGTT,153484,GAGGCTATCATCCTCT
1497,ATGACTCAGGTACCGC,153663,GAGGCTATCAAGCTTT
1498,ATGACTCAGGTTTGAC,153688,GAGGCTATCGATTAAG
1499,ATGACTCAGTGAGCGG,153747,GAGGCTATCATCACAT
1500,ATGAGCCGTATGGTGC,153863,GGGAACACAGTATTGG
1501,ATGAGCCGTATTTGCC,153874,GGGAACACACCTAACT
1502,ATGAGCCGTCTCAGCC,153947,GGGAACACAACAAAGA
1503,ATGAGCCGTCTTGCAT,153949,GGGAACACAGAATCTG
1504,ATGAGCCGTGGATTAT,154003,GGGAACACATAATGCG
1505,ATGATGACAACAGGTG,154203,CAGCCTAGTGTAACAG
1506,ATGATGACAACATAAG,154204,CAGCCTAGTAACGATG
1507,ATGATGACAATGCGCT,154269,CAGCCTAGTTTCACCC
1508,ATGATGACAGTTATGT,154453,CAGCCTAGTTTGCAGT
1509,ATGATGACATAAGTCT,154464,CAGCCTAGTCATGCCA
1510,ATGATGACATGATTGT,154511,CAGCCTAGTAGGTTAG
1511,ATGATGACATTGTGTG,154555,CAGCCTAGTTAAAGCG
1512,ATGATGGAGATGGAGC,154604,CCTTTGTTCGCAACTC
1513,ATGATGGAGCACTAGT,154623,CCTTTGTTCCGCCATG
1514,ATGATGGAGGACCTCA,154732,CCTTTGTTCAGGAATC
1515,ATGATGGAGGATCACT,154749,CCTTTGTTCATTATGC
1516,ATGATGGAGTCACTAA,154872,CCTTTGTTCGATTATC
1517,ATGATGGAGTGAACAG,154890,CCTTTGTTCCGCAATC
1518,ATGATGGAGTTGCCTC,154927,CCTTTGTTCAGCACGA
1519,ATGCAAACAATTATGC,155042,TTATCGAGTTGTCATA
1520,ATGCAAACAGCTTAAT,155169,TTATCGAGTGGTGAAC
1521,ATGCAAACAGGCTAAG,155191,TTATCGAGTGGTTAGA
1522,ATGCAAACAGGTTACC,155202,TTATCGAGTATGTTTG
1523,ATGCAAACATAATCCG,155235,TTATCGAGTGCTTTAA
1524,ATGCAAACATCGCTTT,155268,TTATCGAGTTGCTGGC
1525,ATGCAAACATTGTCAG,155318,TTATCGAGTTTAATCG
1526,ATGCAGGCAATCCTGA,155413,AGGTTAGGTAGACAAT
1527,ATGCAGGCACCATATG,155467,AGGTTAGGTAATTGGG
1528,ATGCAGGCACCGGTAT,155472,AGGTTAGGTCTTGAAC
1529,ATGCAGGCACTAAGAA,155497,AGGTTAGGTGTCACGC
1530,ATGCATTCAAGTTATC,155781,GAAGTCAGTTGGCCAC
1531,ATGCATTCAATAACCT,155782,GAAGTCAGTCGAGGCA
1532,ATGCATTCAATGAAGC,155800,GAAGTCAGTATAGCGA
1533,ATGCATTCACCTGTAA,155869,GAAGTCAGTTTATGGC
1534,ATGCATTCAGCTTACA,155938,GAAGTCAGTTAGGTTC
1535,ATGCATTCATATAACC,156019,GAAGTCAGTTAGGCTT
1536,ATGCCTGAGACTTACA,156119,GCGTGTTTCGCTTGCG
1537,ATGCCTGAGAGGCTAA,156132,GCGTGTTTCTGTTGCA
1538,ATGCCTGAGCGAGCGA,156199,GCGTGTTTCGATATAG
1539,ATGCCTGAGGACTTAC,156273,GCGTGTTTCGCCTGTG
1540,ATGCGATTCCACCCTG,156604,TAATGCAAGCTCATGC
1541,ATGCGATTCCAGGGAG,156609,TAATGCAAGTTATTGC
1542,ATGCGATTCCATTACT,156615,TAATGCAAGCTTGGTC
1543,ATGCGATTCGATTATG,156715,TAATGCAAGGAACAAG
1544,ATGCTTAAGGCATTAC,157066,CATTAGTTCAAAGGGA
1545,ATGCTTAAGTGCTGTG,157206,CATTAGTTCAACCGGA
1546,ATGGACAAGCAATAGG,157303,TGATGAATCACTAAGA
1547,ATGGACAAGCGTGCAC,157368,TGATGAATCCAATACT
1548,ATGGACAAGCTATTGA,157379,TGATGAATCCAGGTGA
1549,ATGGACAAGGCGGATG,157465,TGATGAATCTAACTAC
1550,ATGGACAAGTAAAGGT,157529,TGATGAATCTAAGCGG
1551,ATGGACAAGTAGCCAT,157544,TGATGAATCCCTCATT
1552,ATGGACAAGTCACCAG,157557,TGATGAATCACAAATG
1553,ATGGCCCAGCCGCAGT,157719,CCATAGCTCAATTAGG
1554,ATGGCCCAGGGTGAGT,157878,CCATAGCTCACATAGA
1555,ATGGCCCAGGGTTAGA,157880,CCATAGCTCCAGCTAC
1556,ATGGCCGGTAACCACA,158020,AGCTTCTCATCATCAC
1557,ATGGCCGGTATACTGG,158083,AGCTTCTCACAGCAAC
1558,ATGGCCGGTGAGACTC,158183,AGCTTCTCAAAGAAGC
1559,ATGGCCGGTTAATCGG,158271,AGCTTCTCAGTGCACG
1560,ATGGCCGGTTAGGATT,158293,AGCTTCTCAAGCGAAG
1561,ATGGCTAGTGTGAGAG,158625,GGCAATCCACCTCAAT
1562,ATGGCTAGTTCTTTAG,158709,GGCAATCCATTTGGCT
1563,ATGGCTAGTTTAACCC,158746,GGCAATCCATTAGCGA
1564,ATGGCTGTCACATTGA,158812,CGCATGAAGAGAGCAA
1565,ATGGCTGTCGGTACGC,159051,CGCATGAAGCCATAAA
1566,ATGGCTGTCGTGCTTC,159068,CGCATGAAGTCATAAG
1567,ATGGCTGTCTAGCTTT,159100,CGCATGAAGGGAGTAA
1568,ATGGCTGTCTCGCCCA,159118,CGCATGAAGAAGGAAT
1569,ATGGCTTAGACTCGCA,159186,CGGTTTATCTAGGATA
1570,ATGGCTTAGAGGATAT,159199,CGGTTTATCGAAGTAC
1571,ATGGCTTAGCCGCTTT,159253,CGGTTTATCCTGGATC
1572,ATGGCTTAGGACCTGC,159337,CGGTTTATCGGTTAGG
1573,ATGGTCTAGCTCGCTT,159686,CGTTATGTCACACCGT
1574,ATGGTCTAGGAAGCTA,159712,CGTTATGTCCTTTGAG
1575,ATGGTCTAGTTTCCTG,159925,CGTTATGTCACGGATG
1576,ATGGTGCGTAACCTAG,159938,TAAGACTCAACCTGCC
1577,ATGGTGCGTCAATGTG,160023,TAAGACTCACCTGTAT
1578,ATGGTGCGTCATAGAT,160039,TAAGACTCACCATGCC
1579,ATGGTGCGTCGCATAA,160074,TAAGACTCAACCTACT
1580,ATGGTGCGTTGGCCGA,160262,TAAGACTCAAACCTAG
1581,ATGGTGCGTTTATGGG,160290,TAAGACTCACTGTCAT
1582,ATGGTTATCACCTGCT,160350,GCAACATAGGCGCGAT
1583,ATGGTTATCCAACTGG,160432,GCAACATAGAACAACC
1584,ATGGTTATCCTGTTCA,160523,GCAACATAGGTATAGC
1585,ATGTAACGTCTAACAG,160846,GAAGGTGCAGGATGTC
1586,ATGTAACGTTCACCAT,160991,GAAGGTGCATTACGGA
1587,ATGTAACGTTGCAATG,161015,GAAGGTGCAACCGTAA
1588,ATGTAACGTTTGAGGC,161066,GAAGGTGCACCAAAGC
1589,ATGTAAGCAATTGCGC,161182,ACGCCTAGTACTAACC
1590,ATGTAAGCAGGACCTT,161315,ACGCCTAGTTGCTCTC
1591,ATGTAAGCATAATGTC,161374,ACGCCTAGTGCAAGTA
1592,ATGTCAATCAGTATTG,161530,TGCATTTAGCGATATA
1593,ATGTCAATCCTTAAGA,161674,TGCATTTAGCCAAACG
1594,ATGTCAATCCTTAGGG,161676,TGCATTTAGCATCCTA
1595,ATGTCAATCTCCTCAA,161799,TGCATTTAGCGCTAAG
1596,ATGTCAATCTTAGCGG,161823,TGCATTTAGGGTCTAG
1597,ATGTCAATCTTGTCTG,161840,TGCATTTAGGGATTTA
1598,ATGTCATCAAACTAAG,161854,GAGCTGGGTTACCCAG
1599,ATGTCATCAACTGGCT,161888,GAGCTGGGTCTTGACG
1600,ATGTCATCACCTAAGC,161994,GAGCTGGGTATCGCTG
1601,ATGTCATCATCTTGAG,162175,GAGCTGGGTGATCCTG
1602,ATGTCCACACACTAAT,162351,AGCGCCTGTTCACCTC
1603,ATGTCCACACTAAATC,162400,AGCGCCTGTTTACCAA
1604,ATGTCCACATAAGGAC,162519,AGCGCCTGTACAATGG
1605,ATGTGAGAGAGAGCCG,162642,TACTACGTCTAGGAAC
1606,ATGTGAGAGCAGGTTT,162685,TACTACGTCGCCTAAC
1607,ATGTGAGAGGCTCATG,162842,TACTACGTCAGGGATT
1608,ATGTGAGAGGGATTAG,162853,TACTACGTCAGTACCC
1609,ATGTGAGAGGTGAGAC,162884,TACTACGTCCAGGACA
1610,ATGTGAGAGTTATCCT,162974,TACTACGTCCTGAAGG
1611,ATGTTCAAGGCCCAGT,163206,AAACTAGTCAATCCAT
1612,ATGTTCAAGGTCCGTA,163260,AAACTAGTCTAATCAC
1613,ATGTTGTCAACAACAA,163406,TACCGGCGTTCAATTG
1614,ATGTTGTCAAGGATTA,163438,TACCGGCGTAACAGCA
1615,ATGTTGTCAATAGCCC,163461,TACCGGCGTTGAAGCA
1616,ATGTTGTCAATTGCGC,163486,TACCGGCGTACTAACC
1617,ATGTTTGAGACTTACA,163791,TCCACAATCGCTTGCG
1618,ATGTTTGAGCACAGGG,163826,TCCACAATCCAATTGT
1619,ATGTTTGAGCTAATCA,163892,TCCACAATCGCGCTCA
1620,ATGTTTGAGGTAAGCA,164019,TCCACAATCGTACCTA
1621,ATTAACCCAAACCTTG,164155,CCTATTTGTCCTCCAT
1622,ATTAACCCAAGTGTTT,164220,CCTATTTGTGATGCAA
1623,ATTAACCCACAGAAAC,164272,CCTATTTGTGGGTAAC
1624,ATTAACCCACCATATG,164291,CCTATTTGTAATTGGG
1625,ATTAACCCAGTAATAG,164416,CCTATTTGTGATTCTA
1626,ATTACCCGTAACCACA,164540,CCACACCCATCATCAC
1627,ATTACCCGTATTCGTC,164609,CCACACCCACTAATCC
1628,ATTACCCGTTCAAGCA,164828,CCACACCCAAGCCTCC
1629,ATTACCGCAAACGGGC,164923,CTCATAAGTAGGTGAC
1630,ATTACCGCAATATACC,164997,CTCATAAGTAGGCGCA
1631,ATTACCGCACTGGCTG,165098,CTCATAAGTAGGATCA
1632,ATTACCGCAGTCTATG,165190,CTCATAAGTTGACCAT
1633,ATTACCGCATAAGGAC,165205,CTCATAAGTACAATGG
1634,ATTACCGCATAATCGT,165210,CTCATAAGTTCTTTGT
1635,ATTACCGCATAGCAGG,165218,CTCATAAGTAGTCATC
1636,ATTACCGCATGTCAAT,165263,CTCATAAGTTGCGAGG
1637,ATTACGTCAAGTGAAC,165368,AACTGAGGTGAGGACT
1638,ATTACGTCAATGAATG,165391,AACTGAGGTCATCACG
1639,ATTACGTCACAGAACG,165423,AACTGAGGTATTCAGC
1640,ATTACGTCACAGCCAT,165425,AACTGAGGTACCTTGG
1641,ATTACGTCACAGGAAT,165427,AACTGAGGTTGTCAGT
1642,ATTACGTCATTAAACC,165655,AACTGAGGTTATGTCA
1643,ATTACGTCATTTGCTC,165684,AACTGAGGTGCGGTAG
1644,ATTACTGAGAACAAGT,165688,CTTGATGTCGATTCAT
1645,ATTACTGAGATTGAGG,165732,CTTGATGTCAAGCCAG
1646,ATTACTGAGCGCAATT,165795,CTTGATGTCAATAGGC
1647,ATTACTGAGGAACCAA,165845,CTTGATGTCAAGGTTA
1648,ATTACTGAGTGAGGTA,166025,CTTGATGTCAGGATCG
1649,ATTAGCGGTTCATCTA,166366,TTACTTGCAGGTAAGG
1650,ATTAGCTCAATCGCAC,166538,GCAGTTTGTTACAACC
1651,ATTAGCTCATCTAGCA,166778,GCAGTTTGTTTAACCA
1652,ATTAGCTCATTAAACC,166805,GCAGTTTGTTATGTCA
1653,ATTAGCTCATTGTCCT,166827,GCAGTTTGTCCTTAGG
1654,ATTAGGTGTAGTAAGA,166898,GTCCTTGCATGATGGC
1655,ATTAGGTGTCAATGTG,166927,GTCCTTGCACCTGTAT
1656,ATTAGGTGTCATAGAT,166943,GTCCTTGCACCATGCC
1657,ATTAGGTGTGCAATAT,167018,GTCCTTGCAGGCGAAA
1658,ATTAGGTGTTTGGGCG,167211,GTCCTTGCAAGGTGTC
1659,ATTAGTCCAAGTCGCT,167283,GAAGCACGTTATGGCT
1660,ATTAGTCCAGCTAATT,167439,GAAGCACGTATTTACG
1661,ATTAGTCCATAGCGGA,167520,GAAGCACGTAGCTTTA
1662,ATTAGTCCATAGTCAT,167524,GAAGCACGTGTACCGC
1663,ATTATCCTCAGTTCCC,167670,GGTGTGCAGAGCAAGA
1664,ATTATCCTCCTTGAGG,167819,GGTGTGCAGTATCCGC
1665,ATTATCCTCGATCAGT,167836,GGTGTGCAGAACCTTT
1666,ATTATCCTCGTGCTAG,167889,GGTGTGCAGGATGACT
1667,ATTATCCTCGTTTCTG,167902,GGTGTGCAGCATGAGT
1668,ATTATCCTCTACCTAT,167915,GGTGTGCAGTGTGATA
1669,ATTATGGTCAAGTGAG,167999,AGCCTTCAGCAGCTCT
1670,ATTATGGTCATTGCGG,168096,AGCCTTCAGGAAGTAG
1671,ATTATGGTCGCTAGCA,168240,AGCCTTCAGCCAGGAC
1672,ATTATGGTCGGTACGC,168257,AGCCTTCAGCCATAAA
1673,ATTATGGTCGTTATCT,168282,AGCCTTCAGGCTATAA
1674,ATTATGGTCTGTGCAG,168337,AGCCTTCAGCGGTTAG
1675,ATTCAACCAAGCGAGC,168416,CAATTGCGTGAGTCCC
1676,ATTCACTTCATGCTCC,168845,TGCGCTTAGCTCCCTC
1677,ATTCACTTCGATATTG,168987,TGCGCTTAGATTCTGT
1678,ATTCACTTCTTGGATA,169128,TGCGCTTAGCCTAATT
1679,ATTCATGAGACTCGCA,169160,GTCGTTATCTAGGATA
1680,ATTCATGAGGAGGTTA,169322,GTCGTTATCTAAATCC
1681,ATTCATGAGGCAAGTA,169334,GTCGTTATCTTGAATC
1682,ATTCATGAGTTGTCTT,169512,GTCGTTATCAAGGTGT
1683,ATTCCGGAGGAAGCAC,169685,TTCCTGTTCTAGCCTA
1684,ATTCCTAGTCGCAATA,170047,GTTATCCCACATTACC
1685,ATTCCTAGTTATCCGT,170192,GTTATCCCAAAGTCAT
1686,ATTCCTCCAGGCTTCG,170539,CAATGAGGTAACCGGG
1687,ATTCCTCCATGGCCCA,170630,CAATGAGGTACTTCGG
1688,ATTCCTCCATTGACAT,170656,CAATGAGGTCAATTGC
1689,ATTCGTTTCACAAGCT,170698,ATCGCTCAGCTAACGG
1690,ATTCGTTTCCTAATTC,170858,ATCGCTCAGCTTGAAA
1691,ATTGAAGCAACACCTA,171079,GGTTCGCGTTTCCTCA
1692,ATTGAAGCACAAAGGT,171164,GGTTCGCGTCACACCA
1693,ATTGAAGCAGGTTACC,171314,GGTTCGCGTATGTTTG
1694,ATTGAAGCATAGTCAT,171362,GGTTCGCGTGTACCGC
1695,ATTGACTCAACTGGCT,171480,TTTAACGGTCTTGACG
1696,ATTGACTCAATTAGGA,171537,TTTAACGGTGGTTAAG
1697,ATTGACTCACTCGCTC,171616,TTTAACGGTTGTTCCC
1698,ATTGACTCATAATGAG,171733,TTTAACGGTCCCAGAC
1699,ATTGACTCATGAATCT,171771,TTTAACGGTTTATGTG
1700,ATTGCACAGCCGCTAA,171912,TTAGCTGTCAGTTTAC
1701,ATTGCACAGCCTGACA,171919,TTAGCTGTCGACCTTA
1702,ATTGCACAGGAGCACG,172003,TTAGCTGTCTAGTTCG
1703,ATTGCACAGTATCGCG,172126,TTAGCTGTCGCCCGTA
1704,ATTGCAGGTCGCGCAA,172351,CGGGTTGCAGCCGGTA
1705,ATTGCAGGTGCAACTA,172389,CGGGTTGCAGTATGTG
1706,ATTGCAGGTGCTAGAC,172401,CGGGTTGCAGTAATCG
1707,ATTGCAGGTGGATTAT,172417,CGGGTTGCATAATGCG
1708,ATTGCAGGTGGATTGC,172419,CGGGTTGCAGCACGAT
1709,ATTGCGCCATTAGCCA,172947,GAGTTAGGTCCATTAA
1710,ATTGCTCGTAATAGCT,172992,TCCAAGACATGAGCCG
1711,ATTGCTCGTCGACTAA,173112,TCCAAGACAGTTTCTA
1712,ATTGCTCGTCTAACCT,173123,TCCAAGACAAACTAGT
1713,ATTGCTCGTGAGCGAA,173144,TCCAAGACAAGTGGCT
1714,ATTGGCTAGAGAGGAG,173383,ATGTAAGTCAGCATTT
1715,ATTGGCTAGCGTGCGT,173477,ATGTAAGTCTTGCATG
1716,ATTGGCTAGGACCTCA,173528,ATGTAAGTCAGGAATC
1717,ATTGGCTAGGTATTGC,173611,ATGTAAGTCCAGGAAT
1718,ATTGGCTAGTAACCCG,173640,ATGTAAGTCCGTAATT
1719,ATTGGTTCACATTGCA,173873,GTATCCGGTTAAGTGG
1720,ATTGGTTCAGGCTTGT,173992,GTATCCGGTTGCAAGA
1721,ATTGTCCGTAGGATTT,174181,CGATATGCATATTGCC
1722,ATTGTCCGTAGGTTAT,174183,CGATATGCATTATCTG
1723,ATTGTCCGTATCTGGA,174192,CGATATGCACCGTTGC
1724,ATTGTCCGTCAAACTG,174206,CGATATGCATGACTTC
1725,ATTGTCCGTCGCATAA,174266,CGATATGCAACCTACT
1726,ATTGTCCGTTAACAGT,174370,CGATATGCACGGATTA
1727,ATTGTGATCAGAAACG,174556,CGCAACAAGGCAATGT
1728,ATTGTGATCATGCATA,174593,CGCAACAAGCACCTAC
1729,ATTGTGATCGTGCCTT,174792,CGCAACAAGGACACGC
1730,ATTGTGATCTGTGCCT,174858,CGCAACAAGAGGCTTG
1731,ATTTAGCCAAGTGTTT,174958,TTTATCCGTGATGCAA
1732,ATTTAGCCAATTGAAG,174989,TTTATCCGTAGTCCTG
1733,ATTTAGCCAGGAATCG,175122,TTTATCCGTATCCGTG
1734,ATTTAGCCAGGCCATT,175133,TTTATCCGTGCATTTA
1735,ATTTAGCCAGTCTATG,175162,TTTATCCGTTGACCAT
1736,ATTTAGCCAGTTTACG,175169,TTTATCCGTAGACTAG
1737,ATTTAGCCATACTCCT,175187,TTTATCCGTCTTGGAT
1738,ATTTAGGTCACTTCAT,175322,ATGTCCCAGTGTCCAC
1739,ATTTAGGTCCAATTAG,175396,ATGTCCCAGCTTAAAG
1740,ATTTAGGTCCCTTGCG,175432,ATGTCCCAGCTTGTTG
1741,ATTTAGGTCCTGAGTG,175476,ATGTCCCAGGGTTATA
1742,ATTTAGGTCGAAGTGA,175498,ATGTCCCAGGATTGCG
1743,ATTTGCAAGCACCACA,175717,GAGTAACTCTAACTGT
1744,ATTTGCAAGTGACCTG,175992,GAGTAACTCTAGGCGA
1745,ATTTGCGCAAATACCT,176059,GCTTTAAGTCAATGAG
1746,ATTTGCGCAACATAAG,176070,GCTTTAAGTAACGATG
1747,ATTTGCGCATAAGGAC,176329,GCTTTAAGTACAATGG
1748,ATTTGCGCATTAAGCT,176397,GCTTTAAGTGCTCCTT
1749,ATTTGTGAGGGTGGAT,176673,TAAAGGCTCATTGCGC
1750,ATTTGTGAGTGAGCGG,176763,TAAAGGCTCATCACAT
1751,ATTTGTGAGTGTTGCG,176772,TAAAGGCTCGCTAATT
1752,CAAACAACAAAGCTAA,176823,GCCAATTGTTTCCAGG
1753,CAAACAACACAAACTT,176915,GCCAATTGTCAATACC
1754,CAAACAACAGCAAATA,177008,GCCAATTGTTGCGTGC
1755,CAAACAACATGCTCCC,177149,GCCAATTGTAGTAGCA
1756,CAAACACTCAAGCTAC,177204,TGAGACTAGCAAGACT
1757,CAAACACTCACTTCAT,177242,TGAGACTAGTGTCCAC
1758,CAAACACTCGCTATGG,177451,TGAGACTAGGAGTCGC
1759,CAAACACTCTAAGTGC,177502,TGAGACTAGCAATAGC
1760,CAAACATGTCACGAAC,177676,GAGTGAGCATGAGGAG
1761,CAAACATGTTAGGTGC,177858,GAGTGAGCAGGTGACT
1762,CAAACATGTTAGTGAT,177861,GAGTGAGCACTAGCGG
1763,CAAACCGTCGCAGGCT,178204,GGCTAATAGGTCATTT
1764,CAAACCGTCTATGACA,178282,GGCTAATAGTTACGAA
1765,CAAACGCGTAGGTTAT,178403,GTTGTTCCATTATCTG
1766,CAAACGCGTCATAGAT,178451,GTTGTTCCACCATGCC
1767,CAAACGCGTGCAACTA,178525,GTTGTTCCAGTATGTG
1768,CAAACGCGTGGAAACG,178547,GTTGTTCCAGGAGGGT
1769,CAAACTGGTAATGACT,178750,TTCCGCACATCCTCAG
1770,CAAACTGGTTTACCGT,179076,TTCCGCACAGCAAGTC
1771,CAAACTGGTTTACTTG,179078,TTCCGCACATCAATCC
1772,CAAACTGGTTTGTTGC,179106,TTCCGCACAGCTCGCT
1773,CAAAGCGCAACTAGAA,179144,ATCACTAGTTAACTGC
1774,CAAAGCGCAAGCTACC,179157,ATCACTAGTGGCTTCA
1775,CAAAGCGCACTATGGC,179282,ATCACTAGTACTAGGA
1776,CAAAGCGCACTGACTA,179286,ATCACTAGTTAAACGG
1777,CAAAGCGCATGTCAGC,179454,ATCACTAGTTAGTTTG
1778,CAAAGGATCATCACTT,179568,GGCCTTTAGCAATACA
1779,CAAAGGATCATTGCAA,179601,GGCCTTTAGGTTATAG
1780,CAAAGGATCCTCATGC,179688,GGCCTTTAGGTGAATC
1781,CAAAGTGAGATGGAGC,179920,GATTGAATCGCAACTC
1782,CAAATCATCTATGACA,180582,TGCATCCAGTTACGAA
1783,CAACAATGTAGGATTT,180701,CTGTTTACATATTGCC
1784,CAACAATGTATTGAGT,180718,CTGTTTACACTCGCAC
1785,CAACAATGTCAGGAAG,180745,CTGTTTACAGGTATTG
1786,CAACAGGCAGTACCGT,181291,TTCAAGCGTATAGCTC
1787,CAACAGGCATCACAGC,181336,TTCAAGCGTTCCTGGA
1788,CAACAGGCATGCTTAG,181366,TTCAAGCGTCCAAGTT
1789,CAACCCGCACAACAAA,181519,GGACATAGTTACGAAG
1790,CAACCCGCACATTAAC,181542,GGACATAGTTCACGCA
1791,CAACCCGCACTTCACT,181594,GGACATAGTGCGTACC
1792,CAACCCGCAGAGAGCC,181603,GGACATAGTAGCTGTT
1793,CAACCCGCATGGCCCA,181752,GGACATAGTACTTCGG
1794,CAACCCGCATTAAGCT,181765,GGACATAGTGCTCCTT
1795,CAACCCTTCATGCAAC,181880,TAGTCAAAGGTCATGG
1796,CAACCCTTCGCCTGTT,182042,TAGTCAAAGCCTTCAA
1797,CAACCCTTCTGGTCCT,182141,TAGTCAAAGTCAACAA
1798,CAACTAATCATAGACC,182634,CTCTATGAGTCCTTGA
1799,CAACTAATCCGCCTCA,182726,CTCTATGAGTCACCAC
1800,CAACTAATCCGTGACA,182736,CTCTATGAGATTGCCC
1801,CAACTAATCTCACAAA,182887,CTCTATGAGGCATGGC
1802,CAACTAGGTATTGGAT,183020,TAAGAAGCATTACTGC
1803,CAACTAGGTGATGGCT,183122,TAAGAAGCATTCATTG
1804,CAAGAACCAACAGCCT,183351,TCTTTGTGTCGATTAC
1805,CAAGAACCAAGATTCT,183369,TCTTTGTGTTATGGAG
1806,CAAGAACCAAGCTACC,183375,TCTTTGTGTGGCTTCA
1807,CAAGAACCAGCACGAA,183532,TCTTTGTGTAATCACC
1808,CAAGAACCAGTAGGAT,183593,TCTTTGTGTGGATGCG
1809,CAAGACAAGACAAACG,183720,CCACTAATCCCGCAAT
1810,CAAGACAAGCACAGAA,183766,CCACTAATCTTAAGGA
1811,CAAGACAAGCCGGTAC,183800,CCACTAATCCTACTAG
1812,CAAGACAAGTTAGCTA,184064,CCACTAATCGATATTC
1813,CAAGCTAGTACGGTAC,184134,CTTATTGCATAAAGGA
1814,CAAGCTAGTGGAAACG,184297,CTTATTGCAGGAGGGT
1815,CAAGCTAGTGTTGCAA,184330,CTTATTGCACCGTTAT
1816,CAAGCTAGTGTTGCTT,184331,CTTATTGCATACTTGC
1817,CAAGGCCTCAATGTCA,184498,CATTATCAGCTTTACG
1818,CAAGGCCTCATAGACC,184550,CATTATCAGTCCTTGA
1819,CAAGGCCTCATTAGTG,184581,CATTATCAGAAATGCC
1820,CAAGGCCTCATTTGTC,184591,CATTATCAGAATCGAC
1821,CAAGGCTGTCAGTAAT,184964,TATGCTCCAACCAAAT
1822,CAAGGCTGTTGTGACA,185201,TATGCTCCATGGTGCG
1823,CAAGGCTGTTTAGCGA,185213,TATGCTCCACAGCACG
1824,CAAGGGAGTTCATTTG,185539,TAGTACGCAAGGCTTA
1825,CAAGGTAAGCGCCTTT,185736,TCCTTGTTCTATTGAC
1826,CAAGGTAAGCTCCTAC,185760,TCCTTGTTCTTAGCCA
1827,CAAGGTAAGGCCAATT,185828,TCCTTGTTCTTAGCTG
1828,CAAGGTAAGTTAGTGC,185980,TCCTTGTTCGTGCTTA
1829,CAAGGTAAGTTGTCAA,185996,TCCTTGTTCACCTGGT
1830,CAAGGTTTCAAACACC,186007,GCCTACTAGTCCTCAA
1831,CAAGGTTTCAATCATG,186025,GCCTACTAGTACCGGA
1832,CAAGGTTTCACCGGTA,186043,GCCTACTAGCCTTAAT
1833,CAAGGTTTCCCTCAAC,186155,GCCTACTAGATTGACA
1834,CAAGGTTTCCGCACAA,186170,GCCTACTAGTAAACTG
1835,CAAGTAACACGAACAG,186550,TAACTTGGTCACACTG
1836,CAAGTAACAGGTTCAC,186652,TAACTTGGTCCTGACA
1837,CAAGTAACAGTTAAAG,186666,TAACTTGGTAAATAGC
1838,CAAGTAACATGAGTTT,186726,TAACTTGGTCACAGGG
1839,CAAGTATGTGCTGTAA,186975,GATGTCACATAACCAG
1840,CAAGTATGTGGATTAT,186985,GATGTCACATAATGCG
1841,CAAGTGAAGACCATAC,187177,GGGTTTCTCTCCATGA
1842,CAAGTTATCAAACCGT,187542,TATGATGAGCTAACTT
1843,CAAGTTATCCCGTTAC,187686,TATGATGAGCTAAATG
1844,CAAGTTATCCCTTGCG,187700,TATGATGAGCTTGTTG
1845,CAAGTTATCCGGTATG,187713,TATGATGAGTTAACGA
1846,CAAGTTATCCTAATGA,187727,TATGATGAGATATTGG
1847,CAAGTTATCCTCATGC,187738,TATGATGAGGTGAATC
1848,CAATAAGCACAATGTT,188041,GTATTGCGTTAAAGAC
1849,CAATAAGCAGTTTGGC,188207,GTATTGCGTCGGTTAT
1850,CAATAGCTCACCATTT,188344,CACAGATAGGCTTGCT
1851,CAATAGCTCCAGCACA,188437,CACAGATAGTAGGTTA
1852,CAATAGCTCCTCAGTC,188504,CACAGATAGAAGCAAG
1853,CAATAGCTCCTCATCA,188505,CACAGATAGGATCCAG
1854,CAATAGCTCGATTTGA,188548,CACAGATAGGTGGCTA
1855,CAATAGCTCGTTACTT,188602,CACAGATAGGGACTTG
1856,CAATATGTCACGCGGT,188735,TGGCTAGAGAGGCTAT
1857,CAATATGTCGCTCCAT,188953,TGGCTAGAGATAGACC
1858,CAATATGTCTCGCCTG,189033,TGGCTAGAGCTTTAAC
1859,CAATCCCTCATGAAGG,189161,GCAGCTAAGTAAGCGT
1860,CAATCCCTCGATAACC,189310,GCAGCTAAGGCCTTGT
1861,CAATCCCTCTATTGTC,189401,GCAGCTAAGCAACCCT
1862,CAATCCCTCTGCAACG,189420,GCAGCTAAGCCTTGCG
1863,CAATCCCTCTTGCAAA,189447,GCAGCTAAGTACTGGG
1864,CAATCCTGTAGCAGCT,189510,TGCAAGCCAGGAAGCA
1865,CAATCCTGTATTCGCT,189534,TGCAAGCCAGGATGGA
1866,CAATCCTGTATTTGGG,189543,TGCAAGCCATGCGCCT
1867,CAATCCTGTTATAGCG,189747,TGCAAGCCATTCAGGA
1868,CAATCGCCAGTTAAAG,190118,CGAATCTGTAAATAGC
1869,CAATCTAAGTTCCCAC,190591,CAATTACTCAGCATGG
1870,CAATGAACAGCACGTT,190819,CAAGTGAGTCAGTAAG
1871,CAATGAACAGGCTTCG,190863,CAAGTGAGTAACCGGG
1872,CAATGACTCTCGCCCA,191334,TCTCAATAGAAGGAAT
1873,CAATGCCCAGTTTGTG,191662,CGCACTAGTGTTACTA
1874,CAATGTCAGAACCTGT,191768,CAACCGTTCGTTATGT
1875,CAATGTCAGTCACGAT,192075,CAACCGTTCGTTAGTT
1876,CAATGTGGTAGGTGTC,192206,CGGCTCTCACGCCCAT
1877,CAATGTGGTCAAAGGG,192232,CGGCTCTCATGCAACA
1878,CACAAGCGTATTGGTG,192607,GTTCGTTCATCATGCT
1879,CACAAGCGTGCTCCGT,192727,GTTCGTTCAACAAGTT
1880,CACAAGCGTTAAGCGC,192780,GTTCGTTCAACCGCTC
1881,CACAAGCGTTAGAGGG,192800,GTTCGTTCAAGGATGG
1882,CACAAGCGTTTATCTG,192887,GTTCGTTCATAATGGT
1883,CACAATATCATGGCCA,193005,CAACAACAGGTATGGT
1884,CACAATATCATTTGCT,193026,CAACAACAGCTTTAGT
1885,CACAGGCTCAATGAGG,193317,TACCCACAGTTGCAAA
1886,CACAGGCTCACATTGA,193328,TACCCACAGAGAGCAA
1887,CACAGGCTCATCCACC,193374,TACCCACAGGTTCCGT
1888,CACAGGCTCCTAAGGT,193478,TACCCACAGGCTTCAC
1889,CACAGGCTCGATTTGA,193534,TACCCACAGGTGGCTA
1890,CACAGGGAGACAACGA,193693,CCAACCGTCTTTAGCG
1891,CACAGGGAGTACCGCA,193973,CCAACCGTCGTTGTCA
1892,CACAGGGAGTTGTCTT,194054,CCAACCGTCAAGGTGT
1893,CACATAATCCCATAGG,194202,CGGAACCAGCTTATCG
1894,CACATAATCGGTCATG,194338,CGGAACCAGTGTGAGT
1895,CACATAATCTCAATGA,194389,CGGAACCAGGCTTGTC
1896,CACATACAGATGGAGC,194492,CGATTGCTCGCAACTC
1897,CACATACAGGCATGAA,194648,CGATTGCTCAGCTAGG
1898,CACATACAGTGAACGA,194780,CGATTGCTCTGGATCC
1899,CACATTAAGATGGACA,195259,CTAGCTATCTCAAGAA
1900,CACATTAAGCTTCCCG,195368,CTAGCTATCATTCAGT
1901,CACATTAAGTTATGGC,195576,CTAGCTATCTGTGATT
1902,CACCAACCAATCGCAC,195686,TCTTCATGTTACAACC
1903,CACCAACCACCCACAG,195740,TCTTCATGTCGCAACC
1904,CACCAACCAGGACACA,195833,TCTTCATGTCAGGCTC
1905,CACCAACCAGGCATGA,195841,TCTTCATGTGGTGCAG
1906,CACCAACCATAAGCAA,195886,TCTTCATGTAAGGCCG
1907,CACCGGTAGTTATCTC,196343,GAAGCCATCGCAATTT
1908,CACCTCAGTTGCCTCA,196690,TCAAGTGCAGGTTACA
1909,CACCTCAGTTTAGCTC,196722,TCAAGTGCAGCAAGCT
1910,CACCTGTTCATGTCAA,196847,TACAACAAGTGCTCAC
1911,CACCTGTTCATTTGCT,196864,TACAACAAGCTTTAGT
1912,CACCTGTTCGCTAAGT,197002,TACAACAAGCTGGCAA
1913,CACCTGTTCTGCAACG,197092,TACAACAAGCCTTGCG
1914,CACGCAATCCAAGTTA,197254,CTGTGAGAGCTAATAG
1915,CACGCAATCCAGGAAA,197262,CTGTGAGAGGTACCGA
1916,CACGCAATCCGGTTGA,197307,CTGTGAGAGTGGCCAA
1917,CACGCAATCGAGCTAT,197362,CTGTGAGAGGTATGTA
1918,CACGCAATCGTTTCTG,197434,CTGTGAGAGCATGAGT
1919,CACGCAATCTCCATGC,197468,CTGTGAGAGTTACATC
1920,CACGCTAAGACAAACG,197528,TAGCAAATCCCGCAAT
1921,CACGCTAAGGACAATG,197686,TAGCAAATCGAGGAGG
1922,CACTAAGGTAGCCTCC,197953,ACCCTTGCATGAGCTA
1923,CACTAAGGTCAATGTG,197993,ACCCTTGCACCTGTAT
1924,CACTAAGGTGGTTCTT,198122,ACCCTTGCAGAAACCC
1925,CACTAAGGTTTGCGAA,198272,ACCCTTGCACCTGGCT
1926,CACTAGCCAACCGCCA,198315,GCCGTTAGTTGACCGC
1927,CACTAGCCACGAACAG,198442,GCCGTTAGTCACACTG
1928,CACTAGCCATAATCCG,198575,GCCGTTAGTGCTTTAA
1929,CACTAGCCATCAGTAT,198597,GCCGTTAGTTTGAGGA
1930,CACTAGCCATTGCGTA,198656,GCCGTTAGTGTGATTC
1931,CACTGACCAAATACCT,198685,GTCCGTAGTCAATGAG
1932,CACTGACCACATAACT,198796,GTCCGTAGTTTCCGGA
1933,CACTGACCACTAAGAA,198837,GTCCGTAGTGTCACGC
1934,CACTGACCAGGCTGTT,198918,GTCCGTAGTTCATTCT
1935,CACTGACCAGTCTAAT,198938,GTCCGTAGTTAGTACC
1936,CACTGACCAGTCTATG,198940,GTCCGTAGTTGACCAT
1937,CACTTAAAGCTGGCTA,199195,GGTGTGATCTGGAAAC
1938,CACTTTGTCATGCATA,199523,AGGAGGTAGCACCTAC
1939,CACTTTGTCGAGCAAA,199663,AGGAGGTAGATTAGCA
1940,CACTTTGTCGGTTAGT,199712,AGGAGGTAGTCATGAA
1941,CAGAACCGTCCGTAGG,199945,AGTCACACATCAGGTA
1942,CAGAACCGTGTGTCCC,200051,AGTCACACACTATGGA
1943,CAGAACCGTTATCCGT,200106,AGTCACACAAAGTCAT
1944,CAGAATCTCAACCAAC,200208,CCGTTACAGTCTTGCA
1945,CAGAATCTCCAAGTTA,200322,CCGTTACAGCTAATAG
1946,CAGAATCTCCTAGTCC,200391,CCGTTACAGCGAAGCC
1947,CAGAATCTCCTCACAC,200393,CCGTTACAGCACCTTA
1948,CAGAATCTCGTTTCCA,200500,CCGTTACAGCCGCTAT
1949,CAGATTCAGGCATTGT,200789,TGAAGTATCCTTCGGG
1950,CAGATTCAGGCTAGAA,200810,TGAAGTATCACAGCCT
1951,CAGATTCAGGTTAGCT,200862,TGAAGTATCTAACCAT
1952,CAGATTCAGTCATCCC,200902,TGAAGTATCCTTAACG
1953,CAGCAAGCAAACTGTT,200979,CTTACTTGTTTGTTGA
1954,CAGCAAGCAACTAGGG,201008,CTTACTTGTTAGTTGC
1955,CAGCAAGCAATAATCC,201043,CTTACTTGTAGGTTCT
1956,CAGCAAGCAATTTAGC,201073,CTTACTTGTTATATCG
1957,CAGCAAGCATTCAGCA,201335,CTTACTTGTAAGGGCT
1958,CAGCATGTCAATACGC,201369,AAGCTCGAGACTTACT
1959,CAGCATGTCGGCTAGC,201618,AAGCTCGAGTCCTGCG
1960,CAGCATTAGCATCCAG,201808,GTGTTTGTCATCAGTT
1961,CAGCATTAGCATGTCG,201813,GTGTTTGTCCCTCGTC
1962,CAGCATTAGCATGTTA,201814,GTGTTTGTCAAACTTC
1963,CAGCCAATCAATCATG,202139,GTCATTTAGTACCGGA
1964,CAGCCAATCATTTGCT,202236,GTCATTTAGCTTTAGT
1965,CAGCCAATCGCTCACT,202380,GTCATTTAGAAACCTA
1966,CAGCCAATCGGTCATG,202396,GTCATTTAGTGTGAGT
1967,CAGCCAATCTAACTGA,202426,GTCATTTAGCGTATTT
1968,CAGCCAATCTCTAGCC,202462,GTCATTTAGATTCCTG
1969,CAGCCTAAGCTGTACG,202651,ACCATGCTCAATATCC
1970,CAGCCTAAGGAACGGT,202668,ACCATGCTCGTTAACT
1971,CAGCCTAAGGGCCATC,202745,ACCATGCTCACCCTCC
1972,CAGCCTAAGGTAAGCA,202757,ACCATGCTCGTACCTA
1973,CAGCCTTTCATCGTTT,202972,AGGCTTGAGATGGAGA
1974,CAGCCTTTCCATTACT,203025,AGGCTTGAGCTTGGTC
1975,CAGCTAAGTAGACAAA,203321,TGTTGAGCAATCGCCC
1976,CAGCTAAGTCGCAAAC,203414,TGTTGAGCAGGATAAA
1977,CAGCTAAGTCGTAAAT,203418,TGTTGAGCATTTCATG
1978,CAGCTAAGTGCATCGG,203459,TGTTGAGCATGGCTAA
1979,CAGCTAAGTGCTGTAA,203473,TGTTGAGCATAACCAG
1980,CAGCTATAGCATGTCG,203731,GTATCGCTCCCTCGTC
1981,CAGCTATAGCGATACT,203763,GTATCGCTCAGCTATT
1982,CAGCTATAGCGCTCAA,203770,GTATCGCTCGCTTGTA
1983,CAGCTATAGTAGCTTA,203955,GTATCGCTCCCATAGC
1984,CAGCTCAAGCAAGGAC,204092,ACGTATTTCGCGAAAT
1985,CAGCTCAAGGATTGCT,204233,ACGTATTTCAGGTAAC
1986,CAGCTCAAGGCAATAG,204237,ACGTATTTCCATCACA
1987,CAGCTCAAGGGCTTAT,204281,ACGTATTTCAAATACG
1988,CAGCTCAAGTATTGTG,204346,ACGTATTTCAGGAGCC
1989,CAGCTCAAGTTCCCAC,204403,ACGTATTTCAGCATGG
1990,CAGGAAGGTAATGACT,204448,CGTGAACCATCCTCAG
1991,CAGGAAGGTAGTTGGC,204490,CGTGAACCAAGGGCTT
1992,CAGGAAGGTGACATGC,204588,CGTGAACCAACAGGGA
1993,CAGGAAGGTGTGAGAG,204651,CGTGAACCACCTCAAT
1994,CAGGAAGGTTTCCGGC,204786,CGTGAACCACCGTTCA
1995,CAGGAAGGTTTGGGTA,204800,CGTGAACCACATAGCA
1996,CAGGACACACAATGCC,204920,TATGTTGGTCCAATTA
1997,CAGGACACACGTAATT,204971,TATGTTGGTTCCTCAC
1998,CAGGACACATAAGCAA,205092,TATGTTGGTAAGGCCG
1999,CAGGACCTCATGCATA,205277,CAGCTAGAGCACCTAC
2000,CAGGACCTCCCGCATT,205332,CAGCTAGAGTTAGGCG
2001,CAGGATGCAATAGCCC,205651,GACCAGGGTTGAAGCA
2002,CAGGATGCAGCAAATA,205772,GACCAGGGTTGCGTGC
2003,CAGGATGCAGCTACGT,205796,GACCAGGGTGAAACAT
2004,CAGGATGCATAGCGGA,205876,GACCAGGGTAGCTTTA
2005,CAGGCTATCATTGTCT,206069,CACCGTTAGGGCTATG
2006,CAGGCTATCCAAGTGT,206077,CACCGTTAGTCACACC
2007,CAGGCTGGTGCATTAG,206528,TAGCAGCCAACCAACA
2008,CAGGCTGGTGGATTGC,206553,TAGCAGCCAGCACGAT
2009,CAGGCTGGTGTGTCCC,206573,TAGCAGCCACTATGGA
2010,CAGGCTGGTTTATGGG,206700,TAGCAGCCACTGTCAT
2011,CAGGGCTTCAAGCGCC,206733,CAAAGGAAGCCTGTCG
2012,CAGGGCTTCCTAGTCC,206913,CAAAGGAAGCGAAGCC
2013,CAGGGCTTCGGTCAAT,206996,CAAAGGAAGTTTACGT
2014,CAGGGCTTCTCACATT,207053,CAAAGGAAGTCCTCCC
2015,CAGGGTGAGATTCCTT,207153,TGGTGAGTCATTGTAC
2016,CAGGGTGAGCCACAAT,207189,TGGTGAGTCGATCCGT
2017,CAGGGTGAGCCTCTGT,207202,TGGTGAGTCGCGTTAC
2018,CAGGGTGAGTAAGTCC,207398,TGGTGAGTCCTAGGTC
2019,CAGGGTGAGTCACGAT,207419,TGGTGAGTCGTTAGTT
2020,CAGGGTGAGTGAACCT,207439,TGGTGAGTCAGGGCTA
2021,CAGGTCCAGCCTAACG,207583,ATAATGGTCGTCCTTT
2022,CAGGTCCAGCTACTGG,207618,ATAATGGTCGTGATGG
2023,CAGGTCCAGTCATCCC,207808,ATAATGGTCCTTAACG
2024,CAGGTCCAGTTCCCAC,207855,ATAATGGTCAGCATGG
2025,CAGGTGGAGTCACGAT,208187,ACTGAGGTCGTTAGTT
2026,CAGGTTAGTAATAGCT,208278,TATGTCCCATGAGCCG
2027,CAGGTTAGTCGACTAA,208398,TATGTCCCAGTTTCTA
2028,CAGGTTAGTTAATGCG,208517,TATGTCCCACCTCGAC
2029,CAGGTTAGTTATCGAG,208548,TATGTCCCATCCTGGC
2030,CAGGTTAGTTCCGCAC,208560,TATGTCCCATGAGGGA
2031,CAGGTTTAGCACAGAA,208698,ACCCTCCTCTTAAGGA
2032,CAGGTTTAGGAAGCTA,208806,ACCCTCCTCCTTTGAG
2033,CAGGTTTAGTAACCAC,208925,ACCCTCCTCTCAAACT
2034,CAGGTTTAGTAGCTTA,208941,ACCCTCCTCCCATAGC
2035,CAGTACCCAAGTAAGC,209090,TGTTGACGTTAGCGTT
2036,CAGTACCCACTAGCGT,209198,TGTTGACGTGCTCACA
2037,CAGTACCCATCCATCT,209343,TGTTGACGTCACTCAG
2038,CAGTATGGTAATGACT,209434,TGTAAGTCATCCTCAG
2039,CAGTATGGTTTAGCTC,209764,TGTAAGTCAGCAAGCT
2040,CATAACGGTCGTTATC,209939,ACCTGTTCAGTGAGAG
2041,CATAACGGTTTGCGAA,210162,ACCTGTTCACCTGGCT
2042,CATAAGCTCATGCGTG,210263,GCATGCAAGCTAATCT
2043,CATAAGCTCCAACTGG,210292,GCATGCAAGAACAACC
2044,CATAAGCTCCGGAACC,210342,GCATGCAAGGATTTGA
2045,CATAAGCTCTTGTCCA,210549,GCATGCAAGTGCGGTA
2046,CATAATCCAGTTATCG,210834,CGGTATTGTTTATTCC
2047,CATAATGTCCTAGTAA,211130,CAGTTAAAGTGCTCCG
2048,CATAATGTCGTAACGT,211222,CAGTTAAAGGCGCAGT
2049,CATAGACTCAAACTCA,211328,ACGTAGTAGTAACGTA
2050,CATAGACTCACCGGTA,211361,ACGTAGTAGCCTTAAT
2051,CATAGCTAGTATGTGC,212013,TCCATGATCCGGTACT
2052,CATAGCTAGTCATTAG,212028,TCCATGATCATTAAGG
2053,CATAGCTAGTGAGGTA,212049,TCCATGATCAGGATCG
2054,CATAGCTAGTTAGTGC,212066,TCCATGATCGTGCTTA
2055,CATAGGCGTTAGCGTA,212368,GGTTGACCACCTTGCA
2056,CATAGGCGTTCCGGCT,212395,GGTTGACCATGCCTGC
2057,CATAGGCGTTCGCGCT,212400,GGTTGACCAATCATGG
2058,CATAGGTTCATGAGCT,212561,GAACTTAAGAGGAATG
2059,CATAGGTTCCCGCATT,212618,GAACTTAAGTTAGGCG
2060,CATAGGTTCTTAATGG,212832,GAACTTAAGATGAACC
2061,CATAGTCAGAGGAGTC,212894,TTGTCCTTCTACTAAC
2062,CATATCGCACCTAAGC,213390,GCCAACCGTATCGCTG
2063,CATATCGCAGCTAACC,213464,GCCAACCGTATGGTCT
2064,CATATCGCATGTTGTG,213595,GCCAACCGTCGTAATC
2065,CATCAATCAATAATCC,213701,TAGCTACGTAGGTTCT
2066,CATCAATCAATTAAGG,213723,TAGCTACGTTGCAATC
2067,CATCAATCATAGCTGC,213931,TAGCTACGTCATCATA
2068,CATCAATCATGACTAT,213960,TAGCTACGTTAGCTCG
2069,CATCACACAGTCTAGC,214283,CGTGAGGGTATAGTGG
2070,CATCACACATTTAAGC,214393,CGTGAGGGTTCACTTT
2071,CATCAGCCACTTAACG,214577,ACAGGCGGTAAGTCCT
2072,CATCAGCCAGCACCAT,214601,ACAGGCGGTTGACTAC
2073,CATCAGCCAGGAATCG,214628,ACAGGCGGTATCCGTG
2074,CATCAGCCAGGATTAA,214634,ACAGGCGGTAGAGGCT
2075,CATCATAAGGTAAGCA,215031,TAACTACTCGTACCTA
2076,CATCATAAGGTCGAGG,215043,TAACTACTCAGCCTGT
2077,CATCATAAGTAACAGG,215062,TAACTACTCGCTTCAA
2078,CATCATGCAATCTCTC,215251,CCTAATAGTGAGGGTT
2079,CATCATGCAATGCGCT,215257,CCTAATAGTTTCACCC
2080,CATCATGCAGCATGTC,215375,CCTAATAGTTACTTAG
2081,CATCATGCAGTATGTT,215433,CCTAATAGTGCAGTAA
2082,CATCATGCATAAACCT,215447,CCTAATAGTGCACCAC
2083,CATCATGCATCCTGAA,215486,CCTAATAGTCAGTGAA
2084,CATCATGCATGTCGCG,215511,CCTAATAGTGAGTTAG
2085,CATCATGCATGTTGTG,215515,CCTAATAGTCGTAATC
2086,CATCCCAGTGTGTCCC,215779,CAGCTAACACTATGGA
2087,CATCCCAGTTATCCTA,215835,CAGCTAACAGGCATTA
2088,CATCCCAGTTTCCGGC,215910,CAGCTAACACCGTTCA
2089,CATCCTCAGCATGTTA,216006,TCTTGGATCAAACTTC
2090,CATCCTCAGGAACGGT,216092,TCTTGGATCGTTAACT
2091,CATCCTGGTCGTTATC,216461,AACCGCGCAGTGAGAG
2092,CATCCTGGTCTTACTA,216468,AACCGCGCAAGCTATG
2093,CATCCTGGTGCTGTAA,216513,AACCGCGCATAACCAG
2094,CATCCTGGTTGTTCAC,216657,AACCGCGCAAATAAGG
2095,CATCCTTCAACTGGGA,216737,AGACTGAGTGCTCATG
2096,CATCGCTTCAAACTCA,217082,TTGAGCGAGTAACGTA
2097,CATCGCTTCACGCCAA,217120,TTGAGCGAGACAAACC
2098,CATCGCTTCAGCACCA,217133,TTGAGCGAGTGTTTGT
2099,CATCGCTTCATGCTAA,217170,TTGAGCGAGCTCGACT
2100,CATCGCTTCATTAGCA,217183,TTGAGCGAGCTATATC
2101,CATCGCTTCCAGGTTG,217211,TTGAGCGAGTCATGCC
2102,CATCGCTTCGCTCCAT,217339,TTGAGCGAGATAGACC
2103,CATCGCTTCTCACATT,217409,TTGAGCGAGTCCTCCC
2104,CATGAGGCACATACTG,217593,TGCATTAGTCGGTTCA
2105,CATGAGGCACGTTACA,217631,TGCATTAGTTACAGCT
2106,CATGCAAGTGGATGTC,218056,ATAGCCACAGCTAGAC
2107,CATGCAAGTGTGTGGT,218080,ATAGCCACAAAGGCCT
2108,CATGCAAGTTGGTGAC,218181,ATAGCCACATCAAGCA
2109,CATGCAAGTTTAACGG,218197,ATAGCCACATTTGTCA
2110,CATGCATAGAATGACG,218239,CTGCAACTCCCACCCT
2111,CATGCATAGCCTTAAA,218331,CTGCAACTCTGGTCTA
2112,CATGCATAGCTATGAC,218359,CTGCAACTCTAACCCA
2113,CATGCATAGGACACTT,218399,CTGCAACTCAGCCATC
2114,CATGCATAGGATTTGC,218424,CTGCAACTCATTACAC
2115,CATGCATAGGGTGAAC,218475,CTGCAACTCCACTATG
2116,CATGCATAGGTTAGCT,218506,CTGCAACTCTAACCAT
2117,CATGCATAGTCAATCA,218537,CTGCAACTCCACGTTA
2118,CATGCGCAGCTGCACA,218754,ATGCCCGTCGCATTTG
2119,CATGCGCAGGATTTGC,218808,ATGCCCGTCATTACAC
2120,CATGCGGGTCATGCAA,219110,TTGCGGGCAAGCCTGG
2121,CATGCGGGTGGGAACA,219211,TTGCGGGCAGGATCAC
2122,CATGCGGGTGTTAAAC,219231,TTGCGGGCACCGGTAG
2123,CATGCGGGTTCACTGT,219293,TTGCGGGCAATAGCCA
2124,CATGCGGGTTGCTTCG,219325,TTGCGGGCAGAGAGCA
2125,CATGCGGGTTTGCGCC,219369,TTGCGGGCATTACAGG
2126,CATGGATTCATGCATA,219467,GCAATACAGCACCTAC
2127,CATGGATTCATGCGTG,219469,GCAATACAGCTAATCT
2128,CATGGATTCCTAATAG,219564,GCAATACAGGTCACGA
2129,CATGGATTCCTCAGTC,219574,GCAATACAGAAGCAAG
2130,CATGGATTCTCCTCTT,219716,GCAATACAGCTGCATC
2131,CATGGATTCTTTGACT,219760,GCAATACAGCCCTTGG
2132,CATGGCGGTAAGCTCA,219776,CATTACCCATAGCGAC
2133,CATGGCGGTATTTGCC,219844,CATTACCCACCTAACT
2134,CATGGCGGTCTCACTG,219916,CATTACCCAAGGGAGC
2135,CATTATCTCAATCTCT,220165,ATCAGGTAGGCCTAAG
2136,CATTATCTCATTTGCT,220260,ATCAGGTAGCTTTAGT
2137,CATTATCTCCTTCGTA,220361,ATCAGGTAGAACCTAA
2138,CATTATCTCGCATTAA,220392,ATCAGGTAGCTAGTTT
2139,CATTATGAGTAAGGGC,220819,GTTTGCATCGGTTACC
2140,CATTATGAGTTTAACG,220905,GTTTGCATCAAGCGCA
2141,CATTCATTCAAGCTAC,220924,AATCCTTAGCAAGACT
2142,CATTCATTCATTGACA,221022,AATCCTTAGTTGCAGG
2143,CATTCATTCGCTAGTG,221169,AATCCTTAGGTCGAGC
2144,CATTCATTCGTTTCTG,221214,AATCCTTAGCATGAGT
2145,CATTCCTCAATGCCTA,221390,GGTTGTTGTAACCGTT
2146,CATTCCTCAGAGGGAG,221493,GGTTGTTGTGCAACAA
2147,CATTCCTCAGCAAATA,221496,GGTTGTTGTTGCGTGC
2148,CATTGCGAGAATCTCA,221690,AGCATCCTCTTAGGTT
2149,CATTGCGAGAGAGGAG,221709,AGCATCCTCAGCATTT
2150,CATTGCGAGGACCGCT,221853,AGCATCCTCATAACCT
2151,CATTGCGAGGAGGCAT,221864,AGCATCCTCTTGTCGA
2152,CATTGCGAGGCGGATG,221899,AGCATCCTCTAACTAC
2153,CATTGCGAGTAACGAG,221967,AGCATCCTCTATCGGC
2154,CATTGCGAGTTTGGTA,222063,AGCATCCTCGCTTCGG
2155,CATTGTAAGATGGAGC,222110,AGGATTATCGCAACTC
2156,CATTGTAAGCGGGCAA,222184,AGGATTATCCCTCACC
2157,CATTGTAAGGACAATG,222234,AGGATTATCGAGGAGG
2158,CATTGTAAGGATTTGC,222260,AGGATTATCATTACAC
2159,CATTGTAAGGGATGAC,222301,AGGATTATCACAGCAG
2160,CATTGTAAGTAGCGGG,222364,AGGATTATCTAACCGC
2161,CATTGTAAGTCAGTAC,222381,AGGATTATCTGCAACC
2162,CATTGTGCAATAGTCT,222528,ACGTTACGTGTCCTGA
2163,CATTGTGCAGCAAGAT,222651,ACGTTACGTTTACTGA
2164,CATTGTGCAGGAACCA,222679,ACGTTACGTTATGTTG
2165,CATTGTGCATCAGTAT,222763,ACGTTACGTTTGAGGA
2166,CATTTGTTCGGTACGC,223105,TAAAGGGAGCCATAAA
2167,CATTTGTTCTCGACCT,223171,TAAAGGGAGTATTTGC
2168,CATTTGTTCTTTGTAC,223216,TAAAGGGAGGTGGAAA
2169,CCAAACCCAATAATCC,223291,TCCAATAGTAGGTTCT
2170,CCAAACCCACCTGCTC,223373,TCCAATAGTACACCGC
2171,CCAAACCCAGGAACTG,223448,TCCAATAGTCCGTTAG
2172,CCAAACTAGAGGCTAA,223638,ATGCATTTCTGTTGCA
2173,CCAAATCAGCAAGGGT,224039,ATGCACCTCAGAAAGG
2174,CCAAATCAGCTATATG,224114,ATGCACCTCGTTAAAG
2175,CCAAATCAGCTCAAAC,224118,ATGCACCTCGGTAATA
2176,CCAAATCAGTCATTGA,224305,ATGCACCTCATGATGA
2177,CCAACATAGAGAGCCG,224396,ACCGGTTTCTAGGAAC
2178,CCAACATAGCTCCTTA,224507,ACCGGTTTCGAAGCAT
2179,CCAACATAGTACTGGT,224664,ACCGGTTTCACAGATA
2180,CCAACCAAGAGAAGGG,224779,ATGGCCTTCCCAAAGG
2181,CCAACCAAGAGCCGCT,224784,ATGGCCTTCCGCTAGT
2182,CCAACCAAGATGGACA,224797,ATGGCCTTCTCAAGAA
2183,CCAACCAAGCGAAGTA,224856,ATGGCCTTCAAATCGA
2184,CCAACCAAGGCTAGAA,224978,ATGGCCTTCACAGCCT
2185,CCAACCCGTAACCAGC,225143,GTTGAATCAGGAGCTT
2186,CCAACCCGTGGAGCAA,225345,GTTGAATCAGCCTAAA
2187,CCAACCCGTGGTTATG,225356,GTTGAATCAAAGGAAC
2188,CCAACCCGTTAGCAGC,225409,GTTGAATCACATGCCC
2189,CCAAGGCTCATTAGCA,225623,CACTTGCAGCTATATC
2190,CCAAGGCTCCCTGATC,225674,CACTTGCAGCATATAG
2191,CCAAGGCTCCTCATCA,225715,CACTTGCAGGATCCAG
2192,CCAAGTTAGCGGATTT,226020,GCCTATATCCAAACTT
2193,CCAAGTTAGCTAAGTC,226027,GCCTATATCTGGCTGT
2194,CCAAGTTAGGTAACGA,226154,GCCTATATCATGCGGA
2195,CCAAGTTAGTAAGTCC,226194,GCCTATATCCTAGGTC
2196,CCAAGTTAGTTGCGTG,226272,GCCTATATCATAGCGG
2197,CCAATATCAAACTGTT,226297,ACTTCCCGTTTGTTGA
2198,CCAATATCAAATATCC,226306,ACTTCCCGTTGTGACT
2199,CCAATATCAACAGCCT,226313,ACTTCCCGTCGATTAC
2200,CCAATATCAAGCCAGA,226333,ACTTCCCGTCGCATTG
2201,CCAATATCACAGAACG,226409,ACTTCCCGTATTCAGC
2202,CCAATATCACAGGATG,226414,ACTTCCCGTTTGCTCC
2203,CCAATATCACCTCGCT,226441,ACTTCCCGTTGGGTTT
2204,CCAATATCAGGAACTG,226518,ACTTCCCGTCCGTTAG
2205,CCAATATCATCACTTC,226599,ACTTCCCGTAAAGCAT
2206,CCAATATCATCCCTCA,226607,ACTTCCCGTTAAGTCC
2207,CCACAATAGCAAGGTA,226726,TGCCAGTTCAGCGGGT
2208,CCACAATAGCTATGAC,226801,TGCCAGTTCTAACCCA
2209,CCACAATAGGTAGCTT,226926,TGCCAGTTCAATGAGC
2210,CCACAATAGTCGCTAG,226997,TGCCAGTTCCATCAGC
2211,CCACACAAGCAAGGAC,227108,GTCTATGTCGCGAAAT
2212,CCACACAAGGATCACT,227245,GTCTATGTCATTATGC
2213,CCACACAAGGCCGGAA,227263,GTCTATGTCCGGCTAT
2214,CCACACAAGGCGAATA,227268,GTCTATGTCCTGCAAC
2215,CCACACAAGTAATCCA,227348,GTCTATGTCAGCTAAA
2216,CCACAGGGTAGTTACG,227505,GGTTTGACATTGAGAT
2217,CCACAGGGTGAGACTC,227607,GGTTTGACAAAGAAGC
2218,CCACAGGGTGCTCCGT,227637,GGTTTGACAACAAGTT
2219,CCACAGGGTTTATCTG,227797,GGTTTGACATAATGGT
2220,CCACATTGTAGGTTAT,227881,GCATGACCATTATCTG
2221,CCACATTGTTCACTGT,228117,GCATGACCAATAGCCA
2222,CCACATTGTTGTAAAC,228159,GCATGACCAAATCCCT
2223,CCACTTGGTACTGAAT,228247,TCCTGTGCAAACCAGC
2224,CCACTTGGTCGAAGTC,228341,TCCTGTGCAACAGAGG
2225,CCACTTGGTGACATAT,228367,TCCTGTGCATGGTGAC
2226,CCACTTGGTGCTTACT,228404,TCCTGTGCACTGGGAT
2227,CCACTTGGTGGATGTC,228412,TCCTGTGCAGCTAGAC
2228,CCAGACTCACAATACT,228699,CATTGACGTTTCTCAT
2229,CCAGACTCACTTCACT,228770,CATTGACGTGCGTACC
2230,CCAGACTCAGCCTTGG,228804,CATTGACGTTAAGGAT
2231,CCAGACTCATCACAGC,228896,CATTGACGTTCCTGGA
2232,CCAGCCTGTAAAGCGG,228971,TTAAAGCCACGGTCAG
2233,CCAGCCTGTAATGACT,228994,TTAAAGCCATCCTCAG
2234,CCAGCCTGTCATGCAA,229082,TTAAAGCCAAGCCTGG
2235,CCAGCCTGTCGCGCAA,229113,TTAAAGCCAGCCGGTA
2236,CCAGCCTGTGTCCAGG,229195,TTAAAGCCAAAGGTAA
2237,CCAGCCTGTTACAAAC,229228,TTAAAGCCATTAGCAG
2238,CCAGCCTGTTAGTACG,229252,TTAAAGCCAACAGGCT
2239,CCAGCCTGTTGTCATC,229309,TTAAAGCCAGCACTAA
2240,CCAGCTAAGAGCCGCT,229382,CGCTAACTCCGCTAGT
2241,CCAGCTAAGCATGTTA,229428,CGCTAACTCAAACTTC
2242,CCAGCTAAGGCGCATC,229566,CGCTAACTCAGGATTA
2243,CCAGCTGCAATTTGGT,229840,ACAACCTGTTTGAGTC
2244,CCAGCTGCAGACAAAC,229928,ACAACCTGTAGTTGGA
2245,CCAGCTGCATGTTTGG,230088,ACAACCTGTTTATCCT
2246,CCAGGAACAATAGCAA,230196,GCGGTAGGTCCTCACT
2247,CCAGGAACATGTTGTG,230471,GCGGTAGGTCGTAATC
2248,CCAGGATGTCGCAATA,230645,GCTTGAACACATTACC
2249,CCAGGATGTTTACCGT,230854,GCTTGAACAGCAAGTC
2250,CCAGTTTGTAGGATTT,230943,GACGGTTCATATTGCC
2251,CCAGTTTGTATTACCC,230957,GACGGTTCACCTTAGT
2252,CCAGTTTGTGTGCACG,231116,GACGGTTCAATACCCT
2253,CCAGTTTGTTAGTGAT,231169,GACGGTTCACTAGCGG
2254,CCAGTTTGTTGGCGTG,231217,GACGGTTCACTAGTCT
2255,CCATAAATCATTTGCT,231382,TGGTCCTAGCTTTAGT
2256,CCATAAATCCCGCATT,231410,TGGTCCTAGTTAGGCG
2257,CCATAAATCCTCCCTC,231466,TGGTCCTAGTGATTCT
2258,CCATAAATCGCAACAT,231508,TGGTCCTAGATTCGTT
2259,CCATAAATCTAAGTCA,231575,TGGTCCTAGCACTAAA
2260,CCATAAGGTACCAGGT,231682,GTCATAGCATAATCGG
2261,CCATAAGGTTTGCAGA,232021,GTCATAGCAAGGAATA
2262,CCATAATCACAATTAC,232150,CGTCCAAGTGGGTGTG
2263,CCATAATCACCTCAGG,232186,CGTCCAAGTGAGTTTC
2264,CCATAATCACTGACCG,232211,CGTCCAAGTGAGTAGC
2265,CCATAGCCAGAATGAC,232609,ATTTGCAGTCTTAGCG
2266,CCATAGCCAGCTACGT,232640,ATTTGCAGTGAAACAT
2267,CCATAGCCAGTAGGAT,232685,ATTTGCAGTGGATGCG
2268,CCATATTTCAGTGAAG,232869,CAGAGGGAGCCAATCC
2269,CCATATTTCATTGACA,232910,CAGAGGGAGTTGCAGG
2270,CCATATTTCTCAATTC,233128,CAGAGGGAGCTTAGGG
2271,CCATCACTCCAAACAC,233302,ACACGCAAGATATTCC
2272,CCATCACTCCCTCACG,233334,ACACGCAAGGCTTATT
2273,CCATCACTCCGTCCAT,233361,ACACGCAAGGCAACAT
2274,CCATCACTCCTACCTA,233373,ACACGCAAGTTACTAC
2275,CCATCACTCCTTCGTA,233401,ACACGCAAGAACCTAA
2276,CCATCACTCTAACCAA,233488,ACACGCAAGGCTTAGG
2277,CCATCATGTAACCTAG,233576,CGTGAGTCAACCTGCC
2278,CCATCATGTACCGAAC,233602,CGTGAGTCACAAAGCC
2279,CCATCATGTGTCCTGC,233796,CGTGAGTCATAGGTGC
2280,CCATCATGTTATCCGT,233856,CGTGAGTCAAAGTCAT
2281,CCATTATTCGTTTCCA,234250,AGTGCGCAGCCGCTAT
2282,CCATTGTGTAACCAGC,234341,GGTCTAACAGGAGCTT
2283,CCATTGTGTAACGGGA,234344,GGTCTAACACTGGCAG
2284,CCATTGTGTCATTACC,234450,GGTCTAACAGTTGGCG
2285,CCATTGTGTCTCAGCC,234489,GGTCTAACAACAAAGA
2286,CCATTGTGTGCATTTC,234523,GGTCTAACACCAGCTC
2287,CCATTGTGTGGGAACA,234549,GGTCTAACAGGATCAC
2288,CCATTGTGTTGGTTAG,234670,GGTCTAACAGCTAGCG
2289,CCCAAACCAACTAACT,234753,GGTTAAGGTTCCCGTT
2290,CCCAAACCAATAACCT,234788,GGTTAAGGTCGAGGCA
2291,CCCAAACCAATATACC,234797,GGTTAAGGTAGGCGCA
2292,CCCAAACCAATTAAGG,234813,GGTTAAGGTTGCAATC
2293,CCCAAACCAATTGAGA,234819,GGTTAAGGTCCTGCAA
2294,CCCAAACCACATTGCA,234851,GGTTAAGGTTAAGTGG
2295,CCCAAACCACCATATG,234857,GGTTAAGGTAATTGGG
2296,CCCAAACCACCCACAG,234858,GGTTAAGGTCGCAACC
2297,CCCAAACCACCTGGTG,234874,GGTTAAGGTTAATCCA
2298,CCCAAATAGCTGCACA,235242,AGGAATCTCGCATTTG
2299,CCCAAATAGGAACACA,235260,AGGAATCTCAGCAATA
2300,CCCAAATAGGAGGTTA,235286,AGGAATCTCTAAATCC
2301,CCCAAATAGGCGTAAA,235321,AGGAATCTCCGGGTTT
2302,CCCAACCGTACGCGCA,235524,TGACATGCACCACAAA
2303,CCCAACCGTATACTGG,235553,TGACATGCACAGCAAC
2304,CCCAACCGTCAATAGT,235576,TGACATGCAGGGAGTA
2305,CCCAACCGTCAATGTG,235577,TGACATGCACCTGTAT
2306,CCCAACCGTCTAGCTT,235636,TGACATGCACGTTACT
2307,CCCAACCGTTCCAGGG,235784,TGACATGCAAGCGCAT
2308,CCCAATTGTCCGCTGT,235991,CTAACGACAGCTCATT
2309,CCCAATTGTCGTAATG,236013,CTAACGACAATGGACC
2310,CCCAATTGTTTCAGGA,236228,CTAACGACATAACCGA
2311,CCCAGCACACAACAGG,236360,GCCCAGTGTATTGCGT
2312,CCCAGCACACAGCCTG,236374,GCCCAGTGTATTGAGG
2313,CCCAGCACACGTGCTG,236416,GCCCAGTGTTACTTCT
2314,CCCAGCACAGGAAGCC,236481,GCCCAGTGTGCGATTT
2315,CCCAGCACATACCCGG,236546,GCCCAGTGTCACCATG
2316,CCCAGCACATGACTAT,236582,GCCCAGTGTTAGCTCG
2317,CCCAGTTTCACAGCCA,236663,TAAATCGAGTAACACA
2318,CCCAGTTTCATTGACA,236742,TAAATCGAGTTGCAGG
2319,CCCAGTTTCCATAAGC,236766,TAAATCGAGGAGCTTG
2320,CCCAGTTTCCTCCCTC,236832,TAAATCGAGTGATTCT
2321,CCCAGTTTCTTGCTAT,237006,TAAATCGAGCCATCAC
2322,CCCATAACATGGCCCA,237360,CCAGGCTGTACTTCGG
2323,CCCGCAACAAGATTCT,237445,GGAGGAAGTTATGGAG
2324,CCCGCAACAATTAAGG,237497,GGAGGAAGTTGCAATC
2325,CCCGCAACAGTTTGTG,237684,GGAGGAAGTGTTACTA
2326,CCCGCTTCAAATATCC,237804,TCAGCATGTTGTGACT
2327,CCCGCTTCACGGTTTA,237949,TCAGCATGTTCGCTTC
2328,CCCGCTTCATTGTGGC,238164,TCAGCATGTGCTTCGA
2329,CCCGTAAAGGATCCGC,238360,ATTAGGATCAGGTCGA
2330,CCCGTAAAGGTGCGGA,238439,ATTAGGATCATGCCTA
2331,CCCGTAAAGTTAACCA,238518,ATTAGGATCGCTATAT
2332,CCCGTTGTCACAGACT,238582,ACAAAGGAGCTTACTG
2333,CCCGTTGTCATTGACA,238662,ACAAAGGAGTTGCAGG
2334,CCCGTTGTCCTAGTAA,238742,ACAAAGGAGTGCTCCG
2335,CCCGTTGTCTAGCTAA,238873,ACAAAGGAGGAGGGTG
2336,CCCTAATGTGATCAGC,239111,GGACAAGCAGCCAAAC
2337,CCCTAATGTTACAACG,239197,GGACAAGCAGATAATC
2338,CCCTAATGTTACCTGT,239200,GGACAAGCATGAATCG
2339,CCCTCACCACAGGAAT,239445,GAGTCAAGTTGTCAGT
2340,CCCTCACCACATTGCA,239453,GAGTCAAGTTAAGTGG
2341,CCCTCACCACCTGTAA,239477,GAGTCAAGTTTATGGC
2342,CCCTCACCAGTTTACG,239599,GAGTCAAGTAGACTAG
2343,CCCTCAGTCACGTTAA,239746,ACATAGCAGCTCCTAA
2344,CCCTCAGTCATAGCCG,239779,ACATAGCAGGAGCAAA
2345,CCCTCAGTCCACCCTG,239828,ACATAGCAGCTCATGC
2346,CCCTCAGTCCAGCACA,239831,ACATAGCAGTAGGTTA
2347,CCCTCAGTCCATAAGC,239836,ACATAGCAGGAGCTTG
2348,CCCTCATAGGAACACA,240246,ACAACGGTCAGCAATA
2349,CCCTCATAGGAGCATA,240268,ACAACGGTCCGTAAGG
2350,CCCTCATAGGCACAGG,240286,ACAACGGTCGCTCAAC
2351,CCCTCATAGTATTGCA,240392,ACAACGGTCCAGCTCG
2352,CCCTCATAGTTTCCGC,240464,ACAACGGTCCCGCACA
2353,CCCTGGACAAATACCT,240489,CCCAAGCGTCAATGAG
2354,CCCTGGACACTAAGTT,240643,CCCAAGCGTTGCTTCC
2355,CCCTTAATCGCTCACT,241498,GTTTACTAGAAACCTA
2356,CCCTTAATCGGTAACT,241510,GTTTACTAGTTACGTT
2357,CCCTTAATCTCGCCCA,241578,GTTTACTAGAAGGAAT
2358,CCGACAGGTACGATTG,241661,TAACCAGCATGCGGAT
2359,CCGACAGGTCTTGCTG,241780,TAACCAGCATGGATAT
2360,CCGACAGGTTCGCGCT,241930,TAACCAGCAATCATGG
2361,CCGACAGGTTGTGACA,241965,TAACCAGCATGGTGCG
2362,CCGATGCAGCATGGTT,242080,GTCGGTTTCATCCTCT
2363,CCGATGCAGGTAAGCA,242257,GTCGGTTTCGTACCTA
2364,CCGATGCAGTCCTTCA,242328,GTCGGTTTCTCAGCTA
2365,CCGATGCAGTGTTGCG,242352,GTCGGTTTCGCTAATT
2366,CCGATGCAGTTAGTGC,242362,GTCGGTTTCGTGCTTA
2367,CCGCAAATCAAAGGCA,242393,GGTGAGGAGGAGCCGT
2368,CCGCAAATCATTACAG,242490,GGTGAGGAGGACCATG
2369,CCGCAAATCATTATGG,242496,GGTGAGGAGTCCTTAG
2370,CCGCAAATCCAACTGG,242508,GGTGAGGAGAACAACC
2371,CCGCAAATCGATTCTT,242626,GGTGAGGAGTGAGCCA
2372,CCGCAAGGTACCGTAA,242808,CCCTAATCAAACTGAT
2373,CCGCAAGGTATTGTCC,242852,CCCTAATCATTAGTGG
2374,CCGCAAGGTCCTTAGT,242907,CCCTAATCACTTAGCT
2375,CCGCAAGGTGACCTGG,242939,CCCTAATCATAGCTTC
2376,CCGCAAGGTTTGCGCC,243145,CCCTAATCATTACAGG
2377,CCGCACACACAACAAA,243265,GAACCGGGTTACGAAG
2378,CCGCACACACAGGGAC,243283,GAACCGGGTAAACCGA
2379,CCGCACACATAAGTTC,243445,GAACCGGGTGGACATA
2380,CCGCACACATCCAGGT,243472,GAACCGGGTGCCTTTC
2381,CCGCACACATTCCTCG,243522,GAACCGGGTTGGTGAA
2382,CCGCCAACAAGACTCC,243582,TATTCAGGTATGGTGA
2383,CCGCCAACAAGGACCA,243593,TATTCAGGTAACCGCC
2384,CCGCCAACACCTACTT,243689,TATTCAGGTAGCGGAT
2385,CCGCTAAAGATGCCTG,243966,GTTCGGTTCCAAATAG
2386,CCGCTAAAGTTGTCTT,244298,GTTCGGTTCAAGGTGT
2387,CCGCTAGCACCACAAC,244444,GAGAGGAGTGTTCCTC
2388,CCGCTAGCAGGACCTT,244543,GAGAGGAGTTGCTCTC
2389,CCGCTAGCAGGATTAA,244546,GAGAGGAGTAGAGGCT
2390,CCGCTAGCAGTAAGTA,244571,GAGAGGAGTGAACCGG
2391,CCGCTTAGTAACGAGG,244699,GATCAATCAGGTCCCT
2392,CCGCTTAGTAATAGCT,244710,GATCAATCATGAGCCG
2393,CCGCTTAGTGTTAAAC,244925,GATCAATCACCGGTAG
2394,CCGCTTAGTTTGAGGC,245060,GATCAATCACCAAAGC
2395,CCGCTTAGTTTGCGCC,245063,GATCAATCATTACAGG
2396,CCGGTAGGTCATGCAA,245186,ATGTGGCCAAGCCTGG
2397,CCGGTAGGTGATTTGG,245254,ATGTGGCCACTAAGGC
2398,CCGGTAGGTTAGGCGT,245352,ATGTGGCCATACTGAG
2399,CCGGTTAAGCAAGGGT,245509,TGAATCTTCAGAAAGG
2400,CCGGTTAAGGGTTATC,245705,TGAATCTTCGTCCTAA
2401,CCGGTTAAGGTTAGCT,245732,TGAATCTTCTAACCAT
2402,CCGTGCTGTAATCGGC,245862,TAGCGGTCAGTTTGCT
2403,CCGTGCTGTACCAGGT,245870,TAGCGGTCATAATCGG
2404,CCGTGCTGTAGTAAGA,245902,TAGCGGTCATGATGGC
2405,CCGTGCTGTCTCACTG,245992,TAGCGGTCAAGGGAGC
2406,CCGTGCTGTGCAACTA,246021,TAGCGGTCAGTATGTG
2407,CCGTGCTGTGCCTCAC,246029,TAGCGGTCAATAGAGA
2408,CCGTTAACAATTTAGC,246325,TACCTAAGTTATATCG
2409,CCGTTAACAGTCTAAT,246492,TACCTAAGTTAGTACC
2410,CCGTTACTCACAAGCT,246632,GGCAATTAGCTAACGG
2411,CCGTTACTCAGCACGC,246660,GGCAATTAGTTATGGA
2412,CCGTTACTCATTACTC,246708,GGCAATTAGGGTTAAC
2413,CCGTTACTCCGCCAAA,246770,GGCAATTAGCCTGGTT
2414,CCGTTACTCTGGCATG,246951,GGCAATTAGTATAGTG
2415,CCGTTATGTGTGAGAG,247217,AGAATCTCACCTCAAT
2416,CCGTTATGTTCATCTA,247286,AGAATCTCAGGTAAGG
2417,CCGTTGCGTAGGATTT,247429,TGTTCACCATATTGCC
2418,CCGTTGCGTCAGGAAG,247473,TGTTCACCAGGTATTG
2419,CCGTTGCGTCCTAAGA,247500,TGTTCACCAGCTACCC
2420,CCGTTGCGTGAGCAAG,247540,TGTTCACCATCTATGC
2421,CCGTTTGGTAACGGGA,247762,CGAGGAACACTGGCAG
2422,CCGTTTGGTATTGGAT,247830,CGAGGAACATTACTGC
2423,CCGTTTGGTCAAGTGC,247842,CGAGGAACATCCGCTA
2424,CCGTTTGGTCATCAAG,247862,CGAGGAACAGCTCAAA
2425,CCGTTTGGTCGAAGTC,247891,CGAGGAACAACAGAGG
2426,CCGTTTGGTCGCAAAC,247894,CGAGGAACAGGATAAA
2427,CCGTTTGGTTTAACGG,248103,CGAGGAACATTTGTCA
2428,CCTAAAGGTATTTGCC,248216,ATACTGGCACCTAACT
2429,CCTAAAGGTGATGAGG,248312,ATACTGGCAGTTAAAC
2430,CCTAAAGGTTGAGCCG,248451,ATACTGGCAGCAAATT
2431,CCTAAAGGTTGCTGGG,248462,ATACTGGCACTCAGTT
2432,CCTAAATCAAACTCAT,248525,TCGCTAGGTCAGTGCC
2433,CCTAAATCACTTACAG,248700,TCGCTAGGTGACCTTG
2434,CCTAAATCAGCACCAT,248723,TCGCTAGGTTGACTAC
2435,CCTAAATCAGGCGAGT,248763,TCGCTAGGTAACCTAC
2436,CCTAAGCCAAGGTGGC,248965,CGGAACGGTGCTAGCC
2437,CCTAAGCCAATACTGT,248977,CGGAACGGTTGTAACC
2438,CCTAAGCCAATTGAGA,249003,CGGAACGGTCCTGCAA
2439,CCTAAGCCAGATAGAC,249098,CGGAACGGTTAAAGGT
2440,CCTAAGCCAGCGCTTG,249121,CGGAACGGTGGACAAC
2441,CCTAAGCCATCATGTG,249217,CGGAACGGTCCCGGAT
2442,CCTAAGGTCATAGCCG,249361,CTAATGAAGGAGCAAA
2443,CCTAAGGTCCAATAGC,249407,CTAATGAAGCATGTTT
2444,CCTAAGGTCGTTTCGC,249585,CTAATGAAGCACTTGC
2445,CCTAAGTAGCAAGATG,249721,CCCGCAATCACACAAA
2446,CCTAAGTAGCGTGCAC,249790,CCCGCAATCCAATACT
2447,CCTAAGTAGGATCACT,249859,CCCGCAATCATTATGC
2448,CCTAATAAGCACTAAC,250116,GATTCTGTCGCGAGGT
2449,CCTAATAAGGAACCAA,250213,GATTCTGTCAAGGTTA
2450,CCTAATAAGGACAATG,250222,GATTCTGTCGAGGAGG
2451,CCTAATAAGTCAGGCC,250368,GATTCTGTCAAGGTCG
2452,CCTAATCGTAATGGCC,250464,GGCATGTCACTCCCTT
2453,CCTAATCGTGTGAGGA,250666,GGCATGTCAAGGACGA
2454,CCTAATCGTTTGCGAA,250808,GGCATGTCACCTGGCT
2455,CCTACTGGTATTGGAT,250896,TCCGGCTCATTACTGC
2456,CCTACTGGTGAGCGAA,250990,TCCGGCTCAAGTGGCT
2457,CCTACTGGTTCATTTG,251117,TCCGGCTCAAGGCTTA
2458,CCTACTTCACCTATAG,251352,CAAACCTGTAACGAGC
2459,CCTACTTCACTAAGCC,251372,CAAACCTGTTAGGCGG
2460,CCTAGTTGTAGTTACG,251651,CTACGGGCATTGAGAT
2461,CCTATAGCAATAAGCA,252040,CAAAGGCGTTAACGGA
2462,CCTATAGCACCGTTCC,252113,CAAAGGCGTTAGTGCT
2463,CCTATAGCAGTACCGT,252233,CAAAGGCGTATAGCTC
2464,CCTATATTCAAACTCA,252354,GGTAACTAGTAACGTA
2465,CCTATATTCATGCGTG,252441,GGTAACTAGCTAATCT
2466,CCTATATTCGTCCTTA,252637,GGTAACTAGCGGGAAG
2467,CCTATATTCGTTTCGC,252651,GGTAACTAGCACTTGC
2468,CCTATTGTCCGGAACC,252904,TCATTACAGGATTTGA
2469,CCTATTTAGCTCCTAC,253256,CAATGTTTCTTAGCCA
2470,CCTATTTAGGCATTGT,253323,CAATGTTTCCTTCGGG
2471,CCTATTTAGGTTTGAC,253398,CAATGTTTCGATTAAG
2472,CCTATTTAGTCGCTAG,253445,CAATGTTTCCATCAGC
2473,CCTATTTAGTGAGGTA,253459,CAATGTTTCAGGATCG
2474,CCTATTTAGTGTTGTA,253467,CAATGTTTCCAAACCC
2475,CCTCAAACAACTGGGA,253545,CGCTTAGGTGCTCATG
2476,CCTCAAACAATTGAAG,253603,CGCTTAGGTAGTCCTG
2477,CCTCAAACAGTATGTT,253773,CGCTTAGGTGCAGTAA
2478,CCTCAAACAGTCTAAT,253774,CGCTTAGGTTAGTACC
2479,CCTCAATGTCGAAGTC,254025,CAACAGCCAACAGAGG
2480,CCTCAATGTTAGGCTA,254167,CAACAGCCATTACCCG
2481,CCTCAATGTTTGTTGC,254268,CAACAGCCAGCTCGCT
2482,CCTCAGTTCCAAACAC,254386,GGGCCATAGATATTCC
2483,CCTCAGTTCCCTTGCG,254428,GGGCCATAGCTTGTTG
2484,CCTCAGTTCCTGATTT,254474,GGGCCATAGCACAGCA
2485,CCTCAGTTCGTTTCCA,254568,GGGCCATAGCCGCTAT
2486,CCTCAGTTCTCTAGCC,254610,GGGCCATAGATTCCTG
2487,CCTCAGTTCTTCAATC,254634,GGGCCATAGAAGCTAC
2488,CCTCAGTTCTTTGTAC,254652,GGGCCATAGGTGGAAA
2489,CCTCCTCTCATTAGTG,254759,ATCGCGAAGAAATGCC
2490,CCTCCTCTCCATCAGG,254788,ATCGCGAAGGCTAAAC
2491,CCTCCTCTCCTGGTGA,254862,ATCGCGAAGACACGCA
2492,CCTCCTCTCGTTAGTA,254948,ATCGCGAAGATTAGGC
2493,CCTCCTGAGATAAAGC,255076,CGCTTAATCATGGTTT
2494,CCTCCTGAGCACAGGG,255096,CGCTTAATCCAATTGT
2495,CCTCCTGAGGCATGTT,255239,CGCTTAATCACCTATG
2496,CCTCCTGAGGCCTGGT,255247,CGCTTAATCCTTGCAA
2497,CCTCCTGAGTAAAGGT,255319,CGCTTAATCTAAGCGG
2498,CCTGAATAGAATCTCA,255430,CGGTGAATCTTAGGTT
2499,CCTGAATAGCAAGGTA,255476,CGGTGAATCAGCGGGT
2500,CCTGAATAGCCACAAT,255503,CGGTGAATCGATCCGT
2501,CCTGAATAGGCTATGT,255647,CGGTGAATCAAGGAAG
2502,CCTGAATAGGTTACAC,255695,CGGTGAATCCTCTCGC
2503,CCTGAATAGTTAGGCT,255777,CGGTGAATCAAACTGA
2504,CCTGAATAGTTAGTTG,255779,CGGTGAATCTACCTGA
2505,CCTGACTTCAATTACG,255830,GCAGCACAGGACAACT
2506,CCTGACTTCGATCAGT,256040,GCAGCACAGAACCTTT
2507,CCTGACTTCGGCTATG,256071,GCAGCACAGTGGCTTC
2508,CCTGACTTCTAACTGA,256110,GCAGCACAGCGTATTT
2509,CCTGACTTCTGCAACG,256148,GCAGCACAGCCTTGCG
2510,CCTGAGTCACAATGCC,256304,AGCATGAGTCCAATTA
2511,CCTGAGTCACTCAACA,256365,AGCATGAGTTAACCAC
2512,CCTGAGTCACTTACAG,256372,AGCATGAGTGACCTTG
2513,CCTGAGTCAGCAGGTA,256398,AGCATGAGTACCGTTG
2514,CCTGAGTCAGGAACCA,256419,AGCATGAGTTATGTTG
2515,CCTGAGTCAGGAATCG,256422,AGCATGAGTATCCGTG
2516,CCTGAGTCAGTAAAGC,256452,AGCATGAGTTTACTAG
2517,CCTGAGTCATTAAAGG,256544,AGCATGAGTCATTACA
2518,CCTGATGAGCCTAACG,256665,GCCAGTTTCGTCCTTT
2519,CCTGATGAGGACAATG,256742,GCCAGTTTCGAGGAGG
2520,CCTGATGAGGCGAAAC,256785,GCCAGTTTCACGCCCA
2521,CCTGATGAGTCCTGAG,256895,GCCAGTTTCAAACATG
2522,CCTGCTCCAAATACCT,256975,TAAACCCGTCAATGAG
2523,CCTGCTCCAAGGTGGC,257021,TAAACCCGTGCTAGCC
2524,CCTGCTCCACAAAGGT,257066,TAAACCCGTCACACCA
2525,CCTGCTCCACACCAAC,257076,TAAACCCGTCATAGAG
2526,CCTGCTCCAGGAAGCC,257189,TAAACCCGTGCGATTT
2527,CCTGCTCCAGGCTAAG,257205,TAAACCCGTGGTTAGA
2528,CCTGCTCCAGTTATCG,257234,TAAACCCGTTTATTCC
2529,CCTGGATCAAAGCTCC,257356,GCTAGTTGTCATGATC
2530,CCTGGATCACATTAAC,257474,GCTAGTTGTTCACGCA
2531,CCTGGATCATATAACC,257649,GCTAGTTGTTAGGCTT
2532,CCTGGTAAGCTTAACA,257873,GCATTCATCCGTTAGC
2533,CCTGGTAAGGACCTTG,257900,GCATTCATCCACTAAT
2534,CCTGTAACAAGCTTAT,258160,GTTAGGAGTCCTAACG
2535,CCTGTAACACACCAAC,258228,GTTAGGAGTCATAGAG
2536,CCTGTAACACATTGCA,258243,GTTAGGAGTTAAGTGG
2537,CCTGTAACAGAGGGAG,258305,GTTAGGAGTGCAACAA
2538,CCTGTAACATTAGGCC,258469,GTTAGGAGTGTCCGGT
2539,CCTGTATGTACCAGGT,258524,GGTGTCGCATAATCGG
2540,CCTGTATGTCCTGATT,258626,GGTGTCGCAGACCATA
2541,CCTGTATGTTACTTCA,258760,GGTGTCGCATAAACCG
2542,CCTGTTGGTACGGTAC,258916,GTTTGAGCATAAAGGA
2543,CCTGTTGGTCACGGAT,258975,GTTTGAGCATTGACTC
2544,CCTGTTGGTCTATCGT,259027,GTTTGAGCAGTGAACC
2545,CCTGTTGGTGCATTTC,259063,GTTTGAGCACCAGCTC
2546,CCTGTTGGTGCGCGTA,259068,GTTTGAGCAAGTGCCG
2547,CCTGTTGGTGCTCACC,259071,GTTTGAGCAAATAGCT
2548,CCTGTTGGTTGGTTCT,259211,GTTTGAGCACAAGGCT
2549,CCTTAACGTACTAAAC,259300,GTTCAAGCAGTAGCTA
2550,CCTTAACGTGTAACCA,259479,GTTCAAGCATAGCATG
2551,CCTTAACGTTATCCGT,259544,GTTCAAGCAAAGTCAT
2552,CCTTACTCAAACCTAT,259642,TCTATCTGTGCGCGAA
2553,CCTTACTCACCGGTAT,259784,TCTATCTGTCTTGAAC
2554,CCTTACTCAGCTTAAT,259865,TCTATCTGTGGTGAAC
2555,CCTTACTCATAAGTTC,259929,TCTATCTGTGGACATA
2556,CCTTACTCATCATGGC,259954,TCTATCTGTCCTAAGT
2557,CCTTACTCATCCTGAA,259962,TCTATCTGTCAGTGAA
2558,CCTTACTCATGGCCTG,259983,TCTATCTGTTCCGGAC
2559,CCTTAGTGTCATAGAT,260131,TGTGGACCACCATGCC
2560,CCTTAGTGTTAGGTTG,260305,TGTGGACCATTAACCC
2561,CCTTAGTGTTTATCTG,260381,TGTGGACCATAATGGT
2562,CCTTATGTCATTAGTG,260511,CAAATCAAGAAATGCC
2563,CCTTATGTCCTACCTA,260593,CAAATCAAGTTACTAC
2564,CCTTCAATCATAACCA,260859,CCTAAGGAGGCTTTCA
2565,CCTTCAATCATCAGTA,260867,CCTAAGGAGCTTAGCC
2566,CCTTCAATCATTACAG,260890,CCTAAGGAGGACCATG
2567,CCTTCAATCGCTATAA,261046,CCTAAGGAGGATTGAC
2568,CCTTCAATCTCACTCA,261121,CCTAAGGAGCCTTTCT
2569,CCTTCAGGTACCCACC,261205,TTAAGCGCACCTTCTC
2570,CCTTCAGGTCACAAAT,261266,TTAAGCGCAGGAGGAC
2571,CCTTCAGGTCATGAGC,261285,TTAAGCGCAAGGCCTG
2572,CCTTCAGGTTTGTGGA,261553,TTAAGCGCAACCCTTG
2573,CCTTCGGTCTTGGACG,261929,TAGATGCAGAATCACA
2574,CCTTCGTAGAGGCTAA,261976,TCAAAGATCTGTTGCA
2575,CCTTCGTAGCCAAATC,262020,TCAAAGATCGGTACGA
2576,CCTTCGTAGGCAAGTA,262136,TCAAAGATCTTGAATC
2577,CCTTCGTAGGCGCATC,262154,TCAAAGATCAGGATTA
2578,CCTTCGTAGTAAGGGC,262229,TCAAAGATCGGTTACC
2579,CCTTGCGTCACGTTAA,262366,TACTGAAAGCTCCTAA
2580,CCTTGCGTCCTAAGAC,262505,TACTGAAAGTCAATAG
2581,CCTTGCGTCCTAGTTT,262514,TACTGAAAGGTCCGTT
2582,CCTTGCGTCGGTTTCC,262602,TACTGAAAGTTTCTCC
2583,CCTTGTTCAACAACAA,262730,CTAAACCGTTCAATTG
2584,CCTTGTTCATGAAATG,263036,CTAAACCGTACTGACT
2585,CCTTTAGTCAAGCTTA,263103,AATACTGAGCAGCCAA
2586,CCTTTAGTCATTGCAA,263201,AATACTGAGGTTATAG
2587,CCTTTAGTCCGTCCAT,263267,AATACTGAGGCAACAT
2588,CCTTTAGTCCGTTATT,263270,AATACTGAGTGCTGAG
2589,CCTTTAGTCCTAAGGT,263274,AATACTGAGGCTTCAC
2590,CGAAATGAGCACAGAA,263532,CAAACAATCTTAAGGA
2591,CGAAATGAGGACTTAC,263653,CAAACAATCGCCTGTG
2592,CGAAATGAGGATCCGC,263666,CAAACAATCAGGTCGA
2593,CGAACAAAGACAACAG,263872,AAACGGTTCAACAACA
2594,CGAACAAAGCACCACA,263919,AAACGGTTCTAACTGT
2595,CGAACAAAGGCAACAA,264055,AAACGGTTCAGGACCA
2596,CGAACCGGTCACAAAT,264336,GATTGGCCAGGAGGAC
2597,CGAACCGGTGCATTTC,264431,GATTGGCCACCAGCTC
2598,CGAAGAATCAGGTTTA,264691,ACGTTAAAGTGCACCT
2599,CGAAGAATCCATAAGC,264758,ACGTTAAAGGAGCTTG
2600,CGAAGAATCCGCAAGC,264787,ACGTTAAAGATTCCGC
2601,CGAAGCCTCACTTCAT,265058,GAGCTTGAGTGTCCAC
2602,CGAAGCCTCCTGCGAA,265215,GAGCTTGAGCGGGACT
2603,CGAAGCGAGACAAAGT,265405,CCTTACTTCTAAGCAA
2604,CGAAGCGAGCCACAAT,265475,CCTTACTTCGATCCGT
2605,CGAAGCGAGGGTTATC,265643,CCTTACTTCGTCCTAA
2606,CGAAGGCCAGGTATTT,266033,GGGTGTGGTTACGCCA
2607,CGAAGGCCATAATCAC,266068,GGGTGTGGTAGGAGGA
2608,CGAAGGCCATACCCGG,266074,GGGTGTGGTCACCATG
2609,CGAAGGCCATATAACC,266085,GGGTGTGGTTAGGCTT
2610,CGAAGGCCATATTGAC,266086,GGGTGTGGTGCCGGAA
2611,CGAAGGCCATCTAGCA,266104,GGGTGTGGTTTAACCA
2612,CGAAGTAAGATTGAGG,266208,GATTGTTTCAAGCCAG
2613,CGAAGTAAGGCATTAC,266364,GATTGTTTCAAAGGGA
2614,CGAAGTAAGGTCATTA,266419,GATTGTTTCATTGAGA
2615,CGAAGTAAGTAGCGCC,266459,GATTGTTTCTGTCAGC
2616,CGAATATGTAAGCTTG,266559,AAAGGTACACCTAAAG
2617,CGAATATGTCAGTAAT,266650,AAAGGTACAACCAAAT
2618,CGAATCTAGCTCAATA,267061,CACCTAATCATGGTCC
2619,CGAATCTAGCTGTAAC,267072,CACCTAATCTCGACTA
2620,CGACAAGCAGCAGGTA,267520,TCAGTTAGTACCGTTG
2621,CGACAAGCATGAGTTT,267646,TCAGTTAGTCACAGGG
2622,CGACAAGCATTATGAC,267674,TCAGTTAGTTGGGTAA
2623,CGACAAGCATTGTGAT,267688,TCAGTTAGTGTAATGG
2624,CGACCTGCACATTAAC,267828,TTCTATCGTTCACGCA
2625,CGACCTGCAGGCCAAA,267938,TTCTATCGTTGAGGTA
2626,CGACTAAGTCACAGCG,268175,CTATGCTCACGCAATA
2627,CGACTAAGTGATCATG,268254,CTATGCTCATGCCTCA
2628,CGACTAAGTGGGAACA,268293,CTATGCTCAGGATCAC
2629,CGACTAAGTGGTTCTT,268300,CTATGCTCAGAAACCC
2630,CGACTAAGTTAACAGT,268326,CTATGCTCACGGATTA
2631,CGACTAAGTTTGAGGC,268448,CTATGCTCACCAAAGC
2632,CGAGCGAAGCACAGAA,268518,ATAGGCGTCTTAAGGA
2633,CGAGCTGGTAGCCATA,268895,GTGAGAGCAGGTAACC
2634,CGAGCTGGTGCTAGAC,269039,GTGAGAGCAGTAATCG
2635,CGAGCTGGTGCTTACT,269046,GTGAGAGCACTGGGAT
2636,CGAGCTGGTTCAAGCA,269138,GTGAGAGCAAGCCTCC
2637,CGAGGAAGTAATCGCA,269249,TAGCCTTCAACGGGAA
2638,CGAGGAAGTTGTTCAC,269571,TAGCCTTCAAATAAGG
2639,CGAGGAAGTTTGCAGA,269597,TAGCCTTCAAGGAATA
2640,CGAGGCAAGATAACCC,269649,AACTAAGTCATTTAGC
2641,CGAGGCAAGGACCTGC,269783,AACTAAGTCGGTTAGG
2642,CGAGGCAAGGTCCTAG,269871,AACTAAGTCCTCAAGC
2643,CGAGGCAAGGTGAAGC,269877,AACTAAGTCATAGCCC
2644,CGAGGCAAGTCTTGAA,269939,AACTAAGTCAGCTACC
2645,CGAGGTGAGAGAGCCG,270020,AACCAGGTCTAGGAAC
2646,CGAGGTGAGCCAGGTC,270077,AACCAGGTCAGTCTAT
2647,CGAGGTGAGCCAGTAT,270078,AACCAGGTCCCGGAAA
2648,CGAGGTGAGGAATAAC,270160,AACCAGGTCTAGTTGT
2649,CGAGGTGAGTAACAGG,270276,AACCAGGTCGCTTCAA
2650,CGAGGTGAGTCATTAG,270312,AACCAGGTCATTAAGG
2651,CGAGGTGAGTTAGACC,270345,AACCAGGTCCCGGATT
2652,CGAGGTGAGTTTCCTG,270371,AACCAGGTCACGGATG
2653,CGAGTCGGTAGGATTT,270435,GCTTTGTCATATTGCC
2654,CGAGTCGGTTTGTCTA,270756,GCTTTGTCAGGTTGTA
2655,CGATATTCAAGTGAAC,270826,GTACTTAGTGAGGACT
2656,CGATATTCACAGACTC,270882,GTACTTAGTACCGGCT
2657,CGATATTCAGGTTTGC,271021,GTACTTAGTTCCAGAT
2658,CGATATTCATAAGTTC,271049,GTACTTAGTGGACATA
2659,CGATATTCATGCAACC,271096,GTACTTAGTTGGGCCT
2660,CGATCCTTCCTGATGG,271347,GTCAATAAGTAGTTAG
2661,CGATCCTTCCTGGTGA,271352,GTCAATAAGACACGCA
2662,CGATCCTTCTGGCAAT,271488,GTCAATAAGGGTGGGA
2663,CGATCCTTCTTTAAGG,271522,GTCAATAAGTTTGTCG
2664,CGATGTCCAAGACTCC,271570,GGTCCGTGTATGGTGA
2665,CGATGTCCAATAACCT,271598,GGTCCGTGTCGAGGCA
2666,CGATGTCCACAATTAC,271644,GGTCCGTGTGGGTGTG
2667,CGATGTCCACCCACCT,271669,GGTCCGTGTCCAGCAC
2668,CGATGTCCAGATTCAT,271725,GGTCCGTGTTATTTGG
2669,CGATGTCCAGTTATCG,271804,GGTCCGTGTTTATTCC
2670,CGATTATCAACGTGCT,271946,CCTGGACGTTCTCACC
2671,CGATTATCAACTAGCC,271949,CCTGGACGTTGTTGTA
2672,CGATTATCAATGAGGT,272002,CCTGGACGTCGCAATT
2673,CGATTATCACACTAAT,272031,CCTGGACGTTCACCTC
2674,CGATTATCAGAAATTG,272101,CCTGGACGTTTAGCGT
2675,CGATTATCATGGTTAT,272256,CCTGGACGTCATTATG
2676,CGATTATCATTATGGT,272276,CCTGGACGTACTTACA
2677,CGATTCCTCGCTTCTA,272556,GCTCGTTAGGATTGGT
2678,CGATTCCTCTGTGCCT,272648,GCTCGTTAGAGGCTTG
2679,CGATTCCTCTTTAAGG,272674,GCTCGTTAGTTTGTCG
2680,CGATTGAGTTTGGTTC,273057,GCCAATACACATGCAA
2681,CGATTTGCAACATAAG,273090,CCAATTAGTAACGATG
2682,CGATTTGCAACTAACT,273097,CCAATTAGTTCCCGTT
2683,CGATTTGCATCCATCT,273379,CCAATTAGTCACTCAG
2684,CGATTTGCATGCTATG,273400,CCAATTAGTCACCAGC
2685,CGATTTGCATTGTGGC,273440,CCAATTAGTGCTTCGA
2686,CGCAAATTCAAGCGCC,273455,TTCTGGCAGCCTGTCG
2687,CGCAAATTCATGCTTT,273538,TTCTGGCAGTGAGGCC
2688,CGCAAATTCCATAATG,273579,TTCTGGCAGGGTTGGC
2689,CGCAAATTCTTGACCC,273811,TTCTGGCAGGAGCAGG
2690,CGCAATAGTAAGGTTT,273845,GGTACCGCAAGGTGGA
2691,CGCAATAGTCAACAAT,273915,GGTACCGCACTAAGCA
2692,CGCAATAGTCACCTAT,273927,GGTACCGCATCAGGAC
2693,CGCAATAGTCTTTGAC,273988,GGTACCGCAGTGTGCG
2694,CGCAATAGTGACATAT,273993,GGTACCGCATGGTGAC
2695,CGCAATAGTGCCTCAC,274019,GGTACCGCAATAGAGA
2696,CGCAATAGTTGTAACG,274168,GGTACCGCAGGTTATG
2697,CGCAATCCAAACATAG,274212,CTCCTTAGTTGTTCTT
2698,CGCAATCCAAGGTGGC,274275,CTCCTTAGTGCTAGCC
2699,CGCAATCCAATATACC,274291,CTCCTTAGTAGGCGCA
2700,CGCAATCCACTAGCGT,274384,CTCCTTAGTGCTCACA
2701,CGCAATCCAGCAAGAT,274413,CTCCTTAGTTTACTGA
2702,CGCAATGTCAGCAAGA,274648,TGATTGAAGTATTGCT
2703,CGCAATGTCCCGCATT,274738,TGATTGAAGTTAGGCG
2704,CGCAATGTCCTAATAG,274780,TGATTGAAGGTCACGA
2705,CGCAATGTCGCAAACT,274835,TGATTGAAGTTAGCTT
2706,CGCAATGTCGTCATTT,274880,TGATTGAAGTCTTGAT
2707,CGCAATTAGGGTGAGT,275226,TTTGCTCTCACATAGA
2708,CGCAATTAGTCCTGAG,275301,TTTGCTCTCAAACATG
2709,CGCACAATCAACCAAC,275370,CGTCACTAGTCTTGCA
2710,CGCACAATCACATTGA,275396,CGTCACTAGAGAGCAA
2711,CGCACAATCATGTCAA,275461,CGTCACTAGTGCTCAC
2712,CGCACAATCCCGAAGC,275504,CGTCACTAGGTGGATT
2713,CGCACAATCCTACCTA,275551,CGTCACTAGTTACTAC
2714,CGCACAATCCTGGTGA,275572,CGTCACTAGACACGCA
2715,CGCACAATCTACCTGC,275679,CGTCACTAGCATCTAT
2716,CGCACACAGCATGAAG,275819,AGTCATTTCAGTGAAC
2717,CGCACACAGCGGTTAT,275867,AGTCATTTCGCGAAGC
2718,CGCACACAGGTCCTAG,276009,AGTCATTTCCTCAAGC
2719,CGCACACAGTAACCCG,276032,AGTCATTTCCGTAATT
2720,CGCACACAGTCTCACC,276075,AGTCATTTCGCGCAAA
2721,CGCACCACAATCCTGA,276217,TCAAACCGTAGACAAT
2722,CGCACCACACAAACTT,276237,TCAAACCGTCAATACC
2723,CGCACCACACAAGCCT,276244,TCAAACCGTTCATTGA
2724,CGCACCACAGGTTATT,276391,TCAAACCGTTTGGTGT
2725,CGCACCACATTCCTCG,276498,TCAAACCGTTGGTGAA
2726,CGCATATAGCACAGAA,276572,ACAAGTATCTTAAGGA
2727,CGCATGATCACTCAAA,276946,GCCACTTAGGTGCGTA
2728,CGCATTACAAACTGTT,277293,GTTCTTTGTTTGTTGA
2729,CGCATTACACCTGCTC,277439,GTTCTTTGTACACCGC
2730,CGCATTACAGCATTAT,277496,GTTCTTTGTTGAGGGT
2731,CGCATTACAGGTATTT,277539,GTTCTTTGTTACGCCA
2732,CGCATTACATTGCAGC,277653,GTTCTTTGTTGGTTTA
2733,CGCATTTGTAAGGTCC,277682,ATCACAGCAATTTGGG
2734,CGCATTTGTCTCACTG,277820,ATCACAGCAAGGGAGC
2735,CGCATTTGTTTCCGGC,278030,ATCACAGCACCGTTCA
2736,CGCCAAATCTCACTAT,278380,TCCCATAAGGGAGCAG
2737,CGCCACACAATTGAAG,278533,ATAAGGTGTAGTCCTG
2738,CGCCACACACTAAGAA,278603,ATAAGGTGTGTCACGC
2739,CGCCACACATAAACCT,278717,ATAAGGTGTGCACCAC
2740,CGCCACACATGGCCCA,278776,ATAAGGTGTACTTCGG
2741,CGCCACACATTATGGT,278798,ATAAGGTGTACTTACA
2742,CGCCTCATCACGCATG,278857,CGGTCAAAGTTACCCA
2743,CGCCTCATCCGTTAAA,278995,CGGTCAAAGTAACCGG
2744,CGCCTCATCGTTAGCG,279111,CGGTCAAAGATGAAGG
2745,CGCCTCATCTAATTGG,279130,CGGTCAAAGCTATCGC
2746,CGCCTCATCTCATCAT,279150,CGGTCAAAGTCAATTC
2747,CGCCTGTGTCAATGTG,279293,ACAACATCACCTGTAT
2748,CGCCTGTGTGATGAGG,279378,ACAACATCAGTTAAAC
2749,CGCCTGTGTGGTTAGC,279419,ACAACATCAACCGTTT
2750,CGCCTGTGTTCACTGT,279497,ACAACATCAATAGCCA
2751,CGCCTGTGTTCCTCCT,279505,ACAACATCACGTAGGT
2752,CGCGATTCAATCTCTC,279671,AGCTGTTGTGAGGGTT
2753,CGCGATTCAGTATGTT,279853,AGCTGTTGTGCAGTAA
2754,CGCGGATTCAAGGACA,279980,AAAGGCAAGTTTCACG
2755,CGCGGATTCAGAAACG,280018,AAAGGCAAGGCAATGT
2756,CGCGGATTCAGCTAAC,280025,AAAGGCAAGTATAGCA
2757,CGCGGATTCATTGCAA,280077,AAAGGCAAGGTTATAG
2758,CGCGGATTCCCTCTAA,280120,AAAGGCAAGTCCCTGG
2759,CGCGGATTCCCTGGAA,280123,AAAGGCAAGTGGCGTA
2760,CGCGGATTCCGTAAAC,280142,AAAGGCAAGCGCTCCA
2761,CGCGGATTCCTGAGTG,280170,AAAGGCAAGGGTTATA
2762,CGCGGATTCGCAACAT,280208,AAAGGCAAGATTCGTT
2763,CGCGGATTCTCGCCCA,280306,AAAGGCAAGAAGGAAT
2764,CGCTAACCAAGCTACC,280401,TCCTTTGGTGGCTTCA
2765,CGCTAACCAATAGCAA,280428,TCCTTTGGTCCTCACT
2766,CGCTAACCAGTAAGTA,280615,TCCTTTGGTGAACCGG
2767,CGCTAACCAGTAGGTG,280620,TCCTTTGGTACCTTAA
2768,CGCTAACCATCACAGC,280662,TCCTTTGGTTCCTGGA
2769,CGCTAATAGCATGACT,280808,TTGTGGCTCGTGCTGT
2770,CGCTAATAGCTAAGTC,280859,TTGTGGCTCTGGCTGT
2771,CGCTAATAGGCTTAAC,280966,TTGTGGCTCAATAACG
2772,CGCTAATAGGTCCTAG,280997,TTGTGGCTCCTCAAGC
2773,CGCTAATAGTAAAGGT,281017,TTGTGGCTCTAAGCGG
2774,CGCTACTTCACATTGA,281152,ACCTCTAAGAGAGCAA
2775,CGCTACTTCAGTGAAG,281187,ACCTCTAAGCCAATCC
2776,CGCTACTTCTACCTGC,281435,ACCTCTAAGCATCTAT
2777,CGCTATGAGGATCACT,281693,TCAGGCTTCATTATGC
2778,CGCTATGAGTCACGAT,281815,TCAGGCTTCGTTAGTT
2779,CGCTCAGCAAGCTTAT,281938,TTGATCAGTCCTAACG
2780,CGCTCAGCAATAATCC,281961,TTGATCAGTAGGTTCT
2781,CGCTCAGCAGTCTATG,282160,TTGATCAGTTGACCAT
2782,CGCTCAGCATTGTGTG,282267,TTGATCAGTTAAAGCG
2783,CGCTCCATCATTAGTG,282377,GGAGCGAAGAAATGCC
2784,CGCTCCATCATTGACA,282380,GGAGCGAAGTTGCAGG
2785,CGCTCCATCCAACTGG,282390,GGAGCGAAGAACAACC
2786,CGCTCCATCCACAATA,282395,GGAGCGAAGGCGTAAT
2787,CGCTCCATCTAGCGTG,282590,GGAGCGAAGCGCAACA
2788,CGCTGTGCACTAGCGT,282828,CAACAAGGTGCTCACA
2789,CGCTGTGCAGAAACGT,282843,CAACAAGGTGCACGCT
2790,CGCTGTGCATTGCGGT,283027,CAACAAGGTCATTGAC
2791,CGCTTAACAATTATGC,283138,TAACCTAGTTGTCATA
2792,CGCTTAACACAATTAC,283156,TAACCTAGTGGGTGTG
2793,CGCTTAACAGTTTACG,283319,TAACCTAGTAGACTAG
2794,CGCTTAACATTGTCCT,283415,TAACCTAGTCCTTAGG
2795,CGCTTACTCCAAGTTA,283544,GGAATCTAGCTAATAG
2796,CGCTTACTCGTTAAGC,283714,GGAATCTAGCAAATCA
2797,CGCTTACTCTAGCTAA,283743,GGAATCTAGGAGGGTG
2798,CGCTTCTAGACACCGC,283823,TGACGGATCAGGAGGG
2799,CGCTTCTAGACAGGTA,283826,TGACGGATCATCAGCC
2800,CGCTTCTAGGCGGATG,284025,TGACGGATCTAACTAC
2801,CGCTTCTAGGCTATGT,284033,TGACGGATCAAGGAAG
2802,CGCTTCTAGTTAGACC,284159,TGACGGATCCCGGATT
2803,CGCTTCTAGTTATTCC,284170,TGACGGATCATGAAGC
2804,CGCTTCTAGTTTGTCT,284190,TGACGGATCCTCATGA
2805,CGCTTGCGTCACCTAT,284289,CGGCCTTCATCAGGAC
2806,CGCTTGCGTCCAAGAC,284311,CGGCCTTCACTAGTAG
2807,CGCTTGCGTCCGTAGG,284317,CGGCCTTCATCAGGTA
2808,CGCTTGCGTTGGCGTG,284523,CGGCCTTCACTAGTCT
2809,CGGAATCGTAAGCTCA,284586,CCCTGGTCATAGCGAC
2810,CGGAATCGTCCCGAAG,284695,CCCTGGTCATAGTCAG
2811,CGGAATCGTTATGTGG,284863,CCCTGGTCATCCTGTG
2812,CGGACAACAACCCTAA,284985,TCAGGAAGTTCCGGGT
2813,CGGACAACAAGGTAAC,285013,TCAGGAAGTTAGCTAC
2814,CGGACAACACTATGGC,285130,TCAGGAAGTACTAGGA
2815,CGGACAACAGCCAGAA,285169,TCAGGAAGTGGTTCTG
2816,CGGACAACAGGAACCA,285185,TCAGGAAGTTATGTTG
2817,CGGACCTAGCATTTCT,285419,TTAGGCCTCCAAATTC
2818,CGGACCTAGTATGTGC,285643,TTAGGCCTCCGGTACT
2819,CGGACCTAGTGTGATC,285685,TTAGGCCTCGCTTTAG
2820,CGGACCTAGTTTCCTG,285717,TTAGGCCTCACGGATG
2821,CGGACCTAGTTTGGTA,285721,TTAGGCCTCGCTTCGG
2822,CGGAGCAAGCACTAAC,285786,ATTGTGTTCGCGAGGT
2823,CGGAGCAAGCTAATTG,285849,ATTGTGTTCCTAGTGC
2824,CGGAGCAAGGTGCGGA,285993,ATTGTGTTCATGCCTA
2825,CGGAGCAAGTAAGTCC,286014,ATTGTGTTCCTAGGTC
2826,CGGAGCAAGTCTCACC,286051,ATTGTGTTCGCGCAAA
2827,CGGAGTCTCCTAAATG,286287,GCACACAAGATAACCA
2828,CGGAGTCTCCTCCCTC,286306,GCACACAAGTGATTCT
2829,CGGAGTCTCGGGACTC,286375,GCACACAAGCCATAGG
2830,CGGAGTCTCTAAATCG,286409,GCACACAAGCTATTGT
2831,CGGAGTCTCTAATTGG,286420,GCACACAAGCTATCGC
2832,CGGAGTCTCTTTGAGA,286489,GCACACAAGACATAGC
2833,CGGATAAAGCGCATTG,286602,ACATTACTCAAACCGG
2834,CGGATAAAGCGGATAA,286607,ACATTACTCCTCCCAC
2835,CGGATAAAGGCGGGTA,286710,ACATTACTCAATACAG
2836,CGGATAAAGTGCTGTG,286834,ACATTACTCAACCGGA
2837,CGGATTAGTAGCTGCG,286930,GGGACAACAGGTTTGA
2838,CGGATTAGTCACACCC,286969,GGGACAACAAGCCATA
2839,CGGATTAGTGCATTTC,287063,GGGACAACACCAGCTC
2840,CGGATTAGTGCTGGTG,287074,GGGACAACAAGTGCAC
2841,CGGATTAGTGTTGCAA,287112,GGGACAACACCGTTAT
2842,CGGATTAGTTAAGCGC,287126,GGGACAACAACCGCTC
2843,CGGATTAGTTAGGCTA,287155,GGGACAACATTACCCG
2844,CGGATTAGTTCACCCA,287170,GGGACAACAGCTAACA
2845,CGGCAATGTACCCACC,287289,GGATATTCACCTTCTC
2846,CGGCAATGTCAAGACC,287344,GGATATTCAGTGCAAC
2847,CGGCAATGTCACAGCG,287353,GGATATTCACGCAATA
2848,CGGCAATGTTATTGCC,287548,GGATATTCAACGGTGT
2849,CGGCCATAGCACCACA,287699,GAAACCGTCTAACTGT
2850,CGGCCATAGGACAATG,287808,GAAACCGTCGAGGAGG
2851,CGGCCATAGGTCCACA,287899,GAAACCGTCGTTAGCC
2852,CGGCCATAGGTTTACA,287917,GAAACCGTCTTCAAGT
2853,CGGCTAATCACAAGCT,288050,GGGTCACAGCTAACGG
2854,CGGCTAATCATCCTGC,288105,GGGTCACAGTTATGAG
2855,CGGCTAATCCAAATCA,288141,GGGTCACAGCTTGCCG
2856,CGGCTAATCCAGGTCA,288154,GGGTCACAGAGCTGGC
2857,CGGCTAATCCTCATGC,288220,GGGTCACAGGTGAATC
2858,CGGCTAATCCTCCATA,288221,GGGTCACAGATAGCCG
2859,CGGCTAATCGGCTATG,288289,GGGTCACAGTGGCTTC
2860,CGGCTAATCTCACATT,288353,GGGTCACAGTCCTCCC
2861,CGGCTCACAATAGCAA,288484,GCAAGGTGTCCTCACT
2862,CGGCTCACACATTGCA,288541,GCAAGGTGTTAAGTGG
2863,CGGCTCACAGAGAGCC,288601,GCAAGGTGTAGCTGTT
2864,CGGCTCACAGATAGAC,288604,GCAAGGTGTTAAAGGT
2865,CGGCTCACAGGTTTGC,288669,GCAAGGTGTTCCAGAT
2866,CGGGACAAGAAGGTGC,288798,GGCGTAATCACCAACC
2867,CGGGACAAGGCGGATG,289009,GGCGTAATCTAACTAC
2868,CGGGACAAGGTCCGTA,289052,GGCGTAATCTAATCAC
2869,CGGGACAAGTGAGCGG,289129,GGCGTAATCATCACAT
2870,CGGGCTTAGGCGAAAC,289387,TCCACCCTCACGCCCA
2871,CGGGCTTAGGCGAATA,289388,TCCACCCTCCTGCAAC
2872,CGGGCTTAGTGTTGCG,289522,TCCACCCTCGCTAATT
2873,CGGGTATGTAGGTTTG,289621,GCATAATCACCAACAA
2874,CGGGTATGTCCTCCAA,289691,GCATAATCAGAGAGGC
2875,CGGGTATGTGGATTAT,289769,GCATAATCATAATGCG
2876,CGGGTATGTGTCACGG,289783,GCATAATCATAGCTAG
2877,CGGGTATGTTAGGACC,289836,GCATAATCACGCTAGG
2878,CGGGTATGTTCGCTCA,289867,GCATAATCAGGTGAGA
2879,CGGGTCTAGACAGGCG,289959,GACTCACTCACTATGT
2880,CGGGTCTAGATGGAGC,289986,GACTCACTCGCAACTC
2881,CGGGTCTAGCGAGGTG,290046,GACTCACTCCAATATC
2882,CGGGTCTAGGCTACAT,290164,GACTCACTCTTTAAGC
2883,CGGGTCTAGTAACTCA,290229,GACTCACTCCCTGGTG
2884,CGGGTCTAGTATCGCG,290244,GACTCACTCGCCCGTA
2885,CGGTAACGTACTAAAC,290368,TTGCAAGCAGTAGCTA
2886,CGGTAACGTCCCGGAA,290448,TTGCAAGCAAATGAAG
2887,CGGTGAACATCCTGAA,291030,GGTAGGTGTCAGTGAA
2888,CGGTGAACATGGAGGC,291049,GGTAGGTGTGAGGTAC
2889,CGGTGAGAGGTGTCCA,291363,TCCTTTATCCTCACGG
2890,CGGTGAGAGTTGTCAA,291464,TCCTTTATCACCTGGT
2891,CGGTTATAGCATGAAG,291547,ATTAGTCTCAGTGAAC
2892,CGGTTATAGGCTACTG,291699,ATTAGTCTCCTTGAGC
2893,CGGTTATAGGTGTTAC,291748,ATTAGTCTCGCAATCC
2894,CGGTTCCGTAGGATTT,291917,AACTAACCATATTGCC
2895,CGGTTCCGTATACTGG,291927,AACTAACCACAGCAAC
2896,CGGTTCCGTCGCGCAA,292003,AACTAACCAGCCGGTA
2897,CGGTTCCGTGTAACCA,292081,AACTAACCATAGCATG
2898,CGGTTCCGTGTTTGCT,292102,AACTAACCATCCTAGT
2899,CGGTTCCGTTGTCCAT,292200,AACTAACCATGGAGGA
2900,CGGTTGGGTCATCCTG,292352,TAGCATGCAATAAAGG
2901,CGGTTGGGTCCTTCAG,292376,TAGCATGCATAAGTCG
2902,CGGTTTCTCCTAAGGT,292806,GTACCTCAGGCTTCAC
2903,CGGTTTCTCCTACCTA,292811,GTACCTCAGTTACTAC
2904,CGGTTTCTCTCACACC,292952,GTACCTCAGCGGTTCT
2905,CGGTTTCTCTTTAGGA,293003,GTACCTCAGGTGTTAA
2906,CGGTTTGAGGACGTAA,293183,CATGATTTCCTGTGAC
2907,CGGTTTGAGTATTGCA,293312,CATGATTTCCAGCTCG
2908,CGGTTTGAGTTAGGCT,293363,CATGATTTCAAACTGA
2909,CGTAACCCACAATACT,293505,AGCTTGTGTTTCTCAT
2910,CGTAACCCACAGACTC,293514,AGCTTGTGTACCGGCT
2911,CGTAACCCATTGTGAT,293768,AGCTTGTGTGTAATGG
2912,CGTAACTAGCGCTCAA,293890,GGCAACATCGCTTGTA
2913,CGTAACTAGGTCGATT,294040,GGCAACATCTCTCGCC
2914,CGTAACTAGTGAACCT,294107,GGCAACATCAGGGCTA
2915,CGTAATGGTGGTTAGC,294377,AAATGGACAACCGTTT
2916,CGTACGGGTATTGTGG,294621,GCTACAACAGTCTATC
2917,CGTACGGGTTAGCTGA,294817,GCTACAACAACGGTAC
2918,CGTAGCGGTGCTGGTG,295122,CCTGATTCAAGTGCAC
2919,CGTAGCGGTGTTGCTT,295161,CCTGATTCATACTTGC
2920,CGTAGTTAGCGAGGTG,295410,GAAGGCCTCCAATATC
2921,CGTAGTTAGCTGTCAG,295452,GAAGGCCTCGCGAGTA
2922,CGTAGTTAGGCATGTT,295507,GAAGGCCTCACCTATG
2923,CGTAGTTAGTCACGAT,295617,GAAGGCCTCGTTAGTT
2924,CGTAGTTAGTTCCCAC,295669,GAAGGCCTCAGCATGG
2925,CGTATTGCAAGCCAGA,295735,ATGGCTTGTCGCATTG
2926,CGTATTGCACTCGCTC,295866,ATGGCTTGTTGTTCCC
2927,CGTATTGCAGTCTAGC,295961,ATGGCTTGTATAGTGG
2928,CGTCAATAGCTATTAG,296204,CGGTCCATCATTTGGT
2929,CGTCAATAGTTGTCCC,296447,CGGTCCATCGTACAAA
2930,CGTCAATAGTTTGGTA,296455,CGGTCCATCGCTTCGG
2931,CGTCATTGTATTCGCT,296530,GGCATTACAGGATGGA
2932,CGTCATTGTCAGGAAG,296559,GGCATTACAGGTATTG
2933,CGTCATTGTTCCTGAT,296762,GGCATTACATTACGTC
2934,CGTCATTGTTCGCTTG,296766,GGCATTACACTTGCTG
2935,CGTCCTAGTAAGTCGC,296856,TCCGGAGCAGTACCGG
2936,CGTGACATCATTCATC,297329,AACGTTAAGACAAGCT
2937,CGTGACATCGACCTGA,297448,AACGTTAAGTTTGACT
2938,CGTGACATCGCACACA,297465,AACGTTAAGTAGAGGA
2939,CGTGACATCTGTTGCC,297576,AACGTTAAGAGGAACA
2940,CGTGACATCTTGCATT,297593,AACGTTAAGTGCGGGT
2941,CGTGAGGAGAGCCGGA,297637,AATTACCTCATGGATA
2942,CGTGAGGAGCGGGCAA,297724,AATTACCTCCCTCACC
2943,CGTGAGGAGCGGTTAT,297725,AATTACCTCGCGAAGC
2944,CGTGAGGAGGCCTTAG,297816,AATTACCTCCATCATG
2945,CGTGAGGAGTAGGCGG,297907,AATTACCTCCCGCTGA
2946,CGTGAGGAGTTAGTTG,297963,AATTACCTCTACCTGA
2947,CGTGCACAGCCATCAG,298075,TACGCGTTCGAGCAAT
2948,CGTGCACAGGGCCATC,298229,TACGCGTTCACCCTCC
2949,CGTGCTGCAACAGGTG,298401,ATCATGCGTGTAACAG
2950,CGTGCTGCAAGTGAAC,298440,ATCATGCGTGAGGACT
2951,CGTGCTGCAATATGGA,298455,ATCATGCGTGCAATAG
2952,CGTGCTGCAATTATGC,298472,ATCATGCGTTGTCATA
2953,CGTGCTGCACTGGCCA,298553,ATCATGCGTCCTGAGC
2954,CGTGCTGCATACTCCT,298671,ATCATGCGTCTTGGAT
2955,CGTGCTGCATTAGGCC,298733,ATCATGCGTGTCCGGT
2956,CGTGCTTTCACAAGCT,298784,GCACAGCAGCTAACGG
2957,CGTGCTTTCACTTTAC,298807,GCACAGCAGGAACCTG
2958,CGTGCTTTCCGGGACT,298928,GCACAGCAGAATCTAG
2959,CGTGGTTCAACACTTG,299166,CTCAATAGTGTTACAC
2960,CGTGGTTCAACTAGCC,299179,CTCAATAGTTGTTGTA
2961,CGTGGTTCAAGGTATA,299201,CTCAATAGTGAACAAT
2962,CGTGGTTCAATCGCAC,299228,CTCAATAGTTACAACC
2963,CGTGGTTCACCACAAC,299278,CTCAATAGTGTTCCTC
2964,CGTGGTTCATTGCGTA,299514,CTCAATAGTGTGATTC
2965,CGTGTGTCAATAATCC,299599,GTTTATGGTAGGTTCT
2966,CGTGTGTCAGGATAAC,299762,GTTTATGGTGAGGAAG
2967,CGTGTTACAATATAGG,299990,ACACTTAGTTACGTAC
2968,CGTGTTACACATAACT,300038,ACACTTAGTTTCCGGA
2969,CGTGTTACAGCCAGAA,300123,ACACTTAGTGGTTCTG
2970,CGTGTTACATAATGTC,300204,ACACTTAGTGCAAGTA
2971,CGTGTTACATAGACTT,300209,ACACTTAGTTGCGCGT
2972,CGTGTTACATAGCTTG,300214,ACACTTAGTGTGATGA
2973,CGTTAAATCCTAAGAC,300475,GTTGGTGAGTCAATAG
2974,CGTTAAATCCTAAGTA,300477,GTTGGTGAGTTTCTGG
2975,CGTTAAATCCTAGTCC,300483,GTTGGTGAGCGAAGCC
2976,CGTTAAATCGTCATTT,300578,GTTGGTGAGTCTTGAT
2977,CGTTAAATCTGCAAAC,300635,GTTGGTGAGTTACAAG
2978,CGTTAAATCTGTGCAG,300645,GTTGGTGAGCGGTTAG
2979,CGTTAACAGCGATACT,300785,TAATCACTCAGCTATT
2980,CGTTAACAGGAACGGT,300840,TAATCACTCGTTAACT
2981,CGTTAACAGGCGTAAA,300897,TAATCACTCCGGGTTT
2982,CGTTAGGTCAAGCTAC,301072,CAGGATTAGCAAGACT
2983,CGTTAGGTCAGGCTAT,301124,CAGGATTAGGCACGTA
2984,CGTTAGGTCATAGACC,301136,CAGGATTAGTCCTTGA
2985,CGTTAGGTCCTCAGCT,301255,CAGGATTAGTAAAGCC
2986,CGTTAGGTCGATATTG,301295,CAGGATTAGATTCTGT
2987,CGTTAGGTCGTCAAGT,301345,CAGGATTAGCTTCTCT
2988,CGTTAGGTCTAGCTAA,301381,CAGGATTAGGAGGGTG
2989,CGTTAGGTCTTTAAGG,301440,CAGGATTAGTTTGTCG
2990,CGTTAGTAGCCTCTGT,301540,CGTATTGTCGCGTTAC
2991,CGTTAGTAGGACTAAG,301622,CGTATTGTCCATGACC
2992,CGTTATCGTACTGAAT,301873,ATTGCCTCAAACCAGC
2993,CGTTATCGTCATAACG,301935,ATTGCCTCACCAGCCT
2994,CGTTATCGTCCTTCTC,301965,ATTGCCTCAATTAGCG
2995,CGTTATCGTCGCAATA,301971,ATTGCCTCACATTACC
2996,CGTTATCGTTAGAGGG,302100,ATTGCCTCAAGGATGG
2997,CGTTATCGTTATCCTA,302117,ATTGCCTCAGGCATTA
2998,CGTTATTTCAGCACGC,302266,GAGGTCCAGTTATGGA
2999,CGTTATTTCCTAGTCC,302401,GAGGTCCAGCGAAGCC
3000,CGTTATTTCGCAACAT,302452,GAGGTCCAGATTCGTT
3001,CGTTGCAAGCCTAATA,302688,CCCTTGCTCAAACCAA
3002,CGTTGCAAGGACACTT,302765,CCCTTGCTCAGCCATC
3003,CGTTGCAAGTCATTAG,302914,CCCTTGCTCATTAAGG
3004,CGTTGCAAGTCGCTAG,302921,CCCTTGCTCCATCAGC
3005,CGTTGCAAGTCTTGAA,302925,CCCTTGCTCAGCTACC
3006,CGTTGCAAGTGAGCAA,302932,CCCTTGCTCTAATCGT
3007,CGTTGCGCAGTCTATG,303252,TATCCGGGTTGACCAT
3008,CGTTGCGCATCATGTG,303295,TATCCGGGTCCCGGAT
3009,CGTTGCGCATGAGTTT,303314,TATCCGGGTCACAGGG
3010,CGTTGCGCATGCTATG,303318,TATCCGGGTCACCAGC
3011,CGTTTCTCAATATGGA,303445,AGGTAATGTGCAATAG
3012,CGTTTCTCAATTGAAG,303463,AGGTAATGTAGTCCTG
3013,CGTTTCTCACACAATT,303481,AGGTAATGTCGGTTTG
3014,CGTTTCTCACGCAACT,303525,AGGTAATGTGATGAAT
3015,CGTTTCTCAGGGAGCT,303617,AGGTAATGTGAGCATA
3016,CGTTTCTCATCCTAGA,303685,AGGTAATGTTTGTCTT
3017,CGTTTCTCATGGTTAT,303708,AGGTAATGTCATTATG
3018,CGTTTGGAGCATGCAT,303821,GAAGGAATCCCAATTG
3019,CGTTTGGAGCCTCTGT,303842,GAAGGAATCGCGTTAC
3020,CGTTTGGAGCGGATAA,303863,GAAGGAATCCTCCCAC
3021,CGTTTGGAGCTTACTT,303896,GAAGGAATCGCACACT
3022,CGTTTGGAGTCACTAA,304060,GAAGGAATCGATTATC
3023,CGTTTGTGTCACACCC,304225,AGTCGCGCAAGCCATA
3024,CGTTTGTGTTAGTACG,304414,AGTCGCGCAACAGGCT
3025,CTAAAGCTCAAGTGTC,304528,TATTAGGAGCAAGTCG
3026,CTAAAGCTCACAAGCT,304540,TATTAGGAGCTAACGG
3027,CTAAAGCTCACAGCGC,304544,TATTAGGAGGGCTACA
3028,CTAAAGCTCCTCACTA,304706,TATTAGGAGTCAATCT
3029,CTAAAGCTCCTGAGTG,304716,TATTAGGAGGGTTATA
3030,CTAAATGTCACCGGTA,304933,CCAACCTAGCCTTAAT
3031,CTAAATGTCGCAATCG,305139,CCAACCTAGCCGCAAA
3032,CTAAATGTCGTTAAGC,305188,CCAACCTAGCAAATCA
3033,CTAAATGTCGTTATAG,305193,CCAACCTAGGATAACC
3034,CTAAATGTCGTTATCT,305194,CCAACCTAGGCTATAA
3035,CTAACCACAACTGGCT,305322,GAGCTTTGTCTTGACG
3036,CTAACCACACCACAAC,305418,GAGCTTTGTGTTCCTC
3037,CTAACCACATAGCAGG,305582,GAGCTTTGTAGTCATC
3038,CTAACCCTCACATTGA,305698,GCTCCATAGAGAGCAA
3039,CTAACCCTCCCTCTAA,305818,GCTCCATAGTCCCTGG
3040,CTAACCCTCCGTAAAC,305840,GCTCCATAGCGCTCCA
3041,CTAACCCTCCTAAGGT,305848,GCTCCATAGGCTTCAC
3042,CTAACCCTCGGTCAGC,305939,GCTCCATAGGCAATAC
3043,CTAACCCTCGTTAAGC,305956,GCTCCATAGCAAATCA
3044,CTAACCTGTAGACAAA,306097,TTTGGAGCAATCGCCC
3045,CTAACCTGTAGTCAAT,306113,TTTGGAGCAGGTATAT
3046,CTAACCTGTCCTTCTC,306185,TTTGGAGCAATTAGCG
3047,CTAACCTGTCTATCGT,306201,TTTGGAGCAGTGAACC
3048,CTAACCTGTGAGGTAG,306221,TTTGGAGCAGGACCTG
3049,CTAACCTGTGGGAACA,306263,TTTGGAGCAGGATCAC
3050,CTAAGGTTCAATTGGC,306457,AATCTCTAGTAGGATC
3051,CTAAGGTTCATAACCA,306501,AATCTCTAGGCTTTCA
3052,CTAAGGTTCATTCATC,306539,AATCTCTAGACAAGCT
3053,CTAATAGTCAGGTTTA,307265,GACTAGTAGTGCACCT
3054,CTAATAGTCCCAGTAG,307336,GACTAGTAGGCACAAT
3055,CTAATAGTCTATTGTC,307523,GACTAGTAGCAACCCT
3056,CTAATCCGTACCGTAA,307618,AAGTCATCAAACTGAT
3057,CTAATCCGTATTGTCC,307662,AAGTCATCATTAGTGG
3058,CTAATCCGTCATCCTG,307694,AAGTCATCAATAAAGG
3059,CTAATCCGTGAGGTGA,307756,AAGTCATCAAGCTCAA
3060,CTAATCGCAAACGCGA,307970,AAAGCCAGTCATGGTT
3061,CTAATCGCAAGGCCAA,308021,AAAGCCAGTGAATCGA
3062,CTAATCGCAAGGTCCT,308026,AAAGCCAGTTTGGCTG
3063,CTAATCGCAGTTATCG,308242,AAAGCCAGTTTATTCC
3064,CTAATCGCATCACAGC,308276,AAAGCCAGTTCCTGGA
3065,CTAATCTTCATGTTTC,308449,AGATTGCAGGCAATCG
3066,CTAATCTTCATTTAGG,308463,AGATTGCAGCATGGAT
3067,CTAATCTTCTGTAAGC,308698,AGATTGCAGTTAACCT
3068,CTAATGTCAAGATTCT,308777,AGGTTCTGTTATGGAG
3069,CTAATGTCAATGAGGT,308824,AGGTTCTGTCGCAATT
3070,CTAATGTCATAGACCC,309032,AGGTTCTGTAAAGGTT
3071,CTAATGTCATCCTGAA,309056,AGGTTCTGTCAGTGAA
3072,CTAATTGAGCAACATC,309167,TAACTGTTCCAAGTGG
3073,CTAATTGAGCATTTCT,309197,TAACTGTTCCAAATTC
3074,CTAATTGAGTACCGCA,309411,TAACTGTTCGTTGTCA
3075,CTAATTGAGTTGCGTG,309486,TAACTGTTCATAGCGG
3076,CTACAACAGAAACTGG,309501,CCCTCACTCGATATGA
3077,CTACAACAGGTCCGTA,309762,CCCTCACTCTAATCAC
3078,CTACCGGCACGGTTTA,310049,ATCATCAGTTCGCTTC
3079,CTACCGGCAGCAAATA,310084,ATCATCAGTTGCGTGC
3080,CTACCGGCATAATGTC,310180,ATCATCAGTGCAAGTA
3081,CTACCGGCATGGAGGC,310227,ATCATCAGTGAGGTAC
3082,CTACCTCAGAGCCGCT,310300,ATTTAGCTCCGCTAGT
3083,CTACCTCAGATTGAGG,310316,ATTTAGCTCAAGCCAG
3084,CTACCTCAGCTCAATA,310403,ATTTAGCTCATGGTCC
3085,CTACCTCAGGAAACTG,310427,ATTTAGCTCGTTTCTC
3086,CTACCTCAGTAGGCGG,310571,ATTTAGCTCCCGCTGA
3087,CTACGAAGTCGAAGTC,310791,ATTTCGCCAACAGAGG
3088,CTACGAAGTTTGCGAA,311024,ATTTCGCCACCTGGCT
3089,CTACTAAAGCGATAGA,311144,TATTGACTCAAGGGTT
3090,CTACTAAAGCTTACTT,311184,TATTGACTCGCACACT
3091,CTACTAAAGGACAACA,311203,TATTGACTCTATGCAT
3092,CTACTAAAGTCAATCA,311343,TATTGACTCCACGTTA
3093,CTACTAAAGTGAACAG,311366,TATTGACTCCGCAATC
3094,CTACTTAGTAAGCACC,311431,CATTAGGCATCCCTCT
3095,CTACTTAGTAATGGCC,311446,CATTAGGCACTCCCTT
3096,CTACTTAGTCCTTAGT,311553,CATTAGGCACTTAGCT
3097,CTACTTAGTGAGCGAA,311590,CATTAGGCAAGTGGCT
3098,CTACTTAGTGCAACTA,311601,CATTAGGCAGTATGTG
3099,CTACTTAGTGCATCGG,311605,CATTAGGCATGGCTAA
3100,CTACTTAGTGGTGAGA,311636,CATTAGGCAATTGAGT
3101,CTACTTAGTTGGATAT,311748,CATTAGGCAATGTCAG
3102,CTACTTAGTTTACGTC,311771,CATTAGGCAATCGTGA
3103,CTAGATTCACAGGAAT,311927,GCATGTTGTTGTCAGT
3104,CTAGATTCAGCAAATA,312000,GCATGTTGTTGCGTGC
3105,CTAGATTCAGTAAAGC,312064,GCATGTTGTTTACTAG
3106,CTAGATTCATCCAGGT,312118,GCATGTTGTGCCTTTC
3107,CTAGCGGGTAACTACG,312196,GCTAATGCAGCTCGAG
3108,CTAGCGGGTAGCAGCT,312234,GCTAATGCAGGAAGCA
3109,CTAGCGGGTAGGTTGC,312246,GCTAATGCAATAAACC
3110,CTAGCGGGTCCACAAA,312306,GCTAATGCATGATCGA
3111,CTAGCGGGTGAGCAAG,312354,GCTAATGCATCTATGC
3112,CTAGCGGGTTGCTTCG,312513,GCTAATGCAGAGAGCA
3113,CTAGCTGAGCAGGTGG,312636,GCAGCAATCGCGACTT
3114,CTAGCTGAGCATCCAG,312638,GCAGCAATCATCAGTT
3115,CTAGCTGAGCATGACT,312640,GCAGCAATCGTGCTGT
3116,CTAGCTGAGCATGTCG,312643,GCAGCAATCCCTCGTC
3117,CTAGCTGAGCATTATG,312646,GCAGCAATCTCCTCAT
3118,CTAGCTGAGCCGCTAA,312656,GCAGCAATCAGTTTAC
3119,CTAGCTGAGCCTAATA,312660,GCAGCAATCAAACCAA
3120,CTAGCTGAGCGATACT,312675,GCAGCAATCAGCTATT
3121,CTAGCTGAGCGCTAAT,312681,GCAGCAATCATTGACT
3122,CTAGCTGAGGACCAGG,312738,GCAGCAATCTGTGCTA
3123,CTAGCTGAGGTGAGAC,312836,GCAGCAATCCAGGACA
3124,CTAGCTGAGTAACCCG,312852,GCAGCAATCCGTAATT
3125,CTAGCTGAGTTGTCCC,312941,GCAGCAATCGTACAAA
3126,CTAGCTTGTATTTGGG,313033,GGTCACGCATGCGCCT
3127,CTAGCTTGTCACCAAA,313048,GGTCACGCAATGAGCC
3128,CTAGCTTGTTAACACG,313197,GGTCACGCACATTGTC
3129,CTAGGACGTCCAAATG,313452,TTACGGACATGGATTG
3130,CTAGGCGGTAAGCTTG,313729,ATGCAATCACCTAAAG
3131,CTAGGCGGTTACCTGT,313978,ATGCAATCATGAATCG
3132,CTAGGCGGTTGTTCAC,314059,ATGCAATCAAATAAGG
3133,CTAGTAATCCACAATA,314221,TCCGTTAAGGCGTAAT
3134,CTAGTAATCCCGTTTA,314244,TCCGTTAAGCAAGGAA
3135,CTAGTAATCGATATTG,314331,TCCGTTAAGATTCTGT
3136,CTAGTAATCTACCTAT,314411,TCCGTTAAGTGTGATA
3137,CTAGTAGGTCAATACG,314571,TCCGAAACACGCGCAA
3138,CTAGTAGGTTAGAGGG,314752,TCCGAAACAAGGATGG
3139,CTAGTAGGTTGGTTGA,314818,TCCGAAACATGACCAA
3140,CTAGTCGAGCTTAGCG,315013,CATGAGGTCGAGGCGT
3141,CTAGTCGAGGATTGCT,315057,CATGAGGTCAGGTAAC
3142,CTAGTCGAGGTCTTGG,315129,CATGAGGTCTGTTGGC
3143,CTAGTCGAGGTGTCCA,315135,CATGAGGTCCTCACGG
3144,CTAGTCGAGTTGCCTC,315231,CATGAGGTCAGCACGA
3145,CTAGTGAGTGACATAT,315411,AAACGAACATGGTGAC
3146,CTAGTGAGTGAGGTGA,315420,AAACGAACAAGCTCAA
3147,CTAGTTGCACACAATT,315747,TTGGCCAGTCGGTTTG
3148,CTAGTTGCAGAAATGC,315818,TTGGCCAGTTATGGGA
3149,CTATAACCAGGTTCAC,316274,TCCCGAAGTCCTGACA
3150,CTATGACAGATACTTG,316438,CAGCAAGTCGCGGATA
3151,CTATGACAGGACGTAA,316573,CAGCAAGTCCTGTGAC
3152,CTATGACAGGATTTGC,316592,CAGCAAGTCATTACAC
3153,CTATGACAGGCCGGAA,316605,CAGCAAGTCCGGCTAT
3154,CTATGACAGTAACGGA,316684,CAGCAAGTCACAAGCG
3155,CTATGAGGTAACGTGC,316791,CCTTAGTCATTGAGGC
3156,CTATGAGGTAATGGAA,316807,CCTTAGTCAGGTTCTT
3157,CTATGAGGTATTCGTC,316855,CCTTAGTCACTAATCC
3158,CTATGAGGTATTGAGT,316856,CCTTAGTCACTCGCAC
3159,CTATGAGGTGGACATC,316987,CCTTAGTCAATGAAGA
3160,CTATGAGGTTAGCAGC,317053,CCTTAGTCACATGCCC
3161,CTATGATCATTGACAT,317532,GCCTAGCGTCAATTGC
3162,CTATGGCCAAACCTTG,317551,CAACCTGGTCCTCCAT
3163,CTATGGCCACGTAATT,317713,CAACCTGGTTCCTCAC
3164,CTATGGCCAGTCTAGC,317819,CAACCTGGTATAGTGG
3165,CTATGGCCATTGCGAC,317918,CAACCTGGTAGCAGGT
3166,CTATGTTTCAGGAAGC,317991,AACCTTTAGCGTGCTT
3167,CTATGTTTCCAAGTTA,318052,AACCTTTAGCTAATAG
3168,CTATGTTTCCCGCCTA,318075,AACCTTTAGCCTAGTC
3169,CTATGTTTCCCGTTGT,318077,AACCTTTAGGTAGCTG
3170,CTATGTTTCCTCATCA,318127,AACCTTTAGGATCCAG
3171,CTATGTTTCTAAGGTC,318238,AACCTTTAGATGCAAC
3172,CTATGTTTCTTAGCCC,318290,AACCTTTAGTCTTAGT
3173,CTATTACTCCTGGTCT,318523,ACGGTCAAGGTTGTAA
3174,CTATTACTCCTTCTAG,318532,ACGGTCAAGCTAAGCG
3175,CTATTACTCGATTATG,318551,ACGGTCAAGGAACAAG
3176,CTATTACTCGCTTGCT,318577,ACGGTCAAGAGCCGGT
3177,CTATTACTCGGTTCCT,318593,ACGGTCAAGGCTCAAG
3178,CTATTACTCTTCAATC,318680,ACGGTCAAGAAGCTAC
3179,CTATTCAGTAGGATTT,318757,TTCCGGCCATATTGCC
3180,CTATTCAGTGCCGCAA,318888,TTCCGGCCAAGGTCAC
3181,CTATTCAGTTAAGTGT,318954,TTCCGGCCAGGAACCT
3182,CTATTCAGTTGACTTC,319014,TTCCGGCCATCACAGA
3183,CTATTGAAGAGGGACT,319119,CCTAAGCTCCCACCTC
3184,CTATTGAAGCATGACT,319154,CCTAAGCTCGTGCTGT
3185,CTATTGAAGTCACCAG,319391,CCTAAGCTCACAAATG
3186,CTATTGAAGTGAGGGT,319420,CCTAAGCTCGCAACCT
3187,CTATTGAAGTTATTCC,319444,CCTAAGCTCATGAAGC
3188,CTCAATAAGACTATTG,319487,GTAGTAATCCACCTGG
3189,CTCAATAAGAGAGGAG,319493,GTAGTAATCAGCATTT
3190,CTCAATAAGGTCGATT,319730,GTAGTAATCTCTCGCC
3191,CTCAATAAGTTATGGC,319826,GTAGTAATCTGTGATT
3192,CTCACAACAAATATCC,319868,ACGGATAGTTGTGACT
3193,CTCACAACACAACAAA,319959,ACGGATAGTTACGAAG
3194,CTCACAACACAGCCAT,319973,ACGGATAGTACCTTGG
3195,CTCACAACAGGCTAAG,320097,ACGGATAGTGGTTAGA
3196,CTCACAACATAAACCT,320133,ACGGATAGTGCACCAC
3197,CTCACAACATAACGGG,320135,ACGGATAGTCCTCCCA
3198,CTCACAACATAGACTT,320149,ACGGATAGTTGCGCGT
3199,CTCACAACATCGCTCC,320173,ACGGATAGTTTGAGCT
3200,CTCACAACATTAGCCA,320207,ACGGATAGTCCATTAA
3201,CTCACACTCGCTCCAT,320493,TTTGGCCAGATAGACC
3202,CTCACACTCGGGATTT,320502,TTTGGCCAGCTTAGTT
3203,CTCACACTCTAAGGAG,320539,TTTGGCCAGATAACTG
3204,CTCACTCAGACTTATG,320642,CATTTGGTCGCTTGAC
3205,CTCACTCAGGCCAATT,320822,CATTTGGTCTTAGCTG
3206,CTCAGGATCAAGCGCC,321011,AGTGAGAAGCCTGTCG
3207,CTCAGGATCAGCACGC,321056,AGTGAGAAGTTATGGA
3208,CTCAGGATCCAGCACA,321129,AGTGAGAAGTAGGTTA
3209,CTCAGGATCTGGCAAT,321346,AGTGAGAAGGGTGGGA
3210,CTCATCATCAGGCCTA,321447,CGTGCTTAGGCCCTTG
3211,CTCATCATCCTTAGGG,321598,CGTGCTTAGCATCCTA
3212,CTCATCATCGAGGAGT,321616,CGTGCTTAGTTCGCGT
3213,CTCATCATCGCTAAGT,321638,CGTGCTTAGCTGGCAA
3214,CTCATCATCGGTTTCC,321664,CGTGCTTAGTTTCTCC
3215,CTCATGACAAGCCAGA,321815,GTTTAGCGTCGCATTG
3216,CTCATGACAATCTCTC,321857,GTTTAGCGTGAGGGTT
3217,CTCATGACACTTCATC,321955,GTTTAGCGTATTTGGC
3218,CTCATGACAGGCCATT,322013,GTTTAGCGTGCATTTA
3219,CTCATGACAGTTTACG,322049,GTTTAGCGTAGACTAG
3220,CTCATGCTCATGTTTC,322253,AGGCATTAGGCAATCG
3221,CTCATGCTCCCTGACT,322307,AGGCATTAGGTGGGAG
3222,CTCATGCTCTAATCAG,322463,AGGCATTAGTATTGGA
3223,CTCATTAGTGGACCTG,322744,CATGGCGCACAATAAC
3224,CTCATTAGTGTCCAAA,322762,CATGGCGCATTGTTTG
3225,CTCATTGTCAGCTAAC,322977,ATGAACCAGTATAGCA
3226,CTCATTGTCCTAAATG,323099,ATGAACCAGATAACCA
3227,CTCATTGTCGACAAAG,323145,ATGAACCAGAAAGGCA
3228,CTCATTTAGCCGCAAC,323390,CATTGTGTCTTTGGGC
3229,CTCATTTAGCCTGTGA,323403,CATTGTGTCCGCACAT
3230,CTCATTTAGGCTATGT,323529,CATTGTGTCAAGGAAG
3231,CTCATTTAGTTGTCAA,323676,CATTGTGTCACCTGGT
3232,CTCCAAACAACCGCCA,323719,ATACCCGGTTGACCGC
3233,CTCCAAACAGTCTAAT,323958,ATACCCGGTTAGTACC
3234,CTCCAAACATTAAGTC,324044,ATACCCGGTGAGACTA
3235,CTCCAACTCACACAGT,324099,ACTTACTAGTCCCGCA
3236,CTCCAACTCCGTTAAA,324249,ACTTACTAGTAACCGG
3237,CTCCAACTCCTAGTAA,324260,ACTTACTAGTGCTCCG
3238,CTCCAACTCGCGACAC,324321,ACTTACTAGCAGGTTG
3239,CTCCAACTCTCATCAT,324404,ACTTACTAGTCAATTC
3240,CTCCAACTCTCGACCT,324409,ACTTACTAGTATTTGC
3241,CTCCAACTCTGCAAAC,324413,ACTTACTAGTTACAAG
3242,CTCCAACTCTTGAGGT,324439,ACTTACTAGGCTTAAA
3243,CTCCAACTCTTGGATA,324446,ACTTACTAGCCTAATT
3244,CTCCATCAGCTTCTCA,324609,GACAGGCTCTTTAGGT
3245,CTCCATCAGGACACTT,324625,GACAGGCTCAGCCATC
3246,CTCCATCAGTGATTCA,324796,GACAGGCTCTCACTTC
3247,CTCCCTGAGAGGAGGA,324873,CCCAAACTCTAGCCAC
3248,CTCCCTGAGGACTAAG,325016,CCCAAACTCCATGACC
3249,CTCCCTGAGGCTACTG,325063,CCCAAACTCCTTGAGC
3250,CTCCCTGAGTTAGTGC,325196,CCCAAACTCGTGCTTA
3251,CTCCGGACACATAACT,325352,TTATGTGGTTTCCGGA
3252,CTCCGGACACTAAGTT,325395,TTATGTGGTTGCTTCC
3253,CTCCGGACAGTATGTT,325493,TTATGTGGTGCAGTAA
3254,CTCCGGACATGTCAGC,325570,TTATGTGGTTAGTTTG
3255,CTCCGTCCAGGTTAAA,325865,GCACAGGGTTAACACC
3256,CTCCTAATCCATTACT,326127,GCCAACAAGCTTGGTC
3257,CTCCTAATCTAAGGTC,326298,GCCAACAAGATGCAAC
3258,CTCCTCACACAATACT,326489,GTGAACAGTTTCTCAT
3259,CTCCTCACATTAAACC,326729,GTGAACAGTTATGTCA
3260,CTCCTGAGTACCGAAC,326792,CTCTCCTCACAAAGCC
3261,CTCGACAAGAATCGCT,327149,TCGGCCATCCTGATCA
3262,CTCGACAAGGAGGCAT,327324,TCGGCCATCTTGTCGA
3263,CTCGACAAGGTAAGCA,327393,TCGGCCATCGTACCTA
3264,CTCGCTAGTACCGGAT,327559,CCTCATGCACGATTCT
3265,CTCGCTAGTCGCAATA,327667,CCTCATGCACATTACC
3266,CTCGCTAGTTGTTGGA,327871,CCTCATGCATCCTCCT
3267,CTCGCTCCAATTGCGC,328010,GAGTGCGGTACTAACC
3268,CTCGCTCCAGTAGGAT,328175,GAGTGCGGTGGATGCG
3269,CTCGCTCCATGTTTGG,328260,GAGTGCGGTTTATCCT
3270,CTCGTTATCCCTGGTT,328448,GCGATGCAGTACTGAA
3271,CTCGTTATCCTGGTGA,328500,GCGATGCAGACACGCA
3272,CTCGTTATCGCAGGCT,328536,GCGATGCAGGTCATTT
3273,CTCGTTATCGGTTTCC,328570,GCGATGCAGTTTCTCC
3274,CTCGTTATCTGGCAAT,328636,GCGATGCAGGGTGGGA
3275,CTCTAAGCACAGCCTG,328800,TGTTGCGGTATTGAGG
3276,CTCTAAGCACAGGGAC,328803,TGTTGCGGTAAACCGA
3277,CTCTAAGCATGTCAAT,329021,TGTTGCGGTTGCGAGG
3278,CTCTAGCTCATAATCG,329133,TTAGTAGAGCTCAAGG
3279,CTCTAGCTCCCGCAAA,329201,TTAGTAGAGATTCAAG
3280,CTCTAGCTCCGGGACT,329230,TTAGTAGAGAATCTAG
3281,CTCTAGCTCCTTGAGG,329277,TTAGTAGAGTATCCGC
3282,CTCTAGCTCGCATCCT,329305,TTAGTAGAGGTTGGAT
3283,CTCTATGTCATTTGCT,329558,TCCTTGAAGCTTTAGT
3284,CTCTATGTCCATAATG,329577,TCCTTGAAGGGTTGGC
3285,CTCTATGTCCGCCAAA,329608,TCCTTGAAGCCTGGTT
3286,CTCTATGTCCGGAACC,329612,TCCTTGAAGGATTTGA
3287,CTCTATGTCGCTTCTA,329704,TCCTTGAAGGATTGGT
3288,CTCTCACAGCTCCCTG,329963,ACAAGGTTCACGAATA
3289,CTCTCACAGGCTGGCT,330055,ACAAGGTTCTCACAGC
3290,CTCTCACAGTTAGGCT,330183,ACAAGGTTCAAACTGA
3291,CTCTGTTCAGAAATGC,330400,CCATGATGTTATGGGA
3292,CTCTGTTCAGCTTAGC,330439,CCATGATGTCTATCTT
3293,CTCTGTTCAGTCTATG,330484,CCATGATGTTGACCAT
3294,CTCTGTTCATAAACCT,330495,CCATGATGTGCACCAC
3295,CTCTGTTCATAAGTCT,330500,CCATGATGTCATGCCA
3296,CTCTTGATCACTAGGT,330641,GTAATCAAGGCCAACA
3297,CTCTTGATCTGTTGCC,330950,GTAATCAAGAGGAACA
3298,CTGAAACTCAGCACCA,331033,CCTTATGAGTGTTTGT
3299,CTGAAACTCAGGATGA,331040,CCTTATGAGGGCTTTC
3300,CTGAAACTCCCAGTAG,331116,CCTTATGAGGCACAAT
3301,CTGAAACTCCCTCAGT,331129,CCTTATGAGAGCTGCA
3302,CTGAAACTCCTAAGAC,331161,CCTTATGAGTCAATAG
3303,CTGAAACTCTAAGGTC,331286,CCTTATGAGATGCAAC
3304,CTGAAACTCTAAGTGC,331288,CCTTATGAGCAATAGC
3305,CTGAATATCAGCACGC,331418,AGATTCAAGTTATGGA
3306,CTGAATATCCCTGGTT,331520,AGATTCAAGTACTGAA
3307,CTGAATATCGTAATCA,331645,AGATTCAAGGTTGCGA
3308,CTGACATAGCAACATC,331797,TACAAAGTCCAAGTGG
3309,CTGACATAGCCAAATC,331828,TACAAAGTCGGTACGA
3310,CTGACATAGCTTACTT,331896,TACAAAGTCGCACACT
3311,CTGACATAGGACAATG,331916,TACAAAGTCGAGGAGG
3312,CTGACATAGGCTAAGA,331968,TACAAAGTCATTAGTC
3313,CTGACATAGGGCTTTG,331990,TACAAAGTCAATAGCA
3314,CTGACATAGGTATTGC,332003,TACAAAGTCCAGGAAT
3315,CTGACCAAGCAACAAG,332180,GTCTTGATCATGCGCT
3316,CTGACCAAGCATGACT,332204,GTCTTGATCGTGCTGT
3317,CTGACCAAGCGCCTAA,332243,GTCTTGATCTTGGACC
3318,CTGACCAAGCTATTGA,332263,GTCTTGATCCAGGTGA
3319,CTGACCAAGGTCAAAG,332388,GTCTTGATCCTTTAGG
3320,CTGACCAAGTAGCGCC,332429,GTCTTGATCTGTCAGC
3321,CTGATCACAAACGCGA,332520,ACTAGTCGTCATGGTT
3322,CTGATCACACATTAAC,332648,ACTAGTCGTTCACGCA
3323,CTGATCACATCACAGC,332826,ACTAGTCGTTCCTGGA
3324,CTGATCACATGAATAG,332846,ACTAGTCGTTATCCGG
3325,CTGCAATAGATAAAGC,332938,TCCTTCGTCATGGTTT
3326,CTGCAATAGCGCATTG,333010,TCCTTCGTCAAACCGG
3327,CTGCAATAGTCACTCC,333213,TCCTTCGTCGCGATAG
3328,CTGCTACTCATGCATA,333371,TTCGGTCAGCACCTAC
3329,CTGCTACTCCCAGTAG,333420,TTCGGTCAGGCACAAT
3330,CTGCTACTCCCGTTGT,333429,TTCGGTCAGGTAGCTG
3331,CTGCTACTCCTACCTA,333471,TTCGGTCAGTTACTAC
3332,CTGCTATGTCAATACG,333757,CCTTCCTCACGCGCAA
3333,CTGCTATGTGTTGCAA,333904,CCTTCCTCACCGTTAT
3334,CTGCTATGTTTGACCT,334034,CCTTCCTCAGTAGGAG
3335,CTGCTCCCACACCAAC,334168,GGTTGAAGTCATAGAG
3336,CTGCTCCCAGGCTAGA,334299,GGTTGAAGTTGGCGGA
3337,CTGCTCCCATCACTTC,334361,GGTTGAAGTAAAGCAT
3338,CTGGACCAGCATGTCG,334509,AAGCCTCTCCCTCGTC
3339,CTGGACCAGGAGTAAT,334619,AAGCCTCTCCTCTACT
3340,CTGGACCAGGGACGCA,334667,AAGCCTCTCCACCCTC
3341,CTGGACCAGGGATGCG,334670,AAGCCTCTCCGAAACG
3342,CTGGACCAGTCCTTCA,334756,AAGCCTCTCTCAGCTA
3343,CTGGATGTCAATCATG,334835,GTTAGGTAGTACCGGA
3344,CTGGATGTCATAGCCG,334893,GTTAGGTAGGAGCAAA
3345,CTGGATGTCCCTCATA,334968,GTTAGGTAGACAGGTT
3346,CTGGATGTCCGCTAGA,334985,GTTAGGTAGCTCATTG
3347,CTGGATGTCGGTACGC,335089,GTTAGGTAGCCATAAA
3348,CTGGATGTCGTCATTT,335102,GTTAGGTAGTCTTGAT
3349,CTGGCTAAGATGCCTG,335244,GTAACGGTCCAAATAG
3350,CTGGCTAAGCCGCAGT,335289,GTAACGGTCAATTAGG
3351,CTGGCTAAGGATAAAC,335390,GTAACGGTCTACTACG
3352,CTGGCTAAGTCTATGA,335528,GTAACGGTCAATTGCT
3353,CTGGTAAGTCGTAATG,336115,ACACAATCAATGGACC
3354,CTGGTAAGTGATGAAA,336145,ACACAATCATTAGCCT
3355,CTGGTAAGTGGTTAGC,336187,ACACAATCAACCGTTT
3356,CTGGTAAGTTATAGCG,336255,ACACAATCATTCAGGA
3357,CTGGTAAGTTCGGTAA,336280,ACACAATCAAACAAAG
3358,CTGGTCAAGCATTAGC,336429,AAGGCTGTCGTGATAA
3359,CTGGTCAAGCCTGTGA,336451,AAGGCTGTCCGCACAT
3360,CTGGTCAAGGACTAAG,336528,AAGGCTGTCCATGACC
3361,CTGGTCAAGTGCTGTG,336694,AAGGCTGTCAACCGGA
3362,CTGGTTACATCAATCG,337045,TAGTACCGTGTAACCT
3363,CTGGTTACATCCCTCA,337055,TAGTACCGTTAAGTCC
3364,CTGGTTACATTGCAGC,337105,TAGTACCGTTGGTTTA
3365,CTGGTTTGTGCAATGC,337303,GACTGACCAGGACTAC
3366,CTGGTTTGTGCACGCA,337304,GACTGACCATAAGCAT
3367,CTGGTTTGTTATGTGG,337409,GACTGACCATCCTGTG
3368,CTGTAACAGAAAGGAA,337503,AATCGTTTCACTCGCG
3369,CTGTAACAGAAGCTAG,337507,AATCGTTTCTCAATAC
3370,CTGTAACAGCAAACCT,337549,AATCGTTTCGGTTCAC
3371,CTGTAACAGGGTCCAC,337745,AATCGTTTCATAGCTT
3372,CTGTAACAGTAAACCC,337782,AATCGTTTCATAAGCA
3373,CTGTAACAGTGAGAGC,337837,AATCGTTTCCGGGTAA
3374,CTGTAACAGTGCACGC,337843,AATCGTTTCTAAGTCT
3375,CTGTACCTCACAGGAA,337917,ACCCTTAAGCATTATC
3376,CTGTACCTCCAGGAAA,338014,ACCCTTAAGGTACCGA
3377,CTGTACCTCCTAATTC,338072,ACCCTTAAGCTTGAAA
3378,CTGTACCTCCTGATGG,338089,ACCCTTAAGTAGTTAG
3379,CTGTACCTCCTTTACG,338107,ACCCTTAAGCGCAAAT
3380,CTGTACCTCGGTAACT,338156,ACCCTTAAGTTACGTT
3381,CTGTACCTCGTACCGA,338168,ACCCTTAAGCTTAGAA
3382,CTGTATTTCTAAGTCA,338577,CCTAGAGAGCACTAAA
3383,CTGTATTTCTACCTAT,338583,CCTAGAGAGTGTGATA
3384,CTGTATTTCTGTGCCT,338622,CCTAGAGAGAGGCTTG
3385,CTGTGTGAGCAAGGAC,338706,CCCACCTTCGCGAAAT
3386,CTGTGTGAGCCTGACA,338749,CCCACCTTCGACCTTA
3387,CTGTGTGAGGAATAAC,338820,CCCACCTTCTAGTTGT
3388,CTGTGTGAGGGTGAAC,338899,CCCACCTTCCACTATG
3389,CTGTGTGAGGTGAGAC,338922,CCCACCTTCCAGGACA
3390,CTGTTAAAGCAACATC,339087,ACAAAGCTCCAAGTGG
3391,CTGTTAAAGCATGACT,339110,ACAAAGCTCGTGCTGT
3392,CTGTTAAAGCTCAATA,339171,ACAAAGCTCATGGTCC
3393,CTGTTAAAGGCTATGT,339263,ACAAAGCTCAAGGAAG
3394,CTGTTAAAGTAAACCC,339318,ACAAAGCTCATAAGCA
3395,CTGTTAAAGTTATGTG,339399,ACAAAGCTCGACAAGT
3396,CTGTTAAAGTTGGATC,339407,ACAAAGCTCAGTATAG
3397,CTGTTCATCCGTGACA,339598,TTGAACAAGATTGCCC
3398,CTGTTGGAGACAACGA,339819,GTAATAGTCTTTAGCG
3399,CTGTTGGAGGCGCTTA,340022,GTAATAGTCCAATTAC
3400,CTGTTGGAGTGAGAGC,340141,GTAATAGTCCGGGTAA
3401,CTGTTTAGTAAGCTTG,340203,CACTCGCCACCTAAAG
3402,CTGTTTAGTATTGGTG,340267,CACTCGCCATCATGCT
3403,CTGTTTAGTCACTCGC,340290,CACTCGCCAGGCCTAG
3404,CTGTTTAGTGGATTCA,340400,CACTCGCCAGGTTCCC
3405,CTGTTTAGTGGTGAGA,340406,CACTCGCCAATTGAGT
3406,CTGTTTAGTTAAGGTT,340443,CACTCGCCATTGTCCG
3407,CTGTTTAGTTGTCCAT,340530,CACTCGCCATGGAGGA
3408,CTTAACAAGCAGGTTT,340641,CAGTTTGTCGCCTAAC
3409,CTTAACAAGGTATTGC,340827,CAGTTTGTCCAGGAAT
3410,CTTAACAAGTGAACGA,340904,CAGTTTGTCTGGATCC
3411,CTTAACAAGTGATTCA,340912,CAGTTTGTCTCACTTC
3412,CTTAACAAGTTGCGTG,340940,CAGTTTGTCATAGCGG
3413,CTTAAGATCACGCATG,340995,CAAGGTTAGTTACCCA
3414,CTTAAGATCAGAAACG,341006,CAAGGTTAGGCAATGT
3415,CTTAAGATCCCTCGCA,341107,CAAGGTTAGCCGGTAA
3416,CTTAAGATCTTTGAGA,341337,CAAGGTTAGACATAGC
3417,CTTAAGGGTTACTAGG,341605,ACTTCGTCATGACAAT
3418,CTTAAGGGTTTACGTC,341691,ACTTCGTCAATCGTGA
3419,CTTAAGGGTTTATGGG,341698,ACTTCGTCACTGTCAT
3420,CTTAAGGGTTTGTTGC,341720,ACTTCGTCAGCTCGCT
3421,CTTAATGAGCACCACA,341781,AGCAAACTCTAACTGT
3422,CTTAATGAGGGCCACT,341960,AGCAAACTCCAACCTA
3423,CTTAATGAGGGCTTAT,341963,AGCAAACTCAAATACG
3424,CTTAATGAGTCACTAA,342034,AGCAAACTCGATTATC
3425,CTTACCGGTAGTTAAC,342170,ACTGAATCATCCGGGA
3426,CTTACCGGTCGTTACT,342252,ACTGAATCAAAGGACG
3427,CTTACCGGTGGTTATG,342324,ACTGAATCAAAGGAAC
3428,CTTACCGGTTCGGGAT,342415,ACTGAATCATGCATCT
3429,CTTACCTCAATTAGGA,342585,TATACTGGTGGTTAAG
3430,CTTACCTCACAAAGGT,342596,TATACTGGTCACACCA
3431,CTTACCTCAGAGGGAG,342683,TATACTGGTGCAACAA
3432,CTTACCTCAGCATGAG,342697,TATACTGGTTACTCCC
3433,CTTACCTCAGGCGAGT,342733,TATACTGGTAACCTAC
3434,CTTACCTCATGATTGT,342823,TATACTGGTAGGTTAG
3435,CTTACTAGTAGCCATA,342921,TTCTAGCCAGGTAACC
3436,CTTACTAGTCATGAGC,342983,TTCTAGCCAAGGCCTG
3437,CTTACTAGTCTCAGCC,343025,TTCTAGCCAACAAAGA
3438,CTTACTAGTTACGCGG,343136,TTCTAGCCAACGGTTA
3439,CTTAGGAGTACTTCAC,343300,CGCGTGACAACATAGT
3440,CTTAGGAGTATTGGAT,343330,CGCGTGACATTACTGC
3441,CTTAGGAGTGTTGCAA,343490,CGCGTGACACCGTTAT
3442,CTTAGGAGTTCCATTA,343553,CGCGTGACAATTGCTC
3443,CTTAGTTTCAATGTCA,343658,AATGGTCAGCTTTACG
3444,CTTAGTTTCCCTGACT,343789,AATGGTCAGGTGGGAG
3445,CTTAGTTTCCGGTATG,343807,AATGGTCAGTTAACGA
3446,CTTAGTTTCCTAAATG,343815,AATGGTCAGATAACCA
3447,CTTAGTTTCGCCTGTT,343884,AATGGTCAGCCTTCAA
3448,CTTATGTTCACTCAAA,344066,CAACATAAGGTGCGTA
3449,CTTATGTTCTTGGACG,344393,CAACATAAGAATCACA
3450,CTTATTGGTCACAGCG,344499,CATCACTCACGCAATA
3451,CTTATTGGTCCTTTAA,344540,CATCACTCAGAAATGA
3452,CTTATTGGTCTAACCT,344553,CATCACTCAAACTAGT
3453,CTTATTGGTTCATCTA,344700,CATCACTCAGGTAAGG
3454,CTTATTGGTTGCGCGA,344727,CATCACTCACTAGCTT
3455,CTTCAAGCACAGCCAT,344909,CCATTAAGTACCTTGG
3456,CTTCAAGCACGGTTTA,344949,CCATTAAGTTCGCTTC
3457,CTTCAAGCAGCAAGTG,344989,CCATTAAGTCTAATCA
3458,CTTCAAGCAGGAATCG,345018,CCATTAAGTATCCGTG
3459,CTTCAAGCATTAAGTC,345142,CCATTAAGTGAGACTA
3460,CTTCAATTCAGGTCCA,345234,AGGGCCTAGTCATCAT
3461,CTTCAATTCGTTTCGC,345469,AGGGCCTAGCACTTGC
3462,CTTCACTCAAGTCGCT,345619,TTTCCTGGTTATGGCT
3463,CTTCACTCACACCAAC,345672,TTTCCTGGTCATAGAG
3464,CTTCACTCACCTATAG,345704,TTTCCTGGTAACGAGC
3465,CTTCACTCACTAGCGT,345726,TTTCCTGGTGCTCACA
3466,CTTCACTCAGCTACGT,345776,TTTCCTGGTGAAACAT
3467,CTTCACTCAGGAACCA,345783,TTTCCTGGTTATGTTG
3468,CTTCACTCATAGTCAT,345860,TTTCCTGGTGTACCGC
3469,CTTCAGGAGCAGCTCA,346004,TGGTCTATCTTGCTGA
3470,CTTCAGGAGCTCCTAC,346074,TGGTCTATCTTAGCCA
3471,CTTCAGGAGTTATCTC,346297,TGGTCTATCGCAATTT
3472,CTTCATCCAAACGCGA,346326,GTTGCATGTCATGGTT
3473,CTTCATCCAAACTAAG,346328,GTTGCATGTTACCCAG
3474,CTTCATCCAATTGCGC,346424,GTTGCATGTACTAACC
3475,CTTCATCCATAGCAGG,346622,GTTGCATGTAGTCATC
3476,CTTCGCGTCAGGTCCA,346770,ACAACTAAGTCATCAT
3477,CTTCGCGTCATTGCAA,346815,ACAACTAAGGTTATAG
3478,CTTCGCGTCCACCCTG,346830,ACAACTAAGCTCATGC
3479,CTTCGCGTCTAACTGA,347010,ACAACTAAGCGTATTT
3480,CTTCGCGTCTCGCCTG,347045,ACAACTAAGCTTTAAC
3481,CTTCTAAGTATTTGCC,347170,CCGCTTACACCTAACT
3482,CTTCTCAAGAAACTGG,347471,TCGATATTCGATATGA
3483,CTTCTCAAGGCTAGAA,347696,TCGATATTCACAGCCT
3484,CTTGAACAGATGCCTG,347898,TCCATAGTCCAAATAG
3485,CTTGAATCAATTGAAG,348339,AAGGCCGGTAGTCCTG
3486,CTTGAATCACGTAAGG,348404,AAGGCCGGTCCGGTTA
3487,CTTGACGAGCATGTCG,348699,CTTGCTTTCCCTCGTC
3488,CTTGACGAGCTTACTT,348772,CTTGCTTTCGCACACT
3489,CTTGACGAGGCTAGAA,348848,CTTGCTTTCACAGCCT
3490,CTTGCAACAAAGCTCC,349022,CAAATCCGTCATGATC
3491,CTTGCAACAACATAAG,349036,CAAATCCGTAACGATG
3492,CTTGCAACAAGTAAGC,349072,CAAATCCGTTAGCGTT
3493,CTTGCAACACACAATT,349125,CAAATCCGTCGGTTTG
3494,CTTGCAACACGAACAG,349166,CAAATCCGTCACACTG
3495,CTTGCAACAGTACCGT,349273,CAAATCCGTATAGCTC
3496,CTTGCAACATATTGAC,349316,CAAATCCGTGCCGGAA
3497,CTTGCATGTCAAGACC,349478,TGAGATTCAGTGCAAC
3498,CTTGCATGTCTTGCTG,349548,TGAGATTCATGGATAT
3499,CTTGCATGTTTACGTC,349743,TGAGATTCAATCGTGA
3500,CTTGCGCGTGCAACTA,349955,AGTACTGCAGTATGTG
3501,CTTGCGCGTTGCTGGG,350100,AGTACTGCACTCAGTT
3502,CTTGCTCAGCATTTCT,350235,GGGCAACTCCAAATTC
3503,CTTGCTCAGCGTGCGT,350277,GGGCAACTCTTGCATG
3504,CTTGCTCAGCTATATG,350284,GGGCAACTCGTTAAAG
3505,CTTGCTCAGCTTCTCA,350309,GGGCAACTCTTTAGGT
3506,CTTGCTCAGGACTTAC,350333,GGGCAACTCGCCTGTG
3507,CTTGCTCAGGAGGACT,350337,GGGCAACTCACATTAC
3508,CTTGCTCAGGAGGTTA,350340,GGGCAACTCTAAATCC
3509,CTTGCTCAGGCGAATA,350368,GGGCAACTCCTGCAAC
3510,CTTGCTCAGGCTGGCT,350383,GGGCAACTCTCACAGC
3511,CTTGCTCAGTGCACGC,350497,GGGCAACTCTAAGTCT
3512,CTTGGACCAAAGCGGC,350552,ACGGTTTGTGGATTAG
3513,CTTGGACCATGACTAT,350872,ACGGTTTGTTAGCTCG
3514,CTTGGACCATTAAGTC,350896,ACGGTTTGTGAGACTA
3515,CTTGTAAAGACAACGA,350937,GCTATATTCTTTAGCG
3516,CTTGTAAAGAGGAAGG,350956,GCTATATTCGCATTGC
3517,CTTGTAAAGCACCACA,350983,GCTATATTCTAACTGT
3518,CTTGTAAAGCTTACTT,351072,GCTATATTCGCACACT
3519,CTTGTAAAGGCGGATG,351141,GCTATATTCTAACTAC
3520,CTTGTAAAGTTATCTC,351283,GCTATATTCGCAATTT
3521,CTTGTCCAGATTCCTT,351353,GGCAAGCTCATTGTAC
3522,CTTGTCCAGCGCAATT,351417,GGCAAGCTCAATAGGC
3523,CTTGTCCAGGACACTT,351477,GGCAAGCTCAGCCATC
3524,CTTGTCCAGGAGGACT,351489,GGCAAGCTCACATTAC
3525,CTTGTCCAGGCAAGTA,351504,GGCAAGCTCTTGAATC
3526,CTTGTCCAGGCGCACT,351521,GGCAAGCTCAATGTGA
3527,CTTGTCCAGGGACCTC,351540,GGCAAGCTCCGTTATG
3528,CTTGTTCCAATAGCCC,351769,TGAGCTTGTTGAAGCA
3529,CTTGTTCCAATTAGCT,351788,TGAGCTTGTCCAAATC
3530,CTTGTTCCATCCAGGT,352008,TGAGCTTGTGCCTTTC
3531,CTTGTTTAGGCGGATG,352293,AGGCCTTTCTAACTAC
3532,CTTGTTTAGTTAGCCG,352429,AGGCCTTTCATGAGGT
3533,CTTGTTTAGTTATTCC,352438,AGGCCTTTCATGAAGC
3534,CTTTAGGCAAACTAAG,352466,AGGTCAAGTTACCCAG
3535,CTTTAGGCAACACCTA,352483,AGGTCAAGTTTCCTCA
3536,CTTTAGGCATTATGAC,352822,AGGTCAAGTTGGGTAA
3537,CTTTAGTTCCAATTAG,352966,GGATGAAAGCTTAAAG
3538,CTTTAGTTCCACCTTA,352970,GGATGAAAGCATAGCG
3539,CTTTAGTTCCCTCACG,352992,GGATGAAAGGCTTATT
3540,CTTTAGTTCTAATCTC,353155,GGATGAAAGCTACCTA
3541,CTTTAGTTCTTGATGA,353212,GGATGAAAGGTTACTT
3542,CTTTATCAGCACCACA,353287,CAGGCAATCTAACTGT
3543,CTTTATCAGCGCTAAT,353341,CAGGCAATCATTGACT
3544,CTTTATGGTAGTTACG,353677,ATGAATCCATTGAGAT
3545,CTTTATGGTGGACCTG,353818,ATGAATCCACAATAAC
3546,CTTTATGGTGGTGAGA,353828,ATGAATCCAATTGAGT
3547,CTTTATGGTGTAACCA,353833,ATGAATCCATAGCATG
3548,CTTTCTTGTGGTGAGA,354210,GCAAGCTCAATTGAGT
3549,CTTTCTTGTTAAGGCC,354246,GCAAGCTCATAGTGAT
3550,CTTTCTTGTTAGGTGC,354274,GCAAGCTCAGGTGACT
3551,CTTTGAGCAACTGGCT,354416,GCTGACCGTCTTGACG
3552,CTTTGAGCACCTCGCT,354529,GCTGACCGTTGGGTTT
3553,CTTTGAGCACCTGCCT,354530,GCTGACCGTATATTCG
3554,CTTTGAGCACTAAGAA,354545,GCTGACCGTGTCACGC
3555,CTTTGAGCAGCAAGTG,354579,GCTGACCGTCTAATCA
3556,CTTTGAGCAGTCTATG,354648,GCTGACCGTTGACCAT
3557,CTTTGGGAGACTTATG,354784,GACATAATCGCTTGAC
3558,CTTTGGGAGCAAGGTA,354814,GACATAATCAGCGGGT
3559,CTTTGGGAGCATGTCG,354835,GACATAATCCCTCGTC
3560,CTTTGGGAGCTCGCTT,354898,GACATAATCACACCGT
3561,CTTTGGGAGCTGGAAA,354901,GACATAATCCTAAGAA
3562,CTTTGGGAGGCGCACT,354973,GACATAATCAATGTGA
3563,CTTTGGGAGGCGTAAA,354979,GACATAATCCGGGTTT
3564,CTTTGGTGTAGTTGGC,355210,AGTAATCCAAGGGCTT
3565,CTTTGGTGTGGTTATG,355362,AGTAATCCAAAGGAAC
3566,CTTTGGTGTTGCTGGG,355470,AGTAATCCACTCAGTT
3567,CTTTGTCCACAACAAA,355635,CGTTTGGGTTACGAAG
3568,CTTTGTCCATAGCGAG,355827,CGTTTGGGTCTAACCG
3569,GAAACCCGTGTGCAAC,356139,TCTAACCCACGTAGCG
3570,GAAACCCGTTAGAGCC,356179,TCTAACCCACCTCACA
3571,GAAACTGAGAATGACG,356301,ACAGCCTTCCCACCCT
3572,GAAACTGAGATGCCTG,356334,ACAGCCTTCCAAATAG
3573,GAAACTGAGCATGCAT,356365,ACAGCCTTCCCAATTG
3574,GAAACTGAGGCTGGCT,356519,ACAGCCTTCTCACAGC
3575,GAAACTGAGTAAACCC,356572,ACAGCCTTCATAAGCA
3576,GAAACTGAGTTATGGC,356652,ACAGCCTTCTGTGATT
3577,GAAAGCCAGGCAACAA,356871,GAAGTTATCAGGACCA
3578,GAAAGCCAGTGAGCAA,357012,GAAGTTATCTAATCGT
3579,GAAAGCCAGTTGTCAA,357048,GAAGTTATCACCTGGT
3580,GAAAGGCTCATGCGTG,357149,GATCAGTAGCTAATCT
3581,GAAAGGCTCATTTAGG,357173,GATCAGTAGCATGGAT
3582,GAAAGGCTCGAGGAGT,357290,GATCAGTAGTTCGCGT
3583,GAAAGGCTCTGTAAGC,357408,GATCAGTAGTTAACCT
3584,GAACACAAGAGCAAGC,357473,ATCCTAGTCAGGCTAG
3585,GAACACAAGCTTCTCA,357597,ATCCTAGTCTTTAGGT
3586,GAACACAAGGAAACTG,357601,ATCCTAGTCGTTTCTC
3587,GAACACAAGTCAATTG,357752,ATCCTAGTCTTTGGTG
3588,GAACACAAGTTCCTGC,357810,ATCCTAGTCCGTCAAC
3589,GAACCAAAGACACTTA,357844,GTTGAGGTCCTAAGCC
3590,GAACCAAAGCGATACT,357935,GTTGAGGTCAGCTATT
3591,GAACCAAAGCTTAGTA,357978,GTTGAGGTCCGCTAAC
3592,GAACCAAAGTCAGTAC,358143,GTTGAGGTCTGCAACC
3593,GAACCAAAGTTGGCCA,358198,GTTGAGGTCCTTATGG
3594,GAACCAGCAAACTCAT,358219,TGATTGCGTCAGTGCC
3595,GAACCAGCACAGCCTG,358336,TGATTGCGTATTGAGG
3596,GAACCAGCACCTACTT,358361,TGATTGCGTAGCGGAT
3597,GAACCAGCACCTCGCT,358365,TGATTGCGTTGGGTTT
3598,GAACCAGCACTAAGCC,358382,TGATTGCGTTAGGCGG
3599,GAACCAGCATCCGTAA,358532,TGATTGCGTACGTAAG
3600,GAACCGCTCACATTGA,358628,TATCCATAGAGAGCAA
3601,GAACCGCTCACCATTT,358630,TATCCATAGGCTTGCT
3602,GAACCGCTCAGGATGA,358656,TATCCATAGGGCTTTC
3603,GAACCGCTCATTAGTG,358701,TATCCATAGAAATGCC
3604,GAACCGCTCCTGGTGA,358804,TATCCATAGACACGCA
3605,GAACCGCTCGTAATCA,358877,TATCCATAGGTTGCGA
3606,GAACCGCTCGTTACTT,358888,TATCCATAGGGACTTG
3607,GAACCTGTCCCGCATT,359122,AGCGCTAAGTTAGGCG
3608,GAACCTGTCCGTGACA,359156,AGCGCTAAGATTGCCC
3609,GAACCTGTCCGTTATT,359158,AGCGCTAAGTGCTGAG
3610,GAACCTGTCTGCAACG,359322,AGCGCTAAGCCTTGCG
3611,GAACCTTAGAATGACG,359373,ACTTGCATCCCACCCT
3612,GAACCTTAGGCGAAAC,359575,ACTTGCATCACGCCCA
3613,GAACCTTAGGCGCTAC,359579,ACTTGCATCGCTAGCT
3614,GAACCTTAGGGACGCA,359597,ACTTGCATCCACCCTC
3615,GAACGAATCACAGCGC,359778,TTTAGCTAGGGCTACA
3616,GAACGAATCGCACAAT,359990,TTTAGCTAGGCTAGCA
3617,GAACGAATCGTCCTTA,360033,TTTAGCTAGCGGGAAG
3618,GAACTTATCATGACCG,360216,TATAGTGAGTCAAGAC
3619,GAACTTATCCACCTGT,360257,TATAGTGAGGTAAGTC
3620,GAACTTATCGAGGTGG,360363,TATAGTGAGTAAGTCA
3621,GAACTTATCGGGATTT,360400,TATAGTGAGCTTAGTT
3622,GAACTTATCTTGACCC,360497,TATAGTGAGGAGCAGG
3623,GAAGCCTGTCACAGAC,360610,CTTGTGTCAGCCAATA
3624,GAAGCCTGTCATCATC,360625,CTTGTGTCATTGCCCA
3625,GAAGCCTGTTGCTTCG,360843,CTTGTGTCAGAGAGCA
3626,GAAGCTAAGCACAGAA,360954,GACTTTGTCTTAAGGA
3627,GAAGCTAAGTGTTGCG,361244,GACTTTGTCGCTAATT
3628,GAAGCTAAGTTAGTTG,361255,GACTTTGTCTACCTGA
3629,GAAGGAACAAACTGTT,361291,ATGGCGGGTTTGTTGA
3630,GAAGGAACAAATTGCT,361303,ATGGCGGGTAAGTACG
3631,GAAGGAACAACTAGCC,361319,ATGGCGGGTTGTTGTA
3632,GAAGGAACAATTAGGA,361379,ATGGCGGGTGGTTAAG
3633,GAAGGAACACAGACTC,361404,ATGGCGGGTACCGGCT
3634,GAAGGAACAGCAACCT,361482,ATGGCGGGTTCTGGCA
3635,GAAGGAACATATAACC,361589,ATGGCGGGTTAGGCTT
3636,GAAGGATGTAAGCTCA,361678,GTAATCGCATAGCGAC
3637,GAAGGATGTAATTAGC,361693,GTAATCGCAGTTGGGT
3638,GAAGGATGTGCTGTAA,361865,GTAATCGCATAACCAG
3639,GAAGGATGTTATCCGT,361952,GTAATCGCAAAGTCAT
3640,GAAGGATGTTTCCACG,362027,GTAATCGCAGGCCAAT
3641,GAAGGATGTTTGAGCA,362033,GTAATCGCATAGACGC
3642,GAAGGCCCAAATTGCT,362069,TTACTAGGTAAGTACG
3643,GAAGGCCCACCTGTAA,362205,TTACTAGGTTTATGGC
3644,GAAGGCCCAGTTTGGC,362329,TTACTAGGTCGGTTAT
3645,GAAGGCCCATAGCTGC,362351,TTACTAGGTCATCATA
3646,GAAGGCTAGACACCGC,362447,TTGCGGTTCAGGAGGG
3647,GAAGGCTAGCACTAGT,362495,TTGCGGTTCCGCCATG
3648,GAAGGCTAGCTAAAGG,362554,TTGCGGTTCGCTCAGT
3649,GAAGGCTAGGCTACTG,362655,TTGCGGTTCCTTGAGC
3650,GAAGGCTAGTAACCAC,362715,TTGCGGTTCTCAAACT
3651,GAAGGCTAGTGAACGA,362764,TTGCGGTTCTGGATCC
3652,GAAGTAAGTAGGTTTG,362877,ATTGAACCACCAACAA
3653,GAAGTAAGTATTCGCT,362888,ATTGAACCAGGATGGA
3654,GAAGTAAGTGCTCCAC,363012,ATTGAACCATGCTTTA
3655,GAAGTAAGTGTTGTGA,363055,ATTGAACCATGAAGCC
3656,GAAGTAAGTTTAACGG,363165,ATTGAACCATTTGTCA
3657,GAAGTAAGTTTAGCTC,363170,ATTGAACCAGCAAGCT
3658,GAAGTATAGCGGTTAT,363317,AGATTGATCGCGAAGC
3659,GAAGTATAGTCACTCC,363511,AGATTGATCGCGATAG
3660,GAAGTATAGTGCTGTG,363540,AGATTGATCAACCGGA
3661,GAAGTATAGTTAACCA,363546,AGATTGATCGCTATAT
3662,GAAGTATAGTTAGCCG,363551,AGATTGATCATGAGGT
3663,GAAGTATAGTTGCCTC,363565,AGATTGATCAGCACGA
3664,GAAGTATAGTTTAACG,363573,AGATTGATCAAGCGCA
3665,GAAGTCAAGGCATTAC,363784,CAGTCTATCAAAGGGA
3666,GAAGTCAAGGTCCACA,363841,CAGTCTATCGTTAGCC
3667,GAAGTCAAGTTAGAGG,363934,CAGTCTATCTAAGCTT
3668,GAAGTGATCCACCTTA,364092,GCGCTAAAGCATAGCG
3669,GAAGTGATCCCGTTAC,364110,GCGCTAAAGCTAAATG
3670,GAAGTGATCCCTCAGT,364115,GCGCTAAAGAGCTGCA
3671,GAAGTGATCCTAGTAA,364154,GCGCTAAAGTGCTCCG
3672,GAAGTGATCTCCATGC,364300,GCGCTAAAGTTACATC
3673,GAAGTGATCTGCAACG,364308,GCGCTAAAGCCTTGCG
3674,GAATTTGTCAGGAACA,364408,CTTGACCAGAGAGGCG
3675,GAATTTGTCCATAAGC,364482,CTTGACCAGGAGCTTG
3676,GAATTTGTCTTGAGCG,364716,CTTGACCAGTCACCTA
3677,GACAATACAAGGCCAA,364789,GTAGCGGGTGAATCGA
3678,GACAATACAATTAACC,364828,GTAGCGGGTATCGGCC
3679,GACAATACAGGACCTT,364969,GTAGCGGGTTGCTCTC
3680,GACAATACAGTTTGGC,365015,GTAGCGGGTCGGTTAT
3681,GACAATACATAATGAG,365027,GTAGCGGGTCCCAGAC
3682,GACAATACATCAATCG,365043,GTAGCGGGTGTAACCT
3683,GACACCGGTAATCCCT,365138,AAGCGCTCAGCCTGAG
3684,GACACCGGTCAAGTAT,365205,AAGCGCTCATGACAGC
3685,GACACCGGTGTTTGCT,365360,AAGCGCTCATCCTAGT
3686,GACACCGGTTATAGCG,365403,AAGCGCTCATTCAGGA
3687,GACACCGGTTCCTCCT,365421,AAGCGCTCACGTAGGT
3688,GACACCGGTTGTGATG,365460,AAGCGCTCAAGTCCTT
3689,GACATAGAGAAAGCAT,365882,CTTAAGTTCGACAAAC
3690,GACATAGAGGAGGGTT,366065,CTTAAGTTCGCTATGC
3691,GACATAGAGGGACGCA,366115,CTTAAGTTCCACCCTC
3692,GACATAGAGGGTCTAT,366126,CTTAAGTTCTCAAATC
3693,GACATAGAGGTATTGC,366137,CTTAAGTTCCAGGAAT
3694,GACATAGAGTTATTCC,366244,CTTAAGTTCATGAAGC
3695,GACATTATCGGGCCAT,366535,TACGTCCAGCATATTC
3696,GACATTATCTGGCAAT,366610,TACGTCCAGGGTGGGA
3697,GACCGAACACCTGCTC,366805,CCCGTTTGTACACCGC
3698,GACCGAACACCTGGTG,366806,CCCGTTTGTTAATCCA
3699,GACCGAACAGTATGTT,366919,CCCGTTTGTGCAGTAA
3700,GACCGTTCAAATTGCT,367055,TAGGTGAGTAAGTACG
3701,GACCGTTCAGACAAAC,367226,TAGGTGAGTAGTTGGA
3702,GACCGTTCATCATGTG,367349,TAGGTGAGTCCCGGAT
3703,GACCGTTCATTATGGT,367398,TAGGTGAGTACTTACA
3704,GACCTAAGTATTTGGG,367499,GGCTGATCATGCGCCT
3705,GACCTAAGTCCTAATC,367547,GGCTGATCACGGTAAC
3706,GACCTAGTCATTTGCT,367914,GAGATTCAGCTTTAGT
3707,GACCTAGTCCTCATGC,367996,GAGATTCAGGTGAATC
3708,GACCTAGTCGTACCGA,368082,GAGATTCAGCTTAGAA
3709,GACCTAGTCGTTAGTA,368094,GAGATTCAGATTAGGC
3710,GACCTCAAGGATTTGC,368378,TTGCTGATCATTACAC
3711,GACCTCAAGGTCCTGA,368446,TTGCTGATCTATATGC
3712,GACCTCAAGTGGCGGA,368528,TTGCTGATCCTGTTAG
3713,GACCTCAAGTTTGTCT,368566,TTGCTGATCCTCATGA
3714,GACCTGATCAAACCTA,368569,CCCGATTAGGTGCTTC
3715,GACCTGATCATTACAG,368668,CCCGATTAGGACCATG
3716,GACCTGATCCCGTTAC,368712,CCCGATTAGCTAAATG
3717,GACCTGATCCGCCAAA,368732,CCCGATTAGCCTGGTT
3718,GACCTGATCGATTATG,368803,CCCGATTAGGAACAAG
3719,GACCTGATCGCGCTAA,368818,CCCGATTAGCGCTAGA
3720,GACCTGATCGCTATAA,368824,CCCGATTAGGATTGAC
3721,GACCTGCAGGTCCACA,369211,CCAAAGGTCGTTAGCC
3722,GACCTGCAGGTGAAAT,369218,CCAAAGGTCTCAATCG
3723,GACCTTTGTCACGGAT,369435,GGTGCATCATTGACTC
3724,GACCTTTGTCCAAATG,369454,GGTGCATCATGGATTG
3725,GACCTTTGTCGCATAA,369478,GGTGCATCAACCTACT
3726,GACGCAACACTTAGGC,369901,TAGGCTTGTCATTTCT
3727,GACGCAACATGTTTGG,370070,TAGGCTTGTTTATCCT
3728,GACGCAACATTCCTCG,370084,TAGGCTTGTTGGTGAA
3729,GACGCCTAGCAAACCT,370149,CGATTATTCGGTTCAC
3730,GACGCCTAGGACCAGG,370272,CGATTATTCTGTGCTA
3731,GACGCCTAGGGCTTAT,370343,CGATTATTCAAATACG
3732,GACGTAAAGACCATAC,370505,TTGGCTATCTCCATGA
3733,GACGTAAAGCCTGATG,370583,TTGGCTATCAGGTTGG
3734,GACGTAAAGGCAACAA,370681,TTGGCTATCAGGACCA
3735,GACGTAAAGTTTGCGG,370865,TTGGCTATCTTGACCA
3736,GACTAATGTAATCACG,370889,GGTGTACCAACGTGGT
3737,GACTAATGTACCCACC,370901,GGTGTACCACCTTCTC
3738,GACTAATGTTAATGCG,371127,GGTGTACCACCTCGAC
3739,GACTAATGTTCGCTTG,371178,GGTGTACCACTTGCTG
3740,GACTAATGTTGAGCCG,371185,GGTGTACCAGCAAATT
3741,GACTAATGTTGGTTCT,371205,GGTGTACCACAAGGCT
3742,GACTAATGTTTATTCG,371229,GGTGTACCATATGGTG
3743,GACTAATGTTTGTCTA,371248,GGTGTACCAGGTTGTA
3744,GACTATTCAAACCTAT,371254,TTCGCAGGTGCGCGAA
3745,GACTATTCAAGCGAGC,371298,TTCGCAGGTGAGTCCC
3746,GACTATTCACGTTACA,371419,TTCGCAGGTTACAGCT
3747,GACTATTCAGAAACGT,371439,TTCGCAGGTGCACGCT
3748,GACTATTCAGTTATCG,371528,TTCGCAGGTTTATTCC
3749,GACTATTCATCTAGCA,371578,TTCGCAGGTTTAACCA
3750,GACTATTCATGCAACC,371588,TTCGCAGGTTGGGCCT
3751,GACTCACCAAGGTCCT,371696,TTGCTCCGTTTGGCTG
3752,GACTCACCATTGACAT,372004,TTGCTCCGTCAATTGC
3753,GACTTACAGAATCTCA,372028,GACCAAGTCTTAGGTT
3754,GACTTACAGATTCCTT,372065,GACCAAGTCATTGTAC
3755,GACTTACAGCATGGTT,372094,GACCAAGTCATCCTCT
3756,GACTTAGGTACTTCAC,372450,TTAGGATCAACATAGT
3757,GACTTAGGTATTCGCT,372476,TTAGGATCAGGATGGA
3758,GACTTAGGTATTGAGT,372478,TTAGGATCACTCGCAC
3759,GACTTAGGTGCGCAAT,372594,TTAGGATCATAAGCCA
3760,GACTTAGGTTAGGTTG,372685,TTAGGATCATTAACCC
3761,GACTTAGGTTCATCTA,372700,TTAGGATCAGGTAAGG
3762,GACTTGGTCCCAGTAG,372922,AGAGCAAAGGCACAAT
3763,GACTTGGTCCTTAGGG,372998,AGAGCAAAGCATCCTA
3764,GAGAAACGTCGACTAA,373308,TGGATTGCAGTTTCTA
3765,GAGAAACGTCGTTATC,373317,TGGATTGCAGTGAGAG
3766,GAGAAACGTGTGCACG,373400,TGGATTGCAATACCCT
3767,GAGAACCAGCAAGGAC,373604,GTATTGTTCGCGAAAT
3768,GAGAACCAGGACCTGC,373725,GTATTGTTCGGTTAGG
3769,GAGAACCAGGTCGATT,373816,GTATTGTTCTCTCGCC
3770,GAGAACCAGTAAGAAC,373840,GTATTGTTCCTTCAAG
3771,GAGAGGCGTAGTTGGC,374002,GCAAGGACAAGGGCTT
3772,GAGATAAGTAGCAGCT,374366,TAGGCTACAGGAAGCA
3773,GAGATAAGTTCACTGT,374613,TAGGCTACAATAGCCA
3774,GAGATAAGTTCGGGAT,374627,TAGGCTACATGCATCT
3775,GAGCAAATCAAGCCTG,374708,GCTTCTAAGATTCACT
3776,GAGCAAATCAATAGCC,374716,GCTTCTAAGCGCTTGT
3777,GAGCAAATCACGTTAA,374742,GCTTCTAAGCTCCTAA
3778,GAGCAAATCTCAATGA,375025,GCTTCTAAGGCTTGTC
3779,GAGCAAATCTGTAATG,375049,GCTTCTAAGTCGCGAA
3780,GAGCAAATCTTAGGGT,375061,GCTTCTAAGCATTAAG
3781,GAGCAAGGTTACCGGG,375345,AGATAAGCACTTCAAC
3782,GAGCATGCAATTGAAG,375565,ACCGCGTGTAGTCCTG
3783,GAGCATGCATCCAGGT,375782,ACCGCGTGTGCCTTTC
3784,GAGCATGCATGTTTGG,375818,ACCGCGTGTTTATCCT
3785,GAGCATGCATTAAACC,375819,ACCGCGTGTTATGTCA
3786,GAGCCACTCCCTCAAC,375997,TTGTCATAGATTGACA
3787,GAGCCACTCCTCCCTC,376048,TTGTCATAGTGATTCT
3788,GAGCCACTCGGTCAGC,376123,TTGTCATAGGCAATAC
3789,GAGCCACTCGGTTTCC,376128,TTGTCATAGTTTCTCC
3790,GAGCCACTCTTGGACG,376223,TTGTCATAGAATCACA
3791,GAGCCTTCAAAGCGGC,376246,AGAGCCGGTGGATTAG
3792,GAGCCTTCAGTTTGGC,376515,AGAGCCGGTCGGTTAT
3793,GAGCGAAGTAATCACG,376637,CTTCCTCCAACGTGGT
3794,GAGCGAAGTGCCTCAC,376807,CTTCCTCCAATAGAGA
3795,GAGCGAAGTTAGGACC,376894,CTTCCTCCACGCTAGG
3796,GAGCGATAGCCACAAT,377081,AATGCAATCGATCCGT
3797,GAGCGATAGCCACATG,377082,AATGCAATCTTGTTGG
3798,GAGCGATAGGGATGCG,377236,AATGCAATCCGAAACG
3799,GAGCGGTCAACCCTCC,377414,GACAAGCGTTCCATTT
3800,GAGCGGTCAGAGGCTA,377578,GACAAGCGTAAGTGCA
3801,GAGCGGTCAGCATGAG,377593,GACAAGCGTTACTCCC
3802,GAGCGGTCATGGTTAT,377728,GACAAGCGTCATTATG
3803,GAGCTAGCAACCGCCA,377799,GATCCTGGTTGACCGC
3804,GAGCTAGCACCTGCTC,377923,GATCCTGGTACACCGC
3805,GAGCTAGCAGAGGCTA,377962,GATCCTGGTAAGTGCA
3806,GAGCTAGCAGCAAGGC,377970,GATCCTGGTCGCATAT
3807,GAGCTAGCAGCATGAG,377977,GATCCTGGTTACTCCC
3808,GAGCTAGCAGTTAGCC,378043,GATCCTGGTCCCTCTG
3809,GAGCTAGCATCTTGAG,378095,GATCCTGGTGATCCTG
3810,GAGCTAGCATTATGAC,378130,GATCCTGGTTGGGTAA
3811,GAGCTGCTCACTCGCT,378199,TCAAGCGAGACTTAGA
3812,GAGCTGCTCAGGTTTA,378217,TCAAGCGAGTGCACCT
3813,GAGCTGCTCCAAGTGT,378271,TCAAGCGAGTCACACC
3814,GAGCTGCTCGACCTGA,378378,TCAAGCGAGTTTGACT
3815,GAGCTGCTCGTGCCTT,378438,TCAAGCGAGGACACGC
3816,GAGCTGCTCTTAGCCC,378510,TCAAGCGAGTCTTAGT
3817,GAGCTTAGTTCGCTCA,378843,ATAAAGGCAGGTGAGA
3818,GAGCTTAGTTGCCTCA,378858,ATAAAGGCAGGTTACA
3819,GAGCTTAGTTTGGTTC,378913,ATAAAGGCACATGCAA
3820,GAGCTTGTCAAGTGTC,378932,AGCCTCTAGCAAGTCG
3821,GAGCTTGTCGGGATTT,379186,AGCCTCTAGCTTAGTT
3822,GAGCTTGTCGTGCTTC,379206,AGCCTCTAGTCATAAG
3823,GAGGACTAGCAGGTGG,379370,TAATTGCTCGCGACTT
3824,GAGGACTAGCTCGCTT,379440,TAATTGCTCACACCGT
3825,GAGGACTAGGACCGCT,379473,TAATTGCTCATAACCT
3826,GAGGACTAGGAGTCTT,379489,TAATTGCTCGATAAGC
3827,GAGGACTAGGCAAGTA,379498,TAATTGCTCTTGAATC
3828,GAGGACTAGGCTCATG,379528,TAATTGCTCAGGGATT
3829,GAGGACTAGTAACAGG,379584,TAATTGCTCGCTTCAA
3830,GAGGACTAGTACTGGT,379596,TAATTGCTCACAGATA
3831,GAGGACTAGTTAGCCG,379655,TAATTGCTCATGAGGT
3832,GAGGACTAGTTGCCTC,379669,TAATTGCTCAGCACGA
3833,GAGGAGGCAACTAGGG,379724,CGCAATTGTTAGTTGC
3834,GAGGAGGCATAATGTC,379980,CGCAATTGTGCAAGTA
3835,GAGGAGGCATAGACCC,379984,CGCAATTGTAAAGGTT
3836,GAGGCAAGTTGCCTCA,380392,CGCTGGACAGGTTACA
3837,GAGGCCTTCCGTTAAA,380629,GCTATTTAGTAACCGG
3838,GAGGCCTTCGCGCTAA,380702,GCTATTTAGCGCTAGA
3839,GAGGCTTGTCACAGCG,381315,GGGATGACACGCAATA
3840,GAGGCTTGTCCGTGAG,381346,GGGATGACATGGTTAG
3841,GAGGCTTGTCCTAATC,381349,GGGATGACACGGTAAC
3842,GAGGCTTGTGCTAGAC,381413,GGGATGACAGTAATCG
3843,GAGGCTTGTGGAGCAA,381427,GGGATGACAGCCTAAA
3844,GAGGCTTGTGGATGTC,381428,GGGATGACAGCTAGAC
3845,GAGGCTTGTTCATCTA,381516,GGGATGACAGGTAAGG
3846,GAGGGAGCACCAACCG,381737,ATTGCGTGTACTGGCC
3847,GAGGGAGCAGTAGCCT,381868,ATTGCGTGTTGCTCAG
3848,GAGGTACAGCACAGGG,382044,CGTAAGGTCCAATTGT
3849,GAGGTACAGGACACTT,382155,CGTAAGGTCAGCCATC
3850,GAGGTACAGGAGTCGG,382172,CGTAAGGTCAATCGGG
3851,GAGGTACAGGTTTGCG,382265,CGTAAGGTCAGCCTTA
3852,GAGGTAGGTAAGCTCA,382382,CTGCTCACATAGCGAC
3853,GAGGTAGGTATTTGCC,382450,CTGCTCACACCTAACT
3854,GAGGTAGGTGCTGTAA,382569,CTGCTCACATAACCAG
3855,GAGGTAGGTGTAATAC,382592,CTGCTCACAAGCGCTG
3856,GAGGTGAGTACGATTG,382789,TGTTGCTCATGCGGAT
3857,GAGGTGAGTCACTCGC,382852,TGTTGCTCAGGCCTAG
3858,GAGGTGAGTGGAGCAA,382959,TGTTGCTCAGCCTAAA
3859,GAGGTGAGTTAACGAT,382999,TGTTGCTCAGTTTCCG
3860,GAGGTGAGTTCCGGCT,383053,TGTTGCTCATGCCTGC
3861,GAGGTGAGTTGCGCGA,383075,TGTTGCTCACTAGCTT
3862,GAGGTTAAGACACTTA,383150,TTGCTTCTCCTAAGCC
3863,GAGGTTAAGGCATGTT,383335,TTGCTTCTCACCTATG
3864,GAGGTTAAGGTTAGCT,383410,TTGCTTCTCTAACCAT
3865,GAGGTTAAGTAGCGGG,383432,TTGCTTCTCTAACCGC
3866,GAGTAACCAATGCCTA,383610,TGAGCAAGTAACCGTT
3867,GAGTAACCAATTGCGC,383620,TGAGCAAGTACTAACC
3868,GAGTAACCAGCAGGTA,383726,TGAGCAAGTACCGTTG
3869,GAGTAACCAGTAGGTG,383786,TGAGCAAGTACCTTAA
3870,GAGTAACCATAGCTTG,383822,TGAGCAAGTGTGATGA
3871,GAGTAATAGCTACTGG,384028,AGCGCAATCGTGATGG
3872,GAGTAATAGGGCCACT,384140,AGCGCAATCCAACCTA
3873,GAGTAATAGGGTGAGT,384148,AGCGCAATCACATAGA
3874,GAGTATCTCCAATAGC,384407,CCCACATAGCATGTTT
3875,GAGTATCTCCGCACAA,384448,CCCACATAGTAAACTG
3876,GAGTATCTCTTAGTCT,384648,CCCACATAGATTGAGC
3877,GAGTCAAAGATTGAGG,384716,TTGGACCTCAAGCCAG
3878,GAGTCAAAGCTTAGCG,384819,TTGGACCTCGAGGCGT
3879,GAGTCAAAGGCGCTTA,384886,TTGGACCTCCAATTAC
3880,GAGTCAAAGTCATTGA,384989,TTGGACCTCATGATGA
3881,GAGTCAAAGTGGCGGA,385014,TTGGACCTCCTGTTAG
3882,GAGTCATTCAACCAAC,385060,TTTCAGTAGTCTTGCA
3883,GAGTCATTCATGGCTG,385148,TTTCAGTAGGACGAAA
3884,GAGTCATTCGGCTATG,385319,TTTCAGTAGTGGCTTC
3885,GAGTCATTCGTTTCTG,385354,TTTCAGTAGCATGAGT
3886,GAGTCATTCTTAGCGG,385413,TTTCAGTAGGGTCTAG
3887,GAGTGAGGTCCGCTGT,385561,AGTAACTCAGCTCATT
3888,GAGTGAGGTGACATGC,385602,AGTAACTCAACAGGGA
3889,GAGTGATCAAATATCC,385838,ACATTGCGTTGTGACT
3890,GAGTGATCAATTTGGT,385924,ACATTGCGTTTGAGTC
3891,GAGTGATCAGCAAGGC,386022,ACATTGCGTCGCATAT
3892,GAGTGATCATTGTGAT,386196,ACATTGCGTGTAATGG
3893,GAGTGTTTCCTCAGTC,386398,CGAGCTAAGAAGCAAG
3894,GAGTTACTCAGCATTA,386643,AATATCGAGCGAAGTT
3895,GAGTTACTCAGGATGA,386648,AATATCGAGGGCTTTC
3896,GAGTTACTCCCGTTGT,386733,AATATCGAGGTAGCTG
3897,GAGTTACTCTTACTCG,386945,AATATCGAGAGGGACG
3898,GAGTTGCGTTAGTACG,387254,TCGAAGCCAACAGGCT
3899,GAGTTTGGTAGCTAAT,387406,GTCAAGCCAGAACCGT
3900,GAGTTTGGTTGCAATG,387671,GTCAAGCCAACCGTAA
3901,GATAAAGGTTAGGCTA,388015,TGTCATCCATTACCCG
3902,GATAACGAGCTAGAAG,388245,ACACCGTTCTGTAACT
3903,GATAACGAGGTTAGAG,388393,ACACCGTTCAATCGTT
3904,GATAACGAGTTAGCCG,388471,ACACCGTTCATGAGGT
3905,GATAAGCCAAGCTACC,388551,GCATTACGTGGCTTCA
3906,GATAAGCCAGGCAAGC,388741,GCATTACGTAAACCCT
3907,GATAATCGTAATGGAA,388911,GGAGTAGCAGGTTCTT
3908,GATAATCGTCAACAAT,388971,GGAGTAGCACTAAGCA
3909,GATAATCGTCAGGCAT,388988,GGAGTAGCAACCTCGC
3910,GATAATCGTGCTGGTG,389084,GGAGTAGCAAGTGCAC
3911,GATAATCGTGGATTCA,389096,GGAGTAGCAGGTTCCC
3912,GATAATCGTTTGGCTT,389260,GGAGTAGCAATCTCTA
3913,GATAATCGTTTGGGCG,389261,GGAGTAGCAAGGTGTC
3914,GATAGACCAAATGCCC,389287,CTGACCAGTATTACTG
3915,GATAGACCAAGGCCAA,389323,CTGACCAGTGAATCGA
3916,GATAGACCAAGGTATA,389327,CTGACCAGTGAACAAT
3917,GATAGACCACCAAAGG,389402,CTGACCAGTTTCCAAA
3918,GATAGACCATTCCTGT,389635,CTGACCAGTGATGGAC
3919,GATCAAGAGCAAGGAC,389704,GCTTGCGTCGCGAAAT
3920,GATCAAGAGCAAGGGT,389705,GCTTGCGTCAGAAAGG
3921,GATCAAGAGCCAGTAT,389736,GCTTGCGTCCCGGAAA
3922,GATCAAGAGGCATTGT,389855,GCTTGCGTCCTTCGGG
3923,GATCAAGAGGGCCACT,389890,GCTTGCGTCCAACCTA
3924,GATCAAGAGGGCCATC,389891,GCTTGCGTCACCCTCC
3925,GATCAAGAGGGTTAGA,389900,GCTTGCGTCCAGCTAC
3926,GATCAAGAGGTGTTAC,389924,GCTTGCGTCGCAATCC
3927,GATCACTAGGAACGGT,390198,CTGGGAATCGTTAACT
3928,GATCACTAGGCATTAC,390238,CTGGGAATCAAAGGGA
3929,GATCACTAGTACTGGT,390330,CTGGGAATCACAGATA
3930,GATCAGGCAATGAATG,390509,CCATAACGTCATCACG
3931,GATCAGGCAGCACGAA,390626,CCATAACGTAATCACC
3932,GATCAGTTCACGAATC,390842,GGGATTTAGGATTATG
3933,GATCAGTTCATCAGTA,390881,GGGATTTAGCTTAGCC
3934,GATCAGTTCATGGTTA,390900,GGGATTTAGTTACCGC
3935,GATCCGTCAATAAGCA,391260,GTCCTTCGTTAACGGA
3936,GATCCGTCAGCAAGAT,391389,GTCCTTCGTTTACTGA
3937,GATCCGTCAGGCCAAA,391430,GTCCTTCGTTGAGGTA
3938,GATCGAGCAACAGCCT,391597,TCGTTAAGTCGATTAC
3939,GATCGAGCAATATAGG,391652,TCGTTAAGTTACGTAC
3940,GATCGAGCACCAGGTT,391710,TCGTTAAGTTTGCTGG
3941,GATCGAGCATCAGCAC,391884,TCGTTAAGTTGTGCGC
3942,GATCGAGCATCCCGCT,391890,TCGTTAAGTGTGAGTA
3943,GATCGAGCATCGTTCT,391897,TCGTTAAGTTATTGTG
3944,GATCGAGCATTGCGGT,391943,TCGTTAAGTCATTGAC
3945,GATCGATTCACAGCCA,391985,AGGGTTTAGTAACACA
3946,GATCGATTCATTACGA,392057,AGGGTTTAGGCACTAG
3947,GATCGATTCCTCACTA,392148,AGGGTTTAGTCAATCT
3948,GATCGATTCCTTGAGG,392173,AGGGTTTAGTATCCGC
3949,GATCGATTCGAGGAAC,392185,AGGGTTTAGCGATGCA
3950,GATCGATTCGATATTG,392189,AGGGTTTAGATTCTGT
3951,GATCGATTCTGGCTTC,392302,AGGGTTTAGTCAGGAT
3952,GATCGATTCTTGTCTG,392332,AGGGTTTAGGGATTTA
3953,GATCGCTCAAACTGTT,392349,GGTGGATGTTTGTTGA
3954,GATCGCTCAACTAACT,392375,GGTGGATGTTCCCGTT
3955,GATCGCTCAAGGATTA,392394,GGTGGATGTAACAGCA
3956,GATCGCTCACTTCATC,392525,GGTGGATGTATTTGGC
3957,GATCGCTCAGCAAGAT,392541,GGTGGATGTTTACTGA
3958,GATCGCTCAGGACACA,392573,GGTGGATGTCAGGCTC
3959,GATGACTTCAATCTAG,392742,TTAGCGGAGTAAGCTA
3960,GATGACTTCACACAGT,392751,TTAGCGGAGTCCCGCA
3961,GATGACTTCATTTGCT,392838,TTAGCGGAGCTTTAGT
3962,GATGACTTCCTTCGTA,392939,TTAGCGGAGAACCTAA
3963,GATGAGGGTGGTTATG,393326,CTCACCACAAAGGAAC
3964,GATGAGGGTTATCCGT,393394,CTCACCACAAAGTCAT
3965,GATGCAGCAATCCTAG,393574,GGTAAGCGTGTGCGGA
3966,GATGCAGCACACTAAT,393609,GGTAAGCGTTCACCTC
3967,GATGCAGCACCTGGTG,393646,GGTAAGCGTTAATCCA
3968,GATGCAGCAGCCGCTA,393705,GGTAAGCGTGTCCGTA
3969,GATGCAGCAGGATGGC,393727,GGTAAGCGTTGTTTGA
3970,GATGCAGCATTCCTGT,393857,GGTAAGCGTGATGGAC
3971,GATGCATTCAGGAAGC,393933,CGCCTCAAGCGTGCTT
3972,GATGCATTCATAACTG,393945,CGCCTCAAGCAGGTAT
3973,GATGCATTCCCGTTTA,394020,CGCCTCAAGCAAGGAA
3974,GATGCATTCGTTAACA,394163,CGCCTCAAGAAACCGT
3975,GATGCGACACCCACAG,394398,CATACCGGTCGCAACC
3976,GATGCGACATGCTATG,394596,CATACCGGTCACCAGC
3977,GATGCGACATGCTCCC,394597,CATACCGGTAGTAGCA
3978,GATGCTTAGGGACGCA,394875,TCAGGGATCCACCCTC
3979,GATGCTTAGTTTCCGC,395018,TCAGGGATCCCGCACA
3980,GATGGACAGGCACAGG,395224,TGCATGCTCGCTCAAC
3981,GATGGACAGGGACGCA,395259,TGCATGCTCCACCCTC
3982,GATGGACAGGGTGAGT,395272,TGCATGCTCACATAGA
3983,GATGGACAGTCACCAG,395335,TGCATGCTCACAAATG
3984,GATGGCTGTAACCTAG,395416,CCATCATCAACCTGCC
3985,GATGGCTGTACTGAAT,395453,CCATCATCAAACCAGC
3986,GATGGCTGTCCTCCAA,395541,CCATCATCAGAGAGGC
3987,GATGGCTGTGATCATG,395584,CCATCATCATGCCTCA
3988,GATGGCTGTTTAGCTC,395764,CCATCATCAGCAAGCT
3989,GATTAAGCATAAGTTC,396081,GTTCCTCGTGGACATA
3990,GATTAAGCATCCGTAA,396112,GTTCCTCGTACGTAAG
3991,GATTACGGTAAGCTCA,396188,TCGCAGGCATAGCGAC
3992,GATTACGGTGACCTGG,396341,TCGCAGGCATAGCTTC
3993,GATTACTCAATCTCTC,396645,ATGCTTAGTGAGGGTT
3994,GATTACTCACGTTACA,396725,ATGCTTAGTTACAGCT
3995,GATTACTCAGCACGAA,396764,ATGCTTAGTAATCACC
3996,GATTAGCTCCAATAGC,397063,GCAAATCAGCATGTTT
3997,GATTAGCTCCCGCCTA,397085,GCAAATCAGCCTAGTC
3998,GATTAGCTCCTGGCTT,397148,GCAAATCAGTCACTCA
3999,GATTAGCTCTCAATGA,397267,GCAAATCAGGCTTGTC
4000,GATTAGTGTATGGTGC,397395,CTATCCGCAGTATTGG
4001,GATTAGTGTATTGTCC,397404,CTATCCGCATTAGTGG
4002,GATTATGTCATGGCCA,397801,CTTGGTCAGGTATGGT
4003,GATTATGTCGCCTAAG,397955,CTTGGTCAGTAAAGGG
4004,GATTATGTCTAAGGAG,398013,CTTGGTCAGATAACTG
4005,GATTATGTCTTTGTAC,398090,CTTGGTCAGGTGGAAA
4006,GATTCAATCATCCTCA,398172,ATATGCAAGAACAAGG
4007,GATTCAATCGTTTCTG,398392,ATATGCAAGCATGAGT
4008,GATTCAGGTGGATTAT,398685,ACATAGTCATAATGCG
4009,GATTCAGGTTCATTTG,398773,ACATAGTCAAGGCTTA
4010,GATTCATCACAAAGAC,398964,TATCCAAGTGACGTAA
4011,GATTCATCAGCCAGTT,399072,TATCCAAGTACGGTTT
4012,GATTCCTGTAAGCTCA,399254,AAACCGCCATAGCGAC
4013,GATTCCTGTATTCGCT,399314,AAACCGCCAGGATGGA
4014,GATTCCTGTCACTCGC,399342,AAACCGCCAGGCCTAG
4015,GATTCCTGTGTCCAAA,399466,AAACCGCCATTGTTTG
4016,GATTCCTGTTACAACG,399501,AAACCGCCAGATAATC
4017,GATTCCTGTTGTTGTC,399588,AAACCGCCAAATGCGC
4018,GATTCGCCAACAGCCT,399649,CAGCTATGTCGATTAC
4019,GATTCGCCAAGTCGCT,399689,CAGCTATGTTATGGCT
4020,GATTCGCCAGCACGTT,399831,CAGCTATGTCAGTAAG
4021,GATTCGCCATTAAACC,399977,CAGCTATGTTATGTCA
4022,GATTGATGTAACGGGA,400016,TGGCCAGCACTGGCAG
4023,GATTGATGTAATTAGC,400035,TGGCCAGCAGTTGGGT
4024,GATTGATGTCAACAAT,400093,TGGCCAGCACTAAGCA
4025,GATTGATGTCAGGAAG,400109,TGGCCAGCAGGTATTG
4026,GATTGATGTGATGATT,400185,TGGCCAGCATCAGTTC
4027,GATTGCAGTAAATTGC,400392,TGTGCGGCACCTTCCT
4028,GATTGCAGTAGCTGCG,400444,TGTGCGGCAGGTTTGA
4029,GATTGCAGTGTTAAAC,400623,TGTGCGGCACCGGTAG
4030,GATTGCAGTTTAACGG,400739,TGTGCGGCATTTGTCA
4031,GATTGCGTCAATCATG,400789,TACGCCTAGTACCGGA
4032,GATTGCGTCCCTCAAC,400919,TACGCCTAGATTGACA
4033,GATTGCGTCCTCAGTC,400966,TACGCCTAGAAGCAAG
4034,GATTGCGTCCTTAATC,400983,TACGCCTAGGAGCTAT
4035,GATTGGCGTACCGTAA,401190,GTAACCACAAACTGAT
4036,GATTGGCGTTAGAGGG,401426,GTAACCACAAGGATGG
4037,GATTGGCGTTGAAGCC,401468,GTAACCACACACAAGC
4038,GATTGGTTCGAGGTGG,401769,TGACAACAGTAAGTCA
4039,GATTGGTTCGATATTG,401771,TGACAACAGATTCTGT
4040,GATTGGTTCTTAGGAC,401898,TGACAACAGCGCTACT
4041,GATTGTTCAAGGTCCT,401982,TTCGCGAGTTTGGCTG
4042,GATTTGCAGATAGACG,402347,TGAGGCATCATAATGG
4043,GATTTGCAGCCATCAG,402391,TGAGGCATCGAGCAAT
4044,GCAAACAAGCTCCTTA,402827,GATATGATCGAAGCAT
4045,GCAAACAAGGGTCTAT,402934,GATATGATCTCAAATC
4046,GCAAACAAGTATTGCA,402994,GATATGATCCAGCTCG
4047,GCAAACAAGTTAGCCG,403043,GATATGATCATGAGGT
4048,GCAAACCGTAACGAGG,403081,CCTCCAACAGGTCCCT
4049,GCAAACCGTCAGTAAT,403178,CCTCCAACAACCAAAT
4050,GCAAACCGTTAAGCCA,403323,CCTCCAACAATCTGGA
4051,GCAAACTTCATAGACC,403530,CAGGTCAAGTCCTTGA
4052,GCAAACTTCCAGCACA,403583,CAGGTCAAGTAGGTTA
4053,GCAAACTTCTTAGCGG,403815,CAGGTCAAGGGTCTAG
4054,GCAACAGCATGAAATG,404168,CTTGCAGGTACTGACT
4055,GCAAGCCTCAGCACCA,404277,CTCGACTAGTGTTTGT
4056,GCAAGCCTCATCAGTA,404301,CTCGACTAGCTTAGCC
4057,GCAAGCCTCGCTATAA,404480,CTCGACTAGGATTGAC
4058,GCAAGCCTCTAGCTAA,404543,CTCGACTAGGAGGGTG
4059,GCAAGCCTCTGTAAGC,404572,CTCGACTAGTTAACCT
4060,GCAAGTCGTCTAACCT,404757,GAATCGCCAAACTAGT
4061,GCAAGTCGTTAGGCGT,404886,GAATCGCCATACTGAG
4062,GCAAGTCGTTGAGGTC,404924,GAATCGCCAAACTAAC
4063,GCAAGTGCAAGATTCT,405033,TTAGGCTGTTATGGAG
4064,GCAAGTGCAAGGTAAC,405047,TTAGGCTGTTAGCTAC
4065,GCAAGTGCACACAATT,405107,TTAGGCTGTCGGTTTG
4066,GCAAGTGCACCAAAGG,405124,TTAGGCTGTTTCCAAA
4067,GCAAGTGCAGAAATGC,405178,TTAGGCTGTTATGGGA
4068,GCAAGTGCAGAGGCTA,405184,TTAGGCTGTAAGTGCA
4069,GCAATAGAGAACCTAC,405377,CCCTGGATCATTAACC
4070,GCAATAGAGCATGGTT,405448,CCCTGGATCATCCTCT
4071,GCAATAGAGCTTATGA,405525,CCCTGGATCACTAATC
4072,GCAATAGAGGAACCGG,405534,CCCTGGATCCTAACCA
4073,GCAATAGAGGACCGCT,405545,CCCTGGATCATAACCT
4074,GCAATAGAGGACGTAA,405549,CCCTGGATCCTGTGAC
4075,GCAATAGAGGGTGAAC,405619,CCCTGGATCCACTATG
4076,GCAATATGTAACGGGA,405766,AGGCCTGCACTGGCAG
4077,GCAATCTAGCAGCTCA,406206,ACACTTGTCTTGCTGA
4078,GCAATCTAGCCATCAG,406225,ACACTTGTCGAGCAAT
4079,GCAATCTAGTACCGCA,406433,ACACTTGTCGTTGTCA
4080,GCAATCTAGTGAAGTG,406473,ACACTTGTCCTGATAT
4081,GCAATGAAGAGAGCCG,406550,GGTTCACTCTAGGAAC
4082,GCAATGAAGCCGCAAC,406610,GGTTCACTCTTTGGGC
4083,GCAATGAAGGATCACT,406713,GGTTCACTCATTATGC
4084,GCAATGAAGGGCTTAT,406765,GGTTCACTCAAATACG
4085,GCAATGTTCCATTACT,407043,GCTGGACAGCTTGGTC
4086,GCAATGTTCGGTAACT,407178,GCTGGACAGTTACGTT
4087,GCAATGTTCGTTTCGC,407207,GCTGGACAGCACTTGC
4088,GCACATTAGCCTGTGA,407391,CGAAATATCCGCACAT
4089,GCACATTAGCGGGCAA,407410,CGAAATATCCCTCACC
4090,GCACATTAGGAACCGG,407452,CGAAATATCCTAACCA
4091,GCACATTAGGAAGCTA,407456,CGAAATATCCTTTGAG
4092,GCACATTAGTGAACCT,407623,CGAAATATCAGGGCTA
4093,GCACATTAGTTAGACC,407643,CGAAATATCCCGGATT
4094,GCACCTAAGGCTACAT,407898,TTAGGTTTCTTTAAGC
4095,GCACCTAAGTAAAGGT,407957,TTAGGTTTCTAAGCGG
4096,GCACCTAAGTATTGCA,407980,TTAGGTTTCCAGCTCG
4097,GCACGAACACAAACTT,408165,GTAATCCGTCAATACC
4098,GCACGAACACCTGGTG,408216,GTAATCCGTTAATCCA
4099,GCACGAACAGCTAACC,408280,GTAATCCGTATGGTCT
4100,GCACGAACAGGCTTCG,408311,GTAATCCGTAACCGGG
4101,GCACGAACATAGTCAT,408366,GTAATCCGTGTACCGC
4102,GCACGAACATCACAGC,408370,GTAATCCGTTCCTGGA
4103,GCACGAACATCGCTCC,408383,GTAATCCGTTTGAGCT
4104,GCACGAACATTAAGCT,408415,GTAATCCGTGCTCCTT
4105,GCACGCTAGGAACCAA,408603,AATATCCTCAAGGTTA
4106,GCACGCTAGTAAGTGG,408735,AATATCCTCCTAACTG
4107,GCACGCTAGTCACCAG,408753,AATATCCTCACAAATG
4108,GCACGGTTCTATCGCC,409149,AGCCTAGAGGCTAATA
4109,GCACTAAGTAGGATCC,409268,CACATAGCAAGGCTGT
4110,GCACTAAGTCCGCTGT,409335,CACATAGCAGCTCATT
4111,GCACTAAGTTACGCAA,409475,CACATAGCAAGGTATT
4112,GCACTTACATCCATCT,409911,AGTAGGCGTCACTCAG
4113,GCACTTACATGTTGTG,409945,AGTAGGCGTCGTAATC
4114,GCAGCAACAAGTAAGC,410042,CCTTCTAGTTAGCGTT
4115,GCAGCAACACCCACAG,410118,CCTTCTAGTCGCAACC
4116,GCAGCAACAGGCTAAG,410225,CCTTCTAGTGGTTAGA
4117,GCAGCAACATAGACCC,410276,CCTTCTAGTAAAGGTT
4118,GCAGCAACATTGTGTG,410357,CCTTCTAGTTAAAGCG
4119,GCAGCCAGTCATTACC,410476,AGTTGGCCAGTTGGCG
4120,GCAGCCAGTCGAAGTC,410499,AGTTGGCCAACAGAGG
4121,GCAGCCAGTGAATCGC,410524,AGTTGGCCAAATACCG
4122,GCAGCCAGTGGCTTCC,410574,AGTTGGCCAGCATTAG
4123,GCAGCCAGTTAGGTGC,410642,AGTTGGCCAGGTGACT
4124,GCAGCCAGTTCCTCCT,410665,AGTTGGCCACGTAGGT
4125,GCAGCTATCACAGCCA,410773,GACCTGAAGTAACACA
4126,GCAGCTATCACCATTT,410778,GACCTGAAGGCTTGCT
4127,GCAGCTATCCTAACGG,410924,GACCTGAAGTGCTGGA
4128,GCAGCTATCCTAGTTT,410934,GACCTGAAGGTCCGTT
4129,GCAGCTATCGTCAAGT,411027,GACCTGAAGCTTCTCT
4130,GCAGCTATCTTAATGG,411100,GACCTGAAGATGAACC
4131,GCAGGACCAAGTTATC,411579,GCTCAATGTTGGCCAC
4132,GCAGGATAGAGGATAT,411929,GTAGCCTTCGAAGTAC
4133,GCAGGATAGATTGAGG,411940,GTAGCCTTCAAGCCAG
4134,GCAGGATAGGAGTCTT,412081,GTAGCCTTCGATAAGC
4135,GCAGGATAGTCAATTG,412202,GTAGCCTTCTTTGGTG
4136,GCAGGATAGTCGCAAT,412218,GTAGCCTTCAGGCCAA
4137,GCAGGATAGTTATGGC,412254,GTAGCCTTCTGTGATT
4138,GCAGGCAAGAACCTGT,412282,GTCTAGCTCGTTATGT
4139,GCAGGCAAGGTGCGGA,412547,GTCTAGCTCATGCCTA
4140,GCAGGCTTCAACCAAC,412668,ATAACCAAGTCTTGCA
4141,GCAGGCTTCACGCATG,412701,ATAACCAAGTTACCCA
4142,GCAGGCTTCGATCAGT,412896,ATAACCAAGAACCTTT
4143,GCAGGCTTCTCCTCAA,412997,ATAACCAAGCGCTAAG
4144,GCAGGTGAGCACCACA,413105,GAGCATGTCTAACTGT
4145,GCAGGTGAGCGCCTAA,413157,GAGCATGTCTTGGACC
4146,GCAGGTGAGTACTGGT,413340,GAGCATGTCACAGATA
4147,GCAGGTGAGTTATGGC,413406,GAGCATGTCTGTGATT
4148,GCAGGTGAGTTTCCTG,413423,GAGCATGTCACGGATG
4149,GCAGGTTGTAGGTTGC,413490,TTGCCTGCAATAAACC
4150,GCAGGTTGTCAAAGAA,413513,TTGCCTGCATGTTGGA
4151,GCAGGTTGTCAAGTAT,413517,TTGCCTGCATGACAGC
4152,GCAGGTTGTCCAAGAC,413549,TTGCCTGCACTAGTAG
4153,GCAGGTTGTCGTAAAT,413574,TTGCCTGCATTTCATG
4154,GCAGGTTGTGAGGTAG,413601,TTGCCTGCAGGACCTG
4155,GCAGGTTGTGCTTAGA,413631,TTGCCTGCAAGGTGCT
4156,GCAGGTTGTTCCTGAT,413734,TTGCCTGCATTACGTC
4157,GCATATATCATAACCA,413881,ATTGGCGAGGCTTTCA
4158,GCATATATCCACCTTA,413938,ATTGGCGAGCATAGCG
4159,GCATATATCCTTCGTA,414027,ATTGGCGAGAACCTAA
4160,GCATCCTTCAATTGGC,414221,AAGTTTGAGTAGGATC
4161,GCATCCTTCACAGCGC,414226,AAGTTTGAGGGCTACA
4162,GCATCCTTCCCGTTGT,414341,AAGTTTGAGGTAGCTG
4163,GCATCCTTCCTGGTGA,414404,AAGTTTGAGACACGCA
4164,GCATCCTTCGAGCTAT,414424,AAGTTTGAGGTATGTA
4165,GCATCCTTCTCACATT,414525,AAGTTTGAGTCCTCCC
4166,GCATGAAAGGACAACA,414747,CAAACCCTCTATGCAT
4167,GCATGAAAGGTTTGAC,414858,CAAACCCTCGATTAAG
4168,GCATGAGCACAAAGCG,415071,CCGTCAAGTACAAACG
4169,GCATGAGCACTTGTTC,415150,CCGTCAAGTGGTTACT
4170,GCATGAGCATTCCTCG,415330,CCGTCAAGTTGGTGAA
4171,GCATTAGGTTACTAGG,415613,ATTGGATCATGACAAT
4172,GCATTAGGTTTACCGT,415698,ATTGGATCAGCAAGTC
4173,GCATTGCCAAGCTTTG,415781,TAACCACGTGCAAGGT
4174,GCATTGCCAATTGACT,415830,TAACCACGTAAGGTGC
4175,GCATTGCCAGGAACCA,415959,TAACCACGTTATGTTG
4176,GCATTGCCAGGAACTG,415960,TAACCACGTCCGTTAG
4177,GCATTGCCAGGTCCTG,415986,TAACCACGTCACGCAC
4178,GCATTGCCATACTCCT,416027,TAACCACGTCTTGGAT
4179,GCCAACATCAATCTAG,416132,ATCACAAAGTAAGCTA
4180,GCCAACATCTTTAGGA,416493,ATCACAAAGGTGTTAA
4181,GCCAATAGTCATTACC,416612,AAATTGCCAGTTGGCG
4182,GCCAATAGTGTTTGCT,416740,AAATTGCCATCCTAGT
4183,GCCAATAGTGTTTGTC,416741,AAATTGCCACAAACGC
4184,GCCAATTAGCACTTGG,416944,AATATGGTCTTGTTCC
4185,GCCAATTAGCTAAGTC,417003,AATATGGTCTGGCTGT
4186,GCCACAATCAAAGGCA,417267,GCAATTAAGGAGCCGT
4187,GCCACAATCACCGGTA,417299,GCAATTAAGCCTTAAT
4188,GCCACAATCAGGATGA,417324,GCAATTAAGGGCTTTC
4189,GCCACAATCAGGTCCA,417328,GCAATTAAGTCATCAT
4190,GCCACAATCGCACAAT,417506,GCAATTAAGGCTAGCA
4191,GCCACAATCTCTAGCC,417604,GCAATTAAGATTCCTG
4192,GCCACACAGCCGGTAC,417738,TGCTCCCTCCTACTAG
4193,GCCACACAGCCTGAGC,417744,TGCTCCCTCCTTCATC
4194,GCCACACAGCGCCTTT,417760,TGCTCCCTCTATTGAC
4195,GCCACACAGGCCAATT,417852,TGCTCCCTCTTAGCTG
4196,GCCACTAAGAAGCTAG,418037,GTACCGTTCTCAATAC
4197,GCCACTAAGCGAGTAA,418137,GTACCGTTCGGTCCAT
4198,GCCACTAAGGAACACA,418190,GTACCGTTCAGCAATA
4199,GCCACTAAGGAGGTTA,418216,GTACCGTTCTAAATCC
4200,GCCACTAAGGCACAGG,418230,GTACCGTTCGCTCAAC
4201,GCCACTAAGGCTAAGA,418252,GTACCGTTCATTAGTC
4202,GCCACTAAGGTACCGC,418285,GTACCGTTCAAGCTTT
4203,GCCAGGAAGCAAGATG,418467,ATACTGTTCACACAAA
4204,GCCAGGTTCAGGATGA,418860,GAGGAGTAGGGCTTTC
4205,GCCAGGTTCCCTGATC,418954,GAGGAGTAGCATATAG
4206,GCCAGGTTCGGTAACT,419070,GAGGAGTAGTTACGTT
4207,GCCAGGTTCTTAATGG,419156,GAGGAGTAGATGAACC
4208,GCCATGATCGATATTG,419417,CGGCTTTAGATTCTGT
4209,GCCATGATCGCAATCG,419425,CGGCTTTAGCCGCAAA
4210,GCCATGATCTAGCGAT,419501,CGGCTTTAGGCAGGTC
4211,GCCATTACAACATAAG,419596,ATCCCTCGTAACGATG
4212,GCCATTACACATAACT,419696,ATCCCTCGTTTCCGGA
4213,GCCATTACACCTGTAA,419725,ATCCCTCGTTTATGGC
4214,GCCATTACAGGGAGGA,419822,ATCCCTCGTACGCACC
4215,GCCATTACATTCCTGT,419935,ATCCCTCGTGATGGAC
4216,GCCCAAATCCCATAGG,420090,AAGACTCAGCTTATCG
4217,GCCCAAATCGCACAAT,420194,AAGACTCAGGCTAGCA
4218,GCCCATAAGCCGCAGT,420423,AGCTACCTCAATTAGG
4219,GCCCATAAGCTGGACC,420478,AGCTACCTCCGCACCA
4220,GCCCATAAGGGATGCG,420572,AGCTACCTCCGAAACG
4221,GCCCATAAGGTACCGC,420589,AGCTACCTCAAGCTTT
4222,GCCCATAAGGTCCTGA,420598,AGCTACCTCTATATGC
4223,GCCCATAAGTCTCACC,420663,AGCTACCTCGCGCAAA
4224,GCCCGTTGTAACCACA,420724,GCTAAATCATCATCAC
4225,GCCCGTTGTACCGGAT,420753,GCTAAATCACGATTCT
4226,GCCCGTTGTCCAAATG,420838,GCTAAATCATGGATTG
4227,GCCCGTTGTCTATCGT,420871,GCTAAATCAGTGAACC
4228,GCCCGTTGTTACAAAC,420978,GCTAAATCATTAGCAG
4229,GCCCGTTGTTGGCGTG,421051,GCTAAATCACTAGTCT
4230,GCCCTCATCAAAGGCA,421105,AGTTGCGAGGAGCCGT
4231,GCCCTCATCAATGAGG,421123,AGTTGCGAGTTGCAAA
4232,GCCCTCATCGCTAAGT,421354,AGTTGCGAGCTGGCAA
4233,GCCCTCATCGTACCGA,421384,AGTTGCGAGCTTAGAA
4234,GCCCTCATCTGGCAAT,421446,AGTTGCGAGGGTGGGA
4235,GCCGTGAGTATTTGGG,421567,CATAAACCATGCGCCT
4236,GCCGTGAGTGATTTGG,421666,CATAAACCACTAAGGC
4237,GCCTAATAGAATCGCT,421875,CAGGATGTCCTGATCA
4238,GCCTAATAGGATCACT,422057,CAGGATGTCATTATGC
4239,GCCTACTTCATGCTTT,422344,GAGGTGGAGTGAGGCC
4240,GCCTACTTCCTTGCGT,422471,GAGGTGGAGATTCATC
4241,GCCTACTTCTAATCAG,422561,GAGGTGGAGTATTGGA
4242,GCCTACTTCTCGCCTG,422591,GAGGTGGAGCTTTAAC
4243,GCCTATTGTACGTTTC,422677,GGTGTTACATTTCTTC
4244,GCCTATTGTAGTAAGA,422698,GGTGTTACATGATGGC
4245,GCCTATTGTATTGCAG,422711,GGTGTTACAAGGAAGT
4246,GCCTATTGTGCATCGG,422821,GGTGTTACATGGCTAA
4247,GCCTATTGTGTTGTGA,422875,GGTGTTACATGAAGCC
4248,GCCTCAAAGAAAGCAT,423018,CACAGGATCGACAAAC
4249,GCCTCAAAGACAAGTG,423032,CACAGGATCCTCACTT
4250,GCCTCAAAGCCAAATC,423098,CACAGGATCGGTACGA
4251,GCCTCAAAGGCTTAGT,423249,CACAGGATCAAACCTT
4252,GCCTCAAAGGTAGCTT,423272,CACAGGATCAATGAGC
4253,GCCTCAAAGTAACTCA,423305,CACAGGATCCCTGGTG
4254,GCCTCAAAGTCTCACC,423345,CACAGGATCGCGCAAA
4255,GCCTCCATCAATGTCA,423424,AGCAGCCAGCTTTACG
4256,GCCTCCATCATTATGG,423508,AGCAGCCAGTCCTTAG
4257,GCCTCGACACATACTG,423915,GAGCACGGTCGGTTCA
4258,GCCTCGACACCTATAG,423936,GAGCACGGTAACGAGC
4259,GCCTCGACACGAATTT,423946,GAGCACGGTACCGTGC
4260,GCCTCGACATGTCAAT,424131,GAGCACGGTTGCGAGG
4261,GCCTGACAGCTTTGGG,424325,GAATATGTCCCAATAT
4262,GCCTGACAGGATTGCT,424363,GAATATGTCAGGTAAC
4263,GCCTGACAGTAACAGG,424452,GAATATGTCGCTTCAA
4264,GCCTGACAGTAACCCG,424454,GAATATGTCCGTAATT
4265,GCCTGAGGTAATCGCA,424575,AGGTGAGCAACGGGAA
4266,GCCTGAGGTCATGCCC,424667,AGGTGAGCATTCCTGG
4267,GCCTGAGGTGTTTGTC,424797,AGGTGAGCACAAACGC
4268,GCCTGAGGTTACATCC,424814,AGGTGAGCAACAACAT
4269,GCCTGAGGTTAGCTGA,424829,AGGTGAGCAACGGTAC
4270,GCCTGAGGTTCGCTCA,424861,AGGTGAGCAGGTGAGA
4271,GCCTGCTGTCCTAACT,425063,CCTCAGCCACCTTCAG
4272,GCCTGCTGTGTTGCTT,425173,CCTCAGCCATACTTGC
4273,GCCTGTGCAATACTGT,425393,ATTCCGGGTTGTAACC
4274,GCCTGTGCACAGACTC,425440,ATTCCGGGTACCGGCT
4275,GCCTTAACAACCCTCC,425732,GCAATCTGTTCCATTT
4276,GCCTTAACAGCAAGGC,425904,GCAATCTGTCGCATAT
4277,GCCTTAACATCCTGAA,426024,GCAATCTGTCAGTGAA
4278,GCCTTAACATCGCTTT,426026,GCAATCTGTTGCTGGC
4279,GCCTTAACATTGACAT,426070,GCAATCTGTCAATTGC
4280,GCCTTAACATTGTGGC,426080,GCAATCTGTGCTTCGA
4281,GCCTTACTCAATAGCC,426102,CTAGCCTAGCGCTTGT
4282,GCCTTACTCACAGGAA,426117,CTAGCCTAGCATTATC
4283,GCCTTACTCCTAGTAA,426274,CTAGCCTAGTGCTCCG
4284,GCCTTACTCTTGACCC,426451,CTAGCCTAGGAGCAGG
4285,GCCTTACTCTTGGATA,426460,CTAGCCTAGCCTAATT
4286,GCCTTAGAGAATCGCT,426477,TCCGTAATCCTGATCA
4287,GCCTTAGAGATAACCC,426509,TCCGTAATCATTTAGC
4288,GCCTTAGAGCGATAAG,426576,TCCGTAATCGCTTCTT
4289,GCCTTAGAGGAGGACT,426651,TCCGTAATCACATTAC
4290,GCCTTAGAGGCGTAAA,426689,TCCGTAATCCGGGTTT
4291,GCCTTAGAGTTAGAGG,426822,TCCGTAATCTAAGCTT
4292,GCCTTGCGTGCATCGG,427039,CCAAATGCATGGCTAA
4293,GCCTTGCGTTGACTTC,427168,CCAAATGCATCACAGA
4294,GCCTTGCGTTGTGACA,427195,CCAAATGCATGGTGCG
4295,GCCTTTATCATGAAGG,427319,GTTGTGGAGTAAGCGT
4296,GCCTTTGGTAGCTAAT,427672,ACTTGCTCAGAACCGT
4297,GCCTTTGGTGAGAAAC,427786,ACTTGCTCAAACGCGT
4298,GCCTTTGGTTATCCGT,427906,ACTTGCTCAAAGTCAT
4299,GCGAAGCCAACCTGGT,428035,TAAGCCTGTAGCGCTC
4300,GCGAAGCCACGAATTT,428162,TAAGCCTGTACCGTGC
4301,GCGAAGCCATAGTCAT,428308,TAAGCCTGTGTACCGC
4302,GCGAAGCCATGCTATG,428340,TAAGCCTGTCACCAGC
4303,GCGAAGCCATTAAACC,428355,TAAGCCTGTTATGTCA
4304,GCGAAGTAGAGAGGCT,428414,CCTCATTTCATGTTGT
4305,GCGAAGTAGGCGCTAC,428601,CCTCATTTCGCTAGCT
4306,GCGAAGTAGTAAGAAC,428674,CCTCATTTCCTTCAAG
4307,GCGAGTGAGCAGGCCT,428837,GTGTTGCTCCGGTTTA
4308,GCGAGTGAGGTTAGCT,429046,GTGTTGCTCTAACCAT
4309,GCGAGTGAGTAACCAC,429053,GTGTTGCTCTCAAACT
4310,GCGATATTCCTTAAGA,429364,CACTGTCAGCCAAACG
4311,GCGATATTCTTAGCCC,429512,CACTGTCAGTCTTAGT
4312,GCGATTAGTAAACAAG,429537,AACTGGCCAAATATGC
4313,GCGATTAGTAGCTAAT,429590,AACTGGCCAGAACCGT
4314,GCGATTAGTTTCCGGC,429900,AACTGGCCACCGTTCA
4315,GCGATTTAGACACTTA,429936,ATTTGGTTCCTAAGCC
4316,GCGATTTAGCGGTTAT,430039,ATTTGGTTCGCGAAGC
4317,GCGATTTAGCTCCCTG,430055,ATTTGGTTCACGAATA
4318,GCGATTTAGGAGGGTT,430103,ATTTGGTTCGCTATGC
4319,GCGATTTAGGTGCGGA,430189,ATTTGGTTCATGCCTA
4320,GCGATTTAGTAGCCAT,430216,ATTTGGTTCCCTCATT
4321,GCGCAAACAAAGCGCA,430315,TAGAAACGTTGCTCCT
4322,GCGCAAACAAGGTATA,430363,TAGAAACGTGAACAAT
4323,GCGCAAACACGAATCC,430463,TAGAAACGTAACCTTA
4324,GCGCAATGTCACTCGC,430788,ATCCCGCCAGGCCTAG
4325,GCGCAATGTTGAATCG,431001,ATCCCGCCATATGGAT
4326,GCGCCTTGTCAAAGGG,431154,GAATGAACATGCAACA
4327,GCGCCTTGTTCACCCA,431364,GAATGAACAGCTAACA
4328,GCGCGATTCATCCTGC,431533,ACTTTGTAGTTATGAG
4329,GCGCGATTCCCGTTGT,431597,ACTTTGTAGGTAGCTG
4330,GCGCGATTCGAAGTAG,431675,ACTTTGTAGGTGCTGA
4331,GCGCGATTCGCTCACT,431710,ACTTTGTAGAAACCTA
4332,GCGCGATTCGGTCAGC,431725,ACTTTGTAGGCAATAC
4333,GCGCGATTCGTTACAA,431743,ACTTTGTAGTGCAACG
4334,GCGCGATTCTCCATGC,431786,ACTTTGTAGTTACATC
4335,GCGCTAGGTAGCTGGT,431891,CTAACAGCAGGTTGCG
4336,GCGCTAGGTCATTAGG,431951,CTAACAGCAGGTTTCT
4337,GCGCTAGGTTGTCCAT,432176,CTAACAGCATGGAGGA
4338,GCGCTAGGTTTGGTTC,432213,CTAACAGCACATGCAA
4339,GCGCTTAAGCCACAAT,432299,GTTATGTTCGATCCGT
4340,GCGCTTAAGCTCAATA,432351,GTTATGTTCATGGTCC
4341,GCGCTTAAGGATGATG,432409,GTTATGTTCCGTCCCT
4342,GCGCTTAAGGGCCACT,432456,GTTATGTTCCAACCTA
4343,GCGCTTAAGTAGCGCC,432515,GTTATGTTCTGTCAGC
4344,GCGCTTAAGTCATGCG,432535,GTTATGTTCACAAAGC
4345,GCGCTTGCAACACTTG,432626,TTATCAGGTGTTACAC
4346,GCGCTTGCAATGCCCG,432693,TTATCAGGTTGAGTCT
4347,GCGGAACCAAAGCTAA,432999,CTTATGAGTTTCCAGG
4348,GCGGAACCAACAGCCT,433011,CTTATGAGTCGATTAC
4349,GCGGAACCAGATTCAT,433183,CTTATGAGTTATTTGG
4350,GCGGAACCAGGAACAT,433214,CTTATGAGTGCGGTTC
4351,GCGGAACCAGGAATCG,433218,CTTATGAGTATCCGTG
4352,GCGGAACCAGGTTACC,433244,CTTATGAGTATGTTTG
4353,GCGGAACCATCTAGCA,433312,CTTATGAGTTTAACCA
4354,GCGGAACCATGGCCTG,433329,CTTATGAGTTCCGGAC
4355,GCGGATACACAACCTA,433481,CTGTTAAGTAACCTCG
4356,GCGGATACAGAACCGA,433560,CTGTTAAGTTAATCGC
4357,GCGGATACAGGGAGGA,433624,CTGTTAAGTACGCACC
4358,GCGGATACATATTGAC,433678,CTGTTAAGTGCCGGAA
4359,GCGGATACATGCATAT,433707,CTGTTAAGTAATGGTG
4360,GCGGGTTTCAAGCCTG,433762,TGAGCTGAGATTCACT
4361,GCGGGTTTCATAATCG,433827,TGAGCTGAGCTCAAGG
4362,GCGGGTTTCCGCAACA,433914,TGAGCTGAGGAGTATC
4363,GCGGGTTTCGTCAAGT,434037,TGAGCTGAGCTTCTCT
4364,GCGGTTATCAAGCTAC,434148,GTATAGCAGCAAGACT
4365,GCGGTTATCTAACTGA,434442,GTATAGCAGCGTATTT
4366,GCGGTTGGTGCTTAGA,434723,GTTCTGTCAAGGTGCT
4367,GCGGTTGGTTCATCTA,434818,GTTCTGTCAGGTAAGG
4368,GCGGTTGGTTGCACAA,434840,GTTCTGTCAGGTGGAA
4369,GCGTAACGTCAAACTG,434986,GATTAGTCATGACTTC
4370,GCGTGCTAGACTCGCA,435308,CACAATTTCTAGGATA
4371,GCGTGCTAGCACAGCC,435343,CACAATTTCCTCAGTA
4372,GCGTGCTAGGTAACGA,435536,CACAATTTCATGCGGA
4373,GCGTGCTAGTCCTGAG,435607,CACAATTTCAAACATG
4374,GCGTGCTAGTTATCCT,435644,CACAATTTCCTGAAGG
4375,GCGTTTCTCCCTGGTT,435826,TGGCATGAGTACTGAA
4376,GCGTTTCTCCTTAATC,435881,TGGCATGAGGAGCTAT
4377,GCGTTTCTCCTTAGGG,435882,TGGCATGAGCATCCTA
4378,GCTAACAGTAAGGTCC,436068,CCATGCCCAATTTGGG
4379,GCTAACAGTGGCTTCC,436266,CCATGCCCAGCATTAG
4380,GCTAACAGTTAAGGCC,436306,CCATGCCCATAGTGAT
4381,GCTAACAGTTTGTCTA,436432,CCATGCCCAGGTTGTA
4382,GCTAACCCAAGGTACG,436494,TGGACAAGTCTAGCGC
4383,GCTAACCCACAAAGGT,436544,TGGACAAGTCACACCA
4384,GCTAACCCATTAAGTC,436792,TGGACAAGTGAGACTA
4385,GCTAAGAAGCACTTGG,436884,GTGATAATCTTGTTCC
4386,GCTAAGAAGCATCCAG,436890,GTGATAATCATCAGTT
4387,GCTAAGAAGGAAGCAC,436983,GTGATAATCTAGCCTA
4388,GCTAAGAAGGGATGCG,437056,GTGATAATCCGAAACG
4389,GCTAAGAAGGTGCTGC,437090,GTGATAATCAAACTAG
4390,GCTAAGCGTACGCGCA,437242,TCGCGCTCACCACAAA
4391,GCTAAGCGTGATCATG,437378,TCGCGCTCATGCCTCA
4392,GCTAAGCGTTAGGCTA,437483,TCGCGCTCATTACCCG
4393,GCTAAGTTCCTGATGG,437789,GTGAGTTAGTAGTTAG
4394,GCTAAGTTCGCTATAA,437842,GTGAGTTAGGATTGAC
4395,GCTAAGTTCGCTATGG,437843,GTGAGTTAGGAGTCGC
4396,GCTAAGTTCGTGCCTT,437872,GTGAGTTAGGACACGC
4397,GCTAAGTTCGTTACTT,437878,GTGAGTTAGGGACTTG
4398,GCTAATATCACTTTAC,438019,AGCCAATAGGAACCTG
4399,GCTAATATCGCATTAA,438216,AGCCAATAGCTAGTTT
4400,GCTAATATCGTAACGT,438250,AGCCAATAGGCGCAGT
4401,GCTAATATCGTTAGTA,438264,AGCCAATAGATTAGGC
4402,GCTAATATCTTAGTGA,438333,AGCCAATAGTGGACCA
4403,GCTAATATCTTTGTAC,438352,AGCCAATAGGTGGAAA
4404,GCTAGCCAGGATCACT,438543,TACCGGTTCATTATGC
4405,GCTAGCGGTAATCGGC,438760,TGCTACTCAGTTTGCT
4406,GCTAGCGGTAATCGTG,438761,TGCTACTCACATAACG
4407,GCTAGCGGTATTGGAT,438814,TGCTACTCATTACTGC
4408,GCTAGCGGTTAGGTTG,439019,TGCTACTCATTAACCC
4409,GCTAGCGGTTTAAAGC,439085,TGCTACTCACGGATCG
4410,GCTAGCTCAAACGGGC,439125,GAGGTTAGTAGGTGAC
4411,GCTAGCTCACCTCACC,439271,GAGGTTAGTATTGTCA
4412,GCTAGCTCAGGCCAAA,439362,GAGGTTAGTTGAGGTA
4413,GCTAGCTCATGCATAT,439457,GAGGTTAGTAATGGTG
4414,GCTAGCTCATTGACAT,439488,GAGGTTAGTCAATTGC
4415,GCTAGTGTCACTAATG,439548,GGTCATGAGACTCCTA
4416,GCTAGTGTCAGGTCCA,439568,GGTCATGAGTCATCAT
4417,GCTAGTGTCATCCTAT,439583,GGTCATGAGTATCGCC
4418,GCTAGTGTCTTAGGGT,439865,GGTCATGAGCATTAAG
4419,GCTAGTGTCTTAGTCT,439866,GGTCATGAGATTGAGC
4420,GCTATAGGTACGGGTT,439927,CCATAAGCAGGCTCCT
4421,GCTATAGGTAGGTTTG,439949,CCATAAGCACCAACAA
4422,GCTATAGGTCACGAAC,439986,CCATAAGCATGAGGAG
4423,GCTATAGGTGTTGCTT,440125,CCATAAGCATACTTGC
4424,GCTATAGGTTCCGGGA,440190,CCATAAGCAATCCTAC
4425,GCTATAGGTTGCGCGA,440211,CCATAAGCACTAGCTT
4426,GCTATCCTCATTGACA,440378,AAGCGGGAGTTGCAGG
4427,GCTATCCTCCGTGACA,440446,AAGCGGGAGATTGCCC
4428,GCTATCCTCTCAATAG,440594,AAGCGGGAGGGCTAAT
4429,GCTATTGCAAACGCGA,440658,ACCGGCTGTCATGGTT
4430,GCTATTGCAAGACTCC,440696,ACCGGCTGTATGGTGA
4431,GCTATTGCACAAAGGT,440762,ACCGGCTGTCACACCA
4432,GCTATTGCACTAGCGT,440826,ACCGGCTGTGCTCACA
4433,GCTATTGCAGGTTAAA,440911,ACCGGCTGTTAACACC
4434,GCTATTGCATGGAGGC,440995,ACCGGCTGTGAGGTAC
4435,GCTCAACCAATAATCC,441111,CCGTTAGGTAGGTTCT
4436,GCTCAACCAGAAATTG,441227,CCGTTAGGTTTAGCGT
4437,GCTCAACCAGGTTAAA,441295,CCGTTAGGTTAACACC
4438,GCTCAACCATGGCCCA,441380,CCGTTAGGTACTTCGG
4439,GCTCACAAGCCAGGTC,441505,GTCCTGGTCAGTCTAT
4440,GCTCATTGTGTTTGTC,442049,TTCGCGCCACAAACGC
4441,GCTCATTGTTCACCAT,442099,TTCGCGCCATTACGGA
4442,GCTCCTTAGATGGACA,442231,CGAGCAATCTCAAGAA
4443,GCTCCTTAGCCACATG,442270,CGAGCAATCTTGTTGG
4444,GCTCCTTAGCTTTGTT,442344,CGAGCAATCAAATCAG
4445,GCTCCTTAGTGAGCAA,442524,CGAGCAATCTAATCGT
4446,GCTCGATCAGCAACCT,442772,ATGGCCCGTTCTGGCA
4447,GCTCGATCAGGCCAAA,442814,ATGGCCCGTTGAGGTA
4448,GCTCGATCATCAATCG,442881,ATGGCCCGTGTAACCT
4449,GCTCTGGCAACTAGCC,442993,ATTTGTGGTTGTTGTA
4450,GCTCTGGCAGCTCAAC,443179,ATTTGTGGTCACTATA
4451,GCTCTGGCATCCTAGA,443277,ATTTGTGGTTTGTCTT
4452,GCTCTGGCATGACTAT,443288,ATTTGTGGTTAGCTCG
4453,GCTCTGGCATTAAACC,443309,ATTTGTGGTTATGTCA
4454,GCTCTGTTCACGCGGT,443381,ATCCGCTAGAGGCTAT
4455,GCTCTGTTCATTACTC,443442,ATCCGCTAGGGTTAAC
4456,GCTGACATCATTGTTC,443836,GTCTCACAGGAGGTAA
4457,GCTGACATCCGTCCAT,443899,GTCTCACAGGCAACAT
4458,GCTGACATCTAAATCG,444025,GTCTCACAGCTATTGT
4459,GCTGACATCTCCATAT,444057,GTCTCACAGCAATTGA
4460,GCTGACCAGTGGCGGA,444452,AGAGGAATCCTGTTAG
4461,GCTGAGGAGCTTCCCG,444644,CATTCCTTCATTCAGT
4462,GCTGAGGAGGGTGAAC,444737,CATTCCTTCCACTATG
4463,GCTGAGGAGGTCCTGA,444754,CATTCCTTCTATATGC
4464,GCTGAGGAGGTTTGCG,444771,CATTCCTTCAGCCTTA
4465,GCTGAGGAGTGCTGTG,444834,CATTCCTTCAACCGGA
4466,GCTGATCCAACTAACT,444911,ATCCTTTGTTCCCGTT
4467,GCTGATCCAGAAACGT,445063,ATCCTTTGTGCACGCT
4468,GCTGATCCAGCTTAGC,445103,ATCCTTTGTCTATCTT
4469,GCTGCAATCATTTGCT,445374,TCTGGCTAGCTTTAGT
4470,GCTGCAATCTATCGCC,445581,TCTGGCTAGGCTAATA
4471,GCTGCAATCTGTAATG,445609,TCTGGCTAGTCGCGAA
4472,GCTGCACAGCAAGGGT,445697,AAACCGGTCAGAAAGG
4473,GCTGCACAGCAGGTTT,445713,AAACCGGTCGCCTAAC
4474,GCTGCACAGTCGCAAT,445968,AAACCGGTCAGGCCAA
4475,GCTGCACAGTTATGGC,446004,AAACCGGTCTGTGATT
4476,GCTGCATCACCCACCT,446169,TCATTGAGTCCAGCAC
4477,GCTGCATCAGAGGCTA,446222,TCATTGAGTAAGTGCA
4478,GCTGCATCAGGTTAAA,446285,TCATTGAGTTAACACC
4479,GCTGCATCATAATCAC,446318,TCATTGAGTAGGAGGA
4480,GCTGCATCATAGACTT,446327,TCATTGAGTTGCGCGT
4481,GCTGCATCATTAGCCA,446385,TCATTGAGTCCATTAA
4482,GCTGCATCATTGTTGG,446408,TCATTGAGTCACCAAT
4483,GCTGGATGTGGGTGAA,446627,CTTAGTCCAAGTATCG
4484,GCTGGATGTTAGAGGG,446682,CTTAGTCCAAGGATGG
4485,GCTGGATGTTCACCCA,446706,CTTAGTCCAGCTAACA
4486,GCTGGTTCACCTATAG,446944,AACGCCCGTAACGAGC
4487,GCTGGTTCATCAATCG,447103,AACGCCCGTGTAACCT
4488,GCTGTAAGTGCTGGTG,447376,AGTGGCTCAAGTGCAC
4489,GCTGTAAGTTACTTCA,447444,AGTGGCTCATAAACCG
4490,GCTGTACCATAAGTCT,447848,AAGTGGCGTCATGCCA
4491,GCTGTGATCAAGCGCC,447953,CTACCTAAGCCTGTCG
4492,GCTGTGATCCCGTTAC,448088,CTACCTAAGCTAAATG
4493,GCTGTGATCCGCAACA,448104,CTACCTAAGGAGTATC
4494,GCTGTGATCCTAAGGT,448126,CTACCTAAGGCTTCAC
4495,GCTGTGATCGTCAAGT,448227,CTACCTAAGCTTCTCT
4496,GCTGTGATCTATCGCC,448265,CTACCTAAGGCTAATA
4497,GCTGTGCAGAATCGCT,448335,CAAAGGTTCCTGATCA
4498,GCTGTGCAGCACGTTG,448389,CAAAGGTTCGGCTATC
4499,GCTGTGCAGCAGGTTT,448397,CAAAGGTTCGCCTAAC
4500,GCTGTGCAGGAAGCTA,448492,CAAAGGTTCCTTTGAG
4501,GCTGTGCAGGAGTCTT,448515,CAAAGGTTCGATAAGC
4502,GCTGTGCAGTCAATCA,448635,CAAAGGTTCCACGTTA
4503,GCTTAAATCACGTTAA,448754,CTTATCGAGCTCCTAA
4504,GCTTAAATCCCTTGCG,448870,CTTATCGAGCTTGTTG
4505,GCTTAAATCGCTAGAT,448965,CTTATCGAGAATGACC
4506,GCTTAAATCTGTTCAT,449065,CTTATCGAGTTAGTAG
4507,GCTTAACAGCCACAAT,449177,ACCTCAATCGATCCGT
4508,GCTTAACAGCCTTAAA,449197,ACCTCAATCTGGTCTA
4509,GCTTAACAGCTTTGGG,449251,ACCTCAATCCCAATAT
4510,GCTTAACAGTTTGGGT,449476,ACCTCAATCATAACGA
4511,GCTTACCTCCTGCGAA,449685,GCCACAAAGCGGGACT
4512,GCTTACCTCCTTAGTT,449693,GCCACAAAGACTCCGT
4513,GCTTACCTCGTTTCTG,449780,GCCACAAAGCATGAGT
4514,GCTTACCTCTAATCTC,449791,GCCACAAAGCTACCTA
4515,GCTTAGTAGCAAACCT,449911,GATTAAGTCGGTTCAC
4516,GCTTAGTAGCACCACA,449923,GATTAAGTCTAACTGT
4517,GCTTAGTAGCCTGATG,449961,GATTAAGTCAGGTTGG
4518,GCTTAGTAGGAAACTG,450021,GATTAAGTCGTTTCTC
4519,GCTTAGTAGGACTAAG,450040,GATTAAGTCCATGACC
4520,GCTTAGTAGGAGCATA,450044,GATTAAGTCCGTAAGG
4521,GCTTAGTAGGCTTAGT,450095,GATTAAGTCAAACCTT
4522,GCTTAGTAGTAACCCG,450148,GATTAAGTCCGTAATT
4523,GCTTATCGTCAATACG,450337,ACTCACTCACGCGCAA
4524,GCTTATCGTCATAAGT,450354,ACTCACTCATGACCTT
4525,GCTTATCGTCGCAAAC,450388,ACTCACTCAGGATAAA
4526,GCTTATCGTGTTGTGA,450487,ACTCACTCATGAAGCC
4527,GCTTATCGTTACGCGG,450512,ACTCACTCAACGGTTA
4528,GCTTATCGTTGTCCAT,450588,ACTCACTCATGGAGGA
4529,GCTTATCGTTTAGCGA,450601,ACTCACTCACAGCACG
4530,GCTTCGCGTGCATTTC,450817,TTACACCCACCAGCTC
4531,GCTTCGCGTGTTTGCT,450872,TTACACCCATCCTAGT
4532,GCTTCGCGTTAGCATG,450902,TTACACCCATGCATTC
4533,GCTTGACCAACCCTAA,451041,GGAGCATGTTCCGGGT
4534,GCTTGACCACCGGCTA,451155,GGAGCATGTCTGTGCA
4535,GCTTTACGTGAGCAAG,451946,CCTGAAACATCTATGC
4536,GCTTTACGTGTCCAGG,452003,CCTGAAACAAAGGTAA
4537,GCTTTACGTTGCTGGG,452104,CCTGAAACACTCAGTT
4538,GCTTTATTCACTAAGC,452203,ATTATGGAGTCTAGCC
4539,GCTTTATTCATCGTTT,452242,ATTATGGAGATGGAGA
4540,GCTTTATTCCCGAACA,452299,ATTATGGAGGTCCCTG
4541,GCTTTATTCCGCCAAA,452324,ATTATGGAGCCTGGTT
4542,GCTTTATTCCGCCTCA,452326,ATTATGGAGTCACCAC
4543,GCTTTATTCGCATCCT,452405,ATTATGGAGGTTGGAT
4544,GCTTTATTCGCTCCAT,452419,ATTATGGAGATAGACC
4545,GCTTTCATCATCCTCA,452624,TAAGACCAGAACAAGG
4546,GCTTTCATCCACCCTG,452668,TAAGACCAGCTCATGC
4547,GCTTTCATCTACTAAG,452860,TAAGACCAGAAGGACA
4548,GGAAACTCAAATTCGT,453330,TGACGAAGTACTTATG
4549,GGAAACTCAATGAATG,453399,TGACGAAGTCATCACG
4550,GGAAACTCAGGTTCAC,453570,TGACGAAGTCCTGACA
4551,GGAAACTCATTCCTCG,453676,TGACGAAGTTGGTGAA
4552,GGAACAATCCCGTTTA,453840,CCGCCTAAGCAAGGAA
4553,GGAACAATCGTAATCA,453975,CCGCCTAAGGTTGCGA
4554,GGAACAATCTATTGTC,454017,CCGCCTAAGCAACCCT
4555,GGAACAATCTCAATTC,454020,CCGCCTAAGCTTAGGG
4556,GGAACCACAACAGCCT,454103,CTTTCATGTCGATTAC
4557,GGAACCACAGAGAGCC,454271,CTTTCATGTAGCTGTT
4558,GGAACCACAGGGAGGA,454332,CTTTCATGTACGCACC
4559,GGAACCACATCAGCAC,454390,CTTTCATGTTGTGCGC
4560,GGAACCTGTCAAGTAT,454549,AAATAGGCATGACAGC
4561,GGAACCTGTCCGTGAG,454588,AAATAGGCATGGTTAG
4562,GGAACCTGTGATTTGG,454642,AAATAGGCACTAAGGC
4563,GGAACCTGTTAGAGGG,454732,AAATAGGCAAGGATGG
4564,GGAACCTGTTTGAGGC,454830,AAATAGGCACCAAAGC
4565,GGAACCTGTTTGTGGA,454841,AAATAGGCAACCCTTG
4566,GGAACGGTCCGCAAGC,455005,TGCAGCAAGATTCCGC
4567,GGAACGGTCCTAATTC,455030,TGCAGCAAGCTTGAAA
4568,GGAACGGTCCTTGTTG,455064,TGCAGCAAGGTAAGCT
4569,GGAACGGTCGGTTACG,455119,TGCAGCAAGGACTTAA
4570,GGAACGGTCTTGATGA,455212,TGCAGCAAGGTTACTT
4571,GGAACTAAGATAAAGC,455266,ACATGCCTCATGGTTT
4572,GGAACTAAGCTGCACA,455368,ACATGCCTCGCATTTG
4573,GGAACTAAGCTGGAAA,455369,ACATGCCTCCTAAGAA
4574,GGAACTAAGCTTATGA,455379,ACATGCCTCACTAATC
4575,GGAACTAAGCTTTGTT,455384,ACATGCCTCAAATCAG
4576,GGAACTAAGTTATGGC,455588,ACATGCCTCTGTGATT
4577,GGAAGCTAGCAAGGTA,455666,GTAAGACTCAGCGGGT
4578,GGAAGCTAGCACAGGG,455670,GTAAGACTCCAATTGT
4579,GGAAGCTAGCACGTTG,455673,GTAAGACTCGGCTATC
4580,GGAAGCTAGGACCTCA,455784,GTAAGACTCAGGAATC
4581,GGAAGCTAGGAGGACT,455793,GTAAGACTCACATTAC
4582,GGAAGTATCAGAAACG,456046,CTAGGATAGGCAATGT
4583,GGAAGTATCTAAGGAG,456301,CTAGGATAGATAACTG
4584,GGAAGTATCTGGTCCT,456343,CTAGGATAGTCAACAA
4585,GGAAGTATCTGTAATG,456345,CTAGGATAGTCGCGAA
4586,GGAATCTTCAACAAGG,456385,GTAATTGAGCAAGTGT
4587,GGAATCTTCACTAATG,456424,GTAATTGAGACTCCTA
4588,GGAATCTTCATTTGTC,456495,GTAATTGAGAATCGAC
4589,GGAATCTTCCTTCTAG,456596,GTAATTGAGCTAAGCG
4590,GGAATCTTCGGGATTT,456648,GTAATTGAGCTTAGTT
4591,GGAATCTTCGTTACTT,456672,GTAATTGAGGGACTTG
4592,GGACAGCCAATTAACC,456858,TGTTCTTGTATCGGCC
4593,GGACAGCCAATTGAAG,456863,TGTTCTTGTAGTCCTG
4594,GGACAGCCACGAATTT,456924,TGTTCTTGTACCGTGC
4595,GGACAGCCACGTAAGG,456928,TGTTCTTGTCCGGTTA
4596,GGACAGCCATCATGTG,457079,TGTTCTTGTCCCGGAT
4597,GGACATAAGACCATAC,457167,GAATGACTCTCCATGA
4598,GGACATAAGTTCCTGC,457514,GAATGACTCCGTCAAC
4599,GGACCGAAGCACGATT,457592,TGCCTAATCTAACTCG
4600,GGACCGAAGCTAAGTC,457655,TGCCTAATCTGGCTGT
4601,GGACCGAAGCTACTGG,457658,TGCCTAATCGTGATGG
4602,GGACCGAAGCTGGCTA,457675,TGCCTAATCTGGAAAC
4603,GGACCGAAGCTTAACA,457679,TGCCTAATCCGTTAGC
4604,GGACCGAAGGCGGATG,457749,TGCCTAATCTAACTAC
4605,GGACCGAAGTTATTCC,457894,TGCCTAATCATGAAGC
4606,GGACCTCAGAACCTAC,457919,TACATACTCATTAACC
4607,GGACCTCAGCCAGTAT,458000,TACATACTCCCGGAAA
4608,GGACCTCAGCTACTGG,458042,TACATACTCGTGATGG
4609,GGACCTCAGGAACCAA,458075,TACATACTCAAGGTTA
4610,GGACCTCAGGCGAATA,458128,TACATACTCCTGCAAC
4611,GGACCTCAGGTAGCTT,458170,TACATACTCAATGAGC
4612,GGACGAAGTCGTTATC,458447,CTCTCAGCAGTGAGAG
4613,GGACGAAGTTCGCGCT,458606,CTCTCAGCAATCATGG
4614,GGACGAAGTTGGTTGA,458636,CTCTCAGCATGACCAA
4615,GGACGAAGTTTGCGAA,458670,CTCTCAGCACCTGGCT
4616,GGACGGATCCAAATCA,458799,GATTAGCAGCTTGCCG
4617,GGACGGATCCTGAGTG,458884,GATTAGCAGGGTTATA
4618,GGACGGATCGCTCCAT,458941,GATTAGCAGATAGACC
4619,GGACTAAAGCACTTGG,459130,AAAGGGATCTTGTTCC
4620,GGACTAAAGGCTGTGC,459295,AAAGGGATCCGCTGTG
4621,GGAGCAAGTAAGCACC,459461,CACCAAACATCCCTCT
4622,GGAGCAAGTAGGTTTG,459511,CACCAAACACCAACAA
4623,GGAGCAAGTCCTAAGA,459578,CACCAAACAGCTACCC
4624,GGAGCAAGTGGATTAT,459659,CACCAAACATAATGCG
4625,GGAGCAAGTGGTTCCC,459669,CACCAAACAGGTAGCT
4626,GGAGCAAGTTGAATCG,459763,CACCAAACATATGGAT
4627,GGAGCAAGTTTCAGGA,459810,CACCAAACATAACCGA
4628,GGAGCATAGGCCCAGT,460038,CCCTTTGTCAATCCAT
4629,GGAGCATAGGTTACAC,460105,CCCTTTGTCCTCTCGC
4630,GGAGCGATCAAATCGC,460220,ACCAGCAAGCGAGTTG
4631,GGAGCGATCACGCGGT,460257,ACCAGCAAGAGGCTAT
4632,GGAGCGATCTAACTGA,460520,ACCAGCAAGCGTATTT
4633,GGAGGTTAGGCGCTTA,460816,CTCTAAGTCCAATTAC
4634,GGAGGTTAGTTGGATC,460969,CTCTAAGTCAGTATAG
4635,GGAGTCTGTACGGGTT,461023,ACGGGAACAGGCTCCT
4636,GGAGTCTGTAGTTGGC,461050,ACGGGAACAAGGGCTT
4637,GGAGTCTGTGATGAAA,461159,ACGGGAACATTAGCCT
4638,GGAGTCTGTTTACCGT,461334,ACGGGAACAGCAAGTC
4639,GGAGTCTGTTTAGTCC,461339,ACGGGAACAATACCGA
4640,GGAGTGAGTCCTAGTT,461496,CCTAAAGCAATGTTCC
4641,GGAGTGAGTGTTAGCA,461600,CCTAAAGCAAGTTAGT
4642,GGAGTGAGTTACCTGT,461628,CCTAAAGCATGAATCG
4643,GGAGTGAGTTGAATCG,461679,CCTAAAGCATATGGAT
4644,GGATAACCACAACAGG,461858,CTTATCTGTATTGCGT
4645,GGATAACCACCTATAG,461898,CTTATCTGTAACGAGC
4646,GGATAACCACCTCAGG,461900,CTTATCTGTGAGTTTC
4647,GGATAACCAGTAAGTA,462011,CTTATCTGTGAACCGG
4648,GGATACTTCATAACTG,462203,GTGTGGCAGCAGGTAT
4649,GGATACTTCGATCAGT,462366,GTGTGGCAGAACCTTT
4650,GGATATTGTAGCTAGC,462569,TATCGCTCAATTGACG
4651,GGATATTGTGATTTGG,462696,TATCGCTCACTAAGGC
4652,GGATATTGTGTGTCCC,462747,TATCGCTCACTATGGA
4653,GGATATTGTTGGTTCT,462851,TATCGCTCACAAGGCT
4654,GGATGAATCACTCGCT,462945,GCACGTAAGACTTAGA
4655,GGATGAATCAGTATTG,462964,GCACGTAAGCGATATA
4656,GGATGAATCCGGAACC,463066,GCACGTAAGGATTTGA
4657,GGATGGCCACCAGCAT,463419,TGCCTGAGTTCGGTAT
4658,GGATGGCCACCTCAGG,463434,TGCCTGAGTGAGTTTC
4659,GGATGGCCAGCCTAAC,463498,TGCCTGAGTAAACCAG
4660,GGATGGCCAGTCTAGC,463553,TGCCTGAGTATAGTGG
4661,GGATGTAAGACAAACG,463676,ATATTGCTCCCGCAAT
4662,GGATGTAAGACAGGCG,463683,ATATTGCTCACTATGT
4663,GGATGTAAGCAACATC,463715,ATATTGCTCCAAGTGG
4664,GGATGTAAGCGGTTAT,463785,ATATTGCTCGCGAAGC
4665,GGATGTAAGGAACACA,463824,ATATTGCTCAGCAATA
4666,GGATGTAAGGCATGTT,463867,ATATTGCTCACCTATG
4667,GGATGTAAGGCGTAAA,463885,ATATTGCTCCGGGTTT
4668,GGATGTAAGTTCCTCA,464031,ATATTGCTCCTTAGTG
4669,GGATGTAAGTTGGATC,464035,ATATTGCTCAGTATAG
4670,GGATTATGTAACGGGA,464058,CGTTACTCACTGGCAG
4671,GGATTATGTACTTAGG,464095,CGTTACTCACTCGCTA
4672,GGATTATGTATTTGCC,464130,CGTTACTCACCTAACT
4673,GGATTATGTTCCGCAC,464350,CGTTACTCATGAGGGA
4674,GGATTATGTTGAAGCC,464362,CGTTACTCACACAAGC
4675,GGATTCAGTCCTAAGA,464560,AGGCTGTCAGCTACCC
4676,GGATTCAGTTATCCGT,464718,AGGCTGTCAAAGTCAT
4677,GGATTCAGTTTGAGGC,464800,AGGCTGTCACCAAAGC
4678,GGATTGCGTAATAGCT,464832,CTAACCTCATGAGCCG
4679,GGATTGCGTATTGGAT,464890,CTAACCTCATTACTGC
4680,GGATTGCGTGATCATG,464988,CTAACCTCATGCCTCA
4681,GGATTGCGTTGGATAT,465142,CTAACCTCAATGTCAG
4682,GGATTTATCCCGCCTA,465339,CAGTGTGAGCCTAGTC
4683,GGATTTATCGGGCCAT,465465,CAGTGTGAGCATATTC
4684,GGCAAATCAAGGAATC,465632,TCACCAGGTCAACCGC
4685,GGCAAATCACGGTACT,465742,TCACCAGGTGCAACGG
4686,GGCAAATCAGGTTCAC,465840,TCACCAGGTCCTGACA
4687,GGCAAATCATGCATAT,465917,TCACCAGGTAATGGTG
4688,GGCAAGCCAGAACCGA,466154,ACGCTTGGTTAATCGC
4689,GGCAAGCCAGGGAGCT,466217,ACGCTTGGTGAGCATA
4690,GGCAATCGTAGCTGCG,466402,GGTCCCTCAGGTTTGA
4691,GGCAATCGTGGGTACT,466562,GGTCCCTCAATATCCC
4692,GGCAATCGTGTTCCCA,466583,GGTCCCTCATTGTGAG
4693,GGCAGGATCCAATAGC,466851,TTTGCTGAGCATGTTT
4694,GGCAGGATCGCATCCT,466975,TTTGCTGAGGTTGGAT
4695,GGCATGGAGATGCCTG,467156,GAATTAGTCCAAATAG
4696,GGCATGGAGGACTAAG,467290,GAATTAGTCCATGACC
4697,GGCATGGAGGTGAAAT,467380,GAATTAGTCTCAATCG
4698,GGCATGGAGTAAGTGG,467405,GAATTAGTCCTAACTG
4699,GGCATTAGTAGCTGCG,467552,TACTGAGCAGGTTTGA
4700,GGCATTAGTATTGGTG,467575,TACTGAGCATCATGCT
4701,GGCATTAGTTTGCAGA,467867,TACTGAGCAAGGAATA
4702,GGCATTGTCACGAATC,467918,GGTTAGTAGGATTATG
4703,GGCATTGTCCAATTAG,468002,GGTTAGTAGCTTAAAG
4704,GGCATTGTCCTCCATA,468077,GGTTAGTAGATAGCCG
4705,GGCATTGTCGCAAACT,468119,GGTTAGTAGTTAGCTT
4706,GGCATTGTCTTAATGG,468236,GGTTAGTAGATGAACC
4707,GGCATTGTCTTGAGCG,468246,GGTTAGTAGTCACCTA
4708,GGCCAACTCATCCACC,468342,TCGTGCTAGGTTCCGT
4709,GGCCAACTCCGGGACT,468434,TCGTGCTAGAATCTAG
4710,GGCCAACTCCTAGTCC,468453,TCGTGCTAGCGAAGCC
4711,GGCCAACTCCTTGTTG,468484,TCGTGCTAGGTAAGCT
4712,GGCCAGTTCCCTGTTA,468805,AGGCGCTAGCCAGTAG
4713,GGCCATCAGATAGACG,469073,ACGAATATCATAATGG
4714,GGCCATCAGCAAGGGT,469085,ACGAATATCAGAAAGG
4715,GGCCATCAGGCCTTAG,469242,ACGAATATCCATCATG
4716,GGCCATCAGTTGGGCC,469403,ACGAATATCTTTGTGG
4717,GGCCGTTAGAACAAGT,469418,CTCCACCTCGATTCAT
4718,GGCCGTTAGACTATTG,469437,CTCCACCTCCACCTGG
4719,GGCCGTTAGCTTCCCG,469568,CTCCACCTCATTCAGT
4720,GGCCGTTAGTCTCACC,469743,CTCCACCTCGCGCAAA
4721,GGCCTAATCAGTGAAG,469867,ACCTGGAAGCCAATCC
4722,GGCCTAATCCCGCCTA,469943,ACCTGGAAGCCTAGTC
4723,GGCCTAATCCTCAGTC,469994,ACCTGGAAGAAGCAAG
4724,GGCCTAATCGGCCATA,470063,ACCTGGAAGGCTCACT
4725,GGCCTAATCTTGCTAT,470172,ACCTGGAAGCCATCAC
4726,GGCCTCTGTAATCACG,470203,TGGTCAACAACGTGGT
4727,GGCCTCTGTCACACCC,470277,TGGTCAACAAGCCATA
4728,GGCCTCTGTGAGCGAA,470354,TGGTCAACAAGTGGCT
4729,GGCCTCTGTGAGGTAG,470355,TGGTCAACAGGACCTG
4730,GGCCTTAAGCAAGACA,470616,TTTAAGCTCGCATTAT
4731,GGCCTTAAGGAGTCGG,470752,TTTAAGCTCAATCGGG
4732,GGCCTTAAGGCAACAA,470761,TTTAAGCTCAGGACCA
4733,GGCCTTAAGGTCCTAG,470827,TTTAAGCTCCTCAAGC
4734,GGCCTTAAGTCATGCG,470883,TTTAAGCTCACAAAGC
4735,GGCCTTCGTACAAAGA,470978,TCGCTTGCAGTTCCCA
4736,GGCCTTCGTATTTGGG,471031,TCGCTTGCATGCGCCT
4737,GGCCTTCGTTGTTGCT,471294,TCGCTTGCATGACATG
4738,GGCGATACAAGGTAAC,471389,GGTCTATGTTAGCTAC
4739,GGCGATACATTAGGTT,471692,GGTCTATGTCCTTGAG
4740,GGCGCTAGTTCTTTAG,472027,CCCAGCTCATTTGGCT
4741,GGCGGTAAGAGGGACT,472135,TTCTTGCTCCCACCTC
4742,GGCGGTAAGCTATTGA,472229,TTCTTGCTCCAGGTGA
4743,GGCGGTAAGCTGTAAC,472242,TTCTTGCTCTCGACTA
4744,GGCGGTAAGTCTGGGC,472426,TTCTTGCTCCCAGTAC
4745,GGCGGTAAGTTGGCCA,472468,TTCTTGCTCCTTATGG
4746,GGCGGTTTCTCACACC,472810,TAAGTCAAGCGGTTCT
4747,GGCGGTTTCTTAGGGT,472843,TAAGTCAAGCATTAAG
4748,GGCGTTATCACAGGAA,472897,TCATCATAGCATTATC
4749,GGCGTTATCCAACTGG,472984,TCATCATAGAACAACC
4750,GGCGTTATCCTTGTTG,473086,TCATCATAGGTAAGCT
4751,GGCGTTATCGAAGTGA,473090,TCATCATAGGATTGCG
4752,GGCGTTATCGACCTGA,473092,TCATCATAGTTTGACT
4753,GGCGTTATCTAACCAA,473168,TCATCATAGGCTTAGG
4754,GGCGTTATCTCAATAG,473190,TCATCATAGGGCTAAT
4755,GGCGTTATCTCCATGC,473200,TCATCATAGTTACATC
4756,GGCTAGACAAACATAG,473250,CTACAACGTTGTTCTT
4757,GGCTAGACAGGCATGA,473491,CTACAACGTGGTGCAG
4758,GGCTAGACATGGTTAT,473594,CTACAACGTCATTATG
4759,GGCTAGACATTTGCTC,473632,CTACAACGTGCGGTAG
4760,GGCTAGTGTCCTAAGA,473762,AAACAAGCAGCTACCC
4761,GGCTAGTGTGGGTACT,473848,AAACAAGCAATATCCC
4762,GGCTATGTCACCTGCT,474052,TCCGGTTAGGCGCGAT
4763,GGCTATGTCGGTTAGT,474292,TCCGGTTAGTCATGAA
4764,GGCTATGTCTTTGACT,474396,TCCGGTTAGCCCTTGG
4765,GGCTATTAGAGGAGGA,474433,TGCGGTTTCTAGCCAC
4766,GGCTATTAGCCTGATG,474497,TGCGGTTTCAGGTTGG
4767,GGCTATTAGTAAGGGC,474689,TGCGGTTTCGGTTACC
4768,GGCTATTAGTCATCCC,474716,TGCGGTTTCCTTAACG
4769,GGCTCAATCAAACCTA,474785,GCTCCTGAGGTGCTTC
4770,GGCTCAATCCGCAAAT,474943,GCTCCTGAGACCAGGC
4771,GGCTCAATCCGTTATT,474962,GCTCCTGAGTGCTGAG
4772,GGCTCAATCGTTTCCA,475082,GCTCCTGAGCCGCTAT
4773,GGCTCACAGACTATTG,475189,TTGCATGTCCACCTGG
4774,GGCTCACAGGACCAGG,475338,TTGCATGTCTGTGCTA
4775,GGCTGAGAGAGCCGGA,475583,CCGTTCCTCATGGATA
4776,GGCTGAGAGGCCTGGT,475761,CCGTTCCTCCTTGCAA
4777,GGCTGAGAGTAGCTTA,475851,CCGTTCCTCCCATAGC
4778,GGCTGAGAGTTAACCA,475900,CCGTTCCTCGCTATAT
4779,GGCTGGTTCATCAGTA,476013,ATGCAACAGCTTAGCC
4780,GGCTGGTTCATGAAGG,476019,ATGCAACAGTAAGCGT
4781,GGCTGGTTCATTGACA,476044,ATGCAACAGTTGCAGG
4782,GGCTGGTTCCACCTTA,476062,ATGCAACAGCATAGCG
4783,GGCTGGTTCCGCAAGC,476097,ATGCAACAGATTCCGC
4784,GGCTGTCAGCTAATCA,476444,TAGTTACTCGCGCTCA
4785,GGCTGTCAGCTCATAA,476454,TAGTTACTCCCTGTGG
4786,GGCTGTCAGGGCCACT,476558,TAGTTACTCCAACCTA
4787,GGCTGTCAGGTATTGC,476575,TAGTTACTCCAGGAAT
4788,GGCTGTCAGGTGTCCA,476591,TAGTTACTCCTCACGG
4789,GGCTTAAGTCAACAAT,476789,CTGATGACACTAAGCA
4790,GGCTTAAGTGATGAAA,476879,CTGATGACATTAGCCT
4791,GGCTTAAGTTAAGCGC,476954,CTGATGACAACCGCTC
4792,GGCTTAAGTTGTTCAC,477047,CTGATGACAAATAAGG
4793,GGCTTCAAGAAACTGG,477085,TCACCGGTCGATATGA
4794,GGCTTCAAGCTTGCTC,477240,TCACCGGTCCTAATCG
4795,GGCTTCAAGGGCTTAT,477327,TCACCGGTCAAATACG
4796,GGGAATATCCGTGACA,477646,GTAGCTGAGATTGCCC
4797,GGGAATATCTACTAAG,477786,GTAGCTGAGAAGGACA
4798,GGGAATATCTGCAAGT,477813,GTAGCTGAGTTTGAGA
4799,GGGAGTAGTTACCGGG,478115,CGGTACGCACTTCAAC
4800,GGGATTAAGAGGAAGG,478652,GATAAGCTCGCATTGC
4801,GGGATTAAGTCAATTG,478928,GATAAGCTCTTTGGTG
4802,GGGATTAAGTCTGGGC,478948,GATAAGCTCCCAGTAC
4803,GGGATTAAGTGGCGGA,478964,GATAAGCTCCTGTTAG
4804,GGGATTAAGTTTGGTA,479001,GATAAGCTCGCTTCGG
4805,GGGCAATAGGGCCATC,479243,CACAAGGTCACCCTCC
4806,GGGCAATAGTAACCAC,479287,CACAAGGTCTCAAACT
4807,GGGCAATAGTAAGTCC,479294,CACAAGGTCCTAGGTC
4808,GGGCAATAGTCTTGAA,479333,CACAAGGTCAGCTACC
4809,GGGCATGAGAGAGGCT,479416,CGTAATTTCATGTTGT
4810,GGGCATGAGATGCCTG,479430,CGTAATTTCCAAATAG
4811,GGGCATGAGCAACAAG,479436,CGTAATTTCATGCGCT
4812,GGGCATGAGGGCCACT,479626,CGTAATTTCCAACCTA
4813,GGGCATGAGTCACCTC,479698,CGTAATTTCTGGGAAT
4814,GGGCATGAGTGAGCGG,479725,CGTAATTTCATCACAT
4815,GGGCATTGTAATCGGC,479794,CTATTGCCAGTTTGCT
4816,GGGCATTGTACCGTTT,479807,CTATTGCCAAATACGT
4817,GGGCATTGTGACATGC,479936,CTATTGCCAACAGGGA
4818,GGGCATTGTTAACGGC,480020,CTATTGCCACTTAGGA
4819,GGGCATTGTTGCGGAT,480096,CTATTGCCATCCCAAT
4820,GGGCATTGTTGTCATC,480111,CTATTGCCAGCACTAA
4821,GGGCCTAGTATTCGCT,480226,TTCAGGACAGGATGGA
4822,GGGCCTAGTGTCCAGG,480379,TTCAGGACAAAGGTAA
4823,GGGCGAATCCGTTATT,480714,TAGGTACAGTGCTGAG
4824,GGGCGAATCGTTACAA,480827,TAGGTACAGTGCAACG
4825,GGGCGAATCTACCTGC,480851,TAGGTACAGCATCTAT
4826,GGGCGAATCTATGACA,480858,TAGGTACAGTTACGAA
4827,GGGCTAACAGTTTACG,481199,AACCTTAGTAGACTAG
4828,GGGTATTTCCACCTGT,481429,AGTAGCTAGGTAAGTC
4829,GGGTATTTCCTGGCTT,481510,AGTAGCTAGTCACTCA
4830,GGGTATTTCGTGCCTT,481590,AGTAGCTAGGACACGC
4831,GGGTATTTCGTTAAGC,481594,AGTAGCTAGCAAATCA
4832,GGGTCAACAAACCTAT,481690,AAGAATCGTGCGCGAA
4833,GGGTCAACAACTAGAA,481724,AAGAATCGTTAACTGC
4834,GGGTCAACAAGGTAAC,481745,AAGAATCGTTAGCTAC
4835,GGGTCAACAATATAGG,481768,AAGAATCGTTACGTAC
4836,GGGTCAACAATCTCTC,481775,AAGAATCGTGAGGGTT
4837,GGGTCAACACTGACTA,481866,AAGAATCGTTAAACGG
4838,GGGTCAACAGGCTTCG,481939,AAGAATCGTAACCGGG
4839,GGGTCAACAGTGAACG,481961,AAGAATCGTATGTTGC
4840,GGGTCAACATGTCAAT,482033,AAGAATCGTTGCGAGG
4841,GGGTCACTCAGGCTAT,482134,TGTGAGTAGGCACGTA
4842,GGGTCACTCAGTATTG,482138,TGTGAGTAGCGATATA
4843,GGGTCACTCCCAGTAG,482208,TGTGAGTAGGCACAAT
4844,GGGTCACTCCTTAATC,482283,TGTGAGTAGGAGCTAT
4845,GGGTCACTCTAGCTTT,482392,TGTGAGTAGGGAGTAA
4846,GGGTCACTCTTGCATT,482443,TGTGAGTAGTGCGGGT
4847,GGGTGAAGTTATCGAG,482744,GCTAAGCCATCCTGGC
4848,GGGTGAAGTTTAACCC,482804,GCTAAGCCATTAGCGA
4849,GGGTGTTGTAGCTGGT,482893,CCTTGCACAGGTTGCG
4850,GGGTGTTGTCATGCCC,482951,CCTTGCACATTCCTGG
4851,GGGTGTTGTTACTTCA,483104,CCTTGCACATAAACCG
4852,GGGTTACGTCACGAAC,483318,CAAGGTCCATGAGGAG
4853,GGGTTACGTCATTGTC,483337,CAAGGTCCAATTGCCT
4854,GGGTTACGTCTTGCTG,483376,CAAGGTCCATGGATAT
4855,GGGTTATTCAAGGACA,483614,GTATTGAAGTTTCACG
4856,GGGTTATTCACACAGT,483629,GTATTGAAGTCCCGCA
4857,GGGTTATTCAGGCTAT,483664,GTATTGAAGGCACGTA
4858,GGGTTATTCATCCACC,483680,GTATTGAAGGTTCCGT
4859,GGGTTATTCCCTCGCA,483753,GTATTGAAGCCGGTAA
4860,GGGTTTCCAAGGTATA,484045,TGAGCGGGTGAACAAT
4861,GGGTTTCCATTGCGTA,484358,TGAGCGGGTGTGATTC
4862,GGGTTTGTCAATACGC,484385,GCATCCTAGACTTACT
4863,GGGTTTGTCCACCCTG,484494,GCATCCTAGCTCATGC
4864,GGGTTTGTCCTTAGGG,484582,GCATCCTAGCATCCTA
4865,GGGTTTGTCGTGCCTT,484656,GCATCCTAGGACACGC
4866,GGTAAACCAAATACCT,484771,TTTGTGAGTCAATGAG
4867,GGTAAACCACCTACTT,484903,TTTGTGAGTAGCGGAT
4868,GGTAAACCACTAAATC,484922,TTTGTGAGTTTACCAA
4869,GGTAAACCACTTAACG,484935,TTTGTGAGTAAGTCCT
4870,GGTAAACCATTAAAGG,485108,TTTGTGAGTCATTACA
4871,GGTAACCGTAAGCTTG,485151,AGCTCAACACCTAAAG
4872,GGTAACCGTATGGTGC,485207,AGCTCAACAGTATTGG
4873,GGTAACTTCATTACTC,485622,GATTGCGAGGGTTAAC
4874,GGTAACTTCCTCACTA,485712,GATTGCGAGTCAATCT
4875,GGTAACTTCGACCTGA,485746,GATTGCGAGTTTGACT
4876,GGTAAGGGTAGCCTCC,485955,AGGGCTTCATGAGCTA
4877,GGTAAGGGTCATGAGC,486015,AGGGCTTCAAGGCCTG
4878,GGTAAGGGTCCGTGAG,486030,AGGGCTTCATGGTTAG
4879,GGTAAGGGTGCAACTA,486085,AGGGCTTCAGTATGTG
4880,GGTAATTGTATTGGAT,486362,CTTTAGCCATTACTGC
4881,GGTAATTGTCACAAAT,486378,CTTTAGCCAGGAGGAC
4882,GGTAATTGTCCTAATC,486415,CTTTAGCCACGGTAAC
4883,GGTAATTGTTATTGCC,486576,CTTTAGCCAACGGTGT
4884,GGTACAAAGCTGAGGG,486807,TCAAGCCTCCGGATTC
4885,GGTACCGGTTAAGCGC,487302,CCACAAACAACCGCTC
4886,GGTACCGGTTAGACCA,487320,CCACAAACAGGAGGTA
4887,GGTACCGGTTAGGCTA,487331,CCACAAACATTACCCG
4888,GGTACCGGTTGCGCGA,487375,CCACAAACACTAGCTT
4889,GGTACTAGTACTTCAC,487480,GAAGGATCAACATAGT
4890,GGTACTAGTGCTAGCG,487628,GAAGGATCAATGACCA
4891,GGTACTAGTGGGTGAA,487649,GAAGGATCAAGTATCG
4892,GGTACTAGTTCACCAT,487727,GAAGGATCATTACGGA
4893,GGTACTTAGACAGGTA,487834,TCTGTGATCATCAGCC
4894,GGTACTTAGATTCCTT,487861,TCTGTGATCATTGTAC
4895,GGTACTTAGGACTAAG,487992,TCTGTGATCCATGACC
4896,GGTACTTAGGGACGCA,488049,TCTGTGATCCACCCTC
4897,GGTACTTAGTGAAGTG,488149,TCTGTGATCCTGATAT
4898,GGTACTTAGTTGGATC,488185,TCTGTGATCAGTATAG
4899,GGTAGGAGTGGAGCAA,488407,TACCGTTCAGCCTAAA
4900,GGTAGGAGTTACATCC,488460,TACCGTTCAACAACAT
4901,GGTAGGAGTTTATGGG,488558,TACCGTTCACTGTCAT
4902,GGTAGGAGTTTGCAGA,488569,TACCGTTCAAGGAATA
4903,GGTATGTTCAACCAAC,488588,TGCTCACAGTCTTGCA
4904,GGTATGTTCCCGTTAC,488726,TGCTCACAGCTAAATG
4905,GGTATGTTCGTGCCTT,488868,TGCTCACAGGACACGC
4906,GGTATTGGTAGTTACG,489031,AGTCAATCATTGAGAT
4907,GGTATTGGTCTCACTG,489118,AGTCAATCAAGGGAGC
4908,GGTATTGGTGGATTAT,489175,AGTCAATCATAATGCG
4909,GGTATTTCAAGATTCT,489391,TGTTAGCGTTATGGAG
4910,GGTATTTCAAGTTATC,489417,TGTTAGCGTTGGCCAC
4911,GGTATTTCAATAGCAA,489424,TGTTAGCGTCCTCACT
4912,GGTATTTCACAAACTT,489453,TGTTAGCGTCAATACC
4913,GGTATTTCACGTAATT,489513,TGTTAGCGTTCCTCAC
4914,GGTATTTCAGGCCTTG,489592,TGTTAGCGTCATGAAG
4915,GGTATTTCATAATGAG,489641,TGTTAGCGTCCCAGAC
4916,GGTATTTCATCCTAGA,489669,TGTTAGCGTTTGTCTT
4917,GGTCAAGCAATTAGCT,489828,CCAGGGAGTCCAAATC
4918,GGTCAAGCATAGGCGA,490037,CCAGGGAGTGCACAAA
4919,GGTCAATTCCTGAATA,490317,CTGAGCAAGTGGCTAG
4920,GGTCAATTCGTTAACA,490405,CTGAGCAAGAAACCGT
4921,GGTCAGGAGCAAGGGT,490553,AAGCTAATCAGAAAGG
4922,GGTCAGGAGCCAGGTC,490583,AAGCTAATCAGTCTAT
4923,GGTCAGGAGCGGTTAT,490619,AAGCTAATCGCGAAGC
4924,GGTCAGGAGCTTTGGG,490655,AAGCTAATCCCAATAT
4925,GGTCAGGAGGCAATAG,490697,AAGCTAATCCATCACA
4926,GGTCAGGAGGTCAAAG,490756,AAGCTAATCCTTTAGG
4927,GGTCAGGAGGTCCTAG,490761,AAGCTAATCCTCAAGC
4928,GGTCAGGAGGTTTGAC,490778,AAGCTAATCGATTAAG
4929,GGTCAGGAGTTAGCCG,490853,AAGCTAATCATGAGGT
4930,GGTCATTAGCATTAGC,490961,TAACCGCTCGTGATAA
4931,GGTCATTAGGAAGTAT,491049,TAACCGCTCTTGCTCT
4932,GGTCATTAGGCTCATG,491110,TAACCGCTCAGGGATT
4933,GGTCATTAGGTCCGTA,491144,TAACCGCTCTAATCAC
4934,GGTCATTAGGTCTTGG,491149,TAACCGCTCTGTTGGC
4935,GGTCCATCAACCCTCC,491298,GGCGCTTGTTCCATTT
4936,GGTCCATCAAGGCCAA,491323,GGCGCTTGTGAATCGA
4937,GGTCCATCAATTAGCT,491364,GGCGCTTGTCCAAATC
4938,GGTCCATCACCAAAGG,491402,GGCGCTTGTTTCCAAA
4939,GGTCCATCACGAACAG,491426,GGCGCTTGTCACACTG
4940,GGTCCATCACGTAATT,491433,GGCGCTTGTTCCTCAC
4941,GGTCCATCACTAAATC,491436,GGCGCTTGTTTACCAA
4942,GGTCCATCACTAAGCC,491438,GGCGCTTGTTAGGCGG
4943,GGTCCGTAGGCATTAC,491854,TCGCTAATCAAAGGGA
4944,GGTCCGTAGGCATTGT,491855,TCGCTAATCCTTCGGG
4945,GGTCCGTAGGTAGCTT,491906,TCGCTAATCAATGAGC
4946,GGTCCGTAGTATGTGC,491955,TCGCTAATCCGGTACT
4947,GGTCCGTAGTCAATTG,491960,TCGCTAATCTTTGGTG
4948,GGTCCTGCAAGGGTTG,492092,CGCCTTTGTCCTCCTG
4949,GGTCCTGCACAGGGAC,492163,CGCCTTTGTAAACCGA
4950,GGTCCTGCATGTTTGG,492388,CGCCTTTGTTTATCCT
4951,GGTCTTGAGAATCTCA,492812,TGAGCGATCTTAGGTT
4952,GGTCTTGAGCCTAATA,492896,TGAGCGATCAAACCAA
4953,GGTCTTGAGGCTTAAC,493034,TGAGCGATCAATAACG
4954,GGTCTTGAGGGATTAG,493041,TGAGCGATCAGTACCC
4955,GGTCTTGAGTAAGGGC,493093,TGAGCGATCGGTTACC
4956,GGTCTTGAGTCACCTC,493114,TGAGCGATCTGGGAAT
4957,GGTCTTGAGTGAAGTG,493137,TGAGCGATCCTGATAT
4958,GGTCTTTGTCCTTCAG,493322,AATGTCGCATAAGTCG
4959,GGTCTTTGTTACCGGG,493449,AATGTCGCACTTCAAC
4960,GGTGAGCCAAGCTAAA,493618,TTGTGCGGTAATCGCT
4961,GGTGAGCCAATTAGGA,493667,TTGTGCGGTGGTTAAG
4962,GGTGAGCCACAAAGCG,493677,TTGTGCGGTACAAACG
4963,GGTGAGGTCACCTGTC,493991,CTTTGTGAGTGTGGTG
4964,GGTGAGGTCAGGGCCT,494017,CTTTGTGAGCCGATAG
4965,GGTGAGGTCATAATCG,494027,CTTTGTGAGCTCAAGG
4966,GGTGAGGTCATGCTCC,494045,CTTTGTGAGCTCCCTC
4967,GGTGAGGTCCCTCACG,494102,CTTTGTGAGGCTTATT
4968,GGTGAGGTCCTAACGG,494134,CTTTGTGAGTGCTGGA
4969,GGTGAGGTCCTTAAGA,494164,CTTTGTGAGCCAAACG
4970,GGTGAGTAGACAAAGT,494349,ACCGTTATCTAAGCAA
4971,GGTGAGTAGATAACCC,494377,ACCGTTATCATTTAGC
4972,GGTGAGTAGGACGTAA,494513,ACCGTTATCCTGTGAC
4973,GGTGAGTAGGCGGATG,494555,ACCGTTATCTAACTAC
4974,GGTGATTTCAATTGGC,494747,GTTTGGGAGTAGGATC
4975,GGTGATTTCCATAATG,494855,GTTTGGGAGGGTTGGC
4976,GGTGATTTCCGCAAGC,494883,GTTTGGGAGATTCCGC
4977,GGTGATTTCTCGCCTG,495061,GTTTGGGAGCTTTAAC
4978,GGTGATTTCTTGATGA,495090,GTTTGGGAGGTTACTT
4979,GGTGCTGGTCAAAGGG,495190,GTTTGGACATGCAACA
4980,GGTGCTGGTCACAAAT,495198,GTTTGGACAGGAGGAC
4981,GGTGCTGGTCCGGTTC,495230,GTTTGGACAAGTAAAG
4982,GGTGCTGGTGAACAAA,495266,GTTTGGACAAATGCTG
4983,GGTGCTGGTGGCTTCC,495318,GTTTGGACAGCATTAG
4984,GGTGCTGGTTAGGACC,495382,GTTTGGACACGCTAGG
4985,GGTGCTTCAAAGCTAA,495501,GTTAGCTGTTTCCAGG
4986,GGTGCTTCAACTCGCG,495527,GTTAGCTGTGCGCAAG
4987,GGTGCTTCAATAGTCT,495566,GTTAGCTGTGTCCTGA
4988,GGTGCTTCAATTGAAG,495587,GTTAGCTGTAGTCCTG
4989,GGTGCTTCAGGATGGC,495725,GTTAGCTGTTGTTTGA
4990,GGTGCTTCAGGATTAA,495726,GTTAGCTGTAGAGGCT
4991,GGTGCTTCAGTTGCGT,495766,GTTAGCTGTGAACGGT
4992,GGTGTCCAGCCATCAG,495957,GTCGAAGTCGAGCAAT
4993,GGTGTGACACTAGGTC,496429,AGTAACGGTCCTTTAT
4994,GGTGTGACATGCTTAG,496596,AGTAACGGTCCAAGTT
4995,GGTGTGACATTGCGAC,496626,AGTAACGGTAGCAGGT
4996,GGTGTTGTCCAATAGC,496761,TAACCAAAGCATGTTT
4997,GGTGTTGTCGCTTCTA,496900,TAACCAAAGGATTGGT
4998,GGTGTTGTCGTGCTAG,496927,TAACCAAAGGATGACT
4999,GGTGTTGTCTAACCAA,496942,TAACCAAAGGCTTAGG
5000,GGTTAATGTAATCCCT,497044,ACAATGTCAGCCTGAG
5001,GGTTAATGTAGCAGCT,497072,ACAATGTCAGGAAGCA
5002,GGTTAATGTCTCAGCC,497177,ACAATGTCAACAAAGA
5003,GGTTAATGTTGTAACG,497362,ACAATGTCAGGTTATG
5004,GGTTACCCAATATGGA,497487,GCGATCCGTGCAATAG
5005,GGTTACCCAGGCTGTT,497656,GCGATCCGTTCATTCT
5006,GGTTACCCAGTTGCGT,497684,GCGATCCGTGAACGGT
5007,GGTTAGCGTTACGCGG,498438,TTAGGTGCAACGGTTA
5008,GGTTAGCGTTAGCATG,498446,TTAGGTGCATGCATTC
5009,GGTTATATCAAACCTA,498557,TTAACCTAGGTGCTTC
5010,GGTTATATCATCACTT,498632,TTAACCTAGCAATACA
5011,GGTTATATCCCGCATT,498698,TTAACCTAGTTAGGCG
5012,GGTTATATCCTACCTA,498743,TTAACCTAGTTACTAC
5013,GGTTATATCCTCCCTC,498754,TTAACCTAGTGATTCT
5014,GGTTATATCGATTTGA,498794,TTAACCTAGGTGGCTA
5015,GGTTATATCGGTACGC,498827,TTAACCTAGCCATAAA
5016,GGTTATGGTCACCAAA,499036,ATTCGTCCAATGAGCC
5017,GGTTATGGTCTAACCT,499089,ATTCGTCCAAACTAGT
5018,GGTTATGGTGCGCAAT,499130,ATTCGTCCATAAGCCA
5019,GGTTATGGTGCTCACC,499135,ATTCGTCCAAATAGCT
5020,GGTTCCCGTGCAACTA,499503,CATTTGCCAGTATGTG
5021,GGTTCCCGTTCACTGT,499617,CATTTGCCAATAGCCA
5022,GGTTCCCGTTTCCTCC,499685,CATTTGCCATCCTGCA
5023,GGTTCTTGTAAAGCGG,499705,AGGTTTGCACGGTCAG
5024,GGTTCTTGTGAGACTC,499871,AGGTTTGCAAAGAAGC
5025,GGTTCTTGTGTAATAC,499926,AGGTTTGCAAGCGCTG
5026,GGTTCTTGTTAGTACG,499986,AGGTTTGCAACAGGCT
5027,GGTTCTTGTTGAGGTC,500020,AGGTTTGCAAACTAAC
5028,GGTTCTTGTTTACCGT,500054,AGGTTTGCAGCAAGTC
5029,GGTTGACGTAATGACT,500110,CTGCAGGCATCCTCAG
5030,GGTTGAGCAATATAGG,500548,CATATTGGTTACGTAC
5031,GGTTGAGCACACTAAT,500587,CATATTGGTTCACCTC
5032,GGTTGCATCATGACCG,500936,CTGGTGAAGTCAAGAC
5033,GGTTGCATCATGGCTG,500946,CTGGTGAAGGACGAAA
5034,GGTTGCGGTGAACAAA,501396,AACCCGGCAAATGCTG
5035,GGTTGCGGTTGTCCAT,501576,AACCCGGCATGGAGGA
5036,GGTTGCGGTTGTTGGA,501581,AACCCGGCATCCTCCT
5037,GGTTGCTCAAGTTATC,501687,TTAGTCAGTTGGCCAC
5038,GGTTGCTCACGTAATT,501783,TTAGTCAGTTCCTCAC
5039,GGTTGCTCAGCAAGAT,501819,TTAGTCAGTTTACTGA
5040,GGTTGCTCAGGACCAA,501852,TTAGTCAGTATTCGGT
5041,GGTTGCTCAGTAGCCT,501884,TTAGTCAGTTGCTCAG
5042,GGTTGCTCAGTTTGGC,501899,TTAGTCAGTCGGTTAT
5043,GGTTGGTGTTGCACGG,502321,AATGGAACAGGTCAAC
5044,GGTTTAATCATCCTAT,502463,TGTGGTGAGTATCGCC
5045,GGTTTAATCCGTTATT,502562,TGTGGTGAGTGCTGAG
5046,GGTTTAATCTTTAGGA,502763,TGTGGTGAGGTGTTAA
5047,GGTTTCCTCACTAGGT,502813,CGTATTTAGGCCAACA
5048,GGTTTCCTCATTCATC,502875,CGTATTTAGACAAGCT
5049,GGTTTCCTCCGCCTCA,502934,CGTATTTAGTCACCAC
5050,GGTTTCCTCCGTTAAA,502945,CGTATTTAGTAACCGG
5051,GGTTTCCTCTAACCTT,503071,CGTATTTAGCAAATTG
5052,GGTTTCCTCTGTGAGT,503118,CGTATTTAGGTATTTC
5053,GGTTTCTGTCAAAGAA,503235,GGACCTGCATGTTGGA
5054,GGTTTCTGTTGCCTCA,503474,GGACCTGCAGGTTACA
5055,GGTTTGTAGCACTAGT,503597,AATCTGTTCCGCCATG
5056,GGTTTGTAGGTCCTGA,503796,AATCTGTTCTATATGC
5057,GGTTTGTAGTAACGGA,503820,AATCTGTTCACAAGCG
5058,GGTTTGTAGTATCGCG,503836,AATCTGTTCGCCCGTA
5059,GTAAAGCCAGGCCATT,504161,GCGTTATGTGCATTTA
5060,GTAAAGCCATAAGCAA,504204,GCGTTATGTAAGGCCG
5061,GTAAAGCCATAGCTGC,504221,GCGTTATGTCATCATA
5062,GTAAGCAAGTGAACAG,504632,ACTTAGTTCCGCAATC
5063,GTAAGCGCATAGACTT,504985,TATGGCTGTTGCGCGT
5064,GTAAGCTTCAAGCTTA,505081,GGTGGCTAGCAGCCAA
5065,GTAAGCTTCATTATGG,505176,GGTGGCTAGTCCTTAG
5066,GTAAGCTTCCAGCACA,505197,GGTGGCTAGTAGGTTA
5067,GTAAGCTTCTACCTAT,505383,GGTGGCTAGTGTGATA
5068,GTAAGGTCAAATTGCT,505475,TCAACCGGTAAGTACG
5069,GTAAGGTCACGTAATT,505619,TCAACCGGTTCCTCAC
5070,GTAAGGTCACTCGCTC,505630,TCAACCGGTTGTTCCC
5071,GTAAGGTCAGCAAGAT,505655,TCAACCGGTTTACTGA
5072,GTAAGGTCAGGAACCA,505683,TCAACCGGTTATGTTG
5073,GTAAGGTCAGGCAAGC,505693,TCAACCGGTAAACCCT
5074,GTAAGGTCAGGCATGA,505695,TCAACCGGTGGTGCAG
5075,GTAATAGCAAAGGCCA,505853,GGCTTTGGTGAGTCAA
5076,GTAATAGCAAGATTCT,505881,GGCTTTGGTTATGGAG
5077,GTAATAGCACTTCACT,506022,GGCTTTGGTGCGTACC
5078,GTACAATGTACAAAGA,506250,TAGGGTCCAGTTCCCA
5079,GTACAATGTGCTTACT,506422,TAGGGTCCACTGGGAT
5080,GTACAATGTTAGCAGC,506493,TAGGGTCCACATGCCC
5081,GTACACCCAACTCGCG,506643,GTGCGAGGTGCGCAAG
5082,GTACACCCAATTATGC,506702,GTGCGAGGTTGTCATA
5083,GTACACCCATAGACCC,506902,GTGCGAGGTAAAGGTT
5084,GTACACCCATATTGAC,506912,GTGCGAGGTGCCGGAA
5085,GTACACCCATGTCGCG,506951,GTGCGAGGTGAGTTAG
5086,GTACCGGGTAACCACA,506992,AGTCCTTCATCATCAC
5087,GTACCGGGTAGCCTAA,507038,AGTCCTTCAGGCAACT
5088,GTACCGGGTATTACCC,507059,AGTCCTTCACCTTAGT
5089,GTACCGGGTATTGAGT,507062,AGTCCTTCACTCGCAC
5090,GTACCGGGTTATGTGG,507277,AGTCCTTCATCCTGTG
5091,GTACCGGGTTCGGTAA,507298,AGTCCTTCAAACAAAG
5092,GTACCTTGTTAAGCGC,507620,CAGAGAGCAACCGCTC
5093,GTACGTAGTAGGTTGC,507812,AATGAAGCAATAAACC
5094,GTACGTAGTCACACCC,507845,AATGAAGCAAGCCATA
5095,GTACGTAGTGCTTAGA,507953,AATGAAGCAAGGTGCT
5096,GTACGTAGTGGGTGAA,507967,AATGAAGCAAGTATCG
5097,GTACGTAGTTAGCAGC,508023,AATGAAGCACATGCCC
5098,GTACGTAGTTAGGACC,508028,AATGAAGCACGCTAGG
5099,GTACGTAGTTTAGCGA,508105,AATGAAGCACAGCACG
5100,GTACGTAGTTTCCGGC,508114,AATGAAGCACCGTTCA
5101,GTACGTAGTTTCCTCC,508115,AATGAAGCATCCTGCA
5102,GTACTAATCATTTAGG,508247,AAGGCTTAGCATGGAT
5103,GTACTAATCCTGATTT,508338,AAGGCTTAGCACAGCA
5104,GTACTAATCGCAACAT,508374,AAGGCTTAGATTCGTT
5105,GTACTAATCGTTACAA,508425,AAGGCTTAGTGCAACG
5106,GTACTAGGTCTATCGT,508669,GACTGCGCAGTGAACC
5107,GTACTAGGTTAGGACC,508794,GACTGCGCACGCTAGG
5108,GTACTAGGTTCCTCCT,508821,GACTGCGCACGTAGGT
5109,GTACTGGTCCTGATTT,509104,CTTATGTAGCACAGCA
5110,GTACTGGTCGCAATCG,509141,CTTATGTAGCCGCAAA
5111,GTACTGGTCGCATTAA,509146,CTTATGTAGCTAGTTT
5112,GTACTGGTCTAACCTT,509203,CTTATGTAGCAAATTG
5113,GTACTGGTCTAATCCT,509210,CTTATGTAGGATGCGC
5114,GTACTGGTCTCGCCCA,509238,CTTATGTAGAAGGAAT
5115,GTACTGGTCTGGTCCT,509247,CTTATGTAGTCAACAA
5116,GTACTTAAGAGAGGCT,509312,TTCCGCCTCATGTTGT
5117,GTACTTAAGGTCGAGG,509547,TTCCGCCTCAGCCTGT
5118,GTACTTAAGTAAGTGG,509575,TTCCGCCTCCTAACTG
5119,GTACTTCGTCTAGCTT,509818,ATAGGTTCACGTTACT
5120,GTACTTCGTGGTTCCC,509887,ATAGGTTCAGGTAGCT
5121,GTAGCCATCATTATGG,510156,CAGAATCAGTCCTTAG
5122,GTAGCCATCGCTTGCT,510311,CAGAATCAGAGCCGGT
5123,GTAGCCATCTAAGTGC,510358,CAGAATCAGCAATAGC
5124,GTAGCCATCTCGCCTG,510389,CAGAATCAGCTTTAAC
5125,GTAGCCATCTTTAGGA,510429,CAGAATCAGGTGTTAA
5126,GTAGCGCTCAGTTCCC,510502,CATAACAAGAGCAAGA
5127,GTAGCGCTCATAGCCG,510509,CATAACAAGGAGCAAA
5128,GTAGCGCTCATCACTT,510510,CATAACAAGCAATACA
5129,GTAGCGCTCCTTCGTA,510649,CATAACAAGAACCTAA
5130,GTAGCTGTCAGGTTTA,510883,GCGATATAGTGCACCT
5131,GTAGCTGTCCCTCGCA,510969,GCGATATAGCCGGTAA
5132,GTAGCTGTCCTGGTGA,511026,GCGATATAGACACGCA
5133,GTAGCTGTCGTGCTAG,511105,GCGATATAGGATGACT
5134,GTAGGAGGTGCATTTC,511389,TGCATGACACCAGCTC
5135,GTAGGATCAAACGGGC,511589,ACGTAAGGTAGGTGAC
5136,GTAGGATCAAGGTATA,511643,ACGTAAGGTGAACAAT
5137,GTAGGATCACCCTCAC,511726,ACGTAAGGTAAGTGGC
5138,GTAGGATCACCTCACC,511735,ACGTAAGGTATTGTCA
5139,GTAGGATCATCAGCAC,511896,ACGTAAGGTTGTGCGC
5140,GTAGGATCATCATGTG,511899,ACGTAAGGTCCCGGAT
5141,GTAGGCGAGCAGCTAT,512033,TAGTGCCTCCATGCTA
5142,GTAGGCGAGCAGGCCT,512035,TAGTGCCTCCGGTTTA
5143,GTAGGCGAGCTATATG,512096,TAGTGCCTCGTTAAAG
5144,GTAGGCGAGTTACTTC,512318,TAGTGCCTCCATTACG
5145,GTAGGTGCAACCTAAT,512384,GGTTATCGTAGCTTAC
5146,GTAGGTGCATTGCGGT,512723,GGTTATCGTCATTGAC
5147,GTAGGTGCATTGTCCT,512727,GGTTATCGTCCTTAGG
5148,GTAGTTATCAGGTTTA,512801,CCCGCTAAGTGCACCT
5149,GTAGTTATCCTAATTC,512922,CCCGCTAAGCTTGAAA
5150,GTAGTTATCCTTTACG,512957,CCCGCTAAGCGCAAAT
5151,GTAGTTATCGAGGTGG,512967,CCCGCTAAGTAAGTCA
5152,GTAGTTATCGTTTCTG,513036,CCCGCTAAGCATGAGT
5153,GTAGTTTCAGCTAACC,513340,TGGATTCGTATGGTCT
5154,GTAGTTTCAGGCTGTT,513370,TGGATTCGTTCATTCT
5155,GTAGTTTCAGTAAGTA,513383,TGGATTCGTGAACCGG
5156,GTAGTTTCATCCAGGT,513436,TGGATTCGTGCCTTTC
5157,GTATCGCCAATCCCTT,513587,TCTGGGCGTAACGTGA
5158,GTATCGCCACAGAACG,513625,TCTGGGCGTATTCAGC
5159,GTATCGCCAGGCGATA,513750,TCTGGGCGTGGATTGA
5160,GTATGTGGTCTAGCTT,514038,AGTGCACCACGTTACT
5161,GTATGTGGTGGAGCAA,514095,AGTGCACCAGCCTAAA
5162,GTATGTGGTTTGCGAA,514258,AGTGCACCACCTGGCT
5163,GTATGTTCAACCTGGT,514303,TTGCTGGGTAGCGCTC
5164,GTATGTTCATCAGCAC,514582,TTGCTGGGTTGTGCGC
5165,GTATGTTCATCATGGC,514584,TTGCTGGGTCCTAAGT
5166,GTATGTTCATGTCAGC,514616,TTGCTGGGTTAGTTTG
5167,GTATTCAAGGTCCACA,514913,CGTTAGCTCGTTAGCC
5168,GTATTGATCAGGTTTA,515103,CAATAGCAGTGCACCT
5169,GTATTGATCATTAGGC,515142,CAATAGCAGCTTGCTA
5170,GTATTGATCCAGGGAG,515167,CAATAGCAGTTATTGC
5171,GTATTGCAGGACCTTG,515596,CTTCACTTCCACTAAT
5172,GTATTGCAGGTAAGGC,515674,CTTCACTTCCCTCGCT
5173,GTATTGCAGTTATCTC,515781,CTTCACTTCGCAATTT
5174,GTATTGTCAATATACC,515885,GCATGAAGTAGGCGCA
5175,GTATTGTCATGGCCCA,516148,GCATGAAGTACTTCGG
5176,GTCAAACTCCTAATAG,516374,GAATCACAGGTCACGA
5177,GTCAAACTCGTTAACA,516479,GAATCACAGAAACCGT
5178,GTCAATATCTTGAGCG,516940,GTGTGTGAGTCACCTA
5179,GTCAATATCTTTGAGA,516955,GTGTGTGAGACATAGC
5180,GTCAGGCTCACCTGCT,516994,CTAGTAAAGGCGCGAT
5181,GTCAGGCTCTCACTAT,517288,CTAGTAAAGGGAGCAG
5182,GTCAGGCTCTGGTCCT,517305,CTAGTAAAGTCAACAA
5183,GTCATCACACTAAGCC,517512,TGATGAGGTTAGGCGG
5184,GTCATCACATGAATCT,517673,TGATGAGGTTTATGTG
5185,GTCATCACATGCATAT,517679,TGATGAGGTAATGGTG
5186,GTCATCCTCACACAGT,517753,GTGTAACAGTCCCGCA
5187,GTCATCCTCGAAGTGA,517950,GTGTAACAGGATTGCG
5188,GTCATCCTCGATTTGA,517964,GTGTAACAGGTGGCTA
5189,GTCATCCTCTAATCCT,518036,GTGTAACAGGATGCGC
5190,GTCATCCTCTCCTCAA,518061,GTGTAACAGCGCTAAG
5191,GTCATGAGTAGGATTT,518167,GTGGGAACATATTGCC
5192,GTCATGAGTGATTTGG,518290,GTGGGAACACTAAGGC
5193,GTCATGCCAAACAACA,518491,GTAGCTTGTGTGTTAC
5194,GTCATGCCAACCTGGT,518525,GTAGCTTGTAGCGCTC
5195,GTCATGCCACCTATAG,518642,GTAGCTTGTAACGAGC
5196,GTCATGCCAGGCGAGT,518737,GTAGCTTGTAACCTAC
5197,GTCATGCCAGTTTGGC,518773,GTAGCTTGTCGGTTAT
5198,GTCATTAAGCATGTCG,518951,CGTGTGTTCCCTCGTC
5199,GTCATTAAGGCACAGG,519074,CGTGTGTTCGCTCAAC
5200,GTCATTAAGGCTACTG,519099,CGTGTGTTCCTTGAGC
5201,GTCCAAGTCAGTGAAG,519327,ATAACTGAGCCAATCC
5202,GTCCAAGTCCTTAGTT,519473,ATAACTGAGACTCCGT
5203,GTCCAAGTCTCAATAG,519584,ATAACTGAGGGCTAAT
5204,GTCCAGGGTAGTTGGC,519710,GAATATCCAAGGGCTT
5205,GTCCAGGGTGTGAGAG,519871,GAATATCCACCTCAAT
5206,GTCCAGGGTTTGGCGG,520017,GAATATCCACATGCTT
5207,GTCCATTGTCGAAGTC,520163,CGTTTCGCAACAGAGG
5208,GTCCATTGTTCTTTAG,520337,CGTTTCGCATTTGGCT
5209,GTCCGTAAGCAGGTTT,520477,GCTATGCTCGCCTAAC
5210,GTCCGTAAGTAAGTGG,520699,GCTATGCTCCTAACTG
5211,GTCCTCCCAAATGCCC,521577,ATGGGCGGTATTACTG
5212,GTCCTCCCAAGCTTTG,521609,ATGGGCGGTGCAAGGT
5213,GTCCTCCCACCTAAGC,521704,ATGGGCGGTATCGCTG
5214,GTCCTCCCAGCTTACA,521784,ATGGGCGGTTAGGTTC
5215,GTCCTCCCATAAGTTC,521847,ATGGGCGGTGGACATA
5216,GTCCTCCCATGAATAG,521888,ATGGGCGGTTATCCGG
5217,GTCGAAGCAAGGGTTG,521998,CTGTGCAGTCCTCCTG
5218,GTCGAAGCAATCATGT,522024,CTGTGCAGTAGAGGGA
5219,GTCGAAGCAGACAAAC,522134,CTGTGCAGTAGTTGGA
5220,GTCGAAGCAGTTTGGC,522223,CTGTGCAGTCGGTTAT
5221,GTCGAGGAGGAAGCAC,522489,ATACCTGTCTAGCCTA
5222,GTCGAGGAGTAACTCA,522613,ATACCTGTCCCTGGTG
5223,GTCGCAATCAGGAACA,522768,TAGCTTTAGAGAGGCG
5224,GTCGCAATCAGGGCCT,522773,TAGCTTTAGCCGATAG
5225,GTCGCAATCATGCATA,522797,TAGCTTTAGCACCTAC
5226,GTCGCAATCATGCTCC,522801,TAGCTTTAGCTCCCTC
5227,GTCGCAATCGTTCACC,523007,TAGCTTTAGCAACAAC
5228,GTCGCAATCTGTTGCC,523064,TAGCTTTAGAGGAACA
5229,GTCGGTTCAACTAGCC,523131,GCTTTGGGTTGTTGTA
5230,GTCGGTTCACAATTAC,523210,GCTTTGGGTGGGTGTG
5231,GTCGGTTCACGTGCTG,523260,GCTTTGGGTTACTTCT
5232,GTCTAACAGCACAGGG,523536,CGGTCATTCCAATTGT
5233,GTCTAACAGCACGATT,523538,CGGTCATTCTAACTCG
5234,GTCTAACAGCCAAATC,523558,CGGTCATTCGGTACGA
5235,GTCTAACAGCCTTAAA,523579,CGGTCATTCTGGTCTA
5236,GTCTAACAGCTAAGTC,523601,CGGTCATTCTGGCTGT
5237,GTCTAACAGCTGCACA,523618,CGGTCATTCGCATTTG
5238,GTCTAACAGTCTGGGC,523806,CGGTCATTCCCAGTAC
5239,GTCTAATCACAAAGAC,523968,GCACTCAGTGACGTAA
5240,GTCTAATCAGGCCTTG,524106,GCACTCAGTCATGAAG
5241,GTCTAATCAGGTTAAA,524119,GCACTCAGTTAACACC
5242,GTCTAATCATAGCTGC,524165,GCACTCAGTCATCATA
5243,GTCTAATCATATTGAC,524170,GCACTCAGTGCCGGAA
5244,GTCTAGCCAATATACC,524325,AAGGCACGTAGGCGCA
5245,GTCTAGCCAATGAGGT,524336,AAGGCACGTCGCAATT
5246,GTCTAGCCATTGCGTA,524618,AAGGCACGTGTGATTC
5247,GTCTATCGTAAACAAG,524629,AGTTACGCAAATATGC
5248,GTCTATCGTGTGCAAC,524859,AGTTACGCACGTAGCG
5249,GTCTATCGTTAGGTTG,524911,AGTTACGCATTAACCC
5250,GTCTATCGTTCATCTA,524926,AGTTACGCAGGTAAGG
5251,GTCTATGCAATAAGCA,525084,GTTACCGGTTAACGGA
5252,GTCTATGCACCATATG,525151,GTTACCGGTAATTGGG
5253,GTCTATGCAGCCGCTA,525227,GTTACCGGTGTCCGTA
5254,GTCTATGCAGGCTACT,525260,GTTACCGGTTTGTAGC
5255,GTCTATGCATAGCGAG,525313,GTTACCGGTCTAACCG
5256,GTCTATGCATGGAGGC,525353,GTTACCGGTGAGGTAC
5257,GTCTCACTCATTAGCA,525499,GGTTTCCAGCTATATC
5258,GTCTCACTCATTGCGG,525506,GGTTTCCAGGAAGTAG
5259,GTCTCACTCCGCAACA,525556,GGTTTCCAGGAGTATC
5260,GTCTCACTCGGTCATG,525670,GGTTTCCAGTGTGAGT
5261,GTCTCACTCGTACCGA,525678,GGTTTCCAGCTTAGAA
5262,GTCTTGCTCACTTCAT,525828,AACGTACAGTGTCCAC
5263,GTCTTGCTCCTTGTTG,526000,AACGTACAGGTAAGCT
5264,GTCTTTAGTGGCTTCC,526376,GTGCTGGCAGCATTAG
5265,GTCTTTAGTGTTTGCT,526406,GTGCTGGCATCCTAGT
5266,GTCTTTAGTTGCTGGG,526490,GTGCTGGCACTCAGTT
5267,GTCTTTGTCAAAGGCA,526549,TAGTCTTAGGAGCCGT
5268,GTCTTTGTCCAGGGAG,526675,TAGTCTTAGTTATTGC
5269,GTCTTTGTCGTGCTTC,526834,TAGTCTTAGTCATAAG
5270,GTGAACAAGCAAGACA,526980,CACAACCTCGCATTAT
5271,GTGAACAAGCCACAAT,527011,CACAACCTCGATCCGT
5272,GTGAATCTCACTAAGC,527357,AATGAGGAGTCTAGCC
5273,GTGAATCTCACTTTAC,527363,AATGAGGAGGAACCTG
5274,GTGAGCGAGCGGATTT,527814,TAAAGCATCCAAACTT
5275,GTGAGCGAGGACCTGC,527871,TAAAGCATCGGTTAGG
5276,GTGAGCGAGGCTCATG,527924,TAAAGCATCAGGGATT
5277,GTGAGCGAGGGACCTC,527930,TAAAGCATCCGTTATG
5278,GTGAGCGAGGGTCTAT,527942,TAAAGCATCTCAAATC
5279,GTGAGGAGTCACAGAC,528176,TGAACCACAGCCAATA
5280,GTGAGGAGTCATAAGT,528188,TGAACCACATGACCTT
5281,GTGAGGAGTCATCAAG,528190,TGAACCACAGCTCAAA
5282,GTGAGGAGTTACAACG,528341,TGAACCACAGATAATC
5283,GTGATCAGTACCGAAC,528496,TCCTGATCACAAAGCC
5284,GTGATCAGTCACAAAT,528556,TCCTGATCAGGAGGAC
5285,GTGATCAGTGGCTTCC,528676,TCCTGATCAGCATTAG
5286,GTGATCAGTTACGCAA,528727,TCCTGATCAAGGTATT
5287,GTGATCAGTTAGTACG,528746,TCCTGATCAACAGGCT
5288,GTGATCAGTTGCACGG,528783,TCCTGATCAGGTCAAC
5289,GTGATGAAGCGGTTAT,528965,TCGGTTATCGCGAAGC
5290,GTGATGAAGCTGCACA,528986,TCGGTTATCGCATTTG
5291,GTGATGAAGGCTCATG,529072,TCGGTTATCAGGGATT
5292,GTGATGAAGGTCGAGG,529109,TCGGTTATCAGCCTGT
5293,GTGATGAAGTAGGCGG,529147,TCGGTTATCCCGCTGA
5294,GTGATGAAGTTAGACC,529197,TCGGTTATCCCGGATT
5295,GTGATGAAGTTGCGTG,529214,TCGGTTATCATAGCGG
5296,GTGATGAAGTTGGCCA,529216,TCGGTTATCCTTATGG
5297,GTGCAAGCAAACAACA,529229,AATGTGGGTGTGTTAC
5298,GTGCAAGCAACAGGAT,529256,AATGTGGGTAGTTACC
5299,GTGCAAGCAAGGATTA,529284,AATGTGGGTAACAGCA
5300,GTGCAAGCAATCCCTT,529313,AATGTGGGTAACGTGA
5301,GTGCAAGCACGAATTT,529390,AATGTGGGTACCGTGC
5302,GTGCAAGCAGAACCGA,529420,AATGTGGGTTAATCGC
5303,GTGCAAGCAGGATTAA,529468,AATGTGGGTAGAGGCT
5304,GTGCAAGCAGTATGTT,529499,AATGTGGGTGCAGTAA
5305,GTGCAAGCATGATTGT,529565,AATGTGGGTAGGTTAG
5306,GTGCACGGTAAACAAG,529613,TAAAGCTCAAATATGC
5307,GTGCACGGTCTTACTA,529768,TAAAGCTCAAGCTATG
5308,GTGCATTAGAAAGCAT,529996,CTGATATTCGACAAAC
5309,GTGCATTAGCACTAGT,530059,CTGATATTCCGCCATG
5310,GTGCATTAGCCTCTCG,530089,CTGATATTCCTGCCAG
5311,GTGCATTAGCGAGCGA,530099,CTGATATTCGATATAG
5312,GTGCATTAGCGATAGA,530104,CTGATATTCAAGGGTT
5313,GTGCATTAGTCATTTC,530316,CTGATATTCAAGCTCC
5314,GTGCATTAGTTAGAGG,530348,CTGATATTCTAAGCTT
5315,GTGCCTTTCCCATAGG,530518,ATGACTAAGCTTATCG
5316,GTGCCTTTCCCGAAGC,530520,ATGACTAAGGTGGATT
5317,GTGCCTTTCCTGAGTG,530582,ATGACTAAGGGTTATA
5318,GTGCCTTTCGGTTACG,530655,ATGACTAAGGACTTAA
5319,GTGCCTTTCGTCAAGT,530663,ATGACTAAGCTTCTCT
5320,GTGCCTTTCGTTATAG,530675,ATGACTAAGGATAACC
5321,GTGCCTTTCTCCTCTT,530716,ATGACTAAGCTGCATC
5322,GTGCGCAGTAAGGTCC,530778,TGTCCATCAATTTGGG
5323,GTGCGCAGTGCGCAAT,530954,TGTCCATCATAAGCCA
5324,GTGCGGTTCAATCTCT,531165,CCTCAGTAGGCCTAAG
5325,GTGCGGTTCCGGTTAG,531318,CCTCAGTAGGGTCCAA
5326,GTGCGGTTCTTGTTCG,531523,CCTCAGTAGCTGCTAC
5327,GTGCTCAAGCAGGTTT,531599,TTGTTCCTCGCCTAAC
5328,GTGCTCAAGGATTGAG,531722,TTGTTCCTCAGGTTCC
5329,GTGCTCAAGGCAGGTG,531729,TTGTTCCTCGGGATGC
5330,GTGCTCCGTAAGCTCA,531926,TGCAGGTCATAGCGAC
5331,GTGCTCCGTGGATGTC,532122,TGCAGGTCAGCTAGAC
5332,GTGCTCCGTGTTGCTT,532151,TGCAGGTCATACTTGC
5333,GTGCTGATCAGTGAAG,532363,CTTAGTTAGCCAATCC
5334,GTGCTGATCCAAGTGT,532415,CTTAGTTAGTCACACC
5335,GTGCTGATCCGGTTAG,532468,CTTAGTTAGGGTCCAA
5336,GTGCTGATCGAGCAAA,532523,CTTAGTTAGATTAGCA
5337,GTGCTGATCGATAACC,532528,CTTAGTTAGGCCTTGT
5338,GTGCTGATCTCACATT,532625,CTTAGTTAGTCCTCCC
5339,GTGCTGGGTACCGAAC,532712,GGAGTCTCACAAAGCC
5340,GTGCTGGGTACTGATG,532724,GGAGTCTCAGTTCCTG
5341,GTGCTGGGTATTACCC,532751,GGAGTCTCACCTTAGT
5342,GTGCTGGGTCCCGAAG,532801,GGAGTCTCATAGTCAG
5343,GTGCTGGGTCTCACTG,532832,GGAGTCTCAAGGGAGC
5344,GTGCTGGGTGAATCGC,532842,GGAGTCTCAAATACCG
5345,GTGCTGGGTTACAAAC,532938,GGAGTCTCATTAGCAG
5346,GTGCTTACAAGTGTTT,533130,TAGGCGGGTGATGCAA
5347,GTGCTTACAATAATGG,533136,TAGGCGGGTCAATTCA
5348,GTGCTTACACATAACT,533190,TAGGCGGGTTTCCGGA
5349,GTGCTTACAGAAATGC,533250,TAGGCGGGTTATGGGA
5350,GTGCTTACAGCACGAA,533268,TAGGCGGGTAATCACC
5351,GTGCTTACAGCAGGTA,533270,TAGGCGGGTACCGTTG
5352,GTGCTTACAGGACACA,533295,TAGGCGGGTCAGGCTC
5353,GTGCTTACAGTCTATG,533334,TAGGCGGGTTGACCAT
5354,GTGCTTCTCAAACTCA,533448,TAGTTAGAGTAACGTA
5355,GTGCTTCTCCTGAATA,533647,TAGTTAGAGTGGCTAG
5356,GTGCTTCTCGAAGTGA,533670,TAGTTAGAGGATTGCG
5357,GTGCTTCTCTCTAGCC,533786,TAGTTAGAGATTCCTG
5358,GTGGACACAGGCCATT,534073,CTTGCTCGTGCATTTA
5359,GTGGACACATTGTTGG,534210,CTTGCTCGTCACCAAT
5360,GTGGATGCAAGGCCAA,534269,TTGAACCGTGAATCGA
5361,GTGGATGCATTGTTGG,534594,TTGAACCGTCACCAAT
5362,GTGGCTTCAAAGCCTC,534608,CGTTCCTGTGGGTGAT
5363,GTGGCTTCAGCCAGTT,534812,CGTTCCTGTACGGTTT
5364,GTGGCTTCATTGCGTA,534970,CGTTCCTGTGTGATTC
5365,GTGGTTAGTAAGTCGC,534998,ACGTAATCAGTACCGG
5366,GTGGTTAGTCAAAGAA,535065,ACGTAATCATGTTGGA
5367,GTGGTTAGTGCTCCGT,535179,ACGTAATCAACAAGTT
5368,GTGTAACTCAAACACC,535363,CCAAGTGAGTCCTCAA
5369,GTGTAACTCATCACTT,535440,CCAAGTGAGCAATACA
5370,GTGTAACTCCACCCTG,535488,CCAAGTGAGCTCATGC
5371,GTGTAACTCCATCAGG,535498,CCAAGTGAGGCTAAAC
5372,GTGTAACTCGCACAAT,535606,CCAAGTGAGGCTAGCA
5373,GTGTAACTCGGCTATG,535629,CCAAGTGAGTGGCTTC
5374,GTGTAACTCTAACCAA,535666,CCAAGTGAGGCTTAGG
5375,GTGTAACTCTGCAAGT,535707,CCAAGTGAGTTTGAGA
5376,GTGTAACTCTTTGAGA,535745,CCAAGTGAGACATAGC
5377,GTGTCCAAGATTGAGG,535794,GTATTCGTCAAGCCAG
5378,GTGTCCAAGGACAATG,535916,GTATTCGTCGAGGAGG
5379,GTGTCCAAGGCGGGTA,535966,GTATTCGTCAATACAG
5380,GTGTCCAAGTAGGATG,536048,GTATTCGTCTAGTTAC
5381,GTGTGAGCAACTGGGA,536173,GCGCTACGTGCTCATG
5382,GTGTGAGCAAGGTCCT,536192,GCGCTACGTTTGGCTG
5383,GTGTGAGCAATTAAGG,536227,GCGCTACGTTGCAATC
5384,GTGTGAGCACCAGGTT,536270,GCGCTACGTTTGCTGG
5385,GTGTGCGGTAAGGTCC,536530,CAATGGCCAATTTGGG
5386,GTGTGCGGTCAATGTG,536607,CAATGGCCACCTGTAT
5387,GTGTGCGGTCGCATAA,536658,CAATGGCCAACCTACT
5388,GTGTGCGGTTCCTGTG,536821,CAATGGCCAAACATGT
5389,GTGTGCGGTTGTCCAT,536856,CAATGGCCATGGAGGA
5390,GTGTGTTAGGAGGTTA,537082,AACTTGTTCTAAATCC
5391,GTGTGTTAGTATTGGC,537203,AACTTGTTCACTTGCA
5392,GTGTGTTAGTCACCTC,537208,AACTTGTTCTGGGAAT
5393,GTGTTACAGACTTACA,537305,TGCTGGTTCGCTTGCG
5394,GTGTTACAGCAAGGTA,537336,TGCTGGTTCAGCGGGT
5395,GTGTTACAGGAACACA,537440,TGCTGGTTCAGCAATA
5396,GTGTTACAGGTCCTGA,537544,TGCTGGTTCTATATGC
5397,GTGTTACAGGTTTACA,537559,TGCTGGTTCTTCAAGT
5398,GTGTTACAGTAAAGGT,537563,TGCTGGTTCTAAGCGG
5399,GTGTTACAGTTGGATC,537651,TGCTGGTTCAGTATAG
5400,GTGTTCCTCTAATCCT,537976,CGAATTAAGGATGCGC
5401,GTGTTCCTCTACCTCA,537980,CGAATTAAGTGTTGTT
5402,GTGTTCCTCTCACACC,537994,CGAATTAAGCGGTTCT
5403,GTGTTCCTCTGTGCAG,538017,CGAATTAAGCGGTTAG
5404,GTTAAACGTCCTTCTC,538185,GTTGCGGCAATTAGCG
5405,GTTAAACGTCTAACCT,538199,GTTGCGGCAAACTAGT
5406,GTTAAACGTTCGGTAA,538360,GTTGCGGCAAACAAAG
5407,GTTAACCAGCGAAGTA,538534,CGCTCAGTCAAATCGA
5408,GTTAACCAGGGCTTAT,538673,CGCTCAGTCAAATACG
5409,GTTAACCAGGTTTGAC,538710,CGCTCAGTCGATTAAG
5410,GTTAACCAGTATCGCG,538734,CGCTCAGTCGCCCGTA
5411,GTTAACCAGTCATGCG,538749,CGCTCAGTCACAAAGC
5412,GTTAACGGTGTAATAC,539038,GATCCTTCAAGCGCTG
5413,GTTAACGGTGTCCTGC,539042,GATCCTTCATAGGTGC
5414,GTTAAGCTCATTACGA,539299,AGCTAGTAGGCACTAG
5415,GTTAAGCTCCAATTAG,539320,AGCTAGTAGCTTAAAG
5416,GTTAAGCTCGAGCAAA,539425,AGCTAGTAGATTAGCA
5417,GTTAAGCTCGCTAGCA,539452,AGCTAGTAGCCAGGAC
5418,GTTAAGCTCGGGATTT,539466,AGCTAGTAGCTTAGTT
5419,GTTAAGTGTAATCCCT,539602,AATCACGCAGCCTGAG
5420,GTTAAGTGTGCATCGG,539767,AATCACGCATGGCTAA
5421,GTTAAGTGTTCACCCA,539876,AATCACGCAGCTAACA
5422,GTTAATGTCAAACCTA,539965,GTTGCTCAGGTGCTTC
5423,GTTAATGTCGGTACGC,540235,GTTGCTCAGCCATAAA
5424,GTTAATGTCGTGCCTT,540250,GTTGCTCAGGACACGC
5425,GTTAATGTCTATCGCC,540285,GTTGCTCAGGCTAATA
5426,GTTACAGGTGATGATT,540525,TTTGAGGCATCAGTTC
5427,GTTACCTGTGAGGTGA,540902,ATCGTGACAAGCTCAA
5428,GTTACGCCAAGCTAAA,541160,GCTTGATGTAATCGCT
5429,GTTACGCCAAGGACCA,541165,GCTTGATGTAACCGCC
5430,GTTACGCCAGCACGAA,541318,GCTTGATGTAATCACC
5431,GTTACGCCAGCTACGT,541334,GCTTGATGTGAAACAT
5432,GTTACGCCAGGAACTG,541342,GCTTGATGTCCGTTAG
5433,GTTACGCCATAATCGT,541404,GCTTGATGTTCTTTGT
5434,GTTACGCCATACTCCT,541409,GCTTGATGTCTTGGAT
5435,GTTACGCCATATAACC,541419,GCTTGATGTTAGGCTT
5436,GTTACGTAGCACAGCC,541553,GAGCGGTTCCTCAGTA
5437,GTTACGTAGCGCAATT,541605,GAGCGGTTCAATAGGC
5438,GTTACTAAGGCATGAA,542080,GTTTGTGTCAGCTAGG
5439,GTTACTAAGGTCCAAT,542138,GTTTGTGTCCACAATT
5440,GTTACTCGTAAGCTTG,542277,CCTAACTCACCTAAAG
5441,GTTACTCGTACGCGCA,542302,CCTAACTCACCACAAA
5442,GTTACTCGTAGGTTGC,542324,CCTAACTCAATAAACC
5443,GTTACTCGTTCCGGCT,542565,CCTAACTCATGCCTGC
5444,GTTAGACTCAAGCTTA,542657,CTTCATGAGCAGCCAA
5445,GTTAGACTCAATGACC,542666,CTTCATGAGACTAATG
5446,GTTAGACTCATTGTTC,542758,CTTCATGAGGAGGTAA
5447,GTTAGACTCCAAACAC,542762,CTTCATGAGATATTCC
5448,GTTAGACTCCCTGATC,542800,CTTCATGAGCATATAG
5449,GTTAGACTCCGCAACA,542806,CTTCATGAGGAGTATC
5450,GTTAGACTCGTCATTT,542930,CTTCATGAGTCTTGAT
5451,GTTAGGCGTAAGGTTT,543045,TGTAAACCAAGGTGGA
5452,GTTAGGCGTCTCACTG,543182,TGTAAACCAAGGGAGC
5453,GTTCACCTCGCTCCAT,543671,CCCAACTAGATAGACC
5454,GTTCACCTCTTGTCCA,543787,CCCAACTAGTGCGGTA
5455,GTTCACCTCTTTAAGG,543790,CCCAACTAGTTTGTCG
5456,GTTCATTTCAAGCTTA,543807,ACAGGTTAGCAGCCAA
5457,GTTCATTTCACGCATG,543835,ACAGGTTAGTTACCCA
5458,GTTCATTTCATCCTAT,543875,ACAGGTTAGTATCGCC
5459,GTTCATTTCGGTACGC,544067,ACAGGTTAGCCATAAA
5460,GTTCCCAGTGCATTTC,544367,GGCTGCACACCAGCTC
5461,GTTCCCAGTGCTCCAC,544376,GGCTGCACATGCTTTA
5462,GTTCCCAGTGGATTCA,544390,GGCTGCACAGGTTCCC
5463,GTTCCCAGTGTCACGG,544403,GGCTGCACATAGCTAG
5464,GTTCCCAGTTATCGAG,544468,GGCTGCACATCCTGGC
5465,GTTCCCAGTTCGCGCT,544486,GGCTGCACAATCATGG
5466,GTTCCCAGTTGCATCT,544501,GGCTGCACATTTGTGC
5467,GTTCCCAGTTTAACCC,544528,GGCTGCACATTAGCGA
5468,GTTCCTGGTAACGAGG,544569,ATATAGCCAGGTCCCT
5469,GTTCCTGGTTCGCGCT,544868,ATATAGCCAATCATGG
5470,GTTCCTGGTTTCAGGA,544922,ATATAGCCATAACCGA
5471,GTTCCTTCAAGTAAGC,545008,TCCGTGAGTTAGCGTT
5472,GTTCCTTCAGATAGAC,545140,TCCGTGAGTTAAAGGT
5473,GTTCGCGCACCCTCAC,545470,CGATGAAGTAAGTGGC
5474,GTTCGCGCACCTGGTG,545484,CGATGAAGTTAATCCA
5475,GTTCGCGCATAAGTTC,545617,CGATGAAGTGGACATA
5476,GTTCGCGCATTGCGGT,545699,CGATGAAGTCATTGAC
5477,GTTCGCTTCAAGCTAC,545722,GGTGATTAGCAAGACT
5478,GTTCGCTTCAATTGGC,545737,GGTGATTAGTAGGATC
5479,GTTCGCTTCCGCAAAT,545871,GGTGATTAGACCAGGC
5480,GTTCGCTTCGGGACCT,545978,GGTGATTAGCTGGATG
5481,GTTCTCATCAAGCTAC,546106,CTGATGGAGCAAGACT
5482,GTTCTCATCCTCGATC,546296,CTGATGGAGAACCTGG
5483,GTTCTCATCGGTTTCC,546374,CTGATGGAGTTTCTCC
5484,GTTCTCATCTAATCTC,546407,CTGATGGAGCTACCTA
5485,GTTCTCATCTTGCAGG,546466,CTGATGGAGCTTCCTT
5486,GTTCTCATCTTGGACG,546469,CTGATGGAGAATCACA
5487,GTTCTTAGTATACTGG,546547,GGCTGTGCACAGCAAC
5488,GTTCTTAGTGCAACTA,546661,GGCTGTGCAGTATGTG
5489,GTTCTTAGTGGATTCA,546690,GGCTGTGCAGGTTCCC
5490,GTTCTTAGTTACGCAA,546743,GGCTGTGCAAGGTATT
5491,GTTCTTGTCACCGGTA,546897,CGTAATAAGCCTTAAT
5492,GTTCTTGTCATGTCAA,546959,CGTAATAAGTGCTCAC
5493,GTTCTTGTCATTACTC,546964,CGTAATAAGGGTTAAC
5494,GTTCTTGTCCTGAGTG,547064,CGTAATAAGGGTTATA
5495,GTTCTTGTCTCATCAT,547194,CGTAATAAGTCAATTC
5496,GTTCTTGTCTTGCAGG,547232,CGTAATAAGCTTCCTT
5497,GTTGCATAGAGGAGGA,547279,CTACTAGTCTAGCCAC
5498,GTTGCATAGCACTAGT,547309,CTACTAGTCCGCCATG
5499,GTTGCATAGCCAGGTC,547329,CTACTAGTCAGTCTAT
5500,GTTGCATAGCTCCTAC,547382,CTACTAGTCTTAGCCA
5501,GTTGCATAGCTTAACA,547393,CTACTAGTCCGTTAGC
5502,GTTGCATAGGATCACT,547435,CTACTAGTCATTATGC
5503,GTTGCCCGTCAGTAAT,547734,ACTTCACCAACCAAAT
5504,GTTGCCCGTGAGCAAG,547798,ACTTCACCATCTATGC
5505,GTTGCCCGTGTCACGG,547853,ACTTCACCATAGCTAG
5506,GTTGCCCGTGTTTCAC,547870,ACTTCACCAAGGATTT
5507,GTTGCCCGTTGGATCA,547959,ACTTCACCATCCTTAA
5508,GTTGCGGGTAGTTACG,548077,TGTTTCACATTGAGAT
5509,GTTGCGGGTCCTAACT,548139,TGTTTCACACCTTCAG
5510,GTTGCGGGTGACATAT,548175,TGTTTCACATGGTGAC
5511,GTTGCGGGTGTTCCCA,548247,TGTTTCACATTGTGAG
5512,GTTGCGGGTTTGGCTT,548386,TGTTTCACAATCTCTA
5513,GTTGCTGAGATGGAGC,548438,AAGTCCCTCGCAACTC
5514,GTTGCTGAGCACCACA,548453,AAGTCCCTCTAACTGT
5515,GTTGCTGAGCCATCAG,548479,AAGTCCCTCGAGCAAT
5516,GTTGCTGAGTAGGCGG,548695,AAGTCCCTCCCGCTGA
5517,GTTGCTGAGTTAGAGG,548746,AAGTCCCTCTAAGCTT
5518,GTTGGAGCAATGAGGT,548868,CGAGTTTGTCGCAATT
5519,GTTGGCCAGCATTTCT,549241,GAAACACTCCAAATTC
5520,GTTGGCCAGGCCGGAA,549369,GAAACACTCCGGCTAT
5521,GTTGGCCAGTAGGCGG,549463,GAAACACTCCCGCTGA
5522,GTTGGCGGTCAATACG,549635,TCACCTGCACGCGCAA
5523,GTTGTGAGTATTGTGG,550007,AGTGATTCAGTCTATC
5524,GTTGTGAGTCTTTGAC,550086,AGTGATTCAGTGTGCG
5525,GTTGTGAGTGATCATG,550102,AGTGATTCATGCCTCA
5526,GTTGTGAGTGATGAAA,550103,AGTGATTCATTAGCCT
5527,GTTGTGAGTTAGTACG,550210,AGTGATTCAACAGGCT
5528,GTTGTTGCAAACCCTA,550311,AGCGTTTGTAACAGGC
5529,GTTGTTGCAATATGGA,550391,AGCGTTTGTGCAATAG
5530,GTTGTTGCACAACAGG,550420,AGCGTTTGTATTGCGT
5531,GTTGTTGCACCTCAGG,550462,AGCGTTTGTGAGTTTC
5532,GTTGTTGCAGTAAGTA,550573,AGCGTTTGTGAACCGG
5533,GTTTAACCAAGCGATG,550741,AAACCAGGTCTATGAC
5534,GTTTAACCACAAAGGT,550802,AAACCAGGTCACACCA
5535,GTTTAACCAGGATTAA,550932,AAACCAGGTAGAGGCT
5536,GTTTAACCATTAGGCC,551053,AAACCAGGTGTCCGGT
5537,GTTTACCGTCATTACC,551192,CCAACAACAGTTGGCG
5538,GTTTACCGTGATTACG,551257,CCAACAACAACCGCCT
5539,GTTTACCGTGTTGTGA,551317,CCAACAACATGAAGCC
5540,GTTTAGCAGCGCAATT,551569,GGCTAAGTCAATAGGC
5541,GTTTAGCAGCTATGAC,551589,GGCTAAGTCTAACCCA
5542,GTTTATCTCAGGCTAT,551906,ATCCTCAAGGCACGTA
5543,GTTTATCTCGGTCAAT,552116,ATCCTCAAGTTTACGT
5544,GTTTATCTCGTTACTT,552136,ATCCTCAAGGGACTTG
5545,GTTTCAGCAACTAGCC,552265,TCCTTGCGTTGTTGTA
5546,GTTTCAGCACGTAATT,552393,TCCTTGCGTTCCTCAC
5547,GTTTCAGCATATTGAC,552536,TCCTTGCGTGCCGGAA
5548,GTTTCCTCAGGAACAT,552840,ACGGTAAGTGCGGTTC
5549,GTTTCCTCAGGTCCTG,552868,ACGGTAAGTCACGCAC
5550,GTTTCCTCAGTAGGAT,552879,ACGGTAAGTGGATGCG
5551,GTTTCCTCATAAGCAA,552898,ACGGTAAGTAAGGCCG
5552,GTTTCTAGTATTGGTG,553073,GGCGATTCATCATGCT
5553,GTTTCTAGTCAAAGAA,553079,GGCGATTCATGTTGGA
5554,GTTTCTAGTGGTTCTT,553216,GGCGATTCAGAAACCC
5555,GTTTCTAGTTAGTACG,553278,GGCGATTCAACAGGCT
5556,GTTTGCTGTAATCGTG,553401,GCTGCTCCACATAACG
5557,GTTTGCTGTCAATAGT,553468,GCTGCTCCAGGGAGTA
5558,GTTTGCTGTGAAGCCT,553539,GCTGCTCCACCTCAGC
5559,GTTTGCTGTTCTTTAG,553689,GCTGCTCCATTTGGCT
5560,GTTTGTAAGCATGCAT,553833,ATTAGCTTCCCAATTG
5561,GTTTGTAAGCGATACT,553867,ATTAGCTTCAGCTATT
5562,GTTTGTAAGCTCCTTA,553897,ATTAGCTTCGAAGCAT
5563,GTTTGTAAGGCAAGTA,553956,ATTAGCTTCTTGAATC
5564,GTTTGTAAGGCTATGT,553985,ATTAGCTTCAAGGAAG
5565,GTTTGTCGTCACAGAC,554238,AAGGAACCAGCCAATA
5566,GTTTGTCGTGCTCCAC,554340,AAGGAACCATGCTTTA
5567,GTTTGTCGTGCTCCGT,554341,AAGGAACCAACAAGTT
5568,GTTTGTTTCAAGCCTG,554534,ATTCAAGAGATTCACT
5569,GTTTGTTTCAATCATG,554543,ATTCAAGAGTACCGGA
5570,GTTTGTTTCATGGTTA,554622,ATTCAAGAGTTACCGC
5571,GTTTGTTTCCGTTATT,554704,ATTCAAGAGTGCTGAG
5572,GTTTGTTTCTAACCTT,554829,ATTCAAGAGCAAATTG
5573,TAAACAGCAAACCCTA,554911,AGCAAGCGTAACAGGC
5574,TAAACAGCAAGGTGCA,554972,AGCAAGCGTGCGTAAA
5575,TAAACAGCACCTACGG,555058,AGCAAGCGTGGCTTAT
5576,TAAACAGCATAGCGGA,555212,AGCAAGCGTAGCTTTA
5577,TAAAGCCTCAGCAAAG,555345,AACACTAAGTAATGCA
5578,TAAAGCCTCAGCAAGA,555346,AACACTAAGTATTGCT
5579,TAAAGCCTCTGGCATG,555639,AACACTAAGTATAGTG
5580,TAACAAGCAATAATGG,555752,ATGTTGCGTCAATTCA
5581,TAACAAGCACAGGGAC,555805,ATGTTGCGTAAACCGA
5582,TAACAAGCACCACAAC,555814,ATGTTGCGTGTTCCTC
5583,TAACAAGCACCTCAGG,555830,ATGTTGCGTGAGTTTC
5584,TAACAAGCAGGCTGTT,555928,ATGTTGCGTTCATTCT
5585,TAACAAGCATAACGGG,555963,ATGTTGCGTCCTCCCA
5586,TAACCAGGTAACAGGG,556065,GCAGGAACAAACCCAA
5587,TAACCAGGTAATAGCT,556080,GCAGGAACATGAGCCG
5588,TAACCAGGTCAATGTG,556153,GCAGGAACACCTGTAT
5589,TAACCGGTCATGACCG,556528,AACGGTTAGTCAAGAC
5590,TAACCGGTCCCATAGG,556582,AACGGTTAGCTTATCG
5591,TAACCTAAGCGTGCGT,556949,CGATATTTCTTGCATG
5592,TAACCTAAGCTGGACC,556970,CGATATTTCCGCACCA
5593,TAACCTAAGGAACCAA,556987,CGATATTTCAAGGTTA
5594,TAACCTAAGGTTAGCT,557104,CGATATTTCTAACCAT
5595,TAACCTAAGTAGAGGC,557123,CGATATTTCATGCAAA
5596,TAACCTAAGTATTGTG,557134,CGATATTTCAGGAGCC
5597,TAAGCCAGTAAGCACC,557223,AACCACACATCCCTCT
5598,TAAGCCAGTAGGATCC,557268,AACCACACAAGGCTGT
5599,TAAGCCAGTATTGTGG,557291,AACCACACAGTCTATC
5600,TAAGCCAGTGGAAACG,557415,AACCACACAGGAGGGT
5601,TAAGCCAGTGTGTGGT,557444,AACCACACAAAGGCCT
5602,TAAGCCAGTTCACCCA,557506,AACCACACAGCTAACA
5603,TAAGCCTAGACTAAGG,557614,GCTTAATTCACAATAG
5604,TAAGCCTAGTTACCGG,557943,GCTTAATTCCCTGATA
5605,TAAGCTATCAAACACC,557977,TACCTGCAGTCCTCAA
5606,TAAGCTATCAATCTAG,557996,TACCTGCAGTAAGCTA
5607,TAAGCTATCATAACTG,558049,TACCTGCAGCAGGTAT
5608,TAAGCTATCCATAAGC,558110,TACCTGCAGGAGCTTG
5609,TAAGCTGGTAAAGCGG,558363,CCAGAACCACGGTCAG
5610,TAAGCTGGTCCCGGAA,558484,CCAGAACCAAATGAAG
5611,TAAGCTGGTCCGTAGG,558487,CCAGAACCATCAGGTA
5612,TAAGCTGGTCCTAAGA,558490,CCAGAACCAGCTACCC
5613,TAAGCTGGTGCTCCGT,558559,CCAGAACCAACAAGTT
5614,TAAGCTGGTGCTGTAA,558561,CCAGAACCATAACCAG
5615,TAAGGACCAAGATTCT,558787,GCGAAACGTTATGGAG
5616,TAAGGACCAATAATCC,558817,GCGAAACGTAGGTTCT
5617,TAAGGACCACAAGCCT,558856,GCGAAACGTTCATTGA
5618,TAAGGACCACTCGCTC,558920,GCGAAACGTTGTTCCC
5619,TAAGGACCATGGCCTG,559087,GCGAAACGTTCCGGAC
5620,TAAGGCTTCAAATCGC,559132,GTAGGTTAGCGAGTTG
5621,TAAGGCTTCAGGATGA,559188,GTAGGTTAGGGCTTTC
5622,TAAGGCTTCATTGCAA,559237,GTAGGTTAGGTTATAG
5623,TAAGGCTTCCACCCTG,559252,GTAGGTTAGCTCATGC
5624,TAAGGCTTCCGCACAA,559290,GTAGGTTAGTAAACTG
5625,TAAGGCTTCTTAAGTG,559483,GTAGGTTAGGTTATCT
5626,TAAGTAGCAATTGACT,559612,GTTAACCGTAAGGTGC
5627,TAAGTAGCAGAAATGC,559700,GTTAACCGTTATGGGA
5628,TAAGTAGCAGGAATCG,559744,GTTAACCGTATCCGTG
5629,TAAGTAGCAGTTTACG,559791,GTTAACCGTAGACTAG
5630,TAAGTAGCATCAGTAT,559825,GTTAACCGTTTGAGGA
5631,TAAGTAGCATCGTTCT,559837,GTTAACCGTTATTGTG
5632,TAAGTGCTCAGGATGA,559956,GGGCTTAAGGGCTTTC
5633,TAAGTGCTCCATCAGG,560030,GGGCTTAAGGCTAAAC
5634,TAAGTGCTCCCTCACG,560044,GGGCTTAAGGCTTATT
5635,TAAGTGCTCCGGTATG,560067,GGGCTTAAGTTAACGA
5636,TAAGTGCTCGGGACCT,560162,GGGCTTAAGCTGGATG
5637,TAATCACCAAGGTAAC,560337,TCACATAGTTAGCTAC
5638,TAATCACCAATCCCTT,560363,TCACATAGTAACGTGA
5639,TAATCACCAGTTTGTG,560562,TCACATAGTGTTACTA
5640,TAATCCGCATCGCTTT,560988,CTTAATGGTTGCTGGC
5641,TAATCCGCATTAAGTC,561020,CTTAATGGTGAGACTA
5642,TAATGCATCATCACTT,561124,CTGGACAAGCAATACA
5643,TAATGCATCCCTCATA,561198,CTGGACAAGACAGGTT
5644,TAATGCATCCGTTAAA,561225,CTGGACAAGTAACCGG
5645,TAATGCATCTCACAAA,561375,CTGGACAAGGCATGGC
5646,TAATGCATCTTGCTAT,561420,CTGGACAAGCCATCAC
5647,TAATGGACAATAGCAA,561508,GCGTACCGTCCTCACT
5648,TAATGGACACAGACTC,561554,GCGTACCGTACCGGCT
5649,TAATGGACACCGGTAT,561576,GCGTACCGTCTTGAAC
5650,TAATGGACAGTAGGTG,561700,GCGTACCGTACCTTAA
5651,TAATGGACATAATGAG,561725,GCGTACCGTCCCAGAC
5652,TAATGGACATTGCGGT,561803,GCGTACCGTCATTGAC
5653,TAATGGTGTCCTCCAA,561947,ATGTGATCAGAGAGGC
5654,TAATGGTGTGTTGCTT,562053,ATGTGATCATACTTGC
5655,TAATTGCCACAGAACG,562319,TGGTAAGGTATTCAGC
5656,TAATTGCCAGCAATAA,562402,TGGTAAGGTACGTTTA
5657,TAATTGCCAGTAAAGC,562460,TGGTAAGGTTTACTAG
5658,TAATTGCCATGAAGTA,562527,TGGTAAGGTGAGCGAT
5659,TAATTGCCATGGAGGC,562539,TGGTAAGGTGAGGTAC
5660,TACAACATCATTATGG,562688,GTCCATCAGTCCTTAG
5661,TACAACATCGTAATCA,562863,GTCCATCAGGTTGCGA
5662,TACAAGCTCCGGTATG,563137,AGCTTCCAGTTAACGA
5663,TACAAGCTCGAAGTAG,563189,AGCTTCCAGGTGCTGA
5664,TACAAGCTCGAGGTGG,563197,AGCTTCCAGTAAGTCA
5665,TACAAGCTCTAACTGA,563270,AGCTTCCAGCGTATTT
5666,TACAAGCTCTCAATTC,563292,AGCTTCCAGCTTAGGG
5667,TACAATGTCCAAGTTA,563470,GCGTAATAGCTAATAG
5668,TACAATGTCCGCAAAT,563509,GCGTAATAGACCAGGC
5669,TACAGCTAGCGCAATT,563843,GCTAACCTCAATAGGC
5670,TACAGCTAGCTTTGGG,563889,GCTAACCTCCCAATAT
5671,TACAGCTAGGCATGAA,563934,GCTAACCTCAGCTAGG
5672,TACAGCTAGGCATGTT,563935,GCTAACCTCACCTATG
5673,TACAGCTAGTGAAGTG,564067,GCTAACCTCCTGATAT
5674,TACAGCTAGTGAGAGC,564069,GCTAACCTCCGGGTAA
5675,TACAGGTTCAAGGACA,564130,CCTCCTCAGTTTCACG
5676,TACAGGTTCAGCTAAC,564175,CCTCCTCAGTATAGCA
5677,TACAGGTTCCGCACAA,564280,CCTCCTCAGTAAACTG
5678,TACAGGTTCTCACATT,564447,CCTCCTCAGTCCTCCC
5679,TACATCAAGCTAAAGG,564624,TTAAGCTTCGCTCAGT
5680,TACCAAATCAATGTGC,564909,GCGCTTTAGGTTGGTG
5681,TACCAAATCCGCAAAT,565045,GCGCTTTAGACCAGGC
5682,TACCAGGTCATGCATA,565357,ATTCATCAGCACCTAC
5683,TACCCGGCATTGACAT,566022,TATTGTGGTCAATTGC
5684,TACCGAAGTACCGAAC,566070,AGTTCCTCACAAAGCC
5685,TACCGAAGTGACATGC,566202,AGTTCCTCAACAGGGA
5686,TACCGAAGTTGCTGGG,566364,AGTTCCTCACTCAGTT
5687,TACCGAAGTTTGTTGC,566418,AGTTCCTCAGCTCGCT
5688,TACCGCAAGGAATAAC,566586,CCTAGGTTCTAGTTGT
5689,TACCGCAAGGCAACAA,566615,CCTAGGTTCAGGACCA
5690,TACCGCAAGTCACTAA,566732,CCTAGGTTCGATTATC
5691,TACCGCAAGTGAACCT,566751,CCTAGGTTCAGGGCTA
5692,TACCGCAAGTTATCTC,566779,CCTAGGTTCGCAATTT
5693,TACCGCAAGTTATGGC,566780,CCTAGGTTCTGTGATT
5694,TACCGTTGTAATGGAA,566829,CGGTGTGCAGGTTCTT
5695,TACCGTTGTATTGCAG,566879,CGGTGTGCAAGGAAGT
5696,TACCGTTGTTAAGCCA,567053,CGGTGTGCAATCTGGA
5697,TACCTCATCAGGAACA,567244,ATAGTCAAGAGAGGCG
5698,TACCTCATCCCTGGTT,567342,ATAGTCAAGTACTGAA
5699,TACCTCATCGCTATGG,567443,ATAGTCAAGGAGTCGC
5700,TACCTCATCGTTTCGC,567485,ATAGTCAAGCACTTGC
5701,TACCTCATCTAAGGAG,567491,ATAGTCAAGATAACTG
5702,TACCTCATCTAATCCT,567496,ATAGTCAAGGATGCGC
5703,TACCTCATCTTAGGGT,567547,ATAGTCAAGCATTAAG
5704,TACCTGCTCACGCCAA,567610,TATGGACAGACAAACC
5705,TACCTGCTCCAGGTTG,567701,TATGGACAGTCATGCC
5706,TACCTGCTCCTCATCA,567765,TATGGACAGGATCCAG
5707,TACCTGCTCTTTGAGA,567951,TATGGACAGACATAGC
5708,TACCTTAGTAGGATTT,568011,CGGCTAGCATATTGCC
5709,TACCTTAGTGGTTCTT,568174,CGGCTAGCAGAAACCC
5710,TACCTTAGTTACGCGG,568218,CGGCTAGCAACGGTTA
5711,TACCTTTAGAACCTGT,568340,CGCGATTTCGTTATGT
5712,TACCTTTAGCATGACT,568408,CGCGATTTCGTGCTGT
5713,TACCTTTAGCGTGCAC,568456,CGCGATTTCCAATACT
5714,TACCTTTAGGAGTCGG,568522,CGCGATTTCAATCGGG
5715,TACCTTTAGTATTGCA,568640,CGCGATTTCCAGCTCG
5716,TACGCACCAATCCCTT,568803,CCGTAATGTAACGTGA
5717,TACGCACCACATTAAC,568852,CCGTAATGTTCACGCA
5718,TACGCACCACTGACCG,568897,CCGTAATGTGAGTAGC
5719,TACGCACCAGGTCCTG,568976,CCGTAATGTCACGCAC
5720,TACGCACCATCACAGC,569030,CCGTAATGTTCCTGGA
5721,TACGCTTGTACTGAAT,569147,CGATGCGCAAACCAGC
5722,TACGCTTGTGATTTGG,569284,CGATGCGCACTAAGGC
5723,TACGGATTCATAACTG,569557,TATACCTAGCAGGTAT
5724,TACGGATTCCCGCATT,569628,TATACCTAGTTAGGCG
5725,TACGGATTCCTTGAGG,569703,TATACCTAGTATCCGC
5726,TACGGATTCTGTTGCC,569840,TATACCTAGAGGAACA
5727,TACGGTTAGCAATAGG,569925,CCTCGCTTCACTAAGA
5728,TACGGTTAGCAGCTAT,569935,CCTCGCTTCCATGCTA
5729,TACGGTTAGTTGTCCC,570243,CCTCGCTTCGTACAAA
5730,TACGGTTAGTTTGGGT,570250,CCTCGCTTCATAACGA
5731,TACGGTTAGTTTGTCT,570252,CCTCGCTTCCTCATGA
5732,TACGTAATCAGCAAGA,570306,CGGTTGAAGTATTGCT
5733,TACGTAATCATAACGC,570324,CGGTTGAAGGAGTCAT
5734,TACGTAATCGAGCTAT,570482,CGGTTGAAGGTATGTA
5735,TACGTAATCTCAATAG,570578,CGGTTGAAGGGCTAAT
5736,TACGTAATCTGGCTTC,570600,CGGTTGAAGTCAGGAT
5737,TACGTAATCTGTAATG,570603,CGGTTGAAGTCGCGAA
5738,TACGTAATCTTGCAGG,570624,CGGTTGAAGCTTCCTT
5739,TACGTAATCTTGCATT,570625,CGGTTGAAGTGCGGGT
5740,TACGTACAGACACCGC,570653,ACCTTAGTCAGGAGGG
5741,TACGTACAGCGAGGTG,570742,ACCTTAGTCCAATATC
5742,TACGTACAGTTGTCTT,571012,ACCTTAGTCAAGGTGT
5743,TACGTTAAGCCTAATA,571114,CTGCTAATCAAACCAA
5744,TACGTTAAGGCAAGTA,571218,CTGCTAATCTTGAATC
5745,TACGTTAAGGCGTAAA,571241,CTGCTAATCCGGGTTT
5746,TACGTTAAGGTCCAAT,571280,CTGCTAATCCACAATT
5747,TACGTTAAGTTGTCCC,571395,CTGCTAATCGTACAAA
5748,TACTAAGTCATCAGTA,571483,CCAACAGAGCTTAGCC
5749,TACTAAGTCGAAGTAG,571629,CCAACAGAGGTGCTGA
5750,TACTAAGTCGCATTAA,571652,CCAACAGAGCTAGTTT
5751,TACTAAGTCTAGCGAT,571723,CCAACAGAGGCAGGTC
5752,TACTAAGTCTATTGTC,571729,CCAACAGAGCAACCCT
5753,TACTCAAAGGTTAGCT,572066,GTAGTCCTCTAACCAT
5754,TACTCAAAGTTGCGTG,572158,GTAGTCCTCATAGCGG
5755,TACTCGCTCCTAAGGT,572356,TAGTTTCAGGCTTCAC
5756,TACTCGCTCTTGTCTG,572550,TAGTTTCAGGGATTTA
5757,TACTGACAGCCGCAAC,572644,ACCTAATTCTTTGGGC
5758,TACTGACAGGTCCACA,572817,ACCTAATTCGTTAGCC
5759,TACTGACAGTAAGTCC,572848,ACCTAATTCCTAGGTC
5760,TACTGACAGTGAACAG,572888,ACCTAATTCCGCAATC
5761,TACTGACAGTGGACAA,572901,ACCTAATTCATTAGCT
5762,TACTGACAGTTATTCC,572920,ACCTAATTCATGAAGC
5763,TACTGACAGTTGCCTC,572925,ACCTAATTCAGCACGA
5764,TACTGAGGTAGCTAGC,572995,ACGCTAACAATTGACG
5765,TACTGAGGTATTGGAT,573018,ACGCTAACATTACTGC
5766,TACTGAGGTCAGTAAT,573046,ACGCTAACAACCAAAT
5767,TACTGAGGTTGCTTCG,573269,ACGCTAACAGAGAGCA
5768,TACTGAGGTTGTTCAC,573285,ACGCTAACAAATAAGG
5769,TACTGAGGTTTAGCGA,573295,ACGCTAACACAGCACG
5770,TACTGAGGTTTCAGGA,573302,ACGCTAACATAACCGA
5771,TACTGCACAAAGCGGC,573336,TAACCCGGTGGATTAG
5772,TACTGCACAGGATTAA,573562,TAACCCGGTAGAGGCT
5773,TACTGCACATCCTAGA,573645,TAACCCGGTTTGTCTT
5774,TACTGGCCAAAGGTAC,573724,GAAACGCGTAGCTAAG
5775,TACTGGCCACTTGTTC,573894,GAAACGCGTGGTTACT
5776,TACTGGCCAGGCCAAA,573950,GAAACGCGTTGAGGTA
5777,TACTTCGTCGGTTTGG,574371,GAGGGTGAGTCATTAC
5778,TACTTGTTCAGTATTG,574542,TAATGTGAGCGATATA
5779,TACTTGTTCCTAAGTA,574659,TAATGTGAGTTTCTGG
5780,TAGACCAGTCATAACG,574965,CTAAGATCACCAGCCT
5781,TAGACCAGTGTGTGGT,575092,CTAAGATCAAAGGCCT
5782,TAGACCAGTTCGCGCT,575166,CTAAGATCAATCATGG
5783,TAGAGCCGTAAAGCAA,575242,CCCTTCTCAGTGCCTC
5784,TAGAGCCGTATGTGGC,575312,CCCTTCTCAAATGACT
5785,TAGAGCCGTGAAACAA,575401,CCCTTCTCACACTAAG
5786,TAGAGCCGTTATTGCC,575532,CCCTTCTCAACGGTGT
5787,TAGCAGGCAAATACCT,575641,GGGCCTTGTCAATGAG
5788,TAGCAGGCAAGGACCA,575677,GGGCCTTGTAACCGCC
5789,TAGCAGGCACATAGCC,575754,GGGCCTTGTAATCCCG
5790,TAGCAGGCAGCAAGTG,575827,GGGCCTTGTCTAATCA
5791,TAGCAGGCAGCCGCTA,575839,GGGCCTTGTGTCCGTA
5792,TAGCAGGCAGGACCTT,575859,GGGCCTTGTTGCTCTC
5793,TAGCATATCCTAATGA,576193,GTGCAATAGATATTGG
5794,TAGCATATCCTCCTAA,576207,GTGCAATAGAAGGGTA
5795,TAGCATATCTGTAAGC,576356,GTGCAATAGTTAACCT
5796,TAGCCGGGTAAACAAG,576391,TACCGCCCAAATATGC
5797,TAGCCGGGTGTTTGTC,576635,TACCGCCCACAAACGC
5798,TAGCCGGGTTGTCATC,576731,TACCGCCCAGCACTAA
5799,TAGCCGGGTTGTGATG,576734,TACCGCCCAAGTCCTT
5800,TAGCCTCTCAAACCGT,576774,CAGGTATAGCTAACTT
5801,TAGCCTCTCAATGACC,576794,CAGGTATAGACTAATG
5802,TAGCCTCTCACTCGCT,576821,CAGGTATAGACTTAGA
5803,TAGCCTCTCATCCTGC,576855,CAGGTATAGTTATGAG
5804,TAGCCTCTCCTGGTCT,576981,CAGGTATAGGTTGTAA
5805,TAGCCTGAGGACTTAC,577335,CAGCTACTCGCCTGTG
5806,TAGCCTGAGGCTATGT,577383,CAGCTACTCAAGGAAG
5807,TAGCCTGAGGTAACGA,577408,CAGCTACTCATGCGGA
5808,TAGCCTGAGTATTGTG,577464,CAGCTACTCAGGAGCC
5809,TAGCCTTGTCGCATAA,577684,TCCTCCTCAACCTACT
5810,TAGCCTTGTGAGAAAC,577708,TCCTCCTCAAACGCGT
5811,TAGCCTTGTGCAACTA,577723,TCCTCCTCAGTATGTG
5812,TAGCCTTGTGTTCCCA,577777,TCCTCCTCATTGTGAG
5813,TAGCCTTGTTGGATCA,577871,TCCTCCTCATCCTTAA
5814,TAGCGCGGTGTTAGCA,578158,ACGGATCCAAGTTAGT
5815,TAGCGCGGTTAGCCAA,578197,ACGGATCCAAAGTGAA
5816,TAGCGGACACCAGGTT,578444,CATAACCGTTTGCTGG
5817,TAGCGGACACTTCATC,578491,CATAACCGTATTTGGC
5818,TAGCGGACAGAAATGC,578494,CATAACCGTTATGGGA
5819,TAGCGGACAGCATGAG,578515,CATAACCGTTACTCCC
5820,TAGCGGACATTGTTGG,578686,CATAACCGTCACCAAT
5821,TAGCTAATCACTTCAT,579122,ACGCATGAGTGTCCAC
5822,TAGCTAATCAGTGAAG,579141,ACGCATGAGCCAATCC
5823,TAGCTAATCCAGCACA,579201,ACGCATGAGTAGGTTA
5824,TAGCTAATCGACCTGA,579300,ACGCATGAGTTTGACT
5825,TAGCTAATCGAGGTGG,579305,ACGCATGAGTAAGTCA
5826,TAGCTAGGTTAACACG,579703,TCACTGTCACATTGTC
5827,TAGCTAGGTTATGTGG,579747,TCACTGTCATCCTGTG
5828,TAGCTAGGTTTAGCGA,579811,TCACTGTCACAGCACG
5829,TAGCTAGGTTTGGCGG,579831,TCACTGTCACATGCTT
5830,TAGCTTAAGACTAAGG,579860,CATCCTTTCACAATAG
5831,TAGCTTAAGTGAGCGG,580177,CATCCTTTCATCACAT
5832,TAGCTTGCACCATATG,580363,CTAGCCAGTAATTGGG
5833,TAGCTTGCATAAACCT,580507,CTAGCCAGTGCACCAC
5834,TAGGAACCACAATGTT,580723,ATTGTCAGTTAAAGAC
5835,TAGGAACCACCAACCG,580743,ATTGTCAGTACTGGCC
5836,TAGGAACCACCATATG,580747,ATTGTCAGTAATTGGG
5837,TAGGAACCACTAAGAA,580777,ATTGTCAGTGTCACGC
5838,TAGGAACCAGCAAATA,580806,ATTGTCAGTTGCGTGC
5839,TAGGAACCAGCATGTC,580819,ATTGTCAGTTACTTAG
5840,TAGGAACCAGTTTGGC,580889,ATTGTCAGTCGGTTAT
5841,TAGGAACCATAGCTGC,580911,ATTGTCAGTCATCATA
5842,TAGGAGGGTACAAAGA,581020,TTCATTGCAGTTCCCA
5843,TAGGAGGGTACCGGAT,581025,TTCATTGCACGATTCT
5844,TAGGAGGGTATTGTCC,581070,TTCATTGCATTAGTGG
5845,TAGGAGGGTGCGCAAT,581182,TTCATTGCATAAGCCA
5846,TAGGAGGGTTCCGGGA,581294,TTCATTGCAATCCTAC
5847,TAGGAGGGTTCGGTAA,581302,TTCATTGCAAACAAAG
5848,TAGGAGGGTTGAGGTC,581308,TTCATTGCAAACTAAC
5849,TAGGAGGGTTTCGCGC,581357,TTCATTGCACCTGGTC
5850,TAGGAGTCAACCTGGT,581407,AGTGCAAGTAGCGCTC
5851,TAGGAGTCACCAGGTT,581512,AGTGCAAGTTTGCTGG
5852,TAGGAGTCATGAATCT,581705,AGTGCAAGTTTATGTG
5853,TAGGCTAGTACAATGT,581787,ACCTAAGCACTCAATC
5854,TAGGCTAGTCGCAAAC,581898,ACCTAAGCAGGATAAA
5855,TAGGCTAGTTTACGTC,582109,ACCTAAGCAATCGTGA
5856,TAGGCTGTCAGAAACG,582190,CAACCTCAGGCAATGT
5857,TAGGCTGTCATGCTTT,582232,CAACCTCAGTGAGGCC
5858,TAGGCTTAGACAACAG,582536,AATCACTTCAACAACA
5859,TAGGCTTAGCCTCTGT,582618,AATCACTTCGCGTTAC
5860,TAGGCTTAGGAACACA,582682,AATCACTTCAGCAATA
5861,TAGGCTTAGGTAAGGC,582776,AATCACTTCCCTCGCT
5862,TAGGCTTAGTCAATTG,582832,AATCACTTCTTTGGTG
5863,TAGGCTTAGTCACGAT,582835,AATCACTTCGTTAGTT
5864,TAGGCTTAGTGGACAA,582867,AATCACTTCATTAGCT
5865,TAGGGTTTCCGTAAAC,583082,ATCATGAAGCGCTCCA
5866,TAGGGTTTCTCGCCCA,583246,ATCATGAAGAAGGAAT
5867,TAGGTGCGTATTCGCT,583364,CTAAGTGCAGGATGGA
5868,TAGGTGCGTGTAACCA,583513,CTAAGTGCATAGCATG
5869,TAGGTGCGTTGGTGAC,583625,CTAAGTGCATCAAGCA
5870,TAGGTTATCAAAGGCA,583677,CATAGGTAGGAGCCGT
5871,TAGGTTATCATTTGCT,583788,CATAGGTAGCTTTAGT
5872,TAGGTTATCCCTCTAA,583826,CATAGGTAGTCCCTGG
5873,TAGTAACGTGGATTAT,584649,GCCACCTCATAATGCG
5874,TAGTAACGTTAAGGCC,584692,GCCACCTCATAGTGAT
5875,TAGTAACGTTCACCCA,584734,GCCACCTCAGCTAACA
5876,TAGTAAGCAAACCTAT,584824,TGACCTGGTGCGCGAA
5877,TAGTAAGCAGCACGAA,585028,TGACCTGGTAATCACC
5878,TAGTAAGCAGGCCATT,585065,TGACCTGGTGCATTTA
5879,TAGTAAGCAGGTTTGC,585083,TGACCTGGTTCCAGAT
5880,TAGTAAGCATAAGCAA,585108,TGACCTGGTAAGGCCG
5881,TAGTAAGCATCCTAGA,585143,TGACCTGGTTTGTCTT
5882,TAGTACGGTAAAGCGG,585207,CCATTGTCACGGTCAG
5883,TAGTACGGTATTGTCC,585284,CCATTGTCATTAGTGG
5884,TAGTACGGTCCCGGAA,585328,CCATTGTCAAATGAAG
5885,TAGTACGGTCGAAGTC,585343,CCATTGTCAACAGAGG
5886,TAGTACGGTCGTTATC,585353,CCATTGTCAGTGAGAG
5887,TAGTAGGAGCCATCAG,585673,TGCTCAATCGAGCAAT
5888,TAGTAGGAGGAGGGTT,585771,TGCTCAATCGCTATGC
5889,TAGTAGGAGGCATTAC,585790,TGCTCAATCAAAGGGA
5890,TAGTAGGAGGCTGTGC,585817,TGCTCAATCCGCTGTG
5891,TAGTAGGAGGTCGATT,585852,TGCTCAATCTCTCGCC
5892,TAGTAGGAGGTTTACA,585865,TGCTCAATCTTCAAGT
5893,TAGTAGGAGTTAGTTG,585945,TGCTCAATCTACCTGA
5894,TAGTCAATCAGCCAAT,586028,TTATCACAGGTTCCCG
5895,TAGTCAATCCAAATCA,586089,TTATCACAGCTTGCCG
5896,TAGTCAATCCCTGGTT,586128,TTATCACAGTACTGAA
5897,TAGTGAGAGACTTATG,586380,GTGGCTTTCGCTTGAC
5898,TAGTGAGAGAGGATAT,586391,GTGGCTTTCGAAGTAC
5899,TAGTGAGAGCAGCTCA,586422,GTGGCTTTCTTGCTGA
5900,TAGTGGCGTAAATTGC,586742,ACACCGGCACCTTCCT
5901,TAGTGGCGTCATCATC,586849,ACACCGGCATTGCCCA
5902,TAGTGGCGTGAGGTGA,586912,ACACCGGCAAGCTCAA
5903,TAGTGGCGTTCGCTCA,587047,ACACCGGCAGGTGAGA
5904,TAGTGTGGTAATAACC,587139,GGGAAGCCATGTCATC
5905,TAGTGTGGTATTGCAG,587197,GGGAAGCCAAGGAAGT
5906,TAGTGTGGTATTTGCC,587202,GGGAAGCCACCTAACT
5907,TAGTGTGGTCGACTCC,587261,GGGAAGCCAGTGTGAC
5908,TAGTGTGGTCTTGCAT,587277,GGGAAGCCAGAATCTG
5909,TAGTGTGGTGCATTTC,587309,GGGAAGCCACCAGCTC
5910,TAGTGTGGTGTCACGG,587345,GGGAAGCCATAGCTAG
5911,TAGTGTGGTTACAAAC,587380,GGGAAGCCATTAGCAG
5912,TAGTTGTCACAATGTT,587619,GGACAACGTTAAAGAC
5913,TAGTTGTCAGCTTACA,587730,GGACAACGTTAGGTTC
5914,TAGTTGTCATGTTGCA,587853,GGACAACGTTTGGTTA
5915,TAGTTTGAGACAGGCG,587905,AAAGTCATCACTATGT
5916,TAGTTTGAGGCTACAT,588110,AAAGTCATCTTTAAGC
5917,TATAACCCACAGGGAC,588399,TAATTCGGTAAACCGA
5918,TATAACCCACTTGTTC,588458,TAATTCGGTGGTTACT
5919,TATAACCCAGATAGAC,588468,TAATTCGGTTAAAGGT
5920,TATAACCCAGTATGTT,588541,TAATTCGGTGCAGTAA
5921,TATAACCCATCTTGAG,588599,TAATTCGGTGATCCTG
5922,TATAGCCAGCTGTAAC,588800,TGCAGGATCTCGACTA
5923,TATAGCCAGGATTTGC,588850,TGCAGGATCATTACAC
5924,TATAGCTCACAGCCAT,589163,CATTGCGGTACCTTGG
5925,TATAGCTCACTGGCCA,589219,CATTGCGGTCCTGAGC
5926,TATAGGTGTACCAGGT,589454,GATTGCACATAATCGG
5927,TATAGGTGTGATGGCT,589602,GATTGCACATTCATTG
5928,TATAGGTGTTCGGTAA,589734,GATTGCACAAACAAAG
5929,TATATCCTCCTAGTTT,589996,AAGTAGGAGGTCCGTT
5930,TATATCCTCGTTATCT,590102,AAGTAGGAGGCTATAA
5931,TATCACAAGTCCTTTG,590513,GTCATCATCCTTAGAT
5932,TATCACAAGTCGCTAG,590515,GTCATCATCCATCAGC
5933,TATCACGCAGGCGAGT,590819,GAGGAAGGTAACCTAC
5934,TATCACGCATAGCTTG,590878,GAGGAAGGTGTGATGA
5935,TATCCAGCACAAACTT,591063,GACTTCGGTCAATACC
5936,TATCCGGAGCCTAACG,591433,CACTATGTCGTCCTTT
5937,TATCCGGAGGATGATG,591533,CACTATGTCCGTCCCT
5938,TATCCGGAGTAGCGGG,591640,CACTATGTCTAACCGC
5939,TATCCGGAGTCATTGA,591661,CACTATGTCATGATGA
5940,TATCCGGAGTCCTGAG,591663,CACTATGTCAAACATG
5941,TATCCGGAGTTATGTG,591703,CACTATGTCGACAAGT
5942,TATCGAGGTCCTAATC,591855,AACGATTCACGGTAAC
5943,TATCGCACAACTAGAA,592144,GCTAAAGGTTAACTGC
5944,TATCGCACAATAATGG,592182,GCTAAAGGTCAATTCA
5945,TATCGCACACGGTTTA,592271,GCTAAAGGTTCGCTTC
5946,TATCGCACATAATGAG,592401,GCTAAAGGTCCCAGAC
5947,TATCGCACATAATTGC,592403,GCTAAAGGTTCTTAAG
5948,TATCGCACATGACTAT,592440,GCTAAAGGTTAGCTCG
5949,TATCGCGAGAATCTCA,592500,CAGCTTATCTTAGGTT
5950,TATCGCGAGCTGAGGG,592631,CAGCTTATCCGGATTC
5951,TATCGCGAGGCCGGAA,592699,CAGCTTATCCGGCTAT
5952,TATCGCGAGTTAGAGG,592844,CAGCTTATCTAAGCTT
5953,TATGAAGCAACAACAA,592898,TCTTACTGTTCAATTG
5954,TATGAAGCAACTAGAA,592912,TCTTACTGTTAACTGC
5955,TATGAAGCAGTAGGAT,593143,TCTTACTGTGGATGCG
5956,TATGAAGCATAAGTTC,593165,TCTTACTGTGGACATA
5957,TATGAAGCATAATCCG,593167,TCTTACTGTGCTTTAA
5958,TATGACATCACATTGA,593292,GTTACAAAGAGAGCAA
5959,TATGACATCATGCTCC,593351,GTTACAAAGCTCCCTC
5960,TATGACATCCAATAGC,593381,GTTACAAAGCATGTTT
5961,TATGACATCCATAATG,593393,GTTACAAAGGGTTGGC
5962,TATGACATCCGCCAAA,593424,GTTACAAAGCCTGGTT
5963,TATGACATCCGTTATT,593438,GTTACAAAGTGCTGAG
5964,TATGACATCCTAAGTA,593443,GTTACAAAGTTTCTGG
5965,TATGACATCGTTAACA,593549,GTTACAAAGAAACCGT
5966,TATGACATCTGTAAGC,593608,GTTACAAAGTTAACCT
5967,TATGACATCTTGCATT,593631,GTTACAAAGTGCGGGT
5968,TATGACTCAACAGGTG,593671,GTCAAAGGTGTAACAG
5969,TATGACTCAATAGCCC,593721,GTCAAAGGTTGAAGCA
5970,TATGACTCAGGTTATT,593903,GTCAAAGGTTTGGTGT
5971,TATGACTCATCATGGC,593958,GTCAAAGGTCCTAAGT
5972,TATGACTCATCCATCT,593961,GTCAAAGGTCACTCAG
5973,TATGACTCATGGCCCA,593986,GTCAAAGGTACTTCGG
5974,TATGCATCAATTTGGT,594132,ATTTACGGTTTGAGTC
5975,TATGCATCACAATACT,594141,ATTTACGGTTTCTCAT
5976,TATGCATCACCAGCAT,594165,ATTTACGGTTCGGTAT
5977,TATGCATCACTTAACG,594209,ATTTACGGTAAGTCCT
5978,TATGGATGTAAGCTCA,594424,ATGGATTCATAGCGAC
5979,TATGGATGTGGAAACG,594615,ATGGATTCAGGAGGGT
5980,TATGGATGTTGCACAA,594730,ATGGATTCAGGTGGAA
5981,TATGGCCCAATTAGCT,594890,AAAGGAAGTCCAAATC
5982,TATGGCCCAGGGAGGA,595048,AAAGGAAGTACGCACC
5983,TATGGTCAGAGCCGCT,595590,CACTCAATCCGCTAGT
5984,TATGGTCAGAGCCGGA,595591,CACTCAATCATGGATA
5985,TATGGTCAGCATTAGC,595637,CACTCAATCGTGATAA
5986,TATGGTCAGCTAAGTC,595683,CACTCAATCTGGCTGT
5987,TATGGTCAGGATTGCT,595753,CACTCAATCAGGTAAC
5988,TATGTGATCACCTGCT,595980,ATGCGATAGGCGCGAT
5989,TATGTGATCCACCTGT,596069,ATGCGATAGGTAAGTC
5990,TATTACCTCCTGGTCT,596535,ACGGACCAGGTTGTAA
5991,TATTACCTCTGGCATG,596673,ACGGACCAGTATAGTG
5992,TATTAGCCAAGCGAGC,596758,ATGTTTGGTGAGTCCC
5993,TATTAGCCAGTAATAG,596976,ATGTTTGGTGATTCTA
5994,TATTAGCCATAATCCG,597003,ATGTTTGGTGCTTTAA
5995,TATTAGGTCATTATGG,597202,TGCTGGAAGTCCTTAG
5996,TATTAGGTCGGGACTC,597363,TGCTGGAAGCCATAGG
5997,TATTAGGTCTTTGACT,597476,TGCTGGAAGCCCTTGG
5998,TATTCGTTCACCGGTA,597515,TGGTTAAAGCCTTAAT
5999,TATTCGTTCGCCTAAG,597727,TGGTTAAAGTAAAGGG
6000,TATTGACCAAGTAAGC,597928,TACCTTTGTTAGCGTT
6001,TATTGACCACTTAGGC,598047,TACCTTTGTCATTTCT
6002,TATTGACCAGTAAAGC,598126,TACCTTTGTTTACTAG
6003,TATTTGCTCCATTACT,598383,GGGATCCAGCTTGGTC
6004,TATTTGCTCCGCACAA,598410,GGGATCCAGTAAACTG
6005,TATTTGCTCCTTAAGA,598458,GGGATCCAGCCAAACG
6006,TATTTGCTCTAACTGA,598552,GGGATCCAGCGTATTT
6007,TATTTGGAGGAACCAA,598791,GGAGGCTTCAAGGTTA
6008,TATTTGGAGGACTAAG,598808,GGAGGCTTCCATGACC
6009,TCAAACCAGCATGCAT,599089,TCCCAAATCCCAATTG
6010,TCAAACCAGCTAATTG,599141,TCCCAAATCCTAGTGC
6011,TCAAACCAGGAACCAA,599175,TCCCAAATCAAGGTTA
6012,TCAAACCAGGAGCAAC,599194,TCCCAAATCCTAAATC
6013,TCAAACCAGGCGAAAC,599227,TCCCAAATCACGCCCA
6014,TCAAACCAGGCTTAGT,599247,TCCCAAATCAAACCTT
6015,TCAAACCAGTAACTCA,599303,TCCCAAATCCCTGGTG
6016,TCAAACCAGTTAGACC,599367,TCCCAAATCCCGGATT
6017,TCAACAATCCAGCACA,599527,GGCTATGAGTAGGTTA
6018,TCAAGAACAACCCTCC,599814,TTAGGAGGTTCCATTT
6019,TCAAGAACACCATATG,599923,TTAGGAGGTAATTGGG
6020,TCAAGAACAGAAATGC,599972,TTAGGAGGTTATGGGA
6021,TCAAGACTCCAACTGG,600286,GGTCACAAGAACAACC
6022,TCAAGACTCCTAAGTA,600351,GGTCACAAGTTTCTGG
6023,TCAAGACTCCTACCTA,600355,GGTCACAAGTTACTAC
6024,TCAAGCTAGATAAAGC,600590,TATATGCTCATGGTTT
6025,TCAAGCTAGTAAGAAC,600840,TATATGCTCCTTCAAG
6026,TCAAGGAAGGAACGGT,601098,TGCGGAATCGTTAACT
6027,TCAAGGAAGGCAACAA,601131,TGCGGAATCAGGACCA
6028,TCAAGGAAGGCTCATG,601162,TGCGGAATCAGGGATT
6029,TCAAGGAAGTCACTCC,601249,TGCGGAATCGCGATAG
6030,TCAAGGTTCATGACCG,601404,TACCCGTAGTCAAGAC
6031,TCAAGGTTCCAATTAG,601442,TACCCGTAGCTTAAAG
6032,TCAAGGTTCGAGCAAA,601547,TACCCGTAGATTAGCA
6033,TCAAGGTTCGTTACTT,601612,TACCCGTAGGGACTTG
6034,TCAAGGTTCTAATCTC,601631,TACCCGTAGCTACCTA
6035,TCAAGGTTCTCAATTC,601646,TACCCGTAGCTTAGGG
6036,TCAAGGTTCTTGGATA,601694,TACCCGTAGCCTAATT
6037,TCAAGTATCTACCTGC,602019,ACCTTTGAGCATCTAT
6038,TCAATCGCAATAATGG,602162,TTAGCCGGTCAATTCA
6039,TCAATCGCACCCTCAC,602230,TTAGCCGGTAAGTGGC
6040,TCACATAAGCAGGTGG,602540,GCATCACTCGCGACTT
6041,TCACCTCAGCACTTGG,603304,ACTGGCTTCTTGTTCC
6042,TCACCTCAGCTAAGTC,603363,ACTGGCTTCTGGCTGT
6043,TCACCTGGTAGTTACG,603689,GATTCAGCATTGAGAT
6044,TCACGGATCCTAAATG,604185,TAGGATCAGATAACCA
6045,TCACGGATCCTAGTAA,604194,TAGGATCAGTGCTCCG
6046,TCACGGATCGGTAACT,604276,TAGGATCAGTTACGTT
6047,TCACGGATCTTTGAGA,604387,TAGGATCAGACATAGC
6048,TCACTGACAAGGTAAC,604447,ACTAACCGTTAGCTAC
6049,TCACTGACACAGAACG,604511,ACTAACCGTATTCAGC
6050,TCACTGACACAGCCTG,604514,ACTAACCGTATTGAGG
6051,TCACTGACACTTAGGC,604573,ACTAACCGTCATTTCT
6052,TCACTGACAGCGCTTG,604609,ACTAACCGTGGACAAC
6053,TCACTGACAGTAGGTG,604658,ACTAACCGTACCTTAA
6054,TCACTGACAGTTTACG,604669,ACTAACCGTAGACTAG
6055,TCAGCAAGTAATCACG,604793,ACATAACCAACGTGGT
6056,TCAGCAAGTCATGAGC,604885,ACATAACCAAGGCCTG
6057,TCAGCAAGTCCTTCAG,604908,ACATAACCATAAGTCG
6058,TCAGCAAGTCGCGCAA,604917,ACATAACCAGCCGGTA
6059,TCAGCAAGTTTCGCGC,605139,ACATAACCACCTGGTC
6060,TCAGCAAGTTTGTTGC,605154,ACATAACCAGCTCGCT
6061,TCAGCCTTCCTGATTT,605360,GGAGGATAGCACAGCA
6062,TCAGCCTTCGTGCCTT,605442,GGAGGATAGGACACGC
6063,TCAGCCTTCTTTGAGA,605537,GGAGGATAGACATAGC
6064,TCAGCGATCAATAGCC,605556,GCGGGTTAGCGCTTGT
6065,TCAGCGATCCCGTTGT,605685,GCGGGTTAGGTAGCTG
6066,TCAGCGATCTAACTGA,605844,GCGGGTTAGCGTATTT
6067,TCAGCGATCTTAGCGG,605899,GCGGGTTAGGGTCTAG
6068,TCAGCGATCTTTAGGA,605919,GCGGGTTAGGTGTTAA
6069,TCAGGAGCAATAGCAA,606000,TTTAGGCGTCCTCACT
6070,TCAGGTCCAAGGTGCA,606370,GGAAATTGTGCGTAAA
6071,TCAGGTCCAGTAAGTA,606571,GGAAATTGTGAACCGG
6072,TCAGGTTAGCACAGGG,606750,CCAAGCTTCCAATTGT
6073,TCAGGTTAGGGTGGAT,606939,CCAAGCTTCATTGCGC
6074,TCAGGTTAGTTCCTCA,607057,CCAAGCTTCCTTAGTG
6075,TCAGTAATCATGGTTA,607172,CGAGAGGAGTTACCGC
6076,TCAGTAATCATTAGGC,607180,CGAGAGGAGCTTGCTA
6077,TCAGTAGGTCAAAGGG,607544,CGAGCTGCATGCAACA
6078,TCAGTAGGTGTTTGAG,607701,CGAGCTGCATAGACTG
6079,TCAGTGAGTAAAGCAA,607842,CGAATATCAGTGCCTC
6080,TCAGTGAGTATGGTGC,607911,CGAATATCAGTATTGG
6081,TCAGTGAGTATTGGAT,607918,CGAATATCATTACTGC
6082,TCAGTGAGTCAATGTG,607933,CGAATATCACCTGTAT
6083,TCAGTGAGTCATAACG,607947,CGAATATCACCAGCCT
6084,TCATAACCACACTAAT,608343,GATGGACGTTCACCTC
6085,TCATAACCACGGTTTA,608387,GATGGACGTTCGCTTC
6086,TCATAACCAGTCTATG,608496,GATGGACGTTGACCAT
6087,TCATACTTCAAGTGTC,608622,TTGTTGTAGCAAGTCG
6088,TCATACTTCCTAATTC,608794,TTGTTGTAGCTTGAAA
6089,TCATACTTCTAAGGAG,608913,TTGTTGTAGATAACTG
6090,TCATACTTCTTAGTCT,608970,TTGTTGTAGATTGAGC
6091,TCATACTTCTTGAGGT,608975,TTGTTGTAGGCTTAAA
6092,TCATCCATCACTCGCT,609039,GCCTGTTAGACTTAGA
6093,TCATCCATCCCTGATC,609146,GCCTGTTAGCATATAG
6094,TCATCCATCCTTCGTA,609207,GCCTGTTAGAACCTAA
6095,TCATCCATCGGCTAGC,609256,GCCTGTTAGTCCTGCG
6096,TCATCCATCTACCTGC,609307,GCCTGTTAGCATCTAT
6097,TCATCCATCTGTGCCT,609344,GCCTGTTAGAGGCTTG
6098,TCATCCATCTTTAGGA,609371,GCCTGTTAGGTGTTAA
6099,TCATGAGGTCCTAACT,609503,CGGGTCACACCTTCAG
6100,TCATGAGGTGTTAGCA,609610,CGGGTCACAAGTTAGT
6101,TCATGCCTCATGGTGT,609853,TTCCTGAAGCGGTCAA
6102,TCATGCCTCTCACATT,610087,TTCCTGAAGTCCTCCC
6103,TCATGTTTCATGCTCC,610233,ACTCCTAAGCTCCCTC
6104,TCATGTTTCCAGGTCA,610272,ACTCCTAAGAGCTGGC
6105,TCATGTTTCCGCCAAA,610306,ACTCCTAAGCCTGGTT
6106,TCATGTTTCCTGGTCT,610349,ACTCCTAAGGTTGTAA
6107,TCATGTTTCGAAGCGG,610364,ACTCCTAAGTGAGGAA
6108,TCATGTTTCGACCTGA,610368,ACTCCTAAGTTTGACT
6109,TCATTACTCATTAGCA,610629,GGCCAGTAGCTATATC
6110,TCATTACTCCAGGTCA,610656,GGCCAGTAGAGCTGGC
6111,TCATTACTCGTACCGA,610808,GGCCAGTAGCTTAGAA
6112,TCATTGCGTTAGACCA,611178,ATAAGGACAGGAGGTA
6113,TCATTGCGTTTAGCTC,611264,ATAAGGACAGCAAGCT
6114,TCATTGTTCACCATTT,611326,TGTTACTAGGCTTGCT
6115,TCATTGTTCGTCCTTA,611577,TGTTACTAGCGGGAAG
6116,TCATTGTTCTAGCTTT,611612,TGTTACTAGGGAGTAA
6117,TCATTTGGTATTGTCC,611754,CCGCAAGCATTAGTGG
6118,TCATTTGGTCCGCTGT,611799,CCGCAAGCAGCTCATT
6119,TCATTTGGTTATGTGG,611965,CCGCAAGCATCCTGTG
6120,TCCACAACAAGCTTTG,612109,AGAGGAGGTGCAAGGT
6121,TCCACAACAAGTAAGC,612122,AGAGGAGGTTAGCGTT
6122,TCCACAACACATACTG,612187,AGAGGAGGTCGGTTCA
6123,TCCACAACAGGCGATA,612304,AGAGGAGGTGGATTGA
6124,TCCAGCAAGAACCTGT,612446,AAGGGCCTCGTTATGT
6125,TCCAGCAAGGTCCACA,612701,AAGGGCCTCGTTAGCC
6126,TCCAGCAAGTAGCTTA,612741,AAGGGCCTCCCATAGC
6127,TCCAGCAAGTCACTAA,612754,AAGGGCCTCGATTATC
6128,TCCAGGATCTTACTCG,613183,TTGCTCAAGAGGGACG
6129,TCCAGGATCTTGACCC,613191,TTGCTCAAGGAGCAGG
6130,TCCAGGTCAAACCTAT,613212,GGTCGAGGTGCGCGAA
6131,TCCAGGTCAGAACCGA,613400,GGTCGAGGTTAATCGC
6132,TCCAGGTCAGGCCAAA,613452,GGTCGAGGTTGAGGTA
6133,TCCATAAAGCAAGGAC,613646,CAATGAATCGCGAAAT
6134,TCCATAAAGGAATAAC,613760,CAATGAATCTAGTTGT
6135,TCCATAAAGGCAAGTA,613790,CAATGAATCTTGAATC
6136,TCCATAAAGGCTTAAC,613824,CAATGAATCAATAACG
6137,TCCATAAAGTGAGGGT,613932,CAATGAATCGCAACCT
6138,TCCATATTCAAGTGTC,613992,GGAAGTAAGCAAGTCG
6139,TCCATATTCCTTCTAG,614194,GGAAGTAAGCTAAGCG
6140,TCCATATTCCTTGCAC,614196,GGAAGTAAGAGCAATC
6141,TCCATCATCAAGCGCC,614371,CATATAGAGCCTGTCG
6142,TCCATCATCAAGGACA,614374,CATATAGAGTTTCACG
6143,TCCATCATCCATTACT,614497,CATATAGAGCTTGGTC
6144,TCCATCATCCTAGTTT,614552,CATATAGAGGTCCGTT
6145,TCCATCATCGATTCTT,614598,CATATAGAGTGAGCCA
6146,TCCATCATCGCTAAGT,614614,CATATAGAGCTGGCAA
6147,TCCATCATCGGCTAGC,614626,CATATAGAGTCCTGCG
6148,TCCATCATCGTTTCCA,614660,CATATAGAGCCGCTAT
6149,TCCATCATCTAATTGG,614674,CATATAGAGCTATCGC
6150,TCCATGCTCACCGGTA,614781,TACCTTGAGCCTTAAT
6151,TCCATGCTCCTTAGGG,614958,TACCTTGAGCATCCTA
6152,TCCATTGTCGTTAACA,615419,ATAGCTAAGAAACCGT
6153,TCCATTGTCTTAGGAC,615490,ATAGCTAAGCGCTACT
6154,TCCCGGACAAGGTGCA,615576,AAGTAACGTGCGTAAA
6155,TCCCGGACATAGACCC,615812,AAGTAACGTAAAGGTT
6156,TCCCGGACATTCCTGT,615881,AAGTAACGTGATGGAC
6157,TCCCGTTAGCGATAAG,616004,GCTTGACTCGCTTCTT
6158,TCCCGTTAGGCTACAT,616120,GCTTGACTCTTTAAGC
6159,TCCCTCACACTTACAG,616464,CGATCATGTGACCTTG
6160,TCCCTCACACTTCATC,616467,CGATCATGTATTTGGC
6161,TCCCTCACAGTTATCG,616558,CGATCATGTTTATTCC
6162,TCCCTCACATTGTGTG,616661,CGATCATGTTAAAGCG
6163,TCCCTGGTCCAGGAAA,616794,AATAGCCAGGTACCGA
6164,TCCCTGGTCCGTCCAT,616841,AATAGCCAGGCAACAT
6165,TCCCTGGTCGGTTCCT,616943,AATAGCCAGGCTCAAG
6166,TCCCTGGTCGTTAGTA,616960,AATAGCCAGATTAGGC
6167,TCCCTGGTCTTAGGAC,617026,AATAGCCAGCGCTACT
6168,TCCCTGGTCTTGGATA,617040,AATAGCCAGCCTAATT
6169,TCCGCCATCTACTAAG,617366,AAGCCATAGAAGGACA
6170,TCCGGAATCCTAAGAC,617615,GATCATAAGTCAATAG
6171,TCCGGAATCGGTAACT,617704,GATCATAAGTTACGTT
6172,TCCGGAATCTACTAAG,617750,GATCATAAGAAGGACA
6173,TCCGGTAAGCATTATG,617896,ACGCCCATCTCCTCAT
6174,TCCGGTAAGGCTTAAC,618048,ACGCCCATCAATAACG
6175,TCCGGTAAGGTGAGAC,618086,ACGCCCATCCAGGACA
6176,TCCGGTAAGTATCGCG,618120,ACGCCCATCGCCCGTA
6177,TCCGGTAAGTTCCCAC,618181,ACGCCCATCAGCATGG
6178,TCCGGTTTCAGCACGC,618256,GGTCCTTAGTTATGGA
6179,TCCGGTTTCATGAGCT,618287,GGTCCTTAGAGGAATG
6180,TCCGGTTTCCAATAGC,618323,GGTCCTTAGCATGTTT
6181,TCCTAGTGTAGCTGCG,618640,GTAGGAGCAGGTTTGA
6182,TCCTAGTGTAGTAAGA,618648,GTAGGAGCATGATGGC
6183,TCCTAGTGTATTGTGG,618665,GTAGGAGCAGTCTATC
6184,TCCTAGTGTTTGCGCC,618957,GTAGGAGCATTACAGG
6185,TCCTCAATCAAAGGCA,618971,TCAATAGAGGAGCCGT
6186,TCCTCAATCACCGGTA,619003,TCAATAGAGCCTTAAT
6187,TCCTCAATCATGGCCA,619061,TCAATAGAGGTATGGT
6188,TCCTCAATCATGGTGT,619063,TCAATAGAGCGGTCAA
6189,TCCTCAATCCTAATAG,619152,TCAATAGAGGTCACGA
6190,TCCTCAATCCTCCTAA,619167,TCAATAGAGAAGGGTA
6191,TCCTCAATCGTGCCTT,619254,TCAATAGAGGACACGC
6192,TCCTCAATCTATTGTC,619291,TCAATAGAGCAACCCT
6193,TCCTCAATCTTCAATC,619332,TCAATAGAGAAGCTAC
6194,TCCTCACAGACTTATG,619376,ACGTTATTCGCTTGAC
6195,TCCTCACAGATGCCTG,619394,ACGTTATTCCAAATAG
6196,TCCTCACAGCACGTTG,619413,ACGTTATTCGGCTATC
6197,TCCTCACAGCAGCTAT,619417,ACGTTATTCCATGCTA
6198,TCCTCACAGGAACGCG,619513,ACGTTATTCCAGGATG
6199,TCCTCACAGGAGGCAT,619534,ACGTTATTCTTGTCGA
6200,TCCTCACAGGCGCACT,619565,ACGTTATTCAATGTGA
6201,TCCTCACAGGCGGGTA,619570,ACGTTATTCAATACAG
6202,TCCTCTAAGAGGAGTC,619770,AAGCGATTCTACTAAC
6203,TCCTCTAAGCGGATAA,619851,AAGCGATTCCTCCCAC
6204,TCCTCTAAGCTGCACA,619876,AAGCGATTCGCATTTG
6205,TCCTCTAAGGACTAAG,619912,AAGCGATTCCATGACC
6206,TCCTCTAAGGGATTAG,619973,AAGCGATTCAGTACCC
6207,TCCTCTAAGGGTGAGT,619982,AAGCGATTCACATAGA
6208,TCCTGGTTCAAAGGCA,620123,CTCAGGAAGGAGCCGT
6209,TCCTGGTTCACTAAGC,620163,CTCAGGAAGTCTAGCC
6210,TCCTGGTTCATTAGCA,620223,CTCAGGAAGCTATATC
6211,TCCTGGTTCGCTAGCA,620374,CTCAGGAAGCCAGGAC
6212,TCCTGTTCAATTAACC,620598,GAGACTAGTATCGGCC
6213,TCCTGTTCAATTGACT,620604,GAGACTAGTAAGGTGC
6214,TCCTGTTCAGGTCCTG,620760,GAGACTAGTCACGCAC
6215,TCCTGTTCATAAGTCT,620792,GAGACTAGTCATGCCA
6216,TCCTGTTCATAATGTC,620798,GAGACTAGTGCAAGTA
6217,TCCTTAGTCAGCCAAT,620944,TGGTTGGAGGTTCCCG
6218,TCCTTAGTCAGTTCCC,620956,TGGTTGGAGAGCAAGA
6219,TCCTTAGTCATCCTGC,620969,TGGTTGGAGTTATGAG
6220,TCCTTAGTCCGGCTAA,621057,TGGTTGGAGATAGCTA
6221,TCCTTAGTCCGGTTGA,621061,TGGTTGGAGTGGCCAA
6222,TCCTTAGTCTGGCATG,621233,TGGTTGGAGTATAGTG
6223,TCCTTCAAGAACAAGT,621274,CATGTTGTCGATTCAT
6224,TCCTTCAAGACACCGC,621287,CATGTTGTCAGGAGGG
6225,TCCTTCAAGATAGACG,621313,CATGTTGTCATAATGG
6226,TCCTTCAAGCAAGATG,621323,CATGTTGTCACACAAA
6227,TCCTTGCAGCGGATTT,621772,CCAAGGATCCAAACTT
6228,TCCTTGCAGGCAATAG,621853,CCAAGGATCCATCACA
6229,TCCTTTACACCTGGTG,622196,AGTGTGAGTTAATCCA
6230,TCCTTTACAGGCTGTT,622290,AGTGTGAGTTCATTCT
6231,TCCTTTACATCCCTCA,622359,AGTGTGAGTTAAGTCC
6232,TCGACAAGTGCTAGAC,622617,TGGGTTACAGTAATCG
6233,TCGATTAAGACAAAGT,622817,CACGGTTTCTAAGCAA
6234,TCGATTAAGCGAGCGA,622909,CACGGTTTCGATATAG
6235,TCGATTAAGGTCCAAT,623064,CACGGTTTCCACAATT
6236,TCGCATTGTAGGTTGC,623250,TAACACGCAATAAACC
6237,TCGCATTGTCTTTATG,623347,TAACACGCAGGCCTCT
6238,TCGCATTGTGTCACGG,623413,TAACACGCATAGCTAG
6239,TCGCATTGTTAAGGTT,623443,TAACACGCATTGTCCG
6240,TCGCATTGTTACTTGC,623457,TAACACGCATCAGTAG
6241,TCGCATTGTTGTGACA,623531,TAACACGCATGGTGCG
6242,TCGCCCATCATGAAGG,623655,TCATGCCAGTAAGCGT
6243,TCGCCCATCCTCACAC,623763,TCATGCCAGCACCTTA
6244,TCGCCCATCCTGATGG,623775,TCATGCCAGTAGTTAG
6245,TCGCCCATCCTTTACG,623793,TCATGCCAGCGCAAAT
6246,TCGCCCATCGCTCCAT,623831,TCATGCCAGATAGACC
6247,TCGCCCATCGTTAGCG,623865,TCATGCCAGATGAAGG
6248,TCGCGCACAAATATCC,624356,CATTAGCGTTGTGACT
6249,TCGCGCACAACTAGGG,624376,CATTAGCGTTAGTTGC
6250,TCGCGCACAATTGCGC,624440,CATTAGCGTACTAACC
6251,TCGCGCACACATGCTA,624469,CATTAGCGTTTGACTA
6252,TCGCGCACACCGGCTA,624481,CATTAGCGTCTGTGCA
6253,TCGCGCACAGGGAGCT,624591,CATTAGCGTGAGCATA
6254,TCGCGCACATCACTTC,624649,CATTAGCGTAAAGCAT
6255,TCGCGCACATTGTTGG,624718,CATTAGCGTCACCAAT
6256,TCGCTAACAATGCCCG,624813,CGTAATCGTTGAGTCT
6257,TCGCTAACAATTGAAG,624821,CGTAATCGTAGTCCTG
6258,TCGGTAAGTTGCAATG,625423,GCCTGAGCAACCGTAA
6259,TCGGTTACATAAGGAC,625775,TCATTCTGTACAATGG
6260,TCGGTTACATTATGAC,625850,TCATTCTGTTGGGTAA
6261,TCGGTTCTCAGGCCTA,625933,TCCTCAAAGGCCCTTG
6262,TCGGTTCTCATCAGTA,625949,TCCTCAAAGCTTAGCC
6263,TCGGTTCTCATTCATC,625979,TCCTCAAAGACAAGCT
6264,TCGGTTTGTAGCTAGC,626309,ATTCGCTCAATTGACG
6265,TCGGTTTGTGAATCGC,626418,ATTCGCTCAAATACCG
6266,TCGGTTTGTGTGAGGA,626484,ATTCGCTCAAGGACGA
6267,TCGTAATCAACTCGCG,626677,GAGAAGGGTGCGCAAG
6268,TCGTAATCAACTGGGA,626679,GAGAAGGGTGCTCATG
6269,TCGTAATCACAATGCC,626752,GAGAAGGGTCCAATTA
6270,TCGTAATCACTATGGC,626812,GAGAAGGGTACTAGGA
6271,TCGTAATCAGTAAGTA,626901,GAGAAGGGTGAACCGG
6272,TCGTAATCATCCCGCT,626956,GAGAAGGGTGTGAGTA
6273,TCGTCAACACATAACT,627150,AGTGGCGGTTTCCGGA
6274,TCGTCAACAGGAACAT,627250,AGTGGCGGTGCGGTTC
6275,TCGTGCTTCAAATCGC,627410,GGTTGTGAGCGAGTTG
6276,TCGTGCTTCAAGGACA,627418,GGTTGTGAGTTTCACG
6277,TCGTGCTTCCAGCACA,627533,GGTTGTGAGTAGGTTA
6278,TCGTGCTTCCTGATGG,627609,GGTTGTGAGTAGTTAG
6279,TCGTGCTTCGCTATAA,627662,GGTTGTGAGGATTGAC
6280,TCGTGCTTCGGTAACT,627676,GGTTGTGAGTTACGTT
6281,TCGTGCTTCGTCCTTA,627691,GGTTGTGAGCGGGAAG
6282,TCGTGCTTCTAGCGTG,627724,GGTTGTGAGCGCAACA
6283,TCGTTAAAGAATGACG,627799,TCCAGGTTCCCACCCT
6284,TCGTTAAAGCAAGATG,627841,TCCAGGTTCACACAAA
6285,TCGTTAAAGCGCAATT,627899,TCCAGGTTCAATAGGC
6286,TCGTTAAAGTTTGGTA,628171,TCCAGGTTCGCTTCGG
6287,TCGTTACGTACCCACC,628205,AGAAAGCCACCTTCTC
6288,TCGTTACGTGCTTTAC,628376,AGAAAGCCAGGAATAA
6289,TCGTTACGTTGGATAT,628502,AGAAAGCCAATGTCAG
6290,TCGTTAGCAATTGAAG,628655,GGCCTTAGTAGTCCTG
6291,TCGTTAGCACTGGCTG,628736,GGCCTTAGTAGGATCA
6292,TCGTTAGCAGCGCTTG,628775,GGCCTTAGTGGACAAC
6293,TCGTTAGCATTAGCGC,628914,GGCCTTAGTACTGATC
6294,TCGTTATTCAAAGGCA,628943,TGTTTGTAGGAGCCGT
6295,TCGTTATTCATTACTC,629042,TGTTTGTAGGGTTAAC
6296,TCGTTTCCAAGTCGCT,629389,CGGAAACGTTATGGCT
6297,TCGTTTCCAATCCCTT,629407,CGGAAACGTAACGTGA
6298,TCGTTTCCAGATTCAT,629521,CGGAAACGTTATTTGG
6299,TCGTTTCCATCCGTAA,629644,CGGAAACGTACGTAAG
6300,TCTAACCGTCATCAAG,629816,AGGGATGCAGCTCAAA
6301,TCTAACCGTGTGCAAC,629937,AGGGATGCACGTAGCG
6302,TCTAACCGTTGGTTCT,630043,AGGGATGCACAAGGCT
6303,TCTAACTTCCCGTTTA,630236,TTGGTCCAGCAAGGAA
6304,TCTAACTTCCGGTTGA,630263,TTGGTCCAGTGGCCAA
6305,TCTAACTTCCTGAGTG,630292,TTGGTCCAGGGTTATA
6306,TCTAACTTCGATATTG,630323,TTGGTCCAGATTCTGT
6307,TCTAACTTCGTCCTTA,630375,TTGGTCCAGCGGGAAG
6308,TCTAACTTCTTGAGGT,630457,TTGGTCCAGGCTTAAA
6309,TCTAAGGGTCATTGTC,630591,TTGCATCCAATTGCCT
6310,TCTAAGGGTGGATGTC,630682,TTGCATCCAGCTAGAC
6311,TCTAATCTCACGCGGT,630897,CTCATTGAGAGGCTAT
6312,TCTAATCTCATCCTAT,630935,CTCATTGAGTATCGCC
6313,TCTAATCTCCAGGAAA,630984,CTCATTGAGGTACCGA
6314,TCTAATCTCCCATAAA,630993,CTCATTGAGTTAGGAC
6315,TCTAATCTCCGTGACA,631032,CTCATTGAGATTGCCC
6316,TCTAATCTCGTGCTTC,631144,CTCATTGAGTCATAAG
6317,TCTACCTCAAACGCGA,631244,GCGATAAGTCATGGTT
6318,TCTACCTCAATCCCTT,631323,GCGATAAGTAACGTGA
6319,TCTACCTCATAATCCG,631531,GCGATAAGTGCTTTAA
6320,TCTACTAGTCTAACCT,631773,ACGCGCACAAACTAGT
6321,TCTACTAGTGCTGGTG,631822,ACGCGCACAAGTGCAC
6322,TCTACTAGTTAGAGCC,631893,ACGCGCACACCTCACA
6323,TCTACTAGTTAGCGTA,631898,ACGCGCACACCTTGCA
6324,TCTACTAGTTGCTTCG,631951,ACGCGCACAGAGAGCA
6325,TCTAGCACAACCCTCC,632036,CCTCAAGGTTCCATTT
6326,TCTAGCACACAATTAC,632122,CCTCAAGGTGGGTGTG
6327,TCTAGCACACAGAACG,632127,CCTCAAGGTATTCAGC
6328,TCTAGCACAGAGGCTA,632200,CCTCAAGGTAAGTGCA
6329,TCTAGCACAGGAACCA,632235,CCTCAAGGTTATGTTG
6330,TCTAGCACATGCTATG,632344,CCTCAAGGTCACCAGC
6331,TCTAGCACATTAAAGG,632360,CCTCAAGGTCATTACA
6332,TCTAGCCTCAAACACC,632389,ATAGACCAGTCCTCAA
6333,TCTAGCGAGGACCTGC,632947,GTCCTAATCGGTTAGG
6334,TCTAGCGAGTTTGTCT,633156,GTCCTAATCCTCATGA
6335,TCTATGTTCCTCACTA,633350,TTAGCTTAGTCAATCT
6336,TCTATGTTCGCATCCT,633403,TTAGCTTAGGTTGGAT
6337,TCTATGTTCTTCAATC,633522,TTAGCTTAGAAGCTAC
6338,TCTATGTTCTTGAGGT,633525,TTAGCTTAGGCTTAAA
6339,TCTCAAGCATCAGCAC,633854,GGGTTGGGTTGTGCGC
6340,TCTCAAGCATGCTCCC,633881,GGGTTGGGTAGTAGCA
6341,TCTCAATTCCTGATTT,634130,CGCGATAAGCACAGCA
6342,TCTCAATTCGGCTATG,634191,CGCGATAAGTGGCTTC
6343,TCTCACCAGATTGAGG,634356,GAGTGATTCAAGCCAG
6344,TCTCACCAGGCATGAA,634510,GAGTGATTCAGCTAGG
6345,TCTCACCAGGCCGGAA,634517,GAGTGATTCCGGCTAT
6346,TCTCACCAGGCTTAGT,634541,GAGTGATTCAAACCTT
6347,TCTCACCAGGTTTGCG,634589,GAGTGATTCAGCCTTA
6348,TCTCACCAGTCATTAG,634628,GAGTGATTCATTAAGG
6349,TCTCCTCGTAGCAGCT,634742,GATAAAGCAGGAAGCA
6350,TCTCGCCCAACCCTCC,635106,CTGATTAGTTCCATTT
6351,TCTCGCCCAGCAAGTG,635279,CTGATTAGTCTAATCA
6352,TCTCGCCCAGTAGGTG,635344,CTGATTAGTACCTTAA
6353,TCTCGCCCATCAATCG,635385,CTGATTAGTGTAACCT
6354,TCTGGCTTCAATGACC,635480,AAAGCGAAGACTAATG
6355,TCTGGCTTCACCATTT,635494,AAAGCGAAGGCTTGCT
6356,TCTGGCTTCATTAGCA,635563,AAAGCGAAGCTATATC
6357,TCTGGCTTCCCGCATT,635602,AAAGCGAAGTTAGGCG
6358,TCTGGCTTCCCTGATC,635614,AAAGCGAAGCATATAG
6359,TCTGGCTTCCGCCTCA,635626,AAAGCGAAGTCACCAC
6360,TCTGTGACAAAGCTCC,635858,GGGATTAGTCATGATC
6361,TCTGTGACAACCTAAT,635876,GGGATTAGTAGCTTAC
6362,TCTGTGACAAGCTAAA,635892,GGGATTAGTAATCGCT
6363,TCTGTGACAAGGTAAC,635901,GGGATTAGTTAGCTAC
6364,TCTGTGACACAGAAAC,635964,GGGATTAGTGGGTAAC
6365,TCTGTGACAGCACGAA,636050,GGGATTAGTAATCACC
6366,TCTGTGACAGCATTAT,636056,GGGATTAGTTGAGGGT
6367,TCTGTGACATTGTGGC,636222,GGGATTAGTGCTTCGA
6368,TCTTAGCGTCATGAGC,636339,ACCTTACCAAGGCCTG
6369,TCTTAGTTCACTCAAA,636656,CATCCGTAGGTGCGTA
6370,TCTTAGTTCCAAGTTA,636730,CATCCGTAGCTAATAG
6371,TCTTAGTTCCCTCAAC,636757,CATCCGTAGATTGACA
6372,TCTTAGTTCGTCAAGT,636893,CATCCGTAGCTTCTCT
6373,TCTTCAAGTAAGTCGC,637010,CTCGATTCAGTACCGG
6374,TCTTCAAGTAGGTTAT,637053,CTCGATTCATTATCTG
6375,TCTTCAAGTATTGCAG,637069,CTCGATTCAAGGAAGT
6376,TCTTCAAGTGACATAT,637157,CTCGATTCATGGTGAC
6377,TCTTCAAGTGATTTGG,637174,CTCGATTCACTAAGGC
6378,TCTTCAAGTGCTTACT,637194,CTCGATTCACTGGGAT
6379,TCTTCAAGTTGGGTTA,637326,CTCGATTCAGATAGAA
6380,TCTTGACGTACTAAAC,637418,TAAGCCACAGTAGCTA
6381,TCTTGACGTCACCTAT,637473,TAAGCCACATCAGGAC
6382,TCTTGACGTGATTTGG,637556,TAAGCCACACTAAGGC
6383,TCTTGACGTTCCATTA,637675,TAAGCCACAATTGCTC
6384,TCTTGACGTTCCTGAT,637680,TAAGCCACATTACGTC
6385,TCTTGACGTTGACTTC,637690,TAAGCCACATCACAGA
6386,TCTTGTCCATAGCGAG,638059,CCTTTATGTCTAACCG
6387,TCTTGTCCATCAGCAC,638070,CCTTTATGTTGTGCGC
6388,TCTTTGTAGCATTTCT,638221,GAAAGGATCCAAATTC
6389,TCTTTGTAGGATTGAG,638334,GAAAGGATCAGGTTCC
6390,TCTTTGTAGTCTTGAA,638471,GAAAGGATCAGCTACC
6391,TCTTTGTAGTTAGTGC,638498,GAAAGGATCGTGCTTA
6392,TGAAACTGTATGGTGC,638595,TCCCTGACAGTATTGG
6393,TGAAACTGTGCACGCA,638710,TCCCTGACATAAGCAT
6394,TGAAACTGTGTTTGAG,638767,TCCCTGACATAGACTG
6395,TGAACAACAAACGCGA,638912,CTGAATCGTCATGGTT
6396,TGAACAACAAGCTTAT,638958,CTGAATCGTCCTAACG
6397,TGAACAACAGCAAGGC,639110,CTGAATCGTCGCATAT
6398,TGAACAGAGGCAGGTG,639491,GCTGACTTCGGGATGC
6399,TGAACAGAGGGCTTAT,639533,GCTGACTTCAAATACG
6400,TGAACAGAGGGTCCAC,639535,GCTGACTTCATAGCTT
6401,TGAACAGAGGTTACAC,639565,GCTGACTTCCTCTCGC
6402,TGAAGCAAGCGAGCGA,639779,GTCTTAGTCGATATAG
6403,TGAAGCAAGGCCAATT,639880,GTCTTAGTCTTAGCTG
6404,TGAAGCAAGTAAGTGG,639967,GTCTTAGTCCTAACTG
6405,TGAAGGATCATAACTG,640131,GCCCTCAAGCAGGTAT
6406,TGAAGGATCCCTGACT,640213,GCCCTCAAGGTGGGAG
6407,TGAAGGATCGTTAAGC,640350,GCCCTCAAGCAAATCA
6408,TGACCAAGTAGACAAA,640875,AAACTCGCAATCGCCC
6409,TGACCAAGTCAATACG,640917,AAACTCGCACGCGCAA
6410,TGACCAAGTCATGCCC,640941,AAACTCGCATTCCTGG
6411,TGACCAAGTCCTAATC,640957,AAACTCGCACGGTAAC
6412,TGACCAAGTCGTTACT,640974,AAACTCGCAAAGGACG
6413,TGACCAAGTTACGCGG,641092,AAACTCGCAACGGTTA
6414,TGACCAAGTTGCTTCG,641155,AAACTCGCAGAGAGCA
6415,TGACCTTGTACGTTTC,641251,CCGTAAACATTTCTTC
6416,TGACCTTGTAGGTTGC,641270,CCGTAAACAATAAACC
6417,TGACCTTGTGGACCTG,641416,CCGTAAACACAATAAC
6418,TGACCTTGTGTTTGAG,641451,CCGTAAACATAGACTG
6419,TGACTCCTCGCTATAA,641848,GTGGCTAAGGATTGAC
6420,TGACTCCTCTACCTAT,641905,GTGGCTAAGTGTGATA
6421,TGACTCCTCTCACTAT,641922,GTGGCTAAGGGAGCAG
6422,TGACTTAAGCTTGCTC,642130,GAACGATTCCTAATCG
6423,TGACTTAAGGGATGAC,642211,GAACGATTCACAGCAG
6424,TGACTTAAGTTGGCCA,642346,GAACGATTCCTTATGG
6425,TGACTTAAGTTGTCTT,642350,GAACGATTCAAGGTGT
6426,TGACTTCGTGCTCCGT,642557,TGGGCCACAACAAGTT
6427,TGAGAACCAAGGATTA,642796,CTTAAGCGTAACAGCA
6428,TGAGAACCAGAGGGAG,642937,CTTAAGCGTGCAACAA
6429,TGAGAACCAGGCGATA,642988,CTTAAGCGTGGATTGA
6430,TGAGAACCATCCGTAA,643062,CTTAAGCGTACGTAAG
6431,TGAGCAAAGCCATCAG,643211,TATCGCATCGAGCAAT
6432,TGAGCAAAGGCGCACT,643339,TATCGCATCAATGTGA
6433,TGAGCAAAGGCGTAAA,643345,TATCGCATCCGGGTTT
6434,TGAGCAAAGGTTTGAC,643404,TATCGCATCGATTAAG
6435,TGAGCAAAGTGAGGTA,643465,TATCGCATCAGGATCG
6436,TGAGCACGTAGCTAAT,643562,TAAACCGCAGAACCGT
6437,TGAGCACGTCCTAAGA,643638,TAAACCGCAGCTACCC
6438,TGAGCACGTTACTTCA,643776,TAAACCGCATAAACCG
6439,TGAGCACGTTGGGTTA,643842,TAAACCGCAGATAGAA
6440,TGAGCCGGTACCTTAC,643928,CTGTCCACATTTCGCG
6441,TGAGCCGGTGTTGCAA,644128,CTGTCCACACCGTTAT
6442,TGAGCCGGTGTTTGCT,644134,CTGTCCACATCCTAGT
6443,TGAGCCGGTTATCCGT,644178,CTGTCCACAAAGTCAT
6444,TGAGCTTAGCTGTAAC,644418,TGCGCCATCTCGACTA
6445,TGAGCTTAGGACAATG,644442,TGCGCCATCGAGGAGG
6446,TGAGCTTAGTTTAACG,644649,TGCGCCATCAAGCGCA
6447,TGAGGAGGTAATGGCC,644684,GCCGTGACACTCCCTT
6448,TGAGGAGGTTTGGCTT,645032,GCCGTGACAATCTCTA
6449,TGAGGCACAAAGGTAC,645056,TAGCAAGGTAGCTAAG
6450,TGAGGCACACAGGAAT,645165,TAGCAAGGTTGTCAGT
6451,TGAGGCACACTTCATC,645225,TAGCAAGGTATTTGGC
6452,TGAGGCACAGCAAATA,645238,TAGCAAGGTTGCGTGC
6453,TGAGGCACATAATGTC,645334,TAGCAAGGTGCAAGTA
6454,TGAGGCACATTAGCCA,645397,TAGCAAGGTCCATTAA
6455,TGAGGGAGTACGCGCA,645462,CTATGTCCACCACAAA
6456,TGAGGGAGTCCTAGTT,645554,CTATGTCCAATGTTCC
6457,TGAGGGAGTTAGAGCC,645693,CTATGTCCACCTCACA
6458,TGAGGGAGTTTGTTGC,645804,CTATGTCCAGCTCGCT
6459,TGAGGGCCAAGCGATG,645853,CCTGACAGTCTATGAC
6460,TGAGGGCCACAGACTC,645928,CCTGACAGTACCGGCT
6461,TGAGGGCCATCCTAGA,646127,CCTGACAGTTTGTCTT
6462,TGAGGTGCAATTTGGT,646294,GTTTGCGGTTTGAGTC
6463,TGAGGTGCATCCGTAA,646510,GTTTGCGGTACGTAAG
6464,TGAGTGAAGGCGTAAA,646793,GCATTTGTCCGGGTTT
6465,TGAGTGAAGTCAATTG,646882,GCATTTGTCTTTGGTG
6466,TGAGTTTCAAGGATTA,647012,ATCCTAAGTAACAGCA
6467,TGAGTTTCAATCCTGA,647043,ATCCTAAGTAGACAAT
6468,TGAGTTTCACTTAGGC,647141,ATCCTAAGTCATTTCT
6469,TGAGTTTCAGCAAGGC,647160,ATCCTAAGTCGCATAT
6470,TGAGTTTCAGCATGTC,647169,ATCCTAAGTTACTTAG
6471,TGAGTTTCATGCTATG,647296,ATCCTAAGTCACCAGC
6472,TGAGTTTCATGTCAGC,647304,ATCCTAAGTTAGTTTG
6473,TGATCAATCCCTCATA,647492,GTCTTTGAGACAGGTT
6474,TGATCACAGAATGACG,647735,CATTACGTCCCACCCT
6475,TGATCACAGCCATCAG,647811,CATTACGTCGAGCAAT
6476,TGATCACAGCGATACT,647833,CATTACGTCAGCTATT
6477,TGATCACAGCGCTCAA,647840,CATTACGTCGCTTGTA
6478,TGATCACAGGACACTT,647895,CATTACGTCAGCCATC
6479,TGATCACAGTAAGTGG,648017,CATTACGTCCTAACTG
6480,TGATCACAGTTCCTCA,648091,CATTACGTCCTTAGTG
6481,TGATCAGGTCCGTAGG,648235,GCTCACCCATCAGGTA
6482,TGATCCTGTAGGTGTC,648550,AGACAAACACGCCCAT
6483,TGATCCTGTCATAAGT,648598,AGACAAACATGACCTT
6484,TGATCCTGTCCGCTGT,648615,AGACAAACAGCTCATT
6485,TGATCGAGTAATCGCA,648895,GTACCGGCAACGGGAA
6486,TGATCGAGTCCTAAGA,649002,GTACCGGCAGCTACCC
6487,TGATCGAGTGACATAT,649037,GTACCGGCATGGTGAC
6488,TGATCGAGTGCTCACC,649069,GTACCGGCAAATAGCT
6489,TGATGAACAAACTAAG,649262,GGTAATGGTTACCCAG
6490,TGATGAACAGTATGTT,649525,GGTAATGGTGCAGTAA
6491,TGATGACTCGGGCCAT,649909,CGTGATGAGCATATTC
6492,TGATGATGTACCTTAC,650060,CATGAGCCATTTCGCG
6493,TGATGATGTGCTGTAA,650223,CATGAGCCATAACCAG
6494,TGATGATGTGTCCAAA,650248,CATGAGCCATTGTTTG
6495,TGATGATGTTATCCTA,650311,CATGAGCCAGGCATTA
6496,TGATTAGTCAAATCGC,650410,GCTGAATAGCGAGTTG
6497,TGATTAGTCATCGTTT,650488,GCTGAATAGATGGAGA
6498,TGATTAGTCATTACAG,650506,GCTGAATAGGACCATG
6499,TGATTAGTCCGCCTCA,650572,GCTGAATAGTCACCAC
6500,TGATTAGTCTAGCGAT,650723,GCTGAATAGGCAGGTC
6501,TGATTAGTCTTTAGGA,650785,GCTGAATAGGTGTTAA
6502,TGATTCAAGACAACAG,650802,AGGTGGCTCAACAACA
6503,TGATTGCAGACAACGA,651187,GACAAACTCTTTAGCG
6504,TGATTGCAGATGCCTG,651216,GACAAACTCCAAATAG
6505,TGCAAGCGTGATGGCT,651736,CAGTAGCCATTCATTG
6506,TGCAAGCGTGTTGTAG,651796,CAGTAGCCACTATACC
6507,TGCAAGCGTTACGCAA,651821,CAGTAGCCAAGGTATT
6508,TGCAAGCGTTGAATCG,651871,CAGTAGCCATATGGAT
6509,TGCAATATCAATTACG,651964,TAGCTAAAGGACAACT
6510,TGCAATATCATTTGTC,652055,TAGCTAAAGAATCGAC
6511,TGCAATATCCTGATTT,652144,TAGCTAAAGCACAGCA
6512,TGCAATATCTAGCGAT,652257,TAGCTAAAGGCAGGTC
6513,TGCAATATCTCACTAT,652270,TAGCTAAAGGGAGCAG
6514,TGCAATATCTTTGAGA,652321,TAGCTAAAGACATAGC
6515,TGCACACCACAATTAC,652440,CCAGCACGTGGGTGTG
6516,TGCACACCATGAATAG,652654,CCAGCACGTTATCCGG
6517,TGCACCTTCGAAGCGG,652930,CGAAGAAAGTGAGGAA
6518,TGCACCTTCTCAATGA,653033,CGAAGAAAGGCTTGTC
6519,TGCACCTTCTGGCAAT,653052,CGAAGAAAGGGTGGGA
6520,TGCACTTGTCAATGTG,653183,CTATGGACACCTGTAT
6521,TGCACTTGTCGACTCC,653231,CTATGGACAGTGTGAC
6522,TGCAGGCTCAAGCTTA,653485,AAAGCCTAGCAGCCAA
6523,TGCAGGCTCAATCTAG,653492,AAAGCCTAGTAAGCTA
6524,TGCAGGCTCCCGTTAC,653618,AAAGCCTAGCTAAATG
6525,TGCAGGCTCCCTCTAA,653626,AAAGCCTAGTCCCTGG
6526,TGCAGGCTCGCAACAT,653714,AAAGCCTAGATTCGTT
6527,TGCAGGCTCGCACAAT,653716,AAAGCCTAGGCTAGCA
6528,TGCAGGCTCGCTCACT,653732,AAAGCCTAGAAACCTA
6529,TGCATCCTCCAAACAC,653974,CGCTTTAAGATATTCC
6530,TGCATCCTCCCTGACT,654011,CGCTTTAAGGTGGGAG
6531,TGCATCCTCGATAACC,654090,CGCTTTAAGGCCTTGT
6532,TGCATCCTCTACCTAT,654171,CGCTTTAAGTGTGATA
6533,TGCATGAGTAACCTAG,654248,TAAGTCGCAACCTGCC
6534,TGCATGAGTAACGAGG,654249,TAAGTCGCAGGTCCCT
6535,TGCATGAGTAGCCTAA,654292,TAAGTCGCAGGCAACT
6536,TGCATGAGTCAATGTG,654333,TAAGTCGCACCTGTAT
6537,TGCATGAGTCATGCAA,654354,TAAGTCGCAAGCCTGG
6538,TGCATGAGTGCATTAG,654428,TAAGTCGCAACCAACA
6539,TGCATGAGTGTGAGGA,654470,TAAGTCGCAAGGACGA
6540,TGCATGAGTTGCCTCA,654564,TAAGTCGCAGGTTACA
6541,TGCATGAGTTGGGTTA,654574,TAAGTCGCAGATAGAA
6542,TGCATTAAGATTCCTT,654669,GACTGAGTCATTGTAC
6543,TGCATTAAGCAAGGGT,654677,GACTGAGTCAGAAAGG
6544,TGCATTAAGCGAGTAA,654729,GACTGAGTCGGTCCAT
6545,TGCATTAAGCTCCTTA,654761,GACTGAGTCGAAGCAT
6546,TGCATTAAGTTCCCAC,654987,GACTGAGTCAGCATGG
6547,TGCATTAAGTTTGGGT,655004,GACTGAGTCATAACGA
6548,TGCCATTGTCAATGTG,655099,TCACCCACACCTGTAT
6549,TGCCATTGTCCTGATT,655140,TCACCCACAGACCATA
6550,TGCCATTGTCGTTACT,655154,TCACCCACAAAGGACG
6551,TGCCATTGTGCACGCA,655192,TCACCCACATAAGCAT
6552,TGCCATTGTGGAGCAA,655215,TCACCCACAGCCTAAA
6553,TGCCATTGTGGTTATG,655226,TCACCCACAAAGGAAC
6554,TGCCATTGTTAGGTGC,655288,TCACCCACAGGTGACT
6555,TGCCGGTAGACTTACA,655413,ACCAACCTCGCTTGCG
6556,TGCCGGTAGAGAGGCT,655418,ACCAACCTCATGTTGT
6557,TGCCGGTAGGCTACAT,655612,ACCAACCTCTTTAAGC
6558,TGCCGGTAGGTACCGC,655643,ACCAACCTCAAGCTTT
6559,TGCCTGTTCACCTGTC,655811,CTCCTAAAGTGTGGTG
6560,TGCGATTAGCAACATC,656207,AGTAAGCTCCAAGTGG
6561,TGCGATTAGCACTTGG,656222,AGTAAGCTCTTGTTCC
6562,TGCGATTAGCTTACTT,656306,AGTAAGCTCGCACACT
6563,TGCGATTAGCTTTGTT,656314,AGTAAGCTCAAATCAG
6564,TGCGATTAGGGTGAGT,656404,AGTAAGCTCACATAGA
6565,TGCGATTAGGTGAGAC,656426,AGTAAGCTCCAGGACA
6566,TGCGATTAGTAACGAG,656443,AGTAAGCTCTATCGGC
6567,TGCGCAGGTAACTACG,656552,CCCGTTACAGCTCGAG
6568,TGCGCAGGTGACATGC,656706,CCCGTTACAACAGGGA
6569,TGCGCAGGTTACCGGG,656803,CCCGTTACACTTCAAC
6570,TGCGCAGGTTAGCCAA,656815,CCCGTTACAAAGTGAA
6571,TGCGCGAGTTCAAGAT,657215,AGGCCATCAATTACCC
6572,TGCGGTTCAAATACCT,657323,CGACATTGTCAATGAG
6573,TGCGGTTCAACGTGCT,657340,CGACATTGTTCTCACC
6574,TGCGGTTCAAGGTGCA,657368,CGACATTGTGCGTAAA
6575,TGCGGTTCAATAGCCC,657383,CGACATTGTTGAAGCA
6576,TGCGGTTCACAGGAAT,657431,CGACATTGTTGTCAGT
6577,TGCGGTTCACGTTACA,657473,CGACATTGTTACAGCT
6578,TGCGGTTCACTTACAG,657488,CGACATTGTGACCTTG
6579,TGCGGTTCAGTTATCG,657582,CGACATTGTTTATTCC
6580,TGCGGTTCATGAAGTA,657635,CGACATTGTGAGCGAT
6581,TGCGGTTCATGACTAT,657638,CGACATTGTTAGCTCG
6582,TGCTAACAGAAACTGG,657689,AATTGAGTCGATATGA
6583,TGCTAACAGCAGGTGG,657758,AATTGAGTCGCGACTT
6584,TGCTAACAGGTGTCCA,657961,AATTGAGTCCTCACGG
6585,TGCTAACAGTAGGATG,657990,AATTGAGTCTAGTTAC
6586,TGCTAGCCAACCTGGT,658107,TCTGGATGTAGCGCTC
6587,TGCTAGCCAAGGTCCT,658134,TCTGGATGTTTGGCTG
6588,TGCTAGCCACTAAGCC,658244,TCTGGATGTTAGGCGG
6589,TGCTAGCCAGGCTAGA,658323,TCTGGATGTTGGCGGA
6590,TGCTAGCCATCGCTCC,658397,TCTGGATGTTTGAGCT
6591,TGCTATGCAATTGAAG,658557,GTTGCGCGTAGTCCTG
6592,TGCTATGCACCACAAC,658594,GTTGCGCGTGTTCCTC
6593,TGCTCAACAAGTTATC,658911,CTTTACTGTTGGCCAC
6594,TGCTCAACAATAATCC,658915,CTTTACTGTAGGTTCT
6595,TGCTCAACACCTATAG,658992,CTTTACTGTAACGAGC
6596,TGCTCAACAGGCCAAA,659084,CTTTACTGTTGAGGTA
6597,TGCTCAACATATAACC,659149,CTTTACTGTTAGGCTT
6598,TGCTCACTCAGCTAAC,659283,GACCGGTAGTATAGCA
6599,TGCTCCGTCCGCAAAT,659769,GTGGCGTAGACCAGGC
6600,TGCTCTCAGCTCCCTG,660129,GAACTAATCACGAATA
6601,TGCTGGATCAATTACG,660402,TGTCTTGAGGACAACT
6602,TGCTGGATCCGTGACA,660554,TGTCTTGAGATTGCCC
6603,TGCTGGATCGGGACCT,660644,TGTCTTGAGCTGGATG
6604,TGCTGGATCTGGCTTC,660724,TGTCTTGAGTCAGGAT
6605,TGCTTAAAGCCAAATC,660842,TCATCAGTCGGTACGA
6606,TGCTTAAAGCCTGACA,660857,TCATCAGTCGACCTTA
6607,TGCTTAAAGGCATTAC,660964,TCATCAGTCAAAGGGA
6608,TGCTTAAAGGTCCGTA,661022,TCATCAGTCTAATCAC
6609,TGCTTAAAGTTTCCTG,661139,TCATCAGTCACGGATG
6610,TGCTTCATCCTCGATC,661346,TGGGCGTAGAACCTGG
6611,TGCTTCATCGGTTTCC,661424,TGGGCGTAGTTTCTCC
6612,TGCTTCATCTAAGTCA,661453,TGGGCGTAGCACTAAA
6613,TGCTTCATCTCAATTC,661472,TGGGCGTAGCTTAGGG
6614,TGCTTCCAGCTAAGTC,661653,TTGCCGGTCTGGCTGT
6615,TGCTTCCAGGCGCATC,661744,TTGCCGGTCAGGATTA
6616,TGCTTCCAGTACCGCA,661823,TTGCCGGTCGTTGTCA
6617,TGCTTCCAGTATCGCG,661832,TTGCCGGTCGCCCGTA
6618,TGCTTCCAGTCTATGA,661856,TTGCCGGTCAATTGCT
6619,TGCTTGCTCCGTCCAT,662089,CCTGTTAAGGCAACAT
6620,TGCTTGCTCCTAATGA,662099,CCTGTTAAGATATTGG
6621,TGCTTGCTCTAACTGA,662218,CCTGTTAAGCGTATTT
6622,TGCTTGCTCTGCAAAC,662255,CCTGTTAAGTTACAAG
6623,TGCTTGTGTCTTTATG,662455,CCAAAGCCAGGCCTCT
6624,TGCTTTAGTCATAGAT,662787,ATGGCTACACCATGCC
6625,TGCTTTAGTGCAACTA,662861,ATGGCTACAGTATGTG
6626,TGGAACAAGCGAAGTA,663164,AGCCTGTTCAAATCGA
6627,TGGAACAAGCGAGTAA,663167,AGCCTGTTCGGTCCAT
6628,TGGAACAAGGAGTCGG,663248,AGCCTGTTCAATCGGG
6629,TGGAACAAGGTCAAAG,663318,AGCCTGTTCCTTTAGG
6630,TGGAACAAGTGAAGTG,663395,AGCCTGTTCCTGATAT
6631,TGGACAAAGACAACGA,663459,GCATATTTCTTTAGCG
6632,TGGACAAAGCTCAATA,663579,GCATATTTCATGGTCC
6633,TGGACAAAGCTGTCAG,663592,GCATATTTCGCGAGTA
6634,TGGACAAAGGACAACA,663613,GCATATTTCTATGCAT
6635,TGGACCGGTAGCTAAT,663882,TCCGGGACAGAACCGT
6636,TGGACCGGTCCTAGTT,663960,TCCGGGACAATGTTCC
6637,TGGACCGGTGATCATG,664004,TCCGGGACATGCCTCA
6638,TGGACCGGTGGCTTCC,664042,TCCGGGACAGCATTAG
6639,TGGACCGGTGTCCTGC,664056,TCCGGGACATAGGTGC
6640,TGGACCGGTTAGAGGG,664100,TCCGGGACAAGGATGG
6641,TGGACCGGTTTCGCGC,664195,TCCGGGACACCTGGTC
6642,TGGACGGAGAGGATAT,664247,CTTTGAGTCGAAGTAC
6643,TGGACGGAGATAACCC,664251,CTTTGAGTCATTTAGC
6644,TGGACGGAGCATTTCT,664291,CTTTGAGTCCAAATTC
6645,TGGACGGAGCTAAGTC,664335,CTTTGAGTCTGGCTGT
6646,TGGACGGAGTAAGTGG,664503,CTTTGAGTCCTAACTG
6647,TGGACGGAGTAGAGGC,664507,CTTTGAGTCATGCAAA
6648,TGGACTAGTACAATGT,664625,AAGTGAACACTCAATC
6649,TGGACTAGTGCTCCAC,664792,AAGTGAACATGCTTTA
6650,TGGATTCAGAGGAAGG,665010,GTAAGTATCGCATTGC
6651,TGGATTCAGAGGAGGA,665011,GTAAGTATCTAGCCAC
6652,TGGATTCAGCGCCTTT,665090,GTAAGTATCTATTGAC
6653,TGGATTCAGCTTAACA,665125,GTAAGTATCCGTTAGC
6654,TGGATTCAGGACAATG,665146,GTAAGTATCGAGGAGG
6655,TGGATTCAGGCGGGTA,665196,GTAAGTATCAATACAG
6656,TGGATTCAGTGAGGGT,665316,GTAAGTATCGCAACCT
6657,TGGATTGGTCCGTGAG,665488,CAACATGCATGGTTAG
6658,TGGATTGGTTCATTTG,665659,CAACATGCAAGGCTTA
6659,TGGCCAATCTCACAAA,666071,CCTAACCAGGCATGGC
6660,TGGCCATCACAAACTT,666233,CTATTGAGTCAATACC
6661,TGGCCATCAGGAACAT,666356,CTATTGAGTGCGGTTC
6662,TGGCCATCATAGGCGA,666433,CTATTGAGTGCACAAA
6663,TGGCCATCATCCCTCA,666447,CTATTGAGTTAAGTCC
6664,TGGCCTGCAACTAGCC,666549,GGATTGAGTTGTTGTA
6665,TGGCCTGCAGTAAGTA,666775,GGATTGAGTGAACCGG
6666,TGGCCTGCATGTCAAT,666857,GGATTGAGTTGCGAGG
6667,TGGCCTTTCCCGAACA,667035,ATTGCGGAGGTCCCTG
6668,TGGCCTTTCCGCCTAT,667061,ATTGCGGAGCTTGCAC
6669,TGGCCTTTCCTAAATG,667075,ATTGCGGAGATAACCA
6670,TGGCCTTTCGTCAAGT,667179,ATTGCGGAGCTTCTCT
6671,TGGCGGTTCATGACCG,667364,GGGTTTGAGTCAAGAC
6672,TGGCGGTTCATTGCAA,667389,GGGTTTGAGGTTATAG
6673,TGGCGGTTCCCTTGCG,667438,GGGTTTGAGCTTGTTG
6674,TGGCTAAGTCCCGGAA,667786,CTTCCAGCAAATGAAG
6675,TGGCTAAGTTCCTGAT,667968,CTTCCAGCATTACGTC
6676,TGGCTATAGGAACGGT,668208,TGTCCTTTCGTTAACT
6677,TGGCTATAGGATCACT,668235,TGTCCTTTCATTATGC
6678,TGGCTATAGTACTGGT,668340,TGTCCTTTCACAGATA
6679,TGGCTTTGTACCGTAA,668464,ACCTCATCAAACTGAT
6680,TGGCTTTGTCATTGTC,668547,ACCTCATCAATTGCCT
6681,TGGGCATGTCAAGTAT,668899,ACCACAACATGACAGC
6682,TGGGCATGTCTTGCAT,668967,ACCACAACAGAATCTG
6683,TGGGCATGTGTTGTAG,669050,ACCACAACACTATACC
6684,TGGGCATGTTCCTGTG,669117,ACCACAACAAACATGT
6685,TGGGCATGTTTGAGGC,669180,ACCACAACACCAAAGC
6686,TGGGCCTAGCACTTGG,669258,CATAACTTCTTGTTCC
6687,TGGGCCTAGCTTCTCA,669347,CATAACTTCTTTAGGT
6688,TGGGCCTAGGAACACA,669352,CATAACTTCAGCAATA
6689,TGGGCCTAGGACCGCT,669365,CATAACTTCATAACCT
6690,TGGGCCTAGGGACTAA,669428,CATAACTTCCGCCTAG
6691,TGGGCCTAGGGCTTTG,669436,CATAACTTCAATAGCA
6692,TGGGCCTAGTGAAGTG,669527,CATAACTTCCTGATAT
6693,TGGTAAACAACCCTCC,669608,AAGGAGGGTTCCATTT
6694,TGGTAAACACCAAAGG,669712,AAGGAGGGTTTCCAAA
6695,TGGTAAACATAAGGAC,669865,AAGGAGGGTACAATGG
6696,TGGTAAACATTGTGAT,669954,AAGGAGGGTGTAATGG
6697,TGGTCAAGTTACATCC,670222,TTTCTAGCAACAACAT
6698,TGGTCAAGTTAGCGTA,670236,TTTCTAGCACCTTGCA
6699,TGGTCAGTCAAGCTTA,670355,TGGACCAAGCAGCCAA
6700,TGGTCAGTCACTAATG,670388,TGGACCAAGACTCCTA
6701,TGGTCATAGCTATTGA,670859,GGCTACTTCCAGGTGA
6702,TGGTCCTTCATCGTTT,671194,GCGGTTAAGATGGAGA
6703,TGGTGATTCAAGCGCC,671505,TCTGGTCAGCCTGTCG
6704,TGGTGATTCAATGACC,671516,TCTGGTCAGACTAATG
6705,TGGTGATTCACGCCAA,671536,TCTGGTCAGACAAACC
6706,TGGTGATTCCCTGATC,671650,TCTGGTCAGCATATAG
6707,TGGTGATTCTGCAAGT,671839,TCTGGTCAGTTTGAGA
6708,TGGTGCATCCTTAAGA,672090,AACATCAAGCCAAACG
6709,TGGTGCATCGTTAGTA,672174,AACATCAAGATTAGGC
6710,TGGTTAATCCTCACAC,672455,AGGACTTAGCACCTTA
6711,TGGTTAATCCTTAAGA,672474,AGGACTTAGCCAAACG
6712,TGGTTAATCGCTCCAT,672523,AGGACTTAGATAGACC
6713,TGGTTCCTCAAGCTTA,672659,AGTTTCTAGCAGCCAA
6714,TGGTTCCTCCGCAAAT,672807,AGTTTCTAGACCAGGC
6715,TGGTTCCTCCTAAGTA,672831,AGTTTCTAGTTTCTGG
6716,TGGTTCCTCCTCAGTC,672842,AGTTTCTAGAAGCAAG
6717,TGGTTCTGTACCGGAT,673065,ACTGCAACACGATTCT
6718,TGGTTCTGTATTGCAG,673107,ACTGCAACAAGGAAGT
6719,TGGTTCTGTTTAACCC,673380,ACTGCAACATTAGCGA
6720,TGGTTGAGTACCGTTT,673449,TCTATTGCAAATACGT
6721,TGGTTGAGTAGCTAAT,673466,TCTATTGCAGAACCGT
6722,TGGTTGAGTAGTAAGA,673476,TCTATTGCATGATGGC
6723,TGGTTGAGTCACGGAT,673513,TCTATTGCATTGACTC
6724,TGGTTGAGTCATTGTC,673531,TCTATTGCAATTGCCT
6725,TGGTTGAGTGTTGTGA,673653,TCTATTGCATGAAGCC
6726,TGGTTGAGTTCAAGCA,673706,TCTATTGCAAGCCTCC
6727,TGTAAAGCAAACGCGA,673800,CGTTATAGTCATGGTT
6728,TGTAAAGCAAGGTATA,673855,CGTTATAGTGAACAAT
6729,TGTAAAGCAATTAGGA,673893,CGTTATAGTGGTTAAG
6730,TGTAAAGCACAGGATG,673922,CGTTATAGTTTGCTCC
6731,TGTAAAGCAGACAAAC,673988,CGTTATAGTAGTTGGA
6732,TGTAAAGCAGGAATCG,674028,CGTTATAGTATCCGTG
6733,TGTAAAGCAGGCTACT,674044,CGTTATAGTTTGTAGC
6734,TGTAAAGCATAATCCG,674087,CGTTATAGTGCTTTAA
6735,TGTAAAGCATAGACCC,674094,CGTTATAGTAAAGGTT
6736,TGTAAAGCATTGCAGC,674165,CGTTATAGTTGGTTTA
6737,TGTAACTCAAGGTACG,674238,ATTGCACGTCTAGCGC
6738,TGTAACTCACAATACT,674293,ATTGCACGTTTCTCAT
6739,TGTAACTCACATACTG,674309,ATTGCACGTCGGTTCA
6740,TGTAACTCAGCTTAGC,674407,ATTGCACGTCTATCTT
6741,TGTAACTCATAGACTT,674479,ATTGCACGTTGCGCGT
6742,TGTAAGCTCATTGTTC,674676,CCATATTAGGAGGTAA
6743,TGTAAGTGTACAAAGA,674976,GACATTGCAGTTCCCA
6744,TGTAAGTGTAGCTGCG,675002,GACATTGCAGGTTTGA
6745,TGTAAGTGTAGGTGTC,675006,GACATTGCACGCCCAT
6746,TGTAAGTGTCTAACAG,675096,GACATTGCAGGATGTC
6747,TGTAAGTGTTAAATGC,675192,GACATTGCATTGTCTA
6748,TGTAAGTGTTTATCTG,675305,GACATTGCATAATGGT
6749,TGTAATGTCAATGTGC,675353,TCAATCTAGGTTGGTG
6750,TGTAATGTCAGGCTAT,675392,TCAATCTAGGCACGTA
6751,TGTAATGTCATCCTCA,675410,TCAATCTAGAACAAGG
6752,TGTAATGTCTATCGCC,675651,TCAATCTAGGCTAATA
6753,TGTATCCGTCAAGTGC,675802,GCCAAACCATCCGCTA
6754,TGTATCCGTCGACTCC,675853,GCCAAACCAGTGTGAC
6755,TGTATCCGTCGTTATC,675861,GCCAAACCAGTGAGAG
6756,TGTATCCGTGCATTAG,675900,GCCAAACCAACCAACA
6757,TGTATCCGTTTATCTG,676071,GCCAAACCATAATGGT
6758,TGTATCGCAAAGCGCA,676107,TCGATTAGTTGCTCCT
6759,TGTATCGCAATAGTCT,676174,TCGATTAGTGTCCTGA
6760,TGTATCGCAGGCTTCG,676347,TCGATTAGTAACCGGG
6761,TGTATCGCATAATCGT,676388,TCGATTAGTTCTTTGT
6762,TGTATCGCATGGAGGC,676437,TCGATTAGTGAGGTAC
6763,TGTCAATCAATTGACT,676580,GGTCCTAGTAAGGTGC
6764,TGTCAATCACTAGCGT,676652,GGTCCTAGTGCTCACA
6765,TGTCAATCACTAGGTC,676653,GGTCCTAGTCCTTTAT
6766,TGTCAATCACTCGCTC,676656,GGTCCTAGTTGTTCCC
6767,TGTCAGTAGAAAGGAA,676865,GTCCTCCTCACTCGCG
6768,TGTCAGTAGTGGACAA,677207,GTCCTCCTCATTAGCT
6769,TGTCATAAGACAGGTA,677266,TACCTGATCATCAGCC
6770,TGTCATAAGAGGAGTC,677282,TACCTGATCTACTAAC
6771,TGTCATAAGGCCTAAT,677456,TACCTGATCCGCCTCT
6772,TGTCATAAGGCTGTCA,677476,TACCTGATCTTGCAGC
6773,TGTCATAAGGTTTACA,677525,TACCTGATCTTCAAGT
6774,TGTCCTGGTAGTTGGC,677698,ACAGCACCAAGGGCTT
6775,TGTCCTGGTTAGCCAA,677905,ACAGCACCAAAGTGAA
6776,TGTCCTGGTTCTTTAG,677943,ACAGCACCATTTGGCT
6777,TGTCCTGGTTTCGCCA,677996,ACAGCACCATAACGAT
6778,TGTCCTTCACAGAAAC,678134,TTCTAAGGTGGGTAAC
6779,TGTCCTTCACCTAATG,678161,TTCTAAGGTTACTAGC
6780,TGTCCTTCAGCAAGGC,678216,TTCTAAGGTCGCATAT
6781,TGTCCTTCATTGCGTA,678386,TTCTAAGGTGTGATTC
6782,TGTGAAACAGTAGGAT,678665,ACCCGTAGTGGATGCG
6783,TGTGATCAGCCTCTGT,678876,TAGTGTTTCGCGTTAC
6784,TGTGATCAGCTCAAAC,678914,TAGTGTTTCGGTAATA
6785,TGTGATCAGGGACTAA,679016,TAGTGTTTCCGCCTAG
6786,TGTGCAAGTCTATCGT,679317,GACATGCCAGTGAACC
6787,TGTGCAAGTGGAAACG,679369,GACATGCCAGGAGGGT
6788,TGTGCAAGTTAGCCAA,679439,GACATGCCAAAGTGAA
6789,TGTGCACCAACTGGCT,679588,CAGGCGAGTCTTGACG
6790,TGTGCACCACCTCGCT,679701,CAGGCGAGTTGGGTTT
6791,TGTGCACCATTAGGCC,679907,CAGGCGAGTGTCCGGT
6792,TGTGCGCAGACAAACG,679942,GGTTTGCTCCCGCAAT
6793,TGTGCGCAGGCAGGTG,680131,GGTTTGCTCGGGATGC
6794,TGTGCGCAGTATTGCA,680236,GGTTTGCTCCAGCTCG
6795,TGTGCGCAGTGAGGTA,680271,GGTTTGCTCAGGATCG
6796,TGTGCGGGTGAAGCCT,680477,CTGACAACACCTCAGC
6797,TGTGCGGGTGGACCTG,680522,CTGACAACACAATAAC
6798,TGTGCGGGTTCACCCA,680610,CTGACAACAGCTAACA
6799,TGTGCGGGTTGGTTAG,680650,CTGACAACAGCTAGCG
6800,TGTGCTGAGCATTTCT,680777,GCCCTGATCCAAATTC
6801,TGTGCTGAGCTATGAC,680827,GCCCTGATCTAACCCA
6802,TGTGCTGAGGCTTAGT,680929,GCCCTGATCAAACCTT
6803,TGTGCTGAGTAAACCC,680978,GCCCTGATCATAAGCA
6804,TGTGGAGCAATAATCC,681155,CCTTAAAGTAGGTTCT
6805,TGTGGAGCACGAATCC,681241,CCTTAAAGTAACCTTA
6806,TGTGGAGCAGGAACCA,681311,CCTTAAAGTTATGTTG
6807,TGTGGAGCAGGTATTT,681337,CCTTAAAGTTACGCCA
6808,TGTGGAGCAGTTTGGC,681363,CCTTAAAGTCGGTTAT
6809,TGTGGAGCATCTAGCA,681408,CCTTAAAGTTTAACCA
6810,TGTGGCCAGAGCCGGA,681497,CCGCCAATCATGGATA
6811,TGTGGCCAGCACCACA,681525,CCGCCAATCTAACTGT
6812,TGTGGCCAGGCAAGTA,681662,CCGCCAATCTTGAATC
6813,TGTGGCCAGGCTATGT,681691,CCGCCAATCAAGGAAG
6814,TGTGGCCAGGTACCGC,681719,CCGCCAATCAAGCTTT
6815,TGTGGCCAGGTTACGT,681740,CCGCCAATCTAATCCG
6816,TGTGGCGGTAAGCTTG,681863,ACGATTGCACCTAAAG
6817,TGTGGCGGTAATCGGC,681872,ACGATTGCAGTTTGCT
6818,TGTGGCGGTAGGATTT,681907,ACGATTGCATATTGCC
6819,TGTGGCGGTCATTACC,681964,ACGATTGCAGTTGGCG
6820,TGTGGCGGTCCTAGTT,681980,ACGATTGCAATGTTCC
6821,TGTGGCGGTCGACTAA,681988,ACGATTGCAGTTTCTA
6822,TGTGGCGGTGCTTACT,682050,ACGATTGCACTGGGAT
6823,TGTGGCTCAACGTGCT,682266,GGTTTACGTTCTCACC
6824,TGTGGCTCACATTAAC,682364,GGTTTACGTTCACGCA
6825,TGTGGCTCAGCAAGTG,682435,GGTTTACGTCTAATCA
6826,TGTGGCTCAGCTCAAC,682455,GGTTTACGTCACTATA
6827,TGTGGCTCAGTAGGAT,682499,GGTTTACGTGGATGCG
6828,TGTGTGAGTAGGTTTG,682677,TTTACTGCACCAACAA
6829,TGTGTGAGTCCTAACT,682743,TTTACTGCACCTTCAG
6830,TGTGTGAGTGTCCAGG,682841,TTTACTGCAAAGGTAA
6831,TGTGTTAAGACAACAG,683010,GGTAATATCAACAACA
6832,TGTGTTAAGCATCCAG,683068,GGTAATATCATCAGTT
6833,TGTGTTAAGGCACAGG,683196,GGTAATATCGCTCAAC
6834,TGTGTTAAGGCTACTG,683221,GGTAATATCCTTGAGC
6835,TGTGTTAAGTTCCCGT,683362,GGTAATATCCTAATGT
6836,TGTTACTTCCTTAGTT,683595,GGGACCTAGACTCCGT
6837,TGTTAGCAGGACAACA,683933,AGCTTTGTCTATGCAT
6838,TGTTATGAGCACAGCC,684207,ATAGCAATCCTCAGTA
6839,TGTTATGAGTCACCTC,684460,ATAGCAATCTGGGAAT
6840,TGTTCATTCCGCCAAA,684698,TCAGCCTAGCCTGGTT
6841,TGTTCATTCTATGACA,684856,TCAGCCTAGTTACGAA
6842,TGTTCATTCTTCAATC,684898,TCAGCCTAGAAGCTAC
6843,TGTTCCTCAATTGCGC,685020,AGTAAACGTACTAACC
6844,TGTTCCTCAGCACCAT,685123,AGTAAACGTTGACTAC
6845,TGTTCCTCATGGCCTG,685261,AGTAAACGTTCCGGAC
6846,TGTTGCACAAATATCC,685320,TCCGTAGGTTGTGACT
6847,TGTTGCACACCAACCG,685437,TCCGTAGGTACTGGCC
6848,TGTTGCACAGGTTAAA,685559,TCCGTAGGTTAACACC
6849,TGTTGCACAGGTTCAC,685562,TCCGTAGGTCCTGACA
6850,TGTTGCACATAGACCC,685600,TCCGTAGGTAAAGGTT
6851,TGTTGCACATTGTGTG,685681,TCCGTAGGTTAAAGCG
6852,TGTTGGCCAGCTCATA,685910,CCTAAGTGTTCAAGCT
6853,TGTTGTAAGCCAGTAT,686154,GCTTTAGTCCCGGAAA
6854,TGTTGTAAGCTGAGGG,686209,GCTTTAGTCCGGATTC
6855,TGTTGTAAGGAGGGTT,686253,GCTTTAGTCGCTATGC
6856,TGTTGTAAGGCGGATG,686287,GCTTTAGTCTAACTAC
6857,TGTTGTAAGGGATGAC,686305,GCTTTAGTCACAGCAG
6858,TGTTGTAAGTAGAGGC,686365,GCTTTAGTCATGCAAA
6859,TGTTGTGCAACCCTCC,686484,TAAGGATGTTCCATTT
6860,TGTTGTGCAAGTGAAC,686520,TAAGGATGTGAGGACT
6861,TGTTGTGCAATAGTCT,686532,TAAGGATGTGTCCTGA
6862,TGTTGTGCAATATGGA,686535,TAAGGATGTGCAATAG
6863,TGTTGTGCAGGCTTCG,686705,TAAGGATGTAACCGGG
6864,TGTTGTGCATTGTCCT,686829,TAAGGATGTCCTTAGG
6865,TGTTGTTTCGTTTCTG,687138,CTCAGCTAGCATGAGT
6866,TGTTTGTTCAAGACTC,687229,AGGCCTAAGGCGCATA
6867,TGTTTGTTCCCAGTAG,687358,AGGCCTAAGGCACAAT
6868,TGTTTGTTCTCCATAT,687555,AGGCCTAAGCAATTGA
6869,TTAAAGGCAAACCTTG,687609,TTACTGAGTCCTCCAT
6870,TTAAAGGCAATAATGG,687680,TTACTGAGTCAATTCA
6871,TTAAAGGCACTAAGAA,687775,TTACTGAGTGTCACGC
6872,TTAACCAAGAAGGTGC,687996,AGGTTCCTCACCAACC
6873,TTAACCAAGCACGATT,688050,AGGTTCCTCTAACTCG
6874,TTAACCAAGCATGTTA,688066,AGGTTCCTCAAACTTC
6875,TTAACCAAGCTATTAG,688120,AGGTTCCTCATTTGGT
6876,TTAACTGAGAAACTGG,688373,ATGGGCATCGATATGA
6877,TTAACTGAGCTAATCA,688498,ATGGGCATCGCGCTCA
6878,TTAACTGAGCTTGCTC,688528,ATGGGCATCCTAATCG
6879,TTAACTGAGGAGCATA,688554,ATGGGCATCCGTAAGG
6880,TTAAGCCAGATAGACG,688799,GCTCGATTCATAATGG
6881,TTAAGCCAGGAATAAC,688924,GCTCGATTCTAGTTGT
6882,TTAAGCCAGGCTACAT,688980,GCTCGATTCTTTAAGC
6883,TTAAGCCAGTACCGCA,689051,GCTCGATTCGTTGTCA
6884,TTAAGGACAGTTTGTG,689424,TATTACGGTGTTACTA
6885,TTAAGGTGTAGCTGCG,689580,TTATCGCCAGGTTTGA
6886,TTAAGGTGTCATCAAG,689634,TTATCGCCAGCTCAAA
6887,TTAAGGTGTCCTTAGT,689659,TTATCGCCACTTAGCT
6888,TTAAGGTGTCCTTCTC,689661,TTATCGCCAATTAGCG
6889,TTAAGGTGTCTAACAG,689674,TTATCGCCAGGATGTC
6890,TTAAGGTGTGACATAT,689689,TTATCGCCATGGTGAC
6891,TTAAGTGTCATGAAGG,689991,GTCCTTAAGTAAGCGT
6892,TTAAGTGTCGCAGGCT,690152,GTCCTTAAGGTCATTT
6893,TTAAGTGTCTTGCAAA,690277,GTCCTTAAGTACTGGG
6894,TTAATCGAGAACAAGT,690294,AAATCGATCGATTCAT
6895,TTAATCGAGGAGCACG,690471,AAATCGATCTAGTTCG
6896,TTAATCGAGGTGTTAC,690564,AAATCGATCGCAATCC
6897,TTAATCGAGTAAGAAC,690580,AAATCGATCCTTCAAG
6898,TTAATCGAGTCACTCC,690605,AAATCGATCGCGATAG
6899,TTAATCGAGTGAACGA,690624,AAATCGATCTGGATCC
6900,TTACACCGTAATAACC,690693,GATTACGCATGTCATC
6901,TTACACCGTTGCAATG,690993,GATTACGCAACCGTAA
6902,TTACAGCAGACAAACG,691068,TAGTCATTCCCGCAAT
6903,TTACAGCAGCTAATTG,691183,TAGTCATTCCTAGTGC
6904,TTACAGCAGTTAGAGG,691410,TAGTCATTCTAAGCTT
6905,TTACCGTGTCAGGCAT,691544,CTGTCATCAACCTCGC
6906,TTACCGTGTTAAGGCC,691694,CTGTCATCATAGTGAT
6907,TTACCGTGTTGGCCGA,691772,CTGTCATCAAACCTAG
6908,TTACCTGTCACCTGTC,691861,TTCAGTTAGTGTGGTG
6909,TTACCTGTCCCGTTGT,691969,TTCAGTTAGGTAGCTG
6910,TTACCTGTCTTGCTAT,692196,TTCAGTTAGCCATCAC
6911,TTACGTTTCACGCATG,692247,CGATCCTAGTTACCCA
6912,TTACGTTTCATCCTAT,692287,CGATCCTAGTATCGCC
6913,TTACGTTTCTCATCAT,692540,CGATCCTAGTCAATTC
6914,TTACGTTTCTGCAAGT,692551,CGATCCTAGTTTGAGA
6915,TTAGAAGCACGTAATT,692757,CTGTGGCGTTCCTCAC
6916,TTAGAAGCAGAAATTG,692781,CTGTGGCGTTTAGCGT
6917,TTAGAAGCAGCAAGGC,692794,CTGTGGCGTCGCATAT
6918,TTAGAAGCAGTTTGGC,692873,CTGTGGCGTCGGTTAT
6919,TTAGACTCACAACAAA,693085,CGAGTAAGTTACGAAG
6920,TTAGACTCACCTCGCT,693129,CGAGTAAGTTGGGTTT
6921,TTAGACTCATTCCTCG,693342,CGAGTAAGTTGGTGAA
6922,TTAGCAATCATGTGGT,693458,CACTTCAAGTGGCGGT
6923,TTAGCAATCCTAGTTT,693550,CACTTCAAGGTCCGTT
6924,TTAGCAATCGAGGTGG,693591,CACTTCAAGTAAGTCA
6925,TTAGCAGGTACCTTAC,693780,CGCTCACCATTTCGCG
6926,TTAGCAGGTCCTAGTT,693874,CGCTCACCAATGTTCC
6927,TTAGCAGGTCGCAATA,693885,CGCTCACCACATTACC
6928,TTAGCAGGTTAGGCGT,694022,CGCTCACCATACTGAG
6929,TTAGCAGGTTTGTCTA,694122,CGCTCACCAGGTTGTA
6930,TTAGCCTGTTAGCTGA,694401,CAGGAAGCAACGGTAC
6931,TTAGCGGTCCACCTTA,694634,GTCATAAAGCATAGCG
6932,TTAGCGGTCCTAGTAA,694696,GTCATAAAGTGCTCCG
6933,TTAGCGGTCTAAGGTC,694814,GTCATAAAGATGCAAC
6934,TTAGCGGTCTCAATAG,694832,GTCATAAAGGGCTAAT
6935,TTAGCGGTCTTGGACG,694881,GTCATAAAGAATCACA
6936,TTAGCTGCAAATGCCC,694911,CCTGAATGTATTACTG
6937,TTAGCTGCACAGAACG,695013,CCTGAATGTATTCAGC
6938,TTAGCTGCACCTCACC,695043,CCTGAATGTATTGTCA
6939,TTAGCTGCAGAAATGC,695080,CCTGAATGTTATGGGA
6940,TTAGCTGCAGCAAGTG,695095,CCTGAATGTCTAATCA
6941,TTAGCTGCATCGCTCC,695215,CCTGAATGTTTGAGCT
6942,TTAGGAACAACTAGGG,695314,CCAATACGTTAGTTGC
6943,TTAGGAACATAATGTC,695570,CCAATACGTGCAAGTA
6944,TTAGGATGTAAAGCGG,695661,GCAAACCCACGGTCAG
6945,TTAGGATGTAGGTTAT,695719,GCAAACCCATTATCTG
6946,TTAGGATGTCAGGCCA,695763,GCAAACCCACATGATG
6947,TTAGGATGTTAAGTGT,695914,GCAAACCCAGGAACCT
6948,TTAGGCCCAACAGGAT,696068,TGAATCCGTAGTTACC
6949,TTAGGCCCAACCTGGT,696075,TGAATCCGTAGCGCTC
6950,TTAGGCCCAATCTCTC,696129,TGAATCCGTGAGGGTT
6951,TTAGGCCCACCAACCG,696177,TGAATCCGTACTGGCC
6952,TTAGGCCCACGTAATT,696207,TGAATCCGTTCCTCAC
6953,TTAGGCCCATGCAACC,696378,TGAATCCGTTGGGCCT
6954,TTAGGCGTCATCCTGC,696507,GCGAGCTAGTTATGAG
6955,TTAGGCGTCCTAAGTA,696609,GCGAGCTAGTTTCTGG
6956,TTAGGCGTCGGTTTCC,696704,GCGAGCTAGTTTCTCC
6957,TTAGGCGTCGTTCACC,696723,GCGAGCTAGCAACAAC
6958,TTAGGCTAGAGAAGGG,696835,CCTCAAATCCCAAAGG
6959,TTAGGCTAGCCTCTCG,696903,CCTCAAATCCTGCCAG
6960,TTAGGCTAGGCAACAA,697005,CCTCAAATCAGGACCA
6961,TTAGGCTAGGCGCACT,697023,CCTCAAATCAATGTGA
6962,TTAGGCTAGGGCCACT,697048,CCTCAAATCCAACCTA
6963,TTAGTCAAGAAAGGAA,697195,CACGTTATCACTCGCG
6964,TTAGTCAAGCTGTCAG,697340,CACGTTATCGCGAGTA
6965,TTAGTCAAGGAACGCG,697355,CACGTTATCCAGGATG
6966,TTAGTCAAGGGATGCG,697430,CACGTTATCCGAAACG
6967,TTAGTCAAGGGTCTAT,697438,CACGTTATCTCAAATC
6968,TTAGTCAAGTGGACAA,697537,CACGTTATCATTAGCT
6969,TTATAGCCATCCAGGT,697894,CGTCAATGTGCCTTTC
6970,TTATCCGTCACACAGT,697989,GCAAGAAAGTCCCGCA
6971,TTATCCGTCATTGTCT,698073,GCAAGAAAGGGCTATG
6972,TTATCCGTCCAGCACA,698089,GCAAGAAAGTAGGTTA
6973,TTATCCGTCCTTCAAT,698176,GCAAGAAAGCATTACT
6974,TTATCCTAGAAAGCAT,698346,TCATGCATCGACAAAC
6975,TTATCCTAGGACTTAC,698523,TCATGCATCGCCTGTG
6976,TTATGACCAATTATGC,698828,ATCCATAGTTGTCATA
6977,TTATGACCATCCTAGA,699051,ATCCATAGTTTGTCTT
6978,TTATGACCATGCTATG,699068,ATCCATAGTCACCAGC
6979,TTATGACCATGTTGGC,699080,ATCCATAGTGCTTCCT
6980,TTATGCGCAGCCGCTA,699329,AGGTGCGGTGTCCGTA
6981,TTATGCGCAGGAACCA,699343,AGGTGCGGTTATGTTG
6982,TTATGCGCATTAGCCA,699471,AGGTGCGGTCCATTAA
6983,TTATTGCTCAATAGCC,699514,TTGACGGAGCGCTTGT
6984,TTATTGCTCTGCAAGT,699841,TTGACGGAGTTTGAGA
6985,TTATTGCTCTGTGCCT,699850,TTGACGGAGAGGCTTG
6986,TTCAACCGTTAACGAT,700129,TGTGGCGCAGTTTCCG
6987,TTCAACCGTTAGAGCC,700151,TGTGGCGCACCTCACA
6988,TTCACTGTCCTCATGC,700460,CATACTTAGGTGAATC
6989,TTCACTGTCCTCCTAA,700463,CATACTTAGAAGGGTA
6990,TTCACTGTCCTGATTT,700468,CATACTTAGCACAGCA
6991,TTCACTGTCTAACCAA,700566,CATACTTAGGCTTAGG
6992,TTCAGCACAAACTCAT,700655,GCAACAAGTCAGTGCC
6993,TTCAGCACAATAACGA,700719,GCAACAAGTGCTGTTG
6994,TTCAGCACACGGTACT,700810,GCAACAAGTGCAACGG
6995,TTCAGCACATTGGGAG,701021,GCAACAAGTGTCCACA
6996,TTCAGGTAGACAACAG,701044,AGTAATGTCAACAACA
6997,TTCAGGTAGATTGAGG,701078,AGTAATGTCAAGCCAG
6998,TTCAGGTAGGAGTAAT,701217,AGTAATGTCCTCTACT
6999,TTCAGTTTCAGGCCTA,701477,GGGATAAAGGCCCTTG
7000,TTCAGTTTCATGCTCC,701507,GGGATAAAGCTCCCTC
7001,TTCAGTTTCCAATTAG,701538,GGGATAAAGCTTAAAG
7002,TTCAGTTTCCCGTTTA,701562,GGGATAAAGCAAGGAA
7003,TTCAGTTTCCGGCTAA,701585,GGGATAAAGATAGCTA
7004,TTCATCCCAAACTGCC,701808,GTTAGAGGTGTTGCAT
7005,TTCATCCCAAGGTATA,701859,GTTAGAGGTGAACAAT
7006,TTCATCCCACAACCTA,701911,GTTAGAGGTAACCTCG
7007,TTCATCCCACCAACCG,701935,GTTAGAGGTACTGGCC
7008,TTCATCCCAGTTTGGC,702081,GTTAGAGGTCGGTTAT
7009,TTCATCCCATAATGTC,702094,GTTAGAGGTGCAAGTA
7010,TTCATCCCATCCGTAA,702120,GTTAGAGGTACGTAAG
7011,TTCATCCCATTGTGCA,702177,GTTAGAGGTTAGCCAT
7012,TTCATTCAGCCAGGTC,702267,GCCATTATCAGTCTAT
7013,TTCATTCAGCTTATGA,702335,GCCATTATCACTAATC
7014,TTCATTCAGCTTCTCA,702337,GCCATTATCTTTAGGT
7015,TTCATTCAGGGATTAG,702421,GCCATTATCAGTACCC
7016,TTCATTCAGGTTTGCG,702463,GCCATTATCAGCCTTA
7017,TTCCACGGTGTGTCCC,702799,GCCTCACCACTATGGA
7018,TTCCACGGTTCCGGGA,702870,GCCTCACCAATCCTAC
7019,TTCCCACAGACAAGTG,702964,GCTTATGTCCTCACTT
7020,TTCCCACAGACTTACA,702973,GCTTATGTCGCTTGCG
7021,TTCCCACAGCGTGCAC,703070,GCTTATGTCCAATACT
7022,TTCCCACAGTATTGGC,703255,GCTTATGTCACTTGCA
7023,TTCCCGCCAACCGCCA,703365,ATTTCCTGTTGACCGC
7024,TTCCCGCCACGAATCC,703493,ATTTCCTGTAACCTTA
7025,TTCCCGCCAGCTAATT,703555,ATTTCCTGTATTTACG
7026,TTCCCGCCATCATGGC,703648,ATTTCCTGTCCTAAGT
7027,TTCCTCAAGAGGGACT,703755,AGCTAGGTCCCACCTC
7028,TTCCTCAAGTATGTGC,704021,AGCTAGGTCCGGTACT
7029,TTCCTTCTCACGCCAA,704142,GGTTAACAGACAAACC
7030,TTCCTTCTCATTTAGG,704215,GGTTAACAGCATGGAT
7031,TTCCTTGAGACTCGCA,704508,AAATCCTTCTAGGATA
7032,TTCCTTGAGAGCCGCT,704516,AAATCCTTCCGCTAGT
7033,TTCCTTGAGTAACAGG,704768,AAATCCTTCGCTTCAA
7034,TTCCTTGAGTCACTAA,704798,AAATCCTTCGATTATC
7035,TTCCTTGAGTCTCACC,704813,AAATCCTTCGCGCAAA
7036,TTCGCAACACTTACAG,705052,CAGTAAGGTGACCTTG
7037,TTCGCAACAGGATGGC,705107,CAGTAAGGTTGTTTGA
7038,TTCGCAACATAACGGG,705155,CAGTAAGGTCCTCCCA
7039,TTCGCAACATTTGCTC,705252,CAGTAAGGTGCGGTAG
7040,TTCGGTACAATGAATG,705343,ATTGCCGGTCATCACG
7041,TTCGGTACACAAAGGT,705362,ATTGCCGGTCACACCA
7042,TTCGGTACAGCTCATA,705478,ATTGCCGGTTCAAGCT
7043,TTCGGTACATGAGTTT,705588,ATTGCCGGTCACAGGG
7044,TTCGTGCTCCCGCCTA,705781,CTATATCAGCCTAGTC
7045,TTCGTGCTCCGCAACA,705798,CTATATCAGGAGTATC
7046,TTCGTGCTCCGCATGA,705801,CTATATCAGTCACTAT
7047,TTCGTGCTCTCCTCAA,705973,CTATATCAGCGCTAAG
7048,TTCGTTAGTAAGCTTG,706035,TAATAGCCACCTAAAG
7049,TTCGTTAGTAGGTGTC,706080,TAATAGCCACGCCCAT
7050,TTCGTTAGTCATTGTC,706139,TAATAGCCAATTGCCT
7051,TTCGTTAGTTACTTCA,706288,TAATAGCCATAAACCG
7052,TTCGTTAGTTTCAGGA,706382,TAATAGCCATAACCGA
7053,TTCTTAGGTAACCAGC,706409,GCCAGCACAGGAGCTT
7054,TTCTTAGGTAACTACG,706414,GCCAGCACAGCTCGAG
7055,TTCTTAGGTTAGGTGC,706684,GCCAGCACAGGTGACT
7056,TTCTTAGGTTCCAGGG,706702,GCCAGCACAAGCGCAT
7057,TTGACATCAAGGTGGC,706849,AAGCTAGGTGCTAGCC
7058,TTGACATCACATTAAC,706918,AAGCTAGGTTCACGCA
7059,TTGACATCAGGCAAGC,707025,AAGCTAGGTAAACCCT
7060,TTGACTAAGCTCGCTT,707692,CCAGGAATCACACCGT
7061,TTGACTAAGGCATTAC,707756,CCAGGAATCAAAGGGA
7062,TTGACTAAGTATTGGC,707859,CCAGGAATCACTTGCA
7063,TTGACTAAGTGAGCAA,707890,CCAGGAATCTAATCGT
7064,TTGAGCTAGTAAGGGC,708227,TTCGTTCTCGGTTACC
7065,TTGAGGCGTAAGCTCA,708334,TAGGAGGCATAGCGAC
7066,TTGAGGCGTCATAACG,708427,TAGGAGGCACCAGCCT
7067,TTGAGGCGTGAGAAAC,708488,TAGGAGGCAAACGCGT
7068,TTGATGTCAAGCTACC,708753,GGTGTTTGTGGCTTCA
7069,TTGATGTCAGCAGGTA,708912,GGTGTTTGTACCGTTG
7070,TTGATGTCAGTACCGT,708969,GGTGTTTGTATAGCTC
7071,TTGATGTCATCTAGCA,709030,GGTGTTTGTTTAACCA
7072,TTGCAACAGACCATAC,709107,AATGTGATCTCCATGA
7073,TTGCAACAGGGACCTC,709320,AATGTGATCCGTTATG
7074,TTGCAACAGTAACAGG,709370,AATGTGATCGCTTCAA
7075,TTGCAAGGTCACAAAT,709564,GGTCAACCAGGAGGAC
7076,TTGCAATCAAACCTAT,709856,AAGGGAGGTGCGCGAA
7077,TTGCAATCAAAGCGGC,709866,AAGGGAGGTGGATTAG
7078,TTGCAATCAATCCTGA,709939,AAGGGAGGTAGACAAT
7079,TTGCAATCACGGTTTA,710017,AAGGGAGGTTCGCTTC
7080,TTGCAATCATTTGCTC,710236,AAGGGAGGTGCGGTAG
7081,TTGCACACAACGTGCT,710272,GAAACTGGTTCTCACC
7082,TTGCACACAAGCTAAA,710286,GAAACTGGTAATCGCT
7083,TTGCACACACATTGCA,710371,GAAACTGGTTAAGTGG
7084,TTGCACACAGTTGCGT,710516,GAAACTGGTGAACGGT
7085,TTGCACACATAGTCAT,710544,GAAACTGGTGTACCGC
7086,TTGCAGCCAAGGAATC,710674,TAACAGGGTCAACCGC
7087,TTGCAGCCAAGGACCA,710675,TAACAGGGTAACCGCC
7088,TTGCAGCCACGTGCTG,710788,TAACAGGGTTACTTCT
7089,TTGCAGCCAGCCGCTA,710837,TAACAGGGTGTCCGTA
7090,TTGCAGCCAGTAATAG,710886,TAACAGGGTGATTCTA
7091,TTGCAGCCATGAATAG,710952,TAACAGGGTTATCCGG
7092,TTGCATTTCACTAAGC,711049,CGCTACTAGTCTAGCC
7093,TTGCATTTCATGAAGG,711089,CGCTACTAGTAAGCGT
7094,TTGCATTTCCGGAACC,711174,CGCTACTAGGATTTGA
7095,TTGCATTTCGCAATCG,711247,CGCTACTAGCCGCAAA
7096,TTGCATTTCGTTATCT,711302,CGCTACTAGGCTATAA
7097,TTGCCCGTCATTTGTC,711505,TTTGTCGAGAATCGAC
7098,TTGCCCGTCCCTCAGT,711539,TTTGTCGAGAGCTGCA
7099,TTGCGAGTCATCCTCA,711854,CCACACTAGAACAAGG
7100,TTGCGAGTCATGCATA,711861,CCACACTAGCACCTAC
7101,TTGCGAGTCCCTCATA,711924,CCACACTAGACAGGTT
7102,TTGCGAGTCGCTCACT,712032,CCACACTAGAAACCTA
7103,TTGCGTCTCAAGGACA,712170,CATTGCCAGTTTCACG
7104,TTGCGTCTCAATCTAG,712176,CATTGCCAGTAAGCTA
7105,TTGCGTCTCACAGCCA,712187,CATTGCCAGTAACACA
7106,TTGCGTCTCAGCACCA,712211,CATTGCCAGTGTTTGT
7107,TTGCGTCTCATGCTAA,712248,CATTGCCAGCTCGACT
7108,TTGCGTCTCCGCCTAT,712323,CATTGCCAGCTTGCAC
7109,TTGCGTCTCCGGTTGA,712331,CATTGCCAGTGGCCAA
7110,TTGCGTCTCGTGCTTC,712446,CATTGCCAGTCATAAG
7111,TTGCGTCTCGTTACAA,712449,CATTGCCAGTGCAACG
7112,TTGCTCTCAAGGTCGA,712603,AATGCCTGTTGTGGTT
7113,TTGCTCTCACTTACAG,712724,AATGCCTGTGACCTTG
7114,TTGCTCTCATTCAGCA,712907,AATGCCTGTAAGGGCT
7115,TTGCTTAGTAGCTAGC,712979,AATGGCCCAATTGACG
7116,TTGCTTAGTGTCCAGG,713151,AATGGCCCAAAGGTAA
7117,TTGCTTAGTGTGTGGT,713158,AATGGCCCAAAGGCCT
7118,TTGCTTAGTGTTGTAG,713164,AATGGCCCACTATACC
7119,TTGCTTAGTTAGGACC,713202,AATGGCCCACGCTAGG
7120,TTGCTTAGTTCAAGAT,713217,AATGGCCCAATTACCC
7121,TTGCTTTAGCATGTCG,713383,CTCAAGCTCCCTCGTC
7122,TTGCTTTAGGCATGAA,713508,CTCAAGCTCAGCTAGG
7123,TTGCTTTAGTGAGGGT,713646,CTCAAGCTCGCAACCT
7124,TTGGAGGCACAATGCC,713806,CCTTACCGTCCAATTA
7125,TTGGAGGCATGAGTTT,714026,CCTTACCGTCACAGGG
7126,TTGGATATCATAACGC,714146,TCAACAAAGGAGTCAT
7127,TTGGATATCATAGACC,714150,TCAACAAAGTCCTTGA
7128,TTGGATATCGCCTAAG,714323,TCAACAAAGTAAAGGG
7129,TTGGATATCGCTAGCA,714330,TCAACAAAGCCAGGAC
7130,TTGGATCAGAACCTAC,714463,TCTCACTTCATTAACC
7131,TTGGATCAGCAAGGTA,714514,TCTCACTTCAGCGGGT
7132,TTGGATCAGCACGATT,714520,TCTCACTTCTAACTCG
7133,TTGGATCAGCTAGAAG,714587,TCTCACTTCTGTAACT
7134,TTGGATCAGGACAATG,714628,TCTCACTTCGAGGAGG
7135,TTGGATCAGGCTAATC,714681,TCTCACTTCCGTCCAG
7136,TTGGATCAGGTGTTAC,714732,TCTCACTTCGCAATCC
7137,TTGGATCAGTAAGAAC,714748,TCTCACTTCCTTCAAG
7138,TTGGATTCAATCCTGA,714929,GAAGCTAGTAGACAAT
7139,TTGGATTCAGGGAGGA,715098,GAAGCTAGTACGCACC
7140,TTGGATTCAGTTAGCC,715119,GAAGCTAGTCCCTCTG
7141,TTGGCGGGTAACGTGC,715237,CGTGCCTCATTGAGGC
7142,TTGGCGGGTCCGGTTC,715352,CGTGCCTCAAGTAAAG
7143,TTGGCGGGTGGTTAGC,715445,CGTGCCTCAACCGTTT
7144,TTGGCTACAATAGCCC,715687,GCGTAAAGTTGAAGCA
7145,TTGGCTGAGCCGCTAA,716082,ACCCTGGTCAGTTTAC
7146,TTGGCTGAGCGAAGTA,716096,ACCCTGGTCAAATCGA
7147,TTGGCTGAGCGAGTAA,716099,ACCCTGGTCGGTCCAT
7148,TTGGCTGAGGAGCACG,716173,ACCCTGGTCTAGTTCG
7149,TTGGCTGAGGTCCAAT,716252,ACCCTGGTCCACAATT
7150,TTGGCTGAGTAGCGGG,716292,ACCCTGGTCTAACCGC
7151,TTGGCTTGTACTGAAT,716421,CCAGTTTCAAACCAGC
7152,TTGGCTTGTCAAAGAA,716461,CCAGTTTCATGTTGGA
7153,TTGGCTTGTTAGCAGC,716649,CCAGTTTCACATGCCC
7154,TTGGCTTGTTATCGAG,716666,CCAGTTTCATCCTGGC
7155,TTGGCTTGTTCGGGAT,716687,CCAGTTTCATGCATCT
7156,TTGGGCCAGCTAAGTC,716883,GACACCTTCTGGCTGT
7157,TTGGGCCAGGCATGTT,716961,GACACCTTCACCTATG
7158,TTGGGCCAGTTCCTCA,717125,GACACCTTCCTTAGTG
7159,TTGGGCGGTCAAGTGC,717232,AAAGGCGCATCCGCTA
7160,TTGGGCGGTCCTAGTT,717274,AAAGGCGCAATGTTCC
7161,TTGGGCGGTCTTTGAC,717302,AAAGGCGCAGTGTGCG
7162,TTGGGCGGTGCATTTC,717331,AAAGGCGCACCAGCTC
7163,TTGGGCGGTGGATTCA,717354,AAAGGCGCAGGTTCCC
7164,TTGGGCGGTTTCCGGC,717506,AAAGGCGCACCGTTCA
7165,TTGGGTTAGCGGCTGT,717643,GTGTGAGTCAGCGATG
7166,TTGGGTTAGTAAAGGT,717807,GTGTGAGTCTAAGCGG
7167,TTGGGTTAGTAGCGCC,717823,GTGTGAGTCTGTCAGC
7168,TTGGGTTAGTATTGTG,717832,GTGTGAGTCAGGAGCC
7169,TTGGTGAGTATTGGTG,717987,TACGGACCATCATGCT
7170,TTGGTGAGTATTGTGG,717989,TACGGACCAGTCTATC
7171,TTGGTGAGTGCGCAAT,718100,TACGGACCATAAGCCA
7172,TTGGTGAGTTACGCAA,718173,TACGGACCAAGGTATT
7173,TTGGTGAGTTGTCCAT,718250,TACGGACCATGGAGGA
7174,TTGGTGAGTTGTTGCT,718254,TACGGACCATGACATG
7175,TTGTAAGTCAGCACCA,718345,CGCAATGAGTGTTTGT
7176,TTGTAAGTCATGCTTT,718384,CGCAATGAGTGAGGCC
7177,TTGTAAGTCCTAGTTT,718482,CGCAATGAGGTCCGTT
7178,TTGTAAGTCTAGCTAA,718611,CGCAATGAGGAGGGTG
7179,TTGTCAAAGACACTTA,718692,ACTAGCCTCCTAAGCC
7180,TTGTCAAAGCACTTGG,718740,ACTAGCCTCTTGTTCC
7181,TTGTCAAAGTTAGTTG,719033,ACTAGCCTCTACCTGA
7182,TTGTCCATCACCTGCT,719096,AGTATTGAGGCGCGAT
7183,TTGTCCATCCCTCACG,719208,AGTATTGAGGCTTATT
7184,TTGTCCATCGCTAGAT,719313,AGTATTGAGAATGACC
7185,TTGTCCATCTCGCCCA,719398,AGTATTGAGAAGGAAT
7186,TTGTCCCAGATTGAGG,719490,TTAGCGCTCAAGCCAG
7187,TTGTCCCAGCCTTAAA,719545,TTAGCGCTCTGGTCTA
7188,TTGTCCGGTAACAGGG,719831,AATCGCACAAACCCAA
7189,TTGTCCGGTAGGTTTG,719889,AATCGCACACCAACAA
7190,TTGTCCGGTCAAGACC,719914,AATCGCACAGTGCAAC
7191,TTGTCCGGTCCAAGAC,719947,AATCGCACACTAGTAG
7192,TTGTCCGGTTAACAGT,720074,AATCGCACACGGATTA
7193,TTGTCCGGTTCTTTAG,720139,AATCGCACATTTGGCT
7194,TTGTGAGGTAGGTTTG,720271,GTTTGCTCACCAACAA
7195,TTGTGAGGTTATCCGT,720496,GTTTGCTCAAAGTCAT
7196,TTGTGAGGTTTACGTC,720561,GTTTGCTCAATCGTGA
7197,TTGTGCCTCAGCACCA,720645,GTAAACCAGTGTTTGT
7198,TTGTGCCTCATTACAG,720692,GTAAACCAGGACCATG
7199,TTGTGCCTCCTCCTAA,720791,GTAAACCAGAAGGGTA
7200,TTGTGCGAGCATGTCG,721051,TACTTCCTCCCTCGTC
7201,TTGTGCGAGGAACGCG,721137,TACTTCCTCCAGGATG
7202,TTGTGCGAGGAAGTAT,721141,TACTTCCTCTTGCTCT
7203,TTGTGTGCAAACGGGC,721365,GAAACATGTAGGTGAC
7204,TTGTGTGCAATCCTAG,721444,GAAACATGTGTGCGGA
7205,TTGTGTGCAATCGCAC,721446,GAAACATGTTACAACC
7206,TTGTGTGCACAATTAC,721476,GAAACATGTGGGTGTG
7207,TTGTGTGCAGATTCAT,721557,GAAACATGTTATTTGG
7208,TTGTGTGCATAAGGAC,721647,GAAACATGTACAATGG
7209,TTGTTCCCATACTCCT,722041,TTTCAAGGTCTTGGAT
7210,TTGTTCCCATGTTGGC,722094,TTTCAAGGTGCTTCCT
7211,TTGTTGCGTAATGGCC,722154,GGTGAAGCACTCCCTT
7212,TTGTTGCGTACGGGTT,722167,GGTGAAGCAGGCTCCT
7213,TTGTTGCGTATTCGCT,722200,GGTGAAGCAGGATGGA
7214,TTGTTGCGTGAGGTGA,722300,GGTGAAGCAAGCTCAA
7215,TTGTTGCGTGCTTTAC,722330,GGTGAAGCAGGAATAA
7216,TTGTTGCGTGTCCTGC,722354,GGTGAAGCATAGGTGC
7217,TTGTTGCGTGTGAGAG,722355,GGTGAAGCACCTCAAT
7218,TTGTTGCGTGTGAGGA,722356,GGTGAAGCAAGGACGA
7219,TTGTTGTTCGTGCTAG,722797,CTCGTTAAGGATGACT
7220,TTGTTTGGTAACAGGG,722897,GAGCAAGCAAACCCAA
7221,TTGTTTGGTTGTGATG,723236,GAGCAAGCAAGTCCTT
7222,TTTAACCTCAGCATTA,723331,GACATTAAGCGAAGTT
7223,TTTAACCTCAGGGCCT,723339,GACATTAAGCCGATAG
7224,TTTAACCTCATGTTTC,723375,GACATTAAGGCAATCG
7225,TTTAACCTCTCAATTC,723602,GACATTAAGCTTAGGG
7226,TTTAACCTCTTAGCGG,723635,GACATTAAGGGTCTAG
7227,TTTAACGAGCGGATTT,723776,TTAGCCATCCAAACTT
7228,TTTAACGAGCTCAAAC,723792,TTAGCCATCGGTAATA
7229,TTTAACGAGCTCCTAC,723796,TTAGCCATCTTAGCCA
7230,TTTAACGAGGCGCACT,723873,TTAGCCATCAATGTGA
7231,TTTAACGAGGGTTAGA,723908,TTAGCCATCCAGCTAC
7232,TTTAAGCCAACTCGCG,724083,ATTGAGGGTGCGCAAG
7233,TTTAAGCCAAGTTATC,724113,ATTGAGGGTTGGCCAC
7234,TTTAAGCCACCAGCAT,724181,ATTGAGGGTTCGGTAT
7235,TTTAAGCCACCAGGTT,724182,ATTGAGGGTTTGCTGG
7236,TTTAAGCCAGGTCCTG,724300,ATTGAGGGTCACGCAC
7237,TTTAAGCCATCCTAGA,724365,ATTGAGGGTTTGTCTT
7238,TTTAAGCCATTGACAT,724412,ATTGAGGGTCAATTGC
7239,TTTAAGGTCCGCCAAA,724592,TACCTCAAGCCTGGTT
7240,TTTAAGGTCCGCCTAT,724593,TACCTCAAGCTTGCAC
7241,TTTAAGGTCCGGTTAG,724600,TACCTCAAGGGTCCAA
7242,TTTAAGGTCCTGATTT,724632,TACCTCAAGCACAGCA
7243,TTTAAGGTCGCGACAC,724677,TACCTCAAGCAGGTTG
7244,TTTACGAAGCAAACCT,724859,CAAGTAATCGGTTCAC
7245,TTTACGAAGGCTACAT,725034,CAAGTAATCTTTAAGC
7246,TTTACGAAGTTTGGGT,725192,CAAGTAATCATAACGA
7247,TTTACGCGTGGACATC,725401,TTACTCACAATGAAGA
7248,TTTACGCGTTAATCGG,725451,TTACTCACAGTGCACG
7249,TTTAGCAAGCCGCTTT,725667,CAATAAGTCCTGGATC
7250,TTTAGCTTCACTTCAT,726010,GCTGATGAGTGTCCAC
7251,TTTAGCTTCATAACCA,726031,GCTGATGAGGCTTTCA
7252,TTTAGCTTCCCGCCTA,726105,GCTGATGAGCCTAGTC
7253,TTTAGCTTCCTAGTCC,726151,GCTGATGAGCGAAGCC
7254,TTTAGCTTCGGTTAGT,726238,GCTGATGAGTCATGAA
7255,TTTAGCTTCTAGCTTT,726282,GCTGATGAGGGAGTAA
7256,TTTAGGATCAAACCGT,726346,GTCATGGAGCTAACTT
7257,TTTAGGATCATCAGTA,726423,GTCATGGAGCTTAGCC
7258,TTTAGGATCCAGGTTG,726477,GTCATGGAGTCATGCC
7259,TTTAGGATCTAACCAA,726648,GTCATGGAGGCTTAGG
7260,TTTATGGAGCTAATCA,726854,CTGGCTGTCGCGCTCA
7261,TTTATGGAGTAGGCGG,727031,CTGGCTGTCCCGCTGA
7262,TTTCACCCACCAAAGG,727248,CGCCTAAGTTTCCAAA
7263,TTTCACCCACCTGCCT,727268,CGCCTAAGTATATTCG
7264,TTTCACCCAGGTTAAA,727371,CGCCTAAGTTAACACC
7265,TTTCACCCATGACTAT,727446,CGCCTAAGTTAGCTCG
7266,TTTCAGTTCCACAATA,727621,TAACACAAGGCGTAAT
7267,TTTCAGTTCTTCAATC,727862,TAACACAAGAAGCTAC
7268,TTTCATCAGACTTACA,727905,GACAAGTTCGCTTGCG
7269,TTTCATCAGGATCCGC,728072,GACAAGTTCAGGTCGA
7270,TTTCCACCACCGGCTA,728409,TTGTTGAGTCTGTGCA
7271,TTTCCGGGTCAAGTAT,728737,GTCCAAACATGACAGC
7272,TTTCCGGGTGCTGGTG,728848,GTCCAAACAAGTGCAC
7273,TTTCCGGGTTATCCTA,728937,GTCCAAACAGGCATTA
7274,TTTCCGGGTTTGGGCG,729025,GTCCAAACAAGGTGTC
7275,TTTCCTGAGACAGGTA,729050,ACATTGTTCATCAGCC
7276,TTTCCTGAGCAAGGGT,729085,ACATTGTTCAGAAAGG
7277,TTTCCTGAGCAGGTGG,729100,ACATTGTTCGCGACTT
7278,TTTCCTGAGGAACCGG,729192,ACATTGTTCCTAACCA
7279,TTTCCTGAGGAGCATA,729212,ACATTGTTCCGTAAGG
7280,TTTCCTGAGTAGCGGG,729330,ACATTGTTCTAACCGC
7281,TTTCCTGAGTTAGGCT,729387,ACATTGTTCAAACTGA
7282,TTTCGTCCAACTGGGA,729457,CTACTAAGTGCTCATG
7283,TTTCGTCCAAGTGTTT,729484,CTACTAAGTGATGCAA
7284,TTTCGTCCACAGGGAC,729543,CTACTAAGTAAACCGA
7285,TTTCGTCCAGGAAGCC,729647,CTACTAAGTGCGATTT
7286,TTTCGTCCAGTTATCG,729692,CTACTAAGTTTATTCC
7287,TTTCGTCCATAATCAC,729706,CTACTAAGTAGGAGGA
7288,TTTCGTCCATCCCGCT,729734,CTACTAAGTGTGAGTA
7289,TTTCTCACAAACGGGC,729805,TGCAATCGTAGGTGAC
7290,TTTCTCACAACACTTG,729824,TGCAATCGTGTTACAC
7291,TTTCTCACATAGACCC,730098,TGCAATCGTAAAGGTT
7292,TTTCTTGCAATCTCTC,730271,CCCTTTAGTGAGGGTT
7293,TTTCTTGCACAATACT,730297,CCCTTTAGTTTCTCAT
7294,TTTCTTGCAGCAACAG,730383,CCCTTTAGTAATCCAC
7295,TTTCTTGCATTGTGGC,730562,CCCTTTAGTGCTTCGA
7296,TTTGACCGTTCATTTG,730865,TTGTGAGCAAGGCTTA
7297,TTTGACCGTTTGGCTT,730942,TTGTGAGCAATCTCTA
7298,TTTGACTTCCTGGTCT,731157,ACTAGGTAGGTTGTAA
7299,TTTGACTTCGGTCAGC,731223,ACTAGGTAGGCAATAC
7300,TTTGACTTCTCACTAT,731280,ACTAGGTAGGGAGCAG
7301,TTTGACTTCTCCTCAA,731285,ACTAGGTAGCGCTAAG
7302,TTTGAGTCATGTCAAT,731679,CCAGCTAGTTGCGAGG
7303,TTTGCATTCAAGGACA,731730,TACGGATAGTTTCACG
7304,TTTGCATTCCTAATAG,731902,TACGGATAGGTCACGA
7305,TTTGCATTCTGTGCAG,732069,TACGGATAGCGGTTAG
7306,TTTGCGACAACACCTA,732125,ATGTGAGGTTTCCTCA
7307,TTTGCGACAATTGACT,732202,ATGTGAGGTAAGGTGC
7308,TTTGCGACACAGGAAT,732227,ATGTGAGGTTGTCAGT
7309,TTTGCGACACCTGGTG,732258,ATGTGAGGTTAATCCA
7310,TTTGCGACAGTTTCTC,732382,ATGTGAGGTCACGATT
7311,TTTGCGACATTGTGTG,732481,ATGTGAGGTTAAAGCG
7312,TTTGCGGAGTTACTTC,732836,GCTTCGGTCCATTACG
7313,TTTGGCTGTTAACGGC,733118,GGACTTACACTTAGGA
7314,TTTGGCTGTTGTGATG,733212,GGACTTACAAGTCCTT
7315,TTTGGCTGTTTAGCTC,733224,GGACTTACAGCAAGCT
7316,TTTGGTAAGACTTACA,733275,AGATAGCTCGCTTGCG
7317,TTTGGTAAGGCACAGG,733450,AGATAGCTCGCTCAAC
7318,TTTGGTAAGGGACTAA,733486,AGATAGCTCCGCCTAG
7319,TTTGGTAAGGGATGAC,733487,AGATAGCTCACAGCAG
7320,TTTGGTAAGGTAACGA,733502,AGATAGCTCATGCGGA
7321,TTTGGTGCAATAGTCT,733714,CTTGTTTGTGTCCTGA
7322,TTTGGTGCAATGAATG,733725,CTTGTTTGTCATCACG
7323,TTTGGTGCAATTGCGC,733738,CTTGTTTGTACTAACC
7324,TTTGGTGCAGCATTAT,733848,CTTGTTTGTTGAGGGT
7325,TTTGTCCCAAATTGCT,734041,GATTGCTGTAAGTACG
7326,TTTGTCCCAAGGTATA,734079,GATTGCTGTGAACAAT
7327,TTTGTCTAGACTTATG,734428,TGTCAATTCGCTTGAC
7328,TTTGTCTAGCCGCAAC,734490,TGTCAATTCTTTGGGC
7329,TTTGTCTAGGGACCTC,734636,TGTCAATTCCGTTATG
7330,TTTGTCTAGGGACGCA,734637,TGTCAATTCCACCCTC
7331,TTTGTCTAGGGACTAA,734638,TGTCAATTCCGCCTAG
7332,TTTGTCTAGTAAGAAC,734692,TGTCAATTCCTTCAAG
7333,TTTGTCTAGTAGCGGG,734702,TGTCAATTCTAACCGC
7334,TTTGTCTAGTCTCACC,734731,TGTCAATTCGCGCAAA
7335,TTTGTGAAGAATGACG,734797,GTAGGTGTCCCACCCT
7336,TTTGTGAAGCACCACA,734847,GTAGGTGTCTAACTGT
7337,TTTGTGGCAGGTTAAA,735429,GTTTGGTGTTAACACC
7338,TTTGTGTTCATGAGCT,735641,GTTCTCAAGAGGAATG
7339,TTTGTGTTCCCTCATA,735706,GTTCTCAAGACAGGTT
7340,TTTGTGTTCTTAGGGT,735917,GTTCTCAAGCATTAAG
7341,TTTGTGTTCTTGCATT,735927,GTTCTCAAGTGCGGGT
7342,TTTGTTGGTCAGGAAG,736041,CGTACTTCAGGTATTG
7343,TTTGTTGGTCCTAAGA,736068,CGTACTTCAGCTACCC
7344,TTTGTTGGTCGACTCC,736079,CGTACTTCAGTGTGAC
7345,TTTGTTGGTGATCAGC,736113,CGTACTTCAGCCAAAC
