,v_sample_bc_gex,cellrangerARC_line_ID,v_sample_bc_atac
1,AAACAGCCAACCCTCC,32,ACAGCGGGTTCCATTT
2,AAACAGCCACACTAAT,121,ACAGCGGGTTCACCTC
3,AAACAGCCAGCAAATA,200,ACAGCGGGTTGCGTGC
4,AAACAGCCATTCCTCG,368,ACAGCGGGTTGGTGAA
5,AAACATGCAGTATGTT,655,CATTTAGGTGCAGTAA
6,AAACATGCATTGTGTG,765,CATTTAGGTTAAAGCG
7,AAACCAACAAATTGCT,791,CTTTATCGTAAGTACG
8,AAACCAACAACCGCCA,801,CTTTATCGTTGACCGC
9,AAACCAACAGGCCAAA,1012,CTTTATCGTTGAGGTA
10,AAACCAACAGGCTACT,1018,CTTTATCGTTTGTAGC
11,AAACCAACAGTAGGAT,1037,CTTTATCGTGGATGCG
12,AAACCGAAGTAGGATG,1454,TGACTATTCTAGTTAC
13,AAACCGAAGTTCCTGC,1520,TGACTATTCCGTCAAC
14,AAACCGAAGTTGGCCA,1524,TGACTATTCCTTATGG
15,AAACCGCGTCATAACG,1643,AATAGCTCACCAGCCT
16,AAACCGCGTCTCACTG,1690,AATAGCTCAAGGGAGC
17,AAACCGCGTTTATGGG,1896,AATAGCTCACTGTCAT
18,AAACCGGCAAAGCTCC,1934,ATTGACCGTCATGATC
19,AAACCGGCAAGGGTTG,1976,ATTGACCGTCCTCCTG
20,AAACCGGCACTAAGTT,2091,ATTGACCGTTGCTTCC
21,AAACGCGCAACAGGAT,2330,ATAACCCGTAGTTACC
22,AAACGCGCAGCTCATA,2528,ATAACCCGTTCAAGCT
23,AAACGCGCAGTCTATG,2576,ATAACCCGTTGACCAT
24,AAACGGATCTCGCCCA,3026,GAGGCCTAGAAGGAAT
25,AAACGTACACTCAACA,3247,GCGCTTAGTTAACCAC
26,AAACGTACAGCCGCTA,3287,GCGCTTAGTGTCCGTA
27,AAACGTACATGAGCAG,3405,GCGCTTAGTCATAACC
28,AAAGCAAGTATACTGG,3523,ACAGGCTCACAGCAAC
29,AAAGCAAGTCACGAAC,3554,ACAGGCTCATGAGGAG
30,AAAGCACCAAGGTGCA,3900,AGGGTTAGTGCGTAAA
31,AAAGCACCAATAACCT,3908,AGGGTTAGTCGAGGCA
32,AAAGCACCACCATATG,3977,AGGGTTAGTAATTGGG
33,AAAGCCCGTAGGTTGC,4282,CAGTTTCCAATAAACC
34,AAAGCCCGTCCTTAGT,4355,CAGTTTCCACTTAGCT
35,AAAGCCCGTTGAGCCG,4537,CAGTTTCCAGCAAATT
36,AAAGCCGCAAGGACCA,4657,AGAGGGAGTAACCGCC
37,AAAGCCGCATCCTAGA,4925,AGAGGGAGTTTGTCTT
38,AAAGCGGGTAGCTGCG,5042,TTGTGTCCAGGTTTGA
39,AAAGCGGGTCTATCGT,5139,TTGTGTCCAGTGAACC
40,AAAGCGGGTCTTTGAC,5146,TTGTGTCCAGTGTGCG
41,AAAGCGGGTGGCTTCC,5200,TTGTGTCCAGCATTAG
42,AAAGCTTGTATTGTCC,5448,TCCTCAGCATTAGTGG
43,AAAGCTTGTCAGGAAG,5471,TCCTCAGCAGGTATTG
44,AAAGCTTGTGGACATC,5575,TCCTCAGCAATGAAGA
45,AAAGCTTGTTTCGCCA,5734,TCCTCAGCATAACGAT
46,AAAGGACGTAATCGGC,5774,AATTAGCCAGTTTGCT
47,AAAGGAGCAAACCTTG,6137,GAACGGTGTCCTCCAT
48,AAAGGAGCAATGCCCG,6225,GAACGGTGTTGAGTCT
49,AAAGGAGCACATTAAC,6266,GAACGGTGTTCACGCA
50,AAAGGAGCACCTGCTC,6289,GAACGGTGTACACCGC
51,AAAGGAGCAGGCTACT,6382,GAACGGTGTTTGTAGC
52,AAAGGAGCAGGTTTGC,6395,GAACGGTGTTCCAGAT
53,AAAGGTTAGCTACTGG,7028,GTTTAGTTCGTGATGG
54,AAAGGTTAGGCTGTGC,7131,GTTTAGTTCCGCTGTG
55,AAAGGTTAGTCTGGGC,7230,GTTTAGTTCCCAGTAC
56,AAATCCGGTATTGCAG,7361,CATGCAACAAGGAAGT
57,AAATCCGGTCACCAAA,7382,CATGCAACAATGAGCC
58,AAATCCGGTGCTTAGA,7487,CATGCAACAAGGTGCT
59,AAATCCGGTTAGGACC,7562,CATGCAACACGCTAGG
60,AAATGCCTCAAATCGC,7672,GATTCTTAGCGAGTTG
61,AAATGGCCAAGACTCC,8094,CAGGTAAGTATGGTGA
62,AAATGGCCAAGGTCCT,8112,CAGGTAAGTTTGGCTG
63,AAATGGCCAGCGCTTG,8271,CAGGTAAGTGGACAAC
64,AACAAAGGTACCTTAC,8472,TAGTGTGCATTTCGCG
65,AACAAAGGTCAGGAAG,8537,TAGTGTGCAGGTATTG
66,AACAAAGGTGTTAAAC,8669,TAGTGTGCACCGGTAG
67,AACAAAGGTTAATCGG,8691,TAGTGTGCAGTGCACG
68,AACAAAGGTTTGGGCG,8811,TAGTGTGCAAGGTGTC
69,AACAAGCCAATAGCCC,8895,CAACTACGTTGAAGCA
70,AACAAGCCAATGCGCT,8911,CAACTACGTTTCACCC
71,AACAGATAGGGATGCG,9438,AGCACCTTCCGAAACG
72,AACAGATAGTAACGAG,9487,AGCACCTTCTATCGGC
73,AACAGCAAGATGGACA,9629,GTCACACTCTCAAGAA
74,AACAGCAAGTGACCTG,9920,GTCACACTCTAGGCGA
75,AACAGGATCATCACTT,10046,GCCTCATAGCAATACA
76,AACAGGATCGACCTGA,10196,GCCTCATAGTTTGACT
77,AACAGGATCGCTAGCA,10224,GCCTCATAGCCAGGAC
78,AACATAGCATGCTATG,10692,AACAAGTGTCACCAGC
79,AACATAGCATTGACAT,10722,AACAAGTGTCAATTGC
80,AACATCATCAAGTGAG,10751,AACGCGCAGCAGCTCT
81,AACATCATCCCGCATT,10880,AACGCGCAGTTAGGCG
82,AACATCATCCGGTTGA,10911,AACGCGCAGTGGCCAA
83,AACATCATCGAAGTGA,10962,AACGCGCAGGATTGCG
84,AACATCATCGCTAGTG,10993,AACGCGCAGGTCGAGC
85,AACATTGTCGGGCCAT,11391,CTATTACAGCATATTC
86,AACATTGTCTAATCTC,11433,CTATTACAGCTACCTA
87,AACCCGCAGCCTGTTC,11606,CGTAACCTCGACATTT
88,AACCCGCAGCGATACT,11613,CGTAACCTCAGCTATT
89,AACCCGCAGCGGCTGT,11623,CGTAACCTCAGCGATG
90,AACCCGCAGCTACTGG,11632,CGTAACCTCGTGATGG
91,AACCCGCAGCTGGACC,11648,CGTAACCTCCGCACCA
92,AACCGCTCATGGTTAT,12234,GCTACTGGTCATTATG
93,AACCGGCTCGCTTCTA,12534,GCTAAGTAGGATTGGT
94,AACCGGCTCTTACTCG,12631,GCTAAGTAGAGGGACG
95,AACCTAATCCCTTGCG,12816,CAGCATGAGCTTGTTG
96,AACCTAATCGCGCTAA,12908,CAGCATGAGCGCTAGA
97,AACCTAATCTAATTGG,12970,CAGCATGAGCTATCGC
98,AACCTCACAGGAACCA,13271,CTTAGCGGTTATGTTG
99,AACCTCCTCAAACCGT,13426,AATCATGAGCTAACTT
100,AACCTCCTCCGTCCAT,13601,AATCATGAGGCAACAT
101,AACCTCCTCGAGGAGT,13656,AATCATGAGTTCGCGT
102,AACCTCCTCGCTCCAT,13685,AATCATGAGATAGACC
103,AACCTCCTCTCAATAG,13750,AATCATGAGGGCTAAT
104,AACCTTAAGGGCCATC,14049,GTTAATCTCACCCTCC
105,AACCTTAAGTCACTAA,14122,GTTAATCTCGATTATC
106,AACCTTGCAAACGGGC,14199,GCACAAAGTAGGTGAC
107,AACCTTGCAATCCTGA,14279,GCACAAAGTAGACAAT
108,AACCTTGCATTAGGCC,14553,GCACAAAGTGTCCGGT
109,AACGACAAGGTAAGGC,14830,CAAGGTGTCCCTCGCT
110,AACGACAAGGTGAGAC,14846,CAAGGTGTCCAGGACA
111,AACGCCCAGGACCTTG,15136,TTGCCTTTCCACTAAT
112,AACGCCCAGTCCTTCA,15284,TTGCCTTTCTCAGCTA
113,AACGCTAGTGACCTGG,15511,GGCCTTCCATAGCTTC
114,AACGCTAGTTCATTTG,15643,GGCCTTCCAAGGCTTA
115,AACGGTAAGCATTTCT,15807,AGTAGGTTCCAAATTC
116,AACGGTAAGCCTGTTC,15828,AGTAGGTTCGACATTT
117,AACGGTAAGTTAGCTA,16082,AGTAGGTTCGATATTC
118,AACTACTCACTTAACG,16293,GCCATCAGTAAGTCCT
119,AACTACTCATGAAATG,16440,GCCATCAGTACTGACT
120,AACTAGCTCCGTCCAT,16671,GACGAGGAGGCAACAT
121,AACTAGCTCCTTGCAC,16714,GACGAGGAGAGCAATC
122,AACTAGCTCGCAATCG,16737,GACGAGGAGCCGCAAA
123,AACTAGTGTACCTTAC,16916,CAACGGTCATTTCGCG
124,AACTAGTGTCGCAATA,17021,CAACGGTCACATTACC
125,AACTCACAGCAAACCT,17309,GCTTCAATCGGTTCAC
126,AACTCACAGCCTGATG,17359,GCTTCAATCAGGTTGG
127,AACTCACAGCTATTAG,17392,GCTTCAATCATTTGGT
128,AACTCACAGTGAGCGG,17599,GCTTCAATCATCACAT
129,AACTGTTCAAGGACCA,17699,AGGTATGGTAACCGCC
130,AACTGTTCACAACAAA,17755,AGGTATGGTTACGAAG
131,AACTGTTCACCAGCAT,17783,AGGTATGGTTCGGTAT
132,AAGAACAGTCATTACC,18528,AAACGGGCAGTTGGCG
133,AAGAACAGTGTGAGAG,18641,AAACGGGCACCTCAAT
134,AAGAACAGTTGGATCA,18743,AAACGGGCATCCTTAA
135,AAGAATCAGGTCATTA,19053,TAATCCGTCATTGAGA
136,AAGAATCAGTACTGGT,19090,TAATCCGTCACAGATA
137,AAGAATCAGTTTCCTG,19173,TAATCCGTCACGGATG
138,AAGACAAGTAATCCCT,19200,GTTGCTTCAGCCTGAG
139,AAGACAAGTAATTAGC,19207,GTTGCTTCAGTTGGGT
140,AAGACAAGTTTCGCGC,19545,GTTGCTTCACCTGGTC
141,AAGACATAGAGGAGTC,19596,AACGGTGTCTACTAAC
142,AAGACATAGTCACTAA,19874,AACGGTGTCGATTATC
143,AAGACCAAGACTCGCA,19968,GATGGATTCTAGGATA
144,AAGACCAAGGTAAGGC,20198,GATGGATTCCCTCGCT
145,AAGACCAAGTGAGCGG,20283,GATGGATTCATCACAT
146,AAGCAAGTCGATATTG,20563,CGACCTTAGATTCTGT
147,AAGCAAGTCTTAGTCT,20692,CGACCTTAGATTGAGC
148,AAGCATGAGGAGCATA,20894,ACCTGGTTCCGTAAGG
149,AAGCATGAGTGGCGGA,21058,ACCTGGTTCCTGTTAG
150,AAGCATGAGTTGTCTT,21088,ACCTGGTTCAAGGTGT
151,AAGCCACGTGTAACCA,21319,ACCAAATCATAGCATG
152,AAGCCTCCAAAGCGGC,21492,AGCTTTAGTGGATTAG
153,AAGCCTCCATGTCAAT,21825,AGCTTTAGTTGCGAGG
154,AAGCCTGTCCGCAAAT,22023,TGAAGGAAGACCAGGC
155,AAGCCTGTCTAATCAG,22173,TGAAGGAAGTATTGGA
156,AAGCCTTAGACTAAGG,22268,TGCTAATTCACAATAG
157,AAGCCTTAGCTTAGTA,22398,TGCTAATTCCGCTAAC
158,AAGCCTTAGGCCCAGT,22454,TGCTAATTCAATCCAT
159,AAGCCTTAGTAAGAAC,22536,TGCTAATTCCTTCAAG
160,AAGCGAGGTACGGTAC,23056,CAAGGCTCATAAAGGA
161,AAGCGAGGTGTCACGG,23239,CAAGGCTCATAGCTAG
162,AAGCGCTGTAACGGGA,23406,GGTTGCGCACTGGCAG
163,AAGCGCTGTCCAAGAC,23517,GGTTGCGCACTAGTAG
164,AAGCGCTGTGCATTTC,23585,GGTTGCGCACCAGCTC
165,AAGCGCTGTGCGCATG,23589,GGTTGCGCACAACATG
166,AAGCGCTGTTGCAGTA,23718,GGTTGCGCAGTTGCAA
167,AAGCGGGTCCATAAGC,23912,GTCCGTTAGGAGCTTG
168,AAGCGGGTCCATCAGG,23914,GTCCGTTAGGCTAAAC
169,AAGCGGGTCTTAAGTG,24135,GTCCGTTAGGTTATCT
170,AAGCGGGTCTTCAATC,24144,GTCCGTTAGAAGCTAC
171,AAGCGTTTCCGCCTAT,24329,GGGATGGAGCTTGCAC
172,AAGCGTTTCTAATCTC,24475,GGGATGGAGCTACCTA
173,AAGCTAGAGACAGGTA,24566,CGTTACATCATCAGCC
174,AAGCTAGAGCAAGGGT,24601,CGTTACATCAGAAAGG
175,AAGCTAGAGGCTAGAA,24772,CGTTACATCACAGCCT
176,AAGCTATGTAGGTTGC,24992,TGTGCAACAATAAACC
177,AAGCTATGTGGGAACA,25145,TGTGCAACAGGATCAC
178,AAGCTATGTTGCTTCG,25259,TGTGCAACAGAGAGCA
179,AAGCTATGTTTCCTCC,25295,TGTGCAACATCCTGCA
180,AAGCTCCCAAATTCGT,25334,AGTAAGTGTACTTATG
181,AAGCTCCCAAGGACCA,25367,AGTAAGTGTAACCGCC
182,AAGCTCCCAATTTAGC,25417,AGTAAGTGTTATATCG
183,AAGCTCCCATTAGCCA,25671,AGTAAGTGTCCATTAA
184,AAGCTTGGTACAATGT,25727,CGCTAAACACTCAATC
185,AAGCTTGGTTATCCTA,25985,CGCTAAACAGGCATTA
186,AAGCTTGGTTTAGCTC,26052,CGCTAAACAGCAAGCT
187,AAGGAAGCAGAGAGCC,26273,AGACTAGGTAGCTGTT
188,AAGGATCCAAGCTACC,26513,CGATTACGTGGCTTCA
189,AAGGATCCACTCGCTC,26640,CGATTACGTTGTTCCC
190,AAGGATCCATAAGTCT,26752,CGATTACGTCATGCCA
191,AAGGATCCATTAAGTC,26820,CGATTACGTGAGACTA
192,AAGGATGTCATCCACC,26926,TCCTTAGAGGTTCCGT
193,AAGGATGTCCGTTAAA,27025,TCCTTAGAGTAACCGG
194,AAGGATGTCCTCACAC,27039,TCCTTAGAGCACCTTA
195,AAGGATGTCGTTAACA,27137,TCCTTAGAGAAACCGT
196,AAGGATTAGAGAAGGG,27257,ACGTCACTCCCAAAGG
197,AAGGATTAGCGATACT,27339,ACGTCACTCAGCTATT
198,AAGGATTAGTTAGTGC,27588,ACGTCACTCGTGCTTA
199,AAGGCCCTCATTACGA,27717,TACTGTTAGGCACTAG
200,AAGGCCCTCGAGGTGG,27847,TACTGTTAGTAAGTCA
201,AAGGCCCTCGATATTG,27849,TACTGTTAGATTCTGT
202,AAGGTATAGCGGGCAA,28118,CTCAATGTCCCTCACC
203,AAGGTCAAGCACAGCC,28441,ACCGAAGTCCTCAGTA
204,AAGGTCAAGCTATGAC,28513,ACCGAAGTCTAACCCA
205,AAGGTCAAGCTGAGGG,28523,ACCGAAGTCCGGATTC
206,AAGGTCAAGTCAATCA,28691,ACCGAAGTCCACGTTA
207,AAGGTGCAGGTGAAAT,29034,TCCTGAATCTCAATCG
208,AAGGTGCAGTGAAGTG,29101,TCCTGAATCCTGATAT
209,AAGTAGCCAAAGGTAC,29168,CTTTGTTGTAGCTAAG
210,AAGTAGCCAAGGAATC,29204,CTTTGTTGTCAACCGC
211,AAGTAGCCAAGGTGCA,29214,CTTTGTTGTGCGTAAA
212,AAGTCTATCAAGTGTC,29550,CAAAGTCAGCAAGTCG
213,AAGTCTATCATGCGTG,29625,CAAAGTCAGCTAATCT
214,AAGTCTATCCAAGTTA,29656,CAAAGTCAGCTAATAG
215,AAGTCTATCCAGGGAG,29665,CAAAGTCAGTTATTGC
216,AAGTCTATCCTTTACG,29757,CAAAGTCAGCGCAAAT
217,AAGTCTATCGTTTCGC,29835,CAAAGTCAGCACTTGC
218,AAGTGAAGTACCGAAC,29952,CTCTAACCACAAAGCC
219,AAGTGAAGTGCGCGTA,30112,CTCTAACCAAGTGCCG
220,AAGTGAAGTGGCTTCC,30132,CTCTAACCAGCATTAG
221,AAGTGAAGTTAGGCGT,30198,CTCTAACCATACTGAG
222,AAGTGCAAGACTTATG,30326,GCGCAAATCGCTTGAC
223,AAGTGCAAGGATTTGC,30496,GCGCAAATCATTACAC
224,AAGTGCAAGTGAGGGT,30640,GCGCAAATCGCAACCT
225,AAGTGTTGTCCTTCTC,30821,TGCGCCTCAATTAGCG
226,AAGTGTTGTGCCTCAC,30875,TGCGCCTCAATAGAGA
227,AAGTTACGTCAGTAAT,31172,TCGCTCACAACCAAAT
228,AAGTTACGTCATGAGC,31179,TCGCTCACAAGGCCTG
229,AAGTTACGTGTTTGAG,31309,TCGCTCACATAGACTG
230,AAGTTACGTTAGGACC,31344,TCGCTCACACGCTAGG
231,AAGTTAGCACCGTTCC,31595,CCTGTGAGTTAGTGCT
232,AAGTTAGCAGCCTGCA,31667,CCTGTGAGTTTCTAAG
233,AAGTTTGTCATTTGCT,31948,AGGGTGGAGCTTTAGT
234,AAGTTTGTCGAGGTGG,32065,AGGGTGGAGTAAGTCA
235,AATAACCGTATTACCC,32289,ACGCACGCACCTTAGT
236,AATAACCGTTGTAAAC,32555,ACGCACGCAAATCCCT
237,AATACCGGTTTAAAGC,32947,TGATGGCCACGGATCG
238,AATACCGGTTTGCAGA,32969,TGATGGCCAAGGAATA
239,AATACCGGTTTGGGTA,32976,TGATGGCCACATAGCA
240,AATAGAGGTGTGCACG,33212,TCCATTACAATACCCT
241,AATAGAGGTTAAGCGC,33232,TCCATTACAACCGCTC
242,AATAGAGGTTGGTTGA,33318,TCCATTACATGACCAA
243,AATAGAGGTTTAACCC,33330,TCCATTACATTAGCGA
244,AATAGCTGTGAGCGAA,33534,TACCGAACAAGTGGCT
245,AATAGCTGTTACAAAC,33622,TACCGAACATTAGCAG
246,AATAGCTGTTAGGACC,33640,TACCGAACACGCTAGG
247,AATAGCTGTTCATCTA,33660,TACCGAACAGGTAAGG
248,AATATCCCAAACTCAT,33753,GTAGGCGGTCAGTGCC
249,AATATCCCACAAGCCT,33858,GTAGGCGGTTCATTGA
250,AATATCCCAGCAATAA,33950,GTAGGCGGTACGTTTA
251,AATCAGGAGAGGAGGA,34163,CTGAGTCTCTAGCCAC
252,AATCATCCAAGCCACT,34558,ACCTTAAGTTTACCGG
253,AATCATCCACTTCACT,34698,ACCTTAAGTGCGTACC
254,AATCATGTCCGGTTAG,35070,ATCGCCTAGGGTCCAA
255,AATCCATCAAGATTCT,35325,GAATCAGGTTATGGAG
256,AATCCATCACATTGCA,35415,GAATCAGGTTAAGTGG
257,AATCCATCAGCTAACC,35502,GAATCAGGTATGGTCT
258,AATCCCTGTAAGGTTT,35681,GGCTTAACAAGGTGGA
259,AATCCCTGTCATTACC,35780,GGCTTAACAGTTGGCG
260,AATCCCTGTGATTTGG,35846,GGCTTAACACTAAGGC
261,AATCCGTAGGTGAAGC,36315,TGGCGAATCATAGCCC
262,AATCCGTAGTATTGTG,36354,TGGCGAATCAGGAGCC
263,AATCCTAAGGACCTCA,36604,CGCCTAGTCAGGAATC
264,AATCGCCCACGAATCC,36975,CATAGCTGTAACCTTA
265,AATCTCAAGAACCTAC,37203,TTCCGGGTCATTAACC
266,AATCTCAAGCAAGGAC,37252,TTCCGGGTCGCGAAAT
267,AATCTCAAGTTAGACC,37551,TTCCGGGTCCCGGATT
268,AATCTTGAGTAAAGGT,37865,AACGTAATCTAAGCGG
269,AATCTTGAGTCATTAG,37902,AACGTAATCATTAAGG
270,AATCTTGAGTTATTCC,37946,AACGTAATCATGAAGC
271,AATCTTGAGTTCCTCA,37949,AACGTAATCCTTAGTG
272,AATCTTGAGTTTGTCT,37966,AACGTAATCCTCATGA
273,AATGAAGGTTAGAGGG,38238,CTTGGTTCAAGGATGG
274,AATGAAGGTTGCCTCA,38290,CTTGGTTCAGGTTACA
275,AATGAAGGTTTGAGGC,38336,CTTGGTTCACCAAAGC
276,AATGCAACAATATAGG,38430,GCTTAGTGTTACGTAC
277,AATGCAACAGGAACAT,38578,GCTTAGTGTGCGGTTC
278,AATGCAACAGGACCAA,38584,GCTTAGTGTATTCGGT
279,AATGCAACATTGTCAG,38724,GCTTAGTGTTTAATCG
280,AATGCATGTCTATCGT,38885,TAGCTAGCAGTGAACC
281,AATGCATGTGGACCTG,38940,TAGCTAGCACAATAAC
282,AATGCATGTTGGATAT,39062,TAGCTAGCAATGTCAG
283,AATGCGCGTCAAGTGC,39204,ATGTTCCCATCCGCTA
284,AATGCGCGTCCTTCTC,39251,ATGTTCCCAATTAGCG
285,AATGCGCGTGAGCAAG,39284,ATGTTCCCATCTATGC
286,AATGGCGCAGCTTACA,39724,AGTGCCCGTTAGGTTC
287,AATGGCGCAGGCTAAG,39745,AGTGCCCGTGGTTAGA
288,AATGGCGCAGGTTATT,39757,AGTGCCCGTTTGGTGT
289,AATGGCGCATAATGTC,39792,AGTGCCCGTGCAAGTA
290,AATGTCATCAGCACGC,39936,CTGTTGCAGTTATGGA
291,AATGTCCAGGCATTAC,40468,TACCTAGTCAAAGGGA
292,AATTACCCACCTATAG,40800,CCGGTTAGTAACGAGC
293,AATTACCCAGGACCAA,40884,CCGGTTAGTATTCGGT
294,AATTACCCATGTCAAT,40995,CCGGTTAGTTGCGAGG
295,AATTAGCGTCTATCGT,41185,AAGCTTGCAGTGAACC
296,AATTAGCGTGAAACAA,41193,AAGCTTGCACACTAAG
297,AATTAGGCAGCATGTC,41627,GGGCAATGTTACTTAG
298,AATTAGGCATAGTCAT,41722,GGGCAATGTGTACCGC
299,AATTCGTCAAGTAAGC,41864,AGTTACCGTTAGCGTT
300,AATTCGTCAATTGAAG,41899,AGTTACCGTAGTCCTG
301,AATTCGTCACACTAAT,41919,AGTTACCGTTCACCTC
302,AATTCGTCACTTACAG,41982,AGTTACCGTGACCTTG
303,AATTCGTCAGCTTAGC,42027,AGTTACCGTCTATCTT
304,AATTCGTCAGTCTAGC,42071,AGTTACCGTATAGTGG
305,AATTCGTCAGTTATCG,42076,AGTTACCGTTTATTCC
306,AATTCGTCATGTTGGC,42150,AGTTACCGTGCTTCCT
307,AATTCGTCATTGGGAG,42173,AGTTACCGTGTCCACA
308,AATTGACGTGTTAGCA,42418,CTTACCGCAAGTTAGT
309,AATTGCCAGCAATAGG,42621,GGATCAGTCACTAAGA
310,AATTGCCAGCTAAGTC,42689,GGATCAGTCTGGCTGT
311,AATTGCCAGCTTAACA,42713,GGATCAGTCCGTTAGC
312,AATTGCCAGGACCTCA,42738,GGATCAGTCAGGAATC
313,AATTGCCAGGACCTTG,42740,GGATCAGTCCACTAAT
314,AATTGCCAGGATTGAG,42758,GGATCAGTCAGGTTCC
315,AATTGCCAGTACCGCA,42859,GGATCAGTCGTTGTCA
316,AATTGCTCAGAATGAC,43141,AAGGTATGTCTTAGCG
317,AATTGCTCATGCATAT,43287,AAGGTATGTAATGGTG
318,AATTGGACAGATAGAC,43530,TAGTTTGGTTAAAGGT
319,AATTGGACATCAGTAT,43647,TAGTTTGGTTTGAGGA
320,AATTGGGAGGCCTAAT,43926,AACATGATCCGCCTCT
321,AATTGTGTCTTAAGTG,44457,ACTCAGGAGGTTATCT
322,AATTTCCTCAATGTCA,44508,TTTAAGGAGCTTTACG
323,AATTTCCTCCCTGTTA,44643,TTTAAGGAGCCAGTAG
324,AATTTGCCAATAAGCA,44942,CGTAAAGGTTAACGGA
325,AATTTGCCAGGCGATA,45116,CGTAAAGGTGGATTGA
326,AATTTGGTCATGAGCT,45339,TAGTAGCAGAGGAATG
327,ACAAACTGTGTTTGAG,45879,GATGCACCATAGACTG
328,ACAAACTGTTCAAGAT,45929,GATGCACCAATTACCC
329,ACAAACTGTTCGCTTG,45946,GATGCACCACTTGCTG
330,ACAAAGGTCAAGCCTG,46028,CTGGCTTAGATTCACT
331,ACAAAGGTCACACAGT,46047,CTGGCTTAGTCCCGCA
332,ACAAAGGTCATTAGGC,46124,CTGGCTTAGCTTGCTA
333,ACAAAGGTCCTAAATG,46199,CTGGCTTAGATAACCA
334,ACAAAGGTCGCTAGTG,46275,CTGGCTTAGGTCGAGC
335,ACAAAGGTCGCTATAA,46276,CTGGCTTAGGATTGAC
336,ACAAAGGTCTAGCTTT,46340,CTGGCTTAGGGAGTAA
337,ACAACACTCACCGGTA,46823,GGGTTGCAGCCTTAAT
338,ACAACACTCCACCCTG,46912,GGGTTGCAGCTCATGC
339,ACAACACTCCCTCTAA,46940,GGGTTGCAGTCCCTGG
340,ACAACACTCGCCTGTT,47036,GGGTTGCAGCCTTCAA
341,ACAACAGAGCCTGGTA,47270,ATAAGCATCGAAGTTA
342,ACAACAGAGCGTGCGT,47293,ATAAGCATCTTGCATG
343,ACAACATGTTGAGCCG,47871,AGGCAAGCAGCAAATT
344,ACACAATGTGCAATGC,48121,CATGAATCAGGACTAC
345,ACACAATGTGCATTAG,48124,CATGAATCAACCAACA
346,ACACAATGTTGTAAAC,48275,CATGAATCAAATCCCT
347,ACACCTTGTCATAGAT,48427,TTCGTTACACCATGCC
348,ACACCTTGTTTATCTG,48677,TTCGTTACATAATGGT
349,ACACTAATCAAGCTTA,49097,TCACATTAGCAGCCAA
350,ACACTAATCATTATGG,49192,TCACATTAGTCCTTAG
351,ACACTAATCGTTAGTA,49380,TCACATTAGATTAGGC
352,ACACTAATCTAACTGA,49390,TCACATTAGCGTATTT
353,ACACTAATCTACTAAG,49402,TCACATTAGAAGGACA
354,ACACTAATCTTGAGCG,49452,TCACATTAGTCACCTA
355,ACACTAGGTTCACCCA,49764,GCTTCATCAGCTAACA
356,ACACTTAAGAATCTCA,49860,CGAATAATCTTAGGTT
357,ACACTTAAGCTAAAGG,49974,CGAATAATCGCTCAGT
358,ACACTTAAGGCCTAAT,50060,CGAATAATCCGCCTCT
359,ACACTTGCATTTGCTC,50618,TAGTGAGGTGCGGTAG
360,ACAGCCGGTAAATTGC,50622,CGGCCAACACCTTCCT
361,ACAGCCGGTTTCCACG,50981,CGGCCAACAGGCCAAT
362,ACAGCGCTCCCGCCTA,51145,GCACCTTAGCCTAGTC
363,ACAGCGCTCGATATTG,51235,GCACCTTAGATTCTGT
364,ACAGCGCTCTCAATGA,51327,GCACCTTAGGCTTGTC
365,ACAGGAATCATGAAGG,51469,GAAGTGAAGTAAGCGT
366,ACAGGAATCATTCATC,51493,GAAGTGAAGACAAGCT
367,ACAGGAATCGCAAACT,51625,GAAGTGAAGTTAGCTT
368,ACAGGATCACCAACCG,51905,TGTGCTGGTACTGGCC
369,ACAGGATCACCCACAG,51910,TGTGCTGGTCGCAACC
370,ACAGGATCACGTGCTG,51936,TGTGCTGGTTACTTCT
371,ACAGGATCAGAACCGA,51960,TGTGCTGGTTAATCGC
372,ACAGGTAAGCACCACA,52595,GCCTTAATCTAACTGT
373,ACAGGTAAGCCTGGTA,52634,GCCTTAATCGAAGTTA
374,ACAGGTAAGCTATTGA,52667,GCCTTAATCCAGGTGA
375,ACAGGTAAGGCATTAC,52738,GCCTTAATCAAAGGGA
376,ACATAGCTCCCGTTTA,53448,TTGATGAAGCAAGGAA
377,ACATAGCTCCTAGTTT,53492,TTGATGAAGGTCCGTT
378,ACATAGCTCCTGCGAA,53507,TTGATGAAGCGGGACT
379,ACATAGCTCTTGGACG,53675,TTGATGAAGAATCACA
380,ACATCAATCAACCAAC,53692,CGTAAACAGTCTTGCA
381,ACATCATCAACAACAA,54092,TTACCGGGTTCAATTG
382,ACATCATCACAAAGAC,54176,TTACCGGGTGACGTAA
383,ACATCATCATAATGTC,54364,TTACCGGGTGCAAGTA
384,ACATTAGTCCAGGTTG,54585,CGTACCTAGTCATGCC
385,ACCAAACTCCCTCAGT,55371,AGGTGTTAGAGCTGCA
386,ACCAAACTCGATCAGT,55456,AGGTGTTAGAACCTTT
387,ACCAAGCGTCATAGAT,55713,TGCTCCACACCATGCC
388,ACCAAGCGTGCATTAG,55792,TGCTCCACAACCAACA
389,ACCAAGTTCATCACTT,56064,AGGGAGTAGCAATACA
390,ACCAAGTTCCCTGGAA,56143,AGGGAGTAGTGGCGTA
391,ACCAAGTTCCTCATCA,56183,AGGGAGTAGGATCCAG
392,ACCAAGTTCGGGACTC,56255,AGGGAGTAGCCATAGG
393,ACCAAGTTCGTAATCA,56269,AGGGAGTAGGTTGCGA
394,ACCAAGTTCTTGCTAT,56360,AGGGAGTAGCCATCAC
395,ACCAATATCATCCACC,56450,GGCACTAAGGTTCCGT
396,ACCAATATCGTTAACA,56661,GGCACTAAGAAACCGT
397,ACCACACCAAACCTTG,56759,AATCCTAGTCCTCCAT
398,ACCACATAGCACAGGG,57198,GGTTACCTCCAATTGT
399,ACCACATAGCTCGCTT,57278,GGTTACCTCACACCGT
400,ACCACATAGGCATTAC,57342,GGTTACCTCAAAGGGA
401,ACCAGCTCAGGAATCG,57756,GCGTGCTGTATCCGTG
402,ACCAGCTCATCCCTCA,57843,GCGTGCTGTTAAGTCC
403,ACCAGGACACGGTTTA,58071,TCGCAATGTTCGCTTC
404,ACCAGGACATCAATCG,58217,TCGCAATGTGTAACCT
405,ACCAGGCTCAGCCAAT,58348,CGTCAAGAGGTTCCCG
406,ACCAGGCTCATTGCGG,58402,CGTCAAGAGGAAGTAG
407,ACCAGGCTCTAATTGG,58604,CGTCAAGAGCTATCGC
408,ACCAGGCTCTGTAAGC,58640,CGTCAAGAGTTAACCT
409,ACCAGGCTCTGTTGCC,58646,CGTCAAGAGAGGAACA
410,ACCAGGGAGACTAAGG,58696,GACATCCTCACAATAG
411,ACCAGGGAGCGAGGTG,58780,GACATCCTCCAATATC
412,ACCAGGGAGGCATGAA,58876,GACATCCTCAGCTAGG
413,ACCAGGGAGGCCCAGT,58882,GACATCCTCAATCCAT
414,ACCAGGGAGGCGGGTA,58894,GACATCCTCAATACAG
415,ACCAGGGAGGCTACTG,58899,GACATCCTCCTTGAGC
416,ACCCAACCAAAGCTCC,59842,TTGGTTAGTCATGATC
417,ACCCAACCAATCGCAC,59914,TTGGTTAGTTACAACC
418,ACCCAACCAGCATGAG,60037,TTGGTTAGTTACTCCC
419,ACCCAACCAGGACCTT,60063,TTGGTTAGTTGCTCTC
420,ACCCAACCATAATCAC,60118,TTGGTTAGTAGGAGGA
421,ACCCAGGGTTTATTCG,60571,GCCGCAACATATGGTG
422,ACCCGGTAGAGAAGGG,61001,GCATTATTCCCAAAGG
423,ACCCGGTAGCACAGCC,61033,GCATTATTCCTCAGTA
424,ACCCGGTAGCTCGCTT,61114,GCATTATTCACACCGT
425,ACCCGGTAGGCGCATC,61190,GCATTATTCAGGATTA
426,ACCCGTAAGATGCCTG,61402,CTCCAAATCCAAATAG
427,ACCCGTAAGCATGAAG,61431,CTCCAAATCAGTGAAC
428,ACCCGTAAGCTAAAGG,61482,CTCCAAATCGCTCAGT
429,ACCCGTAAGTAAGTGG,61651,CTCCAAATCCTAACTG
430,ACCCGTAAGTCATCCC,61676,CTCCAAATCCTTAACG
431,ACCCTCCCACCTCACC,61895,ACATTCAGTATTGTCA
432,ACCCTCCCAGGCCTTG,61988,ACATTCAGTCATGAAG
433,ACCCTGTTCATGCAAC,62214,TTTGGTTAGGTCATGG
434,ACCCTGTTCGTAATCA,62409,TTTGGTTAGGTTGCGA
435,ACCGAAGCAACTAACT,62547,TTCATGAGTTCCCGTT
436,ACCGAAGCAAGGTCCT,62572,TTCATGAGTTTGGCTG
437,ACCGAAGCACGTAAGG,62676,TTCATGAGTCCGGTTA
438,ACCGAAGCAGCTTAGC,62739,TTCATGAGTCTATCTT
439,ACCGAAGCATTGTGAT,62888,TTCATGAGTGTAATGG
440,ACCGCAATCCAAATCA,63013,ACCTTGCAGCTTGCCG
441,ACCGCAATCCTTCTAG,63112,ACCTTGCAGCTAAGCG
442,ACCGCAATCGGCCAGT,63158,ACCTTGCAGAGATTCA
443,ACCGGCTAGACACCGC,63295,AGGCTGATCAGGAGGG
444,ACCGGCTAGCCAGTAT,63364,AGGCTGATCCCGGAAA
445,ACCGGCTAGGATGATG,63471,AGGCTGATCCGTCCCT
446,ACCGGCTAGTTTGGTA,63661,AGGCTGATCGCTTCGG
447,ACCGGTTCAAACTAAG,63670,ACGCCACGTTACCCAG
448,ACCGGTTCACTAGGTC,63837,ACGCCACGTCCTTTAT
449,ACCGGTTCACTTCACT,63848,ACGCCACGTGCGTACC
450,ACCGGTTCATCAGTAT,63977,ACGCCACGTTTGAGGA
451,ACCTAAATCGGCCATA,64311,GGTTCCTAGGCTCACT
452,ACCTAAATCTATTGTC,64371,GGTTCCTAGCAACCCT
453,ACCTAAGGTTGGCGTG,64763,CTAGTAGCACTAGTCT
454,ACCTACCTCAAATCGC,64818,CTCATCAAGCGAGTTG
455,ACCTACCTCAATTACG,64838,CTCATCAAGGACAACT
456,ACCTACCTCATTGCGG,64924,CTCATCAAGGAAGTAG
457,ACCTACCTCCTAATAG,64998,CTCATCAAGGTCACGA
458,ACCTACCTCGGTTACG,65089,CTCATCAAGGACTTAA
459,ACCTACCTCGTCAAGT,65097,CTCATCAAGCTTCTCT
460,ACCTCACTCGGTTTCC,65476,CGGGACTAGTTTCTCC
461,ACCTCACTCTGGCTTC,65544,CGGGACTAGTCAGGAT
462,ACCTGGATCACTTTAC,65631,AGTTATGAGGAACCTG
463,ACCTGGATCCCTCAAC,65729,AGTTATGAGATTGACA
464,ACCTGGATCCTGGTGA,65790,AGTTATGAGACACGCA
465,ACCTGGATCTCCATAT,65915,AGTTATGAGCAATTGA
466,ACCTGGATCTGTAATG,65931,AGTTATGAGTCGCGAA
467,ACCTGGTCAAACGGGC,65971,ACAAACGGTAGGTGAC
468,ACCTGGTCAAATACCT,65983,ACAAACGGTCAATGAG
469,ACCTGGTCAGAAACGT,66153,ACAAACGGTGCACGCT
470,ACCTGGTCAGCAAGTG,66169,ACAAACGGTCTAATCA
471,ACCTGTTGTTACGCGG,66614,TTACGTCCAACGGTTA
472,ACCTGTTGTTCAAGCA,66642,TTACGTCCAAGCCTCC
473,ACCTGTTGTTTCGCCA,66714,TTACGTCCATAACGAT
474,ACCTGTTGTTTGTTGC,66730,TTACGTCCAGCTCGCT
475,ACCTTCATCGTTCACC,67029,TTCTGTGAGCAACAAC
476,ACCTTGCTCATCCTAT,67579,GTGCTAGAGTATCGCC
477,ACCTTGCTCCGTAAAC,67674,GTGCTAGAGCGCTCCA
478,ACCTTGCTCCTGAATA,67701,GTGCTAGAGTGGCTAG
479,ACCTTGCTCGGTCAGC,67773,GTGCTAGAGGCAATAC
480,ACCTTGCTCTATGACA,67822,GTGCTAGAGTTACGAA
481,ACCTTGTGTCAGTAAT,67988,AGTCTAGCAACCAAAT
482,ACGAACAAGTCCTTCA,68588,GATTCGCTCTCAGCTA
483,ACGAAGTCACTAAATC,68818,AAGGCTAGTTTACCAA
484,ACGAAGTCAGTTATGT,68927,AAGGCTAGTTTGCAGT
485,ACGAATCTCATTTGCT,69148,GGAACTTAGCTTTAGT
486,ACGAATCTCCGGAACC,69202,GGAACTTAGGATTTGA
487,ACGAATCTCCTTGTTG,69254,GGAACTTAGGTAAGCT
488,ACGAATCTCGTTATCT,69330,GGAACTTAGGCTATAA
489,ACGAATCTCTAGCTTT,69354,GGAACTTAGGGAGTAA
490,ACGAATCTCTTGTCTG,69410,GGAACTTAGGGATTTA
491,ACGACAAAGACAACGA,69431,AGCATGGTCTTTAGCG
492,ACGACAAAGGTCCACA,69677,AGCATGGTCGTTAGCC
493,ACGACTTAGGACACTT,69971,TGATTACTCAGCCATC
494,ACGACTTAGGTCCTAG,70063,TGATTACTCCTCAAGC
495,ACGACTTAGTAGCGCC,70099,TGATTACTCTGTCAGC
496,ACGAGTAAGACAGGTA,70204,AAGGTTATCATCAGCC
497,ACGAGTAAGTCATCCC,70502,AAGGTTATCCTTAACG
498,ACGAGTAAGTGAAGTG,70519,AAGGTTATCCTGATAT
499,ACGATTCAGACAGGCG,70587,ATGCAAATCACTATGT
500,ACGATTCAGCAGGTGG,70638,ATGCAAATCGCGACTT
501,ACGATTCAGGTCCAAT,70828,ATGCAAATCCACAATT
502,ACGCAAGCAATATACC,71033,CGAGCGAGTAGGCGCA
503,ACGCAAGCACAGCCTG,71078,CGAGCGAGTATTGAGG
504,ACGCAAGCACTCGCTC,71130,CGAGCGAGTTGTTCCC
505,ACGCAAGCAGCTAACC,71174,CGAGCGAGTATGGTCT
506,ACGCAAGCATGACTAT,71286,CGAGCGAGTTAGCTCG
507,ACGCACGGTCATAACG,71443,TAGCGCGCACCAGCCT
508,ACGCACGGTCCTAAGA,71466,TAGCGCGCAGCTACCC
509,ACGCACGGTGATGAAA,71513,TAGCGCGCATTAGCCT
510,ACGCACGGTGCTCACC,71533,TAGCGCGCAAATAGCT
511,ACGCCACAGCACGTTG,71781,TCCAAATTCGGCTATC
512,ACGCCACAGCTGTAAC,71864,TCCAAATTCTCGACTA
513,ACGCCACAGGAAACTG,71877,TCCAAATTCGTTTCTC
514,ACGCCACAGGTTACAC,71993,TCCAAATTCCTCTCGC
515,ACGCCACAGTGAGGGT,72058,TCCAAATTCGCAACCT
516,ACGCCACAGTGATTCA,72060,TCCAAATTCTCACTTC
517,ACGCCTAAGCTCAATA,72237,ACATGAATCATGGTCC
518,ACGCCTAAGGTGTCCA,72375,ACATGAATCCTCACGG
519,ACGCCTTTCATCAGTA,72565,TCTAATCAGCTTAGCC
520,ACGCCTTTCCACCTGT,72613,TCTAATCAGGTAAGTC
521,ACGCCTTTCCCGTTGT,72633,TCTAATCAGGTAGCTG
522,ACGCCTTTCTTTGACT,72868,TCTAATCAGCCCTTGG
523,ACGCTTGAGCACAGAA,72928,AAAGGCTTCTTAAGGA
524,ACGGGAAGTTGGTTCT,73591,CTGCAAACACAAGGCT
525,ACGGGAAGTTGTCATC,73595,CTGCAAACAGCACTAA
526,ACGGTACGTACCGGAT,73671,AGCTAATCACGATTCT
527,ACGGTACGTACTTAGG,73683,AGCTAATCACTCGCTA
528,ACGGTACGTGCACGCA,73822,AGCTAATCATAAGCAT
529,ACGGTTAGTGTAACCA,74241,CGCATTTCATAGCATG
530,ACGGTTTAGGAGTCGG,74588,CAGCCTGTCAATCGGG
531,ACGGTTTAGGTAGCTT,74656,CAGCCTGTCAATGAGC
532,ACGGTTTAGTCTGGGC,74730,CAGCCTGTCCCAGTAC
533,ACGTACCCACAGAACG,74907,GAACCTTGTATTCAGC
534,ACGTCAAGTCTAGCTT,75320,GATTAACCACGTTACT
535,ACGTCAAGTGGATTAT,75379,GATTAACCATAATGCG
536,ACGTCCAAGCGATAGA,75660,TGTGGCTTCAAGGGTT
537,ACGTCCAAGGTCCAAT,75810,TGTGGCTTCCACAATT
538,ACGTCCTTCCAAATCA,76053,GTTCTTGAGCTTGCCG
539,ACGTCCTTCCTCCCTC,76134,GTTCTTGAGTGATTCT
540,ACGTCCTTCGAGGTGG,76167,GTTCTTGAGTAAGTCA
541,ACGTCCTTCTAGCTTT,76256,GTTCTTGAGGGAGTAA
542,ACGTTACAGCTATGAC,76449,ACCTAGCTCTAACCCA
543,ACGTTACAGCTTTGTT,76476,ACCTAGCTCAAATCAG
544,ACGTTACAGGGCTTTG,76562,ACCTAGCTCAATAGCA
545,ACGTTGTAGACTAAGG,76724,CCCATAATCACAATAG
546,ACGTTGTAGACTTATG,76728,CCCATAATCGCTTGAC
547,ACGTTGTAGCAAGGGT,76757,CCCATAATCAGAAAGG
548,ACGTTGTAGGGTTATC,76953,CCCATAATCGTCCTAA
549,ACGTTGTAGTTATTCC,77066,CCCATAATCATGAAGC
550,ACTAAAGCACCTATAG,77238,GAAGTATGTAACGAGC
551,ACTAAAGCATGGTTAT,77432,GAAGTATGTCATTATG
552,ACTAACCAGGCCGGAA,77679,TCCGGATTCCGGCTAT
553,ACTAACGGTACCCACC,77887,GACTCAACACCTTCTC
554,ACTAACGGTTACATCC,78116,GACTCAACAACAACAT
555,ACTAACTCACCTGCTC,78393,GAGGTACGTACACCGC
556,ACTAACTCAGTTAAAG,78512,GAGGTACGTAAATAGC
557,ACTAACTCATCATGGC,78552,GAGGTACGTCCTAAGT
558,ACTAATCCATCAGCAC,78934,CGCTAATGTTGTGCGC
559,ACTAGGCGTCCCGAAG,79127,TCACGCCCATAGTCAG
560,ACTAGGCGTCTCACTG,79158,TCACGCCCAAGGGAGC
561,ACTATCCGTTAGACCA,79656,TTTCCGGCAGGAGGTA
562,ACTATCCGTTATCGAG,79676,TTTCCGGCATCCTGGC
563,ACTATCCGTTGTTGTC,79734,TTTCCGGCAAATGCGC
564,ACTATGTCAAGCGAGC,79816,ATCGTTAGTGAGTCCC
565,ACTCACCTCATAATCG,80227,TAGGGTTAGCTCAAGG
566,ACTCACCTCGAGGAAC,80383,TAGGGTTAGCGATGCA
567,ACTCACTGTCCAAATG,80656,TGGTTCTCATGGATTG
568,ACTCACTGTGTAACCA,80759,TGGTTCTCATAGCATG
569,ACTCACTGTTGTTGTC,80884,TGGTTCTCAAATGCGC
570,ACTCAGTAGTCTCACC,81247,TAGGATATCGCGCAAA
571,ACTCCTCAGCACGATT,81364,CAAGCCTTCTAACTCG
572,ACTCCTCAGCGCATTG,81414,CAAGCCTTCAAACCGG
573,ACTCCTCAGCTATTGA,81435,CAAGCCTTCCAGGTGA
574,ACTCCTCAGCTTCCCG,81456,CAAGCCTTCATTCAGT
575,ACTCCTCAGGACCGCT,81475,CAAGCCTTCATAACCT
576,ACTCGCGCAAGGGTTG,81744,CTGCAATGTCCTCCTG
577,ACTCGCGCAGGAACAT,81916,CTGCAATGTGCGGTTC
578,ACTCGCGCAGGCGATA,81934,CTGCAATGTGGATTGA
579,ACTCGCGCATTGCGTA,82060,CTGCAATGTGTGATTC
580,ACTCGCTTCCAGGAAA,82200,CGTCCATAGGTACCGA
581,ACTCGCTTCCAGGTCA,82202,CGTCCATAGAGCTGGC
582,ACTCGCTTCCGGCTAA,82241,CGTCCATAGATAGCTA
583,ACTCGCTTCGGTTCCT,82349,CGTCCATAGGCTCAAG
584,ACTGAAACAACCTAAT,82488,TAACCGTGTAGCTTAC
585,ACTGAAACAGTATGTT,82725,TAACCGTGTGCAGTAA
586,ACTGAAACATAGGCGA,82761,TAACCGTGTGCACAAA
587,ACTGAAACATCCCGCT,82774,TAACCGTGTGTGAGTA
588,ACTTACAAGTTATCTC,83581,TTTCTCATCGCAATTT
589,ACTTACTTCACGAATC,83644,CGCAGGTAGGATTATG
590,ACTTACTTCATTATGG,83712,CGCAGGTAGTCCTTAG
591,ACTTACTTCGGTAACT,83876,CGCAGGTAGTTACGTT
592,ACTTACTTCGGTTACG,83881,CGCAGGTAGGACTTAA
593,ACTTACTTCTTAATGG,83962,CGCAGGTAGATGAACC
594,ACTTAGGGTACCGAAC,84022,TCCTTAACACAAAGCC
595,ACTTAGGGTCCGTAGG,84115,TCCTTAACATCAGGTA
596,ACTTAGGGTGAAACAA,84149,TCCTTAACACACTAAG
597,ACTTAGGGTTGGTGAC,84323,TCCTTAACATCAAGCA
598,ACTTAGTCACAGAACG,84493,TGCGCGTGTATTCAGC
599,ACTTAGTCACTAGGTC,84545,TGCGCGTGTCCTTTAT
600,ACTTAGTCATCAATCG,84681,TGCGCGTGTGTAACCT
601,ACTTATCTCGGTACGC,85027,GTGAGGGAGCCATAAA
602,ACTTATGAGGACCGCT,85311,CAAGTCCTCATAACCT
603,ACTTATGAGGTCAAAG,85396,CAAGTCCTCCTTTAGG
604,ACTTATGAGTAGGATG,85440,CAAGTCCTCTAGTTAC
605,ACTTATGAGTATTGTG,85446,CAAGTCCTCAGGAGCC
606,ACTTCGCTCGGTTAGT,85800,GAAGCTTAGTCATGAA
607,ACTTGCACATCCAGGT,86608,TCGGTATGTGCCTTTC
608,ACTTGCACATTTGCTC,86674,TCGGTATGTGCGGTAG
609,ACTTGTAAGCTGTACG,86821,GGCTTGTTCAATATCC
610,ACTTGTAAGTCGCTAG,87001,GGCTTGTTCCATCAGC
611,ACTTGTCGTCCAAGAC,87179,CCAAGGTCACTAGTAG
612,ACTTGTCGTCGCAATA,87201,CCAAGGTCACATTACC
613,ACTTTGTTCCATTACT,87577,ATGCTAAAGCTTGGTC
614,ACTTTGTTCCTCAGTC,87636,ATGCTAAAGAAGCAAG
615,ACTTTGTTCCTGTTCA,87651,ATGCTAAAGGTATAGC
616,ACTTTGTTCTAGCTAA,87761,ATGCTAAAGGAGGGTG
617,ACTTTGTTCTGCAAAC,87783,ATGCTAAAGTTACAAG
618,AGAAACCCAACACCTA,87849,GGCTGAGGTTTCCTCA
619,AGAAACCCAATAGCAA,87902,GGCTGAGGTCCTCACT
620,AGAAACCCACCTGCTC,87981,GGCTGAGGTACACCGC
621,AGAAACCCAGCAAATA,88024,GGCTGAGGTTGCGTGC
622,AGAAACCCAGGCTGTT,88076,GGCTGAGGTTCATTCT
623,AGAAACCCAGTATGTT,88095,GGCTGAGGTGCAGTAA
624,AGAAACCCATGACTAT,88158,GGCTGAGGTTAGCTCG
625,AGAAACTAGCATGTCG,88285,TATAGCTTCCCTCGTC
626,AGAAAGGCAACAACAA,88616,ACAGTGAGTTCAATTG
627,AGAAAGGCAACTGGCT,88634,ACAGTGAGTCTTGACG
628,AGAAAGGCATGTTGGC,88944,ACAGTGAGTGCTTCCT
629,AGAACAAGTCATTGAG,89094,GATGAGGCATGCTCCA
630,AGAACAAGTGAGGTGA,89150,GATGAGGCAAGCTCAA
631,AGAACAAGTTAGCCAA,89251,GATGAGGCAAAGTGAA
632,AGAACAAGTTTGAGGC,89346,GATGAGGCACCAAAGC
633,AGAACAAGTTTGCGAA,89348,GATGAGGCACCTGGCT
634,AGAACCAAGCTATATG,89488,GCATCTATCGTTAAAG
635,AGAACCAAGTATTGCA,89664,GCATCTATCCAGCTCG
636,AGAACCGCACAATACT,89857,AGGACTAGTTTCTCAT
637,AGAACCGCACAGGAAT,89869,AGGACTAGTTGTCAGT
638,AGAAGGTGTGATTACG,90307,TGTGATGCAACCGCCT
639,AGAAGGTGTGTTTGCT,90370,TGTGATGCATCCTAGT
640,AGAAGGTGTTAAGCCA,90377,TGTGATGCAATCTGGA
641,AGAATCGAGCAGGTTT,90579,ATGTGCCTCGCCTAAC
642,AGAATCGAGCCAAATC,90590,ATGTGCCTCGGTACGA
643,AGAATCGAGGTTTGCG,90789,ATGTGCCTCAGCCTTA
644,AGAATCGAGTGTGATC,90855,ATGTGCCTCGCTTTAG
645,AGAATCTGTAATAGCT,90912,CCGAAGTCATGAGCCG
646,AGAATCTGTGAACAAA,91054,CCGAAGTCAAATGCTG
647,AGAATCTGTGAGCGAA,91064,CCGAAGTCAAGTGGCT
648,AGAATCTGTTAGGACC,91170,CCGAAGTCACGCTAGG
649,AGACAATAGTCATTAG,91594,ACCATATTCATTAAGG
650,AGACACGCAAGGTGGC,91723,CGACTTGGTGCTAGCC
651,AGACACGCAATCATGT,91742,CGACTTGGTAGAGGGA
652,AGACACGCAGGCATCT,91900,CGACTTGGTAGGTTTC
653,AGACACGCAGTTAGCC,91935,CGACTTGGTCCCTCTG
654,AGACTATGTCAACAAT,92511,AGTGAGGCACTAAGCA
655,AGACTATGTGCTGGTG,92624,AGTGAGGCAAGTGCAC
656,AGAGAGGAGATAGACG,93233,TTGCAGCTCATAATGG
657,AGAGAGGAGATGGACA,93235,TTGCAGCTCTCAAGAA
658,AGAGAGGAGCAGCTAT,93257,TTGCAGCTCCATGCTA
659,AGAGATTAGAAAGGAA,93577,GATTACTTCACTCGCG
660,AGAGATTAGTTATTCC,93938,GATTACTTCATGAAGC
661,AGAGGAACAAAGCTCC,93974,GAACAATGTCATGATC
662,AGAGGAACAAGGTATA,94019,GAACAATGTGAACAAT
663,AGAGGAACAATACTGT,94035,GAACAATGTTGTAACC
664,AGAGGAACACTGGCTG,94140,GAACAATGTAGGATCA
665,AGAGGAACAGGCGATA,94206,GAACAATGTGGATTGA
666,AGAGGAACATGAGCAG,94293,GAACAATGTCATAACC
667,AGAGGATGTGCCTCAC,94533,GCTCAAACAATAGAGA
668,AGATGCTTCAATAGCC,95124,GACTTAAAGCGCTTGT
669,AGATGCTTCATGCTTT,95200,GACTTAAAGTGAGGCC
670,AGATGCTTCCTCACTA,95300,GACTTAAAGTCAATCT
671,AGATGCTTCTGTGAGT,95458,GACTTAAAGGTATTTC
672,AGCAAATAGAATCTCA,95500,CATAATCTCTTAGGTT
673,AGCAACAAGCAGGTTT,95945,CCAAACCTCGCCTAAC
674,AGCAACAAGTAACGGA,96162,CCAAACCTCACAAGCG
675,AGCAACAAGTTAGACC,96227,CCAAACCTCCCGGATT
676,AGCAAGGGTCCGCTGT,96383,TGCCTCACAGCTCATT
677,AGCAAGGGTCGAAGTC,96397,TGCCTCACAACAGAGG
678,AGCAAGGGTGCACGCA,96444,TGCCTCACATAAGCAT
679,AGCAAGGGTGCTTTAC,96462,TGCCTCACAGGAATAA
680,AGCAAGGGTTAAGCGC,96510,TGCCTCACAACCGCTC
681,AGCAAGGGTTATGTGG,96549,TGCCTCACATCCTGTG
682,AGCAATACAAACTAAG,96648,AAGACCAGTTACCCAG
683,AGCAATACATCCCGCT,96960,AAGACCAGTGTGAGTA
684,AGCAATACATTGTGGC,97020,AAGACCAGTGCTTCGA
685,AGCAATTGTGGTTCCC,97245,AGAACAACAGGTAGCT
686,AGCACAGCATTGTCCT,97783,GTTCCAGGTCCTTAGG
687,AGCACTAGTGTTCCCA,98027,CCGCCATCATTGTGAG
688,AGCACTTAGGAGCATA,98354,AACATAGTCCGTAAGG
689,AGCACTTAGGCTGGCT,98401,AACATAGTCTCACAGC
690,AGCACTTAGTCACCAG,98483,AACATAGTCACAAATG
691,AGCAGGTAGCCTTAAA,98659,GTTGTCATCTGGTCTA
692,AGCATCCCAGCAACCT,99142,GGCTTGCGTTCTGGCA
693,AGCATCCCAGCAAGAT,99143,GGCTTGCGTTTACTGA
694,AGCATCCCAGTACCGT,99207,GGCTTGCGTATAGCTC
695,AGCCGCTAGGCGAATA,100304,CTAGTTGTCCTGCAAC
696,AGCCGGTTCACGAATC,100514,AGCTAACAGGATTATG
697,AGCCGGTTCCTAGTCC,100665,AGCTAACAGCGAAGCC
698,AGCCGGTTCCTGAATA,100677,AGCTAACAGTGGCTAG
699,AGCCTAAGTAAAGCGG,100861,CTACATCCACGGTCAG
700,AGCCTCCGTAGGTTAT,101685,CTTGCTGCATTATCTG
701,AGCCTCCGTGGTTATG,101844,CTTGCTGCAAAGGAAC
702,AGCCTCCGTGTAATAC,101848,CTTGCTGCAAGCGCTG
703,AGCCTGGGTAGCCTCC,102059,AGCGGTTCATGAGCTA
704,AGCCTGGGTGCCGCAA,102196,AGCGGTTCAAGGTCAC
705,AGCCTGGGTGTCCAGG,102233,AGCGGTTCAAAGGTAA
706,AGCCTGGGTTCCTGAT,102312,AGCGGTTCATTACGTC
707,AGCGATTTCCAACTGG,102508,AGCTGGCAGAACAACC
708,AGCGCCTAGCAATAGG,102829,ATGTTGTTCACTAAGA
709,AGCGCCTAGCTCCCTG,102909,ATGTTGTTCACGAATA
710,AGCGCCTAGGCGAAAC,102985,ATGTTGTTCACGCCCA
711,AGCGCCTAGGCGCTTA,102990,ATGTTGTTCCAATTAC
712,AGCGCCTAGGTTTACA,103051,ATGTTGTTCTTCAAGT
713,AGCGCTCAGAGAAGGG,103183,GCTCAGTTCCCAAAGG
714,AGCGCTCAGGGATTAG,103395,GCTCAGTTCAGTACCC
715,AGCGGACCACAAACTT,103647,CGATTTAGTCAATACC
716,AGCGGACCAGGAACTG,103772,CGATTTAGTCCGTTAG
717,AGCGGACCATGTTGGC,103892,CGATTTAGTGCTTCCT
718,AGCGGATAGAAAGCAT,103926,CCTTGTTTCGACAAAC
719,AGCGGATAGAAGGTGC,103932,CCTTGTTTCACCAACC
720,AGCGGATAGGAGGCAT,104108,CCTTGTTTCTTGTCGA
721,AGCGGATAGGAGGTTA,104110,CCTTGTTTCTAAATCC
722,AGCGGATAGTCTTGAA,104255,CCTTGTTTCAGCTACC
723,AGCGGATAGTGAGAGC,104261,CCTTGTTTCCGGGTAA
724,AGCGGATAGTGATTCA,104266,CCTTGTTTCTCACTTC
725,AGCGGATAGTTACCGG,104275,CCTTGTTTCCCTGATA
726,AGCGTGCTCGGGACTC,104577,GCTTATTAGCCATAGG
727,AGCGTGCTCTTAGGGT,104671,GCTTATTAGCATTAAG
728,AGCTAAACACCACAAC,104830,CTTCATTGTGTTCCTC
729,AGCTAAACAGATTCAT,104891,CTTCATTGTTATTTGG
730,AGCTAAACAGCACCAT,104899,CTTCATTGTTGACTAC
731,AGCTAAACAGCCTAAC,104910,CTTCATTGTAAACCAG
732,AGCTAAACAGGAAGCC,104925,CTTCATTGTGCGATTT
733,AGCTAACTCCCTGGAA,105233,CTGAGTGAGTGGCGTA
734,AGCTAACTCCTAAGTA,105261,CTGAGTGAGTTTCTGG
735,AGCTAACTCGGTCAGC,105351,CTGAGTGAGGCAATAC
736,AGCTACGTCACCTGTC,105499,ATAATCGAGTGTGGTG
737,AGCTACGTCCGGTATG,105633,ATAATCGAGTTAACGA
738,AGCTACGTCCGGTTGA,105635,ATAATCGAGTGGCCAA
739,AGCTACGTCGCTTGCT,105723,ATAATCGAGAGCCGGT
740,AGCTACGTCGGCCAGT,105724,ATAATCGAGAGATTCA
741,AGCTACGTCTTGACCC,105827,ATAATCGAGGAGCAGG
742,AGCTACTAGGCTCATG,106072,AATTGGATCAGGGATT
743,AGCTACTAGTAAAGGT,106127,AATTGGATCTAAGCGG
744,AGCTACTAGTCATTAG,106164,AATTGGATCATTAAGG
745,AGCTACTAGTGATTCA,106186,AATTGGATCTCACTTC
746,AGCTACTAGTTCCCAC,106209,AATTGGATCAGCATGG
747,AGCTAGTTCCCATAAA,106367,TTTAACCAGTTAGGAC
748,AGCTATATCAATGTCA,106636,TCAATGAAGCTTTACG
749,AGCTCATAGTAGCTTA,107297,TAGCTGCTCCCATAGC
750,AGCTGCTCAAGCTTTG,107433,CCAGTATGTGCAAGGT
751,AGCTGCTCAGGCAAGC,107621,CCAGTATGTAAACCCT
752,AGCTGCTCAGGCCAAA,107624,CCAGTATGTTGAGGTA
753,AGCTGCTCATAAGCAA,107668,CCAGTATGTAAGGCCG
754,AGCTTAATCATGAGCT,107851,TCGAAGTAGAGGAATG
755,AGCTTAATCATTTGTC,107881,TCGAAGTAGAATCGAC
756,AGCTTAATCCTCATCA,107961,TCGAAGTAGGATCCAG
757,AGCTTAATCGCCTAAG,108013,TCGAAGTAGTAAAGGG
758,AGCTTAATCTGTAAGC,108114,TCGAAGTAGTTAACCT
759,AGCTTAATCTTAGTCT,108128,TCGAAGTAGATTGAGC
760,AGCTTCCTCCGCCAAA,108314,TTGTCCAAGCCTGGTT
761,AGCTTCCTCTCATCAT,108482,TTGTCCAAGTCAATTC
762,AGCTTGGTCATTGTTC,108646,TAGGCGCAGGAGGTAA
763,AGCTTGGTCCTAAGAC,108715,TAGGCGCAGTCAATAG
764,AGCTTGGTCTGTTCAT,108887,TAGGCGCAGTTAGTAG
765,AGCTTTAAGGGATGCG,109154,ATTCCTCTCCGAAACG
766,AGCTTTAAGTGATTCA,109258,ATTCCTCTCTCACTTC
767,AGGAAACGTATTCGCT,109374,TAAGGCCCAGGATGGA
768,AGGAAACGTGCTGTAA,109501,TAAGGCCCATAACCAG
769,AGGAAACGTTTGAGCA,109669,TAAGGCCCATAGACGC
770,AGGAACCAGATAAAGC,109722,ACGGTTCTCATGGTTT
771,AGGAACCAGGACCGCT,109855,ACGGTTCTCATAACCT
772,AGGAACCAGGAGCACG,109863,ACGGTTCTCTAGTTCG
773,AGGAACCAGGAGGACT,109865,ACGGTTCTCACATTAC
774,AGGAACCAGGCCATCA,109889,ACGGTTCTCGGTCAAG
775,AGGAACCAGTTGGATC,110053,ACGGTTCTCAGTATAG
776,AGGAACGGTAAACAAG,110067,ATCATCCCAAATATGC
777,AGGAACGGTCAGGCCA,110171,ATCATCCCACATGATG
778,AGGACGTAGTCATGCG,110767,GTCAGGATCACAAAGC
779,AGGACTAAGTCATTTC,111154,AACAACATCAAGCTCC
780,AGGAGCTAGCAGGTTT,111287,TAGCGAGTCGCCTAAC
781,AGGAGCTAGGAACGCG,111379,TAGCGAGTCCAGGATG
782,AGGATATAGTGAACGA,111934,ACAGTAATCTGGATCC
783,AGGATCCGTCAAGTGC,112074,TGAGGTCCATCCGCTA
784,AGGATCCGTCAATGTG,112077,TGAGGTCCACCTGTAT
785,AGGATCCGTCATCATC,112095,TGAGGTCCATTGCCCA
786,AGGATCCGTCCTAATC,112115,TGAGGTCCACGGTAAC
787,AGGATCCGTTTAAAGC,112333,TGAGGTCCACGGATCG
788,AGGATGCAGACTATTG,112389,GCAAATATCCACCTGG
789,AGGATGTCACCTAAGC,112898,GAAATACGTATCGCTG
790,AGGATGTCATAGCGGA,113054,GAAATACGTAGCTTTA
791,AGGATTGAGCACAGAA,113192,CATGGCTTCTTAAGGA
792,AGGATTGAGCGATACT,113243,CATGGCTTCAGCTATT
793,AGGATTGAGCTGTCAG,113282,CATGGCTTCGCGAGTA
794,AGGATTGAGGAGGCAT,113318,CATGGCTTCTTGTCGA
795,AGGATTGAGGCGTAAA,113355,CATGGCTTCCGGGTTT
796,AGGATTGAGTCATCCC,113452,CATGGCTTCCTTAACG
797,AGGCAATCACAGGGAC,113647,CTGGTCAGTAAACCGA
798,AGGCAGGTCAATACGC,113919,TGCAATAAGACTTACT
799,AGGCAGGTCTAATCCT,114214,TGCAATAAGGATGCGC
800,AGGCAGGTCTTTGACT,114284,TGCAATAAGCCCTTGG
801,AGGCCCAGTAAGTCGC,114304,CCCTCAACAGTACCGG
802,AGGCCCAGTACAATGT,114317,CCCTCAACACTCAATC
803,AGGCCCAGTCGTTACT,114434,CCCTCAACAAAGGACG
804,AGGCGGATCCCAGTAG,114806,GGTCAATAGGCACAAT
805,AGGCGGATCGTTTCTG,114970,GGTCAATAGCATGAGT
806,AGGCTAAAGAATCGCT,115061,TACCCGGTCCTGATCA
807,AGGCTAAAGACTTACA,115077,TACCCGGTCGCTTGCG
808,AGGCTAAAGGCTATGT,115279,TACCCGGTCAAGGAAG
809,AGGCTAAAGTCACTCC,115367,TACCCGGTCGCGATAG
810,AGGCTAGCAAATTCGT,115458,GTCGCTAGTACTTATG
811,AGGCTAGCAATTGCGC,115540,GTCGCTAGTACTAACC
812,AGGCTAGCATCCCGCT,115756,GTCGCTAGTGTGAGTA
813,AGGCTAGCATTAGCGC,115796,GTCGCTAGTACTGATC
814,AGGGCCTTCAATGAGG,115843,CACCTTAAGTTGCAAA
815,AGGGCCTTCAATGTGC,115845,CACCTTAAGGTTGGTG
816,AGGGCCTTCGCTCACT,116080,CACCTTAAGAAACCTA
817,AGGGCCTTCTGTAATG,116171,CACCTTAAGTCGCGAA
818,AGGGCTACAAACTCAT,116213,TGTTCCCGTCAGTGCC
819,AGGGCTACATAATCAC,116496,TGTTCCCGTAGGAGGA
820,AGGGCTACATATTGAC,116514,TGTTCCCGTGCCGGAA
821,AGGGTTGCAACTAACT,116625,CATTATGGTTCCCGTT
822,AGGGTTGCAACTAGCC,116627,CATTATGGTTGTTGTA
823,AGGGTTGCACAGGATG,116716,CATTATGGTTTGCTCC
824,AGGGTTGCAGGTTATT,116849,CATTATGGTTTGGTGT
825,AGGTACGCAAAGGTAC,117374,ATGCAAGGTAGCTAAG
826,AGGTACGCAACCCTAA,117387,ATGCAAGGTTCCGGGT
827,AGGTACGCATGACTAT,117690,ATGCAAGGTTAGCTCG
828,AGGTACGCATGTGGGA,117706,ATGCAAGGTGCTTCTC
829,AGGTATTGTCATCAAG,117850,GTTCCCACAGCTCAAA
830,AGGTATTGTGATTACG,117921,GTTCCCACAACCGCCT
831,AGGTATTGTTGCACAA,118060,GTTCCCACAGGTGGAA
832,AGGTCAAAGACAAGTG,118138,CCTCACCTCCTCACTT
833,AGGTCAAAGCAGCTCA,118190,CCTCACCTCTTGCTGA
834,AGGTCAAAGCCAAATC,118204,CCTCACCTCGGTACGA
835,AGGTCATTCAGCAAAG,118559,ACTCGCTAGTAATGCA
836,AGGTCATTCGTTTCTG,118808,ACTCGCTAGCATGAGT
837,AGGTCATTCTAGCTTT,118828,ACTCGCTAGGGAGTAA
838,AGGTCATTCTTAATGG,118864,ACTCGCTAGATGAACC
839,AGGTCCGGTCATGCAA,119004,ACGTTTCCAAGCCTGG
840,AGGTCCGGTCGCAAAC,119032,ACGTTTCCAGGATAAA
841,AGGTCCGGTGGATTAT,119101,ACGTTTCCATAATGCG
842,AGGTCCGGTTGCTGGG,119218,ACGTTTCCACTCAGTT
843,AGGTCCGGTTGGGTTA,119224,ACGTTTCCAGATAGAA
844,AGGTCTTAGCAAGGAC,119326,CCCAATATCGCGAAAT
845,AGGTCTTAGCGATAAG,119380,CCCAATATCGCTTCTT
846,AGGTCTTAGGCCGGAA,119481,CCCAATATCCGGCTAT
847,AGGTCTTAGGTCCTGA,119536,CCCAATATCTATATGC
848,AGGTCTTAGTGCTGTG,119616,CCCAATATCAACCGGA
849,AGGTGAATCCTTGCGT,119877,AGCGGTCAGATTCATC
850,AGGTGAATCGGTCAAT,119930,AGCGGTCAGTTTACGT
851,AGGTGAATCTCGCCTG,119997,AGCGGTCAGCTTTAAC
852,AGGTGAGGTAGGTTTG,120103,CAGGTTACACCAACAA
853,AGGTGAGGTCACGAAC,120140,CAGGTTACATGAGGAG
854,AGGTGAGGTCCAAGAC,120161,CAGGTTACACTAGTAG
855,AGGTTAACACAGCCAT,120547,AACGCTTGTACCTTGG
856,AGGTTAACACGTAATT,120589,AACGCTTGTTCCTCAC
857,AGGTTAACATAATCCG,120715,AACGCTTGTGCTTTAA
858,AGGTTAACATCGTTCT,120749,AACGCTTGTTATTGTG
859,AGGTTACTCAGGAACA,120866,GCTACCTAGAGAGGCG
860,AGGTTACTCATGTTTC,120907,GCTACCTAGGCAATCG
861,AGGTTACTCCCTCAAC,120955,GCTACCTAGATTGACA
862,AGGTTACTCTAATCTC,121119,GCTACCTAGCTACCTA
863,AGGTTACTCTCAATTC,121134,GCTACCTAGCTTAGGG
864,AGGTTACTCTCATCAT,121140,GCTACCTAGTCAATTC
865,AGGTTACTCTTAAGTG,121163,GCTACCTAGGTTATCT
866,AGGTTAGAGGCTGTGC,121421,GATTGCCTCCGCTGTG
867,AGGTTAGAGGTCCAAT,121450,GATTGCCTCCACAATT
868,AGGTTAGAGTGAACAG,121522,GATTGCCTCCGCAATC
869,AGGTTGCGTATGGTGC,121645,GGATTATCAGTATTGG
870,AGGTTGCGTGTTCCCA,121811,GGATTATCATTGTGAG
871,AGGTTGCGTGTTGTAG,121814,GGATTATCACTATACC
872,AGGTTGCGTTGGATAT,121904,GGATTATCAATGTCAG
873,AGGTTTATCAGCAAAG,122009,AGAACCTAGTAATGCA
874,AGGTTTATCGAGGAAC,122187,AGAACCTAGCGATGCA
875,AGGTTTGGTAATAACC,122359,AATGACTCATGTCATC
876,AGGTTTGGTAGGTTTG,122403,AATGACTCACCAACAA
877,AGGTTTGGTATGGTGC,122411,AATGACTCAGTATTGG
878,AGGTTTGGTGATTACG,122521,AATGACTCAACCGCCT
879,AGGTTTGGTGCGCATG,122533,AATGACTCACAACATG
880,AGGTTTGGTGCTCCAC,122538,AATGACTCATGCTTTA
881,AGGTTTGGTGCTGGTG,122540,AATGACTCAAGTGCAC
882,AGTAAACAGATGGACA,122767,CAGGGACTCTCAAGAA
883,AGTAAACAGCGTGCAC,122844,CAGGGACTCCAATACT
884,AGTAAACAGGATTGCT,122917,CAGGGACTCAGGTAAC
885,AGTAAACAGTTGTCAA,123096,CAGGGACTCACCTGGT
886,AGTAACACAAGCTACC,123157,GCTATTAGTGGCTTCA
887,AGTAACACACAGAAAC,123228,GCTATTAGTGGGTAAC
888,AGTAACACACCCTCAC,123250,GCTATTAGTAAGTGGC
889,AGTAACACACGGTTTA,123271,GCTATTAGTTCGCTTC
890,AGTAACACAGCATGTC,123319,GCTATTAGTTACTTAG
891,AGTAACACATTTAAGC,123489,GCTATTAGTTCACTTT
892,AGTAACCTCACTAATG,123536,TAGATTGAGACTCCTA
893,AGTAACCTCGCATCCT,123737,TAGATTGAGGTTGGAT
894,AGTAACCTCTATCGCC,123813,TAGATTGAGGCTAATA
895,AGTAACCTCTTGCAGG,123862,TAGATTGAGCTTCCTT
896,AGTAACGAGAGAGCCG,123902,GGTTGCTTCTAGGAAC
897,AGTAAGTAGCGAGCGA,124363,ATGCGGATCGATATAG
898,AGTAAGTAGGAAGCAC,124423,ATGCGGATCTAGCCTA
899,AGTAAGTAGGATCCGC,124450,ATGCGGATCAGGTCGA
900,AGTAATCGTGTTGCTT,124881,TCACTCGCATACTTGC
901,AGTAATGCAAACAACA,125025,TAGGTAGGTGTGTTAC
902,AGTAATGCAAGTTATC,125095,TAGGTAGGTTGGCCAC
903,AGTAATGCACTTAGGC,125209,TAGGTAGGTCATTTCT
904,AGTAATGCAGCATGAG,125235,TAGGTAGGTTACTCCC
905,AGTAATGCAGTACCGT,125291,TAGGTAGGTATAGCTC
906,AGTAATGCATGCTATG,125364,TAGGTAGGTCACCAGC
907,AGTACGCGTCACGAAC,125508,CCTGGTCCATGAGGAG
908,AGTAGGATCCTTTACG,126397,TGGACATAGCGCAAAT
909,AGTAGGATCTATTGTC,126499,TGGACATAGCAACCCT
910,AGTAGGATCTCACACC,126504,TGGACATAGCGGTTCT
911,AGTAGGATCTTGTCTG,126552,TGGACATAGGGATTTA
912,AGTATAGCACTGACCG,126737,TCATGGTGTGAGTAGC
913,AGTCAAGAGGTGAAGC,127211,CTACTGATCATAGCCC
914,AGTCAAGAGTAAAGGT,127225,CTACTGATCTAAGCGG
915,AGTCAATGTGCTGTAA,127527,GATCCAACATAACCAG
916,AGTCAATGTTAGGCTA,127607,GATCCAACATTACCCG
917,AGTCAATGTTGGTTGA,127664,GATCCAACATGACCAA
918,AGTCAGGCAGGCCTTG,127954,TCTATGAGTCATGAAG
919,AGTCAGGCATAGACTT,128009,TCTATGAGTTGCGCGT
920,AGTCCTGAGCATGCAT,128167,GGTTATTTCCCAATTG
921,AGTCCTTGTAGCTGCG,128532,GGAGCAACAGGTTTGA
922,AGTCCTTGTCATTACC,128592,GGAGCAACAGTTGGCG
923,AGTCCTTGTCCGTGAG,128604,GGAGCAACATGGTTAG
924,AGTCCTTGTGCTCCAC,128674,GGAGCAACATGCTTTA
925,AGTCGCATCACCAATA,128893,GTGTGCAAGCAAACAC
926,AGTCGCATCCGTTATT,129038,GTGTGCAAGTGCTGAG
927,AGTCGCATCGGTTACG,129135,GTGTGCAAGGACTTAA
928,AGTCGCATCTAGCGTG,129178,GTGTGCAAGCGCAACA
929,AGTCGCATCTATGACA,129182,GTGTGCAAGTTACGAA
930,AGTCTTGCAATAATGG,129318,CTAACCGGTCAATTCA
931,AGTCTTGCAGTAAAGC,129506,CTAACCGGTTTACTAG
932,AGTGAACCACCTACGG,129776,GCTGTTGGTGGCTTAT
933,AGTGAACCAGCTCAAC,129851,GCTGTTGGTCACTATA
934,AGTGAACCAGTATGTT,129897,GCTGTTGGTGCAGTAA
935,AGTGAACCATAGCGAG,129929,GCTGTTGGTCTAACCG
936,AGTGAGTCACCTCGCT,130165,GCATTGTGTTGGGTTT
937,AGTGAGTCACGTTACA,130179,GCATTGTGTTACAGCT
938,AGTGAGTCACTTCACT,130196,GCATTGTGTGCGTACC
939,AGTGAGTCAGCTTACA,130238,GCATTGTGTTAGGTTC
940,AGTGAGTCAGGAACAT,130240,GCATTGTGTGCGGTTC
941,AGTGAGTCAGTAGGTG,130280,GCATTGTGTACCTTAA
942,AGTGAGTCATCGCTTT,130336,GCATTGTGTTGCTGGC
943,AGTGAGTCATGTTGCA,130361,GCATTGTGTTTGGTTA
944,AGTGCACGTGGGAACA,130993,TGGATCACAGGATCAC
945,AGTGCCGGTCCAAATG,131280,TCTAGCTCATGGATTG
946,AGTGCCGGTCCTTAGT,131295,TCTAGCTCACTTAGCT
947,AGTGCCGGTGGTTCTT,131382,TCTAGCTCAGAAACCC
948,AGTGCCGGTTTACCGT,131512,TCTAGCTCAGCAAGTC
949,AGTGCCGGTTTGTGGA,131541,TCTAGCTCAACCCTTG
950,AGTGCGGAGGATGATG,131735,GTTGTTGTCCGTCCCT
951,AGTGGACAGTTAGAGG,132280,GGTTGGATCTAAGCTT
952,AGTGTGGCACTAAGAA,132481,GCATTTAGTGTCACGC
953,AGTGTGGCACTGGCTG,132492,GCATTTAGTAGGATCA
954,AGTGTTTCAATGCCTA,132788,TTACCTTGTAACCGTT
955,AGTGTTTCAATTAACC,132790,TTACCTTGTATCGGCC
956,AGTGTTTCATGAGTTT,133030,TTACCTTGTCACAGGG
957,AGTGTTTCATTAAGTC,133052,TTACCTTGTGAGACTA
958,AGTTACATCCTTAGGG,133292,GTGGACCAGCATCCTA
959,AGTTACATCGGCCAGT,133342,GTGGACCAGAGATTCA
960,AGTTACTCAAGCGAGC,133510,CATCCAGGTGAGTCCC
961,AGTTACTCACCTCACC,133615,CATCCAGGTATTGTCA
962,AGTTACTCACTAAGAA,133633,CATCCAGGTGTCACGC
963,AGTTACTCATAAAGCA,133748,CATCCAGGTAATAAGC
964,AGTTATGTCAGTTCCC,133916,CACGGTAAGAGCAAGA
965,AGTTATGTCGATTCTT,134084,CACGGTAAGTGAGCCA
966,AGTTATGTCGTTACAA,134139,CACGGTAAGTGCAACG
967,AGTTGCAGTAATAACC,134249,GATTGATCATGTCATC
968,AGTTGCAGTCACGGAT,134331,GATTGATCATTGACTC
969,AGTTGCAGTTAAGCTG,134483,GATTGATCATGATGAT
970,AGTTGCGTCAATGACC,134634,CGGTAATAGACTAATG
971,AGTTGCGTCCGGTTGA,134787,CGGTAATAGTGGCCAA
972,AGTTGCGTCGCGACAC,134863,CGGTAATAGCAGGTTG
973,AGTTGCGTCGGGATTT,134882,CGGTAATAGCTTAGTT
974,AGTTGGCGTATTGCAG,135073,CCGCACTCAAGGAAGT
975,AGTTGGCGTCCTAACT,135125,CCGCACTCACCTTCAG
976,AGTTGTCAGGATCACT,135569,GCCTTCCTCATTATGC
977,AGTTTGATCACAGGAA,135795,ATTACGAAGCATTATC
978,AGTTTGATCCTCATGC,135960,ATTACGAAGGTGAATC
979,AGTTTGATCGATTTAG,136001,ATTACGAAGACAACGT
980,AGTTTGCAGCCATCAG,136233,CTGGCCATCGAGCAAT
981,AGTTTGCAGCGGTTAT,136267,CTGGCCATCGCGAAGC
982,AGTTTGCAGCGTGCGT,136269,CTGGCCATCTTGCATG
983,AGTTTGCAGTGAACGA,136480,CTGGCCATCTGGATCC
984,ATAAGCCTCCGGTTAG,137088,ATGTTTCAGGGTCCAA
985,ATAAGCCTCTTAGCGG,137275,ATGTTTCAGGGTCTAG
986,ATAAGTCGTAATCGTG,137323,GAGGCTTCACATAACG
987,ATAAGTCGTGGAAACG,137503,GAGGCTTCAGGAGGGT
988,ATAAGTCGTGGCTTCC,137512,GAGGCTTCAGCATTAG
989,ATAAGTCGTTCTTTAG,137611,GAGGCTTCATTTGGCT
990,ATAATGGCACCATATG,137821,GGACCAGGTAATTGGG
991,ATAATGGCATAGACTT,137981,GGACCAGGTTGCGCGT
992,ATAATGGCATAGTCAT,137988,GGACCAGGTGTACCGC
993,ATACCTGCACCGGTAT,138594,CCTGTTCGTCTTGAAC
994,ATACCTGCATGTTGCA,138799,CCTGTTCGTTTGGTTA
995,ATACCTGCATTGTGAT,138826,CCTGTTCGTGTAATGG
996,ATAGATGCACTGACCG,139011,CGTAGTTGTGAGTAGC
997,ATAGATGCAGCAAATA,139032,CGTAGTTGTTGCGTGC
998,ATAGATGCAGTAGGTG,139102,CGTAGTTGTACCTTAA
999,ATAGCATGTAATAGCT,139236,CGGTGCACATGAGCCG
1000,ATAGCATGTCACCTAT,139315,CGGTGCACATCAGGAC
1001,ATAGCATGTTACAACG,139477,CGGTGCACAGATAATC
1002,ATAGCATGTTGGTGAC,139551,CGGTGCACATCAAGCA
1003,ATAGGTACAAACTCAT,139607,TCCTGAGGTCAGTGCC
1004,ATAGGTACAAGGTCCT,139660,TCCTGAGGTTTGGCTG
1005,ATAGGTACAGTAAAGC,139862,TCCTGAGGTTTACTAG
1006,ATAGGTACATAACGGG,139885,TCCTGAGGTCCTCCCA
1007,ATAGGTACATATAACC,139907,TCCTGAGGTTAGGCTT
1008,ATAGGTACATTAAGTC,139956,TCCTGAGGTGAGACTA
1009,ATAGGTACATTGTGGC,139978,TCCTGAGGTGCTTCGA
1010,ATAGGTACATTGTTGG,139980,TCCTGAGGTCACCAAT
1011,ATATAGGCACCTCAGG,140136,CCCACTTGTGAGTTTC
1012,ATATAGGCACCTGGTG,140140,CCCACTTGTTAATCCA
1013,ATATAGGCAGCAAATA,140182,CCCACTTGTTGCGTGC
1014,ATATAGGCAGGCCTTG,140228,CCCACTTGTCATGAAG
1015,ATATAGGCATTGCGTA,140356,CCCACTTGTGTGATTC
1016,ATATGCATCGACAAAG,140593,CTGTTCAAGAAAGGCA
1017,ATATGCTCAATTGCGC,140854,CCAACTGGTACTAACC
1018,ATATGCTCATCACTTC,141063,CCAACTGGTAAAGCAT
1019,ATATGGTGTACCGGAT,141169,CGGGCTACACGATTCT
1020,ATATGGTGTATTCGTC,141209,CGGGCTACACTAATCC
1021,ATATGGTGTGCATTAG,141322,CGGGCTACAACCAACA
1022,ATATGTCCAAGGTCCT,141578,GACTAAGGTTTGGCTG
1023,ATATGTCCACAAGCCT,141630,GACTAAGGTTCATTGA
1024,ATATGTCCAGAGGGAG,141713,GACTAAGGTGCAACAA
1025,ATCAAGACAAGATTCT,141945,CTCACCTGTTATGGAG
1026,ATCAAGACATTGTCAG,142276,CTCACCTGTTTAATCG
1027,ATCACAATCAAGTGAG,143067,GCCCTTGAGCAGCTCT
1028,ATCACAATCCCGTTGT,143199,GCCCTTGAGGTAGCTG
1029,ATCACAATCGCACACA,143297,GCCCTTGAGTAGAGGA
1030,ATCACACAGTAGAGGC,143733,ACCTCCCTCATGCAAA
1031,ATCACCCTCACCTGTC,143859,TGAGCATAGTGTGGTG
1032,ATCACCCTCACTCAAA,143868,TGAGCATAGGTGCGTA
1033,ATCACCCTCGTACCGA,144104,TGAGCATAGCTTAGAA
1034,ATCAGGTTCAAACTCA,144592,ATTAGTGAGTAACGTA
1035,ATCAGGTTCAATGAGG,144611,ATTAGTGAGTTGCAAA
1036,ATCAGGTTCCCGTTGT,144735,ATTAGTGAGGTAGCTG
1037,ATCAGGTTCTATCGCC,144911,ATTAGTGAGGCTAATA
1038,ATCATCAAGGAGTCGG,145160,TTGCGACTCAATCGGG
1039,ATCATGTCACAGAACG,145479,AATACCCGTATTCAGC
1040,ATCATGTCAGTATGTT,145627,AATACCCGTGCAGTAA
1041,ATCCAACAGGACCTTG,145916,GTAACCCTCCACTAAT
1042,ATCCAACAGGAGTCTT,145929,GTAACCCTCGATAAGC
1043,ATCCAACAGTAAAGGT,146023,GTAACCCTCTAAGCGG
1044,ATCCAACAGTCAGTAC,146057,GTAACCCTCTGCAACC
1045,ATCCAACAGTTATGGC,146102,GTAACCCTCTGTGATT
1046,ATCCACCTCACTTCAT,146174,AGTGATCAGTGTCCAC
1047,ATCCACCTCATTTGCT,146240,AGTGATCAGCTTTAGT
1048,ATCCACCTCCTGGTCT,146333,AGTGATCAGGTTGTAA
1049,ATCCACCTCGATTCTT,146362,AGTGATCAGTGAGCCA
1050,ATCCACCTCGCATCCT,146371,AGTGATCAGGTTGGAT
1051,ATCCATAAGAGAAGGG,146535,AACGGATTCCCAAAGG
1052,ATCCATAAGCACCACA,146569,AACGGATTCTAACTGT
1053,ATCCCGCGTCAAGTAT,146981,GGATCCGCATGACAGC
1054,ATCCCGCGTTAACAGT,147140,GGATCCGCACGGATTA
1055,ATCCGTGAGATACTTG,147316,CTCCTCATCGCGGATA
1056,ATCCGTGAGGATTGAG,147468,CTCCTCATCAGGTTCC
1057,ATCCGTGAGGCAAGTA,147472,CTCCTCATCTTGAATC
1058,ATCCGTGAGGGACCTC,147508,CTCCTCATCCGTTATG
1059,ATCCGTGAGGTTTGAC,147554,CTCCTCATCGATTAAG
1060,ATCCGTGAGTGCACGC,147617,CTCCTCATCTAAGTCT
1061,ATCCTCATCTAGCGAT,147977,AGGGTCCAGGCAGGTC
1062,ATCCTCATCTGTGAGT,148010,AGGGTCCAGGTATTTC
1063,ATCCTGACAAGGTGCA,148106,GATAACGGTGCGTAAA
1064,ATCCTGACAGTAAAGC,148306,GATAACGGTTTACTAG
1065,ATCCTTAGTCGTTATC,148575,TCAGGACCAGTGAGAG
1066,ATCGAGGCAACCTGGT,148843,CTAGGTTGTAGCGCTC
1067,ATCGAGGCACTTGTTC,148996,CTAGGTTGTGGTTACT
1068,ATCGAGGCAGCAATAA,149014,CTAGGTTGTACGTTTA
1069,ATCGAGGCAGTTAGCC,149085,CTAGGTTGTCCCTCTG
1070,ATCGAGGCAGTTTGTG,149092,CTAGGTTGTGTTACTA
1071,ATCGAGGCATAATCGT,149102,CTAGGTTGTTCTTTGT
1072,ATCGCCCGTGGTTATG,149412,GTAAGAACAAAGGAAC
1073,ATCGGCCAGGCGCACT,150171,GCAATAATCAATGTGA
1074,ATCGGCCAGGTCAAAG,150214,GCAATAATCCTTTAGG
1075,ATCGGCCAGTTAGCCG,150311,GCAATAATCATGAGGT
1076,ATCTATGAGATACTTG,150382,TTTCTTGTCGCGGATA
1077,ATCTTTGGTAAGGTTT,150741,GACCGTGCAAGGTGGA
1078,ATCTTTGGTGGAAACG,150929,GACCGTGCAGGAGGGT
1079,ATGAAGCCAGGCTGTT,151358,ACTTAGCGTTCATTCT
1080,ATGAAGCCATCACAGC,151418,ACTTAGCGTTCCTGGA
1081,ATGAAGTAGCTAAGTC,151615,GTGCTTATCTGGCTGT
1082,ATGAAGTAGCTTAGCG,151641,GTGCTTATCGAGGCGT
1083,ATGAAGTAGTCAATCA,151799,GTGCTTATCCACGTTA
1084,ATGAATGCAAATTGCT,151897,GGAGTCGGTAAGTACG
1085,ATGAATGCACCAGCAT,152013,GGAGTCGGTTCGGTAT
1086,ATGAATGCACCTAATG,152023,GGAGTCGGTTACTAGC
1087,ATGAATGCAGCACGAA,152082,GGAGTCGGTAATCACC
1088,ATGAATGCAGCCTAAC,152092,GGAGTCGGTAAACCAG
1089,ATGAATGCATGTCAAT,152221,GGAGTCGGTTGCGAGG
1090,ATGACAACAACACTTG,152284,GCTTAACGTGTTACAC
1091,ATGACAACACACTAAT,152379,GCTTAACGTTCACCTC
1092,ATGACAACACCACAAC,152396,GCTTAACGTGTTCCTC
1093,ATGACAACAGGTTATT,152519,GCTTAACGTTTGGTGT
1094,ATGACCAGTAGTTAAC,152708,ATTGTGGCATCCGGGA
1095,ATGACCAGTCCTAATC,152773,ATTGTGGCACGGTAAC
1096,ATGACCAGTGCATCGG,152829,ATTGTGGCATGGCTAA
1097,ATGACCAGTTGCTGGG,152970,ATTGTGGCACTCAGTT
1098,ATGACGAAGAGGAGTC,153060,AATTCGTTCTACTAAC
1099,ATGACGAAGGAGCATA,153206,AATTCGTTCCGTAAGG
1100,ATGACGAAGGAGGTTA,153210,AATTCGTTCTAAATCC
1101,ATGACGAAGGTCCTAG,153287,AATTCGTTCCTCAAGC
1102,ATGACGAAGTCTGGGC,153354,AATTCGTTCCCAGTAC
1103,ATGACGAAGTTAGTTG,153383,AATTCGTTCTACCTGA
1104,ATGACTCAGCTATGAC,153539,GAGGCTATCTAACCCA
1105,ATGACTCAGTTACCGG,153759,GAGGCTATCCCTGATA
1106,ATGAGCCGTACCAGGT,153824,GGGAACACATAATCGG
1107,ATGAGCCGTACGCGCA,153832,GGGAACACACCACAAA
1108,ATGAGCCGTATTGTGG,153873,GGGAACACAGTCTATC
1109,ATGAGCCGTCACGAAC,153892,GGGAACACATGAGGAG
1110,ATGAGCCGTTATTGCC,154084,GGGAACACAACGGTGT
1111,ATGAGCCGTTGCAATG,154111,GGGAACACAACCGTAA
1112,ATGATGGAGCATTTCT,154639,CCTTTGTTCCAAATTC
1113,ATGATGGAGTTAGAGG,154912,CCTTTGTTCTAAGCTT
1114,ATGCAAACAAAGGCCA,154959,TTATCGAGTGAGTCAA
1115,ATGCAAACACAACAGG,155054,TTATCGAGTATTGCGT
1116,ATGCAAACACCCTCAC,155086,TTATCGAGTAAGTGGC
1117,ATGCAGGCAATCGCAC,155414,AGGTTAGGTTACAACC
1118,ATGCAGGCAATCTCTC,155415,AGGTTAGGTGAGGGTT
1119,ATGCATTCATGCATAT,156049,GAAGTCAGTAATGGTG
1120,ATGCCTGAGGCCTGGT,156305,GCGTGTTTCCTTGCAA
1121,ATGCCTGAGGCTAAGA,156316,GCGTGTTTCATTAGTC
1122,ATGCGATTCAATACGC,156495,TAATGCAAGACTTACT
1123,ATGCGATTCATGCTAA,156570,TAATGCAAGCTCGACT
1124,ATGCTTAAGCAAGGAC,156916,CATTAGTTCGCGAAAT
1125,ATGCTTAAGGTACCGC,157117,CATTAGTTCAAGCTTT
1126,ATGCTTAAGGTCGATT,157128,CATTAGTTCTCTCGCC
1127,ATGGACAAGCATGACT,157320,TGATGAATCGTGCTGT
1128,ATGGACAAGCTATATG,157376,TGATGAATCGTTAAAG
1129,ATGGCCCAGCATTTCT,157711,CCATAGCTCCAAATTC
1130,ATGGCCGGTACCGTTT,158051,AGCTTCTCAAATACGT
1131,ATGGCCGGTGCAATGC,158199,AGCTTCTCAGGACTAC
1132,ATGGCTAGTAGCTGGT,158453,GGCAATCCAGGTTGCG
1133,ATGGCTAGTCTCAGCC,158551,GGCAATCCAACAAAGA
1134,ATGGCTAGTTCATCTA,158694,GGCAATCCAGGTAAGG
1135,ATGGCTGTCATCCACC,158858,CGCATGAAGGTTCCGT
1136,ATGGCTGTCATGAAGG,158863,CGCATGAAGTAAGCGT
1137,ATGGCTGTCATTAGCA,158883,CGCATGAAGCTATATC
1138,ATGGCTGTCCAAACAC,158896,CGCATGAAGATATTCC
1139,ATGGCTTAGCGCCTAA,159275,CGGTTTATCTTGGACC
1140,ATGGCTTAGGTGAAGC,159431,CGGTTTATCATAGCCC
1141,ATGGCTTAGTGAAGTG,159497,CGGTTTATCCTGATAT
1142,ATGGTCTAGAGAGGCT,159576,CGTTATGTCATGTTGT
1143,ATGGTCTAGGTGAGAC,159816,CGTTATGTCCAGGACA
1144,ATGGTCTAGGTTACAC,159821,CGTTATGTCCTCTCGC
1145,ATGGTCTAGGTTTACA,159825,CGTTATGTCTTCAAGT
1146,ATGGTCTAGTCACTAA,159860,CGTTATGTCGATTATC
1147,ATGGTGCGTAATCGGC,159954,TAAGACTCAGTTTGCT
1148,ATGGTGCGTTAGTGAT,160215,TAAGACTCACTAGCGG
1149,ATGGTGCGTTGAGCCG,160247,TAAGACTCAGCAAATT
1150,ATGGTTATCTAATCCT,160624,GCAACATAGGATGCGC
1151,ATGGTTATCTGGTCCT,160661,GCAACATAGTCAACAA
1152,ATGTAACGTAAGCTTG,160711,GAAGGTGCACCTAAAG
1153,ATGTAACGTTGGTTAG,161032,GAAGGTGCAGCTAGCG
1154,ATGTAAGCAACTAACT,161115,ACGCCTAGTTCCCGTT
1155,ATGTCAATCATTGTCT,161575,TGCATTTAGGGCTATG
1156,ATGTCAATCCCTCAGT,161613,TGCATTTAGAGCTGCA
1157,ATGTCATCACCTATAG,161998,GAGCTGGGTAACGAGC
1158,ATGTCATCACCTGTAA,162005,GAGCTGGGTTTATGGC
1159,ATGTCATCAGTAAGTA,162111,GAGCTGGGTGAACCGG
1160,ATGTGAGAGACTTATG,162640,TACTACGTCGCTTGAC
1161,ATGTGAGAGCGATAAG,162722,TACTACGTCGCTTCTT
1162,ATGTGAGAGGTTACAC,162889,TACTACGTCCTCTCGC
1163,ATGTGAGAGTAGCGCC,162913,TACTACGTCTGTCAGC
1164,ATGTTCAAGCCACATG,163082,AAACTAGTCTTGTTGG
1165,ATGTTCAAGCGCCTAA,163111,AAACTAGTCTTGGACC
1166,ATGTTCAAGCGGGCAA,163118,AAACTAGTCCCTCACC
1167,ATGTTCAAGCTACTGG,163126,AAACTAGTCGTGATGG
1168,ATGTTCAAGTAAGGGC,163289,AAACTAGTCGGTTACC
1169,ATGTTGTCAAGTTATC,163453,TACCGGCGTTGGCCAC
1170,ATGTTGTCACCTCAGG,163536,TACCGGCGTGAGTTTC
1171,ATGTTGTCACGTTACA,163551,TACCGGCGTTACAGCT
1172,ATGTTGTCAGCACCAT,163589,TACCGGCGTTGACTAC
1173,ATGTTGTCATGGAGGC,163725,TACCGGCGTGAGGTAC
1174,ATGTTTGAGCGGATAA,163883,TCCACAATCCTCCCAC
1175,ATGTTTGAGTGAACGA,164100,TCCACAATCTGGATCC
1176,ATTAACCCAAAGGCCA,164167,CCTATTTGTGAGTCAA
1177,ATTAACCCACACAATT,164269,CCTATTTGTCGGTTTG
1178,ATTAACCCATCGCTTT,164476,CCTATTTGTTGCTGGC
1179,ATTAACCCATGCATAT,164489,CCTATTTGTAATGGTG
1180,ATTAACCCATTGTCAG,164526,CCTATTTGTTTAATCG
1181,ATTACCCGTGCAACTA,164717,CCACACCCAGTATGTG
1182,ATTACCGCACATTAAC,165050,CTCATAAGTTCACGCA
1183,ATTACCGCATCCTAGA,165239,CTCATAAGTTTGTCTT
1184,ATTACCGCATTGTCAG,165292,CTCATAAGTTTAATCG
1185,ATTACGTCAACTGGGA,165343,AACTGAGGTGCTCATG
1186,ATTACGTCAAGGACCA,165355,AACTGAGGTAACCGCC
1187,ATTACGTCACCATATG,165441,AACTGAGGTAATTGGG
1188,ATTACGTCACTCGCTC,165478,AACTGAGGTTGTTCCC
1189,ATTACGTCAGGCGAGT,165547,AACTGAGGTAACCTAC
1190,ATTACGTCAGGCTGTT,165552,AACTGAGGTTCATTCT
1191,ATTACTGAGCATTATG,165764,CTTGATGTCTCCTCAT
1192,ATTACTGAGGTGTCCA,165957,CTTGATGTCCTCACGG
1193,ATTAGCGGTATTGAGT,166144,TTACTTGCACTCGCAC
1194,ATTAGCGGTCGCATAA,166212,TTACTTGCAACCTACT
1195,ATTAGCGGTGTGTCCC,166301,TTACTTGCACTATGGA
1196,ATTAGCGGTTGTAACG,166408,TTACTTGCAGGTTATG
1197,ATTAGCGGTTTGTTGC,166450,TTACTTGCAGCTCGCT
1198,ATTAGCTCAAGGTATA,166511,GCAGTTTGTGAACAAT
1199,ATTAGCTCAATAGTCT,166530,GCAGTTTGTGTCCTGA
1200,ATTAGCTCACTCAACA,166627,GCAGTTTGTTAACCAC
1201,ATTAGCTCATAGCGGA,166754,GCAGTTTGTAGCTTTA
1202,ATTAGCTCATAGCTGC,166755,GCAGTTTGTCATCATA
1203,ATTAGCTCATGACTAT,166784,GCAGTTTGTTAGCTCG
1204,ATTAGGTGTCCCGGAA,166958,GTCCTTGCAAATGAAG
1205,ATTAGGTGTCGCGCAA,166979,GTCCTTGCAGCCGGTA
1206,ATTAGTCCAACTAGCC,167255,GAAGCACGTTGTTGTA
1207,ATTAGTCCAATTAACC,167312,GAAGCACGTATCGGCC
1208,ATTAGTCCAATTAGGA,167315,GAAGCACGTGGTTAAG
1209,ATTAGTCCACAACCTA,167329,GAAGCACGTAACCTCG
1210,ATTAGTCCACTCGCTC,167394,GAAGCACGTTGTTCCC
1211,ATTATCCTCGTGCTAG,167889,GGTGTGCAGGATGACT
1212,ATTATGGTCCGCCAAA,168150,AGCCTTCAGCCTGGTT
1213,ATTATGGTCCTAGTCC,168175,AGCCTTCAGCGAAGCC
1214,ATTATGGTCTGTGAGT,168336,AGCCTTCAGGTATTTC
1215,ATTATGGTCTTGCATT,168357,AGCCTTCAGTGCGGGT
1216,ATTCAACCAGCTAACC,168590,CAATTGCGTATGGTCT
1217,ATTCACTTCCCGAACA,168893,TGCGCTTAGGTCCCTG
1218,ATTCACTTCCGCTAGA,168921,TGCGCTTAGCTCATTG
1219,ATTCACTTCTAGCTAA,169073,TGCGCTTAGGAGGGTG
1220,ATTCATGAGACAGGCG,169155,GTCGTTATCACTATGT
1221,ATTCATGAGCCGCTTT,169227,GTCGTTATCCTGGATC
1222,ATTCATGAGGTGAGAC,169406,GTCGTTATCCAGGACA
1223,ATTCCGGAGAATCTCA,169530,TTCCTGTTCTTAGGTT
1224,ATTCCGGAGTCACTCC,169835,TTCCTGTTCGCGATAG
1225,ATTCCGGAGTGAACCT,169853,TTCCTGTTCAGGGCTA
1226,ATTCCTAGTAAGCACC,169917,GTTATCCCATCCCTCT
1227,ATTCCTAGTTACCGGG,170167,GTTATCCCACTTCAAC
1228,ATTCCTAGTTATCGAG,170194,GTTATCCCATCCTGGC
1229,ATTCCTCCAAGCTTAT,170338,CAATGAGGTCCTAACG
1230,ATTCCTCCACTAAATC,170456,CAATGAGGTTTACCAA
1231,ATTCCTCCAGGAATCG,170520,CAATGAGGTATCCGTG
1232,ATTCGTTTCGCTAGAT,170925,ATCGCTCAGAATGACC
1233,ATTGAAGCAAGGAATC,171108,GGTTCGCGTCAACCGC
1234,ATTGAAGCACTTCACT,171240,GGTTCGCGTGCGTACC
1235,ATTGAAGCAGGACCTT,171291,GGTTCGCGTTGCTCTC
1236,ATTGAAGCATCCAGGT,171372,GGTTCGCGTGCCTTTC
1237,ATTGACTCAATATACC,171519,TTTAACGGTAGGCGCA
1238,ATTGCACAGATGGAGC,171868,TTAGCTGTCGCAACTC
1239,ATTGCACAGCGAGCGA,171927,TTAGCTGTCGATATAG
1240,ATTGCACAGCGCATTG,171934,TTAGCTGTCAAACCGG
1241,ATTGCACAGCTATGAC,171953,TTAGCTGTCTAACCCA
1242,ATTGCACAGGCTAGAA,172048,TTAGCTGTCACAGCCT
1243,ATTGCACAGTAGGCGG,172125,TTAGCTGTCCCGCTGA
1244,ATTGCAGGTACCGAAC,172240,CGGGTTGCACAAAGCC
1245,ATTGCAGGTTAATGAC,172464,CGGGTTGCATGCTGGG
1246,ATTGCGCCAATATAGG,172670,GAGTTAGGTTACGTAC
1247,ATTGCGCCACCTACGG,172738,GAGTTAGGTGGCTTAT
1248,ATTGCGCCAGCAACAG,172789,GAGTTAGGTAATCCAC
1249,ATTGCGCCATTAGCGC,172948,GAGTTAGGTACTGATC
1250,ATTGGCTAGACAAGTG,173370,ATGTAAGTCCTCACTT
1251,ATTGGCTAGCTGTACG,173501,ATGTAAGTCAATATCC
1252,ATTGGCTAGGAAGCAC,173519,ATGTAAGTCTAGCCTA
1253,ATTGGCTAGTCACTAA,173668,ATGTAAGTCGATTATC
1254,ATTGGTTCAGGCAAGC,173979,GTATCCGGTAAACCCT
1255,ATTGGTTCATTAAGCT,174095,GTATCCGGTGCTCCTT
1256,ATTGTCCGTGAGCAAG,174292,CGATATGCATCTATGC
1257,ATTGTCCGTGCTTAGA,174325,CGATATGCAAGGTGCT
1258,ATTGTCCGTGGACCTG,174330,CGATATGCACAATAAC
1259,ATTGTCCGTTAAGCGC,174374,CGATATGCAACCGCTC
1260,ATTGTCCGTTCTTTAG,174435,CGATATGCATTTGGCT
1261,ATTGTCCGTTGTCCAT,174464,CGATATGCATGGAGGA
1262,ATTGTCCGTTTGGCGG,174497,CGATATGCACATGCTT
1263,ATTTAGCCACAGAAAC,175010,TTTATCCGTGGGTAAC
1264,ATTTAGCCACCAGGTT,175028,TTTATCCGTTTGCTGG
1265,ATTTAGCCAGGTTATT,175149,TTTATCCGTTTGGTGT
1266,ATTTAGGTCGAAGCGG,175496,ATGTCCCAGTGAGGAA
1267,ATTTAGGTCGTTACAA,175565,ATGTCCCAGTGCAACG
1268,ATTTAGGTCTTTGTAC,175656,ATGTCCCAGGTGGAAA
1269,ATTTGCAAGTCACTAA,175970,GAGTAACTCGATTATC
1270,ATTTGCAAGTCCTTCA,175980,GAGTAACTCTCAGCTA
1271,ATTTGCAAGTTGTCAA,176030,GAGTAACTCACCTGGT
1272,ATTTGCGCAAAGGTAC,176058,GCTTTAAGTAGCTAAG
1273,ATTTGCGCAATAGCAA,176118,GCTTTAAGTCCTCACT
1274,ATTTGCGCACACTAAT,176161,GCTTTAAGTTCACCTC
1275,ATTTGCGCATGCATAT,176379,GCTTTAAGTAATGGTG
1276,ATTTGTGAGCTATGAC,176555,TAAAGGCTCTAACCCA
1277,ATTTGTGAGGTGCTGC,176696,TAAAGGCTCAAACTAG
1278,ATTTGTGAGTACTGGT,176720,TAAAGGCTCACAGATA
1279,ATTTGTGAGTAGAGGC,176721,TAAAGGCTCATGCAAA
1280,ATTTGTGAGTATTGGC,176731,TAAAGGCTCACTTGCA
1281,ATTTGTGAGTTGCCTC,176793,TAAAGGCTCAGCACGA
1282,CAAACAACAACAGGTG,176837,GCCAATTGTGTAACAG
1283,CAAACAACACGTGCTG,176976,GCCAATTGTTACTTCT
1284,CAAACAACACTAAGTT,176981,GCCAATTGTTGCTTCC
1285,CAAACAACATGAGCAG,177143,GCCAATTGTCATAACC
1286,CAAACACTCAGTGAAG,177261,TGAGACTAGCCAATCC
1287,CAAACACTCCCGTTTA,177340,TGAGACTAGCAAGGAA
1288,CAAACATGTAACCACA,177582,GAGTGAGCATCATCAC
1289,CAAACATGTCAGTAAT,177682,GAGTGAGCAACCAAAT
1290,CAAACATGTTTGCGAA,177948,GAGTGAGCACCTGGCT
1291,CAAACCGTCACGCATG,177999,GGCTAATAGTTACCCA
1292,CAAACCGTCATGAAGG,178043,GGCTAATAGTAAGCGT
1293,CAAACCGTCCATAAGC,178092,GGCTAATAGGAGCTTG
1294,CAAACCGTCCCTGATC,178114,GGCTAATAGCATATAG
1295,CAAACCGTCCGGCTAA,178129,GGCTAATAGATAGCTA
1296,CAAACCGTCGCTAGCA,178214,GGCTAATAGCCAGGAC
1297,CAAACCGTCGTTAACA,178249,GGCTAATAGAAACCGT
1298,CAAACTGGTAATAGCT,178744,TTCCGCACATGAGCCG
1299,CAAACTGGTCTAACCT,178875,TTCCGCACAAACTAGT
1300,CAAACTGGTTAGGTGC,179006,TTCCGCACAGGTGACT
1301,CAAAGCGCAAGACTCC,179150,ATCACTAGTATGGTGA
1302,CAAAGCGCATCTAGCA,179434,ATCACTAGTTTAACCA
1303,CAAAGGATCACGTTAA,179534,GGCCTTTAGCTCCTAA
1304,CAAAGGATCATGTTTC,179591,GGCCTTTAGGCAATCG
1305,CAAAGGATCCTCGATC,179692,GGCCTTTAGAACCTGG
1306,CAAAGGATCGAGCTAT,179720,GGCCTTTAGGTATGTA
1307,CAAAGGATCTTGTCTG,179868,GGCCTTTAGGGATTTA
1308,CAAAGTGAGCAAGATG,179927,GATTGAATCACACAAA
1309,CAAAGTGAGCGAAGTA,179978,GATTGAATCAAATCGA
1310,CAAAGTGAGGTCAAAG,180132,GATTGAATCCTTTAGG
1311,CAAAGTGAGGTCGAGG,180139,GATTGAATCAGCCTGT
1312,CAACAATGTGGATTAT,180853,CTGTTTACATAATGCG
1313,CAACAATGTGTGAGAG,180871,CTGTTTACACCTCAAT
1314,CAACAATGTTAGCCAA,180917,CTGTTTACAAAGTGAA
1315,CAACAATGTTGCTGGG,180970,CTGTTTACACTCAGTT
1316,CAACAATGTTTATGGG,181002,CTGTTTACACTGTCAT
1317,CAACAGGCAAATTCGT,181046,TTCAAGCGTACTTATG
1318,CAACAGGCACAGCCTG,181150,TTCAAGCGTATTGAGG
1319,CAACAGGCAGCACGAA,181232,TTCAAGCGTAATCACC
1320,CAACAGGCAGGATGGC,181263,TTCAAGCGTTGTTTGA
1321,CAACCCGCAAGCCAGA,181455,GGACATAGTCGCATTG
1322,CAACCCGCAATGCCCG,181501,GGACATAGTTGAGTCT
1323,CAACCCGCATAGACTT,181709,GGACATAGTTGCGCGT
1324,CAACCCTTCACGCATG,181833,TAGTCAAAGTTACCCA
1325,CAACTAGGTCAGGAAG,183045,TAAGAAGCAGGTATTG
1326,CAACTAGGTGTTTGCT,183186,TAAGAAGCATCCTAGT
1327,CAAGAACCAGCCAGAA,183539,TCTTTGTGTGGTTCTG
1328,CAAGACAAGACCATAC,183729,CCACTAATCTCCATGA
1329,CAAGACAAGCAAGACA,183760,CCACTAATCGCATTAT
1330,CAAGCTAGTAGGATTT,184151,CTTATTGCATATTGCC
1331,CAAGCTAGTCAAGACC,184180,CTTATTGCAGTGCAAC
1332,CAAGCTAGTCCTCCAA,184225,CTTATTGCAGAGAGGC
1333,CAAGCTAGTGGACCTG,184300,CTTATTGCACAATAAC
1334,CAAGCTAGTGTCCTGC,184320,CTTATTGCATAGGTGC
1335,CAAGCTAGTTAGGCTA,184373,CTTATTGCATTACCCG
1336,CAAGCTAGTTTGCGCC,184465,CTTATTGCATTACAGG
1337,CAAGGCCTCATTGTCT,184587,CATTATCAGGGCTATG
1338,CAAGGCCTCCTAATAG,184660,CATTATCAGGTCACGA
1339,CAAGGCCTCTACCTGC,184791,CATTATCAGCATCTAT
1340,CAAGGCTGTAACGGGA,184868,TATGCTCCACTGGCAG
1341,CAAGGGAGTAACCACA,185246,TAGTACGCATCATCAC
1342,CAAGGGAGTAATGGCC,185268,TAGTACGCACTCCCTT
1343,CAAGGGAGTGTTGCAA,185478,TAGTACGCACCGTTAT
1344,CAAGGGAGTTCAAGAT,185533,TAGTACGCAATTACCC
1345,CAAGGTAAGCTGGCTA,185767,TCCTTGTTCTGGAAAC
1346,CAAGGTTTCACCATTT,186042,GCCTACTAGGCTTGCT
1347,CAAGGTTTCCGCACAA,186170,GCCTACTAGTAAACTG
1348,CAAGGTTTCGGGACCT,186274,GCCTACTAGCTGGATG
1349,CAAGTATGTACCAGGT,186806,GATGTCACATAATCGG
1350,CAAGTGAAGGACTTAC,187335,GGGTTTCTCGCCTGTG
1351,CAAGTGAAGTATTGTG,187464,GGGTTTCTCAGGAGCC
1352,CAAGTGAAGTTAGGCT,187513,GGGTTTCTCAAACTGA
1353,CAAGTTATCAACCAAC,187548,TATGATGAGTCTTGCA
1354,CAAGTTATCGAAGTAG,187765,TATGATGAGGTGCTGA
1355,CAATAAGCAACATAAG,187954,GTATTGCGTAACGATG
1356,CAATAGCTCATCAGTA,188387,CACAGATAGCTTAGCC
1357,CAATAGCTCCAGGTTG,188441,CACAGATAGTCATGCC
1358,CAATAGCTCCGCAACA,188470,CACAGATAGGAGTATC
1359,CAATATGTCAAGGACA,188706,TGGCTAGAGTTTCACG
1360,CAATATGTCCGCATGA,188857,TGGCTAGAGTCACTAT
1361,CAATCCCTCAGGAACA,189136,GCAGCTAAGAGAGGCG
1362,CAATCCTGTTAACAGT,189708,TGCAAGCCACGGATTA
1363,CAATCGCCAAATATCC,189862,CGAATCTGTTGTGACT
1364,CAATCGCCACCCACCT,189985,CGAATCTGTCCAGCAC
1365,CAATCGCCAGGGAGGA,190098,CGAATCTGTACGCACC
1366,CAATGAACAACAGCCT,190637,CAAGTGAGTCGATTAC
1367,CAATGAACAGCACGAA,190818,CAAGTGAGTAATCACC
1368,CAATGAACAGCTTAGC,190839,CAAGTGAGTCTATCTT
1369,CAATGACTCCTGCGAA,191201,TCTCAATAGCGGGACT
1370,CAATGACTCGCGACAC,191245,TCTCAATAGCAGGTTG
1371,CAATGTCAGCTTACTT,191912,CAACCGTTCGCACACT
1372,CAATGTGGTAAGGTCC,192162,CGGCTCTCAATTTGGG
1373,CAATGTGGTCGCAATA,192289,CGGCTCTCACATTACC
1374,CACAAGCGTGTAACCA,192751,GTTCGTTCATAGCATG
1375,CACAAGCGTTACAACG,192789,GTTCGTTCAGATAATC
1376,CACAATATCATCAGTA,192989,CAACAACAGCTTAGCC
1377,CACAGGCTCCTTGAGG,193513,TACCCACAGTATCCGC
1378,CACAGGGAGCCTCTGT,193774,CCAACCGTCGCGTTAC
1379,CACAGGGAGGTCCTGA,193942,CCAACCGTCTATATGC
1380,CACAGGGAGTCAATTG,193988,CCAACCGTCTTTGGTG
1381,CACAGGGAGTCGCTAG,194005,CCAACCGTCCATCAGC
1382,CACATAATCGACCTGA,194290,CGGAACCAGTTTGACT
1383,CACATACAGCAAGGTA,194502,CGATTGCTCAGCGGGT
1384,CACATACAGGAGCATA,194628,CGATTGCTCCGTAAGG
1385,CACATACAGTATCGCG,194750,CGATTGCTCGCCCGTA
1386,CACATTAAGCTTACTT,195364,CTAGCTATCGCACACT
1387,CACCGGTAGACTTACA,196007,GAAGCCATCGCTTGCG
1388,CACCGGTAGCATGAAG,196055,GAAGCCATCAGTGAAC
1389,CACCGGTAGCTATGAC,196113,GAAGCCATCTAACCCA
1390,CACCGGTAGGAATAAC,196150,GAAGCCATCTAGTTGT
1391,CACCTCAGTTGGCGTG,196699,TCAAGTGCACTAGTCT
1392,CACCTCAGTTTAAAGC,196715,TCAAGTGCACGGATCG
1393,CACCTGTTCGCTCCAT,197009,TACAACAAGATAGACC
1394,CACGCAATCACTTCAT,197182,CTGTGAGAGTGTCCAC
1395,CACGCAATCCATTACT,197269,CTGTGAGAGCTTGGTC
1396,CACGCAATCGCAGGCT,197378,CTGTGAGAGGTCATTT
1397,CACGCAATCTTGACCC,197499,CTGTGAGAGGAGCAGG
1398,CACGCTAAGCACAGCC,197575,TAGCAAATCCTCAGTA
1399,CACGCTAAGGAAACTG,197675,TAGCAAATCGTTTCTC
1400,CACGCTAAGTAAGAAC,197806,TAGCAAATCCTTCAAG
1401,CACGCTAAGTGAGGGT,197856,TAGCAAATCGCAACCT
1402,CACTAAGGTCCTTCTC,198037,ACCCTTGCAATTAGCG
1403,CACTAAGGTGAGAAAC,198068,ACCCTTGCAAACGCGT
1404,CACTAAGGTTCACCAT,198195,ACCCTTGCATTACGGA
1405,CACTAGCCATTAGGTT,198644,GCCGTTAGTCCTTGAG
1406,CACTGACCAAAGCTAA,198681,GTCCGTAGTTTCCAGG
1407,CACTGACCAATTTAGC,198771,GTCCGTAGTTATATCG
1408,CACTGACCAGCAACCT,198868,GTCCGTAGTTCTGGCA
1409,CACTGACCATGTGGGA,199016,GTCCGTAGTGCTTCTC
1410,CACTTAAAGCATGTTA,199128,GGTGTGATCAAACTTC
1411,CACTTAAAGCGAAGTA,199154,GGTGTGATCAAATCGA
1412,CACTTAAAGCTTCTCA,199205,GGTGTGATCTTTAGGT
1413,CACTTAAAGGGTGAGT,199298,GGTGTGATCACATAGA
1414,CACTTTGTCCTGAGTG,199638,AGGAGGTAGGGTTATA
1415,CAGAACCGTTAAATGC,200064,AGTCACACATTGTCTA
1416,CAGAACCGTTACCTGT,200082,AGTCACACATGAATCG
1417,CAGAACCGTTTGGCTT,200194,AGTCACACAATCTCTA
1418,CAGAATCTCACAGGAA,200233,CCGTTACAGCATTATC
1419,CAGAATCTCCCTGGTT,200358,CCGTTACAGTACTGAA
1420,CAGAATCTCGCCTAAG,200449,CCGTTACAGTAAAGGG
1421,CAGATTCAGAGAGCCG,200612,TGAAGTATCTAGGAAC
1422,CAGATTCAGCATTTCT,200665,TGAAGTATCCAAATTC
1423,CAGATTCAGTATGTGC,200889,TGAAGTATCCGGTACT
1424,CAGCAAGCACTAAGCC,201140,CTTACTTGTTAGGCGG
1425,CAGCAAGCATAGCAGG,201270,CTTACTTGTAGTCATC
1426,CAGCATGTCATGTCAA,201451,AAGCTCGAGTGCTCAC
1427,CAGCATGTCCACCCTG,201478,AAGCTCGAGCTCATGC
1428,CAGCATGTCCGGGACT,201524,AAGCTCGAGAATCTAG
1429,CAGCATGTCGTACCGA,201636,AAGCTCGAGCTTAGAA
1430,CAGCATTAGCCTGACA,201833,GTGTTTGTCGACCTTA
1431,CAGCATTAGGTGCGGA,202007,GTGTTTGTCATGCCTA
1432,CAGCATTAGTAACTCA,202025,GTGTTTGTCCCTGGTG
1433,CAGCATTAGTTTGAGC,202116,GTGTTTGTCAAATCCT
1434,CAGCCAATCATAGACC,202196,GTCATTTAGTCCTTGA
1435,CAGCCAATCATGGCTG,202216,GTCATTTAGGACGAAA
1436,CAGCCAATCCCGTTAC,202266,GTCATTTAGCTAAATG
1437,CAGCCAATCGGCTAGC,202386,GTCATTTAGTCCTGCG
1438,CAGCCAATCTTTGTAC,202504,GTCATTTAGGTGGAAA
1439,CAGCCTAAGCAAGATG,202557,ACCATGCTCACACAAA
1440,CAGCCTAAGGATCACT,202695,ACCATGCTCATTATGC
1441,CAGCCTAAGGCAGGTG,202705,ACCATGCTCGGGATGC
1442,CAGCCTAAGTTTCCGC,202882,ACCATGCTCCCGCACA
1443,CAGCTAAGTGTTGCAA,203510,TGTTGAGCACCGTTAT
1444,CAGCTATAGCAAGGTA,203710,GTATCGCTCAGCGGGT
1445,CAGCTATAGCGGTTAT,203775,GTATCGCTCGCGAAGC
1446,CAGCTATAGGAGTCTT,203843,GTATCGCTCGATAAGC
1447,CAGCTATAGGGCTAAA,203896,GTATCGCTCGCTAGAG
1448,CAGCTCAAGACACCGC,204055,ACGTATTTCAGGAGGG
1449,CAGCTCAAGGATTTGC,204234,ACGTATTTCATTACAC
1450,CAGCTCAAGGGCTTAT,204281,ACGTATTTCAAATACG
1451,CAGCTCAAGTTAGTGC,204396,ACGTATTTCGTGCTTA
1452,CAGGAAGGTACCAGGT,204454,CGTGAACCATAATCGG
1453,CAGGAAGGTTGCGGAT,204748,CGTGAACCATCCCAAT
1454,CAGGACACAACTAGGG,204844,TATGTTGGTTAGTTGC
1455,CAGGACACAATTAGCT,204902,TATGTTGGTCCAAATC
1456,CAGGACCTCATGTGGT,205288,CAGCTAGAGTGGCGGT
1457,CAGGACCTCTGTTCAT,205543,CAGCTAGAGTTAGTAG
1458,CAGGATGCAACTAGCC,205611,GACCAGGGTTGTTGTA
1459,CAGGATGCATAAGGAC,205861,GACCAGGGTACAATGG
1460,CAGGATGCATAAGTCT,205862,GACCAGGGTCATGCCA
1461,CAGGCTATCCTCACTA,206150,CACCGTTAGTCAATCT
1462,CAGGCTGGTACCGTTT,206377,TAGCAGCCAAATACGT
1463,CAGGGCTTCAACAAGG,206729,CAAAGGAAGCAAGTGT
1464,CAGGGCTTCAGCTAAC,206781,CAAAGGAAGTATAGCA
1465,CAGGGCTTCCTCACAC,206915,CAAAGGAAGCACCTTA
1466,CAGGGCTTCGCAGGCT,206968,CAAAGGAAGGTCATTT
1467,CAGGGTGAGGTGTCCA,207379,TGGTGAGTCCTCACGG
1468,CAGGGTGAGTGTTGCG,207454,TGGTGAGTCGCTAATT
1469,CAGGGTGAGTTATGTG,207469,TGGTGAGTCGACAAGT
1470,CAGGTCCAGCTTACTT,207640,ATAATGGTCGCACACT
1471,CAGGTCCAGGTAAGCA,207743,ATAATGGTCGTACCTA
1472,CAGGTCCAGTAGGATG,207792,ATAATGGTCTAGTTAC
1473,CAGGTCCAGTCTTGAA,207821,ATAATGGTCAGCTACC
1474,CAGGTTAGTTGAGCCG,208575,TATGTCCCAGCAAATT
1475,CAGGTTAGTTTGGGTA,208636,TATGTCCCACATAGCA
1476,CAGGTTTAGCATGGTT,208716,ACCCTCCTCATCCTCT
1477,CAGGTTTAGGACAATG,208810,ACCCTCCTCGAGGAGG
1478,CAGGTTTAGTTTGAGC,209020,ACCCTCCTCAAATCCT
1479,CAGTACCCAAACTGTT,209035,TGTTGACGTTTGTTGA
1480,CAGTACCCAGAAACGT,209213,TGTTGACGTGCACGCT
1481,CAGTACCCAGATAGAC,209222,TGTTGACGTTAAAGGT
1482,CAGTATGGTGCGCAAT,209600,TGTAAGTCATAAGCCA
1483,CAGTATGGTTACGCAA,209673,TGTAAGTCAAGGTATT
1484,CAGTATGGTTTATGGG,209768,TGTAAGTCACTGTCAT
1485,CATAACGGTGCTGGTG,209990,ACCTGTTCAAGTGCAC
1486,CATAACGGTTACGCAA,210055,ACCTGTTCAAGGTATT
1487,CATAACGGTTGTTGCT,210136,ACCTGTTCATGACATG
1488,CATAACGGTTTAGCTC,210146,ACCTGTTCAGCAAGCT
1489,CATAAGCTCATGCATA,210261,GCATGCAAGCACCTAC
1490,CATAAGCTCCGGTTGA,210347,GCATGCAAGTGGCCAA
1491,CATAAGCTCGAGCAAA,210401,GCATGCAAGATTAGCA
1492,CATAATCCAAGGTGCA,210620,CGGTATTGTGCGTAAA
1493,CATAATCCACGAATCC,210717,CGGTATTGTAACCTTA
1494,CATAATCCACTAGGTC,210731,CGGTATTGTCCTTTAT
1495,CATAATCCATAATTGC,210853,CGGTATTGTTCTTAAG
1496,CATAATCCATAGCGAG,210859,CGGTATTGTCTAACCG
1497,CATAATGTCCTGAATA,211143,CAGTTAAAGTGGCTAG
1498,CATAGACTCCTAATTC,211512,ACGTAGTAGCTTGAAA
1499,CATAGACTCGGTTCCT,211603,ACGTAGTAGGCTCAAG
1500,CATAGACTCTGGCATG,211671,ACGTAGTAGTATAGTG
1501,CATAGCTAGTGAGCGG,212047,TCCATGATCATCACAT
1502,CATAGCTAGTTTGTCT,212092,TCCATGATCCTCATGA
1503,CATAGGCGTAAAGCGG,212095,GGTTGACCACGGTCAG
1504,CATAGGCGTTGGTTAG,212428,GGTTGACCAGCTAGCG
1505,CATAGGCGTTTCGCGC,212459,GGTTGACCACCTGGTC
1506,CATAGGCGTTTGAGGC,212462,GGTTGACCACCAAAGC
1507,CATAGGTTCAGGCCTA,212537,GAACTTAAGGCCCTTG
1508,CATATCGCAAAGCGGC,213256,GCCAACCGTGGATTAG
1509,CATATCGCAATTAGCT,213340,GCCAACCGTCCAAATC
1510,CATATCGCACAGGATG,213370,GCCAACCGTTTGCTCC
1511,CATATCGCACCGTTCC,213389,GCCAACCGTTAGTGCT
1512,CATCAATCAGAGGCTA,213822,TAGCTACGTAAGTGCA
1513,CATCAATCAGCAGGTA,213836,TAGCTACGTACCGTTG
1514,CATCAATCAGCCAGAA,213841,TAGCTACGTGGTTCTG
1515,CATCACACAAATTCGT,214032,CGTGAGGGTACTTATG
1516,CATCACACAACCTAAT,214044,CGTGAGGGTAGCTTAC
1517,CATCAGCCAAGTTATC,214465,ACAGGCGGTTGGCCAC
1518,CATCAGCCACCCACCT,214537,ACAGGCGGTCCAGCAC
1519,CATCAGCCATAGCAGG,214696,ACAGGCGGTAGTCATC
1520,CATCATAAGCTTGCTC,214934,TAACTACTCCTAATCG
1521,CATCATAAGGTTTGCG,215059,TAACTACTCAGCCTTA
1522,CATCCCAGTAATGACT,215572,CAGCTAACATCCTCAG
1523,CATCCCAGTTAGAGGG,215818,CAGCTAACAAGGATGG
1524,CATCCTCAGCGATAAG,216036,TCTTGGATCGCTTCTT
1525,CATCCTCAGTTAGCTA,216284,TCTTGGATCGATATTC
1526,CATCCTGGTTAATGAC,216570,AACCGCGCATGCTGGG
1527,CATCCTGGTTAGGACC,216590,AACCGCGCACGCTAGG
1528,CATCGCTTCAAATCGC,217084,TTGAGCGAGCGAGTTG
1529,CATCGCTTCACCATTT,217114,TTGAGCGAGGCTTGCT
1530,CATCGCTTCATGACCG,217164,TTGAGCGAGTCAAGAC
1531,CATCGCTTCCCTCTAA,217232,TTGAGCGAGTCCCTGG
1532,CATCGCTTCGGTCAGC,217353,TTGAGCGAGGCAATAC
1533,CATGAGGCAGTAATAG,217728,TGCATTAGTGATTCTA
1534,CATGCAAGTAACCTAG,217854,ATAGCCACAACCTGCC
1535,CATGCAAGTAGGTTGC,217908,ATAGCCACAATAAACC
1536,CATGCAAGTCATTGAG,217964,ATAGCCACATGCTCCA
1537,CATGCATAGCCTGGTA,218328,CTGCAACTCGAAGTTA
1538,CATGCATAGGCAAGTA,218426,CTGCAACTCTTGAATC
1539,CATGCATAGGCTATGT,218455,CTGCAACTCAAGGAAG
1540,CATGCATAGGGTCTAT,218474,CTGCAACTCTCAAATC
1541,CATGCGCAGCTCAAAC,218746,ATGCCCGTCGGTAATA
1542,CATGCGCAGGCCGGAA,218821,ATGCCCGTCCGGCTAT
1543,CATGCGCAGGCCTGGT,218823,ATGCCCGTCCTTGCAA
1544,CATGCGCAGGTGTTAC,218886,ATGCCCGTCGCAATCC
1545,CATGCGGGTGTAATAC,219220,TTGCGGGCAAGCGCTG
1546,CATGCGGGTTTAACCC,219346,TTGCGGGCATTAGCGA
1547,CATGCGGGTTTCAGGA,219358,TTGCGGGCATAACCGA
1548,CATGCGGGTTTGACCT,219364,TTGCGGGCAGTAGGAG
1549,CATGCGGGTTTGCAGA,219367,TTGCGGGCAAGGAATA
1550,CATGGATTCCTCATCA,219575,GCAATACAGGATCCAG
1551,CATGGCGGTCTCACTG,219916,CATTACCCAAGGGAGC
1552,CATTATCTCCTCATGC,220342,ATCAGGTAGGTGAATC
1553,CATTATCTCGTTATAG,220441,ATCAGGTAGGATAACC
1554,CATTATCTCTAATTGG,220458,ATCAGGTAGCTATCGC
1555,CATTATCTCTTGTTCG,220523,ATCAGGTAGCTGCTAC
1556,CATTCATTCTAACCTT,221217,AATCCTTAGCAAATTG
1557,CATTCATTCTCTAGCC,221254,AATCCTTAGATTCCTG
1558,CATTCCTCAATTATGC,221396,GGTTGTTGTTGTCATA
1559,CATTCCTCAGAACCGA,221488,GGTTGTTGTTAATCGC
1560,CATTCCTCATAGCGGA,221600,GGTTGTTGTAGCTTTA
1561,CATTGCGAGATTGAGG,221728,AGCATCCTCAAGCCAG
1562,CATTGCGAGGATAAAC,221870,AGCATCCTCTACTACG
1563,CATTGCGAGGCACAGG,221880,AGCATCCTCGCTCAAC
1564,CATTGCGAGTAAAGGT,221963,AGCATCCTCTAAGCGG
1565,CATTGCGAGTGAGCGG,222019,AGCATCCTCATCACAT
1566,CATTGTAAGGCTGTGC,222295,AGGATTATCCGCTGTG
1567,CATTGTAAGGGTTATC,222315,AGGATTATCGTCCTAA
1568,CATTGTAAGGTTTGAC,222344,AGGATTATCGATTAAG
1569,CATTGTGCACCGTTCC,222595,ACGTTACGTTAGTGCT
1570,CATTGTGCACCTATAG,222600,ACGTTACGTAACGAGC
1571,CATTGTGCAGGAACAT,222678,ACGTTACGTGCGGTTC
1572,CATTGTGCATATTGAC,222758,ACGTTACGTGCCGGAA
1573,CATTTGTTCACAGACT,222862,TAAAGGGAGCTTACTG
1574,CATTTGTTCATAACCA,222903,TAAAGGGAGGCTTTCA
1575,CATTTGTTCGTTAGTA,223128,TAAAGGGAGATTAGGC
1576,CATTTGTTCTCACATT,223163,TAAAGGGAGTCCTCCC
1577,CATTTGTTCTGGCAAT,223178,TAAAGGGAGGGTGGGA
1578,CATTTGTTCTTAGGGT,223195,TAAAGGGAGCATTAAG
1579,CATTTGTTCTTGTCCA,223209,TAAAGGGAGTGCGGTA
1580,CCAAACCCATAACGGG,223503,TCCAATAGTCCTCCCA
1581,CCAAACCCATTAGCCA,223575,TCCAATAGTCCATTAA
1582,CCAAACTAGACTTATG,223626,ATGCATTTCGCTTGAC
1583,CCAAACTAGAGGGACT,223639,ATGCATTTCCCACCTC
1584,CCAAACTAGCTGGACC,223744,ATGCATTTCCGCACCA
1585,CCAAACTAGGGACCTC,223834,ATGCATTTCCGTTATG
1586,CCAAACTAGTAGGATG,223902,ATGCATTTCTAGTTAC
1587,CCAAACTAGTCACTCC,223915,ATGCATTTCGCGATAG
1588,CCAAACTAGTCTCACC,223929,ATGCATTTCGCGCAAA
1589,CCAAACTAGTGAACCT,223933,ATGCATTTCAGGGCTA
1590,CCAAATCAGACAACGA,223999,ATGCACCTCTTTAGCG
1591,CCAAATCAGAGAAGGG,224011,ATGCACCTCCCAAAGG
1592,CCAAATCAGGCGAATA,224198,ATGCACCTCCTGCAAC
1593,CCAACATAGCTACTGG,224496,ACCGGTTTCGTGATGG
1594,CCAACATAGGTGTTAC,224642,ACCGGTTTCGCAATCC
1595,CCAACATAGTATTGGC,224675,ACCGGTTTCACTTGCA
1596,CCAACCCGTAGCAGCT,225186,GTTGAATCAGGAAGCA
1597,CCAACCCGTCCTTCAG,225272,GTTGAATCATAAGTCG
1598,CCAACCCGTGCCTCAC,225327,GTTGAATCAATAGAGA
1599,CCAACCCGTGTAATAC,225360,GTTGAATCAAGCGCTG
1600,CCAACCCGTGTGCACG,225368,GTTGAATCAATACCCT
1601,CCAACCCGTTATCCGT,225424,GTTGAATCAAAGTCAT
1602,CCAACCCGTTTGGGCG,225513,GTTGAATCAAGGTGTC
1603,CCAAGGCTCACAGACT,225548,CACTTGCAGCTTACTG
1604,CCAAGGCTCATTAGTG,225625,CACTTGCAGAAATGCC
1605,CCAAGGCTCTGGCATG,225865,CACTTGCAGTATAGTG
1606,CCAAGGCTCTTGACCC,225885,CACTTGCAGGAGCAGG
1607,CCAAGGCTCTTGTCTG,225896,CACTTGCAGGGATTTA
1608,CCAAGTTAGGGCTAAA,226144,GCCTATATCGCTAGAG
1609,CCAAGTTAGTAAACCC,226184,GCCTATATCATAAGCA
1610,CCAAGTTAGTCTCACC,226231,GCCTATATCGCGCAAA
1611,CCAAGTTAGTTAGACC,226255,GCCTATATCCCGGATT
1612,CCAATATCAAGGTCCT,226348,ACTTCCCGTTTGGCTG
1613,CCAATATCACCTATAG,226438,ACTTCCCGTAACGAGC
1614,CCAATATCAGTAAAGC,226550,ACTTCCCGTTTACTAG
1615,CCAATATCATAATGTC,226582,ACTTCCCGTGCAAGTA
1616,CCAATATCATGATTGT,226623,ACTTCCCGTAGGTTAG
1617,CCACAATAGCGGATTT,226788,TGCCAGTTCCAAACTT
1618,CCACAATAGGTGAAGC,226939,TGCCAGTTCATAGCCC
1619,CCACACAAGCTATATG,227184,GTCTATGTCGTTAAAG
1620,CCACAGGGTGCATTTC,227627,GGTTTGACACCAGCTC
1621,CCACATTGTCCAAGAC,227941,GCATGACCACTAGTAG
1622,CCACATTGTTAACGAT,228069,GCATGACCAGTTTCCG
1623,CCACTTGGTTAACGGC,228452,TCCTGTGCACTTAGGA
1624,CCACTTGGTTACCTGT,228466,TCCTGTGCATGAATCG
1625,CCACTTGGTTATTGCC,228494,TCCTGTGCAACGGTGT
1626,CCAGACTCAAACTCAT,228593,CATTGACGTCAGTGCC
1627,CCAGACTCACAAGCCT,228698,CATTGACGTTCATTGA
1628,CCAGACTCATAGCTGC,228889,CATTGACGTCATCATA
1629,CCAGCTAAGGCGGGTA,229570,CGCTAACTCAATACAG
1630,CCAGCTGCAAGTTATC,229805,ACAACCTGTTGGCCAC
1631,CCAGCTGCAATATAGG,229816,ACAACCTGTTACGTAC
1632,CCAGCTGCACAGCCAT,229859,ACAACCTGTACCTTGG
1633,CCAGCTGCATAAACCT,230019,ACAACCTGTGCACCAC
1634,CCAGGATGTTACCGGG,230765,GCTTGAACACTTCAAC
1635,CCAGGATGTTCACCCA,230798,GCTTGAACAGCTAACA
1636,CCATAAATCGTTATAG,231563,TGGTCCTAGGATAACC
1637,CCATAAGGTACCAGGT,231682,GTCATAGCATAATCGG
1638,CCATAAGGTCATAGAT,231759,GTCATAGCACCATGCC
1639,CCATAAGGTTAGGTGC,231932,GTCATAGCAGGTGACT
1640,CCATAAGGTTCGCTTG,231960,GTCATAGCACTTGCTG
1641,CCATAAGGTTGTTGCT,231996,GTCATAGCATGACATG
1642,CCATAATCAAATGCCC,232053,CGTCCAAGTATTACTG
1643,CCATAATCAATTTAGC,232137,CGTCCAAGTTATATCG
1644,CCATAATCACCTCACC,232185,CGTCCAAGTATTGTCA
1645,CCATAGCCAGCCTGCA,232635,ATTTGCAGTTTCTAAG
1646,CCATATTTCATGAAGG,232885,CAGAGGGAGTAAGCGT
1647,CCATATTTCCCGAAGC,232942,CAGAGGGAGGTGGATT
1648,CCATCACTCATGTGGT,233284,ACACGCAAGTGGCGGT
1649,CCATCATGTACTTCAC,233616,CGTGAGTCAACATAGT
1650,CCATCATGTGTGAGAG,233797,CGTGAGTCACCTCAAT
1651,CCATTATTCCTGTTCA,234161,AGTGCGCAGGTATAGC
1652,CCATTGTGTAGTAAGA,234398,GGTCTAACATGATGGC
1653,CCATTGTGTCCACAAA,234456,GGTCTAACATGATCGA
1654,CCCAAACCAAGGTCGA,234779,GGTTAAGGTTGTGGTT
1655,CCCAAACCAGTGAACG,234991,GGTTAAGGTATGTTGC
1656,CCCAAATAGATAACCC,235141,AGGAATCTCATTTAGC
1657,CCCAAATAGGTCAAAG,235358,AGGAATCTCCTTTAGG
1658,CCCAAATAGTTGTCCC,235475,AGGAATCTCGTACAAA
1659,CCCAACCGTACAATGT,235515,TGACATGCACTCAATC
1660,CCCAACCGTCAAGTGC,235574,TGACATGCATCCGCTA
1661,CCCAGCACAAACTAAG,236256,GCCCAGTGTTACCCAG
1662,CCCAGCACAAGCTTAT,236300,GCCCAGTGTCCTAACG
1663,CCCAGCACAATTGCGC,236352,GCCCAGTGTACTAACC
1664,CCCAGCACAGGTTACC,236508,GCCCAGTGTATGTTTG
1665,CCCAGCACATGAGCAG,236583,GCCCAGTGTCATAACC
1666,CCCAGTTTCTGGCTTC,236980,TAAATCGAGTCAGGAT
1667,CCCAGTTTCTTGACCC,236999,TAAATCGAGGAGCAGG
1668,CCCAGTTTCTTTAAGG,237012,TAAATCGAGTTTGTCG
1669,CCCATAACACAGACTC,237140,CCAGGCTGTACCGGCT
1670,CCCATAACATAGCTTG,237322,CCAGGCTGTGTGATGA
1671,CCCGCAACAGCAACCT,237602,GGAGGAAGTTCTGGCA
1672,CCCGCAACAGTACCGT,237667,GGAGGAAGTATAGCTC
1673,CCCGCAACATGCTATG,237740,GGAGGAAGTCACCAGC
1674,CCCGCTTCAAACCCTA,237787,TCAGCATGTAACAGGC
1675,CCCGCTTCAATTTAGC,237889,TCAGCATGTTATATCG
1676,CCCGTAAAGGAGTCGG,238356,ATTAGGATCAATCGGG
1677,CCCGTAAAGGCCTAAT,238378,ATTAGGATCCGCCTCT
1678,CCCGTAAAGTCACGAT,238481,ATTAGGATCGTTAGTT
1679,CCCGTTGTCGCACAAT,238796,ACAAAGGAGGCTAGCA
1680,CCCTCACCAAGGTGCA,239382,GAGTCAAGTGCGTAAA
1681,CCCTCACCACTAGCGT,239492,GAGTCAAGTGCTCACA
1682,CCCTCACCAGGCATCT,239560,GAGTCAAGTAGGTTTC
1683,CCCTCACCATAAACCT,239603,GAGTCAAGTGCACCAC
1684,CCCTCAGTCGCTAGTG,239959,ACATAGCAGGTCGAGC
1685,CCCTCATAGCCTGTGA,240187,ACAACGGTCCGCACAT
1686,CCCTCATAGGCAGGTG,240287,ACAACGGTCGGGATGC
1687,CCCTCATAGTGATTCA,240428,ACAACGGTCTCACTTC
1688,CCCTTAATCATAGCCG,241315,GTTTACTAGGAGCAAA
1689,CCCTTAATCCAGGAAA,241368,GTTTACTAGGTACCGA
1690,CCCTTAATCCCGCAAA,241381,GTTTACTAGATTCAAG
1691,CCCTTAATCCGGTTAG,241412,GTTTACTAGGGTCCAA
1692,CCCTTAATCCGTCCAT,241415,GTTTACTAGGCAACAT
1693,CCCTTAATCCTAAATG,241419,GTTTACTAGATAACCA
1694,CCCTTAATCCTCATCA,241435,GTTTACTAGGATCCAG
1695,CCCTTAATCGCATTAA,241486,GTTTACTAGCTAGTTT
1696,CCCTTAATCGCTAGTG,241495,GTTTACTAGGTCGAGC
1697,CCCTTAATCGTTAGTA,241534,GTTTACTAGATTAGGC
1698,CCGACAGGTCACAAAT,241716,TAACCAGCAGGAGGAC
1699,CCGACAGGTGCTGTAA,241823,TAACCAGCATAACCAG
1700,CCGACAGGTTAGCGTA,241898,TAACCAGCACCTTGCA
1701,CCGACAGGTTGCCTCA,241946,TAACCAGCAGGTTACA
1702,CCGATGCAGGCGGGTA,242224,GTCGGTTTCAATACAG
1703,CCGATGCAGTTTGTCT,242388,GTCGGTTTCCTCATGA
1704,CCGCAAATCACTTTAC,242439,GGTGAGGAGGAACCTG
1705,CCGCAAATCCAAATCA,242507,GGTGAGGAGCTTGCCG
1706,CCGCAAATCCATAAGC,242522,GGTGAGGAGGAGCTTG
1707,CCGCAAATCCTAAGAC,242571,GGTGAGGAGTCAATAG
1708,CCGCAAATCGATATTG,242623,GGTGAGGAGATTCTGT
1709,CCGCAAATCGTCAAGT,242673,GGTGAGGAGCTTCTCT
1710,CCGCAAGGTCCTAACT,242901,CCCTAATCACCTTCAG
1711,CCGCAAGGTGGACATC,242979,CCCTAATCAATGAAGA
1712,CCGCACACACAACCTA,243267,GAACCGGGTAACCTCG
1713,CCGCACACACCTACGG,243304,GAACCGGGTGGCTTAT
1714,CCGCCAACACAACAGG,243650,TATTCAGGTATTGCGT
1715,CCGCCAACAGCTAATT,243761,TATTCAGGTATTTACG
1716,CCGCCAACAGGTTATT,243799,TATTCAGGTTTGGTGT
1717,CCGCCAACAGTTATGT,243817,TATTCAGGTTTGCAGT
1718,CCGCCAACAGTTTGGC,243821,TATTCAGGTCGGTTAT
1719,CCGCTAGCAAGCTAAA,244356,GAGAGGAGTAATCGCT
1720,CCGCTAGCAATCTCTC,244395,GAGAGGAGTGAGGGTT
1721,CCGCTTAGTATTGTGG,244771,GATCAATCAGTCTATC
1722,CCGCTTAGTCACAGCG,244787,GATCAATCACGCAATA
1723,CCGGTAGGTACTGAAT,245117,ATGTGGCCAAACCAGC
1724,CCGGTAGGTGCATTAG,245260,ATGTGGCCAACCAACA
1725,CCGGTAGGTTGAGGTC,245390,ATGTGGCCAAACTAAC
1726,CCGGTTAAGCCAGTAT,245540,TGAATCTTCCCGGAAA
1727,CCGGTTAAGGAGGTTA,245640,TGAATCTTCTAAATCC
1728,CCGGTTAAGTCGCTAG,245781,TGAATCTTCCATCAGC
1729,CCGGTTAAGTTATCTC,245815,TGAATCTTCGCAATTT
1730,CCGTGCTGTGATTACG,246019,TAGCGGTCAACCGCCT
1731,CCGTTAACAATTATGC,246320,TACCTAAGTTGTCATA
1732,CCGTTAACACCAACCG,246357,TACCTAAGTACTGGCC
1733,CCGTTAACACGTAATT,246387,TACCTAAGTTCCTCAC
1734,CCGTTACTCCGCAACA,246766,GGCAATTAGGAGTATC
1735,CCGTTACTCCTCGATC,246806,GGCAATTAGAACCTGG
1736,CCGTTACTCTAATCCT,246916,GGCAATTAGGATGCGC
1737,CCGTTATGTAGCTGGT,247045,AGAATCTCAGGTTGCG
1738,CCGTTATGTGTGAGAG,247217,AGAATCTCACCTCAAT
1739,CCGTTATGTTAGAGCC,247259,AGAATCTCACCTCACA
1740,CCGTTGCGTGAGACTC,247539,TGTTCACCAAAGAAGC
1741,CCGTTGCGTTGCAATG,247689,TGTTCACCAACCGTAA
1742,CCGTTTGGTTTAACGG,248103,CGAGGAACATTTGTCA
1743,CCGTTTGGTTTGCGAA,248124,CGAGGAACACCTGGCT
1744,CCGTTTGGTTTGGCGG,248127,CGAGGAACACATGCTT
1745,CCGTTTGGTTTGTTGC,248134,CGAGGAACAGCTCGCT
1746,CCTAAAGGTGTTGCAA,248372,ATACTGGCACCGTTAT
1747,CCTAAATCAATAACGA,248589,TCGCTAGGTGCTGTTG
1748,CCTAAATCATTGTCCT,248893,TCGCTAGGTCCTTAGG
1749,CCTAAGGTCCCAGTAG,249422,CTAATGAAGGCACAAT
1750,CCTAAGGTCCGTTATT,249464,CTAATGAAGTGCTGAG
1751,CCTAAGGTCCTTGCGT,249505,CTAATGAAGATTCATC
1752,CCTAAGGTCGTGCTTC,249574,CTAATGAAGTCATAAG
1753,CCTAAGGTCGTTATCT,249582,CTAATGAAGGCTATAA
1754,CCTAAGTAGCATCCAG,249740,CCCGCAATCATCAGTT
1755,CCTAAGTAGTTGTCAA,250042,CCCGCAATCACCTGGT
1756,CCTAATAAGCACAGAA,250110,GATTCTGTCTTAAGGA
1757,CCTAATCGTGCAATGC,250621,GGCATGTCAGGACTAC
1758,CCTAATCGTGGATTCA,250648,GGCATGTCAGGTTCCC
1759,CCTAATCGTTAAGCGC,250688,GGCATGTCAACCGCTC
1760,CCTACTGGTGTTGCAA,251056,TCCGGCTCACCGTTAT
1761,CCTACTGGTTAGTTGG,251104,TCCGGCTCAATAGCAT
1762,CCTACTGGTTGTGATG,251162,TCCGGCTCAAGTCCTT
1763,CCTACTTCACCAGCAT,251339,CAAACCTGTTCGGTAT
1764,CCTACTTCAGAGGCTA,251396,CAAACCTGTAAGTGCA
1765,CCTACTTCATCTAGCA,251528,CAAACCTGTTTAACCA
1766,CCTAGTTGTAGCTAGC,251639,CTACGGGCAATTGACG
1767,CCTAGTTGTCACACCC,251679,CTACGGGCAAGCCATA
1768,CCTAGTTGTCGACTCC,251725,CTACGGGCAGTGTGAC
1769,CCTAGTTGTTCTTTAG,251897,CTACGGGCATTTGGCT
1770,CCTATAGCAAACCTAT,251970,CAAAGGCGTGCGCGAA
1771,CCTATAGCAAAGCTAA,251981,CAAAGGCGTTTCCAGG
1772,CCTATAGCAACTAGGG,252006,CAAAGGCGTTAGTTGC
1773,CCTATAGCAATAATCC,252041,CAAAGGCGTAGGTTCT
1774,CCTATATTCAATGTCA,252374,GGTAACTAGCTTTACG
1775,CCTATATTCAGGAACA,252410,GGTAACTAGAGAGGCG
1776,CCTATATTCATTATGG,252458,GGTAACTAGTCCTTAG
1777,CCTATATTCGGTTAGT,252628,GGTAACTAGTCATGAA
1778,CCTATATTCGTTTCTG,252652,GGTAACTAGCATGAGT
1779,CCTATTGTCAAGTGAG,252749,TCATTACAGCAGCTCT
1780,CCTATTGTCGACCTGA,252962,TCATTACAGTTTGACT
1781,CCTATTGTCTAGCTTT,253056,TCATTACAGGGAGTAA
1782,CCTATTTAGGACAATG,253288,CAATGTTTCGAGGAGG
1783,CCTATTTAGGTCATTA,253377,CAATGTTTCATTGAGA
1784,CCTATTTAGTAGGCGG,253421,CAATGTTTCCCGCTGA
1785,CCTCAAACACTAAGTT,253675,CGCTTAGGTTGCTTCC
1786,CCTCAAACACTAGGTC,253677,CGCTTAGGTCCTTTAT
1787,CCTCAAACAGCAATAA,253708,CGCTTAGGTACGTTTA
1788,CCTCAAACATATAACC,253811,CGCTTAGGTTAGGCTT
1789,CCTCAAACATGATTGT,253839,CGCTTAGGTAGGTTAG
1790,CCTCAATGTAGTTGGC,253954,CAACAGCCAAGGGCTT
1791,CCTCAGTTCCCGCAAA,254411,GGGCCATAGATTCAAG
1792,CCTCAGTTCGTTAGTA,254564,GGGCCATAGATTAGGC
1793,CCTCAGTTCTCACACC,254598,GGGCCATAGCGGTTCT
1794,CCTCCTCTCATCGTTT,254736,ATCGCGAAGATGGAGA
1795,CCTCCTCTCCAATAGC,254775,ATCGCGAAGCATGTTT
1796,CCTCCTCTCCAGCACA,254781,ATCGCGAAGTAGGTTA
1797,CCTCCTCTCCCATAAA,254791,ATCGCGAAGTTAGGAC
1798,CCTCCTCTCCCGCAAA,254795,ATCGCGAAGATTCAAG
1799,CCTCCTGAGATAAAGC,255076,CGCTTAATCATGGTTT
1800,CCTCCTGAGCGATAGA,255146,CGCTTAATCAAGGGTT
1801,CCTGAATAGAGAGCCG,255448,CGGTGAATCTAGGAAC
1802,CCTGAATAGCAATAGG,255477,CGGTGAATCACTAAGA
1803,CCTGAATAGCCTGTGA,255521,CGGTGAATCCGCACAT
1804,CCTGAATAGTCAGGCC,255736,CGGTGAATCAAGGTCG
1805,CCTGACTTCATGCGTG,255895,GCAGCACAGCTAATCT
1806,CCTGACTTCCAAATCA,255923,GCAGCACAGCTTGCCG
1807,CCTGAGTCATCCTAGA,256511,AGCATGAGTTTGTCTT
1808,CCTGATGAGATAGACG,256615,GCCAGTTTCATAATGG
1809,CCTGATGAGCACGTTG,256635,GCCAGTTTCGGCTATC
1810,CCTGATGAGGAGTCGG,256760,GCCAGTTTCAATCGGG
1811,CCTGATGAGGCTGGCT,256801,GCCAGTTTCTCACAGC
1812,CCTGCTCCAATAATGG,257032,TAAACCCGTCAATTCA
1813,CCTGCTCCACAGGGAC,257085,TAAACCCGTAAACCGA
1814,CCTGCTCCACTGGCTG,257138,TAAACCCGTAGGATCA
1815,CCTGCTCCAGGTTCAC,257218,TAAACCCGTCCTGACA
1816,CCTGCTCCATTGTGCA,257335,TAAACCCGTTAGCCAT
1817,CCTGGATCAGCTCATA,257566,GCTAGTTGTTCAAGCT
1818,CCTGGATCATGCATAT,257679,GCTAGTTGTAATGGTG
1819,CCTGGTAAGAGGAGGA,257759,GCATTCATCTAGCCAC
1820,CCTGGTAAGTGGACAA,258069,GCATTCATCATTAGCT
1821,CCTGGTAAGTTAACCA,258074,GCATTCATCGCTATAT
1822,CCTGTAACAACTGGCT,258150,GTTAGGAGTCTTGACG
1823,CCTGTAACAAGACTCC,258152,GTTAGGAGTATGGTGA
1824,CCTGTAACACGTAAGG,258274,GTTAGGAGTCCGGTTA
1825,CCTGTAACAGCCTGCA,258327,GTTAGGAGTTTCTAAG
1826,CCTGTAACAGGATGGC,258347,GTTAGGAGTTGTTTGA
1827,CCTGTAACATGAATAG,258440,GTTAGGAGTTATCCGG
1828,CCTGTATGTATTTGGG,258575,GGTGTCGCATGCGCCT
1829,CCTGTATGTGCAATGC,258677,GGTGTCGCAGGACTAC
1830,CCTGTATGTGGTGAGA,258710,GGTGTCGCAATTGAGT
1831,CCTGTATGTTAGCAGC,258765,GGTGTCGCACATGCCC
1832,CCTGTATGTTTACCGT,258844,GGTGTCGCAGCAAGTC
1833,CCTGTATGTTTCCACG,258855,GGTGTCGCAGGCCAAT
1834,CCTGTATGTTTCGCGC,258859,GGTGTCGCACCTGGTC
1835,CCTGTTGGTCATGCAA,258988,GTTTGAGCAAGCCTGG
1836,CCTTAACGTACCGAAC,259290,GTTCAAGCACAAAGCC
1837,CCTTAACGTGTTTGCT,259500,GTTCAAGCATCCTAGT
1838,CCTTACTCAAAGGTAC,259656,TCTATCTGTAGCTAAG
1839,CCTTACTCAACTAGAA,259676,TCTATCTGTTAACTGC
1840,CCTTACTCAGCTCAAC,259863,TCTATCTGTCACTATA
1841,CCTTAGTGTAGTTAAC,260088,TGTGGACCATCCGGGA
1842,CCTTAGTGTCATTGTC,260141,TGTGGACCAATTGCCT
1843,CCTTAGTGTCGCGCAA,260167,TGTGGACCAGCCGGTA
1844,CCTTAGTGTTTCGCCA,260388,TGTGGACCATAACGAT
1845,CCTTATGTCTCAATGA,260731,CAAATCAAGGCTTGTC
1846,CCTTATGTCTGTTCAT,260759,CAAATCAAGTTAGTAG
1847,CCTTCAATCCTGGTCT,260997,CCTAAGGAGGTTGTAA
1848,CCTTCAATCTCACAAA,261117,CCTAAGGAGGCATGGC
1849,CCTTCAGGTGGCTTCC,261386,TTAAGCGCAGCATTAG
1850,CCTTCAGGTGTCACGG,261397,TTAAGCGCATAGCTAG
1851,CCTTCGTAGATGCCTG,261982,TCAAAGATCCAAATAG
1852,CCTTCGTAGCAAACCT,261987,TCAAAGATCGGTTCAC
1853,CCTTCGTAGCATGACT,262012,TCAAAGATCGTGCTGT
1854,CCTTGCGTCGCTAGAT,262577,TACTGAAAGAATGACC
1855,CCTTGCGTCGGTTCCT,262601,TACTGAAAGGCTCAAG
1856,CCTTGCGTCTTAGCCC,262682,TACTGAAAGTCTTAGT
1857,CCTTGTTCAACCCTCC,262738,CTAAACCGTTCCATTT
1858,CCTTGTTCAAGTGAAC,262774,CTAAACCGTGAGGACT
1859,CCTTGTTCACATTAAC,262840,CTAAACCGTTCACGCA
1860,CCTTGTTCAGCAAATA,262906,CTAAACCGTTGCGTGC
1861,CCTTGTTCATTGCGTA,263080,CTAAACCGTGTGATTC
1862,CCTTTAGTCGATTCTT,263328,AATACTGAGTGAGCCA
1863,CCTTTAGTCGTAACGT,263372,AATACTGAGGCGCAGT
1864,CCTTTAGTCGTCAAGT,263375,AATACTGAGCTTCTCT
1865,CCTTTAGTCTTTAGGA,263471,AATACTGAGGTGTTAA
1866,CGAACAAAGCTCCTAC,263996,AAACGGTTCTTAGCCA
1867,CGAACAAAGCTTCCCG,264012,AAACGGTTCATTCAGT
1868,CGAACAAAGGTGCTGC,264130,AAACGGTTCAAACTAG
1869,CGAACAAAGTAAAGGT,264141,AAACGGTTCTAAGCGG
1870,CGAACCGGTCAAAGAA,264327,GATTGGCCATGTTGGA
1871,CGAACCGGTCGCATAA,264386,GATTGGCCAACCTACT
1872,CGAACCGGTTGGTGAC,264577,GATTGGCCATCAAGCA
1873,CGAAGAATCATTAGGC,264730,ACGTTAAAGCTTGCTA
1874,CGAAGAATCTTGTCTG,265002,ACGTTAAAGGGATTTA
1875,CGAAGCCTCGCAATCG,265251,GAGCTTGAGCCGCAAA
1876,CGAAGCCTCGTTTCCA,265308,GAGCTTGAGCCGCTAT
1877,CGAAGCGAGACACTTA,265410,CCTTACTTCCTAAGCC
1878,CGAAGCGAGAGGAGTC,265428,CCTTACTTCTACTAAC
1879,CGAAGCGAGGAAGTAT,265559,CCTTACTTCTTGCTCT
1880,CGAAGCGAGGACCTGC,265567,CCTTACTTCGGTTAGG
1881,CGAAGCGAGTCAGGCC,265708,CCTTACTTCAAGGTCG
1882,CGAAGGCCAAGCTTTG,265829,GGGTGTGGTGCAAGGT
1883,CGAAGGCCAATTAACC,265872,GGGTGTGGTATCGGCC
1884,CGAAGTAAGGCTCATG,266388,GATTGTTTCAGGGATT
1885,CGAAGTAAGGGCCACT,266400,GATTGTTTCCAACCTA
1886,CGAAGTAAGGTTTGCG,266441,GATTGTTTCAGCCTTA
1887,CGAATCTAGAACCTGT,266932,CACCTAATCGTTATGT
1888,CGAATCTAGCGAGTAA,267033,CACCTAATCGGTCCAT
1889,CGAATCTAGGATGATG,267119,CACCTAATCCGTCCCT
1890,CGAATCTAGTATTGGC,267233,CACCTAATCACTTGCA
1891,CGAATCTAGTCCTGAG,267249,CACCTAATCAAACATG
1892,CGACAAGCAAACCTTG,267315,TCAGTTAGTCCTCCAT
1893,CGACAAGCAATCGCAC,267398,TCAGTTAGTTACAACC
1894,CGACAAGCATGTCAAT,267657,TCAGTTAGTTGCGAGG
1895,CGACCTGCAAGCTTTG,267747,TTCTATCGTGCAAGGT
1896,CGACCTGCACCAAAGG,267830,TTCTATCGTTTCCAAA
1897,CGACCTGCAGTTTGTG,267978,TTCTATCGTGTTACTA
1898,CGAGCGAAGTAAAGGT,268743,ATAGGCGTCTAAGCGG
1899,CGAGCTGGTAAACAAG,268845,GTGAGAGCAAATATGC
1900,CGAGCTGGTATTGAGT,268920,GTGAGAGCACTCGCAC
1901,CGAGCTGGTGACCTGG,269011,GTGAGAGCATAGCTTC
1902,CGAGCTGGTGGAAGGC,269050,GTGAGAGCAGCCAGTG
1903,CGAGGAAGTCATGCCC,269341,TAGCCTTCATTCCTGG
1904,CGAGGAAGTTGGCCGA,269558,TAGCCTTCAAACCTAG
1905,CGAGGAAGTTTGCGAA,269598,TAGCCTTCACCTGGCT
1906,CGAGGCAAGGATCCGC,269800,AACTAAGTCAGGTCGA
1907,CGAGGCAAGTTGGATC,269979,AACTAAGTCAGTATAG
1908,CGAGGTGAGACCATAC,270013,AACCAGGTCTCCATGA
1909,CGAGGTGAGCTTAGCG,270143,AACCAGGTCGAGGCGT
1910,CGAGGTGAGTTTGGGT,270374,AACCAGGTCATAACGA
1911,CGAGTCGGTCAGGAAG,270479,GCTTTGTCAGGTATTG
1912,CGAGTCGGTGCAATGC,270561,GCTTTGTCAGGACTAC
1913,CGATATTCAATCCCTT,270843,GTACTTAGTAACGTGA
1914,CGATATTCATGAATCT,271091,GTACTTAGTTTATGTG
1915,CGATTATCAACCCTAA,271941,CCTGGACGTTCCGGGT
1916,CGATTATCACCTCACC,272063,CCTGGACGTATTGTCA
1917,CGATTATCACTAAGTT,272083,CCTGGACGTTGCTTCC
1918,CGATTATCATAGTCAT,272218,CCTGGACGTGTACCGC
1919,CGATTCCTCAAAGGCA,272299,GCTCGTTAGGAGCCGT
1920,CGATTCCTCTTAAGTG,272651,GCTCGTTAGGTTATCT
1921,CGATTCCTCTTAGCGG,272655,GCTCGTTAGGGTCTAG
1922,CGATTCCTCTTGTTCG,272673,GCTCGTTAGCTGCTAC
1923,CGATTGAGTATTCGTC,272753,GCCAATACACTAATCC
1924,CGATTTGCAGGTCCTG,273318,CCAATTAGTCACGCAC
1925,CGCAATAGTAGGTTAT,273889,GGTACCGCATTATCTG
1926,CGCAATAGTCACGGAT,273929,GGTACCGCATTGACTC
1927,CGCAATAGTTTCCGGC,274192,GGTACCGCACCGTTCA
1928,CGCAATCCAACCCTAA,274241,CTCCTTAGTTCCGGGT
1929,CGCAATCCAGGTCCTG,274468,CTCCTTAGTCACGCAC
1930,CGCAATCCATAGGCGA,274517,CTCCTTAGTGCACAAA
1931,CGCAATCCATTGTGAT,274588,CTCCTTAGTGTAATGG
1932,CGCAATGTCGATATTG,274829,TGATTGAAGATTCTGT
1933,CGCAATTAGACCATAC,274999,TTTGCTCTCTCCATGA
1934,CGCAATTAGGAACCAA,275139,TTTGCTCTCAAGGTTA
1935,CGCAATTAGGCCTTAG,275190,TTTGCTCTCCATCATG
1936,CGCAATTAGGTCCGTA,275240,TTTGCTCTCTAATCAC
1937,CGCAATTAGTAAGGGC,275269,TTTGCTCTCGGTTACC
1938,CGCAATTAGTTGGATC,275349,TTTGCTCTCAGTATAG
1939,CGCACAATCAAGCGCC,275373,CGTCACTAGCCTGTCG
1940,CGCACAATCGTTATAG,275659,CGTCACTAGGATAACC
1941,CGCACAATCTGCAAAC,275705,CGTCACTAGTTACAAG
1942,CGCACACAGCATGTTA,275824,AGTCATTTCAAACTTC
1943,CGCACCACAACAGCCT,276157,TCAAACCGTCGATTAC
1944,CGCACCACAATTTAGC,276235,TCAAACCGTTATATCG
1945,CGCATATAGGATCACT,276705,ACAAGTATCATTATGC
1946,CGCATATAGGCTTAAC,276746,ACAAGTATCAATAACG
1947,CGCATTACACCTCGCT,277437,GTTCTTTGTTGGGTTT
1948,CGCATTACACGGTACT,277446,GTTCTTTGTGCAACGG
1949,CGCATTACAGCATGAG,277493,GTTCTTTGTTACTCCC
1950,CGCATTACAGGAATCG,277516,GTTCTTTGTATCCGTG
1951,CGCATTTGTAATTAGC,277695,ATCACAGCAGTTGGGT
1952,CGCATTTGTCAGGAAG,277769,ATCACAGCAGGTATTG
1953,CGCATTTGTGCATCGG,277853,ATCACAGCATGGCTAA
1954,CGCATTTGTGGTTATG,277886,ATCACAGCAAAGGAAC
1955,CGCATTTGTTATTGCC,277958,ATCACAGCAACGGTGT
1956,CGCCAAATCAGGTCCA,278114,TCCCATAAGTCATCAT
1957,CGCCAAATCTTACTCG,278407,TCCCATAAGAGGGACG
1958,CGCCAAATCTTAGTGA,278413,TCCCATAAGTGGACCA
1959,CGCCACACAAGTCGCT,278499,ATAAGGTGTTATGGCT
1960,CGCCACACAGTTATCG,278710,ATAAGGTGTTTATTCC
1961,CGCCTCATCAAGCCTG,278826,CGGTCAAAGATTCACT
1962,CGCCTCATCTAAGGTC,279124,CGGTCAAAGATGCAAC
1963,CGCCTGTGTATTGTGG,279281,ACAACATCAGTCTATC
1964,CGCCTGTGTTGCAATG,279519,ACAACATCAACCGTAA
1965,CGCGATTCAAGGTATA,279643,AGCTGTTGTGAACAAT
1966,CGCGATTCAAGGTCGA,279645,AGCTGTTGTTGTGGTT
1967,CGCGGATTCAAACCGT,279968,AAAGGCAAGCTAACTT
1968,CGCGGATTCACCTGTC,280005,AAAGGCAAGTGTGGTG
1969,CGCGGATTCCCGCCTA,280111,AAAGGCAAGCCTAGTC
1970,CGCGGATTCTACCTGC,280283,AAAGGCAAGCATCTAT
1971,CGCTAACCAACTGGGA,280393,TCCTTTGGTGCTCATG
1972,CGCTAACCAAGATTCT,280395,TCCTTTGGTTATGGAG
1973,CGCTAACCATGACTAT,280684,TCCTTTGGTTAGCTCG
1974,CGCTAATAGCAGGTTT,280805,TTGTGGCTCGCCTAAC
1975,CGCTAATAGCGTGCGT,280857,TTGTGGCTCTTGCATG
1976,CGCTAATAGGCATTGT,280939,TTGTGGCTCCTTCGGG
1977,CGCTAATAGTTCCTGC,281102,TTGTGGCTCCGTCAAC
1978,CGCTACTTCAAGTGTC,281134,ACCTCTAAGCAAGTCG
1979,CGCTACTTCCAGGGAG,281249,ACCTCTAAGTTATTGC
1980,CGCTACTTCTCCTCAA,281455,ACCTCTAAGCGCTAAG
1981,CGCTATGAGAAAGGAA,281505,TCAGGCTTCACTCGCG
1982,CGCTATGAGAACCTGT,281508,TCAGGCTTCGTTATGT
1983,CGCTATGAGGCATTAC,281706,TCAGGCTTCAAAGGGA
1984,CGCTCAGCAATATGGA,281969,TTGATCAGTGCAATAG
1985,CGCTCAGCAGGTTATT,282147,TTGATCAGTTTGGTGT
1986,CGCTCAGCATGTTTGG,282240,TTGATCAGTTTATCCT
1987,CGCTCCATCAATCTCT,282291,GGAGCGAAGGCCTAAG
1988,CGCTCCATCATAACCA,282341,GGAGCGAAGGCTTTCA
1989,CGCTCCATCCGCACAA,282434,GGAGCGAAGTAAACTG
1990,CGCTCCATCCTCAGTC,282466,GGAGCGAAGAAGCAAG
1991,CGCTGTGCAGCACCAT,282861,CAACAAGGTTGACTAC
1992,CGCTGTGCAGTTAGCC,282931,CAACAAGGTCCCTCTG
1993,CGCTGTGCATAAGGAC,282943,CAACAAGGTACAATGG
1994,CGCTGTGCATCCCGCT,282974,CAACAAGGTGTGAGTA
1995,CGCTTAACAAACCTAT,283042,TAACCTAGTGCGCGAA
1996,CGCTTAACATAAGCAA,283326,TAACCTAGTAAGGCCG
1997,CGCTTAACATAAGTCT,283328,TAACCTAGTCATGCCA
1998,CGCTTAACATGAGCAG,283373,TAACCTAGTCATAACC
1999,CGCTTACTCTTGTCTG,283800,GGAATCTAGGGATTTA
2000,CGCTTCTAGGAGGACT,283989,TGACGGATCACATTAC
2001,CGCTTCTAGTTTGCGG,284187,TGACGGATCTTGACCA
2002,CGCTTGCGTATGGTGC,284261,CGGCCTTCAGTATTGG
2003,CGCTTGCGTGAAACAA,284351,CGGCCTTCACACTAAG
2004,CGCTTGCGTGACCTGG,284357,CGGCCTTCATAGCTTC
2005,CGCTTGCGTTACCTGT,284454,CGGCCTTCATGAATCG
2006,CGCTTGCGTTTCCTCC,284555,CGGCCTTCATCCTGCA
2007,CGGAATCGTAGGTGTC,284632,CCCTGGTCACGCCCAT
2008,CGGAATCGTCTTTGAC,284732,CCCTGGTCAGTGTGCG
2009,CGGACAACAGGTTATT,285215,TCAGGAAGTTTGGTGT
2010,CGGACAACATAACGGG,285241,TCAGGAAGTCCTCCCA
2011,CGGACAACATAGGCGA,285261,TCAGGAAGTGCACAAA
2012,CGGACAACATGAGTTT,285290,TCAGGAAGTCACAGGG
2013,CGGACCTAGAACAAGT,285342,TTAGGCCTCGATTCAT
2014,CGGACCTAGCACTAGT,285403,TTAGGCCTCCGCCATG
2015,CGGACCTAGGCGTAAA,285559,TTAGGCCTCCGGGTTT
2016,CGGACCTAGGTTACGT,285614,TTAGGCCTCTAATCCG
2017,CGGAGCAAGTTATCTC,286083,ATTGTGTTCGCAATTT
2018,CGGAGTCTCGTCATTT,286392,GCACACAAGTCTTGAT
2019,CGGAGTCTCTCCATGC,286442,GCACACAAGTTACATC
2020,CGGATAAAGAACCTAC,286495,ACATTACTCATTAACC
2021,CGGATAAAGTGTTGTA,286839,ACATTACTCCAAACCC
2022,CGGATTAGTAACGTGC,286885,GGGACAACATTGAGGC
2023,CGGATTAGTGAATCGC,287038,GGGACAACAAATACCG
2024,CGGATTAGTGCTCACC,287071,GGGACAACAAATAGCT
2025,CGGCAATGTAAAGCAA,287258,GGATATTCAGTGCCTC
2026,CGGCAATGTCATAGAT,287365,GGATATTCACCATGCC
2027,CGGCCATAGGATCACT,287829,GAAACCGTCATTATGC
2028,CGGCTAATCAAAGGCA,288027,GGGTCACAGGAGCCGT
2029,CGGCTCACAAACTCAT,288415,GCAAGGTGTCAGTGCC
2030,CGGCTCACACGGTTTA,288571,GCAAGGTGTTCGCTTC
2031,CGGCTCACAGCATTAT,288620,GCAAGGTGTTGAGGGT
2032,CGGCTCACATGCTATG,288746,GCAAGGTGTCACCAGC
2033,CGGCTCACATTGTGGC,288786,GCAAGGTGTGCTTCGA
2034,CGGGACAAGCCGCAGT,288879,GGCGTAATCAATTAGG
2035,CGGGACAAGCCGCTTT,288881,GGCGTAATCCTGGATC
2036,CGGGACAAGCCTGGTA,288890,GGCGTAATCGAAGTTA
2037,CGGGACAAGCTATTGA,288923,GGCGTAATCCAGGTGA
2038,CGGGACAAGGATTGCT,288985,GGCGTAATCAGGTAAC
2039,CGGGCTTAGCGCTCAA,289290,TCCACCCTCGCTTGTA
2040,CGGGTATGTCAGTAAT,289664,GCATAATCAACCAAAT
2041,CGGGTATGTTAGCATG,289832,GCATAATCATGCATTC
2042,CGGGTATGTTCGCGCT,289866,GCATAATCAATCATGG
2043,CGGGTCTAGCCGCTTT,290031,GACTCACTCCTGGATC
2044,CGGGTCTAGGAGCAAC,290120,GACTCACTCCTAAATC
2045,CGGGTCTAGGCCTTAG,290152,GACTCACTCCATCATG
2046,CGGGTCTAGTGGCGGA,290286,GACTCACTCCTGTTAG
2047,CGGTAACGTCAGGCAT,290428,TTGCAAGCAACCTCGC
2048,CGGTAACGTCGTTATC,290473,TTGCAAGCAGTGAGAG
2049,CGGTAACGTTACTAGG,290591,TTGCAAGCATGACAAT
2050,CGGTAACGTTTGGTTC,290703,TTGCAAGCACATGCAA
2051,CGGTGAACAAGCGAGC,290754,GGTAGGTGTGAGTCCC
2052,CGGTGAACACACAATT,290825,GGTAGGTGTCGGTTTG
2053,CGGTGAGAGGTCGATT,291356,TCCTTTATCTCTCGCC
2054,CGGTGAGAGTAGGCGG,291393,TCCTTTATCCCGCTGA
2055,CGGTTATAGAAAGGAA,291477,ATTAGTCTCACTCGCG
2056,CGGTTATAGGCATTGT,291679,ATTAGTCTCCTTCGGG
2057,CGGTTATAGTAAGAAC,291764,ATTAGTCTCCTTCAAG
2058,CGGTTCCGTAGGATTT,291917,AACTAACCATATTGCC
2059,CGGTTCCGTGACCTGG,292025,AACTAACCATAGCTTC
2060,CGGTTGGGTTAGCCAA,292515,TAGCATGCAAAGTGAA
2061,CGGTTTGAGCATGTTA,293084,CATGATTTCAAACTTC
2062,CGGTTTGAGCCTCTCG,293101,CATGATTTCCTGCCAG
2063,CGGTTTGAGCTAATTG,293133,CATGATTTCCTAGTGC
2064,CGGTTTGAGGCTAATC,293229,CATGATTTCCGTCCAG
2065,CGTAACCCAAGATTCT,293435,AGCTTGTGTTATGGAG
2066,CGTAACCCACCTCGCT,293545,AGCTTGTGTTGGGTTT
2067,CGTAACCCACTAAGAA,293561,AGCTTGTGTGTCACGC
2068,CGTAACCCAGAGAGCC,293585,AGCTTGTGTAGCTGTT
2069,CGTAACTAGCACAGCC,293833,GGCAACATCCTCAGTA
2070,CGTAATGGTTAGGTTG,294441,AAATGGACATTAACCC
2071,CGTAATGGTTGTAAAC,294497,AAATGGACAAATCCCT
2072,CGTACGGGTTGCCTCA,294864,GCTACAACAGGTTACA
2073,CGTACGGGTTGGTTAG,294876,GCTACAACAGCTAGCG
2074,CGTACGGGTTTATCGC,294898,GCTACAACAAGGCCAT
2075,CGTAGCGGTACTGAAT,294967,CCTGATTCAAACCAGC
2076,CGTAGCGGTATACTGG,294991,CCTGATTCACAGCAAC
2077,CGTAGCGGTTCAAGAT,295215,CCTGATTCAATTACCC
2078,CGTAGTTAGATAAAGC,295344,GAAGGCCTCATGGTTT
2079,CGTAGTTAGCCACATG,295388,GAAGGCCTCTTGTTGG
2080,CGTAGTTAGGTCCTAG,295567,GAAGGCCTCCTCAAGC
2081,CGTATTGCAAACCCTA,295691,ATGGCTTGTAACAGGC
2082,CGTATTGCACAAACTT,295795,ATGGCTTGTCAATACC
2083,CGTATTGCACTGACTA,295868,ATGGCTTGTTAAACGG
2084,CGTATTGCAGAAATTG,295879,ATGGCTTGTTTAGCGT
2085,CGTATTGCAGGCTAAG,295937,ATGGCTTGTGGTTAGA
2086,CGTCAATAGGATTTGC,296268,CGGTCCATCATTACAC
2087,CGTCAATAGTGTGATC,296419,CGGTCCATCGCTTTAG
2088,CGTCATTGTGAGGTGA,296630,GGCATTACAAGCTCAA
2089,CGTCATTGTGCTAGAC,296651,GGCATTACAGTAATCG
2090,CGTCATTGTGGATGTC,296666,GGCATTACAGCTAGAC
2091,CGTCATTGTTAGGATT,296735,GGCATTACAAGCGAAG
2092,CGTCATTGTTCTTTAG,296769,GGCATTACATTTGGCT
2093,CGTCATTGTTGCAATG,296775,GGCATTACAACCGTAA
2094,CGTCCTAGTAAACAAG,296839,TCCGGAGCAAATATGC
2095,CGTCCTAGTAATCCCT,296860,TCCGGAGCAGCCTGAG
2096,CGTCCTAGTCAGGAAG,296941,TCCGGAGCAGGTATTG
2097,CGTCCTAGTGGATTGC,297051,TCCGGAGCAGCACGAT
2098,CGTCCTAGTTAACGAT,297087,TCCGGAGCAGTTTCCG
2099,CGTCCTAGTTAGACCA,297108,TCCGGAGCAGGAGGTA
2100,CGTCCTAGTTGTAACG,297178,TCCGGAGCAGGTTATG
2101,CGTGACATCAGTGAAG,297289,AACGTTAAGCCAATCC
2102,CGTGACATCATTGACA,297330,AACGTTAAGTTGCAGG
2103,CGTGACATCCAAGTTA,297342,AACGTTAAGCTAATAG
2104,CGTGACATCTGTTGCC,297576,AACGTTAAGAGGAACA
2105,CGTGAGGAGCTCAATA,297739,AATTACCTCATGGTCC
2106,CGTGAGGAGGATCCGC,297796,AATTACCTCAGGTCGA
2107,CGTGAGGAGGGTCCAC,297849,AATTACCTCATAGCTT
2108,CGTGAGGAGTCTGGGC,297934,AATTACCTCCCAGTAC
2109,CGTGCACAGGCAGGTG,298189,TACGCGTTCGGGATGC
2110,CGTGCACAGTAAGGGC,298279,TACGCGTTCGGTTACC
2111,CGTGCACAGTCACCTC,298300,TACGCGTTCTGGGAAT
2112,CGTGCTGCAGCAGGTA,298582,ATCATGCGTACCGTTG
2113,CGTGCTGCATCACTTC,298685,ATCATGCGTAAAGCAT
2114,CGTGCTGCATGCAACC,298710,ATCATGCGTTGGGCCT
2115,CGTGCTTTCAATGAGG,298779,GCACAGCAGTTGCAAA
2116,CGTGCTTTCACAGCCA,298787,GCACAGCAGTAACACA
2117,CGTGCTTTCCGCCAAA,298922,GCACAGCAGCCTGGTT
2118,CGTGCTTTCCTAATTC,298944,GCACAGCAGCTTGAAA
2119,CGTGCTTTCTTGACCC,299123,GCACAGCAGGAGCAGG
2120,CGTGGTTCAAACTCAT,299149,CTCAATAGTCAGTGCC
2121,CGTGGTTCAAGGCCAA,299197,CTCAATAGTGAATCGA
2122,CGTGGTTCAAGGTATA,299201,CTCAATAGTGAACAAT
2123,CGTGGTTCACATTAAC,299274,CTCAATAGTTCACGCA
2124,CGTGGTTCACTCAACA,299317,CTCAATAGTTAACCAC
2125,CGTGGTTCATGTTGCA,299491,CTCAATAGTTTGGTTA
2126,CGTGTGTCAAGGCCAA,299581,GTTTATGGTGAATCGA
2127,CGTGTGTCACATACTG,299655,GTTTATGGTCGGTTCA
2128,CGTGTGTCAGTCTAGC,299797,GTTTATGGTATAGTGG
2129,CGTGTGTCATTGCGGT,299897,GTTTATGGTCATTGAC
2130,CGTTAAATCATGAGCT,300379,GTTGGTGAGAGGAATG
2131,CGTTAAATCGGTTAGT,300570,GTTGGTGAGTCATGAA
2132,CGTTAAATCTGCAAAC,300635,GTTGGTGAGTTACAAG
2133,CGTTAAATCTTAGTGA,300657,GTTGGTGAGTGGACCA
2134,CGTTAAATCTTGTCTG,300670,GTTGGTGAGGGATTTA
2135,CGTTAACAGATGGAGC,300722,TAATCACTCGCAACTC
2136,CGTTAACAGCGATACT,300785,TAATCACTCAGCTATT
2137,CGTTAACAGCTAAAGG,300800,TAATCACTCGCTCAGT
2138,CGTTAACAGGCTAATC,300899,TAATCACTCCGTCCAG
2139,CGTTAACAGGTCCAAT,300936,TAATCACTCCACAATT
2140,CGTTAACAGTCATGCG,300995,TAATCACTCACAAAGC
2141,CGTTAGTAGCATGTTA,301522,CGTATTGTCAAACTTC
2142,CGTTAGTAGTGAGCAA,301782,CGTATTGTCTAATCGT
2143,CGTTATCGTATACTGG,301897,ATTGCCTCACAGCAAC
2144,CGTTATCGTGGACCTG,302036,ATTGCCTCACAATAAC
2145,CGTTATCGTTAACAGT,302076,ATTGCCTCACGGATTA
2146,CGTTATCGTTAGTACG,302112,ATTGCCTCAACAGGCT
2147,CGTTATCGTTGCTGGG,302156,ATTGCCTCACTCAGTT
2148,CGTTATCGTTGGGTTA,302162,ATTGCCTCAGATAGAA
2149,CGTTATTTCCTGTTCA,302421,GAGGTCCAGGTATAGC
2150,CGTTATTTCGTTAGTA,302506,GAGGTCCAGATTAGGC
2151,CGTTGCAAGACAAACG,302606,CCCTTGCTCCCGCAAT
2152,CGTTGCAAGACAAAGT,302607,CCCTTGCTCTAAGCAA
2153,CGTTGCAAGCCGCTTT,302685,CCCTTGCTCCTGGATC
2154,CGTTGCAAGCCTGTGA,302695,CCCTTGCTCCGCACAT
2155,CGTTGCAAGCTATTGA,302727,CCCTTGCTCCAGGTGA
2156,CGTTGCAAGCTGTCAG,302742,CCCTTGCTCGCGAGTA
2157,CGTTGCGCACAGCCAT,303103,TATCCGGGTACCTTGG
2158,CGTTGCGCACTTCATC,303165,TATCCGGGTATTTGGC
2159,CGTTGCGCATTCCTGT,303347,TATCCGGGTGATGGAC
2160,CGTTTCTCAACCCTAA,303393,AGGTAATGTTCCGGGT
2161,CGTTTCTCACGAATTT,303524,AGGTAATGTACCGTGC
2162,CGTTTGGAGCTCATAA,303882,GAAGGAATCCCTGTGG
2163,CGTTTGGAGGTATTGC,304003,GAAGGAATCCAGGAAT
2164,CGTTTGGAGTACTGGT,304042,GAAGGAATCACAGATA
2165,CTAAAGCTCAAACACC,304513,TATTAGGAGTCCTCAA
2166,CTAAAGCTCATGCATA,304601,TATTAGGAGCACCTAC
2167,CTAAAGCTCATTACAG,304614,TATTAGGAGGACCATG
2168,CTAAAGCTCATTAGGC,304618,TATTAGGAGCTTGCTA
2169,CTAAAGCTCCTTTACG,304735,TATTAGGAGCGCAAAT
2170,CTAAATGTCACAGCCA,304927,CCAACCTAGTAACACA
2171,CTAAATGTCCCTGATC,305052,CCAACCTAGCATATAG
2172,CTAAATGTCTGTTGCC,305252,CCAACCTAGAGGAACA
2173,CTAACCACACTGACCG,305459,GAGCTTTGTGAGTAGC
2174,CTAACCACAGCAGGTA,305490,GAGCTTTGTACCGTTG
2175,CTAACCACAGCCTGCA,305499,GAGCTTTGTTTCTAAG
2176,CTAACCACAGCTCAAC,305505,GAGCTTTGTCACTATA
2177,CTAACCACATGTCAGC,305628,GAGCTTTGTTAGTTTG
2178,CTAACCCTCACCTGCT,305702,GCTCCATAGGCGCGAT
2179,CTAACCCTCGTGCCTT,305952,GCTCCATAGGACACGC
2180,CTAACCCTCTAAGGTC,305972,GCTCCATAGATGCAAC
2181,CTAACCTGTAACGAGG,306057,TTTGGAGCAGGTCCCT
2182,CTAACCTGTAATCGTG,306073,TTTGGAGCACATAACG
2183,CTAAGGTTCATAACTG,306503,AATCTCTAGCAGGTAT
2184,CTAAGGTTCCGCTAGA,306599,AATCTCTAGCTCATTG
2185,CTAAGTCAGGAACGGT,306978,TCACTAGTCGTTAACT
2186,CTAAGTCAGGCAGGTG,307015,TCACTAGTCGGGATGC
2187,CTAATAGTCAAGACTC,307207,GACTAGTAGGCGCATA
2188,CTAATAGTCATCACTT,307276,GACTAGTAGCAATACA
2189,CTAATAGTCCAAGTGT,307319,GACTAGTAGTCACACC
2190,CTAATAGTCTCATCAT,307532,GACTAGTAGTCAATTC
2191,CTAATCCGTAACGTGC,307593,AAGTCATCATTGAGGC
2192,CTAATCCGTCACACCC,307677,AAGTCATCAAGCCATA
2193,CTAATCCGTGATGAAA,307759,AAGTCATCATTAGCCT
2194,CTAATCGCAATCATGT,308048,AAAGCCAGTAGAGGGA
2195,CTAATCGCACAATGTT,308081,AAAGCCAGTTAAAGAC
2196,CTAATCGCAGGCCTTG,308210,AAAGCCAGTCATGAAG
2197,CTAATCGCATAAGTCT,308254,AAAGCCAGTCATGCCA
2198,CTAATGTCAAATTGCT,308755,AGGTTCTGTAAGTACG
2199,CTAATGTCAAGGTACG,308792,AGGTTCTGTCTAGCGC
2200,CTAATGTCAATGAATG,308823,AGGTTCTGTCATCACG
2201,CTAATGTCACAGGATG,308860,AGGTTCTGTTTGCTCC
2202,CTAATTGAGAGGCTAA,309154,TAACTGTTCTGTTGCA
2203,CTAATTGAGCATGGTT,309192,TAACTGTTCATCCTCT
2204,CTAATTGAGCTGTAAC,309262,TAACTGTTCTCGACTA
2205,CTAATTGAGTAGCGCC,309415,TAACTGTTCTGTCAGC
2206,CTAATTGAGTTGTCAA,309490,TAACTGTTCACCTGGT
2207,CTACAACAGCTGGACC,309644,CCCTCACTCCGCACCA
2208,CTACAACAGTTGCGTG,309870,CCCTCACTCATAGCGG
2209,CTACCGGCACTAAATC,310054,ATCATCAGTTTACCAA
2210,CTACCTCAGCACTAGT,310333,ATTTAGCTCCGCCATG
2211,CTACCTCAGCTTTGGG,310425,ATTTAGCTCCCAATAT
2212,CTACCTCAGGAGTCTT,310457,ATTTAGCTCGATAAGC
2213,CTACCTCAGTTAGAGG,310622,ATTTAGCTCTAAGCTT
2214,CTACTTAGTTGGTTCT,311755,CATTAGGCACAAGGCT
2215,CTACTTAGTTGTTGCT,311764,CATTAGGCATGACATG
2216,CTAGATTCACATACTG,311931,GCATGTTGTCGGTTCA
2217,CTAGATTCACCTGGTG,311958,GCATGTTGTTAATCCA
2218,CTAGCGGGTGCAATGC,312369,GCTAATGCAGGACTAC
2219,CTAGCGGGTGTGAGGA,312414,GCTAATGCAAGGACGA
2220,CTAGCGGGTTACAACG,312445,GCTAATGCAGATAATC
2221,CTAGCTGAGTTTGCGG,312947,GCAGCAATCTTGACCA
2222,CTAGCTTGTACAAAGA,312980,GGTCACGCAGTTCCCA
2223,CTAGCTTGTCGCAATA,313093,GGTCACGCACATTACC
2224,CTAGGACGTTAACGGC,313582,TTACGGACACTTAGGA
2225,CTAGGACGTTAATGAC,313590,TTACGGACATGCTGGG
2226,CTAGGCGGTTTGTCTA,314094,ATGCAATCAGGTTGTA
2227,CTAGTAATCTTAAGTG,314453,TCCGTTAAGGTTATCT
2228,CTAGTAGGTCACCAAA,314578,TCCGAAACAATGAGCC
2229,CTAGTAGGTTTCCTCC,314845,TCCGAAACATCCTGCA
2230,CTAGTCGAGGTTTGCG,315143,CATGAGGTCAGCCTTA
2231,CTAGTCGAGTTAGAGG,315216,CATGAGGTCTAAGCTT
2232,CTAGTGAGTATTGCAG,315323,AAACGAACAAGGAAGT
2233,CTAGTGAGTTGTAAAC,315585,AAACGAACAAATCCCT
2234,CTAGTTGCACAATTAC,315746,TTGGCCAGTGGGTGTG
2235,CTAGTTGCACAGAAAC,315750,TTGGCCAGTGGGTAAC
2236,CTATGATCAAGTAAGC,317228,GCCTAGCGTTAGCGTT
2237,CTATGGCCAAGATTCT,317591,CAACCTGGTTATGGAG
2238,CTATGGCCAGAAATGC,317736,CAACCTGGTTATGGGA
2239,CTATGTTTCCCGAAGC,318072,AACCTTTAGGTGGATT
2240,CTATGTTTCCTAGTTT,318122,AACCTTTAGGTCCGTT
2241,CTATGTTTCCTTCTAG,318148,AACCTTTAGCTAAGCG
2242,CTATGTTTCGCAATCG,318173,AACCTTTAGCCGCAAA
2243,CTATGTTTCGGTTTCC,318210,AACCTTTAGTTTCTCC
2244,CTATGTTTCTTGCATT,318303,AACCTTTAGTGCGGGT
2245,CTATTACTCAGGCCTA,318377,ACGGTCAAGGCCCTTG
2246,CTATTACTCCAAACAC,318432,ACGGTCAAGATATTCC
2247,CTATTACTCCCTCATA,318466,ACGGTCAAGACAGGTT
2248,CTATTACTCGGGACTC,318583,ACGGTCAAGCCATAGG
2249,CTATTACTCTAGCTTT,318636,ACGGTCAAGGGAGTAA
2250,CTATTCAGTAAGGTCC,318714,TTCCGGCCAATTTGGG
2251,CTATTCAGTAGTTGGC,318766,TTCCGGCCAAGGGCTT
2252,CTATTGAAGGCCTAAT,319290,CCTAAGCTCCGCCTCT
2253,CTATTGAAGTCATGCG,319399,CCTAAGCTCACAAAGC
2254,CTATTGAAGTCCTGAG,319403,CCTAAGCTCAAACATG
2255,CTCAATAAGAGAGGAG,319493,GTAGTAATCAGCATTT
2256,CTCAATAAGCCTGATG,319563,GTAGTAATCAGGTTGG
2257,CTCACAACAAAGCGCA,319861,ACGGATAGTTGCTCCT
2258,CTCACAACACCAACCG,319985,ACGGATAGTACTGGCC
2259,CTCACAACAGTTAGCC,320125,ACGGATAGTCCCTCTG
2260,CTCACACTCAGGATGA,320294,TTTGGCCAGGGCTTTC
2261,CTCACTCAGGAATAAC,320784,CATTTGGTCTAGTTGT
2262,CTCACTCAGGTGAGAC,320886,CATTTGGTCCAGGACA
2263,CTCATCATCGGTCAAT,321658,CGTGCTTAGTTTACGT
2264,CTCATGACAACAGGTG,321797,GTTTAGCGTGTAACAG
2265,CTCATGACAAGGAATC,321822,GTTTAGCGTCAACCGC
2266,CTCATGCTCGATTCTT,322390,AGGCATTAGTGAGCCA
2267,CTCATTAGTGGATTAT,322747,CATGGCGCATAATGCG
2268,CTCATTAGTTTATTCG,322897,CATGGCGCATATGGTG
2269,CTCATTGTCAAAGGCA,322923,ATGAACCAGGAGCCGT
2270,CTCATTGTCCCTGACT,323073,ATGAACCAGGTGGGAG
2271,CTCATTTAGTTGGCCA,323674,CATTGTGTCCTTATGG
2272,CTCCAAACATGGCCCA,324030,ATACCCGGTACTTCGG
2273,CTCCAAACATTGTGGC,324066,ATACCCGGTGCTTCGA
2274,CTCCAACTCATAGACC,324146,ACTTACTAGTCCTTGA
2275,CTCCAACTCCTTCTAG,324288,ACTTACTAGCTAAGCG
2276,CTCCAACTCGCAATCG,324313,ACTTACTAGCCGCAAA
2277,CTCCAACTCGTTAGCG,324365,ACTTACTAGATGAAGG
2278,CTCCAACTCTTGAGCG,324438,ACTTACTAGTCACCTA
2279,CTCCCTGAGCACGTTG,324901,CCCAAACTCGGCTATC
2280,CTCCCTGAGCACTAGT,324903,CCCAAACTCCGCCATG
2281,CTCCCTGAGCATTAGC,324917,CCCAAACTCGTGATAA
2282,CTCCCTGAGTGAGCGG,325177,CCCAAACTCATCACAT
2283,CTCCGGACAGGACACA,325457,TTATGTGGTCAGGCTC
2284,CTCCGGACAGGCATGA,325465,TTATGTGGTGGTGCAG
2285,CTCCGTCCAACAGGAT,325634,GCACAGGGTAGTTACC
2286,CTCCGTCCACAACAGG,325718,GCACAGGGTATTGCGT
2287,CTCCGTCCATGTTTGG,325960,GCACAGGGTTTATCCT
2288,CTCCGTCCATTCCTGT,325975,GCACAGGGTGATGGAC
2289,CTCCTAATCAATAGCC,326008,GCCAACAAGCGCTTGT
2290,CTCCTAATCATTGCGG,326102,GCCAACAAGGAAGTAG
2291,CTCCTAATCCCATAGG,326130,GCCAACAAGCTTATCG
2292,CTCCTAATCTAAGTGC,326300,GCCAACAAGCAATAGC
2293,CTCCTCACATGAGCAG,326709,GTGAACAGTCATAACC
2294,CTCCTCACATGTGGGA,326724,GTGAACAGTGCTTCTC
2295,CTCCTGAGTTAGGTTG,327041,CTCTCCTCATTAACCC
2296,CTCGACAAGCTATTGA,327273,TCGGCCATCCAGGTGA
2297,CTCGACAAGGAAGCAC,327305,TCGGCCATCTAGCCTA
2298,CTCGACAAGGTAACGA,327392,TCGGCCATCATGCGGA
2299,CTCGACAAGGTCCAAT,327400,TCGGCCATCCACAATT
2300,CTCGACAAGGTTACGT,327416,TCGGCCATCTAATCCG
2301,CTCGACAAGTCTTGAA,327471,TCGGCCATCAGCTACC
2302,CTCGCTAGTCATAACG,327631,CCTCATGCACCAGCCT
2303,CTCGCTAGTGGACATC,327731,CCTCATGCAATGAAGA
2304,CTCGCTCCACCACAAC,328044,GAGTGCGGTGTTCCTC
2305,CTCGCTCCATAAGTCT,328196,GAGTGCGGTCATGCCA
2306,CTCGCTCCATAGCTGC,328211,GAGTGCGGTCATCATA
2307,CTCGCTCCATCGTTCT,328233,GAGTGCGGTTATTGTG
2308,CTCGTTATCCAATTAG,328414,GCGATGCAGCTTAAAG
2309,CTCTAAGCAAAGCGCA,328687,TGTTGCGGTTGCTCCT
2310,CTCTAAGCAAAGGTAC,328692,TGTTGCGGTAGCTAAG
2311,CTCTAAGCAAGGTAAC,328733,TGTTGCGGTTAGCTAC
2312,CTCTAAGCAGGCTAAG,328923,TGTTGCGGTGGTTAGA
2313,CTCTAAGCATGTTGCA,329025,TGTTGCGGTTTGGTTA
2314,CTCTAAGCATGTTGGC,329026,TGTTGCGGTGCTTCCT
2315,CTCTAGCTCCCTCACG,329208,TTAGTAGAGGCTTATT
2316,CTCTATGTCCGGTTGA,329617,TCCTTGAAGTGGCCAA
2317,CTCTATGTCGCGACAC,329693,TCCTTGAAGCAGGTTG
2318,CTCTATGTCGTTACTT,329736,TCCTTGAAGGGACTTG
2319,CTCTATGTCTAGCGTG,329762,TCCTTGAAGCGCAACA
2320,CTCTATGTCTCACTCA,329775,TCCTTGAAGCCTTTCT
2321,CTCTCACAGGAATAAC,329994,ACAAGGTTCTAGTTGT
2322,CTCTCACAGGTCCTGA,330090,ACAAGGTTCTATATGC
2323,CTCTGTTCATCGCTTT,330536,CCATGATGTTGCTGGC
2324,CTCTTGATCATGGTTA,330692,GTAATCAAGTTACCGC
2325,CTCTTGATCCCGCATT,330738,GTAATCAAGTTAGGCG
2326,CTCTTGATCCCTTGCG,330754,GTAATCAAGCTTGTTG
2327,CTCTTGATCGAAGTAG,330819,GTAATCAAGGTGCTGA
2328,CTCTTGATCGATAACC,330828,GTAATCAAGGCCTTGT
2329,CTCTTGATCTGTTGCC,330950,GTAATCAAGAGGAACA
2330,CTGAAACTCAAGGACA,330992,CCTTATGAGTTTCACG
2331,CTGAAACTCATAACTG,331051,CCTTATGAGCAGGTAT
2332,CTGAAACTCATCAGTA,331057,CCTTATGAGCTTAGCC
2333,CTGAAACTCCTCCCTC,331178,CCTTATGAGTGATTCT
2334,CTGAATATCACGCCAA,331404,AGATTCAAGACAAACC
2335,CTGAATATCCTCACAC,331555,AGATTCAAGCACCTTA
2336,CTGAATATCGCAAACT,331603,AGATTCAAGTTAGCTT
2337,CTGAATATCTAATCTC,331675,AGATTCAAGCTACCTA
2338,CTGAATATCTCACTCA,331695,AGATTCAAGCCTTTCT
2339,CTGAATATCTGGCTTC,331710,AGATTCAAGTCAGGAT
2340,CTGAATATCTTAGTGA,331727,AGATTCAAGTGGACCA
2341,CTGACATAGGCGAAAC,331959,TACAAAGTCACGCCCA
2342,CTGACATAGGGTTATC,331997,TACAAAGTCGTCCTAA
2343,CTGACATAGTTGTCTT,332122,TACAAAGTCAAGGTGT
2344,CTGACCAAGGTAACGA,332382,GTCTTGATCATGCGGA
2345,CTGATCACAGGTCCTG,332772,ACTAGTCGTCACGCAC
2346,CTGATCACATAGTCAT,332822,ACTAGTCGTGTACCGC
2347,CTGCAATAGCTCCTAC,333036,TCCTTCGTCTTAGCCA
2348,CTGCAATAGTAGCGCC,333197,TCCTTCGTCTGTCAGC
2349,CTGCAATAGTGATTCA,333240,TCCTTCGTCTCACTTC
2350,CTGCTACTCACAGCCA,333313,TTCGGTCAGTAACACA
2351,CTGCTACTCCGCACAA,333446,TTCGGTCAGTAAACTG
2352,CTGCTACTCGCACACA,333527,TTCGGTCAGTAGAGGA
2353,CTGCTACTCGTTTCTG,333584,TTCGGTCAGCATGAGT
2354,CTGCTACTCTGTTGCC,333638,TTCGGTCAGAGGAACA
2355,CTGCTACTCTTTAAGG,333662,TTCGGTCAGTTTGTCG
2356,CTGCTATGTCATGAGC,333779,CCTTCCTCAAGGCCTG
2357,CTGCTATGTTAAGCGC,333918,CCTTCCTCAACCGCTC
2358,CTGCTATGTTCCGGCT,333969,CCTTCCTCATGCCTGC
2359,CTGCTCCCAATAAGCA,334122,GGTTGAAGTTAACGGA
2360,CTGCTCCCAATGAATG,334139,GGTTGAAGTCATCACG
2361,CTGCTCCCAATGAGGT,334140,GGTTGAAGTCGCAATT
2362,CTGCTCCCAGGCAAGC,334289,GGTTGAAGTAAACCCT
2363,CTGCTCCCATAAAGCA,334334,GGTTGAAGTAATAAGC
2364,CTGCTCCCATCTTGAG,334377,GGTTGAAGTGATCCTG
2365,CTGGACCAGAGGATAT,334469,AAGCCTCTCGAAGTAC
2366,CTGGACCAGCCTCTGT,334528,AAGCCTCTCGCGTTAC
2367,CTGGACCAGTGAGAGC,334769,AAGCCTCTCCGGGTAA
2368,CTGGATGTCACAGACT,334846,GTTAGGTAGCTTACTG
2369,CTGGATGTCGAGGAGT,335048,GTTAGGTAGTTCGCGT
2370,CTGGCTAAGAGGAAGG,335234,GTAACGGTCGCATTGC
2371,CTGGCTAAGCTAAAGG,335324,GTAACGGTCGCTCAGT
2372,CTGGCTAAGGTTTGAC,335480,GTAACGGTCGATTAAG
2373,CTGGTAAGTCATCAAG,336078,ACACAATCAGCTCAAA
2374,CTGGTAAGTGAAACAA,336129,ACACAATCACACTAAG
2375,CTGGTAAGTGTTGTAG,336208,ACACAATCACTATACC
2376,CTGGTAAGTTACTTCA,336236,ACACAATCATAAACCG
2377,CTGGTAAGTTCACTGT,336265,ACACAATCAATAGCCA
2378,CTGGTAAGTTGTTCAC,336313,ACACAATCAAATAAGG
2379,CTGGTCAAGGCCATCA,336557,AAGGCTGTCGGTCAAG
2380,CTGGTCAAGGCGCACT,336565,AAGGCTGTCAATGTGA
2381,CTGGTCAAGGTACCGC,336605,AAGGCTGTCAAGCTTT
2382,CTGGTCAAGTATTGCA,336656,AAGGCTGTCCAGCTCG
2383,CTGGTCAAGTGTTGTA,336699,AAGGCTGTCCAAACCC
2384,CTGGTTACAATTAGCT,336832,TAGTACCGTCCAAATC
2385,CTGGTTACAGGCTTGT,336988,TAGTACCGTTGCAAGA
2386,CTGGTTTGTGCTTAGA,337321,GACTGACCAAGGTGCT
2387,CTGGTTTGTGGATTCA,337330,GACTGACCAGGTTCCC
2388,CTGTAACAGACTTACA,337525,AATCGTTTCGCTTGCG
2389,CTGTAACAGAGGCTAA,337538,AATCGTTTCTGTTGCA
2390,CTGTAACAGCCGCAGT,337589,AATCGTTTCAATTAGG
2391,CTGTAACAGCCTCTCG,337595,AATCGTTTCCTGCCAG
2392,CTGTAACAGGAGGACT,337683,AATCGTTTCACATTAC
2393,CTGTAACAGGTGCTGC,337772,AATCGTTTCAAACTAG
2394,CTGTAACAGTCTTGAA,337831,AATCGTTTCAGCTACC
2395,CTGTACCTCAAACTCA,337888,ACCCTTAAGTAACGTA
2396,CTGTACCTCCGCAACA,338046,ACCCTTAAGGAGTATC
2397,CTGTACCTCTCCTCTT,338222,ACCCTTAAGCTGCATC
2398,CTGTATTTCACGTTAA,338312,CCTAGAGAGCTCCTAA
2399,CTGTGTGAGGGTGGAT,338901,CCCACCTTCATTGCGC
2400,CTGTGTGAGTAACTCA,338941,CCCACCTTCCCTGGTG
2401,CTGTTAAAGCTTTGGG,339193,ACAAAGCTCCCAATAT
2402,CTGTTAAAGGCGCATC,339252,ACAAAGCTCAGGATTA
2403,CTGTTCATCAAGACTC,339429,TTGAACAAGGCGCATA
2404,CTGTTCATCATGGTGT,339517,TTGAACAAGCGGTCAA
2405,CTGTTCATCCCTGACT,339575,TTGAACAAGGTGGGAG
2406,CTGTTCATCGGTTCCT,339699,TTGAACAAGGCTCAAG
2407,CTGTTGGAGCAAGGAC,339858,GTAATAGTCGCGAAAT
2408,CTGTTTAGTCACAGAC,340284,CACTCGCCAGCCAATA
2409,CTGTTTAGTGATGGCT,340368,CACTCGCCATTCATTG
2410,CTGTTTAGTGGTTAGC,340407,CACTCGCCAACCGTTT
2411,CTGTTTAGTGTAATAC,340412,CACTCGCCAAGCGCTG
2412,CTGTTTAGTTAAGCGC,340440,CACTCGCCAACCGCTC
2413,CTGTTTAGTTACTTGC,340457,CACTCGCCATCAGTAG
2414,CTGTTTAGTTTAGTCC,340545,CACTCGCCAATACCGA
2415,CTTAACAAGGACGTAA,340747,CAGTTTGTCCTGTGAC
2416,CTTAACAAGGTCCTAG,340833,CAGTTTGTCCTCAAGC
2417,CTTAACAAGTATTGGC,340877,CAGTTTGTCACTTGCA
2418,CTTAAGATCATGGTTA,341052,CAAGGTTAGTTACCGC
2419,CTTAAGATCATTCATC,341063,CAAGGTTAGACAAGCT
2420,CTTAAGATCCCTCGCA,341107,CAAGGTTAGCCGGTAA
2421,CTTAAGATCGATTCTT,341192,CAAGGTTAGTGAGCCA
2422,CTTAAGATCGTTTCCA,341254,CAAGGTTAGCCGCTAT
2423,CTTAAGGGTAGTAAGA,341402,ACTTCGTCATGATGGC
2424,CTTAAGGGTCGACTCC,341479,ACTTCGTCAGTGTGAC
2425,CTTAAGGGTGTTTGTC,341583,ACTTCGTCACAAACGC
2426,CTTAAGGGTTAATCGG,341595,ACTTCGTCAGTGCACG
2427,CTTAAGGGTTCAAGCA,341632,ACTTCGTCAAGCCTCC
2428,CTTAAGGGTTTAGCTC,341694,ACTTCGTCAGCAAGCT
2429,CTTAATGAGACACTTA,341738,AGCAAACTCCTAAGCC
2430,CTTAATGAGCGAAGTA,341824,AGCAAACTCAAATCGA
2431,CTTAATGAGGGACTAA,341956,AGCAAACTCCGCCTAG
2432,CTTAATGAGTAAGAAC,342010,AGCAAACTCCTTCAAG
2433,CTTAATGAGTGACCTG,342056,AGCAAACTCTAGGCGA
2434,CTTACCGGTGTTCCCA,342341,ACTGAATCATTGTGAG
2435,CTTACCGGTTGTCCAT,342446,ACTGAATCATGGAGGA
2436,CTTACCTCACCGGCTA,342631,TATACTGGTCTGTGCA
2437,CTTACCTCACTGACCG,342665,TATACTGGTGAGTAGC
2438,CTTACTAGTGGATTAT,343081,TTCTAGCCATAATGCG
2439,CTTAGGAGTCAATACG,343343,CGCGTGACACGCGCAA
2440,CTTAGTTTCCGCCAAA,343800,AATGGTCAGCCTGGTT
2441,CTTAGTTTCGAAGTGA,343860,AATGGTCAGGATTGCG
2442,CTTAGTTTCGAGCTAT,343864,AATGGTCAGGTATGTA
2443,CTTAGTTTCTTGATGA,344004,AATGGTCAGGTTACTT
2444,CTTATTGGTCTAACAG,344552,CATCACTCAGGATGTC
2445,CTTATTGGTTAGCATG,344676,CATCACTCATGCATTC
2446,CTTATTGGTTGAGGTC,344720,CATCACTCAAACTAAC
2447,CTTATTGGTTTGACCT,344770,CATCACTCAGTAGGAG
2448,CTTCAATTCAAGTGTC,345184,AGGGCCTAGCAAGTCG
2449,CTTCAATTCCCGCAAA,345311,AGGGCCTAGATTCAAG
2450,CTTCAATTCCCTCATA,345320,AGGGCCTAGACAGGTT
2451,CTTCAATTCCTAAGAC,345351,AGGGCCTAGTCAATAG
2452,CTTCAATTCTGTAATG,345519,AGGGCCTAGTCGCGAA
2453,CTTCAATTCTTTGAGA,345551,AGGGCCTAGACATAGC
2454,CTTCACTCAACTCGCG,345593,TTTCCTGGTGCGCAAG
2455,CTTCACTCAGGACCTT,345789,TTTCCTGGTTGCTCTC
2456,CTTCAGGAGGTGTTAC,346210,TGGTCTATCGCAATCC
2457,CTTCAGGAGTGAGCAA,346274,TGGTCTATCTAATCGT
2458,CTTCAGGAGTTGTCCC,346311,TGGTCTATCGTACAAA
2459,CTTCATCCAAACGCGA,346326,GTTGCATGTCATGGTT
2460,CTTCATCCAGGAATCG,346554,GTTGCATGTATCCGTG
2461,CTTCATCCATGTTGCA,346671,GTTGCATGTTTGGTTA
2462,CTTCGCGTCAGGTTTA,346771,ACAACTAAGTGCACCT
2463,CTTCGCGTCATTTGCT,346820,ACAACTAAGCTTTAGT
2464,CTTCGCGTCCTCACTA,346898,ACAACTAAGTCAATCT
2465,CTTCGCGTCTTTAAGG,347084,ACAACTAAGTTTGTCG
2466,CTTCTAAGTCATGAGC,347201,CCGCTTACAAGGCCTG
2467,CTTCTAAGTCCGGTTC,347214,CCGCTTACAAGTAAAG
2468,CTTCTAAGTGACATGC,347254,CCGCTTACAACAGGGA
2469,CTTCTAAGTGCTTTAC,347292,CCGCTTACAGGAATAA
2470,CTTCTAAGTGTGAGAG,347317,CCGCTTACACCTCAAT
2471,CTTCTCAAGCAAGGAC,347524,TCGATATTCGCGAAAT
2472,CTTCTCAAGTTATCCT,347830,TCGATATTCCTGAAGG
2473,CTTGAACAGCAGGTGG,347924,TCCATAGTCGCGACTT
2474,CTTGAACAGCTCGCTT,347994,TCCATAGTCACACCGT
2475,CTTGAACAGCTTTGGG,348011,TCCATAGTCCCAATAT
2476,CTTGAACAGGCATTAC,348058,TCCATAGTCAAAGGGA
2477,CTTGAACAGGTCCGTA,348116,TCCATAGTCTAATCAC
2478,CTTGAATCAAACGCGA,348244,AAGGCCGGTCATGGTT
2479,CTTGAATCACTTAACG,348421,AAGGCCGGTAAGTCCT
2480,CTTGAATCAGGCGAGT,348485,AAGGCCGGTAACCTAC
2481,CTTGAATCATAATTGC,348535,AAGGCCGGTTCTTAAG
2482,CTTGAATCATTGTGAT,348616,AAGGCCGGTGTAATGG
2483,CTTGACGAGGACAATG,348792,CTTGCTTTCGAGGAGG
2484,CTTGACGAGTATCGCG,348926,CTTGCTTTCGCCCGTA
2485,CTTGACGAGTCATCCC,348940,CTTGCTTTCCTTAACG
2486,CTTGCATGTAATGGAA,349417,TGAGATTCAGGTTCTT
2487,CTTGCATGTGCAATGC,349575,TGAGATTCAGGACTAC
2488,CTTGCATGTGTGCAAC,349621,TGAGATTCACGTAGCG
2489,CTTGCGCGTAATCACG,349793,AGTACTGCAACGTGGT
2490,CTTGCGCGTCACGGAT,349873,AGTACTGCATTGACTC
2491,CTTGCTCAGCAGGTTT,350225,GGGCAACTCGCCTAAC
2492,CTTGCTCAGCTGTCAG,350302,GGGCAACTCGCGAGTA
2493,CTTGCTCAGTAGCTTA,350455,GGGCAACTCCCATAGC
2494,CTTGGACCAAAGGCCA,350555,ACGGTTTGTGAGTCAA
2495,CTTGGACCAATAATCC,350613,ACGGTTTGTAGGTTCT
2496,CTTGGACCATAAGCAA,350826,ACGGTTTGTAAGGCCG
2497,CTTGGACCATGGTTAT,350884,ACGGTTTGTCATTATG
2498,CTTGTAAAGGAGGACT,351105,GCTATATTCACATTAC
2499,CTTGTCCAGGAGCAAC,351486,GGCAAGCTCCTAAATC
2500,CTTGTCCAGGGCCATC,351547,GGCAAGCTCACCCTCC
2501,CTTGTTTAGTCGCAAT,352400,AGGCCTTTCAGGCCAA
2502,CTTTAGGCAATGAATG,352549,AGGTCAAGTCATCACG
2503,CTTTAGGCATTAGCGC,352818,AGGTCAAGTACTGATC
2504,CTTTATCAGCCTTAAA,353329,CAGGCAATCTGGTCTA
2505,CTTTATCAGGTAGCTT,353482,CAGGCAATCAATGAGC
2506,CTTTATCAGTTAGAGG,353580,CAGGCAATCTAAGCTT
2507,CTTTATGGTGTAACCA,353833,ATGAATCCATAGCATG
2508,CTTTATGGTTACGCGG,353876,ATGAATCCAACGGTTA
2509,CTTTATGGTTCCAGGG,353910,ATGAATCCAAGCGCAT
2510,CTTTATGGTTTGGGTA,353988,ATGAATCCACATAGCA
2511,CTTTCTTGTGTGTCCC,354225,GCAAGCTCACTATGGA
2512,CTTTCTTGTGTTGCTT,354231,GCAAGCTCATACTTGC
2513,CTTTGAGCACAGAACG,354497,GCTGACCGTATTCAGC
2514,CTTTGAGCATAATGTC,354670,GCTGACCGTGCAAGTA
2515,CTTTGAGCATCCGTAA,354696,GCTGACCGTACGTAAG
2516,CTTTGGGAGAAGCTAG,354765,GACATAATCTCAATAC
2517,CTTTGGGAGCTTAGCG,354909,GACATAATCGAGGCGT
2518,CTTTGGGAGGCGGATG,354977,GACATAATCTAACTAC
2519,CTTTGGTGTTCGGTAA,355454,AGTAATCCAAACAAAG
2520,CTTTGTCCAACAACAA,355548,CGTTTGGGTTCAATTG
2521,CTTTGTCCAATTAAGG,355621,CGTTTGGGTTGCAATC
2522,CTTTGTCCACAAAGAC,355632,CGTTTGGGTGACGTAA
2523,CTTTGTCCATCATGGC,355840,CGTTTGGGTCCTAAGT
2524,GAAACCCGTACAAAGA,355938,TCTAACCCAGTTCCCA
2525,GAAACCCGTATGGTGC,355979,TCTAACCCAGTATTGG
2526,GAAACCCGTGATTACG,356089,TCTAACCCAACCGCCT
2527,GAAACCCGTGCACGCA,356094,TCTAACCCATAAGCAT
2528,GAAACTGAGGCAATAG,356489,ACAGCCTTCCATCACA
2529,GAAACTGAGTGAGGGT,356630,ACAGCCTTCGCAACCT
2530,GAAAGCCAGAAGGTGC,356682,GAAGTTATCACCAACC
2531,GAAAGCCAGTTGCCTC,357043,GAAGTTATCAGCACGA
2532,GAAAGGCTCACCTGCT,357096,GATCAGTAGGCGCGAT
2533,GAAAGGCTCAGGATGA,357120,GATCAGTAGGGCTTTC
2534,GAAAGGCTCCTAGTAA,357248,GATCAGTAGTGCTCCG
2535,GAAAGGCTCGATTTAG,357297,GATCAGTAGACAACGT
2536,GAAAGGCTCTAATCTC,357371,GATCAGTAGCTACCTA
2537,GAACACAAGGAGTCTT,357631,ATCCTAGTCGATAAGC
2538,GAACCAAAGTAGCTTA,358127,GTTGAGGTCCCATAGC
2539,GAACCAGCAACATAAG,358240,TGATTGCGTAACGATG
2540,GAACCAGCAGAGGGAG,358407,TGATTGCGTGCAACAA
2541,GAACCAGCATTGACAT,358580,TGATTGCGTCAATTGC
2542,GAACCGCTCAATGTCA,358618,TATCCATAGCTTTACG
2543,GAACCGCTCTAGCGTG,358914,TATCCATAGCGCAACA
2544,GAACCTGTCCTTAGTT,359193,AGCGCTAAGACTCCGT
2545,GAACCTGTCGGGATTT,359248,AGCGCTAAGCTTAGTT
2546,GAACCTTAGCACAGCC,359421,ACTTGCATCCTCAGTA
2547,GAACCTTAGCCGCAAC,359450,ACTTGCATCTTTGGGC
2548,GAACCTTAGCGGATTT,359480,ACTTGCATCCAAACTT
2549,GAACCTTAGTGAGCAA,359700,ACTTGCATCTAATCGT
2550,GAACGAATCACGTTAA,359790,TTTAGCTAGCTCCTAA
2551,GAACGAATCCCTCACG,359896,TTTAGCTAGGCTTATT
2552,GAACGAATCCTGGTGA,359956,TTTAGCTAGACACGCA
2553,GAACGAATCGGTAACT,360018,TTTAGCTAGTTACGTT
2554,GAACGAATCTAAGGTC,360054,TTTAGCTAGATGCAAC
2555,GAACGAATCTATTGTC,360071,TTTAGCTAGCAACCCT
2556,GAACGAATCTCCTCTT,360084,TTTAGCTAGCTGCATC
2557,GAACGAATCTTTAAGG,360126,TTTAGCTAGTTTGTCG
2558,GAACTTATCCAATTAG,360254,TATAGTGAGCTTAAAG
2559,GAACTTATCCCTGGTT,360288,TATAGTGAGTACTGAA
2560,GAACTTATCGAAGTGA,360356,TATAGTGAGGATTGCG
2561,GAACTTATCTTAGTCT,360494,TATAGTGAGATTGAGC
2562,GAAGCCTGTAGGTTTG,360577,CTTGTGTCACCAACAA
2563,GAAGCCTGTGGATGTC,360724,CTTGTGTCAGCTAGAC
2564,GAAGCCTGTTAATGAC,360772,CTTGTGTCATGCTGGG
2565,GAAGCCTGTTGCATCT,360837,CTTGTGTCATTTGTGC
2566,GAAGCCTGTTGCGGAT,360840,CTTGTGTCATCCCAAT
2567,GAAGCCTGTTTACCGT,360866,CTTGTGTCAGCAAGTC
2568,GAAGCTAAGGCGCATC,361112,GACTTTGTCAGGATTA
2569,GAAGGAACAACAGGTG,361309,ATGGCGGGTGTAACAG
2570,GAAGGATGTAACGTGC,361675,GTAATCGCATTGAGGC
2571,GAAGGATGTATTGGAT,361742,GTAATCGCATTACTGC
2572,GAAGGATGTGCAATGC,361849,GTAATCGCAGGACTAC
2573,GAAGGATGTGGAAGGC,361870,GTAATCGCAGCCAGTG
2574,GAAGGCCCATGAATAG,362378,TTACTAGGTTATCCGG
2575,GAAGGCTAGCACTAAC,362494,TTGCGGTTCGCGAGGT
2576,GAAGGCTAGCGGGCAA,362550,TTGCGGTTCCCTCACC
2577,GAAGGCTAGTTTCCTG,362809,TTGCGGTTCACGGATG
2578,GAAGTAAGTAGGATTT,362873,ATTGAACCATATTGCC
2579,GAAGTATAGCAAGACA,363248,AGATTGATCGCATTAT
2580,GAAGTATAGCTTCCCG,363350,AGATTGATCATTCAGT
2581,GAAGTATAGGGACCTC,363430,AGATTGATCCGTTATG
2582,GAAGTATAGGTCGATT,363462,AGATTGATCTCTCGCC
2583,GAAGTATAGTCCTTCA,363520,AGATTGATCTCAGCTA
2584,GAAGTATAGTGCACGC,363539,AGATTGATCTAAGTCT
2585,GAAGTCAAGAACCTAC,363585,CAGTCTATCATTAACC
2586,GAAGTCAAGAGGAGGA,363615,CAGTCTATCTAGCCAC
2587,GAAGTCAAGCAGGCCT,363649,CAGTCTATCCGGTTTA
2588,GAAGTCAAGGATCACT,363771,CAGTCTATCATTATGC
2589,GAAGTCAAGTAAGAAC,363870,CAGTCTATCCTTCAAG
2590,GAAGTCAAGTAGCGCC,363879,CAGTCTATCTGTCAGC
2591,GAAGTCAAGTTATGGC,363942,CAGTCTATCTGTGATT
2592,GAAGTGATCACCAATA,363999,GCGCTAAAGCAAACAC
2593,GAAGTGATCGCTTCTA,364226,GCGCTAAAGGATTGGT
2594,GAAGTGATCTGTGCAG,364317,GCGCTAAAGCGGTTAG
2595,GAATTTGTCCTTTACG,364571,CTTGACCAGCGCAAAT
2596,GAATTTGTCGTTAAGC,364640,CTTGACCAGCAAATCA
2597,GACAATACAACCCTAA,364763,GTAGCGGGTTCCGGGT
2598,GACAATACAGGTTCAC,364994,GTAGCGGGTCCTGACA
2599,GACACCGGTGCAACTA,365299,AAGCGCTCAGTATGTG
2600,GACACCGGTGTGCAAC,365347,AAGCGCTCACGTAGCG
2601,GACACCGGTTAGACCA,365386,AAGCGCTCAGGAGGTA
2602,GACACCGGTTAGGTTG,365399,AAGCGCTCATTAACCC
2603,GACATAGAGCCTCTCG,365975,CTTAAGTTCCTGCCAG
2604,GACATAGAGGCTGTCA,366110,CTTAAGTTCTTGCAGC
2605,GACATTATCAATGTGC,366289,TACGTCCAGGTTGGTG
2606,GACATTATCAGCAAGA,366318,TACGTCCAGTATTGCT
2607,GACATTATCGCTTCTA,366526,TACGTCCAGGATTGGT
2608,GACCGAACACAGAACG,366771,CCCGTTTGTATTCAGC
2609,GACCGAACAGGTATTT,366905,CCCGTTTGTTACGCCA
2610,GACCGAACATCGCTCC,366973,CCCGTTTGTTTGAGCT
2611,GACCTAAGTCAAGTGC,367506,GGCTGATCATCCGCTA
2612,GACCTAAGTTCCGCAC,367718,GGCTGATCATGAGGGA
2613,GACCTAGTCATAGACC,367874,GAGATTCAGTCCTTGA
2614,GACCTAGTCCCTGGTT,367956,GAGATTCAGTACTGAA
2615,GACCTAGTCTGGCAAT,368144,GAGATTCAGGGTGGGA
2616,GACCTCAAGCATGACT,368256,TTGCTGATCGTGCTGT
2617,GACCTCAAGTCATTAG,368502,TTGCTGATCATTAAGG
2618,GACCTGATCAATCTCT,368587,CCCGATTAGGCCTAAG
2619,GACCTGATCCAGGGAG,368697,CCCGATTAGTTATTGC
2620,GACCTGATCCCGCATT,368710,CCCGATTAGTTAGGCG
2621,GACCTGATCTAAGGTC,368874,CCCGATTAGATGCAAC
2622,GACCTGCAGGATTTGC,369146,CCAAAGGTCATTACAC
2623,GACCTGCAGTAGGATG,369252,CCAAAGGTCTAGTTAC
2624,GACGCAACATAAGTTC,370007,TAGGCTTGTGGACATA
2625,GACGCAACATCCAGGT,370034,TAGGCTTGTGCCTTTC
2626,GACGCCTAGCTATTAG,370232,CGATTATTCATTTGGT
2627,GACGCCTAGCTTAACA,370249,CGATTATTCCGTTAGC
2628,GACGCCTAGGACAACA,370269,CGATTATTCTATGCAT
2629,GACGCCTAGGCTGGCT,370329,CGATTATTCTCACAGC
2630,GACGCCTAGGGTGAAC,370347,CGATTATTCCACTATG
2631,GACGTAAAGAGCCGGA,370517,TTGGCTATCATGGATA
2632,GACGTAAAGCCGCAAC,370572,TTGGCTATCTTTGGGC
2633,GACGTAAAGCGAGGTG,370590,TTGGCTATCCAATATC
2634,GACGTAAAGGTGAAGC,370753,TTGGCTATCATAGCCC
2635,GACTATTCAAGGGTTG,371308,TTCGCAGGTCCTCCTG
2636,GACTATTCAATCATGT,371334,TTCGCAGGTAGAGGGA
2637,GACTATTCAGCACGAA,371458,TTCGCAGGTAATCACC
2638,GACTATTCATAGACTT,371551,TTCGCAGGTTGCGCGT
2639,GACTCACCATAATTGC,371931,TTGCTCCGTTCTTAAG
2640,GACTTACAGGTCGAGG,372283,GACCAAGTCAGCCTGT
2641,GACTTAGGTTATGTGG,372693,TTAGGATCATCCTGTG
2642,GACTTAGGTTCACCAT,372697,TTAGGATCATTACGGA
2643,GACTTAGGTTTGCTGT,372776,TTAGGATCATTGTGGA
2644,GACTTGGTCATGGCTG,372880,AGAGCAAAGGACGAAA
2645,GACTTGGTCATTGCAA,372895,AGAGCAAAGGTTATAG
2646,GACTTGGTCGTTAACA,373075,AGAGCAAAGAAACCGT
2647,GACTTGGTCTCAATGA,373111,AGAGCAAAGGCTTGTC
2648,GACTTGGTCTTGACCC,373151,AGAGCAAAGGAGCAGG
2649,GACTTGGTCTTGGATA,373160,AGAGCAAAGCCTAATT
2650,GAGAAACGTGTGAGGA,373398,TGGATTGCAAGGACGA
2651,GAGAAACGTTAATGCG,373427,TGGATTGCACCTCGAC
2652,GAGAAACGTTAGACCA,373438,TGGATTGCAGGAGGTA
2653,GAGAAACGTTTAAAGC,373517,TGGATTGCACGGATCG
2654,GAGAACCAGATGCCTG,373594,GTATTGTTCCAAATAG
2655,GAGAACCAGTAGAGGC,373847,GTATTGTTCATGCAAA
2656,GAGAGGCGTAGCCATA,373985,GCAAGGACAGGTAACC
2657,GAGAGGCGTAGCTAGC,373989,GCAAGGACAATTGACG
2658,GAGAGGCGTGCATTAG,374122,GCAAGGACAACCAACA
2659,GAGAGGCGTGTTTCAC,374176,GCAAGGACAAGGATTT
2660,GAGAGGCGTTATTGCC,374226,GCAAGGACAACGGTGT
2661,GAGAGGCGTTTGGCTT,374310,GCAAGGACAATCTCTA
2662,GAGATAAGTGTAATAC,374540,TAGGCTACAAGCGCTG
2663,GAGATAAGTTAACACG,374563,TAGGCTACACATTGTC
2664,GAGATAAGTTAAGCGC,374568,TAGGCTACAACCGCTC
2665,GAGCAAATCCATAAGC,374832,GCTTCTAAGGAGCTTG
2666,GAGCAAATCCTTAGGG,374912,GCTTCTAAGCATCCTA
2667,GAGCAAATCGAAGTAG,374923,GCTTCTAAGGTGCTGA
2668,GAGCAAGGTAATCGCA,375105,AGATAAGCAACGGGAA
2669,GAGCAAGGTCGCATAA,375226,AGATAAGCAACCTACT
2670,GAGCAAGGTGCTGGTG,375282,AGATAAGCAAGTGCAC
2671,GAGCATGCAAACATAG,375466,ACCGCGTGTTGTTCTT
2672,GAGCATGCAACACCTA,375489,ACCGCGTGTTTCCTCA
2673,GAGCCACTCAAACACC,375849,TTGTCATAGTCCTCAA
2674,GAGCCACTCATAACCA,375919,TTGTCATAGGCTTTCA
2675,GAGCCACTCGTTAAGC,376140,TTGTCATAGCAAATCA
2676,GAGCCTTCACAAACTT,376339,AGAGCCGGTCAATACC
2677,GAGCCTTCATTGCAGC,376603,AGAGCCGGTTGGTTTA
2678,GAGCGAAGTTGTTGTC,376964,CTTCCTCCAAATGCGC
2679,GAGCGAAGTTTATCGC,376974,CTTCCTCCAAGGCCAT
2680,GAGCGATAGAATGACG,377009,AATGCAATCCCACCCT
2681,GAGCGATAGCCTGGTA,377098,AATGCAATCGAAGTTA
2682,GAGCGATAGTATTGCA,377304,AATGCAATCCAGCTCG
2683,GAGCGGTCAAACCTAT,377386,GACAAGCGTGCGCGAA
2684,GAGCGGTCAACTCGCG,377423,GACAAGCGTGCGCAAG
2685,GAGCGGTCAAGTGTTT,377452,GACAAGCGTGATGCAA
2686,GAGCGGTCACAAGCCT,377496,GACAAGCGTTCATTGA
2687,GAGCTAGCACTTCATC,377953,GATCCTGGTATTTGGC
2688,GAGCTGCTCCAGGTTG,378283,TCAAGCGAGTCATGCC
2689,GAGCTGCTCGTTATAG,378447,TCAAGCGAGGATAACC
2690,GAGCTTAGTCTCACTG,378688,ATAAAGGCAAGGGAGC
2691,GAGCTTAGTGTTCCCA,378771,ATAAAGGCATTGTGAG
2692,GAGCTTGTCACTCGCT,378965,AGCCTCTAGACTTAGA
2693,GAGCTTGTCATTGTCT,379029,AGCCTCTAGGGCTATG
2694,GAGCTTGTCCGTTATT,379096,AGCCTCTAGTGCTGAG
2695,GAGCTTGTCGCGACAC,379167,AGCCTCTAGCAGGTTG
2696,GAGCTTGTCTTGCAGG,379288,AGCCTCTAGCTTCCTT
2697,GAGGACTAGCTTAACA,379449,TAATTGCTCCGTTAGC
2698,GAGGACTAGGATAAAC,379490,TAATTGCTCTACTACG
2699,GAGGACTAGGATGATG,379493,TAATTGCTCCGTCCCT
2700,GAGGACTAGTTATTCC,379664,TAATTGCTCATGAAGC
2701,GAGGAGGCAAGATTCT,379729,CGCAATTGTTATGGAG
2702,GAGGAGGCAGGTTTGC,379947,CGCAATTGTTCCAGAT
2703,GAGGAGGCAGTTATCG,379962,CGCAATTGTTTATTCC
2704,GAGGAGGCATAGACCC,379984,CGCAATTGTAAAGGTT
2705,GAGGCAAGTAACCAGC,380075,CGCTGGACAGGAGCTT
2706,GAGGCAAGTGTGAGGA,380298,CGCTGGACAAGGACGA
2707,GAGGCAAGTTACCGGG,380331,CGCTGGACACTTCAAC
2708,GAGGCCTTCCAGGAAA,380580,GCTATTTAGGTACCGA
2709,GAGGCCTTCCGCATGA,380615,GCTATTTAGTCACTAT
2710,GAGGCTACAAGGTCGA,380897,TAGAGGCGTTGTGGTT
2711,GAGGCTACATGTTGCA,381185,TAGAGGCGTTTGGTTA
2712,GAGGCTTGTAGGTTAT,381279,GGGATGACATTATCTG
2713,GAGGCTTGTCAATAGT,381310,GGGATGACAGGGAGTA
2714,GAGGCTTGTTAACGAT,381467,GGGATGACAGTTTCCG
2715,GAGGGAGCACATGCTA,381733,ATTGCGTGTTTGACTA
2716,GAGGTACAGACAGGTA,382004,CGTAAGGTCATCAGCC
2717,GAGGTACAGCTGTACG,382131,CGTAAGGTCAATATCC
2718,GAGGTACAGGAAGTAT,382151,CGTAAGGTCTTGCTCT
2719,GAGGTACAGTATTGCA,382290,CGTAAGGTCCAGCTCG
2720,GAGGTACAGTCCTGAG,382307,CGTAAGGTCAAACATG
2721,GAGGTACAGTGAGCGG,382323,CGTAAGGTCATCACAT
2722,GAGGTAGGTTATCCTA,382657,CTGCTCACAGGCATTA
2723,GAGGTGAGTAACCACA,382756,TGTTGCTCATCATCAC
2724,GAGGTGAGTGAACAAA,382912,TGTTGCTCAAATGCTG
2725,GAGGTGAGTTGAAGCC,383064,TGTTGCTCACACAAGC
2726,GAGGTGAGTTTGCGCC,383123,TGTTGCTCATTACAGG
2727,GAGGTTAAGCACAGCC,383191,TTGCTTCTCCTCAGTA
2728,GAGGTTAAGCCAGTAT,383218,TTGCTTCTCCCGGAAA
2729,GAGTAACCAACAACAA,383540,TGAGCAAGTTCAATTG
2730,GAGTAACCACGAACAG,383676,TGAGCAAGTCACACTG
2731,GAGTAACCAGCCTGCA,383735,TGAGCAAGTTTCTAAG
2732,GAGTAACCATTATGAC,383880,TGAGCAAGTTGGGTAA
2733,GAGTAATAGCAGCTCA,383968,AGCGCAATCTTGCTGA
2734,GAGTAATAGCCTGTGA,384001,AGCGCAATCCGCACAT
2735,GAGTAATAGGATTTGC,384096,AGCGCAATCATTACAC
2736,GAGTAATAGTAAGAAC,384190,AGCGCAATCCTTCAAG
2737,GAGTATCTCATGAAGG,384369,CCCACATAGTAAGCGT
2738,GAGTATCTCATGCAAC,384372,CCCACATAGGTCATGG
2739,GAGTATCTCTCACATT,384615,CCCACATAGTCCTCCC
2740,GAGTCAAAGAGAAGGG,384695,TTGGACCTCCCAAAGG
2741,GAGTCAAAGCCTGATG,384767,TTGGACCTCAGGTTGG
2742,GAGTCAAAGGTACCGC,384923,TTGGACCTCAAGCTTT
2743,GAGTCAAAGTAACAGG,384952,TTGGACCTCGCTTCAA
2744,GAGTCAAAGTAACGGA,384956,TTGGACCTCACAAGCG
2745,GAGTCAAAGTTAGGCT,385025,TTGGACCTCAAACTGA
2746,GAGTCATTCGAGGTGG,385285,TTTCAGTAGTAAGTCA
2747,GAGTCATTCTTGTCTG,385430,TTTCAGTAGGGATTTA
2748,GAGTGAGGTAATGGCC,385464,AGTAACTCACTCCCTT
2749,GAGTGAGGTTATCCGT,385724,AGTAACTCAAAGTCAT
2750,GAGTGATCAAACGCGA,385824,ACATTGCGTCATGGTT
2751,GAGTGATCATAAGCAA,386106,ACATTGCGTAAGGCCG
2752,GAGTGTTTCACGTTAA,386246,CGAGCTAAGCTCCTAA
2753,GAGTGTTTCATGCAAC,386290,CGAGCTAAGGTCATGG
2754,GAGTGTTTCTAAGGAG,386509,CGAGCTAAGATAACTG
2755,GAGTTACTCATCACTT,386664,AATATCGAGCAATACA
2756,GAGTTACTCCCGCAAA,386729,AATATCGAGATTCAAG
2757,GAGTTACTCGTTACAA,386879,AATATCGAGTGCAACG
2758,GAGTTGCGTAATGACT,386996,TCGAAGCCATCCTCAG
2759,GAGTTGCGTAGCAGCT,387020,TCGAAGCCAGGAAGCA
2760,GAGTTGCGTGTGCACG,387202,TCGAAGCCAATACCCT
2761,GAGTTGCGTTCGCGCT,387278,TCGAAGCCAATCATGG
2762,GAGTTTGGTACCGAAC,387386,GTCAAGCCACAAAGCC
2763,GAGTTTGGTGCTGGTG,387552,GTCAAGCCAAGTGCAC
2764,GATAAAGGTACTGAAT,387779,TGTCATCCAAACCAGC
2765,GATAAAGGTTTGCGAA,388106,TGTCATCCACCTGGCT
2766,GATAAGCCAAGACTCC,388544,GCATTACGTATGGTGA
2767,GATAATCGTAAGGTCC,388900,GGAGTAGCAATTTGGG
2768,GATAATCGTCTAGCTT,389036,GGAGTAGCACGTTACT
2769,GATAATCGTTCCATTA,389185,GGAGTAGCAATTGCTC
2770,GATAGACCAGATTCAT,389465,CTGACCAGTTATTTGG
2771,GATAGACCATTAGCGC,389626,CTGACCAGTACTGATC
2772,GATCAAGAGATTGAGG,389698,GCTTGCGTCAAGCCAG
2773,GATCAAGAGCGAGGTG,389756,GCTTGCGTCCAATATC
2774,GATCAAGAGGAAACTG,389809,GCTTGCGTCGTTTCTC
2775,GATCAAGAGGTTACGT,389926,GCTTGCGTCTAATCCG
2776,GATCAAGAGTAAGAAC,389940,GCTTGCGTCCTTCAAG
2777,GATCACTAGAGGAGGA,390069,CTGGGAATCTAGCCAC
2778,GATCACTAGCAATAGG,390091,CTGGGAATCACTAAGA
2779,GATCACTAGTTCCCAC,390399,CTGGGAATCAGCATGG
2780,GATCAGGCAACTAGAA,390456,CCATAACGTTAACTGC
2781,GATCAGGCAAGGTATA,390479,CCATAACGTGAACAAT
2782,GATCAGGCAATAATGG,390494,CCATAACGTCAATTCA
2783,GATCAGGCAATCGCAC,390506,CCATAACGTTACAACC
2784,GATCAGTTCCTCCATA,391001,GGGATTTAGATAGCCG
2785,GATCAGTTCGGTCAGC,391077,GGGATTTAGGCAATAC
2786,GATCAGTTCGTGCCTT,391090,GGGATTTAGGACACGC
2787,GATCAGTTCGTTTCGC,391103,GGGATTTAGCACTTGC
2788,GATCCGTCAATGCCCG,391279,GTCCTTCGTTGAGTCT
2789,GATCCGTCAGGCATGA,391429,GTCCTTCGTGGTGCAG
2790,GATCCGTCATCATGGC,391502,GTCCTTCGTCCTAAGT
2791,GATCGAGCACTGACCG,391749,TCGTTAAGTGAGTAGC
2792,GATCGATTCACGCGGT,391997,AGGGTTTAGAGGCTAT
2793,GATCGATTCAGGTCCA,392020,AGGGTTTAGTCATCAT
2794,GATCGATTCCCGTTTA,392102,AGGGTTTAGCAAGGAA
2795,GATCGCTCAGCAAGAT,392541,GGTGGATGTTTACTGA
2796,GATCGCTCAGTAGGTG,392608,GGTGGATGTACCTTAA
2797,GATCGCTCAGTTTCTC,392620,GGTGGATGTCACGATT
2798,GATCGCTCATAGACCC,392638,GGTGGATGTAAAGGTT
2799,GATCGCTCATTGTCAG,392714,GGTGGATGTTTAATCG
2800,GATGACTTCGAGCAAA,392951,TTAGCGGAGATTAGCA
2801,GATGACTTCTAACCTT,393027,TTAGCGGAGCAAATTG
2802,GATGAGGGTACCCACC,393139,CTCACCACACCTTCTC
2803,GATGAGGGTCCGCTGT,393231,CTCACCACAGCTCATT
2804,GATGAGGGTGGATTAT,393317,CTCACCACATAATGCG
2805,GATGAGGGTTGCACAA,393426,CTCACCACAGGTGGAA
2806,GATGCAGCACTAAGTT,393661,GGTAAGCGTTGCTTCC
2807,GATGCAGCAGTAAGTA,393753,GGTAAGCGTGAACCGG
2808,GATGCAGCATAGCTGC,393793,GGTAAGCGTCATCATA
2809,GATGCAGCATTGTCAG,393864,GGTAAGCGTTTAATCG
2810,GATGCATTCAGCATTA,393929,CGCCTCAAGCGAAGTT
2811,GATGCATTCGGCCATA,394137,CGCCTCAAGGCTCACT
2812,GATGCATTCGGGATTT,394142,CGCCTCAAGCTTAGTT
2813,GATGCGACAGTTTCTC,394538,CATACCGGTCACGATT
2814,GATGCTTAGGTAGCTT,394896,TCAGGGATCAATGAGC
2815,GATGCTTAGGTCAAAG,394898,TCAGGGATCCTTTAGG
2816,GATGCTTAGGTCGAGG,394905,TCAGGGATCAGCCTGT
2817,GATGCTTAGGTTAGCT,394918,TCAGGGATCTAACCAT
2818,GATGCTTAGTTGCGTG,395010,TCAGGGATCATAGCGG
2819,GATGGACAGCATGTTA,395102,TGCATGCTCAAACTTC
2820,GATGGACAGCGGGCAA,395144,TGCATGCTCCCTCACC
2821,GATGGACAGCTCCTTA,395163,TGCATGCTCGAAGCAT
2822,GATGGACAGGTCCAAT,395284,TGCATGCTCCACAATT
2823,GATGGCTGTAAGGTCC,395424,CCATCATCAATTTGGG
2824,GATGGCTGTATCTGGA,395478,CCATCATCACCGTTGC
2825,GATGGCTGTCACAAAT,395502,CCATCATCAGGAGGAC
2826,GATGGCTGTGACATGC,395574,CCATCATCAACAGGGA
2827,GATGGCTGTTAAGCGC,395660,CCATCATCAACCGCTC
2828,GATGGCTGTTAGGTGC,395690,CCATCATCAGGTGACT
2829,GATTAAGCACCAGGTT,395930,GTTCCTCGTTTGCTGG
2830,GATTAAGCACGAACAG,395950,GTTCCTCGTCACACTG
2831,GATTAAGCACTGGCCA,395971,GTTCCTCGTCCTGAGC
2832,GATTAAGCAGAGGCTA,395986,GTTCCTCGTAAGTGCA
2833,GATTAAGCATTAGGCC,396151,GTTCCTCGTGTCCGGT
2834,GATTACTCACAAAGGT,396666,ATGCTTAGTCACACCA
2835,GATTACTCACGAATCC,396717,ATGCTTAGTAACCTTA
2836,GATTACTCAGCTCAAC,396781,ATGCTTAGTCACTATA
2837,GATTAGCTCACCGGTA,396977,GCAAATCAGCCTTAAT
2838,GATTAGCTCCCTCTAA,397094,GCAAATCAGTCCCTGG
2839,GATTAGCTCCGTTAAA,397119,GCAAATCAGTAACCGG
2840,GATTAGCTCGCACACA,397185,GCAAATCAGTAGAGGA
2841,GATTAGTGTCCTTAGT,397459,CTATCCGCACTTAGCT
2842,GATTAGTGTGTCCAAA,397550,CTATCCGCATTGTTTG
2843,GATTAGTGTGTTAAAC,397559,CTATCCGCACCGGTAG
2844,GATTATGTCAGTGAAG,397775,CTTGGTCAGCCAATCC
2845,GATTATGTCCCTGTTA,397865,CTTGGTCAGCCAGTAG
2846,GATTATGTCGACAAAG,397933,CTTGGTCAGAAAGGCA
2847,GATTATGTCTATTGTC,398031,CTTGGTCAGCAACCCT
2848,GATTCAATCTGTTGCC,398446,ATATGCAAGAGGAACA
2849,GATTCAGGTACCGGAT,398509,ACATAGTCACGATTCT
2850,GATTCAGGTCCTAATC,398605,ACATAGTCACGGTAAC
2851,GATTCAGGTGAGACTC,398643,ACATAGTCAAAGAAGC
2852,GATTCAGGTTCGGGAT,398785,ACATAGTCATGCATCT
2853,GATTCAGGTTGTTGCT,398820,ACATAGTCATGACATG
2854,GATTCAGGTTTGGGCG,398851,ACATAGTCAAGGTGTC
2855,GATTCATCAGCAAGAT,399059,TATCCAAGTTTACTGA
2856,GATTCATCAGCCGCTA,399073,TATCCAAGTGTCCGTA
2857,GATTCATCAGCTCATA,399082,TATCCAAGTTCAAGCT
2858,GATTCATCAGGCTAAG,399105,TATCCAAGTGGTTAGA
2859,GATTCATCATAATGAG,399151,TATCCAAGTCCCAGAC
2860,GATTCATCATCTAGCA,399184,TATCCAAGTTTAACCA
2861,GATTCATCATTGTGGC,399236,TATCCAAGTGCTTCGA
2862,GATTCCTGTCCTTTAA,399378,AAACCGCCAGAAATGA
2863,GATTCCTGTTACCGGG,399503,AAACCGCCACTTCAAC
2864,GATTCCTGTTATCCGT,399528,AAACCGCCAAAGTCAT
2865,GATTCCTGTTGTAAAC,399579,AAACCGCCAAATCCCT
2866,GATTCGCCAATTGAGA,399725,CAGCTATGTCCTGCAA
2867,GATTCGCCAGAACCGA,399814,CAGCTATGTTAATCGC
2868,GATTCGCCAGCAAGAT,399825,CAGCTATGTTTACTGA
2869,GATTCGCCAGGCTACT,399872,CAGCTATGTTTGTAGC
2870,GATTCGCCATAGCAGG,399924,CAGCTATGTAGTCATC
2871,GATTGCAGTAAATTGC,400392,TGTGCGGCACCTTCCT
2872,GATTGCAGTGCTCACC,400585,TGTGCGGCAAATAGCT
2873,GATTGCAGTTGGTTAG,400724,TGTGCGGCAGCTAGCG
2874,GATTGCGTCACTTCAT,400820,TACGCCTAGTGTCCAC
2875,GATTGCGTCATTCATC,400879,TACGCCTAGACAAGCT
2876,GATTGGCGTGCGCGTA,401348,GTAACCACAAGTGCCG
2877,GATTGGCGTGCTTTAC,401358,GTAACCACAGGAATAA
2878,GATTGGTTCCCGAACA,401677,TGACAACAGGTCCCTG
2879,GATTGGTTCCGCAACA,401698,TGACAACAGGAGTATC
2880,GATTGGTTCGCACACA,401781,TGACAACAGTAGAGGA
2881,GATTGGTTCGGGACTC,401805,TGACAACAGCCATAGG
2882,GATTGTTCAAACTGTT,401931,TTCGCGAGTTTGTTGA
2883,GATTGTTCAAGGTCCT,401982,TTCGCGAGTTTGGCTG
2884,GATTGTTCACCGGTAT,402066,TTCGCGAGTCTTGAAC
2885,GATTTGCAGAATCTCA,402314,TGAGGCATCTTAGGTT
2886,GATTTGCAGCGTGCGT,402427,TGAGGCATCTTGCATG
2887,GATTTGCAGGAACGGT,402468,TGAGGCATCGTTAACT
2888,GATTTGCAGGCCTTAG,402516,TGAGGCATCCATCATG
2889,GATTTGCAGTAGGCGG,402607,TGAGGCATCCCGCTGA
2890,GCAAACAAGCACAGGG,402748,GATATGATCCAATTGT
2891,GCAAACAAGGCATGAA,402890,GATATGATCAGCTAGG
2892,GCAAACCGTATTTGCC,403154,CCTCCAACACCTAACT
2893,GCAAACCGTCAAAGGG,403158,CCTCCAACATGCAACA
2894,GCAACAGCAATTATGC,403938,CTTGCAGGTTGTCATA
2895,GCAAGCCTCACAGCCA,404253,CTCGACTAGTAACACA
2896,GCAAGCCTCAGCCAAT,404280,CTCGACTAGGTTCCCG
2897,GCAAGCCTCCGCCTAT,404389,CTCGACTAGCTTGCAC
2898,GCAAGCCTCCGTTATT,404402,CTCGACTAGTGCTGAG
2899,GCAAGCCTCCTTTACG,404445,CTCGACTAGCGCAAAT
2900,GCAAGCCTCTAACCAA,404526,CTCGACTAGGCTTAGG
2901,GCAAGTCGTCCACAAA,404728,GAATCGCCATGATCGA
2902,GCAAGTCGTGGTTCCC,404827,GAATCGCCAGGTAGCT
2903,GCAAGTCGTGTCCAGG,404833,GAATCGCCAAAGGTAA
2904,GCAAGTGCAACACTTG,405014,TTAGGCTGTGTTACAC
2905,GCAAGTGCAGGAACTG,405220,TTAGGCTGTCCGTTAG
2906,GCAAGTGCAGTTATCG,405266,TTAGGCTGTTTATTCC
2907,GCAAGTGCATAGCTGC,405293,TTAGGCTGTCATCATA
2908,GCAATATGTGGGTACT,405972,AGGCCTGCAATATCCC
2909,GCAATATGTTATAGCG,406043,AGGCCTGCATTCAGGA
2910,GCAATCTAGGCGGGTA,406358,ACACTTGTCAATACAG
2911,GCAATCTAGGCTAAGA,406360,ACACTTGTCATTAGTC
2912,GCAATCTAGGTGTTAC,406412,ACACTTGTCGCAATCC
2913,GCAATCTAGTGAACAG,406470,ACACTTGTCCGCAATC
2914,GCAATCTAGTTAGCTA,406494,ACACTTGTCGATATTC
2915,GCAATCTAGTTGTCAA,406512,ACACTTGTCACCTGGT
2916,GCAATGAAGCCGCTAA,406612,GGTTCACTCAGTTTAC
2917,GCAATGAAGCTTATGA,406675,GGTTCACTCACTAATC
2918,GCAATGAAGGTACCGC,406777,GGTTCACTCAAGCTTT
2919,GCACATTAGACTAAGG,407312,CGAAATATCACAATAG
2920,GCACATTAGGCGAAAC,407503,CGAAATATCACGCCCA
2921,GCACATTAGGTCGAGG,407555,CGAAATATCAGCCTGT
2922,GCACCTAAGGCATGTT,407877,TTAGGTTTCACCTATG
2923,GCACCTAAGTGACCTG,408010,TTAGGTTTCTAGGCGA
2924,GCACCTAAGTTTAACG,408051,TTAGGTTTCAAGCGCA
2925,GCACGAACAAGGCCAA,408115,GTAATCCGTGAATCGA
2926,GCACGAACACAGCCAT,408183,GTAATCCGTACCTTGG
2927,GCACGAACATGCTTAG,408400,GTAATCCGTCCAAGTT
2928,GCACGAACATTGTGCA,408437,GTAATCCGTTAGCCAT
2929,GCACGCTAGAGGGACT,408481,AATATCCTCCCACCTC
2930,GCACGCTAGCCTGACA,408539,AATATCCTCGACCTTA
2931,GCACGCTAGCTAATTG,408569,AATATCCTCCTAGTGC
2932,GCACGCTAGGAATAAC,408610,AATATCCTCTAGTTGT
2933,GCACGCTAGGATTGAG,408636,AATATCCTCAGGTTCC
2934,GCACGCTAGGCTACTG,408667,AATATCCTCCTTGAGC
2935,GCACGCTAGGGATGAC,408679,AATATCCTCACAGCAG
2936,GCACGCTAGTCGCTAG,408769,AATATCCTCCATCAGC
2937,GCACGGTTCTCACAAA,409155,AGCCTAGAGGCATGGC
2938,GCACTAAGTCAAAGGG,409296,CACATAGCATGCAACA
2939,GCACTAAGTTGTTGTC,409558,CACATAGCAAATGCGC
2940,GCACTTACACCTACTT,409743,AGTAGGCGTAGCGGAT
2941,GCACTTACACTAAATC,409762,AGTAGGCGTTTACCAA
2942,GCACTTACATACCCGG,409890,AGTAGGCGTCACCATG
2943,GCACTTACATTAGCCA,409951,AGTAGGCGTCCATTAA
2944,GCAGCCAGTCGACTAA,410500,AGTTGGCCAGTTTCTA
2945,GCAGCCAGTGCTAGCG,410556,AGTTGGCCAATGACCA
2946,GCAGCCAGTTCCGGGA,410664,AGTTGGCCAATCCTAC
2947,GCAGCCAGTTTCCGGC,410724,AGTTGGCCACCGTTCA
2948,GCAGCTATCACTCGCT,410791,GACCTGAAGACTTAGA
2949,GCAGGAAGTACCTTAC,411164,GTTCCGCCATTTCGCG
2950,GCAGGAAGTTCGCTCA,411435,GTTCCGCCAGGTGAGA
2951,GCAGGAAGTTGAGCCG,411443,GTTCCGCCAGCAAATT
2952,GCAGGACCATGTTTGG,411862,GCTCAATGTTTATCCT
2953,GCAGGACCATTGCGTA,411882,GCTCAATGTGTGATTC
2954,GCAGGATAGCTGGACC,412036,GTAGCCTTCCGCACCA
2955,GCAGGATAGTCATTTC,412214,GTAGCCTTCAAGCTCC
2956,GCAGGCAAGACAAACG,412288,GTCTAGCTCCCGCAAT
2957,GCAGGCAAGCCACAAT,412359,GTCTAGCTCGATCCGT
2958,GCAGGCAAGCGCCTAA,412389,GTCTAGCTCTTGGACC
2959,GCAGGCAAGGCAACAA,412473,GTCTAGCTCAGGACCA
2960,GCAGGCAAGGGCTTTG,412520,GTCTAGCTCAATAGCA
2961,GCAGGCAAGTAGAGGC,412573,GTCTAGCTCATGCAAA
2962,GCAGGCAAGTGATTCA,412618,GTCTAGCTCTCACTTC
2963,GCAGGCAAGTGTTGCG,412624,GTCTAGCTCGCTAATT
2964,GCAGGCTTCCACCTGT,412787,ATAACCAAGGTAAGTC
2965,GCAGGCTTCGCCTGTT,412910,ATAACCAAGCCTTCAA
2966,GCAGGTGAGCACTTGG,413110,GAGCATGTCTTGTTCC
2967,GCAGGTGAGGCCCAGT,413252,GAGCATGTCAATCCAT
2968,GCAGGTTGTCATTGAG,413546,TTGCCTGCATGCTCCA
2969,GCAGGTTGTGAAACAA,413589,TTGCCTGCACACTAAG
2970,GCAGGTTGTGGCTTCC,413642,TTGCCTGCAGCATTAG
2971,GCAGGTTGTTTAGTCC,413785,TTGCCTGCAATACCGA
2972,GCATATATCCCGCATT,413954,ATTGGCGAGTTAGGCG
2973,GCATATATCTAAGTCA,414119,ATTGGCGAGCACTAAA
2974,GCATCCTTCCTTGTTG,414416,AAGTTTGAGGTAAGCT
2975,GCATCCTTCTTGCAGG,414566,AAGTTTGAGCTTCCTT
2976,GCATGAAAGTTTGGTA,414961,CAAACCCTCGCTTCGG
2977,GCATGAGCATCCATCT,415281,CCGTCAAGTCACTCAG
2978,GCATTAGGTACTGATG,415392,ATTGGATCAGTTCCTG
2979,GCATTAGGTGATGAGG,415524,ATTGGATCAGTTAAAC
2980,GCATTAGGTGGTTCCC,415567,ATTGGATCAGGTAGCT
2981,GCATTGCCAAACCCTA,415731,TAACCACGTAACAGGC
2982,GCATTGCCAAACTCAT,415737,TAACCACGTCAGTGCC
2983,GCATTGCCATGCATAT,416067,TAACCACGTAATGGTG
2984,GCCAACATCATCCTGC,416195,ATCACAAAGTTATGAG
2985,GCCAACATCATTGTCT,416225,ATCACAAAGGGCTATG
2986,GCCAACATCCAGCACA,416241,ATCACAAAGTAGGTTA
2987,GCCAACATCTCCATAT,416447,ATCACAAAGCAATTGA
2988,GCCAATTAGCTATATG,417008,AATATGGTCGTTAAAG
2989,GCCAATTAGCTGGCTA,417023,AATATGGTCTGGAAAC
2990,GCCAATTAGGCAGGTG,417079,AATATGGTCGGGATGC
2991,GCCAATTAGTCATTAG,417198,AATATGGTCATTAAGG
2992,GCCAATTAGTTGGCCA,417250,AATATGGTCCTTATGG
2993,GCCACAATCGCTATGG,417521,GCAATTAAGGAGTCGC
2994,GCCACAATCGGCCATA,417527,GCAATTAAGGCTCACT
2995,GCCACAATCGTCATTT,417548,GCAATTAAGTCTTGAT
2996,GCCACACAGCTGTAAC,417792,TGCTCCCTCTCGACTA
2997,GCCACTAAGCCTGACA,418127,GTACCGTTCGACCTTA
2998,GCCACTAAGGTTAGAG,418307,GTACCGTTCAATCGTT
2999,GCCACTAAGGTTAGCT,418308,GTACCGTTCTAACCAT
3000,GCCACTAAGTGCACGC,418373,GTACCGTTCTAAGTCT
3001,GCCAGGAAGCTAATTG,418541,ATACTGTTCCTAGTGC
3002,GCCAGGAAGTGGACAA,418759,ATACTGTTCATTAGCT
3003,GCCAGGAAGTTTCCTG,418793,ATACTGTTCACGGATG
3004,GCCAGGTTCCTCCTAA,418999,GAGGAGTAGAAGGGTA
3005,GCCAGGTTCTCCATGC,419134,GAGGAGTAGTTACATC
3006,GCCAGGTTCTGTTCAT,419153,GAGGAGTAGTTAGTAG
3007,GCCATTACATAATTGC,419863,ATCCCTCGTTCTTAAG
3008,GCCCAAATCATGGTTA,420048,AAGACTCAGTTACCGC
3009,GCCCAAATCCATAATG,420085,AAGACTCAGGGTTGGC
3010,GCCCAAATCCGCACAA,420114,AAGACTCAGTAAACTG
3011,GCCCAAATCCTCATCA,420147,AAGACTCAGGATCCAG
3012,GCCCAAATCTCGACCT,420289,AAGACTCAGTATTTGC
3013,GCCCATAAGCATTTCT,420415,AGCTACCTCCAAATTC
3014,GCCCATAAGGAGGGTT,420519,AGCTACCTCGCTATGC
3015,GCCCATAAGGCAATAG,420533,AGCTACCTCCATCACA
3016,GCCCATAAGTAAAGGT,420617,AGCTACCTCTAAGCGG
3017,GCCCGTTGTACGGTAC,420760,GCTAAATCATAAAGGA
3018,GCCCGTTGTAGCTGCG,420774,GCTAAATCAGGTTTGA
3019,GCCGTGAGTTGAGGTC,421802,CATAAACCAAACTAAC
3020,GCCGTGAGTTTAGCGA,421839,CATAAACCACAGCACG
3021,GCCTAATAGACAAAGT,421879,CAGGATGTCTAAGCAA
3022,GCCTAATAGACACCGC,421883,CAGGATGTCAGGAGGG
3023,GCCTAATAGGCCAATT,422072,CAGGATGTCTTAGCTG
3024,GCCTAATAGGGTCTAT,422112,CAGGATGTCTCAAATC
3025,GCCTATTGTATCTGGA,422704,GGTGTTACACCGTTGC
3026,GCCTATTGTCCTCCAA,422767,GGTGTTACAGAGAGGC
3027,GCCTATTGTGGGAACA,422849,GGTGTTACAGGATCAC
3028,GCCTATTGTGTGTCCC,422867,GGTGTTACACTATGGA
3029,GCCTATTGTTAAATGC,422880,GGTGTTACATTGTCTA
3030,GCCTATTGTTTATCGC,422992,GGTGTTACAAGGCCAT
3031,GCCTCAAAGAATCTCA,423026,CACAGGATCTTAGGTT
3032,GCCTCAAAGCACAGCC,423075,CACAGGATCCTCAGTA
3033,GCCTCAAAGCCTTAAA,423119,CACAGGATCTGGTCTA
3034,GCCTCAAAGGAGCATA,423198,CACAGGATCCGTAAGG
3035,GCCTCAAAGTCATTGA,423337,CACAGGATCATGATGA
3036,GCCTCCATCATTGTCT,423513,AGCAGCCAGGGCTATG
3037,GCCTCCATCGTTCACC,423699,AGCAGCCAGCAACAAC
3038,GCCTCGACAGTAAGTA,424049,GAGCACGGTGAACCGG
3039,GCCTCGACATCGCTCC,424109,GAGCACGGTTTGAGCT
3040,GCCTGACAGACAGGCG,424187,GAATATGTCACTATGT
3041,GCCTGACAGACTAAGG,424190,GAATATGTCACAATAG
3042,GCCTGACAGCTTTGGG,424325,GAATATGTCCCAATAT
3043,GCCTGACAGGCAAGTA,424366,GAATATGTCTTGAATC
3044,GCCTGACAGGCCGGAA,424377,GAATATGTCCGGCTAT
3045,GCCTGACAGTCTGGGC,424498,GAATATGTCCCAGTAC
3046,GCCTGACAGTTGGATC,424539,GAATATGTCAGTATAG
3047,GCCTGAGGTCGCATAA,424696,AGGTGAGCAACCTACT
3048,GCCTGAGGTGTTTGAG,424795,AGGTGAGCATAGACTG
3049,GCCTGCTGTGCTTTAC,425138,CCTCAGCCAGGAATAA
3050,GCCTGCTGTTACCGGG,425197,CCTCAGCCACTTCAAC
3051,GCCTGTGCAATCCTAG,425402,ATTCCGGGTGTGCGGA
3052,GCCTGTGCAGCATGGA,425528,ATTCCGGGTAGCCTTG
3053,GCCTGTGCAGGCCTTG,425562,ATTCCGGGTCATGAAG
3054,GCCTTAACAAGCTACC,425751,GCAATCTGTGGCTTCA
3055,GCCTTAACAATATAGG,425782,GCAATCTGTTACGTAC
3056,GCCTTAACAGGCTTGT,425954,GCAATCTGTTGCAAGA
3057,GCCTTACTCAATTGGC,426111,CTAGCCTAGTAGGATC
3058,GCCTTACTCTAATCTC,426397,CTAGCCTAGCTACCTA
3059,GCCTTAGAGCACAGCC,426527,TCCGTAATCCTCAGTA
3060,GCCTTAGAGCCACAAT,426551,TCCGTAATCGATCCGT
3061,GCCTTAGAGGCCATCA,426675,TCCGTAATCGGTCAAG
3062,GCCTTAGAGGCCTAAT,426678,TCCGTAATCCGCCTCT
3063,GCCTTAGAGGGCTTAT,426711,TCCGTAATCAAATACG
3064,GCCTTGCGTAAATTGC,426856,CCAAATGCACCTTCCT
3065,GCCTTGCGTGACCTGG,427019,CCAAATGCATAGCTTC
3066,GCCTTTATCACGCATG,427275,GTTGTGGAGTTACCCA
3067,GCCTTTATCCAATAGC,427357,GTTGTGGAGCATGTTT
3068,GCCTTTGGTCAAAGGG,427704,ACTTGCTCATGCAACA
3069,GCCTTTGGTGTGTGGT,427852,ACTTGCTCAAAGGCCT
3070,GCGAAGTAGGCACAGG,428584,CCTCATTTCGCTCAAC
3071,GCGAAGTAGTCATGCG,428703,CCTCATTTCACAAAGC
3072,GCGAGTGAGCAAGGAC,428822,GTGTTGCTCGCGAAAT
3073,GCGAGTGAGGATCACT,428959,GTGTTGCTCATTATGC
3074,GCGAGTGAGTTATGTG,429131,GTGTTGCTCGACAAGT
3075,GCGATATTCTAACCAA,429456,CACTGTCAGGCTTAGG
3076,GCGATTAGTGTTGTAG,429776,AACTGGCCACTATACC
3077,GCGATTTAGCAGGTTT,429989,ATTTGGTTCGCCTAAC
3078,GCGATTTAGCTCCTAC,430056,ATTTGGTTCTTAGCCA
3079,GCGATTTAGGACCGCT,430091,ATTTGGTTCATAACCT
3080,GCGATTTAGGCGCTAC,430135,ATTTGGTTCGCTAGCT
3081,GCGATTTAGTCAGTAC,430235,ATTTGGTTCTGCAACC
3082,GCGATTTAGTCTCACC,430247,ATTTGGTTCGCGCAAA
3083,GCGCAAACAGCATGAG,430513,TAGAAACGTTACTCCC
3084,GCGCAATGTATGGTGC,430757,ATCCCGCCAGTATTGG
3085,GCGCAATGTGATTTGG,430868,ATCCCGCCACTAAGGC
3086,GCGCAATGTGCCGCAA,430876,ATCCCGCCAAGGTCAC
3087,GCGCCTTGTCAATAGT,431160,GAATGAACAGGGAGTA
3088,GCGCCTTGTTAGGTTG,431351,GAATGAACATTAACCC
3089,GCGCGATTCAAGCTTA,431463,ACTTTGTAGCAGCCAA
3090,GCGCGATTCACCTGTC,431489,ACTTTGTAGTGTGGTG
3091,GCGCGATTCCAAGTTA,431572,ACTTTGTAGCTAATAG
3092,GCGCGATTCGCACAAT,431694,ACTTTGTAGGCTAGCA
3093,GCGCGATTCTAACCTT,431755,ACTTTGTAGCAAATTG
3094,GCGCTAGGTGGATGTC,432044,CTAACAGCAGCTAGAC
3095,GCGCTTAAGTGAAGTG,432551,GTTATGTTCCTGATAT
3096,GCGCTTAAGTTAGAGG,432570,GTTATGTTCTAAGCTT
3097,GCGCTTGCAAGGTCGA,432663,TTATCAGGTTGTGGTT
3098,GCGCTTGCATCAATCG,432911,TTATCAGGTGTAACCT
3099,GCGGAACCAACAGCCT,433011,CTTATGAGTCGATTAC
3100,GCGGAACCAGTTATGT,433263,CTTATGAGTTTGCAGT
3101,GCGGAACCATACTCCT,433283,CTTATGAGTCTTGGAT
3102,GCGGATACAAACATAG,433370,CTGTTAAGTTGTTCTT
3103,GCGGATACAACACCTA,433393,CTGTTAAGTTTCCTCA
3104,GCGGATACAAGGTGGC,433433,CTGTTAAGTGCTAGCC
3105,GCGGATACACGTGCTG,433536,CTGTTAAGTTACTTCT
3106,GCGGATACATCTTGAG,433697,CTGTTAAGTGATCCTG
3107,GCGGGTTTCAGGTTTA,433819,TGAGCTGAGTGCACCT
3108,GCGGGTTTCCTCAGTC,433948,TGAGCTGAGAAGCAAG
3109,GCGGGTTTCCTCCTAA,433953,TGAGCTGAGAAGGGTA
3110,GCGGTTATCACTTTAC,434187,GTATAGCAGGAACCTG
3111,GCGGTTATCGGTCAGC,434411,GTATAGCAGGCAATAC
3112,GCGGTTATCTAACCTT,434441,GTATAGCAGCAAATTG
3113,GCGGTTGGTTCAAGAT,434813,GTTCTGTCAATTACCC
3114,GCGGTTGGTTTAGCGA,434875,GTTCTGTCACAGCACG
3115,GCGTAACGTAATCGTG,434927,GATTAGTCACATAACG
3116,GCGTAACGTACGTTTC,434945,GATTAGTCATTTCTTC
3117,GCGTAACGTCTAACCT,435053,GATTAGTCAAACTAGT
3118,GCGTAACGTTTATGGG,435262,GATTAGTCACTGTCAT
3119,GCGTGCTAGCCATCAG,435371,CACAATTTCGAGCAAT
3120,GCGTGCTAGGCCTTAG,435496,CACAATTTCCATCATG
3121,GCGTGCTAGGCTGTCA,435514,CACAATTTCTTGCAGC
3122,GCGTGCTAGTTAGCCG,435639,CACAATTTCATGAGGT
3123,GCGTTTCTCAAACCGT,435670,TGGCATGAGCTAACTT
3124,GCGTTTCTCATAGCCG,435745,TGGCATGAGGAGCAAA
3125,GCGTTTCTCCTGGTGA,435878,TGGCATGAGACACGCA
3126,GCTAACAGTCATGCCC,436167,CCATGCCCATTCCTGG
3127,GCTAACAGTTGAAGCC,436366,CCATGCCCACACAAGC
3128,GCTAACCCACAACAGG,436546,TGGACAAGTATTGCGT
3129,GCTAACCCACATAACT,436564,TGGACAAGTTTCCGGA
3130,GCTAACCCATCGCTTT,436760,TGGACAAGTTGCTGGC
3131,GCTAACCCATGCTTAG,436776,TGGACAAGTCCAAGTT
3132,GCTAACCCATTGACAT,436804,TGGACAAGTCAATTGC
3133,GCTAAGAAGCTAATCA,436944,GTGATAATCGCGCTCA
3134,GCTAAGAAGGGTGAAC,437065,GTGATAATCCACTATG
3135,GCTAAGAAGGTGTTAC,437092,GTGATAATCGCAATCC
3136,GCTAAGAAGTTAGTGC,437176,GTGATAATCGTGCTTA
3137,GCTAAGCGTTGGTTGA,437540,TCGCGCTCATGACCAA
3138,GCTAAGTTCCCTGTTA,437743,GTGAGTTAGCCAGTAG
3139,GCTAATATCAAGACTC,437977,AGCCAATAGGCGCATA
3140,GCTAATATCCATAATG,438103,AGCCAATAGGGTTGGC
3141,GCTAGCCAGAAGGTGC,438360,TACCGGTTCACCAACC
3142,GCTAGCCAGGCTGTGC,438583,TACCGGTTCCGCTGTG
3143,GCTAGCGGTAGTTGGC,438804,TGCTACTCAAGGGCTT
3144,GCTAGCGGTCATAACG,438843,TGCTACTCACCAGCCT
3145,GCTAGCGGTCGAAGTC,438875,TGCTACTCAACAGAGG
3146,GCTAGCGGTTATAGCG,439023,TGCTACTCATTCAGGA
3147,GCTAGCGGTTTAACCC,439086,TGCTACTCATTAGCGA
3148,GCTAGCGGTTTACTTG,439090,TGCTACTCATCAATCC
3149,GCTAGCTCACAGGAAT,439245,GAGGTTAGTTGTCAGT
3150,GCTAGCTCAGGCTACT,439368,GAGGTTAGTTTGTAGC
3151,GCTAGCTCATCATGTG,439435,GAGGTTAGTCCCGGAT
3152,GCTATAGGTAACGTGC,439897,CCATAAGCATTGAGGC
3153,GCTATAGGTCGCATAA,440030,CCATAAGCAACCTACT
3154,GCTATAGGTCTCACTG,440040,CCATAAGCAAGGGAGC
3155,GCTATAGGTTGCTTCG,440215,CCATAAGCAGAGAGCA
3156,GCTATCCTCACAGGAA,440301,AAGCGGGAGCATTATC
3157,GCTATCCTCGACAAAG,440495,AAGCGGGAGAAAGGCA
3158,GCTATCCTCGGTTAGT,440546,AAGCGGGAGTCATGAA
3159,GCTATCCTCGTGCCTT,440556,AAGCGGGAGGACACGC
3160,GCTATTGCAATAATGG,440728,ACCGGCTGTCAATTCA
3161,GCTATTGCACCTGCTC,440809,ACCGGCTGTACACCGC
3162,GCTATTGCAGAAATTG,440843,ACCGGCTGTTTAGCGT
3163,GCTATTGCATTGTGCA,441031,ACCGGCTGTTAGCCAT
3164,GCTCAACCAAACGCGA,441042,CCGTTAGGTCATGGTT
3165,GCTCAACCACATAGCC,441168,CCGTTAGGTAATCCCG
3166,GCTCAACCAGCAAGGC,441240,CCGTTAGGTCGCATAT
3167,GCTCAACCAGTTAGCC,441313,CCGTTAGGTCCCTCTG
3168,GCTCAACCATAATCCG,441329,CCGTTAGGTGCTTTAA
3169,GCTCACAAGCCGCAAC,441508,GTCCTGGTCTTTGGGC
3170,GCTCACAAGGCCCAGT,441628,GTCCTGGTCAATCCAT
3171,GCTCACAAGGCGGGTA,441640,GTCCTGGTCAATACAG
3172,GCTCACAAGGTCAAAG,441678,GTCCTGGTCCTTTAGG
3173,GCTCATTGTCACACCC,441899,TTCGCGCCAAGCCATA
3174,GCTCATTGTTTGCTGT,442178,TTCGCGCCATTGTGGA
3175,GCTCCTTAGCGGTTAT,442307,CGAGCAATCGCGAAGC
3176,GCTCCTTAGCTTAACA,442335,CGAGCAATCCGTTAGC
3177,GCTCCTTAGGATAAAC,442376,CGAGCAATCTACTACG
3178,GCTCCTTAGGTTTACA,442465,CGAGCAATCTTCAAGT
3179,GCTCGATCAATGAGGT,442662,ATGGCCCGTCGCAATT
3180,GCTCGATCACCTACGG,442720,ATGGCCCGTGGCTTAT
3181,GCTCTGGCAAACCCTA,442957,ATTTGTGGTAACAGGC
3182,GCTCTGGCAACTAGCC,442993,ATTTGTGGTTGTTGTA
3183,GCTCTGGCAATATGGA,443037,ATTTGTGGTGCAATAG
3184,GCTCTGGCACGAACAG,443114,ATTTGTGGTCACACTG
3185,GCTCTGGCAGGCTAAG,443203,ATTTGTGGTGGTTAGA
3186,GCTCTGTTCATCCACC,443418,ATCCGCTAGGTTCCGT
3187,GCTCTGTTCGTAATCA,443621,ATCCGCTAGGTTGCGA
3188,GCTGACATCATTACTC,443826,GTCTCACAGGGTTAAC
3189,GCTGACATCTAACCTT,444027,GTCTCACAGCAAATTG
3190,GCTGACCAGACTTATG,444132,AGAGGAATCGCTTGAC
3191,GCTGACCAGAGCAAGC,444137,AGAGGAATCAGGCTAG
3192,GCTGACCAGCCTGAGC,444204,AGAGGAATCCTTCATC
3193,GCTGACCAGCTCCCTG,444243,AGAGGAATCACGAATA
3194,GCTGACCAGGAGGTTA,444292,AGAGGAATCTAAATCC
3195,GCTGACCAGGCCGGAA,444315,AGAGGAATCCGGCTAT
3196,GCTGAGGAGACAACGA,444505,CATTCCTTCTTTAGCG
3197,GCTGAGGAGAGGGACT,444529,CATTCCTTCCCACCTC
3198,GCTGAGGAGCAAGATG,444543,CATTCCTTCACACAAA
3199,GCTGAGGAGCCATCAG,444577,CATTCCTTCGAGCAAT
3200,GCTGAGGAGCTCATAA,444626,CATTCCTTCCCTGTGG
3201,GCTGAGGAGCTTTGGG,444647,CATTCCTTCCCAATAT
3202,GCTGAGGAGGATGATG,444683,CATTCCTTCCGTCCCT
3203,GCTGAGGAGGCTACAT,444714,CATTCCTTCTTTAAGC
3204,GCTGAGGAGGTCGAGG,444755,CATTCCTTCAGCCTGT
3205,GCTGAGGAGGTGAGAC,444760,CATTCCTTCCAGGACA
3206,GCTGATCCAAGCTACC,444925,ATCCTTTGTGGCTTCA
3207,GCTGATCCAGGTTCAC,445136,ATCCTTTGTCCTGACA
3208,GCTGCAATCATAATCG,445333,TCTGGCTAGCTCAAGG
3209,GCTGCAATCATTACTC,445362,TCTGGCTAGGGTTAAC
3210,GCTGCAATCATTATGG,445366,TCTGGCTAGTCCTTAG
3211,GCTGCAATCGGTAACT,445530,TCTGGCTAGTTACGTT
3212,GCTGCACAGCCTTAAA,445745,AAACCGGTCTGGTCTA
3213,GCTGCATCACCGGTAT,446172,TCATTGAGTCTTGAAC
3214,GCTGCATCACTAGCGT,446200,TCATTGAGTGCTCACA
3215,GCTGGATGTTCTTTAG,446723,CTTAGTCCATTTGGCT
3216,GCTGGTTCAAAGCTAA,446807,AACGCCCGTTTCCAGG
3217,GCTGGTTCAACCCTCC,446824,AACGCCCGTTCCATTT
3218,GCTGGTTCAGCATGTC,447005,AACGCCCGTTACTTAG
3219,GCTGTAAGTTGCGCGA,447501,AGTGGCTCACTAGCTT
3220,GCTGTACCAAGGCCAA,447615,AAGTGGCGTGAATCGA
3221,GCTGTACCAGGTTACC,447818,AAGTGGCGTATGTTTG
3222,GCTGTACCATAGACCC,447858,AAGTGGCGTAAAGGTT
3223,GCTGTACCATCACAGC,447870,AAGTGGCGTTCCTGGA
3224,GCTGTGATCTTAGGAC,448304,CTACCTAAGCGCTACT
3225,GCTGTGCAGATGGACA,448371,CAAAGGTTCTCAAGAA
3226,GCTGTGCAGCTCATAA,448462,CAAAGGTTCCCTGTGG
3227,GCTGTGCAGGGTGGAT,448575,CAAAGGTTCATTGCGC
3228,GCTTAAATCCGGTATG,448883,CTTATCGAGTTAACGA
3229,GCTTAAATCCTTGAGG,448929,CTTATCGAGTATCCGC
3230,GCTTAAATCGCTAGAT,448965,CTTATCGAGAATGACC
3231,GCTTAACAGACTTATG,449120,ACCTCAATCGCTTGAC
3232,GCTTAACAGTTATCCT,449454,ACCTCAATCCTGAAGG
3233,GCTTACCTCATTAGGC,449584,GCCACAAAGCTTGCTA
3234,GCTTACCTCCGTGACA,449656,GCCACAAAGATTGCCC
3235,GCTTACCTCGTCAAGT,449763,GCCACAAAGCTTCTCT
3236,GCTTACCTCTATTGTC,449803,GCCACAAAGCAACCCT
3237,GCTTACCTCTTGGATA,449854,GCCACAAAGCCTAATT
3238,GCTTAGTAGCCGGTAC,449954,GATTAAGTCCTACTAG
3239,GCTTAGTAGTAGGCGG,450165,GATTAAGTCCCGCTGA
3240,GCTTATCGTACCAGGT,450278,ACTCACTCATAATCGG
3241,GCTTATCGTCATGAGC,450359,ACTCACTCAAGGCCTG
3242,GCTTATCGTGGATGTC,450456,ACTCACTCAGCTAGAC
3243,GCTTATCGTTGGTTAG,450582,ACTCACTCAGCTAGCG
3244,GCTTCGCGTGAATCGC,450792,TTACACCCAAATACCG
3245,GCTTCGCGTTGTTCAC,450973,TTACACCCAAATAAGG
3246,GCTTCGCGTTGTTGCT,450974,TTACACCCATGACATG
3247,GCTTCGCGTTTGAGGC,450998,TTACACCCACCAAAGC
3248,GCTTGACCAAGGCCAA,451067,GGAGCATGTGAATCGA
3249,GCTTGACCACCCTCAC,451154,GGAGCATGTAAGTGGC
3250,GCTTGACCATTCAGCA,451377,GGAGCATGTAAGGGCT
3251,GCTTGTTGTAACCTAG,451402,TTGGCTTCAACCTGCC
3252,GCTTGTTGTAGCAGCT,451444,TTGGCTTCAGGAAGCA
3253,GCTTGTTGTCCACAAA,451516,TTGGCTTCATGATCGA
3254,GCTTGTTGTTGTTCAC,451739,TTGGCTTCAAATAAGG
3255,GCTTGTTGTTTACCGT,451746,TTGGCTTCAGCAAGTC
3256,GCTTTACGTAATCACG,451797,CCTGAAACAACGTGGT
3257,GCTTTACGTCTCAGCC,451931,CCTGAAACAACAAAGA
3258,GCTTTACGTTGTTGGA,452123,CCTGAAACATCCTCCT
3259,GCTTTACGTTTACCGT,452128,CCTGAAACAGCAAGTC
3260,GCTTTATTCAAGACTC,452167,ATTATGGAGGCGCATA
3261,GCTTTATTCACGCATG,452199,ATTATGGAGTTACCCA
3262,GCTTTATTCCTAAGAC,452341,ATTATGGAGTCAATAG
3263,GCTTTATTCTACTAAG,452476,ATTATGGAGAAGGACA
3264,GCTTTATTCTGTAATG,452509,ATTATGGAGTCGCGAA
3265,GCTTTCATCCGGGACT,452714,TAAGACCAGAATCTAG
3266,GCTTTCATCGTCCTTA,452829,TAAGACCAGCGGGAAG
3267,GCTTTCATCTTGGATA,452918,TAAGACCAGCCTAATT
3268,GGAAACTCACGTTACA,453477,TGACGAAGTTACAGCT
3269,GGAAACTCAGAACCGA,453500,TGACGAAGTTAATCGC
3270,GGAAACTCATGGCCCA,453652,TGACGAAGTACTTCGG
3271,GGAAACTCATGTTGTG,453661,TGACGAAGTCGTAATC
3272,GGAACAATCCCGCATT,453836,CCGCCTAAGTTAGGCG
3273,GGAACCACAAGGTATA,454137,CTTTCATGTGAACAAT
3274,GGAACCACACCAGGTT,454216,CTTTCATGTTTGCTGG
3275,GGAACCACACCTCAGG,454230,CTTTCATGTGAGTTTC
3276,GGAACCACACGGTTTA,454241,CTTTCATGTTCGCTTC
3277,GGAACCACAGAAACGT,454265,CTTTCATGTGCACGCT
3278,GGAACCACATATTGAC,454386,CTTTCATGTGCCGGAA
3279,GGAACCACATGCTCCC,454417,CTTTCATGTAGTAGCA
3280,GGAACCTGTAATGGCC,454488,AAATAGGCACTCCCTT
3281,GGAACCTGTGGACCTG,454668,AAATAGGCACAATAAC
3282,GGAACCTGTGGATTAT,454671,AAATAGGCATAATGCG
3283,GGAACGGTCACCTGTC,454881,TGCAGCAAGTGTGGTG
3284,GGAACGGTCCAGGGAG,454973,TGCAGCAAGTTATTGC
3285,GGAACGGTCCCTCTAA,454996,TGCAGCAAGTCCCTGG
3286,GGAACGGTCCGTAAAC,455018,TGCAGCAAGCGCTCCA
3287,GGAACTAAGACAGGTA,455246,ACATGCCTCATCAGCC
3288,GGAACTAAGCATGTTA,455304,ACATGCCTCAAACTTC
3289,GGAACTAAGCCGCAGT,455315,ACATGCCTCAATTAGG
3290,GGAACTAAGCGGTTAT,455347,ACATGCCTCGCGAAGC
3291,GGAACTAAGGTCCAAT,455486,ACATGCCTCCACAATT
3292,GGAACTAAGTGGCGGA,455572,ACATGCCTCCTGTTAG
3293,GGAAGCTAGGGCCACT,455850,GTAAGACTCCAACCTA
3294,GGAAGCTAGGGCTTAT,455853,GTAAGACTCAAATACG
3295,GGAAGTATCATGCGTG,456085,CTAGGATAGCTAATCT
3296,GGAATCTTCCTCCATA,456577,GTAATTGAGATAGCCG
3297,GGAATCTTCTTGCTAT,456752,GTAATTGAGCCATCAC
3298,GGACAGCCATTAGCCA,457121,TGTTCTTGTCCATTAA
3299,GGACATAAGCAAGGGT,457201,GAATGACTCAGAAAGG
3300,GGACATAAGCATTTCT,457227,GAATGACTCCAAATTC
3301,GGACATAAGCTTACTT,457296,GAATGACTCGCACACT
3302,GGACATAAGGAGCACG,457327,GAATGACTCTAGTTCG
3303,GGACATAAGGCATTAC,457350,GAATGACTCAAAGGGA
3304,GGACATAAGGTCAAAG,457404,GAATGACTCCTTTAGG
3305,GGACATAAGTAACCAC,457431,GAATGACTCTCAAACT
3306,GGACCGAAGAATGACG,457541,TGCCTAATCCCACCCT
3307,GGACCGAAGAGAAGGG,457557,TGCCTAATCCCAAAGG
3308,GGACCGAAGAGGAGGA,457565,TGCCTAATCTAGCCAC
3309,GGACCGAAGGATTGCT,457725,TGCCTAATCAGGTAAC
3310,GGACCGAAGGGCTTAT,457773,TGCCTAATCAAATACG
3311,GGACCTCAGTGTTGTA,458263,TACATACTCCAAACCC
3312,GGACGAAGTAACCTAG,458306,CTCTCAGCAACCTGCC
3313,GGACGAAGTACTTAGG,458345,CTCTCAGCACTCGCTA
3314,GGACGAAGTCCTTCAG,458434,CTCTCAGCATAAGTCG
3315,GGACGAAGTCTTGCAT,458455,CTCTCAGCAGAATCTG
3316,GGACGAAGTGCTCCGT,458497,CTCTCAGCAACAAGTT
3317,GGACGAAGTTATCCGT,458586,CTCTCAGCAAAGTCAT
3318,GGACGGATCATCACTT,458758,GATTAGCAGCAATACA
3319,GGACGGATCATTACGA,458783,GATTAGCAGGCACTAG
3320,GGACGGATCCAGCACA,458809,GATTAGCAGTAGGTTA
3321,GGACGGATCCGCCTCA,458848,GATTAGCAGTCACCAC
3322,GGACGGATCCTCCTAA,458881,GATTAGCAGAAGGGTA
3323,GGACGGATCTAGCGTG,459000,GATTAGCAGCGCAACA
3324,GGACGGATCTTAGCGG,459041,GATTAGCAGGGTCTAG
3325,GGACTAAAGCGAAGTA,459168,AAAGGGATCAAATCGA
3326,GGACTAAAGGATTGAG,459258,AAAGGGATCAGGTTCC
3327,GGACTAAAGTGAAGTG,459399,AAAGGGATCCTGATAT
3328,GGAGCAAGTGATTACG,459629,CACCAAACAACCGCCT
3329,GGAGCATAGCACAGCC,459889,CCCTTTGTCCTCAGTA
3330,GGAGCATAGTCTTGAA,460161,CCCTTTGTCAGCTACC
3331,GGAGCGATCCGGTTAG,460388,ACCAGCAAGGGTCCAA
3332,GGAGCGATCTTGTTCG,460593,ACCAGCAAGCTGCTAC
3333,GGAGTCTGTCACAGCG,461079,ACGGGAACACGCAATA
3334,GGAGTGAGTACAAAGA,461394,CCTAAAGCAGTTCCCA
3335,GGAGTGAGTGAGACTC,461533,CCTAAAGCAAAGAAGC
3336,GGAGTGAGTGCTAGAC,461559,CCTAAAGCAGTAATCG
3337,GGAGTGAGTGGAGCAA,461573,CCTAAAGCAGCCTAAA
3338,GGAGTGAGTGTTAAAC,461599,CCTAAAGCACCGGTAG
3339,GGAGTGAGTTGCCTCA,461688,CCTAAAGCAGGTTACA
3340,GGATAACCAGGATAAC,461984,CTTATCTGTGAGGAAG
3341,GGATAACCATAAGTTC,462037,CTTATCTGTGGACATA
3342,GGATACTTCACACAGT,462159,GTGTGGCAGTCCCGCA
3343,GGATACTTCAGCAAAG,462183,GTGTGGCAGTAATGCA
3344,GGATATTGTAACGTGC,462525,TATCGCTCATTGAGGC
3345,GGATATTGTCGACTAA,462654,TATCGCTCAGTTTCTA
3346,GGATATTGTCGCGCAA,462659,TATCGCTCAGCCGGTA
3347,GGATGAATCATTAGCA,463001,GCACGTAAGCTATATC
3348,GGATGGCCAATAATGG,463356,TGCCTGAGTCAATTCA
3349,GGATGGCCATAAGTTC,463571,TGCCTGAGTGGACATA
3350,GGATGTAAGGGCTAAA,463906,ATATTGCTCGCTAGAG
3351,GGATGTAAGTAGGATG,463966,ATATTGCTCTAGTTAC
3352,GGATGTAAGTTACCGG,464015,ATATTGCTCCCTGATA
3353,GGATTATGTGTGTGGT,464282,CGTTACTCAAAGGCCT
3354,GGATTCAGTAATCCCT,464452,AGGCTGTCAGCCTGAG
3355,GGATTCAGTCGTTACT,464578,AGGCTGTCAAAGGACG
3356,GGATTCAGTTAGAGGG,464702,AGGCTGTCAAGGATGG
3357,GGATTGCGTACTGAAT,464857,CTAACCTCAAACCAGC
3358,GGATTGCGTCATTGTC,464931,CTAACCTCAATTGCCT
3359,GGATTGCGTCCCGGAA,464936,CTAACCTCAAATGAAG
3360,GGATTTATCAAGCTTA,465207,CAGTGTGAGCAGCCAA
3361,GGATTTATCGCTAAAC,465447,CAGTGTGAGGTGCACA
3362,GGCAAATCACTAAGAA,465749,TCACCAGGTGTCACGC
3363,GGCAAATCAGTTTCTC,465860,TCACCAGGTCACGATT
3364,GGCAAGCCAATGCCCG,466055,ACGCTTGGTTGAGTCT
3365,GGCAATCGTGCTAGAC,466541,GGTCCCTCAGTAATCG
3366,GGCAGGATCAAAGGCA,466733,TTTGCTGAGGAGCCGT
3367,GGCAGGATCACAGGAA,466761,TTTGCTGAGCATTATC
3368,GGCAGGATCCTAATGA,466915,TTTGCTGAGATATTGG
3369,GGCAGGATCGGTTCCT,467007,TTTGCTGAGGCTCAAG
3370,GGCAGGATCTCAATTC,467056,TTTGCTGAGCTTAGGG
3371,GGCATGGAGGATGATG,467305,GAATTAGTCCGTCCCT
3372,GGCATGGAGGCTAAGA,467334,GAATTAGTCATTAGTC
3373,GGCATGGAGGTTACGT,467388,GAATTAGTCTAATCCG
3374,GGCATGGAGTGGACAA,467457,GAATTAGTCATTAGCT
3375,GGCATTGTCCATAATG,468013,GGTTAGTAGGGTTGGC
3376,GGCCAACTCTACTAAG,468580,TCGTGCTAGAAGGACA
3377,GGCCAACTCTTTGACT,468644,TCGTGCTAGCCCTTGG
3378,GGCCAACTCTTTGAGA,468645,TCGTGCTAGACATAGC
3379,GGCCATCAGTCACTAA,469344,ACGAATATCGATTATC
3380,GGCCGTTAGAGCCGCT,469446,CTCCACCTCCGCTAGT
3381,GGCCGTTAGAGGCTAA,469452,CTCCACCTCTGTTGCA
3382,GGCCGTTAGCATGTTA,469492,CTCCACCTCAAACTTC
3383,GGCCGTTAGGAACCGG,469576,CTCCACCTCCTAACCA
3384,GGCCGTTAGGGATGAC,469651,CTCCACCTCACAGCAG
3385,GGCCGTTAGTCTTGAA,469745,CTCCACCTCAGCTACC
3386,GGCCGTTAGTTTCCGC,469792,CTCCACCTCCCGCACA
3387,GGCCTAATCACTAAGC,469843,ACCTGGAAGTCTAGCC
3388,GGCCTAATCATCACTT,469876,ACCTGGAAGCAATACA
3389,GGCCTAATCCTGGTGA,470008,ACCTGGAAGACACGCA
3390,GGCCTAATCCTTAGGG,470012,ACCTGGAAGCATCCTA
3391,GGCCTAATCTAAGTCA,470107,ACCTGGAAGCACTAAA
3392,GGCCTCTGTCGTAATG,470329,TGGTCAACAATGGACC
3393,GGCCTTAAGCTGCACA,470706,TTTAAGCTCGCATTTG
3394,GGCCTTCGTTAGGCTA,471229,TCGCTTGCATTACCCG
3395,GGCCTTCGTTATGTGG,471239,TCGCTTGCATCCTGTG
3396,GGCCTTCGTTCGCTTG,471258,TCGCTTGCACTTGCTG
3397,GGCGATACACCTACTT,471481,GGTCTATGTAGCGGAT
3398,GGCGATACAGTTATGT,471609,GGTCTATGTTTGCAGT
3399,GGCGCTAGTGAGGTGA,471888,CCCAGCTCAAGCTCAA
3400,GGCGCTAGTGGACCTG,471922,CCCAGCTCACAATAAC
3401,GGCGGTAAGAAGCTAG,472103,TTCTTGCTCTCAATAC
3402,GGCGGTTTCCAGGGAG,472611,TAAGTCAAGTTATTGC
3403,GGCGGTTTCCTCATGC,472678,TAAGTCAAGGTGAATC
3404,GGCGGTTTCGGTTTCC,472760,TAAGTCAAGTTTCTCC
3405,GGCGGTTTCTCACACC,472810,TAAGTCAAGCGGTTCT
3406,GGCGTTATCACACAGT,472893,TCATCATAGTCCCGCA
3407,GGCGTTATCATGCTCC,472957,TCATCATAGCTCCCTC
3408,GGCGTTATCGGTTAGT,473142,TCATCATAGTCATGAA
3409,GGCGTTATCTTGATGA,473234,TCATCATAGGTTACTT
3410,GGCTAGACAATAACCT,473320,CTACAACGTCGAGGCA
3411,GGCTAGACACTAAGCC,473420,CTACAACGTTAGGCGG
3412,GGCTAGACATCCCTCA,473569,CTACAACGTTAAGTCC
3413,GGCTAGTGTCAGTAAT,473738,AAACAAGCAACCAAAT
3414,GGCTATGTCATTCATC,474123,TCCGGTTAGACAAGCT
3415,GGCTATGTCCTCAGTC,474210,TCCGGTTAGAAGCAAG
3416,GGCTATGTCGCTATAA,474272,TCCGGTTAGGATTGAC
3417,GGCTATGTCTTGTCTG,474392,TCCGGTTAGGGATTTA
3418,GGCTATGTCTTTGTAC,474398,TCCGGTTAGGTGGAAA
3419,GGCTATTAGAGAGGCT,474428,TGCGGTTTCATGTTGT
3420,GGCTATTAGATAAAGC,474438,TGCGGTTTCATGGTTT
3421,GGCTCACAGCGAGCGA,475271,TTGCATGTCGATATAG
3422,GGCTCACAGTGAACGA,475500,TTGCATGTCTGGATCC
3423,GGCTCACAGTTTCCGC,475544,TTGCATGTCCCGCACA
3424,GGCTGAGAGAGAGGAG,475579,CCGTTCCTCAGCATTT
3425,GGCTGAGAGCCACAAT,475633,CCGTTCCTCGATCCGT
3426,GGCTGAGAGCGAGTAA,475657,CCGTTCCTCGGTCCAT
3427,GGCTGAGAGGGTTATC,475801,CCGTTCCTCGTCCTAA
3428,GGCTGAGAGTCTTGAA,475881,CCGTTCCTCAGCTACC
3429,GGCTGGTTCAATAGCC,475952,ATGCAACAGCGCTTGT
3430,GGCTGGTTCCAAGTTA,476056,ATGCAACAGCTAATAG
3431,GGCTGGTTCCGCCTAT,476101,ATGCAACAGCTTGCAC
3432,GGCTGGTTCGAGGAGT,476166,ATGCAACAGTTCGCGT
3433,GGCTGGTTCGCAACAT,476176,ATGCAACAGATTCGTT
3434,GGCTGGTTCTTGAGCG,476302,ATGCAACAGTCACCTA
3435,GGCTGTCAGAATCTCA,476328,TAGTTACTCTTAGGTT
3436,GGCTGTCAGACAGGCG,476337,TAGTTACTCACTATGT
3437,GGCTGTCAGCACAGAA,476376,TAGTTACTCTTAAGGA
3438,GGCTGTCAGCCTCTCG,476413,TAGTTACTCCTGCCAG
3439,GGCTGTCAGCTGGCTA,476463,TAGTTACTCTGGAAAC
3440,GGCTTAAGTACTTAGG,476749,CTGATGACACTCGCTA
3441,GGCTTAAGTATTTGGG,476785,CTGATGACATGCGCCT
3442,GGCTTAAGTGGTTCTT,476924,CTGATGACAGAAACCC
3443,GGCTTAAGTTATCCGT,476990,CTGATGACAAAGTCAT
3444,GGCTTAAGTTGCAATG,477021,CTGATGACAACCGTAA
3445,GGCTTCAAGGGTTATC,477335,TCACCGGTCGTCCTAA
3446,GGCTTCAAGTTGCCTC,477453,TCACCGGTCAGCACGA
3447,GGGAATATCAATGTGC,477493,GTAGCTGAGGTTGGTG
3448,GGGAATATCCCTGGTT,477626,GTAGCTGAGTACTGAA
3449,GGGAGTAGTCACAAAT,477946,CGGTACGCAGGAGGAC
3450,GGGAGTAGTTGCATCT,478175,CGGTACGCATTTGTGC
3451,GGGATTAAGCAACATC,478669,GATAAGCTCCAAGTGG
3452,GGGATTAAGGCGGGTA,478838,GATAAGCTCAATACAG
3453,GGGATTAAGTTATGGC,478980,GATAAGCTCTGTGATT
3454,GGGCAATAGCATTAGC,479081,CACAAGGTCGTGATAA
3455,GGGCAATAGCCGGTAC,479094,CACAAGGTCCTACTAG
3456,GGGCAATAGCGATACT,479111,CACAAGGTCAGCTATT
3457,GGGCAATAGCGCTCAA,479118,CACAAGGTCGCTTGTA
3458,GGGCAATAGCTATGAC,479133,CACAAGGTCTAACCCA
3459,GGGCAATAGGCGCACT,479217,CACAAGGTCAATGTGA
3460,GGGCATGAGTATTGCA,479692,CGTAATTTCCAGCTCG
3461,GGGCATGAGTTTAACG,479763,CGTAATTTCAAGCGCA
3462,GGGCATTGTCGTTACT,479918,CTATTGCCAAAGGACG
3463,GGGCATTGTGCTCCGT,479969,CTATTGCCAACAAGTT
3464,GGGCATTGTTCCATTA,480071,CTATTGCCAATTGCTC
3465,GGGCATTGTTTACTTG,480124,CTATTGCCATCAATCC
3466,GGGCCTAGTCAACAAT,480239,TTCAGGACACTAAGCA
3467,GGGCCTAGTGGATTGC,480365,TTCAGGACAGCACGAT
3468,GGGCCTAGTTTGTCTA,480532,TTCAGGACAGGTTGTA
3469,GGGCCTAGTTTGTGGA,480533,TTCAGGACAACCCTTG
3470,GGGCGAATCAAATCGC,480540,TAGGTACAGCGAGTTG
3471,GGGCGAATCCTTGCGT,480755,TAGGTACAGATTCATC
3472,GGGCTAACAATATAGG,481000,AACCTTAGTTACGTAC
3473,GGGCTAACAGCTCAAC,481143,AACCTTAGTCACTATA
3474,GGGCTAACAGGAACAT,481148,AACCTTAGTGCGGTTC
3475,GGGCTAACATGTCGCG,481267,AACCTTAGTGAGTTAG
3476,GGGTATTTCAGAAACG,481354,AGTAGCTAGGCAATGT
3477,GGGTCAACACATACTG,481817,AAGAATCGTCGGTTCA
3478,GGGTCAACATTTGCTC,482070,AAGAATCGTGCGGTAG
3479,GGGTCACTCCGGCTAA,482241,TGTGAGTAGATAGCTA
3480,GGGTGAAGTATCTGGA,482524,GCTAAGCCACCGTTGC
3481,GGGTGAAGTGATTACG,482635,GCTAAGCCAACCGCCT
3482,GGGTGAAGTTCATTTG,482753,GCTAAGCCAAGGCTTA
3483,GGGTGTTGTTGTTCAC,483181,CCTTGCACAAATAAGG
3484,GGGTTACGTAGGTTGC,483280,CAAGGTCCAATAAACC
3485,GGGTTACGTCGCGCAA,483363,CAAGGTCCAGCCGGTA
3486,GGGTTACGTGATGAAA,483395,CAAGGTCCATTAGCCT
3487,GGGTTTCCACATGCTA,484117,TGAGCGGGTTTGACTA
3488,GGGTTTCCAGGTTCAC,484246,TGAGCGGGTCCTGACA
3489,GGGTTTCCATCAATCG,484295,TGAGCGGGTGTAACCT
3490,GGGTTTGTCGACCTGA,484596,GCATCCTAGTTTGACT
3491,GGTAAACCACAATGTT,484869,TTTGTGAGTTAAAGAC
3492,GGTAAACCATCAGCAC,485066,TTTGTGAGTTGTGCGC
3493,GGTAAACCATTATGGT,485118,TTTGTGAGTACTTACA
3494,GGTAACCGTAAATTGC,485140,AGCTCAACACCTTCCT
3495,GGTAACCGTAATAGCT,485156,AGCTCAACATGAGCCG
3496,GGTAACCGTGAGGTGA,485310,AGCTCAACAAGCTCAA
3497,GGTAACCGTTTCCTCC,485501,AGCTCAACATCCTGCA
3498,GGTAACTTCACCTGTC,485557,GATTGCGAGTGTGGTG
3499,GGTAACTTCATAATCG,485593,GATTGCGAGCTCAAGG
3500,GGTAACTTCCGCATGA,485683,GATTGCGAGTCACTAT
3501,GGTAACTTCCGGTTAG,485692,GATTGCGAGGGTCCAA
3502,GGTAACTTCGGTACGC,485791,GATTGCGAGCCATAAA
3503,GGTAACTTCGTAACGT,485800,GATTGCGAGGCGCAGT
3504,GGTAACTTCTCGCCCA,485858,GATTGCGAGAAGGAAT
3505,GGTAACTTCTTAGCGG,485879,GATTGCGAGGGTCTAG
3506,GGTAAGGGTTAGTGAT,486187,AGGGCTTCACTAGCGG
3507,GGTAATTGTAAAGCGG,486287,CTTTAGCCACGGTCAG
3508,GGTAATTGTCACACCC,486379,CTTTAGCCAAGCCATA
3509,GGTAATTGTTAACACG,486531,CTTTAGCCACATTGTC
3510,GGTACCGGTAGTTAAC,487116,CCACAAACATCCGGGA
3511,GGTACCGGTCTCAGCC,487205,CCACAAACAACAAAGA
3512,GGTACCGGTCTTGCAT,487207,CCACAAACAGAATCTG
3513,GGTACCGGTGTTGTAG,487290,CCACAAACACTATACC
3514,GGTACTAGTCCGCTGT,487557,GAAGGATCAGCTCATT
3515,GGTACTTAGCGCTCAA,487930,TCTGTGATCGCTTGTA
3516,GGTACTTAGCTCCCTG,487951,TCTGTGATCACGAATA
3517,GGTACTTAGTCTTGAA,488145,TCTGTGATCAGCTACC
3518,GGTATGTTCATGCAAC,488668,TGCTCACAGGTCATGG
3519,GGTATGTTCCGCACAA,488744,TGCTCACAGTAAACTG
3520,GGTATTGGTGGACATC,489171,AGTCAATCAATGAAGA
3521,GGTATTTCACCTGCCT,489502,TGTTAGCGTATATTCG
3522,GGTATTTCATTGCAGC,489717,TGTTAGCGTTGGTTTA
3523,GGTCAAGCAAGGTATA,489791,CCAGGGAGTGAACAAT
3524,GGTCAAGCAATATACC,489811,CCAGGGAGTAGGCGCA
3525,GGTCAAGCATAATGAG,490025,CCAGGGAGTCCCAGAC
3526,GGTCAATTCAGGTTTA,490181,CTGAGCAAGTGCACCT
3527,GGTCAATTCATCACTT,490192,CTGAGCAAGCAATACA
3528,GGTCAATTCATTAGGC,490220,CTGAGCAAGCTTGCTA
3529,GGTCAATTCCTTAAGA,490326,CTGAGCAAGCCAAACG
3530,GGTCAATTCGCTAGCA,490370,CTGAGCAAGCCAGGAC
3531,GGTCAGGAGAATCGCT,490507,AAGCTAATCCTGATCA
3532,GGTCATTAGACCATAC,490903,TAACCGCTCTCCATGA
3533,GGTCATTAGCCTGTTC,490984,TAACCGCTCGACATTT
3534,GGTCATTAGGCTTAAC,491114,TAACCGCTCAATAACG
3535,GGTCATTAGTGCTGTG,491226,TAACCGCTCAACCGGA
3536,GGTCCATCAATTTAGC,491371,GGCGCTTGTTATATCG
3537,GGTCCATCACATAACT,491396,GGCGCTTGTTTCCGGA
3538,GGTCCATCAGCAACAG,491467,GGCGCTTGTAATCCAC
3539,GGTCCATCATTCCTGT,491635,GGCGCTTGTGATGGAC
3540,GGTCCGTAGCAAGACA,491702,TCGCTAATCGCATTAT
3541,GGTCCGTAGTAGGCGG,491953,TCGCTAATCCCGCTGA
3542,GGTCCTGCAAGTAAGC,492100,CGCCTTTGTTAGCGTT
3543,GGTCCTGCAATTAAGG,492131,CGCCTTTGTTGCAATC
3544,GGTCCTGCATCGCTTT,492360,CGCCTTTGTTGCTGGC
3545,GGTCCTGCATTGTTGG,492416,CGCCTTTGTCACCAAT
3546,GGTCGGTTCCGTTAAA,492597,ACGGTTGAGTAACCGG
3547,GGTCGGTTCCTAAGTA,492603,ACGGTTGAGTTTCTGG
3548,GGTCGGTTCGAAGTGA,492644,ACGGTTGAGGATTGCG
3549,GGTCGGTTCTCGACCT,492757,ACGGTTGAGTATTTGC
3550,GGTCTTGAGCCGCAAC,492890,TGAGCGATCTTTGGGC
3551,GGTCTTGAGGCCTGGT,493013,TGAGCGATCCTTGCAA
3552,GGTCTTGAGGGACGCA,493037,TGAGCGATCCACCCTC
3553,GGTCTTGAGGTGAAAT,493070,TGAGCGATCTCAATCG
3554,GGTCTTTGTCAAAGGG,493272,AATGTCGCATGCAACA
3555,GGTCTTTGTCATAACG,493293,AATGTCGCACCAGCCT
3556,GGTCTTTGTCGTAATG,493333,AATGTCGCAATGGACC
3557,GGTCTTTGTGGGTGAA,493403,AATGTCGCAAGTATCG
3558,GGTCTTTGTGTAATAC,493410,AATGTCGCAAGCGCTG
3559,GGTGAGCCAAGGAATC,493622,TTGTGCGGTCAACCGC
3560,GGTGAGCCAGGAACCA,493799,TTGTGCGGTTATGTTG
3561,GGTGAGCCATTGCAGC,493939,TTGTGCGGTTGGTTTA
3562,GGTGAGGTCAAGCCTG,493962,CTTTGTGAGATTCACT
3563,GGTGAGGTCACAGCCA,493983,CTTTGTGAGTAACACA
3564,GGTGAGGTCATAACCA,494023,CTTTGTGAGGCTTTCA
3565,GGTGAGGTCCAAATCA,494071,CTTTGTGAGCTTGCCG
3566,GGTGAGTAGTATCGCG,494640,ACCGTTATCGCCCGTA
3567,GGTGATTTCAAACCGT,494722,GTTTGGGAGCTAACTT
3568,GGTGATTTCAGCAAGA,494774,GTTTGGGAGTATTGCT
3569,GGTGATTTCCAAGTTA,494842,GTTTGGGAGCTAATAG
3570,GGTGATTTCCCGCATT,494864,GTTTGGGAGTTAGGCG
3571,GGTGATTTCCGGGACT,494892,GTTTGGGAGAATCTAG
3572,GGTGATTTCCTAAGTA,494905,GTTTGGGAGTTTCTGG
3573,GGTGCTGGTATCTGGA,495174,GTTTGGACACCGTTGC
3574,GGTGCTGGTCCTTTAA,495242,GTTTGGACAGAAATGA
3575,GGTGCTGGTGAGAAAC,495272,GTTTGGACAAACGCGT
3576,GGTGCTGGTGTTGTAG,495344,GTTTGGACACTATACC
3577,GGTGCTTCATGCATAT,495825,GTTAGCTGTAATGGTG
3578,GGTGTCCAGCTATTAG,496002,GTCGAAGTCATTTGGT
3579,GGTGTCCAGCTCCTAC,496008,GTCGAAGTCTTAGCCA
3580,GGTGTCCAGGAACGCG,496033,GTCGAAGTCCAGGATG
3581,GGTGTCCAGTAACGGA,496158,GTCGAAGTCACAAGCG
3582,GGTGTGACAATCCTAG,496340,AGTAACGGTGTGCGGA
3583,GGTGTGACACCGGCTA,496399,AGTAACGGTCTGTGCA
3584,GGTGTGACATCACAGC,496566,AGTAACGGTTCCTGGA
3585,GGTGTGACATGAATAG,496586,AGTAACGGTTATCCGG
3586,GGTGTTGTCACTAAGC,496683,TAACCAAAGTCTAGCC
3587,GGTGTTGTCATTGTTC,496752,TAACCAAAGGAGGTAA
3588,GGTTAATGTTCCTCCT,497327,ACAATGTCACGTAGGT
3589,GGTTACCCAACTAGCC,497443,GCGATCCGTTGTTGTA
3590,GGTTACCCAAGGTCGA,497467,GCGATCCGTTGTGGTT
3591,GGTTACTAGTCTTGAA,498119,AGTTCGCTCAGCTACC
3592,GGTTAGCGTCCCGAAG,498295,TTAGGTGCATAGTCAG
3593,GGTTAGCGTCGCGCAA,498317,TTAGGTGCAGCCGGTA
3594,GGTTATGGTTTACCGT,499290,ATTCGTCCAGCAAGTC
3595,GGTTCCCGTAATCCCT,499342,CATTTGCCAGCCTGAG
3596,GGTTCCCGTAATGACT,499346,CATTTGCCATCCTCAG
3597,GGTTCCCGTGTGCACG,499552,CATTTGCCAATACCCT
3598,GGTTCTTGTAGCTAGC,499757,AGGTTTGCAATTGACG
3599,GGTTCTTGTCATGCAA,499816,AGGTTTGCAAGCCTGG
3600,GGTTCTTGTTTAGTCC,500059,AGGTTTGCAATACCGA
3601,GGTTGACGTAAGCTTG,500099,CTGCAGGCACCTAAAG
3602,GGTTGACGTTAACGGC,500334,CTGCAGGCACTTAGGA
3603,GGTTGAGCAAGTGTTT,500536,CATATTGGTGATGCAA
3604,GGTTGAGCAGCAAGTG,500671,CATATTGGTCTAATCA
3605,GGTTGAGCAGGCTGTT,500718,CATATTGGTTCATTCT
3606,GGTTGCATCACCATTT,500886,CTGGTGAAGGCTTGCT
3607,GGTTGCATCGGTTAGT,501128,CTGGTGAAGTCATGAA
3608,GGTTGCATCTAATTGG,501164,CTGGTGAAGCTATCGC
3609,GGTTGCGGTACCGTAA,501270,AACCCGGCAAACTGAT
3610,GGTTGCGGTGTCCTGC,501462,AACCCGGCATAGGTGC
3611,GGTTGCGGTGTGAGAG,501463,AACCCGGCACCTCAAT
3612,GGTTGCGGTTACTTGC,501503,AACCCGGCATCAGTAG
3613,GGTTGCGGTTTCCACG,501597,AACCCGGCAGGCCAAT
3614,GGTTGCTCAACATAAG,501646,TTAGTCAGTAACGATG
3615,GGTTGCTCACTTGTTC,501804,TTAGTCAGTGGTTACT
3616,GGTTGCTCATCGCTTT,501942,TTAGTCAGTTGCTGGC
3617,GGTTGCTCATTTAAGC,501999,TTAGTCAGTTCACTTT
3618,GGTTGGTGTACCCACC,502033,AATGGAACACCTTCTC
3619,GGTTGGTGTTAGGTTG,502283,AATGGAACATTAACCC
3620,GGTTGGTGTTGTCCAT,502342,AATGGAACATGGAGGA
3621,GGTTGGTGTTTGACCT,502368,AATGGAACAGTAGGAG
3622,GGTTTAATCCATAAGC,502516,TGTGGTGAGGAGCTTG
3623,GGTTTAATCCGTAAAC,502558,TGTGGTGAGCGCTCCA
3624,GGTTTAATCCTGATTT,502588,TGTGGTGAGCACAGCA
3625,GGTTTAATCCTTAATC,502595,TGTGGTGAGGAGCTAT
3626,GGTTTAATCGCTTCTA,502644,TGTGGTGAGGATTGGT
3627,GGTTTCCTCAGGTCCA,502832,CGTATTTAGTCATCAT
3628,GGTTTCTGTATTGAGT,503226,GGACCTGCACTCGCAC
3629,GGTTTCTGTTGTGACA,503493,GGACCTGCATGGTGCG
3630,GGTTTGTAGATGGAGC,503578,AATCTGTTCGCAACTC
3631,GTAAAGCCACGAACAG,504076,GCGTTATGTCACACTG
3632,GTAAAGCCAGCAACCT,504118,GCGTTATGTTCTGGCA
3633,GTAAAGCCAGGCCATT,504161,GCGTTATGTGCATTTA
3634,GTAAGCAAGACTATTG,504323,ACTTAGTTCCACCTGG
3635,GTAAGCAAGATGGAGC,504346,ACTTAGTTCGCAACTC
3636,GTAAGCAAGCCTGTTC,504402,ACTTAGTTCGACATTT
3637,GTAAGCAAGCGGATTT,504418,ACTTAGTTCCAAACTT
3638,GTAAGCAAGCTTCCCG,504454,ACTTAGTTCATTCAGT
3639,GTAAGCAAGGTCCACA,504561,ACTTAGTTCGTTAGCC
3640,GTAAGCAAGTAAAGGT,504583,ACTTAGTTCTAAGCGG
3641,GTAAGCAAGTGGCGGA,504646,ACTTAGTTCCTGTTAG
3642,GTAAGCGCACAGCCAT,504809,TATGGCTGTACCTTGG
3643,GTAAGCGCACTATGGC,504860,TATGGCTGTACTAGGA
3644,GTAAGCGCATGACTAT,505018,TATGGCTGTTAGCTCG
3645,GTAAGCGCATTGCGTA,505058,TATGGCTGTGTGATTC
3646,GTAAGCTTCAAGTGAG,505083,GGTGGCTAGCAGCTCT
3647,GTAAGCTTCAGCAAAG,505121,GGTGGCTAGTAATGCA
3648,GTAAGCTTCCGCATGA,505233,GGTGGCTAGTCACTAT
3649,GTAAGCTTCTAAATCG,505371,GGTGGCTAGCTATTGT
3650,GTAAGCTTCTTGCTAT,505442,GGTGGCTAGCCATCAC
3651,GTAAGGTCACAGACTC,505576,TCAACCGGTACCGGCT
3652,GTAAGGTCACCTAAGC,505600,TCAACCGGTATCGCTG
3653,GTAAGGTCATCTAGCA,505780,TCAACCGGTTTAACCA
3654,GTAATAGCAACCTAAT,505870,GGCTTTGGTAGCTTAC
3655,GTAATAGCAAGACTCC,505880,GGCTTTGGTATGGTGA
3656,GTAATAGCACAGGATG,505964,GGCTTTGGTTTGCTCC
3657,GTACAATGTCTAACCT,506371,TAGGGTCCAAACTAGT
3658,GTACAATGTTCCGGGA,506524,TAGGGTCCAATCCTAC
3659,GTACACCCAGGAACAT,506832,GTGCGAGGTGCGGTTC
3660,GTACACCCATAGCGAG,506905,GTGCGAGGTCTAACCG
3661,GTACACCCATCCAGGT,506920,GTGCGAGGTGCCTTTC
3662,GTACCTTGTTAAGTGT,507624,CAGAGAGCAGGAACCT
3663,GTACGTAGTACCGTTT,507787,AATGAAGCAAATACGT
3664,GTACGTAGTCCTAATC,507881,AATGAAGCACGGTAAC
3665,GTACTAGGTCTAACAG,508666,GACTGCGCAGGATGTC
3666,GTACTAGGTGGATGTC,508726,GACTGCGCAGCTAGAC
3667,GTACTAGGTTAAGCCA,508767,GACTGCGCAATCTGGA
3668,GTACTAGGTTACTTGC,508785,GACTGCGCATCAGTAG
3669,GTACTGGTCAAATCGC,508904,CTTATGTAGCGAGTTG
3670,GTACTGGTCGCTATGG,509157,CTTATGTAGGAGTCGC
3671,GTACTGGTCGGCTAGC,509164,CTTATGTAGTCCTGCG
3672,GTACTGGTCGTTCACC,509197,CTTATGTAGCAACAAC
3673,GTACTTAAGGTCCAAT,509542,TTCCGCCTCCACAATT
3674,GTACTTCGTCCTTCTC,509803,ATAGGTTCAATTAGCG
3675,GTACTTCGTGTGAGGA,509896,ATAGGTTCAAGGACGA
3676,GTACTTCGTTGTTCAC,510011,ATAGGTTCAAATAAGG
3677,GTACTTCGTTGTTGCT,510012,ATAGGTTCATGACATG
3678,GTAGCCATCAGCACCA,510103,CAGAATCAGTGTTTGT
3679,GTAGCCATCCTTAGGG,510262,CAGAATCAGCATCCTA
3680,GTAGCGCTCACAAGCT,510460,CATAACAAGCTAACGG
3681,GTAGCGCTCCCGCAAA,510575,CATAACAAGATTCAAG
3682,GTAGCGCTCCGCTAGA,510601,CATAACAAGCTCATTG
3683,GTAGCGCTCCTTAAGA,510644,CATAACAAGCCAAACG
3684,GTAGCTGTCAATAGCC,510834,GCGATATAGCGCTTGT
3685,GTAGCTGTCATAGCCG,510893,GCGATATAGGAGCAAA
3686,GTAGCTGTCGGCTAGC,511082,GCGATATAGTCCTGCG
3687,GTAGGAGGTACCAGGT,511232,TGCATGACATAATCGG
3688,GTAGGCGAGAACCTGT,511972,TAGTGCCTCGTTATGT
3689,GTAGGCGAGAATCTCA,511976,TAGTGCCTCTTAGGTT
3690,GTAGGCGAGAGCCGCT,511998,TAGTGCCTCCGCTAGT
3691,GTAGGCGAGGACAATG,512136,TAGTGCCTCGAGGAGG
3692,GTAGGTGCAATAGCAA,512428,GGTTATCGTCCTCACT
3693,GTAGGTGCACAATGTT,512467,GGTTATCGTTAAAGAC
3694,GTAGGTGCATTGCAGC,512721,GGTTATCGTTGGTTTA
3695,GTAGTTATCCGCCTCA,512902,CCCGCTAAGTCACCAC
3696,GTAGTTTCAAGGTGCA,513182,TGGATTCGTGCGTAAA
3697,GTAGTTTCATCACAGC,513430,TGGATTCGTTCCTGGA
3698,GTATCGCCAACAGCCT,513529,TCTGGGCGTCGATTAC
3699,GTATCGCCACTCGCTC,513680,TCTGGGCGTTGTTCCC
3700,GTATGTGGTCATTACC,514002,AGTGCACCAGTTGGCG
3701,GTATGTGGTCTTTGAC,514046,AGTGCACCAGTGTGCG
3702,GTATGTGGTGCTGTAA,514087,AGTGCACCATAACCAG
3703,GTATGTGGTGGTTCTT,514108,AGTGCACCAGAAACCC
3704,GTATGTTCAAGGTATA,514329,TTGCTGGGTGAACAAT
3705,GTATTCAAGCTTAACA,514801,CGTTAGCTCCGTTAGC
3706,GTATTCAAGGATGATG,514845,CGTTAGCTCCGTCCCT
3707,GTATTCAAGGTCCTAG,514915,CGTTAGCTCCTCAAGC
3708,GTATTCAAGGTTTACA,514931,CGTTAGCTCTTCAAGT
3709,GTATTCAAGTCTGGGC,514982,CGTTAGCTCCCAGTAC
3710,GTATTGATCCTCCTAA,515237,CAATAGCAGAAGGGTA
3711,GTATTGATCTACCTGC,515353,CAATAGCAGCATCTAT
3712,GTATTGATCTCACAAA,515365,CAATAGCAGGCATGGC
3713,GTATTGCAGGCGTAAA,515641,CTTCACTTCCGGGTTT
3714,GTATTGCAGTCAGGCC,515736,CTTCACTTCAAGGTCG
3715,GTATTGCAGTGACCTG,515756,CTTCACTTCTAGGCGA
3716,GTATTGTCAACAGGAT,515832,GCATGAAGTAGTTACC
3717,GTATTGTCAATGCCCG,515897,GCATGAAGTTGAGTCT
3718,GTATTGTCACAATACT,515919,GCATGAAGTTTCTCAT
3719,GTATTGTCACAGAACG,515927,GCATGAAGTATTCAGC
3720,GTATTGTCAGGCTACT,516054,GCATGAAGTTTGTAGC
3721,GTATTGTCATCCTGAA,516128,GCATGAAGTCAGTGAA
3722,GTATTGTCATGTCAGC,516152,GCATGAAGTTAGTTTG
3723,GTCAAACTCACGAATC,516228,GAATCACAGGATTATG
3724,GTCAAACTCATTACAG,516290,GAATCACAGGACCATG
3725,GTCAAACTCCTAAGGT,516372,GAATCACAGGCTTCAC
3726,GTCAAACTCGCAAACT,516429,GAATCACAGTTAGCTT
3727,GTCAAACTCTAATCTC,516501,GAATCACAGCTACCTA
3728,GTCAATATCCATTACT,516709,GTGTGTGAGCTTGGTC
3729,GTCAATATCCGGAACC,516742,GTGTGTGAGGATTTGA
3730,GTCAATATCCTAACGG,516754,GTGTGTGAGTGCTGGA
3731,GTCAATATCGCGACAC,516823,GTGTGTGAGCAGGTTG
3732,GTCAATATCTAAATCG,516875,GTGTGTGAGCTATTGT
3733,GTCAGGCTCCCGCCTA,517101,CTAGTAAAGCCTAGTC
3734,GTCATCACAAGGCCAA,517397,TGATGAGGTGAATCGA
3735,GTCATCACAATGAAGC,517430,TGATGAGGTATAGCGA
3736,GTCATCCTCAAGCCTG,517734,GTGTAACAGATTCACT
3737,GTCATCCTCCCTGACT,517879,GTGTAACAGGTGGGAG
3738,GTCATCCTCCGCTAGA,517893,GTGTAACAGCTCATTG
3739,GTCATGAGTAGTTAAC,518174,GTGGGAACATCCGGGA
3740,GTCATGAGTCCACAAA,518230,GTGGGAACATGATCGA
3741,GTCATGAGTGTTCCCA,518345,GTGGGAACATTGTGAG
3742,GTCATGAGTGTTGCTT,518347,GTGGGAACATACTTGC
3743,GTCATGAGTTGCACAA,518428,GTGGGAACAGGTGGAA
3744,GTCATGCCAGCAAGTG,518695,GTAGCTTGTCTAATCA
3745,GTCATGCCATAGCTGC,518795,GTAGCTTGTCATCATA
3746,GTCATGCCATCATGGC,518806,GTAGCTTGTCCTAAGT
3747,GTCATGCCATTTGCTC,518874,GTAGCTTGTGCGGTAG
3748,GTCATTAAGCAAGGGT,518929,CGTGTGTTCAGAAAGG
3749,GTCATTAAGCTTCCCG,519028,CGTGTGTTCATTCAGT
3750,GTCATTAAGGAGTCTT,519063,CGTGTGTTCGATAAGC
3751,GTCATTAAGTGAGAGC,519211,CGTGTGTTCCGGGTAA
3752,GTCCAAGTCTGCAAGT,519603,ATAACTGAGTTTGAGA
3753,GTCCAAGTCTGGCATG,519605,ATAACTGAGTATAGTG
3754,GTCCAAGTCTTAGGAC,519620,ATAACTGAGCGCTACT
3755,GTCCAGGGTGCTTTAC,519846,GAATATCCAGGAATAA
3756,GTCCATTGTAAATTGC,520028,CGTTTCGCACCTTCCT
3757,GTCCATTGTGCGCAAT,520216,CGTTTCGCATAAGCCA
3758,GTCCGTAAGGACGTAA,520583,GCTATGCTCCTGTGAC
3759,GTCCGTAAGTCGCTAG,520733,GCTATGCTCCATCAGC
3760,GTCCTAGAGCTGCACA,520932,CTAATGTTCGCATTTG
3761,GTCCTAGAGGAGGCAT,520974,CTAATGTTCTTGTCGA
3762,GTCCTAGAGGGTGGAT,521039,CTAATGTTCATTGCGC
3763,GTCCTAGAGTAGCCAT,521088,CTAATGTTCCCTCATT
3764,GTCCTAGAGTTACCGG,521141,CTAATGTTCCCTGATA
3765,GTCCTCAGTTGAAGCC,521488,TAGTCTCCACACAAGC
3766,GTCCTCCCAATTGAAG,521657,ATGGGCGGTAGTCCTG
3767,GTCCTCCCATTCAGCA,521923,ATGGGCGGTAAGGGCT
3768,GTCCTCCCATTGTGTG,521937,ATGGGCGGTTAAAGCG
3769,GTCCTCCCATTGTTGG,521938,ATGGGCGGTCACCAAT
3770,GTCGAAGCATCAGCAC,522254,CTGTGCAGTTGTGCGC
3771,GTCGAGGAGAGAAGGG,522351,ATACCTGTCCCAAAGG
3772,GTCGCAATCCAATAGC,522831,TAGCTTTAGCATGTTT
3773,GTCGCAATCTTAAGTG,523065,TAGCTTTAGGTTATCT
3774,GTCGGTTCAGTCTATG,523366,GCTTTGGGTTGACCAT
3775,GTCTAACAGCACTAGT,523541,CGGTCATTCCGCCATG
3776,GTCTAACAGTCAATCA,523785,CGGTCATTCCACGTTA
3777,GTCTAATCAGAATGAC,524053,GCACTCAGTCTTAGCG
3778,GTCTATCGTCGCGCAA,524773,AGTTACGCAGCCGGTA
3779,GTCTATCGTTGGCGTG,524961,AGTTACGCACTAGTCT
3780,GTCTATGCAATAGCAA,525088,GTTACCGGTCCTCACT
3781,GTCTATGCACAAGCCT,525124,GTTACCGGTTCATTGA
3782,GTCTATGCACAATGCC,525126,GTTACCGGTCCAATTA
3783,GTCTATGCAGGTTATT,525271,GTTACCGGTTTGGTGT
3784,GTCTCACTCCCTCTAA,525548,GGTTTCCAGTCCCTGG
3785,GTCTTGCTCACATTGA,525812,AACGTACAGAGAGCAA
3786,GTCTTGCTCCTTCTAG,525996,AACGTACAGCTAAGCG
3787,GTCTTTAGTCAGGAAG,526265,GTGCTGGCAGGTATTG
3788,GTCTTTGTCAATAGCC,526562,TAGTCTTAGCGCTTGT
3789,GTCTTTGTCATGTTTC,526645,TAGTCTTAGGCAATCG
3790,GTCTTTGTCCTGATTT,526750,TAGTCTTAGCACAGCA
3791,GTGAACAAGGGCTTAT,527171,CACAACCTCAAATACG
3792,GTGAGCGAGAATCTCA,527706,TAAAGCATCTTAGGTT
3793,GTGAGCGAGGAACCAA,527857,TAAAGCATCAAGGTTA
3794,GTGAGCGAGGACAATG,527866,TAAAGCATCGAGGAGG
3795,GTGAGCGAGGCATGAA,527898,TAAAGCATCAGCTAGG
3796,GTGAGCGAGGTGCGGA,527967,TAAAGCATCATGCCTA
3797,GTGAGGAGTCTTACTA,528236,TGAACCACAAGCTATG
3798,GTGAGGAGTTGTGACA,528423,TGAACCACATGGTGCG
3799,GTGATCAGTAAATTGC,528466,TCCTGATCACCTTCCT
3800,GTGATCAGTCATTGTC,528581,TCCTGATCAATTGCCT
3801,GTGATCAGTTAGAGCC,528733,TCCTGATCACCTCACA
3802,GTGATCAGTTCGCGCT,528770,TCCTGATCAATCATGG
3803,GTGCAAGCAAGTGTCC,529297,AATGTGGGTGTGCGAG
3804,GTGCAAGCAGTAGGAT,529497,AATGTGGGTGGATGCG
3805,GTGCAAGCAGTTATCG,529506,AATGTGGGTTTATTCC
3806,GTGCAAGCATAAACCT,529513,AATGTGGGTGCACCAC
3807,GTGCAAGCATAGGCGA,529535,AATGTGGGTGCACAAA
3808,GTGCACGGTAGCTAAT,529666,TAAAGCTCAGAACCGT
3809,GTGCACGGTCATTGAG,529730,TAAAGCTCATGCTCCA
3810,GTGCACGGTGGTTATG,529832,TAAAGCTCAAAGGAAC
3811,GTGCACGGTTAATGAC,529870,TAAAGCTCATGCTGGG
3812,GTGCACGGTTTCCTCC,529977,TAAAGCTCATCCTGCA
3813,GTGCATTAGGTCGATT,530260,CTGATATTCTCTCGCC
3814,GTGCCTTTCCCTCATA,530530,ATGACTAAGACAGGTT
3815,GTGCCTTTCGAAGTAG,530603,ATGACTAAGGTGCTGA
3816,GTGCCTTTCGCTAGAT,530633,ATGACTAAGAATGACC
3817,GTGCCTTTCGTTTCCA,530678,ATGACTAAGCCGCTAT
3818,GTGCGCAGTCCTTAGT,530897,TGTCCATCACTTAGCT
3819,GTGCGCAGTGGACCTG,530970,TGTCCATCACAATAAC
3820,GTGCGGTTCGACAAAG,531371,CCTCAGTAGAAAGGCA
3821,GTGCGGTTCTTAATGG,531502,CCTCAGTAGATGAACC
3822,GTGCTCAAGACTCGCA,531552,TTGTTCCTCTAGGATA
3823,GTGCTCAAGAGAGGCT,531558,TTGTTCCTCATGTTGT
3824,GTGCTCAAGTAACTCA,531817,TTGTTCCTCCCTGGTG
3825,GTGCTCAAGTAGCGCC,531827,TTGTTCCTCTGTCAGC
3826,GTGCTCAAGTCTGGGC,531858,TTGTTCCTCCCAGTAC
3827,GTGCTCCGTCACGAAC,532012,TGCAGGTCATGAGGAG
3828,GTGCTCCGTTCGCTCA,532221,TGCAGGTCAGGTGAGA
3829,GTGCTCCGTTTAACGG,532263,TGCAGGTCATTTGTCA
3830,GTGCTGATCCGCTAGA,532463,CTTAGTTAGCTCATTG
3831,GTGCTGATCGAGGAAC,532525,CTTAGTTAGCGATGCA
3832,GTGCTGGGTACCGTAA,532714,GGAGTCTCAAACTGAT
3833,GTGCTGGGTAGTCAAT,532743,GGAGTCTCAGGTATAT
3834,GTGCTGGGTCTAACAG,532828,GGAGTCTCAGGATGTC
3835,GTGCTGGGTTAACACG,532925,GGAGTCTCACATTGTC
3836,GTGCTTACACCGGTAT,533206,TAGGCGGGTCTTGAAC
3837,GTGCTTACATCCGTAA,533382,TAGGCGGGTACGTAAG
3838,GTGCTTCTCCACCCTG,533570,TAGTTAGAGCTCATGC
3839,GTGCTTCTCGGCCAGT,533708,TAGTTAGAGAGATTCA
3840,GTGCTTCTCGGCTAGC,533710,TAGTTAGAGTCCTGCG
3841,GTGGACACACAGACTC,533952,CTTGCTCGTACCGGCT
3842,GTGGACACACCCTCAC,533972,CTTGCTCGTAAGTGGC
3843,GTGGACACAGGCCTTG,534074,CTTGCTCGTCATGAAG
3844,GTGGATGCAACTAGCC,534251,TTGAACCGTTGTTGTA
3845,GTGGATGCAGAAACGT,534401,TTGAACCGTGCACGCT
3846,GTGGATGCAGAGGGAG,534409,TTGAACCGTGCAACAA
3847,GTGGATGCATAAGGAC,534501,TTGAACCGTACAATGG
3848,GTGGCTTCACTGGCCA,534777,CGTTCCTGTCCTGAGC
3849,GTGGCTTCATAAACCT,534881,CGTTCCTGTGCACCAC
3850,GTGGCTTCATTGCGGT,534969,CGTTCCTGTCATTGAC
3851,GTGGTTAGTAGCCATA,535031,ACGTAATCAGGTAACC
3852,GTGGTTAGTATTACCC,535053,ACGTAATCACCTTAGT
3853,GTGGTTAGTCGCAAAC,535122,ACGTAATCAGGATAAA
3854,GTGGTTAGTGAAGCCT,535143,ACGTAATCACCTCAGC
3855,GTGTAACTCCTAAGGT,535546,CCAAGTGAGGCTTCAC
3856,GTGTAACTCTAGCGAT,535681,CCAAGTGAGGCAGGTC
3857,GTGTCCAAGTAGCGGG,536046,GTATTCGTCTAACCGC
3858,GTGTGAGCAATGCCCG,536223,GCGCTACGTTGAGTCT
3859,GTGTGAGCACCGTTCC,536277,GCGCTACGTTAGTGCT
3860,GTGTGCGGTCAATACG,536605,CAATGGCCACGCGCAA
3861,GTGTGCGGTCCAAGAC,536635,CAATGGCCACTAGTAG
3862,GTGTGCGGTTAATGAC,536772,CAATGGCCATGCTGGG
3863,GTGTGCGGTTCATCTA,536812,CAATGGCCAGGTAAGG
3864,GTGTGCGGTTCGCTCA,536823,CAATGGCCAGGTGAGA
3865,GTGTGTTAGCTCATAA,537032,AACTTGTTCCCTGTGG
3866,GTGTGTTAGGAATAAC,537064,AACTTGTTCTAGTTGT
3867,GTGTGTTAGTTCCTCA,537263,AACTTGTTCCTTAGTG
3868,GTGTTACAGGTCATTA,537539,TGCTGGTTCATTGAGA
3869,GTGTTACAGTGAGCGG,537619,TGCTGGTTCATCACAT
3870,GTGTTCCTCCGGTTGA,537839,CGAATTAAGTGGCCAA
3871,GTGTTCCTCGGCCAGT,537928,CGAATTAAGAGATTCA
3872,GTGTTCCTCGGGCCAT,537935,CGAATTAAGCATATTC
3873,GTTAACCAGGAATAAC,538598,CGCTCAGTCTAGTTGT
3874,GTTAACCAGTAACTCA,538719,CGCTCAGTCCCTGGTG
3875,GTTAACGGTAAGCTTG,538829,GATCCTTCACCTAAAG
3876,GTTAAGCTCCCTCATA,539348,AGCTAGTAGACAGGTT
3877,GTTAAGCTCCCTTGCG,539356,AGCTAGTAGCTTGTTG
3878,GTTAAGCTCGATTATG,539433,AGCTAGTAGGAACAAG
3879,GTTAAGCTCGTTAACA,539487,AGCTAGTAGAAACCGT
3880,GTTAAGCTCTTAGGAC,539558,AGCTAGTAGCGCTACT
3881,GTTAAGTGTAACAGGG,539585,AATCACGCAAACCCAA
3882,GTTAAGTGTCACGAAC,539680,AATCACGCATGAGGAG
3883,GTTAAGTGTCTAGCTT,539732,AATCACGCACGTTACT
3884,GTTAAGTGTTCAAGAT,539873,AATCACGCAATTACCC
3885,GTTAAGTGTTGGATAT,539910,AATCACGCAATGTCAG
3886,GTTAATGTCATGCATA,540051,GTTGCTCAGCACCTAC
3887,GTTAATGTCGTGCTTC,540252,GTTGCTCAGTCATAAG
3888,GTTACAGGTACCGTTT,540383,TTTGAGGCAAATACGT
3889,GTTACAGGTTTAGTCC,540703,TTTGAGGCAATACCGA
3890,GTTACCTGTAATGGCC,540756,ATCGTGACACTCCCTT
3891,GTTACCTGTCAGGCAT,540832,ATCGTGACAACCTCGC
3892,GTTACCTGTTTGCGCC,541101,ATCGTGACATTACAGG
3893,GTTACGCCAATTAACC,541206,GCTTGATGTATCGGCC
3894,GTTACGCCAATTATGC,541210,GCTTGATGTTGTCATA
3895,GTTACGCCACATTAAC,541244,GCTTGATGTTCACGCA
3896,GTTACGCCATGATTGT,541447,GCTTGATGTAGGTTAG
3897,GTTACGCCATGGAGGC,541453,GCTTGATGTGAGGTAC
3898,GTTACGTAGAATGACG,541505,GAGCGGTTCCCACCCT
3899,GTTACGTAGCCATCAG,541581,GAGCGGTTCGAGCAAT
3900,GTTACGTAGGGTGGAT,541743,GAGCGGTTCATTGCGC
3901,GTTACTAAGCCTGGTA,541978,GTTTGTGTCGAAGTTA
3902,GTTACTCGTAATGACT,542288,CCTAACTCATCCTCAG
3903,GTTAGACTCTAACCTT,542949,CTTCATGAGCAAATTG
3904,GTTAGACTCTAAGGTC,542952,CTTCATGAGATGCAAC
3905,GTTAGGCGTCATCCTG,543140,TGTAAACCAATAAAGG
3906,GTTAGGCGTGATCAGC,543203,TGTAAACCAGCCAAAC
3907,GTTCACCTCGGCTATG,543677,CCCAACTAGTGGCTTC
3908,GTTCATTTCATGACCG,543880,ACAGGTTAGTCAAGAC
3909,GTTCATTTCGCAATCG,544037,ACAGGTTAGCCGCAAA
3910,GTTCCCAGTTCGCGCT,544486,GGCTGCACAATCATGG
3911,GTTCCTGGTACTGAAT,544605,ATATAGCCAAACCAGC
3912,GTTCCTGGTCAAGACC,544648,ATATAGCCAGTGCAAC
3913,GTTCCTTCAAACGCGA,544948,TCCGTGAGTCATGGTT
3914,GTTCCTTCAAACTCAT,544951,TCCGTGAGTCAGTGCC
3915,GTTCCTTCAAATTCGT,544964,TCCGTGAGTACTTATG
3916,GTTCCTTCATGGAGGC,545285,TCCGTGAGTGAGGTAC
3917,GTTCGCGCAAGGTCGA,545389,CGATGAAGTTGTGGTT
3918,GTTCGCGCACCTCAGG,545480,CGATGAAGTGAGTTTC
3919,GTTCGCGCAGAGGCTA,545522,CGATGAAGTAAGTGCA
3920,GTTCGCGCAGCACCAT,545533,CGATGAAGTTGACTAC
3921,GTTCGCGCAGCTAACC,545548,CGATGAAGTATGGTCT
3922,GTTCGCGCATAGTCAT,545634,CGATGAAGTGTACCGC
3923,GTTCGCGCATTATGAC,545690,CGATGAAGTTGGGTAA
3924,GTTCGCTTCACATTGA,545744,GGTGATTAGAGAGCAA
3925,GTTCGCTTCACTTCAT,545760,GGTGATTAGTGTCCAC
3926,GTTCGCTTCACTTTAC,545761,GGTGATTAGGAACCTG
3927,GTTCGCTTCCCGCATT,545854,GGTGATTAGTTAGGCG
3928,GTTCGCTTCTGGCTTC,546058,GGTGATTAGTCAGGAT
3929,GTTCTCATCATTCATC,546203,CTGATGGAGACAAGCT
3930,GTTCTCATCCAGGAAA,546224,CTGATGGAGGTACCGA
3931,GTTCTCATCCTAAGGT,546278,CTGATGGAGGCTTCAC
3932,GTTCTCATCGCAATCG,546337,CTGATGGAGCCGCAAA
3933,GTTCTTAGTATTGAGT,546554,GGCTGTGCACTCGCAC
3934,GTTCTTAGTCACAGAC,546574,GGCTGTGCAGCCAATA
3935,GTTCTTAGTTACGCGG,546744,GGCTGTGCAACGGTTA
3936,GTTCTTAGTTTGTCTA,546858,GGCTGTGCAGGTTGTA
3937,GTTCTTGTCCCTGTTA,547019,CGTAATAAGCCAGTAG
3938,GTTCTTGTCTACTAAG,547178,CGTAATAAGAAGGACA
3939,GTTGCATAGCAACATC,547295,CTACTAGTCCAAGTGG
3940,GTTGCATAGTTCCTCA,547611,CTACTAGTCCTTAGTG
3941,GTTGCCCGTCATGCAA,547742,ACTTCACCAAGCCTGG
3942,GTTGCCCGTTAGGACC,547906,ACTTCACCACGCTAGG
3943,GTTGCCCGTTGGATCA,547959,ACTTCACCATCCTTAA
3944,GTTGCGGGTCATAGAT,548119,TGTTTCACACCATGCC
3945,GTTGCTGAGGCCAATT,548598,AAGTCCCTCTTAGCTG
3946,GTTGGAGCAGGGAGGA,549032,CGAGTTTGTACGCACC
3947,GTTGGAGCATAGCGAG,549079,CGAGTTTGTCTAACCG
3948,GTTGGCGGTACGGTAC,549586,TCACCTGCATAAAGGA
3949,GTTGGCGGTCCTAAGA,549674,TCACCTGCAGCTACCC
3950,GTTGGCGGTCTCAGCC,549699,TCACCTGCAACAAAGA
3951,GTTGGCGGTTCCGGCT,549847,TCACCTGCATGCCTGC
3952,GTTGGCGGTTTGAGCA,549913,TCACCTGCATAGACGC
3953,GTTGTGAGTATGGTGC,549997,AGTGATTCAGTATTGG
3954,GTTGTGAGTTAACAGT,550174,AGTGATTCACGGATTA
3955,GTTTACCGTAACGTGC,551087,CCAACAACATTGAGGC
3956,GTTTACCGTAATCGCA,551099,CCAACAACAACGGGAA
3957,GTTTACCGTACCAGGT,551108,CCAACAACATAATCGG
3958,GTTTACCGTATGGTGC,551147,CCAACAACAGTATTGG
3959,GTTTACCGTGCATTTC,551265,CCAACAACACCAGCTC
3960,GTTTACCGTGCTGTAA,551277,CCAACAACATAACCAG
3961,GTTTACCGTGGGTGAA,551293,CCAACAACAAGTATCG
3962,GTTTATCTCAAACACC,551843,ATCCTCAAGTCCTCAA
3963,GTTTATCTCAATTGGC,551869,ATCCTCAAGTAGGATC
3964,GTTTATCTCAGGTCCA,551908,ATCCTCAAGTCATCAT
3965,GTTTATCTCCAGGTCA,551974,ATCCTCAAGAGCTGGC
3966,GTTTATCTCGTGCCTT,552130,ATCCTCAAGGACACGC
3967,GTTTCAGCAATGCCTA,552320,TCCTTGCGTAACCGTT
3968,GTTTCCTCAATGAGGT,552702,ACGGTAAGTCGCAATT
3969,GTTTCCTCACACCAAC,552730,ACGGTAAGTCATAGAG
3970,GTTTCCTCACCTGTAA,552769,ACGGTAAGTTTATGGC
3971,GTTTCCTCAGATAGAC,552808,ACGGTAAGTTAAAGGT
3972,GTTTCCTCATTGCGTA,552984,ACGGTAAGTGTGATTC
3973,GTTTCTAGTCATGCCC,553109,GGCGATTCATTCCTGG
3974,GTTTCTAGTGTCCAGG,553221,GGCGATTCAAAGGTAA
3975,GTTTCTAGTTGAAGCC,553308,GGCGATTCACACAAGC
3976,GTTTCTAGTTTATGGG,553354,GGCGATTCACTGTCAT
3977,GTTTGCTGTGCATTTC,553565,GCTGCTCCACCAGCTC
3978,GTTTGCTGTGCGCAAT,553568,GCTGCTCCATAAGCCA
3979,GTTTGTAAGTAGCGCC,554057,ATTAGCTTCTGTCAGC
3980,GTTTGTCGTCACCTAT,554241,AAGGAACCATCAGGAC
3981,GTTTGTCGTCCGTGAG,554270,AAGGAACCATGGTTAG
3982,GTTTGTCGTTAGGTTG,554425,AAGGAACCATTAACCC
3983,GTTTGTTTCTCAATTC,554852,ATTCAAGAGCTTAGGG
3984,GTTTGTTTCTCGACCT,554863,ATTCAAGAGTATTTGC
3985,GTTTGTTTCTGTTGCC,554880,ATTCAAGAGAGGAACA
3986,GTTTGTTTCTTGAGGT,554893,ATTCAAGAGGCTTAAA
3987,TAAACAGCAGGTTCAC,555170,AGCAAGCGTCCTGACA
3988,TAAAGCCTCATTGTTC,555406,AACACTAAGGAGGTAA
3989,TAAAGCCTCCTCGATC,555494,AACACTAAGAACCTGG
3990,TAAAGCCTCGACAAAG,555519,AACACTAAGAAAGGCA
3991,TAACAAGCAAGCGATG,555725,ATGTTGCGTCTATGAC
3992,TAACAAGCACCCACCT,555819,ATGTTGCGTCCAGCAC
3993,TAACAAGCACCTACGG,555826,ATGTTGCGTGGCTTAT
3994,TAACAAGCAGCAGGTA,555886,ATGTTGCGTACCGTTG
3995,TAACCAGGTAGGTGTC,556120,GCAGGAACACGCCCAT
3996,TAACCAGGTGACCTGG,556227,GCAGGAACATAGCTTC
3997,TAACCAGGTGCATTTC,556249,GCAGGAACACCAGCTC
3998,TAACCGGTCAACCAAC,556450,AACGGTTAGTCTTGCA
3999,TAACCGGTCACGCGGT,556485,AACGGTTAGAGGCTAT
4000,TAACCGGTCATAATCG,556517,AACGGTTAGCTCAAGG
4001,TAACCGGTCCCATAAA,556581,AACGGTTAGTTAGGAC
4002,TAACCGGTCCCTCACG,556592,AACGGTTAGGCTTATT
4003,TAACCTAAGACTTACA,556851,CGATATTTCGCTTGCG
4004,TAACCTAAGAGGAGGA,556861,CGATATTTCTAGCCAC
4005,TAACCTAAGCCTGATG,556925,CGATATTTCAGGTTGG
4006,TAACCTAAGGATTGCT,557021,CGATATTTCAGGTAAC
4007,TAAGCCAGTAACAGGG,557215,AACCACACAAACCCAA
4008,TAAGCCAGTGATGATT,557389,AACCACACATCAGTTC
4009,TAAGCCAGTTATGTGG,557501,AACCACACATCCTGTG
4010,TAAGCCTAGAGCCGCT,557624,GCTTAATTCCGCTAGT
4011,TAAGCCTAGCCGCAGT,557681,GCTTAATTCAATTAGG
4012,TAAGCCTAGGCCCAGT,557800,GCTTAATTCAATCCAT
4013,TAAGCCTAGTAAGGGC,557883,GCTTAATTCGGTTACC
4014,TAAGCCTAGTTGGATC,557963,GCTTAATTCAGTATAG
4015,TAAGCTATCCTGATTT,558182,TACCTGCAGCACAGCA
4016,TAAGCTATCGCTTCTA,558238,TACCTGCAGGATTGGT
4017,TAAGCTATCTCACACC,558306,TACCTGCAGCGGTTCT
4018,TAAGCTGGTCCGTAGG,558487,CCAGAACCATCAGGTA
4019,TAAGCTGGTTATCGAG,558650,CCAGAACCATCCTGGC
4020,TAAGCTGGTTCAAGCA,558654,CCAGAACCAAGCCTCC
4021,TAAGCTGGTTTAAAGC,558709,CCAGAACCACGGATCG
4022,TAAGCTGGTTTGCGCC,558733,CCAGAACCATTACAGG
4023,TAAGGACCAAGTGAAC,558810,GCGAAACGTGAGGACT
4024,TAAGGACCACAGACTC,558866,GCGAAACGTACCGGCT
4025,TAAGGCTTCCTGGCTT,559334,GTAGGTTAGTCACTCA
4026,TAAGGCTTCGCTAGTG,559383,GTAGGTTAGGTCGAGC
4027,TAAGTAGCAAACCTAT,559514,GTTAACCGTGCGCGAA
4028,TAAGTAGCAGGAAGCC,559743,GTTAACCGTGCGATTT
4029,TAAGTGCTCATGGCTG,559990,GGGCTTAAGGACGAAA
4030,TAAGTGCTCCTCCTAA,560095,GGGCTTAAGAAGGGTA
4031,TAAGTGCTCCTGAATA,560097,GGGCTTAAGTGGCTAG
4032,TAATCACCAGCATGGA,560490,TCACATAGTAGCCTTG
4033,TAATCCGCACGTTACA,560831,CTTAATGGTTACAGCT
4034,TAATCCGCAGTAAGTA,560927,CTTAATGGTGAACCGG
4035,TAATGCATCGCCTAAG,561295,CTGGACAAGTAAAGGG
4036,TAATGCATCGTTACAA,561339,CTGGACAAGTGCAACG
4037,TAATGCATCTGTGCCT,561400,CTGGACAAGAGGCTTG
4038,TAATGGACAACTGGCT,561472,GCGTACCGTCTTGACG
4039,TAATGGACAGCACGAA,561638,GCGTACCGTAATCACC
4040,TAATGGTGTAAACAAG,561815,ATGTGATCAAATATGC
4041,TAATGGTGTGTCACGG,562039,ATGTGATCATAGCTAG
4042,TAATGGTGTTAGACCA,562084,ATGTGATCAGGAGGTA
4043,TAATTGCCAAGGACCA,562251,TGGTAAGGTAACCGCC
4044,TAATTGCCACCGGCTA,562341,TGGTAAGGTCTGTGCA
4045,TACAACATCATGGCTG,562676,GTCCATCAGGACGAAA
4046,TACAACATCCAGGGAG,562711,GTCCATCAGTTATTGC
4047,TACAAGCTCGCTCCAT,563225,AGCTTCCAGATAGACC
4048,TACAAGCTCTACCTGC,563281,AGCTTCCAGCATCTAT
4049,TACAAGCTCTTTGTAC,563348,AGCTTCCAGGTGGAAA
4050,TACAATGTCAGGGCCT,563413,GCGTAATAGCCGATAG
4051,TACAATGTCGTCATTT,563634,GCGTAATAGTCTTGAT
4052,TACAATGTCTATCGCC,563671,GCGTAATAGGCTAATA
4053,TACAGCTAGCGATAAG,563840,GCTAACCTCGCTTCTT
4054,TACAGCTAGCGCCTAA,563845,GCTAACCTCTTGGACC
4055,TACAGCTAGCTGCACA,563874,GCTAACCTCGCATTTG
4056,TACAGCTAGGAAGTAT,563899,GCTAACCTCTTGCTCT
4057,TACATCAAGGACACTT,564671,TTAAGCTTCAGCCATC
4058,TACCAAATCATTACAG,564986,GCGCTTTAGGACCATG
4059,TACCAAATCCGTGACA,565062,GCGCTTTAGATTGCCC
4060,TACCAGGTCGAAGCGG,565492,ATTCATCAGTGAGGAA
4061,TACCAGGTCTTGGATA,565644,ATTCATCAGCCTAATT
4062,TACCCGGCAACTGGCT,565694,TATTGTGGTCTTGACG
4063,TACCCGGCAATTGAAG,565753,TATTGTGGTAGTCCTG
4064,TACCCGGCACAATGCC,565768,TATTGTGGTCCAATTA
4065,TACCCGGCAGTCTAAT,565924,TATTGTGGTTAGTACC
4066,TACCCGGCATCCCGCT,565972,TATTGTGGTGTGAGTA
4067,TACCCGGCATGGTTAT,565998,TATTGTGGTCATTATG
4068,TACCGAAGTCACAAAT,566130,AGTTCCTCAGGAGGAC
4069,TACCGAAGTCACCTAT,566135,AGTTCCTCATCAGGAC
4070,TACCGAAGTCGCGCAA,566181,AGTTCCTCAGCCGGTA
4071,TACCGAAGTTTACTTG,566390,AGTTCCTCATCAATCC
4072,TACCGCAAGGACAATG,566588,CCTAGGTTCGAGGAGG
4073,TACCGCAAGGCAAGTA,566616,CCTAGGTTCTTGAATC
4074,TACCGCAAGGCCAATT,566624,CCTAGGTTCTTAGCTG
4075,TACCGCAAGGGACTAA,566654,CCTAGGTTCCGCCTAG
4076,TACCGTTGTACTTCAC,566850,CGGTGTGCAACATAGT
4077,TACCGTTGTCCAAGAC,566923,CGGTGTGCACTAGTAG
4078,TACCGTTGTTACTTGC,567071,CGGTGTGCATCAGTAG
4079,TACCGTTGTTGAGGTC,567120,CGGTGTGCAAACTAAC
4080,TACCTCATCCACCTGT,567311,ATAGTCAAGGTAAGTC
4081,TACCTCATCCCTGTTA,567343,ATAGTCAAGCCAGTAG
4082,TACCTCATCCGGAACC,567354,ATAGTCAAGGATTTGA
4083,TACCTGCTCCCATAGG,567708,TATGGACAGCTTATCG
4084,TACCTTAGTAGCAGCT,568002,CGGCTAGCAGGAAGCA
4085,TACCTTTAGACAACGA,568349,CGCGATTTCTTTAGCG
4086,TACCTTTAGTCCTTCA,568658,CGCGATTTCTCAGCTA
4087,TACCTTTAGTTTGGTA,568717,CGCGATTTCGCTTCGG
4088,TACGCACCAATCCCTT,568803,CCGTAATGTAACGTGA
4089,TACGCACCAATTGACT,568820,CCGTAATGTAAGGTGC
4090,TACGCACCAGTATGTT,568989,CCGTAATGTGCAGTAA
4091,TACGCTTGTACGGGTT,569143,CGATGCGCAGGCTCCT
4092,TACGCTTGTTCGGTAA,569414,CGATGCGCAAACAAAG
4093,TACGCTTGTTGGATCA,569433,CGATGCGCATCCTTAA
4094,TACGGATTCATGTGGT,569584,TATACCTAGTGGCGGT
4095,TACGGATTCCGCTAGA,569653,TATACCTAGCTCATTG
4096,TACGGATTCCTAAGGT,569668,TATACCTAGGCTTCAC
4097,TACGGATTCCTGATGG,569689,TATACCTAGTAGTTAG
4098,TACGGTTAGACTTATG,569894,CCTCGCTTCGCTTGAC
4099,TACGGTTAGGAAGTAT,570035,CCTCGCTTCTTGCTCT
4100,TACGGTTAGTCGCTAG,570195,CCTCGCTTCCATCAGC
4101,TACGTAATCCACCTTA,570380,CGGTTGAAGCATAGCG
4102,TACGTAATCCTTAGTT,570467,CGGTTGAAGACTCCGT
4103,TACGTACAGACACTTA,570654,ACCTTAGTCCTAAGCC
4104,TACGTACAGTCATCCC,570954,ACCTTAGTCCTTAACG
4105,TACGTACAGTTTGCGG,571017,ACCTTAGTCTTGACCA
4106,TACGTTAAGCAAGGTA,571076,CTGCTAATCAGCGGGT
4107,TACGTTAAGTGACCTG,571356,CTGCTAATCTAGGCGA
4108,TACTAAGTCACAGCGC,571436,CCAACAGAGGGCTACA
4109,TACTAAGTCATGGTGT,571501,CCAACAGAGCGGTCAA
4110,TACTAAGTCATTATGG,571512,CCAACAGAGTCCTTAG
4111,TACTAAGTCGGTTTCC,571684,CCAACAGAGTTTCTCC
4112,TACTCAAAGCAACATC,571839,GTAGTCCTCCAAGTGG
4113,TACTCAAAGGTGAAAT,572056,GTAGTCCTCTCAATCG
4114,TACTCAAAGGTGCTGC,572060,GTAGTCCTCAAACTAG
4115,TACTCGCTCGGTTAGT,572450,TAGTTTCAGTCATGAA
4116,TACTGACAGATGGACA,572601,ACCTAATTCTCAAGAA
4117,TACTGACAGCCACATG,572640,ACCTAATTCTTGTTGG
4118,TACTGACAGTGCACGC,572899,ACCTAATTCTAAGTCT
4119,TACTGAGGTATCTGGA,573010,ACGCTAACACCGTTGC
4120,TACTGAGGTCTTTGAC,573100,ACGCTAACAGTGTGCG
4121,TACTGAGGTTCACCAT,573235,ACGCTAACATTACGGA
4122,TACTGAGGTTCCGGCT,573243,ACGCTAACATGCCTGC
4123,TACTGCACAGCCGCTA,573539,TAACCCGGTGTCCGTA
4124,TACTGCACATACCCGG,573620,TAACCCGGTCACCATG
4125,TACTGCACATGAATCT,573655,TAACCCGGTTTATGTG
4126,TACTGGCCAAAGGTAC,573724,GAAACGCGTAGCTAAG
4127,TACTGGCCACACCAAC,573826,GAAACGCGTCATAGAG
4128,TACTTCGTCAATGAGG,574113,GAGGGTGAGTTGCAAA
4129,TACTTCGTCCTTGAGG,574309,GAGGGTGAGTATCCGC
4130,TACTTCGTCTCGACCT,574429,GAGGGTGAGTATTTGC
4131,TACTTGTTCATGACCG,574560,TAATGTGAGTCAAGAC
4132,TACTTGTTCGAAGCGG,574698,TAATGTGAGTGAGGAA
4133,TACTTGTTCGCTCACT,574734,TAATGTGAGAAACCTA
4134,TACTTGTTCTAAGGAG,574781,TAATGTGAGATAACTG
4135,TAGACCAGTAGCCTAA,574910,CTAAGATCAGGCAACT
4136,TAGAGCCGTCACCAAA,575338,CCCTTCTCAATGAGCC
4137,TAGCAGGCAGATAGAC,575820,GGGCCTTGTTAAAGGT
4138,TAGCAGGCAGCAATAA,575828,GGGCCTTGTACGTTTA
4139,TAGCAGGCATGAATCT,575955,GGGCCTTGTTTATGTG
4140,TAGCAGGCATGGTTAT,575968,GGGCCTTGTCATTATG
4141,TAGCATATCATTGCAA,576117,GTGCAATAGGTTATAG
4142,TAGCATATCGGTTCCT,576285,GTGCAATAGGCTCAAG
4143,TAGCATATCTAACCAA,576310,GTGCAATAGGCTTAGG
4144,TAGCATATCTCCATAT,576341,GTGCAATAGCAATTGA
4145,TAGCCGGGTAACCTAG,576398,TACCGCCCAACCTGCC
4146,TAGCCGGGTATACTGG,576459,TACCGCCCACAGCAAC
4147,TAGCCGGGTCCGTGAG,576518,TACCGCCCATGGTTAG
4148,TAGCCGGGTTAGCGTA,576666,TACCGCCCACCTTGCA
4149,TAGCCTCTCCATAATG,576907,CAGGTATAGGGTTGGC
4150,TAGCCTCTCCCGAAGC,576914,CAGGTATAGGTGGATT
4151,TAGCCTCTCCTAAATG,576953,CAGGTATAGATAACCA
4152,TAGCCTGAGTCAATCA,577465,CAGCTACTCCACGTTA
4153,TAGCCTTGTGCTGTAA,577741,TCCTCCTCATAACCAG
4154,TAGCGCGGTCGTAAAT,578068,ACGGATCCATTTCATG
4155,TAGCGCGGTGCTGTAA,578123,ACGGATCCATAACCAG
4156,TAGCGGACAATGAATG,578395,CATAACCGTCATCACG
4157,TAGCGGACAGGCTTCG,578557,CATAACCGTAACCGGG
4158,TAGCGGCTCACAGCCA,578719,CGAAGTTAGTAACACA
4159,TAGCGGCTCATGTGGT,578788,CGAAGTTAGTGGCGGT
4160,TAGCGGCTCCTGAGTG,578892,CGAAGTTAGGGTTATA
4161,TAGCGGCTCGCCTGTT,578938,CGAAGTTAGCCTTCAA
4162,TAGCTAATCCCTCAAC,579221,ACGCATGAGATTGACA
4163,TAGCTAATCTTTGAGA,579455,ACGCATGAGACATAGC
4164,TAGCTAGGTCAATACG,579547,TCACTGTCACGCGCAA
4165,TAGCTAGGTGACCTGG,579623,TCACTGTCATAGCTTC
4166,TAGCTAGGTGGATGTC,579666,TCACTGTCAGCTAGAC
4167,TAGCTAGGTTAAATGC,579702,TCACTGTCATTGTCTA
4168,TAGCTTAAGCGCAATT,579949,CATCCTTTCAATAGGC
4169,TAGCTTAAGGAGGTTA,580024,CATCCTTTCTAAATCC
4170,TAGCTTAAGGTGTCCA,580111,CATCCTTTCCTCACGG
4171,TAGCTTAAGTAACGGA,580126,CATCCTTTCACAAGCG
4172,TAGCTTAAGTAGCGCC,580137,CATCCTTTCTGTCAGC
4173,TAGCTTAAGTTTGTCT,580222,CATCCTTTCCTCATGA
4174,TAGGAACCACAGAAAC,580728,ATTGTCAGTGGGTAAC
4175,TAGGAACCATCACAGC,580918,ATTGTCAGTTCCTGGA
4176,TAGGAGGGTCTTACTA,581146,TTCATTGCAAGCTATG
4177,TAGGAGGGTGATTTGG,581172,TTCATTGCACTAAGGC
4178,TAGGAGTCAGCATGTC,581585,AGTGCAAGTTACTTAG
4179,TAGGAGTCATTAGGCC,581733,AGTGCAAGTGTCCGGT
4180,TAGGCTAGTAGCCATA,581807,ACCTAAGCAGGTAACC
4181,TAGGCTAGTATTGTCC,581836,ACCTAAGCATTAGTGG
4182,TAGGCTAGTTGACTTC,582072,ACCTAAGCATCACAGA
4183,TAGGCTGTCCAAATCA,582257,CAACCTCAGCTTGCCG
4184,TAGGCTGTCCACCTGT,582265,CAACCTCAGGTAAGTC
4185,TAGGCTGTCCGTTAAA,582317,CAACCTCAGTAACCGG
4186,TAGGCTGTCGAGGAAC,582369,CAACCTCAGCGATGCA
4187,TAGGCTGTCTGTTGCC,582494,CAACCTCAGAGGAACA
4188,TAGGCTTAGCGCATTG,582634,AATCACTTCAAACCGG
4189,TAGGCTTAGGAATAAC,582690,AATCACTTCTAGTTGT
4190,TAGGCTTAGGCTTAAC,582754,AATCACTTCAATAACG
4191,TAGGCTTAGTTCCCGT,582888,AATCACTTCCTAATGT
4192,TAGGGTTTCAGTATTG,582974,ATCATGAAGCGATATA
4193,TAGGGTTTCCTAGTCC,583097,ATCATGAAGCGAAGCC
4194,TAGGGTTTCTCACTCA,583239,ATCATGAAGCCTTTCT
4195,TAGGTGCGTCGCAATA,583433,CTAAGTGCACATTACC
4196,TAGGTGCGTGGAGCAA,583499,CTAAGTGCAGCCTAAA
4197,TAGGTGCGTTACTAGG,583557,CTAAGTGCATGACAAT
4198,TAGGTGCGTTCCTGTG,583597,CTAAGTGCAAACATGT
4199,TAGGTGCGTTGCACAA,583610,CTAAGTGCAGGTGGAA
4200,TAGGTTATCCGCTAGA,583841,CATAGGTAGCTCATTG
4201,TAGGTTGGTGGAAACG,584261,CGTGTTTCAGGAGGGT
4202,TAGGTTGGTTGTGATG,584400,CGTGTTTCAAGTCCTT
4203,TAGTAACGTCGCAAAC,584580,GCCACCTCAGGATAAA
4204,TAGTAACGTGTCCAGG,584665,GCCACCTCAAAGGTAA
4205,TAGTACGGTCTTGCAT,585361,CCATTGTCAGAATCTG
4206,TAGTACGGTGGAAGGC,585410,CCATTGTCAGCCAGTG
4207,TAGTACGGTTGCATCT,585527,CCATTGTCATTTGTGC
4208,TAGTAGGAGGACAACA,585755,TGCTCAATCTATGCAT
4209,TAGTAGGAGGACCTCA,585760,TGCTCAATCAGGAATC
4210,TAGTCAATCGTACCGA,586254,TTATCACAGCTTAGAA
4211,TAGTCAATCTCACACC,586300,TTATCACAGCGGTTCT
4212,TAGTGAGAGCTTGCTC,586510,GTGGCTTTCCTAATCG
4213,TAGTGAGAGTCACCTC,586666,GTGGCTTTCTGGGAAT
4214,TAGTGGCGTCTCAGCC,586893,ACACCGGCAACAAAGA
4215,TAGTGGCGTGTTAAAC,586973,ACACCGGCACCGGTAG
4216,TAGTGGCGTTACGCAA,587003,ACACCGGCAAGGTATT
4217,TAGTGTGGTAAAGCGG,587123,GGGAAGCCACGGTCAG
4218,TAGTGTGGTATGGTGC,587191,GGGAAGCCAGTATTGG
4219,TAGTGTGGTATTACCC,587193,GGGAAGCCACCTTAGT
4220,TAGTGTGGTCACACCC,587215,GGGAAGCCAAGCCATA
4221,TAGTGTGGTTCATTTG,587419,GGGAAGCCAAGGCTTA
4222,TAGTGTGGTTGTTGTC,587468,GGGAAGCCAAATGCGC
4223,TAGTTTGAGCCTGGTA,587986,AAAGTCATCGAAGTTA
4224,TAGTTTGAGCTTAACA,588035,AAAGTCATCCGTTAGC
4225,TAGTTTGAGGTCGAGG,588151,AAAGTCATCAGCCTGT
4226,TAGTTTGAGTACTGGT,588182,AAAGTCATCACAGATA
4227,TATAACCCACTAAGCC,588442,TAATTCGGTTAGGCGG
4228,TATAACCCAGCACGTT,588479,TAATTCGGTCAGTAAG
4229,TATAACCCAGTTAGCC,588547,TAATTCGGTCCCTCTG
4230,TATAGCCAGGCGTAAA,588875,TGCAGGATCCGGGTTT
4231,TATAGCCAGGTCCGTA,588916,TGCAGGATCTAATCAC
4232,TATAGCCAGGTGAAGC,588923,TGCAGGATCATAGCCC
4233,TATAGCTCACCGTTCC,589185,CATTGCGGTTAGTGCT
4234,TATAGCTCAGCACGTT,589247,CATTGCGGTCAGTAAG
4235,TATAGCTCATCACAGC,589350,CATTGCGGTTCCTGGA
4236,TATAGGTGTAACGGGA,589432,GATTGCACACTGGCAG
4237,TATATCCTCACCTGTC,589843,AAGTAGGAGTGTGGTG
4238,TATATCCTCAGGTTTA,589871,AAGTAGGAGTGCACCT
4239,TATATCCTCCATCAGG,589940,AAGTAGGAGGCTAAAC
4240,TATATCCTCGCCTAAG,590053,AAGTAGGAGTAAAGGG
4241,TATCACAAGACAAACG,590200,GTCATCATCCCGCAAT
4242,TATCACAAGATGGACA,590233,GTCATCATCTCAAGAA
4243,TATCACAAGCTATATG,590318,GTCATCATCGTTAAAG
4244,TATCACAAGCTCATAA,590324,GTCATCATCCCTGTGG
4245,TATCACAAGTATTGGC,590495,GTCATCATCACTTGCA
4246,TATCACGCAATTATGC,590672,GAGGAAGGTTGTCATA
4247,TATCACGCACCACAAC,590710,GAGGAAGGTGTTCCTC
4248,TATCACGCACCCACAG,590714,GAGGAAGGTCGCAACC
4249,TATCACGCAGTTAAAG,590848,GAGGAAGGTAAATAGC
4250,TATCCAGCAATGCCTA,591050,GACTTCGGTAACCGTT
4251,TATCCAGCACAAAGAC,591064,GACTTCGGTGACGTAA
4252,TATCCAGCAGCAACAG,591157,GACTTCGGTAATCCAC
4253,TATCCAGCAGCCAGTT,591172,GACTTCGGTACGGTTT
4254,TATCCAGCATACCCGG,591254,GACTTCGGTCACCATG
4255,TATCCGGAGCTGTAAC,591486,CACTATGTCTCGACTA
4256,TATCCGGAGGAAGTAT,591507,CACTATGTCTTGCTCT
4257,TATCCGGAGGCGCACT,591555,CACTATGTCAATGTGA
4258,TATCGAGGTGTGCAAC,591955,AACGATTCACGTAGCG
4259,TATCGAGGTGTTGTAG,591964,AACGATTCACTATACC
4260,TATCGAGGTTAGTACG,592008,AACGATTCAACAGGCT
4261,TATCGCGAGCAAGGGT,592545,CAGCTTATCAGAAAGG
4262,TATCGCGAGCGCTCAA,592606,CAGCTTATCGCTTGTA
4263,TATCGCGAGGACACTT,592661,CAGCTTATCAGCCATC
4264,TATCGCGAGGAGTCGG,592678,CAGCTTATCAATCGGG
4265,TATCGCGAGGTGAAGC,592759,CAGCTTATCATAGCCC
4266,TATCGCGAGTGAGAGC,592827,CAGCTTATCCGGGTAA
4267,TATGAAGCAATAGCCC,592953,TCTTACTGTTGAAGCA
4268,TATGAAGCAGGTTACC,593134,TCTTACTGTATGTTTG
4269,TATGACATCCTTGTTG,593480,GTTACAAAGGTAAGCT
4270,TATGACATCTACCTGC,593575,GTTACAAAGCATCTAT
4271,TATGACATCTTAGTCT,593622,GTTACAAAGATTGAGC
4272,TATGACTCACCTACGG,593792,GTCAAAGGTGGCTTAT
4273,TATGCATCAAACCTTG,594031,ATTTACGGTCCTCCAT
4274,TATGCATCAAAGGCCA,594043,ATTTACGGTGAGTCAA
4275,TATGCATCATAATGTC,594322,ATTTACGGTGCAAGTA
4276,TATGCATCATTAAGCT,594383,ATTTACGGTGCTCCTT
4277,TATGGATGTTCATCTA,594708,ATGGATTCAGGTAAGG
4278,TATGGCCCATCCTAGA,595115,AAAGGAAGTTTGTCTT
4279,TATGGCCCATGTTGTG,595145,AAAGGAAGTCGTAATC
4280,TATGGCCCATTAAGCT,595149,AAAGGAAGTGCTCCTT
4281,TATGGGCGTAACGAGG,595185,ACGTCAACAGGTCCCT
4282,TATGGGCGTGGCTTCC,595390,ACGTCAACAGCATTAG
4283,TATGGGCGTTAGCAGC,595449,ACGTCAACACATGCCC
4284,TATGGGCGTTTAGCTC,595532,ACGTCAACAGCAAGCT
4285,TATGGTCAGCTCCCTG,595695,CACTCAATCACGAATA
4286,TATGGTCAGGCAATAG,595757,CACTCAATCCATCACA
4287,TATGTGATCCCTGTTA,596101,ATGCGATAGCCAGTAG
4288,TATTACCTCGACCTGA,596554,ACGGACCAGTTTGACT
4289,TATTACCTCTGCAAAC,596669,ACGGACCAGTTACAAG
4290,TATTAGCCAGTAATAG,596976,ATGTTTGGTGATTCTA
4291,TATTAGGTCCTTAGTT,597309,TGCTGGAAGACTCCGT
4292,TATTCGTTCACTAGGT,597525,TGGTTAAAGGCCAACA
4293,TATTCGTTCATAGACC,597554,TGGTTAAAGTCCTTGA
4294,TATTCGTTCGCACAAT,597722,TGGTTAAAGGCTAGCA
4295,TATTCGTTCGCAGGCT,597724,TGGTTAAAGGTCATTT
4296,TATTCGTTCGGTTTCC,597758,TGGTTAAAGTTTCTCC
4297,TATTGACCACAGGGAC,597991,TACCTTTGTAAACCGA
4298,TATTGACCATTGCGGT,598235,TACCTTTGTCATTGAC
4299,TATTTGCTCAGGGCCT,598311,GGGATCCAGCCGATAG
4300,TATTTGCTCCTCACAC,598439,GGGATCCAGCACCTTA
4301,TATTTGGAGCTTCCCG,598784,GGAGGCTTCATTCAGT
4302,TATTTGGAGGCAGGTG,598831,GGAGGCTTCGGGATGC
4303,TATTTGGAGTAGCCAT,598928,GGAGGCTTCCCTCATT
4304,TATTTGGAGTAGCGCC,598929,GGAGGCTTCTGTCAGC
4305,TATTTGGAGTTCCTGC,598998,GGAGGCTTCCGTCAAC
4306,TCAAACCAGCATGTTA,599092,TCCCAAATCAAACTTC
4307,TCAAACCAGGACCTGC,599189,TCCCAAATCGGTTAGG
4308,TCAAACCAGGCTAGAA,599240,TCCCAAATCACAGCCT
4309,TCAAACCAGGGCCATC,599255,TCCCAAATCACCCTCC
4310,TCAAACCAGTAGCTTA,599315,TCCCAAATCCCATAGC
4311,TCAAACCAGTCAATCA,599323,TCCCAAATCCACGTTA
4312,TCAACAATCATCCTGC,599481,GGCTATGAGTTATGAG
4313,TCAACAATCATGCCTC,599488,GGCTATGAGTTGTCAT
4314,TCAACAATCTAAGTCA,599707,GGCTATGAGCACTAAA
4315,TCAAGACTCCCAGTAG,600304,GGTCACAAGGCACAAT
4316,TCAAGACTCCCTCTAA,600320,GGTCACAAGTCCCTGG
4317,TCAAGACTCCTCATGC,600364,GGTCACAAGGTGAATC
4318,TCAAGACTCTAGCTAA,600487,GGTCACAAGGAGGGTG
4319,TCAAGCTAGGATGATG,600743,TATATGCTCCGTCCCT
4320,TCAAGGAAGCCAAATC,601016,TGCGGAATCGGTACGA
4321,TCAAGGTTCGCCTGTT,601568,TACCCGTAGCCTTCAA
4322,TCAAGGTTCGGGATTT,601588,TACCCGTAGCTTAGTT
4323,TCAAGGTTCTGTGCAG,601671,TACCCGTAGCGGTTAG
4324,TCAAGTATCGCAACAT,601944,ACCTTTGAGATTCGTT
4325,TCAATCGCAAGCGAGC,602134,TTAGCCGGTGAGTCCC
4326,TCAATCGCAAGCTTAT,602138,TTAGCCGGTCCTAACG
4327,TCAATCGCAGCACCAT,602293,TTAGCCGGTTGACTAC
4328,TCAATCGCAGCATGGA,602298,TTAGCCGGTAGCCTTG
4329,TCACCTCAGTTTGTCT,603622,ACTGGCTTCCTCATGA
4330,TCACCTGGTCGACTAA,603762,GATTCAGCAGTTTCTA
4331,TCACCTGGTTGTGACA,603965,GATTCAGCATGGTGCG
4332,TCACCTGGTTGTTGTC,603970,GATTCAGCAAATGCGC
4333,TCACGGATCAGGGCCT,604069,TAGGATCAGCCGATAG
4334,TCACGGATCCGTTAAA,604183,TAGGATCAGTAACCGG
4335,TCACGGATCCTCACAC,604197,TAGGATCAGCACCTTA
4336,TCACTGACACTGGCTG,604570,ACTAACCGTAGGATCA
4337,TCACTGACATAATGTC,604684,ACTAACCGTGCAAGTA
4338,TCACTGACATTAGGCC,604749,ACTAACCGTGTCCGGT
4339,TCAGCAAGTAGGATTT,604831,ACATAACCATATTGCC
4340,TCAGCAAGTCACAGAC,604868,ACATAACCAGCCAATA
4341,TCAGCAAGTGGTTCTT,604994,ACATAACCAGAAACCC
4342,TCAGCCTTCGCTAGCA,605410,GGAGGATAGCCAGGAC
4343,TCAGCGATCAATACGC,605555,GCGGGTTAGACTTACT
4344,TCAGCGATCGCTAGTG,605795,GCGGGTTAGGTCGAGC
4345,TCAGCGATCTCAATTC,605866,GCGGGTTAGCTTAGGG
4346,TCAGGAGCAATCATGT,606006,TTTAGGCGTAGAGGGA
4347,TCAGGAGCAGAAATGC,606112,TTTAGGCGTTATGGGA
4348,TCAGGAGCATTGTCAG,606298,TTTAGGCGTTTAATCG
4349,TCAGGTCCAATAGCAA,606384,GGAAATTGTCCTCACT
4350,TCAGGTCCAGGCCAAA,606550,GGAAATTGTTGAGGTA
4351,TCAGGTTAGCTACTGG,606818,CCAAGCTTCGTGATGG
4352,TCAGGTTAGGCTAGAA,606916,CCAAGCTTCACAGCCT
4353,TCAGGTTAGTCCTTCA,607014,CCAAGCTTCTCAGCTA
4354,TCAGGTTAGTTGGCCA,607062,CCAAGCTTCCTTATGG
4355,TCAGTAATCAAGCTAC,607086,CGAGAGGAGCAAGACT
4356,TCAGTAGGTCACAGCG,607555,CGAGCTGCACGCAATA
4357,TCAGTAGGTCCTTAGT,607593,CGAGCTGCACTTAGCT
4358,TCAGTGAGTGCAATGC,608025,CGAATATCAGGACTAC
4359,TCATAACCAATCCTAG,608308,GATGGACGTGTGCGGA
4360,TCATAACCAGGCAAGC,608463,GATGGACGTAAACCCT
4361,TCATAACCATTATGCG,608587,GATGGACGTGTTAACC
4362,TCATACTTCAAGACTC,608615,TTGTTGTAGGCGCATA
4363,TCATACTTCATTTGCT,608722,TTGTTGTAGCTTTAGT
4364,TCATACTTCCTTAAGA,608818,TTGTTGTAGCCAAACG
4365,TCATACTTCGGTTTGG,608887,TTGTTGTAGTCATTAC
4366,TCATACTTCGTTATAG,608903,TTGTTGTAGGATAACC
4367,TCATACTTCTACCTGC,608923,TTGTTGTAGCATCTAT
4368,TCATACTTCTGCAAAC,608949,TTGTTGTAGTTACAAG
4369,TCATCCATCCAGGAAA,609120,GCCTGTTAGGTACCGA
4370,TCATCCATCCTCATGC,609188,GCCTGTTAGGTGAATC
4371,TCATCCATCTTTGAGA,609373,GCCTGTTAGACATAGC
4372,TCATGAGGTTCATTTG,609673,CGGGTCACAAGGCTTA
4373,TCATGCCTCACTTCAT,609806,TTCCTGAAGTGTCCAC
4374,TCATGCCTCCATTACT,609893,TTCCTGAAGCTTGGTC
4375,TCATGCCTCGGCTATG,610023,TTCCTGAAGTGGCTTC
4376,TCATGCCTCTCCTCTT,610094,TTCCTGAAGCTGCATC
4377,TCATGTTTCATCCTAT,610221,ACTCCTAAGTATCGCC
4378,TCATGTTTCATGCTAA,610232,ACTCCTAAGCTCGACT
4379,TCATGTTTCGGTAACT,610412,ACTCCTAAGTTACGTT
4380,TCATGTTTCTAACTGA,610446,ACTCCTAAGCGTATTT
4381,TCATTACTCTCTAGCC,610866,GGCCAGTAGATTCCTG
4382,TCATTGCGTGCTTAGA,611111,ATAAGGACAAGGTGCT
4383,TCATTGTTCAAGGACA,611304,TGTTACTAGTTTCACG
4384,TCATTGTTCAATTACG,611316,TGTTACTAGGACAACT
4385,TCATTGTTCAGCAAAG,611343,TGTTACTAGTAATGCA
4386,TCATTTGGTCCTAATC,611805,CCGCAAGCACGGTAAC
4387,TCCACAACAGGAACTG,612288,AGAGGAGGTCCGTTAG
4388,TCCAGCAAGCGAAGTA,612544,AAGGGCCTCAAATCGA
4389,TCCAGCAAGCTTCCCG,612594,AAGGGCCTCATTCAGT
4390,TCCAGCAAGGATCCGC,612632,AAGGGCCTCAGGTCGA
4391,TCCAGCAAGTCAGGCC,612756,AAGGGCCTCAAGGTCG
4392,TCCAGGATCAGTTCCC,612894,TTGCTCAAGAGCAAGA
4393,TCCAGGATCCCAGTAG,612962,TTGCTCAAGGCACAAT
4394,TCCAGGATCCGGTATG,612997,TTGCTCAAGTTAACGA
4395,TCCAGGATCCTCCCTC,613024,TTGCTCAAGTGATTCT
4396,TCCAGGTCACCTAAGC,613356,GGTCGAGGTATCGCTG
4397,TCCAGGTCACCTGGTG,613366,GGTCGAGGTTAATCCA
4398,TCCATAAAGAATCTCA,613602,CAATGAATCTTAGGTT
4399,TCCATAAAGCGCCTTT,613706,CAATGAATCTATTGAC
4400,TCCATAAAGCGGATTT,613710,CAATGAATCCAAACTT
4401,TCCATAAAGGTCCAAT,613852,CAATGAATCCACAATT
4402,TCCATATTCACAGCGC,614008,GGAAGTAAGGGCTACA
4403,TCCATATTCCTAATTC,614164,GGAAGTAAGCTTGAAA
4404,TCCATATTCCTCAGCT,614171,GGAAGTAAGTAAAGCC
4405,TCCATATTCTGTAAGC,614326,GGAAGTAAGTTAACCT
4406,TCCATCATCAGCATTA,614417,CATATAGAGCGAAGTT
4407,TCCATCATCATGCTCC,614453,CATATAGAGCTCCCTC
4408,TCCATCATCCGCACAA,614524,CATATAGAGTAAACTG
4409,TCCATCATCTTGCAGG,614732,CATATAGAGCTTCCTT
4410,TCCATGCTCGTTAGCG,615039,TACCTTGAGATGAAGG
4411,TCCATTGTCATCAGTA,615207,ATAGCTAAGCTTAGCC
4412,TCCCGGACACAATGTT,615629,AAGTAACGTTAAAGAC
4413,TCCCGGACACAGCCTG,615638,AAGTAACGTATTGAGG
4414,TCCCGGACACTATGGC,615688,AAGTAACGTACTAGGA
4415,TCCCGGACAGAAATTG,615703,AAGTAACGTTTAGCGT
4416,TCCCGGACAGTAGCCT,615780,AAGTAACGTTGCTCAG
4417,TCCCGGACATTGCGAC,615884,AAGTAACGTAGCAGGT
4418,TCCCGTTAGCCGCAGT,615985,GCTTGACTCAATTAGG
4419,TCCCGTTAGGGTGGAT,616145,GCTTGACTCATTGCGC
4420,TCCCGTTAGTTTGGTA,616279,GCTTGACTCGCTTCGG
4421,TCCCTCACAAACCCTA,616283,CGATCATGTAACAGGC
4422,TCCCTCACAATACTGT,616357,CGATCATGTTGTAACC
4423,TCCCTCACAATGAGGT,616372,CGATCATGTCGCAATT
4424,TCCCTCACACTAGGTC,616455,CGATCATGTCCTTTAT
4425,TCCCTCACATACTCCT,616579,CGATCATGTCTTGGAT
4426,TCCCTCACATTAGCCA,616639,CGATCATGTCCATTAA
4427,TCCCTGGTCGTGCCTT,616952,AATAGCCAGGACACGC
4428,TCCCTGGTCTGGCTTC,617012,AATAGCCAGTCAGGAT
4429,TCCGCCATCAAACACC,617049,AAGCCATAGTCCTCAA
4430,TCCGCCATCAACCAAC,617056,AAGCCATAGTCTTGCA
4431,TCCGCCATCAAGACTC,617057,AAGCCATAGGCGCATA
4432,TCCGGAATCAGGTCCA,617498,GATCATAAGTCATCAT
4433,TCCGGTAAGAGGCTAA,617854,ACGCCCATCTGTTGCA
4434,TCCGGTAAGGAAGTAT,617983,ACGCCCATCTTGCTCT
4435,TCCGGTTTCCCGTTAC,618346,GGTCCTTAGCTAAATG
4436,TCCTAGTGTAATAGCT,618604,GTAGGAGCATGAGCCG
4437,TCCTAGTGTATTGGTG,618663,GTAGGAGCATCATGCT
4438,TCCTAGTGTTGAAGCC,618898,GTAGGAGCACACAAGC
4439,TCCTCAATCATGCGTG,619057,TCAATAGAGCTAATCT
4440,TCCTCAATCATGGTGT,619063,TCAATAGAGCGGTCAA
4441,TCCTCAATCCAGGAAA,619096,TCAATAGAGGTACCGA
4442,TCCTCAATCCCTCATA,619118,TCAATAGAGACAGGTT
4443,TCCTCAATCCTAAGAC,619149,TCAATAGAGTCAATAG
4444,TCCTCACAGAGGGACT,619389,ACGTTATTCCCACCTC
4445,TCCTCACAGCATGACT,619424,ACGTTATTCGTGCTGT
4446,TCCTCACAGCTTAGCG,619501,ACGTTATTCGAGGCGT
4447,TCCTCACAGTCATTAG,619670,ACGTTATTCATTAAGG
4448,TCCTCTAAGCTTTGTT,619892,AAGCGATTCAAATCAG
4449,TCCTCTAAGTCATTGA,620055,AAGCGATTCATGATGA
4450,TCCTGGTTCACTTTAC,620169,CTCAGGAAGGAACCTG
4451,TCCTGGTTCATTGTCT,620231,CTCAGGAAGGGCTATG
4452,TCCTGGTTCTGCAAAC,620461,CTCAGGAAGTTACAAG
4453,TCCTGTTCAAAGCTCC,620518,GAGACTAGTCATGATC
4454,TCCTGTTCAGTACCGT,620769,GAGACTAGTATAGCTC
4455,TCCTTAGTCAGGTCCA,620952,TGGTTGGAGTCATCAT
4456,TCCTTAGTCCAATTAG,621010,TGGTTGGAGCTTAAAG
4457,TCCTTAGTCGAGCTAT,621116,TGGTTGGAGGTATGTA
4458,TCCTTCAAGCAAACCT,621319,CATGTTGTCGGTTCAC
4459,TCCTTCAAGCCTGGTA,621370,CATGTTGTCGAAGTTA
4460,TCCTTCAAGCGCAATT,621381,CATGTTGTCAATAGGC
4461,TCCTTCAAGGAGGGTT,621455,CATGTTGTCGCTATGC
4462,TCCTTCAAGTGAGCAA,621608,CATGTTGTCTAATCGT
4463,TCCTTCAAGTTAGGCT,621627,CATGTTGTCAAACTGA
4464,TCCTTGCAGCGGATTT,621772,CCAAGGATCCAAACTT
4465,TCCTTGCAGCTGTACG,621801,CCAAGGATCAATATCC
4466,TCCTTGCAGTCAGTAC,621971,CCAAGGATCTGCAACC
4467,TCCTTTACAAATGCCC,622059,AGTGTGAGTATTACTG
4468,TCCTTTACAATCATGT,622122,AGTGTGAGTAGAGGGA
4469,TCCTTTACACACAATT,622157,AGTGTGAGTCGGTTTG
4470,TCCTTTACACCTATAG,622190,AGTGTGAGTAACGAGC
4471,TCCTTTACACCTCAGG,622192,AGTGTGAGTGAGTTTC
4472,TCGACAAGTTAGAGGG,622694,TGGGTTACAAGGATGG
4473,TCGACAAGTTAGGACC,622700,TGGGTTACACGCTAGG
4474,TCGATTAAGGGACTAA,623040,CACGGTTTCCGCCTAG
4475,TCGATTAAGTAACTCA,623093,CACGGTTTCCCTGGTG
4476,TCGCATTGTATTGCAG,623265,TAACACGCAAGGAAGT
4477,TCGCATTGTGATTTGG,623370,TAACACGCACTAAGGC
4478,TCGCATTGTTGCTGGG,623516,TAACACGCACTCAGTT
4479,TCGCCCATCAGCTAAC,623629,TCATGCCAGTATAGCA
4480,TCGCCCATCCCTCTAA,623724,TCATGCCAGTCCCTGG
4481,TCGCCCATCTAACTGA,623876,TCATGCCAGCGTATTT
4482,TCGCGAGGTAGCTAGC,624009,ATCAGCACAATTGACG
4483,TCGCGAGGTGATCATG,624130,ATCAGCACATGCCTCA
4484,TCGCGAGGTTACTTGC,624223,ATCAGCACATCAGTAG
4485,TCGCGAGGTTGCACGG,624275,ATCAGCACAGGTCAAC
4486,TCGCGAGGTTTGACCT,624322,ATCAGCACAGTAGGAG
4487,TCGCGCACAAGGTAAC,624395,CATTAGCGTTAGCTAC
4488,TCGCGCACATCGTTCT,624663,CATTAGCGTTATTGTG
4489,TCGCGCACATGAATCT,624669,CATTAGCGTTTATGTG
4490,TCGGTAAGTCAAAGAA,625189,GCCTGAGCATGTTGGA
4491,TCGGTAAGTCAGGCCA,625209,GCCTGAGCACATGATG
4492,TCGGTTACAGCAACCT,625688,TCATTCTGTTCTGGCA
4493,TCGGTTACAGCTAATT,625709,TCATTCTGTATTTACG
4494,TCGGTTACATTCCTCG,625854,TCATTCTGTTGGTGAA
4495,TCGGTTCTCCCTCTAA,626024,TCCTCAAAGTCCCTGG
4496,TCGGTTCTCCGCCTAT,626037,TCCTCAAAGCTTGCAC
4497,TCGGTTCTCCTGCGAA,626077,TCCTCAAAGCGGGACT
4498,TCGGTTCTCTTAGGAC,626232,TCCTCAAAGCGCTACT
4499,TCGGTTTGTGTTAAAC,626489,ATTCGCTCACCGGTAG
4500,TCGGTTTGTGTTCCCA,626491,ATTCGCTCATTGTGAG
4501,TCGGTTTGTTGGTTCT,626591,ATTCGCTCACAAGGCT
4502,TCGGTTTGTTTAACGG,626605,ATTCGCTCATTTGTCA
4503,TCGTAATCAAATGCCC,626657,GAGAAGGGTATTACTG
4504,TCGTAATCAAGGTGCA,626700,GAGAAGGGTGCGTAAA
4505,TCGTAATCACTTAGGC,626821,GAGAAGGGTCATTTCT
4506,TCGTAATCAGCATGAG,626847,GAGAAGGGTTACTCCC
4507,TCGTAATCATTGTTGG,627018,GAGAAGGGTCACCAAT
4508,TCGTCAACAATATACC,627101,AGTGGCGGTAGGCGCA
4509,TCGTCAACATGTCAGC,627368,AGTGGCGGTTAGTTTG
4510,TCGTGCTTCCAATAGC,627527,GGTTGTGAGCATGTTT
4511,TCGTGCTTCGGTCAAT,627678,GGTTGTGAGTTTACGT
4512,TCGTTACGTTATCCGT,628460,AGAAAGCCAAAGTCAT
4513,TCGTTATTCCTGCGAA,629145,TGTTTGTAGCGGGACT
4514,TCGTTATTCGGGACCT,629206,TGTTTGTAGCTGGATG
4515,TCGTTTCCAAACTCAT,629331,CGGAAACGTCAGTGCC
4516,TCGTTTCCAATAGCCC,629401,CGGAAACGTTGAAGCA
4517,TCGTTTCCAATCCCTT,629407,CGGAAACGTAACGTGA
4518,TCGTTTCCACAATTAC,629440,CGGAAACGTGGGTGTG
4519,TCGTTTCCAGGCGAGT,629569,CGGAAACGTAACCTAC
4520,TCTAACCGTGGACCTG,629914,AGGGATGCACAATAAC
4521,TCTAACCGTTGGCGTG,630039,AGGGATGCACTAGTCT
4522,TCTAACCGTTTGAGCA,630075,AGGGATGCATAGACGC
4523,TCTAAGGGTCCCGGAA,630596,TTGCATCCAAATGAAG
4524,TCTAATCTCAGGGCCT,630919,CTCATTGAGCCGATAG
4525,TCTAATCTCATTAGTG,630961,CTCATTGAGAAATGCC
4526,TCTAATCTCGAGGAGT,631086,CTCATTGAGTTCGCGT
4527,TCTAATCTCGTCAAGT,631139,CTCATTGAGCTTCTCT
4528,TCTAATCTCGTCCTTA,631141,CTCATTGAGCGGGAAG
4529,TCTAATCTCTCACACC,631184,CTCATTGAGCGGTTCT
4530,TCTACCTCAACAGGAT,631266,GCGATAAGTAGTTACC
4531,TCTACCTCACGTAATT,631405,GCGATAAGTTCCTCAC
4532,TCTACCTCATGGCCTG,631583,GCGATAAGTTCCGGAC
4533,TCTACTAGTATTACCC,631695,ACGCGCACACCTTAGT
4534,TCTACTAGTCCTAACT,631751,ACGCGCACACCTTCAG
4535,TCTACTAGTCCTCCAA,631755,ACGCGCACAGAGAGGC
4536,TCTACTAGTTCCTGAT,631928,ACGCGCACATTACGTC
4537,TCTAGCACATCCTAGA,632327,CCTCAAGGTTTGTCTT
4538,TCTAGCCTCATAACGC,632460,ATAGACCAGGAGTCAT
4539,TCTAGCCTCATGTGGT,632488,ATAGACCAGTGGCGGT
4540,TCTAGCGAGAAAGGAA,632775,GTCCTAATCACTCGCG
4541,TCTAGCGAGACAACGA,632787,GTCCTAATCTTTAGCG
4542,TCTAGCGAGGCGTAAA,632993,GTCCTAATCCGGGTTT
4543,TCTATGTTCTGCAAGT,633501,TTAGCTTAGTTTGAGA
4544,TCTCAAGCACATAACT,633670,GGGTTGGGTTTCCGGA
4545,TCTCAAGCACGTGCTG,633708,GGGTTGGGTTACTTCT
4546,TCTCAAGCACTTCATC,633727,GGGTTGGGTATTTGGC
4547,TCTCAATTCACGCCAA,633966,CGCGATAAGACAAACC
4548,TCTCAATTCATAACGC,633996,CGCGATAAGGAGTCAT
4549,TCTCAATTCATAACTG,633997,CGCGATAAGCAGGTAT
4550,TCTCAATTCCTGCGAA,634131,CGCGATAAGCGGGACT
4551,TCTCAATTCGGTCAAT,634198,CGCGATAAGTTTACGT
4552,TCTCACCAGATGCCTG,634352,GAGTGATTCCAAATAG
4553,TCTCACCAGCATGCAT,634383,GAGTGATTCCCAATTG
4554,TCTCACCAGGACCAGG,634480,GAGTGATTCTGTGCTA
4555,TCTCACCAGGCAAGTA,634506,GAGTGATTCTTGAATC
4556,TCTCACCAGGTTAGAG,634585,GAGTGATTCAATCGTT
4557,TCTCCTCGTGTGCACG,634924,GATAAAGCAATACCCT
4558,TCTCCTCGTTACTTGC,634961,GATAAAGCATCAGTAG
4559,TCTCCTCGTTCGCTTG,635002,GATAAAGCACTTGCTG
4560,TCTCGCCCAAGCCAGA,635121,CTGATTAGTCGCATTG
4561,TCTCGCCCAATAATGG,635150,CTGATTAGTCAATTCA
4562,TCTCGCCCATAGCGGA,635378,CTGATTAGTAGCTTTA
4563,TCTGTGACATGCTCCC,636183,GGGATTAGTAGTAGCA
4564,TCTGTGACATTAGCCA,636201,GGGATTAGTCCATTAA
4565,TCTTAGCGTAATGACT,636252,ACCTTACCATCCTCAG
4566,TCTTAGCGTGTTGCTT,636465,ACCTTACCATACTTGC
4567,TCTTAGTTCACCTGTC,636647,CATCCGTAGTGTGGTG
4568,TCTTAGTTCCGTAAAC,636784,CATCCGTAGCGCTCCA
4569,TCTTAGTTCTTGCAAA,636979,CATCCGTAGTACTGGG
4570,TCTTCAAGTTGCACGG,637313,CTCGATTCAGGTCAAC
4571,TCTTGACGTAGCCTCC,637427,TAAGCCACATGAGCTA
4572,TCTTGACGTCCTTAGT,637509,TAAGCCACACTTAGCT
4573,TCTTGACGTGATGAAA,637551,TAAGCCACATTAGCCT
4574,TCTTGTCCAACTGGGA,637799,CCTTTATGTGCTCATG
4575,TCTTGTCCAGAGGCTA,637952,CCTTTATGTAAGTGCA
4576,TCTTGTCCAGCTTAGC,637985,CCTTTATGTCTATCTT
4577,TCTTTGTAGACAAGTG,638156,GAAAGGATCCTCACTT
4578,TCTTTGTAGCCGCAAC,638228,GAAAGGATCTTTGGGC
4579,TCTTTGTAGCCTCTGT,638236,GAAAGGATCGCGTTAC
4580,TCTTTGTAGGTCCTGA,638404,GAAAGGATCTATATGC
4581,TCTTTGTAGGTGAGAC,638410,GAAAGGATCCAGGACA
4582,TGAACAACAGACAAAC,639100,CTGAATCGTAGTTGGA
4583,TGAACAACAGGCATCT,639148,CTGAATCGTAGGTTTC
4584,TGAACAACATGCTATG,639246,CTGAATCGTCACCAGC
4585,TGAACAACATTGTCAG,639282,CTGAATCGTTTAATCG
4586,TGAACAGAGGGCCATC,639531,GCTGACTTCACCCTCC
4587,TGAACAGAGGTGAAAT,639558,GCTGACTTCTCAATCG
4588,TGAACAGAGTTGTCCC,639665,GCTGACTTCGTACAAA
4589,TGAAGCAAGAACCTAC,639679,GTCTTAGTCATTAACC
4590,TGAAGCAAGGCTAATC,639897,GTCTTAGTCCGTCCAG
4591,TGAAGCAAGGGTTATC,639925,GTCTTAGTCGTCCTAA
4592,TGAAGGATCAAGCTTA,640071,GCCCTCAAGCAGCCAA
4593,TGAAGGATCCATTACT,640195,GCCCTCAAGCTTGGTC
4594,TGAAGGATCGGCCAGT,640322,GCCCTCAAGAGATTCA
4595,TGAAGTGAGGCGCACT,640657,TCCTCCATCAATGTGA
4596,TGAAGTGAGGCTATGT,640669,TCCTCCATCAAGGAAG
4597,TGAAGTGAGTAGCCAT,640740,TCCTCCATCCCTCATT
4598,TGACCAAGTCCTTCTC,640963,AAACTCGCAATTAGCG
4599,TGACCAAGTGGACATC,641033,AAACTCGCAATGAAGA
4600,TGACCAAGTGGAGCAA,641035,AAACTCGCAGCCTAAA
4601,TGACCAAGTTGCACGG,641147,AAACTCGCAGGTCAAC
4602,TGACCAAGTTTGTGGA,641207,AAACTCGCAACCCTTG
4603,TGACCTTGTAAGGTTT,641225,CCGTAAACAAGGTGGA
4604,TGACCTTGTCATCAAG,641318,CCGTAAACAGCTCAAA
4605,TGACCTTGTCCAAGAC,641329,CCGTAAACACTAGTAG
4606,TGACCTTGTGATGGCT,641388,CCGTAAACATTCATTG
4607,TGACCTTGTGGAAGGC,641414,CCGTAAACAGCCAGTG
4608,TGACCTTGTTGAAGCC,641522,CCGTAAACACACAAGC
4609,TGACCTTGTTGTCATC,641549,CCGTAAACAGCACTAA
4610,TGACTCCTCTGGCTTC,641938,GTGGCTAAGTCAGGAT
4611,TGACTCCTCTTTAAGG,641970,GTGGCTAAGTTTGTCG
4612,TGACTTAAGTTGTCAA,642348,GAACGATTCACCTGGT
4613,TGACTTCGTATTCGCT,642432,TGGGCCACAGGATGGA
4614,TGACTTCGTGTCCAAA,642584,TGGGCCACATTGTTTG
4615,TGACTTCGTTAGCCAA,642633,TGGGCCACAAAGTGAA
4616,TGAGAACCACATTAAC,642874,CTTAAGCGTTCACGCA
4617,TGAGAACCATGTCGCG,643089,CTTAAGCGTGAGTTAG
4618,TGAGCAAAGGCTACTG,643349,TATCGCATCCTTGAGC
4619,TGAGCAAAGTGAACAG,643456,TATCGCATCCGCAATC
4620,TGAGCACGTGGAAGGC,643714,TAAACCGCAGCCAGTG
4621,TGAGCCGGTGGCTTCC,644104,CTGTCCACAGCATTAG
4622,TGAGCCGGTTTACCGT,644242,CTGTCCACAGCAAGTC
4623,TGAGCTTAGACTCGCA,644296,TGCGCCATCTAGGATA
4624,TGAGCTTAGAGGATAT,644309,TGCGCCATCGAAGTAC
4625,TGAGCTTAGGTGAAGC,644541,TGCGCCATCATAGCCC
4626,TGAGCTTAGTAGCGGG,644572,TGCGCCATCTAACCGC
4627,TGAGGCACACAGGATG,645166,TAGCAAGGTTTGCTCC
4628,TGAGGGAGTTATAGCG,645709,CTATGTCCATTCAGGA
4629,TGAGGGAGTTTGGGCG,645799,CTATGTCCAAGGTGTC
4630,TGAGGGCCAACAACAA,645828,CCTGACAGTTCAATTG
4631,TGAGGGCCAAGATTCT,645849,CCTGACAGTTATGGAG
4632,TGAGGGCCAAGGTATA,645865,CCTGACAGTGAACAAT
4633,TGAGGGCCAATGCCCG,645897,CCTGACAGTTGAGTCT
4634,TGAGGGCCACAGGAAT,645931,CCTGACAGTTGTCAGT
4635,TGAGGGCCATGTTTGG,646158,CCTGACAGTTTATCCT
4636,TGAGGTGCACCTGTAA,646347,GTTTGCGGTTTATGGC
4637,TGAGGTGCACGTAAGG,646354,GTTTGCGGTCCGGTTA
4638,TGAGTGAAGCATGAAG,646645,GCATTTGTCAGTGAAC
4639,TGAGTGAAGGATCACT,646763,GCATTTGTCATTATGC
4640,TGAGTGAAGGCCTTAG,646784,GCATTTGTCCATCATG
4641,TGAGTGAAGGCGGATG,646791,GCATTTGTCTAACTAC
4642,TGAGTGAAGGCTACTG,646797,GCATTTGTCCTTGAGC
4643,TGAGTTTCAACGTGCT,646992,ATCCTAAGTTCTCACC
4644,TGAGTTTCACAGCCAT,647081,ATCCTAAGTACCTTGG
4645,TGAGTTTCACCTGCTC,647113,ATCCTAAGTACACCGC
4646,TGATCAATCCTGCGAA,647547,GTCTTTGAGCGGGACT
4647,TGATCAATCGTGCTAG,647629,GTCTTTGAGGATGACT
4648,TGATCAATCTAATCAG,647651,GTCTTTGAGTATTGGA
4649,TGATCAATCTGTGAGT,647692,GTCTTTGAGGTATTTC
4650,TGATCAATCTGTGCAG,647693,GTCTTTGAGCGGTTAG
4651,TGATCACAGCAGGTTT,647795,CATTACGTCGCCTAAC
4652,TGATCACAGGCTGGCT,647953,CATTACGTCTCACAGC
4653,TGATCAGGTATTCGCT,648182,GCTCACCCAGGATGGA
4654,TGATCAGGTGACATGC,648274,GCTCACCCAACAGGGA
4655,TGATCAGGTGATGATT,648287,GCTCACCCATCAGTTC
4656,TGATCCTGTCAATACG,648581,AGACAAACACGCGCAA
4657,TGATCGAGTCTCAGCC,649027,GTACCGGCAACAAAGA
4658,TGATCGAGTTCCTGAT,649178,GTACCGGCATTACGTC
4659,TGATCGAGTTGCGGAT,649198,GTACCGGCATCCCAAT
4660,TGATGAACAACATAAG,649284,GGTAATGGTAACGATG
4661,TGATGAACAAGATTCT,649299,GGTAATGGTTATGGAG
4662,TGATGAACAAGCGAGC,649302,GGTAATGGTGAGTCCC
4663,TGATGAACAGGACCAA,649490,GGTAATGGTATTCGGT
4664,TGATGAACAGGCATCT,649496,GGTAATGGTAGGTTTC
4665,TGATGACTCATTACGA,649741,CGTGATGAGGCACTAG
4666,TGATGACTCATTGCAA,649749,CGTGATGAGGTTATAG
4667,TGATGACTCCTGGCTT,649846,CGTGATGAGTCACTCA
4668,TGATGACTCGAAGCGG,649862,CGTGATGAGTGAGGAA
4669,TGATGACTCGCTCCAT,649899,CGTGATGAGATAGACC
4670,TGATGATGTAATCCCT,650044,CATGAGCCAGCCTGAG
4671,TGATGATGTCAAAGGG,650108,CATGAGCCATGCAACA
4672,TGATGATGTCGCGCAA,650167,CATGAGCCAGCCGGTA
4673,TGATGATGTGATGAAA,650199,CATGAGCCATTAGCCT
4674,TGATGATGTGTGAGAG,650251,CATGAGCCACCTCAAT
4675,TGATGATGTGTTGCAA,650260,CATGAGCCACCGTTAT
4676,TGATTAGTCTTAAGTG,650761,GCTGAATAGGTTATCT
4677,TGATTCAAGACAGGTA,650808,AGGTGGCTCATCAGCC
4678,TGATTCAAGAGGATAT,650825,AGGTGGCTCGAAGTAC
4679,TGATTCAAGGAACCAA,650949,AGGTGGCTCAAGGTTA
4680,TGATTGCAGCTAATTG,651299,GACAAACTCCTAGTGC
4681,TGATTGCAGGGTTAGA,651422,GACAAACTCCAGCTAC
4682,TGATTGCAGTAGCGCC,651471,GACAAACTCTGTCAGC
4683,TGATTGCAGTTCCTCA,651539,GACAAACTCCTTAGTG
4684,TGCAAGCGTGGAAACG,651761,CAGTAGCCAGGAGGGT
4685,TGCAATATCATTTGTC,652055,TAGCTAAAGAATCGAC
4686,TGCAATATCGACCTGA,652166,TAGCTAAAGTTTGACT
4687,TGCAATATCTAGCGAT,652257,TAGCTAAAGGCAGGTC
4688,TGCACACCACAACAGG,652434,CCAGCACGTATTGCGT
4689,TGCACACCAGAGGGAG,652519,CCAGCACGTGCAACAA
4690,TGCACCTTCAACAAGG,652713,CGAAGAAAGCAAGTGT
4691,TGCACCTTCACAAGCT,652734,CGAAGAAAGCTAACGG
4692,TGCACCTTCCAAACAC,652824,CGAAGAAAGATATTCC
4693,TGCACCTTCGATTTAG,652945,CGAAGAAAGACAACGT
4694,TGCACCTTCGCGCTAA,652958,CGAAGAAAGCGCTAGA
4695,TGCACCTTCTTAAGTG,653063,CGAAGAAAGGTTATCT
4696,TGCACCTTCTTTGAGA,653089,CGAAGAAAGACATAGC
4697,TGCACTTGTCACCTAT,653189,CTATGGACATCAGGAC
4698,TGCACTTGTGCATTAG,653278,CTATGGACAACCAACA
4699,TGCACTTGTTGCATCT,653413,CTATGGACATTTGTGC
4700,TGCAGGCTCAAGCTAC,653484,AAAGCCTAGCAAGACT
4701,TGCAGGCTCATTCATC,653581,AAAGCCTAGACAAGCT
4702,TGCAGGCTCATTTGTC,653589,AAAGCCTAGAATCGAC
4703,TGCAGGCTCCCTTGCG,653632,AAAGCCTAGCTTGTTG
4704,TGCAGGCTCCTCATCA,653669,AAAGCCTAGGATCCAG
4705,TGCAGGCTCGATTTAG,653711,AAAGCCTAGACAACGT
4706,TGCAGGCTCTTAGTCT,653836,AAAGCCTAGATTGAGC
4707,TGCATCCTCGCTCACT,654116,CGCTTTAAGAAACCTA
4708,TGCATGAGTGTGCAAC,654471,TAAGTCGCACGTAGCG
4709,TGCATGAGTTGGCGTG,654573,TAAGTCGCACTAGTCT
4710,TGCATTAAGCTCCTAC,654760,GACTGAGTCTTAGCCA
4711,TGCATTAAGGAATAAC,654790,GACTGAGTCTAGTTGT
4712,TGCATTAAGGATTGCT,654817,GACTGAGTCAGGTAAC
4713,TGCATTAAGTCAATCA,654931,GACTGAGTCCACGTTA
4714,TGCCATTGTAGGATCC,655064,TCACCCACAAGGCTGT
4715,TGCCATTGTTAGGTGC,655288,TCACCCACAGGTGACT
4716,TGCCGGTAGGACAACA,655557,ACCAACCTCTATGCAT
4717,TGCCTGTTCAAGCGCC,655783,CTCCTAAAGCCTGTCG
4718,TGCCTGTTCATTCATC,655881,CTCCTAAAGACAAGCT
4719,TGCCTGTTCGAGCAAA,656001,CTCCTAAAGATTAGCA
4720,TGCCTGTTCGCCTAAG,656021,CTCCTAAAGTAAAGGG
4721,TGCGATTAGAGGGACT,656195,AGTAAGCTCCCACCTC
4722,TGCGATTAGGCTACTG,656381,AGTAAGCTCCTTGAGC
4723,TGCGATTAGGTAAGCA,656409,AGTAAGCTCGTACCTA
4724,TGCGATTAGTCAATCA,656465,AGTAAGCTCCACGTTA
4725,TGCGATTAGTCAATTG,656466,AGTAAGCTCTTTGGTG
4726,TGCGATTAGTTAGTTG,656515,AGTAAGCTCTACCTGA
4727,TGCGCGAGTAAGGTCC,656938,AGGCCATCAATTTGGG
4728,TGCGCGAGTCGTTACT,657070,AGGCCATCAAAGGACG
4729,TGCGCGAGTTGTCCAT,657264,AGGCCATCATGGAGGA
4730,TGCGCGAGTTGTGACA,657265,AGGCCATCATGGTGCG
4731,TGCGGTTCAAGCTACC,657355,CGACATTGTGGCTTCA
4732,TGCGGTTCACAAAGGT,657414,CGACATTGTCACACCA
4733,TGCGGTTCACTAGGTC,657479,CGACATTGTCCTTTAT
4734,TGCTAACAGAACCTAC,657693,AATTGAGTCATTAACC
4735,TGCTAACAGGCAGGTG,657889,AATTGAGTCGGGATGC
4736,TGCTAACAGGCTATGT,657915,AATTGAGTCAAGGAAG
4737,TGCTAGCCAACCGCCA,658105,TCTGGATGTTGACCGC
4738,TGCTAGCCACAATGCC,658188,TCTGGATGTCCAATTA
4739,TGCTAGCCATAGCTTG,658378,TCTGGATGTGTGATGA
4740,TGCTAGCCATTGTGCA,658451,TCTGGATGTTAGCCAT
4741,TGCTATGCACTTAGGC,658641,GTTGCGCGTCATTTCT
4742,TGCTATGCAGCAACCT,658658,GTTGCGCGTTCTGGCA
4743,TGCTATGCAGCAAGTG,658661,GTTGCGCGTCTAATCA
4744,TGCTATGCATAATGAG,658751,GTTGCGCGTCCCAGAC
4745,TGCTATGCATAGTCAT,658764,GTTGCGCGTGTACCGC
4746,TGCTATGCATTAAAGG,658812,GTTGCGCGTCATTACA
4747,TGCTCAACACAAAGGT,658950,CTTTACTGTCACACCA
4748,TGCTCAACACGGTACT,659004,CTTTACTGTGCAACGG
4749,TGCTCAACACGTTACA,659009,CTTTACTGTTACAGCT
4750,TGCTCACTCGAGGTGG,659457,GACCGGTAGTAAGTCA
4751,TGCTCCGTCACAGGAA,659641,GTGGCGTAGCATTATC
4752,TGCTCCGTCATTACAG,659710,GTGGCGTAGGACCATG
4753,TGCTCCGTCCAAACAC,659726,GTGGCGTAGATATTCC
4754,TGCTCCGTCCCGTTGT,659755,GTGGCGTAGGTAGCTG
4755,TGCTCCGTCCTTAAGA,659820,GTGGCGTAGCCAAACG
4756,TGCTCCGTCGGGCCAT,659879,GTGGCGTAGCATATTC
4757,TGCTCCGTCTCCTCAA,659945,GTGGCGTAGCGCTAAG
4758,TGCTCCGTCTCGCCTG,659949,GTGGCGTAGCTTTAAC
4759,TGCTCTCAGTCATCCC,660310,GAACTAATCCTTAACG
4760,TGCTGGATCATCAGTA,660455,TGTCTTGAGCTTAGCC
4761,TGCTGGATCCAACTGG,660496,TGTCTTGAGAACAACC
4762,TGCTGGATCCGCTAGA,660545,TGTCTTGAGCTCATTG
4763,TGCTGGATCTCAATAG,660702,TGTCTTGAGGGCTAAT
4764,TGCTGGATCTTTGACT,660758,TGTCTTGAGCCCTTGG
4765,TGCTTAAAGGGCTTTG,661004,TCATCAGTCAATAGCA
4766,TGCTTCATCATTTGTC,661261,TGGGCGTAGAATCGAC
4767,TGCTTCATCCAGGTCA,661276,TGGGCGTAGAGCTGGC
4768,TGCTTCATCCTTGAGG,661363,TGGGCGTAGTATCCGC
4769,TGCTTCATCGCCTAAG,661393,TGGGCGTAGTAAAGGG
4770,TGCTTCATCGCTAAGT,661398,TGGGCGTAGCTGGCAA
4771,TGCTTGCTCAATCTAG,661932,CCTGTTAAGTAAGCTA
4772,TGCTTGTGTATTGGTG,662375,CCAAAGCCATCATGCT
4773,TGCTTGTGTTACTTGC,662565,CCAAAGCCATCAGTAG
4774,TGCTTTAGTAGCTAGC,662733,ATGGCTACAATTGACG
4775,TGCTTTAGTTAGTACG,662962,ATGGCTACAACAGGCT
4776,TGCTTTAGTTGTTGCT,663024,ATGGCTACATGACATG
4777,TGCTTTAGTTTACTTG,663032,ATGGCTACATCAATCC
4778,TGGAACAAGAAGGTGC,663068,AGCCTGTTCACCAACC
4779,TGGAACAAGCATGAAG,663133,AGCCTGTTCAGTGAAC
4780,TGGAACAAGTTCCCGT,663426,AGCCTGTTCCTAATGT
4781,TGGACAAAGGCGGGTA,663664,GCATATTTCAATACAG
4782,TGGACGGAGGCTACTG,664435,CTTTGAGTCCTTGAGC
4783,TGGACTAGTAAGTCGC,664612,AAGTGAACAGTACCGG
4784,TGGACTAGTAGGTTGC,664656,AAGTGAACAATAAACC
4785,TGGACTAGTCAAGTGC,664684,AAGTGAACATCCGCTA
4786,TGGACTAGTCGTTATC,664743,AAGTGAACAGTGAGAG
4787,TGGACTAGTGACCTGG,664761,AAGTGAACATAGCTTC
4788,TGGACTAGTGCAATGC,664779,AAGTGAACAGGACTAC
4789,TGGACTAGTTCCGGGA,664898,AAGTGAACAATCCTAC
4790,TGGACTAGTTTATGGG,664954,AAGTGAACACTGTCAT
4791,TGGATTCAGCACAGAA,665034,GTAAGTATCTTAAGGA
4792,TGGATTCAGCCTGACA,665073,GTAAGTATCGACCTTA
4793,TGGATTCAGGAGGTTA,665162,GTAAGTATCTAAATCC
4794,TGGATTCAGGCTAAGA,665198,GTAAGTATCATTAGTC
4795,TGGATTCAGGTGAGAC,665246,GTAAGTATCCAGGACA
4796,TGGATTCAGTTAGTTG,665335,GTAAGTATCTACCTGA
4797,TGGATTGGTCATCCTG,665472,CAACATGCAATAAAGG
4798,TGGATTGGTCGTAATG,665507,CAACATGCAATGGACC
4799,TGGATTGGTTAACACG,665607,CAACATGCACATTGTC
4800,TGGCCAATCCCGCCTA,665887,CCTAACCAGCCTAGTC
4801,TGGCCAATCCGGTTAG,665916,CCTAACCAGGGTCCAA
4802,TGGCCAATCTAAGTGC,666052,CCTAACCAGCAATAGC
4803,TGGCCAATCTTAGCGG,666103,CCTAACCAGGGTCTAG
4804,TGGCCATCAATCATGT,666210,CTATTGAGTAGAGGGA
4805,TGGCCATCACCGTTCC,666273,CTATTGAGTTAGTGCT
4806,TGGCCATCATTAAGTC,666484,CTATTGAGTGAGACTA
4807,TGGCCTGCACAATGCC,666626,GGATTGAGTCCAATTA
4808,TGGCCTGCAGCACGAA,666718,GGATTGAGTAATCACC
4809,TGGCCTGCATGCATAT,666849,GGATTGAGTAATGGTG
4810,TGGCCTTTCACGCGGT,666937,ATTGCGGAGAGGCTAT
4811,TGGCCTTTCCTAGTAA,667084,ATTGCGGAGTGCTCCG
4812,TGGCCTTTCGAGGTGG,667127,ATTGCGGAGTAAGTCA
4813,TGGCCTTTCTAAGTCA,667203,ATTGCGGAGCACTAAA
4814,TGGCCTTTCTAGCGAT,667213,ATTGCGGAGGCAGGTC
4815,TGGCGGTTCAAATCGC,667284,GGGTTTGAGCGAGTTG
4816,TGGCGGTTCCGCAACA,667440,GGGTTTGAGGAGTATC
4817,TGGCGGTTCCTAACGG,667460,GGGTTTGAGTGCTGGA
4818,TGGCGGTTCGAAGTAG,667503,GGGTTTGAGGTGCTGA
4819,TGGCGGTTCGGCCAGT,667542,GGGTTTGAGAGATTCA
4820,TGGCGGTTCTTGCTAT,667652,GGGTTTGAGCCATCAC
4821,TGGCGGTTCTTGTTCG,667657,GGGTTTGAGCTGCTAC
4822,TGGCTATAGCTCATAA,668180,TGTCCTTTCCCTGTGG
4823,TGGCTTTGTAATCGGC,668452,ACCTCATCAGTTTGCT
4824,TGGCTTTGTGAGGTAG,668601,ACCTCATCAGGACCTG
4825,TGGCTTTGTGCCGCAA,668618,ACCTCATCAAGGTCAC
4826,TGGCTTTGTTAGAGCC,668699,ACCTCATCACCTCACA
4827,TGGCTTTGTTGGTTAG,668764,ACCTCATCAGCTAGCG
4828,TGGGCATGTAAGCTCA,668824,ACCACAACATAGCGAC
4829,TGGGCATGTAGCCATA,668861,ACCACAACAGGTAACC
4830,TGGGCATGTCTCAGCC,668965,ACCACAACAACAAAGA
4831,TGGGCATGTGCAATGC,668995,ACCACAACAGGACTAC
4832,TGGGCCTAGATGGAGC,669238,CATAACTTCGCAACTC
4833,TGGGCCTAGCCTGTTC,669294,CATAACTTCGACATTT
4834,TGGGCCTAGGCCGGAA,669401,CATAACTTCCGGCTAT
4835,TGGGCCTAGGTGAAAT,669460,CATAACTTCTCAATCG
4836,TGGTAAACACTTACAG,669760,AAGGAGGGTGACCTTG
4837,TGGTAAACAGCAACCT,669778,AAGGAGGGTTCTGGCA
4838,TGGTAAACAGTTAGCC,669853,AAGGAGGGTCCCTCTG
4839,TGGTCAAGTATTGGAT,670038,TTTCTAGCATTACTGC
4840,TGGTCAAGTCCTAAGA,670090,TTTCTAGCAGCTACCC
4841,TGGTCAAGTCTTGCAT,670117,TTTCTAGCAGAATCTG
4842,TGGTCAAGTTGGTTGA,670298,TTTCTAGCATGACCAA
4843,TGGTCAGTCATAACCA,670413,TGGACCAAGGCTTTCA
4844,TGGTCAGTCATAACGC,670414,TGGACCAAGGAGTCAT
4845,TGGTCATAGGATCACT,670917,GGCTACTTCATTATGC
4846,TGGTCATAGGCGCTTA,670944,GGCTACTTCCAATTAC
4847,TGGTCATAGGTCAAAG,670984,GGCTACTTCCTTTAGG
4848,TGGTCATAGTGGCGGA,671072,GGCTACTTCCTGTTAG
4849,TGGTCCTTCAGGTCCA,671176,GCGGTTAAGTCATCAT
4850,TGGTCCTTCATTGCAA,671221,GCGGTTAAGGTTATAG
4851,TGGTCCTTCCGGGACT,671282,GCGGTTAAGAATCTAG
4852,TGGTGATTCAATCTCT,671515,TCTGGTCAGGCCTAAG
4853,TGGTGATTCATGCATA,671583,TCTGGTCAGCACCTAC
4854,TGGTGATTCTAAATCG,671797,TCTGGTCAGCTATTGT
4855,TGGTGATTCTTTAGGA,671875,TCTGGTCAGGTGTTAA
4856,TGGTGCATCGATCAGT,672114,AACATCAAGAACCTTT
4857,TGGTGCATCGGGACTC,672147,AACATCAAGCCATAGG
4858,TGGTTAATCATAACGC,672334,AGGACTTAGGAGTCAT
4859,TGGTTAATCATTCATC,672371,AGGACTTAGACAAGCT
4860,TGGTTAATCCAAGTGT,672383,AGGACTTAGTCACACC
4861,TGGTTAATCGAAGTGA,672488,AGGACTTAGGATTGCG
4862,TGGTTAATCTATTGTC,672587,AGGACTTAGCAACCCT
4863,TGGTTAATCTTCAATC,672628,AGGACTTAGAAGCTAC
4864,TGGTTCCTCAAGTGTC,672662,AGTTTCTAGCAAGTCG
4865,TGGTTCCTCGAAGTAG,672871,AGTTTCTAGGTGCTGA
4866,TGGTTGAGTATTGCAG,673489,TCTATTGCAAGGAAGT
4867,TGGTTGAGTGATGAAA,673589,TCTATTGCATTAGCCT
4868,TGTAACTCAAGCTTTG,674231,ATTGCACGTGCAAGGT
4869,TGTAACTCAGTAATAG,674444,ATTGCACGTGATTCTA
4870,TGTAAGCTCAAGCTAC,674574,CCATATTAGCAAGACT
4871,TGTAAGCTCACCTGTC,674601,CCATATTAGTGTGGTG
4872,TGTAAGCTCGGTCAGC,674837,CCATATTAGGCAATAC
4873,TGTAAGCTCTCAATTC,674890,CCATATTAGCTTAGGG
4874,TGTAAGTGTTCACCCA,675242,GACATTGCAGCTAACA
4875,TGTAATGTCCTGGCTT,675536,TCAATCTAGTCACTCA
4876,TGTATCCGTAGGTGTC,675772,GCCAAACCACGCCCAT
4877,TGTATCCGTTAACAGT,675960,GCCAAACCACGGATTA
4878,TGTATCCGTTCATTTG,676011,GCCAAACCAAGGCTTA
4879,TGTATCCGTTGTAACG,676052,GCCAAACCAGGTTATG
4880,TGTATCGCAATTGAAG,676195,TCGATTAGTAGTCCTG
4881,TGTATCGCACGGTACT,676258,TCGATTAGTGCAACGG
4882,TGTATCGCAGGCATGA,676337,TCGATTAGTGGTGCAG
4883,TGTATCGCATAAGGAC,676383,TCGATTAGTACAATGG
4884,TGTCAATCAAGGTGCA,676542,GGTCCTAGTGCGTAAA
4885,TGTCAATCAATCATGT,676562,GGTCCTAGTAGAGGGA
4886,TGTCAGTAGGTCGAGG,677127,GTCCTCCTCAGCCTGT
4887,TGTCAGTAGGTCTTGG,677129,GTCCTCCTCTGTTGGC
4888,TGTCAGTAGTTACCGG,677213,GTCCTCCTCCCTGATA
4889,TGTCATAAGCTTATGA,677399,TACCTGATCACTAATC
4890,TGTCATAAGGGTTAGA,677496,TACCTGATCCAGCTAC
4891,TGTCATAAGGTATTGC,677503,TACCTGATCCAGGAAT
4892,TGTCATAAGTCACTAA,677560,TACCTGATCGATTATC
4893,TGTCCTGGTGAAACAA,677791,ACAGCACCACACTAAG
4894,TGTCCTGGTTACAAAC,677890,ACAGCACCATTAGCAG
4895,TGTCCTGGTTGGTGAC,677965,ACAGCACCATCAAGCA
4896,TGTCCTTCAAACTAAG,678020,TTCTAAGGTTACCCAG
4897,TGTGAAACAAGTGTTT,678466,ACCCGTAGTGATGCAA
4898,TGTGAAACATGGAGGC,678739,ACCCGTAGTGAGGTAC
4899,TGTGAAACATTAAAGG,678752,ACCCGTAGTCATTACA
4900,TGTGATCAGATTGAGG,678828,TAGTGTTTCAAGCCAG
4901,TGTGATCAGCACAGCC,678839,TAGTGTTTCCTCAGTA
4902,TGTGATCAGCCTCTGT,678876,TAGTGTTTCGCGTTAC
4903,TGTGATCAGTTGTCTT,679156,TAGTGTTTCAAGGTGT
4904,TGTGCGCAGAACCTAC,679935,GGTTTGCTCATTAACC
4905,TGTGCGCAGCACCACA,679991,GGTTTGCTCTAACTGT
4906,TGTGCGCAGCTTAGTA,680082,GGTTTGCTCCGCTAAC
4907,TGTGCGCAGGACCTTG,680106,GGTTTGCTCCACTAAT
4908,TGTGCGCAGGTCCTGA,680194,GGTTTGCTCTATATGC
4909,TGTGCGCAGTACCGCA,680225,GGTTTGCTCGTTGTCA
4910,TGTGCGCAGTATTGCA,680236,GGTTTGCTCCAGCTCG
4911,TGTGCGCAGTTAGTGC,680288,GGTTTGCTCGTGCTTA
4912,TGTGCGGGTAGTTGGC,680382,CTGACAACAAGGGCTT
4913,TGTGCGGGTATTACCC,680387,CTGACAACACCTTAGT
4914,TGTGCGGGTGTAATAC,680538,CTGACAACAAGCGCTG
4915,TGTGCGGGTGTGAGAG,680543,CTGACAACACCTCAAT
4916,TGTGCGGGTTCAAGCA,680608,CTGACAACAAGCCTCC
4917,TGTGCTGAGGATTTGC,680892,GCCCTGATCATTACAC
4918,TGTGCTGAGGTTTGCG,680977,GCCCTGATCAGCCTTA
4919,TGTGCTGAGTAGCTTA,680997,GCCCTGATCCCATAGC
4920,TGTGGAGCAGTACCGT,681347,CCTTAAAGTATAGCTC
4921,TGTGGAGCATCCCTCA,681401,CCTTAAAGTTAAGTCC
4922,TGTGGCCAGTAGGCGG,681767,CCGCCAATCCCGCTGA
4923,TGTGGCCAGTGAGCGG,681803,CCGCCAATCATCACAT
4924,TGTGGCCAGTTAGCCG,681819,CCGCCAATCATGAGGT
4925,TGTGGCGGTTTCCGGC,682212,ACGATTGCACCGTTCA
4926,TGTGGCTCACTGGCCA,682411,GGTTTACGTCCTGAGC
4927,TGTGGCTCAGGACACA,682465,GGTTTACGTCAGGCTC
4928,TGTGGCTCATCCCTCA,682551,GGTTTACGTTAAGTCC
4929,TGTGGCTCATTAAACC,682585,GGTTTACGTTATGTCA
4930,TGTGGCTCATTGCGTA,682604,GGTTTACGTGTGATTC
4931,TGTGTGAGTACAATGT,682645,TTTACTGCACTCAATC
4932,TGTGTGAGTATCTGGA,682684,TTTACTGCACCGTTGC
4933,TGTGTGAGTATTGAGT,682690,TTTACTGCACTCGCAC
4934,TGTGTGAGTATTGTGG,682695,TTTACTGCAGTCTATC
4935,TGTGTGAGTTAGGATT,682893,TTTACTGCAAGCGAAG
4936,TGTGTTAAGCTCAAAC,683130,GGTAATATCGGTAATA
4937,TGTTACTTCACGAATC,683420,GGGACCTAGGATTATG
4938,TGTTACTTCATGTTTC,683481,GGGACCTAGGCAATCG
4939,TGTTACTTCTGGCAAT,683726,GGGACCTAGGGTGGGA
4940,TGTTAGCAGGTGTTAC,684038,AGCTTTGTCGCAATCC
4941,TGTTAGCAGTTAGAGG,684118,AGCTTTGTCTAAGCTT
4942,TGTTATGAGCACAGCC,684207,ATAGCAATCCTCAGTA
4943,TGTTATGAGGTTAGCT,684426,ATAGCAATCTAACCAT
4944,TGTTATGAGGTTTGCG,684429,ATAGCAATCAGCCTTA
4945,TGTTATGAGTCACTCC,684463,ATAGCAATCGCGATAG
4946,TGTTCATTCCAAACAC,684650,TCAGCCTAGATATTCC
4947,TGTTCATTCCCATAAA,684671,TCAGCCTAGTTAGGAC
4948,TGTTCATTCTTGTTCG,684911,TCAGCCTAGCTGCTAC
4949,TGTTCCTCAACATAAG,684946,AGTAAACGTAACGATG
4950,TGTTCCTCAAGGTACG,684976,AGTAAACGTCTAGCGC
4951,TGTTCCTCACTTAACG,685099,AGTAAACGTAAGTCCT
4952,TGTTCCTCAGTCTATG,685190,AGTAAACGTTGACCAT
4953,TGTTCCTCATTGCGTA,685290,AGTAAACGTGTGATTC
4954,TGTTGCACAATGCCCG,685393,TCCGTAGGTTGAGTCT
4955,TGTTGCACATAAACCT,685585,TCCGTAGGTGCACCAC
4956,TGTTGCACATCACAGC,685612,TCCGTAGGTTCCTGGA
4957,TGTTGCACATTAAGTC,685658,TCCGTAGGTGAGACTA
4958,TGTTGGCCAATACTGT,685761,CCTAAGTGTTGTAACC
4959,TGTTGGCCAGCCAGAA,685899,CCTAAGTGTGGTTCTG
4960,TGTTGTAAGACAAACG,686080,GCTTTAGTCCCGCAAT
4961,TGTTGTAAGGCAACAA,686265,GCTTTAGTCAGGACCA
4962,TGTTGTAAGTCAGGCC,686384,GCTTTAGTCAAGGTCG
4963,TGTTGTGCAATGAGGT,686544,TAAGGATGTCGCAATT
4964,TGTTGTGCACTAGGTC,686627,TAAGGATGTCCTTTAT
4965,TGTTGTTTCATTAGGC,686942,CTCAGCTAGCTTGCTA
4966,TGTTGTTTCGGCTATG,687103,CTCAGCTAGTGGCTTC
4967,TGTTTGTTCAATTGGC,687247,AGGCCTAAGTAGGATC
4968,TGTTTGTTCATGGCTG,687316,AGGCCTAAGGACGAAA
4969,TGTTTGTTCTAGCGTG,687540,AGGCCTAAGCGCAACA
4970,TTAAAGGCAATAACGA,687677,TTACTGAGTGCTGTTG
4971,TTAAAGGCAGGCGAGT,687851,TTACTGAGTAACCTAC
4972,TTAACCAAGAATGACG,687999,AGGTTCCTCCCACCCT
4973,TTAACCAAGCACAGAA,688046,AGGTTCCTCTTAAGGA
4974,TTAACCAAGCACTAGT,688053,AGGTTCCTCCGCCATG
4975,TTAACCAAGCACTTGG,688054,AGGTTCCTCTTGTTCC
4976,TTAACCAAGTAACGGA,688276,AGGTTCCTCACAAGCG
4977,TTAACTGAGCGATACT,688481,ATGGGCATCAGCTATT
4978,TTAACTGAGGGTTATC,688623,ATGGGCATCGTCCTAA
4979,TTAACTGAGTCCTTCA,688696,ATGGGCATCTCAGCTA
4980,TTAACTGAGTTAGTTG,688731,ATGGGCATCTACCTGA
4981,TTAAGCCAGCAAGACA,688808,GCTCGATTCGCATTAT
4982,TTAAGGACAAGGGTTG,689198,TATTACGGTCCTCCTG
4983,TTAAGGACAAGGTACG,689200,TATTACGGTCTAGCGC
4984,TTAAGGACAATCCTGA,689227,TATTACGGTAGACAAT
4985,TTAAGGACAGCGCTTG,689361,TATTACGGTGGACAAC
4986,TTAAGGACAGCTAATT,689363,TATTACGGTATTTACG
4987,TTAAGGACAGGTTACC,689400,TATTACGGTATGTTTG
4988,TTAAGGACATCTAGCA,689468,TATTACGGTTTAACCA
4989,TTAAGGTGTGATGATT,689703,TTATCGCCATCAGTTC
4990,TTAAGTGTCACTTCAT,689956,GTCCTTAAGTGTCCAC
4991,TTAAGTGTCAGGTTTA,689973,GTCCTTAAGTGCACCT
4992,TTAAGTGTCATTACTC,690010,GTCCTTAAGGGTTAAC
4993,TTAAGTGTCATTTGTC,690023,GTCCTTAAGAATCGAC
4994,TTAAGTGTCGGTTTCC,690186,GTCCTTAAGTTTCTCC
4995,TTAATCGAGCGGCTGT,690409,AAATCGATCAGCGATG
4996,TTAATCGAGCTCAAAC,690424,AAATCGATCGGTAATA
4997,TTAATCGAGCTTAGTA,690442,AAATCGATCCGCTAAC
4998,TTAATCGAGTATTGGC,690597,AAATCGATCACTTGCA
4999,TTAATCGAGTTTGCGG,690671,AAATCGATCTTGACCA
5000,TTACACCGTTAGTTGG,690960,GATTACGCAATAGCAT
5001,TTACAGCAGCAAGGTA,691112,TAGTCATTCAGCGGGT
5002,TTACAGCAGCTTAGTA,691208,TAGTCATTCCGCTAAC
5003,TTACAGCAGGTAAGCA,691309,TAGTCATTCGTACCTA
5004,TTACCGTGTATTGCAG,691517,CTGTCATCAAGGAAGT
5005,TTACCGTGTGCCTCAC,691631,CTGTCATCAATAGAGA
5006,TTACCGTGTTACGCGG,691706,CTGTCATCAACGGTTA
5007,TTACCTGTCCACCCTG,691948,TTCAGTTAGCTCATGC
5008,TTACCTGTCTTAATGG,692180,TTCAGTTAGATGAACC
5009,TTACCTGTCTTGTCCA,692199,TTCAGTTAGTGCGGTA
5010,TTACGTTTCTTTGTAC,692590,CGATCCTAGGTGGAAA
5011,TTAGAAGCAAACGCGA,692596,CTGTGGCGTCATGGTT
5012,TTAGAAGCAGTCTAAT,692862,CTGTGGCGTTAGTACC
5013,TTAGACTCAAATGCCC,692995,CGAGTAAGTATTACTG
5014,TTAGACTCAGTAGCCT,693242,CGAGTAAGTTGCTCAG
5015,TTAGCAATCGAGCAAA,693587,CACTTCAAGATTAGCA
5016,TTAGCAATCGGGACTC,693627,CACTTCAAGCCATAGG
5017,TTAGCAGGTGGATGTC,693952,CGCTCACCAGCTAGAC
5018,TTAGCAGGTGTTTGTC,693987,CGCTCACCACAAACGC
5019,TTAGCCTGTGTTTGTC,694369,CAGGAAGCACAAACGC
5020,TTAGCCTGTTAGGTTG,694407,CAGGAAGCATTAACCC
5021,TTAGCGGTCAATTGGC,694533,GTCATAAAGTAGGATC
5022,TTAGCGGTCGTTCACC,694805,GTCATAAAGCAACAAC
5023,TTAGCTGCACCCACCT,695033,CCTGAATGTCCAGCAC
5024,TTAGCTGCAGATAGAC,695088,CCTGAATGTTAAAGGT
5025,TTAGGAACAGGACACA,695509,CCAATACGTCAGGCTC
5026,TTAGGAACAGGTTACC,695534,CCAATACGTATGTTTG
5027,TTAGGATGTTGTCATC,695999,GCAAACCCAGCACTAA
5028,TTAGGCGTCGCTTCTA,696686,GCGAGCTAGGATTGGT
5029,TTAGGCGTCGCTTGCT,696687,GCGAGCTAGAGCCGGT
5030,TTAGGCTAGCTCATAA,696944,CCTCAAATCCCTGTGG
5031,TTAGTCAAGGATCACT,697383,CACGTTATCATTATGC
5032,TTAGTCAAGTTTAACG,697569,CACGTTATCAAGCGCA
5033,TTATAGCCAACACCTA,697601,CGTCAATGTTTCCTCA
5034,TTATAGCCACAACCTA,697689,CGTCAATGTAACCTCG
5035,TTATAGCCAGCTCATA,697802,CGTCAATGTTCAAGCT
5036,TTATAGCCATCCCGCT,697896,CGTCAATGTGTGAGTA
5037,TTATCCGTCAATGAGG,697983,GCAAGAAAGTTGCAAA
5038,TTATCCGTCCCGTTGT,698107,GCAAGAAAGGTAGCTG
5039,TTATCCGTCCTAAATG,698141,GCAAGAAAGATAACCA
5040,TTATCCGTCCTAATTC,698148,GCAAGAAAGCTTGAAA
5041,TTATCCGTCGAGGAAC,698191,GCAAGAAAGCGATGCA
5042,TTATCCGTCGGTTTGG,698241,GCAAGAAAGTCATTAC
5043,TTATCCGTCTCCATAT,698295,GCAAGAAAGCAATTGA
5044,TTATCCTAGGTAAGCA,698597,TCATGCATCGTACCTA
5045,TTATCCTAGTTAACCA,698694,TCATGCATCGCTATAT
5046,TTATGACCAAATGCCC,698749,ATCCATAGTATTACTG
5047,TTATGCGCAATAGTCT,699192,AGGTGCGGTGTCCTGA
5048,TTATTGCTCAGCACCA,699551,TTGACGGAGTGTTTGT
5049,TTATTGCTCCCGCATT,699640,TTGACGGAGTTAGGCG
5050,TTATTGCTCGTTATAG,699793,TTGACGGAGGATAACC
5051,TTATTGCTCTCGCCCA,699836,TTGACGGAGAAGGAAT
5052,TTCAACCGTAACGAGG,699889,TGTGGCGCAGGTCCCT
5053,TTCAACCGTCAATGTG,699973,TGTGGCGCACCTGTAT
5054,TTCAACCGTCTAGCTT,700032,TGTGGCGCACGTTACT
5055,TTCAACCGTTCCTGTG,700187,TGTGGCGCAAACATGT
5056,TTCACTGTCAAACCGT,700264,CATACTTAGCTAACTT
5057,TTCACTGTCATGGTTA,700360,CATACTTAGTTACCGC
5058,TTCACTGTCCTGCGAA,700469,CATACTTAGCGGGACT
5059,TTCACTGTCGGGATTT,700532,CATACTTAGCTTAGTT
5060,TTCACTGTCGTTCACC,700561,CATACTTAGCAACAAC
5061,TTCACTGTCTAACCTT,700567,CATACTTAGCAAATTG
5062,TTCAGCACAAGCTTTG,700699,GCAACAAGTGCAAGGT
5063,TTCAGCACACCTCAGG,700800,GCAACAAGTGAGTTTC
5064,TTCAGCACACTGGCTG,700828,GCAACAAGTAGGATCA
5065,TTCAGCACAGGCTAGA,700897,GCAACAAGTTGGCGGA
5066,TTCAGGTAGCCTAATA,701124,AGTAATGTCAAACCAA
5067,TTCAGGTAGCTCCCTG,701167,AGTAATGTCACGAATA
5068,TTCAGGTAGCTGTACG,701177,AGTAATGTCAATATCC
5069,TTCAGTTTCACTAATG,701460,GGGATAAAGACTCCTA
5070,TTCAGTTTCATCCACC,701494,GGGATAAAGGTTCCGT
5071,TTCAGTTTCATGCATA,701503,GGGATAAAGCACCTAC
5072,TTCAGTTTCCCTGGTT,701572,GGGATAAAGTACTGAA
5073,TTCAGTTTCGCCTGTT,701664,GGGATAAAGCCTTCAA
5074,TTCATCCCACCTAATG,701947,GTTAGAGGTTACTAGC
5075,TTCATCCCAGGATAAC,702036,GTTAGAGGTGAGGAAG
5076,TTCATCCCAGGTTAAA,702057,GTTAGAGGTTAACACC
5077,TTCATTCAGCATTATG,702262,GCCATTATCTCCTCAT
5078,TTCATTCAGCGCAATT,702293,GCCATTATCAATAGGC
5079,TTCATTCAGTCAATTG,702492,GCCATTATCTTTGGTG
5080,TTCATTCAGTTAGAGG,702536,GCCATTATCTAAGCTT
5081,TTCCCACAGCCTGTGA,703049,GCTTATGTCCGCACAT
5082,TTCCCACAGCTATGAC,703079,GCTTATGTCTAACCCA
5083,TTCCCACAGTCACCAG,703259,GCTTATGTCACAAATG
5084,TTCCCGCCAACAGGTG,703361,ATTTCCTGTGTAACAG
5085,TTCCCGCCAACCCTAA,703363,ATTTCCTGTTCCGGGT
5086,TTCCCGCCAATCTCTC,703421,ATTTCCTGTGAGGGTT
5087,TTCCCGCCAGCACCAT,703539,ATTTCCTGTTGACTAC
5088,TTCCCGCCAGCCGCTA,703549,ATTTCCTGTGTCCGTA
5089,TTCCCGCCATTGCGTA,703706,ATTTCCTGTGTGATTC
5090,TTCCTCAAGCATCCAG,703788,AGCTAGGTCATCAGTT
5091,TTCCTCAAGCCGCAGT,703805,AGCTAGGTCAATTAGG
5092,TTCCTCAAGCCTGATG,703815,AGCTAGGTCAGGTTGG
5093,TTCCTCAAGTTAGACC,704069,AGCTAGGTCCCGGATT
5094,TTCCTCAAGTTAGGCT,704073,AGCTAGGTCAAACTGA
5095,TTCCTTCTCATGTGGT,704200,GGTTAACAGTGGCGGT
5096,TTCCTTCTCGCACACA,704345,GGTTAACAGTAGAGGA
5097,TTCCTTCTCTAAATCG,704403,GGTTAACAGCTATTGT
5098,TTCCTTGAGGCGAAAC,704697,AAATCCTTCACGCCCA
5099,TTCGCAACATGAAATG,705198,CAGTAAGGTACTGACT
5100,TTCGGTACACCGGCTA,705397,ATTGCCGGTCTGTGCA
5101,TTCGGTACAGCTCAAC,705477,ATTGCCGGTCACTATA
5102,TTCGGTACAGTTGCGT,705532,ATTGCCGGTGAACGGT
5103,TTCGGTACATCCTGAA,705576,ATTGCCGGTCAGTGAA
5104,TTCGTTAGTATTGAGT,706096,TAATAGCCACTCGCAC
5105,TTCGTTAGTTACATCC,706282,TAATAGCCAACAACAT
5106,TTCTTAGGTGGATTCA,706614,GCCAGCACAGGTTCCC
5107,TTCTTAGGTTAACGAT,706651,GCCAGCACAGTTTCCG
5108,TTCTTAGGTTGAGCCG,706719,GCCAGCACAGCAAATT
5109,TTGACATCATCCAGGT,707102,AAGCTAGGTGCCTTTC
5110,TTGACATCATCCTAGA,707107,AAGCTAGGTTTGTCTT
5111,TTGACGTAGCAGGTGG,707238,CTTAGTGTCGCGACTT
5112,TTGACGTAGGAACCAA,707329,CTTAGTGTCAAGGTTA
5113,TTGACGTAGGTAGCTT,707424,CTTAGTGTCAATGAGC
5114,TTGACGTAGTTATCCT,707528,CTTAGTGTCCTGAAGG
5115,TTGACTAAGAGGAAGG,707586,CCAGGAATCGCATTGC
5116,TTGACTAAGCTGGAAA,707695,CCAGGAATCCTAAGAA
5117,TTGACTAAGGCTCATG,707780,CCAGGAATCAGGGATT
5118,TTGACTAAGGTGAAAT,707820,CCAGGAATCTCAATCG
5119,TTGACTAAGGTTACAC,707827,CCAGGAATCCTCTCGC
5120,TTGACTAAGTCATCCC,707870,CCAGGAATCCTTAACG
5121,TTGAGCTAGAAAGCAT,707938,TTCGTTCTCGACAAAC
5122,TTGAGCTAGGCTTAAC,708168,TTCGTTCTCAATAACG
5123,TTGAGGCGTAATCGTG,708345,TAGGAGGCACATAACG
5124,TTGAGGCGTCCTAATC,708451,TAGGAGGCACGGTAAC
5125,TTGAGGCGTGCGCGTA,708514,TAGGAGGCAAGTGCCG
5126,TTGAGGCGTGTTGCTT,708559,TAGGAGGCATACTTGC
5127,TTGAGGCGTTAGCATG,708594,TAGGAGGCATGCATTC
5128,TTGAGGCGTTAGGATT,708599,TAGGAGGCAAGCGAAG
5129,TTGAGGCGTTGCTGGG,708648,TAGGAGGCACTCAGTT
5130,TTGATGTCAAACCTTG,708707,GGTGTTTGTCCTCCAT
5131,TTGATGTCAGTCTAAT,708974,GGTGTTTGTTAGTACC
5132,TTGCAACAGCCATCAG,709173,AATGTGATCGAGCAAT
5133,TTGCAACAGCTAATTG,709213,AATGTGATCCTAGTGC
5134,TTGCAACAGCTTCCCG,709240,AATGTGATCATTCAGT
5135,TTGCAAGGTACCTTAC,709508,GGTCAACCATTTCGCG
5136,TTGCAAGGTACTTAGG,709517,GGTCAACCACTCGCTA
5137,TTGCAAGGTATCTGGA,709540,GGTCAACCACCGTTGC
5138,TTGCAAGGTTAAGGTT,709725,GGTCAACCATTGTCCG
5139,TTGCAAGGTTGGCGTG,709803,GGTCAACCACTAGTCT
5140,TTGCAATCAACTAGAA,709890,AAGGGAGGTTAACTGC
5141,TTGCAATCACTTCATC,710039,AAGGGAGGTATTTGGC
5142,TTGCAATCATGCTCCC,710193,AAGGGAGGTAGTAGCA
5143,TTGCAATCATTTAAGC,710235,AAGGGAGGTTCACTTT
5144,TTGCACACAGTGAACG,710511,GAAACTGGTATGTTGC
5145,TTGCACACATCAGCAC,710550,GAAACTGGTTGTGCGC
5146,TTGCAGCCAACTAGAA,710658,TAACAGGGTTAACTGC
5147,TTGCATTTCGCTATAA,711262,CGCTACTAGGATTGAC
5148,TTGCCCGTCATAGACC,711464,TTTGTCGAGTCCTTGA
5149,TTGCCCGTCATCCTAT,711469,TTTGTCGAGTATCGCC
5150,TTGCCCGTCATTTAGG,711503,TTTGTCGAGCATGGAT
5151,TTGCGAGTCATGCTCC,711865,CCACACTAGCTCCCTC
5152,TTGCGAGTCCAAGTTA,711894,CCACACTAGCTAATAG
5153,TTGCGTCTCGCTCCAT,712417,CATTGCCAGATAGACC
5154,TTGCGTCTCGTTAAGC,712448,CATTGCCAGCAAATCA
5155,TTGCGTCTCTAAATCG,712459,CATTGCCAGCTATTGT
5156,TTGCTCTCAGCAAGGC,712744,AATGCCTGTCGCATAT
5157,TTGCTCTCATCCTGAA,712864,AATGCCTGTCAGTGAA
5158,TTGCTTAGTCATCAAG,713034,AATGGCCCAGCTCAAA
5159,TTGCTTAGTGTGCACG,713156,AATGGCCCAATACCCT
5160,TTGCTTTAGACAAACG,713318,CTCAAGCTCCCGCAAT
5161,TTGCTTTAGAGGGACT,713345,CTCAAGCTCCCACCTC
5162,TTGCTTTAGCGAGGTG,713412,CTCAAGCTCCAATATC
5163,TTGGAGGCATGGTTAT,714036,CCTTACCGTCATTATG
5164,TTGGATATCAAACACC,714075,TCAACAAAGTCCTCAA
5165,TTGGATATCAAGTGTC,714090,TCAACAAAGCAAGTCG
5166,TTGGATATCATGCATA,714163,TCAACAAAGCACCTAC
5167,TTGGATCAGTTAGTTG,714817,TCTCACTTCTACCTGA
5168,TTGGATTCAATAACCT,714914,GAAGCTAGTCGAGGCA
5169,TTGGATTCAGTTTGGC,715125,GAAGCTAGTCGGTTAT
5170,TTGGATTCATATTGAC,715152,GAAGCTAGTGCCGGAA
5171,TTGGATTCATCAGCAC,715156,GAAGCTAGTTGTGCGC
5172,TTGGCGGGTACAAAGA,715256,CGTGCCTCAGTTCCCA
5173,TTGGCGGGTCCTAAGA,715356,CGTGCCTCAGCTACCC
5174,TTGGCGGGTGCGCAAT,715418,CGTGCCTCATAAGCCA
5175,TTGGCGGGTGCTAGCG,715422,CGTGCCTCAATGACCA
5176,TTGGCGGGTTAGGTTG,715509,CGTGCCTCATTAACCC
5177,TTGGCTACAAACATAG,715610,GCGTAAAGTTGTTCTT
5178,TTGGCTACAACACCTA,715633,GCGTAAAGTTTCCTCA
5179,TTGGCTACAATATAGG,715690,GCGTAAAGTTACGTAC
5180,TTGGCTACAATTAACC,715704,GCGTAAAGTATCGGCC
5181,TTGGCTACACGAACAG,715768,GCGTAAAGTCACACTG
5182,TTGGCTACATGGAGGC,715951,GCGTAAAGTGAGGTAC
5183,TTGGCTGAGGGCTAAA,716234,ACCCTGGTCGCTAGAG
5184,TTGGCTTGTATTGCAG,716453,CCAGTTTCAAGGAAGT
5185,TTGGCTTGTCGCAAAC,716518,CCAGTTTCAGGATAAA
5186,TTGGGCCAGCAAGGTA,716814,GACACCTTCAGCGGGT
5187,TTGGGCCAGCTTGCTC,716914,GACACCTTCCTAATCG
5188,TTGGGCCAGGTCCACA,717019,GACACCTTCGTTAGCC
5189,TTGGGCCAGGTTAGAG,717035,GACACCTTCAATCGTT
5190,TTGGGCGGTGCGCAAT,717334,AAAGGCGCATAAGCCA
5191,TTGGGCGGTTGTAACG,717482,AAAGGCGCAGGTTATG
5192,TTGGGTTAGCTTGCTC,717680,GTGTGAGTCCTAATCG
5193,TTGGGTTAGTCCTGAG,717847,GTGTGAGTCAAACATG
5194,TTGGTGAGTCATTGAG,718026,TACGGACCATGCTCCA
5195,TTGGTGAGTGGAAGGC,718114,TACGGACCAGCCAGTG
5196,TTGGTGAGTGGATGTC,718118,TACGGACCAGCTAGAC
5197,TTGGTGAGTTCCTCCT,718213,TACGGACCACGTAGGT
5198,TTGGTGAGTTGACTTC,718224,TACGGACCATCACAGA
5199,TTGGTGAGTTGTCATC,718249,TACGGACCAGCACTAA
5200,TTGTAAGTCCACCTGT,718417,CGCAATGAGGTAAGTC
5201,TTGTAAGTCCGGCTAA,718461,CGCAATGAGATAGCTA
5202,TTGTCAAAGTTAGCCG,719029,ACTAGCCTCATGAGGT
5203,TTGTCCATCTTAAGTG,719415,AGTATTGAGGTTATCT
5204,TTGTCCATCTTGGACG,719433,AGTATTGAGAATCACA
5205,TTGTCCCAGGATTTGC,719638,TTAGCGCTCATTACAC
5206,TTGTCCGGTCATCATC,719937,AATCGCACATTGCCCA
5207,TTGTCCGGTTTATCGC,720184,AATCGCACAAGGCCAT
5208,TTGTCCGGTTTATCTG,720185,AATCGCACATAATGGT
5209,TTGTGAGGTTGTGACA,720551,GTTTGCTCATGGTGCG
5210,TTGTGCCTCAATGTGC,720615,GTAAACCAGGTTGGTG
5211,TTGTGCCTCACTTCAT,720640,GTAAACCAGTGTCCAC
5212,TTGTGCCTCATGACCG,720676,GTAAACCAGTCAAGAC
5213,TTGTGCCTCTAATCAG,720901,GTAAACCAGTATTGGA
5214,TTGTGCGAGCACAGGG,721034,TACTTCCTCCAATTGT
5215,TTGTGCGAGCCTGAGC,721072,TACTTCCTCCTTCATC
5216,TTGTGCGAGGCCTAAT,721184,TACTTCCTCCGCCTCT
5217,TTGTGCGAGTAAGAAC,721264,TACTTCCTCCTTCAAG
5218,TTGTTCCCAATGAATG,721833,TTTCAAGGTCATCACG
5219,TTGTTCCCATCGCTCC,722067,TTTCAAGGTTTGAGCT
5220,TTGTTCCCATTATGAC,722106,TTTCAAGGTTGGGTAA
5221,TTGTTGCGTACGGTAC,722168,GGTGAAGCATAAAGGA
5222,TTGTTGCGTCGTTATC,722275,GGTGAAGCAGTGAGAG
5223,TTGTTGTTCCTTGAGG,722727,CTCGTTAAGTATCCGC
5224,TTGTTGTTCGTCAAGT,722793,CTCGTTAAGCTTCTCT
5225,TTGTTGTTCGTTTCCA,722808,CTCGTTAAGCCGCTAT
5226,TTGTTTGGTGGTTCCC,723113,GAGCAAGCAGGTAGCT
5227,TTGTTTGGTTTGTGGA,723273,GAGCAAGCAACCCTTG
5228,TTTAACCTCTTGCATT,723647,GACATTAAGTGCGGGT
5229,TTTAACGAGCATGTCG,723735,TTAGCCATCCCTCGTC
5230,TTTAACGAGCCGCAGT,723747,TTAGCCATCAATTAGG
5231,TTTAACGAGCCGCTTT,723749,TTAGCCATCCTGGATC
5232,TTTAACGAGGAGGCAT,723842,TTAGCCATCTTGTCGA
5233,TTTAACGAGGGTGAGT,723906,TTAGCCATCACATAGA
5234,TTTAACGAGTCATCCC,723976,TTAGCCATCCTTAACG
5235,TTTAACGAGTTAGCTA,724014,TTAGCCATCGATATTC
5236,TTTAAGCCAGAAATTG,724233,ATTGAGGGTTTAGCGT
5237,TTTAAGCCATTAAGTC,724400,ATTGAGGGTGAGACTA
5238,TTTAAGGTCATAATCG,724501,TACCTCAAGCTCAAGG
5239,TTTAAGGTCCTGAATA,724629,TACCTCAAGTGGCTAG
5240,TTTAAGGTCTCCTCTT,724764,TACCTCAAGCTGCATC
5241,TTTAAGGTCTCTAGCC,724768,TACCTCAAGATTCCTG
5242,TTTACGAAGACTAAGG,724832,CAAGTAATCACAATAG
5243,TTTACGAAGGCTTAGT,725043,CAAGTAATCAAACCTT
5244,TTTACGCGTATTTGCC,725276,TTACTCACACCTAACT
5245,TTTAGCAAGCTCCCTG,725713,CAATAAGTCACGAATA
5246,TTTAGCAAGGAGGCAT,725760,CAATAAGTCTTGTCGA
5247,TTTAGCTTCGGTCATG,726236,GCTGATGAGTGTGAGT
5248,TTTAGCTTCTGCAACG,726304,GCTGATGAGCCTTGCG
5249,TTTAGGATCTTCAATC,726710,GTCATGGAGAAGCTAC
5250,TTTATGGAGGACACTT,726899,CTGGCTGTCAGCCATC
5251,TTTATGGAGGCCGGAA,726937,CTGGCTGTCCGGCTAT
5252,TTTATGGAGGTTACGT,727004,CTGGCTGTCTAATCCG
5253,TTTATGGAGTCTTGAA,727059,CTGGCTGTCAGCTACC
5254,TTTCACCCAAAGCGCA,727125,CGCCTAAGTTGCTCCT
5255,TTTCACCCACAGAACG,727235,CGCCTAAGTATTCAGC
5256,TTTCACCCACTAAGTT,727285,CGCCTAAGTTGCTTCC
5257,TTTCAGTTCAAACTCA,727500,TAACACAAGTAACGTA
5258,TTTCAGTTCAATTGGC,727523,TAACACAAGTAGGATC
5259,TTTCAGTTCGTAACGT,727778,TAACACAAGGCGCAGT
5260,TTTCATCAGAAGCTAG,727887,GACAAGTTCTCAATAC
5261,TTTCATCAGCTCAAAC,728014,GACAAGTTCGGTAATA
5262,TTTCATCAGTATTGCA,728186,GACAAGTTCCAGCTCG
5263,TTTCCACCAATAGCCC,728343,TTGTTGAGTTGAAGCA
5264,TTTCCACCACTTCATC,728451,TTGTTGAGTATTTGGC
5265,TTTCCGGGTATTGTGG,728729,GTCCAAACAGTCTATC
5266,TTTCCGGGTGCAATAT,728832,GTCCAAACAGGCGAAA
5267,TTTCCGGGTTAACACG,728895,GTCCAAACACATTGTC
5268,TTTCCGGGTTTATCGC,729006,GTCCAAACAAGGCCAT
5269,TTTCCGGGTTTCCGGC,729012,GTCCAAACACCGTTCA
5270,TTTCCTGAGCCTGGTA,729130,ACATTGTTCGAAGTTA
5271,TTTCCTGAGCTAAGTC,729155,ACATTGTTCTGGCTGT
5272,TTTCCTGAGTTCCCGT,729396,ACATTGTTCCTAATGT
5273,TTTCGTCCAAACTAAG,729422,CTACTAAGTTACCCAG
5274,TTTCGTCCAATATACC,729495,CTACTAAGTAGGCGCA
5275,TTTCGTCCACTAAGAA,729585,CTACTAAGTGTCACGC
5276,TTTCGTCCAGCAATAA,729620,CTACTAAGTACGTTTA
5277,TTTCTCACAAACCTAT,729802,TGCAATCGTGCGCGAA
5278,TTTCTCACAAATACCT,729817,TGCAATCGTCAATGAG
5279,TTTCTCACAGGCTTCG,730051,TGCAATCGTAACCGGG
5280,TTTCTTGCAAACCTAT,730186,CCCTTTAGTGCGCGAA
5281,TTTCTTGCAAGCTTAT,730234,CCCTTTAGTCCTAACG
5282,TTTGACCGTATGTGGC,730638,TTGTGAGCAAATGACT
5283,TTTGACTTCAATAGCC,730966,ACTAGGTAGCGCTTGT
5284,TTTGACTTCATTAGCA,731053,ACTAGGTAGCTATATC
5285,TTTGACTTCTCAATAG,731274,ACTAGGTAGGGCTAAT
5286,TTTGAGTCAGGCTTCG,731585,CCAGCTAGTAACCGGG
5287,TTTGAGTCATGTTGTG,731685,CCAGCTAGTCGTAATC
5288,TTTGAGTCATTAAGTC,731690,CCAGCTAGTGAGACTA
5289,TTTGCATTCGGTACGC,731989,TACGGATAGCCATAAA
5290,TTTGCGACAACAGCCT,732127,ATGTGAGGTCGATTAC
5291,TTTGCGACAAGCTTAT,732152,ATGTGAGGTCCTAACG
5292,TTTGCGACAATTATGC,732200,ATGTGAGGTTGTCATA
5293,TTTGCGACACTTCACT,732286,ATGTGAGGTGCGTACC
5294,TTTGCGGAGACAGGTA,732504,GCTTCGGTCATCAGCC
5295,TTTGCGGAGCACAGCC,732543,GCTTCGGTCCTCAGTA
5296,TTTGCGGAGCATTAGC,732563,GCTTCGGTCGTGATAA
5297,TTTGCGGAGGTCCAAT,732744,GCTTCGGTCCACAATT
5298,TTTGCGGAGTTTGAGC,732864,GCTTCGGTCAAATCCT
5299,TTTGGCTGTGCCGCAA,733058,GGACTTACAAGGTCAC
5300,TTTGGTGCAATGCGCT,733729,CTTGTTTGTTTCACCC
5301,TTTGGTGCATAATCAC,733926,CTTGTTTGTAGGAGGA
5302,TTTGGTGCATTGCAGC,734005,CTTGTTTGTTGGTTTA
5303,TTTGTCCCACCCACCT,734161,GATTGCTGTCCAGCAC
5304,TTTGTCCCATGCAACC,734356,GATTGCTGTTGGGCCT
5305,TTTGTCCCATTTAAGC,734401,GATTGCTGTTCACTTT
5306,TTTGTCTAGCGCATTG,734514,TGTCAATTCAAACCGG
5307,TTTGTCTAGCTCGCTT,734542,TGTCAATTCACACCGT
5308,TTTGTCTAGGACCTGC,734577,TGTCAATTCGGTTAGG
5309,TTTGTCTAGGACTTAC,734581,TGTCAATTCGCCTGTG
5310,TTTGTGAAGCAAGACA,734838,GTAGGTGTCGCATTAT
5311,TTTGTGAAGCATGTCG,734863,GTAGGTGTCCCTCGTC
5312,TTTGTGAAGCCGCTAA,734876,GTAGGTGTCAGTTTAC
5313,TTTGTGAAGTTAGTGC,735144,GTAGGTGTCGTGCTTA
5314,TTTGTGGCAAATTGCT,735193,GTTTGGTGTAAGTACG
5315,TTTGTGGCAGTCTAGC,735443,GTTTGGTGTATAGTGG
5316,TTTGTGGCATGACTAT,735504,GTTTGGTGTTAGCTCG
5317,TTTGTGGCATTCCTGT,735539,GTTTGGTGTGATGGAC
