"p_val","avg_log2FC","pct.1","pct.2","p_val_adj","cluster","gene","cell_type"
0,-3.71254313191371,0.186,0.633,0,0,"VAV3",NA
0,-3.1142156533232,0.239,0.684,0,0,"CPNE4",NA
0,-4.14699774436462,0.03,0.454,0,0,"AC119673.2",NA
0,1.68009609732354,0.873,0.467,0,0,"UNC5D",NA
0,-2.76249094009608,0.114,0.515,0,0,"MTRNR2L12",NA
0,-1.95458986252595,0.223,0.617,0,0,"DDAH1",NA
0,2.55149654496769,0.648,0.255,0,0,"COL6A1",NA
0,-2.96849235744877,0.077,0.468,0,0,"ZIC1",NA
0,-2.71704689679907,0.096,0.483,0,0,"MIR2052HG",NA
0,1.77109410392703,0.668,0.287,0,0,"GABRG3","DD_Excit.Thal"
0,-1.65981975064831,0.239,0.619,0,0,"NCALD",NA
0,-4.48348925643021,0.093,0.467,0,0,"NWD2",NA
0,-1.83598037044874,0.235,0.603,0,0,"ZNF608",NA
0,-3.38058898087355,0.066,0.427,0,0,"OSBPL3",NA
0,1.4572961451907,0.836,0.476,0,0,"TTTY14",NA
0,-2.15771298601013,0.2,0.559,0,0,"SYT9",NA
0,0.963655073035725,0.896,0.541,0,0,"GRM7",NA
0,-2.95339428168956,0.351,0.7,0,0,"MSI2",NA
0,2.1842456892298,0.572,0.224,0,0,"GRM8",NA
0,-2.16987785536996,0.266,0.613,0,0,"SNCA",NA
0,-2.74775598760368,0.153,0.5,0,0,"GUCY1A1",NA
0,-1.92075146015436,0.232,0.579,0,0,"PCP4",NA
0,-1.54114877401608,0.313,0.656,0,0,"MT-ND5",NA
0,-1.44518964184831,0.382,0.724,0,0,"PSD3",NA
0,2.45063708725122,0.575,0.234,0,0,"PNMA3",NA
0,1.44030776398516,0.772,0.433,0,0,"KLHL1",NA
0,-2.40030822819137,0.096,0.435,0,0,"PDE3A",NA
0,1.03218333207806,0.907,0.573,0,0,"SNTG1",NA
0,-1.58460663466269,0.32,0.654,0,0,"SCOC",NA
0,-2.01650177984314,0.414,0.745,0,0,"FAT3",NA
0,-2.08979497937607,0.384,0.711,0,0,"TMTC2",NA
0,-1.80557651915653,0.309,0.632,0,0,"ST6GALNAC3",NA
0,0.686014301919729,0.863,0.54,0,0,"BRINP3",NA
0,-1.38848360582123,0.243,0.566,0,0,"BTBD3",NA
0,-1.68120679502193,0.165,0.487,0,0,"MT-ND4L",NA
0,-2.1650016950334,0.118,0.439,0,0,"C3orf70",NA
0,0.721271462722785,0.949,0.63,0,0,"RBFOX1","DD_Excit.Thal"
0,1.187180027135,0.821,0.503,0,0,"DAB1",NA
0,-1.72139202929202,0.206,0.522,0,0,"SIPA1L2",NA
0,1.73768907657936,0.641,0.325,0,0,"DLGAP2",NA
0,2.23186413363625,0.503,0.191,0,0,"LINC02223",NA
0,1.07990191028329,0.844,0.536,0,0,"PCDH7",NA
0,-2.47226350064573,0.079,0.386,0,0,"WLS",NA
0,-2.76870110891081,0.133,0.44,0,0,"KCNH8",NA
0,-3.61288434846353,0.272,0.579,0,0,"QKI",NA
0,-3.15377806497269,0.063,0.369,0,0,"LMCD1-AS1",NA
0,-1.60703617898622,0.227,0.532,0,0,"HIPK2",NA
0,1.66458839640616,0.526,0.223,0,0,"ADAMTS19","DD_Inhib.Thal"
0,-1.30026325025303,0.446,0.749,0,0,"BAZ2B",NA
0,-3.91322218301997,0.035,0.337,0,0,"RASGRP1","DD_MHb"
0,2.40996377482968,0.77,0.157,0,1,"XIST",NA
0,-5.8890961660745,0.01,0.549,0,1,"USP9Y",NA
0,2.5484430259199,0.76,0.231,0,1,"CDH4","DD_LHb"
0,-5.58826495771127,0.026,0.543,0,1,"TTTY14",NA
0,-5.79971637673849,0.011,0.525,0,1,"UTY",NA
0,2.54174154399882,0.746,0.245,0,1,"AC007614.1","DD_LHb"
0,4.76168111832173,0.526,0.032,0,1,"AC244502.1",NA
0,1.88407470178548,0.87,0.379,0,1,"KCNH8",NA
0,2.29518871718576,0.797,0.319,0,1,"EBF1",NA
0,2.54798045004047,0.62,0.142,0,1,"RFTN1","DD_LHb"
0,2.79656829460304,0.707,0.237,0,1,"GRIK4",NA
0,-6.03304543680402,0.011,0.471,0,1,"NLGN4Y",NA
0,1.74600623673885,0.933,0.476,0,1,"SEMA6D",NA
0,2.07203445562846,0.856,0.4,0,1,"SORCS3",NA
0,2.11517266688832,0.683,0.245,0,1,"MAPK4",NA
0,1.47744571158206,0.794,0.357,0,1,"PLCH1",NA
0,-3.4926206640294,0.24,0.675,0,1,"ATP6V0C",NA
0,-3.64418637928029,0.207,0.637,0,1,"BEX1",NA
0,1.88946082210593,0.785,0.359,0,1,"KIF26B",NA
0,1.36516464529776,0.901,0.475,0,1,"ARHGAP24",NA
0,-3.43776357098414,0.151,0.575,0,1,"ATP6V0B",NA
0,-3.10788106146368,0.227,0.647,0,1,"UBB",NA
0,2.25671692636906,0.75,0.334,0,1,"KLHL29",NA
0,-3.064152507258,0.221,0.635,0,1,"SELENOW",NA
0,1.6480945440358,0.91,0.497,0,1,"ST6GALNAC5",NA
0,-3.49973828637833,0.168,0.579,0,1,"RNASEK",NA
0,-3.51518597449076,0.31,0.719,0,1,"TUBA1B",NA
0,2.52582958357921,0.553,0.146,0,1,"LINC01876","DD_LHb"
0,-3.14996893627749,0.241,0.648,0,1,"OAZ1",NA
0,-3.68119682389786,0.17,0.573,0,1,"TUBB2A",NA
0,-3.15334327047475,0.237,0.639,0,1,"RPL41",NA
0,-3.10971076471698,0.202,0.6,0,1,"COX7C",NA
0,-3.16300401392573,0.173,0.568,0,1,"CHCHD2",NA
0,-3.02419343609196,0.293,0.686,0,1,"PPIA",NA
0,-2.96360640564874,0.196,0.589,0,1,"RPL7A",NA
0,-3.08441491845027,0.211,0.6,0,1,"BEX2",NA
0,1.57758015106973,0.819,0.431,0,1,"NKAIN3",NA
0,-2.78075069513995,0.254,0.64,0,1,"RPL15",NA
0,-3.27076059613816,0.166,0.552,0,1,"PRDX2",NA
0,-2.43912654732261,0.325,0.711,0,1,"FTL",NA
0,-3.33815690127449,0.155,0.539,0,1,"TPI1",NA
0,-3.14648233563111,0.195,0.579,0,1,"COX6A1",NA
0,1.78769969410543,0.545,0.162,0,1,"ABCC4",NA
0,-2.84197230636829,0.229,0.612,0,1,"RPS15",NA
0,-2.86368083312411,0.241,0.623,0,1,"COX4I1",NA
0,-3.22574220652342,0.231,0.612,0,1,"NDUFA4",NA
0,-3.1288747079989,0.319,0.699,0,1,"BEX3",NA
0,-3.22687453364045,0.152,0.531,0,1,"ATP5MC3",NA
0,-2.71555820064491,0.213,0.592,0,1,"GABARAP",NA
0,0.863138848203485,0.801,0.423,0,1,"KIAA1217","DD_LHb"
0,2.4770237807999,0.792,0.186,0,2,"GPR151","LB_Hb neuron specific"
0,2.07918277946781,0.762,0.187,0,2,"GNG8","DD_MHb"
0,2.05859899060806,0.881,0.317,0,2,"AMIGO2",NA
0,1.6803380951453,0.974,0.412,0,2,"NWD2",NA
0,1.93664814358824,0.72,0.171,0,2,"POU4F1","LB_Hb neuron specific"
0,1.68298071848702,0.916,0.385,0,2,"CADPS2",NA
0,1.85401735836419,0.829,0.3,0,2,"NECAB2",NA
0,1.93257288164746,0.797,0.283,0,2,"HIST1H4C",NA
0,1.79895843363025,0.916,0.413,0,2,"NRN1",NA
0,1.79151277945971,0.682,0.179,0,2,"CHRNB3","DD_MHb"
0,1.33070011328802,0.87,0.376,0,2,"NRP2",NA
0,1.53889968619809,0.706,0.216,0,2,"IRX2",NA
0,2.25076823660323,0.662,0.179,0,2,"SSTR2",NA
0,0.863622967170589,0.76,0.278,0,2,"CSGALNACT1",NA
0,1.71312266561588,0.691,0.212,0,2,"LRRC55",NA
0,1.27027448104416,0.89,0.416,0,2,"ZIC1",NA
0,1.28638244090106,0.718,0.244,0,2,"EGFR",NA
0,1.03972306563944,0.925,0.452,0,2,"DACH1",NA
0,1.73752753927913,0.668,0.197,0,2,"TP53I11",NA
0,1.08637637608488,0.694,0.227,0,2,"CDC14A",NA
0,1.30375809737634,0.898,0.434,0,2,"TTC39C",NA
0,1.76057279502532,0.923,0.461,0,2,"ITM2C",NA
0,-3.57370947471164,0.063,0.525,0,2,"TTTY14",NA
0,-3.05386546870214,0.071,0.53,0,2,"USP9Y",NA
0,0.986432858283829,0.843,0.389,0,2,"TLE4",NA
0,1.77579525889269,0.908,0.458,0,2,"PRKD1",NA
0,-3.95774188714032,0.231,0.676,0,2,"RBFOX1","DD_Excit.Thal"
0,-2.95189543478042,0.067,0.507,0,2,"UTY",NA
0,2.00024782106832,0.966,0.531,0,2,"TSPAN13",NA
0,1.50307137840118,0.861,0.427,0,2,"DUT",NA
0,1.44845683501086,0.8,0.369,0,2,"LHX9",NA
0,1.43424457728305,0.718,0.287,0,2,"COX17",NA
0,1.48920371687226,0.863,0.434,0,2,"NDUFB4",NA
0,1.25890397351774,0.758,0.329,0,2,"AP1S2",NA
0,1.40919917343238,0.823,0.394,0,2,"C3orf70",NA
0,1.23902380439314,0.812,0.384,0,2,"RGMB",NA
0,0.834169659969109,0.713,0.285,0,2,"OBI1-AS1",NA
0,1.71856365826522,0.62,0.196,0,2,"MAOA",NA
0,1.28181625543719,0.705,0.281,0,2,"PDE2A","DD_MHb"
0,1.05187910317342,0.767,0.345,0,2,"SYTL2",NA
0,1.1937005162357,0.649,0.227,0,2,"CACNB3",NA
0,1.38718053768229,0.739,0.321,0,2,"NDUFA7",NA
0,1.20330555735235,0.827,0.409,0,2,"UBL5",NA
0,1.4489513008222,0.595,0.182,0,2,"NR4A2",NA
0,1.29636261967299,0.849,0.438,0,2,"SRP9",NA
0,1.69345230169141,0.729,0.32,0,2,"ADCYAP1","DD_LHb"
0,1.22675597813111,0.975,0.567,0,2,"SNCA",NA
0,1.3948818449824,0.808,0.4,0,2,"ATP5PD",NA
0,1.298995460925,0.793,0.385,0,2,"NDUFB7",NA
0,1.56692503330845,0.588,0.182,0,2,"CHRNA6",NA
0,5.26111696593813,0.938,0.037,0,3,"CASQ2",NA
0,3.89609597093564,0.978,0.082,0,3,"AC016766.1",NA
0,3.98029586636868,0.987,0.102,0,3,"CCBE1",NA
0,3.62088478858352,0.983,0.125,0,3,"IL1RAPL2",NA
0,4.12449002804073,0.922,0.067,0,3,"MIR31HG",NA
0,3.25180525275565,0.987,0.135,0,3,"PTPN3",NA
0,3.18291604434494,0.976,0.134,0,3,"PRKCH",NA
0,3.52812336820732,0.921,0.08,0,3,"MRVI1","DD_Astrocyte"
0,3.40334587356057,0.972,0.136,0,3,"MYO1B","DD_Endo"
0,3.29143636844278,0.991,0.156,0,3,"CNKSR3",NA
0,2.85962124309582,0.991,0.162,0,3,"CLMN",NA
0,3.10190110636412,0.967,0.139,0,3,"NPL",NA
0,3.66417511970668,0.902,0.078,0,3,"RASSF3",NA
0,2.79908978798122,0.972,0.152,0,3,"RGS16",NA
0,4.00684201805267,0.928,0.111,0,3,"CD226",NA
0,3.6181552833716,0.994,0.177,0,3,"THSD4",NA
0,3.1461088642369,0.977,0.161,0,3,"PTK2B",NA
0,3.50974287721721,0.872,0.06,0,3,"ATP10A",NA
0,2.43654592563464,0.902,0.101,0,3,"PVALB",NA
0,3.1549254325277,0.942,0.142,0,3,"IL1RAP",NA
0,3.34119957599683,0.957,0.157,0,3,"TRPC3","DD_Endo"
0,3.38562800021245,0.891,0.105,0,3,"COL4A3",NA
0,3.46387615869912,0.882,0.104,0,3,"DPYS",NA
0,3.83357838538909,0.832,0.057,0,3,"ADGRG6",NA
0,3.21233497546151,0.879,0.105,0,3,"MAMDC2",NA
0,3.25364236789015,0.825,0.053,0,3,"CYP2J2",NA
0,3.87976313444862,0.818,0.05,0,3,"ABHD12B",NA
0,3.64989988382846,0.835,0.071,0,3,"MIR222HG",NA
0,2.81237014881328,0.98,0.217,0,3,"KITLG",NA
0,2.55874772110344,0.973,0.211,0,3,"TANC1",NA
0,4.36364488744424,0.79,0.033,0,3,"SLC7A2",NA
0,3.005423479657,0.843,0.089,0,3,"STUM",NA
0,3.09484967651815,0.843,0.09,0,3,"TSPAN14",NA
0,2.38160159483488,0.968,0.219,0,3,"LYPD6B",NA
0,2.67728380277648,0.952,0.204,0,3,"U91319.1",NA
0,3.50406401295749,0.829,0.083,0,3,"LINC02653",NA
0,3.5005392119688,0.817,0.074,0,3,"COL4A4",NA
0,2.5161648347289,0.93,0.188,0,3,"GABRA4","DD_Excit.Thal"
0,3.39601523053951,0.819,0.077,0,3,"GDNF-AS1",NA
0,2.82945610855266,0.899,0.158,0,3,"AP000943.2","DD_Excit.Thal"
0,2.52893917237693,0.99,0.251,0,3,"PPFIBP1",NA
0,2.49258210725198,0.977,0.239,0,3,"IPCEF1",NA
0,2.54264203824836,0.949,0.214,0,3,"TGFBR1",NA
0,2.73238127341929,0.804,0.071,0,3,"UACA","DD_Endo"
0,2.83150166821276,0.985,0.252,0,3,"ILDR2",NA
0,2.87452046810515,0.991,0.258,0,3,"B3GLCT",NA
0,1.45004628325208,0.834,0.104,0,3,"CFAP299",NA
0,4.2547706328197,0.768,0.041,0,3,"FAM20A",NA
0,2.22851800304044,0.915,0.192,0,3,"ADAM12",NA
0,2.39777321855713,0.905,0.184,0,3,"CDH6","DD_Endo"
0,3.12591015249954,0.86,0.22,0,4,"CDC14A",NA
0,2.76861079188632,0.839,0.239,0,4,"EGFR",NA
0,2.3990428469776,0.975,0.383,0,4,"CADPS2",NA
0,3.7718959038143,0.761,0.17,0,4,"PDE11A",NA
0,2.46386951737702,0.877,0.296,0,4,"THSD7B","DD_MHb"
0,3.28042268204846,0.74,0.164,0,4,"AL137139.2","DD_MHb"
0,1.76192379608437,0.924,0.356,0,4,"AC109466.1","DD_MHb"
0,3.98909223902785,0.65,0.086,0,4,"F13A1",NA
0,2.14317233775021,0.964,0.413,0,4,"NWD2",NA
0,-4.70319602508084,0.131,0.68,0,4,"RBFOX1","DD_Excit.Thal"
0,-2.5383429088845,0.22,0.758,0,4,"MIR99AHG",NA
0,-3.14218833405723,0.139,0.675,0,4,"LINGO2",NA
0,-3.27579716230809,0.308,0.838,0,4,"PTPRD",NA
0,1.79391033362515,0.829,0.304,0,4,"AC008415.1","DD_MHb"
0,-3.08884603001549,0.066,0.571,0,4,"CACNA2D1",NA
0,-4.93818181457188,0.031,0.526,0,4,"GABRB2",NA
0,2.61034985887124,0.687,0.195,0,4,"CABLES1",NA
0,-2.93498007870484,0.214,0.703,0,4,"FRMD4A",NA
0,2.05922034477256,0.94,0.452,0,4,"DACH1",NA
0,-2.76244976012104,0.244,0.722,0,4,"LRRTM4",NA
0,-3.16714268384046,0.101,0.575,0,4,"KALRN",NA
0,-2.65820158362951,0.176,0.647,0,4,"SLC2A13",NA
0,-2.64568572835116,0.157,0.627,0,4,"BASP1",NA
0,2.02438830559339,0.747,0.279,0,4,"CSGALNACT1",NA
0,-2.60642739704177,0.246,0.709,0,4,"FRMD5",NA
0,-4.06904537638979,0.05,0.511,0,4,"VSNL1",NA
0,2.1837059909402,0.641,0.184,0,4,"AC092957.1",NA
0,-3.66192803074506,0.056,0.511,0,4,"CACNA1A",NA
0,3.12238740720314,0.956,0.504,0,4,"ASIC2",NA
0,1.95642105738252,0.756,0.306,0,4,"POU6F2",NA
0,2.21932188924548,0.697,0.247,0,4,"SYT6",NA
0,2.62882779836728,0.757,0.308,0,4,"SORCS2",NA
0,2.76923650290759,0.602,0.156,0,4,"ONECUT1",NA
0,2.32090245074274,0.726,0.285,0,4,"SHROOM3",NA
0,-3.2183650396561,0.14,0.58,0,4,"PCDH7",NA
0,2.24353488300324,0.675,0.24,0,4,"PDGFD",NA
0,-2.59669239883979,0.148,0.583,0,4,"CACNA1B",NA
0,-3.54677317269577,0.307,0.739,0,4,"KCNIP4",NA
0,1.94174037226796,0.941,0.509,0,4,"ST6GALNAC5",NA
0,-5.67315275934468,0.016,0.447,0,4,"GABRA1",NA
0,-2.58484815886253,0.221,0.651,0,4,"SPOCK3",NA
0,-3.52750660299572,0.046,0.476,0,4,"CACHD1",NA
0,-3.40725942693273,0.102,0.53,0,4,"KCNQ3",NA
0,2.31947813298235,0.722,0.294,0,4,"RASGRP1","DD_MHb"
0,3.03034168059653,0.597,0.169,0,4,"GPR39","DD_MHb"
0,-2.28134079987237,0.197,0.622,0,4,"PRNP",NA
0,-2.11497597207625,0.28,0.702,0,4,"DPP10",NA
0,-2.20990838151761,0.327,0.748,0,4,"NTM",NA
0,-2.83118952119375,0.192,0.613,0,4,"PLCB1",NA
0,1.59511766936418,0.837,0.417,0,4,"PLD5",NA
0,4.0717358493921,0.963,0.101,0,5,"ST18","DD_Oligo"
0,4.21133712364048,0.904,0.089,0,5,"MOBP","DD_Oligo"
0,4.21133712364048,0.904,0.089,0,5,"MOBP","LB_oligodendrocyte"
0,4.65311277110791,0.949,0.136,0,5,"TF",NA
0,-4.30699926167336,0.093,0.895,0,5,"RIMS2",NA
0,-4.61878436857965,0.078,0.878,0,5,"MEG3",NA
0,3.9993183723662,0.938,0.14,0,5,"TMEM144",NA
0,-4.06130659450424,0.111,0.905,0,5,"FGF14",NA
0,-4.01487593611829,0.108,0.896,0,5,"RALYL",NA
0,-3.42905965622874,0.1,0.887,0,5,"CNTN1",NA
0,-4.35522285228034,0.138,0.925,0,5,"FAM155A",NA
0,-4.26163564743301,0.094,0.873,0,5,"DSCAM",NA
0,4.26583404384211,0.985,0.207,0,5,"PLP1",NA
0,-4.13196479363614,0.097,0.866,0,5,"KCND2",NA
0,4.01839580943229,0.862,0.102,0,5,"UGT8",NA
0,-4.35653651932616,0.073,0.827,0,5,"MEG8",NA
0,3.98038359596388,0.835,0.088,0,5,"AC012494.1","DD_Oligo"
0,3.48507109629811,0.89,0.144,0,5,"ZEB2",NA
0,-4.43577231395012,0.077,0.823,0,5,"ATRNL1",NA
0,-4.02929415820199,0.082,0.827,0,5,"AGBL4",NA
0,-4.01941358105868,0.092,0.834,0,5,"SLC8A1",NA
0,-3.74805022494741,0.105,0.842,0,5,"PAM",NA
0,-3.97112539612345,0.159,0.895,0,5,"SYT1","LB_neuron"
0,-4.11815888141288,0.094,0.829,0,5,"OPCML",NA
0,-3.9613343474881,0.104,0.837,0,5,"FGF12",NA
0,-3.88854909786527,0.063,0.794,0,5,"UNC80",NA
0,-3.88629425864679,0.094,0.825,0,5,"SNAP25","LB_neuron"
0,3.98575683487695,0.815,0.086,0,5,"ANLN","DD_Oligo"
0,-4.5789008078217,0.063,0.791,0,5,"FRMPD4",NA
0,-4.57312960076467,0.081,0.808,0,5,"DLGAP1",NA
0,-4.25159137278476,0.056,0.783,0,5,"PAK3",NA
0,4.37251289269131,0.796,0.079,0,5,"PPP1R14A","DD_Oligo"
0,-3.9200261230883,0.082,0.797,0,5,"ATP8A2",NA
0,4.16041322589532,0.793,0.079,0,5,"CLDN11","DD_Oligo"
0,-4.16040866014586,0.07,0.784,0,5,"NRCAM",NA
0,-3.70213454738319,0.227,0.936,0,5,"NRG3",NA
0,-4.41661460398288,0.059,0.768,0,5,"LRFN5",NA
0,-3.25322531034292,0.162,0.871,0,5,"GPM6A",NA
0,-4.32250753271385,0.054,0.762,0,5,"MYT1L",NA
0,-4.15729658425491,0.06,0.764,0,5,"GABRB3",NA
0,-3.64582083739705,0.078,0.78,0,5,"CELF4",NA
0,3.67754299282856,0.878,0.176,0,5,"ENPP2","DD_Oligo"
0,-3.52951136911391,0.123,0.824,0,5,"PTPRN2",NA
0,-3.82672895432017,0.082,0.782,0,5,"DCLK1",NA
0,-4.11411516003716,0.052,0.752,0,5,"SLC4A10",NA
0,-3.74492825290441,0.077,0.775,0,5,"STXBP5L",NA
0,4.25226748780138,0.781,0.083,0,5,"SELENOP",NA
0,-3.36739975867587,0.171,0.869,0,5,"CSMD3",NA
0,-3.93439597121934,0.069,0.763,0,5,"GABBR2",NA
0,-4.40126609436316,0.051,0.745,0,5,"ZEB1",NA
0,-4.046201267184,0.055,0.746,0,5,"CHL1",NA
0,1.35346404566022,0.739,0.236,0,6,"TTTY10",NA
0,0.770827539182375,0.895,0.42,0,6,"NLGN4Y",NA
0,1.08066239487985,0.869,0.399,0,6,"AC119673.2",NA
0,1.07717177902913,0.958,0.488,0,6,"TTTY14",NA
0,1.21606944702515,0.917,0.491,0,6,"KCNB2",NA
0,0.776575986758065,0.658,0.244,0,6,"KDM5D",NA
0,1.13023179406491,0.907,0.496,0,6,"SCN9A",NA
0,1.05392217724323,0.909,0.514,0,6,"DAB1",NA
0,1.72135680555688,0.548,0.16,0,6,"SHOX2",NA
0,1.12417260299863,0.843,0.46,0,6,"AC006115.2",NA
0,1.11699244548922,0.933,0.551,0,6,"GABRB1",NA
0,1.35547179455788,0.692,0.315,0,6,"NXPH1",NA
0,0.694854938010805,0.576,0.202,0,6,"ARL17B",NA
0,1.36926552170667,0.542,0.169,0,6,"RAB3B","DD_Excit.Thal"
0,1.05757746162404,0.922,0.551,0,6,"IQCJ-SCHIP1","DD_Excit.Thal"
0,1.18289864897615,0.554,0.19,0,6,"AC108169.1",NA
0,1.00004847063125,0.957,0.62,0,6,"RMST",NA
0,1.71245429714792,0.392,0.109,0,6,"PRLR",NA
0,0.94224692172464,0.984,0.756,0,6,"PEG3",NA
0,2.01935664742344,0.262,0.057,0,6,"PRDM8",NA
0,2.28927680637245,0.259,0.057,0,6,"FGF10",NA
0,0.992253521626328,0.995,0.825,0,6,"GRIK2",NA
0,0.666256576426169,0.997,0.849,0,6,"AHI1",NA
0,1.89533942972551,0.157,0.021,0,6,"IGLL1",NA
9.29079963948432e-306,2.23556042171951,0.209,0.038,3.40052557604766e-301,6,"TFAP2D",NA
1.38268483307244e-305,1.19273332408213,0.82,0.452,5.06076475752845e-301,6,"MIR137HG","DD_Excit.Thal"
5.29686917407776e-305,1.19262177297853,0.596,0.232,1.9387070864042e-300,6,"ARHGEF28","DD_Excit.Thal"
2.10351478512759e-304,0.825466709963107,0.962,0.607,7.69907446504549e-300,6,"STMN2",NA
9.31213715283825e-304,1.11120725124288,0.448,0.142,3.40833531931033e-299,6,"PDGFC","DD_OPC"
8.02260248171839e-296,0.765694497489153,0.948,0.493,2.93635273433375e-291,6,"USP9Y",NA
1.00675873349902e-291,0.688706760152666,0.933,0.471,3.68483764047977e-287,6,"UTY",NA
1.69866472379162e-289,1.05747728709248,0.546,0.201,6.2172827555497e-285,6,"AC107398.3","DD_Excit.Thal"
6.33363909034613e-288,1.08534701333199,0.507,0.181,2.31817524345759e-283,6,"DIRAS3",NA
2.67466483777201e-286,0.839305791164705,0.988,0.823,9.78954077272932e-282,6,"NOVA1",NA
3.70335510581806e-285,1.04253283903768,0.509,0.184,1.35546500228047e-280,6,"HS3ST4",NA
3.41602654325709e-282,0.986556799816195,0.616,0.255,1.25029987509753e-277,6,"SEMA5A",NA
4.64806345015901e-282,1.03534134188748,0.462,0.152,1.7012377033927e-277,6,"RTP5",NA
5.14986136277198e-281,1.08754560400829,0.503,0.179,1.88490075738817e-276,6,"AL583808.1",NA
1.03395566680741e-280,1.04365984060035,0.627,0.26,3.78438113608179e-276,6,"FAR2",NA
7.64980949374893e-279,0.882933598609203,0.932,0.558,2.79990677280705e-274,6,"GABRG2",NA
5.70138021511428e-277,1.15660628694509,0.727,0.357,2.08676217253398e-272,6,"ARPP21",NA
1.98106786488593e-274,0.923917215326905,0.765,0.363,7.25090649226899e-270,6,"SCN7A","DD_Excit.Thal"
2.17021321347327e-273,1.87862935403528,0.159,0.025,7.9431973826335e-269,6,"LINC01060",NA
4.71009436142584e-273,0.776189840766764,0.968,0.682,1.72394163722547e-268,6,"AL513166.1",NA
5.39747600065117e-269,1.08417038565723,0.549,0.214,1.97553019099833e-264,6,"DIRC3",NA
1.98184038130961e-267,0.898977903192712,0.708,0.321,7.25373397963131e-263,6,"AC093879.1",NA
8.25783998908349e-266,1.10150527778339,0.515,0.194,3.02245201440445e-261,6,"LINC00937","DD_Excit.Thal"
1.12113464611922e-260,0.775996559157969,0.841,0.413,4.10346491826097e-256,6,"GABRA1",NA
1.02595906006104e-257,0.47038476432928,1,0.953,3.75511275572942e-253,6,"SNHG14",NA
4.65092018415052e-256,1.17581542658401,0.421,0.143,1.70228329660093e-251,6,"AC110023.1",NA
0,2.06705021328227,0.871,0.188,0,7,"GNG8","DD_MHb"
0,1.79362512134204,0.947,0.359,0,7,"AC109466.1","DD_MHb"
0,1.77988618168163,0.887,0.305,0,7,"AC008415.1","DD_MHb"
0,1.68446857662517,0.965,0.387,0,7,"CADPS2",NA
0,-5.00233358719776,0.114,0.677,0,7,"RBFOX1","DD_Excit.Thal"
0,1.89079385810255,0.97,0.416,0,7,"NWD2",NA
0,2.23171579082028,0.874,0.321,0,7,"AMIGO2",NA
0,2.50404931549038,0.738,0.192,0,7,"GPR151","LB_Hb neuron specific"
0,2.11438412732913,0.743,0.228,0,7,"CDC14A",NA
0,-3.44277485616001,0.193,0.701,0,7,"FRMD4A",NA
0,-2.97372667790789,0.247,0.748,0,7,"NTM",NA
0,2.0035693270256,0.799,0.303,0,7,"THSD7B","DD_MHb"
0,-3.99740294134005,0.092,0.579,0,7,"PCDH7",NA
0,-5.05144891591306,0.028,0.509,0,7,"CACNA1A",NA
0,2.39485644472507,0.765,0.288,0,7,"HIST1H4C",NA
0,-4.3282298071753,0.047,0.522,0,7,"GABRB2",NA
0,-3.43824614792303,0.155,0.611,0,7,"PLCB1",NA
0,-3.15003848726726,0.269,0.723,0,7,"PDE4B",NA
0,-2.40576778245644,0.303,0.752,0,7,"MIR99AHG",NA
0,2.61500095189412,0.983,0.534,0,7,"TSPAN13",NA
0,1.19586485270859,0.897,0.456,0,7,"DACH1",NA
0,1.6520771676225,0.905,0.465,0,7,"ITM2C",NA
0,-3.42462428669983,0.239,0.674,0,7,"CADPS",NA
0,1.45332953689545,0.671,0.249,0,7,"EGFR",NA
0,1.46445655236029,0.977,0.581,0,7,"VAV3",NA
0,1.32337409660039,0.799,0.421,0,7,"PLD5",NA
0,1.33848649705317,0.663,0.285,0,7,"CSGALNACT1",NA
0,1.96810976307794,0.562,0.187,0,7,"CHRNB3","DD_MHb"
0,1.61049335898909,0.81,0.439,0,7,"NDUFB4",NA
0,-2.34951547260105,0.462,0.829,0,7,"PTPRD",NA
0,1.31963700286687,0.936,0.571,0,7,"SNCA",NA
0,2.03523341733671,0.584,0.219,0,7,"LRRC55",NA
0,1.52445787774867,0.805,0.441,0,7,"TTC39C",NA
0,1.74414805313105,0.784,0.421,0,7,"NRN1",NA
0,1.61452700810361,0.761,0.403,0,7,"TOMM7",NA
0,1.3466580773792,0.757,0.404,0,7,"CD63",NA
0,1.3336356977952,0.774,0.423,0,7,"ZIC1",NA
0,2.37908424081102,0.484,0.137,0,7,"AC004594.1","DD_MHb"
0,-3.07169524126472,0.443,0.784,0,7,"RORA",NA
0,1.23235132909855,0.954,0.618,0,7,"PCSK2",NA
0,2.02566078592759,0.54,0.205,0,7,"MCUB",NA
0,1.22389537175925,0.853,0.519,0,7,"RPS27A",NA
0,1.05295098502684,0.844,0.511,0,7,"ASIC2",NA
0,1.75152874489578,0.758,0.428,0,7,"OPRM1",NA
0,1.51039627907406,0.772,0.442,0,7,"RPL27",NA
0,1.35498914478428,0.831,0.502,0,7,"RPL21",NA
0,1.14786090278314,0.897,0.574,0,7,"NDUFA4",NA
0,3.48442554432254,0.37,0.05,0,7,"TAC3",NA
0,1.17547327715127,0.918,0.6,0,7,"RPL41",NA
0,1.98406415974916,0.5,0.183,0,7,"PDE11A",NA
0,4.18081492052328,0.939,0.113,0,8,"KIT","DD_Inhib.Thal"
0,3.29867815399201,0.942,0.133,0,8,"OTX2-AS1","DD_Inhib.Thal"
0,2.92796354763691,0.923,0.154,0,8,"MEIS2","DD_Inhib.Thal"
0,2.92796354763691,0.923,0.154,0,8,"MEIS2","LB_Thalamus/MDm"
0,3.79999109164478,0.905,0.137,0,8,"GAD1","DD_Inhib.Thal"
0,3.79999109164478,0.905,0.137,0,8,"GAD1","LB_inhibitory_neuron"
0,3.60102262388633,0.958,0.257,0,8,"SYNPR","DD_Inhib.Thal"
0,3.01204955203997,0.827,0.132,0,8,"GAD2","DD_Inhib.Thal"
0,3.01204955203997,0.827,0.132,0,8,"GAD2","LB_inhibitory_neuron"
0,3.20479499196371,0.814,0.128,0,8,"RORB",NA
0,2.51462717455865,0.975,0.308,0,8,"ZFPM2",NA
0,3.66734106317767,0.831,0.183,0,8,"NR2F2",NA
0,-5.32782331184214,0.039,0.686,0,8,"ENOX1",NA
0,-4.99908977963644,0.133,0.776,0,8,"TENM2",NA
0,-5.23559306262115,0.033,0.664,0,8,"PARD3",NA
0,-5.45050803310708,0.028,0.653,0,8,"RMST",NA
0,-5.76805724666717,0.033,0.632,0,8,"DGKB",NA
0,2.14570556915939,0.917,0.321,0,8,"NELL1","DD_Inhib.Thal"
0,0.944040910599996,0.874,0.287,0,8,"ADARB2",NA
0,2.17396405807283,0.939,0.356,0,8,"CHRM2",NA
0,2.71235224693399,0.938,0.356,0,8,"SPHKAP","DD_Inhib.Thal"
0,-4.62026291471379,0.042,0.622,0,8,"TMEM163",NA
0,-4.12921925916534,0.055,0.629,0,8,"HECW2",NA
0,2.61585673876086,0.807,0.234,0,8,"NR2F2-AS1",NA
0,-4.39065339940207,0.062,0.635,0,8,"ALCAM",NA
0,-3.84545153984766,0.124,0.692,0,8,"TCF7L2",NA
0,-3.9174297425486,0.119,0.685,0,8,"KCNH7",NA
0,2.77525504727716,0.847,0.281,0,8,"PCBP3",NA
0,-6.74102512961843,0.016,0.581,0,8,"SRGAP1",NA
0,2.79756688767183,0.728,0.165,0,8,"SEMA3C",NA
0,-4.93900982633986,0.036,0.592,0,8,"PRR16",NA
0,-3.84762353574624,0.067,0.619,0,8,"NELL2",NA
0,2.89433713714035,0.784,0.239,0,8,"SLC6A1",NA
0,-5.41866984273204,0.02,0.562,0,8,"EPHA5","DD_LHb"
0,-5.08660184021696,0.045,0.586,0,8,"BRINP3",NA
0,-3.28777110262973,0.132,0.672,0,8,"NEBL",NA
0,2.34688043148324,0.896,0.356,0,8,"UNC13C","DD_Inhib.Thal"
0,-4.70937380529879,0.029,0.568,0,8,"SLC17A6","LB_excitatory_neuron"
0,2.34141350327978,0.988,0.45,0,8,"GRIK1",NA
0,-4.10800311422755,0.041,0.574,0,8,"NTRK3",NA
0,-3.05893685270074,0.1,0.631,0,8,"ARFGEF3",NA
0,2.36465144241867,0.753,0.224,0,8,"PDZRN3",NA
0,-4.94477226688281,0.049,0.578,0,8,"SGCD",NA
0,-4.92162334316746,0.037,0.56,0,8,"KIRREL3",NA
0,3.24717847303923,0.691,0.17,0,8,"HPCA","DD_Inhib.Thal"
0,-3.68386926131584,0.131,0.651,0,8,"FSTL5",NA
0,-3.44399871591053,0.144,0.661,0,8,"ZNF804A",NA
0,-2.62753650162246,0.138,0.654,0,8,"ENAH",NA
0,-2.90780016527227,0.342,0.856,0,8,"NKAIN2",NA
0,-5.36443574857099,0.045,0.558,0,8,"LHFPL3","DD_OPC"
0,-6.3902409550891,0.016,0.525,0,8,"SEMA6D",NA
0,-4.70625305725767,0.055,0.562,0,8,"PEX5L",NA
0,2.98991980786737,0.668,0.163,0,8,"GREM2","DD_Inhib.Thal"
0,2.69473618722699,0.737,0.207,0,9,"CBLN2","DD_LHb"
0,1.87900118488593,0.752,0.24,0,9,"PCDH11Y",NA
0,1.93393159736708,0.824,0.324,0,9,"HTR2C","DD_LHb"
0,1.93393159736708,0.824,0.324,0,9,"HTR2C","LB_LHB neuron specific"
0,1.63948002993028,0.768,0.287,0,9,"OBI1-AS1",NA
0,0.923795046416244,0.887,0.42,0,9,"NWD2",NA
0,2.15938492441849,0.597,0.162,0,9,"RFTN1","DD_LHb"
0,2.41081046821105,0.566,0.137,0,9,"HTR4","DD_LHb"
0,1.29708265508648,0.607,0.198,0,9,"GPR151","LB_Hb neuron specific"
0,1.55464051222198,0.778,0.375,0,9,"PLCH1",NA
0,1.65818088251257,0.822,0.443,0,9,"SV2B",NA
0,2.90964895459649,0.419,0.06,0,9,"MSC-AS1",NA
0,2.76682540949298,0.414,0.062,0,9,"BVES","DD_LHb"
0,2.26173303191991,0.497,0.147,0,9,"GALR1","DD_LHb"
0,2.05925257610179,0.494,0.149,0,9,"RGS4",NA
0,2.26196319202693,0.428,0.118,0,9,"LGR5",NA
0,1.33855159264652,0.855,0.546,0,9,"NTRK3",NA
0,1.39319679686566,0.957,0.657,0,9,"KCNH7",NA
0,2.52928352996906,0.372,0.077,0,9,"POPDC3",NA
0,1.36271914873116,0.944,0.651,0,9,"THSD7A",NA
0,3.45855098872318,0.312,0.038,0,9,"LINC01497",NA
0,2.94311562224441,0.277,0.044,0,9,"SLC17A8",NA
0,2.75415496025378,0.278,0.048,0,9,"MMRN1","LB_LHB neuron specific"
0,1.23100981506205,0.925,0.722,0,9,"GRID1",NA
0,0.930720186869194,0.978,0.792,0,9,"MEG8",NA
0,1.35100724797913,0.966,0.806,0,9,"PLCG2",NA
0,2.98203661777701,0.172,0.02,0,9,"AC027312.1",NA
0,0.849928696106783,0.993,0.912,0,9,"NLGN1",NA
1.88482673390706e-305,1.2470287097428,0.844,0.449,6.89865432877322e-301,9,"KLHL1",NA
4.42640536391464e-304,1.2986266458759,0.747,0.339,1.6201086272464e-299,9,"EBF1",NA
2.70041463143991e-302,1.24212397432853,0.884,0.576,9.88378759253322e-298,9,"NDUFA4",NA
7.44687088061452e-301,1.96903901305566,0.484,0.161,2.72562921101372e-296,9,"LGI2","DD_LHb"
8.32372492159206e-299,1.24761477114205,0.805,0.401,3.04656655855191e-294,9,"KCNH8",NA
6.36257185549989e-297,2.02045685314446,0.79,0.471,2.32876492483152e-292,9,"COL25A1","DD_LHb"
8.41296988690325e-294,2.37321017219842,0.262,0.054,3.07923110830546e-289,9,"WFDC1",NA
1.38309556041827e-290,1.11021222812492,0.912,0.679,5.06226806068691e-286,9,"TMTC1",NA
1.41747867094537e-289,1.028924091003,0.936,0.737,5.18811368352716e-285,9,"ZNF483",NA
4.66642902387341e-288,1.0625692566843,0.957,0.707,1.70795968702791e-283,9,"CDH18",NA
5.62562334930063e-288,1.31294022689293,0.751,0.346,2.05903440207752e-283,9,"PCDH11X","DD_LHb"
1.5444663387939e-285,1.48911562082209,0.511,0.175,5.65290124661954e-281,9,"PCSK5",NA
2.16985501120278e-284,1.48104331228504,0.814,0.465,7.94188632650328e-280,9,"PRKD1",NA
6.17039199236952e-283,2.2639963700973,0.211,0.037,2.25842517312717e-278,9,"BVES-AS1",NA
8.04170982788472e-277,1.1600463144423,0.977,0.827,2.94334621410409e-272,9,"GRIK2",NA
1.04698154395427e-273,1.42600757065616,0.654,0.293,3.83205714902701e-269,9,"HIST1H4C",NA
6.75887294886817e-273,1.15454209352802,0.858,0.593,2.47381508801524e-268,9,"FLRT2",NA
1.8450951873259e-271,1.99904500764351,0.236,0.047,6.75323289513152e-267,9,"ADAMTS9",NA
1.26098982093896e-270,1.02027088076265,0.9,0.582,4.61534884361868e-266,9,"SLIT2",NA
1.04716488881781e-259,1.42192799253306,0.759,0.421,3.83272820956206e-255,9,"SORCS3",NA
1.18360412140248e-259,0.705839477010332,0.998,0.922,4.33210944474523e-255,9,"LRP1B",NA
4.35791017992741e-259,0.757075786678366,0.99,0.856,1.59503870495523e-254,9,"CCSER1",NA
2.19043371850948e-256,1.48492463916138,0.781,0.514,8.01720645311655e-252,9,"CLVS2","DD_LHb"
0,1.34014745686897,0.827,0.181,0,10,"XIST",NA
0,1.29031575785102,0.779,0.245,0,10,"TMEM196","DD_LHb"
0,1.62602815157289,0.666,0.133,0,10,"ZNF727",NA
0,2.41095842699419,0.62,0.087,0,10,"BX890604.2",NA
0,-9.03989082362256,0.003,0.527,0,10,"USP9Y",NA
0,1.21150309642398,0.859,0.339,0,10,"RFK",NA
0,1.15586948892156,0.791,0.273,0,10,"SMIM17",NA
0,-8.06661279136799,0.006,0.522,0,10,"TTTY14",NA
0,1.23563547356568,0.931,0.421,0,10,"AUXG01000058.1",NA
0,0.990333221005085,0.798,0.289,0,10,"HIST1H4C",NA
0,1.19048744887315,0.872,0.363,0,10,"SCN7A","DD_Excit.Thal"
0,1.23599979875929,0.742,0.237,0,10,"MEST",NA
0,0.891336288474284,0.839,0.335,0,10,"ALDOC",NA
0,-9.4511753173207,0.002,0.504,0,10,"UTY",NA
0,1.18380224373606,0.822,0.328,0,10,"FABP5",NA
0,1.03897984454649,0.888,0.396,0,10,"SLC7A14","DD_LHb"
0,1.19557918962698,0.905,0.414,0,10,"GABRA1",NA
0,1.28711968395769,0.709,0.223,0,10,"PCDH19",NA
0,0.998619601827582,0.824,0.338,0,10,"DLGAP2",NA
0,1.33692659883301,0.676,0.2,0,10,"AC107398.3","DD_Excit.Thal"
0,0.948936451494941,0.753,0.277,0,10,"PIP5K1B",NA
0,1.23652704006508,0.779,0.305,0,10,"GABRG3","DD_Excit.Thal"
0,1.1533230213808,0.818,0.344,0,10,"BEX5",NA
0,1.21420005996642,0.757,0.287,0,10,"NME1",NA
0,0.972968920674649,0.951,0.491,0,10,"GLRB",NA
0,1.19447385771068,0.676,0.222,0,10,"PLCXD3",NA
0,1.15067127845181,0.632,0.183,0,10,"HS3ST4",NA
0,1.10530736946461,0.652,0.204,0,10,"GSTM3",NA
0,1.11627617254769,0.634,0.19,0,10,"KCNH1",NA
0,1.25361434022319,0.959,0.516,0,10,"DAB1",NA
0,1.33681010875846,0.625,0.191,0,10,"CNR1",NA
0,1.17828568879898,0.606,0.173,0,10,"VAMP1",NA
0,1.0824998723917,0.962,0.534,0,10,"NAP1L3",NA
0,1.27404569267715,0.633,0.214,0,10,"DIRC3",NA
0,1.03199439233443,0.973,0.56,0,10,"GABRG2",NA
0,0.956530301561745,0.591,0.186,0,10,"NRG4",NA
0,1.28883701551257,0.996,0.609,0,10,"STMN2",NA
0,1.37405372592775,0.487,0.1,0,10,"ZNF98",NA
0,1.04723311980554,0.503,0.119,0,10,"FAM118A",NA
0,1.36183048500678,0.517,0.14,0,10,"RBP4",NA
0,1.69060703533783,0.464,0.088,0,10,"RND3",NA
0,1.5079526598704,0.523,0.153,0,10,"GLRA2","DD_Excit.Thal"
0,1.09592716099012,0.507,0.144,0,10,"GABRG1",NA
0,0.917465650348567,0.502,0.14,0,10,"CD83",NA
0,1.52179510273565,0.45,0.096,0,10,"ADRA1A","DD_OPC"
0,1.31472022492374,0.974,0.622,0,10,"RMST",NA
0,1.34300320470451,0.442,0.095,0,10,"ZNF676",NA
0,0.913848299260512,0.468,0.122,0,10,"HAP1",NA
0,1.27097721911317,0.425,0.097,0,10,"RNF128",NA
0,1.39683845175758,0.406,0.083,0,10,"PNPLA4",NA
0,4.43789021429708,0.856,0.054,0,11,"C5orf17",NA
0,1.96812780117918,0.803,0.328,0,11,"BAIAP3",NA
0,1.13400064818569,0.918,0.493,0,11,"TTTY14",NA
0,1.31215476308222,0.871,0.484,0,11,"GRIN1",NA
0,1.41156149870183,0.791,0.41,0,11,"PODXL2",NA
0,1.59356502588432,0.801,0.42,0,11,"CLIP3",NA
0,1.55016219568988,0.615,0.238,0,11,"ATN1",NA
0,2.16547651518529,0.52,0.153,0,11,"RTP5",NA
0,1.85289713272438,0.543,0.186,0,11,"PHYHIP",NA
0,1.76710284445742,0.496,0.15,0,11,"WASHC1",NA
0,2.03546997947099,0.449,0.126,0,11,"CACNA1I","DD_LHb"
0,1.4122563044668,0.87,0.549,0,11,"DKK3",NA
0,2.17556936172415,0.347,0.063,0,11,"NLRP1",NA
0,2.1580771369127,0.347,0.081,0,11,"GPX3",NA
0,1.3901137855153,0.911,0.648,0,11,"SLC22A17",NA
0,2.162529487873,0.319,0.069,0,11,"PNMA6F",NA
0,1.02839488722935,0.929,0.717,0,11,"LINC00486",NA
0,1.14139737337566,0.956,0.759,0,11,"PEG3",NA
0,3.95766946783507,0.205,0.01,0,11,"AC114930.1",NA
0,1.10730011811069,1,0.955,0,11,"MT-CO2",NA
3.27619399139851e-296,1.315439923537,0.998,0.891,1.19911976279177e-291,11,"MT-ATP6",NA
5.41127976158765e-291,1.32651345216866,0.992,0.856,1.9805825055387e-286,11,"MT-ND3",NA
5.6039848046705e-289,1.40548379018512,0.641,0.257,2.05111447835745e-284,11,"SEMA5A",NA
4.65461338805661e-284,1.54410846630257,0.628,0.263,1.7036350461626e-279,11,"CDIP1",NA
2.611095114317e-279,2.02724740864963,0.327,0.08,9.55686922791164e-275,11,"TLE2",NA
9.66551215765202e-279,1.18576383393395,0.883,0.62,3.53767410482221e-274,11,"ATP1A3",NA
3.62801384591871e-273,1.41737681306817,0.722,0.368,1.32788934774471e-268,11,"SYN1",NA
1.25205571432545e-272,1.52500441341641,0.639,0.278,4.5826491200026e-268,11,"ACHE",NA
3.87292062610186e-272,1.25911390497448,0.8,0.452,1.41752767835954e-267,11,"RHBDD2",NA
2.38073924451677e-269,1.14601216376098,0.861,0.586,8.71374370885582e-265,11,"GDI1",NA
2.63933741318182e-266,1.09690636108671,0.992,0.882,9.66023886598679e-262,11,"MT-CYB",NA
1.42716674782512e-265,0.979930942906866,0.995,0.909,5.22357301371472e-261,11,"MT-ND4",NA
3.69222245352646e-264,1.0140028503276,0.96,0.809,1.35139034021522e-259,11,"GNAS",NA
8.43287096760166e-262,1.31173681955982,0.758,0.407,3.08651510285188e-257,11,"TSPYL2",NA
8.18203736015553e-260,1.39085901506039,0.681,0.308,2.99470749419052e-255,11,"GABRG3","DD_Excit.Thal"
2.83383258657445e-257,1.28710704653387,0.612,0.252,1.03721106501211e-252,11,"PNMA3",NA
3.62808631887703e-253,1.38724698307208,0.515,0.186,1.32791587357218e-248,11,"HS3ST4",NA
7.11634239727257e-250,1.37353876015285,0.756,0.444,2.60465248082573e-245,11,"TMEM130",NA
7.47542441031949e-250,1.17375110797351,0.976,0.817,2.73608008842104e-245,11,"MT-ND1",NA
2.53393690958423e-247,0.939565206153771,0.999,0.958,9.27446248276923e-243,11,"MT-CO3",NA
1.3091962740024e-244,1.23115892616373,0.789,0.475,4.79178928247617e-240,11,"PRKAR1B",NA
1.56134564370968e-243,1.08058978465353,0.852,0.533,5.71468119054179e-239,11,"JUND",NA
3.92324929115911e-243,1.52514336540962,0.554,0.22,1.43594847305715e-238,11,"POU2F2","LB_Hb neuron specific"
1.55501460613935e-240,1.09051023159937,0.892,0.584,5.69150895993063e-236,11,"ANKRD30BL",NA
7.39623095171856e-239,1.23062927733015,0.771,0.439,2.70709449063851e-234,11,"TSPYL4",NA
2.9885220076383e-238,0.943855892855655,0.61,0.261,1.0938289400157e-233,11,"HSPA1B",NA
6.50806566630604e-236,1.05060350574419,0.904,0.555,2.38201711452467e-231,11,"CACNA1B",NA
8.79882123569537e-236,1.28020275068821,0.694,0.353,3.22045656047686e-231,11,"CADM3",NA
3.23977760352804e-233,1.40625007651091,0.586,0.245,1.1857910006673e-228,11,"TTTY10",NA
3.9484977197105e-232,1.62039000459327,0.47,0.173,1.44518965039124e-227,11,"FBLL1",NA
0,4.65690835651028,0.932,0.092,0,12,"CTXN3",NA
0,4.10347796382835,0.915,0.083,0,12,"ITGA8",NA
0,5.2714966177379,0.854,0.029,0,12,"LINC01239",NA
0,4.2214446636013,0.881,0.064,0,12,"TPBG",NA
0,3.11314128347475,0.898,0.117,0,12,"SULF1","DD_Excit.Thal"
0,4.35802650621422,0.966,0.193,0,12,"CBLN4",NA
0,3.38120901679568,0.925,0.161,0,12,"GOLIM4",NA
0,3.61754234125743,0.887,0.123,0,12,"PRSS23",NA
0,2.69264387760655,0.923,0.173,0,12,"ADCY2",NA
0,2.87361185358779,0.951,0.205,0,12,"TMEM132C","DD_OPC"
0,4.73466907862911,0.791,0.046,0,12,"BTNL9",NA
0,3.51790273414573,0.935,0.194,0,12,"NEFH",NA
0,2.94995507628213,0.856,0.121,0,12,"LMO1",NA
0,2.35694225810322,0.944,0.212,0,12,"LGALS1",NA
0,4.6521848366091,0.772,0.041,0,12,"GPR83",NA
0,3.03659560562812,0.886,0.157,0,12,"CBLN1",NA
0,3.43163059781078,0.869,0.146,0,12,"AL355612.1",NA
0,3.08804197182761,0.906,0.191,0,12,"MAL2",NA
0,3.26266951491598,0.79,0.077,0,12,"S100A10",NA
0,2.06234500962972,0.858,0.166,0,12,"RGS16",NA
0,3.42516047949651,0.797,0.108,0,12,"RSPO3",NA
0,3.59516854904562,0.803,0.115,0,12,"PVALB",NA
0,3.61116889793383,0.755,0.071,0,12,"HMCN1",NA
0,1.84924595929604,0.886,0.206,0,12,"CBLN2","DD_LHb"
0,2.3242502232489,0.877,0.199,0,12,"ZNF423",NA
0,1.88310512628065,0.985,0.311,0,12,"NXPH1",NA
0,2.27843103376165,0.917,0.255,0,12,"CDH9","DD_Excit.Thal"
0,2.33128436966018,0.894,0.232,0,12,"HLF",NA
0,2.19525835366139,0.967,0.306,0,12,"EPHA4",NA
0,6.10980555967698,0.671,0.011,0,12,"DMRTA1",NA
0,1.83601690626532,0.86,0.204,0,12,"SPON1",NA
0,2.91770302515183,0.95,0.299,0,12,"EMB",NA
0,2.45295087104066,0.951,0.3,0,12,"OLFM2",NA
0,1.55440421871825,0.834,0.186,0,12,"ENPP2","DD_Oligo"
0,1.95604997997424,0.831,0.186,0,12,"LYPD6","DD_Inhib.Thal"
0,3.243315300851,0.731,0.086,0,12,"AL391117.1",NA
0,3.53959498282254,0.7,0.055,0,12,"ITIH5","DD_Endo"
0,2.84907042571343,0.95,0.306,0,12,"RIMS3",NA
0,2.27942949810163,0.732,0.089,0,12,"SLC7A11",NA
0,2.78218474792212,0.769,0.126,0,12,"AR",NA
0,2.33043025777241,0.86,0.219,0,12,"LYNX1",NA
0,2.26203907773973,0.928,0.291,0,12,"CPLX2",NA
0,2.35153022081665,0.959,0.322,0,12,"ETV1",NA
0,4.1701953681315,0.677,0.045,0,12,"LINC01151",NA
0,2.24756796800296,0.96,0.329,0,12,"LRRN1",NA
0,2.42357905819518,0.735,0.104,0,12,"AC007368.1","DD_Excit.Thal"
0,2.94671879539842,0.737,0.107,0,12,"GADD45A",NA
0,3.94792581243632,0.664,0.035,0,12,"GAL",NA
0,2.97610571138595,0.976,0.348,0,12,"TLL1","DD_LHb"
0,1.37002010611362,0.887,0.259,0,12,"PDZD2",NA
0,2.5418328092916,0.836,0.195,0,13,"GNG8","DD_MHb"
0,2.2877906314444,0.859,0.326,0,13,"AMIGO2",NA
0,2.20138240178316,0.721,0.197,0,13,"GPR151","LB_Hb neuron specific"
0,1.47226722921329,0.813,0.313,0,13,"AC008415.1","DD_MHb"
0,1.51716587451878,0.856,0.366,0,13,"AC109466.1","DD_MHb"
0,1.39129629776376,0.864,0.394,0,13,"CADPS2",NA
0,2.28044529363456,0.695,0.232,0,13,"CACNB3",NA
0,2.83191963752485,0.659,0.199,0,13,"CHRNA3","DD_MHb"
0,2.10584968166847,0.903,0.469,0,13,"ITM2C",NA
0,2.03680157087239,0.657,0.225,0,13,"IRX2",NA
0,1.74611629175358,0.846,0.424,0,13,"ZIC1",NA
0,2.14466819579204,0.674,0.255,0,13,"GSDME","DD_MHb"
0,1.67234143586288,0.706,0.294,0,13,"HIST1H4C",NA
0,1.80444417782202,0.678,0.268,0,13,"ZCCHC12",NA
0,1.83508125715989,0.697,0.288,0,13,"PDE2A","DD_MHb"
0,2.48231461913695,0.533,0.128,0,13,"SLC5A7","DD_MHb"
0,1.88048156381454,0.591,0.189,0,13,"CHRNB3","DD_MHb"
0,1.85761368600698,0.604,0.206,0,13,"TP53I11",NA
0,1.89720721597931,0.692,0.295,0,13,"ZIC2",NA
0,2.07108348432077,0.574,0.183,0,13,"POU4F1","LB_Hb neuron specific"
0,2.11335350930584,0.588,0.203,0,13,"MAOA",NA
0,2.54380137264295,0.486,0.103,0,13,"PPP1R1B",NA
0,2.87807930782693,0.458,0.086,0,13,"NEUROD1","DD_MHb"
0,3.15051421793867,0.427,0.061,0,13,"CYP1B1",NA
0,2.11390014007257,0.905,0.54,0,13,"TSPAN13",NA
0,1.47787319100112,0.904,0.549,0,13,"H3F3B",NA
0,1.41646868572437,0.923,0.575,0,13,"SNCA",NA
0,2.57141159192415,0.42,0.094,0,13,"CRABP2",NA
0,2.27527786791628,0.406,0.095,0,13,"LINC02143","DD_MHb"
0,1.51863778909164,0.893,0.586,0,13,"MARCKS",NA
0,2.73083809572614,0.372,0.074,0,13,"ENO3",NA
0,2.92968130491024,0.321,0.05,0,13,"SLC17A7","LB_excitatory_neuron"
0,1.92461194451444,0.92,0.657,0,13,"GABBR1",NA
0,1.31258056525177,0.917,0.694,0,13,"SEC62",NA
5.63694147811393e-308,2.40111188476786,0.326,0.067,2.06317695040448e-303,13,"EZR",NA
8.73636522998281e-305,1.29502523831678,0.859,0.424,3.19759703782601e-300,13,"NWD2",NA
1.1702474023461e-303,1.64763991478392,0.881,0.592,4.28322251732697e-299,13,"THY1",NA
1.21677942605846e-303,1.55813781677121,0.893,0.564,4.45353437731656e-299,13,"NEFL",NA
5.86285467069804e-298,1.24713546080818,0.954,0.7,2.14586343802219e-293,13,"TRPM3",NA
1.52432720941594e-297,1.20378136177835,0.928,0.648,5.5791900191833e-293,13,"PCSK1N",NA
8.45620038481902e-294,2.42918046736191,0.426,0.118,3.09505390284761e-289,13,"PPP1R17",NA
3.92087423609067e-291,1.16344992033852,0.881,0.513,1.43507917915155e-286,13,"ASIC2",NA
5.44599291004429e-290,1.90449507445384,0.681,0.302,1.99328786500531e-285,13,"RASGRP1","DD_MHb"
1.31129120173506e-289,1.74966039657277,0.646,0.255,4.79945692747049e-285,13,"SYT6",NA
2.99685012817042e-288,1.57569766489828,0.777,0.386,1.09687711541165e-283,13,"NRP2",NA
3.80723439807638e-287,1.53673115311859,0.847,0.5,1.39348586203994e-282,13,"PEG10",NA
1.22113136935717e-283,-1.44633263040394,0.853,0.941,4.4694629249842e-279,13,"MAGI2",NA
4.26792115498661e-283,1.2340261123474,0.913,0.675,1.56210182193665e-278,13,"TERF2IP",NA
2.62172778456846e-281,1.57233119747916,0.792,0.424,9.59578586429902e-277,13,"NRN1",NA
4.38181978557981e-281,1.69928619199406,0.693,0.312,1.60378985972007e-276,13,"NECAB2",NA
0,3.36666291376967,0.952,0.149,0,14,"PTPN3",NA
0,4.00142063474329,0.898,0.167,0,14,"RGS16",NA
0,2.53828310707094,0.903,0.176,0,14,"PTK2B",NA
0,1.77685015957529,0.891,0.178,0,14,"CLMN",NA
0,2.96094507559937,0.886,0.179,0,14,"ADAMTSL1",NA
0,2.16062195082499,0.945,0.264,0,14,"PPFIBP1",NA
0,2.79913615620787,0.868,0.203,0,14,"LINC01902",NA
0,2.48089623238166,0.859,0.196,0,14,"CDH6","DD_Endo"
0,2.33633385687336,0.922,0.271,0,14,"STXBP6",NA
0,4.21652167367086,0.681,0.043,0,14,"CA12",NA
0,2.36296756768619,0.788,0.155,0,14,"CPNE7",NA
0,2.12454179410083,0.752,0.122,0,14,"CCBE1",NA
0,2.10001359950182,0.79,0.162,0,14,"RHOBTB1",NA
0,1.49210757559832,0.942,0.314,0,14,"NXPH1",NA
0,2.07078138102336,0.931,0.308,0,14,"NECAB1","LB_Thalamus broad"
0,1.75937679377063,0.846,0.224,0,14,"PROX1",NA
0,1.78794770846899,0.856,0.234,0,14,"TOX3",NA
0,2.89806087927136,0.725,0.109,0,14,"CALB1",NA
0,1.68138669920388,0.913,0.299,0,14,"RPH3A","DD_Excit.Thal"
0,1.71060328630734,0.847,0.237,0,14,"CACNA1G",NA
0,1.49888267084757,0.941,0.331,0,14,"AL033504.1",NA
0,1.82423100862137,0.829,0.224,0,14,"CAMK2A","DD_Excit.Thal"
0,1.85020508393649,0.948,0.347,0,14,"GALNT17","DD_Excit.Thal"
0,2.34262224991951,0.775,0.175,0,14,"CNKSR3",NA
0,1.35574272466702,0.829,0.233,0,14,"KITLG",NA
0,1.82690432454078,0.862,0.267,0,14,"ILDR2",NA
0,1.31266801400876,0.942,0.348,0,14,"SAMD5",NA
0,1.70538953358545,0.881,0.289,0,14,"MARCH3",NA
0,1.27912483758095,0.944,0.355,0,14,"TOX",NA
0,1.58929383477756,0.784,0.195,0,14,"THSD4",NA
0,2.30090639765008,0.783,0.195,0,14,"RGS8",NA
0,-5.69400988246917,0.136,0.721,0,14,"TRPM3",NA
0,2.06852806580934,0.751,0.169,0,14,"ITGA9",NA
0,1.87878435649048,0.813,0.233,0,14,"NR2F1",NA
0,3.02921113460285,0.65,0.072,0,14,"AC019211.1",NA
0,1.91869909528596,0.733,0.159,0,14,"NPL",NA
0,2.04938516375685,0.734,0.161,0,14,"SHOX2",NA
0,1.63484213303275,0.851,0.278,0,14,"NMT2",NA
0,1.44909377568836,0.896,0.325,0,14,"ETV1",NA
0,1.56109685871742,0.956,0.386,0,14,"PDE10A","DD_Excit.Thal"
0,1.03350622091823,0.922,0.353,0,14,"SASH1",NA
0,1.80090696726351,0.738,0.179,0,14,"NSMF",NA
0,1.64687691234714,0.768,0.212,0,14,"HRH3",NA
0,0.721348848880588,0.882,0.329,0,14,"CPNE9","DD_MHb"
0,2.12733156752669,0.703,0.151,0,14,"NT5DC3",NA
0,0.890638235523971,0.896,0.346,0,14,"WLS",NA
0,-5.46650306235315,0.106,0.654,0,14,"SGCZ",NA
0,1.4091215866185,0.738,0.193,0,14,"PLEKHG1",NA
0,0.961228103757999,0.978,0.436,0,14,"RNF220",NA
0,1.59327013497463,0.645,0.105,0,14,"FBXO32",NA
8.60146343864824e-290,1.10339663735114,0.993,0.955,3.14822163317964e-285,15,"MT-CO2",NA
1.22805277365014e-255,1.08667923999923,0.992,0.959,4.49479595683687e-251,15,"MT-CO3",NA
7.24004084669274e-229,5.80036831885789,0.052,0.002,2.64992735029801e-224,15,"DLX6-AS1",NA
2.00346493163406e-187,0.942823067629092,0.971,0.883,7.33288199627383e-183,15,"MT-CYB",NA
5.42684544999848e-178,1.07279546084179,0.968,0.892,1.98627970315395e-173,15,"MT-ATP6",NA
1.30448000297109e-153,1.16960483419666,0.848,0.615,4.77452725887448e-149,15,"STMN2",NA
1.65066650568804e-149,0.792879983539135,0.972,0.91,6.0416044774688e-145,15,"MT-ND4",NA
3.60069473948824e-148,-1.44585330207163,0.687,0.814,1.31789028160009e-143,15,"PLCG2",NA
1.52223836042368e-147,0.752512967437674,0.978,0.925,5.57154462298669e-143,15,"MT-CO1",NA
5.87853174501067e-146,-1.38116994792066,0.788,0.89,2.15160140399135e-141,15,"IL1RAPL1",NA
5.42142516304766e-137,5.81773878146434,0.028,0.001,1.98429582392708e-132,15,"DLX1",NA
2.13726409742313e-135,1.7528865476585,0.304,0.1,7.82260032297839e-131,15,"CRABP1",NA
4.64189063306007e-134,1.07616698353676,0.851,0.686,1.69897839060632e-129,15,"TUBA1B",NA
3.01038156512189e-131,1.48140655036859,0.589,0.344,1.10182975665026e-126,15,"ALDOC",NA
2.25125371442141e-126,0.952232279830175,0.826,0.602,8.23981372015381e-122,15,"BASP1",NA
2.39981859320322e-126,0.607643592121125,0.956,0.849,8.78357603298312e-122,15,"SNRPN",NA
4.80964600879464e-125,1.74980791460301,0.406,0.181,1.76037853567893e-120,15,"VAMP1",NA
7.82038999501213e-124,1.49673750046123,0.466,0.218,2.86234094207439e-119,15,"CBLN2","DD_LHb"
6.6018498782184e-121,1.18211855487867,0.752,0.588,2.41634307392672e-116,15,"TUBB3",NA
2.0489198233788e-120,1.15324287588612,0.82,0.664,7.49925144554875e-116,15,"CALY",NA
6.64919217742636e-109,-2.08059898231343,0.708,0.801,2.43367082885982e-104,15,"KCNMA1",NA
4.00161017920102e-108,0.93392439615235,0.895,0.812,1.46462934168936e-103,15,"GNAS",NA
2.78898530833745e-106,0.601378406030836,0.987,0.843,1.02079651270459e-101,15,"MEG3",NA
7.38914364861297e-105,2.34420870415618,0.391,0.189,2.70450046682883e-100,15,"DIRAS3",NA
2.30541826663681e-103,0.551832712884609,0.93,0.827,8.43806139771739e-99,15,"NOVA1",NA
8.11917562291284e-103,1.4099406553907,0.527,0.296,2.97169946974233e-98,15,"ENC1",NA
4.36178556855337e-102,-1.70615714291437,0.53,0.702,1.59645713594622e-97,15,"KCTD8",NA
2.97644565421824e-100,0.76918638461328,0.795,0.499,1.08940887390042e-95,15,"TTTY14",NA
1.33779569023208e-99,-1.79829136179963,0.351,0.611,4.89646600581845e-95,15,"ST6GALNAC3",NA
2.00079087570458e-99,1.0601825222092,0.729,0.54,7.32309468416634e-95,15,"TUBB2A",NA
2.04231695655376e-99,1.2513326781831,0.594,0.388,7.47508429268242e-95,15,"TUBA4A",NA
1.07644648629836e-98,0.883254434587776,0.806,0.652,3.93990178450062e-94,15,"SLC22A17",NA
7.18980170363596e-98,-0.977386652865844,0.819,0.875,2.6315393215478e-93,15,"AUTS2",NA
2.43859763755112e-97,-1.41720399547497,0.565,0.702,8.92551121320085e-93,15,"OLFM3",NA
4.10150643457555e-97,1.14965537258123,0.637,0.441,1.501192370119e-92,15,"NAP1L2",NA
2.88504321879131e-96,1.12698583036673,0.634,0.444,1.05595466850981e-91,15,"RAB3A",NA
3.90882165952378e-96,-2.43897725925147,0.215,0.477,1.4306678156023e-91,15,"GUCY1A1",NA
4.47245669169668e-93,-1.06677043469415,0.729,0.781,1.6369638737279e-88,15,"CDK14",NA
6.59287890535006e-93,2.29270149477495,0.246,0.091,2.41305960814718e-88,15,"PPP1R1A",NA
1.42981205511562e-92,1.06619304547213,0.719,0.543,5.23325510292866e-88,15,"NAP1L3",NA
3.86416453057283e-92,1.79973427537575,0.219,0.073,1.41432285983496e-87,15,"PNMA6F",NA
3.96800481947204e-92,-1.41872681674248,0.392,0.64,1.45232944397496e-87,15,"SPOCK1",NA
5.30545379987486e-92,0.852417776225394,0.783,0.652,1.9418491452922e-87,15,"PLD3",NA
5.81553115316266e-90,0.565545831097248,0.915,0.793,2.12854255736907e-85,15,"SNAP25","LB_neuron"
3.27063202854864e-89,1.26293835895498,0.578,0.383,1.19708402876909e-84,15,"SPATS2L",NA
9.50438990612604e-89,0.562469108394723,0.942,0.841,3.47870174954119e-84,15,"MT-ND2",NA
7.30371003561332e-88,0.728888312758164,0.825,0.628,2.67323091013483e-83,15,"RMST",NA
1.65259406027328e-86,1.79207533252455,0.325,0.148,6.04865952000623e-82,15,"RBP4",NA
2.74380591908269e-86,1.07090214145439,0.627,0.438,1.00426040444345e-81,15,"ISCU",NA
7.63368350070091e-86,-1.76295618022418,0.339,0.568,2.79400449809154e-81,15,"SOX5",NA
0,1.3749529519739,0.975,0.807,0,16,"PLCG2",NA
2.85605800866165e-268,1.34583915897256,0.943,0.625,1.04534579175025e-263,16,"RMST",NA
1.07654644117552e-263,1.00040971064139,0.972,0.794,3.94026762934651e-259,16,"MEG8",NA
5.81398508477463e-244,1.13886640026842,0.94,0.739,2.12797668087836e-239,16,"ZNF483",NA
5.11079799473752e-236,1.44146096254007,0.695,0.295,1.87060317405388e-231,16,"HIST1H4C",NA
6.01141227762327e-222,1.24767183479414,0.883,0.578,2.20023700773289e-217,16,"NDUFA4",NA
2.41542113423478e-215,1.28895967192194,0.883,0.6,8.84068289341272e-211,16,"TOMM20",NA
2.05710731408398e-194,1.30955462774455,0.851,0.542,7.52921848027877e-190,16,"SYT4",NA
7.56412003128327e-188,1.78799966683279,0.392,0.121,2.76854357264999e-183,16,"DLK1",NA
3.04489824123561e-170,-1.86245226150606,0.859,0.895,1.11446320527465e-165,16,"MT-ATP6",NA
6.52853613308335e-169,0.977538343548522,0.946,0.761,2.38950951006984e-164,16,"PEG3",NA
2.21301003998717e-165,2.79718437258612,0.225,0.051,8.09983804735705e-161,16,"LINC01320",NA
4.20128144404269e-161,1.59999714810012,0.553,0.254,1.53771102133407e-156,16,"TMEM196","DD_LHb"
1.81885530202979e-156,1.46558345394705,0.652,0.343,6.65719229095923e-152,16,"DYNLT3",NA
2.6944046137448e-156,1.22266173357878,0.76,0.448,9.86179032676735e-152,16,"UHMK1",NA
8.00740620614634e-156,1.06991573905319,0.823,0.525,2.93079074551162e-151,16,"ATP5IF1",NA
6.13513186135793e-153,1.36387834458196,0.541,0.241,2.24551961257561e-148,16,"KITLG",NA
3.71283514565153e-148,1.15669384202503,0.587,0.279,1.35893479165992e-143,16,"SKAP2",NA
6.37135014638822e-145,0.874810766810327,0.918,0.701,2.33197786707955e-140,16,"EIF4A2",NA
4.07408846809011e-140,1.0143103110928,0.787,0.498,1.49115712020566e-135,16,"GLRB",NA
3.01823185194818e-139,0.840331365411502,0.885,0.6,1.10470304013155e-134,16,"BEX1",NA
7.3817664477172e-138,0.975992332909156,0.839,0.584,2.70180033752897e-133,16,"RCN2",NA
2.76992875009819e-137,0.669583520238648,0.898,0.614,1.01382162182344e-132,16,"STMN2",NA
1.42517480628281e-134,1.6692784809781,0.447,0.188,5.21628230847571e-130,16,"DIRAS3",NA
1.07877290283671e-133,0.839947066746854,0.885,0.68,3.94841670167263e-129,16,"CSRNP3",NA
1.83741315807309e-132,1.88451721777652,0.297,0.096,6.72511589986332e-128,16,"NTS",NA
1.52315023921556e-131,0.932360875588821,0.758,0.447,5.57488219055285e-127,16,"RPL27",NA
1.64958001929838e-131,1.01512439227294,0.793,0.505,6.037627828634e-127,16,"SCN9A",NA
2.43949988641699e-131,0.79275155414676,0.862,0.503,8.92881353427481e-127,16,"USP9Y",NA
2.64266147379972e-131,1.19387591987192,0.773,0.468,9.67240526025434e-127,16,"AC006115.2",NA
5.26309828389256e-130,0.889538185078561,0.832,0.55,1.92634660288752e-125,16,"COX6C",NA
3.21773178555456e-129,0.881113966671673,0.866,0.62,1.17772201083083e-124,16,"SCOC",NA
2.27438845875134e-125,0.980396674386138,0.722,0.408,8.32448919787579e-121,16,"TOMM7",NA
2.38891745190218e-125,2.01426880987162,0.138,0.026,8.74367676570719e-121,16,"FAM157C",NA
3.66937592742853e-125,1.07073720489968,0.723,0.425,1.34302828319812e-120,16,"SORCS3",NA
1.0269665348885e-124,1.30635554477205,0.387,0.148,3.75880021434539e-120,16,"PDGFC","DD_OPC"
1.78137932698378e-124,1.05443433787525,0.785,0.515,6.52002647469334e-120,16,"CISD1",NA
2.80845167221964e-124,1.23389221243634,0.685,0.404,1.02792139654911e-119,16,"SLC7A14","DD_LHb"
5.67115967535156e-123,1.04237880620382,0.664,0.366,2.07570115277542e-118,16,"NDUFAB1",NA
1.59418999509916e-122,0.955339636391465,0.485,0.21,5.83489480106244e-118,16,"ARL17B",NA
4.61053888003206e-122,0.913169581965306,0.729,0.419,1.68750333548054e-117,16,"UBL5",NA
4.89228120329183e-122,0.79281050042064,0.925,0.714,1.79062384321684e-117,16,"SERINC1",NA
2.76256096548049e-120,0.58224111390607,0.938,0.834,1.01112493897552e-115,16,"PRKACB",NA
2.89822178760837e-119,2.09960085834671,0.208,0.056,1.06077815648254e-114,16,"ADAMTS3",NA
5.26481838051712e-119,0.837629580227803,0.872,0.592,1.92697617545307e-114,16,"MGAT4C",NA
6.61579185415901e-119,0.737852758391111,0.768,0.431,2.42144597654074e-114,16,"NLGN4Y",NA
1.47147024460216e-117,0.942513950827939,0.817,0.567,5.38572824226838e-113,16,"G3BP2",NA
1.72931543749444e-117,0.873960534273802,0.836,0.586,6.32946743277339e-113,16,"REEP5",NA
1.94455853312945e-117,0.579424169568624,0.963,0.88,7.11727868710708e-113,16,"RTN3",NA
1.95116290973776e-117,0.96739589871883,0.72,0.426,7.14145136593118e-113,16,"COX7B",NA
0,2.65247086669676,0.863,0.317,0,17,"NXPH1",NA
0,2.0923203198525,0.681,0.19,0,17,"C8orf34","DD_Excit.Thal"
0,1.91842045039071,0.832,0.341,0,17,"CHRM3","DD_Excit.Thal"
0,1.72104473516918,0.787,0.313,0,17,"NECAB1","LB_Thalamus broad"
0,2.83435914064244,0.572,0.111,0,17,"AC007368.1","DD_Excit.Thal"
0,1.82009845875627,0.858,0.406,0,17,"CACNA2D3",NA
0,2.14292605026606,0.655,0.212,0,17,"SPON1",NA
0,1.49834600747669,0.937,0.495,0,17,"NTNG1","DD_Excit.Thal"
0,1.83716579475367,0.763,0.327,0,17,"LINC01322",NA
0,2.64977573226115,0.814,0.379,0,17,"GPC5",NA
0,1.98260696443721,0.637,0.208,0,17,"GABRA4","DD_Excit.Thal"
0,1.51745866287579,0.886,0.457,0,17,"MIR137HG","DD_Excit.Thal"
0,1.42473494899784,0.928,0.502,0,17,"SCN9A",NA
0,2.57104811705954,0.549,0.129,0,17,"SULF1","DD_Excit.Thal"
0,2.00977556562265,0.578,0.16,0,17,"SYT17",NA
0,1.8706640124802,0.542,0.146,0,17,"GABRG1",NA
0,1.8154115215226,0.832,0.443,0,17,"FOXP2",NA
0,2.40206628446995,0.508,0.132,0,17,"MLIP","DD_Excit.Thal"
0,3.69460241339901,0.434,0.059,0,17,"SLITRK6",NA
0,2.22762979119258,0.443,0.088,0,17,"ANOS1",NA
0,2.13718002402601,0.462,0.116,0,17,"CALB1",NA
0,5.21616558397793,0.323,0.018,0,17,"AC069410.1",NA
0,2.5957638234009,0.338,0.065,0,17,"GRB14",NA
0,3.59195964940811,0.289,0.029,0,17,"CPA6",NA
0,3.39141383367148,0.283,0.031,0,17,"AL161629.1",NA
0,1.21689009532465,0.979,0.735,0,17,"LRFN5",NA
0,2.99257429875804,0.277,0.039,0,17,"FAM9B",NA
0,-2.82964673519378,0.67,0.865,0,17,"MT-ND3",NA
0,1.2716606533129,0.996,0.828,0,17,"GRIK2",NA
0,4.13201728452523,0.156,0.009,0,17,"LINC02046",NA
0,-2.92965001829509,0.767,0.897,0,17,"MT-ATP6",NA
0,4.97532732102789,0.123,0.006,0,17,"LINC02045",NA
0,5.0168381108376,0.11,0.004,0,17,"AGTR1",NA
0,-2.37253465155203,0.818,0.914,0,17,"MT-ND4",NA
0,4.88771074395319,0.089,0.003,0,17,"NPY2R",NA
4.64987729022059e-303,2.61316806361981,0.329,0.065,1.70190158699364e-298,17,"SEL1L3",NA
5.13239415098314e-301,1.85794250292312,0.664,0.24,1.87850758320134e-296,17,"TOX3",NA
6.53572840878333e-299,1.37217801442917,0.917,0.498,2.39214195489879e-294,17,"KCNB2",NA
7.98308143028108e-294,1.2428192558202,0.957,0.631,2.92188763429718e-289,17,"MARCH1",NA
1.36558201817867e-290,1.26139265342636,0.935,0.557,4.99816674473573e-286,17,"GABRB1",NA
6.93031437253918e-290,0.893072174926833,0.998,0.86,2.53656436349307e-285,17,"RIMS2",NA
1.07649975498581e-289,1.4159208347191,0.615,0.194,3.94009675322357e-285,17,"COL21A1",NA
1.61602536352171e-286,2.04602726961009,0.558,0.178,5.91481443302582e-282,17,"NDST4",NA
7.95690822754838e-285,2.01885103013586,0.582,0.201,2.91230798036498e-280,17,"LINC02082",NA
1.33381931214346e-282,1.6358031540357,0.781,0.363,4.88191206437627e-278,17,"TMEM132B","DD_Excit.Thal"
7.1801185191328e-280,1.35323565770782,0.985,0.813,2.6279951791878e-275,17,"PTPRD",NA
5.71008832810901e-277,3.14887576698272,0.223,0.033,2.08994942897118e-272,17,"GBX2","LB_Thalamus/MDm/Endo"
1.99938196978255e-274,2.32046919825665,0.36,0.08,7.31793794760111e-270,17,"ADAMTS12",NA
1.1308340025909e-272,1.67432104060008,0.671,0.265,4.13896553288295e-268,17,"FAR2",NA
7.77470726248635e-270,1.63977913836465,0.62,0.224,2.84562060514263e-265,17,"MEF2C-AS1",NA
0,3.3389645592256,0.84,0.197,0,18,"GNG8","DD_MHb"
0,2.47646492058905,0.815,0.197,0,18,"GPR151","LB_Hb neuron specific"
0,2.27814204143981,0.89,0.312,0,18,"AC008415.1","DD_MHb"
0,3.54697932345507,0.631,0.066,0,18,"C5orf17",NA
0,1.36485107528018,0.955,0.394,0,18,"CADPS2",NA
0,2.24026598587513,0.923,0.366,0,18,"AC109466.1","DD_MHb"
0,1.50039777321843,0.958,0.423,0,18,"NWD2",NA
0,2.05485839247877,0.844,0.328,0,18,"AMIGO2",NA
0,2.18689021504094,0.739,0.244,0,18,"AC132153.1",NA
0,2.79445804456173,0.655,0.163,0,18,"AC009041.2",NA
0,2.60640126753864,0.717,0.234,0,18,"CACNB3",NA
0,2.64337373174141,0.682,0.206,0,18,"TP53I11",NA
0,1.98509700369878,0.761,0.292,0,18,"SHROOM3",NA
0,2.39632321161412,0.755,0.288,0,18,"PDE2A","DD_MHb"
0,2.52511286814112,0.722,0.256,0,18,"GSDME","DD_MHb"
0,2.03185417698728,0.792,0.332,0,18,"BAIAP3",NA
0,2.26330144832007,0.768,0.311,0,18,"NECAB2",NA
0,3.13511252205216,0.576,0.127,0,18,"ROBO3","DD_MHb"
0,2.49283858197211,0.637,0.189,0,18,"NR4A2",NA
0,2.23595205008907,0.664,0.226,0,18,"IRX2",NA
0,1.77718886260884,0.824,0.386,0,18,"NRP2",NA
0,1.8319969747427,0.862,0.43,0,18,"OPRM1",NA
0,1.9720588365655,0.692,0.262,0,18,"HSPA1B",NA
0,2.45244150090134,0.701,0.273,0,18,"GPR149","DD_MHb"
0,3.2837557841449,0.508,0.086,0,18,"NEUROD1","DD_MHb"
0,2.67080306935997,0.574,0.16,0,18,"RPRM",NA
0,1.71905342978719,0.85,0.444,0,18,"TTC39C",NA
0,2.07234956215696,0.942,0.54,0,18,"TSPAN13",NA
0,1.79364697571723,0.853,0.464,0,18,"VAT1L",NA
0,2.79224638062523,0.491,0.104,0,18,"PPP1R1B",NA
0,1.98820460975157,0.836,0.472,0,18,"ITM2C",NA
0,2.84181753210395,0.467,0.11,0,18,"NT5DC2",NA
0,2.75506125721682,0.45,0.095,0,18,"LINC02143","DD_MHb"
0,1.29526518796893,0.965,0.622,0,18,"PCSK2",NA
0,3.71580494894834,0.379,0.044,0,18,"MEGF6",NA
0,1.88534380251061,0.845,0.527,0,18,"EEF1A2",NA
0,2.03562997246169,0.96,0.657,0,18,"GABBR1",NA
0,1.21210180341459,0.999,0.7,0,18,"TRPM3",NA
0,2.9819084236803,0.367,0.075,0,18,"ENO3",NA
0,3.23835970938541,0.34,0.05,0,18,"SLC17A7","LB_excitatory_neuron"
0,1.63258061450672,0.938,0.649,0,18,"PCSK1N",NA
0,1.56209120869064,0.965,0.684,0,18,"CNNM2",NA
0,3.1327995821392,0.298,0.049,0,18,"GIPR","DD_MHb"
0,3.21794209446548,0.289,0.048,0,18,"LRRC26",NA
0,1.30203834333198,0.977,0.747,0,18,"CELF4",NA
0,-1.86082902788356,0.794,0.942,0,18,"MAGI2",NA
1.48704260201595e-304,1.26892746006917,0.99,0.663,5.44272462763857e-300,18,"MSI2",NA
4.90583434691744e-304,2.21070883815717,0.62,0.222,1.79558442931525e-299,18,"LRRC55",NA
1.93753798742479e-300,1.56281416977554,0.893,0.622,7.09158278777349e-296,18,"ATP1A3",NA
8.69379936263918e-299,1.78606946968483,0.805,0.427,3.18201750471957e-294,18,"ZIC1",NA
0,3.63353728223458,0.961,0.142,0,19,"OTX2-AS1","DD_Inhib.Thal"
0,3.33614972988168,0.966,0.162,0,19,"MEIS2","DD_Inhib.Thal"
0,3.33614972988168,0.966,0.162,0,19,"MEIS2","LB_Thalamus/MDm"
0,3.22525407193309,0.937,0.134,0,19,"RORB",NA
0,2.46899071257777,0.911,0.123,0,19,"KIT","DD_Inhib.Thal"
0,2.80534746019525,0.919,0.138,0,19,"GAD2","DD_Inhib.Thal"
0,2.80534746019525,0.919,0.138,0,19,"GAD2","LB_inhibitory_neuron"
0,2.40238273328486,0.914,0.146,0,19,"GAD1","DD_Inhib.Thal"
0,2.40238273328486,0.914,0.146,0,19,"GAD1","LB_inhibitory_neuron"
0,3.1722952583275,0.952,0.237,0,19,"NR2F2-AS1",NA
0,4.08020655094207,0.79,0.08,0,19,"MYO3B","DD_Inhib.Thal"
0,3.1320394687635,0.936,0.227,0,19,"PDZRN3",NA
0,2.39987216068963,0.973,0.265,0,19,"SYNPR","DD_Inhib.Thal"
0,3.8267516527417,0.76,0.055,0,19,"LINC02253","DD_Inhib.Thal"
0,2.70200978566296,0.868,0.165,0,19,"GREM2","DD_Inhib.Thal"
0,2.6807258182861,0.847,0.168,0,19,"SEMA3C",NA
0,1.85048229775231,0.911,0.238,0,19,"RELN",NA
0,1.61287451511303,0.964,0.292,0,19,"ADARB2",NA
0,3.16690458280519,0.95,0.285,0,19,"PCBP3",NA
0,2.61930699752045,0.892,0.229,0,19,"NPAS2",NA
0,2.53457536371881,0.785,0.122,0,19,"SMAD9","DD_Inhib.Thal"
0,3.04860777350497,0.714,0.051,0,19,"LINC01210","DD_Inhib.Thal"
0,3.11659724971144,0.977,0.316,0,19,"ZFPM2",NA
0,1.94775569833499,0.893,0.243,0,19,"SLC6A1",NA
0,2.89591016632702,0.824,0.177,0,19,"TRPC5",NA
0,2.44284268079543,0.898,0.253,0,19,"KCNIP4-IT1",NA
0,2.8758606349234,0.708,0.064,0,19,"IGF1",NA
0,2.51423096823206,0.87,0.227,0,19,"FRMD3",NA
0,2.03740111875604,0.744,0.102,0,19,"SLC6A11",NA
0,2.66034346514846,0.826,0.19,0,19,"COL21A1",NA
0,2.82421635475047,0.961,0.326,0,19,"NELL1","DD_Inhib.Thal"
0,2.28750731852181,0.821,0.19,0,19,"LYPD6","DD_Inhib.Thal"
0,2.05189359792775,0.824,0.193,0,19,"FOXO1",NA
0,2.37583040748645,0.788,0.158,0,19,"FBN2",NA
0,2.33871646897269,0.859,0.233,0,19,"SH3RF3",NA
0,2.50917401913988,0.861,0.235,0,19,"ADAMTS19","DD_Inhib.Thal"
0,1.99959644012404,0.805,0.192,0,19,"NR2F2",NA
0,1.88302898697328,0.799,0.187,0,19,"XIST",NA
0,1.98834728611712,0.843,0.236,0,19,"LYPD6B",NA
0,2.02212869622534,0.818,0.212,0,19,"ALK",NA
0,2.56151253657926,0.968,0.362,0,19,"SPHKAP","DD_Inhib.Thal"
0,2.0721337492671,0.71,0.104,0,19,"OTX2","DD_Inhib.Thal"
0,3.05927103249307,0.966,0.36,0,19,"UNC13C","DD_Inhib.Thal"
0,2.56572485953095,0.967,0.362,0,19,"CHRM2",NA
0,1.59669569723582,0.937,0.332,0,19,"DSCAML1",NA
0,2.59643351016695,0.692,0.089,0,19,"TSPAN18","DD_Inhib.Thal"
0,2.12691321378562,0.914,0.312,0,19,"GALNT18",NA
0,2.27590095843206,0.957,0.357,0,19,"TOX",NA
0,2.66182122049158,0.752,0.154,0,19,"PPARG","DD_Inhib.Thal"
0,1.83192184837652,0.947,0.35,0,19,"SAMD5",NA
0,1.76235357495803,0.804,0.209,0,19,"SPON1",NA
0,1.84052032078376,0.761,0.167,0,19,"DISC1",NA
0,2.04062034968867,0.785,0.192,0,19,"EPB41L4A",NA
0,2.43941123887555,0.841,0.251,0,20,"EGFR",NA
0,2.34283225294675,0.973,0.395,0,20,"CADPS2",NA
0,2.45280730873555,0.8,0.234,0,20,"CDC14A",NA
0,2.6564297093974,0.859,0.309,0,20,"THSD7B","DD_MHb"
0,2.18299090743179,0.965,0.424,0,20,"NWD2",NA
0,1.65393243896597,0.898,0.368,0,20,"AC109466.1","DD_MHb"
0,1.65036889113203,0.815,0.315,0,20,"AC008415.1","DD_MHb"
0,2.4692957482952,0.726,0.248,0,20,"PDGFD",NA
0,1.91000133208734,0.916,0.462,0,20,"DACH1",NA
0,2.3615430358956,0.709,0.278,0,20,"MCC",NA
0,2.65016933766822,0.897,0.468,0,20,"PRKD1",NA
0,2.32746534215731,0.745,0.317,0,20,"SORCS2",NA
0,1.96996121620697,0.861,0.445,0,20,"TTC39C",NA
0,2.16153325432146,0.979,0.586,0,20,"VAV3",NA
0,1.49719993847279,0.964,0.623,0,20,"PCSK2",NA
0,3.13356059769068,0.431,0.092,0,20,"ACOXL","DD_MHb"
0,1.90503191715576,0.995,0.664,0,20,"MSI2",NA
0,1.98531848140517,0.955,0.634,0,20,"SGCZ",NA
0,1.78671682162771,0.988,0.677,0,20,"MTUS2",NA
0,2.381917954294,0.998,0.7,0,20,"TRPM3",NA
0,1.62732847457105,0.947,0.657,0,20,"CA10",NA
0,1.95064017042058,0.993,0.707,0,20,"CACNA1E",NA
0,1.96343534119876,0.968,0.684,0,20,"CNNM2",NA
0,1.79359148341048,0.913,0.648,0,20,"MTSS1",NA
0,1.41594275113053,0.957,0.712,0,20,"FAT3",NA
0,1.27711488779103,0.979,0.771,0,20,"GRIP1",NA
0,1.88746131702055,0.996,0.794,0,20,"KCNMA1",NA
0,1.35299408015308,0.975,0.776,0,20,"CDK14",NA
0,1.23521641460559,0.998,0.857,0,20,"CCSER1",NA
0,1.58903546637672,0.997,0.891,0,20,"ROBO1",NA
0,1.64788257634701,0.999,0.919,0,20,"CNTNAP2",NA
2.68770999021586e-298,1.70005585766192,0.932,0.714,9.83728733518908e-294,20,"CDH8",NA
6.47266281059262e-293,1.5674651490949,0.932,0.578,2.36905931530501e-288,20,"RGS6",NA
3.01593612364351e-288,2.57055004334553,0.556,0.179,1.10386278061476e-283,20,"GPR39","DD_MHb"
1.23720942730786e-285,1.65295260338812,0.888,0.537,4.52831022488949e-281,20,"EPHA5","DD_LHb"
1.82144333192214e-285,1.36026213535613,0.958,0.797,6.66666473916823e-281,20,"OPCML",NA
3.35059326328067e-284,2.77620746883355,0.509,0.154,1.22635064029336e-279,20,"MME",NA
4.41199317326569e-283,2.16091875421745,0.802,0.426,1.61483362134698e-278,20,"PLD5",NA
2.20194902275272e-274,1.53644095292239,0.896,0.519,8.05935361817723e-270,20,"ST6GALNAC5",NA
1.29285616607207e-273,1.31573025003219,0.954,0.654,4.73198285344037e-269,20,"THSD7A",NA
1.32841505804486e-270,1.40348960316948,0.925,0.667,4.86213195394998e-266,20,"TTC28",NA
8.16230397234472e-265,1.75441429423259,0.663,0.246,2.98748487691789e-260,20,"AC132153.1",NA
8.46998962706144e-265,2.7575924073332,0.359,0.079,3.10010090340076e-260,20,"LINC01307","DD_MHb"
3.48623837377465e-264,1.5982013367885,0.927,0.693,1.27599810718526e-259,20,"KCTD8",NA
1.21809505172243e-262,1.08163165573297,0.997,0.961,4.45834969880926e-258,20,"CADM2",NA
3.10973596517953e-260,0.796088287387108,0.998,0.92,1.13819446061536e-255,20,"ANK3",NA
1.03881455976104e-259,1.72996825527209,0.817,0.426,3.80216517018139e-255,20,"SLC35F4",NA
1.89203623995763e-259,1.54344779265172,0.903,0.584,6.92504184186893e-255,20,"PRKCA",NA
2.1908499297061e-259,2.18525887117666,0.977,0.75,8.01872982771731e-255,20,"TENM2",NA
4.16154190933688e-259,1.639885164259,0.71,0.289,1.52316595423639e-254,20,"CSGALNACT1",NA
0,3.58936849182622,0.852,0.237,0,21,"IFI6",NA
0,3.26024031940021,0.643,0.181,0,21,"ISG15",NA
0,1.46120376044793,0.414,0.067,0,21,"TTR","LB_Endo/CP"
0,1.47527538851427,0.985,0.844,0,21,"MEG3",NA
2.44527430315942e-285,2.63493863555385,0.537,0.165,8.94994847699381e-281,21,"IFIT1",NA
8.42216301715342e-241,2.70077698625347,0.318,0.066,3.08259588590832e-236,21,"IRF9",NA
1.71945219470709e-211,2.24503350923693,0.591,0.257,6.29336697784741e-207,21,"STAT1",NA
7.08675366328814e-210,2.83212803686954,0.426,0.128,2.59382270830009e-205,21,"PVALB",NA
3.55205418293823e-195,1.29431653188978,0.947,0.652,1.30008735149722e-190,21,"RBFOX1","DD_Excit.Thal"
6.32452748957878e-192,1.84206400941779,0.665,0.337,2.31484030646073e-187,21,"LPCAT4",NA
1.48981152679506e-188,2.78027335765738,0.247,0.05,5.4528591692226e-184,21,"IFIT3",NA
6.5818199233256e-180,3.20638528396244,0.233,0.047,2.4090119101364e-175,21,"TARID",NA
1.12039393624096e-172,1.54645735411478,0.808,0.499,4.10075384603552e-168,21,"NTNG1","DD_Excit.Thal"
1.89131746328909e-171,2.48206128986769,0.355,0.105,6.92241104738441e-167,21,"ZDHHC11",NA
1.54910207057312e-159,2.29188236475655,0.443,0.164,5.66986848850467e-155,21,"PTPN3",NA
5.32692617232041e-156,1.01060028814559,0.905,0.615,1.94970824833099e-151,21,"STMN2",NA
3.09671579563034e-153,-1.59477620164202,0.46,0.785,1.13342894835866e-148,21,"GALNT13",NA
1.35851546979613e-151,-2.62432488697178,0.201,0.598,4.97230247100083e-147,21,"PRKCA",NA
2.34619966015573e-151,3.32633635481462,0.23,0.053,8.587325376136e-147,21,"GABRD",NA
7.57520963785249e-147,1.31782571286404,0.448,0.155,2.77260247955039e-142,21,"IL1RAPL2",NA
1.05551615750956e-145,-3.43561471877573,0.393,0.713,3.86329468810073e-141,21,"TRPM3",NA
1.4872791702179e-144,5.9455177547779,0.03,0.001,5.44359049091453e-140,21,"FOXA2",NA
3.19942710028362e-143,-4.8796460862806,0.028,0.425,1.17102231297481e-138,21,"AC119673.2",NA
1.01362010470651e-141,1.74419523451755,0.605,0.328,3.70995094523629e-137,21,"PILRB",NA
2.31848554220876e-141,2.19463828217547,0.378,0.135,8.48588893303827e-137,21,"MEGF11","DD_OPC"
2.58725236519563e-133,1.08580721009911,0.788,0.487,9.46960238185254e-129,21,"CACNA1A",NA
1.06732305942652e-132,2.22671866875193,0.438,0.18,3.90650912980701e-128,21,"RGS16",NA
1.14662406918152e-130,1.91865720451328,0.512,0.246,4.1967587556113e-126,21,"CORO6",NA
2.66232104291423e-130,1.27337138542559,0.748,0.526,9.74436124917036e-126,21,"KIF5A",NA
5.01705727753614e-130,1.52970729807668,0.597,0.305,1.836293134151e-125,21,"GRM1",NA
1.04842078851905e-128,1.51555287211838,0.356,0.114,3.83732492805858e-124,21,"AC016766.1",NA
2.24293400284368e-127,1.00708849001911,0.853,0.56,8.20936274380817e-123,21,"IQCJ-SCHIP1","DD_Excit.Thal"
5.12447588575379e-127,1.34183545642013,0.735,0.523,1.87560941894474e-122,21,"ACSL6",NA
7.60321097462695e-127,1.03902733049062,0.847,0.625,2.78285124882321e-122,21,"GAP43",NA
1.78852414327506e-126,1.38815657962258,0.744,0.497,6.54617721680105e-122,21,"CIT",NA
1.22224170530436e-125,0.987069539442096,0.801,0.507,4.47352686558449e-121,21,"KCNQ3",NA
2.83855083656305e-125,1.37925772680965,0.702,0.447,1.03893799169044e-120,21,"NCDN",NA
3.17465813503279e-124,1.71548214221641,0.687,0.444,1.16195662400335e-119,21,"TMSB10",NA
9.97176017297453e-124,1.71687739672922,0.5,0.237,3.64976394091041e-119,21,"ACAA1",NA
4.46800888670579e-123,0.838134969773873,0.913,0.685,1.63533593262319e-118,21,"TUBA1B",NA
4.05987703760781e-121,-2.07725082573021,0.459,0.718,1.48595559453484e-116,21,"CACNA1E",NA
6.37109735655736e-119,1.8166534723976,0.528,0.28,2.33188534347356e-114,21,"UPP1",NA
7.19822970291551e-119,1.17679861612076,0.663,0.374,2.63462405356411e-114,21,"ZNF804B","DD_Excit.Thal"
5.70503178179652e-118,-2.30912931153349,0.312,0.649,2.08809868245534e-113,21,"PLCL1",NA
8.45846134706835e-118,-2.46221173700371,0.399,0.676,3.09588143764048e-113,21,"MSI2",NA
1.48251598949979e-117,1.00474148580966,0.615,0.316,5.42615677316818e-113,21,"B2M",NA
1.55006892995041e-116,1.17086631970301,0.716,0.423,5.67340729051151e-112,21,"GABRA1",NA
3.20963628974384e-115,1.11148392750928,0.757,0.511,1.17475897840914e-110,21,"TMEM59L",NA
8.19924271452782e-115,1.21565881126861,0.725,0.464,3.00100482594433e-110,21,"AC068587.4","DD_Excit.Thal"
3.55791661336448e-112,-4.24493685088637,0.109,0.442,1.30223305965753e-107,21,"NWD2",NA
0,2.36233856694952,0.897,0.198,0,22,"GNG8","DD_MHb"
0,2.44618479809555,0.894,0.198,0,22,"GPR151","LB_Hb neuron specific"
0,2.8591693823124,0.903,0.243,0,22,"AC132153.1",NA
0,2.80200379416725,0.943,0.314,0,22,"AC008415.1","DD_MHb"
0,3.33414352670675,0.879,0.272,0,22,"GPR149","DD_MHb"
0,2.36854690486246,0.889,0.291,0,22,"SHROOM3",NA
0,2.92859906707792,0.963,0.368,0,22,"AC109466.1","DD_MHb"
0,1.64379320369345,0.98,0.396,0,22,"CADPS2",NA
0,2.04458357597658,0.905,0.329,0,22,"AMIGO2",NA
0,3.36971106887813,0.656,0.092,0,22,"LINC02143","DD_MHb"
0,2.4983092663322,0.816,0.256,0,22,"GSDME","DD_MHb"
0,1.74885196445807,0.983,0.425,0,22,"NWD2",NA
0,2.64677753926758,0.683,0.128,0,22,"SLC5A7","DD_MHb"
0,2.09773330704714,0.831,0.277,0,22,"MCC",NA
0,2.83517389830741,0.668,0.127,0,22,"SYT10",NA
0,2.3490210105898,0.813,0.275,0,22,"MINAR1",NA
0,2.20689252677969,0.724,0.189,0,22,"NR4A2",NA
0,3.09368747337285,0.614,0.085,0,22,"NEUROD1","DD_MHb"
0,1.95062444220455,0.685,0.164,0,22,"AC009041.2",NA
0,3.1477158815048,0.688,0.167,0,22,"LHFPL2",NA
0,2.27797812806659,0.755,0.235,0,22,"CACNB3",NA
0,2.11030649400913,0.706,0.19,0,22,"CHRNB3","DD_MHb"
0,2.35913894710656,0.937,0.43,0,22,"OPRM1",NA
0,2.34846502835522,0.903,0.405,0,22,"PDZRN4",NA
0,2.45807135255502,0.696,0.201,0,22,"CHRNA3","DD_MHb"
0,1.77967570607398,0.877,0.387,0,22,"NRP2",NA
0,1.98778739435886,0.714,0.227,0,22,"IRX2",NA
0,1.57661909817913,0.945,0.462,0,22,"DACH1",NA
0,1.84143864534058,0.924,0.444,0,22,"TTC39C",NA
0,1.86200574438051,0.904,0.425,0,22,"PLD5",NA
0,2.31972863750562,0.821,0.343,0,22,"PTPDC1",NA
0,3.48551675991531,0.552,0.077,0,22,"LINC00616","DD_MHb"
0,2.11282663256084,0.693,0.222,0,22,"LRRC55",NA
0,1.89895622141622,0.691,0.224,0,22,"KCNIP1",NA
0,2.10212192671439,0.667,0.205,0,22,"MAOA",NA
0,2.35746239184481,0.651,0.19,0,22,"CHRNA6",NA
0,2.11700811637304,0.622,0.161,0,22,"RPRM",NA
0,2.51641328813052,0.565,0.104,0,22,"PPP1R1B",NA
0,2.08954530658405,0.644,0.19,0,22,"SSTR2",NA
0,1.89568775761605,0.88,0.427,0,22,"ZIC1",NA
0,2.97447425049894,0.552,0.118,0,22,"PPP1R17",NA
0,2.24122544597958,0.97,0.541,0,22,"TSPAN13",NA
0,3.46883215087279,0.483,0.055,0,22,"AC091973.1",NA
0,1.76345964124432,0.936,0.514,0,22,"ASIC2",NA
0,2.36766884036287,0.971,0.558,0,22,"LCORL",NA
0,1.78101654566809,0.958,0.553,0,22,"SGCD",NA
0,2.68883907927757,0.508,0.105,0,22,"LINC02240","DD_MHb"
0,2.95058804760442,0.472,0.07,0,22,"AC114321.1","DD_MHb"
0,2.83927463763461,0.464,0.074,0,22,"ENO3",NA
0,2.59116874016995,0.465,0.077,0,22,"LINC01307","DD_MHb"
0,-4.75320235359819,0.086,0.922,0,23,"NRG3",NA
0,3.69311120445147,0.948,0.121,0,23,"ST18","DD_Oligo"
0,-5.40985477264616,0.049,0.874,0,23,"CCSER1",NA
0,-4.40403559624088,0.086,0.909,0,23,"FAM155A",NA
0,-4.37401752148356,0.058,0.879,0,23,"RALYL",NA
0,-3.84069136665041,0.061,0.877,0,23,"RIMS2",NA
0,-5.27243960049512,0.045,0.861,0,23,"MEG3",NA
0,-4.20590971372452,0.076,0.888,0,23,"FGF14",NA
0,-4.01930496733703,0.066,0.87,0,23,"CNTN1",NA
0,-5.72648361185943,0.055,0.856,0,23,"ROBO2",NA
0,-5.30963598648608,0.042,0.827,0,23,"PAM",NA
0,-4.20255335381236,0.074,0.849,0,23,"KCND2",NA
0,-4.09448377625678,0.08,0.855,0,23,"DSCAM",NA
0,3.82723658162606,0.995,0.224,0,23,"PLP1",NA
0,-3.29684226655805,0.106,0.875,0,23,"GRID2",NA
0,-4.47104482446031,0.045,0.811,0,23,"AGBL4",NA
0,-3.35827262930358,0.121,0.884,0,23,"MAP2",NA
0,-3.81226335158315,0.051,0.811,0,23,"MEG8",NA
0,-4.19741825140821,0.051,0.81,0,23,"PTPRN2",NA
0,-3.86880017804821,0.063,0.821,0,23,"FGF12",NA
0,3.95353049388749,0.864,0.108,0,23,"MOBP","DD_Oligo"
0,3.95353049388749,0.864,0.108,0,23,"MOBP","LB_oligodendrocyte"
0,-4.42695557084452,0.057,0.813,0,23,"OPCML",NA
0,-4.02787521099467,0.129,0.879,0,23,"SYT1","LB_neuron"
0,-5.35896095738195,0.062,0.811,0,23,"KCNMA1",NA
0,-4.78334143735929,0.048,0.792,0,23,"DLGAP1",NA
0,-4.14898308625853,0.064,0.806,0,23,"ATRNL1",NA
0,3.24663612598741,0.896,0.155,0,23,"TF",NA
0,-4.97444394104916,0.035,0.765,0,23,"CELF4",NA
0,-4.28881950220046,0.046,0.775,0,23,"FRMPD4",NA
0,-3.8857198558525,0.05,0.778,0,23,"UNC80",NA
0,-4.05396009770977,0.055,0.782,0,23,"ATP8A2",NA
0,-5.9874395457119,0.041,0.767,0,23,"TENM2",NA
0,-4.50798988363784,0.049,0.774,0,23,"CACNA1C",NA
0,-3.1746642980187,0.072,0.795,0,23,"SCN2A",NA
0,-4.35978087975964,0.038,0.76,0,23,"STXBP5L",NA
0,-3.37784764738685,0.117,0.837,0,23,"PLEKHA5",NA
0,-3.82561082651569,0.049,0.767,0,23,"PAK3",NA
0,-4.02433892916762,0.037,0.753,0,23,"LRFN5",NA
0,-5.65219208848283,0.034,0.747,0,23,"GALNTL6",NA
0,-3.99040644414552,0.056,0.767,0,23,"DCLK1",NA
0,-4.50992083286934,0.038,0.749,0,23,"GABRB3",NA
0,-4.08759606023627,0.037,0.747,0,23,"MYT1L",NA
0,-2.88609020292886,0.135,0.844,0,23,"GRIK2",NA
0,-3.75332025389281,0.08,0.788,0,23,"GRIP1",NA
0,-4.21598004080726,0.039,0.747,0,23,"SCN3A",NA
0,3.52991661434987,0.866,0.159,0,23,"TMEM144",NA
0,-3.65307883450972,0.062,0.768,0,23,"NRCAM",NA
0,-3.21914157719515,0.09,0.795,0,23,"TMEM178B",NA
0,3.95412673824535,0.825,0.12,0,23,"UGT8",NA
0,-2.71615706738921,0.15,0.855,0,23,"GPM6A",NA
0,5.39587477264209,0.876,0.138,0,24,"LINC01088","DD_Astrocyte"
0,-2.91037258871525,0.198,0.934,0,24,"ANK3",NA
0,-2.95540678974566,0.167,0.902,0,24,"MDGA2",NA
0,-3.76166936464736,0.132,0.86,0,24,"MEG3",NA
0,-3.34920443957578,0.166,0.875,0,24,"RIMS2",NA
0,-2.55325906346801,0.201,0.9,0,24,"IL1RAPL1",NA
0,-2.79278857051114,0.177,0.872,0,24,"CCSER1",NA
0,-2.48883727174824,0.197,0.875,0,24,"GRIA4",NA
0,-3.28263182231171,0.133,0.809,0,24,"MEG8",NA
0,-2.32885886115243,0.244,0.918,0,24,"DNM3",NA
0,-3.36518029151053,0.206,0.877,0,24,"SYT1","LB_neuron"
0,-2.78199241979211,0.264,0.933,0,24,"CNTNAP2",NA
0,6.70105979447984,0.7,0.034,0,24,"AC012405.1","DD_Astrocyte"
0,-2.96181768376169,0.157,0.819,0,24,"FGF12",NA
0,6.13911100921595,0.728,0.074,0,24,"MIR4300HG","DD_Astrocyte"
0,3.97099602277009,0.754,0.101,0,24,"SLC1A3",NA
0,5.73167748070688,0.703,0.055,0,24,"AQP4","DD_Astrocyte"
0,5.73167748070688,0.703,0.055,0,24,"AQP4","LB_astrocyte"
0,6.55180941103628,0.725,0.082,0,24,"HPSE2","DD_Astrocyte"
0,5.25321273877303,0.657,0.037,0,24,"ATP1A2",NA
0,-2.54359285233444,0.276,0.885,0,24,"FGF14",NA
0,5.06565182045046,0.677,0.082,0,24,"GFAP","DD_Astrocyte"
0,5.06565182045046,0.677,0.082,0,24,"GFAP","LB_astrocyte"
0,3.71371380139843,0.897,0.32,0,24,"NFIA",NA
0,5.51154521256657,0.642,0.074,0,24,"RFX4","DD_Astrocyte"
0,5.31591146795335,0.604,0.046,0,24,"GJA1","DD_Astrocyte"
0,3.73408032528477,0.761,0.212,0,24,"CDH20",NA
0,3.51444783052947,0.703,0.158,0,24,"FBXL7",NA
0,4.56128662662008,0.6,0.059,0,24,"GRAMD2B",NA
0,4.28799968923268,0.589,0.056,0,24,"ZFP36L1",NA
0,4.34134626468251,0.746,0.216,0,24,"GLIS3","DD_Astrocyte"
0,5.94764501238888,0.584,0.054,0,24,"LINC00299","DD_Astrocyte"
0,4.04474530061172,0.815,0.293,0,24,"OBI1-AS1",NA
0,4.52069782006708,0.592,0.071,0,24,"WDR49","DD_Astrocyte"
0,-2.79196164219563,0.389,0.902,0,24,"ROBO1",NA
0,4.4335018260847,0.589,0.077,0,24,"BMPR1B","DD_Astrocyte"
0,3.7641389012903,0.692,0.184,0,24,"ADCY2",NA
0,4.90147376264061,0.562,0.057,0,24,"ITPKB",NA
0,6.82819270942462,0.52,0.017,0,24,"LINC01748","DD_Astrocyte"
0,5.30320665636463,0.613,0.116,0,24,"APOE",NA
0,5.17916507778203,0.566,0.072,0,24,"NHSL1",NA
0,3.18189955436343,0.927,0.448,0,24,"NEAT1",NA
0,4.57037454962541,0.551,0.078,0,24,"TNC","DD_Astrocyte"
0,6.21719054725181,0.49,0.02,0,24,"SLC14A1","DD_Astrocyte"
0,5.00605172827698,0.53,0.061,0,24,"EFEMP1","DD_Astrocyte"
0,2.60112937347928,0.686,0.227,0,24,"NFIB",NA
0,2.29711050975182,0.717,0.26,0,24,"SOX6","DD_OPC"
0,4.05380338989453,0.85,0.404,0,24,"PITPNC1",NA
0,3.10119104125153,0.824,0.382,0,24,"GPC5",NA
0,4.73403460452398,0.536,0.096,0,24,"ATP13A4",NA
0,4.17764966216302,0.537,0.099,0,24,"SLC7A11",NA
0,4.32589102086602,0.539,0.108,0,24,"C1orf61",NA
0,4.11340361307041,0.922,0.123,0,25,"ST18","DD_Oligo"
0,-4.45268321344566,0.116,0.872,0,25,"CCSER1",NA
0,-4.02211258177223,0.104,0.858,0,25,"MEG3",NA
0,4.28509522254249,0.915,0.162,0,25,"ZEB2",NA
0,-3.93430424979201,0.127,0.874,0,25,"RIMS2",NA
0,-3.79405568145467,0.085,0.825,0,25,"PAM",NA
0,-2.8672402754849,0.128,0.867,0,25,"CNTN1",NA
0,-3.39880606635854,0.144,0.882,0,25,"MAP2",NA
0,-3.68884439094914,0.072,0.808,0,25,"PTPRN2",NA
0,-3.94627885204408,0.071,0.807,0,25,"SNAP25","LB_neuron"
0,-3.42259213664323,0.122,0.853,0,25,"DSCAM",NA
0,-4.08364329733398,0.067,0.794,0,25,"SCN2A",NA
0,-3.51733621444522,0.151,0.876,0,25,"RALYL",NA
0,-3.6947026419481,0.16,0.885,0,25,"FGF14",NA
0,4.13282874371528,0.821,0.106,0,25,"AC012494.1","DD_Oligo"
0,2.48901826641163,0.94,0.227,0,25,"PLP1",NA
0,-3.17181223051642,0.152,0.863,0,25,"SNRPN",NA
0,4.12820903408661,0.867,0.173,0,25,"PDE1C",NA
0,3.41359878216727,0.846,0.161,0,25,"TMEM144",NA
0,4.14449229212762,0.776,0.093,0,25,"C10orf90",NA
0,-3.81376369221536,0.198,0.876,0,25,"SYT1","LB_neuron"
0,3.27946522569096,0.771,0.111,0,25,"MOBP","DD_Oligo"
0,3.27946522569096,0.771,0.111,0,25,"MOBP","LB_oligodendrocyte"
0,-2.78410828817105,0.265,0.918,0,25,"NRG3",NA
0,4.1503944570878,0.807,0.16,0,25,"DOCK5",NA
0,2.64094920812139,0.796,0.158,0,25,"TF",NA
0,3.39149477859714,0.76,0.122,0,25,"UGT8",NA
0,-3.34516008153521,0.279,0.904,0,25,"FAM155A",NA
0,3.33506509144677,0.901,0.283,0,25,"PTPRK",NA
0,3.2667491544324,0.805,0.194,0,25,"ENPP2","DD_Oligo"
0,4.31623724672722,0.673,0.067,0,25,"BCAS1",NA
0,4.21810567076837,0.765,0.169,0,25,"CREB5",NA
0,4.04910963116415,0.913,0.318,0,25,"NCKAP5",NA
0,3.60447251541412,0.692,0.11,0,25,"COL4A5",NA
0,4.23890130071765,0.642,0.066,0,25,"AC079352.1",NA
0,4.25215600329241,0.94,0.365,0,25,"PIP4K2A",NA
0,3.46872298866306,0.786,0.213,0,25,"CDH20",NA
0,4.24840393711174,0.618,0.049,0,25,"LINC01608","DD_Oligo"
0,3.72550570429216,0.753,0.185,0,25,"LINC00609",NA
0,4.27374317492667,0.64,0.075,0,25,"AL033523.1","DD_Oligo"
0,4.41982895461594,0.612,0.053,0,25,"AC090015.1","DD_Oligo"
0,3.57075553339038,0.715,0.159,0,25,"FBXL7",NA
0,4.48391348027683,0.688,0.133,0,25,"SLC7A14-AS1",NA
0,3.81335995952814,0.656,0.107,0,25,"DOCK1",NA
0,3.55304881476367,0.854,0.306,0,25,"DOCK10",NA
0,3.52406555166656,0.621,0.074,0,25,"CNDP1","DD_Oligo"
0,4.13308243237866,0.948,0.406,0,25,"CTNNA3",NA
0,2.9350541705885,0.636,0.106,0,25,"ANLN","DD_Oligo"
0,3.83029448900954,0.598,0.07,0,25,"SLC5A11","DD_Oligo"
0,3.71887548699246,0.591,0.068,0,25,"ABCA8",NA
0,3.47309244460191,0.945,0.436,0,25,"SLC44A1",NA
0,1.74770618375978,0.744,0.192,0,26,"XIST",NA
0,2.38687597358707,0.735,0.208,0,26,"ARL17B",NA
0,-0.808243250312305,0.524,0.067,0,26,"TTR","LB_Endo/CP"
0,3.31553648273902,0.346,0.034,0,26,"AL355075.4",NA
0,2.8643841519454,0.339,0.042,0,26,"MTRNR2L1",NA
1.35767090761189e-248,-4.46902205308988,0.254,0.762,4.96921128895029e-244,26,"FTH1",NA
1.11791905400053e-241,-2.97873219969526,0.621,0.844,4.09169552954733e-237,26,"CALM2",NA
1.30108296193753e-205,1.45762213488297,0.981,0.772,4.76209374898755e-201,26,"GRIP1",NA
3.29169567875034e-199,1.7994961620918,0.456,0.114,1.20479353537941e-194,26,"AL627171.2",NA
4.66911966554037e-197,-3.07053240097751,0.415,0.774,1.70894448878443e-192,26,"EEF1A1",NA
1.29423821536742e-196,1.6175736813304,0.995,0.858,4.73704129206629e-192,26,"MT-ND3",NA
2.39252313392117e-192,1.00497314089324,0.988,0.805,8.75687392246487e-188,26,"FGF12",NA
7.26600797180357e-192,3.76592307344928,0.127,0.011,2.65943157775982e-187,26,"AC131956.2",NA
1.56537160496072e-190,-3.13395648198559,0.461,0.758,5.72941661131673e-186,26,"PEBP1",NA
1.63361671296873e-189,-2.63928166391159,0.682,0.822,5.97920053113685e-185,26,"CALM1",NA
1.09047418608622e-184,-3.88551364312412,0.259,0.69,3.99124456849416e-180,26,"FTL",NA
4.02240850133376e-183,-3.93998739947076,0.249,0.679,1.47224173557317e-178,26,"BEX3",NA
9.06100943805216e-179,0.781449324171559,0.989,0.932,3.31642006442147e-174,26,"ANK2",NA
6.7273541157118e-177,-3.90296954421492,0.331,0.695,2.46227887989168e-172,26,"TUBA1B",NA
1.63272653770797e-172,-3.67983934075919,0.254,0.665,5.97594240066494e-168,26,"PPIA",NA
9.93490694912763e-172,-3.08863135800724,0.419,0.732,3.63627529245021e-167,26,"VAMP2",NA
3.05425748623217e-171,-4.02006403718666,0.214,0.649,1.11788878253584e-166,26,"DYNLL1",NA
3.83231721395831e-169,0.952740985836476,0.989,0.871,1.40266642348088e-164,26,"CTNND2",NA
1.30483337647604e-168,-2.16321592961942,0.704,0.833,4.77582064123996e-164,26,"ATP1B1",NA
1.41870798984426e-166,-2.91376952283562,0.38,0.711,5.19261311362897e-162,26,"EIF4A2",NA
3.41960880152789e-164,-7.22429700306976,0.007,0.519,1.25161101744722e-159,26,"USP9Y",NA
4.10433264425222e-164,-2.76728034415359,0.473,0.76,1.50222679112276e-159,26,"ACTB",NA
1.16760829137114e-162,-3.55109874978663,0.355,0.694,4.27356310724749e-158,26,"TUBA1A",NA
1.50513813686196e-162,0.857308577589037,0.998,0.893,5.50895609472847e-158,26,"FAM155A",NA
2.32439429334226e-162,-3.57311525550441,0.225,0.651,8.507515553062e-158,26,"RPLP1",NA
3.37746273548565e-162,-6.58160492628498,0.005,0.514,1.2361851358151e-157,26,"TTTY14",NA
8.39454698131351e-159,-2.81218089315043,0.456,0.733,3.07248814063056e-154,26,"ITM2B",NA
1.04726730731542e-158,-3.74692132030234,0.177,0.62,3.83310307150518e-154,26,"RPL13A",NA
1.20889473685563e-158,-2.95441396557573,0.591,0.762,4.42467562636529e-154,26,"UCHL1",NA
1.5284269933877e-157,-3.24948594134708,0.254,0.659,5.59419563849833e-153,26,"EIF1",NA
2.79829773956062e-157,-3.57835452500289,0.25,0.649,1.02420495565658e-152,26,"RPL13",NA
7.41990239395503e-157,-4.37511588655505,0.2,0.613,2.71575847521148e-152,26,"BEX1",NA
1.89263133369536e-156,-3.40051143000948,0.255,0.654,6.92721994445839e-152,26,"RPS28",NA
6.68433336897301e-156,-4.19635384509963,0.178,0.602,2.44653285637781e-151,26,"SRP14",NA
1.74899239213159e-155,-2.23242246553879,0.633,0.789,6.40148705444084e-151,26,"HSP90AB1",NA
1.52579106087318e-154,-4.09459237048411,0.177,0.603,5.58454786190192e-150,26,"COX4I1",NA
8.00807910123734e-154,1.01713685489211,0.948,0.71,2.93103703184388e-149,26,"PALM2-AKAP2",NA
8.9727079363162e-153,-4.04007335745701,0.197,0.617,3.28410083177109e-148,26,"RPL41",NA
2.15474729482882e-152,0.796279663829961,0.998,0.933,7.88659057380295e-148,26,"NRXN1",NA
2.79657363827797e-152,1.69254838834714,0.831,0.502,1.02357391734612e-147,26,"KCNB2",NA
3.60007206947837e-152,-3.64915981821931,0.209,0.618,1.31766237814978e-147,26,"RPL15",NA
2.3712807286153e-151,-3.91490937704408,0.148,0.592,8.67912459480486e-147,26,"RPS15",NA
3.47497868525887e-151,-5.83802947542138,0.009,0.496,1.2718769485916e-146,26,"UTY",NA
1.1913179159989e-148,-3.18997147115735,0.305,0.665,4.36034270434757e-144,26,"TMSB4X",NA
2.80427606065207e-148,-1.29383229832834,0.85,0.902,1.02639308095926e-143,26,"RTN4",NA
0,3.03656668066506,0.965,0.128,0,27,"KIT","DD_Inhib.Thal"
0,2.99643727707594,0.98,0.147,0,27,"OTX2-AS1","DD_Inhib.Thal"
0,3.0478463690472,0.975,0.15,0,27,"GAD1","DD_Inhib.Thal"
0,3.0478463690472,0.975,0.15,0,27,"GAD1","LB_inhibitory_neuron"
0,2.66461429050707,0.976,0.167,0,27,"MEIS2","DD_Inhib.Thal"
0,2.66461429050707,0.976,0.167,0,27,"MEIS2","LB_Thalamus/MDm"
0,2.99048186048984,0.924,0.139,0,27,"RORB",NA
0,2.67567878108948,0.928,0.143,0,27,"GAD2","DD_Inhib.Thal"
0,2.67567878108948,0.928,0.143,0,27,"GAD2","LB_inhibitory_neuron"
0,2.75000617926645,0.993,0.269,0,27,"SYNPR","DD_Inhib.Thal"
0,2.4575936336346,0.918,0.232,0,27,"PDZRN3",NA
0,1.23816095902351,0.98,0.296,0,27,"ADARB2",NA
0,3.30615436145403,0.973,0.289,0,27,"PCBP3",NA
0,2.41452587049742,0.925,0.242,0,27,"NR2F2-AS1",NA
0,2.66308530459703,0.999,0.32,0,27,"ZFPM2",NA
0,3.92357191427592,0.73,0.06,0,27,"LINC02253","DD_Inhib.Thal"
0,2.80739215602075,0.992,0.33,0,27,"NELL1","DD_Inhib.Thal"
0,2.66878716441482,0.847,0.194,0,27,"COL21A1",NA
0,2.25818244836274,0.842,0.195,0,27,"NR2F2",NA
0,2.5072297022049,0.993,0.365,0,27,"CHRM2",NA
0,2.56299034155503,0.989,0.365,0,27,"SPHKAP","DD_Inhib.Thal"
0,2.63251537650237,0.982,0.364,0,27,"UNC13C","DD_Inhib.Thal"
0,2.47335792303846,0.845,0.24,0,27,"ADAMTS19","DD_Inhib.Thal"
0,2.34863160721234,0.966,0.365,0,27,"GULP1",NA
0,2.74632198714598,0.98,0.392,0,27,"NYAP2",NA
0,2.57842477769142,0.757,0.171,0,27,"GREM2","DD_Inhib.Thal"
0,2.35757181305236,0.833,0.247,0,27,"EPHA3",NA
0,1.88870784363795,0.947,0.361,0,27,"TOX",NA
0,1.97220750246061,0.825,0.248,0,27,"SLC6A1",NA
0,2.69220105439859,0.673,0.109,0,27,"OTX2","DD_Inhib.Thal"
0,2.09855610516378,0.98,0.434,0,27,"ZMAT4",NA
0,2.38914670777735,0.801,0.264,0,27,"IGSF3",NA
0,1.90572546544251,0.927,0.391,0,27,"CDH12",NA
0,2.33321547621928,0.996,0.46,0,27,"GRIK1",NA
0,2.1608354707959,0.71,0.175,0,27,"SEMA3C",NA
0,2.1949619441619,0.845,0.329,0,27,"PTCHD4","DD_Inhib.Thal"
0,1.96493182100702,0.887,0.377,0,27,"BTBD11",NA
0,2.18491172506357,0.739,0.239,0,27,"GRIP2",NA
0,2.09651016287734,0.686,0.187,0,27,"AC009264.1",NA
0,2.21645123433585,0.733,0.234,0,27,"FRMD3",NA
0,2.08331097906413,0.898,0.4,0,27,"GRK3",NA
0,2.3697583950336,0.949,0.458,0,27,"MIR124-2HG",NA
0,2.82553363658891,0.559,0.07,0,27,"IGF1",NA
0,2.24088252103994,0.939,0.45,0,27,"RALGAPA2",NA
0,1.93565496676556,0.937,0.452,0,27,"CACHD1",NA
0,3.31234900060138,0.54,0.058,0,27,"LINC01210","DD_Inhib.Thal"
0,3.16007294238071,0.583,0.104,0,27,"VASH2",NA
0,2.43970598909443,0.631,0.159,0,27,"AC016717.2","DD_Inhib.Thal"
0,3.11511994734062,0.554,0.087,0,27,"NXPH2",NA
0,2.52837831851878,0.604,0.139,0,27,"HTR2A","DD_Inhib.Thal"
0,2.76524891587006,0.525,0.069,0,27,"SHISA8","DD_Inhib.Thal"
0,3.88168457858729,0.489,0.041,0,27,"CASR","DD_Inhib.Thal"
0,2.00535470172757,0.553,0.109,0,27,"SLC6A11",NA
0,3.54025894769594,0.825,0.203,0,28,"GNG8","DD_MHb"
0,2.85803649430455,0.802,0.265,0,28,"HSPA1B",NA
0,2.77276149252175,0.792,0.284,0,28,"HSPA1A",NA
0,3.79628681429016,0.544,0.096,0,28,"CRABP2",NA
0,2.94911372030573,0.515,0.072,0,28,"C5orf17",NA
0,3.56649331654296,0.376,0.052,0,28,"SLC17A7","LB_excitatory_neuron"
0,4.85004894887695,0.21,0.013,0,28,"HSPA6",NA
1.69079451099534e-296,3.80557038643042,0.253,0.026,6.18847698969404e-292,28,"SLC18A3",NA
2.66666072392081e-296,3.00729656889636,0.516,0.107,9.76024491562257e-292,28,"PPP1R1B",NA
1.10454395323028e-292,3.16650934452112,0.471,0.09,4.04274132321816e-288,28,"NEUROD1","DD_MHb"
1.86149249438564e-281,2.3371481153334,0.712,0.204,6.81324867870087e-277,28,"GPR151","LB_Hb neuron specific"
4.88809264970306e-269,2.32163655480303,0.813,0.333,1.78909079071782e-264,28,"AMIGO2",NA
1.61957576593008e-265,2.50161757018071,0.833,0.419,5.92780926088067e-261,28,"PPDPF",NA
8.31461233986827e-261,3.12817364562077,0.537,0.131,3.04323126251519e-256,28,"ROBO3","DD_MHb"
1.46781147552181e-260,2.5630714210381,0.858,0.475,5.37233678155738e-256,28,"ITM2C",NA
1.62840240099382e-251,3.04547024337173,0.49,0.113,5.96011562787748e-247,28,"NT5DC2",NA
2.50188900277895e-240,3.0935690746898,0.347,0.057,9.15716393907122e-236,28,"TAC3",NA
1.05574408635062e-237,2.84777974543367,0.633,0.205,3.86412893045191e-233,28,"CHRNA3","DD_MHb"
8.42656671351766e-237,2.58201999483564,0.678,0.239,3.0842076828146e-232,28,"CACNB3",NA
1.15990429829946e-232,1.97186538781096,0.91,0.652,4.24536572220585e-228,28,"PCSK1N",NA
8.34486370628584e-232,2.28817983729369,0.847,0.53,3.05430356513768e-227,28,"EEF1A2",NA
1.62193552190956e-228,2.16524740642878,0.88,0.545,5.93644620374117e-224,28,"TSPAN13",NA
3.68577760541564e-223,2.44369450428472,0.639,0.211,1.34903146135818e-218,28,"TP53I11",NA
5.50790806247414e-223,2.16345660914187,0.891,0.66,2.01594942994616e-218,28,"GABBR1",NA
1.47378267370493e-221,2.51393880497929,0.687,0.26,5.3941919640274e-217,28,"GSDME","DD_MHb"
1.02928465307798e-218,3.27984540774958,0.383,0.077,3.76728475873073e-214,28,"ENO3",NA
8.05619776206211e-214,-1.9508923728271,0.69,0.942,2.94864894289235e-209,28,"MAGI2",NA
1.0896685373072e-210,2.43595270607755,0.706,0.293,3.9882958133981e-206,28,"PDE2A","DD_MHb"
1.40353894389209e-209,1.6657715621351,0.943,0.77,5.13709288853944e-205,28,"GAPDH",NA
1.74661803132001e-206,2.3133707199861,0.57,0.168,6.39279665643437e-202,28,"AC009041.2",NA
3.88784563298729e-205,2.87162815704019,0.351,0.067,1.42299038012968e-200,28,"CYP1B1",NA
7.54959457841234e-198,2.31596238000302,0.71,0.316,2.7632271116447e-193,28,"NECAB2",NA
2.18195542907808e-197,2.73040643208882,0.462,0.119,7.98617506596868e-193,28,"FZD1",NA
6.72639608642576e-192,1.72526817365759,0.88,0.614,2.46192823159269e-187,28,"UBB",NA
4.77041883424476e-191,2.52623742648166,0.582,0.194,1.74602099752192e-186,28,"NR4A2",NA
1.08504456151634e-188,1.26311978008904,0.817,0.319,3.97137159960597e-184,28,"AC008415.1","DD_MHb"
1.45565972737887e-186,-0.925082608804766,1,1,5.32786016817941e-182,28,"MALAT1",NA
9.61478091600224e-184,2.60824266621244,0.604,0.232,3.51910596306598e-179,28,"LY6E",NA
2.42550254316494e-182,1.15028115879647,0.855,0.372,8.87758185823799e-178,28,"AC109466.1","DD_MHb"
4.89690102528041e-182,1.90268319194042,0.791,0.43,1.79231474426288e-177,28,"ZIC1",NA
1.02106756456332e-181,2.19138541471906,0.624,0.231,3.7372093930582e-177,28,"IRX2",NA
1.61273061251176e-181,-1.48035795945991,0.913,0.934,5.90275531485428e-177,28,"NRXN1",NA
3.9325413314285e-181,2.83965011084053,0.381,0.088,1.43934945271615e-176,28,"C5orf38",NA
5.60711469936059e-180,2.05673205415302,0.671,0.277,2.05226005111297e-175,28,"METRN",NA
1.86776591766021e-179,2.04360679722232,0.803,0.501,6.83621003522814e-175,28,"OLFM1",NA
5.08627413894563e-177,2.1663918942178,0.567,0.188,1.86162719759549e-172,28,"POU4F1","LB_Hb neuron specific"
7.56877199859904e-177,-1.88039854691275,0.848,0.932,2.77024623920724e-172,28,"LSAMP",NA
9.89627686852017e-177,1.76765500295275,0.848,0.625,3.62213629664707e-172,28,"ATP1A3",NA
1.57930063155472e-175,1.68952135263524,0.872,0.606,5.78039824155344e-171,28,"MIF",NA
5.45766538965507e-175,3.16922239634869,0.279,0.05,1.99756010926765e-170,28,"LRRC26",NA
0,3.08709879904307,0.862,0.15,0,29,"OTX2-AS1","DD_Inhib.Thal"
0,2.59886904110134,0.827,0.171,0,29,"MEIS2","DD_Inhib.Thal"
0,2.59886904110134,0.827,0.171,0,29,"MEIS2","LB_Thalamus/MDm"
0,2.69198610162818,0.909,0.272,0,29,"SYNPR","DD_Inhib.Thal"
0,2.95185572190083,0.766,0.132,0,29,"KIT","DD_Inhib.Thal"
0,2.04784876118789,0.911,0.323,0,29,"ZFPM2",NA
0,2.8084282820466,0.736,0.155,0,29,"GAD1","DD_Inhib.Thal"
0,2.8084282820466,0.736,0.155,0,29,"GAD1","LB_inhibitory_neuron"
0,2.75884664456574,0.687,0.148,0,29,"GAD2","DD_Inhib.Thal"
0,2.75884664456574,0.687,0.148,0,29,"GAD2","LB_inhibitory_neuron"
0,2.41345347925861,0.984,0.461,0,29,"GRIK1",NA
0,3.25721090917075,0.704,0.198,0,29,"NR2F2",NA
0,2.80992506084154,0.296,0.032,0,29,"SST",NA
6.8373604738575e-294,3.77610235839361,0.42,0.071,2.50254230703658e-289,29,"SHISA8","DD_Inhib.Thal"
5.2353094213774e-278,3.228463487394,0.523,0.114,1.91617560131834e-273,29,"LINC02055",NA
1.02296656629542e-268,3.40122065299857,0.618,0.181,3.74415992929788e-264,29,"HPCA","DD_Inhib.Thal"
9.35504411693061e-262,1.77157369722974,0.996,0.628,3.42403969723777e-257,29,"NRXN3",NA
1.79696078558683e-258,2.55787665523401,0.587,0.145,6.57705617132637e-254,29,"RORB",NA
9.92031451015139e-244,3.61471409077818,0.348,0.057,3.63093431386051e-239,29,"NPPC",NA
3.85232687555377e-240,4.32096792185083,0.247,0.03,1.40999015972143e-235,29,"AL137100.3",NA
8.01369472199565e-223,2.11022522803384,0.626,0.177,2.93309240519763e-218,29,"SEMA3C",NA
3.32880485305138e-221,3.10474801000228,0.47,0.113,1.21837586426533e-216,29,"OTX2","DD_Inhib.Thal"
4.6953440629853e-216,2.94987226550881,0.626,0.217,1.71854288049325e-211,29,"NRGN",NA
1.70372979240064e-211,4.39763641150083,0.209,0.024,6.23582141316559e-207,29,"PRL",NA
2.70294046317858e-206,1.33203927912733,0.982,0.777,9.89303238927992e-202,29,"DLGAP1",NA
8.38367030761426e-192,-2.4779195725621,0.292,0.814,3.0685071692899e-187,29,"FGF12",NA
8.07594586710665e-190,3.31716565997003,0.338,0.066,2.9558769468197e-185,29,"GATA3","DD_Inhib.Thal"
4.73282182766536e-189,-1.93216761808848,0.491,0.887,1.7322601171438e-184,29,"MAP1B",NA
8.27623638701579e-189,2.00540338316797,0.783,0.369,3.02918528001165e-184,29,"SPHKAP","DD_Inhib.Thal"
1.01055902565281e-188,2.87457753273447,0.545,0.175,3.69874708979185e-184,29,"GREM2","DD_Inhib.Thal"
3.75584792802935e-179,-2.3372407979701,0.356,0.846,1.37467790013802e-174,29,"NKAIN2",NA
5.49636704329092e-174,3.19150987724051,0.304,0.058,2.01172530151491e-169,29,"CPLX3","DD_Inhib.Thal"
4.00258046024157e-172,-4.30176871208279,0.139,0.69,1.46498447425302e-167,29,"MTUS2",NA
9.15178214072945e-172,3.17586243965357,0.343,0.074,3.34964378132838e-167,29,"IGF1",NA
5.41621016159764e-171,2.03010215646119,0.691,0.286,1.98238708124635e-166,29,"PTPRT",NA
6.17574213589657e-171,2.77990523908966,0.645,0.302,2.2603833791595e-166,29,"VSTM2L",NA
4.81810117674113e-170,3.95095376640842,0.221,0.033,1.76347321169902e-165,29,"DMBX1","DD_Inhib.Thal"
1.13620241515894e-169,-3.47611433473346,0.091,0.672,4.15861445972324e-165,29,"ENOX1",NA
1.9384926739877e-167,-1.36253750523556,0.674,0.936,7.09507703606239e-163,29,"ANK2",NA
2.24500559401603e-166,-3.10275818830944,0.116,0.681,8.21694497465806e-162,29,"TCF7L2",NA
1.25244243676237e-163,-2.42495940171254,0.177,0.762,4.58406456279394e-159,29,"TENM2",NA
1.27258859634363e-162,3.32817400183144,0.397,0.105,4.65780152147733e-158,29,"KCNIP2","DD_Inhib.Thal"
5.49574698566676e-162,1.14764413182306,0.95,0.842,2.01149835422389e-157,29,"GPM6A",NA
2.31102537843122e-161,2.26305343353524,0.75,0.465,8.45858398759609e-157,29,"SLC12A5",NA
1.04777828879414e-160,1.52176698192589,0.789,0.369,3.83497331481544e-156,29,"CHRM2",NA
1.31950079831314e-157,-3.50204321275366,0.095,0.651,4.82950487190593e-153,29,"PARD3",NA
3.91071549084185e-157,1.26397496426871,0.915,0.591,1.43136097680302e-152,29,"PLCB1",NA
2.03285906653107e-155,3.60478859262026,0.233,0.038,7.44046746941038e-151,29,"GSTT2B",NA
2.79550453137449e-154,1.97085294968299,0.739,0.369,1.02318261352838e-149,29,"UNC13C","DD_Inhib.Thal"
4.27891871810161e-150,1.15289594307395,0.993,0.718,1.56612704001237e-145,29,"KCNIP4",NA
7.43398873003916e-149,0.860288520800347,0.996,0.864,2.72091421508163e-144,29,"SYT1","LB_neuron"
1.19713499423906e-147,-2.70167124107062,0.15,0.695,4.38163379241437e-143,29,"SHTN1",NA
2.04172083997679e-146,3.95521693428089,0.204,0.032,7.47290244639906e-142,29,"UNCX",NA
0,6.13065822087945,0.89,0.04,0,30,"ARMC3",NA
0,6.50377495439211,0.835,0.025,0,30,"DNAH11",NA
0,5.69313769747443,0.932,0.124,0,30,"CFAP299",NA
0,7.04644672186886,0.822,0.016,0,30,"AC020718.1",NA
0,4.424872398821,0.938,0.141,0,30,"LINC01088","DD_Astrocyte"
0,6.15062404351191,0.85,0.056,0,30,"CAPS",NA
0,6.51427898131583,0.813,0.022,0,30,"ADGB",NA
0,5.40620047684202,0.946,0.167,0,30,"CFAP54",NA
0,5.17955878477097,0.847,0.071,0,30,"WDR49","DD_Astrocyte"
0,3.56599539542016,0.876,0.103,0,30,"SLC1A3",NA
0,7.01726845654711,0.785,0.019,0,30,"ANXA1",NA
0,6.69105131767165,0.779,0.021,0,30,"AC019330.1",NA
0,5.40668766119619,0.84,0.097,0,30,"SPAG17",NA
0,6.33433087217678,0.76,0.025,0,30,"DTHD1",NA
0,5.96679787785107,0.76,0.036,0,30,"SPAG6",NA
0,5.00358701391788,0.887,0.163,0,30,"CFAP47",NA
0,5.63390208408865,0.782,0.06,0,30,"DNAH12",NA
0,5.20419878473711,0.915,0.203,0,30,"DNAH9",NA
0,5.36025567616037,0.747,0.036,0,30,"VIM",NA
0,4.8588396731993,0.896,0.195,0,30,"CFAP43",NA
0,5.09463351133508,0.744,0.049,0,30,"SERPINI2",NA
0,5.82328677704449,0.729,0.037,0,30,"TTC29",NA
0,4.59789908502812,0.909,0.218,0,30,"LRRIQ1",NA
0,5.89660815205086,0.716,0.025,0,30,"LMNTD1",NA
0,5.10039064153275,0.775,0.09,0,30,"AGBL1",NA
0,4.60272089192414,0.75,0.067,0,30,"SOX9",NA
0,4.62211222874049,0.897,0.216,0,30,"DCDC1",NA
0,5.57838214008479,0.719,0.041,0,30,"MUSK",NA
0,4.25381518958172,0.74,0.068,0,30,"TMEM123",NA
0,5.12774804063214,0.762,0.091,0,30,"SPATA17",NA
0,3.70101541586832,0.725,0.058,0,30,"ZFP36L1",NA
0,4.82646994310293,0.771,0.106,0,30,"TTC6",NA
0,3.86411861718778,0.765,0.108,0,30,"EYA4",NA
0,3.7549278098207,0.85,0.193,0,30,"C8orf34","DD_Excit.Thal"
0,5.97864785961101,0.684,0.034,0,30,"AL357093.2",NA
0,4.46283929153929,0.859,0.211,0,30,"CFAP44",NA
0,6.00808341329934,0.668,0.022,0,30,"CFAP157",NA
0,4.25906947239356,0.693,0.048,0,30,"GJA1","DD_Astrocyte"
0,3.76710948183113,0.699,0.061,0,30,"GRAMD2B",NA
0,5.60861984220703,0.687,0.05,0,30,"DYNLRB2",NA
0,2.61990990441436,0.894,0.26,0,30,"SOX6","DD_OPC"
0,4.68746642639463,0.771,0.138,0,30,"ZBBX",NA
0,3.79962851939571,0.734,0.102,0,30,"MT2A",NA
0,3.54872107607219,0.8,0.17,0,30,"ITGB8",NA
0,3.55572562579948,0.846,0.218,0,30,"GLIS3","DD_Astrocyte"
0,2.74315184391423,0.944,0.323,0,30,"NFIA",NA
0,5.35706227778899,0.656,0.039,0,30,"PLTP",NA
0,6.40189506097774,0.631,0.015,0,30,"C11orf88",NA
0,4.53066170907362,0.763,0.147,0,30,"RSPH1",NA
0,5.08224252917534,0.691,0.077,0,30,"NEK5",NA
0,2.36455505756919,0.959,0.493,0,31,"RPS26",NA
0,2.40756550219968,0.98,0.539,0,31,"TUBB2A",NA
0,2.35841039865075,0.976,0.545,0,31,"RNASEK",NA
0,2.25152161661984,0.988,0.602,0,31,"BEX1",NA
0,2.35805561962957,0.995,0.652,0,31,"PCSK1N",NA
0,3.01931702927999,0.994,0.664,0,31,"CALY",NA
0,2.02756127972362,0.991,0.669,0,31,"BEX3",NA
0,3.78582789188584,0.343,0.031,0,31,"TFAP2B",NA
0,1.98548571250174,0.995,0.686,0,31,"TUBA1B",NA
0,2.08358763589539,0.997,0.757,0,31,"UCHL1",NA
0,2.10110583684335,0.992,0.769,0,31,"GAPDH",NA
0,5.60496412423399,0.224,0.006,0,31,"EN1",NA
0,2.18663974227443,0.995,0.811,0,31,"GNAS",NA
0,5.8362360840736,0.179,0.01,0,31,"GRP",NA
0,4.78920991491506,0.175,0.007,0,31,"EN2",NA
9.61879364109281e-305,2.17780827934063,0.958,0.535,3.52057466057638e-300,31,"NDUFA13",NA
4.5017592558838e-303,2.00140248155507,0.991,0.64,1.64768890524603e-298,31,"ATP6V0C",NA
1.71220916738485e-302,2.22473330435198,0.949,0.498,6.26685677354529e-298,31,"COX6B1",NA
2.35828210153828e-300,2.27487872263427,0.961,0.631,8.63154831984027e-296,31,"MDH1",NA
9.30097895634153e-297,1.97779407982179,0.976,0.649,3.40425130781056e-292,31,"BSCL2",NA
7.00073113235047e-289,2.68608317806537,0.837,0.344,2.56233760175159e-284,31,"ALDOC",NA
2.77438787962301e-288,2.41122325563712,0.899,0.437,1.01545370782082e-283,31,"ISCU",NA
2.83450711267657e-288,2.12724935984162,0.959,0.547,1.03745794831075e-283,31,"COX6A1",NA
2.4580488724755e-282,1.96824174838185,0.976,0.605,8.99670467814757e-278,31,"MIF",NA
3.43287445695662e-281,2.23510323735572,0.922,0.487,1.25646637999069e-276,31,"TUBB4B",NA
5.41322355674638e-280,2.25227264111322,0.946,0.573,1.98129395400474e-275,31,"SCG5",NA
4.08671897863833e-278,2.10620250809383,0.967,0.581,1.49578001337141e-273,31,"NDUFA4",NA
8.35497428099472e-274,1.83797177579031,0.977,0.655,3.05800413658688e-269,31,"PPIA",NA
9.07849512325269e-274,2.08408855019502,0.953,0.592,3.32282000006172e-269,31,"COX4I1",NA
5.16902475700297e-270,2.25384746459616,0.895,0.436,1.89191475131066e-265,31,"PGAM1",NA
3.66113265169066e-269,1.91923561415966,0.967,0.606,1.3400111618453e-264,31,"RPL41",NA
2.11675439594726e-268,2.06950934409168,0.944,0.537,7.74753276460658e-264,31,"COX5B",NA
2.33570524627699e-268,3.89412964488007,0.327,0.044,8.54891477189841e-264,31,"SLC32A1",NA
1.44457695496758e-267,1.99156503991306,0.961,0.535,5.28729611287682e-263,31,"CHCHD2",NA
2.54352831003563e-264,1.88457553572915,0.968,0.616,9.30956796756141e-260,31,"STMN2",NA
4.88066552128518e-263,1.98829065243637,0.95,0.577,1.78637238744559e-258,31,"FAIM2",NA
9.97667168989453e-263,2.14059868582738,0.917,0.507,3.6515616052183e-258,31,"TPI1",NA
2.98205615651968e-262,1.93752549488552,0.955,0.587,1.09146237384777e-257,31,"TUBB3",NA
4.3244406085574e-262,2.37764761657479,0.849,0.388,1.58278850713809e-257,31,"TUBA4A",NA
7.72572043494342e-259,1.86407277698883,0.964,0.581,2.82769093639364e-254,31,"RPS15",NA
1.09099867908256e-256,1.55626063357597,0.794,0.282,3.99316426531008e-252,31,"CST3",NA
3.13012645506605e-255,1.93530624232638,0.956,0.567,1.14565758381872e-250,31,"COX7C",NA
3.16992851463083e-255,2.03157864602728,0.935,0.527,1.16022553564003e-250,31,"ATP5IF1",NA
7.2187541594697e-254,1.86596133480632,0.961,0.587,2.64213620990751e-249,31,"SOD1",NA
3.81827659869684e-253,1.91257760059948,0.943,0.556,1.39752741788903e-248,31,"RPL7A",NA
5.72121385556984e-251,2.16916433952992,0.922,0.52,2.09402148327712e-246,31,"CHCHD10",NA
6.6646979778585e-250,1.93809751615097,0.931,0.524,2.43934610687599e-245,31,"RPL32",NA
1.33844011999078e-249,2.15793715635479,0.901,0.511,4.89882468317824e-245,31,"TMEM59L",NA
1.01163606069071e-247,2.15006473069417,0.881,0.437,3.70268914573408e-243,31,"GNG3",NA
5.83746540930524e-247,1.81529138019179,0.956,0.591,2.13657071445981e-242,31,"SRP14",NA
0,2.50832350163444,0.782,0.21,0,32,"ARL17B",NA
0,0.55024098207483,0.624,0.067,0,32,"TTR","LB_Endo/CP"
0,2.50574941099877,0.672,0.132,0,32,"SULF1","DD_Excit.Thal"
0,3.19684649056017,0.636,0.113,0,32,"AC016766.1",NA
0,3.54489018890521,0.599,0.08,0,32,"AC019211.1",NA
0,2.47518403524199,0.642,0.134,0,32,"MEGF11","DD_OPC"
0,2.85930190802312,0.636,0.132,0,32,"CCBE1",NA
0,3.47251136275762,0.565,0.081,0,32,"GRID2IP",NA
0,3.68773828107269,0.54,0.064,0,32,"AC067956.1",NA
0,3.32029512322745,0.483,0.041,0,32,"MTRNR2L1",NA
0,3.7703364465687,0.46,0.034,0,32,"AL355075.4",NA
0,2.73088143900703,0.489,0.069,0,32,"CASQ2",NA
0,3.5391064237867,0.447,0.05,0,32,"FAM163A",NA
0,3.17150937376927,0.466,0.071,0,32,"CARD11",NA
0,2.28770249564959,0.426,0.058,0,32,"TGFBR2",NA
4.4678289351895e-306,2.38122238646386,0.972,0.654,1.63527006856871e-301,32,"RBFOX1","DD_Excit.Thal"
1.16189600121687e-304,2.61327771161929,0.89,0.369,4.25265555405387e-300,32,"ZNF385B",NA
3.65597504172983e-303,2.45285545253308,1,0.859,1.33812342502354e-298,32,"MT-ND3",NA
6.55398117107434e-301,2.92235279712093,0.704,0.191,2.39882264842492e-296,32,"ADAMTSL1",NA
3.41942583760947e-298,3.29180737515016,0.314,0.035,1.25154405082344e-293,32,"AC093843.1",NA
2.67062466309177e-291,2.39560083986757,0.862,0.34,9.7747533293822e-287,32,"AL033504.1",NA
2.31811975749881e-290,2.74021253450927,0.858,0.357,8.48455012442138e-286,32,"GALNT17","DD_Excit.Thal"
6.96586188325928e-290,3.04462852276536,0.42,0.063,2.54957510789173e-285,32,"AC002383.1",NA
1.70831285460123e-285,2.52093129450167,0.854,0.357,6.25259587912597e-281,32,"SAMD5",NA
6.5716110238763e-283,2.55945591970037,0.519,0.1,2.40527535084897e-278,32,"AC008691.1",NA
7.68785922521297e-283,2.57040696686284,0.661,0.166,2.8138333550202e-278,32,"AL445123.2",NA
1.14463798817965e-280,2.58841638481177,0.542,0.107,4.18948950053632e-276,32,"RASSF3",NA
3.8223450077666e-280,2.11503619920115,0.909,0.323,1.39901649629265e-275,32,"NXPH1",NA
5.28463757724442e-279,2.38859195696869,0.906,0.462,1.93423019964723e-274,32,"TENM4",NA
4.27408320013643e-277,2.84182475077751,0.673,0.182,1.56435719208193e-272,32,"AP000943.2","DD_Excit.Thal"
1.57997629826402e-273,3.52735542338905,0.423,0.07,5.78287124927614e-269,32,"AC040174.1",NA
4.37355280433869e-270,2.22037085261351,0.96,0.561,1.600764061916e-265,32,"IQCJ-SCHIP1","DD_Excit.Thal"
1.26797196218212e-269,2.46137824185406,0.763,0.244,4.64090417878278e-265,32,"AL356124.1",NA
1.00435218857428e-267,2.18076402736931,0.923,0.508,3.67602944540072e-263,32,"KCNQ3",NA
5.87892371956104e-265,2.41773483677029,0.638,0.155,2.15174487059654e-260,32,"IL1RAPL2",NA
1.87488346006375e-259,2.0303827511452,0.918,0.488,6.86226095217934e-255,32,"CACNA1A",NA
5.17640329267687e-259,2.17198383527572,0.864,0.362,1.89461536915266e-254,32,"SASH1",NA
2.02355191315108e-258,3.16333199006458,0.334,0.045,7.40640235732426e-254,32,"CCDC141",NA
5.14788795818526e-256,2.49693545798538,0.514,0.103,1.88417847157539e-251,32,"GDNF-AS1",NA
2.13514624181762e-255,2.74892441518673,0.418,0.069,7.81484875967667e-251,32,"LINC01482",NA
1.5597444529257e-254,3.79823576354487,0.529,0.12,5.70882067215336e-250,32,"AC138305.1",NA
3.497128133855e-254,2.49074068779373,0.474,0.088,1.27998386827227e-249,32,"ATP10A",NA
9.26875841012165e-254,2.88985710094842,0.785,0.307,3.39245826568862e-249,32,"FSTL4","DD_Excit.Thal"
7.40543698445033e-251,2.27914246648426,0.68,0.184,2.71046399067866e-246,32,"CNKSR3",NA
8.82047318415293e-248,2.38151790188955,0.932,0.537,3.22838139013181e-243,32,"LHFPL3","DD_OPC"
2.01969792618334e-247,2.01131015104913,0.98,0.815,7.39229637962365e-243,32,"PTPRD",NA
4.67450718211845e-247,2.50230585413529,0.687,0.205,1.71091637372717e-242,32,"THSD4",NA
3.86416499997663e-245,1.96909054752373,0.457,0.084,1.41432303164145e-240,32,"PAMR1","DD_Astrocyte"
1.02023724792171e-241,2.26990031338726,0.783,0.281,3.73417035111824e-237,32,"STXBP6",NA
5.33595715452215e-241,2.07666715010493,0.91,0.551,1.95301367812665e-236,32,"KALRN",NA
0,7.20408180969789,0.884,0.05,0,33,"VCAN","DD_OPC"
0,7.20408180969789,0.884,0.05,0,33,"VCAN","LB_oligodendrocyte_precursor"
0,8.7328965056526,0.729,0.014,0,33,"BX284613.2","DD_OPC"
0,4.40919244516848,0.928,0.261,0,33,"SOX6","DD_OPC"
0,8.34243690707633,0.564,0.008,0,33,"PDGFRA","DD_OPC"
0,8.34243690707633,0.564,0.008,0,33,"PDGFRA","LB_oligodendrocyte_precursor"
0,4.89928179348707,0.961,0.413,0,33,"PTPRZ1","DD_OPC"
0,4.66105772411284,0.595,0.071,0,33,"OLIG1","DD_OPC"
0,7.87657082419752,0.533,0.014,0,33,"AC004852.2","DD_OPC"
0,3.3869486589413,0.616,0.101,0,33,"APOD",NA
0,3.96258122378053,0.771,0.263,0,33,"SEMA5A",NA
0,5.10655968060829,0.592,0.135,0,33,"MEGF11","DD_OPC"
0,3.57148029505587,0.941,0.537,0,33,"LHFPL3","DD_OPC"
0,6.33006943501759,0.407,0.036,0,33,"ADAMTS17","DD_OPC"
0,3.29116057127366,0.956,0.59,0,33,"PCDH15",NA
0,5.53609056575142,0.407,0.047,0,33,"CALCRL","DD_OPC"
0,5.3093680369314,0.386,0.032,0,33,"PRRX1",NA
0,5.70987756530786,0.382,0.044,0,33,"BCAN","DD_OPC"
0,6.1011738090188,0.358,0.031,0,33,"COL9A1","DD_OPC"
0,5.40257749548761,0.332,0.017,0,33,"OLIG2",NA
0,6.62940727610511,0.304,0.013,0,33,"AC013265.1",NA
0,4.50918127479512,0.306,0.031,0,33,"GPR37L1",NA
0,2.89493427187085,0.977,0.776,0,33,"LRRC4C",NA
0,8.08478989988189,0.18,0.002,0,33,"GPR17",NA
0,8.43512829639317,0.175,0.002,0,33,"AL512308.1",NA
0,7.00418512620373,0.142,0.006,0,33,"NEU4",NA
0,7.10067534365932,0.132,0.005,0,33,"VCAN-AS1",NA
0,6.34892292992293,0.123,0.004,0,33,"KLRC3",NA
0,7.92051299818675,0.121,0.003,0,33,"BEST3",NA
0,7.84070467682845,0.106,0.002,0,33,"MROH9",NA
0,7.68593081722395,0.101,0.002,0,33,"CSPG4",NA
8.35307938688252e-308,4.20774525887421,0.9,0.523,3.05731058639287e-303,33,"TNR","DD_OPC"
3.82956149588286e-306,6.08778926293676,0.288,0.029,1.40165780310808e-301,33,"FERMT1","DD_OPC"
2.33661322252778e-297,3.39397181832928,0.454,0.072,8.55223805577393e-293,33,"BCAS1",NA
2.88299069420216e-297,3.98373864004803,0.9,0.543,1.05520342398493e-292,33,"MMP16","DD_OPC"
1.11668695571569e-294,2.49960482064902,0.969,0.765,4.08718592661501e-290,33,"CSMD1",NA
1.33824496233658e-294,2.51566060099096,0.971,0.84,4.89811038664811e-290,33,"DSCAM",NA
7.21816366814626e-288,7.17240323515711,0.119,0.005,2.64192008417821e-283,33,"COL20A1",NA
1.29040842053623e-276,2.43402932773557,0.954,0.528,4.72302386000466e-272,33,"ERBB4",NA
7.18634728280359e-267,-4.07741525300646,0.134,0.874,2.63027496897894e-262,33,"SYT1","LB_neuron"
3.05391259160783e-263,4.6773819480572,0.417,0.071,1.11776254765438e-258,33,"RAB31",NA
2.22272059999547e-258,4.16736946518444,0.327,0.043,8.13537966804342e-254,33,"C5orf64",NA
2.24490898285787e-258,5.18548361595213,0.279,0.032,8.2165913681581e-254,33,"ASCL1",NA
2.79250706504725e-254,3.18993042781833,0.647,0.19,1.02208551087794e-249,33,"LRMDA",NA
2.02231281698362e-248,6.31144725146762,0.1,0.004,7.40186714144174e-244,33,"VIPR2",NA
1.03251175448215e-247,3.35297842646646,0.6,0.159,3.7790962725801e-243,33,"PREX2",NA
3.65125155341944e-246,-3.78148622563321,0.072,0.848,1.33639458106705e-241,33,"NKAIN2",NA
3.05375079161715e-245,4.49007305334906,0.534,0.131,1.11770332723979e-240,33,"LINC00511",NA
8.62997545897099e-243,2.76332744716613,0.871,0.486,3.15865731773797e-238,33,"LUZP2",NA
1.09831691019293e-240,-4.01107491431084,0.129,0.85,4.01994972299713e-236,33,"ROBO2",NA
7.84097442330979e-239,4.6743329773095,0.31,0.042,2.86987504867562e-234,33,"PLEKHH2","DD_OPC"
8.3514590107624e-238,3.55090232007727,0.377,0.061,3.05671751252915e-233,33,"ZCCHC24",NA
0,6.16142491955269,0.932,0.188,0,34,"LRMDA",NA
0,8.2927012324117,0.729,0.018,0,34,"DOCK8",NA
0,7.35482233966806,0.679,0.059,0,34,"ADAM28","DD_Microglia"
0,7.96930593870369,0.642,0.023,0,34,"ARHGAP15",NA
0,6.00288880227415,0.829,0.239,0,34,"MEF2C",NA
0,7.37168353950732,0.624,0.042,0,34,"CD74","DD_Microglia"
0,6.4074890038567,0.676,0.1,0,34,"DLEU1",NA
0,8.22878831621147,0.583,0.013,0,34,"APBB1IP",NA
0,6.80213291943262,0.586,0.031,0,34,"PTPRC",NA
0,5.90460036482829,0.547,0.051,0,34,"ZFP36L2",NA
0,5.09287161989856,0.54,0.061,0,34,"ZFP36L1",NA
0,5.67610421343884,0.496,0.064,0,34,"A2M",NA
0,7.91227064846009,0.447,0.016,0,34,"HLA-DRA","DD_Microglia"
0,7.37688256116848,0.437,0.014,0,34,"INPP5D",NA
0,7.85575218169435,0.435,0.012,0,34,"C3","LB_microglia"
0,8.43771374559937,0.424,0.01,0,34,"LNCAROD","DD_Microglia"
0,8.19738789275056,0.414,0.012,0,34,"FYB1",NA
0,7.06057016116582,0.422,0.027,0,34,"CPED1",NA
0,6.83890439494737,0.435,0.054,0,34,"P2RY12",NA
0,7.51967601626688,0.394,0.014,0,34,"SRGN",NA
0,8.67228755275075,0.383,0.006,0,34,"OLR1","DD_Microglia"
0,6.43089833871031,0.439,0.062,0,34,"RUNX1",NA
0,6.26183589623729,0.433,0.058,0,34,"PALD1",NA
0,7.71853764197171,0.39,0.018,0,34,"SAMSN1",NA
0,6.12007540796803,0.408,0.041,0,34,"MAF",NA
0,6.58283207827293,0.403,0.04,0,34,"TBXAS1",NA
0,8.01172363102639,0.365,0.008,0,34,"CSF1R","DD_Microglia"
0,8.01172363102639,0.365,0.008,0,34,"CSF1R","LB_microglia"
0,6.45713281605552,0.383,0.038,0,34,"LPAR6",NA
0,8.304862775693,0.34,0.007,0,34,"RGS1",NA
0,7.33701529270046,0.342,0.022,0,34,"HLA-DRB1","DD_Microglia"
0,7.24505405697975,0.335,0.016,0,34,"LYN",NA
0,6.62338108570276,0.346,0.027,0,34,"DOCK2",NA
0,8.38239505997288,0.324,0.007,0,34,"CX3CR1",NA
0,7.26175870688461,0.324,0.024,0,34,"CCDC26",NA
0,7.63111820797562,0.307,0.015,0,34,"BLNK","DD_Microglia"
0,6.31515518134552,0.314,0.028,0,34,"IL13RA1",NA
0,8.41764018466357,0.287,0.004,0,34,"ITGAX","DD_Microglia"
0,7.85187174895873,0.271,0.008,0,34,"TMEM156","DD_Microglia"
0,7.44570020645991,0.266,0.012,0,34,"SYK","DD_Microglia"
0,6.13691175682117,0.266,0.017,0,34,"IFI16",NA
0,7.88373182371963,0.251,0.008,0,34,"WDFY4","DD_Microglia"
0,6.67866853888702,0.26,0.018,0,34,"PLA2G4A","DD_Microglia"
0,7.86918346988003,0.246,0.005,0,34,"C1QC",NA
0,6.53011166452396,0.258,0.018,0,34,"SLCO2B1",NA
0,7.97695424686557,0.251,0.011,0,34,"GPR183",NA
0,7.3929009218485,0.248,0.015,0,34,"CYBB","DD_Microglia"
0,7.66512423764548,0.237,0.006,0,34,"TYROBP",NA
0,7.35349258240829,0.237,0.011,0,34,"MSR1","DD_Microglia"
0,7.62608827693753,0.228,0.005,0,34,"C1QB",NA
0,6.29209033743289,0.237,0.018,0,34,"SP100",NA
0,3.42612854562446,0.981,0.152,0,35,"OTX2-AS1","DD_Inhib.Thal"
0,2.968963182977,0.955,0.133,0,35,"KIT","DD_Inhib.Thal"
0,3.07876425238657,0.978,0.172,0,35,"MEIS2","DD_Inhib.Thal"
0,3.07876425238657,0.978,0.172,0,35,"MEIS2","LB_Thalamus/MDm"
0,3.20971929087344,0.931,0.144,0,35,"RORB",NA
0,3.41591850585179,0.961,0.176,0,35,"SEMA3C",NA
0,2.49618091465306,0.927,0.156,0,35,"GAD1","DD_Inhib.Thal"
0,2.49618091465306,0.927,0.156,0,35,"GAD1","LB_inhibitory_neuron"
0,2.67067335129765,0.909,0.148,0,35,"GAD2","DD_Inhib.Thal"
0,2.67067335129765,0.909,0.148,0,35,"GAD2","LB_inhibitory_neuron"
0,2.86898114898689,0.963,0.246,0,35,"NR2F2-AS1",NA
0,2.68409262127168,0.976,0.274,0,35,"SYNPR","DD_Inhib.Thal"
0,2.86825539166315,0.899,0.199,0,35,"NR2F2",NA
0,2.63337397046893,0.92,0.236,0,35,"PDZRN3",NA
0,2.73520044871313,0.994,0.325,0,35,"ZFPM2",NA
0,2.72554472570499,0.828,0.174,0,35,"GREM2","DD_Inhib.Thal"
0,2.75639654244309,0.763,0.112,0,35,"OTX2","DD_Inhib.Thal"
0,3.50171352472467,0.713,0.09,0,35,"MYO3B","DD_Inhib.Thal"
0,2.78852797695752,0.776,0.161,0,35,"AC016717.2","DD_Inhib.Thal"
0,3.35726587297126,0.664,0.065,0,35,"LINC02253","DD_Inhib.Thal"
0,3.01254533117593,0.657,0.073,0,35,"IGF1",NA
0,2.4602176620682,0.713,0.13,0,35,"ZFPM2-AS1",NA
0,3.12811558137914,0.642,0.095,0,35,"AC012409.2",NA
0,2.9885215472251,0.586,0.056,0,35,"CPLX3","DD_Inhib.Thal"
0,3.19823493966123,0.601,0.083,0,35,"AP003049.2","DD_Inhib.Thal"
0,3.01444003060242,0.575,0.061,0,35,"LINC01210","DD_Inhib.Thal"
0,3.418279168994,0.56,0.048,0,35,"AL161757.4",NA
0,2.712489379916,0.569,0.066,0,35,"GATA3","DD_Inhib.Thal"
0,3.36533189256935,0.392,0.029,0,35,"AL137100.3",NA
0,3.14917339305876,0.394,0.032,0,35,"DMBX1","DD_Inhib.Thal"
0,3.54756041737937,0.381,0.024,0,35,"HGF",NA
0,5.1198124364517,0.166,0.005,0,35,"UGT2B4",NA
7.55589304893883e-304,2.70387780232566,0.978,0.37,2.7655324148421e-299,35,"SPHKAP","DD_Inhib.Thal"
3.97587082293377e-301,2.66243421185326,0.392,0.04,1.45520847990199e-296,35,"SOX14",NA
1.99191576036083e-300,3.15809962071826,0.369,0.036,7.29061087449668e-296,35,"LINC02254",NA
2.87730598926938e-300,2.63575839526375,0.987,0.368,1.05312276513249e-295,35,"UNC13C","DD_Inhib.Thal"
4.04331169079276e-300,3.52290544034126,0.64,0.114,1.47989251194706e-295,35,"LINC02055",NA
2.97923162531175e-299,2.95216078901773,0.974,0.395,1.09042856718035e-294,35,"NYAP2",NA
5.0653460766192e-284,2.34948521341283,0.789,0.175,1.8539673175034e-279,35,"DISC1",NA
2.39700303454943e-283,2.61900360550757,0.918,0.294,8.77327080675436e-279,35,"PCBP3",NA
3.94742128373509e-282,2.12862572507013,0.647,0.111,1.44479566405988e-277,35,"SLC6A11",NA
3.56236627709446e-273,2.50002809725087,0.683,0.132,1.30386168107934e-268,35,"SMAD9","DD_Inhib.Thal"
2.68308200141016e-271,2.32065166182201,0.972,0.335,9.82034843336134e-267,35,"NELL1","DD_Inhib.Thal"
3.28288865497139e-269,2.45883994059331,0.608,0.106,1.20157007660608e-264,35,"SYNDIG1L","DD_Inhib.Thal"
3.13113181342527e-267,2.35151317027533,0.978,0.37,1.14602555503178e-262,35,"CHRM2",NA
1.79309985137105e-266,2.63054044510881,1,0.629,6.56292476600319e-262,35,"NRXN3",NA
2.56225882525882e-266,3.51448842802029,0.373,0.042,9.3781235263298e-262,35,"AC022523.1","DD_Inhib.Thal"
1.17443693654264e-264,2.11719239496018,0.509,0.072,4.29855663143973e-260,35,"SHISA8","DD_Inhib.Thal"
8.35997739212368e-263,2.86296149893832,0.502,0.075,3.05983532529119e-258,35,"DLGAP1-AS4",NA
9.85328426693338e-261,2.56782686060405,0.584,0.098,3.60640057454029e-256,35,"TSPAN18","DD_Inhib.Thal"
6.11793388049649e-257,3.07266896623427,0.256,0.02,2.23922497960052e-252,35,"AC007159.1",NA
2.6106626187938e-253,2.58669626193193,0.994,0.463,9.55528625104718e-249,35,"GRIK1",NA
4.9763634172847e-245,2.93875409427835,0.386,0.047,1.82139877436037e-240,35,"SYNPR-AS1",NA
0,5.0471435542164,0.86,0.245,0,36,"IFI6",NA
0,8.7185473232524,0.654,0.069,0,36,"TTR","LB_Endo/CP"
0,6.08620575593466,0.514,0.027,0,36,"IFITM3","DD_Endo"
0,6.12080380784422,0.498,0.037,0,36,"IFI27",NA
0,5.04874087673171,0.325,0.021,0,36,"FAM183A",NA
0,4.90904472602465,0.304,0.021,0,36,"C11orf88",NA
0,5.76928657299515,0.294,0.013,0,36,"SOD3",NA
0,4.85541414642569,0.283,0.013,0,36,"IFI44L",NA
0,5.31586134579186,0.283,0.014,0,36,"FOXJ1",NA
0,5.24670087490759,0.285,0.017,0,36,"CRIP1",NA
0,5.02385328152417,0.273,0.017,0,36,"ODF3B",NA
0,6.51170857144185,0.243,0.007,0,36,"FOLR1","LB_Endo/CP"
0,5.70524131501177,0.166,0.006,0,36,"FAM166B",NA
1.30961839934613e-306,4.53953947317409,0.407,0.042,4.79333430344675e-302,36,"VIM",NA
7.05783087530333e-282,5.25225856035732,0.192,0.01,2.58323667866977e-277,36,"AC007906.2",NA
4.68335684292972e-269,4.80547448624972,0.231,0.015,1.71415543808071e-264,36,"S100A11",NA
4.87734940777866e-263,5.11063026924269,0.449,0.06,1.78515865674107e-258,36,"IGFBP7",NA
1.28222066432184e-259,5.86738801293829,0.147,0.006,4.69305585348436e-255,36,"TMEM190",NA
8.59485350433568e-259,4.8257699543639,0.259,0.02,3.1458023311219e-254,36,"FBLN1",NA
1.37625619989791e-243,5.01882912802246,0.442,0.062,5.03723531724636e-239,36,"CAPS",NA
1.23416404095331e-239,5.54237692680075,0.315,0.032,4.51716380629321e-235,36,"ECRG4",NA
9.2968746373808e-235,4.59144268008056,0.32,0.033,3.40274908602775e-230,36,"AGT",NA
2.27696966342571e-232,4.87763750748829,0.367,0.044,8.33393666510444e-228,36,"PLTP",NA
1.62284499974351e-227,4.6832335483569,0.269,0.024,5.93977498356122e-223,36,"ID1",NA
3.23149434757274e-225,4.73328266341837,0.287,0.028,1.1827592461551e-220,36,"CFAP157",NA
2.25022338810272e-224,4.57457409301445,0.175,0.01,8.23604262279477e-220,36,"XAF1",NA
1.42300674789875e-221,4.47026481950828,0.25,0.021,5.20834699798422e-217,36,"CFAP73",NA
2.40890125803021e-220,3.36027438567552,0.278,0.026,8.81681949451638e-216,36,"ANXA1",NA
7.03970183345347e-220,4.64703831785125,0.208,0.015,2.57660126806231e-215,36,"CAPSL",NA
3.93463551603075e-217,4.44400861223687,0.222,0.017,1.44011594522242e-212,36,"CFAP126",NA
2.14124874208463e-215,4.30358656021779,0.255,0.023,7.83718452090396e-211,36,"ID3",NA
4.30800392980722e-209,4.82083805687836,0.231,0.019,1.57677251834874e-204,36,"SLC47A2",NA
3.39687159003889e-206,4.81834328372979,0.154,0.009,1.24328897067013e-201,36,"STOML3",NA
3.26164809598096e-196,7.78447611253337,0.035,0,1.19379581960999e-191,36,"MFRP",NA
1.31974058771223e-194,3.90426292771441,0.458,0.08,4.83038252508553e-190,36,"HLA-B",NA
3.34420603567883e-191,4.67581714315398,0.236,0.022,1.22401285111881e-186,36,"ZMYND10",NA
3.3870707745835e-191,4.7150134438649,0.145,0.008,1.23970177420531e-186,36,"BST2",NA
5.61191805075673e-189,3.631445832182,0.815,0.318,2.05401812575747e-184,36,"B2M",NA
7.41377798108276e-189,5.03680963277335,0.093,0.003,2.7135168788561e-184,36,"MMP14",NA
3.70999801752915e-186,4.23881350478405,0.222,0.02,1.35789637439584e-181,36,"HLA-E",NA
1.56659478593752e-176,4.95243836913072,0.187,0.015,5.73389357600993e-172,36,"COL6A2",NA
3.84447911153649e-176,4.9646355289418,0.15,0.01,1.40711779961347e-171,36,"C10orf105",NA
2.22757181839676e-173,5.33003895615559,0.079,0.003,8.15313561251398e-169,36,"NEK2",NA
1.51293713416872e-172,4.2529228152961,0.25,0.027,5.53750120477093e-168,36,"MT1G",NA
1.15933499663946e-168,4.62412385405254,0.311,0.043,4.24328202120008e-164,36,"PIFO",NA
6.64594905720316e-159,4.51036000975676,0.36,0.06,2.43248381442693e-154,36,"RARRES2",NA
4.15820825919118e-158,4.26125262276147,0.318,0.047,1.52194580494656e-153,36,"C1orf194",NA
6.54383518780665e-157,4.93484169562881,0.136,0.009,2.39510911708911e-152,36,"IFITM2",NA
5.60649275884771e-156,3.13491638703728,0.343,0.053,2.05203241466585e-151,36,"GJA1","DD_Astrocyte"
1.09727280816749e-155,3.24194122467273,0.743,0.285,4.01612820517382e-151,36,"CST3",NA
0,3.33526551851345,0.933,0.131,0,37,"ST18","DD_Oligo"
0,3.48809299714748,0.83,0.118,0,37,"MOBP","DD_Oligo"
0,3.48809299714748,0.83,0.118,0,37,"MOBP","LB_oligodendrocyte"
2.63958609717234e-307,3.30095269645873,0.907,0.164,9.66114907426048e-303,37,"TF",NA
3.68879248357703e-307,3.65042362076392,0.763,0.111,1.35013493691403e-302,37,"ANLN","DD_Oligo"
8.72510140390422e-304,3.81098341932026,0.673,0.086,3.19347436484298e-299,37,"RNASE1",NA
7.34850883443795e-295,3.78690529176785,0.99,0.234,2.68962771849263e-290,37,"PLP1",NA
4.34677960096768e-290,3.85916503173921,0.72,0.104,1.59096480175018e-285,37,"PPP1R14A","DD_Oligo"
2.07997079945386e-284,3.547473834452,0.537,0.056,7.61290112308106e-280,37,"LINC01608","DD_Oligo"
1.18402634889093e-275,3.50561601775672,0.777,0.128,4.33365483957569e-271,37,"UGT8",NA
3.89487588538778e-273,3.39063942113599,0.74,0.114,1.42556352281078e-268,37,"AC012494.1","DD_Oligo"
5.47974867645641e-260,3.79102981118885,0.57,0.07,2.00564281306981e-255,37,"SLCO1A2",NA
3.02796579446694e-258,3.36850183525162,0.7,0.107,1.10826576043284e-253,37,"SELENOP",NA
4.09864046419665e-256,3.48546136337479,0.837,0.168,1.50014339630062e-251,37,"TMEM144",NA
9.02839857165335e-247,3.71755335075923,0.593,0.079,3.30448416121084e-242,37,"CNDP1","DD_Oligo"
6.98435121729561e-240,3.78630342042681,0.53,0.065,2.55634238904237e-235,37,"FOLH1","DD_Oligo"
1.93466404522316e-236,3.78498628853106,0.56,0.074,7.0810638719213e-232,37,"ABCA8",NA
2.66607508207372e-236,3.43809250532635,0.663,0.104,9.75810140789803e-232,37,"CLDN11","DD_Oligo"
3.48595158417945e-216,3.12284000918434,0.64,0.103,1.27589313932552e-211,37,"APOD",NA
2.92401914614325e-206,3.57481948447306,0.6,0.097,1.07022024767989e-201,37,"PMP22",NA
3.05631081160781e-200,3.33867627521642,0.533,0.076,1.11864032015657e-195,37,"MAG","DD_Oligo"
4.89808582959162e-195,3.35482363760579,0.637,0.116,1.79274839448883e-190,37,"COL4A5",NA
7.49542456745951e-194,3.66780261388588,0.497,0.069,2.74340034593585e-189,37,"MOG","DD_Oligo"
2.01382376696667e-187,3.37069148828398,0.527,0.079,7.3707963694747e-183,37,"ERMN","DD_Oligo"
7.23440814495022e-186,3.17336093144775,0.593,0.101,2.64786572513323e-181,37,"C10orf90",NA
2.1466558835095e-182,3.68632018866754,0.447,0.059,7.85697519923311e-178,37,"AC090015.1","DD_Oligo"
5.06041758353842e-182,3.92657142972048,0.507,0.078,1.8521634397509e-177,37,"EVI2A",NA
3.10659954738643e-181,3.44976445742891,0.803,0.223,1.13704650033891e-176,37,"SCD",NA
9.24074478611369e-180,3.0806766043266,0.78,0.199,3.38220499916547e-175,37,"SPP1",NA
2.19636320191276e-179,2.74521390097155,0.747,0.171,8.0389089553209e-175,37,"ZEB2",NA
4.46180869809934e-177,3.71594984954468,0.613,0.12,1.63306660159134e-172,37,"GPR37","DD_Oligo"
5.18700456332365e-175,3.41002039268604,0.5,0.076,1.89849554022209e-170,37,"SLC5A11","DD_Oligo"
1.08988104010104e-173,3.53317095859278,0.457,0.064,3.98907359487383e-169,37,"LINC00639",NA
2.58306679454679e-173,3.32112021823523,0.953,0.453,9.4542827747207e-169,37,"MBP","LB_oligodendrocyte"
3.17143520902721e-173,4.17594536207201,0.293,0.027,1.16077700085605e-168,37,"OPALIN",NA
4.6730966224962e-173,3.19624526627087,0.947,0.411,1.71040009479984e-168,37,"CTNNA3",NA
2.52439514668321e-172,3.32004061979063,0.853,0.277,9.23953867637523e-168,37,"CRYAB",NA
3.19712676637039e-171,3.22095244053585,0.76,0.2,1.17018036775923e-166,37,"ENPP2","DD_Oligo"
5.946311935645e-171,3.25523606658014,0.89,0.307,2.17640963156543e-166,37,"PTGDS",NA
2.48693279594714e-162,3.76415839403637,0.49,0.08,9.10242272644614e-158,37,"VRK2",NA
3.48956936514667e-162,4.87545452015658,0.18,0.011,1.27721728333733e-157,37,"AC100801.1",NA
1.18657151699168e-153,3.55873884040043,0.43,0.064,4.34297040934126e-149,37,"PLLP",NA
8.96826890128168e-153,3.64080881727427,0.383,0.051,3.28247610055811e-148,37,"TTYH2",NA
2.60696755544591e-150,3.68764832920342,0.44,0.069,9.54176194968759e-146,37,"CD9",NA
1.20611384809793e-149,2.67848067644313,0.97,0.551,4.41449729542324e-145,37,"QKI",NA
4.99044590780673e-149,3.71088926327439,0.353,0.045,1.82655310671634e-144,37,"AC009063.2","DD_Oligo"
2.66392689826943e-145,3.17340934472265,0.9,0.441,9.75023884035595e-141,37,"SLC44A1",NA
1.89629059952364e-143,3.18038704775445,0.697,0.191,6.94061322331648e-139,37,"LINC00609",NA
1.83155686255561e-142,4.39072883694106,0.333,0.042,6.70368127263978e-138,37,"LINC00844",NA
1.96808329505809e-141,-3.85586012773955,0.143,0.912,7.20338166824211e-137,37,"NRG3",NA
2.22405625170412e-139,3.57124171382211,0.387,0.056,8.14026828686223e-135,37,"MYRF","DD_Oligo"
5.32668718025435e-259,3.01386150565399,0.853,0.156,1.94962077484489e-254,38,"OTX2-AS1","DD_Inhib.Thal"
1.53500149325527e-242,3.01222871355099,0.784,0.137,5.6182589654636e-238,38,"KIT","DD_Inhib.Thal"
2.53297754236811e-200,3.00355954429437,0.76,0.159,9.2709511028215e-196,38,"GAD1","DD_Inhib.Thal"
2.53297754236811e-200,3.00355954429437,0.76,0.159,9.2709511028215e-196,38,"GAD1","LB_inhibitory_neuron"
1.06053982191735e-197,2.96190501583771,0.918,0.277,3.88168180219969e-193,38,"SYNPR","DD_Inhib.Thal"
4.51501680208051e-184,2.80706868169049,0.729,0.151,1.65254129972949e-179,38,"GAD2","DD_Inhib.Thal"
4.51501680208051e-184,2.80706868169049,0.729,0.151,1.65254129972949e-179,38,"GAD2","LB_inhibitory_neuron"
1.15952342213035e-170,4.32263842012972,0.432,0.059,4.24397167733928e-166,38,"NPPC",NA
6.35598245442202e-166,2.43212301536752,0.771,0.176,2.326353138143e-161,38,"MEIS2","DD_Inhib.Thal"
6.35598245442202e-166,2.43212301536752,0.771,0.176,2.326353138143e-161,38,"MEIS2","LB_Thalamus/MDm"
6.78379639799634e-136,2.20424444545635,0.986,0.465,2.48293731963064e-131,38,"GRIK1",NA
1.64233593483941e-134,3.87962903983991,0.39,0.059,6.01111375510573e-130,38,"CPLX3","DD_Inhib.Thal"
8.10097049765134e-134,2.06582494959539,0.908,0.327,2.96503621184537e-129,38,"ZFPM2",NA
2.11120400580549e-132,1.98100233757333,0.993,0.778,7.72721778164868e-128,38,"DLGAP1",NA
1.01087776760939e-129,2.02054075249387,0.997,0.631,3.69991371722714e-125,38,"NRXN3",NA
3.21185959220508e-125,2.68681214274355,0.675,0.18,1.17557272934298e-120,38,"SEMA3C",NA
2.29432473558542e-119,2.84498954474323,0.675,0.202,8.3974579647162e-115,38,"NR2F2",NA
2.52461610359169e-115,1.3482825783471,0.997,0.865,9.24034740075595e-111,38,"SYT1","LB_neuron"
1.03980257090803e-114,1.93908211333129,0.962,0.594,3.80578138978049e-110,38,"PLCB1",NA
2.23407940785044e-114,2.1295587938802,0.853,0.337,8.17695404067339e-110,38,"NELL1","DD_Inhib.Thal"
2.01259906943369e-113,2.50092309277676,0.836,0.372,7.36631385403426e-109,38,"SPHKAP","DD_Inhib.Thal"
7.36599476491966e-113,2.98574866504605,0.695,0.247,2.69602774390824e-108,38,"IFI6",NA
2.96584962480517e-109,2.88248297950407,0.705,0.255,1.08553062117494e-104,38,"SLC6A1",NA
1.72468099156401e-101,2.4615131278025,0.572,0.149,6.31250489722342e-97,38,"RORB",NA
1.41496933868804e-100,1.6577810608744,0.986,0.733,5.1789292765321e-96,38,"GALNTL6",NA
1.4379733659613e-92,2.69312635014752,0.709,0.297,5.26312631675494e-88,38,"PCBP3",NA
3.80944079185216e-91,2.35798905697815,0.688,0.25,1.39429342422581e-86,38,"NR2F2-AS1",NA
4.19341827170731e-90,3.4961823058539,0.37,0.074,1.53483302162759e-85,38,"SHISA8","DD_Inhib.Thal"
5.9364130044796e-87,1.5551485647158,0.938,0.658,2.17278652376958e-82,38,"CADPS",NA
1.51873769498216e-84,-3.886780655341,0.178,0.758,5.5587318374042e-80,38,"TENM2",NA
4.62486287312351e-84,3.11836776923919,0.449,0.116,1.69274606019194e-79,38,"OTX2","DD_Inhib.Thal"
6.23616182450473e-83,1.31569751743692,0.952,0.842,2.28249758938698e-78,38,"GPM6A",NA
1.76382228829695e-82,-2.59844744910904,0.315,0.81,6.45576595739568e-78,38,"FGF12",NA
2.73222171955638e-82,-4.78167810728358,0.038,0.668,1.00002047157483e-77,38,"ENOX1",NA
5.75328437286199e-80,-2.50255963536971,0.312,0.842,2.10575961331122e-75,38,"NKAIN2",NA
1.36746614853642e-76,1.78229136302047,0.784,0.372,5.00506285025815e-72,38,"CHRM2",NA
2.80593585018207e-76,2.41570498216291,0.764,0.467,1.02700058052514e-71,38,"SLC12A5",NA
3.93979825568803e-76,2.0501670146563,0.757,0.371,1.44200555956438e-71,38,"UNC13C","DD_Inhib.Thal"
1.28809486644124e-75,-5.33371170874348,0.041,0.636,4.71455602066158e-71,38,"RMST",NA
1.40655633085873e-74,-4.34636301828208,0.12,0.686,5.14813682657605e-70,38,"MTUS2",NA
7.16811722200115e-73,-3.42590446247738,0.106,0.677,2.62360258442464e-68,38,"TCF7L2",NA
1.10284695741915e-72,-4.04650604674779,0.055,0.647,4.03653014884983e-68,38,"PARD3",NA
1.95437771328629e-72,3.34959061074359,0.404,0.107,7.15321786839916e-68,38,"KCNIP2","DD_Inhib.Thal"
3.99295610798159e-71,1.25398459695987,0.993,0.72,1.46146186508234e-66,38,"KCNIP4",NA
1.34170134442062e-70,3.59486843930006,0.401,0.108,4.9107610907139e-66,38,"SYNDIG1L","DD_Inhib.Thal"
1.55746038970286e-70,-1.7259581726523,0.548,0.884,5.70046077235145e-66,38,"MAP1B",NA
4.13328498708092e-70,-3.68872631496746,0.086,0.658,1.51282363812149e-65,38,"NEBL",NA
6.0509697237302e-70,-1.32066390197854,0.729,0.934,2.21471542858249e-65,38,"ANK2",NA
7.93348222349652e-70,-4.60552047223109,0.027,0.606,2.90373382862196e-65,38,"TMEM163",NA
1.32689776061226e-68,-1.95023721484909,0.318,0.848,4.85657849361693e-64,38,"NCAM2",NA
1.93167476647229e-68,-4.56186585064352,0.051,0.616,7.07012281276524e-64,38,"DGKB",NA
9.27114903546662e-68,2.98826685124432,0.421,0.117,3.39333325847114e-63,38,"LINC02055",NA
1.26682584927337e-67,1.70767334782222,0.836,0.627,4.63670929092547e-63,38,"CACNA1D",NA
0,8.65245313572329,0.264,0.005,0,39,"SLC22A10",NA
0,6.91003058853994,0.225,0.002,0,39,"FOXG1",NA
0,7.07563612690879,0.21,0.007,0,39,"LY86-AS1",NA
0,7.01334340714528,0.181,0.002,0,39,"LINC01551",NA
0,7.50848533051206,0.178,0.002,0,39,"AL133166.1",NA
0,6.64546994502934,0.101,0.001,0,39,"AC079163.2",NA
0,8.05475860450811,0.091,0.001,0,39,"FEZF2",NA
0,7.1168772068117,0.083,0.001,0,39,"BX255923.2",NA
0,7.33582053301837,0.08,0.001,0,39,"AC007877.1",NA
2.36898882236084e-291,7.42578743504112,0.062,0,8.6707359887229e-287,39,"AL158058.1",NA
1.24211729918085e-282,8.18589924306313,0.112,0.002,4.54627352673182e-278,39,"AL136985.3",NA
6.23559148141242e-274,8.93621868128723,0.072,0.001,2.28228883811176e-269,39,"SLC22A9",NA
1.75963080474283e-201,7.14898459650444,0.192,0.009,6.44042470843923e-197,39,"LINC01331",NA
8.64371628946067e-190,5.77289547243219,0.098,0.002,3.1636865991055e-185,39,"TBR1",NA
5.41826238992332e-167,4.78755198852294,0.417,0.053,1.98313821733583e-162,39,"KIAA1211L",NA
1.67019491763294e-159,4.41068754322775,0.344,0.038,6.11308041802834e-155,39,"MPPED1",NA
3.25694963929479e-158,6.98300353655219,0.022,0,1.19207613747829e-153,39,"CSN1S1",NA
5.04008361696117e-158,5.08290749144154,0.355,0.041,1.84472100464396e-153,39,"KCNH3",NA
2.96267939171061e-151,4.16451488139369,0.862,0.35,1.08437028416e-146,39,"DLGAP2",NA
2.73132545653708e-147,5.15766916178747,0.185,0.012,9.99692430347135e-143,39,"SLC26A4",NA
9.8436802464447e-142,6.01571391943326,0.054,0.001,3.60288540700122e-137,39,"FOXG1-AS1",NA
8.09976717494355e-138,5.54992300432496,0.141,0.007,2.96459578370109e-133,39,"AC021613.1",NA
1.48987274094894e-129,6.09319165150691,0.098,0.004,5.45308321914721e-125,39,"ITPKA",NA
7.74180431013036e-128,4.34815971366276,0.333,0.043,2.83357779555081e-123,39,"AL591501.1",NA
1.60659197399148e-126,3.9179766216597,0.377,0.055,5.8802872840062e-122,39,"SLC17A7","LB_excitatory_neuron"
3.47539522207111e-126,9.21067135451119,0.025,0,1.27202940523025e-121,39,"P2RX2",NA
3.27754358530807e-123,6.21281784580653,0.123,0.006,1.19961372765861e-118,39,"SCHLAP1",NA
4.72997938267416e-123,2.26925406547037,0.982,0.846,1.73121975385257e-118,39,"MEG3",NA
1.59774562927523e-121,4.36452621970438,0.275,0.031,5.84790877771025e-117,39,"ICAM5",NA
7.12692856396815e-113,1.97283805408185,0.978,0.766,2.60852712369798e-108,39,"CSMD1",NA
2.08637682055834e-111,5.20752235983449,0.366,0.06,7.63634780092557e-107,39,"COL24A1",NA
5.75094967142913e-108,2.99873120708852,0.873,0.506,2.10490508923978e-103,39,"PHACTR1",NA
8.97306154467047e-102,1.80734537669508,0.989,0.656,3.28423025596484e-97,39,"RBFOX1","DD_Excit.Thal"
3.14228385422413e-100,3.42834838476945,0.591,0.171,1.15010731348457e-95,39,"TMEM132D","DD_OPC"
4.52211086021348e-97,4.49942750563896,0.261,0.034,1.65513779594674e-92,39,"MOXD1",NA
8.02367966396122e-94,3.59673687257146,0.453,0.101,2.93674699380644e-89,39,"AC007563.2",NA
2.26972568675177e-92,4.99271793326049,0.522,0.146,8.30742298608014e-88,39,"AC011287.1",NA
6.61229869326637e-92,4.24879705287822,0.167,0.015,2.42016744472243e-87,39,"CTXND1",NA
4.86902772114075e-86,6.64400719719093,0.036,0.001,1.78211283621473e-81,39,"AC116345.1",NA
7.27312899999462e-86,4.48336725076186,0.091,0.005,2.66203794528803e-81,39,"MAS1",NA
2.77110236704431e-85,2.01543651455785,0.895,0.715,1.01425117736189e-80,39,"CELF2",NA
1.05081975311359e-84,2.05668458426526,0.891,0.564,3.84610537837106e-80,39,"IQCJ-SCHIP1","DD_Excit.Thal"
4.50815898077887e-84,4.10913438225405,0.341,0.065,1.65003126855487e-79,39,"GDA",NA
5.22274520930211e-84,3.44649832462938,0.609,0.225,1.91157697405667e-79,39,"SLIT3",NA
7.5550760482835e-80,1.4607210122088,0.949,0.778,2.76523338443224e-75,39,"DLGAP1",NA
9.22642569952872e-80,1.52561973822637,0.938,0.682,3.37696407028451e-75,39,"FRMD4A",NA
1.53457409203442e-79,4.82193384812403,0.138,0.012,5.61669463425518e-75,39,"LINC00683",NA
1.5781690808436e-77,2.07418416562587,0.844,0.528,5.77625665279566e-73,39,"DAB1",NA
1.88414195765718e-77,4.87059671463221,0.138,0.012,6.89614797922104e-73,39,"LZTS1",NA
4.9408231918358e-77,6.16027648833362,0.072,0.003,1.80839069644382e-72,39,"AC092661.1",NA
0,4.19012103924995,0.949,0.103,0,40,"PPP1R14A","DD_Oligo"
0,3.55159153588072,0.96,0.117,0,40,"MOBP","DD_Oligo"
0,3.55159153588072,0.96,0.117,0,40,"MOBP","LB_oligodendrocyte"
0,4.11460530885911,0.942,0.11,0,40,"ANLN","DD_Oligo"
0,3.19416393000117,0.96,0.131,0,40,"ST18","DD_Oligo"
0,3.39791071613051,0.975,0.164,0,40,"TF",NA
0,4.57213964095005,0.913,0.106,0,40,"SELENOP",NA
0,3.69762431139633,0.898,0.102,0,40,"APOD",NA
0,3.77604060741358,0.956,0.167,0,40,"TMEM144",NA
0,4.1647003235893,0.865,0.078,0,40,"ERMN","DD_Oligo"
0,3.85641439354259,0.978,0.198,0,40,"SPP1",NA
0,3.71411948009899,0.876,0.103,0,40,"CLDN11","DD_Oligo"
0,4.57536313450957,0.811,0.062,0,40,"HAPLN2","DD_Oligo"
0,3.91099876336109,0.88,0.136,0,40,"FAM107B","DD_Oligo"
0,3.60587097617169,0.825,0.085,0,40,"RNASE1",NA
0,3.54071765801856,0.807,0.075,0,40,"MAG","DD_Oligo"
0,3.36233245634697,0.858,0.128,0,40,"UGT8",NA
0,5.07261708870514,0.811,0.084,0,40,"MYLK",NA
0,4.19910322043207,0.72,0.059,0,40,"S100A1",NA
0,3.36620585442315,0.724,0.075,0,40,"SLC5A11","DD_Oligo"
0,3.6939338543399,0.709,0.062,0,40,"NKX6-2","DD_Oligo"
0,4.15783516950231,0.742,0.097,0,40,"LRP2","DD_Oligo"
0,3.74687499867331,0.731,0.087,0,40,"HSPA2",NA
0,4.12012195803048,0.687,0.052,0,40,"CMTM5",NA
0,3.5453860077899,0.658,0.064,0,40,"SHROOM4",NA
0,4.40637647431144,0.665,0.072,0,40,"SCRG1",NA
0,3.71063448175634,0.625,0.05,0,40,"KLK6",NA
0,3.50063568551329,0.618,0.062,0,40,"CARNS1","DD_Oligo"
0,3.88979583175782,0.589,0.049,0,40,"RASSF2",NA
0,4.40592267032206,0.429,0.027,0,40,"TMEM125",NA
0,4.3455090550392,0.422,0.03,0,40,"ENPP6",NA
0,4.83303569835607,0.305,0.013,0,40,"GPIHBP1",NA
0,6.61629253842011,0.262,0.008,0,40,"AC104423.1",NA
1.14113058053628e-303,3.58821496730969,0.669,0.077,4.17665203782085e-299,40,"EVI2A",NA
5.63451349894438e-301,3.19674037808366,0.64,0.068,2.06228828574863e-296,40,"MOG","DD_Oligo"
1.00271432491898e-300,3.6207664101588,0.793,0.115,3.67003470063596e-296,40,"TSC22D4",NA
2.46418622509562e-298,3.99889606048668,0.775,0.114,9.01916800247249e-294,40,"CDKN1C",NA
2.82951038196653e-296,3.30541293417021,0.742,0.097,1.03562909490357e-291,40,"PMP22",NA
1.99583461480055e-291,4.56921450687285,0.691,0.092,7.30495427363149e-287,40,"SNORC",NA
2.80793340802151e-286,3.4975774852752,0.793,0.119,1.02773170666995e-281,40,"GPR37","DD_Oligo"
1.97764088844953e-285,3.81920870360529,1,0.234,7.23836341581414e-281,40,"PLP1",NA
2.3720221142084e-285,4.27818443425235,0.964,0.22,8.68183814021417e-281,40,"S100B",NA
4.31185000592711e-284,3.23601036997041,0.669,0.081,1.57818022066938e-279,40,"AL033523.1","DD_Oligo"
5.07273791853072e-277,3.80238448738148,0.556,0.057,1.85667280556143e-272,40,"PRR5L",NA
1.10662342342182e-273,3.21996684303827,0.633,0.074,4.05035239206622e-269,40,"ABCA8",NA
2.03653494045318e-271,3.02133026457889,0.633,0.073,7.45392153555267e-267,40,"BCAS1",NA
3.81281009139423e-271,2.59748750469889,0.789,0.114,1.3955266215512e-266,40,"AC012494.1","DD_Oligo"
3.94981086093012e-264,3.00840665310249,0.905,0.17,1.44567027320903e-259,40,"ZEB2",NA
5.82112576500864e-259,3.26425653052362,0.713,0.101,2.13059024125081e-254,40,"C10orf90",NA
5.20110258808403e-258,3.21549647009639,0.615,0.074,1.90365555826463e-253,40,"OLIG1","DD_OPC"
5.21454456632548e-254,3.67987155865275,0.625,0.08,1.90857545672079e-249,40,"EFHD1",NA
0,3.06889422220327,0.966,0.137,0,41,"KIT","DD_Inhib.Thal"
0,3.26904660352486,0.916,0.114,0,41,"OTX2","DD_Inhib.Thal"
0,3.39514542022054,0.84,0.074,0,41,"IGF1",NA
0,2.94119887768278,0.764,0.067,0,41,"GATA3","DD_Inhib.Thal"
0,2.92818358610118,0.671,0.058,0,41,"CPLX3","DD_Inhib.Thal"
0,4.63546800451039,0.506,0.021,0,41,"AC005040.2",NA
0,3.10848406263068,0.435,0.025,0,41,"PRL",NA
1.57590971786815e-306,3.06880882306033,0.485,0.033,5.76798715836923e-302,41,"DMBX1","DD_Inhib.Thal"
1.31668137509506e-303,2.96267772702048,0.536,0.04,4.81918550098543e-299,41,"SOX14",NA
4.41068825478988e-303,2.59762737101479,0.675,0.063,1.61435600813565e-298,41,"LINC01210","DD_Inhib.Thal"
1.32826553267553e-285,2.86018687156316,0.975,0.151,4.86158467614572e-281,41,"GAD2","DD_Inhib.Thal"
1.32826553267553e-285,2.86018687156316,0.975,0.151,4.86158467614572e-281,41,"GAD2","LB_inhibitory_neuron"
1.93855513703781e-283,2.74721734418382,0.578,0.05,7.0953056570721e-279,41,"AL161757.4",NA
7.99644439480131e-279,3.06812003173444,0.667,0.068,2.92677861294123e-274,41,"LINC02253","DD_Inhib.Thal"
1.02966257419295e-273,3.00028360153045,0.932,0.148,3.76866798780362e-269,41,"RORB",NA
3.7799419262912e-273,2.95910374678511,0.962,0.156,1.38349654444184e-268,41,"OTX2-AS1","DD_Inhib.Thal"
7.94950542119449e-254,2.6530050579217,0.954,0.159,2.90959847921139e-249,41,"GAD1","DD_Inhib.Thal"
7.94950542119449e-254,2.6530050579217,0.954,0.159,2.90959847921139e-249,41,"GAD1","LB_inhibitory_neuron"
2.1608678352947e-245,2.41391928609611,0.81,0.113,7.90899236396215e-241,41,"SLC6A11",NA
5.81101578653071e-244,2.76693610258989,0.966,0.175,2.1268898880281e-239,41,"MEIS2","DD_Inhib.Thal"
5.81101578653071e-244,2.76693610258989,0.966,0.175,2.1268898880281e-239,41,"MEIS2","LB_Thalamus/MDm"
5.32047941421165e-234,2.51485467572601,0.574,0.058,1.9473486703956e-229,41,"NPPC",NA
9.55658936874148e-233,3.1423887493436,0.405,0.03,3.49780727485307e-228,41,"RORB-AS1",NA
3.40802566510538e-229,2.36115503844832,0.641,0.073,1.24737147368522e-224,41,"SHISA8","DD_Inhib.Thal"
7.70139897784303e-229,3.0263170949532,0.924,0.177,2.81878903988033e-224,41,"GREM2","DD_Inhib.Thal"
1.10557639980122e-223,2.92750744286536,0.954,0.201,4.04652018091245e-219,41,"NR2F2",NA
1.98497492387234e-220,2.96243522481376,0.591,0.067,7.26520671886514e-216,41,"AL359546.1","DD_Inhib.Thal"
6.79390073291513e-218,2.89070249691482,0.544,0.057,2.48663560725427e-213,41,"SERTM1",NA
1.67250522235347e-211,2.71144992209158,0.882,0.163,6.12153636433595e-207,41,"AC016717.2","DD_Inhib.Thal"
4.03390332522817e-205,2.49935108421708,0.709,0.099,1.47644895606676e-200,41,"TSPAN18","DD_Inhib.Thal"
1.26164615415735e-201,2.44605967001885,0.84,0.143,4.6177510888313e-197,41,"HTR2A","DD_Inhib.Thal"
2.44416504677461e-195,2.82659482801105,0.886,0.18,8.94588848769976e-191,41,"SEMA3C",NA
2.21757207636614e-192,2.39762119782018,0.633,0.084,8.1165355567077e-188,41,"SERPINF1",NA
1.56091476942763e-183,2.69168784983757,0.987,0.277,5.71310414758207e-179,41,"SYNPR","DD_Inhib.Thal"
6.84282065583498e-183,2.65776811188701,0.376,0.032,2.50454078824216e-178,41,"UNCX",NA
2.98006097908514e-182,3.33233156334846,0.338,0.027,1.09073211895495e-177,41,"TMEM215",NA
1.13088946292185e-177,2.51303308816202,0.949,0.239,4.13916852324026e-173,41,"PDZRN3",NA
1.26215882996633e-171,2.44730065756921,0.97,0.249,4.61962753355978e-167,41,"NR2F2-AS1",NA
4.91478588434753e-170,2.63752802670007,0.439,0.046,1.79886078153004e-165,41,"CASR","DD_Inhib.Thal"
1.49112935185882e-169,2.33821330525175,0.439,0.046,5.45768254073846e-165,41,"SLC32A1",NA
3.36468327172096e-166,2.36912445609131,0.949,0.254,1.23150772428259e-161,41,"SLC6A1",NA
4.11172924064341e-165,2.06025156754057,0.743,0.132,1.50493401936789e-160,41,"ZFPM2-AS1",NA
8.01746400792843e-164,2.59262210133061,0.316,0.026,2.93447200154188e-159,41,"HGF",NA
6.28576077526801e-163,2.36808569312077,0.789,0.157,2.30065130135584e-158,41,"PPP1R14C","DD_Inhib.Thal"
1.7012768716419e-162,2.42872423723959,0.878,0.191,6.22684347789652e-158,41,"PRSS12",NA
4.40227068171395e-160,2.56295070355482,0.409,0.043,1.61127509221412e-155,41,"HRH1","DD_Inhib.Thal"
2.88663187073148e-157,2.1958179322562,0.844,0.184,1.05653613100643e-152,41,"HPCA","DD_Inhib.Thal"
2.96566472103435e-157,2.50552375193583,0.987,0.327,1.08546294454578e-152,41,"ZFPM2",NA
6.98437325587904e-157,2.00245021269638,0.658,0.107,2.55635045538429e-152,41,"KCNIP2","DD_Inhib.Thal"
3.20801824330161e-155,2.32694740213601,0.616,0.097,1.17416675723082e-150,41,"AC012409.2",NA
8.29443598254472e-154,2.02738092218183,0.966,0.249,3.03584651397119e-149,41,"RELN",NA
2.77514062335835e-153,2.15704392419721,0.726,0.134,1.01572921955539e-148,41,"SMAD9","DD_Inhib.Thal"
7.33595810501441e-153,2.16011649937296,0.646,0.108,2.68503402601632e-148,41,"SYNDIG1L","DD_Inhib.Thal"
0,4.76331920607329,0.985,0.103,0,42,"ITGA8",NA
0,5.23226656306622,0.844,0.049,0,42,"LINC01239",NA
0,5.46976160891282,0.815,0.06,0,42,"LINC01151",NA
0,4.16179608174131,0.815,0.07,0,42,"ITIH5","DD_Endo"
0,5.39444657440192,0.741,0.034,0,42,"AC037486.1",NA
0,5.12688400244041,0.644,0.034,0,42,"AL159156.1",NA
0,5.40750948980872,0.507,0.017,0,42,"SMILR",NA
0,4.51063867559564,0.371,0.017,0,42,"AC005323.2",NA
1.68850988846423e-275,3.70028720138966,0.673,0.064,6.18011504276792e-271,42,"BTNL9",NA
1.77183061105659e-259,3.9491632564987,0.434,0.028,6.48507721952821e-255,42,"DMRTA1",NA
4.37586255865564e-248,3.6765881093094,0.737,0.087,1.60160945509355e-243,42,"HMCN1",NA
2.30150987114452e-246,4.46886792025726,0.39,0.024,8.42375627937606e-242,42,"AC073648.7",NA
1.44568560574643e-244,4.63168842806849,0.927,0.163,5.29135388559251e-240,42,"AL355612.1",NA
5.2136097013343e-239,4.43610283453943,0.361,0.021,1.90823328678537e-234,42,"AC104088.1",NA
3.25397021319045e-238,3.57822409344575,0.712,0.084,1.19098563772984e-233,42,"AC019211.1",NA
1.40751207992033e-232,3.37885171014041,0.873,0.135,5.15163496371638e-228,42,"SULF1","DD_Excit.Thal"
1.76692770626097e-202,3.45757740720621,0.966,0.223,6.46713209768579e-198,42,"TMEM132C","DD_OPC"
2.11106859241016e-198,4.05116683355379,0.366,0.026,7.72672215508043e-194,42,"ERVMER61-1",NA
5.56878430221397e-196,4.8165923413913,0.176,0.006,2.03823074245333e-191,42,"AC005323.1",NA
1.35055444554665e-193,3.55981944555874,0.58,0.067,4.9431643261453e-189,42,"AC067956.1",NA
1.57456448066538e-192,3.75559753630105,0.463,0.043,5.76306345568335e-188,42,"EGFLAM",NA
9.8248711934853e-191,3.08173473111591,0.922,0.191,3.59600110552756e-186,42,"ADCY2",NA
2.18755900848824e-187,3.41241228899503,0.941,0.215,8.00668472696782e-183,42,"ZNF423",NA
1.04851533413431e-184,5.4013325780369,0.195,0.008,3.83767097446501e-180,42,"AC006487.1",NA
9.97852266517523e-177,3.71093068514164,0.478,0.049,3.65223908068079e-172,42,"LINC00378",NA
7.50278405524019e-174,2.91118180452496,0.868,0.179,2.74609399205846e-169,42,"GOLIM4",NA
2.53154548355777e-173,5.06213631061334,0.18,0.007,9.26570962436979e-169,42,"AL353730.1",NA
7.45494716576276e-168,3.35953336777513,0.805,0.16,2.72858521214083e-163,42,"SVIL",NA
8.46003637166428e-168,2.84516009321639,0.859,0.169,3.09645791239284e-163,42,"FBN2",NA
5.39488388669624e-165,3.52132178429847,0.995,0.363,1.97458145136969e-160,42,"TLL1","DD_LHb"
1.07838435815737e-162,2.34243849958904,0.688,0.104,3.9469945892918e-158,42,"SLC7A11",NA
1.65171072196185e-161,3.20477723394789,0.634,0.095,6.04542641345256e-157,42,"SOX13",NA
6.69060684239321e-157,4.14701966076687,1,0.448,2.44882901038434e-152,42,"KIAA1217","DD_LHb"
8.0718738807717e-157,3.7999908553609,0.99,0.414,2.95438655910125e-152,42,"CACNA2D3",NA
1.04478046065517e-155,2.90855878540464,0.707,0.119,3.82400096404399e-151,42,"AC007368.1","DD_Excit.Thal"
1.14862357957885e-152,3.19804151621379,0.605,0.09,4.20407716361655e-148,42,"PRKCQ",NA
2.38022318990554e-152,4.42508795839211,0.259,0.017,8.71185489737328e-148,42,"CYP24A1",NA
2.96093924318423e-152,4.44193733887868,0.19,0.009,1.08373337239786e-147,42,"AL355076.2",NA
1.97278441107429e-150,2.98041243078402,0.522,0.066,7.22058822297299e-146,42,"AC107208.1",NA
2.79635762462614e-149,2.46192801346396,0.595,0.083,1.02349485418941e-144,42,"LINC00616","DD_MHb"
9.22735599510015e-149,2.7772682697613,0.946,0.274,3.3773045677666e-144,42,"PDZD2",NA
2.49016875959745e-148,3.53821311670617,0.415,0.043,9.11426667700264e-144,42,"COL6A5",NA
7.48118075125887e-147,3.03236038538501,1,0.456,2.73818696676826e-142,42,"SEZ6L",NA
2.0477936342643e-146,3.31417438756294,0.346,0.031,7.49512948077076e-142,42,"LRAT",NA
5.79452913771998e-146,2.63238483099326,0.873,0.211,2.12085560969689e-141,42,"CBLN4",NA
3.29078992163828e-144,2.70825627847012,0.717,0.13,1.20446201921883e-139,42,"TRHDE",NA
1.56632252481512e-143,2.89059101094737,0.732,0.142,5.73289707307582e-139,42,"PRSS23",NA
6.62399817572663e-140,3.20995833342275,0.585,0.091,2.4244495722977e-135,42,"CYP27C1",NA
7.04554878102947e-138,2.80593665316137,0.751,0.157,2.5787413093446e-133,42,"ADAM19",NA
4.0565408633958e-137,4.31973438676838,0.254,0.018,1.4847345214115e-132,42,"ABCB4",NA
3.6987988797008e-254,3.09840676787775,0.941,0.137,1.35379737795929e-249,43,"KIT","DD_Inhib.Thal"
1.27038888033787e-235,3.21709420562513,0.931,0.152,4.64975034092463e-231,43,"GAD2","DD_Inhib.Thal"
1.27038888033787e-235,3.21709420562513,0.931,0.152,4.64975034092463e-231,43,"GAD2","LB_inhibitory_neuron"
7.85733290075838e-213,2.83893475117471,0.926,0.156,2.87586241500658e-208,43,"OTX2-AS1","DD_Inhib.Thal"
2.46615390134505e-202,2.67820604821348,0.926,0.159,9.026369894313e-198,43,"GAD1","DD_Inhib.Thal"
2.46615390134505e-202,2.67820604821348,0.926,0.159,9.026369894313e-198,43,"GAD1","LB_inhibitory_neuron"
3.82330674279789e-170,2.74580934741311,0.827,0.149,1.39936850093146e-165,43,"RORB",NA
2.43273816971342e-158,2.86969516171587,0.579,0.076,8.90406497496808e-154,43,"IGF1",NA
2.9364414023025e-155,3.15590707478043,0.693,0.115,1.07476691765674e-150,43,"OTX2","DD_Inhib.Thal"
4.84540435741012e-155,2.90284594388237,0.965,0.278,1.77346644885568e-150,43,"SYNPR","DD_Inhib.Thal"
2.56960130127297e-153,2.71940348438407,0.505,0.059,9.40499772278921e-149,43,"CPLX3","DD_Inhib.Thal"
1.26502725662082e-151,2.26559395857033,0.886,0.176,4.63012626195786e-147,43,"MEIS2","DD_Inhib.Thal"
1.26502725662082e-151,2.26559395857033,0.886,0.176,4.63012626195786e-147,43,"MEIS2","LB_Thalamus/MDm"
2.20588307887407e-150,3.30902966611417,0.455,0.051,8.073752656987e-146,43,"AL161757.4",NA
1.81770171754919e-141,3.02687299894166,0.797,0.178,6.65297005640178e-137,43,"GREM2","DD_Inhib.Thal"
2.76273980138196e-134,2.69942134059956,0.812,0.181,1.01119039470381e-129,43,"SEMA3C",NA
4.46205788075753e-134,2.43353503784066,0.851,0.202,1.63315780493606e-129,43,"NR2F2",NA
2.78014974954646e-125,2.93632748434029,0.495,0.069,1.0175626098315e-120,43,"LINC02253","DD_Inhib.Thal"
5.03312721526795e-121,2.46532717994124,0.629,0.114,1.84217489206022e-116,43,"SLC6A11",NA
1.53163441026875e-119,2.36162261515449,0.955,0.328,5.60593510502467e-115,43,"ZFPM2",NA
1.7145214737246e-115,2.74668053950465,0.886,0.297,6.27532004597942e-111,43,"PCBP3",NA
4.05870031533297e-114,2.34976729716593,0.663,0.133,1.48552490241502e-109,43,"ZFPM2-AS1",NA
1.02151432942533e-113,2.49968488234708,0.946,0.373,3.73884459712964e-109,43,"SPHKAP","DD_Inhib.Thal"
1.07492644361084e-113,2.59214651947807,0.792,0.201,3.93433827626002e-109,43,"COL21A1",NA
5.25512524103962e-113,2.61375680581369,0.941,0.371,1.92342838947291e-108,43,"UNC13C","DD_Inhib.Thal"
1.00374686200911e-104,2.44899155787719,0.936,0.398,3.67381388963954e-100,43,"NYAP2",NA
5.65965069320046e-103,5.82504769966441,0.054,0.001,2.0714887502183e-98,43,"AL589642.1",NA
5.89844037159932e-102,2.67803450634752,0.436,0.064,2.15888816040907e-97,43,"LINC01210","DD_Inhib.Thal"
7.24607903420343e-102,2.12688578932138,0.856,0.25,2.6521373873088e-97,43,"RELN",NA
4.93799078477108e-98,2.63750095494379,0.728,0.193,1.80735400713406e-93,43,"AC009264.1",NA
5.61518180345038e-98,2.23946103076032,0.901,0.338,2.05521269188087e-93,43,"NELL1","DD_Inhib.Thal"
1.82071873557551e-95,2.09878060121872,0.995,0.779,6.66401264407992e-91,43,"DLGAP1",NA
1.38368761822517e-94,1.43137051573255,1,0.865,5.06443505146596e-90,43,"SYT1","LB_neuron"
1.37598759228985e-93,2.34700693635252,0.807,0.255,5.03625218654007e-89,43,"SLC6A1",NA
2.63324830701371e-93,2.09875724209548,0.99,0.631,9.63795212850089e-89,43,"NRXN3",NA
3.75326789019793e-93,1.98668768846806,0.98,0.466,1.37373358049135e-88,43,"GRIK1",NA
1.18176020045215e-92,1.97410382635642,0.837,0.25,4.32536050967491e-88,43,"NR2F2-AS1",NA
5.73312432611877e-92,1.90023211465664,0.822,0.24,2.09838083460273e-87,43,"PDZRN3",NA
3.26401215610782e-90,1.14995208186359,0.946,0.304,1.19466108925702e-85,43,"ADARB2",NA
1.32924372626843e-88,2.9969573014303,0.446,0.078,4.86516496251508e-84,43,"MAB21L1",NA
1.24989476017965e-87,2.08848028380149,0.911,0.373,4.57473981173355e-83,43,"CHRM2",NA
1.58609469716127e-84,2.41337980269285,0.609,0.145,5.80526520107996e-80,43,"HTR2A","DD_Inhib.Thal"
4.21438042608215e-82,2.02050408287358,0.792,0.254,1.54250537975033e-77,43,"EPHA3",NA
9.99172555050284e-82,2.33642453426494,0.772,0.27,3.65707146873954e-77,43,"IGSF3",NA
2.54528686747444e-81,1.59215616236549,0.97,0.843,9.31600446364321e-77,43,"GPM6A",NA
6.42884172379976e-80,2.97539484918148,0.366,0.058,2.35302035932795e-75,43,"SERTM1",NA
9.60775897953999e-80,2.82777986378931,0.436,0.08,3.51653586410143e-75,43,"TSPAN12","DD_Inhib.Thal"
2.49113372596127e-79,2.1313973277284,0.693,0.192,9.11779855039084e-75,43,"PRSS12",NA
1.07495943743338e-78,1.70195781561548,0.98,0.716,3.9344590369499e-74,43,"ZEB1",NA
8.52204286004408e-78,2.04378089220772,0.911,0.541,3.11915290720473e-73,43,"B4GALT6",NA
1.14515033290001e-77,2.10948581045164,0.866,0.372,4.19136473344732e-73,43,"GULP1",NA
6.10699134059671e-77,1.78398809340268,0.97,0.627,2.2352199005718e-72,43,"CACNA1D",NA
2.92459270365185e-76,1.69246922979207,0.946,0.441,1.07043017546361e-71,43,"ZMAT4",NA
8.40931988128716e-186,4.74063764158281,0.515,0.055,3.07789516974991e-181,44,"AC104170.1","DD_MHb"
4.6242709010753e-179,4.20543978479321,1,0.323,1.69252939250257e-174,44,"AC008415.1","DD_MHb"
9.66287037413295e-173,3.8267305939419,0.974,0.28,3.5367071856364e-168,44,"GPR149","DD_MHb"
1.46045686971383e-165,4.25617780053112,1,0.376,5.34541818883961e-161,44,"AC109466.1","DD_MHb"
1.53465525465756e-151,4.30219940811536,0.551,0.076,5.61699169757215e-147,44,"AC114321.1","DD_MHb"
1.75922867953504e-150,4.11263901127122,0.786,0.174,6.43895288996619e-146,44,"LHFPL2",NA
5.31709919372495e-150,3.96746396399723,0.867,0.23,1.94611147589527e-145,44,"KCNIP1",NA
1.9395116074028e-135,3.39864279467091,0.918,0.3,7.09880643425498e-131,44,"SHROOM3",NA
1.24841896672777e-132,3.18402524054142,0.872,0.253,4.56933826012032e-128,44,"AC132153.1",NA
1.53264721657752e-122,3.00952086732143,0.98,0.438,5.6096420773954e-118,44,"OPRM1",NA
1.83830125931339e-122,3.13932612273415,1,0.697,6.72836643921293e-118,44,"EPHA6",NA
7.35173825069168e-122,4.09261575595921,0.408,0.05,2.69080971713566e-117,44,"MEGF6",NA
1.47722818850078e-120,3.01960431543762,0.969,0.412,5.40680289273171e-116,44,"PDZRN4",NA
8.66759313260874e-116,2.50162169205364,1,0.861,3.17242576246613e-111,44,"GRID2",NA
1.98048084530145e-113,2.57892312964076,0.985,0.433,7.24875794188782e-109,44,"NWD2",NA
3.14400441524575e-112,2.69311495329778,0.954,0.432,1.1507370560241e-107,44,"PLD5",NA
6.09713685295091e-110,3.12218729272412,0.98,0.52,2.23161305954856e-105,44,"ASIC2",NA
1.05206934034068e-108,2.4414707621374,1,0.684,3.85067899258093e-104,44,"DPP10",NA
4.88210375443184e-107,2.97640738219115,0.852,0.285,1.7868987951596e-102,44,"MCC",NA
2.11046450368628e-105,2.3339339588708,0.995,0.682,7.72451112994216e-101,44,"MTUS2",NA
1.09714589741801e-104,2.93665149842227,0.949,0.564,4.01566369913966e-100,44,"LCORL",NA
3.74197682045977e-104,2.63613959545506,0.964,0.507,1.36960093605648e-99,44,"SEMA6D",NA
5.60963801364861e-103,2.33751569256735,0.99,0.629,2.05318360937553e-98,44,"PCSK2",NA
6.53450662290219e-100,3.61588091397714,0.485,0.084,2.39169476904843e-95,44,"LINC00616","DD_MHb"
8.80967142911124e-99,3.7619052591495,0.505,0.093,3.224427839769e-94,44,"AC008574.1",NA
1.64197912671595e-98,2.36153880152724,0.964,0.559,6.00980780169304e-94,44,"SGCD",NA
2.84843642183546e-97,2.31774561351889,0.99,0.621,1.042556214756e-92,44,"GPC6",NA
9.31562415884996e-94,2.35715452620777,0.964,0.642,3.40961159838068e-89,44,"PARD3",NA
9.80334639158568e-92,3.30908398071428,0.515,0.101,3.58812281278428e-87,44,"LINC02143","DD_MHb"
1.86721485710737e-91,1.82086307100013,0.995,0.852,6.83419309849868e-87,44,"CADM1",NA
9.02845334095632e-90,1.8496792534914,1,0.845,3.30450420732342e-85,44,"NCAM2",NA
4.01345505519944e-89,1.95468177830046,0.98,0.779,1.46896468475355e-84,44,"CDK14",NA
1.03284482565649e-88,1.95921299671752,1,0.705,3.7803153463853e-84,44,"TRPM3",NA
3.45580366532188e-88,2.02019707654118,0.99,0.669,1.26485869954446e-83,44,"MSI2",NA
2.46331396414851e-84,2.30605790254778,0.923,0.47,9.01597544017996e-80,44,"DACH1",NA
3.93481564731212e-84,1.97450407439797,0.99,0.697,1.44018187507271e-79,44,"KCTD8",NA
7.76034672422582e-84,1.79036377928186,1,0.754,2.84036450453389e-79,44,"TENM2",NA
8.35734896333748e-84,2.29454135919833,0.944,0.584,3.05887329407115e-79,44,"RGS6",NA
2.83903070995244e-83,2.20855271746326,0.969,0.689,1.03911363014969e-78,44,"CNNM2",NA
2.42385689420073e-82,1.76308219085464,0.995,0.839,8.87155861846408e-78,44,"NKAIN2",NA
9.89098285577965e-80,1.81315839531383,0.98,0.712,3.62019863504391e-75,44,"CACNA1E",NA
1.26355337530848e-79,1.95618654490149,0.959,0.735,4.62473170896658e-75,44,"GABBR2",NA
2.70523895393219e-79,2.13972737972854,0.944,0.593,9.9014450952872e-75,44,"VAV3",NA
1.47092527809596e-78,1.80983991280613,0.944,0.405,5.38373361035903e-74,44,"CADPS2",NA
2.22831919202605e-77,1.81686461690629,0.791,0.266,8.15587107473456e-73,44,"SOX6","DD_OPC"
1.26456065871908e-76,2.60288593141511,0.857,0.429,4.62841846697769e-72,44,"SLC35F3",NA
1.33914819929725e-76,2.956883775761,0.648,0.198,4.90141632424786e-72,44,"CHRNB3","DD_MHb"
8.96246744844394e-75,2.88238921090862,0.776,0.35,3.28035271080497e-70,44,"PTPDC1",NA
1.85756089928299e-74,2.50021461452281,0.852,0.452,6.79885864746566e-70,44,"TTC39C",NA
7.08492918833599e-73,1.69121687790606,0.949,0.838,2.59315493222286e-68,44,"UBE2E2",NA
0,6.6132106671107,0.772,0.029,0,45,"IFITM3","DD_Endo"
0,7.30481414994426,0.751,0.032,0,45,"COBLL1","DD_Endo"
0,7.80750748644539,0.71,0.015,0,45,"EPAS1","DD_Endo"
0,6.34811725004288,0.741,0.06,0,45,"IGFBP7",NA
0,7.69190475454372,0.731,0.052,0,45,"RGS5","DD_Endo"
0,6.18736369045675,0.72,0.066,0,45,"A2M",NA
0,5.26614192948337,0.689,0.042,0,45,"VIM",NA
0,6.19606903760824,0.679,0.039,0,45,"IFI27",NA
0,7.69661654272372,0.642,0.015,0,45,"CLDN5","LB_Endo/CP"
0,5.49606163367518,0.637,0.046,0,45,"ATP1A2",NA
0,8.24635730647898,0.565,0.006,0,45,"GNG11",NA
0,5.90277299583799,0.58,0.022,0,45,"ID3",NA
0,8.01273980232105,0.57,0.013,0,45,"ABCG2",NA
0,6.37847762271337,0.575,0.019,0,45,"HLA-E",NA
0,9.15595986050313,0.56,0.013,0,45,"FLT1","LB_Endo/CP"
0,6.96293838857512,0.575,0.029,0,45,"DCN","DD_Endo"
0,6.63354334745204,0.554,0.024,0,45,"ID1",NA
0,6.80603404765613,0.549,0.028,0,45,"ADIRF",NA
0,7.58945299994895,0.518,0.007,0,45,"BST2",NA
0,6.86580789570415,0.518,0.023,0,45,"RAMP2",NA
0,7.6256720151523,0.497,0.008,0,45,"IFITM2",NA
0,7.24045530610368,0.497,0.021,0,45,"NDUFA4L2","DD_Endo"
0,8.32337140638966,0.477,0.005,0,45,"ADGRF5",NA
0,8.60661017988969,0.466,0.005,0,45,"HIGD1B",NA
0,6.98623304805645,0.472,0.018,0,45,"KLF2",NA
0,5.15787271348295,0.466,0.016,0,45,"SRGN",NA
0,7.67503633900401,0.451,0.009,0,45,"MUSTN1","DD_Endo"
0,6.89628206658438,0.456,0.019,0,45,"MECOM",NA
0,5.74559403133472,0.446,0.013,0,45,"IFI44L",NA
0,8.03769234934992,0.44,0.007,0,45,"VWF",NA
0,5.97447772742139,0.44,0.015,0,45,"S100A11",NA
0,7.08967860116785,0.43,0.013,0,45,"MYL9",NA
0,8.55212095210861,0.383,0.004,0,45,"CAVIN2",NA
0,6.42282010919747,0.363,0.014,0,45,"EMP2",NA
0,6.37591215807689,0.352,0.01,0,45,"XAF1",NA
0,8.1024802008093,0.347,0.006,0,45,"CFH",NA
0,7.13688656446578,0.347,0.008,0,45,"PLAC9",NA
0,7.92332814968661,0.342,0.004,0,45,"TM4SF1",NA
0,8.224478692669,0.332,0.003,0,45,"ICAM2",NA
0,8.00928782090052,0.332,0.007,0,45,"NOTCH3","DD_Endo"
0,7.73936300014986,0.332,0.007,0,45,"SOX18",NA
0,7.95858178767445,0.321,0.004,0,45,"COL1A2","DD_Endo"
0,7.05308912175851,0.301,0.006,0,45,"BGN","DD_Endo"
0,8.81435471322611,0.295,0.004,0,45,"FOXQ1",NA
0,7.16259668130626,0.29,0.003,0,45,"TNFSF10",NA
0,6.71096115946974,0.29,0.01,0,45,"MGP",NA
0,6.75957027861755,0.285,0.008,0,45,"ENG",NA
0,6.75101011230158,0.285,0.01,0,45,"PRELP","DD_Endo"
0,8.2591957208054,0.275,0.003,0,45,"TGM2",NA
0,7.67020847723784,0.259,0.004,0,45,"GGT5","DD_Endo"
3.19674346306663e-168,2.73396767348333,0.574,0.051,1.17004007491702e-163,46,"GAL",NA
1.27965579643893e-151,3.54303010503582,0.404,0.028,4.68366818054613e-147,46,"DMRTA1",NA
4.1673167573586e-143,3.16132963726672,0.489,0.043,1.52527960636082e-138,46,"COL6A5",NA
6.18912137233464e-141,1.62234261601959,0.936,0.138,2.2652803134882e-136,46,"KIT","DD_Inhib.Thal"
2.03338744152241e-138,2.81299150250377,0.369,0.026,7.44240137471616e-134,46,"FZD5",NA
3.33146635964099e-132,3.07903271354251,0.759,0.113,1.2193500022922e-127,46,"CTXN3",NA
8.54993205675626e-129,3.43606612120175,0.298,0.018,3.12936063209336e-124,46,"SMILR",NA
2.96970979749698e-123,3.14073806601047,0.489,0.05,1.08694348298187e-118,46,"LINC01239",NA
5.62341292224121e-121,0.844278142732394,0.965,0.157,2.05822536366951e-116,46,"OTX2-AS1","DD_Inhib.Thal"
1.31314995907313e-114,3.55233656733086,0.312,0.022,4.80626016520356e-110,46,"TMEM100",NA
4.44714383498497e-114,3.13087609527191,0.518,0.06,1.62769911504285e-109,46,"GPR83",NA
2.56151474607256e-108,2.69292700881225,0.674,0.104,9.37540012210019e-104,46,"ITGA8",NA
6.32292989696889e-103,1.65427054227117,0.511,0.06,2.31425557158958e-98,46,"CPLX3","DD_Inhib.Thal"
2.44877584975695e-99,2.93230390663795,0.489,0.06,8.96276448769543e-95,46,"MATN3",NA
5.45055878251183e-99,2.91809096743835,0.489,0.061,1.99495901998715e-94,46,"LINC01151",NA
3.42296833020039e-96,3.57962441719254,0.248,0.017,1.25284063853664e-91,46,"CLEC3A",NA
2.69020173152914e-92,1.25416985452773,0.858,0.16,9.84640735756982e-88,46,"GAD1","DD_Inhib.Thal"
2.69020173152914e-92,1.25416985452773,0.858,0.16,9.84640735756982e-88,46,"GAD1","LB_inhibitory_neuron"
6.14210744397817e-91,2.72874113072217,0.362,0.036,2.24807274557045e-86,46,"AC037486.1",NA
1.60751491391912e-90,2.14567686506115,0.574,0.085,5.88366533643536e-86,46,"AC019211.1",NA
2.04859164675473e-90,2.28960047617727,0.83,0.184,7.49805028628699e-86,46,"RGS16",NA
8.38891649164893e-90,3.51361392373933,0.177,0.009,3.07042732510843e-85,46,"TCIM",NA
7.00654500524106e-89,3.37630885619957,0.241,0.017,2.56446553736828e-84,46,"CYP24A1",NA
2.67075007529479e-85,0.960200986105707,0.816,0.149,9.77521235058645e-81,46,"RORB",NA
1.5102189025868e-84,1.79209471820389,0.383,0.042,5.52755220535794e-80,46,"SOX14",NA
8.11182411296644e-83,3.02322948533589,0.248,0.019,2.96900874358685e-78,46,"CACNA2D3-AS1",NA
1.46931857745534e-82,2.33793380797403,0.496,0.072,5.3778529253443e-78,46,"ITIH5","DD_Endo"
3.83667022439843e-79,2.14802649833303,0.34,0.036,1.40425966883207e-74,46,"FAM114A1",NA
3.26122547988913e-78,2.30558871566076,0.262,0.022,1.19364113789422e-73,46,"ZNF467",NA
5.02044441940303e-78,0.663634536364112,0.816,0.153,1.8375328619457e-73,46,"GAD2","DD_Inhib.Thal"
5.02044441940303e-78,0.663634536364112,0.816,0.153,1.8375328619457e-73,46,"GAD2","LB_inhibitory_neuron"
1.03524678981054e-76,0.654782340237354,0.887,0.177,3.78910677538557e-72,46,"MEIS2","DD_Inhib.Thal"
1.03524678981054e-76,0.654782340237354,0.887,0.177,3.78910677538557e-72,46,"MEIS2","LB_Thalamus/MDm"
1.63329418276369e-76,2.06837243485807,0.369,0.043,5.9780200383334e-72,46,"FGL2",NA
5.71462410599619e-76,2.44400234385876,0.66,0.133,2.09160956903566e-71,46,"PVALB",NA
7.34673467454437e-76,2.31464401524404,0.681,0.143,2.68897835822998e-71,46,"PRSS23",NA
7.64111200735224e-76,1.56327031997758,0.504,0.075,2.79672340581099e-71,46,"SHISA8","DD_Inhib.Thal"
1.28948910553827e-75,2.84009272946467,0.787,0.212,4.71965907518063e-71,46,"CBLN4",NA
4.56410857936239e-74,1.41861266710853,0.844,0.203,1.67050938113243e-69,46,"NR2F2",NA
1.28991218443454e-73,2.0932576589174,0.773,0.182,4.72120758624885e-69,46,"RAB3B","DD_Excit.Thal"
1.36349484743627e-73,2.02782746120078,0.681,0.139,4.9905274911015e-69,46,"LMO1",NA
1.86912272264105e-72,1.29908525021878,0.596,0.105,6.8411760771385e-68,46,"SLC7A11",NA
6.65861437296142e-72,2.80415941312468,0.319,0.036,2.43711944664761e-67,46,"AL159156.1",NA
6.78571451896624e-72,1.9220037306622,0.553,0.096,2.48363937108683e-67,46,"S100A10",NA
1.10857816670455e-71,2.42126300320368,0.397,0.053,4.05750694795531e-67,46,"LRTM1",NA
1.53716896504587e-71,1.0888409572512,0.645,0.116,5.6261921289644e-67,46,"OTX2","DD_Inhib.Thal"
1.54775870444207e-71,2.72692552021576,0.44,0.066,5.6649516341284e-67,46,"BTNL9",NA
6.10504984414799e-71,2.85247602063595,0.369,0.047,2.23450929345661e-66,46,"INHBA",NA
1.1282138860809e-70,2.62845765867167,0.504,0.086,4.1293756444447e-66,46,"TPBG",NA
2.38651834620962e-70,1.78394904817007,0.752,0.17,8.73489579896182e-66,46,"CPNE7",NA
3.11983958489795e-70,1.76555133532332,0.674,0.138,1.1418924864685e-65,46,"CPNE6",NA
2.39001560798581e-69,2.01843677018065,0.454,0.068,8.74769612678885e-65,46,"AC067956.1",NA
8.54783202939e-69,2.20057828030379,0.915,0.322,3.12859200107703e-64,46,"RIMS3",NA
5.26951511035009e-41,1.15403202496765,1,1,1.92869522553924e-36,47,"MALAT1",NA
1.94643061727851e-37,1.70443536070174,0.926,0.829,7.12413070230106e-33,47,"NOVA1",NA
4.74224194868771e-30,-2.03821476235199,0.314,0.859,1.73570797563919e-25,47,"HSP90AA1",NA
1.05179240561934e-26,-2.67120391861014,0.124,0.672,3.84966538380736e-22,47,"MSI2",NA
2.34438516734e-25,-2.7276411276333,0.107,0.647,8.58068415098112e-21,47,"CPNE4",NA
6.37909438643708e-25,-3.61234825984906,0.074,0.596,2.33481233637984e-20,47,"VAV3",NA
1.03381884844846e-24,-2.35546903624522,0.074,0.627,3.78388036720621e-20,47,"SCOC",NA
1.09823696415774e-24,-2.06582204208823,0.107,0.662,4.01965711251374e-20,47,"STMN1",NA
8.02585704926782e-24,-1.80665372488266,0.215,0.755,2.93754393860251e-19,47,"PEBP1",NA
2.30232449561491e-23,-1.97801490690965,0.256,0.773,8.42673788640012e-19,47,"GAPDH",NA
3.67083630224462e-23,-2.34510119879148,0.058,0.585,1.34356279498455e-18,47,"DDAH1",NA
1.1778199308537e-22,-2.32298511236061,0.132,0.665,4.31093872891761e-18,47,"GABBR1",NA
1.25330998246909e-22,-2.42821075750008,0.074,0.585,4.58723986683513e-18,47,"SNCA",NA
1.75691868787574e-21,-2.2360697073693,0.058,0.559,6.43049808949401e-17,47,"SERPINI1",NA
2.66793508461248e-21,-2.21903017234138,0.19,0.69,9.76490920319014e-17,47,"TUBA1A",NA
2.683359410131e-21,-1.79879901037056,0.165,0.675,9.82136377702046e-17,47,"TCF7L2",NA
1.00008336503505e-20,-2.34584339155986,0.066,0.555,3.66040512436477e-16,47,"HINT1",NA
1.06912934855146e-20,-4.52135333348865,0.017,0.471,3.9131203286332e-16,47,"GUCY1A1",NA
1.22154766783407e-20,-1.44808545628777,0.198,0.73,4.47098661903948e-16,47,"ITM2B",NA
1.71671454135819e-20,-2.11403452682619,0.083,0.574,6.28334689282511e-16,47,"HSPA8",NA
1.96447249234056e-20,-1.63251107601465,0.041,0.521,7.19016576921568e-16,47,"RAB14",NA
2.15982559723504e-20,-1.30833746285373,0.116,0.649,7.90517766843996e-16,47,"RNF130",NA
2.35133052383316e-20,-3.02447135675906,0.074,0.55,8.60610485028176e-16,47,"TSPAN13",NA
3.6843683643346e-20,-1.63618669970499,0.165,0.68,1.34851566503011e-15,47,"ASTN2",NA
4.42294705667215e-20,-1.1528694395324,0.19,0.764,1.61884285221257e-15,47,"KANSL1",NA
4.43488045518709e-20,-0.901437373915392,0.083,0.593,1.62321059540303e-15,47,"DHX36",NA
6.21633635089143e-20,-2.98449206168261,0.041,0.505,2.27524126778977e-15,47,"SLAIN1",NA
1.12282986628484e-19,-3.31453528707955,0.017,0.461,4.10966959358916e-15,47,"MT-ND4L",NA
1.86901784103996e-19,-2.81551420804123,0.091,0.55,6.84079219999037e-15,47,"PCP4",NA
2.07035158289942e-19,-1.53209372167038,0.207,0.737,7.57769382857016e-15,47,"GABBR2",NA
2.13674166392673e-19,-3.22117106644198,0.033,0.482,7.82068816413821e-15,47,"MTRNR2L12",NA
2.67415245859727e-19,-2.6593507177102,0.05,0.507,9.78766541371187e-15,47,"NDUFC2",NA
3.12711171986983e-19,-1.83075450034501,0.091,0.58,1.14455416058956e-14,47,"TPT1",NA
3.47200964617648e-19,-2.43267621560242,0.256,0.684,1.27079025059705e-14,47,"MTUS2",NA
4.55095855232988e-19,-1.24244839448403,0.207,0.739,1.66569633973826e-14,47,"RCAN2",NA
5.29035208661775e-19,-1.83573218205258,0.124,0.614,1.93632176722296e-14,47,"RPL13A",NA
5.69327064294136e-19,-0.695706059277279,0.132,0.658,2.08379398802297e-14,47,"SHANK2",NA
6.02012002718081e-19,-6.79661145309013,0,0.419,2.20342413114845e-14,47,"AC119673.2",NA
6.66925068380055e-19,-1.66026160414407,0.116,0.603,2.44101244277784e-14,47,"H3F3A",NA
6.75847230917054e-19,-1.37281361094528,0.132,0.641,2.47366844987951e-14,47,"AL049828.1",NA
8.03769628855915e-19,-1.47108024099635,0.107,0.612,2.94187721857553e-14,47,"NFASC",NA
1.01640950288098e-18,-1.46480323612266,0.281,0.781,3.72016042149466e-14,47,"CDK14",NA
1.15764481085775e-18,-2.28115269767005,0.091,0.553,4.23709577222045e-14,47,"COX6A1",NA
1.24757431295746e-18,-1.43482299906707,0.066,0.536,4.5662467428556e-14,47,"BNIP3L",NA
1.36293797122161e-18,1.26005199200826,0.884,0.755,4.98848926846823e-14,47,"TENM2",NA
1.85904623277738e-18,-1.34539518335379,0.165,0.689,6.8042951165885e-14,47,"SHTN1",NA
1.88954464406985e-18,-1.38633189789381,0.124,0.625,6.91592235176008e-14,47,"YWHAQ",NA
1.93777964913919e-18,1.07185241468475,0.876,0.855,7.09246729381435e-14,47,"AHI1",NA
1.94689160112168e-18,-0.81753207755756,0.099,0.599,7.12581794926546e-14,47,"HOOK3",NA
1.95682865845911e-18,-1.7517939656997,0.207,0.684,7.16218857282619e-14,47,"TMTC2",NA
3.40180082182873e-155,4.42047738241085,0.739,0.088,1.24509311879754e-150,48,"RNASE1",NA
1.51234705286012e-147,4.46708456925335,0.681,0.077,5.53534144817331e-143,48,"MAG","DD_Oligo"
3.53028717113504e-138,4.28988597215457,0.916,0.166,1.29212040750714e-133,48,"TF",NA
9.09340099573873e-126,4.52604143597901,0.58,0.064,3.32827569845033e-121,48,"NKX6-2","DD_Oligo"
4.93411534092142e-125,4.67547581581808,0.521,0.052,1.80593555593065e-120,48,"KLK6",NA
4.95349024411763e-124,4.18825674725771,0.723,0.105,1.81302696424949e-119,48,"APOD",NA
6.90038944013442e-121,4.16107131088867,0.639,0.081,2.5256115389836e-116,48,"CNDP1","DD_Oligo"
1.49033047779672e-111,3.77753911362906,0.958,0.236,5.45475858178378e-107,48,"PLP1",NA
5.26772198499076e-106,4.65880112418669,0.504,0.057,1.92803892372647e-101,48,"MYRF","DD_Oligo"
6.77346670319901e-100,4.13713052425962,0.866,0.212,2.47915654803787e-95,48,"CNP","DD_Oligo"
7.34939491584028e-97,3.79370539973912,0.58,0.08,2.6899520331467e-92,48,"ERMN","DD_Oligo"
3.14115887907816e-96,4.47626858901071,0.513,0.064,1.1496955613314e-91,48,"HAPLN2","DD_Oligo"
1.30354624753518e-94,3.43096060490487,0.681,0.113,4.7711096206035e-90,48,"ANLN","DD_Oligo"
2.69622407949555e-94,3.54001037741952,0.664,0.109,9.86844975336166e-90,48,"SELENOP",NA
5.52046491861212e-93,2.24863147887655,0.773,0.134,2.02054536486122e-88,48,"ST18","DD_Oligo"
2.1770010444432e-92,4.09495219808855,0.95,0.309,7.96804152276655e-88,48,"PTGDS",NA
3.23341731698207e-92,4.01135628322079,0.639,0.106,1.18346307218861e-87,48,"CLDN11","DD_Oligo"
4.22826923138315e-92,3.5808832128708,0.647,0.106,1.54758882137855e-87,48,"PPP1R14A","DD_Oligo"
5.0869708426811e-90,3.42322979670143,0.79,0.17,1.86188219812971e-85,48,"TMEM144",NA
1.59139895677785e-88,3.91244291333225,0.849,0.224,5.82467932170261e-84,48,"SCD",NA
3.38078913987839e-84,4.31747305255017,0.639,0.118,1.23740263308689e-79,48,"CDK18","DD_Oligo"
2.35294309729567e-83,3.93856248503583,0.891,0.279,8.61200703041188e-79,48,"CRYAB",NA
2.81360622836194e-83,4.03806868378652,0.563,0.089,1.02980801564275e-78,48,"HSPA2",NA
5.1297991970207e-83,2.74146070695161,0.681,0.12,1.87755780410155e-78,48,"MOBP","DD_Oligo"
5.1297991970207e-83,2.74146070695161,0.681,0.12,1.87755780410155e-78,48,"MOBP","LB_oligodendrocyte"
4.74195395712736e-80,3.76688824832312,0.782,0.201,1.73560256784818e-75,48,"SPP1",NA
5.7374651617713e-78,4.59728388357638,0.311,0.028,2.09996962385991e-73,48,"TMEM125",NA
1.26102358053092e-77,4.15881459625923,0.429,0.054,4.61547240710121e-73,48,"CMTM5",NA
3.43870028236927e-74,3.99980960131299,0.563,0.099,1.25859869034998e-69,48,"PMP22",NA
8.00070059329762e-74,4.02150403980895,0.454,0.064,2.92833642415286e-69,48,"CARNS1","DD_Oligo"
3.56043999198243e-70,4.30072692049057,0.345,0.038,1.30315664146549e-65,48,"GJB1",NA
7.71664768639487e-69,3.71177873637436,0.824,0.275,2.82437021969739e-64,48,"GLUL",NA
2.70524541712066e-64,4.12702889803121,0.387,0.052,9.90146875120334e-60,48,"TTYH2",NA
8.46390848306599e-63,3.49131068741167,0.471,0.077,3.09787514388698e-58,48,"SLC5A11","DD_Oligo"
4.61231812789532e-61,-3.81173406514505,0.202,0.935,1.68815455799097e-56,48,"NRXN1",NA
3.44562902732126e-60,3.37484513547125,0.899,0.455,1.26113468028986e-55,48,"MBP","LB_oligodendrocyte"
3.17360826330595e-59,3.24763691432288,0.899,0.433,1.16157236045261e-54,48,"GPM6B",NA
3.65509983159114e-59,-4.25727249006382,0.109,0.909,1.33780308936067e-54,48,"NRG3",NA
1.31997921149291e-58,4.71206280154373,0.269,0.028,4.8312559119852e-54,48,"AC018647.1",NA
6.3926633813277e-58,3.73801091384936,0.42,0.067,2.33977872419975e-53,48,"MAL",NA
1.4012435582456e-57,3.60045112642147,0.445,0.076,5.12869154753473e-53,48,"OLIG1","DD_OPC"
1.68828252217357e-57,3.29862837427291,0.697,0.202,6.1792828594075e-53,48,"ENPP2","DD_Oligo"
1.82140292245085e-56,-2.7385073859271,0.471,0.956,6.66651683646237e-52,48,"SNHG14",NA
2.29496797456397e-56,-4.03674151022454,0.143,0.896,8.39981228370159e-52,48,"FAM155A",NA
2.44985066804501e-56,2.90413276311511,0.588,0.131,8.96669843011156e-52,48,"UGT8",NA
6.51984034010977e-56,-4.77223435724018,0.067,0.865,2.38632676288358e-51,48,"RIMS2",NA
1.95121035502513e-55,2.62886613450475,0.563,0.116,7.14162502042749e-51,48,"AC012494.1","DD_Oligo"
1.15238598407434e-54,3.63261905302907,0.445,0.079,4.21784794031048e-50,48,"EVI2A",NA
7.36874614629355e-54,3.47276774820152,0.42,0.07,2.6970347770049e-49,48,"MOG","DD_Oligo"
8.34260388430529e-54,-4.66573127235752,0.076,0.862,3.05347644769458e-49,48,"CCSER1",NA
1.59711240831169e-53,-4.25277997522377,0.076,0.867,5.84559112566163e-49,48,"RALYL",NA
0,6.42571730849514,0.99,0.033,0,49,"DNAH11",NA
0,6.05659822756732,0.981,0.048,0,49,"ARMC3",NA
0,6.54883434576343,0.962,0.03,0,49,"ADGB",NA
0,6.64978506863398,0.952,0.024,0,49,"AC020718.1",NA
0,6.79994491480147,0.942,0.029,0,49,"AC019330.1",NA
0,6.76367894884776,0.942,0.032,0,49,"DTHD1",NA
0,5.83058729578716,0.913,0.044,0,49,"TTC29",NA
0,5.54270145509181,0.913,0.055,0,49,"SERPINI2",NA
0,6.0726807431193,0.856,0.032,0,49,"LMNTD1",NA
0,5.56581851443562,0.846,0.028,0,49,"CFAP157",NA
0,5.80691450781667,0.837,0.04,0,49,"ARMC4",NA
0,6.48501481867409,0.798,0.039,0,49,"AC004949.1",NA
0,6.00973342239202,0.779,0.025,0,49,"VWA3B",NA
0,6.0207488660182,0.76,0.033,0,49,"C6orf118",NA
0,4.16456974020354,0.76,0.036,0,49,"PTPRC",NA
0,6.60896538053755,0.731,0.013,0,49,"AC013470.2",NA
0,5.60167079011392,0.712,0.026,0,49,"MAP3K19",NA
0,6.0200730095594,0.702,0.024,0,49,"FAM81B",NA
0,5.90808626694633,0.692,0.027,0,49,"COL8A1",NA
0,5.51589442529858,0.683,0.022,0,49,"CFAP73",NA
0,5.98059277417149,0.663,0.019,0,49,"RASSF9",NA
0,4.91075032817718,0.663,0.027,0,49,"ANXA1",NA
0,5.96812960457753,0.644,0.022,0,49,"MYLK3",NA
0,5.41752808808895,0.644,0.022,0,49,"TEKT1",NA
0,6.3543027846692,0.606,0.013,0,49,"CROCC2",NA
0,5.23790930947044,0.587,0.015,0,49,"FOXJ1",NA
0,5.207056628249,0.587,0.022,0,49,"ABCC9","DD_Endo"
0,6.48080175909835,0.548,0.009,0,49,"AC093689.1",NA
0,5.10043330331126,0.548,0.02,0,49,"SLC47A2",NA
0,5.68468194936221,0.529,0.015,0,49,"C7orf57",NA
0,6.42711748858163,0.5,0.012,0,49,"ENPEP",NA
0,5.42179175619635,0.5,0.016,0,49,"EXPH5",NA
0,6.10360409311208,0.462,0.009,0,49,"FAM216B",NA
0,6.66769116328601,0.442,0.009,0,49,"COL4A6",NA
0,5.98887298538133,0.433,0.012,0,49,"LINC00880",NA
0,5.97318795784815,0.423,0.01,0,49,"CFAP45",NA
0,6.09862806376979,0.423,0.011,0,49,"CCDC114",NA
0,5.7668277549206,0.413,0.011,0,49,"DNAI2",NA
0,6.67283426559066,0.375,0.006,0,49,"AC004879.1",NA
0,6.06993081056051,0.356,0.007,0,49,"AL645937.2",NA
0,6.78023042217194,0.308,0.004,0,49,"AC097713.1",NA
0,7.01548178904806,0.279,0.005,0,49,"OR14J1",NA
0,6.71936977795844,0.25,0.004,0,49,"OR2J2",NA
6.93217727177261e-303,6.01971837938295,0.942,0.068,2.53724620324149e-298,49,"DNAH12",NA
2.70163449352715e-301,5.77912344856794,0.49,0.017,9.8882524097587e-297,49,"AC063979.2",NA
3.56518043453771e-296,4.91899980370698,0.942,0.067,1.30489169084515e-291,49,"GRAMD2B",NA
4.81592184494826e-296,5.53791957970928,0.654,0.031,1.76267555446951e-291,49,"SPATA18",NA
2.85069872041908e-291,5.65939900891017,0.683,0.035,1.04338423866059e-286,49,"FHAD1",NA
1.17161690422387e-290,5.52678056433118,0.798,0.048,4.28823503114979e-286,49,"WDR63",NA
2.47659730650127e-286,5.6242813994935,0.981,0.078,9.06459380152529e-282,49,"WDR49","DD_Astrocyte"
7.17469955039625e-171,7.67528361044922,0.396,0.017,2.62601178244053e-166,50,"LINC00499",NA
3.08526050256337e-138,4.9937845152622,0.802,0.092,1.12923619654322e-133,50,"HPSE2","DD_Astrocyte"
6.48823059927773e-135,11.6932914903603,0.011,0,2.37475728164164e-130,50,"AL591022.1",NA
1.84348311363614e-119,5.94248169563278,0.341,0.018,6.74733254421962e-115,50,"FGFR3","DD_Astrocyte"
3.23953058580023e-111,5.74163219825901,0.319,0.017,1.18570058970874e-106,50,"ALDH1A1","DD_Astrocyte"
2.86854974936485e-103,4.56672011913128,0.516,0.047,1.04991789376503e-98,50,"ATP1A2",NA
1.41214170414884e-85,4.32949717810433,0.462,0.044,5.16857985135516e-81,50,"AC012405.1","DD_Astrocyte"
3.22773616488388e-81,6.03884466239564,0.154,0.005,1.18138371370915e-76,50,"SLC7A10",NA
1.0862232477118e-70,4.53641832583808,0.33,0.027,3.97568570894996e-66,50,"SLC14A1","DD_Astrocyte"
8.44484623033743e-65,5.83406743123678,0.154,0.007,3.0908981687658e-60,50,"AC117464.1",NA
1.15455079806095e-64,4.10144348794319,0.451,0.055,4.22577137598289e-60,50,"GJA1","DD_Astrocyte"
6.85065640352876e-61,3.84447176441833,0.703,0.15,2.50740875025556e-56,50,"LINC01088","DD_Astrocyte"
2.44801762990866e-59,3.77712432888354,0.615,0.111,8.95998932722869e-55,50,"SLC1A3",NA
2.26493067525287e-51,5.7812567257483,0.165,0.01,8.28987276449303e-47,50,"CD38",NA
3.3797139681081e-51,3.91845030325625,0.451,0.068,1.23700910946724e-46,50,"GRAMD2B",NA
1.55044579449737e-50,3.88894225874229,0.44,0.066,5.67478665243981e-46,50,"AQP4","DD_Astrocyte"
1.55044579449737e-50,3.88894225874229,0.44,0.066,5.67478665243981e-46,50,"AQP4","LB_astrocyte"
6.34269111667529e-50,3.71522015038323,0.857,0.301,2.32148837561432e-45,50,"OBI1-AS1",NA
9.4743296262915e-47,5.73166144380485,0.121,0.006,3.46769938651895e-42,50,"GJB6",NA
3.32677677446007e-46,4.58890815943111,0.462,0.08,1.21763356722013e-41,50,"NHSL1",NA
6.29524340772489e-46,9.4335966513033,0.011,0,2.30412203966139e-41,50,"AC131211.1",NA
6.34160798156935e-46,8.29402745736425,0.011,0,2.3210919373342e-41,50,"LINC02106",NA
1.64883296889055e-45,8.53966995764821,0.022,0,6.03489354943629e-41,50,"GRIFIN",NA
2.08352459012051e-45,4.12325070666232,0.473,0.085,7.62590835230007e-41,50,"TNC","DD_Astrocyte"
3.51291200680446e-45,4.82059693760039,0.253,0.025,1.2857609236105e-40,50,"ETNPPL","DD_Astrocyte"
7.93653475600743e-45,5.17078483551538,0.242,0.023,2.90485108604628e-40,50,"ACSS1","DD_Astrocyte"
1.56390861963073e-41,4.9572230334189,0.187,0.015,5.72406193871045e-37,50,"SDC4",NA
2.44952815010953e-41,4.00811857798347,0.473,0.091,8.9655179822159e-37,50,"GFAP","DD_Astrocyte"
2.44952815010953e-41,4.00811857798347,0.473,0.091,8.9655179822159e-37,50,"GFAP","LB_astrocyte"
4.10645480688517e-41,4.74594180970318,0.253,0.027,1.50300352386804e-36,50,"HIF3A","DD_Astrocyte"
2.18085416700707e-40,4.6377132221614,0.385,0.062,7.98214433666258e-36,50,"LINC00299","DD_Astrocyte"
7.15934028913081e-40,4.40144348249695,0.44,0.083,2.62039013922477e-35,50,"RFX4","DD_Astrocyte"
1.22553374582283e-39,3.66252970048456,0.451,0.085,4.48557606308615e-35,50,"BMPR1B","DD_Astrocyte"
1.25893026719565e-39,4.3826533181444,0.242,0.026,4.60781067096279e-35,50,"LINC01748","DD_Astrocyte"
9.7061362245238e-39,2.95760215396494,0.868,0.389,3.55254291953796e-34,50,"GPC5",NA
1.66045892109982e-38,4.61890424289707,0.209,0.02,6.07744569711744e-34,50,"SLC25A18","DD_Astrocyte"
2.95622864840205e-38,4.60911636863418,0.242,0.026,1.08200924760164e-33,50,"LINC02649",NA
1.48092358553588e-36,2.36954135662343,0.956,0.736,5.42032841541987e-32,50,"MIR99AHG",NA
4.4230335049471e-36,-2.64146094976434,0.264,0.922,1.61887449314569e-31,50,"CNTNAP2",NA
5.45413046119658e-36,4.17593903047391,0.495,0.115,1.99626629010256e-31,50,"C1orf61",NA
2.44252568095121e-35,7.40507486254805,0.055,0.002,8.93988824484952e-31,50,"AC109439.2",NA
9.06059431430224e-35,8.48833291764793,0.011,0,3.31626812497776e-30,50,"AC008738.5",NA
1.31569259491955e-34,4.56121729364808,0.22,0.024,4.81556646666506e-30,50,"ID3",NA
6.23239892549861e-34,4.85678745853855,0.187,0.018,2.28112033072175e-29,50,"F3",NA
7.2707025841029e-34,4.92175509017212,0.154,0.012,2.6611498528075e-29,50,"LINC00278",NA
1.12707856935367e-33,1.98292703021657,0.967,0.843,4.12522027169137e-29,50,"GPM6A",NA
2.44814428539135e-33,3.86942591848211,0.44,0.095,8.96045289896087e-29,50,"DAAM2",NA
2.72301750993928e-33,4.54657318069175,0.341,0.058,9.96651638812876e-29,50,"AC114971.1","DD_Astrocyte"
2.32606893289227e-32,-2.19053802492729,0.22,0.922,8.513644901279e-28,50,"ANK3",NA
2.70241489518614e-32,4.09360587967465,0.253,0.033,9.89110875787078e-28,50,"GLI3","DD_Astrocyte"
3.64563307715107e-32,3.86273220724143,0.396,0.08,1.33433816256806e-27,50,"WDR49","DD_Astrocyte"
4.07178562530515e-32,4.37218171735717,0.363,0.068,1.49031425671794e-27,50,"EFEMP1","DD_Astrocyte"
7.03850792479261e-205,3.28911953542611,0.923,0.063,2.57616428555334e-200,51,"SLC7A2",NA
1.5599954003973e-194,3.46309084479698,0.962,0.073,5.70973916499417e-190,51,"CASQ2",NA
9.21712955271902e-158,3.41702490346132,0.808,0.063,3.37356158759069e-153,51,"ITGA4",NA
5.36946235400319e-148,3.00316195185968,0.897,0.081,1.96527691618871e-143,51,"ABHD12B",NA
6.17105202806344e-146,3.07195792898844,0.782,0.062,2.2586667527915e-141,51,"PHLDB2","DD_Endo"
9.85358438867996e-137,2.95486295963706,0.718,0.055,3.60651042210075e-132,51,"GABRD",NA
4.00081920717461e-130,2.73131312632728,0.897,0.092,1.46433983801798e-125,51,"ATP10A",NA
1.19374548732927e-126,3.23025939142117,0.538,0.034,4.36922785817387e-122,51,"LINC00200",NA
2.43078369549539e-125,2.84039347876647,0.821,0.077,8.89691140388269e-121,51,"VANGL1",NA
4.99791148389397e-122,2.76412983630059,0.782,0.072,1.82928558222003e-117,51,"HS3ST1",NA
3.17405441343064e-121,2.43487919643002,0.846,0.084,1.16173565585975e-116,51,"CYP2J2",NA
7.89423391003961e-121,3.07160740800935,0.846,0.088,2.8893685534136e-116,51,"ADGRG6",NA
4.44803653165827e-120,2.84291238049851,0.974,0.118,1.62802585095224e-115,51,"AC016766.1",NA
9.92811911445301e-119,2.98694747215467,0.654,0.052,3.63379087708095e-114,51,"TRABD2A",NA
3.46618684893639e-117,2.83121180573089,0.897,0.1,1.26865904857921e-112,51,"MIR31HG",NA
8.42874873717653e-117,2.78715406764815,0.603,0.046,3.08500632529398e-112,51,"SPATA22",NA
4.88431148260118e-116,2.92953217172706,0.744,0.069,1.78770684574686e-111,51,"FAM20A",NA
1.58585370342782e-113,2.54007947479555,0.91,0.104,5.80438313991616e-109,51,"COL4A4",NA
2.95412132278201e-113,3.97078185158314,0.372,0.019,1.08123794535144e-108,51,"SYCP1",NA
3.02828821677436e-111,2.76105219948486,0.526,0.037,1.10838377022158e-106,51,"AC006230.1",NA
2.24845146922746e-109,2.85669159051812,0.641,0.054,8.22955722251943e-105,51,"FAM163A",NA
2.27478363412254e-107,2.66405304524791,0.872,0.101,8.32593557925191e-103,51,"MIR222HG",NA
6.84114634784749e-106,2.61752949856416,1,0.137,2.50392797477566e-101,51,"CCBE1",NA
1.43818886998386e-105,2.5687208701882,0.821,0.093,5.26391508302791e-101,51,"BCHE",NA
4.21701749196625e-105,2.53919330522963,0.91,0.113,1.54347057223457e-100,51,"MRVI1","DD_Astrocyte"
1.73044152358346e-104,2.93173519962793,0.705,0.069,6.33358902046781e-100,51,"PLEKHD1",NA
4.52588289204146e-103,2.81624022523277,0.692,0.067,1.6565183973161e-98,51,"AC002383.1",NA
2.23054274476939e-102,2.65324047910905,0.897,0.115,8.16400950013044e-98,51,"CTSC",NA
5.6260619999163e-100,2.52270451937037,0.385,0.022,2.05919495258937e-95,51,"OLFML2B",NA
9.96960772666844e-100,2.93489298871551,0.538,0.042,3.64897612403792e-95,51,"ADGRD1",NA
2.69039523857815e-99,2.80506327748642,0.821,0.099,9.84711561271989e-95,51,"COL23A1",NA
5.69031621078419e-98,3.08349377010325,0.564,0.047,2.08271263630912e-93,51,"CCDC68",NA
8.49705520255644e-98,2.71304939259303,0.705,0.072,3.11000717468768e-93,51,"LINC01482",NA
5.20005377842115e-97,3.78811440518865,0.372,0.022,1.90327168343993e-92,51,"LINC02351",NA
8.79251371067044e-97,3.48551928225966,0.397,0.025,3.21814794324249e-92,51,"ADRA1D",NA
2.72152738650856e-96,2.65028810348781,0.859,0.111,9.96106238735999e-92,51,"RASSF3",NA
5.50451991338501e-96,1.93820959910108,0.962,0.133,2.01470933349805e-91,51,"PVALB",NA
9.00923428547526e-95,2.99713616278114,0.936,0.143,3.2974698408268e-90,51,"CD226",NA
3.88774516269097e-94,2.03423183893886,0.833,0.1,1.42295360699652e-89,51,"UACA","DD_Endo"
4.14056190828358e-93,2.71137687166551,0.551,0.047,1.51548706405087e-88,51,"GJC1","DD_Endo"
6.36839405212656e-93,2.53874483989007,1,0.159,2.33089590701884e-88,51,"IL1RAPL2",NA
1.73143201305457e-91,3.24375399785611,0.397,0.026,6.33721431098104e-87,51,"LINC02645",NA
5.40252339566407e-90,2.61383669753142,0.821,0.106,1.97737758804701e-85,51,"GDNF-AS1",NA
2.62048501718495e-89,2.27415934242509,0.692,0.075,9.59123721139862e-85,51,"CARD11",NA
2.19946044252619e-88,2.6363388078798,0.91,0.136,8.0502451656901e-84,51,"COL4A3",NA
3.59863667226321e-87,2.88446506440588,0.679,0.077,1.31713700841506e-82,51,"SMCO2",NA
8.86627396031126e-87,2.57042966773641,0.91,0.135,3.24514493221352e-82,51,"DPYS",NA
1.59407655545361e-85,1.90769086178857,0.808,0.104,5.83447960061576e-81,51,"AC008691.1",NA
5.60035663163988e-84,1.09826418675011,0.987,0.139,2.04978653074651e-79,51,"KIT","DD_Inhib.Thal"
1.48876583839945e-82,2.39765379755545,0.987,0.169,5.44903184512583e-78,51,"PTPN3",NA
3.74871209484259e-188,11.4139073651493,0.015,0,1.37206611383334e-183,52,"LINC02247",NA
3.74871209484259e-188,10.3302247068768,0.015,0,1.37206611383334e-183,52,"AC005551.1",NA
1.48207077665257e-111,2.51056894930638,0.862,0.08,5.42452724962608e-107,52,"ERMN","DD_Oligo"
1.61823923239846e-111,2.70989488660638,0.969,0.106,5.92291741450159e-107,52,"PPP1R14A","DD_Oligo"
1.97470508030689e-101,2.13552897422233,0.815,0.077,7.22761806443125e-97,52,"MAG","DD_Oligo"
1.50356475176672e-100,1.96908239244317,0.938,0.105,5.50319734794138e-96,52,"APOD",NA
6.81846929259101e-99,2.7917618857549,0.923,0.109,2.49562794578124e-94,52,"SELENOP",NA
1.65218170883273e-97,2.45666060118459,0.923,0.106,6.04715027249866e-93,52,"CLDN11","DD_Oligo"
1.57264518390003e-96,3.02611434580803,0.708,0.065,5.7560386375925e-92,52,"HAPLN2","DD_Oligo"
7.47755213137993e-95,9.54352321824391,0.015,0,2.73685885560637e-90,52,"TRAJ38",NA
2.30453780595945e-92,3.32307000861559,0.477,0.031,8.43483882359219e-88,52,"ENPP6",NA
2.13749478238625e-91,2.49786691173787,0.923,0.114,7.82344465301191e-87,52,"ANLN","DD_Oligo"
3.95395952693812e-89,2.25397960006973,0.692,0.064,1.44718872645462e-84,52,"NKX6-2","DD_Oligo"
5.41296943153056e-89,2.0443373496977,0.954,0.12,1.9812009416345e-84,52,"MOBP","DD_Oligo"
5.41296943153056e-89,2.0443373496977,0.954,0.12,1.9812009416345e-84,52,"MOBP","LB_oligodendrocyte"
2.64960559928201e-88,3.27647138435702,0.769,0.087,9.69782145393208e-84,52,"MYLK",NA
7.02326827822885e-87,1.82402027227585,1,0.134,2.57058642251454e-82,52,"ST18","DD_Oligo"
4.09347712739088e-86,1.99756422022728,0.754,0.077,1.49825356339634e-81,52,"SLC5A11","DD_Oligo"
1.26752075066056e-82,2.64559104022226,0.646,0.062,4.63925269949272e-78,52,"S100A1",NA
3.04886824934703e-82,1.98041388771366,0.785,0.088,1.11591626794351e-77,52,"RNASE1",NA
3.5754986705074e-82,1.96804668505587,0.954,0.131,1.30866826839241e-77,52,"UGT8",NA
5.63843836319448e-82,3.13949808353219,0.385,0.023,2.06372482531281e-77,52,"CHST3",NA
1.07625371232299e-81,2.73822876720209,0.585,0.051,3.93919621247336e-77,52,"RASSF2",NA
6.94030058277894e-81,2.88701599327006,0.692,0.074,2.54021941630292e-76,52,"SCRG1",NA
1.17905386739728e-76,3.50599252400373,0.292,0.014,4.3154550600608e-72,52,"GPIHBP1",NA
1.62242470505906e-72,2.03923201569814,0.985,0.167,5.93823666298665e-68,52,"TF",NA
3.86466729765531e-72,2.90512636556115,0.477,0.039,1.41450687761482e-67,52,"PDK4",NA
1.34588916378393e-70,2.27945183399116,0.631,0.066,4.92608892836557e-66,52,"SHROOM4",NA
7.8595780931742e-70,1.93143006475851,0.677,0.076,2.87668417788269e-65,52,"ABCA8",NA
1.43498002569293e-69,2.32774007304526,0.554,0.052,5.2521703920387e-65,52,"KLK6",NA
4.71558169267847e-69,2.29512619015367,0.969,0.17,1.72595005533725e-64,52,"TMEM144",NA
1.65601973658416e-67,2.31482584414568,0.477,0.041,6.06119783787167e-63,52,"SEMA3B",NA
4.15641399471693e-67,2.73342439863166,0.738,0.1,1.52128908620634e-62,52,"LRP2","DD_Oligo"
7.09945061954403e-65,2.38986136147876,0.985,0.201,2.59846992125931e-60,52,"SPP1",NA
8.66287928222067e-64,2.60981745695985,1,0.222,3.17070044608559e-59,52,"S100B",NA
1.00579544789536e-63,9.4722647970316,0.015,0,3.68131191884181e-59,52,"AC107884.2",NA
1.01617676344317e-63,8.13969336935037,0.015,0,3.71930857187836e-59,52,"POTEH-AS1",NA
1.41117341853459e-63,2.04600543646754,0.631,0.072,5.16503582917844e-59,52,"SLCO1A2",NA
4.76454412348666e-63,2.36995651017859,0.846,0.138,1.74387079463735e-58,52,"FAM107B","DD_Oligo"
7.85363311403477e-63,2.31191368763813,0.785,0.117,2.87450825606787e-58,52,"TSC22D4",NA
4.19066074238955e-62,1.69135703945966,0.969,0.173,1.533823738322e-57,52,"ZEB2",NA
5.11639682605566e-62,2.13412801064634,0.646,0.079,1.87265240230463e-57,52,"EVI2A",NA
8.62398851761863e-62,2.17141570040434,0.446,0.039,3.1564660373336e-57,52,"GJB1",NA
1.23481087290076e-61,1.34316813542911,0.8,0.117,4.51953127590407e-57,52,"AC012494.1","DD_Oligo"
1.37222922844359e-61,2.03307187714743,0.8,0.122,5.0224961990264e-57,52,"GPR37","DD_Oligo"
1.42462245336182e-61,4.56757393017346,0.138,0.004,5.2142606415496e-57,52,"MIR4527HG",NA
1.38141059841551e-60,3.05138730561335,0.354,0.026,5.0561009312606e-56,52,"LINC01445",NA
1.73763812955944e-60,1.8018449537669,0.631,0.076,6.3599293180005e-56,52,"OLIG1","DD_OPC"
1.89906974218625e-60,1.91671060909179,0.538,0.056,6.95078516337591e-56,52,"FA2H",NA
1.69851386830829e-59,2.45747997775973,0.754,0.117,6.21673060939519e-55,52,"CDKN1C",NA
8.57018393811384e-59,1.72255071734406,0.785,0.118,3.13677302318905e-54,52,"COL4A5",NA
2.75992382210937e-239,12.0627546633901,0.02,0,1.01015971813025e-234,53,"AC004707.1",NA
8.34333311040082e-81,10.9095868450826,0.02,0,3.05374335173781e-76,53,"AC106017.1",NA
2.79795611913923e-75,3.68944683473772,0.961,0.14,1.02407991916615e-70,53,"KIT","DD_Inhib.Thal"
5.80630849487718e-61,10.1641393428407,0.02,0,2.12516697221e-56,53,"LY6G6E",NA
6.15736352141451e-60,2.693000399876,0.98,0.158,2.25365662247293e-55,53,"OTX2-AS1","DD_Inhib.Thal"
3.27717403212357e-58,3.79902736735771,0.647,0.075,1.19947846749755e-53,53,"SHISA8","DD_Inhib.Thal"
5.76616787664672e-53,3.10185001969057,0.902,0.161,2.11047510453146e-48,53,"GAD1","DD_Inhib.Thal"
5.76616787664672e-53,3.10185001969057,0.902,0.161,2.11047510453146e-48,53,"GAD1","LB_inhibitory_neuron"
1.60470429176654e-46,3.35495758791792,0.902,0.204,5.8733781782947e-42,53,"NR2F2",NA
5.60092606185134e-46,2.54761491344305,0.922,0.178,2.04999494789821e-41,53,"MEIS2","DD_Inhib.Thal"
5.60092606185134e-46,2.54761491344305,0.922,0.178,2.04999494789821e-41,53,"MEIS2","LB_Thalamus/MDm"
1.52645097741589e-43,2.81780802172143,0.824,0.154,5.5869632224399e-39,53,"GAD2","DD_Inhib.Thal"
1.52645097741589e-43,2.81780802172143,0.824,0.154,5.5869632224399e-39,53,"GAD2","LB_inhibitory_neuron"
4.2839712254235e-41,9.25242131373622,0.02,0,1.56797630821726e-36,53,"AC136443.3",NA
4.39755904045643e-41,7.81262282918916,0.02,0,1.60955058439746e-36,53,"FCGR3B",NA
5.07788904938944e-40,3.09948051457792,0.824,0.186,1.85855817096703e-35,53,"HPCA","DD_Inhib.Thal"
5.21786860832347e-40,2.97190730908966,0.961,0.279,1.90979208933247e-35,53,"SYNPR","DD_Inhib.Thal"
1.15195877746033e-38,3.46871479772705,0.549,0.077,4.21628432138254e-34,53,"IGF1",NA
7.01851900492386e-33,3.25569637082217,0.451,0.06,2.56884814099218e-28,53,"CPLX3","DD_Inhib.Thal"
1.55566515627891e-32,2.66140578869375,0.725,0.15,5.69389003849642e-28,53,"RORB",NA
5.68391804692525e-32,2.83701914857379,0.627,0.117,2.08037084435511e-27,53,"OTX2","DD_Inhib.Thal"
1.34459779911095e-30,2.08452521828024,0.98,0.33,4.92136240452599e-26,53,"ZFPM2",NA
4.18403486233759e-28,3.26247771794453,0.314,0.034,1.53139859996418e-23,53,"ASCL1",NA
6.79505425698828e-28,2.89885611392269,0.706,0.179,2.48705780860028e-23,53,"GREM2","DD_Inhib.Thal"
7.22213524618985e-28,3.4782822742778,0.314,0.035,2.64337372145795e-23,53,"DMBX1","DD_Inhib.Thal"
8.05710208922796e-28,9.16679138043215,0.02,0,2.94897993567833e-23,53,"AC073409.2",NA
8.19891039491908e-28,7.99201764346491,0.02,0,3.00088319364433e-23,53,"AC005696.3",NA
2.08760693664497e-27,6.94437312915114,0.039,0.001,7.64085014881424e-23,53,"TRPC7-AS2",NA
1.02496854190894e-26,2.48514099846496,0.941,0.468,3.75148736024093e-22,53,"SLC12A5",NA
9.28655070371503e-26,1.44458325390028,1,0.865,3.39897042306674e-21,53,"SYT1","LB_neuron"
1.53706621675769e-25,3.35081188712133,0.333,0.042,5.62581605995483e-21,53,"SOX14",NA
2.40506039825029e-25,2.85416750448356,0.549,0.116,8.80276156363589e-21,53,"SLC6A11",NA
3.27172275667241e-25,2.15075487104487,0.922,0.374,1.19748324616967e-20,53,"SPHKAP","DD_Inhib.Thal"
3.69781712351922e-25,7.42181035920273,0.02,0,1.35343804537927e-20,53,"AC243773.2",NA
7.30814988000085e-25,2.30225567868799,0.843,0.299,2.67485593757911e-20,53,"PCBP3",NA
8.24692476304169e-25,1.84867342954607,1,0.779,3.01845693252089e-20,53,"DLGAP1",NA
1.02516602898079e-24,2.82546093221939,0.353,0.048,3.75221018267258e-20,53,"SLC32A1",NA
8.56549924444783e-24,2.62069908071772,0.765,0.257,3.13505837846035e-19,53,"SLC6A1",NA
1.87135267712147e-23,2.01278979120573,0.98,0.467,6.84933793353229e-19,53,"GRIK1",NA
5.55390180632536e-23,8.63210131268398,0.02,0,2.03278360013314e-18,53,"LINC02753",NA
1.31118179493213e-22,1.53100862632905,0.98,0.843,4.79905648763109e-18,53,"GPM6A",NA
1.92916659955925e-22,3.62773078249597,0.373,0.06,7.0609426710468e-18,53,"NPPC",NA
1.93549469342261e-22,1.91413319272401,0.98,0.632,7.08410412739611e-18,53,"NRXN3",NA
5.8172811107451e-22,2.05860773432242,0.902,0.373,2.12918305934381e-17,53,"UNC13C","DD_Inhib.Thal"
8.24759214237897e-22,1.77915479852982,0.902,0.34,3.01870120003213e-17,53,"NELL1","DD_Inhib.Thal"
1.47434267865961e-21,1.7247175845951,1,0.659,5.39624163816205e-17,53,"CADPS",NA
1.66788353689664e-21,3.59060996937034,0.216,0.022,6.10462053339538e-17,53,"TMEM176A",NA
3.67149827969338e-21,2.93652901462859,0.569,0.146,1.34380508535058e-16,53,"HTR2A","DD_Inhib.Thal"
6.83779936993117e-21,1.85272534422896,0.882,0.374,2.50270294738851e-16,53,"CHRM2",NA
2.13719954873018e-20,2.10831093776745,0.863,0.4,7.82236406830732e-16,53,"NYAP2",NA
4.89916496540909e-20,0.935566672599918,0.902,0.306,1.79314336898938e-15,53,"ADARB2",NA
1.51216028070301e-19,2.63345676064351,0.627,0.183,5.53465784340109e-15,53,"SEMA3C",NA
3.09001388351161e-19,1.71600541777004,0.961,0.595,1.13097598150408e-14,53,"PLCB1",NA
4.03010308231691e-254,10.6803603663514,0.021,0,1.47505802915881e-249,54,"AP003071.3",NA
7.04951972280087e-128,10.5063730284201,0.021,0,2.58019471374234e-123,54,"AC091987.1",NA
8.34278815711372e-124,3.95033300149305,0.958,0.073,3.05354389338519e-119,54,"CASQ2",NA
1.158794255482e-117,3.71217863449996,0.875,0.063,4.24130285448966e-113,54,"SLC7A2",NA
7.82817432599453e-103,3.76763681786641,0.75,0.053,2.86519008505726e-98,54,"TRABD2A",NA
2.38141409454209e-99,3.52080422018428,0.812,0.063,8.71621372743349e-95,54,"ITGA4",NA
1.54204431376326e-96,3.51549580521752,0.75,0.056,5.64403639280492e-92,54,"GABRD",NA
1.76647092889853e-95,3.26363673505004,0.708,0.049,6.46546024686152e-91,54,"FGF5",NA
2.84366510986511e-94,3.24575238380735,0.792,0.063,1.04080986686173e-89,54,"PHLDB2","DD_Endo"
6.10028073896248e-94,3.34269214783307,0.833,0.07,2.23276375326766e-89,54,"FAM20A",NA
2.4326404383004e-90,3.05788748958646,0.938,0.092,8.9037072682233e-86,54,"ATP10A",NA
3.29941954207331e-90,3.22083948699354,0.917,0.088,1.20762054659425e-85,54,"ADGRG6",NA
2.33313948272212e-88,3.30403750467666,0.958,0.101,8.53952382071124e-84,54,"MIR31HG",NA
9.39501721613238e-86,9.83526655882334,0.021,0,3.43867025127661e-81,54,"STPG3",NA
9.52652688011731e-86,9.21969297973586,0.021,0,3.48680410339174e-81,54,"SLC22A12",NA
2.33309569952457e-85,9.061270737833,0.042,0,8.53936356982988e-81,54,"AC118755.1",NA
8.37285217368037e-84,2.95356993090112,0.646,0.046,3.06454762408875e-79,54,"SPATA22",NA
1.68599894703134e-82,3.04771462692265,0.792,0.069,6.17092474602939e-78,54,"PLEKHD1",NA
2.45634674638439e-79,3.14388571688246,0.625,0.046,8.99047472644151e-75,54,"MYO5B",NA
1.15745186476154e-78,2.69030331961424,0.854,0.084,4.23638957021372e-74,54,"CYP2J2",NA
2.00130170408868e-78,3.16972597716173,0.979,0.118,7.32496436713497e-74,54,"AC016766.1",NA
3.61716255732599e-78,2.71783463072449,0.979,0.114,1.32391766760688e-73,54,"MRVI1","DD_Astrocyte"
1.59029942606513e-77,3.3168812280285,0.771,0.073,5.82065492934099e-73,54,"LINC01482",NA
1.78493840341904e-76,3.22274290442172,0.812,0.081,6.53305305035403e-72,54,"ABHD12B",NA
8.30313782107787e-76,0.467503578410478,0.708,0.058,3.03903147389271e-71,54,"LINC01608","DD_Oligo"
4.36553874589436e-73,2.57345330076698,0.875,0.096,1.5978308363848e-68,54,"NOTCH2",NA
1.69430613402689e-72,3.16983963016589,0.604,0.047,6.20132988115183e-68,54,"GJC1","DD_Endo"
1.7772592065582e-72,0.717271846824287,0.75,0.066,6.50494642192367e-68,54,"LINC00639",NA
8.0086947613563e-72,2.96106316812514,0.896,0.104,2.93126236960402e-67,54,"COL4A4",NA
8.94610728762931e-72,4.17327574198946,0.375,0.019,3.27436472834521e-67,54,"SYCP1",NA
2.53142734292137e-71,3.37779000808725,0.646,0.054,9.2652772178265e-67,54,"FAM163A",NA
6.67750491218464e-71,2.91462717775346,0.917,0.111,2.4440335729087e-66,54,"RASSF3",NA
8.37265790707935e-71,3.10317510506672,1,0.138,3.06447652057011e-66,54,"CCBE1",NA
1.18657707949188e-69,2.98997813060933,0.938,0.12,4.34299076864824e-65,54,"TSPAN14",NA
1.84975335356885e-69,3.20953703905132,0.562,0.043,6.77028224939735e-65,54,"ADGRD1",NA
2.03697523518452e-69,2.91662307839051,0.833,0.093,7.45553305829886e-65,54,"BCHE",NA
2.89588483716357e-68,3.31903781693014,0.979,0.144,1.05992280925024e-63,54,"CD226",NA
2.4465551134038e-65,2.85551902524646,0.875,0.107,8.95463637056927e-61,54,"GDNF-AS1",NA
1.14327518816005e-64,7.13573886182743,0.021,0,4.18450151618459e-60,54,"AC093627.7",NA
3.0595578091884e-63,3.04785983372747,0.875,0.113,1.11982875374105e-58,54,"LINC02653",NA
3.25552870492544e-63,3.50148214606672,0.479,0.034,1.19155606128976e-58,54,"LINC00200",NA
4.70773258016567e-63,3.11669344490515,0.812,0.099,1.72307720166644e-58,54,"COL23A1",NA
5.11162209343177e-63,3.44777212279145,0.583,0.05,1.87090480241696e-58,54,"TARID",NA
1.09412086230544e-62,2.07133637937681,0.729,0.074,4.00459176812413e-58,54,"CYBRD1",NA
1.43653128759204e-62,2.65594169566155,0.521,0.04,5.25784816571564e-58,54,"ADARB2-AS1",NA
1.50483830513172e-62,3.02298501604965,1,0.16,5.50785868061259e-58,54,"IL1RAPL2",NA
1.91203985843228e-61,2.07948777032767,0.438,0.029,6.998257085848e-57,54,"LINC01099",NA
6.05817059103973e-61,3.00185333129524,0.583,0.051,2.21735101802645e-56,54,"AL162718.1",NA
1.38307624505573e-60,3.12888007417964,0.688,0.073,5.06219736452849e-56,54,"HS3ST1",NA
8.36282651604911e-60,2.32791417884285,0.833,0.104,3.06087813313913e-55,54,"AC008691.1",NA
6.20242584096384e-271,12.6691879225975,0.022,0,2.27014988205117e-266,55,"OR10V1",NA
2.71853036113647e-136,11.1051385006707,0.022,0,9.95009297479561e-132,55,"SRMS",NA
6.91644016530405e-69,8.63677634608544,0.022,0,2.53148626490294e-64,55,"BPIFA1",NA
5.47603385281393e-61,8.03074846028454,0.044,0,2.00428315046843e-56,55,"ZSCAN10",NA
2.14543816029527e-55,9.49876412032978,0.022,0,7.85251821049673e-51,55,"OR4F6",NA
2.16461029542568e-55,7.47710991663176,0.022,0,7.92269014228752e-51,55,"AP003715.1",NA
2.15362162324214e-46,9.89827735924509,0.022,0,7.88247050322854e-42,55,"KIR2DL4",NA
2.16964846859334e-46,8.87188035682203,0.022,0,7.9411303598985e-42,55,"LINC01627",NA
9.14514914802039e-41,3.13824953770308,0.889,0.19,3.34721603966694e-36,55,"AC007091.1",NA
5.8996803898911e-40,10.2404225533106,0.022,0,2.15934201950404e-35,55,"AC009446.1",NA
5.8996803898911e-40,11.2287763752282,0.022,0,2.15934201950404e-35,55,"AC005823.2",NA
2.33613585313708e-31,7.7682281311007,0.022,0,8.55049083606704e-27,55,"LINC02342",NA
2.39595984337475e-28,8.03553883476754,0.022,0,8.7694526227359e-24,55,"AL035415.1",NA
2.22286132919188e-26,2.74974224330937,0.978,0.529,8.13589475097519e-22,55,"DAB1",NA
6.94135676962957e-26,9.71115335856426,0.022,0,2.54060599125212e-21,55,"AC089983.2",NA
1.24018001257902e-25,6.97754595656464,0.067,0.002,4.53918286404048e-21,55,"AC012355.1",NA
4.47344936628883e-24,1.98599991314705,1,0.683,1.63732720255538e-19,55,"FRMD4A",NA
6.48622315232857e-24,2.19207228281646,1,0.767,2.37402253598378e-19,55,"CSMD1",NA
7.99378792974379e-24,7.32463817375214,0.022,0,2.92580632016553e-19,55,"PRNT",NA
7.99378792974379e-24,7.54170551843505,0.022,0,2.92580632016553e-19,55,"MAGEA10",NA
4.3739495055821e-22,8.64076421615829,0.022,0,1.6009092585381e-17,55,"AC034245.1",NA
4.46468620788915e-22,6.97142804331314,0.022,0,1.63411979894951e-17,55,"LINC01228",NA
4.47998904247084e-22,6.68644513938313,0.022,0,1.63972078943475e-17,55,"LINC01797",NA
1.60513540842381e-21,1.88523259963405,1,0.693,5.874956108372e-17,55,"AL513166.1",NA
1.79604231797046e-21,2.5292297499117,0.933,0.502,6.57369448800369e-17,55,"UNC5D",NA
2.74710480147675e-21,1.34934990378629,1,0.956,1.00546782838851e-16,55,"DLG2",NA
5.86175761720072e-21,1.32608099238835,1,0.894,2.14546190547164e-16,55,"FAM155A",NA
6.11219157212256e-21,1.57320097238341,1,0.805,2.23712323731258e-16,55,"DTNA",NA
8.10122019509599e-21,2.53932470467966,0.889,0.466,2.96512760360708e-16,55,"MIR137HG","DD_Excit.Thal"
1.23915847218176e-20,2.33124957166315,0.956,0.668,4.53544392403246e-16,55,"TENM3",NA
1.35907402927945e-20,9.17327901486036,0.022,0,4.97434685456572e-16,55,"AC108134.1",NA
1.37209339773106e-20,6.88138607310755,0.022,0,5.02199904503544e-16,55,"FOXN3-AS2",NA
1.97344506471061e-19,1.79401206181705,0.978,0.633,7.22300628134729e-15,55,"RMST",NA
2.6928974594001e-19,7.81923552208283,0.022,0,9.85627399115031e-15,55,"PLA2G2D",NA
2.74124789189219e-19,7.06458738829353,0.022,0,1.00332414091146e-14,55,"AP003969.1",NA
3.11981117766425e-19,-4.08634541901613,0.289,0.858,1.14188208913689e-14,55,"HSP90AA1",NA
4.79233747557712e-19,2.11824409699875,0.911,0.565,1.75404343943598e-14,55,"GABRB1",NA
1.58324569687807e-18,-1.14399458635657,1,1,5.79483757514342e-14,55,"MALAT1",NA
1.94946226836505e-18,2.06495220571787,0.956,0.565,7.13522684844291e-14,55,"IQCJ-SCHIP1","DD_Excit.Thal"
3.67072781118537e-18,8.46578453839252,0.022,0,1.34352308617196e-13,55,"TCL1B",NA
3.68094972592354e-18,8.01531355752006,0.022,0,1.34726440918528e-13,55,"AC015908.4",NA
3.72211915876185e-18,6.1220363454269,0.022,0,1.36233283329843e-13,55,"AC006441.4",NA
3.73248234310653e-18,7.11257784251302,0.022,0,1.36612586240042e-13,55,"AL358779.1",NA
3.74287401168787e-18,7.02580891921219,0.022,0,1.36992931701788e-13,55,"MSLNL",NA
5.80127016998419e-18,-3.68098293886699,0.244,0.841,2.12332289491591e-13,55,"CALM2",NA
6.30968954267953e-18,1.52801927355761,1,0.733,2.30940946951614e-13,55,"PWRN1",NA
9.32268792468072e-18,2.29972314395539,0.889,0.432,3.41219700731239e-13,55,"SORCS3",NA
1.98134320449768e-17,-5.80594156956546,0.067,0.755,7.25191426278195e-13,55,"FTH1",NA
3.07307393506311e-17,2.35823698038056,0.689,0.225,1.12477579097245e-12,55,"ALK",NA
4.68507144454761e-17,2.0907872862215,0.867,0.455,1.71478299941887e-12,55,"VWC2",NA
