"p_val","avg_log2FC","pct.1","pct.2","p_val_adj","cluster","gene","cell_type"
0,-3.14131584486455,0.232,0.687,0,0,"CPNE4",NA
0,-3.74064049064822,0.181,0.635,0,0,"VAV3",NA
0,-4.19335337222151,0.029,0.456,0,0,"AC119673.2",NA
0,-2.76528918287875,0.114,0.517,0,0,"MTRNR2L12",NA
0,-1.97944232788621,0.22,0.619,0,0,"DDAH1",NA
0,-2.93766839182791,0.076,0.47,0,0,"ZIC1",NA
0,1.6467181679937,0.861,0.467,0,0,"UNC5D",NA
0,2.63427896901087,0.646,0.253,0,0,"COL6A1",NA
0,-2.70313074765343,0.094,0.485,0,0,"MIR2052HG",NA
0,-1.57722962339968,0.244,0.621,0,0,"NCALD",NA
0,-1.83772805415815,0.231,0.605,0,0,"ZNF608",NA
0,-4.44096186620817,0.096,0.469,0,0,"NWD2",NA
0,1.75589097702711,0.657,0.286,0,0,"GABRG3","DD_Excit.Thal"
0,-2.18053301276683,0.194,0.562,0,0,"SYT9",NA
0,-3.43783484772153,0.063,0.429,0,0,"OSBPL3",NA
0,-2.97929836380652,0.342,0.703,0,0,"MSI2",NA
0,-2.80641103829936,0.148,0.502,0,0,"GUCY1A1",NA
0,1.4494833633283,0.828,0.475,0,0,"TTTY14",NA
0,0.956270194180405,0.89,0.54,0,0,"GRM7",NA
0,-1.90649672497993,0.233,0.581,0,0,"PCP4",NA
0,-2.11221709654411,0.27,0.615,0,0,"SNCA",NA
0,-1.43163206242843,0.381,0.726,0,0,"PSD3",NA
0,-2.3933613750336,0.094,0.437,0,0,"PDE3A",NA
0,-1.52494651595275,0.316,0.658,0,0,"MT-ND5",NA
0,2.49661450283984,0.572,0.233,0,0,"PNMA3",NA
0,2.17443408677195,0.559,0.223,0,0,"GRM8",NA
0,-2.00500692877716,0.411,0.747,0,0,"FAT3",NA
0,-2.11554495052089,0.377,0.713,0,0,"TMTC2",NA
0,-1.55025247678828,0.323,0.655,0,0,"SCOC",NA
0,1.02841606077934,0.901,0.571,0,0,"SNTG1",NA
0,-1.80768277399578,0.304,0.634,0,0,"ST6GALNAC3",NA
0,1.41290049378231,0.759,0.433,0,0,"KLHL1",NA
0,-1.37996482741675,0.242,0.568,0,0,"BTBD3",NA
0,-1.71426095143543,0.163,0.489,0,0,"MT-ND4L",NA
0,-2.15418297883489,0.117,0.441,0,0,"C3orf70",NA
0,-1.71613940488456,0.205,0.524,0,0,"SIPA1L2",NA
0,0.685416154438287,0.858,0.539,0,0,"BRINP3",NA
0,-2.81599533192753,0.128,0.442,0,0,"KCNH8",NA
0,-3.63851278104822,0.267,0.581,0,0,"QKI",NA
0,0.693172733770322,0.942,0.629,0,0,"RBFOX1","DD_Excit.Thal"
0,-1.30847726583928,0.439,0.751,0,0,"BAZ2B",NA
0,-1.63362907265577,0.223,0.534,0,0,"HIPK2",NA
0,-2.50640546491932,0.076,0.387,0,0,"WLS",NA
0,-1.51513297806421,0.198,0.509,0,0,"CUX2",NA
0,-3.15974150892052,0.062,0.371,0,0,"LMCD1-AS1",NA
0,1.15888539212165,0.81,0.502,0,0,"DAB1",NA
0,2.24022486217938,0.496,0.19,0,0,"LINC02223",NA
0,-3.98436135008861,0.034,0.339,0,0,"RASGRP1","DD_MHb"
0,-1.06777338749572,0.39,0.695,0,0,"ARHGAP5",NA
0,1.72505028744471,0.629,0.325,0,0,"DLGAP2",NA
0,2.40287569573574,0.769,0.157,0,1,"XIST",NA
0,-5.81228546923931,0.011,0.549,0,1,"USP9Y",NA
0,2.53308690632507,0.757,0.231,0,1,"CDH4","DD_LHb"
0,-5.6038464430838,0.026,0.543,0,1,"TTTY14",NA
0,-5.76219527528735,0.011,0.525,0,1,"UTY",NA
0,2.55126146573455,0.749,0.245,0,1,"AC007614.1","DD_LHb"
0,4.65937228865208,0.521,0.032,0,1,"AC244502.1",NA
0,1.87265494222233,0.863,0.38,0,1,"KCNH8",NA
0,2.28634104436603,0.793,0.319,0,1,"EBF1",NA
0,2.80149153009648,0.709,0.237,0,1,"GRIK4",NA
0,2.50118343908848,0.613,0.142,0,1,"RFTN1","DD_LHb"
0,-5.94801410271155,0.012,0.471,0,1,"NLGN4Y",NA
0,2.07219555177259,0.858,0.4,0,1,"SORCS3",NA
0,1.73080747261382,0.927,0.477,0,1,"SEMA6D",NA
0,-3.47178641143957,0.24,0.675,0,1,"ATP6V0C",NA
0,1.47029890167738,0.792,0.358,0,1,"PLCH1",NA
0,-3.6240311696961,0.209,0.637,0,1,"BEX1",NA
0,2.0305880123723,0.673,0.246,0,1,"MAPK4",NA
0,-3.42616480960438,0.152,0.575,0,1,"ATP6V0B",NA
0,1.84300426567655,0.781,0.359,0,1,"KIF26B",NA
0,1.35435106432644,0.897,0.476,0,1,"ARHGAP24",NA
0,-3.09614965346915,0.228,0.647,0,1,"UBB",NA
0,1.65591449831369,0.911,0.497,0,1,"ST6GALNAC5",NA
0,-3.05189596061498,0.223,0.635,0,1,"SELENOW",NA
0,-3.48149245508292,0.169,0.579,0,1,"RNASEK",NA
0,2.21074418662404,0.743,0.335,0,1,"KLHL29",NA
0,-3.49132287460516,0.312,0.719,0,1,"TUBA1B",NA
0,-3.13727670531234,0.243,0.648,0,1,"OAZ1",NA
0,2.49791046578698,0.546,0.146,0,1,"LINC01876","DD_LHb"
0,-3.13611006876545,0.239,0.639,0,1,"RPL41",NA
0,-3.64534998332475,0.173,0.573,0,1,"TUBB2A",NA
0,-3.10323667223942,0.203,0.6,0,1,"COX7C",NA
0,1.59694078757665,0.828,0.431,0,1,"NKAIN3",NA
0,-3.14127706085319,0.175,0.568,0,1,"CHCHD2",NA
0,-3.00334542543713,0.294,0.686,0,1,"PPIA",NA
0,-2.95979740039874,0.197,0.589,0,1,"RPL7A",NA
0,2.11483364474477,0.552,0.164,0,1,"AC007091.1",NA
0,-3.05659415787948,0.214,0.6,0,1,"BEX2",NA
0,1.79405731667183,0.547,0.162,0,1,"ABCC4",NA
0,-2.43633690682962,0.326,0.711,0,1,"FTL",NA
0,-2.77447823322849,0.255,0.639,0,1,"RPL15",NA
0,-3.23211367206483,0.168,0.552,0,1,"PRDX2",NA
0,-3.31100374445168,0.156,0.539,0,1,"TPI1",NA
0,-2.82742869720559,0.23,0.612,0,1,"RPS15",NA
0,1.64166084447623,0.837,0.455,0,1,"CUX2",NA
0,-3.23407174500995,0.232,0.612,0,1,"NDUFA4",NA
0,-2.8512693921934,0.243,0.623,0,1,"COX4I1",NA
0,-3.12682014576737,0.198,0.578,0,1,"COX6A1",NA
0,-3.20291357691646,0.153,0.531,0,1,"ATP5MC3",NA
0,-2.71760831921129,0.214,0.592,0,1,"GABARAP",NA
0,3.19629830391862,0.84,0.205,0,2,"CDC14A",NA
0,2.89303921156284,0.842,0.224,0,2,"EGFR",NA
0,2.55467892965506,0.976,0.367,0,2,"CADPS2",NA
0,2.75713098205474,0.876,0.282,0,2,"THSD7B","DD_MHb"
0,1.81352294737845,0.92,0.342,0,2,"AC109466.1","DD_MHb"
0,2.28512094918411,0.965,0.399,0,2,"NWD2",NA
0,-4.53190952673656,0.147,0.692,0,2,"RBFOX1","DD_Excit.Thal"
0,1.82288902890898,0.833,0.29,0,2,"AC008415.1","DD_MHb"
0,3.21580244617683,0.675,0.154,0,2,"AL137139.2","DD_MHb"
0,-2.46454391904995,0.257,0.769,0,2,"MIR99AHG",NA
0,-2.48982637618535,0.175,0.686,0,2,"LINGO2",NA
0,-3.11143216760787,0.073,0.584,0,2,"CACNA2D1",NA
0,3.7735083404018,0.664,0.161,0,2,"PDE11A",NA
0,-4.65025127332674,0.042,0.537,0,2,"GABRB2",NA
0,2.12229278235197,0.933,0.44,0,2,"DACH1",NA
0,3.91678495611615,0.557,0.078,0,2,"F13A1",NA
0,2.50011689473315,0.695,0.228,0,2,"PDGFD",NA
0,-2.56076411468499,0.247,0.713,0,2,"FRMD4A",NA
0,1.9853741437795,0.731,0.268,0,2,"CSGALNACT1",NA
0,-3.9944066508816,0.061,0.522,0,2,"VSNL1",NA
0,-3.63209228830368,0.063,0.522,0,2,"CACNA1A",NA
0,2.55696064323725,0.643,0.185,0,2,"CABLES1",NA
0,-3.34701414534188,0.135,0.591,0,2,"PCDH7",NA
0,-2.77326449745898,0.39,0.846,0,2,"PTPRD",NA
0,2.69828682512479,0.749,0.297,0,2,"SORCS2",NA
0,-2.47460647986371,0.185,0.637,0,2,"BASP1",NA
0,-2.63417188933564,0.09,0.54,0,2,"USP9Y",NA
0,-2.94639124628238,0.09,0.535,0,2,"TTTY14",NA
0,1.94613778385322,0.739,0.295,0,2,"POU6F2",NA
0,-2.78450498127394,0.143,0.584,0,2,"KALRN",NA
0,-2.15120658750369,0.219,0.656,0,2,"SLC2A13",NA
0,-5.40917112586959,0.02,0.457,0,2,"GABRA1",NA
0,2.18778495711463,0.673,0.237,0,2,"SYT6",NA
0,-3.53283311303867,0.054,0.487,0,2,"CACHD1",NA
0,3.19136453586362,0.592,0.159,0,2,"GPR39","DD_MHb"
0,1.88179748540392,0.928,0.499,0,2,"ST6GALNAC5",NA
0,-2.34042612761615,0.207,0.632,0,2,"PRNP",NA
0,-2.29816043848117,0.094,0.516,0,2,"UTY",NA
0,1.88884249308873,0.825,0.407,0,2,"PLD5",NA
0,-2.79545203823025,0.205,0.622,0,2,"PLCB1",NA
0,-2.32647448120656,0.301,0.717,0,2,"FRMD5",NA
0,-2.31075957157511,0.178,0.592,0,2,"CACNA1B",NA
0,2.25925410575886,0.981,0.568,0,2,"VAV3",NA
0,2.09165519481751,0.821,0.408,0,2,"SLC35F4",NA
0,2.04527008974241,0.588,0.176,0,2,"AC092957.1",NA
0,-2.0671697483755,0.346,0.757,0,2,"NTM",NA
0,2.11701478173523,0.671,0.261,0,2,"MCC",NA
0,-2.96327364696681,0.276,0.685,0,2,"CADPS",NA
0,-3.8703892745949,0.126,0.531,0,2,"NTNG1","DD_Excit.Thal"
0,3.0312336962841,0.9,0.496,0,2,"ASIC2",NA
0,2.35522973671775,0.602,0.202,0,3,"CBLN2","DD_LHb"
0,1.5983556206663,0.616,0.235,0,3,"PCDH11Y",NA
0,1.47603414000322,0.657,0.283,0,3,"HIST1H4C",NA
0,1.88697492198738,0.502,0.156,0,3,"RFTN1","DD_LHb"
0,1.05087832663983,0.671,0.333,0,3,"EBF1",NA
0,1.37881473656747,0.707,0.369,0,3,"PLCH1",NA
0,1.57774661765711,0.654,0.321,0,3,"HTR2C","DD_LHb"
0,1.57774661765711,0.654,0.321,0,3,"HTR2C","LB_LHB neuron specific"
0,1.36918332126439,0.744,0.413,0,3,"SORCS3",NA
0,0.870356906972335,0.901,0.581,0,3,"MGAT4C",NA
0,1.10926239168433,0.717,0.397,0,3,"TOMM7",NA
0,1.43108659870346,0.75,0.437,0,3,"SV2B",NA
0,1.98586918375205,0.442,0.134,0,3,"HTR4","DD_LHb"
0,1.26951474732763,0.865,0.569,0,3,"NDUFA4",NA
0,1.16839681194811,0.941,0.65,0,3,"KCNH7",NA
0,1.15333332556945,0.827,0.54,0,3,"NTRK3",NA
0,1.01974737082535,0.794,0.516,0,3,"ATP5IF1",NA
0,1.0093906641023,0.813,0.541,0,3,"COX6C",NA
0,0.892973717817577,0.956,0.701,0,3,"CDH18",NA
0,1.81981400126876,0.411,0.157,0,3,"LGI2","DD_LHb"
0,1.09697791953517,0.866,0.619,0,3,"RMST",NA
0,1.05528433751561,0.834,0.593,0,3,"TOMM20",NA
0,1.0372818226048,0.887,0.647,0,3,"THSD7A",NA
0,2.40482922860152,0.297,0.06,0,3,"BVES","DD_LHb"
0,2.48968258131022,0.282,0.059,0,3,"MSC-AS1",NA
0,1.04464522455252,0.922,0.717,0,3,"GRID1",NA
0,1.1044778399361,0.931,0.732,0,3,"ZNF483",NA
0,2.13923517227939,0.27,0.075,0,3,"POPDC3",NA
0,0.989470582784333,0.974,0.787,0,3,"MEG8",NA
0,2.50219251434023,0.218,0.045,0,3,"MMRN1","LB_LHB neuron specific"
0,2.86060907547664,0.202,0.038,0,3,"LINC01497",NA
0,1.39684815627107,0.961,0.802,0,3,"PLCG2",NA
0,1.03107260465663,0.977,0.823,0,3,"GRIK2",NA
0,0.788841544279817,0.901,0.755,0,3,"KANSL1",NA
0,0.698292496801019,0.991,0.91,0,3,"NLGN1",NA
0,-1.77158708707853,0.853,0.897,0,3,"MT-ATP6",NA
4.92528011309633e-308,0.840913878451094,0.801,0.47,1.80270177419439e-303,3,"UTY",NA
5.14067004698977e-308,1.05405866184914,0.709,0.396,1.88153664389873e-303,3,"KCNH8",NA
1.45251165905184e-304,1.20539481893089,0.576,0.286,5.31633792329565e-300,3,"OBI1-AS1",NA
2.26758418531428e-299,0.903869262232511,0.849,0.612,8.2995848766688e-295,3,"SCOC",NA
3.80441338906551e-297,1.27982356400251,0.554,0.264,1.39245334453187e-292,3,"AC007614.1","DD_LHb"
3.84214337141456e-297,1.66310477282316,0.389,0.146,1.40626289537144e-292,3,"RGS4",NA
2.02694329349232e-296,2.52116090893869,0.191,0.043,7.41881514851126e-292,3,"SLC17A8",NA
1.24707531966203e-294,1.04136663759603,0.477,0.201,4.56442037749501e-290,3,"ARL17B",NA
1.27105457570398e-294,1.59660005104057,0.735,0.466,4.65218685253414e-290,3,"COL25A1","DD_LHb"
1.71663813218238e-293,0.59045522344646,0.996,0.92,6.28306722760074e-289,3,"LRP1B",NA
2.81158686675202e-290,0.824290258923776,0.901,0.695,1.02906890909991e-285,3,"EIF4A2",NA
3.59247104716088e-290,0.955629658937221,0.762,0.476,1.31488032797135e-285,3,"COX7A2",NA
6.13503848236088e-287,1.16509084404563,0.712,0.44,2.2454854349289e-282,3,"UHMK1",NA
3.83801425335105e-286,0.891907236244473,0.81,0.543,1.40475159686902e-281,3,"UQCRB",NA
1.28237998519977e-283,1.06474608120015,0.718,0.441,4.69363898382968e-279,3,"CDH11",NA
0,4.23505407771752,0.951,0.093,0,4,"ST18","DD_Oligo"
0,4.93444722205238,0.941,0.128,0,4,"TF",NA
0,4.40733922026986,0.886,0.082,0,4,"MOBP","DD_Oligo"
0,4.40733922026986,0.886,0.082,0,4,"MOBP","LB_oligodendrocyte"
0,-3.98095408624812,0.112,0.902,0,4,"RIMS2",NA
0,4.22837221428664,0.92,0.132,0,4,"TMEM144",NA
0,-4.13121890571065,0.101,0.886,0,4,"MEG3",NA
0,4.55372371631769,0.984,0.199,0,4,"PLP1",NA
0,-3.75883082220582,0.131,0.913,0,4,"FGF14",NA
0,-3.71564471086761,0.125,0.904,0,4,"RALYL",NA
0,-3.22572790527791,0.122,0.894,0,4,"CNTN1",NA
0,-4.00302541952617,0.16,0.932,0,4,"FAM155A",NA
0,-4.08275767725051,0.108,0.88,0,4,"DSCAM",NA
0,-3.79158710036397,0.118,0.873,0,4,"KCND2",NA
0,4.21557049537727,0.838,0.095,0,4,"UGT8",NA
0,-3.97158607090172,0.092,0.834,0,4,"MEG8",NA
0,-3.8503009452799,0.097,0.834,0,4,"AGBL4",NA
0,-3.87576277263409,0.105,0.841,0,4,"SLC8A1",NA
0,-4.14995302793909,0.094,0.829,0,4,"ATRNL1",NA
0,4.17612260750796,0.815,0.081,0,4,"AC012494.1","DD_Oligo"
0,-3.29642226604179,0.122,0.849,0,4,"PAM",NA
0,3.57483479154001,0.862,0.138,0,4,"ZEB2",NA
0,-3.70032441074195,0.177,0.901,0,4,"SYT1","LB_neuron"
0,4.25054280219692,0.802,0.079,0,4,"ANLN","DD_Oligo"
0,-3.75149219777261,0.113,0.836,0,4,"OPCML",NA
0,-3.57021792707359,0.08,0.801,0,4,"UNC80",NA
0,-3.70695177173548,0.123,0.843,0,4,"FGF12",NA
0,-3.87156272237455,0.074,0.79,0,4,"PAK3",NA
0,-3.94661263366206,0.083,0.797,0,4,"FRMPD4",NA
0,-3.58735430974627,0.229,0.943,0,4,"NRG3",NA
0,-4.26949935321041,0.101,0.815,0,4,"DLGAP1",NA
0,-3.30971023597125,0.12,0.831,0,4,"SNAP25","LB_neuron"
0,-3.64832659235071,0.095,0.804,0,4,"ATP8A2",NA
0,-3.91360102762042,0.085,0.79,0,4,"NRCAM",NA
0,-4.22466918662466,0.071,0.775,0,4,"LRFN5",NA
0,4.67095362619652,0.772,0.073,0,4,"PPP1R14A","DD_Oligo"
0,-3.88841689422485,0.071,0.769,0,4,"MYT1L",NA
0,-3.0365093342555,0.18,0.877,0,4,"GPM6A",NA
0,-3.30302732839124,0.134,0.831,0,4,"PTPRN2",NA
0,-3.86054237561187,0.075,0.771,0,4,"GABRB3",NA
0,4.41645158590025,0.767,0.073,0,4,"CLDN11","DD_Oligo"
0,-3.50186479826091,0.097,0.788,0,4,"DCLK1",NA
0,-3.14019875279507,0.095,0.786,0,4,"CELF4",NA
0,-3.83664523183515,0.07,0.758,0,4,"SLC4A10",NA
0,-3.39757457712544,0.095,0.782,0,4,"STXBP5L",NA
0,-3.2072684174618,0.188,0.875,0,4,"CSMD3",NA
0,-4.17830111422284,0.065,0.751,0,4,"ZEB1",NA
0,3.8458774957467,0.855,0.17,0,4,"ENPP2","DD_Oligo"
0,-3.01787209262291,0.212,0.894,0,4,"CCSER1",NA
0,-3.29014482347076,0.088,0.77,0,4,"GABBR2",NA
0,-3.69975414876898,0.072,0.753,0,4,"CHL1",NA
0,5.26243927556809,0.938,0.037,0,5,"CASQ2",NA
0,3.8974182805656,0.979,0.082,0,5,"AC016766.1",NA
0,3.98161817599864,0.988,0.102,0,5,"CCBE1",NA
0,3.62220709821348,0.984,0.125,0,5,"IL1RAPL2",NA
0,4.12581233767068,0.923,0.067,0,5,"MIR31HG",NA
0,3.25312756238561,0.988,0.135,0,5,"PTPN3",NA
0,3.1842383539749,0.977,0.134,0,5,"PRKCH",NA
0,3.52785078497984,0.922,0.08,0,5,"MRVI1","DD_Astrocyte"
0,3.40416090163845,0.973,0.136,0,5,"MYO1B","DD_Endo"
0,3.29275867807274,0.992,0.156,0,5,"CNKSR3",NA
0,2.86094355272578,0.992,0.162,0,5,"CLMN",NA
0,3.10322341599408,0.968,0.139,0,5,"NPL",NA
0,3.66549742933664,0.903,0.078,0,5,"RASSF3",NA
0,2.80003855346271,0.973,0.152,0,5,"RGS16",NA
0,3.61947759300156,0.995,0.177,0,5,"THSD4",NA
0,4.00816432768263,0.929,0.111,0,5,"CD226",NA
0,3.14743117386686,0.978,0.161,0,5,"PTK2B",NA
0,3.51106518684717,0.872,0.06,0,5,"ATP10A",NA
0,2.43738291718645,0.903,0.101,0,5,"PVALB",NA
0,3.15624774215766,0.943,0.142,0,5,"IL1RAP",NA
0,3.34252188562679,0.958,0.157,0,5,"TRPC3","DD_Endo"
0,3.38695030984241,0.892,0.105,0,5,"COL4A3",NA
0,3.46519846832908,0.883,0.104,0,5,"DPYS",NA
0,3.21365728509147,0.88,0.105,0,5,"MAMDC2",NA
0,3.83230351861424,0.832,0.057,0,5,"ADGRG6",NA
0,3.25496467752011,0.825,0.053,0,5,"CYP2J2",NA
0,3.88108544407857,0.818,0.05,0,5,"ABHD12B",NA
0,3.65122219345842,0.836,0.071,0,5,"MIR222HG",NA
0,2.81369245844324,0.981,0.217,0,5,"KITLG",NA
0,2.55971071229375,0.974,0.211,0,5,"TANC1",NA
0,4.3649671970742,0.791,0.033,0,5,"SLC7A2",NA
0,3.00674578928696,0.844,0.089,0,5,"STUM",NA
0,3.0961719861481,0.844,0.09,0,5,"TSPAN14",NA
0,2.38292390446484,0.969,0.219,0,5,"LYPD6B",NA
0,2.67860611240644,0.953,0.204,0,5,"U91319.1",NA
0,3.50538632258745,0.829,0.083,0,5,"LINC02653",NA
0,3.50186152159875,0.818,0.074,0,5,"COL4A4",NA
0,3.39733754016947,0.82,0.077,0,5,"GDNF-AS1",NA
0,2.51604447725045,0.93,0.188,0,5,"GABRA4","DD_Excit.Thal"
0,2.83077841818262,0.9,0.158,0,5,"AP000943.2","DD_Excit.Thal"
0,2.53026148200688,0.991,0.251,0,5,"PPFIBP1",NA
0,2.49390441688193,0.978,0.239,0,5,"IPCEF1",NA
0,2.54396434787831,0.95,0.214,0,5,"TGFBR1",NA
0,2.73370358304925,0.805,0.071,0,5,"UACA","DD_Endo"
0,2.87584277773511,0.992,0.258,0,5,"B3GLCT",NA
0,2.83282397784272,0.985,0.252,0,5,"ILDR2",NA
0,1.45136859288203,0.835,0.104,0,5,"CFAP299",NA
0,4.25609294244965,0.768,0.041,0,5,"FAM20A",NA
0,2.2298403126704,0.916,0.192,0,5,"ADAM12",NA
0,3.16300658235452,0.808,0.086,0,5,"CTSC",NA
0,2.69580037843679,0.896,0.182,0,6,"GNG8","DD_MHb"
0,2.52137896749359,0.826,0.185,0,6,"GPR151","LB_Hb neuron specific"
0,2.36797282688186,0.897,0.301,0,6,"AC008415.1","DD_MHb"
0,2.35888964746537,0.895,0.316,0,6,"AMIGO2",NA
0,2.47402973057764,0.929,0.355,0,6,"AC109466.1","DD_MHb"
0,1.63320239275459,0.94,0.384,0,6,"CADPS2",NA
0,2.35829115395438,0.764,0.233,0,6,"AC132153.1",NA
0,1.63312351169168,0.938,0.414,0,6,"NWD2",NA
0,2.473090898888,0.74,0.223,0,6,"CACNB3",NA
0,2.93367411756437,0.702,0.19,0,6,"CHRNA3","DD_MHb"
0,2.50803743445637,0.755,0.245,0,6,"GSDME","DD_MHb"
0,-3.17863333532161,0.194,0.704,0,6,"FRMD4A",NA
0,2.03089719362594,0.788,0.282,0,6,"SHROOM3",NA
0,2.78899318621754,0.616,0.118,0,6,"SLC5A7","DD_MHb"
0,1.91299892781987,0.761,0.267,0,6,"MCC",NA
0,2.15381854043548,0.666,0.18,0,6,"CHRNB3","DD_MHb"
0,2.17656800145989,0.697,0.216,0,6,"IRX2",NA
0,3.29398651621314,0.546,0.076,0,6,"NEUROD1","DD_MHb"
0,1.44789687855282,0.912,0.453,0,6,"DACH1",NA
0,-3.24713792451933,0.124,0.581,0,6,"PCDH7",NA
0,-3.47578746488403,0.157,0.614,0,6,"PLCB1",NA
0,1.92135996374075,0.734,0.28,0,6,"PDE2A","DD_MHb"
0,1.94845615810138,0.87,0.417,0,6,"ZIC1",NA
0,1.67170790757194,0.867,0.415,0,6,"PLD5",NA
0,1.79012840000604,0.828,0.377,0,6,"NRP2",NA
0,-2.5052449936615,0.299,0.749,0,6,"NTM",NA
0,2.07178658994777,0.846,0.396,0,6,"PDZRN4",NA
0,2.77572436481765,0.542,0.094,0,6,"PPP1R1B",NA
0,-3.54074283651071,0.076,0.524,0,6,"GABRB2",NA
0,3.11675200748097,0.533,0.085,0,6,"LINC02143","DD_MHb"
0,2.0265856563328,0.645,0.198,0,6,"TP53I11",NA
0,2.16905667857547,0.621,0.175,0,6,"POU4F1","LB_Hb neuron specific"
0,2.10218601639949,0.907,0.462,0,6,"ITM2C",NA
0,1.62000734246637,0.641,0.196,0,6,"CABLES1",NA
0,2.27969145048152,0.64,0.195,0,6,"MAOA",NA
0,2.15676293471248,0.711,0.267,0,6,"MINAR1",NA
0,0.935172572076735,0.691,0.25,0,6,"SOX6","DD_OPC"
0,-3.79816723609379,0.072,0.511,0,6,"CACNA1A",NA
0,2.95863034365688,0.703,0.265,0,6,"GPR149","DD_MHb"
0,-2.48112424454401,0.131,0.569,0,6,"CACNA2D1",NA
0,1.89110374982016,0.727,0.294,0,6,"RASGRP1","DD_MHb"
0,1.45824469746548,0.821,0.39,0,6,"TLE4",NA
0,2.21816827991726,0.644,0.214,0,6,"LRRC55",NA
0,1.91030677018849,0.691,0.261,0,6,"ZCCHC12",NA
0,-2.18236521835481,0.187,0.616,0,6,"MGAT4C",NA
0,1.09959505275184,0.729,0.303,0,6,"THSD7B","DD_MHb"
0,-2.90366688226982,0.16,0.583,0,6,"CACNA1B",NA
0,1.79942891454186,0.726,0.304,0,6,"NECAB2",NA
0,2.02517349326849,0.601,0.182,0,6,"NR4A2",NA
0,2.35889512503867,0.949,0.532,0,6,"TSPAN13",NA
0,1.33810554968939,0.734,0.235,0,7,"TTTY10",NA
0,0.759549685092316,0.891,0.419,0,7,"NLGN4Y",NA
0,1.07494511603516,0.958,0.487,0,7,"TTTY14",NA
0,1.0701086930312,0.864,0.399,0,7,"AC119673.2",NA
0,1.19101037550335,0.909,0.49,0,7,"KCNB2",NA
0,0.770861483424233,0.655,0.243,0,7,"KDM5D",NA
0,1.13470743415582,0.904,0.495,0,7,"SCN9A",NA
0,1.0409018401419,0.9,0.514,0,7,"DAB1",NA
0,1.16530878495364,0.845,0.46,0,7,"AC006115.2",NA
0,1.7151821320281,0.542,0.16,0,7,"SHOX2",NA
0,1.08956244444553,0.925,0.55,0,7,"GABRB1",NA
0,1.3716303737983,0.54,0.169,0,7,"RAB3B","DD_Excit.Thal"
0,1.02171974475704,0.921,0.55,0,7,"IQCJ-SCHIP1","DD_Excit.Thal"
0,0.696024184348734,0.57,0.201,0,7,"ARL17B",NA
0,1.18969977171344,0.551,0.189,0,7,"AC108169.1",NA
0,1.19296522907789,0.591,0.231,0,7,"ARHGEF28","DD_Excit.Thal"
0,0.847193362037956,0.961,0.606,0,7,"STMN2",NA
0,1.00664996699533,0.953,0.619,0,7,"RMST",NA
0,1.07485081476376,0.513,0.183,0,7,"HS3ST4",NA
0,1.14593498548887,0.45,0.141,0,7,"PDGFC","DD_OPC"
0,1.7345580549706,0.396,0.108,0,7,"PRLR",NA
0,0.960891735435325,0.982,0.756,0,7,"PEG3",NA
0,2.06548523595139,0.262,0.057,0,7,"PRDM8",NA
0,2.28098964310173,0.211,0.038,0,7,"TFAP2D",NA
0,0.978802925644156,0.993,0.825,0,7,"GRIK2",NA
0,0.662640205448326,0.996,0.849,0,7,"AHI1",NA
0,1.89329530802352,0.156,0.021,0,7,"IGLL1",NA
1.23277035199522e-306,2.24377624859244,0.254,0.057,4.51206276533772e-302,7,"FGF10",NA
4.88584883380933e-306,0.759688288985784,0.949,0.492,1.78826953166255e-301,7,"USP9Y",NA
2.74424367468899e-305,1.31686928477544,0.676,0.315,1.00442062737292e-300,7,"NXPH1",NA
3.06682301585398e-305,1.01747755100656,0.62,0.254,1.12248789203271e-300,7,"SEMA5A",NA
1.60402272632472e-304,1.17581253978979,0.811,0.452,5.87088358062112e-300,7,"MIR137HG","DD_Excit.Thal"
1.00924189485157e-302,1.11300079750328,0.507,0.181,3.69392625934625e-298,7,"DIRAS3",NA
2.77433796359359e-302,0.84134176607985,0.986,0.823,1.01543543805489e-297,7,"NOVA1",NA
2.9773522821288e-302,0.686141794515312,0.931,0.47,1.08974070878196e-297,7,"UTY",NA
3.78119290153575e-297,1.05939480970487,0.462,0.151,1.3839544138911e-292,7,"RTP5",NA
6.83796762379987e-296,1.06114255668478,0.541,0.201,2.50276452998699e-291,7,"AC107398.3","DD_Excit.Thal"
8.04438991894539e-294,0.894471519964886,0.929,0.557,2.9443271542332e-289,7,"GABRG2",NA
6.67888203269403e-292,1.09032385004032,0.502,0.178,2.44453761278634e-287,7,"AL583808.1",NA
5.61659277005958e-287,1.02542536260517,0.624,0.26,2.05572911976951e-282,7,"FAR2",NA
2.71741355056545e-284,0.77690663195732,0.966,0.682,9.9460053364246e-280,7,"AL513166.1",NA
4.5625003601396e-279,1.86095603896276,0.158,0.025,1.6699207568147e-274,7,"LINC01060",NA
7.62199235125949e-277,1.13212061945167,0.719,0.357,2.78972542048449e-272,7,"ARPP21",NA
2.95635341836494e-275,0.904193240131163,0.757,0.362,1.08205491465575e-270,7,"SCN7A","DD_Excit.Thal"
4.57073665848223e-275,1.08131839111702,0.545,0.213,1.67293532437108e-270,7,"DIRC3",NA
1.12747615809882e-272,0.785386440358524,0.839,0.412,4.12667548625747e-268,7,"GABRA1",NA
2.22730053730588e-268,0.885511115949277,0.7,0.321,8.15214269659327e-264,7,"AC093879.1",NA
8.99211358381765e-266,1.09011146284911,0.507,0.194,3.2912034928131e-261,7,"LINC00937","DD_Excit.Thal"
1.43400620145237e-265,0.695768549682409,0.997,0.888,5.24860609793581e-261,7,"NEGR1",NA
2.9071316895983e-265,1.17553158645423,0.419,0.143,1.06403926970987e-260,7,"AC110023.1",NA
0,2.44912319109995,0.78,0.188,0,8,"GPR151","LB_Hb neuron specific"
0,2.04032362010508,0.877,0.318,0,8,"AMIGO2",NA
0,1.69891639834482,0.969,0.414,0,8,"NWD2",NA
0,1.91654701835215,0.738,0.19,0,8,"GNG8","DD_MHb"
0,1.87350189451032,0.716,0.172,0,8,"POU4F1","LB_Hb neuron specific"
0,1.7878977124395,0.831,0.301,0,8,"NECAB2",NA
0,1.92900004917156,0.809,0.284,0,8,"HIST1H4C",NA
0,1.6610144199388,0.907,0.386,0,8,"CADPS2",NA
0,2.32252497363566,0.688,0.179,0,8,"SSTR2",NA
0,1.81086519250519,0.686,0.18,0,8,"CHRNB3","DD_MHb"
0,1.74722095540509,0.912,0.414,0,8,"NRN1",NA
0,1.31597000137831,0.873,0.377,0,8,"NRP2",NA
0,1.73205894776,0.705,0.212,0,8,"LRRC55",NA
0,1.49490165605439,0.709,0.217,0,8,"IRX2",NA
0,-3.68749986972405,0.043,0.53,0,8,"USP9Y",NA
0,-3.9948300857069,0.039,0.525,0,8,"TTTY14",NA
0,0.838036132606626,0.762,0.279,0,8,"CSGALNACT1",NA
0,1.72890468433864,0.672,0.198,0,8,"TP53I11",NA
0,1.22943086487204,0.887,0.417,0,8,"ZIC1",NA
0,-3.47827224414719,0.039,0.507,0,8,"UTY",NA
0,1.01165145523261,0.92,0.453,0,8,"DACH1",NA
0,1.32142141807537,0.901,0.435,0,8,"TTC39C",NA
0,1.86027705389087,0.922,0.459,0,8,"PRKD1",NA
0,1.32880283262913,0.788,0.329,0,8,"AP1S2",NA
0,1.62275955312204,0.917,0.463,0,8,"ITM2C",NA
0,1.17333263674128,0.699,0.246,0,8,"EGFR",NA
0,0.941311553495502,0.843,0.39,0,8,"TLE4",NA
0,0.903648788804695,0.678,0.229,0,8,"CDC14A",NA
0,1.54384057158364,0.622,0.182,0,8,"NR4A2",NA
0,1.24032521484658,0.823,0.385,0,8,"RGMB",NA
0,1.39598589167882,0.724,0.288,0,8,"COX17",NA
0,1.41643457164597,0.827,0.395,0,8,"C3orf70",NA
0,1.4343139466016,0.859,0.428,0,8,"DUT",NA
0,1.71535503046685,0.627,0.197,0,8,"MAOA",NA
0,1.96420950760584,0.963,0.533,0,8,"TSPAN13",NA
0,1.45134558068151,0.863,0.435,0,8,"NDUFB4",NA
0,1.40028926508507,0.797,0.37,0,8,"LHX9",NA
0,0.877428226279057,0.711,0.286,0,8,"OBI1-AS1",NA
0,-3.76047498840416,0.251,0.674,0,8,"RBFOX1","DD_Excit.Thal"
0,1.15230333665437,0.65,0.228,0,8,"CACNB3",NA
0,1.16476010694113,0.828,0.41,0,8,"UBL5",NA
0,1.31622668183047,0.739,0.322,0,8,"NDUFA7",NA
0,1.26925292372508,0.854,0.438,0,8,"SRP9",NA
0,1.3004584897842,0.801,0.386,0,8,"NDUFB7",NA
0,1.4021055509462,0.815,0.401,0,8,"ATP5PD",NA
0,0.928177175080148,0.677,0.266,0,8,"METRN",NA
0,1.58149935517716,0.594,0.183,0,8,"CHRNA6",NA
0,1.19553809022776,0.693,0.282,0,8,"PDE2A","DD_MHb"
0,1.40917771414926,0.866,0.456,0,8,"RPL23A",NA
0,1.29819662758399,0.862,0.453,0,8,"RAN",NA
0,4.15600714588701,0.939,0.11,0,9,"KIT","DD_Inhib.Thal"
0,3.22139842914829,0.942,0.129,0,9,"OTX2-AS1","DD_Inhib.Thal"
0,2.86914364724441,0.921,0.15,0,9,"MEIS2","DD_Inhib.Thal"
0,2.86914364724441,0.921,0.15,0,9,"MEIS2","LB_Thalamus/MDm"
0,3.75782376408951,0.903,0.134,0,9,"GAD1","DD_Inhib.Thal"
0,3.75782376408951,0.903,0.134,0,9,"GAD1","LB_inhibitory_neuron"
0,3.55360946503329,0.959,0.254,0,9,"SYNPR","DD_Inhib.Thal"
0,2.95394870617635,0.826,0.129,0,9,"GAD2","DD_Inhib.Thal"
0,2.95394870617635,0.826,0.129,0,9,"GAD2","LB_inhibitory_neuron"
0,3.13976338084495,0.812,0.126,0,9,"RORB",NA
0,2.43541875230116,0.973,0.306,0,9,"ZFPM2",NA
0,3.66692936053628,0.837,0.181,0,9,"NR2F2",NA
0,2.06947513267673,0.914,0.318,0,9,"NELL1","DD_Inhib.Thal"
0,0.866901467869653,0.875,0.285,0,9,"ADARB2",NA
0,-4.2785193955611,0.189,0.776,0,9,"TENM2",NA
0,2.64769786803602,0.939,0.353,0,9,"SPHKAP","DD_Inhib.Thal"
0,-3.5599373030064,0.101,0.686,0,9,"ENOX1",NA
0,2.10148889304771,0.938,0.353,0,9,"CHRM2",NA
0,-4.49276025578951,0.082,0.665,0,9,"PARD3",NA
0,2.54030379809231,0.805,0.231,0,9,"NR2F2-AS1",NA
0,-4.4283490442261,0.086,0.654,0,9,"RMST",NA
0,2.76342811837612,0.729,0.162,0,9,"SEMA3C",NA
0,-5.08295291367938,0.069,0.634,0,9,"DGKB",NA
0,2.69574954029046,0.844,0.279,0,9,"PCBP3",NA
0,2.85573105891879,0.789,0.237,0,9,"SLC6A1",NA
0,2.27425726747129,0.894,0.353,0,9,"UNC13C","DD_Inhib.Thal"
0,2.28759107047509,0.986,0.448,0,9,"GRIK1",NA
0,2.30163135736573,0.759,0.222,0,9,"PDZRN3",NA
0,3.22331640806914,0.7,0.167,0,9,"HPCA","DD_Inhib.Thal"
0,-3.48223597841817,0.103,0.63,0,9,"HECW2",NA
0,-3.67433750581375,0.098,0.623,0,9,"TMEM163",NA
0,-3.61049377324465,0.115,0.636,0,9,"ALCAM",NA
0,-4.39138748355917,0.073,0.593,0,9,"PRR16",NA
0,-3.07644814108962,0.173,0.685,0,9,"KCNH7",NA
0,-2.62672698259817,0.181,0.693,0,9,"TCF7L2",NA
0,-4.6365589921037,0.07,0.581,0,9,"SRGAP1",NA
0,-4.82152983382166,0.053,0.563,0,9,"EPHA5","DD_LHb"
0,2.92997503879595,0.667,0.161,0,9,"GREM2","DD_Inhib.Thal"
0,-3.22380180276067,0.116,0.619,0,9,"NELL2",NA
0,3.22396918209454,0.594,0.099,0,9,"OTX2","DD_Inhib.Thal"
0,-3.03361489674048,0.179,0.673,0,9,"NEBL",NA
0,-3.6694356904439,0.083,0.574,0,9,"NTRK3",NA
0,1.86344061470561,0.914,0.424,0,9,"ZMAT4",NA
0,1.15986207425292,0.921,0.434,0,9,"FOXP2",NA
0,-4.20770713813349,0.092,0.578,0,9,"SGCD",NA
0,-5.72656932998972,0.041,0.526,0,9,"SEMA6D",NA
0,-3.16316919620542,0.177,0.661,0,9,"ZNF804A",NA
0,-3.82857768669694,0.104,0.586,0,9,"BRINP3",NA
0,2.09610664893499,0.838,0.356,0,9,"GULP1",NA
0,-4.6666929815406,0.05,0.53,0,9,"PDE1A",NA
0,2.29537666395118,0.863,0.383,0,9,"NYAP2",NA
0,-2.85510359061889,0.088,0.568,0,9,"SLC17A6","LB_excitatory_neuron"
0,-3.49358925253551,0.173,0.652,0,9,"FSTL5",NA
0,3.69623995491973,0.837,0.188,0,10,"GNG8","DD_MHb"
0,2.54301492953624,0.779,0.19,0,10,"GPR151","LB_Hb neuron specific"
0,2.02998152339487,0.865,0.306,0,10,"AC008415.1","DD_MHb"
0,1.97436266908943,0.899,0.36,0,10,"AC109466.1","DD_MHb"
0,3.55082987255717,0.586,0.06,0,10,"C5orf17",NA
0,1.25431478904322,0.913,0.388,0,10,"CADPS2",NA
0,2.25632519520535,0.835,0.322,0,10,"AMIGO2",NA
0,1.3829540804636,0.917,0.418,0,10,"NWD2",NA
0,-2.55434635514048,0.249,0.748,0,10,"NTM",NA
0,2.48518194779311,0.734,0.255,0,10,"HSPA1B",NA
0,2.73258604356036,0.704,0.228,0,10,"CACNB3",NA
0,2.7561632207573,0.625,0.157,0,10,"AC009041.2",NA
0,-2.66587482922045,0.233,0.7,0,10,"FRMD4A",NA
0,2.69564038847945,0.666,0.2,0,10,"TP53I11",NA
0,2.65323098707627,0.711,0.25,0,10,"GSDME","DD_MHb"
0,2.52498561745941,0.738,0.282,0,10,"PDE2A","DD_MHb"
0,-2.99071254877248,0.27,0.724,0,10,"PDE4B",NA
0,2.38739079550337,0.749,0.306,0,10,"NECAB2",NA
0,3.34394648097286,0.564,0.121,0,10,"ROBO3","DD_MHb"
0,-3.4620808919032,0.233,0.673,0,10,"RBFOX1","DD_Excit.Thal"
0,2.06166754525234,0.763,0.327,0,10,"BAIAP3",NA
0,2.63225669491862,0.619,0.184,0,10,"NR4A2",NA
0,-2.06347666049099,0.319,0.751,0,10,"MIR99AHG",NA
0,2.41478481875184,0.707,0.276,0,10,"HSPA1A",NA
0,-3.23431186109769,0.244,0.674,0,10,"CADPS",NA
0,2.31750646363191,0.65,0.221,0,10,"IRX2",NA
0,1.82873962195402,0.715,0.287,0,10,"SHROOM3",NA
0,1.91503873906843,0.657,0.24,0,10,"AC132153.1",NA
0,-2.17911506079931,0.302,0.718,0,10,"UNC5C",NA
0,3.46399519563209,0.495,0.081,0,10,"NEUROD1","DD_MHb"
0,-2.27199642513353,0.308,0.717,0,10,"LRRTM4",NA
0,3.05657709611596,0.503,0.098,0,10,"PPP1R1B",NA
0,1.73292922867685,0.783,0.382,0,10,"NRP2",NA
0,2.79608240504558,0.55,0.155,0,10,"RPRM",NA
0,2.14683455949246,0.572,0.179,0,10,"POU4F1","LB_Hb neuron specific"
0,-2.98962172507602,0.395,0.786,0,10,"RORA",NA
0,2.34301622800297,0.607,0.217,0,10,"LRRC55",NA
0,1.87437286475518,0.656,0.268,0,10,"METRN",NA
0,2.56764192449896,0.584,0.197,0,10,"CHRNA3","DD_MHb"
0,2.19574906570038,0.918,0.536,0,10,"TSPAN13",NA
0,-1.76334097250139,0.373,0.754,0,10,"LRFN5",NA
0,1.90050734707393,0.802,0.422,0,10,"ZIC1",NA
0,2.25538427258384,0.648,0.269,0,10,"GPR149","DD_MHb"
0,2.33707358930656,0.845,0.467,0,10,"ITM2C",NA
0,3.10624958294621,0.479,0.104,0,10,"NT5DC2",NA
0,1.82023855783501,0.835,0.46,0,10,"VAT1L",NA
0,2.31567638127556,0.783,0.412,0,10,"PPDPF",NA
0,1.47376430807924,0.639,0.274,0,10,"MCC",NA
0,1.33789958893087,0.872,0.509,0,10,"ASIC2",NA
0,1.6224793310402,0.564,0.202,0,10,"CABLES1",NA
0,2.06584277669785,0.874,0.187,0,11,"GNG8","DD_MHb"
0,1.78286550236149,0.943,0.359,0,11,"AC109466.1","DD_MHb"
0,1.767110726625,0.884,0.305,0,11,"AC008415.1","DD_MHb"
0,1.68000246785682,0.965,0.387,0,11,"CADPS2",NA
0,-5.07559565884631,0.113,0.677,0,11,"RBFOX1","DD_Excit.Thal"
0,2.22923929069911,0.877,0.321,0,11,"AMIGO2",NA
0,1.88906670158852,0.971,0.416,0,11,"NWD2",NA
0,2.51866235118979,0.742,0.192,0,11,"GPR151","LB_Hb neuron specific"
0,2.11593548115187,0.745,0.228,0,11,"CDC14A",NA
0,-3.45345172115781,0.195,0.701,0,11,"FRMD4A",NA
0,-2.99013382846323,0.247,0.748,0,11,"NTM",NA
0,2.00138269836051,0.8,0.303,0,11,"THSD7B","DD_MHb"
0,-4.11406618140468,0.089,0.579,0,11,"PCDH7",NA
0,-5.24549898325279,0.027,0.509,0,11,"CACNA1A",NA
0,2.39035791245087,0.766,0.288,0,11,"HIST1H4C",NA
0,-4.44379147741827,0.046,0.522,0,11,"GABRB2",NA
0,-3.47117192756434,0.158,0.611,0,11,"PLCB1",NA
0,2.61753290612908,0.984,0.534,0,11,"TSPAN13",NA
0,-3.03351316717229,0.132,0.581,0,11,"CACNA1B",NA
0,-3.12101691252722,0.275,0.723,0,11,"PDE4B",NA
0,-2.39572800517728,0.305,0.751,0,11,"MIR99AHG",NA
0,1.19016964604238,0.897,0.456,0,11,"DACH1",NA
0,1.6512691337035,0.905,0.465,0,11,"ITM2C",NA
0,-3.43356104092932,0.238,0.674,0,11,"CADPS",NA
0,1.46326389251212,0.676,0.249,0,11,"EGFR",NA
0,1.46246812531792,0.978,0.581,0,11,"VAV3",NA
0,1.3337024272959,0.665,0.285,0,11,"CSGALNACT1",NA
0,1.31636686922068,0.797,0.421,0,11,"PLD5",NA
0,1.96585043295739,0.563,0.187,0,11,"CHRNB3","DD_MHb"
0,1.61203106472628,0.811,0.439,0,11,"NDUFB4",NA
0,2.03395824081328,0.586,0.219,0,11,"LRRC55",NA
0,1.32079327429494,0.937,0.571,0,11,"SNCA",NA
0,1.740896522233,0.787,0.421,0,11,"NRN1",NA
0,1.52757550198675,0.806,0.441,0,11,"TTC39C",NA
0,-2.35021500091816,0.464,0.829,0,11,"PTPRD",NA
0,1.61844661119408,0.765,0.403,0,11,"TOMM7",NA
0,1.33992098780335,0.757,0.404,0,11,"CD63",NA
0,1.32976904953236,0.775,0.423,0,11,"ZIC1",NA
0,2.38572256524607,0.486,0.136,0,11,"AC004594.1","DD_MHb"
0,-3.07432603975262,0.446,0.784,0,11,"RORA",NA
0,1.22455999715188,0.856,0.519,0,11,"RPS27A",NA
0,2.02126442569406,0.541,0.205,0,11,"MCUB",NA
0,1.19138928638327,0.832,0.496,0,11,"RPS23",NA
0,1.04832227334193,0.846,0.51,0,11,"ASIC2",NA
0,1.2313844483126,0.954,0.618,0,11,"PCSK2",NA
0,1.7705826313546,0.76,0.428,0,11,"OPRM1",NA
0,1.51002056876629,0.773,0.442,0,11,"RPL27",NA
0,1.35747093527013,0.832,0.502,0,11,"RPL21",NA
0,1.14814299351242,0.897,0.574,0,11,"NDUFA4",NA
0,1.65604894395746,0.72,0.401,0,11,"C3orf70",NA
0,4.4703880681494,0.918,0.079,0,12,"ITGA8",NA
0,5.78606690305797,0.841,0.026,0,12,"LINC01239",NA
0,4.53689738649233,0.882,0.09,0,12,"CTXN3",NA
0,3.22510599545319,0.887,0.113,0,12,"SULF1","DD_Excit.Thal"
0,4.12728033718209,0.832,0.062,0,12,"TPBG",NA
0,4.29768959942856,0.948,0.19,0,12,"CBLN4",NA
0,3.38584673611417,0.912,0.158,0,12,"GOLIM4",NA
0,3.02491189143894,0.946,0.202,0,12,"TMEM132C","DD_OPC"
0,3.61444059476836,0.863,0.12,0,12,"PRSS23",NA
0,2.79361470729956,0.91,0.17,0,12,"ADCY2",NA
0,4.80049813181399,0.77,0.044,0,12,"BTNL9",NA
0,3.83538486665777,0.869,0.143,0,12,"AL355612.1",NA
0,2.877381331109,0.819,0.118,0,12,"LMO1",NA
0,3.37341605115405,0.879,0.192,0,12,"NEFH",NA
0,2.58757326392753,0.882,0.196,0,12,"ZNF423",NA
0,2.99171780945348,0.868,0.189,0,12,"MAL2",NA
0,2.90461224480549,0.834,0.155,0,12,"CBLN1",NA
0,4.58408870788366,0.718,0.04,0,12,"GPR83",NA
0,3.73148314260742,0.744,0.068,0,12,"HMCN1",NA
0,1.99866779287981,0.984,0.308,0,12,"NXPH1",NA
0,3.41493298726458,0.769,0.106,0,12,"RSPO3",NA
0,2.20071871529075,0.872,0.211,0,12,"LGALS1",NA
0,2.35567006816377,0.91,0.252,0,12,"CDH9","DD_Excit.Thal"
0,3.78209865583379,0.709,0.052,0,12,"ITIH5","DD_Endo"
0,2.20697513006891,0.958,0.303,0,12,"EPHA4",NA
0,1.92741638017478,0.854,0.201,0,12,"SPON1",NA
0,2.47388504353755,0.945,0.297,0,12,"OLFM2",NA
0,1.54380457011862,0.828,0.183,0,12,"ENPP2","DD_Oligo"
0,4.77009819220971,0.686,0.042,0,12,"LINC01151",NA
0,2.93771136807608,0.939,0.296,0,12,"EMB",NA
0,3.09355208001378,0.717,0.076,0,12,"S100A10",NA
0,1.99372472731998,0.806,0.165,0,12,"RGS16",NA
0,2.27769368958638,0.869,0.23,0,12,"HLF",NA
0,3.44769682672477,0.753,0.114,0,12,"PVALB",NA
0,2.30697313226916,0.721,0.086,0,12,"SLC7A11",NA
0,2.36645702948076,0.954,0.319,0,12,"ETV1",NA
0,1.65110231988853,0.888,0.256,0,12,"PDZD2",NA
0,3.1285552620041,0.975,0.345,0,12,"TLL1","DD_LHb"
0,2.83646725840945,0.753,0.123,0,12,"AR",NA
0,2.00615454152975,0.813,0.183,0,12,"LYPD6","DD_Inhib.Thal"
0,2.29919192711799,0.954,0.326,0,12,"LRRN1",NA
0,1.7149572484357,0.829,0.204,0,12,"CBLN2","DD_LHb"
0,6.30366775292075,0.634,0.01,0,12,"DMRTA1",NA
0,2.7735983279489,0.927,0.304,0,12,"RIMS3",NA
0,2.5312573992044,0.723,0.102,0,12,"AC007368.1","DD_Excit.Thal"
0,2.07474379665785,0.837,0.218,0,12,"KCNK2","DD_Excit.Thal"
0,1.614384452494,0.943,0.326,0,12,"AL033504.1",NA
0,3.19128481675084,0.694,0.084,0,12,"AL391117.1",NA
0,2.16300402984412,0.897,0.289,0,12,"CPLX2",NA
0,2.3106952067214,0.768,0.16,0,12,"DCHS2","DD_LHb"
0,4.45223858929877,0.858,0.054,0,13,"C5orf17",NA
0,1.97139998043049,0.804,0.328,0,13,"BAIAP3",NA
0,1.13538343384852,0.918,0.493,0,13,"TTTY14",NA
0,1.30842915783872,0.871,0.484,0,13,"GRIN1",NA
0,1.41508163725711,0.791,0.41,0,13,"PODXL2",NA
0,1.58961318155943,0.799,0.42,0,13,"CLIP3",NA
0,1.54478239650541,0.612,0.238,0,13,"ATN1",NA
0,2.16019202961174,0.519,0.152,0,13,"RTP5",NA
0,1.84430173276248,0.54,0.186,0,13,"PHYHIP",NA
0,1.75844506399244,0.493,0.15,0,13,"WASHC1",NA
0,2.0323639263974,0.448,0.126,0,13,"CACNA1I","DD_LHb"
0,1.40988068340736,0.869,0.549,0,13,"DKK3",NA
0,2.1843446121009,0.348,0.063,0,13,"NLRP1",NA
0,2.14929505258758,0.345,0.081,0,13,"GPX3",NA
0,1.38913335039855,0.91,0.648,0,13,"SLC22A17",NA
0,2.15476197678784,0.318,0.069,0,13,"PNMA6F",NA
0,1.02985435143076,0.929,0.717,0,13,"LINC00486",NA
0,1.1381963651845,0.955,0.759,0,13,"PEG3",NA
0,3.95874952699934,0.205,0.01,0,13,"AC114930.1",NA
0,1.10597128247996,1,0.955,0,13,"MT-CO2",NA
7.01467491018874e-298,1.31655115807106,0.998,0.891,2.56744116387818e-293,13,"MT-ATP6",NA
1.16870329981165e-291,1.32483674942945,0.992,0.856,4.27757094764063e-287,13,"MT-ND3",NA
5.78990401340621e-289,1.40097730437553,0.639,0.257,2.11916276794681e-284,13,"SEMA5A",NA
5.51362260720262e-284,1.53987791408233,0.626,0.263,2.01804101046223e-279,13,"CDIP1",NA
1.56772779570966e-280,2.03169193626611,0.327,0.08,5.73804050507694e-276,13,"TLE2",NA
2.2101042323005e-280,1.18672091542055,0.883,0.62,8.08920250064307e-276,13,"ATP1A3",NA
4.49513575399739e-275,1.42316588107695,0.721,0.368,1.64526463732059e-270,13,"SYN1",NA
5.68468638824048e-274,1.52547861658502,0.638,0.277,2.0806520649599e-269,13,"ACHE",NA
1.70662056241503e-270,1.25340186290376,0.798,0.452,6.24640192049526e-266,13,"RHBDD2",NA
1.46003722754589e-269,1.14255864109314,0.861,0.586,5.34388225654072e-265,13,"GDI1",NA
7.41591823003273e-268,1.09794658928306,0.992,0.882,2.71430023137428e-263,13,"MT-CYB",NA
9.89527634357546e-267,0.980337990098546,0.995,0.909,3.62177009451205e-262,13,"MT-ND4",NA
8.32406447174441e-265,1.01772939055684,0.959,0.809,3.04669083730317e-260,13,"GNAS",NA
2.22951717014188e-264,1.31490950167208,0.758,0.407,8.16025579443629e-260,13,"TSPYL2",NA
9.5412771229514e-259,1.39033309870268,0.679,0.308,3.49220283977144e-254,13,"GABRG3","DD_Excit.Thal"
6.66978942669939e-257,1.28570544770859,0.611,0.252,2.44120962806625e-252,13,"PNMA3",NA
5.15583769405193e-252,1.37699777894831,0.756,0.443,1.88708815439995e-247,13,"TMEM130",NA
1.62609025543741e-251,1.38068300587675,0.513,0.186,5.95165294392647e-247,13,"HS3ST4",NA
2.30175372280473e-250,1.17278410219458,0.976,0.817,8.4246488008376e-246,13,"MT-ND1",NA
5.19730083390911e-248,0.938025686543186,0.999,0.958,1.90226407821907e-243,13,"MT-CO3",NA
1.26358487044129e-246,1.5295337321078,0.555,0.22,4.62484698430217e-242,13,"POU2F2","LB_Hb neuron specific"
1.27941082438589e-244,1.22951005925071,0.788,0.475,4.68277155833478e-240,13,"PRKAR1B",NA
1.26953847750566e-243,1.0773189332163,0.851,0.533,4.64663778151848e-239,13,"JUND",NA
9.02226284873776e-241,0.951533101078229,0.61,0.261,3.30223842526651e-236,13,"HSPA1B",NA
2.22547758743584e-240,1.0875196165801,0.891,0.584,8.14547051777391e-236,13,"ANKRD30BL",NA
6.49121361827918e-238,1.2277513469973,0.768,0.439,2.37584909642636e-233,13,"TSPYL4",NA
4.98824428437877e-236,1.05052533398117,0.904,0.555,1.82574729052547e-231,13,"CACNA1B",NA
3.2864022195062e-235,1.2819061962097,0.692,0.353,1.20285607636146e-230,13,"CADM3",NA
4.65792166690398e-232,1.37690466085385,0.616,0.285,1.70484590930353e-227,13,"MBOAT7",NA
5.51823686953838e-232,1.49669964250413,0.613,0.292,2.01972987661974e-227,13,"PNMA8B",NA
0,1.3599122718853,0.831,0.181,0,14,"XIST",NA
0,1.62474561863752,0.668,0.134,0,14,"ZNF727",NA
0,2.41877539653484,0.621,0.087,0,14,"BX890604.2",NA
0,1.28545388464278,0.778,0.245,0,14,"TMEM196","DD_LHb"
0,-9.45221735889055,0.002,0.526,0,14,"USP9Y",NA
0,1.16456351389829,0.794,0.274,0,14,"SMIM17",NA
0,-8.32606015729891,0.005,0.522,0,14,"TTTY14",NA
0,1.20197251186134,0.856,0.34,0,14,"RFK",NA
0,1.19749262996763,0.876,0.363,0,14,"SCN7A","DD_Excit.Thal"
0,1.23282306461857,0.93,0.421,0,14,"AUXG01000058.1",NA
0,0.980220490475631,0.797,0.289,0,14,"HIST1H4C",NA
0,1.23960261339727,0.744,0.237,0,14,"MEST",NA
0,0.897776919389878,0.838,0.335,0,14,"ALDOC",NA
0,-9.73684973121793,0.002,0.504,0,14,"UTY",NA
0,1.21158978488025,0.908,0.414,0,14,"GABRA1",NA
0,1.18201246545566,0.821,0.328,0,14,"FABP5",NA
0,1.04204397296684,0.888,0.396,0,14,"SLC7A14","DD_LHb"
0,1.30230431647501,0.713,0.223,0,14,"PCDH19",NA
0,1.01236175406525,0.828,0.338,0,14,"DLGAP2",NA
0,1.34242785360582,0.68,0.2,0,14,"AC107398.3","DD_Excit.Thal"
0,1.25367082289451,0.783,0.305,0,14,"GABRG3","DD_Excit.Thal"
0,0.95053059548791,0.754,0.277,0,14,"PIP5K1B",NA
0,1.15272159703001,0.817,0.344,0,14,"BEX5",NA
0,1.20545859358303,0.755,0.288,0,14,"NME1",NA
0,1.20486955004039,0.681,0.222,0,14,"PLCXD3",NA
0,1.16125397497725,0.634,0.183,0,14,"HS3ST4",NA
0,1.09667431617176,0.652,0.204,0,14,"GSTM3",NA
0,1.12167769298719,0.637,0.19,0,14,"KCNH1",NA
0,1.26927581284961,0.962,0.516,0,14,"DAB1",NA
0,1.1929265336985,0.609,0.173,0,14,"VAMP1",NA
0,1.29777773870391,0.623,0.191,0,14,"CNR1",NA
0,1.07553699499452,0.961,0.535,0,14,"NAP1L3",NA
0,1.28854300475145,0.638,0.214,0,14,"DIRC3",NA
0,1.04085091924939,0.974,0.56,0,14,"GABRG2",NA
0,0.96418844166656,0.594,0.187,0,14,"NRG4",NA
0,1.3766210668721,0.488,0.1,0,14,"ZNF98",NA
0,1.29374217982566,0.996,0.609,0,14,"STMN2",NA
0,1.0513455553558,0.505,0.119,0,14,"FAM118A",NA
0,1.70250473229057,0.468,0.088,0,14,"RND3",NA
0,1.52889478839707,0.529,0.153,0,14,"GLRA2","DD_Excit.Thal"
0,1.36385010278665,0.516,0.141,0,14,"RBP4",NA
0,0.939642284403781,0.509,0.14,0,14,"CD83",NA
0,1.0946720243074,0.508,0.144,0,14,"GABRG1",NA
0,1.53779268927407,0.454,0.096,0,14,"ADRA1A","DD_OPC"
0,1.3189745276486,0.974,0.622,0,14,"RMST",NA
0,0.927459260010763,0.471,0.122,0,14,"HAP1",NA
0,1.34702855931603,0.441,0.095,0,14,"ZNF676",NA
0,1.27405947227092,0.426,0.097,0,14,"RNF128",NA
0,1.40307041568574,0.407,0.084,0,14,"PNPLA4",NA
0,2.29540051655143,0.366,0.048,0,14,"AC133485.7",NA
0,5.89698100162932,0.057,0.001,0,15,"FOXG1",NA
2.48552464177963e-259,0.998462202236686,0.99,0.955,9.09726874137762e-255,15,"MT-CO2",NA
2.33694622739502e-248,5.97244560793604,0.05,0.002,8.55345688688852e-244,15,"DLX6-AS1",NA
3.47068993408655e-199,0.945839955569151,0.987,0.959,1.27030722277502e-194,15,"MT-CO3",NA
1.82277421590669e-198,5.67679766641987,0.043,0.002,6.67153590764006e-194,15,"LINC01551",NA
1.15238576374912e-193,1.0770179418976,0.986,0.843,4.21784713389815e-189,15,"MEG3",NA
9.69950955144654e-178,-1.39067369387388,0.654,0.815,3.55011749092495e-173,15,"PLCG2",NA
1.32910903483659e-145,0.752809097989866,0.969,0.925,4.86467197840542e-141,15,"MT-CO1",NA
4.66250684763104e-143,-1.22429630663343,0.791,0.891,1.70652413130144e-138,15,"IL1RAPL1",NA
7.29907534979091e-140,0.807517577253688,0.939,0.884,2.67153456877697e-135,15,"MT-CYB",NA
4.68970925977753e-136,-2.17073574839157,0.347,0.602,1.71648048617118e-131,15,"VAV3",NA
7.14120534183974e-136,6.2149897664856,0.053,0.005,2.61375256716676e-131,15,"SLC22A10",NA
8.11156704400687e-136,1.72081565310168,0.528,0.295,2.96891465377696e-131,15,"ENC1",NA
3.00552878608092e-134,-1.75746269338507,0.5,0.704,1.10005359099348e-129,15,"KCTD8",NA
3.31119400167295e-131,1.12334445497392,0.756,0.523,1.21193011655232e-126,15,"DAB1",NA
1.50242597876069e-126,-0.752705508087635,0.834,0.908,5.49902932486199e-122,15,"DNM3",NA
6.85952098740949e-126,5.0108553540893,0.032,0.002,2.51065327660175e-121,15,"AL133166.1",NA
9.63105713114685e-125,-2.51265229390965,0.197,0.479,3.52506322057106e-120,15,"GUCY1A1",NA
3.1265041768727e-124,3.03731869164118,0.157,0.039,1.14433179377718e-119,15,"CRYM",NA
4.5418230751674e-124,-1.92047338590599,0.25,0.537,1.66235266374202e-119,15,"SYT9",NA
4.06193440427032e-119,1.02652935084118,0.79,0.615,1.48670861130698e-114,15,"STMN2",NA
9.22061863288717e-116,-1.70334055717953,0.173,0.46,3.37483862582303e-111,15,"FOXP2",NA
1.72657766406816e-113,0.878141265279859,0.935,0.893,6.31944690825588e-109,15,"MT-ATP6",NA
1.81391244712691e-113,-1.34710962190806,0.544,0.703,6.63910094772919e-109,15,"OLFM3",NA
9.44904683214496e-113,5.55180825917796,0.023,0.001,3.45844563103338e-108,15,"DLX1",NA
2.47358898292834e-112,-1.64035452555794,0.349,0.612,9.05358303641601e-108,15,"ST6GALNAC3",NA
5.73923139350916e-108,0.823843514713731,0.764,0.499,2.10061608233829e-103,15,"TTTY14",NA
4.70059398775864e-107,0.87547583994047,0.775,0.603,1.72046440545954e-102,15,"BASP1",NA
6.75906919142817e-106,-1.34436684098733,0.388,0.641,2.47388691475463e-101,15,"SPOCK1",NA
2.16339234431369e-103,-0.977252606692003,0.703,0.782,7.91823231942254e-99,15,"CDK14",NA
3.14662471150647e-103,0.655027367743079,0.945,0.911,1.15169611065848e-98,15,"MT-ND4",NA
1.33738602433322e-102,0.929740134618683,0.801,0.686,4.894966587662e-98,15,"TUBA1B",NA
1.28195682584092e-100,-1.20030737268447,0.566,0.722,4.69209017826036e-96,15,"FAT3",NA
1.89240687623767e-99,-0.642554929817866,0.831,0.89,6.9263984077175e-95,15,"AKAP6",NA
1.99850540546555e-98,1.53651841381343,0.259,0.1,7.31472963454447e-94,15,"CRABP1",NA
7.64303006189014e-98,0.558018345367488,0.89,0.793,2.79742543295241e-93,15,"SNAP25","LB_neuron"
1.48377813978667e-95,5.7661495167397,0.017,0,5.4307763694332e-91,15,"FEZF2",NA
1.06451480457113e-91,1.39105298623508,0.409,0.219,3.89623063621079e-87,15,"CBLN2","DD_LHb"
1.14960390864296e-91,-3.6671269775363,0.158,0.385,4.20766526602409e-87,15,"AC109466.1","DD_MHb"
4.9997604118627e-91,-7.21368135473564,0.001,0.206,1.82996230834587e-86,15,"XIST",NA
1.76141128360619e-90,0.922178111595751,0.667,0.431,6.446941439127e-86,15,"NLGN4Y",NA
3.38286615081178e-90,-4.42251920475843,0.037,0.252,1.23816283985862e-85,15,"CDC14A",NA
9.46157380307143e-90,2.15318462510008,0.165,0.052,3.46303062766218e-85,15,"PCDH8",NA
4.23758868610547e-88,3.7590331612393,0.055,0.008,1.55099983500146e-83,15,"KCNJ4",NA
5.23942495317592e-87,-3.07017875352837,0.33,0.56,1.91768192711192e-82,15,"QKI",NA
8.5762090183207e-87,1.52695339270501,0.35,0.181,3.13897826279556e-82,15,"VAMP1",NA
1.81936037405764e-86,-1.94372730600442,0.18,0.426,6.65904090508837e-82,15,"PTPRZ1","DD_OPC"
4.08161793333333e-86,-1.1399720999333,0.472,0.651,1.49391297977933e-81,15,"CPNE4",NA
1.02083251830439e-85,-1.71484742735146,0.72,0.801,3.73634910024591e-81,15,"KCNMA1",NA
1.00671765618886e-84,-5.57857070579521,0.017,0.217,3.68468729341684e-80,15,"GNG8","DD_MHb"
0,4.55677334809257,0.854,0.232,0,16,"IFI6",NA
0,3.62839789107044,0.621,0.178,0,16,"ISG15",NA
0,7.31950917385346,0.481,0.062,0,16,"TTR","LB_Endo/CP"
0,2.81456364713866,0.509,0.163,0,16,"IFIT1",NA
0,3.00058801264997,0.314,0.064,0,16,"IRF9",NA
0,4.54264740146876,0.205,0.026,0,16,"IFITM3","DD_Endo"
1.3617919516957e-278,3.30859439781025,0.123,0.012,4.98429472240144e-274,16,"IFI44L",NA
1.18752754690956e-274,2.36822823152573,0.672,0.312,4.34646957444368e-270,16,"B2M",NA
2.03212875827472e-269,4.52289203741741,0.213,0.036,7.43779446816132e-265,16,"IFI27",NA
3.010700475196e-251,1.21385669006705,0.869,0.846,1.10194648092649e-246,16,"MEG3",NA
1.88683287202489e-250,-1.77739712187665,0.406,0.789,6.9059969948983e-246,16,"GALNT13",NA
1.13067278582828e-229,4.90683875735569,0.049,0.002,4.13837546341009e-225,16,"NEK2",NA
2.22959099386275e-229,2.33690144098631,0.544,0.256,8.16052599663704e-225,16,"STAT1",NA
1.18692988319691e-221,2.91795311039858,0.231,0.049,4.34428206548901e-217,16,"IFIT3",NA
5.86549946034548e-208,2.65737923574779,0.379,0.127,2.14683145748105e-203,16,"PVALB",NA
1.24358385662798e-207,-2.29258855681489,0.395,0.722,4.55164127364407e-203,16,"CACNA1E",NA
3.30843079238321e-205,-3.38541430953842,0.386,0.715,1.21091875432018e-200,16,"TRPM3",NA
8.062996327111e-196,-1.00402737718504,0.756,0.91,2.9511372856859e-191,16,"DNM3",NA
2.53656879088265e-194,-2.33756389394928,0.217,0.601,9.28409543150958e-190,16,"PRKCA",NA
5.49791933412605e-189,2.01105455765591,0.688,0.442,2.01229345548348e-184,16,"TMSB10",NA
6.70349474897375e-187,4.81353957227463,0.08,0.007,2.45354611307188e-182,16,"FOLR1","LB_Endo/CP"
5.36712634881159e-186,-3.78844531912327,0.042,0.428,1.96442191492853e-181,16,"AC119673.2",NA
2.93559448182002e-180,2.60178278002175,0.276,0.078,1.07445693629095e-175,16,"HLA-B",NA
4.00382049245435e-174,-1.49076821494852,0.462,0.739,1.46543833844322e-169,16,"CEP112",NA
9.80109987850186e-167,-4.46567465905272,0.095,0.445,3.58730056653046e-162,16,"NWD2",NA
3.72275944477857e-165,4.06067797933691,0.1,0.013,1.3625671843834e-160,16,"SOD3",NA
6.30920703202921e-164,-0.878549643682527,0.819,0.924,2.30923286579301e-159,16,"ANK3",NA
5.41805382316678e-163,-2.20040520524046,0.18,0.545,1.98306187981727e-158,16,"BACH2",NA
1.73139091056831e-162,1.90866155400799,0.74,0.51,6.33706387177107e-158,16,"CLU",NA
5.84316132327561e-162,-1.96167662720984,0.476,0.725,2.13865547593211e-157,16,"CDH8",NA
3.46178546105417e-161,-2.09748927036444,0.306,0.652,1.26704809660044e-156,16,"PLCL1",NA
3.98450368807759e-160,2.37547912444908,0.308,0.104,1.45836819487328e-155,16,"ZDHHC11",NA
5.28195716315634e-160,-1.39779071583134,0.778,0.862,1.93324914128685e-155,16,"CCSER1",NA
8.814091405341e-156,-1.9899511188145,0.233,0.581,3.22604559526886e-151,16,"ZNF608",NA
1.10177427237492e-155,-2.18803019128951,0.262,0.594,4.03260401431945e-151,16,"RGS6",NA
3.67556005764265e-155,-3.0767231276338,0.075,0.423,1.34529173669778e-150,16,"KCNH8",NA
6.15104154705417e-153,-1.7159937738046,0.36,0.692,2.2513427166373e-148,16,"TMTC2",NA
1.6639097308714e-146,2.09282213040089,0.39,0.164,6.09007600596242e-142,16,"PTPN3",NA
2.15818356986752e-144,2.95657322258195,0.188,0.047,7.89916768407211e-140,16,"TARID",NA
1.04645468373343e-138,-1.26508394337415,0.403,0.701,3.83012878793271e-134,16,"PGAP1",NA
8.23955673782102e-138,0.702448635350805,0.987,0.956,3.01576016160987e-133,16,"MT-CO2",NA
5.63909111098987e-136,-2.53107016949029,0.347,0.601,2.0639637375334e-131,16,"VAV3",NA
7.5722403442243e-136,-1.03555430129727,0.853,0.917,2.77151568838954e-131,16,"NLGN1",NA
5.36350306838165e-135,-2.01400781090654,0.418,0.678,1.96309575805837e-130,16,"MSI2",NA
4.32935441816141e-134,-3.79476094745629,0.113,0.415,1.58458701059126e-129,16,"CADPS2",NA
2.67205822080744e-133,3.16906318912063,0.193,0.052,9.7800002939773e-129,16,"GABRD",NA
3.54480400598955e-133,-0.840241023194137,0.769,0.887,1.29743371423224e-128,16,"PPFIA2",NA
3.64375834467839e-132,1.57616076234037,0.555,0.338,1.33365199173574e-127,16,"LPCAT4",NA
8.43315553469506e-132,-2.14601092400527,0.254,0.574,3.08661925725374e-127,16,"LCORL",NA
3.62635376155027e-131,3.55895966166154,0.094,0.014,1.32728174026501e-126,16,"FOXJ1",NA
0,2.51222889147475,0.755,0.202,0,17,"ARL17B",NA
0,-4.34022889460296,0.237,0.768,0,17,"FTH1",NA
0,1.60995889008861,0.705,0.187,0,17,"XIST",NA
0,-4.20622821647916,0.203,0.685,0,17,"BEX3",NA
0,-4.02499266461601,0.193,0.654,0,17,"DYNLL1",NA
0,-3.74896387741682,0.256,0.695,0,17,"FTL",NA
0,-3.78920936576805,0.235,0.67,0,17,"PPIA",NA
0,2.05187966097173,0.752,0.318,0,17,"NXPH1",NA
0,-3.06061294162914,0.372,0.779,0,17,"EEF1A1",NA
0,1.69078486682743,0.859,0.47,0,17,"MTRNR2L12",NA
0,-3.19041520298436,0.334,0.717,0,17,"EIF4A2",NA
0,1.79253741051199,0.776,0.406,0,17,"PRKAG2",NA
0,3.75601750167386,0.396,0.029,0,17,"AL355075.4",NA
0,3.21009017538552,0.401,0.037,0,17,"MTRNR2L1",NA
0,1.68772438487418,0.849,0.487,0,17,"HECW1","DD_Excit.Thal"
0,-3.30606694933704,0.39,0.737,0,17,"VAMP2",NA
0,2.22345420107718,0.473,0.129,0,17,"SULF1","DD_Excit.Thal"
0,1.80037133740443,0.451,0.11,0,17,"AL627171.2",NA
0,3.38694197945412,0.417,0.077,0,17,"AC019211.1",NA
0,-3.13503184574485,0.45,0.762,0,17,"PEBP1",NA
0,3.48544191368366,0.37,0.061,0,17,"AC067956.1",NA
0,-2.91494887596,0.638,0.846,0,17,"CALM2",NA
0,1.01340281001526,0.978,0.803,0,17,"FGF12",NA
0,-2.37173735710733,0.681,0.835,0,17,"ATP1B1",NA
0,2.09942660702565,0.997,0.857,0,17,"MT-ND3",NA
0,-2.48861230499084,0.707,0.823,0,17,"CALM1",NA
0,1.05195627789689,0.98,0.869,0,17,"CTNND2",NA
0,1.35815971442423,0.989,0.881,0,17,"CTNNA2",NA
0,1.05446214388527,0.995,0.891,0,17,"FAM155A",NA
0,0.957806518352942,0.997,0.905,0,17,"NRG3",NA
0,-1.57135746638422,0.816,0.904,0,17,"RTN4",NA
0,0.866411001067918,0.994,0.932,0,17,"NRXN1",NA
0,0.866690785047391,0.984,0.932,0,17,"ANK2",NA
1.32289667824584e-305,-3.69390562601296,0.319,0.699,4.84193413204759e-301,17,"TUBA1A",NA
3.39136520446269e-304,-3.73752069070084,0.343,0.699,1.24127357848539e-299,17,"TUBA1B",NA
6.05232987011532e-304,-2.80435159964396,0.454,0.764,2.21521325576091e-299,17,"ACTB",NA
3.40048004889903e-303,1.70644800453809,0.864,0.497,1.24460970269754e-298,17,"KCNB2",NA
1.08652945288779e-302,1.0665081868343,0.96,0.764,3.9768064505146e-298,17,"ATP8A2",NA
6.57328505209711e-302,-4.19612138981253,0.23,0.667,2.40588806191806e-297,17,"PCSK1N",NA
3.20413869808685e-301,2.64398156510341,0.346,0.079,1.17274680488677e-296,17,"GRID2IP",NA
9.80352458854683e-301,-3.48496283579943,0.198,0.656,3.58818803465403e-296,17,"RPLP1",NA
8.46847849949947e-297,3.08924158153354,0.218,0.033,3.0995478156018e-292,17,"AC093843.1",NA
1.39939790410391e-296,-3.44448363122336,0.228,0.664,5.12193626881072e-292,17,"EIF1",NA
2.59379030299884e-294,-4.52377728924554,0.166,0.619,9.49353188800605e-290,17,"BEX1",NA
2.75220114061608e-292,2.42622486045799,0.529,0.188,1.00733313947689e-287,17,"ADAMTSL1",NA
1.07330375883748e-291,-3.354463736446,0.222,0.66,3.92839908772105e-287,17,"RPS28",NA
1.24420523564007e-290,1.49796126174499,0.858,0.506,4.55391558296624e-286,17,"KIF9-AS1",NA
1.65581584316391e-289,1.6859682630695,0.882,0.532,6.06045156756423e-285,17,"LHFPL3","DD_OPC"
4.91921701208193e-289,-2.4492432396239,0.481,0.755,1.80048261859211e-284,17,"MORF4L1",NA
5.67835180315539e-289,-2.32096223342501,0.616,0.792,2.0783335434729e-284,17,"HSP90AB1",NA
0,3.35982489137178,0.948,0.15,0,18,"PTPN3",NA
0,3.98729517228726,0.896,0.167,0,18,"RGS16",NA
0,2.55101633508021,0.902,0.176,0,18,"PTK2B",NA
0,1.79278449323669,0.892,0.179,0,18,"CLMN",NA
0,2.96708113449226,0.889,0.18,0,18,"ADAMTSL1",NA
0,2.1677505908848,0.945,0.264,0,18,"PPFIBP1",NA
0,2.81168087124894,0.869,0.203,0,18,"LINC01902",NA
0,2.48324231449145,0.859,0.197,0,18,"CDH6","DD_Endo"
0,2.34301198283977,0.924,0.271,0,18,"STXBP6",NA
0,4.23084454413328,0.684,0.043,0,18,"CA12",NA
0,2.14989188532318,0.753,0.123,0,18,"CCBE1",NA
0,2.35386272913182,0.784,0.156,0,18,"CPNE7",NA
0,1.47118186920464,0.942,0.314,0,18,"NXPH1",NA
0,2.1125636790238,0.786,0.163,0,18,"RHOBTB1",NA
0,1.80547962780355,0.858,0.235,0,18,"TOX3",NA
0,2.07445462993798,0.929,0.309,0,18,"NECAB1","LB_Thalamus broad"
0,1.76324140767522,0.844,0.224,0,18,"PROX1",NA
0,2.88685341860502,0.724,0.109,0,18,"CALB1",NA
0,1.69457837027118,0.911,0.3,0,18,"RPH3A","DD_Excit.Thal"
0,1.7176263522459,0.847,0.237,0,18,"CACNA1G",NA
0,1.50643899066242,0.94,0.331,0,18,"AL033504.1",NA
0,1.86074365753205,0.951,0.348,0,18,"GALNT17","DD_Excit.Thal"
0,1.83005704140897,0.826,0.225,0,18,"CAMK2A","DD_Excit.Thal"
0,2.36221077715209,0.776,0.175,0,18,"CNKSR3",NA
0,1.83796312189968,0.864,0.267,0,18,"ILDR2",NA
0,1.36891307314982,0.83,0.233,0,18,"KITLG",NA
0,1.7231095454822,0.883,0.289,0,18,"MARCH3",NA
0,1.32537206288628,0.942,0.349,0,18,"SAMD5",NA
0,1.28305786317012,0.944,0.355,0,18,"TOX",NA
0,1.60449770441566,0.785,0.196,0,18,"THSD4",NA
0,-5.66328953584864,0.135,0.721,0,18,"TRPM3",NA
0,2.08903180197444,0.755,0.17,0,18,"ITGA9",NA
0,2.27510093943067,0.779,0.195,0,18,"RGS8",NA
0,3.0346783027416,0.652,0.072,0,18,"AC019211.1",NA
0,1.93156525795057,0.733,0.159,0,18,"NPL",NA
0,1.85807503864609,0.807,0.234,0,18,"NR2F1",NA
0,1.64427149299937,0.852,0.279,0,18,"NMT2",NA
0,2.04758814109618,0.733,0.161,0,18,"SHOX2",NA
0,1.04960712812597,0.921,0.353,0,18,"SASH1",NA
0,1.44261147271273,0.894,0.326,0,18,"ETV1",NA
0,1.56992209320426,0.954,0.386,0,18,"PDE10A","DD_Excit.Thal"
0,1.80544645267015,0.738,0.179,0,18,"NSMF",NA
0,1.64140854539658,0.767,0.212,0,18,"HRH3",NA
0,2.13721825944948,0.704,0.151,0,18,"NT5DC3",NA
0,0.734521507636023,0.881,0.329,0,18,"CPNE9","DD_MHb"
0,1.44272822458203,0.742,0.194,0,18,"PLEKHG1",NA
0,-5.43675869565723,0.106,0.654,0,18,"SGCZ",NA
0,0.887324548811004,0.892,0.346,0,18,"WLS",NA
0,0.979697111451299,0.977,0.436,0,18,"RNF220",NA
0,1.59581801392727,0.645,0.105,0,18,"FBXO32",NA
0,-4.15823395480821,0.101,0.864,0,19,"MEG3",NA
0,-4.46620685670653,0.117,0.877,0,19,"CCSER1",NA
0,-4.16583860008617,0.128,0.88,0,19,"RIMS2",NA
0,-3.65994800897436,0.074,0.814,0,19,"PTPRN2",NA
0,-3.91831433335719,0.063,0.8,0,19,"SCN2A",NA
0,-4.03405907825494,0.046,0.768,0,19,"CELF4",NA
0,-3.7019362421618,0.054,0.771,0,19,"PAK3",NA
0,-4.12962189421095,0.035,0.751,0,19,"SCN3A",NA
0,-3.3526346817308,0.113,0.824,0,19,"FGF12",NA
0,-3.79468331585958,0.102,0.812,0,19,"SNAP25","LB_neuron"
0,-4.68199964087836,0.066,0.776,0,19,"UCHL1",NA
0,-3.82448013655121,0.105,0.814,0,19,"MEG8",NA
0,-3.81937937521223,0.083,0.785,0,19,"ATP8A2",NA
0,-3.40927900361941,0.19,0.89,0,19,"FGF14",NA
0,-3.85812524336743,0.054,0.75,0,19,"MYT1L",NA
0,-3.52035875199408,0.121,0.816,0,19,"OPCML",NA
0,-3.43382735033201,0.054,0.749,0,19,"PWRN1",NA
0,-2.85588766906686,0.163,0.858,0,19,"DSCAM",NA
0,-3.97375335547687,0.187,0.881,0,19,"SYT1","LB_neuron"
0,-3.01259766719778,0.175,0.868,0,19,"SNRPN",NA
0,-4.44677360000634,0.035,0.726,0,19,"NSG2",NA
0,-3.39069222006773,0.051,0.74,0,19,"SLC4A10",NA
0,-3.11251542798222,0.135,0.809,0,19,"ATRNL1",NA
0,-3.06274095437025,0.081,0.752,0,19,"GABRB3",NA
0,-4.51205862958758,0.043,0.714,0,19,"OLFM3",NA
0,-4.22965522070341,0.035,0.705,0,19,"DNAH14",NA
0,-6.06435579764574,0.015,0.683,0,19,"CALY",NA
0,-4.05765099918161,0.063,0.728,0,19,"CACNA1E",NA
0,-3.07664478574277,0.17,0.828,0,19,"PAM",NA
0,-3.04111510363458,0.173,0.819,0,19,"SLC8A1",NA
0,-2.50477196719139,0.136,0.78,0,19,"UNC80",NA
0,-3.82258010776572,0.07,0.713,0,19,"EPHA6",NA
0,-2.65638918251993,0.148,0.79,0,19,"IDS",NA
0,-2.770267941495,0.139,0.779,0,19,"PEG3",NA
0,-2.66484677904243,0.17,0.809,0,19,"RIMS1",NA
0,-2.87078807212413,0.113,0.751,0,19,"GABBR2",NA
0,-3.2025629295301,0.209,0.846,0,19,"GRIK2",NA
0,-3.55152798877911,0.043,0.677,0,19,"CA10",NA
0,-4.41904944332393,0.05,0.681,0,19,"KCNH7",NA
0,-2.51618141181826,0.254,0.885,0,19,"MAP2",NA
0,-3.77083412438835,0.107,0.735,0,19,"NRG1",NA
0,-2.19422688824615,0.136,0.762,0,19,"STXBP5L",NA
0,-4.606264540922,0.02,0.646,0,19,"PNMA2",NA
0,-4.04160570214078,0.124,0.748,0,19,"GALNTL6",NA
0,-2.99723133510288,0.056,0.68,0,19,"TUSC3",NA
0,-2.36451448486654,0.126,0.748,0,19,"PCNX2",NA
0,-3.01084175755032,0.159,0.781,0,19,"CSMD1",NA
0,-2.4955120662856,0.113,0.735,0,19,"PPM1E",NA
0,-4.87249226806434,0.02,0.642,0,19,"ATP1A3",NA
0,-2.2975920915639,0.131,0.752,0,19,"AFF3",NA
0,2.65070013626445,0.863,0.317,0,20,"NXPH1",NA
0,1.91992807088814,0.832,0.34,0,20,"CHRM3","DD_Excit.Thal"
0,2.08922802069087,0.681,0.19,0,20,"C8orf34","DD_Excit.Thal"
0,1.71860039006208,0.785,0.313,0,20,"NECAB1","LB_Thalamus broad"
0,2.83088113639405,0.571,0.111,0,20,"AC007368.1","DD_Excit.Thal"
0,1.81830128370384,0.858,0.406,0,20,"CACNA2D3",NA
0,2.13911567126303,0.654,0.212,0,20,"SPON1",NA
0,1.49740363756138,0.936,0.495,0,20,"NTNG1","DD_Excit.Thal"
0,2.64647656314181,0.814,0.379,0,20,"GPC5",NA
0,1.8328227738041,0.761,0.327,0,20,"LINC01322",NA
0,1.98157460470753,0.638,0.208,0,20,"GABRA4","DD_Excit.Thal"
0,1.51536905321565,0.885,0.457,0,20,"MIR137HG","DD_Excit.Thal"
0,1.42198486276556,0.928,0.502,0,20,"SCN9A",NA
0,2.56794679535381,0.548,0.129,0,20,"SULF1","DD_Excit.Thal"
0,2.00570201284575,0.576,0.16,0,20,"SYT17",NA
0,1.86768248664221,0.541,0.146,0,20,"GABRG1",NA
0,1.81316073453419,0.832,0.443,0,20,"FOXP2",NA
0,2.39836888647504,0.508,0.132,0,20,"MLIP","DD_Excit.Thal"
0,3.68877878471479,0.432,0.059,0,20,"SLITRK6",NA
0,2.22821549342273,0.443,0.088,0,20,"ANOS1",NA
0,2.13721306452545,0.463,0.116,0,20,"CALB1",NA
0,5.21797220706226,0.323,0.018,0,20,"AC069410.1",NA
0,2.5958259851769,0.339,0.065,0,20,"GRB14",NA
0,3.58884248599274,0.288,0.029,0,20,"CPA6",NA
0,3.39001357750856,0.283,0.031,0,20,"AL161629.1",NA
0,1.21418182945191,0.979,0.735,0,20,"LRFN5",NA
0,2.98804094550237,0.276,0.039,0,20,"FAM9B",NA
0,-2.80095431404116,0.67,0.865,0,20,"MT-ND3",NA
0,1.27009109464135,0.996,0.828,0,20,"GRIK2",NA
0,4.16758319271521,0.157,0.009,0,20,"LINC02046",NA
0,-2.89031736583917,0.768,0.897,0,20,"MT-ATP6",NA
0,4.98998804310686,0.123,0.006,0,20,"LINC02045",NA
0,5.01101448215338,0.109,0.004,0,20,"AGTR1",NA
0,-2.36063907213299,0.818,0.914,0,20,"MT-ND4",NA
0,4.88188711526896,0.088,0.003,0,20,"NPY2R",NA
4.92228915305117e-303,2.60901066797757,0.328,0.065,1.80160705290826e-298,20,"SEL1L3",NA
2.59589233203799e-301,1.85414519750615,0.664,0.24,9.50122552449227e-297,20,"TOX3",NA
3.25828959059263e-300,1.37165810138001,0.917,0.498,1.19256657305281e-295,20,"KCNB2",NA
2.49695350494172e-293,1.2395415488518,0.957,0.631,9.13909952343718e-289,20,"MARCH1",NA
7.90063299029833e-291,1.41600916702229,0.615,0.194,2.89171068077909e-286,20,"COL21A1",NA
8.51682941664166e-291,0.892613030397412,0.998,0.86,3.11724473478501e-286,20,"RIMS2",NA
1.25865886918357e-289,1.25788569184586,0.934,0.557,4.6068173270988e-285,20,"GABRB1",NA
3.71363703640927e-287,2.01943386660384,0.583,0.201,1.35922829169616e-282,20,"LINC02082",NA
8.87955150113251e-287,2.04434132522629,0.557,0.178,3.25000464492951e-282,20,"NDST4",NA
9.24990910921837e-284,1.6343568609398,0.781,0.363,3.38555923306502e-279,20,"TMEM132B","DD_Excit.Thal"
2.12585833700547e-279,1.35125403409058,0.985,0.813,7.78085409927373e-275,20,"PTPRD",NA
1.76060074957139e-275,3.1430521382985,0.222,0.033,6.44397480350626e-271,20,"GBX2","LB_Thalamus/MDm/Endo"
3.53515983358961e-274,2.31568575335616,0.359,0.08,1.29390385069213e-269,20,"ADAMTS12",NA
1.39426657529205e-272,1.67335275760247,0.67,0.265,5.10315509222642e-268,20,"FAR2",NA
9.44889858176326e-271,1.63813218535064,0.62,0.224,3.45839136991117e-266,20,"MEF2C-AS1",NA
0,5.0790876756246,0.894,0.135,0,21,"LINC01088","DD_Astrocyte"
0,3.72366259301357,0.786,0.098,0,21,"SLC1A3",NA
0,5.30709490374648,0.714,0.066,0,21,"WDR49","DD_Astrocyte"
0,-2.31804640925605,0.26,0.903,0,21,"MDGA2",NA
0,-3.10361078419235,0.227,0.86,0,21,"MEG3",NA
0,-2.20242489403948,0.312,0.934,0,21,"ANK3",NA
0,5.26671351356184,0.663,0.043,0,21,"GJA1","DD_Astrocyte"
0,5.24571778217272,0.67,0.053,0,21,"AQP4","DD_Astrocyte"
0,5.24571778217272,0.67,0.053,0,21,"AQP4","LB_astrocyte"
0,-2.52713148023083,0.268,0.876,0,21,"RIMS2",NA
0,-2.2429205555099,0.297,0.901,0,21,"IL1RAPL1",NA
0,-2.7156351781083,0.187,0.782,0,21,"ATP8A2",NA
0,4.07222854175726,0.643,0.053,0,21,"ZFP36L1",NA
0,-2.55714541331374,0.221,0.81,0,21,"MEG8",NA
0,3.0057452547507,0.905,0.318,0,21,"NFIA",NA
0,-2.72067894743899,0.295,0.878,0,21,"SYT1","LB_neuron"
0,-2.53045627490676,0.198,0.78,0,21,"DYNC1I1",NA
0,5.7240220043963,0.62,0.038,0,21,"ARMC3",NA
0,-2.4027691649668,0.244,0.82,0,21,"FGF12",NA
0,-1.78687250484926,0.359,0.933,0,21,"CNTNAP2",NA
0,-2.90149234169607,0.254,0.828,0,21,"LRRC7",NA
0,-2.51897379708967,0.236,0.808,0,21,"SNAP25","LB_neuron"
0,4.18928028061213,0.621,0.056,0,21,"GRAMD2B",NA
0,4.65910850326191,0.64,0.08,0,21,"GFAP","DD_Astrocyte"
0,4.65910850326191,0.64,0.08,0,21,"GFAP","LB_astrocyte"
0,3.96121179370226,0.772,0.214,0,21,"GLIS3","DD_Astrocyte"
0,4.22153597467197,0.652,0.098,0,21,"MT2A",NA
0,5.37105455344302,0.596,0.045,0,21,"SERPINI2",NA
0,4.72566828392561,0.613,0.064,0,21,"SOX9",NA
0,4.98607815966526,0.705,0.165,0,21,"CFAP54",NA
0,2.53936111855248,0.788,0.257,0,21,"SOX6","DD_OPC"
0,-2.18941133840253,0.326,0.853,0,21,"DSCAM",NA
0,6.01018807022436,0.55,0.024,0,21,"DNAH11",NA
0,-1.81307394103502,0.397,0.917,0,21,"DNM3",NA
0,-2.0826876246887,0.388,0.904,0,21,"ROBO1",NA
0,5.50900233056891,0.56,0.055,0,21,"CAPS",NA
0,4.51172519497053,0.78,0.278,0,21,"CST3",NA
0,2.31952413847993,0.725,0.225,0,21,"NFIB",NA
0,4.17745805475794,0.637,0.14,0,21,"ID4",NA
0,5.96736414000319,0.518,0.021,0,21,"ADGB",NA
0,5.03717221318621,0.612,0.124,0,21,"CFAP299",NA
0,4.9178470789607,0.522,0.034,0,21,"VIM",NA
0,3.65549793744612,0.678,0.192,0,21,"AC092957.1",NA
0,4.78419550985825,0.539,0.053,0,21,"MT1E",NA
0,5.1174667601771,0.52,0.035,0,21,"AC012405.1","DD_Astrocyte"
0,4.48712373472103,0.557,0.073,0,21,"RFX4","DD_Astrocyte"
0,6.37485481165685,0.496,0.015,0,21,"AC020718.1",NA
0,2.63233029549971,0.639,0.158,0,21,"FBXL7",NA
0,3.6443762449408,0.585,0.106,0,21,"EYA4",NA
0,4.5975320540635,0.536,0.059,0,21,"EFEMP1","DD_Astrocyte"
0,4.53642645379719,0.635,0.161,0,21,"CFAP47",NA
0,3.4568998096342,0.641,0.168,0,21,"ITGB8",NA
0,3.65700415980094,0.965,0.142,0,22,"OTX2-AS1","DD_Inhib.Thal"
0,3.23458521208548,0.942,0.134,0,22,"RORB",NA
0,3.34077831093204,0.966,0.162,0,22,"MEIS2","DD_Inhib.Thal"
0,3.34077831093204,0.966,0.162,0,22,"MEIS2","LB_Thalamus/MDm"
0,2.43018318865602,0.912,0.124,0,22,"KIT","DD_Inhib.Thal"
0,2.80212851852675,0.923,0.138,0,22,"GAD2","DD_Inhib.Thal"
0,2.80212851852675,0.923,0.138,0,22,"GAD2","LB_inhibitory_neuron"
0,2.33722354480263,0.912,0.146,0,22,"GAD1","DD_Inhib.Thal"
0,2.33722354480263,0.912,0.146,0,22,"GAD1","LB_inhibitory_neuron"
0,4.09887362300059,0.803,0.08,0,22,"MYO3B","DD_Inhib.Thal"
0,3.18775609280462,0.96,0.237,0,22,"NR2F2-AS1",NA
0,3.14966051364596,0.945,0.227,0,22,"PDZRN3",NA
0,3.84835494704332,0.773,0.055,0,22,"LINC02253","DD_Inhib.Thal"
0,2.70385651035687,0.876,0.165,0,22,"GREM2","DD_Inhib.Thal"
0,2.35223239301242,0.972,0.265,0,22,"SYNPR","DD_Inhib.Thal"
0,1.85627033616682,0.918,0.238,0,22,"RELN",NA
0,1.63751295013283,0.972,0.292,0,22,"ADARB2",NA
0,2.64939033758794,0.907,0.229,0,22,"NPAS2",NA
0,2.63703861692846,0.847,0.169,0,22,"SEMA3C",NA
0,2.54255290182743,0.796,0.122,0,22,"SMAD9","DD_Inhib.Thal"
0,3.05729854446652,0.724,0.051,0,22,"LINC01210","DD_Inhib.Thal"
0,3.19140153502543,0.957,0.286,0,22,"PCBP3",NA
0,3.13870988229252,0.98,0.316,0,22,"ZFPM2",NA
0,2.92114973765692,0.838,0.177,0,22,"TRPC5",NA
0,2.47736690117523,0.912,0.253,0,22,"KCNIP4-IT1",NA
0,2.53108006752671,0.882,0.228,0,22,"FRMD3",NA
0,2.03288236991713,0.753,0.102,0,22,"SLC6A11",NA
0,1.87601323401222,0.894,0.243,0,22,"SLC6A1",NA
0,2.82074570063373,0.714,0.064,0,22,"IGF1",NA
0,2.68323016753216,0.839,0.19,0,22,"COL21A1",NA
0,2.40017226341402,0.804,0.158,0,22,"FBN2",NA
0,2.30543191694109,0.833,0.19,0,22,"LYPD6","DD_Inhib.Thal"
0,2.36021801211822,0.873,0.233,0,22,"SH3RF3",NA
0,2.05289033800741,0.832,0.193,0,22,"FOXO1",NA
0,2.53387771261512,0.872,0.235,0,22,"ADAMTS19","DD_Inhib.Thal"
0,2.84283339486196,0.963,0.327,0,22,"NELL1","DD_Inhib.Thal"
0,1.91676610392861,0.818,0.187,0,22,"XIST",NA
0,2.01423132266323,0.858,0.236,0,22,"LYPD6B",NA
0,2.05323197773584,0.833,0.212,0,22,"ALK",NA
0,1.61720416581576,0.948,0.332,0,22,"DSCAML1",NA
0,2.68666986444462,0.767,0.154,0,22,"PPARG","DD_Inhib.Thal"
0,1.80104559279227,0.822,0.209,0,22,"SPON1",NA
0,2.55385520815372,0.7,0.089,0,22,"TSPAN18","DD_Inhib.Thal"
0,1.86011272605354,0.96,0.351,0,22,"SAMD5",NA
0,3.07091346088449,0.97,0.361,0,22,"UNC13C","DD_Inhib.Thal"
0,2.2145352128831,0.77,0.161,0,22,"HS3ST2",NA
0,2.06839689885232,0.8,0.192,0,22,"EPB41L4A",NA
0,2.56092734075573,0.97,0.362,0,22,"SPHKAP","DD_Inhib.Thal"
0,1.86208517127635,0.774,0.167,0,22,"DISC1",NA
0,1.84154646371791,0.799,0.192,0,22,"NR2F2",NA
0,2.12584189622878,0.918,0.312,0,22,"GALNT18",NA
0,1.70052240348464,0.939,0.333,0,22,"AL033504.1",NA
0,2.58328777907777,0.967,0.362,0,22,"CHRM2",NA
0,-4.74866362690382,0.087,0.922,0,23,"NRG3",NA
0,-5.44397114804811,0.047,0.874,0,23,"CCSER1",NA
0,3.69269959591399,0.948,0.121,0,23,"ST18","DD_Oligo"
0,-4.40853657135678,0.086,0.909,0,23,"FAM155A",NA
0,-4.36947879478919,0.058,0.879,0,23,"RALYL",NA
0,-3.83615263995603,0.061,0.877,0,23,"RIMS2",NA
0,-5.26790087380075,0.045,0.861,0,23,"MEG3",NA
0,-4.20137098703014,0.076,0.888,0,23,"FGF14",NA
0,-4.01476624064266,0.066,0.87,0,23,"CNTN1",NA
0,-5.73909485091837,0.054,0.856,0,23,"ROBO2",NA
0,-5.30509725979171,0.042,0.827,0,23,"PAM",NA
0,-4.09587769781429,0.079,0.855,0,23,"DSCAM",NA
0,-4.19801462711798,0.074,0.849,0,23,"KCND2",NA
0,-3.3150801129442,0.104,0.875,0,23,"GRID2",NA
0,3.82980009129272,0.995,0.224,0,23,"PLP1",NA
0,-4.46650609776593,0.045,0.811,0,23,"AGBL4",NA
0,-3.3537339026092,0.122,0.884,0,23,"MAP2",NA
0,-3.80772462488878,0.052,0.811,0,23,"MEG8",NA
0,-3.86426145135384,0.063,0.821,0,23,"FGF12",NA
0,-4.19287952471384,0.052,0.81,0,23,"PTPRN2",NA
0,-4.42241684415014,0.057,0.813,0,23,"OPCML",NA
0,3.95167500208253,0.863,0.108,0,23,"MOBP","DD_Oligo"
0,3.95167500208253,0.863,0.108,0,23,"MOBP","LB_oligodendrocyte"
0,-4.02333648430029,0.129,0.879,0,23,"SYT1","LB_neuron"
0,-5.35442223068758,0.062,0.811,0,23,"KCNMA1",NA
0,-4.17149072571556,0.063,0.806,0,23,"ATRNL1",NA
0,-4.77880271066492,0.049,0.792,0,23,"DLGAP1",NA
0,3.24001945447083,0.896,0.155,0,23,"TF",NA
0,-4.96990521435479,0.035,0.765,0,23,"CELF4",NA
0,-4.28428077550609,0.046,0.775,0,23,"FRMPD4",NA
0,-3.88118112915813,0.051,0.778,0,23,"UNC80",NA
0,-4.0494213710154,0.055,0.782,0,23,"ATP8A2",NA
0,-5.98290081901753,0.041,0.767,0,23,"TENM2",NA
0,-4.50345115694347,0.05,0.774,0,23,"CACNA1C",NA
0,-3.17012557132433,0.072,0.795,0,23,"SCN2A",NA
0,-4.35524215306527,0.038,0.76,0,23,"STXBP5L",NA
0,-3.37330892069248,0.118,0.837,0,23,"PLEKHA5",NA
0,-3.88536618442581,0.049,0.767,0,23,"PAK3",NA
0,-4.01980020247325,0.037,0.753,0,23,"LRFN5",NA
0,-5.64765336178846,0.034,0.747,0,23,"GALNTL6",NA
0,-3.98586771745115,0.056,0.767,0,23,"DCLK1",NA
0,-4.50538210617497,0.038,0.749,0,23,"GABRB3",NA
0,-4.0830573335419,0.037,0.747,0,23,"MYT1L",NA
0,-2.88155147623448,0.135,0.844,0,23,"GRIK2",NA
0,-4.21144131411289,0.039,0.747,0,23,"SCN3A",NA
0,-3.74878152719843,0.08,0.787,0,23,"GRIP1",NA
0,3.95257691647501,0.827,0.12,0,23,"UGT8",NA
0,3.5306148737147,0.866,0.159,0,23,"TMEM144",NA
0,-3.64854010781535,0.062,0.768,0,23,"NRCAM",NA
0,-3.21460285050078,0.09,0.795,0,23,"TMEM178B",NA
0,-3.49577874348435,0.089,0.792,0,23,"CDK14",NA
0,3.03719244196312,0.964,0.128,0,24,"KIT","DD_Inhib.Thal"
0,2.9939679790806,0.98,0.147,0,24,"OTX2-AS1","DD_Inhib.Thal"
0,3.04696600305472,0.975,0.15,0,24,"GAD1","DD_Inhib.Thal"
0,3.04696600305472,0.975,0.15,0,24,"GAD1","LB_inhibitory_neuron"
0,2.66053735308644,0.974,0.167,0,24,"MEIS2","DD_Inhib.Thal"
0,2.66053735308644,0.974,0.167,0,24,"MEIS2","LB_Thalamus/MDm"
0,2.67575342809693,0.928,0.143,0,24,"GAD2","DD_Inhib.Thal"
0,2.67575342809693,0.928,0.143,0,24,"GAD2","LB_inhibitory_neuron"
0,2.98752067678613,0.923,0.139,0,24,"RORB",NA
0,2.75059110045716,0.993,0.269,0,24,"SYNPR","DD_Inhib.Thal"
0,2.45230959632429,0.915,0.232,0,24,"PDZRN3",NA
0,2.4113530903293,0.924,0.242,0,24,"NR2F2-AS1",NA
0,1.24085770599682,0.978,0.296,0,24,"ADARB2",NA
0,3.30126593684218,0.971,0.289,0,24,"PCBP3",NA
0,2.65945532437305,0.999,0.32,0,24,"ZFPM2",NA
0,3.91828787696561,0.727,0.06,0,24,"LINC02253","DD_Inhib.Thal"
0,2.80316857126694,0.99,0.33,0,24,"NELL1","DD_Inhib.Thal"
0,2.66971590981348,0.846,0.194,0,24,"COL21A1",NA
0,2.25584282436516,0.84,0.195,0,24,"NR2F2",NA
0,2.50447636758088,0.993,0.365,0,24,"CHRM2",NA
0,2.56081906009632,0.989,0.365,0,24,"SPHKAP","DD_Inhib.Thal"
0,2.62942547033844,0.982,0.364,0,24,"UNC13C","DD_Inhib.Thal"
0,2.46807388572815,0.842,0.24,0,24,"ADAMTS19","DD_Inhib.Thal"
0,2.34356015775229,0.964,0.365,0,24,"GULP1",NA
0,2.74161079715054,0.977,0.392,0,24,"NYAP2",NA
0,2.36130548732175,0.832,0.247,0,24,"EPHA3",NA
0,1.88542680055532,0.946,0.361,0,24,"TOX",NA
0,2.5745653281035,0.755,0.171,0,24,"GREM2","DD_Inhib.Thal"
0,1.97724692931196,0.824,0.248,0,24,"SLC6A1",NA
0,2.69799702479916,0.672,0.109,0,24,"OTX2","DD_Inhib.Thal"
0,2.09664421021448,0.978,0.434,0,24,"ZMAT4",NA
0,2.33036018809191,0.996,0.46,0,24,"GRIK1",NA
0,1.90274986745144,0.926,0.391,0,24,"CDH12",NA
0,2.38386267046704,0.798,0.264,0,24,"IGSF3",NA
0,2.16165605434121,0.708,0.175,0,24,"SEMA3C",NA
0,2.1947093114133,0.843,0.329,0,24,"PTCHD4","DD_Inhib.Thal"
0,1.96688554883624,0.886,0.377,0,24,"BTBD11",NA
0,2.09707249497499,0.685,0.187,0,24,"AC009264.1",NA
0,2.19283893816033,0.737,0.239,0,24,"GRIP2",NA
0,2.07882699612254,0.896,0.4,0,24,"GRK3",NA
0,2.36773250342665,0.948,0.458,0,24,"MIR124-2HG",NA
0,2.23911375418676,0.939,0.45,0,24,"RALGAPA2",NA
0,2.82024959927859,0.557,0.07,0,24,"IGF1",NA
0,1.93654567749205,0.938,0.452,0,24,"CACHD1",NA
0,3.31501393359726,0.539,0.058,0,24,"LINC01210","DD_Inhib.Thal"
0,3.15478890507039,0.581,0.104,0,24,"VASH2",NA
0,2.44290212928724,0.631,0.159,0,24,"AC016717.2","DD_Inhib.Thal"
0,3.12720954331005,0.555,0.087,0,24,"NXPH2",NA
0,2.52309428120846,0.601,0.139,0,24,"HTR2A","DD_Inhib.Thal"
0,2.76157485913261,0.525,0.069,0,24,"SHISA8","DD_Inhib.Thal"
0,3.87640054127697,0.487,0.041,0,24,"CASR","DD_Inhib.Thal"
0,2.00785140857064,0.552,0.109,0,24,"SLC6A11",NA
0,2.33313477596458,0.976,0.535,0,24,"B4GALT6",NA
0,3.0919074500747,0.865,0.15,0,25,"OTX2-AS1","DD_Inhib.Thal"
0,2.60228790530657,0.828,0.171,0,25,"MEIS2","DD_Inhib.Thal"
0,2.60228790530657,0.828,0.171,0,25,"MEIS2","LB_Thalamus/MDm"
0,2.696456875055,0.91,0.272,0,25,"SYNPR","DD_Inhib.Thal"
0,2.95568160482974,0.766,0.132,0,25,"KIT","DD_Inhib.Thal"
0,2.05268915147775,0.913,0.323,0,25,"ZFPM2",NA
0,2.81312676420171,0.738,0.155,0,25,"GAD1","DD_Inhib.Thal"
0,2.81312676420171,0.738,0.155,0,25,"GAD1","LB_inhibitory_neuron"
0,2.76291508530939,0.687,0.148,0,25,"GAD2","DD_Inhib.Thal"
0,2.76291508530939,0.687,0.148,0,25,"GAD2","LB_inhibitory_neuron"
0,2.4170684950078,0.986,0.461,0,25,"GRIK1",NA
0,3.26148777228565,0.705,0.198,0,25,"NR2F2",NA
0,2.81452531236581,0.296,0.032,0,25,"SST",NA
2.06258802009135e-293,3.78107175423512,0.42,0.071,7.54927841233634e-289,25,"SHISA8","DD_Inhib.Thal"
6.88887498171868e-278,3.23141523154196,0.524,0.114,2.52139713205885e-273,25,"LINC02055",NA
2.69958491547651e-269,3.40690061974812,0.62,0.181,9.88075074913557e-265,25,"HPCA","DD_Inhib.Thal"
8.24906021101778e-262,1.77603623031911,0.996,0.628,3.01923852783462e-257,25,"NRXN3",NA
2.86490568053548e-260,2.56410757681861,0.59,0.145,1.04858412813279e-255,25,"RORB",NA
6.58977221295352e-243,3.61942937087028,0.348,0.057,2.41192252766312e-238,25,"NPPC",NA
1.9093983675978e-241,4.32719884343543,0.248,0.03,6.98858896524472e-237,25,"AL137100.3",NA
3.46615734070774e-223,2.11488759619501,0.627,0.177,1.26864824827244e-218,25,"SEMA3C",NA
4.84251356308953e-221,3.1088138243317,0.47,0.113,1.7724083892264e-216,25,"OTX2","DD_Inhib.Thal"
4.52608798023276e-215,2.95116744738,0.625,0.217,1.65659346164499e-210,25,"NRGN",NA
1.24457605297883e-212,4.40386733308543,0.209,0.024,4.55527281150781e-208,25,"PRL",NA
3.34250929504802e-207,1.33640764857372,0.983,0.777,1.22339182708053e-202,25,"DLGAP1",NA
4.63750158604056e-192,-2.49411474024939,0.291,0.814,1.6973719555067e-187,25,"FGF12",NA
1.62755069663793e-189,2.00944395096136,0.785,0.369,5.9569983047645e-185,25,"SPHKAP","DD_Inhib.Thal"
3.7405945303949e-189,3.32156096893865,0.338,0.066,1.36909500406984e-184,25,"GATA3","DD_Inhib.Thal"
5.37657706687266e-189,2.87999705216178,0.546,0.175,1.96788097224606e-184,25,"GREM2","DD_Inhib.Thal"
2.19709609622543e-188,-1.93336119006264,0.49,0.887,8.0415914217947e-184,25,"MAP1B",NA
1.16351818216913e-178,-2.33875816397629,0.355,0.846,4.25859289855724e-174,25,"NKAIN2",NA
4.56948380757521e-175,3.19774079882512,0.305,0.058,1.6724767684106e-170,25,"CPLX3","DD_Inhib.Thal"
9.90772265608857e-172,-4.31111769245879,0.138,0.69,3.62632556935498e-167,25,"MTUS2",NA
4.60461131503552e-171,3.17585436380734,0.343,0.074,1.68533378741615e-166,25,"IGF1",NA
5.14739791755264e-171,3.95718468799302,0.222,0.033,1.88399911180344e-166,25,"DMBX1","DD_Inhib.Thal"
2.38911874643998e-170,-3.52148833945208,0.088,0.672,8.74441352384497e-166,25,"ENOX1",NA
2.82993330168088e-169,2.02823188407647,0.689,0.286,1.03578388774822e-164,25,"PTPRT",NA
3.34398902662137e-169,2.78159195169567,0.644,0.303,1.22393342363369e-164,25,"VSTM2L",NA
4.16703974185829e-168,-1.37152881098748,0.672,0.936,1.52517821591755e-163,25,"ANK2",NA
4.78846010712137e-168,-3.17951515177098,0.113,0.681,1.75262428380749e-163,25,"TCF7L2",NA
2.97916606603143e-165,-2.46805516822718,0.174,0.762,1.09040457182816e-160,25,"TENM2",NA
9.04158199737748e-164,3.33440492341605,0.399,0.105,3.30930942686013e-159,25,"KCNIP2","DD_Inhib.Thal"
1.91493077755107e-162,1.15107724169582,0.952,0.842,7.00883813891469e-158,25,"GPM6A",NA
2.42429026304947e-161,2.26718586484188,0.751,0.465,8.87314479178738e-157,25,"SLC12A5",NA
1.57994130454368e-160,1.52520688249132,0.789,0.369,5.78274316876033e-156,25,"CHRM2",NA
2.92343262692747e-158,-3.54809476286005,0.093,0.651,1.07000557578172e-153,25,"PARD3",NA
2.44941265509476e-156,3.61101951420487,0.234,0.038,8.96509525891235e-152,25,"GSTT2B",NA
3.11741353689943e-156,1.26521732590135,0.915,0.592,1.14100452864056e-151,25,"PLCB1",NA
5.08176141410359e-154,1.97397103559021,0.739,0.369,1.85997549517606e-149,25,"UNC13C","DD_Inhib.Thal"
4.43038346366609e-151,1.15797289098677,0.994,0.718,1.62156465153642e-146,25,"KCNIP4",NA
4.69554905064873e-149,0.862829801161482,0.996,0.864,1.71861790802794e-144,25,"SYT1","LB_neuron"
2.88983923446924e-147,3.9614478558655,0.205,0.032,1.05771005820809e-142,25,"UNCX",NA
4.79946316160721e-147,-2.70025173892193,0.15,0.695,1.75665151177986e-142,25,"SHTN1",NA
0,7.20408180969789,0.884,0.05,0,26,"VCAN","DD_OPC"
0,7.20408180969789,0.884,0.05,0,26,"VCAN","LB_oligodendrocyte_precursor"
0,8.7328965056526,0.729,0.014,0,26,"BX284613.2","DD_OPC"
0,4.40919244516848,0.928,0.261,0,26,"SOX6","DD_OPC"
0,8.34243690707633,0.564,0.008,0,26,"PDGFRA","DD_OPC"
0,8.34243690707633,0.564,0.008,0,26,"PDGFRA","LB_oligodendrocyte_precursor"
0,4.89928179348707,0.961,0.413,0,26,"PTPRZ1","DD_OPC"
0,4.66105772411284,0.595,0.071,0,26,"OLIG1","DD_OPC"
0,7.87657082419752,0.533,0.014,0,26,"AC004852.2","DD_OPC"
0,3.3869486589413,0.616,0.101,0,26,"APOD",NA
0,3.96258122378053,0.771,0.263,0,26,"SEMA5A",NA
0,5.10655968060829,0.592,0.135,0,26,"MEGF11","DD_OPC"
0,3.57148029505587,0.941,0.537,0,26,"LHFPL3","DD_OPC"
0,6.33006943501759,0.407,0.036,0,26,"ADAMTS17","DD_OPC"
0,3.29116057127366,0.956,0.59,0,26,"PCDH15",NA
0,5.53609056575142,0.407,0.047,0,26,"CALCRL","DD_OPC"
0,5.3093680369314,0.386,0.032,0,26,"PRRX1",NA
0,5.70987756530786,0.382,0.044,0,26,"BCAN","DD_OPC"
0,6.1011738090188,0.358,0.031,0,26,"COL9A1","DD_OPC"
0,5.40257749548761,0.332,0.017,0,26,"OLIG2",NA
0,6.62940727610511,0.304,0.013,0,26,"AC013265.1",NA
0,4.50918127479512,0.306,0.031,0,26,"GPR37L1",NA
0,2.89493427187085,0.977,0.776,0,26,"LRRC4C",NA
0,8.08478989988189,0.18,0.002,0,26,"GPR17",NA
0,8.43512829639317,0.175,0.002,0,26,"AL512308.1",NA
0,7.00418512620373,0.142,0.006,0,26,"NEU4",NA
0,7.10067534365932,0.132,0.005,0,26,"VCAN-AS1",NA
0,6.34892292992293,0.123,0.004,0,26,"KLRC3",NA
0,7.92051299818675,0.121,0.003,0,26,"BEST3",NA
0,7.84070467682845,0.106,0.002,0,26,"MROH9",NA
0,7.68593081722395,0.101,0.002,0,26,"CSPG4",NA
8.35307938688252e-308,4.20774525887421,0.9,0.523,3.05731058639287e-303,26,"TNR","DD_OPC"
3.82956149588286e-306,6.08778926293676,0.288,0.029,1.40165780310808e-301,26,"FERMT1","DD_OPC"
2.33661322252778e-297,3.39397181832928,0.454,0.072,8.55223805577393e-293,26,"BCAS1",NA
2.88299069420216e-297,3.98373864004803,0.9,0.543,1.05520342398493e-292,26,"MMP16","DD_OPC"
1.11668695571569e-294,2.49960482064902,0.969,0.765,4.08718592661501e-290,26,"CSMD1",NA
1.33824496233658e-294,2.51566060099096,0.971,0.84,4.89811038664811e-290,26,"DSCAM",NA
7.21816366814626e-288,7.17240323515711,0.119,0.005,2.64192008417821e-283,26,"COL20A1",NA
1.29040842053623e-276,2.43402932773557,0.954,0.528,4.72302386000466e-272,26,"ERBB4",NA
7.18634728280359e-267,-4.07741525300646,0.134,0.874,2.63027496897894e-262,26,"SYT1","LB_neuron"
3.05391259160783e-263,4.6773819480572,0.417,0.071,1.11776254765438e-258,26,"RAB31",NA
2.22272059999547e-258,4.16736946518444,0.327,0.043,8.13537966804342e-254,26,"C5orf64",NA
2.24490898285787e-258,5.18548361595213,0.279,0.032,8.2165913681581e-254,26,"ASCL1",NA
2.79250706504725e-254,3.18993042781833,0.647,0.19,1.02208551087794e-249,26,"LRMDA",NA
2.02231281698362e-248,6.31144725146762,0.1,0.004,7.40186714144174e-244,26,"VIPR2",NA
1.03251175448215e-247,3.35297842646646,0.6,0.159,3.7790962725801e-243,26,"PREX2",NA
3.65125155341944e-246,-3.78148622563321,0.072,0.848,1.33639458106705e-241,26,"NKAIN2",NA
3.05375079161715e-245,4.49007305334906,0.534,0.131,1.11770332723979e-240,26,"LINC00511",NA
8.62997545897099e-243,2.76332744716613,0.871,0.486,3.15865731773797e-238,26,"LUZP2",NA
1.09831691019293e-240,-4.01107491431084,0.129,0.85,4.01994972299713e-236,26,"ROBO2",NA
7.84097442330979e-239,4.6743329773095,0.31,0.042,2.86987504867562e-234,26,"PLEKHH2","DD_OPC"
8.3514590107624e-238,3.55090232007727,0.377,0.061,3.05671751252915e-233,26,"ZCCHC24",NA
0,6.16628723565692,0.934,0.188,0,27,"LRMDA",NA
0,8.29759381937019,0.73,0.018,0,27,"DOCK8",NA
0,7.35937699664189,0.68,0.059,0,27,"ADAM28","DD_Microglia"
0,7.97358541907694,0.642,0.023,0,27,"ARHGAP15",NA
0,6.00796938138225,0.83,0.239,0,27,"MEF2C",NA
0,7.37656950209498,0.624,0.042,0,27,"CD74","DD_Microglia"
0,6.41214047746651,0.674,0.1,0,27,"DLEU1",NA
0,8.23399313051731,0.585,0.013,0,27,"APBB1IP",NA
0,6.80659533357743,0.587,0.031,0,27,"PTPRC",NA
0,5.90944944927008,0.547,0.051,0,27,"ZFP36L2",NA
0,5.09775429900179,0.54,0.061,0,27,"ZFP36L1",NA
0,7.91747546276594,0.449,0.016,0,27,"HLA-DRA","DD_Microglia"
0,5.68108937008924,0.496,0.064,0,27,"A2M",NA
0,7.85985047414866,0.435,0.012,0,27,"C3","LB_microglia"
0,7.38160767460308,0.436,0.014,0,27,"INPP5D",NA
0,8.44080097237108,0.424,0.01,0,27,"LNCAROD","DD_Microglia"
0,8.19962332429742,0.413,0.012,0,27,"FYB1",NA
0,7.06489068560787,0.422,0.027,0,27,"CPED1",NA
0,6.84410920925322,0.436,0.054,0,27,"P2RY12",NA
0,7.52488083057273,0.395,0.014,0,27,"SRGN",NA
0,8.67749236705659,0.385,0.006,0,27,"OLR1","DD_Microglia"
0,6.43584686532445,0.438,0.062,0,27,"RUNX1",NA
0,6.26631909213952,0.433,0.058,0,27,"PALD1",NA
0,7.72001120469897,0.39,0.018,0,27,"SAMSN1",NA
0,6.12492851356897,0.408,0.041,0,27,"MAF",NA
0,6.58803689257878,0.404,0.04,0,27,"TBXAS1",NA
0,8.0160011790137,0.365,0.008,0,27,"CSF1R","DD_Microglia"
0,8.0160011790137,0.365,0.008,0,27,"CSF1R","LB_microglia"
0,6.46233763036137,0.385,0.038,0,27,"LPAR6",NA
0,8.30946629901885,0.34,0.007,0,27,"RGS1",NA
0,7.34222010700631,0.343,0.022,0,27,"HLA-DRB1","DD_Microglia"
0,8.38759987427872,0.326,0.007,0,27,"CX3CR1",NA
0,7.24952396342328,0.335,0.017,0,27,"LYN",NA
0,6.62801681220044,0.345,0.027,0,27,"DOCK2",NA
0,7.26653653090586,0.324,0.024,0,27,"CCDC26",NA
0,7.63632302228146,0.308,0.015,0,27,"BLNK","DD_Microglia"
0,6.32035999565137,0.315,0.028,0,27,"IL13RA1",NA
0,8.41989532970522,0.286,0.004,0,27,"ITGAX","DD_Microglia"
0,7.85707656326458,0.272,0.008,0,27,"TMEM156","DD_Microglia"
0,7.45090502076576,0.267,0.012,0,27,"SYK","DD_Microglia"
0,6.14148013437855,0.265,0.017,0,27,"IFI16",NA
0,6.68387335319286,0.261,0.018,0,27,"PLA2G4A","DD_Microglia"
0,7.87438828418587,0.247,0.005,0,27,"C1QC",NA
0,7.88761040496606,0.25,0.008,0,27,"WDFY4","DD_Microglia"
0,7.98215906117142,0.252,0.011,0,27,"GPR183",NA
0,6.53457134383228,0.258,0.018,0,27,"SLCO2B1",NA
0,7.39810573615434,0.249,0.015,0,27,"CYBB","DD_Microglia"
0,7.67032905195132,0.238,0.006,0,27,"TYROBP",NA
0,7.35869739671414,0.238,0.011,0,27,"MSR1","DD_Microglia"
0,7.63129309124337,0.229,0.005,0,27,"C1QB",NA
0,6.29729515173874,0.238,0.018,0,27,"SP100",NA
0,4.18967943240424,0.402,0.044,0,28,"SLC32A1",NA
0,2.97325985553595,0.994,0.665,0,28,"CALY",NA
0,4.95431504175322,0.16,0.007,0,28,"EN1",NA
1.71984678075461e-278,2.20532904122965,0.994,0.77,6.29481120223996e-274,28,"GAPDH",NA
5.7249560329232e-278,2.38863663267903,0.977,0.546,2.09539115761022e-273,28,"RNASEK",NA
7.57516485364193e-276,2.20053527356129,0.996,0.812,2.77258608808148e-271,28,"GNAS",NA
4.4307266250113e-270,2.28556724883503,0.989,0.603,1.62169025202039e-265,28,"BEX1",NA
4.56909716299745e-265,2.3903102316093,0.956,0.494,1.6723352526287e-260,28,"RPS26",NA
8.61736524225705e-265,2.40319474296569,0.979,0.541,3.1540418523185e-260,28,"TUBB2A",NA
4.69387369195814e-260,2.05573768434494,0.998,0.757,1.7180047099936e-255,28,"UCHL1",NA
6.03064981766069e-259,2.09745768310962,0.992,0.641,2.20727813976199e-254,28,"ATP6V0C",NA
9.95773816699152e-252,2.24512925410901,0.96,0.536,3.64463174650056e-247,28,"NDUFA13",NA
3.01112884769937e-250,2.3792638737624,0.962,0.632,1.10210326954644e-245,28,"MDH1",NA
1.34590206002838e-247,2.29712846782477,0.947,0.499,4.92613612990988e-243,28,"COX6B1",NA
2.46449116944275e-247,1.99444785415061,0.99,0.669,9.02028412927741e-243,28,"BEX3",NA
4.36260964757533e-246,1.98917763386619,0.998,0.687,1.59675875710905e-241,28,"TUBA1B",NA
3.28068483566053e-243,2.22691799289746,0.958,0.548,1.20076345670011e-238,28,"COX6A1",NA
3.54832486524297e-243,2.24370914173392,0.97,0.582,1.29872238392758e-238,28,"NDUFA4",NA
3.1141450480797e-241,2.23419231579881,0.996,0.652,1.13980822904765e-236,28,"PCSK1N",NA
1.13814910067475e-237,2.49246909929376,0.901,0.438,4.16573952337967e-233,28,"ISCU",NA
9.67260496923085e-237,2.10782693439757,0.97,0.536,3.54027014478818e-232,28,"CHCHD2",NA
2.8410226575312e-236,1.98155583204645,0.979,0.65,1.03984270288299e-231,28,"BSCL2",NA
6.27925542458315e-231,2.32540928797566,0.947,0.574,2.29827027795168e-226,28,"SCG5",NA
3.03022760073404e-227,2.15851528919717,0.956,0.593,1.10909360414467e-222,28,"COX4I1",NA
3.08625712746281e-226,1.98864353922012,0.979,0.606,1.12960097122266e-221,28,"MIF",NA
6.00802213837351e-226,2.75272677380002,0.827,0.346,2.19899618286609e-221,28,"ALDOC",NA
1.76885258259041e-225,2.30425590076573,0.931,0.521,6.47417733753916e-221,28,"CHCHD10",NA
5.91051219128338e-223,2.33012717446451,0.895,0.437,2.16330656713163e-218,28,"PGAM1",NA
1.01202487377516e-218,2.14698009280355,0.941,0.538,3.70411224050447e-214,28,"COX5B",NA
1.46501404899952e-218,2.03035310884592,0.956,0.577,5.36209792074314e-214,28,"FAIM2",NA
7.05406027579512e-218,1.97484338779593,0.966,0.607,2.58185660154377e-213,28,"RPL41",NA
2.39915698901543e-215,2.21647734222653,0.916,0.508,8.78115449549538e-211,28,"TPI1",NA
1.60567937729563e-212,1.84035080642811,0.975,0.656,5.87694708883975e-208,28,"PPIA",NA
6.74397810254372e-212,2.17798932112154,0.912,0.488,2.46836342531203e-207,28,"TUBB4B",NA
8.88837268320696e-212,3.43513516167016,0.28,0.032,3.25323328578058e-207,28,"TFAP2B",NA
1.84834305385561e-210,2.13763821874129,0.93,0.588,6.76512041141693e-206,28,"LDHB",NA
5.95599358624244e-210,2.00528815571934,0.952,0.568,2.1799532125006e-205,28,"COX7C",NA
1.16756763011441e-208,2.41835004703308,0.844,0.389,4.27341428298175e-204,28,"TUBA4A",NA
1.31743122326595e-208,1.89663475015894,0.966,0.617,4.8219300202757e-204,28,"STMN2",NA
2.89604780130142e-208,1.89467244027686,0.96,0.582,1.05998245575433e-203,28,"RPS15",NA
1.52428980874107e-206,1.9310788234512,0.954,0.588,5.5790531289732e-202,28,"TUBB3",NA
3.12517144214464e-206,3.17035487219205,0.486,0.101,1.14384399953936e-201,28,"CRABP1",NA
2.05457301748951e-203,1.8887246120029,0.954,0.592,7.51994270131336e-199,28,"SRP14",NA
1.59518987871152e-202,2.05419564779224,0.933,0.528,5.83855447507202e-198,28,"ATP5IF1",NA
2.42684859407877e-202,1.9000643348572,0.956,0.588,8.8825085391877e-198,28,"SOD1",NA
6.40463899975216e-202,2.11514712603143,0.91,0.509,2.34416192029929e-197,28,"SNCB",NA
1.17434241246273e-201,1.94598244929549,0.943,0.557,4.29821066385483e-197,28,"RPL7A",NA
2.08233601892892e-201,2.16852607559774,0.903,0.502,7.62155806288175e-197,28,"NDUFC2",NA
1.6390837086092e-200,1.96194974198437,0.956,0.616,5.99921028188055e-196,28,"CKB",NA
7.27628886784663e-199,1.98658031624282,0.926,0.526,2.66319448852054e-194,28,"RPL32",NA
0,3.42311687064409,0.981,0.152,0,29,"OTX2-AS1","DD_Inhib.Thal"
0,2.96421693420246,0.953,0.133,0,29,"KIT","DD_Inhib.Thal"
0,3.08444136289352,0.978,0.172,0,29,"MEIS2","DD_Inhib.Thal"
0,3.08444136289352,0.978,0.172,0,29,"MEIS2","LB_Thalamus/MDm"
0,3.20991927980614,0.929,0.144,0,29,"RORB",NA
0,3.43241848577146,0.961,0.176,0,29,"SEMA3C",NA
0,2.50562643182185,0.927,0.156,0,29,"GAD1","DD_Inhib.Thal"
0,2.50562643182185,0.927,0.156,0,29,"GAD1","LB_inhibitory_neuron"
0,2.67759316537675,0.909,0.148,0,29,"GAD2","DD_Inhib.Thal"
0,2.67759316537675,0.909,0.148,0,29,"GAD2","LB_inhibitory_neuron"
0,2.87715369894177,0.963,0.246,0,29,"NR2F2-AS1",NA
0,2.68873193393757,0.976,0.274,0,29,"SYNPR","DD_Inhib.Thal"
0,2.8693593527009,0.899,0.199,0,29,"NR2F2",NA
0,2.64808885549095,0.92,0.236,0,29,"PDZRN3",NA
0,2.73984833107723,0.994,0.325,0,29,"ZFPM2",NA
0,2.73456330571056,0.825,0.174,0,29,"GREM2","DD_Inhib.Thal"
0,2.75401897740428,0.759,0.112,0,29,"OTX2","DD_Inhib.Thal"
0,3.50743934436164,0.713,0.09,0,29,"MYO3B","DD_Inhib.Thal"
0,3.36329567990292,0.664,0.065,0,29,"LINC02253","DD_Inhib.Thal"
0,2.4835192009077,0.711,0.13,0,29,"ZFPM2-AS1",NA
0,3.01931529345466,0.653,0.073,0,29,"IGF1",NA
0,3.12142690387153,0.636,0.095,0,29,"AC012409.2",NA
0,2.99527396959224,0.586,0.056,0,29,"CPLX3","DD_Inhib.Thal"
0,3.20444168879893,0.603,0.083,0,29,"AP003049.2","DD_Inhib.Thal"
0,3.00798637477246,0.571,0.061,0,29,"LINC01210","DD_Inhib.Thal"
0,3.41511066585833,0.558,0.048,0,29,"AL161757.4",NA
0,2.72490209090083,0.567,0.066,0,29,"GATA3","DD_Inhib.Thal"
0,3.14704939818463,0.392,0.032,0,29,"DMBX1","DD_Inhib.Thal"
0,3.35877961385065,0.388,0.029,0,29,"AL137100.3",NA
0,3.54756041737937,0.381,0.024,0,29,"HGF",NA
0,5.1198124364517,0.166,0.005,0,29,"UGT2B4",NA
9.71775044386487e-306,2.78965437529583,0.772,0.161,3.55679383995898e-301,29,"AC016717.2","DD_Inhib.Thal"
3.28641966018017e-304,2.70642324922219,0.978,0.37,1.20286245982254e-299,29,"SPHKAP","DD_Inhib.Thal"
3.97587082293377e-301,2.66243421185326,0.392,0.04,1.45520847990199e-296,29,"SOX14",NA
1.99191576036083e-300,3.15809962071826,0.369,0.036,7.29061087449668e-296,29,"LINC02254",NA
4.04331169079276e-300,3.52290544034126,0.64,0.114,1.47989251194706e-295,29,"LINC02055",NA
4.10409204981469e-300,2.63433072692854,0.987,0.368,1.50213873115268e-295,29,"UNC13C","DD_Inhib.Thal"
1.68375691825979e-299,2.95939552051974,0.974,0.395,6.16271869652267e-295,29,"NYAP2",NA
1.71423350448174e-284,2.36012789707532,0.789,0.175,6.27426604975363e-280,29,"DISC1",NA
2.25896551567173e-282,2.13205848218673,0.647,0.111,8.2680396839101e-278,29,"SLC6A11",NA
7.47352233134845e-281,2.60876463855442,0.916,0.294,2.73538390849685e-276,29,"PCBP3",NA
1.01926038648995e-273,2.50909745730575,0.683,0.132,3.73059494059187e-269,29,"SMAD9","DD_Inhib.Thal"
2.71655457658171e-271,2.32157149044014,0.972,0.335,9.94286140574671e-267,29,"NELL1","DD_Inhib.Thal"
5.70331949586445e-267,2.34812829452379,0.978,0.37,2.08747196868135e-262,29,"CHRM2",NA
1.30239741767876e-266,2.63264394027374,1,0.629,4.76690478844603e-262,29,"NRXN3",NA
7.13200849800253e-265,2.45117815904257,0.603,0.106,2.61038643035391e-260,29,"SYNDIG1L","DD_Inhib.Thal"
4.09720833263824e-263,3.53237051289076,0.371,0.042,1.49961922182892e-258,29,"AC022523.1","DD_Inhib.Thal"
5.47661398832883e-262,2.10954609646107,0.506,0.072,2.00449548586823e-257,29,"SHISA8","DD_Inhib.Thal"
1.07036387585013e-261,3.09003214585975,0.259,0.02,3.91763882199907e-257,29,"AC007159.1",NA
2.1333190362114e-261,2.58534803737535,0.584,0.098,7.80816100443734e-257,29,"TSPAN18","DD_Inhib.Thal"
2.51647925393874e-260,2.86086098498944,0.5,0.075,9.21056571734117e-256,29,"DLGAP1-AS4",NA
1.86610233368724e-253,2.58848283975256,0.994,0.463,6.83012115152867e-249,29,"GRIK1",NA
1.07290700451074e-243,2.35792886781523,1,0.777,3.92694692720976e-239,29,"DLGAP1",NA
5.32668718025435e-259,3.01386150565399,0.853,0.156,1.94962077484489e-254,30,"OTX2-AS1","DD_Inhib.Thal"
1.53500149325527e-242,3.01222871355099,0.784,0.137,5.6182589654636e-238,30,"KIT","DD_Inhib.Thal"
2.53297754236811e-200,3.00355954429437,0.76,0.159,9.2709511028215e-196,30,"GAD1","DD_Inhib.Thal"
2.53297754236811e-200,3.00355954429437,0.76,0.159,9.2709511028215e-196,30,"GAD1","LB_inhibitory_neuron"
1.06053982191735e-197,2.96190501583771,0.918,0.277,3.88168180219969e-193,30,"SYNPR","DD_Inhib.Thal"
4.51501680208051e-184,2.80706868169049,0.729,0.151,1.65254129972949e-179,30,"GAD2","DD_Inhib.Thal"
4.51501680208051e-184,2.80706868169049,0.729,0.151,1.65254129972949e-179,30,"GAD2","LB_inhibitory_neuron"
1.15952342213035e-170,4.32263842012972,0.432,0.059,4.24397167733928e-166,30,"NPPC",NA
6.35598245442202e-166,2.43212301536752,0.771,0.176,2.326353138143e-161,30,"MEIS2","DD_Inhib.Thal"
6.35598245442202e-166,2.43212301536752,0.771,0.176,2.326353138143e-161,30,"MEIS2","LB_Thalamus/MDm"
6.78379639799634e-136,2.20424444545635,0.986,0.465,2.48293731963064e-131,30,"GRIK1",NA
1.64233593483941e-134,3.87962903983991,0.39,0.059,6.01111375510573e-130,30,"CPLX3","DD_Inhib.Thal"
8.10097049765134e-134,2.06582494959539,0.908,0.327,2.96503621184537e-129,30,"ZFPM2",NA
2.11120400580549e-132,1.98100233757333,0.993,0.778,7.72721778164868e-128,30,"DLGAP1",NA
1.01087776760939e-129,2.02054075249387,0.997,0.631,3.69991371722714e-125,30,"NRXN3",NA
3.21185959220508e-125,2.68681214274355,0.675,0.18,1.17557272934298e-120,30,"SEMA3C",NA
2.29432473558542e-119,2.84498954474323,0.675,0.202,8.3974579647162e-115,30,"NR2F2",NA
2.52461610359169e-115,1.3482825783471,0.997,0.865,9.24034740075595e-111,30,"SYT1","LB_neuron"
1.03980257090803e-114,1.93908211333129,0.962,0.594,3.80578138978049e-110,30,"PLCB1",NA
2.23407940785044e-114,2.1295587938802,0.853,0.337,8.17695404067339e-110,30,"NELL1","DD_Inhib.Thal"
2.01259906943369e-113,2.50092309277676,0.836,0.372,7.36631385403426e-109,30,"SPHKAP","DD_Inhib.Thal"
7.36599476491966e-113,2.98574866504605,0.695,0.247,2.69602774390824e-108,30,"IFI6",NA
2.96584962480517e-109,2.88248297950407,0.705,0.255,1.08553062117494e-104,30,"SLC6A1",NA
1.72468099156401e-101,2.4615131278025,0.572,0.149,6.31250489722342e-97,30,"RORB",NA
1.41496933868804e-100,1.6577810608744,0.986,0.733,5.1789292765321e-96,30,"GALNTL6",NA
1.4379733659613e-92,2.69312635014752,0.709,0.297,5.26312631675494e-88,30,"PCBP3",NA
3.80944079185216e-91,2.35798905697815,0.688,0.25,1.39429342422581e-86,30,"NR2F2-AS1",NA
4.19341827170731e-90,3.4961823058539,0.37,0.074,1.53483302162759e-85,30,"SHISA8","DD_Inhib.Thal"
5.9364130044796e-87,1.5551485647158,0.938,0.658,2.17278652376958e-82,30,"CADPS",NA
1.51873769498216e-84,-3.886780655341,0.178,0.758,5.5587318374042e-80,30,"TENM2",NA
4.62486287312351e-84,3.11836776923919,0.449,0.116,1.69274606019194e-79,30,"OTX2","DD_Inhib.Thal"
6.23616182450473e-83,1.31569751743692,0.952,0.842,2.28249758938698e-78,30,"GPM6A",NA
1.76382228829695e-82,-2.59844744910904,0.315,0.81,6.45576595739568e-78,30,"FGF12",NA
2.73222171955638e-82,-4.78167810728358,0.038,0.668,1.00002047157483e-77,30,"ENOX1",NA
5.75328437286199e-80,-2.50255963536971,0.312,0.842,2.10575961331122e-75,30,"NKAIN2",NA
1.36746614853642e-76,1.78229136302047,0.784,0.372,5.00506285025815e-72,30,"CHRM2",NA
2.80593585018207e-76,2.41570498216291,0.764,0.467,1.02700058052514e-71,30,"SLC12A5",NA
3.93979825568803e-76,2.0501670146563,0.757,0.371,1.44200555956438e-71,30,"UNC13C","DD_Inhib.Thal"
1.28809486644124e-75,-5.33371170874348,0.041,0.636,4.71455602066158e-71,30,"RMST",NA
1.40655633085873e-74,-4.34636301828208,0.12,0.686,5.14813682657605e-70,30,"MTUS2",NA
7.16811722200115e-73,-3.42590446247738,0.106,0.677,2.62360258442464e-68,30,"TCF7L2",NA
1.10284695741915e-72,-4.04650604674779,0.055,0.647,4.03653014884983e-68,30,"PARD3",NA
1.95437771328629e-72,3.34959061074359,0.404,0.107,7.15321786839916e-68,30,"KCNIP2","DD_Inhib.Thal"
3.99295610798159e-71,1.25398459695987,0.993,0.72,1.46146186508234e-66,30,"KCNIP4",NA
1.34170134442062e-70,3.59486843930006,0.401,0.108,4.9107610907139e-66,30,"SYNDIG1L","DD_Inhib.Thal"
1.55746038970286e-70,-1.7259581726523,0.548,0.884,5.70046077235145e-66,30,"MAP1B",NA
4.13328498708092e-70,-3.68872631496746,0.086,0.658,1.51282363812149e-65,30,"NEBL",NA
6.0509697237302e-70,-1.32066390197854,0.729,0.934,2.21471542858249e-65,30,"ANK2",NA
7.93348222349652e-70,-4.60552047223109,0.027,0.606,2.90373382862196e-65,30,"TMEM163",NA
1.32689776061226e-68,-1.95023721484909,0.318,0.848,4.85657849361693e-64,30,"NCAM2",NA
1.93167476647229e-68,-4.56186585064352,0.051,0.616,7.07012281276524e-64,30,"DGKB",NA
9.27114903546662e-68,2.98826685124432,0.421,0.117,3.39333325847114e-63,30,"LINC02055",NA
1.26682584927337e-67,1.70767334782222,0.836,0.627,4.63670929092547e-63,30,"CACNA1D",NA
0,4.18341677605849,0.952,0.103,0,31,"PPP1R14A","DD_Oligo"
0,3.54253107504653,0.959,0.117,0,31,"MOBP","DD_Oligo"
0,3.54253107504653,0.959,0.117,0,31,"MOBP","LB_oligodendrocyte"
0,4.12022514224781,0.944,0.111,0,31,"ANLN","DD_Oligo"
0,3.20159424040234,0.963,0.131,0,31,"ST18","DD_Oligo"
0,3.38159479086661,0.978,0.164,0,31,"TF",NA
0,4.58220869880983,0.918,0.106,0,31,"SELENOP",NA
0,3.68477705290286,0.903,0.102,0,31,"APOD",NA
0,4.18048696271139,0.874,0.078,0,31,"ERMN","DD_Oligo"
0,3.77753393136256,0.959,0.167,0,31,"TMEM144",NA
0,3.86944053467655,0.985,0.198,0,31,"SPP1",NA
0,3.69899436376328,0.877,0.103,0,31,"CLDN11","DD_Oligo"
0,4.56928246877292,0.818,0.062,0,31,"HAPLN2","DD_Oligo"
0,3.91230205408406,0.881,0.136,0,31,"FAM107B","DD_Oligo"
0,3.58631504728962,0.829,0.085,0,31,"RNASE1",NA
0,3.34161194508314,0.87,0.128,0,31,"UGT8",NA
0,5.09705625282513,0.825,0.084,0,31,"MYLK",NA
0,3.52031897643668,0.81,0.075,0,31,"MAG","DD_Oligo"
0,4.21583290389368,0.729,0.06,0,31,"S100A1",NA
0,3.37202153690077,0.736,0.075,0,31,"SLC5A11","DD_Oligo"
0,3.7788566085239,0.747,0.087,0,31,"HSPA2",NA
0,4.16117234599082,0.751,0.097,0,31,"LRP2","DD_Oligo"
0,3.68034421232528,0.714,0.062,0,31,"NKX6-2","DD_Oligo"
0,4.15210356788107,0.703,0.052,0,31,"CMTM5",NA
0,4.43835808416204,0.68,0.072,0,31,"SCRG1",NA
0,3.52847730857374,0.665,0.064,0,31,"SHROOM4",NA
0,3.22872198793425,0.654,0.068,0,31,"MOG","DD_Oligo"
0,3.72730325774475,0.636,0.05,0,31,"KLK6",NA
0,3.4806953329825,0.621,0.062,0,31,"CARNS1","DD_Oligo"
0,3.91407985520801,0.599,0.049,0,31,"RASSF2",NA
0,4.41001435006183,0.435,0.027,0,31,"TMEM125",NA
0,4.37749066488979,0.431,0.03,0,31,"ENPP6",NA
0,4.86501730820667,0.312,0.013,0,31,"GPIHBP1",NA
0,6.6482741482707,0.268,0.008,0,31,"AC104423.1",NA
2.7763917412262e-304,3.58149100123878,0.677,0.077,1.0161871412062e-299,31,"EVI2A",NA
1.11792751445266e-303,4.02022910835869,0.788,0.114,4.09172649564819e-299,31,"CDKN1C",NA
3.61997612250766e-296,3.61073834022339,0.796,0.115,1.32494746059903e-291,31,"TSC22D4",NA
4.233454378381e-296,4.57616191550705,0.703,0.092,1.54948663703123e-291,31,"SNORC",NA
1.33215453606003e-294,3.31502469836271,0.747,0.097,4.8758188174333e-290,31,"PMP22",NA
2.47373732681573e-288,3.50910438835819,0.803,0.119,9.05412598987824e-284,31,"GPR37","DD_Oligo"
3.85325978812241e-287,4.30594896150287,0.974,0.22,1.41033161505068e-282,31,"S100B",NA
2.66468155401223e-280,3.77705686042614,0.565,0.057,9.75300095584018e-276,31,"PRR5L",NA
6.63695604037404e-280,3.8309008720004,1,0.234,2.4291922803373e-275,31,"PLP1",NA
1.48419634532782e-277,3.2177518917678,0.669,0.081,5.43230704353436e-273,31,"AL033523.1","DD_Oligo"
7.58808214310213e-274,3.22066627045408,0.639,0.074,2.77731394519681e-269,31,"ABCA8",NA
3.93358049603635e-268,3.02049017038363,0.636,0.073,1.43972979735426e-263,31,"BCAS1",NA
9.94922075578539e-267,2.53602471750567,0.792,0.114,3.64151428882501e-262,31,"AC012494.1","DD_Oligo"
2.35320103252788e-263,3.28744647113231,0.725,0.101,8.61295109915528e-259,31,"C10orf90",NA
5.12711432466388e-262,3.01076513144235,0.911,0.17,1.87657511397023e-257,31,"ZEB2",NA
6.41908080618444e-259,4.387208377437,0.357,0.025,2.34944776587157e-254,31,"LINC01445",NA
4.54968919768838e-258,3.22239462853393,0.621,0.074,1.66523174324592e-253,31,"OLIG1","DD_OPC"
0,3.06605087378762,0.966,0.137,0,32,"KIT","DD_Inhib.Thal"
0,3.26299764784665,0.911,0.114,0,32,"OTX2","DD_Inhib.Thal"
0,3.39276058947468,0.835,0.074,0,32,"IGF1",NA
0,2.93510142785095,0.759,0.067,0,32,"GATA3","DD_Inhib.Thal"
0,2.88560993534972,0.667,0.058,0,32,"CPLX3","DD_Inhib.Thal"
0,4.63151976201044,0.502,0.021,0,32,"AC005040.2",NA
0,3.0913974512869,0.43,0.025,0,32,"PRL",NA
5.92474154536058e-301,3.06445541291907,0.481,0.033,2.16851465301743e-296,32,"DMBX1","DD_Inhib.Thal"
6.19604100320527e-299,2.58957970425368,0.671,0.063,2.26781296758316e-294,32,"LINC01210","DD_Inhib.Thal"
2.31040393857288e-298,2.94393739670443,0.532,0.04,8.4563094555706e-294,32,"SOX14",NA
1.76339737982303e-282,2.85022122206208,0.97,0.151,6.45421074989026e-278,32,"GAD2","DD_Inhib.Thal"
1.76339737982303e-282,2.85022122206208,0.97,0.151,6.45421074989026e-278,32,"GAD2","LB_inhibitory_neuron"
4.39604416833303e-279,2.74382976015431,0.574,0.05,1.60899612605157e-274,32,"AL161757.4",NA
4.93495849930979e-275,3.06351967030953,0.662,0.068,1.80624416033237e-270,32,"LINC02253","DD_Inhib.Thal"
9.22655130375075e-271,2.99341741070658,0.928,0.148,3.37701004268581e-266,32,"RORB",NA
1.88396292246217e-270,2.95538055188605,0.958,0.156,6.89549269250379e-266,32,"OTX2-AS1","DD_Inhib.Thal"
2.01181876193907e-253,2.64768574288904,0.954,0.159,7.36345785057317e-249,32,"GAD1","DD_Inhib.Thal"
2.01181876193907e-253,2.64768574288904,0.954,0.159,7.36345785057317e-249,32,"GAD1","LB_inhibitory_neuron"
2.87872039036153e-242,2.4012150357957,0.806,0.113,1.05364045007622e-237,32,"SLC6A11",NA
1.47987336586819e-241,2.76284717258194,0.962,0.175,5.41648450641415e-237,32,"MEIS2","DD_Inhib.Thal"
1.47987336586819e-241,2.76284717258194,0.962,0.175,5.41648450641415e-237,32,"MEIS2","LB_Thalamus/MDm"
9.55658936874148e-233,3.1423887493436,0.405,0.03,3.49780727485307e-228,32,"RORB-AS1",NA
3.57529106036917e-230,2.50447584723317,0.57,0.058,1.30859228100572e-225,32,"NPPC",NA
2.69733374344349e-226,3.02099863154698,0.92,0.177,9.87251123437751e-222,32,"GREM2","DD_Inhib.Thal"
7.81080168708609e-226,2.35339101493977,0.637,0.073,2.85883152549038e-221,32,"SHISA8","DD_Inhib.Thal"
3.7806122750447e-221,2.91904709187715,0.949,0.202,1.38374189878911e-216,32,"NR2F2",NA
5.43525786196045e-217,2.95701193805514,0.586,0.067,1.98935873005614e-212,32,"AL359546.1","DD_Inhib.Thal"
3.31897576506966e-214,2.88318788121287,0.54,0.057,1.21477831977315e-209,32,"SERTM1",NA
2.48323763650756e-209,2.70905166435579,0.878,0.163,9.08889807338131e-205,32,"AC016717.2","DD_Inhib.Thal"
1.99354683180288e-202,2.49491327414897,0.705,0.1,7.29658075908171e-198,32,"TSPAN18","DD_Inhib.Thal"
1.57319785076564e-199,2.4445412938429,0.835,0.143,5.75806145358731e-195,32,"HTR2A","DD_Inhib.Thal"
2.45786922690783e-193,2.82474601896735,0.882,0.18,8.99604715740534e-189,32,"SEMA3C",NA
2.38267726648533e-189,2.38486302316683,0.629,0.084,8.72083706306297e-185,32,"SERPINF1",NA
6.84282065583498e-183,2.65776811188701,0.376,0.032,2.50454078824216e-178,32,"UNCX",NA
2.63880146821972e-181,2.68012503974208,0.983,0.277,9.65827725383098e-177,32,"SYNPR","DD_Inhib.Thal"
2.11851768854077e-177,3.31979008477696,0.333,0.027,7.75398659182806e-173,32,"TMEM215",NA
1.12263378288958e-175,2.50827252111411,0.945,0.239,4.10895190875416e-171,32,"PDZRN3",NA
4.3297913304573e-170,2.44609125664236,0.966,0.249,1.58474692486068e-165,32,"NR2F2-AS1",NA
2.26484365403041e-166,2.62051376829697,0.435,0.046,8.28955425811671e-162,32,"CASR","DD_Inhib.Thal"
6.62938925420932e-166,2.31959004283488,0.435,0.046,2.42642276093315e-161,32,"SLC32A1",NA
3.09672846828749e-164,2.36311939716558,0.945,0.254,1.13343358667791e-159,32,"SLC6A1",NA
8.01746400792843e-164,2.59262210133061,0.316,0.026,2.93447200154188e-159,32,"HGF",NA
4.00135447479054e-163,2.05869345666368,0.738,0.132,1.46453575131808e-158,32,"ZFPM2-AS1",NA
7.52184621531179e-161,2.36282658830101,0.785,0.157,2.75307093326627e-156,32,"PPP1R14C","DD_Inhib.Thal"
7.71828133020228e-161,2.42683922750971,0.873,0.191,2.82496814966734e-156,32,"PRSS12",NA
4.40227068171395e-160,2.56295070355482,0.409,0.043,1.61127509221412e-155,32,"HRH1","DD_Inhib.Thal"
1.76398019024169e-155,2.5010181466367,0.983,0.327,6.45634389430361e-151,32,"ZFPM2",NA
4.55413107338957e-155,2.18012851276309,0.84,0.184,1.66685751417132e-150,32,"HPCA","DD_Inhib.Thal"
2.67355377920765e-154,1.97884861834894,0.654,0.107,9.78547418727792e-150,32,"KCNIP2","DD_Inhib.Thal"
6.41011291031238e-153,2.32401204782893,0.612,0.097,2.34616542630344e-148,32,"AC012409.2",NA
4.52141002894001e-152,2.02287047755709,0.962,0.249,1.65488128469233e-147,32,"RELN",NA
2.23867126132314e-151,2.15505063539351,0.722,0.134,8.19376068356883e-147,32,"SMAD9","DD_Inhib.Thal"
1.81724742092331e-150,2.15120815363797,0.641,0.108,6.6513072853214e-146,32,"SYNDIG1L","DD_Inhib.Thal"
7.88319817780916e-256,3.10559255372168,0.945,0.137,2.88532936505993e-251,33,"KIT","DD_Inhib.Thal"
2.15688330779323e-234,3.21933769058754,0.93,0.152,7.89440859485402e-230,33,"GAD2","DD_Inhib.Thal"
2.15688330779323e-234,3.21933769058754,0.93,0.152,7.89440859485402e-230,33,"GAD2","LB_inhibitory_neuron"
1.75992094793473e-211,2.83653410794719,0.925,0.156,6.4414866615359e-207,33,"OTX2-AS1","DD_Inhib.Thal"
3.26358049613364e-201,2.67968110183544,0.925,0.159,1.19450309738987e-196,33,"GAD1","DD_Inhib.Thal"
3.26358049613364e-201,2.67968110183544,0.925,0.159,1.19450309738987e-196,33,"GAD1","LB_inhibitory_neuron"
2.45173662625589e-171,2.75299513325703,0.831,0.149,8.97360122575917e-167,33,"RORB",NA
2.35445727279654e-159,2.87688094755979,0.582,0.076,8.61754906416263e-155,33,"IGF1",NA
2.57555402754732e-156,3.16309286062436,0.697,0.115,9.42678529622596e-152,33,"OTX2","DD_Inhib.Thal"
2.84077757419695e-154,2.726589270228,0.507,0.059,1.03975299993183e-149,33,"CPLX3","DD_Inhib.Thal"
4.1359880870389e-154,2.90032210513287,0.965,0.278,1.51381299973711e-149,33,"SYNPR","DD_Inhib.Thal"
2.62756159110023e-151,3.31621545195809,0.458,0.051,9.61713817958595e-147,33,"AL161757.4",NA
2.79210299532517e-150,2.23475843519804,0.886,0.176,1.02193761731897e-145,33,"MEIS2","DD_Inhib.Thal"
2.79210299532517e-150,2.23475843519804,0.886,0.176,1.02193761731897e-145,33,"MEIS2","LB_Thalamus/MDm"
1.60358794735024e-142,3.03405878478558,0.801,0.178,5.86929224609662e-138,33,"GREM2","DD_Inhib.Thal"
4.57508952376447e-133,2.43189643383154,0.851,0.202,1.67452851659303e-128,33,"NR2F2",NA
5.37043789539808e-133,2.6657296212909,0.811,0.181,1.96563397409465e-128,33,"SEMA3C",NA
4.27756801784197e-126,2.94351327018421,0.498,0.069,1.56563267021034e-121,33,"LINC02253","DD_Inhib.Thal"
7.09905121174175e-122,2.47251296578517,0.632,0.114,2.5983237340096e-117,33,"SLC6A11",NA
1.15590515805336e-118,2.35257699172883,0.955,0.328,4.23072846899109e-114,33,"ZFPM2",NA
1.65962232324669e-116,2.75386632534857,0.891,0.297,6.07438366531522e-112,33,"PCBP3",NA
1.34041083767615e-114,2.59933230532199,0.796,0.201,4.90603770697847e-110,33,"COL21A1",NA
2.93926106172225e-113,2.50364122288524,0.945,0.373,1.07579894120096e-108,33,"SPHKAP","DD_Inhib.Thal"
1.20305044003188e-112,2.29766652434449,0.662,0.133,4.40328491556068e-108,33,"ZFPM2-AS1",NA
3.50603139642324e-112,2.60512774409867,0.94,0.371,1.28324255140487e-107,33,"UNC13C","DD_Inhib.Thal"
6.24712587454164e-104,2.43009770919025,0.935,0.398,2.28651054134098e-99,33,"NYAP2",NA
1.69271538536345e-103,5.83223348550834,0.055,0.001,6.19550758196878e-99,33,"AL589642.1",NA
1.26048395933526e-102,2.68522029219145,0.438,0.064,4.61349733956297e-98,33,"LINC01210","DD_Inhib.Thal"
4.29683057195207e-101,2.12698368636915,0.856,0.25,1.57268295764018e-96,33,"RELN",NA
7.95466518294092e-99,2.64468674078771,0.731,0.193,2.91148700360821e-94,33,"AC009264.1",NA
3.92119080209146e-97,2.22546134822618,0.9,0.338,1.43519504547349e-92,33,"NELL1","DD_Inhib.Thal"
7.63777766071759e-95,2.09127708607222,0.995,0.779,2.79550300159924e-90,33,"DLGAP1",NA
5.51516987479192e-94,1.42945107202774,1,0.865,2.01860732587259e-89,33,"SYT1","LB_neuron"
9.34579623959061e-93,2.34498751901008,0.806,0.255,3.42065488165256e-88,33,"SLC6A1",NA
1.16889381308607e-92,2.09164953501965,0.99,0.631,4.27826824527631e-88,33,"NRXN3",NA
1.64682258064451e-92,1.98245274090121,0.98,0.466,6.02753532741699e-88,33,"GRIK1",NA
1.08943395617869e-91,1.94752576825708,0.836,0.25,3.98743722300961e-87,33,"NR2F2-AS1",NA
5.63139093231322e-91,1.84727330885949,0.821,0.24,2.06114539513596e-86,33,"PDZRN3",NA
1.77269999702027e-89,1.1373591389823,0.945,0.304,6.48825925909387e-85,33,"ADARB2",NA
3.26008376924214e-89,3.00414308727422,0.448,0.078,1.19322326038031e-84,33,"MAB21L1",NA
7.27064537507097e-87,2.07803794248319,0.91,0.373,2.66112891372973e-82,33,"CHRM2",NA
2.78159265702182e-83,2.39698724616052,0.607,0.145,1.01809072839656e-78,33,"HTR2A","DD_Inhib.Thal"
1.7714776632594e-82,2.34361032010886,0.776,0.27,6.48378539529572e-78,33,"IGSF3",NA
2.73508687271241e-81,2.01648973701391,0.791,0.254,1.00106914628147e-76,33,"EPHA3",NA
1.03467758195488e-80,1.5862549536134,0.97,0.843,3.78702341771307e-76,33,"GPM6A",NA
1.8823070432653e-80,2.98258063502541,0.368,0.058,6.88943200905533e-76,33,"SERTM1",NA
2.64793366821432e-80,2.83496564963324,0.438,0.08,9.69170201903124e-76,33,"TSPAN12","DD_Inhib.Thal"
5.35881177761755e-80,2.13858311357232,0.697,0.192,1.9613786987258e-75,33,"PRSS12",NA
9.64666192544555e-79,2.05096667805165,0.915,0.541,3.53077473133233e-74,33,"B4GALT6",NA
4.30411027212025e-78,1.69736349066867,0.98,0.716,1.57534740069873e-73,33,"ZEB1",NA
1.9811343055159e-77,1.61384199575374,0.965,0.81,7.25114967161874e-73,33,"PLCG2",NA
3.52625172108536e-77,2.1118843388369,0.866,0.372,1.29064339243445e-72,33,"GULP1",NA
1.21936415243018e-76,1.78739633602996,0.97,0.627,4.4629947343097e-72,33,"CACNA1D",NA
0,6.61272003094023,0.773,0.029,0,34,"IFITM3","DD_Endo"
0,7.2973323545005,0.747,0.032,0,34,"COBLL1","DD_Endo"
0,7.81584705919811,0.711,0.015,0,34,"EPAS1","DD_Endo"
0,6.34715048644344,0.742,0.06,0,34,"IGFBP7",NA
0,7.70831699431094,0.732,0.052,0,34,"RGS5","DD_Endo"
0,6.17988189501299,0.716,0.066,0,34,"A2M",NA
0,5.25866013403961,0.686,0.042,0,34,"VIM",NA
0,6.18858724216448,0.675,0.039,0,34,"IFI27",NA
0,7.68913474727997,0.639,0.015,0,34,"CLDN5","LB_Endo/CP"
0,5.51623510068336,0.639,0.046,0,34,"ATP1A2",NA
0,6.38979768659289,0.577,0.019,0,34,"HLA-E",NA
0,8.23887551103522,0.562,0.006,0,34,"GNG11",NA
0,5.89529120039423,0.577,0.022,0,34,"ID3",NA
0,8.00525800687729,0.567,0.013,0,34,"ABCG2",NA
0,6.96733458922014,0.577,0.029,0,34,"DCN","DD_Endo"
0,9.14847806505937,0.557,0.013,0,34,"FLT1","LB_Endo/CP"
0,6.62606155200828,0.552,0.024,0,34,"ID1",NA
0,6.79855225221237,0.546,0.028,0,34,"ADIRF",NA
0,7.58197120450519,0.515,0.007,0,34,"BST2",NA
0,6.85832610026039,0.515,0.023,0,34,"RAMP2",NA
0,7.61819021970854,0.495,0.008,0,34,"IFITM2",NA
0,8.36574924940936,0.479,0.005,0,34,"ADGRF5",NA
0,7.23297351065992,0.495,0.021,0,34,"NDUFA4L2","DD_Endo"
0,8.59912838444592,0.464,0.005,0,34,"HIGD1B",NA
0,6.9787512526127,0.469,0.018,0,34,"KLF2",NA
0,5.15039091803919,0.464,0.016,0,34,"SRGN",NA
0,7.66755454356026,0.448,0.009,0,34,"MUSTN1","DD_Endo"
0,6.88880027114062,0.454,0.019,0,34,"MECOM",NA
0,8.03021055390616,0.438,0.007,0,34,"VWF",NA
0,5.73811223589096,0.443,0.013,0,34,"IFI44L",NA
0,5.96699593197763,0.438,0.015,0,34,"S100A11",NA
0,7.08219680572409,0.428,0.013,0,34,"MYL9",NA
0,8.54463915666485,0.381,0.004,0,34,"CAVIN2",NA
0,6.41533831375371,0.361,0.014,0,34,"EMP2",NA
0,7.18662905602139,0.351,0.008,0,34,"PLAC9",NA
0,6.36843036263313,0.351,0.01,0,34,"XAF1",NA
0,8.09499840536554,0.345,0.006,0,34,"CFH",NA
0,7.91584635424285,0.34,0.004,0,34,"TM4SF1",NA
0,8.21699689722524,0.33,0.003,0,34,"ICAM2",NA
0,8.00180602545676,0.33,0.007,0,34,"NOTCH3","DD_Endo"
0,7.7318812047061,0.33,0.007,0,34,"SOX18",NA
0,7.95109999223069,0.32,0.004,0,34,"COL1A2","DD_Endo"
0,7.04560732631475,0.299,0.006,0,34,"BGN","DD_Endo"
0,8.80687291778235,0.294,0.004,0,34,"FOXQ1",NA
0,7.1551148858625,0.289,0.003,0,34,"TNFSF10",NA
0,6.70347936402598,0.289,0.01,0,34,"MGP",NA
0,6.75208848317379,0.284,0.008,0,34,"ENG",NA
0,6.74352831685783,0.284,0.01,0,34,"PRELP","DD_Endo"
0,8.25171392536164,0.273,0.003,0,34,"TGM2",NA
0,7.66272668179408,0.258,0.004,0,34,"GGT5","DD_Endo"
2.15270615797642e-183,4.75062862235498,0.518,0.055,7.87911980880949e-179,35,"AC104170.1","DD_MHb"
1.76229300840399e-175,4.22705343170019,1,0.323,6.45016864005946e-171,35,"AC008415.1","DD_MHb"
2.37103240264149e-168,3.83685870808213,0.974,0.28,8.67821569690813e-164,35,"GPR149","DD_MHb"
4.2562277505078e-162,4.27459631815884,1,0.377,1.55782191896336e-157,35,"AC109466.1","DD_MHb"
2.6416332159845e-153,4.31350512217762,0.56,0.076,9.66864173382487e-149,35,"AC114321.1","DD_MHb"
1.57453788169486e-151,3.99530605501753,0.88,0.23,5.76296610079136e-147,35,"KCNIP1",NA
1.69991655664841e-151,4.14319976942618,0.796,0.174,6.22186458898884e-147,35,"LHFPL2",NA
2.74866196821627e-134,3.21218557857669,0.885,0.253,1.00603776698684e-129,35,"AC132153.1",NA
2.39161719952444e-133,3.4124019864896,0.921,0.3,8.75355811197941e-129,35,"SHROOM3",NA
3.95625236937421e-121,3.02193784301928,0.984,0.438,1.44802792971466e-116,35,"OPRM1",NA
1.01279289325731e-119,3.14894280217318,1,0.697,3.70692326861108e-115,35,"EPHA6",NA
7.12445435489468e-119,4.09203288121075,0.408,0.05,2.607621538435e-114,35,"MEGF6",NA
9.18764409743672e-118,3.03428352580988,0.969,0.412,3.36276961610282e-113,35,"PDZRN4",NA
9.7829646136325e-114,2.51863956763673,1,0.861,3.58066287823563e-109,35,"GRID2",NA
1.10540474340498e-110,2.6957131343236,0.958,0.432,4.04589190133656e-106,35,"PLD5",NA
1.29649489601673e-110,2.58492437212318,0.984,0.433,4.74530096891083e-106,35,"NWD2",NA
6.40848846973013e-110,3.14609780157464,0.984,0.52,2.34557086480592e-105,35,"ASIC2",NA
5.62957449418864e-107,2.45610942081688,1,0.684,2.06048056061799e-102,35,"DPP10",NA
8.05348419561953e-105,2.98751746689409,0.853,0.285,2.94765575043871e-100,35,"MCC",NA
8.69781434843924e-104,2.34084315595709,0.995,0.682,3.18348702967224e-99,35,"MTUS2",NA
2.66286858260447e-103,2.93880877474895,0.953,0.564,9.74636529919064e-99,35,"LCORL",NA
1.47484679502419e-102,2.65616159959293,0.963,0.507,5.39808675446802e-98,35,"SEMA6D",NA
4.02792141686432e-102,2.34871928145154,0.995,0.629,1.47425951778651e-97,35,"PCSK2",NA
1.68433738637446e-98,3.63312650128169,0.487,0.084,6.16484326786915e-94,35,"LINC00616","DD_MHb"
7.14234688024706e-98,2.38080962203094,0.969,0.559,2.61417038163923e-93,35,"SGCD",NA
1.26391486626688e-97,3.78420395326872,0.508,0.093,4.62605480202339e-93,35,"AC008574.1",NA
1.94554972141126e-95,2.33717642867338,0.99,0.621,7.12090653533735e-91,35,"GPC6",NA
3.53413469839987e-95,3.34649494941738,0.529,0.101,1.29352864096134e-90,35,"LINC02143","DD_MHb"
7.35301077688423e-92,2.36648470820289,0.963,0.642,2.6912754744474e-87,35,"PARD3",NA
2.25500688854296e-90,1.81295634923315,0.995,0.852,8.25355071275609e-86,35,"CADM1",NA
1.4439797208883e-89,1.85599020197514,1,0.845,5.28511017642326e-85,35,"NCAM2",NA
9.1253983224615e-88,2.03837338485994,0.99,0.669,3.33998704000413e-83,35,"MSI2",NA
1.01371462490333e-87,1.97684022688518,1,0.705,3.71029689860869e-83,35,"TRPM3",NA
1.19491154515795e-87,1.97023098268702,0.979,0.779,4.37349574643261e-83,35,"CDK14",NA
9.59197045666855e-85,2.31684355993188,0.932,0.47,3.51075710684525e-80,35,"DACH1",NA
2.48684679523864e-84,1.80712737984201,1,0.754,9.10210795525296e-80,35,"TENM2",NA
2.72541522324737e-83,1.99328933558457,0.99,0.697,9.9752922586077e-79,35,"KCTD8",NA
6.09904326611819e-83,2.3096144647485,0.948,0.584,2.23231082583192e-78,35,"RGS6",NA
2.33528685549588e-82,1.78164108686152,0.995,0.839,8.54738341980049e-78,35,"NKAIN2",NA
3.75218690556066e-82,2.17227035477285,0.958,0.593,1.37333792930426e-77,35,"VAV3",NA
4.19834926693848e-81,2.21037040339876,0.969,0.689,1.53663781519215e-76,35,"CNNM2",NA
1.21519456246761e-79,2.63667757932097,0.874,0.429,4.44773361808772e-75,35,"SLC35F3",NA
2.48148955292932e-78,2.98521434224292,0.66,0.198,9.08249991267661e-74,35,"CHRNB3","DD_MHb"
2.63690541297038e-78,1.96629856239044,0.958,0.735,9.65133750201289e-74,35,"GABBR2",NA
2.69519716612682e-78,1.82749528587714,0.979,0.712,9.86469114774078e-74,35,"CACNA1E",NA
2.75091119323546e-77,2.91419542217507,0.791,0.35,1.00686100583611e-72,35,"PTPDC1",NA
5.70191126543884e-77,1.82447017169428,0.942,0.405,2.08695654226327e-72,35,"CADPS2",NA
6.96589412010975e-77,1.82845319334214,0.796,0.266,2.54958690690137e-72,35,"SOX6","DD_OPC"
6.13389196518327e-73,2.50687432709127,0.853,0.452,2.24506579817673e-68,35,"TTC39C",NA
2.95862564093557e-72,1.70582334765297,0.953,0.838,1.08288657083883e-67,35,"UBE2E2",NA
0,6.42571730849514,0.99,0.033,0,36,"DNAH11",NA
0,6.05659822756732,0.981,0.048,0,36,"ARMC3",NA
0,6.54883434576343,0.962,0.03,0,36,"ADGB",NA
0,6.64978506863398,0.952,0.024,0,36,"AC020718.1",NA
0,6.79994491480147,0.942,0.029,0,36,"AC019330.1",NA
0,6.76367894884776,0.942,0.032,0,36,"DTHD1",NA
0,5.83058729578716,0.913,0.044,0,36,"TTC29",NA
0,5.54270145509181,0.913,0.055,0,36,"SERPINI2",NA
0,6.0726807431193,0.856,0.032,0,36,"LMNTD1",NA
0,5.56581851443562,0.846,0.028,0,36,"CFAP157",NA
0,5.80691450781667,0.837,0.04,0,36,"ARMC4",NA
0,6.48501481867409,0.798,0.039,0,36,"AC004949.1",NA
0,6.00973342239202,0.779,0.025,0,36,"VWA3B",NA
0,6.0207488660182,0.76,0.033,0,36,"C6orf118",NA
0,4.16456974020354,0.76,0.036,0,36,"PTPRC",NA
0,6.60896538053755,0.731,0.013,0,36,"AC013470.2",NA
0,5.60167079011392,0.712,0.026,0,36,"MAP3K19",NA
0,6.0200730095594,0.702,0.024,0,36,"FAM81B",NA
0,5.90808626694633,0.692,0.027,0,36,"COL8A1",NA
0,5.51589442529858,0.683,0.022,0,36,"CFAP73",NA
0,5.98059277417149,0.663,0.019,0,36,"RASSF9",NA
0,4.91075032817718,0.663,0.027,0,36,"ANXA1",NA
0,5.96812960457753,0.644,0.022,0,36,"MYLK3",NA
0,5.41752808808895,0.644,0.022,0,36,"TEKT1",NA
0,6.3543027846692,0.606,0.013,0,36,"CROCC2",NA
0,5.23790930947044,0.587,0.015,0,36,"FOXJ1",NA
0,5.207056628249,0.587,0.022,0,36,"ABCC9","DD_Endo"
0,6.48080175909835,0.548,0.009,0,36,"AC093689.1",NA
0,5.10043330331126,0.548,0.02,0,36,"SLC47A2",NA
0,5.68468194936221,0.529,0.015,0,36,"C7orf57",NA
0,6.42711748858163,0.5,0.012,0,36,"ENPEP",NA
0,5.42179175619635,0.5,0.016,0,36,"EXPH5",NA
0,6.10360409311208,0.462,0.009,0,36,"FAM216B",NA
0,6.66769116328601,0.442,0.009,0,36,"COL4A6",NA
0,5.98887298538133,0.433,0.012,0,36,"LINC00880",NA
0,5.97318795784815,0.423,0.01,0,36,"CFAP45",NA
0,6.09862806376979,0.423,0.011,0,36,"CCDC114",NA
0,5.7668277549206,0.413,0.011,0,36,"DNAI2",NA
0,6.67283426559066,0.375,0.006,0,36,"AC004879.1",NA
0,6.06993081056051,0.356,0.007,0,36,"AL645937.2",NA
0,6.78023042217194,0.308,0.004,0,36,"AC097713.1",NA
0,7.01548178904806,0.279,0.005,0,36,"OR14J1",NA
0,6.71936977795844,0.25,0.004,0,36,"OR2J2",NA
6.93217727177261e-303,6.01971837938295,0.942,0.068,2.53724620324149e-298,36,"DNAH12",NA
2.70163449352715e-301,5.77912344856794,0.49,0.017,9.8882524097587e-297,36,"AC063979.2",NA
3.56518043453771e-296,4.91899980370698,0.942,0.067,1.30489169084515e-291,36,"GRAMD2B",NA
4.81592184494826e-296,5.53791957970928,0.654,0.031,1.76267555446951e-291,36,"SPATA18",NA
2.85069872041908e-291,5.65939900891017,0.683,0.035,1.04338423866059e-286,36,"FHAD1",NA
1.17161690422387e-290,5.52678056433118,0.798,0.048,4.28823503114979e-286,36,"WDR63",NA
2.47659730650127e-286,5.6242813994935,0.981,0.078,9.06459380152529e-282,36,"WDR49","DD_Astrocyte"
6.47160147824344e-173,7.691251096705,0.4,0.017,2.36867085705188e-168,37,"LINC00499",NA
4.06224972528145e-140,5.00975200151797,0.811,0.092,1.48682402195026e-135,37,"HPSE2","DD_Astrocyte"
2.15237203835845e-136,11.7092589766161,0.011,0,7.87789689759577e-132,37,"AL591022.1",NA
6.54222432122643e-121,5.95844918188855,0.344,0.018,2.39451952381209e-116,37,"FGFR3","DD_Astrocyte"
1.45119664686427e-112,5.75759968451479,0.322,0.017,5.31152484718791e-108,37,"ALDH1A1","DD_Astrocyte"
1.28952041069454e-104,4.58268760538706,0.522,0.047,4.71977365518308e-100,37,"ATP1A2",NA
1.68985052634396e-82,4.34325381155766,0.456,0.044,6.18502191147153e-78,37,"AC012405.1","DD_Astrocyte"
3.65568640828179e-82,6.05481214865141,0.156,0.005,1.33801778229522e-77,37,"SLC7A10",NA
8.63769719078037e-67,4.54987438339367,0.322,0.027,3.16148354879752e-62,37,"SLC14A1","DD_Astrocyte"
1.45395004449982e-65,5.85003491749256,0.156,0.007,5.32160255787377e-61,37,"AC117464.1",NA
1.49592530563607e-65,4.11741097419896,0.456,0.055,5.47523621115859e-61,37,"GJA1","DD_Astrocyte"
7.25595183551452e-62,3.8604392506741,0.711,0.15,2.65575093131667e-57,37,"LINC01088","DD_Astrocyte"
4.56240576693015e-58,3.79156403728583,0.611,0.111,1.6698861347541e-53,37,"SLC1A3",NA
5.43714692436907e-52,5.79722421200408,0.167,0.01,1.99005014578832e-47,37,"CD38",NA
7.66368977128597e-50,3.73088911276806,0.856,0.301,2.80498709318838e-45,37,"OBI1-AS1",NA
2.57505730816639e-49,3.93105841964663,0.444,0.068,9.4249672536198e-45,37,"GRAMD2B",NA
1.4772494817451e-48,3.90065656817614,0.433,0.066,5.40688082813523e-44,37,"AQP4","DD_Astrocyte"
1.4772494817451e-48,3.90065656817614,0.433,0.066,5.40688082813523e-44,37,"AQP4","LB_astrocyte"
2.66849425472514e-47,5.74762893006062,0.122,0.006,9.76695582171949e-43,37,"GJB6",NA
2.01510538974015e-46,9.44956413755908,0.011,0,7.37548723698791e-42,37,"AC131211.1",NA
2.03011192999102e-46,8.30999494362002,0.011,0,7.43041267496013e-42,37,"LINC02106",NA
4.30340246416618e-46,4.1392181929181,0.478,0.085,1.57508833590946e-41,37,"TNC","DD_Astrocyte"
5.27581061483337e-46,8.55563744390399,0.022,0,1.93099944313516e-41,37,"GRIFIN",NA
2.09657729088603e-45,5.18675232177116,0.244,0.023,7.67368254237196e-41,37,"ACSS1","DD_Astrocyte"
1.28161485452237e-44,4.60346990801359,0.456,0.08,4.69083852903734e-40,37,"NHSL1",NA
4.73268987265895e-42,4.97319051967468,0.189,0.015,1.7322118202919e-37,37,"SDC4",NA
9.5850993932794e-42,4.8328556738541,0.244,0.025,3.50824222893419e-37,37,"ETNPPL","DD_Astrocyte"
3.02615398254244e-40,3.67849718674033,0.456,0.085,1.10760261915036e-35,37,"BMPR1B","DD_Astrocyte"
6.41833614717105e-40,4.02206502349082,0.467,0.091,2.34917521322608e-35,37,"GFAP","DD_Astrocyte"
6.41833614717105e-40,4.02206502349082,0.467,0.091,2.34917521322608e-35,37,"GFAP","LB_astrocyte"
5.32133971769853e-39,4.63487172915284,0.211,0.02,1.94766355007484e-34,37,"SLC25A18","DD_Astrocyte"
7.37010972289929e-39,2.97336106492572,0.867,0.389,2.69753385967837e-34,37,"GPC5",NA
1.76955640319084e-38,4.64911018819275,0.378,0.063,6.47675339131879e-34,37,"LINC00299","DD_Astrocyte"
2.06853644322573e-38,4.41596198748761,0.433,0.083,7.57105023585049e-34,37,"RFX4","DD_Astrocyte"
6.21524112832255e-38,4.75076143549659,0.244,0.027,2.27484040537734e-33,37,"HIF3A","DD_Astrocyte"
1.46497702217068e-36,2.382065428896,0.956,0.736,5.36196239884689e-32,37,"MIR99AHG",NA
1.79860222914296e-36,4.39530973644199,0.233,0.026,6.58306401888614e-32,37,"LINC01748","DD_Astrocyte"
9.79767683629907e-36,7.42104234880383,0.056,0.002,3.58604769885382e-31,37,"AC109439.2",NA
1.02209527530666e-35,-2.63923457902146,0.256,0.922,3.74097091714991e-31,37,"CNTNAP2",NA
3.34156044446434e-35,4.62126221630917,0.233,0.027,1.22304453827839e-30,37,"LINC02649",NA
3.85064057001693e-35,8.5043004039037,0.011,0,1.4093729550319e-30,37,"AC008738.5",NA
4.61528147951413e-35,4.57718477990385,0.222,0.024,1.68923917431697e-30,37,"ID3",NA
6.32575009835182e-35,4.19048971811242,0.489,0.115,2.31528779349775e-30,37,"C1orf61",NA
2.29162897319195e-34,4.87275494479433,0.189,0.018,8.38759120477984e-30,37,"F3",NA
2.76020162889353e-34,4.9377225764279,0.156,0.012,1.01026139819132e-29,37,"LINC00278",NA
7.18254417284255e-34,3.88539340473789,0.444,0.095,2.6288829927021e-29,37,"DAAM2",NA
8.54527076690839e-34,1.99502064865841,0.967,0.843,3.12765455339614e-29,37,"GPM6A",NA
8.80887691842103e-34,4.56254066694753,0.344,0.058,3.22413704091128e-29,37,"AC114971.1","DD_Astrocyte"
9.77018310579065e-33,4.10957336593042,0.256,0.033,3.57598471855043e-28,37,"GLI3","DD_Astrocyte"
1.15351900790406e-32,3.87869969349721,0.4,0.08,4.22199492082964e-28,37,"WDR49","DD_Astrocyte"
1.32831706341752e-32,4.38814920361294,0.367,0.068,4.86177328381447e-28,37,"EFEMP1","DD_Astrocyte"
4.77475787799845e-32,4.67070436937387,0.211,0.024,1.74760913092621e-27,37,"ITGB4",NA
7.90499914653952e-202,3.29109288458774,0.922,0.063,2.89330873762493e-197,38,"SLC7A2",NA
8.6238477613539e-192,3.46094120652518,0.961,0.073,3.15641451913314e-187,38,"CASQ2",NA
9.17254713498509e-155,3.41729623417795,0.805,0.063,3.35724397687589e-150,38,"ITGA4",NA
1.22967596698337e-145,3.00228067194756,0.896,0.081,4.50073700675585e-141,38,"ABHD12B",NA
1.00013295176731e-142,3.04395957139826,0.779,0.062,3.66058661676354e-138,38,"PHLDB2","DD_Endo"
1.92079326694395e-133,2.94316141209546,0.714,0.055,7.03029543634154e-129,38,"GABRD",NA
1.7115955948524e-128,3.24890100591228,0.545,0.034,6.26461103671925e-124,38,"LINC00200",NA
3.82162628910987e-128,2.73530285778631,0.896,0.092,1.3987534380771e-123,38,"ATP10A",NA
2.74946343521999e-127,2.85903509325757,0.831,0.077,1.00633111192487e-122,38,"VANGL1",NA
9.79707753641632e-123,3.09024902250046,0.857,0.088,3.58582834910374e-118,38,"ADGRG6",NA
1.61573639841973e-120,3.00558908664578,0.662,0.052,5.91375679185604e-116,38,"TRABD2A",NA
1.99724841014827e-119,2.75327857094449,0.779,0.072,7.3101289059837e-115,38,"HS3ST1",NA
4.38938710057593e-119,2.43483467644943,0.844,0.084,1.6065595726818e-114,38,"CYP2J2",NA
4.56845567180819e-119,2.84985342022199,0.909,0.1,1.67210046043852e-114,38,"MIR31HG",NA
1.52266064524082e-118,2.80579568213925,0.61,0.046,5.57309022764594e-114,38,"SPATA22",NA
1.93607401713294e-118,2.84221161323882,0.974,0.118,7.08622451010827e-114,38,"AC016766.1",NA
7.85332910830082e-118,2.94817378621816,0.753,0.069,2.87439698692918e-113,38,"FAM20A",NA
2.32785213266875e-115,2.55872108928666,0.922,0.104,8.52017159078088e-111,38,"COL4A4",NA
7.39721445878658e-115,3.98942346607424,0.377,0.019,2.70745446406047e-110,38,"SYCP1",NA
6.96475659203512e-113,2.77969381397596,0.532,0.037,2.54917056025078e-108,38,"AC006230.1",NA
4.91691261164732e-111,2.87533320500922,0.649,0.054,1.79963918498903e-106,38,"FAM163A",NA
4.16077267981808e-109,2.68269465973901,0.883,0.101,1.52288440854022e-104,38,"MIR222HG",NA
2.90821122863803e-107,2.58736248467931,0.831,0.093,1.06443439179381e-102,38,"BCHE",NA
4.08103806765315e-106,2.95037681411904,0.714,0.069,1.49370074314173e-101,38,"PLEKHD1",NA
1.13301613429099e-104,2.83488183972387,0.701,0.067,4.14695235311845e-100,38,"AC002383.1",NA
2.12385873849472e-104,2.61028503486318,1,0.137,7.77353536876453e-100,38,"CCBE1",NA
1.44781097987957e-103,2.54416225711341,0.909,0.113,5.29913296745721e-99,38,"MRVI1","DD_Astrocyte"
2.07810348856539e-101,2.54134613386148,0.39,0.022,7.60606657849819e-97,38,"OLFML2B",NA
3.20542744439185e-101,2.95353460320662,0.545,0.042,1.17321849892186e-96,38,"ADGRD1",NA
1.57825822235338e-100,2.63869147709658,0.896,0.115,5.7765829196356e-96,38,"CTSC",NA
1.87760567825305e-99,3.10213538459436,0.571,0.047,6.87222454297397e-95,38,"CCDC68",NA
2.46281556133105e-99,2.73169100708413,0.714,0.072,9.01415123602777e-95,38,"LINC01482",NA
2.11730677700843e-98,3.80675601967976,0.377,0.022,7.74955453452856e-94,38,"LINC02351",NA
3.51997482637677e-98,3.50416089675077,0.403,0.025,1.28834598620216e-93,38,"ADRA1D",NA
6.96408643944846e-98,2.66892971797892,0.87,0.111,2.54892527770253e-93,38,"RASSF3",NA
1.77275689715297e-97,2.80748965913477,0.818,0.099,6.4884675192696e-93,38,"COL23A1",NA
1.11877189818114e-95,2.05287345342996,0.844,0.1,4.09481702453278e-91,38,"UACA","DD_Endo"
1.15997065414203e-94,1.93952524121877,0.961,0.133,4.24560859122526e-90,38,"PVALB",NA
1.60473598291864e-94,2.73001848615661,0.558,0.047,5.87349417108052e-90,38,"GJC1","DD_Endo"
1.33213469918719e-93,3.00834172355347,0.935,0.143,4.87574621249503e-89,38,"CD226",NA
8.12679994488074e-93,3.26239561234722,0.403,0.026,2.9744900478258e-88,38,"LINC02645",NA
3.88529474250534e-92,2.55458372976871,1,0.159,1.42205672870438e-87,38,"IL1RAPL2",NA
1.74642336976081e-91,2.63247831202253,0.831,0.106,6.39208417566153e-87,38,"GDNF-AS1",NA
9.97710939304339e-91,2.29280095691619,0.701,0.075,3.65172180894781e-86,38,"CARD11",NA
6.67621061522536e-90,2.65498042237091,0.922,0.136,2.44355984727864e-85,38,"COL4A3",NA
1.45912680837879e-88,2.90310667889699,0.688,0.077,5.3405500313472e-84,38,"SMCO2",NA
1.65381247717674e-85,2.57477741279952,0.909,0.135,6.05311904771458e-81,38,"DPYS",NA
7.56033703077285e-84,1.90574512059581,0.805,0.104,2.76715895663317e-79,38,"AC008691.1",NA
6.5590443114775e-83,1.10052804180998,0.987,0.139,2.40067580844388e-78,38,"KIT","DD_Inhib.Thal"
9.2374168512053e-82,2.40922090966863,0.987,0.169,3.38098694170965e-77,38,"PTPN3",NA
3.74871209484259e-188,11.4139073651493,0.015,0,1.37206611383334e-183,39,"LINC02247",NA
3.74871209484259e-188,10.3302247068768,0.015,0,1.37206611383334e-183,39,"AC005551.1",NA
1.48207077665257e-111,2.51056894930638,0.862,0.08,5.42452724962608e-107,39,"ERMN","DD_Oligo"
1.61823923239846e-111,2.70989488660638,0.969,0.106,5.92291741450159e-107,39,"PPP1R14A","DD_Oligo"
1.97470508030689e-101,2.13552897422233,0.815,0.077,7.22761806443125e-97,39,"MAG","DD_Oligo"
1.50356475176672e-100,1.96908239244317,0.938,0.105,5.50319734794138e-96,39,"APOD",NA
6.81846929259101e-99,2.7917618857549,0.923,0.109,2.49562794578124e-94,39,"SELENOP",NA
1.65218170883273e-97,2.45666060118459,0.923,0.106,6.04715027249866e-93,39,"CLDN11","DD_Oligo"
1.57264518390003e-96,3.02611434580803,0.708,0.065,5.7560386375925e-92,39,"HAPLN2","DD_Oligo"
7.47755213137993e-95,9.54352321824391,0.015,0,2.73685885560637e-90,39,"TRAJ38",NA
2.30453780595945e-92,3.32307000861559,0.477,0.031,8.43483882359219e-88,39,"ENPP6",NA
2.13749478238625e-91,2.49786691173787,0.923,0.114,7.82344465301191e-87,39,"ANLN","DD_Oligo"
3.95395952693812e-89,2.25397960006973,0.692,0.064,1.44718872645462e-84,39,"NKX6-2","DD_Oligo"
5.41296943153056e-89,2.0443373496977,0.954,0.12,1.9812009416345e-84,39,"MOBP","DD_Oligo"
5.41296943153056e-89,2.0443373496977,0.954,0.12,1.9812009416345e-84,39,"MOBP","LB_oligodendrocyte"
2.64960559928201e-88,3.27647138435702,0.769,0.087,9.69782145393208e-84,39,"MYLK",NA
7.02326827822885e-87,1.82402027227585,1,0.134,2.57058642251454e-82,39,"ST18","DD_Oligo"
4.09347712739088e-86,1.99756422022728,0.754,0.077,1.49825356339634e-81,39,"SLC5A11","DD_Oligo"
1.26752075066056e-82,2.64559104022226,0.646,0.062,4.63925269949272e-78,39,"S100A1",NA
3.04886824934703e-82,1.98041388771366,0.785,0.088,1.11591626794351e-77,39,"RNASE1",NA
3.5754986705074e-82,1.96804668505587,0.954,0.131,1.30866826839241e-77,39,"UGT8",NA
5.63843836319448e-82,3.13949808353219,0.385,0.023,2.06372482531281e-77,39,"CHST3",NA
1.07625371232299e-81,2.73822876720209,0.585,0.051,3.93919621247336e-77,39,"RASSF2",NA
6.94030058277894e-81,2.88701599327006,0.692,0.074,2.54021941630292e-76,39,"SCRG1",NA
1.17905386739728e-76,3.50599252400373,0.292,0.014,4.3154550600608e-72,39,"GPIHBP1",NA
1.62242470505906e-72,2.03923201569814,0.985,0.167,5.93823666298665e-68,39,"TF",NA
3.86466729765531e-72,2.90512636556115,0.477,0.039,1.41450687761482e-67,39,"PDK4",NA
1.34588916378393e-70,2.27945183399116,0.631,0.066,4.92608892836557e-66,39,"SHROOM4",NA
7.8595780931742e-70,1.93143006475851,0.677,0.076,2.87668417788269e-65,39,"ABCA8",NA
1.43498002569293e-69,2.32774007304526,0.554,0.052,5.2521703920387e-65,39,"KLK6",NA
4.71558169267847e-69,2.29512619015367,0.969,0.17,1.72595005533725e-64,39,"TMEM144",NA
1.65601973658416e-67,2.31482584414568,0.477,0.041,6.06119783787167e-63,39,"SEMA3B",NA
4.15641399471693e-67,2.73342439863166,0.738,0.1,1.52128908620634e-62,39,"LRP2","DD_Oligo"
7.09945061954403e-65,2.38986136147876,0.985,0.201,2.59846992125931e-60,39,"SPP1",NA
8.66287928222067e-64,2.60981745695985,1,0.222,3.17070044608559e-59,39,"S100B",NA
1.00579544789536e-63,9.4722647970316,0.015,0,3.68131191884181e-59,39,"AC107884.2",NA
1.01617676344317e-63,8.13969336935037,0.015,0,3.71930857187836e-59,39,"POTEH-AS1",NA
1.41117341853459e-63,2.04600543646754,0.631,0.072,5.16503582917844e-59,39,"SLCO1A2",NA
4.76454412348666e-63,2.36995651017859,0.846,0.138,1.74387079463735e-58,39,"FAM107B","DD_Oligo"
7.85363311403477e-63,2.31191368763813,0.785,0.117,2.87450825606787e-58,39,"TSC22D4",NA
4.19066074238955e-62,1.69135703945966,0.969,0.173,1.533823738322e-57,39,"ZEB2",NA
5.11639682605566e-62,2.13412801064634,0.646,0.079,1.87265240230463e-57,39,"EVI2A",NA
8.62398851761863e-62,2.17141570040434,0.446,0.039,3.1564660373336e-57,39,"GJB1",NA
1.23481087290076e-61,1.34316813542911,0.8,0.117,4.51953127590407e-57,39,"AC012494.1","DD_Oligo"
1.37222922844359e-61,2.03307187714743,0.8,0.122,5.0224961990264e-57,39,"GPR37","DD_Oligo"
1.42462245336182e-61,4.56757393017346,0.138,0.004,5.2142606415496e-57,39,"MIR4527HG",NA
1.38141059841551e-60,3.05138730561335,0.354,0.026,5.0561009312606e-56,39,"LINC01445",NA
1.73763812955944e-60,1.8018449537669,0.631,0.076,6.3599293180005e-56,39,"OLIG1","DD_OPC"
1.89906974218625e-60,1.91671060909179,0.538,0.056,6.95078516337591e-56,39,"FA2H",NA
1.69851386830829e-59,2.45747997775973,0.754,0.117,6.21673060939519e-55,39,"CDKN1C",NA
8.57018393811384e-59,1.72255071734406,0.785,0.118,3.13677302318905e-54,39,"COL4A5",NA
4.03010308231691e-254,10.6803603663514,0.021,0,1.47505802915881e-249,40,"AP003071.3",NA
7.04951972280087e-128,10.5063730284201,0.021,0,2.58019471374234e-123,40,"AC091987.1",NA
8.34278815711372e-124,3.95033300149305,0.958,0.073,3.05354389338519e-119,40,"CASQ2",NA
1.158794255482e-117,3.71217863449996,0.875,0.063,4.24130285448966e-113,40,"SLC7A2",NA
7.82817432599453e-103,3.76763681786641,0.75,0.053,2.86519008505726e-98,40,"TRABD2A",NA
2.38141409454209e-99,3.52080422018428,0.812,0.063,8.71621372743349e-95,40,"ITGA4",NA
1.54204431376326e-96,3.51549580521752,0.75,0.056,5.64403639280492e-92,40,"GABRD",NA
1.76647092889853e-95,3.26363673505004,0.708,0.049,6.46546024686152e-91,40,"FGF5",NA
2.84366510986511e-94,3.24575238380735,0.792,0.063,1.04080986686173e-89,40,"PHLDB2","DD_Endo"
6.10028073896248e-94,3.34269214783307,0.833,0.07,2.23276375326766e-89,40,"FAM20A",NA
2.4326404383004e-90,3.05788748958646,0.938,0.092,8.9037072682233e-86,40,"ATP10A",NA
3.29941954207331e-90,3.22083948699354,0.917,0.088,1.20762054659425e-85,40,"ADGRG6",NA
2.33313948272212e-88,3.30403750467666,0.958,0.101,8.53952382071124e-84,40,"MIR31HG",NA
9.39501721613238e-86,9.83526655882334,0.021,0,3.43867025127661e-81,40,"STPG3",NA
9.52652688011731e-86,9.21969297973586,0.021,0,3.48680410339174e-81,40,"SLC22A12",NA
2.33309569952457e-85,9.061270737833,0.042,0,8.53936356982988e-81,40,"AC118755.1",NA
8.37285217368037e-84,2.95356993090112,0.646,0.046,3.06454762408875e-79,40,"SPATA22",NA
1.68599894703134e-82,3.04771462692265,0.792,0.069,6.17092474602939e-78,40,"PLEKHD1",NA
2.45634674638439e-79,3.14388571688246,0.625,0.046,8.99047472644151e-75,40,"MYO5B",NA
1.15745186476154e-78,2.69030331961424,0.854,0.084,4.23638957021372e-74,40,"CYP2J2",NA
2.00130170408868e-78,3.16972597716173,0.979,0.118,7.32496436713497e-74,40,"AC016766.1",NA
3.61716255732599e-78,2.71783463072449,0.979,0.114,1.32391766760688e-73,40,"MRVI1","DD_Astrocyte"
1.59029942606513e-77,3.3168812280285,0.771,0.073,5.82065492934099e-73,40,"LINC01482",NA
1.78493840341904e-76,3.22274290442172,0.812,0.081,6.53305305035403e-72,40,"ABHD12B",NA
8.30313782107787e-76,0.467503578410478,0.708,0.058,3.03903147389271e-71,40,"LINC01608","DD_Oligo"
4.36553874589436e-73,2.57345330076698,0.875,0.096,1.5978308363848e-68,40,"NOTCH2",NA
1.69430613402689e-72,3.16983963016589,0.604,0.047,6.20132988115183e-68,40,"GJC1","DD_Endo"
1.7772592065582e-72,0.717271846824287,0.75,0.066,6.50494642192367e-68,40,"LINC00639",NA
8.0086947613563e-72,2.96106316812514,0.896,0.104,2.93126236960402e-67,40,"COL4A4",NA
8.94610728762931e-72,4.17327574198946,0.375,0.019,3.27436472834521e-67,40,"SYCP1",NA
2.53142734292137e-71,3.37779000808725,0.646,0.054,9.2652772178265e-67,40,"FAM163A",NA
6.67750491218464e-71,2.91462717775346,0.917,0.111,2.4440335729087e-66,40,"RASSF3",NA
8.37265790707935e-71,3.10317510506672,1,0.138,3.06447652057011e-66,40,"CCBE1",NA
1.18657707949188e-69,2.98997813060933,0.938,0.12,4.34299076864824e-65,40,"TSPAN14",NA
1.84975335356885e-69,3.20953703905132,0.562,0.043,6.77028224939735e-65,40,"ADGRD1",NA
2.03697523518452e-69,2.91662307839051,0.833,0.093,7.45553305829886e-65,40,"BCHE",NA
2.89588483716357e-68,3.31903781693014,0.979,0.144,1.05992280925024e-63,40,"CD226",NA
2.4465551134038e-65,2.85551902524646,0.875,0.107,8.95463637056927e-61,40,"GDNF-AS1",NA
1.14327518816005e-64,7.13573886182743,0.021,0,4.18450151618459e-60,40,"AC093627.7",NA
3.0595578091884e-63,3.04785983372747,0.875,0.113,1.11982875374105e-58,40,"LINC02653",NA
3.25552870492544e-63,3.50148214606672,0.479,0.034,1.19155606128976e-58,40,"LINC00200",NA
4.70773258016567e-63,3.11669344490515,0.812,0.099,1.72307720166644e-58,40,"COL23A1",NA
5.11162209343177e-63,3.44777212279145,0.583,0.05,1.87090480241696e-58,40,"TARID",NA
1.09412086230544e-62,2.07133637937681,0.729,0.074,4.00459176812413e-58,40,"CYBRD1",NA
1.43653128759204e-62,2.65594169566155,0.521,0.04,5.25784816571564e-58,40,"ADARB2-AS1",NA
1.50483830513172e-62,3.02298501604965,1,0.16,5.50785868061259e-58,40,"IL1RAPL2",NA
1.91203985843228e-61,2.07948777032767,0.438,0.029,6.998257085848e-57,40,"LINC01099",NA
6.05817059103973e-61,3.00185333129524,0.583,0.051,2.21735101802645e-56,40,"AL162718.1",NA
1.38307624505573e-60,3.12888007417964,0.688,0.073,5.06219736452849e-56,40,"HS3ST1",NA
8.36282651604911e-60,2.32791417884285,0.833,0.104,3.06087813313913e-55,40,"AC008691.1",NA
